Brand,Model_Name,Model_URL,Model_Image,Network_Technology,5G_Support,Announced,Status,Dimensions,Weight_g,Back_Material,IP_Rating,SIM_Type,Display_Type,Refresh_Rate_Hz,Display_Size_inch,Resolution,PPI_Density,Screen_to_Body_Pct,Display_Protection,OS,Chipset,Process_Node_nm,CPU,GPU,RAM_GB,RAM_Max_GB,Storage_GB,Storage_Max_GB,Storage_Type,Main_Camera_MP,Lens_Count,Main_Aperture,OIS,Sensor_Size,Camera_4K_Video,Camera_Features,Camera_Video,Selfie_Camera_MP,Selfie_4K_Video,Selfie_Camera_Features,Selfie_Camera_Video,WiFi,NFC,Bluetooth_Version,USB_Type,Headphone_Jack,GPS,Sensors,Battery_mAh,Wired_Charging_W,Wireless_Charging_W,Reverse_Wireless_Charging,Battery_ActiveUse,Price_USD,Price_EUR,Price_GBP,Price_INR,AnTuTu_Score,GeekBench_Score,ThreeDMark_Score,Display_nits_tested,Loudspeaker_LUFS,Colors,Model_Numbers,SAR_US,SAR_EU,FM_Radio
Xiaomi,Xiaomi Poco Pad C1,https://www.gsmarena.com/xiaomi_poco_pad_c1-14682.php,https://fdn2.gsmarena.com/vv/bigpic/xiaomi-poco-pad-c1.jpg,No cellular connectivity,No,"2026, May 21","Coming soon. Exp. release 2026, June",226.5 x 148 x 7.4 mm (8.92 x 5.83 x 0.29 in),406.0,Glass,,No,"IPS LCD, 120Hz, 500 nits (typ), 600 nits (HBM)",120,9.7,1280x2048,268,87.9,,"Android 16, HyperOS 3",Qualcomm Snapdragon 6s 4G Gen 2 (6 nm),6,Octa-core (4x2.9 GHz Cortex-A73 & 4x1.9 GHz Cortex-A53),Adreno 610,4,6,64,128,UFS 2.2,8.0,1,2.0,No,1/4.0,No,LED flash,1080p@30fps,5.0,No,,1080p@30fps,"Wi-Fi 802.11 a/b/g/n/ac, dual-band",No,5.0,Type-C,Yes,No,"Accelerometer, proximity (accessories only)",7600,18,,No,,,,,,,,,,,"Gray, Blue",,,,No
Xiaomi,Xiaomi Poco C81 Pro,https://www.gsmarena.com/xiaomi_poco_c81_pro-14635.php,https://fdn2.gsmarena.com/vv/bigpic/xiaomi-poco-c81-pro.jpg,GSM / HSPA / LTE,No,"2026, April 27","Available. Released 2026, April 27",171.6 x 79.5 x 8.2 mm (6.76 x 3.13 x 0.32 in),208.0,Glass,,Nano-SIM + Nano-SIM,"IPS LCD, 120Hz, 650 nits (typ), 800 nits (peak)",120,6.9,720x1600,254,84.3,,"Android 15, up to 4 major Android upgrades, HyperOS 3",Unisoc T7250 (12 nm),12,Octa-core (2x1.8 GHz Cortex-A75 & 6x1.6 GHz Cortex-A55),Mali-G57 MP1,4,4,64,256,UFS 2.2,13.0,1,2.2,No,1/3.06,No,"LED flash, HDR",1080p@30fps,8.0,No,HDR,1080p@30fps,"Wi-Fi 802.11 a/b/g/n/ac, dual-band",Yes,5.2,Type-C,Yes,"GPS, GALILEO, GLONASS, BDS","Fingerprint (side-mounted), accelerometer, compass",6000,15,,No,,,120.0,,,,,,,,"Black, Gold, Green",25128PC17G,,,FM radio
Xiaomi,Xiaomi Poco C81,https://www.gsmarena.com/xiaomi_poco_c81-14626.php,https://fdn2.gsmarena.com/vv/bigpic/xiaomi-poco-c81-.jpg,GSM / HSPA / LTE,No,"2026, April 23","Available. Released 2026, April 23",171.6 x 79.5 x 8.2 mm (6.76 x 3.13 x 0.32 in),208.0,Glass,,Nano-SIM + Nano-SIM,"IPS LCD, 120Hz, 800 nits (peak)",120,6.9,720x1600,254,84.3,,"Android 16, up to 4 major Android upgrades, HyperOS 3",Unisoc T7250 (12 nm),12,Octa-core (2x1.8 GHz Cortex-A75 & 6x1.6 GHz Cortex-A55),Mali-G57 MP1,4,4,64,64,,13.0,1,,No,,No,LED flash,1080p@30fps,8.0,No,HDR,1080p@30fps,"Wi-Fi 802.11 a/b/g/n/ac, dual-band",No,5.2,Type-C,Yes,"GPS, GALILEO, GLONASS, BDS","Fingerprint (side-mounted), accelerometer, compass",6300,15,,No,,,100.0,,,,,,,,"Sky Blue, Elite Black, Sunset Gold",25128RN17G,,,FM radio
Xiaomi,Xiaomi Poco C81x,https://www.gsmarena.com/xiaomi_poco_c81x-14627.php,https://fdn2.gsmarena.com/vv/bigpic/xiaomi-poco-c81x.jpg,GSM / HSPA / LTE,No,"2026, April 23","Available. Released 2026, April 23",171.8 x 77.8 x 8.3 mm (6.76 x 3.06 x 0.33 in),193.0,,,Nano-SIM + Nano-SIM,"IPS LCD, 120Hz, 650 nits (HBM)",120,6.88,720x1640,260,84.1,,"Android 15, up to 2 major Android upgrades",Unisoc T7250 (12 nm),12,Octa-core (2x1.8 GHz Cortex-A75 & 6x1.6 GHz Cortex-A55),Mali-G57 MP1,3,3,64,64,,13.0,1,2.2,No,,No,"LED flash, HDR",1080p@30fps,8.0,No,HDR,1080p@30fps,"Wi-Fi 802.11 a/b/g/n/ac, dual-band",No,5.2,Type-C,Yes,"GPS, GALILEO, GLONASS, QZSS","Fingerprint (side-mounted), accelerometer, compass",5200,15,,No,,,90.0,,,,,,,,"Ice Blue, Crystal Black",,,,FM radio
Xiaomi,Xiaomi Redmi K90 Max,https://www.gsmarena.com/xiaomi_redmi_k90_max_5g-14618.php,https://fdn2.gsmarena.com/vv/bigpic/xiaomi-redmi-k90-max-.jpg,GSM / HSPA / LTE / 5G,Yes,"2026, April 21","Available. Released 2026, April 21",162.9 x 77.9 x 8.2 mm (6.41 x 3.07 x 0.32 in),227.0,Glass,IP68,Nano-SIM + Nano-SIM,"AMOLED, 68B colors, 165Hz, Dolby Vision, HDR10+, HDR Vivid, 3500 nits (peak)",165,6.83,1280x2772,447,90.3,Dragon Crystal Glass,"Android 16, HyperOS 3",MediaTek Dimensity 9500 (3 nm),3,Octa-core (1x4.21 GHz C1-Ultra & 3x3.5 GHz C1-Premium & 4x2.7 GHz C1-Pro),Mali-G1 Ultra MC12,12,16,256,512,UFS 4.1,50.0,2,1.7,Yes,1/1.55,Yes,"LED flash, HDR, panorama","8K@30fps, 4K@30/60fps, 1080p@30/60/120/240/960fps, gyro-EIS",20.0,No,HDR,1080p@30/60fps,"Wi-Fi 802.11 a/b/g/n/ac/6/7, dual-band, Wi-Fi Direct",Yes,5.4,Type-C,No,"GPS (L1+L5), BDS (B1I+B1c+B2a+B2b), GALILEO (E1+E5a+E5b), QZSS (L1+L5), GLONASS, NavIC","Fingerprint (under display, ultrasonic), accelerometer, proximity, gyro, compass",8550,100,,No,,,440.0,,,,,,,,"Silver, Blue, Black",,,,No
Xiaomi,Xiaomi Redmi K Pad 2,https://www.gsmarena.com/xiaomi_redmi_k_pad_2-14625.php,https://fdn2.gsmarena.com/vv/bigpic/xiaomi-redmi-k-pad2.jpg,No cellular connectivity,No,"2026, April 22","Available. Released 2026, April 22",205 x 133.8 x 6.6 mm (8.07 x 5.27 x 0.26 in),345.0,,,No,"IPS LCD, 68B colors, 165Hz, HDR10, HDR Vivid, Dolby Vision, 1100 nits (HBM)",165,8.8,1880x3008,403,81.9,Gorilla Glass 5,"Android 16, HyperOS 3",Mediatek Dimensity 9500 (3 nm),3,Octa-core (1x4.21 GHz C1-Ultra & 3x3.5 GHz C1-Premium & 4x2.7 GHz C1-Pro),Arm G1-Ultra,8,16,256,512,UFS 4.1,13.0,1,2.2,No,1/3.06,Yes,"LED flash, HDR","4K@30fps, 1080p@30/60fps",8.0,No,HDR,1080p@30fps,"Wi-Fi 802.11 a/b/g/n/ac/6/7, dual-band, Wi-Fi Direct",No,5.4,Type-C,No,No,"Accelerometer, gyro, proximity, compass",9100,67,,No,,,430.0,,,,,,,,"Black, Silver, Violet",,,,No
Xiaomi,Xiaomi Redmi Pad 2 9.7,https://www.gsmarena.com/xiaomi_redmi_pad_2_9_7-14636.php,https://fdn2.gsmarena.com/vv/bigpic/xiaomi-redmi-pad-2-97.jpg,No cellular connectivity,No,"2026, April 28","Available. Released 2026, April 28",226.5 x 148 x 7.4 mm (8.92 x 5.83 x 0.29 in),406.0,Glass,,No,"IPS LCD, 120Hz, 500 nits (typ), 600 nits (HBM)",120,9.7,1280x2048,268,87.9,,"Android 16, HyperOS 3",Qualcomm Snapdragon 6s 4G Gen 2 (6 nm),6,Octa-core (4x2.9 GHz Cortex-A73 & 4x1.9 GHz Cortex-A53),Adreno 610,4,4,64,128,UFS 2.2,8.0,1,2.0,No,1/4.0,No,LED flash,1080p@30fps,5.0,No,,1080p@30fps,"Wi-Fi 802.11 a/b/g/n/ac, dual-band",No,5.0,Type-C,Yes,No,"Accelerometer, proximity (accessories only)",7600,18,,No,,,160.0,,,,,,,,"Graphite Gray, Silver",,,,No
Xiaomi,Xiaomi Redmi A7 Pro,https://www.gsmarena.com/xiaomi_redmi_a7_pro_5g-14616.php,https://fdn2.gsmarena.com/vv/bigpic/xiaomi-redmi-a7-pro-5g_.jpg,GSM / HSPA / LTE / 5G,Yes,"2026, April 13","Available. Released 2026, April 15",171.5 x 79.5 x 8.2 mm (6.75 x 3.13 x 0.32 in),210.0,,,Nano-SIM + Nano-SIM,"IPS LCD, 120Hz, 800 nits (peak)",120,6.9,720x1600,254,84.3,,"Android 16, up to 4 major Android upgrades, HyperOS 3",Unisoc T8300 (6 nm),6,Octa-core (2x2.2 GHz Cortex-A78 & 6x2.0 GHz Cortex-A55),Mali-G57 MC2,4,6,64,128,UFS 2.2,32.0,1,2.0,No,,No,LED flash,1080p@30fps,8.0,No,HDR,1080p@30fps,"Wi-Fi 802.11 a/b/g/n/ac, dual-band",No,5.4,Type-C,Yes,"GPS, GALILEO, GLONASS, BDS","Fingerprint (side-mounted), accelerometer, compass",6300,15,,No,,,150.0,,,,,,,,"Black, Mist Blue, Sunset Orange",,,,FM radio
Xiaomi,Xiaomi Redmi A7,https://www.gsmarena.com/xiaomi_redmi_a7-14623.php,https://fdn2.gsmarena.com/vv/bigpic/xiaomi-redmi-a7-4g.jpg,GSM / HSPA / LTE,No,"2026, April 21","Available. Released 2026, April 24",171.8 x 79.8 x 8.3 mm (6.76 x 3.14 x 0.33 in),193.0,,,Nano-SIM + Nano-SIM,"IPS LCD, 120Hz, 600 nits (peak)",120,6.88,720x1640,260,82.0,,"Android 15, up to 2 major Android upgrades",Unisoc T7250 (12 nm),12,Octa-core (2x1.8 GHz Cortex-A75 & 6x1.6 GHz Cortex-A55),Mali-G57 MP1,3,3,64,64,,13.0,1,2.2,No,,No,"LED flash, HDR",1080p@30fps,8.0,No,HDR,1080p@30fps,"Wi-Fi 802.11 a/b/g/n/ac, dual-band",No,5.2,Type-C,Yes,"GPS, GALILEO, GLONASS","Fingerprint (side-mounted), accelerometer, compass",5200,15,,No,,,,,10499,,,,,,"Black, Sky Blue",,,,FM radio
Xiaomi,Xiaomi Poco M8s,https://www.gsmarena.com/xiaomi_poco_m8s_5g-14615.php,https://fdn2.gsmarena.com/vv/bigpic/xiaomi-poco-m8s.jpg,GSM / HSPA / LTE / 5G,Yes,"2026, April 21","Available. Released 2026, April 21",169.4 x 80.4 x 8.4 mm (6.67 x 3.17 x 0.33 in),217.0,Glass,IP64,Nano-SIM + Nano-SIM,"AMOLED, 144Hz, 700 nits (typ), 850 nits (peak)",144,6.9,1080x2392,374,85.8,,"Android 15, HyperOS 2",Qualcomm SM6375 Snapdragon 6s Gen 3 (6 nm),6,Octa-core (2x2.3 GHz Cortex-A78 & 6x2.0 GHz Cortex-A55),Adreno,6,8,128,256,UFS 2.2,50.0,2,1.8,No,,No,"LED flash, HDR",1080p@30fps,8.0,No,HDR,1080p@30fps,"Wi-Fi, dual-band, Wi-Fi Direct",Yes,5.1,Type-C,No,"GPS, GALILEO, GLONASS, BDS","Fingerprint (side-mounted), accelerometer, gyro, compass",7000,33,,No,,,160.0,,,,,,,,"Black, White",,,,No
Xiaomi,Xiaomi Redmi R70m,https://www.gsmarena.com/xiaomi_redmi_r70m_5g-14600.php,https://fdn2.gsmarena.com/vv/bigpic/xiaomi-redmi-r70.jpg,GSM / HSPA / LTE / 5G,Yes,"2026, April 15","Available. Released 2026, April 15",171.6 x 79.5 x 8.2 mm (6.76 x 3.13 x 0.32 in),210.0,,,Nano-SIM + Nano-SIM,"IPS LCD, 120Hz, 800 nits (peak)",120,6.9,720x1600,254,84.3,,"Android 16, HyperOS 3",Unisoc T8300 (6 nm),6,Octa-core (2x2.2 GHz Cortex-A78 & 6x2.0 GHz Cortex-A55),Mali-G57 MC2,6,12,128,256,UFS 2.2,13.0,1,,No,,No,"LED flash, HDR",1080p@30fps,8.0,No,HDR,1080p@30fps,"Wi-Fi 802.11 a/b/g/n/ac, dual-band",No,5.4,Type-C,Yes,"GPS, GLONASS, GALILEO, BDS","Accelerometer, compass",6300,15,,No,,,220.0,,,,,,,,"Black, Blue, Purple, White",,,,No
Xiaomi,Xiaomi Redmi R70,https://www.gsmarena.com/xiaomi_redmi_r70_5g-14598.php,https://fdn2.gsmarena.com/vv/bigpic/xiaomi-redmi-r70.jpg,GSM / HSPA / LTE / 5G,Yes,"2026, April 15","Available. Released 2026, April 15",171.6 x 79.5 x 8.2 mm (6.76 x 3.13 x 0.32 in),210.0,,,Nano-SIM + Nano-SIM,"IPS LCD, 120Hz, 800 nits (peak)",120,6.9,720x1600,254,84.3,,"Android 16, HyperOS 3",Unisoc T8300 (6 nm),6,Octa-core (2x2.2 GHz Cortex-A78 & 6x2.0 GHz Cortex-A55),Mali-G57 MC2,4,8,128,256,UFS 2.2,13.0,1,,No,,No,"LED flash, HDR",1080p@30fps,8.0,No,HDR,1080p@30fps,"Wi-Fi 802.11 a/b/g/n/ac, dual-band",No,5.4,Type-C,Yes,"GPS, GLONASS, GALILEO, BDS","Accelerometer, compass",6000,15,,No,,,200.0,,,,,,,,"Black, Blue, Purple, White",,,,No
Xiaomi,Xiaomi Redmi Note 15 Special,https://www.gsmarena.com/xiaomi_redmi_note_15_special_edition_5g-14571.php,https://fdn2.gsmarena.com/vv/bigpic/xiaomi-redmi-note-15-special-edition-.jpg,GSM / HSPA / LTE / 5G,Yes,"2026, April 02","Available. Released 2026, April 07",164.0 x 75.4 x 7.4 mm or 7.8 mm,178.0,Glass,IP66,Nano-SIM + Nano-SIM,"AMOLED, 68B colors, 120Hz, 3840Hz PWM, 800 nits (typ), 3200 nits (peak)",120,6.77,1080x2392,388,89.7,,"Android 15, up to 4 major Android upgrades, HyperOS 3",Qualcomm SM6475-AB Snapdragon 6 Gen 3 (4 nm),4,Octa-core (4x2.4 GHz Cortex-A78 & 4x1.8 GHz Cortex-A55),Adreno 710,6,8,128,256,UFS 2.2,50.0,2,1.8,No,1/2.88,Yes,"LED flash, HDR, panorama","4K@30fps, 1080p@30fps, gyro-EIS",20.0,No,,1080p@30fps,"Wi-Fi 802.11 a/b/g/n/ac, dual-band, Wi-Fi Direct",No,5.1,Type-C,No,"GPS, GALILEO, GLONASS, QZSS, BDS (B1I+B1c)","Fingerprint (under display, optical), accelerometer, gyro, compass",5800,45,,No,,,190.0,,,,,,,,"Crimson Reserve Red, Carbon Black, Frosted White",,,,No
Xiaomi,Xiaomi Redmi A7 Pro 4G,https://www.gsmarena.com/xiaomi_redmi_a7_pro-14463.php,https://fdn2.gsmarena.com/vv/bigpic/xiaomi-redmi-a7-pro.jpg,GSM / HSPA / LTE,No,"2026, February 27","Available. Released 2026, March 13",171.6 x 79.5 x 8.2 mm (6.76 x 3.13 x 0.32 in),208.0,,,Nano-SIM + Nano-SIM,"IPS LCD, 120Hz, 800 nits (HBM)",120,6.9,720x1600,254,84.3,,"Android 16, HyperOS 3",Unisoc T7250 (12 nm),12,Octa-core (2x1.8 GHz Cortex-A75 & 6x1.6 GHz Cortex-A55),Mali-G57 MP1,4,4,64,128,UFS 2.2,13.0,1,2.2,No,1/3.06,No,"LED flash, HDR",1080p@30fps,8.0,No,HDR,1080p@30fps,"Wi-Fi 802.11 a/b/g/n/ac, dual-band",No,5.2,Type-C,Yes,"GPS, GALILEO, GLONASS, BDS, QZSS","Fingerprint (side-mounted), accelerometer, compass",6000,15,,No,,109.5,132.89,93.99,11499,,,,,,"Black, Mist Blue, Palm Green, Sunset Orange","25128RN17Y, 25128RN17A, 25128RN17L",,,FM radio
Xiaomi,Xiaomi Redmi 15a,https://www.gsmarena.com/xiaomi_redmi_15a_5g-14565.php,https://fdn2.gsmarena.com/vv/bigpic/xiaomi-redmi-15a.jpg,GSM / HSPA / LTE / 5G,Yes,"2026, March 27","Available. Released 2026, April 03",171.6 x 79.5 x 8.2 mm (6.76 x 3.13 x 0.32 in),210.0,,,Nano-SIM + Nano-SIM,"IPS LCD, 120Hz, 800 nits (peak)",120,6.9,720x1600,254,84.3,,"Android 16, HyperOS 3, up to 4 major Android upgrades",Unisoc T8300 (6 nm),6,Octa-core (2x2.2 GHz Cortex-A78 & 6x2.0 GHz Cortex-A55),Mali-G57 MC2,4,6,64,128,UFS 2.2,32.0,2,2.0,No,,No,"LED flash, HDR",1080p@30fps,8.0,No,HDR,1080p@30fps,"Wi-Fi 802.11 a/b/g/n/ac, dual-band",No,5.4,Type-C,Yes,"GPS, GLONASS, GALILEO, BDS","Fingerprint (side-mounted), accelerometer, compass",6300,15,,No,,,120.0,,,,,,,,"Black, Blue, Purple",,,,"FM radio, recording"
Xiaomi,Xiaomi Poco X8 Pro Max,https://www.gsmarena.com/xiaomi_poco_x8_pro_max_5g-14507.php,https://fdn2.gsmarena.com/vv/bigpic/xiaomi-poco-x8-pro-max.jpg,GSM / HSPA / LTE / 5G,Yes,"2026, March 17","Available. Released 2026, March 17",162.9 x 77.9 x 8.2 mm (6.41 x 3.07 x 0.32 in),218.0,Glass,IP68,Nano-SIM + Nano-SIM + eSIM (max 2 at a time),"AMOLED, 68B colors, 120Hz, 3840Hz PWM, Dolby Vision, HDR10+, 2000 nits (HBM), 3500 nits (peak)",120,6.83,1280x2772,447,90.3,Gorilla Glass 7i,"Android 16, HyperOS 3",Mediatek Dimensity 9500s (3 nm),3,Octa-core (1x3.73 GHz Cortex-X925 & 3x3.3 GHz Cortex-X4 & 4x2.4 GHz Cortex-A720),Immortalis-G925 MC12,12,12,256,512,UFS 4.1,50.0,2,1.5,Yes,1/1.95,Yes,"LED flash, HDR, panorama","4K@30/60fps, 1080p@30/60/120/240/960fps, gyro-EIS, HDR10+",20.0,No,,1080p@30/60fps,"Wi-Fi 802.11 a/b/g/n/ac/6/7, dual-band, Wi-Fi Direct",Yes,6.0,Type-C,No,"GPS (L1+L5), BDS (B1I+B1c+B2a+B2b), GALILEO (E1+E5a+E5b), QZSS (L1+L5), NavIC (L1+L5), GLONASS","Fingerprint (under display, ultrasonic), accelerometer, gyro, compass, proximity",8500,100,,No,Active use score 25:22h,492.5,529.9,399.0,49990,2445108,8539,6229,1114,-20.9,"Black, White, Blue",2602BPC18G,,,No
Xiaomi,Xiaomi Poco X8 Pro,https://www.gsmarena.com/xiaomi_poco_x8_pro_5g-14506.php,https://fdn2.gsmarena.com/vv/bigpic/xiaomi-poco-x8-pro.jpg,GSM / HSPA / LTE / 5G,Yes,"2026, March 17","Available. Released 2026, March 17",157.5 x 75.2 x 8.4 mm (6.20 x 2.96 x 0.33 in),201.5,Glass,IP68,Nano-SIM + Nano-SIM,"AMOLED, 68B colors, 120Hz, 3840Hz PWM, Dolby Vision, HDR10+, 2000 nits (HBM), 3500 nits (peak)",120,6.59,1268x2756,460,89.8,Gorilla Glass 7i,"Android 16, HyperOS 3",Mediatek Dimensity 8500 Ultra (4 nm),4,Octa-core (1x3.4 GHz Cortex-A725 & 3x3.2 GHz Cortex-A725 & 4x2.2 GHz Cortex-A725),Mali-G720 MC8,8,12,256,512,UFS 4.1,50.0,2,1.5,Yes,1/1.95,Yes,"LED flash, HDR, panorama","4K@30/60fps, 1080p@30/60/120/240/960fps, gyro-EIS, HDR10+",20.0,No,,1080p@30/60fps,"Wi-Fi 802.11 a/b/g/n/ac/6, dual-band, Wi-Fi Direct",Yes,6.0,Type-C,No,"GPS (L1+L5), BDS (B1I+B1c+B2a), GALILEO (E1+E5a), QZSS (L1+L5), NavIC (L5), GLONASS","Fingerprint (under display, optical), accelerometer, gyro, compass, proximity",6500,100,,No,Active use score 16:52h,367.5,297.15,279.0,,1663640,6298,4103,1090,-24.8,"Black, White, Mint Green",2511FPC34G,,,No
Xiaomi,Xiaomi Poco C85x,https://www.gsmarena.com/xiaomi_poco_c85x_5g-14535.php,https://fdn2.gsmarena.com/vv/bigpic/xiaomi-poco-c85x-.jpg,GSM / HSPA / LTE / 5G,Yes,"2026, March 10","Available. Released 2026, March 14",171.6 x 79.5 x 8.2 mm (6.76 x 3.13 x 0.32 in),210.0,,,Nano-SIM + Nano-SIM,"IPS LCD, 120Hz, 810 nits (HBM)",120,6.9,720x1600,254,84.3,,"Android 16, HyperOS 3",Unisoc T8300 (6 nm),6,Octa-core (2x2.2 GHz Cortex-A78 & 6x2.0 GHz Cortex-A55),Mali-G57 MC2,4,4,64,128,UFS 2.2,32.0,2,,No,,No,"LED flash, HDR",1080p@30fps,8.0,No,HDR,1080p@30fps,"Wi-Fi 802.11 a/b/g/n/ac, dual-band",No,5.4,Type-C,Yes,"GPS, GLONASS, GALILEO, BDS","Fingerprint (side-mounted), accelerometer, proximity, compass",6300,15,,No,,,100.0,,,,,,,,"Black, Green, Gold",,,,"FM radio, recording"
Xiaomi,Xiaomi 17 Ultra,https://www.gsmarena.com/xiaomi_17_ultra_5g-14380.php,https://fdn2.gsmarena.com/vv/bigpic/xiaomi-17-ultra-global.jpg,GSM / HSPA / LTE / 5G,Yes,"2026, February 28","Available. Released 2026, March 10",162.9 x 77.6 x 8.3 mm (6.41 x 3.06 x 0.33 in),218.4,Glass,IP68,Nano-SIM + Nano-SIM + eSIM + eSIM + eSIM (max 2 at a time),"LTPO AMOLED, 68B colors, 120Hz, 2160Hz PWM, Dolby Vision, HDR10+, 3500 nits (peak)",120,6.9,1200x2608,416,92.3,Xiaomi Shield Glass 3.0,"Android 16, HyperOS 3",Qualcomm SM8850-AC Snapdragon 8 Elite Gen 5 (3 nm),3,Octa-core (2x4.6 GHz Oryon V3 Phoenix L + 6x3.62 GHz Oryon V3 Phoenix M),Adreno 840,16,16,512,512,UFS 4.1,50.0,3,1.7,Yes,1/1.4,Yes,"Laser AF, color spectrum sensor, Leica lenses, Dual-LED flash, HDR, panorama","8K@30fps, 4K@30/60/120fps, 1080p@30/60/120/240/480/960/1920fps, gyro-EIS, Dolby Vision HDR 10-bit rec. (4K@60fps, 1080p)",50.0,Yes,"HDR, panorama","4K@30/60fps, 1080p@30/60/120fps, gyro-EIS","Wi-Fi 802.11 a/b/g/n/ac/6e/7, dual-band or tri-band, Wi-Fi Direct",Yes,6.0,Type-C,No,"GPS (L1+L5), BDS (B1I+B1c+B2a), GALILEO (E1+E5a), QZSS (L1+L5), NavIC (L5), GLONASS","Fingerprint (under display, ultrasonic), accelerometer, proximity, gyro, compass, barometer",6000,90,50,Yes,Active use score 19:09h,,1249.0,1245.64,139997,2777490,10896,6948,1132,-24.1,"Black, White, Starlit Green","25128PNA1G, 2512BPNDAG",,,No
Xiaomi,Xiaomi 17,https://www.gsmarena.com/xiaomi_17_5g-14134.php,https://fdn2.gsmarena.com/vv/bigpic/xiaomi-17.jpg,GSM / HSPA / LTE / 5G,Yes,"2025, September 25","Available. Released 2025, September 27",151.1 x 71.8 x 8.1 mm (5.95 x 2.83 x 0.32 in),191.0,Glass,IP68,· Nano-SIM + Nano-SIM · Nano-SIM + Nano-SIM + eSIM + eSIM (max 2 at a time),"LTPO AMOLED, 68B colors, 2160Hz PWM, 120Hz, Dolby Vision, HDR Vivid, HDR10+, 3500 nits (peak)",160,6.3,1220x2656,460,91.1,"Xiaomi Shield Glass (Global), Dragon Cry","Android 16, HyperOS 3",Qualcomm SM8850-AC Snapdragon 8 Elite Gen 5 (3 nm),3,Octa-core (2x4.6 GHz Oryon V3 Phoenix L + 6x3.62 GHz Oryon V3 Phoenix M),Adreno 840,12,16,256,512,UFS 4.1,50.0,3,1.7,Yes,1/1.31,Yes,"Laser AF, color spectrum sensor, Leica lens, Dual-LED dual-tone flash, HDR, panorama","8K@30fps (HDR), 4K@30/60fps (HDR10+, 10-bit Dolby Vision HDR, 10-bit LOG), 1080p@30/60/120/240/960fps, 720p@1920fps, gyro-EIS",50.0,Yes,"HDR, panorama","4K@30/60fps, 1080p@30/60fps, HDR10+, gyro-EIS","Wi-Fi 802.11 a/b/g/n/ac/6e/7, dual-band, Wi-Fi Direct",Yes,5.4,Type-C,No,"GPS (L1+L5), BDS (B1I+B1c+B2a), GALILEO (E1+E5a), QZSS (L1+L5), NavIC (L5), GLONASS","Fingerprint (under display, ultrasonic), accelerometer, proximity, gyro, compass, barometer",6330,100,50,Yes,Active use score 21:46h,929.99,1012.5,899.0,89998,2670664,10459,,1087,-26.6,"Black, Venture Green, Alpine Pink, Ice Blue, White",25113PN0EG,,,No
Xiaomi,Xiaomi Pad 8 Pro,https://www.gsmarena.com/xiaomi_pad_8_pro-14183.php,https://fdn2.gsmarena.com/vv/bigpic/xiaomi-pad-8-pro.jpg,No cellular connectivity,No,"2025, September 25","Available. Released 2025, September 25",251.2 x 173.4 x 5.8 mm (9.89 x 6.83 x 0.23 in),485.0,Glass,,No,"IPS LCD, 68B colors, 144Hz, HDR10, Dolby Vision, HDR Vivid, 800 nits (peak)",144,11.2,2136x3200,345,85.3,,"Android 16, HyperOS 3",Qualcomm SM8750-AB Snapdragon 8 Elite (3 nm),3,Octa-core (2x4.32 GHz Oryon V2 Phoenix L + 6x3.53 GHz Oryon V2 Phoenix M),Adreno 830,8,16,128,512,UFS 3.1 - 128GB only UFS 4.1,50.0,1,1.8,No,1/2.76,Yes,"Color spectrum sensor, LED flash, HDR","4K@30/60fps, 1080p@30/60fps",32.0,No,HDR,1080p@30fps,"Wi-Fi 802.11 a/b/g/n/ac/6/7, dual-band, Wi-Fi Direct",No,5.4,Type-C,No,No,"Fingerprint (side-mounted), accelerometer, gyro, proximity, compass",9200,67,,No,Active use score 13:39h,,340.0,,,,,,,-22.7,"Pine Green, Blue, Gray",25097RP43G,,,No
Xiaomi,Xiaomi Watch 5,https://www.gsmarena.com/xiaomi_watch_5-14383.php,https://fdn2.gsmarena.com/vv/bigpic/xiaomi-watch5.jpg,GSM / HSPA / LTE,No,"2025, December 26","Available. Released 2025, December 26",47 x 47 x 12.3 mm (1.85 x 1.85 x 0.48 in),56.0,,,eSIM (market/region dependent) - cellular model only,"AMOLED, 1500 nits (HBM)",,1.54,480x480,312,,"Sapphire Glass, Mohs level 9","Android Wear OS 6 (Global), HyperOS 3 (China)",Qualcomm Snapdragon W5 Gen 1 (4 nm),4,Dual-core,,2,2,32,32,,,,,No,,No,,,,No,,,"Yes, 2.4 GHz",Yes,5.4,No,No,"GPS (L1+L5), BDS, GALILEO, QZSS, GLONASS","Accelerometer, gyro, compass, barometer, heart rate, SpO2, EMG",930,,,No,,428.22,118.3,,,,,,,,"Gray, Silver",,,,No
Xiaomi,Xiaomi Redmi Turbo 5 Max,https://www.gsmarena.com/xiaomi_redmi_turbo_5_max_5g-14453.php,https://fdn2.gsmarena.com/vv/bigpic/xiaomi-redmi-turbo-5-max.jpg,GSM / CDMA / HSPA / CDMA2000 / LTE / 5G,Yes,"2026, January 29","Available. Released 2026, January 29",163 x 77.9 x 8.2 mm (6.42 x 3.07 x 0.32 in),219.0,Glass,IP68,Nano-SIM + Nano-SIM,"AMOLED, 68B colors, 120Hz, 3840Hz PWM, Dolby Vision, HDR10+, HDR Vivid, 3500 nits (peak)",120,6.83,1280x2772,447,90.2,,"Android 16, HyperOS 3",Mediatek Dimensity 9500s (3 nm),3,Octa-core (1x3.73 GHz Cortex-X925 & 3xX.X GHz Cortex-X4 & 4xX.X GHz Cortex-A720),Immortalis-G925 MC12,12,16,256,512,UFS 4.1,50.0,2,1.5,Yes,1/1.95,Yes,"LED flash, HDR, panorama","4K@30/60fps, 1080p@30/60/120/240/960fps, gyro-EIS, HDR10+",20.0,No,,1080p@30/60fps,"Wi-Fi 802.11 a/b/g/n/ac/6/7, dual-band, Wi-Fi Direct",Yes,5.4,Type-C,No,"GPS (L1+L5), BDS (B1I+B1c+B2a+B2b), GALILEO (E1+E5a+E5b), QZSS (L1+L5), NavIC (L1+L5), GLONASS","Fingerprint (under display, ultrasonic), accelerometer, gyro, compass, proximity",9000,100,,No,,,260.0,,,,,,,,"Black, White, Blue, Orange",,,,No
Xiaomi,Xiaomi Redmi Turbo 5,https://www.gsmarena.com/xiaomi_redmi_turbo_5_5g-14454.php,https://fdn2.gsmarena.com/vv/bigpic/xiaomi-redmi-turbo-5.jpg,GSM / CDMA / HSPA / CDMA2000 / LTE / 5G,Yes,"2026, January 29","Available. Released 2026, January 29",157.5 x 75.2 x 8.2 mm (6.20 x 2.96 x 0.32 in),204.0,Glass,IP68,Nano-SIM + Nano-SIM,"AMOLED, 68B colors, 120Hz, 3840Hz PWM, Dolby Vision, HDR10+, HDR Vivid, 3500 nits (peak)",120,6.59,1268x2756,460,89.8,,"Android 16, HyperOS 3",Mediatek Dimensity 8500 Ultra (4 nm),4,Octa-core (1x3.4 GHz Cortex-A725 & 3x3.2 GHz Cortex-A725 & 4x2.2 GHz Cortex-A725),Mali-G720 MC8,12,16,256,512,UFS 4.1,50.0,2,1.5,Yes,1/1.95,Yes,"LED flash, HDR, panorama","4K@30/60fps, 1080p@30/60/120/240/960fps, gyro-EIS, HDR10+",20.0,No,,1080p@30/60fps,"Wi-Fi 802.11 a/b/g/n/ac/6, dual-band, Wi-Fi Direct",Yes,5.4,Type-C,No,"GPS (L1+L5), BDS (B1I+B1c+B2a), GALILEO (E1+E5a), QZSS (L1+L5), NavIC (L5), GLONASS","Fingerprint (under display, optical), accelerometer, gyro, compass, proximity",7560,100,,No,,,240.0,,,,,,,,"Black, White, Mint",2511FRT34C,,,No
Xiaomi,Xiaomi Black Shark Gaming Tablet,https://www.gsmarena.com/xiaomi_black_shark_gaming_tablet-14509.php,https://fdn2.gsmarena.com/vv/bigpic/black-shark-gaming-tablet.jpg,No cellular connectivity,No,"2026, February 02","Available. Released 2026, February",7.7 mm thickness,332.0,Glass,,No,"IPS LCD, 144Hz, 600 nits (peak)",144,8.8,2560x1600,343,,,Android 16,Qualcomm SM8635 Snapdragon 8s Gen 3 (4 nm),4,Octa-core (1x3.0 GHz Cortex-X4 & 4x2.8 GHz Cortex-A720 & 3x2.0 GHz Cortex-A520),Adreno 735,12,12,256,256,UFS 4.0,13.0,1,,No,,Yes,LED flash,"4K@30fps, 1080p@30/60fps",5.0,No,,1080p@30fps,"Wi-Fi 802.11 a/b/g/n/ac/6, dual-band, Wi-Fi Direct",No,5.4,Type-C,No,No,Unspecified,7300,,,No,,,,,,,,,,,"Black, Silver",,,,No
Xiaomi,Xiaomi Poco M8 Pro,https://www.gsmarena.com/xiaomi_poco_m8_pro_5g-14390.php,https://fdn2.gsmarena.com/vv/bigpic/xiaomi-poco-m8-pro.jpg,GSM / HSPA / LTE / 5G,Yes,"2026, January 08","Available. Released 2026, January 08",163.3 x 78.3 x 8.3 mm (6.43 x 3.08 x 0.33 in),206.0,Glass,IP68,Nano-SIM + Nano-SIM,"AMOLED, 68B colors, 120Hz, 3840Hz PWM, HDR10+, Dolby Vision, 1800 nits (HBM), 3200 nits (peak)",120,6.83,1280x2772,447,89.6,Gorilla Glass Victus,"Android 15, up to 4 major Android upgrades, HyperOS 2",Qualcomm SM7635-AC Snapdragon 7s Gen 4 (4 nm),4,Octa-core (1x2.7 GHz Cortex-A720 & 3x2.4 GHz Cortex-A720 & 4x1.8 GHz Cortex-A520),Adreno 810,8,12,256,512,UFS 2.2,50.0,2,1.6,Yes,1/1.55,No,"LED flash, HDR, panorama",Yes,32.0,No,"HDR, panorama",1080p@30/60fps,"Wi-Fi 802.11 a/b/g/n/ac/6 or 6e, dual-band, Wi-Fi Direct",Yes,5.4,Type-C,No,"GPS, GALILEO, GLONASS, QZSS, BDS","Fingerprint (under display, optical), accelerometer, gyro, compass, proximity",6500,100,,No,Active use score 16:11h,319.0,289.9,263.0,,817222,3245,1110,1435,-19.5,"Black, Green, Silver",2510EPC8BG,,,No
Xiaomi,Xiaomi Poco M8,https://www.gsmarena.com/xiaomi_poco_m8_5g-14391.php,https://fdn2.gsmarena.com/vv/bigpic/xiaomi-poco-m8.jpg,GSM / HSPA / LTE / 5G,Yes,"2026, January 08","Available. Released 2026, January 08",164 x 75.4 x 7.4 mm (6.46 x 2.97 x 0.29 in),178.0,Glass,IP66,Nano-SIM + Nano-SIM,"AMOLED, 68B colors, 120Hz, 3840Hz PWM, HDR, 800 nits (typ), 3200 nits (peak)",120,6.77,1080x2392,388,89.7,Mohs level 6,"Android 15, up to 4 major Android upgrades, HyperOS 2",Qualcomm SM6475-AB Snapdragon 6 Gen 3 (4 nm),4,Octa-core (4x2.4 GHz Cortex-A78 & 4x1.8 GHz Cortex-A55),Adreno 710,6,8,128,512,UFS 2.2,50.0,2,1.8,No,1/2.88,Yes,"LED flash, HDR, panorama","4K@30fps, 1080p@30/60fps",20.0,No,"HDR, panorama",1080p@30/60fps,"Wi-Fi 802.11 a/b/g/n/ac, dual-band, Wi-Fi Direct",Yes,5.1,Type-C,No,"GPS, GALILEO, GLONASS, QZSS, BDS","Fingerprint (under display, optical), accelerometer, gyro, compass",5520,45,,No,Active use score 13:54h,225.0,215.9,197.0,,631693,2898,866,1473,-23.4,"Black, Green, Silver",25118PC98G,,,No
Xiaomi,Xiaomi 17 Ultra (China),https://www.gsmarena.com/xiaomi_17_ultra_5g_(china)-14516.php,https://fdn2.gsmarena.com/vv/bigpic/xiaomi-17-ultra.jpg,GSM / HSPA / LTE / 5G,Yes,"2025, December 25","Available. Released 2025, December 27",162.9 x 77.6 x 8.3 mm or 8.5 mm,224.0,Glass,IP68,Nano-SIM + Nano-SIM,"LTPO AMOLED, 68B colors, 120Hz, 2160Hz PWM, Dolby Vision, HDR Vivid, HDR10+, 3500 nits (peak)",120,6.9,1200x2608,416,92.3,,"Android 16, HyperOS 3",Qualcomm SM8850-AC Snapdragon 8 Elite Gen 5 (3 nm),3,Octa-core (2x4.6 GHz Oryon V3 Phoenix L + 6x3.62 GHz Oryon V3 Phoenix M),Adreno 840,12,16,512,512,UFS 4.1,50.0,3,1.7,Yes,1/1.4,Yes,"Laser AF, color spectrum sensor, Leica lenses, Dual-LED flash, HDR, panorama, 67mm filter ring holder (optional)","8K@30fps, 4K@30/60/120fps, 1080p@30/60/120/240/480/960/1920fps, gyro-EIS, Dolby Vision HDR 10-bit rec. (4K@60fps, 1080p)",50.0,Yes,"HDR, panorama","4K@30/60fps, 1080p@30/60fps, gyro-EIS","Wi-Fi 802.11 a/b/g/n/ac/6e/7, dual-band or tri-band, Wi-Fi Direct",Yes,5.4,Type-C,No,"GPS (L1+L5), BDS (B1I+B1c+B2a), GALILEO (E1+E5a), QZSS (L1+L5), NavIC (L5), GLONASS","Fingerprint (under display, ultrasonic), accelerometer, proximity, gyro, compass, barometer",6800,90,50,Yes,Active use score 21:29h,,850.0,,,2777490,10896,6948,1132,-26.6,"Black, White, Starlit Green, Purple",25128PNA1C,,,No
Xiaomi,Xiaomi Redmi Note 15 Pro+,https://www.gsmarena.com/xiaomi_redmi_note_15_pro+_5g_(global)-14326.php,https://fdn2.gsmarena.com/vv/bigpic/xiaomi-redmi-note-15-pro-plus-global.jpg,GSM / HSPA / LTE / 5G,Yes,"2025, December 18","Available. Released 2025, December 25",163.3 x 78.3 x 8.2 mm or 8.5 mm,207.0,Glass,IP68,· Nano-SIM + eSIM · Nano-SIM + Nano-SIM,"AMOLED, 68B colors, 120Hz, 3840Hz PWM, HDR10+, Dolby Vision, 3200 nits (peak)",120,6.83,1280x2772,447,89.6,Gorilla Glass Victus,"Android 15, up to 4 major Android upgrades, HyperOS 2",Qualcomm SM7635-AC Snapdragon 7s Gen 4 (4 nm),4,Octa-core (1x2.7 GHz Cortex-A720 & 3x2.4 GHz Cortex-A720 & 4x1.8 GHz Cortex-A520),Adreno 810,8,12,256,512,UFS 2.2,200.0,2,1.7,Yes,1/1.4,Yes,"LED flash, HDR, panorama","4K@30fps, 1080p@30/60/120fps, gyro-EIS, OIS",32.0,No,"HDR, panorama",1080p@30/60fps,"Wi-Fi 802.11 a/b/g/n/ac/6/6e, dual-band, Wi-Fi Direct (/6e is market/region dependent)",Yes,5.4,Type-C,No,"GPS (L1+L5), GALILEO, GLONASS, QZSS, BDS","Fingerprint (under display, optical), accelerometer, gyro, compass, proximity",6500,100,,No,Active use score 16:04h,359.5,449.9,336.0,39999,817755,3060,1111,1509,-20.1,"Glacier Blue, Mocha Brown, Black",2510ERA8BG,,,No
Xiaomi,Xiaomi Redmi Note 15 Pro,https://www.gsmarena.com/xiaomi_redmi_note_15_pro_5g_(global)-14327.php,https://fdn2.gsmarena.com/vv/bigpic/xiaomi-redmi-note-15-pro-global.jpg,GSM / HSPA / LTE / 5G,Yes,"2025, December 18","Available. Released 2026, January 06",163.6 x 78.1 x 8 mm (6.44 x 3.07 x 0.31 in),210.0,Glass,IP68,· Nano-SIM + eSIM · Nano-SIM + Nano-SIM,"AMOLED, 68B colors, 120Hz, 3840Hz PWM, HDR10+, Dolby Vision, 1800 nits (HBM), 3200 nits (peak)",120,6.83,1280x2772,447,89.7,Gorilla Glass Victus,"Android 15, up to 4 major Android upgrades, HyperOS 2",Mediatek Dimensity 7400 Ultra (4 nm),4,Octa-core (4x2.6 GHz Cortex-A78 & 4x2.0 GHz Cortex-A55),Mali-G615 MC2,8,12,128,512,UFS 2.2,200.0,2,1.7,Yes,1/1.4,Yes,"LED flash, HDR, panorama","4K@30fps, 1080p@30/60/120fps, gyro-EIS, OIS",20.0,No,"HDR, panorama",1080p@30/60fps,"Wi-Fi 802.11 a/b/g/n/ac/6, dual-band, Wi-Fi Direct",Yes,5.4,Type-C,No,"GPS, GALILEO, GLONASS, QZSS, BDS","Fingerprint (under display, optical), accelerometer, gyro, compass, proximity",6580,45,,No,Active use score 15:27h,322.47,349.0,266.0,,652862,2913,1005,1901,-21.1,"Black, Glacier Blue, Mist Purple, Titanium","25060RABDG, 25080RABDG",,0.95 W/kg (head) 1.00 W/kg (body),No
Xiaomi,Xiaomi Redmi Note 15,https://www.gsmarena.com/xiaomi_redmi_note_15_5g_(global)-14328.php,https://fdn2.gsmarena.com/vv/bigpic/xiaomi-redmi-note-15-global.jpg,GSM / HSPA / LTE / 5G,Yes,"2025, December 18","Available. Released 2026, January 06",164 x 75.4 x 7.4 mm (6.46 x 2.97 x 0.29 in),178.0,Glass,IP66,Nano-SIM + Nano-SIM,"AMOLED, 68B colors, 120Hz, 3840Hz PWM, HDR10+, 800 nits (typ), 3200 nits (peak)",120,6.77,1080x2392,388,89.7,"Scratch/drop-resistant glass, Mohs level","Android 15, up to 4 major Android upgrades, HyperOS 2",Qualcomm SM6475-AB Snapdragon 6 Gen 3 (4 nm),4,Octa-core (4x2.4 GHz Cortex-A78 & 4x1.8 GHz Cortex-A55),Adreno 710,6,12,128,512,UFS 2.2,108.0,2,1.7,Yes,1/1.67,Yes,"LED flash, HDR, panorama","4K@30fps, 1080p@30fps, gyro-EIS, OIS",20.0,No,,1080p@30fps,"Wi-Fi 802.11 a/b/g/n/ac, dual-band, Wi-Fi Direct",Yes,5.1,Type-C,No,"GPS, GLONASS, BDS, GALILEO","Fingerprint (under display, optical), accelerometer, gyro, compass",5520,45,,No,Active use score 14:12h,252.5,193.03,189.0,21425,637266,2958,861,1524,-23.4,"Black, Glacier Blue, Mist Purple","25096RA9BG, 25098RA98G",,1.00 W/kg (head) 0.99 W/kg (body),No
Xiaomi,Xiaomi Redmi Note 15 Pro 4G,https://www.gsmarena.com/xiaomi_redmi_note_15_pro_(global)-14330.php,https://fdn2.gsmarena.com/vv/bigpic/xiaomi-redmi-note-15-pro-4g-global.jpg,GSM / HSPA / LTE,No,"2025, December 18","Available. Released 2026, January 06",163.2 x 76.3 x 8 mm (6.43 x 3.00 x 0.31 in),195.0,Glass,IP65,Nano-SIM + Nano-SIM,"AMOLED, 68B colors, 120Hz, 3840Hz PWM, 3200 nits (peak)",120,6.77,1080x2392,388,89.1,Gorilla Glass Victus,"Android 15, up to 4 major Android upgrades, HyperOS 2",Mediatek Helio G200 Ultra (6 nm),6,Octa-core (2x2.2 GHz Cortex-A76 & 6x2.0 GHz Cortex-A55),Mali-G57 MC2 (1.1GHz),8,12,256,512,UFS 2.2,200.0,2,1.7,Yes,1/1.4,No,"LED flash, HDR, panorama","1080p@30/60fps, gyro-EIS",32.0,No,,1080p@30fps,"Wi-Fi 802.11 a/b/g/n/ac, dual-band, Wi-Fi Direct",Yes,5.3,Type-C,No,"GPS, GALILEO, GLONASS, QZSS, BDS","Fingerprint (under display, optical), accelerometer, proximity, gyro, compass",6500,45,,No,Active use score 16:24h,262.0,264.99,219.0,33999,,,,,,"Black, Glacier Blue, Titanium",25100RA69G,,0.97 W/kg (head) 0.96 W/kg (body),No
Xiaomi,Xiaomi Redmi Note 15 4G,https://www.gsmarena.com/xiaomi_redmi_note_15-14323.php,https://fdn2.gsmarena.com/vv/bigpic/xiaomi-redmi-note-15-4g-global.jpg,GSM / HSPA / LTE,No,"2025, December 18","Available. Released 2026, January 06",164 x 75.4 x 7.9 mm (6.46 x 2.97 x 0.31 in),183.7,,IP64,Nano-SIM + Nano-SIM,"AMOLED, 68B colors, 120Hz, 3840Hz PWM, 3200 nits (peak)",120,6.77,1080x2392,388,89.7,Mohs level 5,"Android 15, up to 4 major Android upgrades, HyperOS 2",Mediatek Helio G100 Ultra (6 nm),6,Octa-core (2x2.2 GHz Cortex-A76 & 6x2.0 GHz Cortex-A55),Mali-G57 MC2,6,8,128,512,UFS 2.2,108.0,2,1.7,No,1/1.67,No,"LED flash, HDR, panorama",1080p@30/60fps,20.0,No,,1080p@30fps,"Wi-Fi 802.11 a/b/g/n/ac, dual-band, Wi-Fi Direct",Yes,5.3,Type-C,No,"GPS, GALILEO, GLONASS, QZSS, BDS","Fingerprint (under display, optical), accelerometer, gyro, compass, proximity",6000,33,,No,,182.0,169.0,144.99,21584,,,,,,"Black, Forest Green, Glacier Blue, Purple","2510DRA23E, 2510DRA23G",,0.98 W/kg (head) 0.96 W/kg (body),No
Xiaomi,Xiaomi Poco C85,https://www.gsmarena.com/xiaomi_poco_c85_5g-14337.php,https://fdn2.gsmarena.com/vv/bigpic/xiaomi-poco-c85-5g.jpg,GSM / HSPA / LTE / 5G,Yes,"2025, December 09","Available. Released 2025, December 16",173.2 x 81.1 x 8 mm (6.82 x 3.19 x 0.31 in),211.0,,IP64,Nano-SIM + Nano-SIM,"IPS LCD, 120Hz, 810 nits (HBM)",120,6.9,720x1600,254,81.8,,"Android 15, up to 2 major Android upgrades, HyperOS 2",Mediatek Dimensity 6300 (6 nm),6,Octa-core (2x2.4 GHz Cortex-A76 & 6x2.0 GHz Cortex-A55),Mali-G57 MC2,4,8,128,256,UFS 2.2,50.0,2,1.8,No,1/2.76,No,"LED flash, HDR",1080p@30fps,8.0,No,HDR,1080p@30fps,"Wi-Fi 802.11 a/b/g/n/ac, dual-band",No,5.4,Type-C,Yes,"GPS, GLONASS, GALILEO, BDS","Fingerprint (side-mounted), accelerometer, proximity, compass",6000,33,,No,,,,,13839,,,,,,"Mystic Purple, Spring Green, Power Black",,,,"FM radio, recording"
Xiaomi,Xiaomi Poco F8 Ultra,https://www.gsmarena.com/xiaomi_poco_f8_ultra_5g-14301.php,https://fdn2.gsmarena.com/vv/bigpic/xiaomi-poco-f8-ultra-.jpg,GSM / HSPA / LTE / 5G,Yes,"2025, November 26","Available. Released 2025, November 26",163.3 x 77.8 x 7.9 mm or 8.3 mm,218.0,Glass,IP68,· Nano-SIM + Nano-SIM + eSIM + eSIM (max 2 at a time) · Nano-SIM + Nano-SIM + eSIM (max 2 at a time),"AMOLED, 68B colors, 2560Hz PWM, 120Hz, Dolby Vision, HDR10+, 2000 nits (HBM), 3500 nits (peak)",560,6.9,1200x2608,416,91.8,Poco Shield Glass,"Android 16, HyperOS 3",Qualcomm SM8850-AC Snapdragon 8 Elite Gen 5 (3 nm),3,Octa-core (2x4.6 GHz Oryon V3 Phoenix L + 6x3.62 GHz Oryon V3 Phoenix M),Adreno 840,12,16,256,512,UFS 4.1,50.0,3,1.7,Yes,1/1.31,Yes,"Color spectrum sensor, LED flash, HDR, panorama","8K@30fps, 4K@30/60fps, 1080p@30/60/120/240/960fps, 720p@1920fps, gyro-EIS, HDR10+",32.0,Yes,HDR,"4K@30fps, 1080p@30/60fps","Wi-Fi 802.11 a/b/g/n/ac/6/7, dual-band, Wi-Fi Direct",Yes,6.0,Type-C,No,"GPS (L1+L5), BDS (B1I+B1c+B2a), GALILEO (E1+E5a), QZSS (L1+L5), NavIC (L5), GLONASS","Fingerprint (under display, ultrasonic), accelerometer, proximity, gyro, compass",6500,100,50,Yes,Active use score 18:52h,829.99,619.99,599.0,,2720760,10876,6864,1077,-26.0,"Black, White, Denim Blue",25102PCBEG,,,No
Xiaomi,Xiaomi Poco F8 Pro,https://www.gsmarena.com/xiaomi_poco_f8_pro_5g-14303.php,https://fdn2.gsmarena.com/vv/bigpic/xiaomi-poco-f8-pro.jpg,GSM / HSPA / LTE / 5G,Yes,"2025, November 26","Available. Released 2025, November 26",157.5 x 75.3 x 8 mm (6.20 x 2.96 x 0.31 in),199.0,Glass,IP68,· Nano-SIM + Nano-SIM + eSIM + eSIM (max 2 at a time) · Nano-SIM + Nano-SIM + eSIM (max 2 at a time),"AMOLED, 68B colors, 2560Hz PWM, 120Hz, Dolby Vision, HDR10+, 2000 nits (HBM), 3500 nits (peak)",560,6.59,1156x2510,419,89.8,Gorilla Glass 7i,"Android 16, HyperOS 3",Qualcomm SM8750-AB Snapdragon 8 Elite (3 nm),3,Octa-core (2x4.32 GHz Oryon V2 Phoenix L + 6x3.53 GHz Oryon V2 Phoenix M),Adreno 830,12,12,256,512,UFS 4.1,50.0,3,1.9,Yes,1/1.55,Yes,"Color spectrum sensor, LED flash, HDR, panorama","8K@30fps, 4K@30/60fps, 1080p@30/60/120/240/960fps, gyro-EIS, HDR10+",20.0,No,HDR,1080p@30/60fps,"Wi-Fi 802.11 a/b/g/n/ac/6/7, dual-band, Wi-Fi Direct",Yes,5.4,Type-C,No,"GPS (L1+L5), BDS (B1I+B1c+B2a), GALILEO (E1+E5a), QZSS (L1+L5), NavIC (L5), GLONASS","Fingerprint (under display, ultrasonic), accelerometer, gyro, proximity, compass",6210,100,,No,Active use score 17:35h,550.24,439.99,449.0,,2480773,8610,6068,1094,-23.3,"Titanium Silver, Blue, Black",2510DPC44G,,,No
Xiaomi,Xiaomi Poco Pad X1,https://www.gsmarena.com/xiaomi_poco_pad_x1-14306.php,https://fdn2.gsmarena.com/vv/bigpic/xiaomi-poco-pad-x1.jpg,No cellular connectivity,No,"2025, November 26","Available. Released 2025, November 26",251.2 x 173.4 x 6.2 mm (9.89 x 6.83 x 0.24 in),500.0,Glass,,No,"IPS LCD, 68B colors, 144Hz, HDR10, Dolby Vision, 800 nits (peak)",144,11.2,2136x3200,344,85.8,,"Android 15, up to 4 major Android upgrades, HyperOS 2",Qualcomm SM7675-AB Snapdragon 7+ Gen 3 (4 nm),4,Octa-core (1x2.8 GHz Cortex-X4 & 4x2.6 GHz Cortex-A720 & 3x1.9 GHz Cortex-A520),Adreno 732,8,8,256,512,UFS 4.0,13.0,1,2.2,No,1/3.06,Yes,"LED flash, HDR, panorama","4K@30fps, 1080p@30/60fps",8.0,No,HDR,1080p@30fps,"Wi-Fi 802.11 a/b/g/n/ac/6 or 6e, dual-band, Wi-Fi Direct",Yes,5.4,Type-C,No,No,"Accelerometer, gyro, proximity, compass",8850,45,,No,,,,,,,,,,,"Gray, Blue",25099RP08G,,,No
Xiaomi,Xiaomi Poco Pad M1,https://www.gsmarena.com/xiaomi_poco_pad_m1-14285.php,https://fdn2.gsmarena.com/vv/bigpic/xiaomi-poco-pad-m1-n.jpg,No cellular connectivity,No,"2025, November 26","Available. Released 2025, November 26",279.8 x 181.7 x 7.5 mm (11.02 x 7.15 x 0.30 in),610.0,Glass,,No,"IPS LCD, 1B colors, 120Hz, Dolby Vision, 600 nits (HBM)",120,12.1,1600x2560,249,83.5,Mohs level 6,"Android 15, HyperOS 2",Qualcomm SM7635-AC Snapdragon 7s Gen 4 (4 nm),4,Octa-core (1x2.7 GHz Cortex-A720 & 3x2.4 GHz Cortex-A720 & 4x1.8 GHz Cortex-A520),Adreno 810,8,8,256,256,UFS 2.2,8.0,1,2.0,No,1/4.0,No,"Color spectrum sensor, LED flash, HDR",1080p@30fps,8.0,No,,1080p@30fps,"Wi-Fi 802.11 a/b/g/n/a/6, dual-band, Wi-Fi Direct",No,5.4,Type-C,Yes,No,"Accelerometer, gyro, proximity (accessories only), compass",12000,33,,No,Active use score 14:50h,,,,,817549,1244,1103,581,-24.5,"Gray, Blue",2509ARPBDG,,,No
Xiaomi,Xiaomi Black Shark GS3 Ultra,https://www.gsmarena.com/xiaomi_black_shark_gs3_ultra-14309.php,https://fdn2.gsmarena.com/vv/bigpic/xiaomi-black-shark-gs3-ultra.jpg,No cellular connectivity,No,"2025, November 21","Available. Released 2025, December",-,,Glass,IP68,No,"AMOLED, 1000 nits",,1.43,466x466,326,,Corning Gorilla Glass,,,,,,,,,,,,,,No,,No,,,,No,,,No,No,,No,No,"GPS (L1+L5), GLONASS, GALILEO, BDS, QZSS","Accelerometer, gyro, compass, barometer, heart rate, SpO2",,,,No,,,,,,,,,,,"Black, Silver",,,,No
Xiaomi,Xiaomi Black Shark GS3,https://www.gsmarena.com/xiaomi_black_shark_gs3-14512.php,https://fdn2.gsmarena.com/vv/bigpic/xiaomi-black-shark-gs3.jpg,No cellular connectivity,No,"2025, November","Available. Released 2025, December",-,,,IP68,No,"AMOLED, 600 nits",,1.43,466x466,326,,Corning Gorilla Glass,,,,,,,,,,,,,,No,,No,,,,No,,,No,No,,No,No,"GPS, GLONASS","Accelerometer, compass, heart rate, SpO2",,,,No,,,,,,,,,,,"Black, Green",,,,No
Xiaomi,Xiaomi Redmi K90,https://www.gsmarena.com/xiaomi_redmi_k90_5g-14280.php,https://fdn2.gsmarena.com/vv/bigpic/xiaomi-redmi-90.jpg,GSM / HSPA / LTE / 5G,Yes,"2025, October 23","Available. Released 2025, October 23",157.5 x 75.3 x 8 mm (6.20 x 2.96 x 0.31 in),206.0,Glass,IP68,Nano-SIM + Nano-SIM,"AMOLED, 68B colors, 2560Hz PWM, 120Hz, Dolby Vision, HDR Vivid, HDR10+, 3500 nits (peak)",560,6.59,1156x2510,419,89.8,,"Android 16, HyperOS 3",Qualcomm SM8750-AB Snapdragon 8 Elite (3 nm),3,Octa-core (2x4.32 GHz Oryon V2 Phoenix L + 6x3.53 GHz Oryon V2 Phoenix M),Adreno 830,12,16,256,512,UFS,50.0,3,1.9,Yes,1/1.55,Yes,"Color spectrum sensor, LED flash, HDR, panorama","8K@30fps, 4K@30/60fps, 1080p@30/60/120/240/960fps, gyro-EIS, HDR10+",20.0,No,,1080p@30/60fps,"Wi-Fi 802.11 a/b/g/n/ac/6/7, dual-band, Wi-Fi Direct",Yes,5.4,Type-C,No,"GPS (L1+L5), BDS (B1I+B1c+B2a), GALILEO (E1+E5a), QZSS (L1+L5), NavIC, GLONASS","Fingerprint (under display, ultrasonic), accelerometer, gyro, proximity, compass",7100,100,,No,,,350.0,,,,,,,,"Black, White, Blue, Purple",2510DRK44C,,,No
Xiaomi,Xiaomi Redmi K90 Pro Max,https://www.gsmarena.com/xiaomi_redmi_k90_pro_max_5g-14252.php,https://fdn2.gsmarena.com/vv/bigpic/xiaomi-redmi-k90-pro-max.jpg,GSM / HSPA / LTE / 5G,Yes,"2025, October 23","Available. Released 2025, October 23",163.3 x 77.8 x 7.9 mm (6.43 x 3.06 x 0.31 in),218.0,Glass,IP68,Nano-SIM + Nano-SIM,"AMOLED, 68B colors, 2560Hz PWM, 120Hz, Dolby Vision, HDR Vivid, HDR10+, 3500 nits (peak)",560,6.9,1200x2608,416,91.8,Xiaomi Dragon Crystal Glass,"Android 16, HyperOS 3",Qualcomm SM8850-AC Snapdragon 8 Elite Gen 5 (3 nm),3,Octa-core (2x4.6 GHz Oryon V3 Phoenix L + 6x3.62 GHz Oryon V3 Phoenix M),Adreno 840,12,16,256,512,UFS 4.1,50.0,3,1.7,Yes,1/1.31,Yes,"Color spectrum sensor, LED flash, HDR, panorama","8K@30fps, 4K@30/60fps, 1080p@30/60/120/240/960fps, 720p@1920fps, gyro-EIS, HDR10+",32.0,Yes,,"4K@30fps, 1080p@30/60fps","Wi-Fi 802.11 a/b/g/n/ac/6/7, dual-band, Wi-Fi Direct",Yes,5.4,Type-C,No,"GPS (L1+L5), BDS (B1I+B1c+B2a), GALILEO (E1+E5a), QZSS (L1+L5), NavIC, GLONASS","Fingerprint (under display, ultrasonic), accelerometer, proximity, gyro, compass",7560,100,50,Yes,,,500.0,,,,,,,,"Black, White, Denim Blue, Lamborgini White",,,,No
Xiaomi,Xiaomi Redmi Watch 6,https://www.gsmarena.com/xiaomi_redmi_watch_6-14281.php,https://fdn2.gsmarena.com/vv/bigpic/xiaomi-redmi-watch6.jpg,No cellular connectivity,No,"2025, October 23","Available. Released 2025, October 23",46.5 x 40 x 9.9 mm (1.83 x 1.57 x 0.39 in),31.0,Plastic,,eSIM (China only),"AMOLED, 2000 nits (peak)",,2.1,432x514,324,,,HyperOS 3,,,,,,,,,,,,,No,,No,,,,No,,,No,No,5.4,No,No,"GPS, GLONASS, GALILEO, BDS, QZSS; dual L1 antennas","Accelerometer, heart rate, compass, gyro, SpO2",550,,,No,,,70.0,,,,,,,,"Black, Silver",M2523W1,,,No
Xiaomi,Xiaomi 17 Pro Max,https://www.gsmarena.com/xiaomi_17_pro_max_5g-14181.php,https://fdn2.gsmarena.com/vv/bigpic/xiaomi-17-pro-max.jpg,GSM / HSPA / LTE / 5G,Yes,"2025, September 25","Available. Released 2025, September 25",162.9 x 77.6 x 8 mm (6.41 x 3.06 x 0.31 in),219.0,Glass,IP68,Nano-SIM + Nano-SIM,"LTPO AMOLED, 68B colors, 2160Hz PWM, 120Hz, Dolby Vision, HDR Vivid, HDR10+, 3500 nits (peak)",160,6.9,1200x2608,416,92.3,Xiaomi Dragon Crystal Glass 3,"Android 16, HyperOS 3",Qualcomm SM8850-AC Snapdragon 8 Elite Gen 5 (3 nm),3,Octa-core (2x4.6 GHz Oryon V3 Phoenix L + 6x3.62 GHz Oryon V3 Phoenix M),Adreno 840,12,16,512,512,UFS 4.1,50.0,3,1.7,Yes,1/1.28,Yes,"Laser AF, color spectrum sensor, Leica lens, Dual-LED dual-tone flash, HDR, panorama","8K@30fps (HDR), 4K@30/60/120fps (HDR10+, 10-bit Dolby Vision HDR, 10-bit LOG), 1080p@30/60/120/240/960fps, 720p@1920fps, gyro-EIS",50.0,Yes,"HDR, panorama","4K@30/60fps, 1080p@30/60fps, HDR10+, gyro-EIS","Wi-Fi 802.11 a/b/g/n/ac/6e/7, dual-band, Wi-Fi Direct",Yes,5.4,Type-C,No,"GPS (L1+L5), BDS (B1I+B1c+B2a), GALILEO (E1+E5a), QZSS (L1+L5), NavIC (L5), GLONASS","Fingerprint (under display, ultrasonic), accelerometer, proximity, gyro, compass, barometer",7500,100,50,Yes,Active use score 20:50h,,720.0,,,2456317,10600,6761,1026,-26.1,"Black, White, Purple, Green",2509FPN0BC,,,No
Xiaomi,Xiaomi 17 Pro,https://www.gsmarena.com/xiaomi_17_pro_5g-14182.php,https://fdn2.gsmarena.com/vv/bigpic/xiaomi-17-pro.jpg,GSM / HSPA / LTE / 5G,Yes,"2025, September 25","Available. Released 2025, September 25",151.1 x 71.8 x 8 mm (5.95 x 2.83 x 0.31 in),192.0,Glass,IP68,Nano-SIM + Nano-SIM,"LTPO AMOLED, 68B colors, 2160Hz PWM, 120Hz, Dolby Vision, HDR Vivid, HDR10+, 3500 nits (peak)",160,6.3,1220x2656,464,89.5,Xiaomi Dragon Crystal Glass,"Android 16, HyperOS 3",Qualcomm SM8850-AC Snapdragon 8 Elite Gen 5 (3 nm),3,Octa-core (2x4.6 GHz Oryon V3 Phoenix L + 6x3.62 GHz Oryon V3 Phoenix M),Adreno 840,12,16,256,512,UFS 4.1,50.0,3,1.7,Yes,1/1.28,Yes,"Laser AF, color spectrum sensor, Leica lens, Dual-LED dual-tone flash, HDR, panorama","8K@30fps (HDR), 4K@30/60/120fps (HDR10+, 10-bit Dolby Vision HDR, 10-bit LOG), 1080p@30/60/120/240/960fps, 720p@1920fps, gyro-EIS",50.0,Yes,"HDR, panorama","4K@30/60fps, 1080p@30/60fps, HDR10+, gyro-EIS","Wi-Fi 802.11 a/b/g/n/ac/6e/7, dual-band, Wi-Fi Direct",Yes,5.4,Type-C,No,"GPS (L1+L5), BDS (B1I+B1c+B2a), GALILEO (E1+E5a), QZSS (L1+L5), NavIC (L5), GLONASS","Fingerprint (under display, ultrasonic), accelerometer, proximity, gyro, compass, barometer",6300,100,50,Yes,,,600.0,,,,,,,,"Black, White, Purple, Green",25098PN5AC,,,No
Xiaomi,Xiaomi Black Shark Pad 7 Pro,https://www.gsmarena.com/xiaomi_black_shark_pad_7_pro-14308.php,https://fdn2.gsmarena.com/vv/bigpic/xiaomi-black-shark-pad-7-pro.jpg,GSM / HSPA / LTE,No,"2025, October 30","Available. Released 2025, November",-,513.0,Glass,,Nano-SIM,"IPS LCD, 120Hz, 420 nits",120,11.0,1200x1900,204,,,Android 15,Mediatek Helio G100 (6 nm),6,Octa-core (2x2.2 GHz Cortex-A76 & 6x2.0 GHz Cortex-A55),Mali-G57 MC2,8,8,256,256,UFS 2.2,13.0,2,,No,,No,LED flash,1080p@30fps,8.0,No,,1080p@30fps,Yes,No,,Type-C,No,GPS,Accelerometer,8800,,,No,,,200.0,,,,,,,,"Gray, Blue",,,,No
Xiaomi,vivo T5,https://www.gsmarena.com/vivo_t5-14697.php,https://fdn2.gsmarena.com/vv/bigpic/vivo-t5-.jpg,GSM / HSPA / LTE,No,"2026, May 29","Available. Released 2026, May 29",166.6 x 78.4 x 8.4 mm (6.56 x 3.09 x 0.33 in),219.0,Glass,IP68,Nano-SIM + Nano-SIM,"IPS LCD, 120Hz, 1250 nits (HBM)",120,6.75,720x1570,256,85.3,,"Android 16, OriginOS 6",Qualcomm Snapdragon 6s 4G Gen 2 (6 nm),6,Octa-core (4x2.9 GHz Cortex-A73 & 4x1.9 GHz Cortex-A53),Adreno 610,8,8,256,256,UFS 3.1,50.0,2,2.0,No,,No,"LED flash, HDR, panorama",Yes,32.0,No,,Yes,"Wi-Fi 802.11 a/b/g/n/ac, dual-band",Yes,5.1,Type-C,No,"GPS, GALILEO, GLONASS, BDS, QZSS","Fingerprint (side-mounted), accelerometer, gyro, proximity, compass",7200,44,,No,,,290.0,,,,,,,,"Gold, Black",V2545,1.14 W/kg (head) 1.01 W/kg (body),,No
Xiaomi,Ulefone Armor Mini 5,https://www.gsmarena.com/ulefone_armor_mini_5-14694.php,https://fdn2.gsmarena.com/vv/bigpic/ulefone-aromor-mini5.jpg,GSM / HSPA / LTE,No,"2026, May","Available. Released 2026, May",142 x 62 x 16.5 mm (5.59 x 2.44 x 0.65 in),170.0,,IP68,Nano-SIM + Nano-SIM,TFT LCD,,2.8,240x320,143,27.6,,Android 11 (Go edition),MT6739,,,,1,1,8,8,,0.3,1,,No,,No,LED flash,Yes,0.3,No,,,No,No,2.1,Type-C,Yes,No,No,2500,5,,No,,,90.0,,,,,,,,Black,,,,FM radio
Xiaomi,Honor 600e,https://www.gsmarena.com/honor_600e_5g-14688.php,https://fdn2.gsmarena.com/vv/bigpic/honor-600e.jpg,GSM / HSPA / LTE / 5G,Yes,"2026, May","Available. Released 2026, May",157.4 x 75.4 x 7.3 mm (6.20 x 2.97 x 0.29 in),180.0,Glass,IP66,Nano-SIM + Nano-SIM,"AMOLED, 1B colors, 120Hz, 3840Hz PWM, 800 nits (typ), 2000 nits (HBM), 6500 nits (peak)",120,6.6,1200x2600,434,90.1,Aluminosilicate glass,"Android 16, MagicOS 10",Mediatek Dimensity 7100 Elite (6 nm),6,Octa-core (4x2.4 GHz Cortex-A78 & 4x2.0 GHz Cortex-A55),Mali-G610 MC2,8,8,512,512,,108.0,2,1.8,No,1/1.67,No,"LED flash, HDR, panorama",1080p@30fps,16.0,No,,1080p@30fps,"Wi-Fi 802.11 a/b/g/n/ac, dual-band, Wi-Fi Direct",Yes,6.0,Type-C,No,"GPS, GLONASS, GALILEO, BDS","Fingerprint (under display, optical), accelerometer, compass, proximity (ultrasonic)",6520,45,,No,,,510.0,,,,,,,,"Velvet Gray, Desert Gold, Vital Green",LNA-NX3,,,Unspecified
Xiaomi,Honor 600 Pro,https://www.gsmarena.com/honor_600_pro-14604.php,https://fdn2.gsmarena.com/vv/bigpic/honor-600-pro.jpg,GSM / HSPA / LTE / 5G,Yes,"2026, April 22","Available. Released 2026, April 29",156 x 74.7 x 7.8 mm (6.14 x 2.94 x 0.31 in),195.0,Glass,IP68,· Nano-SIM + eSIM · Nano-SIM + Nano-SIM + eSIM (max 2 at a time),"AMOLED, 1B colors, 120Hz, 3840Hz PWM, HDR Vivid, 8000 nits (peak)",120,6.57,1264x2728,458,91.2,Mohs level 4,"Android 16, up to 6 major Android upgrades, MagicOS 10",Qualcomm SM8750-AB Snapdragon 8 Elite (3 nm),3,Octa-core (2x4.32 GHz Oryon V2 Phoenix L + 6x3.53 GHz Oryon V2 Phoenix M),Adreno 830 (1200 MHz),12,16,256,512,,200.0,3,1.9,Yes,1/1.4,Yes,"Color spectrum sensor, LED flash, HDR, panorama","4K@30/60fps, 1080p@30/60fps, gyro-EIS, OIS",50.0,Yes,HDR,"4K@30fps, 1080p@30/60fps, gyro-EIS","Wi-Fi 802.11 a/b/g/n/ac/6/7, dual-band or tri-band, Wi-Fi Direct",Yes,6.0,Type-C,No,"GPS, GLONASS, GALILEO, BDS, QZSS, NavIC","Fingerprint (under display, optical), accelerometer, gyro, proximity (ultrasound), compass",7000,80,50,No,Active use score 17:55h,835.34,,649.0,,2221352,7970,5309,1766,-24.8,"Golden White, Black, Orange",VKP-NX9,,,No
Xiaomi,Xiaomi Black Shark Pad 7,https://www.gsmarena.com/xiaomi_black_shark_pad_7-14307.php,https://fdn2.gsmarena.com/vv/bigpic/xiaomi-black-shark-pad-7.jpg,GSM / HSPA / LTE,No,"2025, October 30","Available. Released 2025, November",-,505.0,Glass,,Nano-SIM (cellular model only),"IPS LCD, 90Hz, 420 nits",90,11.0,1200x1900,204,,,Android 15,Mediatek Helio G88 (12 nm),12,Octa-core (2x2.0 GHz Cortex-A75 & 6x1.8 GHz Cortex-A55),Mali-G52 MC2,6,8,128,128,,13.0,1,,No,,No,LED flash,1080p@30fps,5.0,No,,1080p@30fps,Yes,No,,Type-C,No,GPS - cellular model only,Accelerometer,7700,,,No,,,140.0,,,,,,,,"Gray, Blue",,,,No
Xiaomi,Xiaomi Pad 8,https://www.gsmarena.com/xiaomi_pad_8-14184.php,https://fdn2.gsmarena.com/vv/bigpic/xiaomi-pad-8.jpg,No cellular connectivity,No,"2025, September 25","Available. Released 2025, September 25",251.2 x 173.4 x 5.8 mm (9.89 x 6.83 x 0.23 in),485.0,Glass,,No,"IPS LCD, 68B colors, 144Hz, HDR10, Dolby Vision, HDR Vivid, 800 nits (peak)",144,11.2,2136x3200,344,85.8,,"Android 16, HyperOS 3",Qualcomm SM8735 Snapdragon 8s Gen 4 (4 nm),4,Octa-core (1x3.21 GHz Cortex-X4 & 3x3.0 GHz Cortex-A720 & 2x2.8 GHz Cortex-A720 & 2x2.0 GHz Cortex-A720),Adreno 825,8,12,128,256,UFS 3.1 - 128GB only UFS 4.1,13.0,1,2.2,No,1/3.06,Yes,"LED flash, HDR","4K@30fps, 1080p@30/60fps",8.0,No,HDR,1080p@30fps,"Wi-Fi 802.11 a/b/g/n/ac/6/7, dual-band, Wi-Fi Direct",No,5.4,Type-C,No,No,"Accelerometer, gyro, proximity, compass",9200,45,,Yes,,,260.0,,,,,,,,"Black, Blue, Green",25091RP04G,,0.99 W/kg (body),No
Xiaomi,Xiaomi 15T Pro,https://www.gsmarena.com/xiaomi_15t_pro_5g-14178.php,https://fdn2.gsmarena.com/vv/bigpic/xiaomi-15t-pro.jpg,GSM / HSPA / LTE / 5G,Yes,"2025, September 24","Available. Released 2025, September 24",162.7 x 77.9 x 8 mm (6.41 x 3.07 x 0.31 in),210.0,Glass,IP68,· Nano-SIM + Nano-SIM + eSIM + eSIM (max 2 at a time) · Nano-SIM + Nano-SIM,"AMOLED, 68B colors, 144Hz, 3840Hz PWM, Dolby Vision, HDR10+, 3200 nits (peak)",144,6.83,1280x2772,447,90.4,Gorilla Glass 7i,"Android 15, upgradable to Android 16, HyperOS 3",Mediatek Dimensity 9400+ (3 nm),3,Octa-core (1x3.63 GHz Cortex-X925 & 3x3.3 GHz Cortex-X4 & 4x2.4 GHz Cortex-A720),Immortalis-G925,12,12,256,512,UFS 4.1,50.0,3,1.6,Yes,1/1.31,Yes,"Leica lens, Color spectrum sensor, Ultra HDR, LED flash, HDR, panorama","8K@30fps, 4K@30/60/120fps, 1080p@30/60/120/240/960fps, gyro-EIS, 10-bit Rec. 2020, HDR10+",32.0,Yes,HDR,"4K@30fps, 1080p@30/60fps, HDR10+","Wi-Fi 802.11 a/b/g/n/ac/6e/7, dual-band, Wi-Fi Direct",Yes,6.0,Type-C,No,"GPS (L1+L5), BDS (B1I+B1C+B2a+B2b), GALILEO (E1+E5a+E5b), QZSS (L1+L5), NavIC (L5), GLONASS","Fingerprint (under display, optical), accelerometer, gyro, proximity, compass",5500,90,50,No,Active use score 16:24h,452.07,530.0,533.61,,2683380,7914,5887,1419,-24.8,"Black, Gray, Mocha Gold",2506BPN68G,,0.99 W/kg (head) 0.99 W/kg (body),No
Xiaomi,Xiaomi 15T,https://www.gsmarena.com/xiaomi_15t_5g-14177.php,https://fdn2.gsmarena.com/vv/bigpic/xiaomi-15t.jpg,GSM / HSPA / LTE / 5G,Yes,"2025, September 24","Available. Released 2025, September 24",163.2 x 78 x 7.5 mm (6.43 x 3.07 x 0.30 in),194.0,Glass,IP68,· Nano-SIM + Nano-SIM + eSIM + eSIM (max 2 at a time) · Nano-SIM + Nano-SIM,"AMOLED, 68B colors, 120Hz, 3840Hz PWM, Dolby Vision, HDR10+, 3200 nits (peak)",120,6.83,1280x2772,447,90.0,Gorilla Glass 7i,"Android 15, upgradable to Android 16, HyperOS 3",Mediatek Dimensity 8400 Ultra (4 nm),4,Octa-core (1x3.25 GHz Cortex-A725 & 3x3.0 GHz Cortex-A725 & 4x2.1 GHz Cortex-A725),Mali-G720 MC7,12,12,256,512,UFS 4.1,50.0,3,1.7,Yes,1/1.55,Yes,"Leica lens, Color spectrum sensor, Ultra HDR, LED flash, HDR, panorama","4K@30/60fps, 1080p@30/60/120/240/960fps, gyro-EIS, 10-bit Rec. 2020, HDR10+",32.0,Yes,HDR,"4K@30fps, 1080p@30/60fps, HDR10+","Wi-Fi 802.11 a/b/g/n/ac/6e, dual-band or tri-band, Wi-Fi Direct",Yes,6.0,Type-C,No,"GPS (L1+L5), BDS (B1I+B1c+B2a), GALILEO (E1+E5a), QZSS (L1+L5), NavIC (L5), GLONASS","Fingerprint (under display, optical), accelerometer, gyro, proximity, compass",5500,67,,No,Active use score 14:56h,474.17,400.21,357.15,,1640253,6327,3811,1525,-24.9,"Black, Gray, Rose Gold",25069PTEBG,,0.99 W/kg (head) 0.99 W/kg (body),No
Xiaomi,Xiaomi Redmi Pad 2 Pro,https://www.gsmarena.com/xiaomi_redmi_pad_2_pro-14174.php,https://fdn2.gsmarena.com/vv/bigpic/xiaomi-redmi-pad2-pro.jpg,GSM / HSPA / LTE / 5G,Yes,"2025, September 24","Available. Released 2025, September 24",279.8 x 181.7 x 7.5 mm (11.02 x 7.15 x 0.30 in),620.0,Glass,IP53,· Nano-SIM + eSIM - cellular model only · Nano-SIM + Nano-SIM + eSIM (max 2 at a time) - cellular model only,"IPS LCD, 1B colors, 120Hz, Dolby Vision, 600 nits (HBM)",120,12.1,1600x2560,249,83.5,Gorilla Glass 3,"Android 15, HyperOS 2",Qualcomm SM7635-AC Snapdragon 7s Gen 4 (4 nm),4,Octa-core (1x2.7 GHz Cortex-A720 & 3x2.4 GHz Cortex-A720 & 4x1.8 GHz Cortex-A520),Adreno 810,6,8,128,256,UFS 2.2,8.0,1,2.0,No,1/4.0,No,"Color spectrum sensor, LED flash, HDR",1080p@30fps,8.0,No,,1080p@30fps,"Wi-Fi 802.11 a/b/g/n/a/6, dual-band, Wi-Fi Direct",No,5.4,Type-C,Yes,"GPS, GLONASS, GALILEO, BDS (B1I + B1C), QZSS - cellular model only","Accelerometer, gyro, proximity (accessories only), compass, gyro (cellular model only)",12000,33,,No,Active use score 12:55h,,300.0,,,,,,,-24.3,"Graphite Gray, Silver, Lavender Purple, Matte Glass Version","25099RP13G, 2509BRP2DG",,,No
Xiaomi,Xiaomi Pad Mini,https://www.gsmarena.com/xiaomi_pad_mini-14179.php,https://fdn2.gsmarena.com/vv/bigpic/xiaomi-pad-mini-new.jpg,No cellular connectivity,No,"2025, September 24","Available. Released 2025, September 24",205.1 x 132 x 6.5 mm (8.07 x 5.20 x 0.26 in),326.0,,,No,"IPS LCD, 68B colors, 165Hz, HDR10, Dolby Vision, 700 nits (HBM)",165,8.8,1880x3008,403,82.9,,"Android 15, HyperOS 2",Mediatek Dimensity 9400+ (3 nm),3,Octa-core (1x3.73 GHz Cortex-X925 & 3x3.3 GHz Cortex-X4 & 4x2.4 GHz Cortex-A720),Immortalis-G925,8,12,256,512,UFS 4.1,13.0,1,2.2,No,1/3.06,Yes,"LED flash, HDR","4K@30fps, 1080p@30/60fps",8.0,No,HDR,1080p@30fps,"Wi-Fi 802.11 a/b/g/n/ac/6/7, dual-band, Wi-Fi Direct",No,5.4,Type-C,No,No,"Accelerometer, gyro, proximity, compass",7500,67,,No,Active use score 13:39h,,370.0,,,,,,,-24.9,"Gray, Purple",25079RPDCG,,,No
Xiaomi,Xiaomi Redmi 15C,https://www.gsmarena.com/xiaomi_redmi_15c_5g-14039.php,https://fdn2.gsmarena.com/vv/bigpic/xiaomi-redmi-15c.jpg,GSM / HSPA / LTE / 5G,Yes,"2025, September 18","Available. Released 2025, September 18",173.2 x 81.1 x 8.2 mm (6.82 x 3.19 x 0.32 in),211.0,,IP64,Nano-SIM + Nano-SIM,"IPS LCD, 120Hz, 810 nits (HBM)",120,6.9,720x1600,254,81.8,Mohs level 6,"Android 15, up to 2 major Android upgrades, HyperOS 2",Mediatek Dimensity 6300 (6 nm),6,Octa-core (2x2.4 GHz Cortex-A76 & 6x2.0 GHz Cortex-A55),Mali-G57 MC2,4,8,128,256,UFS 2.2,50.0,2,1.8,No,1/2.76,No,"LED flash, HDR",1080p@30fps,8.0,No,HDR,1080p@30fps,"Wi-Fi 802.11 a/b/g/n/ac, dual-band",Yes,5.4,Type-C,Yes,"GPS, GLONASS, GALILEO, BDS","Fingerprint (side-mounted), accelerometer, compass",6000,33,,No,,,119.99,149.0,,,,,,,"Midnight Black, Mint Green, Dusk Purple, Moonlight Blue","2508CRN2BE, 2508CRN2BC, 2508CRN2BG",,0.99 W/kg (head) 0.95 W/kg (body),FM radio
Xiaomi,Xiaomi Poco C85 4G,https://www.gsmarena.com/xiaomi_poco_c85-14110.php,https://fdn2.gsmarena.com/vv/bigpic/xiaomi-poco-c85.jpg,GSM / HSPA / LTE,No,"2025, September 01","Available. Released 2025, September 01",171.6 x 79.5 x 8 mm (6.76 x 3.13 x 0.31 in),205.0,Glass,IP64,Nano-SIM + Nano-SIM,"IPS LCD, 120Hz, 660 nits (typ), 810 nits (HBM)",120,6.9,720x1600,254,84.3,Mohs level 6,"Android 15, HyperOS 2",Mediatek Helio G81 Ultra (12 nm),12,Octa-core (2x2.0 GHz Cortex-A75 & 6x1.8 GHz Cortex-A55),Mali-G52 MC2,6,8,128,256,eMMC 5.1,50.0,2,1.8,No,1/2.76,No,"LED flash, HDR",1080p@30fps,8.0,No,HDR,1080p@30fps,"Wi-Fi 802.11 a/b/g/n/ac, dual-band",Yes,5.4,Type-C,Yes,"GPS, GLONASS, GALILEO, BDS","Fingerprint (side-mounted), accelerometer, compass",6000,33,,No,,133.08,99.9,99.0,,,,,,,"Purple, Black, Green",25078PC3EE,,,FM radio
Xiaomi,Xiaomi Redmi Note 15 Pro+ (China),https://www.gsmarena.com/xiaomi_redmi_note_15_pro+_5g_(china)-14091.php,https://fdn2.gsmarena.com/vv/bigpic/xiaomi-redmi-note-15-pro-plus-5g.jpg,GSM / HSPA / LTE / 5G,Yes,"2025, August 21","Available. Released 2025, August 21",163.3 x 78.3 x 7.9 mm (6.43 x 3.08 x 0.31 in),211.0,,IP68,Nano-SIM + Nano-SIM,"AMOLED, 68B colors, 120Hz, 3840Hz PWM, HDR10+, Dolby Vision, 3200 nits (peak)",120,6.83,1220x2772,443,86.8,Xiaomi Dragon Crystal Glass,"Android 15, HyperOS 2",Qualcomm SM7635-AC Snapdragon 7s Gen 4 (4 nm),4,Octa-core (1x2.7 GHz Cortex-A720 & 3x2.4 GHz Cortex-A720 & 4x1.8 GHz Cortex-A520),Adreno 810,12,16,256,512,UFS 2.2,50.0,3,1.6,Yes,1/1.55,Yes,"LED flash, HDR, panorama","4K@24/30fps, 1080p@30/60/120fps, gyro-EIS, OIS",32.0,No,"HDR, panorama",1080p@30/60fps,"Wi-Fi 802.11 a/b/g/n/ac/6, dual-band, Wi-Fi Direct",Yes,5.4,Type-C,No,"GPS (L1+L5), GALILEO (E1+E5a), QZSS (L1+L5), BDS (B1l+B1C+B2a), GLONASS","Fingerprint (under display, optical), accelerometer, gyro, compass, proximity",7000,90,,No,,,,,,,,,,,"Black, Purple, Blue, White",,,,No
Xiaomi,Xiaomi Redmi Note 15 Pro (China),https://www.gsmarena.com/xiaomi_redmi_note_15_pro_5g_(china)-14090.php,https://fdn2.gsmarena.com/vv/bigpic/xiaomi-redmi-note-15-pro-5g.jpg,GSM / HSPA / LTE / 5G,Yes,"2025, August 21","Available. Released 2025, August 21",163.6 x 78.1 x 7.8 mm (6.44 x 3.07 x 0.31 in),211.0,,IP68,Nano-SIM + Nano-SIM,"AMOLED, 68B colors, 120Hz, 3840Hz PWM, HDR10+, Dolby Vision, 3200 nits (peak)",120,6.83,1220x2772,443,86.8,Xiaomi Dragon Crystal Glass,"Android 15, HyperOS 2",Mediatek Dimensity 7400 Ultra (4 nm),4,Octa-core (4x2.6 GHz Cortex-A78 & 4x2.0 GHz Cortex-A55),Mali-G615 MC2,8,12,256,512,UFS 2.2,50.0,2,1.5,Yes,1/1.95,Yes,"LED flash, HDR, panorama","4K@24/30fps, 1080p@30/60/120fps, gyro-EIS, OIS",20.0,No,"HDR, panorama",1080p@30/60fps,"Wi-Fi 802.11 a/b/g/n/ac/6, dual-band, Wi-Fi Direct",Yes,5.4,Type-C,No,"GPS, GALILEO, GLONASS, QZSS, BDS","Fingerprint (under display, optical), accelerometer, gyro, compass, proximity",7000,45,,No,,,,,,,,,,,"Black, Purple, Blue, White",,,,No
Xiaomi,Xiaomi Redmi Note 15 (China),https://www.gsmarena.com/xiaomi_redmi_note_15_5g_(china)-14092.php,https://fdn2.gsmarena.com/vv/bigpic/xiaomi-redmi-note-15-5g.jpg,GSM / HSPA / LTE / 5G,Yes,"2025, August 21","Available. Released 2025, August 21",165 x 75.4 x 7.4 mm (6.50 x 2.97 x 0.29 in),178.0,,IP68,Nano-SIM + Nano-SIM,"AMOLED, 68B colors, 120Hz, 3200 nits (peak)",120,6.77,1080x2392,388,89.1,Xiaomi Dragon Crystal Glass,"Android 15, HyperOS 2",Qualcomm SM6475-AB Snapdragon 6 Gen 3 (4 nm),4,Octa-core (4x2.4 GHz Cortex-A78 & 4x1.8 GHz Cortex-A55),Adreno 710,6,12,128,256,UFS 2.2,50.0,2,1.8,No,1/2.88,Yes,"LED flash, HDR, panorama","4K@30fps, 1080p@30fps, gyro-EIS",8.0,No,"HDR, panorama",1080p@30/60fps,"Wi-Fi 802.11 a/b/g/n/ac, dual-band, Wi-Fi Direct",Yes,5.1,Type-C,No,"GPS, GALILEO, GLONASS, QZSS, BDS (B1l+B1C)","Fingerprint (under display, optical), accelerometer, gyro, compass, proximity",5800,45,,No,,,,,,,,,,,"Black, White, Blue",,,,No
Xiaomi,Xiaomi Poco M7 4G,https://www.gsmarena.com/xiaomi_poco_m7-14071.php,https://fdn2.gsmarena.com/vv/bigpic/xiaomi-poco-m7-4g.jpg,GSM / HSPA / LTE,No,"2025, August 13","Available. Released 2025, August 13",171.1 x 80.5 x 8.6 mm (6.74 x 3.17 x 0.34 in),224.0,,IP64,Nano-SIM + Nano-SIM,"IPS LCD, 144Hz, 700 nits (typ), 850 nits (HBM)",144,6.9,1080x2340,374,84.9,Mohs level 6,"Android 15, HyperOS 2",Qualcomm SM6225 Snapdragon 685 (6 nm),6,Octa-core (4x2.8 GHz Cortex-A73 & 4x1.9 GHz Cortex-A53),Adreno 610,6,8,128,256,UFS 2.2,50.0,2,1.8,No,,No,"LED flash, HDR",1080p@30fps,8.0,No,HDR,1080p@30fps,"Wi-Fi 802.11 a/b/g/n/ac, dual-band",Yes,5.0,Type-C,No,"GPS, GLONASS, GALILEO, BDS","Fingerprint (side-mounted), accelerometer, compass",7000,33,,No,,,100.0,,,,,,,,"Chrome Silver, Aqua Blue, Carbon Black",25062PC34E,0.86 W/kg (head) 0.81 W/kg (body),,No
Xiaomi,Xiaomi Poco M7 Plus,https://www.gsmarena.com/xiaomi_poco_m7_plus_5g-14046.php,https://fdn2.gsmarena.com/vv/bigpic/xiaomi-poco-m7-plus.jpg,GSM / HSPA / LTE / 5G,Yes,"2025, August 13","Available. Released 2025, August 19",168.5 x 80.5 x 8.4 mm (6.63 x 3.17 x 0.33 in),217.0,,IP64,Nano-SIM + Nano-SIM,"IPS LCD, 144Hz, 700 nits (typ), 850 nits (HBM)",144,6.9,1080x2340,374,86.2,Gorilla Glass 3,"Android 15, up to 2 major Android upgrades, HyperOS 2",Qualcomm SM6375 Snapdragon 6s Gen 3 (6 nm),6,Octa-core (2x2.3 GHz Cortex-A78 & 6x2.0 GHz Cortex-A55),Adreno 619,4,8,128,128,,50.0,2,1.8,No,,No,"LED flash, HDR",1080p@30fps,8.0,No,HDR,1080p@30fps,"Wi-Fi 802.11 a/b/g/n/ac, dual-band",Yes,5.1,Type-C,No,"GPS, GLONASS, GALILEO, BDS","Fingerprint (side-mounted), accelerometer, compass",7000,33,,No,,,,,14100,,,,,,"Chrome Silver, Aqua Blue, Carbon Black",,0.86 W/kg (head) 0.81 W/kg (body),,No
Xiaomi,Xiaomi Redmi 15 4G,https://www.gsmarena.com/xiaomi_redmi_15-14037.php,https://fdn2.gsmarena.com/vv/bigpic/xiaomi-redmi-15-4g.jpg,GSM / HSPA / LTE,No,"2025, August 01","Available. Released 2025, August 01",171.1 x 82.1 x 8.6 mm (6.74 x 3.23 x 0.34 in),224.0,,IP64,Nano-SIM + Nano-SIM,"IPS LCD, 144Hz",144,6.9,1080x2340,374,83.2,Mohs level 6,"Android 15, upgradable to Android 16, HyperOS 3",Qualcomm SM6225 Snapdragon 685 (6 nm),6,Octa-core (4x2.8 GHz Cortex-A73 & 4x1.9 GHz Cortex-A53),Adreno 610,4,8,128,256,,50.0,2,1.8,No,,No,"LED flash, HDR",1080p@30fps,8.0,No,HDR,1080p@30fps,"Wi-Fi 802.11 b/g/n/ac, dual-band",Yes,5.0,Type-C,No,"GPS, GLONASS, GALILEO, BDS","Fingerprint (side-mounted), accelerometer, compass",7000,33,,No,,148.0,127.99,158.87,,,,,,,"Midnight Black, Titan Gray, Sandy Purple","24129PN74G, 25062RN2DE, 25062RN2DA",,,No
Xiaomi,Xiaomi Redmi 15,https://www.gsmarena.com/xiaomi_redmi_15_5g-14036.php,https://fdn2.gsmarena.com/vv/bigpic/xiaomi-redmi-15-5g.jpg,GSM / HSPA / LTE / 5G,Yes,"2025, August 01","Available. Released 2025, August 01",169.5 x 80.5 x 8.4 mm (6.67 x 3.17 x 0.33 in),217.0,Glass,IP64,Nano-SIM + Nano-SIM,"IPS LCD, 144Hz, 600 nits (typ), 700 nits (HBM), 850 nits (peak)",144,6.9,1080x2340,374,85.7,Gorilla Glass 3,"Android 15, upgradable to Android 16, HyperOS 3",Qualcomm SM6375 Snapdragon 6s Gen 3 (6 nm),6,Octa-core (2x2.3 GHz Cortex-A78 & 6x2.0 GHz Cortex-A55),Adreno 619,4,8,128,256,UFS 2.2,50.0,2,1.8,No,1/2.88,No,"LED flash, HDR",1080p@30fps,8.0,No,HDR,1080p@30fps,"Wi-Fi 802.11 a/b/g/n/ac, dual-band, Wi-Fi Direct",Yes,5.1,Type-C,No,"GPS, GLONASS, GALILEO, BDS","Fingerprint (side-mounted), accelerometer, compass",7000,33,,No,,147.0,154.89,194.0,20499,459712,2179,421,,,"Midnight Black, Titan Gray, Ripple Green",25057RN09E,,1.00 W/kg (head) 1.00 W/kg (body),No
Xiaomi,Xiaomi Redmi 15C 4G,https://www.gsmarena.com/xiaomi_redmi_15c_4g-14005.php,https://fdn2.gsmarena.com/vv/bigpic/xiaomi-redmi-15c-4g.jpg,GSM / HSPA / LTE,No,"2025, August 01","Available. Released 2025, August 01",171.6 x 79.5 x 8 mm (6.76 x 3.13 x 0.31 in),205.0,Glass,IP64,Nano-SIM + Nano-SIM,"IPS LCD, 120Hz",120,6.9,720x1600,254,84.3,Gorilla Glass 3,"Android 15, HyperOS 2",Mediatek Helio G81 Ultra (12 nm),12,Octa-core (2x2.0 GHz Cortex-A75 & 6x1.8 GHz Cortex-A55),Mali-G52 MC2,4,8,128,256,,50.0,2,1.8,No,1/2.76,No,"LED flash, HDR",1080p@30fps,8.0,No,HDR,1080p@30fps,"Wi-Fi 802.11 a/b/g/n/ac, dual-band",Yes,5.4,Type-C,Yes,"GPS, GLONASS, GALILEO, BDS","Fingerprint (side-mounted), accelerometer, compass",6000,33,,No,,118.0,96.99,110.0,,,,,,,"Moonlight Blue, Mint Green, Midnight Gray, Twilight Orange","25078RA3EA, 25078RA3EL, 25078RA3EY",,0.85 W/kg (head) 0.94 W/kg (body),FM radio
Xiaomi,Xiaomi Redmi K80 Ultra,https://www.gsmarena.com/xiaomi_redmi_k80_ultra_5g-13965.php,https://fdn2.gsmarena.com/vv/bigpic/xiaomi-redmi-k80-ultra.jpg,GSM / CDMA / HSPA / CDMA2000 / LTE / 5G,Yes,"2025, June 26","Available. Released 2025, June 26",163.1 x 77.9 x 8.2 mm (6.42 x 3.07 x 0.32 in),219.0,Glass,IP68,Nano-SIM + Nano-SIM,"OLED, 68B colors, 144Hz, Dolby Vision, HDR10+, HDR Vivid, 1800 nits (HBM), 3200 nits (peak)",144,6.83,1280x2772,447,90.2,Scratch/drop-resistant glass,"Android 15, HyperOS 2",Mediatek Dimensity 9400+ (3 nm),3,Octa-core (1x3.63 GHz Cortex-X925 & 3x3.3 GHz Cortex-X4 & 4x2.4 GHz Cortex-A720),Immortalis-G925,12,16,256,512,UFS 4.1,50.0,2,1.9,Yes,1/1.55,Yes,"Color spectrum sensor, Dual-LED dual-tone flash, HDR, panorama","8K@30fps, 4K@30/60fps, 1080p@30/60/120/240/960fps, gyro-EIS",20.0,No,HDR,1080p@30/60fps,"Wi-Fi 802.11 a/b/g/n/ac/6/7, dual-band, Wi-Fi Direct",Yes,5.4,Type-C,No,"GPS (L1+L5), BDS (B1I+B1C+B2a+B2b), GALILEO (E1+E5a+E5b), QZSS (L1+L5), NavIC, GLONASS","Fingerprint (under display, ultrasonic), accelerometer, gyro, proximity, compass",7410,100,,No,,,310.0,,,,,,,,"Gray, White, Blue, Green",,,,Unspecified
Xiaomi,Xiaomi Mix Flip 2,https://www.gsmarena.com/xiaomi_mix_flip_2_5g-13980.php,https://fdn2.gsmarena.com/vv/bigpic/xiaomi-mix-flip2.jpg,GSM / CDMA / HSPA / CDMA2000 / LTE / 5G,Yes,"2025, June 26","Available. Released 2025, June 26",Unfolded: 166.9 x 73.8 x 7.6 mm Folded: 86.1 x 73.8 x 15.9 mm,199.0,,,Nano-SIM + Nano-SIM,"Foldable LTPO AMOLED, 1B colors, Dolby Vision, HDR10+, HDR Vivid, 120Hz, 3200 nits (peak)",120,6.86,1224x2912,460,88.1,,"Android 15, HyperOS 2",Qualcomm SM8750-AB Snapdragon 8 Elite (3 nm),3,Octa-core (2x4.32 GHz Oryon V2 Phoenix L + 6x3.53 GHz Oryon V2 Phoenix M),Adreno 830,12,16,256,512,UFS 4.1,50.0,2,1.7,Yes,1/1.55,Yes,"Color spectrum sensor, LED flash, panorama, HDR, Leica lenses","8K@24fps, 4K@30/60fps, 1080p@30/60/120/240/960fps, Dolby Vision HDR",32.0,Yes,Dolby Vision HDR,"4K@30/60fps, 1080p@30/60fps","Wi-Fi 802.11 a/b/g/n/ac/6/7, dual-band, Wi-Fi Direct",Yes,5.4,Type-C,No,"GPS (L1+L5), BDS (B1I+B1c+B2a), GALILEO (E1+E5a), QZSS (L1+L5), NavIC (L5), GLONASS","Fingerprint (side-mounted), accelerometer, gyro, proximity, compass, barometer",5165,67,50,No,,,720.0,,,,,,,,"White, Purple, Green, Checkered Gold",2505APX7BC,,,No
Xiaomi,Xiaomi Watch S4 41mm,https://www.gsmarena.com/xiaomi_watch_s4_41mm-13981.php,https://fdn2.gsmarena.com/vv/bigpic/xiaomi-watch-s4-41mm.jpg,No cellular connectivity,No,"2025, June 26","Available. Released 2025, June 26",41.2 x 41.2 x 9.5 mm (1.62 x 1.62 x 0.37 in),32.0,,,No,"AMOLED, 1500 nits (HBM), 2200 nits (peak)",,1.32,466x466,320,,Scratch/drop-proof glass,HyperOS 2,,,,,,,,,,,,,No,,No,,,,No,,,No,Yes,5.4,No,No,"GPS, GLONASS, GALILEO, BDS, QZSS","Accelerometer, gyro, compass, barometer, heart rate, SpO2, thermometer (skin temperature)",320,,,No,,,120.0,,,,,,,,"Black, Green, White, Gold",M2502W1,,,No
Xiaomi,Xiaomi Pad 7S Pro 12.5,https://www.gsmarena.com/xiaomi_pad_7s_pro_12_5-13968.php,https://fdn2.gsmarena.com/vv/bigpic/xiaomi-pad-7s-pro-125.jpg,No cellular connectivity,No,"2025, June 26","Available. Released 2025, June 26",279.1 x 192 x 5.8 mm (10.99 x 7.56 x 0.23 in),576.0,Glass,,No,"IPS LCD, 68B colors, 144Hz, HDR10, HDR Vivid, Dolby Vision, 1000 nits (peak)",144,12.5,2136x3200,308,86.9,Gorilla Glass 5,"Android 15, HyperOS 2",Xring O1 (3 nm),3,10-core (2x3.4GHz Cortex-X925 & 4x3.4GHz Cortex-A725 & 2x1.9GHz Cortex-A725 & 2x1.8GHz Cortex-A520),Immortalis-G925 MP16,8,16,256,512,UFS 4.1,50.0,1,1.8,No,1/2.76,Yes,"LED flash, HDR","4K@30/60fps, 1080p@30/60fps",32.0,No,HDR,1080p@30fps,"Wi-Fi 802.11 a/b/g/n/ac/6e/7, dual-band, Wi-Fi Direct",No,5.4,Type-C,No,No,"Fingerprint (side-mounted), accelerometer, gyro, proximity, compass",10610,120,,No,,,400.0,,,,,,,,"Black, Purple, Titanium Silver, Basalt Gray",,,,No
Xiaomi,Xiaomi Redmi K Pad,https://www.gsmarena.com/xiaomi_redmi_k_pad-13960.php,https://fdn2.gsmarena.com/vv/bigpic/xiaomi-redmi-k-pad.jpg,No cellular connectivity,No,"2025, June 26","Available. Released 2025, June 26",205.1 x 132 x 6.5 mm (8.07 x 5.20 x 0.26 in),326.0,,,No,"IPS LCD, 68B colors, 165Hz, HDR Vivid, Dolby Vision, 700 nits (HBM)",165,8.8,1880x3008,403,82.9,,"Android 15, HyperOS 2",Mediatek Dimensity 9400+ (3 nm),3,Octa-core (1x3.73 GHz Cortex-X925 & 3x3.3 GHz Cortex-X4 & 4x2.4 GHz Cortex-A720),Immortalis-G925,8,16,256,512,UFS 4.1,13.0,1,2.2,No,1/3.06,Yes,"LED flash, HDR","4K@30fps, 1080p@30/60fps",8.0,No,HDR,1080p@30fps,"Wi-Fi 802.11 a/b/g/n/ac/6/7, dual-band, Wi-Fi Direct",No,5.4,Type-C,No,No,"Accelerometer, gyro, proximity, compass",7500,67,,No,,,330.0,,,,,,,,"Black, Green, Purple",,,,No
Xiaomi,Xiaomi Poco F7,https://www.gsmarena.com/xiaomi_poco_f7_5g-13951.php,https://fdn2.gsmarena.com/vv/bigpic/xiaomi-poco-f7-new.jpg,GSM / HSPA / LTE / 5G,Yes,"2025, June 24","Available. Released 2025, June 24",163.1 x 77.9 x 8.2 mm (6.42 x 3.07 x 0.32 in),215.7,Glass,IP68,Nano-SIM + Nano-SIM,"AMOLED, 68B colors, 120Hz, 3840Hz PWM, Dolby Vision, HDR10+, 700 nits (typ), 1700 nits (HBM), 3200 nits (peak",120,6.83,1280x2772,447,90.2,Gorilla Glass 7i,"Android 15, HyperOS 2",Qualcomm SM8735 Snapdragon 8s Gen 4 (4 nm),4,Octa-core (1x3.21 GHz Cortex-X4 & 3x3.0 GHz Cortex-A720 & 2x2.8 GHz Cortex-A720 & 2x2.0 GHz Cortex-A720),Adreno 825,12,12,256,512,UFS 4.1,50.0,2,1.5,Yes,1/1.95,Yes,"LED flash, HDR, panorama","4K@30/60fps, 1080p@30/60/120/240/960fps, gyro-EIS",20.0,No,HDR,1080p@30/60fps,"Wi-Fi 802.11 a/b/g/n/ac/6/7, dual-band, Wi-Fi Direct",Yes,6.0,Type-C,No,"GPS (L1+L5), BDS (B1I+B1c+B2a), GALILEO (E1+E5a), QZSS (L1+L5), NavIC (L5), GLONASS","Fingerprint (under display, optical), accelerometer, gyro, proximity, compass",6500,90,,No,Active use score 14:45h,381.7,337.32,318.9,35899,2024751,6402,4476,1525,-26.2,"Black, White, Cyber Silver","25053PC47G, 25053PC47I",,,No
Xiaomi,Xiaomi Redmi Pad 2,https://www.gsmarena.com/xiaomi_redmi_pad_2-13908.php,https://fdn2.gsmarena.com/vv/bigpic/xiaomi-redmi-pad-2.jpg,GSM / HSPA / LTE,No,"2025, June 05","Available. Released 2025, June 05",254.6 x 166 x 7.4 mm (10.02 x 6.54 x 0.29 in),510.0,Glass,,Nano-SIM + Nano-SIM (cellular model only),"IPS LCD, 1B colors, 90Hz, 600 nits (HBM)",90,11.0,1600x2560,274,83.0,Gorilla Glass 3,"Android 15, HyperOS 2",Mediatek Helio G100 Ultra (6 nm),6,Octa-core (2x2.2 GHz Cortex-A76 & 6x2.0 GHz Cortex-A55),Mali-G57 MC2,4,8,128,256,UFS 2.2,8.0,1,2.0,No,1/4.0,No,HDR,1080p@30fps,5.0,No,HDR,1080p@30fps,"Wi-Fi 802.11 a/b/g/n/ac, dual-band, Wi-Fi Direct",No,5.3,Type-C,Yes,"GPS, GALILEO, GLONASS, BDS, QZSS (cellular model only)","Accelerometer, gyro/compass (cellular model only)",9000,18,,No,Active use score 11:09h,,230.0,,,,,,,-26.9,"Graphite Gray, Mint Green, Lavender Purple","25040RP0AG, 25040RP0AI",,,FM radio
Xiaomi,Xiaomi 15S Pro,https://www.gsmarena.com/xiaomi_15s_pro_5g-13895.php,https://fdn2.gsmarena.com/vv/bigpic/xiaomi-15s-pro.jpg,GSM / CDMA / HSPA / EVDO / LTE / 5G,Yes,"2025, May 22","Available. Released 2025, May 22",161.3 x 75.3 x 8.3 mm (6.35 x 2.96 x 0.33 in),216.0,,IP68,Nano-SIM + Nano-SIM,"LTPO AMOLED, 68B colors, 120Hz, 1920Hz PWM, Dolby Vision, HDR10+, HDR Vivid, 3200 nits (peak)",120,6.73,1440x3200,521,90.0,Shatterproof glass (2024 gen),"Android 15, HyperOS 2",Xring O1 (3 nm),3,10-core (2x3.9GHz Cortex-X925 & 4x3.4GHz Cortex-A725 & 2x1.9GHz Cortex-A725 & 2x1.8GHz Cortex-A520),Immortalis-G925 MP16,16,16,512,512,UFS 4.1,50.0,3,1.4,Yes,1/1.31,Yes,"Laser AF, color spectrum sensor, Leica lens, Dual-LED dual-tone flash, HDR, panorama","8K@24fps (HDR), 4K@30/60fps (HDR10+, 10-bit Dolby Vision HDR, 10-bit LOG), 1080p@30/60/120/240/960fps, gyro-EIS",32.0,Yes,"HDR, panorama","4K@30/60fps, 1080p@30/60fps, gyro-EIS","Wi-Fi 802.11 a/b/g/n/ac/6e/7, dual-band, Wi-Fi Direct",Yes,5.4,Type-C,No,"GPS (L1+L5), BDS (B1I+B1c+B2a), GALILEO (E1+E5a), QZSS (L1+L5), GLONASS","Fingerprint (under display, ultrasonic), accelerometer, proximity, gyro, compass, barometer",6100,90,50,Yes,,,680.0,,,,,,,,"Black, Blue",,,,No
Xiaomi,Xiaomi Civi 5 Pro,https://www.gsmarena.com/xiaomi_civi_5_pro_5g-13875.php,https://fdn2.gsmarena.com/vv/bigpic/xiaomi-civi-5-pro.jpg,GSM / CDMA / HSPA / CDMA2000 / LTE / 5G,Yes,"2025, May 22","Available. Released 2025, May 22",157.1 x 73.2 x 7.5 or 7.7 g,181.0,,,Nano-SIM + Nano-SIM,"AMOLED, 68B colors, 120Hz, 2560Hz PWM, Dolby Vision, HDR10+, HDR Vivid, 3200 nits (peak)",120,6.55,1236x2750,460,90.0,,"Android 15, HyperOS 2",Qualcomm SM8735 Snapdragon 8s Gen 4 (4 nm),4,Octa-core (1x3.21 GHz Cortex-X4 & 3x3.0 GHz Cortex-A720 & 2x2.8 GHz Cortex-A720 & 2x2.0 GHz Cortex-A720),Adreno 825,12,16,256,512,UFS 4.0,50.0,3,1.6,Yes,1/1.55,Yes,"Color spectrum sensor, Dual-LED flash, HDR, panorama, Leica lenses","4K@30/60fps, 1080p@30/60/120/240/960fps, HDR, gyro-EIS",50.0,Yes,"HDR, panorama","4K@30/60fps, 1080p@30/60fps; gyro-EIS","Wi-Fi 802.11 a/b/g/n/ac/6/7, dual-band, Wi-Fi Direct",Yes,5.4,Type-C,No,"GPS, GALILEO, GLONASS, QZSS, BDS (B1I+B1c)","Fingerprint (under display, optical), accelerometer, gyro, proximity, compass",6000,67,,No,,,370.0,,,,,,,,"Gray, Rose Gold, Violet, White, Brown",,,,No
Xiaomi,Xiaomi Pad 7 Ultra,https://www.gsmarena.com/xiaomi_pad_7_ultra-13896.php,https://fdn2.gsmarena.com/vv/bigpic/xiaomi-pad7-ultra.jpg,No cellular connectivity,No,"2025, May 22","Available. Released 2025, May 22",305.8 x 207.5 x 5.1 mm (12.04 x 8.17 x 0.20 in),609.0,Glass,,No,"AMOLED, 68B colors, 120Hz, 4800Hz PWM, Dolby Vision, HDR10+, HDR Vivid, 1600 nits (peak)",120,14.0,2136x3200,275,92.0,Gorilla Glass 5,"Android 15, HyperOS 2",Xring O1 (3 nm),3,10-core (2x3.7GHz Cortex-X925 & 4x3.4GHz Cortex-A725 & 2x1.9GHz Cortex-A725 & 2x1.8GHz Cortex-A520),Immortalis-G925 MP16,12,16,256,512,UFS 4.1,50.0,1,1.8,No,1/2.76,Yes,"LED flash, HDR, panorama","4K@30/60fps, 1080p@30/60fps",32.0,No,HDR,1080p@30fps,"Wi-Fi 802.11 a/b/g/n/a/6/7, dual-band, Wi-Fi Direct",Yes,5.4,Type-C,No,No,"Fingerprint (side-mounted), accelerometer, gyro, proximity, compass",12000,120,,No,,,700.0,,,,,,,,"Gray, Blue",,,,No
Xiaomi,Xiaomi Redmi Turbo 4 Pro,https://www.gsmarena.com/xiaomi_redmi_turbo_4_pro-13617.php,https://fdn2.gsmarena.com/vv/bigpic/xiaomi-redmi-turbo-4-pro.jpg,GSM / CDMA / HSPA / CDMA2000 / LTE / 5G,Yes,"2025, April 24","Available. Released 2025, April 24",163.1 x 77.9 x 8 mm (6.42 x 3.07 x 0.31 in),219.0,Glass,IP68,Nano-SIM + Nano-SIM,"AMOLED, 68B colors, 120Hz, 3840Hz PWM, Dolby Vision, HDR10+, HDR Vivid, 800 nits (typ), 1800 nits (HBM), 3200 nits (peak",120,6.83,1280x2772,447,90.2,,"Android 15, HyperOS 2",Qualcomm SM8735 Snapdragon 8s Gen 4 (4 nm),4,Octa-core (1x3.21 GHz Cortex-X4 & 3x3.0 GHz Cortex-A720 & 2x2.8 GHz Cortex-A720 & 2x2.0 GHz Cortex-A720),Adreno 825,12,16,256,512,UFS 4.1,50.0,2,1.5,Yes,1/1.95,Yes,"LED flash, HDR, panorama","4K@30/60fps, 1080p@30/60/120/240/960fps, gyro-EIS",20.0,No,,1080p@30/60fps,"Wi-Fi 802.11 a/b/g/n/ac/6/7, dual-band, Wi-Fi Direct",Yes,5.4,Type-C,No,"GPS (L1+L5), BDS (B1I+B1c+B2a), GALILEO (E1+E5a), QZSS (L1+L5), NavIC (L5), GLONASS","Fingerprint (under display, optical), accelerometer, gyro, proximity, compass",7550,90,,No,,,240.0,,,,,,,,"Black, White, Green, Harry Potter edition",25053RT47C,,,No
Xiaomi,Xiaomi Redmi Watch Move,https://www.gsmarena.com/xiaomi_redmi_watch_move-13806.php,https://fdn2.gsmarena.com/vv/bigpic/xiaomi-redmi-watch-move.jpg,No cellular connectivity,No,"2025, April 21","Available. Released 2025, April 24",45.5 x 38.9 x 10.8 mm (1.79 x 1.53 x 0.43 in),25.0,,IP68,No,"AMOLED, 600 nits (typ)",,1.85,390x450,322,,,HyperOS,,,,,,,,,,,,,No,,No,,,,No,,,No,No,5.3,No,No,No,"Accelerometer, heart rate, SpO2",300,,,No,,,20.0,,,,,,,,"Black Drift, Gold Rush, Silver Sprint, Blue Blaze",M2460W1,,,No
Xiaomi,Xiaomi Poco C71,https://www.gsmarena.com/xiaomi_poco_c71_4g-13767.php,https://fdn2.gsmarena.com/vv/bigpic/xiaomi-poco-c71.jpg,GSM / HSPA / LTE,No,"2025, April 04","Available. Released 2025, April 08",171.8 x 77.8 x 8.3 mm (6.76 x 3.06 x 0.33 in),193.0,,,Nano-SIM + Nano-SIM,"IPS LCD, 120Hz, 450 nits (typ), 600 nits (HBM)",120,6.88,720x1640,260,84.1,,"Android 15 or Android 15 (Go edition), up to 2 major Android upgrades",Unisoc T7250 (12 nm),12,Octa-core (2x1.8 GHz Cortex-A75 & 6x1.6 GHz Cortex-A55),Mali-G57 MP1,3,6,64,128,eMMC 5.1,32.0,1,1.8,No,,No,"LED flash, HDR",1080p@30fps,8.0,No,HDR,1080p@30fps,"Wi-Fi 802.11 a/b/g/n/ac, dual-band",No,5.2,Type-C,Yes,GPS,"Fingerprint (side-mounted), accelerometer, compass",5200,15,,No,,,99.0,71.99,,,,,,,"Power Black, Cool Blue, Desert Gold","25028PC03I, 25028PC03G",0.82 W/kg (head) 0.77 W/kg (body),,"FM radio, recording"
Xiaomi,Xiaomi Poco F7 Ultra,https://www.gsmarena.com/xiaomi_poco_f7_ultra-13723.php,https://fdn2.gsmarena.com/vv/bigpic/xiaomi-poco-f7-ultra.jpg,GSM / HSPA / LTE / 5G,Yes,"2025, March 27","Available. Released 2025, March 27",160.3 x 75 x 8.4 mm (6.31 x 2.95 x 0.33 in),212.0,Glass,IP68,Nano-SIM + Nano-SIM,"AMOLED, 68B colors, 120Hz, 3840Hz PWM, Dolby Vision, HDR10+, 1800 nits (HBM), 3200 nits (peak)",120,6.67,1440x3200,526,89.3,"Poco Shield Glass, Mohs level 5","Android 15, upgradable to Android 16, HyperOS 3",Qualcomm SM8750-AB Snapdragon 8 Elite (3 nm),3,Octa-core (2x4.32 GHz Oryon V2 Phoenix L + 6x3.53 GHz Oryon V2 Phoenix M),Adreno 830,12,16,256,512,UFS 4.1,50.0,3,1.6,Yes,1/1.55,Yes,"Color spectrum sensor, LED flash, HDR, panorama","8K@24fps, 4K@24/30/60fps, 1080p@30/60/120/240/960fps, 720p@1920fps, gyro-EIS",32.0,No,HDR,"1080p@30/60fps, gyro-EIS","Wi-Fi 802.11 a/b/g/n/ac/6e/7, dual-band, Wi-Fi Direct",Yes,6.0,Type-C,No,"GPS (L1+L5), GLONASS (G1), BDS (B1I+B1c+B2a), GALILEO (E1+E5a), QZSS (L1+L5), NavIC (L5)","Fingerprint (under display, ultrasonic), accelerometer, proximity, gyro, compass",5300,120,50,No,Active use score 13:32h,724.99,500.81,541.99,,2580520,8887,6204,1506,-24.7,"Black, Yellow",24122RKC7G,,,No
Xiaomi,Xiaomi Poco F7 Pro,https://www.gsmarena.com/xiaomi_poco_f7_pro-13724.php,https://fdn2.gsmarena.com/vv/bigpic/xiaomi-poco-f7-pro.jpg,GSM / HSPA / LTE / 5G,Yes,"2025, March 27","Available. Released 2025, March 27",160.3 x 75 x 8.1 mm (6.31 x 2.95 x 0.32 in),206.0,Glass,IP68,Nano-SIM + Nano-SIM,"AMOLED, 68B colors, 120Hz, 3840Hz PWM, Dolby Vision, HDR10+, 1800 nits (HBM), 3200 nits (peak)",120,6.67,1440x3200,526,89.3,Gorilla Glass 7i,"Android 15, HyperOS 2",Qualcomm SM8650-AB Snapdragon 8 Gen 3 (4 nm),4,Octa-core (1x3.3 GHz Cortex-X4 & 3x3.2 GHz Cortex-A720 & 2x3.0 GHz Cortex-A720 & 2x2.3 GHz Cortex-A520),Adreno 750,12,12,256,512,UFS 4.1,50.0,2,1.6,Yes,1/1.55,Yes,"Color spectrum sensor, LED flash, HDR, panorama","8K@24fps, 4K@24/30/60fps, 1080p@30/60/120/240/960fps, 720p@1920fps, gyro-EIS",20.0,No,HDR,"1080p@30/60fps, gyro-EIS","Wi-Fi 802.11 a/b/g/n/ac/6e/7, dual-band, Wi-Fi Direct",Yes,5.4,Type-C,No,"GPS (L1+L5), GLONASS (G1), BDS (B1I+B1c+B2a), GALILEO (E1+E5a), QZSS (L1+L5), NavIC (L5)","Fingerprint (under display, ultrasonic), accelerometer, proximity, gyro, compass",6000,90,,No,Active use score 13:51h,579.99,439.9,378.0,,2065265,6661,4921,1478,-25.2,"Black, Blue, Silver",24117RK2CG,,,No
Xiaomi,Xiaomi Redmi 13x,https://www.gsmarena.com/xiaomi_redmi_13x_4g-13764.php,https://fdn2.gsmarena.com/vv/bigpic/xiaomi-redmi-13x-4g.jpg,GSM / HSPA / LTE,No,"2025, March 28","Available. Released 2025, March 28",168.6 x 76.3 x 8.3 mm (6.64 x 3.00 x 0.33 in),205.0,Glass,IP53,Nano-SIM + Nano-SIM,"IPS LCD, 90Hz, 550 nits (HBM)",90,6.79,1080x2460,396,85.1,Corning Gorilla Glass,"Android 14, HyperOS",Mediatek Helio G91 Ultra (12 nm),12,Octa-core (2x2.0 GHz Cortex-A75 & 6x1.8 GHz Cortex-A55),Mali-G52 MC2,6,8,128,256,eMMC 5.1,108.0,2,1.8,No,1/1.67,No,"LED flash, HDR",1080p@30fps,13.0,No,HDR,1080p@30fps,"Wi-Fi 802.11 a/b/g/n/ac, dual-band",Yes,5.4,Type-C,Yes,"GPS, GLONASS, GALILEO, BDS","Fingerprint (side-mounted), accelerometer, compass",5030,33,,No,,,150.0,,,,,,,,"Black, Blue, Gold",24049RN28L,,,FM radio
Xiaomi,Xiaomi Redmi A5,https://www.gsmarena.com/xiaomi_redmi_a5_4g-13737.php,https://fdn2.gsmarena.com/vv/bigpic/xiaomi-redmi-a5-4g.jpg,GSM / HSPA / LTE,No,"2025, March 21","Available. Released 2025, March 21",171.7 x 77.8 x 8.3 mm (6.76 x 3.06 x 0.33 in),193.0,,,Nano-SIM + Nano-SIM,"IPS LCD, 120Hz, 450 nits (typ)",120,6.88,720x1640,260,84.1,Mohs level 5,"Android 15 (Go edition), up to 2 major Android upgrades",Unisoc T7250 (12 nm),12,Octa-core (2x1.8 GHz Cortex-A75 & 6x1.6 GHz Cortex-A55),Mali-G57 MP1,3,6,64,128,eMMC 5.1,32.0,1,2.0,No,,No,"LED flash, HDR",1080p@30fps,8.0,No,HDR,1080p@30fps,"Wi-Fi 802.11 a/b/g/n/ac, dual-band",No,5.2,Type-C,Yes,"GPS, GALILEO, GLONASS, BDS","Fingerprint (side-mounted), accelerometer, compass",5200,15,,No,,91.84,79.0,67.5,8849,,,,,,"Ocean Blue, Lake Green, Sandy Gold, Midnight Black","25028PC03G, 25028RN03A, 25028RN03I, 25028RN03Y",,,FM radio
Xiaomi,Xiaomi Redmi Note 14S,https://www.gsmarena.com/xiaomi_redmi_note_14s-13730.php,https://fdn2.gsmarena.com/vv/bigpic/xiaomi-redmi-note-14s.jpg,GSM / HSPA / LTE,No,"2025, March 14","Available. Released 2025, March 14",161.1 x 75 x 8 mm (6.34 x 2.95 x 0.31 in),179.0,Glass,IP64,Nano-SIM + Nano-SIM,"AMOLED, 1B colors, 120Hz, 500 nits (typ), 1000 nits (HBM), 1300 nits (peak)",120,6.67,1080x2400,395,88.9,Gorilla Glass 5,"Android 15, HyperOS",Mediatek Helio G99 Ultra,,Octa-core (2x2.2 GHz Cortex-A76 & 6x2.0 GHz Cortex-A55),Mali-G57 MC2,8,12,128,512,UFS 2.2,200.0,3,1.7,Yes,1/1.4,No,"LED flash, HDR, panorama",1080p@30/60fps,16.0,No,,1080p@30/60fps,"Wi-Fi 802.11 a/b/g/n/ac, dual-band",Yes,5.2,Type-C,Yes,"GPS, GLONASS, GALILEO, BDS","Fingerprint (under display, optical), accelerometer, gyro, compass",5000,67,,No,,204.0,182.0,,,,,,,,"Midnight Black, Aurora Purple, Ocean Blue",2502FRA65G,,0.99 W/kg (head) 0.99 W/kg (body),FM radio
Xiaomi,Xiaomi 15,https://www.gsmarena.com/xiaomi_15-13472.php,https://fdn2.gsmarena.com/vv/bigpic/xiaomi-15.jpg,GSM / HSPA / LTE / 5G,Yes,"2024, October 29","Available. Released 2024, October 29",152.3 x 71.2 x 8.1 / 8.4 / 8.5 mm,192.0,Glass,IP68,· Nano-SIM + Nano-SIM · Nano-SIM + Nano-SIM + eSIM + eSIM (max 2 at a time),"LTPO AMOLED, 68B colors, 1920Hz PWM, 120Hz, Dolby Vision, HDR10+, 3200 nits (peak)",920,6.36,1200x2670,460,90.0,"Xiaomi Shield Glass, Mohs level 6","Android 15, up to 4 major Android upgrades, HyperOS 2",Qualcomm SM8750-AB Snapdragon 8 Elite (3 nm),3,Octa-core (2x4.32 GHz Oryon V2 Phoenix L + 6x3.53 GHz Oryon V2 Phoenix M),Adreno 830,12,16,256,512,UFS 4.0,50.0,3,1.6,Yes,1/1.31,Yes,"Laser AF, color spectrum sensor, Leica lens, Dual-LED dual-tone flash, HDR, panorama","8K@24/30fps (HDR), 4K@24/30/60fps (HDR10+, 10-bit Dolby Vision HDR, 10-bit LOG), 1080p@30/60/120/240/960fps, 720p@1920fps, gyro-EIS",32.0,Yes,"HDR, panorama","4K@30/60fps, 1080p@30/60fps, HDR10+, gyro-EIS","Wi-Fi 802.11 a/b/g/n/ac/6e/7, dual-band or tri-band, Wi-Fi Direct",Yes,5.4,Type-C,No,"GPS (L1+L5), GLONASS (G1), BDS (B1I+B1c+B2a), GALILEO (E1+E5a), QZSS (L1+L5)","Fingerprint (under display, ultrasonic), accelerometer, proximity, gyro, compass, barometer",5240,90,50,Yes,Active use score 16:28h,745.0,568.5,580.16,67999,2534638,9419,5980,1517,-25.7,"Black, White, Liquid Silver, Green, Lilac","24129PN74G, 24129PN74I, 24129PN74C",,0.99 W/kg (head) 1.00 W/kg (body),No
Xiaomi,Xiaomi Black Shark Pad 6,https://www.gsmarena.com/xiaomi_black_shark_pad_6_4g-13774.php,https://fdn2.gsmarena.com/vv/bigpic/xiaomi-black-shark-pad-6.jpg,GSM / HSPA / LTE,No,"2024, November 29","Available. Released 2024, December",265.8 x 168.3 x 7.9 mm (10.46 x 6.63 x 0.31 in),523.0,,,Nano-SIM + Nano-SIM (cellular model only),"IPS LCD, 90Hz",90,11.0,1200x1920,206,78.4,,Android 14,Unisoc Tiger T616 (12 nm),12,Octa-core (2x2.0 GHz Cortex-A75 & 6x1.8 GHz Cortex-A55),Mali-G57 MP1,8,8,256,256,,16.0,1,,No,,No,LED flash,1080p@30fps,8.0,No,,1080p@30fps,"Wi-Fi 802.11 a/b/g/n/ac, dual-band",No,5.1,Type-C,No,"GPS, GALILEO, GLONASS, BDS - cellular model only",Accelerometer,8800,18,,No,,,280.0,,,,,,,,"Gray, Green",,,,Unspecified
Xiaomi,Xiaomi Poco M7,https://www.gsmarena.com/xiaomi_poco_m7_5g-13678.php,https://fdn2.gsmarena.com/vv/bigpic/xiaomi-poco-m7-5g.jpg,GSM / HSPA / LTE / 5G,Yes,"2025, March 03","Available. Released 2025, March 07",171.9 x 77.8 x 8.2 mm (6.77 x 3.06 x 0.32 in),205.4,Glass,,Nano-SIM + Nano-SIM,"IPS LCD, 120Hz, 450 nits (typ), 600 nits (HBM)",120,6.88,720x1640,260,84.0,,"Android 14, up to 2 major Android upgrades, HyperOS",Qualcomm SM4450 Snapdragon 4 Gen 2 (4 nm),4,Octa-core (2x2.2 GHz Cortex-A78 & 6x1.95 GHz Cortex-A55),Adreno 613,6,8,128,128,,50.0,1,1.8,No,1/2.96,No,"LED flash, HDR",1080p@30fps,8.0,No,,1080p@30fps,"Wi-Fi 802.11 a/b/g/n/ac, dual-band",No,5.0,Type-C,Yes,"GPS, GLONASS, GALILEO, BDS, QZSS, NavIC","Fingerprint (side-mounted), accelerometer, compass",5160,18,,No,,,126.9,124.9,,,,,,,"Ocean Blue, Satin Black, Mint Green","24108PCE2I, MZB0KE1IN",0.85 W/kg (head) 0.76 W/kg (body),,"FM radio, recording"
Xiaomi,Xiaomi Redmi Note 14 Pro+ 5G,https://www.gsmarena.com/xiaomi_redmi_note_14_pro+_5g_(global)-13612.php,https://fdn2.gsmarena.com/vv/bigpic/xiaomi-redmi-note-14-pro-plus-5g-gl.jpg,GSM / HSPA / LTE / 5G,Yes,"2025, January 10","Available. Released 2025, January 15",162.5 x 74.7 x 8.8 mm (6.40 x 2.94 x 0.35 in),205.0,Glass,IP68,· Nano-SIM + eSIM · Nano-SIM + Nano-SIM,"AMOLED, 68B colors, 120Hz, 1920Hz PWM, HDR10+, Dolby Vision, 3000 nits (peak)",120,6.67,1220x2712,446,88.5,Gorilla Glass Victus,"Android 14, up to 3 major Android upgrades, HyperOS",Qualcomm SM7635 Snapdragon 7s Gen 3 (4 nm),4,Octa-core (1x2.5 GHz Cortex-A720 & 3x2.4 GHz Cortex-A720 & 4x1.8 GHz Cortex-A520),Adreno 810,8,12,256,512,UFS 2.2,200.0,3,1.7,Yes,1/1.4,Yes,"LED flash, HDR, panorama","4K@24/30fps, 1080p@30/60/120fps, gyro-EIS, OIS",20.0,No,"HDR, panorama",1080p@30/60fps,"Wi-Fi 802.11 a/b/g/n/ac/6/6e, dual-band, Wi-Fi Direct (/6e is market/region dependent)",Yes,5.4,Type-C,No,"GPS (L1+L5), GALILEO, GLONASS, QZSS, BDS","Fingerprint (under display, optical), accelerometer, gyro, compass, proximity",5110,120,,No,Active use score 10:40h,286.0,285.99,269.0,,750292,3234,1049,1200,-26.5,"Lavender Purple, Frost Blue, Midnight Black, Sand Gold",24115RA8EG,,0.99 W/kg (head) 1.00 W/kg (body),Unspecified
Xiaomi,Xiaomi Redmi Note 14 Pro 5G,https://www.gsmarena.com/xiaomi_redmi_note_14_pro_5g_(global)-13613.php,https://fdn2.gsmarena.com/vv/bigpic/xiaomi-redmi-note-14-pro-5g-gl.jpg,GSM / HSPA / LTE / 5G,Yes,"2025, January 10","Available. Released 2025, January 15",162.3 x 74.4 x 8.4 mm (6.39 x 2.93 x 0.33 in),190.0,Glass,IP68,· Nano-SIM + eSIM · Nano-SIM + Nano-SIM,"AMOLED, 68B colors, 120Hz, 1920Hz PWM, HDR10+, Dolby Vision, 3000 nits (peak)",120,6.67,1220x2712,446,88.9,Gorilla Glass Victus,"Android 14, up to 3 major Android upgrades, HyperOS",Mediatek Dimensity 7300 Ultra (4 nm),4,Octa-core (4x2.5 GHz Cortex-A78 & 4x2.0 GHz Cortex-A55),Mali-G615 MC2,8,12,256,512,UFS 2.2,200.0,3,1.7,Yes,1/1.4,Yes,"LED flash, HDR, panorama","4K@24/30fps, 1080p@30/60/120fps, gyro-EIS, OIS",20.0,No,"HDR, panorama",1080p@30/60fps,"Wi-Fi 802.11 a/b/g/n/ac/6, dual-band, Wi-Fi Direct",Yes,5.4,Type-C,No,"GPS, GALILEO, GLONASS, QZSS, BDS","Fingerprint (under display, optical), accelerometer, gyro, compass, proximity",5110,45,,No,Active use score 11:39h,275.0,259.99,199.0,,684320,2913,849,1138,-26.7,"Lavender Purple, Coral Green, Midnight Black",24090RA29G,1.09 W/kg (head) 1.06 W/kg (body),0.99 W/kg (head) 0.99 W/kg (body),Unspecified
Xiaomi,Xiaomi Redmi Note 14 Pro 4G,https://www.gsmarena.com/xiaomi_redmi_note_14_pro_4g_(global)-13614.php,https://fdn2.gsmarena.com/vv/bigpic/xiaomi-redmi-note-14-pro-4g-gl.jpg,GSM / HSPA / LTE,No,"2025, January 10","Available. Released 2025, January 16",162.2 x 74.9 x 8.2 mm (6.39 x 2.95 x 0.32 in),180.0,Glass,IP64,Nano-SIM + Nano-SIM,"AMOLED, 1B colors, 120Hz, 1920Hz PWM, 1200 nits (HBM), 1800 nits (peak)",120,6.67,1080x2400,395,88.4,Gorilla Glass Victus,"Android 14, HyperOS",Mediatek Helio G100 Ultra (6 nm),6,Octa-core (2x2.2 GHz Cortex-A76 & 6x2.0 GHz Cortex-A55),Mali-G57 MC2,8,12,128,512,UFS 2.2,200.0,3,1.7,Yes,1/1.4,No,"LED flash, HDR, panorama","1080p@30/60fps, gyro-EIS",32.0,No,,1080p@30fps,"Wi-Fi 802.11 a/b/g/n/ac, dual-band",Yes,5.3,Type-C,Yes,"GPS, GALILEO, GLONASS, QZSS, BDS","Fingerprint (under display, optical), accelerometer, proximity, gyro, compass",5500,45,,No,Active use score 12:07h,244.97,221.0,,,423868,1999,347,1500,-27.5,"Midnight Black, Aurora Purple, Ocean Blue",24116RACCG,,0.80 W/kg (head) 0.98 W/kg (body),FM radio
Xiaomi,Xiaomi Redmi Note 14 5G,https://www.gsmarena.com/xiaomi_redmi_note_14_5g_(global)-13615.php,https://fdn2.gsmarena.com/vv/bigpic/xiaomi-redmi-note-14-5g-gl.jpg,GSM / HSPA / LTE / 5G,Yes,"2025, January 10","Available. Released 2025, January 16",162.4 x 75.7 x 8 mm (6.39 x 2.98 x 0.31 in),190.0,Glass,IP64,Nano-SIM + Nano-SIM,"AMOLED, 120Hz, 960Hz PWM, HDR10+, 1200 nits (HBM), 2100 nits (peak)",120,6.67,1080x2400,395,87.4,Gorilla Glass 5,"Android 14, up to 2 major Android upgrades, HyperOS",Mediatek Dimensity 7025 Ultra (6 nm),6,Octa-core (2x2.5 GHz Cortex-A78 & 6x2.0 GHz Cortex-A55),IMG BXM-8-256,6,12,128,512,UFS 2.2,108.0,3,1.7,Yes,1/1.67,No,"LED flash, HDR, panorama","1080p@30fps, gyro-EIS, OIS",20.0,No,,1080p@30fps,"Wi-Fi 802.11 a/b/g/n/ac, dual-band, Wi-Fi Direct",Yes,5.3,Type-C,Yes,"GPS, GLONASS, BDS, GALILEO","Fingerprint (under display, optical), accelerometer, gyro, compass",5110,45,,No,Active use score 11:50h,222.0,177.99,204.28,,463129,2258,,1168,-22.7,"Midnight Black, Lavender Purple, Coral Green",24094RAD4G,,0.99 W/kg (head) 1.00 W/kg (body),FM radio
Xiaomi,Xiaomi Redmi Note 14 4G,https://www.gsmarena.com/xiaomi_redmi_note_14_4g_(global)-13616.php,https://fdn2.gsmarena.com/vv/bigpic/xiaomi-redmi-note-14-4g-gl.jpg,GSM / HSPA / LTE,No,"2025, January 10","Available. Released 2025, January 15",163.3 x 76.6 x 8.2 mm (6.43 x 3.02 x 0.32 in),196.5,Glass,IP54,Nano-SIM + Nano-SIM,"AMOLED, 120Hz, 960Hz PWM, 1200 nits (HBM), 1800 nits (peak)",120,6.67,1080x2400,395,85.9,Gorilla Glass 5,"Android 14, up to 4 major Android upgrades, HyperOS",Mediatek Helio G99 Ultra (6 nm),6,Octa-core (2x2.2 GHz Cortex-A76 & 6x2.0 GHz Cortex-A55),Mali-G57 MC2,6,8,128,256,UFS 2.2,108.0,3,1.7,No,1/1.67,No,"LED flash, HDR, panorama",1080p@30/60fps,20.0,No,,1080p@30fps,"Wi-Fi 802.11 a/b/g/n/ac, dual-band, Wi-Fi Direct",Yes,5.3,Type-C,Yes,"GPS, GLONASS, BDS, GALILEO","Fingerprint (under display, optical), accelerometer, gyro, compass, proximity",5500,33,,No,Active use score 12:47h,157.7,129.99,139.0,,,,,,-24.8,"Midnight Black, Mist Purple, Ocean Blue, Lime Green","24117RN76G, 24117RN76O, 24117RN76E",,1.00 W/kg (head) 0.97 W/kg (body),Unspecified
Xiaomi,Xiaomi Poco X7,https://www.gsmarena.com/xiaomi_poco_x7-13604.php,https://fdn2.gsmarena.com/vv/bigpic/xiaomi-poco-x7.jpg,GSM / HSPA / LTE / 5G,Yes,"2025, January 09","Available. Released 2025, January 09",162.3 x 74.4 x 8.4 mm or 8.6 mm,185.5,Glass,IP68,· Nano-SIM + Nano-SIM + eSIM (max 2 at a time) · Nano-SIM + Nano-SIM,"AMOLED, 68B colors, 120Hz, 1920Hz PWM, HDR10+, Dolby Vision, 1200 nits (HBM), 3000 nits (peak)",120,6.67,1220x2712,446,88.9,Gorilla Glass Victus,"Android 14, HyperOS",Mediatek Dimensity 7300 Ultra (4 nm),4,Octa-core (4x2.5 GHz Cortex-A78 & 4x2.0 GHz Cortex-A55),Mali-G615 MC2,8,12,128,512,UFS 2.2,50.0,3,1.5,Yes,1/1.95,Yes,"LED flash, HDR, panorama","4K@24/30fps, 1080p@30/60/120fps, gyro-EIS, OIS",20.0,No,,1080p@30/60fps,"Wi-Fi 802.11 a/b/g/n/ac/6, dual-band, Wi-Fi Direct",Yes,5.4,Type-C,No,"GPS, GLONASS, BDS, GALILEO, QZSS","Fingerprint (under display, optical), accelerometer, gyro, compass, proximity",5110,45,,No,Active use score 11:07h,289.99,255.35,,,677093,2846,846,1111,-26.8,"Black, Green, Silver",24095PCADG,1.09 W/kg (head) 1.06 W/kg (body),0.99 W/kg (head) 0.99 W/kg (body),No
Xiaomi,Xiaomi Redmi 14C 5G,https://www.gsmarena.com/xiaomi_redmi_14c_5g-13595.php,https://fdn2.gsmarena.com/vv/bigpic/xiaomi-redmi-14c.jpg,GSM / HSPA / LTE / 5G,Yes,"2025, January 06","Available. Released 2025, January 10",171.9 x 77.8 x 8.2 mm (6.77 x 3.06 x 0.32 in),205.0,Glass,,Nano-SIM + Nano-SIM,"IPS LCD, 120Hz, 450 nits (typ), 600 nits (HBM)",120,6.88,720x1640,260,84.0,,"Android 14, up to 2 major Android upgrades, HyperOS",Qualcomm SM4450 Snapdragon 4 Gen 2 (4 nm),4,Octa-core (2x2.2 GHz Cortex-A78 & 6x1.95 GHz Cortex-A55),Adreno 613,4,6,64,256,UFS 2.2,50.0,1,1.8,No,,No,"LED flash, HDR",1080p@30fps,8.0,No,,1080p@30fps,"Wi-Fi 802.11 a/b/g/n/ac, dual-band",No,,Type-C,Yes,"GPS, GLONASS, GALILEO, BDS","Fingerprint (side-mounted), accelerometer, compass",5160,18,,No,,,120.0,,,,,,,,"Stardust Purple, Starlight Blue, Stargaze Black",2411DRN47I,0.85 W/kg (head) 0.76 W/kg (body),,"FM radio, recording"
Xiaomi,Xiaomi Redmi 14C (China),https://www.gsmarena.com/xiaomi_redmi_14c_(china)-13627.php,https://fdn2.gsmarena.com/vv/bigpic/xiaomi-redmi-14c-cn.jpg,GSM / HSPA / LTE,No,"2024, December 30","Available. Released 2025, January 29",171.9 x 77.8 x 8.2 mm (6.77 x 3.06 x 0.32 in),204.0,,,Nano-SIM + Nano-SIM,"IPS LCD, 120Hz, 450 nits (typ), 600 nits (HBM)",120,6.88,720x1640,260,84.0,,"Android 14, HyperOS",Mediatek Helio G81 Ultra (12 nm),12,Octa-core (2x2.0 GHz Cortex-A75 & 6x1.8 GHz Cortex-A55),Mali-G52 MC2,4,8,64,256,,13.0,1,,No,,No,"LED flash, HDR",1080p@30fps,5.0,No,,1080p@30fps,"Wi-Fi 802.11 a/b/g/n/ac, dual-band",No,5.4,Type-C,Yes,"GPS, GLONASS, GALILEO, BDS","Fingerprint (side-mounted), accelerometer, compass",5160,18,,No,,,100.0,,,,,,,,"Black, Green, Silver",,,,FM radio
Xiaomi,Xiaomi Redmi Turbo 4,https://www.gsmarena.com/xiaomi_redmi_turbo_4-13598.php,https://fdn2.gsmarena.com/vv/bigpic/xiaomi-redmi-turbo4.jpg,GSM / CDMA / HSPA / CDMA2000 / LTE / 5G,Yes,"2025, January 02","Available. Released 2025, January 02",161 x 75.2 x 8.1 mm (6.34 x 2.96 x 0.32 in),203.5,,IP68,Nano-SIM + Nano-SIM,"AMOLED, 68B colors, 120Hz, 1920Hz PWM, Dolby Vision, HDR10+, HDR Vivid, 1400 nits (HBM), 3200 nits (peak)",120,6.67,1220x2712,446,88.7,,"Android 15, HyperOS 2",Mediatek Dimensity 8400 Ultra (4 nm),4,Octa-core (1x3.25 GHz Cortex-A725 & 3x3.0 GHz Cortex-A725 & 4x2.1 GHz Cortex-A725),G720 MC7,12,16,256,512,UFS 4.0,50.0,2,1.5,Yes,1/1.95,Yes,"LED flash, HDR, panorama","4K@24/30/60fps, 1080p@30/60/120/240/960fps, gyro-EIS",20.0,No,,1080p@30fps,"Wi-Fi 802.11 a/b/g/n/ac/6, dual-band, Wi-Fi Direct",Yes,6.0,Type-C,No,"GPS (L1+L5), GLONASS (G1), BDS (B1I+B1c+B2a), GALILEO (E1+E5a), QZSS (L1+L5), NavIC (L5)","Fingerprint (under display, optical), accelerometer, gyro, proximity, compass",6550,90,,No,,,270.0,,,,,,,,"Black, White, Blue",24129RT7CC,,,No
Xiaomi,Xiaomi Poco M7 Pro 5G,https://www.gsmarena.com/xiaomi_poco_m7_pro_5g-13570.php,https://fdn2.gsmarena.com/vv/bigpic/xiaomi-poco-m7-pro-5g-.jpg,GSM / HSPA / LTE / 5G,Yes,"2024, December 17","Available. Released 2024, December 20",162.4 x 75.7 x 8 mm (6.39 x 2.98 x 0.31 in),190.0,Glass,IP64,Nano-SIM + Nano-SIM,"AMOLED, 120Hz, 960Hz PWM, HDR10+, 2100 nits (peak), Dolby Vision (India only)",120,6.67,1080x2400,395,87.4,Gorilla Glass 5,"Android 14, up to 2 (INT) / 4 (EU) major Android upgrades, HyperOS",Mediatek Dimensity 7025 Ultra (6 nm),6,Octa-core (2x2.5 GHz Cortex-A78 & 6x2.0 GHz Cortex-A55),IMG BXM-8-256,6,12,128,512,UFS 2.2,50.0,2,1.5,Yes,1/1.95,No,"LED flash, HDR, panorama",1080p@30fps,20.0,No,"Panorama, HDR",1080p@30fps,"Wi-Fi 802.11 a/b/g/n/ac, dual-band",Yes,5.0,Type-C,Yes,"GPS, GLONASS, GALILEO, BDS","Fingerprint (under display, optical), accelerometer, gyro, compass",5110,45,,No,Active use score 11:21h,225.99,,,20999,470807,2322,,1179,-23.3,"Lavender Frost, Lunar Dust, Olive Twilight, Classic Black","2409FPCC4G, 2409FPCC4I",0.86 W/kg (head) 0.79 W/kg (body),,FM radio (market/region dependent)
Xiaomi,Xiaomi Poco C75 5G,https://www.gsmarena.com/xiaomi_poco_c75_5g-13571.php,https://fdn2.gsmarena.com/vv/bigpic/xiaomi-poco-c75-5g-.jpg,GSM / HSPA / LTE / 5G,Yes,"2024, December 17","Available. Released 2024, December 20",171.9 x 77.8 x 8.2 mm (6.77 x 3.06 x 0.32 in),212.4,Glass,,Nano-SIM + Nano-SIM,"IPS LCD, 120Hz, 450 nits (typ), 600 nits (HBM)",120,6.88,720x1640,260,84.0,,"Android 14, up to 2 major Android upgrades, HyperOS",Qualcomm SM4635 Snapdragon 4s Gen 2 (4 nm),4,Octa-core (2x2.0 GHz Cortex-A78 & 6x1.8 GHz Cortex-A55),Adreno 611,4,4,64,128,,50.0,1,1.8,No,,No,"LED flash, HDR",1080p@30fps,5.0,No,,1080p@30fps,"Wi-Fi 802.11 a/b/g/n/ac, dual-band",No,5.3,Type-C,Yes,"GPS, GALILEO, GLONASS, BDS","Fingerprint (side-mounted), accelerometer, compass",5160,18,,No,,,90.0,,,391505,2014,141,,,"Aqua Bliss, Enchanted Green, Silver Stardust",MZB0IDJIN,0.85 W/kg (head) 0.86 W/kg (body),,"FM radio, recording"
Xiaomi,Xiaomi Redmi Note 14 5G (India),https://www.gsmarena.com/xiaomi_redmi_note_14-13559.php,https://fdn2.gsmarena.com/vv/bigpic/xiaomi-redmi-note-14-5g-in.jpg,GSM / HSPA / LTE / 5G,Yes,"2024, December 09","Available. Released 2024, December 13",162.4 x 75.7 x 8 mm (6.39 x 2.98 x 0.31 in),190.0,Glass,IP64,Nano-SIM + Nano-SIM,"AMOLED, 120Hz, HDR10+, 2100 nits (peak)",120,6.67,1080x2400,395,87.4,Gorilla Glass 5,"Android 14, HyperOS",Mediatek Dimensity 7025 Ultra (6 nm),6,Octa-core (2x2.5 GHz Cortex-A78 & 6x2.0 GHz Cortex-A55),IMG BXM-8-256,6,8,128,256,UFS 2.2,50.0,3,1.5,Yes,1/1.95,No,"LED flash, HDR, panorama",1080p@30fps,20.0,No,,1080p@30fps,"Wi-Fi 802.11 a/b/g/n/ac, dual-band, Wi-Fi Direct",Yes,5.3,Type-C,Yes,"GPS, GLONASS, BDS, GALILEO","Fingerprint (under display, optical), accelerometer, gyro, proximity, compass",5110,45,,No,,,,,18999,,,,,,"Titan Black, Mystique White, Phantom Purple, Ivy Green, Crimson Art (Note 14 SE)",24094RAD4I,0.84 W/kg (head) 0.73 W/kg (body),,FM radio
Xiaomi,Xiaomi Redmi Note 14 Pro 5G (India),https://www.gsmarena.com/xiaomi_redmi_note_14_pro-13355.php,https://fdn2.gsmarena.com/vv/bigpic/xiaomi-redmi-note-14-pro-5g.jpg,GSM / CDMA / HSPA / LTE / 5G,Yes,"2024, September 26","Available. Released 2024, September 26",162.3 x 74.4 x 8.2 mm or 8.5 mm,190.0,Glass,IP68,· Nano-SIM + eSIM · Nano-SIM + Nano-SIM,"AMOLED, 68B colors, 120Hz, HDR10+, Dolby Vision, 3000 nits (peak)",120,6.67,1220x2712,446,88.9,Gorilla Glass Victus,"Android 14, up to 3 major Android upgrades, HyperOS",Mediatek Dimensity 7300 Ultra (4 nm),4,Octa-core (4x2.5 GHz Cortex-A78 & 4x2.0 GHz Cortex-A55),Mali-G615 MC2,8,12,128,512,UFS 2.2,50.0,3,1.5,Yes,1/1.96,Yes,"LED flash, HDR, panorama","4K@24/30fps, 1080p@30/60/120fps, gyro-EIS, OIS",20.0,No,"HDR, panorama",1080p@30/60fps,"Wi-Fi 802.11 a/b/g/n/ac/6, dual-band, Wi-Fi Direct",Yes,5.4,Type-C,No,"GPS, GLONASS, BDS, GALILEO, QZSS","Fingerprint (under display, optical), accelerometer, gyro, compass, proximity (ultrasonic)",5500,45,,No,,,,,20999,,,,,,"Titan Black, Phantom Purple, Spectre Blue, White","24090RA29C, 24090RA29I",,0.93 W/kg (head) 0.83 W/kg (body),Unspecified
Xiaomi,Xiaomi Redmi Note 14 Pro+ 5G (India),https://www.gsmarena.com/xiaomi_redmi_note_14_pro+-13364.php,https://fdn2.gsmarena.com/vv/bigpic/xiaomi-redmi-note-14-pro-plus-5g.jpg,GSM / HSPA / LTE / 5G,Yes,"2024, September 26","Available. Released 2024, September 26",162.5 x 74.7 x 8.8 mm (6.40 x 2.94 x 0.35 in),205.0,Glass,IP68,· Nano-SIM + eSIM · Nano-SIM + Nano-SIM,"AMOLED, 68B colors, 120Hz, HDR10+, Dolby Vision, 3000 nits (peak)",120,6.67,1220x2712,446,88.5,Gorilla Glass Victus,"Android 14, up to 3 major Android upgrades, HyperOS",Qualcomm SM7635 Snapdragon 7s Gen 3 (4 nm),4,Octa-core (1x2.5 GHz Cortex-A720 & 3x2.4 GHz Cortex-A720 & 4x1.8 GHz Cortex-A520),Adreno 810,8,16,128,512,UFS 2.2 or UFS 3.1,50.0,3,1.6,Yes,1/1.55,Yes,"LED flash, HDR, panorama","4K@24/30fps, 1080p@30/60/120fps, gyro-EIS, OIS",20.0,No,"HDR, panorama",1080p@30/60fps,"Wi-Fi 802.11 a/b/g/n/ac/6, dual-band, Wi-Fi Direct",Yes,5.4,Type-C,No,"GPS, GALILEO, GLONASS, QZSS, BDS (B1I+B1c)","Fingerprint (under display, optical), accelerometer, gyro, compass, proximity (ultrasonic)",6200,90,,No,,,,,27400,,,,,,"Titan Black, Phantom Purple, Spectre Blue, White, Green","24115RA8EC, 24115RA8EI",0.79 W/kg (head) 0.54 W/kg (body),,Unspecified
Xiaomi,Xiaomi Redmi K80 Pro,https://www.gsmarena.com/xiaomi_redmi_k80_pro-13524.php,https://fdn2.gsmarena.com/vv/bigpic/xiaomi-redmi-k80-pro-.jpg,GSM / CDMA / HSPA / CDMA2000 / LTE / 5G,Yes,"2024, November 27","Available. Released 2024, November 27",160.3 x 75 x 8.4 mm (6.31 x 2.95 x 0.33 in),212.0,,IP68,Nano-SIM + Nano-SIM,"OLED, 68B colors, 120Hz, Dolby Vision, HDR10+, 1800 nits (HBM), 3200 nits (peak)",120,6.67,1440x3200,526,89.3,Longjing glass 2,"Android 15, HyperOS 2",Qualcomm SM8750-AB Snapdragon 8 Elite (3 nm),3,Octa-core (2x4.32 GHz Oryon V2 Phoenix L + 6x3.53 GHz Oryon V2 Phoenix M),Adreno 830,12,16,256,512,UFS 4.0,50.0,3,1.6,Yes,1/1.55,Yes,"Color spectrum sensor, LED flash, HDR, panorama","8K@24fps, 4K@24/30/60fps, 1080p@30/60/120/240/960fps, 720p@1920fps, gyro-EIS",20.0,No,HDR,"1080p@30/60fps, gyro-EIS","Wi-Fi 802.11 a/b/g/n/ac/6e/7, dual-band, Wi-Fi Direct",Yes,6.0,Type-C,No,"GPS (L1+L5), GLONASS (G1), BDS (B1I+B1c+B2a), GALILEO (E1+E5a), QZSS (L1+L5), NavIC (L5)","Fingerprint (under display, ultrasonic), accelerometer, proximity, gyro, compass",6000,120,50,No,,,500.0,,,,,,,,"Black, White, Mint, Lamborgini Green, Lamborgini Black",24122RKC7C,,,No
Xiaomi,Xiaomi Redmi K80,https://www.gsmarena.com/xiaomi_redmi_k80-13525.php,https://fdn2.gsmarena.com/vv/bigpic/xiaomi-redmi-k80-.jpg,GSM / CDMA / HSPA / CDMA2000 / LTE / 5G,Yes,"2024, November 27","Available. Released 2024, November 27",160.3 x 75 x 8.1 mm (6.31 x 2.95 x 0.32 in),206.0,,IP68,Nano-SIM + Nano-SIM,"OLED, 68B colors, 120Hz, Dolby Vision, HDR10+, 1800 nits (HBM), 3200 nits (peak)",120,6.67,1440x3200,526,89.3,Gorilla Glass 7i,"Android 15, HyperOS 2",Qualcomm SM8650-AB Snapdragon 8 Gen 3 (4 nm),4,Octa-core (1x3.3 GHz Cortex-X4 & 3x3.2 GHz Cortex-A720 & 2x3.0 GHz Cortex-A720 & 2x2.3 GHz Cortex-A520),Adreno 750,12,16,256,512,UFS 4.0,50.0,2,1.6,Yes,1/1.55,Yes,"Color spectrum sensor, LED flash, HDR, panorama","8K@24fps, 4K@24/30/60fps, 1080p@30/60/120/240/960fps, 720p@1920fps, gyro-EIS",20.0,No,HDR,"1080p@30/60fps, gyro-EIS","Wi-Fi 802.11 a/b/g/n/ac/6e/7, dual-band, Wi-Fi Direct",Yes,5.4,Type-C,No,"GPS (L1+L5), GLONASS (G1), BDS (B1I+B1c+B2a), GALILEO (E1+E5a), QZSS (L1+L5), NavIC (L5)","Fingerprint (under display, ultrasonic), accelerometer, proximity, gyro, compass",6550,90,,No,,,350.0,,,,,,,,"Black, White, Mint, Blue",24117RK2CC,,,No
Xiaomi,Xiaomi Pad 7 Pro,https://www.gsmarena.com/xiaomi_pad_7_pro-13474.php,https://fdn2.gsmarena.com/vv/bigpic/xiaomi-pad-7-pro.jpg,No cellular connectivity,No,"2024, October 29","Available. Released 2024, October 29",251.2 x 173.4 x 6.2 mm (9.89 x 6.83 x 0.24 in),500.0,Glass,,No,"IPS LCD, 68B colors, 144Hz, HDR10, Dolby Vision, 800 nits (peak)",144,11.2,2136x3200,345,85.3,,"Android 15, HyperOS 2",Qualcomm SM8635 Snapdragon 8s Gen 3 (4 nm),4,Octa-core (1x3.0 GHz Cortex-X4 & 4x2.8 GHz Cortex-A720 & 3x2.0 GHz Cortex-A520),Adreno 735,8,12,128,512,UFS 3.1 - 128GB only UFS 4.0,50.0,2,1.8,No,1/2.76,Yes,"LED flash, HDR, panorama","4K@30/60fps, 1080p@30/60fps",32.0,No,HDR,1080p@30fps,"Wi-Fi 802.11 a/b/g/n/ac/6e/7, dual-band, Wi-Fi Direct",No,5.4,Type-C,No,No,"Fingerprint (side-mounted), accelerometer, gyro, proximity, compass",8850,67,,No,Active use score 10:12h,,500.0,,,,,,,-25.3,"Gray, Blue, Green",24091RPADG,,0.99 W/kg (body),No
Xiaomi,Xiaomi Pad 7,https://www.gsmarena.com/xiaomi_pad_7-13475.php,https://fdn2.gsmarena.com/vv/bigpic/xiaomi-pad-7-pro.jpg,No cellular connectivity,No,"2024, October 29","Available. Released 2024, October 29",251.2 x 173.4 x 6.2 mm (9.89 x 6.83 x 0.24 in),500.0,Glass,,No,"IPS LCD, 68B colors, 144Hz, HDR10, Dolby Vision, 800 nits",144,11.2,2136x3200,344,85.8,Mohs level 5,"Android 15, up to 4 major Android upgrades, HyperOS 2",Qualcomm SM7675-AB Snapdragon 7+ Gen 3 (4 nm),4,Octa-core (1x2.8 GHz Cortex-X4 & 4x2.6 GHz Cortex-A720 & 3x1.9 GHz Cortex-A520),Adreno 732,8,12,128,256,UFS 3.1 - 128GB only UFS 4.0,13.0,1,2.2,No,1/3.06,Yes,"LED flash, HDR, panorama","4K@30fps, 1080p@30/60fps",8.0,No,HDR,1080p@30fps,"Wi-Fi 802.11 a/b/g/n/ac/6e, dual-band, Wi-Fi Direct",No,5.4,Type-C,No,No,"Accelerometer, gyro, proximity, compass",8850,45,,No,,,400.0,,,,,,,,"Black, Blue, Green",2410CRP4CG,,0.99 W/kg (body),No
Xiaomi,Xiaomi Redmi Watch 5,https://www.gsmarena.com/xiaomi_redmi_watch_5-13658.php,https://fdn2.gsmarena.com/vv/bigpic/xiaomi-redmi-watch-5.jpg,No cellular connectivity,No,"2024, November 27","Available. Released 2025, January 15",47.5 x 41.1 x 11.3 mm (1.87 x 1.62 x 0.44 in),33.5,Plastic,,eSIM (China only),"AMOLED, 1500 nits (peak)",,2.1,432x514,324,,,HyperOS,,,,,,,,,,,,,No,,No,,,,No,,,No,No,5.3,No,No,"GPS, GLONASS, GALILEO, BDS, QZSS","Accelerometer, heart rate, compass, gyro, SpO2",550,,,No,,75.0,82.99,,,,,,,,"Black, Silver, Beige","M2427W1, M2428W1",,,No
Xiaomi,Xiaomi Watch S4,https://www.gsmarena.com/xiaomi_watch_s4-13476.php,https://fdn2.gsmarena.com/vv/bigpic/xiaomi-watch-s4.jpg,GSM / HSPA / LTE,No,"2024, October 29","Available. Released 2024, October 29",47.3 x 47.3 x 12 mm (1.86 x 1.86 x 0.47 in),44.5,Aluminum,,eSIM (market/region dependent),"AMOLED, 1500 nits (HBM), 2200 nits (peak)",,1.43,466x466,326,,Scratch/drop-proof glass,HyperOS 2,,,,,,,,,,,,,No,,No,,,,No,,,No,Yes,5.3,No,No,"GPS (L1+L5), GLONASS, GALILEO, BDS, QZSS","Accelerometer, gyro, compass, barometer, heart rate, SpO2",486,,,No,,,130.0,,,,,,,,"Black, Silver, Rainbow","M2424W1, M2425W1",,,No
Xiaomi,Xiaomi 15 Pro,https://www.gsmarena.com/xiaomi_15_pro-13473.php,https://fdn2.gsmarena.com/vv/bigpic/xiaomi-15-pro.jpg,GSM / HSPA / LTE / 5G,Yes,"2024, October 29","Available. Released 2024, October 29",161.3 x 75.3 x 8.4 mm or 8.7 mm,213.0,,IP68,Nano-SIM + Nano-SIM,"LTPO AMOLED, 68B colors, 120Hz, 1920Hz PWM, Dolby Vision, HDR10+, 3200 nits (peak)",120,6.73,1440x3200,522,89.7,Shatterproof glass (2024 gen),"Android 15, HyperOS 2",Qualcomm SM8750-AB Snapdragon 8 Elite (3 nm),3,Octa-core (2x4.32 GHz Oryon V2 Phoenix L + 6x3.53 GHz Oryon V2 Phoenix M),Adreno 830,12,16,256,512,UFS 4.0,50.0,3,1.4,Yes,1/1.31,Yes,"Laser AF, color spectrum sensor, Leica lens, Dual-LED dual-tone flash, HDR, panorama","8K@24/30fps (HDR), 4K@24/30/60fps (HDR10+, 10-bit Dolby Vision HDR, 10-bit LOG), 1080p@30/60/120/240/960fps, 720p@1920fps, gyro-EIS",32.0,Yes,"HDR, panorama","4K@30/60fps, 1080p@30/60fps, gyro-EIS","Wi-Fi 802.11 a/b/g/n/ac/6e/7, dual-band or tri-band, Wi-Fi Direct",Yes,5.4,Type-C,No,"GPS (L1+L5), GLONASS (G1), BDS (B1I+B1c+B2a), GALILEO (E1+E5a), QZSS (L1+L5)","Fingerprint (under display, ultrasonic), accelerometer, proximity, gyro, compass, barometer",6100,90,50,Yes,,,690.0,,,,,,,,"Black, White, Silver, Green","24101PNB7C, 2410DPN6CC",,,No
Xiaomi,Xiaomi Poco C75,https://www.gsmarena.com/xiaomi_poco_c75-13435.php,https://fdn2.gsmarena.com/vv/bigpic/xiaomi-poco-c75-.jpg,GSM / HSPA / LTE,No,"2024, October 26","Available. Released 2024, November 05",171.9 x 77.8 x 8.2 mm (6.77 x 3.06 x 0.32 in),204.0,,,Nano-SIM + Nano-SIM,"IPS LCD, 120Hz, 450 nits (typ), 600 nits (HBM)",120,6.88,720x1640,260,84.0,,"Android 14, HyperOS",Mediatek Helio G81 Ultra (12 nm),12,Octa-core (2x2.0 GHz Cortex-A75 & 6x1.8 GHz Cortex-A55),Mali-G52 MC2,6,8,128,256,eMMC 5.1,50.0,1,1.8,No,,No,"LED flash, HDR",1080p@30fps,13.0,No,HDR,1080p@30fps,"Wi-Fi 802.11 a/b/g/n/ac, dual-band",Yes,5.4,Type-C,Yes,"GPS, GLONASS, GALILEO, BDS","Fingerprint (side-mounted), accelerometer, compass",5160,18,,No,,184.92,117.96,89.99,,,,,,,"Black, Green, Gold",2410FPCC5G,1.03 W/kg (head) 1.08 W/kg (body),0.98 W/kg (head) 0.98 W/kg (body),FM radio
Xiaomi,Xiaomi Redmi A4,https://www.gsmarena.com/xiaomi_redmi_a4-13444.php,https://fdn2.gsmarena.com/vv/bigpic/xiaomi-redmi-a4-5g-.jpg,GSM / HSPA / LTE / 5G,Yes,"2024, October 16","Available. Released 2024, November 27",171.9 x 77.8 x 8.2 mm (6.77 x 3.06 x 0.32 in),212.4,Glass,,Nano-SIM + Nano-SIM,"IPS LCD, 120Hz, 450 nits (typ), 600 nits (HBM)",120,6.88,720x1640,260,84.0,,"Android 14, up to 2 major Android upgrades, HyperOS",Qualcomm SM4635 Snapdragon 4s Gen 2 (4 nm),4,Octa-core (2x2.0 GHz Cortex-A78 & 6x1.8 GHz Cortex-A55),Adreno,4,6,64,128,UFS 2.2,50.0,1,1.8,No,,No,"LED flash, HDR",1080p@30fps,5.0,No,,1080p@30fps,"Wi-Fi 802.11 a/b/g/n/ac, dual-band",No,5.3,Type-C,Yes,GPS,Fingerprint (side-mounted),5160,18,,No,,,100.0,,,,,,,,"Sparkle Purple, Starry Black",24116RNC1I,0.81 W/kg (head) 0.71 W/kg (body),,Unspecified
Xiaomi,Xiaomi Redmi A3 Pro,https://www.gsmarena.com/xiaomi_redmi_a3_pro-13432.php,https://fdn2.gsmarena.com/vv/bigpic/xiaomi-redmi-a3-pro.jpg,GSM / HSPA / LTE,No,"2024, October","Available. Released 2024, October",171.9 x 77.8 x 8.2 mm (6.77 x 3.06 x 0.32 in),204.0,,,Nano-SIM + Nano-SIM,"IPS LCD, 90Hz",90,6.88,720x1640,260,84.0,,"Android 14, HyperOS",Mediatek Helio G81 Ultra,,Octa-core (2x2.0 GHz Cortex-A75 & 6x1.8 GHz Cortex-A55),Mali-G52 MC2,4,4,128,128,eMMC 5.1,50.0,1,1.8,No,,No,"LED flash, HDR",1080p@30fps,,No,,1080p@30fps,"Wi-Fi 802.11 a/b/g/n/ac, dual-band",Yes,5.4,Type-C,Yes,"GPS, GLONASS, GALILEO, BDS","Fingerprint (side-mounted), accelerometer, compass",5160,10,,No,,,100.0,,,,,,,,"Blue, Black",2409BRN2CG,,1.43 W/kg (head) 1.38 W/kg (body),Unspecified
Xiaomi,Xiaomi 14T Pro,https://www.gsmarena.com/xiaomi_14t_pro-13328.php,https://fdn2.gsmarena.com/vv/bigpic/xiaomi-14t-pro.jpg,GSM / HSPA / LTE / 5G,Yes,"2024, September 26","Available. Released 2024, September 26",160.4 x 75.1 x 8.4 mm (6.31 x 2.96 x 0.33 in),209.0,Glass,IP68,· Nano-SIM + eSIM · eSIM + eSIM · Nano-SIM + Nano-SIM,"AMOLED, 68B colors, 144Hz, 3840Hz PWM, Dolby Vision, HDR10+, 1600 nits (HBM), 4000 nits (peak)",144,6.67,1220x2712,446,89.1,Gorilla Glass 5,"Android 14, HyperOS",Mediatek Dimensity 9300+ (4 nm),4,Octa-core (1x3.4 GHz Cortex-X4 & 3x2.85 GHz Cortex-X4 & 4x2.0 GHz Cortex-A720),Immortalis-G720 MC12,12,16,256,512,UFS 4.0,50.0,3,1.6,Yes,1/1.31,Yes,"Leica lens, Ultra HDR, LED flash, HDR, panorama","8K@24/30fps, 4K@24/30/60fps, 1080p@30/60/120/240/960fps, gyro-EIS, 10-bit Rec. 2020, HDR10+",32.0,Yes,HDR,"4K@30fps, 1080p@30/60fps, HDR10+","Wi-Fi 802.11 a/b/g/n/ac/6e/7, dual-band, Wi-Fi Direct",Yes,5.4,Type-C,No,"GPS (L1+L5), BDS (B1I+B1C+B2a+B2b), GALILEO (E1+E5a+E5b), QZSS (L1+L5), NavIC (L5), GLONASS","Fingerprint (under display, optical), accelerometer, gyro, proximity, compass",5000,120,50,No,Active use score 12:32h,599.99,379.99,556.0,,2015655,7081,3998,1228,-26.0,"Titan Gray, Titan Blue, Titan Black",2407FPN8EG,,0.99 W/kg (head) 1.00 W/kg (body),No
Xiaomi,Xiaomi 14T,https://www.gsmarena.com/xiaomi_14t-13329.php,https://fdn2.gsmarena.com/vv/bigpic/xiaomi-14t.jpg,GSM / HSPA / LTE / 5G,Yes,"2024, September 26","Available. Released 2024, September 26",160.5 x 75.1 x 7.8 mm or 8.0 mm,193.0,Glass,IP68,· Nano-SIM + eSIM · eSIM + eSIM · Nano-SIM + Nano-SIM,"AMOLED, 68B colors, 144Hz, 2880Hz PWM, Dolby Vision, HDR10+, 1600 nits (HBM), 4000 nits (peak)",144,6.67,1220x2712,446,89.1,Gorilla Glass 5,"Android 14, upgradable to Android 15, HyperOS 2",Mediatek Dimensity 8300 Ultra (4 nm),4,Octa-core (1x3.35 GHz Cortex-A715 & 3x3.20 GHz Cortex-A715 & 4x2.20 GHz Cortex-A510),Mali G615-MC6,12,16,256,512,UFS 4.0,50.0,3,1.7,Yes,1/1.56,Yes,"Leica lens, Ultra HDR, LED flash, HDR, panorama","4K@24/30/60fps, 1080p@30/60/120/240/960fps, gyro-EIS, 10-bit Rec. 2020, HDR10+",32.0,Yes,HDR,"4K@30fps, 1080p@30/60fps, HDR10+","Wi-Fi 802.11 a/b/g/n/ac/6e, dual-band, Wi-Fi Direct",Yes,5.4,Type-C,No,"GPS (L1+L5), BDS (B1I+B1C+B2a), GALILEO (E1+E5a), NavIC (L5), GLONASS","Fingerprint (under display, optical), accelerometer, gyro, proximity, compass",5000,67,,No,Active use score 11:32h,,287.0,381.09,,1253994,3989,2942,1355,-25.0,"Titan Gray, Titan Blue, Titan Black, Lemon Green",2406APNFAG,,0.98 W/kg (head) 0.99 W/kg (body),No
Xiaomi,Xiaomi Redmi Note 14 5G (China),https://www.gsmarena.com/xiaomi_redmi_note_14_(china)-13366.php,https://fdn2.gsmarena.com/vv/bigpic/xiaomi-redmi-note-14-5g.jpg,GSM / CDMA / HSPA / CDMA2000 / LTE / 5G,Yes,"2024, September 26","Available. Released 2024, September 26",162.4 x 75.7 x 8 mm (6.39 x 2.98 x 0.31 in),190.0,,IP64,Nano-SIM + Nano-SIM,"OLED, 120Hz, HDR10+, 2100 nits (peak)",120,6.67,1080x2400,395,87.4,Gorilla Glass 5,"Android 14, HyperOS",Mediatek Dimensity 7025 Ultra (6 nm),6,Octa-core (2x2.5 GHz Cortex-A78 & 6x2.0 GHz Cortex-A55),IMG BXM-8-256,6,12,128,256,UFS 2.2,50.0,2,1.5,Yes,1/1.96,No,"LED flash, HDR, panorama",1080p@30fps,16.0,No,,1080p@30fps,"Wi-Fi 802.11 a/b/g/n/ac, dual-band, Wi-Fi Direct",No,5.3,Type-C,Yes,"GPS, GLONASS, BDS, GALILEO","Fingerprint (side-mounted), accelerometer, compass",5110,45,,No,,,140.0,,,,,,,,"Black, White, Green",24094RAD4C,,,Unspecified
Xiaomi,Xiaomi Redmi 14R,https://www.gsmarena.com/xiaomi_redmi_14r-13338.php,https://fdn2.gsmarena.com/vv/bigpic/xiaomi-redmi-14r.jpg,GSM / CDMA / HSPA / CDMA2000 / LTE / 5G,Yes,"2024, September 14","Available. Released 2024, September",171.9 x 77.8 x 8.2 mm (6.77 x 3.06 x 0.32 in),212.4,Glass,,Nano-SIM + Nano-SIM,"IPS LCD, 120Hz, 450 nits (typ), 600 nits (HBM)",120,6.88,720x1640,260,84.0,,"Android 14, HyperOS",Qualcomm SM4450 Snapdragon 4 Gen 2 (4 nm),4,Octa-core (2x2.2 GHz Cortex-A78 & 6x1.95 GHz Cortex-A55),Adreno 613,4,12,128,256,UFS 2.2,13.0,2,,No,,No,"LED flash, HDR",1080p@30fps,5.0,No,,1080p@30fps,"Wi-Fi 802.11 a/b/g/n/ac, dual-band",No,5.0,Type-C,Yes,"GPS, GLONASS, GALILEO, BDS","Fingerprint (side-mounted), accelerometer, compass",5160,18,,No,,,140.0,,,,,,,,"Midnight Black, Sage Green, Starry Blue, Purple",,,,No
Xiaomi,Xiaomi Redmi 14C,https://www.gsmarena.com/xiaomi_redmi_14c-13291.php,https://fdn2.gsmarena.com/vv/bigpic/xiaomi-redmi-14c.jpg,GSM / HSPA / LTE,No,"2024, August 30","Available. Released 2024, August 30",171.9 x 77.8 x 8.2 mm (6.77 x 3.06 x 0.32 in),211.0,Glass,,Nano-SIM + Nano-SIM,"IPS LCD, 120Hz, 450 nits (typ), 600 nits (HBM)",120,6.88,720x1640,260,84.0,Gorilla Glass 3,"Android 14, HyperOS",Mediatek Helio G81 Ultra (12 nm),12,Octa-core (2x2.0 GHz Cortex-A75 & 6x1.8 GHz Cortex-A55),Mali-G52 MC2,4,8,64,256,eMMC 5.1,50.0,2,1.8,No,1/2.96,No,"LED flash, HDR",1080p@30fps,13.0,No,HDR,1080p@30fps,"Wi-Fi 802.11 a/b/g/n/ac, dual-band, Wi-Fi Direct",Yes,5.4,Type-C,Yes,"GPS, GLONASS, GALILEO, BDS","Fingerprint (side-mounted), accelerometer, compass",5160,18,,No,,137.05,105.79,137.34,,,,,,,"Midnight Black, Sage Green, Dreamy Purple, Starry Blue","2411DRN47C, 2409BRN2CA, 2409BRN2CG, 2409BRN2CY",,0.99 W/kg (head) 0.90 W/kg (body),FM radio
Xiaomi,Xiaomi Redmi Watch 5 Lite,https://www.gsmarena.com/xiaomi_redmi_watch_5_lite-13361.php,https://fdn2.gsmarena.com/vv/bigpic/xiaomi-redmi-watch5-lite.jpg,No cellular connectivity,No,"2024, September 25","Available. Released 2024, September 26",49.1 x 40.4 x 11.4 mm (1.93 x 1.59 x 0.45 in),29.2,,,No,"AMOLED, 600 nits (typ)",,1.96,410x502,331,,,HyperOS,,,,,,,,,,,,,No,,No,,,,No,,,No,No,5.3,No,No,"GPS, GALILEO, GLONASS, BDS, QZSS","Accelerometer, gyro, heart rate, SpO2",470,,,No,,,40.0,,,,,,,,"Black, Light Gold",M2352W1,,,No
Xiaomi,Xiaomi Redmi Watch 5 Active,https://www.gsmarena.com/xiaomi_redmi_watch_5_active-13286.php,https://fdn2.gsmarena.com/vv/bigpic/xiaomi-redmi-watch-5-active.jpg,No cellular connectivity,No,"2024, August 27","Available. Released 2024, September 03",49.1 x 40.4 x 11.4 mm (1.93 x 1.59 x 0.45 in),42.2,,,No,"IPS LCD, 500 nits (peak)",,2.0,320x385,250,,,HyperOS,,,,,,,,,,,,,No,,No,,,,No,,,No,No,5.3,No,No,No,"Accelerometer, heart rate, SpO2",470,,,No,,46.34,,,,,,,,,"Midnight Black, Matte Silver",,,,No
Xiaomi,Xiaomi Poco Pad 5G,https://www.gsmarena.com/xiaomi_poco_pad_5g-13279.php,https://fdn2.gsmarena.com/vv/bigpic/xiaomi-poco-pad-5g.jpg,GSM / HSPA / LTE / 5G,Yes,"2024, August 23","Available. Released 2024, August 27",280 x 181.9 x 7.5 mm (11.02 x 7.16 x 0.30 in),568.0,Glass,,Nano-SIM,"IPS LCD, 68B colors, 120Hz, Dolby Vision, 600 nits (HBM)",120,12.1,1600x2560,249,83.4,Gorilla Glass 3,"Android 14, HyperOS",Qualcomm SM7435-AB Snapdragon 7s Gen 2 (4 nm),4,Octa-core (4x2.40 GHz Cortex-A78 & 4x1.95 GHz Cortex-A55),Adreno 710,8,8,128,256,UFS 2.2,8.0,1,2.0,No,1/4.0,No,LED flash,1080p@30fps,8.0,No,,1080p@30fps,"Wi-Fi 802.11 a/b/g/n/a/6, dual-band, Wi-Fi Direct",No,5.2,Type-C,Yes,GPS,"Accelerometer, gyro, proximity (accessories only), compass",10000,33,,No,,,220.0,,,,,,,,"Dark Gray, Blue",,,,No
Xiaomi,Xiaomi Poco M6 Plus,https://www.gsmarena.com/xiaomi_poco_m6_plus-13119.php,https://fdn2.gsmarena.com/vv/bigpic/xiaomi-poco-m6-plus-5g.jpg,GSM / HSPA / LTE / 5G,Yes,"2024, August 01","Available. Released 2024, August 05",168.6 x 76.3 x 8.3 mm (6.64 x 3.00 x 0.33 in),205.0,Glass,IP53,Nano-SIM + Nano-SIM,"IPS LCD, 120Hz, 550 nits (peak)",120,6.79,1080x2460,396,85.1,Gorilla Glass 3,"Android 14, up to 2 major Android upgrades, HyperOS",Qualcomm SM4450 Snapdragon 4 Gen 2 AE (4 nm),4,Octa-core (2x2.3 GHz Cortex-A78 & 6x2.0 GHz Cortex-A55),Adreno 613,4,8,64,128,UFS 2.2,108.0,2,1.8,No,,No,"LED flash, HDR, panorama",1080p@30fps,13.0,No,"HDR, panorama",1080p@30fps,"Wi-Fi 802.11 a/b/g/n/ac, dual-band",No,5.0,Type-C,Yes,"GPS, GLONASS, GALILEO, BDS","Fingerprint (side-mounted), accelerometer, gyro, proximity, compass",5030,33,,No,,,140.0,,,,,,,,"Black, Purple, Silver",,,,No
Xiaomi,Xiaomi Redmi Pad SE 8.7,https://www.gsmarena.com/xiaomi_redmi_pad_se_8_7-13225.php,https://fdn2.gsmarena.com/vv/bigpic/xiaomi-redmi-pad-se-4g-1.jpg,GSM / HSPA / LTE,No,"2024, July 29","Available. Released 2024, August 08",211.6 x 125.5 x 8.8 mm (8.33 x 4.94 x 0.35 in),375.0,Glass,IP53,Nano-SIM + Nano-SIM (cellular model only),"IPS LCD, 1B colors, 90Hz, 600 nits (HBM)",90,8.7,800x1340,179,80.9,Gorilla Glass 3,"Android 14, HyperOS",Mediatek Helio G85 (12 nm),12,Octa-core (2x2.0 GHz Cortex-A75 & 6x1.8 GHz Cortex-A55),Mali-G52 MC2,4,6,64,128,eMMC 5.1,8.0,1,2.0,No,1/4.0,No,LED flash,1080p@30fps,5.0,No,,1080p@30fps,"Wi-Fi 802.11 a/b/g/n/ac, dual-band",No,5.3,Type-C,Yes,"GPS, GALILEO, GLONASS, BDS - cellular model only","Accelerometer, proximity (accessories only), compass",6650,18,,No,,,120.0,,,,,,,,"Aurora Green (Forest Green), Sky Blue (Ocean Blue), Graphite Gray (Urban Grey)",220233L2G,0.90 W/kg (head) 0.65 W/kg (body),0.40 W/kg (head) 0.99 W/kg (body),FM radio
Xiaomi,Xiaomi Mix Flip,https://www.gsmarena.com/xiaomi_mix_flip-13221.php,https://fdn2.gsmarena.com/vv/bigpic/xiaomi-mix-flip.jpg,GSM / CDMA / HSPA / CDMA2000 / LTE / 5G,Yes,"2024, July 19","Available. Released 2024, July 19",Unfolded: 167.5 x 74 x 7.6 mm Folded: 74 x 74 x 16 mm,190.0,Glass,,Nano-SIM + Nano-SIM,"Foldable LTPO AMOLED, 1B colors, Dolby Vision, HDR10+, 120Hz, 3000 nits (peak)",120,6.86,1224x2912,460,87.5,,"Android 14, upgradable to Android 16, HyperOS 3",Qualcomm SM8650-AB Snapdragon 8 Gen 3 (4 nm),4,Octa-core (1x3.3 GHz Cortex-X4 & 3x3.2 GHz Cortex-A720 & 2x3.0 GHz Cortex-A720 & 2x2.3 GHz Cortex-A520),Adreno 750,12,16,256,512,UFS 4.0,50.0,2,1.7,Yes,1/1.55,Yes,"LED flash, panorama, HDR, Leica lenses","8K@24fps, 4K@24/30/60fps, 1080p@30/60/120/240/960fps, 720p@1920fps, Dolby Vision HDR",32.0,Yes,Dolby Vision HDR,"4K@30/60fps, 1080p@30/60fps","Wi-Fi 802.11 a/b/g/n/ac/6/7, dual-band, Wi-Fi Direct",Yes,5.4,Type-C,No,"GPS (L1+L5), BDS (B1I+B1c+B2a), GALILEO (E1+E5a), QZSS (L1+L5), NavIC (L5), GLONASS","Fingerprint (side-mounted), accelerometer, gyro, proximity, compass, barometer",4780,67,,No,Active use score 11:58h,,670.0,,,1609570,6035,4209,1314,-27.6,"Black, White, Purple","2405CPX3DC, 2405CPX3DG",1.09 W/kg (head) 1.09 W/kg (body),1.00 W/kg (head) 1.00 W/kg (body),No
Xiaomi,Xiaomi Redmi K70 Ultra,https://www.gsmarena.com/xiaomi_redmi_k70_ultra-13215.php,https://fdn2.gsmarena.com/vv/bigpic/xiaomi-redmi-k70-ultra-.jpg,GSM / CDMA / HSPA / CDMA2000 / LTE / 5G,Yes,"2024, July 19","Available. Released 2024, July 19",160.4 x 75.1 x 8.4 mm (6.31 x 2.96 x 0.33 in),211.0,Glass,IP68,Nano-SIM + Nano-SIM,"OLED, 68B colors, 144Hz, Dolby Vision, HDR10+, 1600 nits (HBM), 4000 nits (peak)",144,6.67,1220x2712,446,89.1,Scratch/drop-resistant glass,"Android 14, HyperOS",Mediatek Dimensity 9300+ (4 nm),4,Octa-core (1x3.25 GHz Cortex-X4 & 3x2.85 GHz Cortex-X4 & 4x2.0 GHz Cortex-A720),Immortalis-G720 MC12,12,24,256,512,UFS 4.0,50.0,3,1.7,Yes,1/1.56,Yes,"Color spectrum sensor, Dual-LED dual-tone flash, HDR, panorama","8K@24/30fps, 4K@24/30/60fps, 1080p@30/60/120/240/960fps, gyro-EIS",20.0,No,HDR,1080p@30fps,"Wi-Fi 802.11 a/b/g/n/ac/6/7, dual-band, Wi-Fi Direct",Yes,5.4,Type-C,No,"GPS (L1+L5), BDS (B1I+B1C+B2a+B2b), GALILEO (E1+E5a+E5b), QZSS (L1+L5), NavIC (L5), GLONASS","Fingerprint (under display, optical), accelerometer, gyro, proximity, compass",5500,120,,No,,,330.0,,,,,,,,"Black, White, Violet, Green Championship Edition, Orange Championship Edition",2407FRK8EC,,,Unspecified
Xiaomi,Xiaomi Mix Fold 4,https://www.gsmarena.com/xiaomi_mix_fold_4-13222.php,https://fdn2.gsmarena.com/vv/bigpic/xiaomi-mix-fold4.jpg,GSM / CDMA / HSPA / EVDO / LTE / 5G,Yes,"2024, July 19","Available. Released 2024, July 19",Unfolded: 159.4 x 143.3 x 4.6 mm Folded: 159.4 x 73.1 x 9.5 mm,226.0,Glass,,Nano-SIM + Nano-SIM,"Foldable LTPO AMOLED, 1B colors, 120Hz, HDR10+, Dolby Vision, 1700 nits (HBM), 3000 nits (peak)",120,7.98,2224x2488,418,89.4,,"Android 14, HyperOS",Qualcomm SM8650-AB Snapdragon 8 Gen 3 (4 nm),4,Octa-core (1x3.3 GHz Cortex-X4 & 3x3.2 GHz Cortex-A720 & 2x3.0 GHz Cortex-A720 & 2x2.3 GHz Cortex-A520),Adreno 750,12,16,256,512,UFS 4.0,50.0,4,1.7,Yes,1/1.49,Yes,"Laser AF, color spectrum sensor, LED flash, HDR, panorama, Leica lenses","8K@24fps, 4K@24/30/60fps, 1080p@30/60/120/240/960fps, 720p@1920fps, Dolby Vision HDR",16.0,No,Dolby Vision HDR,1080p@30/60fps,"Wi-Fi 802.11 a/b/g/n/ac/6e/7, dual-band (tri-band after future SW update), Wi-Fi Direct",Yes,5.4,Type-C,No,"GPS (L1+L5), BDS (B1I+B1c+B2a), GALILEO (E1+E5a), QZSS (L1+L5), NavIC (L5), GLONASS","Fingerprint (side-mounted), accelerometer, gyro, proximity, compass, barometer",5100,67,50,No,,,1140.0,,,,,,,,"Black, White, Blue",,,,No
Xiaomi,Xiaomi Watch S4 Sport,https://www.gsmarena.com/xiaomi_watch_s4_sport-13223.php,https://fdn2.gsmarena.com/vv/bigpic/xiaomi-watch-s4-sport.jpg,GSM / HSPA / LTE,No,"2024, July 19","Available. Released 2024, July 19",46.9 x 46.9 x 12.6 mm (1.85 x 1.85 x 0.50 in),49.0,Titanium,,eSIM,"AMOLED, 2200 nits (peak)",,1.43,466x466,326,,Sapphire crystal glass,HyperOS,,,,,,,32,32,,,,,No,,No,,,,No,,,No,Yes,5.2,No,No,"GPS (L1+L5), GLONASS, GALILEO, BDS, QZSS","Accelerometer, gyro, compass, barometer, heart rate, SpO2",586,,,No,,,250.0,,,,,,,,Titanium,M2312W1,,,No
Xiaomi,Xiaomi Redmi 13 5G,https://www.gsmarena.com/xiaomi_redmi_13_5g-13157.php,https://fdn2.gsmarena.com/vv/bigpic/xiaomi-redmi-13-5g.jpg,GSM / HSPA / LTE / 5G,Yes,"2024, July 09","Available. Released 2024, July 12",168.6 x 76.3 x 8.3 mm (6.64 x 3.00 x 0.33 in),205.0,Glass,IP53,Nano-SIM + Nano-SIM,"IPS LCD, 120Hz, 550 nits (HBM)",120,6.79,1080x2460,396,85.1,Gorilla Glass 3,"Android 14, HyperOS, up to 2 major Android upgrades",Qualcomm SM4450 Snapdragon 4 Gen 2 AE (4 nm),4,Octa-core (2x2.3 GHz Cortex-A78 & 6x2.0 GHz Cortex-A55),Adreno 613,6,8,128,256,UFS 2.2,108.0,2,1.8,No,,No,"LED flash, HDR",1080p@30fps,13.0,No,HDR,1080p@30fps,"Wi-Fi 802.11 a/b/g/n/ac, dual-band",Yes,5.0,Type-C,Yes,"GPS, GLONASS, GALILEO, BDS","Fingerprint (side-mounted), accelerometer, compass",5030,33,,No,,,,,19490,,,,,,"Black Diamond, Hawaiian Blue, Orchid Pink",2406ERN9CI,,,FM radio
Xiaomi,Xiaomi Poco M6 4G,https://www.gsmarena.com/xiaomi_poco_m6_4g-13131.php,https://fdn2.gsmarena.com/vv/bigpic/xiaomi-poco-m6-4g.jpg,GSM / HSPA / LTE,No,"2024, June 10","Available. Released 2024, June 13",168.6 x 76.3 x 8.3 mm (6.64 x 3.00 x 0.33 in),205.0,Glass,,Nano-SIM + Nano-SIM,"IPS LCD, 90Hz, 550 nits (HBM)",90,6.79,1080x2460,396,85.1,Unspecified,"Android 14, HyperOS",Mediatek Helio G91 Ultra (12 nm),12,Octa-core (2x2.0 GHz Cortex-A75 & 6x1.8 GHz Cortex-A55),Mali-G52 MC2,6,8,128,256,eMMC 5.1,108.0,2,1.8,No,1/1.67,No,"LED flash, HDR",1080p@30fps,13.0,No,HDR,1080p@30fps,"Wi-Fi 802.11 a/b/g/n/ac, dual-band",Yes,5.4,Type-C,Yes,"GPS, GLONASS, GALILEO, BDS","Fingerprint (side-mounted), accelerometer, compass",5030,33,,No,,,180.0,,,,,,,,"Black, Silver, Purple",2404APC5FG,1.09 W/kg (head) 1.01 W/kg (body),0.98 W/kg (head) 1.00 W/kg (body),FM radio
Xiaomi,Xiaomi 14 Civi,https://www.gsmarena.com/xiaomi_14_civi-13056.php,https://fdn2.gsmarena.com/vv/bigpic/xiaomi-14-civi-.jpg,GSM / HSPA / LTE / 5G,Yes,"2024, June 12","Available. Released 2024, June 20",157.2 x 72.8 x 7.5 mm or 7.8 mm,177.6,Glass,,Nano-SIM + Nano-SIM,"AMOLED, 68B colors, 120Hz, Dolby Vision, HDR10+, 3000 nits (peak)",120,6.55,1236x2750,460,90.4,Gorilla Glass Victus,"Android 14, HyperOS",Qualcomm SM8635 Snapdragon 8s Gen 3 (4 nm),4,Octa-core (1x3.0 GHz Cortex-X4 & 4x2.8 GHz Cortex-A720 & 3x2.0 GHz Cortex-A520),Adreno 735,8,12,256,512,UFS 4.0,50.0,3,1.6,Yes,1/1.55,Yes,"Dual-LED flash, HDR, panorama, Leica lenses","4K@24/30/60fps, 1080p@30/60/120/240/960fps, 720p@1920fps, gyro-EIS",32.0,Yes,HDR,"4K@30fps, 1080p@30/60fps; gyro-EIS","Wi-Fi 802.11 a/b/g/n/ac/6, dual-band, Wi-Fi Direct",Yes,5.4,Type-C,No,"GPS, GLONASS, GALILEO, BDS, NavIC","Fingerprint (under display, optical), accelerometer, gyro, proximity, compass",4700,67,,No,Active use score 11:36h,,480.0,,,1530876,5352,3311,1441,-26.6,"Cruise Blue, Matcha Green, Shadow Black",24053PY09I,0.93 W/kg (head) 0.81 W/kg (body),,No
Xiaomi,Xiaomi Redmi 13,https://www.gsmarena.com/xiaomi_redmi_13-13102.php,https://fdn2.gsmarena.com/vv/bigpic/xiaomi-redmi-13-.jpg,GSM / HSPA / LTE,No,"2024, June 03","Available. Released 2024, June 03",168.6 x 76.3 x 8.3 mm (6.64 x 3.00 x 0.33 in),205.0,Glass,IP53,Nano-SIM + Nano-SIM,"IPS LCD, 90Hz, 550 nits (HBM)",90,6.79,1080x2460,396,85.1,Corning Gorilla Glass,"Android 14, HyperOS",Mediatek Helio G91 Ultra (12 nm),12,Octa-core (2x2.0 GHz Cortex-A75 & 6x1.8 GHz Cortex-A55),Mali-G52 MC2,6,8,128,256,eMMC 5.1,108.0,2,1.8,No,1/1.67,No,"LED flash, HDR",1080p@30fps,13.0,No,HDR,1080p@30fps,"Wi-Fi 802.11 a/b/g/n/ac, dual-band",Yes,5.4,Type-C,Yes,"GPS, GLONASS, GALILEO, BDS","Fingerprint (side-mounted), accelerometer, compass",5030,33,,No,Active use score 10:28h,129.5,102.04,,,258090,1346,187,448,-29.9,"Midnight Black, Sandy Gold, Ocean Blue, Pink","2404ARN45A, 24040RN64Y",,0.99 W/kg (head) 0.98 W/kg (body),FM radio
Xiaomi,Xiaomi Redmi Pad Pro 5G,https://www.gsmarena.com/xiaomi_redmi_pad_pro_5g-13071.php,https://fdn2.gsmarena.com/vv/bigpic/xiaomi-redmi-pad-pro-5g.jpg,GSM / CDMA / HSPA / CDMA2000 / LTE / 5G,Yes,"2024, May 30","Available. Released 2024, May 30",280 x 181.9 x 7.5 mm (11.02 x 7.16 x 0.30 in),566.0,Glass,,Nano-SIM + Nano-SIM,"IPS LCD, 120Hz, Dolby Vision, 600 nits",120,12.1,1600x2560,249,83.4,Gorilla Glass 3,"Android 14, HyperOS",Qualcomm SM7435-AB Snapdragon 7s Gen 2 (4 nm),4,Octa-core (4x2.40 GHz Cortex-A78 & 4x1.95 GHz Cortex-A55),Adreno 710,6,8,128,256,UFS 2.2,8.0,1,,No,,No,"LED flash, HDR",1080p@30fps,8.0,No,,1080p@30fps,"Wi-Fi 802.11 a/b/g/n/a/6, dual-band, Wi-Fi Direct",No,5.2,Type-C,Yes,"GPS, GALILEO, GLONASS, BDS, QZSS","Accelerometer, gyro, proximity (accessories only), compass",10000,33,,No,,,250.0,,,,,,,,Dark Gray,"24074RPD2G, 24074RPD2I, 24074RPD2C",1.09 W/kg (head) 1.01 W/kg (body),0.98 W/kg (head) 1.00 W/kg (body),No
Xiaomi,Xiaomi Redmi A3x,https://www.gsmarena.com/xiaomi_redmi_a3x-13053.php,https://fdn2.gsmarena.com/vv/bigpic/xiaomi-a3x-new.jpg,GSM / HSPA / LTE,No,"2024, May 24","Available. Released 2024, May 24",168.4 x 76.3 x 8.3 mm (6.63 x 3.00 x 0.33 in),193.0,Glass,,Nano-SIM + Nano-SIM,"IPS LCD, 90Hz, 500 nits",90,6.71,720x1650,268,82.9,Gorilla Glass 3,"Android 14, up to 2 major Android upgrades, MIUI",Unisoc T603 (22 nm),22,Octa-core 1.8 GHz,,3,4,64,128,eMMC 5.1,8.0,1,2.0,No,,No,"LED flash, HDR",1080p@30fps,5.0,No,HDR,1080p@30fps,Wi-Fi 802.11 b/g/n,No,4.2,Type-C,Yes,"GPS, GLONASS, GALILEO","Fingerprint (side-mounted), accelerometer, compass",5000,10,,No,,,110.0,,,,,,,,"Midnight Black, Moonlight White (Starry White), Aurora Green (Ocean Green), Olive Green","24048RN6CG, 24048RN6CI",,,FM radio
Xiaomi,Xiaomi Poco F6 Pro,https://www.gsmarena.com/xiaomi_poco_f6_pro-12992.php,https://fdn2.gsmarena.com/vv/bigpic/xiaomi-poco-f6-pro.jpg,GSM / HSPA / LTE / 5G,Yes,"2024, May 23","Available. Released 2024, May 23",160.9 x 75 x 8.2 mm (6.33 x 2.95 x 0.32 in),209.0,Glass,IP54,Nano-SIM + Nano-SIM,"AMOLED, 68B colors, 120Hz, 3840Hz PWM, Dolby Vision, HDR10+, 700 nits (typ), 1200 nits (HBM), 4000 nits (peak)",120,6.67,1440x3200,526,89.0,Gorilla Glass 5,"Android 14, up to 3 major Android upgrades, HyperOS",Qualcomm SM8550-AB Snapdragon 8 Gen 2 (4 nm),4,Octa-core (1x3.2 GHz Cortex-X3 & 2x2.8 GHz Cortex-A715 & 2x2.8 GHz Cortex-A710 & 3x2.0 GHz Cortex-A510),Adreno 740,12,16,256,512,UFS 4.0,50.0,3,1.6,Yes,1/1.55,Yes,"LED flash, HDR, panorama","8K@24fps, 4K@24/30/60fps, 1080p@30/60/120/240/960fps, 720p@1920fps, gyro-EIS",16.0,No,HDR,"1080p@30/60fps, gyro-EIS","Wi-Fi 802.11 a/b/g/n/ac/6/7 (market/region dependent), tri-band, Wi-Fi Direct",Yes,5.3,Type-C,No,"GPS (L1+L5), BDS (B1I+B1c+B2a), GALILEO (E1+E5a), QZSS (L1+L5), NavIC (L5), GLONASS","Fingerprint (under display, optical), accelerometer, proximity, gyro, compass",5000,120,,No,Active use score 10:29h,749.99,346.92,279.99,,1287854,4859,,1203,-24.8,"Black, White",23113RKC6G,1.09 W/kg (head) 1.08 W/kg (body),0.99 W/kg (head) 1.00 W/kg (body),No
Xiaomi,Xiaomi Poco F6,https://www.gsmarena.com/xiaomi_poco_f6-13000.php,https://fdn2.gsmarena.com/vv/bigpic/xiaomi-poco-f6.jpg,GSM / HSPA / LTE / 5G,Yes,"2024, May 23","Available. Released 2024, May 23",160.5 x 74.5 x 8 mm (6.32 x 2.93 x 0.31 in),179.0,Glass,IP64,Nano-SIM + Nano-SIM,"AMOLED, 68B colors, 120Hz, 1920Hz PWM, HDR10+, Dolby Vision, 500 nits (typ), 1200 nits (HBM), 2400 nits (peak)",120,6.67,1220x2712,446,89.8,Gorilla Glass Victus,"Android 14, up to 3 major Android upgrades, HyperOS",Qualcomm SM8635 Snapdragon 8s Gen 3 (4 nm),4,Octa-core (1x3.0 GHz Cortex-X4 & 4x2.8 GHz Cortex-A720 & 3x2.0 GHz Cortex-A520),Adreno 735,8,12,256,512,UFS 4.0,50.0,2,1.6,Yes,1/1.95,Yes,"LED flash, HDR, panorama","4K@30/60fps, 1080p@30/60/120/240fps, gyro-EIS",20.0,No,HDR,1080p@30/60fps,"Wi-Fi 802.11 a/b/g/n/ac/6, dual-band",Yes,5.4,Type-C,No,"GPS, GALILEO, GLONASS, QZSS, BDS (B1I+B1c)","Fingerprint (under display, optical), accelerometer, gyro, compass",5000,90,,No,Active use score 10:36h,330.99,294.43,279.69,32490,1497886,4883,3110,1218,-25.2,"Black, Green, Titanium","24069PC21G, 24069PC21I",,0.99 W/kg (head) 1.00 W/kg (body),No
Xiaomi,Xiaomi Poco Pad,https://www.gsmarena.com/xiaomi_poco_pad-12953.php,https://fdn2.gsmarena.com/vv/bigpic/xiaomi-poco-pad.jpg,No cellular connectivity,No,"2024, May 23","Available. Released 2024, May 23",280 x 181.9 x 7.5 mm (11.02 x 7.16 x 0.30 in),571.0,Glass,,No,"IPS LCD, 68B colors, 120Hz, Dolby Vision, 600 nits (HBM)",120,12.1,1600x2560,249,83.4,Gorilla Glass 3,"Android 14, HyperOS",Qualcomm SM7435-AB Snapdragon 7s Gen 2 (4 nm),4,Octa-core (4x2.40 GHz Cortex-A78 & 4x1.95 GHz Cortex-A55),Adreno 710,8,8,256,256,UFS 2.2,8.0,1,2.0,No,1/4.0,No,LED flash,1080p@30fps,8.0,No,,1080p@30fps,"Wi-Fi 802.11 a/b/g/n/ac/6, dual-band, Wi-Fi Direct",No,5.2,Type-C,Yes,No,"Accelerometer, gyro, proximity (accessories only), compass",10000,33,,No,Active use score 9:15h,,280.0,,,600399,2909,793,564,-23.9,"Dark Gray, Blue",2405CPCFBG,1.09 W/kg (body),0.99 W/kg (body),No
Xiaomi,Xiaomi Redmi Note 13R,https://www.gsmarena.com/xiaomi_redmi_note_13r-13011.php,https://fdn2.gsmarena.com/vv/bigpic/xiaomi-redmi-note-13r.jpg,GSM / CDMA / HSPA / EVDO / LTE / 5G,Yes,"2024, May 17","Available. Released 2024, May 17",168.6 x 76.3 x 8.2 mm (6.64 x 3.00 x 0.32 in),205.0,Glass,IP53,Nano-SIM + Nano-SIM,"IPS LCD, 120Hz, 550 nits",120,6.79,1080x2460,396,85.1,,"Android 14, HyperOS",Qualcomm SM4450 Snapdragon 4+ Gen 2 (4 nm),4,Octa-core (2x2.3 GHz Cortex-A78 & 6x1.95 GHz Cortex-A55),Adreno 613,6,12,128,512,UFS 2.2,50.0,2,1.8,No,1/2.76,No,"LED flash, HDR",1080p@30fps,8.0,No,,1080p@30fps,"Wi-Fi 802.11 a/b/g/n/ac, dual-band",Yes,5.3,Type-C,Yes,"GPS, GLONASS, GALILEO, BDS","Fingerprint (side-mounted), accelerometer, compass",5030,33,,No,,,180.0,,,,,,,,"Black, Blue, Silver",2406ERN9CC,,,No
Xiaomi,Xiaomi Redmi Pad Pro,https://www.gsmarena.com/xiaomi_redmi_pad_pro-12922.php,https://fdn2.gsmarena.com/vv/bigpic/xiaomi-redmi-pad-pro.jpg,No cellular connectivity,No,"2024, April 10","Available. Released 2024, April 15",280 x 181.9 x 7.5 mm (11.02 x 7.16 x 0.30 in),571.0,Glass,,No,"IPS LCD, 68B colors, 120Hz, Dolby Vision, 600 nits (HBM)",120,12.1,1600x2560,249,83.4,Gorilla Glass 3,"Android 14, HyperOS",Qualcomm SM7435-AB Snapdragon 7s Gen 2 (4 nm),4,Octa-core (4x2.40 GHz Cortex-A78 & 4x1.95 GHz Cortex-A55),Adreno 710,6,8,128,256,UFS 2.2,8.0,1,2.0,No,1/4.0,No,LED flash,1080p@30fps,8.0,No,,1080p@30fps,"Wi-Fi 802.11 a/b/g/n/a/6, dual-band, Wi-Fi Direct",No,5.2,Type-C,Yes,No,"Accelerometer, gyro, proximity (accessories only), compass",10000,33,,No,Active use score 9:36h,,200.0,,,589889,2840,786,654,-24.1,"Dark Gray, Blue, Green",,,,No
Xiaomi,Xiaomi Redmi Turbo 3,https://www.gsmarena.com/xiaomi_redmi_turbo_3-12920.php,https://fdn2.gsmarena.com/vv/bigpic/xiaomi-redmi-turbo3.jpg,GSM / CDMA / HSPA / CDMA2000 / LTE / 5G,Yes,"2024, April 10","Available. Released 2024, April 10",160.5 x 74.4 x 7.8 mm (6.32 x 2.93 x 0.31 in),179.0,Glass,IP64,Nano-SIM + Nano-SIM,"AMOLED, 68B colors, 120Hz, Dolby Vision, HDR10+, 2400 nits (peak)",120,6.67,1220x2712,446,89.9,Gorilla Glass Victus,"Android 14, HyperOS",Qualcomm SM8635 Snapdragon 8s Gen 3 (4 nm),4,Octa-core (1x3.0 GHz Cortex-X4 & 4x2.8 GHz Cortex-A720 & 3x2.0 GHz Cortex-A520),Adreno 735,12,16,256,512,UFS 4.0,50.0,2,1.6,Yes,1/1.95,Yes,"LED flash, HDR, panorama","4K@30/60fps, 1080p@30/60/120/240fps, gyro-EIS",20.0,No,HDR,1080p@30/60fps,"Wi-Fi 802.11 a/b/g/n/ac/6e, dual-band, Wi-Fi Direct",Yes,5.4,Type-C,No,"GPS, GALILEO, GLONASS, QZSS, BDS (B1I+B1c)","Fingerprint (under display, optical), accelerometer, gyro, proximity, compass",5000,90,,No,,,260.0,,,,,,,,"Black, Green, Titanium, Harry Potter",24069RA21C,,,No
Xiaomi,Xiaomi Poco C61,https://www.gsmarena.com/xiaomi_poco_c61-12886.php,https://fdn2.gsmarena.com/vv/bigpic/xiaomi-poco-c61.jpg,GSM / HSPA / LTE,No,"2024, March 26","Available. Released 2024, March 28",168.4 x 76.3 x 8.3 mm (6.63 x 3.00 x 0.33 in),199.0,,,Nano-SIM + Nano-SIM,"IPS LCD, 90Hz, 500 nits",90,6.71,720x1650,268,82.9,Gorilla Glass 3,"Android 14, MIUI",Mediatek Helio G36 (12 nm),12,Octa-core (4x2.2 GHz Cortex-A53 & 4x1.6 GHz Cortex-A53),PowerVR GE8320,3,6,64,128,eMMC 5.1,8.0,1,2.0,No,,No,"Dual-LED flash, HDR",1080p@30fps,5.0,No,,1080p@30fps,Wi-Fi 802.11 a/b/g/n/ac,No,5.4,Type-C,Yes,"GPS, GLONASS, GALILEO, BDS","Fingerprint (side-mounted), accelerometer, compass",5000,10,,No,,,80.0,,,,,,,,"Black, Blue, Green","2312BPC51H, 2312BPC51X",0.84 W/kg (head) 0.77 W/kg (body),,"FM radio, recording"
Xiaomi,Xiaomi Civi 4 Pro,https://www.gsmarena.com/xiaomi_civi_4_pro-12888.php,https://fdn2.gsmarena.com/vv/bigpic/xiaomi-civi-4-pro.jpg,GSM / CDMA / HSPA / CDMA2000 / LTE / 5G,Yes,"2024, March 21","Available. Released 2024, March 21",157.2 x 72.8 x 7.5 mm or 7.8 mm,179.3,Glass,,Nano-SIM + Nano-SIM,"AMOLED, 68B colors, 120Hz, Dolby Vision, HDR10+, 3000 nits (peak)",120,6.55,1236x2750,460,90.4,Gorilla Glass Victus,"Android 14, HyperOS",Qualcomm SM8635 Snapdragon 8s Gen 3 (4 nm),4,Octa-core (1x3.0 GHz Cortex-X4 & 4x2.8 GHz Cortex-A720 & 3x2.0 GHz Cortex-A520),Adreno 735,12,16,256,512,UFS 4.0,50.0,3,1.6,Yes,1/1.55,Yes,"Color spectrum sensor, Dual-LED flash, HDR, panorama, Leica lenses","4K@24/30/60fps, 1080p@30/60/120/240/960fps, 720p@1920fps, HDR10+, BT.2020, 10-bit video, gyro-EIS",32.0,Yes,"HDR, panorama","4K@30fps, 1080p@30/60fps; gyro-EIS","Wi-Fi 802.11 a/b/g/n/ac/6, dual-band, Wi-Fi Direct",Yes,5.4,Type-C,No,"GPS (L1), GLONASS (G1), BDS (B1I+B1c), GALILEO (E1), QZSS (L1)","Fingerprint (under display, optical), accelerometer, gyro, proximity, compass",4700,67,,No,,,380.0,,,,,,,,"Black, Pink, Blue, Green",24053PY09C,,,No
Xiaomi,Xiaomi Poco X6 Neo,https://www.gsmarena.com/xiaomi_poco_x6_neo-12863.php,https://fdn2.gsmarena.com/vv/bigpic/xiaomi-poco-x6-neo-.jpg,GSM / HSPA / LTE / 5G,Yes,"2024, March 13","Available. Released 2024, March 13",161.1 x 75 x 7.7 mm (6.34 x 2.95 x 0.30 in),175.0,Glass,IP54,Nano-SIM + Nano-SIM,"AMOLED, 1B colors, 120Hz, 1000 nits (peak)",120,6.67,1080x2400,395,88.9,Gorilla Glass 5,Android 13,Mediatek Dimensity 6080 (6 nm),6,Octa-core (2x2.4 GHz Cortex-A76 & 6x2.0 GHz Cortex-A55),Mali-G57 MC2,8,12,128,256,UFS 2.2,108.0,2,1.8,No,,No,"LED flash, HDR, panorama",1080p@30fps,16.0,No,HDR,1080p@30fps,"Wi-Fi 802.11 a/b/g/n/ac, dual-band",No,5.3,Type-C,Yes,"GPS, GLONASS, GALILEO, BDS","Fingerprint (side-mounted), accelerometer, gyro, proximity, compass",5000,33,,No,,,180.0,,,450726,2117,371,,,"Astral Black, Horizon Blue, Martian Orange","MZB0GGWIN, 2312FRAFDI",0.85 W/kg (head) 0.71 W/kg (body),,FM radio
Xiaomi,Xiaomi 14,https://www.gsmarena.com/xiaomi_14-12626.php,https://fdn2.gsmarena.com/vv/bigpic/xiaomi-14-new.jpg,GSM / CDMA / HSPA / CDMA2000 / LTE / 5G,Yes,"2023, October 26","Available. Released 2023, November 01",152.8 x 71.5 x 8.2 mm or 8.3 mm,188.0,Glass,IP68,· Nano-SIM + eSIM · Nano-SIM + Nano-SIM,"LTPO OLED, 68B colors, 120Hz, Dolby Vision, HDR10+, 1000 nits (typ), 3000 nits (peak)",120,6.36,1200x2670,460,89.3,Gorilla Glass Victus,"Android 14, upgradable to Android 15, up to 4 major Android upgrades, HyperOS 1.1",Qualcomm SM8650-AB Snapdragon 8 Gen 3 (4 nm),4,Octa-core (1x3.3 GHz Cortex-X4 & 3x3.2 GHz Cortex-A720 & 2x3.0 GHz Cortex-A720 & 2x2.3 GHz Cortex-A520),Adreno 750,8,16,256,512,UFS 4.0,50.0,3,1.6,Yes,1/1.31,Yes,"Laser AF, color spectrum sensor, Leica lens, Dual-LED dual-tone flash, HDR, panorama","8K@24fps (HDR), 4K@24/30/60fps (HDR10+, 10-bit Dolby Vision HDR, 10-bit LOG), 1080p@30/60/120/240/960fps, 720p@1920fps, gyro-EIS",32.0,Yes,"HDR, panorama","4K@30/60fps, 1080p@30/60fps, gyro-EIS","Wi-Fi 802.11 a/b/g/n/ac/6e/7, dual-band, Wi-Fi Direct",Yes,5.4,Type-C,No,"GPS (L1+L5), GLONASS (G1), BDS (B1I+B1c+B2a), GALILEO (E1+E5a), QZSS (L1+L5), NavIC (L5)","Fingerprint (under display, optical), accelerometer, proximity, gyro, compass, barometer",4610,90,50,Yes,Active use score 13:56h,385.94,486.55,,,2003429,6810,4567,1175,-25.3,"Black, White, Jade Green, Pink","23127PN0CC, 23127PN0CG",,1.00 W/kg (head) 0.99 W/kg (body),No
Xiaomi,Xiaomi 14 Ultra,https://www.gsmarena.com/xiaomi_14_ultra-12827.php,https://fdn2.gsmarena.com/vv/bigpic/xiaomi-14-ultra-new.jpg,GSM / CDMA / HSPA / EVDO / LTE / 5G,Yes,"2024, February 22","Available. Released 2024, February 22",161.4 x 75.3 x 9.2 mm (6.35 x 2.96 x 0.36 in),229.5,Titanium,IP68,Nano-SIM + Nano-SIM,"LTPO AMOLED, 68B colors, 120Hz, 1920Hz PWM, Dolby Vision, HDR10+, 1000 nits (typ), 3000 nits (peak)",120,6.73,1440x3200,522,89.6,Xiaomi Shield Glass,"Android 14, up to 4 major Android upgrades, HyperOS",Qualcomm SM8650-AB Snapdragon 8 Gen 3 (4 nm),4,Octa-core (1x3.3 GHz Cortex-X4 & 3x3.2 GHz Cortex-A720 & 2x3.0 GHz Cortex-A720 & 2x2.3 GHz Cortex-A520),Adreno 750,12,16,256,512,UFS 4.0,50.0,4,1.6,Yes,1/2.51,Yes,"Laser AF, color spectrum sensor, Leica lenses, Dual-LED flash, HDR, panorama, 67mm filter ring holder (optional)","8K@24/30fps, 4K@24/30/60/120fps, 1080p@30/60/120/240/480/960/1920fps, gyro-EIS, Dolby Vision HDR 10-bit rec. (4K@60fps, 1080p)",32.0,Yes,"HDR, panorama","4K@30/60fps, 1080p@30/60fps, gyro-EIS","Wi-Fi 802.11 a/b/g/n/ac/6e/7, tri-band, Wi-Fi Direct",Yes,5.4,Type-C,No,"GPS (L1+L5), GLONASS (L1), BDS (B1I+B1c+B2a), GALILEO (E1+E5a), QZSS (L1+L5), NavIC (L5)","Fingerprint (under display, optical), accelerometer, proximity, gyro, compass, barometer",5000,90,80,Yes,Active use score 11:25h,,577.44,,,2014262,7060,4977,1281,-25.6,"Black, Blue, White, Titanium Gray","24031PN0DC, 24030PN60G",0.83 W/kg (head) 0.82 W/kg (body),1.00 W/kg (head) 1.00 W/kg (body),No
Xiaomi,Xiaomi Pad 6S Pro 12.4,https://www.gsmarena.com/xiaomi_pad_6s_pro_12_4-12838.php,https://fdn2.gsmarena.com/vv/bigpic/xiaomi-pad-6s-pro-124.jpg,No cellular connectivity,No,"2024, February 22","Available. Released 2024, February 22",278.7 x 191.6 x 6.3 mm (10.97 x 7.54 x 0.25 in),590.0,Glass,,No,"IPS LCD, 68B colors, 144Hz, HDR10, Dolby Vision, 900 nits (peak)",144,12.4,2032x3048,295,85.7,Gorilla Glass 5,"Android 14, up to 3 major Android upgrades, HyperOS",Qualcomm SM8550-AB Snapdragon 8 Gen 2 (4 nm),4,Octa-core (1x3.2 GHz Cortex-X3 & 2x2.8 GHz Cortex-A715 & 2x2.8 GHz Cortex-A710 & 3x2.0 GHz Cortex-A510),Adreno 740,8,16,256,512,UFS 4.0,50.0,2,1.8,No,1/2.76,Yes,"LED flash, HDR, panorama","4K@30/60fps, 1080p@30/60fps",32.0,No,,1080p@30fps,"Wi-Fi 802.11 a/b/g/n/a/6/7, dual-band, Wi-Fi Direct",Yes,5.3,Type-C,No,No,"Fingerprint (side-mounted), accelerometer, gyro, proximity (accessories only), compass",10000,120,,No,Active use score 11:14h,,700.0,,,1539762,5268,2970,848,-20.5,"Black, Blue, Green",24018RPACG,,0.99 W/kg (body),No
Xiaomi,Xiaomi Watch 2,https://www.gsmarena.com/xiaomi_watch_2-12828.php,https://fdn2.gsmarena.com/vv/bigpic/xiaomi-watch2.jpg,No cellular connectivity,No,"2024, February 12","Available. Released 2024, February 22",47.5 x 45.9 x 11.8 mm (1.87 x 1.81 x 0.46 in),36.8,Aluminum,,No,"AMOLED, 600 nits",,1.43,466x466,326,,,Android Wear OS,Qualcomm Snapdragon W5+ Gen 1 (4 nm),4,,,2,2,32,32,,,,,No,,No,,,,No,,,"Wi-Fi 802.11 a/b/g/n/ac, dual-band",Yes,5.2,No,No,"GPS (L1+L5), GLONASS, GALILEO, BDS, QZSS","Accelerometer, gyro, compass, barometer, heart rate, SpO2",495,,,No,,,70.0,,,,,,,,"Black, Silver",M2320W1,,,No
Xiaomi,Xiaomi Watch S3,https://www.gsmarena.com/xiaomi_watch_s3-12834.php,https://fdn2.gsmarena.com/vv/bigpic/xiaomi-watch-s3.jpg,GSM / HSPA / LTE,No,"2023, October 28","Available. Released 2023, October 28",47 x 47 x 12 mm (1.85 x 1.85 x 0.47 in),44.0,Aluminum,,eSIM (market/region dependent),"AMOLED, 600 nits",,1.43,466x466,326,,Scratch/drop-proof glass,HyperOS,,,,,,,,,,,,,No,,No,,,,No,,,No,Yes,5.2,No,No,"GPS (L1+L5), GLONASS, GALILEO, BDS, QZSS","Accelerometer, gyro, compass, barometer, heart rate, SpO2",486,,,No,,,110.0,,,,,,,,"Black, Silver, Brown","M2313W1, M2311W1",,,No
Xiaomi,Xiaomi Redmi A3,https://www.gsmarena.com/xiaomi_redmi_a3-12822.php,https://fdn2.gsmarena.com/vv/bigpic/xiaomi-redmi-a3.jpg,GSM / HSPA / LTE,No,"2024, February 14","Available. Released 2024, February 23",168.3 x 76.3 x 8.3 mm (6.63 x 3.00 x 0.33 in),193.0,Glass,,Nano-SIM + Nano-SIM,"IPS LCD, 90Hz, 500 nits (HBM)",90,6.71,720x1650,268,82.9,Gorilla Glass 3,"Android 14 or Android 14 (Go edition), upgradable to Android 15",Mediatek Helio G36 (12 nm),12,Octa-core (4x2.2 GHz Cortex-A53 & 4x1.6 GHz Cortex-A53),PowerVR GE8320,2,8,64,128,eMMC 5.1,8.0,1,2.0,No,,No,"LED flash, HDR",1080p@30fps,5.0,No,,1080p@30fps,"Wi-Fi 802.11 a/b/g/n/ac, dual-band",Yes,5.4,Type-C,Yes,"GPS, GLONASS, GALILEO, BDS","Fingerprint (side-mounted), accelerometer, compass",5000,10,,No,,,70.0,,,,,,,,"Midnight Black, Forest Green (Olive Green), Star Blue (Lake Blue)","23129RN51X, 23129RN51H",,0.92 W/kg (head) 0.99 W/kg (body),FM radio
Xiaomi,Xiaomi Redmi Note 13 Pro 4G,https://www.gsmarena.com/xiaomi_redmi_note_13_pro_4g-12749.php,https://fdn2.gsmarena.com/vv/bigpic/xiaomi-redmi-note-13-pro-4g.jpg,GSM / HSPA / LTE,No,"2024, January 15","Available. Released 2024, January 15",161.1 x 75 x 8 mm (6.34 x 2.95 x 0.31 in),188.0,Glass,IP54,Nano-SIM + Nano-SIM,"AMOLED, 1B colors, 120Hz, 500 nits (typ), 1000 nits (HBM), 1300 nits (peak)",120,6.67,1080x2400,395,88.9,Gorilla Glass 5,"Android 13, up to 3 major Android upgrades, HyperOS",Mediatek Helio G99 Ultra,,Octa-core (2x2.2 GHz Cortex-A76 & 6x2.0 GHz Cortex-A55),Mali-G57 MC2,8,12,128,512,UFS 2.2,200.0,3,1.7,Yes,1/1.4,No,"LED flash, HDR, panorama",1080p@30/60fps,16.0,No,,1080p@30/60fps,"Wi-Fi 802.11 a/b/g/n/ac, dual-band",Yes,5.2,Type-C,Yes,"GPS, GLONASS, GALILEO, BDS","Fingerprint (under display, optical), accelerometer, gyro, compass",5000,67,,No,Active use score 11:36h,,235.0,269.99,,382881,1844,,1047,-26.4,"Midnight Black, Lavender Purple, Forest Green","23117RA68G, 2312FPCA6G",1.09 W/kg (head) 1.09 W/kg (body),0.99 W/kg (head) 0.99 W/kg (body),FM radio
Xiaomi,Xiaomi Redmi Note 13 4G,https://www.gsmarena.com/xiaomi_redmi_note_13_4g-12750.php,https://fdn2.gsmarena.com/vv/bigpic/xiaomi-redmi-note-13-4g.jpg,GSM / HSPA / LTE,No,"2024, January 15","Available. Released 2024, January 15",162.3 x 75.6 x 8 mm (6.39 x 2.98 x 0.31 in),188.5,Glass,IP54,Nano-SIM + Nano-SIM,"AMOLED, 120Hz, 960Hz PWM, 1800 nits (peak)",120,6.67,1080x2400,395,87.5,Gorilla Glass 3,"Android 13, upgradable to Android 15, up to 3 major Android upgrades, HyperOS 2",Qualcomm SM6225 Snapdragon 685 (6 nm),6,Octa-core (4x2.8 GHz Cortex-A73 & 4x1.9 GHz Cortex-A53),Adreno 610,6,8,128,512,UFS 2.2,108.0,3,1.8,No,1/1.67,No,"LED flash, HDR, panorama",1080p@30fps,16.0,No,,1080p@30fps,"Wi-Fi 802.11 a/b/g/n/ac, dual-band",Yes,5.1,Type-C,Yes,"GPS, GLONASS, GALILEO, BDS","Fingerprint (under display, optical), accelerometer, gyro, proximity, compass",5000,33,,No,Active use score 11:52h,,218.65,179.99,,316857,1817,137,1313,-25.8,"Midnight Black, Mint Green, Ice Blue, Ocean Sunset","23129RAA4G, 23124RA7EO, 23129RA5FL",0.98 W/kg (head) 0.49 W/kg (body),0.77 W/kg (head) 0.98 W/kg (body),Unspecified
Xiaomi,Xiaomi Redmi Note 13 Pro+,https://www.gsmarena.com/xiaomi_redmi_note_13_pro+-12572.php,https://fdn2.gsmarena.com/vv/bigpic/xiaomi-redmi-note-13-pro-plus-int.jpg,GSM / CDMA / HSPA / EVDO / LTE / 5G,Yes,"2023, September 21","Available. Released 2023, September 21",161.4 x 74.2 x 8.9 mm (6.35 x 2.92 x 0.35 in),199.0,Glass,IP68,· Nano-SIM + eSIM · Nano-SIM + Nano-SIM,"AMOLED, 68B colors, 120Hz, 1920Hz PWM, Dolby Vision, HDR10+, 1800 nits (peak)",120,6.67,1220x2712,446,89.7,Gorilla Glass Victus,"Android 13, upgradable to Android 16, HyperOS 3",Mediatek Dimensity 7200 Ultra (4 nm),4,Octa-core (2x2.8 GHz Cortex-A715 & 6x2.0 GHz Cortex-A510),Mali-G610 MC4,8,16,256,512,UFS 3.1,200.0,3,1.7,Yes,1/1.4,Yes,"Dual-LED dual-tone flash, HDR, panorama","4K@24/30fps, 1080p@30/60/120fps, gyro-EIS",16.0,No,"HDR, panorama",1080p@30/60fps,"Wi-Fi 802.11 a/b/g/n/ac/6, dual-band, Wi-Fi Direct",Yes,5.3,Type-C,No,"GPS, GLONASS, BDS, GALILEO, QZSS","Fingerprint (under display, optical), accelerometer, gyro, proximity, compass",5000,120,,No,Active use score 10:38h,344.85,204.99,314.76,32999,683899,2353,1193,1283,-26.3,"Midnight Black (Fushion Black), Moonlight White (Fushion White), Aurora Purple, Fushion Purple, Camo Green","23090RA98C, 23090RA98G, 23090RA98I",1.09 W/kg (head) 0.85 W/kg (body),0.98 W/kg (head) 1.00 W/kg (body),No
Xiaomi,Xiaomi Redmi Note 13 Pro,https://www.gsmarena.com/xiaomi_redmi_note_13_pro-12581.php,https://fdn2.gsmarena.com/vv/bigpic/xiaomi-redmi-note-13-pro-5g.jpg,GSM / CDMA / HSPA / CDMA2000 / LTE / 5G,Yes,"2023, September 21","Available. Released 2023, September 21",161.2 x 74.2 x 8 mm (6.35 x 2.92 x 0.31 in),187.0,Glass,IP54,· Nano-SIM + eSIM · Nano-SIM + Nano-SIM,"AMOLED, 68B colors, 120Hz, 1920Hz PWM, Dolby Vision, 500 nits (typ), 1200 nits (HBM), 1800 nits (peak)",120,6.67,1220x2712,446,89.8,Gorilla Glass Victus,"Android 13, upgradable to Android 16, HyperOS 3, up to 3 major Android upgrades",Qualcomm SM7435-AB Snapdragon 7s Gen 2 (4 nm),4,Octa-core (4x2.40 GHz Cortex-A78 & 4x1.95 GHz Cortex-A55),Adreno 710,8,16,128,512,UFS 2.2,200.0,3,1.7,Yes,1/1.4,Yes,"Dual-LED dual-tone flash, HDR, panorama","4K@30fps, 1080p@30/60/120fps, gyro-EIS",16.0,No,"HDR, panorama",1080p@30/60fps,"Wi-Fi 802.11 a/b/g/n/ac, dual-band",Yes,5.2,Type-C,Yes,"GPS, GLONASS, BDS (B1I+B1c), GALILEO, QZSS","Fingerprint (under display, optical), accelerometer, gyro, compass",5100,67,,No,Active use score 10:16h,,179.99,299.99,,523746,2695,,1331,-26.0,"Midnight Black, Aurora Purple (Coral Purple), Ocean Teal, Arctic White, Olive Green, Scarlet Red","2312DRA50C, 2312CRAD3C, 2312DRA50G, 2312DRA50I",1.09 W/kg (head) 1.03 W/kg (body),1.00 W/kg (head) 1.00 W/kg (body),Unspecified
Xiaomi,Xiaomi Redmi Note 13,https://www.gsmarena.com/xiaomi_redmi_note_13-12776.php,https://fdn2.gsmarena.com/vv/bigpic/xiaomi-redmi-note-13-5g.jpg,GSM / HSPA / LTE / 5G,Yes,"2024, January 04","Available. Released 2024, January 10",161.1 x 75 x 7.6 mm (6.34 x 2.95 x 0.30 in),174.5,Glass,IP54,Nano-SIM + Nano-SIM,"AMOLED, 1B colors*, 120Hz, 1920Hz PWM, 1000 nits (peak)",120,6.67,1080x2400,395,88.9,Gorilla Glass 5,"Android 13, upgradable to Android 14, up to 2 major Android upgrades, HyperOS",Mediatek Dimensity 6080 (6 nm),6,Octa-core (2x2.4 GHz Cortex-A76 & 6x2.0 GHz Cortex-A55),Mali-G57 MC2,6,12,128,512,UFS 2.2,108.0,3,1.7,No,1/1.67,No,"LED flash, HDR, panorama",1080p@30fps,16.0,No,"HDR, panorama",1080p@30fps,"Wi-Fi 802.11 a/b/g/n/ac, dual-band",Yes,5.3,Type-C,Yes,"GPS, GLONASS","Fingerprint (side-mounted), accelerometer, gyro, proximity, compass",5000,33,,No,Active use score 9:49h,,136.53,,,405118,1968,371,991,-24.0,"Graphite black (Stealth Black), Arctic White, Ocean Teal, Prism Gold","2312DRAABG, 2312DRAABI",1.07 W/kg (head) 0.99 W/kg (body),0.94 W/kg (head) 1.00 W/kg (body),No
Xiaomi,Xiaomi Poco X6 Pro,https://www.gsmarena.com/xiaomi_poco_x6_pro-12717.php,https://fdn2.gsmarena.com/vv/bigpic/xiaomi-poco-x6-pro.jpg,GSM / HSPA / LTE / 5G,Yes,"2024, January 11","Available. Released 2024, January 12",160.5 x 74.3 x 8.3 mm (6.32 x 2.93 x 0.33 in),186.0,Glass,IP54,Nano-SIM + Nano-SIM,"AMOLED, 68B colors, 120Hz, 1920Hz PWM, HDR10+, Dolby Vision, 500 nits (typ), 1200 nits (HBM), 1800 nits (peak)",120,6.67,1220x2712,446,90.1,Gorilla Glass 5,"Android 14, up to 3 major Android upgrades, HyperOS",Mediatek Dimensity 8300 Ultra (4 nm),4,Octa-core (1x3.35 GHz Cortex-A715 & 3x3.20 GHz Cortex-A715 & 4x2.20 GHz Cortex-A510),Mali G615-MC6,8,12,256,512,UFS 4.0,64.0,3,1.7,Yes,1/2.0,Yes,"LED flash, HDR, panorama","4K@24/30fps, 1080p@30/60fps, gyro-EIS",16.0,No,"HDR, panorama",1080p@30/60fps,"Wi-Fi 802.11 a/b/g/n/ac/6, dual-band, Wi-Fi Direct",Yes,5.4,Type-C,No,"GPS, GALILEO, GLONASS, QZSS, BDS (B1I+B1c)","Fingerprint (under display, optical), accelerometer, gyro, compass",5000,67,,No,Active use score 11:46h,,243.06,269.99,26990,1396547,4696,,1148,-24.3,"Black, Yellow, Gray","2311DRK48G, 2311DRK48I",,0.99 W/kg (head) 1.00 W/kg (body),No
Xiaomi,Xiaomi Poco X6,https://www.gsmarena.com/xiaomi_poco_x6-12723.php,https://fdn2.gsmarena.com/vv/bigpic/xiaomi-poco-x6.jpg,GSM / HSPA / LTE / 5G,Yes,"2024, January 11","Available. Released 2024, January 12",161.2 x 74.3 x 8 mm (6.35 x 2.93 x 0.31 in),181.0,Glass,IP54,Nano-SIM + Nano-SIM,"AMOLED, 68B colors, 120Hz, 1920Hz PWM, Dolby Vision, 500 nits (typ), 1200 nits (HBM), 1800 nits (peak)",120,6.67,1220x2712,446,89.7,Gorilla Glass Victus,"Android 13, up to 3 major Android upgrades, HyperOS",Qualcomm SM7435-AB Snapdragon 7s Gen 2 (4 nm),4,Octa-core (4x2.40 GHz Cortex-A78 & 4x1.95 GHz Cortex-A55),Adreno 710,8,12,256,512,UFS 2.2,64.0,3,1.8,Yes,1/2.0,Yes,"LED flash, HDR, panorama","4K@30fps, 1080p@30/60fps, gyro-EIS",16.0,No,HDR,1080p@30/60fps,"Wi-Fi 802.11 a/b/g/n/ac, dual-band, Wi-Fi Direct",Yes,5.2,Type-C,Yes,"GPS, GLONASS, GALILEO, BDS","Fingerprint (under display, optical), accelerometer, gyro, proximity, compass",5100,67,,No,Active use score 10:11h,,,636.0,,533112,2945,792,1339,-26.5,"Black, White, Blue","23122PCD1G, 23122PCD1I",1.09 W/kg (head) 1.03 W/kg (body),1.00 W/kg (head) 1.00 W/kg (body),No
Xiaomi,Xiaomi Poco M6 Pro 4G,https://www.gsmarena.com/xiaomi_poco_m6_pro_4g-12779.php,https://fdn2.gsmarena.com/vv/bigpic/xiaomi-poco-m6-pro-4g.jpg,GSM / HSPA / LTE,No,"2024, January 11","Available. Released 2024, January 12",161.1 x 75 x 8 mm (6.34 x 2.95 x 0.31 in),179.0,Glass,IP54,Nano-SIM + Nano-SIM,"AMOLED, 120Hz, 1000 nits (HBM), 1300 nits (peak)",120,6.67,1080x2400,395,88.9,Gorilla Glass 5,"Android 13, MIUI 14, planned upgrade to Android 14, HyperOS",Mediatek Helio G99 Ultra,,Octa-core (2x2.2 GHz Cortex-A76 & 6x2.0 GHz Cortex-A55),Mali-G57 MC2,8,12,256,512,UFS 2.2,64.0,3,1.8,Yes,1/2.0,No,"LED flash, HDR, panorama","1080p@30/60fps, gyro-EIS",16.0,No,,1080p@30/60fps,"Wi-Fi 802.11 a/b/g/n/ac, dual-band",Yes,5.2,Type-C,Yes,"GPS, GALILEO, GLONASS, BDS","Fingerprint (under display, optical), accelerometer, gyro, compass",5000,67,,No,Active use score 11:46h,,230.0,,,386301,1892,,1053,-25.0,"Black, Blue, Purple",2312FPCA6G,1.09 W/kg (head) 1.09 W/kg (body),0.99 W/kg (head) 0.99 W/kg (body),FM radio
Xiaomi,Xiaomi Poco M6,https://www.gsmarena.com/xiaomi_poco_m6-12737.php,https://fdn2.gsmarena.com/vv/bigpic/xiaomi-poco-m6-5g-.jpg,GSM / HSPA / LTE / 5G,Yes,"2023, December 22","Available. Released 2023, December 26",168 x 78 x 8.1 mm (6.61 x 3.07 x 0.32 in),195.0,,,Nano-SIM + Nano-SIM,"IPS LCD, 90Hz, 450 nits (typ), 600 nits (HBM)",90,6.74,720x1600,260,83.7,Corning Gorilla Glass,"Android 13, MIUI 14",Mediatek Dimensity 6100+ (6 nm),6,Octa-core (2x2.2 GHz Cortex-A76 & 6x2.0 GHz Cortex-A55),Mali-G57 MC2,4,8,64,256,UFS 2.2,50.0,1,1.8,No,,No,"LED flash, HDR",1080p@30fps,5.0,No,HDR,1080p@30fps,"Wi-Fi 802.11 a/b/g/n/ac, dual-band",No,5.3,Type-C,Yes,"GPS, GLONASS, GALILEO, BDS","Fingerprint (side-mounted), accelerometer, compass",5000,18,,No,,,190.0,,,407997,1954,328,,,"Galactic Black, Orion Blue",23128PC33I,,,FM radio
Xiaomi,Xiaomi Redmi 13R,https://www.gsmarena.com/xiaomi_redmi_13r-12735.php,https://fdn2.gsmarena.com/vv/bigpic/xiaomi-redmi-13r-5g.jpg,GSM / CDMA / HSPA / CDMA2000 / LTE / 5G,Yes,"2023, December 08","Available. Released 2023, December 08",168.1 x 77.9 x 8.2 mm (6.62 x 3.07 x 0.32 in),195.0,,,Nano-SIM + Nano-SIM,"IPS LCD, 90Hz, 450 nits (typ), 600 nits (HBM)",90,6.74,720x1600,260,83.8,Corning Gorilla Glass,"Android 13, MIUI 14",Mediatek Dimensity 6100+ (6 nm),6,Octa-core (2x2.2 GHz Cortex-A76 & 6x2.0 GHz Cortex-A55),Mali-G57 MC2,4,4,128,128,UFS 2.2,50.0,1,1.8,No,,No,"LED flash, HDR",1080p@30fps,5.0,No,HDR,1080p@30fps,"Wi-Fi 802.11 a/b/g/n/ac, dual-band",No,5.3,Type-C,Yes,"GPS, GLONASS, GALILEO, BDS","Fingerprint (side-mounted), accelerometer, compass",5000,18,,No,,,130.0,,,,,,,,"Black, Green, Purple",,,,FM radio
Xiaomi,Xiaomi Redmi 13C 5G,https://www.gsmarena.com/xiaomi_redmi_13c_5g-12726.php,https://fdn2.gsmarena.com/vv/bigpic/xiaomi-redmi-13c-5g.jpg,GSM / HSPA / LTE / 5G,Yes,"2023, December 06","Available. Released 2023, December 16",168.1 x 77.9 x 8.2 mm (6.62 x 3.07 x 0.32 in),192.0,Glass,,Nano-SIM + Nano-SIM,"IPS LCD, 90Hz, 450 nits (typ), 600 nits (HBM)",90,6.74,720x1600,260,83.8,Gorilla Glass 3,"Android 13, MIUI 14",Mediatek Dimensity 6100+ (6 nm),6,Octa-core (2x2.2 GHz Cortex-A76 & 6x2.0 GHz Cortex-A55),Mali-G57 MC2,4,8,64,256,UFS 2.2,50.0,1,1.8,No,1/2.76,No,"LED flash, HDR",1080p@30fps,5.0,No,HDR,1080p@30fps,"Wi-Fi 802.11 a/b/g/n/ac, dual-band",Yes,5.3,Type-C,Yes,"GPS, GLONASS, GALILEO, BDS","Fingerprint (side-mounted), accelerometer, compass",5000,18,,No,,169.99,143.89,,,,,,,,"Starry Black, Twilight Blue, Starry Silver, Starlight Black, Startrail Green, Startrail Silver","23124RN87G, 23124RN87I, 23124RN87C",1.09 W/kg (head) 1.09 W/kg (body),0.98 W/kg (head) 0.98 W/kg (body),FM radio
Xiaomi,Xiaomi Redmi K70 Pro,https://www.gsmarena.com/xiaomi_redmi_k70_pro-12714.php,https://fdn2.gsmarena.com/vv/bigpic/xiaomi-redmi-k70-pro.jpg,GSM / CDMA / HSPA / CDMA2000 / LTE / 5G,Yes,"2023, November 29","Available. Released 2023, November 29",160.9 x 75 x 8.2 mm (6.33 x 2.95 x 0.32 in),209.0,,,Nano-SIM + Nano-SIM,"OLED, 68B colors, 120Hz, Dolby Vision, HDR10+, 4000 nits (peak)",120,6.67,1440x3200,526,89.0,,"Android 14, HyperOS",Qualcomm SM8650-AB Snapdragon 8 Gen 3 (4 nm),4,Octa-core (1x3.3 GHz Cortex-X4 & 3x3.2 GHz Cortex-A720 & 2x3.0 GHz Cortex-A720 & 2x2.3 GHz Cortex-A520),Adreno 750,12,24,256,512,UFS 4.0,50.0,3,1.6,Yes,1/1.55,Yes,"Color spectrum sensor, LED flash, HDR, panorama","8K@24fps, 4K@24/30/60fps, 1080p@30/60/120/240/960fps, 720p@1920fps, gyro-EIS",16.0,No,HDR,"1080p@30/60fps, gyro-EIS","Wi-Fi 802.11 a/b/g/n/ac/6e/7, dual-band, Wi-Fi Direct",Yes,5.4,Type-C,No,"GPS (L1+L5), GLONASS (G1), BDS (B1I+B1c+B2a), GALILEO (E1+E5a), QZSS (L1+L5), NavIC (L5)","Fingerprint (under display, optical), accelerometer, proximity, gyro, compass",5000,120,,No,,,430.0,,,,,,,,"Black, Silver, Blue/Green, Lamborgini Green, Lamborgini Yellow",23117RK66C,,,No
Xiaomi,Xiaomi Redmi K70,https://www.gsmarena.com/xiaomi_redmi_k70-12715.php,https://fdn2.gsmarena.com/vv/bigpic/xiaomi-redmi-k70.jpg,GSM / CDMA / HSPA / CDMA2000 / LTE / 5G,Yes,"2023, November 29","Available. Released 2023, November 29",160.9 x 75 x 8.2 mm (6.33 x 2.95 x 0.32 in),209.0,,,Nano-SIM + Nano-SIM,"OLED, 68B colors, 120Hz, Dolby Vision, HDR10+, 4000 nits (peak)",120,6.67,1440x3200,526,89.0,,"Android 14, HyperOS",Qualcomm SM8550-AB Snapdragon 8 Gen 2 (4 nm),4,Octa-core (1x3.2 GHz Cortex-X3 & 2x2.8 GHz Cortex-A715 & 2x2.8 GHz Cortex-A710 & 3x2.0 GHz Cortex-A510),Adreno 740,12,16,256,512,UFS 4.0,50.0,3,1.6,Yes,1/1.55,Yes,"Color spectrum sensor, LED flash, HDR, panorama","8K@24fps, 4K@24/30/60fps, 1080p@30/60/120/240/960fps, 720p@1920fps, gyro-EIS",16.0,No,HDR,"1080p@30/60fps, gyro-EIS","Wi-Fi 802.11 a/b/g/n/ac/6e/7, dual-band, Wi-Fi Direct",Yes,5.3,Type-C,No,"GPS (L1+L5), GLONASS (G1), BDS (B1I+B1c+B2a), GALILEO (E1+E5a), QZSS (L1+L5), NavIC (L5)","Fingerprint (under display, optical), accelerometer, proximity, gyro, compass",5000,120,,No,,,320.0,,,,,,,,"Black, Silver, Blue/Green, Purple",23113RKC6C,,,No
Xiaomi,Xiaomi Redmi K70E,https://www.gsmarena.com/xiaomi_redmi_k70e-12716.php,https://fdn2.gsmarena.com/vv/bigpic/xiaomi-redmi-k70e.jpg,GSM / CDMA / HSPA / CDMA2000 / LTE / 5G,Yes,"2023, November 29","Available. Released 2023, November 29",160.5 x 74.3 x 8.1 mm (6.32 x 2.93 x 0.32 in),198.0,,,Nano-SIM + Nano-SIM,"OLED, 68B colors, 120Hz, Dolby Vision, HDR10+, 1800 nits (peak)",120,6.67,1220x2712,446,90.1,,"Android 14, HyperOS",Mediatek Dimensity 8300 Ultra (4 nm),4,Octa-core (1x3.35 GHz Cortex-A715 & 3x3.20 GHz Cortex-A715 & 4x2.20 GHz Cortex-A510),Mali G615-MC6,8,16,256,512,UFS 4.0,64.0,3,,Yes,1/2.0,Yes,"LED flash, HDR, panorama","4K@24/30fps, 1080p@30/60/120/240/960fps, 720p@1920fps, gyro-EIS",16.0,No,"HDR, panorama","1080p@30/60fps, gyro-EIS","Wi-Fi 802.11 a/b/g/n/ac/6, dual-band, Wi-Fi Direct",Yes,5.4,Type-C,No,"GPS, GALILEO, GLONASS, QZSS, BDS (B1I+B1c)","Fingerprint (under display, optical), accelerometer, proximity, gyro, compass",5500,90,,No,,,260.0,,,,,,,,"Black, White, Mint",2311DRK48C,,,No
Xiaomi,Xiaomi Redmi Watch 4,https://www.gsmarena.com/xiaomi_redmi_watch_4-12711.php,https://fdn2.gsmarena.com/vv/bigpic/xiaomi-redmi-watch4.jpg,No cellular connectivity,No,"2023, November 29","Available. Released 2023, November 29",47.6 x 41.1 x 10.5 mm (1.87 x 1.62 x 0.41 in),31.5,Plastic,,No,"AMOLED, 600 nits (peak)",,1.97,450x390,302,,,HyperOS,,,,,,,16,16,,,,,No,,No,,,,No,,,No,Yes,5.3,No,No,"GPS, GLONASS, GALILEO, BDS, QZSS","Accelerometer, heart rate, compass, gyro, SpO2",470,,,No,,,70.0,,,,,,,,"Black, White",M2314W1,,,No
Xiaomi,Xiaomi Redmi Note 13R Pro,https://www.gsmarena.com/xiaomi_redmi_note_13r_pro-12697.php,https://fdn2.gsmarena.com/vv/bigpic/xiaomi-redmi-note-13r-pro.jpg,GSM / CDMA / HSPA / LTE / 5G,Yes,"2023, November 20","Available. Released 2023, November 20",161.1 x 75 x 7.7 mm (6.34 x 2.95 x 0.30 in),175.0,,IP54,Nano-SIM + Nano-SIM,"OLED, 1B colors, 120Hz, 1000 nits (peak)",120,6.67,1080x2400,395,88.9,Corning Gorilla Glass,"Android 13, MIUI 14",Mediatek Dimensity 6080 (6 nm),6,Octa-core (2x2.4 GHz Cortex-A76 & 6x2.0 GHz Cortex-A55),Mali-G57 MC2,12,12,256,256,UFS 2.2,108.0,2,1.7,No,,No,"LED flash, HDR, panorama",1080p@30fps,16.0,No,HDR,1080p@30fps,"Wi-Fi 802.11 a/b/g/n/ac, dual-band",Yes,5.3,Type-C,Yes,"GPS, GLONASS, GALILEO, BDS","Fingerprint (side-mounted), accelerometer, gyro, proximity, compass",5000,33,,No,,,260.0,,,,,,,,"Black, Blue, Gold",2311FRAFDC,,,No
Xiaomi,Xiaomi Redmi 13C,https://www.gsmarena.com/xiaomi_redmi_13c-12689.php,https://fdn2.gsmarena.com/vv/bigpic/xiaomi-redmi-13c.jpg,GSM / HSPA / LTE,No,"2023, November 10","Available. Released 2023, November 10",168 x 78 x 8.1 mm (6.61 x 3.07 x 0.32 in),192.0,,,Nano-SIM + Nano-SIM,"IPS LCD, 90Hz, 450 nits (typ), 600 nits (HBM)",90,6.74,720x1600,260,83.7,Corning Gorilla Glass,"Android 13, MIUI 14",Mediatek MT6769Z Helio G85 (12 nm),12,Octa-core (2x2.0 GHz Cortex-A75 & 6x1.8 GHz Cortex-A55),Mali-G52 MC2,4,8,128,256,eMMC 5.1,50.0,2,1.8,No,,No,"LED flash, HDR",1080p@30fps,8.0,No,HDR,1080p@30fps,"Wi-Fi 802.11 a/b/g/n/ac, dual-band",Yes,5.3,Type-C,Yes,"GPS, GLONASS, GALILEO, BDS","Fingerprint (side-mounted), accelerometer, compass",5000,18,,No,,161.51,81.35,89.99,,,,,,,"Midnight Black, Navy Blue, Glacier White, Clover Green","23100RN82L, 23106RN0DA, 23108RN04Y, 2311DRN14I",,0.98 W/kg (head) 0.99 W/kg (body),FM radio
Xiaomi,Xiaomi Poco C65,https://www.gsmarena.com/xiaomi_poco_c65-12684.php,https://fdn2.gsmarena.com/vv/bigpic/xiaomi-poco-c65.jpg,GSM / HSPA / LTE,No,"2023, November 05","Available. Released 2023, November 06",168 x 78 x 8.1 mm (6.61 x 3.07 x 0.32 in),192.0,Glass,,Nano-SIM + Nano-SIM,"IPS LCD, 90Hz, 450 nits (typ), 600 nits (HBM)",90,6.74,720x1600,260,83.7,Corning Gorilla Glass,"Android 13, upgradable to Android 15, HyperOS 2",Mediatek MT6769Z Helio G85 (12 nm),12,Octa-core (2x2.0 GHz Cortex-A75 & 6x1.8 GHz Cortex-A55),Mali-G52 MC2,4,8,128,256,eMMC 5.1,50.0,2,1.8,No,,No,"LED flash, HDR",1080p@30fps,8.0,No,HDR,1080p@30fps,"Wi-Fi 802.11 a/b/g/n/ac, dual-band",Yes,5.3,Type-C,Yes,"GPS, GLONASS, GALILEO, BDS","Fingerprint (side-mounted), accelerometer, compass",5000,18,,No,Active use score 11:31h,136.27,132.99,,,242885,1201,,607,-31.4,"Black, Blue, Purple","2310FPCA4G, 2310FPCA4I",,0.99 W/kg (head) 1.00 W/kg (body),"FM radio, recording"
Xiaomi,Xiaomi 14 Pro,https://www.gsmarena.com/xiaomi_14_pro-12643.php,https://fdn2.gsmarena.com/vv/bigpic/xiaomi-14-pro.jpg,GSM / CDMA / HSPA / CDMA2000 / LTE / 5G,Yes,"2023, October 26","Available. Released 2023, November 01",161.4 x 75.3 x 8.5 mm,223.0,Titanium,IP68,Nano-SIM + Nano-SIM,"LTPO AMOLED, 68B colors, 120Hz, Dolby Vision, HDR10+, 3000 nits (peak)",120,6.73,1440x3200,522,89.6,Shatterproof glass,"Android 14, HyperOS",Qualcomm SM8650-AB Snapdragon 8 Gen 3 (4 nm),4,Octa-core (1x3.3 GHz Cortex-X4 & 3x3.2 GHz Cortex-A720 & 2x3.0 GHz Cortex-A720 & 2x2.3 GHz Cortex-A520),Adreno 750,12,16,256,512,UFS 4.0,50.0,3,1.4,Yes,1/1.31,Yes,"Laser AF, color spectrum sensor, Leica lens, Dual-LED dual-tone flash, HDR, panorama","8K@24fps (HDR), 4K@24/30/60fps (HDR10+, 10-bit Dolby Vision HDR, 10-bit LOG), 1080p@30/60/120/240/960fps, 720p@1920fps, gyro-EIS",32.0,Yes,"HDR, panorama","4K@30/60fps, 1080p@30/60fps, gyro-EIS","Wi-Fi 802.11 a/b/g/n/ac/6e/7, dual-band, Wi-Fi Direct",Yes,5.4,Type-C,No,"GPS (L1+L5), GLONASS (G1), BDS (B1I+B1c+B2a), GALILEO (E1+E5a), QZSS (L1+L5), NavIC (L5)","Fingerprint (under display, optical), accelerometer, proximity, gyro, compass, barometer",4880,120,50,Yes,,,650.0,,,,,,,,"Black, Silver, Titanium, Green",23116PN5BC,,,No
Xiaomi,Xiaomi 13T Pro,https://www.gsmarena.com/xiaomi_13t_pro-12388.php,https://fdn2.gsmarena.com/vv/bigpic/xiaomi-13t-pro.jpg,GSM / HSPA / LTE / 5G,Yes,"2023, September 26","Available. Released 2023, September 26",162.2 x 75.7 x 8.5 mm (6.39 x 2.98 x 0.33 in),200.0,Glass,IP68,· Nano-SIM + eSIM · Nano-SIM + Nano-SIM,"AMOLED, 68B colors, 144Hz, Dolby Vision, HDR10+, 1200 nits (HBM), 2600 nits (peak)",144,6.67,1220x2712,446,87.5,Gorilla Glass 5,"Android 13, up to 4 major Android upgrades, HyperOS",Mediatek Dimensity 9200+ (4 nm),4,Octa-core (1x3.35 GHz Cortex-X3 & 3x3.0 GHz Cortex-A715 & 4x2.0 GHz Cortex-A510),Immortalis-G715 MC11,12,16,256,512,UFS 4.0,50.0,3,1.9,Yes,1/1.28,Yes,"Leica lens, color spectrum sensor, LED flash, HDR, panorama","8K@24fps, 4K@24/30/60fps, 4K/1080p@30fps HDR10+, 1080p@30/60/120/240fps; 10-bit LOG, gyro-EIS",20.0,No,HDR,"1080p@30fps, HDR10+","Wi-Fi 802.11 a/b/g/n/ac/6e/7, dual/tri-band (market/region dependent), Wi-Fi Direct",Yes,5.4,Type-C,No,"GPS (L1+L5), GLONASS (G1), GALILEO (E1+E5a), NavIC (L5), BDS","Fingerprint (under display, optical), accelerometer, gyro, proximity, compass",5000,120,,No,Active use score 11:50h,,316.0,449.0,,1214085,4859,,1094,-26.7,"Alpine Blue, Meadow Green, Black",23078PND5G,,1.00 W/kg (head) 0.99 W/kg (body),No
Xiaomi,Xiaomi 13T,https://www.gsmarena.com/xiaomi_13t-12389.php,https://fdn2.gsmarena.com/vv/bigpic/xiaomi-13t.jpg,GSM / HSPA / LTE / 5G,Yes,"2023, September 26","Available. Released 2023, September 26",162.2 x 75.7 x 8.5 mm (6.39 x 2.98 x 0.33 in),193.0,Glass,IP68,· Nano-SIM + eSIM · Nano-SIM + Nano-SIM,"AMOLED, 68B colors, 144Hz, Dolby Vision, HDR10+, 1200 nits (HBM), 2600 nits (peak)",144,6.67,1220x2712,446,87.5,Gorilla Glass 5,"Android 13, up to 4 major Android upgrades, HyperOS",Mediatek Dimensity 8200 Ultra (4 nm),4,Octa-core (1x3.1 GHz Cortex-A78 & 3x3.0 GHz Cortex-A78 & 4x2.0 GHz Cortex-A55),Mali-G610 MC6,8,12,256,256,UFS 3.1,50.0,3,1.9,Yes,1/1.28,Yes,"Leica lens, color spectrum sensor, LED flash, HDR, panorama","4K@30fps (HDR10+), 1080p@30/60/120fps, gyro-EIS",20.0,No,HDR,"1080p@30fps, HDR10+","Wi-Fi 802.11 a/b/g/n/ac/6, dual-band",Yes,5.4,Type-C,No,"GPS (L1+L5), GLONASS (G1), GALILEO (E1+E5a), QZSS (L1+L5), NavIC (L5), BDS","Fingerprint (under display, optical), accelerometer, gyro, proximity, compass",5000,67,,No,Active use score 12:23h,599.99,180.44,366.29,,825858,3755,,1264,-25.0,"Alpine Blue, Meadow Green, Black",2306EPN60G,,0.99 W/kg (head) 0.99 W/kg (body),No
Xiaomi,Xiaomi Watch 2 Pro,https://www.gsmarena.com/xiaomi_watch_2_pro-12587.php,https://fdn2.gsmarena.com/vv/bigpic/xiaomi-watch-2-pro.jpg,GSM / HSPA / LTE,No,"2023, September 26","Available. Released 2023, October 03",47.6 x 45.9 x 11.8 mm (1.87 x 1.81 x 0.46 in),54.5,,,eSIM,"AMOLED, 600 nits",,1.43,466x466,326,,,Android Wear OS 3.5,Qualcomm Snapdragon W5+ Gen 1 (4 nm),4,,,2,2,32,32,,,,,No,,No,,,,No,,,"Wi-Fi 802.11 a/b/g/n/ac, dual-band",Yes,5.2,No,No,"GPS (L1+L5), GLONASS, GALILEO, BDS, QZSS","Accelerometer, gyro, compass, barometer, heart rate, SpO2",495,,,No,,,170.0,,,,,,,,"Black, Silver",M2233W1,,,No
Xiaomi,Xiaomi Redmi Note 13 (China),https://www.gsmarena.com/xiaomi_redmi_note_13_(china)-12582.php,https://fdn2.gsmarena.com/vv/bigpic/xiaomi-redmi-note-13.jpg,GSM / CDMA / HSPA / CDMA2000 / LTE / 5G,Yes,"2023, September 21","Available. Released 2023, September 21",161.1 x 75 x 7.6 mm (6.34 x 2.95 x 0.30 in),173.5,,IP54,Nano-SIM + Nano-SIM,"AMOLED, 1B colors, 120Hz, 1000 nits (peak)",120,6.67,1080x2400,395,88.9,Gorilla Glass 5,"Android 13, MIUI 14",Mediatek Dimensity 6080 (6 nm),6,Octa-core (2x2.4 GHz Cortex-A76 & 6x2.0 GHz Cortex-A55),Mali-G57 MC2,6,12,128,256,,108.0,2,1.7,No,,No,"LED flash, HDR, panorama",1080p@30fps,16.0,No,HDR,1080p@30fps,"Wi-Fi 802.11 a/b/g/n/ac, dual-band",No,5.3,Type-C,Yes,"GPS, GLONASS, GALILEO, BDS","Fingerprint (side-mounted), accelerometer, gyro, proximity, compass",5000,33,,No,,,250.0,,,,,,,,"Black, White, Blue",2312DRAABC,,,No
Xiaomi,Xiaomi Redmi Pad SE,https://www.gsmarena.com/xiaomi_redmi_pad_se-12466.php,https://fdn2.gsmarena.com/vv/bigpic/xiaomi-pad-se.jpg,No cellular connectivity,No,"2023, August 15","Available. Released 2023, September",255.5 x 167.1 x 7.4 mm (10.06 x 6.58 x 0.29 in),478.0,Glass,,No,"IPS LCD, 90Hz, 400 nits (typ)",90,11.0,1200x1920,207,81.4,,"Android 13, upgradable to Android 15, HyperOS 2",Qualcomm SM6225 Snapdragon 680 4G (6 nm),6,Octa-core (4x2.4 GHz Kryo 265 Gold & 4x1.9 GHz Kryo 265 Silver),Adreno 610,4,8,128,256,eMMC 5.1,8.0,1,2.0,No,1/4.0,No,,1080p@30fps,5.0,No,,1080p@30fps,"Wi-Fi 802.11 a/b/g/n/ac, dual-band",No,5.0,Type-C,Yes,No,"Accelerometer, proximity (accessories only)",8000,18,,No,Active use score 13:56h,,200.0,,,242885,1201,,402,-23.2,"Lavender Purple, Graphite Gray, Mint Green",23073RPBFG,,0.37 W/kg (body),Yes
Xiaomi,Xiaomi Redmi K60 Ultra,https://www.gsmarena.com/xiaomi_redmi_k60_ultra-12470.php,https://fdn2.gsmarena.com/vv/bigpic/xiaomi-redmi-k60-ultra.jpg,GSM / CDMA / HSPA / CDMA2000 / LTE / 5G,Yes,"2023, August 15","Available. Released 2023, August 15",162.2 x 75.7 x 8.5 mm (6.39 x 2.98 x 0.33 in),204.0,,IP68,Nano-SIM + Nano-SIM,"OLED, 68B colors, 144Hz, Dolby Vision, HDR10+, 2600 nits (peak)",144,6.67,1220x2712,446,87.5,Unspecified,"Android 13, MIUI 14",Mediatek Dimensity 9200+ (4 nm),4,Octa-core (1x3.35 GHz Cortex-X3 & 3x3.0 GHz Cortex-A715 & 4x2.0 GHz Cortex-A510),Immortalis-G715 MC11,12,24,256,512,UFS 4.0,50.0,3,1.7,Yes,1/1.49,Yes,"Color spectrum sensor, Dual-LED dual-tone flash, HDR, panorama","8K@24fps, 4K@30/60fps, 1080p@30/60/120/240/960fps, gyro-EIS, HDR10+, 10-bit",20.0,No,HDR,1080p@30/120fps,"Wi-Fi 802.11 a/b/g/n/ac/6e, dual-band, Wi-Fi Direct",Yes,5.4,Type-C,No,"GPS (L1+L5), GLONASS (G1), BDS (B1I+B1C+B2a+B2b), GALILEO (E1+E5a), QZSS (L1+L5), NavIC","Fingerprint (under display, optical), accelerometer, gyro, proximity, compass",5000,120,,No,,,330.0,,,,,,,,"Black, White, Green",23078RKD5C,,,Unspecified
Xiaomi,Xiaomi Mix Fold 3,https://www.gsmarena.com/xiaomi_mix_fold_3-12468.php,https://fdn2.gsmarena.com/vv/bigpic/xiaomi-mix-fold3-.jpg,GSM / CDMA / HSPA / EVDO / LTE / 5G,Yes,"2023, August 14","Available. Released 2023, August 14",Unfolded: 161.2 x 143.3 x 5.3 mm Folded: 161.2 x 73.5 x 10.9 mm,255.0,Glass,,Nano-SIM + Nano-SIM,"Foldable LTPO OLED+, 1B colors, 120Hz, HDR10+, Dolby Vision, 1300 nits (peak)",120,8.03,1916x2160,360,89.4,,"Android 13, upgradable to Android 14, HyperOS",Qualcomm SM8550-AC Snapdragon 8 Gen 2 (4 nm),4,Octa-core (1x3.36 GHz Cortex-X3 & 2x2.8 GHz Cortex-A715 & 2x2.8 GHz Cortex-A710 & 3x2.0 GHz Cortex-A510),Adreno 740,12,16,256,512,UFS 4.0,50.0,4,1.8,Yes,1/1.49,Yes,"Color spectrum sensor, LED flash, HDR, panorama, Leica lenses","8K@24fps, 4K@24/30/60fps, 1080p@30/60/120/240/960/1920fps, Dolby Vision HDR",20.0,No,"HDR, panorama",1080p@30/60fps,"Wi-Fi 802.11 a/b/g/n/ac/6e/7, dual-band (tri-band after future SW update)",Yes,5.3,Type-C,No,"GPS (L1+L5), GLONASS (G1), BDS (B1I+B1c+B2a), GALILEO (E1+E5a), QZSS (L1+L5), NavIC (L5)","Fingerprint (side-mounted), accelerometer, gyro, proximity, compass, barometer",4800,67,50,No,,,1150.0,,,1235547,4797,,1277,-26.0,"Black, Gold",2308CPXD0C,,,No
Xiaomi,Xiaomi Pad 6 Max 14,https://www.gsmarena.com/xiaomi_pad_6_max_14-12463.php,https://fdn2.gsmarena.com/vv/bigpic/xiaomi-pad-6-max-14.jpg,No cellular connectivity,No,"2023, August 14","Available. Released 2023, August 14",318.6 x 206.1 x 6.5 mm (12.54 x 8.11 x 0.26 in),750.0,Glass,,No,"IPS LCD, 1B colors, 120Hz, HDR10, Dolby Vision, 600 nits (peak)",120,14.0,1800x2880,242,87.3,,"Android 13, MIUI Pad 14",Qualcomm SM8475 Snapdragon 8+ Gen 1 (4 nm),4,Octa-core (1x3.19 GHz Cortex-X2 & 3x2.75 GHz Cortex-A710 & 4x1.80 GHz Cortex-A510),Adreno 730,8,16,256,512,UFS 3.1,50.0,2,1.8,No,1/2.76,Yes,"LED flash, HDR, panorama","4K@30/60fps, 1080p@30/60fps",20.0,No,,1080p@30/60fps,"Wi-Fi 802.11 a/b/g/n/a/6e, dual-band, Wi-Fi Direct",Yes,5.3,Type-C,No,No,"Accelerometer, gyro, proximity (accessories only), compass",10000,67,,No,,,450.0,,,,,,,,"Black, Silver",,,,No
Xiaomi,Xiaomi Poco M6 Pro,https://www.gsmarena.com/xiaomi_poco_m6_pro-12452.php,https://fdn2.gsmarena.com/vv/bigpic/xiaomi-poco-m6-pro-5g.jpg,GSM / HSPA / LTE / 5G,Yes,"2023, August 05","Available. Released 2023, August 05",168.6 x 76.3 x 8.2 mm (6.64 x 3.00 x 0.32 in),199.0,Glass,IP53,Nano-SIM + Nano-SIM,"IPS LCD, 90Hz, 550 nits",90,6.79,1080x2460,396,85.1,Corning Gorilla Glass,"Android 13, MIUI 14",Qualcomm SM4450 Snapdragon 4 Gen 2 (4 nm),4,Octa-core (2x2.2 GHz Cortex-A78 & 6x1.95 GHz Cortex-A55),Adreno 613,4,8,64,256,UFS 2.2,50.0,2,1.8,No,,No,"LED flash, HDR",1080p@30fps,8.0,No,HDR,1080p@30fps,"Wi-Fi 802.11 a/b/g/n/ac, dual-band",No,5.3,Type-C,Yes,"GPS, GLONASS, GALILEO, BDS","Fingerprint (side-mounted), accelerometer, compass",5000,18,,No,,,120.0,,,,,,,,"Power Black, Forest Green",23076PC4BI,,,No
Xiaomi,Xiaomi Redmi Watch 3 Active,https://www.gsmarena.com/xiaomi_redmi_watch_3_active-12449.php,https://fdn2.gsmarena.com/vv/bigpic/xiaomi-redmi-watch-3-active.jpg,No cellular connectivity,No,"2023, August 01","Available. Released 2023, August 01",46.9 x 38.9 x 10.9 mm (1.85 x 1.53 x 0.43 in),42.0,Plastic,,No,"IPS LCD, 450 nits (typ)",,1.83,280x240,202,,,Proprietary OS,,,,,,,,,,,,,No,,No,,,,No,,,No,No,5.3,No,No,No,"Accelerometer, heart rate, SpO2",289,,,No,,,50.0,,,,,,,,"Black, Gray",,,,No
Xiaomi,Xiaomi Redmi 12 5G,https://www.gsmarena.com/xiaomi_redmi_12_5g-12446.php,https://fdn2.gsmarena.com/vv/bigpic/xiaomi-redmi-12-5g-.jpg,GSM / HSPA / LTE / 5G,Yes,"2023, August 01","Available. Released 2023, August 04",168.6 x 76.3 x 8.2 mm (6.64 x 3.00 x 0.32 in),199.0,Glass,IP53,Nano-SIM + Nano-SIM,"IPS LCD, 90Hz, 550 nits",90,6.79,1080x2460,396,85.1,Corning Gorilla Glass,"Android 13, upgradable to Android 15, HyperOS 2",Qualcomm SM4450 Snapdragon 4 Gen 2 (4 nm),4,Octa-core (2x2.2 GHz Cortex-A78 & 6x1.95 GHz Cortex-A55),Adreno 613,4,8,128,256,UFS 2.2,50.0,2,1.8,No,,No,"LED flash, HDR",1080p@30fps,8.0,No,HDR,1080p@30fps,"Wi-Fi 802.11 a/b/g/n/ac, dual-band",No,5.3,Type-C,Yes,"GPS, GLONASS, GALILEO, BDS","Fingerprint (side-mounted), accelerometer, compass",5000,18,,No,,,120.79,,,,,,,,"Jade Black, Pastel Blue, Moonstone Silver","23076RN4BI, 23076RN8DY, 2AFZZRN8DY",1.09 W/kg (head) 0.88 W/kg (body),0.98 W/kg (head) 1.00 W/kg (body),No
Xiaomi,Xiaomi Redmi Note 12R,https://www.gsmarena.com/xiaomi_redmi_note_12r-12392.php,https://fdn2.gsmarena.com/vv/bigpic/xiaomi-redmi-note-12r.jpg,GSM / CDMA / HSPA / EVDO / LTE / 5G,Yes,"2023, June 28","Available. Released 2023, June 28",168.6 x 76.3 x 8.2 mm (6.64 x 3.00 x 0.32 in),199.0,Glass,IP53,Nano-SIM + Nano-SIM,"IPS LCD, 90Hz, 550 nits",90,6.79,1080x2460,396,85.1,,"Android 13, MIUI 14",Qualcomm SM4450 Snapdragon 4 Gen 2 (4 nm),4,Octa-core (2x2.2 GHz Cortex-A78 & 6x1.95 GHz Cortex-A55),Adreno 613,4,8,128,256,UFS 2.2,50.0,2,1.8,No,,No,"LED flash, HDR",1080p@30fps,5.0,No,HDR,1080p@30fps,"Wi-Fi 802.11 a/b/g/n/ac, dual-band",Yes,5.3,Type-C,Yes,"GPS, GLONASS, GALILEO, BDS","Fingerprint (side-mounted), accelerometer, compass",5000,18,,No,,,150.0,,,,,,,,"Black, Blue, Silver",23076RA4BC,,,No
Xiaomi,Xiaomi Redmi Note 12R Pro,https://www.gsmarena.com/xiaomi_redmi_note_12r_pro-12245.php,https://fdn2.gsmarena.com/vv/bigpic/xiaomi-redmi-note-12r-pro-.jpg,GSM / CDMA / HSPA / EVDO / LTE / 5G,Yes,"2023, June 23","Available. Released 2023, July 23",165.9 x 76.2 x 8 mm (6.53 x 3.00 x 0.31 in),188.0,,IP53,Nano-SIM + Nano-SIM,"OLED, 120Hz, 1200 nits (peak)",120,6.67,1080x2400,395,85.0,,"Android 13, MIUI 13",Qualcomm SM4375 Snapdragon 4 Gen 1 (6 nm),6,Octa-core (2x2.0 GHz Cortex-A78 & 6x1.8 GHz Cortex-A55),Adreno 619,12,12,256,256,UFS 2.2,48.0,2,,No,,No,"Dual-LED dual-tone flash, HDR, panorama",1080p@30/60fps,8.0,No,HDR,1080p@30fps,"Wi-Fi 802.11 a/b/g/n/ac, dual-band",Yes,5.1,Type-C,Yes,"GPS (L1), GLONASS (G1), BDS (B1), GALILEO (E1)","Fingerprint (side-mounted), accelerometer, gyro, proximity, compass",5000,33,,No,,,220.0,,,,,,,,"Black, White, Gold",22101317C,,,Unspecified
Xiaomi,Xiaomi Redmi 12,https://www.gsmarena.com/xiaomi_redmi_12-12328.php,https://fdn2.gsmarena.com/vv/bigpic/xiaomi-redmi-12-.jpg,GSM / HSPA / LTE,No,"2023, June 15","Available. Released 2023, June 15",168.6 x 76.3 x 8.2 mm (6.64 x 3.00 x 0.32 in),198.5,Glass,IP53,Nano-SIM + Nano-SIM,"IPS LCD, 90Hz, 550 nits (peak)",90,6.79,1080x2460,396,85.1,,"Android 13, upgradable to Android 14, HyperOS",Mediatek MT6769H Helio G88 (12 nm),12,Octa-core (2x2.0 GHz Cortex-A75 & 6x1.8 GHz Cortex-A55),Mali-G52 MC2,2,8,128,256,eMMC 5.1,50.0,3,1.8,No,,No,"LED flash, HDR",1080p@30fps,8.0,No,,1080p@30fps,"Wi-Fi 802.11 a/b/g/n/ac, dual-band",Yes,5.3,Type-C,Yes,"GPS, GLONASS, BDS, GALILEO","Fingerprint (side-mounted), accelerometer, compass",5000,18,,No,,,119.79,99.99,,258006,1303,,541,-29.9,"Midnight Black, Sky Blue, Polar Silver, Moonstone Silver","23053RN02A, 23053RN02Y, 23053RN02I, 23053RN02L, 23077RABDC",1.09 W/kg (head) 1.06 W/kg (body),0.99 W/kg (head) 0.99 W/kg (body),FM radio
Xiaomi,Xiaomi Redmi Note 12T Pro,https://www.gsmarena.com/xiaomi_redmi_note_12t_pro-12298.php,https://fdn2.gsmarena.com/vv/bigpic/xiaomi-redmi-note-12t-pro.jpg,GSM / CDMA / HSPA / EVDO / LTE / 5G,Yes,"2023, May 29","Available. Released 2023, June 01",163.6 x 74.3 x 8.9 mm (6.44 x 2.93 x 0.35 in),200.0,,IP53,Nano-SIM + Nano-SIM,"IPS LCD, 1B colors, 144Hz, HDR10, Dolby Vision, 650 nits",144,6.6,1080x2460,407,85.1,,"Android 13, MIUI 14",Mediatek Dimensity 8200 Ultra (4 nm),4,Octa-core (1x3.1 GHz Cortex-A78 & 3x3.0 GHz Cortex-A78 & 4x2.0 GHz Cortex-A55),Mali-G610 MC6,8,12,128,512,UFS 3.1,64.0,3,1.8,No,1/2.0,Yes,"Color spectrum sensor, LED flash, HDR, panorama","4K@30fps, 1080p@30/60/120/240fps",16.0,No,,1080p@30/60/120fps,"Wi-Fi 802.11 a/b/g/n/ac/6, dual-band, Wi-Fi Direct",Yes,5.3,Type-C,Yes,"GPS (L1), GLONASS (G1), BDS (B1I+B1c), GALILEO (E1), QZSS (L1)","Fingerprint (side-mounted), accelerometer, ultrasound proximity, gyro, compass",5080,67,,No,,,340.0,,,,,,,,"Blue, White, Black",23054RA19C,,,No
Xiaomi,Xiaomi Civi 3,https://www.gsmarena.com/xiaomi_civi_3-12134.php,https://fdn2.gsmarena.com/vv/bigpic/xiaomi-civi-3.jpg,GSM / CDMA / HSPA / CDMA2000 / LTE / 5G,Yes,"2023, May 25","Available. Released 2023, May 25",158.7 x 71.7 x 7.6 mm (6.25 x 2.82 x 0.30 in),174.0,Glass,,Nano-SIM + Nano-SIM,"AMOLED, 68B colors, 120Hz, Dolby Vision, HDR10+, 1500 nits (peak)",120,6.55,1080x2400,402,91.0,Gorilla Glass 5,"Android 13, MIUI 14",Mediatek Dimensity 8200 Ultra (4 nm),4,Octa-core (1x3.1 GHz Cortex-A78 & 3x3.0 GHz Cortex-A78 & 4x2.0 GHz Cortex-A55),Mali-G610 MC6,12,16,256,512,UFS 3.1,50.0,3,1.8,Yes,1/1.49,Yes,"Color spectrum sensor, Quad-LED dual-tone flash, HDR, panorama","4K@30fps, 1080p@30/60/120fps, 720p@960fps; gyro-EIS",32.0,Yes,"2 Dual-LED dual-tone flash, HDR, panorama","4K@30fps, 1080p@30/60fps; gyro-EIS","Wi-Fi 802.11 a/b/g/n/ac/6, dual-band, Wi-Fi Direct",Yes,5.3,Type-C,No,"GPS (L1), GLONASS (G1), BDS (B1I+B1c), GALILEO (E1), QZSS (L1)","Fingerprint (under display, optical), accelerometer, gyro, proximity, compass",4500,67,,No,,,330.0,,,,,,,,"Purple, Mint, Gold, Gray",23046PNC9C,,,No
Xiaomi,Xiaomi Poco F5 Pro,https://www.gsmarena.com/xiaomi_poco_f5_pro-12257.php,https://fdn2.gsmarena.com/vv/bigpic/xiaomi-poco-f5-pro-2.jpg,GSM / HSPA / LTE / 5G,Yes,"2023, May 09","Available. Released 2023, May",162.8 x 75.4 x 8.6 mm (6.41 x 2.97 x 0.34 in),204.0,Glass,IP53,Nano-SIM + Nano-SIM,"AMOLED, 68B colors, 120Hz, Dolby Vision, HDR10+, 500 nits (typ), 1000 nits (HBM), 1400 nits (peak)",120,6.67,1440x3200,526,87.5,Gorilla Glass 5,"Android 13, upgradable to Android 15",Qualcomm SM8475 Snapdragon 8+ Gen 1 (4 nm),4,Octa-core (1x3.0 GHz Cortex-X2 & 3x2.5 GHz Cortex-A710 & 4x1.80 GHz Cortex-A510),Adreno 730,8,12,256,512,UFS 3.1,64.0,3,1.8,Yes,1/2.0,Yes,"Dual-LED dual-tone flash, HDR, panorama","8K@24fps, 4K@30/60fps, 1080p@30/60/120/240fps, gyro-EIS",16.0,No,HDR,1080p@30/60fps,"Wi-Fi 802.11 a/b/g/n/ac/6, dual-band",Yes,5.3,Type-C,No,"GPS (L1), GLONASS (G1), BDS (B1I), GALILEO (E1), QZSS (L1)","Fingerprint (under display, optical), accelerometer, gyro, proximity, compass",5160,67,30,No,,449.99,582.0,,,1057977,4001,,1059,-26.2,"Black, White",23013PC75G,1.09 W/kg (head) 1.08 W/kg (body),1.00 W/kg (head) 1.00 W/kg (body),No
Xiaomi,Xiaomi Poco F5,https://www.gsmarena.com/xiaomi_poco_f5-12258.php,https://fdn2.gsmarena.com/vv/bigpic/xiaomi-poco-f5-2.jpg,GSM / HSPA / LTE / 5G,Yes,"2023, May 09","Available. Released 2023, May",161.1 x 75 x 7.9 mm (6.34 x 2.95 x 0.31 in),181.0,Glass,IP53,Nano-SIM + Nano-SIM,"AMOLED, 68B colors, Dolby Vision, HDR10+, 120Hz, 500 nits (typ), 1000 nits (peak)",120,6.67,1080x2400,395,88.9,Gorilla Glass 5,"Android 13, upgradable to Android 15, HyperOS",Qualcomm SM7475-AB Snapdragon 7+ Gen 2 (4 nm),4,Octa-core (1x2.91 GHz Cortex-X2 & 3x2.49 GHz Cortex-A710 & 4x1.8 GHz Cortex-A510),Adreno 725,8,12,256,256,UFS 3.1,64.0,3,1.8,Yes,1/2.0,Yes,"LED flash, HDR, panorama","4K@30fps, 1080p@30/60/120fps, gyro-EIS",16.0,No,,1080p@30/60fps,"Wi-Fi 802.11 a/b/g/n/ac/6, dual-band",Yes,5.3,Type-C,Yes,"GPS (L1), GLONASS (G1), BDS (B1I), GALILEO (E1), QZSS (L1)","Fingerprint (side-mounted), accelerometer, gyro, proximity, compass",5000,67,,No,Active use score 11:52h,299.99,,,,931174,3939,,963,-24.3,"Black, Blue, White","23049PCD8G, 23049PCD8I",1.09 W/kg (head) 1.08 W/kg (body),0.99 W/kg (head) 1.00 W/kg (body),No
Xiaomi,Xiaomi 13 Ultra,https://www.gsmarena.com/xiaomi_13_ultra-12236.php,https://fdn2.gsmarena.com/vv/bigpic/xiaomi-13-ultra.jpg,GSM / CDMA / HSPA / EVDO / LTE / 5G,Yes,"2023, April 18","Available. Released 2023, April 21",163.2 x 74.6 x 9.1 mm (6.43 x 2.94 x 0.36 in),227.0,Glass,IP68,Nano-SIM + Nano-SIM,"LTPO AMOLED, 68B colors, 120Hz, Dolby Vision, HDR10+, 1300 nits (HBM), 2600 nits (peak)",120,6.73,1440x3200,522,89.5,Gorilla Glass Victus,"Android 13, upgradable to Android 14, HyperOS",Qualcomm SM8550-AB Snapdragon 8 Gen 2 (4 nm),4,Octa-core (1x3.2 GHz Cortex-X3 & 2x2.8 GHz Cortex-A715 & 2x2.8 GHz Cortex-A710 & 3x2.0 GHz Cortex-A510),Adreno 740,12,16,256,512,UFS 4.0,50.0,4,1.9,Yes,1/2.51,Yes,"Laser AF, color spectrum sensor, Leica lenses, Dual-LED flash, HDR, panorama, 67mm filter ring holder (optional)","8K@24fps, 4K@24/30/60fps, 1080p@30/60/120/240/480/960/1920fps, gyro-EIS, Dolby Vision HDR 10-bit rec. (4K@60fps, 1080p)",32.0,No,"HDR, panorama","1080p@30/60fps, gyro-EIS","Wi-Fi 802.11 a/b/g/n/ac/6e/7, tri-band, Wi-Fi Direct",Yes,5.3,Type-C,No,"GPS (L1+L5), GLONASS (L1), BDS (B1I+B1c+B2a), GALILEO (E1+E5a), QZSS (L1+L5), NavIC (L5)","Fingerprint (under display, optical), accelerometer, proximity, gyro, compass, barometer",5000,90,50,Yes,Active use score 10:09h,,390.0,,,1268538,5049,,1207,-26.0,"Black, Olive Green, White, Orange, Yellow, Blue","2304FPN6DC, 2304FPN6DG",,0.99 W/kg (head) 1.00 W/kg (body),No
Xiaomi,Xiaomi Pad 6 Pro,https://www.gsmarena.com/xiaomi_pad_6_pro-12238.php,https://fdn2.gsmarena.com/vv/bigpic/xiaomi-pad6-pro.jpg,No cellular connectivity,No,"2023, April 18","Available. Released 2023, April 30",254 x 165.2 x 6.5 mm (10.0 x 6.50 x 0.26 in),490.0,Glass,,No,"IPS LCD, 1B colors, 144Hz, HDR10, Dolby Vision, 550 nits",144,11.0,1800x2880,309,83.6,Gorilla Glass 3,"Android 13, MIUI 14",Qualcomm SM8475 Snapdragon 8+ Gen 1 (4 nm),4,Octa-core (1x3.19 GHz Cortex-X2 & 3x2.75 GHz Cortex-A710 & 4x1.80 GHz Cortex-A510),Adreno 730,8,12,128,512,UFS 3.1,50.0,2,1.8,No,1/2.76,Yes,"Dual-LED flash, HDR, panorama","4K@30/60fps, 1080p@30/60fps",20.0,No,,1080p@30/60fps,"Wi-Fi 802.11 a/b/g/n/a/6e, dual-band, Wi-Fi Direct",No,5.3,Type-C,No,No,"Accelerometer, gyro, proximity (accessories only)",8600,67,,No,,,330.0,,,,,,,,"Black, Blue, Gold",23046RP50C,,,No
Xiaomi,Xiaomi Pad 6,https://www.gsmarena.com/xiaomi_pad_6-12237.php,https://fdn2.gsmarena.com/vv/bigpic/xiaomi-pad6.jpg,No cellular connectivity,No,"2023, April 18","Available. Released 2023, April 18",254 x 165.2 x 6.5 mm (10.0 x 6.50 x 0.26 in),490.0,Glass,,No,"IPS LCD, 1B colors, 144Hz, HDR10, Dolby Vision, 550 nits",144,11.0,1800x2880,309,83.6,Gorilla Glass 3,"Android 13, MIUI Pad 14",Qualcomm SM8250-AC Snapdragon 870 5G (7 nm),7,Octa-core (1x3.2 GHz Kryo 585 & 3x2.42 GHz Kryo 585 & 4x1.80 GHz Kryo 585),Adreno 650,6,8,128,256,UFS 3.1,13.0,1,2.2,No,,Yes,"Dual-LED flash, HDR, panorama","4K@30fps, 1080p@30/60fps",8.0,No,,1080p@30fps,"Wi-Fi 802.11 a/b/g/n/a/6, dual-band, Wi-Fi Direct",No,5.2,Type-C,No,Unspecified,"Accelerometer, gyro, proximity (accessories only)",8840,33,,No,Active use score 9:39h,,400.0,,,,,,500,-23.7,"Black, Blue, Gold","23043RP34C, 23043RP34G, 23043RP34I",,,No
Xiaomi,Xiaomi Poco C51,https://www.gsmarena.com/xiaomi_poco_c51-12215.php,https://fdn2.gsmarena.com/vv/bigpic/xiaomi-poco-c51.jpg,GSM / HSPA / LTE,No,"2023, April 07","Available. Released 2023, April 13",164.9 x 76.8 x 9.1 mm (6.49 x 3.02 x 0.36 in),192.0,,,Nano-SIM + Nano-SIM,"IPS LCD, 400 nits (typ)",,6.52,720x1600,269,81.0,,"Android 13 (Go edition), MIUI",Mediatek Helio G36 (12 nm),12,Octa-core (4x2.2 GHz Cortex-A53 & 4x1.7 GHz Cortex-A53),PowerVR GE8320,4,6,64,128,eMMC 5.1,8.0,1,2.0,No,,No,"Dual-LED flash, HDR",1080p@30fps,5.0,No,,1080p@30fps,Wi-Fi 802.11 b/g/n,No,5.0,Micro-USB,Yes,"GPS, GLONASS, BDS","Fingerprint (rear-mounted), accelerometer",5000,10,,No,,,100.0,,,,,,,,"Power Black, Royal Blue","MZB0E6DIN, MZB0DXKIN, 2302EPCC4I, 2305EPCC4G, 2302EPCC4H",0.97 W/kg (head) 0.87 W/kg (body),,"FM radio, recording"
Xiaomi,Xiaomi Redmi Note 12S,https://www.gsmarena.com/xiaomi_redmi_note_12s-12218.php,https://fdn2.gsmarena.com/vv/bigpic/xiaomi-redmi-note-12s.jpg,GSM / HSPA / LTE,No,"2023, March 06","Available. Released 2023, April 26",159.9 x 73.9 x 8.1 mm (6.30 x 2.91 x 0.32 in),176.0,,,Nano-SIM + Nano-SIM,"AMOLED, 90Hz, 700 nits (HBM), 1000 nits (peak)",90,6.43,1080x2400,409,84.5,,"Android 13, MIUI 14",Mediatek MT6781 Helio G96 (12 nm),12,Octa-core (2x2.05 GHz Cortex-A76 & 6x2.0 GHz Cortex-A55),Mali-G57 MC2,6,8,64,256,,108.0,3,1.9,No,1/1.52,No,"LED flash, HDR, panorama",1080p@30fps,16.0,No,,1080p@30fps,"Wi-Fi 802.11 a/b/g/n/ac, dual-band",Yes,5.2,Type-C,Yes,"GPS (L1), GLONASS (G1), GALILEO (E1), BDS (B1)","Fingerprint (side-mounted), accelerometer, gyro, proximity, compass",5000,33,,No,,,110.0,,,,,,,,"Onyx Black, Ice Blue, Pearl Green","2303CRA44A, 23030RAC7Y, 2303ERA42L",,,"Stereo FM radio, recording"
Xiaomi,Xiaomi Redmi Note 12 Pro 4G,https://www.gsmarena.com/xiaomi_redmi_note_12_pro_4g-12209.php,https://fdn2.gsmarena.com/vv/bigpic/xiaomi-redmi-note-12-pro-4g.jpg,GSM / HSPA / LTE,No,"2023, March 03","Available. Released 2023, April 11",164.2 x 76.1 x 8.1 mm (6.46 x 3.00 x 0.32 in),201.8,,,Nano-SIM + Nano-SIM,"AMOLED, 120Hz, Dolby Vision, 700 nits (HBM), 1100 nits (peak)",120,6.67,1080x2400,395,86.0,,"Android 11, MIUI 13",Qualcomm SM7150 Snapdragon 732G (8 nm),8,Octa-core (2x2.2 GHz Kryo 470 Gold & 6x1.8 GHz Kryo 470 Silver),Adreno 618,6,8,128,256,UFS 2.2,108.0,4,1.9,No,1/1.52,Yes,"LED flash, HDR, panorama","4K@30fps, 1080p@30/60fps",16.0,No,,1080p@30fps,"Wi-Fi 802.11 a/b/g/n/ac, dual-band",Yes,5.0,Type-C,Yes,"GPS, GLONASS, GALILEO, BDS","Fingerprint (side-mounted), accelerometer, gyro, compass",5000,67,,No,,,150.0,,,,,,,,"Star Blue, Graphite Gray, Polar White, Ice blue","‎2209116AG, 2209116AG",,,Unspecified
Xiaomi,Xiaomi Redmi Note 12 Turbo,https://www.gsmarena.com/xiaomi_redmi_note_12_turbo-12181.php,https://fdn2.gsmarena.com/vv/bigpic/xiaomi-redmi-note-12-turbo.jpg,GSM / HSPA / CDMA2000 / LTE / 5G,Yes,"2023, March 28","Available. Released 2023, March 28",161.1 x 75 x 7.9 mm (6.34 x 2.95 x 0.31 in),181.0,Glass,,Nano-SIM + Nano-SIM,"OLED, 68B colors, 120Hz, Dolby Vision, HDR10+, 1000 nits (HBM)",120,6.67,1080x2400,395,88.9,,"Android 13, MIUI 14",Qualcomm SM7475-AB Snapdragon 7+ Gen 2 (4 nm),4,Octa-core (1x2.91 GHz Cortex-X2 & 3x2.49 GHz Cortex-A710 & 4x1.8 GHz Cortex-A510),Adreno 725,8,16,256,512,UFS 3.1,64.0,3,1.8,Yes,1/2.0,Yes,"LED flash, HDR, panorama","4K@30fps, 1080p@30/60/120/240fps",16.0,No,,1080p@30/60fps,"Wi-Fi 802.11 a/b/g/n/ac/6e, dual-band",Yes,5.3,Type-C,Yes,"GPS (L1), GLONASS (G1), BDS (B1I+B1c), GALILEO (E1), QZSS (L1)","Fingerprint (side-mounted), accelerometer, gyro, proximity, compass",5000,67,,No,,,270.0,,,,,,,,"Black, Blue, White, Harry Potter Edition",23049RAD8C,,,No
Xiaomi,Xiaomi Redmi A2+,https://www.gsmarena.com/xiaomi_redmi_a2+-12197.php,https://fdn2.gsmarena.com/vv/bigpic/xiaomi-redmi-a2-plus.jpg,GSM / HSPA / LTE,No,"2023, March 24","Available. Released 2023, March 24",164.9 x 76.8 x 9.1 mm (6.49 x 3.02 x 0.36 in),192.0,,,Nano-SIM + Nano-SIM,"IPS LCD, 400 nits (typ)",,6.52,720x1600,269,81.0,,"Android 12 or 13 (Go edition), MIUI",Mediatek Helio G36 (12 nm),12,Octa-core (4x2.2 GHz Cortex-A53 & 4x1.7 GHz Cortex-A53),PowerVR GE8320,2,4,32,128,eMMC 5.1,8.0,1,2.0,No,,No,"Dual-LED flash, HDR",1080p@30fps,5.0,No,,1080p@30fps,Wi-Fi 802.11 a/b/g/n,No,5.0,Micro-USB,Yes,"GPS, GLONASS, GALILEO, BDS","Fingerprint (rear-mounted), accelerometer",5000,10,,No,,,100.0,,,,,,,,"Aqua Blue, Classic Black, Sea Green","23028RNCAG, 23028RN4DI, 23028RNCAI, 23028RN4DH",1.10 W/kg (head) 1.01 W/kg (body),0.71 W/kg (head) 1.00 W/kg (body),FM radio
Xiaomi,Xiaomi Redmi A2,https://www.gsmarena.com/xiaomi_redmi_a2-12124.php,https://fdn2.gsmarena.com/vv/bigpic/xiaomi-redmi-a2-.jpg,GSM / HSPA / LTE,No,"2023, March 24","Available. Released 2023, March 24",164.9 x 76.8 x 9.1 mm (6.49 x 3.02 x 0.36 in),192.0,,,Nano-SIM + Nano-SIM,"IPS LCD, 400 nits (typ)",,6.52,720x1600,269,81.0,,"Android 12 or 13 (Go edition), MIUI",Mediatek Helio G36 (12 nm),12,Octa-core (4x2.2 GHz Cortex-A53 & 4x1.7 GHz Cortex-A53),PowerVR GE8320,2,4,32,64,eMMC 5.1,8.0,1,2.0,No,,No,"Dual-LED flash, HDR",1080p@30fps,5.0,No,,1080p@30fps,Wi-Fi 802.11 a/b/g/n,No,5.0,Micro-USB,Yes,"GPS, GLONASS, GALILEO, BDS",Accelerometer,5000,10,,No,,,60.0,,,,,,,,"Aqua Blue, Classic Black, Sea Green","23028RN4DG, 23026RN54G",1.10 W/kg (head) 1.01 W/kg (body),0.90 W/kg (head) 1.00 W/kg (body),FM radio
Xiaomi,Xiaomi Redmi Note 12 4G,https://www.gsmarena.com/xiaomi_redmi_note_12_4g-12188.php,https://fdn2.gsmarena.com/vv/bigpic/redmi-note-12-4g.jpg,GSM / HSPA / LTE,No,"2023, March 23","Available. Released 2023, March 30",165.7 x 76 x 7.9 mm (6.52 x 2.99 x 0.31 in),183.5,Glass,IP53,Nano-SIM + Nano-SIM,"AMOLED, 120Hz, 450 nits (typ), 700 nits (HBM), 1200 nits (peak)",120,6.67,1080x2400,395,85.3,Gorilla Glass 3,"Android 13, upgradable to Android 14, HyperOS",Qualcomm SM6225 Snapdragon 685 (6 nm),6,Octa-core (4x2.8 GHz Cortex-A73 & 4x1.9 GHz Cortex-A53),Adreno 610,4,8,64,256,UFS 2.2,50.0,3,1.8,No,1/2.76,No,"LED flash, HDR, panorama",1080p@30fps,13.0,No,HDR,1080p@30fps,"Wi-Fi 802.11 a/b/g/n/ac, dual-band",Yes,5.0,Type-C,Yes,"GPS, GLONASS, GALILEO","Fingerprint (side-mounted), accelerometer, gyro, proximity, compass",5000,33,,No,,,90.87,99.0,,319219,1797,,744,-27.9,"Onyx Gray, Mint Green, Ice Blue","23021RAAEG, 23021RAA2Y, 23027RAD4I, 23028RA60L",1.09 W/kg (head) 0.89 W/kg (body),0.90 W/kg (head) 0.99 W/kg (body),Unspecified
Xiaomi,Xiaomi 13 Pro,https://www.gsmarena.com/xiaomi_13_pro-11962.php,https://fdn2.gsmarena.com/vv/bigpic/xiaomi-13-pro-black.jpg,GSM / CDMA / HSPA / CDMA2000 / LTE / 5G,Yes,"2022, December 11","Available. Released 2022, December 14",162.9 x 74.6 x 8.4 mm or 8.7 mm,210.0,Ceramic,IP68,· Nano-SIM + eSIM · Nano-SIM + Nano-SIM,"LTPO AMOLED, 1B colors, 120Hz, Dolby Vision, HDR10+, 1200 nits (HBM), 1900 nits (peak)",120,6.73,1440x3200,522,89.6,Gorilla Glass Victus,"Android 13, upgradable to Android 14, HyperOS",Qualcomm SM8550-AB Snapdragon 8 Gen 2 (4 nm),4,Octa-core (1x3.2 GHz Cortex-X3 & 2x2.8 GHz Cortex-A715 & 2x2.8 GHz Cortex-A710 & 3x2.0 GHz Cortex-A510),Adreno 740,8,12,128,512,UFS 3.1 - 128GB UFS 4.0 - 256/512GB,50.3,3,1.9,Yes,,Yes,"Laser AF, color spectrum sensor, Leica lens, Dual-LED dual-tone flash, HDR, panorama","8K@24fps (HDR), 4K@24/30/60fps (HDR10+, 10-bit Dolby Vision HDR, 10-bit LOG), 1080p@30/120/240/960fps, 1080p@1920fps, gyro-EIS",32.0,No,"HDR, panorama",1080p@30fps,"Wi-Fi 802.11 a/b/g/n/ac/6e, dual-band, Wi-Fi Direct",Yes,5.3,Type-C,No,"GPS (L1+L5), GLONASS (G1), BDS (B1I+B1c+B2a), GALILEO (E1+E5a), QZSS (L1+L5), NavIC (L5)","Fingerprint (under display, optical), accelerometer, proximity, gyro, compass, barometer",4820,120,50,Yes,Active use score 10:55h,,750.0,,,1281666,5087,,1253,-25.6,"Ceramic White, Ceramic Black, Ceramic Flora Green, Mountain Blue","2210132G, 2210132C",,,No
Xiaomi,Xiaomi 13,https://www.gsmarena.com/xiaomi_13-12013.php,https://fdn2.gsmarena.com/vv/bigpic/xiaomi-13-red.jpg,GSM / CDMA / HSPA / CDMA2000 / LTE / 5G,Yes,"2022, December 11","Available. Released 2022, December 14",152.8 x 71.5 x 8.0 mm or 8.1 mm,185.0,Glass,IP68,· Nano-SIM + eSIM · Nano-SIM + Nano-SIM,"AMOLED, 120Hz, Dolby Vision, HDR10+, 1200 nits (HBM), 1900 nits (peak)",120,6.36,1080x2400,414,89.4,Gorilla Glass 5,"Android 13, upgradable to Android 14, MIUI 14",Qualcomm SM8550-AB Snapdragon 8 Gen 2 (4 nm),4,Octa-core (1x3.2 GHz Cortex-X3 & 2x2.8 GHz Cortex-A715 & 2x2.8 GHz Cortex-A710 & 3x2.0 GHz Cortex-A510),Adreno 740,8,12,128,512,UFS 3.1 - 128GB UFS 4.0 - 256/512GB,50.0,3,1.8,Yes,1/1.49,Yes,"Leica lens, color spectrum sensor, Dual-LED dual-tone flash, HDR, panorama","8K@24fps (HDR), 4K@24/30/60fps (HDR10+, 10-bit Dolby Vision HDR, 10-bit LOG), 1080p@30/120/240/960fps, 1080p@1920fps, gyro-EIS",32.0,No,"HDR, panorama",1080p@30fps,"Wi-Fi 802.11 a/b/g/n/ac/6e, dual-band, Wi-Fi Direct",Yes,5.3,Type-C,No,"GPS (L1+L5), GLONASS (G1), BDS (B1I+B1c+B2a), GALILEO (E1+E5a), QZSS (L1+L5), NavIC (L5)","Fingerprint (under display, optical), accelerometer, proximity, gyro, compass",4500,67,50,Yes,,,479.99,,,1248260,5129,,1254,-25.8,"White, Black, Flora Green, Mountain Blue, Red, Blue, Yellow, Green, Gray","2211133C, 2211133G",,,No
Xiaomi,Xiaomi 13 Lite,https://www.gsmarena.com/xiaomi_13_lite-12072.php,https://fdn2.gsmarena.com/vv/bigpic/xiaomi-13-lite.jpg,GSM / HSPA / LTE / 5G,Yes,"2023, February 26","Available. Released 2023, March 08",159.2 x 72.7 x 7.2 mm (6.27 x 2.86 x 0.28 in),171.0,Glass,IP53,· Nano-SIM + eSIM · Nano-SIM + Nano-SIM,"AMOLED, 68B colors, Dolby Vision, HDR10+, 120Hz, 500 nits (typ), 1000 nits (peak)",120,6.55,1080x2400,402,89.5,Gorilla Glass 5,"Android 12, MIUI 14",Qualcomm SM7450-AB Snapdragon 7 Gen 1 (4 nm),4,Octa-core (1x2.4 GHz Cortex-A710 & 3x2.36 GHz Cortex-A710 & 4x1.8 GHz Cortex-A510),Adreno 644,8,8,64,256,UFS 2.2,50.0,3,1.8,No,1/1.56,Yes,"Dual-LED dual-tone flash, HDR, panorama","4K@30fps, 1080p@30/60/120fps, 720p@960fps",32.0,No,"Dual-LED flash, HDR",1080p@30/60fps,"Wi-Fi 802.11 a/b/g/n/ac/6, dual-band",Yes,5.2,Type-C,No,"GPS (L1), GLONASS (G1), BDS (B1I+B1c), GALILEO (E1), QZSS (L1)","Fingerprint (under display, optical), accelerometer, gyro, proximity, compass",4500,67,,No,,,180.0,,,534143,2936,,938,-28.5,"Black, Lite Blue, Lite Pink",,,,No
Xiaomi,Xiaomi Poco C55,https://www.gsmarena.com/xiaomi_poco_c55-12126.php,https://fdn2.gsmarena.com/vv/bigpic/xiaomi-poco-c55.jpg,GSM / HSPA / LTE,No,"2023, February 21","Available. Released 2023, February 28",168.8 x 76.4 x 8.8 mm (6.65 x 3.01 x 0.35 in),192.0,Glass,,Nano-SIM + Nano-SIM,IPS LCD,,6.71,720x1650,268,82.6,Panda Glass,"Android 12, MIUI 13 for POCO",Mediatek MT6769Z Helio G85 (12 nm),12,Octa-core (2x2.0 GHz Cortex-A75 & 6x1.8 GHz Cortex-A55),Mali-G52 MC2,4,6,64,128,eMMC 5.1,50.0,1,1.8,No,,No,"LED flash, HDR",1080p@30fps,5.0,No,HDR,1080p@30fps,"Wi-Fi 802.11 a/b/g/n/ac, dual-band",No,5.0,Micro-USB,Yes,"GPS, GLONASS, GALILEO, BDS, QZSS","Fingerprint (rear-mounted), accelerometer",5000,10,,No,,,110.0,,,,,,,,"Cool Blue, Power Black, Forest Green",22127PC95I,0.87 W/kg (head) 0.77 W/kg (body),,"FM radio, recording"
Xiaomi,Xiaomi Poco X5 Pro,https://www.gsmarena.com/xiaomi_poco_x5_pro-12094.php,https://fdn2.gsmarena.com/vv/bigpic/xiaomi-poco-x5-pro-5g.jpg,GSM / HSPA / LTE / 5G,Yes,"2023, February 06","Available. Released 2023, February 07",162.9 x 76 x 7.9 mm (6.41 x 2.99 x 0.31 in),181.0,Glass,IP53,Nano-SIM + Nano-SIM,"AMOLED, 1B colors, 120Hz, Dolby Vision, HDR10+, 500 nits (typ), 900 nits (HBM)",120,6.67,1080x2400,395,86.8,Gorilla Glass 5,"Android 12, upgradable to Android 13, MIUI 14 for POCO",Qualcomm SM7325 Snapdragon 778G 5G (6 nm),6,Octa-core (1x2.4 GHz Cortex-A78 & 3x2.2 GHz Cortex-A78 & 4x1.9 GHz Cortex-A55),Adreno 642L,6,8,128,256,UFS 2.2,108.0,3,1.9,No,1/1.52,Yes,"LED flash, HDR, panorama","4K@30fps, 1080p@30/60/120fps, gyro-EIS",16.0,No,"HDR, panorama",1080p@30/60fps,"Wi-Fi 802.11 a/b/g/n/ac/6, dual-band, Wi-Fi Direct Wi-Fi 802.11 a/b/g/n/ac, dual-band - India",Yes,5.2,Type-C,Yes,"GPS, GLONASS, BDS, GALILEO","Fingerprint (side-mounted), accelerometer, gyro, proximity, compass",5000,67,,No,,221.33,176.66,,,531398,2930,,912,-24.9,"Astral Black, Horizon Blue, Poco Yellow","22101320G, 22101320I",,,No
Xiaomi,Xiaomi Poco X5,https://www.gsmarena.com/xiaomi_poco_x5-12092.php,https://fdn2.gsmarena.com/vv/bigpic/xiaomi-poco-x5-5g.jpg,GSM / HSPA / LTE / 5G,Yes,"2023, February 06","Available. Released 2023, February 07",165.9 x 76.2 x 8 mm (6.53 x 3.00 x 0.31 in),189.0,,IP53,Nano-SIM + Nano-SIM,"Super AMOLED, 120Hz, 700 nits (HBM), 1200 nits (peak)",120,6.67,1080x2400,395,85.0,Gorilla Glass 3,"Android 12, MIUI 13 for POCO",Qualcomm SM6375 Snapdragon 695 5G (6 nm),6,Octa-core (2x2.2 GHz Kryo 660 Gold & 6x1.7 GHz Kryo 660 Silver),Adreno 619,6,8,128,256,UFS 2.2,48.0,3,1.8,No,1/4.0,No,"Dual-LED dual-tone flash, HDR, panorama",1080p@30fps,13.0,No,HDR,1080p@30fps,"Wi-Fi 802.11 a/b/g/n/ac, dual-band",Yes,5.1,Type-C,Yes,"GPS, GLONASS","Fingerprint (side-mounted), accelerometer, gyro, proximity, compass",5000,33,,No,,,290.0,,,400895,2088,,728,-27.3,"Jaguar Black, Wildcat Blue, Supernova Green","22111317PG, 22111317PI",0.84 W/kg (head) 0.68 W/kg (body),0.52 W/kg (head) 0.77 W/kg (body),"FM radio, recording"
Xiaomi,Xiaomi Redmi Note 12,https://www.gsmarena.com/xiaomi_redmi_note_12-12063.php,https://fdn2.gsmarena.com/vv/bigpic/redmi-note-12-5g-international.jpg,GSM / HSPA / LTE / 5G,Yes,"2022, October 27","Available. Released 2023, January 11",165.9 x 76.2 x 8 mm (6.53 x 3.00 x 0.31 in),188.0,,IP53,Nano-SIM + Nano-SIM,"AMOLED, 120Hz, 1200 nits (peak)",120,6.67,1080x2400,395,85.0,Gorilla Glass 3,"Android 12, MIUI 14 (International), MIUI 13 (India)",Qualcomm SM4375 Snapdragon 4 Gen 1 (6 nm),6,Octa-core (2x2.0 GHz Cortex-A78 & 6x1.8 GHz Cortex-A55),Adreno 619,4,8,128,256,UFS 2.2,48.0,3,1.8,No,1/4.0,No,"Dual-LED dual-tone flash, HDR, panorama",1080p@30fps,13.0,No,HDR,1080p@30fps,"Wi-Fi 802.11 a/b/g/n/ac, dual-band",Yes,5.1,Type-C,Yes,"GPS, GLONASS","Fingerprint (side-mounted), accelerometer, gyro, proximity, compass",5000,33,,No,Active use score 10:58h,,105.45,247.13,,360745,1998,,706,-28.0,"Frosted Green, Matte Black, Mystique Blue","22111317I, 22111317G",1.09 W/kg (head) 1.05 W/kg (body),0.68 W/kg (head) 0.91 W/kg (body),Unspecified
Xiaomi,Xiaomi Poco C50,https://www.gsmarena.com/xiaomi_poco_c50-12053.php,https://fdn2.gsmarena.com/vv/bigpic/xiaomi-poco-c50.jpg,GSM / HSPA / LTE,No,"2023, January 03","Available. Released 2023, January 10",164.9 x 76.8 x 9.1 mm (6.49 x 3.02 x 0.36 in),192.0,,,Nano-SIM + Nano-SIM,"IPS LCD, 400 nits",,6.52,720x1600,269,81.0,,Android 12 (Go edition),Mediatek MT6761 Helio A22 (12 nm),12,Quad-core 2.0 GHz Cortex-A53,PowerVR GE8320,2,3,32,32,eMMC 5.1,8.0,1,2.0,No,,No,"Dual-LED flash, HDR",1080p@30fps,5.0,No,,1080p@30fps,Wi-Fi 802.11 b/g/n,No,5.0,Micro-USB,Yes,"GPS, GLONASS, BDS","Fingerprint (rear-mounted), accelerometer",5000,10,,No,,,80.0,,,,,,,,"Country Green, Royal Blue","MZB0D3DIN, 220733SPI, 220733SPH",0.87 W/kg (head) 0.84 W/kg (body),,"FM radio, recording"
Xiaomi,Xiaomi Redmi Note 12 Pro Speed,https://www.gsmarena.com/xiaomi_redmi_note_12_pro_speed-12045.php,https://fdn2.gsmarena.com/vv/bigpic/xiaomi-redmi-note-12-pro-speed.jpg,GSM / CDMA / HSPA / CDMA2000 / LTE / 5G,Yes,"2022, December 27","Available. Released 2022, December 27",162.9 x 76 x 7.9 mm (6.41 x 2.99 x 0.31 in),181.0,,IP53,Nano-SIM + Nano-SIM,"OLED, 1B colors, 120Hz, Dolby Vision, HDR10+, 500 nits (typ), 900 nits (HBM)",120,6.67,1080x2400,395,86.8,,"Android 13, MIUI 14",Qualcomm SM7325 Snapdragon 778G 5G (6 nm),6,Octa-core (1x2.4 GHz Cortex-A78 & 3x2.2 GHz Cortex-A78 & 4x1.9 GHz Cortex-A55),Adreno 642L,6,12,128,256,UFS 2.2,108.0,3,1.9,No,1/1.52,Yes,"LED flash, HDR, panorama","4K@30fps, 1080p@30/60/120fps, 720p@960fps, gyro-EIS",16.0,No,HDR,1080p@30/60fps,"Wi-Fi 802.11 a/b/g/n/ac/6, dual-band, Wi-Fi Direct",Yes,5.2,Type-C,Yes,"GPS (L1), GLONASS (G1), BDS (B1I+B1c), GALILEO (E1), QZSS (L1)","Fingerprint (side-mounted), accelerometer, gyro, proximity, compass",5000,67,,No,,,230.0,,,,,,,,"Black, Blue, Green",22101320C,,,Unspecified
Xiaomi,Xiaomi Redmi K60 Pro,https://www.gsmarena.com/xiaomi_redmi_k60_pro-12046.php,https://fdn2.gsmarena.com/vv/bigpic/xiaomi-redmi-k60-pro.jpg,GSM / CDMA / HSPA / CDMA2000 / LTE / 5G,Yes,"2022, December 27","Available. Released 2023, January 01",162.8 x 75.4 x 8.6 mm or 8.9 mm,201.0,,,Nano-SIM + Nano-SIM,"OLED, 68B colors, 120Hz, Dolby Vision, HDR10+, 1400 nits (peak)",120,6.67,1440x3200,526,87.5,,"Android 13, MIUI 14",Qualcomm SM8550-AB Snapdragon 8 Gen 2 (4 nm),4,Octa-core (1x3.2 GHz Cortex-X3 & 2x2.8 GHz Cortex-A715 & 2x2.8 GHz Cortex-A710 & 3x2.0 GHz Cortex-A510),Adreno 740,8,16,128,512,UFS 4.0 UFS 3.1 - 128GB only,54.0,3,1.9,Yes,1/1.49,Yes,"Color spectrum sensor, Dual-LED dual-tone flash, HDR, panorama","8K@24fps, 4K@30/60fps, 1080p@30/60/120/240/960fps, 720p@1920fps, gyro-EIS",16.0,No,HDR,1080p@30/60/120fps,"Wi-Fi 802.11 a/b/g/n/ac/6e, dual-band, Wi-Fi Direct",Yes,5.3,Type-C,No,"GPS (L1+L5), GLONASS (G1), BDS (B1I+B2a+Bc), GALILEO (E1+E5a), QZSS (L1+L5), NavIC","Fingerprint (under display, optical), accelerometer, gyro, proximity, compass",5000,120,30,No,,,460.0,,,,,,,,"Black, White, Mint, Champion Black",22127RK46C,,,Unspecified
Xiaomi,Xiaomi Redmi K60E,https://www.gsmarena.com/xiaomi_redmi_k60e-12047.php,https://fdn2.gsmarena.com/vv/bigpic/xiaomi-redmi-k60e.jpg,GSM / CDMA / HSPA / CDMA2000 / LTE / 5G,Yes,"2022, December 27","Available. Released 2022, December 27",163.1 x 76.2 x 8.5 mm (6.42 x 3.00 x 0.33 in),202.0,,,Nano-SIM + Nano-SIM,"OLED, 120Hz, Dolby Vision, HDR10+, 1200 nits (peak)",120,6.67,1440x3200,526,86.4,Gorilla Glass Victus,"Android 12, MIUI 13",Mediatek Dimensity 8200 (4 nm),4,Octa-core (1x3.1 GHz Cortex-A78 & 3x3.0 GHz Cortex-A78 & 4x2.0 GHz Cortex-A55),Mali-G610 MC6,8,12,128,512,UFS 3.1,48.0,3,,Yes,1/2.0,Yes,"Color spectrum sensor, Dual-LED dual-tone flash, HDR, panorama","4K@30fps, 1080p@30/60/120fps, 720p@960fps, gyro-EIS",20.0,No,HDR,1080p@30/60/120fps,"Wi-Fi 802.11 a/b/g/n/ac/6e, dual-band, Wi-Fi Direct",Yes,5.3,Type-C,No,"GPS (L1), GLONASS (G1), BDS (B1I+B1c), GALILEO (E1), QZSS (L1)","Fingerprint (side-mounted), accelerometer, gyro, proximity, compass",5500,67,,No,,,300.0,,,,,,,,"Black, White, Green",22122RK93C,,,Unspecified
Xiaomi,Xiaomi Redmi K60,https://www.gsmarena.com/xiaomi_redmi_k60-11975.php,https://fdn2.gsmarena.com/vv/bigpic/xiaomi-redmi-k60.jpg,GSM / CDMA / HSPA / CDMA2000 / LTE / 5G,Yes,"2022, December 27","Available. Released 2023, January 01",162.8 x 75.4 x 8.6 mm or 8.8 mm,199.0,,,Nano-SIM + Nano-SIM,"OLED, 68B colors, 120Hz, Dolby Vision, HDR10+, 1400 nits (peak)",120,6.67,1440x3200,526,87.5,,"Android 13, MIUI 14",Qualcomm SM8475 Snapdragon 8+ Gen 1 (4 nm),4,Octa-core (1x3.0 GHz Cortex-X2 & 3x2.5 GHz Cortex-A710 & 4x1.80 GHz Cortex-A510),Adreno 730,8,16,128,512,UFS 3.1,64.0,3,1.8,Yes,1/2.0,Yes,"Color spectrum sensor, Dual-LED dual-tone flash, HDR, panorama","8K@24fps, 4K@30/60fps, 1080p@30/60/120/240/960fps, 720p@1920fps, gyro-EIS",16.0,No,HDR,1080p@30/60/120fps,"Wi-Fi 802.11 a/b/g/n/ac/6e, dual-band, Wi-Fi Direct",Yes,5.3,Type-C,No,"GPS (L1), GLONASS (G1), BDS (B1I+B1c), GALILEO (E1), QZSS (L1)","Fingerprint (under display, optical), accelerometer, gyro, proximity, compass",5500,67,30,No,,,350.0,,,,,,,,"Black, White, Blue, Green",,,,Unspecified
Xiaomi,Xiaomi Redmi Watch 3,https://www.gsmarena.com/xiaomi_redmi_watch_3-12048.php,https://fdn2.gsmarena.com/vv/bigpic/xiaomi-redmi-watch3.jpg,No cellular connectivity,No,"2022, December 27","Available. Released 2022, December 27",42.6 x 36.6 x 10 mm (1.68 x 1.44 x 0.39 in),37.0,Plastic,,No,"AMOLED, 600 nits (peak)",,1.75,450x390,341,,,Proprietary OS,,,,,,,,,,,,,No,,No,,,,No,,,No,Yes,5.2,No,No,"GPS, GLONASS, GALILEO, BDS, QZSS","Accelerometer, heart rate, compass, gyro, SpO2",289,,,No,,,120.0,,,,,,,,"Black, White",M2215W1,,,No
Xiaomi,Xiaomi Watch S2,https://www.gsmarena.com/xiaomi_watch_s2-12023.php,https://fdn2.gsmarena.com/vv/bigpic/xiaomi-watch-s2.jpg,No cellular connectivity,No,"2022, December 11","Available. Released 2022, December 11",46 x 46 x 10.7 mm (1.81 x 1.81 x 0.42 in),,,,No,AMOLED,,1.43,466x466,326,,,Proprietary OS,,,,,,,,,,,,,No,,No,,,,No,,,No,Yes,5.2,No,No,"GPS (L1+L5), GLONASS, GALILEO, BDS, QZSS","Accelerometer, gyro, compass, barometer, heart rate, SpO2, thermometer (skin temperature), body composition (BMI)",500,,,No,,,150.0,,,,,,,,"Black, Silver, Light Gold",,,,No
Xiaomi,Xiaomi Redmi 12C,https://www.gsmarena.com/xiaomi_redmi_12c-12051.php,https://fdn2.gsmarena.com/vv/bigpic/xiaomi-redmi-12c.jpg,GSM / CDMA / HSPA / EVDO / LTE,No,"2022, December 31","Available. Released 2023, January 01",168.8 x 76.4 x 8.8 mm (6.65 x 3.01 x 0.35 in),192.0,,,Nano-SIM + Nano-SIM,"IPS LCD, 500 nits (typ)",,6.71,720x1650,268,82.6,,"Android 12, MIUI 13",Mediatek MT6769Z Helio G85 (12 nm),12,Octa-core (2x2.0 GHz Cortex-A75 & 6x1.8 GHz Cortex-A55),Mali-G52 MC2,2,6,32,128,eMMC 5.1,50.0,1,1.8,No,1/2.76,No,"LED flash, HDR",1080p@30fps,5.0,No,,1080p@30fps,"Wi-Fi 802.11 a/b/g/n/ac, dual-band, Wi-Fi Direct",Yes,5.1,Micro-USB,Yes,"GPS, GLONASS, BDS, GALILEO","Fingerprint (rear-mounted), accelerometer",5000,10,,No,,,100.0,,,,,,,,"Graphite Gray, Ocean Blue, Mint Green, Lavender Purple","22120RN86G, 22120RN86I, 22126RN91Y, 2212ARNC4L",1.08 W/kg (head) 0.64 W/kg (body),0.98 W/kg (head) 0.99 W/kg (body),FM radio
Xiaomi,Xiaomi Redmi Note 12 Discovery,https://www.gsmarena.com/xiaomi_redmi_note_12_discovery-11953.php,https://fdn2.gsmarena.com/vv/bigpic/xiaomi-redmi-note-12-pro-discovery-explorer.jpg,GSM / CDMA / HSPA / EVDO / LTE / 5G,Yes,"2022, October 27","Available. Released 2022, November 01",162.9 x 76 x 9 mm (6.41 x 2.99 x 0.35 in),207.5,Glass,IP53,Nano-SIM + Nano-SIM,"OLED, 1B colors, 120Hz, Dolby Vision, HDR10+, 500 nits (typ), 900 nits (HBM)",120,6.67,1080x2400,395,86.8,,"Android 12, MIUI 13",Mediatek Dimensity 1080 (6 nm),6,Octa-core (2x2.6 GHz Cortex-A78 & 6x2.0 GHz Cortex-A55),Mali-G68 MC4,8,8,256,256,UFS 2.2,200.0,3,1.7,Yes,1/1.4,Yes,"Dual-LED dual-tone flash, HDR, panorama","4K@30fps, 1080p@30/60/120fps, 720p@960fps",16.0,No,HDR,1080p@30/60fps,"Wi-Fi 802.11 a/b/g/n/ac/6, dual-band, Wi-Fi Direct",Yes,5.2,Type-C,Yes,"GPS (L1), GLONASS (G1), BDS (B1I+B1c), GALILEO (E1), QZSS (L1)","Fingerprint (side-mounted), accelerometer, gyro, proximity, compass",4300,210,,No,,,380.0,,,,,,,,Black,22101316UP,,,Unspecified
Xiaomi,Xiaomi Redmi Note 12 Pro+,https://www.gsmarena.com/xiaomi_redmi_note_12_pro+-11954.php,https://fdn2.gsmarena.com/vv/bigpic/xiaomi-redmi-note-12-pro-plus.jpg,GSM / CDMA / HSPA / EVDO / LTE / 5G,Yes,"2022, October 27","Available. Released 2022, November 01",162.9 x 76 x 8.9 mm (6.41 x 2.99 x 0.35 in),208.4,Glass,IP53,Nano-SIM + Nano-SIM,"OLED, 1B colors, 120Hz, Dolby Vision, HDR10+, 500 nits (typ), 900 nits (HBM)",120,6.67,1080x2400,395,86.8,Gorilla Glass 5,"Android 12, upgradable to Android 14, HyperOS",Mediatek Dimensity 1080 (6 nm),6,Octa-core (2x2.6 GHz Cortex-A78 & 6x2.0 GHz Cortex-A55),Mali-G68 MC4,8,12,256,256,UFS 2.2,200.0,3,1.7,Yes,1/1.4,Yes,"Dual-LED dual-tone flash, HDR, panorama","4K@30fps, 1080p@30/60/120fps, 720p@960fps",16.0,No,HDR,1080p@30/60fps,"Wi-Fi 802.11 a/b/g/n/ac/6, dual-band, Wi-Fi Direct",Yes,5.2,Type-C,Yes,"GPS (L1), GLONASS (G1), BDS (B1I+B1c), GALILEO (E1), QZSS (L1)","Fingerprint (side-mounted), accelerometer, proximity, gyro, compass",5000,120,,No,Active use score 10:38h,,190.0,,,498710,2208,,990,-26.7,"Arctic White, Iceberg Blue, Obsidian Black, Trend edition","22101316UCP, 22101316UG",1.09 W/kg (head) 1.00 W/kg (body),1.00 W/kg (head) 1.00 W/kg (body),No
Xiaomi,Xiaomi Redmi Note 12 Pro,https://www.gsmarena.com/xiaomi_redmi_note_12_pro-11955.php,https://fdn2.gsmarena.com/vv/bigpic/xiaomi-redmi-note-12-pro.jpg,GSM / CDMA / HSPA / EVDO / LTE / 5G,Yes,"2022, October 27","Available. Released 2022, November 01",163 x 76 x 8 mm (6.42 x 2.99 x 0.31 in),187.0,Glass,IP53,Nano-SIM + Nano-SIM,"AMOLED, 1B colors, 120Hz, Dolby Vision, HDR10+, 500 nits (typ), 900 nits (HBM)",120,6.67,1080x2400,395,86.7,Gorilla Glass 5,"Android 12, MIUI 13",Mediatek Dimensity 1080 (6 nm),6,Octa-core (2x2.6 GHz Cortex-A78 & 6x2.0 GHz Cortex-A55),Mali-G68 MC4,6,12,128,256,UFS 2.2,50.0,3,1.9,Yes,1/1.56,Yes,"Dual-LED dual-tone flash, HDR, panorama","4K@30fps, 1080p@30/60/120fps, 720p@960fps",16.0,No,HDR,1080p@30/60fps,"Wi-Fi 802.11 a/b/g/n/ac/6, dual-band, Wi-Fi Direct",Yes,5.2,Type-C,Yes,"GPS (L1), GLONASS (G1), BDS (B1I+B1c), GALILEO (E1), QZSS (L1)","Fingerprint (side-mounted), accelerometer, gyro, proximity, compass",5000,67,,No,Active use score 12:08h,,121.99,169.0,,490526,2209,,890,-26.6,"Frosted Blue (Sky Blue), Onyx Black (Midnight Black), Polar White, Stardust Purple","22101316C, 22101316I, 23013RK75C, 22101316G",1.09 W/kg (head) 1.06 W/kg (body),0.99 W/kg (head) 0.99 W/kg (body),No
Xiaomi,Xiaomi Redmi Note 12 (China),https://www.gsmarena.com/xiaomi_redmi_note_12_(china)-11956.php,https://fdn2.gsmarena.com/vv/bigpic/xiaomi-redmi-note-12-5g.jpg,GSM / CDMA / HSPA / EVDO / LTE / 5G,Yes,"2022, October 27","Available. Released 2022, November 01",165.9 x 76.2 x 8 mm (6.53 x 3.00 x 0.31 in),188.0,,IP53,Nano-SIM + Nano-SIM,"Samsung AMOLED, 120Hz, 1200 nits (peak)",120,6.67,1080x2400,395,85.0,,"Android 12, MIUI 13",Qualcomm SM4375 Snapdragon 4 Gen 1 (6 nm),6,Octa-core (2x2.0 GHz Cortex-A78 & 6x1.8 GHz Cortex-A55),Adreno 619,4,12,128,256,UFS 2.2,48.0,2,,No,,No,"LED flash, HDR, panorama",1080p@30/60fps,8.0,No,HDR,1080p@30fps,"Wi-Fi 802.11 a/b/g/n/ac, dual-band, Wi-Fi Direct",No,5.1,Type-C,Yes,"GPS (L1), GLONASS (G1), BDS (B1), GALILEO (E1)","Fingerprint (side-mounted), accelerometer, gyro, proximity, compass",5000,33,,No,,,190.0,,,,,,,,"Black, White, Blue",22101317C,,,No
Xiaomi,Xiaomi 12T Pro,https://www.gsmarena.com/xiaomi_12t_pro-11887.php,https://fdn2.gsmarena.com/vv/bigpic/xiaomi-12t-pro-.jpg,GSM / HSPA / LTE / 5G,Yes,"2022, October 04","Available. Released 2022, October 06",163.1 x 75.9 x 8.6 mm (6.42 x 2.99 x 0.34 in),205.0,,IP53,· Nano-SIM + eSIM · Nano-SIM + Nano-SIM,"AMOLED, 68B colors, 120Hz, Dolby Vision, HDR10+, 500 nits (typ), 900 nits (peak)",120,6.67,1220x2712,446,86.7,Gorilla Glass 5,"Android 12, upgradable to Android 14, HyperOS",Qualcomm SM8475 Snapdragon 8+ Gen 1 (4 nm),4,Octa-core (1x3.19 GHz Cortex-X2 & 3x2.75 GHz Cortex-A710 & 4x2.0 GHz Cortex-A510),Adreno 730,8,12,128,256,UFS 3.1,200.0,3,1.7,Yes,1/1.22,Yes,"Color spectrum sensor, Dual-LED dual-tone flash, HDR, panorama","8K@24fps, 4K@30/60fps, 1080p@30/60/120/240fps, HDR10+",20.0,No,"HDR, panorama","1080p@30/60fps, HDR","Wi-Fi 802.11 a/b/g/n/ac/6, dual-band, Wi-Fi Direct",Yes,5.2,Type-C,No,"GPS (L1+L5), GLONASS (L1), BDS (B1I+B1c+B2a), GALILEO (E1+E5a), QZSS (L1+L5), NavIC (L5)","Fingerprint (under display, optical), accelerometer, gyro, proximity, compass",5000,120,,No,,,310.97,,,1032185,4081,,913,-24.1,"Black, Silver, Blue","22081212UG, 22081212G",1.08 W/kg (head) 1.07 W/kg (body),1.00 W/kg (head) 1.00 W/kg (body),No
Xiaomi,Xiaomi 12T,https://www.gsmarena.com/xiaomi_12t-11888.php,https://fdn2.gsmarena.com/vv/bigpic/xiaomi-12t-.jpg,GSM / HSPA / LTE / 5G,Yes,"2022, October 04","Available. Released 2022, October 06",163.1 x 75.9 x 8.6 mm (6.42 x 2.99 x 0.34 in),202.0,,,Nano-SIM + Nano-SIM,"AMOLED, 68B colors, 120Hz, HDR10+, 500 nits (typ), 900 nits (peak)",120,6.67,1220x2712,446,86.7,Gorilla Glass 5,"Android 12, upgradable to Android 14, MIUI 14",Mediatek Dimensity 8100 Ultra (5 nm),5,Octa-core (4x2.85 GHz Cortex-A78 & 4x2.0 GHz Cortex-A55),Mali-G610 MC6,8,8,128,256,UFS 3.1,108.0,3,1.7,Yes,1/1.67,Yes,"Color spectrum sensor, Dual-LED dual-tone flash, HDR, panorama","4K@30fps, 1080p@30/60/120/240fps, HDR",20.0,No,"HDR, panorama","1080p@30/60fps, HDR","Wi-Fi 802.11 a/b/g/n/ac/6, dual-band, Wi-Fi Direct",Yes,5.3,Type-C,No,"GPS (L1+L5), GLONASS (L1), BDS (B1I+B1c+B2a), GALILEO (E1+E5a), QZSS (L1+L5), NavIC (L5)","Fingerprint (under display, optical), accelerometer, gyro, proximity, compass",5000,120,,No,,,150.0,,,780204,3756,,954,-25.0,"Black, Silver, Blue",22071212AG,1.09 W/kg (head) 1.09 W/kg (body),0.99 W/kg (head) 0.99 W/kg (body),No
Xiaomi,Xiaomi Redmi Pad,https://www.gsmarena.com/xiaomi_redmi_pad-11911.php,https://fdn2.gsmarena.com/vv/bigpic/xiaomi-redmi-pad.jpg,No cellular connectivity,No,"2022, October 04","Available. Released 2022, October 05",250.5 x 158.1 x 7.1 mm (9.86 x 6.22 x 0.28 in),465.0,Glass,,No,"IPS LCD, 1B colors, 90Hz, 400 nits (typ)",90,10.61,1200x2000,220,80.9,,"Android 12, upgradable to Android 13, MIUI 14",Mediatek Helio G99 (6 nm),6,Octa-core (2x2.2 GHz Cortex-A76 & 6x2.0 GHz Cortex-A55),Mali-G57 MC2,3,6,64,128,UFS 2.2,8.0,1,2.0,No,,No,,1080p@30fps,8.0,No,,1080p@30fps,"Wi-Fi 802.11 a/b/g/n/ac, dual-band, Wi-Fi Direct",No,5.2,Type-C,No,No,Accelerometer,8000,18,,No,,,250.0,,,319077,1852,,402,-23.9,"Graphite Gray, Moonlight Silver, Mint Green",22081283G,,0.36 W/kg (body),No
Xiaomi,Xiaomi Redmi Note 11R,https://www.gsmarena.com/xiaomi_redmi_note_11r-11904.php,https://fdn2.gsmarena.com/vv/bigpic/xiaomi-redmi-note-11r.jpg,GSM / CDMA / HSPA / LTE / 5G,Yes,"2022, September 30","Available. Released 2022, September 30",164 x 76.1 x 8.9 mm (6.46 x 3.00 x 0.35 in),201.0,Glass,,Nano-SIM + Nano-SIM,"IPS LCD, 90Hz, 400 nits (typ)",90,6.58,1080x2408,401,83.6,,"Android 12, MIUI 13",Mediatek Dimensity 700 (7 nm),7,Octa-core (2x2.2 GHz Cortex-A76 & 6x2.0 GHz Cortex-A55),Mali-G57 MC2,4,8,128,128,UFS 2.2,13.0,2,2.2,No,,No,"LED flash, HDR, panorama",1080p@30fps,5.0,No,HDR,1080p@30fps,"Wi-Fi 802.11 a/b/g/n/ac, dual-band, Wi-Fi Direct",No,5.1,Type-C,Yes,"GPS, GLONASS, GALILEO, BDS","Fingerprint (side-mounted), accelerometer, proximity, compass",5000,18,,No,,,160.0,,,,,,,,"Black, Blue, Gray",22095RA98C,,,No
Xiaomi,Xiaomi Redmi A1+,https://www.gsmarena.com/xiaomi_redmi_a1+-11909.php,https://fdn2.gsmarena.com/vv/bigpic/xiaomi-redmi-a1-plus-new.jpg,GSM / HSPA / LTE,No,"2022, September 23","Available. Released 2022, September 23",164.9 x 76.8 x 9.1 mm (6.49 x 3.02 x 0.36 in),192.0,,,Nano-SIM + Nano-SIM,"IPS LCD, 400 nits (typ)",,6.52,720x1600,269,81.0,,"Android 12 (Go edition), MIUI 12",Mediatek MT6761 Helio A22 (12 nm),12,Quad-core 2.0 GHz Cortex-A53,PowerVR GE8320,2,3,32,32,eMMC 5.1,8.0,1,2.0,No,,No,"Dual-LED flash, HDR",1080p@30fps,5.0,No,,1080p@30fps,Wi-Fi 802.11 a/b/g/n,No,5.0,Micro-USB,Yes,"GPS, GLONASS, GALILEO, BDS","Fingerprint (rear-mounted), accelerometer",5000,10,,No,,,80.0,,,,,,,,"Light Green, Light Blue, Black",220733SFG,1.00 W/kg (head) 1.10 W/kg (body),0.91 W/kg (head) 1.00 W/kg (body),FM radio
Xiaomi,Xiaomi Civi 2,https://www.gsmarena.com/xiaomi_civi_2-11906.php,https://fdn2.gsmarena.com/vv/bigpic/xiaomi-civi2.jpg,GSM / CDMA / HSPA / CDMA2000 / LTE / 5G,Yes,"2022, September 27","Available. Released 2022, September 27",159.2 x 72.7 x 7.2 mm (6.27 x 2.86 x 0.28 in),171.8,Glass,,Nano-SIM + Nano-SIM,"AMOLED, 1B colors, Dolby Vision, HDR10+, 120Hz, 1000 nits (peak)",120,6.55,1080x2400,402,89.5,Gorilla Glass 5,"Android 12, MIUI 13",Qualcomm SM7450-AB Snapdragon 7 Gen 1 (4 nm),4,Octa-core (1x2.4 GHz Cortex-A710 & 3x2.36 GHz Cortex-A710 & 4x1.8 GHz Cortex-A510),Adreno 644,8,12,128,256,UFS 2.2,50.0,3,1.8,No,1/1.56,Yes,"Color spectrum sensor, Dual-LED dual-tone flash, HDR, panorama","4K@30fps, 1080p@30/60/120fps, 720p@960fps; gyro-EIS",32.0,No,"2 Dual-LED dual-tone flash, HDR, panorama",1080p@30/60fps,"Wi-Fi 802.11 a/b/g/n/ac/6, dual-band, Wi-Fi Direct",Yes,5.2,Type-C,No,"GPS (L1), GLONASS (G1), BDS (B1I+B1c), GALILEO (E1), QZSS (L1)","Fingerprint (under display, optical), accelerometer, gyro, proximity, compass",4500,67,,No,,,350.0,,,,,,,,"Black, Blue, Violet, Silver, Hello Kitty",2209129SC,,,No
Xiaomi,Xiaomi Redmi 11 Prime,https://www.gsmarena.com/xiaomi_redmi_11_prime-11855.php,https://fdn2.gsmarena.com/vv/bigpic/xiaomi-redmi-11-prime-4g.jpg,GSM / HSPA / LTE,No,"2022, September 06","Available. Released 2022, September 23",164 x 76.1 x 8.9 mm (6.46 x 3.00 x 0.35 in),201.0,Glass,,Nano-SIM + Nano-SIM,"IPS LCD, 90Hz, 400 nits (typ)",90,6.58,1080x2408,401,83.6,Gorilla Glass 3,"Android 12, MIUI 13",Mediatek Helio G99 (6 nm),6,Octa-core (2x2.2 GHz Cortex-A76 & 6x2.0 GHz Cortex-A55),Mali-G57 MC2,4,6,64,128,UFS 2.2,50.0,2,1.8,No,,No,"LED flash, HDR, panorama",1080p@30fps,8.0,No,HDR,1080p@30fps,"Wi-Fi 802.11 a/b/g/n/ac, dual-band",Yes,5.1,Type-C,Yes,"GPS, GLONASS, BDS, GALILEO","Fingerprint (side-mounted), accelerometer, proximity, compass",5000,18,,No,,,160.0,,,,,,,,"Playful Green, Flashy Black, Peppy Purple",22071219AI,,,FM radio
Xiaomi,Xiaomi Redmi 11 Prime 5G,https://www.gsmarena.com/xiaomi_redmi_11_prime_5g-11834.php,https://fdn2.gsmarena.com/vv/bigpic/xiaomi-redmi-10-5g.jpg,GSM / HSPA / LTE / 5G,Yes,"2022, September 06","Available. Released 2022, September 09",164 x 76.1 x 8.9 mm (6.46 x 3.00 x 0.35 in),200.0,,,Nano-SIM + Nano-SIM,"IPS LCD, 90Hz",90,6.58,1080x2408,401,83.6,Gorilla Glass 3,"Android 12, MIUI 13",Mediatek Dimensity 700 (7 nm),7,Octa-core (2x2.2 GHz Cortex-A76 & 6x2.0 GHz Cortex-A55),Mali-G57 MC2,4,6,64,128,UFS 2.2,50.0,2,1.8,No,,No,"LED flash, HDR, panorama",1080p@30fps,5.0,No,HDR,1080p@30fps,"Wi-Fi 802.11 a/b/g/n/ac, dual-band, Wi-Fi Direct",Yes,5.1,Type-C,Yes,"GPS, GLONASS, BDS, GALILEO","Fingerprint (side-mounted), accelerometer, proximity, compass",5000,18,,No,,,180.0,,,,,,,,"Thunder Black, Chrome Silver, Meadow Green",,,,FM radio
Xiaomi,Xiaomi Redmi A1,https://www.gsmarena.com/xiaomi_redmi_a1-11848.php,https://fdn2.gsmarena.com/vv/bigpic/xiaomi-a1.jpg,GSM / HSPA / LTE,No,"2022, September 06","Available. Released 2022, September 09",164.9 x 76.8 x 9.1 mm (6.49 x 3.02 x 0.36 in),192.0,,,Nano-SIM + Nano-SIM,"IPS LCD, 400 nits (typ)",,6.52,720x1600,269,81.0,,"Android 12 (Go edition), MIUI 12",Mediatek MT6761 Helio A22 (12 nm),12,Quad-core 2.0 GHz Cortex-A53,PowerVR GE8320,2,3,32,32,eMMC 5.1,8.0,1,2.0,No,,No,"Dual-LED flash, HDR",1080p@30fps,5.0,No,,1080p@30fps,Wi-Fi 802.11 a/b/g/n,No,5.0,Micro-USB,Yes,"GPS, GLONASS, GALILEO, BDS",Accelerometer,5000,10,,No,,,170.0,,,,,,,,"Light Green, Light Blue, Black","220733SI, 220733SG, 220733SL, 220743FI, 220733SH",1.10 W/kg (head) 1.03 W/kg (body),0.85 W/kg (head) 1.00 W/kg (body),FM radio
Xiaomi,Xiaomi Poco M5s,https://www.gsmarena.com/xiaomi_poco_m5s-11832.php,https://fdn2.gsmarena.com/vv/bigpic/xiaomi-poco-m5s.jpg,GSM / HSPA / LTE,No,"2022, September 05","Available. Released 2022, September 06",160.5 x 74.5 x 8.3 mm (6.32 x 2.93 x 0.33 in),178.8,Glass,IP53,Nano-SIM + Nano-SIM,"AMOLED, 450 nits (typ), 700 nits (HBM), 1100 nits (peak)",,6.43,1080x2400,409,83.5,Gorilla Glass 3,"Android 12, MIUI 13",Mediatek MT6785V/CD Helio G95 (12 nm),12,Octa-core (2x2.05 GHz Cortex-A76 & 6x2.0 GHz Cortex-A55),Mali-G76 MC4,4,8,64,256,UFS 2.2,64.0,4,1.8,No,1/1.97,Yes,"LED flash, HDR, panorama","4K@30fps, 1080p@30/60/120fps, 720p@960fps",13.0,No,HDR,1080p@30fps,"Wi-Fi 802.11 a/b/g/n/ac, dual-band, Wi-Fi Direct",Yes,5.0,Type-C,Yes,"GPS, GLONASS, GALILEO, BDS","Fingerprint (side-mounted), accelerometer, gyro, compass",5000,33,,No,,,120.0,,,360681,1831,,756,-25.4,"Gray, Blue, White",2207117BPG,1.00 W/kg (head) 0.65 W/kg (body),0.60 W/kg (head) 0.87 W/kg (body),FM radio
Xiaomi,Xiaomi Poco M5,https://www.gsmarena.com/xiaomi_poco_m5-11850.php,https://fdn2.gsmarena.com/vv/bigpic/xiaomi-poco-m5.jpg,GSM / HSPA / LTE,No,"2022, September 05","Available. Released 2022, September 13",164 x 76.1 x 8.9 mm (6.46 x 3.00 x 0.35 in),201.0,Glass,,Nano-SIM + Nano-SIM,"IPS LCD, 90Hz, 500 nits (HBM)",90,6.58,1080x2408,401,83.6,Gorilla Glass 3,"Android 12, upgradable to Android 14, HyperOS",Mediatek Helio G99 (6 nm),6,Octa-core (2x2.2 GHz Cortex-A76 & 6x2.0 GHz Cortex-A55),Mali-G57 MC2,4,6,64,128,UFS 2.2,50.0,3,1.8,No,,No,"LED flash, HDR, panorama",1080p@30fps,5.0,No,,1080p@30fps,"Wi-Fi 802.11 a/b/g/n/ac, dual-band, Wi-Fi Direct",Yes,5.3,Type-C,Yes,"GPS, GLONASS, GALILEO, BDS","Fingerprint (side-mounted), accelerometer, proximity, compass",5000,18,,No,,,100.0,,,386311,1896,,448,-27.6,"Black, Green, Yellow",22071219CG,1.04 W/kg (head) 0.83 W/kg (body),0.52 W/kg (head) 0.83 W/kg (body),FM radio
Xiaomi,Xiaomi Poco M5 (India),https://www.gsmarena.com/xiaomi_poco_m5_(india)-11869.php,https://fdn2.gsmarena.com/vv/bigpic/xiaomi-poco-m5.jpg,GSM / HSPA / LTE,No,"2022, September 05","Available. Released 2022, September 08",164 x 76.1 x 8.9 mm (6.46 x 3.00 x 0.35 in),201.0,Glass,,Nano-SIM + Nano-SIM,"IPS LCD, 90Hz, 400 nits (typ)",90,6.58,1080x2400,400,83.8,Gorilla Glass 3,"Android 12, MIUI 13",Mediatek Helio G99 (6 nm),6,Octa-core (2x2.2 GHz Cortex-A76 & 6x2.0 GHz Cortex-A55),Mali-G57 MC2,4,6,64,128,UFS 2.2,50.0,3,1.8,No,1/2.76,No,"LED flash, HDR, panorama",1080p@30fps,8.0,No,HDR,1080p@30fps,"Wi-Fi 802.11 a/b/g/n/ac, dual-band, Wi-Fi Direct",Yes,5.3,Type-C,Yes,"GPS, GLONASS, GALILEO, BDS","Fingerprint (side-mounted), accelerometer, gyro, proximity, compass, barometer",5000,18,,No,,,160.0,,,,,,,,"Poco Yellow, Icy Blue, Power Black",22071219CI,0.85 W/kg (head) 0.67 W/kg (body),,FM radio
Xiaomi,Xiaomi Redmi Note 11 SE (India),https://www.gsmarena.com/xiaomi_redmi_note_11_se_(india)-11819.php,https://fdn2.gsmarena.com/vv/bigpic/xiaomi-redmi-note10s.jpg,GSM / HSPA / LTE,No,"2022, August 24","Available. Released 2022, August 31",160.5 x 74.5 x 8.3 mm (6.32 x 2.93 x 0.33 in),178.8,,IP53,Nano-SIM + Nano-SIM,"Super AMOLED, 450 nits (typ), 700 nits (HBM), 1100 nits (peak)",,6.43,1080x2400,409,83.5,Gorilla Glass 3,"Android 11, MIUI 12.5",Mediatek MT6785V/CD Helio G95 (12 nm),12,Octa-core (2x2.05 GHz Cortex-A76 & 6x2.0 GHz Cortex-A55),Mali-G76 MC4,6,8,64,128,UFS 2.2,64.0,4,1.9,No,1/1.97,Yes,"LED flash, HDR, panorama","4K@30fps, 1080p@30/60fps",13.0,No,HDR,1080p@30fps,"Wi-Fi 802.11 a/b/g/n/ac, dual-band, Wi-Fi Direct",Yes,5.0,Type-C,Yes,"GPS, GLONASS, GALILEO, BDS","Fingerprint (side-mounted), accelerometer, gyro, compass",5000,33,,No,,,300.0,,,,,,,,"Thunder Purple, Cosmic White, Shadow Black, Bifrost Blue",22087RA4DI,,,FM radio
Xiaomi,Xiaomi Poco M4 5G,https://www.gsmarena.com/xiaomi_poco_m4_5g-11762.php,https://fdn2.gsmarena.com/vv/bigpic/xiaomi-poco-m4-5g-global.jpg,GSM / HSPA / LTE / 5G,Yes,"2022, August 15","Available. Released 2022, October 07",164 x 76.1 x 8.9 mm (6.46 x 3.00 x 0.35 in),200.0,Glass,,Nano-SIM + Nano-SIM,"IPS LCD, 90Hz, 500 nits (HBM)",90,6.58,1080x2408,401,83.6,Corning Gorilla Glass (unspecified versi,"Android 12, MIUI 13",Mediatek Dimensity 700 (7 nm),7,Octa-core (2x2.2 GHz Cortex-A76 & 6x2.0 GHz Cortex-A55),Mali-G57 MC2,4,6,64,128,UFS 2.2,13.0,2,2.2,No,,No,"LED flash, HDR, panorama",1080p@30fps,5.0,No,HDR,1080p@30fps,"Wi-Fi 802.11 a/b/g/n/ac, dual-band, Wi-Fi Direct",Yes,5.1,Type-C,Yes,"GPS, GLONASS, BDS","Fingerprint (side-mounted), accelerometer, proximity, compass",5000,18,,No,,,180.0,,,336380,1730,,,-28.8,"Power Black, Cool Blue, Poco Yellow",22041219PG,1.09 W/kg (head) 1.09 W/kg (body),0.60 W/kg (head) 0.99 W/kg (body),FM radio
Xiaomi,Xiaomi Watch S1 Pro,https://www.gsmarena.com/xiaomi_watch_s1_pro-11760.php,https://fdn2.gsmarena.com/vv/bigpic/xiaomi-watch-s1-pro.jpg,No cellular connectivity,No,"2022, August 12","Available. Released 2022, August 12",46 x 46 x 11.3 mm (1.81 x 1.81 x 0.44 in),48.5,Plastic,,No,"AMOLED, 600 nits (typ)",,1.47,480x480,462,,,MIUI Watch OS,,,,,,,,,,,,,No,,No,,,,No,,,Wi-Fi 802.11 b/g/n (China only),Yes,5.2,No,No,"GPS (L1+L5), GLONASS, GALILEO, BDS, QZSS","Accelerometer, gyro, compass, barometer, heart rate, SpO2, thermometer (body temperature)",500,,,No,,,220.0,,,,,,,,"Black, Silver","M2135W1, M2134W1",,,No
Xiaomi,Xiaomi Redmi K50 Ultra,https://www.gsmarena.com/xiaomi_redmi_k50_ultra-11580.php,https://fdn2.gsmarena.com/vv/bigpic/xiaomi-redmi-k50-ultra.jpg,GSM / CDMA / HSPA / CDMA2000 / LTE / 5G,Yes,"2022, August 11","Available. Released 2022, August 25",163.1 x 75.9 x 8.6 mm (6.42 x 2.99 x 0.34 in),202.0,,,Nano-SIM + Nano-SIM,"OLED, 68B colors, 144Hz, HDR10+, Dolby Vision",144,6.67,1220x2712,446,86.7,,"Android 12, MIUI 13",Qualcomm SM8475 Snapdragon 8+ Gen 1 (4 nm),4,Octa-core (1x3.19 GHz Cortex-X2 & 3x2.75 GHz Cortex-A710 & 4x1.80 GHz Cortex-A510),Adreno 730,8,12,128,512,UFS 3.1,108.0,3,1.6,Yes,1/1.67,Yes,"Color spectrum sensor, LED flash, HDR, panorama","4K@30/60fps, 1080p@30/60/120/240/960fps",20.0,No,HDR,"1080p@30/60fps, 720p@120fps","Wi-Fi 802.11 a/b/g/n/ac/6e, dual-band, Wi-Fi Direct",Yes,5.2,Type-C,No,"GPS (L1+L5), GLONASS (L1), BDS (B1I+B1c+B2a), GALILEO (E1+E5a), QZSS (L1+L5), NavIC (L5)","Fingerprint (under display, optical), accelerometer, gyro, proximity, compass",5000,120,,No,,,430.0,,,,,,,,"Black, Gray, Blue, Mercedes AMG",22081212C,,,No
Xiaomi,Xiaomi Mix Fold 2,https://www.gsmarena.com/xiaomi_mix_fold_2-11758.php,https://fdn2.gsmarena.com/vv/bigpic/xiaomi-mix-fold-2.jpg,GSM / CDMA / HSPA / EVDO / LTE / 5G,Yes,"2022, August 11","Available. Released 2022, August 26",Unfolded: 161.1 x 144.7 x 5.4 mm Folded: 161.1 x 73.9 x 11.2 mm,262.0,,,Nano-SIM + Nano-SIM,"Foldable LTPO2 OLED, 1B colors, 120Hz, HDR10+, Dolby Vision, 1000 nits (HBM), 1300 nits (peak)",120,8.02,1914x2160,360,88.4,Schott UTG glass,"Android 12, MIUI Fold 13",Qualcomm SM8475 Snapdragon 8+ Gen 1 (4 nm),4,Octa-core (1x3.19 GHz Cortex-X2 & 3x2.75 GHz Cortex-A710 & 4x1.80 GHz Cortex-A510),Adreno 730,12,12,256,512,UFS 3.1,50.0,3,1.8,Yes,1/1.56,Yes,"Color spectrum sensor, Dual-LED flash, HDR, panorama, Leica lenses","8K@24fps, 4K@30/60fps, 1080p@30/60/120/240/960fps, gyro-EIS",20.0,No,"HDR, panorama","1080p@30/60fps, 720p@120fps","Wi-Fi 802.11 a/b/g/n/ac/6e, dual-band, Wi-Fi Direct",Yes,5.2,Type-C,No,"GPS (L1+L5), GLONASS (L1), BDS (B1I+B1c+B2a), GALILEO (E1+E5a), QZSS (L1+L5), NavIC (L5)","Fingerprint (side-mounted), accelerometer, gyro, proximity, compass, barometer",4500,67,,No,,,1300.0,,,1050139,4368,,1054,-26.2,"Black, Gold",22061218C,,,No
Xiaomi,Xiaomi Pad 5 Pro 12.4,https://www.gsmarena.com/xiaomi_pad_5_pro_12_4-11759.php,https://fdn2.gsmarena.com/vv/bigpic/xiaomi-mi-pad-5-pro-124.jpg,No cellular connectivity,No,"2022, August 11","Available. Released 2022, August 24",285 x 185.2 x 6.7 mm (11.22 x 7.29 x 0.26 in),620.0,Glass,,No,"IPS LCD, 120Hz, HDR10, Dolby Vision, 500 nits",120,12.4,1600x2560,243,84.5,Gorilla Glass 3,"Android 12, MIUI Pad 13",Qualcomm SM8250-AC Snapdragon 870 5G (7 nm),7,Octa-core (1x3.2 GHz Kryo 585 & 3x2.42 GHz Kryo 585 & 4x1.80 GHz Kryo 585),Adreno 650,6,12,128,512,UFS 3.1,50.0,2,1.8,No,1/2.76,Yes,"Color spectrum sensor, LED flash, panorama, HDR","4K@30fps, 1080p@30/60fps",20.0,No,,1080p@30/60fps,"Wi-Fi 802.11 a/b/g/n/ac/6, dual-band, Wi-Fi Direct",No,5.2,Type-C,No,No,"Accelerometer, gyro, proximity, compass",10000,67,,No,,,400.0,,,,,,,,"Black, Silver, Green",,,,No
Xiaomi,Xiaomi Redmi K50i,https://www.gsmarena.com/xiaomi_redmi_k50i-11653.php,https://fdn2.gsmarena.com/vv/bigpic/xiaomi-redmi-k50i-5g.jpg,GSM / HSPA / LTE / 5G,Yes,"2022, July 20","Available. Released 2022, July 23",163.6 x 74.3 x 8.9 mm (6.44 x 2.93 x 0.35 in),200.0,,,Nano-SIM + Nano-SIM,"FFS LCD, 144Hz, HDR10, Dolby Vision, 500 nits (typ), 650 nits (HBM)",144,6.6,1080x2460,407,85.1,Gorilla Glass 5,"Android 12, upgradable to Android 13, MIUI 14",Mediatek Dimensity 8100 (5 nm),5,Octa-core (4x2.85 GHz Cortex-A78 & 4x2.0 GHz Cortex-A55),Mali-G610 MC6,6,8,128,256,UFS 3.1,64.0,3,1.9,No,1/1.72,Yes,"Color spectrum sensor, LED flash, HDR, panorama","4K@30fps, 1080p@30/60fps",16.0,No,,1080p@30fps,"Wi-Fi 802.11 a/b/g/n/ac/6, dual-band, Wi-Fi Direct",No,5.3,Type-C,Yes,"GPS (L1), GLONASS (L1), BDS (B1I+B1c), GALILEO (E1), QZSS (L1)","Fingerprint (side-mounted), accelerometer, proximity, gyro, compass",5080,67,,No,,,320.0,,,,,,,,"Phantom Blue, Stealth Black, Quick Silver",22041216I,,,No
Xiaomi,Xiaomi 12 Lite,https://www.gsmarena.com/xiaomi_12_lite-11472.php,https://fdn2.gsmarena.com/vv/bigpic/xiaomi-12-lite-5g-new.jpg,GSM / HSPA / LTE / 5G,Yes,"2022, July 09","Available. Released 2022, July 11",159.3 x 73.7 x 7.3 mm (6.27 x 2.90 x 0.29 in),173.0,Glass,,Nano-SIM + Nano-SIM,"AMOLED, 68B colors, 120Hz, Dolby Vision, HDR10+, 950 nits (peak)",120,6.55,1080x2400,402,88.2,Gorilla Glass 5,"Android 12, upgradable to Android 14, HyperOS",Qualcomm SM7325 Snapdragon 778G 5G (6 nm),6,Octa-core (1x2.4 GHz Cortex-A78 & 3x2.2 GHz Cortex-A78 & 4x1.9 GHz Cortex-A55),Adreno 642L,6,8,128,256,UFS 2.2,108.0,3,1.9,No,1/1.52,Yes,"Dual-LED dual-tone flash, HDR, panorama","4K@30fps, 1080p@30/60/120fps; gyro-EIS",32.0,No,"HDR, panorama","1080p@30/60fps, 720p@120fps","Wi-Fi 802.11 a/b/g/n/ac/6, dual-band, Wi-Fi Direct",Yes,5.2,Type-C,No,"GPS (L1), GLONASS (G1), BDS (B1I+B1c), GALILEO (E1), QZSS (L1)","Fingerprint (under display, optical), accelerometer, gyro, compass",4300,67,,No,,,150.0,,,528905,2943,,824,-25.2,"Black, Lite Green, Lite Pink",2203129G,1.09 W/kg (head) 0.73 W/kg (body),0.60 W/kg (head) 1.00 W/kg (body),No
Xiaomi,Xiaomi 12S Ultra,https://www.gsmarena.com/xiaomi_12s_ultra-11614.php,https://fdn2.gsmarena.com/vv/bigpic/xiaomi-12s-ultra.jpg,GSM / CDMA / HSPA / EVDO / LTE / 5G,Yes,"2022, July 04","Available. Released 2022, July 09",163.2 x 75 x 9.1 mm (6.43 x 2.95 x 0.36 in),225.0,Glass,IP68,Nano-SIM + Nano-SIM,"LTPO2 AMOLED, 1B colors, 120Hz, Dolby Vision, HDR10+, 1000 nits (HBM), 1500 nits (peak)",120,6.73,1440x3200,522,89.0,Gorilla Glass Victus,"Android 12, MIUI 13",Qualcomm SM8475 Snapdragon 8+ Gen 1 (4 nm),4,Octa-core (1x3.19 GHz Cortex-X2 & 3x2.75 GHz Cortex-A710 & 4x1.80 GHz Cortex-A510),Adreno 730,8,12,256,512,UFS 3.1,50.0,3,1.9,Yes,1/2.0,Yes,"Laser AF, color spectrum sensor, Leica lenses, Dual-LED flash, HDR, panorama","8K@24fps, 4K@30/60fps, 1080p@30/60/120/240fps, 720p@3840fps, gyro-EIS, Dolby Vision HDR 10-bit rec. (4K, 1080p)",32.0,No,"HDR, panorama",1080p@30fps,"Wi-Fi 802.11 a/b/g/n/ac/6e, dual-band, Wi-Fi Direct, DLNA",Yes,5.2,Type-C,No,"GPS (L1+L5), GLONASS (L1), BDS (B1I+B1c+B2a), GALILEO (E1+E5a), QZSS (L1+L5), NavIC (L5)","Fingerprint (under display, optical), accelerometer, gyro, compass, barometer",4860,67,50,Yes,,,250.0,,,1039412,4300,,1065,-25.6,"Black, Dark Green",2203121C,,,No
Xiaomi,Xiaomi 12S Pro,https://www.gsmarena.com/xiaomi_12s_pro-11651.php,https://fdn2.gsmarena.com/vv/bigpic/xiaomi-12s-pro.jpg,GSM / CDMA / HSPA / EVDO / LTE / 5G,Yes,"2022, July 04","Available. Released 2022, July 07",163.6 x 74.6 x 8.2 mm or 8.7 mm,203.0,Glass,,Nano-SIM + Nano-SIM,"LTPO AMOLED, 1B colors, 120Hz, Dolby Vision, HDR10+, 1000 nits (HBM), 1500 nits (peak)",120,6.73,1440x3200,521,89.6,Gorilla Glass Victus,"Android 12, MIUI 13",Qualcomm SM8475 Snapdragon 8+ Gen 1 (4 nm),4,Octa-core (1x3.19 GHz Cortex-X2 & 3x2.75 GHz Cortex-A710 & 4x1.80 GHz Cortex-A510),Adreno 730,8,12,128,512,UFS 3.1,50.0,3,1.9,Yes,1/1.28,Yes,"Leica lens, color spectrum sensor, Dual-LED dual-tone flash, HDR, panorama","8K@24fps (HDR), 4K@30/60fps (HDR10+), 1080p@30/120/240/960fps, 720p@1920fps, gyro-EIS",32.0,No,"HDR, panorama","1080p@30/60fps, 720p@120fps, HDR10+","Wi-Fi 802.11 a/b/g/n/ac/6e, dual-band, Wi-Fi Direct",Yes,5.2,Type-C,No,"GPS (L1+L5), GLONASS (L1), BDS (B1I+B1c+B2a), GALILEO (E1+E5a), QZSS (L1+L5), NavIC (L5)","Fingerprint (under display, optical), accelerometer, gyro, compass",4600,120,50,Yes,,,670.0,,,,,,,,"Gray, White, Purple, Green",2206122SC,,,No
Xiaomi,Xiaomi 12S,https://www.gsmarena.com/xiaomi_12s-11645.php,https://fdn2.gsmarena.com/vv/bigpic/xiaomi-12s.jpg,GSM / CDMA / HSPA / EVDO / LTE / 5G,Yes,"2022, July 04","Available. Released 2022, July 07",152.7 x 69.9 x 8.2 mm or 8.7 mm,179.0,Glass,,Nano-SIM + Nano-SIM,"AMOLED, 68B colors, 120Hz, Dolby Vision, HDR10+, 1100 nits (peak)",120,6.28,1080x2400,419,89.2,Gorilla Glass Victus,"Android 12, MIUI 13",Qualcomm SM8475 Snapdragon 8+ Gen 1 (4 nm),4,Octa-core (1x3.19 GHz Cortex-X2 & 3x2.75 GHz Cortex-A710 & 4x1.80 GHz Cortex-A510),Adreno 730,8,12,128,512,UFS 3.1,50.0,3,1.9,Yes,1/1.28,Yes,"Leica lens, color spectrum sensor, Dual-LED dual-tone flash, HDR, panorama","8K@24fps, 4K@30/60fps, 1080p@30/60fps, 720p@1920fps, gyro-EIS",32.0,No,"HDR, panorama","1080p@30/60fps, 720p@120fps, HDR","Wi-Fi 802.11 a/b/g/n/ac/6e, dual-band, Wi-Fi Direct",Yes,5.2,Type-C,No,"GPS (L1+L5), GLONASS (L1), BDS (B1I+B1c+B2a), GALILEO (E1+E5a), QZSS (L1+L5), NavIC (L5)","Fingerprint (under display, optical), accelerometer, gyro, proximity, compass",4500,67,50,Yes,,,570.0,,,,,,,,"Gray, White, Purple, Green",2206123SC,,,No
Xiaomi,Xiaomi 12 Pro (Dimensity),https://www.gsmarena.com/xiaomi_12_pro_(dimensity)-11652.php,https://fdn2.gsmarena.com/vv/bigpic/xiaomi-12-pro-dimensity.jpg,GSM / CDMA / HSPA / EVDO / LTE / 5G,Yes,"2022, July 04","Available. Released 2022, July 13",163.6 x 74.6 x 8.2 mm (6.44 x 2.94 x 0.32 in),201.0,,,Nano-SIM + Nano-SIM,"LTPO2 AMOLED, 1B colors, 120Hz, Dolby Vision, HDR10+, 1000 nits (HBM), 1500 nits (peak)",120,6.73,1440x3200,521,89.6,Gorilla Glass Victus,"Android 12, MIUI 13",Mediatek Dimensity 9000+ (4 nm),4,Octa-core (1x3.20 GHz Cortex-X2 & 3x2.85 GHz Cortex-A710 & 4x1.80 GHz Cortex-A510),Mali-G710 MC10,8,12,128,256,UFS 3.1,50.0,3,1.9,Yes,1/1.28,Yes,"Color spectrum sensor, Dual-LED dual-tone flash, HDR, panorama","4K@30/60fps, 1080p@30/60/120fps, gyro-EIS",32.0,No,"HDR, panorama","1080p@30/60fps, 720p@120fps","Wi-Fi 802.11 a/b/g/n/ac/6, dual-band, Wi-Fi Direct",Yes,5.3,Type-C,No,"GPS (L1+L5), GLONASS (L1), BDS (B1I+B1c+B2a), GALILEO (E1+E5a), QZSS (L1+L5), NavIC (L5)","Fingerprint (under display, optical), accelerometer, gyro, proximity, compass",5160,67,,No,,,570.0,,,,,,,,"Gray, Blue",2207122MC,,,No
Xiaomi,Xiaomi Poco F4,https://www.gsmarena.com/xiaomi_poco_f4-11627.php,https://fdn2.gsmarena.com/vv/bigpic/xiaomi-poco-f4-5g-.jpg,GSM / HSPA / LTE / 5G,Yes,"2022, June 23","Available. Released 2022, June 27",163.2 x 76 x 7.7 mm (6.43 x 2.99 x 0.30 in),195.0,Glass,IP53,Nano-SIM + Nano-SIM,"AMOLED, 120Hz, HDR10+, Dolby Vision, 900 nits (HBM), 1300 nits (peak)",120,6.67,1080x2400,395,86.6,Gorilla Glass 5,"Android 12, upgradable to Android 13, MIUI 14.2 for POCO",Qualcomm SM8250-AC Snapdragon 870 5G (7 nm),7,Octa-core (1x3.2 GHz Kryo 585 & 3x2.42 GHz Kryo 585 & 4x1.80 GHz Kryo 585),Adreno 650,6,12,128,256,UFS 3.1,64.0,3,1.8,Yes,1/2.0,Yes,"LED flash, HDR, panorama","4K@30/60fps, 1080p@30/60fps",20.0,No,,1080p@30fps,"Wi-Fi 802.11 a/b/g/n/ac/6, dual-band, Wi-Fi Direct",Yes,5.2,Type-C,No,"GPS (L1+L5), GLONASS (L1), BDS (B1I+B2a), GALILEO (E1+E5a), QZSS (L1+L5), NavIC (L5)","Fingerprint (side-mounted), accelerometer, gyro, proximity, compass",4500,67,,No,,,250.0,,,590961,3190,,1003,-26.1,"Moonlight Silver, Night Black, Nebula Green","22021211RG, 22021211RI",,,No
Xiaomi,Xiaomi Poco X4 GT,https://www.gsmarena.com/xiaomi_poco_x4_gt-11626.php,https://fdn2.gsmarena.com/vv/bigpic/xiaomi-poco-x4-gt.jpg,GSM / HSPA / LTE / 5G,Yes,"2022, June 23","Available. Released 2022, June 27",163.6 x 74.3 x 8.9 mm (6.44 x 2.93 x 0.35 in),200.0,,,Nano-SIM + Nano-SIM,"IPS LCD, 144Hz, HDR10, Dolby Vision, 500 nits (typ), 650 nits (HBM)",144,6.6,1080x2460,407,85.1,Gorilla Glass 5,"Android 12, MIUI 13 for POCO",Mediatek Dimensity 8100 (5 nm),5,Octa-core (4x2.85 GHz Cortex-A78 & 4x2.0 GHz Cortex-A55),Mali-G610 MC6,8,8,128,256,UFS 3.1,64.0,3,1.9,No,1/1.72,Yes,"Color spectrum sensor, LED flash, HDR, panorama","4K@30fps, 1080p@30/60fps",16.0,No,,1080p@30fps,"Wi-Fi 802.11 a/b/g/n/ac/6, dual-band, Wi-Fi Direct",Yes,5.3,Type-C,Yes,"GPS, GLONASS, GALILEO, BDS","Fingerprint (side-mounted), accelerometer, proximity, gyro, compass",5080,67,,No,,,240.0,,,747871,3719,,600,-27.4,"Black, Blue, Silver","22041216G, 22041216UG",1.09 W/kg (head) 0.92 W/kg (body),0.60 W/kg (head) 1.00 W/kg (body),No
Xiaomi,Xiaomi Poco C40,https://www.gsmarena.com/xiaomi_poco_c40-11468.php,https://fdn2.gsmarena.com/vv/bigpic/xiaomi-poco-c40.jpg,GSM / HSPA / LTE,No,"2022, June 06","Available. Released 2022, June 17",169.6 x 76.6 x 9.2 mm (6.68 x 3.02 x 0.36 in),204.0,,,Nano-SIM + Nano-SIM,"IPS LCD, 400 nits",,6.71,720x1650,268,82.0,Corning Gorilla Glass,"Android 11, MIUI 13 for POCO",JLQ JR510 (11 nm),11,Octa-core (4x2.0 GHz Cortex-A55 & 4x1.5 GHz Cortex-A55),Mali-G57 MC1,2,4,32,64,,13.0,2,2.2,No,,No,"LED flash, HDR, panorama",1080p@30fps,5.0,No,HDR,1080p@30fps,"Wi-Fi 802.11 a/b/g/n/ac, dual-band, Wi-Fi Direct",Yes,5.0,Type-C,Yes,"GPS, GLONASS, GALILEO, BDS","Fingerprint (rear-mounted), accelerometer, proximity",6000,18,,No,,,110.0,,,,,,,,"Power Black, Coral Green, Poco Yellow",220333QPG,,,FM radio
Xiaomi,Xiaomi Redmi Note 11T Pro+,https://www.gsmarena.com/xiaomi_redmi_note_11t_pro+-11549.php,https://fdn2.gsmarena.com/vv/bigpic/xiaomi-redmi-note-11t-pro-plus.jpg,GSM / CDMA / HSPA / EVDO / LTE / 5G,Yes,"2022, May 24","Available. Released 2022, May 31",163.6 x 74.3 x 8.9 mm (6.44 x 2.93 x 0.35 in),198.0,,IP53,Nano-SIM + Nano-SIM,"IPS LCD, 144Hz, HDR10, Dolby Vision, 650 nits (typ)",144,6.6,1080x2460,407,85.1,,"Android 12, MIUI 13",Mediatek Dimensity 8100 (5 nm),5,Octa-core (4x2.85 GHz Cortex-A78 & 4x2.0 GHz Cortex-A55),Mali-G610 MC6,8,8,128,512,UFS 3.1,64.0,3,,No,1/1.72,Yes,"Color spectrum sensor, LED flash, HDR, panorama","4K@30fps, 1080p@30/60/120fps, 720p@960fps",16.0,No,,1080p@30/60fps,"Wi-Fi 802.11 a/b/g/n/ac/6, dual-band, Wi-Fi Direct",Yes,5.3,Type-C,Yes,"GPS (L1), GLONASS (G1), BDS (B1I+B1c), GALILEO (E1), QZSS (L1)","Fingerprint (side-mounted), accelerometer, gyro, compass",4400,120,,No,,,300.0,,,,,,,,"Blue, Silver, Black",22041216UC,,,No
Xiaomi,Xiaomi Redmi Note 11T Pro,https://www.gsmarena.com/xiaomi_redmi_note_11t_pro-11550.php,https://fdn2.gsmarena.com/vv/bigpic/xiaomi-redmi-note-11t-pro.jpg,GSM / CDMA / HSPA / EVDO / LTE / 5G,Yes,"2022, May 24","Available. Released 2022, May 31",163.6 x 74.3 x 8.9 mm (6.44 x 2.93 x 0.35 in),200.0,,IP53,Nano-SIM + Nano-SIM,"IPS LCD, 144Hz, HDR10, Dolby Vision, 650 nits (typ)",144,6.6,1080x2460,407,85.1,,"Android 12, MIUI 13",Mediatek Dimensity 8100 (5 nm),5,Octa-core (4x2.85 GHz Cortex-A78 & 4x2.0 GHz Cortex-A55),Mali-G610 MC6,6,12,128,512,UFS 3.1,64.0,3,,No,1/1.72,Yes,"Color spectrum sensor, LED flash, HDR, panorama","4K@30fps, 1080p@30/60/120fps, 720p@960fps",16.0,No,,1080p@30/60fps,"Wi-Fi 802.11 a/b/g/n/ac/6, dual-band, Wi-Fi Direct",Yes,5.3,Type-C,Yes,"GPS (L1), GLONASS (G1), BDS (B1I+B1c), GALILEO (E1), QZSS (L1)","Fingerprint (side-mounted), accelerometer, proximity, gyro, compass",5080,67,,No,,,250.0,,,,,,,,"Blue, Silver, Black",22041216C,,,No
Xiaomi,Xiaomi Redmi Note 11SE,https://www.gsmarena.com/xiaomi_redmi_note_11se-11551.php,https://fdn2.gsmarena.com/vv/bigpic/xiaomi-redmi-note-11se.jpg,GSM / CDMA / HSPA / EVDO / LTE / 5G,Yes,"2022, May 24","Available. Released 2022, May 31",161.8 x 75.3 x 8.9 mm (6.37 x 2.96 x 0.35 in),190.0,,,Nano-SIM + Nano-SIM,"IPS LCD, 90Hz, 400 nits (typ)",90,6.5,1080x2400,405,83.7,,"Android 11, MIUI 12.5",Mediatek Dimensity 700 (7 nm),7,Octa-core (2x2.2 GHz Cortex-A76 & 6x2.0 GHz Cortex-A55),Mali-G57 MC2,4,8,128,128,UFS 2.2,48.0,2,1.8,No,1/2.0,No,"Dual-LED dual-tone flash, HDR, panorama",1080p@30fps,8.0,No,,1080p@30fps,"Wi-Fi 802.11 a/b/g/n/ac, dual-band, Wi-Fi Direct",Yes,5.1,Type-C,Yes,"GPS, GLONASS, GALILEO, BDS","Fingerprint (side-mounted), accelerometer, gyro, proximity, compass",5000,18,,No,,,150.0,,,,,,,,"Blue, Black",,,,No
Xiaomi,Xiaomi Redmi 10 Prime 2022,https://www.gsmarena.com/xiaomi_redmi_10_prime_2022-11519.php,https://fdn2.gsmarena.com/vv/bigpic/xiaomi-redmi-10-.jpg,GSM / HSPA / LTE,No,"2022, May 09","Available. Released 2022, May 09",162 x 75.5 x 9.6 mm (6.38 x 2.97 x 0.38 in),192.0,Glass,,Nano-SIM + Nano-SIM,"LCD, 90Hz",90,6.5,1080x2400,405,83.4,Gorilla Glass 3,"Android 11, MIUI 12.5",Mediatek MT6769H Helio G88 (12 nm),12,Octa-core (2x2.0 GHz Cortex-A75 & 6x1.8 GHz Cortex-A55),Mali-G52 MC2,4,6,64,128,eMMC 5.1,50.0,4,1.8,No,,No,"LED flash, HDR, panorama",1080p@30fps,8.0,No,HDR,1080p@30fps,"Wi-Fi 802.11 a/b/g/n/ac, dual-band, Wi-Fi Direct",No,5.1,Type-C,Yes,"GPS, GLONASS, GALILEO, BDS","Fingerprint (side-mounted), accelerometer, proximity, compass",6000,18,,No,,,160.0,,,,,,,,"Astral White, Bifrost Blue, Phantom Black",22011119TI,1.10 W/kg (head) 0.78 W/kg (body),,FM radio
Xiaomi,Xiaomi Poco M4 5G (India),https://www.gsmarena.com/xiaomi_poco_m4_5g_(india)-11427.php,https://fdn2.gsmarena.com/vv/bigpic/xiaomi-poco-m4-5g.jpg,GSM / HSPA / LTE / 5G,Yes,"2022, April 29","Available. Released 2022, May 05",164 x 76.1 x 8.9 mm (6.46 x 3.00 x 0.35 in),200.0,Glass,,Nano-SIM + Nano-SIM,"IPS LCD, 90Hz",90,6.58,1080x2400,401,83.3,Gorilla Glass 3,"Android 12, MIUI 13",Mediatek Dimensity 700 (7 nm),7,Octa-core (2x2.2 GHz Cortex-A76 & 6x2.0 GHz Cortex-A55),Mali-G57 MC2,4,6,64,128,UFS 2.2,50.0,2,1.8,No,,No,"LED flash, HDR, panorama",1080p@30fps,8.0,No,HDR,1080p@30fps,"Wi-Fi 802.11 a/b/g/n/ac, dual-band, Wi-Fi Direct",Yes,5.1,Type-C,Yes,"GPS, GLONASS, BDS","Fingerprint (side-mounted), accelerometer, proximity, gyro, compass",5000,18,,No,,,190.0,,,,,,410,-28.8,"Gray, Silver, Blue","MZB0BRZIN, 22041219PI",0.85 W/kg (head) 0.85 W/kg (body),,FM radio
Xiaomi,Xiaomi Poco F4 GT,https://www.gsmarena.com/xiaomi_poco_f4_gt-11479.php,https://fdn2.gsmarena.com/vv/bigpic/xiaomi-poco-f4-gt.jpg,GSM / HSPA / LTE / 5G,Yes,"2022, April 26","Available. Released 2022, April 28",162.5 x 76.7 x 8.5 mm (6.40 x 3.02 x 0.33 in),210.0,Glass,,Nano-SIM + Nano-SIM,"AMOLED, 1B colors, 120Hz, HDR10+, 800 nits (HBM)",120,6.67,1080x2400,395,86.2,Gorilla Glass Victus,"Android 12, upgradable to Android 14, HyperOS 2",Qualcomm SM8450 Snapdragon 8 Gen 1 (4 nm),4,Octa-core (1x3.00 GHz Cortex-X2 & 3x2.50 GHz Cortex-A710 & 4x1.80 GHz Cortex-A510),Adreno 730,8,12,128,256,UFS 3.1,64.0,3,1.9,No,1/1.73,Yes,"Color spectrum sensor, Dual-LED flash, HDR, panorama","4K@30/60fps, 1080p@30/60/120fps, 720p@960fps, HDR",20.0,No,HDR,"1080p@30/60fps, 720p@120fps, HDR","Wi-Fi 802.11 a/b/g/n/ac/6, dual-band, Wi-Fi Direct",Yes,5.2,Type-C,No,"GPS (L1+L5), GLONASS (L1), BDS (B1I+B1c+B2a), GALILEO (E1+E5a), QZSS (L1+L5), NavIC (L5)","Fingerprint (side-mounted), accelerometer, gyro, compass",4700,120,,No,,,570.0,,,952124,3637,,,-27.4,"Stealth Black, Knight Silver, Cyber Yellow",21121210G,1.09 W/kg (head) 0.99 W/kg (body),0.59 W/kg (head) 0.96 W/kg (body),No
Xiaomi,Xiaomi Poco Watch,https://www.gsmarena.com/xiaomi_poco_watch-11495.php,https://fdn2.gsmarena.com/vv/bigpic/xiaomi-redmi-watch2.jpg,No cellular connectivity,No,"2022, April 26","Available. Released 2022, April 28",39.1 x 34.4 x 10 mm (1.54 x 1.35 x 0.39 in),31.0,Plastic,,No,AMOLED,,1.6,360x320,301,,,Proprietary OS,,,,,,,,,,,,,No,,No,,,,No,,,No,No,5.0,No,No,"GPS, GLONASS, GALILEO, BDS","Accelerometer, heart rate, compass, SpO2",225,,,No,,,90.0,,,,,,,,"Black, Blue, Ivory",,,,No
Xiaomi,Xiaomi Civi 1S,https://www.gsmarena.com/xiaomi_civi_1s-11487.php,https://fdn2.gsmarena.com/vv/bigpic/xiaomi-civi-1s.jpg,GSM / CDMA / HSPA / CDMA2000 / LTE / 5G,Yes,"2022, April 21","Available. Released 2022, April 21",158.3 x 71.5 x 7 mm (6.23 x 2.81 x 0.28 in),166.0,Glass,,Nano-SIM + Nano-SIM,"OLED, 1B colors, Dolby Vision, HDR10+, 120Hz, 950 nits (peak)",120,6.55,1080x2400,402,91.5,Gorilla Glass 5,"Android 12, MIUI 13",Qualcomm SM7325-AE Snapdragon 778G+ 5G (6 nm),6,Octa-core (1x2.5 GHz Cortex-A78 & 3x2.4 GHz Cortex-A78 & 4x1.9 GHz Cortex-A55),Adreno 642L,8,12,128,256,UFS 2.2,64.0,3,1.8,No,1/1.97,Yes,"Color spectrum sensor, LED flash, HDR, panorama","4K@30fps, 1080p@30/60/120fps, 720p@960fps; gyro-EIS",32.0,No,"HDR, panorama",1080p@30/60fps,"Wi-Fi 802.11 a/b/g/n/ac/6, dual-band, Wi-Fi Direct",Yes,5.2,Type-C,No,"GPS (L1+L5), GLONASS (L1), BDS (B1I+B1c+B2a), GALILEO (E1+E5a), QZSS (L1+L5), NavIC (L5)","Fingerprint (under display, optical), accelerometer, gyro, proximity, compass",4500,55,,No,,,330.0,,,,,,,,"Black, Blue, Pink, Silver",,,,No
Xiaomi,Xiaomi Redmi 10 Power,https://www.gsmarena.com/xiaomi_redmi_10_power-11486.php,https://fdn2.gsmarena.com/vv/bigpic/xiaomi-redmi-10-power-.jpg,GSM / HSPA / LTE,No,"2022, April 20","Available. Released 2022, April 30",169.6 x 76.6 x 9.1 mm (6.68 x 3.02 x 0.36 in),203.0,,,Nano-SIM + Nano-SIM,"IPS LCD, 400 nits (typ)",,6.7,720x1650,269,81.7,Gorilla Glass 3,"Android 11, MIUI 13",Qualcomm SM6225 Snapdragon 680 4G (6 nm),6,Octa-core (4x2.4 GHz Kryo 265 Gold & 4x1.9 GHz Kryo 265 Silver),Adreno 610,8,8,128,128,UFS 2.2,50.0,2,1.8,No,,No,"LED flash, HDR, panorama",1080p@30fps,5.0,No,,1080p@30fps,"Wi-Fi 802.11 a/b/g/n/ac, dual-band, Wi-Fi Direct",No,5.0,Type-C,Yes,"GPS, GLONASS, BDS","Fingerprint (rear-mounted), accelerometer, proximity",6000,18,,No,,,180.0,,,,,,,,"Sporty Orange, Power Black",,1.00 W/kg (head) 0.98 W/kg (body),,FM radio
Xiaomi,Xiaomi Black Shark 5 Pro,https://www.gsmarena.com/xiaomi_black_shark_5_pro-11453.php,https://fdn2.gsmarena.com/vv/bigpic/xiaomi-black-shark-5-pro.jpg,GSM / CDMA / HSPA / EVDO / LTE / 5G,Yes,"2022, March 30","Available. Released 2022, April 04",163.9 x 76.5 x 9.5 mm (6.45 x 3.01 x 0.37 in),220.0,,,Nano-SIM + Nano-SIM,"OLED, 1B colors, 144Hz, HDR10+",144,6.67,1080x2400,395,85.7,,"Android 12, Joy UI 13",Qualcomm SM8450 Snapdragon 8 Gen 1 (4 nm),4,Octa-core (1x3.00 GHz Cortex-X2 & 3x2.50 GHz Cortex-A710 & 4x1.80 GHz Cortex-A510),Adreno 730,8,16,128,512,UFS 3.1/NVMe SSD,108.0,3,1.8,No,1/1.52,Yes,"LED flash, HDR, panorama","4K@30/60fps, 1080p@30/60/240fps, 1080p@960fps; HDR10+",16.0,No,HDR,1080p@30fps,"Wi-Fi 802.11 a/b/g/n/ac/6, dual-band, Wi-Fi Direct",Yes,5.2,Type-C,No,"GPS, GLONASS, GALILEO, QZSS, BDS","Fingerprint (side-mounted), accelerometer, gyro, proximity, compass, barometer (China only)",4650,120,,No,,,720.0,,,876704,3665,,682,-24.0,"Black, White",SHARK KTUS-H0,,,No
Xiaomi,Xiaomi Black Shark 5,https://www.gsmarena.com/xiaomi_black_shark_5-11454.php,https://fdn2.gsmarena.com/vv/bigpic/xiaomi-black-shark-5-.jpg,GSM / CDMA / HSPA / LTE / 5G,Yes,"2022, March 30","Available. Released 2022, April 04",163.8 x 76.3 x 10 mm (6.45 x 3.00 x 0.39 in),218.0,,,Nano-SIM + Nano-SIM,"AMOLED, 144Hz, 1300 nits (peak)",144,6.67,1080x2400,395,85.9,,"Android 12, Joy UI 13",Qualcomm SM8250-AC Snapdragon 870 5G (7 nm),7,Octa-core (1x3.2 GHz Kryo 585 & 3x2.42 GHz Kryo 585 & 4x1.80 GHz Kryo 585),Adreno 650,8,12,128,256,UFS 3.1,64.0,3,1.8,No,,Yes,"LED flash, HDR, panorama","4K@30/60fps, 1080p@30/60/240fps, 1080p@960fps",16.0,No,HDR,1080p@30fps,"Wi-Fi 802.11 a/b/g/n/ac/6, dual-band, Wi-Fi Direct",Yes,5.2,Type-C,No,"GPS, GLONASS, GALILEO, QZSS, BDS","Fingerprint (side-mounted), accelerometer, gyro, proximity, compass, barometer",4650,120,,No,,,600.0,,,,,,,,"Black, White, Gray",SHARK PAR-A0,,,No
Xiaomi,Xiaomi Black Shark 5 RS,https://www.gsmarena.com/xiaomi_black_shark_5_rs-11455.php,https://fdn2.gsmarena.com/vv/bigpic/xiaomi-black-shark-5-rs.jpg,GSM / CDMA / HSPA / EVDO / LTE / 5G,Yes,"2022, March 30","Available. Released 2022, April 04",163.7 x 76.2 x 9.9 mm (6.44 x 3.00 x 0.39 in),220.0,,,Nano-SIM + Nano-SIM,"AMOLED, 144Hz, 1300 nits (peak)",144,6.67,1080x2400,395,86.1,,"Android 12, Joy UI 12.8",Qualcomm SM8350 Snapdragon 888/888+ 5G (5 nm),5,Octa-core (1x2.84/3.0 GHz Cortex-X1 & 3x2.42 GHz Cortex-A78 & 4x1.80 GHz Cortex-A55),Adreno 660,8,12,256,256,UFS 3.1/SSD 256GB 8GB RAM - Snapdragon 888 256GB 12GB RAM - Snapdragon 888+,64.0,3,1.8,No,1/1.97,Yes,"LED flash, HDR, panorama","4K@30/60fps, 1080p@30/60/240fps, 1080p@960fps; HDR10+",20.0,No,HDR,1080p@30fps,"Wi-Fi 802.11 a/b/g/n/ac/6, dual-band, Wi-Fi Direct",Yes,5.2,Type-C,Yes,"GPS, GLONASS, GALILEO, QZSS, BDS","Fingerprint (side-mounted), accelerometer, gyro, proximity, compass, barometer",4500,120,,No,,,470.0,,,,,,,,"Black, Yellow",,,,No
Xiaomi,Xiaomi Redmi 10A,https://www.gsmarena.com/xiaomi_redmi_10a-11449.php,https://fdn2.gsmarena.com/vv/bigpic/xiaomi-redmi-10a.jpg,GSM / HSPA / CDMA2000 / LTE,No,"2022, March 29","Available. Released 2022, March 31",164.9 x 77.1 x 9 mm (6.49 x 3.04 x 0.35 in),194.0,,,Nano-SIM + Nano-SIM,"IPS LCD, 400 nits (typ)",,6.53,720x1600,269,81.0,,"Android 11, MIUI 12.5",Mediatek MT6762G Helio G25 (12 nm),12,Octa-core (4x2.0 GHz Cortex-A53 & 4x1.5 GHz Cortex-A53),PowerVR GE8320,2,6,32,128,,13.0,1,2.2,No,,No,LED flash,1080p@30fps,5.0,No,HDR,1080p@30fps,"Wi-Fi 802.11 a/b/g/n, Wi-Fi Direct",No,5.0,Micro-USB,Yes,"GPS, GLONASS, BDS","Fingerprint (rear-mounted), accelerometer, proximity",5000,10,,No,,,180.0,,,,,,,,"Charcoal Black, Sea Blue, Slate Grey","220233L2C, 220233L2G, 220233L2I",0.90 W/kg (head) 0.65 W/kg (body),0.40 W/kg (head) 0.99 W/kg (body),No
Xiaomi,Xiaomi Redmi Note 11S 5G,https://www.gsmarena.com/xiaomi_redmi_note_11s_5g-11419.php,https://fdn2.gsmarena.com/vv/bigpic/xiaomi-redmi-note-11s-5g.jpg,GSM / HSPA / LTE / 5G,Yes,"2022, March 29","Available. Released 2022, April 23",163.6 x 75.8 x 8.8 mm (6.44 x 2.98 x 0.35 in),195.0,Glass,IP53,Nano-SIM + Nano-SIM,"IPS LCD, 90Hz, 450 nits (typ)",90,6.6,1080x2400,399,84.8,Gorilla Glass 3,"Android 11, MIUI 13",Mediatek Dimensity 810 (6 nm),6,Octa-core (2x2.4 GHz Cortex-A76 & 6x2.0 GHz Cortex-A55),Mali-G57 MC2,4,8,64,128,UFS 2.2,50.0,3,1.8,No,,No,"LED flash, HDR, panorama",1080p@30/60fps,13.0,No,,1080p@30fps,"Wi-Fi 802.11 a/b/g/n/ac, dual-band, Wi-Fi Direct",Yes,5.1,Type-C,Yes,"GPS, GLONASS, GALILEO","Fingerprint (side-mounted), accelerometer, gyro, compass",5000,33,,No,,,140.0,,,360255,1820,,509,-26.8,"Midnight Black, Twilight Blue, Star Blue",22031116BG,1.09 W/kg (head) 1.00 W/kg (body),0.60 W/kg (head) 1.00 W/kg (body),FM radio
Xiaomi,Xiaomi Redmi 10 5G,https://www.gsmarena.com/xiaomi_redmi_10_5g-11425.php,https://fdn2.gsmarena.com/vv/bigpic/xiaomi-redmi-10-5g.jpg,GSM / HSPA / LTE / 5G,Yes,"2022, March 29","Available. Released 2022, September 23",164 x 76.1 x 8.9 mm (6.46 x 3.00 x 0.35 in),200.0,,,Nano-SIM + Nano-SIM,"IPS LCD, 90Hz",90,6.58,1080x2408,401,83.6,Gorilla Glass 3,"Android 12, MIUI 13",Mediatek Dimensity 700 (7 nm),7,Octa-core (2x2.2 GHz Cortex-A76 & 6x2.0 GHz Cortex-A55),Mali-G57 MC2,4,6,64,128,UFS 2.2,50.0,2,1.8,No,,No,"LED flash, HDR, panorama",1080p@30fps,5.0,No,HDR,1080p@30fps,"Wi-Fi 802.11 a/b/g/n/ac, dual-band, Wi-Fi Direct",Yes,5.1,Type-C,Yes,"GPS, GLONASS, BDS, GALILEO","Fingerprint (side-mounted), accelerometer, proximity, compass",5000,18,,No,,,100.0,,,,,,,,"Graphite Gray, Chrome Silver, Aurora Green","22041219G, 22041219NY",1.09 W/kg (head) 1.09 W/kg (body),0.60 W/kg (head) 0.99 W/kg (body),FM radio
Xiaomi,Xiaomi Redmi Note 11 Pro+ 5G,https://www.gsmarena.com/xiaomi_redmi_note_11_pro+_5g-11180.php,https://fdn2.gsmarena.com/vv/bigpic/xiaomi-redmi-note11-pro-plus-new.jpg,GSM / CDMA / HSPA / EVDO / LTE / 5G,Yes,"2021, October 28","Available. Released 2021, November 01",163.7 x 76.2 x 8.3 mm (6.44 x 3.00 x 0.33 in),204.0,Glass,IP53,Nano-SIM + Nano-SIM,"Super AMOLED, 120Hz, HDR10, 700 nits (HBM), 1200 nits (peak)",120,6.67,1080x2400,395,86.1,Gorilla Glass 5,"Android 11, MIUI 12.5",Mediatek Dimensity 920 (6 nm),6,Octa-core (2x2.5 GHz Cortex-A78 & 6x2.0 GHz Cortex-A55),Mali-G68 MC4,6,8,128,256,UFS 2.2,108.0,3,1.9,No,1/1.52,Yes,"LED flash, HDR, panorama","4K@30fps, 1080p@30/60/120fps, 720p@960fps (market dependent)",16.0,No,,1080p@30/60fps,"Wi-Fi 802.11 a/b/g/n/ac/6, dual-band, Wi-Fi Direct",Yes,5.2,Type-C,Yes,"GPS (L1+L5), GLONASS (L1), BDS (B1I+B1c+B2a), GALILEO (E1+E5a), QZSS (L1+L5), NavIC (L5)","Fingerprint (side-mounted), accelerometer, gyro, proximity, compass",4500,120,,No,,,180.0,,,375528,2225,,760,-25.2,"Mysterious Black, Forest Green, Timeless Purple","21091116UG, 21091116UC",1.09 W/kg (head) 1.09 W/kg (body),0.60 W/kg (head) 0.99 W/kg (body),FM radio
Xiaomi,Xiaomi Redmi K50 Pro,https://www.gsmarena.com/xiaomi_redmi_k50_pro-11372.php,https://fdn2.gsmarena.com/vv/bigpic/xiaomi-redmi-k50-pro.jpg,GSM / CDMA / HSPA / CDMA2000 / LTE / 5G,Yes,"2022, March 17","Available. Released 2022, March 22",163.1 x 76.2 x 8.5 mm (6.42 x 3.00 x 0.33 in),201.0,Glass,IP53,Nano-SIM + Nano-SIM,"OLED, 120Hz, Dolby Vision, HDR10+, 1200 nits (peak)",120,6.67,1440x3200,526,86.4,Gorilla Glass Victus,"Android 12, MIUI 13",Mediatek Dimensity 9000 (4 nm),4,Octa-core (1x3.05 GHz Cortex-X2 & 3x2.85 GHz Cortex-A710 & 4x1.80 GHz Cortex-A510),Mali-G710 MC10,8,12,128,512,UFS 3.1,108.0,3,,Yes,1/1.52,Yes,"Color spectrum sensor, Dual-LED dual-tone flash, HDR, panorama","4K@30fps, 1080p@30/60/120fps, 720p@960fps; gyro-EIS",20.0,No,,1080p@30/120fps,"Wi-Fi 802.11 a/b/g/n/ac/6, dual-band, Wi-Fi Direct",Yes,5.3,Type-C,No,"GPS (L1+L5), GLONASS (L1), BDS (B1I+B1c+B2a), GALILEO (E1+E5a), QZSS (L1+L5), NavIC (L5)","Fingerprint (side-mounted), accelerometer, gyro, proximity, compass",5000,120,,No,,,410.0,,,,,,,,"Black, Gray, Blue, Green","22021211RC, 22011211C",,,No
Xiaomi,Xiaomi Redmi K50,https://www.gsmarena.com/xiaomi_redmi_k50-11430.php,https://fdn2.gsmarena.com/vv/bigpic/xiaomi-redmi-k50.jpg,GSM / CDMA / HSPA / CDMA2000 / LTE / 5G,Yes,"2022, March 17","Available. Released 2022, March 22",163.1 x 76.2 x 8.5 mm (6.42 x 3.00 x 0.33 in),201.0,Glass,IP53,Nano-SIM + Nano-SIM,"OLED, 120Hz, Dolby Vision, HDR10+, 1200 nits (peak)",120,6.67,1440x3200,526,86.4,Gorilla Glass Victus,"Android 12, MIUI 13",Mediatek Dimensity 8100 (5 nm),5,Octa-core (4x2.85 GHz Cortex-A78 & 4x2.0 GHz Cortex-A55),Mali-G610,8,12,128,512,UFS 3.1,48.0,3,,Yes,1/2.0,Yes,"Color spectrum sensor, Dual-LED dual-tone flash, HDR, panorama","4K@30fps, 1080p@30/60/120fps, 720p@960fps; gyro-EIS",20.0,No,,1080p@30/120fps,"Wi-Fi 802.11 a/b/g/n/ac/6, dual-band, Wi-Fi Direct",Yes,5.3,Type-C,No,"GPS (L1+L5), GLONASS (L1), BDS (B1I+B1c+B2a), GALILEO (E1+E5a), QZSS (L1+L5), NavIC (L5)","Fingerprint (side-mounted), accelerometer, gyro, proximity, compass",5500,67,,No,,,480.0,,,,,,,,"Black, Gray, Blue, Green",22041211AC,,,No
Xiaomi,Xiaomi Redmi K40S,https://www.gsmarena.com/xiaomi_redmi_k40s-11431.php,https://fdn2.gsmarena.com/vv/bigpic/xiaomi-redmi-k40s.jpg,GSM / CDMA / HSPA / CDMA2000 / LTE / 5G,Yes,"2022, March 17","Available. Released 2022, March 17",163.2 x 76 x 7.7 mm (6.43 x 2.99 x 0.30 in),195.0,Glass,,Nano-SIM + Nano-SIM,"AMOLED, 120Hz, HDR10+, 1300 nits (peak)",120,6.67,1080x2400,395,86.6,Gorilla Glass 5,"Android 12, MIUI 13",Qualcomm SM8250-AC Snapdragon 870 5G (7 nm),7,Octa-core (1x3.2 GHz Kryo 585 & 3x2.42 GHz Kryo 585 & 4x1.80 GHz Kryo 585),Adreno 650,6,12,128,256,UFS 3.1,48.0,3,1.8,Yes,1/2.0,Yes,"Color spectrum sensor, Dual-LED dual-tone flash, HDR, panorama","4K@30fps, 1080p@30/60/120fps, 720p@960fps; gyro-EIS",20.0,No,,1080p@30/120fps,"Wi-Fi 802.11 a/b/g/n/ac/6, dual-band, Wi-Fi Direct",Yes,5.2,Type-C,No,"GPS (L1+L5), GLONASS (L1), BDS (B1I+B1c+B2a), GALILEO (E1+E5a), QZSS (L1+L5), NavIC (L5)","Fingerprint (side-mounted), accelerometer, gyro, proximity, compass",4500,67,,No,,,260.0,,,,,,,,"Black, Gray, Blue, Green",,,,No
Xiaomi,Xiaomi 12 Pro,https://www.gsmarena.com/xiaomi_12_pro-11287.php,https://fdn2.gsmarena.com/vv/bigpic/xiaomi-12-pro.jpg,GSM / CDMA / HSPA / EVDO / LTE / 5G,Yes,"2021, December 28","Available. Released 2021, December 31",163.6 x 74.6 x 8.2 mm (6.44 x 2.94 x 0.32 in),204.0,Glass,,Nano-SIM + Nano-SIM,"LTPO AMOLED, 1B colors, 120Hz, Dolby Vision, HDR10+, 1000 nits (HBM), 1500 nits (peak)",120,6.73,1440x3200,521,89.6,Gorilla Glass Victus,"Android 12, MIUI 13",Qualcomm SM8450 Snapdragon 8 Gen 1 (4 nm),4,Octa-core (1x3.00 GHz Cortex-X2 & 3x2.50 GHz Cortex-A710 & 4x1.80 GHz Cortex-A510),Adreno 730,8,12,128,256,UFS 3.1,50.0,3,1.9,Yes,1/1.28,Yes,"Color spectrum sensor, Dual-LED dual-tone flash, HDR, panorama","8K@24fps (HDR), 4K@30/60fps (HDR10+), 1080p@30/120/240/960fps, 720p@1920fps, gyro-EIS",32.0,No,"HDR, panorama","1080p@30/60fps, 720p@120fps, HDR10+","Wi-Fi 802.11 a/b/g/n/ac/6 or 6e (market dependent), dual-band, Wi-Fi Direct",Yes,5.2,Type-C,No,"GPS (L1+L5), GLONASS (L1), BDS (B1I+B1c+B2a), GALILEO (E1+E5a), QZSS (L1+L5), NavIC (L5)","Fingerprint (under display, optical), accelerometer, gyro, compass, barometer",4600,120,50,Yes,,,381.89,279.99,,985226,3682,,1050,-29.5,"Gray, Blue, Purple, Green","2201122C, 2201122G",1.09 W/kg (head) 1.05 W/kg (body),0.60 W/kg (head) 1.00 W/kg (body),No
Xiaomi,Xiaomi 12,https://www.gsmarena.com/xiaomi_12-11285.php,https://fdn2.gsmarena.com/vv/bigpic/xiaomi-12.jpg,GSM / CDMA / HSPA / EVDO / LTE / 5G,Yes,"2021, December 28","Available. Released 2021, December 31",152.7 x 69.9 x 8.2 mm (6.01 x 2.75 x 0.32 in),179.0,Glass,,Nano-SIM + Nano-SIM,"AMOLED, 68B colors, 120Hz, Dolby Vision, HDR10+, 1100 nits (peak)",120,6.28,1080x2400,419,89.2,Gorilla Glass Victus,"Android 12, MIUI 13",Qualcomm SM8450 Snapdragon 8 Gen 1 (4 nm),4,Octa-core (1x3.00 GHz Cortex-X2 & 3x2.50 GHz Cortex-A710 & 4x1.80 GHz Cortex-A510),Adreno 730,8,12,128,256,UFS 3.1,50.0,3,1.9,Yes,1/1.56,Yes,"Color spectrum sensor, Dual-LED dual-tone flash, HDR, panorama","8K@24fps (HDR), 4K@30/60fps (HDR10+), 1080p@30/120/240/960fps, 720p@1920fps, gyro-EIS",32.0,No,"HDR, panorama","1080p@30/60fps, 720p@120fps, HDR","Wi-Fi 802.11 a/b/g/n/ac/6 or 6e (market dependent), dual-band, Wi-Fi Direct",Yes,5.2,Type-C,No,"GPS (L1+L5), GLONASS (L1), BDS (B1I+B1c+B2a), GALILEO (E1+E5a), QZSS (L1+L5), NavIC (L5)","Fingerprint (under display, optical), accelerometer, gyro, compass",4500,67,50,Yes,,304.99,109.99,165.61,,985115,3652,,896,-25.3,"Gray, Blue, Purple, Green","2201123G, 2201123C",1.09 W/kg (head) 0.91 W/kg (body),0.60 W/kg (head) 1.00 W/kg (body),No
Xiaomi,Xiaomi 12X,https://www.gsmarena.com/xiaomi_12x-11292.php,https://fdn2.gsmarena.com/vv/bigpic/xiaomi-12x.jpg,GSM / CDMA / HSPA / EVDO / LTE / 5G,Yes,"2021, December 28","Available. Released 2021, December 31",152.7 x 69.9 x 8.2 mm (6.01 x 2.75 x 0.32 in),176.0,,,Nano-SIM + Nano-SIM,"AMOLED, 68B colors, 120Hz, Dolby Vision, HDR10+, 1100 nits (peak)",120,6.28,1080x2400,419,89.2,Gorilla Glass Victus,"Android 11, MIUI 13",Qualcomm SM8250-AC Snapdragon 870 5G (7 nm),7,Octa-core (1x3.2 GHz Kryo 585 & 3x2.42 GHz Kryo 585 & 4x1.80 GHz Kryo 585),Adreno 650,8,12,128,256,UFS 3.1,50.0,3,1.9,Yes,1/1.56,Yes,"Dual-LED dual-tone flash, HDR, panorama","8K@24fps, 4K@30/60fps, 1080p@30/120/240/960fps, gyro-EIS",32.0,No,"HDR, panorama","1080p@30/60fps, 720p@120fps, HDR","Wi-Fi 802.11 a/b/g/n/ac, Wi-Fi 6 (market dependent), dual-band, Wi-Fi Direct",Yes,5.1,Type-C,No,"GPS (L1+L5), GLONASS (L1), BDS (B1I+B1c+B2a), GALILEO (E1+E5a), QZSS (L1+L5), NavIC (L5)","Fingerprint (under display, optical), accelerometer, proximity, gyro, compass",4500,67,,No,,,180.0,,,598003,3168,,,-25.6,"Gray, Blue, Purple","2112123AC, 2112123AG",,0.59 W/kg (head) 1.00 W/kg (body),No
Xiaomi,Xiaomi Watch S1 Active,https://www.gsmarena.com/xiaomi_watch_s1_active-11422.php,https://fdn2.gsmarena.com/vv/bigpic/xiaomi-watch-s1-active.jpg,No cellular connectivity,No,"2022, March 15","Available. Released 2022, March 24",46.5 x 47.3 x 11 mm (1.83 x 1.86 x 0.43 in),,Glass,,No,AMOLED,,1.43,466x466,326,,,Proprietary OS,,,,,,,,,,,,,No,,No,,,,No,,,No,Yes,5.2,No,No,"GPS (L1+L5), GLONASS, GALILEO, BDS, QZSS","Accelerometer, gyro, compass, barometer, heart rate, SpO2",470,,,No,,,80.0,,,,,,,,"Moon White, Space Black, Ocean Blue",,,,No
Xiaomi,Xiaomi Redmi 10 (India),https://www.gsmarena.com/xiaomi_redmi_10_(india)-11424.php,https://fdn2.gsmarena.com/vv/bigpic/xiaomi-redmi-10-india.jpg,GSM / HSPA / LTE,No,"2022, March 17","Available. Released 2022, March 24",169.6 x 76.6 x 9.1 mm (6.68 x 3.02 x 0.36 in),203.0,,,Nano-SIM + Nano-SIM,IPS LCD,,6.7,720x1650,269,81.7,Gorilla Glass 3,"Android 11, MIUI 13",Qualcomm SM6225 Snapdragon 680 4G (6 nm),6,Octa-core (4x2.4 GHz Kryo 265 Gold & 4x1.9 GHz Kryo 265 Silver),Adreno 610,4,6,64,128,UFS 2.2,50.0,2,1.8,No,,No,"LED flash, HDR, panorama",1080p@30fps,5.0,No,,1080p@30fps,"Wi-Fi 802.11 a/b/g/n/ac, dual-band, Wi-Fi Direct",No,5.0,Type-C,Yes,"GPS, GLONASS, BDS, GALILEO","Fingerprint (rear-mounted), accelerometer, proximity",6000,18,,No,,,130.0,,,,,,,,"Midnight Black, Pacific Blue, Caribbean Green",220333QAG,,,FM radio
Xiaomi,Xiaomi Redmi 10C,https://www.gsmarena.com/xiaomi_redmi_10c-11418.php,https://fdn2.gsmarena.com/vv/bigpic/xiaomi-redmi-10c.jpg,GSM / HSPA / LTE,No,"2022, March 21","Available. Released 2022, March 23",169.6 x 76.6 x 8.3 mm (6.68 x 3.02 x 0.33 in),190.0,,,Nano-SIM + Nano-SIM,IPS LCD,,6.71,720x1650,268,82.0,Corning Gorilla Glass,"Android 11, MIUI 13",Qualcomm SM6225 Snapdragon 680 4G (6 nm),6,Octa-core (4x2.4 GHz Kryo 265 Gold & 4x1.9 GHz Kryo 265 Silver),Adreno 610,3,4,64,128,UFS 2.2,50.0,2,1.8,No,,No,"LED flash, HDR, panorama",1080p@30fps,5.0,No,,1080p@30fps,"Wi-Fi 802.11 a/b/g/n/ac, dual-band, Wi-Fi Direct",Yes,5.0,Type-C,Yes,"GPS, GLONASS, BDS, GALILEO","Fingerprint (rear-mounted), accelerometer, proximity",5000,18,,No,,,150.38,99.98,,,,,,,"Graphite Gray, Ocean Blue, Mint Green","220333QAG, 220333QBI, 220333QNY, 220333QL",0.96 W/kg (head) 1.02 W/kg (body),0.57 W/kg (head) 0.96 W/kg (body),FM radio
Xiaomi,Xiaomi Redmi Note 11 Pro+ 5G (India),https://www.gsmarena.com/xiaomi_redmi_note_11_pro+_5g_(india)-11412.php,https://fdn2.gsmarena.com/vv/bigpic/xiaomi-note-11-pro-plus-5g.jpg,GSM / HSPA / LTE / 5G,Yes,"2022, March 09","Available. Released 2022, March 15",164.2 x 76.1 x 8.1 mm (6.46 x 3.00 x 0.32 in),202.0,Glass,IP53,Nano-SIM + Nano-SIM,"Super AMOLED, 120Hz, 700 nits, 1200 nits (peak)",120,6.67,1080x2400,395,86.0,Gorilla Glass 5,"Android 11, MIUI 13",Qualcomm SM6375 Snapdragon 695 5G (6 nm),6,Octa-core (2x2.2 GHz Kryo 660 Gold & 6x1.7 GHz Kryo 660 Silver),Adreno 619,6,8,64,256,UFS 2.2,108.0,3,1.9,No,1/1.52,No,"LED flash, HDR, panorama",1080p@30fps,16.0,No,,1080p@30fps,"Wi-Fi 802.11 a/b/g/n/ac, dual-band, Wi-Fi Direct",No,5.1,Type-C,Yes,"GPS, GLONASS, BDS, GALILEO","Fingerprint (side-mounted), accelerometer, gyro, proximity, compass",5000,67,,No,,,250.0,,,,,,,,"Mirage Blue, Phantom White, Stealth Black",2201116SI,,,Unspecified
Xiaomi,Xiaomi Redmi Note 11E Pro,https://www.gsmarena.com/xiaomi_redmi_note_11e_pro-11395.php,https://fdn2.gsmarena.com/vv/bigpic/xiaomi-redmi-note-11e-pro.jpg,GSM / CDMA / HSPA / CDMA2000 / LTE / 5G,Yes,"2022, March 02","Available. Released 2022, March 04",164.2 x 76.1 x 8.1 mm (6.46 x 3.00 x 0.32 in),202.0,Glass,,Nano-SIM + Nano-SIM,"Super AMOLED, 120Hz, 700 nits, 1200 nits (peak)",120,6.67,1080x2400,395,86.0,,"Android 11, MIUI 13",Qualcomm SM6375 Snapdragon 695 5G (6 nm),6,Octa-core (2x2.2 GHz Kryo 660 Gold & 6x1.7 GHz Kryo 660 Silver),Adreno 619,6,8,128,256,UFS 2.2,108.0,3,1.9,No,1/1.52,No,"LED flash, HDR, panorama",1080p@30fps,16.0,No,,1080p@30fps,"Wi-Fi 802.11 a/b/g/n/ac, dual-band, Wi-Fi Direct",Yes,5.1,Type-C,Yes,"GPS, GLONASS, BDS, GALILEO","Fingerprint (side-mounted), accelerometer, gyro, proximity, compass",5000,67,,No,,,240.0,,,,,,,,"Graphite Gray, Polar White, Atlantic Blue",2201116SC,,,Unspecified
Xiaomi,Xiaomi Redmi Note 11E,https://www.gsmarena.com/xiaomi_redmi_note_11e-11396.php,https://fdn2.gsmarena.com/vv/bigpic/xiaomi-redmi-note-11e.jpg,GSM / CDMA / HSPA / EVDO / LTE / 5G,Yes,"2022, March 02","Available. Released 2022, March 18",164 x 76.1 x 8.9 mm (6.46 x 3.00 x 0.35 in),200.0,,,Nano-SIM + Nano-SIM,"IPS LCD, 90Hz",90,6.58,1080x2408,401,83.6,,"Android 11, MIUI 13",Mediatek Dimensity 700 (7 nm),7,Octa-core (2x2.2 GHz Cortex-A76 & 6x2.0 GHz Cortex-A55),Mali-G57 MC2,4,6,128,128,UFS 2.2,50.0,2,1.8,No,,No,"LED flash, HDR, panorama",1080p@30fps,5.0,No,HDR,1080p@30fps,"Wi-Fi 802.11 a/b/g/n/ac, dual-band, Wi-Fi Direct",No,5.1,Type-C,Yes,"GPS, GLONASS, BDS, GALILEO","Fingerprint (side-mounted), accelerometer, proximity, compass",5000,18,,No,,,170.0,,,,,,,,"Gray, Silver, Atlantic Blue",22041219C,,,No
Xiaomi,Xiaomi Poco X4 Pro 5G,https://www.gsmarena.com/xiaomi_poco_x4_pro_5g-11371.php,https://fdn2.gsmarena.com/vv/bigpic/xiaomi-poco-x4-pro.jpg,GSM / HSPA / LTE / 5G,Yes,"2022, February 28","Available. Released 2022, March 23",164.2 x 76.1 x 8.1 mm (6.46 x 3.00 x 0.32 in),205.0,Glass,IP53,Nano-SIM + Nano-SIM,"Super AMOLED, 120Hz, 700 nits, 1200 nits (peak)",120,6.67,1080x2400,395,86.0,Gorilla Glass 5,"Android 11, MIUI 13 for POCO",Qualcomm SM6375 Snapdragon 695 5G (6 nm),6,Octa-core (2x2.2 GHz Kryo 660 Gold & 6x1.7 GHz Kryo 660 Silver),Adreno 619,6,8,64,256,UFS 2.2,108.0,3,1.9,No,1/1.52,No,"LED flash, HDR, panorama",1080p@30fps,16.0,No,"HDR, panorama",1080p@30fps,"Wi-Fi 802.11 a/b/g/n/ac, dual-band, Wi-Fi Direct",Yes,5.1,Type-C,Yes,"GPS, GLONASS, BDS, GALILEO","Fingerprint (side-mounted), accelerometer, gyro, proximity, compass",5000,67,,No,,439.99,229.79,255.0,,335353,2063,,,-26.8,"Laser Black, Laser Blue, Poco Yellow",2201116PG,1.06 W/kg (head) 1.09 W/kg (body),0.60 W/kg (head) 0.96 W/kg (body),FM radio
Xiaomi,Xiaomi Poco M4 Pro,https://www.gsmarena.com/xiaomi_poco_m4_pro-11388.php,https://fdn2.gsmarena.com/vv/bigpic/xiaomi-poco-m4-pro.jpg,GSM / HSPA / LTE,No,"2022, February 28","Available. Released 2022, March 16",159.9 x 73.9 x 8.1 mm (6.30 x 2.91 x 0.32 in),179.5,Glass,IP53,Nano-SIM + Nano-SIM,"AMOLED, 90Hz, 700 nits, 1000 nits (peak)",90,6.43,1080x2400,409,84.5,Gorilla Glass 3,"Android 11, MIUI 13 for POCO",Mediatek MT6781 Helio G96 (12 nm),12,Octa-core (2x2.05 GHz Cortex-A76 & 6x2.0 GHz Cortex-A55),Mali-G57 MC2,6,8,64,256,UFS 2.2,64.0,3,1.8,No,1/4.0,No,"LED flash, HDR, panorama",1080p@30fps,16.0,No,HDR,1080p@30fps,"Wi-Fi 802.11 a/b/g/n/ac, dual-band, Wi-Fi Direct",Yes,5.0,Type-C,Yes,"GPS, GLONASS, BDS, GALILEO","Fingerprint (side-mounted), accelerometer, gyro, compass",5000,33,,No,,,114.63,225.0,,318444,1836,,737,-25.2,"Power Black, Cool Blue, Poco Yellow","MZB0B5VIN, 2201117PI, 2201117PG",0.85 W/kg (head) 0.85 W/kg (body),0.59 W/kg (head) 0.84 W/kg (body),"FM radio, recording"
Xiaomi,Xiaomi Redmi K50 Gaming,https://www.gsmarena.com/xiaomi_redmi_k50_gaming-11362.php,https://fdn2.gsmarena.com/vv/bigpic/xiaomi-redmi-k50-gaming.jpg,GSM / CDMA / HSPA / CDMA2000 / LTE / 5G,Yes,"2022, February 16","Available. Released 2022, February 18",162.5 x 76.7 x 8.5 mm (6.40 x 3.02 x 0.33 in),210.0,Glass,,Nano-SIM + Nano-SIM,"OLED, 1B colors, 120Hz, HDR10+, 800 nits (HBM)",120,6.67,1080x2400,395,86.2,Gorilla Glass Victus,"Android 12, MIUI 13",Qualcomm SM8450 Snapdragon 8 Gen 1 (4 nm),4,Octa-core (1x3.00 GHz Cortex-X2 & 3x2.50 GHz Cortex-A710 & 4x1.80 GHz Cortex-A510),Adreno 730,8,12,128,256,UFS 3.1,64.0,3,1.9,No,1/1.73,Yes,"Color spectrum sensor, Dual-LED flash, HDR, panorama","4K@30/60fps, 1080p@30/60/120fps, 720p@960fps, HDR",20.0,No,HDR,"1080p@30/60fps, 720p@120fps, HDR","Wi-Fi 802.11 a/b/g/n/ac/6e, dual-band, Wi-Fi Direct",Yes,5.2,Type-C,No,"GPS (L1+L5), GLONASS (L1), BDS (B1I+B1c+B2a), GALILEO (E1+E5a), QZSS (L1+L5), NavIC (L5)","Fingerprint (side-mounted), accelerometer, gyro, compass",4700,120,,No,,,460.0,,,,,,,,"Black, Gray, Blue, AMG",21121210C,,,No
Xiaomi,Xiaomi Redmi 10 2022,https://www.gsmarena.com/xiaomi_redmi_10_2022-11357.php,https://fdn2.gsmarena.com/vv/bigpic/xiaomi-redmi-note-11-4g.jpg,GSM / HSPA / LTE,No,"2022, February 15","Available. Released 2022, May 11",162 x 75.5 x 8.9 mm (6.38 x 2.97 x 0.35 in),181.0,,,Nano-SIM + Nano-SIM,"LCD, 90Hz",90,6.5,1080x2400,405,83.4,Gorilla Glass 3,"Android 11, MIUI 12.5",Mediatek MT6769H Helio G88 (12 nm),12,Octa-core (2x2.0 GHz Cortex-A75 & 6x1.8 GHz Cortex-A55),Mali-G52 MC2,4,6,64,128,eMMC 5.1,50.0,4,1.8,No,,No,"LED flash, HDR, panorama",1080p@30fps,8.0,No,"HDR, panorama",1080p@30fps,"Wi-Fi 802.11 a/b/g/n/ac, dual-band, Wi-Fi Direct",Yes,5.1,Type-C,Yes,"GPS, GLONASS, GALILEO, BDS","Fingerprint (side-mounted), accelerometer, proximity, compass",5000,18,,No,,,100.0,,,,,,,,"Carbon Gray, Pebble White, Sea Blue","21121119SG, 22011119UY, 21121119VL",0.77 W/kg (head) 0.74 W/kg (body),,FM radio
Xiaomi,Xiaomi Redmi Note 11 Pro 5G,https://www.gsmarena.com/xiaomi_redmi_note_11_pro_5g-11333.php,https://fdn2.gsmarena.com/vv/bigpic/xiaomi-redmi-note-11-pro-5g-global.jpg,GSM / HSPA / LTE / 5G,Yes,"2022, January 26","Available. Released 2022, February 18",164.2 x 76.1 x 8.1 mm (6.46 x 3.00 x 0.32 in),202.0,Glass,IP53,Nano-SIM + Nano-SIM,"Super AMOLED, 120Hz, 700 nits, 1200 nits (peak)",120,6.67,1080x2400,395,86.0,Gorilla Glass 5,"Android 11, MIUI 13",Qualcomm SM6375 Snapdragon 695 5G (6 nm),6,Octa-core (2x2.2 GHz Kryo 660 Gold & 6x1.7 GHz Kryo 660 Silver),Adreno 619,4,8,64,128,UFS 2.2,108.0,3,1.9,No,1/1.52,No,"LED flash, HDR, panorama",1080p@30fps,16.0,No,,1080p@30fps,"Wi-Fi 802.11 a/b/g/n/ac, dual-band, Wi-Fi Direct",Yes,5.1,Type-C,Yes,"GPS, GLONASS, BDS, GALILEO","Fingerprint (side-mounted), accelerometer, gyro, compass",5000,67,,No,,,98.99,,,288914,2063,,746,-25.8,"Graphite Gray, Polar White, Atlantic Blue","21091116I, 2201116SG",1.05 W/kg (head) 1.09 W/kg (body),0.60 W/kg (head) 0.96 W/kg (body),Unspecified
Xiaomi,Xiaomi Redmi Note 11 Pro,https://www.gsmarena.com/xiaomi_redmi_note_11_pro-11334.php,https://fdn2.gsmarena.com/vv/bigpic/xiaomi-redmi-note-11-pro-global.jpg,GSM / HSPA / LTE,No,"2022, January 26","Available. Released 2022, February 18",164.2 x 76.1 x 8.1 mm (6.46 x 3.00 x 0.32 in),202.0,Glass,IP53,Nano-SIM + Nano-SIM,"Super AMOLED, 120Hz, 700 nits, 1200 nits (peak)",120,6.67,1080x2400,395,86.0,Gorilla Glass 5,"Android 11, MIUI 13",Mediatek MT6781 Helio G96 (12 nm),12,Octa-core (2x2.05 GHz Cortex-A76 & 6x2.0 GHz Cortex-A55),Mali-G57 MC2,4,8,64,128,UFS 2.2,108.0,4,1.9,No,1/1.52,No,"LED flash, HDR, panorama",1080p@30fps,16.0,No,,1080p@30fps,"Wi-Fi 802.11 b/g/n/ac, dual-band, Wi-Fi Direct",Yes,5.1,Type-C,Yes,"GPS, GLONASS, BDS, GALILEO","Fingerprint (side-mounted), accelerometer, gyro, compass",5000,67,,No,,,126.12,259.95,,261309,1729,,746,-24.4,"Graphite Gray (Stealth Black), Polar White (Phantom White), Star Blue","2201116TG, 2201116TI",1.08 W/kg (head) 1.08 W/kg (body),0.58 W/kg (head) 0.86 W/kg (body),Unspecified
Xiaomi,Xiaomi Redmi Note 11S,https://www.gsmarena.com/xiaomi_redmi_note_11s-11335.php,https://fdn2.gsmarena.com/vv/bigpic/xiaomi-redmi-note-11s-global.jpg,GSM / HSPA / LTE,No,"2022, January 26","Available. Released 2022, February 09",159.9 x 73.9 x 8.1 mm (6.30 x 2.91 x 0.32 in),179.0,Glass,IP53,Nano-SIM + Nano-SIM,"AMOLED, 90Hz, 700 nits, 1000 nits (peak)",90,6.43,1080x2400,409,84.5,Gorilla Glass 3,"Android 11, MIUI 13",Mediatek MT6781 Helio G96 (12 nm),12,Octa-core (2x2.05 GHz Cortex-A76 & 6x2.0 GHz Cortex-A55),Mali-G57 MC2,6,8,64,128,UFS 2.2,108.0,4,1.9,No,1/1.52,No,"LED flash, HDR, panorama",1080p@30fps,16.0,No,,1080p@30fps,"Wi-Fi 802.11 a/b/g/n/ac, dual-band, Wi-Fi Direct",Yes,5.0,Type-C,Yes,"GPS, GLONASS, BDS, GALILEO","Fingerprint (side-mounted), accelerometer, gyro, compass",5000,33,,No,,,127.0,,,251201,1873,,744,-25.4,"Graphite Gray, Pearl White, Twilight Blue","2201117SG, 2201117SI, 2201117SY, 2201117SL",1.09 W/kg (head) 1.05 W/kg (body),0.59 W/kg (head) 0.88 W/kg (body),FM radio
Xiaomi,Xiaomi Redmi Note 11,https://www.gsmarena.com/xiaomi_redmi_note_11-11336.php,https://fdn2.gsmarena.com/vv/bigpic/xiaomi-redmi-note-11-global.jpg,GSM / HSPA / LTE,No,"2022, January 26","Available. Released 2022, February 09",159.9 x 73.9 x 8.1 mm (6.30 x 2.91 x 0.32 in),179.0,,IP53,Nano-SIM + Nano-SIM,"AMOLED, 90Hz, 700 nits, 1000 nits (peak)",90,6.43,1080x2400,409,84.5,Gorilla Glass 3,"Android 11, upgradable to Android 13, HyperOS",Qualcomm SM6225 Snapdragon 680 4G (6 nm),6,Octa-core (4x2.4 GHz Kryo 265 Gold & 4x1.9 GHz Kryo 265 Silver),Adreno 610,4,6,64,128,UFS 2.2,50.0,4,1.8,No,1/2.76,No,"LED flash, HDR, panorama",1080p@30fps,13.0,No,,1080p@30fps,"Wi-Fi 802.11 a/b/g/n/ac, dual-band, Wi-Fi Direct",Yes,5.0,Type-C,Yes,"GPS, GLONASS, BDS, GALILEO","Fingerprint (side-mounted), accelerometer, gyro, compass",5000,33,,No,,,97.13,89.0,,228044,1662,,736,-25.8,"Graphite Gray, Twilight Blue, Star Blue","2201117TG, 2201117TI, 2201117TY, 2201117TL",0.97 W/kg (head) 0.93 W/kg (body),0.60 W/kg (head) 0.99 W/kg (body),FM radio
Xiaomi,Xiaomi 11i HyperCharge 5G,https://www.gsmarena.com/xiaomi_11i_hypercharge_5g-11186.php,https://fdn2.gsmarena.com/vv/bigpic/xiaomi-11i-hypercharge.jpg,GSM / HSPA / LTE / 5G,Yes,"2022, January 06","Available. Released 2022, January 12",163.7 x 76.2 x 8.3 mm (6.44 x 3.00 x 0.33 in),204.0,Glass,IP53,Nano-SIM + Nano-SIM,"AMOLED, 120Hz, 700 nits, 1200 nits (peak)",120,6.67,1080x2400,395,86.1,Gorilla Glass 5,"Android 11, upgradable to Android 12, MIUI 13",Mediatek Dimensity 920 (6 nm),6,Octa-core (2x2.5 GHz Cortex-A78 & 6x2.0 GHz Cortex-A55),Mali-G68 MC4,6,8,128,256,UFS 2.2,108.0,3,1.9,No,1/1.52,Yes,"LED flash, HDR, panorama","4K@30fps, 1080p@30/60/120fps, 720p@960fps",16.0,No,,1080p@30fps,"Wi-Fi 802.11 a/b/g/n/ac/6, dual-band, Wi-Fi Direct",No,5.2,Type-C,Yes,"GPS, GLONASS, BDS","Fingerprint (side-mounted), accelerometer, gyro, proximity, compass",4500,120,,No,,,300.0,,,375528,2225,,,-25.2,"Camo Green, Stealth Black, Purple Mist, Pacific Pearl","21091116UI, ‎MZB0A55IN",0.82 W/kg (head) 0.61 W/kg (body),,No
Xiaomi,Xiaomi 11i,https://www.gsmarena.com/xiaomi_11i-11185.php,https://fdn2.gsmarena.com/vv/bigpic/xiaomi-11i.jpg,GSM / HSPA / LTE / 5G,Yes,"2022, January 06","Available. Released 2022, January 12",163.7 x 76.2 x 8.3 mm (6.44 x 3.00 x 0.33 in),207.0,Glass,IP53,Nano-SIM + Nano-SIM,"AMOLED, 120Hz, HDR10, 700 nits, 1200 nits (peak)",120,6.67,1080x2400,395,86.1,Gorilla Glass 5,"Android 11, upgradable to Android 12, MIUI 13",Mediatek Dimensity 920 (6 nm),6,Octa-core (2x2.5 GHz Cortex-A78 & 6x2.0 GHz Cortex-A55),Mali-G68 MC4,6,8,128,256,UFS 2.2,108.0,3,1.9,No,1/1.52,Yes,"LED flash, HDR, panorama","4K@30fps, 1080p@30/60/120fps, 720p@960fps",16.0,No,,1080p@30fps,"Wi-Fi 802.11 a/b/g/n/ac/6, dual-band, Wi-Fi Direct",No,5.2,Type-C,Yes,"GPS, GLONASS, BDS","Fingerprint (side-mounted), accelerometer, gyro, proximity, compass",5160,67,,No,,,330.0,,,,,,,,"Camo Green, Stealth Black, Purple Mist, Pacific Pearl",‎MZB0A5EIN,0.82 W/kg (head) 0.61 W/kg (body),,No
Xiaomi,Xiaomi Watch S1,https://www.gsmarena.com/xiaomi_watch_s1-11293.php,https://fdn2.gsmarena.com/vv/bigpic/xiaomi-watch-s1.jpg,No cellular connectivity,No,"2021, December 28","Available. Released 2021, December 31",46.5 x 46.5 x 11 mm (1.83 x 1.83 x 0.43 in),53.0,Plastic,,No,AMOLED,,1.43,466x466,326,,,Proprietary OS,,,,,,,,,,,,,No,,No,,,,No,,,Wi-Fi 802.11 b/g/n (China only),Yes,5.2,No,No,"GPS (L1+L5), GLONASS, GALILEO, BDS, QZSS","Accelerometer, gyro, compass, barometer, heart rate, SpO2",470,,,No,,,270.0,,,,,,,,"Black, Silver",M2108W1,,,No
Xiaomi,Xiaomi Redmi Note 11T 5G,https://www.gsmarena.com/xiaomi_redmi_note_11t_5g-11217.php,https://fdn2.gsmarena.com/vv/bigpic/xiaomi-redmi-note-11t-5g.jpg,GSM / HSPA / LTE / 5G,Yes,"2021, November 30","Available. Released 2021, December 07",163.6 x 75.8 x 8.8 mm (6.44 x 2.98 x 0.35 in),195.0,,IP53,Nano-SIM + Nano-SIM,"IPS LCD, 90Hz",90,6.6,1080x2400,399,84.8,Gorilla Glass 3,"Android 11, MIUI 12.5",Mediatek Dimensity 810 (6 nm),6,Octa-core (2x2.4 GHz Cortex-A76 & 6x2.0 GHz Cortex-A55),Mali-G57 MC2,4,8,64,128,UFS 2.2,50.0,2,1.8,No,,No,"LED flash, HDR, panorama",1080p@30/60fps,16.0,No,HDR,1080p@30fps,"Wi-Fi 802.11 a/b/g/n/ac, dual-band, Wi-Fi Direct",No,5.1,Type-C,Yes,"GPS, GLONASS, BDS","Fingerprint (side-mounted), accelerometer, gyro, compass",5000,33,,No,,,220.0,,,,,,,,"Aquamarine Blue, Stardust White, Matte Black",21091116AI,,,Unspecified
Xiaomi,Xiaomi Redmi Note 11 4G,https://www.gsmarena.com/xiaomi_redmi_note_11_4g-11241.php,https://fdn2.gsmarena.com/vv/bigpic/xiaomi-redmi-note-11-4g.jpg,GSM / CDMA / HSPA / LTE,No,"2021, November 25","Available. Released 2021, December 01",162 x 75.5 x 8.9 mm (6.38 x 2.97 x 0.35 in),181.0,,,Nano-SIM + Nano-SIM,"LCD, 90Hz",90,6.5,1080x2400,405,83.4,,"Android 11, MIUI 12.5",Mediatek MT6769H Helio G88 (12 nm),12,Octa-core (2x2.0 GHz Cortex-A75 & 6x1.8 GHz Cortex-A55),Mali-G52 MC2,4,6,128,128,,50.0,3,1.8,No,,No,"LED flash, HDR, panorama",1080p@30fps,8.0,No,"HDR, panorama",1080p@30fps,"Wi-Fi 802.11 a/b/g/n/ac, dual-band, Wi-Fi Direct",No,5.1,Type-C,Yes,"GPS, GLONASS, GALILEO, BDS","Fingerprint (side-mounted), accelerometer, proximity, compass",5000,18,,No,,,210.0,,,,,,,,"Carbon Gray, Pebble White, Sea Blue",21121119SC,,,Unspecified
Xiaomi,Xiaomi Poco M4 Pro 5G,https://www.gsmarena.com/xiaomi_poco_m4_pro_5g-11193.php,https://fdn2.gsmarena.com/vv/bigpic/xiaomi-poco-m4-pro-5g.jpg,GSM / HSPA / LTE / 5G,Yes,"2021, November 09","Available. Released 2021, November 11",163.6 x 75.8 x 8.8 mm (6.44 x 2.98 x 0.35 in),195.0,Glass,IP53,Nano-SIM + Nano-SIM,"IPS LCD, 90Hz, 450 nits (typ)",90,6.6,1080x2400,399,84.8,Gorilla Glass 3,"Android 11, upgradable to Android 12, MIUI 13",Mediatek Dimensity 810 (6 nm),6,Octa-core (2x2.4 GHz Cortex-A76 & 6x2.0 GHz Cortex-A55),Mali-G57 MC2,4,8,64,256,UFS 2.2,50.0,2,1.8,No,,No,"LED flash, HDR, panorama",1080p@30/60fps,16.0,No,Panorama,1080p@30fps,"Wi-Fi 802.11 a/b/g/n/ac, dual-band, Wi-Fi Direct",Yes,5.1,Type-C,Yes,"GPS, GLONASS, GALILEO, BDS","Fingerprint (side-mounted), accelerometer, gyro, compass",5000,33,,No,,,150.0,,,296721,1797,,510,-24.9,"Poco Yellow, Power Black, Cool Blue","21091116AG, MZB0BGVIN",1.07 W/kg (head) 1.09 W/kg (body),0.59 W/kg (head) 1.00 W/kg (body),FM radio
Xiaomi,Xiaomi Redmi Note 11 Pro (China),https://www.gsmarena.com/xiaomi_redmi_note_11_pro_(china)-11159.php,https://fdn2.gsmarena.com/vv/bigpic/xiaomi-redmi-note11-pro.jpg,GSM / CDMA / HSPA / EVDO / LTE / 5G,Yes,"2021, October 28","Available. Released 2021, November 01",163.7 x 76.2 x 8.3 mm (6.44 x 3.00 x 0.33 in),207.0,Glass,,Nano-SIM + Nano-SIM,"Super AMOLED, 120Hz, 700 nits, 1200 nits (peak)",120,6.67,1080x2400,395,86.1,Gorilla Glass 5,"Android 11, MIUI 12.5",Mediatek Dimensity 920 (6 nm),6,Octa-core (2x2.5 GHz Cortex-A78 & 6x2.0 GHz Cortex-A55),Mali-G68 MC4,6,8,128,256,UFS 2.2,108.0,3,1.9,No,1/1.52,Yes,"LED flash, HDR, panorama","4K@30fps, 1080p@30/60/120fps, 720p@960fps",16.0,No,,1080p@30/60fps,"Wi-Fi 802.11 a/b/g/n/ac/6, dual-band, Wi-Fi Direct",Yes,5.2,Type-C,Yes,"GPS (L1+L5), GLONASS (L1), BDS (B1I+B1c+B2a), GALILEO (E1+E5a), QZSS (L1+L5), NavIC (L5)","Fingerprint (side-mounted), accelerometer, gyro, compass",5160,67,,No,,,220.0,,,,,,,,"Mysterious Black, Forest Green, Timeless Purple, Milky Way Blue",21091116C,,,Unspecified
Xiaomi,Xiaomi Redmi Note 11 (China),https://www.gsmarena.com/xiaomi_redmi_note_11_(china)-11181.php,https://fdn2.gsmarena.com/vv/bigpic/xiaomi-redmi-note11.jpg,GSM / CDMA / HSPA / EVDO / LTE / 5G,Yes,"2021, October 28","Available. Released 2021, November 01",163.6 x 75.8 x 8.8 mm (6.44 x 2.98 x 0.35 in),195.0,,IP53,Nano-SIM + Nano-SIM,"IPS LCD, 90Hz",90,6.6,1080x2400,399,84.8,,"Android 11, MIUI 12.5",Mediatek Dimensity 810 (6 nm),6,Octa-core (2x2.4 GHz Cortex-A76 & 6x2.0 GHz Cortex-A55),Mali-G57 MC2,4,8,128,256,UFS 2.2,50.0,2,1.8,No,1/4.0,No,"LED flash, HDR, panorama",1080p@30/60fps,16.0,No,"HDR, panorama",1080p@30fps,"Wi-Fi 802.11 a/b/g/n/ac, dual-band, Wi-Fi Direct",No,5.1,Type-C,Yes,"GPS (L1), GLONASS (G1), BDS (B1), GALILEO (E1)","Fingerprint (side-mounted), accelerometer, gyro, compass",5000,33,,No,,,140.0,,,,,,,,"Mysterious Black, Milky Way Blue, Mint Green",21091116AC,,,Unspecified
Xiaomi,Xiaomi Redmi Watch 2 Lite,https://www.gsmarena.com/xiaomi_redmi_watch_2_lite-11187.php,https://fdn2.gsmarena.com/vv/bigpic/xiaomi-redmi-watch2-lite.jpg,No cellular connectivity,No,"2021, November 01","Available. Released 2021, November 11",41.2 x 35.3 x 10.7 mm (1.62 x 1.39 x 0.42 in),35.0,Plastic,,No,TFT LCD,,1.55,360x320,311,,,Proprietary OS,,,,,,,,,,,,,No,,No,,,,No,,,No,No,5.0,No,No,"GPS, GLONASS, GALILEO, BDS","Accelerometer, heart rate, gyro, compass, SpO2",262,,,No,,,50.0,,,,,,,,"Black, Blue, Ivory",,,,No
Xiaomi,Xiaomi Redmi Watch 2,https://www.gsmarena.com/xiaomi_redmi_watch_2-11182.php,https://fdn2.gsmarena.com/vv/bigpic/xiaomi-redmi-watch2.jpg,No cellular connectivity,No,"2021, October 28","Available. Released 2021, November 11",39.1 x 34.4 x 10 mm (1.54 x 1.35 x 0.39 in),31.0,Plastic,,No,AMOLED,,1.6,360x320,301,,,Proprietary OS,,,,,,,,,,,,,No,,No,,,,No,,,No,Yes,5.0,No,No,"GPS, GLONASS, GALILEO, BDS","Accelerometer, heart rate, compass, SpO2",225,,,No,,,60.0,,,,,,,,"Black, Blue, Ivory",M2102W1,,,No
Xiaomi,Xiaomi Black Shark 4S Pro,https://www.gsmarena.com/xiaomi_black_shark_4s_pro-11152.php,https://fdn2.gsmarena.com/vv/bigpic/xiaomi-black-shark-4s-pro.jpg,GSM / CDMA / HSPA / EVDO / LTE / 5G,Yes,"2021, October 13","Available. Released 2021, October 16",163.7 x 76.2 x 9.9 mm (6.44 x 3.00 x 0.39 in),220.0,,,Nano-SIM + Nano-SIM,"Super AMOLED, 144Hz, HDR10+, 1300 nits (peak)",144,6.67,1080x2400,395,86.1,,"Android 11, Joy UI 12.8",Qualcomm SM8350 Snapdragon 888+ 5G (5 nm),5,Octa-core (1x3.0 GHz Cortex-X1 & 3x2.42 GHz Cortex-A78 & 4x1.80 GHz Cortex-A55),Adreno 660,8,16,256,512,UFS 3.1,64.0,3,1.8,No,1/1.97,Yes,"LED flash, HDR, panorama","4K@30/60fps, 1080p@30/60/240fps, 1080p@960fps; HDR10+",20.0,No,HDR,1080p@30fps,"Wi-Fi 802.11 a/b/g/n/ac/6, dual-band, Wi-Fi Direct",Yes,5.2,Type-C,Yes,"GPS, GLONASS, GALILEO, QZSS, BDS","Fingerprint (side-mounted), accelerometer, gyro, proximity, compass, barometer",4500,120,,No,,,650.0,,,,,,,,"Black, White",,,,No
Xiaomi,Xiaomi Black Shark 4S,https://www.gsmarena.com/xiaomi_black_shark_4s-11153.php,https://fdn2.gsmarena.com/vv/bigpic/xiaomi-black-shark-4s.jpg,GSM / CDMA / HSPA / EVDO / LTE / 5G,Yes,"2021, October 13","Available. Released 2021, October 16",163.7 x 76.2 x 9.9 mm (6.44 x 3.00 x 0.39 in),210.0,,,Nano-SIM + Nano-SIM,"Super AMOLED, 144Hz, HDR10+, 1300 nits (peak)",144,6.67,1080x2400,395,86.1,,"Android 11, Joy UI 12.8",Qualcomm SM8250-AC Snapdragon 870 5G (7 nm),7,Octa-core (1x3.2 GHz Kryo 585 & 3x2.42 GHz Kryo 585 & 4x1.80 GHz Kryo 585),Adreno 650,8,12,128,256,UFS 3.1,48.0,3,1.8,No,1/2.0,Yes,"LED flash, HDR, panorama","4K@30/60fps, 1080p@30/60/240fps, 1080p@960fps",20.0,No,HDR,1080p@30fps,"Wi-Fi 802.11 a/b/g/n/ac/6, dual-band, Wi-Fi Direct",Yes,5.2,Type-C,Yes,"GPS, GLONASS, GALILEO, QZSS, BDS","Fingerprint (side-mounted), accelerometer, gyro, proximity, compass, barometer",4500,120,,No,,,360.0,,,,,,,,"Black, White",,,,No
Xiaomi,Xiaomi Redmi Note 10 Lite,https://www.gsmarena.com/xiaomi_redmi_note_10_lite-11137.php,https://fdn2.gsmarena.com/vv/bigpic/xiaomi-redmi-note-10-lite.jpg,GSM / HSPA / LTE,No,"2021, October 01","Available. Released 2021, October 02",165.8 x 76.7 x 8.8 mm (6.53 x 3.02 x 0.35 in),209.0,Glass,,Nano-SIM + Nano-SIM,IPS LCD,,6.67,1080x2400,395,84.5,Gorilla Glass 5,"Android 10, MIUI 11",Qualcomm SM7125 Snapdragon 720G (8 nm),8,Octa-core (2x2.3 GHz Kryo 465 Gold & 6x1.8 GHz Kryo 465 Silver),Adreno 618,4,6,64,128,,48.0,4,1.9,No,1/4.0,Yes,"LED flash, HDR, panorama","4K@30fps, 1080p@30/60/120fps, 720p@960fps, gyro-EIS",16.0,No,"HDR, panorama",1080p@30fps,"Wi-Fi 802.11 a/b/g/n/ac, dual-band, Wi-Fi Direct",Yes,5.0,Type-C,Yes,"GPS, GLONASS, GALILEO, BDS, NavIC","Fingerprint (side-mounted), accelerometer, gyro, proximity, compass",5020,18,,No,,,200.0,,,,,,,,"Aurora Blue, Glacier White, Interstellar Black, Champagne Gold",M2002F4LG,1.17 W/kg (head) 0.86 W/kg (body),1.01 W/kg (head) 1.39 W/kg (body),"FM radio, recording"
Xiaomi,Xiaomi Civi,https://www.gsmarena.com/xiaomi_civi-11119.php,https://fdn2.gsmarena.com/vv/bigpic/xiaomi-civi.jpg,GSM / CDMA / HSPA / CDMA2000 / LTE / 5G,Yes,"2021, September 27","Available. Released 2021, September 30",158.3 x 71.5 x 7 mm (6.23 x 2.81 x 0.28 in),166.0,Glass,,Nano-SIM + Nano-SIM,"OLED, 1B colors, Dolby Vision, HDR10+, 120Hz, 950 nits (peak)",120,6.55,1080x2400,402,91.5,Gorilla Glass 5,"Android 11, MIUI 12.5",Qualcomm SM7325 Snapdragon 778G 5G (6 nm),6,Octa-core (1x2.4 GHz Cortex-A78 & 3x2.2 GHz Cortex-A78 & 4x1.9 GHz Cortex-A55),Adreno 642L,8,12,128,256,UFS 2.2,64.0,3,1.8,No,1/1.97,Yes,"Color spectrum sensor, LED flash, HDR, panorama","4K@30fps, 1080p@30/60/120fps, 720p@960fps; gyro-EIS",32.0,No,"HDR, panorama",1080p@30/60fps,"Wi-Fi 802.11 a/b/g/n/ac/6, dual-band, Wi-Fi Direct",Yes,5.2,Type-C,No,"GPS (L1+L5), GLONASS (L1), BDS (B1I+B1c+B2a), GALILEO (E1+E5a), QZSS (L1+L5), NavIC (L5)","Fingerprint (under display, optical), accelerometer, gyro, proximity, compass",4500,55,,No,,,350.0,,,,,,,,"Black, Blue, Pink",2109119BC,,,No
Xiaomi,Xiaomi Watch Color 2,https://www.gsmarena.com/xiaomi_watch_color_2-11126.php,https://fdn2.gsmarena.com/vv/bigpic/xiaomi-watch-color2.jpg,No cellular connectivity,No,"2021, September 27","Available. Released 2021, September 30",46.5 x 47.3 x 11 mm (1.83 x 1.86 x 0.43 in),,Glass,,No,AMOLED,,1.43,466x466,326,,,Proprietary OS,,,,,,,,,,,,,No,,No,,,,No,,,Wi-Fi 802.11 b/g/n,Yes,5.2,No,No,"GPS (L1+L5), GLONASS, GALILEO, BDS","Accelerometer, gyro, compass, barometer, heart rate, SpO2",470,,,No,,,140.0,,,,,,,,"Black, Silver, Blue",M2106W1,,,No
Xiaomi,Xiaomi Redmi 9i Sport,https://www.gsmarena.com/xiaomi_redmi_9i_sport-11129.php,https://fdn2.gsmarena.com/vv/bigpic/xiaomi-redmi-9i-sport.jpg,GSM / HSPA / LTE,No,"2021, September 28","Available. Released 2021, September 28",164.9 x 77.1 x 9 mm (6.49 x 3.04 x 0.35 in),194.0,,,Nano-SIM + Nano-SIM,"IPS LCD, 400 nits (typ)",,6.53,720x1600,269,81.0,,"Android 10, MIUI 12",Mediatek MT6762G Helio G25 (12 nm),12,Octa-core (4x2.0 GHz Cortex-A53 & 4x1.5 GHz Cortex-A53),PowerVR GE8320,4,4,64,128,eMMC 5.1,13.0,1,2.2,No,,No,"LED flash, HDR",1080p@30fps,5.0,No,HDR,1080p@30fps,"Wi-Fi 802.11 а/b/g/n, Wi-Fi Direct",No,5.0,Micro-USB,Yes,"GPS, GLONASS, BDS","Accelerometer, proximity, compass",5000,10,,No,,,100.0,,,,,,,,"Carbon Black, Coral Green, Metallic Blue",,,,FM radio
Xiaomi,Xiaomi Redmi 9A Sport,https://www.gsmarena.com/xiaomi_redmi_9a_sport-11128.php,https://fdn2.gsmarena.com/vv/bigpic/xiaomi-redmi-9a-sport.jpg,GSM / HSPA / LTE,No,"2021, September 28","Available. Released 2021, September 28",164.9 x 77.1 x 9 mm (6.49 x 3.04 x 0.35 in),194.0,,,Nano-SIM + Nano-SIM,"IPS LCD, 400 nits (typ)",,6.53,720x1600,269,81.0,,"Android 10, MIUI 12",Mediatek MT6762G Helio G25 (12 nm),12,Octa-core (4x2.0 GHz Cortex-A53 & 4x1.5 GHz Cortex-A53),PowerVR GE8320,2,3,32,32,eMMC 5.1,13.0,1,2.2,No,,No,"LED flash, HDR",1080p@30/60fps,5.0,No,HDR,1080p@30fps,"Wi-Fi 802.11 a/b/g/n, Wi-Fi Direct",No,5.0,Micro-USB,Yes,"GPS, GLONASS, BDS","Accelerometer, proximity",5000,10,,No,,,100.0,,,,,,,,"Carbon Black, Coral Green, Metallic Blue",,,,FM radio
Xiaomi,Xiaomi Poco C31,https://www.gsmarena.com/xiaomi_poco_c31-11134.php,https://fdn2.gsmarena.com/vv/bigpic/xiaomi-poco-c31.jpg,GSM / HSPA / LTE,No,"2021, September 30","Available. Released 2021, October 02",164.9 x 77.1 x 9 mm (6.49 x 3.04 x 0.35 in),194.0,,,Nano-SIM + Nano-SIM,IPS LCD,,6.53,720x1600,269,81.0,,"Android 10, MIUI 12",Mediatek MT6765G Helio G35 (12 nm),12,Octa-core (4x2.3 GHz Cortex-A53 & 4x1.8 GHz Cortex-A53),PowerVR GE8320,3,4,32,64,eMMC 5.1,13.0,3,2.2,No,,No,"LED flash, HDR",1080p@30fps,5.0,No,HDR,1080p@30fps,"Wi-Fi 802.11 a/b/g/n, Wi-Fi Direct",No,5.0,Micro-USB,Yes,"GPS, GLONASS, BDS","Fingerprint (rear-mounted), accelerometer, proximity",5000,10,,No,,,90.0,,,,,,,,"Royal Blue, Shadow Gray","MZB0A0MIN, MZB0A0KIN, 211033MI, 22031116AI",0.51 W/kg (head) 0.83 W/kg (body),,FM radio
Xiaomi,Xiaomi Redmi 9 Activ,https://www.gsmarena.com/xiaomi_redmi_9_activ-11127.php,https://fdn2.gsmarena.com/vv/bigpic/xiaomi-redmi-9-activ.jpg,GSM / HSPA / LTE,No,"2021, September 24","Available. Released 2021, September 24",164.9 x 77.1 x 9 mm (6.49 x 3.04 x 0.35 in),194.0,,,Nano-SIM + Nano-SIM,"IPS LCD, 400 nits (typ)",,6.53,720x1600,269,81.0,,"Android 10, MIUI 12",Mediatek MT6765G Helio G35 (12 nm),12,Octa-core (4x2.3 GHz Cortex-A53 & 4x1.8 GHz Cortex-A53),PowerVR GE8320,4,6,64,128,eMMC 5.1,13.0,2,2.2,No,,No,"LED flash, HDR",1080p@30fps,5.0,No,HDR,1080p@30fps,"Wi-Fi 802.11 b/g/n, Wi-Fi Direct",No,5.0,Micro-USB,Yes,"GPS, GLONASS, BDS","Fingerprint (rear-mounted), accelerometer, proximity",5000,10,,No,,,110.0,,,,,,,,"Carbon Black, Coral Green, Metallic Purple",,0.51 W/kg (head) 0.83 W/kg (body),,FM radio
Xiaomi,Xiaomi 11T Pro,https://www.gsmarena.com/xiaomi_11t_pro-11100.php,https://fdn2.gsmarena.com/vv/bigpic/xiaomi-11t-pro.jpg,GSM / HSPA / LTE / 5G,Yes,"2021, September 15","Available. Released 2021, October 05",164.1 x 76.9 x 8.8 mm (6.46 x 3.03 x 0.35 in),204.0,Glass,IP53,Nano-SIM + Nano-SIM,"AMOLED, Dolby Vision, 1B colors, 120Hz, HDR10+, 800 nits (typ), 1000 nits (peak)",120,6.67,1080x2400,395,85.1,Gorilla Glass Victus,"Android 11, upgradable to Android 13, MIUI 14",Qualcomm SM8350 Snapdragon 888 5G (5 nm),5,Octa-core (1x2.84 GHz Cortex-X1 & 3x2.42 GHz Cortex-A78 & 4x1.80 GHz Cortex-A55),Adreno 660,8,12,128,256,UFS 3.1,108.0,3,1.8,No,1/1.52,Yes,"Dual-LED dual-tone flash, HDR, panorama","8K@30fps, 4K@30/60fps, 1080p@30/60/120/240/960, HDR10+, gyro-EIS",16.0,No,,1080p@30/60fps,"Wi-Fi 802.11 a/b/g/n/ac/6, dual-band, Wi-Fi Direct",Yes,5.2,Type-C,No,"GPS (L1+L5), GLONASS (G1), BDS (B1), GALILEO (E1+E5a), QZSS (L1+L5), NavIC","Fingerprint (side-mounted), accelerometer, gyro, compass, barometer",5000,120,,No,,,145.0,270.1,,,,,837,-26.3,"Meteorite Gray, Moonlight White, Celestial Blue","2107113SG, 2107113SI, 2107113SR",0.78 W/kg (head) 0.49 W/kg (body),,No
Xiaomi,Xiaomi 11T,https://www.gsmarena.com/xiaomi_11t-11099.php,https://fdn2.gsmarena.com/vv/bigpic/xiaomi-11t.jpg,GSM / HSPA / LTE / 5G,Yes,"2021, September 15","Available. Released 2021, October 05",164.1 x 76.9 x 8.8 mm (6.46 x 3.03 x 0.35 in),203.0,Glass,IP53,Nano-SIM + Nano-SIM,"AMOLED, 1B colors, 120Hz, HDR10+, 800 nits (typ), 1000 nits (peak)",120,6.67,1080x2400,395,85.1,Gorilla Glass Victus,"Android 11, upgradable to Android 13, MIUI 14",Mediatek Dimensity 1200 (6 nm),6,Octa-core (1x3.0 GHz Cortex-A78 & 3x2.6 GHz Cortex-A78 & 4x2.0 GHz Cortex-A55),Mali-G77 MC9,8,8,128,256,UFS 3.1,108.0,3,1.8,No,1/1.52,Yes,"Dual-LED dual-tone flash, HDR, panorama","4K@30fps, 1080p@30/60/120, gyro-EIS",16.0,No,,1080p@30fps,"Wi-Fi 802.11 a/b/g/n/ac/6, dual-band, Wi-Fi Direct",Yes,5.2,Type-C,No,"GPS (L1+L5), GLONASS (G1), BDS (B1), GALILEO (E1+E5a), QZSS (L1+L5)","Fingerprint (side-mounted), accelerometer, gyro, proximity, compass",5000,67,,No,,,172.12,219.99,,590837,2834,,798,-27.6,"Meteorite Gray, Moonlight White, Celestial Blue",21081111RG,1.09 W/kg (head) 0.83 W/kg (body),0.55 W/kg (head) 0.95 W/kg (body),No
Xiaomi,Xiaomi 11 Lite 5G NE,https://www.gsmarena.com/xiaomi_11_lite_5g_ne-11101.php,https://fdn2.gsmarena.com/vv/bigpic/xiaomi-11-lite-5g-ne.jpg,GSM / HSPA / LTE / 5G,Yes,"2021, September 15","Available. Released 2021, October 02",160.5 x 75.7 x 6.8 mm (6.32 x 2.98 x 0.27 in),158.0,,IP53,Nano-SIM + Nano-SIM,"AMOLED, 1B colors, Dolby Vision, HDR10+, 90Hz, 500 nits (typ), 800 nits (HBM)",90,6.55,1080x2400,402,85.3,Gorilla Glass 5,"Android 11, upgradable to Android 14, HyperOS",Qualcomm SM7325 Snapdragon 778G 5G (6 nm),6,Octa-core (1x2.4 GHz Cortex-A78 & 3x2.2 GHz Cortex-A78 & 4x1.9 GHz Cortex-A55),Adreno 642L,6,8,128,256,UFS 2.2,64.0,3,1.8,No,1/1.97,Yes,"Dual-LED dual-tone flash, HDR, panorama","4K@30fps, 1080p@30/60/120fps, 720p@960fps; gyro-EIS",20.0,No,"HDR, panorama","1080p@30/60fps, 720p@120fps","Wi-Fi 802.11 a/b/g/n/ac/6 (Global), Wi-Fi 802.11 a/b/g/n/ac (India)",Yes,5.2,Type-C,No,"GPS (L1+L5), GLONASS, BDS, GALILEO, NavIC","Fingerprint (side-mounted), accelerometer, gyro, compass",4250,33,,No,,,200.0,,,527663,2832,,,-23.6,"Truffle Black (Vinyl Black), Bubblegum Blue (Jazz Blue), Peach Pink (Tuscany Coral), Snowflake White (Diamond Dazzle)","2109119DG, 2107119DC, 2109119DI",1.09 W/kg (head) 1.05 W/kg (body),0.59 W/kg (head) 0.95 W/kg (body),No
Xiaomi,Xiaomi Redmi 10 Prime,https://www.gsmarena.com/xiaomi_redmi_10_prime-11079.php,https://fdn2.gsmarena.com/vv/bigpic/xiaomi-redmi-10-.jpg,GSM / HSPA / LTE,No,"2021, September 03","Available. Released 2021, September 07",162 x 75.6 x 9.6 mm (6.38 x 2.98 x 0.38 in),192.0,Glass,,Nano-SIM + Nano-SIM,"LCD, 90Hz",90,6.5,1080x2400,405,83.3,Gorilla Glass 3,"Android 11, MIUI 12.5",Mediatek MT6769H Helio G88 (12 nm),12,Octa-core (2x2.0 GHz Cortex-A75 & 6x1.8 GHz Cortex-A55),Mali-G52 MC2,4,6,64,128,eMMC 5.1,50.0,4,1.8,No,,No,"LED flash, HDR, panorama",1080p@30fps,8.0,No,HDR,1080p@30fps,"Wi-Fi 802.11 a/b/g/n/ac, dual-band, Wi-Fi Direct",No,5.1,Type-C,Yes,"GPS, GLONASS, GALILEO, BDS","Fingerprint (side-mounted), accelerometer, proximity, compass",6000,18,,No,,,140.0,,,,,,,,"Astral White, Bifrost Blue, Phantom Black",21061119BI,1.10 W/kg (head) 0.78 W/kg (body),,FM radio
Xiaomi,Xiaomi Redmi 10,https://www.gsmarena.com/xiaomi_redmi_10-11060.php,https://fdn2.gsmarena.com/vv/bigpic/xiaomi-redmi-10-.jpg,GSM / HSPA / LTE,No,"2021, August 18","Available. Released 2021, August 20",162 x 75.5 x 8.9 mm (6.38 x 2.97 x 0.35 in),181.0,,,Nano-SIM + Nano-SIM,"LCD, 90Hz",90,6.5,1080x2400,405,83.4,Gorilla Glass 3,"Android 11, upgradable to Android 13, MIUI 14",Mediatek MT6769H Helio G88 (12 nm),12,Octa-core (2x2.0 GHz Cortex-A75 & 6x1.8 GHz Cortex-A55),Mali-G52 MC2,4,6,64,128,eMMC 5.1,50.0,4,1.8,No,,No,"LED flash, HDR, panorama",1080p@30fps,8.0,No,"HDR, panorama",1080p@30fps,"Wi-Fi 802.11 a/b/g/n/ac, dual-band, Wi-Fi Direct",Yes,5.1,Type-C,Yes,"GPS, GLONASS, GALILEO, BDS","Fingerprint (side-mounted), accelerometer, proximity, compass",5000,18,,No,,,85.99,109.81,,,,,477,-26.3,"Carbon Gray, Pebble White, Sea Blue","21061119AG, 21061119DG, 21061119AL",,,FM radio
Xiaomi,Xiaomi Pad 5 Pro,https://www.gsmarena.com/xiaomi_pad_5_pro-11043.php,https://fdn2.gsmarena.com/vv/bigpic/xiaomi-pad-5-pro.jpg,GSM / CDMA / HSPA / EVDO / LTE / 5G,Yes,"2021, August 10","Available. Released 2021, August 10",254.7 x 166.3 x 6.9 mm (10.03 x 6.55 x 0.27 in),515.0,Glass,,Nano-SIM (cellular model only),"IPS LCD, 1B colors, 120Hz, HDR10, Dolby Vision",120,11.0,1600x2560,274,82.8,,"Android 11, upgradable to Android 13, MIUI 14",Qualcomm SM8250-AC Snapdragon 870 5G (7 nm),7,Octa-core (1x3.2 GHz Kryo 585 & 3x2.42 GHz Kryo 585 & 4x1.80 GHz Kryo 585),Adreno 650,6,8,128,256,UFS 3.1,50.0,2,2.0,No,1/2.5,Yes,"Dual-LED flash, panorama, HDR","4K@30fps, 1080p@30fps",8.0,No,,1080p@30fps,"Wi-Fi 802.11 a/b/g/n/ac/6, dual-band, Wi-Fi Direct",No,5.2,Type-C,No,"GPS, GLONASS, GALILEO, QZSS - cellular model only","Accelerometer, gyro, proximity, compass",8600,67,,No,,,330.0,,,,,,,,"Black, White","M2105K81AC, M2105K81C",,,No
Xiaomi,Xiaomi Pad 5,https://www.gsmarena.com/xiaomi_pad_5-11042.php,https://fdn2.gsmarena.com/vv/bigpic/xiaomi-pad-5.jpg,No cellular connectivity,No,"2021, August 10","Available. Released 2021, August 10",254.7 x 166.3 x 6.9 mm (10.03 x 6.55 x 0.27 in),511.0,Glass,,No,"IPS LCD, 1B colors, 120Hz, HDR10, Dolby Vision",120,11.0,1600x2560,274,82.8,,"Android 11, upgradable to Android 13, MIUI 14",Qualcomm Snapdragon 860 (7 nm),7,Octa-core (1x2.96 GHz Kryo 485 Gold & 3x2.42 GHz Kryo 485 Gold & 4x1.78 GHz Kryo 485 Silver),Adreno 640,6,6,128,256,UFS 3.1,13.0,1,2.0,No,,Yes,"Dual-LED flash, HDR, panorama","4K@30fps, 1080p@30fps",8.0,No,,1080p@30fps,"Wi-Fi 802.11 a/b/g/n/ac, dual-band, Wi-Fi Direct",No,5.0,Type-C,No,No,"Accelerometer, gyro, proximity, compass",8720,33,,No,,,350.0,,,473819,2583,,478,-24.4,"Cosmic Gray, Pearl White, Green","21051182G, 21051182C",,,No
Xiaomi,Xiaomi Mix 4,https://www.gsmarena.com/xiaomi_mix_4-11040.php,https://fdn2.gsmarena.com/vv/bigpic/xiaomi-mi-mix-4.jpg,GSM / CDMA / HSPA / EVDO / LTE / 5G,Yes,"2021, August 10","Available. Released 2021, August 16",162.6 x 75.4 x 8 mm (6.40 x 2.97 x 0.31 in),225.0,Ceramic,IP53,Nano-SIM + Nano-SIM,"AMOLED, 1B colors, 120Hz, HDR10+, Dolby Vision, 800 nits (HBM)",120,6.67,1080x2400,395,87.6,Gorilla Glass Victus,"Android 11, MIUI 12.5",Qualcomm SM8350 Snapdragon 888+ 5G (5 nm),5,Octa-core (1x2.99 GHz Cortex-X1 & 3x2.42 GHz Cortex-A78 & 4x1.80 GHz Cortex-A55),Adreno 660,8,12,128,512,UFS 3.1,108.0,3,1.9,Yes,1/1.33,Yes,"Laser AF, color spectrum sensor, Dual-LED flash, HDR, panorama","8K@24fps, 4K@30/60fps, 1080p@30/60/120/480fps; gyro-EIS, HDR10+",20.0,No,HDR,1080p@30fps,"Wi-Fi 802.11 a/b/g/n/ac/6e, dual-band, Wi-Fi Direct",Yes,5.2,Type-C,No,"GPS (L1+L5), GLONASS (G1), BDS (B1I+B1c+B2a), GALILEO (E1+E5a), QZSS (L1+L5), NavIC (L5)","Fingerprint (under display, optical), accelerometer, gyro, proximity, compass",4500,120,50,No,,,660.0,,,,,,,,"Ceramic Black, Ceramic White, Shadow Gray",2106118C,,,No
Xiaomi,Xiaomi Poco X3 GT,https://www.gsmarena.com/xiaomi_poco_x3_gt-10949.php,https://fdn2.gsmarena.com/vv/bigpic/xiaomi-redmi-note-10-pro-china-new.jpg,GSM / HSPA / LTE / 5G,Yes,"2021, July 28","Available. Released 2021, August 19",163.3 x 75.9 x 8.9 mm (6.43 x 2.99 x 0.35 in),193.0,Glass,IP53,Nano-SIM + Nano-SIM,"IPS LCD, 120Hz, HDR10, 450 nits (typ)",120,6.6,1080x2400,399,84.9,Gorilla Glass Victus,"Android 11, MIUI 12.5 for POCO",Mediatek Dimensity 1100 (6 nm),6,Octa-core (4x2.6 GHz Cortex-A78 & 4x2.0 GHz Cortex-A55),Mali-G77 MC9,8,8,128,256,UFS 3.1,64.0,3,1.8,No,1/1.97,Yes,"Color spectrum sensor, LED flash, HDR, panorama","4K@30fps, 1080p@30/60/120fps",16.0,No,,"1080p@30fps, 720p@120fps, 960fps","Wi-Fi 802.11 a/b/g/n/ac/6, dual-band, Wi-Fi Direct",Yes,5.2,Type-C,No,"GPS, GLONASS, GALILEO, BDS, QZSS","Fingerprint (side-mounted), accelerometer, gyro, compass",5000,67,,No,,,150.0,,,506800,2310,,537,-28.5,"Stargaze Black, Wave Blue, Cloud White",21061110AG,1.09 W/kg (head) 1.05 W/kg (body),0.58 W/kg (head) 0.94 W/kg (body),No
Xiaomi,Xiaomi Poco F3 GT,https://www.gsmarena.com/xiaomi_poco_f3_gt-10886.php,https://fdn2.gsmarena.com/vv/bigpic/xiaomi-poco-f3-gt.jpg,GSM / HSPA / LTE / 5G,Yes,"2021, July 23","Available. Released 2021, July 26",161.9 x 76.9 x 8.3 mm (6.37 x 3.03 x 0.33 in),205.0,Glass,IP53,Nano-SIM + Nano-SIM,"AMOLED, 1B colors, 120Hz, HDR10+, 500 nits (typ)",120,6.67,1080x2400,395,86.3,Gorilla Glass 5,"Android 11, upgradable to Android 12, MIUI 13 for POCO",Mediatek Dimensity 1200 (6 nm),6,Octa-core (1x3.0 GHz Cortex-A78 & 3x2.6 GHz Cortex-A78 & 4x2.0 GHz Cortex-A55),Mali-G77 MC9,6,8,128,256,UFS 3.1,64.0,3,1.7,No,1/2.0,Yes,"Dual-LED flash, HDR, panorama","4K@30fps, 1080p@30/60/120fps, 720p@960fps, HDR",16.0,No,"HDR, panorama","1080p@30fps, HDR","Wi-Fi 802.11 a/b/g/n/ac/6, dual-band, Wi-Fi Direct",Yes,5.1,Type-C,No,"GPS, GLONASS, GALILEO, BDS","Fingerprint (side-mounted), accelerometer, gyro, proximity, compass",5065,67,,No,,,300.0,,,,,,,,"Predator Black, Gunmetal Silver","MZB09C6IN, M2104K10I",0.81 W/kg (head) 0.48 W/kg (body),,No
Xiaomi,Xiaomi Redmi Note 10T 5G,https://www.gsmarena.com/xiaomi_redmi_note_10t_5g-11008.php,https://fdn2.gsmarena.com/vv/bigpic/xiaomi-redmi-note-10t-5g.jpg,GSM / HSPA / LTE / 5G,Yes,"2021, July 20","Available. Released 2021, July 26",161.8 x 75.4 x 8.9 mm (6.37 x 2.97 x 0.35 in),190.0,Glass,,Nano-SIM + Nano-SIM,"IPS LCD, 90Hz, 400 nits (typ), 500 nits (HBM)",90,6.5,1080x2400,405,83.6,Gorilla Glass 3,"Android 11, MIUI 12",Mediatek Dimensity 700 (7 nm),7,Octa-core (2x2.2 GHz Cortex-A76 & 6x2.0 GHz Cortex-A55),Mali-G57 MC2,4,6,64,128,UFS 2.2,48.0,3,1.8,No,1/2.0,No,"LED flash, HDR, panorama",1080p@30fps,8.0,No,HDR,1080p@30fps,"Wi-Fi 802.11 a/b/g/n/ac, dual-band, Wi-Fi Direct",No,5.1,Type-C,Yes,"GPS, GLONASS, BDS","Fingerprint (side-mounted), accelerometer, gyro, proximity, compass",5000,18,,No,,,170.0,,,,,,,,"Metallic Blue, Mint Green, Chromium White, Graphite Black","M2103K19I, M2103K19Y",0.86 W/kg (head) 0.80 W/kg (body),,FM radio
Xiaomi,Xiaomi Mi Watch Revolve Active,https://www.gsmarena.com/xiaomi_mi_watch_revolve_active-10977.php,https://fdn2.gsmarena.com/vv/bigpic/xiaomi-mi-watch-revolve-active.jpg,No cellular connectivity,No,"2021, June 22","Available. Released 2021, June 25",53.4 x 45.9 x 11.8 mm (2.10 x 1.81 x 0.46 in),32.0,Glass,,No,AMOLED,,1.39,454x454,326,,,Proprietary OS,,,,,,,,,eMMC,,,,No,,No,,,,No,,,No,No,5.0,No,No,"GPS, GLONASS, GALILEO, BDS","Accelerometer, heart rate, SpO2, gyro, barometer, compass",420,,,No,,,100.0,,,,,,,,"Black, Navy Blue, Beige",XMWTCL02,,,No
Xiaomi,Xiaomi Redmi Note 10 Pro (China),https://www.gsmarena.com/xiaomi_redmi_note_10_pro_(china)-10930.php,https://fdn2.gsmarena.com/vv/bigpic/xiaomi-redmi-note-10-pro-china-new.jpg,GSM / CDMA / HSPA / EVDO / LTE / 5G,Yes,"2021, May 26","Available. Released 2021, June 02",163.3 x 75.9 x 8.9 mm (6.43 x 2.99 x 0.35 in),193.0,Glass,IP53,Nano-SIM + Nano-SIM,"IPS LCD, 120Hz, HDR10, 450 nits (typ)",120,6.6,1080x2400,399,84.9,Gorilla Glass Victus,"Android 11, MIUI 12.5",Mediatek Dimensity 1100 (6 nm),6,Octa-core (4x2.6 GHz Cortex-A78 & 4x2.0 GHz Cortex-A55),Mali-G77 MC9,6,8,128,256,UFS 3.1,64.0,3,1.8,No,1/1.97,Yes,"Color spectrum sensor, LED flash, HDR, panorama","4K@30fps, 1080p@30/60/120fps, 720p@960fps, HDR",16.0,No,"Panorama, HDR","1080p@30fps, 720p@120fps, HDR","Wi-Fi 802.11 a/b/g/n/ac/6, dual-band, Wi-Fi Direct",Yes,5.2,Type-C,No,"GPS, GLONASS, GALILEO, BDS, QZSS","Fingerprint (side-mounted), accelerometer, gyro, compass",5000,67,,No,,,200.0,,,,,,,,"Stargaze Black, Wave Blue, Cloud White",,,,No
Xiaomi,Xiaomi Redmi Note 8 2021,https://www.gsmarena.com/xiaomi_redmi_note_8_2021-10919.php,https://fdn2.gsmarena.com/vv/bigpic/xiaomi-redmi-note8-2021.jpg,GSM / HSPA / LTE,No,"2021, May 25","Available. Released 2021, May 27",158.3 x 75.3 x 8.4 mm (6.23 x 2.96 x 0.33 in),190.0,Glass,,Nano-SIM + Nano-SIM,"IPS LCD, 500 nits (typ)",,6.3,1080x2340,409,81.7,Gorilla Glass 5,"Android 11, MIUI 12.5",Mediatek MT6769Z Helio G85 (12 nm),12,Octa-core (2x2.0 GHz Cortex-A75 & 6x1.8 GHz Cortex-A55),Mali-G52 MC2,3,4,64,128,eMMC 5.1,48.0,4,1.8,No,1/2.0,No,"LED flash, HDR, panorama",1080p@30/120fps; gyro-EIS,13.0,No,"HDR, panorama",1080p@30fps,"Wi-Fi 802.11 a/b/g/n/ac, dual-band, Wi-Fi Direct",No,5.2,Type-C,Yes,"GPS, GLONASS, GALILEO, BDS","Fingerprint (rear-mounted), accelerometer, gyro, proximity, compass",4000,18,,No,,,160.0,,,180195,5259,,620,-28.6,"Neptune Blue, Moonlight White, Space Black",M1908C3JGG,0.97 W/kg (head) 0.75 W/kg (body),0.57 W/kg (head) 0.94 W/kg (body),FM radio
Xiaomi,Xiaomi Poco M3 Pro 5G,https://www.gsmarena.com/xiaomi_poco_m3_pro_5g-10857.php,https://fdn2.gsmarena.com/vv/bigpic/xiaomi-poco-m3-pro-5g.jpg,GSM / HSPA / LTE / 5G,Yes,"2021, May 19","Available. Released 2021, May 22",161.8 x 75.3 x 8.9 mm (6.37 x 2.96 x 0.35 in),190.0,Glass,,Nano-SIM + Nano-SIM,"IPS LCD, 90Hz, 400 nits (typ), 500 nits (HBM)",90,6.5,1080x2400,405,83.7,Gorilla Glass 3,"Android 11, MIUI 12",Mediatek Dimensity 700 (7 nm),7,Octa-core (2x2.2 GHz Cortex-A76 & 6x2.0 GHz Cortex-A55),Mali-G57 MC2,4,6,64,128,UFS 2.2,48.0,3,1.8,No,1/2.0,No,"Dual-LED dual-tone flash, HDR, panorama",1080p@30fps,8.0,No,,1080p@30fps,"Wi-Fi 802.11 a/b/g/n/ac, dual-band, Wi-Fi Direct",Yes,5.1,Type-C,Yes,"GPS, GLONASS, GALILEO, BDS","Fingerprint (side-mounted), accelerometer, gyro, proximity, compass",5000,18,,No,,,140.0,,,,,,536,-27.9,"Poco Yellow, Power Black, Cool Blue","M2103K19PG, M2103K19PI, M2103K19PY",0.94 W/kg (head) 1.06 W/kg (body),0.54 W/kg (head) 0.90 W/kg (body),FM radio
Xiaomi,Xiaomi Redmi K40 Gaming,https://www.gsmarena.com/xiaomi_redmi_k40_gaming-10880.php,https://fdn2.gsmarena.com/vv/bigpic/xiaomi-redmi-k40-gaming.jpg,GSM / CDMA / HSPA / CDMA2000 / LTE / 5G,Yes,"2021, April 27","Available. Released 2021, April 30",161.9 x 76.9 x 8.3 mm (6.37 x 3.03 x 0.33 in),205.0,Glass,IP53,Nano-SIM + Nano-SIM,"OLED, 1B colors, 120Hz, HDR10+, 500 nits (typ)",120,6.67,1080x2400,395,86.3,Gorilla Glass 5,"Android 11, MIUI 12.5",Mediatek Dimensity 1200 (6 nm),6,Octa-core (1x3.0 GHz Cortex-A78 & 3x2.6 GHz Cortex-A78 & 4x2.0 GHz Cortex-A55),Mali-G77 MC9,6,12,128,256,UFS 3.1,64.0,3,1.7,No,1/2.0,Yes,"Color spectrum sensor, Dual-LED flash, HDR, panorama","4K@30fps, 1080p@30/60/120fps, 720p@960fps, HDR",16.0,No,HDR,"1080p@30fps, 720p@120fps, HDR","Wi-Fi 802.11 a/b/g/n/ac/6, dual-band, Wi-Fi Direct",Yes,5.2,Type-C,No,"GPS (L1+L5), GLONASS (G1), BDS (B1I+B2a), GALILEO (E1+E5a), QZSS (L1+L5), NavIC","Fingerprint (side-mounted), accelerometer, gyro, compass, barometer",5065,67,,No,,,260.0,,,,,,,,"Black, Gray, Silver, Bruce Lee Yellow","M2012K10C, M2104K10AC",,,No
Xiaomi,Xiaomi Mi 11X Pro,https://www.gsmarena.com/xiaomi_mi_11x_pro-10776.php,https://fdn2.gsmarena.com/vv/bigpic/xiaomi-mi11x-pro.jpg,GSM / HSPA / LTE / 5G,Yes,"2021, April 23","Available. Released 2021, May 05",163.7 x 76.4 x 7.8 mm (6.44 x 3.01 x 0.31 in),196.0,Glass,,Nano-SIM + Nano-SIM,"Super AMOLED, 120Hz, HDR10+, 900 nits (HBM), 1300 nits (peak)",120,6.67,1080x2400,395,85.9,Gorilla Glass 5,"Android 11, MIUI 12",Qualcomm SM8350 Snapdragon 888 5G (5 nm),5,Octa-core (1x2.84 GHz Cortex-X1 & 3x2.42 GHz Cortex-A78 & 4x1.80 GHz Cortex-A55),Adreno 660,8,8,128,256,UFS 3.1,108.0,3,1.8,No,1/1.52,Yes,"Color spectrum sensor, LED flash, HDR, panorama","8K@30fps, 4K@30/60fps, 1080p@30/60/120/240/960fps, gyro-EIS, HDR10+",20.0,No,HDR,"1080p@30fps, 720p@120fps","Wi-Fi 802.11 a/b/g/n/ac/6, dual-band, Wi-Fi Direct",No,5.2,Type-C,No,"GPS (L1+L5), GLONASS, BDS, NavIC","Fingerprint (side-mounted), accelerometer, gyro, proximity, compass, barometer",4520,33,,No,,,440.0,,,,,,,,"Celestial Silver, Lunar White, Cosmic Black",M2012K11I,0.85 W/kg (head) 0.60 W/kg (body),,No
Xiaomi,Xiaomi Mi 11X,https://www.gsmarena.com/xiaomi_mi_11x-10775.php,https://fdn2.gsmarena.com/vv/bigpic/xiaomi-mi11x.jpg,GSM / HSPA / LTE / 5G,Yes,"2021, April 23","Available. Released 2021, April 27",163.7 x 76.4 x 7.8 mm (6.44 x 3.01 x 0.31 in),196.0,Glass,,Nano-SIM + Nano-SIM,"Super AMOLED, 120Hz, HDR10+, 1300 nits (peak)",120,6.67,1080x2400,395,85.9,Gorilla Glass 5,"Android 11, MIUI 12",Qualcomm SM8250-AC Snapdragon 870 5G (7 nm),7,Octa-core (1x3.2 GHz Kryo 585 & 3x2.42 GHz Kryo 585 & 4x1.80 GHz Kryo 585),Adreno 650,6,8,128,128,UFS 3.1,48.0,3,1.8,No,1/2.0,Yes,"LED flash, HDR, panorama","4K@30fps, 1080p@30/60/120/240/960fps, gyro-EIS",20.0,No,HDR,"1080p@30fps, 720p@120fps","Wi-Fi 802.11 a/b/g/n/ac/6, dual-band, Wi-Fi Direct",No,5.1,Type-C,No,"GPS (L1+L5), GLONASS, BDS, NavIC","Fingerprint (side-mounted), accelerometer, gyro, proximity, compass",4520,33,,No,,,330.0,,,,,,,,"Celestial Silver, Lunar White, Cosmic Black",M2012K11AI,0.86 W/kg (head) 0.69 W/kg (body),,No
Xiaomi,Xiaomi Poco M2 Reloaded,https://www.gsmarena.com/xiaomi_poco_m2_reloaded-10867.php,https://fdn2.gsmarena.com/vv/bigpic/xiaomi-poco-m2-reloaded.jpg,GSM / HSPA / LTE,No,"2021, April 21","Available. Released 2021, April 21",163.3 x 77 x 9.1 mm (6.43 x 3.03 x 0.36 in),198.0,Glass,,Nano-SIM + Nano-SIM,"IPS LCD, 400 nits (typ)",,6.53,1080x2340,395,83.2,Gorilla Glass 3,"Android 10, MIUI 12",Mediatek MT6769V/CU Helio G80 (12 nm),12,Octa-core (2x2.0 GHz Cortex-A75 & 6x1.8 GHz Cortex-A55),Mali-G52 MC2,4,4,64,64,eMMC 5.1,13.0,4,2.2,No,1/3.1,No,"LED flash, HDR, panorama",1080p@30fps,8.0,No,HDR,1080p@30fps,"Wi-Fi 802.11 a/b/g/n/ac, dual-band, Wi-Fi Direct",No,5.0,Type-C,Yes,"GPS, GLONASS, BDS","Fingerprint (rear-mounted), accelerometer, proximity, compass",5000,18,,No,,,100.0,,,,,,,,"Pitch Black (Greyish Black), Slate Blue (Mostly Blue)",MZB0957IN,0.85 W/kg (head) 0.42 W/kg (body),,Wireless FM radio (no wired headphones required)
Xiaomi,Xiaomi Mi Mix Fold,https://www.gsmarena.com/xiaomi_mi_mix_fold-10817.php,https://fdn2.gsmarena.com/vv/bigpic/xiaomi-mi-mix-fold.jpg,GSM / CDMA / HSPA / EVDO / LTE / 5G,Yes,"2021, March","Available. Released 2021, April 16",Unfolded: 173.3 x 133.4 x 7.6 mm Folded: 173.3 x 69.8 x 17.2 mm,317.0,Ceramic,,Nano-SIM + Nano-SIM,"Foldable AMOLED, 1B colors, HDR10+, Dolby Vision, 600 nits (typ), 900 nits (peak)",,8.01,1860x2480,387,85.9,,"Android 10, MIUI 12",Qualcomm SM8350 Snapdragon 888 5G (5 nm),5,Octa-core (1x2.84 GHz Cortex-X1 & 3x2.42 GHz Cortex-A78 & 4x1.80 GHz Cortex-A55),Adreno 660,12,16,256,512,UFS 3.1,108.0,3,1.8,No,1/1.52,Yes,"Color spectrum sensor, Dual-LED flash, HDR, panorama","8K@24/30fps, 4K@30/60fps, 1080p@30/60fps, gyro-EIS",20.0,No,"HDR, panorama","1080p@30/60fps, 720p@120fps","Wi-Fi 802.11 a/b/g/n/ac/6e, dual-band, Wi-Fi Direct",Yes,5.2,Type-C,No,"GPS (L1+L5), GLONASS (L1), BDS (B1I+B1c+B2a), GALILEO (E1+E5a), QZSS (L1+L5), NavIC (L5)","Fingerprint (side-mounted), accelerometer, gyro, proximity, compass, barometer",5020,67,,No,,,1300.0,,,,,,,,"Black, Ceramic",M2011J18C,,,No
Xiaomi,Xiaomi Mi 11 Ultra,https://www.gsmarena.com/xiaomi_mi_11_ultra-10737.php,https://fdn2.gsmarena.com/vv/bigpic/xiaomi-mi11-ultra-5g-k1.jpg,GSM / CDMA / HSPA / EVDO / LTE / 5G,Yes,"2021, March 29","Available. Released 2021, April 02",164.3 x 74.6 x 8.4 mm (6.47 x 2.94 x 0.33 in),234.0,Ceramic,IP68,Nano-SIM + Nano-SIM,"AMOLED, 1B colors, 120Hz, HDR10+, Dolby Vision, 900 nits (HBM), 1700 nits (peak)",120,6.81,1440x3200,515,91.4,Gorilla Glass Victus,"Android 11, upgradable to Android 13, MIUI 14",Qualcomm SM8350 Snapdragon 888 5G (5 nm),5,Octa-core (1x2.84 GHz Cortex-X1 & 3x2.42 GHz Cortex-A78 & 4x1.80 GHz Cortex-A55),Adreno 660,8,12,256,512,UFS 3.1,50.0,3,2.0,Yes,1/1.12,Yes,"Laser AF, color spectrum sensor, Dual-LED flash, HDR, panorama, 1.1” AMOLED selfie display","8K@24fps, 4K@30/60fps, 1080p@30/60/120/240/960/1920fps, gyro-EIS, HDR10+ rec.",20.0,No,"HDR, panorama","1080p@30/60fps, 720p@120fps, gyro-EIS","Wi-Fi 802.11 a/b/g/n/ac/6e, dual-band, Wi-Fi Direct, DLNA",Yes,5.2,Type-C,No,"GPS (L1+L5), GLONASS (L1), BDS (B1I+B1c+B2a), GALILEO (E1+E5a), QZSS (L1+L5), NavIC (L5)","Fingerprint (under display, optical), accelerometer, gyro, compass",5000,67,67,Yes,,,1500.0,,,688720,3191,,943,-24.3,"Ceramic White (Cosmic White), Ceramic Black (Cosmic Black)","M2102K1G, M2102K1C",1.08 W/kg (head) 0.81 W/kg (body),0.55 W/kg (head) 0.99 W/kg (body),No
Xiaomi,Xiaomi Mi 11 Pro,https://www.gsmarena.com/xiaomi_mi_11_pro-10816.php,https://fdn2.gsmarena.com/vv/bigpic/xiaomi-mi-11-pro-5g.jpg,GSM / CDMA / HSPA / EVDO / LTE / 5G,Yes,"2021, March 29","Available. Released 2021, April 02",164.3 x 74.6 x 8.5 mm (6.47 x 2.94 x 0.33 in),208.0,,IP68,Nano-SIM + Nano-SIM,"AMOLED, 1B colors, 120Hz, HDR10+, Dolby Vision, 1500 nits (peak)",120,6.81,1440x3200,515,91.4,Gorilla Glass Victus,"Android 11, MIUI 12.5",Qualcomm SM8350 Snapdragon 888 5G (5 nm),5,Octa-core (1x2.84 GHz Cortex-X1 & 3x2.42 GHz Cortex-A78 & 4x1.80 GHz Cortex-A55),Adreno 660,8,12,128,256,UFS 3.1,50.0,3,2.0,Yes,1/1.12,Yes,"Color spectrum sensor, LED flash, HDR, panorama","8K@24fps, 4K@30/60fps, 1080p@30/60fps, gyro-EIS, HDR10+ rec.",20.0,No,"HDR, panorama","1080p@30/60fps, 720p@120fps, gyro-EIS","Wi-Fi 802.11 a/b/g/n/ac/6e, dual-band, Wi-Fi Direct, DLNA",Yes,5.2,Type-C,No,"GPS (L1+L5), GLONASS (L1), BDS (B1I+B1c+B2a), GALILEO (E1+E5a), QZSS (L1+L5), NavIC (L5)","Fingerprint (under display, optical), accelerometer, gyro, proximity, compass",5000,67,67,Yes,,,370.0,,,,,,,,"Black, Green, Purple",M2102K1AC,,,No
Xiaomi,Xiaomi Mi 11i,https://www.gsmarena.com/xiaomi_mi_11i-10777.php,https://fdn2.gsmarena.com/vv/bigpic/xiaomi-mi-11i-5g.jpg,GSM / HSPA / LTE / 5G,Yes,"2021, March 29","Available. Released 2021, May 31",163.7 x 76.4 x 7.8 mm (6.44 x 3.01 x 0.31 in),196.0,,IP53,Nano-SIM + Nano-SIM,"Super AMOLED, 120Hz, HDR10+, 900 nits (HBM), 1300 nits (peak)",120,6.67,1080x2400,395,85.9,Gorilla Glass 5,"Android 11, MIUI 12",Qualcomm SM8350 Snapdragon 888 5G (5 nm),5,Octa-core (1x2.84 GHz Cortex-X1 & 3x2.42 GHz Cortex-A78 & 4x1.80 GHz Cortex-A55),Adreno 660,8,8,128,256,UFS 3.1,108.0,3,1.8,No,1/1.52,Yes,"Color spectrum sensor, LED flash, HDR, panorama","8K@30fps, 4K@30/60fps, 1080p@30/60/120/240/960fps, gyro-EIS, HDR10+",20.0,No,HDR,"1080p@30fps, 720p@120fps","Wi-Fi 802.11 a/b/g/n/ac/6, dual-band, Wi-Fi Direct",Yes,5.2,Type-C,No,"GPS (L1+L5), GLONASS (L1), BDS (B1I+B1c+B2a), GALILEO (E1+E5a), QZSS (L1+L5), NavIC (L5)","Fingerprint (side-mounted), accelerometer, gyro, proximity, compass, barometer",4520,33,,No,,,230.0,,,690021,3641,,939,-26.0,"Celestial Silver, Frosty White, Cosmic Black",M2012K11G,0.95 W/kg (head) 0.74 W/kg (body),0.57 W/kg (head) 0.77 W/kg (body),No
Xiaomi,Xiaomi Mi 11 Lite 5G,https://www.gsmarena.com/xiaomi_mi_11_lite_5g-10815.php,https://fdn2.gsmarena.com/vv/bigpic/xiaomi-mi-11-lite-5g.jpg,GSM / CDMA / HSPA / EVDO / LTE / 5G,Yes,"2021, March 29","Available. Released 2021, April 16",160.5 x 75.7 x 6.8 mm (6.32 x 2.98 x 0.27 in),159.0,Glass,IP53,Nano-SIM + Nano-SIM,"AMOLED, 1B colors, HDR10+, 90Hz, 500 nits (typ), 800 nits",90,6.55,1080x2400,402,85.3,Gorilla Glass 6,"Android 11, upgradable to Android 13, MIUI 14",Qualcomm SM7350-AB Snapdragon 780G (5 nm),5,Octa-core (1x2.4 GHz Kryo 670 & 3x2.2 GHz Kryo 670 & 4x1.90 GHz Kryo 670),Adreno 642,6,8,64,256,UFS 2.2,64.0,3,1.8,No,1/1.97,Yes,"Dual-LED dual-tone flash, HDR, panorama","4K@30fps, 1080p@30/60/120fps; gyro-EIS",20.0,No,"HDR, panorama","1080p@30/60fps, 720p@120fps","Wi-Fi 802.11 a/b/g/n/ac/6, dual-band, Wi-Fi Direct",Yes,5.2,Type-C,No,"GPS (L1+L5), GLONASS (G1), BDS (B1I+B1c+B2a), GALILEO (E1+E5a), QZSS (L1+L5), NavIC (L5)","Fingerprint (side-mounted), accelerometer, gyro, compass",4250,33,,No,,,120.0,,,465534,2909,,846,-23.6,"Truffle Black, Mint Green, Citrus Yellow","M2101K9G, M2101K9C, M2101K9R",1.03 W/kg (head) 1.06 W/kg (body),0.56 W/kg (head) 0.89 W/kg (body),No
Xiaomi,Xiaomi Mi 11 Lite,https://www.gsmarena.com/xiaomi_mi_11_lite-10665.php,https://fdn2.gsmarena.com/vv/bigpic/xiaomi-mi-11-lite-4g.jpg,GSM / HSPA / LTE,No,"2021, March 29","Available. Released 2021, April 16",160.5 x 75.7 x 6.8 mm (6.32 x 2.98 x 0.27 in),157.0,,IP53,Nano-SIM + Nano-SIM,"AMOLED, 1B colors, HDR10, 90Hz, 500 nits (typ), 800 nits",90,6.55,1080x2400,402,85.3,Gorilla Glass 5,"Android 11, MIUI 12",Qualcomm SM7150 Snapdragon 732G (8 nm),8,Octa-core (2x2.3 GHz Kryo 470 Gold & 6x1.8 GHz Kryo 470 Silver),Adreno 618,4,8,64,128,UFS 2.2,64.0,3,1.8,No,1/1.97,Yes,"Dual-LED dual-tone flash, HDR, panorama","4K@30fps, 1080p@30/60/120fps; gyro-EIS",16.0,No,"HDR, panorama","1080p@30fps, 720p@120fps","Wi-Fi 802.11 a/b/g/n/ac, dual-band, Wi-Fi Direct",Yes,5.1,Type-C,No,"GPS, GLONASS, BDS, GALILEO","Fingerprint (side-mounted), accelerometer, gyro, compass",4250,33,,No,,,120.0,,,290172,1796,,826,-24.2,"Boba Black (Vinyl Black), Peach Pink (Tuscany Coral), Bubblegum Blue (Jazz Blue)","M2101K9AG, M2101K9AI",1.07 W/kg (head) 0.82 W/kg (body),0.60 W/kg (head) 0.95 W/kg (body),No
Xiaomi,Xiaomi Black Shark 4 Pro,https://www.gsmarena.com/xiaomi_black_shark_4_pro-10805.php,https://fdn2.gsmarena.com/vv/bigpic/xiaomi-black-shark-4-pro.jpg,GSM / CDMA / HSPA / EVDO / LTE / 5G,Yes,"2021, March 23","Available. Released 2021, March 30",163.8 x 76.4 x 9.9 mm (6.45 x 3.01 x 0.39 in),220.0,,,Nano-SIM + Nano-SIM,"Super AMOLED, 144Hz, HDR10+, 1300 nits (peak)",144,6.67,1080x2400,395,85.8,,"Android 11, Joy UI 12.5",Qualcomm SM8350 Snapdragon 888 5G (5 nm),5,Octa-core (1x2.84 GHz Cortex-X1 & 3x2.42 GHz Cortex-A78 & 4x1.80 GHz Cortex-A55),Adreno 660,8,16,128,512,UFS 3.1,64.0,3,1.8,No,1/1.97,Yes,"LED flash, HDR, panorama","4K@30/60fps, 1080p@30/60/240fps, 1080p@960fps; HDR10+",20.0,No,HDR,1080p@30fps,"Wi-Fi 802.11 a/b/g/n/ac/6, dual-band, Wi-Fi Direct",Yes,5.2,Type-C,Yes,"GPS, GLONASS, GALILEO, QZSS, BDS","Fingerprint (side-mounted), accelerometer, gyro, proximity, compass, barometer (China only)",4500,120,,No,,,500.0,,,,,,,,"Shadow Black, Misty Grey, Cosmos Black, Dark Blue, Silver",SHARK PAR-H0,,,No
Xiaomi,Xiaomi Black Shark 4,https://www.gsmarena.com/xiaomi_black_shark_4-10714.php,https://fdn2.gsmarena.com/vv/bigpic/xiaomi-black-shark-4.jpg,GSM / CDMA / HSPA / EVDO / LTE / 5G,Yes,"2021, March 23","Available. Released 2021, March 30",163.8 x 76.4 x 9.9 mm (6.45 x 3.01 x 0.39 in),210.0,,,Nano-SIM + Nano-SIM,"Super AMOLED, 144Hz, HDR10+, 1300 nits (peak)",144,6.67,1080x2400,395,85.8,,"Android 11, Joy UI 12.5",Qualcomm SM8250-AC Snapdragon 870 5G (7 nm),7,Octa-core (1x3.2 GHz Kryo 585 & 3x2.42 GHz Kryo 585 & 4x1.80 GHz Kryo 585),Adreno 650,6,12,128,256,UFS 3.1,48.0,3,1.8,No,1/2.0,Yes,"LED flash, HDR, panorama","4K@30/60fps, 1080p@30/60/240fps, 1080p@960fps",20.0,No,HDR,1080p@30fps,"Wi-Fi 802.11 a/b/g/n/ac/6, dual-band, Wi-Fi Direct",Yes,5.2,Type-C,Yes,"GPS, GLONASS, GALILEO, QZSS, BDS","Fingerprint (side-mounted), accelerometer, gyro, proximity, compass, barometer",4500,120,,No,,,930.0,,,617456,3448,,694,-27.4,"Mirror Black, Pale Grey, Black, Blue, Silver","SHARK PRS-H0, SHARK PRS-A0, SHARK KSR-A0",,,No
Xiaomi,Xiaomi Poco X3 Pro,https://www.gsmarena.com/xiaomi_poco_x3_pro-10802.php,https://fdn2.gsmarena.com/vv/bigpic/xiaomi-poco-x3-pro-.jpg,GSM / HSPA / LTE,No,"2021, March 22","Available. Released 2021, March 24",165.3 x 76.8 x 9.4 mm (6.51 x 3.02 x 0.37 in),215.0,Glass,IP53,Nano-SIM + Nano-SIM,"IPS LCD, 120Hz, 2404Hz PWM, HDR10, 450 nits (typ)",120,6.67,1080x2400,395,84.6,Gorilla Glass 6,"Android 11, upgradable to Android 12, MIUI 13 for POCO",Qualcomm Snapdragon 860 (7 nm),7,Octa-core (1x2.96 GHz Kryo 485 Gold & 3x2.42 GHz Kryo 485 Gold & 4x1.78 GHz Kryo 485 Silver),Adreno 640,6,8,128,256,UFS 3.1,48.0,4,1.8,No,1/2.0,Yes,"Dual-LED flash, HDR, panorama","4K@30fps, 1080p@30/60/120/240fps, 1080p@960fps, gyro-EIS",20.0,No,"HDR, panorama",1080p@30fps,"Wi-Fi 802.11 a/b/g/n/ac, dual-band, Wi-Fi Direct",Yes,5.0,Type-C,Yes,"GPS, GLONASS, GALILEO, BDS","Fingerprint (side-mounted), accelerometer, gyro, proximity, compass",5160,33,,No,,,120.0,,,453223,2574,,,-26.1,"Phantom Black, Frost Blue, Metal Bronze","M2102J20SG, M2102J20SI",0.99 W/kg (head) 0.67 W/kg (body),0.57 W/kg (head) 0.90 W/kg (body),"FM radio, recording"
Xiaomi,Xiaomi Poco F3,https://www.gsmarena.com/xiaomi_poco_f3-10758.php,https://fdn2.gsmarena.com/vv/bigpic/xiaomi-poco-f3.jpg,GSM / HSPA / LTE / 5G,Yes,"2021, March 22","Available. Released 2021, March 27",163.7 x 76.4 x 7.8 mm (6.44 x 3.01 x 0.31 in),196.0,Glass,IP53,Nano-SIM + Nano-SIM,"AMOLED, 120Hz, HDR10+, 1300 nits (peak)",120,6.67,1080x2400,395,85.9,Gorilla Glass 5,"Android 11, upgradable to Android 13, HyperOS",Qualcomm SM8250-AC Snapdragon 870 5G (7 nm),7,Octa-core (1x3.2 GHz Kryo 585 & 3x2.42 GHz Kryo 585 & 4x1.80 GHz Kryo 585),Adreno 650,6,8,128,256,UFS 3.1,48.0,3,1.8,No,1/2.0,Yes,"Color spectrum sensor, LED flash, HDR, panorama","4K@30fps, 1080p@30/60/120/240/960fps, gyro-EIS",20.0,No,HDR,"1080p@30/60fps, 720p@120fps","Wi-Fi 802.11 a/b/g/n/ac/6, dual-band, Wi-Fi Direct",Yes,5.1,Type-C,No,"GPS (L1+L5), GLONASS (G1), BDS (B1I+B2a), GALILEO (E1+E5a), NavIC","Fingerprint (side-mounted), accelerometer, gyro, compass",4520,33,,No,,,200.7,,,631850,3206,,,-24.5,"Arctic White, Night Black, Deep Ocean Blue, Moonlight Silver",M2012K11AG,1.06 W/kg (head) 0.72 W/kg (body),0.60 W/kg (head) 0.84 W/kg (body),No
Xiaomi,Xiaomi Mi 10S,https://www.gsmarena.com/xiaomi_mi_10s-10780.php,https://fdn2.gsmarena.com/vv/bigpic/xiaomi-mi-10s.jpg,GSM / HSPA / LTE / 5G,Yes,"2021, March 10","Available. Released 2021, March 12",162.6 x 74.8 x 9 mm (6.40 x 2.94 x 0.35 in),208.0,,,Nano-SIM + Nano-SIM,"AMOLED, 90Hz, HDR10+, 500 nits (typ), 1120 nits (peak)",90,6.67,1080x2340,386,89.8,Gorilla Glass 5,"Android 11, MIUI 12",Qualcomm SM8250-AC Snapdragon 870 5G (7 nm),7,Octa-core (1x3.2 GHz Kryo 585 & 3x2.42 GHz Kryo 585 & 4x1.80 GHz Kryo 585),Adreno 650,8,12,128,256,UFS 3.0,108.0,4,1.7,Yes,1/1.33,Yes,"Dual-LED dual-tone flash, HDR, panorama","8K@30fps, 4K@30/60fps, 1080p@30/60/120fps; gyro-EIS",20.0,No,"HDR, panorama","1080p@30fps, 720p@120fps","Wi-Fi 802.11 a/b/g/n/ac/6, dual-band, Wi-Fi Direct",Yes,5.1,Type-C,No,"GPS (L1+L5), GLONASS (G1), BDS (B1I+B2a), GALILEO (E1+E5a), QZSS (L1+L5)","Fingerprint (under display, optical), accelerometer, gyro, proximity, compass, barometer",4780,33,30,Yes,,,430.0,,,,,,,,"Titanium Black, Ice Blue, Pearl White",M2102J2SC,,,No
Xiaomi,Xiaomi Redmi Note 10 Pro,https://www.gsmarena.com/xiaomi_redmi_note_10_pro-10662.php,https://fdn2.gsmarena.com/vv/bigpic/xiaomi-redmi-note10-pro.jpg,GSM / HSPA / LTE,No,"2021, March 04","Available. Released 2021, March 24",164 x 76.5 x 8.1 mm (6.46 x 3.01 x 0.32 in),193.0,Glass,IP53,Nano-SIM + Nano-SIM,"AMOLED, 120Hz, HDR10, 450 nits (typ), 1200 nits (peak)",120,6.67,1080x2400,395,85.6,Gorilla Glass 5,"Android 11, upgradable to Android 13, MIUI 14",Qualcomm SM7150 Snapdragon 732G (8 nm),8,Octa-core (2x2.3 GHz Kryo 470 Gold & 6x1.8 GHz Kryo 470 Silver),Adreno 618,6,8,64,256,UFS 2.2,108.0,4,1.9,No,1/1.52,Yes,"LED flash, HDR, panorama","4K@30fps, 1080p@30/60fps",16.0,No,Panorama,"1080p@30fps, 720p@120fps","Wi-Fi 802.11 a/b/g/n/ac, dual-band, Wi-Fi Direct",Yes,5.1,Type-C,Yes,"GPS, GLONASS, GALILEO, BDS","Fingerprint (side-mounted), accelerometer, gyro, compass",5020,33,,No,,,165.0,299.99,,295442,1780,,725,-25.7,"Onyx Gray, Glacier Blue, Gradient Bronze","M2101K6G, M2101K6R",1.09 W/kg (head) 1.06 W/kg (body),0.60 W/kg (head) 0.99 W/kg (body),FM radio
Xiaomi,Xiaomi Redmi Note 10 5G,https://www.gsmarena.com/xiaomi_redmi_note_10_5g-10768.php,https://fdn2.gsmarena.com/vv/bigpic/xiaomi-redmi-note10-5g.jpg,GSM / HSPA / LTE / 5G,Yes,"2021, March 04","Available. Released 2021, April 28",161.8 x 75.3 x 8.9 mm (6.37 x 2.96 x 0.35 in),190.0,Glass,,Nano-SIM + Nano-SIM,"IPS LCD, 90Hz, 400 nits (typ), 500 nits (HBM)",90,6.5,1080x2400,405,83.7,Gorilla Glass 3,"Android 11, MIUI 12",Mediatek Dimensity 700 (7 nm),7,Octa-core (2x2.2 GHz Cortex-A76 & 6x2.0 GHz Cortex-A55),Mali-G57 MC2,4,8,64,256,UFS 2.2,48.0,3,1.8,No,1/2.0,No,"Dual-LED dual-tone flash, HDR, panorama",1080p@30fps,8.0,No,,1080p@30fps,"Wi-Fi 802.11 a/b/g/n/ac, dual-band, Wi-Fi Direct",Yes,5.1,Type-C,Yes,"GPS, GLONASS, GALILEO, BDS","Fingerprint (side-mounted), accelerometer, gyro, proximity, compass",5000,18,,No,,,140.0,,,,,,492,-27.0,"Chrome Silver, Graphite Gray, Nighttime Blue, Aurora Green","M2103K19G, M2103K19C",0.94 W/kg (head) 1.06 W/kg (body),0.54 W/kg (head) 0.90 W/kg (body),FM radio
Xiaomi,Xiaomi Redmi Note 10S,https://www.gsmarena.com/xiaomi_redmi_note_10s-10769.php,https://fdn2.gsmarena.com/vv/bigpic/xiaomi-redmi-note10s.jpg,GSM / HSPA / LTE,No,"2021, March 04","Available. Released 2021, April 28",160.5 x 74.5 x 8.3 mm (6.32 x 2.93 x 0.33 in),178.8,,IP53,Nano-SIM + Nano-SIM,"AMOLED, 450 nits (typ), 1100 nits (peak)",,6.43,1080x2400,409,83.5,Gorilla Glass 3,"Android 11, upgradable to Android 13, MIUI 14",Mediatek MT6785V/CD Helio G95 (12 nm),12,Octa-core (2x2.05 GHz Cortex-A76 & 6x2.0 GHz Cortex-A55),Mali-G76 MC4,4,8,64,128,UFS 2.2,64.0,4,1.8,No,1/1.97,Yes,"LED flash, HDR, panorama","4K@30fps, 1080p@30/60/120fps, 720p@960fps",13.0,No,HDR,1080p@30fps,"Wi-Fi 802.11 a/b/g/n/ac, dual-band, Wi-Fi Direct",Yes,5.1,Type-C,Yes,"GPS, GLONASS, GALILEO, BDS","Fingerprint (side-mounted), accelerometer, gyro, compass",5000,33,,No,,,101.77,145.0,,,,,,,"Deep Sea Blue (Ocean Blue), Shadow Black (Onyx Gray), (Frost White) Pebble White","M2101K7BG, M2101K7BI, M2101K7BNY, M2101K7BL",1.07 W/kg (head) 0.81 W/kg (body),0.60 W/kg (head) 0.90 W/kg (body),FM radio
Xiaomi,Xiaomi Redmi Note 10,https://www.gsmarena.com/xiaomi_redmi_note_10-10247.php,https://fdn2.gsmarena.com/vv/bigpic/xiaomi-redmi-note10--.jpg,GSM / HSPA / LTE,No,"2021, March 04","Available. Released 2021, March 16",160.5 x 74.5 x 8.3 mm (6.32 x 2.93 x 0.33 in),178.8,Glass,IP53,Nano-SIM + Nano-SIM,"Super AMOLED, 450 nits (typ), 1100 nits (peak)",,6.43,1080x2400,409,83.5,Gorilla Glass 3,"Android 11, upgradable to Android 12, MIUI 14",Qualcomm SDM678 Snapdragon 678 (11 nm),11,Octa-core (2x2.2 GHz Kryo 460 Gold & 6x1.7 GHz Kryo 460 Silver),Adreno 612,4,6,64,128,UFS 2.2,48.0,4,1.8,No,1/2.0,Yes,"LED flash, HDR, panorama","4K@30fps, 1080p@30/60fps",13.0,No,HDR,1080p@30fps,"Wi-Fi 802.11 a/b/g/n/ac, dual-band, Wi-Fi Direct",No,5.0,Type-C,Yes,"GPS, GLONASS, BDS, GALILEO","Fingerprint (side-mounted), accelerometer, gyro, compass",5000,33,,No,,,159.99,,,218788,2860,,682,-26.2,"Shadow Black (Onyx Gray), Frost White (Pebble White), Aqua Green (Lake Green)","M2101K7AI, M2101K7AG",1.09 W/kg (head) 1.09 W/kg (body),0.59 W/kg (head) 0.97 W/kg (body),"FM radio, recording"
Xiaomi,Xiaomi Redmi Note 10 Pro Max,https://www.gsmarena.com/xiaomi_redmi_note_10_pro_max-10770.php,https://fdn2.gsmarena.com/vv/bigpic/xiaomi-redmi-note10-pro-india.jpg,GSM / HSPA / LTE,No,"2021, March 04","Available. Released 2021, March 18",164.5 x 76.2 x 8.1 mm (6.48 x 3.00 x 0.32 in),192.0,Glass,IP53,Nano-SIM + Nano-SIM,"Super AMOLED, 120Hz, HDR10, 450 nits (typ), 1200 nits (peak)",120,6.67,1080x2400,395,85.7,Gorilla Glass 5,"Android 11, MIUI 12",Qualcomm SM7150 Snapdragon 732G (8 nm),8,Octa-core (2x2.3 GHz Kryo 470 Gold & 6x1.8 GHz Kryo 470 Silver),Adreno 618,6,8,64,128,UFS 2.2,108.0,4,1.9,No,1/1.52,Yes,"LED flash, HDR, panorama","4K@30fps, 1080p@30/60/120fps, 720p@960fps",16.0,No,Panorama,1080p@30fps,"Wi-Fi 802.11 a/b/g/n/ac, dual-band, Wi-Fi Direct",No,5.1,Type-C,Yes,"GPS, GLONASS, BDS","Fingerprint (side-mounted), accelerometer, gyro, proximity, compass",5020,33,,No,,,220.0,,,,,,,,"Dark Night, Glacial Blue, Vintage Bronze",M2101K6I,0.83 W/kg (head) 0.65 W/kg (body),,Unspecified
Xiaomi,Xiaomi Redmi Note 10 Pro (India),https://www.gsmarena.com/xiaomi_redmi_note_10_pro_(india)-10771.php,https://fdn2.gsmarena.com/vv/bigpic/xiaomi-redmi-note10-pro-india.jpg,GSM / HSPA / LTE,No,"2021, March 04","Available. Released 2021, March 17",164.5 x 76.2 x 8.1 mm (6.48 x 3.00 x 0.32 in),192.0,,,Nano-SIM + Nano-SIM,"Super AMOLED, 120Hz, HDR10, 450 nits (typ), 1200 nits (peak)",120,6.67,1080x2400,395,85.7,Gorilla Glass 5,"Android 11, MIUI 12",Qualcomm SM7150 Snapdragon 732G (8 nm),8,Octa-core (2x2.3 GHz Kryo 470 Gold & 6x1.8 GHz Kryo 470 Silver),Adreno 618,6,8,64,128,UFS 2.2,64.0,4,1.9,No,1/1.97,Yes,"LED flash, HDR, panorama","4K@30fps, 1080p@30/60/120fps, 720p@960fps",16.0,No,Panorama,1080p@30fps,"Wi-Fi 802.11 a/b/g/n/ac, dual-band, Wi-Fi Direct",No,5.1,Type-C,Yes,"GPS, GLONASS, BDS","Fingerprint (side-mounted), accelerometer, gyro, proximity, compass",5020,33,,No,,,180.0,,,,,,,,"Vintage Bronze, Glacial Blue, Dark Night",M2101K6P,0.83 W/kg (head) 0.65 W/kg (body),,Unspecified
Xiaomi,Xiaomi Redmi K40 Pro+,https://www.gsmarena.com/xiaomi_redmi_k40_pro+-10752.php,https://fdn2.gsmarena.com/vv/bigpic/xiaomi-redmi-k40-pro-plus.jpg,GSM / CDMA / HSPA / CDMA2000 / LTE / 5G,Yes,"2021, February 25","Available. Released 2021, March 04",163.7 x 76.4 x 7.8 mm (6.44 x 3.01 x 0.31 in),196.0,,IP53,Nano-SIM + Nano-SIM,"Super AMOLED, 120Hz, HDR10+, 1300 nits (peak)",120,6.67,1080x2400,395,85.9,Gorilla Glass 5,"Android 11, MIUI 12",Qualcomm SM8350 Snapdragon 888 5G (5 nm),5,Octa-core (1x2.84 GHz Cortex-X1 & 3x2.42 GHz Cortex-A78 & 4x1.80 GHz Cortex-A55),Adreno 660,12,12,256,256,UFS 3.1,108.0,3,1.8,No,1/1.52,Yes,"Color spectrum sensor, LED flash, HDR, panorama","8K@30fps, 4K@30/60fps, 1080p@30/60/120/240/960fps, gyro-EIS, HDR10+",20.0,No,HDR,"1080p@30fps, 720p@120fps","Wi-Fi 802.11 a/b/g/n/ac/6e, dual-band, Wi-Fi Direct",Yes,5.2,Type-C,No,"GPS (L1+L5), GLONASS (G1), BDS (B1I+B1c+B2a), GALILEO (E1+E5a), QZSS (L1+L5), NavIC (L5)","Fingerprint (side-mounted), accelerometer, gyro, proximity, compass, barometer",4520,33,,No,,,470.0,,,,,,,,"Black, White, Aurora",,,,No
Xiaomi,Xiaomi Redmi K40 Pro,https://www.gsmarena.com/xiaomi_redmi_k40_pro-10727.php,https://fdn2.gsmarena.com/vv/bigpic/xiaomi-redmi-k40-pro.jpg,GSM / CDMA / HSPA / CDMA2000 / LTE / 5G,Yes,"2021, February 25","Available. Released 2021, March 04",163.7 x 76.4 x 7.8 mm (6.44 x 3.01 x 0.31 in),196.0,,IP53,Nano-SIM + Nano-SIM,"Super AMOLED, 120Hz, HDR10+, 1300 nits (peak)",120,6.67,1080x2400,395,85.9,Gorilla Glass 5,"Android 11, MIUI 12",Qualcomm SM8350 Snapdragon 888 5G (5 nm),5,Octa-core (1x2.84 GHz Cortex-X1 & 3x2.42 GHz Cortex-A78 & 4x1.80 GHz Cortex-A55),Adreno 660,6,12,128,256,UFS 3.1,64.0,3,1.9,No,1/1.7,Yes,"Color spectrum sensor, LED flash, HDR, panorama","8K@30fps, 4K@30/60fps, 1080p@30/60/120/240/960fps, gyro-EIS, HDR10+",20.0,No,HDR,"1080p@30fps, 720p@120fps","Wi-Fi 802.11 a/b/g/n/ac/6e, dual-band, Wi-Fi Direct",Yes,5.2,Type-C,No,"GPS (L1+L5), GLONASS (G1), BDS (B1I+B1c+B2a), GALILEO (E1+E5a), QZSS (L1+L5), NavIC (L5)","Fingerprint (side-mounted), accelerometer, gyro, proximity, compass, barometer",4520,33,,No,,,360.0,,,,,,,,"Black, White, Aurora",M2012K11C,,,No
Xiaomi,Xiaomi Redmi K40,https://www.gsmarena.com/xiaomi_redmi_k40-10728.php,https://fdn2.gsmarena.com/vv/bigpic/xiaomi-redmi-k40.jpg,GSM / CDMA / HSPA / CDMA2000 / LTE / 5G,Yes,"2021, February 25","Available. Released 2021, March 04",163.7 x 76.4 x 7.8 mm (6.44 x 3.01 x 0.31 in),196.0,,,Nano-SIM + Nano-SIM,"Super AMOLED, 120Hz, HDR10+, 1300 nits (peak)",120,6.67,1080x2400,395,85.9,Gorilla Glass 5,"Android 11, MIUI 12",Qualcomm SM8250-AC Snapdragon 870 5G (7 nm),7,Octa-core (1x3.2 GHz Kryo 585 & 3x2.42 GHz Kryo 585 & 4x1.80 GHz Kryo 585),Adreno 650,6,12,128,256,UFS 3.1,48.0,3,1.8,No,1/2.0,Yes,"Color spectrum sensor, LED flash, HDR, panorama","4K@30fps, 1080p@30/60/120/240/960fps, gyro-EIS",20.0,No,HDR,"1080p@30fps, 720p@120fps","Wi-Fi 802.11 a/b/g/n/ac/6, dual-band, Wi-Fi Direct",Yes,5.1,Type-C,No,"GPS (L1+L5), GLONASS (G1), BDS (B1I+B2a), GALILEO (E1+E5a), QZSS (L1+L5), NavIC","Fingerprint (side-mounted), accelerometer, gyro, proximity, compass",4520,33,,No,,,280.0,,,,,,,,"Black, White, Aurora",M2012K11AC,,,No
Xiaomi,Xiaomi Redmi Note 9T,https://www.gsmarena.com/xiaomi_redmi_note_9t-10661.php,https://fdn2.gsmarena.com/vv/bigpic/xiaomi-redmi-note-9t-5g.jpg,GSM / HSPA / LTE / 5G,Yes,"2021, January 08","Available. Released 2021, January 18",161.2 x 77.3 x 9.1 mm (6.35 x 3.04 x 0.36 in),199.0,Glass,,Nano-SIM + Nano-SIM,"IPS LCD, 450 nits (typ)",,6.53,1080x2340,395,84.0,Gorilla Glass 5,"Android 10, MIUI 12",Mediatek Dimensity 800U (7 nm),7,Octa-core (2x2.4 GHz Cortex-A76 & 6x2.0 GHz Cortex-A55),Mali-G57 MC3,4,6,64,128,UFS 2.1 - 64GB UFS 2.2 - 128GB,48.0,3,1.8,No,1/2.0,Yes,"LED flash, HDR, panorama","4K@30fps, 1080p@30/60fps",13.0,No,,1080p@30fps,"Wi-Fi 802.11 a/b/g/n/ac, dual-band, Wi-Fi Direct",Yes,5.1,Type-C,Yes,"GPS, GLONASS, GALILEO, BDS","Fingerprint (side-mounted), accelerometer, gyro, proximity, compass",5000,18,,No,,,130.0,,,288732,1775,,471,-26.3,"Nightfall Black, Daybreak Purple","M2007J22G, J22",1.07 W/kg (head) 1.05 W/kg (body),0.59 W/kg (head) 0.94 W/kg (body),"FM radio, recording"
Xiaomi,Xiaomi Redmi 9T,https://www.gsmarena.com/xiaomi_redmi_9t-10670.php,https://fdn2.gsmarena.com/vv/bigpic/xiaomi-redmi-9-power.jpg,GSM / HSPA / LTE,No,"2021, January 08","Available. Released 2021, January 18",162.3 x 77.3 x 9.6 mm (6.39 x 3.04 x 0.38 in),198.0,Glass,,Nano-SIM + Nano-SIM,"IPS LCD, 400 nits (typ)",,6.53,1080x2340,395,83.4,Gorilla Glass 3,"Android 10, MIUI 12",Qualcomm SM6115 Snapdragon 662 (11 nm),11,Octa-core (4x2.0 GHz Kryo 260 Gold & 4x1.8 GHz Kryo 260 Silver),Adreno 610,4,6,64,128,UFS 2.1 - 64GB UFS 2.2 - 128GB,48.0,4,1.8,No,1/2.0,No,"LED flash, HDR, panorama",1080p@30fps,8.0,No,,1080p@30fps,"Wi-Fi 802.11 a/b/g/n/ac, dual-band, Wi-Fi Direct",Yes,5.0,Type-C,Yes,"GPS, GLONASS, GALILEO, BDS","Fingerprint (side-mounted), accelerometer, proximity, compass",6000,18,,No,,,90.0,,,177917,1400,,437,-25.6,"Carbon Gray, Twilight Blue, Sunrise Orange, Ocean Green","J19S, M2010J19SG, M2010J19SY",1.09 W/kg (head) 1.00 W/kg (body),0.60 W/kg (head) 0.81 W/kg (body),FM radio
Xiaomi,Xiaomi Mi 10i 5G,https://www.gsmarena.com/xiaomi_mi_10i_5g-10615.php,https://fdn2.gsmarena.com/vv/bigpic/xiaomi-mi-10i-5g.jpg,GSM / HSPA / LTE / 5G,Yes,"2021, January 05","Available. Released 2021, January 08",165.4 x 76.8 x 9 mm (6.51 x 3.02 x 0.35 in),214.5,Glass,,Nano-SIM + Nano-SIM,"IPS LCD, HDR10, 120Hz, 450 nits (typ)",120,6.67,1080x2400,395,84.6,Gorilla Glass 5,"Android 10, MIUI 12",Qualcomm SM7225 Snapdragon 750G 5G (8 nm),8,Octa-core (2x2.2 GHz Kryo 570 & 6x1.8 GHz Kryo 570),Adreno 619,6,8,64,128,UFS 2.2,108.0,4,1.8,No,1/1.52,Yes,"Dual-LED dual-tone flash, HDR, panorama","4K@30fps, 1080p@30/60/120fps, 720p@960fps, gyro-EIS",16.0,No,Panorama,"1080p@30fps, 720p@120fps",Yes,Yes,,Type-C,Yes,"GPS (L1+L5), GLONASS (G1), BDS (B1), GALILEO (E1+E5a), NavIC","Fingerprint (side-mounted), accelerometer, gyro, proximity, compass",4820,33,,No,,,250.0,,,,,,,,"Pacific Sunrise, Midnight Black, Atlantic Blue",M2007J17I,0.87 W/kg (head) 0.82 W/kg (body),,FM radio
Xiaomi,Xiaomi Mi 11,https://www.gsmarena.com/xiaomi_mi_11-10656.php,https://fdn2.gsmarena.com/vv/bigpic/xiaomi-mi11.jpg,GSM / CDMA / HSPA / EVDO / LTE / 5G,Yes,"2020, December 28. Released 2021, January 01",Discontinued,164.3 x 74.6 x 8.1 mm (Glass) / 8.6 mm (Leather),196.0,Glass,,Nano-SIM + Nano-SIM,"AMOLED, 1B colors, 120Hz, HDR10+, 1500 nits (peak)",120,6.81,1440x3200,515,91.4,Gorilla Glass Victus,"Android 11, upgradable to Android 14, HyperOS",Qualcomm SM8350 Snapdragon 888 5G (5 nm),5,Octa-core (1x2.84 GHz Cortex-X1 & 3x2.42 GHz Cortex-A78 & 4x1.80 GHz Cortex-A55,Adreno 660,6,12,128,256,UFS 3.1,108.0,3,1.9,Yes,1/1.33,Yes,"Dual-LED dual-tone flash, HDR, panorama","8K@24/30fps, 4K@30/60fps, 1080p@30/60/120/240fps; gyro-EIS, HDR10+",20.0,No,HDR,"1080p@30/60fps, 720p@120fps","Wi-Fi 802.11 a/b/g/n/ac/6, dual-band, Wi-Fi Direct",Yes,5.2,Type-C,No,"GPS (L1+L5), GLONASS (G1), BDS (B1I+B1c+B2a), GALILEO (E1+E5a), QZSS (L1+L5), NavIC (L5)","Fingerprint (under display, optical), accelerometer, gyro, compass",4600,55,50,Yes,,,330.0,,,668722,3489,,,-24.2,"Horizon Blue, Cloud White, Midnight Gray, Special Edition Blue, Gold, Violet","M2011K2C, M2011K2G",0.95 W/kg (head) 0.65 W/kg (body),0.56 W/kg (head) 0.98 W/kg (body),No
Xiaomi,Xiaomi Redmi 9 Power,https://www.gsmarena.com/xiaomi_redmi_9_power-10616.php,https://fdn2.gsmarena.com/vv/bigpic/xiaomi-redmi-9-power.jpg,GSM / HSPA / LTE,No,"2020, December 17","Available. Released 2020, December 22",162.3 x 77.3 x 9.6 mm (6.39 x 3.04 x 0.38 in),198.0,Glass,,Nano-SIM + Nano-SIM,"IPS LCD, 400 nits (typ)",,6.53,1080x2340,395,83.4,Gorilla Glass 3,"Android 10, MIUI 12",Qualcomm SM6115 Snapdragon 662 (11 nm),11,Octa-core (4x2.0 GHz Kryo 260 Gold & 4x1.8 GHz Kryo 260 Silver),Adreno 610,4,6,64,128,UFS 2.1 - 64GB UFS 2.2 - 128GB,48.0,4,1.8,No,1/2.0,No,"LED flash, HDR, panorama",1080p@30fps,8.0,No,,1080p@30fps,"Wi-Fi 802.11 a/b/g/n/ac, dual-band, Wi-Fi Direct",No,5.0,Type-C,Yes,"GPS, GLONASS, BDS","Fingerprint (side-mounted), accelerometer, proximity, compass",6000,18,,No,,,120.0,,,,,,,,"Mighty Black, Fiery Red, Electric Green, Blazing Blue","M2010J19SI, M2010J19SL",0.87 W/kg (head) 0.86 W/kg (body),,FM radio
Xiaomi,Xiaomi Mi Watch Lite,https://www.gsmarena.com/xiaomi_mi_watch_lite-10633.php,https://fdn2.gsmarena.com/vv/bigpic/xiaomi-redmi-watch.jpg,No cellular connectivity,No,"2020, December 10. Released 2020, December 18",Discontinued,41 x 35 x 11.9 mm (1.61 x 1.38 x 0.47 in),35.0,Plastic,,No,"IPS LCD, 350 nits (typ)",,1.4,320x320,323,,,Proprietary OS,,,,,,,,,,,,,No,,No,,,,No,,,No,No,5.0,No,No,"GPS, GLONASS","Accelerometer, gyro, heart rate, barometer",230,,,No,,,70.0,,,,,,,,"Black, Blue, Ivory",,,,No
Xiaomi,Xiaomi Redmi Note 9 Pro 5G,https://www.gsmarena.com/xiaomi_redmi_note_9_pro_5g-10582.php,https://fdn2.gsmarena.com/vv/bigpic/xiaomi-redmi-note9-pro.jpg,GSM / CDMA / HSPA / EVDO / LTE / 5G,Yes,"2020, November 26","Available. Released 2020, December 01",165.4 x 76.8 x 9 mm (6.51 x 3.02 x 0.35 in),215.0,Glass,IP53,Nano-SIM + Nano-SIM,"IPS LCD, HDR10, 120Hz, 450 nits (typ)",120,6.67,1080x2400,395,84.6,Gorilla Glass 5,"Android 10, MIUI 12",Qualcomm SM7225 Snapdragon 750G 5G (8 nm),8,Octa-core (2x2.2 GHz Kryo 570 & 6x1.8 GHz Kryo 570),Adreno 619,6,8,128,256,UFS 2.2,108.0,4,1.8,No,1/1.52,Yes,"Dual-LED dual-tone flash, HDR, panorama","4K@30fps, 1080p@30/60fps, gyro-EIS",16.0,No,"HDR, panorama","1080p@30fps, gyro-EIS","Wi-Fi 802.11 a/b/g/n/ac, dual-band, Wi-Fi Direct",Yes,5.1,Type-C,Yes,"GPS (L1+L5), GLONASS (G1), BDS (B1I+B2a), GALILEO (E1+E5a), QZSS (L1+L5)","Fingerprint (side-mounted), accelerometer, gyro, compass",4820,33,,No,,,370.0,,,,,,,,"Gray, Blue, Red/Mint",M2007J17C,,,Unspecified
Xiaomi,Xiaomi Redmi Note 9 5G,https://www.gsmarena.com/xiaomi_redmi_note_9_5g-10581.php,https://fdn2.gsmarena.com/vv/bigpic/xiaomi-redmi-note-9-5g.jpg,GSM / CDMA / HSPA / EVDO / LTE / 5G,Yes,"2020, November 26","Available. Released 2020, December 01",162 x 77.3 x 9.2 mm (6.38 x 3.04 x 0.36 in),199.0,Glass,,Nano-SIM + Nano-SIM,"IPS LCD, 450 nits (typ)",,6.53,1080x2340,395,83.6,Gorilla Glass 5,"Android 10, MIUI 12",Mediatek Dimensity 800U (7 nm),7,Octa-core (2x2.4 GHz Cortex-A76 & 6x2.0 GHz Cortex-A55),Mali-G57 MC3,4,8,64,256,UFS 2.2,48.0,3,1.8,No,1/2.0,Yes,"LED flash, HDR, panorama","4K@30fps, 1080p@30/60fps",13.0,No,,1080p@30fps,"Wi-Fi 802.11 a/b/g/n/ac, dual-band, Wi-Fi Direct",No,5.1,Type-C,Yes,"GPS, GLONASS, GALILEO, BDS, QZSS","Fingerprint (side-mounted), accelerometer, gyro, proximity, compass",5000,18,,No,,,170.0,,,,,,,,"Gray, Green, Violet",M2007J22C,,,Unspecified
Xiaomi,Xiaomi Redmi Note 9 4G,https://www.gsmarena.com/xiaomi_redmi_note_9_4g-10609.php,https://fdn2.gsmarena.com/vv/bigpic/xiaomi-redmi-note9-4g.jpg,GSM / CDMA / HSPA / LTE,No,"2020, November 26","Available. Released 2020, November 26",162.3 x 77.3 x 9.6 mm (6.39 x 3.04 x 0.38 in),198.0,Glass,,Nano-SIM + Nano-SIM,"IPS LCD, 400 nits (typ)",,6.53,1080x2340,395,83.4,Gorilla Glass 3,"Android 10, upgradable to Android 12, MIUI 14",Qualcomm SM6115 Snapdragon 662 (11 nm),11,Octa-core (4x2.0 GHz Kryo 260 Gold & 4x1.8 GHz Kryo 260 Silver),Adreno 610,4,8,128,256,UFS 2.2,48.0,3,1.8,No,1/2.0,No,"LED flash, HDR, panorama",1080p@30fps,8.0,No,,1080p@30fps,"Wi-Fi 802.11 a/b/g/n/ac, dual-band, Wi-Fi Direct",No,4.2,Type-C,Yes,"GPS, GLONASS, GALILEO, BDS","Fingerprint (side-mounted), accelerometer, proximity, compass",6000,18,,No,,,130.0,,,,,,,,"Gray, Green, Blue, Orange",M2010J19SC,,,FM radio
Xiaomi,Xiaomi Redmi Watch,https://www.gsmarena.com/xiaomi_redmi_watch-10610.php,https://fdn2.gsmarena.com/vv/bigpic/xiaomi-redmi-watch.jpg,No cellular connectivity,No,"2020, November 26. Released 2020, December 01",Discontinued,41 x 35 x 11.9 mm (1.61 x 1.38 x 0.47 in),35.0,Plastic,,No,IPS LCD,,1.4,320x320,323,,,Proprietary OS,,,,,,,,,,,,,No,,No,,,,No,,,No,Yes,5.0,No,No,GPS (market/region dependent),"Accelerometer, heart rate, compass",230,,,No,,,30.0,,,,,,,,"Black, Blue, Ivory",REDMIWT01,,,No
Xiaomi,Xiaomi Poco M3,https://www.gsmarena.com/xiaomi_poco_m3-10599.php,https://fdn2.gsmarena.com/vv/bigpic/xiaomi-poco-m3-.jpg,GSM / HSPA / LTE,No,"2020, November 24","Available. Released 2020, November 27",162.3 x 77.3 x 9.6 mm (6.39 x 3.04 x 0.38 in),198.0,Glass,,Nano-SIM + Nano-SIM,"IPS LCD, 400 nits (typ)",,6.53,1080x2340,395,83.4,Gorilla Glass 3,"Android 10, MIUI 12",Qualcomm SM6115 Snapdragon 662 (11 nm),11,Octa-core (4x2.0 GHz Kryo 260 Gold & 4x1.8 GHz Kryo 260 Silver),Adreno 610,4,6,64,128,UFS 2.1 - 64GB UFS 2.2 - 128GB,48.0,3,1.8,No,1/2.0,No,"LED flash, HDR, panorama",1080p@30fps,8.0,No,Panorama,1080p@30fps,"Wi-Fi 802.11 a/b/g/n/ac, dual-band, Wi-Fi Direct",No,5.0,Type-C,Yes,"GPS, GLONASS, BDS, GALILEO","Fingerprint (side-mounted), accelerometer, proximity, compass",6000,18,,No,,,130.0,,,177904,1398,,439,-26.5,"Cool Blue, Poco Yellow, Power Black","M2010J19CG, M2010J19CI",1.09 W/kg (head) 1.00 W/kg (body),0.60 W/kg (head) 0.81 W/kg (body),FM radio
Xiaomi,Xiaomi Redmi K30S,https://www.gsmarena.com/xiaomi_redmi_k30s-10517.php,https://fdn2.gsmarena.com/vv/bigpic/xiaomi-mi-10t-5g-.jpg,GSM / CDMA / HSPA / EVDO / LTE / 5G,Yes,"2020, October 27. Released 2020, November 11",Discontinued,165.1 x 76.4 x 9.3 mm (6.5 x 3.01 x 0.37 in),216.0,Glass,,Nano-SIM + Nano-SIM,"IPS LCD, 144Hz, HDR10, 500 nits (typ), 650 nits (peak)",144,6.67,1080x2400,395,85.2,Gorilla Glass 5,"Android 10, MIUI 12",Qualcomm SM8250 Snapdragon 865 5G (7 nm+),,Octa-core (1x2.84 GHz Cortex-A77 & 3x2.42 GHz Cortex-A77 & 4x1.80 GHz Cortex-A55),Adreno 650,8,8,128,256,UFS 3.1,64.0,3,1.9,No,1/1.73,Yes,"LED flash, HDR, panorama","8K@24/30fps, 4K@30/60fps, 1080p@30/60/120/240/960fps; gyro-EIS",20.0,No,HDR,"1080p@30fps, 720p@120fps","Wi-Fi 802.11 a/b/g/n/ac/6, dual-band, Wi-Fi Direct",Yes,5.1,Type-C,No,"GPS (L1+L5), GLONASS (G1), BDS (B1I+B2a), GALILEO (E1+E5a), QZSS (L1+L5), NavIC","Fingerprint (side-mounted), accelerometer, gyro, proximity, compass",5000,33,,No,,,330.0,,,,,,,,"Cosmic Black, Lunar Silver",M2007J3SC,,,No
Xiaomi,Xiaomi Mi Watch Color Sports,https://www.gsmarena.com/xiaomi_mi_watch_color_sports-10541.php,https://fdn2.gsmarena.com/vv/bigpic/xiaomi-mi-watch-color-sports-edition.jpg,No cellular connectivity,No,"2020, October 20. Released 2020, November 01",Discontinued,53.4 x 45.9 x 11.8 mm (2.10 x 1.81 x 0.46 in),32.5,Glass,,No,AMOLED,,1.39,454x454,326,,,Proprietary OS,,,,,,,,,eMMC,,,,No,,No,,,,No,,,Wi-Fi 802.11 b/g/n,Yes,5.0,No,No,"GPS, GLONASS, GALILEO","Accelerometer, gyro, heart rate, barometer",420,,,No,,,90.0,,,,,,,,"Black, Blue, Ivory",XMWTCL01,,,No
Xiaomi,Xiaomi Poco C3,https://www.gsmarena.com/xiaomi_poco_c3-10482.php,https://fdn2.gsmarena.com/vv/bigpic/xiaomi-poco-c3.jpg,GSM / HSPA / LTE,No,"2020, October 06","Available. Released 2020, October 16",164.9 x 77.1 x 9 mm (6.49 x 3.04 x 0.35 in),194.0,,,Nano-SIM + Nano-SIM,"IPS LCD, 400 nits (typ)",,6.43,720x1600,270,80.3,Panda Glass,"Android 10, MIUI 12",Mediatek MT6765G Helio G35 (12 nm),12,Octa-core (4x2.3 GHz Cortex-A53 & 4x1.8 GHz Cortex-A53),PowerVR GE8320,3,4,32,64,eMMC 5.1,13.0,3,2.2,No,,No,"LED flash, HDR",1080p@30fps,5.0,No,HDR,1080p@30fps,"Wi-Fi 802.11 a/b/g/n, Wi-Fi Direct",No,5.0,Micro-USB,Yes,"GPS, GLONASS, BDS","Accelerometer, proximity",5000,10,,No,,,80.0,,,,,,,,"Arctic Blue, Lime Green, Matte Black","M2006C3MII, MZB07RIIN, MZB07RJIN, MZB07QAIN, MZB07RLIN, MZB07RKIN, MZB07RHIN",0.51 W/kg (head) 0.83 W/kg (body),,FM radio
Xiaomi,Xiaomi Mi 10T Pro 5G,https://www.gsmarena.com/xiaomi_mi_10t_pro_5g-10437.php,https://fdn2.gsmarena.com/vv/bigpic/xiaomi-mi-10t-5g-pro.jpg,GSM / HSPA / LTE / 5G,Yes,"2020, September 30. Released 2020, October 13",Discontinued,165.1 x 76.4 x 9.3 mm (6.5 x 3.01 x 0.37 in),218.0,Glass,,Nano-SIM + Nano-SIM,"IPS LCD, 144Hz, HDR10+, 500 nits (typ), 650 nits (peak)",144,6.67,1080x2400,395,85.2,Gorilla Glass 5,"Android 10, upgradable to Android 11, MIUI 12.5",Qualcomm SM8250 Snapdragon 865 5G (7 nm+),,Octa-core (1x2.84 GHz Cortex-A77 & 3x2.42 GHz Cortex-A77 & 4x1.80 GHz Cortex-A55),Adreno 650,8,8,128,256,UFS 3.1,108.0,3,1.7,Yes,1/1.33,Yes,"LED flash, HDR, panorama","8K@30fps, 4K@30/60fps, 1080p@30/60/120fps; gyro-EIS",20.0,No,HDR,"1080p@30fps, 720p@120fps","Wi-Fi 802.11 a/b/g/n/ac/6, dual-band, Wi-Fi Direct",Yes,5.1,Type-C,No,"GPS (L1+L5), GLONASS (G1), BDS (B1), GALILEO (E1+E5a)","Fingerprint (side-mounted), accelerometer, gyro, proximity, compass, barometer",5000,33,,No,,,170.0,,,563961,3311,,630,-26.4,"Cosmic Black, Lunar Silver, Aurora Blue","M2007J3SG, M2007J3SP, M2007J3SI, M2007J17C",0.97 W/kg (head) 0.98 W/kg (body),0.57 W/kg (head) 1.00 W/kg (body),No
Xiaomi,Xiaomi Mi 10T 5G,https://www.gsmarena.com/xiaomi_mi_10t_5g-10473.php,https://fdn2.gsmarena.com/vv/bigpic/xiaomi-mi-10t-5g-.jpg,GSM / HSPA / LTE / 5G,Yes,"2020, September 30. Released 2020, October 13",Discontinued,165.1 x 76.4 x 9.3 mm (6.5 x 3.01 x 0.37 in),216.0,Glass,,Nano-SIM + Nano-SIM,"IPS LCD, 144Hz, HDR10+, 500 nits (typ), 650 nits (peak)",144,6.67,1080x2400,395,85.2,Gorilla Glass 5,"Android 10, upgradable to Android 11, MIUI 12.5",Qualcomm SM8250 Snapdragon 865 5G (7 nm+),,Octa-core (1x2.84 GHz Cortex-A77 & 3x2.42 GHz Cortex-A77 & 4x1.80 GHz Cortex-A55),Adreno 650,6,8,128,256,UFS 3.1,64.0,3,1.9,No,1/1.73,Yes,"LED flash, HDR, panorama","8K@30fps, 4K@30/60fps, 1080p@30/60/120/240/960fps; gyro-EIS",20.0,No,HDR,"1080p@30fps, 720p@120fps","Wi-Fi 802.11 a/b/g/n/ac/6, dual-band, Wi-Fi Direct",Yes,5.1,Type-C,No,"GPS (L1+L5), GLONASS (G1), BDS (B1), GALILEO (E1+E5a)","Fingerprint (side-mounted), accelerometer, gyro, proximity, compass, barometer",5000,33,,No,,,240.0,,,,,,,,"Cosmic Black, Lunar Silver",M2007J3SY,0.97 W/kg (head) 0.98 W/kg (body),0.57 W/kg (head) 1.00 W/kg (body),No
Xiaomi,Xiaomi Mi 10T Lite 5G,https://www.gsmarena.com/xiaomi_mi_10t_lite_5g-10480.php,https://fdn2.gsmarena.com/vv/bigpic/xiaomi-mi-10t-lite-.jpg,GSM / HSPA / LTE / 5G,Yes,"2020, September 30. Released 2020, October 13",Discontinued,165.4 x 76.8 x 9 mm (6.51 x 3.02 x 0.35 in),214.5,Glass,,Nano-SIM + Nano-SIM,"IPS LCD, 120Hz, HDR10, 450 nits (typ)",120,6.67,1080x2400,395,84.6,Gorilla Glass 5,"Android 10, MIUI 12",Qualcomm SM7225 Snapdragon 750G 5G (8 nm),8,Octa-core (2x2.2 GHz Kryo 570 & 6x1.8 GHz Kryo 570),Adreno 619,6,6,64,128,64GB 6GB RAM - UFS 2.1 128GB 6GB RAM - UFS 2.2,64.0,4,1.9,No,1/1.73,Yes,"Dual-LED dual-tone flash, HDR, panorama","4K@30fps, 1080p@30/60/120/240fps, 720p@960fps; gyro-EIS",16.0,No,HDR,"1080p@30fps, 720p@120fps","Wi-Fi 802.11 a/b/g/n/ac, dual-band, Wi-Fi Direct",Yes,,Type-C,Yes,"GPS (L1+L5), GLONASS (G1), BDS (B1), GALILEO (E1+E5a)","Fingerprint (side-mounted), accelerometer, gyro, compass",4820,33,,No,,,190.0,,,318882,2009,,596,-25.3,"Atlantic Blue, Pearl Gray, Rose Gold Beach",M2007J17G,1.06 W/kg (head) 0.99 W/kg (body),0.59 W/kg (head) 0.99 W/kg (body),FM radio
Xiaomi,Xiaomi Mi Watch,https://www.gsmarena.com/xiaomi_mi_watch-10481.php,https://fdn2.gsmarena.com/vv/bigpic/xiaomi-mi-watch.jpg,No cellular connectivity,No,"2020, September 30. Released 2020, October 13",Discontinued,53.3 x 45.9 x 11.8 mm (2.10 x 1.81 x 0.46 in),32.0,,,No,"AMOLED, 450 nits (peak)",,1.39,454x454,326,,,Proprietary OS,,,,,,,,,eMMC,,,,No,,No,,,,No,,,No,Yes,5.0,No,No,"GPS, GLONASS","Accelerometer, gyro, heart rate, barometer, compass, SpO2",420,,,No,,,100.0,,,,,,,,"Elegant Black, Fashion Silver, Navy Blue, Beige",XMWT06,,,No
Xiaomi,Xiaomi Mi Watch Revolve,https://www.gsmarena.com/xiaomi_mi_watch_revolve-10305.php,https://fdn2.gsmarena.com/vv/bigpic/xiaomi-mi-watch-revolve.jpg,No cellular connectivity,No,"2020, September 29. Released 2020, October 06",Discontinued,53.3 x 46.2 x 11.4 mm (2.10 x 1.82 x 0.45 in),40.0,Glass,,No,AMOLED,,1.39,454x454,326,,Gorilla Glass 3,Proprietary OS,,,,,,,,,eMMC,,,,No,,No,,,,No,,,Wi-Fi 802.11 b/g/n,No,5.0,No,No,"GPS, GLONASS","Accelerometer, gyro, heart rate, barometer, compass",420,,,No,,,120.0,,,,,,,,"Midnight Black, Chrome Silver",XMWT06,,,No
Xiaomi,Xiaomi Redmi 9AT,https://www.gsmarena.com/xiaomi_redmi_9at-10591.php,https://fdn2.gsmarena.com/vv/bigpic/xiaomi-redmi-9a-1.jpg,GSM / HSPA / LTE,No,"2020, September 09. Released 2020, September 09",Discontinued,164.9 x 77 x 9 mm (6.49 x 3.03 x 0.35 in),194.0,,,Nano-SIM + Nano-SIM,"IPS LCD, 400 nits (typ)",,6.53,720x1600,269,81.1,,"Android 10, MIUI 12",Mediatek MT6762G Helio G25 (12 nm),12,Octa-core (4x2.0 GHz Cortex-A53 & 4x1.5 GHz Cortex-A53),PowerVR GE8320,2,2,32,32,eMMC 5.1,13.0,1,2.2,No,,No,"LED flash, HDR",1080p@30/60fps,5.0,No,HDR,1080p@30fps,"Wi-Fi 802.11 b/g/n, Wi-Fi Direct",No,5.0,Micro-USB,Yes,"GPS, GLONASS, BDS","Accelerometer, proximity",5000,10,,No,,,80.0,,,,,,,,"Carbon Gray, Sky Blue, Ocean Green",M2006C3LVG,0.87 W/kg (head) 1.01 W/kg (body),0.78 W/kg (head) 1.03 W/kg (body),FM radio
Xiaomi,Xiaomi Redmi 9i,https://www.gsmarena.com/xiaomi_redmi_9i-10399.php,https://fdn2.gsmarena.com/vv/bigpic/xiaomi-redmi-9a-1.jpg,GSM / HSPA / LTE,No,"2020, September 15. Released 2020, September 18",Discontinued,164.9 x 77.1 x 9 mm (6.49 x 3.04 x 0.35 in),194.0,,,Nano-SIM + Nano-SIM,"IPS LCD, 270 nits (typ)",,6.53,720x1600,269,81.0,,"Android 10, MIUI 12",Mediatek MT6762G Helio G25 (12 nm),12,Octa-core (4x2.0 GHz Cortex-A53 & 4x1.5 GHz Cortex-A53),PowerVR GE8320,4,4,64,128,eMMC 5.1,13.0,1,2.2,No,,No,"LED flash, HDR",1080p@30fps,5.0,No,HDR,1080p@30fps,"Wi-Fi 802.11 b/g/n, Wi-Fi Direct",No,5.0,Micro-USB,Yes,"GPS, GLONASS, BDS","Accelerometer, proximity, compass",5000,10,,No,,,100.0,,,,,,,,"Midnight Black, Sea Blue, Nature Green",M2006C3LII,,,FM radio
Xiaomi,Xiaomi Poco M2,https://www.gsmarena.com/xiaomi_poco_m2-10434.php,https://fdn2.gsmarena.com/vv/bigpic/xiaomi-poco-m2-mzb9921in.jpg,GSM / HSPA / LTE,No,"2020, September 08","Available. Released 2020, September 15",163.3 x 77 x 9.1 mm (6.43 x 3.03 x 0.36 in),198.0,Glass,,Nano-SIM + Nano-SIM,"IPS LCD, 400 nits (typ)",,6.53,1080x2340,395,83.2,Gorilla Glass 3,"Android 10, MIUI 12",Mediatek MT6769V/CU Helio G80 (12 nm),12,Octa-core (2x2.0 GHz Cortex-A75 & 6x1.8 GHz Cortex-A55),Mali-G52 MC2,6,6,64,128,eMMC 5.1,13.0,4,2.2,No,1/3.1,No,"LED flash, HDR, panorama",1080p@30fps,8.0,No,HDR,1080p@30fps,"Wi-Fi 802.11 a/b/g/n/ac, dual-band, Wi-Fi Direct",No,5.0,Type-C,Yes,"GPS, GLONASS, BDS","Fingerprint (rear-mounted), accelerometer, proximity, compass",5000,18,,No,,,130.0,,,,,,,,"Brick Red, Pitch Black, Slate Blue","MZB9919IN, M2004J19PI",0.85 W/kg (head) 0.42 W/kg (body),,Wireless FM radio (no wired headphones required)
Xiaomi,Xiaomi Poco X3,https://www.gsmarena.com/xiaomi_poco_x3-10461.php,https://fdn2.gsmarena.com/vv/bigpic/xiaomi-poco-x3.jpg,GSM / HSPA / LTE,No,"2020, September 22","Available. Released 2020, September 29",165.3 x 76.8 x 10.1 mm (6.51 x 3.02 x 0.40 in),225.0,Glass,IP53,Nano-SIM + Nano-SIM,"IPS LCD, 120Hz, HDR10, 450 nits (typ)",120,6.67,1080x2400,395,84.6,Gorilla Glass 5,"Android 10, MIUI 12",Qualcomm SM7150-AC Snapdragon 732G (8 nm),8,Octa-core (2x2.3 GHz Kryo 470 Gold & 6x1.8 GHz Kryo 470 Silver),Adreno 618,6,8,64,128,UFS 2.1,64.0,4,1.9,No,1/1.73,Yes,"Dual-LED flash, HDR, panorama","4K@30fps, 1080p@30/120fps, 720p@960fps; gyro-EIS",20.0,No,"HDR, panorama",1080p@30fps,"Wi-Fi 802.11 a/b/g/n/ac, dual-band, Wi-Fi Direct",No,5.1,Type-C,Yes,"GPS, GLONASS, BDS","Fingerprint (side-mounted), accelerometer, gyro, proximity, compass",6000,33,,No,,,230.0,,,,,,,,"Cobalt Blue, Shadow Gray","MZB07Z0IN, MZB07Z1IN, MZB07Z2IN, MZB07Z3IN, MZB07Z4IN, MZB9965IN, M2007J20CI",0.75 W/kg (head) 0.61 W/kg (body),,"FM radio, recording"
Xiaomi,Xiaomi Poco X3 NFC,https://www.gsmarena.com/xiaomi_poco_x3_nfc-10415.php,https://fdn2.gsmarena.com/vv/bigpic/xiaomi-poco-x3-nfc.jpg,GSM / HSPA / LTE,No,"2020, September 07","Available. Released 2020, September 08",165.3 x 76.8 x 9.4 mm (6.51 x 3.02 x 0.37 in),215.0,Glass,IP53,Nano-SIM + Nano-SIM,"IPS LCD, 120Hz, HDR10, 450 nits (typ)",120,6.67,1080x2400,395,84.6,Gorilla Glass 5,"Android 10, upgradable to Android 12, MIUI 14",Qualcomm SM7150-AC Snapdragon 732G (8 nm),8,Octa-core (2x2.3 GHz Kryo 470 Gold & 6x1.8 GHz Kryo 470 Silver),Adreno 618,6,8,64,128,UFS 2.1,64.0,4,1.9,No,1/1.73,Yes,"Dual-LED flash, HDR, panorama","4K@30fps, 1080p@30/120fps, 720p@960fps; gyro-EIS",20.0,No,"HDR, panorama",1080p@30fps,"Wi-Fi 802.11 a/b/g/n/ac, dual-band, Wi-Fi Direct",Yes,5.1,Type-C,Yes,"GPS, GLONASS, BDS","Fingerprint (side-mounted), accelerometer, gyro, proximity, compass",5160,33,,No,,,100.0,,,283750,1777,,,-25.3,"Cobalt Blue, Shadow Gray","M2007J20CG, M2007J20CT",0.77 W/kg (head) 0.61 W/kg (body),0.56 W/kg (head) 0.99 W/kg (body),"FM radio, recording"
Xiaomi,Xiaomi Redmi 9 (India),https://www.gsmarena.com/xiaomi_redmi_9_(india)-10398.php,https://fdn2.gsmarena.com/vv/bigpic/xiaomi-redmi-9-india.jpg,GSM / HSPA / LTE,No,"2020, August 27. Released 2020, August 31",Discontinued,164.9 x 77.1 x 9 mm (6.49 x 3.04 x 0.35 in),194.0,,,Nano-SIM + Nano-SIM,"IPS LCD, 400 nits (typ)",,6.53,720x1600,269,81.0,,"Android 10, MIUI 12",Mediatek MT6765G Helio G35 (12 nm),12,Octa-core (4x2.3 GHz Cortex-A53 & 4x1.8 GHz Cortex-A53),PowerVR GE8320,4,6,64,128,eMMC 5.1,13.0,2,2.2,No,,No,"LED flash, HDR",1080p@30fps,5.0,No,HDR,1080p@30fps,"Wi-Fi 802.11 b/g/n, Wi-Fi Direct",No,5.0,Micro-USB,Yes,"GPS, GLONASS, BDS","Fingerprint (rear-mounted), accelerometer, proximity",5000,10,,No,,,110.0,,,,,,,,"Black, Sky Blue, Sporty Orange",M2004C3MI,0.51 W/kg (head) 0.83 W/kg (body),,FM radio
Xiaomi,Xiaomi Mi 10 Ultra,https://www.gsmarena.com/xiaomi_mi_10_ultra-10361.php,https://fdn2.gsmarena.com/vv/bigpic/xiaomi-mi10-ultra.jpg,GSM / CDMA / HSPA / EVDO / LTE / 5G,Yes,"2020, August 11. Released 2020, August 16",Discontinued,162.4 x 75.1 x 9.5 mm (6.39 x 2.96 x 0.37 in),221.8,Glass,,Nano-SIM + Nano-SIM,"OLED, 1B colors, 120Hz, HDR10+, 800 nits (HBM), 1120 nits (peak)",120,6.67,1080x2340,386,89.5,Gorilla Glass 5,"Android 10, MIUI 12.5",Qualcomm SM8250 Snapdragon 865 5G (7 nm+),,Octa-core (1x2.84 GHz Cortex-A77 & 3x2.42 GHz Cortex-A77 & 4x1.80 GHz Cortex-A55),Adreno 650,8,16,128,512,UFS 3.1,48.0,4,1.9,Yes,1/1.32,Yes,"Laser AF, color spectrum sensor, Dual-LED flash, HDR, panorama","8K@24fps, 4K@30/60fps, 1080p@30/60/120/240/960fps, gyro-EIS, HDR10 rec.",20.0,No,HDR,"1080p@30fps, 720p@120fps, gyro-EIS","Wi-Fi 802.11 a/b/g/n/ac/6, dual-band, Wi-Fi Direct, DLNA",Yes,5.1,Type-C,No,"GPS (L1+L5), GLONASS (G1), BDS (B1I+B2a), GALILEO (E1+E5a), QZSS (L1+L5)","Fingerprint (under display, optical), accelerometer, gyro, proximity, compass, barometer",4500,120,50,Yes,,,650.0,,,638497,3248,,,-24.6,"Obsidian Black, Mercury Silver, Transparent Edition",M2007J1SC,,,No
Xiaomi,Xiaomi Redmi K30 Ultra,https://www.gsmarena.com/xiaomi_redmi_k30_ultra-10349.php,https://fdn2.gsmarena.com/vv/bigpic/xiaomi-redmi-k30-ultra.jpg,GSM / CDMA / HSPA / EVDO / LTE / 5G,Yes,"2020, August 11. Released 2020, August 14",Discontinued,163.3 x 75.4 x 9.1 mm (6.43 x 2.97 x 0.36 in),213.0,Glass,,Nano-SIM + Nano-SIM,"AMOLED, 120Hz, HDR10+, 500 nits (typ)",120,6.67,1080x2400,395,87.2,Gorilla Glass 5,"Android 10, MIUI 12",Mediatek Dimensity 1000+ (7 nm),7,Octa-core (4x2.6 GHz Cortex-A77 & 4x2.0 GHz Cortex-A55),Mali-G77 MC9,6,8,128,512,UFS,64.0,4,1.9,No,1/1.73,Yes,"Dual-LED dual-tone flash, HDR, panorama","4K@30fps, 1080p@30/60/120/240/960fps; gyro-EIS",20.0,No,HDR,"1080p@30fps, 720p@120fps","Wi-Fi 802.11 a/b/g/n/ac/6, dual-band, Wi-Fi Direct",Yes,5.1,Type-C,No,"GPS (L1+L5), GLONASS (G1), BDS (B1I+B2a), GALILEO (E1+E5a), QZSS (L1+L5)","Fingerprint (under display, optical), accelerometer, gyro, proximity, compass",4500,33,,No,,,250.0,,,,,,,,"Moonlight White, Midnight Black, Mint Green",M2006J10C,,,No
Xiaomi,Xiaomi Redmi 9 Prime,https://www.gsmarena.com/xiaomi_redmi_9_prime-10353.php,https://fdn2.gsmarena.com/vv/bigpic/xiaomi-redmi-9.jpg,GSM / HSPA / LTE,No,"2020, August 04","Available. Released 2020, August 06",163.3 x 77 x 9.1 mm (6.43 x 3.03 x 0.36 in),198.0,Glass,,Nano-SIM + Nano-SIM,"IPS LCD, 400 nits (typ)",,6.53,1080x2340,395,83.2,Gorilla Glass 3,"Android 10, MIUI 11",Mediatek MT6769V/CU Helio G80 (12 nm),12,Octa-core (2x2.0 GHz Cortex-A75 & 6x1.8 GHz Cortex-A55),Mali-G52 MC2,4,4,64,128,eMMC 5.1,13.0,4,2.2,No,1/3.1,No,"LED flash, HDR, panorama",1080p@30fps,8.0,No,HDR,1080p@30fps,"Wi-Fi 802.11 a/b/g/n/ac, dual-band, Wi-Fi Direct",No,5.0,Type-C,Yes,"GPS, GLONASS, BDS","Fingerprint (rear-mounted), accelerometer, proximity, compass",5020,18,,No,,,110.0,,,,,,,,"Space Blue, Mint Green, Matte Black, Sunrise Flare",M2004J19PI,0.85 W/kg (head) 0.42 W/kg (body),,Wireless FM radio (no wired headphones required)
Xiaomi,Xiaomi Black Shark 3S,https://www.gsmarena.com/xiaomi_black_shark_3s-10350.php,https://fdn2.gsmarena.com/vv/bigpic/xiaomi-black-shark-3s.jpg,GSM / CDMA / HSPA / EVDO / LTE / 5G,Yes,"2020, July 31. Released 2020, August 04",Discontinued,168.7 x 77.3 x 10.4 mm (6.64 x 3.04 x 0.41 in),222.0,Glass,,Nano-SIM + Nano-SIM,"AMOLED, 120Hz, HDR10+, 500 nits (typ)",120,6.67,1080x2400,395,82.4,,Android 10,Qualcomm SM8250 Snapdragon 865 5G (7 nm+),,Octa-core (1x2.84 GHz Cortex-A77 & 3x2.42 GHz Cortex-A77 & 4x1.80 GHz Cortex-A55),Adreno 650,12,12,128,256,UFS 3.1,64.0,3,1.8,No,1/1.72,Yes,"LED flash, HDR, panorama","4K@30/60fps, 1080p@30/60/240fps, 720p@1920fps",20.0,No,HDR,1080p@30fps,"Wi-Fi 802.11 a/b/g/n/ac/6, dual-band, Wi-Fi Direct",No,5.0,Type-C,Yes,"GPS, GLONASS, GALILEO, QZSS, BDS","Fingerprint (under display, optical), accelerometer, gyro, proximity, compass",4729,65,,No,,,600.0,,,,,,,,"Sky Cloud Black, Crystal Blue",,,,No
Xiaomi,Xiaomi Poco M2 Pro,https://www.gsmarena.com/xiaomi_poco_m2_pro-10318.php,https://fdn2.gsmarena.com/vv/bigpic/poco-m2-pro.jpg,GSM / HSPA / LTE,No,"2020, July 07. Released 2020, July 14",Discontinued,165.8 x 76.7 x 8.8 mm (6.53 x 3.02 x 0.35 in),209.0,Glass,,Nano-SIM + Nano-SIM,"IPS LCD, HDR10, 450 nits (typ)",,6.67,1080x2400,395,84.5,Gorilla Glass 5,"Android 10, MIUI 12",Qualcomm SM7125 Snapdragon 720G (8 nm),8,Octa-core (2x2.3 GHz Kryo 465 Gold & 6x1.8 GHz Kryo 465 Silver),Adreno 618,4,6,64,128,UFS 2.1,48.0,4,1.8,No,1/2.0,Yes,"LED flash, HDR, panorama","4K@30fps, 1080p@30/60/120fps, 720p@960fps, gyro-EIS",16.0,No,"HDR, panorama",1080p@30/120fps,"Wi-Fi 802.11 a/b/g/n/ac, dual-band, Wi-Fi Direct",No,5.0,Type-C,Yes,"GPS, GLONASS, GALILEO, BDS","Fingerprint (side-mounted), accelerometer, gyro, proximity, compass",5000,33,,No,,,170.0,,,,,,,,"Out Of The Blue, Green and Greener, Two Shades of Black",,,0.91 W/kg (head) 0.56 W/kg (body),"FM radio, recording"
Xiaomi,Xiaomi Redmi 9A,https://www.gsmarena.com/xiaomi_redmi_9a-10279.php,https://fdn2.gsmarena.com/vv/bigpic/xiaomi-redmi-9a-1.jpg,GSM / HSPA / LTE,No,"2020, June 30. Released 2020, July 07",Discontinued,164.9 x 77.1 x 9 mm (6.49 x 3.04 x 0.35 in),196.0,,,Nano-SIM + Nano-SIM,"IPS LCD, 400 nits (typ)",,6.53,720x1600,269,81.0,,"Android 10, upgradable to Android 11, MIUI 12",Mediatek MT6762G Helio G25 (12 nm),12,Octa-core (4x2.0 GHz Cortex-A53 & 4x1.5 GHz Cortex-A53),PowerVR GE8320,2,6,32,128,eMMC 5.1,13.0,1,2.2,No,,No,"LED flash, HDR",1080p@30/60fps,5.0,No,HDR,1080p@30fps,"Wi-Fi 802.11 b/g/n, Wi-Fi Direct",No,5.0,Micro-USB,Yes,"GPS, GLONASS, BDS","Accelerometer, proximity",5000,10,,No,,,80.0,,,,,,,,"Carbon Gray (Midnight Black), Sky Blue (Sea Blue), Ocean Green (Nature Green)","M2006C3LG, M2006C3LI, M2006C3LC, M2004C3L",0.90 W/kg (head) 0.65 W/kg (body),0.40 W/kg (head) 1.19 W/kg (body),FM radio
Xiaomi,Xiaomi Redmi 9C NFC,https://www.gsmarena.com/xiaomi_redmi_9c_nfc-10277.php,https://fdn2.gsmarena.com/vv/bigpic/xiaomi-redmi-9c-.jpg,GSM / HSPA / LTE,No,"2020, August 27. Released 2020, August 27",Discontinued,164.9 x 77.1 x 9 mm (6.49 x 3.04 x 0.35 in),196.0,,,Nano-SIM + Nano-SIM,"IPS LCD, 400 nits (typ)",,6.53,720x1600,269,81.0,,"Android 10, MIUI 12",Mediatek MT6765G Helio G35 (12 nm),12,Octa-core (4x2.3 GHz Cortex-A53 & 4x1.8 GHz Cortex-A53),PowerVR GE8320,2,4,32,128,eMMC 5.1,13.0,2,2.2,No,,No,"LED flash, HDR",1080p@30fps,5.0,No,HDR,1080p@30fps,"Wi-Fi 802.11 b/g/n, Wi-Fi Direct",Yes,5.0,Micro-USB,Yes,"GPS, GLONASS, BDS","Fingerprint (rear-mounted), accelerometer, proximity",5000,10,,No,,,100.0,,,,,,,,"Midnight Gray, Sunshine Yellow, Twilight Blue",M2006C3MNG,0.57 W/kg (head) 0.90 W/kg (body),0.37 W/kg (head) 1.14 W/kg (body),FM radio
Xiaomi,Xiaomi Redmi 9C,https://www.gsmarena.com/xiaomi_redmi_9c-10278.php,https://fdn2.gsmarena.com/vv/bigpic/xiaomi-redmi-9c-.jpg,GSM / HSPA / LTE,No,"2020, June 30. Released 2020, August 12",Discontinued,164.9 x 77 x 9 mm (6.49 x 3.03 x 0.35 in),196.0,,,Nano-SIM + Nano-SIM,"IPS LCD, 400 nits (typ)",,6.53,720x1600,269,81.1,,"Android 10, MIUI 12",Mediatek MT6765G Helio G35 (12 nm),12,Octa-core (4x2.3 GHz Cortex-A53 & 4x1.8 GHz Cortex-A53),PowerVR GE8320,2,4,32,128,eMMC 5.1,13.0,3,2.2,No,,No,"LED flash, HDR",1080p@30fps,5.0,No,HDR,1080p@30fps,"Wi-Fi 802.11 b/g/n, Wi-Fi Direct",No,5.0,Micro-USB,Yes,"GPS, GLONASS, BDS","Fingerprint (rear-mounted), accelerometer, proximity",5000,10,,No,,,80.0,,,,,,,,"Midnight Gray, Sunrise Orange, Twilight Blue","M2006C3MG, M2006C3MT",0.73 W/kg (head) 0.52 W/kg (body),0.35 W/kg (head) 0.78 W/kg (body),FM radio
Xiaomi,Xiaomi Redmi 9,https://www.gsmarena.com/xiaomi_redmi_9-10233.php,https://fdn2.gsmarena.com/vv/bigpic/xiaomi-redmi-9.jpg,GSM / HSPA / LTE,No,"2020, June 10","Available. Released 2020, June 10",163.3 x 77 x 9.1 mm (6.43 x 3.03 x 0.36 in),198.0,Glass,,Nano-SIM + Nano-SIM,"IPS LCD, 400 nits (typ)",,6.53,1080x2340,395,83.2,Gorilla Glass 3,"Android 10, upgradable to Android 12, MIUI 13",Mediatek MT6769V/CU Helio G80 (12 nm),12,Octa-core (2x2.0 GHz Cortex-A75 & 6x1.8 GHz Cortex-A55),Mali-G52 MC2,3,6,32,128,eMMC 5.1,13.0,4,2.2,No,1/3.1,No,"LED flash, HDR, panorama",1080p@30fps,8.0,No,HDR,1080p@30fps,"Wi-Fi 802.11 a/b/g/n/ac, dual-band, Wi-Fi Direct",Yes,5.0,Type-C,Yes,"GPS, GLONASS, BDS","Fingerprint (rear-mounted), accelerometer, proximity, compass",5020,18,,No,,,110.0,,,201829,1325,,328,-26.9,"Carbon Gray, Sunset Purple, Ocean Green, Pink/Blue","M2004J19G, M2004J19C",0.91 W/kg (head) 1.00 W/kg (body),0.71 W/kg (head) 1.06 W/kg (body),Wireless FM radio (no wired headphones required)
Xiaomi,Xiaomi Redmi 10X Pro 5G,https://www.gsmarena.com/xiaomi_redmi_10x_pro_5g-10267.php,https://fdn2.gsmarena.com/vv/bigpic/xiaomi-redmi-10x-pro-5g.jpg,GSM / CDMA / HSPA / LTE / 5G,Yes,"2020, May 26","Available. Released 2020, June 06",164.2 x 75.8 x 9 mm (6.46 x 2.98 x 0.35 in),208.0,Glass,,Nano-SIM + Nano-SIM,"AMOLED, HDR10+, 600 nits (typ)",,6.57,1080x2400,401,83.7,Gorilla Glass 5,"Android 10, MIUI 11",Mediatek Dimensity 820 (7 nm),7,Octa-core (4x2.6 GHz Cortex-A76 & 4x2.0 GHz Cortex-A55),Mali-G57 MC5,8,8,128,256,UFS 2.1,48.0,4,1.8,Yes,1/2.0,Yes,"LED flash, HDR, panorama","4K@30fps, 1080p@30/60fps, 720p@960fps",20.0,No,"HDR, panorama",1080p@30fps,"Wi-Fi 802.11 a/b/g/n/ac, dual-band, Wi-Fi Direct",Yes,5.1,Type-C,Yes,"GPS, GLONASS, GALILEO, BDS","Fingerprint (under display, optical), accelerometer, gyro, proximity, compass",4520,33,,No,,,290.0,,,,,,,,"Blue, Gold, Pink/Blue",M2004J7BC,,,FM radio; built-in antenna
Xiaomi,Xiaomi Redmi 10X 5G,https://www.gsmarena.com/xiaomi_redmi_10x_5g-10266.php,https://fdn2.gsmarena.com/vv/bigpic/xiaomi-redmi-10x-5g.jpg,GSM / CDMA / HSPA / LTE / 5G,Yes,"2020, May 26","Available. Released 2020, June 01",164.2 x 75.8 x 9 mm (6.46 x 2.98 x 0.35 in),205.0,Glass,,Nano-SIM + Nano-SIM,"AMOLED, HDR10+, 600 nits (typ)",,6.57,1080x2400,401,83.7,Gorilla Glass 5,"Android 10, MIUI 11",Mediatek Dimensity 820 (7 nm),7,Octa-core (4x2.6 GHz Cortex-A76 & 4x2.0 GHz Cortex-A55),Mali-G57 MC5,6,8,64,256,UFS 2.1,48.0,3,1.8,No,1/2.0,Yes,"LED flash, HDR, panorama","4K@30fps, 1080p@30/60fps, 720p@960fps",16.0,No,"HDR, panorama",1080p@30fps,"Wi-Fi 802.11 a/b/g/n/ac, dual-band, Wi-Fi Direct",No,5.1,Type-C,Yes,"GPS, GLONASS, GALILEO, BDS","Fingerprint (under display, optical), accelerometer, gyro, proximity, compass",4520,5,,No,,,200.0,,,,,,,,"Blue, Gold, Pink/Blue",,,,FM radio; built-in antenna
Xiaomi,Xiaomi Redmi 10X 4G,https://www.gsmarena.com/xiaomi_redmi_10x_4g-10202.php,https://fdn2.gsmarena.com/vv/bigpic/xiaomi-redmi-10x-4g.jpg,GSM / CDMA / HSPA / LTE,No,"2020, May 26","Available. Released 2020, May 26",162.3 x 77.2 x 8.9 mm (6.39 x 3.04 x 0.35 in),199.0,,,Nano-SIM + Nano-SIM,"IPS LCD, 450 nits (typ)",,6.53,1080x2340,395,83.5,Gorilla Glass 5,"Android 10, MIUI 11",Mediatek MT6769Z Helio G85 (12 nm),12,Octa-core (2x2.0 GHz Cortex-A75 & 6x1.8 GHz Cortex-A55),Mali-G52 MC2,4,6,128,128,,48.0,4,1.8,No,1/2.0,No,"LED flash, HDR, panorama",1080p@30fps,13.0,No,Panorama,1080p@30fps,"Wi-Fi 802.11 a/b/g/n/ac, dual-band, Wi-Fi Direct",No,5.0,Type-C,Yes,"GPS, GLONASS, BDS","Fingerprint (rear-mounted), accelerometer, gyro, proximity, compass",5020,18,,No,,,130.0,,,,,,,,"Blue, Green, White",M2003J15SC,,,FM radio; built-in antenna
Xiaomi,Xiaomi Redmi K30i 5G,https://www.gsmarena.com/xiaomi_redmi_k30i_5g-10200.php,https://fdn2.gsmarena.com/vv/bigpic/xiaomi-redmi-k30i-5g-.jpg,GSM / HSPA / LTE / 5G,Yes,"2020, May 25. Released 2020, June 07",Discontinued,165.3 x 76.6 x 8.8 mm (6.51 x 3.02 x 0.35 in),208.0,Glass,,Nano-SIM + Nano-SIM,"IPS LCD, 120Hz, HDR10",120,6.67,1080x2400,395,84.8,Gorilla Glass 5,"Android 10, MIUI 11",Qualcomm SM7250 Snapdragon 765G 5G (7 nm),7,Octa-core (1x2.4 GHz Kryo 475 Prime & 1x2.2 GHz Kryo 475 Gold & 6x1.8 GHz Kryo 475 Silver),Adreno 620,6,8,128,256,UFS 2.1,48.0,4,1.9,No,1/2.0,Yes,"Dual-LED flash, HDR, panorama","4K@30fps, 1080p@30fps; gyro-EIS",20.0,No,HDR,1080p@30fps,"Wi-Fi 802.11 a/b/g/n/ac, dual-band, Wi-Fi Direct",Yes,5.1,Type-C,Yes,"GPS (L1+L5), GLONASS (G1), BDS (B1I+B2a), GALILEO (E1+E5a), QZSS (L1+L5)","Fingerprint (side-mounted), accelerometer, gyro, proximity, compass",4500,30,,No,,,250.0,,,,,,,,"Blue, White, Red, Purple",,,,Unspecified
Xiaomi,Xiaomi Poco F2 Pro,https://www.gsmarena.com/xiaomi_poco_f2_pro-10220.php,https://fdn2.gsmarena.com/vv/bigpic/xiaomi-poco-f2-pro.jpg,GSM / HSPA / LTE / 5G,Yes,"2020, May 12","Available. Released 2020, May 19",163.3 x 75.4 x 8.9 mm (6.43 x 2.97 x 0.35 in),219.0,Glass,,Nano-SIM + Nano-SIM,"Super AMOLED, HDR10+, 500 nits (typ)",,6.67,1080x2400,395,87.2,Gorilla Glass 5,"Android 10, upgradable to Android 12, MIUI 14",Qualcomm SM8250 Snapdragon 865 5G (7 nm+),,Octa-core (1x2.84 GHz Cortex-A77 & 3x2.42 GHz Cortex-A77 & 4x1.80 GHz Cortex-A55),Adreno 650,6,8,64,256,UFS 3.1 6GB RAM (LPDDR4X) 8GB RAM (LPDDR5),64.0,4,1.9,No,1/1.72,Yes,"Dual-LED dual-tone flash, HDR, panorama","8K@24/30fps, 4K@30/60fps, 1080p@30/60/120/240fps, 1080p@960fps; gyro-EIS",20.0,No,HDR,"1080p@30fps, 720p@120fps","Wi-Fi 802.11 a/b/g/n/ac/6, dual-band, Wi-Fi Direct",Yes,5.1,Type-C,Yes,"GPS (L1+L5), GLONASS (G1), BDS (B1), GALILEO (E1+E5a), QZSS (L1+L5)","Fingerprint (under display, optical), accelerometer, gyro, proximity, compass, barometer",4700,30,,No,,,150.0,,,538221,3332,,854,-25.6,"Neon Blue, Phantom White, Electric Purple, Cyber Gray",M2004J11G,1.09 W/kg (head) 0.51 W/kg (body),0.79 W/kg (head) 1.03 W/kg (body),No
Xiaomi,Xiaomi Redmi K30 5G Racing,https://www.gsmarena.com/xiaomi_redmi_k30_5g_racing-10235.php,https://fdn2.gsmarena.com/vv/bigpic/xiaomi-redmi-k30-5g-racing-edition1.jpg,GSM / HSPA / LTE / 5G,Yes,"2020, May 11. Released 2020, May 14",Discontinued,165.3 x 76.6 x 8.8 mm (6.51 x 3.02 x 0.35 in),208.0,Glass,,Nano-SIM + Nano-SIM,"IPS LCD, 120Hz, HDR10",120,6.67,1080x2400,395,84.8,Gorilla Glass 5,"Android 10, MIUI 11",Qualcomm SDM768 Snapdragon 768G 5G (7 nm),7,Octa-core (1x2.8 GHz Kryo 475 Prime & 1x2.2 GHz Kryo 475 Gold & 6x1.8 GHz Kryo 475 Silver),Adreno 620,6,6,128,128,UFS 2.1,64.0,4,1.9,No,1/1.72,Yes,"Dual-LED flash, HDR, panorama","4K@30fps, 1080p@30/120fps, 720p@960fps; gyro-EIS",20.0,No,HDR,1080p@30fps,"Wi-Fi 802.11 a/b/g/n/ac, dual-band, Wi-Fi Direct",Yes,5.1,Type-C,Yes,GPS,"Fingerprint (side-mounted), accelerometer, gyro, proximity, compass",4500,30,,No,,,260.0,,,,,,,,"Mint, Blue, Red, Purple, White",,,,FM radio
Xiaomi,Xiaomi Redmi Note 9 Pro,https://www.gsmarena.com/xiaomi_redmi_note_9_pro-10217.php,https://fdn2.gsmarena.com/vv/bigpic/xiaomi-redmi-note-9-pro-global-.jpg,GSM / HSPA / LTE,No,"2020, April 30","Available. Released 2020, May 05",165.8 x 76.7 x 8.8 mm (6.53 x 3.02 x 0.35 in),209.0,Glass,,Nano-SIM + Nano-SIM,IPS LCD,,6.67,1080x2400,395,84.5,Gorilla Glass 5,"Android 10, MIUI 11",Qualcomm SM7125 Snapdragon 720G (8 nm),8,Octa-core (2x2.3 GHz Kryo 465 Gold & 6x1.8 GHz Kryo 465 Silver),Adreno 618,4,8,64,128,UFS 2.1,64.0,4,1.9,No,1/1.72,Yes,"LED flash, HDR, panorama","4K@30fps, 1080p@30/60/120fps, 720p@960fps, gyro-EIS",16.0,No,"HDR, panorama",1080p@30/120fps,"Wi-Fi 802.11 a/b/g/n/ac, dual-band, Wi-Fi Direct",Yes,5.0,Type-C,Yes,"GPS, GLONASS, GALILEO, BDS","Fingerprint (side-mounted), accelerometer, gyro, proximity, compass",5020,30,,No,,,99.99,,,279625,1785,,,-28.6,"Tropical Green, Glacier White, Interstellar Gray",M2003J6B2G,0.87 W/kg (head) 0.71 W/kg (body),0.66 W/kg (head) 1.02 W/kg (body),"FM radio, recording"
Xiaomi,Xiaomi Redmi Note 9,https://www.gsmarena.com/xiaomi_redmi_note_9-10192.php,https://fdn2.gsmarena.com/vv/bigpic/xiaomi-redmi-note-9.jpg,GSM / HSPA / LTE,No,"2020, April 30","Available. Released 2020, May 12",162.3 x 77.2 x 8.9 mm (6.39 x 3.04 x 0.35 in),199.0,Glass,,Nano-SIM + Nano-SIM,"IPS LCD, 450 nits (typ)",,6.53,1080x2340,395,83.5,Gorilla Glass 5,"Android 10, upgradable to Android 12, MIUI 13",Mediatek MT6769Z Helio G85 (12 nm),12,Octa-core (2x2.0 GHz Cortex-A75 & 6x1.8 GHz Cortex-A55),Mali-G52 MC2,3,6,64,128,,48.0,4,1.8,No,1/2.0,No,"LED flash, HDR, panorama",1080p@30fps,13.0,No,"HDR, panorama",1080p@30fps,"Wi-Fi 802.11 a/b/g/n/ac, dual-band, Wi-Fi Direct",Yes,5.0,Type-C,Yes,"GPS, GLONASS, GALILEO, BDS","Fingerprint (rear-mounted), accelerometer, gyro, proximity, compass",5020,18,,No,,,110.0,,,200414,1292,,370,-30.1,"Forest Green, Midnight Grey, Polar White","M2003J15SC, M2003J15SG, M2003J15SS",0.84 W/kg (head) 0.90 W/kg (body),0.80 W/kg (head) 1.14 W/kg (body),"FM radio, built-in antenna"
Xiaomi,Xiaomi Mi Note 10 Lite,https://www.gsmarena.com/xiaomi_mi_note_10_lite-10183.php,https://fdn2.gsmarena.com/vv/bigpic/xiaomi-mi-note-10-lite-.jpg,GSM / HSPA / LTE,No,"2020, April 30. Released 2020, May 09",Discontinued,157.8 x 74.2 x 9.7 mm (6.21 x 2.92 x 0.38 in),204.0,Glass,,Nano-SIM + Nano-SIM,"AMOLED, HDR10, 430 nits (typ)",,6.47,1080x2340,398,87.8,Gorilla Glass 5,"Android 10, upgradable to Android 11, MIUI 12.5 E",Qualcomm SDM730 Snapdragon 730G (8 nm),8,Octa-core (2x2.2 GHz Kryo 470 Gold & 6x1.8 GHz Kryo 470 Silver),Adreno 618,6,8,64,128,UFS 2.1,64.0,4,1.9,No,1/1.72,Yes,"Laser AF, Quad-LED flash, HDR, panorama","4K@30fps, 1080p@30/60/120fps, 720p@960fps",16.0,No,"HDR, panorama",1080p@30fps,"Wi-Fi 802.11 a/b/g/n/ac, dual-band, Wi-Fi Direct",Yes,5.0,Type-C,Yes,"GPS, GLONASS, GALILEO, BDS","Fingerprint (under display, optical), accelerometer, gyro, compass",5260,30,,No,,,110.0,,,253271,1694,,596,-29.2,"Midnight Black, Glacier White, Nebula Purple","M2002F4LG, M1910F4G",1.17 W/kg (head) 0.86 W/kg (body),1.01 W/kg (head) 1.39 W/kg (body),"FM radio, recording"
Xiaomi,Xiaomi Mi 10 Youth 5G,https://www.gsmarena.com/xiaomi_mi_10_youth_5g-10207.php,https://fdn2.gsmarena.com/vv/bigpic/xiaomi-mi-10-youth-5g-.jpg,GSM / CDMA / HSPA / EVDO / LTE / 5G,Yes,"2020, April 27. Released 2020, May 04",Discontinued,164 x 74.8 x 7.9 mm (6.46 x 2.94 x 0.31 in),192.0,,,Nano-SIM + Nano-SIM,"Super AMOLED, HDR10+, 430 nits (typ)",,6.57,1080x2400,401,85.0,Gorilla Glass 5,"Android 10, MIUI 11",Qualcomm SM7250 Snapdragon 765G 5G (7 nm),7,Octa-core (1x2.4 GHz Kryo 475 Prime & 1x2.2 GHz Kryo 475 Gold & 6x1.8 GHz Kryo 475 Silver),Adreno 620,6,8,64,256,UFS 2.1,48.0,4,1.8,Yes,1/2.0,Yes,"Dual-LED flash, HDR, panorama","4K@30fps, 1080p@30/60/120fps, 720p@960fps; gyro-EIS",16.0,No,"HDR, panorama","1080p@30fps, 720p@120fps","Wi-Fi 802.11 a/b/g/n/ac, dual-band, Wi-Fi Direct",Yes,5.1,Type-C,Yes,"GPS (L1+L5), GLONASS (G1), BDS (B1I+B2a), GALILEO (E1+E5a), QZSS (L1+L5)","Fingerprint (under display, optical), accelerometer, gyro, compass",4160,20,,No,,,270.0,,,,,,,,"Blue, White, Black, Green, Orange/Peach",M2002J9E,,,No
Xiaomi,Xiaomi Mi 10 Lite 5G,https://www.gsmarena.com/xiaomi_mi_10_lite_5g-10159.php,https://fdn2.gsmarena.com/vv/bigpic/xiaomi-mi10-lite-5g.jpg,GSM / HSPA / LTE / 5G,Yes,"2020, March 27. Released 2020, May 25",Discontinued,163.7 x 74.8 x 7.9 mm (6.44 x 2.94 x 0.31 in),192.0,,,Nano-SIM + Nano-SIM,"AMOLED, HDR10+, 430 nits (typ)",,6.57,1080x2400,401,85.1,Gorilla Glass 5,"Android 10, MIUI 12",Qualcomm SM7250 Snapdragon 765G 5G (7 nm),7,Octa-core (1x2.4 GHz Kryo 475 Prime & 1x2.2 GHz Kryo 475 Gold & 6x1.8 GHz Kryo 475 Silver),Adreno 620,6,8,64,256,,48.0,4,1.8,No,1/2.0,Yes,"Dual-LED flash, HDR, panorama","4K@30fps, 1080p@30/60/120/240/960fps, gyro-EIS",16.0,No,"HDR, panorama","1080p@30fps, 720p@120fps","Wi-Fi 802.11 a/b/g/n/ac, dual-band, Wi-Fi Direct",Yes,5.1,Type-C,Yes,"GPS (L1+L5), GLONASS (G1), BDS (B1), GALILEO (E1+E5a), QZSS (L1+L5)","Fingerprint (under display, optical), accelerometer, gyro, compass",4160,20,,No,,,130.0,,,318117,1927,,610,-28.6,"Aurora Blue, Cosmic Gray, Dream White","M2002J9G, M2002J9S, XIG01",1.09 W/kg (head) 0.74 W/kg (body),0.79 W/kg (head) 1.18 W/kg (body),"FM radio, recording"
Xiaomi,Xiaomi Redmi K30 Pro Zoom,https://www.gsmarena.com/xiaomi_redmi_k30_pro_zoom-10150.php,https://fdn2.gsmarena.com/vv/bigpic/xiaomi-redmi-k30-pro-zoom.jpg,GSM / CDMA / HSPA / EVDO / LTE / 5G,Yes,"2020, March 24. Released 2020, April 04",Discontinued,163.3 x 75.4 x 8.9 mm (6.43 x 2.97 x 0.35 in),218.0,Glass,,Nano-SIM + Nano-SIM,"Super AMOLED, HDR10+, 500 nits (typ)",,6.67,1080x2400,395,87.2,Gorilla Glass 5,"Android 10, MIUI 11",Qualcomm SM8250 Snapdragon 865 5G (7 nm+),,Octa-core (1x2.84 GHz Cortex-A77 & 3x2.42 GHz Cortex-A77 & 4x1.80 GHz Cortex-A55),Adreno 650,8,12,128,512,UFS 3.1,64.0,4,,Yes,1/1.72,Yes,"Dual-LED dual-tone flash, HDR, panorama","8K@24/30fps, 4K@30/60fps, 1080p@30/60/120/240fps, 1080p@960fps; gyro-EIS",20.0,No,HDR,1080p@30fps,"Wi-Fi 802.11 a/b/g/n/ac/6, dual-band, Wi-Fi Direct",Yes,5.1,Type-C,Yes,"GPS (L1+L5), GLONASS (G1), BDS (B1I+B2a), GALILEO (E1+E5a), QZSS (L1+L5)","Fingerprint (under display, optical), accelerometer, gyro, proximity, compass, barometer",4700,33,,No,,,500.0,,,,,,,,"Grey, Purple, White, Blue",,,,No
Xiaomi,Xiaomi Redmi K30 Pro,https://www.gsmarena.com/xiaomi_redmi_k30_pro-10140.php,https://fdn2.gsmarena.com/vv/bigpic/xiaomi-redmi-k30-pro.jpg,GSM / CDMA / HSPA / EVDO / LTE / 5G,Yes,"2020, March 24. Released 2020, March 27",Discontinued,163.3 x 75.4 x 8.9 mm (6.43 x 2.97 x 0.35 in),218.0,Glass,,Nano-SIM + Nano-SIM,"Super AMOLED, HDR10+, 500 nits (typ)",,6.67,1080x2400,395,87.2,Gorilla Glass 5,"Android 10, MIUI 11",Qualcomm SM8250 Snapdragon 865 5G (7 nm+),,Octa-core (1x2.84 GHz Cortex-A77 & 3x2.42 GHz Cortex-A77 & 4x1.80 GHz Cortex-A55),Adreno 650,6,12,128,256,"UFS 3.0 (128GB 6GB RAM) UFS 3.1 (128GB 8/12GB RAM, 256GB 8GB RAM)",64.0,4,1.9,No,1/1.72,Yes,"Dual-LED dual-tone flash, HDR, panorama","8K@24/30fps, 4K@30/60fps, 1080p@30/60/120/240fps, 1080p@960fps; gyro-EIS",20.0,No,HDR,"1080p@30fps, 720p@120fps","Wi-Fi 802.11 a/b/g/n/ac/6, dual-band, Wi-Fi Direct",Yes,5.1,Type-C,Yes,"GPS (L1+L5), GLONASS (G1), BDS (B1I+B2a), GALILEO (E1+E5a), QZSS (L1+L5)","Fingerprint (under display, optical), accelerometer, gyro, compass, barometer",4700,30,,No,,,390.0,,,,,,,,"Neon Blue, Phantom White, Electric Purple, Cyber Gray",,,,No
Xiaomi,Xiaomi Redmi Note 9S,https://www.gsmarena.com/xiaomi_redmi_note_9s-10147.php,https://fdn2.gsmarena.com/vv/bigpic/xiaomi-redmi-note-9-pro.jpg,GSM / HSPA / LTE,No,"2020, March 23. Released 2020, April 30",Discontinued,165.8 x 76.7 x 8.8 mm (6.53 x 3.02 x 0.35 in),209.0,Glass,,Nano-SIM + Nano-SIM,"IPS LCD, HDR10, 450 nits (typ)",,6.67,1080x2400,395,84.5,Gorilla Glass 5,"Android 10, upgradable to Android 12, MIUI 14",Qualcomm SM7125 Snapdragon 720G (8 nm),8,Octa-core (2x2.3 GHz Kryo 465 Gold & 6x1.8 GHz Kryo 465 Silver),Adreno 618,4,6,64,128,UFS 2.1,48.0,4,1.8,No,1/2.0,Yes,"LED flash, HDR, panorama","4K@30fps, 1080p@30/60/120fps, 720p@960fps, gyro-EIS",16.0,No,"HDR, panorama",1080p@30/120fps,"Wi-Fi 802.11 a/b/g/n/ac, dual-band, Wi-Fi Direct",No,5.0,Type-C,Yes,"GPS, GLONASS, GALILEO, BDS","Fingerprint (side-mounted), accelerometer, gyro, proximity, compass",5020,18,,No,,,110.0,,,254000,1785,,575,-27.8,"Aurora Blue, Glacier White, Interstellar Gray",M2003J6A1G,0.96 W/kg (head) 0.40 W/kg (body),0.72 W/kg (head) 0.98 W/kg (body),"FM radio, recording"
Xiaomi,Xiaomi Redmi Note 9 Pro Max,https://www.gsmarena.com/xiaomi_redmi_note_9_pro_max-10126.php,https://fdn2.gsmarena.com/vv/bigpic/xiaomi-redmi-note-9-pro-max.jpg,GSM / HSPA / LTE,No,"2020, March 12. Released 2020, May 12",Discontinued,165.5 x 76.7 x 8.8 mm (6.52 x 3.02 x 0.35 in),209.0,Glass,,Nano-SIM + Nano-SIM,"IPS LCD, 450 nits (typ)",,6.67,1080x2400,395,84.6,Gorilla Glass 5,"Android 10, upgradable to Android 12, MIUI 13",Qualcomm SM7125 Snapdragon 720G (8 nm),8,Octa-core (2x2.3 GHz Kryo 465 Gold & 6x1.8 GHz Kryo 465 Silver),Adreno 618,6,8,64,128,UFS 2.1,64.0,4,1.9,No,1/1.72,Yes,"LED flash, HDR, panorama","4K@30fps, 1080p@30/60/120fps, 720p@960fps, gyro-EIS",32.0,No,"HDR, panorama",1080p@30fps,"Wi-Fi 802.11 a/b/g/n/ac, dual-band, Wi-Fi Direct",No,5.0,Type-C,Yes,"GPS, GLONASS, GALILEO, BDS, NavIC","Fingerprint (side-mounted), accelerometer, gyro, proximity, compass",5020,33,,No,,,180.0,,,,,,,,"Aurora Blue, Glacier White, Interstellar Black",M2003J6B1I,0.88 W/kg (head) 0.47 W/kg (body),,"FM radio, recording"
Xiaomi,Xiaomi Redmi Note 9 Pro (India),https://www.gsmarena.com/xiaomi_redmi_note_9_pro_(india)-10120.php,https://fdn2.gsmarena.com/vv/bigpic/xiaomi-redmi-note-9-pro.jpg,GSM / HSPA / LTE,No,"2020, March 12. Released 2020, March 17",Discontinued,165.8 x 76.7 x 8.8 mm (6.53 x 3.02 x 0.35 in),209.0,Glass,,Nano-SIM + Nano-SIM,"IPS LCD, 450 nits (typ)",,6.67,1080x2400,395,84.5,Gorilla Glass 5,"Android 10, upgradable to Android 12, MIUI 13",Qualcomm SM7125 Snapdragon 720G (8 nm),8,Octa-core (2x2.3 GHz Kryo 465 Gold & 6x1.8 GHz Kryo 465 Silver),Adreno 618,4,6,64,128,,48.0,4,1.9,No,1/4.0,Yes,"LED flash, HDR, panorama","4K@30fps, 1080p@30/60/120fps, 720p@960fps, gyro-EIS",16.0,No,"HDR, panorama",1080p@30fps,"Wi-Fi 802.11 a/b/g/n/ac, dual-band, Wi-Fi Direct",No,5.0,Type-C,Yes,"GPS, GLONASS, GALILEO, BDS, NavIC","Fingerprint (side-mounted), accelerometer, gyro, proximity, compass",5020,18,,No,,,280.0,,,254000,1785,,,-27.8,"Aurora Blue, Glacier White, Interstellar Black",M2003J6A1I,0.90 W/kg (head) 0.48 W/kg (body),,"FM radio, recording"
Xiaomi,Xiaomi Black Shark 3 Pro,https://www.gsmarena.com/xiaomi_black_shark_3_pro-10109.php,https://fdn2.gsmarena.com/vv/bigpic/xiaomi-black-shark-3-pro.jpg,GSM / CDMA / HSPA / EVDO / LTE / 5G,Yes,"2020, March 03. Released 2020, March 17",Discontinued,177.8 x 83.3 x 10.1 mm (7.00 x 3.28 x 0.40 in),253.0,Glass,,Nano-SIM + Nano-SIM,"AMOLED, 90Hz, HDR10+, 500 nits (typ)",90,7.1,1440x3120,484,83.6,,Android 10,Qualcomm SM8250 Snapdragon 865 5G (7 nm+),,Octa-core (1x2.84 GHz Cortex-A77 & 3x2.42 GHz Cortex-A77 & 4x1.80 GHz Cortex-A55),Adreno 650,8,12,256,512,UFS 3.0,64.0,3,1.8,No,1/1.72,Yes,"LED flash, HDR, panorama","4K@30/60fps, 1080p@30/60/240fps, 720p@1920fps",20.0,No,HDR,1080p@30fps,"Wi-Fi 802.11 a/b/g/n/ac/6, dual-band, Wi-Fi Direct",No,5.0,Type-C,Yes,"GPS, GLONASS, GALILEO, QZSS, BDS","Fingerprint (under display, optical), accelerometer, gyro, proximity, compass",5000,65,,No,,,940.0,,,,,,,,"Phantom Black, Armor Gray","SHARK MBU-A0, SHARK MBU-H0",,,No
Xiaomi,Xiaomi Black Shark 3,https://www.gsmarena.com/xiaomi_black_shark_3-10110.php,https://fdn2.gsmarena.com/vv/bigpic/xiaomi-black-shark-3.jpg,GSM / CDMA / HSPA / EVDO / LTE / 5G,Yes,"2020, March 03. Released 2020, March 06",Discontinued,168.7 x 77.3 x 10.4 mm (6.64 x 3.04 x 0.41 in),222.0,Glass,,Nano-SIM + Nano-SIM,"AMOLED, 90Hz, HDR10+, 500 nits (typ)",90,6.67,1080x2400,395,82.4,,Android 10,Qualcomm SM8250 Snapdragon 865 5G (7 nm+),,Octa-core (1x2.84 GHz Cortex-A77 & 3x2.42 GHz Cortex-A77 & 4x1.80 GHz Cortex-A55),Adreno 650,8,12,128,256,UFS 3.0,64.0,3,1.8,No,1/1.72,Yes,"LED flash, HDR, panorama","4K@30/60fps, 1080p@30/60/240fps, 720p@1920fps",20.0,No,HDR,1080p@30fps,"Wi-Fi 802.11 a/b/g/n/ac/6, dual-band, Wi-Fi Direct",No,5.0,Type-C,Yes,"GPS, GLONASS, GALILEO, QZSS, BDS","Fingerprint (under display, optical), accelerometer, gyro, proximity, compass",4720,65,,No,,,390.0,,,,,,,,"Lightning Black, Armor Gray, Star Silver","KLE-H0, KLE-A0",,,No
Xiaomi,Xiaomi Mi 10 Pro 5G,https://www.gsmarena.com/xiaomi_mi_10_pro_5g-10055.php,https://fdn2.gsmarena.com/vv/bigpic/xiaomi-mi-10-pro-5g.jpg,GSM / HSPA / LTE / 5G,Yes,"2020, February 13. Released 2020, February 18",Discontinued,162.5 x 74.8 x 9 mm (6.40 x 2.94 x 0.35 in),208.0,Glass,,· Nano-SIM · Nano-SIM + Nano-SIM,"Super AMOLED, 90Hz, HDR10+, 500 nits (typ)",90,6.67,1080x2340,386,89.8,Gorilla Glass 5,"Android 10, upgradable to Android 13, MIUI 14",Qualcomm SM8250 Snapdragon 865 5G (7 nm+),,Octa-core (1x2.84 GHz Cortex-A77 & 3x2.42 GHz Cortex-A77 & 4x1.80 GHz Cortex-A55),Adreno 650,8,12,256,512,UFS 3.0,108.0,4,1.7,Yes,1/1.33,Yes,"Laser AF, Triple-LED dual-tone flash, HDR, panorama","8K@30fps, 4K@30/60fps, 1080p@30/60/120/240/960fps; gyro-EIS",20.0,No,HDR,"1080p@30fps, 720p@120fps","Wi-Fi 802.11 a/b/g/n/ac/6, dual-band, Wi-Fi Direct, DLNA",Yes,5.1,Type-C,No,"GPS (L1+L5), GLONASS (G1), BDS (B1), GALILEO (E1+E5a)","Fingerprint (under display, optical), accelerometer, gyro, compass, barometer",4500,50,30,Yes,,,930.0,,,595246,3331,,858,-25.2,"Alpine White, Solstice Grey",M2001J1G,1.09 W/kg (head) 1.02 W/kg (body),0.69 W/kg (head) 0.99 W/kg (body),No
Xiaomi,Xiaomi Mi 10 5G,https://www.gsmarena.com/xiaomi_mi_10_5g-10082.php,https://fdn2.gsmarena.com/vv/bigpic/xiaomi-mi-10-5g.jpg,GSM / HSPA / LTE / 5G,Yes,"2020, February 13. Released 2020, February 14",Discontinued,162.5 x 74.8 x 9 mm (6.40 x 2.94 x 0.35 in),208.0,Glass,,· Nano-SIM · Nano-SIM + Nano-SIM,"Super AMOLED, 90Hz, HDR10+, 500 nits (typ)",90,6.67,1080x2340,386,89.8,Gorilla Glass 5,"Android 10, upgradable to Android 13, MIUI 14",Qualcomm SM8250 Snapdragon 865 5G (7 nm+),,Octa-core (1x2.84 GHz Cortex-A77 & 3x2.42 GHz Cortex-A77 & 4x1.80 GHz Cortex-A55),Adreno 650,6,12,128,256,UFS 3.0,108.0,4,1.7,Yes,1/1.33,Yes,"Dual-LED dual-tone flash, HDR, panorama","8K@30fps, 4K@30/60fps, 1080p@30/60fps; gyro-EIS",20.0,No,HDR,1080p@30fps,"Wi-Fi 802.11 a/b/g/n/ac/6, dual-band, Wi-Fi Direct, DLNA",Yes,5.1,Type-C,No,"GPS (L1+L5), GLONASS (G1), BDS (B1), GALILEO (E1+E5a)","Fingerprint (under display, optical), accelerometer, gyro, compass, barometer",4780,30,30,Yes,,,290.0,,,578056,3322,,854,-26.9,"Coral Green, Twilight Grey, Peach Gold","M2001J2G, M2001J2I, Mi 10",1.09 W/kg (head) 1.02 W/kg (body),0.69 W/kg (head) 0.99 W/kg (body),No
Xiaomi,Xiaomi Redmi 8A Pro,https://www.gsmarena.com/xiaomi_redmi_8a_pro-10169.php,https://fdn2.gsmarena.com/vv/bigpic/xiaomi-redmi-8a-dual.jpg,GSM / HSPA / LTE,No,"2020, April 02. Released 2020, April 02",Discontinued,156.5 x 75.4 x 9.4 mm (6.16 x 2.97 x 0.37 in),188.0,Glass,,Nano-SIM + Nano-SIM,"IPS LCD, 400 nits (typ)",,6.22,720x1520,270,81.8,Gorilla Glass 5,"Android 9.0 (Pie), planned upgrade to Android 10, MIUI 12",Qualcomm SDM439 Snapdragon 439 (12 nm),12,Octa-core (4x1.95 GHz Cortex-A53 & 4x1.45 GHz Cortex A53),Adreno 505,2,3,32,32,eMMC 5.1,13.0,2,2.2,No,1/3.1,No,"LED flash, HDR, panorama",1080p@30fps,8.0,No,HDR,1080p@30fps,"Wi-Fi 802.11 b/g/n, Wi-Fi Direct",No,4.2,Type-C,Yes,"GPS, GLONASS, BDS","Accelerometer, proximity, compass",5000,18,,No,,,90.0,,,,,,,,"Sky White, Sea Blue, Midnight Grey",,,,"FM Radio, built-in antenna"
Xiaomi,Xiaomi Redmi 8A Dual,https://www.gsmarena.com/xiaomi_redmi_8a_dual-10078.php,https://fdn2.gsmarena.com/vv/bigpic/xiaomi-redmi-8a-dual.jpg,GSM / HSPA / LTE,No,"2020, February 11. Released 2020, February 18",Discontinued,156.5 x 75.4 x 9.4 mm (6.16 x 2.97 x 0.37 in),188.0,Glass,,Nano-SIM + Nano-SIM,"IPS LCD, 400 nits (typ)",,6.22,720x1520,270,81.8,Gorilla Glass 5,"Android 9.0 (Pie), upgradable to Android 10, MIUI 12",Qualcomm SDM439 Snapdragon 439 (12 nm),12,Octa-core (4x1.95 GHz Cortex-A53 & 4x1.45 GHz Cortex A53),Adreno 505,2,3,32,64,eMMC 5.1,13.0,2,2.2,No,1/3.1,No,"LED flash, HDR, panorama",1080p@30fps,8.0,No,HDR,1080p@30fps,"Wi-Fi 802.11 b/g/n, Wi-Fi Direct",No,4.2,Type-C,Yes,"GPS, GLONASS, BDS","Accelerometer, proximity, compass",5000,18,,No,,,110.0,,,,,,,,"Sky White, Sea Blue, Midnight Grey",M2001C3K3I,0.34 W/kg (head) 1.00 W/kg (body),,"FM Radio, built-in antenna"
Xiaomi,Xiaomi Poco X2,https://www.gsmarena.com/xiaomi_poco_x2-10050.php,https://fdn2.gsmarena.com/vv/bigpic/xiaomi-poco-x2.jpg,GSM / HSPA / LTE,No,"2020, February 04. Released 2020, February 11",Discontinued,165.3 x 76.6 x 8.8 mm (6.51 x 3.02 x 0.35 in),208.0,Glass,,Nano-SIM + Nano-SIM,"IPS LCD, 120Hz, HDR10, 500 nits (typ)",120,6.67,1080x2400,395,84.8,Gorilla Glass 5,"Android 10, upgradable to Android 11, MIUI 12.5",Qualcomm SDM730 Snapdragon 730G (8 nm),8,Octa-core (2x2.2 GHz Kryo 470 Gold & 6x1.8 GHz Kryo 470 Silver),Adreno 618,6,8,64,256,UFS 2.1,64.0,4,1.9,No,1/1.72,Yes,"Dual-LED flash, HDR, panorama","4K@30fps, 1080p@30/120fps, 720p@960fps; gyro-EIS",20.0,No,HDR,1080p@30fps,"Wi-Fi 802.11 a/b/g/n/ac, dual-band, Wi-Fi Direct",No,5.0,Type-C,Yes,"GPS, GLONASS, BDS","Fingerprint (side-mounted), accelerometer, gyro, proximity, compass",4500,27,,No,,,200.0,,,,,,,,"Atlantis Blue, Matrix Purple, Phoenix Red","MZB9011IN, MZB9012IN, MZB9013IN, MZB8741IN, MZB8742IN, MZB8743IN, MZB8744IN, MZB8745IN, MZB8746IN",1.08 W/kg (head) 0.62 W/kg (body),,"FM radio, recording"
Xiaomi,Xiaomi Redmi K30,https://www.gsmarena.com/xiaomi_redmi_k30-9991.php,https://fdn2.gsmarena.com/vv/bigpic/xiaomi-redmi-k30.jpg,GSM / CDMA / HSPA / EVDO / LTE,No,"2019, December 10. Released 2019, December 20",Discontinued,165.3 x 76.6 x 8.8 mm (6.51 x 3.02 x 0.35 in),208.0,Glass,,Nano-SIM + Nano-SIM,"IPS LCD, 120Hz, HDR10",120,6.67,1080x2400,395,84.8,Gorilla Glass 5,"Android 10, MIUI 11",Qualcomm SDM730 Snapdragon 730G (8 nm),8,Octa-core (2x2.2 GHz Kryo 470 Gold & 6x1.8 GHz Kryo 470 Silver),Adreno 618,6,8,64,256,UFS 2.1,64.0,4,1.9,No,1/1.72,Yes,"Dual-LED flash, HDR, panorama","4K@30fps, 1080p@30/120fps, 720p@960fps; gyro-EIS",20.0,No,HDR,1080p@30fps,"Wi-Fi 802.11 a/b/g/n/ac, dual-band, Wi-Fi Direct",Yes,5.0,Type-C,Yes,"GPS, GLONASS, GALILEO, BDS","Fingerprint (side-mounted), accelerometer, gyro, proximity, compass",4500,27,,No,,,210.0,,,218200,7008,,714,,"Blue, Red, Purple","M1912G7BE, M1912G7BC",,,"FM radio, recording"
Xiaomi,Xiaomi Redmi K30 5G,https://www.gsmarena.com/xiaomi_redmi_k30_5g-9979.php,https://fdn2.gsmarena.com/vv/bigpic/xiaomi-redmi-k30-5g.jpg,GSM / HSPA / LTE / 5G,Yes,"2019, December 10. Released 2020, January 07",Discontinued,165.3 x 76.6 x 8.8 mm (6.51 x 3.02 x 0.35 in),208.0,Glass,,Nano-SIM + Nano-SIM,"IPS LCD, 120Hz, HDR10",120,6.67,1080x2400,395,84.8,Gorilla Glass 5,"Android 10, upgradable to Android 11, MIUI 12",Qualcomm SM7250 Snapdragon 765G 5G (7 nm),7,Octa-core (1x2.4 GHz Kryo 475 Prime & 1x2.2 GHz Kryo 475 Gold & 6x1.8 GHz Kryo 475 Silver),Adreno 620,6,8,64,256,UFS 2.1,64.0,4,1.9,No,1/1.72,Yes,"Dual-LED flash, HDR, panorama","4K@30fps, 1080p@30/120fps, 720p@960fps; gyro-EIS",20.0,No,HDR,1080p@30fps,"Wi-Fi 802.11 a/b/g/n/ac, dual-band, Wi-Fi Direct",Yes,5.1,Type-C,Yes,"GPS (L1+L5), GLONASS (G1), BDS (B1I+B2a), GALILEO (E1+E5a), QZSS (L1+L5)","Fingerprint (side-mounted), accelerometer, gyro, proximity, compass",4500,30,,No,,,260.0,,,,,,,,"Blue, Red, Purple, White","M1912G7BE, M1912G7BC",,,FM radio
Xiaomi,Xiaomi Redmi Note 8T,https://www.gsmarena.com/xiaomi_redmi_note_8t-9946.php,https://fdn2.gsmarena.com/vv/bigpic/xiaomi-redmi-note-8t.jpg,GSM / HSPA / LTE,No,"2019, November 06. Released 2019, November 08",Discontinued,161.1 x 75.4 x 8.6 mm (6.34 x 2.97 x 0.34 in),200.0,Glass,,Nano-SIM + Nano-SIM,IPS LCD,,6.3,1080x2340,409,80.2,Gorilla Glass 5,"Android 9.0 (Pie), upgradable to Android 11, MIUI 12.5",Qualcomm SDM665 Snapdragon 665 (11 nm),11,Octa-core (4x2.0 GHz Kryo 260 Gold & 4x1.8 GHz Kryo 260 Silver),Adreno 610,3,4,32,128,eMMC,48.0,4,1.8,No,1/2.0,Yes,"LED flash, HDR, panorama","4K@30fps, 1080p@30/60/120fps; gyro-EIS",13.0,No,"HDR, panorama",1080p@30fps,"Wi-Fi 802.11 a/b/g/n/ac, dual-band, Wi-Fi Direct",Yes,4.2,Type-C,Yes,"GPS, GLONASS, BDS","Fingerprint (rear-mounted), accelerometer, gyro, proximity, compass",4000,18,,No,,,250.0,,,141077,5620,,450,,"Starscape Blue, Moonlight White, Moonshadow Grey",M1908C3XG,1.02 W/kg (head) 1.18 W/kg (body),0.74 W/kg (head) 1.30 W/kg (body),FM radio
Xiaomi,Xiaomi Mi Note 10 Pro,https://www.gsmarena.com/xiaomi_mi_note_10_pro-9945.php,https://fdn2.gsmarena.com/vv/bigpic/xiaomi-mi-note10-.jpg,GSM / HSPA / LTE,No,"2019, November 06. Released 2019, November 11",Discontinued,157.8 x 74.2 x 9.7 mm (6.21 x 2.92 x 0.38 in),208.0,Glass,,Nano-SIM + Nano-SIM,"AMOLED, HDR10, 600 nits (typ)",,6.47,1080x2340,398,87.8,Gorilla Glass 5,"Android 9.0 (Pie), upgradable to Android 10, MIUI 12",Qualcomm SDM730 Snapdragon 730G (8 nm),8,Octa-core (2x2.2 GHz Kryo 470 Gold & 6x1.8 GHz Kryo 470 Silver),Adreno 618,8,8,256,256,UFS 2.0,108.0,,1.7,Yes,1/1.33,Yes,"Laser AF, Quad-LED dual-tone flash, HDR","4K@30fps, 1080p@30/60/120/240fps, 720p@960fps",32.0,No,HDR,1080p@30fps,"Wi-Fi 802.11 a/b/g/n/ac, dual-band, Wi-Fi Direct",Yes,5.0,Type-C,Yes,"GPS, GLONASS, GALILEO, BDS","Fingerprint (under display, optical), accelerometer, gyro, proximity, compass",5260,30,,No,,,480.0,,,,,,,,"Aurora Green, Glacier White, Midnight Black",M1910F4S,1.19 W/kg (head) 1.18 W/kg (body),1.11 W/kg (head) 1.39 W/kg (body),FM radio
Xiaomi,Xiaomi Mi Note 10,https://www.gsmarena.com/xiaomi_mi_note_10-9936.php,https://fdn2.gsmarena.com/vv/bigpic/xiaomi-mi-note10-.jpg,GSM / HSPA / LTE,No,"2019, November 06. Released 2019, November 11",Discontinued,157.8 x 74.2 x 9.7 mm (6.21 x 2.92 x 0.38 in),208.0,Glass,,Nano-SIM + Nano-SIM,"AMOLED, HDR10, 600 nits (typ)",,6.47,1080x2340,398,87.8,Gorilla Glass 5,"Android 9.0 (Pie), upgradable to Android 11, MIUI 12",Qualcomm SDM730 Snapdragon 730G (8 nm),8,Octa-core (2x2.2 GHz Kryo 470 Gold & 6x1.8 GHz Kryo 470 Silver),Adreno 618,6,6,128,256,UFS 2.0,108.0,,1.7,Yes,1/1.33,Yes,"Laser AF, Quad-LED dual-tone flash, HDR","4K@30fps, 1080p@30/60/120/240fps, 720p@960fps",32.0,No,HDR,1080p@30fps,"Wi-Fi 802.11 a/b/g/n/ac, dual-band, Wi-Fi Direct",Yes,5.0,Type-C,Yes,"GPS, GLONASS, GALILEO, BDS","Fingerprint (under display, optical), accelerometer, gyro, proximity, compass",5260,30,,No,,,380.0,,,213566,6737,,,-29.6,"Aurora Green, Glacier White, Midnight Black",M1910F4G,1.19 W/kg (head) 1.18 W/kg (body),1.11 W/kg (head) 1.39 W/kg (body),"FM radio, recording"
Xiaomi,Xiaomi Mi CC9 Pro,https://www.gsmarena.com/xiaomi_mi_cc9_pro-9935.php,https://fdn2.gsmarena.com/vv/bigpic/xiaomi-mi-cc9-pro-.jpg,GSM / CDMA / HSPA / LTE,No,"2019, November. Released 2019, November",Discontinued,157.8 x 74.2 x 9.7 mm (6.21 x 2.92 x 0.38 in),208.0,Glass,,Nano-SIM + Nano-SIM,"AMOLED, HDR10, 600 nits (typ)",,6.47,1080x2340,398,87.8,Gorilla Glass 5,"Android 9.0 (Pie), upgradable to Android 11, MIUI 12",Qualcomm SDM730 Snapdragon 730G (8 nm),8,Octa-core (2x2.2 GHz Kryo 470 Gold & 6x1.8 GHz Kryo 470 Silver),Adreno 618,6,8,128,256,UFS 2.1,108.0,,1.7,Yes,1/1.33,Yes,"Laser AF, Quad-LED dual-tone flash, HDR","4K@30fps, 1080p@30/60/120/240fps, 720p@960fps",32.0,No,HDR,1080p@30fps,"Wi-Fi 802.11 a/b/g/n/ac, dual-band, Wi-Fi Direct",Yes,5.0,Type-C,Yes,"GPS, GLONASS, GALILEO, BDS","Fingerprint (under display, optical), accelerometer, gyro, compass",5260,30,,No,,,400.0,,,236051,,,,,"Aurora Green, Glacier White, Midnight Black",M1910F4E,,,FM radio
Xiaomi,Xiaomi Watch Color,https://www.gsmarena.com/xiaomi_watch_color-10014.php,https://fdn2.gsmarena.com/vv/bigpic/xiaomi-watch-color-.jpg,No cellular connectivity,No,"2020, January. Released 2020, January",Discontinued,53.3 x 46.2 x 11.4 mm (2.10 x 1.82 x 0.45 in),,Glass,,No,AMOLED,,1.39,454x454,326,,,Proprietary OS,,,,,,,,,eMMC,,,,No,,No,,,,No,,,Wi-Fi 802.11 b/g/n,Yes,5.0,No,No,"GPS, GLONASS","Accelerometer, gyro, heart rate, barometer",420,,,No,,,100.0,,,,,,,,"Black, Silver, Keith Haring",XMWT06,,,No
Xiaomi,Xiaomi Mi Watch (China),https://www.gsmarena.com/xiaomi_mi_watch_(china)-9941.php,https://fdn2.gsmarena.com/vv/bigpic/xiaomi-mi-watch-.jpg,GSM / HSPA / LTE,No,"2019, November. Released 2019, November",Discontinued,44.7 x 36.9 x 12.3 mm (1.76 x 1.45 x 0.48 in),44.0,,,eSIM,Super AMOLED,,1.78,368x448,326,,Gorilla Glass 3,Proprietary OS,Qualcomm Snapdragon Wear 3100 (28 nm),28,Quad-core 1.2 GHz Cortex-A7,Adreno 304,1,1,8,8,eMMC 4.5,,,,No,,No,,,,No,,,Wi-Fi 802.11 b/g/n,Yes,4.2,No,No,"GPS, GLONASS, BDS","Accelerometer, gyro, heart rate, barometer",590,,,No,,,150.0,,,,,,,,"Black, Silver",,,,No
Xiaomi,Xiaomi Redmi 8,https://www.gsmarena.com/xiaomi_redmi_8-9800.php,https://fdn2.gsmarena.com/vv/bigpic/xiaomi-redmi-8.jpg,GSM / HSPA / LTE,No,"2019, October 09. Released 2019, October 12",Discontinued,156.5 x 75.4 x 9.4 mm (6.16 x 2.97 x 0.37 in),188.0,Glass,,Nano-SIM + Nano-SIM,"IPS LCD, 400 nits (typ)",,6.22,720x1520,270,81.8,Gorilla Glass 5,"Android 9.0 (Pie), upgradable to Android 10, MIUI 12",Qualcomm SDM439 Snapdragon 439 (12 nm),12,Octa-core (4x1.95 GHz Cortex-A53 & 4x1.45 GHz Cortex A53),Adreno 505,3,4,32,64,eMMC 5.1,12.0,1,1.8,No,1/2.55,No,"LED flash, HDR, panorama",1080p@30fps,8.0,No,HDR,1080p@30fps,"Wi-Fi 802.11 b/g/n, Wi-Fi Direct",No,4.2,Type-C,Yes,"GPS, GLONASS, GALILEO, BDS","Fingerprint (rear-mounted), accelerometer, proximity, compass",5000,18,,No,,,210.0,,,,,,,,"Onyx Black, Ruby Red, Sapphire Blue, Phantom Red","M1908C3IC, MZB8255IN, M1908C3IG, M1908C3IH",0.34 W/kg (head) 1.00 W/kg (body),0.23 W/kg (head) 1.48 W/kg (body),Wireless FM radio (no wired headphones required)
Xiaomi,Xiaomi Redmi 8A,https://www.gsmarena.com/xiaomi_redmi_8a-9897.php,https://fdn2.gsmarena.com/vv/bigpic/xiaomi-redmi-8a.jpg,GSM / HSPA / LTE,No,"2019, September 25. Released 2019, September 30",Discontinued,156.5 x 75.4 x 9.4 mm (6.16 x 2.97 x 0.37 in),188.0,Glass,,Nano-SIM + Nano-SIM,"IPS LCD, 400 nits (typ)",,6.22,720x1520,270,81.8,Gorilla Glass 5,"Android 9.0 (Pie), upgradable to Android 10, MIUI 12",Qualcomm SDM439 Snapdragon 439 (12 nm),12,Octa-core (4x1.95 GHz Cortex-A53 & 4x1.45 GHz Cortex A53),Adreno 505,2,4,32,64,eMMC 5.1,12.0,1,1.8,No,1/2.55,No,"LED flash, HDR, panorama",1080p@30fps,8.0,No,HDR,1080p@30fps,"Wi-Fi 802.11 b/g/n, Wi-Fi Direct",No,4.2,Type-C,Yes,"GPS, GLONASS, BDS","Accelerometer, proximity, compass",5000,18,,No,,,120.0,,,89901,3030,,,,"Midnight Black, Ocean Blue, Sunset Red","MZB8458IN, M1908C3KG, M1908C3KH",0.48 W/kg (head) 1.07 W/kg (body),0.23 W/kg (head) 1.48 W/kg (body),"FM Radio, built-in antenna"
Xiaomi,Xiaomi Mi Mix Alpha,https://www.gsmarena.com/xiaomi_mi_mix_alpha-9893.php,https://fdn2.gsmarena.com/vv/bigpic/xiaomi-mi-mix-alpha.jpg,GSM / CDMA / HSPA / LTE / 5G,Yes,"2019, September",Cancelled,154.4 x 72.3 x 10.4 mm (6.08 x 2.85 x 0.41 in),241.0,Titanium,,Nano-SIM + Nano-SIM,Flexible Super AMOLED,,7.92,2088x2250,388,180.8,,"Android 10, MIUI 11",Qualcomm SM8150 Snapdragon 855+ (7 nm),7,Octa-core (1x2.96 GHz Kryo 485 & 3x2.42 GHz Kryo 485 & 4x1.8 GHz Kryo 485),Adreno 640 (700 MHz),12,12,512,512,UFS 3.0,108.0,3,1.7,No,1/1.33,Yes,"Laser AF, Dual-LED flash, HDR, panorama","6K@30fps, 4K@30/60fps, 1080p@30/120/240fps, 1080p@960fps",,Yes,"Dual-LED flash, HDR, panorama","3240p@30fps, 4K@30/60fps, 1080p@30/120/240fps, 1080p@960fps","Wi-Fi 802.11 a/b/g/n/ac, dual-band, Wi-Fi Direct, DLNA",No,5.0,Type-C,No,"GPS (L1+L5), GLONASS (L1), BDS (B1), GALILEO (E1+E5a)","Fingerprint (under display, optical), accelerometer, gyro, compass, barometer",4050,40,,No,,,2500.0,,,,,,,,Black,,,,No
Xiaomi,Xiaomi Mi 9 Pro 5G,https://www.gsmarena.com/xiaomi_mi_9_pro_5g-9892.php,https://fdn2.gsmarena.com/vv/bigpic/xiaomi-mi-9-pro-5g.jpg,GSM / CDMA / HSPA / LTE / 5G,Yes,"2019, September. Released 2019, September",Discontinued,157.2 x 74.6 x 8.5 mm (6.19 x 2.94 x 0.33 in),196.0,Glass,,Nano-SIM + Nano-SIM,"Super AMOLED, HDR10",,6.39,1080x2340,403,85.5,Gorilla Glass 6,"Android 10, MIUI 11",Qualcomm SM8150 Snapdragon 855+ (7 nm),7,Octa-core (1x2.96 GHz Kryo 485 & 3x2.42 GHz Kryo 485 & 4x1.8 GHz Kryo 485),Adreno 640 (700 MHz),8,12,128,512,UFS 3.0,48.0,3,1.8,No,1/2.0,Yes,"Laser AF, Dual-LED flash, HDR, panorama","4K@30/60fps, 1080p@30/120/240fps, 1080p@960fps",20.0,No,HDR,1080p@30fps,"Wi-Fi 802.11 a/b/g/n/ac, dual-band, Wi-Fi Direct, DLNA",Yes,5.0,Type-C,No,"GPS (L1+L5), GLONASS (L1), BDS (B1), GALILEO (E1+E5a)","Fingerprint (under display, optical), accelerometer, gyro, proximity, compass",4000,40,30,Yes,,,600.0,,,,,,,,"Dream White, Titanium Black",,,,No
Xiaomi,Xiaomi Mi 9 Pro,https://www.gsmarena.com/xiaomi_mi_9_pro-9891.php,https://fdn2.gsmarena.com/vv/bigpic/xiaomi-mi-9-pro.jpg,GSM / CDMA / HSPA / LTE,No,"2019, September. Released 2019, September",Discontinued,157.2 x 74.6 x 8.5 mm (6.19 x 2.94 x 0.33 in),196.0,Glass,,Nano-SIM + Nano-SIM,"Super AMOLED, HDR10",,6.39,1080x2340,403,85.5,Gorilla Glass 6,"Android 10, MIUI 11",Qualcomm SM8150 Snapdragon 855+ (7 nm),7,Octa-core (1x2.96 GHz Kryo 485 & 3x2.42 GHz Kryo 485 & 4x1.8 GHz Kryo 485),Adreno 640 (700 MHz),8,12,128,512,UFS 2.1,48.0,3,1.8,No,1/2.0,Yes,"Laser AF, Dual-LED flash, HDR, panorama","4K@30/60fps, 1080p@30/120/240fps, 1080p@960fps",20.0,No,HDR,1080p@30fps,"Wi-Fi 802.11 a/b/g/n/ac, dual-band, Wi-Fi Direct, DLNA",Yes,5.0,Type-C,No,"GPS (L1+L5), GLONASS (L1), BDS (B1), GALILEO (E1+E5a)","Fingerprint (under display, optical), accelerometer, gyro, proximity, compass",4000,40,30,Yes,,,500.0,,,,,,,,"Dream White, Titanium Black",,,,No
Xiaomi,Xiaomi Redmi K20 Pro Premium,https://www.gsmarena.com/xiaomi_redmi_k20_pro_premium-9884.php,https://fdn2.gsmarena.com/vv/bigpic/xiaomi-redmi-k20pro-.jpg,GSM / CDMA / HSPA / LTE,No,"2019, September. Released 2019, September",Discontinued,156.7 x 74.3 x 8.8 mm (6.17 x 2.93 x 0.35 in),191.0,Glass,,Nano-SIM + Nano-SIM,"Super AMOLED, HDR10",,6.39,1080x2340,403,86.1,Gorilla Glass 5,"Android 10, MIUI 11",Qualcomm SM8150 Snapdragon 855+ (7 nm),7,Octa-core (1x2.96 GHz Kryo 485 & 3x2.42 GHz Kryo 485 & 4x1.8 GHz Kryo 485),Adreno 640 (700 MHz),8,12,128,512,UFS 2.1,48.0,3,1.8,No,1/2.0,Yes,"Laser AF, Dual-LED flash, HDR, panorama","4K@30/60fps, 1080p@30/120/240fps, 1080p@960fps",20.0,No,HDR,1080p@30fps,"Wi-Fi 802.11 a/b/g/n/ac, dual-band, Wi-Fi Direct",Yes,5.0,Type-C,Yes,"GPS (L1+L5), GLONASS (G1), BDS (B1), GALILEO (E1+E5a)","Fingerprint (under display, optical), accelerometer, gyro, proximity, compass",4000,27,,No,,,450.0,,,,,,,,"Carbon black, Flame red, Glacier blue, Summer Honey, Pearl White",,,,Yes
Xiaomi,Xiaomi Mi 9 Lite,https://www.gsmarena.com/xiaomi_mi_9_lite-9862.php,https://fdn2.gsmarena.com/vv/bigpic/xiaomi-mi-cc9-.jpg,GSM / HSPA / LTE,No,"2019, September 16. Released 2019, September 16",Discontinued,156.8 x 74.5 x 8.7 mm (6.17 x 2.93 x 0.34 in),179.0,Glass,,Nano-SIM + Nano-SIM,"Super AMOLED, HDR, 430 nits (typ)",,6.39,1080x2340,403,85.8,Gorilla Glass 5,"Android 9.0 (Pie), upgradable to Android 11, MIUI 12.5",Qualcomm SDM710 Snapdragon 710 (10 nm),10,Octa-core (2x2.2 GHz Kryo 360 Gold & 6x1.7 GHz Kryo 360 Silver),Adreno 616,6,6,64,128,UFS 2.1,48.0,3,1.8,No,1/2.0,Yes,"LED flash, HDR, panorama","4K@30fps, 1080p@30/60/120fps, 720p@960fps",32.0,No,HDR,1080p@30fps,"Wi-Fi 802.11 a/b/g/n/ac, dual-band, Wi-Fi Direct",Yes,5.0,Type-C,Yes,"GPS, GLONASS, GALILEO, BDS","Fingerprint (under display, optical), accelerometer, gyro, proximity, compass",4030,18,,No,,,320.0,,,175478,5989,,597,-30.2,"Pearl White, Aurora Blue, Onyx Grey",M1904F3BG,1.19 W/kg (head) 1.15 W/kg (body),1.42 W/kg (head) 1.40 W/kg (body),FM radio
Xiaomi,Xiaomi Redmi Note 8 Pro,https://www.gsmarena.com/xiaomi_redmi_note_8_pro-9812.php,https://fdn2.gsmarena.com/vv/bigpic/xiaomi-redmi-note-8-pro-.jpg,GSM / HSPA / LTE,No,"2019, August 29. Released 2019, September 24",Discontinued,161.4 x 76.4 x 8.8 mm (6.35 x 3.01 x 0.35 in),200.0,Glass,,Nano-SIM + Nano-SIM,"IPS LCD, HDR, 500 nits (typ)",,6.53,1080x2340,395,84.9,Gorilla Glass 5,"Android 9.0 (Pie), upgradable to Android 11, MIUI 12.5",Mediatek MT6785V/CC Helio G90T (12 nm),12,Octa-core (2x2.05 GHz Cortex-A76 & 6x2.0 GHz Cortex-A55),Mali-G76 MC4,4,8,64,256,UFS 2.1,64.0,4,1.9,No,1/1.72,Yes,"LED flash, HDR, panorama","4K@30fps, 1080p@30/60/120fps, 720p@960fps, gyro-EIS",20.0,No,"HDR, panorama",1080p@30fps,"Wi-Fi 802.11 a/b/g/n/ac, dual-band, Wi-Fi Direct",Yes,5.0,Type-C,Yes,"GPS, GLONASS, GALILEO, BDS","Fingerprint (rear-mounted), accelerometer, gyro, proximity, compass",4500,18,,No,,,220.0,,,224759,6999,,640,,"Black, Red, Blue, White, Deep Sea Blue, Midnight Blue, Electric Blue, Twilight Orange","2015105, M1906G7I, M1906G7G",1.15 W/kg (head) 1.18 W/kg (body),1.00 W/kg (head) 1.47 W/kg (body),"FM radio, recording"
Xiaomi,Xiaomi Black Shark 2 Pro,https://www.gsmarena.com/xiaomi_black_shark_2_pro-9779.php,https://fdn2.gsmarena.com/vv/bigpic/xiaomi-black-shark2-pro-.jpg,GSM / CDMA / HSPA / EVDO / LTE,No,"2019, July. Released 2019, August",Discontinued,163.6 x 75 x 8.8 mm (6.44 x 2.95 x 0.35 in),205.0,Glass,,Nano-SIM + Nano-SIM,AMOLED,,6.39,1080x2340,403,81.7,,Android 9.0 (Pie),Qualcomm SM8150 Snapdragon 855+ (7 nm),7,Octa-core (1x2.96 GHz Kryo 485 & 3x2.42 GHz Kryo 485 & 4x1.78 GHz Kryo 485),Adreno 640 (700 MHz),8,12,128,256,UFS 3.0,48.0,2,1.8,No,1/2.0,Yes,"LED flash, HDR, panorama","4K@30/60fps, 1080p@30/60/120fps, 720p@1920fps",20.0,No,HDR,1080p@30fps,"Wi-Fi 802.11 a/b/g/n/ac, dual-band, Wi-Fi Direct",No,5.0,Type-C,No,"GPS, GLONASS, GALILEO, QZSS, BDS","Fingerprint (under display, optical), accelerometer, gyro, proximity, compass",4000,27,,No,,,550.0,,,,,,,,"Shadow Black, Iceberg Grey, Gulf Blue, Streamer Purple","DLT-A0, DLT-H0",,,No
Xiaomi,Xiaomi Mi A3,https://www.gsmarena.com/xiaomi_mi_a3-9769.php,https://fdn2.gsmarena.com/vv/bigpic/xiaomi-mi-a3.jpg,GSM / HSPA / LTE,No,"2019, July 17. Released 2019, July 24",Discontinued,153.5 x 71.9 x 8.5 mm (6.04 x 2.83 x 0.33 in),173.8,Glass,,Nano-SIM + Nano-SIM,Super AMOLED,,6.09,720x1560,282,82.5,Gorilla Glass 5,"Android 9.0 (Pie), upgradable to Android 11, Android One",Qualcomm SDM665 Snapdragon 665 (11 nm),11,Octa-core (4x2.0 GHz Kryo 260 Gold & 4x1.8 GHz Kryo 260 Silver),Adreno 610,4,6,64,128,UFS 2.1,48.0,3,1.8,No,1/2.0,Yes,"LED flash, HDR, panorama","4K@30fps, 1080p@30/60/120fps",32.0,No,HDR,1080p@30fps,"Wi-Fi 802.11 a/b/g/n/ac, dual-band, Wi-Fi Direct",No,5.0,Type-C,Yes,"GPS, GLONASS, BDS","Fingerprint (under display, optical), accelerometer, gyro, proximity, compass",4030,18,,No,,,230.0,,,,,,363,,"Kind of Gray, Not just Blue, More than White","M1906F9SH, M1906F9SI",0.53 W/kg (head) 0.72 W/kg (body),0.30 W/kg (head) 1.10 W/kg (body),FM radio
Xiaomi,Xiaomi Redmi 7A,https://www.gsmarena.com/xiaomi_redmi_7a-9716.php,https://fdn2.gsmarena.com/vv/bigpic/xiaomi-redmi-7a-mzb8008in.jpg,GSM / HSPA / LTE,No,"2019, May 24. Released 2019, July 04",Discontinued,146.3 x 70.4 x 9.6 mm (5.76 x 2.77 x 0.38 in),165.0,Glass,,Nano-SIM + Nano-SIM,IPS LCD,,5.45,720x1440,295,74.4,,"Android 9.0 (Pie), upgradable to Android 10, MIUI 12",Qualcomm SDM439 Snapdragon 439 (12 nm),12,Octa-core (4x1.95 GHz Cortex-A53 & 4x1.45 GHz Cortex A53),Adreno 505,2,3,16,32,eMMC 5.1,13.0,1,2.2,No,1/3.1,No,"LED flash, HDR",1080p@30fps,5.0,No,HDR,1080p@30fps,"Wi-Fi 802.11 b/g/n, Wi-Fi Direct",No,4.2,Micro-USB,Yes,"GPS, GLONASS, BDS","Accelerometer, proximity, compass",4000,10,,No,,,130.0,,,,,,,,"Matte Black, Morning blue, Matte Blue, Matte Gold, Gem Red, Gem Blue","MZB7995IN, M1903C3EG, M1903C3EH, M1903C3EI",1.00 W/kg (head) 1.12 W/kg (body),0.56 W/kg (head) 1.17 W/kg (body),"FM Radio, built-in antenna"
Xiaomi,Xiaomi Mi CC9e,https://www.gsmarena.com/xiaomi_mi_cc9e-9759.php,https://fdn2.gsmarena.com/vv/bigpic/xiaomi-mi-cc9e-.jpg,GSM / CDMA / HSPA / LTE,No,"2019, July. Released 2019, July",Discontinued,153.5 x 71.9 x 8.5 mm (6.04 x 2.83 x 0.33 in),173.8,Glass,,Nano-SIM + Nano-SIM,Super AMOLED,,6.01,720x1560,286,80.3,Gorilla Glass 5,"Android 9.0 (Pie), MIUI 10",Qualcomm SDM665 Snapdragon 665 (11 nm),11,Octa-core (4x2.0 GHz Kryo 260 Gold & 4x1.8 GHz Kryo 260 Silver),Adreno 610,4,6,64,128,eMMC 5.1,48.0,3,1.8,No,1/2.0,Yes,"LED flash, HDR, panorama","4K@30fps, 1080p@30/60/120fps",32.0,No,HDR,1080p@30fps,"Wi-Fi 802.11 a/b/g/n/ac, dual-band, Wi-Fi Direct",No,5.0,Type-C,Yes,"GPS, GLONASS, BDS","Fingerprint (under display, optical), accelerometer, gyro, proximity, compass",4030,18,,No,,,170.0,,,,,,,,"Black, Blue, White",,,,FM radio
Xiaomi,Xiaomi Mi CC9,https://www.gsmarena.com/xiaomi_mi_cc9-9749.php,https://fdn2.gsmarena.com/vv/bigpic/xiaomi-mi-cc9-.jpg,GSM / CDMA / HSPA / LTE,No,"2019, July. Released 2019, July",Discontinued,156.8 x 74.5 x 8.7 mm (6.17 x 2.93 x 0.34 in),179.0,Glass,,Nano-SIM + Nano-SIM,"Super AMOLED, HDR, 430 nits (typ)",,6.39,1080x2340,403,85.8,Gorilla Glass 5,"Android 9.0 (Pie), upgradable to Android 10, MIUI 11",Qualcomm SDM710 Snapdragon 710 (10 nm),10,Octa-core (2x2.2 GHz Kryo 360 Gold & 6x1.7 GHz Kryo 360 Silver),Adreno 616,6,8,64,256,UFS 2.1,48.0,3,1.8,No,1/2.0,Yes,"LED flash, HDR, panorama","4K@30fps, 1080p@30/60/120fps, 720p@960fps",32.0,No,HDR,1080p@30fps,"Wi-Fi 802.11 a/b/g/n/ac, dual-band, Wi-Fi Direct",Yes,5.0,Type-C,Yes,"GPS, GLONASS, GALILEO, BDS","Fingerprint (under display, optical), accelerometer, gyro, proximity, compass",4030,18,,No,,,260.0,,,,,,,,"Black, Blue, White",,,,FM radio
Xiaomi,Xiaomi Redmi Note 8,https://www.gsmarena.com/xiaomi_redmi_note_8-9814.php,https://fdn2.gsmarena.com/vv/bigpic/xiaomi-redmi-note-8-1.jpg,GSM / HSPA / LTE,No,"2019, August 29. Released 2019, October 16",Discontinued,158.3 x 75.3 x 8.4 mm (6.23 x 2.96 x 0.33 in),,Glass,,Nano-SIM + Nano-SIM,IPS LCD,,6.3,1080x2340,409,81.7,Gorilla Glass 5,"Android 9.0 (Pie), upgradable to Android 11, MIUI 12.5",Qualcomm SDM665 Snapdragon 665 (11 nm),11,Octa-core (4x2.0 GHz Kryo 260 Gold & 4x1.8 GHz Kryo 260 Silver),Adreno 610,3,6,32,128,eMMC 5.1,48.0,4,1.8,No,1/2.0,Yes,"LED flash, HDR, panorama","4K@30fps, 1080p@30/60/120fps; gyro-EIS",13.0,No,"HDR, panorama",1080p@30fps,"Wi-Fi 802.11 a/b/g/n/ac, dual-band, Wi-Fi Direct",No,4.2,Type-C,Yes,"GPS, GLONASS, BDS","Fingerprint (rear-mounted), accelerometer, gyro, proximity, compass",4000,18,,No,,,220.0,,,141915,5590,,,,"Neptune Blue, Moonlight White, Space Black, Nebula Purple, Cosmic Purple","M1908C3JH, M1908C3JG, M1908C3JI",0.26 W/kg (head) 1.00 W/kg (body),0.19 W/kg (head) 1.09 W/kg (body),FM radio
Xiaomi,Xiaomi Mi 9T Pro,https://www.gsmarena.com/xiaomi_mi_9t_pro-9791.php,https://fdn2.gsmarena.com/vv/bigpic/xiaomi-mi-9t.jpg,GSM / HSPA / LTE,No,"2019, August 21. Released 2019, August 21",Discontinued,156.7 x 74.3 x 8.8 mm (6.17 x 2.93 x 0.35 in),191.0,Glass,,Nano-SIM + Nano-SIM,"Super AMOLED, HDR",,6.39,1080x2340,403,86.1,Gorilla Glass 5,"Android 9.0 (Pie), upgradable to Android 11, MIUI 12.5",Qualcomm SM8150 Snapdragon 855 (7 nm),7,Octa-core (1x2.84 GHz Kryo 485 & 3x2.42 GHz Kryo 485 & 4x1.78 GHz Kryo 485),Adreno 640,6,8,64,256,UFS 2.1,48.0,3,1.8,No,1/2.0,Yes,"Laser AF, Dual-LED flash, HDR, panorama","4K@30/60fps, 1080p@30/120/240fps, 1080p@960fps",20.0,No,HDR,1080p@30fps,"Wi-Fi 802.11 a/b/g/n/ac, dual-band, Wi-Fi Direct",Yes,5.0,Type-C,Yes,"GPS (L1+L5), GLONASS (G1), BDS (B1), GALILEO (E1+E5a)","Fingerprint (under display, optical), accelerometer, gyro, proximity, compass",4000,27,,No,,,150.0,,,368846,10684,,,-26.9,"Carbon black, Red flame, Glacier blue",M1903F11G,1.03 W/kg (head) 0.72 W/kg (body),1.30 W/kg (head) 1.51 W/kg (body),Yes
Xiaomi,Xiaomi Mi 9T,https://www.gsmarena.com/xiaomi_mi_9t-9738.php,https://fdn2.gsmarena.com/vv/bigpic/xiaomi-mi-9t.jpg,GSM / HSPA / LTE,No,"2019, June 12. Released 2019, June 12",Discontinued,156.7 x 74.3 x 8.8 mm (6.17 x 2.93 x 0.35 in),191.0,Glass,,Nano-SIM + Nano-SIM,"AMOLED, HDR",,6.39,1080x2340,403,86.1,Gorilla Glass 5,"Android 9.0 (Pie), upgradable to Android 11, MIUI 12.1",Qualcomm SDM730 Snapdragon 730 (8 nm),8,Octa-core (2x2.2 GHz Kryo 470 Gold & 6x1.8 GHz Kryo 470 Silver),Adreno 618,6,8,64,256,UFS 2.0,48.0,3,1.8,No,1/2.0,Yes,"Dual-LED flash, HDR, panorama","4K@30fps, 1080p@30/120/240fps, 1080p@960fps",20.0,No,HDR,1080p@30fps,"Wi-Fi 802.11 a/b/g/n/ac, dual-band, Wi-Fi Direct",Yes,5.0,Type-C,Yes,"GPS, GLONASS, GALILEO, BDS","Fingerprint (under display, optical), accelerometer, gyro, proximity, compass",4000,18,,No,,,460.0,,,211915,6863,,646,-25.3,"Carbon black, Red flame, Glacier blue",M1903F10G,1.19 W/kg (head) 1.18 W/kg (body),1.34 W/kg (head) 1.51 W/kg (body),FM radio
Xiaomi,Xiaomi Redmi K20,https://www.gsmarena.com/xiaomi_redmi_k20-9720.php,https://fdn2.gsmarena.com/vv/bigpic/xiaomi-redmi-k20pro-.jpg,GSM / HSPA / LTE,No,"2019, May. Released 2019, June",Discontinued,156.7 x 74.3 x 8.8 mm (6.17 x 2.93 x 0.35 in),191.0,Glass,,Nano-SIM + Nano-SIM,"Super AMOLED, HDR",,6.39,1080x2340,403,86.1,Gorilla Glass 5,"Android 9.0 (Pie), upgradable to Android 10, MIUI 12",Qualcomm SDM730 Snapdragon 730 (8 nm),8,Octa-core (2x2.2 GHz Kryo 470 Gold & 6x1.8 GHz Kryo 470 Silver),Adreno 618,6,8,64,256,UFS 2.1,48.0,3,1.8,No,1/2.0,Yes,"Dual-LED flash, HDR, panorama","4K@30fps, 1080p@30/120/240fps, 1080p@960fps",20.0,No,HDR,1080p@30fps,"Wi-Fi 802.11 a/b/g/n/ac, dual-band, Wi-Fi Direct",Yes,5.0,Type-C,Yes,"GPS, GLONASS, GALILEO, BDS","Fingerprint (under display, optical), accelerometer, gyro, proximity, compass",4000,18,,No,,,260.0,,,,,,,,"Carbon black, Red flame, Glacier blue, Pearl White",M1903F10I,1.07 W/kg (head) 0.72 W/kg (body),,FM radio
Xiaomi,Xiaomi Redmi K20 Pro,https://www.gsmarena.com/xiaomi_redmi_k20_pro-9708.php,https://fdn2.gsmarena.com/vv/bigpic/xiaomi-redmi-k20pro-.jpg,GSM / HSPA / LTE,No,"2019, May 28. Released 2019, June 01",Discontinued,156.7 x 74.3 x 8.8 mm (6.17 x 2.93 x 0.35 in),191.0,Glass,,Nano-SIM + Nano-SIM,"Super AMOLED, HDR10",,6.39,1080x2340,403,86.1,Gorilla Glass 5,"Android 9.0 (Pie), upgradable to Android 10, MIUI 12",Qualcomm SM8150 Snapdragon 855 (7 nm),7,Octa-core (1x2.84 GHz Kryo 485 & 3x2.42 GHz Kryo 485 & 4x1.78 GHz Kryo 485),Adreno 640,6,8,64,256,UFS 2.1,48.0,3,1.8,No,1/2.0,Yes,"Laser AF, Dual-LED flash, HDR, panorama","4K@30/60fps, 1080p@30/120/240fps, 1080p@960fps",20.0,No,HDR,1080p@30fps,"Wi-Fi 802.11 a/b/g/n/ac, dual-band, Wi-Fi Direct",Yes,5.0,Type-C,Yes,"GPS (L1+L5), GLONASS (G1), BDS (B1), GALILEO (E1+E5a)","Fingerprint (under display, optical), accelerometer, gyro, proximity, compass",4000,27,,No,,,400.0,,,368846,10684,,643,,"Carbon black, Flame red, Glacier blue, Summer Honey, Pearl White",M1903F11I,1.03 W/kg (head) 0.72 W/kg (body),,Yes
Xiaomi,Xiaomi Redmi Note 7S,https://www.gsmarena.com/xiaomi_redmi_note_7s-9707.php,https://fdn2.gsmarena.com/vv/bigpic/xiaomi-redmi-note-7s.jpg,GSM / HSPA / LTE,No,"2019, May. Released 2019, May",Discontinued,159.2 x 75.2 x 8.1 mm (6.27 x 2.96 x 0.32 in),186.0,Glass,,Nano-SIM + Nano-SIM,IPS LCD,,6.3,1080x2340,409,81.4,Gorilla Glass 5,"Android 9.0 (Pie), planned upgrade to Android 10, MIUI 12",Qualcomm SDM660 Snapdragon 660 (14 nm),14,Octa-core (4x2.2 GHz Kryo 260 Gold & 4x1.8 GHz Kryo 260 Silver),Adreno 512,3,4,32,64,eMMC 5.1,48.0,2,1.8,No,1/2.0,No,"Dual-LED flash, HDR, panorama","1080p@30/60/120fps, (gyro-EIS)",13.0,No,HDR,1080p@30fps,"Wi-Fi 802.11 a/b/g/n/ac, dual-band, Wi-Fi Direct",No,5.0,Type-C,Yes,"GPS, GLONASS, BDS","Fingerprint (rear-mounted), accelerometer, gyro, proximity, compass",4000,18,,No,,,140.0,,,,,,,,"Onyx Black, Sapphire Blue, Ruby Red, Astro White",M1901F71,,,"FM radio, recording"
Xiaomi,Xiaomi Redmi Y3,https://www.gsmarena.com/xiaomi_redmi_y3-9674.php,https://fdn2.gsmarena.com/vv/bigpic/xiaomi-redmi-y3.jpg,GSM / HSPA / LTE,No,"2019, April. Released 2019, April",Discontinued,158.7 x 75.6 x 8.5 mm (6.25 x 2.98 x 0.33 in),180.0,Glass,,Nano-SIM + Nano-SIM,IPS LCD,,6.26,720x1520,269,81.5,Gorilla Glass 5,"Android 9.0 (Pie), planned upgrade to Android 10, MIUI 12",Qualcomm SDM632 Snapdragon 632 (14 nm),14,Octa-core (4x1.8 GHz Kryo 250 Gold & 4x1.8 GHz Kryo 250 Silver),Adreno 506,3,4,32,64,eMMC 5.1,12.0,2,2.2,No,1/2.9,No,"LED flash, panorama, HDR","1080p@30/60fps, gyro-EIS",32.0,No,HDR,1080p@30fps,"Wi-Fi 802.11 b/g/n, Wi-Fi Direct",No,4.2,Micro-USB,Yes,"GPS, GLONASS, GALILEO","Fingerprint (rear-mounted), accelerometer, gyro, proximity, compass",4000,10,,No,,,,,10000,103259,4292,,,,"Elegant Blue, Bold Red, Prime Black","M1810F6G, M1810F6I",0.58 W/kg (head) 1.25 W/kg (body),,FM radio
Xiaomi,Xiaomi Black Shark 2,https://www.gsmarena.com/xiaomi_black_shark_2-9639.php,https://fdn2.gsmarena.com/vv/bigpic/xiaomi-black-shark-2.jpg,GSM / CDMA / HSPA / EVDO / LTE,No,"2019, March. Released 2019, March",Discontinued,163.6 x 75 x 8.8 mm (6.44 x 2.95 x 0.35 in),205.0,Glass,,Nano-SIM + Nano-SIM,AMOLED,,6.39,1080x2340,403,81.7,,"Android 9.0 (Pie), upgradable to Android 10, JoyUI 11",Qualcomm SM8150 Snapdragon 855 (7 nm),7,Octa-core (1x2.84 GHz Kryo 485 & 3x2.42 GHz Kryo 485 & 4x1.78 GHz Kryo 485),Adreno 640,6,12,128,256,UFS 2.1,48.0,2,1.8,No,1/2.0,Yes,"LED flash, HDR, panorama","4K@30/60fps, 1080p@30fps, 720p@120fps",20.0,No,HDR,1080p@30fps,"Wi-Fi 802.11 a/b/g/n/ac, dual-band, Wi-Fi Direct",No,5.0,Type-C,No,"GPS, GLONASS, BDS","Fingerprint (under display, optical), accelerometer, gyro, proximity, compass",4000,27,,No,,,400.0,,,343460,11192,,614,,"Black, Silver, Blue","SKW-H0, SKW-A0",,,No
Xiaomi,Xiaomi Redmi 7,https://www.gsmarena.com/xiaomi_redmi_7-9498.php,https://fdn2.gsmarena.com/vv/bigpic/xiaomi-redmi-7.jpg,GSM / CDMA / HSPA / LTE,No,"2019, March 18. Released 2019, March 20",Discontinued,158.7 x 75.6 x 8.5 mm (6.25 x 2.98 x 0.33 in),180.0,Glass,,Nano-SIM + Nano-SIM,IPS LCD,,6.26,720x1520,269,81.5,Gorilla Glass 5,"Android 9.0 Pie, upgradable to Android 10, MIUI 12",Qualcomm SDM632 Snapdragon 632 (14 nm),14,Octa-core (4x1.8 GHz Kryo 250 Gold & 4x1.8 GHz Kryo 250 Silver),Adreno 506,2,4,16,64,eMMC 5.1,12.0,1,2.2,No,1/2.9,No,"LED flash, HDR, panorama",1080p@30/60fps,8.0,No,HDR,1080p@30fps,"Wi-Fi 802.11 b/g/n, Wi-Fi Direct",No,4.2,Micro-USB,Yes,"GPS, GLONASS, GALILEO, BDS","Fingerprint (rear-mounted), accelerometer, proximity, compass",4000,10,,No,,,150.0,,,102616,4276,,,,"Lunar Red, Eclipse Black, Comet Blue","M1810F6LG, M1810F6LH, M1810F6LI",1.10 W/kg (head) 1.02 W/kg (body),0.58 W/kg (head) 1.25 W/kg (body),FM radio
Xiaomi,Xiaomi Redmi Note 7 Pro,https://www.gsmarena.com/xiaomi_redmi_note_7_pro-9521.php,https://fdn2.gsmarena.com/vv/bigpic/xiaomi-redmi-note-7-pro.jpg,GSM / HSPA / LTE,No,"2019, February 28. Released 2019, March 18",Discontinued,159.2 x 75.2 x 8.1 mm (6.27 x 2.96 x 0.32 in),186.0,Glass,,Nano-SIM + Nano-SIM,IPS LCD,,6.3,1080x2340,409,81.4,Gorilla Glass 5,"Android 9.0 (Pie), upgradable to Android 10, MIUI 12",Qualcomm SDM675 Snapdragon 675 (11 nm),11,Octa-core (2x2.0 GHz Kryo 460 Gold & 6x1.7 GHz Kryo 460 Silver),Adreno 612,4,6,64,128,eMMC 5.1,48.0,2,1.8,No,1/2.0,Yes,"Dual-LED flash, HDR, panorama","4K@30fps, 1080p@30/60/120fps, (gyro-EIS)",13.0,No,HDR,1080p@30fps,"Wi-Fi 802.11 a/b/g/n/ac, dual-band, Wi-Fi Direct",No,5.0,Type-C,Yes,"GPS, GLONASS, BDS","Fingerprint (rear-mounted), accelerometer, gyro, proximity, compass",4000,18,,No,,,260.0,,,180754,6620,,,,"Nebula Red, Neptune Blue, Space Black, Astro White",M1901F7S,0.96 W/kg (head) 0.84 W/kg (body),,"FM radio, recording"
Xiaomi,Xiaomi Mi Mix 3 5G,https://www.gsmarena.com/xiaomi_mi_mix_3_5g-9602.php,https://fdn2.gsmarena.com/vv/bigpic/xiaomi-mi-mix3.jpg,GSM / CDMA / HSPA / EVDO / LTE / 5G,Yes,"2019, February. Released 2019, May",Discontinued,157.9 x 74.7 x 9.4 mm (6.22 x 2.94 x 0.37 in),225.0,Ceramic,,Nano-SIM,"Super AMOLED, HDR",,6.39,1080x2340,403,85.0,Gorilla Glass 5,"Android 9.0 (Pie), MIUI 12",Qualcomm SM8150 Snapdragon 855 (7 nm),7,Octa-core (1x2.84 GHz Kryo 485 & 3x2.42 GHz Kryo 485 & 4x1.78 GHz Kryo 485),Adreno 640,6,6,64,128,UFS 2.1,12.0,2,1.8,Yes,1/2.55,Yes,"LED flash, HDR, panorama","4K@30/60fps, 1080p@30/60/240fps, 1080p@960fps; gyro-EIS",24.0,No,"LED flash, HDR",1080p@30fps,"Wi-Fi 802.11 a/b/g/n/ac, dual-band, Wi-Fi Direct",Yes,5.0,Type-C,No,"GPS (L1+L5), GLONASS (L1), BDS (B1), GALILEO (E1+E5a), QZSS (L1+L5)","Fingerprint (rear-mounted), accelerometer, gyro, compass",3800,18,,No,,,410.0,,,,,,,,Sapphire Blue,M1810E5GG,1.56 W/kg (head) 1.58 W/kg (body),,No
Xiaomi,Xiaomi Mi 9 Explorer,https://www.gsmarena.com/xiaomi_mi_9_explorer-9584.php,https://fdn2.gsmarena.com/vv/bigpic/xiaomi-mi-9-explore.jpg,GSM / CDMA / HSPA / LTE,No,"2019, February. Released 2019, June",Discontinued,157.5 x 74.7 x 7.6 mm (6.20 x 2.94 x 0.30 in),173.0,Glass,,Nano-SIM + Nano-SIM,"Super AMOLED, HDR10",,6.39,1080x2340,403,85.2,Gorilla Glass 6,"Android 9.0 (Pie), MIUI 10",Qualcomm SM8150 Snapdragon 855 (7 nm),7,Octa-core (1x2.84 GHz Kryo 485 & 3x2.42 GHz Kryo 485 & 4x1.78 GHz Kryo 485),Adreno 640,8,12,256,256,UFS 2.1,48.0,3,1.5,No,1/2.0,Yes,"Laser AF, Dual-LED flash, HDR, panorama","4K@30/60fps, 1080p@30/120/240fps, 1080p@960fps",20.0,No,HDR,1080p@30fps,"Wi-Fi 802.11 a/b/g/n/ac, dual-band, Wi-Fi Direct, DLNA",Yes,5.0,Type-C,No,"GPS (L1+L5), GLONASS (L1), BDS (B1), GALILEO (E1+E5a), QZSS (L1+L5)","Fingerprint (under display, optical), accelerometer, gyro, proximity, compass",3300,27,20,No,,,530.0,,,,,,,,Transparent Black,,,,No
Xiaomi,Xiaomi Mi 9 SE,https://www.gsmarena.com/xiaomi_mi_9_se-9583.php,https://fdn2.gsmarena.com/vv/bigpic/xiaomi-mi-9-se.jpg,GSM / CDMA / HSPA / LTE,No,"2019, February 20. Released 2019, March",Discontinued,147.5 x 70.5 x 7.5 mm (5.81 x 2.78 x 0.30 in),155.0,Glass,,Nano-SIM + Nano-SIM,"Super AMOLED, HDR",,5.97,1080x2340,432,84.1,Gorilla Glass 5,"Android 9.0 (Pie), upgradable to Android 11, MIUI 12.5",Qualcomm SDM712 Snapdragon 712 (10 nm),10,Octa-core (2x2.3 GHz Kryo 360 Gold & 6x1.7 GHz Kryo 360 Silver),Adreno 616,6,6,64,128,UFS 2.0,48.0,3,1.8,No,1/2.0,Yes,"Dual-LED flash, HDR, panorama","4K@30fps, 1080p@30/60/120fps, 720p@960fps, gyro-EIS",20.0,No,HDR,1080p@30fps,"Wi-Fi 802.11 a/b/g/n/ac, dual-band, Wi-Fi Direct, DLNA",Yes,5.0,Type-C,No,"GPS, GLONASS, GALILEO, BDS","Fingerprint (under display, optical), accelerometer, gyro, compass",3070,18,,No,,,460.0,,,180057,6017,,637,,"Violet, Blue, Gray",M1903F2G,1.39 W/kg (head) 1.39 W/kg (body),1.19 W/kg (head) 1.17 W/kg (body),No
Xiaomi,Xiaomi Mi 9,https://www.gsmarena.com/xiaomi_mi_9-9507.php,https://fdn2.gsmarena.com/vv/bigpic/xiaomi-mi-9-.jpg,GSM / CDMA / HSPA / LTE,No,"2019, February 20. Released 2019, March 25",Discontinued,157.5 x 74.7 x 7.6 mm (6.20 x 2.94 x 0.30 in),173.0,Glass,,Nano-SIM + Nano-SIM,"Super AMOLED, HDR10",,6.39,1080x2340,403,85.2,Gorilla Glass 6,"Android 9.0 (Pie), upgradable to Android 10, MIUI 12.5",Qualcomm SM8150 Snapdragon 855 (7 nm),7,Octa-core (1x2.84 GHz Kryo 485 & 3x2.42 GHz Kryo 485 & 4x1.78 GHz Kryo 485),Adreno 640,6,8,64,256,UFS 2.1,48.0,3,1.8,No,1/2.0,Yes,"Laser AF, Dual-LED flash, HDR, panorama","4K@30/60fps, 1080p@30/120/240fps, 1080p@960fps",20.0,No,HDR,1080p@30fps,"Wi-Fi 802.11 a/b/g/n/ac, dual-band, Wi-Fi Direct, DLNA",Yes,5.0,Type-C,No,"GPS (L1+L5), GLONASS (L1), BDS (B1), GALILEO (E1+E5a), QZSS (L1+L5)","Fingerprint (under display, optical), accelerometer, gyro, compass",3300,27,20,No,,,590.0,,,372006,11181,,,,"Lavender Violet, Ocean Blue, Piano Black",M1902F1G,0.99 W/kg (head) 1.04 W/kg (body),1.39 W/kg (head) 1.30 W/kg (body),No
Xiaomi,Xiaomi Redmi Go,https://www.gsmarena.com/xiaomi_redmi_go-9534.php,https://fdn2.gsmarena.com/vv/bigpic/xiaomi-redmi-go.jpg,GSM / HSPA / LTE,No,"2019, January. Released 2019, February",Discontinued,140.4 x 70.1 x 8.4 mm (5.53 x 2.76 x 0.33 in),137.0,Glass,,Nano-SIM + Nano-SIM,IPS LCD,,5.0,720x1280,296,69.1,,Android 8.1 Oreo (Go edition),Qualcomm MSM8917 Snapdragon 425 (28 nm),28,Quad-core 1.4 GHz Cortex-A53,Adreno 308,1,1,8,16,eMMC 5.1,8.0,1,2.0,No,1/4.0,No,"LED flash, HDR",1080p@30fps,5.0,No,HDR,,"Wi-Fi 802.11 b/g/n, Wi-Fi Direct",No,4.1,Micro-USB,Yes,"GPS, GLONASS, BDS","Accelerometer, proximity",3000,,,No,,,100.0,,,,,,,,"Black, Blue","M1903C3GG, M1903C3GH, M1903C3GI",0.58 W/kg (head) 1.50 W/kg (body),,FM radio
Xiaomi,Xiaomi Redmi Note 7,https://www.gsmarena.com/xiaomi_redmi_note_7-9513.php,https://fdn2.gsmarena.com/vv/bigpic/xiaomi-redmi-note-7.jpg,GSM / HSPA / LTE,No,"2019, January 10. Released 2019, February 28",Discontinued,159.2 x 75.2 x 8.1 mm (6.27 x 2.96 x 0.32 in),186.0,Glass,,Nano-SIM + Nano-SIM,IPS LCD,,6.3,1080x2340,409,81.4,Gorilla Glass 5,"Android 9.0 (Pie), planned upgrade to Android 10, MIUI 12",Qualcomm SDM660 Snapdragon 660 (14 nm),14,Octa-core (4x2.2 GHz Kryo 260 Gold & 4x1.8 GHz Kryo 260 Silver),Adreno 512,3,6,32,128,eMMC 5.1,48.0,2,1.8,No,1/2.0,No,"Dual-LED flash, HDR, panorama","1080p@30/60/120fps, (gyro-EIS)",13.0,No,HDR,1080p@30fps,"Wi-Fi 802.11 a/b/g/n/ac, dual-band, Wi-Fi Direct",No,5.0,Type-C,Yes,"GPS, GLONASS, BDS","Fingerprint (rear-mounted), accelerometer, gyro, proximity, compass",4000,18,,No,,,170.0,,,139075,5411,,,,"Blue, Black, Twilight Gold, White","M1901F7G, M1901F7H, M1901F7I",1.15 W/kg (head) 1.17 W/kg (body),0.59 W/kg (head) 1.27 W/kg (body),"FM radio, recording"
Xiaomi,Xiaomi Mi Play,https://www.gsmarena.com/xiaomi_mi_play-9499.php,https://fdn2.gsmarena.com/vv/bigpic/xiaomi-miplay.jpg,GSM / CDMA / HSPA / LTE,No,"2018, December. Released 2018, December",Discontinued,147.8 x 71.9 x 7.8 mm (5.82 x 2.83 x 0.31 in),150.0,,,Nano-SIM + Nano-SIM,IPS LCD,,5.84,1080x2280,432,80.1,,Android 9.0 (Pie),Mediatek MT6765 Helio P35 (12 nm),12,Octa-core (4x2.3 GHz Cortex-A53 & 4x1.8 GHz Cortex-A53),PowerVR GE8320,4,6,64,128,eMMC 5.1,12.0,2,2.2,No,,No,"LED flash, HDR, panorama",1080p@30fps,8.0,No,HDR,1080p@30fps,"Wi-Fi 802.11 a/b/g/n/ac, dual-band, Wi-Fi Direct",No,4.2,Micro-USB,Yes,"GPS, GLONASS, BDS","Fingerprint (rear-mounted), accelerometer, gyro, proximity, compass",3000,10,,No,,,170.0,,,,,,,,"Dream Blue, Twilight Gold, Black",M1901F9E,0.67 W/kg (head) 1.51 W/kg (body),,FM radio
Xiaomi,Xiaomi Black Shark Helo,https://www.gsmarena.com/xiaomi_black_shark_helo-9382.php,https://fdn2.gsmarena.com/vv/bigpic/xiaomi-black-shark2.jpg,GSM / CDMA / HSPA / EVDO / LTE,No,"2018, October. Released 2018, November",Discontinued,160 x 75.2 x 8.7 mm (6.30 x 2.96 x 0.34 in),190.0,,,Nano-SIM + Nano-SIM,AMOLED,,6.01,1080x2160,402,77.5,,Android 8.0 (Oreo),Qualcomm SDM845 Snapdragon 845 (10 nm),10,Octa-core (4x2.8 GHz Kryo 385 Gold & 4x1.8 GHz Kryo 385 Silver),Adreno 630,6,10,128,256,,12.0,2,1.8,No,1/2.9,Yes,"Dual-LED dual-tone flash, HDR, panorama","4K@30fps, 1080p@30fps, 720p@120fps",20.0,No,,1080p@30fps,"Wi-Fi 802.11 a/b/g/n/ac, dual-band, Wi-Fi Direct",No,5.0,Type-C,No,"GPS, GLONASS, BDS","Fingerprint (rear-mounted), accelerometer, gyro, proximity, compass",4000,18,,No,,,450.0,,,,,,,,Black,AWM-A0,,,No
Xiaomi,Xiaomi Mi Mix 3,https://www.gsmarena.com/xiaomi_mi_mix_3-9378.php,https://fdn2.gsmarena.com/vv/bigpic/xiaomi-mi-mix3.jpg,GSM / CDMA / HSPA / EVDO / LTE,No,"2018, October. Released 2018, November",Discontinued,157.9 x 74.7 x 8.5 mm (6.22 x 2.94 x 0.33 in),218.0,Ceramic,,Nano-SIM + Nano-SIM,"Super AMOLED, HDR",,6.39,1080x2340,403,85.0,Gorilla Glass 5,"Android 9.0 (Pie), upgradable to Android 10, MIUI 12",Qualcomm SDM845 Snapdragon 845 (10 nm),10,Octa-core (4x2.8 GHz Kryo 385 Gold & 4x1.7 GHz Kryo 385 Silver),Adreno 630,6,10,128,256,UFS 2.1,12.0,2,1.8,Yes,1/2.55,Yes,"LED flash, HDR, panorama","4K@30/60fps, 1080p@30/60fps, 1080p@960fps",24.0,No,"LED flash, HDR",1080p@30fps,"Wi-Fi 802.11 a/b/g/n/ac, dual-band, Wi-Fi Direct",Yes,5.0,Type-C,No,"GPS (L1+L5), GLONASS (L1), BDS (B1), GALILEO (E1+E5a), QZSS (L1+L5)","Fingerprint (rear-mounted), accelerometer, gyro, compass",3200,18,10,No,,,730.0,,,292353,9065,,,-29.9,"Jade Green, Sapphire Blue, Onyx Black, Forbidden City Blue",M1810E5A,1.45 W/kg (head) 1.57 W/kg (body),,No
Xiaomi,Xiaomi Redmi Note 6 Pro,https://www.gsmarena.com/xiaomi_redmi_note_6_pro-9333.php,https://fdn2.gsmarena.com/vv/bigpic/xiaomi-redmi-note-6-pro-r.jpg,GSM / HSPA / LTE,No,"2018, September. Released 2018, October",Discontinued,157.9 x 76.4 x 8.3 mm (6.22 x 3.01 x 0.33 in),182.0,Glass,,Nano-SIM + Nano-SIM,IPS LCD,,6.26,1080x2280,403,81.1,Corning Gorilla Glass (unspecified versi,"Android 8.1 (Oreo), planned upgrade to Android 10, MIUI 12",Qualcomm SDM636 Snapdragon 636 (14 nm),14,Octa-core (4x1.8 GHz Kryo 260 Gold & 4x1.6 GHz Kryo 260 Silver),Adreno 509,3,6,32,64,eMMC 5.1,12.0,2,1.9,No,1/2.55,No,"Dual-LED flash, HDR, panorama",1080p@30fps,20.0,No,HDR,1080p@30fps,"Wi-Fi 802.11 a/b/g/n/ac, dual-band, Wi-Fi Direct",No,5.0,,Yes,"GPS, GLONASS, BDS","Fingerprint (rear-mounted), accelerometer, gyro, proximity, compass",4000,10,,No,,,200.0,,,115605,4933,,,,"Black, Blue, Rose Gold, Red","M1806E7TG, M1806E7TH, M1806E7TI",0.76 W/kg (head) 1.48 W/kg (body),0.75 W/kg (head) 1.14 W/kg (body),"FM radio, recording"
Xiaomi,Xiaomi Mi 8 Pro,https://www.gsmarena.com/xiaomi_mi_8_pro-9336.php,https://fdn2.gsmarena.com/vv/bigpic/xiaomi-mi-8-pro-.jpg,GSM / HSPA / LTE,No,"2018, September. Released 2018, September",Discontinued,154.9 x 74.8 x 7.6 mm (6.10 x 2.94 x 0.30 in),177.0,Glass,,Nano-SIM + Nano-SIM,"Super AMOLED, HDR10",,6.21,1080x2248,402,83.8,Gorilla Glass 5,"Android 8.1 (Oreo), upgradable to Android 10, MIUI",Qualcomm SDM845 Snapdragon 845 (10 nm),10,Octa-core (4x2.8 GHz Kryo 385 Gold & 4x1.8 GHz Kryo 385 Silver),Adreno 630,6,8,128,128,UFS 2.1,12.0,2,1.8,Yes,1/2.55,Yes,"Dual-LED flash, HDR, panorama","4K@60fps, 1080p@30/240fps",20.0,No,HDR,1080p@30fps,"Wi-Fi 802.11 a/b/g/n/ac, dual-band, Wi-Fi Direct, DLNA",Yes,5.0,Type-C,No,"GPS (L1+L5), GLONASS (L1), BDS (B1), GALILEO (E1+E5a), QZSS (L1+L5)","Infrared Face ID, fingerprint (under display, optical), accelerometer, gyro, proximity, barometer, compass",3000,18,,No,,,510.0,,,,,,,,"Transparent Black, Meteorite Black, Twilight Gold",M1807E8A,0.97 W/kg (head) 1.53 W/kg (body),,No
Xiaomi,Xiaomi Mi 8 Lite,https://www.gsmarena.com/xiaomi_mi_8_lite-9329.php,https://fdn2.gsmarena.com/vv/bigpic/xiaomi-mi-8-lite-.jpg,GSM / CDMA / HSPA / LTE,No,"2018, September. Released 2018, September",Discontinued,156.4 x 75.8 x 7.5 mm (6.16 x 2.98 x 0.30 in),169.0,Glass,,Nano-SIM + Nano-SIM,IPS LCD,,6.26,1080x2280,403,82.5,,"Android 8.1 (Oreo), upgradable to Android 10, MIUI 11",Qualcomm SDM660 Snapdragon 660 (14 nm),14,Octa-core (4x2.2 GHz Kryo 260 Gold & 4x1.8 GHz Kryo 260 Silver),Adreno 512,4,6,64,128,eMMC 5.1,12.0,2,1.9,No,1/2.55,Yes,"LED flash, HDR, panorama","4K@30fps, 1080p@60/120fps, 1080p@30fps (gyro-EIS)",24.0,No,Auto HDR,1080p@30fps,"Wi-Fi 802.11 a/b/g/n/ac, dual-band, Wi-Fi Direct",No,5.0,Type-C,No,"GPS, GLONASS, BDS","Fingerprint (rear-mounted), accelerometer, gyro, proximity, compass",3350,18,,No,,,360.0,,,143257,5894,,,,"Midnight Black, Aurora Blue, Twilight Gold",M1808D2TG,0.75 W/kg (head) 1.58 W/kg (body),,No
Xiaomi,Xiaomi Pocophone F1,https://www.gsmarena.com/xiaomi_pocophone_f1-9293.php,https://fdn2.gsmarena.com/vv/bigpic/xiaomi-pocophone-f1-.jpg,GSM / HSPA / LTE,No,"2018, August 22. Released 2018, August 27",Discontinued,155.5 x 75.3 x 8.8 mm (6.12 x 2.96 x 0.35 in),182.0,Glass,,Nano-SIM + Nano-SIM,IPS LCD,,6.18,1080x2246,403,82.2,Corning Gorilla Glass (unspecified versi,"Android 8.1 (Oreo), upgradable to Android 10, MIUI 12",Qualcomm SDM845 Snapdragon 845 (10 nm),10,Octa-core (4x2.8 GHz Kryo 385 Gold & 4x1.8 GHz Kryo 385 Silver),Adreno 630,6,8,64,256,UFS 2.1,12.0,2,1.9,No,1/2.55,Yes,"Dual-LED flash, HDR, panorama","4K@30/60fps, 1080p@30fps (gyro-EIS), 1080p@240fps, 720p@960fps",20.0,No,HDR,1080p@30fps,"Wi-Fi 802.11 a/b/g/n/ac, dual-band, Wi-Fi Direct, DLNA",No,5.0,Type-C,Yes,"GPS, GLONASS, BDS","Infrared Face ID, fingerprint (rear-mounted), accelerometer, gyro, proximity, compass",4000,18,,No,,,360.0,,,265314,9003,,,,"Graphite Black, Steel Blue, Rosso Red, Armored Edition with Kevlar","M1805E10A, POCO F1",0.66 W/kg (head) 1.18 W/kg (body),0.54 W/kg (head) 1.58 W/kg (body),"FM radio, recording"
Xiaomi,Xiaomi Mi A2 (Mi 6X),https://www.gsmarena.com/xiaomi_mi_a2_(mi_6x)-9140.php,https://fdn2.gsmarena.com/vv/bigpic/xiaomi-mi-a2-.jpg,GSM / CDMA / HSPA / LTE,No,"2018, July 24. Released 2018, July",Discontinued,158.7 x 75.4 x 7.3 mm (6.25 x 2.97 x 0.29 in),166.0,Glass,,Nano-SIM + Nano-SIM,IPS LCD,,5.99,1080x2160,403,77.4,,"Android 8.1 (Oreo), upgradable to Android 9.0 (Pie), Android One",Qualcomm SDM660 Snapdragon 660 (14 nm),14,Octa-core (4x2.2 GHz Kryo 260 Gold & 4x1.8 GHz Kryo 260 Silver),Adreno 512,4,6,32,128,eMMC 5.1,12.0,2,1.8,No,1/2.9,Yes,"Dual-LED flash, HDR, panorama","4K@30fps, 1080p@30fps (gyro-EIS), 720p@120fps",20.0,No,"LED flash, HDR",1080p@30fps,"Wi-Fi 802.11 a/b/g/n/ac, dual-band, Wi-Fi Direct",No,5.0,Type-C,No,"GPS, GLONASS, BDS","Fingerprint (rear-mounted), accelerometer, gyro, proximity, compass",3000,18,,No,,,270.0,,,130927,4625,,,,"Black, Gold, Blue, Red, Rose Gold","M1804D2SG, M1804D2SI, Mi A2, Mi 6X",0.96 W/kg (head) 0.64 W/kg (body),1.16 W/kg (head) 0.66 W/kg (body),No
Xiaomi,Xiaomi Mi A2 Lite (Redmi 6 Pro),https://www.gsmarena.com/xiaomi_mi_a2_lite_(redmi_6_pro)-9247.php,https://fdn2.gsmarena.com/vv/bigpic/xiaomi-mi-a2-lite.jpg,GSM / CDMA / HSPA / LTE,No,"2018, July. Released 2018, July",Discontinued,149.3 x 71.7 x 8.8 mm (5.88 x 2.82 x 0.35 in),178.0,Glass,,Nano-SIM + Nano-SIM,IPS LCD,,5.84,1080x2280,432,79.5,,"Android 8.1 (Oreo), upgradable to Android 10, MIUI 12, Android One",Qualcomm MSM8953 Snapdragon 625 (14 nm),14,Octa-core 2.0 GHz Cortex-A53,Adreno 506,3,4,32,64,eMMC 5.1,12.0,2,2.2,No,,No,"LED flash, HDR, panorama",1080p@30fps (gyro-EIS),5.0,No,HDR,1080p@30fps,"Wi-Fi 802.11 a/b/g/n, dual-band, Wi-Fi Direct",No,4.2,Micro-USB,Yes,"GPS, GLONASS, BDS","Fingerprint (rear-mounted), accelerometer, gyro, proximity, compass",4000,10,,No,,,380.0,,,77964,4388,,,,"Black, Blue, Gold, Rose Gold, Red",M1805D1SG,1.04 W/kg (head) 1.15 W/kg (body),0.55 W/kg (head) 1.47 W/kg (body),FM radio (after SW update to Android 9.0)
Xiaomi,Xiaomi Mi Max 3,https://www.gsmarena.com/xiaomi_mi_max_3-8963.php,https://fdn2.gsmarena.com/vv/bigpic/xiaomi-mi-max3-.jpg,GSM / CDMA / HSPA / EVDO / LTE,No,"2018, July. Released 2018, July",Discontinued,176.2 x 87.4 x 8 mm (6.94 x 3.44 x 0.31 in),221.0,Glass,,Nano-SIM + Nano-SIM,IPS LCD,,6.9,1080x2160,350,79.8,To be confirmed,"Android 8.1 (Oreo), upgradable to Android 10, MIUI 12",Qualcomm SDM636 Snapdragon 636 (14 nm),14,Octa-core (4x1.8 GHz Kryo 260 Gold & 4x1.6 GHz Kryo 260 Silver),Adreno 509,4,6,64,128,eMMC 5.1,12.0,2,1.9,No,1/2.55,Yes,"Dual-LED flash, HDR, panorama","4K@30fps, 720p/1080p@30fps (gyro-EIS), 720p@120fps",8.0,No,,1080p@30fps,"Wi-Fi 802.11 a/b/g/n/ac, dual-band, Wi-Fi Direct, DLNA",No,5.0,Type-C,Yes,"GPS, GLONASS, BDS","Fingerprint (rear-mounted), accelerometer, gyro, proximity, compass",5500,18,,No,,,310.0,,,119229,4907,,,,"Black, Champagne Gold, Blue",M1804E4A,1.58 W/kg (head) 1.42 W/kg (body),,FM radio
Xiaomi,Xiaomi Mi Pad 4 Plus,https://www.gsmarena.com/xiaomi_mi_pad_4_plus-9295.php,https://fdn2.gsmarena.com/vv/bigpic/xiaomi-mi-pad-4-plus.jpg,LTE,No,"2018, August. Released 2018, August",Discontinued,245.6 x 149.1 x 8 mm (9.67 x 5.87 x 0.31 in),485.0,Glass,,Nano-SIM,IPS LCD,,10.1,1200x1920,224,80.8,,"Android 8.1 (Oreo), MIUI 10",Qualcomm SDM660 Snapdragon 660 (14 nm),14,Octa-core (4x2.2 GHz Kryo 260 Gold & 4x1.8 GHz Kryo 260 Silver),Adreno 512,4,4,64,128,eMMC 5.1,13.0,1,2.0,No,,No,"Panorama, HDR",1080p@30fps,5.0,No,,,"Wi-Fi 802.11 a/b/g/n/ac, dual-band, Wi-Fi Direct",No,5.0,Type-C,Yes,"GPS, GLONASS, BDS (LTE model only)","Accelerometer, gyro, proximity, compass (LTE model only)",8620,10,,No,,,260.0,,,,,,,,"Black, Rose Gold",,,,No
Xiaomi,Xiaomi Mi Pad 4,https://www.gsmarena.com/xiaomi_mi_pad_4-9249.php,https://fdn2.gsmarena.com/vv/bigpic/xiaomi-mi-pad-4.jpg,LTE,No,"2018, June. Released 2018, June",Discontinued,200.2 x 120.3 x 7.9 mm (7.88 x 4.74 x 0.31 in),342.5,Glass,,Nano-SIM,IPS LCD,,8.0,1200x1920,283,77.1,,"Android 8.1 (Oreo), MIUI 9",Qualcomm SDM660 Snapdragon 660 (14 nm),14,Octa-core (4x2.2 GHz Kryo 260 Gold & 4x1.8 GHz Kryo 260 Silver),Adreno 512,3,4,32,64,eMMC 5.1,13.0,1,2.0,No,,No,"Panorama, HDR",1080p@30fps,5.0,No,,,"Wi-Fi 802.11 a/b/g/n/ac, dual-band, Wi-Fi Direct",No,5.0,Type-C,Yes,"GPS, GLONASS, BDS (LTE model only)","Accelerometer, gyro, proximity, compass (LTE model only)",6000,10,,No,,,160.0,,,,,,,,"Black, Rose Gold",,,,No
Xiaomi,Xiaomi Redmi 6,https://www.gsmarena.com/xiaomi_redmi_6-9237.php,https://fdn2.gsmarena.com/vv/bigpic/xiaomi-redmi-6.jpg,GSM / CDMA / HSPA / LTE,No,"2018, June. Released 2018, June",Discontinued,147.5 x 71.5 x 8.3 mm (5.81 x 2.81 x 0.33 in),146.0,Glass,,Nano-SIM + Nano-SIM,IPS LCD,,5.45,720x1440,295,72.7,,"Android 8.1 (Oreo), upgradable to Android 9, MIUI 12",Mediatek MT6762 Helio P22 (12 nm),12,Octa-core 2.0 GHz Cortex-A53,PowerVR GE8320,3,4,32,64,eMMC 5.1,12.0,2,2.2,No,,No,"LED flash, HDR, panorama",1080p@30fps,5.0,No,,1080p@30fps,"Wi-Fi 802.11 b/g/n, Wi-Fi Direct",No,4.2,Micro-USB,Yes,"GPS, GLONASS, BDS","Fingerprint (rear-mounted), accelerometer, proximity, compass",3000,,,No,,,130.0,,,75182,3639,,,,"Black, Grey, Blue, Gold, Rose Gold","M1804C3DG, M1804C3DH, M1804C3DI",0.55 W/kg (head) 1.42 W/kg (body),,FM radio
Xiaomi,Xiaomi Redmi 6A,https://www.gsmarena.com/xiaomi_redmi_6a-9217.php,https://fdn2.gsmarena.com/vv/bigpic/xiaomi-redmi-6a.jpg,GSM / CDMA / HSPA / LTE,No,"2018, June. Released 2018, June",Discontinued,147.5 x 71.5 x 8.3 mm (5.81 x 2.81 x 0.33 in),145.0,Glass,,Nano-SIM + Nano-SIM,IPS LCD,,5.45,720x1440,295,72.7,,"Android 8.1 (Oreo), planned upgrade to Android 10, MIUI 12",Mediatek MT6761 Helio A22 (12 nm),12,Quad-core 2.0 GHz Cortex-A53,PowerVR GE8320,2,3,16,32,eMMC 5.1,13.0,1,2.2,No,,No,"LED flash, HDR, panorama",1080p@30fps,5.0,No,,,"Wi-Fi 802.11 b/g/n, Wi-Fi Direct",No,4.2,Micro-USB,Yes,"GPS, GLONASS, BDS","Accelerometer, proximity, compass",3000,,,No,,,110.0,,,61660,2450,,,,"Black, Grey, Blue, Gold, Rose Gold","M1804C3CG, M1804C3CH, M1804C3CI",0.78 W/kg (head) 1.17 W/kg (body),0.66 W/kg (head) 1.52 W/kg (body),FM radio
Xiaomi,Xiaomi Mi 8 Explorer,https://www.gsmarena.com/xiaomi_mi_8_explorer-9218.php,https://fdn2.gsmarena.com/vv/bigpic/xiaomi-mi8-explore-.jpg,GSM / CDMA / HSPA / LTE,No,"2018, May. Released 2018, July",Discontinued,154.9 x 74.8 x 7.6 mm (6.10 x 2.94 x 0.30 in),177.0,Glass,,Nano-SIM + Nano-SIM,"Super AMOLED, HDR10",,6.21,1080x2248,402,83.8,Gorilla Glass 5,"Android 8.1 (Oreo), upgradable to Android 10, MIUI 12",Qualcomm SDM845 Snapdragon 845 (10 nm),10,Octa-core (4x2.8 GHz Kryo 385 Gold & 4x1.8 GHz Kryo 385 Silver),Adreno 630,8,8,128,128,,12.0,2,1.8,Yes,1/2.55,Yes,"Dual-LED flash, HDR, panorama","4K@60fps, 1080p@30/240fps, 720p@960fps",20.0,No,,1080p@30fps,"Wi-Fi 802.11 a/b/g/n/ac, dual-band, Wi-Fi Direct, DLNA",Yes,5.0,Type-C,No,"GPS (L1+L5), GLONASS (L1), BDS (B1), GALILEO (E1+E5a), QZSS (L1+L5)","Face ID, fingerprint (under display, optical), accelerometer, gyro, proximity, barometer, compass",3000,18,,No,,,400.0,,,,,,,,Black (transparent back),,,,No
Xiaomi,Xiaomi Mi 8,https://www.gsmarena.com/xiaomi_mi_8-9065.php,https://fdn2.gsmarena.com/vv/bigpic/xiaomi-mi8.jpg,GSM / CDMA / HSPA / LTE,No,"2018, May. Released 2018, June",Discontinued,154.9 x 74.8 x 7.6 mm (6.10 x 2.94 x 0.30 in),175.0,Glass,,Nano-SIM + Nano-SIM,"Super AMOLED, HDR10",,6.21,1080x2248,402,83.8,Gorilla Glass 5,"Android 8.1 (Oreo), upgradable to Android 10, MIUI 12",Qualcomm SDM845 Snapdragon 845 (10 nm),10,Octa-core (4x2.8 GHz Kryo 385 Gold & 4x1.8 GHz Kryo 385 Silver),Adreno 630,6,8,64,256,UFS 2.1,12.0,2,1.8,Yes,1/2.55,Yes,"Dual-LED flash, HDR, panorama","4K@30/60fps, 1080p@30/120/240fps, 720p@960fps",20.0,No,,1080p@30fps,"Wi-Fi 802.11 a/b/g/n/ac, dual-band, Wi-Fi Direct, DLNA",Yes,5.0,Type-C,No,"GPS (L1+L5), GLONASS (L1), BDS (B1), GALILEO (E1+E5a), QZSS (L1+L5)","Infrared Face ID, fingerprint (rear-mounted), accelerometer, gyro, proximity, barometer, compass",3400,18,,No,,,430.0,,,217298,8494,,,-29.1,"Black, Blue, White, Gold",M1803E1A,0.70 W/kg (head) 1.66 W/kg (body),1.01 W/kg (head) 1.32 W/kg (body),No
Xiaomi,Xiaomi Mi 8 SE,https://www.gsmarena.com/xiaomi_mi_8_se-9219.php,https://fdn2.gsmarena.com/vv/bigpic/xiaomi-mi8-se.jpg,GSM / CDMA / HSPA / LTE,No,"2018, May. Released 2018, June",Discontinued,147.3 x 73.1 x 7.5 mm (5.80 x 2.88 x 0.30 in),164.0,Glass,,Nano-SIM + Nano-SIM,"Super AMOLED, HDR10",,5.88,1080x2244,423,81.3,Gorilla Glass 5,"Android 8.1 (Oreo), MIUI 9.5",Qualcomm SDM710 Snapdragon 710 (10 nm),10,Octa-core (2x2.2 GHz 360 Gold & 6x1.7 GHz Kryo 360 Silver),Adreno 616,4,6,64,128,,12.0,2,1.9,No,1/2.55,Yes,"LED flash, HDR, panorama","4K@30fps, 1080p@30/120fps",20.0,No,,1080p@30fps,"Wi-Fi 802.11 a/b/g/n/ac, dual-band, Wi-Fi Direct",No,5.0,Type-C,No,"GPS, GLONASS, BDS, GALILEO","Fingerprint (rear-mounted), accelerometer, gyro, proximity, compass",3120,18,,No,,,260.0,,,169044,5912,,,,"Gray, Blue, Red, Gold",,,,No
Xiaomi,Xiaomi Redmi S2 (Redmi Y2),https://www.gsmarena.com/xiaomi_redmi_s2_(redmi_y2)-9185.php,https://fdn2.gsmarena.com/vv/bigpic/xiaomi-redmi-s2-.jpg,GSM / CDMA / HSPA / LTE,No,"2018, May. Released 2018, May",Discontinued,160.7 x 77.3 x 8.1 mm (6.33 x 3.04 x 0.32 in),170.0,Glass,,Nano-SIM + Nano-SIM,IPS LCD,,5.99,720x1440,269,74.5,,"Android 8.1 (Oreo), upgradable to Android 9, MIUI 12",Qualcomm MSM8953 Snapdragon 625 (14 nm),14,Octa-core 2.0 GHz Cortex-A53,Adreno 506,3,4,32,64,eMMC 5.1,12.0,2,2.2,No,,No,"LED flash, panorama, HDR",1080p@30fps (gyro-EIS),16.0,No,"HDR, LED flash",1080p@30fps,"Wi-Fi 802.11 b/g/n, Wi-Fi Direct",No,4.2,Micro-USB,Yes,,"Fingerprint (rear-mounted), accelerometer, gyro, proximity, compass",3080,10,,No,,,160.0,,,77488,4313,,,,"Gray, Gold, Rose Gold, Mesmerising Blue, Stunning Black","M1803E6G, M1803E6H, M1803E6I",0.43 W/kg (head) 1.58 W/kg (body),,FM radio
Xiaomi,Xiaomi Mi Mix 2S,https://www.gsmarena.com/xiaomi_mi_mix_2s-9067.php,https://fdn2.gsmarena.com/vv/bigpic/xiaomi-mi-mix-2s.jpg,GSM / CDMA / HSPA / EVDO / LTE,No,"2018, March. Released 2018, April",Discontinued,150.9 x 74.9 x 8.1 mm (5.94 x 2.95 x 0.32 in),191.0,Ceramic,,Nano-SIM + Nano-SIM,IPS LCD,,5.99,1080x2160,403,81.9,Corning Gorilla Glass 4,"Android 8.0 (Oreo), upgradable to Android 10, MIUI 12",Qualcomm SDM845 Snapdragon 845 (10 nm),10,Octa-core (4x2.8 GHz Kryo 385 Gold & 4x1.8 GHz Kryo 385 Silver),Adreno 630,6,8,64,256,UFS 2.1,12.0,2,1.8,Yes,1/2.55,Yes,"Dual-LED dual-tone flash, HDR, panorama","4K@30fps, 1080p@30/120fps, 720p@240fps",5.0,No,,1080p@30fps,"Wi-Fi 802.11 a/b/g/n/ac, dual-band, Wi-Fi Direct",Yes,5.0,Type-C,No,"GPS, GLONASS, BDS","Fingerprint (rear-mounted), accelerometer, gyro, compass",3400,18,5,No,,,270.0,,,270814,9158,,,,"Black, White",M1803D5XA,0.54 W/kg (head) 1.59 W/kg (body),,No
Xiaomi,Xiaomi Redmi Note 5 AI Dual Camera,https://www.gsmarena.com/xiaomi_redmi_note_5_ai_dual_camera-9120.php,https://fdn2.gsmarena.com/vv/bigpic/xiaomi-redmi-note-5-ai-dual-camera.jpg,GSM / CDMA / HSPA / LTE,No,"2018, March. Released 2018, March",Discontinued,158.6 x 75.4 x 8.1 mm (6.24 x 2.97 x 0.32 in),181.0,Glass,,Nano-SIM + Nano-SIM,IPS LCD,,5.99,1080x2160,403,77.4,Corning Gorilla Glass (unspecified versi,"Android 8.0 (Oreo), MIUI 9",Qualcomm SDM636 Snapdragon 636 (14 nm),14,Octa-core (4x1.8 GHz Kryo 260 Gold & 4x1.6 GHz Kryo 260 Silver),Adreno 509,3,6,32,64,eMMC 5.1,12.0,2,1.9,No,1/2.55,No,"Dual-LED flash, panorama, HDR",1080p@30fps,13.0,No,LED flash,1080p@30fps,"Wi-Fi 802.11 a/b/g/n/ac, dual-band, Wi-Fi Direct",No,5.0,Micro-USB,Yes,"GPS, GLONASS, BDS","Fingerprint (rear-mounted), accelerometer, gyro, proximity, compass",4000,18,,No,,,180.0,,,115195,4918,,,,"Black, Gold, Rose Gold, Blue, Flame Red","M1803E7SG, M1803E7SH",0.79 W/kg (head) 1.03 W/kg (body),,FM radio
Xiaomi,Xiaomi Redmi Note 5 Pro,https://www.gsmarena.com/xiaomi_redmi_note_5_pro-8893.php,https://fdn2.gsmarena.com/vv/bigpic/xiaomi-redmi-note-5-pro.jpg,GSM / HSPA / LTE,No,"2018, February 14. Released 2018, February",Discontinued,158.6 x 75.4 x 8.1 mm (6.24 x 2.97 x 0.32 in),181.0,Glass,,Nano-SIM + Nano-SIM,IPS LCD,,5.99,1080x2160,403,77.4,Corning Gorilla Glass (unspecified versi,"Android 7.1.2 (Nougat), upgradable to Android 9, MIUI 11",Qualcomm SDM636 Snapdragon 636 (14 nm),14,Octa-core (4x1.8 GHz Kryo 260 Gold & 4x1.6 GHz Kryo 260 Silver),Adreno 509,4,6,64,64,eMMC 5.1,12.0,2,2.2,No,1/2.9,No,"Dual-LED flash, panorama, HDR",1080p@30fps,20.0,No,LED flash,1080p@30fps,"Wi-Fi 802.11 a/b/g/n/ac, dual-band, Wi-Fi Direct",No,5.0,Micro-USB,Yes,"GPS, GLONASS, BDS","Fingerprint (rear-mounted), accelerometer, gyro, proximity, compass",4000,18,,No,,,180.0,,,107737,4696,,,,"Black, Champagne Gold, Rose Gold, Lake Blue","MEI7S, MEI7",1.19 W/kg (head) 0.33 W/kg (body),,FM radio
Xiaomi,Xiaomi Black Shark,https://www.gsmarena.com/xiaomi_black_shark-9164.php,https://fdn2.gsmarena.com/vv/bigpic/xiaomi-black-shark.jpg,GSM / CDMA / HSPA / EVDO / LTE,No,"2018, April. Released 2018, April",Discontinued,161.6 x 75.4 x 9.3 mm (6.36 x 2.97 x 0.37 in),190.0,Glass,,Nano-SIM + Nano-SIM,IPS LCD,,5.99,1080x2160,403,76.0,,Android 8.0 (Oreo),Qualcomm SDM845 Snapdragon 845 (10 nm),10,Octa-core (4x2.8 GHz Kryo 385 Gold & 4x1.8 GHz Kryo 385 Silver),Adreno 630,6,8,64,128,UFS 2.1,12.0,2,1.8,No,1/2.9,Yes,"Dual-LED dual-tone flash, HDR, panorama","4K@30fps, 1080p@30fps, 720p@120fps",20.0,No,,1080p@30fps,"Wi-Fi 802.11 a/b/g/n/ac, dual-band, Wi-Fi Direct",No,5.0,Type-C,No,"GPS, GLONASS, BDS","Fingerprint (front-mounted), accelerometer, gyro, proximity, compass",4000,18,,No,,,400.0,,,,,,,,"Black, Gray, Royal Blue","SKR-H0, SKR-A0, SHARK KSR-H0",,,No
Xiaomi,Xiaomi Redmi 5 Plus (Redmi Note 5),https://www.gsmarena.com/xiaomi_redmi_5_plus_(redmi_note_5)-8959.php,https://fdn2.gsmarena.com/vv/bigpic/xiaomi-redmi-5-plus.jpg,GSM / HSPA / LTE,No,"2018, February. Released 2018, February",Discontinued,158.5 x 75.5 x 8.1 mm (6.24 x 2.97 x 0.32 in),180.0,Glass,,Nano-SIM + Nano-SIM,IPS LCD,,5.99,1080x2160,403,77.4,,"Android 7.1.2 (Nougat), planned upgrade to Android 10, MIUI 12",Qualcomm MSM8953 Snapdragon 625 (14 nm),14,Octa-core 2.0 GHz Cortex-A53,Adreno 506,3,4,32,64,eMMC 5.1,12.0,1,2.2,No,,Yes,"Dual-LED dual-tone flash, HDR, panorama","4K@30fps, 1080p@30/60fps",5.0,No,,1080p@30fps,"Wi-Fi 802.11 a/b/g/n, Wi-Fi Direct",No,4.2,Micro-USB,Yes,"GPS, GLONASS, BDS","Fingerprint (rear-mounted), accelerometer, gyro, proximity, compass",4000,10,,No,,,180.0,,,,4309,,,,"Black, Gold, Blue, Rose Gold","MEG7, MEI7",1.01 W/kg (head) 1.47 W/kg (body),,FM radio
Xiaomi,Xiaomi Redmi 5,https://www.gsmarena.com/xiaomi_redmi_5-8768.php,https://fdn2.gsmarena.com/vv/bigpic/xiaomi-redmi-5.jpg,GSM / CDMA / HSPA / LTE,No,"2017, December. Released 2017, December",Discontinued,151.8 x 72.8 x 7.7 mm (5.98 x 2.87 x 0.30 in),157.0,Glass,,Nano-SIM + Nano-SIM,IPS LCD,,5.7,720x1440,282,75.9,Corning Gorilla Glass (unspecified versi,"Android 7.1.2 (Nougat), upgradable to Android 8.1 (Oreo), MIUI 11",Qualcomm SDM450 Snapdragon 450 (14 nm),14,Octa-core 1.8 GHz Cortex-A53,Adreno 506,2,4,16,64,eMMC 5.1,12.0,1,2.2,No,,No,"LED flash, HDR, panorama",1080p@30fps,5.0,No,,1080p@30fps,"Wi-Fi 802.11 b/g/n, Wi-Fi Direct",No,4.2,Micro-USB,Yes,"GPS, GLONASS, BDS","Fingerprint (rear-mounted), accelerometer, gyro, proximity, compass",3300,10,,No,,,160.0,,,,4018,,,,"Black, Gold, Light Blue, Rose Gold","MDG1, MDI1",0.53 W/kg (head) 1.53 W/kg (body),,FM radio
Xiaomi,Xiaomi Redmi 5A,https://www.gsmarena.com/xiaomi_redmi_5a-8898.php,https://fdn2.gsmarena.com/vv/bigpic/xiaomi-redmi-5a.jpg,GSM / CDMA / HSPA / LTE,No,"2017, November. Released 2017, December",Discontinued,140.4 x 70.1 x 8.4 mm (5.53 x 2.76 x 0.33 in),137.0,Glass,,Nano-SIM + Nano-SIM,IPS LCD,,5.0,720x1280,296,69.1,,"Android 7.1.2 (Nougat), upgradable to Android 8.1, MIUI 12",Qualcomm MSM8917 Snapdragon 425 (28 nm),28,Quad-core 1.4 GHz Cortex-A53,Adreno 308,2,3,16,32,eMMC 5.1,13.0,1,2.2,No,1/3.1,No,"LED flash, HDR, panorama",1080p@30fps,5.0,No,,1080p@30fps,"Wi-Fi 802.11 b/g/n, Wi-Fi Direct",No,4.1,Micro-USB,Yes,"GPS, GLONASS, BDS","Accelerometer, proximity",3000,,,No,,,100.0,,,,,,,,"Gold, Dark Gray, Rose Gold, Blue","MCG3B, MCI3B",0.53 W/kg (head) 1.23 W/kg (body),,FM radio
Xiaomi,Xiaomi Redmi Y1 (Note 5A),https://www.gsmarena.com/xiaomi_redmi_y1_(note_5a)-8753.php,https://fdn2.gsmarena.com/vv/bigpic/xiaomi-redmi-note-5a.jpg,GSM / HSPA / LTE,No,"2017, November. Released 2017, November",Discontinued,153 x 76.2 x 7.7 mm (6.02 x 3.00 x 0.30 in),153.0,Glass,,Nano-SIM + Nano-SIM,IPS LCD,,5.5,720x1280,267,71.5,Gorilla Glass 3,"Android 7.1.2 (Nougat), MIUI 11",Qualcomm MSM8940 Snapdragon 435 (28 nm),28,Octa-core 1.4 GHz Cortex-A53,Adreno 505,3,4,32,64,eMMC 5.1,13.0,1,2.2,No,1/3.1,No,"LED flash, HDR, panorama",1080p@30fps,16.0,No,,1080p@30fps,"Wi-Fi 802.11 b/g/n, Wi-Fi Direct",No,4.2,Micro-USB,Yes,"GPS, GLONASS, BDS","Fingerprint (rear-mounted), accelerometer, gyro, proximity, compass",3080,,,No,,,140.0,,,,2610,,,,"Gold, Dark Grey, Silver, Rose Gold","MDI6S, Redmi Y1, Redmi Note 5A",1.09 W/kg (head) 1.44 W/kg (body),,FM radio
Xiaomi,Xiaomi Redmi Y1 Lite,https://www.gsmarena.com/xiaomi_redmi_y1_lite-8818.php,https://fdn2.gsmarena.com/vv/bigpic/xiaomi-redmi-note-5as.jpg,GSM / HSPA / LTE,No,"2017, November. Released 2017, November",Discontinued,153 x 76.2 x 7.6 mm (6.02 x 3.00 x 0.30 in),150.0,Glass,,Nano-SIM + Nano-SIM,IPS LCD,,5.5,720x1280,267,71.5,Gorilla Glass 3,"Android 7.0 (Nougat), MIUI 11",Qualcomm MSM8917 Snapdragon 425 (28 nm),28,Quad-core Cortex-A53,Adreno 308,2,2,16,16,eMMC 5.1,13.0,1,2.2,No,,No,"LED flash, HDR, panorama",1080p@30fps,5.0,No,,,"Wi-Fi 802.11 b/g/n, Wi-Fi Direct",No,4.2,Micro-USB,Yes,"GPS, GLONASS, BDS","Accelerometer, gyro, proximity, compass",3080,,,No,,,90.0,,,,,,,,"Gold, Dark Grey, Silver, Rose Gold",MDI6,1.53 W/kg (head) 1.32 W/kg (body),,FM radio
Xiaomi,Xiaomi Mi Note 3,https://www.gsmarena.com/xiaomi_mi_note_3-8707.php,https://fdn2.gsmarena.com/vv/bigpic/xiaomi-mi-note3-.jpg,GSM / CDMA / HSPA / EVDO / LTE,No,"2017, September. Released 2017, September",Discontinued,152.6 x 74 x 7.6 mm (6.01 x 2.91 x 0.30 in),163.0,Glass,,Nano-SIM + Nano-SIM,IPS LCD,,5.5,1080x1920,401,73.8,Corning Gorilla Glass 4,"Android 7.1 (Nougat), upgradable to Android 9, MIUI 12",Qualcomm SDM660 Snapdragon 660 (14 nm),14,Octa-core (4x2.2 GHz Kryo 260 Gold & 4x1.8 GHz Kryo 260 Silver),Adreno 512,6,6,64,128,eMMC 5.1,12.0,2,1.8,Yes,,Yes,"Dual-LED dual-tone flash, HDR, panorama","4K@30fps, 720p@120fps",16.0,No,,1080p@30fps,"Wi-Fi 802.11 a/b/g/n/ac, dual-band, Wi-Fi Direct",Yes,5.0,Type-C,No,"GPS, GLONASS, BDS","Fingerprint (front-mounted), accelerometer, gyro, proximity, compass, barometer",3500,18,,No,,,280.0,,,,,,,,"Black, Blue",MCE8,0.50 W/kg (head) 1.54 W/kg (body),,No
Xiaomi,Xiaomi Mi Mix 2,https://www.gsmarena.com/xiaomi_mi_mix_2-8529.php,https://fdn2.gsmarena.com/vv/bigpic/xiaomi-mi-mix2-new.jpg,GSM / CDMA / HSPA / EVDO / LTE,No,"2017, September. Released 2017, September",Discontinued,151.8 x 75.5 x 7.7 mm (5.98 x 2.97 x 0.30 in),185.0,Ceramic,,Nano-SIM + Nano-SIM,IPS LCD,,5.99,1080x2160,403,80.8,Corning Gorilla Glass 4,"Android 7.1 (Nougat), planned upgrade to Android 10, MIUI 12",Qualcomm MSM8998 Snapdragon 835 (10 nm),10,Octa-core (4x2.45 GHz Kryo & 4x1.9 GHz Kryo),Adreno 540,6,8,64,256,eMMC 5.1,12.0,1,2.0,Yes,1/2.9,Yes,"Dual-LED dual-tone flash, HDR, panorama","4K@30fps, 1080p@30fps, 720p@120fps",5.0,No,,1080p@30fps,"Wi-Fi 802.11 a/b/g/n/ac, dual-band, Wi-Fi Direct",Yes,5.0,Type-C,No,"GPS, GLONASS, BDS","Fingerprint (rear-mounted), accelerometer, gyro, compass, barometer",3400,18,,No,,,410.0,,,,6234,,,,"Black, White",MDE5,0.39 W/kg (head) 1.77 W/kg (body),,No
Xiaomi,Xiaomi Mi A1 (Mi 5X),https://www.gsmarena.com/xiaomi_mi_a1_(mi_5x)-8776.php,https://fdn2.gsmarena.com/vv/bigpic/xiaomi-mi-a1.jpg,GSM / HSPA / LTE,No,"2017, September. Released 2017, September",Discontinued,155.4 x 75.8 x 7.3 mm (6.12 x 2.98 x 0.29 in),165.0,Glass,,Nano-SIM + Nano-SIM,IPS LCD,,5.5,1080x1920,403,70.1,Gorilla Glass 3,"Android 7.1.2 (Nougat), upgradable to Android 9.0 (Pie), Android One",Qualcomm MSM8953 Snapdragon 625 (14 nm),14,Octa-core 2.0 GHz Cortex-A53,Adreno 506,4,4,32,64,eMMC 5.1,12.0,2,2.2,No,1/2.9,Yes,"Dual-LED dual-tone flash, HDR, panorama","4K@30fps, 1080p@30fps, 720p@120fps",5.0,No,,1080p@30fps,"Wi-Fi 802.11 a/b/g/n/ac, dual-band, Wi-Fi Direct",No,4.2,Type-C,Yes,"GPS, GLONASS, BDS","Fingerprint (rear-mounted), accelerometer, gyro, proximity",3080,10,,No,,,170.0,,,,4292,,,,"Black, Gold, Rose Gold, Red","MDG2, MDI2",1.75 W/kg (head) 0.76 W/kg (body),,FM radio
Xiaomi,Xiaomi Mi Max 2,https://www.gsmarena.com/xiaomi_mi_max_2-8582.php,https://fdn2.gsmarena.com/vv/bigpic/xiaomi-mi-max2.jpg,GSM / CDMA / HSPA / EVDO / LTE,No,"2017, May. Released 2017, June",Discontinued,174.1 x 88.7 x 7.6 mm (6.85 x 3.49 x 0.30 in),211.0,Glass,,Nano-SIM + Micro-SIM,IPS LCD,,6.44,1080x1920,342,74.0,Gorilla Glass 3,"Android 7.1.1 (Nougat), MIUI 11",Qualcomm MSM8953 Snapdragon 625 (14 nm),14,Octa-core 2.0 GHz Cortex-A53,Adreno 506,4,4,32,128,eMMC 5.1,12.0,1,2.2,No,1/2.9,Yes,"Dual-LED dual-tone flash, HDR, panorama","4K@30fps, 720p@120fps",5.0,No,,1080p@30fps,"Wi-Fi 802.11 a/b/g/n/ac, dual-band, Wi-Fi Direct, DLNA",No,4.2,Type-C,Yes,"GPS, GLONASS, BDS","Fingerprint (rear-mounted), accelerometer, gyro, proximity, compass",5300,18,,No,,,200.0,,,,2445,,,,"Gold, Matte Black","MDE40, MDI40",1.22 W/kg (head) 0.71 W/kg (body),,FM radio
Xiaomi,Xiaomi Redmi 4 (4X),https://www.gsmarena.com/xiaomi_redmi_4_(4x)-8608.php,https://fdn2.gsmarena.com/vv/bigpic/xiaomi-redmi-4x.jpg,GSM / HSPA / LTE,No,"2017, May. Released 2017, May",Discontinued,139.2 x 70 x 8.7 mm (5.48 x 2.76 x 0.34 in),150.0,Glass,,Nano-SIM + Micro-SIM,IPS LCD,,5.0,720x1280,294,70.7,Corning Gorilla Glass (unspecified versi,"Android 6.0.1 (Marshmallow), upgradable to 7.1.2 (Nougat), MIUI 11",Qualcomm MSM8940 Snapdragon 435 (28 nm),28,Octa-core 1.4 GHz Cortex-A53,Adreno 505,2,4,16,64,eMMC 5.1,13.0,1,2.0,No,,No,"LED flash, HDR, panorama",1080p@30fps,5.0,No,,1080p@30fps,"Wi-Fi 802.11 b/g/n, Wi-Fi Direct",No,4.2,Micro-USB,Yes,"GPS, GLONASS, BDS","Fingerprint (rear-mounted), accelerometer, gyro, proximity, compass",4100,,,No,,,110.0,,,,1819,,,,"Black, Gold","2016060, 2016090, MAG138, MAE136, Redmi 4, Redmi 4X",0.77 W/kg (head) 0.83 W/kg (body),,FM radio
Xiaomi,Xiaomi Mi 6,https://www.gsmarena.com/xiaomi_mi_6-8507.php,https://fdn2.gsmarena.com/vv/bigpic/xiaomi-mi-6.jpg,GSM / HSPA / LTE,No,"2017, April. Released 2017, April",Discontinued,145.2 x 70.5 x 7.5 mm (5.72 x 2.78 x 0.30 in),168.0,Glass,,Nano-SIM + Nano-SIM,IPS LCD,,5.15,1080x1920,428,71.4,Corning Gorilla Glass 4,"Android 7.1.1 (Nougat), upgradable to Android 9.0 (Pie), MIUI 8",Qualcomm MSM8998 Snapdragon 835 (10 nm),10,Octa-core (4x2.45 GHz Kryo & 4x1.9 GHz Kryo),Adreno 540,4,6,64,128,,12.0,2,1.8,Yes,1/2.9,Yes,"Dual-LED dual-tone flash, HDR, panorama","4K@30fps, 1080p@30fps, 720p@120fps",8.0,No,,1080p@30fps,"Wi-Fi 802.11 a/b/g/n/ac, dual-band, Wi-Fi Direct, DLNA",Yes,5.0,Type-C,No,"GPS, GLONASS, BDS","Fingerprint (front-mounted), accelerometer, gyro, proximity, compass, barometer",3350,18,,No,,,330.0,,,,6719,,,,"Ceramic Black, Black, Blue, White",MCE16,0.41 W/kg (head) 1.55 W/kg (body),,No
Xiaomi,Xiaomi Mi Pad 3,https://www.gsmarena.com/xiaomi_mi_pad_3-8477.php,https://fdn2.gsmarena.com/vv/bigpic/xiaomi-mi-pad-3-1.jpg,No cellular connectivity,No,"2017, April. Released 2017, April",Discontinued,200.4 x 132.6 x 7 mm (7.89 x 5.22 x 0.28 in),328.0,,,No,IPS LCD,,7.9,1536x2048,326,71.8,,"Android 7.0 (Nougat), MIUI 9",Mediatek MT8176,,Hexa-core (3x2.1 GHz Cortex-A72 & 3x1.7 GHz Cortex-A53),PowerVR GX6250,4,4,64,64,,13.0,1,2.2,No,,No,,1080p@30fps,5.0,No,,,"Wi-Fi 802.11 a/b/g/n/ac, dual-band, Wi-Fi Direct",No,4.1,Type-C,Yes,No,"Accelerometer, gyro, compass",6600,10,,No,,,290.0,,,,,,,,Champagne Gold,,,,FM radio
Xiaomi,Xiaomi Mi 5c,https://www.gsmarena.com/xiaomi_mi_5c-8439.php,https://fdn2.gsmarena.com/vv/bigpic/xiaomi-mi-5c.jpg,GSM / LTE,No,"2017, February. Released 2017, March",Discontinued,144.4 x 69.7 x 7.1 mm (5.69 x 2.74 x 0.28 in),135.0,Glass,,Nano-SIM + Nano-SIM,IPS LCD,,5.15,1080x1920,428,72.6,,"Android 7.1 (Nougat), MIUI 8",Xiaomi Surge S1,,Octa-core (4x2.2 GHz Cortex-A53 & 4x1.4 GHz Cortex-A53),Mali-T860MP4,3,3,64,64,,12.0,1,2.2,No,,No,"Dual-LED dual-tone flash, HDR, panorama",1080p@30fps,8.0,No,,1080p@30fps,"Wi-Fi 802.11 a/b/g/n/ac, dual-band, Wi-Fi Direct",No,4.1,Type-C,Yes,"GPS, GLONASS, BDS","Fingerprint (front-mounted), accelerometer, gyro, proximity, compass",2860,18,,No,,,150.0,,,,,,,,"Black, Gold, Rose Gold",,,,FM radio
Xiaomi,Xiaomi Redmi Note 4X,https://www.gsmarena.com/xiaomi_redmi_note_4x-8580.php,https://fdn2.gsmarena.com/vv/bigpic/xiaomi-redmi-note-4x.jpg,GSM / CDMA / HSPA / LTE,No,"2017, February. Released 2017, February",Discontinued,151 x 76 x 8.5 mm (5.94 x 2.99 x 0.33 in),165.0,Glass,,Nano-SIM + Micro-SIM,IPS LCD,,5.5,1080x1920,401,72.7,,"Android 6.0 (Marshmallow), upgradable to 7.0 (Nougat), MIUI 10",Qualcomm MSM8953 Snapdragon 625 (14 nm),14,Octa-core 2.0 GHz Cortex-A53,Adreno 506,3,4,16,64,eMMC 5.1,13.0,1,2.0,No,1/3.1,No,"Dual-LED dual-tone flash, panorama, HDR","1080p@30fps, 720p@120fps",5.0,No,,1080p@30fps,"Wi-Fi 802.11 a/b/g/n, Wi-Fi Direct",No,4.2,Micro-USB,Yes,"GPS, GLONASS, BDS","Fingerprint (rear-mounted), accelerometer, gyro, proximity, compass",4100,,,No,,,130.0,,,,,,,,"Platinum Silver, Champagne Gold, Matte Black, Hatsune Miku, Sakura Powder",,,,FM radio
Xiaomi,Xiaomi Redmi Note 4,https://www.gsmarena.com/xiaomi_redmi_note_4-8531.php,https://fdn2.gsmarena.com/vv/bigpic/xiaomi-redmi-note-4-sn.jpg,GSM / HSPA / LTE,No,"2017, January. Released 2017, January",Discontinued,151 x 76 x 8.5 mm (5.94 x 2.99 x 0.33 in),165.0,Glass,,Nano-SIM + Micro-SIM,IPS LCD,,5.5,1080x1920,401,72.7,,"Android 6.0 (Marshmallow), upgradable to 7.0 (Nougat), MIUI 11",Qualcomm MSM8953 Snapdragon 625 (14 nm),14,Octa-core 2.0 GHz Cortex-A53,Adreno 506,3,4,32,64,eMMC 5.1,13.0,1,2.0,No,1/3.1,No,"Dual-LED dual-tone flash, panorama, HDR","1080p@30fps, 720p@120fps",5.0,No,,1080p@30fps,"Wi-Fi 802.11 a/b/g/n, Wi-Fi Direct",No,4.1,Micro-USB,Yes,"GPS, GLONASS, BDS","Fingerprint (rear-mounted), accelerometer, gyro, proximity, compass",4100,,,No,,,150.0,,,,,,,,"Dark Gray, Gold, Black, Lake Blue",2016100,,0.72 W/kg (head) 0.67 W/kg (body),FM radio
Xiaomi,Xiaomi Redmi 4A,https://www.gsmarena.com/xiaomi_redmi_4a-8420.php,https://fdn2.gsmarena.com/vv/bigpic/xiaomi-redmi-4a-.jpg,GSM / HSPA / LTE,No,"2016, November. Released 2016, November",Discontinued,139.9 x 70.4 x 8.5 mm (5.51 x 2.77 x 0.33 in),131.5,Glass,,Nano-SIM + Micro-SIM,IPS LCD,,5.0,720x1280,296,69.0,,"Android 6.0.1 (Marshmallow), MIUI 10",Qualcomm MSM8917 Snapdragon 425 (28 nm),28,Quad-core 1.4 GHz Cortex-A53,Adreno 308,2,3,16,32,eMMC 5.1,13.0,1,2.2,No,,No,"LED flash, HDR, panorama",1080p@30fps,5.0,No,,,"Wi-Fi 802.11 b/g/n, Wi-Fi Direct",No,4.1,Micro-USB,Yes,"GPS, GLONASS, BDS","Accelerometer, gyro, proximity",3120,,,No,,,110.0,,,,1781,,,,"Gold, Rose Gold, Dark Gray",2016117,0.53 W/kg (head) 1.18 W/kg (body),,FM radio
Xiaomi,Xiaomi Redmi 4 (China),https://www.gsmarena.com/xiaomi_redmi_4_(china)-8419.php,https://fdn2.gsmarena.com/vv/bigpic/xiaomi-redmi-4-prime-.jpg,GSM / CDMA / HSPA / EVDO / LTE,No,"2016, November. Released 2016, November",Discontinued,141.3 x 69.6 x 8.9 mm (5.56 x 2.74 x 0.35 in),156.0,,,Hybrid Dual SIM,IPS LCD,,5.0,720x1280,296,69.1,,"Android 6.0.1 (Marshmallow), MIUI 8",Qualcomm MSM8937 Snapdragon 430 (28 nm),28,Octa-core 1.4 GHz Cortex-A53,Adreno 505,2,2,16,16,eMMC 5.1,13.0,1,2.2,No,,No,"LED flash, HDR, panorama",1080p@30fps,5.0,No,,1080p@30fps,"Wi-Fi 802.11 a/b/g/n, dual-band, Wi-Fi Direct",No,4.1,Micro-USB,Yes,"GPS, GLONASS, BDS","Fingerprint (rear-mounted), accelerometer, gyro, proximity, compass",4100,10,,No,,,130.0,,,,,,,,"Gold, Dark Gray, Silver",,,,FM radio
Xiaomi,Xiaomi Mi 6 Plus,https://www.gsmarena.com/xiaomi_mi_6_plus-8629.php,https://fdn2.gsmarena.com/vv/bigpic/xiaomi-mi-6-plus.jpg,GSM / CDMA / HSPA / EVDO / LTE,No,Not announced yet,Cancelled,-,,,,Nano-SIM + Nano-SIM,IPS LCD,,5.7,1080x1920,386,,To be confirmed,"Android 6.0 (Marshmallow), MIUI 8",Qualcomm MSM8998 Snapdragon 835 (10 nm),10,Octa-core (4x2.45 GHz Kryo & 4x1.9 GHz Kryo),Adreno 540,6,6,64,128,,12.0,1,1.8,Yes,1/2.9,Yes,"Dual-LED dual-tone flash, panorama","4K@30fps, 1080p@30fps",8.0,No,,1080p@30fps,"Wi-Fi 802.11 a/b/g/n/ac, dual-band, Wi-Fi Direct, DLNA",Yes,5.0,Type-C,Yes,"GPS, GLONASS, BDS","Fingerprint (front-mounted), accelerometer, gyro, proximity, compass, barometer",4500,18,,No,,,,,,,,,,,"Silver, Gray, Gold, Rose Gold",,,,No
Xiaomi,Xiaomi Redmi 4 Prime,https://www.gsmarena.com/xiaomi_redmi_4_prime-8263.php,https://fdn2.gsmarena.com/vv/bigpic/xiaomi-redmi-4-prime-new.jpg,GSM / CDMA / HSPA / EVDO / LTE,No,"2016, November. Released 2016, November",Discontinued,141.3 x 69.6 x 8.9 mm (5.56 x 2.74 x 0.35 in),156.0,Glass,,Hybrid Dual SIM,IPS LCD,,5.0,1080x1920,441,70.1,,"Android 6.0.1 (Marshmallow), MIUI 8",Qualcomm MSM8953 Snapdragon 625 (14 nm),14,Octa-core 2.0 GHz Cortex-A53,Adreno 506,3,3,32,32,eMMC 5.1,13.0,1,2.2,No,,No,"Dual-LED dual-tone flash, HDR, panorama",1080p@30fps,5.0,No,,1080p@30fps,"Wi-Fi 802.11 a/b/g/n, dual-band, Wi-Fi Direct",No,4.2,Micro-USB,Yes,"GPS, GLONASS, BDS","Fingerprint (rear-mounted), accelerometer, gyro, proximity, compass",4100,10,,No,,,160.0,,,,,,,,"Gold, Dark Gray, Silver",,,,FM radio
Xiaomi,Xiaomi Mi Mix,https://www.gsmarena.com/xiaomi_mi_mix-8400.php,https://fdn2.gsmarena.com/vv/bigpic/xiaomi-mix-.jpg,GSM / HSPA / LTE,No,"2016, October. Released 2016, November",Discontinued,158.8 x 81.9 x 7.9 mm (6.25 x 3.22 x 0.31 in),209.0,Ceramic,,Nano-SIM + Nano-SIM,IPS LCD,,6.4,1080x2040,362,83.6,,"Android 6.0 (Marshmallow), upgradable to 8.0 (Oreo), MIUI 10",Qualcomm MSM8996 Snapdragon 821 (14 nm),14,Quad-core (2x2.35 GHz Kryo & 2x2.19 GHz Kryo),Adreno 530,4,6,128,256,,16.0,1,2.0,No,1/3.0,Yes,"Dual-LED dual-tone flash, HDR","4K@30fps, 1080p@30fps (gyro-EIS), 720p@120fps",5.0,No,,1080p@30fps,"Wi-Fi 802.11 a/b/g/n/ac, dual-band, Wi-Fi Direct",Yes,4.2,Type-C,Yes,"GPS, GLONASS, BDS","Fingerprint (rear-mounted), accelerometer, gyro, proximity, compass, barometer",4400,18,,No,,,390.0,,,,,,,,"Black, White",MIX,,,No
Xiaomi,Xiaomi Mi Note 2,https://www.gsmarena.com/xiaomi_mi_note_2-8014.php,https://fdn2.gsmarena.com/vv/bigpic/xiaomi-mi-note2-.jpg,GSM / HSPA / LTE,No,"2016, October. Released 2016, November",Discontinued,156.2 x 77.3 x 7.6 mm (6.15 x 3.04 x 0.30 in),166.0,Glass,,Nano-SIM + Nano-SIM,AMOLED,,5.7,1080x1920,386,74.2,,"Android 6.0 (Marshmallow), MIUI 8.2",Qualcomm MSM8996 Snapdragon 821 (14 nm),14,Quad-core (2x2.35 GHz Kryo & 2x1.6 GHz Kryo),Adreno 530,4,6,64,128,,22.5,1,2.0,No,1/2.6,Yes,"Dual-LED dual-tone flash, HDR, panorama","4K@30fps, 1080p@30fps (gyro-EIS)",8.0,No,,1080p@30fps,"Wi-Fi 802.11 a/b/g/n/ac, dual-band, Wi-Fi Direct",Yes,4.2,Type-C,Yes,"GPS, GLONASS, BDS","Fingerprint (front-mounted), accelerometer, gyro, proximity, compass, barometer",4070,18,,No,,,310.0,,,,,,,,"Black, Gold, Silver",2015213,0.78 W/kg (head) 1.38 W/kg (body),,No
Xiaomi,Xiaomi Mi 5s Plus,https://www.gsmarena.com/xiaomi_mi_5s_plus-8350.php,https://fdn2.gsmarena.com/vv/bigpic/xiaomi-mi-5s-plus.jpg,GSM / CDMA / HSPA / EVDO / LTE,No,"2016, September. Released 2016, October",Discontinued,154.6 x 77.7 x 8 mm (6.09 x 3.06 x 0.31 in),168.0,Glass,,Nano-SIM + Nano-SIM,IPS LCD,,5.7,1080x1920,386,74.6,,"Android 6.0 (Marshmallow), upgradable to 8.0 (Oreo), MIUI",Qualcomm MSM8996 Snapdragon 821 (14 nm),14,Quad-core (2x2.35 GHz Kryo & 2x2.2 GHz Kryo),Adreno 530,4,6,64,128,,13.0,2,2.0,No,1/3.1,Yes,"Dual-LED dual-tone flash, HDR, panorama","4K@30fps, 1080p@30fps",4.0,No,,1080p@30fps,"Wi-Fi 802.11 a/b/g/n/ac, dual-band, Wi-Fi Direct, DLNA",Yes,4.2,Type-C,Yes,"GPS, GLONASS, BDS","Fingerprint (rear-mounted), accelerometer, gyro, proximity, compass, barometer",3800,18,,No,,,310.0,,,,,,,,"Silver, Gray, Gold, Rose Gold",2016070,1.16 W/kg (head) 1.47 W/kg (body),,No
Xiaomi,Xiaomi Mi 5s,https://www.gsmarena.com/xiaomi_mi_5s-7260.php,https://fdn2.gsmarena.com/vv/bigpic/xiaomi-mi-5s1.jpg,GSM / CDMA / HSPA / EVDO / LTE,No,"2016, September. Released 2016, October",Discontinued,145.6 x 70.3 x 8.3 mm (5.73 x 2.77 x 0.33 in),145.0,Glass,,Nano-SIM + Nano-SIM,IPS LCD,,5.15,1080x1920,428,71.4,To be confirmed,"Android 6.0 (Marshmallow), upgradable to 7.0 (Nougat), MIUI 10",Qualcomm MSM8996 Snapdragon 821 (14 nm),14,Quad-core (2x2.15 GHz Kryo & 2x1.6 GHz Kryo),Adreno 530,3,4,64,128,,12.0,1,2.0,No,1/2.3,Yes,"Dual-LED dual-tone flash, panorama","4K@30fps, 1080p@120fps",4.0,No,,1080p@30fps,"Wi-Fi 802.11 a/b/g/n/ac, dual-band, Wi-Fi Direct, DLNA",Yes,4.2,Type-C,Yes,"GPS, GLONASS, BDS","Fingerprint (front-mounted), accelerometer, gyro, proximity, compass, barometer",3200,18,,No,,,250.0,,,,,,,,"Silver, Gray, Gold, Rose Gold",2015711,0.77 W/kg (head) 1.01 W/kg (body),,No
Xiaomi,Xiaomi Redmi Note 4 (MediaTek),https://www.gsmarena.com/xiaomi_redmi_note_4_(mediatek)-8291.php,https://fdn2.gsmarena.com/vv/bigpic/xiaomi-redmi-note-4.jpg,GSM / CDMA / HSPA / LTE,No,"2016, August. Released 2016, August",Discontinued,151 x 76 x 8.4 mm (5.94 x 2.99 x 0.33 in),175.0,Glass,,Nano-SIM + Micro-SIM,IPS LCD,,5.5,1080x1920,401,72.7,,"Android 6.0 (Marshmallow), MIUI 10",Mediatek MT6797 Helio X20 (20 nm),20,Deca-core 2.1 GHz,Mali-T880 MP4,2,4,16,64,,13.0,1,2.0,No,,No,"Dual-LED dual-tone flash, HDR, panorama","1080p@30fps, 720p@120fps",5.0,No,,720p,"Wi-Fi 802.11 a/b/g/n/ac, dual-band, Wi-Fi Direct",No,4.2,Micro-USB,Yes,"GPS, GLONASS, BDS","Fingerprint (rear-mounted), accelerometer, gyro, proximity, compass",4100,,,No,,,170.0,,,,,,,,"Silver, Gray, Gold, Blue, Black",,,,FM radio
Xiaomi,Xiaomi Redmi Pro,https://www.gsmarena.com/xiaomi_redmi_pro-8233.php,https://fdn2.gsmarena.com/vv/bigpic/xiaomi-redmi-pro.jpg,GSM / CDMA / HSPA / EVDO / LTE,No,"2016, July. Released 2016, August",Discontinued,151.5 x 76.2 x 8.2 mm (5.96 x 3.00 x 0.32 in),174.0,Glass,,Nano-SIM + Micro-SIM,AMOLED,,5.5,1080x1920,401,72.2,,"Android 6.0 (Marshmallow), MIUI 10",Mediatek MT6797T Helio X25 (20 nm) - High & Exclusive editions Mediatek MT6797 Helio X20 (20 nm) - Standard edition,20,Deca-core 2.5 GHz - Exclusive edition Deca-core 2.3 GHz - High edition Deca-core 2.1 GHz - Standard edition,Mali-T880 MP4,3,4,32,128,,13.0,2,2.0,No,,No,"Dual-LED dual-tone flash, HDR, panorama","1080p@30fps, 720p@120fps",5.0,No,,1080p@30fps,"Wi-Fi 802.11 b/g/n, Wi-Fi Direct",No,4.2,Type-C,Yes,"GPS, GLONASS, BDS","Fingerprint (front-mounted), accelerometer, gyro, proximity, compass",4050,,,No,,,170.0,,,,,,,,"Silver, Gold, Gray",,,,FM radio; recording
Xiaomi,Xiaomi Redmi 3x,https://www.gsmarena.com/xiaomi_redmi_3x-8212.php,https://fdn2.gsmarena.com/vv/bigpic/xiaomi-redmi-3x.jpg,GSM / CDMA / HSPA / EVDO / LTE,No,"2016, June. Released 2016, July",Discontinued,139.3 x 69.6 x 8.5 mm (5.48 x 2.74 x 0.33 in),144.0,Glass,,Nano-SIM + Micro-SIM,IPS LCD,,5.0,720x1280,294,71.1,,"Android 6.0.1 (Marshmallow), MIUI 7.3",Qualcomm MSM8937 Snapdragon 430 (28 nm),28,Octa-core 1.4 GHz Cortex-A53,Adreno 505,2,2,32,32,eMMC 5.1,13.0,1,2.0,No,,No,"LED flash, HDR, panorama",1080p@30fps,5.0,No,,1080p@30fps,"Wi-Fi 802.11 b/g/n, Wi-Fi Direct",No,4.1,Micro-USB,Yes,"GPS, GLONASS, BDS","Fingerprint (rear-mounted), accelerometer, gyro, proximity, compass",4100,10,,No,,,170.0,,,,,,,,"Gold, Dark Gray, Silver",,,,FM radio
Xiaomi,Xiaomi Redmi 3s Prime,https://www.gsmarena.com/xiaomi_redmi_3s_prime-8250.php,https://fdn2.gsmarena.com/vv/bigpic/xiaomi-redmi-3-pro-.jpg,GSM / HSPA / LTE,No,"2016, August. Released 2016, August",Discontinued,139.3 x 69.6 x 8.5 mm (5.48 x 2.74 x 0.33 in),144.0,Glass,,Nano-SIM + Micro-SIM,IPS LCD,,5.0,720x1280,294,71.1,,"Android 6.0.1 (Marshmallow), MIUI 9.2",Qualcomm MSM8937 Snapdragon 430 (28 nm),28,Octa-core 1.4 GHz Cortex-A53,Adreno 505,3,3,32,32,eMMC 5.1,13.0,1,2.0,No,,No,"LED flash, HDR, panorama",1080p@30fps,5.0,No,,1080p@30fps,"Wi-Fi 802.11 b/g/n, Wi-Fi Direct",No,4.1,Micro-USB,Yes,"GPS, GLONASS, BDS","Fingerprint (rear-mounted), accelerometer, gyro, proximity, compass",4100,10,,No,,,150.0,,,,,,,,"Gold, Dark Gray, Silver",,,0.62 W/kg (head) 0.43 W/kg (body),FM radio
Xiaomi,Xiaomi Redmi 3s,https://www.gsmarena.com/xiaomi_redmi_3s-8150.php,https://fdn2.gsmarena.com/vv/bigpic/xiaomi-redmi-3s.jpg,GSM / HSPA / LTE,No,"2016, June. Released 2016, June",Discontinued,139.3 x 69.6 x 8.5 mm (5.48 x 2.74 x 0.33 in),144.0,Glass,,Nano-SIM + Micro-SIM,IPS LCD,,5.0,720x1280,294,71.1,,"Android 6.0.1 (Marshmallow), MIUI 9.2",Qualcomm MSM8937 Snapdragon 430 (28 nm),28,Octa-core 1.4 GHz Cortex-A53,Adreno 505,2,3,16,32,eMMC 5.1,13.0,1,2.0,No,,No,"LED flash, HDR, panorama",1080p@30fps,5.0,No,,1080p@30fps,"Wi-Fi 802.11 b/g/n, Wi-Fi Direct",No,4.1,Micro-USB,Yes,"GPS, GLONASS, BDS","Accelerometer, gyro, proximity, compass",4100,10,,No,,,120.0,,,,,,,,"Gold, Dark Gray, Silver",2016031,0.22 W/kg (head) 1.22 W/kg (body),0.62 W/kg (head) 0.43 W/kg (body),FM radio
Xiaomi,Xiaomi Redmi 3 Pro,https://www.gsmarena.com/xiaomi_redmi_3_pro-8007.php,https://fdn2.gsmarena.com/vv/bigpic/xiaomi-redmi-3-pro-.jpg,GSM / CDMA / HSPA / EVDO / LTE,No,"2016, March. Released 2016, April",Discontinued,139.3 x 69.6 x 8.5 mm (5.48 x 2.74 x 0.33 in),144.0,Glass,,Nano-SIM + Micro-SIM,IPS LCD,,5.0,720x1280,294,71.1,,"Android 5.1 (Lollipop), MIUI 7.3",Qualcomm MSM8939v2 Snapdragon 616 (28 nm),28,Octa-core (4x1.5 GHz Cortex-A53 & 4x1.2 GHz Cortex-A53),Adreno 405,3,3,32,32,eMMC 4.5,13.0,1,2.0,No,,No,"LED flash, HDR, panorama",1080p@30fps,5.0,No,,1080p@30fps,"Wi-Fi 802.11 b/g/n, Wi-Fi Direct, hotspot",No,4.1,Micro-USB,Yes,"GPS, GLONASS, BDS","Fingerprint (rear-mounted), accelerometer, gyro, proximity, compass",4100,10,,No,,,130.0,,,,,,,,"Dark Gray, Silver, Gold",,,1.33 W/kg (head),FM radio
Xiaomi,Xiaomi Mi Max,https://www.gsmarena.com/xiaomi_mi_max-8057.php,https://fdn2.gsmarena.com/vv/bigpic/xiaomi-mi-max-.jpg,GSM / CDMA / HSPA / EVDO / LTE,No,"2016, May. Released 2016, May",Discontinued,173.1 x 88.3 x 7.5 mm (6.81 x 3.48 x 0.30 in),203.0,Glass,,Nano-SIM + Micro-SIM,IPS LCD,,6.44,1080x1920,342,74.8,Corning Gorilla Glass 4,"Android 6.0 (Marshmallow), upgradable to 7.0 (Nougat), MIUI 10",Qualcomm MSM8956 Snapdragon 650 Qualcomm MSM8976 Snapdragon 652 (28 nm) - Prime model,28,Hexa-core (4x1.4 GHz Cortex-A53 & 2x1.8 GHz Cortex-A72) Octa-core (4x1.4 GHz Cortex-A53 & 4x1.8 GHz Cortex-A72),Adreno 510,2,4,16,128,eMMC 4.5 or eMMC 5.1,16.0,1,2.0,No,,Yes,"Dual-LED dual-tone flash, panorama, HDR","4K@30fps, 1080p@30fps, 720p@120fps",5.0,No,,1080p@30fps,"Wi-Fi 802.11 a/b/g/n/ac, dual-band, Wi-Fi Direct, DLNA",No,4.2,Micro-USB,Yes,"GPS, GLONASS, BDS","Fingerprint (rear-mounted), accelerometer, gyro, proximity, compass",4850,,,No,,,150.0,,,,,,,,"Gray, Silver, Gold","2016001, 2016002, 2016007",0.49 W/kg (head) 1.13 W/kg (body),,"FM radio, recording"
Xiaomi,Xiaomi Mi 5,https://www.gsmarena.com/xiaomi_mi_5-6948.php,https://fdn2.gsmarena.com/vv/bigpic/xiaomi-mi-5.jpg,GSM / HSPA / EVDO / LTE,No,"2016, February. Released 2016, April",Discontinued,144.6 x 69.2 x 7.3 mm (5.69 x 2.72 x 0.29 in),129.0,Glass,,Nano-SIM + Nano-SIM,IPS LCD,,5.15,1080x1920,428,73.1,Corning Gorilla Glass 4,"Android 6.0 (Marshmallow), upgradable to Android 8.0 (Oreo), MIUI 10",Qualcomm MSM8996 Snapdragon 820 (14 nm),14,Quad-core (2x1.8 GHz Kryo & 2x1.36 GHz Kryo) - Standard edition Quad-core (2x2.15 GHz Kryo & 2x1.6 GHz Kryo) - Prime & Pro edition,Adreno 530,3,4,32,128,UFS 2.0,16.0,1,2.0,Yes,1/2.8,Yes,"Dual-LED dual-tone flash, panorama, HDR","4K@30fps, 1080p@30fps, 720p@120fps",4.0,No,,1080p@30fps,"Wi-Fi 802.11 a/b/g/n/ac, dual-band, Wi-Fi Direct, DLNA",Yes,4.2,Type-C,Yes,"GPS, GLONASS, BDS","Fingerprint (front-mounted), accelerometer, gyro, proximity, compass, barometer",3000,18,,No,,,240.0,,,,,,,,"Black, White, Gold, Ceramic",2015105,0.38 W/kg (head) 0.80 W/kg (body),,No
Xiaomi,Xiaomi Mi 4s,https://www.gsmarena.com/xiaomi_mi_4s-7962.php,https://fdn2.gsmarena.com/vv/bigpic/xiaomi-mi-4s.jpg,GSM / CDMA / HSPA / LTE,No,"2016, February. Released 2016, March",Discontinued,139.3 x 70.8 x 7.8 mm (5.48 x 2.79 x 0.31 in),133.0,,,Nano-SIM + Micro-SIM,IPS LCD,,5.0,1080x1920,441,69.9,,"Android 5.1 (Lollipop), upgradable to 7.0 (Nougat), MIUI 10",Qualcomm MSM8992 Snapdragon 808 (20 nm),20,Hexa-core (4x1.4 GHz Cortex-A53 & 2x1.8 GHz Cortex-A57),Adreno 418,3,3,64,64,eMMC 5.0,13.0,1,2.0,No,,No,"Dual-LED dual-tone flash, panorama, HDR","1080p@30fps, 720p@120fps",5.0,No,,1080p@30fps,"Wi-Fi 802.11 a/b/g/n/ac, dual-band, Wi-Fi Direct, hotspot",No,4.1,Type-C,Yes,"GPS, GLONASS, BDS","Fingerprint (rear-mounted), accelerometer, gyro, proximity, compass",3260,18,,No,,,220.0,,,,,,,,"Black, White, Gold, Pink",,,,No
Xiaomi,Xiaomi Redmi Note 3,https://www.gsmarena.com/xiaomi_redmi_note_3-7863.php,https://fdn2.gsmarena.com/vv/bigpic/xiaomi-redmi-note-3.jpg,GSM / HSPA / LTE,No,"2016, January 14. Released 2016, March 03",Discontinued,150 x 76 x 8.7 mm (5.91 x 2.99 x 0.34 in),164.0,Glass,,Nano-SIM + Micro-SIM,IPS LCD,,5.5,1080x1920,403,72.4,,"Android 5.1.1 (Lollipop), upgradable to 6.0.1 (Marshmallow), MIUI 9.5",Qualcomm MSM8956 Snapdragon 650,,Hexa-core (4x1.4 GHz Cortex-A53 & 2x1.8 GHz Cortex-A72),Adreno 510,2,3,16,32,eMMC 4.5,16.0,1,2.0,No,,No,"Dual-LED dual-tone flash, HDR, panorama",1080p@30fps,5.0,No,,1080p@30fps,"Wi-Fi 802.11 a/b/g/n/ac, dual-band, Wi-Fi Direct, hotspot",No,4.1,Micro-USB,Yes,"GPS, GLONASS, BDS","Fingerprint (rear-mounted), accelerometer, gyro, proximity, compass",4050,10,,No,,,160.0,,,,,,,,"Silver, Gray, Gold","2015116, 2015161",0.49 W/kg (head) 0.50 W/kg (body),0.56 W/kg (head),"Stereo FM radio, recording"
Xiaomi,Xiaomi Redmi 3,https://www.gsmarena.com/xiaomi_redmi_3-7862.php,https://fdn2.gsmarena.com/vv/bigpic/xiaomi-redmi-3-.jpg,GSM / CDMA / HSPA / EVDO / LTE,No,"2016, January. Released 2016, January",Discontinued,139.3 x 69.6 x 8.5 mm (5.48 x 2.74 x 0.33 in),144.0,Glass,,Nano-SIM + Micro-SIM,IPS LCD,,5.0,720x1280,294,71.1,,"Android 5.1 (Lollipop), MIUI 7",Qualcomm MSM8939v2 Snapdragon 616 (28 nm),28,Octa-core (4x1.5 GHz Cortex-A53 & 4x1.2 GHz Cortex-A53),Adreno 405,2,3,16,32,eMMC 4.5,13.0,1,2.0,No,,No,"LED flash, HDR, panorama",1080p@30fps,5.0,No,,1080p@30fps,"Wi-Fi 802.11 b/g/n, Wi-Fi Direct, hotspot",No,4.1,Micro-USB,Yes,"GPS, GLONASS, BDS","Accelerometer, gyro, proximity, compass",4100,10,,No,,,160.0,,,,,,,,"Gold, Dark Gray, Silver, Classic Gold",2015816,0.90 W/kg (head) 0.56 W/kg (body),1.33 W/kg (head),FM radio
Xiaomi,Xiaomi Redmi Note Prime,https://www.gsmarena.com/xiaomi_redmi_note_prime-7822.php,https://fdn2.gsmarena.com/vv/bigpic/xiaomi-redmi-note-prime-.jpg,GSM / HSPA / LTE,No,"2015, December. Released 2015, December",Discontinued,154 x 78.7 x 9.4 mm (6.06 x 3.10 x 0.37 in),185.0,,,"Dual SIM (Micro-SIM, dual stand-by)",IPS LCD,,5.5,720x1280,267,68.8,,"Android 4.4.4 (KitKat), MIUI 9.2",Qualcomm MSM8916 Snapdragon 410 (28 nm),28,Quad-core 1.2 GHz Cortex-A53,Adreno 306,2,2,16,16,eMMC 4.5,13.0,1,2.2,No,,No,"LED flash, HDR",1080p@30fps,5.0,No,,720p,"Wi-Fi 802.11 a/b/g/n, Wi-Fi Direct, hotspot",No,4.0,Micro-USB,Yes,"GPS, GLONASS, BDS","Accelerometer, gyro, proximity, compass",3100,10,,No,,,140.0,,,,,,,,White,,0.50 W/kg (head),,Stereo FM radio
Xiaomi,Xiaomi Mi Pad 2,https://www.gsmarena.com/xiaomi_mi_pad_2-7770.php,https://fdn2.gsmarena.com/vv/bigpic/xiaomi-mi-pad-2.jpg,No cellular connectivity,No,"2015, November. Released 2015, November",Discontinued,200.4 x 132.6 x 7 mm (7.89 x 5.22 x 0.28 in),322.0,,,No,IPS LCD,,7.9,1536x2048,326,71.8,,"Android OS/ Optional Windows 10 (64 GB model), MIUI 7",Intel Atom X5-Z8500,,Quad-core 2.24 GHz,Intel HD Graphics,2,2,16,64,,8.0,1,2.0,No,,No,,1080p@30fps,5.0,No,,,"Wi-Fi 802.11 a/b/g/n/ac, dual-band, Wi-Fi Direct, hotspot",No,4.1,Type-C,Yes,No,"Accelerometer, gyro, compass",6190,10,,No,,,180.0,,,,,,,,"Dark grey, Champagne gold",,,,No
Xiaomi,Xiaomi Redmi Note 3 (MediaTek),https://www.gsmarena.com/xiaomi_redmi_note_3_(mediatek)-7769.php,https://fdn2.gsmarena.com/vv/bigpic/xiaomi-redmi-note-3.jpg,GSM / HSPA / LTE,No,"2015, November. Released 2015, November",Discontinued,150 x 76 x 8.7 mm (5.91 x 2.99 x 0.34 in),164.0,,,"Dual SIM (Micro-SIM, dual stand-by)",IPS LCD,,5.5,1080x1920,403,72.4,,"Android 5.0.2 (Lollipop), MIUI 7",Mediatek MT6795 Helio X10 (28 nm),28,Octa-core 2.0 GHz Cortex-A53,PowerVR G6200,2,3,16,32,eMMC 5.0,13.0,1,2.2,No,,No,"Dual-LED dual-tone flash, HDR, panorama",1080p@30fps,5.0,No,,1080p@30fps,"Wi-Fi 802.11 a/b/g/n/ac, dual-band, Wi-Fi Direct, hotspot",No,4.1,Micro-USB,Yes,"GPS, GLONASS, BDS","Fingerprint (rear-mounted), accelerometer, gyro, proximity, compass",4000,10,,No,,,180.0,,,,,,,,"Silver, Gray, Gold",,,0.33 W/kg (head),"Stereo FM radio, recording"
Xiaomi,Xiaomi Mi 4c,https://www.gsmarena.com/xiaomi_mi_4c-7512.php,https://fdn2.gsmarena.com/vv/bigpic/xiaomi-mi-4c.jpg,GSM / HSPA / LTE,No,"2015, September. Released 2015, September",Discontinued,138.1 x 69.6 x 7.8 mm (5.44 x 2.74 x 0.31 in),132.0,Glass,,Dual SIM,IPS LCD,,5.0,1080x1920,441,71.7,,"Android 5.1.1 (Lollipop), upgradable to 7.0 (Nougat), MIUI 10",Qualcomm MSM8992 Snapdragon 808 (20 nm),20,Hexa-core (4x1.4 GHz Cortex-A53 & 2x1.8 GHz Cortex-A57),Adreno 418,2,3,16,32,eMMC 5.0,13.0,1,2.0,No,1/3.1,No,"Dual-LED dual-tone flash, panorama, HDR",1080p@30fps,5.0,No,,1080p@30fps,"Wi-Fi 802.11 a/b/g/n/ac, dual-band, Wi-Fi Direct, hotspot",No,4.1,Type-C,Yes,"GPS, GLONASS, BDS","Accelerometer, gyro, proximity, compass",3080,18,,No,,,210.0,,,,,,,,"White, grey, pink, yellow, blue",Mi-4c,,,No
Xiaomi,Xiaomi Redmi Note 2,https://www.gsmarena.com/xiaomi_redmi_note_2-6992.php,https://fdn2.gsmarena.com/vv/bigpic/xiaomi-redmi-note-2--.jpg,GSM / HSPA / LTE,No,"2015, August. Released 2015, August",Discontinued,152 x 76 x 8.3 mm (5.98 x 2.99 x 0.33 in),160.0,Glass,,"Dual SIM (Micro-SIM, dual stand-by)",IPS LCD,,5.5,1080x1920,403,71.5,,"Android 5.0 (Lollipop), MIUI 7",Mediatek MT6795 Helio X10 (28 nm),28,Octa-core 2.0 GHz Cortex-A53 - Redmi Note 2 Octa-core 2.2 GHz Cortex-A53 - Redmi Note 2 Prime,PowerVR G6200,2,2,16,32,eMMC 5.0,13.0,1,2.2,No,,No,"LED flash, HDR, panorama",1080p@30fps,5.0,No,,720p,"Wi-Fi 802.11 a/b/g/n/ac, dual-band, Wi-Fi Direct, hotspot",No,4.0,Micro-USB,Yes,"GPS, GLONASS, BDS","Accelerometer, gyro, proximity, compass",3060,10,,No,,,160.0,,,,,,,,"White, blue, yellow, pink, mint green",2015051,0.34 W/kg (head) 0.45 W/kg (body),,Stereo FM radio
Xiaomi,Xiaomi Redmi 2 Pro,https://www.gsmarena.com/xiaomi_redmi_2_pro-7710.php,https://fdn2.gsmarena.com/vv/bigpic/xiaomi-redmi-2-prime-.jpg,GSM / HSPA / LTE,No,"2015, October. Released 2015, October",Discontinued,134 x 67 x 9 mm (5.28 x 2.64 x 0.35 in),133.0,,,Dual SIM,IPS LCD,,4.7,720x1280,312,67.8,,"Android 4.4.4 (KitKat), MIUI 6",Qualcomm MSM8916 Snapdragon 410 (28 nm),28,Quad-core 1.2 GHz Cortex-A53,Adreno 306,2,2,16,16,eMMC 4.5,8.0,1,2.2,No,1/3.2,No,"LED flash, HDR",1080p@30fps,2.0,No,,720p,"Wi-Fi 802.11 b/g/n, Wi-Fi Direct, hotspot",No,4.0,Micro-USB,Yes,"GPS, GLONASS, BDS","Accelerometer, gyro, proximity, compass",2200,10,,No,,,100.0,,,,,,,,Dark gray,wt88047,,,Stereo FM radio
Xiaomi,Xiaomi Redmi 2 Prime,https://www.gsmarena.com/xiaomi_redmi_2_prime-7480.php,https://fdn2.gsmarena.com/vv/bigpic/xiaomi-redmi-2-prime-.jpg,GSM / HSPA / LTE,No,"2015, August. Released 2015, August",Discontinued,134 x 67 x 9 mm (5.28 x 2.64 x 0.35 in),133.0,Glass,,"Dual SIM (Micro-SIM, dual stand-by)",IPS LCD,,4.7,720x1280,312,67.8,To be confirmed,"Android 4.4.4 (KitKat), upgradable to 5.1.1 (Lollipop), MIUI 7.2",Qualcomm MSM8916 Snapdragon 410 (28 nm),28,Quad-core 1.2 GHz Cortex-A53,Adreno 306,2,2,16,16,eMMC 4.5,8.0,1,2.2,No,1/3.2,No,"LED flash, HDR",1080p@30fps,2.0,No,,720p,"Wi-Fi 802.11 b/g/n, Wi-Fi Direct, hotspot",No,4.0,Micro-USB,Yes,"GPS, GLONASS, BDS","Accelerometer, gyro, proximity, compass",2200,10,,No,,,120.0,,,,,,,,"White, Dark gray",,1.00 W/kg (head),,Stereo FM radio
Xiaomi,Xiaomi Mi 4i,https://www.gsmarena.com/xiaomi_mi_4i-7211.php,https://fdn2.gsmarena.com/vv/bigpic/xiaomi-mi4i.jpg,GSM / HSPA / LTE,No,"2015, April. Released 2015, April",Discontinued,138.1 x 69.6 x 7.8 mm (5.44 x 2.74 x 0.31 in),130.0,Glass,,"Dual SIM (Micro-SIM, dual stand-by)",IPS LCD,,5.0,1080x1920,441,71.7,Corning scratch-resistant glass,"Android 5.0.2 (Lollipop), MIUI 8.2",Qualcomm MSM8939 Snapdragon 615 (28 nm),28,Octa-core (4x1.7 GHz Cortex-A53 & 4x1.0 GHz Cortex-A53),Adreno 405,2,2,16,32,eMMC 4.5,13.0,1,2.0,No,,No,"Dual-LED dual-tone flash, panorama, HDR","1080p@30fps, 480p@120fps",5.0,No,,,"Wi-Fi 802.11 a/b/g/n/ac, dual-band, Wi-Fi Direct, hotspot",No,4.1,Micro-USB,Yes,"GPS, GLONASS, BDS","Accelerometer, gyro, proximity, compass",3120,10,,No,,,260.0,,,,,,,,"Dark Gray, Black, White, Yellow, Blue, Pink",2015015,0.51 W/kg (head) 0.60 W/kg (body),,Stereo FM radio
Xiaomi,Xiaomi Mi Note Pro,https://www.gsmarena.com/xiaomi_mi_note_pro-6952.php,https://fdn2.gsmarena.com/vv/bigpic/xiaomi-note-pro2.jpg,GSM / HSPA / LTE,No,"2015, January. Released 2015, May",Discontinued,155.1 x 77.6 x 7 mm (6.11 x 3.06 x 0.28 in),161.0,Glass,,Nano-SIM + Micro-SIM,IPS LCD,,5.7,1440x2560,515,74.4,Gorilla Glass 3,"Android 5.0.1 (Lollipop), upgradable to 7.0 (Nougat), MIUI 9",Qualcomm MSM8994 Snapdragon 810 (20 nm),20,Octa-core (4x1.5 GHz Cortex-A53 & 4x2.0 GHz Cortex-A57),Adreno 430,4,4,64,64,eMMC 5.0,13.0,1,2.0,Yes,,Yes,"Dual-LED dual-tone flash, HDR, panorama","4K, 1080p@30fps",4.0,No,,1080p@30fps,"Wi-Fi 802.11 a/b/g/n/ac, dual-band, Wi-Fi Direct, hotspot",No,4.1,Micro-USB,Yes,"GPS, GLONASS, BDS","Accelerometer, gyro, proximity, compass, barometer",3000,18,,No,,,250.0,,,,,,,,"Black, White, Gold",,,,No
Xiaomi,Xiaomi Mi Note,https://www.gsmarena.com/xiaomi_mi_note-6944.php,https://fdn2.gsmarena.com/vv/bigpic/xiaomi-note-2015.jpg,GSM / HSPA / LTE,No,"2015, January. Released 2015, January",Discontinued,155.1 x 77.6 x 7 mm (6.11 x 3.06 x 0.28 in),161.0,Glass,,Nano-SIM + Micro-SIM,IPS LCD,,5.7,1080x1920,386,74.4,Gorilla Glass 3,"Android 4.4.4 (KitKat), upgradable to 6.0 (Marshmallow)",Qualcomm MSM8974AC Snapdragon 801 (28 nm),28,Quad-core 2.5 GHz Krait 400,Adreno 330,3,3,16,64,eMMC 5.0,13.0,1,2.0,Yes,,Yes,"Dual-LED dual-tone flash, HDR, panorama","4K@30fps, 1080p@30fps",4.0,No,,1080p@30fps,"Wi-Fi 802.11 a/b/g/n/ac, dual-band, Wi-Fi Direct, hotspot",No,4.1,Micro-USB,Yes,"GPS, GLONASS, BDS","Accelerometer, gyro, proximity, compass, barometer",3000,18,,No,,,190.0,,,,,,,,"Black, White",,,,No
Xiaomi,Xiaomi Redmi 2A,https://www.gsmarena.com/xiaomi_redmi_2a-7159.php,https://fdn2.gsmarena.com/vv/bigpic/xiaomi-redmi-2.jpg,GSM / HSPA / LTE,No,"2015, March. Released 2015, April",Discontinued,134 x 67.2 x 9.4 mm (5.28 x 2.65 x 0.37 in),132.0,,,"Dual SIM (Micro-SIM, dual stand-by)",IPS LCD,,4.7,720x1280,312,67.6,To be confirmed,"Android 5.0 (Lollipop), MIUI 6",Leadcore L1860C,,Quad-core 1.5 GHz,Mali-T628 MP2,1,1,8,8,,8.0,1,2.2,No,1/3.2,No,"LED flash, HDR",Yes,2.0,No,,720p,"Wi-Fi 802.11 b/g/n, hotspot",No,4.0,Micro-USB,Yes,"GPS, GLONASS, BDS","Accelerometer, proximity",2200,,,No,,,130.0,,,,,,,,"Black, Green, Yellow, Pink",,,,FM radio
Xiaomi,Xiaomi Redmi 2,https://www.gsmarena.com/xiaomi_redmi_2-6884.php,https://fdn2.gsmarena.com/vv/bigpic/xiaomi-redmi-2.jpg,GSM / HSPA / LTE,No,"2015, January. Released 2015, January",Discontinued,134 x 67.2 x 9.4 mm (5.28 x 2.65 x 0.37 in),133.0,Glass,,"Dual SIM (Micro-SIM, dual stand-by)",IPS LCD,,4.7,720x1280,312,67.6,Corning Gorilla Glass 2,"Android 4.4.4 (KitKat), MIUI 6.0",Qualcomm MSM8916 Snapdragon 410 (28 nm),28,Quad-core 1.2 GHz Cortex-A53,Adreno 306,1,2,8,16,eMMC 4.5,8.0,1,2.2,No,1/3.2,No,"LED flash, HDR",1080p@30fps,2.0,No,,720p,"Wi-Fi 802.11 b/g/n, Wi-Fi Direct, hotspot",No,4.0,Micro-USB,Yes,"GPS, GLONASS, BDS","Accelerometer, gyro, proximity, compass",2200,10,,No,,,130.0,,,,,,,,"Black, White, Yellow, Pink, Green","2014817, 2014818, 2014816, HM2014821",0.70 W/kg (head) 0.70 W/kg (body),,Stereo FM radio
Xiaomi,Xiaomi Mi 4 LTE,https://www.gsmarena.com/xiaomi_mi_4_lte-6866.php,https://fdn2.gsmarena.com/vv/bigpic/xiaomi-mi-4-lte.jpg,GSM / HSPA / LTE,No,"2014, December. Released 2014, December",Discontinued,139.2 x 68.5 x 8.9 mm (5.48 x 2.70 x 0.35 in),149.0,,,Micro-SIM,IPS LCD,,5.0,1080x1920,441,72.3,,"Android 4.4.3 (KitKat), MIUI 5",Qualcomm MSM8974AC Snapdragon 801 (28 nm),28,Quad-core 2.5 GHz Krait 400,Adreno 330,3,3,16,16,eMMC 5.0,13.0,1,1.8,No,1/3.1,Yes,"LED flash, panorama, HDR","4K@30fps, 1080p@30fps, 720p@120fps, HDR",8.0,No,,1080p@30fps,"Wi-Fi 802.11 a/b/g/n/ac, dual-band, Wi-Fi Direct, DLNA, hotspot",No,4.0,Micro-USB,Yes,"GPS, GLONASS, BDS","Accelerometer, gyro, proximity, compass, barometer",3080,18,,No,,,230.0,,,,,,,,White,,,,FM radio
Xiaomi,Xiaomi Redmi Note 4G,https://www.gsmarena.com/xiaomi_redmi_note_4g-6561.php,https://fdn2.gsmarena.com/vv/bigpic/xiaomi-redmi-note-4g.jpg,GSM / HSPA / LTE,No,"2014, August. Released 2014, August",Discontinued,154 x 78.7 x 9.5 mm (6.06 x 3.10 x 0.37 in),185.0,,,Mini-SIM,IPS LCD,,5.5,720x1280,267,68.8,,"Android 4.2 (Jelly Bean), upgradable to 4.4.2 (KitKat), MIUI 5",Qualcomm MSM8928 Snapdragon 400 (28 nm),28,Quad-core 1.6 GHz Cortex-A7,Adreno 305,2,2,8,8,eMMC 4.5,13.0,1,2.2,No,,No,"LED flash, HDR",1080p@30fps,5.0,No,,720p,"Wi-Fi 802.11 a/b/g/n/ac, dual-band, Wi-Fi Direct, hotspot",No,4.0,Micro-USB,Yes,"GPS, GLONASS, BDS","Accelerometer, gyro, proximity, compass",3100,,,No,,,160.0,,,,,,,,Black/White,,,,FM radio
Xiaomi,Xiaomi Mi 4,https://www.gsmarena.com/xiaomi_mi_4-6518.php,https://fdn2.gsmarena.com/vv/bigpic/xiaomi-mi-4.jpg,GSM / CDMA / HSPA / EVDO / LTE,No,"2014, July. Released 2014, August",Discontinued,139.2 x 68.5 x 8.9 mm (5.48 x 2.70 x 0.35 in),149.0,Glass,,Micro-SIM,IPS LCD,,5.0,1080x1920,441,72.3,,"Android 4.4.3 (KitKat), upgradable to 6.0.1 (Marshmallow), MIUI 10",Qualcomm MSM8974AC Snapdragon 801 (28 nm),28,Quad-core 2.5 GHz Krait 400,Adreno 330,2,3,16,64,eMMC 5.0,13.0,1,1.8,No,1/3.1,Yes,"LED flash, panorama, HDR","4K@30fps, 1080p@30fps, 720p@120fps, HDR",8.0,No,,1080p@30fps,"Wi-Fi 802.11 a/b/g/n/ac, dual-band, Wi-Fi Direct, DLNA, hotspot",No,4.0,Micro-USB,Yes,"GPS, GLONASS, BDS","Accelerometer, gyro, proximity, compass, barometer",3080,18,,No,,,230.0,,,,,,,,"Black, White",2014215,0.71 W/kg (head) 0.85 W/kg (body),,FM radio
Xiaomi,Xiaomi Mi Pad 7.9,https://www.gsmarena.com/xiaomi_mi_pad_7_9-6365.php,https://fdn2.gsmarena.com/vv/bigpic/xiaomi-mi-pad-79.jpg,No cellular connectivity,No,"2014, March. Released 2014, June",Discontinued,202 x 135.4 x 8.5 mm (7.95 x 5.33 x 0.33 in),360.0,,,No,IPS LCD,,7.9,1536x2048,326,69.8,Gorilla Glass 3,"Android 4.4.4 (KitKat), MIUI 7",Nvidia Tegra K1,,Quad-core 2.2 GHz Cortex-A15,ULP GeForce Kepler (192 cores),2,2,16,64,,8.0,1,2.0,No,,No,,1080p@30fps,5.0,No,,,"Wi-Fi 802.11 a/b/g/n/ac, dual-band, Wi-Fi Direct, hotspot",No,4.0,Micro-USB,Yes,No,"Accelerometer, gyro",6700,,,No,,,240.0,,,,,,,,"Blue, Green, Yellow, Pink, White, Gray",,,,No
Xiaomi,Xiaomi Redmi Note,https://www.gsmarena.com/xiaomi_redmi_note-6217.php,https://fdn2.gsmarena.com/vv/bigpic/xiaomi-redmi-note-new.jpg,GSM / HSPA,No,"2014, March. Released 2014, March",Discontinued,154 x 78.7 x 9.5 mm (6.06 x 3.10 x 0.37 in),199.0,Glass,,Dual SIM,IPS LCD,,5.5,720x1280,267,68.8,Gorilla Glass 3,"Android 4.2 (Jelly Bean), upgradable to 4.4.4 (KitKat), MIUI 9.2",Mediatek MT6592 (28 nm),28,Octa-core 1.4/1.7 GHz Cortex-A7,Mali-450MP4,1,2,8,8,,13.0,1,2.2,No,,No,"LED flash, HDR",1080p@30fps,5.0,No,,720p@30fps,"Wi-Fi 802.11 b/g/n, Wi-Fi Direct, hotspot",No,4.0,Micro-USB,Yes,"GPS, GLONASS","Accelerometer, gyro, proximity, compass",3100,,,No,,,120.0,,,,,,,,"Black, White",2014712,0.88 W/kg (head) 0.58 W/kg (body),,"FM radio, recording"
Xiaomi,Xiaomi Mi 3,https://www.gsmarena.com/xiaomi_mi_3-5678.php,https://fdn2.gsmarena.com/vv/bigpic/xiaomi-mi3.jpg,GSM / HSPA,No,"2013, September. Released 2013, December",Discontinued,144 x 73.6 x 8.1 mm (5.67 x 2.90 x 0.32 in),145.0,Glass,,Mini-SIM,IPS LCD,,5.0,1080x1920,441,65.0,Gorilla Glass 3,"Android 4.3 (Jelly Bean), upgradable to 6.0 (Marshmallow), MIUI 5",Qualcomm MSM8274AB Snapdragon 800 (28 nm),28,Quad-core 2.3 GHz Krait 400,Adreno 330,2,2,16,64,eMMC 4.5,13.0,1,2.2,No,,No,"Dual-LED flash, HDR","1080p@30fps, HDR",2.0,No,,1080p@30fps,"Wi-Fi 802.11 a/b/g/n, dual-band, Wi-Fi Direct, hotspot",Yes,4.0,Micro-USB,Yes,"GPS, GLONASS","Accelerometer, gyro, proximity, compass, barometer",3050,18,,No,,,200.0,,,,,,,,"White, Gray, Black, Yellow, Pink, Blue, Gold, Green",,,,FM radio
Xiaomi,Xiaomi Redmi 1S,https://www.gsmarena.com/xiaomi_redmi_1s-6373.php,https://fdn2.gsmarena.com/vv/bigpic/Xiaomi-Hongmi-Redmi-1s.jpg,GSM / HSPA,No,"2014, May. Released 2014, May",Discontinued,137 x 69 x 9.9 mm (5.39 x 2.72 x 0.39 in),158.0,Glass,,"Dual SIM (Mini-SIM, dual stand-by)",IPS LCD,,4.7,720x1280,312,64.4,Asahi Dragontrail Glass,"Android 4.3 (Jelly Bean), upgradable to 4.4.4 (KitKat), MIUI 9.2",Qualcomm MSM8228 Snapdragon 400 (28 nm),28,Quad-core 1.6 GHz Cortex-A7,Adreno 305,1,1,8,8,eMMC 4.5,8.0,1,2.2,No,1/3.2,No,"LED flash, HDR",1080p@30fps,1.6,No,,720p@30fps,"Wi-Fi 802.11 b/g/n, Wi-Fi Direct, hotspot",No,4.0,Micro-USB,Yes,"GPS, GLONASS","Accelerometer, gyro, proximity, compass",2000,,,No,,,90.0,,,,,,,,"Black, Chinese Red, Metallic Gray/ blue, green, yellow panels",2014011,,,FM radio
Xiaomi,Xiaomi Redmi,https://www.gsmarena.com/xiaomi_redmi-5609.php,https://fdn2.gsmarena.com/vv/bigpic/xiaomi-hongmi.jpg,GSM / HSPA,No,"2013, July. Released 2013, August",Discontinued,137 x 69 x 9.9 mm (5.39 x 2.72 x 0.39 in),158.0,,,Dual SIM,IPS LCD,,4.7,720x1280,312,64.4,Corning Gorilla Glass 2,Android 4.2 (Jelly Bean),Mediatek MT6589T (28 nm),28,Quad-core 1.5 GHz Cortex-A7,PowerVR SGX544MP2,1,1,4,4,,8.0,1,2.2,No,1/3.2,No,"Dual-LED flash, HDR",1080p@30fps,1.3,No,,720p@30fps,"Wi-Fi 802.11 b/g/n, Wi-Fi Direct, hotspot",No,4.0,Micro-USB,Yes,GPS,"Accelerometer, gyro, proximity, compass",2000,,,No,,,100.0,,,,,,,,"Black, Chinese Red, Metallic Gray/ blue, green, yellow panels",,,,FM radio
Xiaomi,Xiaomi Mi 2A,https://www.gsmarena.com/xiaomi_mi_2a-5646.php,https://fdn2.gsmarena.com/vv/bigpic/xiaomi-mi2a.jpg,GSM / HSPA,No,2013. Released 2013,Discontinued,133 x 66.5 x 9.5 mm (5.24 x 2.62 x 0.37 in),133.0,,,Mini-SIM,IPS LCD,,4.5,720x1280,326,63.1,,Android 4.1 (Jelly Bean),Qualcomm Snapdragon S4 Pro,,Dual-core 1.7 GHz,Adreno 320,1,1,16,16,,8.0,1,2.0,No,,No,"LED flash, HDR",1080p@30fps,2.0,No,,1080p@30fps,"Wi-Fi 802.11 b/g/n, Wi-Fi Direct, hotspot",Yes,4.0,Micro-USB,Yes,"GPS, GLONASS","Accelerometer, gyro, proximity, compass",2030,,,No,,,,,,,,,,,"Black (front panel), 4 color options (back panel)",,,,FM radio
Xiaomi,Xiaomi Mi 2S,https://www.gsmarena.com/xiaomi_mi_2s-5397.php,https://fdn2.gsmarena.com/vv/bigpic/xiaomi-mi2s.jpg,GSM / HSPA,No,"2013, April. Released 2013, April",Discontinued,126 x 62 x 10.2 mm (4.96 x 2.44 x 0.40 in),145.0,,,Mini-SIM,IPS LCD,,4.3,720x1280,342,65.2,,"Android 4.1 (Jelly Bean), upgradable to 4.4.4 (KitKat), MIUI 5",Qualcomm APQ8064 Snapdragon S4 Pro,,Quad-core 1.7 GHz Krait 300,Adreno 320,2,2,16,32,,8.0,1,2.2,No,,No,"LED flash, HDR","1080p@30fps, 720p@90fps, HDR",2.0,No,,1080p@30fps,"Wi-Fi 802.11 a/b/g/n, dual-band, Wi-Fi Direct, hotspot",No,4.0,Micro-USB,Yes,"GPS, GLONASS","Accelerometer, gyro, proximity, compass",2000,,,No,,,250.0,,,,,,,,"Black/white, black/blue, black/yellow, black/green, black/pink",,,,FM radio
Xiaomi,Xiaomi Mi 2,https://www.gsmarena.com/xiaomi_mi_2-4928.php,https://fdn2.gsmarena.com/vv/bigpic/xiaomi-mi2.jpg,GSM / HSPA,No,"2012, August. Released 2012, November",Discontinued,126 x 62 x 10.2 mm (4.96 x 2.44 x 0.40 in),145.0,,,Mini-SIM,IPS LCD,,4.3,720x1280,342,65.2,,"Android 4.1 (Jelly Bean), upgradable to 4.4.4 (KitKat), MIUI 5",Qualcomm APQ8064 Snapdragon S4 Pro,,Quad-core 1.5 GHz Krait,Adreno 320,2,2,16,32,,8.0,1,2.0,No,,No,"LED flash, HDR",1080p@30fps,2.0,No,,1080p@30fps,"Wi-Fi 802.11 b/g/n, Wi-Fi Direct, hotspot",,4.0,Micro-USB,Yes,"GPS, A-GPS, GLONASS","Accelerometer, gyro, proximity, compass, barometer",2000,,,No,,,250.0,,,,,,,,"White, green, blue, red",,,,FM radio
Xiaomi,Xiaomi Mi 1S,https://www.gsmarena.com/xiaomi_mi_1s-4929.php,https://fdn2.gsmarena.com/vv/bigpic/xiaomi-mi1.jpg,GSM / HSPA,No,"2012, August. Released 2012, August",Discontinued,125 x 63 x 11.9 mm (4.92 x 2.48 x 0.47 in),149.0,,,Mini-SIM,TFT,,4.0,480x854,245,56.0,,Android 4.0 (Ice Cream Sandwich),Qualcomm MSM8260 Snapdragon S3,,Dual-core 1.7 GHz Scorpion,Adreno 220,1,1,4,4,,8.0,1,2.2,No,,No,"LED flash, HDR",1080p@30fps,2.0,No,,,"Wi-Fi 802.11 b/g/n, hotspot",,2.1,Micro-USB,Yes,"GPS, A-GPS","Accelerometer, proximity, compass",1930,,,No,,,190.0,,,,,,,,"White, green, blue, red, violet, orange, gray",,,,No
Xiaomi,Xiaomi 12 Lite NE,https://www.gsmarena.com/xiaomi_12_lite_ne-11947.php,https://fdn2.gsmarena.com/vv/bigpic/xiaomi-civi2.jpg,GSM / HSPA / LTE / 5G,Yes,Not announced yet,Cancelled,159.2 x 72.7 x 7.2 mm (6.27 x 2.86 x 0.28 in),171.8,Glass,,Nano-SIM + Nano-SIM,"AMOLED, 1B colors, Dolby Vision, HDR10+, 120Hz, 1000 nits (peak)",120,6.55,1080x2400,402,89.5,Gorilla Glass 5,"Android 12, MIUI 13",Qualcomm SM7450-AB Snapdragon 7 Gen 1 (4 nm),4,Octa-core (1x2.4 GHz Cortex-A710 & 3x2.36 GHz Cortex-A710 & 4x1.8 GHz Cortex-A510),Adreno 644,8,12,128,256,UFS 2.2,50.0,3,1.8,No,1/1.56,Yes,"Color spectrum sensor, Dual-LED dual-tone flash, HDR, panorama","4K@30fps, 1080p@30/60/120fps, 720p@960fps; gyro-EIS",32.0,No,"2 Dual-LED dual-tone flash, HDR, panorama",1080p@30/60fps,"Wi-Fi 802.11 a/b/g/n/ac/6, dual-band, Wi-Fi Direct",Yes,5.2,Type-C,No,"GPS (L1), GLONASS (G1), BDS (B1I+B1c), GALILEO (E1), QZSS (L1)","Fingerprint (under display, optical), accelerometer, gyro, proximity, compass",4500,67,,No,,,,,,,,,,,"Black, Blue, Violet, Silver",2210129SG,,,No
Xiaomi,Xiaomi Redmi 11,https://www.gsmarena.com/xiaomi_redmi_11-11574.php,https://fdn2.gsmarena.com/vv/bigpic/xiaomi-redmi-note-11e.jpg,GSM / HSPA / LTE / 5G,Yes,Not announced yet,Cancelled,-,,,,Nano-SIM + Nano-SIM,"IPS LCD, 90Hz",90,6.58,1080x2408,401,,Unspecified,"Android 11, MIUI 13",Mediatek Dimensity 700 (7 nm),7,Octa-core (2x2.2 GHz Cortex-A76 & 6x2.0 GHz Cortex-A55),Mali-G57 MC2,4,6,64,128,UFS 2.2,50.0,2,1.8,No,,No,"LED flash, HDR, panorama",1080p@30fps,5.0,No,HDR,1080p@30fps,"Wi-Fi 802.11 a/b/g/n/ac, dual-band, Wi-Fi Direct",Yes,5.1,Type-C,Yes,"GPS, GLONASS, BDS, GALILEO","Fingerprint (side-mounted), accelerometer, proximity, compass",5000,18,,No,,,170.0,,,,,,,,Gray; other colors,,,,
Xiaomi,Xiaomi Redmi 10 Prime+ 5G,https://www.gsmarena.com/xiaomi_redmi_10_prime+_5g-11426.php,https://fdn2.gsmarena.com/vv/bigpic/smartphone.jpg,GSM / HSPA / LTE / 5G,Yes,Not announced yet,Cancelled,-,,,,Nano-SIM + Nano-SIM,"IPS LCD, 90Hz",90,6.58,1080x2408,401,,,"Android 11, MIUI 13",Mediatek Dimensity 700 (7 nm),7,Octa-core (2x2.2 GHz Cortex-A76 & 6x2.0 GHz Cortex-A55),Mali-G57 MC2,4,6,128,128,UFS 2.2,50.0,2,1.8,No,,No,"LED flash, HDR, panorama",1080p@30fps,5.0,No,HDR,1080p@30fps,"Wi-Fi 802.11 a/b/g/n/ac, dual-band, Wi-Fi Direct",No,5.1,Type-C,Yes,"GPS, GLONASS, BDS, GALILEO","Fingerprint (side-mounted), accelerometer, proximity, compass",5000,18,,No,,,,,,,,,,,"Gray, Silver, Blue",,,,Unspecified
Xiaomi,Xiaomi Poco X4 NFC,https://www.gsmarena.com/xiaomi_poco_x4_nfc-11242.php,https://fdn2.gsmarena.com/vv/bigpic/smartphone.jpg,GSM / HSPA / EVDO / LTE / 5G,Yes,Not announced yet,Cancelled,163.7 x 76.2 x 8.3 mm (6.44 x 3.00 x 0.33 in),207.0,Glass,,Nano-SIM + Nano-SIM,"Super AMOLED, 120Hz, HDR10, 700 nits, 1200 nits (peak)",120,6.67,1080x2400,395,86.1,Gorilla Glass 5,"Android 11, MIUI 12.5",Mediatek Dimensity 920 (6 nm),6,Octa-core (2x2.5 GHz Cortex-A78 & 6x2.0 GHz Cortex-A55),Mali-G68 MC4,6,8,128,256,UFS 2.2,108.0,3,1.9,No,1/1.52,Yes,"LED flash, HDR, panorama","4K@30fps, 1080p@30/60/120fps, 720p@960fps",16.0,No,,1080p@30/60fps,"Wi-Fi 802.11 a/b/g/n/ac/6, dual-band, Wi-Fi Direct",Yes,5.2,Type-C,Yes,"GPS (L1+L5), GLONASS (L1), BDS (B1I+B1c+B2a), GALILEO (E1+E5a), QZSS (L1+L5), NavIC (L5)","Fingerprint (side-mounted), accelerometer, gyro, proximity, compass",5160,67,,No,,,,,,,,,,,"Mysterious Black, Forest Green, Timeless Purple, Milky Way Blue",,,,Unspecified
Xiaomi,Xiaomi Poco M3 Pro,https://www.gsmarena.com/xiaomi_poco_m3_pro-10916.php,https://fdn2.gsmarena.com/vv/bigpic/xiaomi-poco-m3-pro-4g.jpg,GSM / HSPA / LTE,No,"2021, May 19",Cancelled,161.8 x 75.3 x 8.9 mm (6.37 x 2.96 x 0.35 in),190.0,,,Nano-SIM + Nano-SIM,"IPS LCD, 90Hz, 400 nits (typ), 500 nits (HBM)",90,6.5,1080x2400,405,83.7,Gorilla Glass 3,"Android 11, MIUI 12",Mediatek Dimensity 700 (7 nm),7,Octa-core (2x2.2 GHz Cortex-A76 & 6x2.0 GHz Cortex-A55),Mali-G57 MC2,4,6,64,128,UFS 2.2,48.0,3,1.8,No,1/2.0,No,"Dual-LED dual-tone flash, HDR, panorama",1080p@30fps,8.0,No,,1080p@30fps,"Wi-Fi 802.11 a/b/g/n/ac, dual-band, Wi-Fi Direct",Yes,5.1,Type-C,Yes,"GPS, GLONASS, GALILEO, BDS","Fingerprint (side-mounted), accelerometer, gyro, proximity, compass",5000,18,,No,,,,,,,,,,,"Poco Yellow, Power Black, Cool Blue",,,,FM radio
Xiaomi,Xiaomi Redmi 20X,https://www.gsmarena.com/xiaomi_redmi_20x-10832.php,https://fdn2.gsmarena.com/vv/bigpic/smartphone.jpg,GSM / CDMA / HSPA / LTE / 5G,Yes,Not announced yet,Cancelled,-,,,,Nano-SIM + Nano-SIM,"IPS LCD, 90Hz",90,6.5,1080x2400,405,,Unspecified,"Android 11, MIUI 12",Mediatek Dimensity 700 (7 nm),7,Octa-core (2x2.2 GHz Cortex-A76 & 6x2.0 GHz Cortex-A55),Mali-G57 MC2,4,6,128,128,UFS,48.0,3,1.8,No,1/2.0,Yes,"LED flash, HDR, panorama","4K@30fps, 1080p@30/60fps",8.0,No,Panorama,1080p@30fps,"Wi-Fi 802.11 a/b/g/n/ac, dual-band, Wi-Fi Direct",No,5.2,Type-C,Yes,"GPS, GLONASS, GALILEO, BDS","Fingerprint (side-mounted), accelerometer, proximity, compass",5000,18,,No,,,130.0,,,,,,,,"Black, Silver, Blue, Green",,,,Unspecified
Xiaomi,Xiaomi Redmi 11A,https://www.gsmarena.com/xiaomi_redmi_11a-11982.php,https://fdn2.gsmarena.com/vv/bigpic/xiaomi-redmi-11a-r.jpg,GSM / HSPA / CDMA2000 / LTE,No,Not announced yet,Cancelled,-,,,,Nano-SIM + Nano-SIM,IPS LCD,,6.7,720x1650,269,,,"Android 12, MIUI",,,Octa-core 2.0 GHz,,2,6,32,256,,50.0,2,,No,,No,LED flash,1080p@30fps,5.0,No,HDR,1080p@30fps,"Wi-Fi 802.11 a/b/g/n, Wi-Fi Direct",No,5.0,Yes,Yes,"GPS, GLONASS, BDS","Fingerprint (rear-mounted), accelerometer, proximity",5000,10,,No,,,,,,,,,,,Black; other colors,22120RN86C,,,No
Xiaomi,Xiaomi Mi 10 Lite Zoom,https://www.gsmarena.com/xiaomi_mi_10_lite_zoom-10210.php,https://fdn2.gsmarena.com/vv/bigpic/smartphone.jpg,GSM / HSPA / LTE / 5G,Yes,Not announced yet,Cancelled,164 x 74.8 x 7.9 mm (6.46 x 2.94 x 0.31 in),192.0,,,Nano-SIM + Nano-SIM,"Super AMOLED, HDR10+, 600 nits (typ)",,6.57,1080x2400,401,85.0,Gorilla Glass 5,"Android 10, MIUI 11",Qualcomm SM7250 Snapdragon 765G 5G (7 nm),7,Octa-core (1x2.4 GHz Kryo 475 Prime & 1x2.2 GHz Kryo 475 Gold & 6x1.8 GHz Kryo 475 Silver),Adreno 620,6,8,128,256,UFS 2.1,48.0,4,1.8,Yes,1/2.0,Yes,"Dual-LED flash, HDR, panorama","4K@30fps, 1080p@30/60/120fps, 720p@960fps; gyro-EIS",16.0,No,HDR,1080p@30fps,"Wi-Fi 802.11 a/b/g/n/ac, dual-band, Wi-Fi Direct",Yes,5.1,Type-C,Yes,GPS,"Fingerprint (under display, optical), accelerometer, gyro, proximity, compass",4160,5,,No,,,270.0,,,,,,,,"Blue, White, Black, Green, Orange/Peach",,,,No
Xiaomi,Xiaomi Mi 9X,https://www.gsmarena.com/xiaomi_mi_9x-9650.php,https://fdn2.gsmarena.com/vv/bigpic/smartphone.jpg,GSM / CDMA / HSPA / LTE,No,Not announced yet,Cancelled,-,,,,Nano-SIM + Nano-SIM,Super AMOLED,,6.39,1080x2340,403,,,"Android 9.0 (Pie), MIUI 10",Qualcomm SDM675 Snapdragon 675 (11 nm),11,Octa-core (2x2.0 GHz Kryo 460 Gold & 6x1.7 GHz Kryo 460 Silver),Adreno 612,6,6,64,64,,48.0,3,1.8,No,1/2.0,Yes,"Dual-LED flash, HDR, panorama","4K@30/60fps, 1080p@30/120/240fps, 1080p@960fps",32.0,No,HDR,1080p@30fps,"Wi-Fi 802.11 a/b/g/n/ac, dual-band, Wi-Fi Direct, DLNA",Yes,5.0,Type-C,No,"GPS, GLONASS, GALILEO","Fingerprint, accelerometer, gyro, proximity, compass",3300,18,,No,,,,,,,,,,,Various,,,,No
Xiaomi,Xiaomi Mi Max 4 Pro,https://www.gsmarena.com/xiaomi_mi_max_4_pro-9552.php,https://fdn2.gsmarena.com/vv/bigpic/smartphone.jpg,GSM / CDMA / HSPA / EVDO / LTE,No,Not announced yet,Cancelled,-,,Glass,,Nano-SIM + Nano-SIM,IPS LCD,,7.2,1080x2310,354,,Gorilla Glass 5,"Android 9.0 (Pie), MIUI 11",Qualcomm SDM675 Snapdragon 675 (11 nm),11,Octa-core (2x2.0 GHz Kryo 460 Gold & 6x1.7 GHz Kryo 460 Silver),Adreno 612,6,8,64,128,,48.0,2,1.8,No,1/2.0,Yes,"Dual-LED flash, HDR, panorama","4K@30fps, 720p/1080p@30fps (gyro-EIS), 960fps",8.0,No,HDR,1080p@30fps,"Wi-Fi 802.11 a/b/g/n/ac, dual-band, Wi-Fi Direct, DLNA",No,5.0,Type-C,Yes,"GPS, GLONASS, BDS","Fingerprint (under display, optical), accelerometer, gyro, proximity, compass",5800,18,,No,,,350.0,,,,,,,,"Black, Champagne Gold, Blue",,,,No
Xiaomi,Xiaomi Mi Max 4,https://www.gsmarena.com/xiaomi_mi_max_4-9551.php,https://fdn2.gsmarena.com/vv/bigpic/smartphone.jpg,GSM / CDMA / HSPA / EVDO / LTE,No,Not announced yet,Cancelled,-,,Glass,,Nano-SIM + Nano-SIM,IPS LCD,,7.2,1080x2310,354,,Gorilla Glass 5,"Android 9.0 (Pie), MIUI 11",Qualcomm SDM660 Snapdragon 660 (14 nm),14,Octa-core (4x2.2 GHz Kryo 260 Gold & 4x1.8 GHz Kryo 260 Silver),Adreno 512,4,6,64,128,eMMC 5.1,48.0,1,1.8,No,1/2.0,Yes,"Dual-LED flash, HDR, panorama","4K@30fps, 720p/1080p@30fps (gyro-EIS)",8.0,No,HDR,1080p@30fps,"Wi-Fi 802.11 a/b/g/n/ac, dual-band, Wi-Fi Direct, DLNA",No,5.0,Type-C,Yes,"GPS, GLONASS, BDS","Fingerprint (rear-mounted), accelerometer, gyro, proximity, compass",5800,18,,No,,,300.0,,,,,,,,"Black, Champagne Gold, Blue",,,,FM radio
Xiaomi,Xiaomi Mi 6c,https://www.gsmarena.com/xiaomi_mi_6c-8798.php,https://fdn2.gsmarena.com/vv/bigpic/smartphone.jpg,GSM / HSPA / LTE,No,Not announced yet,Cancelled,-,,,,Nano-SIM + Nano-SIM,IPS LCD,,5.15,1080x1920,428,,,"Android 7.1 (Nougat), MIUI 9",Xiaomi Surge S2,,Octa-core (4x2.3 GHz Cortex-A73 & 4x1.8 GHz Cortex-A53),Mali-G71 MP12,4,6,64,128,,12.0,2,,Yes,1/2.9,No,"Dual-LED dual-tone flash, HDR, panorama",1080p@30fps,8.0,No,,1080p@30fps,"Wi-Fi 802.11 a/b/g/n/ac, dual-band, Wi-Fi Direct",No,4.2,Type-C,No,"GPS, GLONASS, BDS","Fingerprint (front-mounted), accelerometer, gyro, proximity, compass",,10,,No,,,,,,,,,,,"Black, Gold, Rose Gold",,,,FM radio
Xiaomi,Xiaomi Redmi Pro 2,https://www.gsmarena.com/xiaomi_redmi_pro_2-8558.php,https://fdn2.gsmarena.com/vv/bigpic/smartphone.jpg,GSM / HSPA / LTE,No,Not announced yet,Cancelled,-,,,,Nano-SIM + Nano-SIM,AMOLED,,6.39,1080x2340,403,,,Android 9.0 (Pie),Qualcomm SM8150 Snapdragon 855 (7 nm),7,Octa-core (1x2.84 GHz Kryo 485 & 3x2.42 GHz Kryo 485 & 4x1.78 GHz Kryo 485),Adreno 640,4,6,64,128,,48.0,3,,No,1/2.0,Yes,"Dual-LED dual-tone flash, HDR, panorama","4K@30fps, 1080p@30fps",20.0,No,,,"Wi-Fi 802.11 a/b/g/n/ac, dual-band, Wi-Fi Direct",Yes,5.0,Type-C,Yes,GPS,"Fingerprint (under display, optical), accelerometer, gyro, proximity, compass",3600,27,,No,,,,,,,,,,,"Red, Blue, Black",,,,No
Xiaomi,Xiaomi Mi Note Plus,https://www.gsmarena.com/xiaomi_mi_note_plus-6960.php,https://fdn2.gsmarena.com/vv/bigpic/smartphone.jpg,GSM / HSPA / LTE,No,Not announced yet,Cancelled,-,,,,Nano-SIM + Micro-SIM,IPS LCD,,5.7,1440x2560,515,,,Android 4.4.4 (KitKat),Qualcomm MSM8994 Snapdragon 810 (20 nm),20,Octa-core (4x1.5 GHz Cortex-A53 & 4x2.0 GHz Cortex-A57),Adreno 430,3,3,64,64,eMMC 5.0,13.0,1,2.0,No,,No,"Dual-LED dual-tone flash, HDR, panorama",1080p@30fps,4.0,No,,1080p@30fps,"Wi-Fi 802.11 b/g/n, Wi-Fi Direct, hotspot",No,4.0,Micro-USB,Yes,"GPS, GLONASS, BDS","Accelerometer, proximity, compass",,18,,No,,,,,,,,,,,"Black, White",,,,To be confirmed
