2026-05-30 15:57:07,853 | INFO | ============================================================
2026-05-30 15:57:07,854 | INFO | BATCH 8 — Doogee | Ulefone | Verykool | Panasonic
2026-05-30 15:57:07,854 | INFO | Phones ~564  |  Time: 3–4 hours
2026-05-30 15:57:07,854 | INFO | Columns: 68 | Method: data-spec attributes
2026-05-30 15:57:07,854 | INFO | Started: 2026-05-30 15:57:07
2026-05-30 15:57:07,854 | INFO | ============================================================
2026-05-30 15:57:07,854 | INFO | Checking connection ...
2026-05-30 15:57:08,937 | INFO |   ✅ Connected (attempt 1)
2026-05-30 15:57:08,938 | INFO | Resuming: 0 done | 0 retry queue
2026-05-30 15:57:08,938 | INFO |   ▶ First request — no delay
2026-05-30 15:57:09,813 | INFO |   GET https://www.gsmarena.com/makers.php3 → 200
2026-05-30 15:57:09,838 | INFO | ✅ 126 brands
2026-05-30 15:57:09,839 | INFO | Matched: ['Doogee', 'Panasonic', 'Ulefone', 'Verykool']
2026-05-30 15:57:09,839 | INFO | 
============================================================
2026-05-30 15:57:09,839 | INFO | [1/4] Doogee (157 phones)
2026-05-30 15:57:09,839 | INFO | Elapsed: 0min
2026-05-30 15:57:09,839 | INFO | ============================================================
2026-05-30 15:57:09,839 | INFO |   Fetching phone links for: Doogee (~157 phones)
2026-05-30 15:57:09,840 | INFO |   ⏳ 29.5s (req #2)
2026-05-30 15:57:40,220 | INFO |   GET https://www.gsmarena.com/doogee-phones-129.php → 200
2026-05-30 15:57:40,229 | INFO |     Found 5 listing pages
2026-05-30 15:57:40,230 | INFO |     Page 1/5: 50 links so far
2026-05-30 15:57:40,230 | INFO |   ⏳ 44.6s (req #3)
2026-05-30 15:58:26,104 | INFO |   GET https://www.gsmarena.com/# → 200
2026-05-30 15:58:26,125 | INFO |     Page 2/5: 86 links so far
2026-05-30 15:58:26,125 | INFO |   ⏳ 43.3s (req #4)
2026-05-30 15:59:10,299 | INFO |   GET https://www.gsmarena.com/doogee-phones-f-129-0-p2.php → 200
2026-05-30 15:59:10,308 | INFO |     Page 3/5: 136 links so far
2026-05-30 15:59:10,308 | INFO |   ⏳ 31.9s (req #5)
2026-05-30 15:59:42,997 | INFO |   GET https://www.gsmarena.com/doogee-phones-f-129-0-p3.php → 200
2026-05-30 15:59:43,006 | INFO |     Page 4/5: 186 links so far
2026-05-30 15:59:43,006 | INFO |   ⏳ 36.8s (req #6)
2026-05-30 16:00:20,588 | INFO |   GET https://www.gsmarena.com/doogee-phones-f-129-0-p4.php → 200
2026-05-30 16:00:20,594 | INFO |     Page 5/5: 193 links so far
2026-05-30 16:00:20,594 | INFO |   ✅ 193 valid phone spec links for Doogee
2026-05-30 16:00:20,596 | INFO |   💾 Link list cached → GSMArenaDataset_BATCH8\_links_doogee.json
2026-05-30 16:00:20,596 | INFO | 
  [1/193]
2026-05-30 16:00:20,596 | INFO |   ⏳ 19.9s (req #7)
2026-05-30 16:00:41,282 | INFO |   GET https://www.gsmarena.com/doogee_blade_10_energy-14492.php → 200
2026-05-30 16:00:41,300 | INFO |       📱 Doogee Blade 10 Energy | Main=16.0MP | Selfie=8.0MP | AnTuTu=None | Price=$None | IP=IP68 | Populated=46/68 fields
2026-05-30 16:00:41,303 | INFO |   💾 [1/193] saved
2026-05-30 16:00:41,304 | INFO | 
  [2/193]
2026-05-30 16:00:41,304 | INFO |   ⏳ 32.9s (req #8)
2026-05-30 16:01:14,991 | INFO |   GET https://www.gsmarena.com/doogee_blade_10_pro_energy-14493.php → 200
2026-05-30 16:01:15,004 | INFO |       📱 Doogee Blade 10 Pro Energy | Main=50.0MP | Selfie=8.0MP | AnTuTu=None | Price=$None | IP=IP68 | Populated=46/68 fields
2026-05-30 16:01:15,007 | INFO |   💾 [2/193] saved
2026-05-30 16:01:15,007 | INFO | 
  [3/193]
2026-05-30 16:01:15,007 | INFO |   ⏳ 38.8s (req #9)
2026-05-30 16:01:54,556 | INFO |   GET https://www.gsmarena.com/doogee_blade_10_ultra_energy-14494.php → 200
2026-05-30 16:01:54,571 | INFO |       📱 Doogee Blade 10 Ultra Energy | Main=64.0MP | Selfie=8.0MP | AnTuTu=None | Price=$None | IP=IP68 | Populated=46/68 fields
2026-05-30 16:01:54,574 | INFO |   💾 [3/193] saved
2026-05-30 16:01:54,574 | INFO | 
  [4/193]
2026-05-30 16:01:54,574 | INFO |   ⏳ 41.4s (req #10)
2026-05-30 16:02:36,827 | INFO |   GET https://www.gsmarena.com/doogee_blade_20_pro-14495.php → 200
2026-05-30 16:02:36,842 | INFO |       📱 Doogee Blade 20 Pro | Main=50.0MP | Selfie=8.0MP | AnTuTu=None | Price=$None | IP=IP68 | Populated=46/68 fields
2026-05-30 16:02:36,845 | INFO |   💾 [4/193] saved
2026-05-30 16:02:36,846 | INFO | 
  [5/193]
2026-05-30 16:02:36,846 | INFO |   ⏳ 18.5s (req #11)
2026-05-30 16:02:56,167 | INFO |   GET https://www.gsmarena.com/doogee_blade_20_max-14496.php → 200
2026-05-30 16:02:56,186 | INFO |       📱 Doogee Blade 20 Max | Main=64.0MP | Selfie=16.0MP | AnTuTu=None | Price=$None | IP=IP68 | Populated=46/68 fields
2026-05-30 16:02:56,188 | INFO |   💾 [5/193] saved
2026-05-30 16:02:56,188 | INFO | 
  [6/193]
2026-05-30 16:02:56,189 | INFO |   ⏳ 31.1s (req #12)
2026-05-30 16:03:28,164 | INFO |   GET https://www.gsmarena.com/doogee_anywise_w1_pro-14472.php → 200
2026-05-30 16:03:28,177 | INFO |       📱 Doogee Anywise W1 Pro | Main=NoneMP | Selfie=NoneMP | AnTuTu=None | Price=$None | IP=None | Populated=22/68 fields
2026-05-30 16:03:28,179 | INFO |   💾 [6/193] saved
2026-05-30 16:03:28,179 | INFO | 
  [7/193]
2026-05-30 16:03:28,179 | INFO |   ⏳ 30.6s (req #13)
2026-05-30 16:03:59,502 | INFO |   GET https://www.gsmarena.com/doogee_anywise_w1-14473.php → 200
2026-05-30 16:03:59,517 | INFO |       📱 Doogee Anywise W1 | Main=NoneMP | Selfie=NoneMP | AnTuTu=None | Price=$None | IP=None | Populated=20/68 fields
2026-05-30 16:03:59,519 | INFO |   💾 [7/193] saved
2026-05-30 16:03:59,519 | INFO | 
  [8/193]
2026-05-30 16:03:59,519 | INFO |   ⏳ 30.9s (req #14)
2026-05-30 16:04:31,234 | INFO |   GET https://www.gsmarena.com/doogee_fire_5_pro-14467.php → 200
2026-05-30 16:04:31,249 | INFO |       📱 Doogee Fire 5 Pro | Main=13.0MP | Selfie=8.0MP | AnTuTu=None | Price=$None | IP=IP68 | Populated=45/68 fields
2026-05-30 16:04:31,251 | INFO |   💾 [8/193] saved
2026-05-30 16:04:31,252 | INFO | 
  [9/193]
2026-05-30 16:04:31,252 | INFO |   ⏳ 38.3s (req #15)
2026-05-30 16:05:10,738 | INFO |   GET https://www.gsmarena.com/doogee_fire_5_ultra-14468.php → 200
2026-05-30 16:05:10,752 | INFO |       📱 Doogee Fire 5 Ultra | Main=48.0MP | Selfie=8.0MP | AnTuTu=None | Price=$None | IP=IP68 | Populated=45/68 fields
2026-05-30 16:05:10,755 | INFO |   💾 [9/193] saved
2026-05-30 16:05:10,755 | INFO | 
  [10/193]
2026-05-30 16:05:10,755 | INFO |   ⏳ 39.9s (req #16)
2026-05-30 16:05:51,584 | INFO |   GET https://www.gsmarena.com/doogee_fire_7_pro_5g-14469.php → 200
2026-05-30 16:05:51,599 | INFO |       📱 Doogee Fire 7 Pro | Main=64.0MP | Selfie=16.0MP | AnTuTu=None | Price=$None | IP=IP68 | Populated=46/68 fields
2026-05-30 16:05:51,601 | INFO |   💾 [10/193] saved
2026-05-30 16:05:51,601 | INFO | 
  [11/193]
2026-05-30 16:05:51,601 | INFO |   ⏳ 20.5s (req #17)
2026-05-30 16:06:12,979 | INFO |   GET https://www.gsmarena.com/doogee_fire_7_ultra_5g-14470.php → 200
2026-05-30 16:06:12,998 | INFO |       📱 Doogee Fire 7 Ultra | Main=64.0MP | Selfie=16.0MP | AnTuTu=None | Price=$None | IP=IP68 | Populated=46/68 fields
2026-05-30 16:06:13,001 | INFO |   💾 [11/193] saved
2026-05-30 16:06:13,001 | INFO | 
  [12/193]
2026-05-30 16:06:13,001 | INFO |   ⏳ 22.2s (req #18)
2026-05-30 16:06:36,095 | INFO |   GET https://www.gsmarena.com/doogee_tab_g6_max-14471.php → 200
2026-05-30 16:06:36,110 | INFO |       📱 Doogee Tab G6 Max | Main=13.0MP | Selfie=8.0MP | AnTuTu=None | Price=$None | IP=None | Populated=41/68 fields
2026-05-30 16:06:36,112 | INFO |   💾 [12/193] saved
2026-05-30 16:06:36,112 | INFO | 
  [13/193]
2026-05-30 16:06:36,112 | INFO |   ⏳ 28.5s (req #19)
2026-05-30 16:07:05,419 | INFO |   GET https://www.gsmarena.com/doogee_s200_ultra_5g-14204.php → 200
2026-05-30 16:07:05,436 | INFO |       📱 Doogee S200 Ultra | Main=100.0MP | Selfie=32.0MP | AnTuTu=None | Price=$None | IP=IP68 | Populated=48/68 fields
2026-05-30 16:07:05,438 | INFO |   💾 [13/193] saved
2026-05-30 16:07:05,438 | INFO | 
  [14/193]
2026-05-30 16:07:05,438 | INFO |   ⏳ 31.5s (req #20)
2026-05-30 16:07:37,735 | INFO |   GET https://www.gsmarena.com/doogee_note_58-14199.php → 200
2026-05-30 16:07:37,750 | INFO |       📱 Doogee Note 58 | Main=16.0MP | Selfie=8.0MP | AnTuTu=None | Price=$None | IP=None | Populated=44/68 fields
2026-05-30 16:07:37,752 | INFO |   💾 [14/193] saved
2026-05-30 16:07:37,753 | INFO | 
  [15/193]
2026-05-30 16:07:37,753 | INFO |   ⏳ 21.6s (req #21)
2026-05-30 16:08:00,294 | INFO |   GET https://www.gsmarena.com/doogee_note_58_pro-14200.php → 200
2026-05-30 16:08:00,309 | INFO |       📱 Doogee Note 58 Pro | Main=16.0MP | Selfie=8.0MP | AnTuTu=None | Price=$None | IP=None | Populated=44/68 fields
2026-05-30 16:08:00,312 | INFO |   💾 [15/193] saved
2026-05-30 16:08:00,312 | INFO | 
  [16/193]
2026-05-30 16:08:00,312 | INFO |   ⏳ 23.7s (req #22)
2026-05-30 16:08:24,951 | INFO |   GET https://www.gsmarena.com/doogee_fire_5-14201.php → 200
2026-05-30 16:08:24,966 | INFO |       📱 Doogee Fire 5 | Main=13.0MP | Selfie=8.0MP | AnTuTu=None | Price=$None | IP=IP68 | Populated=45/68 fields
2026-05-30 16:08:24,968 | INFO |   💾 [16/193] saved
2026-05-30 16:08:24,968 | INFO | 
  [17/193]
2026-05-30 16:08:24,968 | INFO |   ⏳ 34.1s (req #23)
2026-05-30 16:08:59,887 | INFO |   GET https://www.gsmarena.com/doogee_v_max_play_5g-14202.php → 200
2026-05-30 16:08:59,912 | INFO |       📱 Doogee V Max Play | Main=200.0MP | Selfie=32.0MP | AnTuTu=None | Price=$None | IP=IP68 | Populated=48/68 fields
2026-05-30 16:08:59,915 | INFO |   💾 [17/193] saved
2026-05-30 16:08:59,916 | INFO | 
  [18/193]
2026-05-30 16:08:59,916 | INFO |   ⏳ 18.7s (req #24)
2026-05-30 16:09:19,460 | INFO |   GET https://www.gsmarena.com/doogee_v_max_lr_5g-14203.php → 200
2026-05-30 16:09:19,477 | INFO |       📱 Doogee V Max LR | Main=200.0MP | Selfie=32.0MP | AnTuTu=None | Price=$None | IP=IP68 | Populated=48/68 fields
2026-05-30 16:09:19,479 | INFO |   💾 [18/193] saved
2026-05-30 16:09:19,479 | INFO | 
  [19/193]
2026-05-30 16:09:19,479 | INFO |   ⏳ 27.8s (req #25)
2026-05-30 16:09:48,114 | INFO |   GET https://www.gsmarena.com/doogee_s200_max_5g-14076.php → 200
2026-05-30 16:09:48,129 | INFO |       📱 Doogee S200 Max | Main=100.0MP | Selfie=32.0MP | AnTuTu=None | Price=$None | IP=IP68 | Populated=48/68 fields
2026-05-30 16:09:48,131 | INFO |   💾 [19/193] saved
2026-05-30 16:09:48,132 | INFO | 
  [20/193]
2026-05-30 16:09:48,132 | INFO |   ⏳ 18.9s (req #26)
2026-05-30 16:10:07,909 | INFO |   GET https://www.gsmarena.com/doogee_fire_3_ultra-14077.php → 200
2026-05-30 16:10:07,923 | INFO |       📱 Doogee Fire 3 Ultra | Main=16.0MP | Selfie=8.0MP | AnTuTu=None | Price=$None | IP=IP68 | Populated=46/68 fields
2026-05-30 16:10:07,925 | INFO |   💾 [20/193] saved
2026-05-30 16:10:07,926 | INFO | 
  [21/193]
2026-05-30 16:10:07,926 | INFO |   ⏳ 39.5s (req #27)
2026-05-30 16:10:48,150 | INFO |   GET https://www.gsmarena.com/doogee_fire_3_pro-14078.php → 200
2026-05-30 16:10:48,166 | INFO |       📱 Doogee Fire 3 Pro | Main=16.0MP | Selfie=8.0MP | AnTuTu=None | Price=$None | IP=IP68 | Populated=45/68 fields
2026-05-30 16:10:48,168 | INFO |   💾 [21/193] saved
2026-05-30 16:10:48,168 | INFO | 
  [22/193]
2026-05-30 16:10:48,168 | INFO |   ⏳ 43.8s (req #28)
2026-05-30 16:11:32,782 | INFO |   GET https://www.gsmarena.com/doogee_fire_7_5g-14079.php → 200
2026-05-30 16:11:32,797 | INFO |       📱 Doogee Fire 7 | Main=64.0MP | Selfie=16.0MP | AnTuTu=None | Price=$None | IP=IP68 | Populated=45/68 fields
2026-05-30 16:11:32,800 | INFO |   💾 [22/193] saved
2026-05-30 16:11:32,800 | INFO | 
  [23/193]
2026-05-30 16:11:32,801 | INFO |   ⏳ 39.4s (req #29)
2026-05-30 16:12:12,988 | INFO |   GET https://www.gsmarena.com/doogee_blade_gt_pro_5g-13973.php → 200
2026-05-30 16:12:13,009 | INFO |       📱 Doogee Blade GT Pro | Main=100.0MP | Selfie=32.0MP | AnTuTu=None | Price=$None | IP=IP68 | Populated=46/68 fields
2026-05-30 16:12:13,012 | INFO |   💾 [23/193] saved
2026-05-30 16:12:13,012 | INFO | 
  [24/193]
2026-05-30 16:12:13,012 | INFO |   ☕ Long pause 244s ...
2026-05-30 16:16:18,179 | INFO |   GET https://www.gsmarena.com/doogee_blade_gt_play_5g-13972.php → 200
2026-05-30 16:16:18,194 | INFO |       📱 Doogee Blade GT Play | Main=50.0MP | Selfie=16.0MP | AnTuTu=None | Price=$None | IP=IP68 | Populated=46/68 fields
2026-05-30 16:16:18,197 | INFO |   💾 [24/193] saved
2026-05-30 16:16:18,197 | INFO | 
  [25/193]
2026-05-30 16:16:18,197 | INFO |   ⏳ 34.1s (req #31)
2026-05-30 16:16:53,205 | INFO |   GET https://www.gsmarena.com/doogee_v_pad_5g-13971.php → 200
2026-05-30 16:16:53,221 | INFO |       📱 Doogee V Pad | Main=13.0MP | Selfie=8.0MP | AnTuTu=None | Price=$None | IP=None | Populated=40/68 fields
2026-05-30 16:16:53,224 | INFO |   💾 [25/193] saved
2026-05-30 16:16:53,224 | INFO | 
  [26/193]
2026-05-30 16:16:53,224 | INFO |   ⏳ 20.3s (req #32)
2026-05-30 16:17:14,432 | INFO |   GET https://www.gsmarena.com/doogee_tab_e3_max-13926.php → 200
2026-05-30 16:17:14,449 | INFO |       📱 Doogee Tab E3 Max | Main=16.0MP | Selfie=8.0MP | AnTuTu=None | Price=$None | IP=None | Populated=44/68 fields
2026-05-30 16:17:14,451 | INFO |   💾 [26/193] saved
2026-05-30 16:17:14,451 | INFO | 
  [27/193]
2026-05-30 16:17:14,451 | INFO |   ⏳ 41.9s (req #33)
2026-05-30 16:17:57,181 | INFO |   GET https://www.gsmarena.com/doogee_tab_e3_pro-13925.php → 200
2026-05-30 16:17:57,195 | INFO |       📱 Doogee Tab E3 Pro | Main=13.0MP | Selfie=8.0MP | AnTuTu=None | Price=$None | IP=None | Populated=45/68 fields
2026-05-30 16:17:57,198 | INFO |   💾 [27/193] saved
2026-05-30 16:17:57,198 | INFO | 
  [28/193]
2026-05-30 16:17:57,198 | INFO |   ⏳ 33.6s (req #34)
2026-05-30 16:18:31,728 | INFO |   GET https://www.gsmarena.com/doogee_tab_e3+-13924.php → 200
2026-05-30 16:18:31,743 | INFO |       📱 Doogee Tab E3+ | Main=13.0MP | Selfie=5.0MP | AnTuTu=None | Price=$None | IP=None | Populated=44/68 fields
2026-05-30 16:18:31,746 | INFO |   💾 [28/193] saved
2026-05-30 16:18:31,746 | INFO | 
  [29/193]
2026-05-30 16:18:31,747 | INFO |   ⏳ 44.1s (req #35)
2026-05-30 16:19:16,846 | INFO |   GET https://www.gsmarena.com/doogee_tab_e3-13923.php → 200
2026-05-30 16:19:16,860 | INFO |       📱 Doogee Tab E3 | Main=13.0MP | Selfie=5.0MP | AnTuTu=None | Price=$None | IP=None | Populated=45/68 fields
2026-05-30 16:19:16,864 | INFO |   💾 [29/193] saved
2026-05-30 16:19:16,864 | INFO | 
  [30/193]
2026-05-30 16:19:16,864 | INFO |   ⏳ 35.2s (req #36)
2026-05-30 16:19:52,880 | INFO |   GET https://www.gsmarena.com/doogee_tab_g6+-13914.php → 200
2026-05-30 16:19:52,906 | INFO |       📱 Doogee Tab G6+ | Main=13.0MP | Selfie=5.0MP | AnTuTu=None | Price=$None | IP=None | Populated=43/68 fields
2026-05-30 16:19:52,909 | INFO |   💾 [30/193] saved
2026-05-30 16:19:52,909 | INFO | 
  [31/193]
2026-05-30 16:19:52,909 | INFO |   ⏳ 27.5s (req #37)
2026-05-30 16:20:21,193 | INFO |   GET https://www.gsmarena.com/doogee_tab_g6-13913.php → 200
2026-05-30 16:20:21,209 | INFO |       📱 Doogee Tab G6 | Main=8.0MP | Selfie=5.0MP | AnTuTu=None | Price=$None | IP=None | Populated=43/68 fields
2026-05-30 16:20:21,212 | INFO |   💾 [31/193] saved
2026-05-30 16:20:21,212 | INFO | 
  [32/193]
2026-05-30 16:20:21,212 | INFO |   ⏳ 44.5s (req #38)
2026-05-30 16:21:06,653 | INFO |   GET https://www.gsmarena.com/doogee_tab_a9_pro+-13912.php → 200
2026-05-30 16:21:06,669 | INFO |       📱 Doogee Tab A9 Pro+ | Main=13.0MP | Selfie=5.0MP | AnTuTu=None | Price=$None | IP=None | Populated=41/68 fields
2026-05-30 16:21:06,672 | INFO |   💾 [32/193] saved
2026-05-30 16:21:06,672 | INFO | 
  [33/193]
2026-05-30 16:21:06,672 | INFO |   ⏳ 35.4s (req #39)
2026-05-30 16:21:43,052 | INFO |   GET https://www.gsmarena.com/doogee_tab_a9_pro-13911.php → 200
2026-05-30 16:21:43,071 | INFO |       📱 Doogee Tab A9 Pro | Main=8.0MP | Selfie=5.0MP | AnTuTu=None | Price=$None | IP=None | Populated=40/68 fields
2026-05-30 16:21:43,073 | INFO |   💾 [33/193] saved
2026-05-30 16:21:43,074 | INFO | 
  [34/193]
2026-05-30 16:21:43,074 | INFO |   ⏳ 44.1s (req #40)
2026-05-30 16:22:28,155 | INFO |   GET https://www.gsmarena.com/doogee_tab_a9+-13910.php → 200
2026-05-30 16:22:28,183 | INFO |       📱 Doogee Tab A9+ | Main=13.0MP | Selfie=5.0MP | AnTuTu=None | Price=$None | IP=None | Populated=41/68 fields
2026-05-30 16:22:28,187 | INFO |   💾 [34/193] saved
2026-05-30 16:22:28,187 | INFO | 
  [35/193]
2026-05-30 16:22:28,187 | INFO |   ⏳ 37.3s (req #41)
2026-05-30 16:23:06,598 | INFO |   GET https://www.gsmarena.com/doogee_tab_a9-13909.php → 200
2026-05-30 16:23:06,626 | INFO |       📱 Doogee Tab A9 | Main=8.0MP | Selfie=5.0MP | AnTuTu=None | Price=$None | IP=None | Populated=40/68 fields
2026-05-30 16:23:06,630 | INFO |   💾 [35/193] saved
2026-05-30 16:23:06,631 | INFO | 
  [36/193]
2026-05-30 16:23:06,631 | INFO |   ⏳ 17.5s (req #42)
2026-05-30 16:23:25,152 | INFO |   GET https://www.gsmarena.com/doogee_blade20_play_5g-13902.php → 200
2026-05-30 16:23:25,187 | INFO |       📱 Doogee Blade20 Play | Main=50.0MP | Selfie=16.0MP | AnTuTu=None | Price=$None | IP=IP68 | Populated=49/68 fields
2026-05-30 16:23:25,191 | INFO |   💾 [36/193] saved
2026-05-30 16:23:25,191 | INFO | 
  [37/193]
2026-05-30 16:23:25,191 | INFO |   ⏳ 29.3s (req #43)
2026-05-30 16:23:55,532 | INFO |   GET https://www.gsmarena.com/doogee_blade20_turbo_5g-13901.php → 200
2026-05-30 16:23:55,564 | INFO |       📱 Doogee Blade20 Turbo | Main=50.0MP | Selfie=16.0MP | AnTuTu=None | Price=$None | IP=IP68 | Populated=48/68 fields
2026-05-30 16:23:55,567 | INFO |   💾 [37/193] saved
2026-05-30 16:23:55,568 | INFO | 
  [38/193]
2026-05-30 16:23:55,568 | INFO |   ⏳ 33.1s (req #44)
2026-05-30 16:24:30,074 | INFO |   GET https://www.gsmarena.com/doogee_blade20_ultra-13900.php → 200
2026-05-30 16:24:30,098 | INFO |       📱 Doogee Blade20 Ultra | Main=50.0MP | Selfie=8.0MP | AnTuTu=None | Price=$None | IP=IP68 | Populated=46/68 fields
2026-05-30 16:24:30,102 | INFO |   💾 [38/193] saved
2026-05-30 16:24:30,103 | INFO | 
  [39/193]
2026-05-30 16:24:30,103 | INFO |   ⏳ 17.2s (req #45)
2026-05-30 16:24:48,225 | INFO |   GET https://www.gsmarena.com/doogee_blade20-13899.php → 200
2026-05-30 16:24:48,253 | INFO |       📱 Doogee Blade20 | Main=16.0MP | Selfie=8.0MP | AnTuTu=None | Price=$None | IP=IP68 | Populated=45/68 fields
2026-05-30 16:24:48,256 | INFO |   💾 [39/193] saved
2026-05-30 16:24:48,257 | INFO | 
  [40/193]
2026-05-30 16:24:48,257 | INFO |   ⏳ 17.0s (req #46)
2026-05-30 16:25:06,237 | INFO |   GET https://www.gsmarena.com/doogee_note59_pro+-13836.php → 200
2026-05-30 16:25:06,267 | INFO |       📱 Doogee Note59 Pro+ | Main=50.0MP | Selfie=8.0MP | AnTuTu=None | Price=$None | IP=None | Populated=46/68 fields
2026-05-30 16:25:06,271 | INFO |   💾 [40/193] saved
2026-05-30 16:25:06,271 | INFO | 
  [41/193]
2026-05-30 16:25:06,272 | INFO |   ⏳ 36.6s (req #47)
2026-05-30 16:25:43,804 | INFO |   GET https://www.gsmarena.com/doogee_note59_pro-13835.php → 200
2026-05-30 16:25:43,831 | INFO |       📱 Doogee Note59 Pro | Main=50.0MP | Selfie=8.0MP | AnTuTu=None | Price=$None | IP=None | Populated=47/68 fields
2026-05-30 16:25:43,834 | INFO |   💾 [41/193] saved
2026-05-30 16:25:43,835 | INFO | 
  [42/193]
2026-05-30 16:25:43,835 | INFO |   ⏳ 43.7s (req #48)
2026-05-30 16:26:28,586 | INFO |   GET https://www.gsmarena.com/doogee_note_59-13834.php → 200
2026-05-30 16:26:28,621 | INFO |       📱 Doogee Note 59 | Main=16.0MP | Selfie=8.0MP | AnTuTu=None | Price=$None | IP=None | Populated=46/68 fields
2026-05-30 16:26:28,625 | INFO |   💾 [42/193] saved
2026-05-30 16:26:28,626 | INFO | 
  [43/193]
2026-05-30 16:26:28,626 | INFO |   ⏳ 34.8s (req #49)
2026-05-30 16:27:04,509 | INFO |   GET https://www.gsmarena.com/doogee_v_max_s-13833.php → 200
2026-05-30 16:27:04,538 | INFO |       📱 Doogee V Max S | Main=108.0MP | Selfie=16.0MP | AnTuTu=None | Price=$None | IP=IP68 | Populated=48/68 fields
2026-05-30 16:27:04,542 | INFO |   💾 [43/193] saved
2026-05-30 16:27:04,542 | INFO | 
  [44/193]
2026-05-30 16:27:04,542 | INFO |   ⏳ 17.4s (req #50)
2026-05-30 16:27:22,860 | INFO |   GET https://www.gsmarena.com/doogee_u11_pro-13832.php → 200
2026-05-30 16:27:22,890 | INFO |       📱 Doogee U11 Pro | Main=13.0MP | Selfie=5.0MP | AnTuTu=None | Price=$None | IP=None | Populated=44/68 fields
2026-05-30 16:27:22,893 | INFO |   💾 [44/193] saved
2026-05-30 16:27:22,893 | INFO | 
  [45/193]
2026-05-30 16:27:22,894 | INFO |   ⏳ 40.0s (req #51)
2026-05-30 16:28:03,969 | INFO |   GET https://www.gsmarena.com/doogee_blade_gt_ultra-13739.php → 200
2026-05-30 16:28:03,999 | INFO |       📱 Doogee Blade GT Ultra | Main=100.0MP | Selfie=32.0MP | AnTuTu=None | Price=$None | IP=IP68 | Populated=48/68 fields
2026-05-30 16:28:04,003 | INFO |   💾 [45/193] saved
2026-05-30 16:28:04,004 | INFO | 
  [46/193]
2026-05-30 16:28:04,004 | INFO |   ⏳ 38.0s (req #52)
2026-05-30 16:28:43,008 | INFO |   GET https://www.gsmarena.com/doogee_fire_6_max-13740.php → 200
2026-05-30 16:28:43,043 | INFO |       📱 Doogee Fire 6 Max | Main=50.0MP | Selfie=16.0MP | AnTuTu=None | Price=$None | IP=IP68 | Populated=48/68 fields
2026-05-30 16:28:43,048 | INFO |   💾 [46/193] saved
2026-05-30 16:28:43,048 | INFO | 
  [47/193]
2026-05-30 16:28:43,049 | INFO |   ⏳ 36.4s (req #53)
2026-05-30 16:29:20,491 | INFO |   GET https://www.gsmarena.com/doogee_s200_plus-13741.php → 200
2026-05-30 16:29:20,519 | INFO |       📱 Doogee S200 Plus | Main=100.0MP | Selfie=32.0MP | AnTuTu=None | Price=$None | IP=IP68 | Populated=48/68 fields
2026-05-30 16:29:20,522 | INFO |   💾 [47/193] saved
2026-05-30 16:29:20,523 | INFO | 
  [48/193]
2026-05-30 16:29:20,523 | INFO |   ⏳ 18.2s (req #54)
2026-05-30 16:29:39,800 | INFO |   GET https://www.gsmarena.com/doogee_s119-13632.php → 200
2026-05-30 16:29:39,875 | INFO |       📱 Doogee S119 | Main=100.0MP | Selfie=16.0MP | AnTuTu=None | Price=$None | IP=IP68 | Populated=45/68 fields
2026-05-30 16:29:39,879 | INFO |   💾 [48/193] saved
2026-05-30 16:29:39,879 | INFO | 
  [49/193]
2026-05-30 16:29:39,879 | INFO |   ⏳ 33.6s (req #55)
2026-05-30 16:30:14,445 | INFO |   GET https://www.gsmarena.com/doogee_s118_pro-13631.php → 200
2026-05-30 16:30:14,476 | INFO |       📱 Doogee S118 Pro | Main=108.0MP | Selfie=32.0MP | AnTuTu=None | Price=$None | IP=IP68 | Populated=47/68 fields
2026-05-30 16:30:14,480 | INFO |   💾 [49/193] saved
2026-05-30 16:30:14,481 | INFO | 
  [50/193]
2026-05-30 16:30:14,481 | INFO |   ⏳ 15.9s (req #56)
2026-05-30 16:30:31,405 | INFO |   GET https://www.gsmarena.com/doogee_blade_gt-13596.php → 200
2026-05-30 16:30:31,434 | INFO |       📱 Doogee Blade GT | Main=48.0MP | Selfie=20.0MP | AnTuTu=None | Price=$None | IP=IP68 | Populated=48/68 fields
2026-05-30 16:30:31,437 | INFO |   💾 [50/193] saved
2026-05-30 16:30:31,438 | INFO | 
  [51/193]
2026-05-30 16:30:31,438 | INFO |   ⏳ 43.3s (req #57)
2026-05-30 16:31:15,840 | INFO |   GET https://www.gsmarena.com/vivo_s60_vitality_5g-14693.php → 200
2026-05-30 16:31:15,872 | INFO |       📱 vivo S60 Vitality | Main=50.0MP | Selfie=50.0MP | AnTuTu=None | Price=$None | IP=IP68 | Populated=52/68 fields
2026-05-30 16:31:15,877 | INFO |   💾 [51/193] saved
2026-05-30 16:31:15,877 | INFO | 
  [52/193]
2026-05-30 16:31:15,878 | INFO |   ⏳ 30.6s (req #58)
2026-05-30 16:31:47,510 | INFO |   GET https://www.gsmarena.com/vivo_s60_5g-14692.php → 200
2026-05-30 16:31:47,538 | INFO |       📱 vivo S60 | Main=50.0MP | Selfie=50.0MP | AnTuTu=None | Price=$None | IP=IP68 | Populated=51/68 fields
2026-05-30 16:31:47,542 | INFO |   💾 [52/193] saved
2026-05-30 16:31:47,543 | INFO | 
  [53/193]
2026-05-30 16:31:47,543 | INFO |   ⏳ 16.7s (req #59)
2026-05-30 16:32:05,295 | INFO |   GET https://www.gsmarena.com/vivo_t5-14697.php → 200
2026-05-30 16:32:05,321 | INFO |       📱 vivo T5 | Main=50.0MP | Selfie=32.0MP | AnTuTu=None | Price=$None | IP=IP68 | Populated=47/68 fields
2026-05-30 16:32:05,325 | INFO |   💾 [53/193] saved
2026-05-30 16:32:05,325 | INFO | 
  [54/193]
2026-05-30 16:32:05,325 | INFO |   ☕ Long pause 167s ...
2026-05-30 16:34:53,378 | INFO |   GET https://www.gsmarena.com/zte_nubia_redmagic_11s_pro_5g-14669.php → 200
2026-05-30 16:34:53,416 | INFO |       📱 ZTE nubia RedMagic 11S Pro | Main=50.0MP | Selfie=16.0MP | AnTuTu=None | Price=$None | IP=None | Populated=53/68 fields
2026-05-30 16:34:53,420 | INFO |   💾 [54/193] saved
2026-05-30 16:34:53,420 | INFO | 
  [55/193]
2026-05-30 16:34:53,420 | INFO |   ⏳ 32.0s (req #61)
2026-05-30 16:35:26,330 | INFO |   GET https://www.gsmarena.com/ulefone_tab_a12_pro-14695.php → 200
2026-05-30 16:35:26,359 | INFO |       📱 Ulefone Tab A12 Pro | Main=13.0MP | Selfie=5.0MP | AnTuTu=None | Price=$None | IP=None | Populated=43/68 fields
2026-05-30 16:35:26,363 | INFO |   💾 [55/193] saved
2026-05-30 16:35:26,363 | INFO | 
  [56/193]
2026-05-30 16:35:26,363 | INFO |   ⏳ 36.9s (req #62)
2026-05-30 16:36:04,327 | INFO |   GET https://www.gsmarena.com/xiaomi_17_max_5g-14667.php → 200
2026-05-30 16:36:04,356 | INFO |       📱 Xiaomi 17 Max | Main=200.0MP | Selfie=32.0MP | AnTuTu=None | Price=$None | IP=IP68 | Populated=53/68 fields
2026-05-30 16:36:04,359 | INFO |   💾 [56/193] saved
2026-05-30 16:36:04,359 | INFO | 
  [57/193]
2026-05-30 16:36:04,360 | INFO |   ⏳ 31.0s (req #63)
2026-05-30 16:36:36,514 | INFO |   GET https://www.gsmarena.com/vivo_y600_turbo_5g-14687.php → 200
2026-05-30 16:36:36,546 | INFO |       📱 vivo Y600 Turbo | Main=50.0MP | Selfie=8.0MP | AnTuTu=None | Price=$None | IP=IP68 | Populated=48/68 fields
2026-05-30 16:36:36,549 | INFO |   💾 [57/193] saved
2026-05-30 16:36:36,549 | INFO | 
  [58/193]
2026-05-30 16:36:36,549 | INFO |   ⏳ 24.6s (req #64)
2026-05-30 16:37:02,141 | INFO |   GET https://www.gsmarena.com/ulefone_armor_mini_5-14694.php → 200
2026-05-30 16:37:02,172 | INFO |       📱 Ulefone Armor Mini 5 | Main=0.3MP | Selfie=0.3MP | AnTuTu=None | Price=$None | IP=IP68 | Populated=35/68 fields
2026-05-30 16:37:02,175 | INFO |   💾 [58/193] saved
2026-05-30 16:37:02,175 | INFO | 
  [59/193]
2026-05-30 16:37:02,176 | INFO |   ⏳ 34.9s (req #65)
2026-05-30 16:37:38,014 | INFO |   GET https://www.gsmarena.com/honor_600e_5g-14688.php → 200
2026-05-30 16:37:38,045 | INFO |       📱 Honor 600e | Main=108.0MP | Selfie=16.0MP | AnTuTu=None | Price=$None | IP=IP66 | Populated=49/68 fields
2026-05-30 16:37:38,048 | INFO |   💾 [59/193] saved
2026-05-30 16:37:38,049 | INFO | 
  [60/193]
2026-05-30 16:37:38,049 | INFO |   ⏳ 26.0s (req #66)
2026-05-30 16:38:05,204 | INFO |   GET https://www.gsmarena.com/xiaomi_17t_pro_5g-14651.php → 200
2026-05-30 16:38:05,249 | INFO |       📱 Xiaomi 17T Pro | Main=50.0MP | Selfie=32.0MP | AnTuTu=2795030 | Price=$None | IP=IP68 | Populated=61/68 fields
2026-05-30 16:38:05,253 | INFO |   💾 [60/193] saved
2026-05-30 16:38:05,253 | INFO | 
  [61/193]
2026-05-30 16:38:05,254 | INFO |   ⏳ 23.4s (req #67)
2026-05-30 16:38:29,768 | INFO |   GET https://www.gsmarena.com/xiaomi_17t_5g-14652.php → 200
2026-05-30 16:38:29,805 | INFO |       📱 Xiaomi 17T | Main=50.0MP | Selfie=32.0MP | AnTuTu=1640834 | Price=$None | IP=IP68 | Populated=60/68 fields
2026-05-30 16:38:29,809 | INFO |   💾 [61/193] saved
2026-05-30 16:38:29,809 | INFO | 
  [62/193]
2026-05-30 16:38:29,809 | INFO |   ⏳ 16.3s (req #68)
2026-05-30 16:38:47,021 | INFO |   GET https://www.gsmarena.com/xiaomi_watch_s5-14696.php → 200
2026-05-30 16:38:47,048 | INFO |       📱 Xiaomi Watch S5 | Main=NoneMP | Selfie=NoneMP | AnTuTu=None | Price=$None | IP=None | Populated=25/68 fields
2026-05-30 16:38:47,051 | INFO |   💾 [62/193] saved
2026-05-30 16:38:47,051 | INFO | 
  [63/193]
2026-05-30 16:38:47,052 | INFO |   ⏳ 44.3s (req #69)
2026-05-30 16:39:32,571 | INFO |   GET https://www.gsmarena.com/realme_16t_5g-14674.php → 200
2026-05-30 16:39:32,602 | INFO |       📱 Realme 16T | Main=50.0MP | Selfie=16.0MP | AnTuTu=438780 | Price=$None | IP=IP68 | Populated=52/68 fields
2026-05-30 16:39:32,606 | INFO |   💾 [63/193] saved
2026-05-30 16:39:32,606 | INFO | 
  [64/193]
2026-05-30 16:39:32,606 | INFO |   ⏳ 17.9s (req #70)
2026-05-30 16:39:51,686 | INFO |   GET https://www.gsmarena.com/honor_600_5g-14605.php → 200
2026-05-30 16:39:51,723 | INFO |       📱 Honor 600 | Main=200.0MP | Selfie=50.0MP | AnTuTu=1087148 | Price=$505.77 | IP=IP68 | Populated=60/68 fields
2026-05-30 16:39:51,727 | INFO |   💾 [64/193] saved
2026-05-30 16:39:51,727 | INFO | 
  [65/193]
2026-05-30 16:39:51,727 | INFO |   ⏳ 17.9s (req #71)
2026-05-30 16:40:10,727 | INFO |   GET https://www.gsmarena.com/sony_xperia_1_viii_5g-14660.php → 200
2026-05-30 16:40:10,772 | INFO |       📱 Sony Xperia 1 VIII | Main=48.0MP | Selfie=12.0MP | AnTuTu=2312684 | Price=$None | IP=IP65 | Populated=63/68 fields
2026-05-30 16:40:10,776 | INFO |   💾 [65/193] saved
2026-05-30 16:40:10,776 | INFO | 
  [66/193]
2026-05-30 16:40:10,776 | INFO |   ⏳ 34.2s (req #72)
2026-05-30 16:40:46,281 | INFO |   GET https://www.gsmarena.com/honor_600_pro_5g-14604.php → 200
2026-05-30 16:40:46,319 | INFO |       📱 Honor 600 Pro | Main=200.0MP | Selfie=50.0MP | AnTuTu=2221352 | Price=$835.34 | IP=IP68 | Populated=60/68 fields
2026-05-30 16:40:46,323 | INFO |   💾 [66/193] saved
2026-05-30 16:40:46,323 | INFO | 
  [67/193]
2026-05-30 16:40:46,323 | INFO |   ⏳ 16.4s (req #73)
2026-05-30 16:41:03,930 | INFO |   GET https://www.gsmarena.com/motorola_moto_g87_5g-14644.php → 200
2026-05-30 16:41:03,962 | INFO |       📱 Motorola Moto G87 | Main=200.0MP | Selfie=32.0MP | AnTuTu=None | Price=$None | IP=IP68 | Populated=50/68 fields
2026-05-30 16:41:03,966 | INFO |   💾 [67/193] saved
2026-05-30 16:41:03,968 | INFO | 
  [68/193]
2026-05-30 16:41:03,968 | INFO |   ⏳ 44.3s (req #74)
2026-05-30 16:41:49,459 | INFO |   GET https://www.gsmarena.com/motorola_moto_g47-14645.php → 200
2026-05-30 16:41:49,492 | INFO |       📱 Motorola Moto G47 | Main=108.0MP | Selfie=8.0MP | AnTuTu=None | Price=$None | IP=IP64 | Populated=49/68 fields
2026-05-30 16:41:49,495 | INFO |   💾 [68/193] saved
2026-05-30 16:41:49,496 | INFO | 
  [69/193]
2026-05-30 16:41:49,496 | INFO |   ⏳ 27.5s (req #75)
2026-05-30 16:42:19,292 | INFO |   GET https://www.gsmarena.com/xiaomi_17t_pro-14651.php → 200
2026-05-30 16:42:19,327 | INFO |       📱 Xiaomi 17T Pro | Main=50.0MP | Selfie=32.0MP | AnTuTu=2795030 | Price=$None | IP=IP68 | Populated=61/68 fields
2026-05-30 16:42:19,332 | INFO |   💾 [69/193] saved
2026-05-30 16:42:19,332 | INFO | 
  [70/193]
2026-05-30 16:42:19,332 | INFO |   ⏳ 28.3s (req #76)
2026-05-30 16:42:54,017 | INFO |   GET https://www.gsmarena.com/samsung_galaxy_a57-14379.php → 200
2026-05-30 16:42:54,066 | INFO |       📱 Samsung Galaxy A57 | Main=50.0MP | Selfie=12.0MP | AnTuTu=1001995 | Price=$489.99 | IP=IP68 | Populated=63/68 fields
2026-05-30 16:42:54,070 | INFO |   💾 [70/193] saved
2026-05-30 16:42:54,071 | INFO | 
  [71/193]
2026-05-30 16:42:54,071 | INFO |   ⏳ 37.2s (req #77)
2026-05-30 16:43:33,314 | INFO |   GET https://www.gsmarena.com/xiaomi_17t-14652.php → 200
2026-05-30 16:43:33,349 | INFO |       📱 Xiaomi 17T | Main=50.0MP | Selfie=32.0MP | AnTuTu=1640834 | Price=$None | IP=IP68 | Populated=60/68 fields
2026-05-30 16:43:33,352 | INFO |   💾 [71/193] saved
2026-05-30 16:43:33,353 | INFO | 
  [72/193]
2026-05-30 16:43:33,353 | INFO |   ⏳ 39.5s (req #78)
2026-05-30 16:44:15,084 | INFO |   GET https://www.gsmarena.com/samsung_galaxy_s26_ultra-14320.php → 200
2026-05-30 16:44:15,124 | INFO |       📱 Samsung Galaxy S26 Ultra | Main=200.0MP | Selfie=12.0MP | AnTuTu=2627986 | Price=$1049.99 | IP=IP68 | Populated=66/68 fields
2026-05-30 16:44:15,128 | INFO |   💾 [72/193] saved
2026-05-30 16:44:15,129 | INFO | 
  [73/193]
2026-05-30 16:44:15,129 | INFO |   ⏳ 17.2s (req #79)
2026-05-30 16:44:34,565 | INFO |   GET https://www.gsmarena.com/xiaomi_17_max-14667.php → 200
2026-05-30 16:44:34,600 | INFO |       📱 Xiaomi 17 Max | Main=200.0MP | Selfie=32.0MP | AnTuTu=None | Price=$None | IP=IP68 | Populated=53/68 fields
2026-05-30 16:44:34,604 | INFO |   💾 [73/193] saved
2026-05-30 16:44:34,604 | INFO | 
  [74/193]
2026-05-30 16:44:34,604 | INFO |   ⏳ 32.5s (req #80)
2026-05-30 16:45:09,275 | INFO |   GET https://www.gsmarena.com/samsung_galaxy_a17-14041.php → 200
2026-05-30 16:45:09,321 | INFO |       📱 Samsung Galaxy A17 | Main=50.0MP | Selfie=13.0MP | AnTuTu=435787 | Price=$99.88 | IP=IP54 | Populated=59/68 fields
2026-05-30 16:45:09,326 | INFO |   💾 [74/193] saved
2026-05-30 16:45:09,326 | INFO | 
  [75/193]
2026-05-30 16:45:09,327 | INFO |   ⏳ 45.0s (req #81)
2026-05-30 16:45:55,522 | INFO |   GET https://www.gsmarena.com/apple_iphone_17_pro_max-13964.php → 200
2026-05-30 16:45:55,562 | INFO |       📱 Apple iPhone 17 Pro Max | Main=48.0MP | Selfie=18.0MP | AnTuTu=2600583 | Price=$985.0 | IP=IP68 | Populated=65/68 fields
2026-05-30 16:45:55,566 | INFO |   💾 [75/193] saved
2026-05-30 16:45:55,566 | INFO | 
  [76/193]
2026-05-30 16:45:55,566 | INFO |   ⏳ 35.5s (req #82)
2026-05-30 16:46:33,490 | INFO |   GET https://www.gsmarena.com/xiaomi_redmi_note_15-14328.php → 200
2026-05-30 16:46:33,528 | INFO |       📱 Xiaomi Redmi Note 15 | Main=108.0MP | Selfie=20.0MP | AnTuTu=637266 | Price=$252.5 | IP=IP66 | Populated=61/68 fields
2026-05-30 16:46:33,533 | INFO |   💾 [76/193] saved
2026-05-30 16:46:33,533 | INFO | 
  [77/193]
2026-05-30 16:46:33,533 | INFO |   ⏳ 32.6s (req #83)
2026-05-30 16:47:08,194 | INFO |   GET https://www.gsmarena.com/sony_xperia_1_viii-14660.php → 200
2026-05-30 16:47:08,232 | INFO |       📱 Sony Xperia 1 VIII | Main=48.0MP | Selfie=12.0MP | AnTuTu=2312684 | Price=$None | IP=IP65 | Populated=63/68 fields
2026-05-30 16:47:08,235 | INFO |   💾 [77/193] saved
2026-05-30 16:47:08,235 | INFO | 
  [78/193]
2026-05-30 16:47:08,236 | INFO |   ⏳ 35.4s (req #84)
2026-05-30 16:47:45,648 | INFO |   GET https://www.gsmarena.com/honor_600_pro-14604.php → 200
2026-05-30 16:47:45,686 | INFO |       📱 Honor 600 Pro | Main=200.0MP | Selfie=50.0MP | AnTuTu=2221352 | Price=$835.34 | IP=IP68 | Populated=60/68 fields
2026-05-30 16:47:45,690 | INFO |   💾 [78/193] saved
2026-05-30 16:47:45,690 | INFO | 
  [79/193]
2026-05-30 16:47:45,690 | INFO |   ⏳ 29.6s (req #85)
2026-05-30 16:48:16,569 | INFO |   GET https://www.gsmarena.com/samsung_galaxy_a56-13603.php → 200
2026-05-30 16:48:16,621 | INFO |       📱 Samsung Galaxy A56 | Main=50.0MP | Selfie=12.0MP | AnTuTu=908689 | Price=$359.5 | IP=IP67 | Populated=63/68 fields
2026-05-30 16:48:16,625 | INFO |   💾 [79/193] saved
2026-05-30 16:48:16,626 | INFO | 
  [80/193]
2026-05-30 16:48:16,626 | INFO |   ⏳ 33.2s (req #86)
2026-05-30 16:48:50,931 | INFO |   GET https://www.gsmarena.com/xiaomi_15_ultra-13657.php → 200
2026-05-30 16:48:50,967 | INFO |       📱 Xiaomi 15 Ultra | Main=50.0MP | Selfie=32.0MP | AnTuTu=None | Price=$None | IP=IP68 | Populated=59/68 fields
2026-05-30 16:48:50,972 | INFO |   💾 [80/193] saved
2026-05-30 16:48:50,973 | INFO | 
  [81/193]
2026-05-30 16:48:50,973 | INFO |   ⏳ 24.9s (req #87)
2026-05-30 16:49:17,123 | INFO |   GET https://www.gsmarena.com/xiaomi_poco_x7_pro-13582.php → 200
2026-05-30 16:49:17,165 | INFO |       📱 Xiaomi Poco X7 Pro | Main=50.0MP | Selfie=20.0MP | AnTuTu=1568331 | Price=$374.0 | IP=IP68 | Populated=62/68 fields
2026-05-30 16:49:17,170 | INFO |   💾 [81/193] saved
2026-05-30 16:49:17,170 | INFO | 
  [82/193]
2026-05-30 16:49:17,170 | INFO |   ⏳ 18.5s (req #88)
2026-05-30 16:49:37,922 | INFO |   GET https://www.gsmarena.com/xiaomi_17_pro_max-14181.php → 200
2026-05-30 16:49:37,956 | INFO |       📱 Xiaomi 17 Pro Max | Main=50.0MP | Selfie=50.0MP | AnTuTu=2456317 | Price=$None | IP=IP68 | Populated=61/68 fields
2026-05-30 16:49:37,960 | INFO |   💾 [82/193] saved
2026-05-30 16:49:37,961 | INFO | 
  [83/193]
2026-05-30 16:49:37,961 | INFO |   ⏳ 29.9s (req #89)
2026-05-30 16:50:10,198 | INFO |   GET https://www.gsmarena.com/oneplus_15-14206.php → 200
2026-05-30 16:50:10,246 | INFO |       📱 OnePlus 15 | Main=50.0MP | Selfie=32.0MP | AnTuTu=2790237 | Price=$729.95 | IP=IP68 | Populated=65/68 fields
2026-05-30 16:50:10,252 | INFO |   💾 [83/193] saved
2026-05-30 16:50:10,252 | INFO | 
  [84/193]
2026-05-30 16:50:10,252 | INFO |   ☕ Long pause 140s ...
2026-05-30 16:52:30,849 | INFO |   GET https://www.gsmarena.com/samsung_galaxy_s25-13610.php → 200
2026-05-30 16:52:30,889 | INFO |       📱 Samsung Galaxy S25 | Main=50.0MP | Selfie=12.0MP | AnTuTu=2193701 | Price=$438.65 | IP=IP68 | Populated=66/68 fields
2026-05-30 16:52:30,893 | INFO |   💾 [84/193] saved
2026-05-30 16:52:30,893 | INFO | 
  [85/193]
2026-05-30 16:52:30,893 | INFO |   ⏳ 32.3s (req #91)
2026-05-30 16:53:05,195 | INFO |   GET https://www.gsmarena.com/xiaomi_17_ultra-14380.php → 200
2026-05-30 16:53:05,233 | INFO |       📱 Xiaomi 17 Ultra | Main=50.0MP | Selfie=50.0MP | AnTuTu=2777490 | Price=$None | IP=IP68 | Populated=63/68 fields
2026-05-30 16:53:05,237 | INFO |   💾 [85/193] saved
2026-05-30 16:53:05,238 | INFO | 
  [86/193]
2026-05-30 16:53:05,238 | INFO |   ⏳ 27.1s (req #92)
2026-05-30 16:53:33,506 | INFO |   GET https://www.gsmarena.com/oppo_find_x9_pro-14094.php → 200
2026-05-30 16:53:33,544 | INFO |       📱 Oppo Find X9 Pro | Main=50.0MP | Selfie=50.0MP | AnTuTu=2719560 | Price=$None | IP=IP68 | Populated=62/68 fields
2026-05-30 16:53:33,548 | INFO |   💾 [86/193] saved
2026-05-30 16:53:33,548 | INFO | 
  [87/193]
2026-05-30 16:53:33,548 | INFO |   ⏳ 26.7s (req #93)
2026-05-30 16:54:01,169 | INFO |   GET https://www.gsmarena.com/doogee_fire_6_power-13580.php → 200
2026-05-30 16:54:01,214 | INFO |       📱 Doogee Fire 6 Power | Main=50.0MP | Selfie=8.0MP | AnTuTu=None | Price=$None | IP=IP68 | Populated=45/68 fields
2026-05-30 16:54:01,220 | INFO |   💾 [87/193] saved
2026-05-30 16:54:01,220 | INFO | 
  [88/193]
2026-05-30 16:54:01,220 | INFO |   ⏳ 37.5s (req #94)
2026-05-30 16:54:39,654 | INFO |   GET https://www.gsmarena.com/doogee_fire_6-13579.php → 200
2026-05-30 16:54:39,693 | INFO |       📱 Doogee Fire 6 | Main=50.0MP | Selfie=8.0MP | AnTuTu=None | Price=$None | IP=IP68 | Populated=43/68 fields
2026-05-30 16:54:39,696 | INFO |   💾 [88/193] saved
2026-05-30 16:54:39,696 | INFO | 
  [89/193]
2026-05-30 16:54:39,697 | INFO |   ⏳ 32.3s (req #95)
2026-05-30 16:55:12,953 | INFO |   GET https://www.gsmarena.com/doogee_s200x-13578.php → 200
2026-05-30 16:55:12,985 | INFO |       📱 Doogee S200X | Main=100.0MP | Selfie=20.0MP | AnTuTu=None | Price=$None | IP=IP68 | Populated=46/68 fields
2026-05-30 16:55:12,989 | INFO |   💾 [89/193] saved
2026-05-30 16:55:12,989 | INFO | 
  [90/193]
2026-05-30 16:55:12,990 | INFO |   ⏳ 28.1s (req #96)
2026-05-30 16:55:42,077 | INFO |   GET https://www.gsmarena.com/doogee_v40-13577.php → 200
2026-05-30 16:55:42,106 | INFO |       📱 Doogee V40 | Main=108.0MP | Selfie=16.0MP | AnTuTu=None | Price=$None | IP=IP68 | Populated=45/68 fields
2026-05-30 16:55:42,110 | INFO |   💾 [90/193] saved
2026-05-30 16:55:42,110 | INFO | 
  [91/193]
2026-05-30 16:55:42,110 | INFO |   ⏳ 20.8s (req #97)
2026-05-30 16:56:03,892 | INFO |   GET https://www.gsmarena.com/doogee_v40_pro-13411.php → 200
2026-05-30 16:56:03,924 | INFO |       📱 Doogee V40 Pro | Main=200.0MP | Selfie=32.0MP | AnTuTu=None | Price=$None | IP=IP68 | Populated=46/68 fields
2026-05-30 16:56:03,928 | INFO |   💾 [91/193] saved
2026-05-30 16:56:03,928 | INFO | 
  [92/193]
2026-05-30 16:56:03,929 | INFO |   ⏳ 43.6s (req #98)
2026-05-30 16:56:48,806 | INFO |   GET https://www.gsmarena.com/doogee_t40_pro-13420.php → 200
2026-05-30 16:56:48,837 | INFO |       📱 Doogee T40 Pro | Main=16.0MP | Selfie=8.0MP | AnTuTu=None | Price=$None | IP=None | Populated=44/68 fields
2026-05-30 16:56:48,841 | INFO |   💾 [92/193] saved
2026-05-30 16:56:48,841 | INFO | 
  [93/193]
2026-05-30 16:56:48,841 | INFO |   ⏳ 30.5s (req #99)
2026-05-30 16:57:20,433 | INFO |   GET https://www.gsmarena.com/doogee_t40-13421.php → 200
2026-05-30 16:57:20,461 | INFO |       📱 Doogee T40 | Main=16.0MP | Selfie=8.0MP | AnTuTu=None | Price=$None | IP=None | Populated=44/68 fields
2026-05-30 16:57:20,465 | INFO |   💾 [93/193] saved
2026-05-30 16:57:20,466 | INFO | 
  [94/193]
2026-05-30 16:57:20,466 | INFO |   ⏳ 37.8s (req #100)
2026-05-30 16:57:59,299 | INFO |   GET https://www.gsmarena.com/doogee_v_max_pro-13422.php → 200
2026-05-30 16:57:59,339 | INFO |       📱 Doogee V Max Pro | Main=108.0MP | Selfie=16.0MP | AnTuTu=None | Price=$None | IP=IP68 | Populated=49/68 fields
2026-05-30 16:57:59,343 | INFO |   💾 [94/193] saved
2026-05-30 16:57:59,343 | INFO | 
  [95/193]
2026-05-30 16:57:59,343 | INFO |   ⏳ 24.0s (req #101)
2026-05-30 16:58:24,276 | INFO |   GET https://www.gsmarena.com/doogee_n55_plus-13399.php → 200
2026-05-30 16:58:24,304 | INFO |       📱 Doogee N55 Plus | Main=13.0MP | Selfie=8.0MP | AnTuTu=None | Price=$None | IP=None | Populated=43/68 fields
2026-05-30 16:58:24,308 | INFO |   💾 [95/193] saved
2026-05-30 16:58:24,308 | INFO | 
  [96/193]
2026-05-30 16:58:24,308 | INFO |   ⏳ 36.3s (req #102)
2026-05-30 16:59:01,719 | INFO |   GET https://www.gsmarena.com/doogee_n55_pro-13398.php → 200
2026-05-30 16:59:01,748 | INFO |       📱 Doogee N55 Pro | Main=13.0MP | Selfie=8.0MP | AnTuTu=None | Price=$None | IP=None | Populated=44/68 fields
2026-05-30 16:59:01,752 | INFO |   💾 [96/193] saved
2026-05-30 16:59:01,752 | INFO | 
  [97/193]
2026-05-30 16:59:01,753 | INFO |   ⏳ 32.7s (req #103)
2026-05-30 16:59:35,477 | INFO |   GET https://www.gsmarena.com/doogee_n55-13397.php → 200
2026-05-30 16:59:35,504 | INFO |       📱 Doogee N55 | Main=13.0MP | Selfie=8.0MP | AnTuTu=None | Price=$None | IP=None | Populated=44/68 fields
2026-05-30 16:59:35,508 | INFO |   💾 [97/193] saved
2026-05-30 16:59:35,509 | INFO | 
  [98/193]
2026-05-30 16:59:35,509 | INFO |   ⏳ 35.8s (req #104)
2026-05-30 17:00:12,384 | INFO |   GET https://www.gsmarena.com/doogee_s200-13394.php → 200
2026-05-30 17:00:12,420 | INFO |       📱 Doogee S200 | Main=100.0MP | Selfie=20.0MP | AnTuTu=None | Price=$None | IP=IP68 | Populated=47/68 fields
2026-05-30 17:00:12,424 | INFO |   💾 [98/193] saved
2026-05-30 17:00:12,424 | INFO | 
  [99/193]
2026-05-30 17:00:12,424 | INFO |   ⏳ 25.3s (req #105)
2026-05-30 17:00:38,684 | INFO |   GET https://www.gsmarena.com/doogee_blade10_max-13392.php → 200
2026-05-30 17:00:38,711 | INFO |       📱 Doogee Blade10 Max | Main=50.0MP | Selfie=8.0MP | AnTuTu=None | Price=$None | IP=IP68 | Populated=42/68 fields
2026-05-30 17:00:38,714 | INFO |   💾 [99/193] saved
2026-05-30 17:00:38,715 | INFO | 
  [100/193]
2026-05-30 17:00:38,715 | INFO |   ⏳ 29.0s (req #106)
2026-05-30 17:01:08,653 | INFO |   GET https://www.gsmarena.com/doogee_blade10_ultra-13391.php → 200
2026-05-30 17:01:08,693 | INFO |       📱 Doogee Blade10 Ultra | Main=50.0MP | Selfie=8.0MP | AnTuTu=None | Price=$None | IP=IP68 | Populated=42/68 fields
2026-05-30 17:01:08,697 | INFO |   💾 [100/193] saved
2026-05-30 17:01:08,698 | INFO | 
  [101/193]
2026-05-30 17:01:08,698 | INFO |   ⏳ 16.5s (req #107)
2026-05-30 17:01:26,117 | INFO |   GET https://www.gsmarena.com/doogee_blade10_pro-13390.php → 200
2026-05-30 17:01:26,144 | INFO |       📱 Doogee Blade10 Pro | Main=50.0MP | Selfie=8.0MP | AnTuTu=None | Price=$None | IP=IP68 | Populated=42/68 fields
2026-05-30 17:01:26,148 | INFO |   💾 [101/193] saved
2026-05-30 17:01:26,149 | INFO | 
  [102/193]
2026-05-30 17:01:26,149 | INFO |   ⏳ 23.9s (req #108)
2026-05-30 17:01:51,018 | INFO |   GET https://www.gsmarena.com/doogee_blade10-13389.php → 200
2026-05-30 17:01:51,047 | INFO |       📱 Doogee Blade10 | Main=16.0MP | Selfie=8.0MP | AnTuTu=None | Price=$None | IP=IP68 | Populated=42/68 fields
2026-05-30 17:01:51,050 | INFO |   💾 [102/193] saved
2026-05-30 17:01:51,051 | INFO | 
  [103/193]
2026-05-30 17:01:51,051 | INFO |   ⏳ 32.5s (req #109)
2026-05-30 17:02:24,398 | INFO |   GET https://www.gsmarena.com/doogee_s_cyber-13388.php → 200
2026-05-30 17:02:24,413 | INFO |       📱 Doogee S Cyber | Main=50.0MP | Selfie=16.0MP | AnTuTu=None | Price=$None | IP=IP68 | Populated=43/68 fields
2026-05-30 17:02:24,416 | INFO |   💾 [103/193] saved
2026-05-30 17:02:24,416 | INFO | 
  [104/193]
2026-05-30 17:02:24,416 | INFO |   ⏳ 19.1s (req #110)
2026-05-30 17:02:44,479 | INFO |   GET https://www.gsmarena.com/doogee_s_punk-13387.php → 200
2026-05-30 17:02:44,497 | INFO |       📱 Doogee S Punk | Main=50.0MP | Selfie=16.0MP | AnTuTu=None | Price=$None | IP=IP68 | Populated=43/68 fields
2026-05-30 17:02:44,499 | INFO |   💾 [104/193] saved
2026-05-30 17:02:44,499 | INFO | 
  [105/193]
2026-05-30 17:02:44,500 | INFO |   ⏳ 16.8s (req #111)
2026-05-30 17:03:02,364 | INFO |   GET https://www.gsmarena.com/doogee_s118-13386.php → 200
2026-05-30 17:03:02,392 | INFO |       📱 Doogee S118 | Main=50.0MP | Selfie=32.0MP | AnTuTu=None | Price=$None | IP=IP68 | Populated=44/68 fields
2026-05-30 17:03:02,396 | INFO |   💾 [105/193] saved
2026-05-30 17:03:02,396 | INFO | 
  [106/193]
2026-05-30 17:03:02,396 | INFO |   ⏳ 28.2s (req #112)
2026-05-30 17:03:31,709 | INFO |   GET https://www.gsmarena.com/doogee_v_max_plus-13382.php → 200
2026-05-30 17:03:31,737 | INFO |       📱 Doogee V Max Plus | Main=200.0MP | Selfie=32.0MP | AnTuTu=None | Price=$None | IP=IP68 | Populated=48/68 fields
2026-05-30 17:03:31,741 | INFO |   💾 [106/193] saved
2026-05-30 17:03:31,742 | INFO | 
  [107/193]
2026-05-30 17:03:31,742 | INFO |   ⏳ 35.6s (req #113)
2026-05-30 17:04:08,313 | INFO |   GET https://www.gsmarena.com/doogee_s41_max-13381.php → 200
2026-05-30 17:04:08,379 | INFO |       📱 Doogee S41 Max | Main=13.0MP | Selfie=8.0MP | AnTuTu=None | Price=$None | IP=IP68 | Populated=43/68 fields
2026-05-30 17:04:08,382 | INFO |   💾 [107/193] saved
2026-05-30 17:04:08,383 | INFO | 
  [108/193]
2026-05-30 17:04:08,383 | INFO |   ⏳ 30.8s (req #114)
2026-05-30 17:04:40,265 | INFO |   GET https://www.gsmarena.com/doogee_s41_plus-13380.php → 200
2026-05-30 17:04:40,289 | INFO |       📱 Doogee S41 Plus | Main=13.0MP | Selfie=8.0MP | AnTuTu=None | Price=$None | IP=IP68 | Populated=43/68 fields
2026-05-30 17:04:40,292 | INFO |   💾 [108/193] saved
2026-05-30 17:04:40,293 | INFO | 
  [109/193]
2026-05-30 17:04:40,294 | INFO |   ⏳ 31.9s (req #115)
2026-05-30 17:05:13,277 | INFO |   GET https://www.gsmarena.com/doogee_s41t-13379.php → 200
2026-05-30 17:05:13,303 | INFO |       📱 Doogee S41T | Main=13.0MP | Selfie=8.0MP | AnTuTu=None | Price=$None | IP=IP68 | Populated=43/68 fields
2026-05-30 17:05:13,307 | INFO |   💾 [109/193] saved
2026-05-30 17:05:13,308 | INFO | 
  [110/193]
2026-05-30 17:05:13,308 | INFO |   ⏳ 18.8s (req #116)
2026-05-30 17:05:33,054 | INFO |   GET https://www.gsmarena.com/doogee_v20s-13159.php → 200
2026-05-30 17:05:33,082 | INFO |       📱 Doogee V20S | Main=50.0MP | Selfie=20.0MP | AnTuTu=None | Price=$None | IP=IP68 | Populated=45/68 fields
2026-05-30 17:05:33,086 | INFO |   💾 [110/193] saved
2026-05-30 17:05:33,086 | INFO | 
  [111/193]
2026-05-30 17:05:33,087 | INFO |   ⏳ 15.4s (req #117)
2026-05-30 17:05:49,563 | INFO |   GET https://www.gsmarena.com/doogee_t10w-13425.php → 200
2026-05-30 17:05:49,589 | INFO |       📱 Doogee T10W | Main=5.0MP | Selfie=2.0MP | AnTuTu=None | Price=$None | IP=None | Populated=42/68 fields
2026-05-30 17:05:49,594 | INFO |   💾 [111/193] saved
2026-05-30 17:05:49,595 | INFO | 
  [112/193]
2026-05-30 17:05:49,595 | INFO |   ⏳ 44.5s (req #118)
2026-05-30 17:06:35,129 | INFO |   GET https://www.gsmarena.com/doogee_r08-13423.php → 200
2026-05-30 17:06:35,158 | INFO |       📱 Doogee R08 | Main=13.0MP | Selfie=5.0MP | AnTuTu=None | Price=$None | IP=IP68 | Populated=42/68 fields
2026-05-30 17:06:35,162 | INFO |   💾 [112/193] saved
2026-05-30 17:06:35,162 | INFO | 
  [113/193]
2026-05-30 17:06:35,163 | INFO |   ⏳ 17.1s (req #119)
2026-05-30 17:06:53,378 | INFO |   GET https://www.gsmarena.com/doogee_r20-13424.php → 200
2026-05-30 17:06:53,407 | INFO |       📱 Doogee R20 | Main=50.0MP | Selfie=16.0MP | AnTuTu=None | Price=$None | IP=IP68 | Populated=45/68 fields
2026-05-30 17:06:53,411 | INFO |   💾 [113/193] saved
2026-05-30 17:06:53,411 | INFO | 
  [114/193]
2026-05-30 17:06:53,411 | INFO |   ☕ Long pause 150s ...
2026-05-30 17:09:23,863 | INFO |   GET https://www.gsmarena.com/doogee_t30_max-12869.php → 200
2026-05-30 17:09:23,903 | INFO |       📱 Doogee T30 Max | Main=50.0MP | Selfie=20.0MP | AnTuTu=None | Price=$None | IP=None | Populated=40/68 fields
2026-05-30 17:09:23,907 | INFO |   💾 [114/193] saved
2026-05-30 17:09:23,907 | INFO | 
  [115/193]
2026-05-30 17:09:23,908 | INFO |   ⏳ 15.1s (req #121)
2026-05-30 17:09:40,073 | INFO |   GET https://www.gsmarena.com/doogee_t30e-13419.php → 200
2026-05-30 17:09:40,101 | INFO |       📱 Doogee T30E | Main=13.0MP | Selfie=5.0MP | AnTuTu=None | Price=$None | IP=None | Populated=42/68 fields
2026-05-30 17:09:40,105 | INFO |   💾 [115/193] saved
2026-05-30 17:09:40,105 | INFO | 
  [116/193]
2026-05-30 17:09:40,105 | INFO |   ⏳ 33.0s (req #122)
2026-05-30 17:10:14,024 | INFO |   GET https://www.gsmarena.com/doogee_t30se-13418.php → 200
2026-05-30 17:10:14,051 | INFO |       📱 Doogee T30SE | Main=13.0MP | Selfie=5.0MP | AnTuTu=None | Price=$None | IP=None | Populated=42/68 fields
2026-05-30 17:10:14,057 | INFO |   💾 [116/193] saved
2026-05-30 17:10:14,057 | INFO | 
  [117/193]
2026-05-30 17:10:14,058 | INFO |   ⏳ 30.5s (req #123)
2026-05-30 17:10:45,667 | INFO |   GET https://www.gsmarena.com/doogee_t30s-13413.php → 200
2026-05-30 17:10:45,694 | INFO |       📱 Doogee T30S | Main=13.0MP | Selfie=8.0MP | AnTuTu=None | Price=$None | IP=None | Populated=41/68 fields
2026-05-30 17:10:45,698 | INFO |   💾 [117/193] saved
2026-05-30 17:10:45,698 | INFO | 
  [118/193]
2026-05-30 17:10:45,698 | INFO |   ⏳ 35.8s (req #124)
2026-05-30 17:11:22,530 | INFO |   GET https://www.gsmarena.com/doogee_dk10-12858.php → 200
2026-05-30 17:11:22,563 | INFO |       📱 Doogee DK10 | Main=50.0MP | Selfie=50.0MP | AnTuTu=None | Price=$None | IP=IP68 | Populated=48/68 fields
2026-05-30 17:11:22,566 | INFO |   💾 [118/193] saved
2026-05-30 17:11:22,566 | INFO | 
  [119/193]
2026-05-30 17:11:22,567 | INFO |   ⏳ 21.7s (req #125)
2026-05-30 17:11:45,275 | INFO |   GET https://www.gsmarena.com/doogee_smini-12647.php → 200
2026-05-30 17:11:45,303 | INFO |       📱 Doogee Smini | Main=50.0MP | Selfie=8.0MP | AnTuTu=None | Price=$None | IP=IP68 | Populated=42/68 fields
2026-05-30 17:11:45,308 | INFO |   💾 [119/193] saved
2026-05-30 17:11:45,309 | INFO | 
  [120/193]
2026-05-30 17:11:45,309 | INFO |   ⏳ 21.5s (req #126)
2026-05-30 17:12:07,786 | INFO |   GET https://www.gsmarena.com/doogee_v30_pro-12634.php → 200
2026-05-30 17:12:07,821 | INFO |       📱 Doogee V30 Pro | Main=200.0MP | Selfie=32.0MP | AnTuTu=None | Price=$None | IP=IP68 | Populated=47/68 fields
2026-05-30 17:12:07,824 | INFO |   💾 [120/193] saved
2026-05-30 17:12:07,825 | INFO | 
  [121/193]
2026-05-30 17:12:07,825 | INFO |   ⏳ 34.5s (req #127)
2026-05-30 17:12:43,372 | INFO |   GET https://www.gsmarena.com/doogee_v31gt-12573.php → 200
2026-05-30 17:12:43,401 | INFO |       📱 Doogee V31GT | Main=50.0MP | Selfie=32.0MP | AnTuTu=None | Price=$None | IP=IP68 | Populated=48/68 fields
2026-05-30 17:12:43,404 | INFO |   💾 [121/193] saved
2026-05-30 17:12:43,404 | INFO | 
  [122/193]
2026-05-30 17:12:43,405 | INFO |   ⏳ 32.4s (req #128)
2026-05-30 17:13:16,720 | INFO |   GET https://www.gsmarena.com/doogee_s41_pro-12574.php → 200
2026-05-30 17:13:16,749 | INFO |       📱 Doogee S41 Pro | Main=13.0MP | Selfie=8.0MP | AnTuTu=None | Price=$None | IP=IP68 | Populated=43/68 fields
2026-05-30 17:13:16,753 | INFO |   💾 [122/193] saved
2026-05-30 17:13:16,754 | INFO | 
  [123/193]
2026-05-30 17:13:16,754 | INFO |   ⏳ 43.8s (req #129)
2026-05-30 17:14:01,455 | INFO |   GET https://www.gsmarena.com/doogee_t30_ultra-13406.php → 200
2026-05-30 17:14:01,484 | INFO |       📱 Doogee T30 Ultra | Main=16.0MP | Selfie=8.0MP | AnTuTu=None | Price=$None | IP=None | Populated=43/68 fields
2026-05-30 17:14:01,487 | INFO |   💾 [123/193] saved
2026-05-30 17:14:01,487 | INFO | 
  [124/193]
2026-05-30 17:14:01,487 | INFO |   ⏳ 39.9s (req #130)
2026-05-30 17:14:42,408 | INFO |   GET https://www.gsmarena.com/doogee_t20_ultra-13405.php → 200
2026-05-30 17:14:42,439 | INFO |       📱 Doogee T20 Ultra | Main=16.0MP | Selfie=8.0MP | AnTuTu=None | Price=$None | IP=None | Populated=43/68 fields
2026-05-30 17:14:42,443 | INFO |   💾 [124/193] saved
2026-05-30 17:14:42,443 | INFO | 
  [125/193]
2026-05-30 17:14:42,443 | INFO |   ⏳ 33.1s (req #131)
2026-05-30 17:15:16,500 | INFO |   GET https://www.gsmarena.com/doogee_t10pro-12575.php → 200
2026-05-30 17:15:16,530 | INFO |       📱 Doogee T10Pro | Main=13.0MP | Selfie=8.0MP | AnTuTu=None | Price=$None | IP=None | Populated=42/68 fields
2026-05-30 17:15:16,534 | INFO |   💾 [125/193] saved
2026-05-30 17:15:16,535 | INFO | 
  [126/193]
2026-05-30 17:15:16,535 | INFO |   ⏳ 21.2s (req #132)
2026-05-30 17:15:38,904 | INFO |   GET https://www.gsmarena.com/doogee_t10plus-12576.php → 200
2026-05-30 17:15:38,938 | INFO |       📱 Doogee T10Plus | Main=13.0MP | Selfie=8.0MP | AnTuTu=None | Price=$None | IP=None | Populated=42/68 fields
2026-05-30 17:15:38,941 | INFO |   💾 [126/193] saved
2026-05-30 17:15:38,942 | INFO | 
  [127/193]
2026-05-30 17:15:38,942 | INFO |   ⏳ 22.4s (req #133)
2026-05-30 17:16:02,359 | INFO |   GET https://www.gsmarena.com/doogee_u10_pro-13402.php → 200
2026-05-30 17:16:02,387 | INFO |       📱 Doogee U10 Pro | Main=8.0MP | Selfie=5.0MP | AnTuTu=None | Price=$None | IP=None | Populated=36/68 fields
2026-05-30 17:16:02,391 | INFO |   💾 [127/193] saved
2026-05-30 17:16:02,391 | INFO | 
  [128/193]
2026-05-30 17:16:02,391 | INFO |   ⏳ 44.1s (req #134)
2026-05-30 17:16:47,692 | INFO |   GET https://www.gsmarena.com/doogee_u10-12577.php → 200
2026-05-30 17:16:47,722 | INFO |       📱 Doogee U10 | Main=8.0MP | Selfie=5.0MP | AnTuTu=None | Price=$None | IP=None | Populated=36/68 fields
2026-05-30 17:16:47,726 | INFO |   💾 [128/193] saved
2026-05-30 17:16:47,726 | INFO | 
  [129/193]
2026-05-30 17:16:47,726 | INFO |   ⏳ 28.7s (req #135)
2026-05-30 17:17:17,376 | INFO |   GET https://www.gsmarena.com/doogee_u9-13403.php → 200
2026-05-30 17:17:17,402 | INFO |       📱 Doogee U9 | Main=5.0MP | Selfie=2.0MP | AnTuTu=None | Price=$None | IP=None | Populated=36/68 fields
2026-05-30 17:17:17,406 | INFO |   💾 [129/193] saved
2026-05-30 17:17:17,406 | INFO | 
  [130/193]
2026-05-30 17:17:17,406 | INFO |   ⏳ 35.4s (req #136)
2026-05-30 17:17:53,915 | INFO |   GET https://www.gsmarena.com/doogee_t20mini_kid-12578.php → 200
2026-05-30 17:17:53,941 | INFO |       📱 Doogee T20mini Kid | Main=13.0MP | Selfie=5.0MP | AnTuTu=None | Price=$None | IP=None | Populated=41/68 fields
2026-05-30 17:17:53,946 | INFO |   💾 [130/193] saved
2026-05-30 17:17:53,946 | INFO | 
  [131/193]
2026-05-30 17:17:53,946 | INFO |   ⏳ 18.0s (req #137)
2026-05-30 17:18:13,074 | INFO |   GET https://www.gsmarena.com/doogee_s110-12509.php → 200
2026-05-30 17:18:13,102 | INFO |       📱 Doogee S110 | Main=50.0MP | Selfie=32.0MP | AnTuTu=None | Price=$None | IP=None | Populated=46/68 fields
2026-05-30 17:18:13,106 | INFO |   💾 [131/193] saved
2026-05-30 17:18:13,106 | INFO | 
  [132/193]
2026-05-30 17:18:13,106 | INFO |   ⏳ 33.6s (req #138)
2026-05-30 17:18:47,710 | INFO |   GET https://www.gsmarena.com/doogee_r10-12510.php → 200
2026-05-30 17:18:47,738 | INFO |       📱 Doogee R10 | Main=20.0MP | Selfie=16.0MP | AnTuTu=None | Price=$None | IP=IP68 | Populated=44/68 fields
2026-05-30 17:18:47,741 | INFO |   💾 [132/193] saved
2026-05-30 17:18:47,742 | INFO | 
  [133/193]
2026-05-30 17:18:47,742 | INFO |   ⏳ 40.3s (req #139)
2026-05-30 17:19:29,083 | INFO |   GET https://www.gsmarena.com/doogee_t10e-12511.php → 200
2026-05-30 17:19:29,121 | INFO |       📱 Doogee T10E | Main=8.0MP | Selfie=5.0MP | AnTuTu=None | Price=$None | IP=None | Populated=42/68 fields
2026-05-30 17:19:29,126 | INFO |   💾 [133/193] saved
2026-05-30 17:19:29,126 | INFO | 
  [134/193]
2026-05-30 17:19:29,126 | INFO |   ⏳ 21.7s (req #140)
2026-05-30 17:19:51,895 | INFO |   GET https://www.gsmarena.com/doogee_t20mini_pro-13404.php → 200
2026-05-30 17:19:51,921 | INFO |       📱 Doogee T20mini Pro | Main=13.0MP | Selfie=5.0MP | AnTuTu=None | Price=$None | IP=None | Populated=41/68 fields
2026-05-30 17:19:51,926 | INFO |   💾 [134/193] saved
2026-05-30 17:19:51,926 | INFO | 
  [135/193]
2026-05-30 17:19:51,926 | INFO |   ⏳ 42.7s (req #141)
2026-05-30 17:20:35,699 | INFO |   GET https://www.gsmarena.com/doogee_t20mini-12512.php → 200
2026-05-30 17:20:35,731 | INFO |       📱 Doogee T20mini | Main=13.0MP | Selfie=5.0MP | AnTuTu=None | Price=$None | IP=None | Populated=42/68 fields
2026-05-30 17:20:35,734 | INFO |   💾 [135/193] saved
2026-05-30 17:20:35,734 | INFO | 
  [136/193]
2026-05-30 17:20:35,734 | INFO |   ⏳ 34.6s (req #142)
2026-05-30 17:21:11,324 | INFO |   GET https://www.gsmarena.com/doogee_t20s-12412.php → 200
2026-05-30 17:21:11,350 | INFO |       📱 Doogee T20S | Main=13.0MP | Selfie=5.0MP | AnTuTu=None | Price=$None | IP=None | Populated=39/68 fields
2026-05-30 17:21:11,353 | INFO |   💾 [136/193] saved
2026-05-30 17:21:11,353 | INFO | 
  [137/193]
2026-05-30 17:21:11,353 | INFO |   ⏳ 17.0s (req #143)
2026-05-30 17:21:29,333 | INFO |   GET https://www.gsmarena.com/doogee_t10s-12411.php → 200
2026-05-30 17:21:29,362 | INFO |       📱 Doogee T10S | Main=8.0MP | Selfie=5.0MP | AnTuTu=None | Price=$None | IP=None | Populated=40/68 fields
2026-05-30 17:21:29,366 | INFO |   💾 [137/193] saved
2026-05-30 17:21:29,367 | INFO | 
  [138/193]
2026-05-30 17:21:29,367 | INFO |   ⏳ 20.0s (req #144)
2026-05-30 17:21:50,407 | INFO |   GET https://www.gsmarena.com/doogee_n50_pro-13400.php → 200
2026-05-30 17:21:50,433 | INFO |       📱 Doogee N50 Pro | Main=50.0MP | Selfie=8.0MP | AnTuTu=None | Price=$None | IP=None | Populated=41/68 fields
2026-05-30 17:21:50,437 | INFO |   💾 [138/193] saved
2026-05-30 17:21:50,438 | INFO | 
  [139/193]
2026-05-30 17:21:50,438 | INFO |   ⏳ 29.1s (req #145)
2026-05-30 17:22:20,640 | INFO |   GET https://www.gsmarena.com/doogee_n50s-13401.php → 200
2026-05-30 17:22:20,676 | INFO |       📱 Doogee N50S | Main=20.0MP | Selfie=8.0MP | AnTuTu=None | Price=$None | IP=None | Populated=39/68 fields
2026-05-30 17:22:20,680 | INFO |   💾 [139/193] saved
2026-05-30 17:22:20,680 | INFO | 
  [140/193]
2026-05-30 17:22:20,681 | INFO |   ⏳ 42.2s (req #146)
2026-05-30 17:23:03,876 | INFO |   GET https://www.gsmarena.com/doogee_n50-12369.php → 200
2026-05-30 17:23:03,903 | INFO |       📱 Doogee N50 | Main=50.0MP | Selfie=8.0MP | AnTuTu=None | Price=$None | IP=None | Populated=41/68 fields
2026-05-30 17:23:03,907 | INFO |   💾 [140/193] saved
2026-05-30 17:23:03,907 | INFO | 
  [141/193]
2026-05-30 17:23:03,908 | INFO |   ⏳ 37.3s (req #147)
2026-05-30 17:23:42,333 | INFO |   GET https://www.gsmarena.com/doogee_v30t-12368.php → 200
2026-05-30 17:23:42,362 | INFO |       📱 Doogee V30T | Main=108.0MP | Selfie=32.0MP | AnTuTu=None | Price=$None | IP=IP68 | Populated=52/68 fields
2026-05-30 17:23:42,366 | INFO |   💾 [141/193] saved
2026-05-30 17:23:42,366 | INFO | 
  [142/193]
2026-05-30 17:23:42,366 | INFO |   ⏳ 29.1s (req #148)
2026-05-30 17:24:12,584 | INFO |   GET https://www.gsmarena.com/doogee_s100_pro-12367.php → 200
2026-05-30 17:24:12,613 | INFO |       📱 Doogee S100 Pro | Main=108.0MP | Selfie=32.0MP | AnTuTu=None | Price=$None | IP=IP68 | Populated=45/68 fields
2026-05-30 17:24:12,617 | INFO |   💾 [142/193] saved
2026-05-30 17:24:12,617 | INFO | 
  [143/193]
2026-05-30 17:24:12,617 | INFO |   ⏳ 27.0s (req #149)
2026-05-30 17:24:40,626 | INFO |   GET https://www.gsmarena.com/doogee_v20_pro-12366.php → 200
2026-05-30 17:24:40,662 | INFO |       📱 Doogee V20 Pro | Main=64.0MP | Selfie=16.0MP | AnTuTu=None | Price=$None | IP=IP68 | Populated=47/68 fields
2026-05-30 17:24:40,673 | INFO |   💾 [143/193] saved
2026-05-30 17:24:40,673 | INFO | 
  [144/193]
2026-05-30 17:24:40,673 | INFO |   ☕ Long pause 126s ...
2026-05-30 17:26:48,063 | INFO |   GET https://www.gsmarena.com/doogee_t30_pro-12370.php → 200
2026-05-30 17:26:48,092 | INFO |       📱 Doogee T30 Pro | Main=20.0MP | Selfie=8.0MP | AnTuTu=None | Price=$None | IP=None | Populated=41/68 fields
2026-05-30 17:26:48,095 | INFO |   💾 [144/193] saved
2026-05-30 17:26:48,096 | INFO | 
  [145/193]
2026-05-30 17:26:48,096 | INFO |   ⏳ 38.6s (req #151)
2026-05-30 17:27:27,705 | INFO |   GET https://www.gsmarena.com/doogee_x98_pro-12129.php → 200
2026-05-30 17:27:27,731 | INFO |       📱 Doogee X98 Pro | Main=12.0MP | Selfie=8.0MP | AnTuTu=None | Price=$None | IP=None | Populated=42/68 fields
2026-05-30 17:27:27,735 | INFO |   💾 [145/193] saved
2026-05-30 17:27:27,735 | INFO | 
  [146/193]
2026-05-30 17:27:27,735 | INFO |   ⏳ 43.6s (req #152)
2026-05-30 17:28:12,399 | INFO |   GET https://www.gsmarena.com/doogee_x98-12130.php → 200
2026-05-30 17:28:12,437 | INFO |       📱 Doogee X98 | Main=8.0MP | Selfie=5.0MP | AnTuTu=None | Price=$None | IP=None | Populated=41/68 fields
2026-05-30 17:28:12,441 | INFO |   💾 [146/193] saved
2026-05-30 17:28:12,441 | INFO | 
  [147/193]
2026-05-30 17:28:12,442 | INFO |   ⏳ 17.0s (req #153)
2026-05-30 17:28:30,434 | INFO |   GET https://www.gsmarena.com/doogee_s99-12128.php → 200
2026-05-30 17:28:30,462 | INFO |       📱 Doogee S99 | Main=108.0MP | Selfie=32.0MP | AnTuTu=None | Price=$None | IP=IP68 | Populated=45/68 fields
2026-05-30 17:28:30,466 | INFO |   💾 [147/193] saved
2026-05-30 17:28:30,467 | INFO | 
  [148/193]
2026-05-30 17:28:30,467 | INFO |   ⏳ 34.2s (req #154)
2026-05-30 17:29:05,634 | INFO |   GET https://www.gsmarena.com/doogee_v_max-12122.php → 200
2026-05-30 17:29:05,663 | INFO |       📱 Doogee V Max | Main=108.0MP | Selfie=32.0MP | AnTuTu=None | Price=$None | IP=IP68 | Populated=48/68 fields
2026-05-30 17:29:05,666 | INFO |   💾 [148/193] saved
2026-05-30 17:29:05,667 | INFO | 
  [149/193]
2026-05-30 17:29:05,667 | INFO |   ⏳ 29.7s (req #155)
2026-05-30 17:29:36,435 | INFO |   GET https://www.gsmarena.com/doogee_s100-12111.php → 200
2026-05-30 17:29:36,466 | INFO |       📱 Doogee S100 | Main=108.0MP | Selfie=32.0MP | AnTuTu=None | Price=$None | IP=IP68 | Populated=46/68 fields
2026-05-30 17:29:36,469 | INFO |   💾 [149/193] saved
2026-05-30 17:29:36,469 | INFO | 
  [150/193]
2026-05-30 17:29:36,470 | INFO |   ⏳ 38.4s (req #156)
2026-05-30 17:30:15,818 | INFO |   GET https://www.gsmarena.com/doogee_v30-12123.php → 200
2026-05-30 17:30:15,849 | INFO |       📱 Doogee V30 | Main=108.0MP | Selfie=32.0MP | AnTuTu=None | Price=$None | IP=IP68 | Populated=51/68 fields
2026-05-30 17:30:15,853 | INFO |   💾 [150/193] saved
2026-05-30 17:30:15,854 | INFO | 
  [151/193]
2026-05-30 17:30:15,854 | INFO |   ⏳ 28.4s (req #157)
2026-05-30 17:30:45,394 | INFO |   GET https://www.gsmarena.com/doogee_t20-12132.php → 200
2026-05-30 17:30:45,422 | INFO |       📱 Doogee T20 | Main=16.0MP | Selfie=8.0MP | AnTuTu=None | Price=$None | IP=None | Populated=42/68 fields
2026-05-30 17:30:45,426 | INFO |   💾 [151/193] saved
2026-05-30 17:30:45,426 | INFO | 
  [152/193]
2026-05-30 17:30:45,426 | INFO |   ⏳ 43.1s (req #158)
2026-05-30 17:31:29,687 | INFO |   GET https://www.gsmarena.com/doogee_t10-11969.php → 200
2026-05-30 17:31:29,713 | INFO |       📱 Doogee T10 | Main=13.0MP | Selfie=8.0MP | AnTuTu=None | Price=$None | IP=None | Populated=42/68 fields
2026-05-30 17:31:29,715 | INFO |   💾 [152/193] saved
2026-05-30 17:31:29,715 | INFO | 
  [153/193]
2026-05-30 17:31:29,715 | INFO |   ⏳ 44.9s (req #159)
2026-05-30 17:32:15,543 | INFO |   GET https://www.gsmarena.com/doogee_s96_gt-11934.php → 200
2026-05-30 17:32:15,571 | INFO |       📱 Doogee S96 GT | Main=48.0MP | Selfie=32.0MP | AnTuTu=None | Price=$None | IP=IP68 | Populated=48/68 fields
2026-05-30 17:32:15,576 | INFO |   💾 [153/193] saved
2026-05-30 17:32:15,576 | INFO | 
  [154/193]
2026-05-30 17:32:15,576 | INFO |   ⏳ 29.6s (req #160)
2026-05-30 17:32:46,115 | INFO |   GET https://www.gsmarena.com/doogee_s89-11775.php → 200
2026-05-30 17:32:46,144 | INFO |       📱 Doogee S89 | Main=48.0MP | Selfie=16.0MP | AnTuTu=None | Price=$None | IP=IP68 | Populated=46/68 fields
2026-05-30 17:32:46,148 | INFO |   💾 [154/193] saved
2026-05-30 17:32:46,148 | INFO | 
  [155/193]
2026-05-30 17:32:46,149 | INFO |   ⏳ 16.7s (req #161)
2026-05-30 17:33:04,017 | INFO |   GET https://www.gsmarena.com/doogee_s89_pro-11774.php → 200
2026-05-30 17:33:04,049 | INFO |       📱 Doogee S89 Pro | Main=64.0MP | Selfie=16.0MP | AnTuTu=None | Price=$None | IP=IP68 | Populated=45/68 fields
2026-05-30 17:33:04,053 | INFO |   💾 [155/193] saved
2026-05-30 17:33:04,053 | INFO | 
  [156/193]
2026-05-30 17:33:04,054 | INFO |   ⏳ 41.0s (req #162)
2026-05-30 17:33:46,028 | INFO |   GET https://www.gsmarena.com/doogee_x97-11814.php → 200
2026-05-30 17:33:46,059 | INFO |       📱 Doogee X97 | Main=8.0MP | Selfie=5.0MP | AnTuTu=None | Price=$None | IP=None | Populated=41/68 fields
2026-05-30 17:33:46,062 | INFO |   💾 [156/193] saved
2026-05-30 17:33:46,063 | INFO | 
  [157/193]
2026-05-30 17:33:46,063 | INFO |   ⏳ 24.6s (req #163)
2026-05-30 17:34:11,903 | INFO |   GET https://www.gsmarena.com/doogee_d11-11799.php → 200
2026-05-30 17:34:11,930 | INFO |       📱 Doogee D11 | Main=NoneMP | Selfie=NoneMP | AnTuTu=None | Price=$None | IP=IP68 | Populated=23/68 fields
2026-05-30 17:34:11,935 | INFO |   💾 [157/193] saved
2026-05-30 17:34:11,935 | INFO | 
  [158/193]
2026-05-30 17:34:11,936 | INFO |   ⏳ 33.9s (req #164)
2026-05-30 17:34:46,784 | INFO |   GET https://www.gsmarena.com/doogee_v11-11806.php → 200
2026-05-30 17:34:46,818 | INFO |       📱 Doogee V11 | Main=48.0MP | Selfie=16.0MP | AnTuTu=None | Price=$None | IP=IP68 | Populated=47/68 fields
2026-05-30 17:34:46,823 | INFO |   💾 [158/193] saved
2026-05-30 17:34:46,823 | INFO | 
  [159/193]
2026-05-30 17:34:46,823 | INFO |   ⏳ 42.6s (req #165)
2026-05-30 17:35:30,370 | INFO |   GET https://www.gsmarena.com/doogee_cs3-11798.php → 200
2026-05-30 17:35:30,395 | INFO |       📱 Doogee CS3 | Main=NoneMP | Selfie=NoneMP | AnTuTu=None | Price=$None | IP=IP68 | Populated=22/68 fields
2026-05-30 17:35:30,400 | INFO |   💾 [159/193] saved
2026-05-30 17:35:30,400 | INFO | 
  [160/193]
2026-05-30 17:35:30,400 | INFO |   ⏳ 29.8s (req #166)
2026-05-30 17:36:01,167 | INFO |   GET https://www.gsmarena.com/doogee_s61_pro-11784.php → 200
2026-05-30 17:36:01,195 | INFO |       📱 Doogee S61 Pro | Main=48.0MP | Selfie=16.0MP | AnTuTu=None | Price=$None | IP=IP68 | Populated=45/68 fields
2026-05-30 17:36:01,199 | INFO |   💾 [160/193] saved
2026-05-30 17:36:01,200 | INFO | 
  [161/193]
2026-05-30 17:36:01,200 | INFO |   ⏳ 35.4s (req #167)
2026-05-30 17:36:37,694 | INFO |   GET https://www.gsmarena.com/doogee_s61-11785.php → 200
2026-05-30 17:36:37,727 | INFO |       📱 Doogee S61 | Main=20.0MP | Selfie=8.0MP | AnTuTu=None | Price=$None | IP=IP68 | Populated=45/68 fields
2026-05-30 17:36:37,731 | INFO |   💾 [161/193] saved
2026-05-30 17:36:37,732 | INFO | 
  [162/193]
2026-05-30 17:36:37,732 | INFO |   ⏳ 26.7s (req #168)
2026-05-30 17:37:05,534 | INFO |   GET https://www.gsmarena.com/doogee_s51-13393.php → 200
2026-05-30 17:37:05,562 | INFO |       📱 Doogee S51 | Main=12.0MP | Selfie=8.0MP | AnTuTu=None | Price=$None | IP=IP68 | Populated=43/68 fields
2026-05-30 17:37:05,566 | INFO |   💾 [162/193] saved
2026-05-30 17:37:05,566 | INFO | 
  [163/193]
2026-05-30 17:37:05,566 | INFO |   ⏳ 39.3s (req #169)
2026-05-30 17:37:45,902 | INFO |   GET https://www.gsmarena.com/doogee_x97_pro-11815.php → 200
2026-05-30 17:37:45,931 | INFO |       📱 Doogee X97 Pro | Main=12.0MP | Selfie=5.0MP | AnTuTu=None | Price=$None | IP=None | Populated=42/68 fields
2026-05-30 17:37:45,935 | INFO |   💾 [163/193] saved
2026-05-30 17:37:45,936 | INFO | 
  [164/193]
2026-05-30 17:37:45,936 | INFO |   ⏳ 17.1s (req #170)
2026-05-30 17:38:04,012 | INFO |   GET https://www.gsmarena.com/doogee_s98_pro-11802.php → 200
2026-05-30 17:38:04,052 | INFO |       📱 Doogee S98 Pro | Main=48.0MP | Selfie=16.0MP | AnTuTu=None | Price=$None | IP=IP68 | Populated=46/68 fields
2026-05-30 17:38:04,056 | INFO |   💾 [164/193] saved
2026-05-30 17:38:04,056 | INFO | 
  [165/193]
2026-05-30 17:38:04,056 | INFO |   ⏳ 34.5s (req #171)
2026-05-30 17:38:39,626 | INFO |   GET https://www.gsmarena.com/doogee_s98-11804.php → 200
2026-05-30 17:38:39,654 | INFO |       📱 Doogee S98 | Main=64.0MP | Selfie=16.0MP | AnTuTu=None | Price=$None | IP=IP68 | Populated=46/68 fields
2026-05-30 17:38:39,657 | INFO |   💾 [165/193] saved
2026-05-30 17:38:39,657 | INFO | 
  [166/193]
2026-05-30 17:38:39,658 | INFO |   ⏳ 23.9s (req #172)
2026-05-30 17:39:04,555 | INFO |   GET https://www.gsmarena.com/doogee_s35t-11790.php → 200
2026-05-30 17:39:04,585 | INFO |       📱 Doogee S35T | Main=13.0MP | Selfie=5.0MP | AnTuTu=None | Price=$None | IP=IP68 | Populated=45/68 fields
2026-05-30 17:39:04,589 | INFO |   💾 [166/193] saved
2026-05-30 17:39:04,589 | INFO | 
  [167/193]
2026-05-30 17:39:04,590 | INFO |   ⏳ 21.3s (req #173)
2026-05-30 17:39:26,992 | INFO |   GET https://www.gsmarena.com/doogee_v20-11807.php → 200
2026-05-30 17:39:27,019 | INFO |       📱 Doogee V20 | Main=64.0MP | Selfie=16.0MP | AnTuTu=None | Price=$None | IP=IP68 | Populated=47/68 fields
2026-05-30 17:39:27,024 | INFO |   💾 [167/193] saved
2026-05-30 17:39:27,025 | INFO | 
  [168/193]
2026-05-30 17:39:27,025 | INFO |   ⏳ 15.2s (req #174)
2026-05-30 17:39:43,380 | INFO |   GET https://www.gsmarena.com/doogee_cr1_pro-11797.php → 200
2026-05-30 17:39:43,406 | INFO |       📱 Doogee CR1 Pro | Main=NoneMP | Selfie=NoneMP | AnTuTu=None | Price=$None | IP=None | Populated=22/68 fields
2026-05-30 17:39:43,410 | INFO |   💾 [168/193] saved
2026-05-30 17:39:43,410 | INFO | 
  [169/193]
2026-05-30 17:39:43,410 | INFO |   ⏳ 18.0s (req #175)
2026-05-30 17:40:02,469 | INFO |   GET https://www.gsmarena.com/doogee_x96-11812.php → 200
2026-05-30 17:40:02,495 | INFO |       📱 Doogee X96 | Main=8.0MP | Selfie=5.0MP | AnTuTu=None | Price=$None | IP=None | Populated=43/68 fields
2026-05-30 17:40:02,500 | INFO |   💾 [169/193] saved
2026-05-30 17:40:02,500 | INFO | 
  [170/193]
2026-05-30 17:40:02,500 | INFO |   ⏳ 38.0s (req #176)
2026-05-30 17:40:41,590 | INFO |   GET https://www.gsmarena.com/doogee_dg_ares-11796.php → 200
2026-05-30 17:40:41,617 | INFO |       📱 Doogee DG Ares | Main=NoneMP | Selfie=NoneMP | AnTuTu=None | Price=$None | IP=None | Populated=21/68 fields
2026-05-30 17:40:41,620 | INFO |   💾 [170/193] saved
2026-05-30 17:40:41,621 | INFO | 
  [171/193]
2026-05-30 17:40:41,621 | INFO |   ⏳ 20.3s (req #177)
2026-05-30 17:41:02,930 | INFO |   GET https://www.gsmarena.com/doogee_x93-11808.php → 200
2026-05-30 17:41:02,968 | INFO |       📱 Doogee X93 | Main=8.0MP | Selfie=5.0MP | AnTuTu=None | Price=$None | IP=None | Populated=42/68 fields
2026-05-30 17:41:02,972 | INFO |   💾 [171/193] saved
2026-05-30 17:41:02,973 | INFO | 
  [172/193]
2026-05-30 17:41:02,973 | INFO |   ⏳ 26.7s (req #178)
2026-05-30 17:41:30,704 | INFO |   GET https://www.gsmarena.com/doogee_v10-11805.php → 200
2026-05-30 17:41:30,734 | INFO |       📱 Doogee V10 | Main=48.0MP | Selfie=16.0MP | AnTuTu=None | Price=$None | IP=IP68 | Populated=47/68 fields
2026-05-30 17:41:30,737 | INFO |   💾 [172/193] saved
2026-05-30 17:41:30,738 | INFO | 
  [173/193]
2026-05-30 17:41:30,738 | INFO |   ⏳ 36.7s (req #179)
2026-05-30 17:42:08,493 | INFO |   GET https://www.gsmarena.com/doogee_s35-11791.php → 200
2026-05-30 17:42:08,520 | INFO |       📱 Doogee S35 | Main=13.0MP | Selfie=5.0MP | AnTuTu=None | Price=$None | IP=IP68 | Populated=44/68 fields
2026-05-30 17:42:08,524 | INFO |   💾 [173/193] saved
2026-05-30 17:42:08,524 | INFO | 
  [174/193]
2026-05-30 17:42:08,524 | INFO |   ☕ Long pause 210s ...
2026-05-30 17:45:39,435 | INFO |   GET https://www.gsmarena.com/doogee_n40_pro-11821.php → 200
2026-05-30 17:45:39,461 | INFO |       📱 Doogee N40 Pro | Main=20.0MP | Selfie=16.0MP | AnTuTu=None | Price=$None | IP=None | Populated=42/68 fields
2026-05-30 17:45:39,467 | INFO |   💾 [174/193] saved
2026-05-30 17:45:39,467 | INFO | 
  [175/193]
2026-05-30 17:45:39,467 | INFO |   ⏳ 34.5s (req #181)
2026-05-30 17:46:15,023 | INFO |   GET https://www.gsmarena.com/doogee_s86_pro-11778.php → 200
2026-05-30 17:46:15,056 | INFO |       📱 Doogee S86 Pro | Main=16.0MP | Selfie=8.0MP | AnTuTu=None | Price=$None | IP=IP68 | Populated=46/68 fields
2026-05-30 17:46:15,060 | INFO |   💾 [175/193] saved
2026-05-30 17:46:15,061 | INFO | 
  [176/193]
2026-05-30 17:46:15,061 | INFO |   ⏳ 32.5s (req #182)
2026-05-30 17:46:48,588 | INFO |   GET https://www.gsmarena.com/doogee_u7-13412.php → 200
2026-05-30 17:46:48,614 | INFO |       📱 Doogee U7 | Main=2.0MP | Selfie=0.3MP | AnTuTu=None | Price=$None | IP=None | Populated=35/68 fields
2026-05-30 17:46:48,619 | INFO |   💾 [176/193] saved
2026-05-30 17:46:48,619 | INFO | 
  [177/193]
2026-05-30 17:46:48,620 | INFO |   ⏳ 37.0s (req #183)
2026-05-30 17:47:26,717 | INFO |   GET https://www.gsmarena.com/doogee_x96_pro-11813.php → 200
2026-05-30 17:47:26,755 | INFO |       📱 Doogee X96 Pro | Main=13.0MP | Selfie=8.0MP | AnTuTu=None | Price=$None | IP=None | Populated=43/68 fields
2026-05-30 17:47:26,758 | INFO |   💾 [177/193] saved
2026-05-30 17:47:26,759 | INFO | 
  [178/193]
2026-05-30 17:47:26,759 | INFO |   ⏳ 30.2s (req #184)
2026-05-30 17:47:57,973 | INFO |   GET https://www.gsmarena.com/doogee_cs2-11795.php → 200
2026-05-30 17:47:58,055 | INFO |       📱 Doogee CS2 | Main=NoneMP | Selfie=NoneMP | AnTuTu=None | Price=$None | IP=IP68 | Populated=22/68 fields
2026-05-30 17:47:58,059 | INFO |   💾 [178/193] saved
2026-05-30 17:47:58,059 | INFO | 
  [179/193]
2026-05-30 17:47:58,059 | INFO |   ⏳ 38.5s (req #185)
2026-05-30 17:48:37,656 | INFO |   GET https://www.gsmarena.com/doogee_s97_pro-11801.php → 200
2026-05-30 17:48:37,683 | INFO |       📱 Doogee S97 Pro | Main=48.0MP | Selfie=16.0MP | AnTuTu=None | Price=$None | IP=IP68 | Populated=45/68 fields
2026-05-30 17:48:37,687 | INFO |   💾 [179/193] saved
2026-05-30 17:48:37,687 | INFO | 
  [180/193]
2026-05-30 17:48:37,687 | INFO |   ⏳ 40.3s (req #186)
2026-05-30 17:49:18,992 | INFO |   GET https://www.gsmarena.com/doogee_cr1-11793.php → 200
2026-05-30 17:49:19,021 | INFO |       📱 Doogee CR1 | Main=NoneMP | Selfie=NoneMP | AnTuTu=None | Price=$None | IP=IP68 | Populated=22/68 fields
2026-05-30 17:49:19,025 | INFO |   💾 [180/193] saved
2026-05-30 17:49:19,025 | INFO | 
  [181/193]
2026-05-30 17:49:19,026 | INFO |   ⏳ 30.9s (req #187)
2026-05-30 17:49:51,001 | INFO |   GET https://www.gsmarena.com/doogee_s59_pro-11786.php → 200
2026-05-30 17:49:51,032 | INFO |       📱 Doogee S59 Pro | Main=16.0MP | Selfie=16.0MP | AnTuTu=None | Price=$None | IP=IP68 | Populated=45/68 fields
2026-05-30 17:49:51,035 | INFO |   💾 [181/193] saved
2026-05-30 17:49:51,035 | INFO | 
  [182/193]
2026-05-30 17:49:51,036 | INFO |   ⏳ 28.3s (req #188)
2026-05-30 17:50:20,402 | INFO |   GET https://www.gsmarena.com/doogee_s86-11779.php → 200
2026-05-30 17:50:20,428 | INFO |       📱 Doogee S86 | Main=16.0MP | Selfie=8.0MP | AnTuTu=None | Price=$None | IP=IP68 | Populated=46/68 fields
2026-05-30 17:50:20,432 | INFO |   💾 [182/193] saved
2026-05-30 17:50:20,433 | INFO | 
  [183/193]
2026-05-30 17:50:20,433 | INFO |   ⏳ 17.3s (req #189)
2026-05-30 17:50:39,050 | INFO |   GET https://www.gsmarena.com/doogee_cs1-11794.php → 200
2026-05-30 17:50:39,074 | INFO |       📱 Doogee CS1 | Main=NoneMP | Selfie=NoneMP | AnTuTu=None | Price=$None | IP=IP68 | Populated=22/68 fields
2026-05-30 17:50:39,078 | INFO |   💾 [183/193] saved
2026-05-30 17:50:39,078 | INFO | 
  [184/193]
2026-05-30 17:50:39,078 | INFO |   ⏳ 43.9s (req #190)
2026-05-30 17:51:24,013 | INFO |   GET https://www.gsmarena.com/doogee_s88_plus-11776.php → 200
2026-05-30 17:51:24,054 | INFO |       📱 Doogee S88 Plus | Main=48.0MP | Selfie=16.0MP | AnTuTu=None | Price=$None | IP=IP68 | Populated=47/68 fields
2026-05-30 17:51:24,059 | INFO |   💾 [184/193] saved
2026-05-30 17:51:24,059 | INFO | 
  [185/193]
2026-05-30 17:51:24,059 | INFO |   ⏳ 40.3s (req #191)
2026-05-30 17:52:05,461 | INFO |   GET https://www.gsmarena.com/doogee_x95_pro-11811.php → 200
2026-05-30 17:52:05,485 | INFO |       📱 Doogee X95 Pro | Main=13.0MP | Selfie=5.0MP | AnTuTu=None | Price=$None | IP=None | Populated=41/68 fields
2026-05-30 17:52:05,489 | INFO |   💾 [185/193] saved
2026-05-30 17:52:05,489 | INFO | 
  [186/193]
2026-05-30 17:52:05,491 | INFO |   ⏳ 39.2s (req #192)
2026-05-30 17:52:45,770 | INFO |   GET https://www.gsmarena.com/doogee_s96_pro-11792.php → 200
2026-05-30 17:52:45,799 | INFO |       📱 Doogee S96 Pro | Main=48.0MP | Selfie=16.0MP | AnTuTu=None | Price=$None | IP=IP68 | Populated=47/68 fields
2026-05-30 17:52:45,802 | INFO |   💾 [186/193] saved
2026-05-30 17:52:45,802 | INFO | 
  [187/193]
2026-05-30 17:52:45,802 | INFO |   ⏳ 36.8s (req #193)
2026-05-30 17:53:23,905 | INFO |   GET https://www.gsmarena.com/doogee_n30-11820.php → 200
2026-05-30 17:53:23,933 | INFO |       📱 Doogee N30 | Main=16.0MP | Selfie=8.0MP | AnTuTu=None | Price=$None | IP=None | Populated=42/68 fields
2026-05-30 17:53:23,937 | INFO |   💾 [187/193] saved
2026-05-30 17:53:23,937 | INFO | 
  [188/193]
2026-05-30 17:53:23,938 | INFO |   ⏳ 25.4s (req #194)
2026-05-30 17:53:50,639 | INFO |   GET https://www.gsmarena.com/doogee_s58_pro-11788.php → 200
2026-05-30 17:53:50,665 | INFO |       📱 Doogee S58 Pro | Main=16.0MP | Selfie=16.0MP | AnTuTu=None | Price=$None | IP=IP68 | Populated=45/68 fields
2026-05-30 17:53:50,670 | INFO |   💾 [188/193] saved
2026-05-30 17:53:50,671 | INFO | 
  [189/193]
2026-05-30 17:53:50,671 | INFO |   ⏳ 27.7s (req #195)
2026-05-30 17:54:19,405 | INFO |   GET https://www.gsmarena.com/doogee_n20_pro-11816.php → 200
2026-05-30 17:54:19,435 | INFO |       📱 Doogee N20 Pro | Main=16.0MP | Selfie=16.0MP | AnTuTu=None | Price=$None | IP=None | Populated=43/68 fields
2026-05-30 17:54:19,439 | INFO |   💾 [189/193] saved
2026-05-30 17:54:19,439 | INFO | 
  [190/193]
2026-05-30 17:54:19,439 | INFO |   ⏳ 30.9s (req #196)
2026-05-30 17:54:51,449 | INFO |   GET https://www.gsmarena.com/doogee_s40_pro-11789.php → 200
2026-05-30 17:54:51,476 | INFO |       📱 Doogee S40 Pro | Main=13.0MP | Selfie=5.0MP | AnTuTu=None | Price=$None | IP=IP68 | Populated=46/68 fields
2026-05-30 17:54:51,480 | INFO |   💾 [190/193] saved
2026-05-30 17:54:51,481 | INFO | 
  [191/193]
2026-05-30 17:54:51,481 | INFO |   ⏳ 43.1s (req #197)
2026-05-30 17:55:35,561 | INFO |   GET https://www.gsmarena.com/doogee_s59-11787.php → 200
2026-05-30 17:55:35,598 | INFO |       📱 Doogee S59 | Main=16.0MP | Selfie=16.0MP | AnTuTu=None | Price=$None | IP=IP68 | Populated=46/68 fields
2026-05-30 17:55:35,603 | INFO |   💾 [191/193] saved
2026-05-30 17:55:35,603 | INFO | 
  [192/193]
2026-05-30 17:55:35,603 | INFO |   ⏳ 32.4s (req #198)
2026-05-30 17:56:09,175 | INFO |   GET https://www.gsmarena.com/doogee_s88_pro-10754.php → 200
2026-05-30 17:56:09,208 | INFO |       📱 Doogee S88 Pro | Main=21.0MP | Selfie=16.0MP | AnTuTu=168125 | Price=$None | IP=IP68 | Populated=51/68 fields
2026-05-30 17:56:09,212 | INFO |   💾 [192/193] saved
2026-05-30 17:56:09,212 | INFO | 
  [193/193]
2026-05-30 17:56:09,212 | INFO |   ⏳ 31.1s (req #199)
2026-05-30 17:56:41,431 | INFO |   GET https://www.gsmarena.com/doogee_x95-11810.php → 200
2026-05-30 17:56:41,458 | INFO |       📱 Doogee X95 | Main=13.0MP | Selfie=5.0MP | AnTuTu=None | Price=$None | IP=None | Populated=41/68 fields
2026-05-30 17:56:41,462 | INFO |   💾 [193/193] saved
2026-05-30 17:56:41,463 | INFO |   ✅ Doogee — 193 phones saved
2026-05-30 17:56:41,463 | INFO | 
============================================================
2026-05-30 17:56:41,463 | INFO | [2/4] Panasonic (123 phones)
2026-05-30 17:56:41,463 | INFO | Elapsed: 119min
2026-05-30 17:56:41,464 | INFO | ============================================================
2026-05-30 17:56:41,464 | INFO |   Fetching phone links for: Panasonic (~123 phones)
2026-05-30 17:56:41,464 | INFO |   ⏳ 30.8s (req #200)
2026-05-30 17:57:13,393 | INFO |   GET https://www.gsmarena.com/panasonic-phones-6.php → 200
2026-05-30 17:57:13,408 | INFO |     Found 4 listing pages
2026-05-30 17:57:13,412 | INFO |     Page 1/4: 50 links so far
2026-05-30 17:57:13,413 | INFO |   ⏳ 15.7s (req #201)
2026-05-30 17:57:30,533 | INFO |   GET https://www.gsmarena.com/# → 200
2026-05-30 17:57:30,571 | INFO |     Page 2/4: 86 links so far
2026-05-30 17:57:30,571 | INFO |   ⏳ 43.8s (req #202)
2026-05-30 17:58:15,373 | INFO |   GET https://www.gsmarena.com/panasonic-phones-f-6-0-p2.php → 200
2026-05-30 17:58:15,390 | INFO |     Page 3/4: 136 links so far
2026-05-30 17:58:15,391 | INFO |   ⏳ 32.2s (req #203)
2026-05-30 17:58:48,627 | INFO |   GET https://www.gsmarena.com/panasonic-phones-f-6-0-p3.php → 200
2026-05-30 17:58:48,640 | INFO |     Page 4/4: 159 links so far
2026-05-30 17:58:48,640 | INFO |   ✅ 159 valid phone spec links for Panasonic
2026-05-30 17:58:48,643 | INFO |   💾 Link list cached → GSMArenaDataset_BATCH8\_links_panasonic.json
2026-05-30 17:58:48,643 | INFO | 
  [1/159]
2026-05-30 17:58:48,643 | INFO |   ⏳ 15.6s (req #204)
2026-05-30 17:59:05,367 | INFO |   GET https://www.gsmarena.com/panasonic_eluga_i7_(2019)-9756.php → 200
2026-05-30 17:59:05,407 | INFO |       📱 Panasonic Eluga I7 (2019) | Main=8.0MP | Selfie=8.0MP | AnTuTu=None | Price=$None | IP=None | Populated=38/68 fields
2026-05-30 17:59:05,412 | INFO |   💾 [1/159] saved
2026-05-30 17:59:05,413 | INFO | 
  [2/159]
2026-05-30 17:59:05,413 | INFO |   ⏳ 27.1s (req #205)
2026-05-30 17:59:33,522 | INFO |   GET https://www.gsmarena.com/panasonic_eluga_ray_800-9618.php → 200
2026-05-30 17:59:33,552 | INFO |       📱 Panasonic Eluga Ray 800 | Main=13.0MP | Selfie=8.0MP | AnTuTu=None | Price=$None | IP=None | Populated=40/68 fields
2026-05-30 17:59:33,556 | INFO |   💾 [2/159] saved
2026-05-30 17:59:33,556 | INFO | 
  [3/159]
2026-05-30 17:59:33,557 | INFO |   ⏳ 25.9s (req #206)
2026-05-30 18:00:00,514 | INFO |   GET https://www.gsmarena.com/panasonic_p85_nxt-9389.php → 200
2026-05-30 18:00:00,548 | INFO |       📱 Panasonic P85 Nxt | Main=8.0MP | Selfie=5.0MP | AnTuTu=None | Price=$None | IP=None | Populated=41/68 fields
2026-05-30 18:00:00,553 | INFO |   💾 [3/159] saved
2026-05-30 18:00:00,553 | INFO | 
  [4/159]
2026-05-30 18:00:00,554 | INFO |   ⏳ 43.6s (req #207)
2026-05-30 18:00:45,186 | INFO |   GET https://www.gsmarena.com/panasonic_eluga_z1_pro-9383.php → 200
2026-05-30 18:00:45,213 | INFO |       📱 Panasonic Eluga Z1 Pro | Main=13.0MP | Selfie=8.0MP | AnTuTu=None | Price=$None | IP=None | Populated=45/68 fields
2026-05-30 18:00:45,217 | INFO |   💾 [4/159] saved
2026-05-30 18:00:45,217 | INFO | 
  [5/159]
2026-05-30 18:00:45,217 | INFO |   ⏳ 31.8s (req #208)
2026-05-30 18:01:18,106 | INFO |   GET https://www.gsmarena.com/panasonic_eluga_ray_530-9376.php → 200
2026-05-30 18:01:18,135 | INFO |       📱 Panasonic Eluga Ray 530 | Main=13.0MP | Selfie=5.0MP | AnTuTu=None | Price=$None | IP=None | Populated=37/68 fields
2026-05-30 18:01:18,138 | INFO |   💾 [5/159] saved
2026-05-30 18:01:18,138 | INFO | 
  [6/159]
2026-05-30 18:01:18,139 | INFO |   ⏳ 19.6s (req #209)
2026-05-30 18:01:38,798 | INFO |   GET https://www.gsmarena.com/panasonic_eluga_ray_600-9362.php → 200
2026-05-30 18:01:38,829 | INFO |       📱 Panasonic Eluga Ray 600 | Main=13.0MP | Selfie=8.0MP | AnTuTu=None | Price=$None | IP=None | Populated=40/68 fields
2026-05-30 18:01:38,833 | INFO |   💾 [6/159] saved
2026-05-30 18:01:38,833 | INFO | 
  [7/159]
2026-05-30 18:01:38,833 | INFO |   ☕ Long pause 151s ...
2026-05-30 18:04:11,117 | INFO |   GET https://www.gsmarena.com/panasonic_eluga_x1_pro-9356.php → 200
2026-05-30 18:04:11,157 | INFO |       📱 Panasonic Eluga X1 Pro | Main=16.0MP | Selfie=16.0MP | AnTuTu=None | Price=$None | IP=None | Populated=43/68 fields
2026-05-30 18:04:11,161 | INFO |   💾 [7/159] saved
2026-05-30 18:04:11,162 | INFO | 
  [8/159]
2026-05-30 18:04:11,162 | INFO |   ⏳ 42.7s (req #211)
2026-05-30 18:04:54,883 | INFO |   GET https://www.gsmarena.com/panasonic_p90-9245.php → 200
2026-05-30 18:04:54,915 | INFO |       📱 Panasonic P90 | Main=5.0MP | Selfie=5.0MP | AnTuTu=None | Price=$None | IP=None | Populated=42/68 fields
2026-05-30 18:04:54,918 | INFO |   💾 [8/159] saved
2026-05-30 18:04:54,918 | INFO | 
  [9/159]
2026-05-30 18:04:54,919 | INFO |   ⏳ 29.1s (req #212)
2026-05-30 18:05:25,086 | INFO |   GET https://www.gsmarena.com/panasonic_p95-9192.php → 200
2026-05-30 18:05:25,113 | INFO |       📱 Panasonic P95 | Main=8.0MP | Selfie=5.0MP | AnTuTu=None | Price=$None | IP=None | Populated=40/68 fields
2026-05-30 18:05:25,117 | INFO |   💾 [9/159] saved
2026-05-30 18:05:25,117 | INFO | 
  [10/159]
2026-05-30 18:05:25,118 | INFO |   ⏳ 41.9s (req #213)
2026-05-30 18:06:08,023 | INFO |   GET https://www.gsmarena.com/panasonic_eluga_i7-9176.php → 200
2026-05-30 18:06:08,054 | INFO |       📱 Panasonic Eluga I7 | Main=8.0MP | Selfie=8.0MP | AnTuTu=None | Price=$None | IP=None | Populated=44/68 fields
2026-05-30 18:06:08,057 | INFO |   💾 [10/159] saved
2026-05-30 18:06:08,058 | INFO | 
  [11/159]
2026-05-30 18:06:08,058 | INFO |   ⏳ 29.1s (req #214)
2026-05-30 18:06:38,237 | INFO |   GET https://www.gsmarena.com/panasonic_eluga_ray_550-9149.php → 200
2026-05-30 18:06:38,268 | INFO |       📱 Panasonic Eluga Ray 550 | Main=13.0MP | Selfie=8.0MP | AnTuTu=None | Price=$None | IP=None | Populated=41/68 fields
2026-05-30 18:06:38,271 | INFO |   💾 [11/159] saved
2026-05-30 18:06:38,271 | INFO | 
  [12/159]
2026-05-30 18:06:38,272 | INFO |   ⏳ 32.6s (req #215)
2026-05-30 18:07:12,047 | INFO |   GET https://www.gsmarena.com/panasonic_p101-9172.php → 200
2026-05-30 18:07:12,078 | INFO |       📱 Panasonic P101 | Main=8.0MP | Selfie=5.0MP | AnTuTu=None | Price=$None | IP=None | Populated=42/68 fields
2026-05-30 18:07:12,082 | INFO |   💾 [12/159] saved
2026-05-30 18:07:12,083 | INFO | 
  [13/159]
2026-05-30 18:07:12,083 | INFO |   ⏳ 15.8s (req #216)
2026-05-30 18:07:28,878 | INFO |   GET https://www.gsmarena.com/panasonic_p100-9062.php → 200
2026-05-30 18:07:28,918 | INFO |       📱 Panasonic P100 | Main=8.0MP | Selfie=5.0MP | AnTuTu=None | Price=$None | IP=None | Populated=43/68 fields
2026-05-30 18:07:28,922 | INFO |   💾 [13/159] saved
2026-05-30 18:07:28,922 | INFO | 
  [14/159]
2026-05-30 18:07:28,922 | INFO |   ⏳ 37.5s (req #217)
2026-05-30 18:08:07,484 | INFO |   GET https://www.gsmarena.com/panasonic_eluga_i9-8960.php → 200
2026-05-30 18:08:07,515 | INFO |       📱 Panasonic Eluga I9 | Main=13.0MP | Selfie=5.0MP | AnTuTu=None | Price=$None | IP=None | Populated=42/68 fields
2026-05-30 18:08:07,519 | INFO |   💾 [14/159] saved
2026-05-30 18:08:07,519 | INFO | 
  [15/159]
2026-05-30 18:08:07,520 | INFO |   ⏳ 20.4s (req #218)
2026-05-30 18:08:28,973 | INFO |   GET https://www.gsmarena.com/panasonic_eluga_c-8954.php → 200
2026-05-30 18:08:29,005 | INFO |       📱 Panasonic Eluga C | Main=13.0MP | Selfie=5.0MP | AnTuTu=None | Price=$None | IP=None | Populated=41/68 fields
2026-05-30 18:08:29,010 | INFO |   💾 [15/159] saved
2026-05-30 18:08:29,011 | INFO | 
  [16/159]
2026-05-30 18:08:29,011 | INFO |   ⏳ 44.8s (req #219)
2026-05-30 18:09:14,868 | INFO |   GET https://www.gsmarena.com/panasonic_p91-8939.php → 200
2026-05-30 18:09:14,896 | INFO |       📱 Panasonic P91 | Main=8.0MP | Selfie=5.0MP | AnTuTu=None | Price=$None | IP=None | Populated=41/68 fields
2026-05-30 18:09:14,901 | INFO |   💾 [16/159] saved
2026-05-30 18:09:14,901 | INFO | 
  [17/159]
2026-05-30 18:09:14,901 | INFO |   ⏳ 42.5s (req #220)
2026-05-30 18:09:58,487 | INFO |   GET https://www.gsmarena.com/panasonic_eluga_i5-8932.php → 200
2026-05-30 18:09:58,517 | INFO |       📱 Panasonic Eluga I5 | Main=13.0MP | Selfie=5.0MP | AnTuTu=None | Price=$None | IP=None | Populated=42/68 fields
2026-05-30 18:09:58,522 | INFO |   💾 [17/159] saved
2026-05-30 18:09:58,522 | INFO | 
  [18/159]
2026-05-30 18:09:58,522 | INFO |   ⏳ 27.0s (req #221)
2026-05-30 18:10:26,507 | INFO |   GET https://www.gsmarena.com/panasonic_eluga_a4-8931.php → 200
2026-05-30 18:10:26,542 | INFO |       📱 Panasonic Eluga A4 | Main=13.0MP | Selfie=5.0MP | AnTuTu=None | Price=$None | IP=None | Populated=41/68 fields
2026-05-30 18:10:26,546 | INFO |   💾 [18/159] saved
2026-05-30 18:10:26,546 | INFO | 
  [19/159]
2026-05-30 18:10:26,546 | INFO |   ⏳ 27.8s (req #222)
2026-05-30 18:10:55,483 | INFO |   GET https://www.gsmarena.com/panasonic_p99-8878.php → 200
2026-05-30 18:10:55,523 | INFO |       📱 Panasonic P99 | Main=8.0MP | Selfie=5.0MP | AnTuTu=None | Price=$None | IP=None | Populated=36/68 fields
2026-05-30 18:10:55,527 | INFO |   💾 [19/159] saved
2026-05-30 18:10:55,527 | INFO | 
  [20/159]
2026-05-30 18:10:55,527 | INFO |   ⏳ 16.9s (req #223)
2026-05-30 18:11:13,445 | INFO |   GET https://www.gsmarena.com/panasonic_eluga_i4-8875.php → 200
2026-05-30 18:11:13,475 | INFO |       📱 Panasonic Eluga I4 | Main=8.0MP | Selfie=5.0MP | AnTuTu=None | Price=$None | IP=None | Populated=40/68 fields
2026-05-30 18:11:13,479 | INFO |   💾 [20/159] saved
2026-05-30 18:11:13,479 | INFO | 
  [21/159]
2026-05-30 18:11:13,480 | INFO |   ⏳ 23.2s (req #224)
2026-05-30 18:11:37,674 | INFO |   GET https://www.gsmarena.com/panasonic_eluga_ray_500-8870.php → 200
2026-05-30 18:11:37,703 | INFO |       📱 Panasonic Eluga Ray 500 | Main=13.0MP | Selfie=5.0MP | AnTuTu=None | Price=$None | IP=None | Populated=42/68 fields
2026-05-30 18:11:37,706 | INFO |   💾 [21/159] saved
2026-05-30 18:11:37,706 | INFO | 
  [22/159]
2026-05-30 18:11:37,707 | INFO |   ⏳ 22.7s (req #225)
2026-05-30 18:12:01,449 | INFO |   GET https://www.gsmarena.com/panasonic_eluga_ray_700-8869.php → 200
2026-05-30 18:12:01,476 | INFO |       📱 Panasonic Eluga Ray 700 | Main=13.0MP | Selfie=13.0MP | AnTuTu=None | Price=$None | IP=None | Populated=44/68 fields
2026-05-30 18:12:01,480 | INFO |   💾 [22/159] saved
2026-05-30 18:12:01,480 | INFO | 
  [23/159]
2026-05-30 18:12:01,481 | INFO |   ⏳ 42.2s (req #226)
2026-05-30 18:12:44,726 | INFO |   GET https://www.gsmarena.com/panasonic_p9-8851.php → 200
2026-05-30 18:12:44,756 | INFO |       📱 Panasonic P9 | Main=8.0MP | Selfie=5.0MP | AnTuTu=None | Price=$None | IP=None | Populated=41/68 fields
2026-05-30 18:12:44,760 | INFO |   💾 [23/159] saved
2026-05-30 18:12:44,761 | INFO | 
  [24/159]
2026-05-30 18:12:44,761 | INFO |   ⏳ 38.4s (req #227)
2026-05-30 18:13:24,167 | INFO |   GET https://www.gsmarena.com/panasonic_eluga_i2_activ-8816.php → 200
2026-05-30 18:13:24,198 | INFO |       📱 Panasonic Eluga I2 Activ | Main=8.0MP | Selfie=5.0MP | AnTuTu=None | Price=$None | IP=None | Populated=40/68 fields
2026-05-30 18:13:24,202 | INFO |   💾 [24/159] saved
2026-05-30 18:13:24,202 | INFO | 
  [25/159]
2026-05-30 18:13:24,202 | INFO |   ⏳ 37.9s (req #228)
2026-05-30 18:14:03,193 | INFO |   GET https://www.gsmarena.com/panasonic_eluga_a3_pro-8813.php → 200
2026-05-30 18:14:03,228 | INFO |       📱 Panasonic Eluga A3 Pro | Main=13.0MP | Selfie=8.0MP | AnTuTu=None | Price=$None | IP=None | Populated=40/68 fields
2026-05-30 18:14:03,232 | INFO |   💾 [25/159] saved
2026-05-30 18:14:03,232 | INFO | 
  [26/159]
2026-05-30 18:14:03,233 | INFO |   ⏳ 17.0s (req #229)
2026-05-30 18:14:21,305 | INFO |   GET https://www.gsmarena.com/panasonic_eluga_a3-8812.php → 200
2026-05-30 18:14:21,339 | INFO |       📱 Panasonic Eluga A3 | Main=13.0MP | Selfie=8.0MP | AnTuTu=None | Price=$None | IP=None | Populated=40/68 fields
2026-05-30 18:14:21,342 | INFO |   💾 [26/159] saved
2026-05-30 18:14:21,342 | INFO | 
  [27/159]
2026-05-30 18:14:21,342 | INFO |   ⏳ 15.9s (req #230)
2026-05-30 18:14:38,272 | INFO |   GET https://www.gsmarena.com/panasonic_p55_max-8771.php → 200
2026-05-30 18:14:38,301 | INFO |       📱 Panasonic P55 Max | Main=13.0MP | Selfie=5.0MP | AnTuTu=None | Price=$None | IP=None | Populated=41/68 fields
2026-05-30 18:14:38,305 | INFO |   💾 [27/159] saved
2026-05-30 18:14:38,305 | INFO | 
  [28/159]
2026-05-30 18:14:38,306 | INFO |   ⏳ 33.1s (req #231)
2026-05-30 18:15:12,452 | INFO |   GET https://www.gsmarena.com/panasonic_eluga_i3_mega-8708.php → 200
2026-05-30 18:15:12,477 | INFO |       📱 Panasonic Eluga i3 Mega | Main=13.0MP | Selfie=5.0MP | AnTuTu=None | Price=$None | IP=None | Populated=40/68 fields
2026-05-30 18:15:12,482 | INFO |   💾 [28/159] saved
2026-05-30 18:15:12,482 | INFO | 
  [29/159]
2026-05-30 18:15:12,483 | INFO |   ⏳ 24.9s (req #232)
2026-05-30 18:15:38,395 | INFO |   GET https://www.gsmarena.com/panasonic_p85-8689.php → 200
2026-05-30 18:15:38,425 | INFO |       📱 Panasonic P85 | Main=8.0MP | Selfie=2.0MP | AnTuTu=None | Price=$None | IP=None | Populated=37/68 fields
2026-05-30 18:15:38,429 | INFO |   💾 [29/159] saved
2026-05-30 18:15:38,429 | INFO | 
  [30/159]
2026-05-30 18:15:38,429 | INFO |   ⏳ 18.5s (req #233)
2026-05-30 18:15:57,969 | INFO |   GET https://www.gsmarena.com/panasonic_eluga_ray-8688.php → 200
2026-05-30 18:15:57,996 | INFO |       📱 Panasonic Eluga Ray | Main=13.0MP | Selfie=5.0MP | AnTuTu=None | Price=$None | IP=None | Populated=41/68 fields
2026-05-30 18:15:58,001 | INFO |   💾 [30/159] saved
2026-05-30 18:15:58,001 | INFO | 
  [31/159]
2026-05-30 18:15:58,002 | INFO |   ⏳ 43.0s (req #234)
2026-05-30 18:16:42,103 | INFO |   GET https://www.gsmarena.com/panasonic_eluga_mark_2-8671.php → 200
2026-05-30 18:16:42,129 | INFO |       📱 Panasonic Eluga Mark 2 | Main=13.0MP | Selfie=5.0MP | AnTuTu=None | Price=$None | IP=None | Populated=41/68 fields
2026-05-30 18:16:42,134 | INFO |   💾 [31/159] saved
2026-05-30 18:16:42,134 | INFO | 
  [32/159]
2026-05-30 18:16:42,134 | INFO |   ⏳ 33.0s (req #235)
2026-05-30 18:17:16,319 | INFO |   GET https://www.gsmarena.com/panasonic_eluga_ray_x-8650.php → 200
2026-05-30 18:17:16,359 | INFO |       📱 Panasonic Eluga Ray X | Main=13.0MP | Selfie=5.0MP | AnTuTu=None | Price=$None | IP=None | Populated=43/68 fields
2026-05-30 18:17:16,362 | INFO |   💾 [32/159] saved
2026-05-30 18:17:16,363 | INFO | 
  [33/159]
2026-05-30 18:17:16,363 | INFO |   ⏳ 42.1s (req #236)
2026-05-30 18:17:59,503 | INFO |   GET https://www.gsmarena.com/panasonic_eluga_ray_max-8649.php → 200
2026-05-30 18:17:59,533 | INFO |       📱 Panasonic Eluga Ray Max | Main=16.0MP | Selfie=8.0MP | AnTuTu=None | Price=$None | IP=None | Populated=44/68 fields
2026-05-30 18:17:59,537 | INFO |   💾 [33/159] saved
2026-05-30 18:17:59,537 | INFO | 
  [34/159]
2026-05-30 18:17:59,537 | INFO |   ⏳ 19.7s (req #237)
2026-05-30 18:18:20,289 | INFO |   GET https://www.gsmarena.com/panasonic_eluga_pulse_x-8661.php → 200
2026-05-30 18:18:20,320 | INFO |       📱 Panasonic Eluga Pulse X | Main=13.0MP | Selfie=5.0MP | AnTuTu=None | Price=$None | IP=None | Populated=37/68 fields
2026-05-30 18:18:20,324 | INFO |   💾 [34/159] saved
2026-05-30 18:18:20,324 | INFO | 
  [35/159]
2026-05-30 18:18:20,325 | INFO |   ⏳ 42.5s (req #238)
2026-05-30 18:19:03,936 | INFO |   GET https://www.gsmarena.com/panasonic_eluga_pulse-8662.php → 200
2026-05-30 18:19:03,964 | INFO |       📱 Panasonic Eluga Pulse | Main=13.0MP | Selfie=5.0MP | AnTuTu=None | Price=$None | IP=None | Populated=37/68 fields
2026-05-30 18:19:03,968 | INFO |   💾 [35/159] saved
2026-05-30 18:19:03,968 | INFO | 
  [36/159]
2026-05-30 18:19:03,969 | INFO |   ⏳ 44.7s (req #239)
2026-05-30 18:19:49,836 | INFO |   GET https://www.gsmarena.com/panasonic_p88-8476.php → 200
2026-05-30 18:19:49,867 | INFO |       📱 Panasonic P88 | Main=13.0MP | Selfie=5.0MP | AnTuTu=None | Price=$None | IP=None | Populated=42/68 fields
2026-05-30 18:19:49,871 | INFO |   💾 [36/159] saved
2026-05-30 18:19:49,871 | INFO | 
  [37/159]
2026-05-30 18:19:49,871 | INFO |   ☕ Long pause 172s ...
2026-05-30 18:22:42,539 | INFO |   GET https://www.gsmarena.com/panasonic_p55_novo-8421.php → 200
2026-05-30 18:22:42,568 | INFO |       📱 Panasonic P55 Novo | Main=13.0MP | Selfie=5.0MP | AnTuTu=None | Price=$None | IP=None | Populated=38/68 fields
2026-05-30 18:22:42,571 | INFO |   💾 [37/159] saved
2026-05-30 18:22:42,572 | INFO | 
  [38/159]
2026-05-30 18:22:42,572 | INFO |   ⏳ 44.7s (req #241)
2026-05-30 18:23:28,538 | INFO |   GET https://www.gsmarena.com/panasonic_p77-8399.php → 200
2026-05-30 18:23:28,576 | INFO |       📱 Panasonic P77 | Main=8.0MP | Selfie=2.0MP | AnTuTu=None | Price=$None | IP=None | Populated=39/68 fields
2026-05-30 18:23:28,580 | INFO |   💾 [38/159] saved
2026-05-30 18:23:28,581 | INFO | 
  [39/159]
2026-05-30 18:23:28,581 | INFO |   ⏳ 25.8s (req #242)
2026-05-30 18:23:55,496 | INFO |   GET https://www.gsmarena.com/panasonic_eluga_tapp-8392.php → 200
2026-05-30 18:23:55,524 | INFO |       📱 Panasonic Eluga Tapp | Main=8.0MP | Selfie=5.0MP | AnTuTu=None | Price=$None | IP=None | Populated=36/68 fields
2026-05-30 18:23:55,529 | INFO |   💾 [39/159] saved
2026-05-30 18:23:55,529 | INFO | 
  [40/159]
2026-05-30 18:23:55,529 | INFO |   ⏳ 33.9s (req #243)
2026-05-30 18:24:30,499 | INFO |   GET https://www.gsmarena.com/panasonic_eluga_arc_2-8240.php → 200
2026-05-30 18:24:30,524 | INFO |       📱 Panasonic Eluga Arc 2 | Main=8.0MP | Selfie=5.0MP | AnTuTu=None | Price=$None | IP=None | Populated=38/68 fields
2026-05-30 18:24:30,530 | INFO |   💾 [40/159] saved
2026-05-30 18:24:30,531 | INFO | 
  [41/159]
2026-05-30 18:24:30,531 | INFO |   ⏳ 16.9s (req #244)
2026-05-30 18:24:48,598 | INFO |   GET https://www.gsmarena.com/panasonic_eluga_note-8196.php → 200
2026-05-30 18:24:48,626 | INFO |       📱 Panasonic Eluga Note | Main=16.0MP | Selfie=5.0MP | AnTuTu=None | Price=$None | IP=None | Populated=37/68 fields
2026-05-30 18:24:48,630 | INFO |   💾 [41/159] saved
2026-05-30 18:24:48,630 | INFO | 
  [42/159]
2026-05-30 18:24:48,631 | INFO |   ⏳ 41.3s (req #245)
2026-05-30 18:25:31,035 | INFO |   GET https://www.gsmarena.com/panasonic_eluga_a2-8166.php → 200
2026-05-30 18:25:31,061 | INFO |       📱 Panasonic Eluga A2 | Main=8.0MP | Selfie=5.0MP | AnTuTu=None | Price=$None | IP=None | Populated=40/68 fields
2026-05-30 18:25:31,064 | INFO |   💾 [42/159] saved
2026-05-30 18:25:31,064 | INFO | 
  [43/159]
2026-05-30 18:25:31,065 | INFO |   ⏳ 25.3s (req #246)
2026-05-30 18:25:57,462 | INFO |   GET https://www.gsmarena.com/panasonic_eluga_i3-8109.php → 200
2026-05-30 18:25:57,491 | INFO |       📱 Panasonic Eluga I3 | Main=13.0MP | Selfie=5.0MP | AnTuTu=None | Price=$None | IP=None | Populated=36/68 fields
2026-05-30 18:25:57,495 | INFO |   💾 [43/159] saved
2026-05-30 18:25:57,496 | INFO | 
  [44/159]
2026-05-30 18:25:57,496 | INFO |   ⏳ 22.9s (req #247)
2026-05-30 18:26:21,449 | INFO |   GET https://www.gsmarena.com/panasonic_eluga_i2_(2016)-8108.php → 200
2026-05-30 18:26:21,482 | INFO |       📱 Panasonic Eluga I2 (2016) | Main=8.0MP | Selfie=5.0MP | AnTuTu=None | Price=$None | IP=None | Populated=35/68 fields
2026-05-30 18:26:21,486 | INFO |   💾 [44/159] saved
2026-05-30 18:26:21,487 | INFO | 
  [45/159]
2026-05-30 18:26:21,487 | INFO |   ⏳ 18.4s (req #248)
2026-05-30 18:26:40,976 | INFO |   GET https://www.gsmarena.com/panasonic_eluga_arc-8107.php → 200
2026-05-30 18:26:41,001 | INFO |       📱 Panasonic Eluga Arc | Main=8.0MP | Selfie=5.0MP | AnTuTu=None | Price=$None | IP=None | Populated=40/68 fields
2026-05-30 18:26:41,007 | INFO |   💾 [45/159] saved
2026-05-30 18:26:41,008 | INFO | 
  [46/159]
2026-05-30 18:26:41,008 | INFO |   ⏳ 43.1s (req #249)
2026-05-30 18:27:25,108 | INFO |   GET https://www.gsmarena.com/panasonic_p66-7994.php → 200
2026-05-30 18:27:25,134 | INFO |       📱 Panasonic P66 | Main=8.0MP | Selfie=5.0MP | AnTuTu=None | Price=$None | IP=None | Populated=37/68 fields
2026-05-30 18:27:25,141 | INFO |   💾 [46/159] saved
2026-05-30 18:27:25,141 | INFO | 
  [47/159]
2026-05-30 18:27:25,142 | INFO |   ⏳ 20.1s (req #250)
2026-05-30 18:27:46,304 | INFO |   GET https://www.gsmarena.com/panasonic_eluga_turbo-7993.php → 200
2026-05-30 18:27:46,333 | INFO |       📱 Panasonic Eluga Turbo | Main=13.0MP | Selfie=5.0MP | AnTuTu=None | Price=$None | IP=None | Populated=40/68 fields
2026-05-30 18:27:46,337 | INFO |   💾 [47/159] saved
2026-05-30 18:27:46,338 | INFO | 
  [48/159]
2026-05-30 18:27:46,338 | INFO |   ⏳ 15.3s (req #251)
2026-05-30 18:28:02,664 | INFO |   GET https://www.gsmarena.com/panasonic_t50-7992.php → 200
2026-05-30 18:28:02,687 | INFO |       📱 Panasonic T50 | Main=5.0MP | Selfie=2.0MP | AnTuTu=None | Price=$None | IP=None | Populated=35/68 fields
2026-05-30 18:28:02,691 | INFO |   💾 [48/159] saved
2026-05-30 18:28:02,691 | INFO | 
  [49/159]
2026-05-30 18:28:02,692 | INFO |   ⏳ 27.0s (req #252)
2026-05-30 18:28:30,748 | INFO |   GET https://www.gsmarena.com/panasonic_eluga_mark-7792.php → 200
2026-05-30 18:28:30,776 | INFO |       📱 Panasonic Eluga Mark | Main=13.0MP | Selfie=5.0MP | AnTuTu=None | Price=$None | IP=None | Populated=40/68 fields
2026-05-30 18:28:30,780 | INFO |   💾 [49/159] saved
2026-05-30 18:28:30,781 | INFO | 
  [50/159]
2026-05-30 18:28:30,781 | INFO |   ⏳ 41.8s (req #253)
2026-05-30 18:29:13,652 | INFO |   GET https://www.gsmarena.com/panasonic_eluga_switch-7649.php → 200
2026-05-30 18:29:13,681 | INFO |       📱 Panasonic Eluga Switch | Main=13.0MP | Selfie=8.0MP | AnTuTu=None | Price=$None | IP=None | Populated=38/68 fields
2026-05-30 18:29:13,686 | INFO |   💾 [50/159] saved
2026-05-30 18:29:13,686 | INFO |   [51/159] SKIP vivo_s60_vitality_5g-14693.php
2026-05-30 18:29:13,687 | INFO |   [52/159] SKIP vivo_s60_5g-14692.php
2026-05-30 18:29:13,687 | INFO |   [53/159] SKIP vivo_t5-14697.php
2026-05-30 18:29:13,687 | INFO |   [54/159] SKIP zte_nubia_redmagic_11s_pro_5g-14669.php
2026-05-30 18:29:13,688 | INFO |   [55/159] SKIP ulefone_tab_a12_pro-14695.php
2026-05-30 18:29:13,688 | INFO |   [56/159] SKIP xiaomi_17_max_5g-14667.php
2026-05-30 18:29:13,688 | INFO |   [57/159] SKIP vivo_y600_turbo_5g-14687.php
2026-05-30 18:29:13,688 | INFO |   [58/159] SKIP ulefone_armor_mini_5-14694.php
2026-05-30 18:29:13,688 | INFO |   [59/159] SKIP honor_600e_5g-14688.php
2026-05-30 18:29:13,689 | INFO |   [60/159] SKIP xiaomi_17t_pro_5g-14651.php
2026-05-30 18:29:13,689 | INFO |   [61/159] SKIP xiaomi_17t_5g-14652.php
2026-05-30 18:29:13,689 | INFO |   [62/159] SKIP xiaomi_watch_s5-14696.php
2026-05-30 18:29:13,689 | INFO |   [63/159] SKIP realme_16t_5g-14674.php
2026-05-30 18:29:13,689 | INFO |   [64/159] SKIP honor_600_5g-14605.php
2026-05-30 18:29:13,690 | INFO |   [65/159] SKIP sony_xperia_1_viii_5g-14660.php
2026-05-30 18:29:13,690 | INFO |   [66/159] SKIP honor_600_pro_5g-14604.php
2026-05-30 18:29:13,690 | INFO |   [67/159] SKIP motorola_moto_g87_5g-14644.php
2026-05-30 18:29:13,690 | INFO |   [68/159] SKIP motorola_moto_g47-14645.php
2026-05-30 18:29:13,691 | INFO |   [69/159] SKIP xiaomi_17t_pro-14651.php
2026-05-30 18:29:13,691 | INFO |   [70/159] SKIP samsung_galaxy_a57-14379.php
2026-05-30 18:29:13,691 | INFO |   [71/159] SKIP xiaomi_17t-14652.php
2026-05-30 18:29:13,691 | INFO |   [72/159] SKIP samsung_galaxy_s26_ultra-14320.php
2026-05-30 18:29:13,691 | INFO |   [73/159] SKIP xiaomi_17_max-14667.php
2026-05-30 18:29:13,692 | INFO |   [74/159] SKIP samsung_galaxy_a17-14041.php
2026-05-30 18:29:13,692 | INFO |   [75/159] SKIP apple_iphone_17_pro_max-13964.php
2026-05-30 18:29:13,692 | INFO |   [76/159] SKIP xiaomi_redmi_note_15-14328.php
2026-05-30 18:29:13,692 | INFO |   [77/159] SKIP sony_xperia_1_viii-14660.php
2026-05-30 18:29:13,692 | INFO |   [78/159] SKIP honor_600_pro-14604.php
2026-05-30 18:29:13,692 | INFO |   [79/159] SKIP samsung_galaxy_a56-13603.php
2026-05-30 18:29:13,692 | INFO |   [80/159] SKIP xiaomi_15_ultra-13657.php
2026-05-30 18:29:13,692 | INFO |   [81/159] SKIP xiaomi_poco_x7_pro-13582.php
2026-05-30 18:29:13,693 | INFO |   [82/159] SKIP xiaomi_17_pro_max-14181.php
2026-05-30 18:29:13,693 | INFO |   [83/159] SKIP oneplus_15-14206.php
2026-05-30 18:29:13,693 | INFO |   [84/159] SKIP samsung_galaxy_s25-13610.php
2026-05-30 18:29:13,693 | INFO |   [85/159] SKIP xiaomi_17_ultra-14380.php
2026-05-30 18:29:13,693 | INFO |   [86/159] SKIP oppo_find_x9_pro-14094.php
2026-05-30 18:29:13,693 | INFO | 
  [87/159]
2026-05-30 18:29:13,694 | INFO |   ⏳ 40.2s (req #254)
2026-05-30 18:29:55,062 | INFO |   GET https://www.gsmarena.com/panasonic_eluga_l2-7502.php → 200
2026-05-30 18:29:55,122 | INFO |       📱 Panasonic Eluga L2 | Main=8.0MP | Selfie=2.0MP | AnTuTu=None | Price=$None | IP=None | Populated=36/68 fields
2026-05-30 18:29:55,126 | INFO |   💾 [51/159] saved
2026-05-30 18:29:55,126 | INFO | 
  [88/159]
2026-05-30 18:29:55,127 | INFO |   ⏳ 31.1s (req #255)
2026-05-30 18:30:28,373 | INFO |   GET https://www.gsmarena.com/panasonic_eluga_i2-7503.php → 200
2026-05-30 18:30:28,402 | INFO |       📱 Panasonic Eluga I2 | Main=8.0MP | Selfie=2.0MP | AnTuTu=None | Price=$None | IP=None | Populated=37/68 fields
2026-05-30 18:30:28,406 | INFO |   💾 [52/159] saved
2026-05-30 18:30:28,407 | INFO | 
  [89/159]
2026-05-30 18:30:28,407 | INFO |   ⏳ 25.3s (req #256)
2026-05-30 18:30:54,871 | INFO |   GET https://www.gsmarena.com/panasonic_t45-7501.php → 200
2026-05-30 18:30:54,895 | INFO |       📱 Panasonic T45 | Main=5.0MP | Selfie=NoneMP | AnTuTu=None | Price=$None | IP=None | Populated=37/68 fields
2026-05-30 18:30:54,899 | INFO |   💾 [53/159] saved
2026-05-30 18:30:54,900 | INFO | 
  [90/159]
2026-05-30 18:30:54,900 | INFO |   ⏳ 36.6s (req #257)
2026-05-30 18:31:32,585 | INFO |   GET https://www.gsmarena.com/panasonic_eluga_icon-7484.php → 200
2026-05-30 18:31:32,614 | INFO |       📱 Panasonic Eluga Icon | Main=13.0MP | Selfie=8.0MP | AnTuTu=None | Price=$None | IP=None | Populated=36/68 fields
2026-05-30 18:31:32,619 | INFO |   💾 [54/159] saved
2026-05-30 18:31:32,619 | INFO | 
  [91/159]
2026-05-30 18:31:32,620 | INFO |   ⏳ 39.0s (req #258)
2026-05-30 18:32:12,594 | INFO |   GET https://www.gsmarena.com/panasonic_eluga_z-7486.php → 200
2026-05-30 18:32:12,622 | INFO |       📱 Panasonic Eluga Z | Main=13.0MP | Selfie=5.0MP | AnTuTu=None | Price=$None | IP=None | Populated=35/68 fields
2026-05-30 18:32:12,625 | INFO |   💾 [55/159] saved
2026-05-30 18:32:12,625 | INFO | 
  [92/159]
2026-05-30 18:32:12,626 | INFO |   ⏳ 35.1s (req #259)
2026-05-30 18:32:48,884 | INFO |   GET https://www.gsmarena.com/panasonic_eluga_l_4g-7487.php → 200
2026-05-30 18:32:48,910 | INFO |       📱 Panasonic Eluga L 4G | Main=8.0MP | Selfie=5.0MP | AnTuTu=None | Price=$None | IP=None | Populated=40/68 fields
2026-05-30 18:32:48,914 | INFO |   💾 [56/159] saved
2026-05-30 18:32:48,915 | INFO | 
  [93/159]
2026-05-30 18:32:48,915 | INFO |   ⏳ 33.8s (req #260)
2026-05-30 18:33:23,684 | INFO |   GET https://www.gsmarena.com/panasonic_eluga_s_mini-7361.php → 200
2026-05-30 18:33:23,718 | INFO |       📱 Panasonic Eluga S mini | Main=8.0MP | Selfie=5.0MP | AnTuTu=None | Price=$None | IP=None | Populated=36/68 fields
2026-05-30 18:33:23,722 | INFO |   💾 [57/159] saved
2026-05-30 18:33:23,722 | INFO | 
  [94/159]
2026-05-30 18:33:23,723 | INFO |   ⏳ 21.9s (req #261)
2026-05-30 18:33:46,614 | INFO |   GET https://www.gsmarena.com/panasonic_eluga_u2-7067.php → 200
2026-05-30 18:33:46,644 | INFO |       📱 Panasonic Eluga U2 | Main=13.0MP | Selfie=5.0MP | AnTuTu=None | Price=$None | IP=None | Populated=41/68 fields
2026-05-30 18:33:46,649 | INFO |   💾 [58/159] saved
2026-05-30 18:33:46,649 | INFO | 
  [95/159]
2026-05-30 18:33:46,650 | INFO |   ⏳ 32.1s (req #262)
2026-05-30 18:34:19,815 | INFO |   GET https://www.gsmarena.com/panasonic_eluga_s-7202.php → 200
2026-05-30 18:34:19,844 | INFO |       📱 Panasonic Eluga S | Main=8.0MP | Selfie=5.0MP | AnTuTu=None | Price=$None | IP=None | Populated=36/68 fields
2026-05-30 18:34:19,848 | INFO |   💾 [59/159] saved
2026-05-30 18:34:19,848 | INFO | 
  [96/159]
2026-05-30 18:34:19,848 | INFO |   ⏳ 21.8s (req #263)
2026-05-30 18:34:42,699 | INFO |   GET https://www.gsmarena.com/panasonic_p61-7015.php → 200
2026-05-30 18:34:42,731 | INFO |       📱 Panasonic P61 | Main=8.0MP | Selfie=2.0MP | AnTuTu=None | Price=$None | IP=None | Populated=36/68 fields
2026-05-30 18:34:42,735 | INFO |   💾 [60/159] saved
2026-05-30 18:34:42,736 | INFO | 
  [97/159]
2026-05-30 18:34:42,736 | INFO |   ⏳ 21.2s (req #264)
2026-05-30 18:35:04,987 | INFO |   GET https://www.gsmarena.com/panasonic_t41-7191.php → 200
2026-05-30 18:35:05,014 | INFO |       📱 Panasonic T41 | Main=5.0MP | Selfie=NoneMP | AnTuTu=None | Price=$None | IP=None | Populated=32/68 fields
2026-05-30 18:35:05,018 | INFO |   💾 [61/159] saved
2026-05-30 18:35:05,019 | INFO | 
  [98/159]
2026-05-30 18:35:05,019 | INFO |   ⏳ 30.4s (req #265)
2026-05-30 18:35:36,597 | INFO |   GET https://www.gsmarena.com/panasonic_t40-7109.php → 200
2026-05-30 18:35:36,624 | INFO |       📱 Panasonic T40 | Main=5.0MP | Selfie=2.0MP | AnTuTu=None | Price=$None | IP=None | Populated=36/68 fields
2026-05-30 18:35:36,629 | INFO |   💾 [62/159] saved
2026-05-30 18:35:36,629 | INFO | 
  [99/159]
2026-05-30 18:35:36,629 | INFO |   ⏳ 28.2s (req #266)
2026-05-30 18:36:05,895 | INFO |   GET https://www.gsmarena.com/panasonic_p55-7014.php → 200
2026-05-30 18:36:05,918 | INFO |       📱 Panasonic P55 | Main=8.0MP | Selfie=2.0MP | AnTuTu=None | Price=$None | IP=None | Populated=36/68 fields
2026-05-30 18:36:05,923 | INFO |   💾 [63/159] saved
2026-05-30 18:36:05,924 | INFO | 
  [100/159]
2026-05-30 18:36:05,924 | INFO |   ⏳ 17.1s (req #267)
2026-05-30 18:36:24,087 | INFO |   GET https://www.gsmarena.com/panasonic_eluga_i-6818.php → 200
2026-05-30 18:36:24,123 | INFO |       📱 Panasonic Eluga I | Main=8.0MP | Selfie=2.0MP | AnTuTu=None | Price=$None | IP=None | Populated=36/68 fields
2026-05-30 18:36:24,127 | INFO |   💾 [64/159] saved
2026-05-30 18:36:24,127 | INFO | 
  [101/159]
2026-05-30 18:36:24,127 | INFO |   ⏳ 33.9s (req #268)
2026-05-30 18:36:59,599 | INFO |   GET https://www.gsmarena.com/panasonic_lumix_smart_camera_cm1-6675.php → 200
2026-05-30 18:36:59,627 | INFO |       📱 Panasonic Lumix Smart Camera CM1 | Main=20.1MP | Selfie=1.1MP | AnTuTu=None | Price=$None | IP=None | Populated=45/68 fields
2026-05-30 18:36:59,632 | INFO |   💾 [65/159] saved
2026-05-30 18:36:59,632 | INFO | 
  [102/159]
2026-05-30 18:36:59,633 | INFO |   ⏳ 16.1s (req #269)
2026-05-30 18:37:16,724 | INFO |   GET https://www.gsmarena.com/panasonic_eluga_a-6574.php → 200
2026-05-30 18:37:16,753 | INFO |       📱 Panasonic Eluga A | Main=8.0MP | Selfie=1.3MP | AnTuTu=None | Price=$None | IP=None | Populated=40/68 fields
2026-05-30 18:37:16,758 | INFO |   💾 [66/159] saved
2026-05-30 18:37:16,758 | INFO | 
  [103/159]
2026-05-30 18:37:16,758 | INFO |   ☕ Long pause 176s ...
2026-05-30 18:40:14,201 | INFO |   GET https://www.gsmarena.com/panasonic_eluga_u-6541.php → 200
2026-05-30 18:40:14,227 | INFO |       📱 Panasonic Eluga U | Main=13.0MP | Selfie=2.0MP | AnTuTu=None | Price=$None | IP=None | Populated=40/68 fields
2026-05-30 18:40:14,234 | INFO |   💾 [67/159] saved
2026-05-30 18:40:14,234 | INFO | 
  [104/159]
2026-05-30 18:40:14,235 | INFO |   ⏳ 33.0s (req #271)
2026-05-30 18:40:48,296 | INFO |   GET https://www.gsmarena.com/panasonic_p81-6427.php → 200
2026-05-30 18:40:48,322 | INFO |       📱 Panasonic P81 | Main=13.0MP | Selfie=2.0MP | AnTuTu=None | Price=$None | IP=None | Populated=37/68 fields
2026-05-30 18:40:48,326 | INFO |   💾 [68/159] saved
2026-05-30 18:40:48,327 | INFO | 
  [105/159]
2026-05-30 18:40:48,327 | INFO |   ⏳ 18.4s (req #272)
2026-05-30 18:41:07,740 | INFO |   GET https://www.gsmarena.com/panasonic_t31-5815.php → 200
2026-05-30 18:41:07,766 | INFO |       📱 Panasonic T31 | Main=3.15MP | Selfie=NoneMP | AnTuTu=None | Price=$None | IP=None | Populated=37/68 fields
2026-05-30 18:41:07,770 | INFO |   💾 [69/159] saved
2026-05-30 18:41:07,771 | INFO | 
  [106/159]
2026-05-30 18:41:07,771 | INFO |   ⏳ 23.5s (req #273)
2026-05-30 18:41:32,385 | INFO |   GET https://www.gsmarena.com/panasonic_t21-5771.php → 200
2026-05-30 18:41:32,448 | INFO |       📱 Panasonic T21 | Main=8.0MP | Selfie=2.0MP | AnTuTu=None | Price=$None | IP=None | Populated=36/68 fields
2026-05-30 18:41:32,462 | INFO |   💾 [70/159] saved
2026-05-30 18:41:32,464 | INFO | 
  [107/159]
2026-05-30 18:41:32,467 | INFO |   ⏳ 23.9s (req #274)
2026-05-30 18:41:57,383 | INFO |   GET https://www.gsmarena.com/panasonic_p11-5770.php → 200
2026-05-30 18:41:57,413 | INFO |       📱 Panasonic P11 | Main=8.0MP | Selfie=2.0MP | AnTuTu=None | Price=$None | IP=None | Populated=39/68 fields
2026-05-30 18:41:57,418 | INFO |   💾 [71/159] saved
2026-05-30 18:41:57,419 | INFO | 
  [108/159]
2026-05-30 18:41:57,419 | INFO |   ⏳ 22.2s (req #275)
2026-05-30 18:42:20,625 | INFO |   GET https://www.gsmarena.com/panasonic_t11-5769.php → 200
2026-05-30 18:42:20,652 | INFO |       📱 Panasonic T11 | Main=5.0MP | Selfie=NoneMP | AnTuTu=None | Price=$None | IP=None | Populated=37/68 fields
2026-05-30 18:42:20,656 | INFO |   💾 [72/159] saved
2026-05-30 18:42:20,656 | INFO | 
  [109/159]
2026-05-30 18:42:20,656 | INFO |   ⏳ 36.8s (req #276)
2026-05-30 18:42:58,633 | INFO |   GET https://www.gsmarena.com/panasonic_p51-5469.php → 200
2026-05-30 18:42:58,661 | INFO |       📱 Panasonic P51 | Main=8.0MP | Selfie=1.3MP | AnTuTu=None | Price=$None | IP=None | Populated=39/68 fields
2026-05-30 18:42:58,666 | INFO |   💾 [73/159] saved
2026-05-30 18:42:58,666 | INFO | 
  [110/159]
2026-05-30 18:42:58,667 | INFO |   ⏳ 29.2s (req #277)
2026-05-30 18:43:28,935 | INFO |   GET https://www.gsmarena.com/panasonic_p41-6728.php → 200
2026-05-30 18:43:28,967 | INFO |       📱 Panasonic P41 | Main=8.0MP | Selfie=2.0MP | AnTuTu=None | Price=$None | IP=None | Populated=38/68 fields
2026-05-30 18:43:28,972 | INFO |   💾 [74/159] saved
2026-05-30 18:43:28,972 | INFO | 
  [111/159]
2026-05-30 18:43:28,972 | INFO |   ⏳ 25.9s (req #278)
2026-05-30 18:43:55,895 | INFO |   GET https://www.gsmarena.com/panasonic_eluga_power-4584.php → 200
2026-05-30 18:43:55,925 | INFO |       📱 Panasonic Eluga Power | Main=8.0MP | Selfie=NoneMP | AnTuTu=None | Price=$None | IP=IP57 | Populated=37/68 fields
2026-05-30 18:43:55,929 | INFO |   💾 [75/159] saved
2026-05-30 18:43:55,929 | INFO | 
  [112/159]
2026-05-30 18:43:55,929 | INFO |   ⏳ 38.4s (req #279)
2026-05-30 18:44:35,466 | INFO |   GET https://www.gsmarena.com/panasonic_eluga_dl1-4560.php → 200
2026-05-30 18:44:35,504 | INFO |       📱 Panasonic Eluga DL1 | Main=8.0MP | Selfie=NoneMP | AnTuTu=None | Price=$None | IP=IP57 | Populated=36/68 fields
2026-05-30 18:44:35,508 | INFO |   💾 [76/159] saved
2026-05-30 18:44:35,508 | INFO | 
  [113/159]
2026-05-30 18:44:35,509 | INFO |   ⏳ 26.4s (req #280)
2026-05-30 18:45:02,961 | INFO |   GET https://www.gsmarena.com/panasonic_toughpad_fz_a1-4323.php → 200
2026-05-30 18:45:02,988 | INFO |       📱 Panasonic Toughpad FZ-A1 | Main=5.0MP | Selfie=2.0MP | AnTuTu=None | Price=$None | IP=None | Populated=34/68 fields
2026-05-30 18:45:02,993 | INFO |   💾 [77/159] saved
2026-05-30 18:45:02,993 | INFO | 
  [114/159]
2026-05-30 18:45:02,993 | INFO |   ⏳ 39.2s (req #281)
2026-05-30 18:45:43,289 | INFO |   GET https://www.gsmarena.com/panasonic_toughpad_jt_b1-4324.php → 200
2026-05-30 18:45:43,314 | INFO |       📱 Panasonic Toughpad JT-B1 | Main=NoneMP | Selfie=NoneMP | AnTuTu=None | Price=$None | IP=None | Populated=27/68 fields
2026-05-30 18:45:43,318 | INFO |   💾 [78/159] saved
2026-05-30 18:45:43,318 | INFO | 
  [115/159]
2026-05-30 18:45:43,319 | INFO |   ⏳ 19.8s (req #282)
2026-05-30 18:46:04,211 | INFO |   GET https://www.gsmarena.com/panasonic_kx_tu311-4655.php → 200
2026-05-30 18:46:04,237 | INFO |       📱 Panasonic KX-TU311 | Main=NoneMP | Selfie=NoneMP | AnTuTu=None | Price=$None | IP=None | Populated=18/68 fields
2026-05-30 18:46:04,241 | INFO |   💾 [79/159] saved
2026-05-30 18:46:04,241 | INFO | 
  [116/159]
2026-05-30 18:46:04,242 | INFO |   ⏳ 37.3s (req #283)
2026-05-30 18:46:42,626 | INFO |   GET https://www.gsmarena.com/panasonic_kx_tu301-4652.php → 200
2026-05-30 18:46:42,656 | INFO |       📱 Panasonic KX-TU301 | Main=NoneMP | Selfie=NoneMP | AnTuTu=None | Price=$None | IP=None | Populated=17/68 fields
2026-05-30 18:46:42,659 | INFO |   💾 [80/159] saved
2026-05-30 18:46:42,660 | INFO | 
  [117/159]
2026-05-30 18:46:42,660 | INFO |   ⏳ 38.9s (req #284)
2026-05-30 18:47:22,580 | INFO |   GET https://www.gsmarena.com/panasonic_vs7-1047.php → 200
2026-05-30 18:47:22,610 | INFO |       📱 Panasonic VS7 | Main=2.0MP | Selfie=NoneMP | AnTuTu=None | Price=$None | IP=None | Populated=19/68 fields
2026-05-30 18:47:22,615 | INFO |   💾 [81/159] saved
2026-05-30 18:47:22,615 | INFO | 
  [118/159]
2026-05-30 18:47:22,616 | INFO |   ⏳ 29.9s (req #285)
2026-05-30 18:47:53,632 | INFO |   GET https://www.gsmarena.com/panasonic_vs6-1297.php → 200
2026-05-30 18:47:53,661 | INFO |       📱 Panasonic VS6 | Main=2.0MP | Selfie=NoneMP | AnTuTu=None | Price=$None | IP=None | Populated=19/68 fields
2026-05-30 18:47:53,665 | INFO |   💾 [82/159] saved
2026-05-30 18:47:53,665 | INFO | 
  [119/159]
2026-05-30 18:47:53,666 | INFO |   ⏳ 21.3s (req #286)
2026-05-30 18:48:16,076 | INFO |   GET https://www.gsmarena.com/panasonic_vs3-1059.php → 200
2026-05-30 18:48:16,114 | INFO |       📱 Panasonic VS3 | Main=1.3MP | Selfie=NoneMP | AnTuTu=None | Price=$None | IP=None | Populated=17/68 fields
2026-05-30 18:48:16,118 | INFO |   💾 [83/159] saved
2026-05-30 18:48:16,119 | INFO | 
  [120/159]
2026-05-30 18:48:16,119 | INFO |   ⏳ 44.3s (req #287)
2026-05-30 18:49:01,451 | INFO |   GET https://www.gsmarena.com/panasonic_vs2-1236.php → 200
2026-05-30 18:49:01,478 | INFO |       📱 Panasonic VS2 | Main=1.3MP | Selfie=NoneMP | AnTuTu=None | Price=$None | IP=None | Populated=18/68 fields
2026-05-30 18:49:01,482 | INFO |   💾 [84/159] saved
2026-05-30 18:49:01,482 | INFO | 
  [121/159]
2026-05-30 18:49:01,482 | INFO |   ⏳ 17.3s (req #288)
2026-05-30 18:49:20,118 | INFO |   GET https://www.gsmarena.com/panasonic_mx7-1060.php → 200
2026-05-30 18:49:20,146 | INFO |       📱 Panasonic MX7 | Main=2.0MP | Selfie=NoneMP | AnTuTu=None | Price=$None | IP=None | Populated=18/68 fields
2026-05-30 18:49:20,149 | INFO |   💾 [85/159] saved
2026-05-30 18:49:20,150 | INFO | 
  [122/159]
2026-05-30 18:49:20,150 | INFO |   ⏳ 40.6s (req #289)
2026-05-30 18:50:01,790 | INFO |   GET https://www.gsmarena.com/panasonic_mx6-1061.php → 200
2026-05-30 18:50:01,816 | INFO |       📱 Panasonic MX6 | Main=1.3MP | Selfie=NoneMP | AnTuTu=None | Price=$None | IP=None | Populated=18/68 fields
2026-05-30 18:50:01,821 | INFO |   💾 [86/159] saved
2026-05-30 18:50:01,824 | INFO | 
  [123/159]
2026-05-30 18:50:01,824 | INFO |   ⏳ 40.0s (req #290)
2026-05-30 18:50:43,013 | INFO |   GET https://www.gsmarena.com/panasonic_sa7-1063.php → 200
2026-05-30 18:50:43,040 | INFO |       📱 Panasonic SA7 | Main=2.0MP | Selfie=NoneMP | AnTuTu=None | Price=$None | IP=None | Populated=19/68 fields
2026-05-30 18:50:43,045 | INFO |   💾 [87/159] saved
2026-05-30 18:50:43,045 | INFO | 
  [124/159]
2026-05-30 18:50:43,046 | INFO |   ⏳ 41.2s (req #291)
2026-05-30 18:51:25,341 | INFO |   GET https://www.gsmarena.com/panasonic_sa6-1062.php → 200
2026-05-30 18:51:25,367 | INFO |       📱 Panasonic SA6 | Main=1.3MP | Selfie=NoneMP | AnTuTu=None | Price=$None | IP=None | Populated=18/68 fields
2026-05-30 18:51:25,372 | INFO |   💾 [88/159] saved
2026-05-30 18:51:25,372 | INFO | 
  [125/159]
2026-05-30 18:51:25,373 | INFO |   ⏳ 24.7s (req #292)
2026-05-30 18:51:51,160 | INFO |   GET https://www.gsmarena.com/panasonic_sc3-1071.php → 200
2026-05-30 18:51:51,195 | INFO |       📱 Panasonic SC3 | Main=NoneMP | Selfie=NoneMP | AnTuTu=None | Price=$None | IP=None | Populated=15/68 fields
2026-05-30 18:51:51,199 | INFO |   💾 [89/159] saved
2026-05-30 18:51:51,200 | INFO | 
  [126/159]
2026-05-30 18:51:51,200 | INFO |   ⏳ 22.7s (req #293)
2026-05-30 18:52:14,947 | INFO |   GET https://www.gsmarena.com/panasonic_a210-1070.php → 200
2026-05-30 18:52:14,970 | INFO |       📱 Panasonic A210 | Main=NoneMP | Selfie=NoneMP | AnTuTu=None | Price=$None | IP=None | Populated=14/68 fields
2026-05-30 18:52:14,975 | INFO |   💾 [90/159] saved
2026-05-30 18:52:14,976 | INFO | 
  [127/159]
2026-05-30 18:52:14,976 | INFO |   ⏳ 23.9s (req #294)
2026-05-30 18:52:39,867 | INFO |   GET https://www.gsmarena.com/panasonic_x800-993.php → 200
2026-05-30 18:52:39,896 | INFO |       📱 Panasonic X800 | Main=NoneMP | Selfie=NoneMP | AnTuTu=None | Price=$None | IP=None | Populated=23/68 fields
2026-05-30 18:52:39,901 | INFO |   💾 [91/159] saved
2026-05-30 18:52:39,901 | INFO | 
  [128/159]
2026-05-30 18:52:39,901 | INFO |   ⏳ 37.1s (req #295)
2026-05-30 18:53:18,385 | INFO |   GET https://www.gsmarena.com/panasonic_z800-912.php → 200
2026-05-30 18:53:18,414 | INFO |       📱 Panasonic Z800 | Main=1.3MP | Selfie=NoneMP | AnTuTu=None | Price=$None | IP=None | Populated=16/68 fields
2026-05-30 18:53:18,417 | INFO |   💾 [92/159] saved
2026-05-30 18:53:18,418 | INFO | 
  [129/159]
2026-05-30 18:53:18,418 | INFO |   ⏳ 40.8s (req #296)
2026-05-30 18:54:00,212 | INFO |   GET https://www.gsmarena.com/panasonic_x700-683.php → 200
2026-05-30 18:54:00,238 | INFO |       📱 Panasonic X700 | Main=NoneMP | Selfie=NoneMP | AnTuTu=None | Price=$None | IP=None | Populated=23/68 fields
2026-05-30 18:54:00,243 | INFO |   💾 [93/159] saved
2026-05-30 18:54:00,245 | INFO | 
  [130/159]
2026-05-30 18:54:00,245 | INFO |   ⏳ 20.4s (req #297)
2026-05-30 18:54:21,729 | INFO |   GET https://www.gsmarena.com/panasonic_x500-820.php → 200
2026-05-30 18:54:21,757 | INFO |       📱 Panasonic X500 | Main=NoneMP | Selfie=NoneMP | AnTuTu=None | Price=$None | IP=None | Populated=16/68 fields
2026-05-30 18:54:21,762 | INFO |   💾 [94/159] saved
2026-05-30 18:54:21,762 | INFO | 
  [131/159]
2026-05-30 18:54:21,763 | INFO |   ⏳ 33.2s (req #298)
2026-05-30 18:54:56,001 | INFO |   GET https://www.gsmarena.com/panasonic_x400-819.php → 200
2026-05-30 18:54:56,038 | INFO |       📱 Panasonic X400 | Main=NoneMP | Selfie=NoneMP | AnTuTu=None | Price=$None | IP=None | Populated=16/68 fields
2026-05-30 18:54:56,042 | INFO |   💾 [95/159] saved
2026-05-30 18:54:56,042 | INFO | 
  [132/159]
2026-05-30 18:54:56,043 | INFO |   ⏳ 36.5s (req #299)
2026-05-30 18:55:33,556 | INFO |   GET https://www.gsmarena.com/panasonic_x300-710.php → 200
2026-05-30 18:55:33,580 | INFO |       📱 Panasonic X300 | Main=NoneMP | Selfie=NoneMP | AnTuTu=None | Price=$None | IP=None | Populated=20/68 fields
2026-05-30 18:55:33,585 | INFO |   💾 [96/159] saved
2026-05-30 18:55:33,587 | INFO | 
  [133/159]
2026-05-30 18:55:33,587 | INFO |   ☕ Long pause 189s ...
2026-05-30 18:58:44,024 | INFO |   GET https://www.gsmarena.com/panasonic_x200-818.php → 200
2026-05-30 18:58:44,049 | INFO |       📱 Panasonic X200 | Main=NoneMP | Selfie=NoneMP | AnTuTu=None | Price=$None | IP=None | Populated=16/68 fields
2026-05-30 18:58:44,054 | INFO |   💾 [97/159] saved
2026-05-30 18:58:44,054 | INFO | 
  [134/159]
2026-05-30 18:58:44,055 | INFO |   ⏳ 31.3s (req #301)
2026-05-30 18:59:16,440 | INFO |   GET https://www.gsmarena.com/panasonic_x100-817.php → 200
2026-05-30 18:59:16,466 | INFO |       📱 Panasonic X100 | Main=NoneMP | Selfie=NoneMP | AnTuTu=None | Price=$None | IP=None | Populated=15/68 fields
2026-05-30 18:59:16,473 | INFO |   💾 [98/159] saved
2026-05-30 18:59:16,475 | INFO | 
  [135/159]
2026-05-30 18:59:16,478 | INFO |   ⏳ 41.0s (req #302)
2026-05-30 18:59:58,523 | INFO |   GET https://www.gsmarena.com/panasonic_a500-816.php → 200
2026-05-30 18:59:58,547 | INFO |       📱 Panasonic A500 | Main=NoneMP | Selfie=NoneMP | AnTuTu=None | Price=$None | IP=None | Populated=13/68 fields
2026-05-30 18:59:58,551 | INFO |   💾 [99/159] saved
2026-05-30 18:59:58,551 | INFO | 
  [136/159]
2026-05-30 18:59:58,552 | INFO |   ⏳ 34.0s (req #303)
2026-05-30 19:00:33,759 | INFO |   GET https://www.gsmarena.com/panasonic_a200-911.php → 200
2026-05-30 19:00:33,782 | INFO |       📱 Panasonic A200 | Main=NoneMP | Selfie=NoneMP | AnTuTu=None | Price=$None | IP=None | Populated=14/68 fields
2026-05-30 19:00:33,786 | INFO |   💾 [100/159] saved
2026-05-30 19:00:33,787 | INFO | 
  [137/159]
2026-05-30 19:00:33,787 | INFO |   ⏳ 34.6s (req #304)
2026-05-30 19:01:12,637 | INFO |   GET https://www.gsmarena.com/panasonic_a100_series-711.php → 200
2026-05-30 19:01:12,660 | INFO |       📱 Panasonic A100 Series | Main=NoneMP | Selfie=NoneMP | AnTuTu=None | Price=$None | IP=None | Populated=13/68 fields
2026-05-30 19:01:12,666 | INFO |   💾 [101/159] saved
2026-05-30 19:01:12,667 | INFO | 
  [138/159]
2026-05-30 19:01:12,668 | INFO |   ⏳ 19.4s (req #305)
2026-05-30 19:01:33,836 | INFO |   GET https://www.gsmarena.com/panasonic_p341i-672.php → 200
2026-05-30 19:01:33,873 | INFO |       📱 Panasonic P341i | Main=NoneMP | Selfie=NoneMP | AnTuTu=None | Price=$None | IP=None | Populated=15/68 fields
2026-05-30 19:01:33,878 | INFO |   💾 [102/159] saved
2026-05-30 19:01:33,878 | INFO | 
  [139/159]
2026-05-30 19:01:33,878 | INFO |   ⏳ 34.0s (req #306)
2026-05-30 19:02:10,984 | INFO |   GET https://www.gsmarena.com/panasonic_x68_x77-772.php → 200
2026-05-30 19:02:11,008 | INFO |       📱 Panasonic X68/X77 | Main=NoneMP | Selfie=NoneMP | AnTuTu=None | Price=$None | IP=None | Populated=15/68 fields
2026-05-30 19:02:11,012 | INFO |   💾 [103/159] saved
2026-05-30 19:02:11,013 | INFO | 
  [140/159]
2026-05-30 19:02:11,013 | INFO |   ⏳ 42.7s (req #307)
2026-05-30 19:02:55,455 | INFO |   GET https://www.gsmarena.com/panasonic_x11-625.php → 200
2026-05-30 19:02:55,479 | INFO |       📱 Panasonic X11 | Main=NoneMP | Selfie=NoneMP | AnTuTu=None | Price=$None | IP=None | Populated=16/68 fields
2026-05-30 19:02:55,484 | INFO |   💾 [104/159] saved
2026-05-30 19:02:55,486 | INFO | 
  [141/159]
2026-05-30 19:02:55,486 | INFO |   ⏳ 36.9s (req #308)
2026-05-30 19:03:35,320 | INFO |   GET https://www.gsmarena.com/panasonic_g70-557.php → 200
2026-05-30 19:03:35,342 | INFO |       📱 Panasonic G70 | Main=NoneMP | Selfie=NoneMP | AnTuTu=None | Price=$None | IP=None | Populated=13/68 fields
2026-05-30 19:03:35,347 | INFO |   💾 [105/159] saved
2026-05-30 19:03:35,351 | INFO | 
  [142/159]
2026-05-30 19:03:35,352 | INFO |   ⏳ 27.6s (req #309)
2026-05-30 19:04:05,730 | INFO |   GET https://www.gsmarena.com/panasonic_g51-556.php → 200
2026-05-30 19:04:05,753 | INFO |       📱 Panasonic G51 | Main=NoneMP | Selfie=NoneMP | AnTuTu=None | Price=$None | IP=None | Populated=13/68 fields
2026-05-30 19:04:05,757 | INFO |   💾 [106/159] saved
2026-05-30 19:04:05,757 | INFO | 
  [143/159]
2026-05-30 19:04:05,758 | INFO |   ⏳ 18.8s (req #310)
2026-05-30 19:04:27,848 | INFO |   GET https://www.gsmarena.com/panasonic_x88-600.php → 200
2026-05-30 19:04:27,872 | INFO |       📱 Panasonic X88 | Main=NoneMP | Selfie=NoneMP | AnTuTu=None | Price=$None | IP=None | Populated=17/68 fields
2026-05-30 19:04:27,876 | INFO |   💾 [107/159] saved
2026-05-30 19:04:27,877 | INFO | 
  [144/159]
2026-05-30 19:04:27,877 | INFO |   ⏳ 38.0s (req #311)
2026-05-30 19:05:07,315 | INFO |   GET https://www.gsmarena.com/panasonic_x66-456.php → 200
2026-05-30 19:05:07,352 | INFO |       📱 Panasonic X66 | Main=NoneMP | Selfie=NoneMP | AnTuTu=None | Price=$None | IP=None | Populated=14/68 fields
2026-05-30 19:05:07,356 | INFO |   💾 [108/159] saved
2026-05-30 19:05:07,356 | INFO | 
  [145/159]
2026-05-30 19:05:07,356 | INFO |   ⏳ 21.4s (req #312)
2026-05-30 19:05:31,382 | INFO |   GET https://www.gsmarena.com/panasonic_x70-412.php → 200
2026-05-30 19:05:31,410 | INFO |       📱 Panasonic X70 | Main=NoneMP | Selfie=NoneMP | AnTuTu=None | Price=$None | IP=None | Populated=17/68 fields
2026-05-30 19:05:31,417 | INFO |   💾 [109/159] saved
2026-05-30 19:05:31,417 | INFO | 
  [146/159]
2026-05-30 19:05:31,418 | INFO |   ⏳ 42.2s (req #313)
2026-05-30 19:06:16,297 | INFO |   GET https://www.gsmarena.com/panasonic_g60-411.php → 200
2026-05-30 19:06:16,323 | INFO |       📱 Panasonic G60 | Main=NoneMP | Selfie=NoneMP | AnTuTu=None | Price=$None | IP=None | Populated=15/68 fields
2026-05-30 19:06:16,329 | INFO |   💾 [110/159] saved
2026-05-30 19:06:16,329 | INFO | 
  [147/159]
2026-05-30 19:06:16,329 | INFO |   ⏳ 16.5s (req #314)
2026-05-30 19:06:36,149 | INFO |   GET https://www.gsmarena.com/panasonic_g50-410.php → 200
2026-05-30 19:06:36,168 | INFO |       📱 Panasonic G50 | Main=NoneMP | Selfie=NoneMP | AnTuTu=None | Price=$None | IP=None | Populated=14/68 fields
2026-05-30 19:06:36,171 | INFO |   💾 [111/159] saved
2026-05-30 19:06:36,171 | INFO | 
  [148/159]
2026-05-30 19:06:36,171 | INFO |   ⏳ 41.2s (req #315)
2026-05-30 19:07:19,725 | INFO |   GET https://www.gsmarena.com/panasonic_gd55-372.php → 200
2026-05-30 19:07:19,747 | INFO |       📱 Panasonic GD55 | Main=NoneMP | Selfie=NoneMP | AnTuTu=None | Price=$None | IP=None | Populated=14/68 fields
2026-05-30 19:07:19,751 | INFO |   💾 [112/159] saved
2026-05-30 19:07:19,752 | INFO | 
  [149/159]
2026-05-30 19:07:19,752 | INFO |   ⏳ 20.3s (req #316)
2026-05-30 19:07:42,330 | INFO |   GET https://www.gsmarena.com/panasonic_gd87-322.php → 200
2026-05-30 19:07:42,352 | INFO |       📱 Panasonic GD87 | Main=NoneMP | Selfie=NoneMP | AnTuTu=None | Price=$None | IP=None | Populated=16/68 fields
2026-05-30 19:07:42,356 | INFO |   💾 [113/159] saved
2026-05-30 19:07:42,357 | INFO | 
  [150/159]
2026-05-30 19:07:42,357 | INFO |   ⏳ 38.1s (req #317)
2026-05-30 19:08:21,596 | INFO |   GET https://www.gsmarena.com/panasonic_gd67-321.php → 200
2026-05-30 19:08:21,629 | INFO |       📱 Panasonic GD67 | Main=NoneMP | Selfie=NoneMP | AnTuTu=None | Price=$None | IP=None | Populated=13/68 fields
2026-05-30 19:08:21,633 | INFO |   💾 [114/159] saved
2026-05-30 19:08:21,633 | INFO | 
  [151/159]
2026-05-30 19:08:21,633 | INFO |   ⏳ 43.7s (req #318)
2026-05-30 19:09:07,842 | INFO |   GET https://www.gsmarena.com/panasonic_gd95-242.php → 200
2026-05-30 19:09:07,864 | INFO |       📱 Panasonic GD95 | Main=NoneMP | Selfie=NoneMP | AnTuTu=None | Price=$None | IP=None | Populated=14/68 fields
2026-05-30 19:09:07,869 | INFO |   💾 [115/159] saved
2026-05-30 19:09:07,870 | INFO | 
  [152/159]
2026-05-30 19:09:07,871 | INFO |   ⏳ 25.8s (req #319)
2026-05-30 19:09:36,346 | INFO |   GET https://www.gsmarena.com/panasonic_gd75-269.php → 200
2026-05-30 19:09:36,368 | INFO |       📱 Panasonic GD75 | Main=NoneMP | Selfie=NoneMP | AnTuTu=None | Price=$None | IP=None | Populated=13/68 fields
2026-05-30 19:09:36,373 | INFO |   💾 [116/159] saved
2026-05-30 19:09:36,373 | INFO | 
  [153/159]
2026-05-30 19:09:36,374 | INFO |   ⏳ 22.5s (req #320)
2026-05-30 19:10:02,836 | INFO |   GET https://www.gsmarena.com/panasonic_gd35-268.php → 200
2026-05-30 19:10:02,858 | INFO |       📱 Panasonic GD35 | Main=NoneMP | Selfie=NoneMP | AnTuTu=None | Price=$None | IP=None | Populated=14/68 fields
2026-05-30 19:10:02,864 | INFO |   💾 [117/159] saved
2026-05-30 19:10:02,864 | INFO | 
  [154/159]
2026-05-30 19:10:02,864 | INFO |   ⏳ 34.7s (req #321)
2026-05-30 19:10:39,195 | INFO |   GET https://www.gsmarena.com/panasonic_gd93-126.php → 200
2026-05-30 19:10:39,233 | INFO |       📱 Panasonic GD93 | Main=NoneMP | Selfie=NoneMP | AnTuTu=None | Price=$None | IP=None | Populated=13/68 fields
2026-05-30 19:10:39,237 | INFO |   💾 [118/159] saved
2026-05-30 19:10:39,237 | INFO | 
  [155/159]
2026-05-30 19:10:39,238 | INFO |   ⏳ 18.2s (req #322)
2026-05-30 19:10:58,481 | INFO |   GET https://www.gsmarena.com/panasonic_gd92-125.php → 200
2026-05-30 19:10:58,506 | INFO |       📱 Panasonic GD92 | Main=NoneMP | Selfie=NoneMP | AnTuTu=None | Price=$None | IP=None | Populated=14/68 fields
2026-05-30 19:10:58,511 | INFO |   💾 [119/159] saved
2026-05-30 19:10:58,511 | INFO | 
  [156/159]
2026-05-30 19:10:58,511 | INFO |   ⏳ 43.1s (req #323)
2026-05-30 19:11:42,549 | INFO |   GET https://www.gsmarena.com/panasonic_gd90-124.php → 200
2026-05-30 19:11:42,564 | INFO |       📱 Panasonic GD90 | Main=NoneMP | Selfie=NoneMP | AnTuTu=None | Price=$None | IP=None | Populated=14/68 fields
2026-05-30 19:11:42,568 | INFO |   💾 [120/159] saved
2026-05-30 19:11:42,568 | INFO | 
  [157/159]
2026-05-30 19:11:42,568 | INFO |   ⏳ 33.5s (req #324)
2026-05-30 19:12:16,927 | INFO |   GET https://www.gsmarena.com/panasonic_gd70-123.php → 200
2026-05-30 19:12:17,018 | INFO |       📱 Panasonic GD70 | Main=NoneMP | Selfie=NoneMP | AnTuTu=None | Price=$None | IP=None | Populated=13/68 fields
2026-05-30 19:12:17,021 | INFO |   💾 [121/159] saved
2026-05-30 19:12:17,021 | INFO | 
  [158/159]
2026-05-30 19:12:17,022 | INFO |   ⏳ 29.6s (req #325)
2026-05-30 19:12:47,608 | INFO |   GET https://www.gsmarena.com/panasonic_gd30-122.php → 200
2026-05-30 19:12:47,622 | INFO |       📱 Panasonic GD30 | Main=NoneMP | Selfie=NoneMP | AnTuTu=None | Price=$None | IP=None | Populated=13/68 fields
2026-05-30 19:12:47,625 | INFO |   💾 [122/159] saved
2026-05-30 19:12:47,625 | INFO | 
  [159/159]
2026-05-30 19:12:47,625 | INFO |   ⏳ 28.3s (req #326)
2026-05-30 19:13:16,864 | INFO |   GET https://www.gsmarena.com/panasonic_g600-121.php → 200
2026-05-30 19:13:16,878 | INFO |       📱 Panasonic G600 | Main=NoneMP | Selfie=NoneMP | AnTuTu=None | Price=$None | IP=None | Populated=11/68 fields
2026-05-30 19:13:16,881 | INFO |   💾 [123/159] saved
2026-05-30 19:13:16,882 | INFO |   ✅ Panasonic — 123 phones saved
2026-05-30 19:13:16,882 | INFO | 
============================================================
2026-05-30 19:13:16,882 | INFO | [3/4] Ulefone (148 phones)
2026-05-30 19:13:16,883 | INFO | Elapsed: 196min
2026-05-30 19:13:16,883 | INFO | ============================================================
2026-05-30 19:13:16,883 | INFO |   Fetching phone links for: Ulefone (~148 phones)
2026-05-30 19:13:16,884 | INFO |   ⏳ 23.0s (req #327)
2026-05-30 19:13:41,466 | INFO |   GET https://www.gsmarena.com/ulefone-phones-124.php → 200
2026-05-30 19:13:41,476 | INFO |     Found 4 listing pages
2026-05-30 19:13:41,476 | INFO |     Page 1/4: 50 links so far
2026-05-30 19:13:41,477 | INFO |   ⏳ 20.6s (req #328)
2026-05-30 19:14:03,110 | INFO |   GET https://www.gsmarena.com/# → 200
2026-05-30 19:14:03,131 | INFO |     Page 2/4: 84 links so far
2026-05-30 19:14:03,131 | INFO |   ⏳ 21.6s (req #329)
2026-05-30 19:14:25,647 | INFO |   GET https://www.gsmarena.com/ulefone-phones-f-124-0-p2.php → 200
2026-05-30 19:14:25,657 | INFO |     Page 3/4: 134 links so far
2026-05-30 19:14:25,658 | INFO |   ☕ Long pause 267s ...
2026-05-30 19:18:53,906 | INFO |   GET https://www.gsmarena.com/ulefone-phones-f-124-0-p3.php → 200
2026-05-30 19:18:53,916 | INFO |     Page 4/4: 182 links so far
2026-05-30 19:18:53,916 | INFO |   ✅ 182 valid phone spec links for Ulefone
2026-05-30 19:18:53,918 | INFO |   💾 Link list cached → GSMArenaDataset_BATCH8\_links_ulefone.json
2026-05-30 19:18:53,918 | INFO |   [1/182] SKIP ulefone_armor_mini_5-14694.php
2026-05-30 19:18:53,918 | INFO |   [2/182] SKIP ulefone_tab_a12_pro-14695.php
2026-05-30 19:18:53,918 | INFO | 
  [3/182]
2026-05-30 19:18:53,918 | INFO |   ⏳ 17.2s (req #331)
2026-05-30 19:19:12,189 | INFO |   GET https://www.gsmarena.com/ulefone_note_22-14685.php → 200
2026-05-30 19:19:12,210 | INFO |       📱 Ulefone Note 22 | Main=2.0MP | Selfie=0.3MP | AnTuTu=None | Price=$None | IP=None | Populated=39/68 fields
2026-05-30 19:19:12,213 | INFO |   💾 [1/182] saved
2026-05-30 19:19:12,215 | INFO | 
  [4/182]
2026-05-30 19:19:12,216 | INFO |   ⏳ 41.8s (req #332)
2026-05-30 19:19:55,095 | INFO |   GET https://www.gsmarena.com/ulefone_rugking_5_pro-14544.php → 200
2026-05-30 19:19:55,136 | INFO |       📱 Ulefone RugKing 5 Pro | Main=64.0MP | Selfie=16.0MP | AnTuTu=None | Price=$134.99 | IP=IP68 | Populated=47/68 fields
2026-05-30 19:19:55,138 | INFO |   💾 [2/182] saved
2026-05-30 19:19:55,139 | INFO | 
  [5/182]
2026-05-30 19:19:55,139 | INFO |   ⏳ 40.3s (req #333)
2026-05-30 19:20:36,323 | INFO |   GET https://www.gsmarena.com/ulefone_armor_27t_pro+_5g-14475.php → 200
2026-05-30 19:20:36,360 | INFO |       📱 Ulefone Armor 27T Pro+ | Main=50.0MP | Selfie=32.0MP | AnTuTu=None | Price=$None | IP=IP68 | Populated=50/68 fields
2026-05-30 19:20:36,363 | INFO |   💾 [3/182] saved
2026-05-30 19:20:36,363 | INFO | 
  [6/182]
2026-05-30 19:20:36,363 | INFO |   ⏳ 15.4s (req #334)
2026-05-30 19:20:52,689 | INFO |   GET https://www.gsmarena.com/ulefone_armor_27t+-14476.php → 200
2026-05-30 19:20:52,707 | INFO |       📱 Ulefone Armor 27T+ | Main=50.0MP | Selfie=32.0MP | AnTuTu=None | Price=$None | IP=IP68 | Populated=49/68 fields
2026-05-30 19:20:52,710 | INFO |   💾 [4/182] saved
2026-05-30 19:20:52,710 | INFO | 
  [7/182]
2026-05-30 19:20:52,710 | INFO |   ⏳ 35.1s (req #335)
2026-05-30 19:21:28,805 | INFO |   GET https://www.gsmarena.com/ulefone_rugking_pad_pro-14423.php → 200
2026-05-30 19:21:28,821 | INFO |       📱 Ulefone RugKing Pad Pro | Main=16.0MP | Selfie=8.0MP | AnTuTu=None | Price=$None | IP=IP68 | Populated=47/68 fields
2026-05-30 19:21:28,824 | INFO |   💾 [5/182] saved
2026-05-30 19:21:28,824 | INFO | 
  [8/182]
2026-05-30 19:21:28,824 | INFO |   ⏳ 44.6s (req #336)
2026-05-30 19:22:15,682 | INFO |   GET https://www.gsmarena.com/ulefone_rugking_pad_2_pro-14424.php → 200
2026-05-30 19:22:15,698 | INFO |       📱 Ulefone RugKing Pad 2 Pro | Main=48.0MP | Selfie=8.0MP | AnTuTu=None | Price=$None | IP=IP68 | Populated=47/68 fields
2026-05-30 19:22:15,701 | INFO |   💾 [6/182] saved
2026-05-30 19:22:15,702 | INFO | 
  [9/182]
2026-05-30 19:22:15,702 | INFO |   ⏳ 29.7s (req #337)
2026-05-30 19:22:46,291 | INFO |   GET https://www.gsmarena.com/ulefone_armor_watch_pro-14422.php → 200
2026-05-30 19:22:46,312 | INFO |       📱 Ulefone Armor Watch Pro | Main=NoneMP | Selfie=NoneMP | AnTuTu=None | Price=$None | IP=IP68 | Populated=21/68 fields
2026-05-30 19:22:46,315 | INFO |   💾 [7/182] saved
2026-05-30 19:22:46,315 | INFO | 
  [10/182]
2026-05-30 19:22:46,315 | INFO |   ⏳ 37.6s (req #338)
2026-05-30 19:23:25,176 | INFO |   GET https://www.gsmarena.com/ulefone_armor_34_pro+_5g-14368.php → 200
2026-05-30 19:23:25,193 | INFO |       📱 Ulefone Armor 34 Pro+ | Main=50.0MP | Selfie=32.0MP | AnTuTu=None | Price=$None | IP=IP68 | Populated=50/68 fields
2026-05-30 19:23:25,196 | INFO |   💾 [8/182] saved
2026-05-30 19:23:25,197 | INFO | 
  [11/182]
2026-05-30 19:23:25,197 | INFO |   ⏳ 43.1s (req #339)
2026-05-30 19:24:09,246 | INFO |   GET https://www.gsmarena.com/ulefone_armor_34+_5g-14367.php → 200
2026-05-30 19:24:09,263 | INFO |       📱 Ulefone Armor 34+ | Main=50.0MP | Selfie=32.0MP | AnTuTu=None | Price=$None | IP=IP68 | Populated=50/68 fields
2026-05-30 19:24:09,266 | INFO |   💾 [9/182] saved
2026-05-30 19:24:09,266 | INFO | 
  [12/182]
2026-05-30 19:24:09,266 | INFO |   ⏳ 37.3s (req #340)
2026-05-30 19:24:47,838 | INFO |   GET https://www.gsmarena.com/ulefone_rugking_4_pro-14340.php → 200
2026-05-30 19:24:47,856 | INFO |       📱 Ulefone RugKing 4 Pro | Main=48.0MP | Selfie=8.0MP | AnTuTu=None | Price=$None | IP=IP68 | Populated=46/68 fields
2026-05-30 19:24:47,859 | INFO |   💾 [10/182] saved
2026-05-30 19:24:47,859 | INFO | 
  [13/182]
2026-05-30 19:24:47,859 | INFO |   ⏳ 36.1s (req #341)
2026-05-30 19:25:24,889 | INFO |   GET https://www.gsmarena.com/ulefone_rugking_3_pro-14339.php → 200
2026-05-30 19:25:24,903 | INFO |       📱 Ulefone RugKing 3 Pro | Main=48.0MP | Selfie=8.0MP | AnTuTu=None | Price=$None | IP=IP68 | Populated=46/68 fields
2026-05-30 19:25:24,906 | INFO |   💾 [11/182] saved
2026-05-30 19:25:24,907 | INFO | 
  [14/182]
2026-05-30 19:25:24,907 | INFO |   ⏳ 37.7s (req #342)
2026-05-30 19:26:03,809 | INFO |   GET https://www.gsmarena.com/ulefone_rugking_2_pro-14338.php → 200
2026-05-30 19:26:03,850 | INFO |       📱 Ulefone RugKing 2 Pro | Main=13.0MP | Selfie=5.0MP | AnTuTu=None | Price=$None | IP=IP68 | Populated=46/68 fields
2026-05-30 19:26:03,857 | INFO |   💾 [12/182] saved
2026-05-30 19:26:03,858 | INFO | 
  [15/182]
2026-05-30 19:26:03,859 | INFO |   ⏳ 32.2s (req #343)
2026-05-30 19:26:37,111 | INFO |   GET https://www.gsmarena.com/ulefone_armor_pad_5_ultra_5g-14269.php → 200
2026-05-30 19:26:37,135 | INFO |       📱 Ulefone Armor Pad 5 Ultra | Main=64.0MP | Selfie=32.0MP | AnTuTu=None | Price=$None | IP=IP68 | Populated=48/68 fields
2026-05-30 19:26:37,137 | INFO |   💾 [13/182] saved
2026-05-30 19:26:37,137 | INFO | 
  [16/182]
2026-05-30 19:26:37,137 | INFO |   ⏳ 43.0s (req #344)
2026-05-30 19:27:21,572 | INFO |   GET https://www.gsmarena.com/ulefone_armor_pad_5_pro_5g-14270.php → 200
2026-05-30 19:27:21,588 | INFO |       📱 Ulefone Armor Pad 5 Pro | Main=64.0MP | Selfie=32.0MP | AnTuTu=None | Price=$None | IP=IP68 | Populated=48/68 fields
2026-05-30 19:27:21,590 | INFO |   💾 [14/182] saved
2026-05-30 19:27:21,590 | INFO | 
  [17/182]
2026-05-30 19:27:21,591 | INFO |   ⏳ 37.4s (req #345)
2026-05-30 19:28:00,023 | INFO |   GET https://www.gsmarena.com/ulefone_tab_a9_pro-14160.php → 200
2026-05-30 19:28:00,040 | INFO |       📱 Ulefone Tab A9 Pro | Main=12.0MP | Selfie=8.0MP | AnTuTu=None | Price=$None | IP=None | Populated=44/68 fields
2026-05-30 19:28:00,043 | INFO |   💾 [15/182] saved
2026-05-30 19:28:00,043 | INFO | 
  [18/182]
2026-05-30 19:28:00,044 | INFO |   ⏳ 43.6s (req #346)
2026-05-30 19:28:44,790 | INFO |   GET https://www.gsmarena.com/ulefone_armor_29_pro_thermal_5g-14104.php → 200
2026-05-30 19:28:44,807 | INFO |       📱 Ulefone Armor 29 Pro Thermal | Main=50.0MP | Selfie=50.0MP | AnTuTu=None | Price=$None | IP=IP68 | Populated=50/68 fields
2026-05-30 19:28:44,810 | INFO |   💾 [16/182] saved
2026-05-30 19:28:44,810 | INFO | 
  [19/182]
2026-05-30 19:28:44,810 | INFO |   ⏳ 44.0s (req #347)
2026-05-30 19:29:29,822 | INFO |   GET https://www.gsmarena.com/ulefone_armor_29_pro_5g-14103.php → 200
2026-05-30 19:29:29,837 | INFO |       📱 Ulefone Armor 29 Pro | Main=50.0MP | Selfie=50.0MP | AnTuTu=None | Price=$None | IP=IP68 | Populated=50/68 fields
2026-05-30 19:29:29,840 | INFO |   💾 [17/182] saved
2026-05-30 19:29:29,840 | INFO | 
  [20/182]
2026-05-30 19:29:29,840 | INFO |   ⏳ 32.3s (req #348)
2026-05-30 19:30:03,017 | INFO |   GET https://www.gsmarena.com/ulefone_rugking-14102.php → 200
2026-05-30 19:30:03,033 | INFO |       📱 Ulefone RugKing | Main=50.0MP | Selfie=8.0MP | AnTuTu=None | Price=$None | IP=IP68 | Populated=48/68 fields
2026-05-30 19:30:03,036 | INFO |   💾 [18/182] saved
2026-05-30 19:30:03,036 | INFO | 
  [21/182]
2026-05-30 19:30:03,037 | INFO |   ⏳ 28.0s (req #349)
2026-05-30 19:30:32,254 | INFO |   GET https://www.gsmarena.com/ulefone_armor_29_ultra_5g-14056.php → 200
2026-05-30 19:30:32,278 | INFO |       📱 Ulefone Armor 29 Ultra | Main=50.0MP | Selfie=50.0MP | AnTuTu=None | Price=$None | IP=IP68 | Populated=50/68 fields
2026-05-30 19:30:32,280 | INFO |   💾 [19/182] saved
2026-05-30 19:30:32,280 | INFO | 
  [22/182]
2026-05-30 19:30:32,281 | INFO |   ⏳ 38.6s (req #350)
2026-05-30 19:31:11,756 | INFO |   GET https://www.gsmarena.com/ulefone_armor_34_5g-14053.php → 200
2026-05-30 19:31:11,773 | INFO |       📱 Ulefone Armor 34 | Main=50.0MP | Selfie=32.0MP | AnTuTu=None | Price=$None | IP=IP68 | Populated=50/68 fields
2026-05-30 19:31:11,775 | INFO |   💾 [20/182] saved
2026-05-30 19:31:11,776 | INFO | 
  [23/182]
2026-05-30 19:31:11,776 | INFO |   ⏳ 33.8s (req #351)
2026-05-30 19:31:46,639 | INFO |   GET https://www.gsmarena.com/ulefone_armor_33_pro_5g-13692.php → 200
2026-05-30 19:31:46,657 | INFO |       📱 Ulefone Armor 33 Pro | Main=50.0MP | Selfie=32.0MP | AnTuTu=None | Price=$403.78 | IP=IP68 | Populated=53/68 fields
2026-05-30 19:31:46,660 | INFO |   💾 [21/182] saved
2026-05-30 19:31:46,660 | INFO | 
  [24/182]
2026-05-30 19:31:46,660 | INFO |   ⏳ 18.7s (req #352)
2026-05-30 19:32:06,311 | INFO |   GET https://www.gsmarena.com/ulefone_armor_33-14055.php → 200
2026-05-30 19:32:06,328 | INFO |       📱 Ulefone Armor 33 | Main=50.0MP | Selfie=32.0MP | AnTuTu=None | Price=$None | IP=IP68 | Populated=48/68 fields
2026-05-30 19:32:06,330 | INFO |   💾 [22/182] saved
2026-05-30 19:32:06,331 | INFO | 
  [25/182]
2026-05-30 19:32:06,331 | INFO |   ⏳ 21.7s (req #353)
2026-05-30 19:32:28,926 | INFO |   GET https://www.gsmarena.com/ulefone_armor_30-13999.php → 200
2026-05-30 19:32:28,943 | INFO |       📱 Ulefone Armor 30 | Main=50.0MP | Selfie=32.0MP | AnTuTu=None | Price=$None | IP=IP68 | Populated=48/68 fields
2026-05-30 19:32:28,945 | INFO |   💾 [23/182] saved
2026-05-30 19:32:28,946 | INFO | 
  [26/182]
2026-05-30 19:32:28,946 | INFO |   ⏳ 26.1s (req #354)
2026-05-30 19:32:56,006 | INFO |   GET https://www.gsmarena.com/ulefone_armor_x16_pro_5g-14000.php → 200
2026-05-30 19:32:56,022 | INFO |       📱 Ulefone Armor X16 Pro | Main=64.0MP | Selfie=16.0MP | AnTuTu=None | Price=$None | IP=IP68 | Populated=49/68 fields
2026-05-30 19:32:56,024 | INFO |   💾 [24/182] saved
2026-05-30 19:32:56,024 | INFO | 
  [27/182]
2026-05-30 19:32:56,024 | INFO |   ⏳ 41.5s (req #355)
2026-05-30 19:33:38,601 | INFO |   GET https://www.gsmarena.com/ulefone_armor_x16-14001.php → 200
2026-05-30 19:33:38,625 | INFO |       📱 Ulefone Armor X16 | Main=48.0MP | Selfie=16.0MP | AnTuTu=None | Price=$None | IP=IP68 | Populated=46/68 fields
2026-05-30 19:33:38,628 | INFO |   💾 [25/182] saved
2026-05-30 19:33:38,628 | INFO | 
  [28/182]
2026-05-30 19:33:38,628 | INFO |   ⏳ 34.8s (req #356)
2026-05-30 19:34:14,837 | INFO |   GET https://www.gsmarena.com/ulefone_armor_34_pro-13691.php → 200
2026-05-30 19:34:14,854 | INFO |       📱 Ulefone Armor 34 Pro | Main=50.0MP | Selfie=32.0MP | AnTuTu=None | Price=$None | IP=IP68 | Populated=50/68 fields
2026-05-30 19:34:14,857 | INFO |   💾 [26/182] saved
2026-05-30 19:34:14,858 | INFO | 
  [29/182]
2026-05-30 19:34:14,858 | INFO |   ⏳ 29.1s (req #357)
2026-05-30 19:34:44,993 | INFO |   GET https://www.gsmarena.com/ulefone_armor_28_pro_5g-13864.php → 200
2026-05-30 19:34:45,012 | INFO |       📱 Ulefone Armor 28 Pro | Main=50.0MP | Selfie=50.0MP | AnTuTu=None | Price=$None | IP=IP68 | Populated=52/68 fields
2026-05-30 19:34:45,014 | INFO |   💾 [27/182] saved
2026-05-30 19:34:45,015 | INFO | 
  [30/182]
2026-05-30 19:34:45,015 | INFO |   ⏳ 21.6s (req #358)
2026-05-30 19:35:07,727 | INFO |   GET https://www.gsmarena.com/ulefone_armor_x32_pro_5g-13777.php → 200
2026-05-30 19:35:07,745 | INFO |       📱 Ulefone Armor X32 Pro | Main=64.0MP | Selfie=16.0MP | AnTuTu=None | Price=$None | IP=IP68 | Populated=48/68 fields
2026-05-30 19:35:07,747 | INFO |   💾 [28/182] saved
2026-05-30 19:35:07,747 | INFO | 
  [31/182]
2026-05-30 19:35:07,747 | INFO |   ⏳ 28.8s (req #359)
2026-05-30 19:35:38,634 | INFO |   GET https://www.gsmarena.com/ulefone_armor_x32_5g-13778.php → 200
2026-05-30 19:35:38,661 | INFO |       📱 Ulefone Armor X32 | Main=48.0MP | Selfie=16.0MP | AnTuTu=None | Price=$None | IP=IP68 | Populated=48/68 fields
2026-05-30 19:35:38,664 | INFO |   💾 [29/182] saved
2026-05-30 19:35:38,665 | INFO | 
  [32/182]
2026-05-30 19:35:38,665 | INFO |   ☕ Long pause 158s ...
2026-05-30 19:38:17,298 | INFO |   GET https://www.gsmarena.com/ulefone_tab_a10-14161.php → 200
2026-05-30 19:38:17,334 | INFO |       📱 Ulefone Tab A10 | Main=13.0MP | Selfie=5.0MP | AnTuTu=None | Price=$None | IP=None | Populated=43/68 fields
2026-05-30 19:38:17,339 | INFO |   💾 [30/182] saved
2026-05-30 19:38:17,339 | INFO | 
  [33/182]
2026-05-30 19:38:17,339 | INFO |   ⏳ 44.9s (req #361)
2026-05-30 19:39:03,462 | INFO |   GET https://www.gsmarena.com/ulefone_armor_30_pro_5g-13776.php → 200
2026-05-30 19:39:03,489 | INFO |       📱 Ulefone Armor 30 Pro | Main=50.0MP | Selfie=32.0MP | AnTuTu=None | Price=$None | IP=IP68 | Populated=50/68 fields
2026-05-30 19:39:03,492 | INFO |   💾 [31/182] saved
2026-05-30 19:39:03,492 | INFO | 
  [34/182]
2026-05-30 19:39:03,493 | INFO |   ⏳ 39.9s (req #362)
2026-05-30 19:39:44,727 | INFO |   GET https://www.gsmarena.com/ulefone_armor_28_ultra_thermal-13297.php → 200
2026-05-30 19:39:44,758 | INFO |       📱 Ulefone Armor 28 Ultra Thermal | Main=50.0MP | Selfie=50.0MP | AnTuTu=None | Price=$879.52 | IP=IP68 | Populated=54/68 fields
2026-05-30 19:39:44,762 | INFO |   💾 [32/182] saved
2026-05-30 19:39:44,762 | INFO | 
  [35/182]
2026-05-30 19:39:44,762 | INFO |   ⏳ 26.7s (req #363)
2026-05-30 19:40:12,540 | INFO |   GET https://www.gsmarena.com/ulefone_armor_mini_4-13693.php → 200
2026-05-30 19:40:12,567 | INFO |       📱 Ulefone Armor Mini 4 | Main=2.0MP | Selfie=NoneMP | AnTuTu=None | Price=$None | IP=IP68 | Populated=30/68 fields
2026-05-30 19:40:12,571 | INFO |   💾 [33/182] saved
2026-05-30 19:40:12,572 | INFO | 
  [36/182]
2026-05-30 19:40:12,572 | INFO |   ⏳ 16.5s (req #364)
2026-05-30 19:40:30,415 | INFO |   GET https://www.gsmarena.com/ulefone_armor_28_ultra-13674.php → 200
2026-05-30 19:40:30,441 | INFO |       📱 Ulefone Armor 28 Ultra | Main=50.0MP | Selfie=50.0MP | AnTuTu=None | Price=$None | IP=IP68 | Populated=51/68 fields
2026-05-30 19:40:30,445 | INFO |   💾 [34/182] saved
2026-05-30 19:40:30,446 | INFO | 
  [37/182]
2026-05-30 19:40:30,446 | INFO |   ⏳ 29.7s (req #365)
2026-05-30 19:41:01,479 | INFO |   GET https://www.gsmarena.com/ulefone_armor_x31-13854.php → 200
2026-05-30 19:41:01,513 | INFO |       📱 Ulefone Armor X31 | Main=48.0MP | Selfie=16.0MP | AnTuTu=None | Price=$None | IP=IP68 | Populated=47/68 fields
2026-05-30 19:41:01,518 | INFO |   💾 [35/182] saved
2026-05-30 19:41:01,518 | INFO | 
  [38/182]
2026-05-30 19:41:01,518 | INFO |   ⏳ 23.9s (req #366)
2026-05-30 19:41:26,610 | INFO |   GET https://www.gsmarena.com/ulefone_armor_x31_pro-13589.php → 200
2026-05-30 19:41:26,649 | INFO |       📱 Ulefone Armor X31 Pro | Main=64.0MP | Selfie=16.0MP | AnTuTu=None | Price=$None | IP=IP68 | Populated=47/68 fields
2026-05-30 19:41:26,653 | INFO |   💾 [36/182] saved
2026-05-30 19:41:26,654 | INFO | 
  [39/182]
2026-05-30 19:41:26,654 | INFO |   ⏳ 20.1s (req #367)
2026-05-30 19:41:47,761 | INFO |   GET https://www.gsmarena.com/ulefone_armor_27t-13545.php → 200
2026-05-30 19:41:47,791 | INFO |       📱 Ulefone Armor 27T | Main=50.0MP | Selfie=32.0MP | AnTuTu=None | Price=$None | IP=IP68 | Populated=50/68 fields
2026-05-30 19:41:47,795 | INFO |   💾 [37/182] saved
2026-05-30 19:41:47,796 | INFO | 
  [40/182]
2026-05-30 19:41:47,796 | INFO |   ⏳ 16.8s (req #368)
2026-05-30 19:42:05,606 | INFO |   GET https://www.gsmarena.com/ulefone_armor_27-13544.php → 200
2026-05-30 19:42:05,638 | INFO |       📱 Ulefone Armor 27 | Main=50.0MP | Selfie=32.0MP | AnTuTu=None | Price=$None | IP=IP68 | Populated=50/68 fields
2026-05-30 19:42:05,641 | INFO |   💾 [38/182] saved
2026-05-30 19:42:05,641 | INFO | 
  [41/182]
2026-05-30 19:42:05,641 | INFO |   ⏳ 22.7s (req #369)
2026-05-30 19:42:29,460 | INFO |   GET https://www.gsmarena.com/ulefone_note_18_pro-13543.php → 200
2026-05-30 19:42:29,487 | INFO |       📱 Ulefone Note 18 Pro | Main=64.0MP | Selfie=32.0MP | AnTuTu=None | Price=$None | IP=None | Populated=46/68 fields
2026-05-30 19:42:29,491 | INFO |   💾 [39/182] saved
2026-05-30 19:42:29,491 | INFO | 
  [42/182]
2026-05-30 19:42:29,491 | INFO |   ⏳ 43.1s (req #370)
2026-05-30 19:43:13,712 | INFO |   GET https://www.gsmarena.com/ulefone_tab_a10_pro-13542.php → 200
2026-05-30 19:43:13,738 | INFO |       📱 Ulefone Tab A10 Pro | Main=13.0MP | Selfie=5.0MP | AnTuTu=None | Price=$None | IP=None | Populated=42/68 fields
2026-05-30 19:43:13,742 | INFO |   💾 [40/182] saved
2026-05-30 19:43:13,742 | INFO | 
  [43/182]
2026-05-30 19:43:13,742 | INFO |   ⏳ 34.8s (req #371)
2026-05-30 19:43:49,862 | INFO |   GET https://www.gsmarena.com/ulefone_note_20_pro-13451.php → 200
2026-05-30 19:43:49,889 | INFO |       📱 Ulefone Note 20 Pro | Main=50.0MP | Selfie=8.0MP | AnTuTu=None | Price=$None | IP=None | Populated=46/68 fields
2026-05-30 19:43:49,894 | INFO |   💾 [41/182] saved
2026-05-30 19:43:49,894 | INFO | 
  [44/182]
2026-05-30 19:43:49,894 | INFO |   ⏳ 27.7s (req #372)
2026-05-30 19:44:18,587 | INFO |   GET https://www.gsmarena.com/ulefone_note_19-13450.php → 200
2026-05-30 19:44:18,626 | INFO |       📱 Ulefone Note 19 | Main=8.0MP | Selfie=5.0MP | AnTuTu=None | Price=$None | IP=None | Populated=44/68 fields
2026-05-30 19:44:18,630 | INFO |   💾 [42/182] saved
2026-05-30 19:44:18,630 | INFO | 
  [45/182]
2026-05-30 19:44:18,631 | INFO |   ⏳ 32.1s (req #373)
2026-05-30 19:44:51,827 | INFO |   GET https://www.gsmarena.com/ulefone_armor_pad_4_ultra_thermal-13447.php → 200
2026-05-30 19:44:51,853 | INFO |       📱 Ulefone Armor Pad 4 Ultra Thermal | Main=50.0MP | Selfie=32.0MP | AnTuTu=None | Price=$None | IP=IP68 | Populated=48/68 fields
2026-05-30 19:44:51,856 | INFO |   💾 [43/182] saved
2026-05-30 19:44:51,856 | INFO | 
  [46/182]
2026-05-30 19:44:51,857 | INFO |   ⏳ 20.1s (req #374)
2026-05-30 19:45:13,061 | INFO |   GET https://www.gsmarena.com/ulefone_armor_pad_4_ultra-13446.php → 200
2026-05-30 19:45:13,088 | INFO |       📱 Ulefone Armor Pad 4 Ultra | Main=50.0MP | Selfie=32.0MP | AnTuTu=None | Price=$None | IP=IP68 | Populated=48/68 fields
2026-05-30 19:45:13,093 | INFO |   💾 [44/182] saved
2026-05-30 19:45:13,093 | INFO | 
  [47/182]
2026-05-30 19:45:13,093 | INFO |   ⏳ 37.3s (req #375)
2026-05-30 19:45:51,466 | INFO |   GET https://www.gsmarena.com/ulefone_armor_mini_20-13541.php → 200
2026-05-30 19:45:51,494 | INFO |       📱 Ulefone Armor Mini 20 | Main=50.0MP | Selfie=32.0MP | AnTuTu=None | Price=$None | IP=IP68 | Populated=49/68 fields
2026-05-30 19:45:51,498 | INFO |   💾 [45/182] saved
2026-05-30 19:45:51,498 | INFO | 
  [48/182]
2026-05-30 19:45:51,499 | INFO |   ⏳ 19.6s (req #376)
2026-05-30 19:46:12,236 | INFO |   GET https://www.gsmarena.com/ulefone_armor_mini_20_pro-13445.php → 200
2026-05-30 19:46:12,262 | INFO |       📱 Ulefone Armor Mini 20 Pro | Main=50.0MP | Selfie=32.0MP | AnTuTu=None | Price=$None | IP=IP68 | Populated=50/68 fields
2026-05-30 19:46:12,266 | INFO |   💾 [46/182] saved
2026-05-30 19:46:12,266 | INFO | 
  [49/182]
2026-05-30 19:46:12,266 | INFO |   ⏳ 43.2s (req #377)
2026-05-30 19:46:56,755 | INFO |   GET https://www.gsmarena.com/ulefone_armor_mini_20t_pro-13298.php → 200
2026-05-30 19:46:56,786 | INFO |       📱 Ulefone Armor Mini 20T Pro | Main=50.0MP | Selfie=32.0MP | AnTuTu=432253 | Price=$None | IP=IP68 | Populated=57/68 fields
2026-05-30 19:46:56,790 | INFO |   💾 [47/182] saved
2026-05-30 19:46:56,790 | INFO | 
  [50/182]
2026-05-30 19:46:56,790 | INFO |   ⏳ 19.0s (req #378)
2026-05-30 19:47:17,038 | INFO |   GET https://www.gsmarena.com/ulefone_armor_27_pro-13245.php → 200
2026-05-30 19:47:17,079 | INFO |       📱 Ulefone Armor 27 Pro | Main=50.0MP | Selfie=32.0MP | AnTuTu=None | Price=$None | IP=IP68 | Populated=51/68 fields
2026-05-30 19:47:17,084 | INFO |   💾 [48/182] saved
2026-05-30 19:47:17,085 | INFO |   [51/182] SKIP vivo_s60_vitality_5g-14693.php
2026-05-30 19:47:17,085 | INFO |   [52/182] SKIP vivo_s60_5g-14692.php
2026-05-30 19:47:17,085 | INFO |   [53/182] SKIP vivo_t5-14697.php
2026-05-30 19:47:17,085 | INFO |   [54/182] SKIP zte_nubia_redmagic_11s_pro_5g-14669.php
2026-05-30 19:47:17,085 | INFO |   [55/182] SKIP xiaomi_17_max_5g-14667.php
2026-05-30 19:47:17,086 | INFO |   [56/182] SKIP vivo_y600_turbo_5g-14687.php
2026-05-30 19:47:17,086 | INFO |   [57/182] SKIP honor_600e_5g-14688.php
2026-05-30 19:47:17,086 | INFO |   [58/182] SKIP xiaomi_17t_pro_5g-14651.php
2026-05-30 19:47:17,086 | INFO |   [59/182] SKIP xiaomi_17t_5g-14652.php
2026-05-30 19:47:17,087 | INFO |   [60/182] SKIP xiaomi_watch_s5-14696.php
2026-05-30 19:47:17,087 | INFO |   [61/182] SKIP realme_16t_5g-14674.php
2026-05-30 19:47:17,087 | INFO |   [62/182] SKIP honor_600_5g-14605.php
2026-05-30 19:47:17,087 | INFO |   [63/182] SKIP sony_xperia_1_viii_5g-14660.php
2026-05-30 19:47:17,087 | INFO |   [64/182] SKIP honor_600_pro_5g-14604.php
2026-05-30 19:47:17,088 | INFO |   [65/182] SKIP motorola_moto_g87_5g-14644.php
2026-05-30 19:47:17,088 | INFO |   [66/182] SKIP motorola_moto_g47-14645.php
2026-05-30 19:47:17,088 | INFO |   [67/182] SKIP xiaomi_17t_pro-14651.php
2026-05-30 19:47:17,088 | INFO |   [68/182] SKIP samsung_galaxy_a57-14379.php
2026-05-30 19:47:17,088 | INFO |   [69/182] SKIP xiaomi_17t-14652.php
2026-05-30 19:47:17,088 | INFO |   [70/182] SKIP samsung_galaxy_s26_ultra-14320.php
2026-05-30 19:47:17,089 | INFO |   [71/182] SKIP xiaomi_17_max-14667.php
2026-05-30 19:47:17,089 | INFO |   [72/182] SKIP samsung_galaxy_a17-14041.php
2026-05-30 19:47:17,089 | INFO |   [73/182] SKIP apple_iphone_17_pro_max-13964.php
2026-05-30 19:47:17,089 | INFO |   [74/182] SKIP xiaomi_redmi_note_15-14328.php
2026-05-30 19:47:17,089 | INFO |   [75/182] SKIP sony_xperia_1_viii-14660.php
2026-05-30 19:47:17,089 | INFO |   [76/182] SKIP honor_600_pro-14604.php
2026-05-30 19:47:17,089 | INFO |   [77/182] SKIP samsung_galaxy_a56-13603.php
2026-05-30 19:47:17,089 | INFO |   [78/182] SKIP xiaomi_15_ultra-13657.php
2026-05-30 19:47:17,089 | INFO |   [79/182] SKIP xiaomi_poco_x7_pro-13582.php
2026-05-30 19:47:17,090 | INFO |   [80/182] SKIP xiaomi_17_pro_max-14181.php
2026-05-30 19:47:17,090 | INFO |   [81/182] SKIP oneplus_15-14206.php
2026-05-30 19:47:17,090 | INFO |   [82/182] SKIP samsung_galaxy_s25-13610.php
2026-05-30 19:47:17,090 | INFO |   [83/182] SKIP xiaomi_17_ultra-14380.php
2026-05-30 19:47:17,091 | INFO |   [84/182] SKIP oppo_find_x9_pro-14094.php
2026-05-30 19:47:17,091 | INFO | 
  [85/182]
2026-05-30 19:47:17,091 | INFO |   ⏳ 43.0s (req #379)
2026-05-30 19:48:01,121 | INFO |   GET https://www.gsmarena.com/ulefone_armor_27t_pro-13244.php → 200
2026-05-30 19:48:01,148 | INFO |       📱 Ulefone Armor 27T Pro | Main=50.0MP | Selfie=32.0MP | AnTuTu=None | Price=$None | IP=IP68 | Populated=51/68 fields
2026-05-30 19:48:01,153 | INFO |   💾 [49/182] saved
2026-05-30 19:48:01,153 | INFO | 
  [86/182]
2026-05-30 19:48:01,153 | INFO |   ⏳ 42.2s (req #380)
2026-05-30 19:48:44,466 | INFO |   GET https://www.gsmarena.com/ulefone_armor_25t-13211.php → 200
2026-05-30 19:48:44,495 | INFO |       📱 Ulefone Armor 25T | Main=50.0MP | Selfie=32.0MP | AnTuTu=None | Price=$None | IP=IP68 | Populated=50/68 fields
2026-05-30 19:48:44,499 | INFO |   💾 [50/182] saved
2026-05-30 19:48:44,499 | INFO | 
  [87/182]
2026-05-30 19:48:44,499 | INFO |   ⏳ 27.2s (req #381)
2026-05-30 19:49:12,679 | INFO |   GET https://www.gsmarena.com/ulefone_tab_w10-13449.php → 200
2026-05-30 19:49:12,700 | INFO |       📱 Ulefone Tab W10 | Main=16.0MP | Selfie=8.0MP | AnTuTu=None | Price=$None | IP=None | Populated=43/68 fields
2026-05-30 19:49:12,704 | INFO |   💾 [51/182] saved
2026-05-30 19:49:12,704 | INFO | 
  [88/182]
2026-05-30 19:49:12,704 | INFO |   ⏳ 30.1s (req #382)
2026-05-30 19:49:44,050 | INFO |   GET https://www.gsmarena.com/ulefone_tab_a11_pro-13195.php → 200
2026-05-30 19:49:44,074 | INFO |       📱 Ulefone Tab A11 Pro | Main=16.0MP | Selfie=8.0MP | AnTuTu=None | Price=$None | IP=None | Populated=44/68 fields
2026-05-30 19:49:44,078 | INFO |   💾 [52/182] saved
2026-05-30 19:49:44,079 | INFO | 
  [89/182]
2026-05-30 19:49:44,079 | INFO |   ⏳ 27.0s (req #383)
2026-05-30 19:50:12,142 | INFO |   GET https://www.gsmarena.com/ulefone_tab_a11-13448.php → 200
2026-05-30 19:50:12,169 | INFO |       📱 Ulefone Tab A11 | Main=16.0MP | Selfie=8.0MP | AnTuTu=None | Price=$None | IP=None | Populated=44/68 fields
2026-05-30 19:50:12,173 | INFO |   💾 [53/182] saved
2026-05-30 19:50:12,174 | INFO | 
  [90/182]
2026-05-30 19:50:12,174 | INFO |   ⏳ 27.7s (req #384)
2026-05-30 19:50:40,911 | INFO |   GET https://www.gsmarena.com/ulefone_armor_25t_pro-13115.php → 200
2026-05-30 19:50:40,952 | INFO |       📱 Ulefone Armor 25T Pro | Main=50.0MP | Selfie=32.0MP | AnTuTu=None | Price=$None | IP=IP68 | Populated=51/68 fields
2026-05-30 19:50:40,956 | INFO |   💾 [54/182] saved
2026-05-30 19:50:40,956 | INFO | 
  [91/182]
2026-05-30 19:50:40,957 | INFO |   ⏳ 34.2s (req #385)
2026-05-30 19:51:16,230 | INFO |   GET https://www.gsmarena.com/ulefone_note_18_ultra-13059.php → 200
2026-05-30 19:51:16,257 | INFO |       📱 Ulefone Note 18 Ultra | Main=50.0MP | Selfie=32.0MP | AnTuTu=None | Price=$None | IP=None | Populated=49/68 fields
2026-05-30 19:51:16,263 | INFO |   💾 [55/182] saved
2026-05-30 19:51:16,263 | INFO | 
  [92/182]
2026-05-30 19:51:16,263 | INFO |   ⏳ 25.2s (req #386)
2026-05-30 19:51:42,605 | INFO |   GET https://www.gsmarena.com/ulefone_armor_26_ultra-12979.php → 200
2026-05-30 19:51:42,634 | INFO |       📱 Ulefone Armor 26 Ultra | Main=200.0MP | Selfie=50.0MP | AnTuTu=None | Price=$None | IP=IP68 | Populated=51/68 fields
2026-05-30 19:51:42,638 | INFO |   💾 [56/182] saved
2026-05-30 19:51:42,639 | INFO | 
  [93/182]
2026-05-30 19:51:42,639 | INFO |   ⏳ 40.0s (req #387)
2026-05-30 19:52:23,676 | INFO |   GET https://www.gsmarena.com/ulefone_armor_26_ultra_walkie_talkie-12980.php → 200
2026-05-30 19:52:23,703 | INFO |       📱 Ulefone Armor 26 Ultra Walkie-talkie | Main=200.0MP | Selfie=50.0MP | AnTuTu=None | Price=$None | IP=IP68 | Populated=51/68 fields
2026-05-30 19:52:23,707 | INFO |   💾 [57/182] saved
2026-05-30 19:52:23,708 | INFO | 
  [94/182]
2026-05-30 19:52:23,708 | INFO |   ⏳ 16.9s (req #388)
2026-05-30 19:52:41,520 | INFO |   GET https://www.gsmarena.com/ulefone_armor_pad_3_pro-12981.php → 200
2026-05-30 19:52:41,550 | INFO |       📱 Ulefone Armor Pad 3 Pro | Main=50.0MP | Selfie=32.0MP | AnTuTu=None | Price=$None | IP=IP68 | Populated=46/68 fields
2026-05-30 19:52:41,555 | INFO |   💾 [58/182] saved
2026-05-30 19:52:41,556 | INFO | 
  [95/182]
2026-05-30 19:52:41,556 | INFO |   ⏳ 39.8s (req #389)
2026-05-30 19:53:22,669 | INFO |   GET https://www.gsmarena.com/ulefone_armor_pad_pro-12982.php → 200
2026-05-30 19:53:22,696 | INFO |       📱 Ulefone Armor Pad Pro | Main=48.0MP | Selfie=32.0MP | AnTuTu=None | Price=$None | IP=IP68 | Populated=46/68 fields
2026-05-30 19:53:22,700 | INFO |   💾 [59/182] saved
2026-05-30 19:53:22,700 | INFO | 
  [96/182]
2026-05-30 19:53:22,701 | INFO |   ☕ Long pause 250s ...
2026-05-30 19:57:33,371 | INFO |   GET https://www.gsmarena.com/ulefone_power_armor_16s-12870.php → 200
2026-05-30 19:57:33,410 | INFO |       📱 Ulefone Power Armor 16S | Main=50.0MP | Selfie=8.0MP | AnTuTu=None | Price=$None | IP=IP68 | Populated=46/68 fields
2026-05-30 19:57:33,414 | INFO |   💾 [60/182] saved
2026-05-30 19:57:33,414 | INFO | 
  [97/182]
2026-05-30 19:57:33,415 | INFO |   ⏳ 20.0s (req #391)
2026-05-30 19:57:54,350 | INFO |   GET https://www.gsmarena.com/ulefone_note_17_pro-12815.php → 200
2026-05-30 19:57:54,433 | INFO |       📱 Ulefone Note 17 Pro | Main=108.0MP | Selfie=32.0MP | AnTuTu=None | Price=$None | IP=None | Populated=46/68 fields
2026-05-30 19:57:54,437 | INFO |   💾 [61/182] saved
2026-05-30 19:57:54,437 | INFO | 
  [98/182]
2026-05-30 19:57:54,438 | INFO |   ⏳ 18.8s (req #392)
2026-05-30 19:58:14,632 | INFO |   GET https://www.gsmarena.com/ulefone_armor_23_ultra-12757.php → 200
2026-05-30 19:58:14,661 | INFO |       📱 Ulefone Armor 23 Ultra | Main=50.0MP | Selfie=50.0MP | AnTuTu=None | Price=$None | IP=IP68 | Populated=51/68 fields
2026-05-30 19:58:14,665 | INFO |   💾 [62/182] saved
2026-05-30 19:58:14,666 | INFO | 
  [99/182]
2026-05-30 19:58:14,666 | INFO |   ⏳ 22.4s (req #393)
2026-05-30 19:58:38,056 | INFO |   GET https://www.gsmarena.com/ulefone_power_armor_18t_ultra-12686.php → 200
2026-05-30 19:58:38,085 | INFO |       📱 Ulefone Power Armor 18T Ultra | Main=108.0MP | Selfie=32.0MP | AnTuTu=None | Price=$None | IP=IP68 | Populated=50/68 fields
2026-05-30 19:58:38,088 | INFO |   💾 [63/182] saved
2026-05-30 19:58:38,088 | INFO | 
  [100/182]
2026-05-30 19:58:38,088 | INFO |   ⏳ 40.9s (req #394)
2026-05-30 19:59:20,033 | INFO |   GET https://www.gsmarena.com/ulefone_power_armor_18_ultra-12685.php → 200
2026-05-30 19:59:20,061 | INFO |       📱 Ulefone Power Armor 18 Ultra | Main=108.0MP | Selfie=32.0MP | AnTuTu=None | Price=$None | IP=IP68 | Populated=50/68 fields
2026-05-30 19:59:20,066 | INFO |   💾 [64/182] saved
2026-05-30 19:59:20,066 | INFO | 
  [101/182]
2026-05-30 19:59:20,066 | INFO |   ⏳ 40.4s (req #395)
2026-05-30 20:00:01,456 | INFO |   GET https://www.gsmarena.com/ulefone_armor_pad_2-12625.php → 200
2026-05-30 20:00:01,482 | INFO |       📱 Ulefone Armor Pad 2 | Main=48.0MP | Selfie=16.0MP | AnTuTu=None | Price=$None | IP=IP68 | Populated=46/68 fields
2026-05-30 20:00:01,485 | INFO |   💾 [65/182] saved
2026-05-30 20:00:01,486 | INFO | 
  [102/182]
2026-05-30 20:00:01,486 | INFO |   ⏳ 21.9s (req #396)
2026-05-30 20:00:24,528 | INFO |   GET https://www.gsmarena.com/ulefone_armor_24-12602.php → 200
2026-05-30 20:00:24,562 | INFO |       📱 Ulefone Armor 24 | Main=64.0MP | Selfie=16.0MP | AnTuTu=None | Price=$None | IP=IP68 | Populated=47/68 fields
2026-05-30 20:00:24,566 | INFO |   💾 [66/182] saved
2026-05-30 20:00:24,566 | INFO | 
  [103/182]
2026-05-30 20:00:24,567 | INFO |   ⏳ 28.9s (req #397)
2026-05-30 20:00:54,629 | INFO |   GET https://www.gsmarena.com/ulefone_armor_x12-12601.php → 200
2026-05-30 20:00:54,655 | INFO |       📱 Ulefone Armor X12 | Main=13.0MP | Selfie=8.0MP | AnTuTu=None | Price=$None | IP=IP68 | Populated=44/68 fields
2026-05-30 20:00:54,660 | INFO |   💾 [67/182] saved
2026-05-30 20:00:54,661 | INFO | 
  [104/182]
2026-05-30 20:00:54,661 | INFO |   ⏳ 30.5s (req #398)
2026-05-30 20:01:26,245 | INFO |   GET https://www.gsmarena.com/ulefone_armor_pad_lite-12600.php → 200
2026-05-30 20:01:26,271 | INFO |       📱 Ulefone Armor Pad Lite | Main=13.0MP | Selfie=5.0MP | AnTuTu=None | Price=$None | IP=IP68 | Populated=41/68 fields
2026-05-30 20:01:26,275 | INFO |   💾 [68/182] saved
2026-05-30 20:01:26,276 | INFO | 
  [105/182]
2026-05-30 20:01:26,276 | INFO |   ⏳ 18.8s (req #399)
2026-05-30 20:01:46,076 | INFO |   GET https://www.gsmarena.com/ulefone_armor_22-12556.php → 200
2026-05-30 20:01:46,105 | INFO |       📱 Ulefone Armor 22 | Main=64.0MP | Selfie=8.0MP | AnTuTu=None | Price=$None | IP=IP68 | Populated=48/68 fields
2026-05-30 20:01:46,110 | INFO |   💾 [69/182] saved
2026-05-30 20:01:46,110 | INFO | 
  [106/182]
2026-05-30 20:01:46,111 | INFO |   ⏳ 38.5s (req #400)
2026-05-30 20:02:25,850 | INFO |   GET https://www.gsmarena.com/ulefone_armor_x13-12475.php → 200
2026-05-30 20:02:25,877 | INFO |       📱 Ulefone Armor X13 | Main=50.0MP | Selfie=8.0MP | AnTuTu=None | Price=$None | IP=IP68 | Populated=46/68 fields
2026-05-30 20:02:25,881 | INFO |   💾 [70/182] saved
2026-05-30 20:02:25,881 | INFO | 
  [107/182]
2026-05-30 20:02:25,882 | INFO |   ⏳ 24.4s (req #401)
2026-05-30 20:02:51,331 | INFO |   GET https://www.gsmarena.com/ulefone_armor_x12_pro-12474.php → 200
2026-05-30 20:02:51,357 | INFO |       📱 Ulefone Armor X12 Pro | Main=13.0MP | Selfie=8.0MP | AnTuTu=None | Price=$None | IP=IP68 | Populated=46/68 fields
2026-05-30 20:02:51,361 | INFO |   💾 [71/182] saved
2026-05-30 20:02:51,361 | INFO | 
  [108/182]
2026-05-30 20:02:51,362 | INFO |   ⏳ 20.5s (req #402)
2026-05-30 20:03:12,971 | INFO |   GET https://www.gsmarena.com/ulefone_power_armor_x11-12379.php → 200
2026-05-30 20:03:13,007 | INFO |       📱 Ulefone Power Armor X11 | Main=16.0MP | Selfie=5.0MP | AnTuTu=None | Price=$None | IP=IP68 | Populated=45/68 fields
2026-05-30 20:03:13,010 | INFO |   💾 [72/182] saved
2026-05-30 20:03:13,010 | INFO | 
  [109/182]
2026-05-30 20:03:13,011 | INFO |   ⏳ 16.5s (req #403)
2026-05-30 20:03:30,630 | INFO |   GET https://www.gsmarena.com/ulefone_note_15-12378.php → 200
2026-05-30 20:03:30,653 | INFO |       📱 Ulefone Note 15 | Main=8.0MP | Selfie=5.0MP | AnTuTu=None | Price=$None | IP=None | Populated=40/68 fields
2026-05-30 20:03:30,657 | INFO |   💾 [73/182] saved
2026-05-30 20:03:30,657 | INFO | 
  [110/182]
2026-05-30 20:03:30,658 | INFO |   ⏳ 33.9s (req #404)
2026-05-30 20:04:05,667 | INFO |   GET https://www.gsmarena.com/ulefone_note_16_pro-12361.php → 200
2026-05-30 20:04:05,694 | INFO |       📱 Ulefone Note 16 Pro | Main=50.0MP | Selfie=8.0MP | AnTuTu=None | Price=$None | IP=None | Populated=42/68 fields
2026-05-30 20:04:05,699 | INFO |   💾 [74/182] saved
2026-05-30 20:04:05,699 | INFO | 
  [111/182]
2026-05-30 20:04:05,700 | INFO |   ⏳ 28.2s (req #405)
2026-05-30 20:04:34,931 | INFO |   GET https://www.gsmarena.com/ulefone_armor_21-12360.php → 200
2026-05-30 20:04:34,955 | INFO |       📱 Ulefone Armor 21 | Main=64.0MP | Selfie=16.0MP | AnTuTu=None | Price=$None | IP=IP68 | Populated=47/68 fields
2026-05-30 20:04:34,960 | INFO |   💾 [75/182] saved
2026-05-30 20:04:34,960 | INFO | 
  [112/182]
2026-05-30 20:04:34,961 | INFO |   ⏳ 17.6s (req #406)
2026-05-30 20:04:53,600 | INFO |   GET https://www.gsmarena.com/ulefone_armor_pad-12196.php → 200
2026-05-30 20:04:53,628 | INFO |       📱 Ulefone Armor Pad | Main=13.0MP | Selfie=5.0MP | AnTuTu=None | Price=$None | IP=IP68 | Populated=44/68 fields
2026-05-30 20:04:53,631 | INFO |   💾 [76/182] saved
2026-05-30 20:04:53,631 | INFO | 
  [113/182]
2026-05-30 20:04:53,632 | INFO |   ⏳ 31.5s (req #407)
2026-05-30 20:05:26,512 | INFO |   GET https://www.gsmarena.com/ulefone_power_armor_20wt-12195.php → 200
2026-05-30 20:05:26,539 | INFO |       📱 Ulefone Power Armor 20WT | Main=50.0MP | Selfie=16.0MP | AnTuTu=None | Price=$None | IP=IP68 | Populated=44/68 fields
2026-05-30 20:05:26,543 | INFO |   💾 [77/182] saved
2026-05-30 20:05:26,544 | INFO | 
  [114/182]
2026-05-30 20:05:26,544 | INFO |   ⏳ 31.6s (req #408)
2026-05-30 20:05:59,184 | INFO |   GET https://www.gsmarena.com/ulefone_power_armor_19t-12194.php → 200
2026-05-30 20:05:59,221 | INFO |       📱 Ulefone Power Armor 19T | Main=108.0MP | Selfie=16.0MP | AnTuTu=None | Price=$None | IP=IP68 | Populated=48/68 fields
2026-05-30 20:05:59,226 | INFO |   💾 [78/182] saved
2026-05-30 20:05:59,226 | INFO | 
  [115/182]
2026-05-30 20:05:59,226 | INFO |   ⏳ 34.7s (req #409)
2026-05-30 20:06:34,897 | INFO |   GET https://www.gsmarena.com/ulefone_power_armor_18-12081.php → 200
2026-05-30 20:06:34,924 | INFO |       📱 Ulefone Power Armor 18 | Main=108.0MP | Selfie=32.0MP | AnTuTu=None | Price=$None | IP=IP68 | Populated=50/68 fields
2026-05-30 20:06:34,929 | INFO |   💾 [79/182] saved
2026-05-30 20:06:34,930 | INFO | 
  [116/182]
2026-05-30 20:06:34,930 | INFO |   ⏳ 43.6s (req #410)
2026-05-30 20:07:19,494 | INFO |   GET https://www.gsmarena.com/ulefone_note_14-12080.php → 200
2026-05-30 20:07:19,523 | INFO |       📱 Ulefone Note 14 | Main=13.0MP | Selfie=5.0MP | AnTuTu=None | Price=$None | IP=None | Populated=42/68 fields
2026-05-30 20:07:19,528 | INFO |   💾 [80/182] saved
2026-05-30 20:07:19,529 | INFO | 
  [117/182]
2026-05-30 20:07:19,529 | INFO |   ⏳ 15.2s (req #411)
2026-05-30 20:07:36,046 | INFO |   GET https://www.gsmarena.com/ulefone_power_armor_19-12077.php → 200
2026-05-30 20:07:36,074 | INFO |       📱 Ulefone Power Armor 19 | Main=108.0MP | Selfie=16.0MP | AnTuTu=None | Price=$None | IP=IP68 | Populated=48/68 fields
2026-05-30 20:07:36,079 | INFO |   💾 [81/182] saved
2026-05-30 20:07:36,079 | INFO | 
  [118/182]
2026-05-30 20:07:36,079 | INFO |   ⏳ 23.3s (req #412)
2026-05-30 20:08:00,526 | INFO |   GET https://www.gsmarena.com/ulefone_tab_a8-12078.php → 200
2026-05-30 20:08:00,552 | INFO |       📱 Ulefone Tab A8 | Main=13.0MP | Selfie=5.0MP | AnTuTu=None | Price=$None | IP=None | Populated=43/68 fields
2026-05-30 20:08:00,557 | INFO |   💾 [82/182] saved
2026-05-30 20:08:00,557 | INFO | 
  [119/182]
2026-05-30 20:08:00,557 | INFO |   ⏳ 41.2s (req #413)
2026-05-30 20:08:42,853 | INFO |   GET https://www.gsmarena.com/ulefone_power_armor_18t-11966.php → 200
2026-05-30 20:08:42,882 | INFO |       📱 Ulefone Power Armor 18T | Main=108.0MP | Selfie=32.0MP | AnTuTu=None | Price=$None | IP=IP68 | Populated=50/68 fields
2026-05-30 20:08:42,887 | INFO |   💾 [83/182] saved
2026-05-30 20:08:42,887 | INFO | 
  [120/182]
2026-05-30 20:08:42,887 | INFO |   ⏳ 24.4s (req #414)
2026-05-30 20:09:08,390 | INFO |   GET https://www.gsmarena.com/ulefone_armor_17_pro-11965.php → 200
2026-05-30 20:09:08,418 | INFO |       📱 Ulefone Armor 17 Pro | Main=108.0MP | Selfie=16.0MP | AnTuTu=None | Price=$None | IP=IP68 | Populated=48/68 fields
2026-05-30 20:09:08,422 | INFO |   💾 [84/182] saved
2026-05-30 20:09:08,423 | INFO | 
  [121/182]
2026-05-30 20:09:08,423 | INFO |   ⏳ 33.4s (req #415)
2026-05-30 20:09:42,896 | INFO |   GET https://www.gsmarena.com/ulefone_power_armor_16_pro-11897.php → 200
2026-05-30 20:09:42,935 | INFO |       📱 Ulefone Power Armor 16 Pro | Main=16.0MP | Selfie=8.0MP | AnTuTu=None | Price=$None | IP=IP68 | Populated=45/68 fields
2026-05-30 20:09:42,940 | INFO |   💾 [85/182] saved
2026-05-30 20:09:42,940 | INFO | 
  [122/182]
2026-05-30 20:09:42,940 | INFO |   ⏳ 23.2s (req #416)
2026-05-30 20:10:07,099 | INFO |   GET https://www.gsmarena.com/ulefone_power_armor_x11_pro-11896.php → 200
2026-05-30 20:10:07,123 | INFO |       📱 Ulefone Power Armor X11 Pro | Main=16.0MP | Selfie=5.0MP | AnTuTu=None | Price=$None | IP=IP68 | Populated=44/68 fields
2026-05-30 20:10:07,127 | INFO |   💾 [86/182] saved
2026-05-30 20:10:07,128 | INFO | 
  [123/182]
2026-05-30 20:10:07,128 | INFO |   ⏳ 33.1s (req #417)
2026-05-30 20:10:41,319 | INFO |   GET https://www.gsmarena.com/ulefone_armor_15-11756.php → 200
2026-05-30 20:10:41,344 | INFO |       📱 Ulefone Armor 15 | Main=12.0MP | Selfie=16.0MP | AnTuTu=None | Price=$None | IP=IP68 | Populated=43/68 fields
2026-05-30 20:10:41,348 | INFO |   💾 [87/182] saved
2026-05-30 20:10:41,348 | INFO | 
  [124/182]
2026-05-30 20:10:41,348 | INFO |   ⏳ 28.6s (req #418)
2026-05-30 20:11:11,043 | INFO |   GET https://www.gsmarena.com/ulefone_armor_x6_pro-11714.php → 200
2026-05-30 20:11:11,068 | INFO |       📱 Ulefone Armor X6 Pro | Main=13.0MP | Selfie=5.0MP | AnTuTu=None | Price=$None | IP=IP68 | Populated=43/68 fields
2026-05-30 20:11:11,074 | INFO |   💾 [88/182] saved
2026-05-30 20:11:11,074 | INFO | 
  [125/182]
2026-05-30 20:11:11,074 | INFO |   ⏳ 45.0s (req #419)
2026-05-30 20:11:57,036 | INFO |   GET https://www.gsmarena.com/ulefone_note_12-11680.php → 200
2026-05-30 20:11:57,063 | INFO |       📱 Ulefone Note 12 | Main=13.0MP | Selfie=8.0MP | AnTuTu=None | Price=$None | IP=None | Populated=41/68 fields
2026-05-30 20:11:57,068 | INFO |   💾 [89/182] saved
2026-05-30 20:11:57,068 | INFO | 
  [126/182]
2026-05-30 20:11:57,068 | INFO |   ☕ Long pause 295s ...
2026-05-30 20:16:52,759 | INFO |   GET https://www.gsmarena.com/ulefone_note_6t-11537.php → 200
2026-05-30 20:16:52,784 | INFO |       📱 Ulefone Note 6T | Main=13.0MP | Selfie=5.0MP | AnTuTu=None | Price=$None | IP=None | Populated=40/68 fields
2026-05-30 20:16:52,790 | INFO |   💾 [90/182] saved
2026-05-30 20:16:52,790 | INFO | 
  [127/182]
2026-05-30 20:16:52,790 | INFO |   ⏳ 25.7s (req #421)
2026-05-30 20:17:19,514 | INFO |   GET https://www.gsmarena.com/ulefone_power_armor_14_pro-11440.php → 200
2026-05-30 20:17:19,551 | INFO |       📱 Ulefone Power Armor 14 Pro | Main=20.0MP | Selfie=16.0MP | AnTuTu=None | Price=$None | IP=IP68 | Populated=49/68 fields
2026-05-30 20:17:19,556 | INFO |   💾 [91/182] saved
2026-05-30 20:17:19,556 | INFO | 
  [128/182]
2026-05-30 20:17:19,557 | INFO |   ⏳ 28.7s (req #422)
2026-05-30 20:17:49,235 | INFO |   GET https://www.gsmarena.com/ulefone_armor_x10_pro-11441.php → 200
2026-05-30 20:17:49,261 | INFO |       📱 Ulefone Armor X10 Pro | Main=20.0MP | Selfie=5.0MP | AnTuTu=None | Price=$None | IP=IP68 | Populated=47/68 fields
2026-05-30 20:17:49,265 | INFO |   💾 [92/182] saved
2026-05-30 20:17:49,265 | INFO | 
  [129/182]
2026-05-30 20:17:49,266 | INFO |   ⏳ 17.4s (req #423)
2026-05-30 20:18:07,770 | INFO |   GET https://www.gsmarena.com/ulefone_note_10p-11442.php → 200
2026-05-30 20:18:07,797 | INFO |       📱 Ulefone Note 10P | Main=13.0MP | Selfie=8.0MP | AnTuTu=None | Price=$None | IP=None | Populated=43/68 fields
2026-05-30 20:18:07,802 | INFO |   💾 [93/182] saved
2026-05-30 20:18:07,802 | INFO | 
  [130/182]
2026-05-30 20:18:07,802 | INFO |   ⏳ 19.2s (req #424)
2026-05-30 20:18:28,232 | INFO |   GET https://www.gsmarena.com/ulefone_armor_x10-11291.php → 200
2026-05-30 20:18:28,259 | INFO |       📱 Ulefone Armor X10 | Main=13.0MP | Selfie=5.0MP | AnTuTu=None | Price=$None | IP=IP68 | Populated=46/68 fields
2026-05-30 20:18:28,263 | INFO |   💾 [94/182] saved
2026-05-30 20:18:28,263 | INFO | 
  [131/182]
2026-05-30 20:18:28,263 | INFO |   ⏳ 41.9s (req #425)
2026-05-30 20:19:11,132 | INFO |   GET https://www.gsmarena.com/ulefone_note_13p-11245.php → 200
2026-05-30 20:19:11,157 | INFO |       📱 Ulefone Note 13P | Main=20.0MP | Selfie=16.0MP | AnTuTu=None | Price=$None | IP=None | Populated=46/68 fields
2026-05-30 20:19:11,161 | INFO |   💾 [95/182] saved
2026-05-30 20:19:11,162 | INFO | 
  [132/182]
2026-05-30 20:19:11,162 | INFO |   ⏳ 23.0s (req #426)
2026-05-30 20:19:35,206 | INFO |   GET https://www.gsmarena.com/ulefone_note_12p-11184.php → 200
2026-05-30 20:19:35,232 | INFO |       📱 Ulefone Note 12P | Main=13.0MP | Selfie=8.0MP | AnTuTu=None | Price=$None | IP=None | Populated=43/68 fields
2026-05-30 20:19:35,236 | INFO |   💾 [96/182] saved
2026-05-30 20:19:35,236 | INFO | 
  [133/182]
2026-05-30 20:19:35,236 | INFO |   ⏳ 28.7s (req #427)
2026-05-30 20:20:05,099 | INFO |   GET https://www.gsmarena.com/ulefone_note_6p-11183.php → 200
2026-05-30 20:20:05,138 | INFO |       📱 Ulefone Note 6P | Main=8.0MP | Selfie=5.0MP | AnTuTu=None | Price=$None | IP=None | Populated=40/68 fields
2026-05-30 20:20:05,142 | INFO |   💾 [97/182] saved
2026-05-30 20:20:05,143 | INFO | 
  [134/182]
2026-05-30 20:20:05,143 | INFO |   ⏳ 17.2s (req #428)
2026-05-30 20:20:23,372 | INFO |   GET https://www.gsmarena.com/ulefone_power_armor_14-11170.php → 200
2026-05-30 20:20:23,400 | INFO |       📱 Ulefone Power Armor 14 | Main=20.0MP | Selfie=16.0MP | AnTuTu=None | Price=$None | IP=IP68 | Populated=49/68 fields
2026-05-30 20:20:23,406 | INFO |   💾 [98/182] saved
2026-05-30 20:20:23,407 | INFO | 
  [135/182]
2026-05-30 20:20:23,407 | INFO |   ⏳ 19.6s (req #429)
2026-05-30 20:20:43,992 | INFO |   GET https://www.gsmarena.com/ulefone_armor_x9_pro-11155.php → 200
2026-05-30 20:20:44,018 | INFO |       📱 Ulefone Armor X9 Pro | Main=13.0MP | Selfie=5.0MP | AnTuTu=None | Price=$None | IP=IP68 | Populated=46/68 fields
2026-05-30 20:20:44,023 | INFO |   💾 [99/182] saved
2026-05-30 20:20:44,023 | INFO | 
  [136/182]
2026-05-30 20:20:44,023 | INFO |   ⏳ 23.6s (req #430)
2026-05-30 20:21:08,689 | INFO |   GET https://www.gsmarena.com/ulefone_armor_x9-11154.php → 200
2026-05-30 20:21:08,715 | INFO |       📱 Ulefone Armor X9 | Main=13.0MP | Selfie=5.0MP | AnTuTu=None | Price=$None | IP=IP68 | Populated=46/68 fields
2026-05-30 20:21:08,719 | INFO |   💾 [100/182] saved
2026-05-30 20:21:08,720 | INFO | 
  [137/182]
2026-05-30 20:21:08,720 | INFO |   ⏳ 29.8s (req #431)
2026-05-30 20:21:39,573 | INFO |   GET https://www.gsmarena.com/ulefone_armor_x8i-11130.php → 200
2026-05-30 20:21:39,600 | INFO |       📱 Ulefone Armor X8i | Main=13.0MP | Selfie=8.0MP | AnTuTu=None | Price=$None | IP=IP68 | Populated=45/68 fields
2026-05-30 20:21:39,605 | INFO |   💾 [101/182] saved
2026-05-30 20:21:39,605 | INFO | 
  [138/182]
2026-05-30 20:21:39,605 | INFO |   ⏳ 33.1s (req #432)
2026-05-30 20:22:13,750 | INFO |   GET https://www.gsmarena.com/ulefone_armor_12_5g-11080.php → 200
2026-05-30 20:22:13,777 | INFO |       📱 Ulefone Armor 12 5G | Main=48.0MP | Selfie=16.0MP | AnTuTu=None | Price=$None | IP=IP68 | Populated=48/68 fields
2026-05-30 20:22:13,781 | INFO |   💾 [102/182] saved
2026-05-30 20:22:13,781 | INFO | 
  [139/182]
2026-05-30 20:22:13,781 | INFO |   ⏳ 32.7s (req #433)
2026-05-30 20:22:47,805 | INFO |   GET https://www.gsmarena.com/ulefone_power_armor_13-11066.php → 200
2026-05-30 20:22:47,843 | INFO |       📱 Ulefone Power Armor 13 | Main=48.0MP | Selfie=16.0MP | AnTuTu=294194 | Price=$None | IP=IP68 | Populated=53/68 fields
2026-05-30 20:22:47,847 | INFO |   💾 [103/182] saved
2026-05-30 20:22:47,848 | INFO | 
  [140/182]
2026-05-30 20:22:47,849 | INFO |   ⏳ 42.8s (req #434)
2026-05-30 20:23:31,639 | INFO |   GET https://www.gsmarena.com/ulefone_note_6-11065.php → 200
2026-05-30 20:23:31,664 | INFO |       📱 Ulefone Note 6 | Main=5.0MP | Selfie=2.0MP | AnTuTu=None | Price=$None | IP=None | Populated=38/68 fields
2026-05-30 20:23:31,668 | INFO |   💾 [104/182] saved
2026-05-30 20:23:31,668 | INFO | 
  [141/182]
2026-05-30 20:23:31,669 | INFO |   ⏳ 25.2s (req #435)
2026-05-30 20:23:58,033 | INFO |   GET https://www.gsmarena.com/ulefone_tab_a7-10994.php → 200
2026-05-30 20:23:58,059 | INFO |       📱 Ulefone Tab A7 | Main=13.0MP | Selfie=5.0MP | AnTuTu=None | Price=$None | IP=None | Populated=42/68 fields
2026-05-30 20:23:58,063 | INFO |   💾 [105/182] saved
2026-05-30 20:23:58,064 | INFO | 
  [142/182]
2026-05-30 20:23:58,064 | INFO |   ⏳ 32.3s (req #436)
2026-05-30 20:24:31,489 | INFO |   GET https://www.gsmarena.com/ulefone_armor_11t_5g-10974.php → 200
2026-05-30 20:24:31,518 | INFO |       📱 Ulefone Armor 11T 5G | Main=48.0MP | Selfie=16.0MP | AnTuTu=None | Price=$None | IP=IP68 | Populated=52/68 fields
2026-05-30 20:24:31,523 | INFO |   💾 [106/182] saved
2026-05-30 20:24:31,524 | INFO | 
  [143/182]
2026-05-30 20:24:31,524 | INFO |   ⏳ 27.2s (req #437)
2026-05-30 20:25:00,021 | INFO |   GET https://www.gsmarena.com/ulefone_armor_8_pro-10898.php → 200
2026-05-30 20:25:00,047 | INFO |       📱 Ulefone Armor 8 Pro | Main=16.0MP | Selfie=8.0MP | AnTuTu=None | Price=$None | IP=IP68 | Populated=46/68 fields
2026-05-30 20:25:00,051 | INFO |   💾 [107/182] saved
2026-05-30 20:25:00,051 | INFO | 
  [144/182]
2026-05-30 20:25:00,052 | INFO |   ⏳ 39.8s (req #438)
2026-05-30 20:25:40,827 | INFO |   GET https://www.gsmarena.com/ulefone_armor_11_5g-10782.php → 200
2026-05-30 20:25:40,855 | INFO |       📱 Ulefone Armor 11 5G | Main=48.0MP | Selfie=16.0MP | AnTuTu=None | Price=$None | IP=IP68 | Populated=52/68 fields
2026-05-30 20:25:40,860 | INFO |   💾 [108/182] saved
2026-05-30 20:25:40,860 | INFO | 
  [145/182]
2026-05-30 20:25:40,860 | INFO |   ⏳ 22.1s (req #439)
2026-05-30 20:26:03,999 | INFO |   GET https://www.gsmarena.com/ulefone_note_11p-10711.php → 200
2026-05-30 20:26:04,038 | INFO |       📱 Ulefone Note 11P | Main=48.0MP | Selfie=8.0MP | AnTuTu=None | Price=$None | IP=None | Populated=43/68 fields
2026-05-30 20:26:04,042 | INFO |   💾 [109/182] saved
2026-05-30 20:26:04,042 | INFO | 
  [146/182]
2026-05-30 20:26:04,042 | INFO |   ⏳ 42.8s (req #440)
2026-05-30 20:26:47,886 | INFO |   GET https://www.gsmarena.com/ulefone_note_10-10710.php → 200
2026-05-30 20:26:47,915 | INFO |       📱 Ulefone Note 10 | Main=8.0MP | Selfie=8.0MP | AnTuTu=None | Price=$None | IP=None | Populated=43/68 fields
2026-05-30 20:26:47,920 | INFO |   💾 [110/182] saved
2026-05-30 20:26:47,920 | INFO | 
  [147/182]
2026-05-30 20:26:47,920 | INFO |   ⏳ 26.7s (req #441)
2026-05-30 20:27:15,691 | INFO |   GET https://www.gsmarena.com/ulefone_armor_mini_2-10702.php → 200
2026-05-30 20:27:15,721 | INFO |       📱 Ulefone Armor Mini 2 | Main=0.3MP | Selfie=NoneMP | AnTuTu=None | Price=$None | IP=IP68 | Populated=30/68 fields
2026-05-30 20:27:15,725 | INFO |   💾 [111/182] saved
2026-05-30 20:27:15,726 | INFO | 
  [148/182]
2026-05-30 20:27:15,726 | INFO |   ⏳ 42.5s (req #442)
2026-05-30 20:27:59,223 | INFO |   GET https://www.gsmarena.com/ulefone_note_7t-10678.php → 200
2026-05-30 20:27:59,248 | INFO |       📱 Ulefone Note 7T | Main=8.0MP | Selfie=5.0MP | AnTuTu=None | Price=$None | IP=None | Populated=41/68 fields
2026-05-30 20:27:59,253 | INFO |   💾 [112/182] saved
2026-05-30 20:27:59,253 | INFO | 
  [149/182]
2026-05-30 20:27:59,254 | INFO |   ⏳ 29.4s (req #443)
2026-05-30 20:28:29,599 | INFO |   GET https://www.gsmarena.com/ulefone_armor_10_5g-10629.php → 200
2026-05-30 20:28:29,625 | INFO |       📱 Ulefone Armor 10 5G | Main=64.0MP | Selfie=16.0MP | AnTuTu=None | Price=$None | IP=IP68 | Populated=50/68 fields
2026-05-30 20:28:29,630 | INFO |   💾 [113/182] saved
2026-05-30 20:28:29,631 | INFO | 
  [150/182]
2026-05-30 20:28:29,631 | INFO |   ⏳ 37.1s (req #444)
2026-05-30 20:29:10,114 | INFO |   GET https://www.gsmarena.com/ulefone_watch_pro-10563.php → 200
2026-05-30 20:29:10,135 | INFO |       📱 Ulefone Watch Pro | Main=NoneMP | Selfie=NoneMP | AnTuTu=None | Price=$None | IP=None | Populated=20/68 fields
2026-05-30 20:29:10,139 | INFO |   💾 [114/182] saved
2026-05-30 20:29:10,140 | INFO | 
  [151/182]
2026-05-30 20:29:10,140 | INFO |   ⏳ 16.9s (req #445)
2026-05-30 20:29:28,449 | INFO |   GET https://www.gsmarena.com/ulefone_watch_gps-10562.php → 200
2026-05-30 20:29:28,481 | INFO |       📱 Ulefone Watch GPS | Main=NoneMP | Selfie=NoneMP | AnTuTu=None | Price=$None | IP=None | Populated=21/68 fields
2026-05-30 20:29:28,485 | INFO |   💾 [115/182] saved
2026-05-30 20:29:28,485 | INFO | 
  [152/182]
2026-05-30 20:29:28,486 | INFO |   ⏳ 36.4s (req #446)
2026-05-30 20:30:06,242 | INFO |   GET https://www.gsmarena.com/ulefone_watch-10561.php → 200
2026-05-30 20:30:06,265 | INFO |       📱 Ulefone Watch | Main=NoneMP | Selfie=NoneMP | AnTuTu=None | Price=$None | IP=None | Populated=20/68 fields
2026-05-30 20:30:06,269 | INFO |   💾 [116/182] saved
2026-05-30 20:30:06,269 | INFO | 
  [153/182]
2026-05-30 20:30:06,270 | INFO |   ⏳ 35.1s (req #447)
2026-05-30 20:30:42,391 | INFO |   GET https://www.gsmarena.com/ulefone_armor_x8-10493.php → 200
2026-05-30 20:30:42,420 | INFO |       📱 Ulefone Armor X8 | Main=13.0MP | Selfie=8.0MP | AnTuTu=None | Price=$None | IP=IP68 | Populated=43/68 fields
2026-05-30 20:30:42,424 | INFO |   💾 [117/182] saved
2026-05-30 20:30:42,424 | INFO | 
  [154/182]
2026-05-30 20:30:42,424 | INFO |   ⏳ 15.3s (req #448)
2026-05-30 20:30:58,872 | INFO |   GET https://www.gsmarena.com/ulefone_armor_9e-10441.php → 200
2026-05-30 20:30:58,901 | INFO |       📱 Ulefone Armor 9E | Main=64.0MP | Selfie=8.0MP | AnTuTu=None | Price=$None | IP=IP68 | Populated=50/68 fields
2026-05-30 20:30:58,905 | INFO |   💾 [118/182] saved
2026-05-30 20:30:58,905 | INFO | 
  [155/182]
2026-05-30 20:30:58,906 | INFO |   ⏳ 44.1s (req #449)
2026-05-30 20:31:44,087 | INFO |   GET https://www.gsmarena.com/ulefone_armor_x5_pro-10440.php → 200
2026-05-30 20:31:44,119 | INFO |       📱 Ulefone Armor X5 Pro | Main=13.0MP | Selfie=5.0MP | AnTuTu=None | Price=$None | IP=IP68 | Populated=43/68 fields
2026-05-30 20:31:44,124 | INFO |   💾 [119/182] saved
2026-05-30 20:31:44,124 | INFO | 
  [156/182]
2026-05-30 20:31:44,124 | INFO |   ☕ Long pause 191s ...
2026-05-30 20:35:25,784 | WARNING |   ⚠️  Timeout attempt 1
2026-05-30 20:35:25,784 | INFO |   ⏳ 24.1s (req #451)
2026-05-30 20:35:49,879 | ERROR |   ❌ HTTPSConnectionPool(host='www.gsmarena.com', port=443): Max retries exceeded with url: /ulefone_note_8-10414.php (Caused by NameResolutionError("HTTPSConnection(host='www.gsmarena.com', port=443): Failed to resolve 'www.gsmarena.com' ([Errno 11001] getaddrinfo failed)"))
2026-05-30 20:36:09,881 | INFO | 
  [157/182]
2026-05-30 20:36:09,881 | INFO |   ⏳ 23.9s (req #452)
2026-05-30 20:36:33,778 | ERROR |   ❌ HTTPSConnectionPool(host='www.gsmarena.com', port=443): Max retries exceeded with url: /ulefone_armor_8-10383.php (Caused by NameResolutionError("HTTPSConnection(host='www.gsmarena.com', port=443): Failed to resolve 'www.gsmarena.com' ([Errno 11001] getaddrinfo failed)"))
2026-05-30 20:36:53,808 | INFO |   ⏳ 37.5s (req #453)
2026-05-30 20:37:31,328 | ERROR |   ❌ HTTPSConnectionPool(host='www.gsmarena.com', port=443): Max retries exceeded with url: /ulefone_armor_8-10383.php (Caused by NameResolutionError("HTTPSConnection(host='www.gsmarena.com', port=443): Failed to resolve 'www.gsmarena.com' ([Errno 11001] getaddrinfo failed)"))
2026-05-30 20:37:51,330 | INFO | 
  [158/182]
2026-05-30 20:37:51,330 | INFO |   ⏳ 24.7s (req #454)
2026-05-30 20:38:16,056 | ERROR |   ❌ HTTPSConnectionPool(host='www.gsmarena.com', port=443): Max retries exceeded with url: /ulefone_note_9p-10343.php (Caused by NameResolutionError("HTTPSConnection(host='www.gsmarena.com', port=443): Failed to resolve 'www.gsmarena.com' ([Errno 11001] getaddrinfo failed)"))
2026-05-30 20:38:36,057 | INFO |   ⏳ 16.5s (req #455)
2026-05-30 20:38:52,577 | ERROR |   ❌ HTTPSConnectionPool(host='www.gsmarena.com', port=443): Max retries exceeded with url: /ulefone_note_9p-10343.php (Caused by NameResolutionError("HTTPSConnection(host='www.gsmarena.com', port=443): Failed to resolve 'www.gsmarena.com' ([Errno 11001] getaddrinfo failed)"))
2026-05-30 20:39:12,578 | INFO | 
  [159/182]
2026-05-30 20:39:12,579 | INFO |   ⏳ 29.2s (req #456)
2026-05-30 20:39:41,792 | ERROR |   ❌ HTTPSConnectionPool(host='www.gsmarena.com', port=443): Max retries exceeded with url: /ulefone_armor_9-10322.php (Caused by NameResolutionError("HTTPSConnection(host='www.gsmarena.com', port=443): Failed to resolve 'www.gsmarena.com' ([Errno 11001] getaddrinfo failed)"))
2026-05-30 20:40:01,793 | INFO |   ⏳ 29.7s (req #457)
2026-05-30 20:40:31,473 | ERROR |   ❌ HTTPSConnectionPool(host='www.gsmarena.com', port=443): Max retries exceeded with url: /ulefone_armor_9-10322.php (Caused by NameResolutionError("HTTPSConnection(host='www.gsmarena.com', port=443): Failed to resolve 'www.gsmarena.com' ([Errno 11001] getaddrinfo failed)"))
2026-05-30 20:40:51,475 | INFO | 
  [160/182]
2026-05-30 20:40:51,475 | INFO |   ⏳ 27.4s (req #458)
2026-05-30 20:41:18,847 | ERROR |   ❌ HTTPSConnectionPool(host='www.gsmarena.com', port=443): Max retries exceeded with url: /ulefone_note_8p-10294.php (Caused by NameResolutionError("HTTPSConnection(host='www.gsmarena.com', port=443): Failed to resolve 'www.gsmarena.com' ([Errno 11001] getaddrinfo failed)"))
2026-05-30 20:41:38,847 | INFO |   ⏳ 26.8s (req #459)
2026-05-30 20:42:05,630 | ERROR |   ❌ HTTPSConnectionPool(host='www.gsmarena.com', port=443): Max retries exceeded with url: /ulefone_note_8p-10294.php (Caused by NameResolutionError("HTTPSConnection(host='www.gsmarena.com', port=443): Failed to resolve 'www.gsmarena.com' ([Errno 11001] getaddrinfo failed)"))
2026-05-30 20:42:25,632 | INFO | 
  [161/182]
2026-05-30 20:42:25,632 | INFO |   ⏳ 29.7s (req #460)
2026-05-30 20:42:55,328 | ERROR |   ❌ HTTPSConnectionPool(host='www.gsmarena.com', port=443): Max retries exceeded with url: /ulefone_armor_x7_pro-10293.php (Caused by NameResolutionError("HTTPSConnection(host='www.gsmarena.com', port=443): Failed to resolve 'www.gsmarena.com' ([Errno 11001] getaddrinfo failed)"))
2026-05-30 20:54:08,325 | INFO | ============================================================
2026-05-30 20:54:08,326 | INFO | BATCH 8 — Doogee | Ulefone | Verykool | Panasonic
2026-05-30 20:54:08,326 | INFO | Phones ~564  |  Time: 3–4 hours
2026-05-30 20:54:08,326 | INFO | Columns: 68 | Method: data-spec attributes
2026-05-30 20:54:08,326 | INFO | Started: 2026-05-30 20:54:08
2026-05-30 20:54:08,326 | INFO | ============================================================
2026-05-30 20:54:08,327 | INFO | Checking connection ...
2026-05-30 20:54:09,254 | INFO |   ✅ Connected (attempt 1)
2026-05-30 20:54:09,277 | INFO | Resuming: 435 done | 5 retry queue
2026-05-30 20:54:09,277 | INFO |   ▶ First request — no delay
2026-05-30 20:54:10,104 | INFO |   GET https://www.gsmarena.com/makers.php3 → 200
2026-05-30 20:54:10,122 | INFO | ✅ 126 brands
2026-05-30 20:54:10,123 | INFO | Matched: ['Doogee', 'Panasonic', 'Ulefone', 'Verykool']
2026-05-30 20:54:10,123 | INFO | [1/4] SKIP Doogee
2026-05-30 20:54:10,123 | INFO | [2/4] SKIP Panasonic
2026-05-30 20:54:10,123 | INFO | 
============================================================
2026-05-30 20:54:10,123 | INFO | [3/4] Ulefone (148 phones)
2026-05-30 20:54:10,124 | INFO | Elapsed: 0min
2026-05-30 20:54:10,124 | INFO | ============================================================
2026-05-30 20:54:10,136 | INFO |   📋 Loaded 182 links from cache — no web requests needed
2026-05-30 20:54:10,137 | INFO |   [1/182] SKIP ulefone_armor_mini_5-14694.php
2026-05-30 20:54:10,137 | INFO |   [2/182] SKIP ulefone_tab_a12_pro-14695.php
2026-05-30 20:54:10,137 | INFO |   [3/182] SKIP ulefone_note_22-14685.php
2026-05-30 20:54:10,138 | INFO |   [4/182] SKIP ulefone_rugking_5_pro-14544.php
2026-05-30 20:54:10,138 | INFO |   [5/182] SKIP ulefone_armor_27t_pro+_5g-14475.php
2026-05-30 20:54:10,138 | INFO |   [6/182] SKIP ulefone_armor_27t+-14476.php
2026-05-30 20:54:10,138 | INFO |   [7/182] SKIP ulefone_rugking_pad_pro-14423.php
2026-05-30 20:54:10,138 | INFO |   [8/182] SKIP ulefone_rugking_pad_2_pro-14424.php
2026-05-30 20:54:10,139 | INFO |   [9/182] SKIP ulefone_armor_watch_pro-14422.php
2026-05-30 20:54:10,139 | INFO |   [10/182] SKIP ulefone_armor_34_pro+_5g-14368.php
2026-05-30 20:54:10,139 | INFO |   [11/182] SKIP ulefone_armor_34+_5g-14367.php
2026-05-30 20:54:10,139 | INFO |   [12/182] SKIP ulefone_rugking_4_pro-14340.php
2026-05-30 20:54:10,139 | INFO |   [13/182] SKIP ulefone_rugking_3_pro-14339.php
2026-05-30 20:54:10,139 | INFO |   [14/182] SKIP ulefone_rugking_2_pro-14338.php
2026-05-30 20:54:10,140 | INFO |   [15/182] SKIP ulefone_armor_pad_5_ultra_5g-14269.php
2026-05-30 20:54:10,140 | INFO |   [16/182] SKIP ulefone_armor_pad_5_pro_5g-14270.php
2026-05-30 20:54:10,140 | INFO |   [17/182] SKIP ulefone_tab_a9_pro-14160.php
2026-05-30 20:54:10,140 | INFO |   [18/182] SKIP ulefone_armor_29_pro_thermal_5g-14104.php
2026-05-30 20:54:10,140 | INFO |   [19/182] SKIP ulefone_armor_29_pro_5g-14103.php
2026-05-30 20:54:10,140 | INFO |   [20/182] SKIP ulefone_rugking-14102.php
2026-05-30 20:54:10,140 | INFO |   [21/182] SKIP ulefone_armor_29_ultra_5g-14056.php
2026-05-30 20:54:10,141 | INFO |   [22/182] SKIP ulefone_armor_34_5g-14053.php
2026-05-30 20:54:10,141 | INFO |   [23/182] SKIP ulefone_armor_33_pro_5g-13692.php
2026-05-30 20:54:10,141 | INFO |   [24/182] SKIP ulefone_armor_33-14055.php
2026-05-30 20:54:10,141 | INFO |   [25/182] SKIP ulefone_armor_30-13999.php
2026-05-30 20:54:10,141 | INFO |   [26/182] SKIP ulefone_armor_x16_pro_5g-14000.php
2026-05-30 20:54:10,141 | INFO |   [27/182] SKIP ulefone_armor_x16-14001.php
2026-05-30 20:54:10,141 | INFO |   [28/182] SKIP ulefone_armor_34_pro-13691.php
2026-05-30 20:54:10,142 | INFO |   [29/182] SKIP ulefone_armor_28_pro_5g-13864.php
2026-05-30 20:54:10,142 | INFO |   [30/182] SKIP ulefone_armor_x32_pro_5g-13777.php
2026-05-30 20:54:10,142 | INFO |   [31/182] SKIP ulefone_armor_x32_5g-13778.php
2026-05-30 20:54:10,142 | INFO |   [32/182] SKIP ulefone_tab_a10-14161.php
2026-05-30 20:54:10,142 | INFO |   [33/182] SKIP ulefone_armor_30_pro_5g-13776.php
2026-05-30 20:54:10,142 | INFO |   [34/182] SKIP ulefone_armor_28_ultra_thermal-13297.php
2026-05-30 20:54:10,142 | INFO |   [35/182] SKIP ulefone_armor_mini_4-13693.php
2026-05-30 20:54:10,143 | INFO |   [36/182] SKIP ulefone_armor_28_ultra-13674.php
2026-05-30 20:54:10,143 | INFO |   [37/182] SKIP ulefone_armor_x31-13854.php
2026-05-30 20:54:10,143 | INFO |   [38/182] SKIP ulefone_armor_x31_pro-13589.php
2026-05-30 20:54:10,143 | INFO |   [39/182] SKIP ulefone_armor_27t-13545.php
2026-05-30 20:54:10,143 | INFO |   [40/182] SKIP ulefone_armor_27-13544.php
2026-05-30 20:54:10,144 | INFO |   [41/182] SKIP ulefone_note_18_pro-13543.php
2026-05-30 20:54:10,144 | INFO |   [42/182] SKIP ulefone_tab_a10_pro-13542.php
2026-05-30 20:54:10,144 | INFO |   [43/182] SKIP ulefone_note_20_pro-13451.php
2026-05-30 20:54:10,144 | INFO |   [44/182] SKIP ulefone_note_19-13450.php
2026-05-30 20:54:10,144 | INFO |   [45/182] SKIP ulefone_armor_pad_4_ultra_thermal-13447.php
2026-05-30 20:54:10,144 | INFO |   [46/182] SKIP ulefone_armor_pad_4_ultra-13446.php
2026-05-30 20:54:10,144 | INFO |   [47/182] SKIP ulefone_armor_mini_20-13541.php
2026-05-30 20:54:10,144 | INFO |   [48/182] SKIP ulefone_armor_mini_20_pro-13445.php
2026-05-30 20:54:10,144 | INFO |   [49/182] SKIP ulefone_armor_mini_20t_pro-13298.php
2026-05-30 20:54:10,145 | INFO |   [50/182] SKIP ulefone_armor_27_pro-13245.php
2026-05-30 20:54:10,145 | INFO |   [51/182] SKIP vivo_s60_vitality_5g-14693.php
2026-05-30 20:54:10,145 | INFO |   [52/182] SKIP vivo_s60_5g-14692.php
2026-05-30 20:54:10,145 | INFO |   [53/182] SKIP vivo_t5-14697.php
2026-05-30 20:54:10,145 | INFO |   [54/182] SKIP zte_nubia_redmagic_11s_pro_5g-14669.php
2026-05-30 20:54:10,145 | INFO |   [55/182] SKIP xiaomi_17_max_5g-14667.php
2026-05-30 20:54:10,145 | INFO |   [56/182] SKIP vivo_y600_turbo_5g-14687.php
2026-05-30 20:54:10,145 | INFO |   [57/182] SKIP honor_600e_5g-14688.php
2026-05-30 20:54:10,145 | INFO |   [58/182] SKIP xiaomi_17t_pro_5g-14651.php
2026-05-30 20:54:10,146 | INFO |   [59/182] SKIP xiaomi_17t_5g-14652.php
2026-05-30 20:54:10,146 | INFO |   [60/182] SKIP xiaomi_watch_s5-14696.php
2026-05-30 20:54:10,146 | INFO |   [61/182] SKIP realme_16t_5g-14674.php
2026-05-30 20:54:10,146 | INFO |   [62/182] SKIP honor_600_5g-14605.php
2026-05-30 20:54:10,146 | INFO |   [63/182] SKIP sony_xperia_1_viii_5g-14660.php
2026-05-30 20:54:10,147 | INFO |   [64/182] SKIP honor_600_pro_5g-14604.php
2026-05-30 20:54:10,147 | INFO |   [65/182] SKIP motorola_moto_g87_5g-14644.php
2026-05-30 20:54:10,147 | INFO |   [66/182] SKIP motorola_moto_g47-14645.php
2026-05-30 20:54:10,147 | INFO |   [67/182] SKIP xiaomi_17t_pro-14651.php
2026-05-30 20:54:10,147 | INFO |   [68/182] SKIP samsung_galaxy_a57-14379.php
2026-05-30 20:54:10,147 | INFO |   [69/182] SKIP xiaomi_17t-14652.php
2026-05-30 20:54:10,147 | INFO |   [70/182] SKIP samsung_galaxy_s26_ultra-14320.php
2026-05-30 20:54:10,147 | INFO |   [71/182] SKIP xiaomi_17_max-14667.php
2026-05-30 20:54:10,148 | INFO |   [72/182] SKIP samsung_galaxy_a17-14041.php
2026-05-30 20:54:10,148 | INFO |   [73/182] SKIP apple_iphone_17_pro_max-13964.php
2026-05-30 20:54:10,148 | INFO |   [74/182] SKIP xiaomi_redmi_note_15-14328.php
2026-05-30 20:54:10,148 | INFO |   [75/182] SKIP sony_xperia_1_viii-14660.php
2026-05-30 20:54:10,148 | INFO |   [76/182] SKIP honor_600_pro-14604.php
2026-05-30 20:54:10,149 | INFO |   [77/182] SKIP samsung_galaxy_a56-13603.php
2026-05-30 20:54:10,149 | INFO |   [78/182] SKIP xiaomi_15_ultra-13657.php
2026-05-30 20:54:10,149 | INFO |   [79/182] SKIP xiaomi_poco_x7_pro-13582.php
2026-05-30 20:54:10,149 | INFO |   [80/182] SKIP xiaomi_17_pro_max-14181.php
2026-05-30 20:54:10,149 | INFO |   [81/182] SKIP oneplus_15-14206.php
2026-05-30 20:54:10,149 | INFO |   [82/182] SKIP samsung_galaxy_s25-13610.php
2026-05-30 20:54:10,149 | INFO |   [83/182] SKIP xiaomi_17_ultra-14380.php
2026-05-30 20:54:10,150 | INFO |   [84/182] SKIP oppo_find_x9_pro-14094.php
2026-05-30 20:54:10,150 | INFO |   [85/182] SKIP ulefone_armor_27t_pro-13244.php
2026-05-30 20:54:10,150 | INFO |   [86/182] SKIP ulefone_armor_25t-13211.php
2026-05-30 20:54:10,150 | INFO |   [87/182] SKIP ulefone_tab_w10-13449.php
2026-05-30 20:54:10,150 | INFO |   [88/182] SKIP ulefone_tab_a11_pro-13195.php
2026-05-30 20:54:10,150 | INFO |   [89/182] SKIP ulefone_tab_a11-13448.php
2026-05-30 20:54:10,150 | INFO |   [90/182] SKIP ulefone_armor_25t_pro-13115.php
2026-05-30 20:54:10,150 | INFO |   [91/182] SKIP ulefone_note_18_ultra-13059.php
2026-05-30 20:54:10,151 | INFO |   [92/182] SKIP ulefone_armor_26_ultra-12979.php
2026-05-30 20:54:10,151 | INFO |   [93/182] SKIP ulefone_armor_26_ultra_walkie_talkie-12980.php
2026-05-30 20:54:10,151 | INFO |   [94/182] SKIP ulefone_armor_pad_3_pro-12981.php
2026-05-30 20:54:10,151 | INFO |   [95/182] SKIP ulefone_armor_pad_pro-12982.php
2026-05-30 20:54:10,151 | INFO |   [96/182] SKIP ulefone_power_armor_16s-12870.php
2026-05-30 20:54:10,151 | INFO |   [97/182] SKIP ulefone_note_17_pro-12815.php
2026-05-30 20:54:10,151 | INFO |   [98/182] SKIP ulefone_armor_23_ultra-12757.php
2026-05-30 20:54:10,152 | INFO |   [99/182] SKIP ulefone_power_armor_18t_ultra-12686.php
2026-05-30 20:54:10,152 | INFO |   [100/182] SKIP ulefone_power_armor_18_ultra-12685.php
2026-05-30 20:54:10,152 | INFO |   [101/182] SKIP ulefone_armor_pad_2-12625.php
2026-05-30 20:54:10,152 | INFO |   [102/182] SKIP ulefone_armor_24-12602.php
2026-05-30 20:54:10,152 | INFO |   [103/182] SKIP ulefone_armor_x12-12601.php
2026-05-30 20:54:10,152 | INFO |   [104/182] SKIP ulefone_armor_pad_lite-12600.php
2026-05-30 20:54:10,152 | INFO |   [105/182] SKIP ulefone_armor_22-12556.php
2026-05-30 20:54:10,153 | INFO |   [106/182] SKIP ulefone_armor_x13-12475.php
2026-05-30 20:54:10,153 | INFO |   [107/182] SKIP ulefone_armor_x12_pro-12474.php
2026-05-30 20:54:10,153 | INFO |   [108/182] SKIP ulefone_power_armor_x11-12379.php
2026-05-30 20:54:10,153 | INFO |   [109/182] SKIP ulefone_note_15-12378.php
2026-05-30 20:54:10,153 | INFO |   [110/182] SKIP ulefone_note_16_pro-12361.php
2026-05-30 20:54:10,153 | INFO |   [111/182] SKIP ulefone_armor_21-12360.php
2026-05-30 20:54:10,153 | INFO |   [112/182] SKIP ulefone_armor_pad-12196.php
2026-05-30 20:54:10,154 | INFO |   [113/182] SKIP ulefone_power_armor_20wt-12195.php
2026-05-30 20:54:10,154 | INFO |   [114/182] SKIP ulefone_power_armor_19t-12194.php
2026-05-30 20:54:10,154 | INFO |   [115/182] SKIP ulefone_power_armor_18-12081.php
2026-05-30 20:54:10,154 | INFO |   [116/182] SKIP ulefone_note_14-12080.php
2026-05-30 20:54:10,154 | INFO |   [117/182] SKIP ulefone_power_armor_19-12077.php
2026-05-30 20:54:10,154 | INFO |   [118/182] SKIP ulefone_tab_a8-12078.php
2026-05-30 20:54:10,154 | INFO |   [119/182] SKIP ulefone_power_armor_18t-11966.php
2026-05-30 20:54:10,155 | INFO |   [120/182] SKIP ulefone_armor_17_pro-11965.php
2026-05-30 20:54:10,155 | INFO |   [121/182] SKIP ulefone_power_armor_16_pro-11897.php
2026-05-30 20:54:10,155 | INFO |   [122/182] SKIP ulefone_power_armor_x11_pro-11896.php
2026-05-30 20:54:10,155 | INFO |   [123/182] SKIP ulefone_armor_15-11756.php
2026-05-30 20:54:10,155 | INFO |   [124/182] SKIP ulefone_armor_x6_pro-11714.php
2026-05-30 20:54:10,156 | INFO |   [125/182] SKIP ulefone_note_12-11680.php
2026-05-30 20:54:10,156 | INFO |   [126/182] SKIP ulefone_note_6t-11537.php
2026-05-30 20:54:10,156 | INFO |   [127/182] SKIP ulefone_power_armor_14_pro-11440.php
2026-05-30 20:54:10,156 | INFO |   [128/182] SKIP ulefone_armor_x10_pro-11441.php
2026-05-30 20:54:10,156 | INFO |   [129/182] SKIP ulefone_note_10p-11442.php
2026-05-30 20:54:10,156 | INFO |   [130/182] SKIP ulefone_armor_x10-11291.php
2026-05-30 20:54:10,157 | INFO |   [131/182] SKIP ulefone_note_13p-11245.php
2026-05-30 20:54:10,157 | INFO |   [132/182] SKIP ulefone_note_12p-11184.php
2026-05-30 20:54:10,157 | INFO |   [133/182] SKIP ulefone_note_6p-11183.php
2026-05-30 20:54:10,157 | INFO |   [134/182] SKIP ulefone_power_armor_14-11170.php
2026-05-30 20:54:10,157 | INFO |   [135/182] SKIP ulefone_armor_x9_pro-11155.php
2026-05-30 20:54:10,157 | INFO |   [136/182] SKIP ulefone_armor_x9-11154.php
2026-05-30 20:54:10,157 | INFO |   [137/182] SKIP ulefone_armor_x8i-11130.php
2026-05-30 20:54:10,158 | INFO |   [138/182] SKIP ulefone_armor_12_5g-11080.php
2026-05-30 20:54:10,158 | INFO |   [139/182] SKIP ulefone_power_armor_13-11066.php
2026-05-30 20:54:10,158 | INFO |   [140/182] SKIP ulefone_note_6-11065.php
2026-05-30 20:54:10,158 | INFO |   [141/182] SKIP ulefone_tab_a7-10994.php
2026-05-30 20:54:10,158 | INFO |   [142/182] SKIP ulefone_armor_11t_5g-10974.php
2026-05-30 20:54:10,158 | INFO |   [143/182] SKIP ulefone_armor_8_pro-10898.php
2026-05-30 20:54:10,158 | INFO |   [144/182] SKIP ulefone_armor_11_5g-10782.php
2026-05-30 20:54:10,158 | INFO |   [145/182] SKIP ulefone_note_11p-10711.php
2026-05-30 20:54:10,159 | INFO |   [146/182] SKIP ulefone_note_10-10710.php
2026-05-30 20:54:10,159 | INFO |   [147/182] SKIP ulefone_armor_mini_2-10702.php
2026-05-30 20:54:10,159 | INFO |   [148/182] SKIP ulefone_note_7t-10678.php
2026-05-30 20:54:10,159 | INFO |   [149/182] SKIP ulefone_armor_10_5g-10629.php
2026-05-30 20:54:10,159 | INFO |   [150/182] SKIP ulefone_watch_pro-10563.php
2026-05-30 20:54:10,159 | INFO |   [151/182] SKIP ulefone_watch_gps-10562.php
2026-05-30 20:54:10,159 | INFO |   [152/182] SKIP ulefone_watch-10561.php
2026-05-30 20:54:10,160 | INFO |   [153/182] SKIP ulefone_armor_x8-10493.php
2026-05-30 20:54:10,160 | INFO |   [154/182] SKIP ulefone_armor_9e-10441.php
2026-05-30 20:54:10,160 | INFO |   [155/182] SKIP ulefone_armor_x5_pro-10440.php
2026-05-30 20:54:10,160 | INFO | 
  [156/182]
2026-05-30 20:54:10,160 | INFO |   ⏳ 25.6s (req #2)
2026-05-30 20:54:15,129 | INFO | ============================================================
2026-05-30 20:54:15,129 | INFO | BATCH 8 — Doogee | Ulefone | Verykool | Panasonic
2026-05-30 20:54:15,130 | INFO | Phones ~564  |  Time: 3–4 hours
2026-05-30 20:54:15,130 | INFO | Columns: 68 | Method: data-spec attributes
2026-05-30 20:54:15,130 | INFO | Started: 2026-05-30 20:54:15
2026-05-30 20:54:15,130 | INFO | ============================================================
2026-05-30 20:54:15,130 | INFO | Checking connection ...
2026-05-30 20:54:16,335 | INFO |   ✅ Connected (attempt 1)
2026-05-30 20:54:16,336 | INFO | Resuming: 435 done | 5 retry queue
2026-05-30 20:54:16,337 | INFO |   ▶ First request — no delay
2026-05-30 20:54:17,337 | INFO |   GET https://www.gsmarena.com/makers.php3 → 200
2026-05-30 20:54:17,357 | INFO | ✅ 126 brands
2026-05-30 20:54:17,357 | INFO | Matched: ['Doogee', 'Panasonic', 'Ulefone', 'Verykool']
2026-05-30 20:54:17,357 | INFO | [1/4] SKIP Doogee
2026-05-30 20:54:17,357 | INFO | [2/4] SKIP Panasonic
2026-05-30 20:54:17,357 | INFO | 
============================================================
2026-05-30 20:54:17,358 | INFO | [3/4] Ulefone (148 phones)
2026-05-30 20:54:17,358 | INFO | Elapsed: 0min
2026-05-30 20:54:17,358 | INFO | ============================================================
2026-05-30 20:54:17,359 | INFO |   📋 Loaded 182 links from cache — no web requests needed
2026-05-30 20:54:17,359 | INFO |   [1/182] SKIP ulefone_armor_mini_5-14694.php
2026-05-30 20:54:17,359 | INFO |   [2/182] SKIP ulefone_tab_a12_pro-14695.php
2026-05-30 20:54:17,359 | INFO |   [3/182] SKIP ulefone_note_22-14685.php
2026-05-30 20:54:17,359 | INFO |   [4/182] SKIP ulefone_rugking_5_pro-14544.php
2026-05-30 20:54:17,359 | INFO |   [5/182] SKIP ulefone_armor_27t_pro+_5g-14475.php
2026-05-30 20:54:17,360 | INFO |   [6/182] SKIP ulefone_armor_27t+-14476.php
2026-05-30 20:54:17,360 | INFO |   [7/182] SKIP ulefone_rugking_pad_pro-14423.php
2026-05-30 20:54:17,360 | INFO |   [8/182] SKIP ulefone_rugking_pad_2_pro-14424.php
2026-05-30 20:54:17,360 | INFO |   [9/182] SKIP ulefone_armor_watch_pro-14422.php
2026-05-30 20:54:17,360 | INFO |   [10/182] SKIP ulefone_armor_34_pro+_5g-14368.php
2026-05-30 20:54:17,360 | INFO |   [11/182] SKIP ulefone_armor_34+_5g-14367.php
2026-05-30 20:54:17,360 | INFO |   [12/182] SKIP ulefone_rugking_4_pro-14340.php
2026-05-30 20:54:17,360 | INFO |   [13/182] SKIP ulefone_rugking_3_pro-14339.php
2026-05-30 20:54:17,361 | INFO |   [14/182] SKIP ulefone_rugking_2_pro-14338.php
2026-05-30 20:54:17,361 | INFO |   [15/182] SKIP ulefone_armor_pad_5_ultra_5g-14269.php
2026-05-30 20:54:17,361 | INFO |   [16/182] SKIP ulefone_armor_pad_5_pro_5g-14270.php
2026-05-30 20:54:17,361 | INFO |   [17/182] SKIP ulefone_tab_a9_pro-14160.php
2026-05-30 20:54:17,362 | INFO |   [18/182] SKIP ulefone_armor_29_pro_thermal_5g-14104.php
2026-05-30 20:54:17,362 | INFO |   [19/182] SKIP ulefone_armor_29_pro_5g-14103.php
2026-05-30 20:54:17,362 | INFO |   [20/182] SKIP ulefone_rugking-14102.php
2026-05-30 20:54:17,362 | INFO |   [21/182] SKIP ulefone_armor_29_ultra_5g-14056.php
2026-05-30 20:54:17,362 | INFO |   [22/182] SKIP ulefone_armor_34_5g-14053.php
2026-05-30 20:54:17,363 | INFO |   [23/182] SKIP ulefone_armor_33_pro_5g-13692.php
2026-05-30 20:54:17,363 | INFO |   [24/182] SKIP ulefone_armor_33-14055.php
2026-05-30 20:54:17,363 | INFO |   [25/182] SKIP ulefone_armor_30-13999.php
2026-05-30 20:54:17,363 | INFO |   [26/182] SKIP ulefone_armor_x16_pro_5g-14000.php
2026-05-30 20:54:17,363 | INFO |   [27/182] SKIP ulefone_armor_x16-14001.php
2026-05-30 20:54:17,363 | INFO |   [28/182] SKIP ulefone_armor_34_pro-13691.php
2026-05-30 20:54:17,364 | INFO |   [29/182] SKIP ulefone_armor_28_pro_5g-13864.php
2026-05-30 20:54:17,364 | INFO |   [30/182] SKIP ulefone_armor_x32_pro_5g-13777.php
2026-05-30 20:54:17,364 | INFO |   [31/182] SKIP ulefone_armor_x32_5g-13778.php
2026-05-30 20:54:17,364 | INFO |   [32/182] SKIP ulefone_tab_a10-14161.php
2026-05-30 20:54:17,364 | INFO |   [33/182] SKIP ulefone_armor_30_pro_5g-13776.php
2026-05-30 20:54:17,364 | INFO |   [34/182] SKIP ulefone_armor_28_ultra_thermal-13297.php
2026-05-30 20:54:17,364 | INFO |   [35/182] SKIP ulefone_armor_mini_4-13693.php
2026-05-30 20:54:17,365 | INFO |   [36/182] SKIP ulefone_armor_28_ultra-13674.php
2026-05-30 20:54:17,365 | INFO |   [37/182] SKIP ulefone_armor_x31-13854.php
2026-05-30 20:54:17,365 | INFO |   [38/182] SKIP ulefone_armor_x31_pro-13589.php
2026-05-30 20:54:17,365 | INFO |   [39/182] SKIP ulefone_armor_27t-13545.php
2026-05-30 20:54:17,365 | INFO |   [40/182] SKIP ulefone_armor_27-13544.php
2026-05-30 20:54:17,366 | INFO |   [41/182] SKIP ulefone_note_18_pro-13543.php
2026-05-30 20:54:17,366 | INFO |   [42/182] SKIP ulefone_tab_a10_pro-13542.php
2026-05-30 20:54:17,366 | INFO |   [43/182] SKIP ulefone_note_20_pro-13451.php
2026-05-30 20:54:17,366 | INFO |   [44/182] SKIP ulefone_note_19-13450.php
2026-05-30 20:54:17,367 | INFO |   [45/182] SKIP ulefone_armor_pad_4_ultra_thermal-13447.php
2026-05-30 20:54:17,367 | INFO |   [46/182] SKIP ulefone_armor_pad_4_ultra-13446.php
2026-05-30 20:54:17,367 | INFO |   [47/182] SKIP ulefone_armor_mini_20-13541.php
2026-05-30 20:54:17,367 | INFO |   [48/182] SKIP ulefone_armor_mini_20_pro-13445.php
2026-05-30 20:54:17,367 | INFO |   [49/182] SKIP ulefone_armor_mini_20t_pro-13298.php
2026-05-30 20:54:17,367 | INFO |   [50/182] SKIP ulefone_armor_27_pro-13245.php
2026-05-30 20:54:17,367 | INFO |   [51/182] SKIP vivo_s60_vitality_5g-14693.php
2026-05-30 20:54:17,367 | INFO |   [52/182] SKIP vivo_s60_5g-14692.php
2026-05-30 20:54:17,367 | INFO |   [53/182] SKIP vivo_t5-14697.php
2026-05-30 20:54:17,367 | INFO |   [54/182] SKIP zte_nubia_redmagic_11s_pro_5g-14669.php
2026-05-30 20:54:17,367 | INFO |   [55/182] SKIP xiaomi_17_max_5g-14667.php
2026-05-30 20:54:17,367 | INFO |   [56/182] SKIP vivo_y600_turbo_5g-14687.php
2026-05-30 20:54:17,368 | INFO |   [57/182] SKIP honor_600e_5g-14688.php
2026-05-30 20:54:17,368 | INFO |   [58/182] SKIP xiaomi_17t_pro_5g-14651.php
2026-05-30 20:54:17,368 | INFO |   [59/182] SKIP xiaomi_17t_5g-14652.php
2026-05-30 20:54:17,368 | INFO |   [60/182] SKIP xiaomi_watch_s5-14696.php
2026-05-30 20:54:17,368 | INFO |   [61/182] SKIP realme_16t_5g-14674.php
2026-05-30 20:54:17,368 | INFO |   [62/182] SKIP honor_600_5g-14605.php
2026-05-30 20:54:17,369 | INFO |   [63/182] SKIP sony_xperia_1_viii_5g-14660.php
2026-05-30 20:54:17,369 | INFO |   [64/182] SKIP honor_600_pro_5g-14604.php
2026-05-30 20:54:17,369 | INFO |   [65/182] SKIP motorola_moto_g87_5g-14644.php
2026-05-30 20:54:17,369 | INFO |   [66/182] SKIP motorola_moto_g47-14645.php
2026-05-30 20:54:17,369 | INFO |   [67/182] SKIP xiaomi_17t_pro-14651.php
2026-05-30 20:54:17,369 | INFO |   [68/182] SKIP samsung_galaxy_a57-14379.php
2026-05-30 20:54:17,370 | INFO |   [69/182] SKIP xiaomi_17t-14652.php
2026-05-30 20:54:17,370 | INFO |   [70/182] SKIP samsung_galaxy_s26_ultra-14320.php
2026-05-30 20:54:17,370 | INFO |   [71/182] SKIP xiaomi_17_max-14667.php
2026-05-30 20:54:17,370 | INFO |   [72/182] SKIP samsung_galaxy_a17-14041.php
2026-05-30 20:54:17,370 | INFO |   [73/182] SKIP apple_iphone_17_pro_max-13964.php
2026-05-30 20:54:17,370 | INFO |   [74/182] SKIP xiaomi_redmi_note_15-14328.php
2026-05-30 20:54:17,370 | INFO |   [75/182] SKIP sony_xperia_1_viii-14660.php
2026-05-30 20:54:17,371 | INFO |   [76/182] SKIP honor_600_pro-14604.php
2026-05-30 20:54:17,371 | INFO |   [77/182] SKIP samsung_galaxy_a56-13603.php
2026-05-30 20:54:17,372 | INFO |   [78/182] SKIP xiaomi_15_ultra-13657.php
2026-05-30 20:54:17,372 | INFO |   [79/182] SKIP xiaomi_poco_x7_pro-13582.php
2026-05-30 20:54:17,372 | INFO |   [80/182] SKIP xiaomi_17_pro_max-14181.php
2026-05-30 20:54:17,372 | INFO |   [81/182] SKIP oneplus_15-14206.php
2026-05-30 20:54:17,372 | INFO |   [82/182] SKIP samsung_galaxy_s25-13610.php
2026-05-30 20:54:17,372 | INFO |   [83/182] SKIP xiaomi_17_ultra-14380.php
2026-05-30 20:54:17,373 | INFO |   [84/182] SKIP oppo_find_x9_pro-14094.php
2026-05-30 20:54:17,373 | INFO |   [85/182] SKIP ulefone_armor_27t_pro-13244.php
2026-05-30 20:54:17,373 | INFO |   [86/182] SKIP ulefone_armor_25t-13211.php
2026-05-30 20:54:17,373 | INFO |   [87/182] SKIP ulefone_tab_w10-13449.php
2026-05-30 20:54:17,373 | INFO |   [88/182] SKIP ulefone_tab_a11_pro-13195.php
2026-05-30 20:54:17,373 | INFO |   [89/182] SKIP ulefone_tab_a11-13448.php
2026-05-30 20:54:17,373 | INFO |   [90/182] SKIP ulefone_armor_25t_pro-13115.php
2026-05-30 20:54:17,373 | INFO |   [91/182] SKIP ulefone_note_18_ultra-13059.php
2026-05-30 20:54:17,374 | INFO |   [92/182] SKIP ulefone_armor_26_ultra-12979.php
2026-05-30 20:54:17,374 | INFO |   [93/182] SKIP ulefone_armor_26_ultra_walkie_talkie-12980.php
2026-05-30 20:54:17,374 | INFO |   [94/182] SKIP ulefone_armor_pad_3_pro-12981.php
2026-05-30 20:54:17,374 | INFO |   [95/182] SKIP ulefone_armor_pad_pro-12982.php
2026-05-30 20:54:17,375 | INFO |   [96/182] SKIP ulefone_power_armor_16s-12870.php
2026-05-30 20:54:17,375 | INFO |   [97/182] SKIP ulefone_note_17_pro-12815.php
2026-05-30 20:54:17,375 | INFO |   [98/182] SKIP ulefone_armor_23_ultra-12757.php
2026-05-30 20:54:17,375 | INFO |   [99/182] SKIP ulefone_power_armor_18t_ultra-12686.php
2026-05-30 20:54:17,375 | INFO |   [100/182] SKIP ulefone_power_armor_18_ultra-12685.php
2026-05-30 20:54:17,375 | INFO |   [101/182] SKIP ulefone_armor_pad_2-12625.php
2026-05-30 20:54:17,375 | INFO |   [102/182] SKIP ulefone_armor_24-12602.php
2026-05-30 20:54:17,375 | INFO |   [103/182] SKIP ulefone_armor_x12-12601.php
2026-05-30 20:54:17,376 | INFO |   [104/182] SKIP ulefone_armor_pad_lite-12600.php
2026-05-30 20:54:17,376 | INFO |   [105/182] SKIP ulefone_armor_22-12556.php
2026-05-30 20:54:17,376 | INFO |   [106/182] SKIP ulefone_armor_x13-12475.php
2026-05-30 20:54:17,376 | INFO |   [107/182] SKIP ulefone_armor_x12_pro-12474.php
2026-05-30 20:54:17,376 | INFO |   [108/182] SKIP ulefone_power_armor_x11-12379.php
2026-05-30 20:54:17,377 | INFO |   [109/182] SKIP ulefone_note_15-12378.php
2026-05-30 20:54:17,377 | INFO |   [110/182] SKIP ulefone_note_16_pro-12361.php
2026-05-30 20:54:17,377 | INFO |   [111/182] SKIP ulefone_armor_21-12360.php
2026-05-30 20:54:17,377 | INFO |   [112/182] SKIP ulefone_armor_pad-12196.php
2026-05-30 20:54:17,377 | INFO |   [113/182] SKIP ulefone_power_armor_20wt-12195.php
2026-05-30 20:54:17,378 | INFO |   [114/182] SKIP ulefone_power_armor_19t-12194.php
2026-05-30 20:54:17,378 | INFO |   [115/182] SKIP ulefone_power_armor_18-12081.php
2026-05-30 20:54:17,378 | INFO |   [116/182] SKIP ulefone_note_14-12080.php
2026-05-30 20:54:17,378 | INFO |   [117/182] SKIP ulefone_power_armor_19-12077.php
2026-05-30 20:54:17,378 | INFO |   [118/182] SKIP ulefone_tab_a8-12078.php
2026-05-30 20:54:17,378 | INFO |   [119/182] SKIP ulefone_power_armor_18t-11966.php
2026-05-30 20:54:17,378 | INFO |   [120/182] SKIP ulefone_armor_17_pro-11965.php
2026-05-30 20:54:17,379 | INFO |   [121/182] SKIP ulefone_power_armor_16_pro-11897.php
2026-05-30 20:54:17,379 | INFO |   [122/182] SKIP ulefone_power_armor_x11_pro-11896.php
2026-05-30 20:54:17,379 | INFO |   [123/182] SKIP ulefone_armor_15-11756.php
2026-05-30 20:54:17,379 | INFO |   [124/182] SKIP ulefone_armor_x6_pro-11714.php
2026-05-30 20:54:17,379 | INFO |   [125/182] SKIP ulefone_note_12-11680.php
2026-05-30 20:54:17,380 | INFO |   [126/182] SKIP ulefone_note_6t-11537.php
2026-05-30 20:54:17,380 | INFO |   [127/182] SKIP ulefone_power_armor_14_pro-11440.php
2026-05-30 20:54:17,380 | INFO |   [128/182] SKIP ulefone_armor_x10_pro-11441.php
2026-05-30 20:54:17,381 | INFO |   [129/182] SKIP ulefone_note_10p-11442.php
2026-05-30 20:54:17,381 | INFO |   [130/182] SKIP ulefone_armor_x10-11291.php
2026-05-30 20:54:17,381 | INFO |   [131/182] SKIP ulefone_note_13p-11245.php
2026-05-30 20:54:17,381 | INFO |   [132/182] SKIP ulefone_note_12p-11184.php
2026-05-30 20:54:17,381 | INFO |   [133/182] SKIP ulefone_note_6p-11183.php
2026-05-30 20:54:17,381 | INFO |   [134/182] SKIP ulefone_power_armor_14-11170.php
2026-05-30 20:54:17,381 | INFO |   [135/182] SKIP ulefone_armor_x9_pro-11155.php
2026-05-30 20:54:17,382 | INFO |   [136/182] SKIP ulefone_armor_x9-11154.php
2026-05-30 20:54:17,382 | INFO |   [137/182] SKIP ulefone_armor_x8i-11130.php
2026-05-30 20:54:17,382 | INFO |   [138/182] SKIP ulefone_armor_12_5g-11080.php
2026-05-30 20:54:17,382 | INFO |   [139/182] SKIP ulefone_power_armor_13-11066.php
2026-05-30 20:54:17,383 | INFO |   [140/182] SKIP ulefone_note_6-11065.php
2026-05-30 20:54:17,383 | INFO |   [141/182] SKIP ulefone_tab_a7-10994.php
2026-05-30 20:54:17,383 | INFO |   [142/182] SKIP ulefone_armor_11t_5g-10974.php
2026-05-30 20:54:17,383 | INFO |   [143/182] SKIP ulefone_armor_8_pro-10898.php
2026-05-30 20:54:17,383 | INFO |   [144/182] SKIP ulefone_armor_11_5g-10782.php
2026-05-30 20:54:17,383 | INFO |   [145/182] SKIP ulefone_note_11p-10711.php
2026-05-30 20:54:17,384 | INFO |   [146/182] SKIP ulefone_note_10-10710.php
2026-05-30 20:54:17,384 | INFO |   [147/182] SKIP ulefone_armor_mini_2-10702.php
2026-05-30 20:54:17,384 | INFO |   [148/182] SKIP ulefone_note_7t-10678.php
2026-05-30 20:54:17,384 | INFO |   [149/182] SKIP ulefone_armor_10_5g-10629.php
2026-05-30 20:54:17,384 | INFO |   [150/182] SKIP ulefone_watch_pro-10563.php
2026-05-30 20:54:17,384 | INFO |   [151/182] SKIP ulefone_watch_gps-10562.php
2026-05-30 20:54:17,385 | INFO |   [152/182] SKIP ulefone_watch-10561.php
2026-05-30 20:54:17,385 | INFO |   [153/182] SKIP ulefone_armor_x8-10493.php
2026-05-30 20:54:17,385 | INFO |   [154/182] SKIP ulefone_armor_9e-10441.php
2026-05-30 20:54:17,385 | INFO |   [155/182] SKIP ulefone_armor_x5_pro-10440.php
2026-05-30 20:54:17,385 | INFO | 
  [156/182]
2026-05-30 20:54:17,386 | INFO |   ⏳ 41.7s (req #2)
2026-05-30 20:55:00,085 | INFO |   GET https://www.gsmarena.com/ulefone_note_8-10414.php → 200
2026-05-30 20:55:00,103 | INFO |       📱 Ulefone Note 8 | Main=5.0MP | Selfie=2.0MP | AnTuTu=None | Price=$None | IP=None | Populated=41/68 fields
2026-05-30 20:55:00,106 | INFO |   💾 [1/182] saved
2026-05-30 20:55:00,107 | INFO | 
  [157/182]
2026-05-30 20:55:00,107 | INFO |   ⏳ 31.8s (req #3)
2026-05-30 20:55:32,901 | INFO |   GET https://www.gsmarena.com/ulefone_armor_8-10383.php → 200
2026-05-30 20:55:32,920 | INFO |       📱 Ulefone Armor 8 | Main=16.0MP | Selfie=8.0MP | AnTuTu=None | Price=$None | IP=IP68 | Populated=47/68 fields
2026-05-30 20:55:32,924 | INFO |   💾 [2/182] saved
2026-05-30 20:55:32,924 | INFO | 
  [158/182]
2026-05-30 20:55:32,925 | INFO |   ⏳ 28.9s (req #4)
2026-05-30 20:56:02,823 | INFO |   GET https://www.gsmarena.com/ulefone_note_9p-10343.php → 200
2026-05-30 20:56:02,839 | INFO |       📱 Ulefone Note 9P | Main=16.0MP | Selfie=8.0MP | AnTuTu=None | Price=$None | IP=None | Populated=44/68 fields
2026-05-30 20:56:02,842 | INFO |   💾 [3/182] saved
2026-05-30 20:56:02,843 | INFO | 
  [159/182]
2026-05-30 20:56:02,843 | INFO |   ⏳ 27.2s (req #5)
2026-05-30 20:56:31,210 | INFO |   GET https://www.gsmarena.com/ulefone_armor_9-10322.php → 200
2026-05-30 20:56:31,229 | INFO |       📱 Ulefone Armor 9 | Main=64.0MP | Selfie=8.0MP | AnTuTu=197000 | Price=$None | IP=IP68 | Populated=51/68 fields
2026-05-30 20:56:31,232 | INFO |   💾 [4/182] saved
2026-05-30 20:56:31,232 | INFO | 
  [160/182]
2026-05-30 20:56:31,232 | INFO |   ⏳ 43.5s (req #6)
2026-05-30 20:57:15,698 | INFO |   GET https://www.gsmarena.com/ulefone_note_8p-10294.php → 200
2026-05-30 20:57:15,714 | INFO |       📱 Ulefone Note 8P | Main=8.0MP | Selfie=5.0MP | AnTuTu=None | Price=$None | IP=None | Populated=43/68 fields
2026-05-30 20:57:15,718 | INFO |   💾 [5/182] saved
2026-05-30 20:57:15,719 | INFO | 
  [161/182]
2026-05-30 20:57:15,719 | INFO |   ⏳ 38.8s (req #7)
2026-05-30 20:57:55,368 | INFO |   GET https://www.gsmarena.com/ulefone_armor_x7_pro-10293.php → 200
2026-05-30 20:57:55,387 | INFO |       📱 Ulefone Armor X7 Pro | Main=13.0MP | Selfie=5.0MP | AnTuTu=None | Price=$None | IP=IP68 | Populated=45/68 fields
2026-05-30 20:57:55,390 | INFO |   💾 [6/182] saved
2026-05-30 20:57:55,390 | INFO | 
  [162/182]
2026-05-30 20:57:55,391 | INFO |   ⏳ 36.9s (req #8)
2026-05-30 20:58:33,117 | INFO |   GET https://www.gsmarena.com/ulefone_armor_7e-10165.php → 200
2026-05-30 20:58:33,134 | INFO |       📱 Ulefone Armor 7E | Main=48.0MP | Selfie=16.0MP | AnTuTu=None | Price=$None | IP=IP68 | Populated=46/68 fields
2026-05-30 20:58:33,138 | INFO |   💾 [7/182] saved
2026-05-30 20:58:33,138 | INFO | 
  [163/182]
2026-05-30 20:58:33,138 | INFO |   ⏳ 26.8s (req #9)
2026-05-30 20:59:00,816 | INFO |   GET https://www.gsmarena.com/ulefone_armor_x7-10141.php → 200
2026-05-30 20:59:00,838 | INFO |       📱 Ulefone Armor X7 | Main=13.0MP | Selfie=5.0MP | AnTuTu=None | Price=$None | IP=IP68 | Populated=44/68 fields
2026-05-30 20:59:00,841 | INFO |   💾 [8/182] saved
2026-05-30 20:59:00,841 | INFO | 
  [164/182]
2026-05-30 20:59:00,841 | INFO |   ⏳ 33.8s (req #10)
2026-05-30 20:59:35,677 | INFO |   GET https://www.gsmarena.com/ulefone_armor_7-10020.php → 200
2026-05-30 20:59:35,698 | INFO |       📱 Ulefone Armor 7 | Main=48.0MP | Selfie=16.0MP | AnTuTu=163017 | Price=$None | IP=IP68 | Populated=50/68 fields
2026-05-30 20:59:35,701 | INFO |   💾 [9/182] saved
2026-05-30 20:59:35,702 | INFO | 
  [165/182]
2026-05-30 20:59:35,702 | INFO |   ⏳ 43.6s (req #11)
2026-05-30 21:00:20,141 | INFO |   GET https://www.gsmarena.com/ulefone_armor_x6-10024.php → 200
2026-05-30 21:00:20,156 | INFO |       📱 Ulefone Armor X6 | Main=8.0MP | Selfie=5.0MP | AnTuTu=None | Price=$None | IP=IP68 | Populated=42/68 fields
2026-05-30 21:00:20,159 | INFO |   💾 [10/182] saved
2026-05-30 21:00:20,159 | INFO | 
  [166/182]
2026-05-30 21:00:20,160 | INFO |   ⏳ 17.7s (req #12)
2026-05-30 21:00:38,722 | INFO |   GET https://www.gsmarena.com/ulefone_armor_6s-10021.php → 200
2026-05-30 21:00:38,743 | INFO |       📱 Ulefone Armor 6S | Main=16.0MP | Selfie=8.0MP | AnTuTu=None | Price=$None | IP=IP68 | Populated=44/68 fields
2026-05-30 21:00:38,747 | INFO |   💾 [11/182] saved
2026-05-30 21:00:38,747 | INFO | 
  [167/182]
2026-05-30 21:00:38,747 | INFO |   ⏳ 42.7s (req #13)
2026-05-30 21:01:22,579 | INFO |   GET https://www.gsmarena.com/ulefone_armor_3w-10022.php → 200
2026-05-30 21:01:22,595 | INFO |       📱 Ulefone Armor 3W | Main=21.0MP | Selfie=8.0MP | AnTuTu=None | Price=$None | IP=IP68 | Populated=44/68 fields
2026-05-30 21:01:22,598 | INFO |   💾 [12/182] saved
2026-05-30 21:01:22,598 | INFO | 
  [168/182]
2026-05-30 21:01:22,598 | INFO |   ⏳ 19.9s (req #14)
2026-05-30 21:01:43,611 | INFO |   GET https://www.gsmarena.com/ulefone_armor_3wt-10023.php → 200
2026-05-30 21:01:43,638 | INFO |       📱 Ulefone Armor 3WT | Main=21.0MP | Selfie=8.0MP | AnTuTu=None | Price=$None | IP=IP68 | Populated=44/68 fields
2026-05-30 21:01:43,641 | INFO |   💾 [13/182] saved
2026-05-30 21:01:43,642 | INFO | 
  [169/182]
2026-05-30 21:01:43,642 | INFO |   ⏳ 30.7s (req #15)
2026-05-30 21:02:15,493 | INFO |   GET https://www.gsmarena.com/ulefone_armor_x5-10025.php → 200
2026-05-30 21:02:15,530 | INFO |       📱 Ulefone Armor X5 | Main=13.0MP | Selfie=5.0MP | AnTuTu=None | Price=$None | IP=IP68 | Populated=43/68 fields
2026-05-30 21:02:15,535 | INFO |   💾 [14/182] saved
2026-05-30 21:02:15,536 | INFO | 
  [170/182]
2026-05-30 21:02:15,536 | INFO |   ⏳ 17.1s (req #16)
2026-05-30 21:02:33,876 | INFO |   GET https://www.gsmarena.com/ulefone_t2-10027.php → 200
2026-05-30 21:02:33,906 | INFO |       📱 Ulefone T2 | Main=16.0MP | Selfie=8.0MP | AnTuTu=None | Price=$None | IP=None | Populated=43/68 fields
2026-05-30 21:02:33,909 | INFO |   💾 [15/182] saved
2026-05-30 21:02:33,909 | INFO | 
  [171/182]
2026-05-30 21:02:33,910 | INFO |   ⏳ 16.1s (req #17)
2026-05-30 21:02:51,301 | INFO |   GET https://www.gsmarena.com/ulefone_armor_x3-10026.php → 200
2026-05-30 21:02:51,328 | INFO |       📱 Ulefone Armor X3 | Main=8.0MP | Selfie=5.0MP | AnTuTu=None | Price=$None | IP=IP68 | Populated=43/68 fields
2026-05-30 21:02:51,333 | INFO |   💾 [16/182] saved
2026-05-30 21:02:51,333 | INFO | 
  [172/182]
2026-05-30 21:02:51,333 | INFO |   ⏳ 20.6s (req #18)
2026-05-30 21:03:12,905 | INFO |   GET https://www.gsmarena.com/ulefone_armor_5s-10028.php → 200
2026-05-30 21:03:12,936 | INFO |       📱 Ulefone Armor 5S | Main=13.0MP | Selfie=8.0MP | AnTuTu=None | Price=$None | IP=IP68 | Populated=44/68 fields
2026-05-30 21:03:12,941 | INFO |   💾 [17/182] saved
2026-05-30 21:03:12,941 | INFO | 
  [173/182]
2026-05-30 21:03:12,942 | INFO |   ⏳ 39.7s (req #19)
2026-05-30 21:03:54,078 | INFO |   GET https://www.gsmarena.com/ulefone_armor_6e-10031.php → 200
2026-05-30 21:03:54,109 | INFO |       📱 Ulefone Armor 6E | Main=16.0MP | Selfie=8.0MP | AnTuTu=None | Price=$None | IP=IP68 | Populated=44/68 fields
2026-05-30 21:03:54,113 | INFO |   💾 [18/182] saved
2026-05-30 21:03:54,113 | INFO | 
  [174/182]
2026-05-30 21:03:54,113 | INFO |   ⏳ 33.7s (req #20)
2026-05-30 21:04:29,127 | INFO |   GET https://www.gsmarena.com/ulefone_note_7p-10032.php → 200
2026-05-30 21:04:29,157 | INFO |       📱 Ulefone Note 7P | Main=8.0MP | Selfie=5.0MP | AnTuTu=None | Price=$None | IP=None | Populated=40/68 fields
2026-05-30 21:04:29,162 | INFO |   💾 [19/182] saved
2026-05-30 21:04:29,162 | INFO | 
  [175/182]
2026-05-30 21:04:29,162 | INFO |   ⏳ 34.6s (req #21)
2026-05-30 21:05:05,399 | INFO |   GET https://www.gsmarena.com/ulefone_s11-10034.php → 200
2026-05-30 21:05:05,427 | INFO |       📱 Ulefone S11 | Main=8.0MP | Selfie=5.0MP | AnTuTu=None | Price=$None | IP=None | Populated=41/68 fields
2026-05-30 21:05:05,431 | INFO |   💾 [20/182] saved
2026-05-30 21:05:05,432 | INFO | 
  [176/182]
2026-05-30 21:05:05,433 | INFO |   ⏳ 36.3s (req #22)
2026-05-30 21:05:43,338 | INFO |   GET https://www.gsmarena.com/ulefone_note_7-10033.php → 200
2026-05-30 21:05:43,372 | INFO |       📱 Ulefone Note 7 | Main=8.0MP | Selfie=5.0MP | AnTuTu=None | Price=$None | IP=None | Populated=41/68 fields
2026-05-30 21:05:43,377 | INFO |   💾 [21/182] saved
2026-05-30 21:05:43,378 | INFO | 
  [177/182]
2026-05-30 21:05:43,378 | INFO |   ⏳ 27.5s (req #23)
2026-05-30 21:06:12,117 | INFO |   GET https://www.gsmarena.com/ulefone_armor_x2-10035.php → 200
2026-05-30 21:06:12,144 | INFO |       📱 Ulefone Armor X2 | Main=8.0MP | Selfie=5.0MP | AnTuTu=None | Price=$None | IP=IP68 | Populated=44/68 fields
2026-05-30 21:06:12,150 | INFO |   💾 [22/182] saved
2026-05-30 21:06:12,150 | INFO | 
  [178/182]
2026-05-30 21:06:12,151 | INFO |   ⏳ 44.3s (req #24)
2026-05-30 21:06:57,322 | INFO |   GET https://www.gsmarena.com/ulefone_s1-10036.php → 200
2026-05-30 21:06:57,338 | INFO |       📱 Ulefone S1 | Main=5.0MP | Selfie=2.0MP | AnTuTu=None | Price=$None | IP=None | Populated=39/68 fields
2026-05-30 21:06:57,342 | INFO |   💾 [23/182] saved
2026-05-30 21:06:57,342 | INFO | 
  [179/182]
2026-05-30 21:06:57,342 | INFO |   ⏳ 24.9s (req #25)
2026-05-30 21:07:23,675 | INFO |   GET https://www.gsmarena.com/ulefone_armor_x-10037.php → 200
2026-05-30 21:07:23,706 | INFO |       📱 Ulefone Armor X | Main=8.0MP | Selfie=5.0MP | AnTuTu=None | Price=$None | IP=IP68 | Populated=44/68 fields
2026-05-30 21:07:23,712 | INFO |   💾 [24/182] saved
2026-05-30 21:07:23,712 | INFO | 
  [180/182]
2026-05-30 21:07:23,713 | INFO |   ⏳ 36.1s (req #26)
2026-05-30 21:08:01,397 | INFO |   GET https://www.gsmarena.com/ulefone_armor_2-10038.php → 200
2026-05-30 21:08:01,426 | INFO |       📱 Ulefone Armor 2 | Main=16.0MP | Selfie=8.0MP | AnTuTu=None | Price=$None | IP=IP68 | Populated=43/68 fields
2026-05-30 21:08:01,431 | INFO |   💾 [25/182] saved
2026-05-30 21:08:01,432 | INFO | 
  [181/182]
2026-05-30 21:08:01,432 | INFO |   ⏳ 20.7s (req #27)
2026-05-30 21:08:23,753 | INFO |   GET https://www.gsmarena.com/ulefone_armor_8_5g-10472.php → 200
2026-05-30 21:08:23,780 | INFO |       📱 Ulefone Armor 8 5G | Main=64.0MP | Selfie=NoneMP | AnTuTu=None | Price=$None | IP=IP68 | Populated=41/68 fields
2026-05-30 21:08:23,784 | INFO |   💾 [26/182] saved
2026-05-30 21:08:23,784 | INFO | 
  [182/182]
2026-05-30 21:08:23,785 | INFO |   ⏳ 31.2s (req #28)
2026-05-30 21:08:56,155 | INFO |   GET https://www.gsmarena.com/ulefone_t2_pro-9103.php → 200
2026-05-30 21:08:56,192 | INFO |       📱 Ulefone T2 Pro | Main=21.0MP | Selfie=16.0MP | AnTuTu=None | Price=$None | IP=None | Populated=42/68 fields
2026-05-30 21:08:56,197 | INFO |   💾 [27/182] saved
2026-05-30 21:08:56,199 | INFO |   ✅ Ulefone — 27 phones saved
2026-05-30 21:08:56,199 | INFO | 
============================================================
2026-05-30 21:08:56,199 | INFO | [4/4] Verykool (139 phones)
2026-05-30 21:08:56,199 | INFO | Elapsed: 14min
2026-05-30 21:08:56,200 | INFO | ============================================================
2026-05-30 21:08:56,200 | INFO |   Fetching phone links for: Verykool (~139 phones)
2026-05-30 21:08:56,200 | INFO |   ⏳ 20.1s (req #29)
2026-05-30 21:09:17,606 | INFO |   GET https://www.gsmarena.com/verykool-phones-70.php → 200
2026-05-30 21:09:17,621 | INFO |     Found 4 listing pages
2026-05-30 21:09:17,622 | INFO |     Page 1/4: 50 links so far
2026-05-30 21:09:17,623 | INFO |   ☕ Long pause 162s ...
2026-05-30 21:12:01,238 | INFO |   GET https://www.gsmarena.com/# → 200
2026-05-30 21:12:01,291 | INFO |     Page 2/4: 86 links so far
2026-05-30 21:12:01,294 | INFO |   ⏳ 37.6s (req #31)
2026-05-30 21:12:40,340 | INFO |   GET https://www.gsmarena.com/verykool-phones-f-70-0-p2.php → 200
2026-05-30 21:12:40,355 | INFO |     Page 3/4: 136 links so far
2026-05-30 21:12:40,356 | INFO |   ⏳ 31.8s (req #32)
2026-05-30 21:13:13,355 | INFO |   GET https://www.gsmarena.com/verykool-phones-f-70-0-p3.php → 200
2026-05-30 21:13:13,369 | INFO |     Page 4/4: 175 links so far
2026-05-30 21:13:13,369 | INFO |   ✅ 175 valid phone spec links for Verykool
2026-05-30 21:13:13,372 | INFO |   💾 Link list cached → GSMArenaDataset_BATCH8\_links_verykool.json
2026-05-30 21:13:13,372 | INFO | 
  [1/175]
2026-05-30 21:13:13,373 | INFO |   ⏳ 37.0s (req #33)
2026-05-30 21:13:51,395 | INFO |   GET https://www.gsmarena.com/verykool_s5702_royale_quattro-9101.php → 200
2026-05-30 21:13:51,426 | INFO |       📱 verykool s5702 Royale Quattro | Main=13.0MP | Selfie=5.0MP | AnTuTu=None | Price=$None | IP=None | Populated=41/68 fields
2026-05-30 21:13:51,433 | INFO |   💾 [1/175] saved
2026-05-30 21:13:51,433 | INFO | 
  [2/175]
2026-05-30 21:13:51,433 | INFO |   ⏳ 35.2s (req #34)
2026-05-30 21:14:27,554 | INFO |   GET https://www.gsmarena.com/verykool_s5037_apollo_quattro-9100.php → 200
2026-05-30 21:14:27,582 | INFO |       📱 verykool s5037 Apollo Quattro | Main=13.0MP | Selfie=5.0MP | AnTuTu=None | Price=$None | IP=None | Populated=41/68 fields
2026-05-30 21:14:27,587 | INFO |   💾 [2/175] saved
2026-05-30 21:14:27,588 | INFO | 
  [3/175]
2026-05-30 21:14:27,588 | INFO |   ⏳ 17.6s (req #35)
2026-05-30 21:14:46,518 | INFO |   GET https://www.gsmarena.com/verykool_s5036_apollo-9099.php → 200
2026-05-30 21:14:46,555 | INFO |       📱 verykool s5036 Apollo | Main=8.0MP | Selfie=5.0MP | AnTuTu=None | Price=$None | IP=None | Populated=41/68 fields
2026-05-30 21:14:46,561 | INFO |   💾 [3/175] saved
2026-05-30 21:14:46,561 | INFO | 
  [4/175]
2026-05-30 21:14:46,561 | INFO |   ⏳ 34.9s (req #36)
2026-05-30 21:15:22,960 | INFO |   GET https://www.gsmarena.com/verykool_s5200_orion-8988.php → 200
2026-05-30 21:15:22,987 | INFO |       📱 verykool s5200 Orion | Main=8.0MP | Selfie=5.0MP | AnTuTu=None | Price=$None | IP=None | Populated=40/68 fields
2026-05-30 21:15:22,991 | INFO |   💾 [4/175] saved
2026-05-30 21:15:22,992 | INFO | 
  [5/175]
2026-05-30 21:15:22,992 | INFO |   ⏳ 41.7s (req #37)
2026-05-30 21:16:06,110 | INFO |   GET https://www.gsmarena.com/verykool_s5031_bolt_turbo-8955.php → 200
2026-05-30 21:16:06,138 | INFO |       📱 verykool s5031 Bolt Turbo | Main=8.0MP | Selfie=8.0MP | AnTuTu=None | Price=$None | IP=None | Populated=40/68 fields
2026-05-30 21:16:06,143 | INFO |   💾 [5/175] saved
2026-05-30 21:16:06,144 | INFO | 
  [6/175]
2026-05-30 21:16:06,144 | INFO |   ⏳ 30.5s (req #38)
2026-05-30 21:16:37,822 | INFO |   GET https://www.gsmarena.com/verykool_sl5029_bolt_pro_lte-8940.php → 200
2026-05-30 21:16:37,837 | INFO |       📱 verykool sl5029 Bolt Pro LTE | Main=8.0MP | Selfie=5.0MP | AnTuTu=None | Price=$None | IP=None | Populated=41/68 fields
2026-05-30 21:16:37,841 | INFO |   💾 [6/175] saved
2026-05-30 21:16:37,841 | INFO | 
  [7/175]
2026-05-30 21:16:37,841 | INFO |   ⏳ 20.5s (req #39)
2026-05-30 21:16:59,312 | INFO |   GET https://www.gsmarena.com/verykool_s5029_bolt_pro-8935.php → 200
2026-05-30 21:16:59,338 | INFO |       📱 verykool s5029 Bolt Pro | Main=8.0MP | Selfie=5.0MP | AnTuTu=None | Price=$None | IP=None | Populated=40/68 fields
2026-05-30 21:16:59,342 | INFO |   💾 [7/175] saved
2026-05-30 21:16:59,342 | INFO | 
  [8/175]
2026-05-30 21:16:59,342 | INFO |   ⏳ 32.8s (req #40)
2026-05-30 21:17:33,369 | INFO |   GET https://www.gsmarena.com/verykool_s5205_orion_pro-8934.php → 200
2026-05-30 21:17:33,395 | INFO |       📱 verykool s5205 Orion Pro | Main=8.0MP | Selfie=8.0MP | AnTuTu=None | Price=$None | IP=None | Populated=40/68 fields
2026-05-30 21:17:33,400 | INFO |   💾 [8/175] saved
2026-05-30 21:17:33,400 | INFO | 
  [9/175]
2026-05-30 21:17:33,400 | INFO |   ⏳ 26.6s (req #41)
2026-05-30 21:18:01,087 | INFO |   GET https://www.gsmarena.com/verykool_s6005x_cyprus_pro-8933.php → 200
2026-05-30 21:18:01,124 | INFO |       📱 verykool s6005X Cyprus Pro | Main=13.0MP | Selfie=8.0MP | AnTuTu=None | Price=$None | IP=None | Populated=40/68 fields
2026-05-30 21:18:01,128 | INFO |   💾 [9/175] saved
2026-05-30 21:18:01,128 | INFO | 
  [10/175]
2026-05-30 21:18:01,129 | INFO |   ⏳ 43.2s (req #42)
2026-05-30 21:18:45,400 | INFO |   GET https://www.gsmarena.com/verykool_s5527_alpha_pro-8828.php → 200
2026-05-30 21:18:45,426 | INFO |       📱 verykool s5527 Alpha Pro | Main=13.0MP | Selfie=8.0MP | AnTuTu=None | Price=$None | IP=None | Populated=41/68 fields
2026-05-30 21:18:45,431 | INFO |   💾 [10/175] saved
2026-05-30 21:18:45,431 | INFO | 
  [11/175]
2026-05-30 21:18:45,431 | INFO |   ⏳ 31.7s (req #43)
2026-05-30 21:19:18,297 | INFO |   GET https://www.gsmarena.com/verykool_s5528_cosmo-8827.php → 200
2026-05-30 21:19:18,322 | INFO |       📱 verykool s5528 Cosmo | Main=8.0MP | Selfie=5.0MP | AnTuTu=None | Price=$None | IP=None | Populated=41/68 fields
2026-05-30 21:19:18,327 | INFO |   💾 [11/175] saved
2026-05-30 21:19:18,327 | INFO | 
  [12/175]
2026-05-30 21:19:18,328 | INFO |   ⏳ 33.7s (req #44)
2026-05-30 21:19:56,123 | INFO |   GET https://www.gsmarena.com/verykool_sl5565_rocket-8800.php → 200
2026-05-30 21:19:56,152 | INFO |       📱 verykool SL5565 Rocket | Main=13.0MP | Selfie=8.0MP | AnTuTu=None | Price=$None | IP=None | Populated=42/68 fields
2026-05-30 21:19:56,156 | INFO |   💾 [12/175] saved
2026-05-30 21:19:56,156 | INFO | 
  [13/175]
2026-05-30 21:19:56,156 | INFO |   ⏳ 33.3s (req #45)
2026-05-30 21:20:30,977 | INFO |   GET https://www.gsmarena.com/verykool_t7445-8730.php → 200
2026-05-30 21:20:31,003 | INFO |       📱 verykool T7445 | Main=5.0MP | Selfie=2.0MP | AnTuTu=None | Price=$None | IP=None | Populated=41/68 fields
2026-05-30 21:20:31,009 | INFO |   💾 [13/175] saved
2026-05-30 21:20:31,009 | INFO | 
  [14/175]
2026-05-30 21:20:31,009 | INFO |   ⏳ 22.5s (req #46)
2026-05-30 21:20:55,253 | INFO |   GET https://www.gsmarena.com/verykool_s4009_crystal-8729.php → 200
2026-05-30 21:20:55,278 | INFO |       📱 verykool s4009 Crystal | Main=5.0MP | Selfie=2.0MP | AnTuTu=None | Price=$None | IP=None | Populated=37/68 fields
2026-05-30 21:20:55,283 | INFO |   💾 [14/175] saved
2026-05-30 21:20:55,283 | INFO | 
  [15/175]
2026-05-30 21:20:55,283 | INFO |   ⏳ 41.3s (req #47)
2026-05-30 21:21:38,010 | INFO |   GET https://www.gsmarena.com/verykool_s5526_alpha-8690.php → 200
2026-05-30 21:21:38,036 | INFO |       📱 verykool s5526 Alpha | Main=8.0MP | Selfie=5.0MP | AnTuTu=None | Price=$None | IP=None | Populated=41/68 fields
2026-05-30 21:21:38,040 | INFO |   💾 [15/175] saved
2026-05-30 21:21:38,040 | INFO | 
  [16/175]
2026-05-30 21:21:38,041 | INFO |   ⏳ 21.6s (req #48)
2026-05-30 21:22:02,580 | INFO |   GET https://www.gsmarena.com/verykool_s5034_spear_jr_-8691.php → 200
2026-05-30 21:22:02,612 | INFO |       📱 verykool s5034 Spear Jr. | Main=8.0MP | Selfie=5.0MP | AnTuTu=None | Price=$None | IP=None | Populated=42/68 fields
2026-05-30 21:22:02,617 | INFO |   💾 [16/175] saved
2026-05-30 21:22:02,617 | INFO | 
  [17/175]
2026-05-30 21:22:02,617 | INFO |   ⏳ 35.6s (req #49)
2026-05-30 21:22:39,936 | INFO |   GET https://www.gsmarena.com/verykool_s5035_spear-8657.php → 200
2026-05-30 21:22:39,969 | INFO |       📱 verykool s5035 Spear | Main=8.0MP | Selfie=8.0MP | AnTuTu=None | Price=$None | IP=None | Populated=41/68 fields
2026-05-30 21:22:39,973 | INFO |   💾 [17/175] saved
2026-05-30 21:22:39,974 | INFO | 
  [18/175]
2026-05-30 21:22:39,974 | INFO |   ⏳ 21.9s (req #50)
2026-05-30 21:23:03,506 | INFO |   GET https://www.gsmarena.com/verykool_s5028_bolt-8656.php → 200
2026-05-30 21:23:03,529 | INFO |       📱 verykool s5028 Bolt | Main=8.0MP | Selfie=2.0MP | AnTuTu=None | Price=$None | IP=None | Populated=38/68 fields
2026-05-30 21:23:03,534 | INFO |   💾 [18/175] saved
2026-05-30 21:23:03,534 | INFO | 
  [19/175]
2026-05-30 21:23:03,534 | INFO |   ⏳ 40.5s (req #51)
2026-05-30 21:23:45,304 | INFO |   GET https://www.gsmarena.com/verykool_s5027_bolt_pro-8655.php → 200
2026-05-30 21:23:45,325 | INFO |       📱 verykool s5027 Bolt Pro | Main=8.0MP | Selfie=8.0MP | AnTuTu=None | Price=$None | IP=None | Populated=38/68 fields
2026-05-30 21:23:45,329 | INFO |   💾 [19/175] saved
2026-05-30 21:23:45,329 | INFO | 
  [20/175]
2026-05-30 21:23:45,329 | INFO |   ⏳ 20.4s (req #52)
2026-05-30 21:24:07,042 | INFO |   GET https://www.gsmarena.com/verykool_s5007_lotus_plus-8654.php → 200
2026-05-30 21:24:07,062 | INFO |       📱 verykool s5007 Lotus Plus | Main=8.0MP | Selfie=5.0MP | AnTuTu=None | Price=$None | IP=None | Populated=39/68 fields
2026-05-30 21:24:07,066 | INFO |   💾 [20/175] saved
2026-05-30 21:24:07,066 | INFO | 
  [21/175]
2026-05-30 21:24:07,067 | INFO |   ⏳ 42.1s (req #53)
2026-05-30 21:24:50,158 | INFO |   GET https://www.gsmarena.com/verykool_s4513_luna_ii-8626.php → 200
2026-05-30 21:24:50,179 | INFO |       📱 verykool s4513 Luna II | Main=5.0MP | Selfie=2.0MP | AnTuTu=None | Price=$None | IP=None | Populated=36/68 fields
2026-05-30 21:24:50,184 | INFO |   💾 [21/175] saved
2026-05-30 21:24:50,184 | INFO | 
  [22/175]
2026-05-30 21:24:50,184 | INFO |   ⏳ 38.5s (req #54)
2026-05-30 21:25:29,925 | INFO |   GET https://www.gsmarena.com/verykool_sl5560_maverick_pro-8566.php → 200
2026-05-30 21:25:29,952 | INFO |       📱 verykool SL5560 Maverick Pro | Main=13.0MP | Selfie=8.0MP | AnTuTu=None | Price=$None | IP=None | Populated=42/68 fields
2026-05-30 21:25:29,957 | INFO |   💾 [22/175] saved
2026-05-30 21:25:29,957 | INFO | 
  [23/175]
2026-05-30 21:25:29,957 | INFO |   ⏳ 41.1s (req #55)
2026-05-30 21:26:12,308 | INFO |   GET https://www.gsmarena.com/verykool_s5021_wave_pro-8563.php → 200
2026-05-30 21:26:12,349 | INFO |       📱 verykool s5021 Wave Pro | Main=8.0MP | Selfie=5.0MP | AnTuTu=None | Price=$None | IP=None | Populated=37/68 fields
2026-05-30 21:26:12,353 | INFO |   💾 [23/175] saved
2026-05-30 21:26:12,353 | INFO | 
  [24/175]
2026-05-30 21:26:12,354 | INFO |   ⏳ 41.7s (req #56)
2026-05-30 21:26:55,267 | INFO |   GET https://www.gsmarena.com/verykool_s5019_wave-8564.php → 200
2026-05-30 21:26:55,287 | INFO |       📱 verykool s5019 Wave | Main=5.0MP | Selfie=2.0MP | AnTuTu=None | Price=$None | IP=None | Populated=37/68 fields
2026-05-30 21:26:55,291 | INFO |   💾 [24/175] saved
2026-05-30 21:26:55,291 | INFO | 
  [25/175]
2026-05-30 21:26:55,292 | INFO |   ⏳ 33.6s (req #57)
2026-05-30 21:27:30,544 | INFO |   GET https://www.gsmarena.com/verykool_s4008_leo_v-8478.php → 200
2026-05-30 21:27:30,566 | INFO |       📱 verykool s4008 Leo V | Main=5.0MP | Selfie=2.0MP | AnTuTu=None | Price=$None | IP=None | Populated=37/68 fields
2026-05-30 21:27:30,570 | INFO |   💾 [25/175] saved
2026-05-30 21:27:30,570 | INFO | 
  [26/175]
2026-05-30 21:27:30,570 | INFO |   ⏳ 42.9s (req #58)
2026-05-30 21:28:14,488 | INFO |   GET https://www.gsmarena.com/verykool_sl5200_eclipse-8442.php → 200
2026-05-30 21:28:14,510 | INFO |       📱 verykool Sl5200 Eclipse | Main=16.0MP | Selfie=8.0MP | AnTuTu=None | Price=$None | IP=None | Populated=41/68 fields
2026-05-30 21:28:14,515 | INFO |   💾 [26/175] saved
2026-05-30 21:28:14,515 | INFO | 
  [27/175]
2026-05-30 21:28:14,515 | INFO |   ⏳ 16.1s (req #59)
2026-05-30 21:28:32,013 | INFO |   GET https://www.gsmarena.com/verykool_sl5050_phantom-8418.php → 200
2026-05-30 21:28:32,037 | INFO |       📱 verykool sl5050 Phantom | Main=16.0MP | Selfie=8.0MP | AnTuTu=None | Price=$None | IP=None | Populated=42/68 fields
2026-05-30 21:28:32,042 | INFO |   💾 [27/175] saved
2026-05-30 21:28:32,042 | INFO | 
  [28/175]
2026-05-30 21:28:32,043 | INFO |   ☕ Long pause 276s ...
2026-05-30 21:33:09,181 | INFO |   GET https://www.gsmarena.com/verykool_s6004_cyprus_jr_-8363.php → 200
2026-05-30 21:33:09,201 | INFO |       📱 verykool s6004 Cyprus Jr. | Main=8.0MP | Selfie=5.0MP | AnTuTu=None | Price=$None | IP=None | Populated=40/68 fields
2026-05-30 21:33:09,207 | INFO |   💾 [28/175] saved
2026-05-30 21:33:09,207 | INFO | 
  [29/175]
2026-05-30 21:33:09,207 | INFO |   ⏳ 40.4s (req #61)
2026-05-30 21:33:50,862 | INFO |   GET https://www.gsmarena.com/verykool_s5524_maverick_iii_jr_-8362.php → 200
2026-05-30 21:33:50,890 | INFO |       📱 verykool s5524 Maverick III Jr. | Main=8.0MP | Selfie=5.0MP | AnTuTu=None | Price=$None | IP=None | Populated=40/68 fields
2026-05-30 21:33:50,927 | INFO |   💾 [29/175] saved
2026-05-30 21:33:50,927 | INFO | 
  [30/175]
2026-05-30 21:33:50,927 | INFO |   ⏳ 27.3s (req #62)
2026-05-30 21:34:19,513 | INFO |   GET https://www.gsmarena.com/verykool_s5525_maverick_iii-8361.php → 200
2026-05-30 21:34:19,535 | INFO |       📱 verykool s5525 Maverick III | Main=13.0MP | Selfie=8.0MP | AnTuTu=None | Price=$None | IP=None | Populated=41/68 fields
2026-05-30 21:34:19,558 | INFO |   💾 [30/175] saved
2026-05-30 21:34:19,558 | INFO | 
  [31/175]
2026-05-30 21:34:19,558 | INFO |   ⏳ 38.2s (req #63)
2026-05-30 21:34:59,185 | INFO |   GET https://www.gsmarena.com/verykool_kolorpad_lte_tl8010-8215.php → 200
2026-05-30 21:34:59,206 | INFO |       📱 verykool Kolorpad LTE TL8010 | Main=8.0MP | Selfie=5.0MP | AnTuTu=None | Price=$None | IP=None | Populated=39/68 fields
2026-05-30 21:34:59,211 | INFO |   💾 [31/175] saved
2026-05-30 21:34:59,211 | INFO | 
  [32/175]
2026-05-30 21:34:59,211 | INFO |   ⏳ 44.0s (req #64)
2026-05-30 21:35:44,721 | INFO |   GET https://www.gsmarena.com/verykool_s4007_leo_iv-8214.php → 200
2026-05-30 21:35:44,742 | INFO |       📱 verykool s4007 Leo IV | Main=5.0MP | Selfie=2.0MP | AnTuTu=None | Price=$None | IP=None | Populated=38/68 fields
2026-05-30 21:35:44,747 | INFO |   💾 [32/175] saved
2026-05-30 21:35:44,747 | INFO | 
  [33/175]
2026-05-30 21:35:44,748 | INFO |   ⏳ 21.6s (req #65)
2026-05-30 21:36:07,923 | INFO |   GET https://www.gsmarena.com/verykool_s6005_cyprus_ii-8213.php → 200
2026-05-30 21:36:07,945 | INFO |       📱 verykool s6005 Cyprus II | Main=13.0MP | Selfie=8.0MP | AnTuTu=None | Price=$None | IP=None | Populated=41/68 fields
2026-05-30 21:36:07,949 | INFO |   💾 [33/175] saved
2026-05-30 21:36:07,950 | INFO | 
  [34/175]
2026-05-30 21:36:07,950 | INFO |   ⏳ 39.7s (req #66)
2026-05-30 21:36:49,118 | INFO |   GET https://www.gsmarena.com/verykool_s5530_maverick_ii-8173.php → 200
2026-05-30 21:36:49,139 | INFO |       📱 verykool s5530 Maverick II | Main=13.0MP | Selfie=5.0MP | AnTuTu=None | Price=$None | IP=None | Populated=42/68 fields
2026-05-30 21:36:49,144 | INFO |   💾 [34/175] saved
2026-05-30 21:36:49,145 | INFO | 
  [35/175]
2026-05-30 21:36:49,146 | INFO |   ⏳ 37.9s (req #67)
2026-05-30 21:37:28,317 | INFO |   GET https://www.gsmarena.com/verykool_s5030_helix_ii-8172.php → 200
2026-05-30 21:37:28,337 | INFO |       📱 verykool s5030 Helix II | Main=8.0MP | Selfie=5.0MP | AnTuTu=None | Price=$None | IP=None | Populated=41/68 fields
2026-05-30 21:37:28,341 | INFO |   💾 [35/175] saved
2026-05-30 21:37:28,341 | INFO | 
  [36/175]
2026-05-30 21:37:28,342 | INFO |   ⏳ 36.2s (req #68)
2026-05-30 21:38:05,573 | INFO |   GET https://www.gsmarena.com/verykool_sl5011_spark_lte-7921.php → 200
2026-05-30 21:38:05,601 | INFO |       📱 verykool SL5011 Spark LTE | Main=13.0MP | Selfie=8.0MP | AnTuTu=None | Price=$None | IP=None | Populated=44/68 fields
2026-05-30 21:38:05,606 | INFO |   💾 [36/175] saved
2026-05-30 21:38:05,607 | INFO | 
  [37/175]
2026-05-30 21:38:05,607 | INFO |   ⏳ 37.8s (req #69)
2026-05-30 21:38:44,657 | INFO |   GET https://www.gsmarena.com/verykool_sl6010_cyprus_lte-7890.php → 200
2026-05-30 21:38:44,680 | INFO |       📱 verykool SL6010 Cyprus LTE | Main=13.0MP | Selfie=8.0MP | AnTuTu=None | Price=$None | IP=None | Populated=44/68 fields
2026-05-30 21:38:44,684 | INFO |   💾 [37/175] saved
2026-05-30 21:38:44,685 | INFO | 
  [38/175]
2026-05-30 21:38:44,685 | INFO |   ⏳ 34.4s (req #70)
2026-05-30 21:39:20,613 | INFO |   GET https://www.gsmarena.com/verykool_s5025_helix-7834.php → 200
2026-05-30 21:39:20,638 | INFO |       📱 verykool s5025 Helix | Main=13.0MP | Selfie=5.0MP | AnTuTu=None | Price=$None | IP=None | Populated=40/68 fields
2026-05-30 21:39:20,642 | INFO |   💾 [38/175] saved
2026-05-30 21:39:20,642 | INFO | 
  [39/175]
2026-05-30 21:39:20,642 | INFO |   ⏳ 43.8s (req #71)
2026-05-30 21:40:05,743 | INFO |   GET https://www.gsmarena.com/verykool_s5020_giant-7833.php → 200
2026-05-30 21:40:05,764 | INFO |       📱 verykool s5020 Giant | Main=8.0MP | Selfie=5.0MP | AnTuTu=None | Price=$None | IP=None | Populated=40/68 fields
2026-05-30 21:40:05,769 | INFO |   💾 [39/175] saved
2026-05-30 21:40:05,770 | INFO | 
  [40/175]
2026-05-30 21:40:05,770 | INFO |   ⏳ 15.3s (req #72)
2026-05-30 21:40:22,273 | INFO |   GET https://www.gsmarena.com/verykool_s5001_lotus-7835.php → 200
2026-05-30 21:40:22,296 | INFO |       📱 verykool s5001 Lotus | Main=5.0MP | Selfie=1.3MP | AnTuTu=None | Price=$None | IP=None | Populated=37/68 fields
2026-05-30 21:40:22,301 | INFO |   💾 [40/175] saved
2026-05-30 21:40:22,302 | INFO | 
  [41/175]
2026-05-30 21:40:22,302 | INFO |   ⏳ 40.9s (req #73)
2026-05-30 21:41:04,547 | INFO |   GET https://www.gsmarena.com/verykool_sl4502_fusion_ii-7825.php → 200
2026-05-30 21:41:04,568 | INFO |       📱 verykool SL4502 Fusion II | Main=8.0MP | Selfie=5.0MP | AnTuTu=None | Price=$None | IP=None | Populated=40/68 fields
2026-05-30 21:41:04,573 | INFO |   💾 [41/175] saved
2026-05-30 21:41:04,573 | INFO | 
  [42/175]
2026-05-30 21:41:04,573 | INFO |   ⏳ 41.3s (req #74)
2026-05-30 21:41:47,027 | INFO |   GET https://www.gsmarena.com/verykool_sl5550_maverick_lte-7824.php → 200
2026-05-30 21:41:47,059 | INFO |       📱 verykool SL5550 Maverick LTE | Main=13.0MP | Selfie=8.0MP | AnTuTu=None | Price=$None | IP=None | Populated=41/68 fields
2026-05-30 21:41:47,064 | INFO |   💾 [42/175] saved
2026-05-30 21:41:47,064 | INFO | 
  [43/175]
2026-05-30 21:41:47,064 | INFO |   ⏳ 15.0s (req #75)
2026-05-30 21:42:04,070 | INFO |   GET https://www.gsmarena.com/verykool_s5518q_maverick-7746.php → 200
2026-05-30 21:42:04,092 | INFO |       📱 verykool s5518Q Maverick | Main=8.0MP | Selfie=5.0MP | AnTuTu=None | Price=$None | IP=None | Populated=41/68 fields
2026-05-30 21:42:04,096 | INFO |   💾 [43/175] saved
2026-05-30 21:42:04,096 | INFO | 
  [44/175]
2026-05-30 21:42:04,096 | INFO |   ⏳ 23.6s (req #76)
2026-05-30 21:42:28,825 | INFO |   GET https://www.gsmarena.com/verykool_s5017q_dorado-7747.php → 200
2026-05-30 21:42:28,847 | INFO |       📱 verykool s5017Q Dorado | Main=8.0MP | Selfie=5.0MP | AnTuTu=None | Price=$None | IP=None | Populated=41/68 fields
2026-05-30 21:42:28,852 | INFO |   💾 [44/175] saved
2026-05-30 21:42:28,853 | INFO | 
  [45/175]
2026-05-30 21:42:28,853 | INFO |   ⏳ 26.7s (req #77)
2026-05-30 21:42:56,722 | INFO |   GET https://www.gsmarena.com/verykool_sl5009_jet-7628.php → 200
2026-05-30 21:42:56,747 | INFO |       📱 verykool sl5009 Jet | Main=8.0MP | Selfie=1.3MP | AnTuTu=None | Price=$None | IP=None | Populated=41/68 fields
2026-05-30 21:42:56,752 | INFO |   💾 [45/175] saved
2026-05-30 21:42:56,752 | INFO | 
  [46/175]
2026-05-30 21:42:56,752 | INFO |   ⏳ 32.0s (req #78)
2026-05-30 21:43:30,182 | INFO |   GET https://www.gsmarena.com/verykool_r28_denali-7488.php → 200
2026-05-30 21:43:30,204 | INFO |       📱 verykool R28 Denali | Main=5.0MP | Selfie=NoneMP | AnTuTu=None | Price=$None | IP=IP67 | Populated=27/68 fields
2026-05-30 21:43:30,210 | INFO |   💾 [46/175] saved
2026-05-30 21:43:30,211 | INFO | 
  [47/175]
2026-05-30 21:43:30,211 | INFO |   ⏳ 20.3s (req #79)
2026-05-30 21:43:51,708 | INFO |   GET https://www.gsmarena.com/verykool_t7440_kolorpad_ii-7483.php → 200
2026-05-30 21:43:51,730 | INFO |       📱 verykool T7440 Kolorpad II | Main=5.0MP | Selfie=1.3MP | AnTuTu=None | Price=$None | IP=None | Populated=36/68 fields
2026-05-30 21:43:51,735 | INFO |   💾 [47/175] saved
2026-05-30 21:43:51,735 | INFO | 
  [48/175]
2026-05-30 21:43:51,736 | INFO |   ⏳ 16.3s (req #80)
2026-05-30 21:44:09,185 | INFO |   GET https://www.gsmarena.com/verykool_s5017_dorado-7482.php → 200
2026-05-30 21:44:09,207 | INFO |       📱 verykool s5017 Dorado | Main=8.0MP | Selfie=5.0MP | AnTuTu=None | Price=$None | IP=None | Populated=40/68 fields
2026-05-30 21:44:09,212 | INFO |   💾 [48/175] saved
2026-05-30 21:44:09,212 | INFO | 
  [49/175]
2026-05-30 21:44:09,212 | INFO |   ⏳ 38.2s (req #81)
2026-05-30 21:44:48,782 | INFO |   GET https://www.gsmarena.com/verykool_s3504_mystic_ii-7472.php → 200
2026-05-30 21:44:48,810 | INFO |       📱 verykool s3504 Mystic II | Main=5.0MP | Selfie=1.3MP | AnTuTu=None | Price=$None | IP=None | Populated=36/68 fields
2026-05-30 21:44:48,815 | INFO |   💾 [49/175] saved
2026-05-30 21:44:48,815 | INFO | 
  [50/175]
2026-05-30 21:44:48,815 | INFO |   ⏳ 17.5s (req #82)
2026-05-30 21:45:07,710 | INFO |   GET https://www.gsmarena.com/verykool_s5518_maverick-7445.php → 200
2026-05-30 21:45:07,733 | INFO |       📱 verykool s5518 Maverick | Main=8.0MP | Selfie=5.0MP | AnTuTu=None | Price=$None | IP=None | Populated=41/68 fields
2026-05-30 21:45:07,737 | INFO |   💾 [50/175] saved
2026-05-30 21:45:07,738 | INFO |   [51/175] SKIP vivo_s60_vitality_5g-14693.php
2026-05-30 21:45:07,738 | INFO |   [52/175] SKIP vivo_s60_5g-14692.php
2026-05-30 21:45:07,739 | INFO |   [53/175] SKIP vivo_t5-14697.php
2026-05-30 21:45:07,739 | INFO |   [54/175] SKIP zte_nubia_redmagic_11s_pro_5g-14669.php
2026-05-30 21:45:07,739 | INFO |   [55/175] SKIP ulefone_tab_a12_pro-14695.php
2026-05-30 21:45:07,739 | INFO |   [56/175] SKIP xiaomi_17_max_5g-14667.php
2026-05-30 21:45:07,739 | INFO |   [57/175] SKIP vivo_y600_turbo_5g-14687.php
2026-05-30 21:45:07,740 | INFO |   [58/175] SKIP ulefone_armor_mini_5-14694.php
2026-05-30 21:45:07,740 | INFO |   [59/175] SKIP honor_600e_5g-14688.php
2026-05-30 21:45:07,740 | INFO |   [60/175] SKIP xiaomi_17t_pro_5g-14651.php
2026-05-30 21:45:07,740 | INFO |   [61/175] SKIP xiaomi_17t_5g-14652.php
2026-05-30 21:45:07,741 | INFO |   [62/175] SKIP xiaomi_watch_s5-14696.php
2026-05-30 21:45:07,741 | INFO |   [63/175] SKIP realme_16t_5g-14674.php
2026-05-30 21:45:07,741 | INFO |   [64/175] SKIP honor_600_5g-14605.php
2026-05-30 21:45:07,741 | INFO |   [65/175] SKIP sony_xperia_1_viii_5g-14660.php
2026-05-30 21:45:07,741 | INFO |   [66/175] SKIP honor_600_pro_5g-14604.php
2026-05-30 21:45:07,742 | INFO |   [67/175] SKIP motorola_moto_g87_5g-14644.php
2026-05-30 21:45:07,742 | INFO |   [68/175] SKIP motorola_moto_g47-14645.php
2026-05-30 21:45:07,742 | INFO |   [69/175] SKIP xiaomi_17t_pro-14651.php
2026-05-30 21:45:07,742 | INFO |   [70/175] SKIP samsung_galaxy_a57-14379.php
2026-05-30 21:45:07,742 | INFO |   [71/175] SKIP xiaomi_17t-14652.php
2026-05-30 21:45:07,743 | INFO |   [72/175] SKIP samsung_galaxy_s26_ultra-14320.php
2026-05-30 21:45:07,743 | INFO |   [73/175] SKIP xiaomi_17_max-14667.php
2026-05-30 21:45:07,743 | INFO |   [74/175] SKIP samsung_galaxy_a17-14041.php
2026-05-30 21:45:07,743 | INFO |   [75/175] SKIP apple_iphone_17_pro_max-13964.php
2026-05-30 21:45:07,743 | INFO |   [76/175] SKIP xiaomi_redmi_note_15-14328.php
2026-05-30 21:45:07,743 | INFO |   [77/175] SKIP sony_xperia_1_viii-14660.php
2026-05-30 21:45:07,743 | INFO |   [78/175] SKIP honor_600_pro-14604.php
2026-05-30 21:45:07,744 | INFO |   [79/175] SKIP samsung_galaxy_a56-13603.php
2026-05-30 21:45:07,744 | INFO |   [80/175] SKIP xiaomi_15_ultra-13657.php
2026-05-30 21:45:07,744 | INFO |   [81/175] SKIP xiaomi_poco_x7_pro-13582.php
2026-05-30 21:45:07,744 | INFO |   [82/175] SKIP xiaomi_17_pro_max-14181.php
2026-05-30 21:45:07,744 | INFO |   [83/175] SKIP oneplus_15-14206.php
2026-05-30 21:45:07,744 | INFO |   [84/175] SKIP samsung_galaxy_s25-13610.php
2026-05-30 21:45:07,746 | INFO |   [85/175] SKIP xiaomi_17_ultra-14380.php
2026-05-30 21:45:07,746 | INFO |   [86/175] SKIP oppo_find_x9_pro-14094.php
2026-05-30 21:45:07,746 | INFO | 
  [87/175]
2026-05-30 21:45:07,747 | INFO |   ⏳ 32.2s (req #83)
2026-05-30 21:45:41,305 | INFO |   GET https://www.gsmarena.com/verykool_s5012_orbit-7152.php → 200
2026-05-30 21:45:41,325 | INFO |       📱 verykool s5012 Orbit | Main=8.0MP | Selfie=1.3MP | AnTuTu=None | Price=$None | IP=None | Populated=38/68 fields
2026-05-30 21:45:41,330 | INFO |   💾 [51/175] saved
2026-05-30 21:45:41,330 | INFO | 
  [88/175]
2026-05-30 21:45:41,331 | INFO |   ⏳ 44.9s (req #84)
2026-05-30 21:46:27,188 | INFO |   GET https://www.gsmarena.com/verykool_sl4500_fusion-7151.php → 200
2026-05-30 21:46:27,209 | INFO |       📱 verykool SL4500 Fusion | Main=8.0MP | Selfie=1.3MP | AnTuTu=None | Price=$None | IP=None | Populated=41/68 fields
2026-05-30 21:46:27,214 | INFO |   💾 [52/175] saved
2026-05-30 21:46:27,215 | INFO | 
  [89/175]
2026-05-30 21:46:27,215 | INFO |   ⏳ 33.6s (req #85)
2026-05-30 21:47:02,167 | INFO |   GET https://www.gsmarena.com/verykool_i330_sunray-7150.php → 200
2026-05-30 21:47:02,191 | INFO |       📱 verykool i330 Sunray | Main=1.3MP | Selfie=NoneMP | AnTuTu=None | Price=$None | IP=None | Populated=28/68 fields
2026-05-30 21:47:02,196 | INFO |   💾 [53/175] saved
2026-05-30 21:47:02,196 | INFO | 
  [90/175]
2026-05-30 21:47:02,196 | INFO |   ⏳ 28.6s (req #86)
2026-05-30 21:47:31,821 | INFO |   GET https://www.gsmarena.com/verykool_s4510_luna-7117.php → 200
2026-05-30 21:47:31,873 | INFO |       📱 verykool s4510 Luna | Main=5.0MP | Selfie=NoneMP | AnTuTu=None | Price=$None | IP=None | Populated=36/68 fields
2026-05-30 21:47:31,882 | INFO |   💾 [54/175] saved
2026-05-30 21:47:31,882 | INFO | 
  [91/175]
2026-05-30 21:47:31,883 | INFO |   ⏳ 33.0s (req #87)
2026-05-30 21:48:06,535 | INFO |   GET https://www.gsmarena.com/verykool_s5014_atlas-7108.php → 200
2026-05-30 21:48:06,622 | INFO |       📱 verykool s5014 Atlas | Main=8.0MP | Selfie=2.0MP | AnTuTu=None | Price=$None | IP=None | Populated=40/68 fields
2026-05-30 21:48:06,626 | INFO |   💾 [55/175] saved
2026-05-30 21:48:06,626 | INFO | 
  [92/175]
2026-05-30 21:48:06,627 | INFO |   ⏳ 28.3s (req #88)
2026-05-30 21:48:36,135 | INFO |   GET https://www.gsmarena.com/verykool_s6001_cyprus-7036.php → 200
2026-05-30 21:48:36,157 | INFO |       📱 verykool s6001 Cyprus | Main=13.0MP | Selfie=3.0MP | AnTuTu=None | Price=$None | IP=None | Populated=39/68 fields
2026-05-30 21:48:36,165 | INFO |   💾 [56/175] saved
2026-05-30 21:48:36,166 | INFO | 
  [93/175]
2026-05-30 21:48:36,166 | INFO |   ⏳ 36.6s (req #89)
2026-05-30 21:49:14,025 | INFO |   GET https://www.gsmarena.com/verykool_s5015_spark_ii-7035.php → 200
2026-05-30 21:49:14,051 | INFO |       📱 verykool s5015 Spark II | Main=8.0MP | Selfie=5.0MP | AnTuTu=None | Price=$None | IP=None | Populated=41/68 fields
2026-05-30 21:49:14,056 | INFO |   💾 [57/175] saved
2026-05-30 21:49:14,056 | INFO | 
  [94/175]
2026-05-30 21:49:14,056 | INFO |   ☕ Long pause 244s ...
2026-05-30 21:53:19,042 | INFO |   GET https://www.gsmarena.com/verykool_s4010_gazelle-6994.php → 200
2026-05-30 21:53:19,071 | INFO |       📱 verykool s4010 Gazelle | Main=8.0MP | Selfie=1.3MP | AnTuTu=None | Price=$None | IP=None | Populated=38/68 fields
2026-05-30 21:53:19,076 | INFO |   💾 [58/175] saved
2026-05-30 21:53:19,076 | INFO | 
  [95/175]
2026-05-30 21:53:19,076 | INFO |   ⏳ 31.7s (req #91)
2026-05-30 21:53:51,747 | INFO |   GET https://www.gsmarena.com/verykool_s4002_leo-6993.php → 200
2026-05-30 21:53:51,772 | INFO |       📱 verykool s4002 Leo | Main=5.0MP | Selfie=1.3MP | AnTuTu=None | Price=$None | IP=None | Populated=35/68 fields
2026-05-30 21:53:51,777 | INFO |   💾 [59/175] saved
2026-05-30 21:53:51,778 | INFO | 
  [96/175]
2026-05-30 21:53:51,779 | INFO |   ⏳ 40.3s (req #92)
2026-05-30 21:54:33,129 | INFO |   GET https://www.gsmarena.com/verykool_s3501_lynx-6786.php → 200
2026-05-30 21:54:33,157 | INFO |       📱 verykool s3501 Lynx | Main=2.0MP | Selfie=NoneMP | AnTuTu=None | Price=$None | IP=None | Populated=33/68 fields
2026-05-30 21:54:33,163 | INFO |   💾 [60/175] saved
2026-05-30 21:54:33,164 | INFO | 
  [97/175]
2026-05-30 21:54:33,164 | INFO |   ⏳ 42.8s (req #93)
2026-05-30 21:55:17,139 | INFO |   GET https://www.gsmarena.com/verykool_r27-6772.php → 200
2026-05-30 21:55:17,164 | INFO |       📱 verykool R27 | Main=2.0MP | Selfie=NoneMP | AnTuTu=None | Price=$None | IP=IP65 | Populated=28/68 fields
2026-05-30 21:55:17,176 | INFO |   💾 [61/175] saved
2026-05-30 21:55:17,176 | INFO | 
  [98/175]
2026-05-30 21:55:17,176 | INFO |   ⏳ 16.1s (req #94)
2026-05-30 21:55:34,656 | INFO |   GET https://www.gsmarena.com/verykool_s5511_juno_quatro-6760.php → 200
2026-05-30 21:55:34,694 | INFO |       📱 verykool s5511 Juno Quatro | Main=8.0MP | Selfie=2.0MP | AnTuTu=None | Price=$None | IP=None | Populated=38/68 fields
2026-05-30 21:55:34,700 | INFO |   💾 [62/175] saved
2026-05-30 21:55:34,700 | INFO | 
  [99/175]
2026-05-30 21:55:34,700 | INFO |   ⏳ 30.3s (req #95)
2026-05-30 21:56:06,545 | INFO |   GET https://www.gsmarena.com/verykool_s5510_juno-6759.php → 200
2026-05-30 21:56:06,575 | INFO |       📱 verykool s5510 Juno | Main=8.0MP | Selfie=1.3MP | AnTuTu=None | Price=$None | IP=None | Populated=36/68 fields
2026-05-30 21:56:06,580 | INFO |   💾 [63/175] saved
2026-05-30 21:56:06,581 | INFO | 
  [100/175]
2026-05-30 21:56:06,581 | INFO |   ⏳ 33.9s (req #96)
2026-05-30 21:56:41,888 | INFO |   GET https://www.gsmarena.com/verykool_s354-6740.php → 200
2026-05-30 21:56:41,918 | INFO |       📱 verykool s354 | Main=2.0MP | Selfie=NoneMP | AnTuTu=None | Price=$None | IP=None | Populated=36/68 fields
2026-05-30 21:56:41,923 | INFO |   💾 [64/175] saved
2026-05-30 21:56:41,923 | INFO | 
  [101/175]
2026-05-30 21:56:41,924 | INFO |   ⏳ 35.7s (req #97)
2026-05-30 21:57:18,752 | INFO |   GET https://www.gsmarena.com/verykool_sl5000_quantum-6671.php → 200
2026-05-30 21:57:18,782 | INFO |       📱 verykool SL5000 Quantum | Main=8.0MP | Selfie=2.0MP | AnTuTu=None | Price=$None | IP=None | Populated=37/68 fields
2026-05-30 21:57:18,788 | INFO |   💾 [65/175] saved
2026-05-30 21:57:18,788 | INFO | 
  [102/175]
2026-05-30 21:57:18,788 | INFO |   ⏳ 25.3s (req #98)
2026-05-30 21:57:45,178 | INFO |   GET https://www.gsmarena.com/verykool_s401-6443.php → 200
2026-05-30 21:57:45,200 | INFO |       📱 verykool s401 | Main=5.0MP | Selfie=NoneMP | AnTuTu=None | Price=$None | IP=None | Populated=31/68 fields
2026-05-30 21:57:45,205 | INFO |   💾 [66/175] saved
2026-05-30 21:57:45,206 | INFO | 
  [103/175]
2026-05-30 21:57:45,206 | INFO |   ⏳ 35.0s (req #99)
2026-05-30 21:58:21,385 | INFO |   GET https://www.gsmarena.com/verykool_s352-6442.php → 200
2026-05-30 21:58:21,411 | INFO |       📱 verykool s352 | Main=2.0MP | Selfie=NoneMP | AnTuTu=None | Price=$None | IP=None | Populated=27/68 fields
2026-05-30 21:58:21,416 | INFO |   💾 [67/175] saved
2026-05-30 21:58:21,418 | INFO | 
  [104/175]
2026-05-30 21:58:21,419 | INFO |   ⏳ 18.3s (req #100)
2026-05-30 21:58:40,884 | INFO |   GET https://www.gsmarena.com/verykool_s351-6441.php → 200
2026-05-30 21:58:40,935 | INFO |       📱 verykool s351 | Main=2.0MP | Selfie=NoneMP | AnTuTu=None | Price=$None | IP=None | Populated=26/68 fields
2026-05-30 21:58:40,939 | INFO |   💾 [68/175] saved
2026-05-30 21:58:40,939 | INFO | 
  [105/175]
2026-05-30 21:58:40,940 | INFO |   ⏳ 25.8s (req #101)
2026-05-30 21:59:07,963 | INFO |   GET https://www.gsmarena.com/verykool_i129-6440.php → 200
2026-05-30 21:59:07,988 | INFO |       📱 verykool i129 | Main=NoneMP | Selfie=NoneMP | AnTuTu=None | Price=$None | IP=None | Populated=22/68 fields
2026-05-30 21:59:07,993 | INFO |   💾 [69/175] saved
2026-05-30 21:59:07,994 | INFO | 
  [106/175]
2026-05-30 21:59:07,995 | INFO |   ⏳ 34.8s (req #102)
2026-05-30 21:59:44,080 | INFO |   GET https://www.gsmarena.com/verykool_s505-6400.php → 200
2026-05-30 21:59:44,106 | INFO |       📱 verykool s505 | Main=12.0MP | Selfie=2.0MP | AnTuTu=None | Price=$None | IP=None | Populated=35/68 fields
2026-05-30 21:59:44,111 | INFO |   💾 [70/175] saved
2026-05-30 21:59:44,112 | INFO | 
  [107/175]
2026-05-30 21:59:44,112 | INFO |   ⏳ 27.4s (req #103)
2026-05-30 22:00:12,628 | INFO |   GET https://www.gsmarena.com/verykool_s450-6401.php → 200
2026-05-30 22:00:12,649 | INFO |       📱 verykool s450 | Main=8.0MP | Selfie=NoneMP | AnTuTu=None | Price=$None | IP=None | Populated=31/68 fields
2026-05-30 22:00:12,655 | INFO |   💾 [71/175] saved
2026-05-30 22:00:12,656 | INFO | 
  [108/175]
2026-05-30 22:00:12,657 | INFO |   ⏳ 29.9s (req #104)
2026-05-30 22:00:43,750 | INFO |   GET https://www.gsmarena.com/verykool_t742-6040.php → 200
2026-05-30 22:00:43,770 | INFO |       📱 verykool T742 | Main=3.15MP | Selfie=NoneMP | AnTuTu=None | Price=$None | IP=None | Populated=33/68 fields
2026-05-30 22:00:43,776 | INFO |   💾 [72/175] saved
2026-05-30 22:00:43,776 | INFO | 
  [109/175]
2026-05-30 22:00:43,777 | INFO |   ⏳ 26.0s (req #105)
2026-05-30 22:01:11,238 | INFO |   GET https://www.gsmarena.com/verykool_s353-6016.php → 200
2026-05-30 22:01:11,263 | INFO |       📱 verykool s353 | Main=2.0MP | Selfie=NoneMP | AnTuTu=None | Price=$None | IP=None | Populated=28/68 fields
2026-05-30 22:01:11,270 | INFO |   💾 [73/175] saved
2026-05-30 22:01:11,271 | INFO | 
  [110/175]
2026-05-30 22:01:11,271 | INFO |   ⏳ 27.3s (req #106)
2026-05-30 22:01:39,733 | INFO |   GET https://www.gsmarena.com/verykool_r80l_granite_ii-5973.php → 200
2026-05-30 22:01:39,753 | INFO |       📱 verykool R80L Granite II | Main=2.0MP | Selfie=NoneMP | AnTuTu=None | Price=$None | IP=None | Populated=24/68 fields
2026-05-30 22:01:39,760 | INFO |   💾 [74/175] saved
2026-05-30 22:01:39,760 | INFO | 
  [111/175]
2026-05-30 22:01:39,761 | INFO |   ⏳ 21.6s (req #107)
2026-05-30 22:02:02,363 | INFO |   GET https://www.gsmarena.com/verykool_i240-5959.php → 200
2026-05-30 22:02:02,395 | INFO |       📱 verykool i240 | Main=NoneMP | Selfie=NoneMP | AnTuTu=None | Price=$None | IP=None | Populated=24/68 fields
2026-05-30 22:02:02,400 | INFO |   💾 [75/175] saved
2026-05-30 22:02:02,401 | INFO | 
  [112/175]
2026-05-30 22:02:02,402 | INFO |   ⏳ 20.2s (req #108)
2026-05-30 22:02:23,749 | INFO |   GET https://www.gsmarena.com/verykool_i603-5881.php → 200
2026-05-30 22:02:23,776 | INFO |       📱 verykool i603 | Main=NoneMP | Selfie=NoneMP | AnTuTu=None | Price=$None | IP=None | Populated=22/68 fields
2026-05-30 22:02:23,781 | INFO |   💾 [76/175] saved
2026-05-30 22:02:23,782 | INFO | 
  [113/175]
2026-05-30 22:02:23,782 | INFO |   ⏳ 42.4s (req #109)
2026-05-30 22:03:07,335 | INFO |   GET https://www.gsmarena.com/verykool_i128-5816.php → 200
2026-05-30 22:03:07,355 | INFO |       📱 verykool i128 | Main=NoneMP | Selfie=NoneMP | AnTuTu=None | Price=$None | IP=None | Populated=22/68 fields
2026-05-30 22:03:07,360 | INFO |   💾 [77/175] saved
2026-05-30 22:03:07,361 | INFO | 
  [114/175]
2026-05-30 22:03:07,361 | INFO |   ⏳ 17.6s (req #110)
2026-05-30 22:03:26,168 | INFO |   GET https://www.gsmarena.com/verykool_i133-5785.php → 200
2026-05-30 22:03:26,194 | INFO |       📱 verykool i133 | Main=NoneMP | Selfie=NoneMP | AnTuTu=None | Price=$None | IP=None | Populated=23/68 fields
2026-05-30 22:03:26,199 | INFO |   💾 [78/175] saved
2026-05-30 22:03:26,200 | INFO | 
  [115/175]
2026-05-30 22:03:26,200 | INFO |   ⏳ 31.0s (req #111)
2026-05-30 22:03:58,187 | INFO |   GET https://www.gsmarena.com/verykool_s400-5744.php → 200
2026-05-30 22:03:58,217 | INFO |       📱 verykool s400 | Main=5.0MP | Selfie=NoneMP | AnTuTu=None | Price=$None | IP=None | Populated=34/68 fields
2026-05-30 22:03:58,222 | INFO |   💾 [79/175] saved
2026-05-30 22:03:58,222 | INFO | 
  [116/175]
2026-05-30 22:03:58,223 | INFO |   ⏳ 17.4s (req #112)
2026-05-30 22:04:16,614 | INFO |   GET https://www.gsmarena.com/verykool_i127-5737.php → 200
2026-05-30 22:04:16,637 | INFO |       📱 verykool i127 | Main=NoneMP | Selfie=NoneMP | AnTuTu=None | Price=$None | IP=None | Populated=23/68 fields
2026-05-30 22:04:16,644 | INFO |   💾 [80/175] saved
2026-05-30 22:04:16,644 | INFO | 
  [117/175]
2026-05-30 22:04:16,644 | INFO |   ⏳ 43.0s (req #113)
2026-05-30 22:05:00,749 | INFO |   GET https://www.gsmarena.com/verykool_s470-5707.php → 200
2026-05-30 22:05:00,785 | INFO |       📱 verykool s470 | Main=8.0MP | Selfie=2.0MP | AnTuTu=None | Price=$None | IP=None | Populated=38/68 fields
2026-05-30 22:05:00,794 | INFO |   💾 [81/175] saved
2026-05-30 22:05:00,796 | INFO | 
  [118/175]
2026-05-30 22:05:00,798 | INFO |   ⏳ 40.6s (req #114)
2026-05-30 22:05:42,401 | INFO |   GET https://www.gsmarena.com/verykool_i316-5688.php → 200
2026-05-30 22:05:42,422 | INFO |       📱 verykool i316 | Main=NoneMP | Selfie=NoneMP | AnTuTu=None | Price=$None | IP=None | Populated=23/68 fields
2026-05-30 22:05:42,428 | INFO |   💾 [82/175] saved
2026-05-30 22:05:42,431 | INFO | 
  [119/175]
2026-05-30 22:05:42,432 | INFO |   ⏳ 26.1s (req #115)
2026-05-30 22:06:09,560 | INFO |   GET https://www.gsmarena.com/verykool_rs90-5606.php → 200
2026-05-30 22:06:09,589 | INFO |       📱 verykool RS90 | Main=5.0MP | Selfie=NoneMP | AnTuTu=None | Price=$None | IP=IP67 | Populated=34/68 fields
2026-05-30 22:06:09,594 | INFO |   💾 [83/175] saved
2026-05-30 22:06:09,595 | INFO | 
  [120/175]
2026-05-30 22:06:09,595 | INFO |   ⏳ 23.9s (req #116)
2026-05-30 22:06:34,626 | INFO |   GET https://www.gsmarena.com/verykool_i126-5484.php → 200
2026-05-30 22:06:34,648 | INFO |       📱 verykool i126 | Main=NoneMP | Selfie=NoneMP | AnTuTu=None | Price=$None | IP=None | Populated=22/68 fields
2026-05-30 22:06:34,654 | INFO |   💾 [84/175] saved
2026-05-30 22:06:34,655 | INFO | 
  [121/175]
2026-05-30 22:06:34,655 | INFO |   ⏳ 41.9s (req #117)
2026-05-30 22:07:17,642 | INFO |   GET https://www.gsmarena.com/verykool_rs75-5454.php → 200
2026-05-30 22:07:17,669 | INFO |       📱 verykool RS75 | Main=3.15MP | Selfie=NoneMP | AnTuTu=None | Price=$None | IP=IP67 | Populated=31/68 fields
2026-05-30 22:07:17,675 | INFO |   💾 [85/175] saved
2026-05-30 22:07:17,675 | INFO | 
  [122/175]
2026-05-30 22:07:17,675 | INFO |   ⏳ 37.6s (req #118)
2026-05-30 22:07:56,433 | INFO |   GET https://www.gsmarena.com/verykool_i607-5443.php → 200
2026-05-30 22:07:56,454 | INFO |       📱 verykool i607 | Main=2.0MP | Selfie=NoneMP | AnTuTu=None | Price=$None | IP=None | Populated=23/68 fields
2026-05-30 22:07:56,458 | INFO |   💾 [86/175] saved
2026-05-30 22:07:56,460 | INFO | 
  [123/175]
2026-05-30 22:07:56,460 | INFO |   ⏳ 42.4s (req #119)
2026-05-30 22:08:40,094 | INFO |   GET https://www.gsmarena.com/verykool_s732-5407.php → 200
2026-05-30 22:08:40,116 | INFO |       📱 verykool s732 | Main=2.0MP | Selfie=NoneMP | AnTuTu=None | Price=$None | IP=None | Populated=28/68 fields
2026-05-30 22:08:40,120 | INFO |   💾 [87/175] saved
2026-05-30 22:08:40,121 | INFO | 
  [124/175]
2026-05-30 22:08:40,121 | INFO |   ☕ Long pause 249s ...
2026-05-30 22:12:49,732 | INFO |   GET https://www.gsmarena.com/verykool_s758-5350.php → 200
2026-05-30 22:12:49,773 | INFO |       📱 verykool s758 | Main=5.0MP | Selfie=NoneMP | AnTuTu=None | Price=$None | IP=None | Populated=33/68 fields
2026-05-30 22:12:49,778 | INFO |   💾 [88/175] saved
2026-05-30 22:12:49,779 | INFO | 
  [125/175]
2026-05-30 22:12:49,779 | INFO |   ⏳ 35.0s (req #121)
2026-05-30 22:13:26,012 | INFO |   GET https://www.gsmarena.com/verykool_s350-5349.php → 200
2026-05-30 22:13:26,036 | INFO |       📱 verykool s350 | Main=2.0MP | Selfie=NoneMP | AnTuTu=None | Price=$None | IP=None | Populated=28/68 fields
2026-05-30 22:13:26,046 | INFO |   💾 [89/175] saved
2026-05-30 22:13:26,046 | INFO | 
  [126/175]
2026-05-30 22:13:26,046 | INFO |   ⏳ 25.0s (req #122)
2026-05-30 22:13:52,414 | INFO |   GET https://www.gsmarena.com/verykool_r623-5348.php → 200
2026-05-30 22:13:52,440 | INFO |       📱 verykool R623 | Main=2.0MP | Selfie=NoneMP | AnTuTu=None | Price=$None | IP=IP65 | Populated=26/68 fields
2026-05-30 22:13:52,445 | INFO |   💾 [90/175] saved
2026-05-30 22:13:52,448 | INFO | 
  [127/175]
2026-05-30 22:13:52,450 | INFO |   ⏳ 23.3s (req #123)
2026-05-30 22:14:17,103 | INFO |   GET https://www.gsmarena.com/verykool_i601-5347.php → 200
2026-05-30 22:14:17,128 | INFO |       📱 verykool i601 | Main=NoneMP | Selfie=NoneMP | AnTuTu=None | Price=$None | IP=None | Populated=21/68 fields
2026-05-30 22:14:17,134 | INFO |   💾 [91/175] saved
2026-05-30 22:14:17,135 | INFO | 
  [128/175]
2026-05-30 22:14:17,136 | INFO |   ⏳ 20.2s (req #124)
2026-05-30 22:14:38,581 | INFO |   GET https://www.gsmarena.com/verykool_i121c-5346.php → 200
2026-05-30 22:14:38,607 | INFO |       📱 verykool i121C | Main=NoneMP | Selfie=NoneMP | AnTuTu=None | Price=$None | IP=None | Populated=21/68 fields
2026-05-30 22:14:38,613 | INFO |   💾 [92/175] saved
2026-05-30 22:14:38,614 | INFO | 
  [129/175]
2026-05-30 22:14:38,614 | INFO |   ⏳ 40.1s (req #125)
2026-05-30 22:15:19,949 | INFO |   GET https://www.gsmarena.com/verykool_i121-5345.php → 200
2026-05-30 22:15:19,971 | INFO |       📱 verykool i121 | Main=NoneMP | Selfie=NoneMP | AnTuTu=None | Price=$None | IP=None | Populated=20/68 fields
2026-05-30 22:15:19,976 | INFO |   💾 [93/175] saved
2026-05-30 22:15:19,977 | INFO | 
  [130/175]
2026-05-30 22:15:19,977 | INFO |   ⏳ 27.9s (req #126)
2026-05-30 22:15:49,378 | INFO |   GET https://www.gsmarena.com/verykool_r25-5344.php → 200
2026-05-30 22:15:49,403 | INFO |       📱 verykool R25 | Main=2.0MP | Selfie=NoneMP | AnTuTu=None | Price=$None | IP=IP65 | Populated=25/68 fields
2026-05-30 22:15:49,409 | INFO |   💾 [94/175] saved
2026-05-30 22:15:49,409 | INFO | 
  [131/175]
2026-05-30 22:15:49,410 | INFO |   ⏳ 39.5s (req #127)
2026-05-30 22:16:30,021 | INFO |   GET https://www.gsmarena.com/verykool_s735-5143.php → 200
2026-05-30 22:16:30,102 | INFO |       📱 verykool s735 | Main=3.15MP | Selfie=NoneMP | AnTuTu=None | Price=$None | IP=None | Populated=29/68 fields
2026-05-30 22:16:30,106 | INFO |   💾 [95/175] saved
2026-05-30 22:16:30,107 | INFO | 
  [132/175]
2026-05-30 22:16:30,107 | INFO |   ⏳ 23.6s (req #128)
2026-05-30 22:16:54,919 | INFO |   GET https://www.gsmarena.com/verykool_s135-5126.php → 200
2026-05-30 22:16:54,943 | INFO |       📱 verykool s135 | Main=1.3MP | Selfie=NoneMP | AnTuTu=None | Price=$None | IP=None | Populated=24/68 fields
2026-05-30 22:16:54,950 | INFO |   💾 [96/175] saved
2026-05-30 22:16:54,951 | INFO | 
  [133/175]
2026-05-30 22:16:54,951 | INFO |   ⏳ 35.0s (req #129)
2026-05-30 22:17:31,030 | INFO |   GET https://www.gsmarena.com/verykool_i320-5107.php → 200
2026-05-30 22:17:31,067 | INFO |       📱 verykool i320 | Main=1.3MP | Selfie=NoneMP | AnTuTu=None | Price=$None | IP=None | Populated=24/68 fields
2026-05-30 22:17:31,074 | INFO |   💾 [97/175] saved
2026-05-30 22:17:31,074 | INFO | 
  [134/175]
2026-05-30 22:17:31,074 | INFO |   ⏳ 30.4s (req #130)
2026-05-30 22:18:02,848 | INFO |   GET https://www.gsmarena.com/verykool_i315n-5093.php → 200
2026-05-30 22:18:02,890 | INFO |       📱 verykool i315N | Main=NoneMP | Selfie=NoneMP | AnTuTu=None | Price=$None | IP=None | Populated=21/68 fields
2026-05-30 22:18:02,895 | INFO |   💾 [98/175] saved
2026-05-30 22:18:02,895 | INFO | 
  [135/175]
2026-05-30 22:18:02,895 | INFO |   ⏳ 35.8s (req #131)
2026-05-30 22:18:39,953 | INFO |   GET https://www.gsmarena.com/verykool_s635-5064.php → 200
2026-05-30 22:18:39,973 | INFO |       📱 verykool s635 | Main=1.3MP | Selfie=NoneMP | AnTuTu=None | Price=$None | IP=None | Populated=24/68 fields
2026-05-30 22:18:39,978 | INFO |   💾 [99/175] saved
2026-05-30 22:18:39,978 | INFO | 
  [136/175]
2026-05-30 22:18:39,979 | INFO |   ⏳ 18.3s (req #132)
2026-05-30 22:18:59,705 | INFO |   GET https://www.gsmarena.com/verykool_s728-5051.php → 200
2026-05-30 22:18:59,730 | INFO |       📱 verykool s728 | Main=3.2MP | Selfie=NoneMP | AnTuTu=None | Price=$None | IP=None | Populated=29/68 fields
2026-05-30 22:18:59,737 | INFO |   💾 [100/175] saved
2026-05-30 22:18:59,737 | INFO | 
  [137/175]
2026-05-30 22:18:59,737 | INFO |   ⏳ 41.8s (req #133)
2026-05-30 22:19:42,807 | INFO |   GET https://www.gsmarena.com/verykool_i625-5050.php → 200
2026-05-30 22:19:42,827 | INFO |       📱 verykool i625 | Main=1.3MP | Selfie=NoneMP | AnTuTu=None | Price=$None | IP=None | Populated=23/68 fields
2026-05-30 22:19:42,831 | INFO |   💾 [101/175] saved
2026-05-30 22:19:42,832 | INFO | 
  [138/175]
2026-05-30 22:19:42,832 | INFO |   ⏳ 24.3s (req #134)
2026-05-30 22:20:08,691 | INFO |   GET https://www.gsmarena.com/verykool_i130-5049.php → 200
2026-05-30 22:20:08,733 | INFO |       📱 verykool i130 | Main=NoneMP | Selfie=NoneMP | AnTuTu=None | Price=$None | IP=None | Populated=18/68 fields
2026-05-30 22:20:08,739 | INFO |   💾 [102/175] saved
2026-05-30 22:20:08,739 | INFO | 
  [139/175]
2026-05-30 22:20:08,739 | INFO |   ⏳ 26.8s (req #135)
2026-05-30 22:20:36,864 | INFO |   GET https://www.gsmarena.com/verykool_r800-4943.php → 200
2026-05-30 22:20:36,885 | INFO |       📱 verykool R800 | Main=2.0MP | Selfie=NoneMP | AnTuTu=None | Price=$None | IP=None | Populated=29/68 fields
2026-05-30 22:20:36,890 | INFO |   💾 [103/175] saved
2026-05-30 22:20:36,890 | INFO | 
  [140/175]
2026-05-30 22:20:36,891 | INFO |   ⏳ 31.3s (req #136)
2026-05-30 22:21:09,696 | INFO |   GET https://www.gsmarena.com/verykool_i123-4902.php → 200
2026-05-30 22:21:09,721 | INFO |       📱 verykool i123 | Main=NoneMP | Selfie=NoneMP | AnTuTu=None | Price=$None | IP=None | Populated=20/68 fields
2026-05-30 22:21:09,725 | INFO |   💾 [104/175] saved
2026-05-30 22:21:09,725 | INFO | 
  [141/175]
2026-05-30 22:21:09,725 | INFO |   ⏳ 16.9s (req #137)
2026-05-30 22:21:28,077 | INFO |   GET https://www.gsmarena.com/verykool_s757-4872.php → 200
2026-05-30 22:21:28,103 | INFO |       📱 verykool s757 | Main=5.0MP | Selfie=NoneMP | AnTuTu=None | Price=$None | IP=None | Populated=33/68 fields
2026-05-30 22:21:28,108 | INFO |   💾 [105/175] saved
2026-05-30 22:21:28,108 | INFO | 
  [142/175]
2026-05-30 22:21:28,111 | INFO |   ⏳ 19.1s (req #138)
2026-05-30 22:21:48,706 | INFO |   GET https://www.gsmarena.com/verykool_i675-4818.php → 200
2026-05-30 22:21:48,732 | INFO |       📱 verykool i675 | Main=2.0MP | Selfie=NoneMP | AnTuTu=None | Price=$None | IP=None | Populated=25/68 fields
2026-05-30 22:21:48,741 | INFO |   💾 [106/175] saved
2026-05-30 22:21:48,743 | INFO | 
  [143/175]
2026-05-30 22:21:48,744 | INFO |   ⏳ 33.4s (req #139)
2026-05-30 22:22:23,541 | INFO |   GET https://www.gsmarena.com/verykool_i674-4817.php → 200
2026-05-30 22:22:23,568 | INFO |       📱 verykool i674 | Main=2.0MP | Selfie=NoneMP | AnTuTu=None | Price=$None | IP=None | Populated=25/68 fields
2026-05-30 22:22:23,572 | INFO |   💾 [107/175] saved
2026-05-30 22:22:23,573 | INFO | 
  [144/175]
2026-05-30 22:22:23,573 | INFO |   ⏳ 33.3s (req #140)
2026-05-30 22:22:58,218 | INFO |   GET https://www.gsmarena.com/verykool_i672-4763.php → 200
2026-05-30 22:22:58,251 | INFO |       📱 verykool i672 | Main=1.3MP | Selfie=NoneMP | AnTuTu=None | Price=$None | IP=None | Populated=21/68 fields
2026-05-30 22:22:58,257 | INFO |   💾 [108/175] saved
2026-05-30 22:22:58,257 | INFO | 
  [145/175]
2026-05-30 22:22:58,257 | INFO |   ⏳ 33.1s (req #141)
2026-05-30 22:23:32,699 | INFO |   GET https://www.gsmarena.com/verykool_r16-4699.php → 200
2026-05-30 22:23:32,733 | INFO |       📱 verykool R16 | Main=1.3MP | Selfie=NoneMP | AnTuTu=None | Price=$None | IP=None | Populated=22/68 fields
2026-05-30 22:23:32,737 | INFO |   💾 [109/175] saved
2026-05-30 22:23:32,737 | INFO | 
  [146/175]
2026-05-30 22:23:32,738 | INFO |   ⏳ 16.1s (req #142)
2026-05-30 22:23:50,218 | INFO |   GET https://www.gsmarena.com/verykool_s700-4634.php → 200
2026-05-30 22:23:50,245 | INFO |       📱 verykool s700 | Main=2.0MP | Selfie=NoneMP | AnTuTu=None | Price=$None | IP=None | Populated=28/68 fields
2026-05-30 22:23:50,253 | INFO |   💾 [110/175] saved
2026-05-30 22:23:50,253 | INFO | 
  [147/175]
2026-05-30 22:23:50,253 | INFO |   ⏳ 33.5s (req #143)
2026-05-30 22:24:24,940 | INFO |   GET https://www.gsmarena.com/verykool_i605-4630.php → 200
2026-05-30 22:24:24,970 | INFO |       📱 verykool i605 | Main=1.3MP | Selfie=NoneMP | AnTuTu=None | Price=$None | IP=None | Populated=21/68 fields
2026-05-30 22:24:24,975 | INFO |   💾 [111/175] saved
2026-05-30 22:24:24,975 | INFO | 
  [148/175]
2026-05-30 22:24:24,976 | INFO |   ⏳ 27.4s (req #144)
2026-05-30 22:24:53,911 | INFO |   GET https://www.gsmarena.com/verykool_i604-4631.php → 200
2026-05-30 22:24:53,938 | INFO |       📱 verykool i604 | Main=1.3MP | Selfie=NoneMP | AnTuTu=None | Price=$None | IP=None | Populated=22/68 fields
2026-05-30 22:24:53,945 | INFO |   💾 [112/175] saved
2026-05-30 22:24:53,945 | INFO | 
  [149/175]
2026-05-30 22:24:53,945 | INFO |   ⏳ 30.1s (req #145)
2026-05-30 22:25:25,494 | INFO |   GET https://www.gsmarena.com/verykool_i125-4438.php → 200
2026-05-30 22:25:25,519 | INFO |       📱 verykool i125 | Main=NoneMP | Selfie=NoneMP | AnTuTu=None | Price=$None | IP=None | Populated=17/68 fields
2026-05-30 22:25:25,547 | INFO |   💾 [113/175] saved
2026-05-30 22:25:25,548 | INFO | 
  [150/175]
2026-05-30 22:25:25,548 | INFO |   ⏳ 21.0s (req #146)
2026-05-30 22:25:47,774 | INFO |   GET https://www.gsmarena.com/verykool_s815-4393.php → 200
2026-05-30 22:25:47,802 | INFO |       📱 verykool S815 | Main=2.0MP | Selfie=NoneMP | AnTuTu=None | Price=$None | IP=None | Populated=22/68 fields
2026-05-30 22:25:47,807 | INFO |   💾 [114/175] saved
2026-05-30 22:25:47,807 | INFO | 
  [151/175]
2026-05-30 22:25:47,807 | INFO |   ⏳ 36.2s (req #147)
2026-05-30 22:26:25,689 | INFO |   GET https://www.gsmarena.com/verykool_r23-4368.php → 200
2026-05-30 22:26:25,737 | INFO |       📱 verykool R23 | Main=1.3MP | Selfie=NoneMP | AnTuTu=None | Price=$None | IP=None | Populated=20/68 fields
2026-05-30 22:26:25,746 | INFO |   💾 [115/175] saved
2026-05-30 22:26:25,746 | INFO | 
  [152/175]
2026-05-30 22:26:25,746 | INFO |   ⏳ 28.4s (req #148)
2026-05-30 22:26:55,470 | INFO |   GET https://www.gsmarena.com/verykool_r620-4338.php → 200
2026-05-30 22:26:55,504 | INFO |       📱 verykool R620 | Main=2.0MP | Selfie=NoneMP | AnTuTu=None | Price=$None | IP=None | Populated=24/68 fields
2026-05-30 22:26:55,512 | INFO |   💾 [116/175] saved
2026-05-30 22:26:55,512 | INFO | 
  [153/175]
2026-05-30 22:26:55,512 | INFO |   ⏳ 25.0s (req #149)
2026-05-30 22:27:21,575 | INFO |   GET https://www.gsmarena.com/verykool_i285-4225.php → 200
2026-05-30 22:27:21,635 | INFO |       📱 verykool i285 | Main=2.0MP | Selfie=NoneMP | AnTuTu=None | Price=$None | IP=None | Populated=25/68 fields
2026-05-30 22:27:21,640 | INFO |   💾 [117/175] saved
2026-05-30 22:27:21,641 | INFO | 
  [154/175]
2026-05-30 22:27:21,641 | INFO |   ☕ Long pause 128s ...
2026-05-30 22:29:30,755 | INFO |   GET https://www.gsmarena.com/verykool_i725-4214.php → 200
2026-05-30 22:29:30,782 | INFO |       📱 verykool i725 | Main=2.0MP | Selfie=NoneMP | AnTuTu=None | Price=$None | IP=None | Populated=24/68 fields
2026-05-30 22:29:30,790 | INFO |   💾 [118/175] saved
2026-05-30 22:29:30,790 | INFO | 
  [155/175]
2026-05-30 22:29:30,792 | INFO |   ⏳ 31.2s (req #151)
2026-05-30 22:30:03,158 | INFO |   GET https://www.gsmarena.com/verykool_cd611-4049.php → 200
2026-05-30 22:30:03,185 | INFO |       📱 verykool CD611 | Main=NoneMP | Selfie=NoneMP | AnTuTu=None | Price=$None | IP=None | Populated=18/68 fields
2026-05-30 22:30:03,191 | INFO |   💾 [119/175] saved
2026-05-30 22:30:03,192 | INFO | 
  [156/175]
2026-05-30 22:30:03,192 | INFO |   ⏳ 38.4s (req #152)
2026-05-30 22:30:43,138 | INFO |   GET https://www.gsmarena.com/verykool_i800-4008.php → 200
2026-05-30 22:30:43,165 | INFO |       📱 verykool i800 | Main=3.15MP | Selfie=NoneMP | AnTuTu=None | Price=$None | IP=None | Populated=24/68 fields
2026-05-30 22:30:43,170 | INFO |   💾 [120/175] saved
2026-05-30 22:30:43,171 | INFO | 
  [157/175]
2026-05-30 22:30:43,171 | INFO |   ⏳ 28.4s (req #153)
2026-05-30 22:31:12,813 | INFO |   GET https://www.gsmarena.com/verykool_i720-4009.php → 200
2026-05-30 22:31:12,840 | INFO |       📱 verykool i720 | Main=2.0MP | Selfie=NoneMP | AnTuTu=None | Price=$None | IP=None | Populated=24/68 fields
2026-05-30 22:31:12,850 | INFO |   💾 [121/175] saved
2026-05-30 22:31:12,851 | INFO | 
  [158/175]
2026-05-30 22:31:12,851 | INFO |   ⏳ 17.6s (req #154)
2026-05-30 22:31:32,121 | INFO |   GET https://www.gsmarena.com/verykool_i705-4010.php → 200
2026-05-30 22:31:32,159 | INFO |       📱 verykool i705 | Main=NoneMP | Selfie=NoneMP | AnTuTu=None | Price=$None | IP=None | Populated=19/68 fields
2026-05-30 22:31:32,164 | INFO |   💾 [122/175] saved
2026-05-30 22:31:32,165 | INFO | 
  [159/175]
2026-05-30 22:31:32,165 | INFO |   ⏳ 22.5s (req #155)
2026-05-30 22:31:55,840 | INFO |   GET https://www.gsmarena.com/verykool_r80-4000.php → 200
2026-05-30 22:31:55,867 | INFO |       📱 verykool R80 | Main=2.0MP | Selfie=NoneMP | AnTuTu=None | Price=$None | IP=None | Populated=25/68 fields
2026-05-30 22:31:55,872 | INFO |   💾 [123/175] saved
2026-05-30 22:31:55,873 | INFO | 
  [160/175]
2026-05-30 22:31:55,873 | INFO |   ⏳ 41.2s (req #156)
2026-05-30 22:32:38,558 | INFO |   GET https://www.gsmarena.com/verykool_r13-4001.php → 200
2026-05-30 22:32:38,577 | INFO |       📱 verykool R13 | Main=NoneMP | Selfie=NoneMP | AnTuTu=None | Price=$None | IP=None | Populated=20/68 fields
2026-05-30 22:32:38,582 | INFO |   💾 [124/175] saved
2026-05-30 22:32:38,582 | INFO | 
  [161/175]
2026-05-30 22:32:38,583 | INFO |   ⏳ 36.5s (req #157)
2026-05-30 22:33:16,353 | INFO |   GET https://www.gsmarena.com/verykool_s810-4002.php → 200
2026-05-30 22:33:16,380 | INFO |       📱 verykool s810 | Main=2.0MP | Selfie=NoneMP | AnTuTu=None | Price=$None | IP=None | Populated=24/68 fields
2026-05-30 22:33:16,386 | INFO |   💾 [125/175] saved
2026-05-30 22:33:16,387 | INFO | 
  [162/175]
2026-05-30 22:33:16,387 | INFO |   ⏳ 18.7s (req #158)
2026-05-30 22:33:36,348 | INFO |   GET https://www.gsmarena.com/verykool_i650-4003.php → 200
2026-05-30 22:33:36,376 | INFO |       📱 verykool i650 | Main=2.0MP | Selfie=NoneMP | AnTuTu=None | Price=$None | IP=None | Populated=25/68 fields
2026-05-30 22:33:36,383 | INFO |   💾 [126/175] saved
2026-05-30 22:33:36,383 | INFO | 
  [163/175]
2026-05-30 22:33:36,384 | INFO |   ⏳ 28.3s (req #159)
2026-05-30 22:34:05,566 | INFO |   GET https://www.gsmarena.com/verykool_i610-4050.php → 200
2026-05-30 22:34:05,592 | INFO |       📱 verykool i610 | Main=1.3MP | Selfie=NoneMP | AnTuTu=None | Price=$None | IP=None | Populated=21/68 fields
2026-05-30 22:34:05,596 | INFO |   💾 [127/175] saved
2026-05-30 22:34:05,597 | INFO | 
  [164/175]
2026-05-30 22:34:05,598 | INFO |   ⏳ 20.6s (req #160)
2026-05-30 22:34:27,380 | INFO |   GET https://www.gsmarena.com/verykool_i600-4004.php → 200
2026-05-30 22:34:27,425 | INFO |       📱 verykool i600 | Main=NoneMP | Selfie=NoneMP | AnTuTu=None | Price=$None | IP=None | Populated=20/68 fields
2026-05-30 22:34:27,429 | INFO |   💾 [128/175] saved
2026-05-30 22:34:27,430 | INFO | 
  [165/175]
2026-05-30 22:34:27,430 | INFO |   ⏳ 33.0s (req #161)
2026-05-30 22:35:01,597 | INFO |   GET https://www.gsmarena.com/verykool_i410-4016.php → 200
2026-05-30 22:35:01,628 | INFO |       📱 verykool i410 | Main=NoneMP | Selfie=NoneMP | AnTuTu=None | Price=$None | IP=None | Populated=20/68 fields
2026-05-30 22:35:01,634 | INFO |   💾 [129/175] saved
2026-05-30 22:35:01,634 | INFO | 
  [166/175]
2026-05-30 22:35:01,635 | INFO |   ⏳ 34.1s (req #162)
2026-05-30 22:35:36,825 | INFO |   GET https://www.gsmarena.com/verykool_i310-4015.php → 200
2026-05-30 22:35:36,847 | INFO |       📱 verykool i310 | Main=1.3MP | Selfie=NoneMP | AnTuTu=None | Price=$None | IP=None | Populated=21/68 fields
2026-05-30 22:35:36,854 | INFO |   💾 [130/175] saved
2026-05-30 22:35:36,854 | INFO | 
  [167/175]
2026-05-30 22:35:36,854 | INFO |   ⏳ 19.8s (req #163)
2026-05-30 22:35:57,736 | INFO |   GET https://www.gsmarena.com/verykool_i315-4017.php → 200
2026-05-30 22:35:57,764 | INFO |       📱 verykool i315 | Main=NoneMP | Selfie=NoneMP | AnTuTu=None | Price=$None | IP=None | Populated=21/68 fields
2026-05-30 22:35:57,770 | INFO |   💾 [131/175] saved
2026-05-30 22:35:57,770 | INFO | 
  [168/175]
2026-05-30 22:35:57,770 | INFO |   ⏳ 29.1s (req #164)
2026-05-30 22:36:27,929 | INFO |   GET https://www.gsmarena.com/verykool_i305-4014.php → 200
2026-05-30 22:36:27,959 | INFO |       📱 verykool i305 | Main=1.3MP | Selfie=NoneMP | AnTuTu=None | Price=$None | IP=None | Populated=21/68 fields
2026-05-30 22:36:27,967 | INFO |   💾 [132/175] saved
2026-05-30 22:36:27,967 | INFO | 
  [169/175]
2026-05-30 22:36:27,968 | INFO |   ⏳ 21.5s (req #165)
2026-05-30 22:36:50,570 | INFO |   GET https://www.gsmarena.com/verykool_i277-4005.php → 200
2026-05-30 22:36:50,602 | INFO |       📱 verykool i277 | Main=1.3MP | Selfie=NoneMP | AnTuTu=None | Price=$None | IP=None | Populated=23/68 fields
2026-05-30 22:36:50,609 | INFO |   💾 [133/175] saved
2026-05-30 22:36:50,610 | INFO | 
  [170/175]
2026-05-30 22:36:50,610 | INFO |   ⏳ 21.1s (req #166)
2026-05-30 22:37:12,862 | INFO |   GET https://www.gsmarena.com/verykool_i280-4007.php → 200
2026-05-30 22:37:12,892 | INFO |       📱 verykool i280 | Main=3.15MP | Selfie=NoneMP | AnTuTu=None | Price=$None | IP=None | Populated=21/68 fields
2026-05-30 22:37:12,899 | INFO |   💾 [134/175] saved
2026-05-30 22:37:12,900 | INFO | 
  [171/175]
2026-05-30 22:37:12,900 | INFO |   ⏳ 33.1s (req #167)
2026-05-30 22:37:46,980 | INFO |   GET https://www.gsmarena.com/verykool_i270-4006.php → 200
2026-05-30 22:37:47,020 | INFO |       📱 verykool i270 | Main=2.0MP | Selfie=NoneMP | AnTuTu=None | Price=$None | IP=None | Populated=21/68 fields
2026-05-30 22:37:47,029 | INFO |   💾 [135/175] saved
2026-05-30 22:37:47,030 | INFO | 
  [172/175]
2026-05-30 22:37:47,031 | INFO |   ⏳ 15.2s (req #168)
2026-05-30 22:38:03,452 | INFO |   GET https://www.gsmarena.com/verykool_i122-4051.php → 200
2026-05-30 22:38:03,484 | INFO |       📱 verykool i122 | Main=NoneMP | Selfie=NoneMP | AnTuTu=None | Price=$None | IP=None | Populated=17/68 fields
2026-05-30 22:38:03,488 | INFO |   💾 [136/175] saved
2026-05-30 22:38:03,489 | INFO | 
  [173/175]
2026-05-30 22:38:03,489 | INFO |   ⏳ 26.5s (req #169)
2026-05-30 22:38:31,258 | INFO |   GET https://www.gsmarena.com/verykool_i119-4011.php → 200
2026-05-30 22:38:31,297 | INFO |       📱 verykool i119 | Main=NoneMP | Selfie=NoneMP | AnTuTu=None | Price=$None | IP=None | Populated=18/68 fields
2026-05-30 22:38:31,302 | INFO |   💾 [137/175] saved
2026-05-30 22:38:31,302 | INFO | 
  [174/175]
2026-05-30 22:38:31,303 | INFO |   ⏳ 20.5s (req #170)
2026-05-30 22:38:52,946 | INFO |   GET https://www.gsmarena.com/verykool_i117-4012.php → 200
2026-05-30 22:38:52,976 | INFO |       📱 verykool i117 | Main=NoneMP | Selfie=NoneMP | AnTuTu=None | Price=$None | IP=None | Populated=16/68 fields
2026-05-30 22:38:52,983 | INFO |   💾 [138/175] saved
2026-05-30 22:38:52,983 | INFO | 
  [175/175]
2026-05-30 22:38:52,983 | INFO |   ⏳ 26.6s (req #171)
2026-05-30 22:39:20,931 | INFO |   GET https://www.gsmarena.com/verykool_i115-4013.php → 200
2026-05-30 22:39:20,958 | INFO |       📱 verykool i115 | Main=NoneMP | Selfie=NoneMP | AnTuTu=None | Price=$None | IP=None | Populated=16/68 fields
2026-05-30 22:39:20,962 | INFO |   💾 [139/175] saved
2026-05-30 22:39:20,964 | INFO |   ✅ Verykool — 139 phones saved
2026-05-30 22:39:20,964 | INFO | 
Retrying 5 skipped ...
2026-05-30 22:39:20,965 | INFO | 
🎉 DONE — 166 phones in 105 min
2026-05-30 22:39:20,965 | INFO | 📄 GSMArenaDataset_BATCH8/GSMArena_BATCH8.csv
