2026-05-28 13:59:50,579 | INFO | ============================================================
2026-05-28 13:59:50,580 | INFO | BATCH 1 — Apple | Samsung | Google | OnePlus
2026-05-28 13:59:50,580 | INFO | Phones ~1,753  |  Time: 10-12 hours
2026-05-28 13:59:50,580 | INFO | Columns: 68 | Method: data-spec attributes
2026-05-28 13:59:50,580 | INFO | Started: 2026-05-28 13:59:50
2026-05-28 13:59:50,580 | INFO | ============================================================
2026-05-28 13:59:50,581 | INFO | Checking connection ...
2026-05-28 13:59:52,000 | INFO |   ✅ Connected (attempt 1)
2026-05-28 13:59:52,002 | INFO | Resuming: 0 done | 0 retry queue
2026-05-28 13:59:52,002 | INFO |   ▶ First request — no delay
2026-05-28 13:59:53,118 | INFO |   GET https://www.gsmarena.com/makers.php3 → 200
2026-05-28 13:59:53,135 | INFO | ✅ 126 brands
2026-05-28 13:59:53,136 | INFO | Matched: ['Apple', 'Google', 'Oneplus', 'Samsung']
2026-05-28 13:59:53,136 | INFO | 
============================================================
2026-05-28 13:59:53,136 | INFO | [1/4] Apple (147 phones)
2026-05-28 13:59:53,136 | INFO | Elapsed: 0min
2026-05-28 13:59:53,136 | INFO | ============================================================
2026-05-28 13:59:53,137 | INFO |   ⏳ 41.1s (req #2)
2026-05-28 14:00:35,173 | INFO |   GET https://www.gsmarena.com/apple-phones-48.php → 200
2026-05-28 14:00:35,185 | INFO |   ⏳ 41.6s (req #3)
2026-05-28 14:01:18,382 | INFO |   GET https://www.gsmarena.com/# → 200
2026-05-28 14:01:18,418 | INFO |   ⏳ 42.6s (req #4)
2026-05-28 14:02:02,253 | INFO |   GET https://www.gsmarena.com/apple-phones-f-48-0-p2.php → 200
2026-05-28 14:02:02,268 | INFO |   ⏳ 27.7s (req #5)
2026-05-28 14:02:31,300 | INFO |   GET https://www.gsmarena.com/apple-phones-f-48-0-p3.php → 200
2026-05-28 14:02:31,314 | INFO |     ✅ 276 links for Apple
2026-05-28 14:02:31,315 | INFO | 
  [1/276]
2026-05-28 14:02:31,316 | INFO |   ⏳ 27.2s (req #6)
2026-05-28 14:02:59,859 | INFO |   GET https://www.gsmarena.com/apple_iphone_17e-14487.php → 200
2026-05-28 14:02:59,920 | INFO |       📱 Apple iPhone 17e | Main=48.0MP | Selfie=12.0MP | AnTuTu=2187425 | Price=$649.99 | IP=IP68 | Populated=64/68 fields
2026-05-28 14:02:59,924 | INFO |   💾 [1/276] saved
2026-05-28 14:02:59,924 | INFO | 
  [2/276]
2026-05-28 14:02:59,925 | INFO |   ⏳ 23.2s (req #7)
2026-05-28 14:03:24,744 | INFO |   GET https://www.gsmarena.com/apple_ipad_air_13_5g_(2026)-14521.php → 200
2026-05-28 14:03:24,771 | INFO |       📱 Apple iPad Air 13 (2026) | Main=12.0MP | Selfie=12.0MP | AnTuTu=None | Price=$None | IP=None | Populated=46/68 fields
2026-05-28 14:03:24,774 | INFO |   💾 [2/276] saved
2026-05-28 14:03:24,774 | INFO | 
  [3/276]
2026-05-28 14:03:24,774 | INFO |   ⏳ 29.6s (req #8)
2026-05-28 14:03:55,972 | INFO |   GET https://www.gsmarena.com/apple_ipad_air_11_5g_(2026)-14520.php → 200
2026-05-28 14:03:56,000 | INFO |       📱 Apple iPad Air 11 (2026) | Main=12.0MP | Selfie=12.0MP | AnTuTu=None | Price=$None | IP=None | Populated=46/68 fields
2026-05-28 14:03:56,003 | INFO |   💾 [3/276] saved
2026-05-28 14:03:56,003 | INFO | 
  [4/276]
2026-05-28 14:03:56,004 | INFO |   ⏳ 24.0s (req #9)
2026-05-28 14:04:21,503 | INFO |   GET https://www.gsmarena.com/apple_ipad_pro_13_5g_(2025)-14233.php → 200
2026-05-28 14:04:21,536 | INFO |       📱 Apple iPad Pro 13 (2025) | Main=12.0MP | Selfie=12.0MP | AnTuTu=None | Price=$None | IP=None | Populated=46/68 fields
2026-05-28 14:04:21,539 | INFO |   💾 [4/276] saved
2026-05-28 14:04:21,539 | INFO | 
  [5/276]
2026-05-28 14:04:21,539 | INFO |   ⏳ 43.2s (req #10)
2026-05-28 14:05:06,320 | INFO |   GET https://www.gsmarena.com/apple_ipad_pro_11_5g_(2025)-14234.php → 200
2026-05-28 14:05:06,346 | INFO |       📱 Apple iPad Pro 11 (2025) | Main=12.0MP | Selfie=12.0MP | AnTuTu=None | Price=$None | IP=None | Populated=46/68 fields
2026-05-28 14:05:06,349 | INFO |   💾 [5/276] saved
2026-05-28 14:05:06,349 | INFO | 
  [6/276]
2026-05-28 14:05:06,350 | INFO |   ⏳ 29.5s (req #11)
2026-05-28 14:05:37,356 | INFO |   GET https://www.gsmarena.com/apple_iphone_17_pro_max-13964.php → 200
2026-05-28 14:05:37,399 | INFO |       📱 Apple iPhone 17 Pro Max | Main=48.0MP | Selfie=18.0MP | AnTuTu=2600583 | Price=$985.0 | IP=IP68 | Populated=65/68 fields
2026-05-28 14:05:37,402 | INFO |   💾 [6/276] saved
2026-05-28 14:05:37,403 | INFO | 
  [7/276]
2026-05-28 14:05:37,403 | INFO |   ⏳ 20.3s (req #12)
2026-05-28 14:05:59,319 | INFO |   GET https://www.gsmarena.com/apple_iphone_17_pro-14049.php → 200
2026-05-28 14:05:59,355 | INFO |       📱 Apple iPhone 17 Pro | Main=48.0MP | Selfie=18.0MP | AnTuTu=2430575 | Price=$933.57 | IP=IP68 | Populated=65/68 fields
2026-05-28 14:05:59,358 | INFO |   💾 [7/276] saved
2026-05-28 14:05:59,358 | INFO | 
  [8/276]
2026-05-28 14:05:59,358 | INFO |   ⏳ 26.0s (req #13)
2026-05-28 14:06:28,034 | INFO |   GET https://www.gsmarena.com/apple_iphone_17_air-13502.php → 200
2026-05-28 14:06:28,072 | INFO |       📱 Apple iPhone Air | Main=48.0MP | Selfie=18.0MP | AnTuTu=None | Price=$784.97 | IP=IP68 | Populated=61/68 fields
2026-05-28 14:06:28,075 | INFO |   💾 [8/276] saved
2026-05-28 14:06:28,076 | INFO | 
  [9/276]
2026-05-28 14:06:28,076 | INFO |   ⏳ 41.9s (req #14)
2026-05-28 14:07:11,656 | INFO |   GET https://www.gsmarena.com/apple_iphone_17-14050.php → 200
2026-05-28 14:07:11,689 | INFO |       📱 Apple iPhone 17 | Main=48.0MP | Selfie=18.0MP | AnTuTu=2109773 | Price=$721.72 | IP=IP68 | Populated=64/68 fields
2026-05-28 14:07:11,693 | INFO |   💾 [9/276] saved
2026-05-28 14:07:11,693 | INFO | 
  [10/276]
2026-05-28 14:07:11,693 | INFO |   ⏳ 38.4s (req #15)
2026-05-28 14:07:51,385 | INFO |   GET https://www.gsmarena.com/apple_watch_ultra_3-14130.php → 200
2026-05-28 14:07:51,413 | INFO |       📱 Apple Watch Ultra 3 | Main=NoneMP | Selfie=NoneMP | AnTuTu=None | Price=$229.99 | IP=None | Populated=35/68 fields
2026-05-28 14:07:51,417 | INFO |   💾 [10/276] saved
2026-05-28 14:07:51,417 | INFO | 
  [11/276]
2026-05-28 14:07:51,417 | INFO |   ⏳ 18.9s (req #16)
2026-05-28 14:08:11,558 | INFO |   GET https://www.gsmarena.com/apple_watch_series_11-14131.php → 200
2026-05-28 14:08:11,585 | INFO |       📱 Apple Watch Series 11 | Main=NoneMP | Selfie=NoneMP | AnTuTu=None | Price=$None | IP=None | Populated=33/68 fields
2026-05-28 14:08:11,588 | INFO |   💾 [11/276] saved
2026-05-28 14:08:11,589 | INFO | 
  [12/276]
2026-05-28 14:08:11,590 | INFO |   ⏳ 29.0s (req #17)
2026-05-28 14:08:42,371 | INFO |   GET https://www.gsmarena.com/apple_watch_series_11_aluminum-14132.php → 200
2026-05-28 14:08:42,402 | INFO |       📱 Apple Watch Series 11 Aluminum | Main=NoneMP | Selfie=NoneMP | AnTuTu=None | Price=$None | IP=None | Populated=33/68 fields
2026-05-28 14:08:42,407 | INFO |   💾 [12/276] saved
2026-05-28 14:08:42,408 | INFO | 
  [13/276]
2026-05-28 14:08:42,408 | INFO |   ⏳ 33.8s (req #18)
2026-05-28 14:09:17,502 | INFO |   GET https://www.gsmarena.com/apple_watch_se_3-14133.php → 200
2026-05-28 14:09:17,526 | INFO |       📱 Apple Watch SE 3 | Main=NoneMP | Selfie=NoneMP | AnTuTu=None | Price=$None | IP=None | Populated=33/68 fields
2026-05-28 14:09:17,530 | INFO |   💾 [13/276] saved
2026-05-28 14:09:17,530 | INFO | 
  [14/276]
2026-05-28 14:09:17,530 | INFO |   ⏳ 20.7s (req #19)
2026-05-28 14:09:39,696 | INFO |   GET https://www.gsmarena.com/apple_ipad_air_13_(2025)-13704.php → 200
2026-05-28 14:09:39,737 | INFO |       📱 Apple iPad Air 13 (2025) | Main=12.0MP | Selfie=12.0MP | AnTuTu=None | Price=$None | IP=None | Populated=46/68 fields
2026-05-28 14:09:39,740 | INFO |   💾 [14/276] saved
2026-05-28 14:09:39,740 | INFO | 
  [15/276]
2026-05-28 14:09:39,740 | INFO |   ⏳ 25.6s (req #20)
2026-05-28 14:10:06,858 | INFO |   GET https://www.gsmarena.com/apple_ipad_air_11_(2025)-13703.php → 200
2026-05-28 14:10:06,886 | INFO |       📱 Apple iPad Air 11 (2025) | Main=12.0MP | Selfie=12.0MP | AnTuTu=None | Price=$None | IP=None | Populated=46/68 fields
2026-05-28 14:10:06,888 | INFO |   💾 [15/276] saved
2026-05-28 14:10:06,889 | INFO | 
  [16/276]
2026-05-28 14:10:06,889 | INFO |   ⏳ 15.5s (req #21)
2026-05-28 14:10:23,651 | INFO |   GET https://www.gsmarena.com/apple_ipad_(2025)-13702.php → 200
2026-05-28 14:10:23,681 | INFO |       📱 Apple iPad (2025) | Main=12.0MP | Selfie=12.0MP | AnTuTu=1414489 | Price=$None | IP=None | Populated=52/68 fields
2026-05-28 14:10:23,685 | INFO |   💾 [16/276] saved
2026-05-28 14:10:23,685 | INFO | 
  [17/276]
2026-05-28 14:10:23,685 | INFO |   ⏳ 40.7s (req #22)
2026-05-28 14:11:05,635 | INFO |   GET https://www.gsmarena.com/apple_iphone_16e-13395.php → 200
2026-05-28 14:11:05,671 | INFO |       📱 Apple iPhone 16e | Main=48.0MP | Selfie=12.0MP | AnTuTu=1401105 | Price=$304.99 | IP=IP68 | Populated=64/68 fields
2026-05-28 14:11:05,674 | INFO |   💾 [17/276] saved
2026-05-28 14:11:05,674 | INFO | 
  [18/276]
2026-05-28 14:11:05,674 | INFO |   ⏳ 32.3s (req #23)
2026-05-28 14:11:39,220 | INFO |   GET https://www.gsmarena.com/apple_ipad_mini_(2024)-13437.php → 200
2026-05-28 14:11:39,245 | INFO |       📱 Apple iPad mini (2024) | Main=12.0MP | Selfie=12.0MP | AnTuTu=None | Price=$None | IP=None | Populated=44/68 fields
2026-05-28 14:11:39,248 | INFO |   💾 [18/276] saved
2026-05-28 14:11:39,249 | INFO | 
  [19/276]
2026-05-28 14:11:39,249 | INFO |   ⏳ 15.6s (req #24)
2026-05-28 14:11:56,321 | INFO |   GET https://www.gsmarena.com/apple_iphone_16_pro_max-13123.php → 200
2026-05-28 14:11:56,366 | INFO |       📱 Apple iPhone 16 Pro Max | Main=48.0MP | Selfie=12.0MP | AnTuTu=1838828 | Price=$639.0 | IP=IP68 | Populated=64/68 fields
2026-05-28 14:11:56,370 | INFO |   💾 [19/276] saved
2026-05-28 14:11:56,371 | INFO | 
  [20/276]
2026-05-28 14:11:56,371 | INFO |   ⏳ 40.5s (req #25)
2026-05-28 14:12:38,407 | INFO |   GET https://www.gsmarena.com/apple_iphone_16_pro-13315.php → 200
2026-05-28 14:12:38,446 | INFO |       📱 Apple iPhone 16 Pro | Main=48.0MP | Selfie=12.0MP | AnTuTu=1871052 | Price=$548.12 | IP=IP68 | Populated=64/68 fields
2026-05-28 14:12:38,449 | INFO |   💾 [20/276] saved
2026-05-28 14:12:38,449 | INFO | 
  [21/276]
2026-05-28 14:12:38,449 | INFO |   ⏳ 17.4s (req #26)
2026-05-28 14:12:57,239 | INFO |   GET https://www.gsmarena.com/apple_iphone_16_plus-13316.php → 200
2026-05-28 14:12:57,281 | INFO |       📱 Apple iPhone 16 Plus | Main=48.0MP | Selfie=12.0MP | AnTuTu=1727276 | Price=$475.0 | IP=IP68 | Populated=64/68 fields
2026-05-28 14:12:57,285 | INFO |   💾 [21/276] saved
2026-05-28 14:12:57,285 | INFO | 
  [22/276]
2026-05-28 14:12:57,286 | INFO |   ⏳ 28.2s (req #27)
2026-05-28 14:13:26,822 | INFO |   GET https://www.gsmarena.com/apple_iphone_16-13317.php → 200
2026-05-28 14:13:26,860 | INFO |       📱 Apple iPhone 16 | Main=48.0MP | Selfie=12.0MP | AnTuTu=1721149 | Price=$408.0 | IP=IP68 | Populated=63/68 fields
2026-05-28 14:13:26,864 | INFO |   💾 [22/276] saved
2026-05-28 14:13:26,864 | INFO | 
  [23/276]
2026-05-28 14:13:26,864 | INFO |   ⏳ 29.3s (req #28)
2026-05-28 14:13:57,396 | INFO |   GET https://www.gsmarena.com/apple_watch_series_10-13318.php → 200
2026-05-28 14:13:57,433 | INFO |       📱 Apple Watch Series 10 | Main=NoneMP | Selfie=NoneMP | AnTuTu=None | Price=$None | IP=None | Populated=33/68 fields
2026-05-28 14:13:57,437 | INFO |   💾 [23/276] saved
2026-05-28 14:13:57,437 | INFO | 
  [24/276]
2026-05-28 14:13:57,437 | INFO |   ⏳ 35.3s (req #29)
2026-05-28 14:14:33,925 | INFO |   GET https://www.gsmarena.com/apple_watch_series_10_aluminum-13319.php → 200
2026-05-28 14:14:33,951 | INFO |       📱 Apple Watch Series 10 Aluminum | Main=NoneMP | Selfie=NoneMP | AnTuTu=None | Price=$None | IP=None | Populated=32/68 fields
2026-05-28 14:14:33,954 | INFO |   💾 [24/276] saved
2026-05-28 14:14:33,955 | INFO | 
  [25/276]
2026-05-28 14:14:33,955 | INFO |   ☕ Long pause 213s ...
2026-05-28 14:18:08,127 | INFO |   GET https://www.gsmarena.com/apple_ipad_pro_13_(2024)-12987.php → 200
2026-05-28 14:18:08,155 | INFO |       📱 Apple iPad Pro 13 (2024) | Main=12.0MP | Selfie=12.0MP | AnTuTu=None | Price=$None | IP=None | Populated=44/68 fields
2026-05-28 14:18:08,158 | INFO |   💾 [25/276] saved
2026-05-28 14:18:08,159 | INFO | 
  [26/276]
2026-05-28 14:18:08,159 | INFO |   ⏳ 37.8s (req #31)
2026-05-28 14:18:47,122 | INFO |   GET https://www.gsmarena.com/apple_ipad_pro_11_(2024)-12986.php → 200
2026-05-28 14:18:47,152 | INFO |       📱 Apple iPad Pro 11 (2024) | Main=12.0MP | Selfie=12.0MP | AnTuTu=2566792 | Price=$None | IP=None | Populated=49/68 fields
2026-05-28 14:18:47,159 | INFO |   💾 [26/276] saved
2026-05-28 14:18:47,160 | INFO | 
  [27/276]
2026-05-28 14:18:47,160 | INFO |   ⏳ 29.9s (req #32)
2026-05-28 14:19:18,270 | INFO |   GET https://www.gsmarena.com/apple_ipad_air_13_(2024)-12985.php → 200
2026-05-28 14:19:18,296 | INFO |       📱 Apple iPad Air 13 (2024) | Main=12.0MP | Selfie=12.0MP | AnTuTu=None | Price=$None | IP=None | Populated=45/68 fields
2026-05-28 14:19:18,300 | INFO |   💾 [27/276] saved
2026-05-28 14:19:18,301 | INFO | 
  [28/276]
2026-05-28 14:19:18,301 | INFO |   ⏳ 15.3s (req #33)
2026-05-28 14:19:34,859 | INFO |   GET https://www.gsmarena.com/apple_ipad_air_11_(2024)-12984.php → 200
2026-05-28 14:19:34,895 | INFO |       📱 Apple iPad Air 11 (2024) | Main=12.0MP | Selfie=12.0MP | AnTuTu=None | Price=$None | IP=None | Populated=45/68 fields
2026-05-28 14:19:34,900 | INFO |   💾 [28/276] saved
2026-05-28 14:19:34,900 | INFO | 
  [29/276]
2026-05-28 14:19:34,900 | INFO |   ⏳ 44.1s (req #34)
2026-05-28 14:20:20,092 | INFO |   GET https://www.gsmarena.com/apple_iphone_15_pro_max-12548.php → 200
2026-05-28 14:20:20,132 | INFO |       📱 Apple iPhone 15 Pro Max | Main=48.0MP | Selfie=12.0MP | AnTuTu=1487203 | Price=$530.0 | IP=IP68 | Populated=63/68 fields
2026-05-28 14:20:20,135 | INFO |   💾 [29/276] saved
2026-05-28 14:20:20,135 | INFO | 
  [30/276]
2026-05-28 14:20:20,136 | INFO |   ⏳ 27.0s (req #35)
2026-05-28 14:20:48,380 | INFO |   GET https://www.gsmarena.com/apple_iphone_15_pro-12557.php → 200
2026-05-28 14:20:48,418 | INFO |       📱 Apple iPhone 15 Pro | Main=48.0MP | Selfie=12.0MP | AnTuTu=None | Price=$486.34 | IP=IP68 | Populated=61/68 fields
2026-05-28 14:20:48,422 | INFO |   💾 [30/276] saved
2026-05-28 14:20:48,423 | INFO | 
  [31/276]
2026-05-28 14:20:48,423 | INFO |   ⏳ 39.9s (req #36)
2026-05-28 14:21:29,851 | INFO |   GET https://www.gsmarena.com/apple_iphone_15_plus-12558.php → 200
2026-05-28 14:21:29,894 | INFO |       📱 Apple iPhone 15 Plus | Main=48.0MP | Selfie=12.0MP | AnTuTu=1385649 | Price=$382.44 | IP=IP68 | Populated=62/68 fields
2026-05-28 14:21:29,898 | INFO |   💾 [31/276] saved
2026-05-28 14:21:29,898 | INFO | 
  [32/276]
2026-05-28 14:21:29,898 | INFO |   ⏳ 29.4s (req #37)
2026-05-28 14:22:00,379 | INFO |   GET https://www.gsmarena.com/apple_iphone_15-12559.php → 200
2026-05-28 14:22:00,426 | INFO |       📱 Apple iPhone 15 | Main=48.0MP | Selfie=12.0MP | AnTuTu=1354651 | Price=$348.0 | IP=IP68 | Populated=62/68 fields
2026-05-28 14:22:00,429 | INFO |   💾 [32/276] saved
2026-05-28 14:22:00,429 | INFO | 
  [33/276]
2026-05-28 14:22:00,429 | INFO |   ⏳ 40.1s (req #38)
2026-05-28 14:22:41,939 | INFO |   GET https://www.gsmarena.com/apple_watch_ultra_2-12560.php → 200
2026-05-28 14:22:41,968 | INFO |       📱 Apple Watch Ultra 2 | Main=NoneMP | Selfie=NoneMP | AnTuTu=None | Price=$None | IP=None | Populated=33/68 fields
2026-05-28 14:22:41,972 | INFO |   💾 [33/276] saved
2026-05-28 14:22:41,973 | INFO | 
  [34/276]
2026-05-28 14:22:41,973 | INFO |   ⏳ 41.7s (req #39)
2026-05-28 14:23:25,254 | INFO |   GET https://www.gsmarena.com/apple_watch_series_9-12561.php → 200
2026-05-28 14:23:25,279 | INFO |       📱 Apple Watch Series 9 | Main=NoneMP | Selfie=NoneMP | AnTuTu=None | Price=$None | IP=None | Populated=32/68 fields
2026-05-28 14:23:25,283 | INFO |   💾 [34/276] saved
2026-05-28 14:23:25,283 | INFO | 
  [35/276]
2026-05-28 14:23:25,283 | INFO |   ⏳ 36.5s (req #40)
2026-05-28 14:24:03,243 | INFO |   GET https://www.gsmarena.com/apple_watch_series_9_aluminum-12562.php → 200
2026-05-28 14:24:03,270 | INFO |       📱 Apple Watch Series 9 Aluminum | Main=NoneMP | Selfie=NoneMP | AnTuTu=None | Price=$None | IP=None | Populated=32/68 fields
2026-05-28 14:24:03,274 | INFO |   💾 [35/276] saved
2026-05-28 14:24:03,274 | INFO | 
  [36/276]
2026-05-28 14:24:03,274 | INFO |   ⏳ 19.8s (req #41)
2026-05-28 14:24:24,337 | INFO |   GET https://www.gsmarena.com/apple_ipad_pro_12_9_(2022)-11939.php → 200
2026-05-28 14:24:24,363 | INFO |       📱 Apple iPad Pro 12.9 (2022) | Main=12.0MP | Selfie=12.0MP | AnTuTu=None | Price=$None | IP=None | Populated=45/68 fields
2026-05-28 14:24:24,367 | INFO |   💾 [36/276] saved
2026-05-28 14:24:24,371 | INFO | 
  [37/276]
2026-05-28 14:24:24,371 | INFO |   ⏳ 40.5s (req #42)
2026-05-28 14:25:06,217 | INFO |   GET https://www.gsmarena.com/apple_ipad_pro_11_(2022)-11940.php → 200
2026-05-28 14:25:06,244 | INFO |       📱 Apple iPad Pro 11 (2022) | Main=12.0MP | Selfie=12.0MP | AnTuTu=None | Price=$None | IP=None | Populated=45/68 fields
2026-05-28 14:25:06,249 | INFO |   💾 [37/276] saved
2026-05-28 14:25:06,250 | INFO | 
  [38/276]
2026-05-28 14:25:06,250 | INFO |   ⏳ 42.0s (req #43)
2026-05-28 14:25:49,531 | INFO |   GET https://www.gsmarena.com/apple_ipad_(2022)-11941.php → 200
2026-05-28 14:25:49,597 | INFO |       📱 Apple iPad (2022) | Main=12.0MP | Selfie=12.0MP | AnTuTu=None | Price=$None | IP=None | Populated=44/68 fields
2026-05-28 14:25:49,601 | INFO |   💾 [38/276] saved
2026-05-28 14:25:49,601 | INFO | 
  [39/276]
2026-05-28 14:25:49,601 | INFO |   ⏳ 34.0s (req #44)
2026-05-28 14:26:24,859 | INFO |   GET https://www.gsmarena.com/apple_iphone_14_pro_max-11773.php → 200
2026-05-28 14:26:24,897 | INFO |       📱 Apple iPhone 14 Pro Max | Main=48.0MP | Selfie=12.0MP | AnTuTu=955884 | Price=$442.19 | IP=IP68 | Populated=62/68 fields
2026-05-28 14:26:24,900 | INFO |   💾 [39/276] saved
2026-05-28 14:26:24,900 | INFO | 
  [40/276]
2026-05-28 14:26:24,901 | INFO |   ⏳ 18.9s (req #45)
2026-05-28 14:26:45,097 | INFO |   GET https://www.gsmarena.com/apple_iphone_14_pro-11860.php → 200
2026-05-28 14:26:45,136 | INFO |       📱 Apple iPhone 14 Pro | Main=48.0MP | Selfie=12.0MP | AnTuTu=968412 | Price=$417.01 | IP=IP68 | Populated=62/68 fields
2026-05-28 14:26:45,139 | INFO |   💾 [40/276] saved
2026-05-28 14:26:45,139 | INFO | 
  [41/276]
2026-05-28 14:26:45,140 | INFO |   ⏳ 24.2s (req #46)
2026-05-28 14:27:10,430 | INFO |   GET https://www.gsmarena.com/apple_iphone_14_plus-11862.php → 200
2026-05-28 14:27:10,469 | INFO |       📱 Apple iPhone 14 Plus | Main=12.0MP | Selfie=12.0MP | AnTuTu=797976 | Price=$318.42 | IP=IP68 | Populated=61/68 fields
2026-05-28 14:27:10,473 | INFO |   💾 [41/276] saved
2026-05-28 14:27:10,473 | INFO | 
  [42/276]
2026-05-28 14:27:10,473 | INFO |   ⏳ 21.1s (req #47)
2026-05-28 14:27:33,056 | INFO |   GET https://www.gsmarena.com/apple_iphone_14-11861.php → 200
2026-05-28 14:27:33,095 | INFO |       📱 Apple iPhone 14 | Main=12.0MP | Selfie=12.0MP | AnTuTu=817125 | Price=$262.0 | IP=IP68 | Populated=61/68 fields
2026-05-28 14:27:33,099 | INFO |   💾 [42/276] saved
2026-05-28 14:27:33,099 | INFO | 
  [43/276]
2026-05-28 14:27:33,100 | INFO |   ⏳ 33.4s (req #48)
2026-05-28 14:28:07,575 | INFO |   GET https://www.gsmarena.com/apple_watch_ultra-11827.php → 200
2026-05-28 14:28:07,602 | INFO |       📱 Apple Watch Ultra | Main=NoneMP | Selfie=NoneMP | AnTuTu=None | Price=$None | IP=None | Populated=31/68 fields
2026-05-28 14:28:07,605 | INFO |   💾 [43/276] saved
2026-05-28 14:28:07,606 | INFO | 
  [44/276]
2026-05-28 14:28:07,606 | INFO |   ⏳ 20.3s (req #49)
2026-05-28 14:28:28,946 | INFO |   GET https://www.gsmarena.com/apple_watch_series_8-11866.php → 200
2026-05-28 14:28:28,975 | INFO |       📱 Apple Watch Series 8 | Main=NoneMP | Selfie=NoneMP | AnTuTu=None | Price=$None | IP=None | Populated=35/68 fields
2026-05-28 14:28:28,978 | INFO |   💾 [44/276] saved
2026-05-28 14:28:28,979 | INFO | 
  [45/276]
2026-05-28 14:28:28,979 | INFO |   ⏳ 42.8s (req #50)
2026-05-28 14:29:12,909 | INFO |   GET https://www.gsmarena.com/apple_watch_series_8_aluminum-11864.php → 200
2026-05-28 14:29:12,937 | INFO |       📱 Apple Watch Series 8 Aluminum | Main=NoneMP | Selfie=NoneMP | AnTuTu=None | Price=$None | IP=None | Populated=35/68 fields
2026-05-28 14:29:12,941 | INFO |   💾 [45/276] saved
2026-05-28 14:29:12,941 | INFO | 
  [46/276]
2026-05-28 14:29:12,941 | INFO |   ⏳ 30.8s (req #51)
2026-05-28 14:29:45,043 | INFO |   GET https://www.gsmarena.com/apple_watch_se_(2022)-11865.php → 200
2026-05-28 14:29:45,070 | INFO |       📱 Apple Watch SE 2 | Main=NoneMP | Selfie=NoneMP | AnTuTu=None | Price=$None | IP=None | Populated=34/68 fields
2026-05-28 14:29:45,074 | INFO |   💾 [46/276] saved
2026-05-28 14:29:45,074 | INFO | 
  [47/276]
2026-05-28 14:29:45,074 | INFO |   ⏳ 31.8s (req #52)
2026-05-28 14:30:17,970 | INFO |   GET https://www.gsmarena.com/apple_iphone_se_(2022)-11410.php → 200
2026-05-28 14:30:18,010 | INFO |       📱 Apple iPhone SE (2022) | Main=12.0MP | Selfie=7.0MP | AnTuTu=723486 | Price=$129.0 | IP=IP67 | Populated=59/68 fields
2026-05-28 14:30:18,014 | INFO |   💾 [47/276] saved
2026-05-28 14:30:18,014 | INFO | 
  [48/276]
2026-05-28 14:30:18,015 | INFO |   ⏳ 31.6s (req #53)
2026-05-28 14:30:50,993 | INFO |   GET https://www.gsmarena.com/apple_ipad_air_(2022)-11411.php → 200
2026-05-28 14:30:51,033 | INFO |       📱 Apple iPad Air (2022) | Main=12.0MP | Selfie=12.0MP | AnTuTu=None | Price=$None | IP=None | Populated=44/68 fields
2026-05-28 14:30:51,036 | INFO |   💾 [48/276] saved
2026-05-28 14:30:51,037 | INFO | 
  [49/276]
2026-05-28 14:30:51,037 | INFO |   ⏳ 28.8s (req #54)
2026-05-28 14:31:21,199 | INFO |   GET https://www.gsmarena.com/apple_iphone_13_pro_max-11089.php → 200
2026-05-28 14:31:21,238 | INFO |       📱 Apple iPhone 13 Pro Max | Main=12.0MP | Selfie=12.0MP | AnTuTu=801691 | Price=$399.0 | IP=IP68 | Populated=62/68 fields
2026-05-28 14:31:21,243 | INFO |   💾 [49/276] saved
2026-05-28 14:31:21,243 | INFO | 
  [50/276]
2026-05-28 14:31:21,243 | INFO |   ⏳ 29.5s (req #55)
2026-05-28 14:31:52,021 | INFO |   GET https://www.gsmarena.com/apple_iphone_13_pro-11102.php → 200
2026-05-28 14:31:52,064 | INFO |       📱 Apple iPhone 13 Pro | Main=12.0MP | Selfie=12.0MP | AnTuTu=794348 | Price=$339.95 | IP=IP68 | Populated=62/68 fields
2026-05-28 14:31:52,069 | INFO |   💾 [50/276] saved
2026-05-28 14:31:52,070 | INFO | 
  [51/276]
2026-05-28 14:31:52,070 | INFO |   ⏳ 27.4s (req #56)
2026-05-28 14:32:20,691 | INFO |   GET https://www.gsmarena.com/infinix_note_60_pro-review-2962.php → 200
2026-05-28 14:32:20,709 | WARNING |   ⚠️  No data-spec fields found for infinix_note_60_pro-review-2962.php
2026-05-28 14:32:20,709 | INFO | 
  [52/276]
2026-05-28 14:32:20,710 | INFO |   ⏳ 25.8s (req #57)
2026-05-28 14:32:47,645 | INFO |   GET https://www.gsmarena.com/reviewcomm-2962.php → 200
2026-05-28 14:32:47,672 | WARNING |   ⚠️  No data-spec fields found for reviewcomm-2962.php
2026-05-28 14:32:47,673 | INFO | 
  [53/276]
2026-05-28 14:32:47,673 | INFO |   ⏳ 29.0s (req #58)
2026-05-28 14:33:17,719 | INFO |   GET https://www.gsmarena.com/honor_600-review-2964.php → 200
2026-05-28 14:33:17,750 | WARNING |   ⚠️  No data-spec fields found for honor_600-review-2964.php
2026-05-28 14:33:17,750 | INFO | 
  [54/276]
2026-05-28 14:33:17,751 | INFO |   ⏳ 30.0s (req #59)
2026-05-28 14:33:48,796 | INFO |   GET https://www.gsmarena.com/reviewcomm-2964.php → 200
2026-05-28 14:33:48,825 | WARNING |   ⚠️  No data-spec fields found for reviewcomm-2964.php
2026-05-28 14:33:48,825 | INFO | 
  [55/276]
2026-05-28 14:33:48,825 | INFO |   ☕ Long pause 298s ...
2026-05-28 14:38:48,027 | INFO |   GET https://www.gsmarena.com/sony_xperia_1_viii-review-2963.php → 200
2026-05-28 14:38:48,047 | WARNING |   ⚠️  No data-spec fields found for sony_xperia_1_viii-review-2963.php
2026-05-28 14:38:48,047 | INFO | 
  [56/276]
2026-05-28 14:38:48,047 | INFO |   ⏳ 21.7s (req #61)
2026-05-28 14:39:11,003 | INFO |   GET https://www.gsmarena.com/reviewcomm-2963.php → 200
2026-05-28 14:39:11,026 | WARNING |   ⚠️  No data-spec fields found for reviewcomm-2963.php
2026-05-28 14:39:11,027 | INFO | 
  [57/276]
2026-05-28 14:39:11,027 | INFO |   ⏳ 38.7s (req #62)
2026-05-28 14:39:51,344 | INFO |   GET https://www.gsmarena.com/vivo_x300_fe-review-2959.php → 200
2026-05-28 14:39:51,361 | WARNING |   ⚠️  No data-spec fields found for vivo_x300_fe-review-2959.php
2026-05-28 14:39:51,361 | INFO | 
  [58/276]
2026-05-28 14:39:51,361 | INFO |   ⏳ 38.9s (req #63)
2026-05-28 14:40:31,486 | INFO |   GET https://www.gsmarena.com/oneplus_nord_ce6-review-2961.php → 200
2026-05-28 14:40:31,501 | WARNING |   ⚠️  No data-spec fields found for oneplus_nord_ce6-review-2961.php
2026-05-28 14:40:31,501 | INFO | 
  [59/276]
2026-05-28 14:40:31,502 | INFO |   ⏳ 42.4s (req #64)
2026-05-28 14:41:15,311 | INFO |   GET https://www.gsmarena.com/honor_600_pro-review-2960.php → 200
2026-05-28 14:41:15,336 | WARNING |   ⚠️  No data-spec fields found for honor_600_pro-review-2960.php
2026-05-28 14:41:15,336 | INFO | 
  [60/276]
2026-05-28 14:41:15,337 | INFO |   ⏳ 37.4s (req #65)
2026-05-28 14:41:53,611 | INFO |   GET https://www.gsmarena.com/oneplus_pad_4_hands_on-review-2958.php → 200
2026-05-28 14:41:53,627 | WARNING |   ⚠️  No data-spec fields found for oneplus_pad_4_hands_on-review-2958.php
2026-05-28 14:41:53,628 | INFO | 
  [61/276]
2026-05-28 14:41:53,628 | INFO |   ⏳ 31.9s (req #66)
2026-05-28 14:42:26,689 | INFO |   GET https://www.gsmarena.com/vivo_x300_ultra-review-2957.php → 200
2026-05-28 14:42:26,707 | WARNING |   ⚠️  No data-spec fields found for vivo_x300_ultra-review-2957.php
2026-05-28 14:42:26,707 | INFO | 
  [62/276]
2026-05-28 14:42:26,708 | INFO |   ⏳ 17.6s (req #67)
2026-05-28 14:42:45,523 | INFO |   GET https://www.gsmarena.com/motorola_moto_g_stylus_2026-review-2956.php → 200
2026-05-28 14:42:45,538 | WARNING |   ⚠️  No data-spec fields found for motorola_moto_g_stylus_2026-review-2956.php
2026-05-28 14:42:45,538 | INFO | 
  [63/276]
2026-05-28 14:42:45,539 | INFO |   ⏳ 27.9s (req #68)
2026-05-28 14:43:14,513 | INFO |   GET https://www.gsmarena.com/newscomm-73019.php → 200
2026-05-28 14:43:14,528 | WARNING |   ⚠️  No data-spec fields found for newscomm-73019.php
2026-05-28 14:43:14,528 | INFO | 
  [64/276]
2026-05-28 14:43:14,529 | INFO |   ⏳ 16.2s (req #69)
2026-05-28 14:43:32,012 | INFO |   GET https://www.gsmarena.com/redmagic_11s_pro_in_for_review-news-73019.php → 200
2026-05-28 14:43:32,028 | WARNING |   ⚠️  No data-spec fields found for redmagic_11s_pro_in_for_review-news-73019.php
2026-05-28 14:43:32,028 | INFO | 
  [65/276]
2026-05-28 14:43:32,029 | INFO |   ⏳ 30.1s (req #70)
2026-05-28 14:44:03,141 | INFO |   GET https://www.gsmarena.com/newscomm-73008.php → 200
2026-05-28 14:44:03,155 | WARNING |   ⚠️  No data-spec fields found for newscomm-73008.php
2026-05-28 14:44:03,156 | INFO | 
  [66/276]
2026-05-28 14:44:03,156 | INFO |   ⏳ 25.3s (req #71)
2026-05-28 14:44:29,390 | INFO |   GET https://www.gsmarena.com/xiaomi_17t_17t_pro_launch_event_live_stream-news-73008.php → 200
2026-05-28 14:44:29,406 | WARNING |   ⚠️  No data-spec fields found for xiaomi_17t_17t_pro_launch_event_live_stream-news-73008.php
2026-05-28 14:44:29,406 | INFO | 
  [67/276]
2026-05-28 14:44:29,407 | INFO |   ⏳ 33.3s (req #72)
2026-05-28 14:45:04,171 | INFO |   GET https://www.gsmarena.com/newscomm-72989.php → 200
2026-05-28 14:45:04,200 | WARNING |   ⚠️  No data-spec fields found for newscomm-72989.php
2026-05-28 14:45:04,200 | INFO | 
  [68/276]
2026-05-28 14:45:04,201 | INFO |   ⏳ 38.2s (req #73)
2026-05-28 14:45:43,473 | INFO |   GET https://www.gsmarena.com/honor_600e_debuts_with_dimensity_7100_and_6520_mah_battery-n → 200
2026-05-28 14:45:43,491 | WARNING |   ⚠️  No data-spec fields found for honor_600e_debuts_with_dimensity_7100_and_6520_mah_battery-news-72989.php
2026-05-28 14:45:43,492 | INFO | 
  [69/276]
2026-05-28 14:45:43,492 | INFO |   ⏳ 16.7s (req #74)
2026-05-28 14:46:01,299 | INFO |   GET https://www.gsmarena.com/smartphone_buyers_guide-review-2036.php → 200
2026-05-28 14:46:01,323 | WARNING |   ⚠️  No data-spec fields found for smartphone_buyers_guide-review-2036.php
2026-05-28 14:46:01,324 | INFO | 
  [70/276]
2026-05-28 14:46:01,324 | INFO |   ⏳ 39.1s (req #75)
2026-05-28 14:46:41,449 | INFO |   GET https://www.gsmarena.com/motorola_edge_70_pro_plus_key_specs_geekbench-news-73021.php → 200
2026-05-28 14:46:41,467 | WARNING |   ⚠️  No data-spec fields found for motorola_edge_70_pro_plus_key_specs_geekbench-news-73021.php
2026-05-28 14:46:41,468 | INFO | 
  [71/276]
2026-05-28 14:46:41,468 | INFO |   ⏳ 28.6s (req #76)
2026-05-28 14:47:11,122 | INFO |   GET https://www.gsmarena.com/newscomm-73021.php → 200
2026-05-28 14:47:11,136 | WARNING |   ⚠️  No data-spec fields found for newscomm-73021.php
2026-05-28 14:47:11,136 | INFO | 
  [72/276]
2026-05-28 14:47:11,137 | INFO |   ⏳ 44.8s (req #77)
2026-05-28 14:47:57,019 | INFO |   GET https://www.gsmarena.com/newscomm-72999.php → 200
2026-05-28 14:47:57,031 | WARNING |   ⚠️  No data-spec fields found for newscomm-72999.php
2026-05-28 14:47:57,031 | INFO | 
  [73/276]
2026-05-28 14:47:57,032 | INFO |   ⏳ 16.6s (req #78)
2026-05-28 14:48:15,245 | INFO |   GET https://www.gsmarena.com/infinix_hot_70_unboxing-news-72999.php → 200
2026-05-28 14:48:15,261 | WARNING |   ⚠️  No data-spec fields found for infinix_hot_70_unboxing-news-72999.php
2026-05-28 14:48:15,261 | INFO | 
  [74/276]
2026-05-28 14:48:15,261 | INFO |   ⏳ 44.8s (req #79)
2026-05-28 14:49:00,991 | INFO |   GET https://www.gsmarena.com/facebook_instagram_and_whatsapp_now_offer_subscription_plans → 200
2026-05-28 14:49:01,013 | WARNING |   ⚠️  No data-spec fields found for facebook_instagram_and_whatsapp_now_offer_subscription_plans-news-73020.php
2026-05-28 14:49:01,013 | INFO | 
  [75/276]
2026-05-28 14:49:01,013 | INFO |   ⏳ 20.8s (req #80)
2026-05-28 14:49:23,149 | INFO |   GET https://www.gsmarena.com/newscomm-73020.php → 200
2026-05-28 14:49:23,176 | WARNING |   ⚠️  No data-spec fields found for newscomm-73020.php
2026-05-28 14:49:23,176 | INFO | 
  [76/276]
2026-05-28 14:49:23,176 | INFO |   ⏳ 25.0s (req #81)
2026-05-28 14:49:49,247 | INFO |   GET https://www.gsmarena.com/spotify_now_lets_you_save_and_share_clips_from_podcasts-news → 200
2026-05-28 14:49:49,262 | WARNING |   ⚠️  No data-spec fields found for spotify_now_lets_you_save_and_share_clips_from_podcasts-news-73017.php
2026-05-28 14:49:49,262 | INFO | 
  [77/276]
2026-05-28 14:49:49,262 | INFO |   ⏳ 37.7s (req #82)
2026-05-28 14:50:27,934 | INFO |   GET https://www.gsmarena.com/newscomm-73017.php → 200
2026-05-28 14:50:27,969 | WARNING |   ⚠️  No data-spec fields found for newscomm-73017.php
2026-05-28 14:50:27,972 | INFO | 
  [78/276]
2026-05-28 14:50:27,972 | INFO |   ⏳ 30.0s (req #83)
2026-05-28 14:50:59,052 | INFO |   GET https://www.gsmarena.com/youtube_will_now_more_prominently_label_aigenerated_content- → 200
2026-05-28 14:50:59,068 | WARNING |   ⚠️  No data-spec fields found for youtube_will_now_more_prominently_label_aigenerated_content-news-73018.php
2026-05-28 14:50:59,068 | INFO | 
  [79/276]
2026-05-28 14:50:59,068 | INFO |   ⏳ 34.4s (req #84)
2026-05-28 14:51:19,092 | INFO | ============================================================
2026-05-28 14:51:19,093 | INFO | BATCH 1 — Apple | Samsung | Google | OnePlus
2026-05-28 14:51:19,093 | INFO | Phones ~1,753  |  Time: 10-12 hours
2026-05-28 14:51:19,093 | INFO | Columns: 68 | Method: data-spec attributes
2026-05-28 14:51:19,093 | INFO | Started: 2026-05-28 14:51:19
2026-05-28 14:51:19,094 | INFO | ============================================================
2026-05-28 14:51:19,094 | INFO | Checking connection ...
2026-05-28 14:51:20,689 | INFO |   ✅ Connected (attempt 1)
2026-05-28 14:51:20,706 | INFO | Resuming: 50 done | 0 retry queue
2026-05-28 14:51:20,707 | INFO |   ▶ First request — no delay
2026-05-28 14:51:21,886 | INFO |   GET https://www.gsmarena.com/makers.php3 → 200
2026-05-28 14:51:21,909 | INFO | ✅ 126 brands
2026-05-28 14:51:21,909 | INFO | Matched: ['Apple', 'Google', 'Oneplus', 'Samsung']
2026-05-28 14:51:21,909 | INFO | 
============================================================
2026-05-28 14:51:21,909 | INFO | [1/4] Apple (147 phones)
2026-05-28 14:51:21,910 | INFO | Elapsed: 0min
2026-05-28 14:51:21,910 | INFO | ============================================================
2026-05-28 14:51:21,910 | INFO |   ⏳ 16.1s (req #2)
2026-05-28 14:51:39,008 | INFO |   GET https://www.gsmarena.com/apple-phones-48.php → 200
2026-05-28 14:51:39,026 | INFO |   ⏳ 31.1s (req #3)
2026-05-28 14:52:11,217 | INFO |   GET https://www.gsmarena.com/# → 200
2026-05-28 14:52:11,265 | INFO |   ⏳ 40.4s (req #4)
2026-05-28 14:52:52,641 | INFO |   GET https://www.gsmarena.com/apple-phones-f-48-0-p2.php → 200
2026-05-28 14:52:52,662 | INFO |   ⏳ 40.5s (req #5)
2026-05-28 14:53:34,361 | INFO |   GET https://www.gsmarena.com/apple-phones-f-48-0-p3.php → 200
2026-05-28 14:53:34,377 | INFO |     ✅ 260 links for Apple
2026-05-28 14:53:34,378 | INFO |   [1/260] SKIP apple_iphone_17e-14487.php
2026-05-28 14:53:34,378 | INFO |   [2/260] SKIP apple_ipad_air_13_5g_(2026)-14521.php
2026-05-28 14:53:34,378 | INFO |   [3/260] SKIP apple_ipad_air_11_5g_(2026)-14520.php
2026-05-28 14:53:34,379 | INFO |   [4/260] SKIP apple_ipad_pro_13_5g_(2025)-14233.php
2026-05-28 14:53:34,379 | INFO |   [5/260] SKIP apple_ipad_pro_11_5g_(2025)-14234.php
2026-05-28 14:53:34,379 | INFO |   [6/260] SKIP apple_iphone_17_pro_max-13964.php
2026-05-28 14:53:34,379 | INFO |   [7/260] SKIP apple_iphone_17_pro-14049.php
2026-05-28 14:53:34,379 | INFO |   [8/260] SKIP apple_iphone_17_air-13502.php
2026-05-28 14:53:34,380 | INFO |   [9/260] SKIP apple_iphone_17-14050.php
2026-05-28 14:53:34,380 | INFO |   [10/260] SKIP apple_watch_ultra_3-14130.php
2026-05-28 14:53:34,380 | INFO |   [11/260] SKIP apple_watch_series_11-14131.php
2026-05-28 14:53:34,381 | INFO |   [12/260] SKIP apple_watch_series_11_aluminum-14132.php
2026-05-28 14:53:34,381 | INFO |   [13/260] SKIP apple_watch_se_3-14133.php
2026-05-28 14:53:34,381 | INFO |   [14/260] SKIP apple_ipad_air_13_(2025)-13704.php
2026-05-28 14:53:34,381 | INFO |   [15/260] SKIP apple_ipad_air_11_(2025)-13703.php
2026-05-28 14:53:34,381 | INFO |   [16/260] SKIP apple_ipad_(2025)-13702.php
2026-05-28 14:53:34,382 | INFO |   [17/260] SKIP apple_iphone_16e-13395.php
2026-05-28 14:53:34,382 | INFO |   [18/260] SKIP apple_ipad_mini_(2024)-13437.php
2026-05-28 14:53:34,382 | INFO |   [19/260] SKIP apple_iphone_16_pro_max-13123.php
2026-05-28 14:53:34,382 | INFO |   [20/260] SKIP apple_iphone_16_pro-13315.php
2026-05-28 14:53:34,382 | INFO |   [21/260] SKIP apple_iphone_16_plus-13316.php
2026-05-28 14:53:34,383 | INFO |   [22/260] SKIP apple_iphone_16-13317.php
2026-05-28 14:53:34,383 | INFO |   [23/260] SKIP apple_watch_series_10-13318.php
2026-05-28 14:53:34,383 | INFO |   [24/260] SKIP apple_watch_series_10_aluminum-13319.php
2026-05-28 14:53:34,383 | INFO |   [25/260] SKIP apple_ipad_pro_13_(2024)-12987.php
2026-05-28 14:53:34,383 | INFO |   [26/260] SKIP apple_ipad_pro_11_(2024)-12986.php
2026-05-28 14:53:34,383 | INFO |   [27/260] SKIP apple_ipad_air_13_(2024)-12985.php
2026-05-28 14:53:34,384 | INFO |   [28/260] SKIP apple_ipad_air_11_(2024)-12984.php
2026-05-28 14:53:34,384 | INFO |   [29/260] SKIP apple_iphone_15_pro_max-12548.php
2026-05-28 14:53:34,384 | INFO |   [30/260] SKIP apple_iphone_15_pro-12557.php
2026-05-28 14:53:34,384 | INFO |   [31/260] SKIP apple_iphone_15_plus-12558.php
2026-05-28 14:53:34,385 | INFO |   [32/260] SKIP apple_iphone_15-12559.php
2026-05-28 14:53:34,385 | INFO |   [33/260] SKIP apple_watch_ultra_2-12560.php
2026-05-28 14:53:34,385 | INFO |   [34/260] SKIP apple_watch_series_9-12561.php
2026-05-28 14:53:34,385 | INFO |   [35/260] SKIP apple_watch_series_9_aluminum-12562.php
2026-05-28 14:53:34,385 | INFO |   [36/260] SKIP apple_ipad_pro_12_9_(2022)-11939.php
2026-05-28 14:53:34,386 | INFO |   [37/260] SKIP apple_ipad_pro_11_(2022)-11940.php
2026-05-28 14:53:34,386 | INFO |   [38/260] SKIP apple_ipad_(2022)-11941.php
2026-05-28 14:53:34,386 | INFO |   [39/260] SKIP apple_iphone_14_pro_max-11773.php
2026-05-28 14:53:34,386 | INFO |   [40/260] SKIP apple_iphone_14_pro-11860.php
2026-05-28 14:53:34,387 | INFO |   [41/260] SKIP apple_iphone_14_plus-11862.php
2026-05-28 14:53:34,387 | INFO |   [42/260] SKIP apple_iphone_14-11861.php
2026-05-28 14:53:34,387 | INFO |   [43/260] SKIP apple_watch_ultra-11827.php
2026-05-28 14:53:34,387 | INFO |   [44/260] SKIP apple_watch_series_8-11866.php
2026-05-28 14:53:34,388 | INFO |   [45/260] SKIP apple_watch_series_8_aluminum-11864.php
2026-05-28 14:53:34,388 | INFO |   [46/260] SKIP apple_watch_se_(2022)-11865.php
2026-05-28 14:53:34,388 | INFO |   [47/260] SKIP apple_iphone_se_(2022)-11410.php
2026-05-28 14:53:34,388 | INFO |   [48/260] SKIP apple_ipad_air_(2022)-11411.php
2026-05-28 14:53:34,388 | INFO |   [49/260] SKIP apple_iphone_13_pro_max-11089.php
2026-05-28 14:53:34,389 | INFO |   [50/260] SKIP apple_iphone_13_pro-11102.php
2026-05-28 14:53:34,389 | INFO | 
  [51/260]
2026-05-28 14:53:34,389 | INFO |   ⏳ 35.5s (req #6)
2026-05-28 14:54:10,819 | INFO |   GET https://www.gsmarena.com/newscomm-72999.php → 200
2026-05-28 14:54:10,832 | WARNING |   ⚠️  No data-spec fields found for newscomm-72999.php
2026-05-28 14:54:10,832 | INFO | 
  [52/260]
2026-05-28 14:54:10,832 | INFO |   ⏳ 29.0s (req #7)
2026-05-28 14:54:41,080 | INFO |   GET https://www.gsmarena.com/infinix_hot_70_unboxing-news-72999.php → 200
2026-05-28 14:54:41,099 | WARNING |   ⚠️  No data-spec fields found for infinix_hot_70_unboxing-news-72999.php
2026-05-28 14:54:41,100 | INFO | 
  [53/260]
2026-05-28 14:54:41,100 | INFO |   ⏳ 20.3s (req #8)
2026-05-28 14:55:02,559 | INFO |   GET https://www.gsmarena.com/newscomm-73019.php → 200
2026-05-28 14:55:02,580 | WARNING |   ⚠️  No data-spec fields found for newscomm-73019.php
2026-05-28 14:55:02,580 | INFO | 
  [54/260]
2026-05-28 14:55:02,581 | INFO |   ⏳ 32.9s (req #9)
2026-05-28 14:55:36,478 | INFO |   GET https://www.gsmarena.com/newscomm-73008.php → 200
2026-05-28 14:55:36,497 | WARNING |   ⚠️  No data-spec fields found for newscomm-73008.php
2026-05-28 14:55:36,498 | INFO | 
  [55/260]
2026-05-28 14:55:36,498 | INFO |   ⏳ 20.3s (req #10)
2026-05-28 14:55:57,884 | INFO |   GET https://www.gsmarena.com/xiaomi_17t_17t_pro_launch_event_live_stream-news-73008.php → 200
2026-05-28 14:55:57,903 | WARNING |   ⚠️  No data-spec fields found for xiaomi_17t_17t_pro_launch_event_live_stream-news-73008.php
2026-05-28 14:55:57,903 | INFO | 
  [56/260]
2026-05-28 14:55:57,903 | INFO |   ⏳ 24.7s (req #11)
2026-05-28 14:56:23,580 | INFO |   GET https://www.gsmarena.com/newscomm-73022.php → 200
2026-05-28 14:56:23,600 | WARNING |   ⚠️  No data-spec fields found for newscomm-73022.php
2026-05-28 14:56:23,601 | INFO | 
  [57/260]
2026-05-28 14:56:23,601 | INFO |   ⏳ 20.3s (req #12)
2026-05-28 14:56:45,040 | INFO |   GET https://www.gsmarena.com/samsung_galaxy_z_fold_wide_dummy_appears_in_handson_video-ne → 200
2026-05-28 14:56:45,060 | WARNING |   ⚠️  No data-spec fields found for samsung_galaxy_z_fold_wide_dummy_appears_in_handson_video-news-73022.php
2026-05-28 14:56:45,060 | INFO | 
  [58/260]
2026-05-28 14:56:45,060 | INFO |   ⏳ 36.3s (req #13)
2026-05-28 14:57:22,664 | INFO |   GET https://www.gsmarena.com/dreame_introduces_cristiano_ronaldo_as_global_ambassador_-ne → 200
2026-05-28 14:57:22,684 | WARNING |   ⚠️  No data-spec fields found for dreame_introduces_cristiano_ronaldo_as_global_ambassador_-news-73023.php
2026-05-28 14:57:22,684 | INFO | 
  [59/260]
2026-05-28 14:57:22,685 | INFO |   ⏳ 43.0s (req #14)
2026-05-28 14:58:06,901 | INFO |   GET https://www.gsmarena.com/newscomm-73023.php → 200
2026-05-28 14:58:06,910 | WARNING |   ⚠️  No data-spec fields found for newscomm-73023.php
2026-05-28 14:58:06,910 | INFO | 
  [60/260]
2026-05-28 14:58:06,910 | INFO |   ⏳ 31.0s (req #15)
2026-05-28 14:58:39,157 | INFO |   GET https://www.gsmarena.com/motorola_edge_70_pro_plus_key_specs_geekbench-news-73021.php → 200
2026-05-28 14:58:39,177 | WARNING |   ⚠️  No data-spec fields found for motorola_edge_70_pro_plus_key_specs_geekbench-news-73021.php
2026-05-28 14:58:39,177 | INFO | 
  [61/260]
2026-05-28 14:58:39,177 | INFO |   ⏳ 17.2s (req #16)
2026-05-28 14:58:57,690 | INFO |   GET https://www.gsmarena.com/newscomm-73021.php → 200
2026-05-28 14:58:57,700 | WARNING |   ⚠️  No data-spec fields found for newscomm-73021.php
2026-05-28 14:58:57,701 | INFO | 
  [62/260]
2026-05-28 14:58:57,701 | INFO |   ⏳ 22.8s (req #17)
2026-05-28 14:59:21,446 | INFO |   GET https://www.gsmarena.com/facebook_instagram_and_whatsapp_now_offer_subscription_plans → 200
2026-05-28 14:59:21,462 | WARNING |   ⚠️  No data-spec fields found for facebook_instagram_and_whatsapp_now_offer_subscription_plans-news-73020.php
2026-05-28 14:59:21,463 | INFO | 
  [63/260]
2026-05-28 14:59:21,463 | INFO |   ⏳ 16.1s (req #18)
2026-05-28 14:59:38,759 | INFO |   GET https://www.gsmarena.com/newscomm-73020.php → 200
2026-05-28 14:59:38,786 | WARNING |   ⚠️  No data-spec fields found for newscomm-73020.php
2026-05-28 14:59:38,787 | INFO | 
  [64/260]
2026-05-28 14:59:38,787 | INFO |   ⏳ 21.1s (req #19)
2026-05-28 15:00:01,176 | INFO |   GET https://www.gsmarena.com/spotify_now_lets_you_save_and_share_clips_from_podcasts-news → 200
2026-05-28 15:00:01,191 | WARNING |   ⚠️  No data-spec fields found for spotify_now_lets_you_save_and_share_clips_from_podcasts-news-73017.php
2026-05-28 15:00:01,191 | INFO | 
  [65/260]
2026-05-28 15:00:01,191 | INFO |   ⏳ 24.0s (req #20)
2026-05-28 15:00:26,263 | INFO |   GET https://www.gsmarena.com/newscomm-73017.php → 200
2026-05-28 15:00:26,280 | WARNING |   ⚠️  No data-spec fields found for newscomm-73017.php
2026-05-28 15:00:26,281 | INFO | 
  [66/260]
2026-05-28 15:00:26,281 | INFO |   ⏳ 28.3s (req #21)
2026-05-28 15:00:55,857 | INFO |   GET https://www.gsmarena.com/youtube_will_now_more_prominently_label_aigenerated_content- → 200
2026-05-28 15:00:55,874 | WARNING |   ⚠️  No data-spec fields found for youtube_will_now_more_prominently_label_aigenerated_content-news-73018.php
2026-05-28 15:00:55,874 | INFO | 
  [67/260]
2026-05-28 15:00:55,874 | INFO |   ⏳ 33.2s (req #22)
2026-05-28 15:01:30,468 | INFO |   GET https://www.gsmarena.com/newscomm-73018.php → 200
2026-05-28 15:01:30,492 | WARNING |   ⚠️  No data-spec fields found for newscomm-73018.php
2026-05-28 15:01:30,492 | INFO | 
  [68/260]
2026-05-28 15:01:30,492 | INFO |   ⏳ 26.2s (req #23)
2026-05-28 15:01:58,012 | INFO |   GET https://www.gsmarena.com/apple_increases_the_tradein_valuations_of_most_old_iphones_i → 200
2026-05-28 15:01:58,068 | WARNING |   ⚠️  No data-spec fields found for apple_increases_the_tradein_valuations_of_most_old_iphones_ipads_macs_and_watches-news-73016.php
2026-05-28 15:01:58,068 | INFO | 
  [69/260]
2026-05-28 15:01:58,069 | INFO |   ⏳ 30.6s (req #24)
2026-05-28 15:02:29,960 | INFO |   GET https://www.gsmarena.com/newscomm-73016.php → 200
2026-05-28 15:02:30,003 | WARNING |   ⚠️  No data-spec fields found for newscomm-73016.php
2026-05-28 15:02:30,004 | INFO | 
  [70/260]
2026-05-28 15:02:30,004 | INFO |   ⏳ 17.9s (req #25)
2026-05-28 15:02:49,211 | INFO |   GET https://www.gsmarena.com/ultrahuman_unveils_photon__a_249_red_light_therapy_device_th → 200
2026-05-28 15:02:49,231 | WARNING |   ⚠️  No data-spec fields found for ultrahuman_unveils_photon__a_249_red_light_therapy_device_that_is_now_on_preorder-news-73014.php
2026-05-28 15:02:49,231 | INFO | 
  [71/260]
2026-05-28 15:02:49,232 | INFO |   ⏳ 41.8s (req #26)
2026-05-28 15:03:32,343 | INFO |   GET https://www.gsmarena.com/newscomm-73014.php → 200
2026-05-28 15:03:32,377 | WARNING |   ⚠️  No data-spec fields found for newscomm-73014.php
2026-05-28 15:03:32,378 | INFO | 
  [72/260]
2026-05-28 15:03:32,378 | INFO |   ⏳ 16.4s (req #27)
2026-05-28 15:03:50,241 | INFO |   GET https://www.gsmarena.com/us_smartphone_market_shrinks_by_3_in_q1_expect_a_further_dec → 200
2026-05-28 15:03:50,258 | WARNING |   ⚠️  No data-spec fields found for us_smartphone_market_shrinks_by_3_in_q1_expect_a_further_decline_in_2026-news-73012.php
2026-05-28 15:03:50,259 | INFO | 
  [73/260]
2026-05-28 15:03:50,259 | INFO |   ⏳ 34.6s (req #28)
2026-05-28 15:04:26,081 | INFO |   GET https://www.gsmarena.com/newscomm-73012.php → 200
2026-05-28 15:04:26,105 | WARNING |   ⚠️  No data-spec fields found for newscomm-73012.php
2026-05-28 15:04:26,105 | INFO | 
  [74/260]
2026-05-28 15:04:26,105 | INFO |   ⏳ 37.9s (req #29)
2026-05-28 15:05:05,300 | INFO |   GET https://www.gsmarena.com/mediatek_unveils_dimensity_8550_with_llm_booster_and_support → 200
2026-05-28 15:05:05,323 | WARNING |   ⚠️  No data-spec fields found for mediatek_unveils_dimensity_8550_with_llm_booster_and_support_for_gemini_nano_v3-news-73013.php
2026-05-28 15:05:05,345 | INFO | 
  [75/260]
2026-05-28 15:05:05,346 | INFO |   ☕ Long pause 246s ...
2026-05-28 15:09:12,794 | INFO |   GET https://www.gsmarena.com/newscomm-73013.php → 200
2026-05-28 15:09:12,812 | WARNING |   ⚠️  No data-spec fields found for newscomm-73013.php
2026-05-28 15:09:12,813 | INFO | 
  [76/260]
2026-05-28 15:09:12,813 | INFO |   ⏳ 37.8s (req #31)
2026-05-28 15:09:51,807 | INFO |   GET https://www.gsmarena.com/the_huawei_mate_90_series_will_feature_a_3nmlike_kirin_chip- → 200
2026-05-28 15:09:51,824 | WARNING |   ⚠️  No data-spec fields found for the_huawei_mate_90_series_will_feature_a_3nmlike_kirin_chip-news-73015.php
2026-05-28 15:09:51,825 | INFO | 
  [77/260]
2026-05-28 15:09:51,825 | INFO |   ⏳ 20.1s (req #32)
2026-05-28 15:10:13,381 | INFO |   GET https://www.gsmarena.com/newscomm-73015.php → 200
2026-05-28 15:10:13,410 | WARNING |   ⚠️  No data-spec fields found for newscomm-73015.php
2026-05-28 15:10:13,410 | INFO | 
  [78/260]
2026-05-28 15:10:13,410 | INFO |   ⏳ 34.6s (req #33)
2026-05-28 15:10:49,253 | INFO |   GET https://www.gsmarena.com/apple_reportedly_developing_new_antisnatch_feature_iphone-ne → 200
2026-05-28 15:10:49,277 | WARNING |   ⚠️  No data-spec fields found for apple_reportedly_developing_new_antisnatch_feature_iphone-news-73010.php
2026-05-28 15:10:49,277 | INFO | 
  [79/260]
2026-05-28 15:10:49,278 | INFO |   ⏳ 24.2s (req #34)
2026-05-28 15:11:14,547 | INFO |   GET https://www.gsmarena.com/newscomm-73010.php → 200
2026-05-28 15:11:14,574 | WARNING |   ⚠️  No data-spec fields found for newscomm-73010.php
2026-05-28 15:11:14,575 | INFO | 
  [80/260]
2026-05-28 15:11:14,575 | INFO |   ⏳ 25.5s (req #35)
2026-05-28 15:11:41,278 | INFO |   GET https://www.gsmarena.com/samsung_chip_workers_approve_new_deal_and_will_receive_huge_ → 200
2026-05-28 15:11:41,295 | WARNING |   ⚠️  No data-spec fields found for samsung_chip_workers_approve_new_deal_and_will_receive_huge_bonuses-news-73007.php
2026-05-28 15:11:41,295 | INFO | 
  [81/260]
2026-05-28 15:11:41,296 | INFO |   ⏳ 41.9s (req #36)
2026-05-28 15:12:24,481 | INFO |   GET https://www.gsmarena.com/newscomm-73007.php → 200
2026-05-28 15:12:24,509 | WARNING |   ⚠️  No data-spec fields found for newscomm-73007.php
2026-05-28 15:12:24,510 | INFO | 
  [82/260]
2026-05-28 15:12:24,510 | INFO |   ⏳ 22.2s (req #37)
2026-05-28 15:12:48,238 | INFO |   GET https://www.gsmarena.com/redmagic_11s_pro_launces_globally__7500mah_144hz_sd_8_gen_5_ → 200
2026-05-28 15:12:48,257 | WARNING |   ⚠️  No data-spec fields found for redmagic_11s_pro_launces_globally__7500mah_144hz_sd_8_gen_5_elite_leading_edition-news-73011.php
2026-05-28 15:12:48,257 | INFO | 
  [83/260]
2026-05-28 15:12:48,257 | INFO |   ⏳ 36.7s (req #38)
2026-05-28 15:13:26,033 | INFO |   GET https://www.gsmarena.com/newscomm-73011.php → 200
2026-05-28 15:13:26,058 | WARNING |   ⚠️  No data-spec fields found for newscomm-73011.php
2026-05-28 15:13:26,058 | INFO | 
  [84/260]
2026-05-28 15:13:26,058 | INFO |   ⏳ 44.0s (req #39)
2026-05-28 15:14:11,589 | INFO |   GET https://www.gsmarena.com/omdia_europes_smartphone_market_grew_2_in_q1_but_is_expected → 200
2026-05-28 15:14:11,618 | WARNING |   ⚠️  No data-spec fields found for omdia_europes_smartphone_market_grew_2_in_q1_but_is_expected_to_fall_12_for_the_full_2026-news-73009.php
2026-05-28 15:14:11,618 | INFO | 
  [85/260]
2026-05-28 15:14:11,619 | INFO |   ⏳ 37.8s (req #40)
2026-05-28 15:14:50,502 | INFO |   GET https://www.gsmarena.com/newscomm-73009.php → 200
2026-05-28 15:14:50,520 | WARNING |   ⚠️  No data-spec fields found for newscomm-73009.php
2026-05-28 15:14:50,520 | INFO | 
  [86/260]
2026-05-28 15:14:50,521 | INFO |   ⏳ 24.4s (req #41)
2026-05-28 15:15:16,105 | INFO |   GET https://www.gsmarena.com/honor_magic9_said_to_be_powered_by_the_snapdragon_8_elite_ge → 200
2026-05-28 15:15:16,122 | WARNING |   ⚠️  No data-spec fields found for honor_magic9_said_to_be_powered_by_the_snapdragon_8_elite_gen_5_soc-news-73006.php
2026-05-28 15:15:16,122 | INFO | 
  [87/260]
2026-05-28 15:15:16,122 | INFO |   ⏳ 22.1s (req #42)
2026-05-28 15:15:39,260 | INFO |   GET https://www.gsmarena.com/newscomm-73006.php → 200
2026-05-28 15:15:39,286 | WARNING |   ⚠️  No data-spec fields found for newscomm-73006.php
2026-05-28 15:15:39,286 | INFO | 
  [88/260]
2026-05-28 15:15:39,286 | INFO |   ⏳ 37.2s (req #43)
2026-05-28 15:16:17,858 | INFO |   GET https://www.gsmarena.com/xiaomi_17t_processor_battery_details_watch_s5_launch_date-ne → 200
2026-05-28 15:16:17,877 | WARNING |   ⚠️  No data-spec fields found for xiaomi_17t_processor_battery_details_watch_s5_launch_date-news-73005.php
2026-05-28 15:16:17,878 | INFO | 
  [89/260]
2026-05-28 15:16:17,878 | INFO |   ⏳ 41.1s (req #44)
2026-05-28 15:17:00,139 | INFO |   GET https://www.gsmarena.com/newscomm-73005.php → 200
2026-05-28 15:17:00,185 | WARNING |   ⚠️  No data-spec fields found for newscomm-73005.php
2026-05-28 15:17:00,185 | INFO | 
  [90/260]
2026-05-28 15:17:00,186 | INFO |   ⏳ 33.1s (req #45)
2026-05-28 15:17:34,445 | INFO |   GET https://www.gsmarena.com/samsung-phones-9.php → 200
2026-05-28 15:17:34,472 | WARNING |   ⚠️  No data-spec fields found for samsung-phones-9.php
2026-05-28 15:17:34,472 | INFO | 
  [91/260]
2026-05-28 15:17:34,473 | INFO |   ⏳ 36.4s (req #46)
2026-05-28 15:18:11,932 | INFO |   GET https://www.gsmarena.com/apple-phones-48.php → 200
2026-05-28 15:18:11,948 | WARNING |   ⚠️  No data-spec fields found for apple-phones-48.php
2026-05-28 15:18:11,948 | INFO | 
  [92/260]
2026-05-28 15:18:11,948 | INFO |   ⏳ 22.0s (req #47)
2026-05-28 15:18:34,873 | INFO |   GET https://www.gsmarena.com/huawei-phones-58.php → 200
2026-05-28 15:18:34,889 | WARNING |   ⚠️  No data-spec fields found for huawei-phones-58.php
2026-05-28 15:18:34,889 | INFO | 
  [93/260]
2026-05-28 15:18:34,889 | INFO |   ⏳ 24.6s (req #48)
2026-05-28 15:19:00,558 | INFO |   GET https://www.gsmarena.com/nokia-phones-1.php → 200
2026-05-28 15:19:00,574 | WARNING |   ⚠️  No data-spec fields found for nokia-phones-1.php
2026-05-28 15:19:00,575 | INFO | 
  [94/260]
2026-05-28 15:19:00,575 | INFO |   ⏳ 29.4s (req #49)
2026-05-28 15:19:31,175 | INFO |   GET https://www.gsmarena.com/sony-phones-7.php → 200
2026-05-28 15:19:31,192 | WARNING |   ⚠️  No data-spec fields found for sony-phones-7.php
2026-05-28 15:19:31,192 | INFO | 
  [95/260]
2026-05-28 15:19:31,193 | INFO |   ⏳ 18.7s (req #50)
2026-05-28 15:19:51,050 | INFO |   GET https://www.gsmarena.com/lg-phones-20.php → 200
2026-05-28 15:19:51,065 | WARNING |   ⚠️  No data-spec fields found for lg-phones-20.php
2026-05-28 15:19:51,065 | INFO | 
  [96/260]
2026-05-28 15:19:51,066 | INFO |   ⏳ 28.3s (req #51)
2026-05-28 15:20:20,429 | INFO |   GET https://www.gsmarena.com/htc-phones-45.php → 200
2026-05-28 15:20:20,445 | WARNING |   ⚠️  No data-spec fields found for htc-phones-45.php
2026-05-28 15:20:20,446 | INFO | 
  [97/260]
2026-05-28 15:20:20,447 | INFO |   ⏳ 41.6s (req #52)
2026-05-28 15:21:03,137 | INFO |   GET https://www.gsmarena.com/motorola-phones-4.php → 200
2026-05-28 15:21:03,196 | WARNING |   ⚠️  No data-spec fields found for motorola-phones-4.php
2026-05-28 15:21:03,196 | INFO | 
  [98/260]
2026-05-28 15:21:03,197 | INFO |   ⏳ 35.5s (req #53)
2026-05-28 15:21:39,993 | INFO |   GET https://www.gsmarena.com/lenovo-phones-73.php → 200
2026-05-28 15:21:40,018 | WARNING |   ⚠️  No data-spec fields found for lenovo-phones-73.php
2026-05-28 15:21:40,019 | INFO | 
  [99/260]
2026-05-28 15:21:40,019 | INFO |   ⏳ 22.8s (req #54)
2026-05-28 15:22:03,861 | INFO |   GET https://www.gsmarena.com/xiaomi-phones-80.php → 200
2026-05-28 15:22:03,889 | WARNING |   ⚠️  No data-spec fields found for xiaomi-phones-80.php
2026-05-28 15:22:03,890 | INFO | 
  [100/260]
2026-05-28 15:22:03,890 | INFO |   ⏳ 29.0s (req #55)
2026-05-28 15:22:33,955 | INFO |   GET https://www.gsmarena.com/google-phones-107.php → 200
2026-05-28 15:22:33,973 | WARNING |   ⚠️  No data-spec fields found for google-phones-107.php
2026-05-28 15:22:33,974 | INFO | 
  [101/260]
2026-05-28 15:22:33,974 | INFO |   ⏳ 35.2s (req #56)
2026-05-28 15:23:10,511 | INFO |   GET https://www.gsmarena.com/honor-phones-121.php → 200
2026-05-28 15:23:10,531 | WARNING |   ⚠️  No data-spec fields found for honor-phones-121.php
2026-05-28 15:23:10,531 | INFO | 
  [102/260]
2026-05-28 15:23:10,531 | INFO |   ⏳ 26.6s (req #57)
2026-05-28 15:23:38,160 | INFO |   GET https://www.gsmarena.com/oppo-phones-82.php → 200
2026-05-28 15:23:38,174 | WARNING |   ⚠️  No data-spec fields found for oppo-phones-82.php
2026-05-28 15:23:38,174 | INFO | 
  [103/260]
2026-05-28 15:23:38,175 | INFO |   ⏳ 42.8s (req #58)
2026-05-28 15:24:22,190 | INFO |   GET https://www.gsmarena.com/realme-phones-118.php → 200
2026-05-28 15:24:22,204 | WARNING |   ⚠️  No data-spec fields found for realme-phones-118.php
2026-05-28 15:24:22,204 | INFO | 
  [104/260]
2026-05-28 15:24:22,204 | INFO |   ⏳ 17.0s (req #59)
2026-05-28 15:24:40,418 | INFO |   GET https://www.gsmarena.com/oneplus-phones-95.php → 200
2026-05-28 15:24:40,456 | WARNING |   ⚠️  No data-spec fields found for oneplus-phones-95.php
2026-05-28 15:24:40,457 | INFO | 
  [105/260]
2026-05-28 15:24:40,457 | INFO |   ☕ Long pause 198s ...
2026-05-28 15:27:59,479 | INFO |   GET https://www.gsmarena.com/nothing-phones-128.php → 200
2026-05-28 15:27:59,490 | WARNING |   ⚠️  No data-spec fields found for nothing-phones-128.php
2026-05-28 15:27:59,490 | INFO | 
  [106/260]
2026-05-28 15:27:59,490 | INFO |   ⏳ 39.2s (req #61)
2026-05-28 15:28:39,823 | INFO |   GET https://www.gsmarena.com/vivo-phones-98.php → 200
2026-05-28 15:28:39,841 | WARNING |   ⚠️  No data-spec fields found for vivo-phones-98.php
2026-05-28 15:28:39,841 | INFO | 
  [107/260]
2026-05-28 15:28:39,842 | INFO |   ⏳ 44.2s (req #62)
2026-05-28 15:29:25,185 | INFO |   GET https://www.gsmarena.com/meizu-phones-74.php → 200
2026-05-28 15:29:25,209 | WARNING |   ⚠️  No data-spec fields found for meizu-phones-74.php
2026-05-28 15:29:25,210 | INFO | 
  [108/260]
2026-05-28 15:29:25,210 | INFO |   ⏳ 36.5s (req #63)
2026-05-28 15:30:03,892 | INFO |   GET https://www.gsmarena.com/ulefone_-phones-124.php → 200
2026-05-28 15:30:03,938 | WARNING |   ⚠️  No data-spec fields found for ulefone_-phones-124.php
2026-05-28 15:30:03,938 | INFO | 
  [109/260]
2026-05-28 15:30:03,939 | INFO |   ⏳ 36.2s (req #64)
2026-05-28 15:30:41,267 | INFO |   GET https://www.gsmarena.com/alcatel-phones-5.php → 200
2026-05-28 15:30:41,285 | WARNING |   ⚠️  No data-spec fields found for alcatel-phones-5.php
2026-05-28 15:30:41,285 | INFO | 
  [110/260]
2026-05-28 15:30:41,286 | INFO |   ⏳ 40.0s (req #65)
2026-05-28 15:31:22,534 | INFO |   GET https://www.gsmarena.com/zte-phones-62.php → 200
2026-05-28 15:31:22,548 | WARNING |   ⚠️  No data-spec fields found for zte-phones-62.php
2026-05-28 15:31:22,548 | INFO | 
  [111/260]
2026-05-28 15:31:22,548 | INFO |   ⏳ 21.4s (req #66)
2026-05-28 15:31:45,551 | INFO |   GET https://www.gsmarena.com/rugone-phones-136.php → 200
2026-05-28 15:31:45,561 | WARNING |   ⚠️  No data-spec fields found for rugone-phones-136.php
2026-05-28 15:31:45,562 | INFO | 
  [112/260]
2026-05-28 15:31:45,562 | INFO |   ⏳ 38.6s (req #67)
2026-05-28 15:32:25,204 | INFO |   GET https://www.gsmarena.com/umidigi-phones-135.php → 200
2026-05-28 15:32:25,217 | WARNING |   ⚠️  No data-spec fields found for umidigi-phones-135.php
2026-05-28 15:32:25,217 | INFO | 
  [113/260]
2026-05-28 15:32:25,218 | INFO |   ⏳ 42.0s (req #68)
2026-05-28 15:33:08,427 | INFO |   GET https://www.gsmarena.com/coolpad-phones-105.php → 200
2026-05-28 15:33:08,466 | WARNING |   ⚠️  No data-spec fields found for coolpad-phones-105.php
2026-05-28 15:33:08,466 | INFO | 
  [114/260]
2026-05-28 15:33:08,466 | INFO |   ⏳ 37.9s (req #69)
2026-05-28 15:33:47,734 | INFO |   GET https://www.gsmarena.com/oscal-phones-134.php → 200
2026-05-28 15:33:47,746 | WARNING |   ⚠️  No data-spec fields found for oscal-phones-134.php
2026-05-28 15:33:47,746 | INFO | 
  [115/260]
2026-05-28 15:33:47,747 | INFO |   ⏳ 39.8s (req #70)
2026-05-28 15:34:28,693 | INFO |   GET https://www.gsmarena.com/sharp-phones-23.php → 200
2026-05-28 15:34:28,708 | WARNING |   ⚠️  No data-spec fields found for sharp-phones-23.php
2026-05-28 15:34:28,708 | INFO | 
  [116/260]
2026-05-28 15:34:28,708 | INFO |   ⏳ 23.6s (req #71)
2026-05-28 15:34:53,421 | INFO |   GET https://www.gsmarena.com/micromax-phones-66.php → 200
2026-05-28 15:34:53,435 | WARNING |   ⚠️  No data-spec fields found for micromax-phones-66.php
2026-05-28 15:34:53,436 | INFO | 
  [117/260]
2026-05-28 15:34:53,436 | INFO |   ⏳ 23.2s (req #72)
2026-05-28 15:35:17,743 | INFO |   GET https://www.gsmarena.com/infinix-phones-119.php → 200
2026-05-28 15:35:17,757 | WARNING |   ⚠️  No data-spec fields found for infinix-phones-119.php
2026-05-28 15:35:17,758 | INFO | 
  [118/260]
2026-05-28 15:35:17,758 | INFO |   ⏳ 26.5s (req #73)
2026-05-28 15:35:45,401 | INFO |   GET https://www.gsmarena.com/asus-phones-46.php → 200
2026-05-28 15:35:45,423 | WARNING |   ⚠️  No data-spec fields found for asus-phones-46.php
2026-05-28 15:35:45,424 | INFO | 
  [119/260]
2026-05-28 15:35:45,424 | INFO |   ⏳ 29.2s (req #74)
2026-05-28 15:36:15,801 | INFO |   GET https://www.gsmarena.com/tecno-phones-120.php → 200
2026-05-28 15:36:15,816 | WARNING |   ⚠️  No data-spec fields found for tecno-phones-120.php
2026-05-28 15:36:15,816 | INFO | 
  [120/260]
2026-05-28 15:36:15,817 | INFO |   ⏳ 18.1s (req #75)
2026-05-28 15:36:35,156 | INFO |   GET https://www.gsmarena.com/doogee-phones-129.php → 200
2026-05-28 15:36:35,171 | WARNING |   ⚠️  No data-spec fields found for doogee-phones-129.php
2026-05-28 15:36:35,171 | INFO | 
  [121/260]
2026-05-28 15:36:35,172 | INFO |   ⏳ 39.3s (req #76)
2026-05-28 15:37:15,602 | INFO |   GET https://www.gsmarena.com/blackview-phones-116.php → 200
2026-05-28 15:37:15,616 | WARNING |   ⚠️  No data-spec fields found for blackview-phones-116.php
2026-05-28 15:37:15,616 | INFO | 
  [122/260]
2026-05-28 15:37:15,616 | INFO |   ⏳ 29.3s (req #77)
2026-05-28 15:37:46,019 | INFO |   GET https://www.gsmarena.com/cubot-phones-130.php → 200
2026-05-28 15:37:46,037 | WARNING |   ⚠️  No data-spec fields found for cubot-phones-130.php
2026-05-28 15:37:46,037 | INFO | 
  [123/260]
2026-05-28 15:37:46,038 | INFO |   ⏳ 36.6s (req #78)
2026-05-28 15:38:23,900 | INFO |   GET https://www.gsmarena.com/oukitel-phones-132.php → 200
2026-05-28 15:38:23,916 | WARNING |   ⚠️  No data-spec fields found for oukitel-phones-132.php
2026-05-28 15:38:23,916 | INFO | 
  [124/260]
2026-05-28 15:38:23,917 | INFO |   ⏳ 31.2s (req #79)
2026-05-28 15:38:56,565 | INFO |   GET https://www.gsmarena.com/itel-phones-131.php → 200
2026-05-28 15:38:56,581 | WARNING |   ⚠️  No data-spec fields found for itel-phones-131.php
2026-05-28 15:38:56,582 | INFO | 
  [125/260]
2026-05-28 15:38:56,582 | INFO |   ⏳ 34.6s (req #80)
2026-05-28 15:39:32,404 | INFO |   GET https://www.gsmarena.com/tcl-phones-123.php → 200
2026-05-28 15:39:32,421 | WARNING |   ⚠️  No data-spec fields found for tcl-phones-123.php
2026-05-28 15:39:32,423 | INFO | 
  [126/260]
2026-05-28 15:39:32,423 | INFO |   ⏳ 23.0s (req #81)
2026-05-28 15:39:56,672 | INFO |   GET https://www.gsmarena.com/zte_nubia_redmagic_11s_pro_5g-14669.php → 200
2026-05-28 15:39:56,711 | INFO |       📱 ZTE nubia RedMagic 11S Pro | Main=50.0MP | Selfie=16.0MP | AnTuTu=None | Price=$None | IP=None | Populated=52/68 fields
2026-05-28 15:39:56,715 | INFO |   💾 [1/260] saved
2026-05-28 15:39:56,715 | INFO | 
  [127/260]
2026-05-28 15:39:56,715 | INFO |   ⏳ 26.1s (req #82)
2026-05-28 15:40:24,013 | INFO |   GET https://www.gsmarena.com/vivo_s60_5g-14692.php → 200
2026-05-28 15:40:24,042 | INFO |       📱 vivo S60 | Main=50.0MP | Selfie=50.0MP | AnTuTu=None | Price=$None | IP=IP68 | Populated=51/68 fields
2026-05-28 15:40:24,046 | INFO |   💾 [2/260] saved
2026-05-28 15:40:24,047 | INFO | 
  [128/260]
2026-05-28 15:40:24,047 | INFO |   ⏳ 43.0s (req #83)
2026-05-28 15:41:08,249 | INFO |   GET https://www.gsmarena.com/ulefone_tab_a12_pro-14695.php → 200
2026-05-28 15:41:08,275 | INFO |       📱 Ulefone Tab A12 Pro | Main=13.0MP | Selfie=5.0MP | AnTuTu=None | Price=$None | IP=None | Populated=43/68 fields
2026-05-28 15:41:08,279 | INFO |   💾 [3/260] saved
2026-05-28 15:41:08,280 | INFO | 
  [129/260]
2026-05-28 15:41:08,281 | INFO |   ⏳ 20.0s (req #84)
2026-05-28 15:41:29,546 | INFO |   GET https://www.gsmarena.com/xiaomi_17_max_5g-14667.php → 200
2026-05-28 15:41:29,574 | INFO |       📱 Xiaomi 17 Max | Main=200.0MP | Selfie=32.0MP | AnTuTu=None | Price=$None | IP=IP68 | Populated=52/68 fields
2026-05-28 15:41:29,581 | INFO |   💾 [4/260] saved
2026-05-28 15:41:29,582 | INFO | 
  [130/260]
2026-05-28 15:41:29,582 | INFO |   ⏳ 25.1s (req #85)
2026-05-28 15:41:55,761 | INFO |   GET https://www.gsmarena.com/vivo_s60_vitality_5g-14693.php → 200
2026-05-28 15:41:55,785 | INFO |       📱 vivo S60 Vitality | Main=50.0MP | Selfie=50.0MP | AnTuTu=None | Price=$None | IP=IP68 | Populated=49/68 fields
2026-05-28 15:41:55,790 | INFO |   💾 [5/260] saved
2026-05-28 15:41:55,790 | INFO | 
  [131/260]
2026-05-28 15:41:55,790 | INFO |   ⏳ 36.0s (req #86)
2026-05-28 15:42:32,833 | INFO |   GET https://www.gsmarena.com/vivo_y600_turbo_5g-14687.php → 200
2026-05-28 15:42:32,863 | INFO |       📱 vivo Y600 Turbo | Main=50.0MP | Selfie=8.0MP | AnTuTu=None | Price=$None | IP=IP68 | Populated=47/68 fields
2026-05-28 15:42:32,868 | INFO |   💾 [6/260] saved
2026-05-28 15:42:32,868 | INFO | 
  [132/260]
2026-05-28 15:42:32,869 | INFO |   ⏳ 33.1s (req #87)
2026-05-28 15:43:07,134 | INFO |   GET https://www.gsmarena.com/honor_600e_5g-14688.php → 200
2026-05-28 15:43:07,167 | INFO |       📱 Honor 600e | Main=108.0MP | Selfie=16.0MP | AnTuTu=None | Price=$None | IP=IP66 | Populated=48/68 fields
2026-05-28 15:43:07,172 | INFO |   💾 [7/260] saved
2026-05-28 15:43:07,172 | INFO | 
  [133/260]
2026-05-28 15:43:07,172 | INFO |   ⏳ 39.5s (req #88)
2026-05-28 15:43:48,192 | INFO |   GET https://www.gsmarena.com/honor_600_pro_5g_(china)-14680.php → 200
2026-05-28 15:43:48,219 | INFO |       📱 Honor 600 Pro (China) | Main=200.0MP | Selfie=50.0MP | AnTuTu=None | Price=$None | IP=IP68 | Populated=53/68 fields
2026-05-28 15:43:48,224 | INFO |   💾 [8/260] saved
2026-05-28 15:43:48,224 | INFO | 
  [134/260]
2026-05-28 15:43:48,225 | INFO |   ⏳ 16.2s (req #89)
2026-05-28 15:44:05,704 | INFO |   GET https://www.gsmarena.com/oppo_reno16_pro_5g_(china)-14675.php → 200
2026-05-28 15:44:05,729 | INFO |       📱 Oppo Reno16 Pro (China) | Main=200.0MP | Selfie=50.0MP | AnTuTu=None | Price=$None | IP=IP68 | Populated=51/68 fields
2026-05-28 15:44:05,736 | INFO |   💾 [9/260] saved
2026-05-28 15:44:05,736 | INFO | 
  [135/260]
2026-05-28 15:44:05,737 | INFO |   ☕ Long pause 242s ...
2026-05-28 15:48:08,915 | INFO |   GET https://www.gsmarena.com/realme_16t_5g-14674.php → 200
2026-05-28 15:48:08,946 | INFO |       📱 Realme 16T | Main=50.0MP | Selfie=16.0MP | AnTuTu=438780 | Price=$None | IP=IP68 | Populated=51/68 fields
2026-05-28 15:48:08,950 | INFO |   💾 [10/260] saved
2026-05-28 15:48:08,950 | INFO | 
  [136/260]
2026-05-28 15:48:08,951 | INFO |   ⏳ 32.1s (req #91)
2026-05-28 15:48:42,280 | INFO |   GET https://www.gsmarena.com/honor_600_5g-14605.php → 200
2026-05-28 15:48:42,317 | INFO |       📱 Honor 600 | Main=200.0MP | Selfie=50.0MP | AnTuTu=1087148 | Price=$505.3 | IP=IP68 | Populated=60/68 fields
2026-05-28 15:48:42,321 | INFO |   💾 [11/260] saved
2026-05-28 15:48:42,321 | INFO | 
  [137/260]
2026-05-28 15:48:42,322 | INFO |   ⏳ 16.6s (req #92)
2026-05-28 15:49:00,216 | INFO |   GET https://www.gsmarena.com/sony_xperia_1_viii_5g-14660.php → 200
2026-05-28 15:49:00,256 | INFO |       📱 Sony Xperia 1 VIII | Main=48.0MP | Selfie=12.0MP | AnTuTu=2312684 | Price=$None | IP=IP65 | Populated=63/68 fields
2026-05-28 15:49:00,260 | INFO |   💾 [12/260] saved
2026-05-28 15:49:00,260 | INFO | 
  [138/260]
2026-05-28 15:49:00,261 | INFO |   ⏳ 35.1s (req #93)
2026-05-28 15:49:36,858 | INFO |   GET https://www.gsmarena.com/honor_600_pro_5g-14604.php → 200
2026-05-28 15:49:36,890 | INFO |       📱 Honor 600 Pro | Main=200.0MP | Selfie=50.0MP | AnTuTu=2221352 | Price=$834.56 | IP=IP68 | Populated=60/68 fields
2026-05-28 15:49:36,895 | INFO |   💾 [13/260] saved
2026-05-28 15:49:36,895 | INFO | 
  [139/260]
2026-05-28 15:49:36,896 | INFO |   ⏳ 16.9s (req #94)
2026-05-28 15:49:55,187 | INFO |   GET https://www.gsmarena.com/motorola_moto_g87_5g-14644.php → 200
2026-05-28 15:49:55,217 | INFO |       📱 Motorola Moto G87 | Main=200.0MP | Selfie=32.0MP | AnTuTu=None | Price=$None | IP=IP68 | Populated=49/68 fields
2026-05-28 15:49:55,222 | INFO |   💾 [14/260] saved
2026-05-28 15:49:55,222 | INFO | 
  [140/260]
2026-05-28 15:49:55,222 | INFO |   ⏳ 21.4s (req #95)
2026-05-28 15:50:18,226 | INFO |   GET https://www.gsmarena.com/motorola_moto_g47-14645.php → 200
2026-05-28 15:50:18,262 | INFO |       📱 Motorola Moto G47 | Main=108.0MP | Selfie=8.0MP | AnTuTu=None | Price=$None | IP=IP64 | Populated=49/68 fields
2026-05-28 15:50:18,266 | INFO |   💾 [15/260] saved
2026-05-28 15:50:18,267 | INFO | 
  [141/260]
2026-05-28 15:50:18,267 | INFO |   ⏳ 34.9s (req #96)
2026-05-28 15:50:54,373 | INFO |   GET https://www.gsmarena.com/motorola_razr_70_ultra-14641.php → 200
2026-05-28 15:50:54,406 | INFO |       📱 Motorola Razr 70 Ultra | Main=50.0MP | Selfie=50.0MP | AnTuTu=None | Price=$None | IP=IP48 | Populated=53/68 fields
2026-05-28 15:50:54,410 | INFO |   💾 [16/260] saved
2026-05-28 15:50:54,411 | INFO | 
  [142/260]
2026-05-28 15:50:54,411 | INFO |   ⏳ 24.4s (req #97)
2026-05-28 15:51:20,075 | INFO |   GET https://www.gsmarena.com/motorola_razr_70-14643.php → 200
2026-05-28 15:51:20,121 | INFO |       📱 Motorola Razr 70 | Main=50.0MP | Selfie=32.0MP | AnTuTu=None | Price=$None | IP=IP48 | Populated=54/68 fields
2026-05-28 15:51:20,125 | INFO |   💾 [17/260] saved
2026-05-28 15:51:20,125 | INFO | 
  [143/260]
2026-05-28 15:51:20,125 | INFO |   ⏳ 42.7s (req #98)
2026-05-28 15:52:04,316 | INFO |   GET https://www.gsmarena.com/vivo_x300_ultra_5g-14388.php → 200
2026-05-28 15:52:04,350 | INFO |       📱 vivo X300 Ultra | Main=200.0MP | Selfie=50.0MP | AnTuTu=2723497 | Price=$None | IP=IP68 | Populated=62/68 fields
2026-05-28 15:52:04,355 | INFO |   💾 [18/260] saved
2026-05-28 15:52:04,355 | INFO | 
  [144/260]
2026-05-28 15:52:04,355 | INFO |   ⏳ 39.5s (req #99)
2026-05-28 15:52:46,099 | INFO |   GET https://www.gsmarena.com/samsung_galaxy_a57-14379.php → 200
2026-05-28 15:52:46,136 | INFO |       📱 Samsung Galaxy A57 | Main=50.0MP | Selfie=12.0MP | AnTuTu=1001995 | Price=$489.99 | IP=IP68 | Populated=63/68 fields
2026-05-28 15:52:46,144 | INFO |   💾 [19/260] saved
2026-05-28 15:52:46,160 | INFO | 
  [145/260]
2026-05-28 15:52:46,161 | INFO |   ⏳ 35.8s (req #100)
2026-05-28 15:53:24,591 | INFO |   GET https://www.gsmarena.com/samsung_galaxy_s26_ultra-14320.php → 200
2026-05-28 15:53:24,631 | INFO |       📱 Samsung Galaxy S26 Ultra | Main=200.0MP | Selfie=12.0MP | AnTuTu=2627986 | Price=$1049.99 | IP=IP68 | Populated=66/68 fields
2026-05-28 15:53:24,635 | INFO |   💾 [20/260] saved
2026-05-28 15:53:24,636 | INFO | 
  [146/260]
2026-05-28 15:53:24,636 | INFO |   ⏳ 37.4s (req #101)
2026-05-28 15:54:04,529 | INFO |   GET https://www.gsmarena.com/xiaomi_17_max-14667.php → 200
2026-05-28 15:54:04,555 | INFO |       📱 Xiaomi 17 Max | Main=200.0MP | Selfie=32.0MP | AnTuTu=None | Price=$None | IP=IP68 | Populated=52/68 fields
2026-05-28 15:54:04,560 | INFO |   💾 [21/260] saved
2026-05-28 15:54:04,561 | INFO | 
  [147/260]
2026-05-28 15:54:04,562 | INFO |   ⏳ 19.9s (req #102)
2026-05-28 15:54:27,156 | INFO |   GET https://www.gsmarena.com/samsung_galaxy_a17-14041.php → 200
2026-05-28 15:54:27,222 | INFO |       📱 Samsung Galaxy A17 | Main=50.0MP | Selfie=13.0MP | AnTuTu=435787 | Price=$99.88 | IP=IP54 | Populated=59/68 fields
2026-05-28 15:54:27,227 | INFO |   💾 [22/260] saved
2026-05-28 15:54:27,227 | INFO | 
  [148/260]
2026-05-28 15:54:27,229 | INFO |   ⏳ 30.7s (req #103)
2026-05-28 15:55:00,348 | INFO |   GET https://www.gsmarena.com/sony_xperia_1_viii-14660.php → 200
2026-05-28 15:55:00,396 | INFO |       📱 Sony Xperia 1 VIII | Main=48.0MP | Selfie=12.0MP | AnTuTu=2312684 | Price=$None | IP=IP65 | Populated=63/68 fields
2026-05-28 15:55:00,401 | INFO |   💾 [23/260] saved
2026-05-28 15:55:00,401 | INFO | 
  [149/260]
2026-05-28 15:55:00,401 | INFO |   ⏳ 19.8s (req #104)
2026-05-28 15:55:22,656 | INFO |   GET https://www.gsmarena.com/xiaomi_redmi_note_15-14328.php → 200
2026-05-28 15:55:22,712 | INFO |       📱 Xiaomi Redmi Note 15 | Main=108.0MP | Selfie=20.0MP | AnTuTu=637266 | Price=$254.99 | IP=IP66 | Populated=61/68 fields
2026-05-28 15:55:22,716 | INFO |   💾 [24/260] saved
2026-05-28 15:55:22,716 | INFO | 
  [150/260]
2026-05-28 15:55:22,716 | INFO |   ⏳ 35.6s (req #105)
2026-05-28 15:55:59,827 | INFO |   GET https://www.gsmarena.com/infinix_hot_70-14683.php → 200
2026-05-28 15:55:59,860 | INFO |       📱 Infinix Hot 70 | Main=50.0MP | Selfie=8.0MP | AnTuTu=None | Price=$None | IP=IP65 | Populated=48/68 fields
2026-05-28 15:55:59,864 | INFO |   💾 [25/260] saved
2026-05-28 15:55:59,864 | INFO | 
  [151/260]
2026-05-28 15:55:59,865 | INFO |   ⏳ 16.7s (req #106)
2026-05-28 15:56:21,330 | INFO |   GET https://www.gsmarena.com/honor_600_pro-14604.php → 200
2026-05-28 15:56:21,371 | INFO |       📱 Honor 600 Pro | Main=200.0MP | Selfie=50.0MP | AnTuTu=2221352 | Price=$834.56 | IP=IP68 | Populated=60/68 fields
2026-05-28 15:56:21,375 | INFO |   💾 [26/260] saved
2026-05-28 15:56:21,376 | INFO | 
  [152/260]
2026-05-28 15:56:21,376 | INFO |   ⏳ 20.9s (req #107)
2026-05-28 15:56:44,381 | INFO |   GET https://www.gsmarena.com/honor_600-14605.php → 200
2026-05-28 15:56:44,428 | INFO |       📱 Honor 600 | Main=200.0MP | Selfie=50.0MP | AnTuTu=1087148 | Price=$503.86 | IP=IP68 | Populated=60/68 fields
2026-05-28 15:56:44,432 | INFO |   💾 [27/260] saved
2026-05-28 15:56:44,432 | INFO | 
  [153/260]
2026-05-28 15:56:44,432 | INFO |   ⏳ 34.5s (req #108)
2026-05-28 15:57:20,526 | INFO |   GET https://www.gsmarena.com/samsung_galaxy_a56-13603.php → 200
2026-05-28 15:57:20,568 | INFO |       📱 Samsung Galaxy A56 | Main=50.0MP | Selfie=12.0MP | AnTuTu=908689 | Price=$369.5 | IP=IP67 | Populated=63/68 fields
2026-05-28 15:57:20,572 | INFO |   💾 [28/260] saved
2026-05-28 15:57:20,573 | INFO | 
  [154/260]
2026-05-28 15:57:20,573 | INFO |   ⏳ 16.6s (req #109)
2026-05-28 15:57:38,445 | INFO |   GET https://www.gsmarena.com/xiaomi_15_ultra-13657.php → 200
2026-05-28 15:57:38,483 | INFO |       📱 Xiaomi 15 Ultra | Main=50.0MP | Selfie=32.0MP | AnTuTu=None | Price=$None | IP=IP68 | Populated=59/68 fields
2026-05-28 15:57:38,487 | INFO |   💾 [29/260] saved
2026-05-28 15:57:38,488 | INFO | 
  [155/260]
2026-05-28 15:57:38,488 | INFO |   ⏳ 27.8s (req #110)
2026-05-28 15:58:07,517 | INFO |   GET https://www.gsmarena.com/xiaomi_poco_x7_pro-13582.php → 200
2026-05-28 15:58:07,557 | INFO |       📱 Xiaomi Poco X7 Pro | Main=50.0MP | Selfie=20.0MP | AnTuTu=1568331 | Price=$374.0 | IP=IP68 | Populated=62/68 fields
2026-05-28 15:58:07,563 | INFO |   💾 [30/260] saved
2026-05-28 15:58:07,564 | INFO | 
  [156/260]
2026-05-28 15:58:07,564 | INFO |   ⏳ 36.9s (req #111)
2026-05-28 15:58:46,939 | INFO |   GET https://www.gsmarena.com/xiaomi_17_pro_max-14181.php → 200
2026-05-28 15:58:46,981 | INFO |       📱 Xiaomi 17 Pro Max | Main=50.0MP | Selfie=50.0MP | AnTuTu=2456317 | Price=$None | IP=IP68 | Populated=60/68 fields
2026-05-28 15:58:46,985 | INFO |   💾 [31/260] saved
2026-05-28 15:58:46,985 | INFO | 
  [157/260]
2026-05-28 15:58:46,986 | INFO |   ⏳ 42.5s (req #112)
2026-05-28 15:59:32,302 | INFO |   GET https://www.gsmarena.com/oneplus_15-14206.php → 200
2026-05-28 15:59:32,345 | INFO |       📱 OnePlus 15 | Main=50.0MP | Selfie=32.0MP | AnTuTu=2790237 | Price=$729.95 | IP=IP68 | Populated=65/68 fields
2026-05-28 15:59:32,349 | INFO |   💾 [32/260] saved
2026-05-28 15:59:32,349 | INFO | 
  [158/260]
2026-05-28 15:59:32,349 | INFO |   ⏳ 23.2s (req #113)
2026-05-28 15:59:56,979 | INFO |   GET https://www.gsmarena.com/samsung_galaxy_s25-13610.php → 200
2026-05-28 15:59:57,041 | INFO |       📱 Samsung Galaxy S25 | Main=50.0MP | Selfie=12.0MP | AnTuTu=2193701 | Price=$434.0 | IP=IP68 | Populated=66/68 fields
2026-05-28 15:59:57,045 | INFO |   💾 [33/260] saved
2026-05-28 15:59:57,045 | INFO | 
  [159/260]
2026-05-28 15:59:57,046 | INFO |   ⏳ 44.6s (req #114)
2026-05-28 16:00:44,114 | INFO |   GET https://www.gsmarena.com/xiaomi_17_ultra-14380.php → 200
2026-05-28 16:00:44,150 | INFO |       📱 Xiaomi 17 Ultra | Main=50.0MP | Selfie=50.0MP | AnTuTu=2777490 | Price=$None | IP=IP68 | Populated=63/68 fields
2026-05-28 16:00:44,154 | INFO |   💾 [34/260] saved
2026-05-28 16:00:44,154 | INFO | 
  [160/260]
2026-05-28 16:00:44,155 | INFO |   ⏳ 25.9s (req #115)
2026-05-28 16:01:11,730 | INFO |   GET https://www.gsmarena.com/oppo_find_x9_pro-14094.php → 200
2026-05-28 16:01:11,954 | INFO |       📱 Oppo Find X9 Pro | Main=50.0MP | Selfie=50.0MP | AnTuTu=2719560 | Price=$None | IP=IP68 | Populated=62/68 fields
2026-05-28 16:01:11,964 | INFO |   💾 [35/260] saved
2026-05-28 16:01:11,970 | INFO | 
  [161/260]
2026-05-28 16:01:11,974 | INFO |   ⏳ 17.0s (req #116)
2026-05-28 16:01:30,372 | INFO |   GET https://www.arenaev.com/mercedesamg_announces_prices_for_the_new_allelectric_gt-news- → 200
2026-05-28 16:01:30,397 | WARNING |   ⚠️  No data-spec fields found for https://www.arenaev.com/mercedesamg_announces_prices_for_the_new_allelectric_gt-news-5919.php
2026-05-28 16:01:30,397 | INFO | 
  [162/260]
2026-05-28 16:01:30,397 | INFO |   ⏳ 32.4s (req #117)
2026-05-28 16:02:04,054 | INFO |   GET https://www.arenaev.com/nextgen_hyundai_kona_spotted_testing-news-5918.php → 200
2026-05-28 16:02:04,068 | WARNING |   ⚠️  No data-spec fields found for https://www.arenaev.com/nextgen_hyundai_kona_spotted_testing-news-5918.php
2026-05-28 16:02:04,069 | INFO | 
  [163/260]
2026-05-28 16:02:04,069 | INFO |   ⏳ 32.4s (req #118)
2026-05-28 16:02:37,641 | INFO |   GET https://www.arenaev.com/volvo_integrates_20000_european_tesla_superchargers_into_nati → 200
2026-05-28 16:02:37,656 | WARNING |   ⚠️  No data-spec fields found for https://www.arenaev.com/volvo_integrates_20000_european_tesla_superchargers_into_native_app-news-5917.php
2026-05-28 16:02:37,656 | INFO | 
  [164/260]
2026-05-28 16:02:37,656 | INFO |   ⏳ 43.5s (req #119)
2026-05-28 16:03:22,388 | INFO |   GET https://www.arenaev.com/analysis_of_mercedesbenz_eqxx-news-249.php → 200
2026-05-28 16:03:22,406 | WARNING |   ⚠️  No data-spec fields found for https://www.arenaev.com/analysis_of_mercedesbenz_eqxx-news-249.php
2026-05-28 16:03:22,406 | INFO | 
  [165/260]
2026-05-28 16:03:22,406 | INFO |   ☕ Long pause 215s ...
2026-05-28 16:06:59,062 | INFO |   GET https://www.gsmarena.com/apple_iphone_13-11103.php → 200
2026-05-28 16:06:59,105 | INFO |       📱 Apple iPhone 13 | Main=12.0MP | Selfie=12.0MP | AnTuTu=775519 | Price=$249.99 | IP=IP68 | Populated=62/68 fields
2026-05-28 16:06:59,109 | INFO |   💾 [36/260] saved
2026-05-28 16:06:59,110 | INFO | 
  [166/260]
2026-05-28 16:06:59,110 | INFO |   ⏳ 25.7s (req #121)
2026-05-28 16:07:26,063 | INFO |   GET https://www.gsmarena.com/apple_iphone_13_mini-11104.php → 200
2026-05-28 16:07:26,103 | INFO |       📱 Apple iPhone 13 mini | Main=12.0MP | Selfie=12.0MP | AnTuTu=772512 | Price=$231.5 | IP=IP68 | Populated=61/68 fields
2026-05-28 16:07:26,109 | INFO |   💾 [37/260] saved
2026-05-28 16:07:26,113 | INFO | 
  [167/260]
2026-05-28 16:07:26,117 | INFO |   ⏳ 27.5s (req #122)
2026-05-28 16:07:54,972 | INFO |   GET https://www.gsmarena.com/apple_ipad_mini_(2021)-11105.php → 200
2026-05-28 16:07:55,009 | INFO |       📱 Apple iPad mini (2021) | Main=12.0MP | Selfie=12.0MP | AnTuTu=None | Price=$None | IP=None | Populated=46/68 fields
2026-05-28 16:07:55,013 | INFO |   💾 [38/260] saved
2026-05-28 16:07:55,014 | INFO | 
  [168/260]
2026-05-28 16:07:55,014 | INFO |   ⏳ 34.7s (req #123)
2026-05-28 16:08:31,221 | INFO |   GET https://www.gsmarena.com/apple_ipad_10_2_(2021)-11106.php → 200
2026-05-28 16:08:31,248 | INFO |       📱 Apple iPad 10.2 (2021) | Main=8.0MP | Selfie=12.0MP | AnTuTu=617292 | Price=$None | IP=None | Populated=46/68 fields
2026-05-28 16:08:31,253 | INFO |   💾 [39/260] saved
2026-05-28 16:08:31,254 | INFO | 
  [169/260]
2026-05-28 16:08:31,254 | INFO |   ⏳ 26.0s (req #124)
2026-05-28 16:08:58,459 | INFO |   GET https://www.gsmarena.com/apple_watch_edition_series_7-11147.php → 200
2026-05-28 16:08:58,489 | INFO |       📱 Apple Watch Edition Series 7 | Main=NoneMP | Selfie=NoneMP | AnTuTu=None | Price=$None | IP=None | Populated=34/68 fields
2026-05-28 16:08:58,493 | INFO |   💾 [40/260] saved
2026-05-28 16:08:58,493 | INFO | 
  [170/260]
2026-05-28 16:08:58,494 | INFO |   ⏳ 43.9s (req #125)
2026-05-28 16:09:43,924 | INFO |   GET https://www.gsmarena.com/apple_watch_series_7-11146.php → 200
2026-05-28 16:09:43,953 | INFO |       📱 Apple Watch Series 7 | Main=NoneMP | Selfie=NoneMP | AnTuTu=None | Price=$None | IP=None | Populated=34/68 fields
2026-05-28 16:09:43,956 | INFO |   💾 [41/260] saved
2026-05-28 16:09:43,957 | INFO | 
  [171/260]
2026-05-28 16:09:43,957 | INFO |   ⏳ 38.7s (req #126)
2026-05-28 16:10:23,961 | INFO |   GET https://www.gsmarena.com/apple_watch_series_7_aluminum-11107.php → 200
2026-05-28 16:10:23,983 | INFO |       📱 Apple Watch Series 7 Aluminum | Main=NoneMP | Selfie=NoneMP | AnTuTu=None | Price=$None | IP=None | Populated=35/68 fields
2026-05-28 16:10:23,988 | INFO |   💾 [42/260] saved
2026-05-28 16:10:23,988 | INFO | 
  [172/260]
2026-05-28 16:10:23,988 | INFO |   ⏳ 37.2s (req #127)
2026-05-28 16:11:02,668 | INFO |   GET https://www.gsmarena.com/apple_ipad_pro_12_9_(2021)-10864.php → 200
2026-05-28 16:11:02,700 | INFO |       📱 Apple iPad Pro 12.9 (2021) | Main=12.0MP | Selfie=12.0MP | AnTuTu=None | Price=$None | IP=None | Populated=45/68 fields
2026-05-28 16:11:02,704 | INFO |   💾 [43/260] saved
2026-05-28 16:11:02,705 | INFO | 
  [173/260]
2026-05-28 16:11:02,705 | INFO |   ⏳ 28.9s (req #128)
2026-05-28 16:11:32,876 | INFO |   GET https://www.gsmarena.com/apple_ipad_pro_11_(2021)-10865.php → 200
2026-05-28 16:11:32,940 | INFO |       📱 Apple iPad Pro 11 (2021) | Main=12.0MP | Selfie=12.0MP | AnTuTu=None | Price=$None | IP=None | Populated=45/68 fields
2026-05-28 16:11:32,943 | INFO |   💾 [44/260] saved
2026-05-28 16:11:32,944 | INFO | 
  [174/260]
2026-05-28 16:11:32,944 | INFO |   ⏳ 43.3s (req #129)
2026-05-28 16:12:17,524 | INFO |   GET https://www.gsmarena.com/apple_iphone_12_pro_max-10237.php → 200
2026-05-28 16:12:17,558 | INFO |       📱 Apple iPhone 12 Pro Max | Main=12.0MP | Selfie=12.0MP | AnTuTu=638584 | Price=$315.65 | IP=IP68 | Populated=60/68 fields
2026-05-28 16:12:17,562 | INFO |   💾 [45/260] saved
2026-05-28 16:12:17,562 | INFO | 
  [175/260]
2026-05-28 16:12:17,562 | INFO |   ⏳ 16.2s (req #130)
2026-05-28 16:12:35,046 | INFO |   GET https://www.gsmarena.com/apple_iphone_12_pro-10508.php → 200
2026-05-28 16:12:35,079 | INFO |       📱 Apple iPhone 12 Pro | Main=12.0MP | Selfie=12.0MP | AnTuTu=596244 | Price=$265.0 | IP=IP68 | Populated=59/68 fields
2026-05-28 16:12:35,084 | INFO |   💾 [46/260] saved
2026-05-28 16:12:35,084 | INFO | 
  [176/260]
2026-05-28 16:12:35,084 | INFO |   ⏳ 21.8s (req #131)
2026-05-28 16:12:58,173 | INFO |   GET https://www.gsmarena.com/apple_iphone_12-10509.php → 200
2026-05-28 16:12:58,206 | INFO |       📱 Apple iPhone 12 | Main=12.0MP | Selfie=12.0MP | AnTuTu=568674 | Price=$173.4 | IP=IP68 | Populated=59/68 fields
2026-05-28 16:12:58,210 | INFO |   💾 [47/260] saved
2026-05-28 16:12:58,210 | INFO | 
  [177/260]
2026-05-28 16:12:58,210 | INFO |   ⏳ 22.9s (req #132)
2026-05-28 16:13:22,658 | INFO |   GET https://www.gsmarena.com/apple_iphone_12_mini-10510.php → 200
2026-05-28 16:13:22,730 | INFO |       📱 Apple iPhone 12 mini | Main=12.0MP | Selfie=12.0MP | AnTuTu=589616 | Price=$165.0 | IP=IP68 | Populated=60/68 fields
2026-05-28 16:13:22,751 | INFO |   💾 [48/260] saved
2026-05-28 16:13:22,751 | INFO | 
  [178/260]
2026-05-28 16:13:22,751 | INFO |   ⏳ 22.4s (req #133)
2026-05-28 16:13:46,709 | INFO |   GET https://www.gsmarena.com/apple_ipad_air_(2020)-10444.php → 200
2026-05-28 16:13:46,735 | INFO |       📱 Apple iPad Air (2020) | Main=12.0MP | Selfie=7.0MP | AnTuTu=None | Price=$None | IP=None | Populated=44/68 fields
2026-05-28 16:13:46,739 | INFO |   💾 [49/260] saved
2026-05-28 16:13:46,739 | INFO | 
  [179/260]
2026-05-28 16:13:46,740 | INFO |   ⏳ 16.2s (req #134)
2026-05-28 16:14:04,332 | INFO |   GET https://www.gsmarena.com/apple_ipad_10_2_(2020)-10445.php → 200
2026-05-28 16:14:04,359 | INFO |       📱 Apple iPad 10.2 (2020) | Main=8.0MP | Selfie=1.2MP | AnTuTu=None | Price=$None | IP=None | Populated=43/68 fields
2026-05-28 16:14:04,363 | INFO |   💾 [50/260] saved
2026-05-28 16:14:04,363 | INFO | 
  [180/260]
2026-05-28 16:14:04,364 | INFO |   ⏳ 39.0s (req #135)
2026-05-28 16:14:44,367 | INFO |   GET https://www.gsmarena.com/apple_watch_se-10446.php → 200
2026-05-28 16:14:44,390 | INFO |       📱 Apple Watch SE | Main=NoneMP | Selfie=NoneMP | AnTuTu=None | Price=$None | IP=None | Populated=31/68 fields
2026-05-28 16:14:44,394 | INFO |   💾 [51/260] saved
2026-05-28 16:14:44,395 | INFO | 
  [181/260]
2026-05-28 16:14:44,395 | INFO |   ⏳ 26.4s (req #136)
2026-05-28 16:15:12,212 | INFO |   GET https://www.gsmarena.com/apple_watch_series_6_aluminum-10447.php → 200
2026-05-28 16:15:12,234 | INFO |       📱 Apple Watch Series 6 Aluminum | Main=NoneMP | Selfie=NoneMP | AnTuTu=None | Price=$None | IP=None | Populated=32/68 fields
2026-05-28 16:15:12,238 | INFO |   💾 [52/260] saved
2026-05-28 16:15:12,239 | INFO | 
  [182/260]
2026-05-28 16:15:12,239 | INFO |   ⏳ 15.7s (req #137)
2026-05-28 16:15:29,209 | INFO |   GET https://www.gsmarena.com/apple_watch_series_6-10448.php → 200
2026-05-28 16:15:29,235 | INFO |       📱 Apple Watch Series 6 | Main=NoneMP | Selfie=NoneMP | AnTuTu=None | Price=$None | IP=None | Populated=32/68 fields
2026-05-28 16:15:29,245 | INFO |   💾 [53/260] saved
2026-05-28 16:15:29,246 | INFO | 
  [183/260]
2026-05-28 16:15:29,246 | INFO |   ⏳ 41.9s (req #138)
2026-05-28 16:16:12,230 | INFO |   GET https://www.gsmarena.com/apple_watch_edition_series_6-10449.php → 200
2026-05-28 16:16:12,264 | INFO |       📱 Apple Watch Edition Series 6 | Main=NoneMP | Selfie=NoneMP | AnTuTu=None | Price=$None | IP=None | Populated=32/68 fields
2026-05-28 16:16:12,268 | INFO |   💾 [54/260] saved
2026-05-28 16:16:12,268 | INFO | 
  [184/260]
2026-05-28 16:16:12,269 | INFO |   ⏳ 22.4s (req #139)
2026-05-28 16:16:35,870 | INFO |   GET https://www.gsmarena.com/apple_iphone_se_(2020)-10170.php → 200
2026-05-28 16:16:35,902 | INFO |       📱 Apple iPhone SE (2020) | Main=12.0MP | Selfie=7.0MP | AnTuTu=462253 | Price=$103.69 | IP=IP67 | Populated=57/68 fields
2026-05-28 16:16:35,907 | INFO |   💾 [55/260] saved
2026-05-28 16:16:35,907 | INFO | 
  [185/260]
2026-05-28 16:16:35,907 | INFO |   ⏳ 42.6s (req #140)
2026-05-28 16:17:20,004 | INFO |   GET https://www.gsmarena.com/apple_ipad_pro_12_9_(2020)-10136.php → 200
2026-05-28 16:17:20,034 | INFO |       📱 Apple iPad Pro 12.9 (2020) | Main=12.0MP | Selfie=7.0MP | AnTuTu=None | Price=$None | IP=None | Populated=45/68 fields
2026-05-28 16:17:20,038 | INFO |   💾 [56/260] saved
2026-05-28 16:17:20,039 | INFO | 
  [186/260]
2026-05-28 16:17:20,039 | INFO |   ⏳ 28.5s (req #141)
2026-05-28 16:17:49,801 | INFO |   GET https://www.gsmarena.com/apple_ipad_pro_11_(2020)-10137.php → 200
2026-05-28 16:17:49,825 | INFO |       📱 Apple iPad Pro 11 (2020) | Main=12.0MP | Selfie=7.0MP | AnTuTu=None | Price=$None | IP=None | Populated=44/68 fields
2026-05-28 16:17:49,835 | INFO |   💾 [57/260] saved
2026-05-28 16:17:49,835 | INFO | 
  [187/260]
2026-05-28 16:17:49,836 | INFO |   ⏳ 33.3s (req #142)
2026-05-28 16:18:24,617 | INFO |   GET https://www.gsmarena.com/apple_iphone_11_pro_max-9846.php → 200
2026-05-28 16:18:24,650 | INFO |       📱 Apple iPhone 11 Pro Max | Main=12.0MP | Selfie=12.0MP | AnTuTu=459713 | Price=$212.5 | IP=IP68 | Populated=57/68 fields
2026-05-28 16:18:24,654 | INFO |   💾 [58/260] saved
2026-05-28 16:18:24,654 | INFO | 
  [188/260]
2026-05-28 16:18:24,654 | INFO |   ⏳ 19.5s (req #143)
2026-05-28 16:18:45,403 | INFO |   GET https://www.gsmarena.com/apple_iphone_11_pro-9847.php → 200
2026-05-28 16:18:45,442 | INFO |       📱 Apple iPhone 11 Pro | Main=12.0MP | Selfie=12.0MP | AnTuTu=460784 | Price=$None | IP=IP68 | Populated=54/68 fields
2026-05-28 16:18:45,446 | INFO |   💾 [59/260] saved
2026-05-28 16:18:45,446 | INFO | 
  [189/260]
2026-05-28 16:18:45,446 | INFO |   ⏳ 44.4s (req #144)
2026-05-28 16:19:31,278 | INFO |   GET https://www.gsmarena.com/apple_iphone_11-9848.php → 200
2026-05-28 16:19:31,313 | INFO |       📱 Apple iPhone 11 | Main=12.0MP | Selfie=12.0MP | AnTuTu=419453 | Price=$164.5 | IP=IP68 | Populated=56/68 fields
2026-05-28 16:19:31,317 | INFO |   💾 [60/260] saved
2026-05-28 16:19:31,317 | INFO | 
  [190/260]
2026-05-28 16:19:31,317 | INFO |   ⏳ 25.7s (req #145)
2026-05-28 16:19:58,311 | INFO |   GET https://www.gsmarena.com/apple_ipad_10_2_(2019)-9857.php → 200
2026-05-28 16:19:58,336 | INFO |       📱 Apple iPad 10.2 (2019) | Main=8.0MP | Selfie=1.2MP | AnTuTu=None | Price=$None | IP=None | Populated=43/68 fields
2026-05-28 16:19:58,342 | INFO |   💾 [61/260] saved
2026-05-28 16:19:58,343 | INFO | 
  [191/260]
2026-05-28 16:19:58,343 | INFO |   ⏳ 18.9s (req #146)
2026-05-28 16:20:18,392 | INFO |   GET https://www.gsmarena.com/apple_watch_edition_series_5-9860.php → 200
2026-05-28 16:20:18,418 | INFO |       📱 Apple Watch Edition Series 5 | Main=NoneMP | Selfie=NoneMP | AnTuTu=None | Price=$None | IP=None | Populated=32/68 fields
2026-05-28 16:20:18,421 | INFO |   💾 [62/260] saved
2026-05-28 16:20:18,421 | INFO | 
  [192/260]
2026-05-28 16:20:18,422 | INFO |   ⏳ 27.6s (req #147)
2026-05-28 16:20:48,796 | INFO |   GET https://www.gsmarena.com/apple_watch_series_5-9859.php → 200
2026-05-28 16:20:48,818 | INFO |       📱 Apple Watch Series 5 | Main=NoneMP | Selfie=NoneMP | AnTuTu=None | Price=$None | IP=None | Populated=32/68 fields
2026-05-28 16:20:48,823 | INFO |   💾 [63/260] saved
2026-05-28 16:20:48,823 | INFO | 
  [193/260]
2026-05-28 16:20:48,824 | INFO |   ⏳ 39.8s (req #148)
2026-05-28 16:21:30,162 | INFO |   GET https://www.gsmarena.com/apple_watch_series_5_aluminum-9858.php → 200
2026-05-28 16:21:30,196 | INFO |       📱 Apple Watch Series 5 Aluminum | Main=NoneMP | Selfie=NoneMP | AnTuTu=None | Price=$None | IP=None | Populated=32/68 fields
2026-05-28 16:21:30,200 | INFO |   💾 [64/260] saved
2026-05-28 16:21:30,200 | INFO | 
  [194/260]
2026-05-28 16:21:30,201 | INFO |   ⏳ 30.5s (req #149)
2026-05-28 16:22:02,111 | INFO |   GET https://www.gsmarena.com/apple_ipad_air_(2019)-9638.php → 200
2026-05-28 16:22:02,135 | INFO |       📱 Apple iPad Air (2019) | Main=8.0MP | Selfie=7.0MP | AnTuTu=None | Price=$None | IP=None | Populated=45/68 fields
2026-05-28 16:22:02,141 | INFO |   💾 [65/260] saved
2026-05-28 16:22:02,141 | INFO | 
  [195/260]
2026-05-28 16:22:02,142 | INFO |   ☕ Long pause 250s ...
2026-05-28 16:26:13,394 | INFO |   GET https://www.gsmarena.com/apple_ipad_mini_(2019)-9637.php → 200
2026-05-28 16:26:13,422 | INFO |       📱 Apple iPad mini (2019) | Main=8.0MP | Selfie=7.0MP | AnTuTu=None | Price=$None | IP=None | Populated=45/68 fields
2026-05-28 16:26:13,427 | INFO |   💾 [66/260] saved
2026-05-28 16:26:13,427 | INFO | 
  [196/260]
2026-05-28 16:26:13,430 | INFO |   ⏳ 24.3s (req #151)
2026-05-28 16:26:38,995 | INFO |   GET https://www.gsmarena.com/apple_ipad_pro_12_9_(2018)-9387.php → 200
2026-05-28 16:26:39,023 | INFO |       📱 Apple iPad Pro 12.9 (2018) | Main=12.0MP | Selfie=7.0MP | AnTuTu=552771 | Price=$None | IP=None | Populated=50/68 fields
2026-05-28 16:26:39,027 | INFO |   💾 [67/260] saved
2026-05-28 16:26:39,028 | INFO | 
  [197/260]
2026-05-28 16:26:39,028 | INFO |   ⏳ 27.9s (req #152)
2026-05-28 16:27:08,401 | INFO |   GET https://www.gsmarena.com/apple_ipad_pro_11_(2018)-9386.php → 200
2026-05-28 16:27:08,425 | INFO |       📱 Apple iPad Pro 11 (2018) | Main=12.0MP | Selfie=7.0MP | AnTuTu=None | Price=$None | IP=None | Populated=47/68 fields
2026-05-28 16:27:08,431 | INFO |   💾 [68/260] saved
2026-05-28 16:27:08,431 | INFO | 
  [198/260]
2026-05-28 16:27:08,432 | INFO |   ⏳ 27.8s (req #153)
2026-05-28 16:27:37,361 | INFO |   GET https://www.gsmarena.com/apple_iphone_xs_max-9319.php → 200
2026-05-28 16:27:37,391 | INFO |       📱 Apple iPhone XS Max | Main=12.0MP | Selfie=7.0MP | AnTuTu=353210 | Price=$None | IP=IP68 | Populated=53/68 fields
2026-05-28 16:27:37,395 | INFO |   💾 [69/260] saved
2026-05-28 16:27:37,395 | INFO | 
  [199/260]
2026-05-28 16:27:37,395 | INFO |   ⏳ 35.0s (req #154)
2026-05-28 16:28:13,610 | INFO |   GET https://www.gsmarena.com/apple_iphone_xs-9318.php → 200
2026-05-28 16:28:13,647 | INFO |       📱 Apple iPhone XS | Main=12.0MP | Selfie=7.0MP | AnTuTu=346379 | Price=$None | IP=IP68 | Populated=53/68 fields
2026-05-28 16:28:13,651 | INFO |   💾 [70/260] saved
2026-05-28 16:28:13,651 | INFO | 
  [200/260]
2026-05-28 16:28:13,652 | INFO |   ⏳ 27.0s (req #155)
2026-05-28 16:28:42,179 | INFO |   GET https://www.gsmarena.com/apple_iphone_xr-9320.php → 200
2026-05-28 16:28:42,206 | INFO |       📱 Apple iPhone XR | Main=12.0MP | Selfie=7.0MP | AnTuTu=341196 | Price=$None | IP=IP67 | Populated=53/68 fields
2026-05-28 16:28:42,211 | INFO |   💾 [71/260] saved
2026-05-28 16:28:42,211 | INFO | 
  [201/260]
2026-05-28 16:28:42,211 | INFO |   ⏳ 23.0s (req #156)
2026-05-28 16:29:06,447 | INFO |   GET https://www.gsmarena.com/apple_watch_series_4-9321.php → 200
2026-05-28 16:29:06,474 | INFO |       📱 Apple Watch Series 4 | Main=NoneMP | Selfie=NoneMP | AnTuTu=None | Price=$None | IP=None | Populated=32/68 fields
2026-05-28 16:29:06,478 | INFO |   💾 [72/260] saved
2026-05-28 16:29:06,478 | INFO | 
  [202/260]
2026-05-28 16:29:06,478 | INFO |   ⏳ 22.3s (req #157)
2026-05-28 16:29:30,000 | INFO |   GET https://www.gsmarena.com/apple_watch_series_4_aluminum-9322.php → 200
2026-05-28 16:29:30,024 | INFO |       📱 Apple Watch Series 4 Aluminum | Main=NoneMP | Selfie=NoneMP | AnTuTu=None | Price=$None | IP=None | Populated=32/68 fields
2026-05-28 16:29:30,028 | INFO |   💾 [73/260] saved
2026-05-28 16:29:30,028 | INFO | 
  [203/260]
2026-05-28 16:29:30,029 | INFO |   ⏳ 33.7s (req #158)
2026-05-28 16:30:04,916 | INFO |   GET https://www.gsmarena.com/apple_ipad_9_7_(2018)-9142.php → 200
2026-05-28 16:30:04,946 | INFO |       📱 Apple iPad 9.7 (2018) | Main=8.0MP | Selfie=1.2MP | AnTuTu=None | Price=$None | IP=None | Populated=45/68 fields
2026-05-28 16:30:04,951 | INFO |   💾 [74/260] saved
2026-05-28 16:30:04,951 | INFO | 
  [204/260]
2026-05-28 16:30:04,952 | INFO |   ⏳ 34.4s (req #159)
2026-05-28 16:30:40,858 | INFO |   GET https://www.gsmarena.com/apple_iphone_x-8858.php → 200
2026-05-28 16:30:40,894 | INFO |       📱 Apple iPhone X | Main=12.0MP | Selfie=7.0MP | AnTuTu=233100 | Price=$None | IP=IP67 | Populated=52/68 fields
2026-05-28 16:30:40,898 | INFO |   💾 [75/260] saved
2026-05-28 16:30:40,898 | INFO | 
  [205/260]
2026-05-28 16:30:40,899 | INFO |   ⏳ 19.7s (req #160)
2026-05-28 16:31:02,157 | INFO |   GET https://www.gsmarena.com/apple_iphone_8_plus-8131.php → 200
2026-05-28 16:31:02,183 | INFO |       📱 Apple iPhone 8 Plus | Main=12.0MP | Selfie=7.0MP | AnTuTu=None | Price=$None | IP=IP67 | Populated=51/68 fields
2026-05-28 16:31:02,188 | INFO |   💾 [76/260] saved
2026-05-28 16:31:02,190 | INFO | 
  [206/260]
2026-05-28 16:31:02,190 | INFO |   ⏳ 42.0s (req #161)
2026-05-28 16:31:45,573 | INFO |   GET https://www.gsmarena.com/apple_iphone_8-8573.php → 200
2026-05-28 16:31:45,598 | INFO |       📱 Apple iPhone 8 | Main=12.0MP | Selfie=7.0MP | AnTuTu=237594 | Price=$None | IP=IP67 | Populated=52/68 fields
2026-05-28 16:31:45,602 | INFO |   💾 [77/260] saved
2026-05-28 16:31:45,602 | INFO | 
  [207/260]
2026-05-28 16:31:45,605 | INFO |   ⏳ 37.6s (req #162)
2026-05-28 16:32:24,282 | INFO |   GET https://www.gsmarena.com/apple_watch_edition_series_3-8861.php → 200
2026-05-28 16:32:24,306 | INFO |       📱 Apple Watch Edition Series 3 | Main=NoneMP | Selfie=NoneMP | AnTuTu=None | Price=$None | IP=None | Populated=31/68 fields
2026-05-28 16:32:24,309 | INFO |   💾 [78/260] saved
2026-05-28 16:32:24,310 | INFO | 
  [208/260]
2026-05-28 16:32:24,311 | INFO |   ⏳ 25.5s (req #163)
2026-05-28 16:32:51,108 | INFO |   GET https://www.gsmarena.com/apple_watch_series_3-8860.php → 200
2026-05-28 16:32:51,133 | INFO |       📱 Apple Watch Series 3 | Main=NoneMP | Selfie=NoneMP | AnTuTu=None | Price=$None | IP=None | Populated=31/68 fields
2026-05-28 16:32:51,138 | INFO |   💾 [79/260] saved
2026-05-28 16:32:51,138 | INFO | 
  [209/260]
2026-05-28 16:32:51,138 | INFO |   ⏳ 23.8s (req #164)
2026-05-28 16:33:16,092 | INFO |   GET https://www.gsmarena.com/apple_watch_series_3_aluminum-8859.php → 200
2026-05-28 16:33:16,123 | INFO |       📱 Apple Watch Series 3 Aluminum | Main=NoneMP | Selfie=NoneMP | AnTuTu=None | Price=$None | IP=None | Populated=31/68 fields
2026-05-28 16:33:16,128 | INFO |   💾 [80/260] saved
2026-05-28 16:33:16,128 | INFO | 
  [210/260]
2026-05-28 16:33:16,129 | INFO |   ⏳ 20.5s (req #165)
2026-05-28 16:33:37,903 | INFO |   GET https://www.gsmarena.com/apple_ipad_pro_12_9_(2017)-8717.php → 200
2026-05-28 16:33:37,927 | INFO |       📱 Apple iPad Pro 12.9 (2017) | Main=12.0MP | Selfie=7.0MP | AnTuTu=None | Price=$None | IP=None | Populated=49/68 fields
2026-05-28 16:33:37,931 | INFO |   💾 [81/260] saved
2026-05-28 16:33:37,931 | INFO | 
  [211/260]
2026-05-28 16:33:37,932 | INFO |   ⏳ 37.0s (req #166)
2026-05-28 16:34:16,098 | INFO |   GET https://www.gsmarena.com/apple_ipad_pro_10_5_(2017)-8716.php → 200
2026-05-28 16:34:16,124 | INFO |       📱 Apple iPad Pro 10.5 (2017) | Main=12.0MP | Selfie=7.0MP | AnTuTu=None | Price=$None | IP=None | Populated=50/68 fields
2026-05-28 16:34:16,128 | INFO |   💾 [82/260] saved
2026-05-28 16:34:16,128 | INFO | 
  [212/260]
2026-05-28 16:34:16,128 | INFO |   ⏳ 38.8s (req #167)
2026-05-28 16:34:56,136 | INFO |   GET https://www.gsmarena.com/apple_ipad_9_7_(2017)-8620.php → 200
2026-05-28 16:34:56,165 | INFO |       📱 Apple iPad 9.7 (2017) | Main=8.0MP | Selfie=1.2MP | AnTuTu=None | Price=$None | IP=None | Populated=45/68 fields
2026-05-28 16:34:56,170 | INFO |   💾 [83/260] saved
2026-05-28 16:34:56,170 | INFO | 
  [213/260]
2026-05-28 16:34:56,170 | INFO |   ⏳ 42.5s (req #168)
2026-05-28 16:35:39,861 | INFO |   GET https://www.gsmarena.com/apple_watch_edition_series_2_42mm-8331.php → 200
2026-05-28 16:35:39,884 | INFO |       📱 Apple Watch Edition Series 2 42mm | Main=NoneMP | Selfie=NoneMP | AnTuTu=None | Price=$None | IP=None | Populated=30/68 fields
2026-05-28 16:35:39,888 | INFO |   💾 [84/260] saved
2026-05-28 16:35:39,888 | INFO | 
  [214/260]
2026-05-28 16:35:39,889 | INFO |   ⏳ 19.6s (req #169)
2026-05-28 16:36:00,648 | INFO |   GET https://www.gsmarena.com/apple_watch_edition_series_2_38mm-8332.php → 200
2026-05-28 16:36:00,669 | INFO |       📱 Apple Watch Edition Series 2 38mm | Main=NoneMP | Selfie=NoneMP | AnTuTu=None | Price=$None | IP=None | Populated=30/68 fields
2026-05-28 16:36:00,673 | INFO |   💾 [85/260] saved
2026-05-28 16:36:00,674 | INFO | 
  [215/260]
2026-05-28 16:36:00,674 | INFO |   ⏳ 42.6s (req #170)
2026-05-28 16:36:44,478 | INFO |   GET https://www.gsmarena.com/apple_watch_series_2_42mm-8329.php → 200
2026-05-28 16:36:44,509 | INFO |       📱 Apple Watch Series 2 42mm | Main=NoneMP | Selfie=NoneMP | AnTuTu=None | Price=$None | IP=None | Populated=30/68 fields
2026-05-28 16:36:44,513 | INFO |   💾 [86/260] saved
2026-05-28 16:36:44,513 | INFO | 
  [216/260]
2026-05-28 16:36:44,513 | INFO |   ⏳ 21.9s (req #171)
2026-05-28 16:37:07,718 | INFO |   GET https://www.gsmarena.com/apple_watch_series_2_38mm-8330.php → 200
2026-05-28 16:37:07,739 | INFO |       📱 Apple Watch Series 2 38mm | Main=NoneMP | Selfie=NoneMP | AnTuTu=None | Price=$None | IP=None | Populated=30/68 fields
2026-05-28 16:37:07,743 | INFO |   💾 [87/260] saved
2026-05-28 16:37:07,743 | INFO | 
  [217/260]
2026-05-28 16:37:07,743 | INFO |   ⏳ 31.7s (req #172)
2026-05-28 16:37:40,597 | INFO |   GET https://www.gsmarena.com/apple_watch_series_2_aluminum_42mm-8328.php → 200
2026-05-28 16:37:40,621 | INFO |       📱 Apple Watch Series 2 Aluminum 42mm | Main=NoneMP | Selfie=NoneMP | AnTuTu=None | Price=$None | IP=None | Populated=30/68 fields
2026-05-28 16:37:40,625 | INFO |   💾 [88/260] saved
2026-05-28 16:37:40,625 | INFO | 
  [218/260]
2026-05-28 16:37:40,625 | INFO |   ⏳ 19.4s (req #173)
2026-05-28 16:38:01,272 | INFO |   GET https://www.gsmarena.com/apple_watch_series_1_aluminum_42mm-8334.php → 200
2026-05-28 16:38:01,299 | INFO |       📱 Apple Watch Series 1 Aluminum 42mm | Main=NoneMP | Selfie=NoneMP | AnTuTu=None | Price=$None | IP=None | Populated=29/68 fields
2026-05-28 16:38:01,303 | INFO |   💾 [89/260] saved
2026-05-28 16:38:01,303 | INFO | 
  [219/260]
2026-05-28 16:38:01,303 | INFO |   ⏳ 39.5s (req #174)
2026-05-28 16:38:42,026 | INFO |   GET https://www.gsmarena.com/apple_watch_series_2_aluminum_38mm-8327.php → 200
2026-05-28 16:38:42,052 | INFO |       📱 Apple Watch Series 2 Aluminum 38mm | Main=NoneMP | Selfie=NoneMP | AnTuTu=None | Price=$None | IP=None | Populated=30/68 fields
2026-05-28 16:38:42,071 | INFO |   💾 [90/260] saved
2026-05-28 16:38:42,071 | INFO | 
  [220/260]
2026-05-28 16:38:42,071 | INFO |   ⏳ 21.7s (req #175)
2026-05-28 16:39:04,964 | INFO |   GET https://www.gsmarena.com/apple_watch_series_1_aluminum_38mm-8333.php → 200
2026-05-28 16:39:04,989 | INFO |       📱 Apple Watch Series 1 Aluminum 38mm | Main=NoneMP | Selfie=NoneMP | AnTuTu=None | Price=$None | IP=None | Populated=29/68 fields
2026-05-28 16:39:04,993 | INFO |   💾 [91/260] saved
2026-05-28 16:39:04,993 | INFO | 
  [221/260]
2026-05-28 16:39:04,993 | INFO |   ⏳ 20.0s (req #176)
2026-05-28 16:39:26,262 | INFO |   GET https://www.gsmarena.com/apple_iphone_7_plus-8065.php → 200
2026-05-28 16:39:26,296 | INFO |       📱 Apple iPhone 7 Plus | Main=12.0MP | Selfie=7.0MP | AnTuTu=None | Price=$None | IP=IP67 | Populated=50/68 fields
2026-05-28 16:39:26,300 | INFO |   💾 [92/260] saved
2026-05-28 16:39:26,300 | INFO | 
  [222/260]
2026-05-28 16:39:26,301 | INFO |   ⏳ 17.9s (req #177)
2026-05-28 16:39:45,511 | INFO |   GET https://www.gsmarena.com/apple_iphone_7-8064.php → 200
2026-05-28 16:39:45,542 | INFO |       📱 Apple iPhone 7 | Main=12.0MP | Selfie=7.0MP | AnTuTu=None | Price=$None | IP=IP67 | Populated=50/68 fields
2026-05-28 16:39:45,546 | INFO |   💾 [93/260] saved
2026-05-28 16:39:45,546 | INFO | 
  [223/260]
2026-05-28 16:39:45,546 | INFO |   ⏳ 15.5s (req #178)
2026-05-28 16:40:02,305 | INFO |   GET https://www.gsmarena.com/apple_ipad_pro_9_7_(2016)-7984.php → 200
2026-05-28 16:40:02,332 | INFO |       📱 Apple iPad Pro 9.7 (2016) | Main=12.0MP | Selfie=5.0MP | AnTuTu=None | Price=$None | IP=None | Populated=48/68 fields
2026-05-28 16:40:02,336 | INFO |   💾 [94/260] saved
2026-05-28 16:40:02,336 | INFO | 
  [224/260]
2026-05-28 16:40:02,336 | INFO |   ⏳ 36.2s (req #179)
2026-05-28 16:40:39,903 | INFO |   GET https://www.gsmarena.com/apple_iphone_se-7969.php → 200
2026-05-28 16:40:39,933 | INFO |       📱 Apple iPhone SE | Main=12.0MP | Selfie=1.2MP | AnTuTu=None | Price=$None | IP=None | Populated=48/68 fields
2026-05-28 16:40:39,937 | INFO |   💾 [95/260] saved
2026-05-28 16:40:39,937 | INFO | 
  [225/260]
2026-05-28 16:40:39,938 | INFO |   ☕ Long pause 206s ...
2026-05-28 16:44:07,548 | INFO |   GET https://www.gsmarena.com/apple_iphone_6s_plus-7243.php → 200
2026-05-28 16:44:07,577 | INFO |       📱 Apple iPhone 6s Plus | Main=12.0MP | Selfie=5.0MP | AnTuTu=None | Price=$None | IP=None | Populated=49/68 fields
2026-05-28 16:44:07,581 | INFO |   💾 [96/260] saved
2026-05-28 16:44:07,581 | INFO | 
  [226/260]
2026-05-28 16:44:07,581 | INFO |   ⏳ 25.8s (req #181)
2026-05-28 16:44:34,786 | INFO |   GET https://www.gsmarena.com/apple_iphone_6s-7242.php → 200
2026-05-28 16:44:34,824 | INFO |       📱 Apple iPhone 6s | Main=12.0MP | Selfie=5.0MP | AnTuTu=None | Price=$None | IP=None | Populated=47/68 fields
2026-05-28 16:44:34,828 | INFO |   💾 [97/260] saved
2026-05-28 16:44:34,828 | INFO | 
  [227/260]
2026-05-28 16:44:34,829 | INFO |   ⏳ 43.7s (req #182)
2026-05-28 16:45:19,739 | INFO |   GET https://www.gsmarena.com/apple_ipad_pro_12_9_(2015)-7562.php → 200
2026-05-28 16:45:19,767 | INFO |       📱 Apple iPad Pro 12.9 (2015) | Main=8.0MP | Selfie=1.2MP | AnTuTu=None | Price=$None | IP=None | Populated=43/68 fields
2026-05-28 16:45:19,770 | INFO |   💾 [98/260] saved
2026-05-28 16:45:19,771 | INFO | 
  [228/260]
2026-05-28 16:45:19,771 | INFO |   ⏳ 29.8s (req #183)
2026-05-28 16:45:50,765 | INFO |   GET https://www.gsmarena.com/apple_ipad_mini_4_(2015)-7561.php → 200
2026-05-28 16:45:50,793 | INFO |       📱 Apple iPad mini 4 (2015) | Main=8.0MP | Selfie=1.2MP | AnTuTu=None | Price=$None | IP=None | Populated=45/68 fields
2026-05-28 16:45:50,797 | INFO |   💾 [99/260] saved
2026-05-28 16:45:50,798 | INFO | 
  [229/260]
2026-05-28 16:45:50,798 | INFO |   ⏳ 35.1s (req #184)
2026-05-28 16:46:27,017 | INFO |   GET https://www.gsmarena.com/apple_watch_edition_42mm_(1st_gen)-7698.php → 200
2026-05-28 16:46:27,044 | INFO |       📱 Apple Watch Edition 42mm (1st gen) | Main=NoneMP | Selfie=NoneMP | AnTuTu=None | Price=$None | IP=None | Populated=29/68 fields
2026-05-28 16:46:27,048 | INFO |   💾 [100/260] saved
2026-05-28 16:46:27,048 | INFO | 
  [230/260]
2026-05-28 16:46:27,048 | INFO |   ⏳ 18.2s (req #185)
2026-05-28 16:46:46,384 | INFO |   GET https://www.gsmarena.com/apple_watch_edition_38mm_(1st_gen)-7697.php → 200
2026-05-28 16:46:46,410 | INFO |       📱 Apple Watch Edition 38mm (1st gen) | Main=NoneMP | Selfie=NoneMP | AnTuTu=None | Price=$None | IP=None | Populated=29/68 fields
2026-05-28 16:46:46,414 | INFO |   💾 [101/260] saved
2026-05-28 16:46:46,415 | INFO | 
  [231/260]
2026-05-28 16:46:46,415 | INFO |   ⏳ 35.5s (req #186)
2026-05-28 16:47:23,271 | INFO |   GET https://www.gsmarena.com/apple_watch_42mm_(1st_gen)-7696.php → 200
2026-05-28 16:47:23,294 | INFO |       📱 Apple Watch 42mm (1st gen) | Main=NoneMP | Selfie=NoneMP | AnTuTu=None | Price=$None | IP=None | Populated=29/68 fields
2026-05-28 16:47:23,300 | INFO |   💾 [102/260] saved
2026-05-28 16:47:23,301 | INFO | 
  [232/260]
2026-05-28 16:47:23,302 | INFO |   ⏳ 44.5s (req #187)
2026-05-28 16:48:09,115 | INFO |   GET https://www.gsmarena.com/apple_watch_38mm_(1st_gen)-7695.php → 200
2026-05-28 16:48:09,189 | INFO |       📱 Apple Watch 38mm (1st gen) | Main=NoneMP | Selfie=NoneMP | AnTuTu=None | Price=$None | IP=None | Populated=29/68 fields
2026-05-28 16:48:09,193 | INFO |   💾 [103/260] saved
2026-05-28 16:48:09,193 | INFO | 
  [233/260]
2026-05-28 16:48:09,194 | INFO |   ⏳ 38.1s (req #188)
2026-05-28 16:48:48,329 | INFO |   GET https://www.gsmarena.com/apple_watch_sport_42mm_(1st_gen)-7694.php → 200
2026-05-28 16:48:48,355 | INFO |       📱 Apple Watch Sport 42mm (1st gen) | Main=NoneMP | Selfie=NoneMP | AnTuTu=None | Price=$None | IP=None | Populated=29/68 fields
2026-05-28 16:48:48,359 | INFO |   💾 [104/260] saved
2026-05-28 16:48:48,359 | INFO | 
  [234/260]
2026-05-28 16:48:48,359 | INFO |   ⏳ 20.8s (req #189)
2026-05-28 16:49:10,342 | INFO |   GET https://www.gsmarena.com/apple_watch_sport_38mm_(1st_gen)-7693.php → 200
2026-05-28 16:49:10,367 | INFO |       📱 Apple Watch Sport 38mm (1st gen) | Main=NoneMP | Selfie=NoneMP | AnTuTu=None | Price=$None | IP=None | Populated=29/68 fields
2026-05-28 16:49:10,371 | INFO |   💾 [105/260] saved
2026-05-28 16:49:10,371 | INFO | 
  [235/260]
2026-05-28 16:49:10,371 | INFO |   ⏳ 17.9s (req #190)
2026-05-28 16:49:29,488 | INFO |   GET https://www.gsmarena.com/apple_ipad_air_2-6742.php → 200
2026-05-28 16:49:29,517 | INFO |       📱 Apple iPad Air 2 | Main=8.0MP | Selfie=1.2MP | AnTuTu=None | Price=$None | IP=None | Populated=43/68 fields
2026-05-28 16:49:29,521 | INFO |   💾 [106/260] saved
2026-05-28 16:49:29,522 | INFO | 
  [236/260]
2026-05-28 16:49:29,522 | INFO |   ⏳ 28.6s (req #191)
2026-05-28 20:27:23,923 | INFO | ============================================================
2026-05-28 20:27:23,923 | INFO | BATCH 1 — Apple | Samsung | Google | OnePlus
2026-05-28 20:27:23,923 | INFO | Phones ~1,753  |  Time: 10-12 hours
2026-05-28 20:27:23,923 | INFO | Columns: 68 | Method: data-spec attributes
2026-05-28 20:27:23,923 | INFO | Started: 2026-05-28 20:27:23
2026-05-28 20:27:23,924 | INFO | ============================================================
2026-05-28 20:27:23,924 | INFO | Checking connection ...
2026-05-28 20:27:24,625 | INFO |   ✅ Connected (attempt 1)
2026-05-28 20:27:24,628 | INFO | Resuming: 156 done | 0 retry queue
2026-05-28 20:27:24,629 | INFO |   ▶ First request — no delay
2026-05-28 20:27:25,387 | INFO |   GET https://www.gsmarena.com/makers.php3 → 200
2026-05-28 20:27:25,401 | INFO | ✅ 126 brands
2026-05-28 20:27:25,401 | INFO | Matched: ['Apple', 'Google', 'Oneplus', 'Samsung']
2026-05-28 20:27:25,402 | INFO | 
============================================================
2026-05-28 20:27:25,402 | INFO | [1/4] Apple (147 phones)
2026-05-28 20:27:25,402 | INFO | Elapsed: 0min
2026-05-28 20:27:25,402 | INFO | ============================================================
2026-05-28 20:27:25,402 | INFO |   ⏳ 39.3s (req #2)
2026-05-28 20:28:11,255 | INFO | ============================================================
2026-05-28 20:28:11,256 | INFO | BATCH 1 — Apple | Samsung | Google | OnePlus
2026-05-28 20:28:11,256 | INFO | Phones ~1,753  |  Time: 10-12 hours
2026-05-28 20:28:11,256 | INFO | Columns: 68 | Method: data-spec attributes
2026-05-28 20:28:11,256 | INFO | Started: 2026-05-28 20:28:11
2026-05-28 20:28:11,256 | INFO | ============================================================
2026-05-28 20:28:11,256 | INFO | Checking connection ...
2026-05-28 20:28:12,443 | INFO |   ✅ Connected (attempt 1)
2026-05-28 20:28:12,444 | INFO | Resuming: 156 done | 0 retry queue
2026-05-28 20:28:12,444 | INFO |   ▶ First request — no delay
2026-05-28 20:28:13,361 | INFO |   GET https://www.gsmarena.com/makers.php3 → 200
2026-05-28 20:28:13,379 | INFO | ✅ 126 brands
2026-05-28 20:28:13,379 | INFO | Matched: ['Apple', 'Google', 'Oneplus', 'Samsung']
2026-05-28 20:28:13,380 | INFO | 
============================================================
2026-05-28 20:28:13,380 | INFO | [1/4] Apple (147 phones)
2026-05-28 20:28:13,380 | INFO | Elapsed: 0min
2026-05-28 20:28:13,380 | INFO | ============================================================
2026-05-28 20:28:13,380 | INFO |   ⏳ 33.3s (req #2)
2026-05-28 20:28:48,028 | INFO |   GET https://www.gsmarena.com/apple-phones-48.php → 200
2026-05-28 20:28:48,051 | INFO |   ⏳ 44.6s (req #3)
2026-05-28 20:29:33,808 | INFO |   GET https://www.gsmarena.com/# → 200
2026-05-28 20:29:33,860 | INFO |   ⏳ 20.3s (req #4)
2026-05-28 20:29:55,080 | INFO |   GET https://www.gsmarena.com/apple-phones-f-48-0-p2.php → 200
2026-05-28 20:29:55,091 | INFO |   ⏳ 34.5s (req #5)
2026-05-28 20:30:30,305 | INFO |   GET https://www.gsmarena.com/apple-phones-f-48-0-p3.php → 200
2026-05-28 20:30:30,315 | INFO |     ✅ 260 links for Apple
2026-05-28 20:30:30,315 | INFO |   [1/260] SKIP apple_iphone_17e-14487.php
2026-05-28 20:30:30,316 | INFO |   [2/260] SKIP apple_ipad_air_13_5g_(2026)-14521.php
2026-05-28 20:30:30,316 | INFO |   [3/260] SKIP apple_ipad_air_11_5g_(2026)-14520.php
2026-05-28 20:30:30,316 | INFO |   [4/260] SKIP apple_ipad_pro_13_5g_(2025)-14233.php
2026-05-28 20:30:30,317 | INFO |   [5/260] SKIP apple_ipad_pro_11_5g_(2025)-14234.php
2026-05-28 20:30:30,317 | INFO |   [6/260] SKIP apple_iphone_17_pro_max-13964.php
2026-05-28 20:30:30,317 | INFO |   [7/260] SKIP apple_iphone_17_pro-14049.php
2026-05-28 20:30:30,317 | INFO |   [8/260] SKIP apple_iphone_17_air-13502.php
2026-05-28 20:30:30,318 | INFO |   [9/260] SKIP apple_iphone_17-14050.php
2026-05-28 20:30:30,318 | INFO |   [10/260] SKIP apple_watch_ultra_3-14130.php
2026-05-28 20:30:30,318 | INFO |   [11/260] SKIP apple_watch_series_11-14131.php
2026-05-28 20:30:30,318 | INFO |   [12/260] SKIP apple_watch_series_11_aluminum-14132.php
2026-05-28 20:30:30,318 | INFO |   [13/260] SKIP apple_watch_se_3-14133.php
2026-05-28 20:30:30,319 | INFO |   [14/260] SKIP apple_ipad_air_13_(2025)-13704.php
2026-05-28 20:30:30,319 | INFO |   [15/260] SKIP apple_ipad_air_11_(2025)-13703.php
2026-05-28 20:30:30,319 | INFO |   [16/260] SKIP apple_ipad_(2025)-13702.php
2026-05-28 20:30:30,319 | INFO |   [17/260] SKIP apple_iphone_16e-13395.php
2026-05-28 20:30:30,320 | INFO |   [18/260] SKIP apple_ipad_mini_(2024)-13437.php
2026-05-28 20:30:30,320 | INFO |   [19/260] SKIP apple_iphone_16_pro_max-13123.php
2026-05-28 20:30:30,320 | INFO |   [20/260] SKIP apple_iphone_16_pro-13315.php
2026-05-28 20:30:30,320 | INFO |   [21/260] SKIP apple_iphone_16_plus-13316.php
2026-05-28 20:30:30,320 | INFO |   [22/260] SKIP apple_iphone_16-13317.php
2026-05-28 20:30:30,320 | INFO |   [23/260] SKIP apple_watch_series_10-13318.php
2026-05-28 20:30:30,320 | INFO |   [24/260] SKIP apple_watch_series_10_aluminum-13319.php
2026-05-28 20:30:30,320 | INFO |   [25/260] SKIP apple_ipad_pro_13_(2024)-12987.php
2026-05-28 20:30:30,320 | INFO |   [26/260] SKIP apple_ipad_pro_11_(2024)-12986.php
2026-05-28 20:30:30,321 | INFO |   [27/260] SKIP apple_ipad_air_13_(2024)-12985.php
2026-05-28 20:30:30,321 | INFO |   [28/260] SKIP apple_ipad_air_11_(2024)-12984.php
2026-05-28 20:30:30,321 | INFO |   [29/260] SKIP apple_iphone_15_pro_max-12548.php
2026-05-28 20:30:30,321 | INFO |   [30/260] SKIP apple_iphone_15_pro-12557.php
2026-05-28 20:30:30,322 | INFO |   [31/260] SKIP apple_iphone_15_plus-12558.php
2026-05-28 20:30:30,322 | INFO |   [32/260] SKIP apple_iphone_15-12559.php
2026-05-28 20:30:30,322 | INFO |   [33/260] SKIP apple_watch_ultra_2-12560.php
2026-05-28 20:30:30,322 | INFO |   [34/260] SKIP apple_watch_series_9-12561.php
2026-05-28 20:30:30,322 | INFO |   [35/260] SKIP apple_watch_series_9_aluminum-12562.php
2026-05-28 20:30:30,322 | INFO |   [36/260] SKIP apple_ipad_pro_12_9_(2022)-11939.php
2026-05-28 20:30:30,322 | INFO |   [37/260] SKIP apple_ipad_pro_11_(2022)-11940.php
2026-05-28 20:30:30,323 | INFO |   [38/260] SKIP apple_ipad_(2022)-11941.php
2026-05-28 20:30:30,323 | INFO |   [39/260] SKIP apple_iphone_14_pro_max-11773.php
2026-05-28 20:30:30,323 | INFO |   [40/260] SKIP apple_iphone_14_pro-11860.php
2026-05-28 20:30:30,323 | INFO |   [41/260] SKIP apple_iphone_14_plus-11862.php
2026-05-28 20:30:30,323 | INFO |   [42/260] SKIP apple_iphone_14-11861.php
2026-05-28 20:30:30,323 | INFO |   [43/260] SKIP apple_watch_ultra-11827.php
2026-05-28 20:30:30,323 | INFO |   [44/260] SKIP apple_watch_series_8-11866.php
2026-05-28 20:30:30,324 | INFO |   [45/260] SKIP apple_watch_series_8_aluminum-11864.php
2026-05-28 20:30:30,324 | INFO |   [46/260] SKIP apple_watch_se_(2022)-11865.php
2026-05-28 20:30:30,324 | INFO |   [47/260] SKIP apple_iphone_se_(2022)-11410.php
2026-05-28 20:30:30,324 | INFO |   [48/260] SKIP apple_ipad_air_(2022)-11411.php
2026-05-28 20:30:30,324 | INFO |   [49/260] SKIP apple_iphone_13_pro_max-11089.php
2026-05-28 20:30:30,324 | INFO |   [50/260] SKIP apple_iphone_13_pro-11102.php
2026-05-28 20:30:30,324 | INFO | 
  [51/260]
2026-05-28 20:30:30,325 | INFO |   ⏳ 20.8s (req #6)
2026-05-28 20:30:51,953 | INFO |   GET https://www.gsmarena.com/newscomm-73022.php → 200
2026-05-28 20:30:51,966 | WARNING |   ⚠️  No data-spec fields found for newscomm-73022.php
2026-05-28 20:30:51,967 | INFO | 
  [52/260]
2026-05-28 20:30:51,967 | INFO |   ⏳ 18.8s (req #7)
2026-05-28 20:31:11,671 | INFO |   GET https://www.gsmarena.com/samsung_galaxy_z_fold_wide_dummy_appears_in_handson_video-ne → 200
2026-05-28 20:31:11,684 | WARNING |   ⚠️  No data-spec fields found for samsung_galaxy_z_fold_wide_dummy_appears_in_handson_video-news-73022.php
2026-05-28 20:31:11,684 | INFO | 
  [53/260]
2026-05-28 20:31:11,684 | INFO |   ⏳ 37.7s (req #8)
2026-05-28 20:31:50,329 | INFO |   GET https://www.gsmarena.com/newscomm-72999.php → 200
2026-05-28 20:31:50,341 | WARNING |   ⚠️  No data-spec fields found for newscomm-72999.php
2026-05-28 20:31:50,342 | INFO | 
  [54/260]
2026-05-28 20:31:50,342 | INFO |   ⏳ 40.8s (req #9)
2026-05-28 20:32:32,094 | INFO |   GET https://www.gsmarena.com/infinix_hot_70_unboxing-news-72999.php → 200
2026-05-28 20:32:32,109 | WARNING |   ⚠️  No data-spec fields found for infinix_hot_70_unboxing-news-72999.php
2026-05-28 20:32:32,110 | INFO | 
  [55/260]
2026-05-28 20:32:32,110 | INFO |   ⏳ 35.5s (req #10)
2026-05-28 20:33:08,468 | INFO |   GET https://www.gsmarena.com/newscomm-73019.php → 200
2026-05-28 20:33:08,481 | WARNING |   ⚠️  No data-spec fields found for newscomm-73019.php
2026-05-28 20:33:08,482 | INFO | 
  [56/260]
2026-05-28 20:33:08,482 | INFO |   ⏳ 36.8s (req #11)
2026-05-28 20:33:46,140 | INFO |   GET https://www.gsmarena.com/design_and_specs_of_vivos_first_wireless_overear_headphones_ → 200
2026-05-28 20:33:46,151 | WARNING |   ⚠️  No data-spec fields found for design_and_specs_of_vivos_first_wireless_overear_headphones_revealed-news-73027.php
2026-05-28 20:33:46,151 | INFO | 
  [57/260]
2026-05-28 20:33:46,151 | INFO |   ⏳ 41.2s (req #12)
2026-05-28 20:34:28,353 | INFO |   GET https://www.gsmarena.com/newscomm-73027.php → 200
2026-05-28 20:34:28,366 | WARNING |   ⚠️  No data-spec fields found for newscomm-73027.php
2026-05-28 20:34:28,366 | INFO | 
  [58/260]
2026-05-28 20:34:28,366 | INFO |   ⏳ 17.2s (req #13)
2026-05-28 20:34:46,435 | INFO |   GET https://www.gsmarena.com/newscomm-73025.php → 200
2026-05-28 20:34:46,447 | WARNING |   ⚠️  No data-spec fields found for newscomm-73025.php
2026-05-28 20:34:46,447 | INFO | 
  [59/260]
2026-05-28 20:34:46,447 | INFO |   ⏳ 18.4s (req #14)
2026-05-28 20:35:05,669 | INFO | ============================================================
2026-05-28 20:35:05,670 | INFO | BATCH 1 — Apple | Samsung | Google | OnePlus
2026-05-28 20:35:05,670 | INFO | Phones ~1,753  |  Time: 10-12 hours
2026-05-28 20:35:05,670 | INFO | Columns: 68 | Method: data-spec attributes
2026-05-28 20:35:05,670 | INFO | Started: 2026-05-28 20:35:05
2026-05-28 20:35:05,670 | INFO | ============================================================
2026-05-28 20:35:05,670 | INFO | Checking connection ...
2026-05-28 20:35:06,643 | INFO |   ✅ Connected (attempt 1)
2026-05-28 20:35:06,645 | INFO | Resuming: 156 done | 0 retry queue
2026-05-28 20:35:06,646 | INFO |   ▶ First request — no delay
2026-05-28 20:35:07,631 | INFO |   GET https://www.gsmarena.com/makers.php3 → 200
2026-05-28 20:35:07,646 | INFO | ✅ 126 brands
2026-05-28 20:35:07,646 | INFO | Matched: ['Apple', 'Google', 'Oneplus', 'Samsung']
2026-05-28 20:35:07,647 | INFO | 
============================================================
2026-05-28 20:35:07,647 | INFO | [1/4] Apple (147 phones)
2026-05-28 20:35:07,647 | INFO | Elapsed: 0min
2026-05-28 20:35:07,647 | INFO | ============================================================
2026-05-28 20:35:07,647 | INFO |   ⏳ 27.1s (req #2)
2026-05-28 20:35:35,733 | INFO |   GET https://www.gsmarena.com/apple-phones-48.php → 200
2026-05-28 20:35:35,758 | INFO |   ⏳ 39.4s (req #3)
2026-05-28 20:36:16,325 | INFO |   GET https://www.gsmarena.com/# → 200
2026-05-28 20:36:16,375 | INFO |   ⏳ 20.9s (req #4)
2026-05-28 20:36:38,359 | INFO |   GET https://www.gsmarena.com/apple-phones-f-48-0-p2.php → 200
2026-05-28 20:36:38,387 | INFO |   ⏳ 44.0s (req #5)
2026-05-28 20:37:23,507 | INFO |   GET https://www.gsmarena.com/apple-phones-f-48-0-p3.php → 200
2026-05-28 20:37:23,530 | INFO |     ✅ 260 links for Apple
2026-05-28 20:37:23,531 | INFO |   [1/260] SKIP apple_iphone_17e-14487.php
2026-05-28 20:37:23,531 | INFO |   [2/260] SKIP apple_ipad_air_13_5g_(2026)-14521.php
2026-05-28 20:37:23,532 | INFO |   [3/260] SKIP apple_ipad_air_11_5g_(2026)-14520.php
2026-05-28 20:37:23,532 | INFO |   [4/260] SKIP apple_ipad_pro_13_5g_(2025)-14233.php
2026-05-28 20:37:23,533 | INFO |   [5/260] SKIP apple_ipad_pro_11_5g_(2025)-14234.php
2026-05-28 20:37:23,533 | INFO |   [6/260] SKIP apple_iphone_17_pro_max-13964.php
2026-05-28 20:37:23,533 | INFO |   [7/260] SKIP apple_iphone_17_pro-14049.php
2026-05-28 20:37:23,534 | INFO |   [8/260] SKIP apple_iphone_17_air-13502.php
2026-05-28 20:37:23,534 | INFO |   [9/260] SKIP apple_iphone_17-14050.php
2026-05-28 20:37:23,535 | INFO |   [10/260] SKIP apple_watch_ultra_3-14130.php
2026-05-28 20:37:23,536 | INFO |   [11/260] SKIP apple_watch_series_11-14131.php
2026-05-28 20:37:23,540 | INFO |   [12/260] SKIP apple_watch_series_11_aluminum-14132.php
2026-05-28 20:37:23,540 | INFO |   [13/260] SKIP apple_watch_se_3-14133.php
2026-05-28 20:37:23,542 | INFO |   [14/260] SKIP apple_ipad_air_13_(2025)-13704.php
2026-05-28 20:37:23,544 | INFO |   [15/260] SKIP apple_ipad_air_11_(2025)-13703.php
2026-05-28 20:37:23,545 | INFO |   [16/260] SKIP apple_ipad_(2025)-13702.php
2026-05-28 20:37:23,545 | INFO |   [17/260] SKIP apple_iphone_16e-13395.php
2026-05-28 20:37:23,547 | INFO |   [18/260] SKIP apple_ipad_mini_(2024)-13437.php
2026-05-28 20:37:23,550 | INFO |   [19/260] SKIP apple_iphone_16_pro_max-13123.php
2026-05-28 20:37:23,551 | INFO |   [20/260] SKIP apple_iphone_16_pro-13315.php
2026-05-28 20:37:23,557 | INFO |   [21/260] SKIP apple_iphone_16_plus-13316.php
2026-05-28 20:37:23,558 | INFO |   [22/260] SKIP apple_iphone_16-13317.php
2026-05-28 20:37:23,558 | INFO |   [23/260] SKIP apple_watch_series_10-13318.php
2026-05-28 20:37:23,558 | INFO |   [24/260] SKIP apple_watch_series_10_aluminum-13319.php
2026-05-28 20:37:23,558 | INFO |   [25/260] SKIP apple_ipad_pro_13_(2024)-12987.php
2026-05-28 20:37:23,559 | INFO |   [26/260] SKIP apple_ipad_pro_11_(2024)-12986.php
2026-05-28 20:37:23,559 | INFO |   [27/260] SKIP apple_ipad_air_13_(2024)-12985.php
2026-05-28 20:37:23,559 | INFO |   [28/260] SKIP apple_ipad_air_11_(2024)-12984.php
2026-05-28 20:37:23,559 | INFO |   [29/260] SKIP apple_iphone_15_pro_max-12548.php
2026-05-28 20:37:23,560 | INFO |   [30/260] SKIP apple_iphone_15_pro-12557.php
2026-05-28 20:37:23,560 | INFO |   [31/260] SKIP apple_iphone_15_plus-12558.php
2026-05-28 20:37:23,560 | INFO |   [32/260] SKIP apple_iphone_15-12559.php
2026-05-28 20:37:23,560 | INFO |   [33/260] SKIP apple_watch_ultra_2-12560.php
2026-05-28 20:37:23,560 | INFO |   [34/260] SKIP apple_watch_series_9-12561.php
2026-05-28 20:37:23,560 | INFO |   [35/260] SKIP apple_watch_series_9_aluminum-12562.php
2026-05-28 20:37:23,561 | INFO |   [36/260] SKIP apple_ipad_pro_12_9_(2022)-11939.php
2026-05-28 20:37:23,561 | INFO |   [37/260] SKIP apple_ipad_pro_11_(2022)-11940.php
2026-05-28 20:37:23,561 | INFO |   [38/260] SKIP apple_ipad_(2022)-11941.php
2026-05-28 20:37:23,562 | INFO |   [39/260] SKIP apple_iphone_14_pro_max-11773.php
2026-05-28 20:37:23,563 | INFO |   [40/260] SKIP apple_iphone_14_pro-11860.php
2026-05-28 20:37:23,563 | INFO |   [41/260] SKIP apple_iphone_14_plus-11862.php
2026-05-28 20:37:23,564 | INFO |   [42/260] SKIP apple_iphone_14-11861.php
2026-05-28 20:37:23,564 | INFO |   [43/260] SKIP apple_watch_ultra-11827.php
2026-05-28 20:37:23,564 | INFO |   [44/260] SKIP apple_watch_series_8-11866.php
2026-05-28 20:37:23,564 | INFO |   [45/260] SKIP apple_watch_series_8_aluminum-11864.php
2026-05-28 20:37:23,565 | INFO |   [46/260] SKIP apple_watch_se_(2022)-11865.php
2026-05-28 20:37:23,565 | INFO |   [47/260] SKIP apple_iphone_se_(2022)-11410.php
2026-05-28 20:37:23,565 | INFO |   [48/260] SKIP apple_ipad_air_(2022)-11411.php
2026-05-28 20:37:23,565 | INFO |   [49/260] SKIP apple_iphone_13_pro_max-11089.php
2026-05-28 20:37:23,566 | INFO |   [50/260] SKIP apple_iphone_13_pro-11102.php
2026-05-28 20:37:23,566 | INFO | 
  [51/260]
2026-05-28 20:37:23,566 | INFO |   ⏳ 18.1s (req #6)
2026-05-28 20:37:42,572 | INFO |   GET https://www.gsmarena.com/newscomm-73022.php → 200
2026-05-28 20:37:42,587 | WARNING |   ⚠️  No data-spec fields found for newscomm-73022.php
2026-05-28 20:37:42,587 | INFO | 
  [52/260]
2026-05-28 20:37:42,587 | INFO |   ⏳ 20.3s (req #7)
2026-05-28 20:38:03,941 | INFO |   GET https://www.gsmarena.com/samsung_galaxy_z_fold_wide_dummy_appears_in_handson_video-ne → 200
2026-05-28 20:38:03,953 | WARNING |   ⚠️  No data-spec fields found for samsung_galaxy_z_fold_wide_dummy_appears_in_handson_video-news-73022.php
2026-05-28 20:38:03,954 | INFO | 
  [53/260]
2026-05-28 20:38:03,954 | INFO |   ⏳ 29.5s (req #8)
2026-05-28 20:38:34,501 | INFO |   GET https://www.gsmarena.com/newscomm-72999.php → 200
2026-05-28 20:38:34,519 | WARNING |   ⚠️  No data-spec fields found for newscomm-72999.php
2026-05-28 20:38:34,519 | INFO | 
  [54/260]
2026-05-28 20:38:34,519 | INFO |   ⏳ 36.0s (req #9)
2026-05-28 20:39:11,732 | INFO |   GET https://www.gsmarena.com/infinix_hot_70_unboxing-news-72999.php → 200
2026-05-28 20:39:11,762 | WARNING |   ⚠️  No data-spec fields found for infinix_hot_70_unboxing-news-72999.php
2026-05-28 20:39:11,763 | INFO | 
  [55/260]
2026-05-28 20:39:11,764 | INFO |   ⏳ 28.7s (req #10)
2026-05-28 20:39:41,570 | INFO |   GET https://www.gsmarena.com/newscomm-73019.php → 200
2026-05-28 20:39:41,604 | WARNING |   ⚠️  No data-spec fields found for newscomm-73019.php
2026-05-28 20:39:41,604 | INFO | 
  [56/260]
2026-05-28 20:39:41,604 | INFO |   ⏳ 41.1s (req #11)
2026-05-28 20:40:23,831 | INFO |   GET https://www.gsmarena.com/design_and_specs_of_vivos_first_wireless_overear_headphones_ → 200
2026-05-28 20:40:23,849 | WARNING |   ⚠️  No data-spec fields found for design_and_specs_of_vivos_first_wireless_overear_headphones_revealed-news-73027.php
2026-05-28 20:40:23,849 | INFO | 
  [57/260]
2026-05-28 20:40:23,849 | INFO |   ⏳ 38.2s (req #12)
2026-05-28 20:41:03,016 | INFO |   GET https://www.gsmarena.com/newscomm-73027.php → 200
2026-05-28 20:41:03,025 | WARNING |   ⚠️  No data-spec fields found for newscomm-73027.php
2026-05-28 20:41:03,025 | INFO | 
  [58/260]
2026-05-28 20:41:03,026 | INFO |   ⏳ 18.7s (req #13)
2026-05-28 20:41:22,724 | INFO |   GET https://www.gsmarena.com/newscomm-73025.php → 200
2026-05-28 20:41:22,745 | WARNING |   ⚠️  No data-spec fields found for newscomm-73025.php
2026-05-28 20:41:22,745 | INFO | 
  [59/260]
2026-05-28 20:41:22,746 | INFO |   ⏳ 39.0s (req #14)
2026-05-28 20:42:02,940 | INFO |   GET https://www.gsmarena.com/xiaomi_17t_unveiled_with_5x_periscope_xiaomi_17t_pro_joins_i → 200
2026-05-28 20:42:02,967 | WARNING |   ⚠️  No data-spec fields found for xiaomi_17t_unveiled_with_5x_periscope_xiaomi_17t_pro_joins_it_with_a_7000mah_battery-news-73025.php
2026-05-28 20:42:02,967 | INFO | 
  [60/260]
2026-05-28 20:42:02,967 | INFO |   ⏳ 44.6s (req #15)
2026-05-28 20:42:48,594 | INFO |   GET https://www.gsmarena.com/hmd_grand_renders_and_specifications_leak-news-73024.php → 200
2026-05-28 20:42:48,611 | WARNING |   ⚠️  No data-spec fields found for hmd_grand_renders_and_specifications_leak-news-73024.php
2026-05-28 20:42:48,611 | INFO | 
  [61/260]
2026-05-28 20:42:48,612 | INFO |   ⏳ 38.7s (req #16)
2026-05-28 20:43:28,289 | INFO |   GET https://www.gsmarena.com/newscomm-73024.php → 200
2026-05-28 20:43:28,309 | WARNING |   ⚠️  No data-spec fields found for newscomm-73024.php
2026-05-28 20:43:28,309 | INFO | 
  [62/260]
2026-05-28 20:43:28,309 | INFO |   ⏳ 37.2s (req #17)
2026-05-28 20:44:06,420 | INFO |   GET https://www.gsmarena.com/xiaomi_17t_17t_pro_launch_event_live_stream-news-73008.php → 200
2026-05-28 20:44:06,439 | WARNING |   ⚠️  No data-spec fields found for xiaomi_17t_17t_pro_launch_event_live_stream-news-73008.php
2026-05-28 20:44:06,441 | INFO | 
  [63/260]
2026-05-28 20:44:06,441 | INFO |   ⏳ 33.6s (req #18)
2026-05-28 20:44:41,132 | INFO |   GET https://www.gsmarena.com/newscomm-73008.php → 200
2026-05-28 20:44:41,157 | WARNING |   ⚠️  No data-spec fields found for newscomm-73008.php
2026-05-28 20:44:41,157 | INFO | 
  [64/260]
2026-05-28 20:44:41,157 | INFO |   ⏳ 40.4s (req #19)
2026-05-28 20:45:22,491 | INFO |   GET https://www.gsmarena.com/dreame_introduces_cristiano_ronaldo_as_global_ambassador_-ne → 200
2026-05-28 20:45:22,502 | WARNING |   ⚠️  No data-spec fields found for dreame_introduces_cristiano_ronaldo_as_global_ambassador_-news-73023.php
2026-05-28 20:45:22,502 | INFO | 
  [65/260]
2026-05-28 20:45:22,502 | INFO |   ⏳ 40.0s (req #20)
2026-05-28 20:45:55,868 | INFO | ============================================================
2026-05-28 20:45:55,868 | INFO | BATCH 1 — Apple | Samsung | Google | OnePlus
2026-05-28 20:45:55,868 | INFO | Phones ~1,753  |  Time: 10-12 hours
2026-05-28 20:45:55,869 | INFO | Columns: 68 | Method: data-spec attributes
2026-05-28 20:45:55,869 | INFO | Started: 2026-05-28 20:45:55
2026-05-28 20:45:55,869 | INFO | ============================================================
2026-05-28 20:45:55,869 | INFO | Checking connection ...
2026-05-28 20:45:57,003 | INFO |   ✅ Connected (attempt 1)
2026-05-28 20:45:57,016 | INFO | Resuming: 156 done | 0 retry queue
2026-05-28 20:45:57,016 | INFO |   ▶ First request — no delay
2026-05-28 20:45:57,913 | INFO |   GET https://www.gsmarena.com/makers.php3 → 200
2026-05-28 20:45:57,930 | INFO | ✅ 126 brands
2026-05-28 20:45:57,930 | INFO | Matched: ['Apple', 'Google', 'Oneplus', 'Samsung']
2026-05-28 20:45:57,930 | INFO | 
============================================================
2026-05-28 20:45:57,930 | INFO | [1/4] Apple (147 phones)
2026-05-28 20:45:57,930 | INFO | Elapsed: 0min
2026-05-28 20:45:57,931 | INFO | ============================================================
2026-05-28 20:45:57,931 | INFO |   ⏳ 31.0s (req #2)
2026-05-28 20:46:30,132 | INFO |   GET https://www.gsmarena.com/apple-phones-48.php → 200
2026-05-28 20:46:30,153 | INFO |   ⏳ 28.1s (req #3)
2026-05-28 20:46:59,465 | INFO |   GET https://www.gsmarena.com/# → 200
2026-05-28 20:46:59,505 | INFO |   ⏳ 33.5s (req #4)
2026-05-28 20:47:34,040 | INFO |   GET https://www.gsmarena.com/apple-phones-f-48-0-p2.php → 200
2026-05-28 20:47:34,058 | INFO |   ⏳ 41.9s (req #5)
2026-05-28 20:48:16,883 | INFO |   GET https://www.gsmarena.com/apple-phones-f-48-0-p3.php → 200
2026-05-28 20:48:16,898 | INFO |     ✅ 217 links for Apple
2026-05-28 20:48:16,899 | INFO |   [1/217] SKIP apple_iphone_17e-14487.php
2026-05-28 20:48:16,899 | INFO |   [2/217] SKIP apple_ipad_air_13_5g_(2026)-14521.php
2026-05-28 20:48:16,899 | INFO |   [3/217] SKIP apple_ipad_air_11_5g_(2026)-14520.php
2026-05-28 20:48:16,899 | INFO |   [4/217] SKIP apple_ipad_pro_13_5g_(2025)-14233.php
2026-05-28 20:48:16,899 | INFO |   [5/217] SKIP apple_ipad_pro_11_5g_(2025)-14234.php
2026-05-28 20:48:16,899 | INFO |   [6/217] SKIP apple_iphone_17_pro_max-13964.php
2026-05-28 20:48:16,899 | INFO |   [7/217] SKIP apple_iphone_17_pro-14049.php
2026-05-28 20:48:16,900 | INFO |   [8/217] SKIP apple_iphone_17_air-13502.php
2026-05-28 20:48:16,900 | INFO |   [9/217] SKIP apple_iphone_17-14050.php
2026-05-28 20:48:16,900 | INFO |   [10/217] SKIP apple_watch_ultra_3-14130.php
2026-05-28 20:48:16,900 | INFO |   [11/217] SKIP apple_watch_series_11-14131.php
2026-05-28 20:48:16,900 | INFO |   [12/217] SKIP apple_watch_series_11_aluminum-14132.php
2026-05-28 20:48:16,900 | INFO |   [13/217] SKIP apple_watch_se_3-14133.php
2026-05-28 20:48:16,900 | INFO |   [14/217] SKIP apple_ipad_air_13_(2025)-13704.php
2026-05-28 20:48:16,901 | INFO |   [15/217] SKIP apple_ipad_air_11_(2025)-13703.php
2026-05-28 20:48:16,901 | INFO |   [16/217] SKIP apple_ipad_(2025)-13702.php
2026-05-28 20:48:16,901 | INFO |   [17/217] SKIP apple_iphone_16e-13395.php
2026-05-28 20:48:16,901 | INFO |   [18/217] SKIP apple_ipad_mini_(2024)-13437.php
2026-05-28 20:48:16,901 | INFO |   [19/217] SKIP apple_iphone_16_pro_max-13123.php
2026-05-28 20:48:16,901 | INFO |   [20/217] SKIP apple_iphone_16_pro-13315.php
2026-05-28 20:48:16,901 | INFO |   [21/217] SKIP apple_iphone_16_plus-13316.php
2026-05-28 20:48:16,902 | INFO |   [22/217] SKIP apple_iphone_16-13317.php
2026-05-28 20:48:16,902 | INFO |   [23/217] SKIP apple_watch_series_10-13318.php
2026-05-28 20:48:16,902 | INFO |   [24/217] SKIP apple_watch_series_10_aluminum-13319.php
2026-05-28 20:48:16,902 | INFO |   [25/217] SKIP apple_ipad_pro_13_(2024)-12987.php
2026-05-28 20:48:16,902 | INFO |   [26/217] SKIP apple_ipad_pro_11_(2024)-12986.php
2026-05-28 20:48:16,903 | INFO |   [27/217] SKIP apple_ipad_air_13_(2024)-12985.php
2026-05-28 20:48:16,903 | INFO |   [28/217] SKIP apple_ipad_air_11_(2024)-12984.php
2026-05-28 20:48:16,903 | INFO |   [29/217] SKIP apple_iphone_15_pro_max-12548.php
2026-05-28 20:48:16,903 | INFO |   [30/217] SKIP apple_iphone_15_pro-12557.php
2026-05-28 20:48:16,903 | INFO |   [31/217] SKIP apple_iphone_15_plus-12558.php
2026-05-28 20:48:16,903 | INFO |   [32/217] SKIP apple_iphone_15-12559.php
2026-05-28 20:48:16,904 | INFO |   [33/217] SKIP apple_watch_ultra_2-12560.php
2026-05-28 20:48:16,904 | INFO |   [34/217] SKIP apple_watch_series_9-12561.php
2026-05-28 20:48:16,904 | INFO |   [35/217] SKIP apple_watch_series_9_aluminum-12562.php
2026-05-28 20:48:16,904 | INFO |   [36/217] SKIP apple_ipad_pro_12_9_(2022)-11939.php
2026-05-28 20:48:16,904 | INFO |   [37/217] SKIP apple_ipad_pro_11_(2022)-11940.php
2026-05-28 20:48:16,904 | INFO |   [38/217] SKIP apple_ipad_(2022)-11941.php
2026-05-28 20:48:16,905 | INFO |   [39/217] SKIP apple_iphone_14_pro_max-11773.php
2026-05-28 20:48:16,905 | INFO |   [40/217] SKIP apple_iphone_14_pro-11860.php
2026-05-28 20:48:16,905 | INFO |   [41/217] SKIP apple_iphone_14_plus-11862.php
2026-05-28 20:48:16,905 | INFO |   [42/217] SKIP apple_iphone_14-11861.php
2026-05-28 20:48:16,905 | INFO |   [43/217] SKIP apple_watch_ultra-11827.php
2026-05-28 20:48:16,905 | INFO |   [44/217] SKIP apple_watch_series_8-11866.php
2026-05-28 20:48:16,905 | INFO |   [45/217] SKIP apple_watch_series_8_aluminum-11864.php
2026-05-28 20:48:16,906 | INFO |   [46/217] SKIP apple_watch_se_(2022)-11865.php
2026-05-28 20:48:16,906 | INFO |   [47/217] SKIP apple_iphone_se_(2022)-11410.php
2026-05-28 20:48:16,906 | INFO |   [48/217] SKIP apple_ipad_air_(2022)-11411.php
2026-05-28 20:48:16,906 | INFO |   [49/217] SKIP apple_iphone_13_pro_max-11089.php
2026-05-28 20:48:16,906 | INFO |   [50/217] SKIP apple_iphone_13_pro-11102.php
2026-05-28 20:48:16,906 | INFO | 
  [51/217]
2026-05-28 20:48:16,906 | INFO |   ⏳ 17.5s (req #6)
2026-05-28 20:48:35,484 | INFO |   GET https://www.gsmarena.com/samsung-phones-9.php → 200
2026-05-28 20:48:35,503 | WARNING |   ⚠️  No data-spec fields found for samsung-phones-9.php
2026-05-28 20:48:35,504 | INFO | 
  [52/217]
2026-05-28 20:48:35,504 | INFO |   ⏳ 36.7s (req #7)
2026-05-28 20:49:13,240 | INFO |   GET https://www.gsmarena.com/apple-phones-48.php → 200
2026-05-28 20:49:13,255 | WARNING |   ⚠️  No data-spec fields found for apple-phones-48.php
2026-05-28 20:49:13,256 | INFO | 
  [53/217]
2026-05-28 20:49:13,256 | INFO |   ⏳ 39.3s (req #8)
2026-05-28 20:49:53,471 | INFO |   GET https://www.gsmarena.com/huawei-phones-58.php → 200
2026-05-28 20:49:53,481 | WARNING |   ⚠️  No data-spec fields found for huawei-phones-58.php
2026-05-28 20:49:53,481 | INFO | 
  [54/217]
2026-05-28 20:49:53,482 | INFO |   ⏳ 38.3s (req #9)
2026-05-28 20:50:32,883 | INFO |   GET https://www.gsmarena.com/nokia-phones-1.php → 200
2026-05-28 20:50:32,901 | WARNING |   ⚠️  No data-spec fields found for nokia-phones-1.php
2026-05-28 20:50:32,901 | INFO | 
  [55/217]
2026-05-28 20:50:32,902 | INFO |   ⏳ 21.4s (req #10)
2026-05-28 20:50:55,205 | INFO |   GET https://www.gsmarena.com/sony-phones-7.php → 200
2026-05-28 20:50:55,217 | WARNING |   ⚠️  No data-spec fields found for sony-phones-7.php
2026-05-28 20:50:55,217 | INFO | 
  [56/217]
2026-05-28 20:50:55,217 | INFO |   ⏳ 34.4s (req #11)
2026-05-28 20:51:30,470 | INFO |   GET https://www.gsmarena.com/lg-phones-20.php → 200
2026-05-28 20:51:30,483 | WARNING |   ⚠️  No data-spec fields found for lg-phones-20.php
2026-05-28 20:51:30,484 | INFO | 
  [57/217]
2026-05-28 20:51:30,484 | INFO |   ⏳ 31.5s (req #12)
2026-05-28 20:52:02,826 | INFO |   GET https://www.gsmarena.com/htc-phones-45.php → 200
2026-05-28 20:52:02,838 | WARNING |   ⚠️  No data-spec fields found for htc-phones-45.php
2026-05-28 20:52:02,838 | INFO | 
  [58/217]
2026-05-28 20:52:02,838 | INFO |   ⏳ 32.3s (req #13)
2026-05-28 20:52:35,887 | INFO |   GET https://www.gsmarena.com/motorola-phones-4.php → 200
2026-05-28 20:52:35,898 | WARNING |   ⚠️  No data-spec fields found for motorola-phones-4.php
2026-05-28 20:52:35,898 | INFO | 
  [59/217]
2026-05-28 20:52:35,898 | INFO |   ⏳ 35.8s (req #14)
2026-05-28 20:53:13,039 | INFO |   GET https://www.gsmarena.com/lenovo-phones-73.php → 200
2026-05-28 20:53:13,057 | WARNING |   ⚠️  No data-spec fields found for lenovo-phones-73.php
2026-05-28 20:53:13,057 | INFO | 
  [60/217]
2026-05-28 20:53:13,058 | INFO |   ⏳ 22.7s (req #15)
2026-05-28 20:53:36,708 | INFO |   GET https://www.gsmarena.com/xiaomi-phones-80.php → 200
2026-05-28 20:53:36,723 | WARNING |   ⚠️  No data-spec fields found for xiaomi-phones-80.php
2026-05-28 20:53:36,724 | INFO | 
  [61/217]
2026-05-28 20:53:36,724 | INFO |   ⏳ 35.1s (req #16)
2026-05-28 20:54:12,917 | INFO |   GET https://www.gsmarena.com/google-phones-107.php → 200
2026-05-28 20:54:12,934 | WARNING |   ⚠️  No data-spec fields found for google-phones-107.php
2026-05-28 20:54:12,935 | INFO | 
  [62/217]
2026-05-28 20:54:12,935 | INFO |   ⏳ 29.0s (req #17)
2026-05-28 20:54:42,962 | INFO |   GET https://www.gsmarena.com/honor-phones-121.php → 200
2026-05-28 20:54:42,979 | WARNING |   ⚠️  No data-spec fields found for honor-phones-121.php
2026-05-28 20:54:42,980 | INFO | 
  [63/217]
2026-05-28 20:54:42,980 | INFO |   ⏳ 32.8s (req #18)
2026-05-28 20:55:16,702 | INFO |   GET https://www.gsmarena.com/oppo-phones-82.php → 200
2026-05-28 20:55:16,712 | WARNING |   ⚠️  No data-spec fields found for oppo-phones-82.php
2026-05-28 20:55:16,712 | INFO | 
  [64/217]
2026-05-28 20:55:16,712 | INFO |   ⏳ 37.0s (req #19)
2026-05-28 20:55:54,664 | INFO |   GET https://www.gsmarena.com/realme-phones-118.php → 200
2026-05-28 20:55:54,681 | WARNING |   ⚠️  No data-spec fields found for realme-phones-118.php
2026-05-28 20:55:54,682 | INFO | 
  [65/217]
2026-05-28 20:55:54,682 | INFO |   ⏳ 18.2s (req #20)
2026-05-28 20:56:13,950 | INFO |   GET https://www.gsmarena.com/oneplus-phones-95.php → 200
2026-05-28 20:56:13,976 | WARNING |   ⚠️  No data-spec fields found for oneplus-phones-95.php
2026-05-28 20:56:13,977 | INFO | 
  [66/217]
2026-05-28 20:56:13,978 | INFO |   ⏳ 30.7s (req #21)
2026-05-28 20:56:45,431 | INFO |   GET https://www.gsmarena.com/nothing-phones-128.php → 200
2026-05-28 20:56:45,443 | WARNING |   ⚠️  No data-spec fields found for nothing-phones-128.php
2026-05-28 20:56:45,444 | INFO | 
  [67/217]
2026-05-28 20:56:45,444 | INFO |   ⏳ 32.8s (req #22)
2026-05-28 20:56:58,557 | INFO | ============================================================
2026-05-28 20:56:58,558 | INFO | BATCH 1 — Apple | Samsung | Google | OnePlus
2026-05-28 20:56:58,558 | INFO | Phones ~1,753  |  Time: 10-12 hours
2026-05-28 20:56:58,558 | INFO | Columns: 68 | Method: data-spec attributes
2026-05-28 20:56:58,558 | INFO | Started: 2026-05-28 20:56:58
2026-05-28 20:56:58,558 | INFO | ============================================================
2026-05-28 20:56:58,558 | INFO | Checking connection ...
2026-05-28 20:56:59,706 | INFO |   ✅ Connected (attempt 1)
2026-05-28 20:56:59,708 | INFO | Resuming: 156 done | 0 retry queue
2026-05-28 20:56:59,709 | INFO |   ▶ First request — no delay
2026-05-28 20:57:00,695 | INFO |   GET https://www.gsmarena.com/makers.php3 → 200
2026-05-28 20:57:00,710 | INFO | ✅ 126 brands
2026-05-28 20:57:00,710 | INFO | Matched: ['Apple', 'Google', 'Oneplus', 'Samsung']
2026-05-28 20:57:00,711 | INFO | 
============================================================
2026-05-28 20:57:00,711 | INFO | [1/4] Apple (147 phones)
2026-05-28 20:57:00,711 | INFO | Elapsed: 0min
2026-05-28 20:57:00,711 | INFO | ============================================================
2026-05-28 20:57:00,711 | INFO |   ⏳ 16.2s (req #2)
2026-05-28 20:57:18,110 | INFO |   GET https://www.gsmarena.com/apple-phones-48.php → 200
2026-05-28 20:57:18,135 | INFO |   ⏳ 29.6s (req #3)
2026-05-28 20:57:48,953 | INFO |   GET https://www.gsmarena.com/# → 200
2026-05-28 20:57:48,997 | INFO |   ⏳ 40.4s (req #4)
2026-05-28 20:58:30,335 | INFO |   GET https://www.gsmarena.com/apple-phones-f-48-0-p2.php → 200
2026-05-28 20:58:30,347 | INFO |   ⏳ 17.3s (req #5)
2026-05-28 20:58:48,644 | INFO |   GET https://www.gsmarena.com/apple-phones-f-48-0-p3.php → 200
2026-05-28 20:58:48,655 | INFO |     ✅ 181 links for Apple
2026-05-28 20:58:48,655 | INFO |   [1/181] SKIP apple_iphone_17e-14487.php
2026-05-28 20:58:48,655 | INFO |   [2/181] SKIP apple_ipad_air_13_5g_(2026)-14521.php
2026-05-28 20:58:48,656 | INFO |   [3/181] SKIP apple_ipad_air_11_5g_(2026)-14520.php
2026-05-28 20:58:48,656 | INFO |   [4/181] SKIP apple_ipad_pro_13_5g_(2025)-14233.php
2026-05-28 20:58:48,656 | INFO |   [5/181] SKIP apple_ipad_pro_11_5g_(2025)-14234.php
2026-05-28 20:58:48,656 | INFO |   [6/181] SKIP apple_iphone_17_pro_max-13964.php
2026-05-28 20:58:48,656 | INFO |   [7/181] SKIP apple_iphone_17_pro-14049.php
2026-05-28 20:58:48,657 | INFO |   [8/181] SKIP apple_iphone_17_air-13502.php
2026-05-28 20:58:48,657 | INFO |   [9/181] SKIP apple_iphone_17-14050.php
2026-05-28 20:58:48,657 | INFO |   [10/181] SKIP apple_watch_ultra_3-14130.php
2026-05-28 20:58:48,657 | INFO |   [11/181] SKIP apple_watch_series_11-14131.php
2026-05-28 20:58:48,657 | INFO |   [12/181] SKIP apple_watch_series_11_aluminum-14132.php
2026-05-28 20:58:48,657 | INFO |   [13/181] SKIP apple_watch_se_3-14133.php
2026-05-28 20:58:48,658 | INFO |   [14/181] SKIP apple_ipad_air_13_(2025)-13704.php
2026-05-28 20:58:48,658 | INFO |   [15/181] SKIP apple_ipad_air_11_(2025)-13703.php
2026-05-28 20:58:48,658 | INFO |   [16/181] SKIP apple_ipad_(2025)-13702.php
2026-05-28 20:58:48,658 | INFO |   [17/181] SKIP apple_iphone_16e-13395.php
2026-05-28 20:58:48,658 | INFO |   [18/181] SKIP apple_ipad_mini_(2024)-13437.php
2026-05-28 20:58:48,658 | INFO |   [19/181] SKIP apple_iphone_16_pro_max-13123.php
2026-05-28 20:58:48,658 | INFO |   [20/181] SKIP apple_iphone_16_pro-13315.php
2026-05-28 20:58:48,658 | INFO |   [21/181] SKIP apple_iphone_16_plus-13316.php
2026-05-28 20:58:48,658 | INFO |   [22/181] SKIP apple_iphone_16-13317.php
2026-05-28 20:58:48,658 | INFO |   [23/181] SKIP apple_watch_series_10-13318.php
2026-05-28 20:58:48,658 | INFO |   [24/181] SKIP apple_watch_series_10_aluminum-13319.php
2026-05-28 20:58:48,659 | INFO |   [25/181] SKIP apple_ipad_pro_13_(2024)-12987.php
2026-05-28 20:58:48,659 | INFO |   [26/181] SKIP apple_ipad_pro_11_(2024)-12986.php
2026-05-28 20:58:48,659 | INFO |   [27/181] SKIP apple_ipad_air_13_(2024)-12985.php
2026-05-28 20:58:48,659 | INFO |   [28/181] SKIP apple_ipad_air_11_(2024)-12984.php
2026-05-28 20:58:48,659 | INFO |   [29/181] SKIP apple_iphone_15_pro_max-12548.php
2026-05-28 20:58:48,659 | INFO |   [30/181] SKIP apple_iphone_15_pro-12557.php
2026-05-28 20:58:48,659 | INFO |   [31/181] SKIP apple_iphone_15_plus-12558.php
2026-05-28 20:58:48,659 | INFO |   [32/181] SKIP apple_iphone_15-12559.php
2026-05-28 20:58:48,660 | INFO |   [33/181] SKIP apple_watch_ultra_2-12560.php
2026-05-28 20:58:48,660 | INFO |   [34/181] SKIP apple_watch_series_9-12561.php
2026-05-28 20:58:48,660 | INFO |   [35/181] SKIP apple_watch_series_9_aluminum-12562.php
2026-05-28 20:58:48,660 | INFO |   [36/181] SKIP apple_ipad_pro_12_9_(2022)-11939.php
2026-05-28 20:58:48,660 | INFO |   [37/181] SKIP apple_ipad_pro_11_(2022)-11940.php
2026-05-28 20:58:48,660 | INFO |   [38/181] SKIP apple_ipad_(2022)-11941.php
2026-05-28 20:58:48,661 | INFO |   [39/181] SKIP apple_iphone_14_pro_max-11773.php
2026-05-28 20:58:48,661 | INFO |   [40/181] SKIP apple_iphone_14_pro-11860.php
2026-05-28 20:58:48,661 | INFO |   [41/181] SKIP apple_iphone_14_plus-11862.php
2026-05-28 20:58:48,661 | INFO |   [42/181] SKIP apple_iphone_14-11861.php
2026-05-28 20:58:48,661 | INFO |   [43/181] SKIP apple_watch_ultra-11827.php
2026-05-28 20:58:48,661 | INFO |   [44/181] SKIP apple_watch_series_8-11866.php
2026-05-28 20:58:48,662 | INFO |   [45/181] SKIP apple_watch_series_8_aluminum-11864.php
2026-05-28 20:58:48,662 | INFO |   [46/181] SKIP apple_watch_se_(2022)-11865.php
2026-05-28 20:58:48,662 | INFO |   [47/181] SKIP apple_iphone_se_(2022)-11410.php
2026-05-28 20:58:48,662 | INFO |   [48/181] SKIP apple_ipad_air_(2022)-11411.php
2026-05-28 20:58:48,662 | INFO |   [49/181] SKIP apple_iphone_13_pro_max-11089.php
2026-05-28 20:58:48,662 | INFO |   [50/181] SKIP apple_iphone_13_pro-11102.php
2026-05-28 20:58:48,662 | INFO | 
  [51/181]
2026-05-28 20:58:48,662 | INFO |   ⏳ 30.0s (req #6)
2026-05-28 20:59:19,888 | INFO |   GET https://www.gsmarena.com/xiaomi_17t_pro_5g-14651.php → 200
2026-05-28 20:59:19,911 | INFO |       📱 Xiaomi 17T Pro | Main=50.0MP | Selfie=32.0MP | AnTuTu=2795030 | Price=$None | IP=IP68 | Populated=57/68 fields
2026-05-28 20:59:19,914 | INFO |   💾 [1/181] saved
2026-05-28 20:59:19,915 | INFO | 
  [52/181]
2026-05-28 20:59:19,915 | INFO |   ⏳ 44.0s (req #7)
2026-05-28 21:00:04,986 | INFO |   GET https://www.gsmarena.com/xiaomi_17t_5g-14652.php → 200
2026-05-28 21:00:05,007 | INFO |       📱 Xiaomi 17T | Main=50.0MP | Selfie=32.0MP | AnTuTu=1640834 | Price=$None | IP=IP68 | Populated=58/68 fields
2026-05-28 21:00:05,009 | INFO |   💾 [2/181] saved
2026-05-28 21:00:05,009 | INFO |   [53/181] SKIP zte_nubia_redmagic_11s_pro_5g-14669.php
2026-05-28 21:00:05,009 | INFO |   [54/181] SKIP vivo_s60_5g-14692.php
2026-05-28 21:00:05,009 | INFO |   [55/181] SKIP ulefone_tab_a12_pro-14695.php
2026-05-28 21:00:05,010 | INFO |   [56/181] SKIP xiaomi_17_max_5g-14667.php
2026-05-28 21:00:05,010 | INFO |   [57/181] SKIP vivo_s60_vitality_5g-14693.php
2026-05-28 21:00:05,010 | INFO |   [58/181] SKIP vivo_y600_turbo_5g-14687.php
2026-05-28 21:00:05,010 | INFO |   [59/181] SKIP honor_600e_5g-14688.php
2026-05-28 21:00:05,010 | INFO |   [60/181] SKIP realme_16t_5g-14674.php
2026-05-28 21:00:05,010 | INFO |   [61/181] SKIP honor_600_5g-14605.php
2026-05-28 21:00:05,010 | INFO |   [62/181] SKIP sony_xperia_1_viii_5g-14660.php
2026-05-28 21:00:05,010 | INFO |   [63/181] SKIP honor_600_pro_5g-14604.php
2026-05-28 21:00:05,010 | INFO |   [64/181] SKIP motorola_moto_g87_5g-14644.php
2026-05-28 21:00:05,011 | INFO |   [65/181] SKIP motorola_moto_g47-14645.php
2026-05-28 21:00:05,011 | INFO |   [66/181] SKIP motorola_razr_70_ultra-14641.php
2026-05-28 21:00:05,011 | INFO |   [67/181] SKIP motorola_razr_70-14643.php
2026-05-28 21:00:05,011 | INFO |   [68/181] SKIP vivo_x300_ultra_5g-14388.php
2026-05-28 21:00:05,011 | INFO |   [69/181] SKIP samsung_galaxy_a57-14379.php
2026-05-28 21:00:05,011 | INFO |   [70/181] SKIP samsung_galaxy_s26_ultra-14320.php
2026-05-28 21:00:05,011 | INFO |   [71/181] SKIP xiaomi_17_max-14667.php
2026-05-28 21:00:05,011 | INFO |   [72/181] SKIP samsung_galaxy_a17-14041.php
2026-05-28 21:00:05,012 | INFO |   [73/181] SKIP sony_xperia_1_viii-14660.php
2026-05-28 21:00:05,012 | INFO |   [74/181] SKIP xiaomi_redmi_note_15-14328.php
2026-05-28 21:00:05,012 | INFO |   [75/181] SKIP infinix_hot_70-14683.php
2026-05-28 21:00:05,012 | INFO |   [76/181] SKIP honor_600_pro-14604.php
2026-05-28 21:00:05,012 | INFO | 
  [77/181]
2026-05-28 21:00:05,012 | INFO |   ⏳ 18.5s (req #8)
2026-05-28 21:00:25,580 | INFO |   GET https://www.gsmarena.com/xiaomi_17t_pro-14651.php → 200
2026-05-28 21:00:25,615 | INFO |       📱 Xiaomi 17T Pro | Main=50.0MP | Selfie=32.0MP | AnTuTu=2795030 | Price=$None | IP=IP68 | Populated=57/68 fields
2026-05-28 21:00:25,619 | INFO |   💾 [3/181] saved
2026-05-28 21:00:25,619 | INFO |   [78/181] SKIP samsung_galaxy_a56-13603.php
2026-05-28 21:00:25,620 | INFO |   [79/181] SKIP xiaomi_15_ultra-13657.php
2026-05-28 21:00:25,620 | INFO |   [80/181] SKIP xiaomi_poco_x7_pro-13582.php
2026-05-28 21:00:25,620 | INFO |   [81/181] SKIP xiaomi_17_pro_max-14181.php
2026-05-28 21:00:25,621 | INFO |   [82/181] SKIP oneplus_15-14206.php
2026-05-28 21:00:25,621 | INFO |   [83/181] SKIP samsung_galaxy_s25-13610.php
2026-05-28 21:00:25,621 | INFO |   [84/181] SKIP xiaomi_17_ultra-14380.php
2026-05-28 21:00:25,622 | INFO |   [85/181] SKIP oppo_find_x9_pro-14094.php
2026-05-28 21:00:25,622 | INFO |   [86/181] SKIP apple_iphone_13-11103.php
2026-05-28 21:00:25,622 | INFO |   [87/181] SKIP apple_iphone_13_mini-11104.php
2026-05-28 21:00:25,623 | INFO |   [88/181] SKIP apple_ipad_mini_(2021)-11105.php
2026-05-28 21:00:25,623 | INFO |   [89/181] SKIP apple_ipad_10_2_(2021)-11106.php
2026-05-28 21:00:25,623 | INFO |   [90/181] SKIP apple_watch_edition_series_7-11147.php
2026-05-28 21:00:25,623 | INFO |   [91/181] SKIP apple_watch_series_7-11146.php
2026-05-28 21:00:25,624 | INFO |   [92/181] SKIP apple_watch_series_7_aluminum-11107.php
2026-05-28 21:00:25,624 | INFO |   [93/181] SKIP apple_ipad_pro_12_9_(2021)-10864.php
2026-05-28 21:00:25,624 | INFO |   [94/181] SKIP apple_ipad_pro_11_(2021)-10865.php
2026-05-28 21:00:25,624 | INFO |   [95/181] SKIP apple_iphone_12_pro_max-10237.php
2026-05-28 21:00:25,624 | INFO |   [96/181] SKIP apple_iphone_12_pro-10508.php
2026-05-28 21:00:25,625 | INFO |   [97/181] SKIP apple_iphone_12-10509.php
2026-05-28 21:00:25,625 | INFO |   [98/181] SKIP apple_iphone_12_mini-10510.php
2026-05-28 21:00:25,625 | INFO |   [99/181] SKIP apple_ipad_air_(2020)-10444.php
2026-05-28 21:00:25,625 | INFO |   [100/181] SKIP apple_ipad_10_2_(2020)-10445.php
2026-05-28 21:00:25,625 | INFO |   [101/181] SKIP apple_watch_se-10446.php
2026-05-28 21:00:25,626 | INFO |   [102/181] SKIP apple_watch_series_6_aluminum-10447.php
2026-05-28 21:00:25,626 | INFO |   [103/181] SKIP apple_watch_series_6-10448.php
2026-05-28 21:00:25,626 | INFO |   [104/181] SKIP apple_watch_edition_series_6-10449.php
2026-05-28 21:00:25,626 | INFO |   [105/181] SKIP apple_iphone_se_(2020)-10170.php
2026-05-28 21:00:25,626 | INFO |   [106/181] SKIP apple_ipad_pro_12_9_(2020)-10136.php
2026-05-28 21:00:25,627 | INFO |   [107/181] SKIP apple_ipad_pro_11_(2020)-10137.php
2026-05-28 21:00:25,627 | INFO |   [108/181] SKIP apple_iphone_11_pro_max-9846.php
2026-05-28 21:00:25,627 | INFO |   [109/181] SKIP apple_iphone_11_pro-9847.php
2026-05-28 21:00:25,627 | INFO |   [110/181] SKIP apple_iphone_11-9848.php
2026-05-28 21:00:25,627 | INFO |   [111/181] SKIP apple_ipad_10_2_(2019)-9857.php
2026-05-28 21:00:25,628 | INFO |   [112/181] SKIP apple_watch_edition_series_5-9860.php
2026-05-28 21:00:25,628 | INFO |   [113/181] SKIP apple_watch_series_5-9859.php
2026-05-28 21:00:25,628 | INFO |   [114/181] SKIP apple_watch_series_5_aluminum-9858.php
2026-05-28 21:00:25,629 | INFO |   [115/181] SKIP apple_ipad_air_(2019)-9638.php
2026-05-28 21:00:25,629 | INFO |   [116/181] SKIP apple_ipad_mini_(2019)-9637.php
2026-05-28 21:00:25,629 | INFO |   [117/181] SKIP apple_ipad_pro_12_9_(2018)-9387.php
2026-05-28 21:00:25,629 | INFO |   [118/181] SKIP apple_ipad_pro_11_(2018)-9386.php
2026-05-28 21:00:25,630 | INFO |   [119/181] SKIP apple_iphone_xs_max-9319.php
2026-05-28 21:00:25,630 | INFO |   [120/181] SKIP apple_iphone_xs-9318.php
2026-05-28 21:00:25,630 | INFO |   [121/181] SKIP apple_iphone_xr-9320.php
2026-05-28 21:00:25,630 | INFO |   [122/181] SKIP apple_watch_series_4-9321.php
2026-05-28 21:00:25,631 | INFO |   [123/181] SKIP apple_watch_series_4_aluminum-9322.php
2026-05-28 21:00:25,631 | INFO |   [124/181] SKIP apple_ipad_9_7_(2018)-9142.php
2026-05-28 21:00:25,631 | INFO |   [125/181] SKIP apple_iphone_x-8858.php
2026-05-28 21:00:25,631 | INFO |   [126/181] SKIP apple_iphone_8_plus-8131.php
2026-05-28 21:00:25,631 | INFO |   [127/181] SKIP apple_iphone_8-8573.php
2026-05-28 21:00:25,632 | INFO |   [128/181] SKIP apple_watch_edition_series_3-8861.php
2026-05-28 21:00:25,632 | INFO |   [129/181] SKIP apple_watch_series_3-8860.php
2026-05-28 21:00:25,632 | INFO |   [130/181] SKIP apple_watch_series_3_aluminum-8859.php
2026-05-28 21:00:25,632 | INFO |   [131/181] SKIP apple_ipad_pro_12_9_(2017)-8717.php
2026-05-28 21:00:25,632 | INFO |   [132/181] SKIP apple_ipad_pro_10_5_(2017)-8716.php
2026-05-28 21:00:25,632 | INFO |   [133/181] SKIP apple_ipad_9_7_(2017)-8620.php
2026-05-28 21:00:25,632 | INFO |   [134/181] SKIP apple_watch_edition_series_2_42mm-8331.php
2026-05-28 21:00:25,632 | INFO |   [135/181] SKIP apple_watch_edition_series_2_38mm-8332.php
2026-05-28 21:00:25,633 | INFO |   [136/181] SKIP apple_watch_series_2_42mm-8329.php
2026-05-28 21:00:25,633 | INFO |   [137/181] SKIP apple_watch_series_2_38mm-8330.php
2026-05-28 21:00:25,633 | INFO |   [138/181] SKIP apple_watch_series_2_aluminum_42mm-8328.php
2026-05-28 21:00:25,633 | INFO |   [139/181] SKIP apple_watch_series_1_aluminum_42mm-8334.php
2026-05-28 21:00:25,633 | INFO |   [140/181] SKIP apple_watch_series_2_aluminum_38mm-8327.php
2026-05-28 21:00:25,634 | INFO |   [141/181] SKIP apple_watch_series_1_aluminum_38mm-8333.php
2026-05-28 21:00:25,634 | INFO |   [142/181] SKIP apple_iphone_7_plus-8065.php
2026-05-28 21:00:25,634 | INFO |   [143/181] SKIP apple_iphone_7-8064.php
2026-05-28 21:00:25,634 | INFO |   [144/181] SKIP apple_ipad_pro_9_7_(2016)-7984.php
2026-05-28 21:00:25,634 | INFO |   [145/181] SKIP apple_iphone_se-7969.php
2026-05-28 21:00:25,635 | INFO |   [146/181] SKIP apple_iphone_6s_plus-7243.php
2026-05-28 21:00:25,636 | INFO |   [147/181] SKIP apple_iphone_6s-7242.php
2026-05-28 21:00:25,636 | INFO |   [148/181] SKIP apple_ipad_pro_12_9_(2015)-7562.php
2026-05-28 21:00:25,636 | INFO |   [149/181] SKIP apple_ipad_mini_4_(2015)-7561.php
2026-05-28 21:00:25,636 | INFO |   [150/181] SKIP apple_watch_edition_42mm_(1st_gen)-7698.php
2026-05-28 21:00:25,637 | INFO |   [151/181] SKIP apple_watch_edition_38mm_(1st_gen)-7697.php
2026-05-28 21:00:25,637 | INFO |   [152/181] SKIP apple_watch_42mm_(1st_gen)-7696.php
2026-05-28 21:00:25,637 | INFO |   [153/181] SKIP apple_watch_38mm_(1st_gen)-7695.php
2026-05-28 21:00:25,637 | INFO |   [154/181] SKIP apple_watch_sport_42mm_(1st_gen)-7694.php
2026-05-28 21:00:25,638 | INFO |   [155/181] SKIP apple_watch_sport_38mm_(1st_gen)-7693.php
2026-05-28 21:00:25,638 | INFO |   [156/181] SKIP apple_ipad_air_2-6742.php
2026-05-28 21:00:25,638 | INFO | 
  [157/181]
2026-05-28 21:00:25,638 | INFO |   ⏳ 23.2s (req #9)
2026-05-28 21:00:49,767 | INFO |   GET https://www.gsmarena.com/apple_ipad_mini_3-6741.php → 200
2026-05-28 21:00:49,790 | INFO |       📱 Apple iPad mini 3 | Main=5.0MP | Selfie=1.2MP | AnTuTu=None | Price=$None | IP=None | Populated=42/68 fields
2026-05-28 21:00:49,793 | INFO |   💾 [4/181] saved
2026-05-28 21:00:49,793 | INFO | 
  [158/181]
2026-05-28 21:00:49,793 | INFO |   ⏳ 31.1s (req #10)
2026-05-28 21:01:21,842 | INFO |   GET https://www.gsmarena.com/apple_iphone_6_plus-6665.php → 200
2026-05-28 21:01:21,859 | INFO |       📱 Apple iPhone 6 Plus | Main=8.0MP | Selfie=1.2MP | AnTuTu=None | Price=$None | IP=None | Populated=48/68 fields
2026-05-28 21:01:21,862 | INFO |   💾 [5/181] saved
2026-05-28 21:01:21,862 | INFO | 
  [159/181]
2026-05-28 21:01:21,863 | INFO |   ⏳ 44.2s (req #11)
2026-05-28 21:02:06,976 | INFO |   GET https://www.gsmarena.com/apple_iphone_6-6378.php → 200
2026-05-28 21:02:06,993 | INFO |       📱 Apple iPhone 6 | Main=8.0MP | Selfie=1.2MP | AnTuTu=None | Price=$None | IP=None | Populated=47/68 fields
2026-05-28 21:02:06,996 | INFO |   💾 [6/181] saved
2026-05-28 21:02:06,996 | INFO | 
  [160/181]
2026-05-28 21:02:06,996 | INFO |   ⏳ 35.9s (req #12)
2026-05-28 21:02:43,774 | INFO |   GET https://www.gsmarena.com/apple_ipad_air-5797.php → 200
2026-05-28 21:02:43,793 | INFO |       📱 Apple iPad Air | Main=5.0MP | Selfie=1.2MP | AnTuTu=None | Price=$None | IP=None | Populated=45/68 fields
2026-05-28 21:02:43,795 | INFO |   💾 [7/181] saved
2026-05-28 21:02:43,795 | INFO | 
  [161/181]
2026-05-28 21:02:43,796 | INFO |   ⏳ 33.5s (req #13)
2026-05-28 21:03:18,673 | INFO |   GET https://www.gsmarena.com/apple_ipad_mini_2-5735.php → 200
2026-05-28 21:03:18,709 | INFO |       📱 Apple iPad mini 2 | Main=5.0MP | Selfie=1.2MP | AnTuTu=None | Price=$None | IP=None | Populated=44/68 fields
2026-05-28 21:03:18,714 | INFO |   💾 [8/181] saved
2026-05-28 21:03:18,714 | INFO | 
  [162/181]
2026-05-28 21:03:18,714 | INFO |   ⏳ 25.7s (req #14)
2026-05-28 21:03:45,290 | INFO |   GET https://www.gsmarena.com/apple_iphone_5s-5685.php → 200
2026-05-28 21:03:45,313 | INFO |       📱 Apple iPhone 5s | Main=8.0MP | Selfie=1.2MP | AnTuTu=None | Price=$None | IP=None | Populated=46/68 fields
2026-05-28 21:03:45,316 | INFO |   💾 [9/181] saved
2026-05-28 21:03:45,316 | INFO | 
  [163/181]
2026-05-28 21:03:45,316 | INFO |   ⏳ 20.8s (req #15)
2026-05-28 21:04:06,986 | INFO |   GET https://www.gsmarena.com/apple_iphone_5c-5690.php → 200
2026-05-28 21:04:07,006 | INFO |       📱 Apple iPhone 5c | Main=8.0MP | Selfie=1.2MP | AnTuTu=None | Price=$None | IP=None | Populated=45/68 fields
2026-05-28 21:04:07,008 | INFO |   💾 [10/181] saved
2026-05-28 21:04:07,009 | INFO | 
  [164/181]
2026-05-28 21:04:07,009 | INFO |   ⏳ 42.9s (req #16)
2026-05-28 21:04:50,784 | INFO |   GET https://www.gsmarena.com/apple_ipad_mini_wi_fi-5070.php → 200
2026-05-28 21:04:50,797 | INFO |       📱 Apple iPad mini Wi-Fi | Main=5.0MP | Selfie=1.2MP | AnTuTu=None | Price=$None | IP=None | Populated=36/68 fields
2026-05-28 21:04:50,800 | INFO |   💾 [11/181] saved
2026-05-28 21:04:50,800 | INFO | 
  [165/181]
2026-05-28 21:04:50,801 | INFO |   ⏳ 38.1s (req #17)
2026-05-28 21:05:29,760 | INFO |   GET https://www.gsmarena.com/apple_ipad_mini_wi_fi_+_cellular-5061.php → 200
2026-05-28 21:05:29,775 | INFO |       📱 Apple iPad mini Wi-Fi + Cellular | Main=5.0MP | Selfie=1.2MP | AnTuTu=None | Price=$None | IP=None | Populated=38/68 fields
2026-05-28 21:05:29,778 | INFO |   💾 [12/181] saved
2026-05-28 21:05:29,778 | INFO | 
  [166/181]
2026-05-28 21:05:29,778 | INFO |   ⏳ 15.3s (req #18)
2026-05-28 21:05:46,115 | INFO |   GET https://www.gsmarena.com/apple_ipad_4_wi_fi-5072.php → 200
2026-05-28 21:05:46,131 | INFO |       📱 Apple iPad 4 Wi-Fi | Main=5.0MP | Selfie=1.2MP | AnTuTu=None | Price=$None | IP=None | Populated=38/68 fields
2026-05-28 21:05:46,133 | INFO |   💾 [13/181] saved
2026-05-28 21:05:46,133 | INFO | 
  [167/181]
2026-05-28 21:05:46,133 | INFO |   ⏳ 15.1s (req #19)
2026-05-28 21:06:02,275 | INFO |   GET https://www.gsmarena.com/apple_ipad_4_wi_fi_+_cellular-5071.php → 200
2026-05-28 21:06:02,292 | INFO |       📱 Apple iPad 4 Wi-Fi + Cellular | Main=5.0MP | Selfie=1.2MP | AnTuTu=None | Price=$None | IP=None | Populated=40/68 fields
2026-05-28 21:06:02,294 | INFO |   💾 [14/181] saved
2026-05-28 21:06:02,294 | INFO | 
  [168/181]
2026-05-28 21:06:02,294 | INFO |   ⏳ 42.0s (req #20)
2026-05-28 21:06:45,403 | INFO |   GET https://www.gsmarena.com/apple_iphone_5-4910.php → 200
2026-05-28 21:06:45,428 | INFO |       📱 Apple iPhone 5 | Main=8.0MP | Selfie=1.2MP | AnTuTu=None | Price=$None | IP=None | Populated=46/68 fields
2026-05-28 21:06:45,431 | INFO |   💾 [15/181] saved
2026-05-28 21:06:45,431 | INFO | 
  [169/181]
2026-05-28 21:06:45,432 | INFO |   ⏳ 40.2s (req #21)
2026-05-28 21:07:26,412 | INFO |   GET https://www.gsmarena.com/apple_ipad_3_wi_fi_+_cellular-4620.php → 200
2026-05-28 21:07:26,428 | INFO |       📱 Apple iPad 3 Wi-Fi + Cellular | Main=5.0MP | Selfie=NoneMP | AnTuTu=None | Price=$None | IP=None | Populated=38/68 fields
2026-05-28 21:07:26,430 | INFO |   💾 [16/181] saved
2026-05-28 21:07:26,431 | INFO | 
  [170/181]
2026-05-28 21:07:26,431 | INFO |   ⏳ 23.3s (req #22)
2026-05-28 21:07:50,785 | INFO |   GET https://www.gsmarena.com/apple_ipad_3_wi_fi-4621.php → 200
2026-05-28 21:07:50,800 | INFO |       📱 Apple iPad 3 Wi-Fi | Main=5.0MP | Selfie=NoneMP | AnTuTu=None | Price=$None | IP=None | Populated=36/68 fields
2026-05-28 21:07:50,803 | INFO |   💾 [17/181] saved
2026-05-28 21:07:50,803 | INFO | 
  [171/181]
2026-05-28 21:07:50,803 | INFO |   ⏳ 20.1s (req #23)
2026-05-28 21:08:11,786 | INFO |   GET https://www.gsmarena.com/apple_iphone_4s-4212.php → 200
2026-05-28 21:08:11,802 | INFO |       📱 Apple iPhone 4s | Main=8.0MP | Selfie=NoneMP | AnTuTu=None | Price=$None | IP=None | Populated=42/68 fields
2026-05-28 21:08:11,805 | INFO |   💾 [18/181] saved
2026-05-28 21:08:11,805 | INFO | 
  [172/181]
2026-05-28 21:08:11,805 | INFO |   ⏳ 22.1s (req #24)
2026-05-28 21:08:34,984 | INFO |   GET https://www.gsmarena.com/apple_ipad_2_wi_fi_+_3g-3848.php → 200
2026-05-28 21:08:34,999 | INFO |       📱 Apple iPad 2 Wi-Fi + 3G | Main=0.7MP | Selfie=NoneMP | AnTuTu=None | Price=$None | IP=None | Populated=36/68 fields
2026-05-28 21:08:35,001 | INFO |   💾 [19/181] saved
2026-05-28 21:08:35,001 | INFO | 
  [173/181]
2026-05-28 21:08:35,002 | INFO |   ⏳ 21.4s (req #25)
2026-05-28 21:08:57,209 | INFO |   GET https://www.gsmarena.com/apple_ipad_2_wi_fi-3847.php → 200
2026-05-28 21:08:57,229 | INFO |       📱 Apple iPad 2 Wi-Fi | Main=0.7MP | Selfie=NoneMP | AnTuTu=None | Price=$None | IP=None | Populated=33/68 fields
2026-05-28 21:08:57,232 | INFO |   💾 [20/181] saved
2026-05-28 21:08:57,232 | INFO | 
  [174/181]
2026-05-28 21:08:57,232 | INFO |   ⏳ 42.5s (req #26)
2026-05-28 21:09:40,596 | INFO |   GET https://www.gsmarena.com/apple_ipad_2_cdma-3849.php → 200
2026-05-28 21:09:40,613 | INFO |       📱 Apple iPad 2 CDMA | Main=0.7MP | Selfie=NoneMP | AnTuTu=None | Price=$None | IP=None | Populated=35/68 fields
2026-05-28 21:09:40,615 | INFO |   💾 [21/181] saved
2026-05-28 21:09:40,616 | INFO | 
  [175/181]
2026-05-28 21:09:40,616 | INFO |   ⏳ 38.3s (req #27)
2026-05-28 21:10:19,984 | INFO |   GET https://www.gsmarena.com/apple_iphone_4-3275.php → 200
2026-05-28 21:10:20,002 | INFO |       📱 Apple iPhone 4 | Main=5.0MP | Selfie=NoneMP | AnTuTu=None | Price=$None | IP=None | Populated=42/68 fields
2026-05-28 21:10:20,004 | INFO |   💾 [22/181] saved
2026-05-28 21:10:20,004 | INFO | 
  [176/181]
2026-05-28 21:10:20,005 | INFO |   ⏳ 42.3s (req #28)
2026-05-28 21:11:03,080 | INFO |   GET https://www.gsmarena.com/apple_iphone_4_cdma-3716.php → 200
2026-05-28 21:11:03,093 | INFO |       📱 Apple iPhone 4 CDMA | Main=5.0MP | Selfie=NoneMP | AnTuTu=None | Price=$None | IP=None | Populated=37/68 fields
2026-05-28 21:11:03,096 | INFO |   💾 [23/181] saved
2026-05-28 21:11:03,096 | INFO | 
  [177/181]
2026-05-28 21:11:03,096 | INFO |   ⏳ 27.8s (req #29)
2026-05-28 21:11:31,650 | INFO |   GET https://www.gsmarena.com/apple_ipad_wi_fi_+_3g-3827.php → 200
2026-05-28 21:11:31,664 | INFO |       📱 Apple iPad Wi-Fi + 3G | Main=NoneMP | Selfie=NoneMP | AnTuTu=None | Price=$None | IP=None | Populated=32/68 fields
2026-05-28 21:11:31,667 | INFO |   💾 [24/181] saved
2026-05-28 21:11:31,668 | INFO | 
  [178/181]
2026-05-28 21:11:31,668 | INFO |   ☕ Long pause 202s ...
2026-05-28 21:14:54,251 | INFO |   GET https://www.gsmarena.com/apple_ipad_wi_fi-3828.php → 200
2026-05-28 21:14:54,265 | INFO |       📱 Apple iPad Wi-Fi | Main=NoneMP | Selfie=NoneMP | AnTuTu=None | Price=$None | IP=None | Populated=30/68 fields
2026-05-28 21:14:54,268 | INFO |   💾 [25/181] saved
2026-05-28 21:14:54,268 | INFO | 
  [179/181]
2026-05-28 21:14:54,268 | INFO |   ⏳ 35.7s (req #31)
2026-05-28 21:15:30,725 | INFO |   GET https://www.gsmarena.com/apple_iphone_3gs-2826.php → 200
2026-05-28 21:15:30,746 | INFO |       📱 Apple iPhone 3GS | Main=3.15MP | Selfie=NoneMP | AnTuTu=None | Price=$None | IP=None | Populated=36/68 fields
2026-05-28 21:15:30,749 | INFO |   💾 [26/181] saved
2026-05-28 21:15:30,749 | INFO | 
  [180/181]
2026-05-28 21:15:30,750 | INFO |   ⏳ 41.5s (req #32)
2026-05-28 21:16:13,178 | INFO |   GET https://www.gsmarena.com/apple_iphone_3g-2424.php → 200
2026-05-28 21:16:13,195 | INFO |       📱 Apple iPhone 3G | Main=2.0MP | Selfie=NoneMP | AnTuTu=None | Price=$None | IP=None | Populated=34/68 fields
2026-05-28 21:16:13,199 | INFO |   💾 [27/181] saved
2026-05-28 21:16:13,199 | INFO | 
  [181/181]
2026-05-28 21:16:13,199 | INFO |   ⏳ 18.6s (req #33)
2026-05-28 21:16:32,844 | INFO |   GET https://www.gsmarena.com/apple_iphone-1827.php → 200
2026-05-28 21:16:32,860 | INFO |       📱 Apple iPhone | Main=2.0MP | Selfie=NoneMP | AnTuTu=None | Price=$None | IP=None | Populated=33/68 fields
2026-05-28 21:16:32,863 | INFO |   💾 [28/181] saved
2026-05-28 21:16:32,864 | INFO |   ✅ Apple — 28 phones saved
2026-05-28 21:16:32,864 | INFO | 
============================================================
2026-05-28 21:16:32,864 | INFO | [2/4] Google (40 phones)
2026-05-28 21:16:32,864 | INFO | Elapsed: 19min
2026-05-28 21:16:32,865 | INFO | ============================================================
2026-05-28 21:16:32,865 | INFO |   ⏳ 17.8s (req #34)
2026-05-28 21:16:51,537 | INFO |   GET https://www.gsmarena.com/google-phones-107.php → 200
2026-05-28 21:16:51,546 | INFO |     ✅ 40 links for Google
2026-05-28 21:16:51,547 | INFO | 
  [1/40]
2026-05-28 21:16:51,547 | INFO |   ⏳ 23.1s (req #35)
2026-05-28 21:17:15,536 | INFO |   GET https://www.gsmarena.com/google_pixel_10a_5g-14474.php → 200
2026-05-28 21:17:15,558 | INFO |       📱 Google Pixel 10a | Main=48.0MP | Selfie=13.0MP | AnTuTu=1269880 | Price=$449.0 | IP=IP68 | Populated=63/68 fields
2026-05-28 21:17:15,560 | INFO |   💾 [1/40] saved
2026-05-28 21:17:15,560 | INFO | 
  [2/40]
2026-05-28 21:17:15,560 | INFO |   ⏳ 35.2s (req #36)
2026-05-28 21:17:51,706 | INFO |   GET https://www.gsmarena.com/google_pixel_10_pro_fold-14014.php → 200
2026-05-28 21:17:51,727 | INFO |       📱 Google Pixel 10 Pro Fold | Main=48.0MP | Selfie=10.0MP | AnTuTu=None | Price=$1499.0 | IP=IP68 | Populated=57/68 fields
2026-05-28 21:17:51,730 | INFO |   💾 [2/40] saved
2026-05-28 21:17:51,730 | INFO | 
  [3/40]
2026-05-28 21:17:51,730 | INFO |   ⏳ 28.0s (req #37)
2026-05-28 21:18:20,793 | INFO |   GET https://www.gsmarena.com/google_pixel_10_pro_xl_5g-13988.php → 200
2026-05-28 21:18:20,822 | INFO |       📱 Google Pixel 10 Pro XL | Main=50.0MP | Selfie=42.0MP | AnTuTu=1423216 | Price=$544.85 | IP=IP68 | Populated=65/68 fields
2026-05-28 21:18:20,824 | INFO |   💾 [3/40] saved
2026-05-28 21:18:20,824 | INFO | 
  [4/40]
2026-05-28 21:18:20,824 | INFO |   ⏳ 38.7s (req #38)
2026-05-28 21:19:00,606 | INFO |   GET https://www.gsmarena.com/google_pixel_10_pro_5g-13987.php → 200
2026-05-28 21:19:00,627 | INFO |       📱 Google Pixel 10 Pro | Main=50.0MP | Selfie=42.0MP | AnTuTu=1107978 | Price=$609.88 | IP=IP68 | Populated=64/68 fields
2026-05-28 21:19:00,630 | INFO |   💾 [4/40] saved
2026-05-28 21:19:00,630 | INFO | 
  [5/40]
2026-05-28 21:19:00,631 | INFO |   ⏳ 25.4s (req #39)
2026-05-28 21:19:26,914 | INFO |   GET https://www.gsmarena.com/google_pixel_10_5g-13979.php → 200
2026-05-28 21:19:26,936 | INFO |       📱 Google Pixel 10 | Main=48.0MP | Selfie=10.5MP | AnTuTu=1173841 | Price=$433.62 | IP=IP68 | Populated=65/68 fields
2026-05-28 21:19:26,938 | INFO |   💾 [5/40] saved
2026-05-28 21:19:26,939 | INFO | 
  [6/40]
2026-05-28 21:19:26,939 | INFO |   ⏳ 34.2s (req #40)
2026-05-28 21:20:02,235 | INFO |   GET https://www.gsmarena.com/google_pixel_watch_4-14088.php → 200
2026-05-28 21:20:02,255 | INFO |       📱 Google Pixel Watch 4 | Main=NoneMP | Selfie=NoneMP | AnTuTu=None | Price=$359.99 | IP=IP68 | Populated=36/68 fields
2026-05-28 21:20:02,257 | INFO |   💾 [6/40] saved
2026-05-28 21:20:02,257 | INFO | 
  [7/40]
2026-05-28 21:20:02,257 | INFO |   ⏳ 28.7s (req #41)
2026-05-28 21:20:32,015 | INFO |   GET https://www.gsmarena.com/google_pixel_9a-13478.php → 200
2026-05-28 21:20:32,045 | INFO |       📱 Google Pixel 9a | Main=48.0MP | Selfie=13.0MP | AnTuTu=1254417 | Price=$303.76 | IP=IP68 | Populated=64/68 fields
2026-05-28 21:20:32,047 | INFO |   💾 [7/40] saved
2026-05-28 21:20:32,047 | INFO | 
  [8/40]
2026-05-28 21:20:32,047 | INFO |   ⏳ 18.3s (req #42)
2026-05-28 21:20:51,406 | INFO |   GET https://www.gsmarena.com/google_pixel_9_pro_xl-13217.php → 200
2026-05-28 21:20:51,430 | INFO |       📱 Google Pixel 9 Pro XL | Main=50.0MP | Selfie=42.0MP | AnTuTu=1380138 | Price=$426.99 | IP=IP68 | Populated=65/68 fields
2026-05-28 21:20:51,432 | INFO |   💾 [8/40] saved
2026-05-28 21:20:51,432 | INFO | 
  [9/40]
2026-05-28 21:20:51,432 | INFO |   ⏳ 19.8s (req #43)
2026-05-28 21:21:12,094 | INFO |   GET https://www.gsmarena.com/google_pixel_9_pro-13218.php → 200
2026-05-28 21:21:12,118 | INFO |       📱 Google Pixel 9 Pro | Main=50.0MP | Selfie=42.0MP | AnTuTu=838931 | Price=$398.94 | IP=IP68 | Populated=65/68 fields
2026-05-28 21:21:12,120 | INFO |   💾 [9/40] saved
2026-05-28 21:21:12,121 | INFO | 
  [10/40]
2026-05-28 21:21:12,121 | INFO |   ⏳ 38.5s (req #44)
2026-05-28 21:21:51,466 | INFO |   GET https://www.gsmarena.com/google_pixel_9-13219.php → 200
2026-05-28 21:21:51,490 | INFO |       📱 Google Pixel 9 | Main=50.0MP | Selfie=10.5MP | AnTuTu=1224020 | Price=$290.0 | IP=IP68 | Populated=65/68 fields
2026-05-28 21:21:51,492 | INFO |   💾 [10/40] saved
2026-05-28 21:21:51,492 | INFO | 
  [11/40]
2026-05-28 21:21:51,493 | INFO |   ⏳ 39.6s (req #45)
2026-05-28 21:22:31,989 | INFO |   GET https://www.gsmarena.com/google_pixel_9_pro_fold-13220.php → 200
2026-05-28 21:22:32,015 | INFO |       📱 Google Pixel 9 Pro Fold | Main=48.0MP | Selfie=10.0MP | AnTuTu=1222228 | Price=$827.84 | IP=None | Populated=61/68 fields
2026-05-28 21:22:32,017 | INFO |   💾 [11/40] saved
2026-05-28 21:22:32,018 | INFO | 
  [12/40]
2026-05-28 21:22:32,018 | INFO |   ⏳ 21.4s (req #46)
2026-05-28 21:22:54,339 | INFO |   GET https://www.gsmarena.com/google_pixel_watch_3-13253.php → 200
2026-05-28 21:22:54,387 | INFO |       📱 Google Pixel Watch 3 | Main=NoneMP | Selfie=NoneMP | AnTuTu=None | Price=$None | IP=IP68 | Populated=31/68 fields
2026-05-28 21:22:54,389 | INFO |   💾 [12/40] saved
2026-05-28 21:22:54,390 | INFO | 
  [13/40]
2026-05-28 21:22:54,390 | INFO |   ⏳ 24.2s (req #47)
2026-05-28 21:23:19,613 | INFO |   GET https://www.gsmarena.com/google_pixel_8a-12937.php → 200
2026-05-28 21:23:19,635 | INFO |       📱 Google Pixel 8a | Main=64.0MP | Selfie=13.0MP | AnTuTu=1193520 | Price=$203.11 | IP=IP67 | Populated=63/68 fields
2026-05-28 21:23:19,637 | INFO |   💾 [13/40] saved
2026-05-28 21:23:19,638 | INFO | 
  [14/40]
2026-05-28 21:23:19,638 | INFO |   ⏳ 21.5s (req #48)
2026-05-28 21:23:42,059 | INFO |   GET https://www.gsmarena.com/google_pixel_8_pro-12545.php → 200
2026-05-28 21:23:42,083 | INFO |       📱 Google Pixel 8 Pro | Main=50.0MP | Selfie=10.5MP | AnTuTu=924853 | Price=$251.04 | IP=IP68 | Populated=63/68 fields
2026-05-28 21:23:42,085 | INFO |   💾 [14/40] saved
2026-05-28 21:23:42,085 | INFO | 
  [15/40]
2026-05-28 21:23:42,086 | INFO |   ⏳ 23.3s (req #49)
2026-05-28 21:24:06,692 | INFO |   GET https://www.gsmarena.com/google_pixel_8-12546.php → 200
2026-05-28 21:24:06,716 | INFO |       📱 Google Pixel 8 | Main=50.0MP | Selfie=10.5MP | AnTuTu=926801 | Price=$224.41 | IP=IP68 | Populated=63/68 fields
2026-05-28 21:24:06,718 | INFO |   💾 [15/40] saved
2026-05-28 21:24:06,719 | INFO | 
  [16/40]
2026-05-28 21:24:06,719 | INFO |   ⏳ 26.5s (req #50)
2026-05-28 21:24:34,124 | INFO |   GET https://www.gsmarena.com/google_pixel_watch_2-12547.php → 200
2026-05-28 21:24:34,145 | INFO |       📱 Google Pixel Watch 2 | Main=NoneMP | Selfie=NoneMP | AnTuTu=None | Price=$None | IP=IP68 | Populated=32/68 fields
2026-05-28 21:24:34,148 | INFO |   💾 [16/40] saved
2026-05-28 21:24:34,148 | INFO | 
  [17/40]
2026-05-28 21:24:34,148 | INFO |   ⏳ 25.5s (req #51)
2026-05-28 21:25:00,707 | INFO |   GET https://www.gsmarena.com/google_pixel_fold-12265.php → 200
2026-05-28 21:25:00,732 | INFO |       📱 Google Pixel Fold | Main=48.0MP | Selfie=8.0MP | AnTuTu=None | Price=$499.0 | IP=None | Populated=52/68 fields
2026-05-28 21:25:00,735 | INFO |   💾 [17/40] saved
2026-05-28 21:25:00,736 | INFO | 
  [18/40]
2026-05-28 21:25:00,736 | INFO |   ⏳ 19.9s (req #52)
2026-05-28 21:25:21,470 | INFO |   GET https://www.gsmarena.com/google_pixel_tablet-11905.php → 200
2026-05-28 21:25:21,486 | INFO |       📱 Google Pixel Tablet | Main=8.0MP | Selfie=8.0MP | AnTuTu=None | Price=$None | IP=None | Populated=42/68 fields
2026-05-28 21:25:21,488 | INFO |   💾 [18/40] saved
2026-05-28 21:25:21,488 | INFO | 
  [19/40]
2026-05-28 21:25:21,488 | INFO |   ⏳ 17.2s (req #53)
2026-05-28 21:25:39,748 | INFO |   GET https://www.gsmarena.com/google_pixel_7a-12170.php → 200
2026-05-28 21:25:39,768 | INFO |       📱 Google Pixel 7a | Main=64.0MP | Selfie=13.0MP | AnTuTu=765281 | Price=$173.95 | IP=IP67 | Populated=61/68 fields
2026-05-28 21:25:39,771 | INFO |   💾 [19/40] saved
2026-05-28 21:25:39,771 | INFO | 
  [20/40]
2026-05-28 21:25:39,771 | INFO |   ⏳ 24.9s (req #54)
2026-05-28 21:26:05,636 | INFO |   GET https://www.gsmarena.com/google_pixel_7_pro-11908.php → 200
2026-05-28 21:26:05,656 | INFO |       📱 Google Pixel 7 Pro | Main=50.0MP | Selfie=10.8MP | AnTuTu=796369 | Price=$220.0 | IP=IP68 | Populated=62/68 fields
2026-05-28 21:26:05,658 | INFO |   💾 [20/40] saved
2026-05-28 21:26:05,658 | INFO | 
  [21/40]
2026-05-28 21:26:05,658 | INFO |   ⏳ 44.4s (req #55)
2026-05-28 21:26:50,940 | INFO |   GET https://www.gsmarena.com/google_pixel_7-11903.php → 200
2026-05-28 21:26:50,966 | INFO |       📱 Google Pixel 7 | Main=50.0MP | Selfie=10.8MP | AnTuTu=813114 | Price=$162.85 | IP=IP68 | Populated=62/68 fields
2026-05-28 21:26:50,970 | INFO |   💾 [21/40] saved
2026-05-28 21:26:50,970 | INFO | 
  [22/40]
2026-05-28 21:26:50,970 | INFO |   ⏳ 20.8s (req #56)
2026-05-28 21:27:12,634 | INFO |   GET https://www.gsmarena.com/google_pixel_watch-11546.php → 200
2026-05-28 21:27:12,648 | INFO |       📱 Google Pixel Watch | Main=NoneMP | Selfie=NoneMP | AnTuTu=None | Price=$None | IP=IP68 | Populated=35/68 fields
2026-05-28 21:27:12,651 | INFO |   💾 [22/40] saved
2026-05-28 21:27:12,652 | INFO | 
  [23/40]
2026-05-28 21:27:12,652 | INFO |   ⏳ 36.5s (req #57)
2026-05-28 21:27:50,165 | INFO |   GET https://www.gsmarena.com/google_pixel_6a-11229.php → 200
2026-05-28 21:27:50,181 | INFO |       📱 Google Pixel 6a | Main=12.2MP | Selfie=8.0MP | AnTuTu=None | Price=$None | IP=IP67 | Populated=51/68 fields
2026-05-28 21:27:50,184 | INFO |   💾 [23/40] saved
2026-05-28 21:27:50,184 | INFO | 
  [24/40]
2026-05-28 21:27:50,185 | INFO |   ⏳ 41.1s (req #58)
2026-05-28 21:28:32,367 | INFO |   GET https://www.gsmarena.com/google_pixel_6_pro-10918.php → 200
2026-05-28 21:28:32,385 | INFO |       📱 Google Pixel 6 Pro | Main=50.0MP | Selfie=11.1MP | AnTuTu=585485 | Price=$193.89 | IP=IP68 | Populated=61/68 fields
2026-05-28 21:28:32,388 | INFO |   💾 [24/40] saved
2026-05-28 21:28:32,388 | INFO | 
  [25/40]
2026-05-28 21:28:32,389 | INFO |   ⏳ 23.9s (req #59)
2026-05-28 21:28:57,310 | INFO |   GET https://www.gsmarena.com/google_pixel_6-11037.php → 200
2026-05-28 21:28:57,329 | INFO |       📱 Google Pixel 6 | Main=50.0MP | Selfie=8.0MP | AnTuTu=676831 | Price=$149.0 | IP=IP68 | Populated=59/68 fields
2026-05-28 21:28:57,332 | INFO |   💾 [25/40] saved
2026-05-28 21:28:57,332 | INFO | 
  [26/40]
2026-05-28 21:28:57,332 | INFO |   ☕ Long pause 272s ...
2026-05-28 21:33:30,903 | INFO |   GET https://www.gsmarena.com/google_pixel_5a_5g-11059.php → 200
2026-05-28 21:33:30,928 | INFO |       📱 Google Pixel 5a 5G | Main=12.2MP | Selfie=8.0MP | AnTuTu=291303 | Price=$249.99 | IP=IP67 | Populated=54/68 fields
2026-05-28 21:33:30,930 | INFO |   💾 [26/40] saved
2026-05-28 21:33:30,931 | INFO | 
  [27/40]
2026-05-28 21:33:30,931 | INFO |   ⏳ 36.6s (req #61)
2026-05-28 21:34:08,393 | INFO |   GET https://www.gsmarena.com/google_pixel_5-10386.php → 200
2026-05-28 21:34:08,412 | INFO |       📱 Google Pixel 5 | Main=12.2MP | Selfie=8.0MP | AnTuTu=None | Price=$254.99 | IP=IP68 | Populated=54/68 fields
2026-05-28 21:34:08,416 | INFO |   💾 [27/40] saved
2026-05-28 21:34:08,416 | INFO | 
  [28/40]
2026-05-28 21:34:08,417 | INFO |   ⏳ 25.0s (req #62)
2026-05-28 21:34:34,287 | INFO |   GET https://www.gsmarena.com/google_pixel_4a_5g-10385.php → 200
2026-05-28 21:34:34,303 | INFO |       📱 Google Pixel 4a 5G | Main=12.2MP | Selfie=8.0MP | AnTuTu=None | Price=$None | IP=None | Populated=50/68 fields
2026-05-28 21:34:34,306 | INFO |   💾 [28/40] saved
2026-05-28 21:34:34,306 | INFO | 
  [29/40]
2026-05-28 21:34:34,307 | INFO |   ⏳ 23.3s (req #63)
2026-05-28 21:34:58,512 | INFO |   GET https://www.gsmarena.com/google_pixel_4a-10123.php → 200
2026-05-28 21:34:58,528 | INFO |       📱 Google Pixel 4a | Main=12.2MP | Selfie=8.0MP | AnTuTu=268714 | Price=$None | IP=None | Populated=52/68 fields
2026-05-28 21:34:58,530 | INFO |   💾 [29/40] saved
2026-05-28 21:34:58,531 | INFO | 
  [30/40]
2026-05-28 21:34:58,531 | INFO |   ⏳ 25.1s (req #64)
2026-05-28 21:35:24,607 | INFO |   GET https://www.gsmarena.com/google_pixel_4_xl-9895.php → 200
2026-05-28 21:35:24,626 | INFO |       📱 Google Pixel 4 XL | Main=12.2MP | Selfie=8.0MP | AnTuTu=323305 | Price=$None | IP=IP68 | Populated=52/68 fields
2026-05-28 21:35:24,629 | INFO |   💾 [30/40] saved
2026-05-28 21:35:24,629 | INFO | 
  [31/40]
2026-05-28 21:35:24,630 | INFO |   ⏳ 42.2s (req #65)
2026-05-28 21:36:07,882 | INFO |   GET https://www.gsmarena.com/google_pixel_4-9896.php → 200
2026-05-28 21:36:07,918 | INFO |       📱 Google Pixel 4 | Main=12.2MP | Selfie=8.0MP | AnTuTu=395351 | Price=$None | IP=IP68 | Populated=53/68 fields
2026-05-28 21:36:07,922 | INFO |   💾 [31/40] saved
2026-05-28 21:36:07,922 | INFO | 
  [32/40]
2026-05-28 21:36:07,922 | INFO |   ⏳ 38.4s (req #66)
2026-05-28 21:36:47,403 | INFO |   GET https://www.gsmarena.com/google_pixel_3a_xl-9690.php → 200
2026-05-28 21:36:47,433 | INFO |       📱 Google Pixel 3a XL | Main=12.2MP | Selfie=8.0MP | AnTuTu=159110 | Price=$None | IP=None | Populated=52/68 fields
2026-05-28 21:36:47,436 | INFO |   💾 [32/40] saved
2026-05-28 21:36:47,436 | INFO | 
  [33/40]
2026-05-28 21:36:47,437 | INFO |   ⏳ 30.9s (req #67)
2026-05-28 21:37:19,335 | INFO |   GET https://www.gsmarena.com/google_pixel_3a-9408.php → 200
2026-05-28 21:37:19,355 | INFO |       📱 Google Pixel 3a | Main=12.2MP | Selfie=8.0MP | AnTuTu=None | Price=$None | IP=None | Populated=49/68 fields
2026-05-28 21:37:19,369 | INFO |   💾 [33/40] saved
2026-05-28 21:37:19,375 | INFO | 
  [34/40]
2026-05-28 21:37:19,384 | INFO |   ⏳ 32.0s (req #68)
2026-05-28 21:37:52,429 | INFO |   GET https://www.gsmarena.com/google_pixel_3_xl-9257.php → 200
2026-05-28 21:37:52,448 | INFO |       📱 Google Pixel 3 XL | Main=12.2MP | Selfie=8.0MP | AnTuTu=258244 | Price=$None | IP=IP68 | Populated=51/68 fields
2026-05-28 21:37:52,450 | INFO |   💾 [34/40] saved
2026-05-28 21:37:52,450 | INFO | 
  [35/40]
2026-05-28 21:37:52,451 | INFO |   ⏳ 26.7s (req #69)
2026-05-28 21:38:20,210 | INFO |   GET https://www.gsmarena.com/google_pixel_3-9256.php → 200
2026-05-28 21:38:20,229 | INFO |       📱 Google Pixel 3 | Main=12.2MP | Selfie=8.0MP | AnTuTu=285044 | Price=$None | IP=IP68 | Populated=51/68 fields
2026-05-28 21:38:20,232 | INFO |   💾 [35/40] saved
2026-05-28 21:38:20,233 | INFO | 
  [36/40]
2026-05-28 21:38:20,233 | INFO |   ⏳ 31.3s (req #70)
2026-05-28 21:38:52,376 | INFO |   GET https://www.gsmarena.com/google_pixel_2-8733.php → 200
2026-05-28 21:38:52,396 | INFO |       📱 Google Pixel 2 | Main=12.2MP | Selfie=8.0MP | AnTuTu=None | Price=$None | IP=IP67 | Populated=50/68 fields
2026-05-28 21:38:52,399 | INFO |   💾 [36/40] saved
2026-05-28 21:38:52,399 | INFO | 
  [37/40]
2026-05-28 21:38:52,399 | INFO |   ⏳ 18.2s (req #71)
2026-05-28 21:39:11,610 | INFO |   GET https://www.gsmarena.com/google_pixel_2_xl-8720.php → 200
2026-05-28 21:39:11,636 | INFO |       📱 Google Pixel 2 XL | Main=12.2MP | Selfie=8.0MP | AnTuTu=206711 | Price=$None | IP=IP67 | Populated=51/68 fields
2026-05-28 21:39:11,638 | INFO |   💾 [37/40] saved
2026-05-28 21:39:11,638 | INFO | 
  [38/40]
2026-05-28 21:39:11,638 | INFO |   ⏳ 16.0s (req #72)
2026-05-28 21:39:28,556 | INFO |   GET https://www.gsmarena.com/google_pixel_xl-8345.php → 200
2026-05-28 21:39:28,576 | INFO |       📱 Google Pixel XL | Main=12.3MP | Selfie=8.0MP | AnTuTu=None | Price=$None | IP=None | Populated=48/68 fields
2026-05-28 21:39:28,579 | INFO |   💾 [38/40] saved
2026-05-28 21:39:28,579 | INFO | 
  [39/40]
2026-05-28 21:39:28,579 | INFO |   ⏳ 38.0s (req #73)
2026-05-28 21:40:07,629 | INFO |   GET https://www.gsmarena.com/google_pixel-8346.php → 200
2026-05-28 21:40:07,647 | INFO |       📱 Google Pixel | Main=12.3MP | Selfie=8.0MP | AnTuTu=None | Price=$None | IP=None | Populated=48/68 fields
2026-05-28 21:40:07,650 | INFO |   💾 [39/40] saved
2026-05-28 21:40:07,650 | INFO | 
  [40/40]
2026-05-28 21:40:07,650 | INFO |   ⏳ 19.3s (req #74)
2026-05-28 21:40:27,869 | INFO |   GET https://www.gsmarena.com/google_pixel_c-7826.php → 200
2026-05-28 21:40:27,884 | INFO |       📱 Google Pixel C | Main=8.0MP | Selfie=2.0MP | AnTuTu=None | Price=$None | IP=None | Populated=34/68 fields
2026-05-28 21:40:27,887 | INFO |   💾 [40/40] saved
2026-05-28 21:40:27,888 | INFO |   ✅ Google — 40 phones saved
2026-05-28 21:40:27,888 | INFO | 
============================================================
2026-05-28 21:40:27,888 | INFO | [3/4] Oneplus (110 phones)
2026-05-28 21:40:27,888 | INFO | Elapsed: 43min
2026-05-28 21:40:27,889 | INFO | ============================================================
2026-05-28 21:40:27,889 | INFO |   ⏳ 22.8s (req #75)
2026-05-28 21:40:51,559 | INFO |   GET https://www.gsmarena.com/oneplus-phones-95.php → 200
2026-05-28 21:40:51,572 | INFO |   ⏳ 42.6s (req #76)
2026-05-28 21:41:35,041 | INFO |   GET https://www.gsmarena.com/# → 200
2026-05-28 21:41:35,070 | INFO |   ⏳ 16.2s (req #77)
2026-05-28 21:41:52,088 | INFO |   GET https://www.gsmarena.com/oneplus-phones-f-95-0-p2.php → 200
2026-05-28 21:41:52,098 | INFO |   ⏳ 33.7s (req #78)
2026-05-28 21:42:26,715 | INFO |   GET https://www.gsmarena.com/oneplus-phones-f-95-0-p3.php → 200
2026-05-28 21:42:26,722 | INFO |     ✅ 145 links for Oneplus
2026-05-28 21:42:26,723 | INFO | 
  [1/145]
2026-05-28 21:42:26,723 | INFO |   ⏳ 26.7s (req #79)
2026-05-28 21:42:54,479 | INFO |   GET https://www.gsmarena.com/oneplus_nord_ce6_5g-14611.php → 200
2026-05-28 21:42:54,498 | INFO |       📱 OnePlus Nord CE6 | Main=50.0MP | Selfie=32.0MP | AnTuTu=None | Price=$None | IP=IP68 | Populated=48/68 fields
2026-05-28 21:42:54,500 | INFO |   💾 [1/145] saved
2026-05-28 21:42:54,501 | INFO | 
  [2/145]
2026-05-28 21:42:54,501 | INFO |   ⏳ 16.0s (req #80)
2026-05-28 21:43:11,606 | INFO |   GET https://www.gsmarena.com/oneplus_nord_ce6_lite_5g-14567.php → 200
2026-05-28 21:43:11,627 | INFO |       📱 OnePlus Nord CE6 Lite | Main=50.0MP | Selfie=8.0MP | AnTuTu=None | Price=$None | IP=IP64 | Populated=46/68 fields
2026-05-28 21:43:11,629 | INFO |   💾 [2/145] saved
2026-05-28 21:43:11,629 | INFO | 
  [3/145]
2026-05-28 21:43:11,629 | INFO |   ⏳ 32.4s (req #81)
2026-05-28 21:43:44,917 | INFO |   GET https://www.gsmarena.com/oneplus_ace_6_ultra_5g-14637.php → 200
2026-05-28 21:43:44,934 | INFO |       📱 OnePlus Ace 6 Ultra | Main=50.0MP | Selfie=16.0MP | AnTuTu=None | Price=$None | IP=IP68 | Populated=50/68 fields
2026-05-28 21:43:44,937 | INFO |   💾 [3/145] saved
2026-05-28 21:43:44,937 | INFO | 
  [4/145]
2026-05-28 21:43:44,937 | INFO |   ⏳ 40.1s (req #82)
2026-05-28 21:44:26,169 | INFO |   GET https://www.gsmarena.com/oneplus_pad_4-14630.php → 200
2026-05-28 21:44:26,191 | INFO |       📱 OnePlus Pad 4 | Main=13.0MP | Selfie=8.0MP | AnTuTu=None | Price=$None | IP=None | Populated=40/68 fields
2026-05-28 21:44:26,194 | INFO |   💾 [4/145] saved
2026-05-28 21:44:26,194 | INFO | 
  [5/145]
2026-05-28 21:44:26,194 | INFO |   ⏳ 26.4s (req #83)
2026-05-28 21:44:53,558 | INFO |   GET https://www.gsmarena.com/oneplus_watch_4-14622.php → 200
2026-05-28 21:44:53,571 | INFO |       📱 OnePlus Watch 4 | Main=NoneMP | Selfie=NoneMP | AnTuTu=None | Price=$None | IP=IP68 | Populated=31/68 fields
2026-05-28 21:44:53,573 | INFO |   💾 [5/145] saved
2026-05-28 21:44:53,573 | INFO | 
  [6/145]
2026-05-28 21:44:53,573 | INFO |   ⏳ 16.5s (req #84)
2026-05-28 21:45:11,174 | INFO |   GET https://www.gsmarena.com/oneplus_nord_6_5g-14558.php → 200
2026-05-28 21:45:11,196 | INFO |       📱 OnePlus Nord 6 | Main=50.0MP | Selfie=32.0MP | AnTuTu=None | Price=$None | IP=IP68 | Populated=55/68 fields
2026-05-28 21:45:11,199 | INFO |   💾 [6/145] saved
2026-05-28 21:45:11,199 | INFO | 
  [7/145]
2026-05-28 21:45:11,199 | INFO |   ⏳ 17.5s (req #85)
2026-05-28 21:45:29,645 | INFO |   GET https://www.gsmarena.com/oneplus_15t_5g-14385.php → 200
2026-05-28 21:45:29,665 | INFO |       📱 OnePlus 15T | Main=50.0MP | Selfie=16.0MP | AnTuTu=None | Price=$None | IP=IP68 | Populated=52/68 fields
2026-05-28 21:45:29,668 | INFO |   💾 [7/145] saved
2026-05-28 21:45:29,668 | INFO | 
  [8/145]
2026-05-28 21:45:29,668 | INFO |   ⏳ 43.9s (req #86)
2026-05-28 21:46:14,472 | INFO |   GET https://www.gsmarena.com/oneplus_turbo_6_5g-14260.php → 200
2026-05-28 21:46:14,489 | INFO |       📱 OnePlus Turbo 6 | Main=50.0MP | Selfie=16.0MP | AnTuTu=None | Price=$None | IP=IP68 | Populated=48/68 fields
2026-05-28 21:46:14,491 | INFO |   💾 [8/145] saved
2026-05-28 21:46:14,491 | INFO | 
  [9/145]
2026-05-28 21:46:14,491 | INFO |   ⏳ 19.5s (req #87)
2026-05-28 21:46:34,850 | INFO |   GET https://www.gsmarena.com/oneplus_turbo_6v_5g-14404.php → 200
2026-05-28 21:46:34,865 | INFO |       📱 OnePlus Turbo 6V | Main=50.0MP | Selfie=16.0MP | AnTuTu=None | Price=$None | IP=IP68 | Populated=48/68 fields
2026-05-28 21:46:34,868 | INFO |   💾 [9/145] saved
2026-05-28 21:46:34,868 | INFO | 
  [10/145]
2026-05-28 21:46:34,868 | INFO |   ⏳ 24.3s (req #88)
2026-05-28 21:47:00,095 | INFO |   GET https://www.gsmarena.com/oneplus_15r_5g-14358.php → 200
2026-05-28 21:47:00,119 | INFO |       📱 OnePlus 15R | Main=50.0MP | Selfie=32.0MP | AnTuTu=1954910 | Price=$699.99 | IP=IP68 | Populated=63/68 fields
2026-05-28 21:47:00,122 | INFO |   💾 [10/145] saved
2026-05-28 21:47:00,122 | INFO | 
  [11/145]
2026-05-28 21:47:00,122 | INFO |   ⏳ 41.7s (req #89)
2026-05-28 21:47:42,860 | INFO |   GET https://www.gsmarena.com/oneplus_pad_go_2_5g-14343.php → 200
2026-05-28 21:47:42,878 | INFO |       📱 OnePlus Pad Go 2 | Main=8.0MP | Selfie=8.0MP | AnTuTu=719742 | Price=$None | IP=None | Populated=49/68 fields
2026-05-28 21:47:42,882 | INFO |   💾 [11/145] saved
2026-05-28 21:47:42,882 | INFO | 
  [12/145]
2026-05-28 21:47:42,882 | INFO |   ☕ Long pause 289s ...
2026-05-28 21:52:32,317 | INFO |   GET https://www.gsmarena.com/oneplus_watch_lite-14365.php → 200
2026-05-28 21:52:32,333 | INFO |       📱 OnePlus Watch Lite | Main=NoneMP | Selfie=NoneMP | AnTuTu=None | Price=$None | IP=IP68 | Populated=24/68 fields
2026-05-28 21:52:32,337 | INFO |   💾 [12/145] saved
2026-05-28 21:52:32,337 | INFO | 
  [13/145]
2026-05-28 21:52:32,337 | INFO |   ⏳ 25.8s (req #91)
2026-05-28 21:52:59,354 | INFO |   GET https://www.gsmarena.com/oneplus_ace_6t_5g-14315.php → 200
2026-05-28 21:52:59,372 | INFO |       📱 OnePlus Ace 6T | Main=50.0MP | Selfie=16.0MP | AnTuTu=None | Price=$None | IP=IP68 | Populated=51/68 fields
2026-05-28 21:52:59,375 | INFO |   💾 [13/145] saved
2026-05-28 21:52:59,375 | INFO | 
  [14/145]
2026-05-28 21:52:59,375 | INFO |   ⏳ 41.1s (req #92)
2026-05-28 21:53:41,855 | INFO |   GET https://www.gsmarena.com/oneplus_15_5g-14206.php → 200
2026-05-28 21:53:41,876 | INFO |       📱 OnePlus 15 | Main=50.0MP | Selfie=32.0MP | AnTuTu=2790237 | Price=$729.95 | IP=IP68 | Populated=65/68 fields
2026-05-28 21:53:41,880 | INFO |   💾 [14/145] saved
2026-05-28 21:53:41,880 | INFO | 
  [15/145]
2026-05-28 21:53:41,880 | INFO |   ⏳ 37.1s (req #93)
2026-05-28 21:54:19,858 | INFO |   GET https://www.gsmarena.com/oneplus_ace_6_5g-14259.php → 200
2026-05-28 21:54:19,883 | INFO |       📱 OnePlus Ace 6 | Main=50.0MP | Selfie=16.0MP | AnTuTu=None | Price=$None | IP=IP68 | Populated=51/68 fields
2026-05-28 21:54:19,885 | INFO |   💾 [15/145] saved
2026-05-28 21:54:19,885 | INFO | 
  [16/145]
2026-05-28 21:54:19,886 | INFO |   ⏳ 16.3s (req #94)
2026-05-28 21:54:37,143 | INFO |   GET https://www.gsmarena.com/oneplus_nord_5_5g-13992.php → 200
2026-05-28 21:54:37,162 | INFO |       📱 OnePlus Nord 5 | Main=50.0MP | Selfie=50.0MP | AnTuTu=1512943 | Price=$None | IP=IP65 | Populated=61/68 fields
2026-05-28 21:54:37,165 | INFO |   💾 [16/145] saved
2026-05-28 21:54:37,166 | INFO | 
  [17/145]
2026-05-28 21:54:37,166 | INFO |   ⏳ 25.8s (req #95)
2026-05-28 21:55:03,876 | INFO |   GET https://www.gsmarena.com/oneplus_nord_ce5_5g-13792.php → 200
2026-05-28 21:55:03,897 | INFO |       📱 OnePlus Nord CE5 | Main=50.0MP | Selfie=16.0MP | AnTuTu=1390121 | Price=$None | IP=IP65 | Populated=59/68 fields
2026-05-28 21:55:03,899 | INFO |   💾 [17/145] saved
2026-05-28 21:55:03,899 | INFO | 
  [18/145]
2026-05-28 21:55:03,899 | INFO |   ⏳ 41.6s (req #96)
2026-05-28 21:55:46,402 | INFO |   GET https://www.gsmarena.com/oneplus_watch_3_43mm-13957.php → 200
2026-05-28 21:55:46,420 | INFO |       📱 OnePlus Watch 3 43mm | Main=NoneMP | Selfie=NoneMP | AnTuTu=None | Price=$None | IP=IP68 | Populated=31/68 fields
2026-05-28 21:55:46,422 | INFO |   💾 [18/145] saved
2026-05-28 21:55:46,422 | INFO | 
  [19/145]
2026-05-28 21:55:46,423 | INFO |   ⏳ 34.5s (req #97)
2026-05-28 21:56:21,726 | INFO |   GET https://www.gsmarena.com/oneplus_pad_lite-13956.php → 200
2026-05-28 21:56:21,744 | INFO |       📱 OnePlus Pad Lite | Main=5.0MP | Selfie=5.0MP | AnTuTu=None | Price=$None | IP=None | Populated=39/68 fields
2026-05-28 21:56:21,746 | INFO |   💾 [19/145] saved
2026-05-28 21:56:21,746 | INFO | 
  [20/145]
2026-05-28 21:56:21,747 | INFO |   ⏳ 23.3s (req #98)
2026-05-28 21:56:46,121 | INFO |   GET https://www.gsmarena.com/oneplus_pad_3_(global)-13881.php → 200
2026-05-28 21:56:46,141 | INFO |       📱 OnePlus Pad 3 | Main=13.0MP | Selfie=8.0MP | AnTuTu=None | Price=$None | IP=None | Populated=43/68 fields
2026-05-28 21:56:46,144 | INFO |   💾 [20/145] saved
2026-05-28 21:56:46,144 | INFO | 
  [21/145]
2026-05-28 21:56:46,144 | INFO |   ⏳ 43.6s (req #99)
2026-05-28 21:57:30,750 | INFO |   GET https://www.gsmarena.com/oneplus_13s_5g-13818.php → 200
2026-05-28 21:57:30,766 | INFO |       📱 OnePlus 13s | Main=50.0MP | Selfie=32.0MP | AnTuTu=2499190 | Price=$None | IP=IP65 | Populated=56/68 fields
2026-05-28 21:57:30,769 | INFO |   💾 [21/145] saved
2026-05-28 21:57:30,769 | INFO | 
  [22/145]
2026-05-28 21:57:30,769 | INFO |   ⏳ 30.1s (req #100)
2026-05-28 21:58:01,957 | INFO |   GET https://www.gsmarena.com/oneplus_ace_5_ultra_5g-13891.php → 200
2026-05-28 21:58:01,973 | INFO |       📱 OnePlus Ace 5 Ultra | Main=50.0MP | Selfie=16.0MP | AnTuTu=None | Price=$None | IP=IP65 | Populated=50/68 fields
2026-05-28 21:58:01,975 | INFO |   💾 [22/145] saved
2026-05-28 21:58:01,976 | INFO | 
  [23/145]
2026-05-28 21:58:01,976 | INFO |   ⏳ 41.8s (req #101)
2026-05-28 21:58:44,887 | INFO |   GET https://www.gsmarena.com/oneplus_ace_5_racing_5g-13892.php → 200
2026-05-28 21:58:44,901 | INFO |       📱 OnePlus Ace 5 Racing | Main=50.0MP | Selfie=16.0MP | AnTuTu=None | Price=$None | IP=IP64 | Populated=50/68 fields
2026-05-28 21:58:44,904 | INFO |   💾 [23/145] saved
2026-05-28 21:58:44,904 | INFO | 
  [24/145]
2026-05-28 21:58:44,904 | INFO |   ⏳ 32.6s (req #102)
2026-05-28 21:59:18,288 | INFO |   GET https://www.gsmarena.com/oneplus_pad_2_pro-13860.php → 200
2026-05-28 21:59:18,302 | INFO |       📱 OnePlus Pad 2 Pro | Main=13.0MP | Selfie=8.0MP | AnTuTu=None | Price=$None | IP=None | Populated=41/68 fields
2026-05-28 21:59:18,305 | INFO |   💾 [24/145] saved
2026-05-28 21:59:18,305 | INFO | 
  [25/145]
2026-05-28 21:59:18,305 | INFO |   ⏳ 31.3s (req #103)
2026-05-28 21:59:50,710 | INFO |   GET https://www.gsmarena.com/oneplus_13t_5g-13791.php → 200
2026-05-28 21:59:50,726 | INFO |       📱 OnePlus 13T | Main=50.0MP | Selfie=16.0MP | AnTuTu=None | Price=$None | IP=IP65 | Populated=51/68 fields
2026-05-28 21:59:50,729 | INFO |   💾 [25/145] saved
2026-05-28 21:59:50,729 | INFO | 
  [26/145]
2026-05-28 21:59:50,729 | INFO |   ⏳ 26.1s (req #104)
2026-05-28 22:00:17,891 | INFO |   GET https://www.gsmarena.com/oneplus_watch_3-13668.php → 200
2026-05-28 22:00:17,949 | INFO |       📱 OnePlus Watch 3 | Main=NoneMP | Selfie=NoneMP | AnTuTu=None | Price=$None | IP=IP68 | Populated=33/68 fields
2026-05-28 22:00:17,951 | INFO |   💾 [26/145] saved
2026-05-28 22:00:17,951 | INFO | 
  [27/145]
2026-05-28 22:00:17,951 | INFO |   ⏳ 21.6s (req #105)
2026-05-28 22:00:40,409 | INFO |   GET https://www.gsmarena.com/oneplus_13r-13548.php → 200
2026-05-28 22:00:40,427 | INFO |       📱 OnePlus 13R | Main=50.0MP | Selfie=16.0MP | AnTuTu=2109299 | Price=$899.99 | IP=IP65 | Populated=62/68 fields
2026-05-28 22:00:40,429 | INFO |   💾 [27/145] saved
2026-05-28 22:00:40,430 | INFO | 
  [28/145]
2026-05-28 22:00:40,430 | INFO |   ⏳ 23.5s (req #106)
2026-05-28 22:01:04,835 | INFO |   GET https://www.gsmarena.com/oneplus_ace_5_pro-13591.php → 200
2026-05-28 22:01:04,851 | INFO |       📱 OnePlus Ace 5 Pro | Main=50.0MP | Selfie=16.0MP | AnTuTu=None | Price=$None | IP=IP65 | Populated=51/68 fields
2026-05-28 22:01:04,853 | INFO |   💾 [28/145] saved
2026-05-28 22:01:04,853 | INFO | 
  [29/145]
2026-05-28 22:01:04,854 | INFO |   ⏳ 29.8s (req #107)
2026-05-28 22:01:35,703 | INFO |   GET https://www.gsmarena.com/oneplus_ace_5-13592.php → 200
2026-05-28 22:01:35,720 | INFO |       📱 OnePlus Ace 5 | Main=50.0MP | Selfie=16.0MP | AnTuTu=None | Price=$None | IP=IP65 | Populated=51/68 fields
2026-05-28 22:01:35,722 | INFO |   💾 [29/145] saved
2026-05-28 22:01:35,722 | INFO | 
  [30/145]
2026-05-28 22:01:35,722 | INFO |   ⏳ 34.4s (req #108)
2026-05-28 22:02:10,884 | INFO |   GET https://www.gsmarena.com/oneplus_pad_3-13593.php → 200
2026-05-28 22:02:10,900 | INFO |       📱 OnePlus Pad 3 (China) | Main=8.0MP | Selfie=8.0MP | AnTuTu=None | Price=$None | IP=None | Populated=41/68 fields
2026-05-28 22:02:10,903 | INFO |   💾 [30/145] saved
2026-05-28 22:02:10,903 | INFO | 
  [31/145]
2026-05-28 22:02:10,903 | INFO |   ⏳ 27.4s (req #109)
2026-05-28 22:02:39,337 | INFO |   GET https://www.gsmarena.com/oneplus_13-13477.php → 200
2026-05-28 22:02:39,362 | INFO |       📱 OnePlus 13 | Main=50.0MP | Selfie=32.0MP | AnTuTu=2690491 | Price=$679.99 | IP=IP68 | Populated=65/68 fields
2026-05-28 22:02:39,364 | INFO |   💾 [31/145] saved
2026-05-28 22:02:39,364 | INFO | 
  [32/145]
2026-05-28 22:02:39,364 | INFO |   ⏳ 15.5s (req #110)
2026-05-28 22:02:55,967 | INFO |   GET https://www.gsmarena.com/oneplus_nord_4-13200.php → 200
2026-05-28 22:02:55,988 | INFO |       📱 OnePlus Nord 4 | Main=50.0MP | Selfie=16.0MP | AnTuTu=1315847 | Price=$None | IP=IP65 | Populated=60/68 fields
2026-05-28 22:02:55,990 | INFO |   💾 [32/145] saved
2026-05-28 22:02:55,991 | INFO | 
  [33/145]
2026-05-28 22:02:55,991 | INFO |   ⏳ 41.0s (req #111)
2026-05-28 22:03:38,103 | INFO |   GET https://www.gsmarena.com/oneplus_pad_2-13210.php → 200
2026-05-28 22:03:38,121 | INFO |       📱 OnePlus Pad 2 | Main=13.0MP | Selfie=8.0MP | AnTuTu=1977475 | Price=$None | IP=None | Populated=47/68 fields
2026-05-28 22:03:38,123 | INFO |   💾 [33/145] saved
2026-05-28 22:03:38,123 | INFO | 
  [34/145]
2026-05-28 22:03:38,123 | INFO |   ⏳ 39.7s (req #112)
2026-05-28 22:04:18,583 | INFO |   GET https://www.gsmarena.com/oneplus_watch_2r-13209.php → 200
2026-05-28 22:04:18,598 | INFO |       📱 OnePlus Watch 2R | Main=NoneMP | Selfie=NoneMP | AnTuTu=None | Price=$None | IP=IP68 | Populated=34/68 fields
2026-05-28 22:04:18,601 | INFO |   💾 [34/145] saved
2026-05-28 22:04:18,601 | INFO | 
  [35/145]
2026-05-28 22:04:18,601 | INFO |   ⏳ 21.2s (req #113)
2026-05-28 22:04:40,875 | INFO |   GET https://www.gsmarena.com/oneplus_ace_3_pro-13179.php → 200
2026-05-28 22:04:40,892 | INFO |       📱 OnePlus Ace 3 Pro | Main=50.0MP | Selfie=16.0MP | AnTuTu=None | Price=$None | IP=IP65 | Populated=50/68 fields
2026-05-28 22:04:40,894 | INFO |   💾 [35/145] saved
2026-05-28 22:04:40,895 | INFO | 
  [36/145]
2026-05-28 22:04:40,895 | INFO |   ⏳ 20.7s (req #114)
2026-05-28 22:05:02,438 | INFO |   GET https://www.gsmarena.com/oneplus_pad_pro-13180.php → 200
2026-05-28 22:05:02,452 | INFO |       📱 OnePlus Pad Pro | Main=13.0MP | Selfie=8.0MP | AnTuTu=None | Price=$None | IP=None | Populated=41/68 fields
2026-05-28 22:05:02,456 | INFO |   💾 [36/145] saved
2026-05-28 22:05:02,456 | INFO | 
  [37/145]
2026-05-28 22:05:02,457 | INFO |   ⏳ 43.9s (req #115)
2026-05-28 22:05:47,096 | INFO |   GET https://www.gsmarena.com/oneplus_watch_2_(esim)-13181.php → 200
2026-05-28 22:05:47,117 | INFO |       📱 OnePlus Watch 2 (eSIM) | Main=NoneMP | Selfie=NoneMP | AnTuTu=None | Price=$None | IP=IP68 | Populated=31/68 fields
2026-05-28 22:05:47,120 | INFO |   💾 [37/145] saved
2026-05-28 22:05:47,120 | INFO | 
  [38/145]
2026-05-28 22:05:47,120 | INFO |   ⏳ 22.2s (req #116)
2026-05-28 22:06:10,355 | INFO |   GET https://www.gsmarena.com/oneplus_nord_ce4_lite-13166.php → 200
2026-05-28 22:06:10,373 | INFO |       📱 OnePlus Nord CE4 Lite | Main=50.0MP | Selfie=16.0MP | AnTuTu=None | Price=$None | IP=IP54 | Populated=51/68 fields
2026-05-28 22:06:10,376 | INFO |   💾 [38/145] saved
2026-05-28 22:06:10,376 | INFO | 
  [39/145]
2026-05-28 22:06:10,376 | INFO |   ⏳ 28.9s (req #117)
2026-05-28 22:06:40,388 | INFO |   GET https://www.gsmarena.com/oneplus_nord_ce4_lite_(india)-13155.php → 200
2026-05-28 22:06:40,405 | INFO |       📱 OnePlus Nord CE4 Lite (India) | Main=50.0MP | Selfie=16.0MP | AnTuTu=None | Price=$None | IP=IP54 | Populated=49/68 fields
2026-05-28 22:06:40,407 | INFO |   💾 [39/145] saved
2026-05-28 22:06:40,408 | INFO | 
  [40/145]
2026-05-28 22:06:40,408 | INFO |   ⏳ 28.7s (req #118)
2026-05-28 22:07:10,039 | INFO |   GET https://www.gsmarena.com/oneplus_ace_3v-12889.php → 200
2026-05-28 22:07:10,055 | INFO |       📱 OnePlus Ace 3V | Main=50.0MP | Selfie=16.0MP | AnTuTu=None | Price=$None | IP=IP65 | Populated=49/68 fields
2026-05-28 22:07:10,057 | INFO |   💾 [40/145] saved
2026-05-28 22:07:10,058 | INFO | 
  [41/145]
2026-05-28 22:07:10,058 | INFO |   ⏳ 37.6s (req #119)
2026-05-28 22:07:48,702 | INFO |   GET https://www.gsmarena.com/oneplus_nord_ce4-12892.php → 200
2026-05-28 22:07:48,718 | INFO |       📱 OnePlus Nord CE4 | Main=50.0MP | Selfie=16.0MP | AnTuTu=839564 | Price=$None | IP=IP54 | Populated=52/68 fields
2026-05-28 22:07:48,721 | INFO |   💾 [41/145] saved
2026-05-28 22:07:48,721 | INFO | 
  [42/145]
2026-05-28 22:07:48,721 | INFO |   ☕ Long pause 173s ...
2026-05-28 22:10:42,836 | INFO |   GET https://www.gsmarena.com/oneplus_watch_2-12843.php → 200
2026-05-28 22:10:42,856 | INFO |       📱 OnePlus Watch 2 | Main=NoneMP | Selfie=NoneMP | AnTuTu=None | Price=$None | IP=IP68 | Populated=32/68 fields
2026-05-28 22:10:42,858 | INFO |   💾 [42/145] saved
2026-05-28 22:10:42,858 | INFO | 
  [43/145]
2026-05-28 22:10:42,858 | INFO |   ⏳ 15.3s (req #121)
2026-05-28 22:10:58,994 | INFO |   GET https://www.gsmarena.com/oneplus_nord_n30_se-12811.php → 200
2026-05-28 22:10:59,011 | INFO |       📱 OnePlus Nord N30 SE | Main=50.0MP | Selfie=8.0MP | AnTuTu=None | Price=$None | IP=None | Populated=45/68 fields
2026-05-28 22:10:59,013 | INFO |   💾 [43/145] saved
2026-05-28 22:10:59,014 | INFO | 
  [44/145]
2026-05-28 22:10:59,014 | INFO |   ⏳ 26.5s (req #122)
2026-05-28 22:11:26,450 | INFO |   GET https://www.gsmarena.com/oneplus_12r-12727.php → 200
2026-05-28 22:11:26,468 | INFO |       📱 OnePlus 12R | Main=50.0MP | Selfie=16.0MP | AnTuTu=1518552 | Price=$None | IP=IP64 | Populated=60/68 fields
2026-05-28 22:11:26,470 | INFO |   💾 [44/145] saved
2026-05-28 22:11:26,470 | INFO | 
  [45/145]
2026-05-28 22:11:26,470 | INFO |   ⏳ 24.3s (req #123)
2026-05-28 22:11:51,691 | INFO |   GET https://www.gsmarena.com/oneplus_12-12725.php → 200
2026-05-28 22:11:51,710 | INFO |       📱 OnePlus 12 | Main=50.0MP | Selfie=32.0MP | AnTuTu=1821801 | Price=$629.95 | IP=IP65 | Populated=63/68 fields
2026-05-28 22:11:51,713 | INFO |   💾 [45/145] saved
2026-05-28 22:11:51,713 | INFO | 
  [46/145]
2026-05-28 22:11:51,713 | INFO |   ⏳ 31.7s (req #124)
2026-05-28 22:12:24,178 | INFO |   GET https://www.gsmarena.com/oneplus_ace_3-12775.php → 200
2026-05-28 22:12:24,194 | INFO |       📱 OnePlus Ace 3 | Main=50.0MP | Selfie=16.0MP | AnTuTu=None | Price=$None | IP=None | Populated=50/68 fields
2026-05-28 22:12:24,197 | INFO |   💾 [46/145] saved
2026-05-28 22:12:24,197 | INFO | 
  [47/145]
2026-05-28 22:12:24,197 | INFO |   ⏳ 26.4s (req #125)
2026-05-28 22:12:51,521 | INFO |   GET https://www.gsmarena.com/oneplus_open-12619.php → 200
2026-05-28 22:12:51,546 | INFO |       📱 OnePlus Open | Main=48.0MP | Selfie=20.0MP | AnTuTu=968130 | Price=$879.95 | IP=None | Populated=58/68 fields
2026-05-28 22:12:51,548 | INFO |   💾 [47/145] saved
2026-05-28 22:12:51,549 | INFO | 
  [48/145]
2026-05-28 22:12:51,549 | INFO |   ⏳ 19.5s (req #126)
2026-05-28 22:13:11,977 | INFO |   GET https://www.gsmarena.com/oneplus_pad_go-12614.php → 200
2026-05-28 22:13:11,996 | INFO |       📱 OnePlus Pad Go | Main=8.0MP | Selfie=8.0MP | AnTuTu=None | Price=$None | IP=None | Populated=38/68 fields
2026-05-28 22:13:11,998 | INFO |   💾 [48/145] saved
2026-05-28 22:13:11,999 | INFO | 
  [49/145]
2026-05-28 22:13:11,999 | INFO |   ⏳ 27.8s (req #127)
2026-05-28 22:13:40,668 | INFO |   GET https://www.gsmarena.com/oneplus_ace_2_pro-12473.php → 200
2026-05-28 22:13:40,683 | INFO |       📱 OnePlus Ace 2 Pro | Main=50.0MP | Selfie=16.0MP | AnTuTu=None | Price=$None | IP=None | Populated=50/68 fields
2026-05-28 22:13:40,686 | INFO |   💾 [49/145] saved
2026-05-28 22:13:40,686 | INFO | 
  [50/145]
2026-05-28 22:13:40,686 | INFO |   ⏳ 19.3s (req #128)
2026-05-28 22:14:01,090 | INFO |   GET https://www.gsmarena.com/oneplus_nord_ce3-11977.php → 200
2026-05-28 22:14:01,107 | INFO |       📱 OnePlus Nord CE3 | Main=50.0MP | Selfie=16.0MP | AnTuTu=None | Price=$None | IP=None | Populated=50/68 fields
2026-05-28 22:14:01,109 | INFO |   💾 [50/145] saved
2026-05-28 22:14:01,110 | INFO |   [51/145] SKIP xiaomi_17t_pro_5g-14651.php
2026-05-28 22:14:01,110 | INFO |   [52/145] SKIP xiaomi_17t_5g-14652.php
2026-05-28 22:14:01,110 | INFO |   [53/145] SKIP zte_nubia_redmagic_11s_pro_5g-14669.php
2026-05-28 22:14:01,110 | INFO |   [54/145] SKIP vivo_s60_5g-14692.php
2026-05-28 22:14:01,110 | INFO |   [55/145] SKIP ulefone_tab_a12_pro-14695.php
2026-05-28 22:14:01,110 | INFO |   [56/145] SKIP xiaomi_17_max_5g-14667.php
2026-05-28 22:14:01,110 | INFO |   [57/145] SKIP vivo_s60_vitality_5g-14693.php
2026-05-28 22:14:01,111 | INFO |   [58/145] SKIP vivo_y600_turbo_5g-14687.php
2026-05-28 22:14:01,111 | INFO |   [59/145] SKIP honor_600e_5g-14688.php
2026-05-28 22:14:01,111 | INFO |   [60/145] SKIP realme_16t_5g-14674.php
2026-05-28 22:14:01,111 | INFO |   [61/145] SKIP honor_600_5g-14605.php
2026-05-28 22:14:01,111 | INFO |   [62/145] SKIP sony_xperia_1_viii_5g-14660.php
2026-05-28 22:14:01,111 | INFO |   [63/145] SKIP honor_600_pro_5g-14604.php
2026-05-28 22:14:01,111 | INFO |   [64/145] SKIP motorola_moto_g87_5g-14644.php
2026-05-28 22:14:01,111 | INFO |   [65/145] SKIP motorola_moto_g47-14645.php
2026-05-28 22:14:01,111 | INFO |   [66/145] SKIP motorola_razr_70_ultra-14641.php
2026-05-28 22:14:01,111 | INFO |   [67/145] SKIP motorola_razr_70-14643.php
2026-05-28 22:14:01,112 | INFO |   [68/145] SKIP vivo_x300_ultra_5g-14388.php
2026-05-28 22:14:01,112 | INFO |   [69/145] SKIP samsung_galaxy_a57-14379.php
2026-05-28 22:14:01,112 | INFO |   [70/145] SKIP samsung_galaxy_s26_ultra-14320.php
2026-05-28 22:14:01,112 | INFO |   [71/145] SKIP xiaomi_17_max-14667.php
2026-05-28 22:14:01,112 | INFO |   [72/145] SKIP samsung_galaxy_a17-14041.php
2026-05-28 22:14:01,112 | INFO |   [73/145] SKIP sony_xperia_1_viii-14660.php
2026-05-28 22:14:01,112 | INFO |   [74/145] SKIP apple_iphone_17_pro_max-13964.php
2026-05-28 22:14:01,113 | INFO |   [75/145] SKIP xiaomi_redmi_note_15-14328.php
2026-05-28 22:14:01,113 | INFO |   [76/145] SKIP infinix_hot_70-14683.php
2026-05-28 22:14:01,113 | INFO |   [77/145] SKIP honor_600_pro-14604.php
2026-05-28 22:14:01,113 | INFO |   [78/145] SKIP xiaomi_17t_pro-14651.php
2026-05-28 22:14:01,113 | INFO |   [79/145] SKIP samsung_galaxy_a56-13603.php
2026-05-28 22:14:01,113 | INFO |   [80/145] SKIP xiaomi_15_ultra-13657.php
2026-05-28 22:14:01,113 | INFO |   [81/145] SKIP xiaomi_poco_x7_pro-13582.php
2026-05-28 22:14:01,113 | INFO |   [82/145] SKIP xiaomi_17_pro_max-14181.php
2026-05-28 22:14:01,113 | INFO |   [83/145] SKIP oneplus_15-14206.php
2026-05-28 22:14:01,114 | INFO |   [84/145] SKIP samsung_galaxy_s25-13610.php
2026-05-28 22:14:01,114 | INFO |   [85/145] SKIP xiaomi_17_ultra-14380.php
2026-05-28 22:14:01,114 | INFO |   [86/145] SKIP oppo_find_x9_pro-14094.php
2026-05-28 22:14:01,114 | INFO | 
  [87/145]
2026-05-28 22:14:01,114 | INFO |   ⏳ 42.6s (req #129)
2026-05-28 22:14:44,648 | INFO |   GET https://www.gsmarena.com/oneplus_nord_3-12135.php → 200
2026-05-28 22:14:44,668 | INFO |       📱 OnePlus Nord 3 | Main=50.0MP | Selfie=16.0MP | AnTuTu=844865 | Price=$None | IP=IP54 | Populated=58/68 fields
2026-05-28 22:14:44,671 | INFO |   💾 [51/145] saved
2026-05-28 22:14:44,671 | INFO | 
  [88/145]
2026-05-28 22:14:44,671 | INFO |   ⏳ 36.4s (req #130)
2026-05-28 22:15:21,953 | INFO |   GET https://www.gsmarena.com/oneplus_nord_n30-12220.php → 200
2026-05-28 22:15:21,978 | INFO |       📱 OnePlus Nord N30 | Main=108.0MP | Selfie=16.0MP | AnTuTu=404120 | Price=$161.32 | IP=None | Populated=53/68 fields
2026-05-28 22:15:21,980 | INFO |   💾 [52/145] saved
2026-05-28 22:15:21,980 | INFO | 
  [89/145]
2026-05-28 22:15:21,980 | INFO |   ⏳ 39.1s (req #131)
2026-05-28 22:16:02,165 | INFO |   GET https://www.gsmarena.com/oneplus_nord_ce_3_lite-12198.php → 200
2026-05-28 22:16:02,182 | INFO |       📱 OnePlus Nord CE 3 Lite | Main=108.0MP | Selfie=16.0MP | AnTuTu=412006 | Price=$None | IP=None | Populated=52/68 fields
2026-05-28 22:16:02,184 | INFO |   💾 [53/145] saved
2026-05-28 22:16:02,184 | INFO | 
  [90/145]
2026-05-28 22:16:02,184 | INFO |   ⏳ 44.4s (req #132)
2026-05-28 22:16:47,455 | INFO |   GET https://www.gsmarena.com/oneplus_ace_2v-12158.php → 200
2026-05-28 22:16:47,471 | INFO |       📱 OnePlus Ace 2V | Main=64.0MP | Selfie=16.0MP | AnTuTu=None | Price=$None | IP=None | Populated=49/68 fields
2026-05-28 22:16:47,473 | INFO |   💾 [54/145] saved
2026-05-28 22:16:47,473 | INFO | 
  [91/145]
2026-05-28 22:16:47,474 | INFO |   ⏳ 43.6s (req #133)
2026-05-28 22:17:31,932 | INFO |   GET https://www.gsmarena.com/oneplus_pad-12112.php → 200
2026-05-28 22:17:31,950 | INFO |       📱 OnePlus Pad | Main=13.0MP | Selfie=8.0MP | AnTuTu=859019 | Price=$None | IP=None | Populated=46/68 fields
2026-05-28 22:17:31,953 | INFO |   💾 [55/145] saved
2026-05-28 22:17:31,953 | INFO | 
  [92/145]
2026-05-28 22:17:31,953 | INFO |   ⏳ 36.6s (req #134)
2026-05-28 22:18:09,458 | INFO |   GET https://www.gsmarena.com/oneplus_11r-11915.php → 200
2026-05-28 22:18:09,474 | INFO |       📱 OnePlus 11R | Main=50.0MP | Selfie=16.0MP | AnTuTu=953897 | Price=$None | IP=None | Populated=52/68 fields
2026-05-28 22:18:09,476 | INFO |   💾 [56/145] saved
2026-05-28 22:18:09,476 | INFO | 
  [93/145]
2026-05-28 22:18:09,476 | INFO |   ⏳ 19.8s (req #135)
2026-05-28 22:18:30,204 | INFO |   GET https://www.gsmarena.com/oneplus_ace_2-12103.php → 200
2026-05-28 22:18:30,219 | INFO |       📱 OnePlus Ace 2 | Main=50.0MP | Selfie=16.0MP | AnTuTu=None | Price=$None | IP=None | Populated=50/68 fields
2026-05-28 22:18:30,222 | INFO |   💾 [57/145] saved
2026-05-28 22:18:30,222 | INFO | 
  [94/145]
2026-05-28 22:18:30,222 | INFO |   ⏳ 27.9s (req #136)
2026-05-28 22:18:59,166 | INFO |   GET https://www.gsmarena.com/oneplus_11-11893.php → 200
2026-05-28 22:18:59,191 | INFO |       📱 OnePlus 11 | Main=50.0MP | Selfie=16.0MP | AnTuTu=1140661 | Price=$459.99 | IP=IP64 | Populated=60/68 fields
2026-05-28 22:18:59,193 | INFO |   💾 [58/145] saved
2026-05-28 22:18:59,194 | INFO | 
  [95/145]
2026-05-28 22:18:59,194 | INFO |   ⏳ 30.9s (req #137)
2026-05-28 22:19:30,963 | INFO |   GET https://www.gsmarena.com/oneplus_nord_n300-11949.php → 200
2026-05-28 22:19:30,978 | INFO |       📱 OnePlus Nord N300 | Main=48.0MP | Selfie=16.0MP | AnTuTu=335440 | Price=$None | IP=None | Populated=51/68 fields
2026-05-28 22:19:30,981 | INFO |   💾 [59/145] saved
2026-05-28 22:19:30,982 | INFO | 
  [96/145]
2026-05-28 22:19:30,982 | INFO |   ⏳ 40.5s (req #138)
2026-05-28 22:20:12,266 | INFO |   GET https://www.gsmarena.com/oneplus_nord_watch-11899.php → 200
2026-05-28 22:20:12,279 | INFO |       📱 OnePlus Nord Watch | Main=NoneMP | Selfie=NoneMP | AnTuTu=None | Price=$None | IP=IP68 | Populated=23/68 fields
2026-05-28 22:20:12,282 | INFO |   💾 [60/145] saved
2026-05-28 22:20:12,282 | INFO | 
  [97/145]
2026-05-28 22:20:12,282 | INFO |   ⏳ 20.3s (req #139)
2026-05-28 22:20:33,726 | INFO |   GET https://www.gsmarena.com/oneplus_ace_pro-11745.php → 200
2026-05-28 22:20:33,742 | INFO |       📱 OnePlus Ace Pro | Main=50.0MP | Selfie=16.0MP | AnTuTu=None | Price=$None | IP=None | Populated=50/68 fields
2026-05-28 22:20:33,744 | INFO |   💾 [61/145] saved
2026-05-28 22:20:33,744 | INFO | 
  [98/145]
2026-05-28 22:20:33,745 | INFO |   ⏳ 26.4s (req #140)
2026-05-28 22:21:00,917 | INFO |   GET https://www.gsmarena.com/oneplus_nord_n20_se-11738.php → 200
2026-05-28 22:21:00,931 | INFO |       📱 OnePlus Nord N20 SE | Main=50.0MP | Selfie=8.0MP | AnTuTu=None | Price=$None | IP=None | Populated=44/68 fields
2026-05-28 22:21:00,934 | INFO |   💾 [62/145] saved
2026-05-28 22:21:00,935 | INFO | 
  [99/145]
2026-05-28 22:21:00,935 | INFO |   ⏳ 32.2s (req #141)
2026-05-28 22:21:34,222 | INFO |   GET https://www.gsmarena.com/oneplus_10t-11622.php → 200
2026-05-28 22:21:34,249 | INFO |       📱 OnePlus 10T | Main=50.0MP | Selfie=16.0MP | AnTuTu=1016958 | Price=$209.99 | IP=None | Populated=57/68 fields
2026-05-28 22:21:34,252 | INFO |   💾 [63/145] saved
2026-05-28 22:21:34,252 | INFO | 
  [100/145]
2026-05-28 22:21:34,252 | INFO |   ⏳ 26.8s (req #142)
2026-05-28 22:22:01,955 | INFO |   GET https://www.gsmarena.com/oneplus_nord_2t-11517.php → 200
2026-05-28 22:22:01,973 | INFO |       📱 OnePlus Nord 2T | Main=50.0MP | Selfie=32.0MP | AnTuTu=490545 | Price=$None | IP=None | Populated=54/68 fields
2026-05-28 22:22:01,976 | INFO |   💾 [64/145] saved
2026-05-28 22:22:01,976 | INFO | 
  [101/145]
2026-05-28 22:22:01,976 | INFO |   ⏳ 27.5s (req #143)
2026-05-28 22:22:30,613 | INFO |   GET https://www.gsmarena.com/oneplus_ace_racing-11529.php → 200
2026-05-28 22:22:30,628 | INFO |       📱 OnePlus Ace Racing | Main=64.0MP | Selfie=16.0MP | AnTuTu=None | Price=$None | IP=None | Populated=48/68 fields
2026-05-28 22:22:30,631 | INFO |   💾 [65/145] saved
2026-05-28 22:22:30,631 | INFO | 
  [102/145]
2026-05-28 22:22:30,632 | INFO |   ⏳ 17.5s (req #144)
2026-05-28 22:22:49,196 | INFO |   GET https://www.gsmarena.com/oneplus_nord_n20_5g-11218.php → 200
2026-05-28 22:22:49,214 | INFO |       📱 OnePlus Nord N20 5G | Main=64.0MP | Selfie=16.0MP | AnTuTu=316974 | Price=$None | IP=None | Populated=50/68 fields
2026-05-28 22:22:49,216 | INFO |   💾 [66/145] saved
2026-05-28 22:22:49,217 | INFO | 
  [103/145]
2026-05-28 22:22:49,217 | INFO |   ⏳ 43.8s (req #145)
2026-05-28 22:23:34,314 | INFO |   GET https://www.gsmarena.com/oneplus_10r_150w-11598.php → 200
2026-05-28 22:23:34,340 | INFO |       📱 OnePlus 10R 150W | Main=50.0MP | Selfie=16.0MP | AnTuTu=801224 | Price=$None | IP=None | Populated=52/68 fields
2026-05-28 22:23:34,344 | INFO |   💾 [67/145] saved
2026-05-28 22:23:34,344 | INFO | 
  [104/145]
2026-05-28 22:23:34,344 | INFO |   ⏳ 28.7s (req #146)
2026-05-28 22:24:04,107 | INFO |   GET https://www.gsmarena.com/oneplus_10r-11445.php → 200
2026-05-28 22:24:04,143 | INFO |       📱 OnePlus 10R | Main=50.0MP | Selfie=16.0MP | AnTuTu=None | Price=$None | IP=None | Populated=51/68 fields
2026-05-28 22:24:04,147 | INFO |   💾 [68/145] saved
2026-05-28 22:24:04,147 | INFO | 
  [105/145]
2026-05-28 22:24:04,147 | INFO |   ⏳ 17.2s (req #147)
2026-05-28 22:24:22,484 | INFO |   GET https://www.gsmarena.com/oneplus_nord_ce_2_lite_5g-11344.php → 200
2026-05-28 22:24:22,513 | INFO |       📱 OnePlus Nord CE 2 Lite 5G | Main=64.0MP | Selfie=16.0MP | AnTuTu=399306 | Price=$None | IP=None | Populated=51/68 fields
2026-05-28 22:24:22,517 | INFO |   💾 [69/145] saved
2026-05-28 22:24:22,518 | INFO | 
  [106/145]
2026-05-28 22:24:22,518 | INFO |   ⏳ 27.8s (req #148)
2026-05-28 22:24:51,504 | INFO |   GET https://www.gsmarena.com/oneplus_ace-11488.php → 200
2026-05-28 22:24:51,533 | INFO |       📱 OnePlus Ace | Main=50.0MP | Selfie=16.0MP | AnTuTu=None | Price=$None | IP=None | Populated=50/68 fields
2026-05-28 22:24:51,537 | INFO |   💾 [70/145] saved
2026-05-28 22:24:51,537 | INFO | 
  [107/145]
2026-05-28 22:24:51,537 | INFO |   ⏳ 24.2s (req #149)
2026-05-28 22:25:16,916 | INFO |   GET https://www.gsmarena.com/oneplus_10_pro-11234.php → 200
2026-05-28 22:25:16,948 | INFO |       📱 OnePlus 10 Pro | Main=48.0MP | Selfie=32.0MP | AnTuTu=886248 | Price=$287.94 | IP=IP68 | Populated=62/68 fields
2026-05-28 22:25:16,951 | INFO |   💾 [71/145] saved
2026-05-28 22:25:16,951 | INFO | 
  [108/145]
2026-05-28 22:25:16,952 | INFO |   ☕ Long pause 217s ...
2026-05-28 22:28:54,841 | INFO |   GET https://www.gsmarena.com/oneplus_nord_ce_2_5g-11269.php → 200
2026-05-28 22:28:54,868 | INFO |       📱 OnePlus Nord CE 2 5G | Main=64.0MP | Selfie=16.0MP | AnTuTu=436640 | Price=$None | IP=None | Populated=52/68 fields
2026-05-28 22:28:54,872 | INFO |   💾 [72/145] saved
2026-05-28 22:28:54,872 | INFO | 
  [109/145]
2026-05-28 22:28:54,872 | INFO |   ⏳ 21.5s (req #151)
2026-05-28 22:29:17,470 | INFO |   GET https://www.gsmarena.com/oneplus_9rt_5g-11148.php → 200
2026-05-28 22:29:17,498 | INFO |       📱 OnePlus 9RT 5G | Main=50.0MP | Selfie=16.0MP | AnTuTu=670289 | Price=$None | IP=None | Populated=52/68 fields
2026-05-28 22:29:17,501 | INFO |   💾 [73/145] saved
2026-05-28 22:29:17,501 | INFO | 
  [110/145]
2026-05-28 22:29:17,501 | INFO |   ⏳ 33.1s (req #152)
2026-05-28 22:29:51,676 | INFO |   GET https://www.gsmarena.com/oneplus_nord_2_5g-10960.php → 200
2026-05-28 22:29:51,715 | INFO |       📱 OnePlus Nord 2 5G | Main=50.0MP | Selfie=32.0MP | AnTuTu=512164 | Price=$None | IP=None | Populated=56/68 fields
2026-05-28 22:29:51,719 | INFO |   💾 [74/145] saved
2026-05-28 22:29:51,720 | INFO | 
  [111/145]
2026-05-28 22:29:51,720 | INFO |   ⏳ 17.9s (req #153)
2026-05-28 22:30:10,815 | INFO |   GET https://www.gsmarena.com/oneplus_nord_n200_5g-10961.php → 200
2026-05-28 22:30:10,841 | INFO |       📱 OnePlus Nord N200 5G | Main=13.0MP | Selfie=16.0MP | AnTuTu=None | Price=$None | IP=None | Populated=47/68 fields
2026-05-28 22:30:10,846 | INFO |   💾 [75/145] saved
2026-05-28 22:30:10,846 | INFO | 
  [112/145]
2026-05-28 22:30:10,846 | INFO |   ⏳ 19.4s (req #154)
2026-05-28 22:30:31,371 | INFO |   GET https://www.gsmarena.com/oneplus_nord_ce_5g-10944.php → 200
2026-05-28 22:30:31,399 | INFO |       📱 OnePlus Nord CE 5G | Main=64.0MP | Selfie=16.0MP | AnTuTu=318672 | Price=$None | IP=None | Populated=52/68 fields
2026-05-28 22:30:31,403 | INFO |   💾 [76/145] saved
2026-05-28 22:30:31,403 | INFO | 
  [113/145]
2026-05-28 22:30:31,404 | INFO |   ⏳ 24.3s (req #155)
2026-05-28 22:30:56,952 | INFO |   GET https://www.gsmarena.com/oneplus_9_pro-10806.php → 200
2026-05-28 22:30:56,984 | INFO |       📱 OnePlus 9 Pro | Main=48.0MP | Selfie=16.0MP | AnTuTu=None | Price=$274.44 | IP=IP68 | Populated=58/68 fields
2026-05-28 22:30:56,987 | INFO |   💾 [77/145] saved
2026-05-28 22:30:56,987 | INFO | 
  [114/145]
2026-05-28 22:30:56,988 | INFO |   ⏳ 28.6s (req #156)
2026-05-28 22:31:26,611 | INFO |   GET https://www.gsmarena.com/oneplus_9-10747.php → 200
2026-05-28 22:31:26,648 | INFO |       📱 OnePlus 9 | Main=48.0MP | Selfie=16.0MP | AnTuTu=None | Price=$158.44 | IP=IP68 | Populated=56/68 fields
2026-05-28 22:31:26,651 | INFO |   💾 [78/145] saved
2026-05-28 22:31:26,651 | INFO | 
  [115/145]
2026-05-28 22:31:26,652 | INFO |   ⏳ 25.9s (req #157)
2026-05-28 22:31:53,713 | INFO |   GET https://www.gsmarena.com/oneplus_9r-10807.php → 200
2026-05-28 22:31:53,737 | INFO |       📱 OnePlus 9R | Main=48.0MP | Selfie=16.0MP | AnTuTu=None | Price=$None | IP=None | Populated=51/68 fields
2026-05-28 22:31:53,741 | INFO |   💾 [79/145] saved
2026-05-28 22:31:53,742 | INFO | 
  [116/145]
2026-05-28 22:31:53,742 | INFO |   ⏳ 17.9s (req #158)
2026-05-28 22:32:12,563 | INFO |   GET https://www.gsmarena.com/oneplus_watch-10808.php → 200
2026-05-28 22:32:12,588 | INFO |       📱 OnePlus Watch | Main=NoneMP | Selfie=NoneMP | AnTuTu=None | Price=$None | IP=IP68 | Populated=25/68 fields
2026-05-28 22:32:12,591 | INFO |   💾 [80/145] saved
2026-05-28 22:32:12,591 | INFO | 
  [117/145]
2026-05-28 22:32:12,592 | INFO |   ⏳ 39.2s (req #159)
2026-05-28 22:32:52,853 | INFO |   GET https://www.gsmarena.com/oneplus_nord_n10_5g-10556.php → 200
2026-05-28 22:32:52,879 | INFO |       📱 OnePlus Nord N10 5G | Main=64.0MP | Selfie=16.0MP | AnTuTu=279579 | Price=$None | IP=None | Populated=54/68 fields
2026-05-28 22:32:52,882 | INFO |   💾 [81/145] saved
2026-05-28 22:32:52,882 | INFO | 
  [118/145]
2026-05-28 22:32:52,882 | INFO |   ⏳ 20.0s (req #160)
2026-05-28 22:33:14,007 | INFO |   GET https://www.gsmarena.com/oneplus_nord_n100-10557.php → 200
2026-05-28 22:33:14,032 | INFO |       📱 OnePlus Nord N100 | Main=13.0MP | Selfie=8.0MP | AnTuTu=None | Price=$None | IP=None | Populated=47/68 fields
2026-05-28 22:33:14,036 | INFO |   💾 [82/145] saved
2026-05-28 22:33:14,037 | INFO | 
  [119/145]
2026-05-28 22:33:14,037 | INFO |   ⏳ 43.9s (req #161)
2026-05-28 22:33:58,935 | INFO |   GET https://www.gsmarena.com/oneplus_8t-10420.php → 200
2026-05-28 22:33:58,969 | INFO |       📱 OnePlus 8T | Main=48.0MP | Selfie=16.0MP | AnTuTu=586000 | Price=$None | IP=None | Populated=53/68 fields
2026-05-28 22:33:58,973 | INFO |   💾 [83/145] saved
2026-05-28 22:33:58,974 | INFO | 
  [120/145]
2026-05-28 22:33:58,974 | INFO |   ⏳ 37.9s (req #162)
2026-05-28 22:34:38,281 | INFO |   GET https://www.gsmarena.com/oneplus_8t+_5g-10512.php → 200
2026-05-28 22:34:38,355 | INFO |       📱 OnePlus 8T+ 5G | Main=48.0MP | Selfie=16.0MP | AnTuTu=None | Price=$None | IP=IP68 | Populated=49/68 fields
2026-05-28 22:34:38,358 | INFO |   💾 [84/145] saved
2026-05-28 22:34:38,359 | INFO | 
  [121/145]
2026-05-28 22:34:38,359 | INFO |   ⏳ 38.5s (req #163)
2026-05-28 22:35:18,113 | INFO |   GET https://www.gsmarena.com/oneplus_nord-10289.php → 200
2026-05-28 22:35:18,144 | INFO |       📱 OnePlus Nord | Main=48.0MP | Selfie=32.0MP | AnTuTu=315641 | Price=$None | IP=None | Populated=57/68 fields
2026-05-28 22:35:18,147 | INFO |   💾 [85/145] saved
2026-05-28 22:35:18,148 | INFO | 
  [122/145]
2026-05-28 22:35:18,148 | INFO |   ⏳ 36.4s (req #164)
2026-05-28 22:35:55,898 | INFO |   GET https://www.gsmarena.com/oneplus_8_pro-9919.php → 200
2026-05-28 22:35:55,927 | INFO |       📱 OnePlus 8 Pro | Main=48.0MP | Selfie=16.0MP | AnTuTu=573276 | Price=$None | IP=IP68 | Populated=55/68 fields
2026-05-28 22:35:55,931 | INFO |   💾 [86/145] saved
2026-05-28 22:35:55,931 | INFO | 
  [123/145]
2026-05-28 22:35:55,931 | INFO |   ⏳ 29.6s (req #165)
2026-05-28 22:36:26,888 | INFO |   GET https://www.gsmarena.com/oneplus_8-10161.php → 200
2026-05-28 22:36:26,918 | INFO |       📱 OnePlus 8 | Main=48.0MP | Selfie=16.0MP | AnTuTu=564708 | Price=$None | IP=None | Populated=53/68 fields
2026-05-28 22:36:26,922 | INFO |   💾 [87/145] saved
2026-05-28 22:36:26,923 | INFO | 
  [124/145]
2026-05-28 22:36:26,923 | INFO |   ⏳ 19.4s (req #166)
2026-05-28 22:36:47,712 | INFO |   GET https://www.gsmarena.com/oneplus_8_5g_uw_(verizon)-10226.php → 200
2026-05-28 22:36:47,735 | INFO |       📱 OnePlus 8 5G UW (Verizon) | Main=48.0MP | Selfie=16.0MP | AnTuTu=None | Price=$None | IP=IP68 | Populated=49/68 fields
2026-05-28 22:36:47,738 | INFO |   💾 [88/145] saved
2026-05-28 22:36:47,739 | INFO | 
  [125/145]
2026-05-28 22:36:47,739 | INFO |   ⏳ 29.0s (req #167)
2026-05-28 22:37:17,834 | INFO |   GET https://www.gsmarena.com/oneplus_8_5g_(t_mobile)-10229.php → 200
2026-05-28 22:37:17,863 | INFO |       📱 OnePlus 8 5G (T-Mobile) | Main=48.0MP | Selfie=16.0MP | AnTuTu=None | Price=$None | IP=IP68 | Populated=49/68 fields
2026-05-28 22:37:17,867 | INFO |   💾 [89/145] saved
2026-05-28 22:37:17,867 | INFO | 
  [126/145]
2026-05-28 22:37:17,867 | INFO |   ⏳ 18.3s (req #168)
2026-05-28 22:37:37,112 | INFO |   GET https://www.gsmarena.com/oneplus_7t_pro_5g_mclaren-9928.php → 200
2026-05-28 22:37:37,129 | INFO |       📱 OnePlus 7T Pro 5G McLaren | Main=48.0MP | Selfie=16.0MP | AnTuTu=None | Price=$None | IP=None | Populated=50/68 fields
2026-05-28 22:37:37,132 | INFO |   💾 [90/145] saved
2026-05-28 22:37:37,132 | INFO | 
  [127/145]
2026-05-28 22:37:37,132 | INFO |   ⏳ 31.8s (req #169)
2026-05-28 22:38:10,164 | INFO |   GET https://www.gsmarena.com/oneplus_7t_pro-9872.php → 200
2026-05-28 22:38:10,197 | INFO |       📱 OnePlus 7T Pro | Main=48.0MP | Selfie=16.0MP | AnTuTu=395868 | Price=$None | IP=None | Populated=51/68 fields
2026-05-28 22:38:10,200 | INFO |   💾 [91/145] saved
2026-05-28 22:38:10,201 | INFO | 
  [128/145]
2026-05-28 22:38:10,201 | INFO |   ⏳ 26.6s (req #170)
2026-05-28 22:38:37,861 | INFO |   GET https://www.gsmarena.com/oneplus_7t-9816.php → 200
2026-05-28 22:38:37,891 | INFO |       📱 OnePlus 7T | Main=48.0MP | Selfie=16.0MP | AnTuTu=391545 | Price=$None | IP=None | Populated=51/68 fields
2026-05-28 22:38:37,894 | INFO |   💾 [92/145] saved
2026-05-28 22:38:37,894 | INFO | 
  [129/145]
2026-05-28 22:38:37,895 | INFO |   ⏳ 17.0s (req #171)
2026-05-28 22:38:55,988 | INFO |   GET https://www.gsmarena.com/oneplus_7_pro_5g-9704.php → 200
2026-05-28 22:38:56,017 | INFO |       📱 OnePlus 7 Pro 5G | Main=48.0MP | Selfie=16.0MP | AnTuTu=None | Price=$None | IP=None | Populated=50/68 fields
2026-05-28 22:38:56,021 | INFO |   💾 [93/145] saved
2026-05-28 22:38:56,021 | INFO | 
  [130/145]
2026-05-28 22:38:56,021 | INFO |   ⏳ 42.8s (req #172)
2026-05-28 22:39:40,252 | INFO |   GET https://www.gsmarena.com/oneplus_7_pro-9689.php → 200
2026-05-28 22:39:40,279 | INFO |       📱 OnePlus 7 Pro | Main=48.0MP | Selfie=16.0MP | AnTuTu=364025 | Price=$None | IP=None | Populated=53/68 fields
2026-05-28 22:39:40,284 | INFO |   💾 [94/145] saved
2026-05-28 22:39:40,284 | INFO | 
  [131/145]
2026-05-28 22:39:40,284 | INFO |   ⏳ 41.3s (req #173)
2026-05-28 22:40:22,654 | INFO |   GET https://www.gsmarena.com/oneplus_7-9623.php → 200
2026-05-28 22:40:22,692 | INFO |       📱 OnePlus 7 | Main=48.0MP | Selfie=16.0MP | AnTuTu=367812 | Price=$None | IP=None | Populated=51/68 fields
2026-05-28 22:40:22,696 | INFO |   💾 [95/145] saved
2026-05-28 22:40:22,697 | INFO | 
  [132/145]
2026-05-28 22:40:22,697 | INFO |   ⏳ 36.3s (req #174)
2026-05-28 22:41:00,327 | INFO |   GET https://www.gsmarena.com/oneplus_6t_mclaren-9469.php → 200
2026-05-28 22:41:00,355 | INFO |       📱 OnePlus 6T McLaren | Main=16.0MP | Selfie=16.0MP | AnTuTu=292716 | Price=$None | IP=None | Populated=49/68 fields
2026-05-28 22:41:00,359 | INFO |   💾 [96/145] saved
2026-05-28 22:41:00,359 | INFO | 
  [133/145]
2026-05-28 22:41:00,359 | INFO |   ⏳ 18.7s (req #175)
2026-05-28 22:41:20,143 | INFO |   GET https://www.gsmarena.com/oneplus_6t-9350.php → 200
2026-05-28 22:41:20,176 | INFO |       📱 OnePlus 6T | Main=16.0MP | Selfie=16.0MP | AnTuTu=293994 | Price=$None | IP=None | Populated=50/68 fields
2026-05-28 22:41:20,180 | INFO |   💾 [97/145] saved
2026-05-28 22:41:20,180 | INFO | 
  [134/145]
2026-05-28 22:41:20,180 | INFO |   ⏳ 25.8s (req #176)
2026-05-28 22:41:47,241 | INFO |   GET https://www.gsmarena.com/oneplus_6-9109.php → 200
2026-05-28 22:41:47,275 | INFO |       📱 OnePlus 6 | Main=16.0MP | Selfie=16.0MP | AnTuTu=264200 | Price=$None | IP=None | Populated=51/68 fields
2026-05-28 22:41:47,279 | INFO |   💾 [98/145] saved
2026-05-28 22:41:47,279 | INFO | 
  [135/145]
2026-05-28 22:41:47,279 | INFO |   ⏳ 34.8s (req #177)
2026-05-28 22:42:23,678 | INFO |   GET https://www.gsmarena.com/oneplus_5t-8912.php → 200
2026-05-28 22:42:23,707 | INFO |       📱 OnePlus 5T | Main=16.0MP | Selfie=16.0MP | AnTuTu=207072 | Price=$None | IP=None | Populated=50/68 fields
2026-05-28 22:42:23,710 | INFO |   💾 [99/145] saved
2026-05-28 22:42:23,710 | INFO | 
  [136/145]
2026-05-28 22:42:23,710 | INFO |   ⏳ 38.1s (req #178)
2026-05-28 22:43:02,909 | INFO |   GET https://www.gsmarena.com/oneplus_5-8647.php → 200
2026-05-28 22:43:02,948 | INFO |       📱 OnePlus 5 | Main=16.0MP | Selfie=16.0MP | AnTuTu=None | Price=$None | IP=None | Populated=48/68 fields
2026-05-28 22:43:02,953 | INFO |   💾 [100/145] saved
2026-05-28 22:43:02,953 | INFO | 
  [137/145]
2026-05-28 22:43:02,953 | INFO |   ⏳ 39.6s (req #179)
2026-05-28 22:43:43,912 | INFO |   GET https://www.gsmarena.com/oneplus_3t-8416.php → 200
2026-05-28 22:43:43,960 | INFO |       📱 OnePlus 3T | Main=16.0MP | Selfie=16.0MP | AnTuTu=171678 | Price=$None | IP=None | Populated=49/68 fields
2026-05-28 22:43:43,964 | INFO |   💾 [101/145] saved
2026-05-28 22:43:43,965 | INFO | 
  [138/145]
2026-05-28 22:43:43,965 | INFO |   ☕ Long pause 173s ...
2026-05-28 22:46:37,573 | INFO |   GET https://www.gsmarena.com/oneplus_3-7995.php → 200
2026-05-28 22:46:37,619 | INFO |       📱 OnePlus 3 | Main=16.0MP | Selfie=8.0MP | AnTuTu=None | Price=$None | IP=None | Populated=47/68 fields
2026-05-28 22:46:37,621 | INFO |   💾 [102/145] saved
2026-05-28 22:46:37,622 | INFO | 
  [139/145]
2026-05-28 22:46:37,622 | INFO |   ⏳ 29.7s (req #181)
2026-05-28 22:47:08,377 | INFO |   GET https://www.gsmarena.com/oneplus_x-7630.php → 200
2026-05-28 22:47:08,397 | INFO |       📱 OnePlus X | Main=13.0MP | Selfie=8.0MP | AnTuTu=None | Price=$None | IP=None | Populated=46/68 fields
2026-05-28 22:47:08,399 | INFO |   💾 [103/145] saved
2026-05-28 22:47:08,400 | INFO | 
  [140/145]
2026-05-28 22:47:08,400 | INFO |   ⏳ 45.0s (req #182)
2026-05-28 22:47:54,533 | INFO |   GET https://www.gsmarena.com/oneplus_2-6902.php → 200
2026-05-28 22:47:54,563 | INFO |       📱 OnePlus 2 | Main=13.0MP | Selfie=5.0MP | AnTuTu=None | Price=$None | IP=None | Populated=47/68 fields
2026-05-28 22:47:54,567 | INFO |   💾 [104/145] saved
2026-05-28 22:47:54,567 | INFO | 
  [141/145]
2026-05-28 22:47:54,568 | INFO |   ⏳ 36.5s (req #183)
2026-05-28 22:48:31,975 | INFO |   GET https://www.gsmarena.com/oneplus_one-6327.php → 200
2026-05-28 22:48:32,002 | INFO |       📱 OnePlus One | Main=13.0MP | Selfie=5.0MP | AnTuTu=None | Price=$None | IP=None | Populated=47/68 fields
2026-05-28 22:48:32,005 | INFO |   💾 [105/145] saved
2026-05-28 22:48:32,005 | INFO | 
  [142/145]
2026-05-28 22:48:32,005 | INFO |   ⏳ 39.1s (req #184)
2026-05-28 22:49:12,022 | INFO |   GET https://www.gsmarena.com/oneplus_v_fold-12391.php → 200
2026-05-28 22:49:12,048 | INFO |       📱 OnePlus V Fold | Main=48.0MP | Selfie=20.0MP | AnTuTu=None | Price=$None | IP=None | Populated=41/68 fields
2026-05-28 22:49:12,053 | INFO |   💾 [106/145] saved
2026-05-28 22:49:12,053 | INFO | 
  [143/145]
2026-05-28 22:49:12,053 | INFO |   ⏳ 30.3s (req #185)
2026-05-28 22:49:43,173 | INFO |   GET https://www.gsmarena.com/oneplus_nord_2_lite-11530.php → 200
2026-05-28 22:49:43,213 | INFO |       📱 OnePlus Nord 2 Lite | Main=64.0MP | Selfie=16.0MP | AnTuTu=None | Price=$None | IP=None | Populated=47/68 fields
2026-05-28 22:49:43,216 | INFO |   💾 [107/145] saved
2026-05-28 22:49:43,216 | INFO | 
  [144/145]
2026-05-28 22:49:43,216 | INFO |   ⏳ 18.7s (req #186)
2026-05-28 22:50:02,942 | INFO |   GET https://www.gsmarena.com/oneplus_9e-10746.php → 200
2026-05-28 22:50:02,962 | INFO |       📱 OnePlus 9E | Main=64.0MP | Selfie=16.0MP | AnTuTu=None | Price=$None | IP=None | Populated=44/68 fields
2026-05-28 22:50:02,965 | INFO |   💾 [108/145] saved
2026-05-28 22:50:02,965 | INFO | 
  [145/145]
2026-05-28 22:50:02,965 | INFO |   ⏳ 19.5s (req #187)
2026-05-28 22:50:23,483 | INFO |   GET https://www.gsmarena.com/oneplus_open_2-13597.php → 200
2026-05-28 22:50:23,502 | INFO |       📱 OnePlus Open 2 | Main=50.0MP | Selfie=20.0MP | AnTuTu=None | Price=$None | IP=None | Populated=45/68 fields
2026-05-28 22:50:23,528 | INFO |   💾 [109/145] saved
2026-05-28 22:50:23,529 | INFO |   ✅ Oneplus — 109 phones saved
2026-05-28 22:50:23,529 | INFO | 
============================================================
2026-05-28 22:50:23,529 | INFO | [4/4] Samsung (1456 phones)
2026-05-28 22:50:23,529 | INFO | Elapsed: 113min
2026-05-28 22:50:23,529 | INFO | ============================================================
2026-05-28 22:50:23,530 | INFO |   ⏳ 26.3s (req #188)
2026-05-28 22:50:50,856 | INFO |   GET https://www.gsmarena.com/samsung-phones-9.php → 200
2026-05-28 22:50:50,890 | INFO |   ⏳ 44.2s (req #189)
2026-05-28 22:51:36,064 | INFO |   GET https://www.gsmarena.com/# → 200
2026-05-28 22:51:36,094 | INFO |   ⏳ 18.9s (req #190)
2026-05-28 22:51:55,978 | INFO |   GET https://www.gsmarena.com/samsung-phones-f-9-0-p2.php → 200
2026-05-28 22:51:55,991 | INFO |   ⏳ 23.2s (req #191)
2026-05-28 22:52:19,993 | INFO |   GET https://www.gsmarena.com/samsung-phones-f-9-0-p29.php → 200
2026-05-28 22:52:20,004 | INFO |     ✅ 184 links for Samsung
2026-05-28 22:52:20,004 | INFO | 
  [1/184]
2026-05-28 22:52:20,005 | INFO |   ⏳ 41.2s (req #192)
2026-05-28 22:53:02,358 | INFO |   GET https://www.gsmarena.com/samsung_galaxy_a57_5g-14379.php → 200
2026-05-28 22:53:02,382 | INFO |       📱 Samsung Galaxy A57 | Main=50.0MP | Selfie=12.0MP | AnTuTu=1001995 | Price=$489.99 | IP=IP68 | Populated=63/68 fields
2026-05-28 22:53:02,386 | INFO |   💾 [1/184] saved
2026-05-28 22:53:02,386 | INFO | 
  [2/184]
2026-05-28 22:53:02,386 | INFO |   ⏳ 31.5s (req #193)
2026-05-28 22:53:35,345 | INFO |   GET https://www.gsmarena.com/samsung_galaxy_a37_5g-14378.php → 200
2026-05-28 22:53:35,369 | INFO |       📱 Samsung Galaxy A37 | Main=50.0MP | Selfie=12.0MP | AnTuTu=697795 | Price=$299.99 | IP=IP68 | Populated=63/68 fields
2026-05-28 22:53:35,371 | INFO |   💾 [2/184] saved
2026-05-28 22:53:35,371 | INFO | 
  [3/184]
2026-05-28 22:53:35,372 | INFO |   ⏳ 34.6s (req #194)
2026-05-28 22:54:11,076 | INFO |   GET https://www.gsmarena.com/samsung_galaxy_m17e_5g-14534.php → 200
2026-05-28 22:54:11,096 | INFO |       📱 Samsung Galaxy M17e | Main=50.0MP | Selfie=8.0MP | AnTuTu=None | Price=$None | IP=IP54 | Populated=49/68 fields
2026-05-28 22:54:11,099 | INFO |   💾 [3/184] saved
2026-05-28 22:54:11,099 | INFO | 
  [4/184]
2026-05-28 22:54:11,099 | INFO |   ⏳ 20.9s (req #195)
2026-05-28 22:54:33,073 | INFO |   GET https://www.gsmarena.com/samsung_galaxy_s26_ultra_5g-14320.php → 200
2026-05-28 22:54:33,128 | INFO |       📱 Samsung Galaxy S26 Ultra | Main=200.0MP | Selfie=12.0MP | AnTuTu=2627986 | Price=$1049.99 | IP=IP68 | Populated=66/68 fields
2026-05-28 22:54:33,131 | INFO |   💾 [4/184] saved
2026-05-28 22:54:33,131 | INFO | 
  [5/184]
2026-05-28 22:54:33,131 | INFO |   ⏳ 19.8s (req #196)
2026-05-28 22:54:54,086 | INFO |   GET https://www.gsmarena.com/samsung_galaxy_s26+_5g-14457.php → 200
2026-05-28 22:54:54,110 | INFO |       📱 Samsung Galaxy S26+ | Main=50.0MP | Selfie=12.0MP | AnTuTu=2459298 | Price=$1010.0 | IP=IP68 | Populated=66/68 fields
2026-05-28 22:54:54,113 | INFO |   💾 [5/184] saved
2026-05-28 22:54:54,113 | INFO | 
  [6/184]
2026-05-28 22:54:54,113 | INFO |   ⏳ 25.6s (req #197)
2026-05-28 22:55:20,747 | INFO |   GET https://www.gsmarena.com/samsung_galaxy_s26_5g-14456.php → 200
2026-05-28 22:55:20,768 | INFO |       📱 Samsung Galaxy S26 | Main=50.0MP | Selfie=12.0MP | AnTuTu=2441481 | Price=$720.0 | IP=IP68 | Populated=66/68 fields
2026-05-28 22:55:20,771 | INFO |   💾 [6/184] saved
2026-05-28 22:55:20,771 | INFO | 
  [7/184]
2026-05-28 22:55:20,772 | INFO |   ⏳ 41.6s (req #198)
2026-05-28 22:56:03,508 | INFO |   GET https://www.gsmarena.com/samsung_galaxy_f70e_5g-14459.php → 200
2026-05-28 22:56:03,528 | INFO |       📱 Samsung Galaxy F70e | Main=50.0MP | Selfie=8.0MP | AnTuTu=None | Price=$None | IP=IP54 | Populated=49/68 fields
2026-05-28 22:56:03,531 | INFO |   💾 [7/184] saved
2026-05-28 22:56:03,531 | INFO | 
  [8/184]
2026-05-28 22:56:03,531 | INFO |   ⏳ 44.9s (req #199)
2026-05-28 22:56:49,435 | INFO |   GET https://www.gsmarena.com/samsung_galaxy_a07_5g-14409.php → 200
2026-05-28 22:56:49,485 | INFO |       📱 Samsung Galaxy A07 | Main=50.0MP | Selfie=8.0MP | AnTuTu=None | Price=$None | IP=IP54 | Populated=49/68 fields
2026-05-28 22:56:49,488 | INFO |   💾 [8/184] saved
2026-05-28 22:56:49,488 | INFO | 
  [9/184]
2026-05-28 22:56:49,489 | INFO |   ⏳ 36.2s (req #200)
2026-05-28 22:57:26,966 | INFO |   GET https://www.gsmarena.com/samsung_galaxy_z_trifold_5g-14292.php → 200
2026-05-28 22:57:26,989 | INFO |       📱 Samsung Galaxy Z TriFold | Main=200.0MP | Selfie=10.0MP | AnTuTu=None | Price=$None | IP=IP48 | Populated=54/68 fields
2026-05-28 22:57:26,992 | INFO |   💾 [9/184] saved
2026-05-28 22:57:26,992 | INFO | 
  [10/184]
2026-05-28 22:57:26,992 | INFO |   ⏳ 35.0s (req #201)
2026-05-28 22:58:03,103 | INFO |   GET https://www.gsmarena.com/samsung_galaxy_m17_5g-14221.php → 200
2026-05-28 22:58:03,127 | INFO |       📱 Samsung Galaxy M17 | Main=50.0MP | Selfie=13.0MP | AnTuTu=None | Price=$None | IP=IP54 | Populated=49/68 fields
2026-05-28 22:58:03,130 | INFO |   💾 [10/184] saved
2026-05-28 22:58:03,131 | INFO | 
  [11/184]
2026-05-28 22:58:03,131 | INFO |   ⏳ 15.7s (req #202)
2026-05-28 22:58:19,760 | INFO |   GET https://www.gsmarena.com/samsung_galaxy_f07-14205.php → 200
2026-05-28 22:58:19,783 | INFO |       📱 Samsung Galaxy F07 | Main=50.0MP | Selfie=8.0MP | AnTuTu=None | Price=$None | IP=IP54 | Populated=49/68 fields
2026-05-28 22:58:19,786 | INFO |   💾 [11/184] saved
2026-05-28 22:58:19,786 | INFO | 
  [12/184]
2026-05-28 22:58:19,786 | INFO |   ⏳ 43.3s (req #203)
2026-05-28 22:59:04,192 | INFO |   GET https://www.gsmarena.com/samsung_galaxy_m07-14100.php → 200
2026-05-28 22:59:04,212 | INFO |       📱 Samsung Galaxy M07 | Main=50.0MP | Selfie=8.0MP | AnTuTu=None | Price=$54.98 | IP=IP54 | Populated=50/68 fields
2026-05-28 22:59:04,215 | INFO |   💾 [12/184] saved
2026-05-28 22:59:04,215 | INFO | 
  [13/184]
2026-05-28 22:59:04,216 | INFO |   ⏳ 32.1s (req #204)
2026-05-28 22:59:37,242 | INFO |   GET https://www.gsmarena.com/samsung_galaxy_a17-14157.php → 200
2026-05-28 22:59:37,270 | INFO |       📱 Samsung Galaxy A17 4G | Main=50.0MP | Selfie=13.0MP | AnTuTu=None | Price=$145.0 | IP=IP54 | Populated=52/68 fields
2026-05-28 22:59:37,273 | INFO |   💾 [13/184] saved
2026-05-28 22:59:37,273 | INFO | 
  [14/184]
2026-05-28 22:59:37,273 | INFO |   ⏳ 41.9s (req #205)
2026-05-28 23:00:20,124 | INFO |   GET https://www.gsmarena.com/samsung_galaxy_tab_a11+-14192.php → 200
2026-05-28 23:00:20,143 | INFO |       📱 Samsung Galaxy Tab A11+ | Main=8.0MP | Selfie=5.0MP | AnTuTu=None | Price=$209.99 | IP=None | Populated=45/68 fields
2026-05-28 23:00:20,147 | INFO |   💾 [14/184] saved
2026-05-28 23:00:20,147 | INFO | 
  [15/184]
2026-05-28 23:00:20,147 | INFO |   ⏳ 34.6s (req #206)
2026-05-28 23:00:55,862 | INFO |   GET https://www.gsmarena.com/samsung_galaxy_tab_a11-14141.php → 200
2026-05-28 23:00:55,883 | INFO |       📱 Samsung Galaxy Tab A11 | Main=8.0MP | Selfie=5.0MP | AnTuTu=None | Price=$None | IP=None | Populated=43/68 fields
2026-05-28 23:00:55,886 | INFO |   💾 [15/184] saved
2026-05-28 23:00:55,886 | INFO | 
  [16/184]
2026-05-28 23:00:55,886 | INFO |   ⏳ 38.8s (req #207)
2026-05-28 23:01:35,651 | INFO |   GET https://www.gsmarena.com/samsung_galaxy_f17_5g-14107.php → 200
2026-05-28 23:01:35,669 | INFO |       📱 Samsung Galaxy F17 | Main=50.0MP | Selfie=13.0MP | AnTuTu=None | Price=$None | IP=IP54 | Populated=50/68 fields
2026-05-28 23:01:35,672 | INFO |   💾 [16/184] saved
2026-05-28 23:01:35,673 | INFO | 
  [17/184]
2026-05-28 23:01:35,673 | INFO |   ⏳ 44.2s (req #208)
2026-05-28 23:02:20,924 | INFO |   GET https://www.gsmarena.com/samsung_galaxy_s25_fe_5g-14042.php → 200
2026-05-28 23:02:20,953 | INFO |       📱 Samsung Galaxy S25 FE | Main=50.0MP | Selfie=12.0MP | AnTuTu=1521140 | Price=$310.0 | IP=IP68 | Populated=64/68 fields
2026-05-28 23:02:20,956 | INFO |   💾 [17/184] saved
2026-05-28 23:02:20,956 | INFO | 
  [18/184]
2026-05-28 23:02:20,956 | INFO |   ⏳ 20.6s (req #209)
2026-05-28 23:02:42,552 | INFO |   GET https://www.gsmarena.com/samsung_galaxy_tab_s11_ultra_5g-14057.php → 200
2026-05-28 23:02:42,580 | INFO |       📱 Samsung Galaxy Tab S11 Ultra | Main=13.0MP | Selfie=12.0MP | AnTuTu=None | Price=$1059.5 | IP=IP68 | Populated=54/68 fields
2026-05-28 23:02:42,583 | INFO |   💾 [18/184] saved
2026-05-28 23:02:42,584 | INFO | 
  [19/184]
2026-05-28 23:02:42,584 | INFO |   ☕ Long pause 199s ...
2026-05-28 23:06:02,402 | INFO |   GET https://www.gsmarena.com/samsung_galaxy_tab_s11_5g-14058.php → 200
2026-05-28 23:06:02,422 | INFO |       📱 Samsung Galaxy Tab S11 | Main=13.0MP | Selfie=12.0MP | AnTuTu=None | Price=$None | IP=IP68 | Populated=51/68 fields
2026-05-28 23:06:02,425 | INFO |   💾 [19/184] saved
2026-05-28 23:06:02,425 | INFO | 
  [20/184]
2026-05-28 23:06:02,426 | INFO |   ⏳ 41.2s (req #211)
2026-05-28 23:06:44,896 | INFO |   GET https://www.gsmarena.com/samsung_galaxy_tab_s10_lite_5g-14059.php → 200
2026-05-28 23:06:44,932 | INFO |       📱 Samsung Galaxy Tab S10 Lite | Main=8.0MP | Selfie=5.0MP | AnTuTu=None | Price=$None | IP=None | Populated=43/68 fields
2026-05-28 23:06:44,937 | INFO |   💾 [20/184] saved
2026-05-28 23:06:44,937 | INFO | 
  [21/184]
2026-05-28 23:06:44,938 | INFO |   ⏳ 23.4s (req #212)
2026-05-28 23:07:09,612 | INFO |   GET https://www.gsmarena.com/samsung_galaxy_a07-14066.php → 200
2026-05-28 23:07:09,646 | INFO |       📱 Samsung Galaxy A07 4G | Main=50.0MP | Selfie=8.0MP | AnTuTu=394421 | Price=$92.72 | IP=IP54 | Populated=57/68 fields
2026-05-28 23:07:09,650 | INFO |   💾 [21/184] saved
2026-05-28 23:07:09,650 | INFO | 
  [22/184]
2026-05-28 23:07:09,650 | INFO |   ⏳ 34.4s (req #213)
2026-05-28 23:07:44,954 | INFO |   GET https://www.gsmarena.com/samsung_galaxy_a17_5g-14041.php → 200
2026-05-28 23:07:44,971 | INFO |       📱 Samsung Galaxy A17 | Main=50.0MP | Selfie=13.0MP | AnTuTu=435787 | Price=$99.88 | IP=IP54 | Populated=59/68 fields
2026-05-28 23:07:44,974 | INFO |   💾 [22/184] saved
2026-05-28 23:07:44,974 | INFO | 
  [23/184]
2026-05-28 23:07:44,974 | INFO |   ⏳ 28.4s (req #214)
2026-05-28 23:08:14,491 | INFO |   GET https://www.gsmarena.com/samsung_galaxy_f36_5g-14009.php → 200
2026-05-28 23:08:14,511 | INFO |       📱 Samsung Galaxy F36 | Main=50.0MP | Selfie=13.0MP | AnTuTu=None | Price=$None | IP=None | Populated=53/68 fields
2026-05-28 23:08:14,513 | INFO |   💾 [23/184] saved
2026-05-28 23:08:14,513 | INFO | 
  [24/184]
2026-05-28 23:08:14,514 | INFO |   ⏳ 36.0s (req #215)
2026-05-28 23:08:51,776 | INFO |   GET https://www.gsmarena.com/samsung_galaxy_z_fold7-13826.php → 200
2026-05-28 23:08:51,817 | INFO |       📱 Samsung Galaxy Z Fold7 | Main=200.0MP | Selfie=10.0MP | AnTuTu=1995132 | Price=$827.0 | IP=IP48 | Populated=66/68 fields
2026-05-28 23:08:51,831 | INFO |   💾 [24/184] saved
2026-05-28 23:08:51,832 | INFO | 
  [25/184]
2026-05-28 23:08:51,832 | INFO |   ⏳ 35.2s (req #216)
2026-05-28 23:09:28,423 | INFO |   GET https://www.gsmarena.com/samsung_galaxy_z_flip7-13712.php → 200
2026-05-28 23:09:28,456 | INFO |       📱 Samsung Galaxy Z Flip7 | Main=50.0MP | Selfie=10.0MP | AnTuTu=1513134 | Price=$489.95 | IP=IP48 | Populated=66/68 fields
2026-05-28 23:09:28,461 | INFO |   💾 [25/184] saved
2026-05-28 23:09:28,461 | INFO | 
  [26/184]
2026-05-28 23:09:28,461 | INFO |   ⏳ 25.0s (req #217)
2026-05-28 23:09:54,944 | INFO |   GET https://www.gsmarena.com/samsung_galaxy_z_flip7_fe_5g-13844.php → 200
2026-05-28 23:09:54,982 | INFO |       📱 Samsung Galaxy Z Flip7 FE | Main=50.0MP | Selfie=10.0MP | AnTuTu=1355845 | Price=$431.13 | IP=IP48 | Populated=64/68 fields
2026-05-28 23:09:54,986 | INFO |   💾 [26/184] saved
2026-05-28 23:09:54,986 | INFO | 
  [27/184]
2026-05-28 23:09:54,986 | INFO |   ⏳ 28.5s (req #218)
2026-05-28 23:10:24,741 | INFO |   GET https://www.gsmarena.com/samsung_galaxy_watch8_classic-13998.php → 200
2026-05-28 23:10:24,776 | INFO |       📱 Samsung Galaxy Watch8 Classic | Main=NoneMP | Selfie=NoneMP | AnTuTu=None | Price=$None | IP=IP68 | Populated=39/68 fields
2026-05-28 23:10:24,780 | INFO |   💾 [27/184] saved
2026-05-28 23:10:24,780 | INFO | 
  [28/184]
2026-05-28 23:10:24,781 | INFO |   ⏳ 29.1s (req #219)
2026-05-28 23:10:55,163 | INFO |   GET https://www.gsmarena.com/samsung_galaxy_watch8-13997.php → 200
2026-05-28 23:10:55,265 | INFO |       📱 Samsung Galaxy Watch8 | Main=NoneMP | Selfie=NoneMP | AnTuTu=None | Price=$345.99 | IP=IP68 | Populated=39/68 fields
2026-05-28 23:10:55,268 | INFO |   💾 [28/184] saved
2026-05-28 23:10:55,268 | INFO | 
  [29/184]
2026-05-28 23:10:55,268 | INFO |   ⏳ 27.2s (req #220)
2026-05-28 23:11:23,619 | INFO |   GET https://www.gsmarena.com/samsung_galaxy_m36_5g-13967.php → 200
2026-05-28 23:11:23,640 | INFO |       📱 Samsung Galaxy M36 | Main=50.0MP | Selfie=13.0MP | AnTuTu=None | Price=$None | IP=None | Populated=54/68 fields
2026-05-28 23:11:23,643 | INFO |   💾 [29/184] saved
2026-05-28 23:11:23,643 | INFO | 
  [30/184]
2026-05-28 23:11:23,643 | INFO |   ⏳ 19.6s (req #221)
2026-05-28 23:11:44,364 | INFO |   GET https://www.gsmarena.com/samsung_galaxy_s25_edge-13506.php → 200
2026-05-28 23:11:44,401 | INFO |       📱 Samsung Galaxy S25 Edge | Main=200.0MP | Selfie=12.0MP | AnTuTu=2147084 | Price=$422.99 | IP=IP68 | Populated=64/68 fields
2026-05-28 23:11:44,406 | INFO |   💾 [30/184] saved
2026-05-28 23:11:44,406 | INFO | 
  [31/184]
2026-05-28 23:11:44,406 | INFO |   ⏳ 26.9s (req #222)
2026-05-28 23:12:13,039 | INFO |   GET https://www.gsmarena.com/samsung_galaxy_f56_5g-13855.php → 200
2026-05-28 23:12:13,069 | INFO |       📱 Samsung Galaxy F56 | Main=50.0MP | Selfie=12.0MP | AnTuTu=None | Price=$None | IP=None | Populated=50/68 fields
2026-05-28 23:12:13,074 | INFO |   💾 [31/184] saved
2026-05-28 23:12:13,074 | INFO | 
  [32/184]
2026-05-28 23:12:13,075 | INFO |   ⏳ 34.2s (req #223)
2026-05-28 23:12:48,367 | INFO |   GET https://www.gsmarena.com/samsung_galaxy_m56_5g-13801.php → 200
2026-05-28 23:12:48,400 | INFO |       📱 Samsung Galaxy M56 | Main=50.0MP | Selfie=12.0MP | AnTuTu=None | Price=$None | IP=None | Populated=49/68 fields
2026-05-28 23:12:48,404 | INFO |   💾 [32/184] saved
2026-05-28 23:12:48,404 | INFO | 
  [33/184]
2026-05-28 23:12:48,404 | INFO |   ⏳ 19.7s (req #224)
2026-05-28 23:13:09,179 | INFO |   GET https://www.gsmarena.com/samsung_galaxy_xcover7_pro-13780.php → 200
2026-05-28 23:13:09,219 | INFO |       📱 Samsung Galaxy XCover7 Pro | Main=50.0MP | Selfie=13.0MP | AnTuTu=None | Price=$389.89 | IP=IP68 | Populated=51/68 fields
2026-05-28 23:13:09,223 | INFO |   💾 [33/184] saved
2026-05-28 23:13:09,223 | INFO | 
  [34/184]
2026-05-28 23:13:09,223 | INFO |   ⏳ 32.9s (req #225)
2026-05-28 23:13:43,273 | INFO |   GET https://www.gsmarena.com/samsung_galaxy_tab_active5_pro-13790.php → 200
2026-05-28 23:13:43,306 | INFO |       📱 Samsung Galaxy Tab Active5 Pro | Main=12.0MP | Selfie=8.0MP | AnTuTu=None | Price=$None | IP=IP68 | Populated=47/68 fields
2026-05-28 23:13:43,311 | INFO |   💾 [34/184] saved
2026-05-28 23:13:43,311 | INFO | 
  [35/184]
2026-05-28 23:13:43,311 | INFO |   ⏳ 30.9s (req #226)
2026-05-28 23:14:15,326 | INFO |   GET https://www.gsmarena.com/samsung_galaxy_tab_s10_fe+-13760.php → 200
2026-05-28 23:14:15,360 | INFO |       📱 Samsung Galaxy Tab S10 FE+ | Main=13.0MP | Selfie=12.0MP | AnTuTu=None | Price=$None | IP=IP68 | Populated=48/68 fields
2026-05-28 23:14:15,364 | INFO |   💾 [35/184] saved
2026-05-28 23:14:15,364 | INFO | 
  [36/184]
2026-05-28 23:14:15,365 | INFO |   ⏳ 33.5s (req #227)
2026-05-28 23:14:50,078 | INFO |   GET https://www.gsmarena.com/samsung_galaxy_tab_s10_fe-13761.php → 200
2026-05-28 23:14:50,113 | INFO |       📱 Samsung Galaxy Tab S10 FE | Main=13.0MP | Selfie=12.0MP | AnTuTu=None | Price=$None | IP=IP68 | Populated=48/68 fields
2026-05-28 23:14:50,118 | INFO |   💾 [36/184] saved
2026-05-28 23:14:50,118 | INFO | 
  [37/184]
2026-05-28 23:14:50,118 | INFO |   ⏳ 34.7s (req #228)
2026-05-28 23:15:25,889 | INFO |   GET https://www.gsmarena.com/samsung_galaxy_f16-13721.php → 200
2026-05-28 23:15:25,920 | INFO |       📱 Samsung Galaxy F16 | Main=50.0MP | Selfie=13.0MP | AnTuTu=None | Price=$None | IP=IP54 | Populated=48/68 fields
2026-05-28 23:15:25,925 | INFO |   💾 [37/184] saved
2026-05-28 23:15:25,925 | INFO |   [38/184] SKIP samsung_galaxy_a56-13603.php
2026-05-28 23:15:25,925 | INFO | 
  [39/184]
2026-05-28 23:15:25,925 | INFO |   ⏳ 18.9s (req #229)
2026-05-28 23:15:45,919 | INFO |   GET https://www.gsmarena.com/samsung_galaxy_a36-13497.php → 200
2026-05-28 23:15:45,967 | INFO |       📱 Samsung Galaxy A36 | Main=50.0MP | Selfie=12.0MP | AnTuTu=613492 | Price=$195.6 | IP=IP67 | Populated=63/68 fields
2026-05-28 23:15:45,971 | INFO |   💾 [38/184] saved
2026-05-28 23:15:45,972 | INFO | 
  [40/184]
2026-05-28 23:15:45,972 | INFO |   ⏳ 38.2s (req #230)
2026-05-28 23:16:25,391 | INFO |   GET https://www.gsmarena.com/samsung_galaxy_a26-13679.php → 200
2026-05-28 23:16:25,427 | INFO |       📱 Samsung Galaxy A26 | Main=50.0MP | Selfie=13.0MP | AnTuTu=579811 | Price=$191.74 | IP=IP67 | Populated=61/68 fields
2026-05-28 23:16:25,431 | INFO |   💾 [39/184] saved
2026-05-28 23:16:25,432 | INFO | 
  [41/184]
2026-05-28 23:16:25,432 | INFO |   ⏳ 23.3s (req #231)
2026-05-28 23:16:49,820 | INFO |   GET https://www.gsmarena.com/samsung_galaxy_m16-13680.php → 200
2026-05-28 23:16:49,856 | INFO |       📱 Samsung Galaxy M16 | Main=50.0MP | Selfie=13.0MP | AnTuTu=None | Price=$None | IP=IP54 | Populated=49/68 fields
2026-05-28 23:16:49,860 | INFO |   💾 [40/184] saved
2026-05-28 23:16:49,860 | INFO | 
  [42/184]
2026-05-28 23:16:49,861 | INFO |   ⏳ 20.6s (req #232)
2026-05-28 23:17:11,558 | INFO |   GET https://www.gsmarena.com/samsung_galaxy_m06-13681.php → 200
2026-05-28 23:17:11,591 | INFO |       📱 Samsung Galaxy M06 | Main=50.0MP | Selfie=8.0MP | AnTuTu=None | Price=$None | IP=None | Populated=48/68 fields
2026-05-28 23:17:11,595 | INFO |   💾 [41/184] saved
2026-05-28 23:17:11,596 | INFO | 
  [43/184]
2026-05-28 23:17:11,596 | INFO |   ⏳ 16.1s (req #233)
2026-05-28 23:17:29,359 | INFO |   GET https://www.gsmarena.com/samsung_galaxy_a06_5g-13662.php → 200
2026-05-28 23:17:29,395 | INFO |       📱 Samsung Galaxy A06 5G | Main=50.0MP | Selfie=8.0MP | AnTuTu=None | Price=$None | IP=IP54 | Populated=50/68 fields
2026-05-28 23:17:29,400 | INFO |   💾 [42/184] saved
2026-05-28 23:17:29,400 | INFO | 
  [44/184]
2026-05-28 23:17:29,400 | INFO |   ⏳ 17.0s (req #234)
2026-05-28 23:17:47,818 | INFO |   GET https://www.gsmarena.com/samsung_galaxy_f06_5g-13663.php → 200
2026-05-28 23:17:47,864 | INFO |       📱 Samsung Galaxy F06 5G | Main=50.0MP | Selfie=8.0MP | AnTuTu=None | Price=$None | IP=None | Populated=47/68 fields
2026-05-28 23:17:47,870 | INFO |   💾 [43/184] saved
2026-05-28 23:17:47,870 | INFO | 
  [45/184]
2026-05-28 23:17:47,871 | INFO |   ⏳ 15.4s (req #235)
2026-05-28 23:18:04,456 | INFO |   GET https://www.gsmarena.com/samsung_galaxy_s25_ultra-13322.php → 200
2026-05-28 23:18:04,553 | INFO |       📱 Samsung Galaxy S25 Ultra | Main=200.0MP | Selfie=12.0MP | AnTuTu=2207809 | Price=$737.95 | IP=IP68 | Populated=66/68 fields
2026-05-28 23:18:04,557 | INFO |   💾 [44/184] saved
2026-05-28 23:18:04,557 | INFO | 
  [46/184]
2026-05-28 23:18:04,558 | INFO |   ⏳ 26.8s (req #236)
2026-05-28 23:18:32,887 | INFO |   GET https://www.gsmarena.com/samsung_galaxy_s25+-13609.php → 200
2026-05-28 23:18:32,942 | INFO |       📱 Samsung Galaxy S25+ | Main=50.0MP | Selfie=12.0MP | AnTuTu=2133477 | Price=$578.88 | IP=IP68 | Populated=65/68 fields
2026-05-28 23:18:32,947 | INFO |   💾 [45/184] saved
2026-05-28 23:18:32,947 | INFO |   [47/184] SKIP samsung_galaxy_s25-13610.php
2026-05-28 23:18:32,947 | INFO | 
  [48/184]
2026-05-28 23:18:32,948 | INFO |   ⏳ 20.6s (req #237)
2026-05-28 23:18:54,950 | INFO |   GET https://www.gsmarena.com/samsung_galaxy_z_fold_special-13452.php → 200
2026-05-28 23:18:54,987 | INFO |       📱 Samsung Galaxy Z Fold Special | Main=200.0MP | Selfie=4.0MP | AnTuTu=None | Price=$None | IP=IP48 | Populated=53/68 fields
2026-05-28 23:18:54,991 | INFO |   💾 [46/184] saved
2026-05-28 23:18:54,992 | INFO | 
  [49/184]
2026-05-28 23:18:54,992 | INFO |   ⏳ 17.4s (req #238)
2026-05-28 23:19:13,685 | INFO |   GET https://www.gsmarena.com/samsung_galaxy_a16-13383.php → 200
2026-05-28 23:19:13,732 | INFO |       📱 Samsung Galaxy A16 | Main=50.0MP | Selfie=13.0MP | AnTuTu=387422 | Price=$105.0 | IP=IP54 | Populated=57/68 fields
2026-05-28 23:19:13,736 | INFO |   💾 [47/184] saved
2026-05-28 23:19:13,737 | INFO | 
  [50/184]
2026-05-28 23:19:13,737 | INFO |   ⏳ 42.4s (req #239)
2026-05-28 23:19:57,450 | INFO |   GET https://www.gsmarena.com/samsung_galaxy_a16_5g-13346.php → 200
2026-05-28 23:19:57,517 | INFO |       📱 Samsung Galaxy A16 5G | Main=50.0MP | Selfie=13.0MP | AnTuTu=368854 | Price=$89.99 | IP=IP54 | Populated=57/68 fields
2026-05-28 23:19:57,522 | INFO |   💾 [48/184] saved
2026-05-28 23:19:57,523 | INFO |   [51/184] SKIP xiaomi_17t_pro_5g-14651.php
2026-05-28 23:19:57,523 | INFO |   [52/184] SKIP xiaomi_17t_5g-14652.php
2026-05-28 23:19:57,523 | INFO | 
  [53/184]
2026-05-28 23:19:57,523 | INFO |   ☕ Long pause 247s ...
2026-05-28 23:24:05,268 | INFO |   GET https://www.gsmarena.com/xiaomi_watch_s5-14696.php → 200
2026-05-28 23:24:05,293 | INFO |       📱 Xiaomi Watch S5 | Main=NoneMP | Selfie=NoneMP | AnTuTu=None | Price=$None | IP=None | Populated=24/68 fields
2026-05-28 23:24:05,297 | INFO |   💾 [49/184] saved
2026-05-28 23:24:05,297 | INFO |   [54/184] SKIP zte_nubia_redmagic_11s_pro_5g-14669.php
2026-05-28 23:24:05,297 | INFO |   [55/184] SKIP vivo_s60_5g-14692.php
2026-05-28 23:24:05,297 | INFO |   [56/184] SKIP ulefone_tab_a12_pro-14695.php
2026-05-28 23:24:05,298 | INFO |   [57/184] SKIP xiaomi_17_max_5g-14667.php
2026-05-28 23:24:05,298 | INFO |   [58/184] SKIP vivo_s60_vitality_5g-14693.php
2026-05-28 23:24:05,298 | INFO |   [59/184] SKIP vivo_y600_turbo_5g-14687.php
2026-05-28 23:24:05,298 | INFO |   [60/184] SKIP realme_16t_5g-14674.php
2026-05-28 23:24:05,298 | INFO |   [61/184] SKIP honor_600_5g-14605.php
2026-05-28 23:24:05,299 | INFO |   [62/184] SKIP sony_xperia_1_viii_5g-14660.php
2026-05-28 23:24:05,299 | INFO |   [63/184] SKIP honor_600_pro_5g-14604.php
2026-05-28 23:24:05,299 | INFO |   [64/184] SKIP motorola_moto_g87_5g-14644.php
2026-05-28 23:24:05,299 | INFO |   [65/184] SKIP motorola_moto_g47-14645.php
2026-05-28 23:24:05,300 | INFO |   [66/184] SKIP motorola_razr_70_ultra-14641.php
2026-05-28 23:24:05,300 | INFO |   [67/184] SKIP motorola_razr_70-14643.php
2026-05-28 23:24:05,300 | INFO |   [68/184] SKIP vivo_x300_ultra_5g-14388.php
2026-05-28 23:24:05,300 | INFO |   [69/184] SKIP samsung_galaxy_a57-14379.php
2026-05-28 23:24:05,301 | INFO |   [70/184] SKIP samsung_galaxy_s26_ultra-14320.php
2026-05-28 23:24:05,301 | INFO |   [71/184] SKIP xiaomi_17_max-14667.php
2026-05-28 23:24:05,301 | INFO |   [72/184] SKIP samsung_galaxy_a17-14041.php
2026-05-28 23:24:05,301 | INFO |   [73/184] SKIP sony_xperia_1_viii-14660.php
2026-05-28 23:24:05,302 | INFO |   [74/184] SKIP apple_iphone_17_pro_max-13964.php
2026-05-28 23:24:05,302 | INFO |   [75/184] SKIP xiaomi_redmi_note_15-14328.php
2026-05-28 23:24:05,302 | INFO |   [76/184] SKIP infinix_hot_70-14683.php
2026-05-28 23:24:05,302 | INFO |   [77/184] SKIP xiaomi_17t_pro-14651.php
2026-05-28 23:24:05,302 | INFO |   [78/184] SKIP honor_600_pro-14604.php
2026-05-28 23:24:05,303 | INFO |   [79/184] SKIP xiaomi_15_ultra-13657.php
2026-05-28 23:24:05,303 | INFO |   [80/184] SKIP xiaomi_poco_x7_pro-13582.php
2026-05-28 23:24:05,303 | INFO |   [81/184] SKIP xiaomi_17_pro_max-14181.php
2026-05-28 23:24:05,304 | INFO |   [82/184] SKIP oneplus_15-14206.php
2026-05-28 23:24:05,304 | INFO |   [83/184] SKIP xiaomi_17_ultra-14380.php
2026-05-28 23:24:05,304 | INFO |   [84/184] SKIP oppo_find_x9_pro-14094.php
2026-05-28 23:24:05,304 | INFO | 
  [85/184]
2026-05-28 23:24:05,305 | INFO |   ⏳ 42.8s (req #241)
2026-05-28 23:24:49,426 | INFO |   GET https://www.gsmarena.com/samsung_galaxy_s24_fe-13262.php → 200
2026-05-28 23:24:49,460 | INFO |       📱 Samsung Galaxy S24 FE | Main=50.0MP | Selfie=10.0MP | AnTuTu=1548896 | Price=$225.3 | IP=IP68 | Populated=65/68 fields
2026-05-28 23:24:49,465 | INFO |   💾 [50/184] saved
2026-05-28 23:24:49,466 | INFO | 
  [86/184]
2026-05-28 23:24:49,466 | INFO |   ⏳ 43.8s (req #242)
2026-05-28 23:25:34,536 | INFO |   GET https://www.gsmarena.com/samsung_galaxy_tab_s10_ultra-13362.php → 200
2026-05-28 23:25:34,565 | INFO |       📱 Samsung Galaxy Tab S10 Ultra | Main=13.0MP | Selfie=12.0MP | AnTuTu=None | Price=$None | IP=IP68 | Populated=51/68 fields
2026-05-28 23:25:34,570 | INFO |   💾 [51/184] saved
2026-05-28 23:25:34,570 | INFO | 
  [87/184]
2026-05-28 23:25:34,570 | INFO |   ⏳ 26.7s (req #243)
2026-05-28 23:26:02,496 | INFO |   GET https://www.gsmarena.com/samsung_galaxy_tab_s10+-13363.php → 200
2026-05-28 23:26:02,524 | INFO |       📱 Samsung Galaxy Tab S10+ | Main=13.0MP | Selfie=12.0MP | AnTuTu=None | Price=$None | IP=IP68 | Populated=51/68 fields
2026-05-28 23:26:02,528 | INFO |   💾 [52/184] saved
2026-05-28 23:26:02,528 | INFO | 
  [88/184]
2026-05-28 23:26:02,528 | INFO |   ⏳ 43.6s (req #244)
2026-05-28 23:26:47,092 | INFO |   GET https://www.gsmarena.com/samsung_galaxy_m55s-13354.php → 200
2026-05-28 23:26:47,126 | INFO |       📱 Samsung Galaxy M55s | Main=50.0MP | Selfie=50.0MP | AnTuTu=None | Price=$None | IP=None | Populated=48/68 fields
2026-05-28 23:26:47,130 | INFO |   💾 [53/184] saved
2026-05-28 23:26:47,131 | INFO | 
  [89/184]
2026-05-28 23:26:47,131 | INFO |   ⏳ 32.3s (req #245)
2026-05-28 23:27:20,739 | INFO |   GET https://www.gsmarena.com/samsung_galaxy_f05-13345.php → 200
2026-05-28 23:27:20,765 | INFO |       📱 Samsung Galaxy F05 | Main=50.0MP | Selfie=8.0MP | AnTuTu=None | Price=$None | IP=None | Populated=45/68 fields
2026-05-28 23:27:20,769 | INFO |   💾 [54/184] saved
2026-05-28 23:27:20,769 | INFO | 
  [90/184]
2026-05-28 23:27:20,770 | INFO |   ⏳ 38.9s (req #246)
2026-05-28 23:28:00,698 | INFO |   GET https://www.gsmarena.com/samsung_galaxy_m05-13327.php → 200
2026-05-28 23:28:00,724 | INFO |       📱 Samsung Galaxy M05 | Main=50.0MP | Selfie=8.0MP | AnTuTu=None | Price=$None | IP=None | Populated=45/68 fields
2026-05-28 23:28:00,729 | INFO |   💾 [55/184] saved
2026-05-28 23:28:00,729 | INFO | 
  [91/184]
2026-05-28 23:28:00,730 | INFO |   ⏳ 42.6s (req #247)
2026-05-28 23:28:44,663 | INFO |   GET https://www.gsmarena.com/samsung_galaxy_a06-13265.php → 200
2026-05-28 23:28:44,699 | INFO |       📱 Samsung Galaxy A06 | Main=50.0MP | Selfie=8.0MP | AnTuTu=182064 | Price=$94.0 | IP=None | Populated=56/68 fields
2026-05-28 23:28:44,704 | INFO |   💾 [56/184] saved
2026-05-28 23:28:44,705 | INFO | 
  [92/184]
2026-05-28 23:28:44,705 | INFO |   ⏳ 26.7s (req #248)
2026-05-28 23:29:12,475 | INFO |   GET https://www.gsmarena.com/samsung_galaxy_f14_4g-13247.php → 200
2026-05-28 23:29:12,505 | INFO |       📱 Samsung Galaxy F14 4G | Main=50.0MP | Selfie=13.0MP | AnTuTu=None | Price=$None | IP=None | Populated=45/68 fields
2026-05-28 23:29:12,510 | INFO |   💾 [57/184] saved
2026-05-28 23:29:12,510 | INFO | 
  [93/184]
2026-05-28 23:29:12,510 | INFO |   ⏳ 24.8s (req #249)
2026-05-28 23:29:38,703 | INFO |   GET https://www.gsmarena.com/samsung_galaxy_z_fold6-13147.php → 200
2026-05-28 23:29:38,768 | INFO |       📱 Samsung Galaxy Z Fold6 | Main=50.0MP | Selfie=4.0MP | AnTuTu=1608744 | Price=$599.95 | IP=IP48 | Populated=63/68 fields
2026-05-28 23:29:38,772 | INFO |   💾 [58/184] saved
2026-05-28 23:29:38,772 | INFO | 
  [94/184]
2026-05-28 23:29:38,773 | INFO |   ⏳ 26.4s (req #250)
2026-05-28 23:30:06,877 | INFO |   GET https://www.gsmarena.com/samsung_galaxy_z_flip6-13192.php → 200
2026-05-28 23:30:06,914 | INFO |       📱 Samsung Galaxy Z Flip6 | Main=50.0MP | Selfie=10.0MP | AnTuTu=1400594 | Price=$336.41 | IP=IP48 | Populated=63/68 fields
2026-05-28 23:30:06,919 | INFO |   💾 [59/184] saved
2026-05-28 23:30:06,919 | INFO | 
  [95/184]
2026-05-28 23:30:06,920 | INFO |   ⏳ 23.2s (req #251)
2026-05-28 23:30:31,477 | INFO |   GET https://www.gsmarena.com/samsung_galaxy_watch_ultra-13127.php → 200
2026-05-28 23:30:31,517 | INFO |       📱 Samsung Galaxy Watch Ultra | Main=NoneMP | Selfie=NoneMP | AnTuTu=None | Price=$None | IP=IP68 | Populated=39/68 fields
2026-05-28 23:30:31,522 | INFO |   💾 [60/184] saved
2026-05-28 23:30:31,523 | INFO | 
  [96/184]
2026-05-28 23:30:31,523 | INFO |   ⏳ 24.9s (req #252)
2026-05-28 23:30:57,749 | INFO |   GET https://www.gsmarena.com/samsung_galaxy_watch7-13128.php → 200
2026-05-28 23:30:57,789 | INFO |       📱 Samsung Galaxy Watch7 | Main=NoneMP | Selfie=NoneMP | AnTuTu=None | Price=$204.89 | IP=IP68 | Populated=39/68 fields
2026-05-28 23:30:57,794 | INFO |   💾 [61/184] saved
2026-05-28 23:30:57,794 | INFO | 
  [97/184]
2026-05-28 23:30:57,795 | INFO |   ⏳ 18.3s (req #253)
2026-05-28 23:31:17,376 | INFO |   GET https://www.gsmarena.com/samsung_galaxy_watch_fe-13112.php → 200
2026-05-28 23:31:17,414 | INFO |       📱 Samsung Galaxy Watch FE | Main=NoneMP | Selfie=NoneMP | AnTuTu=None | Price=$None | IP=IP68 | Populated=36/68 fields
2026-05-28 23:31:17,419 | INFO |   💾 [62/184] saved
2026-05-28 23:31:17,419 | INFO | 
  [98/184]
2026-05-28 23:31:17,420 | INFO |   ⏳ 42.7s (req #254)
2026-05-28 23:32:01,480 | INFO |   GET https://www.gsmarena.com/samsung_galaxy_m35-13006.php → 200
2026-05-28 23:32:01,526 | INFO |       📱 Samsung Galaxy M35 | Main=50.0MP | Selfie=13.0MP | AnTuTu=None | Price=$None | IP=None | Populated=53/68 fields
2026-05-28 23:32:01,531 | INFO |   💾 [63/184] saved
2026-05-28 23:32:01,531 | INFO | 
  [99/184]
2026-05-28 23:32:01,531 | INFO |   ⏳ 42.1s (req #255)
2026-05-28 23:32:45,050 | INFO |   GET https://www.gsmarena.com/samsung_galaxy_f55-12885.php → 200
2026-05-28 23:32:45,083 | INFO |       📱 Samsung Galaxy F55 | Main=50.0MP | Selfie=50.0MP | AnTuTu=None | Price=$None | IP=None | Populated=51/68 fields
2026-05-28 23:32:45,088 | INFO |   💾 [64/184] saved
2026-05-28 23:32:45,089 | INFO | 
  [100/184]
2026-05-28 23:32:45,089 | INFO |   ⏳ 32.7s (req #256)
2026-05-28 23:33:18,786 | INFO |   GET https://www.gsmarena.com/samsung_galaxy_c55-12945.php → 200
2026-05-28 23:33:18,813 | INFO |       📱 Samsung Galaxy C55 | Main=50.0MP | Selfie=50.0MP | AnTuTu=None | Price=$None | IP=None | Populated=48/68 fields
2026-05-28 23:33:18,817 | INFO |   💾 [65/184] saved
2026-05-28 23:33:18,817 | INFO | 
  [101/184]
2026-05-28 23:33:18,817 | INFO |   ⏳ 34.0s (req #257)
2026-05-28 23:33:54,074 | INFO |   GET https://www.gsmarena.com/samsung_galaxy_m55-12896.php → 200
2026-05-28 23:33:54,114 | INFO |       📱 Samsung Galaxy M55 | Main=50.0MP | Selfie=50.0MP | AnTuTu=None | Price=$273.0 | IP=None | Populated=52/68 fields
2026-05-28 23:33:54,118 | INFO |   💾 [66/184] saved
2026-05-28 23:33:54,118 | INFO | 
  [102/184]
2026-05-28 23:33:54,119 | INFO |   ⏳ 39.9s (req #258)
2026-05-28 23:34:35,413 | INFO |   GET https://www.gsmarena.com/samsung_galaxy_tab_s6_lite_(2024)-12897.php → 200
2026-05-28 23:34:35,438 | INFO |       📱 Samsung Galaxy Tab S6 Lite (2024) | Main=8.0MP | Selfie=5.0MP | AnTuTu=None | Price=$None | IP=None | Populated=43/68 fields
2026-05-28 23:34:35,442 | INFO |   💾 [67/184] saved
2026-05-28 23:34:35,442 | INFO | 
  [103/184]
2026-05-28 23:34:35,442 | INFO |   ⏳ 32.0s (req #259)
2026-05-28 23:35:08,802 | INFO |   GET https://www.gsmarena.com/samsung_galaxy_a55-12824.php → 200
2026-05-28 23:35:08,836 | INFO |       📱 Samsung Galaxy A55 | Main=50.0MP | Selfie=32.0MP | AnTuTu=635598 | Price=$None | IP=IP67 | Populated=59/68 fields
2026-05-28 23:35:08,839 | INFO |   💾 [68/184] saved
2026-05-28 23:35:08,840 | INFO | 
  [104/184]
2026-05-28 23:35:08,840 | INFO |   ⏳ 21.8s (req #260)
2026-05-28 23:35:31,641 | INFO |   GET https://www.gsmarena.com/samsung_galaxy_a35-12705.php → 200
2026-05-28 23:35:31,665 | INFO |       📱 Samsung Galaxy A35 | Main=50.0MP | Selfie=13.0MP | AnTuTu=522829 | Price=$167.0 | IP=IP67 | Populated=62/68 fields
2026-05-28 23:35:31,669 | INFO |   💾 [69/184] saved
2026-05-28 23:35:31,669 | INFO | 
  [105/184]
2026-05-28 23:35:31,669 | INFO |   ⏳ 18.5s (req #261)
2026-05-28 23:35:51,042 | INFO |   GET https://www.gsmarena.com/samsung_galaxy_m15-12833.php → 200
2026-05-28 23:35:51,063 | INFO |       📱 Samsung Galaxy M15 | Main=50.0MP | Selfie=13.0MP | AnTuTu=None | Price=$None | IP=None | Populated=48/68 fields
2026-05-28 23:35:51,065 | INFO |   💾 [70/184] saved
2026-05-28 23:35:51,065 | INFO | 
  [106/184]
2026-05-28 23:35:51,065 | INFO |   ⏳ 36.9s (req #262)
2026-05-28 23:36:29,077 | INFO |   GET https://www.gsmarena.com/samsung_galaxy_m14_4g-12862.php → 200
2026-05-28 23:36:29,097 | INFO |       📱 Samsung Galaxy M14 4G | Main=50.0MP | Selfie=13.0MP | AnTuTu=None | Price=$None | IP=None | Populated=44/68 fields
2026-05-28 23:36:29,100 | INFO |   💾 [71/184] saved
2026-05-28 23:36:29,100 | INFO | 
  [107/184]
2026-05-28 23:36:29,100 | INFO |   ⏳ 28.1s (req #263)
2026-05-28 23:36:58,223 | INFO |   GET https://www.gsmarena.com/samsung_galaxy_f15-12831.php → 200
2026-05-28 23:36:58,238 | INFO |       📱 Samsung Galaxy F15 | Main=50.0MP | Selfie=13.0MP | AnTuTu=None | Price=$None | IP=None | Populated=45/68 fields
2026-05-28 23:36:58,243 | INFO |   💾 [72/184] saved
2026-05-28 23:36:58,243 | INFO | 
  [108/184]
2026-05-28 23:36:58,243 | INFO |   ⏳ 42.6s (req #264)
2026-05-28 23:37:41,889 | INFO |   GET https://www.gsmarena.com/samsung_galaxy_s24_ultra-12771.php → 200
2026-05-28 23:37:41,921 | INFO |       📱 Samsung Galaxy S24 Ultra | Main=200.0MP | Selfie=12.0MP | AnTuTu=1453497 | Price=$529.98 | IP=IP68 | Populated=65/68 fields
2026-05-28 23:37:41,924 | INFO |   💾 [73/184] saved
2026-05-28 23:37:41,924 | INFO | 
  [109/184]
2026-05-28 23:37:41,924 | INFO |   ⏳ 29.3s (req #265)
2026-05-28 23:38:12,249 | INFO |   GET https://www.gsmarena.com/samsung_galaxy_s24+-12772.php → 200
2026-05-28 23:38:12,270 | INFO |       📱 Samsung Galaxy S24+ | Main=50.0MP | Selfie=12.0MP | AnTuTu=1290977 | Price=$387.34 | IP=IP68 | Populated=65/68 fields
2026-05-28 23:38:12,273 | INFO |   💾 [74/184] saved
2026-05-28 23:38:12,273 | INFO | 
  [110/184]
2026-05-28 23:38:12,273 | INFO |   ⏳ 30.0s (req #266)
2026-05-28 23:38:43,311 | INFO |   GET https://www.gsmarena.com/samsung_galaxy_s24-12773.php → 200
2026-05-28 23:38:43,334 | INFO |       📱 Samsung Galaxy S24 | Main=50.0MP | Selfie=12.0MP | AnTuTu=1218977 | Price=$268.99 | IP=IP68 | Populated=66/68 fields
2026-05-28 23:38:43,338 | INFO |   💾 [75/184] saved
2026-05-28 23:38:43,338 | INFO | 
  [111/184]
2026-05-28 23:38:43,338 | INFO |   ⏳ 35.1s (req #267)
2026-05-28 23:39:19,665 | INFO |   GET https://www.gsmarena.com/samsung_galaxy_xcover7-12784.php → 200
2026-05-28 23:39:19,683 | INFO |       📱 Samsung Galaxy XCover7 | Main=50.0MP | Selfie=5.0MP | AnTuTu=None | Price=$319.99 | IP=IP68 | Populated=49/68 fields
2026-05-28 23:39:19,686 | INFO |   💾 [76/184] saved
2026-05-28 23:39:19,686 | INFO | 
  [112/184]
2026-05-28 23:39:19,687 | INFO |   ⏳ 15.7s (req #268)
2026-05-28 23:39:36,326 | INFO |   GET https://www.gsmarena.com/samsung_galaxy_tab_active5-12785.php → 200
2026-05-28 23:39:36,342 | INFO |       📱 Samsung Galaxy Tab Active5 | Main=13.0MP | Selfie=5.0MP | AnTuTu=None | Price=$None | IP=IP68 | Populated=47/68 fields
2026-05-28 23:39:36,345 | INFO |   💾 [77/184] saved
2026-05-28 23:39:36,345 | INFO | 
  [113/184]
2026-05-28 23:39:36,345 | INFO |   ⏳ 34.3s (req #269)
2026-05-28 23:40:11,760 | INFO |   GET https://www.gsmarena.com/samsung_galaxy_a25-12555.php → 200
2026-05-28 23:40:11,794 | INFO |       📱 Samsung Galaxy A25 | Main=50.0MP | Selfie=13.0MP | AnTuTu=443234 | Price=$98.11 | IP=None | Populated=59/68 fields
2026-05-28 23:40:11,797 | INFO |   💾 [78/184] saved
2026-05-28 23:40:11,797 | INFO | 
  [114/184]
2026-05-28 23:40:11,797 | INFO |   ☕ Long pause 145s ...
2026-05-28 23:42:37,851 | INFO |   GET https://www.gsmarena.com/samsung_galaxy_a15_5g-12638.php → 200
2026-05-28 23:42:37,873 | INFO |       📱 Samsung Galaxy A15 5G | Main=50.0MP | Selfie=13.0MP | AnTuTu=306274 | Price=$83.99 | IP=None | Populated=55/68 fields
2026-05-28 23:42:37,876 | INFO |   💾 [79/184] saved
2026-05-28 23:42:37,877 | INFO | 
  [115/184]
2026-05-28 23:42:37,877 | INFO |   ⏳ 16.5s (req #271)
2026-05-28 23:42:55,338 | INFO |   GET https://www.gsmarena.com/samsung_galaxy_a15-12637.php → 200
2026-05-28 23:42:55,357 | INFO |       📱 Samsung Galaxy A15 | Main=50.0MP | Selfie=13.0MP | AnTuTu=316967 | Price=$None | IP=None | Populated=55/68 fields
2026-05-28 23:42:55,361 | INFO |   💾 [80/184] saved
2026-05-28 23:42:55,362 | INFO | 
  [116/184]
2026-05-28 23:42:55,362 | INFO |   ⏳ 36.7s (req #272)
2026-05-28 23:43:33,157 | INFO |   GET https://www.gsmarena.com/samsung_galaxy_tab_a9+-12617.php → 200
2026-05-28 23:43:33,173 | INFO |       📱 Samsung Galaxy Tab A9+ | Main=8.0MP | Selfie=5.0MP | AnTuTu=None | Price=$None | IP=None | Populated=43/68 fields
2026-05-28 23:43:33,177 | INFO |   💾 [81/184] saved
2026-05-28 23:43:33,177 | INFO | 
  [117/184]
2026-05-28 23:43:33,177 | INFO |   ⏳ 20.7s (req #273)
2026-05-28 23:43:54,804 | INFO |   GET https://www.gsmarena.com/samsung_galaxy_tab_a9-12616.php → 200
2026-05-28 23:43:54,819 | INFO |       📱 Samsung Galaxy Tab A9 | Main=8.0MP | Selfie=2.0MP | AnTuTu=None | Price=$None | IP=None | Populated=41/68 fields
2026-05-28 23:43:54,822 | INFO |   💾 [82/184] saved
2026-05-28 23:43:54,823 | INFO | 
  [118/184]
2026-05-28 23:43:54,823 | INFO |   ⏳ 26.5s (req #274)
2026-05-28 23:44:22,451 | INFO |   GET https://www.gsmarena.com/samsung_galaxy_s23_fe-12520.php → 200
2026-05-28 23:44:22,477 | INFO |       📱 Samsung Galaxy S23 FE | Main=50.0MP | Selfie=10.0MP | AnTuTu=940921 | Price=$190.29 | IP=IP68 | Populated=63/68 fields
2026-05-28 23:44:22,481 | INFO |   💾 [83/184] saved
2026-05-28 23:44:22,481 | INFO | 
  [119/184]
2026-05-28 23:44:22,481 | INFO |   ⏳ 34.4s (req #275)
2026-05-28 23:44:58,013 | INFO |   GET https://www.gsmarena.com/samsung_galaxy_tab_s9_fe+-12609.php → 200
2026-05-28 23:44:58,061 | INFO |       📱 Samsung Galaxy Tab S9 FE+ | Main=8.0MP | Selfie=12.0MP | AnTuTu=None | Price=$None | IP=IP68 | Populated=45/68 fields
2026-05-28 23:44:58,064 | INFO |   💾 [84/184] saved
2026-05-28 23:44:58,065 | INFO | 
  [120/184]
2026-05-28 23:44:58,065 | INFO |   ⏳ 34.7s (req #276)
2026-05-28 23:45:34,004 | INFO |   GET https://www.gsmarena.com/samsung_galaxy_tab_s9_fe-12517.php → 200
2026-05-28 23:45:34,022 | INFO |       📱 Samsung Galaxy Tab S9 FE | Main=8.0MP | Selfie=12.0MP | AnTuTu=None | Price=$None | IP=IP68 | Populated=45/68 fields
2026-05-28 23:45:34,026 | INFO |   💾 [85/184] saved
2026-05-28 23:45:34,026 | INFO | 
  [121/184]
2026-05-28 23:45:34,026 | INFO |   ⏳ 40.4s (req #277)
2026-05-28 23:46:15,323 | INFO |   GET https://www.gsmarena.com/samsung_galaxy_a05s-12584.php → 200
2026-05-28 23:46:15,341 | INFO |       📱 Samsung Galaxy A05s | Main=50.0MP | Selfie=13.0MP | AnTuTu=264654 | Price=$None | IP=None | Populated=55/68 fields
2026-05-28 23:46:15,345 | INFO |   💾 [86/184] saved
2026-05-28 23:46:15,345 | INFO | 
  [122/184]
2026-05-28 23:46:15,345 | INFO |   ⏳ 31.2s (req #278)
2026-05-28 23:46:47,626 | INFO |   GET https://www.gsmarena.com/samsung_galaxy_a05-12583.php → 200
2026-05-28 23:46:47,650 | INFO |       📱 Samsung Galaxy A05 | Main=50.0MP | Selfie=8.0MP | AnTuTu=None | Price=$99.5 | IP=None | Populated=48/68 fields
2026-05-28 23:46:47,653 | INFO |   💾 [87/184] saved
2026-05-28 23:46:47,653 | INFO | 
  [123/184]
2026-05-28 23:46:47,653 | INFO |   ⏳ 42.4s (req #279)
2026-05-28 23:47:31,332 | INFO |   GET https://www.gsmarena.com/samsung_galaxy_f34-12453.php → 200
2026-05-28 23:47:31,360 | INFO |       📱 Samsung Galaxy F34 | Main=50.0MP | Selfie=13.0MP | AnTuTu=None | Price=$None | IP=None | Populated=50/68 fields
2026-05-28 23:47:31,364 | INFO |   💾 [88/184] saved
2026-05-28 23:47:31,365 | INFO | 
  [124/184]
2026-05-28 23:47:31,365 | INFO |   ⏳ 26.8s (req #280)
2026-05-28 23:47:59,424 | INFO |   GET https://www.gsmarena.com/samsung_galaxy_z_fold5-12418.php → 200
2026-05-28 23:47:59,470 | INFO |       📱 Samsung Galaxy Z Fold5 | Main=50.0MP | Selfie=4.0MP | AnTuTu=1250358 | Price=$454.57 | IP=None | Populated=62/68 fields
2026-05-28 23:47:59,474 | INFO |   💾 [89/184] saved
2026-05-28 23:47:59,474 | INFO | 
  [125/184]
2026-05-28 23:47:59,475 | INFO |   ⏳ 29.2s (req #281)
2026-05-28 23:48:29,866 | INFO |   GET https://www.gsmarena.com/samsung_galaxy_z_flip5-12252.php → 200
2026-05-28 23:48:29,900 | INFO |       📱 Samsung Galaxy Z Flip5 | Main=12.0MP | Selfie=10.0MP | AnTuTu=1200783 | Price=$308.44 | IP=None | Populated=62/68 fields
2026-05-28 23:48:29,904 | INFO |   💾 [90/184] saved
2026-05-28 23:48:29,904 | INFO | 
  [126/184]
2026-05-28 23:48:29,905 | INFO |   ⏳ 31.7s (req #282)
2026-05-28 23:49:02,912 | INFO |   GET https://www.gsmarena.com/samsung_galaxy_tab_s9_ultra-12217.php → 200
2026-05-28 23:49:02,942 | INFO |       📱 Samsung Galaxy Tab S9 Ultra | Main=13.0MP | Selfie=12.0MP | AnTuTu=1199328 | Price=$None | IP=IP68 | Populated=56/68 fields
2026-05-28 23:49:02,946 | INFO |   💾 [91/184] saved
2026-05-28 23:49:02,946 | INFO | 
  [127/184]
2026-05-28 23:49:02,946 | INFO |   ⏳ 16.0s (req #283)
2026-05-28 23:49:20,253 | INFO |   GET https://www.gsmarena.com/samsung_galaxy_tab_s9+-12440.php → 200
2026-05-28 23:49:20,284 | INFO |       📱 Samsung Galaxy Tab S9+ | Main=13.0MP | Selfie=12.0MP | AnTuTu=None | Price=$None | IP=IP68 | Populated=51/68 fields
2026-05-28 23:49:20,288 | INFO |   💾 [92/184] saved
2026-05-28 23:49:20,289 | INFO | 
  [128/184]
2026-05-28 23:49:20,289 | INFO |   ⏳ 18.3s (req #284)
2026-05-28 23:49:39,690 | INFO |   GET https://www.gsmarena.com/samsung_galaxy_tab_s9-12439.php → 200
2026-05-28 23:49:39,718 | INFO |       📱 Samsung Galaxy Tab S9 | Main=13.0MP | Selfie=12.0MP | AnTuTu=None | Price=$None | IP=IP68 | Populated=51/68 fields
2026-05-28 23:49:39,721 | INFO |   💾 [93/184] saved
2026-05-28 23:49:39,721 | INFO | 
  [129/184]
2026-05-28 23:49:39,722 | INFO |   ⏳ 36.7s (req #285)
2026-05-28 23:50:18,041 | INFO |   GET https://www.gsmarena.com/samsung_galaxy_watch6_classic-12438.php → 200
2026-05-28 23:50:18,079 | INFO |       📱 Samsung Galaxy Watch6 Classic | Main=NoneMP | Selfie=NoneMP | AnTuTu=None | Price=$None | IP=IP68 | Populated=34/68 fields
2026-05-28 23:50:18,083 | INFO |   💾 [94/184] saved
2026-05-28 23:50:18,084 | INFO | 
  [130/184]
2026-05-28 23:50:18,084 | INFO |   ⏳ 30.4s (req #286)
2026-05-28 23:50:49,739 | INFO |   GET https://www.gsmarena.com/samsung_galaxy_watch6-12437.php → 200
2026-05-28 23:50:49,764 | INFO |       📱 Samsung Galaxy Watch6 | Main=NoneMP | Selfie=NoneMP | AnTuTu=None | Price=$None | IP=IP68 | Populated=35/68 fields
2026-05-28 23:50:49,768 | INFO |   💾 [95/184] saved
2026-05-28 23:50:49,769 | INFO | 
  [131/184]
2026-05-28 23:50:49,769 | INFO |   ⏳ 29.3s (req #287)
2026-05-28 23:51:20,381 | INFO |   GET https://www.gsmarena.com/samsung_galaxy_m34_5g-11290.php → 200
2026-05-28 23:51:20,410 | INFO |       📱 Samsung Galaxy M34 5G | Main=50.0MP | Selfie=13.0MP | AnTuTu=None | Price=$None | IP=None | Populated=50/68 fields
2026-05-28 23:51:20,414 | INFO |   💾 [96/184] saved
2026-05-28 23:51:20,414 | INFO | 
  [132/184]
2026-05-28 23:51:20,414 | INFO |   ⏳ 33.0s (req #288)
2026-05-28 23:51:54,627 | INFO |   GET https://www.gsmarena.com/samsung_galaxy_f54-12239.php → 200
2026-05-28 23:51:54,653 | INFO |       📱 Samsung Galaxy F54 | Main=108.0MP | Selfie=32.0MP | AnTuTu=None | Price=$None | IP=None | Populated=48/68 fields
2026-05-28 23:51:54,657 | INFO |   💾 [97/184] saved
2026-05-28 23:51:54,658 | INFO | 
  [133/184]
2026-05-28 23:51:54,658 | INFO |   ⏳ 42.0s (req #289)
2026-05-28 23:52:37,865 | INFO |   GET https://www.gsmarena.com/samsung_galaxy_a24_4g-12176.php → 200
2026-05-28 23:52:37,892 | INFO |       📱 Samsung Galaxy A24 4G | Main=50.0MP | Selfie=13.0MP | AnTuTu=398005 | Price=$None | IP=None | Populated=52/68 fields
2026-05-28 23:52:37,898 | INFO |   💾 [98/184] saved
2026-05-28 23:52:37,898 | INFO | 
  [134/184]
2026-05-28 23:52:37,898 | INFO |   ⏳ 22.4s (req #290)
2026-05-28 23:53:01,468 | INFO |   GET https://www.gsmarena.com/samsung_galaxy_f14-12175.php → 200
2026-05-28 23:53:01,504 | INFO |       📱 Samsung Galaxy F14 | Main=50.0MP | Selfie=13.0MP | AnTuTu=None | Price=$None | IP=None | Populated=47/68 fields
2026-05-28 23:53:01,508 | INFO |   💾 [99/184] saved
2026-05-28 23:53:01,508 | INFO | 
  [135/184]
2026-05-28 23:53:01,509 | INFO |   ⏳ 38.2s (req #291)
2026-05-28 23:53:40,798 | INFO |   GET https://www.gsmarena.com/samsung_t700-376.php → 200
2026-05-28 23:53:40,823 | INFO |       📱 Samsung T700 | Main=NoneMP | Selfie=NoneMP | AnTuTu=None | Price=$None | IP=None | Populated=13/68 fields
2026-05-28 23:53:40,828 | INFO |   💾 [100/184] saved
2026-05-28 23:53:40,828 | INFO | 
  [136/184]
2026-05-28 23:53:40,829 | INFO |   ⏳ 44.4s (req #292)
2026-05-28 23:54:26,276 | INFO |   GET https://www.gsmarena.com/samsung_s500-520.php → 200
2026-05-28 23:54:26,301 | INFO |       📱 Samsung S500 | Main=NoneMP | Selfie=NoneMP | AnTuTu=None | Price=$None | IP=None | Populated=15/68 fields
2026-05-28 23:54:26,306 | INFO |   💾 [101/184] saved
2026-05-28 23:54:26,306 | INFO | 
  [137/184]
2026-05-28 23:54:26,306 | INFO |   ⏳ 29.4s (req #293)
2026-05-28 23:54:56,824 | INFO |   GET https://www.gsmarena.com/samsung_t500-378.php → 200
2026-05-28 23:54:56,850 | INFO |       📱 Samsung T500 | Main=NoneMP | Selfie=NoneMP | AnTuTu=None | Price=$None | IP=None | Populated=15/68 fields
2026-05-28 23:54:56,854 | INFO |   💾 [102/184] saved
2026-05-28 23:54:56,854 | INFO | 
  [138/184]
2026-05-28 23:54:56,854 | INFO |   ⏳ 33.9s (req #294)
2026-05-28 23:55:31,881 | INFO |   GET https://www.gsmarena.com/samsung_s300-375.php → 200
2026-05-28 23:55:31,905 | INFO |       📱 Samsung S300 | Main=NoneMP | Selfie=NoneMP | AnTuTu=None | Price=$None | IP=None | Populated=14/68 fields
2026-05-28 23:55:31,908 | INFO |   💾 [103/184] saved
2026-05-28 23:55:31,909 | INFO | 
  [139/184]
2026-05-28 23:55:31,909 | INFO |   ⏳ 29.5s (req #295)
2026-05-28 23:56:02,526 | INFO |   GET https://www.gsmarena.com/samsung_t400-374.php → 200
2026-05-28 23:56:02,551 | INFO |       📱 Samsung T400 | Main=NoneMP | Selfie=NoneMP | AnTuTu=None | Price=$None | IP=None | Populated=14/68 fields
2026-05-28 23:56:02,556 | INFO |   💾 [104/184] saved
2026-05-28 23:56:02,556 | INFO | 
  [140/184]
2026-05-28 23:56:02,556 | INFO |   ⏳ 30.5s (req #296)
2026-05-28 23:56:34,300 | INFO |   GET https://www.gsmarena.com/samsung_t200-379.php → 200
2026-05-28 23:56:34,333 | INFO |       📱 Samsung T200 | Main=NoneMP | Selfie=NoneMP | AnTuTu=None | Price=$None | IP=None | Populated=15/68 fields
2026-05-28 23:56:34,338 | INFO |   💾 [105/184] saved
2026-05-28 23:56:34,338 | INFO | 
  [141/184]
2026-05-28 23:56:34,338 | INFO |   ⏳ 19.9s (req #297)
2026-05-28 23:56:55,165 | INFO |   GET https://www.gsmarena.com/samsung_v100-314.php → 200
2026-05-28 23:56:55,189 | INFO |       📱 Samsung V100 | Main=NoneMP | Selfie=NoneMP | AnTuTu=None | Price=$None | IP=None | Populated=13/68 fields
2026-05-28 23:56:55,193 | INFO |   💾 [106/184] saved
2026-05-28 23:56:55,193 | INFO | 
  [142/184]
2026-05-28 23:56:55,194 | INFO |   ⏳ 29.0s (req #298)
2026-05-28 23:57:25,218 | INFO |   GET https://www.gsmarena.com/samsung_s100-313.php → 200
2026-05-28 23:57:25,244 | INFO |       📱 Samsung S100 | Main=NoneMP | Selfie=NoneMP | AnTuTu=None | Price=$None | IP=None | Populated=13/68 fields
2026-05-28 23:57:25,249 | INFO |   💾 [107/184] saved
2026-05-28 23:57:25,249 | INFO | 
  [143/184]
2026-05-28 23:57:25,249 | INFO |   ⏳ 16.5s (req #299)
2026-05-28 23:57:42,880 | INFO |   GET https://www.gsmarena.com/samsung_q300-312.php → 200
2026-05-28 23:57:42,904 | INFO |       📱 Samsung Q300 | Main=NoneMP | Selfie=NoneMP | AnTuTu=None | Price=$None | IP=None | Populated=14/68 fields
2026-05-28 23:57:42,908 | INFO |   💾 [108/184] saved
2026-05-28 23:57:42,909 | INFO | 
  [144/184]
2026-05-28 23:57:42,909 | INFO |   ☕ Long pause 266s ...
2026-05-29 00:02:10,430 | INFO |   GET https://www.gsmarena.com/samsung_a800-347.php → 200
2026-05-29 00:02:10,455 | INFO |       📱 Samsung A800 | Main=NoneMP | Selfie=NoneMP | AnTuTu=None | Price=$None | IP=None | Populated=15/68 fields
2026-05-29 00:02:10,459 | INFO |   💾 [109/184] saved
2026-05-29 00:02:10,460 | INFO | 
  [145/184]
2026-05-29 00:02:10,460 | INFO |   ⏳ 25.2s (req #301)
2026-05-29 00:02:36,624 | INFO |   GET https://www.gsmarena.com/samsung_a500-311.php → 200
2026-05-29 00:02:36,648 | INFO |       📱 Samsung A500 | Main=NoneMP | Selfie=NoneMP | AnTuTu=None | Price=$None | IP=None | Populated=13/68 fields
2026-05-29 00:02:36,652 | INFO |   💾 [110/184] saved
2026-05-29 00:02:36,652 | INFO | 
  [146/184]
2026-05-29 00:02:36,652 | INFO |   ⏳ 25.7s (req #302)
2026-05-29 00:03:03,520 | INFO |   GET https://www.gsmarena.com/samsung_t100-308.php → 200
2026-05-29 00:03:03,544 | INFO |       📱 Samsung T100 | Main=NoneMP | Selfie=NoneMP | AnTuTu=None | Price=$None | IP=None | Populated=14/68 fields
2026-05-29 00:03:03,548 | INFO |   💾 [111/184] saved
2026-05-29 00:03:03,548 | INFO | 
  [147/184]
2026-05-29 00:03:03,548 | INFO |   ⏳ 16.0s (req #303)
2026-05-29 00:03:20,613 | INFO |   GET https://www.gsmarena.com/samsung_q200-307.php → 200
2026-05-29 00:03:20,645 | INFO |       📱 Samsung Q200 | Main=NoneMP | Selfie=NoneMP | AnTuTu=None | Price=$None | IP=None | Populated=14/68 fields
2026-05-29 00:03:20,649 | INFO |   💾 [112/184] saved
2026-05-29 00:03:20,649 | INFO | 
  [148/184]
2026-05-29 00:03:20,650 | INFO |   ⏳ 27.7s (req #304)
2026-05-29 00:03:49,838 | INFO |   GET https://www.gsmarena.com/samsung_n620-309.php → 200
2026-05-29 00:03:49,862 | INFO |       📱 Samsung N620 | Main=NoneMP | Selfie=NoneMP | AnTuTu=None | Price=$None | IP=None | Populated=15/68 fields
2026-05-29 00:03:49,866 | INFO |   💾 [113/184] saved
2026-05-29 00:03:49,866 | INFO | 
  [149/184]
2026-05-29 00:03:49,867 | INFO |   ⏳ 19.2s (req #305)
2026-05-29 00:04:10,012 | INFO |   GET https://www.gsmarena.com/samsung_n500-328.php → 200
2026-05-29 00:04:10,035 | INFO |       📱 Samsung N500 | Main=NoneMP | Selfie=NoneMP | AnTuTu=None | Price=$None | IP=None | Populated=13/68 fields
2026-05-29 00:04:10,039 | INFO |   💾 [114/184] saved
2026-05-29 00:04:10,040 | INFO | 
  [150/184]
2026-05-29 00:04:10,040 | INFO |   ⏳ 34.6s (req #306)
2026-05-29 00:04:45,579 | INFO |   GET https://www.gsmarena.com/samsung_n400-277.php → 200
2026-05-29 00:04:45,600 | INFO |       📱 Samsung N400 | Main=NoneMP | Selfie=NoneMP | AnTuTu=None | Price=$None | IP=None | Populated=14/68 fields
2026-05-29 00:04:45,603 | INFO |   💾 [115/184] saved
2026-05-29 00:04:45,604 | INFO | 
  [151/184]
2026-05-29 00:04:45,604 | INFO |   ⏳ 24.1s (req #307)
2026-05-29 00:05:10,668 | INFO |   GET https://www.gsmarena.com/samsung_q105-293.php → 200
2026-05-29 00:05:10,691 | INFO |       📱 Samsung Q105 | Main=NoneMP | Selfie=NoneMP | AnTuTu=None | Price=$None | IP=None | Populated=15/68 fields
2026-05-29 00:05:10,695 | INFO |   💾 [116/184] saved
2026-05-29 00:05:10,695 | INFO | 
  [152/184]
2026-05-29 00:05:10,695 | INFO |   ⏳ 42.7s (req #308)
2026-05-29 00:05:54,704 | INFO |   GET https://www.gsmarena.com/samsung_n300-261.php → 200
2026-05-29 00:05:54,735 | INFO |       📱 Samsung N300 | Main=NoneMP | Selfie=NoneMP | AnTuTu=None | Price=$None | IP=None | Populated=14/68 fields
2026-05-29 00:05:54,740 | INFO |   💾 [117/184] saved
2026-05-29 00:05:54,740 | INFO | 
  [153/184]
2026-05-29 00:05:54,740 | INFO |   ⏳ 41.9s (req #309)
2026-05-29 00:06:37,449 | INFO |   GET https://www.gsmarena.com/samsung_a400-276.php → 200
2026-05-29 00:06:37,470 | INFO |       📱 Samsung A400 | Main=NoneMP | Selfie=NoneMP | AnTuTu=None | Price=$None | IP=None | Populated=12/68 fields
2026-05-29 00:06:37,473 | INFO |   💾 [118/184] saved
2026-05-29 00:06:37,473 | INFO | 
  [154/184]
2026-05-29 00:06:37,473 | INFO |   ⏳ 24.7s (req #310)
2026-05-29 00:07:03,028 | INFO |   GET https://www.gsmarena.com/samsung_a300-260.php → 200
2026-05-29 00:07:03,046 | INFO |       📱 Samsung A300 | Main=NoneMP | Selfie=NoneMP | AnTuTu=None | Price=$None | IP=None | Populated=15/68 fields
2026-05-29 00:07:03,050 | INFO |   💾 [119/184] saved
2026-05-29 00:07:03,050 | INFO | 
  [155/184]
2026-05-29 00:07:03,051 | INFO |   ⏳ 42.3s (req #311)
2026-05-29 00:07:46,354 | INFO |   GET https://www.gsmarena.com/samsung_r220-291.php → 200
2026-05-29 00:07:46,381 | INFO |       📱 Samsung R220 | Main=NoneMP | Selfie=NoneMP | AnTuTu=None | Price=$None | IP=None | Populated=14/68 fields
2026-05-29 00:07:46,387 | INFO |   💾 [120/184] saved
2026-05-29 00:07:46,387 | INFO | 
  [156/184]
2026-05-29 00:07:46,388 | INFO |   ⏳ 44.7s (req #312)
2026-05-29 00:08:31,978 | INFO |   GET https://www.gsmarena.com/samsung_r210-290.php → 200
2026-05-29 00:08:32,001 | INFO |       📱 Samsung R210 | Main=NoneMP | Selfie=NoneMP | AnTuTu=None | Price=$None | IP=None | Populated=14/68 fields
2026-05-29 00:08:32,009 | INFO |   💾 [121/184] saved
2026-05-29 00:08:32,009 | INFO | 
  [157/184]
2026-05-29 00:08:32,009 | INFO |   ⏳ 41.2s (req #313)
2026-05-29 00:09:14,165 | INFO |   GET https://www.gsmarena.com/samsung_r200-289.php → 200
2026-05-29 00:09:14,195 | INFO |       📱 Samsung R200 | Main=NoneMP | Selfie=NoneMP | AnTuTu=None | Price=$None | IP=None | Populated=13/68 fields
2026-05-29 00:09:14,199 | INFO |   💾 [122/184] saved
2026-05-29 00:09:14,200 | INFO | 
  [158/184]
2026-05-29 00:09:14,200 | INFO |   ⏳ 41.8s (req #314)
2026-05-29 00:09:57,188 | INFO |   GET https://www.gsmarena.com/samsung_a200-259.php → 200
2026-05-29 00:09:57,219 | INFO |       📱 Samsung A200 | Main=NoneMP | Selfie=NoneMP | AnTuTu=None | Price=$None | IP=None | Populated=13/68 fields
2026-05-29 00:09:57,223 | INFO |   💾 [123/184] saved
2026-05-29 00:09:57,223 | INFO | 
  [159/184]
2026-05-29 00:09:57,223 | INFO |   ⏳ 42.8s (req #315)
2026-05-29 00:10:41,062 | INFO |   GET https://www.gsmarena.com/samsung_q100-229.php → 200
2026-05-29 00:10:41,098 | INFO |       📱 Samsung Q100 | Main=NoneMP | Selfie=NoneMP | AnTuTu=None | Price=$None | IP=None | Populated=13/68 fields
2026-05-29 00:10:41,103 | INFO |   💾 [124/184] saved
2026-05-29 00:10:41,103 | INFO | 
  [160/184]
2026-05-29 00:10:41,103 | INFO |   ⏳ 17.1s (req #316)
2026-05-29 00:10:59,286 | INFO |   GET https://www.gsmarena.com/samsung_n105-292.php → 200
2026-05-29 00:10:59,311 | INFO |       📱 Samsung N105 | Main=NoneMP | Selfie=NoneMP | AnTuTu=None | Price=$None | IP=None | Populated=13/68 fields
2026-05-29 00:10:59,315 | INFO |   💾 [125/184] saved
2026-05-29 00:10:59,315 | INFO | 
  [161/184]
2026-05-29 00:10:59,315 | INFO |   ⏳ 36.1s (req #317)
2026-05-29 00:11:36,465 | INFO |   GET https://www.gsmarena.com/samsung_n100-212.php → 200
2026-05-29 00:11:36,494 | INFO |       📱 Samsung N100 | Main=NoneMP | Selfie=NoneMP | AnTuTu=None | Price=$None | IP=None | Populated=13/68 fields
2026-05-29 00:11:36,500 | INFO |   💾 [126/184] saved
2026-05-29 00:11:36,500 | INFO | 
  [162/184]
2026-05-29 00:11:36,501 | INFO |   ⏳ 17.9s (req #318)
2026-05-29 00:11:55,322 | INFO |   GET https://www.gsmarena.com/samsung_m100-208.php → 200
2026-05-29 00:11:55,401 | INFO |       📱 Samsung M100 | Main=NoneMP | Selfie=NoneMP | AnTuTu=None | Price=$None | IP=None | Populated=13/68 fields
2026-05-29 00:11:55,408 | INFO |   💾 [127/184] saved
2026-05-29 00:11:55,410 | INFO | 
  [163/184]
2026-05-29 00:11:55,414 | INFO |   ⏳ 34.5s (req #319)
2026-05-29 00:12:30,885 | INFO |   GET https://www.gsmarena.com/samsung_a110-207.php → 200
2026-05-29 00:12:30,913 | INFO |       📱 Samsung A110 | Main=NoneMP | Selfie=NoneMP | AnTuTu=None | Price=$None | IP=None | Populated=13/68 fields
2026-05-29 00:12:30,916 | INFO |   💾 [128/184] saved
2026-05-29 00:12:30,916 | INFO | 
  [164/184]
2026-05-29 00:12:30,917 | INFO |   ⏳ 40.5s (req #320)
2026-05-29 00:13:12,423 | INFO |   GET https://www.gsmarena.com/samsung_a100-55.php → 200
2026-05-29 00:13:12,452 | INFO |       📱 Samsung A100 | Main=NoneMP | Selfie=NoneMP | AnTuTu=None | Price=$None | IP=None | Populated=13/68 fields
2026-05-29 00:13:12,457 | INFO |   💾 [129/184] saved
2026-05-29 00:13:12,457 | INFO | 
  [165/184]
2026-05-29 00:13:12,457 | INFO |   ⏳ 40.9s (req #321)
2026-05-29 00:13:54,329 | INFO |   GET https://www.gsmarena.com/samsung_sgh_2400-54.php → 200
2026-05-29 00:13:54,357 | INFO |       📱 Samsung SGH-2400 | Main=NoneMP | Selfie=NoneMP | AnTuTu=None | Price=$None | IP=None | Populated=13/68 fields
2026-05-29 00:13:54,361 | INFO |   💾 [130/184] saved
2026-05-29 00:13:54,361 | INFO | 
  [166/184]
2026-05-29 00:13:54,362 | INFO |   ⏳ 26.4s (req #322)
2026-05-29 00:14:21,809 | INFO |   GET https://www.gsmarena.com/samsung_sgh_2200-53.php → 200
2026-05-29 00:14:21,845 | INFO |       📱 Samsung SGH-2200 | Main=NoneMP | Selfie=NoneMP | AnTuTu=None | Price=$None | IP=None | Populated=13/68 fields
2026-05-29 00:14:21,849 | INFO |   💾 [131/184] saved
2026-05-29 00:14:21,850 | INFO | 
  [167/184]
2026-05-29 00:14:21,850 | INFO |   ⏳ 22.4s (req #323)
2026-05-29 00:14:45,017 | INFO |   GET https://www.gsmarena.com/samsung_sgh_2100-52.php → 200
2026-05-29 00:14:45,036 | INFO |       📱 Samsung SGH-2100 | Main=NoneMP | Selfie=NoneMP | AnTuTu=None | Price=$None | IP=None | Populated=13/68 fields
2026-05-29 00:14:45,039 | INFO |   💾 [132/184] saved
2026-05-29 00:14:45,040 | INFO | 
  [168/184]
2026-05-29 00:14:45,040 | INFO |   ⏳ 16.8s (req #324)
2026-05-29 00:15:02,744 | INFO |   GET https://www.gsmarena.com/samsung_sgh_810-51.php → 200
2026-05-29 00:15:02,763 | INFO |       📱 Samsung SGH-810 | Main=NoneMP | Selfie=NoneMP | AnTuTu=None | Price=$None | IP=None | Populated=13/68 fields
2026-05-29 00:15:02,766 | INFO |   💾 [133/184] saved
2026-05-29 00:15:02,766 | INFO | 
  [169/184]
2026-05-29 00:15:02,766 | INFO |   ⏳ 41.8s (req #325)
2026-05-29 00:15:45,479 | INFO |   GET https://www.gsmarena.com/samsung_sgh_800-50.php → 200
2026-05-29 00:15:45,507 | INFO |       📱 Samsung SGH-800 | Main=NoneMP | Selfie=NoneMP | AnTuTu=None | Price=$None | IP=None | Populated=13/68 fields
2026-05-29 00:15:45,510 | INFO |   💾 [134/184] saved
2026-05-29 00:15:45,511 | INFO | 
  [170/184]
2026-05-29 00:15:45,511 | INFO |   ⏳ 43.8s (req #326)
2026-05-29 00:16:30,337 | INFO |   GET https://www.gsmarena.com/samsung_sgh_600-49.php → 200
2026-05-29 00:16:30,365 | INFO |       📱 Samsung SGH-600 | Main=NoneMP | Selfie=NoneMP | AnTuTu=None | Price=$None | IP=None | Populated=13/68 fields
2026-05-29 00:16:30,370 | INFO |   💾 [135/184] saved
2026-05-29 00:16:30,370 | INFO | 
  [171/184]
2026-05-29 00:16:30,370 | INFO |   ⏳ 21.5s (req #327)
2026-05-29 00:16:52,894 | INFO |   GET https://www.gsmarena.com/samsung_sgh_500-48.php → 200
2026-05-29 00:16:52,922 | INFO |       📱 Samsung SGH-500 | Main=NoneMP | Selfie=NoneMP | AnTuTu=None | Price=$None | IP=None | Populated=13/68 fields
2026-05-29 00:16:52,927 | INFO |   💾 [136/184] saved
2026-05-29 00:16:52,927 | INFO | 
  [172/184]
2026-05-29 00:16:52,927 | INFO |   ⏳ 16.7s (req #328)
2026-05-29 00:17:10,658 | INFO |   GET https://www.gsmarena.com/samsung_sgh_250-47.php → 200
2026-05-29 00:17:10,696 | INFO |       📱 Samsung SGH-250 | Main=NoneMP | Selfie=NoneMP | AnTuTu=None | Price=$None | IP=None | Populated=12/68 fields
2026-05-29 00:17:10,699 | INFO |   💾 [137/184] saved
2026-05-29 00:17:10,699 | INFO | 
  [173/184]
2026-05-29 00:17:10,699 | INFO |   ⏳ 42.6s (req #329)
2026-05-29 00:17:54,240 | INFO |   GET https://www.gsmarena.com/samsung_galaxy_a04_core-11616.php → 200
2026-05-29 00:17:54,271 | INFO |       📱 Samsung Galaxy A04 Core | Main=8.0MP | Selfie=5.0MP | AnTuTu=None | Price=$None | IP=None | Populated=40/68 fields
2026-05-29 00:17:54,277 | INFO |   💾 [138/184] saved
2026-05-29 00:17:54,277 | INFO | 
  [174/184]
2026-05-29 00:17:54,277 | INFO |   ☕ Long pause 299s ...
2026-05-29 00:22:54,275 | INFO |   GET https://www.gsmarena.com/samsung_galaxy_s21-10693.php → 200
2026-05-29 00:22:54,307 | INFO |       📱 Samsung Galaxy S21 | Main=12.0MP | Selfie=10.0MP | AnTuTu=None | Price=$None | IP=IP68 | Populated=54/68 fields
2026-05-29 00:22:54,312 | INFO |   💾 [139/184] saved
2026-05-29 00:22:54,312 | INFO | 
  [175/184]
2026-05-29 00:22:54,312 | INFO |   ⏳ 31.3s (req #331)
2026-05-29 00:23:26,635 | INFO |   GET https://www.gsmarena.com/samsung_galaxy_a72_5g-10647.php → 200
2026-05-29 00:23:26,666 | INFO |       📱 Samsung Galaxy A72 5G | Main=64.0MP | Selfie=32.0MP | AnTuTu=None | Price=$None | IP=None | Populated=51/68 fields
2026-05-29 00:23:26,670 | INFO |   💾 [140/184] saved
2026-05-29 00:23:26,670 | INFO | 
  [176/184]
2026-05-29 00:23:26,670 | INFO |   ⏳ 20.3s (req #332)
2026-05-29 00:23:47,845 | INFO |   GET https://www.gsmarena.com/samsung_galaxy_a91-9912.php → 200
2026-05-29 00:23:47,859 | INFO |       📱 Samsung Galaxy A91 | Main=48.0MP | Selfie=32.0MP | AnTuTu=None | Price=$None | IP=None | Populated=42/68 fields
2026-05-29 00:23:47,862 | INFO |   💾 [141/184] saved
2026-05-29 00:23:47,862 | INFO | 
  [177/184]
2026-05-29 00:23:47,862 | INFO |   ⏳ 20.1s (req #333)
2026-05-29 00:24:08,817 | INFO |   GET https://www.gsmarena.com/samsung_galaxy_on5_(2016)-8266.php → 200
2026-05-29 00:24:08,833 | INFO |       📱 Samsung Galaxy On5 (2016) | Main=13.0MP | Selfie=8.0MP | AnTuTu=None | Price=$None | IP=None | Populated=36/68 fields
2026-05-29 00:24:08,836 | INFO |   💾 [142/184] saved
2026-05-29 00:24:08,836 | INFO | 
  [178/184]
2026-05-29 00:24:08,837 | INFO |   ⏳ 15.9s (req #334)
2026-05-29 00:24:25,523 | INFO |   GET https://www.gsmarena.com/samsung_galaxy_j5_prime_(2017)-8958.php → 200
2026-05-29 00:24:25,547 | INFO |       📱 Samsung Galaxy J5 Prime (2017) | Main=13.0MP | Selfie=8.0MP | AnTuTu=None | Price=$None | IP=None | Populated=42/68 fields
2026-05-29 00:24:25,550 | INFO |   💾 [143/184] saved
2026-05-29 00:24:25,550 | INFO | 
  [179/184]
2026-05-29 00:24:25,550 | INFO |   ⏳ 16.1s (req #335)
2026-05-29 00:24:42,378 | INFO |   GET https://www.gsmarena.com/samsung_galaxy_s7_mini-7979.php → 200
2026-05-29 00:24:42,393 | INFO |       📱 Samsung Galaxy S7 mini | Main=12.0MP | Selfie=5.0MP | AnTuTu=None | Price=$None | IP=IP68 | Populated=44/68 fields
2026-05-29 00:24:42,396 | INFO |   💾 [144/184] saved
2026-05-29 00:24:42,396 | INFO | 
  [180/184]
2026-05-29 00:24:42,396 | INFO |   ⏳ 25.1s (req #336)
2026-05-29 00:25:08,271 | INFO |   GET https://www.gsmarena.com/samsung_galaxy_s6_plus-7270.php → 200
2026-05-29 00:25:08,286 | INFO |       📱 Samsung Galaxy S6 Plus | Main=16.0MP | Selfie=5.0MP | AnTuTu=None | Price=$None | IP=None | Populated=45/68 fields
2026-05-29 00:25:08,289 | INFO |   💾 [145/184] saved
2026-05-29 00:25:08,289 | INFO | 
  [181/184]
2026-05-29 00:25:08,289 | INFO |   ⏳ 38.4s (req #337)
2026-05-29 00:25:47,525 | INFO |   GET https://www.gsmarena.com/samsung_galaxy_grand_3-6778.php → 200
2026-05-29 00:25:47,541 | INFO |       📱 Samsung Galaxy Grand 3 | Main=13.0MP | Selfie=5.0MP | AnTuTu=None | Price=$None | IP=None | Populated=40/68 fields
2026-05-29 00:25:47,544 | INFO |   💾 [146/184] saved
2026-05-29 00:25:47,544 | INFO | 
  [182/184]
2026-05-29 00:25:47,544 | INFO |   ⏳ 24.1s (req #338)
2026-05-29 00:26:12,561 | INFO |   GET https://www.gsmarena.com/samsung_galaxy_f-6485.php → 200
2026-05-29 00:26:12,588 | INFO |       📱 Samsung Galaxy F | Main=16.0MP | Selfie=2.0MP | AnTuTu=None | Price=$None | IP=IP67 | Populated=41/68 fields
2026-05-29 00:26:12,593 | INFO |   💾 [147/184] saved
2026-05-29 00:26:12,593 | INFO | 
  [183/184]
2026-05-29 00:26:12,593 | INFO |   ⏳ 36.2s (req #339)
2026-05-29 00:26:49,537 | INFO |   GET https://www.gsmarena.com/samsung_galaxy_tab_3_plus_10_1_p8220-5351.php → 200
2026-05-29 00:26:49,551 | INFO |       📱 Samsung Galaxy Tab 3 Plus 10.1 P8220 | Main=NoneMP | Selfie=NoneMP | AnTuTu=None | Price=$None | IP=None | Populated=32/68 fields
2026-05-29 00:26:49,554 | INFO |   💾 [148/184] saved
2026-05-29 00:26:49,554 | INFO | 
  [184/184]
2026-05-29 00:26:49,555 | INFO |   ⏳ 31.4s (req #340)
2026-05-29 00:27:21,690 | INFO |   GET https://www.gsmarena.com/samsung_galaxy_c10-8718.php → 200
2026-05-29 00:27:21,741 | INFO |       📱 Samsung Galaxy C10 | Main=13.0MP | Selfie=16.0MP | AnTuTu=None | Price=$None | IP=None | Populated=43/68 fields
2026-05-29 00:27:21,744 | INFO |   💾 [149/184] saved
2026-05-29 00:27:21,745 | INFO |   ✅ Samsung — 149 phones saved
2026-05-29 00:27:21,745 | INFO | 
🎉 DONE — 326 phones in 210 min
2026-05-29 00:27:21,745 | INFO | 📄 GSMArenaDataset_BATCH1/GSMArena_BATCH1.csv
