2026-05-29 15:16:43,043 | INFO | ============================================================
2026-05-29 15:16:43,043 | INFO | BATCH 5 — ZTE | Alcatel | BLU | Honor
2026-05-29 15:16:43,043 | INFO | Phones ~1,539  |  Time: 8–10 hours
2026-05-29 15:16:43,043 | INFO | Columns: 68 | Method: data-spec attributes
2026-05-29 15:16:43,043 | INFO | Started: 2026-05-29 15:16:43
2026-05-29 15:16:43,043 | INFO | ============================================================
2026-05-29 15:16:43,044 | INFO | Checking connection ...
2026-05-29 15:16:43,734 | INFO |   ✅ Connected (attempt 1)
2026-05-29 15:16:43,735 | INFO | Resuming: 0 done | 0 retry queue
2026-05-29 15:16:43,736 | INFO |   ▶ First request — no delay
2026-05-29 15:16:44,443 | INFO |   GET https://www.gsmarena.com/makers.php3 → 200
2026-05-29 15:16:44,457 | INFO | ✅ 126 brands
2026-05-29 15:16:44,457 | INFO | Matched: ['Alcatel', 'Blu', 'Honor', 'Zte']
2026-05-29 15:16:44,457 | INFO | 
============================================================
2026-05-29 15:16:44,458 | INFO | [1/4] Alcatel (414 phones)
2026-05-29 15:16:44,458 | INFO | Elapsed: 0min
2026-05-29 15:16:44,458 | INFO | ============================================================
2026-05-29 15:16:44,459 | INFO |   Fetching phone links for: Alcatel (~414 phones)
2026-05-29 15:16:44,459 | INFO |   ⏳ 22.5s (req #2)
2026-05-29 15:17:07,572 | INFO |   GET https://www.gsmarena.com/alcatel-phones-5.php → 200
2026-05-29 15:17:07,581 | INFO |     Found 10 listing pages
2026-05-29 15:17:07,583 | INFO |     Page 1/10: 50 links so far
2026-05-29 15:17:07,583 | INFO |   ⏳ 44.1s (req #3)
2026-05-29 15:17:52,327 | INFO |   GET https://www.gsmarena.com/# → 200
2026-05-29 15:17:52,393 | INFO |     Page 2/10: 86 links so far
2026-05-29 15:17:52,394 | INFO |   ⏳ 35.1s (req #4)
2026-05-29 15:18:28,026 | INFO |   GET https://www.gsmarena.com/alcatel-phones-f-5-0-p2.php → 200
2026-05-29 15:18:28,047 | INFO |     Page 3/10: 136 links so far
2026-05-29 15:18:28,047 | INFO |   ⏳ 38.8s (req #5)
2026-05-29 15:19:07,435 | INFO |   GET https://www.gsmarena.com/alcatel-phones-f-5-0-p3.php → 200
2026-05-29 15:19:07,452 | INFO |     Page 4/10: 186 links so far
2026-05-29 15:19:07,452 | INFO |   ⏳ 25.6s (req #6)
2026-05-29 15:19:33,801 | INFO |   GET https://www.gsmarena.com/alcatel-phones-f-5-0-p4.php → 200
2026-05-29 15:19:33,815 | INFO |     Page 5/10: 236 links so far
2026-05-29 15:19:33,816 | INFO |   ⏳ 35.4s (req #7)
2026-05-29 15:20:09,722 | INFO |   GET https://www.gsmarena.com/alcatel-phones-f-5-0-p5.php → 200
2026-05-29 15:20:09,737 | INFO |     Page 6/10: 286 links so far
2026-05-29 15:20:09,738 | INFO |   ⏳ 24.7s (req #8)
2026-05-29 15:20:34,963 | INFO |   GET https://www.gsmarena.com/alcatel-phones-f-5-0-p6.php → 200
2026-05-29 15:20:34,978 | INFO |     Page 7/10: 336 links so far
2026-05-29 15:20:34,978 | INFO |   ⏳ 33.2s (req #9)
2026-05-29 15:21:08,719 | INFO |   GET https://www.gsmarena.com/alcatel-phones-f-5-0-p7.php → 200
2026-05-29 15:21:08,729 | INFO |     Page 8/10: 386 links so far
2026-05-29 15:21:08,730 | INFO |   ⏳ 27.1s (req #10)
2026-05-29 15:21:36,500 | INFO |   GET https://www.gsmarena.com/alcatel-phones-f-5-0-p8.php → 200
2026-05-29 15:21:36,514 | INFO |     Page 9/10: 436 links so far
2026-05-29 15:21:36,515 | INFO |   ⏳ 40.8s (req #11)
2026-05-29 15:22:17,986 | INFO |   GET https://www.gsmarena.com/alcatel-phones-f-5-0-p9.php → 200
2026-05-29 15:22:17,996 | INFO |     Page 10/10: 450 links so far
2026-05-29 15:22:17,997 | INFO |   ✅ 450 valid phone spec links for Alcatel
2026-05-29 15:22:18,000 | INFO |   💾 Link list cached → GSMArenaDataset_BATCH5\_links_alcatel.json
2026-05-29 15:22:18,000 | INFO | 
  [1/450]
2026-05-29 15:22:18,000 | INFO |   ⏳ 24.8s (req #12)
2026-05-29 15:22:43,460 | INFO |   GET https://www.gsmarena.com/alcatel_a62-14319.php → 200
2026-05-29 15:22:43,494 | INFO |       📱 alcatel A62 | Main=13.0MP | Selfie=5.0MP | AnTuTu=None | Price=$None | IP=None | Populated=40/68 fields
2026-05-29 15:22:43,499 | INFO |   💾 [1/450] saved
2026-05-29 15:22:43,499 | INFO | 
  [2/450]
2026-05-29 15:22:43,500 | INFO |   ⏳ 25.9s (req #13)
2026-05-29 15:23:10,063 | INFO |   GET https://www.gsmarena.com/alcatel_v3_ultra_5g-13885.php → 200
2026-05-29 15:23:10,093 | INFO |       📱 alcatel V3 Ultra | Main=108.0MP | Selfie=32.0MP | AnTuTu=None | Price=$None | IP=IP54 | Populated=50/68 fields
2026-05-29 15:23:10,098 | INFO |   💾 [2/450] saved
2026-05-29 15:23:10,098 | INFO | 
  [3/450]
2026-05-29 15:23:10,098 | INFO |   ⏳ 18.7s (req #14)
2026-05-29 15:23:29,411 | INFO |   GET https://www.gsmarena.com/alcatel_v3_pro_5g-13893.php → 200
2026-05-29 15:23:29,437 | INFO |       📱 alcatel V3 Pro | Main=50.0MP | Selfie=8.0MP | AnTuTu=None | Price=$None | IP=IP54 | Populated=50/68 fields
2026-05-29 15:23:29,440 | INFO |   💾 [3/450] saved
2026-05-29 15:23:29,441 | INFO | 
  [4/450]
2026-05-29 15:23:29,441 | INFO |   ⏳ 20.3s (req #15)
2026-05-29 15:23:50,521 | INFO |   GET https://www.gsmarena.com/alcatel_v3_classic_5g-13894.php → 200
2026-05-29 15:23:50,548 | INFO |       📱 alcatel V3 Classic | Main=50.0MP | Selfie=8.0MP | AnTuTu=None | Price=$None | IP=IP54 | Populated=50/68 fields
2026-05-29 15:23:50,551 | INFO |   💾 [4/450] saved
2026-05-29 15:23:50,551 | INFO | 
  [5/450]
2026-05-29 15:23:50,551 | INFO |   ⏳ 40.8s (req #16)
2026-05-29 15:24:31,873 | INFO |   GET https://www.gsmarena.com/alcatel_3_(2025)-13886.php → 200
2026-05-29 15:24:31,898 | INFO |       📱 alcatel 3 (2025) | Main=8.0MP | Selfie=5.0MP | AnTuTu=None | Price=$None | IP=None | Populated=45/68 fields
2026-05-29 15:24:31,901 | INFO |   💾 [5/450] saved
2026-05-29 15:24:31,902 | INFO | 
  [6/450]
2026-05-29 15:24:31,902 | INFO |   ⏳ 44.8s (req #17)
2026-05-29 15:25:17,425 | INFO |   GET https://www.gsmarena.com/alcatel_1b_(2022)-11706.php → 200
2026-05-29 15:25:17,449 | INFO |       📱 alcatel 1B (2022) | Main=8.0MP | Selfie=5.0MP | AnTuTu=None | Price=$None | IP=None | Populated=44/68 fields
2026-05-29 15:25:17,452 | INFO |   💾 [6/450] saved
2026-05-29 15:25:17,452 | INFO | 
  [7/450]
2026-05-29 15:25:17,452 | INFO |   ⏳ 31.5s (req #18)
2026-05-29 15:25:49,438 | INFO |   GET https://www.gsmarena.com/alcatel_1l_pro_(2021)-10981.php → 200
2026-05-29 15:25:49,466 | INFO |       📱 alcatel 1L Pro (2021) | Main=13.0MP | Selfie=5.0MP | AnTuTu=None | Price=$None | IP=None | Populated=45/68 fields
2026-05-29 15:25:49,469 | INFO |   💾 [7/450] saved
2026-05-29 15:25:49,469 | INFO | 
  [8/450]
2026-05-29 15:25:49,469 | INFO |   ⏳ 42.4s (req #19)
2026-05-29 15:26:32,362 | INFO |   GET https://www.gsmarena.com/alcatel_1_(2021)-10980.php → 200
2026-05-29 15:26:32,387 | INFO |       📱 alcatel 1 (2021) | Main=5.0MP | Selfie=2.0MP | AnTuTu=None | Price=$None | IP=None | Populated=44/68 fields
2026-05-29 15:26:32,390 | INFO |   💾 [8/450] saved
2026-05-29 15:26:32,390 | INFO | 
  [9/450]
2026-05-29 15:26:32,391 | INFO |   ⏳ 16.0s (req #20)
2026-05-29 15:26:49,011 | INFO |   GET https://www.gsmarena.com/alcatel_3l_(2021)-10679.php → 200
2026-05-29 15:26:49,034 | INFO |       📱 alcatel 3L (2021) | Main=48.0MP | Selfie=8.0MP | AnTuTu=None | Price=$None | IP=None | Populated=48/68 fields
2026-05-29 15:26:49,038 | INFO |   💾 [9/450] saved
2026-05-29 15:26:49,038 | INFO | 
  [10/450]
2026-05-29 15:26:49,038 | INFO |   ⏳ 28.1s (req #21)
2026-05-29 15:27:17,618 | INFO |   GET https://www.gsmarena.com/alcatel_1s_(2021)-10680.php → 200
2026-05-29 15:27:17,641 | INFO |       📱 alcatel 1S (2021) | Main=13.0MP | Selfie=5.0MP | AnTuTu=None | Price=$None | IP=None | Populated=47/68 fields
2026-05-29 15:27:17,645 | INFO |   💾 [10/450] saved
2026-05-29 15:27:17,645 | INFO | 
  [11/450]
2026-05-29 15:27:17,645 | INFO |   ⏳ 21.9s (req #22)
2026-05-29 15:27:40,117 | INFO |   GET https://www.gsmarena.com/alcatel_1l_(2021)-10682.php → 200
2026-05-29 15:27:40,141 | INFO |       📱 alcatel 1L (2021) | Main=13.0MP | Selfie=5.0MP | AnTuTu=None | Price=$None | IP=None | Populated=46/68 fields
2026-05-29 15:27:40,145 | INFO |   💾 [11/450] saved
2026-05-29 15:27:40,145 | INFO | 
  [12/450]
2026-05-29 15:27:40,145 | INFO |   ⏳ 32.9s (req #23)
2026-05-29 15:28:13,655 | INFO |   GET https://www.gsmarena.com/alcatel_1v_(2021)-11659.php → 200
2026-05-29 15:28:13,674 | INFO |       📱 alcatel 1V (2021) | Main=13.0MP | Selfie=5.0MP | AnTuTu=None | Price=$None | IP=None | Populated=47/68 fields
2026-05-29 15:28:13,676 | INFO |   💾 [12/450] saved
2026-05-29 15:28:13,676 | INFO | 
  [13/450]
2026-05-29 15:28:13,677 | INFO |   ⏳ 26.7s (req #24)
2026-05-29 15:28:40,875 | INFO |   GET https://www.gsmarena.com/alcatel_1se_(2020)-10618.php → 200
2026-05-29 15:28:40,908 | INFO |       📱 alcatel 1SE (2020) | Main=13.0MP | Selfie=5.0MP | AnTuTu=None | Price=$None | IP=None | Populated=46/68 fields
2026-05-29 15:28:40,911 | INFO |   💾 [13/450] saved
2026-05-29 15:28:40,912 | INFO | 
  [14/450]
2026-05-29 15:28:40,912 | INFO |   ⏳ 32.4s (req #25)
2026-05-29 15:29:13,806 | INFO |   GET https://www.gsmarena.com/alcatel_go_flip_4-12017.php → 200
2026-05-29 15:29:13,830 | INFO |       📱 alcatel Go Flip 4 | Main=2.0MP | Selfie=NoneMP | AnTuTu=None | Price=$None | IP=None | Populated=36/68 fields
2026-05-29 15:29:13,833 | INFO |   💾 [14/450] saved
2026-05-29 15:29:13,834 | INFO | 
  [15/450]
2026-05-29 15:29:13,834 | INFO |   ⏳ 41.4s (req #26)
2026-05-29 15:29:56,005 | INFO |   GET https://www.gsmarena.com/alcatel_go_flip_3-10500.php → 200
2026-05-29 15:29:56,028 | INFO |       📱 alcatel Go Flip 3 | Main=2.0MP | Selfie=NoneMP | AnTuTu=None | Price=$None | IP=None | Populated=34/68 fields
2026-05-29 15:29:56,032 | INFO |   💾 [15/450] saved
2026-05-29 15:29:56,032 | INFO | 
  [16/450]
2026-05-29 15:29:56,032 | INFO |   ⏳ 18.9s (req #27)
2026-05-29 15:30:15,528 | INFO |   GET https://www.gsmarena.com/alcatel_go_flip_v-10501.php → 200
2026-05-29 15:30:15,553 | INFO |       📱 alcatel Go Flip V | Main=2.0MP | Selfie=NoneMP | AnTuTu=None | Price=$None | IP=None | Populated=37/68 fields
2026-05-29 15:30:15,557 | INFO |   💾 [16/450] saved
2026-05-29 15:30:15,557 | INFO | 
  [17/450]
2026-05-29 15:30:15,558 | INFO |   ⏳ 25.3s (req #28)
2026-05-29 15:30:41,395 | INFO |   GET https://www.gsmarena.com/alcatel_3t10_2020-12041.php → 200
2026-05-29 15:30:41,420 | INFO |       📱 alcatel 3T10 2020 | Main=5.0MP | Selfie=5.0MP | AnTuTu=None | Price=$None | IP=None | Populated=35/68 fields
2026-05-29 15:30:41,423 | INFO |   💾 [17/450] saved
2026-05-29 15:30:41,423 | INFO | 
  [18/450]
2026-05-29 15:30:41,424 | INFO |   ⏳ 36.6s (req #29)
2026-05-29 15:31:18,637 | INFO |   GET https://www.gsmarena.com/alcatel_3x_(2020)-10490.php → 200
2026-05-29 15:31:18,661 | INFO |       📱 alcatel 3X (2020) | Main=16.0MP | Selfie=8.0MP | AnTuTu=None | Price=$None | IP=None | Populated=46/68 fields
2026-05-29 15:31:18,665 | INFO |   💾 [18/450] saved
2026-05-29 15:31:18,665 | INFO | 
  [19/450]
2026-05-29 15:31:18,666 | INFO |   ☕ Long pause 201s ...
2026-05-29 15:34:40,231 | INFO |   GET https://www.gsmarena.com/alcatel_3l_(2020)-10016.php → 200
2026-05-29 15:34:40,261 | INFO |       📱 alcatel 3L (2020) | Main=48.0MP | Selfie=8.0MP | AnTuTu=None | Price=$None | IP=None | Populated=47/68 fields
2026-05-29 15:34:40,265 | INFO |   💾 [19/450] saved
2026-05-29 15:34:40,265 | INFO | 
  [20/450]
2026-05-29 15:34:40,265 | INFO |   ⏳ 17.9s (req #31)
2026-05-29 15:34:58,664 | INFO |   GET https://www.gsmarena.com/alcatel_1s_(2020)-10017.php → 200
2026-05-29 15:34:58,686 | INFO |       📱 alcatel 1S (2020) | Main=13.0MP | Selfie=5.0MP | AnTuTu=None | Price=$None | IP=None | Populated=45/68 fields
2026-05-29 15:34:58,690 | INFO |   💾 [20/450] saved
2026-05-29 15:34:58,691 | INFO | 
  [21/450]
2026-05-29 15:34:58,691 | INFO |   ⏳ 17.9s (req #32)
2026-05-29 15:35:17,174 | INFO |   GET https://www.gsmarena.com/alcatel_1v_(2020)-10018.php → 200
2026-05-29 15:35:17,200 | INFO |       📱 alcatel 1V (2020) | Main=13.0MP | Selfie=5.0MP | AnTuTu=None | Price=$None | IP=None | Populated=45/68 fields
2026-05-29 15:35:17,203 | INFO |   💾 [21/450] saved
2026-05-29 15:35:17,203 | INFO | 
  [22/450]
2026-05-29 15:35:17,204 | INFO |   ⏳ 40.9s (req #33)
2026-05-29 15:35:59,004 | INFO |   GET https://www.gsmarena.com/alcatel_1b_(2020)-10019.php → 200
2026-05-29 15:35:59,033 | INFO |       📱 alcatel 1B (2020) | Main=8.0MP | Selfie=5.0MP | AnTuTu=None | Price=$None | IP=None | Populated=45/68 fields
2026-05-29 15:35:59,036 | INFO |   💾 [22/450] saved
2026-05-29 15:35:59,037 | INFO | 
  [23/450]
2026-05-29 15:35:59,037 | INFO |   ⏳ 33.0s (req #34)
2026-05-29 15:36:32,611 | INFO |   GET https://www.gsmarena.com/alcatel_3v_(2019)-10042.php → 200
2026-05-29 15:36:32,639 | INFO |       📱 alcatel 3v (2019) | Main=16.0MP | Selfie=8.0MP | AnTuTu=None | Price=$None | IP=None | Populated=45/68 fields
2026-05-29 15:36:32,643 | INFO |   💾 [23/450] saved
2026-05-29 15:36:32,643 | INFO | 
  [24/450]
2026-05-29 15:36:32,643 | INFO |   ⏳ 32.9s (req #35)
2026-05-29 15:37:06,220 | INFO |   GET https://www.gsmarena.com/alcatel_3x_(2019)-9842.php → 200
2026-05-29 15:37:06,263 | INFO |       📱 alcatel 3x (2019) | Main=16.0MP | Selfie=8.0MP | AnTuTu=None | Price=$None | IP=None | Populated=47/68 fields
2026-05-29 15:37:06,267 | INFO |   💾 [24/450] saved
2026-05-29 15:37:06,268 | INFO | 
  [25/450]
2026-05-29 15:37:06,268 | INFO |   ⏳ 34.3s (req #36)
2026-05-29 15:37:41,207 | INFO |   GET https://www.gsmarena.com/alcatel_1v_(2019)-9843.php → 200
2026-05-29 15:37:41,228 | INFO |       📱 alcatel 1v (2019) | Main=5.0MP | Selfie=5.0MP | AnTuTu=None | Price=$None | IP=None | Populated=44/68 fields
2026-05-29 15:37:41,232 | INFO |   💾 [25/450] saved
2026-05-29 15:37:41,232 | INFO | 
  [26/450]
2026-05-29 15:37:41,232 | INFO |   ⏳ 35.8s (req #37)
2026-05-29 15:38:17,608 | INFO |   GET https://www.gsmarena.com/alcatel_3t_8-10108.php → 200
2026-05-29 15:38:17,643 | INFO |       📱 alcatel 3T 8 | Main=5.0MP | Selfie=2.0MP | AnTuTu=None | Price=$None | IP=None | Populated=41/68 fields
2026-05-29 15:38:17,646 | INFO |   💾 [26/450] saved
2026-05-29 15:38:17,646 | INFO | 
  [27/450]
2026-05-29 15:38:17,647 | INFO |   ⏳ 32.9s (req #38)
2026-05-29 15:38:51,148 | INFO |   GET https://www.gsmarena.com/alcatel_smart_tab_7-9837.php → 200
2026-05-29 15:38:51,171 | INFO |       📱 alcatel Smart Tab 7 | Main=0.3MP | Selfie=2.0MP | AnTuTu=None | Price=$None | IP=None | Populated=36/68 fields
2026-05-29 15:38:51,175 | INFO |   💾 [27/450] saved
2026-05-29 15:38:51,175 | INFO | 
  [28/450]
2026-05-29 15:38:51,175 | INFO |   ⏳ 34.1s (req #39)
2026-05-29 15:39:25,786 | INFO |   GET https://www.gsmarena.com/alcatel_3t_10-9601.php → 200
2026-05-29 15:39:25,813 | INFO |       📱 alcatel 3T 10 | Main=2.0MP | Selfie=2.0MP | AnTuTu=None | Price=$None | IP=None | Populated=39/68 fields
2026-05-29 15:39:25,816 | INFO |   💾 [28/450] saved
2026-05-29 15:39:25,816 | INFO | 
  [29/450]
2026-05-29 15:39:25,817 | INFO |   ⏳ 41.1s (req #40)
2026-05-29 15:40:07,409 | INFO |   GET https://www.gsmarena.com/alcatel_3l-9600.php → 200
2026-05-29 15:40:07,433 | INFO |       📱 alcatel 3L | Main=13.0MP | Selfie=8.0MP | AnTuTu=None | Price=$None | IP=None | Populated=46/68 fields
2026-05-29 15:40:07,437 | INFO |   💾 [29/450] saved
2026-05-29 15:40:07,437 | INFO | 
  [30/450]
2026-05-29 15:40:07,437 | INFO |   ⏳ 38.3s (req #41)
2026-05-29 15:40:46,565 | INFO |   GET https://www.gsmarena.com/alcatel_3_(2019)-9599.php → 200
2026-05-29 15:40:46,590 | INFO |       📱 alcatel 3 (2019) | Main=13.0MP | Selfie=8.0MP | AnTuTu=None | Price=$None | IP=None | Populated=46/68 fields
2026-05-29 15:40:46,593 | INFO |   💾 [30/450] saved
2026-05-29 15:40:46,593 | INFO | 
  [31/450]
2026-05-29 15:40:46,593 | INFO |   ⏳ 24.0s (req #42)
2026-05-29 15:41:11,185 | INFO |   GET https://www.gsmarena.com/alcatel_1s-9598.php → 200
2026-05-29 15:41:11,215 | INFO |       📱 alcatel 1s | Main=13.0MP | Selfie=5.0MP | AnTuTu=None | Price=$None | IP=None | Populated=43/68 fields
2026-05-29 15:41:11,219 | INFO |   💾 [31/450] saved
2026-05-29 15:41:11,219 | INFO | 
  [32/450]
2026-05-29 15:41:11,219 | INFO |   ⏳ 29.3s (req #43)
2026-05-29 15:41:41,202 | INFO |   GET https://www.gsmarena.com/alcatel_1x_(2019)-9510.php → 200
2026-05-29 15:41:41,232 | INFO |       📱 alcatel 1x (2019) | Main=13.0MP | Selfie=5.0MP | AnTuTu=None | Price=$None | IP=None | Populated=43/68 fields
2026-05-29 15:41:41,235 | INFO |   💾 [32/450] saved
2026-05-29 15:41:41,235 | INFO | 
  [33/450]
2026-05-29 15:41:41,236 | INFO |   ⏳ 39.2s (req #44)
2026-05-29 15:42:21,290 | INFO |   GET https://www.gsmarena.com/alcatel_1c_(2019)-9511.php → 200
2026-05-29 15:42:21,316 | INFO |       📱 alcatel 1c (2019) | Main=5.0MP | Selfie=2.0MP | AnTuTu=None | Price=$None | IP=None | Populated=40/68 fields
2026-05-29 15:42:21,320 | INFO |   💾 [33/450] saved
2026-05-29 15:42:21,320 | INFO | 
  [34/450]
2026-05-29 15:42:21,320 | INFO |   ⏳ 15.5s (req #45)
2026-05-29 15:42:37,476 | INFO |   GET https://www.gsmarena.com/alcatel_1-9985.php → 200
2026-05-29 15:42:37,498 | INFO |       📱 alcatel 1 | Main=5.0MP | Selfie=2.0MP | AnTuTu=None | Price=$None | IP=None | Populated=44/68 fields
2026-05-29 15:42:37,502 | INFO |   💾 [34/450] saved
2026-05-29 15:42:37,502 | INFO | 
  [35/450]
2026-05-29 15:42:37,502 | INFO |   ⏳ 31.7s (req #46)
2026-05-29 15:43:09,818 | INFO |   GET https://www.gsmarena.com/alcatel_tetra-9574.php → 200
2026-05-29 15:43:09,842 | INFO |       📱 alcatel Tetra | Main=5.0MP | Selfie=2.0MP | AnTuTu=None | Price=$None | IP=None | Populated=42/68 fields
2026-05-29 15:43:09,846 | INFO |   💾 [35/450] saved
2026-05-29 15:43:09,846 | INFO | 
  [36/450]
2026-05-29 15:43:09,847 | INFO |   ⏳ 27.8s (req #47)
2026-05-29 15:43:38,256 | INFO |   GET https://www.gsmarena.com/alcatel_7-9291.php → 200
2026-05-29 15:43:38,277 | INFO |       📱 alcatel 7 | Main=12.0MP | Selfie=8.0MP | AnTuTu=None | Price=$None | IP=None | Populated=47/68 fields
2026-05-29 15:43:38,281 | INFO |   💾 [36/450] saved
2026-05-29 15:43:38,281 | INFO | 
  [37/450]
2026-05-29 15:43:38,282 | INFO |   ⏳ 40.3s (req #48)
2026-05-29 15:44:19,086 | INFO |   GET https://www.gsmarena.com/alcatel_5v-9271.php → 200
2026-05-29 15:44:19,109 | INFO |       📱 alcatel 5v | Main=12.0MP | Selfie=8.0MP | AnTuTu=None | Price=$None | IP=None | Populated=47/68 fields
2026-05-29 15:44:19,113 | INFO |   💾 [37/450] saved
2026-05-29 15:44:19,113 | INFO | 
  [38/450]
2026-05-29 15:44:19,113 | INFO |   ⏳ 17.3s (req #49)
2026-05-29 15:44:37,015 | INFO |   GET https://www.gsmarena.com/alcatel_5-9012.php → 200
2026-05-29 15:44:37,052 | INFO |       📱 alcatel 5 | Main=12.0MP | Selfie=13.0MP | AnTuTu=None | Price=$None | IP=None | Populated=45/68 fields
2026-05-29 15:44:37,055 | INFO |   💾 [38/450] saved
2026-05-29 15:44:37,056 | INFO | 
  [39/450]
2026-05-29 15:44:37,056 | INFO |   ⏳ 43.3s (req #50)
2026-05-29 15:45:20,865 | INFO |   GET https://www.gsmarena.com/alcatel_3v-9004.php → 200
2026-05-29 15:45:20,895 | INFO |       📱 alcatel 3v | Main=12.0MP | Selfie=5.0MP | AnTuTu=None | Price=$None | IP=None | Populated=44/68 fields
2026-05-29 15:45:20,903 | INFO |   💾 [39/450] saved
2026-05-29 15:45:20,904 | INFO | 
  [40/450]
2026-05-29 15:45:20,905 | INFO |   ⏳ 19.2s (req #51)
2026-05-29 15:45:40,661 | INFO |   GET https://www.gsmarena.com/alcatel_3x_(2018)-9084.php → 200
2026-05-29 15:45:40,690 | INFO |       📱 alcatel 3x (2018) | Main=NoneMP | Selfie=NoneMP | AnTuTu=None | Price=$None | IP=None | Populated=41/68 fields
2026-05-29 15:45:40,693 | INFO |   💾 [40/450] saved
2026-05-29 15:45:40,694 | INFO | 
  [41/450]
2026-05-29 15:45:40,694 | INFO |   ⏳ 43.9s (req #52)
2026-05-29 15:46:25,204 | INFO |   GET https://www.gsmarena.com/alcatel_3-9085.php → 200
2026-05-29 15:46:25,226 | INFO |       📱 alcatel 3 | Main=13.0MP | Selfie=5.0MP | AnTuTu=None | Price=$None | IP=None | Populated=45/68 fields
2026-05-29 15:46:25,229 | INFO |   💾 [41/450] saved
2026-05-29 15:46:25,229 | INFO | 
  [42/450]
2026-05-29 15:46:25,229 | INFO |   ⏳ 29.5s (req #53)
2026-05-29 15:46:55,527 | INFO |   GET https://www.gsmarena.com/alcatel_1x-9086.php → 200
2026-05-29 15:46:55,551 | INFO |       📱 alcatel 1x | Main=8.0MP | Selfie=5.0MP | AnTuTu=None | Price=$None | IP=None | Populated=46/68 fields
2026-05-29 15:46:55,555 | INFO |   💾 [42/450] saved
2026-05-29 15:46:55,555 | INFO | 
  [43/450]
2026-05-29 15:46:55,556 | INFO |   ⏳ 29.4s (req #54)
2026-05-29 15:47:25,612 | INFO |   GET https://www.gsmarena.com/alcatel_3c-8989.php → 200
2026-05-29 15:47:25,643 | INFO |       📱 alcatel 3c | Main=8.0MP | Selfie=5.0MP | AnTuTu=None | Price=$None | IP=None | Populated=40/68 fields
2026-05-29 15:47:25,646 | INFO |   💾 [43/450] saved
2026-05-29 15:47:25,647 | INFO | 
  [44/450]
2026-05-29 15:47:25,647 | INFO |   ⏳ 37.4s (req #55)
2026-05-29 15:48:03,580 | INFO |   GET https://www.gsmarena.com/alcatel_3088-9986.php → 200
2026-05-29 15:48:03,632 | INFO |       📱 alcatel 3088 | Main=2.0MP | Selfie=NoneMP | AnTuTu=None | Price=$None | IP=None | Populated=34/68 fields
2026-05-29 15:48:03,635 | INFO |   💾 [44/450] saved
2026-05-29 15:48:03,636 | INFO | 
  [45/450]
2026-05-29 15:48:03,636 | INFO |   ⏳ 21.2s (req #56)
2026-05-29 15:48:25,324 | INFO |   GET https://www.gsmarena.com/alcatel_1t_10-9093.php → 200
2026-05-29 15:48:25,344 | INFO |       📱 alcatel 1T 10 | Main=2.0MP | Selfie=2.0MP | AnTuTu=None | Price=$None | IP=None | Populated=38/68 fields
2026-05-29 15:48:25,348 | INFO |   💾 [45/450] saved
2026-05-29 15:48:25,348 | INFO | 
  [46/450]
2026-05-29 15:48:25,349 | INFO |   ⏳ 19.6s (req #57)
2026-05-29 15:48:45,484 | INFO |   GET https://www.gsmarena.com/alcatel_1t_7-9094.php → 200
2026-05-29 15:48:45,518 | INFO |       📱 alcatel 1T 7 | Main=2.0MP | Selfie=NoneMP | AnTuTu=None | Price=$None | IP=None | Populated=37/68 fields
2026-05-29 15:48:45,522 | INFO |   💾 [46/450] saved
2026-05-29 15:48:45,523 | INFO | 
  [47/450]
2026-05-29 15:48:45,523 | INFO |   ⏳ 23.7s (req #58)
2026-05-29 15:49:09,929 | INFO |   GET https://www.gsmarena.com/alcatel_idol_5s-8844.php → 200
2026-05-29 15:49:09,951 | INFO |       📱 alcatel Idol 5s | Main=12.0MP | Selfie=8.0MP | AnTuTu=None | Price=$None | IP=None | Populated=44/68 fields
2026-05-29 15:49:09,954 | INFO |   💾 [47/450] saved
2026-05-29 15:49:09,954 | INFO | 
  [48/450]
2026-05-29 15:49:09,955 | INFO |   ⏳ 38.6s (req #59)
2026-05-29 15:49:49,441 | INFO |   GET https://www.gsmarena.com/alcatel_idol_5-8832.php → 200
2026-05-29 15:49:49,466 | INFO |       📱 alcatel Idol 5 | Main=13.0MP | Selfie=5.0MP | AnTuTu=None | Price=$None | IP=None | Populated=44/68 fields
2026-05-29 15:49:49,469 | INFO |   💾 [48/450] saved
2026-05-29 15:49:49,469 | INFO | 
  [49/450]
2026-05-29 15:49:49,470 | INFO |   ☕ Long pause 293s ...
2026-05-29 15:54:43,655 | INFO |   GET https://www.gsmarena.com/alcatel_a7_xl-8843.php → 200
2026-05-29 15:54:43,676 | INFO |       📱 alcatel A7 XL | Main=12.0MP | Selfie=5.0MP | AnTuTu=None | Price=$None | IP=None | Populated=45/68 fields
2026-05-29 15:54:43,680 | INFO |   💾 [49/450] saved
2026-05-29 15:54:43,680 | INFO | 
  [50/450]
2026-05-29 15:54:43,680 | INFO |   ⏳ 28.7s (req #61)
2026-05-29 15:55:14,347 | INFO |   GET https://www.gsmarena.com/alcatel_a7-8830.php → 200
2026-05-29 15:55:14,381 | INFO |       📱 alcatel A7 | Main=16.0MP | Selfie=8.0MP | AnTuTu=None | Price=$None | IP=None | Populated=45/68 fields
2026-05-29 15:55:14,385 | INFO |   💾 [50/450] saved
2026-05-29 15:55:14,385 | INFO | 
  [51/450]
2026-05-29 15:55:14,385 | INFO |   ⏳ 42.2s (req #62)
2026-05-29 15:55:59,869 | INFO |   GET https://www.gsmarena.com/xiaomi_17t_pro_5g-14651.php → 200
2026-05-29 15:55:59,904 | INFO |       📱 Xiaomi 17T Pro | Main=50.0MP | Selfie=32.0MP | AnTuTu=2795030 | Price=$None | IP=IP68 | Populated=61/68 fields
2026-05-29 15:55:59,907 | INFO |   💾 [51/450] saved
2026-05-29 15:55:59,907 | INFO | 
  [52/450]
2026-05-29 15:55:59,907 | INFO |   ⏳ 42.7s (req #63)
2026-05-29 15:56:44,419 | INFO |   GET https://www.gsmarena.com/xiaomi_17t_5g-14652.php → 200
2026-05-29 15:56:44,444 | INFO |       📱 Xiaomi 17T | Main=50.0MP | Selfie=32.0MP | AnTuTu=1640834 | Price=$None | IP=IP68 | Populated=60/68 fields
2026-05-29 15:56:44,447 | INFO |   💾 [52/450] saved
2026-05-29 15:56:44,448 | INFO | 
  [53/450]
2026-05-29 15:56:44,448 | INFO |   ⏳ 24.0s (req #64)
2026-05-29 15:57:09,223 | INFO |   GET https://www.gsmarena.com/xiaomi_watch_s5-14696.php → 200
2026-05-29 15:57:09,245 | INFO |       📱 Xiaomi Watch S5 | Main=NoneMP | Selfie=NoneMP | AnTuTu=None | Price=$None | IP=None | Populated=25/68 fields
2026-05-29 15:57:09,248 | INFO |   💾 [53/450] saved
2026-05-29 15:57:09,249 | INFO | 
  [54/450]
2026-05-29 15:57:09,249 | INFO |   ⏳ 42.3s (req #65)
2026-05-29 15:57:55,700 | INFO |   GET https://www.gsmarena.com/zte_nubia_redmagic_11s_pro_5g-14669.php → 200
2026-05-29 15:57:55,724 | INFO |       📱 ZTE nubia RedMagic 11S Pro | Main=50.0MP | Selfie=16.0MP | AnTuTu=None | Price=$None | IP=None | Populated=53/68 fields
2026-05-29 15:57:55,728 | INFO |   💾 [54/450] saved
2026-05-29 15:57:55,728 | INFO | 
  [55/450]
2026-05-29 15:57:55,728 | INFO |   ⏳ 19.2s (req #66)
2026-05-29 15:58:16,700 | INFO |   GET https://www.gsmarena.com/vivo_s60_5g-14692.php → 200
2026-05-29 15:58:16,734 | INFO |       📱 vivo S60 | Main=50.0MP | Selfie=50.0MP | AnTuTu=None | Price=$None | IP=IP68 | Populated=51/68 fields
2026-05-29 15:58:16,738 | INFO |   💾 [55/450] saved
2026-05-29 15:58:16,738 | INFO | 
  [56/450]
2026-05-29 15:58:16,738 | INFO |   ⏳ 20.9s (req #67)
2026-05-29 15:58:38,927 | INFO |   GET https://www.gsmarena.com/ulefone_tab_a12_pro-14695.php → 200
2026-05-29 15:58:38,951 | INFO |       📱 Ulefone Tab A12 Pro | Main=13.0MP | Selfie=5.0MP | AnTuTu=None | Price=$None | IP=None | Populated=43/68 fields
2026-05-29 15:58:38,954 | INFO |   💾 [56/450] saved
2026-05-29 15:58:38,955 | INFO | 
  [57/450]
2026-05-29 15:58:38,955 | INFO |   ⏳ 18.5s (req #68)
2026-05-29 15:59:00,833 | INFO |   GET https://www.gsmarena.com/xiaomi_17_max_5g-14667.php → 200
2026-05-29 15:59:00,863 | INFO |       📱 Xiaomi 17 Max | Main=200.0MP | Selfie=32.0MP | AnTuTu=None | Price=$None | IP=IP68 | Populated=53/68 fields
2026-05-29 15:59:00,869 | INFO |   💾 [57/450] saved
2026-05-29 15:59:00,870 | INFO | 
  [58/450]
2026-05-29 15:59:00,870 | INFO |   ⏳ 22.9s (req #69)
2026-05-29 15:59:25,274 | INFO |   GET https://www.gsmarena.com/vivo_s60_vitality_5g-14693.php → 200
2026-05-29 15:59:25,297 | INFO |       📱 vivo S60 Vitality | Main=50.0MP | Selfie=50.0MP | AnTuTu=None | Price=$None | IP=IP68 | Populated=49/68 fields
2026-05-29 15:59:25,300 | INFO |   💾 [58/450] saved
2026-05-29 15:59:25,301 | INFO | 
  [59/450]
2026-05-29 15:59:25,301 | INFO |   ⏳ 37.2s (req #70)
2026-05-29 16:00:03,410 | INFO |   GET https://www.gsmarena.com/vivo_y600_turbo_5g-14687.php → 200
2026-05-29 16:00:03,435 | INFO |       📱 vivo Y600 Turbo | Main=50.0MP | Selfie=8.0MP | AnTuTu=None | Price=$None | IP=IP68 | Populated=48/68 fields
2026-05-29 16:00:03,439 | INFO |   💾 [59/450] saved
2026-05-29 16:00:03,439 | INFO | 
  [60/450]
2026-05-29 16:00:03,439 | INFO |   ⏳ 24.7s (req #71)
2026-05-29 16:00:30,698 | INFO |   GET https://www.gsmarena.com/realme_16t_5g-14674.php → 200
2026-05-29 16:00:30,722 | INFO |       📱 Realme 16T | Main=50.0MP | Selfie=16.0MP | AnTuTu=438780 | Price=$None | IP=IP68 | Populated=52/68 fields
2026-05-29 16:00:30,726 | INFO |   💾 [60/450] saved
2026-05-29 16:00:30,726 | INFO | 
  [61/450]
2026-05-29 16:00:30,727 | INFO |   ⏳ 38.5s (req #72)
2026-05-29 16:01:09,857 | INFO |   GET https://www.gsmarena.com/honor_600_5g-14605.php → 200
2026-05-29 16:01:09,894 | INFO |       📱 Honor 600 | Main=200.0MP | Selfie=50.0MP | AnTuTu=1087148 | Price=$503.86 | IP=IP68 | Populated=60/68 fields
2026-05-29 16:01:09,899 | INFO |   💾 [61/450] saved
2026-05-29 16:01:09,900 | INFO | 
  [62/450]
2026-05-29 16:01:09,900 | INFO |   ⏳ 23.9s (req #73)
2026-05-29 16:01:36,244 | INFO |   GET https://www.gsmarena.com/sony_xperia_1_viii_5g-14660.php → 200
2026-05-29 16:01:36,273 | INFO |       📱 Sony Xperia 1 VIII | Main=48.0MP | Selfie=12.0MP | AnTuTu=2312684 | Price=$None | IP=IP65 | Populated=63/68 fields
2026-05-29 16:01:36,277 | INFO |   💾 [62/450] saved
2026-05-29 16:01:36,277 | INFO | 
  [63/450]
2026-05-29 16:01:36,278 | INFO |   ⏳ 44.9s (req #74)
2026-05-29 16:02:23,921 | INFO |   GET https://www.gsmarena.com/honor_600_pro_5g-14604.php → 200
2026-05-29 16:02:23,953 | INFO |       📱 Honor 600 Pro | Main=200.0MP | Selfie=50.0MP | AnTuTu=2221352 | Price=$835.26 | IP=IP68 | Populated=60/68 fields
2026-05-29 16:02:23,957 | INFO |   💾 [63/450] saved
2026-05-29 16:02:23,958 | INFO | 
  [64/450]
2026-05-29 16:02:23,958 | INFO |   ⏳ 19.4s (req #75)
2026-05-29 16:02:45,903 | INFO |   GET https://www.gsmarena.com/motorola_moto_g87_5g-14644.php → 200
2026-05-29 16:02:45,927 | INFO |       📱 Motorola Moto G87 | Main=200.0MP | Selfie=32.0MP | AnTuTu=None | Price=$None | IP=IP68 | Populated=50/68 fields
2026-05-29 16:02:45,930 | INFO |   💾 [64/450] saved
2026-05-29 16:02:45,930 | INFO | 
  [65/450]
2026-05-29 16:02:45,930 | INFO |   ⏳ 43.7s (req #76)
2026-05-29 16:03:33,272 | INFO |   GET https://www.gsmarena.com/motorola_moto_g47-14645.php → 200
2026-05-29 16:03:33,294 | INFO |       📱 Motorola Moto G47 | Main=108.0MP | Selfie=8.0MP | AnTuTu=None | Price=$None | IP=IP64 | Populated=49/68 fields
2026-05-29 16:03:33,297 | INFO |   💾 [65/450] saved
2026-05-29 16:03:33,298 | INFO | 
  [66/450]
2026-05-29 16:03:33,298 | INFO |   ⏳ 35.9s (req #77)
2026-05-29 16:04:11,903 | INFO |   GET https://www.gsmarena.com/motorola_razr_70_ultra-14641.php → 200
2026-05-29 16:04:11,936 | INFO |       📱 Motorola Razr 70 Ultra | Main=50.0MP | Selfie=50.0MP | AnTuTu=None | Price=$None | IP=IP48 | Populated=54/68 fields
2026-05-29 16:04:11,940 | INFO |   💾 [66/450] saved
2026-05-29 16:04:11,940 | INFO | 
  [67/450]
2026-05-29 16:04:11,941 | INFO |   ⏳ 28.4s (req #78)
2026-05-29 16:04:42,757 | INFO |   GET https://www.gsmarena.com/motorola_razr_70-14643.php → 200
2026-05-29 16:04:42,783 | INFO |       📱 Motorola Razr 70 | Main=50.0MP | Selfie=32.0MP | AnTuTu=None | Price=$None | IP=IP48 | Populated=55/68 fields
2026-05-29 16:04:42,788 | INFO |   💾 [67/450] saved
2026-05-29 16:04:42,788 | INFO | 
  [68/450]
2026-05-29 16:04:42,788 | INFO |   ⏳ 39.7s (req #79)
2026-05-29 16:05:24,367 | INFO |   GET https://www.gsmarena.com/vivo_x300_ultra_5g-14388.php → 200
2026-05-29 16:05:24,394 | INFO |       📱 vivo X300 Ultra | Main=200.0MP | Selfie=50.0MP | AnTuTu=2723497 | Price=$None | IP=IP68 | Populated=62/68 fields
2026-05-29 16:05:24,399 | INFO |   💾 [68/450] saved
2026-05-29 16:05:24,399 | INFO | 
  [69/450]
2026-05-29 16:05:24,399 | INFO |   ⏳ 25.5s (req #80)
2026-05-29 16:05:57,121 | INFO |   GET https://www.gsmarena.com/samsung_galaxy_a57-14379.php → 200
2026-05-29 16:05:57,148 | INFO |       📱 Samsung Galaxy A57 | Main=50.0MP | Selfie=12.0MP | AnTuTu=1001995 | Price=$489.99 | IP=IP68 | Populated=63/68 fields
2026-05-29 16:05:57,152 | INFO |   💾 [69/450] saved
2026-05-29 16:05:57,152 | INFO | 
  [70/450]
2026-05-29 16:05:57,153 | INFO |   ⏳ 37.7s (req #81)
2026-05-29 16:06:37,601 | INFO |   GET https://www.gsmarena.com/samsung_galaxy_s26_ultra-14320.php → 200
2026-05-29 16:06:37,637 | INFO |       📱 Samsung Galaxy S26 Ultra | Main=200.0MP | Selfie=12.0MP | AnTuTu=2627986 | Price=$1049.99 | IP=IP68 | Populated=66/68 fields
2026-05-29 16:06:37,641 | INFO |   💾 [70/450] saved
2026-05-29 16:06:37,641 | INFO | 
  [71/450]
2026-05-29 16:06:37,641 | INFO |   ⏳ 39.4s (req #82)
2026-05-29 16:07:28,111 | INFO |   GET https://www.gsmarena.com/xiaomi_17t_pro-14651.php → 200
2026-05-29 16:07:28,138 | INFO |       📱 Xiaomi 17T Pro | Main=50.0MP | Selfie=32.0MP | AnTuTu=2795030 | Price=$None | IP=IP68 | Populated=61/68 fields
2026-05-29 16:07:28,143 | INFO |   💾 [71/450] saved
2026-05-29 16:07:28,143 | INFO | 
  [72/450]
2026-05-29 16:07:28,144 | INFO |   ⏳ 32.5s (req #83)
2026-05-29 16:08:02,462 | INFO |   GET https://www.gsmarena.com/xiaomi_17_max-14667.php → 200
2026-05-29 16:08:02,484 | INFO |       📱 Xiaomi 17 Max | Main=200.0MP | Selfie=32.0MP | AnTuTu=None | Price=$None | IP=IP68 | Populated=53/68 fields
2026-05-29 16:08:02,488 | INFO |   💾 [72/450] saved
2026-05-29 16:08:02,488 | INFO | 
  [73/450]
2026-05-29 16:08:02,489 | INFO |   ⏳ 40.4s (req #84)
2026-05-29 16:08:44,088 | INFO |   GET https://www.gsmarena.com/xiaomi_17t-14652.php → 200
2026-05-29 16:08:44,113 | INFO |       📱 Xiaomi 17T | Main=50.0MP | Selfie=32.0MP | AnTuTu=1640834 | Price=$None | IP=IP68 | Populated=60/68 fields
2026-05-29 16:08:44,118 | INFO |   💾 [73/450] saved
2026-05-29 16:08:44,118 | INFO | 
  [74/450]
2026-05-29 16:08:44,118 | INFO |   ⏳ 38.2s (req #85)
2026-05-29 16:09:29,467 | INFO |   GET https://www.gsmarena.com/samsung_galaxy_a17-14041.php → 200
2026-05-29 16:09:29,498 | INFO |       📱 Samsung Galaxy A17 | Main=50.0MP | Selfie=13.0MP | AnTuTu=435787 | Price=$99.88 | IP=IP54 | Populated=59/68 fields
2026-05-29 16:09:29,501 | INFO |   💾 [74/450] saved
2026-05-29 16:09:29,502 | INFO | 
  [75/450]
2026-05-29 16:09:29,502 | INFO |   ⏳ 38.3s (req #86)
2026-05-29 16:10:10,341 | INFO |   GET https://www.gsmarena.com/apple_iphone_17_pro_max-13964.php → 200
2026-05-29 16:10:10,395 | INFO |       📱 Apple iPhone 17 Pro Max | Main=48.0MP | Selfie=18.0MP | AnTuTu=2600583 | Price=$985.0 | IP=IP68 | Populated=65/68 fields
2026-05-29 16:10:10,399 | INFO |   💾 [75/450] saved
2026-05-29 16:10:10,400 | INFO | 
  [76/450]
2026-05-29 16:10:10,400 | INFO |   ⏳ 44.6s (req #87)
2026-05-29 16:11:00,242 | INFO |   GET https://www.gsmarena.com/sony_xperia_1_viii-14660.php → 200
2026-05-29 16:11:00,281 | INFO |       📱 Sony Xperia 1 VIII | Main=48.0MP | Selfie=12.0MP | AnTuTu=2312684 | Price=$None | IP=IP65 | Populated=63/68 fields
2026-05-29 16:11:00,285 | INFO |   💾 [76/450] saved
2026-05-29 16:11:00,285 | INFO | 
  [77/450]
2026-05-29 16:11:00,286 | INFO |   ⏳ 44.1s (req #88)
2026-05-29 16:11:49,872 | INFO |   GET https://www.gsmarena.com/xiaomi_redmi_note_15-14328.php → 200
2026-05-29 16:11:49,905 | INFO |       📱 Xiaomi Redmi Note 15 | Main=108.0MP | Selfie=20.0MP | AnTuTu=637266 | Price=$254.99 | IP=IP66 | Populated=61/68 fields
2026-05-29 16:11:49,909 | INFO |   💾 [77/450] saved
2026-05-29 16:11:49,909 | INFO | 
  [78/450]
2026-05-29 16:11:49,909 | INFO |   ⏳ 18.6s (req #89)
2026-05-29 16:12:11,209 | INFO |   GET https://www.gsmarena.com/infinix_hot_70-14683.php → 200
2026-05-29 16:12:11,235 | INFO |       📱 Infinix Hot 70 | Main=50.0MP | Selfie=8.0MP | AnTuTu=None | Price=$None | IP=IP65 | Populated=49/68 fields
2026-05-29 16:12:11,240 | INFO |   💾 [78/450] saved
2026-05-29 16:12:11,241 | INFO | 
  [79/450]
2026-05-29 16:12:11,241 | INFO |   ☕ Long pause 204s ...
2026-05-29 16:15:38,448 | INFO |   GET https://www.gsmarena.com/samsung_galaxy_a56-13603.php → 200
2026-05-29 16:15:38,481 | INFO |       📱 Samsung Galaxy A56 | Main=50.0MP | Selfie=12.0MP | AnTuTu=908689 | Price=$369.5 | IP=IP67 | Populated=63/68 fields
2026-05-29 16:15:38,485 | INFO |   💾 [79/450] saved
2026-05-29 16:15:38,486 | INFO | 
  [80/450]
2026-05-29 16:15:38,486 | INFO |   ⏳ 37.9s (req #91)
2026-05-29 16:16:17,141 | INFO |   GET https://www.gsmarena.com/xiaomi_15_ultra-13657.php → 200
2026-05-29 16:16:17,183 | INFO |       📱 Xiaomi 15 Ultra | Main=50.0MP | Selfie=32.0MP | AnTuTu=None | Price=$None | IP=IP68 | Populated=59/68 fields
2026-05-29 16:16:17,187 | INFO |   💾 [80/450] saved
2026-05-29 16:16:17,187 | INFO | 
  [81/450]
2026-05-29 16:16:17,187 | INFO |   ⏳ 43.8s (req #92)
2026-05-29 16:17:01,666 | INFO |   GET https://www.gsmarena.com/xiaomi_poco_x7_pro-13582.php → 200
2026-05-29 16:17:01,699 | INFO |       📱 Xiaomi Poco X7 Pro | Main=50.0MP | Selfie=20.0MP | AnTuTu=1568331 | Price=$374.0 | IP=IP68 | Populated=62/68 fields
2026-05-29 16:17:01,702 | INFO |   💾 [81/450] saved
2026-05-29 16:17:01,703 | INFO | 
  [82/450]
2026-05-29 16:17:01,703 | INFO |   ⏳ 17.9s (req #93)
2026-05-29 16:17:21,074 | INFO |   GET https://www.gsmarena.com/xiaomi_17_pro_max-14181.php → 200
2026-05-29 16:17:21,133 | INFO |       📱 Xiaomi 17 Pro Max | Main=50.0MP | Selfie=50.0MP | AnTuTu=2456317 | Price=$None | IP=IP68 | Populated=61/68 fields
2026-05-29 16:17:21,136 | INFO |   💾 [82/450] saved
2026-05-29 16:17:21,136 | INFO | 
  [83/450]
2026-05-29 16:17:21,137 | INFO |   ⏳ 15.2s (req #94)
2026-05-29 16:17:37,509 | INFO |   GET https://www.gsmarena.com/oneplus_15-14206.php → 200
2026-05-29 16:17:37,542 | INFO |       📱 OnePlus 15 | Main=50.0MP | Selfie=32.0MP | AnTuTu=2790237 | Price=$729.95 | IP=IP68 | Populated=65/68 fields
2026-05-29 16:17:37,546 | INFO |   💾 [83/450] saved
2026-05-29 16:17:37,546 | INFO | 
  [84/450]
2026-05-29 16:17:37,546 | INFO |   ⏳ 37.4s (req #95)
2026-05-29 16:18:17,895 | INFO |   GET https://www.gsmarena.com/samsung_galaxy_s25-13610.php → 200
2026-05-29 16:18:17,932 | INFO |       📱 Samsung Galaxy S25 | Main=50.0MP | Selfie=12.0MP | AnTuTu=2193701 | Price=$438.65 | IP=IP68 | Populated=66/68 fields
2026-05-29 16:18:17,935 | INFO |   💾 [84/450] saved
2026-05-29 16:18:17,936 | INFO | 
  [85/450]
2026-05-29 16:18:17,936 | INFO |   ⏳ 43.1s (req #96)
2026-05-29 16:19:06,143 | INFO |   GET https://www.gsmarena.com/xiaomi_17_ultra-14380.php → 200
2026-05-29 16:19:06,169 | INFO |       📱 Xiaomi 17 Ultra | Main=50.0MP | Selfie=50.0MP | AnTuTu=2777490 | Price=$None | IP=IP68 | Populated=63/68 fields
2026-05-29 16:19:06,173 | INFO |   💾 [85/450] saved
2026-05-29 16:19:06,174 | INFO | 
  [86/450]
2026-05-29 16:19:06,174 | INFO |   ⏳ 16.9s (req #97)
2026-05-29 16:19:28,251 | INFO |   GET https://www.gsmarena.com/oppo_find_x9_pro-14094.php → 200
2026-05-29 16:19:28,279 | INFO |       📱 Oppo Find X9 Pro | Main=50.0MP | Selfie=50.0MP | AnTuTu=2719560 | Price=$None | IP=IP68 | Populated=62/68 fields
2026-05-29 16:19:28,282 | INFO |   💾 [86/450] saved
2026-05-29 16:19:28,283 | INFO | 
  [87/450]
2026-05-29 16:19:28,283 | INFO |   ⏳ 36.6s (req #98)
2026-05-29 16:20:06,564 | INFO |   GET https://www.gsmarena.com/alcatel_u5_hd-8819.php → 200
2026-05-29 16:20:06,584 | INFO |       📱 alcatel U5 HD | Main=13.0MP | Selfie=8.0MP | AnTuTu=None | Price=$None | IP=None | Populated=41/68 fields
2026-05-29 16:20:06,587 | INFO |   💾 [87/450] saved
2026-05-29 16:20:06,587 | INFO | 
  [88/450]
2026-05-29 16:20:06,587 | INFO |   ⏳ 15.6s (req #99)
2026-05-29 16:20:24,780 | INFO |   GET https://www.gsmarena.com/alcatel_pulsemix-8803.php → 200
2026-05-29 16:20:24,800 | INFO |       📱 alcatel Pulsemix | Main=8.0MP | Selfie=2.0MP | AnTuTu=None | Price=$None | IP=None | Populated=40/68 fields
2026-05-29 16:20:24,803 | INFO |   💾 [88/450] saved
2026-05-29 16:20:24,804 | INFO | 
  [89/450]
2026-05-29 16:20:24,804 | INFO |   ⏳ 33.7s (req #100)
2026-05-29 16:21:00,271 | INFO |   GET https://www.gsmarena.com/alcatel_idol_5s_(usa)-8569.php → 200
2026-05-29 16:21:00,301 | INFO |       📱 alcatel Idol 5s (USA) | Main=12.0MP | Selfie=8.0MP | AnTuTu=None | Price=$None | IP=None | Populated=44/68 fields
2026-05-29 16:21:00,305 | INFO |   💾 [89/450] saved
2026-05-29 16:21:00,305 | INFO | 
  [90/450]
2026-05-29 16:21:00,306 | INFO |   ⏳ 19.6s (req #101)
2026-05-29 16:21:21,853 | INFO |   GET https://www.gsmarena.com/alcatel_flash_(2017)-8639.php → 200
2026-05-29 16:21:21,874 | INFO |       📱 alcatel Flash (2017) | Main=13.0MP | Selfie=8.0MP | AnTuTu=None | Price=$None | IP=None | Populated=45/68 fields
2026-05-29 16:21:21,878 | INFO |   💾 [90/450] saved
2026-05-29 16:21:21,878 | INFO | 
  [91/450]
2026-05-29 16:21:21,879 | INFO |   ⏳ 31.6s (req #102)
2026-05-29 16:21:55,854 | INFO |   GET https://www.gsmarena.com/alcatel_u5-8591.php → 200
2026-05-29 16:21:55,878 | INFO |       📱 alcatel U5 | Main=5.0MP | Selfie=2.0MP | AnTuTu=None | Price=$None | IP=None | Populated=41/68 fields
2026-05-29 16:21:55,883 | INFO |   💾 [91/450] saved
2026-05-29 16:21:55,883 | INFO | 
  [92/450]
2026-05-29 16:21:55,883 | INFO |   ⏳ 19.7s (req #103)
2026-05-29 16:22:17,511 | INFO |   GET https://www.gsmarena.com/alcatel_a5_led-8590.php → 200
2026-05-29 16:22:17,535 | INFO |       📱 alcatel A5 LED | Main=8.0MP | Selfie=5.0MP | AnTuTu=None | Price=$None | IP=None | Populated=41/68 fields
2026-05-29 16:22:17,538 | INFO |   💾 [92/450] saved
2026-05-29 16:22:17,538 | INFO | 
  [93/450]
2026-05-29 16:22:17,539 | INFO |   ⏳ 38.7s (req #104)
2026-05-29 16:22:59,675 | INFO |   GET https://www.gsmarena.com/alcatel_a3-8589.php → 200
2026-05-29 16:22:59,697 | INFO |       📱 alcatel A3 | Main=13.0MP | Selfie=5.0MP | AnTuTu=None | Price=$None | IP=None | Populated=42/68 fields
2026-05-29 16:22:59,701 | INFO |   💾 [93/450] saved
2026-05-29 16:22:59,702 | INFO | 
  [94/450]
2026-05-29 16:22:59,702 | INFO |   ⏳ 40.6s (req #105)
2026-05-29 16:23:41,497 | INFO |   GET https://www.gsmarena.com/alcatel_a3_xl-8512.php → 200
2026-05-29 16:23:41,518 | INFO |       📱 alcatel A3 XL | Main=8.0MP | Selfie=5.0MP | AnTuTu=None | Price=$None | IP=None | Populated=38/68 fields
2026-05-29 16:23:41,522 | INFO |   💾 [94/450] saved
2026-05-29 16:23:41,522 | INFO | 
  [95/450]
2026-05-29 16:23:41,522 | INFO |   ⏳ 30.4s (req #106)
2026-05-29 16:24:15,922 | INFO |   GET https://www.gsmarena.com/alcatel_shine_lite-8377.php → 200
2026-05-29 16:24:15,956 | INFO |       📱 alcatel Shine Lite | Main=13.0MP | Selfie=5.0MP | AnTuTu=None | Price=$None | IP=None | Populated=44/68 fields
2026-05-29 16:24:15,960 | INFO |   💾 [95/450] saved
2026-05-29 16:24:15,962 | INFO | 
  [96/450]
2026-05-29 16:24:15,963 | INFO |   ⏳ 20.4s (req #107)
2026-05-29 16:24:41,484 | INFO |   GET https://www.gsmarena.com/alcatel_pixi_4_plus_power-8352.php → 200
2026-05-29 16:24:41,503 | INFO |       📱 alcatel Pixi 4 Plus Power | Main=8.0MP | Selfie=5.0MP | AnTuTu=None | Price=$None | IP=None | Populated=41/68 fields
2026-05-29 16:24:41,508 | INFO |   💾 [96/450] saved
2026-05-29 16:24:41,508 | INFO | 
  [97/450]
2026-05-29 16:24:41,509 | INFO |   ⏳ 43.0s (req #108)
2026-05-29 16:25:28,016 | INFO |   GET https://www.gsmarena.com/alcatel_fierce_4-8298.php → 200
2026-05-29 16:25:28,035 | INFO |       📱 alcatel Fierce 4 | Main=8.0MP | Selfie=5.0MP | AnTuTu=None | Price=$None | IP=None | Populated=42/68 fields
2026-05-29 16:25:28,039 | INFO |   💾 [97/450] saved
2026-05-29 16:25:28,040 | INFO | 
  [98/450]
2026-05-29 16:25:28,040 | INFO |   ⏳ 27.9s (req #109)
2026-05-29 16:26:00,356 | INFO |   GET https://www.gsmarena.com/alcatel_x1-8205.php → 200
2026-05-29 16:26:00,378 | INFO |       📱 alcatel X1 | Main=13.0MP | Selfie=5.0MP | AnTuTu=None | Price=$None | IP=None | Populated=46/68 fields
2026-05-29 16:26:00,381 | INFO |   💾 [98/450] saved
2026-05-29 16:26:00,381 | INFO | 
  [99/450]
2026-05-29 16:26:00,381 | INFO |   ⏳ 34.2s (req #110)
2026-05-29 16:26:37,653 | INFO |   GET https://www.gsmarena.com/alcatel_pixi_4_(5)-8157.php → 200
2026-05-29 16:26:37,673 | INFO |       📱 alcatel Pixi 4 (5) | Main=8.0MP | Selfie=5.0MP | AnTuTu=None | Price=$None | IP=None | Populated=39/68 fields
2026-05-29 16:26:37,677 | INFO |   💾 [99/450] saved
2026-05-29 16:26:37,679 | INFO | 
  [100/450]
2026-05-29 16:26:37,679 | INFO |   ⏳ 41.4s (req #111)
2026-05-29 16:27:20,826 | INFO |   GET https://www.gsmarena.com/alcatel_flash_plus_2-8105.php → 200
2026-05-29 16:27:20,846 | INFO |       📱 alcatel Flash Plus 2 | Main=13.0MP | Selfie=5.0MP | AnTuTu=None | Price=$None | IP=None | Populated=45/68 fields
2026-05-29 16:27:20,850 | INFO |   💾 [100/450] saved
2026-05-29 16:27:20,850 | INFO | 
  [101/450]
2026-05-29 16:27:20,851 | INFO |   ⏳ 34.4s (req #112)
2026-05-29 16:27:55,761 | INFO |   GET https://www.gsmarena.com/alcatel_pop_7_lte-8060.php → 200
2026-05-29 16:27:55,783 | INFO |       📱 alcatel Pop 7 LTE | Main=5.0MP | Selfie=2.0MP | AnTuTu=None | Price=$None | IP=None | Populated=33/68 fields
2026-05-29 16:27:55,787 | INFO |   💾 [101/450] saved
2026-05-29 16:27:55,787 | INFO | 
  [102/450]
2026-05-29 16:27:55,787 | INFO |   ⏳ 26.4s (req #113)
2026-05-29 16:28:23,291 | INFO |   GET https://www.gsmarena.com/alcatel_pop_4s-7937.php → 200
2026-05-29 16:28:23,360 | INFO |       📱 alcatel Pop 4S | Main=13.0MP | Selfie=5.0MP | AnTuTu=None | Price=$None | IP=None | Populated=44/68 fields
2026-05-29 16:28:23,364 | INFO |   💾 [102/450] saved
2026-05-29 16:28:23,364 | INFO | 
  [103/450]
2026-05-29 16:28:23,364 | INFO |   ⏳ 36.9s (req #114)
2026-05-29 16:29:01,228 | INFO |   GET https://www.gsmarena.com/alcatel_pop_4+-7936.php → 200
2026-05-29 16:29:01,250 | INFO |       📱 alcatel Pop 4+ | Main=8.0MP | Selfie=5.0MP | AnTuTu=None | Price=$None | IP=None | Populated=42/68 fields
2026-05-29 16:29:01,254 | INFO |   💾 [103/450] saved
2026-05-29 16:29:01,254 | INFO | 
  [104/450]
2026-05-29 16:29:01,255 | INFO |   ⏳ 43.1s (req #115)
2026-05-29 16:29:51,090 | INFO |   GET https://www.gsmarena.com/alcatel_pop_4-7935.php → 200
2026-05-29 16:29:51,111 | INFO |       📱 alcatel Pop 4 | Main=8.0MP | Selfie=5.0MP | AnTuTu=None | Price=$None | IP=None | Populated=41/68 fields
2026-05-29 16:29:51,115 | INFO |   💾 [104/450] saved
2026-05-29 16:29:51,115 | INFO | 
  [105/450]
2026-05-29 16:29:51,116 | INFO |   ⏳ 15.8s (req #116)
2026-05-29 16:30:09,083 | INFO |   GET https://www.gsmarena.com/alcatel_idol_4s_windows-8449.php → 200
2026-05-29 16:30:09,104 | INFO |       📱 alcatel Idol 4s Windows | Main=21.0MP | Selfie=8.0MP | AnTuTu=None | Price=$None | IP=None | Populated=43/68 fields
2026-05-29 16:30:09,108 | INFO |   💾 [105/450] saved
2026-05-29 16:30:09,108 | INFO | 
  [106/450]
2026-05-29 16:30:09,108 | INFO |   ⏳ 41.8s (req #117)
2026-05-29 16:30:54,121 | INFO |   GET https://www.gsmarena.com/alcatel_idol_4s-7896.php → 200
2026-05-29 16:30:54,145 | INFO |       📱 alcatel Idol 4s | Main=16.0MP | Selfie=8.0MP | AnTuTu=None | Price=$None | IP=None | Populated=47/68 fields
2026-05-29 16:30:54,149 | INFO |   💾 [106/450] saved
2026-05-29 16:30:54,149 | INFO | 
  [107/450]
2026-05-29 16:30:54,149 | INFO |   ⏳ 42.6s (req #118)
2026-05-29 16:31:39,221 | INFO |   GET https://www.gsmarena.com/alcatel_idol_4-7897.php → 200
2026-05-29 16:31:39,243 | INFO |       📱 alcatel Idol 4 | Main=13.0MP | Selfie=8.0MP | AnTuTu=None | Price=$None | IP=None | Populated=46/68 fields
2026-05-29 16:31:39,247 | INFO |   💾 [107/450] saved
2026-05-29 16:31:39,247 | INFO | 
  [108/450]
2026-05-29 16:31:39,247 | INFO |   ⏳ 41.4s (req #119)
2026-05-29 16:32:21,914 | INFO |   GET https://www.gsmarena.com/alcatel_fierce_xl_(windows)-7856.php → 200
2026-05-29 16:32:21,942 | INFO |       📱 alcatel Fierce XL (Windows) | Main=8.0MP | Selfie=2.0MP | AnTuTu=None | Price=$None | IP=None | Populated=40/68 fields
2026-05-29 16:32:21,947 | INFO |   💾 [108/450] saved
2026-05-29 16:32:21,947 | INFO | 
  [109/450]
2026-05-29 16:32:21,948 | INFO |   ☕ Long pause 184s ...
2026-05-29 16:35:26,640 | INFO |   GET https://www.gsmarena.com/alcatel_caretime-7851.php → 200
2026-05-29 16:35:26,660 | INFO |       📱 alcatel CareTime | Main=NoneMP | Selfie=NoneMP | AnTuTu=None | Price=$None | IP=IP65 | Populated=20/68 fields
2026-05-29 16:35:26,665 | INFO |   💾 [109/450] saved
2026-05-29 16:35:26,666 | INFO | 
  [110/450]
2026-05-29 16:35:26,666 | INFO |   ⏳ 37.1s (req #121)
2026-05-29 16:36:04,379 | INFO |   GET https://www.gsmarena.com/alcatel_pixi_4_(7)-7847.php → 200
2026-05-29 16:36:04,400 | INFO |       📱 alcatel Pixi 4 (7) | Main=2.0MP | Selfie=NoneMP | AnTuTu=None | Price=$None | IP=None | Populated=37/68 fields
2026-05-29 16:36:04,403 | INFO |   💾 [110/450] saved
2026-05-29 16:36:04,404 | INFO | 
  [111/450]
2026-05-29 16:36:04,404 | INFO |   ⏳ 19.4s (req #122)
2026-05-29 16:36:24,538 | INFO |   GET https://www.gsmarena.com/alcatel_pixi_4_(6)_3g-8167.php → 200
2026-05-29 16:36:24,560 | INFO |       📱 alcatel Pixi 4 (6) 3G | Main=13.0MP | Selfie=8.0MP | AnTuTu=None | Price=$None | IP=None | Populated=37/68 fields
2026-05-29 16:36:24,564 | INFO |   💾 [111/450] saved
2026-05-29 16:36:24,565 | INFO | 
  [112/450]
2026-05-29 16:36:24,565 | INFO |   ⏳ 25.2s (req #123)
2026-05-29 16:36:50,263 | INFO |   GET https://www.gsmarena.com/alcatel_pixi_4_(6)-7846.php → 200
2026-05-29 16:36:50,285 | INFO |       📱 alcatel Pixi 4 (6) | Main=8.0MP | Selfie=5.0MP | AnTuTu=None | Price=$None | IP=None | Populated=41/68 fields
2026-05-29 16:36:50,289 | INFO |   💾 [112/450] saved
2026-05-29 16:36:50,290 | INFO | 
  [113/450]
2026-05-29 16:36:50,290 | INFO |   ⏳ 41.9s (req #124)
2026-05-29 16:37:32,868 | INFO |   GET https://www.gsmarena.com/alcatel_pixi_4_(4)-7845.php → 200
2026-05-29 16:37:32,893 | INFO |       📱 alcatel Pixi 4 (4) | Main=2.0MP | Selfie=2.0MP | AnTuTu=None | Price=$None | IP=None | Populated=39/68 fields
2026-05-29 16:37:32,897 | INFO |   💾 [113/450] saved
2026-05-29 16:37:32,897 | INFO | 
  [114/450]
2026-05-29 16:37:32,897 | INFO |   ⏳ 28.3s (req #125)
2026-05-29 16:38:01,876 | INFO |   GET https://www.gsmarena.com/alcatel_pixi_4_(3_5)-7844.php → 200
2026-05-29 16:38:01,909 | INFO |       📱 alcatel Pixi 4 (3.5) | Main=2.0MP | Selfie=NoneMP | AnTuTu=None | Price=$None | IP=None | Populated=34/68 fields
2026-05-29 16:38:01,913 | INFO |   💾 [114/450] saved
2026-05-29 16:38:01,913 | INFO | 
  [115/450]
2026-05-29 16:38:01,913 | INFO |   ⏳ 24.9s (req #126)
2026-05-29 16:38:29,924 | INFO |   GET https://www.gsmarena.com/alcatel_pixi_3_(8)_lte-7843.php → 200
2026-05-29 16:38:29,943 | INFO |       📱 alcatel Pixi 3 (8) LTE | Main=5.0MP | Selfie=2.0MP | AnTuTu=None | Price=$None | IP=None | Populated=36/68 fields
2026-05-29 16:38:29,948 | INFO |   💾 [115/450] saved
2026-05-29 16:38:29,949 | INFO | 
  [116/450]
2026-05-29 16:38:29,949 | INFO |   ⏳ 37.8s (req #127)
2026-05-29 16:39:12,484 | INFO |   GET https://www.gsmarena.com/alcatel_pop_3_(5_5)-8230.php → 200
2026-05-29 16:39:12,503 | INFO |       📱 alcatel Pop 3 (5.5) | Main=5.0MP | Selfie=2.0MP | AnTuTu=None | Price=$None | IP=None | Populated=36/68 fields
2026-05-29 16:39:12,511 | INFO |   💾 [116/450] saved
2026-05-29 16:39:12,511 | INFO | 
  [117/450]
2026-05-29 16:39:12,511 | INFO |   ⏳ 19.0s (req #128)
2026-05-29 16:39:33,767 | INFO |   GET https://www.gsmarena.com/alcatel_pop_3_(5)-7776.php → 200
2026-05-29 16:39:33,789 | INFO |       📱 alcatel Pop 3 (5) | Main=5.0MP | Selfie=5.0MP | AnTuTu=None | Price=$None | IP=None | Populated=36/68 fields
2026-05-29 16:39:33,793 | INFO |   💾 [117/450] saved
2026-05-29 16:39:33,794 | INFO | 
  [118/450]
2026-05-29 16:39:33,794 | INFO |   ⏳ 17.8s (req #129)
2026-05-29 16:39:54,619 | INFO |   GET https://www.gsmarena.com/alcatel_fierce_xl-7720.php → 200
2026-05-29 16:39:54,638 | INFO |       📱 alcatel Fierce XL | Main=8.0MP | Selfie=2.0MP | AnTuTu=None | Price=$None | IP=None | Populated=42/68 fields
2026-05-29 16:39:54,643 | INFO |   💾 [118/450] saved
2026-05-29 16:39:54,643 | INFO | 
  [119/450]
2026-05-29 16:39:54,643 | INFO |   ⏳ 42.6s (req #130)
2026-05-29 16:40:40,985 | INFO |   GET https://www.gsmarena.com/alcatel_watch-7709.php → 200
2026-05-29 16:40:41,005 | INFO |       📱 alcatel Watch | Main=NoneMP | Selfie=NoneMP | AnTuTu=None | Price=$None | IP=IP67 | Populated=24/68 fields
2026-05-29 16:40:41,012 | INFO |   💾 [119/450] saved
2026-05-29 16:40:41,013 | INFO | 
  [120/450]
2026-05-29 16:40:41,015 | INFO |   ⏳ 39.2s (req #131)
2026-05-29 16:41:22,444 | INFO |   GET https://www.gsmarena.com/alcatel_go_watch-7708.php → 200
2026-05-29 16:41:22,474 | INFO |       📱 alcatel GO Watch | Main=NoneMP | Selfie=NoneMP | AnTuTu=None | Price=$None | IP=IP67 | Populated=22/68 fields
2026-05-29 16:41:22,478 | INFO |   💾 [120/450] saved
2026-05-29 16:41:22,479 | INFO | 
  [121/450]
2026-05-29 16:41:22,479 | INFO |   ⏳ 24.0s (req #132)
2026-05-29 16:41:48,250 | INFO |   GET https://www.gsmarena.com/alcatel_flash_2-7570.php → 200
2026-05-29 16:41:48,269 | INFO |       📱 alcatel Flash 2 | Main=13.0MP | Selfie=5.0MP | AnTuTu=None | Price=$None | IP=None | Populated=42/68 fields
2026-05-29 16:41:48,274 | INFO |   💾 [121/450] saved
2026-05-29 16:41:48,275 | INFO | 
  [122/450]
2026-05-29 16:41:48,275 | INFO |   ⏳ 27.7s (req #133)
2026-05-29 16:42:17,907 | INFO |   GET https://www.gsmarena.com/alcatel_10_16g-7652.php → 200
2026-05-29 16:42:17,927 | INFO |       📱 alcatel 10.16G | Main=NoneMP | Selfie=NoneMP | AnTuTu=None | Price=$None | IP=None | Populated=19/68 fields
2026-05-29 16:42:17,931 | INFO |   💾 [122/450] saved
2026-05-29 16:42:17,931 | INFO | 
  [123/450]
2026-05-29 16:42:17,931 | INFO |   ⏳ 38.3s (req #134)
2026-05-29 16:42:59,251 | INFO |   GET https://www.gsmarena.com/alcatel_2007-7571.php → 200
2026-05-29 16:42:59,272 | INFO |       📱 alcatel 2007 | Main=3.15MP | Selfie=NoneMP | AnTuTu=None | Price=$None | IP=None | Populated=23/68 fields
2026-05-29 16:42:59,293 | INFO |   💾 [123/450] saved
2026-05-29 16:42:59,293 | INFO | 
  [124/450]
2026-05-29 16:42:59,293 | INFO |   ⏳ 24.7s (req #135)
2026-05-29 16:43:24,606 | INFO |   GET https://www.gsmarena.com/alcatel_idol_3c-7549.php → 200
2026-05-29 16:43:24,625 | INFO |       📱 alcatel Idol 3C | Main=13.0MP | Selfie=8.0MP | AnTuTu=None | Price=$None | IP=None | Populated=40/68 fields
2026-05-29 16:43:24,629 | INFO |   💾 [124/450] saved
2026-05-29 16:43:24,629 | INFO | 
  [125/450]
2026-05-29 16:43:24,629 | INFO |   ⏳ 26.0s (req #136)
2026-05-29 16:43:53,848 | INFO |   GET https://www.gsmarena.com/alcatel_pixi_3_(10)-7548.php → 200
2026-05-29 16:43:53,874 | INFO |       📱 alcatel Pixi 3 (10) | Main=5.0MP | Selfie=2.0MP | AnTuTu=None | Price=$None | IP=None | Populated=35/68 fields
2026-05-29 16:43:53,878 | INFO |   💾 [125/450] saved
2026-05-29 16:43:53,878 | INFO | 
  [126/450]
2026-05-29 16:43:53,880 | INFO |   ⏳ 40.3s (req #137)
2026-05-29 16:44:37,269 | INFO |   GET https://www.gsmarena.com/alcatel_pixi_first-7547.php → 200
2026-05-29 16:44:37,297 | INFO |       📱 alcatel Pixi First | Main=5.0MP | Selfie=2.0MP | AnTuTu=None | Price=$None | IP=None | Populated=34/68 fields
2026-05-29 16:44:37,301 | INFO |   💾 [126/450] saved
2026-05-29 16:44:37,302 | INFO | 
  [127/450]
2026-05-29 16:44:37,302 | INFO |   ⏳ 22.6s (req #138)
2026-05-29 16:45:01,578 | INFO |   GET https://www.gsmarena.com/alcatel_pop_up-7546.php → 200
2026-05-29 16:45:01,600 | INFO |       📱 alcatel Pop Up | Main=13.0MP | Selfie=5.0MP | AnTuTu=None | Price=$None | IP=None | Populated=38/68 fields
2026-05-29 16:45:01,604 | INFO |   💾 [127/450] saved
2026-05-29 16:45:01,604 | INFO | 
  [128/450]
2026-05-29 16:45:01,604 | INFO |   ⏳ 15.5s (req #139)
2026-05-29 16:45:20,415 | INFO |   GET https://www.gsmarena.com/alcatel_pop_star_lte-7545.php → 200
2026-05-29 16:45:20,436 | INFO |       📱 alcatel Pop Star LTE | Main=8.0MP | Selfie=5.0MP | AnTuTu=None | Price=$None | IP=None | Populated=38/68 fields
2026-05-29 16:45:20,440 | INFO |   💾 [128/450] saved
2026-05-29 16:45:20,440 | INFO | 
  [129/450]
2026-05-29 16:45:20,441 | INFO |   ⏳ 40.6s (req #140)
2026-05-29 16:46:06,396 | INFO |   GET https://www.gsmarena.com/alcatel_pop_star-7544.php → 200
2026-05-29 16:46:06,417 | INFO |       📱 alcatel Pop Star | Main=8.0MP | Selfie=5.0MP | AnTuTu=None | Price=$None | IP=None | Populated=38/68 fields
2026-05-29 16:46:06,421 | INFO |   💾 [129/450] saved
2026-05-29 16:46:06,422 | INFO | 
  [130/450]
2026-05-29 16:46:06,422 | INFO |   ⏳ 31.7s (req #141)
2026-05-29 16:46:43,558 | INFO |   GET https://www.gsmarena.com/alcatel_go_play-7543.php → 200
2026-05-29 16:46:43,580 | INFO |       📱 alcatel Go Play | Main=8.0MP | Selfie=5.0MP | AnTuTu=None | Price=$None | IP=IP67 | Populated=40/68 fields
2026-05-29 16:46:43,584 | INFO |   💾 [130/450] saved
2026-05-29 16:46:43,584 | INFO | 
  [131/450]
2026-05-29 16:46:43,585 | INFO |   ⏳ 29.1s (req #142)
2026-05-29 16:47:13,997 | INFO |   GET https://www.gsmarena.com/alcatel_flash_plus-7190.php → 200
2026-05-29 16:47:14,015 | INFO |       📱 alcatel Flash Plus | Main=13.0MP | Selfie=8.0MP | AnTuTu=None | Price=$None | IP=None | Populated=38/68 fields
2026-05-29 16:47:14,019 | INFO |   💾 [131/450] saved
2026-05-29 16:47:14,020 | INFO | 
  [132/450]
2026-05-29 16:47:14,020 | INFO |   ⏳ 41.1s (req #143)
2026-05-29 16:47:58,167 | INFO |   GET https://www.gsmarena.com/alcatel_pop_astro-7234.php → 200
2026-05-29 16:47:58,195 | INFO |       📱 alcatel Pop Astro | Main=5.0MP | Selfie=NoneMP | AnTuTu=None | Price=$None | IP=None | Populated=38/68 fields
2026-05-29 16:47:58,200 | INFO |   💾 [132/450] saved
2026-05-29 16:47:58,200 | INFO | 
  [133/450]
2026-05-29 16:47:58,200 | INFO |   ⏳ 28.7s (req #144)
2026-05-29 16:48:29,242 | INFO |   GET https://www.gsmarena.com/alcatel_flash-7189.php → 200
2026-05-29 16:48:29,262 | INFO |       📱 alcatel Flash | Main=13.0MP | Selfie=5.0MP | AnTuTu=None | Price=$None | IP=None | Populated=38/68 fields
2026-05-29 16:48:29,267 | INFO |   💾 [133/450] saved
2026-05-29 16:48:29,267 | INFO | 
  [134/450]
2026-05-29 16:48:29,267 | INFO |   ⏳ 29.3s (req #145)
2026-05-29 16:49:00,214 | INFO |   GET https://www.gsmarena.com/alcatel_idol_3_(5_5)-7081.php → 200
2026-05-29 16:49:00,236 | INFO |       📱 alcatel Idol 3 (5.5) | Main=13.0MP | Selfie=8.0MP | AnTuTu=None | Price=$None | IP=None | Populated=45/68 fields
2026-05-29 16:49:00,240 | INFO |   💾 [134/450] saved
2026-05-29 16:49:00,240 | INFO | 
  [135/450]
2026-05-29 16:49:00,240 | INFO |   ⏳ 39.8s (req #146)
2026-05-29 16:49:45,226 | INFO |   GET https://www.gsmarena.com/alcatel_idol_3_(4_7)-7080.php → 200
2026-05-29 16:49:45,245 | INFO |       📱 alcatel Idol 3 (4.7) | Main=13.0MP | Selfie=5.0MP | AnTuTu=None | Price=$None | IP=None | Populated=45/68 fields
2026-05-29 16:49:45,250 | INFO |   💾 [135/450] saved
2026-05-29 16:49:45,250 | INFO | 
  [136/450]
2026-05-29 16:49:45,250 | INFO |   ⏳ 16.9s (req #147)
2026-05-29 16:50:04,917 | INFO |   GET https://www.gsmarena.com/alcatel_orange_klif-7092.php → 200
2026-05-29 16:50:04,937 | INFO |       📱 alcatel Orange Klif | Main=2.0MP | Selfie=NoneMP | AnTuTu=None | Price=$None | IP=None | Populated=29/68 fields
2026-05-29 16:50:04,940 | INFO |   💾 [136/450] saved
2026-05-29 16:50:04,941 | INFO | 
  [137/450]
2026-05-29 16:50:04,941 | INFO |   ⏳ 40.6s (req #148)
2026-05-29 16:50:46,135 | INFO |   GET https://www.gsmarena.com/alcatel_pixi_3_(5_5)_lte-7093.php → 200
2026-05-29 16:50:46,154 | INFO |       📱 alcatel Pixi 3 (5.5) LTE | Main=5.0MP | Selfie=2.0MP | AnTuTu=None | Price=$None | IP=None | Populated=34/68 fields
2026-05-29 16:50:46,158 | INFO |   💾 [137/450] saved
2026-05-29 16:50:46,159 | INFO | 
  [138/450]
2026-05-29 16:50:46,159 | INFO |   ⏳ 18.8s (req #149)
2026-05-29 16:51:05,868 | INFO |   GET https://www.gsmarena.com/alcatel_pixi_3_(5_5)-7094.php → 200
2026-05-29 16:51:05,886 | INFO |       📱 alcatel Pixi 3 (5.5) | Main=8.0MP | Selfie=2.0MP | AnTuTu=None | Price=$None | IP=None | Populated=36/68 fields
2026-05-29 16:51:05,890 | INFO |   💾 [138/450] saved
2026-05-29 16:51:05,891 | INFO | 
  [139/450]
2026-05-29 16:51:05,891 | INFO |   ☕ Long pause 195s ...
2026-05-29 16:54:24,677 | INFO |   GET https://www.gsmarena.com/alcatel_pixi_3_(8)_3g-7098.php → 200
2026-05-29 16:54:24,705 | INFO |       📱 alcatel Pixi 3 (8) 3G | Main=2.0MP | Selfie=NoneMP | AnTuTu=None | Price=$None | IP=None | Populated=36/68 fields
2026-05-29 16:54:24,711 | INFO |   💾 [139/450] saved
2026-05-29 16:54:24,712 | INFO | 
  [140/450]
2026-05-29 16:54:24,713 | INFO |   ⏳ 22.1s (req #151)
2026-05-29 16:54:50,097 | INFO |   GET https://www.gsmarena.com/alcatel_pixi_3_(7)_lte-7097.php → 200
2026-05-29 16:54:50,115 | INFO |       📱 alcatel Pixi 3 (7) LTE | Main=2.0MP | Selfie=NoneMP | AnTuTu=None | Price=$None | IP=None | Populated=37/68 fields
2026-05-29 16:54:50,120 | INFO |   💾 [140/450] saved
2026-05-29 16:54:50,120 | INFO | 
  [141/450]
2026-05-29 16:54:50,120 | INFO |   ⏳ 15.9s (req #152)
2026-05-29 16:55:07,601 | INFO |   GET https://www.gsmarena.com/alcatel_pixi_3_(7)_3g-7096.php → 200
2026-05-29 16:55:07,619 | INFO |       📱 alcatel Pixi 3 (7) 3G | Main=2.0MP | Selfie=NoneMP | AnTuTu=None | Price=$None | IP=None | Populated=35/68 fields
2026-05-29 16:55:07,623 | INFO |   💾 [141/450] saved
2026-05-29 16:55:07,623 | INFO | 
  [142/450]
2026-05-29 16:55:07,623 | INFO |   ⏳ 29.2s (req #153)
2026-05-29 16:55:39,320 | INFO |   GET https://www.gsmarena.com/alcatel_pixi_3_(7)-7095.php → 200
2026-05-29 16:55:39,338 | INFO |       📱 alcatel Pixi 3 (7) | Main=2.0MP | Selfie=NoneMP | AnTuTu=None | Price=$None | IP=None | Populated=32/68 fields
2026-05-29 16:55:39,343 | INFO |   💾 [142/450] saved
2026-05-29 16:55:39,343 | INFO | 
  [143/450]
2026-05-29 16:55:39,343 | INFO |   ⏳ 38.5s (req #154)
2026-05-29 16:56:18,329 | INFO |   GET https://www.gsmarena.com/alcatel_pop_10-6936.php → 200
2026-05-29 16:56:18,350 | INFO |       📱 alcatel Pop 10 | Main=5.0MP | Selfie=2.0MP | AnTuTu=None | Price=$None | IP=None | Populated=39/68 fields
2026-05-29 16:56:18,354 | INFO |   💾 [143/450] saved
2026-05-29 16:56:18,354 | INFO | 
  [144/450]
2026-05-29 16:56:18,354 | INFO |   ⏳ 36.6s (req #155)
2026-05-29 16:56:55,513 | INFO |   GET https://www.gsmarena.com/alcatel_pixi_3_(5)-6935.php → 200
2026-05-29 16:56:55,533 | INFO |       📱 alcatel Pixi 3 (5) | Main=5.0MP | Selfie=2.0MP | AnTuTu=None | Price=$None | IP=None | Populated=38/68 fields
2026-05-29 16:56:55,538 | INFO |   💾 [144/450] saved
2026-05-29 16:56:55,538 | INFO | 
  [145/450]
2026-05-29 16:56:55,538 | INFO |   ⏳ 16.7s (req #156)
2026-05-29 16:57:14,164 | INFO |   GET https://www.gsmarena.com/alcatel_pixi_3_(4_5)-6934.php → 200
2026-05-29 16:57:14,195 | INFO |       📱 alcatel Pixi 3 (4.5) | Main=5.0MP | Selfie=NoneMP | AnTuTu=None | Price=$None | IP=None | Populated=38/68 fields
2026-05-29 16:57:14,199 | INFO |   💾 [145/450] saved
2026-05-29 16:57:14,200 | INFO | 
  [146/450]
2026-05-29 16:57:14,200 | INFO |   ⏳ 28.9s (req #157)
2026-05-29 16:57:44,975 | INFO |   GET https://www.gsmarena.com/alcatel_pixi_3_(4)-6933.php → 200
2026-05-29 16:57:44,998 | INFO |       📱 alcatel Pixi 3 (4) | Main=2.0MP | Selfie=NoneMP | AnTuTu=None | Price=$None | IP=None | Populated=36/68 fields
2026-05-29 16:57:45,002 | INFO |   💾 [146/450] saved
2026-05-29 16:57:45,002 | INFO | 
  [147/450]
2026-05-29 16:57:45,002 | INFO |   ⏳ 44.3s (req #158)
2026-05-29 16:58:36,016 | INFO |   GET https://www.gsmarena.com/alcatel_pixi_3_(3_5)_firefox-6979.php → 200
2026-05-29 16:58:36,038 | INFO |       📱 alcatel Pixi 3 (3.5) Firefox | Main=2.0MP | Selfie=NoneMP | AnTuTu=None | Price=$None | IP=None | Populated=34/68 fields
2026-05-29 16:58:36,042 | INFO |   💾 [147/450] saved
2026-05-29 16:58:36,043 | INFO | 
  [148/450]
2026-05-29 16:58:36,043 | INFO |   ⏳ 16.7s (req #159)
2026-05-29 16:58:54,199 | INFO |   GET https://www.gsmarena.com/alcatel_pixi_3_(3_5)-6932.php → 200
2026-05-29 16:58:54,226 | INFO |       📱 alcatel Pixi 3 (3.5) | Main=2.0MP | Selfie=NoneMP | AnTuTu=None | Price=$None | IP=None | Populated=36/68 fields
2026-05-29 16:58:54,231 | INFO |   💾 [148/450] saved
2026-05-29 16:58:54,232 | INFO | 
  [149/450]
2026-05-29 16:58:54,232 | INFO |   ⏳ 18.4s (req #160)
2026-05-29 16:59:18,018 | INFO |   GET https://www.gsmarena.com/alcatel_pop_d3-6774.php → 200
2026-05-29 16:59:18,040 | INFO |       📱 alcatel Pop D3 | Main=5.0MP | Selfie=NoneMP | AnTuTu=None | Price=$None | IP=None | Populated=34/68 fields
2026-05-29 16:59:18,044 | INFO |   💾 [149/450] saved
2026-05-29 16:59:18,044 | INFO | 
  [150/450]
2026-05-29 16:59:18,044 | INFO |   ⏳ 22.2s (req #161)
2026-05-29 16:59:42,347 | INFO |   GET https://www.gsmarena.com/alcatel_pop_d1-6773.php → 200
2026-05-29 16:59:42,367 | INFO |       📱 alcatel Pop D1 | Main=2.0MP | Selfie=NoneMP | AnTuTu=None | Price=$None | IP=None | Populated=33/68 fields
2026-05-29 16:59:42,372 | INFO |   💾 [150/450] saved
2026-05-29 16:59:42,372 | INFO | 
  [151/450]
2026-05-29 16:59:42,372 | INFO |   ⏳ 35.7s (req #162)
2026-05-29 17:00:18,646 | INFO |   GET https://www.gsmarena.com/alcatel_pop_icon-6732.php → 200
2026-05-29 17:00:18,676 | INFO |       📱 alcatel Pop Icon | Main=5.0MP | Selfie=NoneMP | AnTuTu=None | Price=$None | IP=None | Populated=36/68 fields
2026-05-29 17:00:18,680 | INFO |   💾 [151/450] saved
2026-05-29 17:00:18,680 | INFO | 
  [152/450]
2026-05-29 17:00:18,680 | INFO |   ⏳ 24.1s (req #163)
2026-05-29 17:00:43,690 | INFO |   GET https://www.gsmarena.com/alcatel_fire_c_2g-6712.php → 200
2026-05-29 17:00:43,711 | INFO |       📱 alcatel Fire C 2G | Main=1.3MP | Selfie=NoneMP | AnTuTu=None | Price=$None | IP=None | Populated=31/68 fields
2026-05-29 17:00:43,715 | INFO |   💾 [152/450] saved
2026-05-29 17:00:43,715 | INFO | 
  [153/450]
2026-05-29 17:00:43,716 | INFO |   ⏳ 26.7s (req #164)
2026-05-29 17:01:10,941 | INFO |   GET https://www.gsmarena.com/alcatel_pop_2_(5)_premium-7123.php → 200
2026-05-29 17:01:10,961 | INFO |       📱 alcatel Pop 2 (5) Premium | Main=8.0MP | Selfie=2.0MP | AnTuTu=None | Price=$None | IP=None | Populated=36/68 fields
2026-05-29 17:01:10,966 | INFO |   💾 [153/450] saved
2026-05-29 17:01:10,966 | INFO | 
  [154/450]
2026-05-29 17:01:10,966 | INFO |   ⏳ 22.8s (req #165)
2026-05-29 17:01:34,464 | INFO |   GET https://www.gsmarena.com/alcatel_pop_2_(5)-6700.php → 200
2026-05-29 17:01:34,487 | INFO |       📱 alcatel Pop 2 (5) | Main=5.0MP | Selfie=NoneMP | AnTuTu=None | Price=$None | IP=None | Populated=36/68 fields
2026-05-29 17:01:34,491 | INFO |   💾 [154/450] saved
2026-05-29 17:01:34,492 | INFO | 
  [155/450]
2026-05-29 17:01:34,492 | INFO |   ⏳ 22.7s (req #166)
2026-05-29 17:01:58,977 | INFO |   GET https://www.gsmarena.com/alcatel_pop_2_(4)-6699.php → 200
2026-05-29 17:01:58,997 | INFO |       📱 alcatel Pop 2 (4) | Main=3.15MP | Selfie=NoneMP | AnTuTu=None | Price=$None | IP=None | Populated=32/68 fields
2026-05-29 17:01:59,001 | INFO |   💾 [155/450] saved
2026-05-29 17:01:59,001 | INFO | 
  [156/450]
2026-05-29 17:01:59,002 | INFO |   ⏳ 36.6s (req #167)
2026-05-29 17:02:37,582 | INFO |   GET https://www.gsmarena.com/alcatel_pop_2_(4_5)_dual_sim-6657.php → 200
2026-05-29 17:02:37,610 | INFO |       📱 alcatel Pop 2 (4.5) Dual SIM | Main=5.0MP | Selfie=NoneMP | AnTuTu=None | Price=$None | IP=None | Populated=39/68 fields
2026-05-29 17:02:37,613 | INFO |   💾 [156/450] saved
2026-05-29 17:02:37,614 | INFO | 
  [157/450]
2026-05-29 17:02:37,614 | INFO |   ⏳ 34.9s (req #168)
2026-05-29 17:03:15,391 | INFO |   GET https://www.gsmarena.com/alcatel_pop_2_(4_5)-6656.php → 200
2026-05-29 17:03:15,422 | INFO |       📱 alcatel Pop 2 (4.5) | Main=5.0MP | Selfie=NoneMP | AnTuTu=None | Price=$None | IP=None | Populated=39/68 fields
2026-05-29 17:03:15,426 | INFO |   💾 [157/450] saved
2026-05-29 17:03:15,426 | INFO | 
  [158/450]
2026-05-29 17:03:15,426 | INFO |   ⏳ 31.4s (req #169)
2026-05-29 17:03:52,697 | INFO |   GET https://www.gsmarena.com/alcatel_fierce_2-7154.php → 200
2026-05-29 17:03:52,717 | INFO |       📱 alcatel Fierce 2 | Main=5.0MP | Selfie=NoneMP | AnTuTu=None | Price=$None | IP=None | Populated=36/68 fields
2026-05-29 17:03:52,721 | INFO |   💾 [158/450] saved
2026-05-29 17:03:52,722 | INFO | 
  [159/450]
2026-05-29 17:03:52,722 | INFO |   ⏳ 21.3s (req #170)
2026-05-29 17:04:17,416 | INFO |   GET https://www.gsmarena.com/alcatel_evolve_2-7153.php → 200
2026-05-29 17:04:17,437 | INFO |       📱 alcatel Evolve 2 | Main=5.0MP | Selfie=NoneMP | AnTuTu=None | Price=$None | IP=None | Populated=33/68 fields
2026-05-29 17:04:17,441 | INFO |   💾 [159/450] saved
2026-05-29 17:04:17,441 | INFO | 
  [160/450]
2026-05-29 17:04:17,441 | INFO |   ⏳ 44.5s (req #171)
2026-05-29 17:05:09,163 | INFO |   GET https://www.gsmarena.com/alcatel_pop_8s-6655.php → 200
2026-05-29 17:05:09,188 | INFO |       📱 alcatel Pop 8S | Main=5.0MP | Selfie=3.0MP | AnTuTu=None | Price=$None | IP=None | Populated=38/68 fields
2026-05-29 17:05:09,193 | INFO |   💾 [160/450] saved
2026-05-29 17:05:09,194 | INFO | 
  [161/450]
2026-05-29 17:05:09,194 | INFO |   ⏳ 40.8s (req #172)
2026-05-29 17:05:54,513 | INFO |   GET https://www.gsmarena.com/alcatel_hero_8-6654.php → 200
2026-05-29 17:05:54,535 | INFO |       📱 alcatel Hero 8 | Main=5.0MP | Selfie=2.0MP | AnTuTu=None | Price=$None | IP=None | Populated=42/68 fields
2026-05-29 17:05:54,540 | INFO |   💾 [161/450] saved
2026-05-29 17:05:54,540 | INFO | 
  [162/450]
2026-05-29 17:05:54,540 | INFO |   ⏳ 34.6s (req #173)
2026-05-29 17:06:29,648 | INFO |   GET https://www.gsmarena.com/alcatel_hero_2-6653.php → 200
2026-05-29 17:06:29,672 | INFO |       📱 alcatel Hero 2 | Main=13.1MP | Selfie=5.0MP | AnTuTu=None | Price=$None | IP=None | Populated=44/68 fields
2026-05-29 17:06:29,676 | INFO |   💾 [162/450] saved
2026-05-29 17:06:29,676 | INFO | 
  [163/450]
2026-05-29 17:06:29,677 | INFO |   ⏳ 35.9s (req #174)
2026-05-29 17:07:12,764 | INFO |   GET https://www.gsmarena.com/alcatel_pixi_2-6619.php → 200
2026-05-29 17:07:12,796 | INFO |       📱 alcatel Pixi 2 | Main=2.0MP | Selfie=NoneMP | AnTuTu=None | Price=$None | IP=None | Populated=32/68 fields
2026-05-29 17:07:12,800 | INFO |   💾 [163/450] saved
2026-05-29 17:07:12,801 | INFO | 
  [164/450]
2026-05-29 17:07:12,801 | INFO |   ⏳ 40.7s (req #175)
2026-05-29 17:07:53,992 | INFO |   GET https://www.gsmarena.com/alcatel_pop_d5-6599.php → 200
2026-05-29 17:07:54,016 | INFO |       📱 alcatel Pop D5 | Main=5.0MP | Selfie=NoneMP | AnTuTu=None | Price=$None | IP=None | Populated=34/68 fields
2026-05-29 17:07:54,020 | INFO |   💾 [164/450] saved
2026-05-29 17:07:54,021 | INFO | 
  [165/450]
2026-05-29 17:07:54,021 | INFO |   ⏳ 29.8s (req #176)
2026-05-29 17:08:24,501 | INFO |   GET https://www.gsmarena.com/alcatel_pop_c2-6516.php → 200
2026-05-29 17:08:24,523 | INFO |       📱 alcatel Pop C2 | Main=3.15MP | Selfie=NoneMP | AnTuTu=None | Price=$None | IP=None | Populated=32/68 fields
2026-05-29 17:08:24,529 | INFO |   💾 [165/450] saved
2026-05-29 17:08:24,529 | INFO | 
  [166/450]
2026-05-29 17:08:24,529 | INFO |   ⏳ 28.8s (req #177)
2026-05-29 17:08:54,712 | INFO |   GET https://www.gsmarena.com/alcatel_pixi_8-6459.php → 200
2026-05-29 17:08:54,732 | INFO |       📱 alcatel Pixi 8 | Main=NoneMP | Selfie=NoneMP | AnTuTu=None | Price=$None | IP=None | Populated=28/68 fields
2026-05-29 17:08:54,736 | INFO |   💾 [166/450] saved
2026-05-29 17:08:54,736 | INFO | 
  [167/450]
2026-05-29 17:08:54,736 | INFO |   ⏳ 31.0s (req #178)
2026-05-29 17:09:26,425 | INFO |   GET https://www.gsmarena.com/alcatel_2012-6931.php → 200
2026-05-29 17:09:26,450 | INFO |       📱 alcatel 2012 | Main=3.15MP | Selfie=NoneMP | AnTuTu=None | Price=$None | IP=None | Populated=27/68 fields
2026-05-29 17:09:26,454 | INFO |   💾 [167/450] saved
2026-05-29 17:09:26,454 | INFO | 
  [168/450]
2026-05-29 17:09:26,455 | INFO |   ⏳ 26.1s (req #179)
2026-05-29 17:09:53,695 | INFO |   GET https://www.gsmarena.com/alcatel_2010-6695.php → 200
2026-05-29 17:09:53,715 | INFO |       📱 alcatel 2010 | Main=2.0MP | Selfie=NoneMP | AnTuTu=None | Price=$None | IP=None | Populated=26/68 fields
2026-05-29 17:09:53,719 | INFO |   💾 [168/450] saved
2026-05-29 17:09:53,719 | INFO | 
  [169/450]
2026-05-29 17:09:53,720 | INFO |   ☕ Long pause 174s ...
2026-05-29 17:12:51,043 | INFO |   GET https://www.gsmarena.com/alcatel_2052-6696.php → 200
2026-05-29 17:12:51,069 | INFO |       📱 alcatel 2052 | Main=NoneMP | Selfie=NoneMP | AnTuTu=None | Price=$None | IP=None | Populated=24/68 fields
2026-05-29 17:12:51,073 | INFO |   💾 [169/450] saved
2026-05-29 17:12:51,073 | INFO | 
  [170/450]
2026-05-29 17:12:51,073 | INFO |   ⏳ 33.9s (req #181)
2026-05-29 17:13:25,618 | INFO |   GET https://www.gsmarena.com/alcatel_2040-6337.php → 200
2026-05-29 17:13:25,681 | INFO |       📱 alcatel 2040 | Main=NoneMP | Selfie=NoneMP | AnTuTu=None | Price=$None | IP=None | Populated=24/68 fields
2026-05-29 17:13:25,685 | INFO |   💾 [170/450] saved
2026-05-29 17:13:25,685 | INFO | 
  [171/450]
2026-05-29 17:13:25,685 | INFO |   ⏳ 16.4s (req #182)
2026-05-29 17:13:44,224 | INFO |   GET https://www.gsmarena.com/alcatel_2005-6336.php → 200
2026-05-29 17:13:44,249 | INFO |       📱 alcatel 2005 | Main=2.0MP | Selfie=NoneMP | AnTuTu=None | Price=$None | IP=None | Populated=25/68 fields
2026-05-29 17:13:44,255 | INFO |   💾 [171/450] saved
2026-05-29 17:13:44,255 | INFO | 
  [172/450]
2026-05-29 17:13:44,255 | INFO |   ⏳ 26.4s (req #183)
2026-05-29 17:14:11,912 | INFO |   GET https://www.gsmarena.com/alcatel_pop_7s-6165.php → 200
2026-05-29 17:14:11,932 | INFO |       📱 alcatel Pop 7S | Main=3.0MP | Selfie=NoneMP | AnTuTu=None | Price=$None | IP=None | Populated=36/68 fields
2026-05-29 17:14:11,936 | INFO |   💾 [172/450] saved
2026-05-29 17:14:11,936 | INFO | 
  [173/450]
2026-05-29 17:14:11,936 | INFO |   ⏳ 28.5s (req #184)
2026-05-29 17:14:42,218 | INFO |   GET https://www.gsmarena.com/alcatel_pixi_7-6164.php → 200
2026-05-29 17:14:42,238 | INFO |       📱 alcatel Pixi 7 | Main=NoneMP | Selfie=NoneMP | AnTuTu=None | Price=$None | IP=None | Populated=30/68 fields
2026-05-29 17:14:42,242 | INFO |   💾 [173/450] saved
2026-05-29 17:14:42,242 | INFO | 
  [174/450]
2026-05-29 17:14:42,242 | INFO |   ⏳ 38.5s (req #185)
2026-05-29 17:15:21,854 | INFO |   GET https://www.gsmarena.com/alcatel_pop_s9-6153.php → 200
2026-05-29 17:15:21,875 | INFO |       📱 alcatel Pop S9 | Main=8.0MP | Selfie=2.0MP | AnTuTu=None | Price=$None | IP=None | Populated=38/68 fields
2026-05-29 17:15:21,879 | INFO |   💾 [174/450] saved
2026-05-29 17:15:21,880 | INFO | 
  [175/450]
2026-05-29 17:15:21,880 | INFO |   ⏳ 44.7s (req #186)
2026-05-29 17:16:08,302 | INFO |   GET https://www.gsmarena.com/alcatel_pop_s7-6152.php → 200
2026-05-29 17:16:08,323 | INFO |       📱 alcatel Pop S7 | Main=5.0MP | Selfie=NoneMP | AnTuTu=None | Price=$None | IP=None | Populated=37/68 fields
2026-05-29 17:16:08,328 | INFO |   💾 [175/450] saved
2026-05-29 17:16:08,329 | INFO | 
  [176/450]
2026-05-29 17:16:08,329 | INFO |   ⏳ 17.5s (req #187)
2026-05-29 17:16:26,966 | INFO |   GET https://www.gsmarena.com/alcatel_pop_s3-6151.php → 200
2026-05-29 17:16:26,994 | INFO |       📱 alcatel Pop S3 | Main=5.0MP | Selfie=NoneMP | AnTuTu=None | Price=$None | IP=None | Populated=37/68 fields
2026-05-29 17:16:26,999 | INFO |   💾 [176/450] saved
2026-05-29 17:16:26,999 | INFO | 
  [177/450]
2026-05-29 17:16:26,999 | INFO |   ⏳ 31.7s (req #188)
2026-05-29 17:17:06,413 | INFO |   GET https://www.gsmarena.com/alcatel_fire_7-6141.php → 200
2026-05-29 17:17:06,437 | INFO |       📱 alcatel Fire 7 | Main=NoneMP | Selfie=NoneMP | AnTuTu=None | Price=$None | IP=None | Populated=24/68 fields
2026-05-29 17:17:06,441 | INFO |   💾 [177/450] saved
2026-05-29 17:17:06,442 | INFO | 
  [178/450]
2026-05-29 17:17:06,442 | INFO |   ⏳ 23.9s (req #189)
2026-05-29 17:17:38,386 | INFO |   GET https://www.gsmarena.com/alcatel_fire_s-6140.php → 200
2026-05-29 17:17:38,412 | INFO |       📱 alcatel Fire S | Main=5.0MP | Selfie=2.0MP | AnTuTu=None | Price=$None | IP=None | Populated=37/68 fields
2026-05-29 17:17:38,415 | INFO |   💾 [178/450] saved
2026-05-29 17:17:38,415 | INFO | 
  [179/450]
2026-05-29 17:17:38,416 | INFO |   ⏳ 16.2s (req #190)
2026-05-29 17:18:00,231 | INFO |   GET https://www.gsmarena.com/alcatel_fire_e-6139.php → 200
2026-05-29 17:18:00,253 | INFO |       📱 alcatel Fire E | Main=5.0MP | Selfie=NoneMP | AnTuTu=None | Price=$None | IP=None | Populated=33/68 fields
2026-05-29 17:18:00,257 | INFO |   💾 [179/450] saved
2026-05-29 17:18:00,257 | INFO | 
  [180/450]
2026-05-29 17:18:00,257 | INFO |   ⏳ 22.6s (req #191)
2026-05-29 17:18:24,958 | INFO |   GET https://www.gsmarena.com/alcatel_fire_c-6138.php → 200
2026-05-29 17:18:24,979 | INFO |       📱 alcatel Fire C | Main=NoneMP | Selfie=NoneMP | AnTuTu=None | Price=$None | IP=None | Populated=31/68 fields
2026-05-29 17:18:24,987 | INFO |   💾 [180/450] saved
2026-05-29 17:18:25,005 | INFO | 
  [181/450]
2026-05-29 17:18:25,005 | INFO |   ⏳ 32.9s (req #192)
2026-05-29 17:19:01,806 | INFO |   GET https://www.gsmarena.com/alcatel_idol_2_s-6134.php → 200
2026-05-29 17:19:01,825 | INFO |       📱 alcatel Idol 2 S | Main=8.0MP | Selfie=1.3MP | AnTuTu=None | Price=$None | IP=None | Populated=37/68 fields
2026-05-29 17:19:01,830 | INFO |   💾 [181/450] saved
2026-05-29 17:19:01,830 | INFO | 
  [182/450]
2026-05-29 17:19:01,830 | INFO |   ⏳ 42.4s (req #193)
2026-05-29 17:19:47,289 | INFO |   GET https://www.gsmarena.com/alcatel_idol_2-6130.php → 200
2026-05-29 17:19:47,317 | INFO |       📱 alcatel Idol 2 | Main=8.0MP | Selfie=2.0MP | AnTuTu=None | Price=$None | IP=None | Populated=37/68 fields
2026-05-29 17:19:47,322 | INFO |   💾 [182/450] saved
2026-05-29 17:19:47,322 | INFO | 
  [183/450]
2026-05-29 17:19:47,322 | INFO |   ⏳ 15.1s (req #194)
2026-05-29 17:20:03,236 | INFO |   GET https://www.gsmarena.com/alcatel_idol_2_mini_s-6135.php → 200
2026-05-29 17:20:03,260 | INFO |       📱 alcatel Idol 2 Mini S | Main=8.0MP | Selfie=2.0MP | AnTuTu=None | Price=$None | IP=None | Populated=39/68 fields
2026-05-29 17:20:03,263 | INFO |   💾 [183/450] saved
2026-05-29 17:20:03,264 | INFO | 
  [184/450]
2026-05-29 17:20:03,264 | INFO |   ⏳ 38.7s (req #195)
2026-05-29 17:20:43,914 | INFO |   GET https://www.gsmarena.com/alcatel_idol_2_mini-6131.php → 200
2026-05-29 17:20:43,936 | INFO |       📱 alcatel Idol 2 Mini | Main=8.0MP | Selfie=NoneMP | AnTuTu=None | Price=$None | IP=None | Populated=38/68 fields
2026-05-29 17:20:43,940 | INFO |   💾 [184/450] saved
2026-05-29 17:20:43,940 | INFO | 
  [185/450]
2026-05-29 17:20:43,940 | INFO |   ⏳ 39.0s (req #196)
2026-05-29 17:21:24,442 | INFO |   GET https://www.gsmarena.com/alcatel_pop_fit-6132.php → 200
2026-05-29 17:21:24,462 | INFO |       📱 alcatel Pop Fit | Main=2.0MP | Selfie=NoneMP | AnTuTu=None | Price=$None | IP=None | Populated=35/68 fields
2026-05-29 17:21:24,467 | INFO |   💾 [185/450] saved
2026-05-29 17:21:24,467 | INFO | 
  [186/450]
2026-05-29 17:21:24,467 | INFO |   ⏳ 19.4s (req #197)
2026-05-29 17:21:44,768 | INFO |   GET https://www.gsmarena.com/alcatel_2001-5960.php → 200
2026-05-29 17:21:44,790 | INFO |       📱 alcatel 2001 | Main=2.0MP | Selfie=NoneMP | AnTuTu=None | Price=$None | IP=None | Populated=27/68 fields
2026-05-29 17:21:44,793 | INFO |   💾 [186/450] saved
2026-05-29 17:21:44,794 | INFO | 
  [187/450]
2026-05-29 17:21:44,794 | INFO |   ⏳ 27.9s (req #198)
2026-05-29 17:22:16,307 | INFO |   GET https://www.gsmarena.com/alcatel_2000-6167.php → 200
2026-05-29 17:22:16,327 | INFO |       📱 alcatel 2000 | Main=NoneMP | Selfie=NoneMP | AnTuTu=None | Price=$None | IP=None | Populated=23/68 fields
2026-05-29 17:22:16,332 | INFO |   💾 [187/450] saved
2026-05-29 17:22:16,332 | INFO | 
  [188/450]
2026-05-29 17:22:16,332 | INFO |   ⏳ 23.7s (req #199)
2026-05-29 17:22:43,502 | INFO |   GET https://www.gsmarena.com/alcatel_idol_x+-5937.php → 200
2026-05-29 17:22:43,527 | INFO |       📱 alcatel Idol X+ | Main=13.1MP | Selfie=2.0MP | AnTuTu=None | Price=$None | IP=None | Populated=42/68 fields
2026-05-29 17:22:43,531 | INFO |   💾 [188/450] saved
2026-05-29 17:22:43,531 | INFO | 
  [189/450]
2026-05-29 17:22:43,531 | INFO |   ⏳ 34.0s (req #200)
2026-05-29 17:23:19,620 | INFO |   GET https://www.gsmarena.com/alcatel_pop_c9-5938.php → 200
2026-05-29 17:23:19,652 | INFO |       📱 alcatel Pop C9 | Main=8.0MP | Selfie=2.0MP | AnTuTu=None | Price=$None | IP=None | Populated=38/68 fields
2026-05-29 17:23:19,656 | INFO |   💾 [189/450] saved
2026-05-29 17:23:19,656 | INFO | 
  [190/450]
2026-05-29 17:23:19,656 | INFO |   ⏳ 42.3s (req #201)
2026-05-29 17:24:02,511 | INFO |   GET https://www.gsmarena.com/alcatel_pop_8-5947.php → 200
2026-05-29 17:24:02,532 | INFO |       📱 alcatel Pop 8 | Main=2.0MP | Selfie=NoneMP | AnTuTu=None | Price=$None | IP=None | Populated=34/68 fields
2026-05-29 17:24:02,535 | INFO |   💾 [190/450] saved
2026-05-29 17:24:02,536 | INFO | 
  [191/450]
2026-05-29 17:24:02,536 | INFO |   ⏳ 40.4s (req #202)
2026-05-29 17:24:44,988 | INFO |   GET https://www.gsmarena.com/alcatel_pop_7-5939.php → 200
2026-05-29 17:24:45,010 | INFO |       📱 alcatel Pop 7 | Main=2.0MP | Selfie=NoneMP | AnTuTu=None | Price=$None | IP=None | Populated=35/68 fields
2026-05-29 17:24:45,014 | INFO |   💾 [191/450] saved
2026-05-29 17:24:45,015 | INFO | 
  [192/450]
2026-05-29 17:24:45,015 | INFO |   ⏳ 41.7s (req #203)
2026-05-29 17:25:29,686 | INFO |   GET https://www.gsmarena.com/alcatel_fierce-5741.php → 200
2026-05-29 17:25:29,707 | INFO |       📱 alcatel Fierce | Main=5.0MP | Selfie=NoneMP | AnTuTu=None | Price=$None | IP=None | Populated=38/68 fields
2026-05-29 17:25:29,711 | INFO |   💾 [192/450] saved
2026-05-29 17:25:29,711 | INFO | 
  [193/450]
2026-05-29 17:25:29,711 | INFO |   ⏳ 36.6s (req #204)
2026-05-29 17:26:06,817 | INFO |   GET https://www.gsmarena.com/alcatel_evolve-5740.php → 200
2026-05-29 17:26:06,837 | INFO |       📱 alcatel Evolve | Main=5.0MP | Selfie=NoneMP | AnTuTu=None | Price=$None | IP=None | Populated=35/68 fields
2026-05-29 17:26:06,841 | INFO |   💾 [193/450] saved
2026-05-29 17:26:06,841 | INFO | 
  [194/450]
2026-05-29 17:26:06,842 | INFO |   ⏳ 43.7s (req #205)
2026-05-29 17:26:51,395 | INFO |   GET https://www.gsmarena.com/alcatel_pop_c7-5693.php → 200
2026-05-29 17:26:51,420 | INFO |       📱 alcatel Pop C7 | Main=5.0MP | Selfie=NoneMP | AnTuTu=None | Price=$None | IP=None | Populated=37/68 fields
2026-05-29 17:26:51,424 | INFO |   💾 [194/450] saved
2026-05-29 17:26:51,424 | INFO | 
  [195/450]
2026-05-29 17:26:51,425 | INFO |   ⏳ 43.7s (req #206)
2026-05-29 17:27:36,914 | INFO |   GET https://www.gsmarena.com/alcatel_pop_c5-5692.php → 200
2026-05-29 17:27:36,967 | INFO |       📱 alcatel Pop C5 | Main=5.0MP | Selfie=NoneMP | AnTuTu=None | Price=$None | IP=None | Populated=34/68 fields
2026-05-29 17:27:36,972 | INFO |   💾 [195/450] saved
2026-05-29 17:27:36,972 | INFO | 
  [196/450]
2026-05-29 17:27:36,972 | INFO |   ⏳ 29.0s (req #207)
2026-05-29 17:28:06,864 | INFO |   GET https://www.gsmarena.com/alcatel_pop_c3-5687.php → 200
2026-05-29 17:28:06,886 | INFO |       📱 alcatel Pop C3 | Main=5.0MP | Selfie=NoneMP | AnTuTu=None | Price=$None | IP=None | Populated=37/68 fields
2026-05-29 17:28:06,890 | INFO |   💾 [196/450] saved
2026-05-29 17:28:06,890 | INFO | 
  [197/450]
2026-05-29 17:28:06,891 | INFO |   ⏳ 40.1s (req #208)
2026-05-29 17:28:47,583 | INFO |   GET https://www.gsmarena.com/alcatel_pop_c1-5691.php → 200
2026-05-29 17:28:47,605 | INFO |       📱 alcatel Pop C1 | Main=2.0MP | Selfie=NoneMP | AnTuTu=None | Price=$None | IP=None | Populated=32/68 fields
2026-05-29 17:28:47,610 | INFO |   💾 [197/450] saved
2026-05-29 17:28:47,610 | INFO | 
  [198/450]
2026-05-29 17:28:47,611 | INFO |   ⏳ 42.4s (req #209)
2026-05-29 17:29:30,890 | INFO |   GET https://www.gsmarena.com/alcatel_one_touch_evo_8hd-5680.php → 200
2026-05-29 17:29:30,911 | INFO |       📱 alcatel One Touch Evo 8HD | Main=3.15MP | Selfie=2.0MP | AnTuTu=None | Price=$None | IP=None | Populated=32/68 fields
2026-05-29 17:29:30,915 | INFO |   💾 [198/450] saved
2026-05-29 17:29:30,915 | INFO | 
  [199/450]
2026-05-29 17:29:30,915 | INFO |   ☕ Long pause 208s ...
2026-05-29 17:32:59,172 | INFO |   GET https://www.gsmarena.com/alcatel_idol_alpha-5671.php → 200
2026-05-29 17:32:59,196 | INFO |       📱 alcatel Idol Alpha | Main=13.0MP | Selfie=1.3MP | AnTuTu=None | Price=$None | IP=None | Populated=41/68 fields
2026-05-29 17:32:59,200 | INFO |   💾 [199/450] saved
2026-05-29 17:32:59,200 | INFO | 
  [200/450]
2026-05-29 17:32:59,201 | INFO |   ⏳ 30.6s (req #211)
2026-05-29 17:33:30,963 | INFO |   GET https://www.gsmarena.com/alcatel_hero-5672.php → 200
2026-05-29 17:33:30,986 | INFO |       📱 alcatel Hero | Main=13.0MP | Selfie=2.0MP | AnTuTu=None | Price=$None | IP=None | Populated=41/68 fields
2026-05-29 17:33:30,990 | INFO |   💾 [200/450] saved
2026-05-29 17:33:30,990 | INFO | 
  [201/450]
2026-05-29 17:33:30,991 | INFO |   ⏳ 25.6s (req #212)
2026-05-29 17:33:58,945 | INFO |   GET https://www.gsmarena.com/alcatel_idol_s-5668.php → 200
2026-05-29 17:33:58,976 | INFO |       📱 alcatel Idol S | Main=8.0MP | Selfie=1.3MP | AnTuTu=None | Price=$None | IP=None | Populated=42/68 fields
2026-05-29 17:33:58,981 | INFO |   💾 [201/450] saved
2026-05-29 17:33:58,981 | INFO | 
  [202/450]
2026-05-29 17:33:58,981 | INFO |   ⏳ 25.5s (req #213)
2026-05-29 17:34:25,192 | INFO |   GET https://www.gsmarena.com/alcatel_idol_mini-5669.php → 200
2026-05-29 17:34:25,222 | INFO |       📱 alcatel Idol Mini | Main=5.0MP | Selfie=NoneMP | AnTuTu=None | Price=$None | IP=None | Populated=39/68 fields
2026-05-29 17:34:25,226 | INFO |   💾 [202/450] saved
2026-05-29 17:34:25,226 | INFO | 
  [203/450]
2026-05-29 17:34:25,227 | INFO |   ⏳ 30.2s (req #214)
2026-05-29 17:34:56,976 | INFO |   GET https://www.gsmarena.com/alcatel_one_touch_t10-5449.php → 200
2026-05-29 17:34:56,999 | INFO |       📱 alcatel One Touch T10 | Main=NoneMP | Selfie=NoneMP | AnTuTu=None | Price=$None | IP=None | Populated=32/68 fields
2026-05-29 17:34:57,005 | INFO |   💾 [203/450] saved
2026-05-29 17:34:57,005 | INFO | 
  [204/450]
2026-05-29 17:34:57,006 | INFO |   ⏳ 19.1s (req #215)
2026-05-29 17:35:18,763 | INFO |   GET https://www.gsmarena.com/alcatel_one_touch_snap_lte-5335.php → 200
2026-05-29 17:35:18,787 | INFO |       📱 alcatel One Touch Snap LTE | Main=8.0MP | Selfie=2.0MP | AnTuTu=None | Price=$None | IP=None | Populated=36/68 fields
2026-05-29 17:35:18,792 | INFO |   💾 [204/450] saved
2026-05-29 17:35:18,792 | INFO | 
  [205/450]
2026-05-29 17:35:18,793 | INFO |   ⏳ 29.1s (req #216)
2026-05-29 17:35:48,444 | INFO |   GET https://www.gsmarena.com/alcatel_one_touch_pixi-5681.php → 200
2026-05-29 17:35:48,467 | INFO |       📱 alcatel One Touch Pixi | Main=2.0MP | Selfie=NoneMP | AnTuTu=None | Price=$None | IP=None | Populated=31/68 fields
2026-05-29 17:35:48,470 | INFO |   💾 [205/450] saved
2026-05-29 17:35:48,471 | INFO | 
  [206/450]
2026-05-29 17:35:48,471 | INFO |   ⏳ 43.5s (req #217)
2026-05-29 17:36:34,565 | INFO |   GET https://www.gsmarena.com/alcatel_one_touch_snap-5334.php → 200
2026-05-29 17:36:34,589 | INFO |       📱 alcatel One Touch Snap | Main=8.0MP | Selfie=1.3MP | AnTuTu=None | Price=$None | IP=None | Populated=39/68 fields
2026-05-29 17:36:34,594 | INFO |   💾 [206/450] saved
2026-05-29 17:36:34,594 | INFO | 
  [207/450]
2026-05-29 17:36:34,595 | INFO |   ⏳ 22.3s (req #218)
2026-05-29 17:36:59,001 | INFO |   GET https://www.gsmarena.com/alcatel_idol_x-5318.php → 200
2026-05-29 17:36:59,033 | INFO |       📱 alcatel Idol X | Main=13.1MP | Selfie=2.1MP | AnTuTu=None | Price=$None | IP=None | Populated=42/68 fields
2026-05-29 17:36:59,037 | INFO |   💾 [207/450] saved
2026-05-29 17:36:59,038 | INFO | 
  [208/450]
2026-05-29 17:36:59,038 | INFO |   ⏳ 44.7s (req #219)
2026-05-29 17:37:44,416 | INFO |   GET https://www.gsmarena.com/alcatel_one_touch_fire-5319.php → 200
2026-05-29 17:37:44,443 | INFO |       📱 alcatel One Touch Fire | Main=3.15MP | Selfie=NoneMP | AnTuTu=None | Price=$None | IP=None | Populated=34/68 fields
2026-05-29 17:37:44,447 | INFO |   💾 [208/450] saved
2026-05-29 17:37:44,448 | INFO | 
  [209/450]
2026-05-29 17:37:44,448 | INFO |   ⏳ 17.9s (req #220)
2026-05-29 17:38:02,921 | INFO |   GET https://www.gsmarena.com/alcatel_one_touch_star-5296.php → 200
2026-05-29 17:38:02,944 | INFO |       📱 alcatel One Touch Star | Main=5.0MP | Selfie=NoneMP | AnTuTu=None | Price=$None | IP=None | Populated=38/68 fields
2026-05-29 17:38:02,947 | INFO |   💾 [209/450] saved
2026-05-29 17:38:02,948 | INFO | 
  [210/450]
2026-05-29 17:38:02,948 | INFO |   ⏳ 28.2s (req #221)
2026-05-29 17:38:32,427 | INFO |   GET https://www.gsmarena.com/alcatel_one_touch_scribe_easy-5332.php → 200
2026-05-29 17:38:32,446 | INFO |       📱 alcatel One Touch Scribe Easy | Main=5.0MP | Selfie=NoneMP | AnTuTu=None | Price=$None | IP=None | Populated=38/68 fields
2026-05-29 17:38:32,451 | INFO |   💾 [210/450] saved
2026-05-29 17:38:32,451 | INFO | 
  [211/450]
2026-05-29 17:38:32,452 | INFO |   ⏳ 34.1s (req #222)
2026-05-29 17:39:08,237 | INFO |   GET https://www.gsmarena.com/alcatel_one_touch_evo_7-5236.php → 200
2026-05-29 17:39:08,256 | INFO |       📱 alcatel One Touch Evo 7 | Main=NoneMP | Selfie=NoneMP | AnTuTu=None | Price=$None | IP=None | Populated=29/68 fields
2026-05-29 17:39:08,261 | INFO |   💾 [211/450] saved
2026-05-29 17:39:08,261 | INFO | 
  [212/450]
2026-05-29 17:39:08,263 | INFO |   ⏳ 21.5s (req #223)
2026-05-29 17:39:32,193 | INFO |   GET https://www.gsmarena.com/alcatel_one_touch_evo_7_hd-5235.php → 200
2026-05-29 17:39:32,211 | INFO |       📱 alcatel One Touch Evo 7 HD | Main=3.0MP | Selfie=NoneMP | AnTuTu=None | Price=$None | IP=None | Populated=30/68 fields
2026-05-29 17:39:32,216 | INFO |   💾 [212/450] saved
2026-05-29 17:39:32,216 | INFO | 
  [213/450]
2026-05-29 17:39:32,216 | INFO |   ⏳ 21.4s (req #224)
2026-05-29 17:39:54,879 | INFO |   GET https://www.gsmarena.com/alcatel_one_touch_tab_8_hd-5234.php → 200
2026-05-29 17:39:54,907 | INFO |       📱 alcatel One Touch Tab 8 HD | Main=2.0MP | Selfie=NoneMP | AnTuTu=None | Price=$None | IP=None | Populated=30/68 fields
2026-05-29 17:39:54,911 | INFO |   💾 [213/450] saved
2026-05-29 17:39:54,912 | INFO | 
  [214/450]
2026-05-29 17:39:54,912 | INFO |   ⏳ 41.1s (req #225)
2026-05-29 17:40:38,899 | INFO |   GET https://www.gsmarena.com/alcatel_one_touch_tab_7-5233.php → 200
2026-05-29 17:40:38,924 | INFO |       📱 alcatel One Touch Tab 7 | Main=NoneMP | Selfie=NoneMP | AnTuTu=None | Price=$None | IP=None | Populated=30/68 fields
2026-05-29 17:40:38,928 | INFO |   💾 [214/450] saved
2026-05-29 17:40:38,929 | INFO | 
  [215/450]
2026-05-29 17:40:38,929 | INFO |   ⏳ 31.5s (req #226)
2026-05-29 17:41:12,418 | INFO |   GET https://www.gsmarena.com/alcatel_one_touch_tab_7_hd-5232.php → 200
2026-05-29 17:41:12,442 | INFO |       📱 alcatel One Touch Tab 7 HD | Main=2.0MP | Selfie=NoneMP | AnTuTu=None | Price=$None | IP=None | Populated=32/68 fields
2026-05-29 17:41:12,447 | INFO |   💾 [215/450] saved
2026-05-29 17:41:12,447 | INFO | 
  [216/450]
2026-05-29 17:41:12,447 | INFO |   ⏳ 24.3s (req #227)
2026-05-29 17:41:37,598 | INFO |   GET https://www.gsmarena.com/alcatel_one_touch_idol_ultra-5231.php → 200
2026-05-29 17:41:37,622 | INFO |       📱 alcatel One Touch Idol Ultra | Main=8.0MP | Selfie=1.3MP | AnTuTu=None | Price=$None | IP=None | Populated=40/68 fields
2026-05-29 17:41:37,627 | INFO |   💾 [216/450] saved
2026-05-29 17:41:37,628 | INFO | 
  [217/450]
2026-05-29 17:41:37,628 | INFO |   ⏳ 37.4s (req #228)
2026-05-29 17:42:19,377 | INFO |   GET https://www.gsmarena.com/alcatel_one_touch_idol-5230.php → 200
2026-05-29 17:42:19,407 | INFO |       📱 alcatel One Touch Idol | Main=8.0MP | Selfie=2.0MP | AnTuTu=None | Price=$None | IP=None | Populated=41/68 fields
2026-05-29 17:42:19,412 | INFO |   💾 [217/450] saved
2026-05-29 17:42:19,413 | INFO | 
  [218/450]
2026-05-29 17:42:19,413 | INFO |   ⏳ 22.4s (req #229)
2026-05-29 17:42:42,625 | INFO |   GET https://www.gsmarena.com/alcatel_one_touch_t_pop-5229.php → 200
2026-05-29 17:42:42,645 | INFO |       📱 alcatel One Touch T'Pop | Main=2.0MP | Selfie=NoneMP | AnTuTu=None | Price=$None | IP=None | Populated=35/68 fields
2026-05-29 17:42:42,649 | INFO |   💾 [218/450] saved
2026-05-29 17:42:42,649 | INFO | 
  [219/450]
2026-05-29 17:42:42,649 | INFO |   ⏳ 36.3s (req #230)
2026-05-29 17:43:19,796 | INFO |   GET https://www.gsmarena.com/alcatel_one_touch_s_pop-5228.php → 200
2026-05-29 17:43:19,817 | INFO |       📱 alcatel One Touch S'Pop | Main=3.15MP | Selfie=NoneMP | AnTuTu=None | Price=$None | IP=None | Populated=34/68 fields
2026-05-29 17:43:19,821 | INFO |   💾 [219/450] saved
2026-05-29 17:43:19,821 | INFO | 
  [220/450]
2026-05-29 17:43:19,822 | INFO |   ⏳ 33.9s (req #231)
2026-05-29 17:43:54,486 | INFO |   GET https://www.gsmarena.com/alcatel_one_touch_m_pop-5242.php → 200
2026-05-29 17:43:54,518 | INFO |       📱 alcatel One Touch M'Pop | Main=5.0MP | Selfie=NoneMP | AnTuTu=None | Price=$None | IP=None | Populated=39/68 fields
2026-05-29 17:43:54,522 | INFO |   💾 [220/450] saved
2026-05-29 17:43:54,522 | INFO | 
  [221/450]
2026-05-29 17:43:54,522 | INFO |   ⏳ 21.4s (req #232)
2026-05-29 17:44:16,511 | INFO |   GET https://www.gsmarena.com/alcatel_one_touch_x_pop-5227.php → 200
2026-05-29 17:44:16,526 | INFO |       📱 alcatel One Touch X'Pop | Main=5.0MP | Selfie=NoneMP | AnTuTu=None | Price=$None | IP=None | Populated=39/68 fields
2026-05-29 17:44:16,529 | INFO |   💾 [221/450] saved
2026-05-29 17:44:16,529 | INFO | 
  [222/450]
2026-05-29 17:44:16,529 | INFO |   ⏳ 18.4s (req #233)
2026-05-29 17:44:35,649 | INFO |   GET https://www.gsmarena.com/alcatel_one_touch_scribe_hd_lte-5226.php → 200
2026-05-29 17:44:35,664 | INFO |       📱 alcatel One Touch Scribe HD-LTE | Main=8.0MP | Selfie=1.3MP | AnTuTu=None | Price=$None | IP=None | Populated=40/68 fields
2026-05-29 17:44:35,667 | INFO |   💾 [222/450] saved
2026-05-29 17:44:35,667 | INFO | 
  [223/450]
2026-05-29 17:44:35,667 | INFO |   ⏳ 37.6s (req #234)
2026-05-29 17:45:13,919 | INFO |   GET https://www.gsmarena.com/alcatel_one_touch_scribe_x-5225.php → 200
2026-05-29 17:45:13,941 | INFO |       📱 alcatel One Touch Scribe X | Main=12.0MP | Selfie=1.0MP | AnTuTu=None | Price=$None | IP=None | Populated=38/68 fields
2026-05-29 17:45:13,944 | INFO |   💾 [223/450] saved
2026-05-29 17:45:13,945 | INFO | 
  [224/450]
2026-05-29 17:45:13,945 | INFO |   ⏳ 25.6s (req #235)
2026-05-29 17:45:40,274 | INFO |   GET https://www.gsmarena.com/alcatel_one_touch_scribe_hd-5218.php → 200
2026-05-29 17:45:40,303 | INFO |       📱 alcatel One Touch Scribe HD | Main=8.0MP | Selfie=NoneMP | AnTuTu=None | Price=$None | IP=None | Populated=40/68 fields
2026-05-29 17:45:40,308 | INFO |   💾 [224/450] saved
2026-05-29 17:45:40,308 | INFO | 
  [225/450]
2026-05-29 17:45:40,308 | INFO |   ⏳ 24.8s (req #236)
2026-05-29 17:46:05,751 | INFO |   GET https://www.gsmarena.com/alcatel_view-5159.php → 200
2026-05-29 17:46:05,773 | INFO |       📱 alcatel View | Main=5.0MP | Selfie=NoneMP | AnTuTu=None | Price=$None | IP=None | Populated=28/68 fields
2026-05-29 17:46:05,777 | INFO |   💾 [225/450] saved
2026-05-29 17:46:05,777 | INFO | 
  [226/450]
2026-05-29 17:46:05,777 | INFO |   ⏳ 36.4s (req #237)
2026-05-29 17:46:42,820 | INFO |   GET https://www.gsmarena.com/alcatel_ot_983-5139.php → 200
2026-05-29 17:46:42,853 | INFO |       📱 alcatel OT-983 | Main=3.15MP | Selfie=NoneMP | AnTuTu=None | Price=$None | IP=None | Populated=32/68 fields
2026-05-29 17:46:42,856 | INFO |   💾 [226/450] saved
2026-05-29 17:46:42,856 | INFO | 
  [227/450]
2026-05-29 17:46:42,856 | INFO |   ⏳ 27.9s (req #238)
2026-05-29 17:47:11,234 | INFO |   GET https://www.gsmarena.com/alcatel_ot_997d-5110.php → 200
2026-05-29 17:47:11,248 | INFO |       📱 alcatel OT-997D | Main=8.0MP | Selfie=NoneMP | AnTuTu=None | Price=$None | IP=None | Populated=39/68 fields
2026-05-29 17:47:11,251 | INFO |   💾 [227/450] saved
2026-05-29 17:47:11,251 | INFO | 
  [228/450]
2026-05-29 17:47:11,251 | INFO |   ⏳ 16.6s (req #239)
2026-05-29 17:47:28,405 | INFO |   GET https://www.gsmarena.com/alcatel_ot_997-5165.php → 200
2026-05-29 17:47:28,420 | INFO |       📱 alcatel OT-997 | Main=8.0MP | Selfie=NoneMP | AnTuTu=None | Price=$None | IP=None | Populated=41/68 fields
2026-05-29 17:47:28,423 | INFO |   💾 [228/450] saved
2026-05-29 17:47:28,424 | INFO | 
  [229/450]
2026-05-29 17:47:28,424 | INFO |   ☕ Long pause 167s ...
2026-05-29 17:50:16,452 | INFO |   GET https://www.gsmarena.com/alcatel_ot_992d-5866.php → 200
2026-05-29 17:50:16,467 | INFO |       📱 alcatel OT-992D | Main=5.0MP | Selfie=NoneMP | AnTuTu=None | Price=$None | IP=None | Populated=35/68 fields
2026-05-29 17:50:16,472 | INFO |   💾 [229/450] saved
2026-05-29 17:50:16,472 | INFO | 
  [230/450]
2026-05-29 17:50:16,472 | INFO |   ⏳ 30.0s (req #241)
2026-05-29 17:50:47,128 | INFO |   GET https://www.gsmarena.com/alcatel_ot_978-5103.php → 200
2026-05-29 17:50:47,141 | INFO |       📱 alcatel OT-978 | Main=3.15MP | Selfie=NoneMP | AnTuTu=None | Price=$None | IP=None | Populated=28/68 fields
2026-05-29 17:50:47,144 | INFO |   💾 [230/450] saved
2026-05-29 17:50:47,144 | INFO | 
  [231/450]
2026-05-29 17:50:47,144 | INFO |   ⏳ 35.5s (req #242)
2026-05-29 17:51:23,154 | INFO |   GET https://www.gsmarena.com/alcatel_ot_988_shockwave-5080.php → 200
2026-05-29 17:51:23,185 | INFO |       📱 alcatel OT-988 Shockwave | Main=3.15MP | Selfie=NoneMP | AnTuTu=None | Price=$None | IP=IP54 | Populated=32/68 fields
2026-05-29 17:51:23,189 | INFO |   💾 [231/450] saved
2026-05-29 17:51:23,189 | INFO | 
  [232/450]
2026-05-29 17:51:23,189 | INFO |   ⏳ 35.9s (req #243)
2026-05-29 17:51:59,623 | INFO |   GET https://www.gsmarena.com/alcatel_ot_993-4846.php → 200
2026-05-29 17:51:59,657 | INFO |       📱 alcatel OT-993 | Main=5.0MP | Selfie=NoneMP | AnTuTu=None | Price=$None | IP=None | Populated=37/68 fields
2026-05-29 17:51:59,663 | INFO |   💾 [232/450] saved
2026-05-29 17:51:59,663 | INFO | 
  [233/450]
2026-05-29 17:51:59,663 | INFO |   ⏳ 34.1s (req #244)
2026-05-29 17:52:34,249 | INFO |   GET https://www.gsmarena.com/alcatel_ot_903-4845.php → 200
2026-05-29 17:52:34,272 | INFO |       📱 alcatel OT-903 | Main=2.0MP | Selfie=NoneMP | AnTuTu=None | Price=$None | IP=None | Populated=35/68 fields
2026-05-29 17:52:34,276 | INFO |   💾 [233/450] saved
2026-05-29 17:52:34,276 | INFO | 
  [234/450]
2026-05-29 17:52:34,277 | INFO |   ⏳ 37.8s (req #245)
2026-05-29 17:53:12,733 | INFO |   GET https://www.gsmarena.com/alcatel_ot_838-4844.php → 200
2026-05-29 17:53:12,759 | INFO |       📱 alcatel OT-838 | Main=2.0MP | Selfie=NoneMP | AnTuTu=None | Price=$None | IP=None | Populated=27/68 fields
2026-05-29 17:53:12,763 | INFO |   💾 [234/450] saved
2026-05-29 17:53:12,763 | INFO | 
  [235/450]
2026-05-29 17:53:12,763 | INFO |   ⏳ 39.2s (req #246)
2026-05-29 17:53:52,597 | INFO |   GET https://www.gsmarena.com/alcatel_ot_668-4843.php → 200
2026-05-29 17:53:52,621 | INFO |       📱 alcatel OT-668 | Main=2.0MP | Selfie=NoneMP | AnTuTu=None | Price=$None | IP=None | Populated=26/68 fields
2026-05-29 17:53:52,626 | INFO |   💾 [235/450] saved
2026-05-29 17:53:52,626 | INFO | 
  [236/450]
2026-05-29 17:53:52,626 | INFO |   ⏳ 38.8s (req #247)
2026-05-29 17:54:32,342 | INFO |   GET https://www.gsmarena.com/alcatel_ot_605-4842.php → 200
2026-05-29 17:54:32,356 | INFO |       📱 alcatel OT-605 | Main=NoneMP | Selfie=NoneMP | AnTuTu=None | Price=$None | IP=None | Populated=23/68 fields
2026-05-29 17:54:32,359 | INFO |   💾 [236/450] saved
2026-05-29 17:54:32,360 | INFO | 
  [237/450]
2026-05-29 17:54:32,360 | INFO |   ⏳ 25.0s (req #248)
2026-05-29 17:54:57,972 | INFO |   GET https://www.gsmarena.com/alcatel_ot_986-4780.php → 200
2026-05-29 17:54:57,986 | INFO |       📱 alcatel OT-986 | Main=5.0MP | Selfie=2.0MP | AnTuTu=None | Price=$None | IP=None | Populated=37/68 fields
2026-05-29 17:54:57,988 | INFO |   💾 [237/450] saved
2026-05-29 17:54:57,988 | INFO | 
  [238/450]
2026-05-29 17:54:57,988 | INFO |   ⏳ 23.3s (req #249)
2026-05-29 17:55:21,789 | INFO |   GET https://www.gsmarena.com/alcatel_ot_991-4733.php → 200
2026-05-29 17:55:21,807 | INFO |       📱 alcatel OT-991 | Main=3.15MP | Selfie=NoneMP | AnTuTu=None | Price=$None | IP=None | Populated=35/68 fields
2026-05-29 17:55:21,810 | INFO |   💾 [238/450] saved
2026-05-29 17:55:21,811 | INFO | 
  [239/450]
2026-05-29 17:55:21,811 | INFO |   ⏳ 20.4s (req #250)
2026-05-29 17:55:42,700 | INFO |   GET https://www.gsmarena.com/alcatel_ot_916-4732.php → 200
2026-05-29 17:55:42,763 | INFO |       📱 alcatel OT-916 | Main=3.15MP | Selfie=NoneMP | AnTuTu=None | Price=$None | IP=None | Populated=34/68 fields
2026-05-29 17:55:42,765 | INFO |   💾 [239/450] saved
2026-05-29 17:55:42,766 | INFO | 
  [240/450]
2026-05-29 17:55:42,766 | INFO |   ⏳ 36.9s (req #251)
2026-05-29 17:56:20,230 | INFO |   GET https://www.gsmarena.com/alcatel_ot_720-4731.php → 200
2026-05-29 17:56:20,245 | INFO |       📱 alcatel OT-720 | Main=2.0MP | Selfie=NoneMP | AnTuTu=None | Price=$None | IP=None | Populated=27/68 fields
2026-05-29 17:56:20,247 | INFO |   💾 [240/450] saved
2026-05-29 17:56:20,247 | INFO | 
  [241/450]
2026-05-29 17:56:20,248 | INFO |   ⏳ 22.3s (req #252)
2026-05-29 17:56:43,149 | INFO |   GET https://www.gsmarena.com/alcatel_ot_902-4730.php → 200
2026-05-29 17:56:43,164 | INFO |       📱 alcatel OT-902 | Main=3.15MP | Selfie=NoneMP | AnTuTu=None | Price=$None | IP=None | Populated=27/68 fields
2026-05-29 17:56:43,166 | INFO |   💾 [241/450] saved
2026-05-29 17:56:43,166 | INFO | 
  [242/450]
2026-05-29 17:56:43,166 | INFO |   ⏳ 34.0s (req #253)
2026-05-29 17:57:17,747 | INFO |   GET https://www.gsmarena.com/alcatel_ot_819_soul-4920.php → 200
2026-05-29 17:57:17,763 | INFO |       📱 alcatel OT-819 Soul | Main=2.0MP | Selfie=NoneMP | AnTuTu=None | Price=$None | IP=None | Populated=23/68 fields
2026-05-29 17:57:17,766 | INFO |   💾 [242/450] saved
2026-05-29 17:57:17,766 | INFO | 
  [243/450]
2026-05-29 17:57:17,766 | INFO |   ⏳ 41.2s (req #254)
2026-05-29 17:57:59,506 | INFO |   GET https://www.gsmarena.com/alcatel_ot_870-4729.php → 200
2026-05-29 17:57:59,521 | INFO |       📱 alcatel OT-870 | Main=2.0MP | Selfie=NoneMP | AnTuTu=None | Price=$None | IP=None | Populated=26/68 fields
2026-05-29 17:57:59,523 | INFO |   💾 [243/450] saved
2026-05-29 17:57:59,524 | INFO | 
  [244/450]
2026-05-29 17:57:59,524 | INFO |   ⏳ 31.4s (req #255)
2026-05-29 17:58:31,486 | INFO |   GET https://www.gsmarena.com/alcatel_ot_595-4728.php → 200
2026-05-29 17:58:31,499 | INFO |       📱 alcatel OT-595 | Main=2.0MP | Selfie=NoneMP | AnTuTu=None | Price=$None | IP=None | Populated=24/68 fields
2026-05-29 17:58:31,502 | INFO |   💾 [244/450] saved
2026-05-29 17:58:31,502 | INFO | 
  [245/450]
2026-05-29 17:58:31,502 | INFO |   ⏳ 28.5s (req #256)
2026-05-29 17:59:00,714 | INFO |   GET https://www.gsmarena.com/alcatel_ot_358-4727.php → 200
2026-05-29 17:59:00,733 | INFO |       📱 alcatel OT-358 | Main=NoneMP | Selfie=NoneMP | AnTuTu=None | Price=$None | IP=None | Populated=23/68 fields
2026-05-29 17:59:00,736 | INFO |   💾 [245/450] saved
2026-05-29 17:59:00,736 | INFO | 
  [246/450]
2026-05-29 17:59:00,736 | INFO |   ⏳ 24.8s (req #257)
2026-05-29 17:59:26,230 | INFO |   GET https://www.gsmarena.com/alcatel_ot_310-4726.php → 200
2026-05-29 17:59:26,242 | INFO |       📱 alcatel OT-310 | Main=NoneMP | Selfie=NoneMP | AnTuTu=None | Price=$None | IP=None | Populated=20/68 fields
2026-05-29 17:59:26,245 | INFO |   💾 [246/450] saved
2026-05-29 17:59:26,246 | INFO | 
  [247/450]
2026-05-29 17:59:26,246 | INFO |   ⏳ 41.9s (req #258)
2026-05-29 18:00:08,756 | INFO |   GET https://www.gsmarena.com/alcatel_ot_318d-4725.php → 200
2026-05-29 18:00:08,771 | INFO |       📱 alcatel OT-318D | Main=NoneMP | Selfie=NoneMP | AnTuTu=None | Price=$None | IP=None | Populated=23/68 fields
2026-05-29 18:00:08,775 | INFO |   💾 [247/450] saved
2026-05-29 18:00:08,775 | INFO | 
  [248/450]
2026-05-29 18:00:08,775 | INFO |   ⏳ 33.4s (req #259)
2026-05-29 18:00:42,694 | INFO |   GET https://www.gsmarena.com/alcatel_ot_317d-4724.php → 200
2026-05-29 18:00:42,705 | INFO |       📱 alcatel OT-317D | Main=NoneMP | Selfie=NoneMP | AnTuTu=None | Price=$None | IP=None | Populated=22/68 fields
2026-05-29 18:00:42,708 | INFO |   💾 [248/450] saved
2026-05-29 18:00:42,709 | INFO | 
  [249/450]
2026-05-29 18:00:42,709 | INFO |   ⏳ 28.9s (req #260)
2026-05-29 18:01:12,244 | INFO |   GET https://www.gsmarena.com/alcatel_ot_308-4723.php → 200
2026-05-29 18:01:12,257 | INFO |       📱 alcatel OT-308 | Main=NoneMP | Selfie=NoneMP | AnTuTu=None | Price=$None | IP=None | Populated=23/68 fields
2026-05-29 18:01:12,260 | INFO |   💾 [249/450] saved
2026-05-29 18:01:12,260 | INFO | 
  [250/450]
2026-05-29 18:01:12,260 | INFO |   ⏳ 43.1s (req #261)
2026-05-29 18:01:55,942 | INFO |   GET https://www.gsmarena.com/alcatel_ot_282-4722.php → 200
2026-05-29 18:01:55,956 | INFO |       📱 alcatel OT-282 | Main=NoneMP | Selfie=NoneMP | AnTuTu=None | Price=$None | IP=None | Populated=21/68 fields
2026-05-29 18:01:55,959 | INFO |   💾 [250/450] saved
2026-05-29 18:01:55,959 | INFO | 
  [251/450]
2026-05-29 18:01:55,960 | INFO |   ⏳ 38.3s (req #262)
2026-05-29 18:02:34,924 | INFO |   GET https://www.gsmarena.com/alcatel_ot_292-4721.php → 200
2026-05-29 18:02:34,936 | INFO |       📱 alcatel OT-292 | Main=NoneMP | Selfie=NoneMP | AnTuTu=None | Price=$None | IP=None | Populated=20/68 fields
2026-05-29 18:02:34,938 | INFO |   💾 [251/450] saved
2026-05-29 18:02:34,939 | INFO | 
  [252/450]
2026-05-29 18:02:34,939 | INFO |   ⏳ 35.8s (req #263)
2026-05-29 18:03:11,231 | INFO |   GET https://www.gsmarena.com/alcatel_ot_228-4720.php → 200
2026-05-29 18:03:11,251 | INFO |       📱 alcatel OT-228 | Main=NoneMP | Selfie=NoneMP | AnTuTu=None | Price=$None | IP=None | Populated=21/68 fields
2026-05-29 18:03:11,253 | INFO |   💾 [252/450] saved
2026-05-29 18:03:11,253 | INFO | 
  [253/450]
2026-05-29 18:03:11,254 | INFO |   ⏳ 22.1s (req #264)
2026-05-29 18:03:33,885 | INFO |   GET https://www.gsmarena.com/alcatel_ot_985-4663.php → 200
2026-05-29 18:03:33,899 | INFO |       📱 alcatel OT-985 | Main=3.15MP | Selfie=NoneMP | AnTuTu=None | Price=$None | IP=None | Populated=35/68 fields
2026-05-29 18:03:33,902 | INFO |   💾 [253/450] saved
2026-05-29 18:03:33,902 | INFO | 
  [254/450]
2026-05-29 18:03:33,902 | INFO |   ⏳ 42.2s (req #265)
2026-05-29 18:04:16,819 | INFO |   GET https://www.gsmarena.com/alcatel_ot_915-4549.php → 200
2026-05-29 18:04:16,831 | INFO |       📱 alcatel OT-915 | Main=5.0MP | Selfie=NoneMP | AnTuTu=None | Price=$None | IP=None | Populated=28/68 fields
2026-05-29 18:04:16,834 | INFO |   💾 [254/450] saved
2026-05-29 18:04:16,835 | INFO | 
  [255/450]
2026-05-29 18:04:16,835 | INFO |   ⏳ 16.7s (req #266)
2026-05-29 18:04:34,199 | INFO |   GET https://www.gsmarena.com/alcatel_ot_810d-4922.php → 200
2026-05-29 18:04:34,214 | INFO |       📱 alcatel OT-810D | Main=2.0MP | Selfie=NoneMP | AnTuTu=None | Price=$None | IP=None | Populated=26/68 fields
2026-05-29 18:04:34,217 | INFO |   💾 [255/450] saved
2026-05-29 18:04:34,217 | INFO | 
  [256/450]
2026-05-29 18:04:34,217 | INFO |   ⏳ 19.3s (req #267)
2026-05-29 18:04:54,129 | INFO |   GET https://www.gsmarena.com/alcatel_ot_906-4321.php → 200
2026-05-29 18:04:54,142 | INFO |       📱 alcatel OT-906 | Main=2.0MP | Selfie=NoneMP | AnTuTu=None | Price=$None | IP=None | Populated=28/68 fields
2026-05-29 18:04:54,145 | INFO |   💾 [256/450] saved
2026-05-29 18:04:54,145 | INFO | 
  [257/450]
2026-05-29 18:04:54,145 | INFO |   ⏳ 40.5s (req #268)
2026-05-29 18:05:35,138 | INFO |   GET https://www.gsmarena.com/alcatel_ot_810-4308.php → 200
2026-05-29 18:05:35,153 | INFO |       📱 alcatel OT-810 | Main=2.0MP | Selfie=NoneMP | AnTuTu=None | Price=$None | IP=None | Populated=25/68 fields
2026-05-29 18:05:35,156 | INFO |   💾 [257/450] saved
2026-05-29 18:05:35,156 | INFO | 
  [258/450]
2026-05-29 18:05:35,156 | INFO |   ⏳ 34.3s (req #269)
2026-05-29 18:06:09,950 | INFO |   GET https://www.gsmarena.com/alcatel_ot_995-4661.php → 200
2026-05-29 18:06:09,969 | INFO |       📱 alcatel OT-995 | Main=5.0MP | Selfie=NoneMP | AnTuTu=None | Price=$None | IP=None | Populated=36/68 fields
2026-05-29 18:06:09,973 | INFO |   💾 [258/450] saved
2026-05-29 18:06:09,974 | INFO | 
  [259/450]
2026-05-29 18:06:09,974 | INFO |   ☕ Long pause 265s ...
2026-05-29 18:10:35,440 | INFO |   GET https://www.gsmarena.com/alcatel_ot_990-3799.php → 200
2026-05-29 18:10:35,455 | INFO |       📱 alcatel OT-990 | Main=5.0MP | Selfie=NoneMP | AnTuTu=None | Price=$None | IP=None | Populated=32/68 fields
2026-05-29 18:10:35,458 | INFO |   💾 [259/450] saved
2026-05-29 18:10:35,459 | INFO | 
  [260/450]
2026-05-29 18:10:35,459 | INFO |   ⏳ 34.8s (req #271)
2026-05-29 18:11:10,892 | INFO |   GET https://www.gsmarena.com/alcatel_ot_910-3798.php → 200
2026-05-29 18:11:10,906 | INFO |       📱 alcatel OT-910 | Main=5.0MP | Selfie=NoneMP | AnTuTu=None | Price=$None | IP=None | Populated=30/68 fields
2026-05-29 18:11:10,909 | INFO |   💾 [260/450] saved
2026-05-29 18:11:10,909 | INFO | 
  [261/450]
2026-05-29 18:11:10,909 | INFO |   ⏳ 37.7s (req #272)
2026-05-29 18:11:49,202 | INFO |   GET https://www.gsmarena.com/alcatel_ot_908f-4629.php → 200
2026-05-29 18:11:49,215 | INFO |       📱 alcatel OT-908F | Main=2.0MP | Selfie=NoneMP | AnTuTu=None | Price=$None | IP=None | Populated=28/68 fields
2026-05-29 18:11:49,217 | INFO |   💾 [261/450] saved
2026-05-29 18:11:49,218 | INFO | 
  [262/450]
2026-05-29 18:11:49,218 | INFO |   ⏳ 42.8s (req #273)
2026-05-29 18:12:32,600 | INFO |   GET https://www.gsmarena.com/alcatel_ot_908-3797.php → 200
2026-05-29 18:12:32,613 | INFO |       📱 alcatel OT-908 | Main=2.0MP | Selfie=NoneMP | AnTuTu=None | Price=$None | IP=None | Populated=31/68 fields
2026-05-29 18:12:32,616 | INFO |   💾 [262/450] saved
2026-05-29 18:12:32,617 | INFO | 
  [263/450]
2026-05-29 18:12:32,617 | INFO |   ⏳ 36.6s (req #274)
2026-05-29 18:13:09,780 | INFO |   GET https://www.gsmarena.com/alcatel_ot_905-3796.php → 200
2026-05-29 18:13:09,796 | INFO |       📱 alcatel OT-905 | Main=2.0MP | Selfie=NoneMP | AnTuTu=None | Price=$None | IP=None | Populated=25/68 fields
2026-05-29 18:13:09,799 | INFO |   💾 [263/450] saved
2026-05-29 18:13:09,800 | INFO | 
  [264/450]
2026-05-29 18:13:09,800 | INFO |   ⏳ 26.9s (req #275)
2026-05-29 18:13:37,246 | INFO |   GET https://www.gsmarena.com/alcatel_ot_900-3795.php → 200
2026-05-29 18:13:37,269 | INFO |       📱 alcatel OT-900 | Main=2.0MP | Selfie=NoneMP | AnTuTu=None | Price=$None | IP=None | Populated=24/68 fields
2026-05-29 18:13:37,271 | INFO |   💾 [264/450] saved
2026-05-29 18:13:37,271 | INFO | 
  [265/450]
2026-05-29 18:13:37,271 | INFO |   ⏳ 29.6s (req #276)
2026-05-29 18:14:07,463 | INFO |   GET https://www.gsmarena.com/alcatel_ot_891_soul-3822.php → 200
2026-05-29 18:14:07,476 | INFO |       📱 alcatel OT-891 Soul | Main=2.0MP | Selfie=NoneMP | AnTuTu=None | Price=$None | IP=None | Populated=31/68 fields
2026-05-29 18:14:07,479 | INFO |   💾 [265/450] saved
2026-05-29 18:14:07,479 | INFO | 
  [266/450]
2026-05-29 18:14:07,479 | INFO |   ⏳ 40.8s (req #277)
2026-05-29 18:14:48,798 | INFO |   GET https://www.gsmarena.com/alcatel_ot_918-4659.php → 200
2026-05-29 18:14:48,813 | INFO |       📱 alcatel OT-918 | Main=3.15MP | Selfie=NoneMP | AnTuTu=None | Price=$None | IP=None | Populated=35/68 fields
2026-05-29 18:14:48,815 | INFO |   💾 [266/450] saved
2026-05-29 18:14:48,816 | INFO | 
  [267/450]
2026-05-29 18:14:48,816 | INFO |   ⏳ 39.3s (req #278)
2026-05-29 18:15:28,695 | INFO |   GET https://www.gsmarena.com/alcatel_ot_918d-4528.php → 200
2026-05-29 18:15:28,710 | INFO |       📱 alcatel OT-918D | Main=3.15MP | Selfie=NoneMP | AnTuTu=None | Price=$None | IP=None | Populated=34/68 fields
2026-05-29 18:15:28,713 | INFO |   💾 [267/450] saved
2026-05-29 18:15:28,714 | INFO | 
  [268/450]
2026-05-29 18:15:28,714 | INFO |   ⏳ 19.1s (req #279)
2026-05-29 18:15:48,453 | INFO |   GET https://www.gsmarena.com/alcatel_ot_890d-4104.php → 200
2026-05-29 18:15:48,468 | INFO |       📱 alcatel OT-890D | Main=2.0MP | Selfie=NoneMP | AnTuTu=None | Price=$None | IP=None | Populated=29/68 fields
2026-05-29 18:15:48,470 | INFO |   💾 [268/450] saved
2026-05-29 18:15:48,471 | INFO | 
  [269/450]
2026-05-29 18:15:48,471 | INFO |   ⏳ 30.8s (req #280)
2026-05-29 18:16:19,924 | INFO |   GET https://www.gsmarena.com/alcatel_ot_890-3793.php → 200
2026-05-29 18:16:19,939 | INFO |       📱 alcatel OT-890 | Main=2.0MP | Selfie=NoneMP | AnTuTu=None | Price=$None | IP=None | Populated=32/68 fields
2026-05-29 18:16:19,942 | INFO |   💾 [269/450] saved
2026-05-29 18:16:19,943 | INFO | 
  [270/450]
2026-05-29 18:16:19,943 | INFO |   ⏳ 43.8s (req #281)
2026-05-29 18:17:04,316 | INFO |   GET https://www.gsmarena.com/alcatel_ot_888-3794.php → 200
2026-05-29 18:17:04,330 | INFO |       📱 alcatel OT-888 | Main=2.0MP | Selfie=NoneMP | AnTuTu=None | Price=$None | IP=None | Populated=25/68 fields
2026-05-29 18:17:04,333 | INFO |   💾 [270/450] saved
2026-05-29 18:17:04,333 | INFO | 
  [271/450]
2026-05-29 18:17:04,333 | INFO |   ⏳ 41.6s (req #282)
2026-05-29 18:17:46,484 | INFO |   GET https://www.gsmarena.com/alcatel_ot_818-3800.php → 200
2026-05-29 18:17:46,505 | INFO |       📱 alcatel OT-818 | Main=2.0MP | Selfie=NoneMP | AnTuTu=None | Price=$None | IP=None | Populated=26/68 fields
2026-05-29 18:17:46,508 | INFO |   💾 [271/450] saved
2026-05-29 18:17:46,508 | INFO | 
  [272/450]
2026-05-29 18:17:46,509 | INFO |   ⏳ 28.8s (req #283)
2026-05-29 18:18:15,878 | INFO |   GET https://www.gsmarena.com/alcatel_ot_813f-4628.php → 200
2026-05-29 18:18:15,893 | INFO |       📱 alcatel OT-813F | Main=2.0MP | Selfie=NoneMP | AnTuTu=None | Price=$None | IP=None | Populated=25/68 fields
2026-05-29 18:18:15,895 | INFO |   💾 [272/450] saved
2026-05-29 18:18:15,895 | INFO | 
  [273/450]
2026-05-29 18:18:15,896 | INFO |   ⏳ 25.0s (req #284)
2026-05-29 18:18:41,511 | INFO |   GET https://www.gsmarena.com/alcatel_ot_813d-4103.php → 200
2026-05-29 18:18:41,526 | INFO |       📱 alcatel OT-813D | Main=2.0MP | Selfie=NoneMP | AnTuTu=None | Price=$None | IP=None | Populated=26/68 fields
2026-05-29 18:18:41,529 | INFO |   💾 [273/450] saved
2026-05-29 18:18:41,529 | INFO | 
  [274/450]
2026-05-29 18:18:41,529 | INFO |   ⏳ 21.9s (req #285)
2026-05-29 18:19:04,106 | INFO |   GET https://www.gsmarena.com/alcatel_ot_807-3824.php → 200
2026-05-29 18:19:04,119 | INFO |       📱 alcatel OT-807 | Main=2.0MP | Selfie=NoneMP | AnTuTu=None | Price=$None | IP=None | Populated=26/68 fields
2026-05-29 18:19:04,122 | INFO |   💾 [274/450] saved
2026-05-29 18:19:04,122 | INFO | 
  [275/450]
2026-05-29 18:19:04,122 | INFO |   ⏳ 31.6s (req #286)
2026-05-29 18:19:36,391 | INFO |   GET https://www.gsmarena.com/alcatel_ot_803-3801.php → 200
2026-05-29 18:19:36,406 | INFO |       📱 alcatel OT-803 | Main=2.0MP | Selfie=NoneMP | AnTuTu=None | Price=$None | IP=None | Populated=25/68 fields
2026-05-29 18:19:36,410 | INFO |   💾 [275/450] saved
2026-05-29 18:19:36,410 | INFO | 
  [276/450]
2026-05-29 18:19:36,411 | INFO |   ⏳ 21.4s (req #287)
2026-05-29 18:19:58,475 | INFO |   GET https://www.gsmarena.com/alcatel_ot_799_play-3802.php → 200
2026-05-29 18:19:58,488 | INFO |       📱 alcatel OT-799 Play | Main=2.0MP | Selfie=NoneMP | AnTuTu=None | Price=$None | IP=None | Populated=24/68 fields
2026-05-29 18:19:58,491 | INFO |   💾 [276/450] saved
2026-05-29 18:19:58,492 | INFO | 
  [277/450]
2026-05-29 18:19:58,492 | INFO |   ⏳ 27.7s (req #288)
2026-05-29 18:20:26,828 | INFO |   GET https://www.gsmarena.com/alcatel_ot_690-3803.php → 200
2026-05-29 18:20:26,849 | INFO |       📱 alcatel OT-690 | Main=2.0MP | Selfie=NoneMP | AnTuTu=None | Price=$None | IP=None | Populated=24/68 fields
2026-05-29 18:20:26,851 | INFO |   💾 [277/450] saved
2026-05-29 18:20:26,852 | INFO | 
  [278/450]
2026-05-29 18:20:26,852 | INFO |   ⏳ 36.7s (req #289)
2026-05-29 18:21:04,137 | INFO |   GET https://www.gsmarena.com/alcatel_ot_665-3804.php → 200
2026-05-29 18:21:04,152 | INFO |       📱 alcatel OT-665 | Main=2.0MP | Selfie=NoneMP | AnTuTu=None | Price=$None | IP=None | Populated=25/68 fields
2026-05-29 18:21:04,154 | INFO |   💾 [278/450] saved
2026-05-29 18:21:04,155 | INFO | 
  [279/450]
2026-05-29 18:21:04,155 | INFO |   ⏳ 39.9s (req #290)
2026-05-29 18:21:44,572 | INFO |   GET https://www.gsmarena.com/alcatel_ot_602-3805.php → 200
2026-05-29 18:21:44,588 | INFO |       📱 alcatel OT-602 | Main=2.0MP | Selfie=NoneMP | AnTuTu=None | Price=$None | IP=None | Populated=25/68 fields
2026-05-29 18:21:44,590 | INFO |   💾 [279/450] saved
2026-05-29 18:21:44,590 | INFO | 
  [280/450]
2026-05-29 18:21:44,591 | INFO |   ⏳ 20.3s (req #291)
2026-05-29 18:22:05,514 | INFO |   GET https://www.gsmarena.com/alcatel_ot_585-3806.php → 200
2026-05-29 18:22:05,528 | INFO |       📱 alcatel OT-585 | Main=2.0MP | Selfie=NoneMP | AnTuTu=None | Price=$None | IP=None | Populated=25/68 fields
2026-05-29 18:22:05,531 | INFO |   💾 [280/450] saved
2026-05-29 18:22:05,531 | INFO | 
  [281/450]
2026-05-29 18:22:05,531 | INFO |   ⏳ 17.3s (req #292)
2026-05-29 18:22:23,467 | INFO |   GET https://www.gsmarena.com/alcatel_ot_506-3807.php → 200
2026-05-29 18:22:23,484 | INFO |       📱 alcatel OT-506 | Main=2.0MP | Selfie=NoneMP | AnTuTu=None | Price=$None | IP=None | Populated=25/68 fields
2026-05-29 18:22:23,486 | INFO |   💾 [281/450] saved
2026-05-29 18:22:23,487 | INFO | 
  [282/450]
2026-05-29 18:22:23,487 | INFO |   ⏳ 25.8s (req #293)
2026-05-29 18:22:49,909 | INFO |   GET https://www.gsmarena.com/alcatel_ot_385-3808.php → 200
2026-05-29 18:22:49,926 | INFO |       📱 alcatel OT-385 | Main=NoneMP | Selfie=NoneMP | AnTuTu=None | Price=$None | IP=None | Populated=23/68 fields
2026-05-29 18:22:49,929 | INFO |   💾 [282/450] saved
2026-05-29 18:22:49,929 | INFO | 
  [283/450]
2026-05-29 18:22:49,929 | INFO |   ⏳ 29.4s (req #294)
2026-05-29 18:23:19,812 | INFO |   GET https://www.gsmarena.com/alcatel_ot_361-3809.php → 200
2026-05-29 18:23:19,835 | INFO |       📱 alcatel OT-361 | Main=NoneMP | Selfie=NoneMP | AnTuTu=None | Price=$None | IP=None | Populated=23/68 fields
2026-05-29 18:23:19,837 | INFO |   💾 [283/450] saved
2026-05-29 18:23:19,838 | INFO | 
  [284/450]
2026-05-29 18:23:19,838 | INFO |   ⏳ 18.1s (req #295)
2026-05-29 18:23:38,417 | INFO |   GET https://www.gsmarena.com/alcatel_ot_355-3810.php → 200
2026-05-29 18:23:38,430 | INFO |       📱 alcatel OT-355 | Main=NoneMP | Selfie=NoneMP | AnTuTu=None | Price=$None | IP=None | Populated=22/68 fields
2026-05-29 18:23:38,433 | INFO |   💾 [284/450] saved
2026-05-29 18:23:38,433 | INFO | 
  [285/450]
2026-05-29 18:23:38,433 | INFO |   ⏳ 37.7s (req #296)
2026-05-29 18:24:16,746 | INFO |   GET https://www.gsmarena.com/alcatel_ot_330-3811.php → 200
2026-05-29 18:24:16,759 | INFO |       📱 alcatel OT-330 | Main=NoneMP | Selfie=NoneMP | AnTuTu=None | Price=$None | IP=None | Populated=20/68 fields
2026-05-29 18:24:16,761 | INFO |   💾 [285/450] saved
2026-05-29 18:24:16,762 | INFO | 
  [286/450]
2026-05-29 18:24:16,762 | INFO |   ⏳ 37.4s (req #297)
2026-05-29 18:24:54,673 | INFO |   GET https://www.gsmarena.com/alcatel_ot_306-3812.php → 200
2026-05-29 18:24:54,688 | INFO |       📱 alcatel OT-306 | Main=NoneMP | Selfie=NoneMP | AnTuTu=None | Price=$None | IP=None | Populated=21/68 fields
2026-05-29 18:24:54,691 | INFO |   💾 [286/450] saved
2026-05-29 18:24:54,691 | INFO | 
  [287/450]
2026-05-29 18:24:54,691 | INFO |   ⏳ 23.2s (req #298)
2026-05-29 18:25:18,490 | INFO |   GET https://www.gsmarena.com/alcatel_ot_223-3813.php → 200
2026-05-29 18:25:18,504 | INFO |       📱 alcatel OT-223 | Main=NoneMP | Selfie=NoneMP | AnTuTu=None | Price=$None | IP=None | Populated=20/68 fields
2026-05-29 18:25:18,506 | INFO |   💾 [287/450] saved
2026-05-29 18:25:18,506 | INFO | 
  [288/450]
2026-05-29 18:25:18,506 | INFO |   ⏳ 40.1s (req #299)
2026-05-29 18:25:59,234 | INFO |   GET https://www.gsmarena.com/alcatel_ot_217-3814.php → 200
2026-05-29 18:25:59,248 | INFO |       📱 alcatel OT-217 | Main=NoneMP | Selfie=NoneMP | AnTuTu=None | Price=$None | IP=None | Populated=21/68 fields
2026-05-29 18:25:59,251 | INFO |   💾 [288/450] saved
2026-05-29 18:25:59,251 | INFO | 
  [289/450]
2026-05-29 18:25:59,251 | INFO |   ☕ Long pause 211s ...
2026-05-29 18:29:31,095 | INFO |   GET https://www.gsmarena.com/alcatel_ot_213-3815.php → 200
2026-05-29 18:29:31,117 | INFO |       📱 alcatel OT-213 | Main=NoneMP | Selfie=NoneMP | AnTuTu=None | Price=$None | IP=None | Populated=20/68 fields
2026-05-29 18:29:31,121 | INFO |   💾 [289/450] saved
2026-05-29 18:29:31,121 | INFO | 
  [290/450]
2026-05-29 18:29:31,122 | INFO |   ⏳ 41.9s (req #301)
2026-05-29 18:30:13,592 | INFO |   GET https://www.gsmarena.com/alcatel_ot_209-3816.php → 200
2026-05-29 18:30:13,626 | INFO |       📱 alcatel OT-209 | Main=NoneMP | Selfie=NoneMP | AnTuTu=None | Price=$None | IP=None | Populated=20/68 fields
2026-05-29 18:30:13,630 | INFO |   💾 [290/450] saved
2026-05-29 18:30:13,630 | INFO | 
  [291/450]
2026-05-29 18:30:13,630 | INFO |   ⏳ 24.4s (req #302)
2026-05-29 18:30:38,677 | INFO |   GET https://www.gsmarena.com/alcatel_ot_117-3817.php → 200
2026-05-29 18:30:38,699 | INFO |       📱 alcatel OT-117 | Main=NoneMP | Selfie=NoneMP | AnTuTu=None | Price=$None | IP=None | Populated=19/68 fields
2026-05-29 18:30:38,704 | INFO |   💾 [291/450] saved
2026-05-29 18:30:38,704 | INFO | 
  [292/450]
2026-05-29 18:30:38,704 | INFO |   ⏳ 18.8s (req #303)
2026-05-29 18:30:58,059 | INFO |   GET https://www.gsmarena.com/alcatel_ot_113-3818.php → 200
2026-05-29 18:30:58,083 | INFO |       📱 alcatel OT-113 | Main=NoneMP | Selfie=NoneMP | AnTuTu=None | Price=$None | IP=None | Populated=19/68 fields
2026-05-29 18:30:58,087 | INFO |   💾 [292/450] saved
2026-05-29 18:30:58,087 | INFO | 
  [293/450]
2026-05-29 18:30:58,087 | INFO |   ⏳ 34.3s (req #304)
2026-05-29 18:31:32,966 | INFO |   GET https://www.gsmarena.com/alcatel_ot_112-3819.php → 200
2026-05-29 18:31:32,989 | INFO |       📱 alcatel OT-112 | Main=NoneMP | Selfie=NoneMP | AnTuTu=None | Price=$None | IP=None | Populated=18/68 fields
2026-05-29 18:31:32,993 | INFO |   💾 [293/450] saved
2026-05-29 18:31:32,993 | INFO | 
  [294/450]
2026-05-29 18:31:32,994 | INFO |   ⏳ 29.3s (req #305)
2026-05-29 18:32:02,776 | INFO |   GET https://www.gsmarena.com/alcatel_ot_109-3820.php → 200
2026-05-29 18:32:02,797 | INFO |       📱 alcatel OT-109 | Main=NoneMP | Selfie=NoneMP | AnTuTu=None | Price=$None | IP=None | Populated=19/68 fields
2026-05-29 18:32:02,802 | INFO |   💾 [294/450] saved
2026-05-29 18:32:02,802 | INFO | 
  [295/450]
2026-05-29 18:32:02,802 | INFO |   ⏳ 23.7s (req #306)
2026-05-29 18:32:27,158 | INFO |   GET https://www.gsmarena.com/alcatel_ot_105-3821.php → 200
2026-05-29 18:32:27,181 | INFO |       📱 alcatel OT-105 | Main=NoneMP | Selfie=NoneMP | AnTuTu=None | Price=$None | IP=None | Populated=18/68 fields
2026-05-29 18:32:27,185 | INFO |   💾 [295/450] saved
2026-05-29 18:32:27,186 | INFO | 
  [296/450]
2026-05-29 18:32:27,186 | INFO |   ⏳ 37.8s (req #307)
2026-05-29 18:33:05,542 | INFO |   GET https://www.gsmarena.com/alcatel_ot_706-3823.php → 200
2026-05-29 18:33:05,575 | INFO |       📱 alcatel OT-706 | Main=1.3MP | Selfie=NoneMP | AnTuTu=None | Price=$None | IP=None | Populated=25/68 fields
2026-05-29 18:33:05,580 | INFO |   💾 [296/450] saved
2026-05-29 18:33:05,580 | INFO | 
  [297/450]
2026-05-29 18:33:05,580 | INFO |   ⏳ 24.7s (req #308)
2026-05-29 18:33:30,883 | INFO |   GET https://www.gsmarena.com/alcatel_net-3407.php → 200
2026-05-29 18:33:30,908 | INFO |       📱 alcatel Net | Main=2.0MP | Selfie=NoneMP | AnTuTu=None | Price=$None | IP=None | Populated=22/68 fields
2026-05-29 18:33:30,913 | INFO |   💾 [297/450] saved
2026-05-29 18:33:30,914 | INFO | 
  [298/450]
2026-05-29 18:33:30,914 | INFO |   ⏳ 22.6s (req #309)
2026-05-29 18:33:54,016 | INFO |   GET https://www.gsmarena.com/alcatel_ot_808-3186.php → 200
2026-05-29 18:33:54,041 | INFO |       📱 alcatel OT-808 | Main=2.0MP | Selfie=NoneMP | AnTuTu=None | Price=$None | IP=None | Populated=24/68 fields
2026-05-29 18:33:54,045 | INFO |   💾 [298/450] saved
2026-05-29 18:33:54,046 | INFO | 
  [299/450]
2026-05-29 18:33:54,046 | INFO |   ⏳ 25.5s (req #310)
2026-05-29 18:34:20,130 | INFO |   GET https://www.gsmarena.com/alcatel_ot_606_one_touch_chat-3184.php → 200
2026-05-29 18:34:20,148 | INFO |       📱 alcatel OT-606 One Touch CHAT | Main=NoneMP | Selfie=NoneMP | AnTuTu=None | Price=$None | IP=None | Populated=24/68 fields
2026-05-29 18:34:20,152 | INFO |   💾 [299/450] saved
2026-05-29 18:34:20,153 | INFO | 
  [300/450]
2026-05-29 18:34:20,153 | INFO |   ⏳ 24.2s (req #311)
2026-05-29 18:34:44,912 | INFO |   GET https://www.gsmarena.com/alcatel_ot_255-3182.php → 200
2026-05-29 18:34:44,934 | INFO |       📱 alcatel OT-255 | Main=NoneMP | Selfie=NoneMP | AnTuTu=None | Price=$None | IP=None | Populated=19/68 fields
2026-05-29 18:34:44,938 | INFO |   💾 [300/450] saved
2026-05-29 18:34:44,939 | INFO | 
  [301/450]
2026-05-29 18:34:44,939 | INFO |   ⏳ 30.3s (req #312)
2026-05-29 18:35:15,978 | INFO |   GET https://www.gsmarena.com/alcatel_ot_252-3181.php → 200
2026-05-29 18:35:16,001 | INFO |       📱 alcatel OT-252 | Main=NoneMP | Selfie=NoneMP | AnTuTu=None | Price=$None | IP=None | Populated=18/68 fields
2026-05-29 18:35:16,005 | INFO |   💾 [301/450] saved
2026-05-29 18:35:16,005 | INFO | 
  [302/450]
2026-05-29 18:35:16,006 | INFO |   ⏳ 41.8s (req #313)
2026-05-29 18:35:58,552 | INFO |   GET https://www.gsmarena.com/alcatel_ot_710-3178.php → 200
2026-05-29 18:35:58,661 | INFO |       📱 alcatel OT-710 | Main=2.0MP | Selfie=NoneMP | AnTuTu=None | Price=$None | IP=None | Populated=25/68 fields
2026-05-29 18:35:58,665 | INFO |   💾 [302/450] saved
2026-05-29 18:35:58,665 | INFO | 
  [303/450]
2026-05-29 18:35:58,666 | INFO |   ⏳ 43.1s (req #314)
2026-05-29 18:36:42,263 | INFO |   GET https://www.gsmarena.com/alcatel_ot_108-3179.php → 200
2026-05-29 18:36:42,284 | INFO |       📱 alcatel OT-108 | Main=NoneMP | Selfie=NoneMP | AnTuTu=None | Price=$None | IP=None | Populated=18/68 fields
2026-05-29 18:36:42,288 | INFO |   💾 [303/450] saved
2026-05-29 18:36:42,288 | INFO | 
  [304/450]
2026-05-29 18:36:42,289 | INFO |   ⏳ 17.5s (req #315)
2026-05-29 18:37:00,360 | INFO |   GET https://www.gsmarena.com/alcatel_ot_216-3176.php → 200
2026-05-29 18:37:00,381 | INFO |       📱 alcatel OT-216 | Main=NoneMP | Selfie=NoneMP | AnTuTu=None | Price=$None | IP=None | Populated=20/68 fields
2026-05-29 18:37:00,385 | INFO |   💾 [304/450] saved
2026-05-29 18:37:00,386 | INFO | 
  [305/450]
2026-05-29 18:37:00,386 | INFO |   ⏳ 39.9s (req #316)
2026-05-29 18:37:40,836 | INFO |   GET https://www.gsmarena.com/alcatel_ot_206-3189.php → 200
2026-05-29 18:37:40,861 | INFO |       📱 alcatel OT-206 | Main=NoneMP | Selfie=NoneMP | AnTuTu=None | Price=$None | IP=None | Populated=21/68 fields
2026-05-29 18:37:40,864 | INFO |   💾 [305/450] saved
2026-05-29 18:37:40,865 | INFO | 
  [306/450]
2026-05-29 18:37:40,865 | INFO |   ⏳ 20.4s (req #317)
2026-05-29 18:38:01,890 | INFO |   GET https://www.gsmarena.com/alcatel_ot_909_one_touch_max-3173.php → 200
2026-05-29 18:38:01,914 | INFO |       📱 alcatel OT-909 One Touch MAX | Main=2.0MP | Selfie=NoneMP | AnTuTu=None | Price=$None | IP=None | Populated=27/68 fields
2026-05-29 18:38:01,918 | INFO |   💾 [306/450] saved
2026-05-29 18:38:01,919 | INFO | 
  [307/450]
2026-05-29 18:38:01,919 | INFO |   ⏳ 42.9s (req #318)
2026-05-29 18:38:45,347 | INFO |   GET https://www.gsmarena.com/alcatel_miss_sixty-3188.php → 200
2026-05-29 18:38:45,377 | INFO |       📱 alcatel Miss Sixty | Main=2.0MP | Selfie=NoneMP | AnTuTu=None | Price=$None | IP=None | Populated=24/68 fields
2026-05-29 18:38:45,382 | INFO |   💾 [307/450] saved
2026-05-29 18:38:45,382 | INFO | 
  [308/450]
2026-05-29 18:38:45,383 | INFO |   ⏳ 39.9s (req #319)
2026-05-29 18:39:25,844 | INFO |   GET https://www.gsmarena.com/alcatel_ot_880_one_touch_xtra-3171.php → 200
2026-05-29 18:39:25,868 | INFO |       📱 alcatel OT-880 One Touch XTRA | Main=2.0MP | Selfie=NoneMP | AnTuTu=None | Price=$None | IP=None | Populated=24/68 fields
2026-05-29 18:39:25,872 | INFO |   💾 [308/450] saved
2026-05-29 18:39:25,872 | INFO | 
  [309/450]
2026-05-29 18:39:25,872 | INFO |   ⏳ 38.8s (req #320)
2026-05-29 18:40:05,255 | INFO |   GET https://www.gsmarena.com/alcatel_ot_208-3175.php → 200
2026-05-29 18:40:05,320 | INFO |       📱 alcatel OT-208 | Main=NoneMP | Selfie=NoneMP | AnTuTu=None | Price=$None | IP=None | Populated=19/68 fields
2026-05-29 18:40:05,324 | INFO |   💾 [309/450] saved
2026-05-29 18:40:05,324 | INFO | 
  [310/450]
2026-05-29 18:40:05,325 | INFO |   ⏳ 32.6s (req #321)
2026-05-29 18:40:38,617 | INFO |   GET https://www.gsmarena.com/alcatel_ot_301-3170.php → 200
2026-05-29 18:40:38,648 | INFO |       📱 alcatel OT-301 | Main=NoneMP | Selfie=NoneMP | AnTuTu=None | Price=$None | IP=None | Populated=21/68 fields
2026-05-29 18:40:38,652 | INFO |   💾 [310/450] saved
2026-05-29 18:40:38,652 | INFO | 
  [311/450]
2026-05-29 18:40:38,653 | INFO |   ⏳ 41.8s (req #322)
2026-05-29 18:41:20,990 | INFO |   GET https://www.gsmarena.com/alcatel_ot_300-3172.php → 200
2026-05-29 18:41:21,013 | INFO |       📱 alcatel OT-300 | Main=NoneMP | Selfie=NoneMP | AnTuTu=None | Price=$None | IP=None | Populated=20/68 fields
2026-05-29 18:41:21,018 | INFO |   💾 [311/450] saved
2026-05-29 18:41:21,018 | INFO | 
  [312/450]
2026-05-29 18:41:21,019 | INFO |   ⏳ 32.2s (req #323)
2026-05-29 18:41:53,800 | INFO |   GET https://www.gsmarena.com/alcatel_ot_980-3168.php → 200
2026-05-29 18:41:53,822 | INFO |       📱 alcatel OT-980 | Main=2.0MP | Selfie=NoneMP | AnTuTu=None | Price=$None | IP=None | Populated=27/68 fields
2026-05-29 18:41:53,826 | INFO |   💾 [312/450] saved
2026-05-29 18:41:53,826 | INFO | 
  [313/450]
2026-05-29 18:41:53,826 | INFO |   ⏳ 28.2s (req #324)
2026-05-29 18:42:22,510 | INFO |   GET https://www.gsmarena.com/alcatel_ot_806-3174.php → 200
2026-05-29 18:42:22,533 | INFO |       📱 alcatel OT-806 | Main=2.0MP | Selfie=NoneMP | AnTuTu=None | Price=$None | IP=None | Populated=26/68 fields
2026-05-29 18:42:22,537 | INFO |   💾 [313/450] saved
2026-05-29 18:42:22,537 | INFO | 
  [314/450]
2026-05-29 18:42:22,537 | INFO |   ⏳ 23.3s (req #325)
2026-05-29 18:42:46,400 | INFO |   GET https://www.gsmarena.com/alcatel_ot_802_wave-3166.php → 200
2026-05-29 18:42:46,424 | INFO |       📱 alcatel OT-802 Wave | Main=2.0MP | Selfie=NoneMP | AnTuTu=None | Price=$None | IP=None | Populated=22/68 fields
2026-05-29 18:42:46,427 | INFO |   💾 [314/450] saved
2026-05-29 18:42:46,428 | INFO | 
  [315/450]
2026-05-29 18:42:46,428 | INFO |   ⏳ 18.2s (req #326)
2026-05-29 18:43:05,211 | INFO |   GET https://www.gsmarena.com/alcatel_ot_305-3187.php → 200
2026-05-29 18:43:05,234 | INFO |       📱 alcatel OT-305 | Main=NoneMP | Selfie=NoneMP | AnTuTu=None | Price=$None | IP=None | Populated=20/68 fields
2026-05-29 18:43:05,239 | INFO |   💾 [315/450] saved
2026-05-29 18:43:05,239 | INFO | 
  [316/450]
2026-05-29 18:43:05,239 | INFO |   ⏳ 33.1s (req #327)
2026-05-29 18:43:38,824 | INFO |   GET https://www.gsmarena.com/alcatel_ot_380-3185.php → 200
2026-05-29 18:43:38,861 | INFO |       📱 alcatel OT-380 | Main=NoneMP | Selfie=NoneMP | AnTuTu=None | Price=$None | IP=None | Populated=21/68 fields
2026-05-29 18:43:38,866 | INFO |   💾 [316/450] saved
2026-05-29 18:43:38,866 | INFO | 
  [317/450]
2026-05-29 18:43:38,867 | INFO |   ⏳ 15.8s (req #328)
2026-05-29 18:43:55,285 | INFO |   GET https://www.gsmarena.com/alcatel_ot_505-3183.php → 200
2026-05-29 18:43:55,307 | INFO |       📱 alcatel OT-505 | Main=NoneMP | Selfie=NoneMP | AnTuTu=None | Price=$None | IP=None | Populated=21/68 fields
2026-05-29 18:43:55,311 | INFO |   💾 [317/450] saved
2026-05-29 18:43:55,312 | INFO | 
  [318/450]
2026-05-29 18:43:55,312 | INFO |   ⏳ 35.5s (req #329)
2026-05-29 18:44:31,474 | INFO |   GET https://www.gsmarena.com/alcatel_ot_508a-3180.php → 200
2026-05-29 18:44:31,498 | INFO |       📱 alcatel OT-508A | Main=NoneMP | Selfie=NoneMP | AnTuTu=None | Price=$None | IP=None | Populated=21/68 fields
2026-05-29 18:44:31,502 | INFO |   💾 [318/450] saved
2026-05-29 18:44:31,503 | INFO | 
  [319/450]
2026-05-29 18:44:31,503 | INFO |   ☕ Long pause 137s ...
2026-05-29 18:46:48,876 | INFO |   GET https://www.gsmarena.com/alcatel_ot_565-3177.php → 200
2026-05-29 18:46:48,899 | INFO |       📱 alcatel OT-565 | Main=NoneMP | Selfie=NoneMP | AnTuTu=None | Price=$None | IP=None | Populated=21/68 fields
2026-05-29 18:46:48,903 | INFO |   💾 [319/450] saved
2026-05-29 18:46:48,903 | INFO | 
  [320/450]
2026-05-29 18:46:48,904 | INFO |   ⏳ 19.2s (req #331)
2026-05-29 18:47:08,839 | INFO |   GET https://www.gsmarena.com/alcatel_ot_106-3165.php → 200
2026-05-29 18:47:08,862 | INFO |       📱 alcatel OT-106 | Main=NoneMP | Selfie=NoneMP | AnTuTu=None | Price=$None | IP=None | Populated=17/68 fields
2026-05-29 18:47:08,866 | INFO |   💾 [320/450] saved
2026-05-29 18:47:08,867 | INFO | 
  [321/450]
2026-05-29 18:47:08,867 | INFO |   ⏳ 17.7s (req #332)
2026-05-29 18:47:27,216 | INFO |   GET https://www.gsmarena.com/alcatel_ot_800_one_touch_chrome-3054.php → 200
2026-05-29 18:47:27,239 | INFO |       📱 alcatel OT-800 One Touch CHROME | Main=2.0MP | Selfie=NoneMP | AnTuTu=None | Price=$None | IP=None | Populated=24/68 fields
2026-05-29 18:47:27,243 | INFO |   💾 [321/450] saved
2026-05-29 18:47:27,243 | INFO | 
  [322/450]
2026-05-29 18:47:27,243 | INFO |   ⏳ 43.7s (req #333)
2026-05-29 18:48:11,605 | INFO |   GET https://www.gsmarena.com/alcatel_ot_800_one_touch_tribe-2847.php → 200
2026-05-29 18:48:11,636 | INFO |       📱 alcatel OT-800 One Touch Tribe | Main=2.0MP | Selfie=NoneMP | AnTuTu=None | Price=$None | IP=None | Populated=26/68 fields
2026-05-29 18:48:11,641 | INFO |   💾 [322/450] saved
2026-05-29 18:48:11,641 | INFO | 
  [323/450]
2026-05-29 18:48:11,641 | INFO |   ⏳ 23.9s (req #334)
2026-05-29 18:48:36,084 | INFO |   GET https://www.gsmarena.com/alcatel_ot_708_one_touch_mini-2846.php → 200
2026-05-29 18:48:36,107 | INFO |       📱 alcatel OT-708 One Touch MINI | Main=1.3MP | Selfie=NoneMP | AnTuTu=None | Price=$None | IP=None | Populated=26/68 fields
2026-05-29 18:48:36,111 | INFO |   💾 [323/450] saved
2026-05-29 18:48:36,112 | INFO | 
  [324/450]
2026-05-29 18:48:36,112 | INFO |   ⏳ 22.3s (req #335)
2026-05-29 18:48:59,119 | INFO |   GET https://www.gsmarena.com/alcatel_ot_660-2844.php → 200
2026-05-29 18:48:59,141 | INFO |       📱 alcatel OT-660 | Main=1.3MP | Selfie=NoneMP | AnTuTu=None | Price=$None | IP=None | Populated=26/68 fields
2026-05-29 18:48:59,146 | INFO |   💾 [324/450] saved
2026-05-29 18:48:59,146 | INFO | 
  [325/450]
2026-05-29 18:48:59,146 | INFO |   ⏳ 30.5s (req #336)
2026-05-29 18:49:30,164 | INFO |   GET https://www.gsmarena.com/alcatel_ot_383-2845.php → 200
2026-05-29 18:49:30,186 | INFO |       📱 alcatel OT-383 | Main=NoneMP | Selfie=NoneMP | AnTuTu=None | Price=$None | IP=None | Populated=24/68 fields
2026-05-29 18:49:30,190 | INFO |   💾 [325/450] saved
2026-05-29 18:49:30,190 | INFO | 
  [326/450]
2026-05-29 18:49:30,191 | INFO |   ⏳ 38.1s (req #337)
2026-05-29 18:50:08,921 | INFO |   GET https://www.gsmarena.com/alcatel_ot_203-2843.php → 200
2026-05-29 18:50:08,943 | INFO |       📱 alcatel OT-203 | Main=NoneMP | Selfie=NoneMP | AnTuTu=None | Price=$None | IP=None | Populated=22/68 fields
2026-05-29 18:50:08,947 | INFO |   💾 [326/450] saved
2026-05-29 18:50:08,948 | INFO | 
  [327/450]
2026-05-29 18:50:08,948 | INFO |   ⏳ 36.5s (req #338)
2026-05-29 18:50:46,069 | INFO |   GET https://www.gsmarena.com/alcatel_ot_103-2842.php → 200
2026-05-29 18:50:46,092 | INFO |       📱 alcatel OT-103 | Main=NoneMP | Selfie=NoneMP | AnTuTu=None | Price=$None | IP=None | Populated=20/68 fields
2026-05-29 18:50:46,096 | INFO |   💾 [327/450] saved
2026-05-29 18:50:46,096 | INFO | 
  [328/450]
2026-05-29 18:50:46,096 | INFO |   ⏳ 15.2s (req #339)
2026-05-29 18:51:01,862 | INFO |   GET https://www.gsmarena.com/alcatel_ot_600-2734.php → 200
2026-05-29 18:51:01,891 | INFO |       📱 alcatel OT-600 | Main=1.3MP | Selfie=NoneMP | AnTuTu=None | Price=$None | IP=None | Populated=24/68 fields
2026-05-29 18:51:01,895 | INFO |   💾 [328/450] saved
2026-05-29 18:51:01,896 | INFO | 
  [329/450]
2026-05-29 18:51:01,896 | INFO |   ⏳ 32.6s (req #340)
2026-05-29 18:51:35,016 | INFO |   GET https://www.gsmarena.com/alcatel_crystal-3065.php → 200
2026-05-29 18:51:35,039 | INFO |       📱 alcatel Crystal | Main=1.3MP | Selfie=NoneMP | AnTuTu=None | Price=$None | IP=None | Populated=24/68 fields
2026-05-29 18:51:35,043 | INFO |   💾 [329/450] saved
2026-05-29 18:51:35,043 | INFO | 
  [330/450]
2026-05-29 18:51:35,043 | INFO |   ⏳ 35.2s (req #341)
2026-05-29 18:52:10,877 | INFO |   GET https://www.gsmarena.com/alcatel_miss_sixty_2009-3063.php → 200
2026-05-29 18:52:10,900 | INFO |       📱 alcatel Miss Sixty 2009 | Main=1.3MP | Selfie=NoneMP | AnTuTu=None | Price=$None | IP=None | Populated=25/68 fields
2026-05-29 18:52:10,904 | INFO |   💾 [330/450] saved
2026-05-29 18:52:10,904 | INFO | 
  [331/450]
2026-05-29 18:52:10,904 | INFO |   ⏳ 40.3s (req #342)
2026-05-29 18:52:51,725 | INFO |   GET https://www.gsmarena.com/alcatel_elle_glamphone-3064.php → 200
2026-05-29 18:52:51,746 | INFO |       📱 alcatel ELLE GlamPhone | Main=1.3MP | Selfie=NoneMP | AnTuTu=None | Price=$None | IP=None | Populated=24/68 fields
2026-05-29 18:52:51,750 | INFO |   💾 [331/450] saved
2026-05-29 18:52:51,750 | INFO | 
  [332/450]
2026-05-29 18:52:51,751 | INFO |   ⏳ 20.8s (req #343)
2026-05-29 18:53:13,335 | INFO |   GET https://www.gsmarena.com/alcatel_ot_363-2733.php → 200
2026-05-29 18:53:13,358 | INFO |       📱 alcatel OT-363 | Main=NoneMP | Selfie=NoneMP | AnTuTu=None | Price=$None | IP=None | Populated=24/68 fields
2026-05-29 18:53:13,362 | INFO |   💾 [332/450] saved
2026-05-29 18:53:13,362 | INFO | 
  [333/450]
2026-05-29 18:53:13,362 | INFO |   ⏳ 35.4s (req #344)
2026-05-29 18:53:49,591 | INFO |   GET https://www.gsmarena.com/alcatel_roadsign-3067.php → 200
2026-05-29 18:53:49,614 | INFO |       📱 alcatel Roadsign | Main=NoneMP | Selfie=NoneMP | AnTuTu=None | Price=$None | IP=None | Populated=21/68 fields
2026-05-29 18:53:49,617 | INFO |   💾 [333/450] saved
2026-05-29 18:53:49,618 | INFO | 
  [334/450]
2026-05-29 18:53:49,618 | INFO |   ⏳ 41.4s (req #345)
2026-05-29 18:54:32,091 | INFO |   GET https://www.gsmarena.com/alcatel_ot_303-2732.php → 200
2026-05-29 18:54:32,122 | INFO |       📱 alcatel OT-303 | Main=NoneMP | Selfie=NoneMP | AnTuTu=None | Price=$None | IP=None | Populated=22/68 fields
2026-05-29 18:54:32,127 | INFO |   💾 [334/450] saved
2026-05-29 18:54:32,127 | INFO | 
  [335/450]
2026-05-29 18:54:32,128 | INFO |   ⏳ 24.0s (req #346)
2026-05-29 18:54:56,962 | INFO |   GET https://www.gsmarena.com/alcatel_ot_222-3108.php → 200
2026-05-29 18:54:56,983 | INFO |       📱 alcatel OT-222 | Main=NoneMP | Selfie=NoneMP | AnTuTu=None | Price=$None | IP=None | Populated=21/68 fields
2026-05-29 18:54:56,988 | INFO |   💾 [335/450] saved
2026-05-29 18:54:56,988 | INFO | 
  [336/450]
2026-05-29 18:54:56,989 | INFO |   ⏳ 22.1s (req #347)
2026-05-29 18:55:19,571 | INFO |   GET https://www.gsmarena.com/alcatel_ot_280-2731.php → 200
2026-05-29 18:55:19,593 | INFO |       📱 alcatel OT-280 | Main=NoneMP | Selfie=NoneMP | AnTuTu=None | Price=$None | IP=None | Populated=19/68 fields
2026-05-29 18:55:19,597 | INFO |   💾 [336/450] saved
2026-05-29 18:55:19,597 | INFO | 
  [337/450]
2026-05-29 18:55:19,598 | INFO |   ⏳ 39.7s (req #348)
2026-05-29 18:55:59,783 | INFO |   GET https://www.gsmarena.com/alcatel_ot_202-2730.php → 200
2026-05-29 18:55:59,807 | INFO |       📱 alcatel OT-202 | Main=NoneMP | Selfie=NoneMP | AnTuTu=None | Price=$None | IP=None | Populated=19/68 fields
2026-05-29 18:55:59,811 | INFO |   💾 [337/450] saved
2026-05-29 18:55:59,811 | INFO | 
  [338/450]
2026-05-29 18:55:59,811 | INFO |   ⏳ 38.1s (req #349)
2026-05-29 18:56:38,458 | INFO |   GET https://www.gsmarena.com/alcatel_ot_s121-3205.php → 200
2026-05-29 18:56:38,480 | INFO |       📱 alcatel OT-S121 | Main=NoneMP | Selfie=NoneMP | AnTuTu=None | Price=$None | IP=None | Populated=19/68 fields
2026-05-29 18:56:38,485 | INFO |   💾 [338/450] saved
2026-05-29 18:56:38,485 | INFO | 
  [339/450]
2026-05-29 18:56:38,485 | INFO |   ⏳ 32.2s (req #350)
2026-05-29 18:57:11,216 | INFO |   GET https://www.gsmarena.com/alcatel_ot_111-2729.php → 200
2026-05-29 18:57:11,241 | INFO |       📱 alcatel OT-111 | Main=NoneMP | Selfie=NoneMP | AnTuTu=None | Price=$None | IP=None | Populated=19/68 fields
2026-05-29 18:57:11,245 | INFO |   💾 [339/450] saved
2026-05-29 18:57:11,246 | INFO | 
  [340/450]
2026-05-29 18:57:11,246 | INFO |   ⏳ 16.9s (req #351)
2026-05-29 18:57:28,700 | INFO |   GET https://www.gsmarena.com/alcatel_ot_102-2728.php → 200
2026-05-29 18:57:28,723 | INFO |       📱 alcatel OT-102 | Main=NoneMP | Selfie=NoneMP | AnTuTu=None | Price=$None | IP=None | Populated=19/68 fields
2026-05-29 18:57:28,727 | INFO |   💾 [340/450] saved
2026-05-29 18:57:28,728 | INFO | 
  [341/450]
2026-05-29 18:57:28,728 | INFO |   ⏳ 44.3s (req #352)
2026-05-29 18:58:13,696 | INFO |   GET https://www.gsmarena.com/alcatel_mandarina_duck_moon-3066.php → 200
2026-05-29 18:58:13,731 | INFO |       📱 alcatel Mandarina Duck Moon | Main=NoneMP | Selfie=NoneMP | AnTuTu=None | Price=$None | IP=None | Populated=20/68 fields
2026-05-29 18:58:13,734 | INFO |   💾 [341/450] saved
2026-05-29 18:58:13,734 | INFO | 
  [342/450]
2026-05-29 18:58:13,735 | INFO |   ⏳ 15.2s (req #353)
2026-05-29 18:58:29,565 | INFO |   GET https://www.gsmarena.com/alcatel_mandarina_duck-2369.php → 200
2026-05-29 18:58:29,589 | INFO |       📱 alcatel Mandarina Duck | Main=NoneMP | Selfie=NoneMP | AnTuTu=None | Price=$None | IP=None | Populated=19/68 fields
2026-05-29 18:58:29,594 | INFO |   💾 [342/450] saved
2026-05-29 18:58:29,594 | INFO | 
  [343/450]
2026-05-29 18:58:29,594 | INFO |   ⏳ 18.3s (req #354)
2026-05-29 18:58:48,388 | INFO |   GET https://www.gsmarena.com/alcatel_ot_i650_sport-2286.php → 200
2026-05-29 18:58:48,427 | INFO |       📱 alcatel OT-I650 SPORT | Main=1.3MP | Selfie=NoneMP | AnTuTu=None | Price=$None | IP=None | Populated=25/68 fields
2026-05-29 18:58:48,430 | INFO |   💾 [343/450] saved
2026-05-29 18:58:48,431 | INFO | 
  [344/450]
2026-05-29 18:58:48,431 | INFO |   ⏳ 42.7s (req #355)
2026-05-29 18:59:31,612 | INFO |   GET https://www.gsmarena.com/alcatel_ot_i650_pro-2285.php → 200
2026-05-29 18:59:31,637 | INFO |       📱 alcatel OT-I650 PRO | Main=1.3MP | Selfie=NoneMP | AnTuTu=None | Price=$None | IP=None | Populated=25/68 fields
2026-05-29 18:59:31,641 | INFO |   💾 [344/450] saved
2026-05-29 18:59:31,642 | INFO | 
  [345/450]
2026-05-29 18:59:31,642 | INFO |   ⏳ 31.3s (req #356)
2026-05-29 19:00:03,534 | INFO |   GET https://www.gsmarena.com/alcatel_ot_v770-2236.php → 200
2026-05-29 19:00:03,556 | INFO |       📱 alcatel OT-V770 | Main=1.3MP | Selfie=NoneMP | AnTuTu=None | Price=$None | IP=None | Populated=26/68 fields
2026-05-29 19:00:03,560 | INFO |   💾 [345/450] saved
2026-05-29 19:00:03,560 | INFO | 
  [346/450]
2026-05-29 19:00:03,560 | INFO |   ⏳ 34.0s (req #357)
2026-05-29 19:00:38,231 | INFO |   GET https://www.gsmarena.com/alcatel_ot_v670-2284.php → 200
2026-05-29 19:00:38,257 | INFO |       📱 alcatel OT-V670 | Main=NoneMP | Selfie=NoneMP | AnTuTu=None | Price=$None | IP=None | Populated=23/68 fields
2026-05-29 19:00:38,261 | INFO |   💾 [346/450] saved
2026-05-29 19:00:38,261 | INFO | 
  [347/450]
2026-05-29 19:00:38,261 | INFO |   ⏳ 15.4s (req #358)
2026-05-29 19:00:54,360 | INFO |   GET https://www.gsmarena.com/alcatel_ot_v607a-3128.php → 200
2026-05-29 19:00:54,391 | INFO |       📱 alcatel OT-V607A | Main=NoneMP | Selfie=NoneMP | AnTuTu=None | Price=$None | IP=None | Populated=21/68 fields
2026-05-29 19:00:54,395 | INFO |   💾 [347/450] saved
2026-05-29 19:00:54,395 | INFO | 
  [348/450]
2026-05-29 19:00:54,395 | INFO |   ⏳ 26.9s (req #359)
2026-05-29 19:01:21,934 | INFO |   GET https://www.gsmarena.com/alcatel_ot_v570-3129.php → 200
2026-05-29 19:01:21,957 | INFO |       📱 alcatel OT-V570 | Main=NoneMP | Selfie=NoneMP | AnTuTu=None | Price=$None | IP=None | Populated=21/68 fields
2026-05-29 19:01:21,961 | INFO |   💾 [348/450] saved
2026-05-29 19:01:21,961 | INFO | 
  [349/450]
2026-05-29 19:01:21,961 | INFO |   ☕ Long pause 245s ...
2026-05-29 19:05:27,920 | INFO |   GET https://www.gsmarena.com/alcatel_ot_v270-2235.php → 200
2026-05-29 19:05:27,943 | INFO |       📱 alcatel OT-V270 | Main=NoneMP | Selfie=NoneMP | AnTuTu=None | Price=$None | IP=None | Populated=19/68 fields
2026-05-29 19:05:27,947 | INFO |   💾 [349/450] saved
2026-05-29 19:05:27,947 | INFO | 
  [350/450]
2026-05-29 19:05:27,947 | INFO |   ⏳ 43.2s (req #361)
2026-05-29 19:06:11,830 | INFO |   GET https://www.gsmarena.com/alcatel_ot_v212-2283.php → 200
2026-05-29 19:06:11,854 | INFO |       📱 alcatel OT-V212 | Main=NoneMP | Selfie=NoneMP | AnTuTu=None | Price=$None | IP=None | Populated=17/68 fields
2026-05-29 19:06:11,858 | INFO |   💾 [350/450] saved
2026-05-29 19:06:11,858 | INFO | 
  [351/450]
2026-05-29 19:06:11,858 | INFO |   ⏳ 40.6s (req #362)
2026-05-29 19:06:53,017 | INFO |   GET https://www.gsmarena.com/alcatel_ot_s626a-3127.php → 200
2026-05-29 19:06:53,041 | INFO |       📱 alcatel OT-S626A | Main=1.3MP | Selfie=NoneMP | AnTuTu=None | Price=$None | IP=None | Populated=24/68 fields
2026-05-29 19:06:53,045 | INFO |   💾 [351/450] saved
2026-05-29 19:06:53,045 | INFO | 
  [352/450]
2026-05-29 19:06:53,045 | INFO |   ⏳ 21.4s (req #363)
2026-05-29 19:07:14,963 | INFO |   GET https://www.gsmarena.com/alcatel_ot_s521a-3130.php → 200
2026-05-29 19:07:14,985 | INFO |       📱 alcatel OT-S521A | Main=NoneMP | Selfie=NoneMP | AnTuTu=None | Price=$None | IP=None | Populated=20/68 fields
2026-05-29 19:07:14,988 | INFO |   💾 [352/450] saved
2026-05-29 19:07:14,989 | INFO | 
  [353/450]
2026-05-29 19:07:14,989 | INFO |   ⏳ 35.9s (req #364)
2026-05-29 19:07:51,390 | INFO |   GET https://www.gsmarena.com/alcatel_ot_s920-2282.php → 200
2026-05-29 19:07:51,416 | INFO |       📱 alcatel OT-S920 | Main=1.3MP | Selfie=NoneMP | AnTuTu=None | Price=$None | IP=None | Populated=23/68 fields
2026-05-29 19:07:51,420 | INFO |   💾 [353/450] saved
2026-05-29 19:07:51,420 | INFO | 
  [354/450]
2026-05-29 19:07:51,421 | INFO |   ⏳ 25.3s (req #365)
2026-05-29 19:08:17,265 | INFO |   GET https://www.gsmarena.com/alcatel_ot_s621-2281.php → 200
2026-05-29 19:08:17,306 | INFO |       📱 alcatel OT-S621 | Main=1.3MP | Selfie=NoneMP | AnTuTu=None | Price=$None | IP=None | Populated=23/68 fields
2026-05-29 19:08:17,311 | INFO |   💾 [354/450] saved
2026-05-29 19:08:17,311 | INFO | 
  [355/450]
2026-05-29 19:08:17,311 | INFO |   ⏳ 30.8s (req #366)
2026-05-29 19:08:48,755 | INFO |   GET https://www.gsmarena.com/alcatel_ot_s520-2280.php → 200
2026-05-29 19:08:48,790 | INFO |       📱 alcatel OT-S520 | Main=NoneMP | Selfie=NoneMP | AnTuTu=None | Price=$None | IP=None | Populated=21/68 fields
2026-05-29 19:08:48,795 | INFO |   💾 [355/450] saved
2026-05-29 19:08:48,795 | INFO | 
  [356/450]
2026-05-29 19:08:48,795 | INFO |   ⏳ 27.2s (req #367)
2026-05-29 19:09:16,604 | INFO |   GET https://www.gsmarena.com/alcatel_ot_s320-3131.php → 200
2026-05-29 19:09:16,628 | INFO |       📱 alcatel OT-S320 | Main=NoneMP | Selfie=NoneMP | AnTuTu=None | Price=$None | IP=None | Populated=21/68 fields
2026-05-29 19:09:16,631 | INFO |   💾 [356/450] saved
2026-05-29 19:09:16,631 | INFO | 
  [357/450]
2026-05-29 19:09:16,631 | INFO |   ⏳ 41.0s (req #368)
2026-05-29 19:09:58,254 | INFO |   GET https://www.gsmarena.com/alcatel_ot_s319-2279.php → 200
2026-05-29 19:09:58,280 | INFO |       📱 alcatel OT-S319 | Main=NoneMP | Selfie=NoneMP | AnTuTu=None | Price=$None | IP=None | Populated=20/68 fields
2026-05-29 19:09:58,284 | INFO |   💾 [357/450] saved
2026-05-29 19:09:58,284 | INFO | 
  [358/450]
2026-05-29 19:09:58,284 | INFO |   ⏳ 31.8s (req #369)
2026-05-29 19:10:30,701 | INFO |   GET https://www.gsmarena.com/alcatel_ot_s218-2278.php → 200
2026-05-29 19:10:30,724 | INFO |       📱 alcatel OT-S218 | Main=NoneMP | Selfie=NoneMP | AnTuTu=None | Price=$None | IP=None | Populated=22/68 fields
2026-05-29 19:10:30,728 | INFO |   💾 [358/450] saved
2026-05-29 19:10:30,728 | INFO | 
  [359/450]
2026-05-29 19:10:30,728 | INFO |   ⏳ 24.0s (req #370)
2026-05-29 19:10:55,267 | INFO |   GET https://www.gsmarena.com/alcatel_ot_s215a-3132.php → 200
2026-05-29 19:10:55,283 | INFO |       📱 alcatel OT-S215A | Main=NoneMP | Selfie=NoneMP | AnTuTu=None | Price=$None | IP=None | Populated=19/68 fields
2026-05-29 19:10:55,286 | INFO |   💾 [359/450] saved
2026-05-29 19:10:55,286 | INFO | 
  [360/450]
2026-05-29 19:10:55,287 | INFO |   ⏳ 30.6s (req #371)
2026-05-29 19:11:26,476 | INFO |   GET https://www.gsmarena.com/alcatel_ot_s211-3133.php → 200
2026-05-29 19:11:26,507 | INFO |       📱 alcatel OT-S211 | Main=NoneMP | Selfie=NoneMP | AnTuTu=None | Price=$None | IP=None | Populated=21/68 fields
2026-05-29 19:11:26,512 | INFO |   💾 [360/450] saved
2026-05-29 19:11:26,512 | INFO | 
  [361/450]
2026-05-29 19:11:26,512 | INFO |   ⏳ 39.9s (req #372)
2026-05-29 19:12:06,975 | INFO |   GET https://www.gsmarena.com/alcatel_ot_s210-2277.php → 200
2026-05-29 19:12:06,997 | INFO |       📱 alcatel OT-S210 | Main=NoneMP | Selfie=NoneMP | AnTuTu=None | Price=$None | IP=None | Populated=21/68 fields
2026-05-29 19:12:07,002 | INFO |   💾 [361/450] saved
2026-05-29 19:12:07,002 | INFO | 
  [362/450]
2026-05-29 19:12:07,003 | INFO |   ⏳ 34.3s (req #373)
2026-05-29 19:12:41,927 | INFO |   GET https://www.gsmarena.com/alcatel_ot_s120-2276.php → 200
2026-05-29 19:12:41,950 | INFO |       📱 alcatel OT-S120 | Main=NoneMP | Selfie=NoneMP | AnTuTu=None | Price=$None | IP=None | Populated=19/68 fields
2026-05-29 19:12:41,955 | INFO |   💾 [362/450] saved
2026-05-29 19:12:41,955 | INFO | 
  [363/450]
2026-05-29 19:12:41,955 | INFO |   ⏳ 38.9s (req #374)
2026-05-29 19:13:21,446 | INFO |   GET https://www.gsmarena.com/alcatel_ot_s107-2275.php → 200
2026-05-29 19:13:21,468 | INFO |       📱 alcatel OT-S107 | Main=NoneMP | Selfie=NoneMP | AnTuTu=None | Price=$None | IP=None | Populated=18/68 fields
2026-05-29 19:13:21,472 | INFO |   💾 [363/450] saved
2026-05-29 19:13:21,472 | INFO | 
  [364/450]
2026-05-29 19:13:21,473 | INFO |   ⏳ 33.7s (req #375)
2026-05-29 19:13:55,799 | INFO |   GET https://www.gsmarena.com/alcatel_elle_no_3-1890.php → 200
2026-05-29 19:13:55,825 | INFO |       📱 alcatel ELLE No 3 | Main=1.3MP | Selfie=NoneMP | AnTuTu=None | Price=$None | IP=None | Populated=24/68 fields
2026-05-29 19:13:55,829 | INFO |   💾 [364/450] saved
2026-05-29 19:13:55,829 | INFO | 
  [365/450]
2026-05-29 19:13:55,829 | INFO |   ⏳ 29.0s (req #376)
2026-05-29 19:14:25,448 | INFO |   GET https://www.gsmarena.com/alcatel_ot_c825-1910.php → 200
2026-05-29 19:14:25,469 | INFO |       📱 alcatel OT-C825 | Main=1.3MP | Selfie=NoneMP | AnTuTu=None | Price=$None | IP=None | Populated=19/68 fields
2026-05-29 19:14:25,474 | INFO |   💾 [365/450] saved
2026-05-29 19:14:25,474 | INFO | 
  [366/450]
2026-05-29 19:14:25,474 | INFO |   ⏳ 16.2s (req #377)
2026-05-29 19:14:42,325 | INFO |   GET https://www.gsmarena.com/alcatel_ot_c717-1908.php → 200
2026-05-29 19:14:42,357 | INFO |       📱 alcatel OT-C717 | Main=1.3MP | Selfie=NoneMP | AnTuTu=None | Price=$None | IP=None | Populated=24/68 fields
2026-05-29 19:14:42,361 | INFO |   💾 [366/450] saved
2026-05-29 19:14:42,361 | INFO | 
  [367/450]
2026-05-29 19:14:42,362 | INFO |   ⏳ 32.3s (req #378)
2026-05-29 19:15:15,301 | INFO |   GET https://www.gsmarena.com/alcatel_ot_c707-1907.php → 200
2026-05-29 19:15:15,323 | INFO |       📱 alcatel OT-C707 | Main=NoneMP | Selfie=NoneMP | AnTuTu=None | Price=$None | IP=None | Populated=20/68 fields
2026-05-29 19:15:15,328 | INFO |   💾 [367/450] saved
2026-05-29 19:15:15,328 | INFO | 
  [368/450]
2026-05-29 19:15:15,329 | INFO |   ⏳ 17.7s (req #379)
2026-05-29 19:15:35,511 | INFO |   GET https://www.gsmarena.com/alcatel_ot_c701-1902.php → 200
2026-05-29 19:15:35,535 | INFO |       📱 alcatel OT-C701 | Main=NoneMP | Selfie=NoneMP | AnTuTu=None | Price=$None | IP=None | Populated=24/68 fields
2026-05-29 19:15:35,540 | INFO |   💾 [368/450] saved
2026-05-29 19:15:35,541 | INFO | 
  [369/450]
2026-05-29 19:15:35,541 | INFO |   ⏳ 24.3s (req #380)
2026-05-29 19:16:03,279 | INFO |   GET https://www.gsmarena.com/alcatel_ot_c700a-3126.php → 200
2026-05-29 19:16:03,298 | INFO |       📱 alcatel OT-C700A | Main=NoneMP | Selfie=NoneMP | AnTuTu=None | Price=$None | IP=None | Populated=21/68 fields
2026-05-29 19:16:03,302 | INFO |   💾 [369/450] saved
2026-05-29 19:16:03,303 | INFO | 
  [370/450]
2026-05-29 19:16:03,303 | INFO |   ⏳ 35.4s (req #381)
2026-05-29 19:16:41,280 | INFO |   GET https://www.gsmarena.com/alcatel_ot_c507-1901.php → 200
2026-05-29 19:16:41,300 | INFO |       📱 alcatel OT-C507 | Main=NoneMP | Selfie=NoneMP | AnTuTu=None | Price=$None | IP=None | Populated=20/68 fields
2026-05-29 19:16:41,306 | INFO |   💾 [370/450] saved
2026-05-29 19:16:41,306 | INFO | 
  [371/450]
2026-05-29 19:16:41,306 | INFO |   ⏳ 44.1s (req #382)
2026-05-29 19:17:27,890 | INFO |   GET https://www.gsmarena.com/alcatel_ot_e227-1899.php → 200
2026-05-29 19:17:27,912 | INFO |       📱 alcatel OT-E227 | Main=NoneMP | Selfie=NoneMP | AnTuTu=None | Price=$None | IP=None | Populated=18/68 fields
2026-05-29 19:17:27,916 | INFO |   💾 [371/450] saved
2026-05-29 19:17:27,917 | INFO | 
  [372/450]
2026-05-29 19:17:27,917 | INFO |   ⏳ 30.2s (req #383)
2026-05-29 19:17:59,492 | INFO |   GET https://www.gsmarena.com/alcatel_ot_e225-1898.php → 200
2026-05-29 19:17:59,517 | INFO |       📱 alcatel OT-E225 | Main=NoneMP | Selfie=NoneMP | AnTuTu=None | Price=$None | IP=None | Populated=14/68 fields
2026-05-29 19:17:59,521 | INFO |   💾 [372/450] saved
2026-05-29 19:17:59,521 | INFO | 
  [373/450]
2026-05-29 19:17:59,522 | INFO |   ⏳ 18.2s (req #384)
2026-05-29 19:18:20,439 | INFO |   GET https://www.gsmarena.com/alcatel_ot_e221-1897.php → 200
2026-05-29 19:18:20,470 | INFO |       📱 alcatel OT-E221 | Main=NoneMP | Selfie=NoneMP | AnTuTu=None | Price=$None | IP=None | Populated=20/68 fields
2026-05-29 19:18:20,474 | INFO |   💾 [373/450] saved
2026-05-29 19:18:20,474 | INFO | 
  [374/450]
2026-05-29 19:18:20,474 | INFO |   ⏳ 26.9s (req #385)
2026-05-29 19:18:48,842 | INFO |   GET https://www.gsmarena.com/alcatel_ot_e207-1896.php → 200
2026-05-29 19:18:48,869 | INFO |       📱 alcatel OT-E207 | Main=NoneMP | Selfie=NoneMP | AnTuTu=None | Price=$None | IP=None | Populated=15/68 fields
2026-05-29 19:18:48,874 | INFO |   💾 [374/450] saved
2026-05-29 19:18:48,874 | INFO | 
  [375/450]
2026-05-29 19:18:48,874 | INFO |   ⏳ 37.6s (req #386)
2026-05-29 19:19:29,243 | INFO |   GET https://www.gsmarena.com/alcatel_ot_e205-2078.php → 200
2026-05-29 19:19:29,262 | INFO |       📱 alcatel OT-E205 | Main=NoneMP | Selfie=NoneMP | AnTuTu=None | Price=$None | IP=None | Populated=13/68 fields
2026-05-29 19:19:29,267 | INFO |   💾 [375/450] saved
2026-05-29 19:19:29,267 | INFO | 
  [376/450]
2026-05-29 19:19:29,267 | INFO |   ⏳ 23.8s (req #387)
2026-05-29 19:19:53,707 | INFO |   GET https://www.gsmarena.com/alcatel_ot_e201-1895.php → 200
2026-05-29 19:19:53,729 | INFO |       📱 alcatel OT-E201 | Main=NoneMP | Selfie=NoneMP | AnTuTu=None | Price=$None | IP=None | Populated=15/68 fields
2026-05-29 19:19:53,733 | INFO |   💾 [376/450] saved
2026-05-29 19:19:53,733 | INFO | 
  [377/450]
2026-05-29 19:19:53,734 | INFO |   ⏳ 19.5s (req #388)
2026-05-29 19:20:16,529 | INFO |   GET https://www.gsmarena.com/alcatel_ot_e101-1894.php → 200
2026-05-29 19:20:16,548 | INFO |       📱 alcatel OT-E101 | Main=NoneMP | Selfie=NoneMP | AnTuTu=None | Price=$None | IP=None | Populated=18/68 fields
2026-05-29 19:20:16,553 | INFO |   💾 [377/450] saved
2026-05-29 19:20:16,553 | INFO | 
  [378/450]
2026-05-29 19:20:16,553 | INFO |   ⏳ 38.5s (req #389)
2026-05-29 19:20:58,082 | INFO |   GET https://www.gsmarena.com/alcatel_lollipops-1893.php → 200
2026-05-29 19:20:58,104 | INFO |       📱 alcatel Lollipops | Main=NoneMP | Selfie=NoneMP | AnTuTu=None | Price=$None | IP=None | Populated=18/68 fields
2026-05-29 19:20:58,108 | INFO |   💾 [378/450] saved
2026-05-29 19:20:58,108 | INFO | 
  [379/450]
2026-05-29 19:20:58,109 | INFO |   ☕ Long pause 128s ...
2026-05-29 19:23:11,878 | INFO |   GET https://www.gsmarena.com/alcatel_ot_e220-1892.php → 200
2026-05-29 19:23:11,910 | INFO |       📱 alcatel OT-E220 | Main=NoneMP | Selfie=NoneMP | AnTuTu=None | Price=$None | IP=None | Populated=13/68 fields
2026-05-29 19:23:11,915 | INFO |   💾 [379/450] saved
2026-05-29 19:23:11,915 | INFO | 
  [380/450]
2026-05-29 19:23:11,915 | INFO |   ⏳ 37.5s (req #391)
2026-05-29 19:23:54,267 | INFO |   GET https://www.gsmarena.com/alcatel_ot_e805-1889.php → 200
2026-05-29 19:23:54,346 | INFO |       📱 alcatel OT-E805 | Main=NoneMP | Selfie=NoneMP | AnTuTu=None | Price=$None | IP=None | Populated=16/68 fields
2026-05-29 19:23:54,350 | INFO |   💾 [380/450] saved
2026-05-29 19:23:54,351 | INFO | 
  [381/450]
2026-05-29 19:23:54,351 | INFO |   ⏳ 17.1s (req #392)
2026-05-29 19:24:15,210 | INFO |   GET https://www.gsmarena.com/alcatel_ot_e230-1888.php → 200
2026-05-29 19:24:15,228 | INFO |       📱 alcatel OT-E230 | Main=NoneMP | Selfie=NoneMP | AnTuTu=None | Price=$None | IP=None | Populated=17/68 fields
2026-05-29 19:24:15,233 | INFO |   💾 [381/450] saved
2026-05-29 19:24:15,233 | INFO | 
  [382/450]
2026-05-29 19:24:15,233 | INFO |   ⏳ 18.0s (req #393)
2026-05-29 19:24:34,981 | INFO |   GET https://www.gsmarena.com/alcatel_ot_c635-1837.php → 200
2026-05-29 19:24:35,001 | INFO |       📱 alcatel OT-C635 | Main=NoneMP | Selfie=NoneMP | AnTuTu=None | Price=$None | IP=None | Populated=20/68 fields
2026-05-29 19:24:35,005 | INFO |   💾 [382/450] saved
2026-05-29 19:24:35,005 | INFO | 
  [383/450]
2026-05-29 19:24:35,005 | INFO |   ⏳ 33.0s (req #394)
2026-05-29 19:25:10,338 | INFO |   GET https://www.gsmarena.com/alcatel_ot_c630-1465.php → 200
2026-05-29 19:25:10,359 | INFO |       📱 alcatel OT-C630 | Main=NoneMP | Selfie=NoneMP | AnTuTu=None | Price=$None | IP=None | Populated=20/68 fields
2026-05-29 19:25:10,363 | INFO |   💾 [383/450] saved
2026-05-29 19:25:10,363 | INFO | 
  [384/450]
2026-05-29 19:25:10,363 | INFO |   ⏳ 41.6s (req #395)
2026-05-29 19:25:59,212 | INFO |   GET https://www.gsmarena.com/alcatel_ot_e801-1462.php → 200
2026-05-29 19:25:59,232 | INFO |       📱 alcatel OT-E801 | Main=NoneMP | Selfie=NoneMP | AnTuTu=None | Price=$None | IP=None | Populated=15/68 fields
2026-05-29 19:25:59,236 | INFO |   💾 [384/450] saved
2026-05-29 19:25:59,236 | INFO | 
  [385/450]
2026-05-29 19:25:59,236 | INFO |   ⏳ 20.0s (req #396)
2026-05-29 19:26:22,069 | INFO |   GET https://www.gsmarena.com/alcatel_ot_e100-1461.php → 200
2026-05-29 19:26:22,092 | INFO |       📱 alcatel OT-E100 | Main=NoneMP | Selfie=NoneMP | AnTuTu=None | Price=$None | IP=None | Populated=14/68 fields
2026-05-29 19:26:22,096 | INFO |   💾 [385/450] saved
2026-05-29 19:26:22,096 | INFO | 
  [386/450]
2026-05-29 19:26:22,097 | INFO |   ⏳ 42.9s (req #397)
2026-05-29 19:27:05,839 | INFO |   GET https://www.gsmarena.com/alcatel_ot_c550-1464.php → 200
2026-05-29 19:27:05,871 | INFO |       📱 alcatel OT-C550 | Main=NoneMP | Selfie=NoneMP | AnTuTu=None | Price=$None | IP=None | Populated=20/68 fields
2026-05-29 19:27:05,874 | INFO |   💾 [386/450] saved
2026-05-29 19:27:05,874 | INFO | 
  [387/450]
2026-05-29 19:27:05,874 | INFO |   ⏳ 21.7s (req #398)
2026-05-29 19:27:29,518 | INFO |   GET https://www.gsmarena.com/alcatel_ot_e265-1463.php → 200
2026-05-29 19:27:29,538 | INFO |       📱 alcatel OT-E265 | Main=NoneMP | Selfie=NoneMP | AnTuTu=None | Price=$None | IP=None | Populated=14/68 fields
2026-05-29 19:27:29,542 | INFO |   💾 [387/450] saved
2026-05-29 19:27:29,542 | INFO | 
  [388/450]
2026-05-29 19:27:29,543 | INFO |   ⏳ 38.9s (req #399)
2026-05-29 19:28:10,032 | INFO |   GET https://www.gsmarena.com/alcatel_ot_e105-1460.php → 200
2026-05-29 19:28:10,053 | INFO |       📱 alcatel OT-E105 | Main=NoneMP | Selfie=NoneMP | AnTuTu=None | Price=$None | IP=None | Populated=14/68 fields
2026-05-29 19:28:10,057 | INFO |   💾 [388/450] saved
2026-05-29 19:28:10,057 | INFO | 
  [389/450]
2026-05-29 19:28:10,057 | INFO |   ⏳ 40.2s (req #400)
2026-05-29 19:28:52,538 | INFO |   GET https://www.gsmarena.com/alcatel_ot_e260-1414.php → 200
2026-05-29 19:28:52,560 | INFO |       📱 alcatel OT-E260 | Main=NoneMP | Selfie=NoneMP | AnTuTu=None | Price=$None | IP=None | Populated=16/68 fields
2026-05-29 19:28:52,565 | INFO |   💾 [389/450] saved
2026-05-29 19:28:52,565 | INFO | 
  [390/450]
2026-05-29 19:28:52,566 | INFO |   ⏳ 37.8s (req #401)
2026-05-29 19:29:34,862 | INFO |   GET https://www.gsmarena.com/alcatel_ot_c750-1293.php → 200
2026-05-29 19:29:34,885 | INFO |       📱 alcatel OT-C750 | Main=NoneMP | Selfie=NoneMP | AnTuTu=None | Price=$None | IP=None | Populated=16/68 fields
2026-05-29 19:29:34,890 | INFO |   💾 [390/450] saved
2026-05-29 19:29:34,892 | INFO | 
  [391/450]
2026-05-29 19:29:34,892 | INFO |   ⏳ 16.1s (req #402)
2026-05-29 19:29:52,405 | INFO |   GET https://www.gsmarena.com/alcatel_ot_s853-1106.php → 200
2026-05-29 19:29:52,425 | INFO |       📱 alcatel OT-S853 | Main=1.3MP | Selfie=NoneMP | AnTuTu=None | Price=$None | IP=None | Populated=23/68 fields
2026-05-29 19:29:52,429 | INFO |   💾 [391/450] saved
2026-05-29 19:29:52,429 | INFO | 
  [392/450]
2026-05-29 19:29:52,429 | INFO |   ⏳ 24.3s (req #403)
2026-05-29 19:30:25,831 | INFO |   GET https://www.gsmarena.com/alcatel_ot_s850-1216.php → 200
2026-05-29 19:30:25,866 | INFO |       📱 alcatel OT-S850 | Main=1.3MP | Selfie=NoneMP | AnTuTu=None | Price=$None | IP=None | Populated=15/68 fields
2026-05-29 19:30:25,870 | INFO |   💾 [392/450] saved
2026-05-29 19:30:25,871 | INFO | 
  [393/450]
2026-05-29 19:30:25,871 | INFO |   ⏳ 42.3s (req #404)
2026-05-29 19:31:11,272 | INFO |   GET https://www.gsmarena.com/alcatel_ot_c560-2079.php → 200
2026-05-29 19:31:11,291 | INFO |       📱 alcatel OT-C560 | Main=NoneMP | Selfie=NoneMP | AnTuTu=None | Price=$None | IP=None | Populated=20/68 fields
2026-05-29 19:31:11,295 | INFO |   💾 [393/450] saved
2026-05-29 19:31:11,296 | INFO | 
  [394/450]
2026-05-29 19:31:11,296 | INFO |   ⏳ 25.9s (req #405)
2026-05-29 19:31:38,172 | INFO |   GET https://www.gsmarena.com/alcatel_ot_c555-1035.php → 200
2026-05-29 19:31:38,192 | INFO |       📱 alcatel OT-C555 | Main=NoneMP | Selfie=NoneMP | AnTuTu=None | Price=$None | IP=None | Populated=16/68 fields
2026-05-29 19:31:38,198 | INFO |   💾 [394/450] saved
2026-05-29 19:31:38,198 | INFO | 
  [395/450]
2026-05-29 19:31:38,198 | INFO |   ⏳ 22.8s (req #406)
2026-05-29 19:32:03,142 | INFO |   GET https://www.gsmarena.com/alcatel_ot_c552-1292.php → 200
2026-05-29 19:32:03,161 | INFO |       📱 alcatel OT-C552 | Main=NoneMP | Selfie=NoneMP | AnTuTu=None | Price=$None | IP=None | Populated=16/68 fields
2026-05-29 19:32:03,166 | INFO |   💾 [395/450] saved
2026-05-29 19:32:03,167 | INFO | 
  [396/450]
2026-05-29 19:32:03,167 | INFO |   ⏳ 41.1s (req #407)
2026-05-29 19:32:44,801 | INFO |   GET https://www.gsmarena.com/alcatel_ot_c551-1036.php → 200
2026-05-29 19:32:44,821 | INFO |       📱 alcatel OT-C551 | Main=NoneMP | Selfie=NoneMP | AnTuTu=None | Price=$None | IP=None | Populated=15/68 fields
2026-05-29 19:32:44,826 | INFO |   💾 [396/450] saved
2026-05-29 19:32:44,827 | INFO | 
  [397/450]
2026-05-29 19:32:44,827 | INFO |   ⏳ 37.3s (req #408)
2026-05-29 19:33:26,652 | INFO |   GET https://www.gsmarena.com/alcatel_ot_c656-1037.php → 200
2026-05-29 19:33:26,673 | INFO |       📱 alcatel OT-C656 | Main=NoneMP | Selfie=NoneMP | AnTuTu=None | Price=$None | IP=None | Populated=15/68 fields
2026-05-29 19:33:26,678 | INFO |   💾 [397/450] saved
2026-05-29 19:33:26,678 | INFO | 
  [398/450]
2026-05-29 19:33:26,679 | INFO |   ⏳ 28.7s (req #409)
2026-05-29 19:33:57,763 | INFO |   GET https://www.gsmarena.com/alcatel_ot_c652-1038.php → 200
2026-05-29 19:33:57,784 | INFO |       📱 alcatel OT-C652 | Main=NoneMP | Selfie=NoneMP | AnTuTu=None | Price=$None | IP=None | Populated=15/68 fields
2026-05-29 19:33:57,793 | INFO |   💾 [398/450] saved
2026-05-29 19:33:57,793 | INFO | 
  [399/450]
2026-05-29 19:33:57,793 | INFO |   ⏳ 38.4s (req #410)
2026-05-29 19:34:39,929 | INFO |   GET https://www.gsmarena.com/alcatel_ot_c651-1039.php → 200
2026-05-29 19:34:39,961 | INFO |       📱 alcatel OT-C651 | Main=NoneMP | Selfie=NoneMP | AnTuTu=None | Price=$None | IP=None | Populated=16/68 fields
2026-05-29 19:34:39,965 | INFO |   💾 [399/450] saved
2026-05-29 19:34:39,965 | INFO | 
  [400/450]
2026-05-29 19:34:39,966 | INFO |   ⏳ 43.0s (req #411)
2026-05-29 19:35:27,028 | INFO |   GET https://www.gsmarena.com/alcatel_ot_e259-1415.php → 200
2026-05-29 19:35:27,050 | INFO |       📱 alcatel OT-E259 | Main=NoneMP | Selfie=NoneMP | AnTuTu=None | Price=$None | IP=None | Populated=13/68 fields
2026-05-29 19:35:27,055 | INFO |   💾 [400/450] saved
2026-05-29 19:35:27,055 | INFO | 
  [401/450]
2026-05-29 19:35:27,056 | INFO |   ⏳ 25.0s (req #412)
2026-05-29 19:35:54,442 | INFO |   GET https://www.gsmarena.com/alcatel_ot_e256-1040.php → 200
2026-05-29 19:35:54,461 | INFO |       📱 alcatel OT-E256 | Main=NoneMP | Selfie=NoneMP | AnTuTu=None | Price=$None | IP=None | Populated=13/68 fields
2026-05-29 19:35:54,466 | INFO |   💾 [401/450] saved
2026-05-29 19:35:54,466 | INFO | 
  [402/450]
2026-05-29 19:35:54,466 | INFO |   ⏳ 16.0s (req #413)
2026-05-29 19:36:13,808 | INFO |   GET https://www.gsmarena.com/alcatel_ot_e257-1294.php → 200
2026-05-29 19:36:13,828 | INFO |       📱 alcatel OT-E257 | Main=NoneMP | Selfie=NoneMP | AnTuTu=None | Price=$None | IP=None | Populated=13/68 fields
2026-05-29 19:36:13,833 | INFO |   💾 [402/450] saved
2026-05-29 19:36:13,833 | INFO | 
  [403/450]
2026-05-29 19:36:13,833 | INFO |   ⏳ 19.1s (req #414)
2026-05-29 19:36:36,337 | INFO |   GET https://www.gsmarena.com/alcatel_ot_e160-1295.php → 200
2026-05-29 19:36:36,355 | INFO |       📱 alcatel OT-E160 | Main=NoneMP | Selfie=NoneMP | AnTuTu=None | Price=$None | IP=None | Populated=13/68 fields
2026-05-29 19:36:36,360 | INFO |   💾 [403/450] saved
2026-05-29 19:36:36,361 | INFO | 
  [404/450]
2026-05-29 19:36:36,361 | INFO |   ⏳ 42.4s (req #415)
2026-05-29 19:37:20,025 | INFO |   GET https://www.gsmarena.com/alcatel_ot_e252-1041.php → 200
2026-05-29 19:37:20,049 | INFO |       📱 alcatel OT-E252 | Main=NoneMP | Selfie=NoneMP | AnTuTu=None | Price=$None | IP=None | Populated=13/68 fields
2026-05-29 19:37:20,053 | INFO |   💾 [404/450] saved
2026-05-29 19:37:20,054 | INFO | 
  [405/450]
2026-05-29 19:37:20,054 | INFO |   ⏳ 31.1s (req #416)
2026-05-29 19:37:51,755 | INFO |   GET https://www.gsmarena.com/alcatel_ot_e159-1075.php → 200
2026-05-29 19:37:51,783 | INFO |       📱 alcatel OT-E159 | Main=NoneMP | Selfie=NoneMP | AnTuTu=None | Price=$None | IP=None | Populated=13/68 fields
2026-05-29 19:37:51,787 | INFO |   💾 [405/450] saved
2026-05-29 19:37:51,787 | INFO | 
  [406/450]
2026-05-29 19:37:51,788 | INFO |   ⏳ 18.3s (req #417)
2026-05-29 19:38:12,636 | INFO |   GET https://www.gsmarena.com/alcatel_ot_e158-1074.php → 200
2026-05-29 19:38:12,655 | INFO |       📱 alcatel OT-E158 | Main=NoneMP | Selfie=NoneMP | AnTuTu=None | Price=$None | IP=None | Populated=13/68 fields
2026-05-29 19:38:12,659 | INFO |   💾 [406/450] saved
2026-05-29 19:38:12,660 | INFO | 
  [407/450]
2026-05-29 19:38:12,660 | INFO |   ⏳ 33.0s (req #418)
2026-05-29 19:38:46,154 | INFO |   GET https://www.gsmarena.com/alcatel_ot_e157-1073.php → 200
2026-05-29 19:38:46,175 | INFO |       📱 alcatel OT-E157 | Main=NoneMP | Selfie=NoneMP | AnTuTu=None | Price=$None | IP=None | Populated=13/68 fields
2026-05-29 19:38:46,179 | INFO |   💾 [407/450] saved
2026-05-29 19:38:46,179 | INFO | 
  [408/450]
2026-05-29 19:38:46,180 | INFO |   ⏳ 18.0s (req #419)
2026-05-29 19:39:05,033 | INFO |   GET https://www.gsmarena.com/alcatel_ot_757-931.php → 200
2026-05-29 19:39:05,055 | INFO |       📱 alcatel OT 757 | Main=NoneMP | Selfie=NoneMP | AnTuTu=None | Price=$None | IP=None | Populated=17/68 fields
2026-05-29 19:39:05,059 | INFO |   💾 [408/450] saved
2026-05-29 19:39:05,059 | INFO | 
  [409/450]
2026-05-29 19:39:05,059 | INFO |   ☕ Long pause 240s ...
2026-05-29 19:43:06,950 | INFO |   GET https://www.gsmarena.com/alcatel_ot_355-704.php → 200
2026-05-29 19:43:06,971 | INFO |       📱 alcatel OT 355 | Main=NoneMP | Selfie=NoneMP | AnTuTu=None | Price=$None | IP=None | Populated=13/68 fields
2026-05-29 19:43:06,976 | INFO |   💾 [409/450] saved
2026-05-29 19:43:06,976 | INFO | 
  [410/450]
2026-05-29 19:43:06,976 | INFO |   ⏳ 23.8s (req #421)
2026-05-29 19:43:32,790 | INFO |   GET https://www.gsmarena.com/alcatel_ot_156-708.php → 200
2026-05-29 19:43:32,808 | INFO |       📱 alcatel OT 156 | Main=NoneMP | Selfie=NoneMP | AnTuTu=None | Price=$None | IP=None | Populated=12/68 fields
2026-05-29 19:43:32,812 | INFO |   💾 [410/450] saved
2026-05-29 19:43:32,813 | INFO | 
  [411/450]
2026-05-29 19:43:32,813 | INFO |   ⏳ 28.0s (req #422)
2026-05-29 19:44:02,241 | INFO |   GET https://www.gsmarena.com/alcatel_ot_155-705.php → 200
2026-05-29 19:44:02,266 | INFO |       📱 alcatel OT 155 | Main=NoneMP | Selfie=NoneMP | AnTuTu=None | Price=$None | IP=None | Populated=11/68 fields
2026-05-29 19:44:02,270 | INFO |   💾 [411/450] saved
2026-05-29 19:44:02,271 | INFO | 
  [412/450]
2026-05-29 19:44:02,271 | INFO |   ⏳ 35.8s (req #423)
2026-05-29 19:44:40,903 | INFO |   GET https://www.gsmarena.com/alcatel_ot_153-892.php → 200
2026-05-29 19:44:40,932 | INFO |       📱 alcatel OT 153 | Main=NoneMP | Selfie=NoneMP | AnTuTu=None | Price=$None | IP=None | Populated=13/68 fields
2026-05-29 19:44:40,936 | INFO |   💾 [412/450] saved
2026-05-29 19:44:40,936 | INFO | 
  [413/450]
2026-05-29 19:44:40,936 | INFO |   ⏳ 20.1s (req #424)
2026-05-29 19:45:03,053 | INFO |   GET https://www.gsmarena.com/alcatel_ot_756-676.php → 200
2026-05-29 19:45:03,075 | INFO |       📱 alcatel OT 756 | Main=NoneMP | Selfie=NoneMP | AnTuTu=None | Price=$None | IP=None | Populated=17/68 fields
2026-05-29 19:45:03,079 | INFO |   💾 [413/450] saved
2026-05-29 19:45:03,079 | INFO | 
  [414/450]
2026-05-29 19:45:03,079 | INFO |   ⏳ 27.1s (req #425)
2026-05-29 19:45:32,445 | INFO |   GET https://www.gsmarena.com/alcatel_ot_557-1072.php → 200
2026-05-29 19:45:32,466 | INFO |       📱 alcatel OT 557 | Main=NoneMP | Selfie=NoneMP | AnTuTu=None | Price=$None | IP=None | Populated=14/68 fields
2026-05-29 19:45:32,470 | INFO |   💾 [414/450] saved
2026-05-29 19:45:32,470 | INFO | 
  [415/450]
2026-05-29 19:45:32,471 | INFO |   ⏳ 28.3s (req #426)
2026-05-29 19:46:03,694 | INFO |   GET https://www.gsmarena.com/alcatel_ot_565-904.php → 200
2026-05-29 19:46:03,714 | INFO |       📱 alcatel OT 565 | Main=NoneMP | Selfie=NoneMP | AnTuTu=None | Price=$None | IP=None | Populated=15/68 fields
2026-05-29 19:46:03,724 | INFO |   💾 [415/450] saved
2026-05-29 19:46:03,725 | INFO | 
  [416/450]
2026-05-29 19:46:03,725 | INFO |   ⏳ 21.1s (req #427)
2026-05-29 19:46:27,193 | INFO |   GET https://www.gsmarena.com/alcatel_ot_556-677.php → 200
2026-05-29 19:46:27,214 | INFO |       📱 alcatel OT 556 | Main=NoneMP | Selfie=NoneMP | AnTuTu=None | Price=$None | IP=None | Populated=14/68 fields
2026-05-29 19:46:27,218 | INFO |   💾 [416/450] saved
2026-05-29 19:46:27,218 | INFO | 
  [417/450]
2026-05-29 19:46:27,218 | INFO |   ⏳ 39.4s (req #428)
2026-05-29 19:47:08,534 | INFO |   GET https://www.gsmarena.com/alcatel_ot_835-669.php → 200
2026-05-29 19:47:08,554 | INFO |       📱 alcatel OT 835 | Main=NoneMP | Selfie=NoneMP | AnTuTu=None | Price=$None | IP=None | Populated=16/68 fields
2026-05-29 19:47:08,562 | INFO |   💾 [417/450] saved
2026-05-29 19:47:08,562 | INFO | 
  [418/450]
2026-05-29 19:47:08,562 | INFO |   ⏳ 18.7s (req #429)
2026-05-29 19:47:29,969 | INFO |   GET https://www.gsmarena.com/alcatel_ot_735i-632.php → 200
2026-05-29 19:47:30,001 | INFO |       📱 alcatel OT 735i | Main=NoneMP | Selfie=NoneMP | AnTuTu=None | Price=$None | IP=None | Populated=15/68 fields
2026-05-29 19:47:30,006 | INFO |   💾 [418/450] saved
2026-05-29 19:47:30,006 | INFO | 
  [419/450]
2026-05-29 19:47:30,006 | INFO |   ⏳ 21.2s (req #430)
2026-05-29 19:47:53,061 | INFO |   GET https://www.gsmarena.com/alcatel_ot_735-400.php → 200
2026-05-29 19:47:53,082 | INFO |       📱 alcatel OT 735 | Main=NoneMP | Selfie=NoneMP | AnTuTu=None | Price=$None | IP=None | Populated=15/68 fields
2026-05-29 19:47:53,087 | INFO |   💾 [419/450] saved
2026-05-29 19:47:53,087 | INFO | 
  [420/450]
2026-05-29 19:47:53,087 | INFO |   ⏳ 18.3s (req #431)
2026-05-29 19:48:12,532 | INFO |   GET https://www.gsmarena.com/alcatel_ot_535-399.php → 200
2026-05-29 19:48:12,552 | INFO |       📱 alcatel OT 535 | Main=NoneMP | Selfie=NoneMP | AnTuTu=None | Price=$None | IP=None | Populated=14/68 fields
2026-05-29 19:48:12,557 | INFO |   💾 [420/450] saved
2026-05-29 19:48:12,557 | INFO | 
  [421/450]
2026-05-29 19:48:12,557 | INFO |   ⏳ 36.9s (req #432)
2026-05-29 19:48:52,168 | INFO |   GET https://www.gsmarena.com/alcatel_ot_531-398.php → 200
2026-05-29 19:48:52,187 | INFO |       📱 alcatel OT 531 | Main=NoneMP | Selfie=NoneMP | AnTuTu=None | Price=$None | IP=None | Populated=15/68 fields
2026-05-29 19:48:52,191 | INFO |   💾 [421/450] saved
2026-05-29 19:48:52,191 | INFO | 
  [422/450]
2026-05-29 19:48:52,192 | INFO |   ⏳ 43.6s (req #433)
2026-05-29 19:49:37,201 | INFO |   GET https://www.gsmarena.com/alcatel_ot_332-397.php → 200
2026-05-29 19:49:37,219 | INFO |       📱 alcatel OT 332 | Main=NoneMP | Selfie=NoneMP | AnTuTu=None | Price=$None | IP=None | Populated=13/68 fields
2026-05-29 19:49:37,224 | INFO |   💾 [422/450] saved
2026-05-29 19:49:37,224 | INFO | 
  [423/450]
2026-05-29 19:49:37,225 | INFO |   ⏳ 20.5s (req #434)
2026-05-29 19:49:58,467 | INFO |   GET https://www.gsmarena.com/alcatel_ot_331-477.php → 200
2026-05-29 19:49:58,486 | INFO |       📱 alcatel OT 331 | Main=NoneMP | Selfie=NoneMP | AnTuTu=None | Price=$None | IP=None | Populated=14/68 fields
2026-05-29 19:49:58,490 | INFO |   💾 [423/450] saved
2026-05-29 19:49:58,491 | INFO | 
  [424/450]
2026-05-29 19:49:58,491 | INFO |   ⏳ 31.0s (req #435)
2026-05-29 19:50:35,063 | INFO |   GET https://www.gsmarena.com/alcatel_ot_526-403.php → 200
2026-05-29 19:50:35,093 | INFO |       📱 alcatel OT 526 | Main=NoneMP | Selfie=NoneMP | AnTuTu=None | Price=$None | IP=None | Populated=13/68 fields
2026-05-29 19:50:35,097 | INFO |   💾 [424/450] saved
2026-05-29 19:50:35,098 | INFO | 
  [425/450]
2026-05-29 19:50:35,098 | INFO |   ⏳ 35.6s (req #436)
2026-05-29 19:51:12,543 | INFO |   GET https://www.gsmarena.com/alcatel_ot_320-396.php → 200
2026-05-29 19:51:12,563 | INFO |       📱 alcatel OT 320 | Main=NoneMP | Selfie=NoneMP | AnTuTu=None | Price=$None | IP=None | Populated=14/68 fields
2026-05-29 19:51:12,568 | INFO |   💾 [425/450] saved
2026-05-29 19:51:12,568 | INFO | 
  [426/450]
2026-05-29 19:51:12,568 | INFO |   ⏳ 15.5s (req #437)
2026-05-29 19:51:30,908 | INFO |   GET https://www.gsmarena.com/alcatel_ot_525-351.php → 200
2026-05-29 19:51:30,928 | INFO |       📱 alcatel OT 525 | Main=NoneMP | Selfie=NoneMP | AnTuTu=None | Price=$None | IP=None | Populated=13/68 fields
2026-05-29 19:51:30,932 | INFO |   💾 [426/450] saved
2026-05-29 19:51:30,933 | INFO | 
  [427/450]
2026-05-29 19:51:30,933 | INFO |   ⏳ 39.7s (req #438)
2026-05-29 19:52:11,182 | INFO |   GET https://www.gsmarena.com/alcatel_ot_715-350.php → 200
2026-05-29 19:52:11,204 | INFO |       📱 alcatel OT 715 | Main=NoneMP | Selfie=NoneMP | AnTuTu=None | Price=$None | IP=None | Populated=13/68 fields
2026-05-29 19:52:11,208 | INFO |   💾 [427/450] saved
2026-05-29 19:52:11,208 | INFO | 
  [428/450]
2026-05-29 19:52:11,208 | INFO |   ⏳ 40.3s (req #439)
2026-05-29 19:52:55,301 | INFO |   GET https://www.gsmarena.com/alcatel_ot_512-329.php → 200
2026-05-29 19:52:55,320 | INFO |       📱 alcatel OT 512 | Main=NoneMP | Selfie=NoneMP | AnTuTu=None | Price=$None | IP=None | Populated=14/68 fields
2026-05-29 19:52:55,324 | INFO |   💾 [428/450] saved
2026-05-29 19:52:55,325 | INFO | 
  [429/450]
2026-05-29 19:52:55,325 | INFO |   ⏳ 24.4s (req #440)
2026-05-29 19:53:22,816 | INFO |   GET https://www.gsmarena.com/alcatel_ot_311-285.php → 200
2026-05-29 19:53:22,836 | INFO |       📱 alcatel OT 311 | Main=NoneMP | Selfie=NoneMP | AnTuTu=None | Price=$None | IP=None | Populated=14/68 fields
2026-05-29 19:53:22,840 | INFO |   💾 [429/450] saved
2026-05-29 19:53:22,840 | INFO | 
  [430/450]
2026-05-29 19:53:22,840 | INFO |   ⏳ 29.1s (req #441)
2026-05-29 19:53:55,883 | INFO |   GET https://www.gsmarena.com/alcatel_ot_511-257.php → 200
2026-05-29 19:53:55,903 | INFO |       📱 alcatel OT 511 | Main=NoneMP | Selfie=NoneMP | AnTuTu=None | Price=$None | IP=None | Populated=13/68 fields
2026-05-29 19:53:55,907 | INFO |   💾 [430/450] saved
2026-05-29 19:53:55,907 | INFO | 
  [431/450]
2026-05-29 19:53:55,908 | INFO |   ⏳ 38.9s (req #442)
2026-05-29 19:54:39,780 | INFO |   GET https://www.gsmarena.com/alcatel_ot_700-191.php → 200
2026-05-29 19:54:39,812 | INFO |       📱 alcatel OT 700 | Main=NoneMP | Selfie=NoneMP | AnTuTu=None | Price=$None | IP=None | Populated=12/68 fields
2026-05-29 19:54:39,817 | INFO |   💾 [431/450] saved
2026-05-29 19:54:39,817 | INFO | 
  [432/450]
2026-05-29 19:54:39,817 | INFO |   ⏳ 38.4s (req #443)
2026-05-29 19:55:20,399 | INFO |   GET https://www.gsmarena.com/alcatel_ot_500-196.php → 200
2026-05-29 19:55:20,417 | INFO |       📱 alcatel OT 500 | Main=NoneMP | Selfie=NoneMP | AnTuTu=None | Price=$None | IP=None | Populated=12/68 fields
2026-05-29 19:55:20,422 | INFO |   💾 [432/450] saved
2026-05-29 19:55:20,422 | INFO | 
  [433/450]
2026-05-29 19:55:20,423 | INFO |   ⏳ 22.9s (req #444)
2026-05-29 19:55:45,844 | INFO |   GET https://www.gsmarena.com/alcatel_ot_300-197.php → 200
2026-05-29 19:55:45,863 | INFO |       📱 alcatel OT 300 | Main=NoneMP | Selfie=NoneMP | AnTuTu=None | Price=$None | IP=None | Populated=13/68 fields
2026-05-29 19:55:45,867 | INFO |   💾 [433/450] saved
2026-05-29 19:55:45,868 | INFO | 
  [434/450]
2026-05-29 19:55:45,868 | INFO |   ⏳ 16.3s (req #445)
2026-05-29 19:56:05,250 | INFO |   GET https://www.gsmarena.com/alcatel_ot_view_db_@-29.php → 200
2026-05-29 19:56:05,271 | INFO |       📱 alcatel OT View db @ | Main=NoneMP | Selfie=NoneMP | AnTuTu=None | Price=$None | IP=None | Populated=13/68 fields
2026-05-29 19:56:05,276 | INFO |   💾 [434/450] saved
2026-05-29 19:56:05,276 | INFO | 
  [435/450]
2026-05-29 19:56:05,276 | INFO |   ⏳ 36.6s (req #446)
2026-05-29 19:56:49,053 | INFO |   GET https://www.gsmarena.com/alcatel_ot_pocket-30.php → 200
2026-05-29 19:56:49,072 | INFO |       📱 alcatel OT Pocket | Main=NoneMP | Selfie=NoneMP | AnTuTu=None | Price=$None | IP=None | Populated=13/68 fields
2026-05-29 19:56:49,076 | INFO |   💾 [435/450] saved
2026-05-29 19:56:49,076 | INFO | 
  [436/450]
2026-05-29 19:56:49,076 | INFO |   ⏳ 23.7s (req #447)
2026-05-29 19:57:14,949 | INFO |   GET https://www.gsmarena.com/alcatel_ot_view_db-28.php → 200
2026-05-29 19:57:14,968 | INFO |       📱 alcatel OT View db | Main=NoneMP | Selfie=NoneMP | AnTuTu=None | Price=$None | IP=None | Populated=13/68 fields
2026-05-29 19:57:14,972 | INFO |   💾 [436/450] saved
2026-05-29 19:57:14,972 | INFO | 
  [437/450]
2026-05-29 19:57:14,972 | INFO |   ⏳ 43.8s (req #448)
2026-05-29 19:58:01,165 | INFO |   GET https://www.gsmarena.com/alcatel_ot_max_db-27.php → 200
2026-05-29 19:58:01,195 | INFO |       📱 alcatel OT Max db | Main=NoneMP | Selfie=NoneMP | AnTuTu=None | Price=$None | IP=None | Populated=13/68 fields
2026-05-29 19:58:01,199 | INFO |   💾 [437/450] saved
2026-05-29 19:58:01,200 | INFO | 
  [438/450]
2026-05-29 19:58:01,200 | INFO |   ⏳ 15.7s (req #449)
2026-05-29 19:58:18,941 | INFO |   GET https://www.gsmarena.com/alcatel_ot_gum_db-120.php → 200
2026-05-29 19:58:18,961 | INFO |       📱 alcatel OT Gum db | Main=NoneMP | Selfie=NoneMP | AnTuTu=None | Price=$None | IP=None | Populated=13/68 fields
2026-05-29 19:58:18,965 | INFO |   💾 [438/450] saved
2026-05-29 19:58:18,965 | INFO | 
  [439/450]
2026-05-29 19:58:18,966 | INFO |   ☕ Long pause 154s ...
2026-05-29 20:00:54,902 | INFO |   GET https://www.gsmarena.com/alcatel_ot_easy_db-26.php → 200
2026-05-29 20:00:54,922 | INFO |       📱 alcatel OT Easy db | Main=NoneMP | Selfie=NoneMP | AnTuTu=None | Price=$None | IP=None | Populated=13/68 fields
2026-05-29 20:00:54,928 | INFO |   💾 [439/450] saved
2026-05-29 20:00:54,928 | INFO | 
  [440/450]
2026-05-29 20:00:54,929 | INFO |   ⏳ 41.9s (req #451)
2026-05-29 20:01:46,905 | INFO |   GET https://www.gsmarena.com/alcatel_ot_club_db-25.php → 200
2026-05-29 20:01:46,925 | INFO |       📱 alcatel OT Club db | Main=NoneMP | Selfie=NoneMP | AnTuTu=None | Price=$None | IP=None | Populated=13/68 fields
2026-05-29 20:01:46,930 | INFO |   💾 [440/450] saved
2026-05-29 20:01:46,930 | INFO | 
  [441/450]
2026-05-29 20:01:46,930 | INFO |   ⏳ 25.2s (req #452)
2026-05-29 20:02:15,235 | INFO |   GET https://www.gsmarena.com/alcatel_ot_com-31.php → 200
2026-05-29 20:02:15,257 | INFO |       📱 alcatel OT COM | Main=NoneMP | Selfie=NoneMP | AnTuTu=None | Price=$None | IP=None | Populated=14/68 fields
2026-05-29 20:02:15,262 | INFO |   💾 [441/450] saved
2026-05-29 20:02:15,262 | INFO | 
  [442/450]
2026-05-29 20:02:15,262 | INFO |   ⏳ 17.4s (req #453)
2026-05-29 20:02:35,593 | INFO |   GET https://www.gsmarena.com/alcatel_ot_pro-32.php → 200
2026-05-29 20:02:35,613 | INFO |       📱 alcatel OT Pro | Main=NoneMP | Selfie=NoneMP | AnTuTu=None | Price=$None | IP=None | Populated=13/68 fields
2026-05-29 20:02:35,617 | INFO |   💾 [442/450] saved
2026-05-29 20:02:35,617 | INFO | 
  [443/450]
2026-05-29 20:02:35,617 | INFO |   ⏳ 30.5s (req #454)
2026-05-29 20:03:07,416 | INFO |   GET https://www.gsmarena.com/alcatel_ot_easy_hf-33.php → 200
2026-05-29 20:03:07,449 | INFO |       📱 alcatel OT Easy HF | Main=NoneMP | Selfie=NoneMP | AnTuTu=None | Price=$None | IP=None | Populated=13/68 fields
2026-05-29 20:03:07,453 | INFO |   💾 [443/450] saved
2026-05-29 20:03:07,453 | INFO | 
  [444/450]
2026-05-29 20:03:07,453 | INFO |   ⏳ 32.2s (req #455)
2026-05-29 20:03:40,381 | INFO |   GET https://www.gsmarena.com/alcatel_ot_easy-34.php → 200
2026-05-29 20:03:40,401 | INFO |       📱 alcatel OT Easy | Main=NoneMP | Selfie=NoneMP | AnTuTu=None | Price=$None | IP=None | Populated=13/68 fields
2026-05-29 20:03:40,405 | INFO |   💾 [444/450] saved
2026-05-29 20:03:40,406 | INFO | 
  [445/450]
2026-05-29 20:03:40,406 | INFO |   ⏳ 44.0s (req #456)
2026-05-29 20:04:27,928 | INFO |   GET https://www.gsmarena.com/alcatel_ot_club-35.php → 200
2026-05-29 20:04:27,949 | INFO |       📱 alcatel OT Club | Main=NoneMP | Selfie=NoneMP | AnTuTu=None | Price=$None | IP=None | Populated=13/68 fields
2026-05-29 20:04:27,953 | INFO |   💾 [445/450] saved
2026-05-29 20:04:27,953 | INFO | 
  [446/450]
2026-05-29 20:04:27,953 | INFO |   ⏳ 20.4s (req #457)
2026-05-29 20:04:53,626 | INFO |   GET https://www.gsmarena.com/alcatel_ot_club_+-36.php → 200
2026-05-29 20:04:53,647 | INFO |       📱 alcatel OT Club + | Main=NoneMP | Selfie=NoneMP | AnTuTu=None | Price=$None | IP=None | Populated=13/68 fields
2026-05-29 20:04:53,651 | INFO |   💾 [446/450] saved
2026-05-29 20:04:53,652 | INFO | 
  [447/450]
2026-05-29 20:04:53,652 | INFO |   ⏳ 23.4s (req #458)
2026-05-29 20:05:18,061 | INFO |   GET https://www.gsmarena.com/alcatel_ot_max-37.php → 200
2026-05-29 20:05:18,081 | INFO |       📱 alcatel OT Max | Main=NoneMP | Selfie=NoneMP | AnTuTu=None | Price=$None | IP=None | Populated=13/68 fields
2026-05-29 20:05:18,086 | INFO |   💾 [447/450] saved
2026-05-29 20:05:18,086 | INFO | 
  [448/450]
2026-05-29 20:05:18,086 | INFO |   ⏳ 20.7s (req #459)
2026-05-29 20:05:40,206 | INFO |   GET https://www.gsmarena.com/alcatel_ot_view-38.php → 200
2026-05-29 20:05:40,227 | INFO |       📱 alcatel OT View | Main=NoneMP | Selfie=NoneMP | AnTuTu=None | Price=$None | IP=None | Populated=13/68 fields
2026-05-29 20:05:40,232 | INFO |   💾 [448/450] saved
2026-05-29 20:05:40,232 | INFO | 
  [449/450]
2026-05-29 20:05:40,232 | INFO |   ⏳ 41.5s (req #460)
2026-05-29 20:06:22,705 | INFO |   GET https://www.gsmarena.com/alcatel_hc_1000-39.php → 200
2026-05-29 20:06:22,724 | INFO |       📱 alcatel HC 1000 | Main=NoneMP | Selfie=NoneMP | AnTuTu=None | Price=$None | IP=None | Populated=13/68 fields
2026-05-29 20:06:22,729 | INFO |   💾 [449/450] saved
2026-05-29 20:06:22,729 | INFO | 
  [450/450]
2026-05-29 20:06:22,730 | INFO |   ⏳ 21.6s (req #461)
2026-05-29 20:06:46,290 | INFO |   GET https://www.gsmarena.com/alcatel_hc_800-40.php → 200
2026-05-29 20:06:46,356 | INFO |       📱 alcatel HC 800 | Main=NoneMP | Selfie=NoneMP | AnTuTu=None | Price=$None | IP=None | Populated=12/68 fields
2026-05-29 20:06:46,362 | INFO |   💾 [450/450] saved
2026-05-29 20:06:46,364 | INFO |   ✅ Alcatel — 450 phones saved
2026-05-29 20:06:46,365 | INFO | 
============================================================
2026-05-29 20:06:46,365 | INFO | [2/4] Blu (369 phones)
2026-05-29 20:06:46,366 | INFO | Elapsed: 290min
2026-05-29 20:06:46,366 | INFO | ============================================================
2026-05-29 20:06:46,366 | INFO |   Fetching phone links for: Blu (~369 phones)
2026-05-29 20:06:46,366 | INFO |   ⏳ 15.3s (req #462)
2026-05-29 20:07:04,822 | INFO |   GET https://www.gsmarena.com/blu-phones-67.php → 200
2026-05-29 20:07:04,834 | INFO |     Found 9 listing pages
2026-05-29 20:07:04,835 | INFO |     Page 1/9: 50 links so far
2026-05-29 20:07:04,835 | INFO |   ⏳ 34.5s (req #463)
2026-05-29 20:07:41,144 | INFO |   GET https://www.gsmarena.com/# → 200
2026-05-29 20:07:41,171 | INFO |     Page 2/9: 86 links so far
2026-05-29 20:07:41,171 | INFO |   ⏳ 18.5s (req #464)
2026-05-29 20:08:01,061 | INFO |   GET https://www.gsmarena.com/blu-phones-f-67-0-p2.php → 200
2026-05-29 20:08:01,075 | INFO |     Page 3/9: 136 links so far
2026-05-29 20:08:01,075 | INFO |   ⏳ 34.4s (req #465)
2026-05-29 20:08:42,036 | INFO |   GET https://www.gsmarena.com/blu-phones-f-67-0-p3.php → 200
2026-05-29 20:08:42,049 | INFO |     Page 4/9: 186 links so far
2026-05-29 20:08:42,049 | INFO |   ⏳ 31.1s (req #466)
2026-05-29 20:09:14,029 | INFO |   GET https://www.gsmarena.com/blu-phones-f-67-0-p4.php → 200
2026-05-29 20:09:14,065 | INFO |     Page 5/9: 236 links so far
2026-05-29 20:09:14,065 | INFO |   ⏳ 32.8s (req #467)
2026-05-29 20:09:48,515 | INFO |   GET https://www.gsmarena.com/blu-phones-f-67-0-p5.php → 200
2026-05-29 20:09:48,528 | INFO |     Page 6/9: 286 links so far
2026-05-29 20:09:48,529 | INFO |   ⏳ 19.7s (req #468)
2026-05-29 20:10:09,633 | INFO |   GET https://www.gsmarena.com/blu-phones-f-67-0-p6.php → 200
2026-05-29 20:10:09,645 | INFO |     Page 7/9: 336 links so far
2026-05-29 20:10:09,645 | INFO |   ⏳ 16.5s (req #469)
2026-05-29 20:10:28,598 | INFO |   GET https://www.gsmarena.com/blu-phones-f-67-0-p7.php → 200
2026-05-29 20:10:28,609 | INFO |     Page 8/9: 386 links so far
2026-05-29 20:10:28,609 | INFO |   ⏳ 34.5s (req #470)
2026-05-29 20:11:04,499 | INFO |   GET https://www.gsmarena.com/blu-phones-f-67-0-p8.php → 200
2026-05-29 20:11:04,517 | INFO |     Page 9/9: 405 links so far
2026-05-29 20:11:04,517 | INFO |   ✅ 405 valid phone spec links for Blu
2026-05-29 20:11:04,542 | INFO |   💾 Link list cached → GSMArenaDataset_BATCH5\_links_blu.json
2026-05-29 20:11:04,543 | INFO | 
  [1/405]
2026-05-29 20:11:04,544 | INFO |   ⏳ 34.2s (req #471)
2026-05-29 20:11:39,866 | INFO |   GET https://www.gsmarena.com/blu_bold_n3-12603.php → 200
2026-05-29 20:11:39,890 | INFO |       📱 BLU Bold N3 | Main=50.0MP | Selfie=16.0MP | AnTuTu=None | Price=$None | IP=None | Populated=49/68 fields
2026-05-29 20:11:39,894 | INFO |   💾 [1/405] saved
2026-05-29 20:11:39,894 | INFO | 
  [2/405]
2026-05-29 20:11:39,895 | INFO |   ⏳ 33.1s (req #472)
2026-05-29 20:12:13,634 | INFO |   GET https://www.gsmarena.com/blu_g93-12460.php → 200
2026-05-29 20:12:13,656 | INFO |       📱 BLU G93 | Main=50.0MP | Selfie=13.0MP | AnTuTu=None | Price=$None | IP=None | Populated=45/68 fields
2026-05-29 20:12:13,662 | INFO |   💾 [2/405] saved
2026-05-29 20:12:13,663 | INFO | 
  [3/405]
2026-05-29 20:12:13,663 | INFO |   ⏳ 32.3s (req #473)
2026-05-29 20:12:46,639 | INFO |   GET https://www.gsmarena.com/blu_g73-12459.php → 200
2026-05-29 20:12:46,659 | INFO |       📱 BLU G73 | Main=50.0MP | Selfie=8.0MP | AnTuTu=None | Price=$None | IP=None | Populated=42/68 fields
2026-05-29 20:12:46,664 | INFO |   💾 [3/405] saved
2026-05-29 20:12:46,664 | INFO | 
  [4/405]
2026-05-29 20:12:46,664 | INFO |   ⏳ 43.1s (req #474)
2026-05-29 20:13:30,638 | INFO |   GET https://www.gsmarena.com/blu_g63-12458.php → 200
2026-05-29 20:13:30,658 | INFO |       📱 BLU G63 | Main=13.0MP | Selfie=8.0MP | AnTuTu=None | Price=$None | IP=None | Populated=40/68 fields
2026-05-29 20:13:30,663 | INFO |   💾 [4/405] saved
2026-05-29 20:13:30,664 | INFO | 
  [5/405]
2026-05-29 20:13:30,664 | INFO |   ⏳ 36.3s (req #475)
2026-05-29 20:14:09,702 | INFO |   GET https://www.gsmarena.com/blu_g53-12457.php → 200
2026-05-29 20:14:09,724 | INFO |       📱 BLU G53 | Main=13.0MP | Selfie=8.0MP | AnTuTu=None | Price=$None | IP=None | Populated=41/68 fields
2026-05-29 20:14:09,728 | INFO |   💾 [5/405] saved
2026-05-29 20:14:09,729 | INFO | 
  [6/405]
2026-05-29 20:14:09,729 | INFO |   ⏳ 25.5s (req #476)
2026-05-29 20:14:36,375 | INFO |   GET https://www.gsmarena.com/blu_g33-12456.php → 200
2026-05-29 20:14:36,406 | INFO |       📱 BLU G33 | Main=5.0MP | Selfie=5.0MP | AnTuTu=None | Price=$None | IP=None | Populated=39/68 fields
2026-05-29 20:14:36,411 | INFO |   💾 [6/405] saved
2026-05-29 20:14:36,411 | INFO | 
  [7/405]
2026-05-29 20:14:36,411 | INFO |   ⏳ 24.1s (req #477)
2026-05-29 20:15:01,102 | INFO |   GET https://www.gsmarena.com/blu_f92e-12153.php → 200
2026-05-29 20:15:01,123 | INFO |       📱 BLU F92e | Main=50.0MP | Selfie=13.0MP | AnTuTu=None | Price=$None | IP=None | Populated=43/68 fields
2026-05-29 20:15:01,128 | INFO |   💾 [7/405] saved
2026-05-29 20:15:01,129 | INFO | 
  [8/405]
2026-05-29 20:15:01,129 | INFO |   ⏳ 23.8s (req #478)
2026-05-29 20:15:26,842 | INFO |   GET https://www.gsmarena.com/blu_g72_max-12110.php → 200
2026-05-29 20:15:26,864 | INFO |       📱 BLU G72 Max | Main=13.0MP | Selfie=8.0MP | AnTuTu=None | Price=$None | IP=None | Populated=40/68 fields
2026-05-29 20:15:26,868 | INFO |   💾 [8/405] saved
2026-05-29 20:15:26,868 | INFO | 
  [9/405]
2026-05-29 20:15:26,869 | INFO |   ⏳ 17.2s (req #479)
2026-05-29 20:15:45,237 | INFO |   GET https://www.gsmarena.com/blu_g52l-12102.php → 200
2026-05-29 20:15:45,261 | INFO |       📱 BLU G52L | Main=13.0MP | Selfie=8.0MP | AnTuTu=None | Price=$None | IP=None | Populated=38/68 fields
2026-05-29 20:15:45,265 | INFO |   💾 [9/405] saved
2026-05-29 20:15:45,266 | INFO | 
  [10/405]
2026-05-29 20:15:45,266 | INFO |   ☕ Long pause 155s ...
2026-05-29 20:18:21,358 | INFO |   GET https://www.gsmarena.com/blu_studio_x5_max-11830.php → 200
2026-05-29 20:18:21,382 | INFO |       📱 BLU Studio X5 Max | Main=5.0MP | Selfie=2.0MP | AnTuTu=None | Price=$None | IP=None | Populated=38/68 fields
2026-05-29 20:18:21,387 | INFO |   💾 [10/405] saved
2026-05-29 20:18:21,387 | INFO | 
  [11/405]
2026-05-29 20:18:21,387 | INFO |   ⏳ 31.5s (req #481)
2026-05-29 20:18:53,494 | INFO |   GET https://www.gsmarena.com/blu_studio_x5-11829.php → 200
2026-05-29 20:18:53,514 | INFO |       📱 BLU Studio X5 | Main=5.0MP | Selfie=2.0MP | AnTuTu=None | Price=$None | IP=None | Populated=38/68 fields
2026-05-29 20:18:53,519 | INFO |   💾 [11/405] saved
2026-05-29 20:18:53,519 | INFO | 
  [12/405]
2026-05-29 20:18:53,519 | INFO |   ⏳ 19.0s (req #482)
2026-05-29 20:19:13,405 | INFO |   GET https://www.gsmarena.com/blu_g40-11828.php → 200
2026-05-29 20:19:13,427 | INFO |       📱 BLU G40 | Main=13.0MP | Selfie=8.0MP | AnTuTu=None | Price=$None | IP=None | Populated=38/68 fields
2026-05-29 20:19:13,433 | INFO |   💾 [12/405] saved
2026-05-29 20:19:13,433 | INFO | 
  [13/405]
2026-05-29 20:19:13,433 | INFO |   ⏳ 27.3s (req #483)
2026-05-29 20:19:41,666 | INFO |   GET https://www.gsmarena.com/blu_bold_n2-11757.php → 200
2026-05-29 20:19:41,697 | INFO |       📱 BLU Bold N2 | Main=64.0MP | Selfie=16.0MP | AnTuTu=None | Price=$None | IP=None | Populated=43/68 fields
2026-05-29 20:19:41,701 | INFO |   💾 [13/405] saved
2026-05-29 20:19:41,702 | INFO | 
  [14/405]
2026-05-29 20:19:41,702 | INFO |   ⏳ 32.3s (req #484)
2026-05-29 20:20:15,281 | INFO |   GET https://www.gsmarena.com/blu_studio_x10l_2022-11716.php → 200
2026-05-29 20:20:15,301 | INFO |       📱 BLU Studio X10L 2022 | Main=8.0MP | Selfie=5.0MP | AnTuTu=None | Price=$None | IP=None | Populated=37/68 fields
2026-05-29 20:20:15,306 | INFO |   💾 [14/405] saved
2026-05-29 20:20:15,307 | INFO | 
  [15/405]
2026-05-29 20:20:15,307 | INFO |   ⏳ 36.5s (req #485)
2026-05-29 20:20:52,363 | INFO |   GET https://www.gsmarena.com/blu_s91_pro-11715.php → 200
2026-05-29 20:20:52,390 | INFO |       📱 BLU S91 Pro | Main=50.0MP | Selfie=13.0MP | AnTuTu=None | Price=$None | IP=None | Populated=41/68 fields
2026-05-29 20:20:52,395 | INFO |   💾 [15/405] saved
2026-05-29 20:20:52,395 | INFO | 
  [16/405]
2026-05-29 20:20:52,395 | INFO |   ⏳ 22.1s (req #486)
2026-05-29 20:21:15,198 | INFO |   GET https://www.gsmarena.com/blu_j6s-11673.php → 200
2026-05-29 20:21:15,220 | INFO |       📱 BLU J6S | Main=8.0MP | Selfie=5.0MP | AnTuTu=None | Price=$None | IP=None | Populated=39/68 fields
2026-05-29 20:21:15,224 | INFO |   💾 [16/405] saved
2026-05-29 20:21:15,224 | INFO | 
  [17/405]
2026-05-29 20:21:15,225 | INFO |   ⏳ 19.0s (req #487)
2026-05-29 20:21:34,912 | INFO |   GET https://www.gsmarena.com/blu_c7x-11672.php → 200
2026-05-29 20:21:34,931 | INFO |       📱 BLU C7X | Main=8.0MP | Selfie=8.0MP | AnTuTu=None | Price=$None | IP=None | Populated=38/68 fields
2026-05-29 20:21:34,936 | INFO |   💾 [17/405] saved
2026-05-29 20:21:34,936 | INFO | 
  [18/405]
2026-05-29 20:21:34,936 | INFO |   ⏳ 43.2s (req #488)
2026-05-29 20:22:18,789 | INFO |   GET https://www.gsmarena.com/blu_s91-11643.php → 200
2026-05-29 20:22:18,810 | INFO |       📱 BLU S91 | Main=13.0MP | Selfie=13.0MP | AnTuTu=None | Price=$None | IP=None | Populated=40/68 fields
2026-05-29 20:22:18,815 | INFO |   💾 [18/405] saved
2026-05-29 20:22:18,816 | INFO | 
  [19/405]
2026-05-29 20:22:18,816 | INFO |   ⏳ 20.6s (req #489)
2026-05-29 20:22:41,837 | INFO |   GET https://www.gsmarena.com/blu_g51-11623.php → 200
2026-05-29 20:22:41,868 | INFO |       📱 BLU G51 | Main=8.0MP | Selfie=8.0MP | AnTuTu=None | Price=$None | IP=None | Populated=40/68 fields
2026-05-29 20:22:41,873 | INFO |   💾 [19/405] saved
2026-05-29 20:22:41,873 | INFO | 
  [20/405]
2026-05-29 20:22:41,874 | INFO |   ⏳ 33.7s (req #490)
2026-05-29 20:23:16,130 | INFO |   GET https://www.gsmarena.com/blu_g61s-11536.php → 200
2026-05-29 20:23:16,151 | INFO |       📱 BLU G61s | Main=13.0MP | Selfie=8.0MP | AnTuTu=None | Price=$None | IP=None | Populated=37/68 fields
2026-05-29 20:23:16,155 | INFO |   💾 [20/405] saved
2026-05-29 20:23:16,155 | INFO | 
  [21/405]
2026-05-29 20:23:16,155 | INFO |   ⏳ 31.8s (req #491)
2026-05-29 20:23:48,551 | INFO |   GET https://www.gsmarena.com/blu_g50_mega_2022-11509.php → 200
2026-05-29 20:23:48,574 | INFO |       📱 BLU G50 Mega 2022 | Main=12.0MP | Selfie=8.0MP | AnTuTu=None | Price=$None | IP=None | Populated=40/68 fields
2026-05-29 20:23:48,578 | INFO |   💾 [21/405] saved
2026-05-29 20:23:48,578 | INFO | 
  [22/405]
2026-05-29 20:23:48,579 | INFO |   ⏳ 25.7s (req #492)
2026-05-29 20:24:15,181 | INFO |   GET https://www.gsmarena.com/blu_f91-11483.php → 200
2026-05-29 20:24:15,202 | INFO |       📱 BLU F91 | Main=48.0MP | Selfie=16.0MP | AnTuTu=None | Price=$None | IP=None | Populated=47/68 fields
2026-05-29 20:24:15,207 | INFO |   💾 [22/405] saved
2026-05-29 20:24:15,207 | INFO | 
  [23/405]
2026-05-29 20:24:15,207 | INFO |   ⏳ 33.5s (req #493)
2026-05-29 20:24:51,039 | INFO |   GET https://www.gsmarena.com/blu_g71l-11398.php → 200
2026-05-29 20:24:51,060 | INFO |       📱 BLU G71L | Main=13.0MP | Selfie=8.0MP | AnTuTu=None | Price=$None | IP=None | Populated=37/68 fields
2026-05-29 20:24:51,065 | INFO |   💾 [23/405] saved
2026-05-29 20:24:51,065 | INFO | 
  [24/405]
2026-05-29 20:24:51,066 | INFO |   ⏳ 28.3s (req #494)
2026-05-29 20:25:20,323 | INFO |   GET https://www.gsmarena.com/blu_g91_max-11376.php → 200
2026-05-29 20:25:20,344 | INFO |       📱 BLU G91 Max | Main=108.0MP | Selfie=16.0MP | AnTuTu=None | Price=$None | IP=None | Populated=45/68 fields
2026-05-29 20:25:20,348 | INFO |   💾 [24/405] saved
2026-05-29 20:25:20,350 | INFO | 
  [25/405]
2026-05-29 20:25:20,351 | INFO |   ⏳ 25.6s (req #495)
2026-05-29 20:25:46,561 | INFO |   GET https://www.gsmarena.com/blu_g71+-11369.php → 200
2026-05-29 20:25:46,591 | INFO |       📱 BLU G71+ | Main=13.0MP | Selfie=13.0MP | AnTuTu=None | Price=$None | IP=None | Populated=37/68 fields
2026-05-29 20:25:46,595 | INFO |   💾 [25/405] saved
2026-05-29 20:25:46,595 | INFO | 
  [26/405]
2026-05-29 20:25:46,596 | INFO |   ⏳ 38.8s (req #496)
2026-05-29 20:26:26,112 | INFO |   GET https://www.gsmarena.com/blu_m8l_2022-11368.php → 200
2026-05-29 20:26:26,131 | INFO |       📱 BLU M8L 2022 | Main=8.0MP | Selfie=5.0MP | AnTuTu=None | Price=$None | IP=None | Populated=38/68 fields
2026-05-29 20:26:26,136 | INFO |   💾 [26/405] saved
2026-05-29 20:26:26,136 | INFO | 
  [27/405]
2026-05-29 20:26:26,137 | INFO |   ⏳ 38.8s (req #497)
2026-05-29 20:27:06,065 | INFO |   GET https://www.gsmarena.com/blu_g51s-11348.php → 200
2026-05-29 20:27:06,084 | INFO |       📱 BLU G51S | Main=13.0MP | Selfie=8.0MP | AnTuTu=None | Price=$None | IP=None | Populated=37/68 fields
2026-05-29 20:27:06,089 | INFO |   💾 [27/405] saved
2026-05-29 20:27:06,090 | INFO | 
  [28/405]
2026-05-29 20:27:06,090 | INFO |   ⏳ 43.0s (req #498)
2026-05-29 20:27:51,383 | INFO |   GET https://www.gsmarena.com/blu_c5_max-11319.php → 200
2026-05-29 20:27:51,403 | INFO |       📱 BLU C5 Max | Main=5.0MP | Selfie=5.0MP | AnTuTu=None | Price=$None | IP=None | Populated=38/68 fields
2026-05-29 20:27:51,407 | INFO |   💾 [28/405] saved
2026-05-29 20:27:51,408 | INFO | 
  [29/405]
2026-05-29 20:27:51,408 | INFO |   ⏳ 16.9s (req #499)
2026-05-29 20:28:10,711 | INFO |   GET https://www.gsmarena.com/blu_studio_x10_2022-11318.php → 200
2026-05-29 20:28:10,733 | INFO |       📱 BLU Studio X10 2022 | Main=8.0MP | Selfie=5.0MP | AnTuTu=None | Price=$None | IP=None | Populated=41/68 fields
2026-05-29 20:28:10,737 | INFO |   💾 [29/405] saved
2026-05-29 20:28:10,737 | INFO | 
  [30/405]
2026-05-29 20:28:10,737 | INFO |   ⏳ 26.9s (req #500)
2026-05-29 20:28:39,141 | INFO |   GET https://www.gsmarena.com/blu_c5l_max-11273.php → 200
2026-05-29 20:28:39,159 | INFO |       📱 BLU C5L Max | Main=5.0MP | Selfie=2.0MP | AnTuTu=None | Price=$None | IP=None | Populated=40/68 fields
2026-05-29 20:28:39,164 | INFO |   💾 [30/405] saved
2026-05-29 20:28:39,164 | INFO | 
  [31/405]
2026-05-29 20:28:39,165 | INFO |   ⏳ 25.1s (req #501)
2026-05-29 20:29:06,407 | INFO |   GET https://www.gsmarena.com/blu_g91s-11264.php → 200
2026-05-29 20:29:06,428 | INFO |       📱 BLU G91s | Main=48.0MP | Selfie=13.0MP | AnTuTu=None | Price=$None | IP=None | Populated=44/68 fields
2026-05-29 20:29:06,432 | INFO |   💾 [31/405] saved
2026-05-29 20:29:06,432 | INFO | 
  [32/405]
2026-05-29 20:29:06,433 | INFO |   ⏳ 22.9s (req #502)
2026-05-29 20:29:31,035 | INFO |   GET https://www.gsmarena.com/blu_view_3-11258.php → 200
2026-05-29 20:29:31,064 | INFO |       📱 BLU View 3 | Main=13.0MP | Selfie=8.0MP | AnTuTu=None | Price=$None | IP=None | Populated=41/68 fields
2026-05-29 20:29:31,068 | INFO |   💾 [32/405] saved
2026-05-29 20:29:31,069 | INFO | 
  [33/405]
2026-05-29 20:29:31,069 | INFO |   ⏳ 35.5s (req #503)
2026-05-29 20:30:09,350 | INFO |   GET https://www.gsmarena.com/blu_m8l_plus-11096.php → 200
2026-05-29 20:30:09,369 | INFO |       📱 BLU M8L Plus | Main=8.0MP | Selfie=5.0MP | AnTuTu=None | Price=$None | IP=None | Populated=38/68 fields
2026-05-29 20:30:09,373 | INFO |   💾 [33/405] saved
2026-05-29 20:30:09,373 | INFO | 
  [34/405]
2026-05-29 20:30:09,374 | INFO |   ⏳ 37.7s (req #504)
2026-05-29 20:30:56,988 | INFO |   GET https://www.gsmarena.com/blu_m8l-11095.php → 200
2026-05-29 20:30:57,007 | INFO |       📱 BLU M8L | Main=8.0MP | Selfie=5.0MP | AnTuTu=None | Price=$None | IP=None | Populated=38/68 fields
2026-05-29 20:30:57,012 | INFO |   💾 [34/405] saved
2026-05-29 20:30:57,012 | INFO | 
  [35/405]
2026-05-29 20:30:57,012 | INFO |   ⏳ 38.4s (req #505)
2026-05-29 20:31:36,583 | INFO |   GET https://www.gsmarena.com/blu_studio_x10l-11094.php → 200
2026-05-29 20:31:36,601 | INFO |       📱 BLU Studio X10L | Main=8.0MP | Selfie=2.0MP | AnTuTu=None | Price=$None | IP=None | Populated=39/68 fields
2026-05-29 20:31:36,606 | INFO |   💾 [35/405] saved
2026-05-29 20:31:36,606 | INFO | 
  [36/405]
2026-05-29 20:31:36,606 | INFO |   ⏳ 44.2s (req #506)
2026-05-29 20:32:22,633 | INFO |   GET https://www.gsmarena.com/blu_g91_pro-11073.php → 200
2026-05-29 20:32:22,653 | INFO |       📱 BLU G91 Pro | Main=48.0MP | Selfie=16.0MP | AnTuTu=None | Price=$None | IP=None | Populated=45/68 fields
2026-05-29 20:32:22,657 | INFO |   💾 [36/405] saved
2026-05-29 20:32:22,657 | INFO | 
  [37/405]
2026-05-29 20:32:22,658 | INFO |   ⏳ 28.8s (req #507)
2026-05-29 20:32:53,327 | INFO |   GET https://www.gsmarena.com/blu_j9l-10973.php → 200
2026-05-29 20:32:53,345 | INFO |       📱 BLU J9L | Main=8.0MP | Selfie=8.0MP | AnTuTu=None | Price=$None | IP=None | Populated=37/68 fields
2026-05-29 20:32:53,349 | INFO |   💾 [37/405] saved
2026-05-29 20:32:53,350 | INFO | 
  [38/405]
2026-05-29 20:32:53,350 | INFO |   ⏳ 26.6s (req #508)
2026-05-29 20:33:21,245 | INFO |   GET https://www.gsmarena.com/blu_g51_plus-10934.php → 200
2026-05-29 20:33:21,279 | INFO |       📱 BLU G51 Plus | Main=13.0MP | Selfie=8.0MP | AnTuTu=None | Price=$None | IP=None | Populated=38/68 fields
2026-05-29 20:33:21,284 | INFO |   💾 [38/405] saved
2026-05-29 20:33:21,284 | INFO | 
  [39/405]
2026-05-29 20:33:21,284 | INFO |   ⏳ 23.1s (req #509)
2026-05-29 20:33:46,104 | INFO |   GET https://www.gsmarena.com/blu_c7-10935.php → 200
2026-05-29 20:33:46,121 | INFO |       📱 BLU C7 | Main=8.0MP | Selfie=8.0MP | AnTuTu=None | Price=$None | IP=None | Populated=38/68 fields
2026-05-29 20:33:46,127 | INFO |   💾 [39/405] saved
2026-05-29 20:33:46,127 | INFO | 
  [40/405]
2026-05-29 20:33:46,127 | INFO |   ☕ Long pause 295s ...
2026-05-29 20:38:41,871 | INFO |   GET https://www.gsmarena.com/blu_view_2-10915.php → 200
2026-05-29 20:38:41,899 | INFO |       📱 BLU View 2 | Main=13.0MP | Selfie=8.0MP | AnTuTu=None | Price=$None | IP=None | Populated=41/68 fields
2026-05-29 20:38:41,903 | INFO |   💾 [40/405] saved
2026-05-29 20:38:41,903 | INFO | 
  [41/405]
2026-05-29 20:38:41,903 | INFO |   ⏳ 33.0s (req #511)
2026-05-29 20:39:15,572 | INFO |   GET https://www.gsmarena.com/blu_g91-10781.php → 200
2026-05-29 20:39:15,594 | INFO |       📱 BLU G91 | Main=16.0MP | Selfie=16.0MP | AnTuTu=None | Price=$None | IP=None | Populated=38/68 fields
2026-05-29 20:39:15,599 | INFO |   💾 [41/405] saved
2026-05-29 20:39:15,599 | INFO | 
  [42/405]
2026-05-29 20:39:15,599 | INFO |   ⏳ 30.4s (req #512)
2026-05-29 20:39:46,557 | INFO |   GET https://www.gsmarena.com/blu_g71-10745.php → 200
2026-05-29 20:39:46,579 | INFO |       📱 BLU G71 | Main=13.0MP | Selfie=13.0MP | AnTuTu=None | Price=$None | IP=None | Populated=39/68 fields
2026-05-29 20:39:46,583 | INFO |   💾 [42/405] saved
2026-05-29 20:39:46,584 | INFO | 
  [43/405]
2026-05-29 20:39:46,584 | INFO |   ⏳ 24.8s (req #513)
2026-05-29 20:40:11,975 | INFO |   GET https://www.gsmarena.com/blu_studio_x12-10741.php → 200
2026-05-29 20:40:11,995 | INFO |       📱 BLU Studio X12 | Main=8.0MP | Selfie=8.0MP | AnTuTu=None | Price=$None | IP=None | Populated=38/68 fields
2026-05-29 20:40:11,999 | INFO |   💾 [43/405] saved
2026-05-29 20:40:11,999 | INFO | 
  [44/405]
2026-05-29 20:40:12,000 | INFO |   ⏳ 20.5s (req #514)
2026-05-29 20:40:33,035 | INFO |   GET https://www.gsmarena.com/blu_g61-10730.php → 200
2026-05-29 20:40:33,055 | INFO |       📱 BLU G61 | Main=13.0MP | Selfie=8.0MP | AnTuTu=None | Price=$None | IP=None | Populated=39/68 fields
2026-05-29 20:40:33,061 | INFO |   💾 [44/405] saved
2026-05-29 20:40:33,061 | INFO | 
  [45/405]
2026-05-29 20:40:33,062 | INFO |   ⏳ 18.6s (req #515)
2026-05-29 20:40:52,266 | INFO |   GET https://www.gsmarena.com/blu_studio_x10+-10729.php → 200
2026-05-29 20:40:52,300 | INFO |       📱 BLU Studio X10+ | Main=8.0MP | Selfie=8.0MP | AnTuTu=None | Price=$None | IP=None | Populated=38/68 fields
2026-05-29 20:40:52,304 | INFO |   💾 [45/405] saved
2026-05-29 20:40:52,304 | INFO | 
  [46/405]
2026-05-29 20:40:52,304 | INFO |   ⏳ 27.0s (req #516)
2026-05-29 20:41:19,869 | INFO |   GET https://www.gsmarena.com/blu_a5l-10731.php → 200
2026-05-29 20:41:19,891 | INFO |       📱 BLU A5L | Main=5.0MP | Selfie=2.0MP | AnTuTu=None | Price=$None | IP=None | Populated=38/68 fields
2026-05-29 20:41:19,894 | INFO |   💾 [46/405] saved
2026-05-29 20:41:19,895 | INFO | 
  [47/405]
2026-05-29 20:41:19,895 | INFO |   ⏳ 20.6s (req #517)
2026-05-29 20:41:41,068 | INFO |   GET https://www.gsmarena.com/blu_m7l-10732.php → 200
2026-05-29 20:41:41,088 | INFO |       📱 BLU M7L | Main=5.0MP | Selfie=2.0MP | AnTuTu=None | Price=$None | IP=None | Populated=38/68 fields
2026-05-29 20:41:41,093 | INFO |   💾 [47/405] saved
2026-05-29 20:41:41,093 | INFO | 
  [48/405]
2026-05-29 20:41:41,093 | INFO |   ⏳ 37.0s (req #518)
2026-05-29 20:42:18,613 | INFO |   GET https://www.gsmarena.com/blu_view_mega-10640.php → 200
2026-05-29 20:42:18,632 | INFO |       📱 BLU View Mega | Main=13.0MP | Selfie=8.0MP | AnTuTu=None | Price=$None | IP=None | Populated=40/68 fields
2026-05-29 20:42:18,637 | INFO |   💾 [48/405] saved
2026-05-29 20:42:18,638 | INFO | 
  [49/405]
2026-05-29 20:42:18,638 | INFO |   ⏳ 18.7s (req #519)
2026-05-29 20:42:37,884 | INFO |   GET https://www.gsmarena.com/blu_g50_mega-10607.php → 200
2026-05-29 20:42:37,909 | INFO |       📱 BLU G50 Mega | Main=12.0MP | Selfie=8.0MP | AnTuTu=None | Price=$None | IP=None | Populated=41/68 fields
2026-05-29 20:42:37,913 | INFO |   💾 [49/405] saved
2026-05-29 20:42:37,913 | INFO | 
  [50/405]
2026-05-29 20:42:37,913 | INFO |   ⏳ 39.0s (req #520)
2026-05-29 20:43:17,736 | INFO |   GET https://www.gsmarena.com/blu_j7l-10535.php → 200
2026-05-29 20:43:17,756 | INFO |       📱 BLU J7L | Main=8.0MP | Selfie=8.0MP | AnTuTu=None | Price=$None | IP=None | Populated=39/68 fields
2026-05-29 20:43:17,761 | INFO |   💾 [50/405] saved
2026-05-29 20:43:17,761 | INFO |   [51/405] SKIP xiaomi_17t_pro_5g-14651.php
2026-05-29 20:43:17,761 | INFO |   [52/405] SKIP xiaomi_17t_5g-14652.php
2026-05-29 20:43:17,762 | INFO | 🛑 Cap (500) — saving
2026-05-29 21:00:20,985 | INFO | ============================================================
2026-05-29 21:00:20,985 | INFO | BATCH 5 — ZTE | Alcatel | BLU | Honor
2026-05-29 21:00:20,985 | INFO | Phones ~1,539  |  Time: 8–10 hours
2026-05-29 21:00:20,986 | INFO | Columns: 68 | Method: data-spec attributes
2026-05-29 21:00:20,986 | INFO | Started: 2026-05-29 21:00:20
2026-05-29 21:00:20,986 | INFO | ============================================================
2026-05-29 21:00:20,986 | INFO | Checking connection ...
2026-05-29 21:00:22,085 | INFO |   ✅ Connected (attempt 1)
2026-05-29 21:00:22,098 | INFO | Resuming: 500 done | 0 retry queue
2026-05-29 21:00:22,098 | INFO |   ▶ First request — no delay
2026-05-29 21:00:23,275 | INFO |   GET https://www.gsmarena.com/makers.php3 → 200
2026-05-29 21:00:23,294 | INFO | ✅ 126 brands
2026-05-29 21:00:23,295 | INFO | Matched: ['Alcatel', 'Blu', 'Honor', 'Zte']
2026-05-29 21:00:23,295 | INFO | [1/4] SKIP Alcatel
2026-05-29 21:00:23,295 | INFO | 
============================================================
2026-05-29 21:00:23,295 | INFO | [2/4] Blu (369 phones)
2026-05-29 21:00:23,295 | INFO | Elapsed: 0min
2026-05-29 21:00:23,295 | INFO | ============================================================
2026-05-29 21:00:23,310 | INFO |   📋 Loaded 405 links from cache — no web requests needed
2026-05-29 21:00:23,310 | INFO |   [1/405] SKIP blu_bold_n3-12603.php
2026-05-29 21:00:23,311 | INFO |   [2/405] SKIP blu_g93-12460.php
2026-05-29 21:00:23,312 | INFO |   [3/405] SKIP blu_g73-12459.php
2026-05-29 21:00:23,312 | INFO |   [4/405] SKIP blu_g63-12458.php
2026-05-29 21:00:23,313 | INFO |   [5/405] SKIP blu_g53-12457.php
2026-05-29 21:00:23,313 | INFO |   [6/405] SKIP blu_g33-12456.php
2026-05-29 21:00:23,313 | INFO |   [7/405] SKIP blu_f92e-12153.php
2026-05-29 21:00:23,314 | INFO |   [8/405] SKIP blu_g72_max-12110.php
2026-05-29 21:00:23,314 | INFO |   [9/405] SKIP blu_g52l-12102.php
2026-05-29 21:00:23,314 | INFO |   [10/405] SKIP blu_studio_x5_max-11830.php
2026-05-29 21:00:23,315 | INFO |   [11/405] SKIP blu_studio_x5-11829.php
2026-05-29 21:00:23,315 | INFO |   [12/405] SKIP blu_g40-11828.php
2026-05-29 21:00:23,315 | INFO |   [13/405] SKIP blu_bold_n2-11757.php
2026-05-29 21:00:23,315 | INFO |   [14/405] SKIP blu_studio_x10l_2022-11716.php
2026-05-29 21:00:23,317 | INFO |   [15/405] SKIP blu_s91_pro-11715.php
2026-05-29 21:00:23,319 | INFO |   [16/405] SKIP blu_j6s-11673.php
2026-05-29 21:00:23,320 | INFO |   [17/405] SKIP blu_c7x-11672.php
2026-05-29 21:00:23,320 | INFO |   [18/405] SKIP blu_s91-11643.php
2026-05-29 21:00:23,322 | INFO |   [19/405] SKIP blu_g51-11623.php
2026-05-29 21:00:23,323 | INFO |   [20/405] SKIP blu_g61s-11536.php
2026-05-29 21:00:23,323 | INFO |   [21/405] SKIP blu_g50_mega_2022-11509.php
2026-05-29 21:00:23,324 | INFO |   [22/405] SKIP blu_f91-11483.php
2026-05-29 21:00:23,324 | INFO |   [23/405] SKIP blu_g71l-11398.php
2026-05-29 21:00:23,325 | INFO |   [24/405] SKIP blu_g91_max-11376.php
2026-05-29 21:00:23,325 | INFO |   [25/405] SKIP blu_g71+-11369.php
2026-05-29 21:00:23,325 | INFO |   [26/405] SKIP blu_m8l_2022-11368.php
2026-05-29 21:00:23,325 | INFO |   [27/405] SKIP blu_g51s-11348.php
2026-05-29 21:00:23,325 | INFO |   [28/405] SKIP blu_c5_max-11319.php
2026-05-29 21:00:23,325 | INFO |   [29/405] SKIP blu_studio_x10_2022-11318.php
2026-05-29 21:00:23,326 | INFO |   [30/405] SKIP blu_c5l_max-11273.php
2026-05-29 21:00:23,327 | INFO |   [31/405] SKIP blu_g91s-11264.php
2026-05-29 21:00:23,327 | INFO |   [32/405] SKIP blu_view_3-11258.php
2026-05-29 21:00:23,327 | INFO |   [33/405] SKIP blu_m8l_plus-11096.php
2026-05-29 21:00:23,328 | INFO |   [34/405] SKIP blu_m8l-11095.php
2026-05-29 21:00:23,328 | INFO |   [35/405] SKIP blu_studio_x10l-11094.php
2026-05-29 21:00:23,329 | INFO |   [36/405] SKIP blu_g91_pro-11073.php
2026-05-29 21:00:23,329 | INFO |   [37/405] SKIP blu_j9l-10973.php
2026-05-29 21:00:23,329 | INFO |   [38/405] SKIP blu_g51_plus-10934.php
2026-05-29 21:00:23,329 | INFO |   [39/405] SKIP blu_c7-10935.php
2026-05-29 21:00:23,330 | INFO |   [40/405] SKIP blu_view_2-10915.php
2026-05-29 21:00:23,330 | INFO |   [41/405] SKIP blu_g91-10781.php
2026-05-29 21:00:23,330 | INFO |   [42/405] SKIP blu_g71-10745.php
2026-05-29 21:00:23,331 | INFO |   [43/405] SKIP blu_studio_x12-10741.php
2026-05-29 21:00:23,331 | INFO |   [44/405] SKIP blu_g61-10730.php
2026-05-29 21:00:23,331 | INFO |   [45/405] SKIP blu_studio_x10+-10729.php
2026-05-29 21:00:23,331 | INFO |   [46/405] SKIP blu_a5l-10731.php
2026-05-29 21:00:23,332 | INFO |   [47/405] SKIP blu_m7l-10732.php
2026-05-29 21:00:23,334 | INFO |   [48/405] SKIP blu_view_mega-10640.php
2026-05-29 21:00:23,334 | INFO |   [49/405] SKIP blu_g50_mega-10607.php
2026-05-29 21:00:23,335 | INFO |   [50/405] SKIP blu_j7l-10535.php
2026-05-29 21:00:23,335 | INFO |   [51/405] SKIP xiaomi_17t_pro_5g-14651.php
2026-05-29 21:00:23,335 | INFO |   [52/405] SKIP xiaomi_17t_5g-14652.php
2026-05-29 21:00:23,335 | INFO | 
  [53/405]
2026-05-29 21:00:23,335 | INFO |   ⏳ 16.9s (req #2)
2026-05-29 21:00:28,265 | INFO | ============================================================
2026-05-29 21:00:28,266 | INFO | BATCH 5 — ZTE | Alcatel | BLU | Honor
2026-05-29 21:00:28,266 | INFO | Phones ~1,539  |  Time: 8–10 hours
2026-05-29 21:00:28,266 | INFO | Columns: 68 | Method: data-spec attributes
2026-05-29 21:00:28,267 | INFO | Started: 2026-05-29 21:00:28
2026-05-29 21:00:28,267 | INFO | ============================================================
2026-05-29 21:00:28,267 | INFO | Checking connection ...
2026-05-29 21:00:29,499 | INFO |   ✅ Connected (attempt 1)
2026-05-29 21:00:29,501 | INFO | Resuming: 500 done | 0 retry queue
2026-05-29 21:00:29,501 | INFO |   ▶ First request — no delay
2026-05-29 21:00:30,661 | INFO |   GET https://www.gsmarena.com/makers.php3 → 200
2026-05-29 21:00:30,691 | INFO | ✅ 126 brands
2026-05-29 21:00:30,692 | INFO | Matched: ['Alcatel', 'Blu', 'Honor', 'Zte']
2026-05-29 21:00:30,692 | INFO | [1/4] SKIP Alcatel
2026-05-29 21:00:30,692 | INFO | 
============================================================
2026-05-29 21:00:30,693 | INFO | [2/4] Blu (369 phones)
2026-05-29 21:00:30,693 | INFO | Elapsed: 0min
2026-05-29 21:00:30,693 | INFO | ============================================================
2026-05-29 21:00:30,694 | INFO |   📋 Loaded 405 links from cache — no web requests needed
2026-05-29 21:00:30,694 | INFO |   [1/405] SKIP blu_bold_n3-12603.php
2026-05-29 21:00:30,694 | INFO |   [2/405] SKIP blu_g93-12460.php
2026-05-29 21:00:30,694 | INFO |   [3/405] SKIP blu_g73-12459.php
2026-05-29 21:00:30,694 | INFO |   [4/405] SKIP blu_g63-12458.php
2026-05-29 21:00:30,695 | INFO |   [5/405] SKIP blu_g53-12457.php
2026-05-29 21:00:30,695 | INFO |   [6/405] SKIP blu_g33-12456.php
2026-05-29 21:00:30,695 | INFO |   [7/405] SKIP blu_f92e-12153.php
2026-05-29 21:00:30,696 | INFO |   [8/405] SKIP blu_g72_max-12110.php
2026-05-29 21:00:30,696 | INFO |   [9/405] SKIP blu_g52l-12102.php
2026-05-29 21:00:30,696 | INFO |   [10/405] SKIP blu_studio_x5_max-11830.php
2026-05-29 21:00:30,696 | INFO |   [11/405] SKIP blu_studio_x5-11829.php
2026-05-29 21:00:30,696 | INFO |   [12/405] SKIP blu_g40-11828.php
2026-05-29 21:00:30,696 | INFO |   [13/405] SKIP blu_bold_n2-11757.php
2026-05-29 21:00:30,697 | INFO |   [14/405] SKIP blu_studio_x10l_2022-11716.php
2026-05-29 21:00:30,697 | INFO |   [15/405] SKIP blu_s91_pro-11715.php
2026-05-29 21:00:30,697 | INFO |   [16/405] SKIP blu_j6s-11673.php
2026-05-29 21:00:30,697 | INFO |   [17/405] SKIP blu_c7x-11672.php
2026-05-29 21:00:30,698 | INFO |   [18/405] SKIP blu_s91-11643.php
2026-05-29 21:00:30,698 | INFO |   [19/405] SKIP blu_g51-11623.php
2026-05-29 21:00:30,698 | INFO |   [20/405] SKIP blu_g61s-11536.php
2026-05-29 21:00:30,698 | INFO |   [21/405] SKIP blu_g50_mega_2022-11509.php
2026-05-29 21:00:30,699 | INFO |   [22/405] SKIP blu_f91-11483.php
2026-05-29 21:00:30,699 | INFO |   [23/405] SKIP blu_g71l-11398.php
2026-05-29 21:00:30,699 | INFO |   [24/405] SKIP blu_g91_max-11376.php
2026-05-29 21:00:30,700 | INFO |   [25/405] SKIP blu_g71+-11369.php
2026-05-29 21:00:30,700 | INFO |   [26/405] SKIP blu_m8l_2022-11368.php
2026-05-29 21:00:30,701 | INFO |   [27/405] SKIP blu_g51s-11348.php
2026-05-29 21:00:30,701 | INFO |   [28/405] SKIP blu_c5_max-11319.php
2026-05-29 21:00:30,701 | INFO |   [29/405] SKIP blu_studio_x10_2022-11318.php
2026-05-29 21:00:30,701 | INFO |   [30/405] SKIP blu_c5l_max-11273.php
2026-05-29 21:00:30,701 | INFO |   [31/405] SKIP blu_g91s-11264.php
2026-05-29 21:00:30,701 | INFO |   [32/405] SKIP blu_view_3-11258.php
2026-05-29 21:00:30,702 | INFO |   [33/405] SKIP blu_m8l_plus-11096.php
2026-05-29 21:00:30,702 | INFO |   [34/405] SKIP blu_m8l-11095.php
2026-05-29 21:00:30,702 | INFO |   [35/405] SKIP blu_studio_x10l-11094.php
2026-05-29 21:00:30,702 | INFO |   [36/405] SKIP blu_g91_pro-11073.php
2026-05-29 21:00:30,703 | INFO |   [37/405] SKIP blu_j9l-10973.php
2026-05-29 21:00:30,703 | INFO |   [38/405] SKIP blu_g51_plus-10934.php
2026-05-29 21:00:30,703 | INFO |   [39/405] SKIP blu_c7-10935.php
2026-05-29 21:00:30,703 | INFO |   [40/405] SKIP blu_view_2-10915.php
2026-05-29 21:00:30,703 | INFO |   [41/405] SKIP blu_g91-10781.php
2026-05-29 21:00:30,703 | INFO |   [42/405] SKIP blu_g71-10745.php
2026-05-29 21:00:30,704 | INFO |   [43/405] SKIP blu_studio_x12-10741.php
2026-05-29 21:00:30,704 | INFO |   [44/405] SKIP blu_g61-10730.php
2026-05-29 21:00:30,704 | INFO |   [45/405] SKIP blu_studio_x10+-10729.php
2026-05-29 21:00:30,704 | INFO |   [46/405] SKIP blu_a5l-10731.php
2026-05-29 21:00:30,704 | INFO |   [47/405] SKIP blu_m7l-10732.php
2026-05-29 21:00:30,704 | INFO |   [48/405] SKIP blu_view_mega-10640.php
2026-05-29 21:00:30,704 | INFO |   [49/405] SKIP blu_g50_mega-10607.php
2026-05-29 21:00:30,705 | INFO |   [50/405] SKIP blu_j7l-10535.php
2026-05-29 21:00:30,705 | INFO |   [51/405] SKIP xiaomi_17t_pro_5g-14651.php
2026-05-29 21:00:30,705 | INFO |   [52/405] SKIP xiaomi_17t_5g-14652.php
2026-05-29 21:00:30,705 | INFO | 
  [53/405]
2026-05-29 21:00:30,705 | INFO |   ⏳ 39.8s (req #2)
2026-05-29 21:01:11,378 | INFO |   GET https://www.gsmarena.com/vivo_t5-14697.php → 200
2026-05-29 21:01:11,404 | INFO |       📱 vivo T5 | Main=50.0MP | Selfie=32.0MP | AnTuTu=None | Price=$None | IP=IP68 | Populated=47/68 fields
2026-05-29 21:01:11,408 | INFO |   💾 [1/405] saved
2026-05-29 21:01:11,409 | INFO |   [54/405] SKIP zte_nubia_redmagic_11s_pro_5g-14669.php
2026-05-29 21:01:11,409 | INFO |   [55/405] SKIP vivo_s60_5g-14692.php
2026-05-29 21:01:11,410 | INFO |   [56/405] SKIP ulefone_tab_a12_pro-14695.php
2026-05-29 21:01:11,410 | INFO |   [57/405] SKIP xiaomi_17_max_5g-14667.php
2026-05-29 21:01:11,410 | INFO |   [58/405] SKIP vivo_s60_vitality_5g-14693.php
2026-05-29 21:01:11,411 | INFO |   [59/405] SKIP vivo_y600_turbo_5g-14687.php
2026-05-29 21:01:11,411 | INFO |   [60/405] SKIP xiaomi_watch_s5-14696.php
2026-05-29 21:01:11,411 | INFO |   [61/405] SKIP realme_16t_5g-14674.php
2026-05-29 21:01:11,411 | INFO |   [62/405] SKIP honor_600_5g-14605.php
2026-05-29 21:01:11,411 | INFO |   [63/405] SKIP sony_xperia_1_viii_5g-14660.php
2026-05-29 21:01:11,411 | INFO |   [64/405] SKIP honor_600_pro_5g-14604.php
2026-05-29 21:01:11,411 | INFO |   [65/405] SKIP motorola_moto_g87_5g-14644.php
2026-05-29 21:01:11,412 | INFO |   [66/405] SKIP motorola_moto_g47-14645.php
2026-05-29 21:01:11,412 | INFO |   [67/405] SKIP motorola_razr_70_ultra-14641.php
2026-05-29 21:01:11,412 | INFO |   [68/405] SKIP motorola_razr_70-14643.php
2026-05-29 21:01:11,412 | INFO |   [69/405] SKIP samsung_galaxy_a57-14379.php
2026-05-29 21:01:11,413 | INFO |   [70/405] SKIP xiaomi_17t_pro-14651.php
2026-05-29 21:01:11,413 | INFO |   [71/405] SKIP samsung_galaxy_s26_ultra-14320.php
2026-05-29 21:01:11,413 | INFO |   [72/405] SKIP xiaomi_17_max-14667.php
2026-05-29 21:01:11,414 | INFO |   [73/405] SKIP xiaomi_17t-14652.php
2026-05-29 21:01:11,414 | INFO |   [74/405] SKIP samsung_galaxy_a17-14041.php
2026-05-29 21:01:11,414 | INFO |   [75/405] SKIP apple_iphone_17_pro_max-13964.php
2026-05-29 21:01:11,414 | INFO |   [76/405] SKIP sony_xperia_1_viii-14660.php
2026-05-29 21:01:11,415 | INFO |   [77/405] SKIP xiaomi_redmi_note_15-14328.php
2026-05-29 21:01:11,415 | INFO | 
  [78/405]
2026-05-29 21:01:11,415 | INFO |   ⏳ 26.4s (req #3)
2026-05-29 21:01:39,861 | INFO |   GET https://www.gsmarena.com/honor_600_pro-14604.php → 200
2026-05-29 21:01:39,924 | INFO |       📱 Honor 600 Pro | Main=200.0MP | Selfie=50.0MP | AnTuTu=2221352 | Price=$835.26 | IP=IP68 | Populated=60/68 fields
2026-05-29 21:01:39,928 | INFO |   💾 [2/405] saved
2026-05-29 21:01:39,928 | INFO |   [79/405] SKIP samsung_galaxy_a56-13603.php
2026-05-29 21:01:39,928 | INFO |   [80/405] SKIP xiaomi_15_ultra-13657.php
2026-05-29 21:01:39,928 | INFO |   [81/405] SKIP xiaomi_poco_x7_pro-13582.php
2026-05-29 21:01:39,929 | INFO |   [82/405] SKIP xiaomi_17_pro_max-14181.php
2026-05-29 21:01:39,929 | INFO |   [83/405] SKIP oneplus_15-14206.php
2026-05-29 21:01:39,930 | INFO |   [84/405] SKIP samsung_galaxy_s25-13610.php
2026-05-29 21:01:39,930 | INFO |   [85/405] SKIP xiaomi_17_ultra-14380.php
2026-05-29 21:01:39,930 | INFO |   [86/405] SKIP oppo_find_x9_pro-14094.php
2026-05-29 21:01:39,930 | INFO | 
  [87/405]
2026-05-29 21:01:39,931 | INFO |   ⏳ 34.2s (req #4)
2026-05-29 21:02:15,103 | INFO |   GET https://www.gsmarena.com/blu_j5l-10536.php → 200
2026-05-29 21:02:15,126 | INFO |       📱 BLU J5L | Main=8.0MP | Selfie=8.0MP | AnTuTu=None | Price=$None | IP=None | Populated=38/68 fields
2026-05-29 21:02:15,130 | INFO |   💾 [3/405] saved
2026-05-29 21:02:15,131 | INFO | 
  [88/405]
2026-05-29 21:02:15,131 | INFO |   ⏳ 33.1s (req #5)
2026-05-29 21:02:49,131 | INFO |   GET https://www.gsmarena.com/blu_j6_2020-10537.php → 200
2026-05-29 21:02:49,156 | INFO |       📱 BLU J6 2020 | Main=8.0MP | Selfie=8.0MP | AnTuTu=None | Price=$None | IP=None | Populated=39/68 fields
2026-05-29 21:02:49,161 | INFO |   💾 [4/405] saved
2026-05-29 21:02:49,162 | INFO | 
  [89/405]
2026-05-29 21:02:49,162 | INFO |   ⏳ 36.7s (req #6)
2026-05-29 21:03:27,113 | INFO |   GET https://www.gsmarena.com/blu_c6l_2020-10538.php → 200
2026-05-29 21:03:27,148 | INFO |       📱 BLU C6L 2020 | Main=8.0MP | Selfie=8.0MP | AnTuTu=None | Price=$None | IP=None | Populated=39/68 fields
2026-05-29 21:03:27,153 | INFO |   💾 [5/405] saved
2026-05-29 21:03:27,153 | INFO | 
  [90/405]
2026-05-29 21:03:27,153 | INFO |   ⏳ 42.6s (req #7)
2026-05-29 21:04:10,671 | INFO |   GET https://www.gsmarena.com/blu_c5l_2020-10540.php → 200
2026-05-29 21:04:10,701 | INFO |       📱 BLU C5L 2020 | Main=8.0MP | Selfie=8.0MP | AnTuTu=None | Price=$None | IP=None | Populated=39/68 fields
2026-05-29 21:04:10,706 | INFO |   💾 [6/405] saved
2026-05-29 21:04:10,707 | INFO | 
  [91/405]
2026-05-29 21:04:10,708 | INFO |   ⏳ 37.6s (req #8)
2026-05-29 21:04:49,238 | INFO |   GET https://www.gsmarena.com/blu_c6_2020-10539.php → 200
2026-05-29 21:04:49,261 | INFO |       📱 BLU C6 2020 | Main=8.0MP | Selfie=8.0MP | AnTuTu=None | Price=$None | IP=None | Populated=39/68 fields
2026-05-29 21:04:49,267 | INFO |   💾 [7/405] saved
2026-05-29 21:04:49,267 | INFO | 
  [92/405]
2026-05-29 21:04:49,267 | INFO |   ⏳ 24.7s (req #9)
2026-05-29 21:05:14,923 | INFO |   GET https://www.gsmarena.com/blu_g50_plus-10470.php → 200
2026-05-29 21:05:14,953 | INFO |       📱 BLU G50 Plus | Main=13.0MP | Selfie=8.0MP | AnTuTu=None | Price=$None | IP=None | Populated=40/68 fields
2026-05-29 21:05:14,961 | INFO |   💾 [8/405] saved
2026-05-29 21:05:14,962 | INFO | 
  [93/405]
2026-05-29 21:05:14,962 | INFO |   ⏳ 24.5s (req #10)
2026-05-29 21:05:40,481 | INFO |   GET https://www.gsmarena.com/blu_g50-10453.php → 200
2026-05-29 21:05:40,508 | INFO |       📱 BLU G50 | Main=13.0MP | Selfie=8.0MP | AnTuTu=None | Price=$None | IP=None | Populated=40/68 fields
2026-05-29 21:05:40,513 | INFO |   💾 [9/405] saved
2026-05-29 21:05:40,513 | INFO | 
  [94/405]
2026-05-29 21:05:40,513 | INFO |   ⏳ 34.2s (req #11)
2026-05-29 21:06:15,764 | INFO |   GET https://www.gsmarena.com/blu_g90_pro-10403.php → 200
2026-05-29 21:06:15,789 | INFO |       📱 BLU G90 Pro | Main=48.0MP | Selfie=32.0MP | AnTuTu=None | Price=$None | IP=None | Populated=46/68 fields
2026-05-29 21:06:15,794 | INFO |   💾 [10/405] saved
2026-05-29 21:06:15,794 | INFO | 
  [95/405]
2026-05-29 21:06:15,795 | INFO |   ⏳ 19.2s (req #12)
2026-05-29 21:06:36,049 | INFO |   GET https://www.gsmarena.com/blu_studio_x10-10359.php → 200
2026-05-29 21:06:36,078 | INFO |       📱 BLU Studio X10 | Main=8.0MP | Selfie=5.0MP | AnTuTu=None | Price=$None | IP=None | Populated=41/68 fields
2026-05-29 21:06:36,082 | INFO |   💾 [11/405] saved
2026-05-29 21:06:36,083 | INFO | 
  [96/405]
2026-05-29 21:06:36,083 | INFO |   ⏳ 42.5s (req #13)
2026-05-29 21:07:19,560 | INFO |   GET https://www.gsmarena.com/blu_g90-10313.php → 200
2026-05-29 21:07:19,587 | INFO |       📱 BLU G90 | Main=16.0MP | Selfie=13.0MP | AnTuTu=None | Price=$None | IP=None | Populated=44/68 fields
2026-05-29 21:07:19,593 | INFO |   💾 [12/405] saved
2026-05-29 21:07:19,593 | INFO | 
  [97/405]
2026-05-29 21:07:19,593 | INFO |   ⏳ 43.2s (req #14)
2026-05-29 21:08:03,866 | INFO |   GET https://www.gsmarena.com/blu_g80-10312.php → 200
2026-05-29 21:08:03,891 | INFO |       📱 BLU G80 | Main=13.0MP | Selfie=13.0MP | AnTuTu=None | Price=$None | IP=None | Populated=44/68 fields
2026-05-29 21:08:03,896 | INFO |   💾 [13/405] saved
2026-05-29 21:08:03,896 | INFO | 
  [98/405]
2026-05-29 21:08:03,896 | INFO |   ⏳ 25.8s (req #15)
2026-05-29 21:08:30,771 | INFO |   GET https://www.gsmarena.com/blu_studio_x9_hd-10160.php → 200
2026-05-29 21:08:30,798 | INFO |       📱 BLU Studio X9 HD | Main=8.0MP | Selfie=5.0MP | AnTuTu=None | Price=$None | IP=None | Populated=40/68 fields
2026-05-29 21:08:30,804 | INFO |   💾 [14/405] saved
2026-05-29 21:08:30,805 | INFO | 
  [99/405]
2026-05-29 21:08:30,807 | INFO |   ⏳ 18.7s (req #16)
2026-05-29 21:08:50,571 | INFO |   GET https://www.gsmarena.com/blu_j6-10107.php → 200
2026-05-29 21:08:50,611 | INFO |       📱 BLU J6 | Main=8.0MP | Selfie=8.0MP | AnTuTu=None | Price=$None | IP=None | Populated=43/68 fields
2026-05-29 21:08:50,616 | INFO |   💾 [15/405] saved
2026-05-29 21:08:50,616 | INFO | 
  [100/405]
2026-05-29 21:08:50,617 | INFO |   ⏳ 17.9s (req #17)
2026-05-29 21:09:09,540 | INFO |   GET https://www.gsmarena.com/blu_j4-10106.php → 200
2026-05-29 21:09:09,565 | INFO |       📱 BLU J4 | Main=8.0MP | Selfie=8.0MP | AnTuTu=None | Price=$None | IP=None | Populated=39/68 fields
2026-05-29 21:09:09,570 | INFO |   💾 [16/405] saved
2026-05-29 21:09:09,570 | INFO | 
  [101/405]
2026-05-29 21:09:09,570 | INFO |   ⏳ 24.3s (req #18)
2026-05-29 21:09:34,887 | INFO |   GET https://www.gsmarena.com/blu_j2-10105.php → 200
2026-05-29 21:09:34,910 | INFO |       📱 BLU J2 | Main=5.0MP | Selfie=5.0MP | AnTuTu=None | Price=$None | IP=None | Populated=39/68 fields
2026-05-29 21:09:34,914 | INFO |   💾 [17/405] saved
2026-05-29 21:09:34,914 | INFO | 
  [102/405]
2026-05-29 21:09:34,914 | INFO |   ⏳ 32.8s (req #19)
2026-05-29 21:10:08,769 | INFO |   GET https://www.gsmarena.com/blu_tank_xtreme-10047.php → 200
2026-05-29 21:10:08,790 | INFO |       📱 BLU Tank Xtreme | Main=13.0MP | Selfie=8.0MP | AnTuTu=None | Price=$None | IP=IP68 | Populated=40/68 fields
2026-05-29 21:10:08,794 | INFO |   💾 [18/405] saved
2026-05-29 21:10:08,795 | INFO | 
  [103/405]
2026-05-29 21:10:08,796 | INFO |   ⏳ 31.0s (req #20)
2026-05-29 21:10:40,842 | INFO |   GET https://www.gsmarena.com/blu_g70-10046.php → 200
2026-05-29 21:10:40,864 | INFO |       📱 BLU G70 | Main=13.0MP | Selfie=8.0MP | AnTuTu=None | Price=$None | IP=None | Populated=39/68 fields
2026-05-29 21:10:40,867 | INFO |   💾 [19/405] saved
2026-05-29 21:10:40,868 | INFO | 
  [104/405]
2026-05-29 21:10:40,868 | INFO |   ⏳ 33.2s (req #21)
2026-05-29 21:11:15,047 | INFO |   GET https://www.gsmarena.com/blu_g60-10045.php → 200
2026-05-29 21:11:15,073 | INFO |       📱 BLU G60 | Main=13.0MP | Selfie=13.0MP | AnTuTu=None | Price=$None | IP=None | Populated=39/68 fields
2026-05-29 21:11:15,078 | INFO |   💾 [20/405] saved
2026-05-29 21:11:15,078 | INFO | 
  [105/405]
2026-05-29 21:11:15,078 | INFO |   ⏳ 16.3s (req #22)
2026-05-29 21:11:32,337 | INFO |   GET https://www.gsmarena.com/blu_view_1-9994.php → 200
2026-05-29 21:11:32,368 | INFO |       📱 BLU View 1 | Main=8.0MP | Selfie=5.0MP | AnTuTu=None | Price=$None | IP=None | Populated=40/68 fields
2026-05-29 21:11:32,372 | INFO |   💾 [21/405] saved
2026-05-29 21:11:32,373 | INFO | 
  [106/405]
2026-05-29 21:11:32,373 | INFO |   ⏳ 24.7s (req #23)
2026-05-29 21:11:58,264 | INFO |   GET https://www.gsmarena.com/blu_c5_plus-9968.php → 200
2026-05-29 21:11:58,287 | INFO |       📱 BLU C5 Plus | Main=8.0MP | Selfie=8.0MP | AnTuTu=None | Price=$None | IP=None | Populated=38/68 fields
2026-05-29 21:11:58,293 | INFO |   💾 [22/405] saved
2026-05-29 21:11:58,293 | INFO | 
  [107/405]
2026-05-29 21:11:58,293 | INFO |   ⏳ 43.0s (req #24)
2026-05-29 21:12:42,251 | INFO |   GET https://www.gsmarena.com/blu_c5_2019-9967.php → 200
2026-05-29 21:12:42,276 | INFO |       📱 BLU C5 2019 | Main=5.0MP | Selfie=5.0MP | AnTuTu=None | Price=$None | IP=None | Populated=38/68 fields
2026-05-29 21:12:42,289 | INFO |   💾 [23/405] saved
2026-05-29 21:12:42,291 | INFO | 
  [108/405]
2026-05-29 21:12:42,292 | INFO |   ⏳ 31.1s (req #25)
2026-05-29 21:13:14,361 | INFO |   GET https://www.gsmarena.com/blu_c6_2019-9930.php → 200
2026-05-29 21:13:14,387 | INFO |       📱 BLU C6 2019 | Main=8.0MP | Selfie=8.0MP | AnTuTu=None | Price=$None | IP=None | Populated=42/68 fields
2026-05-29 21:13:14,393 | INFO |   💾 [24/405] saved
2026-05-29 21:13:14,394 | INFO | 
  [109/405]
2026-05-29 21:13:14,396 | INFO |   ⏳ 16.2s (req #26)
2026-05-29 21:13:31,498 | INFO |   GET https://www.gsmarena.com/blu_advance_l5-9929.php → 200
2026-05-29 21:13:31,524 | INFO |       📱 BLU Advance L5 | Main=5.0MP | Selfie=2.0MP | AnTuTu=None | Price=$None | IP=None | Populated=34/68 fields
2026-05-29 21:13:31,529 | INFO |   💾 [25/405] saved
2026-05-29 21:13:31,530 | INFO | 
  [110/405]
2026-05-29 21:13:31,531 | INFO |   ⏳ 31.0s (req #27)
2026-05-29 21:14:03,603 | INFO |   GET https://www.gsmarena.com/blu_bold_n1-9855.php → 200
2026-05-29 21:14:03,631 | INFO |       📱 BLU Bold N1 | Main=16.0MP | Selfie=13.0MP | AnTuTu=None | Price=$None | IP=None | Populated=46/68 fields
2026-05-29 21:14:03,635 | INFO |   💾 [26/405] saved
2026-05-29 21:14:03,635 | INFO | 
  [111/405]
2026-05-29 21:14:03,636 | INFO |   ⏳ 32.3s (req #28)
2026-05-29 21:14:37,018 | INFO |   GET https://www.gsmarena.com/blu_studio_mini-9877.php → 200
2026-05-29 21:14:37,055 | INFO |       📱 BLU Studio Mini | Main=13.0MP | Selfie=8.0MP | AnTuTu=None | Price=$None | IP=None | Populated=39/68 fields
2026-05-29 21:14:37,061 | INFO |   💾 [27/405] saved
2026-05-29 21:14:37,061 | INFO | 
  [112/405]
2026-05-29 21:14:37,062 | INFO |   ⏳ 19.0s (req #29)
2026-05-29 21:14:56,992 | INFO |   GET https://www.gsmarena.com/blu_vivo_xl5-9854.php → 200
2026-05-29 21:14:57,017 | INFO |       📱 BLU Vivo XL5 | Main=13.0MP | Selfie=13.0MP | AnTuTu=None | Price=$None | IP=None | Populated=38/68 fields
2026-05-29 21:14:57,023 | INFO |   💾 [28/405] saved
2026-05-29 21:14:57,024 | INFO | 
  [113/405]
2026-05-29 21:14:57,024 | INFO |   ☕ Long pause 273s ...
2026-05-29 21:19:31,106 | INFO |   GET https://www.gsmarena.com/blu_vivo_x5-9853.php → 200
2026-05-29 21:19:31,132 | INFO |       📱 BLU Vivo X5 | Main=13.0MP | Selfie=8.0MP | AnTuTu=None | Price=$None | IP=None | Populated=38/68 fields
2026-05-29 21:19:31,147 | INFO |   💾 [29/405] saved
2026-05-29 21:19:31,152 | INFO | 
  [114/405]
2026-05-29 21:19:31,154 | INFO |   ⏳ 25.4s (req #31)
2026-05-29 21:19:57,549 | INFO |   GET https://www.gsmarena.com/blu_g9_pro-9811.php → 200
2026-05-29 21:19:57,581 | INFO |       📱 BLU G9 Pro | Main=48.0MP | Selfie=16.0MP | AnTuTu=None | Price=$None | IP=None | Populated=44/68 fields
2026-05-29 21:19:57,585 | INFO |   💾 [30/405] saved
2026-05-29 21:19:57,585 | INFO | 
  [115/405]
2026-05-29 21:19:57,585 | INFO |   ⏳ 31.4s (req #32)
2026-05-29 21:20:29,988 | INFO |   GET https://www.gsmarena.com/blu_studio_mega_2019-9876.php → 200
2026-05-29 21:20:30,016 | INFO |       📱 BLU Studio Mega 2019 | Main=13.0MP | Selfie=8.0MP | AnTuTu=None | Price=$None | IP=None | Populated=39/68 fields
2026-05-29 21:20:30,021 | INFO |   💾 [31/405] saved
2026-05-29 21:20:30,021 | INFO | 
  [116/405]
2026-05-29 21:20:30,021 | INFO |   ⏳ 32.0s (req #33)
2026-05-29 21:21:03,053 | INFO |   GET https://www.gsmarena.com/blu_g8-9778.php → 200
2026-05-29 21:21:03,084 | INFO |       📱 BLU G8 | Main=13.0MP | Selfie=13.0MP | AnTuTu=None | Price=$None | IP=None | Populated=37/68 fields
2026-05-29 21:21:03,089 | INFO |   💾 [32/405] saved
2026-05-29 21:21:03,089 | INFO | 
  [117/405]
2026-05-29 21:21:03,089 | INFO |   ⏳ 33.2s (req #34)
2026-05-29 21:21:37,255 | INFO |   GET https://www.gsmarena.com/blu_g6-9777.php → 200
2026-05-29 21:21:37,290 | INFO |       📱 BLU G6 | Main=13.0MP | Selfie=8.0MP | AnTuTu=None | Price=$None | IP=None | Populated=38/68 fields
2026-05-29 21:21:37,293 | INFO |   💾 [33/405] saved
2026-05-29 21:21:37,294 | INFO | 
  [118/405]
2026-05-29 21:21:37,295 | INFO |   ⏳ 16.0s (req #35)
2026-05-29 21:21:54,331 | INFO |   GET https://www.gsmarena.com/blu_g5_plus-9776.php → 200
2026-05-29 21:21:54,354 | INFO |       📱 BLU G5 Plus | Main=13.0MP | Selfie=8.0MP | AnTuTu=None | Price=$None | IP=None | Populated=38/68 fields
2026-05-29 21:21:54,358 | INFO |   💾 [34/405] saved
2026-05-29 21:21:54,359 | INFO | 
  [119/405]
2026-05-29 21:21:54,359 | INFO |   ⏳ 41.9s (req #36)
2026-05-29 21:22:37,326 | INFO |   GET https://www.gsmarena.com/blu_g5-9775.php → 200
2026-05-29 21:22:37,360 | INFO |       📱 BLU G5 | Main=13.0MP | Selfie=8.0MP | AnTuTu=None | Price=$None | IP=None | Populated=38/68 fields
2026-05-29 21:22:37,364 | INFO |   💾 [35/405] saved
2026-05-29 21:22:37,365 | INFO | 
  [120/405]
2026-05-29 21:22:37,365 | INFO |   ⏳ 18.0s (req #37)
2026-05-29 21:22:56,333 | INFO |   GET https://www.gsmarena.com/blu_g9-9718.php → 200
2026-05-29 21:22:56,363 | INFO |       📱 BLU G9 | Main=13.0MP | Selfie=13.0MP | AnTuTu=None | Price=$None | IP=None | Populated=43/68 fields
2026-05-29 21:22:56,368 | INFO |   💾 [36/405] saved
2026-05-29 21:22:56,368 | INFO | 
  [121/405]
2026-05-29 21:22:56,369 | INFO |   ⏳ 42.5s (req #38)
2026-05-29 21:23:40,005 | INFO |   GET https://www.gsmarena.com/blu_c5l-9597.php → 200
2026-05-29 21:23:40,038 | INFO |       📱 BLU C5L | Main=5.0MP | Selfie=2.0MP | AnTuTu=None | Price=$None | IP=None | Populated=39/68 fields
2026-05-29 21:23:40,041 | INFO |   💾 [37/405] saved
2026-05-29 21:23:40,042 | INFO | 
  [122/405]
2026-05-29 21:23:40,042 | INFO |   ⏳ 23.0s (req #39)
2026-05-29 21:24:03,983 | INFO |   GET https://www.gsmarena.com/blu_studio_x8_hd_(2019)-9565.php → 200
2026-05-29 21:24:04,009 | INFO |       📱 BLU Studio X8 HD (2019) | Main=8.0MP | Selfie=5.0MP | AnTuTu=None | Price=$None | IP=None | Populated=39/68 fields
2026-05-29 21:24:04,013 | INFO |   💾 [38/405] saved
2026-05-29 21:24:04,013 | INFO | 
  [123/405]
2026-05-29 21:24:04,014 | INFO |   ⏳ 39.5s (req #40)
2026-05-29 21:24:44,575 | INFO |   GET https://www.gsmarena.com/blu_c6l-9542.php → 200
2026-05-29 21:24:44,603 | INFO |       📱 BLU C6L | Main=8.0MP | Selfie=5.0MP | AnTuTu=None | Price=$None | IP=None | Populated=39/68 fields
2026-05-29 21:24:44,607 | INFO |   💾 [39/405] saved
2026-05-29 21:24:44,607 | INFO | 
  [124/405]
2026-05-29 21:24:44,608 | INFO |   ⏳ 36.1s (req #41)
2026-05-29 21:25:21,867 | INFO |   GET https://www.gsmarena.com/blu_vivo_one_plus_(2019)-9518.php → 200
2026-05-29 21:25:21,911 | INFO |       📱 BLU Vivo One Plus (2019) | Main=13.0MP | Selfie=8.0MP | AnTuTu=None | Price=$None | IP=None | Populated=43/68 fields
2026-05-29 21:25:21,916 | INFO |   💾 [40/405] saved
2026-05-29 21:25:21,917 | INFO | 
  [125/405]
2026-05-29 21:25:21,918 | INFO |   ⏳ 37.8s (req #42)
2026-05-29 21:26:01,007 | INFO |   GET https://www.gsmarena.com/blu_vivo_go-9482.php → 200
2026-05-29 21:26:01,036 | INFO |       📱 BLU Vivo Go | Main=8.0MP | Selfie=5.0MP | AnTuTu=None | Price=$None | IP=None | Populated=42/68 fields
2026-05-29 21:26:01,043 | INFO |   💾 [41/405] saved
2026-05-29 21:26:01,044 | INFO | 
  [126/405]
2026-05-29 21:26:01,044 | INFO |   ⏳ 30.8s (req #43)
2026-05-29 21:26:32,898 | INFO |   GET https://www.gsmarena.com/blu_vivo_xl4-9470.php → 200
2026-05-29 21:26:32,930 | INFO |       📱 BLU Vivo XL4 | Main=13.0MP | Selfie=13.0MP | AnTuTu=None | Price=$None | IP=None | Populated=44/68 fields
2026-05-29 21:26:32,935 | INFO |   💾 [42/405] saved
2026-05-29 21:26:32,936 | INFO | 
  [127/405]
2026-05-29 21:26:32,936 | INFO |   ⏳ 18.4s (req #44)
2026-05-29 21:26:52,361 | INFO |   GET https://www.gsmarena.com/blu_studio_mega_(2018)-9360.php → 200
2026-05-29 21:26:52,390 | INFO |       📱 BLU Studio Mega (2018) | Main=13.0MP | Selfie=8.0MP | AnTuTu=None | Price=$None | IP=None | Populated=40/68 fields
2026-05-29 21:26:52,394 | INFO |   💾 [43/405] saved
2026-05-29 21:26:52,395 | INFO | 
  [128/405]
2026-05-29 21:26:52,395 | INFO |   ⏳ 22.4s (req #45)
2026-05-29 21:27:15,834 | INFO |   GET https://www.gsmarena.com/blu_grand_m2_(2018)-9359.php → 200
2026-05-29 21:27:15,865 | INFO |       📱 BLU Grand M2 (2018) | Main=8.0MP | Selfie=5.0MP | AnTuTu=None | Price=$None | IP=None | Populated=39/68 fields
2026-05-29 21:27:15,871 | INFO |   💾 [44/405] saved
2026-05-29 21:27:15,872 | INFO | 
  [129/405]
2026-05-29 21:27:15,872 | INFO |   ⏳ 40.5s (req #46)
2026-05-29 21:27:57,299 | INFO |   GET https://www.gsmarena.com/blu_advance_l4-9325.php → 200
2026-05-29 21:27:57,329 | INFO |       📱 BLU Advance L4 | Main=5.0MP | Selfie=2.0MP | AnTuTu=None | Price=$None | IP=None | Populated=37/68 fields
2026-05-29 21:27:57,334 | INFO |   💾 [45/405] saved
2026-05-29 21:27:57,334 | INFO | 
  [130/405]
2026-05-29 21:27:57,336 | INFO |   ⏳ 35.2s (req #47)
2026-05-29 21:28:33,571 | INFO |   GET https://www.gsmarena.com/blu_vivo_xi-9314.php → 200
2026-05-29 21:28:33,605 | INFO |       📱 BLU Vivo XI | Main=16.0MP | Selfie=16.0MP | AnTuTu=None | Price=$None | IP=None | Populated=44/68 fields
2026-05-29 21:28:33,609 | INFO |   💾 [46/405] saved
2026-05-29 21:28:33,609 | INFO | 
  [131/405]
2026-05-29 21:28:33,610 | INFO |   ⏳ 40.8s (req #48)
2026-05-29 21:29:15,375 | INFO |   GET https://www.gsmarena.com/blu_vivo_xi+-9307.php → 200
2026-05-29 21:29:15,408 | INFO |       📱 BLU Vivo XI+ | Main=16.0MP | Selfie=16.0MP | AnTuTu=None | Price=$None | IP=None | Populated=45/68 fields
2026-05-29 21:29:15,414 | INFO |   💾 [47/405] saved
2026-05-29 21:29:15,414 | INFO | 
  [132/405]
2026-05-29 21:29:15,414 | INFO |   ⏳ 15.7s (req #49)
2026-05-29 21:29:32,122 | INFO |   GET https://www.gsmarena.com/blu_c5-9302.php → 200
2026-05-29 21:29:32,149 | INFO |       📱 BLU C5 | Main=5.0MP | Selfie=5.0MP | AnTuTu=None | Price=$None | IP=None | Populated=39/68 fields
2026-05-29 21:29:32,153 | INFO |   💾 [48/405] saved
2026-05-29 21:29:32,153 | INFO | 
  [133/405]
2026-05-29 21:29:32,153 | INFO |   ⏳ 32.3s (req #50)
2026-05-29 21:30:05,539 | INFO |   GET https://www.gsmarena.com/blu_c4-9301.php → 200
2026-05-29 21:30:05,567 | INFO |       📱 BLU C4 | Main=5.0MP | Selfie=5.0MP | AnTuTu=None | Price=$None | IP=None | Populated=35/68 fields
2026-05-29 21:30:05,572 | INFO |   💾 [49/405] saved
2026-05-29 21:30:05,572 | INFO | 
  [134/405]
2026-05-29 21:30:05,573 | INFO |   ⏳ 37.1s (req #51)
2026-05-29 21:30:43,794 | INFO |   GET https://www.gsmarena.com/blu_studio_g4-9277.php → 200
2026-05-29 21:30:43,821 | INFO |       📱 BLU Studio G4 | Main=8.0MP | Selfie=5.0MP | AnTuTu=None | Price=$None | IP=None | Populated=41/68 fields
2026-05-29 21:30:43,825 | INFO |   💾 [50/405] saved
2026-05-29 21:30:43,826 | INFO | 
  [135/405]
2026-05-29 21:30:43,826 | INFO |   ⏳ 35.1s (req #52)
2026-05-29 21:31:19,898 | INFO |   GET https://www.gsmarena.com/blu_c6-9254.php → 200
2026-05-29 21:31:19,925 | INFO |       📱 BLU C6 | Main=8.0MP | Selfie=5.0MP | AnTuTu=None | Price=$None | IP=None | Populated=41/68 fields
2026-05-29 21:31:19,929 | INFO |   💾 [51/405] saved
2026-05-29 21:31:19,930 | INFO | 
  [136/405]
2026-05-29 21:31:19,930 | INFO |   ⏳ 32.5s (req #53)
2026-05-29 21:31:53,484 | INFO |   GET https://www.gsmarena.com/blu_grand_m3-9253.php → 200
2026-05-29 21:31:53,521 | INFO |       📱 BLU Grand M3 | Main=8.0MP | Selfie=5.0MP | AnTuTu=None | Price=$None | IP=None | Populated=42/68 fields
2026-05-29 21:31:53,526 | INFO |   💾 [52/405] saved
2026-05-29 21:31:53,526 | INFO | 
  [137/405]
2026-05-29 21:31:53,526 | INFO |   ⏳ 25.0s (req #54)
2026-05-29 21:32:19,661 | INFO |   GET https://www.gsmarena.com/blu_pure_view-9223.php → 200
2026-05-29 21:32:19,712 | INFO |       📱 BLU Pure View | Main=13.0MP | Selfie=8.0MP | AnTuTu=None | Price=$None | IP=None | Populated=42/68 fields
2026-05-29 21:32:19,717 | INFO |   💾 [53/405] saved
2026-05-29 21:32:19,718 | INFO | 
  [138/405]
2026-05-29 21:32:19,718 | INFO |   ⏳ 19.0s (req #55)
2026-05-29 21:32:39,676 | INFO |   GET https://www.gsmarena.com/blu_studio_view-9184.php → 200
2026-05-29 21:32:39,704 | INFO |       📱 BLU Studio View | Main=8.0MP | Selfie=5.0MP | AnTuTu=None | Price=$None | IP=None | Populated=41/68 fields
2026-05-29 21:32:39,710 | INFO |   💾 [54/405] saved
2026-05-29 21:32:39,710 | INFO | 
  [139/405]
2026-05-29 21:32:39,710 | INFO |   ⏳ 37.3s (req #56)
2026-05-29 21:33:18,056 | INFO |   GET https://www.gsmarena.com/blu_vivo_xl3-9165.php → 200
2026-05-29 21:33:18,084 | INFO |       📱 BLU Vivo XL3 | Main=13.0MP | Selfie=13.0MP | AnTuTu=None | Price=$None | IP=None | Populated=41/68 fields
2026-05-29 21:33:18,088 | INFO |   💾 [55/405] saved
2026-05-29 21:33:18,088 | INFO | 
  [140/405]
2026-05-29 21:33:18,089 | INFO |   ⏳ 29.3s (req #57)
2026-05-29 21:33:48,633 | INFO |   GET https://www.gsmarena.com/blu_vivo_one_plus-9154.php → 200
2026-05-29 21:33:48,662 | INFO |       📱 BLU Vivo One Plus | Main=13.0MP | Selfie=13.0MP | AnTuTu=None | Price=$None | IP=None | Populated=41/68 fields
2026-05-29 21:33:48,667 | INFO |   💾 [56/405] saved
2026-05-29 21:33:48,667 | INFO | 
  [141/405]
2026-05-29 21:33:48,667 | INFO |   ⏳ 20.7s (req #58)
2026-05-29 21:34:10,329 | INFO |   GET https://www.gsmarena.com/blu_dash_l4-9146.php → 200
2026-05-29 21:34:10,356 | INFO |       📱 BLU Dash L4 | Main=5.0MP | Selfie=2.0MP | AnTuTu=None | Price=$None | IP=None | Populated=38/68 fields
2026-05-29 21:34:10,361 | INFO |   💾 [57/405] saved
2026-05-29 21:34:10,362 | INFO | 
  [142/405]
2026-05-29 21:34:10,363 | INFO |   ⏳ 27.7s (req #59)
2026-05-29 21:34:39,049 | INFO |   GET https://www.gsmarena.com/blu_x_link-9132.php → 200
2026-05-29 21:34:39,077 | INFO |       📱 BLU X Link | Main=NoneMP | Selfie=NoneMP | AnTuTu=None | Price=$None | IP=IP54 | Populated=24/68 fields
2026-05-29 21:34:39,082 | INFO |   💾 [58/405] saved
2026-05-29 21:34:39,082 | INFO | 
  [143/405]
2026-05-29 21:34:39,082 | INFO |   ☕ Long pause 149s ...
2026-05-29 21:37:08,588 | INFO |   GET https://www.gsmarena.com/blu_vivo_xl3_plus-9131.php → 200
2026-05-29 21:37:08,626 | INFO |       📱 BLU Vivo XL3 Plus | Main=13.0MP | Selfie=16.0MP | AnTuTu=None | Price=$None | IP=None | Populated=41/68 fields
2026-05-29 21:37:08,632 | INFO |   💾 [59/405] saved
2026-05-29 21:37:08,633 | INFO | 
  [144/405]
2026-05-29 21:37:08,633 | INFO |   ⏳ 24.7s (req #61)
2026-05-29 21:37:34,298 | INFO |   GET https://www.gsmarena.com/blu_vivo_x-9072.php → 200
2026-05-29 21:37:34,328 | INFO |       📱 BLU Vivo X | Main=13.0MP | Selfie=20.0MP | AnTuTu=None | Price=$None | IP=None | Populated=42/68 fields
2026-05-29 21:37:34,333 | INFO |   💾 [60/405] saved
2026-05-29 21:37:34,333 | INFO | 
  [145/405]
2026-05-29 21:37:34,333 | INFO |   ⏳ 27.1s (req #62)
2026-05-29 21:38:02,463 | INFO |   GET https://www.gsmarena.com/blu_studio_j8m_lte-9064.php → 200
2026-05-29 21:38:02,486 | INFO |       📱 BLU Studio J8M LTE | Main=8.0MP | Selfie=5.0MP | AnTuTu=None | Price=$None | IP=None | Populated=41/68 fields
2026-05-29 21:38:02,491 | INFO |   💾 [61/405] saved
2026-05-29 21:38:02,492 | INFO | 
  [146/405]
2026-05-29 21:38:02,492 | INFO |   ⏳ 19.0s (req #63)
2026-05-29 21:38:22,478 | INFO |   GET https://www.gsmarena.com/blu_vivo_one-9063.php → 200
2026-05-29 21:38:22,503 | INFO |       📱 BLU Vivo One | Main=12.0MP | Selfie=8.0MP | AnTuTu=None | Price=$None | IP=None | Populated=41/68 fields
2026-05-29 21:38:22,508 | INFO |   💾 [62/405] saved
2026-05-29 21:38:22,508 | INFO | 
  [147/405]
2026-05-29 21:38:22,509 | INFO |   ⏳ 22.8s (req #64)
2026-05-29 21:38:46,282 | INFO |   GET https://www.gsmarena.com/blu_studio_view_xl-9007.php → 200
2026-05-29 21:38:46,310 | INFO |       📱 BLU Studio View XL | Main=13.0MP | Selfie=5.0MP | AnTuTu=None | Price=$None | IP=None | Populated=42/68 fields
2026-05-29 21:38:46,316 | INFO |   💾 [63/405] saved
2026-05-29 21:38:46,316 | INFO | 
  [148/405]
2026-05-29 21:38:46,316 | INFO |   ⏳ 43.9s (req #65)
2026-05-29 21:39:31,277 | INFO |   GET https://www.gsmarena.com/blu_dash_l5_lte-8965.php → 200
2026-05-29 21:39:31,309 | INFO |       📱 BLU Dash L5 LTE | Main=5.0MP | Selfie=5.0MP | AnTuTu=None | Price=$None | IP=None | Populated=40/68 fields
2026-05-29 21:39:31,313 | INFO |   💾 [64/405] saved
2026-05-29 21:39:31,315 | INFO | 
  [149/405]
2026-05-29 21:39:31,315 | INFO |   ⏳ 22.4s (req #66)
2026-05-29 21:39:54,781 | INFO |   GET https://www.gsmarena.com/blu_dash_l4_lte-8964.php → 200
2026-05-29 21:39:54,822 | INFO |       📱 BLU Dash L4 LTE | Main=5.0MP | Selfie=2.0MP | AnTuTu=None | Price=$None | IP=None | Populated=40/68 fields
2026-05-29 21:39:54,826 | INFO |   💾 [65/405] saved
2026-05-29 21:39:54,826 | INFO | 
  [150/405]
2026-05-29 21:39:54,827 | INFO |   ⏳ 26.7s (req #67)
2026-05-29 21:40:22,486 | INFO |   GET https://www.gsmarena.com/blu_grand_5_5_hd_ii-8952.php → 200
2026-05-29 21:40:22,512 | INFO |       📱 BLU Grand 5.5 HD II | Main=13.0MP | Selfie=8.0MP | AnTuTu=None | Price=$None | IP=None | Populated=40/68 fields
2026-05-29 21:40:22,520 | INFO |   💾 [66/405] saved
2026-05-29 21:40:22,520 | INFO | 
  [151/405]
2026-05-29 21:40:22,521 | INFO |   ⏳ 40.9s (req #68)
2026-05-29 21:41:04,389 | INFO |   GET https://www.gsmarena.com/blu_life_one_x3-8946.php → 200
2026-05-29 21:41:04,413 | INFO |       📱 BLU Life One X3 | Main=13.0MP | Selfie=13.0MP | AnTuTu=None | Price=$None | IP=None | Populated=40/68 fields
2026-05-29 21:41:04,419 | INFO |   💾 [67/405] saved
2026-05-29 21:41:04,419 | INFO | 
  [152/405]
2026-05-29 21:41:04,420 | INFO |   ⏳ 26.5s (req #69)
2026-05-29 21:41:32,002 | INFO |   GET https://www.gsmarena.com/blu_r2_plus-8945.php → 200
2026-05-29 21:41:32,028 | INFO |       📱 BLU R2 Plus | Main=13.0MP | Selfie=13.0MP | AnTuTu=None | Price=$None | IP=None | Populated=41/68 fields
2026-05-29 21:41:32,032 | INFO |   💾 [68/405] saved
2026-05-29 21:41:32,033 | INFO | 
  [153/405]
2026-05-29 21:41:32,033 | INFO |   ⏳ 25.6s (req #70)
2026-05-29 21:41:58,648 | INFO |   GET https://www.gsmarena.com/blu_studio_g3-8924.php → 200
2026-05-29 21:41:58,678 | INFO |       📱 BLU Studio G3 | Main=5.0MP | Selfie=5.0MP | AnTuTu=None | Price=$None | IP=None | Populated=39/68 fields
2026-05-29 21:41:58,684 | INFO |   💾 [69/405] saved
2026-05-29 21:41:58,685 | INFO | 
  [154/405]
2026-05-29 21:41:58,687 | INFO |   ⏳ 34.2s (req #71)
2026-05-29 21:42:33,984 | INFO |   GET https://www.gsmarena.com/blu_grand_m2_lte-8925.php → 200
2026-05-29 21:42:34,007 | INFO |       📱 BLU Grand M2 LTE | Main=5.0MP | Selfie=5.0MP | AnTuTu=None | Price=$None | IP=None | Populated=40/68 fields
2026-05-29 21:42:34,012 | INFO |   💾 [70/405] saved
2026-05-29 21:42:34,013 | INFO | 
  [155/405]
2026-05-29 21:42:34,013 | INFO |   ⏳ 23.6s (req #72)
2026-05-29 21:42:58,719 | INFO |   GET https://www.gsmarena.com/blu_c5_lte-8926.php → 200
2026-05-29 21:42:58,751 | INFO |       📱 BLU C5 LTE | Main=5.0MP | Selfie=3.15MP | AnTuTu=None | Price=$None | IP=None | Populated=40/68 fields
2026-05-29 21:42:58,755 | INFO |   💾 [71/405] saved
2026-05-29 21:42:58,756 | INFO | 
  [156/405]
2026-05-29 21:42:58,756 | INFO |   ⏳ 40.9s (req #73)
2026-05-29 21:43:40,647 | INFO |   GET https://www.gsmarena.com/blu_grand_m2-8906.php → 200
2026-05-29 21:43:40,679 | INFO |       📱 BLU Grand M2 | Main=5.0MP | Selfie=5.0MP | AnTuTu=None | Price=$None | IP=None | Populated=39/68 fields
2026-05-29 21:43:40,683 | INFO |   💾 [72/405] saved
2026-05-29 21:43:40,684 | INFO | 
  [157/405]
2026-05-29 21:43:40,687 | INFO |   ⏳ 30.4s (req #74)
2026-05-29 21:44:12,053 | INFO |   GET https://www.gsmarena.com/blu_c5_(2017)-8905.php → 200
2026-05-29 21:44:12,079 | INFO |       📱 BLU C5 (2017) | Main=5.0MP | Selfie=3.15MP | AnTuTu=None | Price=$None | IP=None | Populated=37/68 fields
2026-05-29 21:44:12,085 | INFO |   💾 [73/405] saved
2026-05-29 21:44:12,085 | INFO | 
  [158/405]
2026-05-29 21:44:12,086 | INFO |   ⏳ 17.6s (req #75)
2026-05-29 21:44:30,504 | INFO |   GET https://www.gsmarena.com/blu_s1-8865.php → 200
2026-05-29 21:44:30,519 | INFO |       📱 BLU S1 | Main=13.0MP | Selfie=5.0MP | AnTuTu=None | Price=$None | IP=None | Populated=39/68 fields
2026-05-29 21:44:30,523 | INFO |   💾 [74/405] saved
2026-05-29 21:44:30,524 | INFO | 
  [159/405]
2026-05-29 21:44:30,524 | INFO |   ⏳ 41.8s (req #76)
2026-05-29 21:45:13,301 | INFO |   GET https://www.gsmarena.com/blu_grand_xl_lte-8846.php → 200
2026-05-29 21:45:13,328 | INFO |       📱 BLU Grand XL LTE | Main=13.0MP | Selfie=8.0MP | AnTuTu=None | Price=$None | IP=None | Populated=41/68 fields
2026-05-29 21:45:13,333 | INFO |   💾 [75/405] saved
2026-05-29 21:45:13,333 | INFO | 
  [160/405]
2026-05-29 21:45:13,333 | INFO |   ⏳ 25.0s (req #77)
2026-05-29 21:45:39,684 | INFO |   GET https://www.gsmarena.com/blu_touchbook_m7-8845.php → 200
2026-05-29 21:45:39,709 | INFO |       📱 BLU Touchbook M7 | Main=3.15MP | Selfie=2.0MP | AnTuTu=None | Price=$None | IP=None | Populated=37/68 fields
2026-05-29 21:45:39,714 | INFO |   💾 [76/405] saved
2026-05-29 21:45:39,715 | INFO | 
  [161/405]
2026-05-29 21:45:39,715 | INFO |   ⏳ 21.6s (req #78)
2026-05-29 21:46:02,415 | INFO |   GET https://www.gsmarena.com/blu_studio_pro-8842.php → 200
2026-05-29 21:46:02,444 | INFO |       📱 BLU Studio Pro | Main=8.0MP | Selfie=5.0MP | AnTuTu=None | Price=$None | IP=None | Populated=38/68 fields
2026-05-29 21:46:02,449 | INFO |   💾 [77/405] saved
2026-05-29 21:46:02,450 | INFO | 
  [162/405]
2026-05-29 21:46:02,450 | INFO |   ⏳ 33.1s (req #79)
2026-05-29 21:46:36,529 | INFO |   GET https://www.gsmarena.com/blu_studio_g_mini-8841.php → 200
2026-05-29 21:46:36,563 | INFO |       📱 BLU Studio G Mini | Main=5.0MP | Selfie=2.0MP | AnTuTu=None | Price=$None | IP=None | Populated=36/68 fields
2026-05-29 21:46:36,568 | INFO |   💾 [78/405] saved
2026-05-29 21:46:36,568 | INFO | 
  [163/405]
2026-05-29 21:46:36,568 | INFO |   ⏳ 22.5s (req #80)
2026-05-29 21:47:00,004 | INFO |   GET https://www.gsmarena.com/blu_vivo_8-8835.php → 200
2026-05-29 21:47:00,033 | INFO |       📱 BLU Vivo 8 | Main=13.0MP | Selfie=16.0MP | AnTuTu=None | Price=$None | IP=None | Populated=45/68 fields
2026-05-29 21:47:00,038 | INFO |   💾 [79/405] saved
2026-05-29 21:47:00,039 | INFO | 
  [164/405]
2026-05-29 21:47:00,039 | INFO |   ⏳ 41.2s (req #81)
2026-05-29 21:47:42,208 | INFO |   GET https://www.gsmarena.com/blu_studio_j8-8824.php → 200
2026-05-29 21:47:42,230 | INFO |       📱 BLU Studio J8 | Main=8.0MP | Selfie=5.0MP | AnTuTu=None | Price=$None | IP=None | Populated=39/68 fields
2026-05-29 21:47:42,236 | INFO |   💾 [80/405] saved
2026-05-29 21:47:42,236 | INFO | 
  [165/405]
2026-05-29 21:47:42,236 | INFO |   ⏳ 37.8s (req #82)
2026-05-29 21:48:20,963 | INFO |   GET https://www.gsmarena.com/blu_studio_j8_lte-8825.php → 200
2026-05-29 21:48:20,978 | INFO |       📱 BLU Studio J8 LTE | Main=8.0MP | Selfie=5.0MP | AnTuTu=None | Price=$None | IP=None | Populated=41/68 fields
2026-05-29 21:48:20,981 | INFO |   💾 [81/405] saved
2026-05-29 21:48:20,982 | INFO | 
  [166/405]
2026-05-29 21:48:20,982 | INFO |   ⏳ 16.5s (req #83)
2026-05-29 21:48:38,334 | INFO |   GET https://www.gsmarena.com/blu_touchbook_m7_pro-8826.php → 200
2026-05-29 21:48:38,350 | INFO |       📱 BLU Touchbook M7 Pro | Main=5.0MP | Selfie=2.0MP | AnTuTu=None | Price=$None | IP=None | Populated=38/68 fields
2026-05-29 21:48:38,353 | INFO |   💾 [82/405] saved
2026-05-29 21:48:38,353 | INFO | 
  [167/405]
2026-05-29 21:48:38,354 | INFO |   ⏳ 25.6s (req #84)
2026-05-29 21:49:04,755 | INFO |   GET https://www.gsmarena.com/blu_grand_mini-8796.php → 200
2026-05-29 21:49:04,770 | INFO |       📱 BLU Grand Mini | Main=5.0MP | Selfie=2.0MP | AnTuTu=None | Price=$None | IP=None | Populated=36/68 fields
2026-05-29 21:49:04,774 | INFO |   💾 [83/405] saved
2026-05-29 21:49:04,774 | INFO | 
  [168/405]
2026-05-29 21:49:04,774 | INFO |   ⏳ 23.1s (req #85)
2026-05-29 21:49:28,669 | INFO |   GET https://www.gsmarena.com/blu_r2_lte-8773.php → 200
2026-05-29 21:49:28,690 | INFO |       📱 BLU R2 LTE | Main=13.0MP | Selfie=13.0MP | AnTuTu=None | Price=$None | IP=None | Populated=40/68 fields
2026-05-29 21:49:28,692 | INFO |   💾 [84/405] saved
2026-05-29 21:49:28,692 | INFO | 
  [169/405]
2026-05-29 21:49:28,693 | INFO |   ⏳ 19.6s (req #86)
2026-05-29 21:49:49,192 | INFO |   GET https://www.gsmarena.com/blu_r2-8774.php → 200
2026-05-29 21:49:49,206 | INFO |       📱 BLU R2 | Main=8.0MP | Selfie=8.0MP | AnTuTu=None | Price=$None | IP=None | Populated=39/68 fields
2026-05-29 21:49:49,209 | INFO |   💾 [85/405] saved
2026-05-29 21:49:49,209 | INFO | 
  [170/405]
2026-05-29 21:49:49,209 | INFO |   ⏳ 27.0s (req #87)
2026-05-29 21:50:17,064 | INFO |   GET https://www.gsmarena.com/blu_tank_xtreme_pro-8736.php → 200
2026-05-29 21:50:17,079 | INFO |       📱 BLU Tank Xtreme Pro | Main=8.0MP | Selfie=5.0MP | AnTuTu=None | Price=$None | IP=IP68 | Populated=40/68 fields
2026-05-29 21:50:17,082 | INFO |   💾 [86/405] saved
2026-05-29 21:50:17,082 | INFO | 
  [171/405]
2026-05-29 21:50:17,082 | INFO |   ⏳ 37.5s (req #88)
2026-05-29 21:50:55,547 | INFO |   GET https://www.gsmarena.com/blu_studio_j1-8735.php → 200
2026-05-29 21:50:55,561 | INFO |       📱 BLU Studio J1 | Main=5.0MP | Selfie=2.0MP | AnTuTu=None | Price=$None | IP=None | Populated=36/68 fields
2026-05-29 21:50:55,564 | INFO |   💾 [87/405] saved
2026-05-29 21:50:55,564 | INFO | 
  [172/405]
2026-05-29 21:50:55,564 | INFO |   ⏳ 20.4s (req #89)
2026-05-29 21:51:16,851 | INFO |   GET https://www.gsmarena.com/blu_grand_x_lte-8732.php → 200
2026-05-29 21:51:16,867 | INFO |       📱 BLU Grand X LTE | Main=8.0MP | Selfie=5.0MP | AnTuTu=None | Price=$None | IP=None | Populated=41/68 fields
2026-05-29 21:51:16,869 | INFO |   💾 [88/405] saved
2026-05-29 21:51:16,870 | INFO | 
  [173/405]
2026-05-29 21:51:16,870 | INFO |   ☕ Long pause 298s ...
2026-05-29 21:56:15,266 | INFO |   GET https://www.gsmarena.com/blu_grand_xl-8731.php → 200
2026-05-29 21:56:15,284 | INFO |       📱 BLU Grand XL | Main=8.0MP | Selfie=5.0MP | AnTuTu=None | Price=$None | IP=None | Populated=39/68 fields
2026-05-29 21:56:15,287 | INFO |   💾 [89/405] saved
2026-05-29 21:56:15,287 | INFO | 
  [174/405]
2026-05-29 21:56:15,288 | INFO |   ⏳ 15.7s (req #91)
2026-05-29 21:56:31,899 | INFO |   GET https://www.gsmarena.com/blu_studio_j2-8713.php → 200
2026-05-29 21:56:31,917 | INFO |       📱 BLU Studio J2 | Main=5.0MP | Selfie=2.0MP | AnTuTu=None | Price=$None | IP=None | Populated=36/68 fields
2026-05-29 21:56:31,920 | INFO |   💾 [90/405] saved
2026-05-29 21:56:31,920 | INFO | 
  [175/405]
2026-05-29 21:56:31,921 | INFO |   ⏳ 33.8s (req #92)
2026-05-29 21:57:06,651 | INFO |   GET https://www.gsmarena.com/blu_studio_mega-8709.php → 200
2026-05-29 21:57:06,674 | INFO |       📱 BLU Studio Mega | Main=8.0MP | Selfie=5.0MP | AnTuTu=None | Price=$None | IP=None | Populated=41/68 fields
2026-05-29 21:57:06,677 | INFO |   💾 [91/405] saved
2026-05-29 21:57:06,677 | INFO | 
  [176/405]
2026-05-29 21:57:06,677 | INFO |   ⏳ 20.2s (req #93)
2026-05-29 21:57:27,804 | INFO |   GET https://www.gsmarena.com/blu_r1_plus-8670.php → 200
2026-05-29 21:57:27,822 | INFO |       📱 BLU R1 Plus | Main=13.0MP | Selfie=5.0MP | AnTuTu=None | Price=$None | IP=None | Populated=41/68 fields
2026-05-29 21:57:27,825 | INFO |   💾 [92/405] saved
2026-05-29 21:57:27,825 | INFO | 
  [177/405]
2026-05-29 21:57:27,825 | INFO |   ⏳ 30.6s (req #94)
2026-05-29 21:57:59,315 | INFO |   GET https://www.gsmarena.com/blu_studio_selfie_lte-8653.php → 200
2026-05-29 21:57:59,330 | INFO |       📱 BLU Studio Selfie LTE | Main=5.0MP | Selfie=5.0MP | AnTuTu=None | Price=$None | IP=None | Populated=39/68 fields
2026-05-29 21:57:59,333 | INFO |   💾 [93/405] saved
2026-05-29 21:57:59,333 | INFO | 
  [178/405]
2026-05-29 21:57:59,334 | INFO |   ⏳ 21.3s (req #95)
2026-05-29 21:58:21,439 | INFO |   GET https://www.gsmarena.com/blu_life_one_x2_mini-8621.php → 200
2026-05-29 21:58:21,455 | INFO |       📱 BLU Life One X2 Mini | Main=13.0MP | Selfie=8.0MP | AnTuTu=None | Price=$None | IP=None | Populated=42/68 fields
2026-05-29 21:58:21,458 | INFO |   💾 [94/405] saved
2026-05-29 21:58:21,458 | INFO | 
  [179/405]
2026-05-29 21:58:21,458 | INFO |   ⏳ 22.8s (req #96)
2026-05-29 21:58:45,121 | INFO |   GET https://www.gsmarena.com/blu_dash_l3-8555.php → 200
2026-05-29 21:58:45,137 | INFO |       📱 BLU Dash L3 | Main=3.15MP | Selfie=2.0MP | AnTuTu=None | Price=$None | IP=None | Populated=36/68 fields
2026-05-29 21:58:45,140 | INFO |   💾 [95/405] saved
2026-05-29 21:58:45,140 | INFO | 
  [180/405]
2026-05-29 21:58:45,140 | INFO |   ⏳ 29.2s (req #97)
2026-05-29 21:59:15,102 | INFO |   GET https://www.gsmarena.com/blu_advance_4_0_l3-8553.php → 200
2026-05-29 21:59:15,116 | INFO |       📱 BLU Advance 4.0 L3 | Main=5.0MP | Selfie=2.0MP | AnTuTu=None | Price=$None | IP=None | Populated=35/68 fields
2026-05-29 21:59:15,119 | INFO |   💾 [96/405] saved
2026-05-29 21:59:15,119 | INFO | 
  [181/405]
2026-05-29 21:59:15,119 | INFO |   ⏳ 39.4s (req #98)
2026-05-29 21:59:55,461 | INFO |   GET https://www.gsmarena.com/blu_vivo_xl2-8544.php → 200
2026-05-29 21:59:55,484 | INFO |       📱 BLU Vivo XL2 | Main=13.0MP | Selfie=8.0MP | AnTuTu=None | Price=$None | IP=None | Populated=40/68 fields
2026-05-29 21:59:55,486 | INFO |   💾 [97/405] saved
2026-05-29 21:59:55,487 | INFO | 
  [182/405]
2026-05-29 21:59:55,487 | INFO |   ⏳ 32.4s (req #99)
2026-05-29 22:00:29,091 | INFO |   GET https://www.gsmarena.com/blu_vivo_5_mini-8541.php → 200
2026-05-29 22:00:29,108 | INFO |       📱 BLU Vivo 5 Mini | Main=5.0MP | Selfie=3.15MP | AnTuTu=None | Price=$None | IP=None | Populated=36/68 fields
2026-05-29 22:00:29,110 | INFO |   💾 [98/405] saved
2026-05-29 22:00:29,111 | INFO | 
  [183/405]
2026-05-29 22:00:29,111 | INFO |   ⏳ 27.0s (req #100)
2026-05-29 22:00:56,917 | INFO |   GET https://www.gsmarena.com/blu_grand_max-8557.php → 200
2026-05-29 22:00:56,933 | INFO |       📱 BLU Grand Max | Main=8.0MP | Selfie=8.0MP | AnTuTu=None | Price=$None | IP=None | Populated=39/68 fields
2026-05-29 22:00:56,935 | INFO |   💾 [99/405] saved
2026-05-29 22:00:56,935 | INFO | 
  [184/405]
2026-05-29 22:00:56,940 | INFO |   ⏳ 32.7s (req #101)
2026-05-29 22:01:30,429 | INFO |   GET https://www.gsmarena.com/blu_grand_energy-8556.php → 200
2026-05-29 22:01:30,444 | INFO |       📱 BLU Grand Energy | Main=5.0MP | Selfie=5.0MP | AnTuTu=None | Price=$None | IP=None | Populated=39/68 fields
2026-05-29 22:01:30,447 | INFO |   💾 [100/405] saved
2026-05-29 22:01:30,448 | INFO | 
  [185/405]
2026-05-29 22:01:30,448 | INFO |   ⏳ 36.6s (req #102)
2026-05-29 22:02:07,935 | INFO |   GET https://www.gsmarena.com/blu_grand_m-8534.php → 200
2026-05-29 22:02:07,950 | INFO |       📱 BLU Grand M | Main=5.0MP | Selfie=3.15MP | AnTuTu=None | Price=$None | IP=None | Populated=37/68 fields
2026-05-29 22:02:07,953 | INFO |   💾 [101/405] saved
2026-05-29 22:02:07,953 | INFO | 
  [186/405]
2026-05-29 22:02:07,954 | INFO |   ⏳ 32.0s (req #103)
2026-05-29 22:02:40,882 | INFO |   GET https://www.gsmarena.com/blu_grand_x-8533.php → 200
2026-05-29 22:02:40,897 | INFO |       📱 BLU Grand X | Main=5.0MP | Selfie=5.0MP | AnTuTu=None | Price=$None | IP=None | Populated=39/68 fields
2026-05-29 22:02:40,900 | INFO |   💾 [102/405] saved
2026-05-29 22:02:40,900 | INFO | 
  [187/405]
2026-05-29 22:02:40,900 | INFO |   ⏳ 21.5s (req #104)
2026-05-29 22:03:03,377 | INFO |   GET https://www.gsmarena.com/blu_studio_j5-8527.php → 200
2026-05-29 22:03:03,401 | INFO |       📱 BLU Studio J5 | Main=5.0MP | Selfie=2.0MP | AnTuTu=None | Price=$None | IP=None | Populated=38/68 fields
2026-05-29 22:03:03,404 | INFO |   💾 [103/405] saved
2026-05-29 22:03:03,404 | INFO | 
  [188/405]
2026-05-29 22:03:03,405 | INFO |   ⏳ 24.1s (req #105)
2026-05-29 22:03:28,353 | INFO |   GET https://www.gsmarena.com/blu_tank_xtreme_5_0-8524.php → 200
2026-05-29 22:03:28,368 | INFO |       📱 BLU Tank Xtreme 5.0 | Main=5.0MP | Selfie=5.0MP | AnTuTu=None | Price=$None | IP=IP65 | Populated=39/68 fields
2026-05-29 22:03:28,372 | INFO |   💾 [104/405] saved
2026-05-29 22:03:28,372 | INFO | 
  [189/405]
2026-05-29 22:03:28,372 | INFO |   ⏳ 29.0s (req #106)
2026-05-29 22:03:58,220 | INFO |   GET https://www.gsmarena.com/blu_tank_xtreme_4_0-8525.php → 200
2026-05-29 22:03:58,237 | INFO |       📱 BLU Tank Xtreme 4.0 | Main=3.15MP | Selfie=2.0MP | AnTuTu=None | Price=$None | IP=IP65 | Populated=37/68 fields
2026-05-29 22:03:58,240 | INFO |   💾 [105/405] saved
2026-05-29 22:03:58,240 | INFO | 
  [190/405]
2026-05-29 22:03:58,240 | INFO |   ⏳ 26.3s (req #107)
2026-05-29 22:04:25,342 | INFO |   GET https://www.gsmarena.com/blu_tank_xtreme_2_4-8526.php → 200
2026-05-29 22:04:25,358 | INFO |       📱 BLU Tank Xtreme 2.4 | Main=NoneMP | Selfie=NoneMP | AnTuTu=None | Price=$None | IP=IP65 | Populated=25/68 fields
2026-05-29 22:04:25,361 | INFO |   💾 [106/405] saved
2026-05-29 22:04:25,361 | INFO | 
  [191/405]
2026-05-29 22:04:25,362 | INFO |   ⏳ 43.7s (req #108)
2026-05-29 22:05:09,999 | INFO |   GET https://www.gsmarena.com/blu_energy_x_plus_2-8496.php → 200
2026-05-29 22:05:10,015 | INFO |       📱 BLU Energy X Plus 2 | Main=8.0MP | Selfie=5.0MP | AnTuTu=None | Price=$None | IP=None | Populated=38/68 fields
2026-05-29 22:05:10,018 | INFO |   💾 [107/405] saved
2026-05-29 22:05:10,018 | INFO | 
  [192/405]
2026-05-29 22:05:10,018 | INFO |   ⏳ 32.5s (req #109)
2026-05-29 22:05:43,328 | INFO |   GET https://www.gsmarena.com/blu_studio_max-8462.php → 200
2026-05-29 22:05:43,343 | INFO |       📱 BLU Studio Max | Main=13.0MP | Selfie=5.0MP | AnTuTu=None | Price=$None | IP=None | Populated=40/68 fields
2026-05-29 22:05:43,346 | INFO |   💾 [108/405] saved
2026-05-29 22:05:43,346 | INFO | 
  [193/405]
2026-05-29 22:05:43,346 | INFO |   ⏳ 15.2s (req #110)
2026-05-29 22:05:59,451 | INFO |   GET https://www.gsmarena.com/blu_studio_g2_hd-8461.php → 200
2026-05-29 22:05:59,466 | INFO |       📱 BLU Studio G2 HD | Main=5.0MP | Selfie=5.0MP | AnTuTu=None | Price=$None | IP=None | Populated=38/68 fields
2026-05-29 22:05:59,469 | INFO |   💾 [109/405] saved
2026-05-29 22:05:59,469 | INFO | 
  [194/405]
2026-05-29 22:05:59,470 | INFO |   ⏳ 15.2s (req #111)
2026-05-29 22:06:15,524 | INFO |   GET https://www.gsmarena.com/blu_life_max-8460.php → 200
2026-05-29 22:06:15,545 | INFO |       📱 BLU Life Max | Main=8.0MP | Selfie=5.0MP | AnTuTu=None | Price=$None | IP=None | Populated=40/68 fields
2026-05-29 22:06:15,548 | INFO |   💾 [110/405] saved
2026-05-29 22:06:15,548 | INFO | 
  [195/405]
2026-05-29 22:06:15,548 | INFO |   ⏳ 40.0s (req #112)
2026-05-29 22:06:56,492 | INFO |   GET https://www.gsmarena.com/blu_advance_4_0_m-8459.php → 200
2026-05-29 22:06:56,522 | INFO |       📱 BLU Advance 4.0 M | Main=2.0MP | Selfie=NoneMP | AnTuTu=None | Price=$None | IP=None | Populated=33/68 fields
2026-05-29 22:06:56,527 | INFO |   💾 [111/405] saved
2026-05-29 22:06:56,527 | INFO | 
  [196/405]
2026-05-29 22:06:56,528 | INFO |   ⏳ 20.1s (req #113)
2026-05-29 22:07:17,478 | INFO |   GET https://www.gsmarena.com/blu_dash_xl-8457.php → 200
2026-05-29 22:07:17,492 | INFO |       📱 BLU Dash XL | Main=5.0MP | Selfie=5.0MP | AnTuTu=None | Price=$None | IP=None | Populated=38/68 fields
2026-05-29 22:07:17,496 | INFO |   💾 [112/405] saved
2026-05-29 22:07:17,496 | INFO | 
  [197/405]
2026-05-29 22:07:17,496 | INFO |   ⏳ 40.1s (req #114)
2026-05-29 22:07:58,581 | INFO |   GET https://www.gsmarena.com/blu_dash_g-8456.php → 200
2026-05-29 22:07:58,597 | INFO |       📱 BLU Dash G | Main=5.0MP | Selfie=2.0MP | AnTuTu=None | Price=$None | IP=None | Populated=36/68 fields
2026-05-29 22:07:58,600 | INFO |   💾 [113/405] saved
2026-05-29 22:07:58,600 | INFO | 
  [198/405]
2026-05-29 22:07:58,600 | INFO |   ⏳ 43.7s (req #115)
2026-05-29 22:08:43,213 | INFO |   GET https://www.gsmarena.com/blu_vivo_6-8426.php → 200
2026-05-29 22:08:43,229 | INFO |       📱 BLU Vivo 6 | Main=13.0MP | Selfie=8.0MP | AnTuTu=None | Price=$None | IP=None | Populated=41/68 fields
2026-05-29 22:08:43,231 | INFO |   💾 [114/405] saved
2026-05-29 22:08:43,232 | INFO | 
  [199/405]
2026-05-29 22:08:43,232 | INFO |   ⏳ 29.3s (req #116)
2026-05-29 22:09:13,372 | INFO |   GET https://www.gsmarena.com/blu_studio_xl2-8427.php → 200
2026-05-29 22:09:13,385 | INFO |       📱 BLU Studio XL2 | Main=13.0MP | Selfie=5.0MP | AnTuTu=None | Price=$None | IP=None | Populated=42/68 fields
2026-05-29 22:09:13,388 | INFO |   💾 [115/405] saved
2026-05-29 22:09:13,389 | INFO | 
  [200/405]
2026-05-29 22:09:13,389 | INFO |   ⏳ 40.4s (req #117)
2026-05-29 22:09:54,800 | INFO |   GET https://www.gsmarena.com/blu_studio_g_max-8428.php → 200
2026-05-29 22:09:54,832 | INFO |       📱 BLU Studio G Max | Main=8.0MP | Selfie=8.0MP | AnTuTu=None | Price=$None | IP=None | Populated=39/68 fields
2026-05-29 22:09:54,836 | INFO |   💾 [116/405] saved
2026-05-29 22:09:54,837 | INFO | 
  [201/405]
2026-05-29 22:09:54,837 | INFO |   ⏳ 20.1s (req #118)
2026-05-29 22:10:15,913 | INFO |   GET https://www.gsmarena.com/blu_studio_g_plus_hd-8429.php → 200
2026-05-29 22:10:15,939 | INFO |       📱 BLU Studio G Plus HD | Main=5.0MP | Selfie=5.0MP | AnTuTu=None | Price=$None | IP=None | Populated=38/68 fields
2026-05-29 22:10:15,943 | INFO |   💾 [117/405] saved
2026-05-29 22:10:15,944 | INFO | 
  [202/405]
2026-05-29 22:10:15,944 | INFO |   ⏳ 19.9s (req #119)
2026-05-29 22:10:38,436 | INFO |   GET https://www.gsmarena.com/blu_life_one_x2-8349.php → 200
2026-05-29 22:10:38,452 | INFO |       📱 BLU Life One X2 | Main=16.0MP | Selfie=8.0MP | AnTuTu=None | Price=$None | IP=None | Populated=43/68 fields
2026-05-29 22:10:38,455 | INFO |   💾 [118/405] saved
2026-05-29 22:10:38,455 | INFO | 
  [203/405]
2026-05-29 22:10:38,455 | INFO |   ☕ Long pause 261s ...
2026-05-29 22:15:00,696 | INFO |   GET https://www.gsmarena.com/blu_vivo_5r-8338.php → 200
2026-05-29 22:15:00,713 | INFO |       📱 BLU Vivo 5R | Main=13.0MP | Selfie=8.0MP | AnTuTu=None | Price=$None | IP=None | Populated=42/68 fields
2026-05-29 22:15:00,716 | INFO |   💾 [119/405] saved
2026-05-29 22:15:00,716 | INFO | 
  [204/405]
2026-05-29 22:15:00,716 | INFO |   ⏳ 31.7s (req #121)
2026-05-29 22:15:33,330 | INFO |   GET https://www.gsmarena.com/blu_pure_xr-8296.php → 200
2026-05-29 22:15:33,344 | INFO |       📱 BLU Pure XR | Main=16.0MP | Selfie=8.0MP | AnTuTu=None | Price=$None | IP=None | Populated=41/68 fields
2026-05-29 22:15:33,348 | INFO |   💾 [120/405] saved
2026-05-29 22:15:33,348 | INFO | 
  [205/405]
2026-05-29 22:15:33,348 | INFO |   ⏳ 27.7s (req #122)
2026-05-29 22:16:02,141 | INFO |   GET https://www.gsmarena.com/blu_studio_g_hd_lte-8322.php → 200
2026-05-29 22:16:02,167 | INFO |       📱 BLU Studio G HD LTE | Main=5.0MP | Selfie=2.0MP | AnTuTu=None | Price=$None | IP=None | Populated=40/68 fields
2026-05-29 22:16:02,171 | INFO |   💾 [121/405] saved
2026-05-29 22:16:02,171 | INFO | 
  [206/405]
2026-05-29 22:16:02,172 | INFO |   ⏳ 35.4s (req #123)
2026-05-29 22:16:38,587 | INFO |   GET https://www.gsmarena.com/blu_studio_g2-8323.php → 200
2026-05-29 22:16:38,608 | INFO |       📱 BLU Studio G2 | Main=5.0MP | Selfie=5.0MP | AnTuTu=None | Price=$None | IP=None | Populated=36/68 fields
2026-05-29 22:16:38,611 | INFO |   💾 [122/405] saved
2026-05-29 22:16:38,611 | INFO | 
  [207/405]
2026-05-29 22:16:38,611 | INFO |   ⏳ 24.9s (req #124)
2026-05-29 22:17:04,521 | INFO |   GET https://www.gsmarena.com/blu_studio_m_lte-8324.php → 200
2026-05-29 22:17:04,603 | INFO |       📱 BLU Studio M LTE | Main=8.0MP | Selfie=2.0MP | AnTuTu=None | Price=$None | IP=None | Populated=38/68 fields
2026-05-29 22:17:04,607 | INFO |   💾 [123/405] saved
2026-05-29 22:17:04,607 | INFO | 
  [208/405]
2026-05-29 22:17:04,608 | INFO |   ⏳ 27.7s (req #125)
2026-05-29 22:17:33,155 | INFO |   GET https://www.gsmarena.com/blu_studio_c_8+8-8256.php → 200
2026-05-29 22:17:33,171 | INFO |       📱 BLU Studio C 8+8 | Main=8.0MP | Selfie=8.0MP | AnTuTu=None | Price=$None | IP=None | Populated=38/68 fields
2026-05-29 22:17:33,173 | INFO |   💾 [124/405] saved
2026-05-29 22:17:33,174 | INFO | 
  [209/405]
2026-05-29 22:17:33,174 | INFO |   ⏳ 34.2s (req #126)
2026-05-29 22:18:08,202 | INFO |   GET https://www.gsmarena.com/blu_studio_c_8+8_lte-8255.php → 200
2026-05-29 22:18:08,217 | INFO |       📱 BLU Studio C 8+8 LTE | Main=8.0MP | Selfie=8.0MP | AnTuTu=None | Price=$None | IP=None | Populated=38/68 fields
2026-05-29 22:18:08,220 | INFO |   💾 [125/405] saved
2026-05-29 22:18:08,220 | INFO | 
  [210/405]
2026-05-29 22:18:08,220 | INFO |   ⏳ 25.0s (req #127)
2026-05-29 22:18:34,222 | INFO |   GET https://www.gsmarena.com/blu_energy_diamond-8252.php → 200
2026-05-29 22:18:34,237 | INFO |       📱 BLU Energy Diamond | Main=5.0MP | Selfie=2.0MP | AnTuTu=None | Price=$None | IP=None | Populated=39/68 fields
2026-05-29 22:18:34,241 | INFO |   💾 [126/405] saved
2026-05-29 22:18:34,241 | INFO | 
  [211/405]
2026-05-29 22:18:34,241 | INFO |   ⏳ 34.8s (req #128)
2026-05-29 22:19:09,948 | INFO |   GET https://www.gsmarena.com/blu_diamond_m-8251.php → 200
2026-05-29 22:19:09,963 | INFO |       📱 BLU Diamond M | Main=5.0MP | Selfie=2.0MP | AnTuTu=None | Price=$None | IP=None | Populated=36/68 fields
2026-05-29 22:19:09,966 | INFO |   💾 [127/405] saved
2026-05-29 22:19:09,966 | INFO | 
  [212/405]
2026-05-29 22:19:09,966 | INFO |   ⏳ 42.3s (req #129)
2026-05-29 22:19:53,126 | INFO |   GET https://www.gsmarena.com/blu_energy_m-8253.php → 200
2026-05-29 22:19:53,144 | INFO |       📱 BLU Energy M | Main=5.0MP | Selfie=2.0MP | AnTuTu=None | Price=$None | IP=None | Populated=39/68 fields
2026-05-29 22:19:53,148 | INFO |   💾 [128/405] saved
2026-05-29 22:19:53,149 | INFO | 
  [213/405]
2026-05-29 22:19:53,149 | INFO |   ⏳ 26.9s (req #130)
2026-05-29 22:20:20,874 | INFO |   GET https://www.gsmarena.com/blu_neo_x_lte-8254.php → 200
2026-05-29 22:20:20,895 | INFO |       📱 BLU Neo X LTE | Main=5.0MP | Selfie=2.0MP | AnTuTu=None | Price=$None | IP=None | Populated=38/68 fields
2026-05-29 22:20:20,898 | INFO |   💾 [129/405] saved
2026-05-29 22:20:20,898 | INFO | 
  [214/405]
2026-05-29 22:20:20,898 | INFO |   ⏳ 27.7s (req #131)
2026-05-29 22:20:49,551 | INFO |   GET https://www.gsmarena.com/blu_r1_hd-8171.php → 200
2026-05-29 22:20:49,567 | INFO |       📱 BLU R1 HD | Main=8.0MP | Selfie=5.0MP | AnTuTu=None | Price=$None | IP=None | Populated=42/68 fields
2026-05-29 22:20:49,572 | INFO |   💾 [130/405] saved
2026-05-29 22:20:49,572 | INFO | 
  [215/405]
2026-05-29 22:20:49,572 | INFO |   ⏳ 33.4s (req #132)
2026-05-29 22:21:24,389 | INFO |   GET https://www.gsmarena.com/blu_grand_5_5_hd-8188.php → 200
2026-05-29 22:21:24,414 | INFO |       📱 BLU Grand 5.5 HD | Main=8.0MP | Selfie=5.0MP | AnTuTu=None | Price=$None | IP=None | Populated=40/68 fields
2026-05-29 22:21:24,418 | INFO |   💾 [131/405] saved
2026-05-29 22:21:24,418 | INFO | 
  [216/405]
2026-05-29 22:21:24,418 | INFO |   ⏳ 26.4s (req #133)
2026-05-29 22:21:51,731 | INFO |   GET https://www.gsmarena.com/blu_energy_diamond_mini-8189.php → 200
2026-05-29 22:21:51,746 | INFO |       📱 BLU Energy Diamond Mini | Main=5.0MP | Selfie=2.0MP | AnTuTu=None | Price=$None | IP=None | Populated=36/68 fields
2026-05-29 22:21:51,749 | INFO |   💾 [132/405] saved
2026-05-29 22:21:51,749 | INFO | 
  [217/405]
2026-05-29 22:21:51,749 | INFO |   ⏳ 19.7s (req #134)
2026-05-29 22:22:12,388 | INFO |   GET https://www.gsmarena.com/blu_dash_4_5_(2016)-8190.php → 200
2026-05-29 22:22:12,403 | INFO |       📱 BLU Dash 4.5 (2016) | Main=3.15MP | Selfie=NoneMP | AnTuTu=None | Price=$None | IP=None | Populated=33/68 fields
2026-05-29 22:22:12,406 | INFO |   💾 [133/405] saved
2026-05-29 22:22:12,406 | INFO | 
  [218/405]
2026-05-29 22:22:12,406 | INFO |   ⏳ 32.0s (req #135)
2026-05-29 22:22:45,258 | INFO |   GET https://www.gsmarena.com/blu_neo_x_mini-8191.php → 200
2026-05-29 22:22:45,274 | INFO |       📱 BLU Neo X Mini | Main=5.0MP | Selfie=2.0MP | AnTuTu=None | Price=$None | IP=None | Populated=34/68 fields
2026-05-29 22:22:45,277 | INFO |   💾 [134/405] saved
2026-05-29 22:22:45,277 | INFO | 
  [219/405]
2026-05-29 22:22:45,277 | INFO |   ⏳ 44.1s (req #136)
2026-05-29 22:23:30,417 | INFO |   GET https://www.gsmarena.com/blu_energy_xl-8187.php → 200
2026-05-29 22:23:30,453 | INFO |       📱 BLU Energy XL | Main=13.0MP | Selfie=5.0MP | AnTuTu=None | Price=$None | IP=None | Populated=40/68 fields
2026-05-29 22:23:30,458 | INFO |   💾 [135/405] saved
2026-05-29 22:23:30,458 | INFO | 
  [220/405]
2026-05-29 22:23:30,458 | INFO |   ⏳ 41.1s (req #137)
2026-05-29 22:24:12,678 | INFO |   GET https://www.gsmarena.com/blu_touch_book_m7-8153.php → 200
2026-05-29 22:24:12,694 | INFO |       📱 BLU Touch Book M7 | Main=2.0MP | Selfie=NoneMP | AnTuTu=None | Price=$None | IP=None | Populated=34/68 fields
2026-05-29 22:24:12,697 | INFO |   💾 [136/405] saved
2026-05-29 22:24:12,697 | INFO | 
  [221/405]
2026-05-29 22:24:12,697 | INFO |   ⏳ 22.5s (req #138)
2026-05-29 22:24:36,664 | INFO |   GET https://www.gsmarena.com/blu_studio_touch-8152.php → 200
2026-05-29 22:24:36,689 | INFO |       📱 BLU Studio Touch | Main=8.0MP | Selfie=5.0MP | AnTuTu=None | Price=$None | IP=None | Populated=41/68 fields
2026-05-29 22:24:36,693 | INFO |   💾 [137/405] saved
2026-05-29 22:24:36,693 | INFO | 
  [222/405]
2026-05-29 22:24:36,693 | INFO |   ⏳ 20.7s (req #139)
2026-05-29 22:24:58,306 | INFO |   GET https://www.gsmarena.com/blu_dash_l2-8151.php → 200
2026-05-29 22:24:58,325 | INFO |       📱 BLU Dash L2 | Main=3.15MP | Selfie=NoneMP | AnTuTu=None | Price=$None | IP=None | Populated=35/68 fields
2026-05-29 22:24:58,328 | INFO |   💾 [138/405] saved
2026-05-29 22:24:58,329 | INFO | 
  [223/405]
2026-05-29 22:24:58,329 | INFO |   ⏳ 25.0s (req #140)
2026-05-29 22:25:24,148 | INFO |   GET https://www.gsmarena.com/blu_studio_selfie_2-8118.php → 200
2026-05-29 22:25:24,165 | INFO |       📱 BLU Studio Selfie 2 | Main=5.0MP | Selfie=5.0MP | AnTuTu=None | Price=$None | IP=None | Populated=38/68 fields
2026-05-29 22:25:24,168 | INFO |   💾 [139/405] saved
2026-05-29 22:25:24,168 | INFO | 
  [224/405]
2026-05-29 22:25:24,169 | INFO |   ⏳ 15.8s (req #141)
2026-05-29 22:25:40,891 | INFO |   GET https://www.gsmarena.com/blu_neo_xl-8117.php → 200
2026-05-29 22:25:40,906 | INFO |       📱 BLU Neo XL | Main=8.0MP | Selfie=5.0MP | AnTuTu=None | Price=$None | IP=None | Populated=38/68 fields
2026-05-29 22:25:40,909 | INFO |   💾 [140/405] saved
2026-05-29 22:25:40,909 | INFO | 
  [225/405]
2026-05-29 22:25:40,909 | INFO |   ⏳ 18.8s (req #142)
2026-05-29 22:26:00,558 | INFO |   GET https://www.gsmarena.com/blu_neo_x-8116.php → 200
2026-05-29 22:26:00,572 | INFO |       📱 BLU Neo X | Main=5.0MP | Selfie=NoneMP | AnTuTu=None | Price=$None | IP=None | Populated=35/68 fields
2026-05-29 22:26:00,574 | INFO |   💾 [141/405] saved
2026-05-29 22:26:00,575 | INFO | 
  [226/405]
2026-05-29 22:26:00,575 | INFO |   ⏳ 32.0s (req #143)
2026-05-29 22:26:33,596 | INFO |   GET https://www.gsmarena.com/blu_studio_x8_hd-8119.php → 200
2026-05-29 22:26:33,619 | INFO |       📱 BLU Studio X8 HD | Main=5.0MP | Selfie=5.0MP | AnTuTu=None | Price=$None | IP=None | Populated=34/68 fields
2026-05-29 22:26:33,623 | INFO |   💾 [142/405] saved
2026-05-29 22:26:33,624 | INFO | 
  [227/405]
2026-05-29 22:26:33,624 | INFO |   ⏳ 32.3s (req #144)
2026-05-29 22:27:06,793 | INFO |   GET https://www.gsmarena.com/blu_energy_jr-8115.php → 200
2026-05-29 22:27:06,809 | INFO |       📱 BLU Energy JR | Main=3.15MP | Selfie=NoneMP | AnTuTu=None | Price=$None | IP=None | Populated=31/68 fields
2026-05-29 22:27:06,812 | INFO |   💾 [143/405] saved
2026-05-29 22:27:06,812 | INFO | 
  [228/405]
2026-05-29 22:27:06,812 | INFO |   ⏳ 38.1s (req #145)
2026-05-29 22:27:45,865 | INFO |   GET https://www.gsmarena.com/blu_advance_4_0_l2-8030.php → 200
2026-05-29 22:27:45,881 | INFO |       📱 BLU Advance 4.0 L2 | Main=3.15MP | Selfie=NoneMP | AnTuTu=None | Price=$None | IP=None | Populated=35/68 fields
2026-05-29 22:27:45,884 | INFO |   💾 [144/405] saved
2026-05-29 22:27:45,884 | INFO | 
  [229/405]
2026-05-29 22:27:45,884 | INFO |   ⏳ 23.5s (req #146)
2026-05-29 22:28:10,184 | INFO |   GET https://www.gsmarena.com/blu_dash_x2-8029.php → 200
2026-05-29 22:28:10,198 | INFO |       📱 BLU Dash X2 | Main=8.0MP | Selfie=5.0MP | AnTuTu=None | Price=$None | IP=None | Populated=36/68 fields
2026-05-29 22:28:10,202 | INFO |   💾 [145/405] saved
2026-05-29 22:28:10,202 | INFO | 
  [230/405]
2026-05-29 22:28:10,202 | INFO |   ⏳ 27.7s (req #147)
2026-05-29 22:28:38,755 | INFO |   GET https://www.gsmarena.com/blu_dash_m2-8028.php → 200
2026-05-29 22:28:38,771 | INFO |       📱 BLU Dash M2 | Main=5.0MP | Selfie=2.0MP | AnTuTu=None | Price=$None | IP=None | Populated=34/68 fields
2026-05-29 22:28:38,775 | INFO |   💾 [146/405] saved
2026-05-29 22:28:38,776 | INFO | 
  [231/405]
2026-05-29 22:28:38,777 | INFO |   ⏳ 36.0s (req #148)
2026-05-29 22:29:15,854 | INFO |   GET https://www.gsmarena.com/blu_studio_x_mini-8003.php → 200
2026-05-29 22:29:15,880 | INFO |       📱 BLU Studio X Mini | Main=5.0MP | Selfie=NoneMP | AnTuTu=None | Price=$None | IP=None | Populated=39/68 fields
2026-05-29 22:29:15,884 | INFO |   💾 [147/405] saved
2026-05-29 22:29:15,885 | INFO | 
  [232/405]
2026-05-29 22:29:15,885 | INFO |   ⏳ 39.9s (req #149)
2026-05-29 22:29:56,651 | INFO |   GET https://www.gsmarena.com/blu_life_mark-7990.php → 200
2026-05-29 22:29:56,676 | INFO |       📱 BLU Life Mark | Main=13.0MP | Selfie=5.0MP | AnTuTu=None | Price=$None | IP=None | Populated=40/68 fields
2026-05-29 22:29:56,679 | INFO |   💾 [148/405] saved
2026-05-29 22:29:56,679 | INFO | 
  [233/405]
2026-05-29 22:29:56,679 | INFO |   ☕ Long pause 212s ...
2026-05-29 22:33:30,317 | INFO |   GET https://www.gsmarena.com/blu_studio_one_plus-7988.php → 200
2026-05-29 22:33:30,346 | INFO |       📱 BLU Studio One Plus | Main=13.0MP | Selfie=5.0MP | AnTuTu=None | Price=$None | IP=None | Populated=40/68 fields
2026-05-29 22:33:30,350 | INFO |   💾 [149/405] saved
2026-05-29 22:33:30,350 | INFO | 
  [234/405]
2026-05-29 22:33:30,350 | INFO |   ⏳ 28.4s (req #151)
2026-05-29 22:34:01,415 | INFO |   GET https://www.gsmarena.com/blu_studio_one-7989.php → 200
2026-05-29 22:34:01,454 | INFO |       📱 BLU Studio One | Main=13.0MP | Selfie=5.0MP | AnTuTu=None | Price=$None | IP=None | Populated=40/68 fields
2026-05-29 22:34:01,461 | INFO |   💾 [150/405] saved
2026-05-29 22:34:01,462 | INFO | 
  [235/405]
2026-05-29 22:34:01,463 | INFO |   ⏳ 16.1s (req #152)
2026-05-29 22:34:18,691 | INFO |   GET https://www.gsmarena.com/blu_dash_x_plus_lte-7987.php → 200
2026-05-29 22:34:18,717 | INFO |       📱 BLU Dash X Plus LTE | Main=8.0MP | Selfie=5.0MP | AnTuTu=None | Price=$None | IP=None | Populated=41/68 fields
2026-05-29 22:34:18,722 | INFO |   💾 [151/405] saved
2026-05-29 22:34:18,723 | INFO | 
  [236/405]
2026-05-29 22:34:18,724 | INFO |   ⏳ 28.5s (req #153)
2026-05-29 22:34:48,356 | INFO |   GET https://www.gsmarena.com/blu_energy_x_lte-7986.php → 200
2026-05-29 22:34:48,382 | INFO |       📱 BLU Energy X LTE | Main=8.0MP | Selfie=5.0MP | AnTuTu=None | Price=$None | IP=None | Populated=40/68 fields
2026-05-29 22:34:48,388 | INFO |   💾 [152/405] saved
2026-05-29 22:34:48,388 | INFO | 
  [237/405]
2026-05-29 22:34:48,388 | INFO |   ⏳ 16.5s (req #154)
2026-05-29 22:35:06,015 | INFO |   GET https://www.gsmarena.com/blu_life_xl-7978.php → 200
2026-05-29 22:35:06,042 | INFO |       📱 BLU Life XL | Main=13.0MP | Selfie=5.0MP | AnTuTu=None | Price=$None | IP=None | Populated=39/68 fields
2026-05-29 22:35:06,047 | INFO |   💾 [153/405] saved
2026-05-29 22:35:06,047 | INFO | 
  [238/405]
2026-05-29 22:35:06,047 | INFO |   ⏳ 44.1s (req #155)
2026-05-29 22:35:51,235 | INFO |   GET https://www.gsmarena.com/blu_studio_5_5_hd-7974.php → 200
2026-05-29 22:35:51,267 | INFO |       📱 BLU Studio 5.5 HD | Main=5.0MP | Selfie=5.0MP | AnTuTu=None | Price=$None | IP=None | Populated=38/68 fields
2026-05-29 22:35:51,271 | INFO |   💾 [154/405] saved
2026-05-29 22:35:51,272 | INFO | 
  [239/405]
2026-05-29 22:35:51,272 | INFO |   ⏳ 41.5s (req #156)
2026-05-29 22:36:33,546 | INFO |   GET https://www.gsmarena.com/blu_energy_x_2-7924.php → 200
2026-05-29 22:36:33,563 | INFO |       📱 BLU Energy X 2 | Main=8.0MP | Selfie=5.0MP | AnTuTu=None | Price=$None | IP=None | Populated=38/68 fields
2026-05-29 22:36:33,565 | INFO |   💾 [155/405] saved
2026-05-29 22:36:33,566 | INFO | 
  [240/405]
2026-05-29 22:36:33,566 | INFO |   ⏳ 22.5s (req #157)
2026-05-29 22:36:57,053 | INFO |   GET https://www.gsmarena.com/blu_neo_x_plus-7923.php → 200
2026-05-29 22:36:57,077 | INFO |       📱 BLU Neo X Plus | Main=8.0MP | Selfie=5.0MP | AnTuTu=None | Price=$None | IP=None | Populated=38/68 fields
2026-05-29 22:36:57,082 | INFO |   💾 [156/405] saved
2026-05-29 22:36:57,082 | INFO | 
  [241/405]
2026-05-29 22:36:57,082 | INFO |   ⏳ 17.8s (req #158)
2026-05-29 22:37:16,358 | INFO |   GET https://www.gsmarena.com/blu_studio_g_hd-7922.php → 200
2026-05-29 22:37:16,388 | INFO |       📱 BLU Studio G HD | Main=5.0MP | Selfie=2.0MP | AnTuTu=None | Price=$None | IP=None | Populated=38/68 fields
2026-05-29 22:37:16,392 | INFO |   💾 [157/405] saved
2026-05-29 22:37:16,393 | INFO | 
  [242/405]
2026-05-29 22:37:16,393 | INFO |   ⏳ 38.0s (req #159)
2026-05-29 22:37:55,386 | INFO |   GET https://www.gsmarena.com/blu_studio_m_hd-7892.php → 200
2026-05-29 22:37:55,413 | INFO |       📱 BLU Studio M HD | Main=8.0MP | Selfie=2.0MP | AnTuTu=None | Price=$None | IP=None | Populated=39/68 fields
2026-05-29 22:37:55,418 | INFO |   💾 [158/405] saved
2026-05-29 22:37:55,418 | INFO | 
  [243/405]
2026-05-29 22:37:55,418 | INFO |   ⏳ 19.8s (req #160)
2026-05-29 22:38:16,150 | INFO |   GET https://www.gsmarena.com/blu_studio_c_hd-7867.php → 200
2026-05-29 22:38:16,166 | INFO |       📱 BLU Studio C HD | Main=8.0MP | Selfie=5.0MP | AnTuTu=None | Price=$None | IP=None | Populated=39/68 fields
2026-05-29 22:38:16,170 | INFO |   💾 [159/405] saved
2026-05-29 22:38:16,171 | INFO | 
  [244/405]
2026-05-29 22:38:16,171 | INFO |   ⏳ 30.1s (req #161)
2026-05-29 22:38:47,136 | INFO |   GET https://www.gsmarena.com/blu_vivo_xl-7858.php → 200
2026-05-29 22:38:47,157 | INFO |       📱 BLU Vivo XL | Main=13.0MP | Selfie=5.0MP | AnTuTu=None | Price=$None | IP=None | Populated=39/68 fields
2026-05-29 22:38:47,160 | INFO |   💾 [160/405] saved
2026-05-29 22:38:47,160 | INFO | 
  [245/405]
2026-05-29 22:38:47,161 | INFO |   ⏳ 29.3s (req #162)
2026-05-29 22:39:17,320 | INFO |   GET https://www.gsmarena.com/blu_vivo_5-7857.php → 200
2026-05-29 22:39:17,338 | INFO |       📱 BLU Vivo 5 | Main=13.0MP | Selfie=5.0MP | AnTuTu=None | Price=$None | IP=None | Populated=39/68 fields
2026-05-29 22:39:17,342 | INFO |   💾 [161/405] saved
2026-05-29 22:39:17,342 | INFO | 
  [246/405]
2026-05-29 22:39:17,342 | INFO |   ⏳ 28.2s (req #163)
2026-05-29 22:39:46,435 | INFO |   GET https://www.gsmarena.com/blu_life_one_x_(2016)-7820.php → 200
2026-05-29 22:39:46,453 | INFO |       📱 BLU Life One X (2016) | Main=13.0MP | Selfie=5.0MP | AnTuTu=None | Price=$None | IP=None | Populated=40/68 fields
2026-05-29 22:39:46,457 | INFO |   💾 [162/405] saved
2026-05-29 22:39:46,457 | INFO | 
  [247/405]
2026-05-29 22:39:46,458 | INFO |   ⏳ 30.3s (req #164)
2026-05-29 22:40:17,576 | INFO |   GET https://www.gsmarena.com/blu_studio_g_plus-7775.php → 200
2026-05-29 22:40:17,592 | INFO |       📱 BLU Studio G Plus | Main=5.0MP | Selfie=NoneMP | AnTuTu=None | Price=$None | IP=None | Populated=35/68 fields
2026-05-29 22:40:17,596 | INFO |   💾 [163/405] saved
2026-05-29 22:40:17,596 | INFO | 
  [248/405]
2026-05-29 22:40:17,596 | INFO |   ⏳ 17.3s (req #165)
2026-05-29 22:40:35,833 | INFO |   GET https://www.gsmarena.com/blu_dash_x_lte-7774.php → 200
2026-05-29 22:40:35,850 | INFO |       📱 BLU Dash X LTE | Main=8.0MP | Selfie=5.0MP | AnTuTu=None | Price=$None | IP=None | Populated=39/68 fields
2026-05-29 22:40:35,853 | INFO |   💾 [164/405] saved
2026-05-29 22:40:35,853 | INFO | 
  [249/405]
2026-05-29 22:40:35,853 | INFO |   ⏳ 29.8s (req #166)
2026-05-29 22:41:06,553 | INFO |   GET https://www.gsmarena.com/blu_studio_7_0_lte-7726.php → 200
2026-05-29 22:41:06,572 | INFO |       📱 BLU Studio 7.0 LTE | Main=8.0MP | Selfie=2.0MP | AnTuTu=None | Price=$None | IP=None | Populated=39/68 fields
2026-05-29 22:41:06,575 | INFO |   💾 [165/405] saved
2026-05-29 22:41:06,575 | INFO | 
  [250/405]
2026-05-29 22:41:06,575 | INFO |   ⏳ 40.0s (req #167)
2026-05-29 22:41:47,542 | INFO |   GET https://www.gsmarena.com/blu_dash_l-7725.php → 200
2026-05-29 22:41:47,559 | INFO |       📱 BLU Dash L | Main=3.15MP | Selfie=NoneMP | AnTuTu=None | Price=$None | IP=None | Populated=35/68 fields
2026-05-29 22:41:47,561 | INFO |   💾 [166/405] saved
2026-05-29 22:41:47,561 | INFO | 
  [251/405]
2026-05-29 22:41:47,562 | INFO |   ⏳ 39.5s (req #168)
2026-05-29 22:42:29,353 | INFO |   GET https://www.gsmarena.com/blu_studio_g_lte-7706.php → 200
2026-05-29 22:42:29,389 | INFO |       📱 BLU Studio G LTE | Main=5.0MP | Selfie=2.0MP | AnTuTu=None | Price=$None | IP=None | Populated=39/68 fields
2026-05-29 22:42:29,394 | INFO |   💾 [167/405] saved
2026-05-29 22:42:29,394 | INFO | 
  [252/405]
2026-05-29 22:42:29,394 | INFO |   ⏳ 24.7s (req #169)
2026-05-29 22:42:55,046 | INFO |   GET https://www.gsmarena.com/blu_dash_m-7705.php → 200
2026-05-29 22:42:55,061 | INFO |       📱 BLU Dash M | Main=5.0MP | Selfie=2.0MP | AnTuTu=None | Price=$None | IP=None | Populated=34/68 fields
2026-05-29 22:42:55,065 | INFO |   💾 [168/405] saved
2026-05-29 22:42:55,065 | INFO | 
  [253/405]
2026-05-29 22:42:55,065 | INFO |   ⏳ 30.8s (req #170)
2026-05-29 22:43:27,157 | INFO |   GET https://www.gsmarena.com/blu_dash_x-7676.php → 200
2026-05-29 22:43:27,174 | INFO |       📱 BLU Dash X | Main=8.0MP | Selfie=5.0MP | AnTuTu=None | Price=$None | IP=None | Populated=36/68 fields
2026-05-29 22:43:27,177 | INFO |   💾 [169/405] saved
2026-05-29 22:43:27,177 | INFO | 
  [254/405]
2026-05-29 22:43:27,178 | INFO |   ⏳ 21.3s (req #171)
2026-05-29 22:43:50,484 | INFO |   GET https://www.gsmarena.com/blu_studio_energy_2-7671.php → 200
2026-05-29 22:43:50,499 | INFO |       📱 BLU Studio Energy 2 | Main=8.0MP | Selfie=5.0MP | AnTuTu=None | Price=$None | IP=None | Populated=38/68 fields
2026-05-29 22:43:50,502 | INFO |   💾 [170/405] saved
2026-05-29 22:43:50,502 | INFO | 
  [255/405]
2026-05-29 22:43:50,502 | INFO |   ⏳ 18.4s (req #172)
2026-05-29 22:44:11,282 | INFO |   GET https://www.gsmarena.com/blu_dash_x_plus-7645.php → 200
2026-05-29 22:44:11,300 | INFO |       📱 BLU Dash X Plus | Main=8.0MP | Selfie=5.0MP | AnTuTu=None | Price=$None | IP=None | Populated=36/68 fields
2026-05-29 22:44:11,303 | INFO |   💾 [171/405] saved
2026-05-29 22:44:11,304 | INFO | 
  [256/405]
2026-05-29 22:44:11,304 | INFO |   ⏳ 25.1s (req #173)
2026-05-29 22:44:38,036 | INFO |   GET https://www.gsmarena.com/blu_energy_x-7623.php → 200
2026-05-29 22:44:38,056 | INFO |       📱 BLU Energy X | Main=8.0MP | Selfie=2.0MP | AnTuTu=None | Price=$None | IP=None | Populated=36/68 fields
2026-05-29 22:44:38,060 | INFO |   💾 [172/405] saved
2026-05-29 22:44:38,060 | INFO | 
  [257/405]
2026-05-29 22:44:38,060 | INFO |   ⏳ 17.6s (req #174)
2026-05-29 22:44:57,303 | INFO |   GET https://www.gsmarena.com/blu_pure_xl-7558.php → 200
2026-05-29 22:44:57,341 | INFO |       📱 BLU Pure XL | Main=24.0MP | Selfie=8.0MP | AnTuTu=None | Price=$None | IP=None | Populated=45/68 fields
2026-05-29 22:44:57,345 | INFO |   💾 [173/405] saved
2026-05-29 22:44:57,346 | INFO | 
  [258/405]
2026-05-29 22:44:57,346 | INFO |   ⏳ 34.7s (req #175)
2026-05-29 22:45:33,052 | INFO |   GET https://www.gsmarena.com/blu_vivo_air_lte-7559.php → 200
2026-05-29 22:45:33,069 | INFO |       📱 BLU Vivo Air LTE | Main=8.0MP | Selfie=5.0MP | AnTuTu=None | Price=$None | IP=None | Populated=40/68 fields
2026-05-29 22:45:33,073 | INFO |   💾 [174/405] saved
2026-05-29 22:45:33,073 | INFO | 
  [259/405]
2026-05-29 22:45:33,073 | INFO |   ⏳ 42.9s (req #176)
2026-05-29 22:46:16,919 | INFO |   GET https://www.gsmarena.com/blu_studio_xl-7523.php → 200
2026-05-29 22:46:16,934 | INFO |       📱 BLU Studio XL | Main=8.0MP | Selfie=2.0MP | AnTuTu=None | Price=$None | IP=None | Populated=39/68 fields
2026-05-29 22:46:16,937 | INFO |   💾 [175/405] saved
2026-05-29 22:46:16,937 | INFO | 
  [260/405]
2026-05-29 22:46:16,937 | INFO |   ⏳ 20.9s (req #177)
2026-05-29 22:46:38,901 | INFO |   GET https://www.gsmarena.com/blu_life_x8-7499.php → 200
2026-05-29 22:46:38,917 | INFO |       📱 BLU Life X8 | Main=8.0MP | Selfie=2.0MP | AnTuTu=None | Price=$None | IP=None | Populated=38/68 fields
2026-05-29 22:46:38,921 | INFO |   💾 [176/405] saved
2026-05-29 22:46:38,921 | INFO | 
  [261/405]
2026-05-29 22:46:38,921 | INFO |   ⏳ 40.6s (req #178)
2026-05-29 22:47:20,675 | INFO |   GET https://www.gsmarena.com/blu_touchbook_g7-7498.php → 200
2026-05-29 22:47:20,698 | INFO |       📱 BLU Touchbook G7 | Main=2.0MP | Selfie=NoneMP | AnTuTu=None | Price=$None | IP=None | Populated=32/68 fields
2026-05-29 22:47:20,703 | INFO |   💾 [177/405] saved
2026-05-29 22:47:20,703 | INFO | 
  [262/405]
2026-05-29 22:47:20,704 | INFO |   ⏳ 26.1s (req #179)
2026-05-29 22:47:49,057 | INFO |   GET https://www.gsmarena.com/blu_studio_7_0_ii-7490.php → 200
2026-05-29 22:47:49,084 | INFO |       📱 BLU Studio 7.0 II | Main=5.0MP | Selfie=NoneMP | AnTuTu=None | Price=$None | IP=None | Populated=35/68 fields
2026-05-29 22:47:49,090 | INFO |   💾 [178/405] saved
2026-05-29 22:47:49,090 | INFO | 
  [263/405]
2026-05-29 22:47:49,090 | INFO |   ☕ Long pause 188s ...
2026-05-29 22:51:00,772 | INFO |   GET https://www.gsmarena.com/blu_studio_c_super_camera-7489.php → 200
2026-05-29 22:51:00,810 | INFO |       📱 BLU Studio C Super Camera | Main=8.0MP | Selfie=5.0MP | AnTuTu=None | Price=$None | IP=None | Populated=38/68 fields
2026-05-29 22:51:00,815 | INFO |   💾 [179/405] saved
2026-05-29 22:51:00,816 | INFO | 
  [264/405]
2026-05-29 22:51:00,816 | INFO |   ⏳ 37.0s (req #181)
2026-05-29 22:51:41,952 | INFO |   GET https://www.gsmarena.com/blu_vivo_selfie-7450.php → 200
2026-05-29 22:51:41,974 | INFO |       📱 BLU Vivo Selfie | Main=8.0MP | Selfie=8.0MP | AnTuTu=None | Price=$None | IP=None | Populated=40/68 fields
2026-05-29 22:51:41,980 | INFO |   💾 [180/405] saved
2026-05-29 22:51:41,980 | INFO | 
  [265/405]
2026-05-29 22:51:41,980 | INFO |   ⏳ 30.0s (req #182)
2026-05-29 22:52:14,204 | INFO |   GET https://www.gsmarena.com/blu_energy_x_plus-7449.php → 200
2026-05-29 22:52:14,226 | INFO |       📱 BLU Energy X Plus | Main=8.0MP | Selfie=5.0MP | AnTuTu=None | Price=$None | IP=None | Populated=37/68 fields
2026-05-29 22:52:14,231 | INFO |   💾 [181/405] saved
2026-05-29 22:52:14,232 | INFO | 
  [266/405]
2026-05-29 22:52:14,232 | INFO |   ⏳ 27.5s (req #183)
2026-05-29 22:52:44,282 | INFO |   GET https://www.gsmarena.com/blu_studio_c_5_+_5_lte-7448.php → 200
2026-05-29 22:52:44,321 | INFO |       📱 BLU Studio C 5 + 5 LTE | Main=5.0MP | Selfie=5.0MP | AnTuTu=None | Price=$None | IP=None | Populated=39/68 fields
2026-05-29 22:52:44,327 | INFO |   💾 [182/405] saved
2026-05-29 22:52:44,327 | INFO | 
  [267/405]
2026-05-29 22:52:44,327 | INFO |   ⏳ 30.6s (req #184)
2026-05-29 22:53:17,536 | INFO |   GET https://www.gsmarena.com/blu_studio_c_5_+_5-7447.php → 200
2026-05-29 22:53:17,560 | INFO |       📱 BLU Studio C 5 + 5 | Main=5.0MP | Selfie=5.0MP | AnTuTu=None | Price=$None | IP=None | Populated=38/68 fields
2026-05-29 22:53:17,565 | INFO |   💾 [183/405] saved
2026-05-29 22:53:17,565 | INFO | 
  [268/405]
2026-05-29 22:53:17,566 | INFO |   ⏳ 42.8s (req #185)
2026-05-29 22:54:01,499 | INFO |   GET https://www.gsmarena.com/blu_life_8_xl-7293.php → 200
2026-05-29 22:54:01,524 | INFO |       📱 BLU Life 8 XL | Main=8.0MP | Selfie=2.0MP | AnTuTu=None | Price=$None | IP=None | Populated=38/68 fields
2026-05-29 22:54:01,528 | INFO |   💾 [184/405] saved
2026-05-29 22:54:01,529 | INFO | 
  [269/405]
2026-05-29 22:54:01,529 | INFO |   ⏳ 19.0s (req #186)
2026-05-29 22:54:22,449 | INFO |   GET https://www.gsmarena.com/blu_studio_5_5c-7291.php → 200
2026-05-29 22:54:22,489 | INFO |       📱 BLU Studio 5.5C | Main=5.0MP | Selfie=NoneMP | AnTuTu=None | Price=$None | IP=None | Populated=35/68 fields
2026-05-29 22:54:22,494 | INFO |   💾 [185/405] saved
2026-05-29 22:54:22,494 | INFO | 
  [270/405]
2026-05-29 22:54:22,495 | INFO |   ⏳ 16.0s (req #187)
2026-05-29 22:54:40,856 | INFO |   GET https://www.gsmarena.com/blu_studio_c-7290.php → 200
2026-05-29 22:54:40,889 | INFO |       📱 BLU Studio C | Main=8.0MP | Selfie=2.0MP | AnTuTu=None | Price=$None | IP=None | Populated=38/68 fields
2026-05-29 22:54:40,896 | INFO |   💾 [186/405] saved
2026-05-29 22:54:40,897 | INFO | 
  [271/405]
2026-05-29 22:54:40,897 | INFO |   ⏳ 42.3s (req #188)
2026-05-29 22:55:25,448 | INFO |   GET https://www.gsmarena.com/blu_advance_4_0_l-7265.php → 200
2026-05-29 22:55:25,475 | INFO |       📱 BLU Advance 4.0 L | Main=3.15MP | Selfie=NoneMP | AnTuTu=None | Price=$None | IP=None | Populated=35/68 fields
2026-05-29 22:55:25,479 | INFO |   💾 [187/405] saved
2026-05-29 22:55:25,480 | INFO | 
  [272/405]
2026-05-29 22:55:25,481 | INFO |   ⏳ 39.5s (req #189)
2026-05-29 22:56:06,961 | INFO |   GET https://www.gsmarena.com/blu_selfie-7225.php → 200
2026-05-29 22:56:06,985 | INFO |       📱 BLU Selfie | Main=13.0MP | Selfie=13.0MP | AnTuTu=None | Price=$None | IP=None | Populated=37/68 fields
2026-05-29 22:56:06,990 | INFO |   💾 [188/405] saved
2026-05-29 22:56:06,990 | INFO | 
  [273/405]
2026-05-29 22:56:06,990 | INFO |   ⏳ 16.2s (req #190)
2026-05-29 22:56:26,440 | INFO |   GET https://www.gsmarena.com/blu_win_hd_lte-7205.php → 200
2026-05-29 22:56:26,478 | INFO |       📱 BLU Win HD LTE | Main=8.0MP | Selfie=2.0MP | AnTuTu=None | Price=$None | IP=None | Populated=39/68 fields
2026-05-29 22:56:26,485 | INFO |   💾 [189/405] saved
2026-05-29 22:56:26,485 | INFO | 
  [274/405]
2026-05-29 22:56:26,485 | INFO |   ⏳ 24.6s (req #191)
2026-05-29 22:56:53,014 | INFO |   GET https://www.gsmarena.com/blu_win_jr_lte-7204.php → 200
2026-05-29 22:56:53,038 | INFO |       📱 BLU Win JR LTE | Main=5.0MP | Selfie=NoneMP | AnTuTu=None | Price=$None | IP=None | Populated=36/68 fields
2026-05-29 22:56:53,043 | INFO |   💾 [190/405] saved
2026-05-29 22:56:53,044 | INFO | 
  [275/405]
2026-05-29 22:56:53,044 | INFO |   ⏳ 18.5s (req #192)
2026-05-29 22:57:14,639 | INFO |   GET https://www.gsmarena.com/blu_life_one_(2015)-6930.php → 200
2026-05-29 22:57:14,663 | INFO |       📱 BLU Life One (2015) | Main=13.0MP | Selfie=5.0MP | AnTuTu=None | Price=$None | IP=None | Populated=40/68 fields
2026-05-29 22:57:14,669 | INFO |   💾 [191/405] saved
2026-05-29 22:57:14,669 | INFO | 
  [276/405]
2026-05-29 22:57:14,669 | INFO |   ⏳ 25.1s (req #193)
2026-05-29 22:57:41,715 | INFO |   GET https://www.gsmarena.com/blu_life_one_xl-6929.php → 200
2026-05-29 22:57:41,798 | INFO |       📱 BLU Life One XL | Main=13.0MP | Selfie=5.0MP | AnTuTu=None | Price=$None | IP=None | Populated=40/68 fields
2026-05-29 22:57:41,803 | INFO |   💾 [192/405] saved
2026-05-29 22:57:41,804 | INFO | 
  [277/405]
2026-05-29 22:57:41,804 | INFO |   ⏳ 34.1s (req #194)
2026-05-29 22:58:20,748 | INFO |   GET https://www.gsmarena.com/blu_studio_energy-6928.php → 200
2026-05-29 22:58:20,775 | INFO |       📱 BLU Studio Energy | Main=8.0MP | Selfie=2.0MP | AnTuTu=None | Price=$None | IP=None | Populated=38/68 fields
2026-05-29 22:58:20,780 | INFO |   💾 [193/405] saved
2026-05-29 22:58:20,780 | INFO | 
  [278/405]
2026-05-29 22:58:20,780 | INFO |   ⏳ 26.4s (req #195)
2026-05-29 22:58:51,809 | INFO |   GET https://www.gsmarena.com/blu_studio_g-6927.php → 200
2026-05-29 22:58:51,834 | INFO |       📱 BLU Studio G | Main=5.0MP | Selfie=NoneMP | AnTuTu=None | Price=$None | IP=None | Populated=34/68 fields
2026-05-29 22:58:51,839 | INFO |   💾 [194/405] saved
2026-05-29 22:58:51,839 | INFO | 
  [279/405]
2026-05-29 22:58:51,839 | INFO |   ⏳ 29.6s (req #196)
2026-05-29 22:59:24,603 | INFO |   GET https://www.gsmarena.com/blu_studio_x_plus-6926.php → 200
2026-05-29 22:59:24,626 | INFO |       📱 BLU Studio X Plus | Main=8.0MP | Selfie=2.0MP | AnTuTu=None | Price=$None | IP=None | Populated=36/68 fields
2026-05-29 22:59:24,631 | INFO |   💾 [195/405] saved
2026-05-29 22:59:24,631 | INFO | 
  [280/405]
2026-05-29 22:59:24,632 | INFO |   ⏳ 27.3s (req #197)
2026-05-29 22:59:54,814 | INFO |   GET https://www.gsmarena.com/blu_studio_x-6925.php → 200
2026-05-29 22:59:54,840 | INFO |       📱 BLU Studio X | Main=8.0MP | Selfie=2.0MP | AnTuTu=None | Price=$None | IP=None | Populated=37/68 fields
2026-05-29 22:59:54,845 | INFO |   💾 [196/405] saved
2026-05-29 22:59:54,845 | INFO | 
  [281/405]
2026-05-29 22:59:54,845 | INFO |   ⏳ 29.2s (req #198)
2026-05-29 23:00:28,135 | INFO |   GET https://www.gsmarena.com/blu_vivo_air-6924.php → 200
2026-05-29 23:00:28,164 | INFO |       📱 BLU Vivo Air | Main=8.0MP | Selfie=5.0MP | AnTuTu=None | Price=$None | IP=None | Populated=40/68 fields
2026-05-29 23:00:28,170 | INFO |   💾 [197/405] saved
2026-05-29 23:00:28,170 | INFO | 
  [282/405]
2026-05-29 23:00:28,170 | INFO |   ⏳ 42.7s (req #199)
2026-05-29 23:01:14,395 | INFO |   GET https://www.gsmarena.com/blu_studio_6_0_lte-6900.php → 200
2026-05-29 23:01:14,430 | INFO |       📱 BLU Studio 6.0 LTE | Main=13.0MP | Selfie=5.0MP | AnTuTu=None | Price=$None | IP=None | Populated=40/68 fields
2026-05-29 23:01:14,435 | INFO |   💾 [198/405] saved
2026-05-29 23:01:14,435 | INFO | 
  [283/405]
2026-05-29 23:01:14,436 | INFO |   ⏳ 37.3s (req #200)
2026-05-29 23:01:55,922 | INFO |   GET https://www.gsmarena.com/blu_studio_5_0_hd_lte-6899.php → 200
2026-05-29 23:01:55,945 | INFO |       📱 BLU Studio 5.0 HD LTE | Main=13.0MP | Selfie=5.0MP | AnTuTu=None | Price=$None | IP=None | Populated=40/68 fields
2026-05-29 23:01:55,952 | INFO |   💾 [199/405] saved
2026-05-29 23:01:55,952 | INFO | 
  [284/405]
2026-05-29 23:01:55,952 | INFO |   ⏳ 15.3s (req #201)
2026-05-29 23:02:14,762 | INFO |   GET https://www.gsmarena.com/blu_studio_mini_lte-6839.php → 200
2026-05-29 23:02:14,786 | INFO |       📱 BLU Studio Mini LTE | Main=5.0MP | Selfie=NoneMP | AnTuTu=None | Price=$None | IP=None | Populated=38/68 fields
2026-05-29 23:02:14,793 | INFO |   💾 [200/405] saved
2026-05-29 23:02:14,793 | INFO | 
  [285/405]
2026-05-29 23:02:14,793 | INFO |   ⏳ 19.3s (req #202)
2026-05-29 23:02:36,766 | INFO |   GET https://www.gsmarena.com/blu_studio_7_0-6838.php → 200
2026-05-29 23:02:36,790 | INFO |       📱 BLU Studio 7.0 | Main=5.0MP | Selfie=2.0MP | AnTuTu=None | Price=$None | IP=None | Populated=37/68 fields
2026-05-29 23:02:36,795 | INFO |   💾 [201/405] saved
2026-05-29 23:02:36,795 | INFO | 
  [286/405]
2026-05-29 23:02:36,795 | INFO |   ⏳ 23.4s (req #203)
2026-05-29 23:03:01,136 | INFO |   GET https://www.gsmarena.com/blu_sport_4_5-6837.php → 200
2026-05-29 23:03:01,162 | INFO |       📱 BLU Sport 4.5 | Main=5.0MP | Selfie=NoneMP | AnTuTu=None | Price=$None | IP=IP55 | Populated=34/68 fields
2026-05-29 23:03:01,166 | INFO |   💾 [202/405] saved
2026-05-29 23:03:01,167 | INFO | 
  [287/405]
2026-05-29 23:03:01,167 | INFO |   ⏳ 27.9s (req #204)
2026-05-29 23:03:30,348 | INFO |   GET https://www.gsmarena.com/blu_life_view_8_0-6836.php → 200
2026-05-29 23:03:30,382 | INFO |       📱 BLU Life View 8.0 | Main=3.15MP | Selfie=NoneMP | AnTuTu=None | Price=$None | IP=None | Populated=35/68 fields
2026-05-29 23:03:30,387 | INFO |   💾 [203/405] saved
2026-05-29 23:03:30,388 | INFO | 
  [288/405]
2026-05-29 23:03:30,388 | INFO |   ⏳ 28.6s (req #205)
2026-05-29 23:04:00,471 | INFO |   GET https://www.gsmarena.com/blu_life_play_mini-6835.php → 200
2026-05-29 23:04:00,533 | INFO |       📱 BLU Life Play Mini | Main=3.15MP | Selfie=NoneMP | AnTuTu=None | Price=$None | IP=None | Populated=34/68 fields
2026-05-29 23:04:00,538 | INFO |   💾 [204/405] saved
2026-05-29 23:04:00,539 | INFO | 
  [289/405]
2026-05-29 23:04:00,539 | INFO |   ⏳ 42.7s (req #206)
2026-05-29 23:04:45,196 | INFO |   GET https://www.gsmarena.com/blu_dash_music_jr-6834.php → 200
2026-05-29 23:04:45,240 | INFO |       📱 BLU Dash Music JR | Main=2.0MP | Selfie=NoneMP | AnTuTu=None | Price=$None | IP=None | Populated=31/68 fields
2026-05-29 23:04:45,245 | INFO |   💾 [205/405] saved
2026-05-29 23:04:45,245 | INFO | 
  [290/405]
2026-05-29 23:04:45,245 | INFO |   ⏳ 23.2s (req #207)
2026-05-29 23:05:10,965 | INFO |   GET https://www.gsmarena.com/blu_dash_c_music-6833.php → 200
2026-05-29 23:05:10,997 | INFO |       📱 BLU Dash C Music | Main=3.15MP | Selfie=NoneMP | AnTuTu=None | Price=$None | IP=None | Populated=33/68 fields
2026-05-29 23:05:11,002 | INFO |   💾 [206/405] saved
2026-05-29 23:05:11,002 | INFO | 
  [291/405]
2026-05-29 23:05:11,003 | INFO |   ⏳ 44.2s (req #208)
2026-05-29 23:05:58,812 | INFO |   GET https://www.gsmarena.com/blu_win_jr-6670.php → 200
2026-05-29 23:05:58,837 | INFO |       📱 BLU Win JR | Main=5.0MP | Selfie=NoneMP | AnTuTu=None | Price=$None | IP=None | Populated=36/68 fields
2026-05-29 23:05:58,842 | INFO |   💾 [207/405] saved
2026-05-29 23:05:58,843 | INFO | 
  [292/405]
2026-05-29 23:05:58,844 | INFO |   ⏳ 36.2s (req #209)
2026-05-29 23:06:37,140 | INFO |   GET https://www.gsmarena.com/blu_win_hd-6669.php → 200
2026-05-29 23:06:37,166 | INFO |       📱 BLU Win HD | Main=8.0MP | Selfie=2.0MP | AnTuTu=None | Price=$None | IP=None | Populated=40/68 fields
2026-05-29 23:06:37,171 | INFO |   💾 [208/405] saved
2026-05-29 23:06:37,171 | INFO | 
  [293/405]
2026-05-29 23:06:37,171 | INFO |   ☕ Long pause 286s ...
2026-05-29 23:11:28,330 | INFO |   GET https://www.gsmarena.com/blu_studio_5_0_c_hd-6565.php → 200
2026-05-29 23:11:28,354 | INFO |       📱 BLU Studio 5.0 C HD | Main=8.0MP | Selfie=2.0MP | AnTuTu=None | Price=$None | IP=None | Populated=39/68 fields
2026-05-29 23:11:28,359 | INFO |   💾 [209/405] saved
2026-05-29 23:11:28,359 | INFO | 
  [294/405]
2026-05-29 23:11:28,359 | INFO |   ⏳ 18.8s (req #211)
2026-05-29 23:11:50,283 | INFO |   GET https://www.gsmarena.com/blu_studio_c_mini-6566.php → 200
2026-05-29 23:11:50,310 | INFO |       📱 BLU Studio C Mini | Main=5.0MP | Selfie=2.0MP | AnTuTu=None | Price=$None | IP=None | Populated=36/68 fields
2026-05-29 23:11:50,315 | INFO |   💾 [210/405] saved
2026-05-29 23:11:50,316 | INFO | 
  [295/405]
2026-05-29 23:11:50,316 | INFO |   ⏳ 42.6s (req #212)
2026-05-29 23:12:34,386 | INFO |   GET https://www.gsmarena.com/blu_studio_5_0_c-6567.php → 200
2026-05-29 23:12:34,421 | INFO |       📱 BLU Studio 5.0 C | Main=5.0MP | Selfie=NoneMP | AnTuTu=None | Price=$None | IP=None | Populated=36/68 fields
2026-05-29 23:12:34,425 | INFO |   💾 [211/405] saved
2026-05-29 23:12:34,426 | INFO | 
  [296/405]
2026-05-29 23:12:34,426 | INFO |   ⏳ 38.4s (req #213)
2026-05-29 23:13:15,788 | INFO |   GET https://www.gsmarena.com/blu_studio_5_0_ce-6568.php → 200
2026-05-29 23:13:15,811 | INFO |       📱 BLU Studio 5.0 CE | Main=3.15MP | Selfie=NoneMP | AnTuTu=None | Price=$None | IP=None | Populated=33/68 fields
2026-05-29 23:13:15,816 | INFO |   💾 [212/405] saved
2026-05-29 23:13:15,817 | INFO | 
  [297/405]
2026-05-29 23:13:15,817 | INFO |   ⏳ 18.0s (req #214)
2026-05-29 23:13:35,502 | INFO |   GET https://www.gsmarena.com/blu_vivo_iv-6406.php → 200
2026-05-29 23:13:35,525 | INFO |       📱 BLU Vivo IV | Main=13.0MP | Selfie=5.0MP | AnTuTu=None | Price=$None | IP=None | Populated=40/68 fields
2026-05-29 23:13:35,530 | INFO |   💾 [213/405] saved
2026-05-29 23:13:35,530 | INFO | 
  [298/405]
2026-05-29 23:13:35,530 | INFO |   ⏳ 22.8s (req #215)
2026-05-29 23:14:00,435 | INFO |   GET https://www.gsmarena.com/blu_life_8-6405.php → 200
2026-05-29 23:14:00,460 | INFO |       📱 BLU Life 8 | Main=8.0MP | Selfie=2.0MP | AnTuTu=None | Price=$None | IP=None | Populated=39/68 fields
2026-05-29 23:14:00,464 | INFO |   💾 [214/405] saved
2026-05-29 23:14:00,465 | INFO | 
  [299/405]
2026-05-29 23:14:00,465 | INFO |   ⏳ 23.8s (req #216)
2026-05-29 23:14:27,424 | INFO |   GET https://www.gsmarena.com/blu_life_pure_xl-6346.php → 200
2026-05-29 23:14:27,454 | INFO |       📱 BLU Life Pure XL | Main=16.0MP | Selfie=8.0MP | AnTuTu=None | Price=$None | IP=None | Populated=43/68 fields
2026-05-29 23:14:27,459 | INFO |   💾 [215/405] saved
2026-05-29 23:14:27,460 | INFO | 
  [300/405]
2026-05-29 23:14:27,460 | INFO |   ⏳ 44.9s (req #217)
2026-05-29 23:15:18,283 | INFO |   GET https://www.gsmarena.com/blu_studio_5_0_lte-6339.php → 200
2026-05-29 23:15:18,307 | INFO |       📱 BLU Studio 5.0 LTE | Main=8.0MP | Selfie=1.6MP | AnTuTu=None | Price=$None | IP=None | Populated=39/68 fields
2026-05-29 23:15:18,311 | INFO |   💾 [216/405] saved
2026-05-29 23:15:18,312 | INFO | 
  [301/405]
2026-05-29 23:15:18,312 | INFO |   ⏳ 22.0s (req #218)
2026-05-29 23:15:44,446 | INFO |   GET https://www.gsmarena.com/blu_studio_6_0_hd-6330.php → 200
2026-05-29 23:15:44,479 | INFO |       📱 BLU Studio 6.0 HD | Main=8.0MP | Selfie=2.0MP | AnTuTu=None | Price=$None | IP=None | Populated=39/68 fields
2026-05-29 23:15:44,484 | INFO |   💾 [217/405] saved
2026-05-29 23:15:44,485 | INFO | 
  [302/405]
2026-05-29 23:15:44,485 | INFO |   ⏳ 29.1s (req #219)
2026-05-29 23:16:17,949 | INFO |   GET https://www.gsmarena.com/blu_neo_4_5-6277.php → 200
2026-05-29 23:16:17,969 | INFO |       📱 BLU Neo 4.5 | Main=3.15MP | Selfie=NoneMP | AnTuTu=None | Price=$None | IP=None | Populated=34/68 fields
2026-05-29 23:16:17,975 | INFO |   💾 [218/405] saved
2026-05-29 23:16:17,975 | INFO | 
  [303/405]
2026-05-29 23:16:17,975 | INFO |   ⏳ 21.8s (req #220)
2026-05-29 23:16:42,125 | INFO |   GET https://www.gsmarena.com/blu_neo_3_5-6276.php → 200
2026-05-29 23:16:42,145 | INFO |       📱 BLU Neo 3.5 | Main=1.3MP | Selfie=NoneMP | AnTuTu=None | Price=$None | IP=None | Populated=31/68 fields
2026-05-29 23:16:42,150 | INFO |   💾 [219/405] saved
2026-05-29 23:16:42,150 | INFO | 
  [304/405]
2026-05-29 23:16:42,151 | INFO |   ⏳ 37.8s (req #221)
2026-05-29 23:17:24,276 | INFO |   GET https://www.gsmarena.com/blu_studio_5_0_s_ii-6244.php → 200
2026-05-29 23:17:24,313 | INFO |       📱 BLU Studio 5.0 S II | Main=8.0MP | Selfie=2.0MP | AnTuTu=None | Price=$None | IP=None | Populated=39/68 fields
2026-05-29 23:17:24,318 | INFO |   💾 [220/405] saved
2026-05-29 23:17:24,318 | INFO | 
  [305/405]
2026-05-29 23:17:24,319 | INFO |   ⏳ 26.5s (req #222)
2026-05-29 23:17:55,625 | INFO |   GET https://www.gsmarena.com/blu_studio_5_0_e-6243.php → 200
2026-05-29 23:17:55,651 | INFO |       📱 BLU Studio 5.0 E | Main=3.15MP | Selfie=NoneMP | AnTuTu=None | Price=$None | IP=None | Populated=34/68 fields
2026-05-29 23:17:55,655 | INFO |   💾 [221/405] saved
2026-05-29 23:17:55,656 | INFO | 
  [306/405]
2026-05-29 23:17:55,656 | INFO |   ⏳ 17.5s (req #223)
2026-05-29 23:18:17,038 | INFO |   GET https://www.gsmarena.com/blu_studio_5_5_s-6242.php → 200
2026-05-29 23:18:17,065 | INFO |       📱 BLU Studio 5.5 S | Main=8.0MP | Selfie=2.0MP | AnTuTu=None | Price=$None | IP=None | Populated=39/68 fields
2026-05-29 23:18:17,070 | INFO |   💾 [222/405] saved
2026-05-29 23:18:17,070 | INFO | 
  [307/405]
2026-05-29 23:18:17,070 | INFO |   ⏳ 20.7s (req #224)
2026-05-29 23:18:39,784 | INFO |   GET https://www.gsmarena.com/blu_life_pure_mini-6041.php → 200
2026-05-29 23:18:39,819 | INFO |       📱 BLU Life Pure Mini | Main=8.0MP | Selfie=2.0MP | AnTuTu=None | Price=$None | IP=None | Populated=39/68 fields
2026-05-29 23:18:39,823 | INFO |   💾 [223/405] saved
2026-05-29 23:18:39,824 | INFO | 
  [308/405]
2026-05-29 23:18:39,824 | INFO |   ⏳ 28.0s (req #225)
2026-05-29 23:19:10,966 | INFO |   GET https://www.gsmarena.com/blu_vivo_4_8_hd-5986.php → 200
2026-05-29 23:19:10,991 | INFO |       📱 BLU Vivo 4.8 HD | Main=8.0MP | Selfie=5.0MP | AnTuTu=None | Price=$None | IP=None | Populated=39/68 fields
2026-05-29 23:19:10,995 | INFO |   💾 [224/405] saved
2026-05-29 23:19:10,996 | INFO | 
  [309/405]
2026-05-29 23:19:10,996 | INFO |   ⏳ 21.1s (req #226)
2026-05-29 23:19:35,372 | INFO |   GET https://www.gsmarena.com/blu_life_view_tab-5957.php → 200
2026-05-29 23:19:35,398 | INFO |       📱 BLU Life View Tab | Main=5.0MP | Selfie=5.0MP | AnTuTu=None | Price=$None | IP=None | Populated=37/68 fields
2026-05-29 23:19:35,403 | INFO |   💾 [225/405] saved
2026-05-29 23:19:35,403 | INFO | 
  [310/405]
2026-05-29 23:19:35,404 | INFO |   ⏳ 16.7s (req #227)
2026-05-29 23:19:54,658 | INFO |   GET https://www.gsmarena.com/blu_life_play_s-5956.php → 200
2026-05-29 23:19:54,681 | INFO |       📱 BLU Life Play S | Main=8.0MP | Selfie=5.0MP | AnTuTu=None | Price=$None | IP=None | Populated=39/68 fields
2026-05-29 23:19:54,687 | INFO |   💾 [226/405] saved
2026-05-29 23:19:54,687 | INFO | 
  [311/405]
2026-05-29 23:19:54,687 | INFO |   ⏳ 15.1s (req #228)
2026-05-29 23:20:10,906 | INFO |   GET https://www.gsmarena.com/blu_life_one_x-5955.php → 200
2026-05-29 23:20:10,934 | INFO |       📱 BLU Life One X | Main=13.0MP | Selfie=5.0MP | AnTuTu=None | Price=$None | IP=None | Populated=39/68 fields
2026-05-29 23:20:10,938 | INFO |   💾 [227/405] saved
2026-05-29 23:20:10,938 | INFO | 
  [312/405]
2026-05-29 23:20:10,938 | INFO |   ⏳ 20.5s (req #229)
2026-05-29 23:20:34,182 | INFO |   GET https://www.gsmarena.com/blu_life_one_m-5954.php → 200
2026-05-29 23:20:34,206 | INFO |       📱 BLU Life One M | Main=12.0MP | Selfie=2.0MP | AnTuTu=None | Price=$None | IP=None | Populated=39/68 fields
2026-05-29 23:20:34,210 | INFO |   💾 [228/405] saved
2026-05-29 23:20:34,210 | INFO | 
  [313/405]
2026-05-29 23:20:34,210 | INFO |   ⏳ 26.0s (req #230)
2026-05-29 23:21:01,399 | INFO |   GET https://www.gsmarena.com/blu_life_play_x-5935.php → 200
2026-05-29 23:21:01,433 | INFO |       📱 BLU Life Play X | Main=8.0MP | Selfie=2.0MP | AnTuTu=None | Price=$None | IP=None | Populated=39/68 fields
2026-05-29 23:21:01,438 | INFO |   💾 [229/405] saved
2026-05-29 23:21:01,438 | INFO | 
  [314/405]
2026-05-29 23:21:01,438 | INFO |   ⏳ 39.0s (req #231)
2026-05-29 23:21:42,812 | INFO |   GET https://www.gsmarena.com/blu_life_pure-5920.php → 200
2026-05-29 23:21:42,836 | INFO |       📱 BLU Life Pure | Main=13.0MP | Selfie=5.0MP | AnTuTu=None | Price=$None | IP=None | Populated=39/68 fields
2026-05-29 23:21:42,842 | INFO |   💾 [230/405] saved
2026-05-29 23:21:42,842 | INFO | 
  [315/405]
2026-05-29 23:21:42,842 | INFO |   ⏳ 43.8s (req #232)
2026-05-29 23:22:27,582 | INFO |   GET https://www.gsmarena.com/blu_studio_5_0_ii-5909.php → 200
2026-05-29 23:22:27,608 | INFO |       📱 BLU Studio 5.0 II | Main=5.0MP | Selfie=NoneMP | AnTuTu=None | Price=$None | IP=None | Populated=36/68 fields
2026-05-29 23:22:27,612 | INFO |   💾 [231/405] saved
2026-05-29 23:22:27,612 | INFO | 
  [316/405]
2026-05-29 23:22:27,613 | INFO |   ⏳ 18.4s (req #233)
2026-05-29 23:22:47,544 | INFO |   GET https://www.gsmarena.com/blu_advance_4_0-5908.php → 200
2026-05-29 23:22:47,568 | INFO |       📱 BLU Advance 4.0 | Main=5.0MP | Selfie=NoneMP | AnTuTu=None | Price=$None | IP=None | Populated=36/68 fields
2026-05-29 23:22:47,574 | INFO |   💾 [232/405] saved
2026-05-29 23:22:47,574 | INFO | 
  [317/405]
2026-05-29 23:22:47,575 | INFO |   ⏳ 31.8s (req #234)
2026-05-29 23:23:20,627 | INFO |   GET https://www.gsmarena.com/blu_life_pro-5873.php → 200
2026-05-29 23:23:20,655 | INFO |       📱 BLU Life Pro | Main=12.0MP | Selfie=5.0MP | AnTuTu=None | Price=$None | IP=None | Populated=39/68 fields
2026-05-29 23:23:20,661 | INFO |   💾 [233/405] saved
2026-05-29 23:23:20,661 | INFO | 
  [318/405]
2026-05-29 23:23:20,661 | INFO |   ⏳ 36.0s (req #235)
2026-05-29 23:23:57,841 | INFO |   GET https://www.gsmarena.com/blu_studio_5_5-5761.php → 200
2026-05-29 23:23:57,867 | INFO |       📱 BLU Studio 5.5 | Main=5.0MP | Selfie=NoneMP | AnTuTu=None | Price=$None | IP=None | Populated=38/68 fields
2026-05-29 23:23:57,873 | INFO |   💾 [234/405] saved
2026-05-29 23:23:57,873 | INFO | 
  [319/405]
2026-05-29 23:23:57,873 | INFO |   ⏳ 39.6s (req #236)
2026-05-29 23:24:39,342 | INFO |   GET https://www.gsmarena.com/blu_samba_w-5748.php → 200
2026-05-29 23:24:39,390 | INFO |       📱 BLU Samba W | Main=1.3MP | Selfie=NoneMP | AnTuTu=None | Price=$None | IP=None | Populated=26/68 fields
2026-05-29 23:24:39,395 | INFO |   💾 [235/405] saved
2026-05-29 23:24:39,395 | INFO | 
  [320/405]
2026-05-29 23:24:39,395 | INFO |   ⏳ 29.0s (req #237)
2026-05-29 23:25:10,958 | INFO |   GET https://www.gsmarena.com/blu_samba_tv-5747.php → 200
2026-05-29 23:25:10,999 | INFO |       📱 BLU Samba TV | Main=NoneMP | Selfie=NoneMP | AnTuTu=None | Price=$None | IP=None | Populated=24/68 fields
2026-05-29 23:25:11,004 | INFO |   💾 [236/405] saved
2026-05-29 23:25:11,005 | INFO | 
  [321/405]
2026-05-29 23:25:11,005 | INFO |   ⏳ 28.6s (req #238)
2026-05-29 23:25:42,578 | INFO |   GET https://www.gsmarena.com/blu_jenny_tv_2_8-5746.php → 200
2026-05-29 23:25:42,604 | INFO |       📱 BLU Jenny TV 2.8 | Main=1.3MP | Selfie=NoneMP | AnTuTu=None | Price=$None | IP=None | Populated=25/68 fields
2026-05-29 23:25:42,632 | INFO |   💾 [237/405] saved
2026-05-29 23:25:42,632 | INFO | 
  [322/405]
2026-05-29 23:25:42,632 | INFO |   ⏳ 39.3s (req #239)
2026-05-29 23:26:23,286 | INFO |   GET https://www.gsmarena.com/blu_zoey-5745.php → 200
2026-05-29 23:26:23,313 | INFO |       📱 BLU Zoey | Main=NoneMP | Selfie=NoneMP | AnTuTu=None | Price=$None | IP=None | Populated=24/68 fields
2026-05-29 23:26:23,317 | INFO |   💾 [238/405] saved
2026-05-29 23:26:23,319 | INFO | 
  [323/405]
2026-05-29 23:26:23,319 | INFO |   ☕ Long pause 164s ...
2026-05-29 23:29:08,345 | INFO |   GET https://www.gsmarena.com/blu_dash_5_0-5661.php → 200
2026-05-29 23:29:08,394 | INFO |       📱 BLU Dash 5.0 | Main=5.0MP | Selfie=NoneMP | AnTuTu=None | Price=$None | IP=None | Populated=36/68 fields
2026-05-29 23:29:08,399 | INFO |   💾 [239/405] saved
2026-05-29 23:29:08,400 | INFO | 
  [324/405]
2026-05-29 23:29:08,400 | INFO |   ⏳ 18.0s (req #241)
2026-05-29 23:29:28,024 | INFO |   GET https://www.gsmarena.com/blu_dash_music_4_0-5660.php → 200
2026-05-29 23:29:28,049 | INFO |       📱 BLU Dash Music 4.0 | Main=3.15MP | Selfie=NoneMP | AnTuTu=None | Price=$None | IP=None | Populated=35/68 fields
2026-05-29 23:29:28,055 | INFO |   💾 [240/405] saved
2026-05-29 23:29:28,055 | INFO | 
  [325/405]
2026-05-29 23:29:28,055 | INFO |   ⏳ 17.6s (req #242)
2026-05-29 23:29:47,643 | INFO |   GET https://www.gsmarena.com/blu_dash_jr-5662.php → 200
2026-05-29 23:29:47,689 | INFO |       📱 BLU Dash JR | Main=2.0MP | Selfie=NoneMP | AnTuTu=None | Price=$None | IP=None | Populated=31/68 fields
2026-05-29 23:29:47,694 | INFO |   💾 [241/405] saved
2026-05-29 23:29:47,694 | INFO | 
  [326/405]
2026-05-29 23:29:47,694 | INFO |   ⏳ 27.5s (req #243)
2026-05-29 23:30:16,576 | INFO |   GET https://www.gsmarena.com/blu_dash_4_5-5593.php → 200
2026-05-29 23:30:16,613 | INFO |       📱 BLU Dash 4.5 | Main=5.0MP | Selfie=NoneMP | AnTuTu=None | Price=$None | IP=None | Populated=36/68 fields
2026-05-29 23:30:16,618 | INFO |   💾 [242/405] saved
2026-05-29 23:30:16,618 | INFO | 
  [327/405]
2026-05-29 23:30:16,618 | INFO |   ⏳ 33.5s (req #244)
2026-05-29 23:30:51,972 | INFO |   GET https://www.gsmarena.com/blu_amour-5489.php → 200
2026-05-29 23:30:52,000 | INFO |       📱 BLU Amour | Main=5.0MP | Selfie=NoneMP | AnTuTu=None | Price=$None | IP=None | Populated=36/68 fields
2026-05-29 23:30:52,006 | INFO |   💾 [243/405] saved
2026-05-29 23:30:52,006 | INFO | 
  [328/405]
2026-05-29 23:30:52,006 | INFO |   ⏳ 24.8s (req #245)
2026-05-29 23:31:19,448 | INFO |   GET https://www.gsmarena.com/blu_studio_5_3_s-5458.php → 200
2026-05-29 23:31:19,476 | INFO |       📱 BLU Studio 5.3 S | Main=8.0MP | Selfie=2.0MP | AnTuTu=None | Price=$None | IP=None | Populated=38/68 fields
2026-05-29 23:31:19,481 | INFO |   💾 [244/405] saved
2026-05-29 23:31:19,481 | INFO | 
  [329/405]
2026-05-29 23:31:19,481 | INFO |   ⏳ 21.2s (req #246)
2026-05-29 23:31:43,698 | INFO |   GET https://www.gsmarena.com/blu_studio_5_0_s-5459.php → 200
2026-05-29 23:31:43,723 | INFO |       📱 BLU Studio 5.0 S | Main=8.0MP | Selfie=2.0MP | AnTuTu=None | Price=$None | IP=None | Populated=38/68 fields
2026-05-29 23:31:43,750 | INFO |   💾 [245/405] saved
2026-05-29 23:31:43,751 | INFO | 
  [330/405]
2026-05-29 23:31:43,751 | INFO |   ⏳ 16.5s (req #247)
2026-05-29 23:32:01,247 | INFO |   GET https://www.gsmarena.com/blu_studio_5_0-5460.php → 200
2026-05-29 23:32:01,275 | INFO |       📱 BLU Studio 5.0 | Main=5.0MP | Selfie=NoneMP | AnTuTu=None | Price=$None | IP=None | Populated=36/68 fields
2026-05-29 23:32:01,281 | INFO |   💾 [246/405] saved
2026-05-29 23:32:01,282 | INFO | 
  [331/405]
2026-05-29 23:32:01,282 | INFO |   ⏳ 32.1s (req #248)
2026-05-29 23:32:35,735 | INFO |   GET https://www.gsmarena.com/blu_dash_music-5411.php → 200
2026-05-29 23:32:35,761 | INFO |       📱 BLU Dash Music | Main=2.0MP | Selfie=NoneMP | AnTuTu=None | Price=$None | IP=None | Populated=33/68 fields
2026-05-29 23:32:35,766 | INFO |   💾 [247/405] saved
2026-05-29 23:32:35,766 | INFO | 
  [332/405]
2026-05-29 23:32:35,767 | INFO |   ⏳ 18.1s (req #249)
2026-05-29 23:32:57,104 | INFO |   GET https://www.gsmarena.com/blu_diva_x-5410.php → 200
2026-05-29 23:32:57,161 | INFO |       📱 BLU Diva X | Main=1.3MP | Selfie=NoneMP | AnTuTu=None | Price=$None | IP=None | Populated=26/68 fields
2026-05-29 23:32:57,166 | INFO |   💾 [248/405] saved
2026-05-29 23:32:57,166 | INFO | 
  [333/405]
2026-05-29 23:32:57,167 | INFO |   ⏳ 39.6s (req #250)
2026-05-29 23:33:37,903 | INFO |   GET https://www.gsmarena.com/blu_diva-5409.php → 200
2026-05-29 23:33:37,930 | INFO |       📱 BLU Diva | Main=NoneMP | Selfie=NoneMP | AnTuTu=None | Price=$None | IP=None | Populated=24/68 fields
2026-05-29 23:33:37,935 | INFO |   💾 [249/405] saved
2026-05-29 23:33:37,936 | INFO | 
  [334/405]
2026-05-29 23:33:37,936 | INFO |   ⏳ 26.0s (req #251)
2026-05-29 23:34:05,129 | INFO |   GET https://www.gsmarena.com/blu_tattoo_s-5408.php → 200
2026-05-29 23:34:05,154 | INFO |       📱 BLU Tattoo S | Main=1.3MP | Selfie=NoneMP | AnTuTu=None | Price=$None | IP=None | Populated=25/68 fields
2026-05-29 23:34:05,159 | INFO |   💾 [250/405] saved
2026-05-29 23:34:05,160 | INFO | 
  [335/405]
2026-05-29 23:34:05,160 | INFO |   ⏳ 35.2s (req #252)
2026-05-29 23:34:41,483 | INFO |   GET https://www.gsmarena.com/blu_life_view-5360.php → 200
2026-05-29 23:34:41,516 | INFO |       📱 BLU Life View | Main=12.0MP | Selfie=5.0MP | AnTuTu=None | Price=$None | IP=None | Populated=39/68 fields
2026-05-29 23:34:41,521 | INFO |   💾 [251/405] saved
2026-05-29 23:34:41,522 | INFO | 
  [336/405]
2026-05-29 23:34:41,522 | INFO |   ⏳ 34.4s (req #253)
2026-05-29 23:35:17,033 | INFO |   GET https://www.gsmarena.com/blu_life_one-5358.php → 200
2026-05-29 23:35:17,066 | INFO |       📱 BLU Life One | Main=13.0MP | Selfie=5.0MP | AnTuTu=None | Price=$None | IP=None | Populated=40/68 fields
2026-05-29 23:35:17,072 | INFO |   💾 [252/405] saved
2026-05-29 23:35:17,072 | INFO | 
  [337/405]
2026-05-29 23:35:17,073 | INFO |   ⏳ 37.1s (req #254)
2026-05-29 23:35:55,308 | INFO |   GET https://www.gsmarena.com/blu_life_play-5359.php → 200
2026-05-29 23:35:55,342 | INFO |       📱 BLU Life Play | Main=8.0MP | Selfie=2.0MP | AnTuTu=None | Price=$None | IP=None | Populated=39/68 fields
2026-05-29 23:35:55,348 | INFO |   💾 [253/405] saved
2026-05-29 23:35:55,348 | INFO | 
  [338/405]
2026-05-29 23:35:55,349 | INFO |   ⏳ 44.6s (req #255)
2026-05-29 23:36:41,052 | INFO |   GET https://www.gsmarena.com/blu_studio_5_3_ii-5295.php → 200
2026-05-29 23:36:41,090 | INFO |       📱 BLU Studio 5.3 II | Main=8.0MP | Selfie=2.0MP | AnTuTu=None | Price=$None | IP=None | Populated=37/68 fields
2026-05-29 23:36:41,096 | INFO |   💾 [254/405] saved
2026-05-29 23:36:41,096 | INFO | 
  [339/405]
2026-05-29 23:36:41,097 | INFO |   ⏳ 41.1s (req #256)
2026-05-29 23:37:23,451 | INFO |   GET https://www.gsmarena.com/blu_tank_4_5-5294.php → 200
2026-05-29 23:37:23,482 | INFO |       📱 BLU Tank 4.5 | Main=5.0MP | Selfie=NoneMP | AnTuTu=None | Price=$None | IP=IP67 | Populated=37/68 fields
2026-05-29 23:37:23,487 | INFO |   💾 [255/405] saved
2026-05-29 23:37:23,487 | INFO | 
  [340/405]
2026-05-29 23:37:23,487 | INFO |   ⏳ 33.1s (req #257)
2026-05-29 23:37:57,787 | INFO |   GET https://www.gsmarena.com/blu_quattro_5_7_hd-5283.php → 200
2026-05-29 23:37:57,819 | INFO |       📱 BLU Quattro 5.7 HD | Main=8.0MP | Selfie=1.3MP | AnTuTu=None | Price=$None | IP=None | Populated=38/68 fields
2026-05-29 23:37:57,824 | INFO |   💾 [256/405] saved
2026-05-29 23:37:57,825 | INFO | 
  [341/405]
2026-05-29 23:37:57,825 | INFO |   ⏳ 20.9s (req #258)
2026-05-29 23:38:19,791 | INFO |   GET https://www.gsmarena.com/blu_quattro_4_5_hd-5282.php → 200
2026-05-29 23:38:19,826 | INFO |       📱 BLU Quattro 4.5 HD | Main=8.0MP | Selfie=1.3MP | AnTuTu=None | Price=$None | IP=None | Populated=39/68 fields
2026-05-29 23:38:19,833 | INFO |   💾 [257/405] saved
2026-05-29 23:38:19,833 | INFO | 
  [342/405]
2026-05-29 23:38:19,833 | INFO |   ⏳ 30.5s (req #259)
2026-05-29 23:38:51,374 | INFO |   GET https://www.gsmarena.com/blu_quattro_4_5-5281.php → 200
2026-05-29 23:38:51,406 | INFO |       📱 BLU Quattro 4.5 | Main=5.0MP | Selfie=NoneMP | AnTuTu=None | Price=$None | IP=None | Populated=37/68 fields
2026-05-29 23:38:51,410 | INFO |   💾 [258/405] saved
2026-05-29 23:38:51,411 | INFO | 
  [343/405]
2026-05-29 23:38:51,411 | INFO |   ⏳ 41.7s (req #260)
2026-05-29 23:39:34,290 | INFO |   GET https://www.gsmarena.com/blu_hero_ii-5210.php → 200
2026-05-29 23:39:34,319 | INFO |       📱 BLU Hero II | Main=1.3MP | Selfie=NoneMP | AnTuTu=None | Price=$None | IP=None | Populated=26/68 fields
2026-05-29 23:39:34,324 | INFO |   💾 [259/405] saved
2026-05-29 23:39:34,325 | INFO | 
  [344/405]
2026-05-29 23:39:34,325 | INFO |   ⏳ 22.8s (req #261)
2026-05-29 23:39:58,179 | INFO |   GET https://www.gsmarena.com/blu_dash_4_0-5209.php → 200
2026-05-29 23:39:58,211 | INFO |       📱 BLU Dash 4.0 | Main=5.0MP | Selfie=NoneMP | AnTuTu=None | Price=$None | IP=None | Populated=36/68 fields
2026-05-29 23:39:58,217 | INFO |   💾 [260/405] saved
2026-05-29 23:39:58,217 | INFO | 
  [345/405]
2026-05-29 23:39:58,217 | INFO |   ⏳ 25.9s (req #262)
2026-05-29 23:40:25,223 | INFO |   GET https://www.gsmarena.com/blu_dash_3_2-5208.php → 200
2026-05-29 23:40:25,296 | INFO |       📱 BLU Dash 3.2 | Main=1.3MP | Selfie=NoneMP | AnTuTu=None | Price=$None | IP=None | Populated=33/68 fields
2026-05-29 23:40:25,302 | INFO |   💾 [261/405] saved
2026-05-29 23:40:25,302 | INFO | 
  [346/405]
2026-05-29 23:40:25,303 | INFO |   ⏳ 42.4s (req #263)
2026-05-29 23:41:08,766 | INFO |   GET https://www.gsmarena.com/blu_brooklyn-5207.php → 200
2026-05-29 23:41:08,796 | INFO |       📱 BLU Brooklyn | Main=1.3MP | Selfie=NoneMP | AnTuTu=None | Price=$None | IP=None | Populated=25/68 fields
2026-05-29 23:41:08,801 | INFO |   💾 [262/405] saved
2026-05-29 23:41:08,801 | INFO | 
  [347/405]
2026-05-29 23:41:08,801 | INFO |   ⏳ 15.8s (req #264)
2026-05-29 23:41:25,602 | INFO |   GET https://www.gsmarena.com/blu_vivo_4_65_hd-5206.php → 200
2026-05-29 23:41:25,632 | INFO |       📱 BLU Vivo 4.65 HD | Main=8.0MP | Selfie=1.3MP | AnTuTu=None | Price=$None | IP=None | Populated=39/68 fields
2026-05-29 23:41:25,637 | INFO |   💾 [263/405] saved
2026-05-29 23:41:25,638 | INFO | 
  [348/405]
2026-05-29 23:41:25,638 | INFO |   ⏳ 38.9s (req #265)
2026-05-29 23:42:05,624 | INFO |   GET https://www.gsmarena.com/blu_touch_book_9_7-5205.php → 200
2026-05-29 23:42:05,656 | INFO |       📱 BLU Touch Book 9.7 | Main=2.0MP | Selfie=2.0MP | AnTuTu=None | Price=$None | IP=None | Populated=35/68 fields
2026-05-29 23:42:05,663 | INFO |   💾 [264/405] saved
2026-05-29 23:42:05,663 | INFO | 
  [349/405]
2026-05-29 23:42:05,664 | INFO |   ⏳ 17.2s (req #266)
2026-05-29 23:42:23,990 | INFO |   GET https://www.gsmarena.com/blu_touch_book_7_0_plus-5202.php → 200
2026-05-29 23:42:24,022 | INFO |       📱 BLU Touch Book 7.0 Plus | Main=3.15MP | Selfie=NoneMP | AnTuTu=None | Price=$None | IP=None | Populated=32/68 fields
2026-05-29 23:42:24,027 | INFO |   💾 [265/405] saved
2026-05-29 23:42:24,027 | INFO | 
  [350/405]
2026-05-29 23:42:24,028 | INFO |   ⏳ 29.1s (req #267)
2026-05-29 23:42:54,296 | INFO |   GET https://www.gsmarena.com/blu_touch_book_7_0_lite-5201.php → 200
2026-05-29 23:42:54,340 | INFO |       📱 BLU Touch Book 7.0 Lite | Main=NoneMP | Selfie=NoneMP | AnTuTu=None | Price=$None | IP=None | Populated=30/68 fields
2026-05-29 23:42:54,345 | INFO |   💾 [266/405] saved
2026-05-29 23:42:54,346 | INFO | 
  [351/405]
2026-05-29 23:42:54,346 | INFO |   ⏳ 32.4s (req #268)
2026-05-29 23:43:27,747 | INFO |   GET https://www.gsmarena.com/blu_dash_3_5-5023.php → 200
2026-05-29 23:43:27,785 | INFO |       📱 BLU Dash 3.5 | Main=3.15MP | Selfie=NoneMP | AnTuTu=None | Price=$None | IP=None | Populated=33/68 fields
2026-05-29 23:43:27,791 | INFO |   💾 [267/405] saved
2026-05-29 23:43:27,792 | INFO | 
  [352/405]
2026-05-29 23:43:27,792 | INFO |   ⏳ 17.1s (req #269)
2026-05-29 23:43:45,927 | INFO |   GET https://www.gsmarena.com/blu_elite_3_8-4947.php → 200
2026-05-29 23:43:45,960 | INFO |       📱 BLU Elite 3.8 | Main=5.0MP | Selfie=NoneMP | AnTuTu=None | Price=$None | IP=None | Populated=35/68 fields
2026-05-29 23:43:45,965 | INFO |   💾 [268/405] saved
2026-05-29 23:43:45,965 | INFO | 
  [353/405]
2026-05-29 23:43:45,965 | INFO |   ☕ Long pause 152s ...
2026-05-29 23:46:19,213 | INFO |   GET https://www.gsmarena.com/blu_dash-4946.php → 200
2026-05-29 23:46:19,232 | INFO |       📱 BLU Dash | Main=2.0MP | Selfie=NoneMP | AnTuTu=None | Price=$None | IP=None | Populated=33/68 fields
2026-05-29 23:46:19,235 | INFO |   💾 [269/405] saved
2026-05-29 23:46:19,236 | INFO | 
  [354/405]
2026-05-29 23:46:19,236 | INFO |   ⏳ 39.7s (req #271)
2026-05-29 23:47:00,021 | INFO |   GET https://www.gsmarena.com/blu_hero-4945.php → 200
2026-05-29 23:47:00,052 | INFO |       📱 BLU Hero | Main=1.3MP | Selfie=NoneMP | AnTuTu=None | Price=$None | IP=None | Populated=25/68 fields
2026-05-29 23:47:00,058 | INFO |   💾 [270/405] saved
2026-05-29 23:47:00,058 | INFO | 
  [355/405]
2026-05-29 23:47:00,059 | INFO |   ⏳ 36.2s (req #272)
2026-05-29 23:47:37,347 | INFO |   GET https://www.gsmarena.com/blu_jenny_tv-4944.php → 200
2026-05-29 23:47:37,375 | INFO |       📱 BLU Jenny TV | Main=NoneMP | Selfie=NoneMP | AnTuTu=None | Price=$None | IP=None | Populated=24/68 fields
2026-05-29 23:47:37,380 | INFO |   💾 [271/405] saved
2026-05-29 23:47:37,380 | INFO | 
  [356/405]
2026-05-29 23:47:37,380 | INFO |   ⏳ 24.7s (req #273)
2026-05-29 23:48:03,221 | INFO |   GET https://www.gsmarena.com/blu_vivo_4_3-4901.php → 200
2026-05-29 23:48:03,253 | INFO |       📱 BLU Vivo 4.3 | Main=8.0MP | Selfie=1.3MP | AnTuTu=None | Price=$None | IP=None | Populated=37/68 fields
2026-05-29 23:48:03,259 | INFO |   💾 [272/405] saved
2026-05-29 23:48:03,260 | INFO | 
  [357/405]
2026-05-29 23:48:03,260 | INFO |   ⏳ 40.3s (req #274)
2026-05-29 23:48:44,858 | INFO |   GET https://www.gsmarena.com/blu_tank-4853.php → 200
2026-05-29 23:48:44,891 | INFO |       📱 BLU Tank | Main=NoneMP | Selfie=NoneMP | AnTuTu=None | Price=$None | IP=None | Populated=23/68 fields
2026-05-29 23:48:44,896 | INFO |   💾 [273/405] saved
2026-05-29 23:48:44,896 | INFO | 
  [358/405]
2026-05-29 23:48:44,896 | INFO |   ⏳ 36.7s (req #275)
2026-05-29 23:49:22,695 | INFO |   GET https://www.gsmarena.com/blu_jenny-4852.php → 200
2026-05-29 23:49:22,733 | INFO |       📱 BLU Jenny | Main=NoneMP | Selfie=NoneMP | AnTuTu=None | Price=$None | IP=None | Populated=23/68 fields
2026-05-29 23:49:22,738 | INFO |   💾 [274/405] saved
2026-05-29 23:49:22,739 | INFO | 
  [359/405]
2026-05-29 23:49:22,739 | INFO |   ⏳ 19.1s (req #276)
2026-05-29 23:49:42,891 | INFO |   GET https://www.gsmarena.com/blu_studio_5_3-4370.php → 200
2026-05-29 23:49:42,922 | INFO |       📱 BLU Studio 5.3 | Main=5.0MP | Selfie=NoneMP | AnTuTu=None | Price=$None | IP=None | Populated=34/68 fields
2026-05-29 23:49:42,928 | INFO |   💾 [275/405] saved
2026-05-29 23:49:42,928 | INFO | 
  [360/405]
2026-05-29 23:49:42,929 | INFO |   ⏳ 28.7s (req #277)
2026-05-29 23:50:12,733 | INFO |   GET https://www.gsmarena.com/blu_touch_book_7_0-4224.php → 200
2026-05-29 23:50:12,763 | INFO |       📱 BLU Touch Book 7.0 | Main=3.15MP | Selfie=NoneMP | AnTuTu=None | Price=$None | IP=None | Populated=32/68 fields
2026-05-29 23:50:12,769 | INFO |   💾 [276/405] saved
2026-05-29 23:50:12,769 | INFO | 
  [361/405]
2026-05-29 23:50:12,770 | INFO |   ⏳ 40.9s (req #278)
2026-05-29 23:50:54,877 | INFO |   GET https://www.gsmarena.com/blu_neo_pro-4195.php → 200
2026-05-29 23:50:54,908 | INFO |       📱 BLU Neo Pro | Main=3.15MP | Selfie=NoneMP | AnTuTu=None | Price=$None | IP=None | Populated=27/68 fields
2026-05-29 23:50:54,912 | INFO |   💾 [277/405] saved
2026-05-29 23:50:54,912 | INFO | 
  [362/405]
2026-05-29 23:50:54,913 | INFO |   ⏳ 25.6s (req #279)
2026-05-29 23:51:21,543 | INFO |   GET https://www.gsmarena.com/blu_neo_xt-4162.php → 200
2026-05-29 23:51:21,575 | INFO |       📱 BLU Neo XT | Main=3.15MP | Selfie=NoneMP | AnTuTu=None | Price=$None | IP=None | Populated=29/68 fields
2026-05-29 23:51:21,582 | INFO |   💾 [278/405] saved
2026-05-29 23:51:21,582 | INFO | 
  [363/405]
2026-05-29 23:51:21,582 | INFO |   ⏳ 17.8s (req #280)
2026-05-29 23:51:40,469 | INFO |   GET https://www.gsmarena.com/blu_neo-4163.php → 200
2026-05-29 23:51:40,496 | INFO |       📱 BLU Neo | Main=2.0MP | Selfie=NoneMP | AnTuTu=None | Price=$None | IP=None | Populated=25/68 fields
2026-05-29 23:51:40,503 | INFO |   💾 [279/405] saved
2026-05-29 23:51:40,503 | INFO | 
  [364/405]
2026-05-29 23:51:40,503 | INFO |   ⏳ 21.9s (req #281)
2026-05-29 23:52:03,471 | INFO |   GET https://www.gsmarena.com/blu_deco_pro-4165.php → 200
2026-05-29 23:52:03,510 | INFO |       📱 BLU Deco Pro | Main=3.2MP | Selfie=NoneMP | AnTuTu=None | Price=$None | IP=None | Populated=28/68 fields
2026-05-29 23:52:03,515 | INFO |   💾 [280/405] saved
2026-05-29 23:52:03,515 | INFO | 
  [365/405]
2026-05-29 23:52:03,516 | INFO |   ⏳ 29.8s (req #282)
2026-05-29 23:52:34,334 | INFO |   GET https://www.gsmarena.com/blu_deco_xt-4166.php → 200
2026-05-29 23:52:34,367 | INFO |       📱 BLU Deco XT | Main=2.0MP | Selfie=NoneMP | AnTuTu=None | Price=$None | IP=None | Populated=28/68 fields
2026-05-29 23:52:34,373 | INFO |   💾 [281/405] saved
2026-05-29 23:52:34,374 | INFO | 
  [366/405]
2026-05-29 23:52:34,374 | INFO |   ⏳ 40.9s (req #283)
2026-05-29 23:53:16,929 | INFO |   GET https://www.gsmarena.com/blu_deco-4167.php → 200
2026-05-29 23:53:16,960 | INFO |       📱 BLU Deco | Main=2.0MP | Selfie=NoneMP | AnTuTu=None | Price=$None | IP=None | Populated=24/68 fields
2026-05-29 23:53:16,966 | INFO |   💾 [282/405] saved
2026-05-29 23:53:16,966 | INFO | 
  [367/405]
2026-05-29 23:53:16,967 | INFO |   ⏳ 42.9s (req #284)
2026-05-29 23:54:00,962 | INFO |   GET https://www.gsmarena.com/blu_deco_mini-4168.php → 200
2026-05-29 23:54:00,991 | INFO |       📱 BLU Deco Mini | Main=1.3MP | Selfie=NoneMP | AnTuTu=None | Price=$None | IP=None | Populated=25/68 fields
2026-05-29 23:54:00,996 | INFO |   💾 [283/405] saved
2026-05-29 23:54:00,996 | INFO | 
  [368/405]
2026-05-29 23:54:00,996 | INFO |   ⏳ 17.6s (req #285)
2026-05-29 23:54:19,783 | INFO |   GET https://www.gsmarena.com/blu_electro-4169.php → 200
2026-05-29 23:54:19,812 | INFO |       📱 BLU Electro | Main=1.3MP | Selfie=NoneMP | AnTuTu=None | Price=$None | IP=None | Populated=25/68 fields
2026-05-29 23:54:19,819 | INFO |   💾 [284/405] saved
2026-05-29 23:54:19,820 | INFO | 
  [369/405]
2026-05-29 23:54:19,820 | INFO |   ⏳ 28.1s (req #286)
2026-05-29 23:54:48,982 | INFO |   GET https://www.gsmarena.com/blu_deejay_touch-4171.php → 200
2026-05-29 23:54:49,014 | INFO |       📱 BLU Deejay Touch | Main=1.3MP | Selfie=NoneMP | AnTuTu=None | Price=$None | IP=None | Populated=25/68 fields
2026-05-29 23:54:49,021 | INFO |   💾 [285/405] saved
2026-05-29 23:54:49,021 | INFO | 
  [370/405]
2026-05-29 23:54:49,022 | INFO |   ⏳ 33.3s (req #287)
2026-05-29 23:55:23,381 | INFO |   GET https://www.gsmarena.com/blu_spark-4170.php → 200
2026-05-29 23:55:23,421 | INFO |       📱 BLU Spark | Main=1.3MP | Selfie=NoneMP | AnTuTu=None | Price=$None | IP=None | Populated=24/68 fields
2026-05-29 23:55:23,425 | INFO |   💾 [286/405] saved
2026-05-29 23:55:23,425 | INFO | 
  [371/405]
2026-05-29 23:55:23,426 | INFO |   ⏳ 35.0s (req #288)
2026-05-29 23:55:59,508 | INFO |   GET https://www.gsmarena.com/blu_deejay_flip-4172.php → 200
2026-05-29 23:55:59,537 | INFO |       📱 BLU Deejay Flip | Main=1.3MP | Selfie=NoneMP | AnTuTu=None | Price=$None | IP=None | Populated=24/68 fields
2026-05-29 23:55:59,543 | INFO |   💾 [287/405] saved
2026-05-29 23:55:59,543 | INFO | 
  [372/405]
2026-05-29 23:55:59,543 | INFO |   ⏳ 40.7s (req #289)
2026-05-29 23:56:41,163 | INFO |   GET https://www.gsmarena.com/blu_tattoo_mini-4173.php → 200
2026-05-29 23:56:41,188 | INFO |       📱 BLU Tattoo Mini | Main=1.3MP | Selfie=NoneMP | AnTuTu=None | Price=$None | IP=None | Populated=25/68 fields
2026-05-29 23:56:41,193 | INFO |   💾 [288/405] saved
2026-05-29 23:56:41,193 | INFO | 
  [373/405]
2026-05-29 23:56:41,193 | INFO |   ⏳ 17.1s (req #290)
2026-05-29 23:56:59,193 | INFO |   GET https://www.gsmarena.com/blu_samba_elite-4174.php → 200
2026-05-29 23:56:59,205 | INFO |       📱 BLU Samba Elite | Main=2.0MP | Selfie=NoneMP | AnTuTu=None | Price=$None | IP=None | Populated=24/68 fields
2026-05-29 23:56:59,209 | INFO |   💾 [289/405] saved
2026-05-29 23:56:59,210 | INFO | 
  [374/405]
2026-05-29 23:56:59,210 | INFO |   ⏳ 30.8s (req #291)
2026-05-29 23:57:30,948 | INFO |   GET https://www.gsmarena.com/blu_samba_jr-4175.php → 200
2026-05-29 23:57:30,964 | INFO |       📱 BLU Samba JR | Main=NoneMP | Selfie=NoneMP | AnTuTu=None | Price=$None | IP=None | Populated=21/68 fields
2026-05-29 23:57:30,967 | INFO |   💾 [290/405] saved
2026-05-29 23:57:30,967 | INFO | 
  [375/405]
2026-05-29 23:57:30,967 | INFO |   ⏳ 19.0s (req #292)
2026-05-29 23:57:50,862 | INFO |   GET https://www.gsmarena.com/blu_lindy-4176.php → 200
2026-05-29 23:57:50,875 | INFO |       📱 BLU Lindy | Main=NoneMP | Selfie=NoneMP | AnTuTu=None | Price=$None | IP=None | Populated=20/68 fields
2026-05-29 23:57:50,878 | INFO |   💾 [291/405] saved
2026-05-29 23:57:50,878 | INFO | 
  [376/405]
2026-05-29 23:57:50,878 | INFO |   ⏳ 15.5s (req #293)
2026-05-29 23:58:07,136 | INFO |   GET https://www.gsmarena.com/blu_swing-4177.php → 200
2026-05-29 23:58:07,161 | INFO |       📱 BLU Swing | Main=1.3MP | Selfie=NoneMP | AnTuTu=None | Price=$None | IP=None | Populated=25/68 fields
2026-05-29 23:58:07,164 | INFO |   💾 [292/405] saved
2026-05-29 23:58:07,164 | INFO | 
  [377/405]
2026-05-29 23:58:07,164 | INFO |   ⏳ 37.1s (req #294)
2026-05-29 23:58:45,195 | INFO |   GET https://www.gsmarena.com/blu_bar_q-4178.php → 200
2026-05-29 23:58:45,207 | INFO |       📱 BLU Bar Q | Main=1.3MP | Selfie=NoneMP | AnTuTu=None | Price=$None | IP=None | Populated=24/68 fields
2026-05-29 23:58:45,210 | INFO |   💾 [293/405] saved
2026-05-29 23:58:45,210 | INFO | 
  [378/405]
2026-05-29 23:58:45,210 | INFO |   ⏳ 18.8s (req #295)
2026-05-29 23:59:04,815 | INFO |   GET https://www.gsmarena.com/blu_magic-3854.php → 200
2026-05-29 23:59:04,830 | INFO |       📱 BLU Magic | Main=3.15MP | Selfie=NoneMP | AnTuTu=None | Price=$None | IP=None | Populated=31/68 fields
2026-05-29 23:59:04,833 | INFO |   💾 [294/405] saved
2026-05-29 23:59:04,833 | INFO | 
  [379/405]
2026-05-29 23:59:04,833 | INFO |   ⏳ 24.0s (req #296)
2026-05-29 23:59:29,745 | INFO |   GET https://www.gsmarena.com/blu_touch-3855.php → 200
2026-05-29 23:59:29,758 | INFO |       📱 BLU Touch | Main=3.15MP | Selfie=NoneMP | AnTuTu=None | Price=$None | IP=None | Populated=21/68 fields
2026-05-29 23:59:29,762 | INFO |   💾 [295/405] saved
2026-05-29 23:59:29,762 | INFO | 
  [380/405]
2026-05-29 23:59:29,762 | INFO |   ⏳ 17.0s (req #297)
2026-05-29 23:59:47,756 | INFO |   GET https://www.gsmarena.com/blu_diesel_3g-3856.php → 200
2026-05-29 23:59:47,768 | INFO |       📱 BLU Diesel 3G | Main=NoneMP | Selfie=NoneMP | AnTuTu=None | Price=$None | IP=None | Populated=20/68 fields
2026-05-29 23:59:47,771 | INFO |   💾 [296/405] saved
2026-05-29 23:59:47,772 | INFO | 
  [381/405]
2026-05-29 23:59:47,772 | INFO |   ⏳ 31.8s (req #298)
2026-05-30 00:00:20,529 | INFO |   GET https://www.gsmarena.com/blu_deejay_ii-3857.php → 200
2026-05-30 00:00:20,543 | INFO |       📱 BLU Deejay II | Main=NoneMP | Selfie=NoneMP | AnTuTu=None | Price=$None | IP=None | Populated=21/68 fields
2026-05-30 00:00:20,546 | INFO |   💾 [297/405] saved
2026-05-30 00:00:20,546 | INFO | 
  [382/405]
2026-05-30 00:00:20,546 | INFO |   ⏳ 32.8s (req #299)
2026-05-30 00:00:54,181 | INFO |   GET https://www.gsmarena.com/blu_samba_q-3858.php → 200
2026-05-30 00:00:54,194 | INFO |       📱 BLU Samba Q | Main=NoneMP | Selfie=NoneMP | AnTuTu=None | Price=$None | IP=None | Populated=20/68 fields
2026-05-30 00:00:54,198 | INFO |   💾 [298/405] saved
2026-05-30 00:00:54,198 | INFO | 
  [383/405]
2026-05-30 00:00:54,198 | INFO |   ☕ Long pause 200s ...
2026-05-30 00:04:14,775 | INFO |   GET https://www.gsmarena.com/blu_ultra-3859.php → 200
2026-05-30 00:04:14,795 | INFO |       📱 BLU Ultra | Main=NoneMP | Selfie=NoneMP | AnTuTu=None | Price=$None | IP=None | Populated=17/68 fields
2026-05-30 00:04:14,798 | INFO |   💾 [299/405] saved
2026-05-30 00:04:14,798 | INFO | 
  [384/405]
2026-05-30 00:04:14,799 | INFO |   ⏳ 15.6s (req #301)
2026-05-30 00:04:31,134 | INFO |   GET https://www.gsmarena.com/blu_tango-3548.php → 200
2026-05-30 00:04:31,147 | INFO |       📱 BLU Tango | Main=3.15MP | Selfie=NoneMP | AnTuTu=None | Price=$None | IP=None | Populated=32/68 fields
2026-05-30 00:04:31,150 | INFO |   💾 [300/405] saved
2026-05-30 00:04:31,150 | INFO | 
  [385/405]
2026-05-30 00:04:31,150 | INFO |   ⏳ 26.5s (req #302)
2026-05-30 00:04:58,599 | INFO |   GET https://www.gsmarena.com/blu_speed-3549.php → 200
2026-05-30 00:04:58,615 | INFO |       📱 BLU Speed | Main=2.0MP | Selfie=NoneMP | AnTuTu=None | Price=$None | IP=None | Populated=26/68 fields
2026-05-30 00:04:58,618 | INFO |   💾 [301/405] saved
2026-05-30 00:04:58,618 | INFO | 
  [386/405]
2026-05-30 00:04:58,618 | INFO |   ⏳ 44.8s (req #303)
2026-05-30 00:05:44,325 | INFO |   GET https://www.gsmarena.com/blu_smart-3550.php → 200
2026-05-30 00:05:44,337 | INFO |       📱 BLU Smart | Main=2.0MP | Selfie=NoneMP | AnTuTu=None | Price=$None | IP=None | Populated=21/68 fields
2026-05-30 00:05:44,341 | INFO |   💾 [302/405] saved
2026-05-30 00:05:44,341 | INFO | 
  [387/405]
2026-05-30 00:05:44,341 | INFO |   ⏳ 30.6s (req #304)
2026-05-30 00:06:15,801 | INFO |   GET https://www.gsmarena.com/blu_cubo-3551.php → 200
2026-05-30 00:06:15,819 | INFO |       📱 BLU Cubo | Main=2.0MP | Selfie=NoneMP | AnTuTu=None | Price=$None | IP=None | Populated=23/68 fields
2026-05-30 00:06:15,827 | INFO |   💾 [303/405] saved
2026-05-30 00:06:15,829 | INFO | 
  [388/405]
2026-05-30 00:06:15,829 | INFO |   ⏳ 24.7s (req #305)
2026-05-30 00:06:41,340 | INFO |   GET https://www.gsmarena.com/blu_flash-3552.php → 200
2026-05-30 00:06:41,353 | INFO |       📱 BLU Flash | Main=NoneMP | Selfie=NoneMP | AnTuTu=None | Price=$None | IP=None | Populated=24/68 fields
2026-05-30 00:06:41,357 | INFO |   💾 [304/405] saved
2026-05-30 00:06:41,357 | INFO | 
  [389/405]
2026-05-30 00:06:41,357 | INFO |   ⏳ 29.9s (req #306)
2026-05-30 00:07:12,171 | INFO |   GET https://www.gsmarena.com/blu_samba_mini-3553.php → 200
2026-05-30 00:07:12,192 | INFO |       📱 BLU Samba Mini | Main=2.0MP | Selfie=NoneMP | AnTuTu=None | Price=$None | IP=None | Populated=24/68 fields
2026-05-30 00:07:12,195 | INFO |   💾 [305/405] saved
2026-05-30 00:07:12,195 | INFO | 
  [390/405]
2026-05-30 00:07:12,196 | INFO |   ⏳ 17.3s (req #307)
2026-05-30 00:07:30,423 | INFO |   GET https://www.gsmarena.com/blu_samba-3567.php → 200
2026-05-30 00:07:30,436 | INFO |       📱 BLU Samba | Main=NoneMP | Selfie=NoneMP | AnTuTu=None | Price=$None | IP=None | Populated=19/68 fields
2026-05-30 00:07:30,440 | INFO |   💾 [306/405] saved
2026-05-30 00:07:30,440 | INFO | 
  [391/405]
2026-05-30 00:07:30,440 | INFO |   ⏳ 22.7s (req #308)
2026-05-30 00:07:53,898 | INFO |   GET https://www.gsmarena.com/blu_tattoo-3568.php → 200
2026-05-30 00:07:53,910 | INFO |       📱 BLU Tattoo | Main=NoneMP | Selfie=NoneMP | AnTuTu=None | Price=$None | IP=None | Populated=18/68 fields
2026-05-30 00:07:53,912 | INFO |   💾 [307/405] saved
2026-05-30 00:07:53,913 | INFO | 
  [392/405]
2026-05-30 00:07:53,913 | INFO |   ⏳ 40.0s (req #309)
2026-05-30 00:08:34,772 | INFO |   GET https://www.gsmarena.com/blu_tattoo_tv-3569.php → 200
2026-05-30 00:08:34,786 | INFO |       📱 BLU Tattoo TV | Main=NoneMP | Selfie=NoneMP | AnTuTu=None | Price=$None | IP=None | Populated=18/68 fields
2026-05-30 00:08:34,791 | INFO |   💾 [308/405] saved
2026-05-30 00:08:34,791 | INFO | 
  [393/405]
2026-05-30 00:08:34,791 | INFO |   ⏳ 20.3s (req #310)
2026-05-30 00:08:56,165 | INFO |   GET https://www.gsmarena.com/blu_disco2go_ii-3560.php → 200
2026-05-30 00:08:56,180 | INFO |       📱 BLU Disco2GO II | Main=NoneMP | Selfie=NoneMP | AnTuTu=None | Price=$None | IP=None | Populated=24/68 fields
2026-05-30 00:08:56,183 | INFO |   💾 [309/405] saved
2026-05-30 00:08:56,183 | INFO | 
  [394/405]
2026-05-30 00:08:56,183 | INFO |   ⏳ 29.9s (req #311)
2026-05-30 00:09:27,042 | INFO |   GET https://www.gsmarena.com/blu_deejay-3561.php → 200
2026-05-30 00:09:27,055 | INFO |       📱 BLU Deejay | Main=NoneMP | Selfie=NoneMP | AnTuTu=None | Price=$None | IP=None | Populated=20/68 fields
2026-05-30 00:09:27,058 | INFO |   💾 [310/405] saved
2026-05-30 00:09:27,058 | INFO | 
  [395/405]
2026-05-30 00:09:27,058 | INFO |   ⏳ 34.4s (req #312)
2026-05-30 00:10:02,296 | INFO |   GET https://www.gsmarena.com/blu_click-3562.php → 200
2026-05-30 00:10:02,316 | INFO |       📱 BLU Click | Main=NoneMP | Selfie=NoneMP | AnTuTu=None | Price=$None | IP=None | Populated=20/68 fields
2026-05-30 00:10:02,319 | INFO |   💾 [311/405] saved
2026-05-30 00:10:02,320 | INFO | 
  [396/405]
2026-05-30 00:10:02,320 | INFO |   ⏳ 23.9s (req #313)
2026-05-30 00:10:27,040 | INFO |   GET https://www.gsmarena.com/blu_brilliant-3563.php → 200
2026-05-30 00:10:27,052 | INFO |       📱 BLU Brilliant | Main=2.0MP | Selfie=NoneMP | AnTuTu=None | Price=$None | IP=None | Populated=23/68 fields
2026-05-30 00:10:27,056 | INFO |   💾 [312/405] saved
2026-05-30 00:10:27,056 | INFO | 
  [397/405]
2026-05-30 00:10:27,057 | INFO |   ⏳ 36.2s (req #314)
2026-05-30 00:11:04,336 | INFO |   GET https://www.gsmarena.com/blu_slim_tv-3564.php → 200
2026-05-30 00:11:04,352 | INFO |       📱 BLU Slim TV | Main=2.0MP | Selfie=NoneMP | AnTuTu=None | Price=$None | IP=None | Populated=24/68 fields
2026-05-30 00:11:04,356 | INFO |   💾 [313/405] saved
2026-05-30 00:11:04,356 | INFO | 
  [398/405]
2026-05-30 00:11:04,356 | INFO |   ⏳ 34.1s (req #315)
2026-05-30 00:11:39,373 | INFO |   GET https://www.gsmarena.com/blu_tv2go_lite-3565.php → 200
2026-05-30 00:11:39,391 | INFO |       📱 BLU TV2Go Lite | Main=NoneMP | Selfie=NoneMP | AnTuTu=None | Price=$None | IP=None | Populated=22/68 fields
2026-05-30 00:11:39,397 | INFO |   💾 [314/405] saved
2026-05-30 00:11:39,397 | INFO | 
  [399/405]
2026-05-30 00:11:39,397 | INFO |   ⏳ 35.6s (req #316)
2026-05-30 00:12:15,779 | INFO |   GET https://www.gsmarena.com/blu_tv2go-3566.php → 200
2026-05-30 00:12:15,792 | INFO |       📱 BLU TV2Go | Main=NoneMP | Selfie=NoneMP | AnTuTu=None | Price=$None | IP=None | Populated=22/68 fields
2026-05-30 00:12:15,795 | INFO |   💾 [315/405] saved
2026-05-30 00:12:15,795 | INFO | 
  [400/405]
2026-05-30 00:12:15,795 | INFO |   ⏳ 18.1s (req #317)
2026-05-30 00:12:34,666 | INFO |   GET https://www.gsmarena.com/blu_texting_2_go-3572.php → 200
2026-05-30 00:12:34,679 | INFO |       📱 BLU Texting 2 GO | Main=NoneMP | Selfie=NoneMP | AnTuTu=None | Price=$None | IP=None | Populated=20/68 fields
2026-05-30 00:12:34,683 | INFO |   💾 [316/405] saved
2026-05-30 00:12:34,683 | INFO | 
  [401/405]
2026-05-30 00:12:34,683 | INFO |   ⏳ 31.0s (req #318)
2026-05-30 00:13:06,569 | INFO |   GET https://www.gsmarena.com/blu_ez2go-3570.php → 200
2026-05-30 00:13:06,583 | INFO |       📱 BLU EZ2Go | Main=NoneMP | Selfie=NoneMP | AnTuTu=None | Price=$None | IP=None | Populated=17/68 fields
2026-05-30 00:13:06,587 | INFO |   💾 [317/405] saved
2026-05-30 00:13:06,587 | INFO | 
  [402/405]
2026-05-30 00:13:06,587 | INFO |   ⏳ 30.3s (req #319)
2026-05-30 00:13:37,693 | INFO |   GET https://www.gsmarena.com/blu_kick-3571.php → 200
2026-05-30 00:13:37,712 | INFO |       📱 BLU Kick | Main=NoneMP | Selfie=NoneMP | AnTuTu=None | Price=$None | IP=None | Populated=18/68 fields
2026-05-30 00:13:37,716 | INFO |   💾 [318/405] saved
2026-05-30 00:13:37,716 | INFO | 
  [403/405]
2026-05-30 00:13:37,717 | INFO |   ⏳ 40.0s (req #320)
2026-05-30 00:14:18,551 | INFO |   GET https://www.gsmarena.com/blu_vida1-3573.php → 200
2026-05-30 00:14:18,562 | INFO |       📱 BLU Vida1 | Main=NoneMP | Selfie=NoneMP | AnTuTu=None | Price=$None | IP=None | Populated=17/68 fields
2026-05-30 00:14:18,565 | INFO |   💾 [319/405] saved
2026-05-30 00:14:18,566 | INFO | 
  [404/405]
2026-05-30 00:14:18,566 | INFO |   ⏳ 29.0s (req #321)
2026-05-30 00:14:48,469 | INFO |   GET https://www.gsmarena.com/blu_gol-3574.php → 200
2026-05-30 00:14:48,481 | INFO |       📱 BLU Gol | Main=NoneMP | Selfie=NoneMP | AnTuTu=None | Price=$None | IP=None | Populated=18/68 fields
2026-05-30 00:14:48,484 | INFO |   💾 [320/405] saved
2026-05-30 00:14:48,484 | INFO | 
  [405/405]
2026-05-30 00:14:48,484 | INFO |   ⏳ 41.3s (req #322)
2026-05-30 00:15:31,111 | INFO |   GET https://www.gsmarena.com/blu_dual_sim_lite-3575.php → 200
2026-05-30 00:15:31,125 | INFO |       📱 BLU Dual SIM Lite | Main=NoneMP | Selfie=NoneMP | AnTuTu=None | Price=$None | IP=None | Populated=19/68 fields
2026-05-30 00:15:31,128 | INFO |   💾 [321/405] saved
2026-05-30 00:15:31,130 | INFO |   ✅ Blu — 321 phones saved
2026-05-30 00:15:31,130 | INFO | 
============================================================
2026-05-30 00:15:31,130 | INFO | [3/4] Honor (324 phones)
2026-05-30 00:15:31,130 | INFO | Elapsed: 195min
2026-05-30 00:15:31,130 | INFO | ============================================================
2026-05-30 00:15:31,131 | INFO |   Fetching phone links for: Honor (~324 phones)
2026-05-30 00:15:31,131 | INFO |   ⏳ 15.0s (req #323)
2026-05-30 00:15:47,071 | INFO |   GET https://www.gsmarena.com/honor-phones-121.php → 200
2026-05-30 00:15:47,081 | INFO |     Found 8 listing pages
2026-05-30 00:15:47,082 | INFO |     Page 1/8: 50 links so far
2026-05-30 00:15:47,082 | INFO |   ⏳ 18.3s (req #324)
2026-05-30 00:16:06,408 | INFO |   GET https://www.gsmarena.com/# → 200
2026-05-30 00:16:06,425 | INFO |     Page 2/8: 83 links so far
2026-05-30 00:16:06,425 | INFO |   ⏳ 17.8s (req #325)
2026-05-30 00:16:25,114 | INFO |   GET https://www.gsmarena.com/honor-phones-f-121-0-p2.php → 200
2026-05-30 00:16:25,130 | INFO |     Page 3/8: 133 links so far
2026-05-30 00:16:25,130 | INFO |   ⏳ 36.6s (req #326)
2026-05-30 00:17:02,713 | INFO |   GET https://www.gsmarena.com/honor-phones-f-121-0-p3.php → 200
2026-05-30 00:17:02,725 | INFO |     Page 4/8: 183 links so far
2026-05-30 00:17:02,725 | INFO |   ⏳ 19.1s (req #327)
2026-05-30 00:17:22,776 | INFO |   GET https://www.gsmarena.com/honor-phones-f-121-0-p4.php → 200
2026-05-30 00:17:22,790 | INFO |     Page 5/8: 233 links so far
2026-05-30 00:17:22,790 | INFO |   ⏳ 37.7s (req #328)
2026-05-30 00:18:01,832 | INFO |   GET https://www.gsmarena.com/honor-phones-f-121-0-p5.php → 200
2026-05-30 00:18:01,856 | INFO |     Page 6/8: 283 links so far
2026-05-30 00:18:01,857 | INFO |   ⏳ 33.9s (req #329)
2026-05-30 00:18:36,712 | INFO |   GET https://www.gsmarena.com/honor-phones-f-121-0-p6.php → 200
2026-05-30 00:18:36,731 | INFO |     Page 7/8: 333 links so far
2026-05-30 00:18:36,732 | INFO |   ☕ Long pause 162s ...
2026-05-30 00:21:19,280 | INFO |   GET https://www.gsmarena.com/honor-phones-f-121-0-p7.php → 200
2026-05-30 00:21:19,288 | INFO |     Page 8/8: 356 links so far
2026-05-30 00:21:19,288 | INFO |   ✅ 356 valid phone spec links for Honor
2026-05-30 00:21:19,290 | INFO |   💾 Link list cached → GSMArenaDataset_BATCH5\_links_honor.json
2026-05-30 00:21:19,291 | INFO | 
  [1/356]
2026-05-30 00:21:19,291 | INFO |   ⏳ 38.2s (req #331)
2026-05-30 00:21:58,917 | INFO |   GET https://www.gsmarena.com/honor_600_pro_5g_(china)-14680.php → 200
2026-05-30 00:21:58,942 | INFO |       📱 Honor 600 Pro (China) | Main=200.0MP | Selfie=50.0MP | AnTuTu=None | Price=$None | IP=IP68 | Populated=54/68 fields
2026-05-30 00:21:58,946 | INFO |   💾 [1/356] saved
2026-05-30 00:21:58,946 | INFO | 
  [2/356]
2026-05-30 00:21:58,946 | INFO |   ⏳ 37.0s (req #332)
2026-05-30 00:22:36,784 | INFO |   GET https://www.gsmarena.com/honor_600_5g_(china)-14681.php → 200
2026-05-30 00:22:36,803 | INFO |       📱 Honor 600 (China) | Main=200.0MP | Selfie=50.0MP | AnTuTu=None | Price=$None | IP=IP68 | Populated=52/68 fields
2026-05-30 00:22:36,806 | INFO |   💾 [2/356] saved
2026-05-30 00:22:36,807 | INFO | 
  [3/356]
2026-05-30 00:22:36,807 | INFO |   ⏳ 16.2s (req #333)
2026-05-30 00:22:53,815 | INFO |   GET https://www.gsmarena.com/honor_600e_5g-14688.php → 200
2026-05-30 00:22:53,893 | INFO |       📱 Honor 600e | Main=108.0MP | Selfie=16.0MP | AnTuTu=None | Price=$None | IP=IP66 | Populated=49/68 fields
2026-05-30 00:22:53,896 | INFO |   💾 [3/356] saved
2026-05-30 00:22:53,897 | INFO | 
  [4/356]
2026-05-30 00:22:53,897 | INFO |   ⏳ 23.5s (req #334)
2026-05-30 00:23:18,182 | INFO |   GET https://www.gsmarena.com/honor_x7e-14677.php → 200
2026-05-30 00:23:18,211 | INFO |       📱 Honor X7e | Main=50.0MP | Selfie=5.0MP | AnTuTu=None | Price=$None | IP=IP64 | Populated=47/68 fields
2026-05-30 00:23:18,215 | INFO |   💾 [4/356] saved
2026-05-30 00:23:18,216 | INFO | 
  [5/356]
2026-05-30 00:23:18,216 | INFO |   ⏳ 30.6s (req #335)
2026-05-30 00:23:49,860 | INFO |   GET https://www.gsmarena.com/honor_500_smart_5g-14689.php → 200
2026-05-30 00:23:49,896 | INFO |       📱 Honor 500 Smart | Main=50.0MP | Selfie=5.0MP | AnTuTu=None | Price=$None | IP=IP54 | Populated=46/68 fields
2026-05-30 00:23:49,901 | INFO |   💾 [5/356] saved
2026-05-30 00:23:49,901 | INFO |   [6/356] SKIP honor_600_pro_5g-14604.php
2026-05-30 00:23:49,901 | INFO |   [7/356] SKIP honor_600_5g-14605.php
2026-05-30 00:23:49,901 | INFO | 
  [8/356]
2026-05-30 00:23:49,902 | INFO |   ⏳ 30.4s (req #336)
2026-05-30 00:24:21,073 | INFO |   GET https://www.gsmarena.com/honor_pad_20-14663.php → 200
2026-05-30 00:24:21,094 | INFO |       📱 Honor Pad 20 | Main=8.0MP | Selfie=8.0MP | AnTuTu=None | Price=$None | IP=None | Populated=43/68 fields
2026-05-30 00:24:21,097 | INFO |   💾 [6/356] saved
2026-05-30 00:24:21,097 | INFO | 
  [9/356]
2026-05-30 00:24:21,097 | INFO |   ⏳ 15.1s (req #337)
2026-05-30 00:24:37,062 | INFO |   GET https://www.gsmarena.com/honor_magicpad_3_pro_12_3-14629.php → 200
2026-05-30 00:24:37,083 | INFO |       📱 Honor MagicPad 3 Pro 12.3 | Main=13.0MP | Selfie=9.0MP | AnTuTu=None | Price=$None | IP=None | Populated=42/68 fields
2026-05-30 00:24:37,086 | INFO |   💾 [7/356] saved
2026-05-30 00:24:37,086 | INFO | 
  [10/356]
2026-05-30 00:24:37,086 | INFO |   ⏳ 43.9s (req #338)
2026-05-30 00:25:21,798 | INFO |   GET https://www.gsmarena.com/honor_play11_plus_5g-14662.php → 200
2026-05-30 00:25:21,816 | INFO |       📱 Honor Play11 Plus | Main=50.0MP | Selfie=8.0MP | AnTuTu=None | Price=$None | IP=IP66 | Populated=48/68 fields
2026-05-30 00:25:21,820 | INFO |   💾 [8/356] saved
2026-05-30 00:25:21,821 | INFO | 
  [11/356]
2026-05-30 00:25:21,821 | INFO |   ⏳ 15.4s (req #339)
2026-05-30 00:25:37,937 | INFO |   GET https://www.gsmarena.com/honor_x70_refresh_edition_5g-14589.php → 200
2026-05-30 00:25:37,960 | INFO |       📱 Honor X70 Refresh | Main=50.0MP | Selfie=8.0MP | AnTuTu=None | Price=$None | IP=IP68 | Populated=49/68 fields
2026-05-30 00:25:37,963 | INFO |   💾 [9/356] saved
2026-05-30 00:25:37,963 | INFO | 
  [12/356]
2026-05-30 00:25:37,963 | INFO |   ⏳ 19.4s (req #340)
2026-05-30 00:25:58,310 | INFO |   GET https://www.gsmarena.com/honor_x5d_plus-14584.php → 200
2026-05-30 00:25:58,335 | INFO |       📱 Honor X5d Plus | Main=50.0MP | Selfie=5.0MP | AnTuTu=None | Price=$None | IP=None | Populated=43/68 fields
2026-05-30 00:25:58,341 | INFO |   💾 [10/356] saved
2026-05-30 00:25:58,341 | INFO | 
  [13/356]
2026-05-30 00:25:58,341 | INFO |   ⏳ 22.8s (req #341)
2026-05-30 00:26:22,115 | INFO |   GET https://www.gsmarena.com/honor_x5d-14583.php → 200
2026-05-30 00:26:22,144 | INFO |       📱 Honor X5d | Main=13.0MP | Selfie=5.0MP | AnTuTu=None | Price=$None | IP=None | Populated=43/68 fields
2026-05-30 00:26:22,149 | INFO |   💾 [11/356] saved
2026-05-30 00:26:22,149 | INFO | 
  [14/356]
2026-05-30 00:26:22,150 | INFO |   ⏳ 40.5s (req #342)
2026-05-30 00:27:03,511 | INFO |   GET https://www.gsmarena.com/honor_x80i_5g-14579.php → 200
2026-05-30 00:27:03,523 | INFO |       📱 Honor X80i | Main=50.0MP | Selfie=8.0MP | AnTuTu=None | Price=$None | IP=IP66 | Populated=48/68 fields
2026-05-30 00:27:03,526 | INFO |   💾 [12/356] saved
2026-05-30 00:27:03,527 | INFO | 
  [15/356]
2026-05-30 00:27:03,527 | INFO |   ⏳ 28.2s (req #343)
2026-05-30 00:27:32,661 | INFO |   GET https://www.gsmarena.com/honor_play_80_pro_5g-14577.php → 200
2026-05-30 00:27:32,675 | INFO |       📱 Honor Play 80 Pro | Main=50.0MP | Selfie=5.0MP | AnTuTu=None | Price=$None | IP=IP65 | Populated=45/68 fields
2026-05-30 00:27:32,679 | INFO |   💾 [13/356] saved
2026-05-30 00:27:32,680 | INFO | 
  [16/356]
2026-05-30 00:27:32,680 | INFO |   ⏳ 36.9s (req #344)
2026-05-30 00:28:10,405 | INFO |   GET https://www.gsmarena.com/honor_play_80_plus_5g-14650.php → 200
2026-05-30 00:28:10,417 | INFO |       📱 Honor Play 80 Plus | Main=13.0MP | Selfie=5.0MP | AnTuTu=None | Price=$None | IP=IP64 | Populated=44/68 fields
2026-05-30 00:28:10,421 | INFO |   💾 [14/356] saved
2026-05-30 00:28:10,421 | INFO | 
  [17/356]
2026-05-30 00:28:10,421 | INFO |   ⏳ 17.6s (req #345)
2026-05-30 00:28:28,718 | INFO |   GET https://www.gsmarena.com/honor_play_70c-14653.php → 200
2026-05-30 00:28:28,738 | INFO |       📱 Honor Play 70C | Main=13.0MP | Selfie=5.0MP | AnTuTu=None | Price=$None | IP=None | Populated=44/68 fields
2026-05-30 00:28:28,742 | INFO |   💾 [15/356] saved
2026-05-30 00:28:28,743 | INFO | 
  [18/356]
2026-05-30 00:28:28,743 | INFO |   ⏳ 31.4s (req #346)
2026-05-30 00:29:00,915 | INFO |   GET https://www.gsmarena.com/honor_play_80_5g-14578.php → 200
2026-05-30 00:29:00,927 | INFO |       📱 Honor Play 80 | Main=13.0MP | Selfie=5.0MP | AnTuTu=None | Price=$None | IP=None | Populated=42/68 fields
2026-05-30 00:29:00,930 | INFO |   💾 [16/356] saved
2026-05-30 00:29:00,931 | INFO | 
  [19/356]
2026-05-30 00:29:00,931 | INFO |   ⏳ 26.6s (req #347)
2026-05-30 00:29:28,302 | INFO |   GET https://www.gsmarena.com/honor_watch_x5i-14580.php → 200
2026-05-30 00:29:28,313 | INFO |       📱 Honor Watch X5i | Main=NoneMP | Selfie=NoneMP | AnTuTu=None | Price=$None | IP=IP68 | Populated=22/68 fields
2026-05-30 00:29:28,316 | INFO |   💾 [17/356] saved
2026-05-30 00:29:28,316 | INFO | 
  [20/356]
2026-05-30 00:29:28,316 | INFO |   ⏳ 16.0s (req #348)
2026-05-30 00:29:45,165 | INFO |   GET https://www.gsmarena.com/honor_600_lite_5g-14522.php → 200
2026-05-30 00:29:45,183 | INFO |       📱 Honor 600 Lite | Main=108.0MP | Selfie=16.0MP | AnTuTu=None | Price=$756.0 | IP=IP66 | Populated=51/68 fields
2026-05-30 00:29:45,186 | INFO |   💾 [18/356] saved
2026-05-30 00:29:45,186 | INFO | 
  [21/356]
2026-05-30 00:29:45,186 | INFO |   ⏳ 35.6s (req #349)
2026-05-30 00:30:21,805 | INFO |   GET https://www.gsmarena.com/honor_magic_v6_5g-14518.php → 200
2026-05-30 00:30:21,822 | INFO |       📱 Honor Magic V6 | Main=50.0MP | Selfie=20.0MP | AnTuTu=None | Price=$None | IP=IP68 | Populated=53/68 fields
2026-05-30 00:30:21,825 | INFO |   💾 [19/356] saved
2026-05-30 00:30:21,826 | INFO | 
  [22/356]
2026-05-30 00:30:21,826 | INFO |   ⏳ 44.1s (req #350)
2026-05-30 00:31:06,818 | INFO |   GET https://www.gsmarena.com/honor_magicpad4-14511.php → 200
2026-05-30 00:31:06,843 | INFO |       📱 Honor MagicPad4 | Main=13.0MP | Selfie=9.0MP | AnTuTu=None | Price=$None | IP=None | Populated=40/68 fields
2026-05-30 00:31:06,849 | INFO |   💾 [20/356] saved
2026-05-30 00:31:06,849 | INFO | 
  [23/356]
2026-05-30 00:31:06,850 | INFO |   ⏳ 28.3s (req #351)
2026-05-30 00:31:36,096 | INFO |   GET https://www.gsmarena.com/honor_pad_x8b-14489.php → 200
2026-05-30 00:31:36,137 | INFO |       📱 Honor Pad X8b | Main=5.0MP | Selfie=5.0MP | AnTuTu=None | Price=$None | IP=None | Populated=41/68 fields
2026-05-30 00:31:36,142 | INFO |   💾 [21/356] saved
2026-05-30 00:31:36,142 | INFO | 
  [24/356]
2026-05-30 00:31:36,142 | INFO |   ⏳ 37.0s (req #352)
2026-05-30 00:32:14,235 | INFO |   GET https://www.gsmarena.com/honor_x6d_5g-14484.php → 200
2026-05-30 00:32:14,263 | INFO |       📱 Honor X6d | Main=50.0MP | Selfie=5.0MP | AnTuTu=None | Price=$None | IP=None | Populated=46/68 fields
2026-05-30 00:32:14,268 | INFO |   💾 [22/356] saved
2026-05-30 00:32:14,268 | INFO | 
  [25/356]
2026-05-30 00:32:14,268 | INFO |   ⏳ 19.0s (req #353)
2026-05-30 00:32:34,424 | INFO |   GET https://www.gsmarena.com/honor_magic8_rsr_porsche_design_5g-14429.php → 200
2026-05-30 00:32:34,454 | INFO |       📱 Honor Magic8 RSR Porsche Design | Main=50.0MP | Selfie=50.0MP | AnTuTu=None | Price=$None | IP=IP68 | Populated=54/68 fields
2026-05-30 00:32:34,458 | INFO |   💾 [23/356] saved
2026-05-30 00:32:34,458 | INFO | 
  [26/356]
2026-05-30 00:32:34,459 | INFO |   ⏳ 37.9s (req #354)
2026-05-30 00:33:13,163 | INFO |   GET https://www.gsmarena.com/honor_pad_10_pro-14590.php → 200
2026-05-30 00:33:13,180 | INFO |       📱 Honor Pad 10 Pro | Main=13.0MP | Selfie=8.0MP | AnTuTu=None | Price=$None | IP=None | Populated=42/68 fields
2026-05-30 00:33:13,183 | INFO |   💾 [24/356] saved
2026-05-30 00:33:13,183 | INFO | 
  [27/356]
2026-05-30 00:33:13,183 | INFO |   ⏳ 25.1s (req #355)
2026-05-30 00:33:39,442 | INFO |   GET https://www.gsmarena.com/honor_magic8_pro_air_5g-14405.php → 200
2026-05-30 00:33:39,469 | INFO |       📱 Honor Magic8 Pro Air | Main=50.0MP | Selfie=50.0MP | AnTuTu=None | Price=$None | IP=IP68 | Populated=51/68 fields
2026-05-30 00:33:39,475 | INFO |   💾 [25/356] saved
2026-05-30 00:33:39,475 | INFO | 
  [28/356]
2026-05-30 00:33:39,475 | INFO |   ⏳ 40.6s (req #356)
2026-05-30 00:34:21,066 | INFO |   GET https://www.gsmarena.com/honor_watch_gs_5-14431.php → 200
2026-05-30 00:34:21,092 | INFO |       📱 Honor Watch GS 5 | Main=NoneMP | Selfie=NoneMP | AnTuTu=None | Price=$None | IP=IP68 | Populated=26/68 fields
2026-05-30 00:34:21,096 | INFO |   💾 [26/356] saved
2026-05-30 00:34:21,096 | INFO | 
  [29/356]
2026-05-30 00:34:21,097 | INFO |   ⏳ 18.2s (req #357)
2026-05-30 00:34:40,162 | INFO |   GET https://www.gsmarena.com/honor_power_2_5g-14364.php → 200
2026-05-30 00:34:40,185 | INFO |       📱 Honor Power2 | Main=50.0MP | Selfie=16.0MP | AnTuTu=None | Price=$None | IP=IP68 | Populated=49/68 fields
2026-05-30 00:34:40,188 | INFO |   💾 [27/356] saved
2026-05-30 00:34:40,189 | INFO | 
  [30/356]
2026-05-30 00:34:40,190 | INFO |   ⏳ 42.8s (req #358)
2026-05-30 00:35:24,095 | INFO |   GET https://www.gsmarena.com/honor_win_5g-14377.php → 200
2026-05-30 00:35:24,110 | INFO |       📱 Honor Win | Main=50.0MP | Selfie=50.0MP | AnTuTu=None | Price=$None | IP=IP68 | Populated=53/68 fields
2026-05-30 00:35:24,113 | INFO |   💾 [28/356] saved
2026-05-30 00:35:24,113 | INFO | 
  [31/356]
2026-05-30 00:35:24,113 | INFO |   ⏳ 31.9s (req #359)
2026-05-30 00:35:56,882 | INFO |   GET https://www.gsmarena.com/honor_win_rt_5g-14376.php → 200
2026-05-30 00:35:56,896 | INFO |       📱 Honor Win RT | Main=50.0MP | Selfie=50.0MP | AnTuTu=None | Price=$None | IP=IP68 | Populated=51/68 fields
2026-05-30 00:35:56,900 | INFO |   💾 [29/356] saved
2026-05-30 00:35:56,900 | INFO | 
  [32/356]
2026-05-30 00:35:56,900 | INFO |   ☕ Long pause 174s ...
2026-05-30 00:38:51,181 | INFO |   GET https://www.gsmarena.com/honor_play_60a_5g-14357.php → 200
2026-05-30 00:38:51,195 | INFO |       📱 Honor Play 60A | Main=13.0MP | Selfie=5.0MP | AnTuTu=None | Price=$None | IP=None | Populated=44/68 fields
2026-05-30 00:38:51,198 | INFO |   💾 [30/356] saved
2026-05-30 00:38:51,198 | INFO | 
  [33/356]
2026-05-30 00:38:51,199 | INFO |   ⏳ 18.8s (req #361)
2026-05-30 00:39:10,699 | INFO |   GET https://www.gsmarena.com/honor_x8d-14351.php → 200
2026-05-30 00:39:10,713 | INFO |       📱 Honor X8d | Main=108.0MP | Selfie=16.0MP | AnTuTu=None | Price=$None | IP=IP65 | Populated=46/68 fields
2026-05-30 00:39:10,716 | INFO |   💾 [31/356] saved
2026-05-30 00:39:10,716 | INFO | 
  [34/356]
2026-05-30 00:39:10,717 | INFO |   ⏳ 24.3s (req #362)
2026-05-30 00:39:35,866 | INFO |   GET https://www.gsmarena.com/honor_magic8_lite_5g-14341.php → 200
2026-05-30 00:39:35,889 | INFO |       📱 Honor Magic8 Lite | Main=108.0MP | Selfie=16.0MP | AnTuTu=754210 | Price=$749.0 | IP=IP68 | Populated=58/68 fields
2026-05-30 00:39:35,892 | INFO |   💾 [32/356] saved
2026-05-30 00:39:35,892 | INFO | 
  [35/356]
2026-05-30 00:39:35,892 | INFO |   ⏳ 20.2s (req #363)
2026-05-30 00:39:56,828 | INFO |   GET https://www.gsmarena.com/honor_watch_x5-14317.php → 200
2026-05-30 00:39:56,841 | INFO |       📱 Honor Watch X5 | Main=NoneMP | Selfie=NoneMP | AnTuTu=None | Price=$None | IP=IP68 | Populated=24/68 fields
2026-05-30 00:39:56,845 | INFO |   💾 [33/356] saved
2026-05-30 00:39:56,845 | INFO | 
  [36/356]
2026-05-30 00:39:56,845 | INFO |   ⏳ 16.6s (req #364)
2026-05-30 00:40:14,458 | INFO |   GET https://www.gsmarena.com/honor_500_pro_5g_(china)-14294.php → 200
2026-05-30 00:40:14,476 | INFO |       📱 Honor 500 Pro (China) | Main=200.0MP | Selfie=50.0MP | AnTuTu=None | Price=$None | IP=IP68 | Populated=54/68 fields
2026-05-30 00:40:14,480 | INFO |   💾 [34/356] saved
2026-05-30 00:40:14,480 | INFO | 
  [37/356]
2026-05-30 00:40:14,480 | INFO |   ⏳ 21.2s (req #365)
2026-05-30 00:40:36,560 | INFO |   GET https://www.gsmarena.com/honor_500_5g-14296.php → 200
2026-05-30 00:40:36,574 | INFO |       📱 Honor 500 | Main=200.0MP | Selfie=50.0MP | AnTuTu=None | Price=$None | IP=IP68 | Populated=52/68 fields
2026-05-30 00:40:36,578 | INFO |   💾 [35/356] saved
2026-05-30 00:40:36,578 | INFO | 
  [38/356]
2026-05-30 00:40:36,578 | INFO |   ⏳ 15.8s (req #366)
2026-05-30 00:40:53,243 | INFO |   GET https://www.gsmarena.com/honor_magic8_pro_5g-14231.php → 200
2026-05-30 00:40:53,263 | INFO |       📱 Honor Magic8 Pro | Main=50.0MP | Selfie=50.0MP | AnTuTu=3647824 | Price=$958.93 | IP=IP68 | Populated=62/68 fields
2026-05-30 00:40:53,266 | INFO |   💾 [36/356] saved
2026-05-30 00:40:53,266 | INFO | 
  [39/356]
2026-05-30 00:40:53,266 | INFO |   ⏳ 30.1s (req #367)
2026-05-30 00:41:24,251 | INFO |   GET https://www.gsmarena.com/honor_magic8_5g-14232.php → 200
2026-05-30 00:41:24,265 | INFO |       📱 Honor Magic8 | Main=50.0MP | Selfie=50.0MP | AnTuTu=None | Price=$None | IP=IP68 | Populated=53/68 fields
2026-05-30 00:41:24,268 | INFO |   💾 [37/356] saved
2026-05-30 00:41:24,268 | INFO | 
  [40/356]
2026-05-30 00:41:24,268 | INFO |   ⏳ 44.7s (req #368)
2026-05-30 00:42:09,998 | INFO |   GET https://www.gsmarena.com/honor_watch_5_pro-14242.php → 200
2026-05-30 00:42:10,019 | INFO |       📱 Honor Watch 5 Pro | Main=NoneMP | Selfie=NoneMP | AnTuTu=None | Price=$None | IP=IP68 | Populated=26/68 fields
2026-05-30 00:42:10,022 | INFO |   💾 [38/356] saved
2026-05-30 00:42:10,023 | INFO | 
  [41/356]
2026-05-30 00:42:10,023 | INFO |   ⏳ 29.9s (req #369)
2026-05-30 00:42:40,765 | INFO |   GET https://www.gsmarena.com/honor_magicpad_3_pro-14243.php → 200
2026-05-30 00:42:40,783 | INFO |       📱 Honor MagicPad3 Pro 13.3 | Main=13.0MP | Selfie=9.0MP | AnTuTu=None | Price=$None | IP=None | Populated=42/68 fields
2026-05-30 00:42:40,786 | INFO |   💾 [39/356] saved
2026-05-30 00:42:40,786 | INFO | 
  [42/356]
2026-05-30 00:42:40,786 | INFO |   ⏳ 28.6s (req #370)
2026-05-30 00:43:10,166 | INFO |   GET https://www.gsmarena.com/honor_play10a-14253.php → 200
2026-05-30 00:43:10,181 | INFO |       📱 Honor Play10A | Main=50.0MP | Selfie=5.0MP | AnTuTu=None | Price=$None | IP=None | Populated=44/68 fields
2026-05-30 00:43:10,184 | INFO |   💾 [40/356] saved
2026-05-30 00:43:10,184 | INFO | 
  [43/356]
2026-05-30 00:43:10,184 | INFO |   ⏳ 18.7s (req #371)
2026-05-30 00:43:29,662 | INFO |   GET https://www.gsmarena.com/honor_x5c-14251.php → 200
2026-05-30 00:43:29,675 | INFO |       📱 Honor X5c | Main=50.0MP | Selfie=5.0MP | AnTuTu=None | Price=$None | IP=None | Populated=42/68 fields
2026-05-30 00:43:29,678 | INFO |   💾 [41/356] saved
2026-05-30 00:43:29,678 | INFO | 
  [44/356]
2026-05-30 00:43:29,678 | INFO |   ⏳ 24.6s (req #372)
2026-05-30 00:43:55,086 | INFO |   GET https://www.gsmarena.com/honor_x5c_plus-14156.php → 200
2026-05-30 00:43:55,099 | INFO |       📱 Honor X5c Plus | Main=50.0MP | Selfie=5.0MP | AnTuTu=None | Price=$None | IP=None | Populated=43/68 fields
2026-05-30 00:43:55,103 | INFO |   💾 [42/356] saved
2026-05-30 00:43:55,103 | INFO | 
  [45/356]
2026-05-30 00:43:55,103 | INFO |   ⏳ 29.0s (req #373)
2026-05-30 00:44:24,999 | INFO |   GET https://www.gsmarena.com/honor_x6b_5g-14195.php → 200
2026-05-30 00:44:25,013 | INFO |       📱 Honor X6b | Main=50.0MP | Selfie=5.0MP | AnTuTu=None | Price=$None | IP=IP64 | Populated=46/68 fields
2026-05-30 00:44:25,016 | INFO |   💾 [43/356] saved
2026-05-30 00:44:25,016 | INFO | 
  [46/356]
2026-05-30 00:44:25,017 | INFO |   ⏳ 37.1s (req #374)
2026-05-30 00:45:03,066 | INFO |   GET https://www.gsmarena.com/honor_x9d_5g-14176.php → 200
2026-05-30 00:45:03,090 | INFO |       📱 Honor X9d | Main=108.0MP | Selfie=16.0MP | AnTuTu=None | Price=$None | IP=IP68 | Populated=50/68 fields
2026-05-30 00:45:03,093 | INFO |   💾 [44/356] saved
2026-05-30 00:45:03,093 | INFO | 
  [47/356]
2026-05-30 00:45:03,093 | INFO |   ⏳ 17.8s (req #375)
2026-05-30 00:45:21,646 | INFO |   GET https://www.gsmarena.com/honor_x7d_5g-14175.php → 200
2026-05-30 00:45:21,663 | INFO |       📱 Honor X7d | Main=50.0MP | Selfie=5.0MP | AnTuTu=None | Price=$None | IP=IP65 | Populated=45/68 fields
2026-05-30 00:45:21,667 | INFO |   💾 [45/356] saved
2026-05-30 00:45:21,667 | INFO | 
  [48/356]
2026-05-30 00:45:21,667 | INFO |   ⏳ 30.4s (req #376)
2026-05-30 00:45:52,900 | INFO |   GET https://www.gsmarena.com/honor_400_smart-14142.php → 200
2026-05-30 00:45:52,919 | INFO |       📱 Honor 400 Smart 4G | Main=108.0MP | Selfie=8.0MP | AnTuTu=None | Price=$None | IP=IP54 | Populated=45/68 fields
2026-05-30 00:45:52,923 | INFO |   💾 [46/356] saved
2026-05-30 00:45:52,924 | INFO | 
  [49/356]
2026-05-30 00:45:52,924 | INFO |   ⏳ 33.8s (req #377)
2026-05-30 00:46:27,606 | INFO |   GET https://www.gsmarena.com/honor_play10-14126.php → 200
2026-05-30 00:46:27,621 | INFO |       📱 Honor Play10 | Main=13.0MP | Selfie=5.0MP | AnTuTu=None | Price=$None | IP=None | Populated=42/68 fields
2026-05-30 00:46:27,625 | INFO |   💾 [47/356] saved
2026-05-30 00:46:27,625 | INFO | 
  [50/356]
2026-05-30 00:46:27,625 | INFO |   ⏳ 27.8s (req #378)
2026-05-30 00:46:56,248 | INFO |   GET https://www.gsmarena.com/honor_x7d-14093.php → 200
2026-05-30 00:46:56,265 | INFO |       📱 Honor X7d 4G | Main=108.0MP | Selfie=8.0MP | AnTuTu=None | Price=$None | IP=IP65 | Populated=46/68 fields
2026-05-30 00:46:56,268 | INFO |   💾 [48/356] saved
2026-05-30 00:46:56,268 | INFO |   [51/356] SKIP vivo_s60_vitality_5g-14693.php
2026-05-30 00:46:56,269 | INFO |   [52/356] SKIP vivo_s60_5g-14692.php
2026-05-30 00:46:56,269 | INFO |   [53/356] SKIP vivo_t5-14697.php
2026-05-30 00:46:56,269 | INFO |   [54/356] SKIP zte_nubia_redmagic_11s_pro_5g-14669.php
2026-05-30 00:46:56,269 | INFO |   [55/356] SKIP ulefone_tab_a12_pro-14695.php
2026-05-30 00:46:56,269 | INFO |   [56/356] SKIP xiaomi_17_max_5g-14667.php
2026-05-30 00:46:56,269 | INFO |   [57/356] SKIP vivo_y600_turbo_5g-14687.php
2026-05-30 00:46:56,270 | INFO | 
  [58/356]
2026-05-30 00:46:56,270 | INFO |   ⏳ 42.2s (req #379)
2026-05-30 00:47:39,380 | INFO |   GET https://www.gsmarena.com/ulefone_armor_mini_5-14694.php → 200
2026-05-30 00:47:39,394 | INFO |       📱 Ulefone Armor Mini 5 | Main=0.3MP | Selfie=0.3MP | AnTuTu=None | Price=$None | IP=IP68 | Populated=35/68 fields
2026-05-30 00:47:39,398 | INFO |   💾 [49/356] saved
2026-05-30 00:47:39,398 | INFO |   [59/356] SKIP xiaomi_17t_pro_5g-14651.php
2026-05-30 00:47:39,398 | INFO |   [60/356] SKIP xiaomi_17t_5g-14652.php
2026-05-30 00:47:39,398 | INFO |   [61/356] SKIP xiaomi_watch_s5-14696.php
2026-05-30 00:47:39,399 | INFO |   [62/356] SKIP realme_16t_5g-14674.php
2026-05-30 00:47:39,399 | INFO |   [63/356] SKIP sony_xperia_1_viii_5g-14660.php
2026-05-30 00:47:39,399 | INFO |   [64/356] SKIP motorola_moto_g87_5g-14644.php
2026-05-30 00:47:39,399 | INFO |   [65/356] SKIP motorola_moto_g47-14645.php
2026-05-30 00:47:39,399 | INFO |   [66/356] SKIP samsung_galaxy_a57-14379.php
2026-05-30 00:47:39,399 | INFO |   [67/356] SKIP xiaomi_17t_pro-14651.php
2026-05-30 00:47:39,400 | INFO |   [68/356] SKIP samsung_galaxy_s26_ultra-14320.php
2026-05-30 00:47:39,400 | INFO |   [69/356] SKIP xiaomi_17t-14652.php
2026-05-30 00:47:39,400 | INFO |   [70/356] SKIP xiaomi_17_max-14667.php
2026-05-30 00:47:39,400 | INFO |   [71/356] SKIP samsung_galaxy_a17-14041.php
2026-05-30 00:47:39,400 | INFO |   [72/356] SKIP apple_iphone_17_pro_max-13964.php
2026-05-30 00:47:39,400 | INFO |   [73/356] SKIP sony_xperia_1_viii-14660.php
2026-05-30 00:47:39,400 | INFO |   [74/356] SKIP xiaomi_redmi_note_15-14328.php
2026-05-30 00:47:39,400 | INFO |   [75/356] SKIP honor_600_pro-14604.php
2026-05-30 00:47:39,401 | INFO |   [76/356] SKIP samsung_galaxy_a56-13603.php
2026-05-30 00:47:39,401 | INFO |   [77/356] SKIP xiaomi_15_ultra-13657.php
2026-05-30 00:47:39,401 | INFO |   [78/356] SKIP xiaomi_poco_x7_pro-13582.php
2026-05-30 00:47:39,401 | INFO |   [79/356] SKIP xiaomi_17_pro_max-14181.php
2026-05-30 00:47:39,401 | INFO |   [80/356] SKIP oneplus_15-14206.php
2026-05-30 00:47:39,401 | INFO |   [81/356] SKIP samsung_galaxy_s25-13610.php
2026-05-30 00:47:39,401 | INFO |   [82/356] SKIP xiaomi_17_ultra-14380.php
2026-05-30 00:47:39,401 | INFO |   [83/356] SKIP oppo_find_x9_pro-14094.php
2026-05-30 00:47:39,401 | INFO | 
  [84/356]
2026-05-30 00:47:39,402 | INFO |   ⏳ 26.4s (req #380)
2026-05-30 00:48:06,654 | INFO |   GET https://www.gsmarena.com/honor_magic_v_flip_2_5g-14080.php → 200
2026-05-30 00:48:06,680 | INFO |       📱 Honor Magic V Flip 2 | Main=200.0MP | Selfie=50.0MP | AnTuTu=2270288 | Price=$None | IP=IP58 | Populated=57/68 fields
2026-05-30 00:48:06,684 | INFO |   💾 [50/356] saved
2026-05-30 00:48:06,684 | INFO | 
  [85/356]
2026-05-30 00:48:06,684 | INFO |   ⏳ 27.1s (req #381)
2026-05-30 00:48:34,604 | INFO |   GET https://www.gsmarena.com/honor_x7c_5g-14065.php → 200
2026-05-30 00:48:34,622 | INFO |       📱 Honor X7c | Main=50.0MP | Selfie=5.0MP | AnTuTu=None | Price=$None | IP=IP64 | Populated=47/68 fields
2026-05-30 00:48:34,625 | INFO |   💾 [51/356] saved
2026-05-30 00:48:34,626 | INFO | 
  [86/356]
2026-05-30 00:48:34,626 | INFO |   ⏳ 19.8s (req #382)
2026-05-30 00:48:55,211 | INFO |   GET https://www.gsmarena.com/honor_play10c_5g-14060.php → 200
2026-05-30 00:48:55,225 | INFO |       📱 Honor Play10C | Main=13.0MP | Selfie=5.0MP | AnTuTu=None | Price=$None | IP=IP64 | Populated=45/68 fields
2026-05-30 00:48:55,229 | INFO |   💾 [52/356] saved
2026-05-30 00:48:55,229 | INFO | 
  [87/356]
2026-05-30 00:48:55,229 | INFO |   ⏳ 38.2s (req #383)
2026-05-30 00:49:34,165 | INFO |   GET https://www.gsmarena.com/honor_400_smart_5g-14054.php → 200
2026-05-30 00:49:34,182 | INFO |       📱 Honor 400 Smart | Main=50.0MP | Selfie=5.0MP | AnTuTu=None | Price=$None | IP=IP64 | Populated=46/68 fields
2026-05-30 00:49:34,186 | INFO |   💾 [53/356] saved
2026-05-30 00:49:34,186 | INFO | 
  [88/356]
2026-05-30 00:49:34,186 | INFO |   ⏳ 45.0s (req #384)
2026-05-30 00:50:20,030 | INFO |   GET https://www.gsmarena.com/honor_pad_x7-14026.php → 200
2026-05-30 00:50:20,046 | INFO |       📱 Honor Pad X7 | Main=8.0MP | Selfie=5.0MP | AnTuTu=None | Price=$None | IP=None | Populated=40/68 fields
2026-05-30 00:50:20,049 | INFO |   💾 [54/356] saved
2026-05-30 00:50:20,049 | INFO | 
  [89/356]
2026-05-30 00:50:20,050 | INFO |   ⏳ 26.1s (req #385)
2026-05-30 00:50:47,124 | INFO |   GET https://www.gsmarena.com/honor_x70_5g-13994.php → 200
2026-05-30 00:50:47,145 | INFO |       📱 Honor X70 | Main=50.0MP | Selfie=8.0MP | AnTuTu=None | Price=$None | IP=IP68 | Populated=50/68 fields
2026-05-30 00:50:47,148 | INFO |   💾 [55/356] saved
2026-05-30 00:50:47,148 | INFO | 
  [90/356]
2026-05-30 00:50:47,149 | INFO |   ⏳ 28.5s (req #386)
2026-05-30 00:51:16,763 | INFO |   GET https://www.gsmarena.com/honor_pad_gt2_pro-14015.php → 200
2026-05-30 00:51:16,785 | INFO |       📱 Honor Pad GT2 Pro | Main=13.0MP | Selfie=8.0MP | AnTuTu=None | Price=$None | IP=None | Populated=40/68 fields
2026-05-30 00:51:16,789 | INFO |   💾 [56/356] saved
2026-05-30 00:51:16,789 | INFO | 
  [91/356]
2026-05-30 00:51:16,790 | INFO |   ⏳ 22.1s (req #387)
2026-05-30 00:51:39,799 | INFO |   GET https://www.gsmarena.com/honor_magicpad_3-14016.php → 200
2026-05-30 00:51:39,817 | INFO |       📱 Honor MagicPad 3 | Main=13.0MP | Selfie=9.0MP | AnTuTu=None | Price=$None | IP=None | Populated=42/68 fields
2026-05-30 00:51:39,820 | INFO |   💾 [57/356] saved
2026-05-30 00:51:39,820 | INFO | 
  [92/356]
2026-05-30 00:51:39,820 | INFO |   ⏳ 16.0s (req #388)
2026-05-30 00:51:56,705 | INFO |   GET https://www.gsmarena.com/honor_magic_v5-13982.php → 200
2026-05-30 00:51:56,725 | INFO |       📱 Honor Magic V5 | Main=50.0MP | Selfie=20.0MP | AnTuTu=2202004 | Price=$1259.0 | IP=IP58 | Populated=60/68 fields
2026-05-30 00:51:56,728 | INFO |   💾 [58/356] saved
2026-05-30 00:51:56,729 | INFO | 
  [93/356]
2026-05-30 00:51:56,729 | INFO |   ⏳ 19.8s (req #389)
2026-05-30 00:52:17,447 | INFO |   GET https://www.gsmarena.com/honor_x6c-13938.php → 200
2026-05-30 00:52:17,465 | INFO |       📱 Honor X6c | Main=50.0MP | Selfie=5.0MP | AnTuTu=None | Price=$369.0 | IP=IP64 | Populated=47/68 fields
2026-05-30 00:52:17,469 | INFO |   💾 [59/356] saved
2026-05-30 00:52:17,469 | INFO | 
  [94/356]
2026-05-30 00:52:17,469 | INFO |   ☕ Long pause 130s ...
2026-05-30 00:54:28,807 | INFO |   GET https://www.gsmarena.com/honor_400_pro_5g_(china)-13929.php → 200
2026-05-30 00:54:28,823 | INFO |       📱 Honor 400 Pro (China) | Main=200.0MP | Selfie=50.0MP | AnTuTu=None | Price=$None | IP=IP68 | Populated=54/68 fields
2026-05-30 00:54:28,826 | INFO |   💾 [60/356] saved
2026-05-30 00:54:28,826 | INFO | 
  [95/356]
2026-05-30 00:54:28,826 | INFO |   ⏳ 32.0s (req #391)
2026-05-30 00:55:01,627 | INFO |   GET https://www.gsmarena.com/honor_400_5g_(china)-13930.php → 200
2026-05-30 00:55:01,652 | INFO |       📱 Honor 400 (China) | Main=200.0MP | Selfie=50.0MP | AnTuTu=None | Price=$None | IP=IP68 | Populated=52/68 fields
2026-05-30 00:55:01,657 | INFO |   💾 [61/356] saved
2026-05-30 00:55:01,657 | INFO | 
  [96/356]
2026-05-30 00:55:01,657 | INFO |   ⏳ 36.0s (req #392)
2026-05-30 00:55:38,751 | INFO |   GET https://www.gsmarena.com/honor_400_pro_5g-13798.php → 200
2026-05-30 00:55:38,773 | INFO |       📱 Honor 400 Pro | Main=200.0MP | Selfie=50.0MP | AnTuTu=1902675 | Price=$940.0 | IP=IP68 | Populated=62/68 fields
2026-05-30 00:55:38,777 | INFO |   💾 [62/356] saved
2026-05-30 00:55:38,777 | INFO | 
  [97/356]
2026-05-30 00:55:38,777 | INFO |   ⏳ 21.4s (req #393)
2026-05-30 00:56:01,116 | INFO |   GET https://www.gsmarena.com/honor_400_5g-13799.php → 200
2026-05-30 00:56:01,139 | INFO |       📱 Honor 400 | Main=200.0MP | Selfie=50.0MP | AnTuTu=864286 | Price=$332.74 | IP=IP65 | Populated=60/68 fields
2026-05-30 00:56:01,142 | INFO |   💾 [63/356] saved
2026-05-30 00:56:01,142 | INFO | 
  [98/356]
2026-05-30 00:56:01,142 | INFO |   ⏳ 15.7s (req #394)
2026-05-30 00:56:17,588 | INFO |   GET https://www.gsmarena.com/honor_pad_10-13897.php → 200
2026-05-30 00:56:17,604 | INFO |       📱 Honor Pad 10 | Main=8.0MP | Selfie=8.0MP | AnTuTu=None | Price=$None | IP=None | Populated=44/68 fields
2026-05-30 00:56:17,608 | INFO |   💾 [64/356] saved
2026-05-30 00:56:17,608 | INFO | 
  [99/356]
2026-05-30 00:56:17,609 | INFO |   ⏳ 21.2s (req #395)
2026-05-30 00:56:39,708 | INFO |   GET https://www.gsmarena.com/honor_x70i_5g-13816.php → 200
2026-05-30 00:56:39,723 | INFO |       📱 Honor X70i | Main=108.0MP | Selfie=8.0MP | AnTuTu=None | Price=$None | IP=IP65 | Populated=46/68 fields
2026-05-30 00:56:39,727 | INFO |   💾 [65/356] saved
2026-05-30 00:56:39,728 | INFO | 
  [100/356]
2026-05-30 00:56:39,728 | INFO |   ⏳ 15.9s (req #396)
2026-05-30 00:56:56,654 | INFO |   GET https://www.gsmarena.com/honor_gt_pro_5g-13810.php → 200
2026-05-30 00:56:56,679 | INFO |       📱 Honor GT Pro | Main=50.0MP | Selfie=50.0MP | AnTuTu=None | Price=$None | IP=IP68 | Populated=53/68 fields
2026-05-30 00:56:56,682 | INFO |   💾 [66/356] saved
2026-05-30 00:56:56,682 | INFO | 
  [101/356]
2026-05-30 00:56:56,682 | INFO |   ⏳ 19.3s (req #397)
2026-05-30 00:57:16,759 | INFO |   GET https://www.gsmarena.com/honor_tablet_gt-13814.php → 200
2026-05-30 00:57:16,811 | INFO |       📱 Honor Pad GT | Main=13.0MP | Selfie=8.0MP | AnTuTu=None | Price=$None | IP=None | Populated=41/68 fields
2026-05-30 00:57:16,814 | INFO |   💾 [67/356] saved
2026-05-30 00:57:16,814 | INFO | 
  [102/356]
2026-05-30 00:57:16,814 | INFO |   ⏳ 44.6s (req #398)
2026-05-30 00:58:02,226 | INFO |   GET https://www.gsmarena.com/honor_x60_gt_5g-13807.php → 200
2026-05-30 00:58:02,241 | INFO |       📱 Honor X60 GT | Main=50.0MP | Selfie=16.0MP | AnTuTu=None | Price=$None | IP=IP65 | Populated=48/68 fields
2026-05-30 00:58:02,245 | INFO |   💾 [68/356] saved
2026-05-30 00:58:02,245 | INFO | 
  [103/356]
2026-05-30 00:58:02,245 | INFO |   ⏳ 27.8s (req #399)
2026-05-30 00:58:31,151 | INFO |   GET https://www.gsmarena.com/honor_power_5g-13794.php → 200
2026-05-30 00:58:31,167 | INFO |       📱 Honor Power | Main=50.0MP | Selfie=16.0MP | AnTuTu=None | Price=$None | IP=None | Populated=48/68 fields
2026-05-30 00:58:31,170 | INFO |   💾 [69/356] saved
2026-05-30 00:58:31,170 | INFO | 
  [104/356]
2026-05-30 00:58:31,171 | INFO |   ⏳ 40.3s (req #400)
2026-05-30 00:59:12,597 | INFO |   GET https://www.gsmarena.com/honor_400_lite-13742.php → 200
2026-05-30 00:59:12,616 | INFO |       📱 Honor 400 Lite | Main=108.0MP | Selfie=16.0MP | AnTuTu=None | Price=$470.0 | IP=IP65 | Populated=50/68 fields
2026-05-30 00:59:12,619 | INFO |   💾 [70/356] saved
2026-05-30 00:59:12,619 | INFO | 
  [105/356]
2026-05-30 00:59:12,620 | INFO |   ⏳ 33.6s (req #401)
2026-05-30 00:59:46,948 | INFO |   GET https://www.gsmarena.com/honor_play_60_5g-13803.php → 200
2026-05-30 00:59:46,962 | INFO |       📱 Honor Play 60 | Main=13.0MP | Selfie=5.0MP | AnTuTu=None | Price=$None | IP=IP64 | Populated=45/68 fields
2026-05-30 00:59:46,966 | INFO |   💾 [71/356] saved
2026-05-30 00:59:46,966 | INFO | 
  [106/356]
2026-05-30 00:59:46,966 | INFO |   ⏳ 16.8s (req #402)
2026-05-30 01:00:04,523 | INFO |   GET https://www.gsmarena.com/honor_pad_x9a-13751.php → 200
2026-05-30 01:00:04,547 | INFO |       📱 Honor Pad X9a | Main=8.0MP | Selfie=5.0MP | AnTuTu=None | Price=$None | IP=None | Populated=42/68 fields
2026-05-30 01:00:04,551 | INFO |   💾 [72/356] saved
2026-05-30 01:00:04,551 | INFO | 
  [107/356]
2026-05-30 01:00:04,551 | INFO |   ⏳ 31.8s (req #403)
2026-05-30 01:00:37,234 | INFO |   GET https://www.gsmarena.com/honor_play9a-13743.php → 200
2026-05-30 01:00:37,249 | INFO |       📱 Honor Play9A | Main=13.0MP | Selfie=5.0MP | AnTuTu=None | Price=$None | IP=None | Populated=42/68 fields
2026-05-30 01:00:37,252 | INFO |   💾 [73/356] saved
2026-05-30 01:00:37,252 | INFO | 
  [108/356]
2026-05-30 01:00:37,252 | INFO |   ⏳ 22.6s (req #404)
2026-05-30 01:01:00,756 | INFO |   GET https://www.gsmarena.com/honor_watch_5_ultra-13685.php → 200
2026-05-30 01:01:00,771 | INFO |       📱 Honor Watch 5 Ultra | Main=NoneMP | Selfie=NoneMP | AnTuTu=None | Price=$None | IP=IP68 | Populated=25/68 fields
2026-05-30 01:01:00,775 | INFO |   💾 [74/356] saved
2026-05-30 01:01:00,775 | INFO | 
  [109/356]
2026-05-30 01:01:00,775 | INFO |   ⏳ 18.2s (req #405)
2026-05-30 01:01:19,875 | INFO |   GET https://www.gsmarena.com/honor_x8c-13621.php → 200
2026-05-30 01:01:19,890 | INFO |       📱 Honor X8c | Main=108.0MP | Selfie=50.0MP | AnTuTu=None | Price=$None | IP=IP64 | Populated=47/68 fields
2026-05-30 01:01:19,893 | INFO |   💾 [75/356] saved
2026-05-30 01:01:19,893 | INFO | 
  [110/356]
2026-05-30 01:01:19,893 | INFO |   ⏳ 38.7s (req #406)
2026-05-30 01:01:59,631 | INFO |   GET https://www.gsmarena.com/honor_magic7_lite-13581.php → 200
2026-05-30 01:01:59,650 | INFO |       📱 Honor Magic7 Lite | Main=108.0MP | Selfie=16.0MP | AnTuTu=594450 | Price=$268.19 | IP=IP64 | Populated=54/68 fields
2026-05-30 01:01:59,652 | INFO |   💾 [76/356] saved
2026-05-30 01:01:59,653 | INFO | 
  [111/356]
2026-05-30 01:01:59,653 | INFO |   ⏳ 18.7s (req #407)
2026-05-30 01:02:19,259 | INFO |   GET https://www.gsmarena.com/honor_magic7_rsr_porsche_design-13588.php → 200
2026-05-30 01:02:19,276 | INFO |       📱 Honor Magic7 RSR Porsche Design | Main=50.0MP | Selfie=50.0MP | AnTuTu=2476857 | Price=$None | IP=IP68 | Populated=60/68 fields
2026-05-30 01:02:19,280 | INFO |   💾 [77/356] saved
2026-05-30 01:02:19,280 | INFO | 
  [112/356]
2026-05-30 01:02:19,280 | INFO |   ⏳ 36.4s (req #408)
2026-05-30 01:02:56,509 | INFO |   GET https://www.gsmarena.com/honor_gt-13569.php → 200
2026-05-30 01:02:56,533 | INFO |       📱 Honor GT | Main=50.0MP | Selfie=16.0MP | AnTuTu=None | Price=$None | IP=IP65 | Populated=50/68 fields
2026-05-30 01:02:56,536 | INFO |   💾 [78/356] saved
2026-05-30 01:02:56,536 | INFO | 
  [113/356]
2026-05-30 01:02:56,536 | INFO |   ⏳ 38.9s (req #409)
2026-05-30 01:03:36,625 | INFO |   GET https://www.gsmarena.com/honor_pad_v9-13568.php → 200
2026-05-30 01:03:36,641 | INFO |       📱 Honor Pad V9 | Main=13.0MP | Selfie=8.0MP | AnTuTu=None | Price=$None | IP=None | Populated=41/68 fields
2026-05-30 01:03:36,644 | INFO |   💾 [79/356] saved
2026-05-30 01:03:36,645 | INFO | 
  [114/356]
2026-05-30 01:03:36,645 | INFO |   ⏳ 16.2s (req #410)
2026-05-30 01:03:53,736 | INFO |   GET https://www.gsmarena.com/honor_300_ultra-13537.php → 200
2026-05-30 01:03:53,754 | INFO |       📱 Honor 300 Ultra | Main=50.0MP | Selfie=50.0MP | AnTuTu=None | Price=$None | IP=IP65 | Populated=53/68 fields
2026-05-30 01:03:53,757 | INFO |   💾 [80/356] saved
2026-05-30 01:03:53,758 | INFO | 
  [115/356]
2026-05-30 01:03:53,758 | INFO |   ⏳ 19.1s (req #411)
2026-05-30 01:04:13,673 | INFO |   GET https://www.gsmarena.com/honor_300_pro-13538.php → 200
2026-05-30 01:04:13,689 | INFO |       📱 Honor 300 Pro | Main=50.0MP | Selfie=50.0MP | AnTuTu=None | Price=$None | IP=IP65 | Populated=52/68 fields
2026-05-30 01:04:13,693 | INFO |   💾 [81/356] saved
2026-05-30 01:04:13,693 | INFO | 
  [116/356]
2026-05-30 01:04:13,693 | INFO |   ⏳ 43.9s (req #412)
2026-05-30 01:04:58,829 | INFO |   GET https://www.gsmarena.com/honor_300-13539.php → 200
2026-05-30 01:04:58,846 | INFO |       📱 Honor 300 | Main=50.0MP | Selfie=50.0MP | AnTuTu=None | Price=$None | IP=IP65 | Populated=50/68 fields
2026-05-30 01:04:58,849 | INFO |   💾 [82/356] saved
2026-05-30 01:04:58,849 | INFO | 
  [117/356]
2026-05-30 01:04:58,849 | INFO |   ⏳ 23.3s (req #413)
2026-05-30 01:05:23,348 | INFO |   GET https://www.gsmarena.com/honor_x9c_smart-13536.php → 200
2026-05-30 01:05:23,365 | INFO |       📱 Honor X9c Smart | Main=108.0MP | Selfie=16.0MP | AnTuTu=None | Price=$None | IP=None | Populated=43/68 fields
2026-05-30 01:05:23,369 | INFO |   💾 [83/356] saved
2026-05-30 01:05:23,369 | INFO | 
  [118/356]
2026-05-30 01:05:23,369 | INFO |   ⏳ 37.9s (req #414)
2026-05-30 01:06:02,207 | INFO |   GET https://www.gsmarena.com/honor_play9c-13493.php → 200
2026-05-30 01:06:02,230 | INFO |       📱 Honor Play9C (China) | Main=13.0MP | Selfie=5.0MP | AnTuTu=None | Price=$None | IP=None | Populated=44/68 fields
2026-05-30 01:06:02,233 | INFO |   💾 [84/356] saved
2026-05-30 01:06:02,233 | INFO | 
  [119/356]
2026-05-30 01:06:02,233 | INFO |   ⏳ 28.4s (req #415)
2026-05-30 01:06:31,574 | INFO |   GET https://www.gsmarena.com/honor_play9t-13494.php → 200
2026-05-30 01:06:31,589 | INFO |       📱 Honor Play9T | Main=50.0MP | Selfie=5.0MP | AnTuTu=None | Price=$None | IP=IP64 | Populated=46/68 fields
2026-05-30 01:06:31,592 | INFO |   💾 [85/356] saved
2026-05-30 01:06:31,592 | INFO | 
  [120/356]
2026-05-30 01:06:31,593 | INFO |   ⏳ 38.5s (req #416)
2026-05-30 01:07:11,275 | INFO |   GET https://www.gsmarena.com/honor_x9c-13490.php → 200
2026-05-30 01:07:11,296 | INFO |       📱 Honor X9c | Main=108.0MP | Selfie=16.0MP | AnTuTu=None | Price=$449.0 | IP=IP65 | Populated=48/68 fields
2026-05-30 01:07:11,300 | INFO |   💾 [86/356] saved
2026-05-30 01:07:11,300 | INFO | 
  [121/356]
2026-05-30 01:07:11,300 | INFO |   ⏳ 45.0s (req #417)
2026-05-30 01:07:57,405 | INFO |   GET https://www.gsmarena.com/honor_magic7_pro-13480.php → 200
2026-05-30 01:07:57,426 | INFO |       📱 Honor Magic7 Pro | Main=50.0MP | Selfie=50.0MP | AnTuTu=2767943 | Price=$821.84 | IP=IP68 | Populated=62/68 fields
2026-05-30 01:07:57,429 | INFO |   💾 [87/356] saved
2026-05-30 01:07:57,429 | INFO | 
  [122/356]
2026-05-30 01:07:57,429 | INFO |   ⏳ 31.9s (req #418)
2026-05-30 01:08:30,491 | INFO |   GET https://www.gsmarena.com/honor_magic7-13481.php → 200
2026-05-30 01:08:30,522 | INFO |       📱 Honor Magic7 | Main=50.0MP | Selfie=50.0MP | AnTuTu=None | Price=$None | IP=IP68 | Populated=54/68 fields
2026-05-30 01:08:30,528 | INFO |   💾 [88/356] saved
2026-05-30 01:08:30,528 | INFO | 
  [123/356]
2026-05-30 01:08:30,529 | INFO |   ⏳ 35.9s (req #419)
2026-05-30 01:09:07,301 | INFO |   GET https://www.gsmarena.com/honor_x5b_plus-13464.php → 200
2026-05-30 01:09:07,318 | INFO |       📱 Honor X5b Plus | Main=50.0MP | Selfie=5.0MP | AnTuTu=None | Price=$None | IP=None | Populated=44/68 fields
2026-05-30 01:09:07,321 | INFO |   💾 [89/356] saved
2026-05-30 01:09:07,322 | INFO | 
  [124/356]
2026-05-30 01:09:07,322 | INFO |   ☕ Long pause 125s ...
2026-05-30 01:11:13,021 | INFO |   GET https://www.gsmarena.com/honor_x5b-13463.php → 200
2026-05-30 01:11:13,033 | INFO |       📱 Honor X5b | Main=13.0MP | Selfie=5.0MP | AnTuTu=None | Price=$None | IP=None | Populated=43/68 fields
2026-05-30 01:11:13,036 | INFO |   💾 [90/356] saved
2026-05-30 01:11:13,036 | INFO | 
  [125/356]
2026-05-30 01:11:13,036 | INFO |   ⏳ 18.4s (req #421)
2026-05-30 01:11:32,447 | INFO |   GET https://www.gsmarena.com/honor_x7c-13416.php → 200
2026-05-30 01:11:32,459 | INFO |       📱 Honor X7c 4G | Main=108.0MP | Selfie=8.0MP | AnTuTu=None | Price=$None | IP=IP64 | Populated=46/68 fields
2026-05-30 01:11:32,462 | INFO |   💾 [91/356] saved
2026-05-30 01:11:32,462 | INFO | 
  [126/356]
2026-05-30 01:11:32,462 | INFO |   ⏳ 32.1s (req #422)
2026-05-30 01:12:05,327 | INFO |   GET https://www.gsmarena.com/honor_x60_pro-13443.php → 200
2026-05-30 01:12:05,339 | INFO |       📱 Honor X60 Pro | Main=108.0MP | Selfie=8.0MP | AnTuTu=None | Price=$None | IP=None | Populated=47/68 fields
2026-05-30 01:12:05,342 | INFO |   💾 [92/356] saved
2026-05-30 01:12:05,342 | INFO | 
  [127/356]
2026-05-30 01:12:05,343 | INFO |   ⏳ 25.8s (req #423)
2026-05-30 01:12:31,986 | INFO |   GET https://www.gsmarena.com/honor_x60-13415.php → 200
2026-05-30 01:12:31,999 | INFO |       📱 Honor X60 | Main=108.0MP | Selfie=8.0MP | AnTuTu=None | Price=$None | IP=None | Populated=44/68 fields
2026-05-30 01:12:32,002 | INFO |   💾 [93/356] saved
2026-05-30 01:12:32,002 | INFO | 
  [128/356]
2026-05-30 01:12:32,002 | INFO |   ⏳ 22.2s (req #424)
2026-05-30 01:12:55,024 | INFO |   GET https://www.gsmarena.com/honor_pad_gt_pro-13417.php → 200
2026-05-30 01:12:55,035 | INFO |       📱 Honor Pad GT Pro | Main=13.0MP | Selfie=9.0MP | AnTuTu=None | Price=$None | IP=None | Populated=41/68 fields
2026-05-30 01:12:55,038 | INFO |   💾 [94/356] saved
2026-05-30 01:12:55,039 | INFO | 
  [129/356]
2026-05-30 01:12:55,039 | INFO |   ⏳ 30.4s (req #425)
2026-05-30 01:13:26,492 | INFO |   GET https://www.gsmarena.com/honor_200_smart-13281.php → 200
2026-05-30 01:13:26,509 | INFO |       📱 Honor 200 Smart | Main=50.0MP | Selfie=5.0MP | AnTuTu=None | Price=$337.74 | IP=IP64 | Populated=48/68 fields
2026-05-30 01:13:26,513 | INFO |   💾 [95/356] saved
2026-05-30 01:13:26,513 | INFO | 
  [130/356]
2026-05-30 01:13:26,513 | INFO |   ⏳ 33.7s (req #426)
2026-05-30 01:14:00,902 | INFO |   GET https://www.gsmarena.com/honor_watch_5-13307.php → 200
2026-05-30 01:14:00,915 | INFO |       📱 Honor Watch 5 | Main=NoneMP | Selfie=NoneMP | AnTuTu=None | Price=$None | IP=IP68 | Populated=27/68 fields
2026-05-30 01:14:00,918 | INFO |   💾 [96/356] saved
2026-05-30 01:14:00,918 | INFO | 
  [131/356]
2026-05-30 01:14:00,919 | INFO |   ⏳ 31.1s (req #427)
2026-05-30 01:14:32,930 | INFO |   GET https://www.gsmarena.com/honor_pad_x8a-13259.php → 200
2026-05-30 01:14:32,956 | INFO |       📱 Honor Pad X8a | Main=5.0MP | Selfie=5.0MP | AnTuTu=None | Price=$None | IP=None | Populated=41/68 fields
2026-05-30 01:14:32,961 | INFO |   💾 [97/356] saved
2026-05-30 01:14:32,961 | INFO | 
  [132/356]
2026-05-30 01:14:32,962 | INFO |   ⏳ 19.6s (req #428)
2026-05-30 01:14:53,436 | INFO |   GET https://www.gsmarena.com/honor_x60i-13208.php → 200
2026-05-30 01:14:53,447 | INFO |       📱 Honor X60i | Main=50.0MP | Selfie=8.0MP | AnTuTu=None | Price=$None | IP=IP64 | Populated=44/68 fields
2026-05-30 01:14:53,450 | INFO |   💾 [98/356] saved
2026-05-30 01:14:53,450 | INFO | 
  [133/356]
2026-05-30 01:14:53,450 | INFO |   ⏳ 21.4s (req #429)
2026-05-30 01:15:15,781 | INFO |   GET https://www.gsmarena.com/honor_magicpad_2_12_3-13205.php → 200
2026-05-30 01:15:15,796 | INFO |       📱 Honor MagicPad 2 12.3 | Main=13.0MP | Selfie=9.0MP | AnTuTu=1435490 | Price=$None | IP=None | Populated=47/68 fields
2026-05-30 01:15:15,798 | INFO |   💾 [99/356] saved
2026-05-30 01:15:15,798 | INFO | 
  [134/356]
2026-05-30 01:15:15,799 | INFO |   ⏳ 30.3s (req #430)
2026-05-30 10:39:05,297 | INFO | ============================================================
2026-05-30 10:39:05,298 | INFO | BATCH 5 — ZTE | Alcatel | BLU | Honor
2026-05-30 10:39:05,298 | INFO | Phones ~1,539  |  Time: 8–10 hours
2026-05-30 10:39:05,298 | INFO | Columns: 68 | Method: data-spec attributes
2026-05-30 10:39:05,298 | INFO | Started: 2026-05-30 10:39:05
2026-05-30 10:39:05,298 | INFO | ============================================================
2026-05-30 10:39:05,298 | INFO | Checking connection ...
2026-05-30 10:39:06,059 | INFO |   ✅ Connected (attempt 1)
2026-05-30 10:39:06,076 | INFO | Resuming: 920 done | 0 retry queue
2026-05-30 10:39:06,076 | INFO |   ▶ First request — no delay
2026-05-30 10:39:06,783 | INFO |   GET https://www.gsmarena.com/makers.php3 → 200
2026-05-30 10:39:06,806 | INFO | ✅ 126 brands
2026-05-30 10:39:06,806 | INFO | Matched: ['Alcatel', 'Blu', 'Honor', 'Zte']
2026-05-30 10:39:06,806 | INFO | [1/4] SKIP Alcatel
2026-05-30 10:39:06,806 | INFO | [2/4] SKIP Blu
2026-05-30 10:39:06,807 | INFO | 
============================================================
2026-05-30 10:39:06,807 | INFO | [3/4] Honor (324 phones)
2026-05-30 10:39:06,807 | INFO | Elapsed: 0min
2026-05-30 10:39:06,807 | INFO | ============================================================
2026-05-30 10:39:06,824 | INFO |   📋 Loaded 356 links from cache — no web requests needed
2026-05-30 10:39:06,825 | INFO |   [1/356] SKIP honor_600_pro_5g_(china)-14680.php
2026-05-30 10:39:06,825 | INFO |   [2/356] SKIP honor_600_5g_(china)-14681.php
2026-05-30 10:39:06,826 | INFO |   [3/356] SKIP honor_600e_5g-14688.php
2026-05-30 10:39:06,826 | INFO |   [4/356] SKIP honor_x7e-14677.php
2026-05-30 10:39:06,827 | INFO |   [5/356] SKIP honor_500_smart_5g-14689.php
2026-05-30 10:39:06,828 | INFO |   [6/356] SKIP honor_600_pro_5g-14604.php
2026-05-30 10:39:06,828 | INFO |   [7/356] SKIP honor_600_5g-14605.php
2026-05-30 10:39:06,828 | INFO |   [8/356] SKIP honor_pad_20-14663.php
2026-05-30 10:39:06,829 | INFO |   [9/356] SKIP honor_magicpad_3_pro_12_3-14629.php
2026-05-30 10:39:06,829 | INFO |   [10/356] SKIP honor_play11_plus_5g-14662.php
2026-05-30 10:39:06,829 | INFO |   [11/356] SKIP honor_x70_refresh_edition_5g-14589.php
2026-05-30 10:39:06,829 | INFO |   [12/356] SKIP honor_x5d_plus-14584.php
2026-05-30 10:39:06,830 | INFO |   [13/356] SKIP honor_x5d-14583.php
2026-05-30 10:39:06,830 | INFO |   [14/356] SKIP honor_x80i_5g-14579.php
2026-05-30 10:39:06,830 | INFO |   [15/356] SKIP honor_play_80_pro_5g-14577.php
2026-05-30 10:39:06,831 | INFO |   [16/356] SKIP honor_play_80_plus_5g-14650.php
2026-05-30 10:39:06,832 | INFO |   [17/356] SKIP honor_play_70c-14653.php
2026-05-30 10:39:06,833 | INFO |   [18/356] SKIP honor_play_80_5g-14578.php
2026-05-30 10:39:06,833 | INFO |   [19/356] SKIP honor_watch_x5i-14580.php
2026-05-30 10:39:06,834 | INFO |   [20/356] SKIP honor_600_lite_5g-14522.php
2026-05-30 10:39:06,834 | INFO |   [21/356] SKIP honor_magic_v6_5g-14518.php
2026-05-30 10:39:06,835 | INFO |   [22/356] SKIP honor_magicpad4-14511.php
2026-05-30 10:39:06,835 | INFO |   [23/356] SKIP honor_pad_x8b-14489.php
2026-05-30 10:39:06,835 | INFO |   [24/356] SKIP honor_x6d_5g-14484.php
2026-05-30 10:39:06,836 | INFO |   [25/356] SKIP honor_magic8_rsr_porsche_design_5g-14429.php
2026-05-30 10:39:06,836 | INFO |   [26/356] SKIP honor_pad_10_pro-14590.php
2026-05-30 10:39:06,837 | INFO |   [27/356] SKIP honor_magic8_pro_air_5g-14405.php
2026-05-30 10:39:06,837 | INFO |   [28/356] SKIP honor_watch_gs_5-14431.php
2026-05-30 10:39:06,837 | INFO |   [29/356] SKIP honor_power_2_5g-14364.php
2026-05-30 10:39:06,839 | INFO |   [30/356] SKIP honor_win_5g-14377.php
2026-05-30 10:39:06,840 | INFO |   [31/356] SKIP honor_win_rt_5g-14376.php
2026-05-30 10:39:06,841 | INFO |   [32/356] SKIP honor_play_60a_5g-14357.php
2026-05-30 10:39:06,842 | INFO |   [33/356] SKIP honor_x8d-14351.php
2026-05-30 10:39:06,843 | INFO |   [34/356] SKIP honor_magic8_lite_5g-14341.php
2026-05-30 10:39:06,844 | INFO |   [35/356] SKIP honor_watch_x5-14317.php
2026-05-30 10:39:06,844 | INFO |   [36/356] SKIP honor_500_pro_5g_(china)-14294.php
2026-05-30 10:39:06,845 | INFO |   [37/356] SKIP honor_500_5g-14296.php
2026-05-30 10:39:06,848 | INFO |   [38/356] SKIP honor_magic8_pro_5g-14231.php
2026-05-30 10:39:06,848 | INFO |   [39/356] SKIP honor_magic8_5g-14232.php
2026-05-30 10:39:06,849 | INFO |   [40/356] SKIP honor_watch_5_pro-14242.php
2026-05-30 10:39:06,849 | INFO |   [41/356] SKIP honor_magicpad_3_pro-14243.php
2026-05-30 10:39:06,849 | INFO |   [42/356] SKIP honor_play10a-14253.php
2026-05-30 10:39:06,850 | INFO |   [43/356] SKIP honor_x5c-14251.php
2026-05-30 10:39:06,850 | INFO |   [44/356] SKIP honor_x5c_plus-14156.php
2026-05-30 10:39:06,850 | INFO |   [45/356] SKIP honor_x6b_5g-14195.php
2026-05-30 10:39:06,851 | INFO |   [46/356] SKIP honor_x9d_5g-14176.php
2026-05-30 10:39:06,851 | INFO |   [47/356] SKIP honor_x7d_5g-14175.php
2026-05-30 10:39:06,851 | INFO |   [48/356] SKIP honor_400_smart-14142.php
2026-05-30 10:39:06,852 | INFO |   [49/356] SKIP honor_play10-14126.php
2026-05-30 10:39:06,852 | INFO |   [50/356] SKIP honor_x7d-14093.php
2026-05-30 10:39:06,852 | INFO |   [51/356] SKIP vivo_s60_vitality_5g-14693.php
2026-05-30 10:39:06,852 | INFO |   [52/356] SKIP vivo_s60_5g-14692.php
2026-05-30 10:39:06,853 | INFO |   [53/356] SKIP vivo_t5-14697.php
2026-05-30 10:39:06,853 | INFO |   [54/356] SKIP zte_nubia_redmagic_11s_pro_5g-14669.php
2026-05-30 10:39:06,853 | INFO |   [55/356] SKIP ulefone_tab_a12_pro-14695.php
2026-05-30 10:39:06,854 | INFO |   [56/356] SKIP xiaomi_17_max_5g-14667.php
2026-05-30 10:39:06,854 | INFO |   [57/356] SKIP vivo_y600_turbo_5g-14687.php
2026-05-30 10:39:06,854 | INFO |   [58/356] SKIP ulefone_armor_mini_5-14694.php
2026-05-30 10:39:06,854 | INFO |   [59/356] SKIP xiaomi_17t_pro_5g-14651.php
2026-05-30 10:39:06,855 | INFO |   [60/356] SKIP xiaomi_17t_5g-14652.php
2026-05-30 10:39:06,855 | INFO |   [61/356] SKIP xiaomi_watch_s5-14696.php
2026-05-30 10:39:06,855 | INFO |   [62/356] SKIP realme_16t_5g-14674.php
2026-05-30 10:39:06,855 | INFO |   [63/356] SKIP sony_xperia_1_viii_5g-14660.php
2026-05-30 10:39:06,855 | INFO |   [64/356] SKIP motorola_moto_g87_5g-14644.php
2026-05-30 10:39:06,856 | INFO |   [65/356] SKIP motorola_moto_g47-14645.php
2026-05-30 10:39:06,856 | INFO |   [66/356] SKIP samsung_galaxy_a57-14379.php
2026-05-30 10:39:06,856 | INFO |   [67/356] SKIP xiaomi_17t_pro-14651.php
2026-05-30 10:39:06,856 | INFO |   [68/356] SKIP samsung_galaxy_s26_ultra-14320.php
2026-05-30 10:39:06,857 | INFO |   [69/356] SKIP xiaomi_17t-14652.php
2026-05-30 10:39:06,857 | INFO |   [70/356] SKIP xiaomi_17_max-14667.php
2026-05-30 10:39:06,857 | INFO |   [71/356] SKIP samsung_galaxy_a17-14041.php
2026-05-30 10:39:06,857 | INFO |   [72/356] SKIP apple_iphone_17_pro_max-13964.php
2026-05-30 10:39:06,858 | INFO |   [73/356] SKIP sony_xperia_1_viii-14660.php
2026-05-30 10:39:06,858 | INFO |   [74/356] SKIP xiaomi_redmi_note_15-14328.php
2026-05-30 10:39:06,858 | INFO |   [75/356] SKIP honor_600_pro-14604.php
2026-05-30 10:39:06,858 | INFO |   [76/356] SKIP samsung_galaxy_a56-13603.php
2026-05-30 10:39:06,858 | INFO |   [77/356] SKIP xiaomi_15_ultra-13657.php
2026-05-30 10:39:06,859 | INFO |   [78/356] SKIP xiaomi_poco_x7_pro-13582.php
2026-05-30 10:39:06,859 | INFO |   [79/356] SKIP xiaomi_17_pro_max-14181.php
2026-05-30 10:39:06,859 | INFO |   [80/356] SKIP oneplus_15-14206.php
2026-05-30 10:39:06,859 | INFO |   [81/356] SKIP samsung_galaxy_s25-13610.php
2026-05-30 10:39:06,860 | INFO |   [82/356] SKIP xiaomi_17_ultra-14380.php
2026-05-30 10:39:06,860 | INFO |   [83/356] SKIP oppo_find_x9_pro-14094.php
2026-05-30 10:39:06,860 | INFO |   [84/356] SKIP honor_magic_v_flip_2_5g-14080.php
2026-05-30 10:39:06,860 | INFO |   [85/356] SKIP honor_x7c_5g-14065.php
2026-05-30 10:39:06,860 | INFO |   [86/356] SKIP honor_play10c_5g-14060.php
2026-05-30 10:39:06,861 | INFO |   [87/356] SKIP honor_400_smart_5g-14054.php
2026-05-30 10:39:06,861 | INFO |   [88/356] SKIP honor_pad_x7-14026.php
2026-05-30 10:39:06,861 | INFO |   [89/356] SKIP honor_x70_5g-13994.php
2026-05-30 10:39:06,861 | INFO |   [90/356] SKIP honor_pad_gt2_pro-14015.php
2026-05-30 10:39:06,862 | INFO |   [91/356] SKIP honor_magicpad_3-14016.php
2026-05-30 10:39:06,862 | INFO |   [92/356] SKIP honor_magic_v5-13982.php
2026-05-30 10:39:06,862 | INFO |   [93/356] SKIP honor_x6c-13938.php
2026-05-30 10:39:06,862 | INFO |   [94/356] SKIP honor_400_pro_5g_(china)-13929.php
2026-05-30 10:39:06,862 | INFO |   [95/356] SKIP honor_400_5g_(china)-13930.php
2026-05-30 10:39:06,863 | INFO |   [96/356] SKIP honor_400_pro_5g-13798.php
2026-05-30 10:39:06,863 | INFO |   [97/356] SKIP honor_400_5g-13799.php
2026-05-30 10:39:06,863 | INFO |   [98/356] SKIP honor_pad_10-13897.php
2026-05-30 10:39:06,863 | INFO |   [99/356] SKIP honor_x70i_5g-13816.php
2026-05-30 10:39:06,864 | INFO |   [100/356] SKIP honor_gt_pro_5g-13810.php
2026-05-30 10:39:06,864 | INFO |   [101/356] SKIP honor_tablet_gt-13814.php
2026-05-30 10:39:06,864 | INFO |   [102/356] SKIP honor_x60_gt_5g-13807.php
2026-05-30 10:39:06,864 | INFO |   [103/356] SKIP honor_power_5g-13794.php
2026-05-30 10:39:06,864 | INFO |   [104/356] SKIP honor_400_lite-13742.php
2026-05-30 10:39:06,865 | INFO |   [105/356] SKIP honor_play_60_5g-13803.php
2026-05-30 10:39:06,865 | INFO |   [106/356] SKIP honor_pad_x9a-13751.php
2026-05-30 10:39:06,865 | INFO |   [107/356] SKIP honor_play9a-13743.php
2026-05-30 10:39:06,865 | INFO |   [108/356] SKIP honor_watch_5_ultra-13685.php
2026-05-30 10:39:06,865 | INFO |   [109/356] SKIP honor_x8c-13621.php
2026-05-30 10:39:06,865 | INFO |   [110/356] SKIP honor_magic7_lite-13581.php
2026-05-30 10:39:06,866 | INFO |   [111/356] SKIP honor_magic7_rsr_porsche_design-13588.php
2026-05-30 10:39:06,866 | INFO |   [112/356] SKIP honor_gt-13569.php
2026-05-30 10:39:06,866 | INFO |   [113/356] SKIP honor_pad_v9-13568.php
2026-05-30 10:39:06,867 | INFO |   [114/356] SKIP honor_300_ultra-13537.php
2026-05-30 10:39:06,867 | INFO |   [115/356] SKIP honor_300_pro-13538.php
2026-05-30 10:39:06,867 | INFO |   [116/356] SKIP honor_300-13539.php
2026-05-30 10:39:06,867 | INFO |   [117/356] SKIP honor_x9c_smart-13536.php
2026-05-30 10:39:06,867 | INFO |   [118/356] SKIP honor_play9c-13493.php
2026-05-30 10:39:06,868 | INFO |   [119/356] SKIP honor_play9t-13494.php
2026-05-30 10:39:06,868 | INFO |   [120/356] SKIP honor_x9c-13490.php
2026-05-30 10:39:06,868 | INFO |   [121/356] SKIP honor_magic7_pro-13480.php
2026-05-30 10:39:06,868 | INFO |   [122/356] SKIP honor_magic7-13481.php
2026-05-30 10:39:06,869 | INFO |   [123/356] SKIP honor_x5b_plus-13464.php
2026-05-30 10:39:06,869 | INFO |   [124/356] SKIP honor_x5b-13463.php
2026-05-30 10:39:06,869 | INFO |   [125/356] SKIP honor_x7c-13416.php
2026-05-30 10:39:06,869 | INFO |   [126/356] SKIP honor_x60_pro-13443.php
2026-05-30 10:39:06,870 | INFO |   [127/356] SKIP honor_x60-13415.php
2026-05-30 10:39:06,870 | INFO |   [128/356] SKIP honor_pad_gt_pro-13417.php
2026-05-30 10:39:06,870 | INFO |   [129/356] SKIP honor_200_smart-13281.php
2026-05-30 10:39:06,870 | INFO |   [130/356] SKIP honor_watch_5-13307.php
2026-05-30 10:39:06,871 | INFO |   [131/356] SKIP honor_pad_x8a-13259.php
2026-05-30 10:39:06,871 | INFO |   [132/356] SKIP honor_x60i-13208.php
2026-05-30 10:39:06,871 | INFO |   [133/356] SKIP honor_magicpad_2_12_3-13205.php
2026-05-30 10:39:06,871 | INFO | 
  [134/356]
2026-05-30 10:39:06,871 | INFO |   ⏳ 40.8s (req #2)
2026-05-30 10:39:11,644 | INFO | ============================================================
2026-05-30 10:39:11,644 | INFO | BATCH 5 — ZTE | Alcatel | BLU | Honor
2026-05-30 10:39:11,645 | INFO | Phones ~1,539  |  Time: 8–10 hours
2026-05-30 10:39:11,645 | INFO | Columns: 68 | Method: data-spec attributes
2026-05-30 10:39:11,645 | INFO | Started: 2026-05-30 10:39:11
2026-05-30 10:39:11,645 | INFO | ============================================================
2026-05-30 10:39:11,646 | INFO | Checking connection ...
2026-05-30 10:39:12,805 | INFO |   ✅ Connected (attempt 1)
2026-05-30 10:39:12,807 | INFO | Resuming: 920 done | 0 retry queue
2026-05-30 10:39:12,807 | INFO |   ▶ First request — no delay
2026-05-30 10:39:14,036 | INFO |   GET https://www.gsmarena.com/makers.php3 → 200
2026-05-30 10:39:14,061 | INFO | ✅ 126 brands
2026-05-30 10:39:14,061 | INFO | Matched: ['Alcatel', 'Blu', 'Honor', 'Zte']
2026-05-30 10:39:14,062 | INFO | [1/4] SKIP Alcatel
2026-05-30 10:39:14,062 | INFO | [2/4] SKIP Blu
2026-05-30 10:39:14,062 | INFO | 
============================================================
2026-05-30 10:39:14,063 | INFO | [3/4] Honor (324 phones)
2026-05-30 10:39:14,063 | INFO | Elapsed: 0min
2026-05-30 10:39:14,063 | INFO | ============================================================
2026-05-30 10:39:14,064 | INFO |   📋 Loaded 356 links from cache — no web requests needed
2026-05-30 10:39:14,065 | INFO |   [1/356] SKIP honor_600_pro_5g_(china)-14680.php
2026-05-30 10:39:14,065 | INFO |   [2/356] SKIP honor_600_5g_(china)-14681.php
2026-05-30 10:39:14,065 | INFO |   [3/356] SKIP honor_600e_5g-14688.php
2026-05-30 10:39:14,066 | INFO |   [4/356] SKIP honor_x7e-14677.php
2026-05-30 10:39:14,066 | INFO |   [5/356] SKIP honor_500_smart_5g-14689.php
2026-05-30 10:39:14,067 | INFO |   [6/356] SKIP honor_600_pro_5g-14604.php
2026-05-30 10:39:14,067 | INFO |   [7/356] SKIP honor_600_5g-14605.php
2026-05-30 10:39:14,067 | INFO |   [8/356] SKIP honor_pad_20-14663.php
2026-05-30 10:39:14,068 | INFO |   [9/356] SKIP honor_magicpad_3_pro_12_3-14629.php
2026-05-30 10:39:14,068 | INFO |   [10/356] SKIP honor_play11_plus_5g-14662.php
2026-05-30 10:39:14,069 | INFO |   [11/356] SKIP honor_x70_refresh_edition_5g-14589.php
2026-05-30 10:39:14,069 | INFO |   [12/356] SKIP honor_x5d_plus-14584.php
2026-05-30 10:39:14,069 | INFO |   [13/356] SKIP honor_x5d-14583.php
2026-05-30 10:39:14,070 | INFO |   [14/356] SKIP honor_x80i_5g-14579.php
2026-05-30 10:39:14,070 | INFO |   [15/356] SKIP honor_play_80_pro_5g-14577.php
2026-05-30 10:39:14,071 | INFO |   [16/356] SKIP honor_play_80_plus_5g-14650.php
2026-05-30 10:39:14,071 | INFO |   [17/356] SKIP honor_play_70c-14653.php
2026-05-30 10:39:14,072 | INFO |   [18/356] SKIP honor_play_80_5g-14578.php
2026-05-30 10:39:14,072 | INFO |   [19/356] SKIP honor_watch_x5i-14580.php
2026-05-30 10:39:14,073 | INFO |   [20/356] SKIP honor_600_lite_5g-14522.php
2026-05-30 10:39:14,074 | INFO |   [21/356] SKIP honor_magic_v6_5g-14518.php
2026-05-30 10:39:14,074 | INFO |   [22/356] SKIP honor_magicpad4-14511.php
2026-05-30 10:39:14,075 | INFO |   [23/356] SKIP honor_pad_x8b-14489.php
2026-05-30 10:39:14,075 | INFO |   [24/356] SKIP honor_x6d_5g-14484.php
2026-05-30 10:39:14,075 | INFO |   [25/356] SKIP honor_magic8_rsr_porsche_design_5g-14429.php
2026-05-30 10:39:14,076 | INFO |   [26/356] SKIP honor_pad_10_pro-14590.php
2026-05-30 10:39:14,076 | INFO |   [27/356] SKIP honor_magic8_pro_air_5g-14405.php
2026-05-30 10:39:14,077 | INFO |   [28/356] SKIP honor_watch_gs_5-14431.php
2026-05-30 10:39:14,078 | INFO |   [29/356] SKIP honor_power_2_5g-14364.php
2026-05-30 10:39:14,079 | INFO |   [30/356] SKIP honor_win_5g-14377.php
2026-05-30 10:39:14,079 | INFO |   [31/356] SKIP honor_win_rt_5g-14376.php
2026-05-30 10:39:14,079 | INFO |   [32/356] SKIP honor_play_60a_5g-14357.php
2026-05-30 10:39:14,080 | INFO |   [33/356] SKIP honor_x8d-14351.php
2026-05-30 10:39:14,080 | INFO |   [34/356] SKIP honor_magic8_lite_5g-14341.php
2026-05-30 10:39:14,081 | INFO |   [35/356] SKIP honor_watch_x5-14317.php
2026-05-30 10:39:14,081 | INFO |   [36/356] SKIP honor_500_pro_5g_(china)-14294.php
2026-05-30 10:39:14,082 | INFO |   [37/356] SKIP honor_500_5g-14296.php
2026-05-30 10:39:14,082 | INFO |   [38/356] SKIP honor_magic8_pro_5g-14231.php
2026-05-30 10:39:14,083 | INFO |   [39/356] SKIP honor_magic8_5g-14232.php
2026-05-30 10:39:14,083 | INFO |   [40/356] SKIP honor_watch_5_pro-14242.php
2026-05-30 10:39:14,083 | INFO |   [41/356] SKIP honor_magicpad_3_pro-14243.php
2026-05-30 10:39:14,084 | INFO |   [42/356] SKIP honor_play10a-14253.php
2026-05-30 10:39:14,084 | INFO |   [43/356] SKIP honor_x5c-14251.php
2026-05-30 10:39:14,084 | INFO |   [44/356] SKIP honor_x5c_plus-14156.php
2026-05-30 10:39:14,085 | INFO |   [45/356] SKIP honor_x6b_5g-14195.php
2026-05-30 10:39:14,085 | INFO |   [46/356] SKIP honor_x9d_5g-14176.php
2026-05-30 10:39:14,085 | INFO |   [47/356] SKIP honor_x7d_5g-14175.php
2026-05-30 10:39:14,086 | INFO |   [48/356] SKIP honor_400_smart-14142.php
2026-05-30 10:39:14,086 | INFO |   [49/356] SKIP honor_play10-14126.php
2026-05-30 10:39:14,086 | INFO |   [50/356] SKIP honor_x7d-14093.php
2026-05-30 10:39:14,086 | INFO |   [51/356] SKIP vivo_s60_vitality_5g-14693.php
2026-05-30 10:39:14,087 | INFO |   [52/356] SKIP vivo_s60_5g-14692.php
2026-05-30 10:39:14,087 | INFO |   [53/356] SKIP vivo_t5-14697.php
2026-05-30 10:39:14,087 | INFO |   [54/356] SKIP zte_nubia_redmagic_11s_pro_5g-14669.php
2026-05-30 10:39:14,088 | INFO |   [55/356] SKIP ulefone_tab_a12_pro-14695.php
2026-05-30 10:39:14,088 | INFO |   [56/356] SKIP xiaomi_17_max_5g-14667.php
2026-05-30 10:39:14,089 | INFO |   [57/356] SKIP vivo_y600_turbo_5g-14687.php
2026-05-30 10:39:14,089 | INFO |   [58/356] SKIP ulefone_armor_mini_5-14694.php
2026-05-30 10:39:14,090 | INFO |   [59/356] SKIP xiaomi_17t_pro_5g-14651.php
2026-05-30 10:39:14,090 | INFO |   [60/356] SKIP xiaomi_17t_5g-14652.php
2026-05-30 10:39:14,090 | INFO |   [61/356] SKIP xiaomi_watch_s5-14696.php
2026-05-30 10:39:14,090 | INFO |   [62/356] SKIP realme_16t_5g-14674.php
2026-05-30 10:39:14,091 | INFO |   [63/356] SKIP sony_xperia_1_viii_5g-14660.php
2026-05-30 10:39:14,091 | INFO |   [64/356] SKIP motorola_moto_g87_5g-14644.php
2026-05-30 10:39:14,091 | INFO |   [65/356] SKIP motorola_moto_g47-14645.php
2026-05-30 10:39:14,092 | INFO |   [66/356] SKIP samsung_galaxy_a57-14379.php
2026-05-30 10:39:14,092 | INFO |   [67/356] SKIP xiaomi_17t_pro-14651.php
2026-05-30 10:39:14,092 | INFO |   [68/356] SKIP samsung_galaxy_s26_ultra-14320.php
2026-05-30 10:39:14,092 | INFO |   [69/356] SKIP xiaomi_17t-14652.php
2026-05-30 10:39:14,093 | INFO |   [70/356] SKIP xiaomi_17_max-14667.php
2026-05-30 10:39:14,094 | INFO |   [71/356] SKIP samsung_galaxy_a17-14041.php
2026-05-30 10:39:14,094 | INFO |   [72/356] SKIP apple_iphone_17_pro_max-13964.php
2026-05-30 10:39:14,095 | INFO |   [73/356] SKIP sony_xperia_1_viii-14660.php
2026-05-30 10:39:14,095 | INFO |   [74/356] SKIP xiaomi_redmi_note_15-14328.php
2026-05-30 10:39:14,096 | INFO |   [75/356] SKIP honor_600_pro-14604.php
2026-05-30 10:39:14,096 | INFO |   [76/356] SKIP samsung_galaxy_a56-13603.php
2026-05-30 10:39:14,097 | INFO |   [77/356] SKIP xiaomi_15_ultra-13657.php
2026-05-30 10:39:14,097 | INFO |   [78/356] SKIP xiaomi_poco_x7_pro-13582.php
2026-05-30 10:39:14,097 | INFO |   [79/356] SKIP xiaomi_17_pro_max-14181.php
2026-05-30 10:39:14,097 | INFO |   [80/356] SKIP oneplus_15-14206.php
2026-05-30 10:39:14,097 | INFO |   [81/356] SKIP samsung_galaxy_s25-13610.php
2026-05-30 10:39:14,098 | INFO |   [82/356] SKIP xiaomi_17_ultra-14380.php
2026-05-30 10:39:14,098 | INFO |   [83/356] SKIP oppo_find_x9_pro-14094.php
2026-05-30 10:39:14,098 | INFO |   [84/356] SKIP honor_magic_v_flip_2_5g-14080.php
2026-05-30 10:39:14,098 | INFO |   [85/356] SKIP honor_x7c_5g-14065.php
2026-05-30 10:39:14,099 | INFO |   [86/356] SKIP honor_play10c_5g-14060.php
2026-05-30 10:39:14,099 | INFO |   [87/356] SKIP honor_400_smart_5g-14054.php
2026-05-30 10:39:14,099 | INFO |   [88/356] SKIP honor_pad_x7-14026.php
2026-05-30 10:39:14,100 | INFO |   [89/356] SKIP honor_x70_5g-13994.php
2026-05-30 10:39:14,100 | INFO |   [90/356] SKIP honor_pad_gt2_pro-14015.php
2026-05-30 10:39:14,100 | INFO |   [91/356] SKIP honor_magicpad_3-14016.php
2026-05-30 10:39:14,100 | INFO |   [92/356] SKIP honor_magic_v5-13982.php
2026-05-30 10:39:14,101 | INFO |   [93/356] SKIP honor_x6c-13938.php
2026-05-30 10:39:14,101 | INFO |   [94/356] SKIP honor_400_pro_5g_(china)-13929.php
2026-05-30 10:39:14,101 | INFO |   [95/356] SKIP honor_400_5g_(china)-13930.php
2026-05-30 10:39:14,101 | INFO |   [96/356] SKIP honor_400_pro_5g-13798.php
2026-05-30 10:39:14,102 | INFO |   [97/356] SKIP honor_400_5g-13799.php
2026-05-30 10:39:14,102 | INFO |   [98/356] SKIP honor_pad_10-13897.php
2026-05-30 10:39:14,102 | INFO |   [99/356] SKIP honor_x70i_5g-13816.php
2026-05-30 10:39:14,102 | INFO |   [100/356] SKIP honor_gt_pro_5g-13810.php
2026-05-30 10:39:14,103 | INFO |   [101/356] SKIP honor_tablet_gt-13814.php
2026-05-30 10:39:14,104 | INFO |   [102/356] SKIP honor_x60_gt_5g-13807.php
2026-05-30 10:39:14,104 | INFO |   [103/356] SKIP honor_power_5g-13794.php
2026-05-30 10:39:14,104 | INFO |   [104/356] SKIP honor_400_lite-13742.php
2026-05-30 10:39:14,104 | INFO |   [105/356] SKIP honor_play_60_5g-13803.php
2026-05-30 10:39:14,105 | INFO |   [106/356] SKIP honor_pad_x9a-13751.php
2026-05-30 10:39:14,105 | INFO |   [107/356] SKIP honor_play9a-13743.php
2026-05-30 10:39:14,105 | INFO |   [108/356] SKIP honor_watch_5_ultra-13685.php
2026-05-30 10:39:14,105 | INFO |   [109/356] SKIP honor_x8c-13621.php
2026-05-30 10:39:14,106 | INFO |   [110/356] SKIP honor_magic7_lite-13581.php
2026-05-30 10:39:14,106 | INFO |   [111/356] SKIP honor_magic7_rsr_porsche_design-13588.php
2026-05-30 10:39:14,106 | INFO |   [112/356] SKIP honor_gt-13569.php
2026-05-30 10:39:14,106 | INFO |   [113/356] SKIP honor_pad_v9-13568.php
2026-05-30 10:39:14,106 | INFO |   [114/356] SKIP honor_300_ultra-13537.php
2026-05-30 10:39:14,107 | INFO |   [115/356] SKIP honor_300_pro-13538.php
2026-05-30 10:39:14,107 | INFO |   [116/356] SKIP honor_300-13539.php
2026-05-30 10:39:14,107 | INFO |   [117/356] SKIP honor_x9c_smart-13536.php
2026-05-30 10:39:14,107 | INFO |   [118/356] SKIP honor_play9c-13493.php
2026-05-30 10:39:14,108 | INFO |   [119/356] SKIP honor_play9t-13494.php
2026-05-30 10:39:14,108 | INFO |   [120/356] SKIP honor_x9c-13490.php
2026-05-30 10:39:14,108 | INFO |   [121/356] SKIP honor_magic7_pro-13480.php
2026-05-30 10:39:14,110 | INFO |   [122/356] SKIP honor_magic7-13481.php
2026-05-30 10:39:14,110 | INFO |   [123/356] SKIP honor_x5b_plus-13464.php
2026-05-30 10:39:14,110 | INFO |   [124/356] SKIP honor_x5b-13463.php
2026-05-30 10:39:14,110 | INFO |   [125/356] SKIP honor_x7c-13416.php
2026-05-30 10:39:14,111 | INFO |   [126/356] SKIP honor_x60_pro-13443.php
2026-05-30 10:39:14,111 | INFO |   [127/356] SKIP honor_x60-13415.php
2026-05-30 10:39:14,112 | INFO |   [128/356] SKIP honor_pad_gt_pro-13417.php
2026-05-30 10:39:14,112 | INFO |   [129/356] SKIP honor_200_smart-13281.php
2026-05-30 10:39:14,112 | INFO |   [130/356] SKIP honor_watch_5-13307.php
2026-05-30 10:39:14,112 | INFO |   [131/356] SKIP honor_pad_x8a-13259.php
2026-05-30 10:39:14,113 | INFO |   [132/356] SKIP honor_x60i-13208.php
2026-05-30 10:39:14,114 | INFO |   [133/356] SKIP honor_magicpad_2_12_3-13205.php
2026-05-30 10:39:14,114 | INFO | 
  [134/356]
2026-05-30 10:39:14,115 | INFO |   ⏳ 44.9s (req #2)
2026-05-30 10:39:59,916 | INFO |   GET https://www.gsmarena.com/honor_pad_9_pro-13204.php → 200
2026-05-30 10:39:59,940 | INFO |       📱 Honor Pad 9 Pro | Main=13.0MP | Selfie=5.0MP | AnTuTu=None | Price=$None | IP=None | Populated=41/68 fields
2026-05-30 10:39:59,973 | INFO |   💾 [1/356] saved
2026-05-30 10:39:59,989 | INFO | 
  [135/356]
2026-05-30 10:39:59,991 | INFO |   ⏳ 26.0s (req #3)
2026-05-30 10:40:27,309 | INFO |   GET https://www.gsmarena.com/honor_magic_vs3-13203.php → 200
2026-05-30 10:40:27,373 | INFO |       📱 Honor Magic Vs3 | Main=50.0MP | Selfie=16.0MP | AnTuTu=None | Price=$None | IP=None | Populated=51/68 fields
2026-05-30 10:40:27,377 | INFO |   💾 [2/356] saved
2026-05-30 10:40:27,377 | INFO | 
  [136/356]
2026-05-30 10:40:27,377 | INFO |   ⏳ 25.4s (req #4)
2026-05-30 10:40:54,378 | INFO |   GET https://www.gsmarena.com/honor_magic_v3-13202.php → 200
2026-05-30 10:40:54,452 | INFO |       📱 Honor Magic V3 | Main=50.0MP | Selfie=20.0MP | AnTuTu=1589991 | Price=$1059.0 | IP=None | Populated=61/68 fields
2026-05-30 10:40:54,458 | INFO |   💾 [3/356] saved
2026-05-30 10:40:54,459 | INFO | 
  [137/356]
2026-05-30 10:40:54,459 | INFO |   ⏳ 27.9s (req #5)
2026-05-30 10:41:23,495 | INFO |   GET https://www.gsmarena.com/honor_play_60_plus-13161.php → 200
2026-05-30 10:41:23,517 | INFO |       📱 Honor Play 60 Plus | Main=50.0MP | Selfie=5.0MP | AnTuTu=None | Price=$None | IP=IP64 | Populated=46/68 fields
2026-05-30 10:41:23,521 | INFO |   💾 [4/356] saved
2026-05-30 10:41:23,522 | INFO | 
  [138/356]
2026-05-30 10:41:23,522 | INFO |   ⏳ 31.9s (req #6)
2026-05-30 10:41:56,358 | INFO |   GET https://www.gsmarena.com/honor_x7b_5g_(50_mp)-13154.php → 200
2026-05-30 10:41:56,395 | INFO |       📱 Honor X7b 5G (50 MP) | Main=50.0MP | Selfie=8.0MP | AnTuTu=None | Price=$None | IP=None | Populated=44/68 fields
2026-05-30 10:41:56,406 | INFO |   💾 [5/356] saved
2026-05-30 10:41:56,406 | INFO | 
  [139/356]
2026-05-30 10:41:56,406 | INFO |   ⏳ 15.2s (req #7)
2026-05-30 10:42:12,543 | INFO |   GET https://www.gsmarena.com/honor_magic_v_flip-13142.php → 200
2026-05-30 10:42:12,568 | INFO |       📱 Honor Magic V Flip | Main=50.0MP | Selfie=50.0MP | AnTuTu=None | Price=$None | IP=None | Populated=49/68 fields
2026-05-30 10:42:12,572 | INFO |   💾 [6/356] saved
2026-05-30 10:42:12,572 | INFO | 
  [140/356]
2026-05-30 10:42:12,572 | INFO |   ⏳ 30.1s (req #8)
2026-05-30 10:42:44,168 | INFO |   GET https://www.gsmarena.com/honor_x6b-13143.php → 200
2026-05-30 10:42:44,207 | INFO |       📱 Honor X6b 4G | Main=50.0MP | Selfie=5.0MP | AnTuTu=None | Price=$None | IP=None | Populated=44/68 fields
2026-05-30 10:42:44,212 | INFO |   💾 [7/356] saved
2026-05-30 10:42:44,212 | INFO | 
  [141/356]
2026-05-30 10:42:44,212 | INFO |   ⏳ 25.0s (req #9)
2026-05-30 10:43:10,556 | INFO |   GET https://www.gsmarena.com/honor_200_pro-13049.php → 200
2026-05-30 10:43:10,595 | INFO |       📱 Honor 200 Pro | Main=50.0MP | Selfie=50.0MP | AnTuTu=1281655 | Price=$549.0 | IP=IP65 | Populated=60/68 fields
2026-05-30 10:43:10,600 | INFO |   💾 [8/356] saved
2026-05-30 10:43:10,600 | INFO | 
  [142/356]
2026-05-30 10:43:10,601 | INFO |   ⏳ 22.8s (req #10)
2026-05-30 10:43:34,563 | INFO |   GET https://www.gsmarena.com/honor_200-13050.php → 200
2026-05-30 10:43:34,592 | INFO |       📱 Honor 200 | Main=50.0MP | Selfie=50.0MP | AnTuTu=None | Price=$223.54 | IP=None | Populated=51/68 fields
2026-05-30 10:43:34,597 | INFO |   💾 [9/356] saved
2026-05-30 10:43:34,597 | INFO | 
  [143/356]
2026-05-30 10:43:34,597 | INFO |   ⏳ 39.9s (req #11)
2026-05-30 10:44:15,676 | INFO |   GET https://www.gsmarena.com/honor_200_lite-12948.php → 200
2026-05-30 10:44:15,705 | INFO |       📱 Honor 200 Lite | Main=108.0MP | Selfie=50.0MP | AnTuTu=None | Price=$178.59 | IP=None | Populated=49/68 fields
2026-05-30 10:44:15,710 | INFO |   💾 [10/356] saved
2026-05-30 10:44:15,710 | INFO | 
  [144/356]
2026-05-30 10:44:15,710 | INFO |   ⏳ 16.8s (req #12)
2026-05-30 10:44:33,991 | INFO |   GET https://www.gsmarena.com/honor_90_smart-12931.php → 200
2026-05-30 10:44:34,018 | INFO |       📱 Honor 90 Smart | Main=108.0MP | Selfie=8.0MP | AnTuTu=None | Price=$None | IP=None | Populated=45/68 fields
2026-05-30 10:44:34,023 | INFO |   💾 [11/356] saved
2026-05-30 10:44:34,023 | INFO | 
  [145/356]
2026-05-30 10:44:34,023 | INFO |   ⏳ 33.1s (req #13)
2026-05-30 10:45:08,620 | INFO |   GET https://www.gsmarena.com/honor_x7b_5g-12913.php → 200
2026-05-30 10:45:08,640 | INFO |       📱 Honor X7b 5G | Main=108.0MP | Selfie=8.0MP | AnTuTu=None | Price=$None | IP=None | Populated=43/68 fields
2026-05-30 10:45:08,645 | INFO |   💾 [12/356] saved
2026-05-30 10:45:08,645 | INFO | 
  [146/356]
2026-05-30 10:45:08,645 | INFO |   ⏳ 17.0s (req #14)
2026-05-30 10:45:26,774 | INFO |   GET https://www.gsmarena.com/honor_magic6_rsr_porsche_design-12873.php → 200
2026-05-30 10:45:26,804 | INFO |       📱 Honor Magic6 RSR Porsche Design | Main=50.0MP | Selfie=50.0MP | AnTuTu=None | Price=$3019.0 | IP=IP68 | Populated=57/68 fields
2026-05-30 10:45:26,808 | INFO |   💾 [13/356] saved
2026-05-30 10:45:26,808 | INFO | 
  [147/356]
2026-05-30 10:45:26,808 | INFO |   ⏳ 29.0s (req #15)
2026-05-30 10:45:57,041 | INFO |   GET https://www.gsmarena.com/honor_magic6_ultimate-12864.php → 200
2026-05-30 10:45:57,068 | INFO |       📱 Honor Magic6 Ultimate | Main=50.0MP | Selfie=50.0MP | AnTuTu=None | Price=$None | IP=IP68 | Populated=54/68 fields
2026-05-30 10:45:57,073 | INFO |   💾 [14/356] saved
2026-05-30 10:45:57,073 | INFO | 
  [148/356]
2026-05-30 10:45:57,073 | INFO |   ⏳ 43.3s (req #16)
2026-05-30 10:46:41,266 | INFO |   GET https://www.gsmarena.com/honor_watch_gs_4-12879.php → 200
2026-05-30 10:46:41,282 | INFO |       📱 Honor Watch GS 4 | Main=NoneMP | Selfie=NoneMP | AnTuTu=None | Price=$None | IP=None | Populated=25/68 fields
2026-05-30 10:46:41,287 | INFO |   💾 [15/356] saved
2026-05-30 10:46:41,287 | INFO | 
  [149/356]
2026-05-30 10:46:41,287 | INFO |   ⏳ 20.4s (req #17)
2026-05-30 10:47:06,714 | INFO |   GET https://www.gsmarena.com/honor_choice_watch-12832.php → 200
2026-05-30 10:47:06,736 | INFO |       📱 Honor Choice Watch | Main=NoneMP | Selfie=NoneMP | AnTuTu=None | Price=$None | IP=None | Populated=20/68 fields
2026-05-30 10:47:06,741 | INFO |   💾 [16/356] saved
2026-05-30 10:47:06,741 | INFO | 
  [150/356]
2026-05-30 10:47:06,742 | INFO |   ⏳ 41.0s (req #18)
2026-05-30 10:47:50,174 | INFO |   GET https://www.gsmarena.com/honor_magic_v2_rsr_porsche_design-12789.php → 200
2026-05-30 10:47:50,203 | INFO |       📱 Honor Magic V2 RSR Porsche Design | Main=50.0MP | Selfie=16.0MP | AnTuTu=None | Price=$None | IP=None | Populated=49/68 fields
2026-05-30 10:47:50,207 | INFO |   💾 [17/356] saved
2026-05-30 10:47:50,208 | INFO | 
  [151/356]
2026-05-30 10:47:50,208 | INFO |   ⏳ 38.8s (req #19)
2026-05-30 10:48:30,421 | INFO |   GET https://www.gsmarena.com/honor_magic6_pro-12786.php → 200
2026-05-30 10:48:30,454 | INFO |       📱 Honor Magic6 Pro | Main=50.0MP | Selfie=50.0MP | AnTuTu=2017400 | Price=$999.99 | IP=IP68 | Populated=63/68 fields
2026-05-30 10:48:30,458 | INFO |   💾 [18/356] saved
2026-05-30 10:48:30,458 | INFO | 
  [152/356]
2026-05-30 10:48:30,458 | INFO |   ⏳ 30.3s (req #20)
2026-05-30 10:49:03,741 | INFO |   GET https://www.gsmarena.com/honor_magic6-12788.php → 200
2026-05-30 10:49:03,767 | INFO |       📱 Honor Magic6 | Main=50.0MP | Selfie=50.0MP | AnTuTu=None | Price=$None | IP=None | Populated=53/68 fields
2026-05-30 10:49:03,772 | INFO |   💾 [19/356] saved
2026-05-30 10:49:03,773 | INFO | 
  [153/356]
2026-05-30 10:49:03,773 | INFO |   ⏳ 38.7s (req #21)
2026-05-30 10:49:44,942 | INFO |   GET https://www.gsmarena.com/honor_x50_gt-12777.php → 200
2026-05-30 10:49:44,969 | INFO |       📱 Honor X50 GT | Main=108.0MP | Selfie=8.0MP | AnTuTu=None | Price=$None | IP=IP53 | Populated=47/68 fields
2026-05-30 10:49:44,986 | INFO |   💾 [20/356] saved
2026-05-30 10:49:44,987 | INFO | 
  [154/356]
2026-05-30 10:49:44,987 | INFO |   ⏳ 42.1s (req #22)
2026-05-30 10:50:28,142 | INFO |   GET https://www.gsmarena.com/honor_x50_pro-12763.php → 200
2026-05-30 10:50:28,168 | INFO |       📱 Honor X50 Pro | Main=108.0MP | Selfie=8.0MP | AnTuTu=None | Price=$None | IP=None | Populated=46/68 fields
2026-05-30 10:50:28,172 | INFO |   💾 [21/356] saved
2026-05-30 10:50:28,172 | INFO | 
  [155/356]
2026-05-30 10:50:28,172 | INFO |   ⏳ 39.3s (req #23)
2026-05-30 10:51:08,896 | INFO |   GET https://www.gsmarena.com/honor_90_gt-12755.php → 200
2026-05-30 10:51:08,921 | INFO |       📱 Honor 90 GT | Main=50.0MP | Selfie=16.0MP | AnTuTu=None | Price=$None | IP=None | Populated=48/68 fields
2026-05-30 10:51:08,926 | INFO |   💾 [22/356] saved
2026-05-30 10:51:08,927 | INFO | 
  [156/356]
2026-05-30 10:51:08,927 | INFO |   ⏳ 30.1s (req #24)
2026-05-30 10:51:40,579 | INFO |   GET https://www.gsmarena.com/honor_pad_9-12756.php → 200
2026-05-30 10:51:40,616 | INFO |       📱 Honor Pad 9 | Main=13.0MP | Selfie=8.0MP | AnTuTu=495329 | Price=$None | IP=None | Populated=51/68 fields
2026-05-30 10:51:40,622 | INFO |   💾 [23/356] saved
2026-05-30 10:51:40,622 | INFO | 
  [157/356]
2026-05-30 10:51:40,623 | INFO |   ⏳ 37.7s (req #25)
2026-05-30 10:52:23,188 | INFO |   GET https://www.gsmarena.com/honor_x8b-12748.php → 200
2026-05-30 10:52:23,229 | INFO |       📱 Honor X8b | Main=108.0MP | Selfie=50.0MP | AnTuTu=None | Price=$515.0 | IP=None | Populated=45/68 fields
2026-05-30 10:52:23,234 | INFO |   💾 [24/356] saved
2026-05-30 10:52:23,234 | INFO | 
  [158/356]
2026-05-30 10:52:23,234 | INFO |   ⏳ 34.3s (req #26)
2026-05-30 10:52:58,684 | INFO |   GET https://www.gsmarena.com/honor_magic6_lite-12730.php → 200
2026-05-30 10:52:58,711 | INFO |       📱 Honor Magic6 Lite | Main=108.0MP | Selfie=16.0MP | AnTuTu=None | Price=$None | IP=IP53 | Populated=48/68 fields
2026-05-30 10:52:58,716 | INFO |   💾 [25/356] saved
2026-05-30 10:52:58,716 | INFO | 
  [159/356]
2026-05-30 10:52:58,716 | INFO |   ⏳ 34.4s (req #27)
2026-05-30 10:53:34,308 | INFO |   GET https://www.gsmarena.com/honor_x7b-12721.php → 200
2026-05-30 10:53:34,344 | INFO |       📱 Honor X7b | Main=108.0MP | Selfie=8.0MP | AnTuTu=None | Price=$635.0 | IP=None | Populated=46/68 fields
2026-05-30 10:53:34,350 | INFO |   💾 [26/356] saved
2026-05-30 10:53:34,350 | INFO | 
  [160/356]
2026-05-30 10:53:34,351 | INFO |   ⏳ 44.7s (req #28)
2026-05-30 10:54:20,900 | INFO |   GET https://www.gsmarena.com/honor_100_pro-12699.php → 200
2026-05-30 10:54:20,928 | INFO |       📱 Honor 100 Pro | Main=50.0MP | Selfie=50.0MP | AnTuTu=None | Price=$None | IP=None | Populated=51/68 fields
2026-05-30 10:54:20,934 | INFO |   💾 [27/356] saved
2026-05-30 10:54:20,934 | INFO | 
  [161/356]
2026-05-30 10:54:20,934 | INFO |   ⏳ 19.7s (req #29)
2026-05-30 10:54:41,515 | INFO |   GET https://www.gsmarena.com/honor_100-12700.php → 200
2026-05-30 10:54:41,546 | INFO |       📱 Honor 100 | Main=50.0MP | Selfie=50.0MP | AnTuTu=None | Price=$None | IP=None | Populated=49/68 fields
2026-05-30 10:54:41,550 | INFO |   💾 [28/356] saved
2026-05-30 10:54:41,551 | INFO | 
  [162/356]
2026-05-30 10:54:41,551 | INFO |   ☕ Long pause 208s ...
2026-05-30 10:58:10,088 | INFO |   GET https://www.gsmarena.com/honor_x50i+-12693.php → 200
2026-05-30 10:58:10,139 | INFO |       📱 Honor X50i+ | Main=108.0MP | Selfie=8.0MP | AnTuTu=None | Price=$None | IP=None | Populated=43/68 fields
2026-05-30 10:58:10,146 | INFO |   💾 [29/356] saved
2026-05-30 10:58:10,146 | INFO | 
  [163/356]
2026-05-30 10:58:10,146 | INFO |   ⏳ 32.2s (req #31)
2026-05-30 10:58:43,311 | INFO |   GET https://www.gsmarena.com/honor_x5_plus-12645.php → 200
2026-05-30 10:58:43,349 | INFO |       📱 Honor X5 Plus | Main=50.0MP | Selfie=5.0MP | AnTuTu=None | Price=$None | IP=None | Populated=45/68 fields
2026-05-30 10:58:43,353 | INFO |   💾 [30/356] saved
2026-05-30 10:58:43,353 | INFO | 
  [164/356]
2026-05-30 10:58:43,354 | INFO |   ⏳ 21.3s (req #32)
2026-05-30 10:59:08,237 | INFO |   GET https://www.gsmarena.com/honor_x9b-12629.php → 200
2026-05-30 10:59:08,271 | INFO |       📱 Honor X9b | Main=108.0MP | Selfie=16.0MP | AnTuTu=None | Price=$None | IP=IP53 | Populated=48/68 fields
2026-05-30 10:59:08,277 | INFO |   💾 [31/356] saved
2026-05-30 10:59:08,277 | INFO | 
  [165/356]
2026-05-30 10:59:08,277 | INFO |   ⏳ 20.1s (req #33)
2026-05-30 10:59:29,891 | INFO |   GET https://www.gsmarena.com/honor_play_8t-12628.php → 200
2026-05-30 10:59:29,922 | INFO |       📱 Honor Play 8T | Main=50.0MP | Selfie=8.0MP | AnTuTu=None | Price=$None | IP=None | Populated=44/68 fields
2026-05-30 10:59:29,929 | INFO |   💾 [32/356] saved
2026-05-30 10:59:29,929 | INFO | 
  [166/356]
2026-05-30 10:59:29,929 | INFO |   ⏳ 29.3s (req #34)
2026-05-30 11:00:01,450 | INFO |   GET https://www.gsmarena.com/honor_magic_vs2-12622.php → 200
2026-05-30 11:00:01,481 | INFO |       📱 Honor Magic Vs2 | Main=50.0MP | Selfie=16.0MP | AnTuTu=None | Price=$None | IP=None | Populated=49/68 fields
2026-05-30 11:00:01,487 | INFO |   💾 [33/356] saved
2026-05-30 11:00:01,487 | INFO | 
  [167/356]
2026-05-30 11:00:01,488 | INFO |   ⏳ 33.9s (req #35)
2026-05-30 11:00:36,369 | INFO |   GET https://www.gsmarena.com/honor_watch_4_pro-12623.php → 200
2026-05-30 11:00:36,392 | INFO |       📱 Honor Watch 4 Pro | Main=NoneMP | Selfie=NoneMP | AnTuTu=None | Price=$None | IP=None | Populated=24/68 fields
2026-05-30 11:00:36,398 | INFO |   💾 [34/356] saved
2026-05-30 11:00:36,399 | INFO | 
  [168/356]
2026-05-30 11:00:36,399 | INFO |   ⏳ 19.6s (req #36)
2026-05-30 11:00:56,996 | INFO |   GET https://www.gsmarena.com/honor_play_50_plus-12618.php → 200
2026-05-30 11:00:57,056 | INFO |       📱 Honor Play 50 Plus | Main=50.0MP | Selfie=8.0MP | AnTuTu=None | Price=$None | IP=None | Populated=44/68 fields
2026-05-30 11:00:57,063 | INFO |   💾 [35/356] saved
2026-05-30 11:00:57,063 | INFO | 
  [169/356]
2026-05-30 11:00:57,063 | INFO |   ⏳ 44.1s (req #37)
2026-05-30 11:01:42,240 | INFO |   GET https://www.gsmarena.com/honor_v_purse-12570.php → 200
2026-05-30 11:01:42,270 | INFO |       📱 Honor V Purse | Main=50.0MP | Selfie=8.0MP | AnTuTu=None | Price=$None | IP=None | Populated=46/68 fields
2026-05-30 11:01:42,275 | INFO |   💾 [36/356] saved
2026-05-30 11:01:42,276 | INFO | 
  [170/356]
2026-05-30 11:01:42,276 | INFO |   ⏳ 36.4s (req #38)
2026-05-30 11:02:19,788 | INFO |   GET https://www.gsmarena.com/honor_x40_gt_racing-12569.php → 200
2026-05-30 11:02:19,819 | INFO |       📱 Honor X40 GT Racing | Main=50.0MP | Selfie=16.0MP | AnTuTu=None | Price=$None | IP=None | Populated=42/68 fields
2026-05-30 11:02:19,826 | INFO |   💾 [37/356] saved
2026-05-30 11:02:19,827 | INFO | 
  [171/356]
2026-05-30 11:02:19,829 | INFO |   ⏳ 45.0s (req #39)
2026-05-30 11:03:10,070 | INFO |   GET https://www.gsmarena.com/honor_x6a-12442.php → 200
2026-05-30 11:03:10,094 | INFO |       📱 Honor X6a | Main=50.0MP | Selfie=5.0MP | AnTuTu=None | Price=$None | IP=None | Populated=44/68 fields
2026-05-30 11:03:10,101 | INFO |   💾 [38/356] saved
2026-05-30 11:03:10,102 | INFO | 
  [172/356]
2026-05-30 11:03:10,102 | INFO |   ⏳ 29.2s (req #40)
2026-05-30 11:03:39,446 | ERROR |   ❌ HTTPSConnectionPool(host='www.gsmarena.com', port=443): Max retries exceeded with url: /honor_magic_v2-12383.php (Caused by NameResolutionError("HTTPSConnection(host='www.gsmarena.com', port=443): Failed to resolve 'www.gsmarena.com' ([Errno 11001] getaddrinfo failed)"))
2026-05-30 11:03:59,447 | INFO |   ⏳ 41.2s (req #41)
2026-05-30 11:04:42,212 | INFO |   GET https://www.gsmarena.com/honor_magic_v2-12383.php → 200
2026-05-30 11:04:42,250 | INFO |       📱 Honor Magic V2 | Main=50.0MP | Selfie=16.0MP | AnTuTu=1551239 | Price=$None | IP=None | Populated=56/68 fields
2026-05-30 11:04:42,256 | INFO |   💾 [39/356] saved
2026-05-30 11:04:42,256 | INFO | 
  [173/356]
2026-05-30 11:04:42,257 | INFO |   ⏳ 20.8s (req #42)
2026-05-30 11:05:04,181 | INFO |   GET https://www.gsmarena.com/honor_watch_4-12416.php → 200
2026-05-30 11:05:04,207 | INFO |       📱 Honor Watch 4 | Main=NoneMP | Selfie=NoneMP | AnTuTu=None | Price=$None | IP=None | Populated=26/68 fields
2026-05-30 11:05:04,213 | INFO |   💾 [40/356] saved
2026-05-30 11:05:04,214 | INFO | 
  [174/356]
2026-05-30 11:05:04,214 | INFO |   ⏳ 27.8s (req #43)
2026-05-30 11:05:33,166 | INFO |   GET https://www.gsmarena.com/honor_magicpad_13-12417.php → 200
2026-05-30 11:05:33,203 | INFO |       📱 Honor MagicPad 13 | Main=13.0MP | Selfie=9.0MP | AnTuTu=None | Price=$None | IP=None | Populated=41/68 fields
2026-05-30 11:05:33,208 | INFO |   💾 [41/356] saved
2026-05-30 11:05:33,209 | INFO | 
  [175/356]
2026-05-30 11:05:33,209 | INFO |   ⏳ 32.3s (req #44)
2026-05-30 11:06:07,063 | INFO |   GET https://www.gsmarena.com/honor_pad_x9-12404.php → 200
2026-05-30 11:06:07,098 | INFO |       📱 Honor Pad X9 | Main=5.0MP | Selfie=5.0MP | AnTuTu=None | Price=$None | IP=None | Populated=45/68 fields
2026-05-30 11:06:07,103 | INFO |   💾 [42/356] saved
2026-05-30 11:06:07,103 | INFO | 
  [176/356]
2026-05-30 11:06:07,104 | INFO |   ⏳ 30.1s (req #45)
2026-05-30 11:06:38,369 | INFO |   GET https://www.gsmarena.com/honor_pad_x8_pro-12403.php → 200
2026-05-30 11:06:38,401 | INFO |       📱 Honor Pad X8 Pro | Main=5.0MP | Selfie=5.0MP | AnTuTu=None | Price=$None | IP=None | Populated=40/68 fields
2026-05-30 11:06:38,406 | INFO |   💾 [43/356] saved
2026-05-30 11:06:38,407 | INFO | 
  [177/356]
2026-05-30 11:06:38,408 | INFO |   ⏳ 29.8s (req #46)
2026-05-30 11:07:09,166 | INFO |   GET https://www.gsmarena.com/honor_x50-12384.php → 200
2026-05-30 11:07:09,200 | INFO |       📱 Honor X50 | Main=108.0MP | Selfie=8.0MP | AnTuTu=None | Price=$None | IP=IP53 | Populated=46/68 fields
2026-05-30 11:07:09,204 | INFO |   💾 [44/356] saved
2026-05-30 11:07:09,205 | INFO | 
  [178/356]
2026-05-30 11:07:09,205 | INFO |   ⏳ 29.4s (req #47)
2026-05-30 11:07:39,702 | INFO |   GET https://www.gsmarena.com/honor_play_40-12401.php → 200
2026-05-30 11:07:39,728 | INFO |       📱 Honor Play 40 | Main=13.0MP | Selfie=5.0MP | AnTuTu=None | Price=$None | IP=None | Populated=44/68 fields
2026-05-30 11:07:39,735 | INFO |   💾 [45/356] saved
2026-05-30 11:07:39,736 | INFO | 
  [179/356]
2026-05-30 11:07:39,736 | INFO |   ⏳ 36.1s (req #48)
2026-05-30 11:08:16,945 | INFO |   GET https://www.gsmarena.com/honor_x50i-12400.php → 200
2026-05-30 11:08:16,976 | INFO |       📱 Honor X50i | Main=100.0MP | Selfie=8.0MP | AnTuTu=None | Price=$None | IP=None | Populated=43/68 fields
2026-05-30 11:08:16,980 | INFO |   💾 [46/356] saved
2026-05-30 11:08:16,981 | INFO | 
  [180/356]
2026-05-30 11:08:16,981 | INFO |   ⏳ 44.2s (req #49)
2026-05-30 11:09:02,445 | INFO |   GET https://www.gsmarena.com/honor_90_lite-12377.php → 200
2026-05-30 11:09:02,518 | INFO |       📱 Honor 90 Lite | Main=100.0MP | Selfie=16.0MP | AnTuTu=None | Price=$279.99 | IP=None | Populated=47/68 fields
2026-05-30 11:09:02,525 | INFO |   💾 [47/356] saved
2026-05-30 11:09:02,525 | INFO | 
  [181/356]
2026-05-30 11:09:02,525 | INFO |   ⏳ 20.9s (req #50)
2026-05-30 11:09:24,575 | INFO |   GET https://www.gsmarena.com/honor_90_pro-12296.php → 200
2026-05-30 11:09:24,603 | INFO |       📱 Honor 90 Pro | Main=200.0MP | Selfie=50.0MP | AnTuTu=None | Price=$None | IP=None | Populated=49/68 fields
2026-05-30 11:09:24,609 | INFO |   💾 [48/356] saved
2026-05-30 11:09:24,609 | INFO | 
  [182/356]
2026-05-30 11:09:24,610 | INFO |   ⏳ 38.0s (req #51)
2026-05-30 11:10:03,939 | INFO |   GET https://www.gsmarena.com/honor_90-12297.php → 200
2026-05-30 11:10:03,979 | INFO |       📱 Honor 90 | Main=200.0MP | Selfie=50.0MP | AnTuTu=575122 | Price=$655.0 | IP=None | Populated=54/68 fields
2026-05-30 11:10:03,985 | INFO |   💾 [49/356] saved
2026-05-30 11:10:03,985 | INFO | 
  [183/356]
2026-05-30 11:10:03,985 | INFO |   ⏳ 22.0s (req #52)
2026-05-30 11:10:27,040 | INFO |   GET https://www.gsmarena.com/honor_pad_v8-12248.php → 200
2026-05-30 11:10:27,072 | INFO |       📱 Honor Pad V8 | Main=13.0MP | Selfie=5.0MP | AnTuTu=None | Price=$None | IP=None | Populated=42/68 fields
2026-05-30 11:10:27,079 | INFO |   💾 [50/356] saved
2026-05-30 11:10:27,079 | INFO | 
  [184/356]
2026-05-30 11:10:27,079 | INFO |   ⏳ 27.3s (req #53)
2026-05-30 11:10:55,350 | INFO |   GET https://www.gsmarena.com/honor_play7t_pro-12200.php → 200
2026-05-30 11:10:55,379 | INFO |       📱 Honor Play7T Pro | Main=50.0MP | Selfie=8.0MP | AnTuTu=None | Price=$None | IP=None | Populated=44/68 fields
2026-05-30 11:10:55,384 | INFO |   💾 [51/356] saved
2026-05-30 11:10:55,385 | INFO | 
  [185/356]
2026-05-30 11:10:55,385 | INFO |   ⏳ 41.9s (req #54)
2026-05-30 11:11:38,326 | INFO |   GET https://www.gsmarena.com/honor_play7t-12201.php → 200
2026-05-30 11:11:38,358 | INFO |       📱 Honor Play7T | Main=50.0MP | Selfie=5.0MP | AnTuTu=None | Price=$None | IP=None | Populated=44/68 fields
2026-05-30 11:11:38,363 | INFO |   💾 [52/356] saved
2026-05-30 11:11:38,363 | INFO | 
  [186/356]
2026-05-30 11:11:38,364 | INFO |   ⏳ 24.2s (req #55)
2026-05-30 11:12:03,572 | INFO |   GET https://www.gsmarena.com/honor_70_lite-12180.php → 200
2026-05-30 11:12:03,611 | INFO |       📱 Honor 70 Lite | Main=50.0MP | Selfie=8.0MP | AnTuTu=None | Price=$None | IP=None | Populated=46/68 fields
2026-05-30 11:12:03,619 | INFO |   💾 [53/356] saved
2026-05-30 11:12:03,619 | INFO | 
  [187/356]
2026-05-30 11:12:03,619 | INFO |   ⏳ 27.6s (req #56)
2026-05-30 11:12:32,513 | INFO |   GET https://www.gsmarena.com/honor_magic5_ultimate-12155.php → 200
2026-05-30 11:12:32,544 | INFO |       📱 Honor Magic5 Ultimate | Main=50.0MP | Selfie=12.0MP | AnTuTu=None | Price=$None | IP=IP68 | Populated=55/68 fields
2026-05-30 11:12:32,550 | INFO |   💾 [54/356] saved
2026-05-30 11:12:32,550 | INFO | 
  [188/356]
2026-05-30 11:12:32,550 | INFO |   ⏳ 33.5s (req #57)
2026-05-30 11:13:07,171 | INFO |   GET https://www.gsmarena.com/honor_magic5_pro-12148.php → 200
2026-05-30 11:13:07,210 | INFO |       📱 Honor Magic5 Pro | Main=50.0MP | Selfie=12.0MP | AnTuTu=None | Price=$1619.0 | IP=IP68 | Populated=60/68 fields
2026-05-30 11:13:07,215 | INFO |   💾 [55/356] saved
2026-05-30 11:13:07,215 | INFO | 
  [189/356]
2026-05-30 11:13:07,216 | INFO |   ⏳ 39.2s (req #58)
2026-05-30 11:13:47,722 | INFO |   GET https://www.gsmarena.com/honor_magic5-12149.php → 200
2026-05-30 11:13:47,757 | INFO |       📱 Honor Magic5 | Main=54.0MP | Selfie=12.0MP | AnTuTu=None | Price=$None | IP=None | Populated=51/68 fields
2026-05-30 11:13:47,763 | INFO |   💾 [56/356] saved
2026-05-30 11:13:47,763 | INFO | 
  [190/356]
2026-05-30 11:13:47,763 | INFO |   ⏳ 23.7s (req #59)
2026-05-30 11:14:12,761 | INFO |   GET https://www.gsmarena.com/honor_magic5_lite-12107.php → 200
2026-05-30 11:14:12,793 | INFO |       📱 Honor Magic5 Lite | Main=64.0MP | Selfie=16.0MP | AnTuTu=387250 | Price=$None | IP=None | Populated=50/68 fields
2026-05-30 11:14:12,798 | INFO |   💾 [57/356] saved
2026-05-30 11:14:12,798 | INFO | 
  [191/356]
2026-05-30 11:14:12,799 | INFO |   ☕ Long pause 204s ...
2026-05-30 11:17:38,230 | INFO |   GET https://www.gsmarena.com/honor_x8a-12113.php → 200
2026-05-30 11:17:38,274 | INFO |       📱 Honor X8a | Main=100.0MP | Selfie=16.0MP | AnTuTu=None | Price=$None | IP=None | Populated=44/68 fields
2026-05-30 11:17:38,283 | INFO |   💾 [58/356] saved
2026-05-30 11:17:38,283 | INFO | 
  [192/356]
2026-05-30 11:17:38,283 | INFO |   ⏳ 21.6s (req #61)
2026-05-30 11:18:01,068 | INFO |   GET https://www.gsmarena.com/honor_x5-12093.php → 200
2026-05-30 11:18:01,102 | INFO |       📱 Honor X5 | Main=8.0MP | Selfie=5.0MP | AnTuTu=None | Price=$None | IP=None | Populated=43/68 fields
2026-05-30 11:18:01,109 | INFO |   💾 [59/356] saved
2026-05-30 11:18:01,109 | INFO | 
  [193/356]
2026-05-30 11:18:01,109 | INFO |   ⏳ 39.0s (req #62)
2026-05-30 11:18:41,341 | INFO |   GET https://www.gsmarena.com/honor_x9a-12075.php → 200
2026-05-30 11:18:41,373 | INFO |       📱 Honor X9a | Main=64.0MP | Selfie=16.0MP | AnTuTu=None | Price=$None | IP=None | Populated=44/68 fields
2026-05-30 11:18:41,379 | INFO |   💾 [60/356] saved
2026-05-30 11:18:41,380 | INFO | 
  [194/356]
2026-05-30 11:18:41,380 | INFO |   ⏳ 39.2s (req #63)
2026-05-30 11:19:21,649 | INFO |   GET https://www.gsmarena.com/honor_x7a-12076.php → 200
2026-05-30 11:19:21,681 | INFO |       📱 Honor X7a | Main=50.0MP | Selfie=8.0MP | AnTuTu=None | Price=$None | IP=None | Populated=44/68 fields
2026-05-30 11:19:21,686 | INFO |   💾 [61/356] saved
2026-05-30 11:19:21,687 | INFO | 
  [195/356]
2026-05-30 11:19:21,687 | INFO |   ⏳ 35.0s (req #64)
2026-05-30 11:19:57,845 | INFO |   GET https://www.gsmarena.com/honor_80_pro_flat-12065.php → 200
2026-05-30 11:19:57,871 | INFO |       📱 Honor 80 Pro Flat | Main=160.0MP | Selfie=32.0MP | AnTuTu=None | Price=$None | IP=None | Populated=46/68 fields
2026-05-30 11:19:57,881 | INFO |   💾 [62/356] saved
2026-05-30 11:19:57,881 | INFO | 
  [196/356]
2026-05-30 11:19:57,882 | INFO |   ⏳ 37.0s (req #65)
2026-05-30 11:20:35,848 | INFO |   GET https://www.gsmarena.com/honor_80_gt-12043.php → 200
2026-05-30 11:20:35,880 | INFO |       📱 Honor 80 GT | Main=54.0MP | Selfie=16.0MP | AnTuTu=None | Price=$None | IP=None | Populated=46/68 fields
2026-05-30 11:20:35,886 | INFO |   💾 [63/356] saved
2026-05-30 11:20:35,886 | INFO | 
  [197/356]
2026-05-30 11:20:35,887 | INFO |   ⏳ 19.2s (req #66)
2026-05-30 11:20:56,151 | INFO |   GET https://www.gsmarena.com/honor_pad_v8_pro-12044.php → 200
2026-05-30 11:20:56,191 | INFO |       📱 Honor Pad V8 Pro | Main=13.0MP | Selfie=5.0MP | AnTuTu=None | Price=$None | IP=None | Populated=44/68 fields
2026-05-30 11:20:56,197 | INFO |   💾 [64/356] saved
2026-05-30 11:20:56,197 | INFO | 
  [198/356]
2026-05-30 11:20:56,197 | INFO |   ⏳ 43.5s (req #67)
2026-05-30 11:21:40,665 | INFO |   GET https://www.gsmarena.com/honor_80_pro-11992.php → 200
2026-05-30 11:21:40,693 | INFO |       📱 Honor 80 Pro | Main=160.0MP | Selfie=50.0MP | AnTuTu=None | Price=$None | IP=None | Populated=48/68 fields
2026-05-30 11:21:40,699 | INFO |   💾 [65/356] saved
2026-05-30 11:21:40,699 | INFO | 
  [199/356]
2026-05-30 11:21:40,700 | INFO |   ⏳ 44.9s (req #68)
2026-05-30 11:22:26,664 | INFO |   GET https://www.gsmarena.com/honor_80-11993.php → 200
2026-05-30 11:22:26,694 | INFO |       📱 Honor 80 | Main=160.0MP | Selfie=32.0MP | AnTuTu=None | Price=$None | IP=None | Populated=47/68 fields
2026-05-30 11:22:26,700 | INFO |   💾 [66/356] saved
2026-05-30 11:22:26,700 | INFO | 
  [200/356]
2026-05-30 11:22:26,701 | INFO |   ⏳ 31.2s (req #69)
2026-05-30 11:22:59,256 | INFO |   GET https://www.gsmarena.com/honor_80_se-11995.php → 200
2026-05-30 11:22:59,284 | INFO |       📱 Honor 80 SE | Main=64.0MP | Selfie=32.0MP | AnTuTu=None | Price=$None | IP=None | Populated=45/68 fields
2026-05-30 11:22:59,290 | INFO |   💾 [67/356] saved
2026-05-30 11:22:59,291 | INFO | 
  [201/356]
2026-05-30 11:22:59,291 | INFO |   ⏳ 28.4s (req #70)
2026-05-30 11:23:28,729 | INFO |   GET https://www.gsmarena.com/honor_magic_vs_ultimate-11994.php → 200
2026-05-30 11:23:28,747 | INFO |       📱 Honor Magic Vs Ultimate | Main=54.0MP | Selfie=16.0MP | AnTuTu=None | Price=$None | IP=None | Populated=49/68 fields
2026-05-30 11:23:28,750 | INFO |   💾 [68/356] saved
2026-05-30 11:23:28,750 | INFO | 
  [202/356]
2026-05-30 11:23:28,751 | INFO |   ⏳ 34.5s (req #71)
2026-05-30 11:24:04,358 | INFO |   GET https://www.gsmarena.com/honor_magic_vs-11991.php → 200
2026-05-30 11:24:04,381 | INFO |       📱 Honor Magic Vs | Main=54.0MP | Selfie=16.0MP | AnTuTu=831175 | Price=$None | IP=None | Populated=53/68 fields
2026-05-30 11:24:04,385 | INFO |   💾 [69/356] saved
2026-05-30 11:24:04,386 | INFO | 
  [203/356]
2026-05-30 11:24:04,386 | INFO |   ⏳ 32.7s (req #72)
2026-05-30 11:24:38,227 | INFO |   GET https://www.gsmarena.com/honor_play_40_plus-11943.php → 200
2026-05-30 11:24:38,263 | INFO |       📱 Honor Play 40 Plus | Main=50.0MP | Selfie=5.0MP | AnTuTu=None | Price=$None | IP=None | Populated=44/68 fields
2026-05-30 11:24:38,268 | INFO |   💾 [70/356] saved
2026-05-30 11:24:38,268 | INFO | 
  [204/356]
2026-05-30 11:24:38,268 | INFO |   ⏳ 23.9s (req #73)
2026-05-30 11:25:03,178 | INFO |   GET https://www.gsmarena.com/honor_x40_gt-11933.php → 200
2026-05-30 11:25:03,204 | INFO |       📱 Honor X40 GT | Main=50.0MP | Selfie=16.0MP | AnTuTu=None | Price=$None | IP=None | Populated=46/68 fields
2026-05-30 11:25:03,209 | INFO |   💾 [71/356] saved
2026-05-30 11:25:03,209 | INFO | 
  [205/356]
2026-05-30 11:25:03,209 | INFO |   ⏳ 36.7s (req #74)
2026-05-30 11:25:40,960 | INFO |   GET https://www.gsmarena.com/honor_play6c-11932.php → 200
2026-05-30 11:25:40,985 | INFO |       📱 Honor Play6C | Main=13.0MP | Selfie=5.0MP | AnTuTu=None | Price=$None | IP=None | Populated=43/68 fields
2026-05-30 11:25:40,990 | INFO |   💾 [72/356] saved
2026-05-30 11:25:40,990 | INFO | 
  [206/356]
2026-05-30 11:25:40,991 | INFO |   ⏳ 18.8s (req #75)
2026-05-30 11:26:00,835 | INFO |   GET https://www.gsmarena.com/honor_x6-11894.php → 200
2026-05-30 11:26:00,861 | INFO |       📱 Honor X6 | Main=50.0MP | Selfie=5.0MP | AnTuTu=None | Price=$None | IP=None | Populated=44/68 fields
2026-05-30 11:26:00,866 | INFO |   💾 [73/356] saved
2026-05-30 11:26:00,867 | INFO | 
  [207/356]
2026-05-30 11:26:00,867 | INFO |   ⏳ 40.5s (req #76)
2026-05-30 11:26:42,516 | INFO |   GET https://www.gsmarena.com/honor_pad_x8-11889.php → 200
2026-05-30 11:26:42,546 | INFO |       📱 Honor Pad X8 | Main=5.0MP | Selfie=2.0MP | AnTuTu=None | Price=$None | IP=None | Populated=35/68 fields
2026-05-30 11:26:42,550 | INFO |   💾 [74/356] saved
2026-05-30 11:26:42,550 | INFO | 
  [208/356]
2026-05-30 11:26:42,552 | INFO |   ⏳ 30.6s (req #77)
2026-05-30 11:27:14,317 | INFO |   GET https://www.gsmarena.com/honor_pad_x8_lite-11890.php → 200
2026-05-30 11:27:14,342 | INFO |       📱 Honor Pad X8 Lite | Main=5.0MP | Selfie=2.0MP | AnTuTu=None | Price=$None | IP=None | Populated=31/68 fields
2026-05-30 11:27:14,347 | INFO |   💾 [75/356] saved
2026-05-30 11:27:14,348 | INFO | 
  [209/356]
2026-05-30 11:27:14,348 | INFO |   ⏳ 31.9s (req #78)
2026-05-30 11:27:47,344 | INFO |   GET https://www.gsmarena.com/honor_x40-11875.php → 200
2026-05-30 11:27:47,378 | INFO |       📱 Honor X40 | Main=50.0MP | Selfie=8.0MP | AnTuTu=None | Price=$None | IP=None | Populated=43/68 fields
2026-05-30 11:27:47,384 | INFO |   💾 [76/356] saved
2026-05-30 11:27:47,384 | INFO | 
  [210/356]
2026-05-30 11:27:47,385 | INFO |   ⏳ 34.0s (req #79)
2026-05-30 11:28:22,427 | INFO |   GET https://www.gsmarena.com/honor_x8_5g-11718.php → 200
2026-05-30 11:28:22,454 | INFO |       📱 Honor X8 5G | Main=48.0MP | Selfie=8.0MP | AnTuTu=None | Price=$None | IP=None | Populated=45/68 fields
2026-05-30 11:28:22,460 | INFO |   💾 [77/356] saved
2026-05-30 11:28:22,460 | INFO | 
  [211/356]
2026-05-30 11:28:22,461 | INFO |   ⏳ 20.8s (req #80)
2026-05-30 11:28:44,591 | INFO |   GET https://www.gsmarena.com/honor_pad_8-11712.php → 200
2026-05-30 11:28:44,618 | INFO |       📱 Honor Pad 8 | Main=5.0MP | Selfie=5.0MP | AnTuTu=279242 | Price=$None | IP=None | Populated=44/68 fields
2026-05-30 11:28:44,623 | INFO |   💾 [78/356] saved
2026-05-30 11:28:44,623 | INFO | 
  [212/356]
2026-05-30 11:28:44,623 | INFO |   ⏳ 42.0s (req #81)
2026-05-30 11:29:28,171 | INFO |   GET https://www.gsmarena.com/honor_x40i-11671.php → 200
2026-05-30 11:29:28,204 | INFO |       📱 Honor X40i | Main=50.0MP | Selfie=8.0MP | AnTuTu=None | Price=$None | IP=None | Populated=43/68 fields
2026-05-30 11:29:28,210 | INFO |   💾 [79/356] saved
2026-05-30 11:29:28,211 | INFO | 
  [213/356]
2026-05-30 11:29:28,211 | INFO |   ⏳ 32.9s (req #82)
2026-05-30 11:30:02,520 | INFO |   GET https://www.gsmarena.com/honor_70_pro+-11577.php → 200
2026-05-30 11:30:02,553 | INFO |       📱 Honor 70 Pro+ | Main=54.0MP | Selfie=50.0MP | AnTuTu=None | Price=$None | IP=None | Populated=49/68 fields
2026-05-30 11:30:02,559 | INFO |   💾 [80/356] saved
2026-05-30 11:30:02,561 | INFO | 
  [214/356]
2026-05-30 11:30:02,562 | INFO |   ⏳ 40.0s (req #83)
2026-05-30 11:30:43,624 | INFO |   GET https://www.gsmarena.com/honor_70_pro-11576.php → 200
2026-05-30 11:30:43,657 | INFO |       📱 Honor 70 Pro | Main=54.0MP | Selfie=50.0MP | AnTuTu=None | Price=$None | IP=None | Populated=49/68 fields
2026-05-30 11:30:43,663 | INFO |   💾 [81/356] saved
2026-05-30 11:30:43,663 | INFO | 
  [215/356]
2026-05-30 11:30:43,664 | INFO |   ⏳ 16.5s (req #84)
2026-05-30 11:31:01,708 | INFO |   GET https://www.gsmarena.com/honor_70-11575.php → 200
2026-05-30 11:31:01,755 | INFO |       📱 Honor 70 | Main=54.0MP | Selfie=32.0MP | AnTuTu=None | Price=$None | IP=None | Populated=50/68 fields
2026-05-30 11:31:01,761 | INFO |   💾 [82/356] saved
2026-05-30 11:31:01,761 | INFO | 
  [216/356]
2026-05-30 11:31:01,761 | INFO |   ⏳ 29.2s (req #85)
2026-05-30 11:31:31,865 | INFO |   GET https://www.gsmarena.com/honor_play_30-11520.php → 200
2026-05-30 11:31:31,885 | INFO |       📱 Honor Play 30 | Main=13.0MP | Selfie=5.0MP | AnTuTu=None | Price=$None | IP=None | Populated=46/68 fields
2026-05-30 11:31:31,889 | INFO |   💾 [83/356] saved
2026-05-30 11:31:31,889 | INFO | 
  [217/356]
2026-05-30 11:31:31,889 | INFO |   ⏳ 24.5s (req #86)
2026-05-30 11:31:57,236 | INFO |   GET https://www.gsmarena.com/honor_play6t_pro-11463.php → 200
2026-05-30 11:31:57,250 | INFO |       📱 Honor Play6T Pro | Main=48.0MP | Selfie=8.0MP | AnTuTu=None | Price=$None | IP=None | Populated=44/68 fields
2026-05-30 11:31:57,255 | INFO |   💾 [84/356] saved
2026-05-30 11:31:57,257 | INFO | 
  [218/356]
2026-05-30 11:31:57,257 | INFO |   ⏳ 42.1s (req #87)
2026-05-30 11:32:40,298 | INFO |   GET https://www.gsmarena.com/honor_play6t-11464.php → 200
2026-05-30 11:32:40,318 | INFO |       📱 Honor Play6T | Main=13.0MP | Selfie=5.0MP | AnTuTu=None | Price=$None | IP=None | Populated=44/68 fields
2026-05-30 11:32:40,322 | INFO |   💾 [85/356] saved
2026-05-30 11:32:40,323 | INFO | 
  [219/356]
2026-05-30 11:32:40,323 | INFO |   ⏳ 35.6s (req #88)
2026-05-30 11:33:16,878 | INFO |   GET https://www.gsmarena.com/honor_magic4_lite-11423.php → 200
2026-05-30 11:33:16,894 | INFO |       📱 Honor Magic4 Lite | Main=48.0MP | Selfie=16.0MP | AnTuTu=387218 | Price=$None | IP=None | Populated=49/68 fields
2026-05-30 11:33:16,899 | INFO |   💾 [86/356] saved
2026-05-30 11:33:16,900 | INFO | 
  [220/356]
2026-05-30 11:33:16,900 | INFO |   ⏳ 23.0s (req #89)
2026-05-30 11:33:40,851 | INFO |   GET https://www.gsmarena.com/honor_x7-11452.php → 200
2026-05-30 11:33:40,877 | INFO |       📱 Honor X7 | Main=48.0MP | Selfie=8.0MP | AnTuTu=None | Price=$None | IP=None | Populated=46/68 fields
2026-05-30 11:33:40,880 | INFO |   💾 [87/356] saved
2026-05-30 11:33:40,881 | INFO | 
  [221/356]
2026-05-30 11:33:40,881 | INFO |   ☕ Long pause 235s ...
2026-05-30 11:37:36,833 | INFO |   GET https://www.gsmarena.com/honor_x9-11456.php → 200
2026-05-30 11:37:36,848 | INFO |       📱 Honor X9 | Main=64.0MP | Selfie=16.0MP | AnTuTu=None | Price=$None | IP=None | Populated=42/68 fields
2026-05-30 11:37:36,852 | INFO |   💾 [88/356] saved
2026-05-30 11:37:36,852 | INFO | 
  [222/356]
2026-05-30 11:37:36,852 | INFO |   ⏳ 20.6s (req #91)
2026-05-30 11:37:58,438 | INFO |   GET https://www.gsmarena.com/honor_x9_5g-11447.php → 200
2026-05-30 11:37:58,453 | INFO |       📱 Honor X9 5G | Main=48.0MP | Selfie=16.0MP | AnTuTu=None | Price=$None | IP=None | Populated=45/68 fields
2026-05-30 11:37:58,457 | INFO |   💾 [89/356] saved
2026-05-30 11:37:58,457 | INFO | 
  [223/356]
2026-05-30 11:37:58,457 | INFO |   ⏳ 33.4s (req #92)
2026-05-30 11:38:32,953 | INFO |   GET https://www.gsmarena.com/honor_magic4_ultimate-11432.php → 200
2026-05-30 11:38:32,974 | INFO |       📱 Honor Magic4 Ultimate | Main=50.0MP | Selfie=12.0MP | AnTuTu=None | Price=$None | IP=IP68 | Populated=55/68 fields
2026-05-30 11:38:32,980 | INFO |   💾 [90/356] saved
2026-05-30 11:38:32,981 | INFO | 
  [224/356]
2026-05-30 11:38:32,981 | INFO |   ⏳ 21.1s (req #93)
2026-05-30 11:38:54,982 | INFO |   GET https://www.gsmarena.com/honor_x8-11417.php → 200
2026-05-30 11:38:54,998 | INFO |       📱 Honor X8 | Main=64.0MP | Selfie=16.0MP | AnTuTu=None | Price=$None | IP=None | Populated=45/68 fields
2026-05-30 11:38:55,001 | INFO |   💾 [91/356] saved
2026-05-30 11:38:55,002 | INFO | 
  [225/356]
2026-05-30 11:38:55,003 | INFO |   ⏳ 16.8s (req #94)
2026-05-30 11:39:12,723 | INFO |   GET https://www.gsmarena.com/honor_magic4_pro-11390.php → 200
2026-05-30 11:39:12,744 | INFO |       📱 Honor Magic4 Pro | Main=50.0MP | Selfie=12.0MP | AnTuTu=980755 | Price=$None | IP=IP68 | Populated=58/68 fields
2026-05-30 11:39:12,748 | INFO |   💾 [92/356] saved
2026-05-30 11:39:12,748 | INFO | 
  [226/356]
2026-05-30 11:39:12,749 | INFO |   ⏳ 40.3s (req #95)
2026-05-30 11:39:54,144 | INFO |   GET https://www.gsmarena.com/honor_magic4-11389.php → 200
2026-05-30 11:39:54,173 | INFO |       📱 Honor Magic4 | Main=50.0MP | Selfie=12.0MP | AnTuTu=None | Price=$None | IP=IP54 | Populated=50/68 fields
2026-05-30 11:39:54,178 | INFO |   💾 [93/356] saved
2026-05-30 11:39:54,178 | INFO | 
  [227/356]
2026-05-30 11:39:54,178 | INFO |   ⏳ 34.0s (req #96)
2026-05-30 11:40:29,180 | INFO |   GET https://www.gsmarena.com/honor_60_se-11354.php → 200
2026-05-30 11:40:29,201 | INFO |       📱 Honor 60 SE | Main=64.0MP | Selfie=16.0MP | AnTuTu=None | Price=$None | IP=None | Populated=43/68 fields
2026-05-30 11:40:29,205 | INFO |   💾 [94/356] saved
2026-05-30 11:40:29,206 | INFO | 
  [228/356]
2026-05-30 11:40:29,206 | INFO |   ⏳ 36.3s (req #97)
2026-05-30 11:41:06,371 | INFO |   GET https://www.gsmarena.com/honor_watch_gs_3-11312.php → 200
2026-05-30 11:41:06,385 | INFO |       📱 Honor Watch GS 3 | Main=NoneMP | Selfie=NoneMP | AnTuTu=None | Price=$None | IP=None | Populated=25/68 fields
2026-05-30 11:41:06,389 | INFO |   💾 [95/356] saved
2026-05-30 11:41:06,389 | INFO | 
  [229/356]
2026-05-30 11:41:06,390 | INFO |   ⏳ 31.4s (req #98)
2026-05-30 11:41:38,973 | INFO |   GET https://www.gsmarena.com/honor_magic_v-11311.php → 200
2026-05-30 11:41:38,990 | INFO |       📱 Honor Magic V | Main=50.0MP | Selfie=42.0MP | AnTuTu=None | Price=$None | IP=None | Populated=48/68 fields
2026-05-30 11:41:38,995 | INFO |   💾 [96/356] saved
2026-05-30 11:41:38,995 | INFO | 
  [230/356]
2026-05-30 11:41:38,995 | INFO |   ⏳ 41.6s (req #99)
2026-05-30 11:42:21,558 | INFO |   GET https://www.gsmarena.com/honor_x30-11270.php → 200
2026-05-30 11:42:21,577 | INFO |       📱 Honor X30 | Main=48.0MP | Selfie=16.0MP | AnTuTu=None | Price=$None | IP=None | Populated=43/68 fields
2026-05-30 11:42:21,581 | INFO |   💾 [97/356] saved
2026-05-30 11:42:21,581 | INFO | 
  [231/356]
2026-05-30 11:42:21,581 | INFO |   ⏳ 40.9s (req #100)
2026-05-30 11:43:03,429 | INFO |   GET https://www.gsmarena.com/honor_play_30_plus-11271.php → 200
2026-05-30 11:43:03,501 | INFO |       📱 Honor Play 30 Plus | Main=13.0MP | Selfie=5.0MP | AnTuTu=None | Price=$None | IP=None | Populated=45/68 fields
2026-05-30 11:43:03,509 | INFO |   💾 [98/356] saved
2026-05-30 11:43:03,509 | INFO | 
  [232/356]
2026-05-30 11:43:03,510 | INFO |   ⏳ 22.1s (req #101)
2026-05-30 11:43:26,824 | INFO |   GET https://www.gsmarena.com/honor_60_pro-11248.php → 200
2026-05-30 11:43:26,866 | INFO |       📱 Honor 60 Pro | Main=108.0MP | Selfie=50.0MP | AnTuTu=None | Price=$None | IP=None | Populated=46/68 fields
2026-05-30 11:43:26,871 | INFO |   💾 [99/356] saved
2026-05-30 11:43:26,872 | INFO | 
  [233/356]
2026-05-30 11:43:26,872 | INFO |   ⏳ 23.7s (req #102)
2026-05-30 11:43:51,549 | INFO |   GET https://www.gsmarena.com/honor_60-11255.php → 200
2026-05-30 11:43:51,584 | INFO |       📱 Honor 60 | Main=108.0MP | Selfie=32.0MP | AnTuTu=None | Price=$None | IP=None | Populated=46/68 fields
2026-05-30 11:43:51,589 | INFO |   💾 [100/356] saved
2026-05-30 11:43:51,590 | INFO | 
  [234/356]
2026-05-30 11:43:51,590 | INFO |   ⏳ 27.8s (req #103)
2026-05-30 11:44:20,343 | INFO |   GET https://www.gsmarena.com/honor_x30_max-11178.php → 200
2026-05-30 11:44:20,370 | INFO |       📱 Honor X30 Max | Main=64.0MP | Selfie=8.0MP | AnTuTu=None | Price=$None | IP=None | Populated=47/68 fields
2026-05-30 11:44:20,377 | INFO |   💾 [101/356] saved
2026-05-30 11:44:20,377 | INFO | 
  [235/356]
2026-05-30 11:44:20,378 | INFO |   ⏳ 18.3s (req #104)
2026-05-30 11:44:39,804 | INFO |   GET https://www.gsmarena.com/honor_x30i-11179.php → 200
2026-05-30 11:44:39,838 | INFO |       📱 Honor X30i | Main=48.0MP | Selfie=8.0MP | AnTuTu=None | Price=$None | IP=None | Populated=45/68 fields
2026-05-30 11:44:39,845 | INFO |   💾 [102/356] saved
2026-05-30 11:44:39,845 | INFO | 
  [236/356]
2026-05-30 11:44:39,846 | INFO |   ⏳ 30.9s (req #105)
2026-05-30 11:45:11,766 | INFO |   GET https://www.gsmarena.com/honor_50_lite-11175.php → 200
2026-05-30 11:45:11,795 | INFO |       📱 Honor 50 Lite | Main=64.0MP | Selfie=16.0MP | AnTuTu=None | Price=$None | IP=None | Populated=41/68 fields
2026-05-30 11:45:11,802 | INFO |   💾 [103/356] saved
2026-05-30 11:45:11,802 | INFO | 
  [237/356]
2026-05-30 11:45:11,802 | INFO |   ⏳ 42.7s (req #106)
2026-05-30 11:45:55,587 | INFO |   GET https://www.gsmarena.com/honor_play5_youth-11173.php → 200
2026-05-30 11:45:55,614 | INFO |       📱 Honor Play5 Youth | Main=64.0MP | Selfie=16.0MP | AnTuTu=None | Price=$None | IP=None | Populated=45/68 fields
2026-05-30 11:45:55,620 | INFO |   💾 [104/356] saved
2026-05-30 11:45:55,620 | INFO | 
  [238/356]
2026-05-30 11:45:55,621 | INFO |   ⏳ 19.0s (req #107)
2026-05-30 11:46:15,612 | INFO |   GET https://www.gsmarena.com/honor_tablet_v7-11125.php → 200
2026-05-30 11:46:15,659 | INFO |       📱 Honor Tablet V7 | Main=13.0MP | Selfie=8.0MP | AnTuTu=None | Price=$None | IP=None | Populated=43/68 fields
2026-05-30 11:46:15,666 | INFO |   💾 [105/356] saved
2026-05-30 11:46:15,666 | INFO | 
  [239/356]
2026-05-30 11:46:15,666 | INFO |   ⏳ 31.0s (req #108)
2026-05-30 11:46:47,406 | INFO |   GET https://www.gsmarena.com/honor_tablet_v7_pro-11055.php → 200
2026-05-30 11:46:47,420 | INFO |       📱 Honor Tablet V7 Pro | Main=13.0MP | Selfie=5.0MP | AnTuTu=None | Price=$None | IP=None | Populated=43/68 fields
2026-05-30 11:46:47,424 | INFO |   💾 [106/356] saved
2026-05-30 11:46:47,424 | INFO | 
  [240/356]
2026-05-30 11:46:47,424 | INFO |   ⏳ 16.8s (req #109)
2026-05-30 11:47:05,061 | INFO |   GET https://www.gsmarena.com/honor_x20-11052.php → 200
2026-05-30 11:47:05,076 | INFO |       📱 Honor X20 | Main=64.0MP | Selfie=16.0MP | AnTuTu=None | Price=$None | IP=None | Populated=44/68 fields
2026-05-30 11:47:05,080 | INFO |   💾 [107/356] saved
2026-05-30 11:47:05,081 | INFO | 
  [241/356]
2026-05-30 11:47:05,081 | INFO |   ⏳ 18.6s (req #110)
2026-05-30 11:47:24,736 | INFO |   GET https://www.gsmarena.com/honor_magic3_pro+-11051.php → 200
2026-05-30 11:47:24,753 | INFO |       📱 Honor Magic3 Pro+ | Main=50.0MP | Selfie=13.0MP | AnTuTu=None | Price=$None | IP=IP68 | Populated=52/68 fields
2026-05-30 11:47:24,757 | INFO |   💾 [108/356] saved
2026-05-30 11:47:24,757 | INFO | 
  [242/356]
2026-05-30 11:47:24,757 | INFO |   ⏳ 37.1s (req #111)
2026-05-30 11:48:03,012 | INFO |   GET https://www.gsmarena.com/honor_magic3_pro-11050.php → 200
2026-05-30 11:48:03,033 | INFO |       📱 Honor Magic3 Pro | Main=50.0MP | Selfie=13.0MP | AnTuTu=None | Price=$None | IP=IP68 | Populated=52/68 fields
2026-05-30 11:48:03,037 | INFO |   💾 [109/356] saved
2026-05-30 11:48:03,037 | INFO | 
  [243/356]
2026-05-30 11:48:03,038 | INFO |   ⏳ 30.8s (req #112)
2026-05-30 11:48:35,029 | INFO |   GET https://www.gsmarena.com/honor_magic3-11049.php → 200
2026-05-30 11:48:35,064 | INFO |       📱 Honor Magic3 | Main=50.0MP | Selfie=13.0MP | AnTuTu=None | Price=$None | IP=IP54 | Populated=49/68 fields
2026-05-30 11:48:35,069 | INFO |   💾 [110/356] saved
2026-05-30 11:48:35,069 | INFO | 
  [244/356]
2026-05-30 11:48:35,069 | INFO |   ⏳ 21.2s (req #113)
2026-05-30 11:48:57,401 | INFO |   GET https://www.gsmarena.com/honor_play_5t_pro-11038.php → 200
2026-05-30 11:48:57,454 | INFO |       📱 Honor Play 5T Pro | Main=64.0MP | Selfie=16.0MP | AnTuTu=None | Price=$None | IP=None | Populated=41/68 fields
2026-05-30 11:48:57,460 | INFO |   💾 [111/356] saved
2026-05-30 11:48:57,460 | INFO | 
  [245/356]
2026-05-30 11:48:57,461 | INFO |   ⏳ 19.7s (req #114)
2026-05-30 11:49:18,121 | INFO |   GET https://www.gsmarena.com/honor_x20_se-10995.php → 200
2026-05-30 11:49:18,148 | INFO |       📱 Honor X20 SE | Main=64.0MP | Selfie=16.0MP | AnTuTu=None | Price=$None | IP=None | Populated=43/68 fields
2026-05-30 11:49:18,153 | INFO |   💾 [112/356] saved
2026-05-30 11:49:18,153 | INFO | 
  [246/356]
2026-05-30 11:49:18,153 | INFO |   ⏳ 15.5s (req #115)
2026-05-30 11:49:34,760 | INFO |   GET https://www.gsmarena.com/honor_50_pro-10958.php → 200
2026-05-30 11:49:34,787 | INFO |       📱 Honor 50 Pro | Main=108.0MP | Selfie=12.0MP | AnTuTu=None | Price=$None | IP=None | Populated=46/68 fields
2026-05-30 11:49:34,792 | INFO |   💾 [113/356] saved
2026-05-30 11:49:34,792 | INFO | 
  [247/356]
2026-05-30 11:49:34,793 | INFO |   ⏳ 43.7s (req #116)
2026-05-30 11:50:19,823 | INFO |   GET https://www.gsmarena.com/honor_50-10962.php → 200
2026-05-30 11:50:19,852 | INFO |       📱 Honor 50 | Main=108.0MP | Selfie=32.0MP | AnTuTu=470348 | Price=$None | IP=None | Populated=51/68 fields
2026-05-30 11:50:19,857 | INFO |   💾 [114/356] saved
2026-05-30 11:50:19,857 | INFO | 
  [248/356]
2026-05-30 11:50:19,857 | INFO |   ⏳ 40.2s (req #117)
2026-05-30 11:51:01,161 | INFO |   GET https://www.gsmarena.com/honor_50_se-10963.php → 200
2026-05-30 11:51:01,187 | INFO |       📱 Honor 50 SE | Main=108.0MP | Selfie=16.0MP | AnTuTu=None | Price=$None | IP=None | Populated=45/68 fields
2026-05-30 11:51:01,192 | INFO |   💾 [115/356] saved
2026-05-30 11:51:01,192 | INFO | 
  [249/356]
2026-05-30 11:51:01,193 | INFO |   ⏳ 32.0s (req #118)
2026-05-30 11:51:34,208 | INFO |   GET https://www.gsmarena.com/honor_play5_5g-10899.php → 200
2026-05-30 11:51:34,236 | INFO |       📱 Honor Play5 5G | Main=64.0MP | Selfie=16.0MP | AnTuTu=None | Price=$None | IP=None | Populated=46/68 fields
2026-05-30 11:51:34,242 | INFO |   💾 [116/356] saved
2026-05-30 11:51:34,242 | INFO | 
  [250/356]
2026-05-30 11:51:34,242 | INFO |   ⏳ 21.1s (req #119)
2026-05-30 11:51:56,366 | INFO |   GET https://www.gsmarena.com/honor_tablet_x7-10912.php → 200
2026-05-30 11:51:56,405 | INFO |       📱 Honor Tablet X7 | Main=5.0MP | Selfie=2.0MP | AnTuTu=None | Price=$None | IP=None | Populated=42/68 fields
2026-05-30 11:51:56,411 | INFO |   💾 [117/356] saved
2026-05-30 11:51:56,411 | INFO | 
  [251/356]
2026-05-30 11:51:56,411 | INFO |   ☕ Long pause 150s ...
2026-05-30 11:54:27,936 | INFO |   GET https://www.gsmarena.com/honor_play_20-10876.php → 200
2026-05-30 11:54:27,963 | INFO |       📱 Honor Play 20 | Main=13.0MP | Selfie=5.0MP | AnTuTu=None | Price=$None | IP=None | Populated=44/68 fields
2026-05-30 11:54:27,967 | INFO |   💾 [118/356] saved
2026-05-30 11:54:27,968 | INFO | 
  [252/356]
2026-05-30 11:54:27,968 | INFO |   ⏳ 19.7s (req #121)
2026-05-30 11:54:48,825 | INFO |   GET https://www.gsmarena.com/honor_play_5t_youth-10863.php → 200
2026-05-30 11:54:48,849 | INFO |       📱 Honor Play 5T Youth | Main=13.0MP | Selfie=8.0MP | AnTuTu=None | Price=$None | IP=None | Populated=43/68 fields
2026-05-30 11:54:48,855 | INFO |   💾 [119/356] saved
2026-05-30 11:54:48,855 | INFO | 
  [253/356]
2026-05-30 11:54:48,855 | INFO |   ⏳ 42.6s (req #122)
2026-05-30 11:55:32,440 | INFO |   GET https://www.gsmarena.com/honor_tab_7-10813.php → 200
2026-05-30 11:55:32,465 | INFO |       📱 Honor Tab 7 | Main=5.0MP | Selfie=2.0MP | AnTuTu=None | Price=$None | IP=None | Populated=39/68 fields
2026-05-30 11:55:32,471 | INFO |   💾 [120/356] saved
2026-05-30 11:55:32,471 | INFO | 
  [254/356]
2026-05-30 11:55:32,471 | INFO |   ⏳ 18.9s (req #123)
2026-05-30 11:55:52,320 | INFO |   GET https://www.gsmarena.com/honor_v40_lite-10804.php → 200
2026-05-30 11:55:52,346 | INFO |       📱 Honor V40 Lite | Main=64.0MP | Selfie=32.0MP | AnTuTu=None | Price=$None | IP=None | Populated=48/68 fields
2026-05-30 11:55:52,352 | INFO |   💾 [121/356] saved
2026-05-30 11:55:52,352 | INFO | 
  [255/356]
2026-05-30 11:55:52,353 | INFO |   ⏳ 24.0s (req #124)
2026-05-30 11:56:17,343 | INFO |   GET https://www.gsmarena.com/honor_view40-10701.php → 200
2026-05-30 11:56:17,371 | INFO |       📱 Honor View40 | Main=50.0MP | Selfie=16.0MP | AnTuTu=None | Price=$None | IP=None | Populated=47/68 fields
2026-05-30 11:56:17,376 | INFO |   💾 [122/356] saved
2026-05-30 11:56:17,376 | INFO | 
  [256/356]
2026-05-30 11:56:17,377 | INFO |   ⏳ 40.8s (req #125)
2026-05-30 11:56:59,595 | INFO |   GET https://www.gsmarena.com/honor_v40_5g-10687.php → 200
2026-05-30 11:56:59,629 | INFO |       📱 Honor V40 5G | Main=50.0MP | Selfie=16.0MP | AnTuTu=None | Price=$None | IP=None | Populated=49/68 fields
2026-05-30 11:56:59,634 | INFO |   💾 [123/356] saved
2026-05-30 11:56:59,634 | INFO | 
  [257/356]
2026-05-30 11:56:59,634 | INFO |   ⏳ 37.7s (req #126)
2026-05-30 11:57:38,478 | INFO |   GET https://www.gsmarena.com/honor_10x_lite-10565.php → 200
2026-05-30 11:57:38,508 | INFO |       📱 Honor 10X Lite | Main=48.0MP | Selfie=8.0MP | AnTuTu=172910 | Price=$None | IP=None | Populated=50/68 fields
2026-05-30 11:57:38,512 | INFO |   💾 [124/356] saved
2026-05-30 11:57:38,512 | INFO | 
  [258/356]
2026-05-30 11:57:38,513 | INFO |   ⏳ 27.3s (req #127)
2026-05-30 11:58:06,811 | INFO |   GET https://www.gsmarena.com/honor_30i-10438.php → 200
2026-05-30 11:58:06,835 | INFO |       📱 Honor 30i | Main=48.0MP | Selfie=16.0MP | AnTuTu=None | Price=$None | IP=None | Populated=46/68 fields
2026-05-30 11:58:06,839 | INFO |   💾 [125/356] saved
2026-05-30 11:58:06,839 | INFO | 
  [259/356]
2026-05-30 11:58:06,839 | INFO |   ⏳ 26.6s (req #128)
2026-05-30 11:58:34,526 | INFO |   GET https://www.gsmarena.com/honor_watch_gs_pro-10422.php → 200
2026-05-30 11:58:34,549 | INFO |       📱 Honor Watch GS Pro | Main=NoneMP | Selfie=NoneMP | AnTuTu=None | Price=$None | IP=None | Populated=24/68 fields
2026-05-30 11:58:34,554 | INFO |   💾 [126/356] saved
2026-05-30 11:58:34,554 | INFO | 
  [260/356]
2026-05-30 11:58:34,554 | INFO |   ⏳ 29.7s (req #129)
2026-05-30 11:59:05,304 | INFO |   GET https://www.gsmarena.com/honor_watch_es-10423.php → 200
2026-05-30 11:59:05,328 | INFO |       📱 Honor Watch ES | Main=NoneMP | Selfie=NoneMP | AnTuTu=None | Price=$None | IP=None | Populated=24/68 fields
2026-05-30 11:59:05,333 | INFO |   💾 [127/356] saved
2026-05-30 11:59:05,333 | INFO | 
  [261/356]
2026-05-30 11:59:05,333 | INFO |   ⏳ 22.3s (req #130)
2026-05-30 11:59:28,616 | INFO |   GET https://www.gsmarena.com/honor_pad_6-10424.php → 200
2026-05-30 11:59:28,641 | INFO |       📱 Honor Pad 6 | Main=5.0MP | Selfie=2.0MP | AnTuTu=None | Price=$None | IP=None | Populated=42/68 fields
2026-05-30 11:59:28,646 | INFO |   💾 [128/356] saved
2026-05-30 11:59:28,646 | INFO | 
  [262/356]
2026-05-30 11:59:28,646 | INFO |   ⏳ 40.1s (req #131)
2026-05-30 12:00:09,847 | INFO |   GET https://www.gsmarena.com/honor_pad_x6-10425.php → 200
2026-05-30 12:00:09,888 | INFO |       📱 Honor Pad X6 | Main=5.0MP | Selfie=2.0MP | AnTuTu=None | Price=$None | IP=None | Populated=42/68 fields
2026-05-30 12:00:09,893 | INFO |   💾 [129/356] saved
2026-05-30 12:00:09,894 | INFO | 
  [263/356]
2026-05-30 12:00:09,894 | INFO |   ⏳ 31.8s (req #132)
2026-05-30 12:00:42,968 | INFO |   GET https://www.gsmarena.com/honor_x10_max_5g-10306.php → 200
2026-05-30 12:00:42,994 | INFO |       📱 Honor X10 Max 5G | Main=48.0MP | Selfie=8.0MP | AnTuTu=None | Price=$None | IP=None | Populated=47/68 fields
2026-05-30 12:00:42,999 | INFO |   💾 [130/356] saved
2026-05-30 12:00:42,999 | INFO | 
  [264/356]
2026-05-30 12:00:43,000 | INFO |   ⏳ 44.7s (req #133)
2026-05-30 12:01:28,666 | INFO |   GET https://www.gsmarena.com/honor_30_youth-10304.php → 200
2026-05-30 12:01:28,698 | INFO |       📱 Honor 30 Youth | Main=48.0MP | Selfie=16.0MP | AnTuTu=None | Price=$None | IP=None | Populated=47/68 fields
2026-05-30 12:01:28,704 | INFO |   💾 [131/356] saved
2026-05-30 12:01:28,704 | INFO | 
  [265/356]
2026-05-30 12:01:28,704 | INFO |   ⏳ 42.1s (req #134)
2026-05-30 12:02:11,931 | INFO |   GET https://www.gsmarena.com/honor_8s_2020-10218.php → 200
2026-05-30 12:02:11,958 | INFO |       📱 Honor 8S 2020 | Main=13.0MP | Selfie=5.0MP | AnTuTu=None | Price=$None | IP=None | Populated=42/68 fields
2026-05-30 12:02:11,963 | INFO |   💾 [132/356] saved
2026-05-30 12:02:11,963 | INFO | 
  [266/356]
2026-05-30 12:02:11,964 | INFO |   ⏳ 22.2s (req #135)
2026-05-30 12:02:35,219 | INFO |   GET https://www.gsmarena.com/honor_play4-10283.php → 200
2026-05-30 12:02:35,248 | INFO |       📱 Honor Play4 | Main=64.0MP | Selfie=16.0MP | AnTuTu=None | Price=$None | IP=None | Populated=46/68 fields
2026-05-30 12:02:35,254 | INFO |   💾 [133/356] saved
2026-05-30 12:02:35,254 | INFO | 
  [267/356]
2026-05-30 12:02:35,254 | INFO |   ⏳ 21.7s (req #136)
2026-05-30 12:02:57,988 | INFO |   GET https://www.gsmarena.com/honor_play4_pro-10258.php → 200
2026-05-30 12:02:58,012 | INFO |       📱 Honor Play4 Pro | Main=40.0MP | Selfie=32.0MP | AnTuTu=None | Price=$None | IP=None | Populated=48/68 fields
2026-05-30 12:02:58,017 | INFO |   💾 [134/356] saved
2026-05-30 12:02:58,017 | INFO | 
  [268/356]
2026-05-30 12:02:58,018 | INFO |   ⏳ 29.4s (req #137)
2026-05-30 12:03:28,447 | INFO |   GET https://www.gsmarena.com/honor_x10_5g-10228.php → 200
2026-05-30 12:03:28,483 | INFO |       📱 Honor X10 5G | Main=40.0MP | Selfie=16.0MP | AnTuTu=None | Price=$None | IP=None | Populated=49/68 fields
2026-05-30 12:03:28,487 | INFO |   💾 [135/356] saved
2026-05-30 12:03:28,487 | INFO | 
  [269/356]
2026-05-30 12:03:28,488 | INFO |   ⏳ 25.5s (req #138)
2026-05-30 12:03:54,931 | INFO |   GET https://www.gsmarena.com/honor_v6-10253.php → 200
2026-05-30 12:03:54,958 | INFO |       📱 Honor V6 | Main=13.0MP | Selfie=8.0MP | AnTuTu=None | Price=$None | IP=None | Populated=42/68 fields
2026-05-30 12:03:54,962 | INFO |   💾 [136/356] saved
2026-05-30 12:03:54,962 | INFO | 
  [270/356]
2026-05-30 12:03:54,962 | INFO |   ⏳ 21.4s (req #139)
2026-05-30 12:04:17,340 | INFO |   GET https://www.gsmarena.com/honor_9a-10215.php → 200
2026-05-30 12:04:17,366 | INFO |       📱 Honor 9A | Main=13.0MP | Selfie=8.0MP | AnTuTu=None | Price=$None | IP=None | Populated=48/68 fields
2026-05-30 12:04:17,372 | INFO |   💾 [137/356] saved
2026-05-30 12:04:17,372 | INFO | 
  [271/356]
2026-05-30 12:04:17,372 | INFO |   ⏳ 38.0s (req #140)
2026-05-30 12:04:56,394 | INFO |   GET https://www.gsmarena.com/honor_9c-10214.php → 200
2026-05-30 12:04:56,418 | INFO |       📱 Honor 9C | Main=48.0MP | Selfie=8.0MP | AnTuTu=None | Price=$None | IP=None | Populated=44/68 fields
2026-05-30 12:04:56,423 | INFO |   💾 [138/356] saved
2026-05-30 12:04:56,423 | INFO | 
  [272/356]
2026-05-30 12:04:56,423 | INFO |   ⏳ 40.4s (req #141)
2026-05-30 12:05:37,909 | INFO |   GET https://www.gsmarena.com/honor_9s-10213.php → 200
2026-05-30 12:05:37,941 | INFO |       📱 Honor 9S | Main=8.0MP | Selfie=5.0MP | AnTuTu=None | Price=$None | IP=None | Populated=43/68 fields
2026-05-30 12:05:37,947 | INFO |   💾 [139/356] saved
2026-05-30 12:05:37,947 | INFO | 
  [273/356]
2026-05-30 12:05:37,947 | INFO |   ⏳ 23.6s (req #142)
2026-05-30 12:06:02,496 | INFO |   GET https://www.gsmarena.com/honor_9x_lite-10085.php → 200
2026-05-30 12:06:02,521 | INFO |       📱 Honor 9X Lite | Main=48.0MP | Selfie=8.0MP | AnTuTu=None | Price=$None | IP=None | Populated=45/68 fields
2026-05-30 12:06:02,526 | INFO |   💾 [140/356] saved
2026-05-30 12:06:02,527 | INFO | 
  [274/356]
2026-05-30 12:06:02,527 | INFO |   ⏳ 30.3s (req #143)
2026-05-30 12:06:34,046 | INFO |   GET https://www.gsmarena.com/honor_30_pro+-10187.php → 200
2026-05-30 12:06:34,084 | INFO |       📱 Honor 30 Pro+ | Main=50.0MP | Selfie=32.0MP | AnTuTu=510031 | Price=$None | IP=None | Populated=55/68 fields
2026-05-30 12:06:34,089 | INFO |   💾 [141/356] saved
2026-05-30 12:06:34,090 | INFO | 
  [275/356]
2026-05-30 12:06:34,090 | INFO |   ⏳ 24.2s (req #144)
2026-05-30 12:06:59,396 | INFO |   GET https://www.gsmarena.com/honor_30_pro-10181.php → 200
2026-05-30 12:06:59,421 | INFO |       📱 Honor 30 Pro | Main=40.0MP | Selfie=32.0MP | AnTuTu=None | Price=$None | IP=IP54 | Populated=50/68 fields
2026-05-30 12:06:59,426 | INFO |   💾 [142/356] saved
2026-05-30 12:06:59,427 | INFO | 
  [276/356]
2026-05-30 12:06:59,427 | INFO |   ⏳ 35.6s (req #145)
2026-05-30 12:07:36,050 | INFO |   GET https://www.gsmarena.com/honor_30-10188.php → 200
2026-05-30 12:07:36,076 | INFO |       📱 Honor 30 | Main=40.0MP | Selfie=32.0MP | AnTuTu=None | Price=$None | IP=None | Populated=49/68 fields
2026-05-30 12:07:36,080 | INFO |   💾 [143/356] saved
2026-05-30 12:07:36,080 | INFO | 
  [277/356]
2026-05-30 12:07:36,080 | INFO |   ⏳ 34.6s (req #146)
2026-05-30 12:08:11,735 | INFO |   GET https://www.gsmarena.com/honor_20e-10191.php → 200
2026-05-30 12:08:11,755 | INFO |       📱 Honor 20e | Main=24.0MP | Selfie=8.0MP | AnTuTu=None | Price=$None | IP=None | Populated=46/68 fields
2026-05-30 12:08:11,759 | INFO |   💾 [144/356] saved
2026-05-30 12:08:11,760 | INFO | 
  [278/356]
2026-05-30 12:08:11,760 | INFO |   ⏳ 30.4s (req #147)
2026-05-30 12:08:42,932 | INFO |   GET https://www.gsmarena.com/honor_play_4t_pro-10168.php → 200
2026-05-30 12:08:42,949 | INFO |       📱 Honor Play 4T Pro | Main=48.0MP | Selfie=16.0MP | AnTuTu=None | Price=$None | IP=None | Populated=46/68 fields
2026-05-30 12:08:42,954 | INFO |   💾 [145/356] saved
2026-05-30 12:08:42,954 | INFO | 
  [279/356]
2026-05-30 12:08:42,954 | INFO |   ⏳ 23.5s (req #148)
2026-05-30 12:09:07,263 | INFO |   GET https://www.gsmarena.com/honor_play_4t-10167.php → 200
2026-05-30 12:09:07,286 | INFO |       📱 Honor Play 4T | Main=48.0MP | Selfie=8.0MP | AnTuTu=None | Price=$None | IP=None | Populated=44/68 fields
2026-05-30 12:09:07,289 | INFO |   💾 [146/356] saved
2026-05-30 12:09:07,289 | INFO | 
  [280/356]
2026-05-30 12:09:07,290 | INFO |   ⏳ 31.9s (req #149)
2026-05-30 12:09:40,097 | INFO |   GET https://www.gsmarena.com/honor_8a_2020-10182.php → 200
2026-05-30 12:09:40,113 | INFO |       📱 Honor 8A 2020 | Main=13.0MP | Selfie=8.0MP | AnTuTu=None | Price=$None | IP=None | Populated=44/68 fields
2026-05-30 12:09:40,118 | INFO |   💾 [147/356] saved
2026-05-30 12:09:40,118 | INFO | 
  [281/356]
2026-05-30 12:09:40,118 | INFO |   ☕ Long pause 150s ...
2026-05-30 12:12:11,479 | INFO |   GET https://www.gsmarena.com/honor_8a_prime-10163.php → 200
2026-05-30 12:12:11,503 | INFO |       📱 Honor 8A Prime | Main=13.0MP | Selfie=8.0MP | AnTuTu=None | Price=$None | IP=None | Populated=45/68 fields
2026-05-30 12:12:11,508 | INFO |   💾 [148/356] saved
2026-05-30 12:12:11,508 | INFO | 
  [282/356]
2026-05-30 12:12:11,509 | INFO |   ⏳ 24.4s (req #151)
2026-05-30 12:12:37,157 | INFO |   GET https://www.gsmarena.com/honor_30s-10162.php → 200
2026-05-30 12:12:37,180 | INFO |       📱 Honor 30S | Main=64.0MP | Selfie=16.0MP | AnTuTu=None | Price=$None | IP=None | Populated=49/68 fields
2026-05-30 12:12:37,185 | INFO |   💾 [149/356] saved
2026-05-30 12:12:37,185 | INFO | 
  [283/356]
2026-05-30 12:12:37,185 | INFO |   ⏳ 21.4s (req #152)
2026-05-30 12:12:59,514 | INFO |   GET https://www.gsmarena.com/honor_play_9a-10155.php → 200
2026-05-30 12:12:59,538 | INFO |       📱 Honor Play 9A | Main=13.0MP | Selfie=8.0MP | AnTuTu=None | Price=$None | IP=None | Populated=46/68 fields
2026-05-30 12:12:59,543 | INFO |   💾 [150/356] saved
2026-05-30 12:12:59,544 | INFO | 
  [284/356]
2026-05-30 12:12:59,544 | INFO |   ⏳ 27.8s (req #153)
2026-05-30 12:13:28,273 | INFO |   GET https://www.gsmarena.com/honor_view30_pro-10099.php → 200
2026-05-30 12:13:28,301 | INFO |       📱 Honor View30 Pro | Main=40.0MP | Selfie=32.0MP | AnTuTu=None | Price=$None | IP=None | Populated=50/68 fields
2026-05-30 12:13:28,306 | INFO |   💾 [151/356] saved
2026-05-30 12:13:28,306 | INFO | 
  [285/356]
2026-05-30 12:13:28,307 | INFO |   ⏳ 19.8s (req #154)
2026-05-30 12:13:49,052 | INFO |   GET https://www.gsmarena.com/honor_view30-10101.php → 200
2026-05-30 12:13:49,081 | INFO |       📱 Honor View30 | Main=40.0MP | Selfie=32.0MP | AnTuTu=None | Price=$None | IP=None | Populated=48/68 fields
2026-05-30 12:13:49,086 | INFO |   💾 [152/356] saved
2026-05-30 12:13:49,086 | INFO | 
  [286/356]
2026-05-30 12:13:49,086 | INFO |   ⏳ 30.7s (req #155)
2026-05-30 12:14:21,067 | INFO |   GET https://www.gsmarena.com/honor_v30_pro-9976.php → 200
2026-05-30 12:14:21,094 | INFO |       📱 Honor V30 Pro | Main=40.0MP | Selfie=32.0MP | AnTuTu=381241 | Price=$None | IP=None | Populated=55/68 fields
2026-05-30 12:14:21,100 | INFO |   💾 [153/356] saved
2026-05-30 12:14:21,100 | INFO | 
  [287/356]
2026-05-30 12:14:21,101 | INFO |   ⏳ 29.9s (req #156)
2026-05-30 12:14:52,124 | INFO |   GET https://www.gsmarena.com/honor_v30-9977.php → 200
2026-05-30 12:14:52,150 | INFO |       📱 Honor V30 | Main=40.0MP | Selfie=32.0MP | AnTuTu=None | Price=$None | IP=None | Populated=50/68 fields
2026-05-30 12:14:52,155 | INFO |   💾 [154/356] saved
2026-05-30 12:14:52,156 | INFO | 
  [288/356]
2026-05-30 12:14:52,156 | INFO |   ⏳ 44.7s (req #157)
2026-05-30 12:15:37,962 | INFO |   GET https://www.gsmarena.com/honor_magicwatch_2-9974.php → 200
2026-05-30 12:15:37,986 | INFO |       📱 Honor MagicWatch 2 | Main=NoneMP | Selfie=NoneMP | AnTuTu=None | Price=$None | IP=None | Populated=24/68 fields
2026-05-30 12:15:37,990 | INFO |   💾 [155/356] saved
2026-05-30 12:15:37,991 | INFO | 
  [289/356]
2026-05-30 12:15:37,991 | INFO |   ⏳ 37.3s (req #158)
2026-05-30 12:16:16,564 | INFO |   GET https://www.gsmarena.com/honor_9x-9931.php → 200
2026-05-30 12:16:16,592 | INFO |       📱 Honor 9X | Main=48.0MP | Selfie=16.0MP | AnTuTu=140362 | Price=$None | IP=None | Populated=48/68 fields
2026-05-30 12:16:16,597 | INFO |   💾 [156/356] saved
2026-05-30 12:16:16,597 | INFO | 
  [290/356]
2026-05-30 12:16:16,597 | INFO |   ⏳ 37.9s (req #159)
2026-05-30 12:16:55,476 | INFO |   GET https://www.gsmarena.com/honor_20_lite_(china)-9914.php → 200
2026-05-30 12:16:55,500 | INFO |       📱 Honor 20 lite (China) | Main=48.0MP | Selfie=16.0MP | AnTuTu=None | Price=$None | IP=None | Populated=45/68 fields
2026-05-30 12:16:55,505 | INFO |   💾 [157/356] saved
2026-05-30 12:16:55,505 | INFO | 
  [291/356]
2026-05-30 12:16:55,506 | INFO |   ⏳ 35.2s (req #160)
2026-05-30 12:17:31,800 | INFO |   GET https://www.gsmarena.com/honor_play_3e-9878.php → 200
2026-05-30 12:17:31,842 | INFO |       📱 Honor Play 3e | Main=13.0MP | Selfie=5.0MP | AnTuTu=None | Price=$None | IP=None | Populated=42/68 fields
2026-05-30 12:17:31,848 | INFO |   💾 [158/356] saved
2026-05-30 12:17:31,849 | INFO | 
  [292/356]
2026-05-30 12:17:31,849 | INFO |   ⏳ 22.7s (req #161)
2026-05-30 12:17:55,545 | INFO |   GET https://www.gsmarena.com/honor_play_3-9829.php → 200
2026-05-30 12:17:55,568 | INFO |       📱 Honor Play 3 | Main=48.0MP | Selfie=8.0MP | AnTuTu=None | Price=$None | IP=None | Populated=46/68 fields
2026-05-30 12:17:55,573 | INFO |   💾 [159/356] saved
2026-05-30 12:17:55,573 | INFO | 
  [293/356]
2026-05-30 12:17:55,574 | INFO |   ⏳ 40.0s (req #162)
2026-05-30 12:18:36,533 | INFO |   GET https://www.gsmarena.com/honor_20s-9832.php → 200
2026-05-30 12:18:36,559 | INFO |       📱 Honor 20S | Main=48.0MP | Selfie=32.0MP | AnTuTu=None | Price=$None | IP=None | Populated=44/68 fields
2026-05-30 12:18:36,564 | INFO |   💾 [160/356] saved
2026-05-30 12:18:36,564 | INFO | 
  [294/356]
2026-05-30 12:18:36,565 | INFO |   ⏳ 42.0s (req #163)
2026-05-30 12:19:19,787 | INFO |   GET https://www.gsmarena.com/honor_9x_pro-9772.php → 200
2026-05-30 12:19:19,815 | INFO |       📱 Honor 9X Pro | Main=48.0MP | Selfie=16.0MP | AnTuTu=312668 | Price=$None | IP=None | Populated=49/68 fields
2026-05-30 12:19:19,822 | INFO |   💾 [161/356] saved
2026-05-30 12:19:19,822 | INFO | 
  [295/356]
2026-05-30 12:19:19,822 | INFO |   ⏳ 16.2s (req #164)
2026-05-30 12:19:37,192 | INFO |   GET https://www.gsmarena.com/honor_9x_(china)-9771.php → 200
2026-05-30 12:19:37,216 | INFO |       📱 Honor 9X (China) | Main=48.0MP | Selfie=16.0MP | AnTuTu=None | Price=$None | IP=None | Populated=44/68 fields
2026-05-30 12:19:37,221 | INFO |   💾 [162/356] saved
2026-05-30 12:19:37,222 | INFO | 
  [296/356]
2026-05-30 12:19:37,222 | INFO |   ⏳ 23.3s (req #165)
2026-05-30 12:20:01,453 | INFO |   GET https://www.gsmarena.com/honor_8s-9664.php → 200
2026-05-30 12:20:01,478 | INFO |       📱 Honor 8S | Main=13.0MP | Selfie=5.0MP | AnTuTu=None | Price=$None | IP=None | Populated=43/68 fields
2026-05-30 12:20:01,482 | INFO |   💾 [163/356] saved
2026-05-30 12:20:01,483 | INFO | 
  [297/356]
2026-05-30 12:20:01,483 | INFO |   ⏳ 29.1s (req #166)
2026-05-30 12:20:31,548 | INFO |   GET https://www.gsmarena.com/honor_pad_5_10_1-9740.php → 200
2026-05-30 12:20:31,578 | INFO |       📱 Honor Pad 5 10.1 | Main=5.0MP | Selfie=2.0MP | AnTuTu=None | Price=$None | IP=None | Populated=40/68 fields
2026-05-30 12:20:31,583 | INFO |   💾 [164/356] saved
2026-05-30 12:20:31,583 | INFO | 
  [298/356]
2026-05-30 12:20:31,584 | INFO |   ⏳ 32.0s (req #167)
2026-05-30 12:21:04,531 | INFO |   GET https://www.gsmarena.com/honor_pad_5_8-9741.php → 200
2026-05-30 12:21:04,554 | INFO |       📱 Honor Pad 5 8 | Main=8.0MP | Selfie=8.0MP | AnTuTu=None | Price=$None | IP=None | Populated=37/68 fields
2026-05-30 12:21:04,560 | INFO |   💾 [165/356] saved
2026-05-30 12:21:04,560 | INFO | 
  [299/356]
2026-05-30 12:21:04,560 | INFO |   ⏳ 31.5s (req #168)
2026-05-30 12:21:37,318 | INFO |   GET https://www.gsmarena.com/honor_20_pro-9710.php → 200
2026-05-30 12:21:37,348 | INFO |       📱 Honor 20 Pro | Main=48.0MP | Selfie=32.0MP | AnTuTu=None | Price=$None | IP=None | Populated=49/68 fields
2026-05-30 12:21:37,353 | INFO |   💾 [166/356] saved
2026-05-30 12:21:37,353 | INFO | 
  [300/356]
2026-05-30 12:21:37,354 | INFO |   ⏳ 42.0s (req #169)
2026-05-30 12:22:20,587 | INFO |   GET https://www.gsmarena.com/honor_20-9615.php → 200
2026-05-30 12:22:20,614 | INFO |       📱 Honor 20 | Main=48.0MP | Selfie=32.0MP | AnTuTu=None | Price=$None | IP=None | Populated=47/68 fields
2026-05-30 12:22:20,618 | INFO |   💾 [167/356] saved
2026-05-30 12:22:20,618 | INFO | 
  [301/356]
2026-05-30 12:22:20,619 | INFO |   ⏳ 34.8s (req #170)
2026-05-30 12:22:56,455 | INFO |   GET https://www.gsmarena.com/honor_20_lite-9641.php → 200
2026-05-30 12:22:56,482 | INFO |       📱 Honor 20 lite | Main=24.0MP | Selfie=32.0MP | AnTuTu=None | Price=$None | IP=None | Populated=47/68 fields
2026-05-30 12:22:56,488 | INFO |   💾 [168/356] saved
2026-05-30 12:22:56,489 | INFO | 
  [302/356]
2026-05-30 12:22:56,489 | INFO |   ⏳ 35.3s (req #171)
2026-05-30 12:23:32,839 | INFO |   GET https://www.gsmarena.com/honor_20i-9663.php → 200
2026-05-30 12:23:32,871 | INFO |       📱 Honor 20i | Main=24.0MP | Selfie=32.0MP | AnTuTu=None | Price=$None | IP=None | Populated=44/68 fields
2026-05-30 12:23:32,876 | INFO |   💾 [169/356] saved
2026-05-30 12:23:32,876 | INFO | 
  [303/356]
2026-05-30 12:23:32,876 | INFO |   ⏳ 43.9s (req #172)
2026-05-30 12:24:17,812 | INFO |   GET https://www.gsmarena.com/honor_8a_pro-9662.php → 200
2026-05-30 12:24:17,837 | INFO |       📱 Honor 8A Pro | Main=13.0MP | Selfie=8.0MP | AnTuTu=None | Price=$None | IP=None | Populated=44/68 fields
2026-05-30 12:24:17,841 | INFO |   💾 [170/356] saved
2026-05-30 12:24:17,842 | INFO | 
  [304/356]
2026-05-30 12:24:17,842 | INFO |   ⏳ 17.1s (req #173)
2026-05-30 12:24:35,908 | INFO |   GET https://www.gsmarena.com/honor_tab_5-9619.php → 200
2026-05-30 12:24:35,935 | INFO |       📱 Honor Tab 5 | Main=8.0MP | Selfie=8.0MP | AnTuTu=None | Price=$None | IP=None | Populated=42/68 fields
2026-05-30 12:24:35,941 | INFO |   💾 [171/356] saved
2026-05-30 12:24:35,944 | INFO | 
  [305/356]
2026-05-30 12:24:35,945 | INFO |   ⏳ 29.2s (req #174)
2026-05-30 12:25:06,388 | INFO |   GET https://www.gsmarena.com/honor_view_20-9468.php → 200
2026-05-30 12:25:06,417 | INFO |       📱 Honor View 20 | Main=48.0MP | Selfie=25.0MP | AnTuTu=275413 | Price=$None | IP=None | Populated=51/68 fields
2026-05-30 12:25:06,422 | INFO |   💾 [172/356] saved
2026-05-30 12:25:06,423 | INFO | 
  [306/356]
2026-05-30 12:25:06,423 | INFO |   ⏳ 26.9s (req #175)
2026-05-30 12:25:34,264 | INFO |   GET https://www.gsmarena.com/honor_magic_2_3d-9628.php → 200
2026-05-30 12:25:34,288 | INFO |       📱 Honor Magic 2 3D | Main=16.0MP | Selfie=16.0MP | AnTuTu=None | Price=$None | IP=None | Populated=44/68 fields
2026-05-30 12:25:34,293 | INFO |   💾 [173/356] saved
2026-05-30 12:25:34,294 | INFO | 
  [307/356]
2026-05-30 12:25:34,294 | INFO |   ⏳ 40.4s (req #176)
2026-05-30 12:26:16,006 | INFO |   GET https://www.gsmarena.com/honor_magic_2-9381.php → 200
2026-05-30 12:26:16,036 | INFO |       📱 Honor Magic 2 | Main=16.0MP | Selfie=16.0MP | AnTuTu=274466 | Price=$None | IP=None | Populated=48/68 fields
2026-05-30 12:26:16,041 | INFO |   💾 [174/356] saved
2026-05-30 12:26:16,041 | INFO | 
  [308/356]
2026-05-30 12:26:16,041 | INFO |   ⏳ 18.2s (req #177)
2026-05-30 12:26:35,187 | INFO |   GET https://www.gsmarena.com/honor_play_8a-9509.php → 200
2026-05-30 12:26:35,261 | INFO |       📱 Honor Play 8A | Main=13.0MP | Selfie=8.0MP | AnTuTu=None | Price=$None | IP=None | Populated=45/68 fields
2026-05-30 12:26:35,266 | INFO |   💾 [175/356] saved
2026-05-30 12:26:35,266 | INFO | 
  [309/356]
2026-05-30 12:26:35,267 | INFO |   ⏳ 43.2s (req #178)
2026-05-30 12:27:19,999 | INFO |   GET https://www.gsmarena.com/honor_10_lite-9403.php → 200
2026-05-30 12:27:20,026 | INFO |       📱 Honor 10 Lite | Main=13.0MP | Selfie=24.0MP | AnTuTu=None | Price=$None | IP=None | Populated=47/68 fields
2026-05-30 12:27:20,031 | INFO |   💾 [176/356] saved
2026-05-30 12:27:20,031 | INFO | 
  [310/356]
2026-05-30 12:27:20,031 | INFO |   ⏳ 23.8s (req #179)
2026-05-30 12:27:44,932 | INFO |   GET https://www.gsmarena.com/honor_8c-9366.php → 200
2026-05-30 12:27:44,956 | INFO |       📱 Honor 8C | Main=13.0MP | Selfie=8.0MP | AnTuTu=None | Price=$None | IP=None | Populated=44/68 fields
2026-05-30 12:27:44,961 | INFO |   💾 [177/356] saved
2026-05-30 12:27:44,962 | INFO | 
  [311/356]
2026-05-30 12:27:44,962 | INFO |   ☕ Long pause 177s ...
2026-05-30 12:30:43,071 | INFO |   GET https://www.gsmarena.com/honor_8x-9313.php → 200
2026-05-30 12:30:43,099 | INFO |       📱 Honor 8X | Main=20.0MP | Selfie=16.0MP | AnTuTu=137276 | Price=$None | IP=None | Populated=51/68 fields
2026-05-30 12:30:43,104 | INFO |   💾 [178/356] saved
2026-05-30 12:30:43,105 | INFO | 
  [312/356]
2026-05-30 12:30:43,105 | INFO |   ⏳ 15.3s (req #181)
2026-05-30 12:31:00,982 | INFO |   GET https://www.gsmarena.com/honor_8x_max-9306.php → 200
2026-05-30 12:31:01,009 | INFO |       📱 Honor 8X Max | Main=16.0MP | Selfie=8.0MP | AnTuTu=None | Price=$None | IP=None | Populated=45/68 fields
2026-05-30 12:31:01,014 | INFO |   💾 [179/356] saved
2026-05-30 12:31:01,014 | INFO | 
  [313/356]
2026-05-30 12:31:01,014 | INFO |   ⏳ 29.2s (req #182)
2026-05-30 12:31:31,247 | INFO |   GET https://www.gsmarena.com/honor_note_10-8799.php → 200
2026-05-30 12:31:31,271 | INFO |       📱 Honor Note 10 | Main=16.0MP | Selfie=13.0MP | AnTuTu=None | Price=$None | IP=None | Populated=46/68 fields
2026-05-30 12:31:31,274 | INFO |   💾 [180/356] saved
2026-05-30 12:31:31,275 | INFO | 
  [314/356]
2026-05-30 12:31:31,275 | INFO |   ⏳ 36.8s (req #183)
2026-05-30 12:32:09,389 | INFO |   GET https://www.gsmarena.com/honor_9n_(9i)-9229.php → 200
2026-05-30 12:32:09,423 | INFO |       📱 Honor 9N (9i) | Main=13.0MP | Selfie=16.0MP | AnTuTu=None | Price=$None | IP=None | Populated=42/68 fields
2026-05-30 12:32:09,428 | INFO |   💾 [181/356] saved
2026-05-30 12:32:09,429 | INFO | 
  [315/356]
2026-05-30 12:32:09,429 | INFO |   ⏳ 36.8s (req #184)
2026-05-30 12:32:47,463 | INFO |   GET https://www.gsmarena.com/honor_play-9230.php → 200
2026-05-30 12:32:47,493 | INFO |       📱 Honor Play | Main=16.0MP | Selfie=16.0MP | AnTuTu=204876 | Price=$None | IP=None | Populated=49/68 fields
2026-05-30 12:32:47,498 | INFO |   💾 [182/356] saved
2026-05-30 12:32:47,498 | INFO | 
  [316/356]
2026-05-30 12:32:47,499 | INFO |   ⏳ 34.7s (req #185)
2026-05-30 12:33:23,428 | INFO |   GET https://www.gsmarena.com/honor_7s-9211.php → 200
2026-05-30 12:33:23,452 | INFO |       📱 Honor 7S | Main=13.0MP | Selfie=5.0MP | AnTuTu=None | Price=$None | IP=None | Populated=42/68 fields
2026-05-30 12:33:23,456 | INFO |   💾 [183/356] saved
2026-05-30 12:33:23,457 | INFO | 
  [317/356]
2026-05-30 12:33:23,457 | INFO |   ⏳ 35.3s (req #186)
2026-05-30 12:33:59,970 | INFO |   GET https://www.gsmarena.com/honor_10-9157.php → 200
2026-05-30 12:33:59,997 | INFO |       📱 Honor 10 | Main=16.0MP | Selfie=24.0MP | AnTuTu=200440 | Price=$None | IP=None | Populated=49/68 fields
2026-05-30 12:34:00,003 | INFO |   💾 [184/356] saved
2026-05-30 12:34:00,003 | INFO | 
  [318/356]
2026-05-30 12:34:00,003 | INFO |   ⏳ 33.4s (req #187)
2026-05-30 12:34:34,436 | INFO |   GET https://www.gsmarena.com/honor_7a-9075.php → 200
2026-05-30 12:34:34,462 | INFO |       📱 Honor 7A | Main=13.0MP | Selfie=8.0MP | AnTuTu=None | Price=$None | IP=None | Populated=44/68 fields
2026-05-30 12:34:34,467 | INFO |   💾 [185/356] saved
2026-05-30 12:34:34,467 | INFO | 
  [319/356]
2026-05-30 12:34:34,467 | INFO |   ⏳ 41.6s (req #188)
2026-05-30 12:35:17,216 | INFO |   GET https://www.gsmarena.com/honor_7c-9111.php → 200
2026-05-30 12:35:17,250 | INFO |       📱 Honor 7C | Main=13.0MP | Selfie=8.0MP | AnTuTu=None | Price=$None | IP=None | Populated=44/68 fields
2026-05-30 12:35:17,254 | INFO |   💾 [186/356] saved
2026-05-30 12:35:17,254 | INFO | 
  [320/356]
2026-05-30 12:35:17,255 | INFO |   ⏳ 24.0s (req #189)
2026-05-30 12:35:42,479 | INFO |   GET https://www.gsmarena.com/honor_9_lite-8962.php → 200
2026-05-30 12:35:42,506 | INFO |       📱 Honor 9 Lite | Main=13.0MP | Selfie=13.0MP | AnTuTu=None | Price=$None | IP=None | Populated=44/68 fields
2026-05-30 12:35:42,511 | INFO |   💾 [187/356] saved
2026-05-30 12:35:42,511 | INFO | 
  [321/356]
2026-05-30 12:35:42,511 | INFO |   ⏳ 23.1s (req #190)
2026-05-30 12:36:06,729 | INFO |   GET https://www.gsmarena.com/honor_view_10-8938.php → 200
2026-05-30 12:36:06,757 | INFO |       📱 Honor View 10 | Main=16.0MP | Selfie=13.0MP | AnTuTu=212708 | Price=$None | IP=None | Populated=49/68 fields
2026-05-30 12:36:06,762 | INFO |   💾 [188/356] saved
2026-05-30 12:36:06,763 | INFO | 
  [322/356]
2026-05-30 12:36:06,763 | INFO |   ⏳ 21.8s (req #191)
2026-05-30 12:36:29,830 | INFO |   GET https://www.gsmarena.com/honor_7x-8880.php → 200
2026-05-30 12:36:29,859 | INFO |       📱 Honor 7X | Main=16.0MP | Selfie=8.0MP | AnTuTu=67636 | Price=$None | IP=None | Populated=47/68 fields
2026-05-30 12:36:29,863 | INFO |   💾 [189/356] saved
2026-05-30 12:36:29,864 | INFO | 
  [323/356]
2026-05-30 12:36:29,864 | INFO |   ⏳ 21.6s (req #192)
2026-05-30 12:36:52,452 | INFO |   GET https://www.gsmarena.com/honor_6c_pro-8856.php → 200
2026-05-30 12:36:52,476 | INFO |       📱 Honor 6C Pro | Main=13.0MP | Selfie=8.0MP | AnTuTu=None | Price=$None | IP=None | Populated=41/68 fields
2026-05-30 12:36:52,481 | INFO |   💾 [190/356] saved
2026-05-30 12:36:52,481 | INFO | 
  [324/356]
2026-05-30 12:36:52,481 | INFO |   ⏳ 24.0s (req #193)
2026-05-30 12:37:17,602 | INFO |   GET https://www.gsmarena.com/honor_9-8704.php → 200
2026-05-30 12:37:17,630 | INFO |       📱 Honor 9 | Main=12.0MP | Selfie=8.0MP | AnTuTu=156984 | Price=$None | IP=None | Populated=49/68 fields
2026-05-30 12:37:17,635 | INFO |   💾 [191/356] saved
2026-05-30 12:37:17,636 | INFO | 
  [325/356]
2026-05-30 12:37:17,636 | INFO |   ⏳ 36.9s (req #194)
2026-05-30 12:37:55,485 | INFO |   GET https://www.gsmarena.com/honor_6a_(pro)-8700.php → 200
2026-05-30 12:37:55,521 | INFO |       📱 Honor 6A (Pro) | Main=13.0MP | Selfie=5.0MP | AnTuTu=None | Price=$None | IP=None | Populated=42/68 fields
2026-05-30 12:37:55,525 | INFO |   💾 [192/356] saved
2026-05-30 12:37:55,526 | INFO | 
  [326/356]
2026-05-30 12:37:55,526 | INFO |   ⏳ 25.1s (req #195)
2026-05-30 12:38:21,739 | INFO |   GET https://www.gsmarena.com/honor_8_pro-8568.php → 200
2026-05-30 12:38:21,767 | INFO |       📱 Honor 8 Pro | Main=12.0MP | Selfie=8.0MP | AnTuTu=None | Price=$None | IP=None | Populated=46/68 fields
2026-05-30 12:38:21,771 | INFO |   💾 [193/356] saved
2026-05-30 12:38:21,772 | INFO | 
  [327/356]
2026-05-30 12:38:21,772 | INFO |   ⏳ 18.6s (req #196)
2026-05-30 12:38:41,359 | INFO |   GET https://www.gsmarena.com/honor_magic-8482.php → 200
2026-05-30 12:38:41,384 | INFO |       📱 Honor Magic | Main=12.0MP | Selfie=8.0MP | AnTuTu=None | Price=$None | IP=None | Populated=44/68 fields
2026-05-30 12:38:41,388 | INFO |   💾 [194/356] saved
2026-05-30 12:38:41,388 | INFO | 
  [328/356]
2026-05-30 12:38:41,388 | INFO |   ⏳ 24.2s (req #197)
2026-05-30 12:39:06,570 | INFO |   GET https://www.gsmarena.com/honor_v8-8061.php → 200
2026-05-30 12:39:06,595 | INFO |       📱 Honor V8 | Main=12.0MP | Selfie=8.0MP | AnTuTu=None | Price=$None | IP=None | Populated=44/68 fields
2026-05-30 12:39:06,599 | INFO |   💾 [195/356] saved
2026-05-30 12:39:06,600 | INFO | 
  [329/356]
2026-05-30 12:39:06,600 | INFO |   ⏳ 20.7s (req #198)
2026-05-30 12:39:28,272 | INFO |   GET https://www.gsmarena.com/honor_pad_2-8390.php → 200
2026-05-30 12:39:28,296 | INFO |       📱 Honor Pad 2 | Main=8.0MP | Selfie=2.0MP | AnTuTu=None | Price=$None | IP=None | Populated=40/68 fields
2026-05-30 12:39:28,300 | INFO |   💾 [196/356] saved
2026-05-30 12:39:28,301 | INFO | 
  [330/356]
2026-05-30 12:39:28,301 | INFO |   ⏳ 26.2s (req #199)
2026-05-30 12:39:55,709 | INFO |   GET https://www.gsmarena.com/honor_6x-8388.php → 200
2026-05-30 12:39:55,741 | INFO |       📱 Honor 6X | Main=12.0MP | Selfie=8.0MP | AnTuTu=None | Price=$None | IP=None | Populated=43/68 fields
2026-05-30 12:39:55,746 | INFO |   💾 [197/356] saved
2026-05-30 12:39:55,747 | INFO | 
  [331/356]
2026-05-30 12:39:55,747 | INFO |   ⏳ 17.6s (req #200)
2026-05-30 12:40:14,384 | INFO |   GET https://www.gsmarena.com/honor_holly_3-8383.php → 200
2026-05-30 12:40:14,398 | INFO |       📱 Honor Holly 3 | Main=13.0MP | Selfie=8.0MP | AnTuTu=None | Price=$None | IP=None | Populated=41/68 fields
2026-05-30 12:40:14,403 | INFO |   💾 [198/356] saved
2026-05-30 12:40:14,403 | INFO | 
  [332/356]
2026-05-30 12:40:14,403 | INFO |   ⏳ 44.4s (req #201)
2026-05-30 12:41:00,090 | INFO |   GET https://www.gsmarena.com/honor_note_8-8231.php → 200
2026-05-30 12:41:00,114 | INFO |       📱 Honor Note 8 | Main=13.0MP | Selfie=5.0MP | AnTuTu=None | Price=$None | IP=None | Populated=46/68 fields
2026-05-30 12:41:00,119 | INFO |   💾 [199/356] saved
2026-05-30 12:41:00,119 | INFO | 
  [333/356]
2026-05-30 12:41:00,119 | INFO |   ⏳ 18.2s (req #202)
2026-05-30 12:41:20,712 | INFO |   GET https://www.gsmarena.com/honor_8-8195.php → 200
2026-05-30 12:41:20,740 | INFO |       📱 Honor 8 | Main=12.0MP | Selfie=8.0MP | AnTuTu=None | Price=$None | IP=None | Populated=47/68 fields
2026-05-30 12:41:20,746 | INFO |   💾 [200/356] saved
2026-05-30 12:41:20,746 | INFO | 
  [334/356]
2026-05-30 12:41:20,746 | INFO |   ⏳ 39.0s (req #203)
2026-05-30 12:42:00,682 | INFO |   GET https://www.gsmarena.com/honor_5a-8149.php → 200
2026-05-30 12:42:00,705 | INFO |       📱 Honor 5A | Main=13.0MP | Selfie=5.0MP | AnTuTu=None | Price=$None | IP=None | Populated=42/68 fields
2026-05-30 12:42:00,710 | INFO |   💾 [201/356] saved
2026-05-30 12:42:00,711 | INFO | 
  [335/356]
2026-05-30 12:42:00,711 | INFO |   ⏳ 19.9s (req #204)
2026-05-30 12:42:21,826 | INFO |   GET https://www.gsmarena.com/honor_5c-8074.php → 200
2026-05-30 12:42:21,852 | INFO |       📱 Honor 5c | Main=13.0MP | Selfie=8.0MP | AnTuTu=None | Price=$None | IP=None | Populated=43/68 fields
2026-05-30 12:42:21,857 | INFO |   💾 [202/356] saved
2026-05-30 12:42:21,858 | INFO | 
  [336/356]
2026-05-30 12:42:21,858 | INFO |   ⏳ 44.6s (req #205)
2026-05-30 12:43:07,424 | INFO |   GET https://www.gsmarena.com/honor_holly_2_plus-7882.php → 200
2026-05-30 12:43:07,456 | INFO |       📱 Honor Holly 2 Plus | Main=13.0MP | Selfie=5.0MP | AnTuTu=None | Price=$None | IP=None | Populated=41/68 fields
2026-05-30 12:43:07,462 | INFO |   💾 [203/356] saved
2026-05-30 12:43:07,462 | INFO | 
  [337/356]
2026-05-30 12:43:07,462 | INFO |   ⏳ 25.5s (req #206)
2026-05-30 12:43:34,493 | INFO |   GET https://www.gsmarena.com/honor_5x-7590.php → 200
2026-05-30 12:43:34,521 | INFO |       📱 Honor 5X | Main=13.0MP | Selfie=5.0MP | AnTuTu=None | Price=$None | IP=None | Populated=43/68 fields
2026-05-30 12:43:34,525 | INFO |   💾 [204/356] saved
2026-05-30 12:43:34,526 | INFO | 
  [338/356]
2026-05-30 12:43:34,526 | INFO |   ⏳ 24.9s (req #207)
2026-05-30 12:44:00,519 | INFO |   GET https://www.gsmarena.com/honor_7i-7510.php → 200
2026-05-30 12:44:00,542 | INFO |       📱 Honor 7i | Main=13.0MP | Selfie=NoneMP | AnTuTu=None | Price=$None | IP=None | Populated=44/68 fields
2026-05-30 12:44:00,547 | INFO |   💾 [205/356] saved
2026-05-30 12:44:00,548 | INFO | 
  [339/356]
2026-05-30 12:44:00,548 | INFO |   ⏳ 36.5s (req #208)
2026-05-30 12:44:38,378 | INFO |   GET https://www.gsmarena.com/honor_7-7269.php → 200
2026-05-30 12:44:38,406 | INFO |       📱 Honor 7 | Main=20.0MP | Selfie=8.0MP | AnTuTu=None | Price=$None | IP=None | Populated=48/68 fields
2026-05-30 12:44:38,410 | INFO |   💾 [206/356] saved
2026-05-30 12:44:38,411 | INFO | 
  [340/356]
2026-05-30 12:44:38,411 | INFO |   ⏳ 38.3s (req #209)
2026-05-30 12:45:17,766 | INFO |   GET https://www.gsmarena.com/honor_bee-7235.php → 200
2026-05-30 12:45:17,790 | INFO |       📱 Honor Bee | Main=8.0MP | Selfie=2.0MP | AnTuTu=None | Price=$None | IP=None | Populated=40/68 fields
2026-05-30 12:45:17,795 | INFO |   💾 [207/356] saved
2026-05-30 12:45:17,795 | INFO | 
  [341/356]
2026-05-30 12:45:17,796 | INFO |   ☕ Long pause 242s ...
2026-05-30 12:49:21,191 | INFO |   GET https://www.gsmarena.com/honor_4c-7203.php → 200
2026-05-30 12:49:21,219 | INFO |       📱 Honor 4C | Main=13.0MP | Selfie=5.0MP | AnTuTu=None | Price=$None | IP=None | Populated=43/68 fields
2026-05-30 12:49:21,226 | INFO |   💾 [208/356] saved
2026-05-30 12:49:21,226 | INFO | 
  [342/356]
2026-05-30 12:49:21,226 | INFO |   ⏳ 39.4s (req #211)
2026-05-30 12:50:01,464 | INFO |   GET https://www.gsmarena.com/honor_6_plus-6777.php → 200
2026-05-30 12:50:01,488 | INFO |       📱 Honor 6 Plus | Main=8.0MP | Selfie=8.0MP | AnTuTu=None | Price=$None | IP=None | Populated=44/68 fields
2026-05-30 12:50:01,492 | INFO |   💾 [209/356] saved
2026-05-30 12:50:01,492 | INFO | 
  [343/356]
2026-05-30 12:50:01,492 | INFO |   ⏳ 15.3s (req #212)
2026-05-30 12:50:17,740 | INFO |   GET https://www.gsmarena.com/honor_4x-6754.php → 200
2026-05-30 12:50:17,763 | INFO |       📱 Honor 4X | Main=13.0MP | Selfie=5.0MP | AnTuTu=None | Price=$None | IP=None | Populated=43/68 fields
2026-05-30 12:50:17,767 | INFO |   💾 [210/356] saved
2026-05-30 12:50:17,768 | INFO | 
  [344/356]
2026-05-30 12:50:17,768 | INFO |   ⏳ 23.6s (req #213)
2026-05-30 12:50:42,353 | INFO |   GET https://www.gsmarena.com/honor_holly-6738.php → 200
2026-05-30 12:50:42,378 | INFO |       📱 Honor Holly | Main=8.0MP | Selfie=2.0MP | AnTuTu=None | Price=$None | IP=None | Populated=41/68 fields
2026-05-30 12:50:42,384 | INFO |   💾 [211/356] saved
2026-05-30 12:50:42,384 | INFO | 
  [345/356]
2026-05-30 12:50:42,384 | INFO |   ⏳ 43.9s (req #214)
2026-05-30 12:51:27,214 | INFO |   GET https://www.gsmarena.com/honor_4_play-6692.php → 200
2026-05-30 12:51:27,232 | INFO |       📱 Honor 4 Play | Main=8.0MP | Selfie=2.0MP | AnTuTu=None | Price=$None | IP=None | Populated=42/68 fields
2026-05-30 12:51:27,236 | INFO |   💾 [212/356] saved
2026-05-30 12:51:27,236 | INFO | 
  [346/356]
2026-05-30 12:51:27,236 | INFO |   ⏳ 20.4s (req #215)
2026-05-30 12:51:48,529 | INFO |   GET https://www.gsmarena.com/honor_3c_play-6603.php → 200
2026-05-30 12:51:48,544 | INFO |       📱 Honor 3C Play | Main=8.0MP | Selfie=2.0MP | AnTuTu=None | Price=$None | IP=None | Populated=40/68 fields
2026-05-30 12:51:48,548 | INFO |   💾 [213/356] saved
2026-05-30 12:51:48,549 | INFO | 
  [347/356]
2026-05-30 12:51:48,549 | INFO |   ⏳ 29.6s (req #216)
2026-05-30 12:52:19,176 | INFO |   GET https://www.gsmarena.com/honor_6-6461.php → 200
2026-05-30 12:52:19,199 | INFO |       📱 Honor 6 | Main=13.0MP | Selfie=5.0MP | AnTuTu=None | Price=$None | IP=None | Populated=43/68 fields
2026-05-30 12:52:19,202 | INFO |   💾 [214/356] saved
2026-05-30 12:52:19,202 | INFO | 
  [348/356]
2026-05-30 12:52:19,203 | INFO |   ⏳ 17.4s (req #217)
2026-05-30 12:52:37,404 | INFO |   GET https://www.gsmarena.com/honor_3x_pro-6398.php → 200
2026-05-30 12:52:37,428 | INFO |       📱 Honor 3X Pro | Main=13.0MP | Selfie=5.0MP | AnTuTu=None | Price=$None | IP=None | Populated=39/68 fields
2026-05-30 12:52:37,431 | INFO |   💾 [215/356] saved
2026-05-30 12:52:37,431 | INFO | 
  [349/356]
2026-05-30 12:52:37,431 | INFO |   ⏳ 31.8s (req #218)
2026-05-30 12:53:10,380 | INFO |   GET https://www.gsmarena.com/honor_3c_4g-6395.php → 200
2026-05-30 12:53:10,397 | INFO |       📱 Honor 3C 4G | Main=8.0MP | Selfie=5.0MP | AnTuTu=None | Price=$None | IP=None | Populated=40/68 fields
2026-05-30 12:53:10,402 | INFO |   💾 [216/356] saved
2026-05-30 12:53:10,402 | INFO | 
  [350/356]
2026-05-30 12:53:10,402 | INFO |   ⏳ 38.2s (req #219)
2026-05-30 12:53:49,721 | INFO |   GET https://www.gsmarena.com/honor_3x_g750-5902.php → 200
2026-05-30 12:53:49,735 | INFO |       📱 Honor 3X G750 | Main=13.0MP | Selfie=5.0MP | AnTuTu=None | Price=$None | IP=None | Populated=41/68 fields
2026-05-30 12:53:49,739 | INFO |   💾 [217/356] saved
2026-05-30 12:53:49,739 | INFO | 
  [351/356]
2026-05-30 12:53:49,739 | INFO |   ⏳ 20.7s (req #220)
2026-05-30 12:54:11,230 | INFO |   GET https://www.gsmarena.com/honor_3c-5903.php → 200
2026-05-30 12:54:11,249 | INFO |       📱 Honor 3C | Main=8.0MP | Selfie=5.0MP | AnTuTu=None | Price=$None | IP=None | Populated=41/68 fields
2026-05-30 12:54:11,254 | INFO |   💾 [218/356] saved
2026-05-30 12:54:11,254 | INFO | 
  [352/356]
2026-05-30 12:54:11,254 | INFO |   ⏳ 30.2s (req #221)
2026-05-30 12:54:42,254 | INFO |   GET https://www.gsmarena.com/honor_3-5664.php → 200
2026-05-30 12:54:42,270 | INFO |       📱 Honor 3 | Main=13.0MP | Selfie=1.3MP | AnTuTu=None | Price=$None | IP=IP57 | Populated=40/68 fields
2026-05-30 12:54:42,274 | INFO |   💾 [219/356] saved
2026-05-30 12:54:42,274 | INFO | 
  [353/356]
2026-05-30 12:54:42,275 | INFO |   ⏳ 41.8s (req #222)
2026-05-30 12:55:25,220 | INFO |   GET https://www.gsmarena.com/honor_2-5092.php → 200
2026-05-30 12:55:25,237 | INFO |       📱 Honor 2 | Main=8.0MP | Selfie=1.3MP | AnTuTu=None | Price=$None | IP=None | Populated=39/68 fields
2026-05-30 12:55:25,241 | INFO |   💾 [220/356] saved
2026-05-30 12:55:25,242 | INFO | 
  [354/356]
2026-05-30 12:55:25,243 | INFO |   ⏳ 42.9s (req #223)
2026-05-30 12:56:09,043 | INFO |   GET https://www.gsmarena.com/honor_u8860-4197.php → 200
2026-05-30 12:56:09,068 | INFO |       📱 Honor U8860 | Main=8.0MP | Selfie=NoneMP | AnTuTu=None | Price=$None | IP=None | Populated=37/68 fields
2026-05-30 12:56:09,072 | INFO |   💾 [221/356] saved
2026-05-30 12:56:09,073 | INFO | 
  [355/356]
2026-05-30 12:56:09,073 | INFO |   ⏳ 37.7s (req #224)
2026-05-30 12:56:47,850 | INFO |   GET https://www.gsmarena.com/honor_gt_2_pro_5g-14302.php → 200
2026-05-30 12:56:47,875 | INFO |       📱 Honor GT 2 Pro | Main=50.0MP | Selfie=50.0MP | AnTuTu=None | Price=$None | IP=IP68 | Populated=49/68 fields
2026-05-30 12:56:47,879 | INFO |   💾 [222/356] saved
2026-05-30 12:56:47,879 | INFO | 
  [356/356]
2026-05-30 12:56:47,879 | INFO |   ⏳ 24.5s (req #225)
2026-05-30 12:57:13,333 | INFO |   GET https://www.gsmarena.com/honor_view-9970.php → 200
2026-05-30 12:57:13,359 | INFO |       📱 Honor View | Main=60.0MP | Selfie=24.0MP | AnTuTu=None | Price=$None | IP=None | Populated=43/68 fields
2026-05-30 12:57:13,365 | INFO |   💾 [223/356] saved
2026-05-30 12:57:13,367 | INFO |   ✅ Honor — 223 phones saved
2026-05-30 12:57:13,367 | INFO | 
============================================================
2026-05-30 12:57:13,367 | INFO | [4/4] Zte (435 phones)
2026-05-30 12:57:13,368 | INFO | Elapsed: 137min
2026-05-30 12:57:13,368 | INFO | ============================================================
2026-05-30 12:57:13,368 | INFO |   Fetching phone links for: Zte (~435 phones)
2026-05-30 12:57:13,368 | INFO |   ⏳ 40.5s (req #226)
2026-05-30 12:57:54,878 | INFO |   GET https://www.gsmarena.com/zte-phones-62.php → 200
2026-05-30 12:57:54,894 | INFO |     Found 10 listing pages
2026-05-30 12:57:54,896 | INFO |     Page 1/10: 50 links so far
2026-05-30 12:57:54,896 | INFO |   ⏳ 30.1s (req #227)
2026-05-30 12:58:26,066 | INFO |   GET https://www.gsmarena.com/# → 200
2026-05-30 12:58:26,099 | INFO |     Page 2/10: 85 links so far
2026-05-30 12:58:26,099 | INFO |   ⏳ 41.2s (req #228)
2026-05-30 12:59:08,084 | INFO |   GET https://www.gsmarena.com/zte-phones-f-62-0-p2.php → 200
2026-05-30 12:59:08,094 | INFO |     Page 3/10: 135 links so far
2026-05-30 12:59:08,094 | INFO |   ⏳ 42.3s (req #229)
2026-05-30 12:59:51,294 | INFO |   GET https://www.gsmarena.com/zte-phones-f-62-0-p3.php → 200
2026-05-30 12:59:51,307 | INFO |     Page 4/10: 185 links so far
2026-05-30 12:59:51,307 | INFO |   ⏳ 41.8s (req #230)
2026-05-30 13:00:34,176 | INFO |   GET https://www.gsmarena.com/zte-phones-f-62-0-p4.php → 200
2026-05-30 13:00:34,198 | INFO |     Page 5/10: 235 links so far
2026-05-30 13:00:34,199 | INFO |   ⏳ 38.7s (req #231)
2026-05-30 13:01:13,920 | INFO |   GET https://www.gsmarena.com/zte-phones-f-62-0-p5.php → 200
2026-05-30 13:01:13,935 | INFO |     Page 6/10: 285 links so far
2026-05-30 13:01:13,935 | INFO |   ⏳ 23.9s (req #232)
2026-05-30 13:01:39,163 | INFO |   GET https://www.gsmarena.com/zte-phones-f-62-0-p6.php → 200
2026-05-30 13:01:39,179 | INFO |     Page 7/10: 335 links so far
2026-05-30 13:01:39,179 | INFO |   ⏳ 41.2s (req #233)
2026-05-30 13:02:21,508 | INFO |   GET https://www.gsmarena.com/zte-phones-f-62-0-p7.php → 200
2026-05-30 13:02:21,525 | INFO |     Page 8/10: 385 links so far
2026-05-30 13:02:21,525 | INFO |   ⏳ 42.2s (req #234)
2026-05-30 13:03:04,711 | INFO |   GET https://www.gsmarena.com/zte-phones-f-62-0-p8.php → 200
2026-05-30 13:03:04,727 | INFO |     Page 9/10: 435 links so far
2026-05-30 13:03:04,728 | INFO |   ⏳ 30.1s (req #235)
2026-05-30 13:03:35,658 | INFO |   GET https://www.gsmarena.com/zte-phones-f-62-0-p9.php → 200
2026-05-30 13:03:35,667 | INFO |     Page 10/10: 470 links so far
2026-05-30 13:03:35,667 | INFO |   ✅ 470 valid phone spec links for Zte
2026-05-30 13:03:35,669 | INFO |   💾 Link list cached → GSMArenaDataset_BATCH5\_links_zte.json
2026-05-30 13:03:35,669 | INFO |   [1/470] SKIP zte_nubia_redmagic_11s_pro_5g-14669.php
2026-05-30 13:03:35,669 | INFO | 
  [2/470]
2026-05-30 13:03:35,669 | INFO |   ⏳ 24.0s (req #236)
2026-05-30 13:04:00,647 | INFO |   GET https://www.gsmarena.com/zte_nubia_redmagic_11s_pro+_5g-14671.php → 200
2026-05-30 13:04:00,668 | INFO |       📱 ZTE nubia RedMagic 11S Pro+ | Main=50.0MP | Selfie=16.0MP | AnTuTu=None | Price=$None | IP=None | Populated=53/68 fields
2026-05-30 13:04:00,673 | INFO |   💾 [1/470] saved
2026-05-30 13:04:00,673 | INFO | 
  [3/470]
2026-05-30 13:04:00,673 | INFO |   ⏳ 28.7s (req #237)
2026-05-30 13:04:30,454 | INFO |   GET https://www.gsmarena.com/zte_nubia_redmagic_11s_pro_5g_(china)-14670.php → 200
2026-05-30 13:04:30,479 | INFO |       📱 ZTE nubia RedMagic 11S Pro (China) | Main=50.0MP | Selfie=16.0MP | AnTuTu=None | Price=$None | IP=None | Populated=51/68 fields
2026-05-30 13:04:30,482 | INFO |   💾 [2/470] saved
2026-05-30 13:04:30,483 | INFO | 
  [4/470]
2026-05-30 13:04:30,483 | INFO |   ⏳ 43.5s (req #238)
2026-05-30 13:05:15,166 | INFO |   GET https://www.gsmarena.com/zte_nubia_neo_5_gt_5g-14524.php → 200
2026-05-30 13:05:15,196 | INFO |       📱 ZTE nubia Neo 5 GT | Main=50.0MP | Selfie=16.0MP | AnTuTu=None | Price=$None | IP=IP64 | Populated=45/68 fields
2026-05-30 13:05:15,202 | INFO |   💾 [3/470] saved
2026-05-30 13:05:15,202 | INFO | 
  [5/470]
2026-05-30 13:05:15,202 | INFO |   ⏳ 25.0s (req #239)
2026-05-30 13:05:41,160 | INFO |   GET https://www.gsmarena.com/zte_nubia_neo_5_pro_5g-14594.php → 200
2026-05-30 13:05:41,193 | INFO |       📱 ZTE nubia Neo 5 Pro | Main=50.0MP | Selfie=16.0MP | AnTuTu=None | Price=$None | IP=IP64 | Populated=37/68 fields
2026-05-30 13:05:41,196 | INFO |   💾 [4/470] saved
2026-05-30 13:05:41,196 | INFO | 
  [6/470]
2026-05-30 13:05:41,197 | INFO |   ☕ Long pause 162s ...
2026-05-30 13:08:24,146 | INFO |   GET https://www.gsmarena.com/zte_nubia_neo_5_5g-14595.php → 200
2026-05-30 13:08:24,176 | INFO |       📱 ZTE nubia Neo 5 | Main=50.0MP | Selfie=16.0MP | AnTuTu=None | Price=$None | IP=IP64 | Populated=43/68 fields
2026-05-30 13:08:24,183 | INFO |   💾 [5/470] saved
2026-05-30 13:08:24,183 | INFO | 
  [7/470]
2026-05-30 13:08:24,184 | INFO |   ⏳ 44.0s (req #241)
2026-05-30 13:09:09,129 | INFO |   GET https://www.gsmarena.com/zte_blade_x1001-14525.php → 200
2026-05-30 13:09:09,153 | INFO |       📱 ZTE Blade X1001 | Main=5.0MP | Selfie=2.0MP | AnTuTu=None | Price=$None | IP=None | Populated=41/68 fields
2026-05-30 13:09:09,158 | INFO |   💾 [6/470] saved
2026-05-30 13:09:09,158 | INFO | 
  [8/470]
2026-05-30 13:09:09,158 | INFO |   ⏳ 43.4s (req #242)
2026-05-30 13:09:53,534 | INFO |   GET https://www.gsmarena.com/zte_blade_v80_max-14449.php → 200
2026-05-30 13:09:53,559 | INFO |       📱 ZTE Blade V80 Max | Main=50.0MP | Selfie=16.0MP | AnTuTu=None | Price=$None | IP=IP64 | Populated=47/68 fields
2026-05-30 13:09:53,564 | INFO |   💾 [7/470] saved
2026-05-30 13:09:53,565 | INFO | 
  [9/470]
2026-05-30 13:09:53,565 | INFO |   ⏳ 31.7s (req #243)
2026-05-30 13:10:26,419 | INFO |   GET https://www.gsmarena.com/zte_nubia_redmagic_11_air_5g-14430.php → 200
2026-05-30 13:10:26,451 | INFO |       📱 ZTE nubia RedMagic 11 Air | Main=50.0MP | Selfie=16.0MP | AnTuTu=2694432 | Price=$None | IP=IP54 | Populated=58/68 fields
2026-05-30 13:10:26,456 | INFO |   💾 [8/470] saved
2026-05-30 13:10:26,457 | INFO | 
  [10/470]
2026-05-30 13:10:26,457 | INFO |   ⏳ 23.6s (req #244)
2026-05-30 13:10:51,002 | INFO |   GET https://www.gsmarena.com/zte_pad_5g_x1102n-14354.php → 200
2026-05-30 13:10:51,065 | INFO |       📱 ZTE Pad | Main=13.0MP | Selfie=5.0MP | AnTuTu=None | Price=$None | IP=None | Populated=45/68 fields
2026-05-30 13:10:51,069 | INFO |   💾 [9/470] saved
2026-05-30 13:10:51,069 | INFO | 
  [11/470]
2026-05-30 13:10:51,070 | INFO |   ⏳ 22.1s (req #245)
2026-05-30 13:11:14,300 | INFO |   GET https://www.gsmarena.com/zte_nubia_fold_5g-14324.php → 200
2026-05-30 13:11:14,326 | INFO |       📱 ZTE Nubia Fold | Main=50.0MP | Selfie=20.0MP | AnTuTu=None | Price=$None | IP=IP54 | Populated=49/68 fields
2026-05-30 13:11:14,332 | INFO |   💾 [10/470] saved
2026-05-30 13:11:14,332 | INFO | 
  [12/470]
2026-05-30 13:11:14,332 | INFO |   ⏳ 24.7s (req #246)
2026-05-30 13:11:40,013 | INFO |   GET https://www.gsmarena.com/zte_nubia_flip3_5g-14325.php → 200
2026-05-30 13:11:40,037 | INFO |       📱 ZTE nubia Flip3 | Main=50.0MP | Selfie=32.0MP | AnTuTu=None | Price=$None | IP=IP54 | Populated=45/68 fields
2026-05-30 13:11:40,043 | INFO |   💾 [11/470] saved
2026-05-30 13:11:40,043 | INFO | 
  [13/470]
2026-05-30 13:11:40,043 | INFO |   ⏳ 43.0s (req #247)
2026-05-30 13:12:23,961 | INFO |   GET https://www.gsmarena.com/zte_blade_v80_pro-14305.php → 200
2026-05-30 13:12:23,985 | INFO |       📱 ZTE Blade V80 Pro | Main=108.0MP | Selfie=16.0MP | AnTuTu=None | Price=$None | IP=IP64 | Populated=44/68 fields
2026-05-30 13:12:23,991 | INFO |   💾 [12/470] saved
2026-05-30 13:12:23,991 | INFO | 
  [14/470]
2026-05-30 13:12:23,991 | INFO |   ⏳ 29.5s (req #248)
2026-05-30 13:12:54,618 | INFO |   GET https://www.gsmarena.com/zte_blade_v80_design-14291.php → 200
2026-05-30 13:12:54,643 | INFO |       📱 ZTE Blade V80 Design | Main=50.0MP | Selfie=16.0MP | AnTuTu=None | Price=$None | IP=IP64 | Populated=47/68 fields
2026-05-30 13:12:54,649 | INFO |   💾 [13/470] saved
2026-05-30 13:12:54,649 | INFO | 
  [15/470]
2026-05-30 13:12:54,650 | INFO |   ⏳ 31.5s (req #249)
2026-05-30 13:13:27,416 | INFO |   GET https://www.gsmarena.com/zte_nubia_redmagic_11_pro_5g_int-14277.php → 200
2026-05-30 13:13:27,453 | INFO |       📱 ZTE nubia RedMagic 11 Pro | Main=50.0MP | Selfie=16.0MP | AnTuTu=3229764 | Price=$None | IP=None | Populated=59/68 fields
2026-05-30 13:13:27,458 | INFO |   💾 [14/470] saved
2026-05-30 13:13:27,458 | INFO | 
  [16/470]
2026-05-30 13:13:27,459 | INFO |   ⏳ 15.4s (req #250)
2026-05-30 13:13:44,081 | INFO |   GET https://www.gsmarena.com/zte_nubia_z80_ultra_5g-14247.php → 200
2026-05-30 13:13:44,110 | INFO |       📱 ZTE nubia Z80 Ultra | Main=50.0MP | Selfie=16.0MP | AnTuTu=2941801 | Price=$None | IP=IP68 | Populated=59/68 fields
2026-05-30 13:13:44,115 | INFO |   💾 [15/470] saved
2026-05-30 13:13:44,116 | INFO | 
  [17/470]
2026-05-30 13:13:44,116 | INFO |   ⏳ 24.0s (req #251)
2026-05-30 13:14:09,247 | INFO |   GET https://www.gsmarena.com/zte_nubia_redmagic_11_pro+_5g-14238.php → 200
2026-05-30 13:14:09,273 | INFO |       📱 ZTE nubia RedMagic 11 Pro+ | Main=50.0MP | Selfie=16.0MP | AnTuTu=None | Price=$None | IP=None | Populated=53/68 fields
2026-05-30 13:14:09,278 | INFO |   💾 [16/470] saved
2026-05-30 13:14:09,278 | INFO | 
  [18/470]
2026-05-30 13:14:09,278 | INFO |   ⏳ 36.0s (req #252)
2026-05-30 13:14:46,655 | INFO |   GET https://www.gsmarena.com/zte_nubia_redmagic_11_pro_5g-14239.php → 200
2026-05-30 13:14:46,680 | INFO |       📱 ZTE nubia RedMagic 11 Pro (China) | Main=50.0MP | Selfie=16.0MP | AnTuTu=None | Price=$None | IP=None | Populated=51/68 fields
2026-05-30 13:14:46,685 | INFO |   💾 [17/470] saved
2026-05-30 13:14:46,685 | INFO | 
  [19/470]
2026-05-30 13:14:46,685 | INFO |   ⏳ 29.7s (req #253)
2026-05-30 13:15:17,486 | INFO |   GET https://www.gsmarena.com/zte_nubia_air_5g-14123.php → 200
2026-05-30 13:15:17,515 | INFO |       📱 ZTE nubia Air | Main=50.0MP | Selfie=20.0MP | AnTuTu=None | Price=$None | IP=IP68 | Populated=47/68 fields
2026-05-30 13:15:17,521 | INFO |   💾 [18/470] saved
2026-05-30 13:15:17,521 | INFO | 
  [20/470]
2026-05-30 13:15:17,521 | INFO |   ⏳ 18.9s (req #254)
2026-05-30 13:15:37,641 | INFO |   GET https://www.gsmarena.com/zte_blade_a36-13966.php → 200
2026-05-30 13:15:37,677 | INFO |       📱 ZTE Blade A36 | Main=13.0MP | Selfie=5.0MP | AnTuTu=None | Price=$118.09 | IP=None | Populated=47/68 fields
2026-05-30 13:15:37,682 | INFO |   💾 [19/470] saved
2026-05-30 13:15:37,683 | INFO | 
  [21/470]
2026-05-30 13:15:37,683 | INFO |   ⏳ 32.5s (req #255)
2026-05-30 13:16:11,527 | INFO |   GET https://www.gsmarena.com/zte_blade_a56-13948.php → 200
2026-05-30 13:16:11,555 | INFO |       📱 ZTE Blade A56 | Main=13.0MP | Selfie=8.0MP | AnTuTu=None | Price=$None | IP=None | Populated=46/68 fields
2026-05-30 13:16:11,561 | INFO |   💾 [20/470] saved
2026-05-30 13:16:11,561 | INFO | 
  [22/470]
2026-05-30 13:16:11,561 | INFO |   ⏳ 40.9s (req #256)
2026-05-30 13:16:53,727 | INFO |   GET https://www.gsmarena.com/zte_redmagic_tablet_3_pro-13939.php → 200
2026-05-30 13:16:53,756 | INFO |       📱 ZTE nubia RedMagic Astra | Main=13.0MP | Selfie=9.0MP | AnTuTu=2603900 | Price=$None | IP=IP54 | Populated=50/68 fields
2026-05-30 13:16:53,761 | INFO |   💾 [21/470] saved
2026-05-30 13:16:53,761 | INFO | 
  [23/470]
2026-05-30 13:16:53,761 | INFO |   ⏳ 39.9s (req #257)
2026-05-30 13:17:34,769 | INFO |   GET https://www.gsmarena.com/zte_blade_a76-14290.php → 200
2026-05-30 13:17:34,794 | INFO |       📱 ZTE Blade A76 4G | Main=50.0MP | Selfie=NoneMP | AnTuTu=None | Price=$None | IP=IP54 | Populated=39/68 fields
2026-05-30 13:17:34,800 | INFO |   💾 [22/470] saved
2026-05-30 13:17:34,800 | INFO | 
  [24/470]
2026-05-30 13:17:34,801 | INFO |   ⏳ 16.6s (req #258)
2026-05-30 13:17:52,604 | INFO |   GET https://www.gsmarena.com/zte_blade_a76_5g-13932.php → 200
2026-05-30 13:17:52,631 | INFO |       📱 ZTE Blade A76 | Main=50.0MP | Selfie=8.0MP | AnTuTu=None | Price=$None | IP=IP54 | Populated=46/68 fields
2026-05-30 13:17:52,636 | INFO |   💾 [23/470] saved
2026-05-30 13:17:52,637 | INFO | 
  [25/470]
2026-05-30 13:17:52,637 | INFO |   ⏳ 43.9s (req #259)
2026-05-30 13:18:37,838 | INFO |   GET https://www.gsmarena.com/zte_nubia_redmagic_10spro+_5g-13905.php → 200
2026-05-30 13:18:37,866 | INFO |       📱 ZTE nubia RedMagic 10SPro+ | Main=50.0MP | Selfie=16.0MP | AnTuTu=None | Price=$None | IP=IP54 | Populated=53/68 fields
2026-05-30 13:18:37,870 | INFO |   💾 [24/470] saved
2026-05-30 13:18:37,871 | INFO | 
  [26/470]
2026-05-30 13:18:37,871 | INFO |   ⏳ 20.4s (req #260)
2026-05-30 13:18:59,420 | INFO |   GET https://www.gsmarena.com/zte_nubia_redmagic_10spro_5g-13906.php → 200
2026-05-30 13:18:59,455 | INFO |       📱 ZTE nubia RedMagic 10S Pro | Main=50.0MP | Selfie=16.0MP | AnTuTu=None | Price=$None | IP=IP54 | Populated=54/68 fields
2026-05-30 13:18:59,460 | INFO |   💾 [25/470] saved
2026-05-30 13:18:59,460 | INFO | 
  [27/470]
2026-05-30 13:18:59,461 | INFO |   ⏳ 40.5s (req #261)
2026-05-30 13:19:41,050 | INFO |   GET https://www.gsmarena.com/zte_nubia_z70s_ultra_5g-13819.php → 200
2026-05-30 13:19:41,079 | INFO |       📱 ZTE nubia Z70S Ultra | Main=50.0MP | Selfie=16.0MP | AnTuTu=2542544 | Price=$None | IP=IP68 | Populated=58/68 fields
2026-05-30 13:19:41,084 | INFO |   💾 [26/470] saved
2026-05-30 13:19:41,084 | INFO | 
  [28/470]
2026-05-30 13:19:41,084 | INFO |   ⏳ 18.6s (req #262)
2026-05-30 13:20:00,688 | INFO |   GET https://www.gsmarena.com/zte_nubia_tablet_pro-13820.php → 200
2026-05-30 13:20:00,714 | INFO |       📱 ZTE nubia Pad Pro | Main=13.0MP | Selfie=20.0MP | AnTuTu=None | Price=$None | IP=None | Populated=39/68 fields
2026-05-30 13:20:00,719 | INFO |   💾 [27/470] saved
2026-05-30 13:20:00,720 | INFO | 
  [29/470]
2026-05-30 13:20:00,720 | INFO |   ⏳ 23.6s (req #263)
2026-05-30 13:20:25,540 | INFO |   GET https://www.gsmarena.com/zte_nubia_redmagic_10_air_5g-13797.php → 200
2026-05-30 13:20:25,579 | INFO |       📱 ZTE nubia RedMagic 10 Air | Main=50.0MP | Selfie=16.0MP | AnTuTu=1881709 | Price=$None | IP=IP54 | Populated=58/68 fields
2026-05-30 13:20:25,586 | INFO |   💾 [28/470] saved
2026-05-30 13:20:25,586 | INFO | 
  [30/470]
2026-05-30 13:20:25,587 | INFO |   ⏳ 34.4s (req #264)
2026-05-30 13:21:01,283 | INFO |   GET https://www.gsmarena.com/zte_nubia_focus_2_ultra-13708.php → 200
2026-05-30 13:21:01,308 | INFO |       📱 ZTE nubia Focus 2 Ultra | Main=50.0MP | Selfie=32.0MP | AnTuTu=None | Price=$None | IP=None | Populated=47/68 fields
2026-05-30 13:21:01,314 | INFO |   💾 [29/470] saved
2026-05-30 13:21:01,315 | INFO | 
  [31/470]
2026-05-30 13:21:01,315 | INFO |   ⏳ 37.4s (req #265)
2026-05-30 13:21:39,820 | INFO |   GET https://www.gsmarena.com/zte_nubia_focus_2-13709.php → 200
2026-05-30 13:21:39,861 | INFO |       📱 ZTE nubia Focus 2 | Main=108.0MP | Selfie=16.0MP | AnTuTu=None | Price=$None | IP=None | Populated=48/68 fields
2026-05-30 13:21:39,866 | INFO |   💾 [30/470] saved
2026-05-30 13:21:39,866 | INFO | 
  [32/470]
2026-05-30 13:21:39,866 | INFO |   ⏳ 34.4s (req #266)
2026-05-30 13:22:15,500 | INFO |   GET https://www.gsmarena.com/zte_nubia_neo_3_gt-13710.php → 200
2026-05-30 13:22:15,538 | INFO |       📱 ZTE nubia Neo 3 GT | Main=50.0MP | Selfie=16.0MP | AnTuTu=None | Price=$None | IP=None | Populated=43/68 fields
2026-05-30 13:22:15,544 | INFO |   💾 [31/470] saved
2026-05-30 13:22:15,545 | INFO | 
  [33/470]
2026-05-30 13:22:15,545 | INFO |   ⏳ 36.0s (req #267)
2026-05-30 13:22:52,825 | INFO |   GET https://www.gsmarena.com/zte_nubia_neo_3-13711.php → 200
2026-05-30 13:22:52,860 | INFO |       📱 ZTE nubia Neo 3 | Main=50.0MP | Selfie=16.0MP | AnTuTu=None | Price=$None | IP=None | Populated=45/68 fields
2026-05-30 13:22:52,865 | INFO |   💾 [32/470] saved
2026-05-30 13:22:52,865 | INFO | 
  [34/470]
2026-05-30 13:22:52,866 | INFO |   ⏳ 36.2s (req #268)
2026-05-30 13:23:30,137 | INFO |   GET https://www.gsmarena.com/zte_nubia_flip2-13625.php → 200
2026-05-30 13:23:30,164 | INFO |       📱 ZTE nubia Flip2 | Main=50.0MP | Selfie=32.0MP | AnTuTu=None | Price=$None | IP=None | Populated=46/68 fields
2026-05-30 13:23:30,168 | INFO |   💾 [33/470] saved
2026-05-30 13:23:30,169 | INFO | 
  [35/470]
2026-05-30 13:23:30,169 | INFO |   ⏳ 19.7s (req #269)
2026-05-30 13:23:51,148 | INFO |   GET https://www.gsmarena.com/zte_blade_v70_max-13654.php → 200
2026-05-30 13:23:51,178 | INFO |       📱 ZTE Blade V70 Max | Main=50.0MP | Selfie=8.0MP | AnTuTu=None | Price=$None | IP=IP54 | Populated=46/68 fields
2026-05-30 13:23:51,183 | INFO |   💾 [34/470] saved
2026-05-30 13:23:51,183 | INFO | 
  [36/470]
2026-05-30 13:23:51,184 | INFO |   ☕ Long pause 165s ...
2026-05-30 13:26:36,843 | INFO |   GET https://www.gsmarena.com/zte_nubia_music_2-13611.php → 200
2026-05-30 13:26:36,859 | INFO |       📱 ZTE nubia Music 2 | Main=50.0MP | Selfie=5.0MP | AnTuTu=None | Price=$None | IP=None | Populated=47/68 fields
2026-05-30 13:26:36,863 | INFO |   💾 [35/470] saved
2026-05-30 13:26:36,864 | INFO | 
  [37/470]
2026-05-30 13:26:36,864 | INFO |   ⏳ 43.1s (req #271)
2026-05-30 13:27:20,753 | INFO |   GET https://www.gsmarena.com/zte_blade_v70_design-13513.php → 200
2026-05-30 13:27:20,777 | INFO |       📱 ZTE Blade V70 Design | Main=50.0MP | Selfie=16.0MP | AnTuTu=None | Price=$None | IP=None | Populated=47/68 fields
2026-05-30 13:27:20,782 | INFO |   💾 [36/470] saved
2026-05-30 13:27:20,782 | INFO | 
  [38/470]
2026-05-30 13:27:20,782 | INFO |   ⏳ 37.3s (req #272)
2026-05-30 13:27:59,156 | INFO |   GET https://www.gsmarena.com/zte_nubia_z70_ultra-13508.php → 200
2026-05-30 13:27:59,178 | INFO |       📱 ZTE nubia Z70 Ultra | Main=50.0MP | Selfie=16.0MP | AnTuTu=2701464 | Price=$None | IP=IP68 | Populated=58/68 fields
2026-05-30 13:27:59,181 | INFO |   💾 [37/470] saved
2026-05-30 13:27:59,181 | INFO | 
  [39/470]
2026-05-30 13:27:59,182 | INFO |   ⏳ 17.0s (req #273)
2026-05-30 13:28:16,956 | INFO |   GET https://www.gsmarena.com/zte_blade_v70-13501.php → 200
2026-05-30 13:28:16,972 | INFO |       📱 ZTE Blade V70 | Main=108.0MP | Selfie=16.0MP | AnTuTu=None | Price=$None | IP=None | Populated=42/68 fields
2026-05-30 13:28:16,976 | INFO |   💾 [38/470] saved
2026-05-30 13:28:16,976 | INFO | 
  [40/470]
2026-05-30 13:28:16,976 | INFO |   ⏳ 31.6s (req #274)
2026-05-30 13:28:49,454 | INFO |   GET https://www.gsmarena.com/zte_nubia_red_magic_10_pro+-13495.php → 200
2026-05-30 13:28:49,471 | INFO |       📱 ZTE nubia RedMagic 10 Pro+ | Main=50.0MP | Selfie=16.0MP | AnTuTu=None | Price=$None | IP=None | Populated=51/68 fields
2026-05-30 13:28:49,474 | INFO |   💾 [39/470] saved
2026-05-30 13:28:49,475 | INFO | 
  [41/470]
2026-05-30 13:28:49,475 | INFO |   ⏳ 35.6s (req #275)
2026-05-30 13:29:26,043 | INFO |   GET https://www.gsmarena.com/zte_nubia_red_magic_10_pro-13496.php → 200
2026-05-30 13:29:26,062 | INFO |       📱 ZTE nubia RedMagic 10 Pro | Main=50.0MP | Selfie=16.0MP | AnTuTu=2687260 | Price=$None | IP=None | Populated=57/68 fields
2026-05-30 13:29:26,067 | INFO |   💾 [40/470] saved
2026-05-30 13:29:26,068 | INFO | 
  [42/470]
2026-05-30 13:29:26,068 | INFO |   ⏳ 19.1s (req #276)
2026-05-30 13:29:46,032 | INFO |   GET https://www.gsmarena.com/zte_blade_a55-13500.php → 200
2026-05-30 13:29:46,056 | INFO |       📱 ZTE Blade A55 | Main=13.0MP | Selfie=8.0MP | AnTuTu=None | Price=$None | IP=None | Populated=42/68 fields
2026-05-30 13:29:46,060 | INFO |   💾 [41/470] saved
2026-05-30 13:29:46,060 | INFO | 
  [43/470]
2026-05-30 13:29:46,060 | INFO |   ⏳ 15.7s (req #277)
2026-05-30 13:30:02,678 | INFO |   GET https://www.gsmarena.com/zte_blade_a35-13468.php → 200
2026-05-30 13:30:02,694 | INFO |       📱 ZTE Blade A35 | Main=8.0MP | Selfie=2.0MP | AnTuTu=None | Price=$None | IP=None | Populated=43/68 fields
2026-05-30 13:30:02,697 | INFO |   💾 [42/470] saved
2026-05-30 13:30:02,697 | INFO | 
  [44/470]
2026-05-30 13:30:02,698 | INFO |   ⏳ 42.6s (req #278)
2026-05-30 13:30:46,131 | INFO |   GET https://www.gsmarena.com/zte_blade_a75_4g-13378.php → 200
2026-05-30 13:30:46,145 | INFO |       📱 ZTE Blade A75 4G | Main=50.0MP | Selfie=8.0MP | AnTuTu=None | Price=$None | IP=None | Populated=46/68 fields
2026-05-30 13:30:46,149 | INFO |   💾 [43/470] saved
2026-05-30 13:30:46,149 | INFO | 
  [45/470]
2026-05-30 13:30:46,149 | INFO |   ⏳ 26.8s (req #279)
2026-05-30 13:31:13,723 | INFO |   GET https://www.gsmarena.com/zte_blade_v60_design-13377.php → 200
2026-05-30 13:31:13,739 | INFO |       📱 ZTE Blade V60 Design | Main=50.0MP | Selfie=8.0MP | AnTuTu=None | Price=$None | IP=None | Populated=46/68 fields
2026-05-30 13:31:13,743 | INFO |   💾 [44/470] saved
2026-05-30 13:31:13,744 | INFO | 
  [46/470]
2026-05-30 13:31:13,744 | INFO |   ⏳ 35.7s (req #280)
2026-05-30 13:31:50,340 | INFO |   GET https://www.gsmarena.com/zte_blade_a75-13376.php → 200
2026-05-30 13:31:50,357 | INFO |       📱 ZTE Blade A75 | Main=50.0MP | Selfie=8.0MP | AnTuTu=None | Price=$None | IP=None | Populated=48/68 fields
2026-05-30 13:31:50,361 | INFO |   💾 [45/470] saved
2026-05-30 13:31:50,361 | INFO | 
  [47/470]
2026-05-30 13:31:50,362 | INFO |   ⏳ 44.6s (req #281)
2026-05-30 13:32:36,970 | INFO |   GET https://www.gsmarena.com/zte_nubia_red_magic_nova-13303.php → 200
2026-05-30 13:32:37,010 | INFO |       📱 ZTE nubia RedMagic Nova | Main=50.0MP | Selfie=20.0MP | AnTuTu=2128514 | Price=$None | IP=None | Populated=49/68 fields
2026-05-30 13:32:37,017 | INFO |   💾 [46/470] saved
2026-05-30 13:32:37,018 | INFO | 
  [48/470]
2026-05-30 13:32:37,018 | INFO |   ⏳ 35.4s (req #282)
2026-05-30 13:33:13,691 | INFO |   GET https://www.gsmarena.com/zte_nubia_z60s_pro-13226.php → 200
2026-05-30 13:33:13,729 | INFO |       📱 ZTE nubia Z60S Pro | Main=50.0MP | Selfie=16.0MP | AnTuTu=None | Price=$None | IP=None | Populated=50/68 fields
2026-05-30 13:33:13,736 | INFO |   💾 [47/470] saved
2026-05-30 13:33:13,736 | INFO | 
  [49/470]
2026-05-30 13:33:13,737 | INFO |   ⏳ 25.1s (req #283)
2026-05-30 13:33:39,956 | INFO |   GET https://www.gsmarena.com/zte_nubia_z60_ultra_leading-13198.php → 200
2026-05-30 13:33:39,988 | INFO |       📱 ZTE nubia Z60 Ultra Leading | Main=50.0MP | Selfie=12.0MP | AnTuTu=1821158 | Price=$None | IP=IP68 | Populated=55/68 fields
2026-05-30 13:33:39,993 | INFO |   💾 [48/470] saved
2026-05-30 13:33:39,994 | INFO | 
  [50/470]
2026-05-30 13:33:39,994 | INFO |   ⏳ 42.1s (req #284)
2026-05-30 13:34:23,360 | INFO |   GET https://www.gsmarena.com/zte_nubia_red_magic_9s_pro+-13190.php → 200
2026-05-30 13:34:23,389 | INFO |       📱 ZTE nubia RedMagic 9S Pro+ | Main=50.0MP | Selfie=16.0MP | AnTuTu=None | Price=$None | IP=None | Populated=51/68 fields
2026-05-30 13:34:23,394 | INFO |   💾 [49/470] saved
2026-05-30 13:34:23,395 | INFO |   [51/470] SKIP vivo_s60_vitality_5g-14693.php
2026-05-30 13:34:23,395 | INFO |   [52/470] SKIP vivo_s60_5g-14692.php
2026-05-30 13:34:23,395 | INFO |   [53/470] SKIP vivo_t5-14697.php
2026-05-30 13:34:23,395 | INFO |   [54/470] SKIP ulefone_tab_a12_pro-14695.php
2026-05-30 13:34:23,395 | INFO |   [55/470] SKIP xiaomi_17_max_5g-14667.php
2026-05-30 13:34:23,395 | INFO |   [56/470] SKIP vivo_y600_turbo_5g-14687.php
2026-05-30 13:34:23,396 | INFO |   [57/470] SKIP ulefone_armor_mini_5-14694.php
2026-05-30 13:34:23,396 | INFO |   [58/470] SKIP honor_600e_5g-14688.php
2026-05-30 13:34:23,396 | INFO |   [59/470] SKIP xiaomi_17t_pro_5g-14651.php
2026-05-30 13:34:23,396 | INFO |   [60/470] SKIP xiaomi_17t_5g-14652.php
2026-05-30 13:34:23,397 | INFO |   [61/470] SKIP xiaomi_watch_s5-14696.php
2026-05-30 13:34:23,397 | INFO |   [62/470] SKIP realme_16t_5g-14674.php
2026-05-30 13:34:23,397 | INFO |   [63/470] SKIP honor_600_5g-14605.php
2026-05-30 13:34:23,397 | INFO |   [64/470] SKIP sony_xperia_1_viii_5g-14660.php
2026-05-30 13:34:23,398 | INFO |   [65/470] SKIP honor_600_pro_5g-14604.php
2026-05-30 13:34:23,398 | INFO |   [66/470] SKIP motorola_moto_g87_5g-14644.php
2026-05-30 13:34:23,398 | INFO |   [67/470] SKIP motorola_moto_g47-14645.php
2026-05-30 13:34:23,398 | INFO |   [68/470] SKIP xiaomi_17t_pro-14651.php
2026-05-30 13:34:23,398 | INFO |   [69/470] SKIP samsung_galaxy_a57-14379.php
2026-05-30 13:34:23,399 | INFO |   [70/470] SKIP xiaomi_17t-14652.php
2026-05-30 13:34:23,399 | INFO |   [71/470] SKIP samsung_galaxy_s26_ultra-14320.php
2026-05-30 13:34:23,399 | INFO |   [72/470] SKIP xiaomi_17_max-14667.php
2026-05-30 13:34:23,400 | INFO |   [73/470] SKIP samsung_galaxy_a17-14041.php
2026-05-30 13:34:23,400 | INFO |   [74/470] SKIP apple_iphone_17_pro_max-13964.php
2026-05-30 13:34:23,400 | INFO |   [75/470] SKIP xiaomi_redmi_note_15-14328.php
2026-05-30 13:34:23,401 | INFO |   [76/470] SKIP sony_xperia_1_viii-14660.php
2026-05-30 13:34:23,401 | INFO |   [77/470] SKIP honor_600_pro-14604.php
2026-05-30 13:34:23,401 | INFO |   [78/470] SKIP samsung_galaxy_a56-13603.php
2026-05-30 13:34:23,401 | INFO |   [79/470] SKIP xiaomi_15_ultra-13657.php
2026-05-30 13:34:23,402 | INFO |   [80/470] SKIP xiaomi_poco_x7_pro-13582.php
2026-05-30 13:34:23,402 | INFO |   [81/470] SKIP xiaomi_17_pro_max-14181.php
2026-05-30 13:34:23,402 | INFO |   [82/470] SKIP oneplus_15-14206.php
2026-05-30 13:34:23,403 | INFO |   [83/470] SKIP samsung_galaxy_s25-13610.php
2026-05-30 13:34:23,403 | INFO |   [84/470] SKIP xiaomi_17_ultra-14380.php
2026-05-30 13:34:23,403 | INFO |   [85/470] SKIP oppo_find_x9_pro-14094.php
2026-05-30 13:34:23,403 | INFO | 
  [86/470]
2026-05-30 13:34:23,404 | INFO |   ⏳ 32.2s (req #285)
2026-05-30 13:34:56,805 | INFO |   GET https://www.gsmarena.com/zte_nubia_red_magic_9s_pro-13191.php → 200
2026-05-30 13:34:56,838 | INFO |       📱 ZTE nubia RedMagic 9S Pro | Main=50.0MP | Selfie=16.0MP | AnTuTu=1631366 | Price=$None | IP=None | Populated=57/68 fields
2026-05-30 13:34:56,842 | INFO |   💾 [50/470] saved
2026-05-30 13:34:56,842 | INFO | 
  [87/470]
2026-05-30 13:34:56,842 | INFO |   ⏳ 17.4s (req #286)
2026-05-30 13:35:15,206 | INFO |   GET https://www.gsmarena.com/zte_voyage_3d-13178.php → 200
2026-05-30 13:35:15,232 | INFO |       📱 ZTE Voyage 3D | Main=50.0MP | Selfie=5.0MP | AnTuTu=None | Price=$None | IP=None | Populated=43/68 fields
2026-05-30 13:35:15,239 | INFO |   💾 [51/470] saved
2026-05-30 13:35:15,239 | INFO | 
  [88/470]
2026-05-30 13:35:15,239 | INFO |   ⏳ 18.0s (req #287)
2026-05-30 13:35:34,374 | INFO |   GET https://www.gsmarena.com/zte_axon_60-12988.php → 200
2026-05-30 13:35:34,403 | INFO |       📱 ZTE Axon 60 | Main=50.0MP | Selfie=32.0MP | AnTuTu=None | Price=$None | IP=None | Populated=44/68 fields
2026-05-30 13:35:34,408 | INFO |   💾 [52/470] saved
2026-05-30 13:35:34,408 | INFO | 
  [89/470]
2026-05-30 13:35:34,408 | INFO |   ⏳ 31.6s (req #288)
2026-05-30 13:36:07,133 | INFO |   GET https://www.gsmarena.com/zte_axon_60_lite-12989.php → 200
2026-05-30 13:36:07,172 | INFO |       📱 ZTE Axon 60 Lite | Main=50.0MP | Selfie=8.0MP | AnTuTu=None | Price=$None | IP=None | Populated=41/68 fields
2026-05-30 13:36:07,178 | INFO |   💾 [53/470] saved
2026-05-30 13:36:07,178 | INFO | 
  [90/470]
2026-05-30 13:36:07,178 | INFO |   ⏳ 17.3s (req #289)
2026-05-30 13:36:25,420 | INFO |   GET https://www.gsmarena.com/zte_blade_a34-13549.php → 200
2026-05-30 13:36:25,448 | INFO |       📱 ZTE Blade A34 | Main=8.0MP | Selfie=5.0MP | AnTuTu=None | Price=$None | IP=None | Populated=38/68 fields
2026-05-30 13:36:25,453 | INFO |   💾 [54/470] saved
2026-05-30 13:36:25,454 | INFO | 
  [91/470]
2026-05-30 13:36:25,454 | INFO |   ⏳ 38.3s (req #290)
2026-05-30 13:37:04,990 | INFO |   GET https://www.gsmarena.com/zte_blade_a33s-13550.php → 200
2026-05-30 13:37:05,019 | INFO |       📱 ZTE Blade A33s | Main=5.0MP | Selfie=2.0MP | AnTuTu=None | Price=$None | IP=None | Populated=38/68 fields
2026-05-30 13:37:05,023 | INFO |   💾 [55/470] saved
2026-05-30 13:37:05,024 | INFO | 
  [92/470]
2026-05-30 13:37:05,024 | INFO |   ⏳ 39.0s (req #291)
2026-05-30 13:37:45,124 | INFO |   GET https://www.gsmarena.com/zte_axon_60_ultra-12929.php → 200
2026-05-30 13:37:45,152 | INFO |       📱 ZTE Axon 60 Ultra | Main=50.0MP | Selfie=32.0MP | AnTuTu=None | Price=$None | IP=IP68 | Populated=46/68 fields
2026-05-30 13:37:45,158 | INFO |   💾 [56/470] saved
2026-05-30 13:37:45,158 | INFO | 
  [93/470]
2026-05-30 13:37:45,158 | INFO |   ⏳ 27.5s (req #292)
2026-05-30 13:38:13,813 | INFO |   GET https://www.gsmarena.com/zte_nubia_focus_pro-12850.php → 200
2026-05-30 13:38:13,845 | INFO |       📱 ZTE nubia Focus Pro | Main=108.0MP | Selfie=32.0MP | AnTuTu=None | Price=$None | IP=None | Populated=50/68 fields
2026-05-30 13:38:13,851 | INFO |   💾 [57/470] saved
2026-05-30 13:38:13,851 | INFO | 
  [94/470]
2026-05-30 13:38:13,852 | INFO |   ⏳ 36.7s (req #293)
2026-05-30 13:38:51,489 | INFO |   GET https://www.gsmarena.com/zte_nubia_focus-12849.php → 200
2026-05-30 13:38:51,519 | INFO |       📱 ZTE nubia Focus | Main=108.0MP | Selfie=5.0MP | AnTuTu=None | Price=$None | IP=None | Populated=50/68 fields
2026-05-30 13:38:51,524 | INFO |   💾 [58/470] saved
2026-05-30 13:38:51,525 | INFO | 
  [95/470]
2026-05-30 13:38:51,525 | INFO |   ⏳ 36.4s (req #294)
2026-05-30 13:39:29,299 | INFO |   GET https://www.gsmarena.com/zte_nubia_neo_2-12852.php → 200
2026-05-30 13:39:29,338 | INFO |       📱 ZTE nubia Neo 2 | Main=50.0MP | Selfie=16.0MP | AnTuTu=None | Price=$None | IP=None | Populated=47/68 fields
2026-05-30 13:39:29,343 | INFO |   💾 [59/470] saved
2026-05-30 13:39:29,344 | INFO | 
  [96/470]
2026-05-30 13:39:29,344 | INFO |   ⏳ 22.6s (req #295)
2026-05-30 13:39:52,909 | INFO |   GET https://www.gsmarena.com/zte_nubia_music-12851.php → 200
2026-05-30 13:39:52,934 | INFO |       📱 ZTE nubia Music | Main=50.0MP | Selfie=5.0MP | AnTuTu=None | Price=$None | IP=None | Populated=46/68 fields
2026-05-30 13:39:52,942 | INFO |   💾 [60/470] saved
2026-05-30 13:39:52,942 | INFO | 
  [97/470]
2026-05-30 13:39:52,942 | INFO |   ⏳ 22.7s (req #296)
2026-05-30 13:40:16,545 | INFO |   GET https://www.gsmarena.com/zte_nubia_pad_3d_ii-12853.php → 200
2026-05-30 13:40:16,573 | INFO |       📱 ZTE nubia Pad 3D II | Main=13.0MP | Selfie=8.0MP | AnTuTu=None | Price=$None | IP=None | Populated=42/68 fields
2026-05-30 13:40:16,580 | INFO |   💾 [61/470] saved
2026-05-30 13:40:16,581 | INFO | 
  [98/470]
2026-05-30 13:40:16,582 | INFO |   ⏳ 19.0s (req #297)
2026-05-30 13:40:36,774 | INFO |   GET https://www.gsmarena.com/zte_nubia_flip-12844.php → 200
2026-05-30 13:40:36,805 | INFO |       📱 ZTE nubia Flip | Main=50.0MP | Selfie=16.0MP | AnTuTu=None | Price=$None | IP=None | Populated=44/68 fields
2026-05-30 13:40:36,810 | INFO |   💾 [62/470] saved
2026-05-30 13:40:36,810 | INFO | 
  [99/470]
2026-05-30 13:40:36,811 | INFO |   ⏳ 21.2s (req #298)
2026-05-30 13:40:59,270 | INFO |   GET https://www.gsmarena.com/zte_nubia_z60_ultra-12751.php → 200
2026-05-30 13:40:59,307 | INFO |       📱 ZTE nubia Z60 Ultra | Main=50.0MP | Selfie=12.0MP | AnTuTu=2094586 | Price=$None | IP=IP68 | Populated=57/68 fields
2026-05-30 13:40:59,313 | INFO |   💾 [63/470] saved
2026-05-30 13:40:59,313 | INFO | 
  [100/470]
2026-05-30 13:40:59,313 | INFO |   ⏳ 32.2s (req #299)
2026-05-30 13:41:32,611 | INFO |   GET https://www.gsmarena.com/zte_nubia_red_magic_9_pro+-12708.php → 200
2026-05-30 13:41:32,651 | INFO |       📱 ZTE nubia RedMagic 9 Pro+ | Main=50.0MP | Selfie=16.0MP | AnTuTu=None | Price=$None | IP=None | Populated=51/68 fields
2026-05-30 13:41:32,656 | INFO |   💾 [64/470] saved
2026-05-30 13:41:32,656 | INFO | 
  [101/470]
2026-05-30 13:41:32,657 | INFO |   ☕ Long pause 221s ...
2026-05-30 13:45:15,122 | INFO |   GET https://www.gsmarena.com/zte_nubia_red_magic_9_pro-12709.php → 200
2026-05-30 13:45:15,156 | INFO |       📱 ZTE nubia RedMagic 9 Pro | Main=50.0MP | Selfie=16.0MP | AnTuTu=1629523 | Price=$None | IP=None | Populated=57/68 fields
2026-05-30 13:45:15,163 | INFO |   💾 [65/470] saved
2026-05-30 13:45:15,163 | INFO | 
  [102/470]
2026-05-30 13:45:15,164 | INFO |   ⏳ 33.5s (req #301)
2026-05-30 13:45:49,559 | INFO |   GET https://www.gsmarena.com/zte_blade_v50_design_4g-12712.php → 200
2026-05-30 13:45:49,586 | INFO |       📱 ZTE Blade V50 Design 4G | Main=50.0MP | Selfie=8.0MP | AnTuTu=None | Price=$None | IP=None | Populated=44/68 fields
2026-05-30 13:45:49,592 | INFO |   💾 [66/470] saved
2026-05-30 13:45:49,592 | INFO | 
  [103/470]
2026-05-30 13:45:49,592 | INFO |   ⏳ 22.0s (req #302)
2026-05-30 13:46:12,572 | INFO |   GET https://www.gsmarena.com/zte_blade_v50_vita-12692.php → 200
2026-05-30 13:46:12,597 | INFO |       📱 ZTE Blade V50 Vita | Main=50.0MP | Selfie=8.0MP | AnTuTu=None | Price=$None | IP=None | Populated=43/68 fields
2026-05-30 13:46:12,603 | INFO |   💾 [67/470] saved
2026-05-30 13:46:12,603 | INFO | 
  [104/470]
2026-05-30 13:46:12,603 | INFO |   ⏳ 17.4s (req #303)
2026-05-30 13:46:30,941 | INFO |   GET https://www.gsmarena.com/zte_blade_v50-12613.php → 200
2026-05-30 13:46:30,970 | INFO |       📱 ZTE Blade V50 | Main=50.0MP | Selfie=16.0MP | AnTuTu=None | Price=$None | IP=None | Populated=42/68 fields
2026-05-30 13:46:30,975 | INFO |   💾 [68/470] saved
2026-05-30 13:46:30,976 | INFO | 
  [105/470]
2026-05-30 13:46:30,976 | INFO |   ⏳ 38.3s (req #304)
2026-05-30 13:47:10,339 | INFO |   GET https://www.gsmarena.com/zte_blade_v50_design-12615.php → 200
2026-05-30 13:47:10,367 | INFO |       📱 ZTE Blade V50 Design | Main=50.0MP | Selfie=8.0MP | AnTuTu=None | Price=$None | IP=None | Populated=42/68 fields
2026-05-30 13:47:10,373 | INFO |   💾 [69/470] saved
2026-05-30 13:47:10,373 | INFO | 
  [106/470]
2026-05-30 13:47:10,373 | INFO |   ⏳ 20.2s (req #305)
2026-05-30 13:47:31,633 | INFO |   GET https://www.gsmarena.com/zte_blade_a54-12769.php → 200
2026-05-30 13:47:31,668 | INFO |       📱 ZTE Blade A54 | Main=13.0MP | Selfie=2.0MP | AnTuTu=None | Price=$None | IP=None | Populated=42/68 fields
2026-05-30 13:47:31,674 | INFO |   💾 [70/470] saved
2026-05-30 13:47:31,674 | INFO | 
  [107/470]
2026-05-30 13:47:31,674 | INFO |   ⏳ 22.6s (req #306)
2026-05-30 13:47:55,535 | INFO |   GET https://www.gsmarena.com/zte_blade_a73-12612.php → 200
2026-05-30 13:47:55,632 | INFO |       📱 ZTE Blade A73 | Main=50.0MP | Selfie=5.0MP | AnTuTu=None | Price=$None | IP=None | Populated=44/68 fields
2026-05-30 13:47:55,639 | INFO |   💾 [71/470] saved
2026-05-30 13:47:55,639 | INFO | 
  [108/470]
2026-05-30 13:47:55,639 | INFO |   ⏳ 34.7s (req #307)
2026-05-30 13:48:31,290 | INFO |   GET https://www.gsmarena.com/zte_blade_a73_5g-12611.php → 200
2026-05-30 13:48:31,314 | INFO |       📱 ZTE Blade A73 5G | Main=50.0MP | Selfie=5.0MP | AnTuTu=None | Price=$None | IP=None | Populated=44/68 fields
2026-05-30 13:48:31,322 | INFO |   💾 [72/470] saved
2026-05-30 13:48:31,323 | INFO | 
  [109/470]
2026-05-30 13:48:31,324 | INFO |   ⏳ 18.2s (req #308)
2026-05-30 13:48:50,619 | INFO |   GET https://www.gsmarena.com/zte_nubia_neo-12435.php → 200
2026-05-30 13:48:50,649 | INFO |       📱 ZTE nubia Neo | Main=50.0MP | Selfie=8.0MP | AnTuTu=None | Price=$None | IP=None | Populated=46/68 fields
2026-05-30 13:48:50,654 | INFO |   💾 [73/470] saved
2026-05-30 13:48:50,655 | INFO | 
  [110/470]
2026-05-30 13:48:50,655 | INFO |   ⏳ 41.1s (req #309)
2026-05-30 13:49:32,868 | INFO |   GET https://www.gsmarena.com/zte_nubia_z50s_pro-12428.php → 200
2026-05-30 13:49:32,899 | INFO |       📱 ZTE nubia Z50S Pro | Main=50.0MP | Selfie=16.0MP | AnTuTu=1650939 | Price=$None | IP=None | Populated=54/68 fields
2026-05-30 13:49:32,904 | INFO |   💾 [74/470] saved
2026-05-30 13:49:32,904 | INFO | 
  [111/470]
2026-05-30 13:49:32,904 | INFO |   ⏳ 24.3s (req #310)
2026-05-30 13:49:58,305 | INFO |   GET https://www.gsmarena.com/zte_nubia_red_magic_tablet-12402.php → 200
2026-05-30 13:49:58,335 | INFO |       📱 ZTE nubia RedMagic Tablet | Main=13.0MP | Selfie=16.0MP | AnTuTu=None | Price=$None | IP=None | Populated=43/68 fields
2026-05-30 13:49:58,340 | INFO |   💾 [75/470] saved
2026-05-30 13:49:58,341 | INFO | 
  [112/470]
2026-05-30 13:49:58,341 | INFO |   ⏳ 22.6s (req #311)
2026-05-30 13:50:22,075 | INFO |   GET https://www.gsmarena.com/zte_nubia_red_magic_8s_pro+-12399.php → 200
2026-05-30 13:50:22,114 | INFO |       📱 ZTE nubia RedMagic 8S Pro+ | Main=50.0MP | Selfie=16.0MP | AnTuTu=None | Price=$None | IP=None | Populated=50/68 fields
2026-05-30 13:50:22,120 | INFO |   💾 [76/470] saved
2026-05-30 13:50:22,120 | INFO | 
  [113/470]
2026-05-30 13:50:22,120 | INFO |   ⏳ 20.7s (req #312)
2026-05-30 13:50:43,855 | INFO |   GET https://www.gsmarena.com/zte_nubia_red_magic_8s_pro-12398.php → 200
2026-05-30 13:50:43,886 | INFO |       📱 ZTE nubia RedMagic 8S Pro | Main=50.0MP | Selfie=16.0MP | AnTuTu=1326652 | Price=$None | IP=None | Populated=54/68 fields
2026-05-30 13:50:43,892 | INFO |   💾 [77/470] saved
2026-05-30 13:50:43,892 | INFO | 
  [114/470]
2026-05-30 13:50:43,893 | INFO |   ⏳ 38.4s (req #313)
2026-05-30 13:51:23,523 | INFO |   GET https://www.gsmarena.com/zte_blade_a53_pro-13552.php → 200
2026-05-30 13:51:23,549 | INFO |       📱 ZTE Blade A53 Pro | Main=13.0MP | Selfie=5.0MP | AnTuTu=None | Price=$None | IP=None | Populated=40/68 fields
2026-05-30 13:51:23,555 | INFO |   💾 [78/470] saved
2026-05-30 13:51:23,555 | INFO | 
  [115/470]
2026-05-30 13:51:23,556 | INFO |   ⏳ 20.3s (req #314)
2026-05-30 13:51:44,905 | INFO |   GET https://www.gsmarena.com/zte_blade_a53-13551.php → 200
2026-05-30 13:51:44,929 | INFO |       📱 ZTE Blade A53 | Main=8.0MP | Selfie=5.0MP | AnTuTu=None | Price=$None | IP=None | Populated=40/68 fields
2026-05-30 13:51:44,936 | INFO |   💾 [79/470] saved
2026-05-30 13:51:44,936 | INFO | 
  [116/470]
2026-05-30 13:51:44,936 | INFO |   ⏳ 43.5s (req #315)
2026-05-30 13:52:29,751 | INFO |   GET https://www.gsmarena.com/zte_blade_a72s-12455.php → 200
2026-05-30 13:52:29,774 | INFO |       📱 ZTE Blade A72s | Main=50.0MP | Selfie=5.0MP | AnTuTu=None | Price=$None | IP=None | Populated=44/68 fields
2026-05-30 13:52:29,783 | INFO |   💾 [80/470] saved
2026-05-30 13:52:29,783 | INFO | 
  [117/470]
2026-05-30 13:52:29,783 | INFO |   ⏳ 27.4s (req #316)
2026-05-30 13:52:58,321 | INFO |   GET https://www.gsmarena.com/zte_v70-12341.php → 200
2026-05-30 13:52:58,349 | INFO |       📱 ZTE V70 | Main=64.0MP | Selfie=16.0MP | AnTuTu=None | Price=$None | IP=None | Populated=43/68 fields
2026-05-30 13:52:58,355 | INFO |   💾 [81/470] saved
2026-05-30 13:52:58,356 | INFO | 
  [118/470]
2026-05-30 13:52:58,356 | INFO |   ⏳ 38.7s (req #317)
2026-05-30 13:53:38,010 | INFO |   GET https://www.gsmarena.com/zte_axon_50_ultra-12228.php → 200
2026-05-30 13:53:38,048 | INFO |       📱 ZTE Axon 50 Ultra | Main=64.0MP | Selfie=32.0MP | AnTuTu=None | Price=$None | IP=IP54 | Populated=48/68 fields
2026-05-30 13:53:38,054 | INFO |   💾 [82/470] saved
2026-05-30 13:53:38,055 | INFO | 
  [119/470]
2026-05-30 13:53:38,055 | INFO |   ⏳ 26.9s (req #318)
2026-05-30 13:54:06,041 | INFO |   GET https://www.gsmarena.com/zte_axon_pad-12229.php → 200
2026-05-30 13:54:06,066 | INFO |       📱 ZTE Axon Pad | Main=13.0MP | Selfie=16.0MP | AnTuTu=None | Price=$None | IP=None | Populated=43/68 fields
2026-05-30 13:54:06,071 | INFO |   💾 [83/470] saved
2026-05-30 13:54:06,071 | INFO | 
  [120/470]
2026-05-30 13:54:06,071 | INFO |   ⏳ 18.0s (req #319)
2026-05-30 13:54:25,241 | INFO |   GET https://www.gsmarena.com/zte_nubia_z50_ultra-12157.php → 200
2026-05-30 13:54:25,270 | INFO |       📱 ZTE nubia Z50 Ultra | Main=64.0MP | Selfie=16.0MP | AnTuTu=None | Price=$None | IP=None | Populated=49/68 fields
2026-05-30 13:54:25,275 | INFO |   💾 [84/470] saved
2026-05-30 13:54:25,275 | INFO | 
  [121/470]
2026-05-30 13:54:25,276 | INFO |   ⏳ 19.2s (req #320)
2026-05-30 13:54:45,368 | INFO |   GET https://www.gsmarena.com/zte_nubia_pad_3d-12152.php → 200
2026-05-30 13:54:45,397 | INFO |       📱 ZTE nubia Pad 3D | Main=16.0MP | Selfie=8.0MP | AnTuTu=None | Price=$None | IP=None | Populated=44/68 fields
2026-05-30 13:54:45,403 | INFO |   💾 [85/470] saved
2026-05-30 13:54:45,403 | INFO | 
  [122/470]
2026-05-30 13:54:45,404 | INFO |   ⏳ 44.7s (req #321)
2026-05-30 13:55:31,553 | INFO |   GET https://www.gsmarena.com/zte_blade_v40-12104.php → 200
2026-05-30 13:55:31,584 | INFO |       📱 ZTE Blade V40 | Main=48.0MP | Selfie=8.0MP | AnTuTu=None | Price=$None | IP=None | Populated=40/68 fields
2026-05-30 13:55:31,590 | INFO |   💾 [86/470] saved
2026-05-30 13:55:31,591 | INFO | 
  [123/470]
2026-05-30 13:55:31,591 | INFO |   ⏳ 26.3s (req #322)
2026-05-30 13:55:58,943 | INFO |   GET https://www.gsmarena.com/zte_blade_v40_design-12096.php → 200
2026-05-30 13:55:58,969 | INFO |       📱 ZTE Blade V40 Design | Main=50.0MP | Selfie=8.0MP | AnTuTu=None | Price=$None | IP=None | Populated=44/68 fields
2026-05-30 13:55:58,979 | INFO |   💾 [87/470] saved
2026-05-30 13:55:58,980 | INFO | 
  [124/470]
2026-05-30 13:55:58,980 | INFO |   ⏳ 18.7s (req #323)
2026-05-30 13:56:19,000 | INFO |   GET https://www.gsmarena.com/zte_nubia_red_magic_8_pro+-12042.php → 200
2026-05-30 13:56:19,041 | INFO |       📱 ZTE nubia RedMagic 8 Pro+ | Main=50.0MP | Selfie=16.0MP | AnTuTu=None | Price=$None | IP=None | Populated=50/68 fields
2026-05-30 13:56:19,047 | INFO |   💾 [88/470] saved
2026-05-30 13:56:19,047 | INFO | 
  [125/470]
2026-05-30 13:56:19,048 | INFO |   ⏳ 37.2s (req #324)
2026-05-30 13:56:57,561 | INFO |   GET https://www.gsmarena.com/zte_nubia_red_magic_8_pro-12015.php → 200
2026-05-30 13:56:57,597 | INFO |       📱 ZTE nubia RedMagic 8 Pro | Main=50.0MP | Selfie=16.0MP | AnTuTu=1288866 | Price=$None | IP=None | Populated=55/68 fields
2026-05-30 13:56:57,603 | INFO |   💾 [89/470] saved
2026-05-30 13:56:57,604 | INFO | 
  [126/470]
2026-05-30 13:56:57,604 | INFO |   ⏳ 36.0s (req #325)
2026-05-30 13:57:34,618 | INFO |   GET https://www.gsmarena.com/zte_nubia_z50-12031.php → 200
2026-05-30 13:57:34,649 | INFO |       📱 ZTE nubia Z50 | Main=64.0MP | Selfie=16.0MP | AnTuTu=None | Price=$None | IP=None | Populated=50/68 fields
2026-05-30 13:57:34,656 | INFO |   💾 [90/470] saved
2026-05-30 13:57:34,656 | INFO | 
  [127/470]
2026-05-30 13:57:34,657 | INFO |   ⏳ 39.0s (req #326)
2026-05-30 13:58:14,740 | INFO |   GET https://www.gsmarena.com/zte_blade_v41_vita-12018.php → 200
2026-05-30 13:58:14,771 | INFO |       📱 ZTE Blade V41 Vita | Main=50.0MP | Selfie=8.0MP | AnTuTu=None | Price=$None | IP=None | Populated=45/68 fields
2026-05-30 13:58:14,776 | INFO |   💾 [91/470] saved
2026-05-30 13:58:14,777 | INFO | 
  [128/470]
2026-05-30 13:58:14,777 | INFO |   ⏳ 22.3s (req #327)
2026-05-30 13:58:38,346 | INFO |   GET https://www.gsmarena.com/zte_voyage_40_pro+-12006.php → 200
2026-05-30 13:58:38,373 | INFO |       📱 ZTE Voyage 40 Pro+ | Main=64.0MP | Selfie=16.0MP | AnTuTu=None | Price=$None | IP=None | Populated=44/68 fields
2026-05-30 13:58:38,380 | INFO |   💾 [92/470] saved
2026-05-30 13:58:38,381 | INFO | 
  [129/470]
2026-05-30 13:58:38,381 | INFO |   ⏳ 38.4s (req #328)
2026-05-30 13:59:17,793 | INFO |   GET https://www.gsmarena.com/zte_axon_40_ultra_space_edition-12005.php → 200
2026-05-30 13:59:17,822 | INFO |       📱 ZTE Axon 40 Ultra Space Edition | Main=64.0MP | Selfie=16.0MP | AnTuTu=None | Price=$None | IP=None | Populated=50/68 fields
2026-05-30 13:59:17,828 | INFO |   💾 [93/470] saved
2026-05-30 13:59:17,828 | INFO | 
  [130/470]
2026-05-30 13:59:17,828 | INFO |   ⏳ 29.6s (req #329)
2026-05-30 13:59:48,417 | INFO |   GET https://www.gsmarena.com/zte_axon_40_se-11944.php → 200
2026-05-30 13:59:48,454 | INFO |       📱 ZTE Axon 40 SE | Main=50.0MP | Selfie=8.0MP | AnTuTu=None | Price=$None | IP=None | Populated=44/68 fields
2026-05-30 13:59:48,461 | INFO |   💾 [94/470] saved
2026-05-30 13:59:48,462 | INFO | 
  [131/470]
2026-05-30 13:59:48,462 | INFO |   ☕ Long pause 156s ...
2026-05-30 14:02:25,014 | INFO |   GET https://www.gsmarena.com/zte_blade_v40s-11917.php → 200
2026-05-30 14:02:25,045 | INFO |       📱 ZTE Blade V40s | Main=50.0MP | Selfie=8.0MP | AnTuTu=None | Price=$None | IP=None | Populated=44/68 fields
2026-05-30 14:02:25,050 | INFO |   💾 [95/470] saved
2026-05-30 14:02:25,050 | INFO | 
  [132/470]
2026-05-30 14:02:25,050 | INFO |   ⏳ 34.2s (req #331)
2026-05-30 14:03:00,518 | INFO |   GET https://www.gsmarena.com/zte_axon_30s-11901.php → 200
2026-05-30 14:03:00,550 | INFO |       📱 ZTE Axon 30S | Main=64.0MP | Selfie=16.0MP | AnTuTu=None | Price=$None | IP=None | Populated=50/68 fields
2026-05-30 14:03:00,555 | INFO |   💾 [96/470] saved
2026-05-30 14:03:00,555 | INFO | 
  [133/470]
2026-05-30 14:03:00,556 | INFO |   ⏳ 43.3s (req #332)
2026-05-30 14:03:44,879 | INFO |   GET https://www.gsmarena.com/zte_nubia_z40s_pro-11698.php → 200
2026-05-30 14:03:44,910 | INFO |       📱 ZTE nubia Z40S Pro | Main=64.0MP | Selfie=16.0MP | AnTuTu=None | Price=$None | IP=None | Populated=50/68 fields
2026-05-30 14:03:44,915 | INFO |   💾 [97/470] saved
2026-05-30 14:03:44,915 | INFO | 
  [134/470]
2026-05-30 14:03:44,915 | INFO |   ⏳ 35.2s (req #333)
2026-05-30 14:04:26,433 | INFO |   GET https://www.gsmarena.com/zte_nubia_red_magic_7s_pro-11649.php → 200
2026-05-30 14:04:26,471 | INFO |       📱 ZTE nubia RedMagic 7S Pro | Main=64.0MP | Selfie=16.0MP | AnTuTu=None | Price=$None | IP=None | Populated=53/68 fields
2026-05-30 14:04:26,477 | INFO |   💾 [98/470] saved
2026-05-30 14:04:26,477 | INFO | 
  [135/470]
2026-05-30 14:04:26,477 | INFO |   ⏳ 24.3s (req #334)
2026-05-30 14:04:53,845 | INFO |   GET https://www.gsmarena.com/zte_nubia_red_magic_7s-11664.php → 200
2026-05-30 14:04:53,874 | INFO |       📱 ZTE nubia RedMagic 7S | Main=64.0MP | Selfie=8.0MP | AnTuTu=None | Price=$None | IP=None | Populated=49/68 fields
2026-05-30 14:04:53,880 | INFO |   💾 [99/470] saved
2026-05-30 14:04:53,881 | INFO | 
  [136/470]
2026-05-30 14:04:53,881 | INFO |   ⏳ 30.4s (req #335)
2026-05-30 14:05:31,567 | INFO |   GET https://www.gsmarena.com/zte_blade_v40_pro-11660.php → 200
2026-05-30 14:05:31,606 | INFO |       📱 ZTE Blade V40 Pro | Main=64.0MP | Selfie=16.0MP | AnTuTu=None | Price=$None | IP=None | Populated=41/68 fields
2026-05-30 14:05:31,613 | INFO |   💾 [100/470] saved
2026-05-30 14:05:31,613 | INFO | 
  [137/470]
2026-05-30 14:05:31,613 | INFO |   ⏳ 30.5s (req #336)
2026-05-30 14:06:07,259 | INFO |   GET https://www.gsmarena.com/zte_blade_a72_5g-11958.php → 200
2026-05-30 14:06:07,283 | INFO |       📱 ZTE Blade A72 5G | Main=13.0MP | Selfie=5.0MP | AnTuTu=None | Price=$None | IP=None | Populated=44/68 fields
2026-05-30 14:06:07,292 | INFO |   💾 [101/470] saved
2026-05-30 14:06:07,293 | INFO | 
  [138/470]
2026-05-30 14:06:07,294 | INFO |   ⏳ 32.9s (req #337)
2026-05-30 14:06:41,824 | INFO |   GET https://www.gsmarena.com/zte_blade_a72-11612.php → 200
2026-05-30 14:06:41,846 | INFO |       📱 ZTE Blade A72 | Main=13.0MP | Selfie=5.0MP | AnTuTu=None | Price=$None | IP=None | Populated=41/68 fields
2026-05-30 14:06:41,854 | INFO |   💾 [102/470] saved
2026-05-30 14:06:41,856 | INFO | 
  [139/470]
2026-05-30 14:06:41,856 | INFO |   ⏳ 29.1s (req #338)
2026-05-30 14:07:13,274 | INFO |   GET https://www.gsmarena.com/zte_blade_a52_lite-11927.php → 200
2026-05-30 14:07:13,292 | INFO |       📱 ZTE Blade A52 Lite | Main=13.0MP | Selfie=5.0MP | AnTuTu=None | Price=$None | IP=None | Populated=35/68 fields
2026-05-30 14:07:13,301 | INFO |   💾 [103/470] saved
2026-05-30 14:07:13,302 | INFO | 
  [140/470]
2026-05-30 14:07:13,306 | INFO |   ⏳ 43.0s (req #339)
2026-05-30 14:07:58,644 | INFO |   GET https://www.gsmarena.com/zte_blade_a52-11611.php → 200
2026-05-30 14:07:58,666 | INFO |       📱 ZTE Blade A52 | Main=13.0MP | Selfie=5.0MP | AnTuTu=None | Price=$None | IP=None | Populated=41/68 fields
2026-05-30 14:07:58,672 | INFO |   💾 [104/470] saved
2026-05-30 14:07:58,676 | INFO | 
  [141/470]
2026-05-30 14:07:58,677 | INFO |   ⏳ 27.7s (req #340)
2026-05-30 14:08:27,606 | INFO |   GET https://www.gsmarena.com/zte_axon_40_pro-11516.php → 200
2026-05-30 14:08:27,635 | INFO |       📱 ZTE Axon 40 Pro | Main=108.0MP | Selfie=16.0MP | AnTuTu=None | Price=$None | IP=None | Populated=49/68 fields
2026-05-30 14:08:27,641 | INFO |   💾 [105/470] saved
2026-05-30 14:08:27,642 | INFO | 
  [142/470]
2026-05-30 14:08:27,642 | INFO |   ⏳ 34.7s (req #341)
2026-05-30 14:09:03,494 | INFO |   GET https://www.gsmarena.com/zte_a41_ultra_5g-14012.php → 200
2026-05-30 14:09:03,530 | INFO |       📱 ZTE A41 Ultra | Main=64.0MP | Selfie=44.0MP | AnTuTu=None | Price=$None | IP=None | Populated=45/68 fields
2026-05-30 14:09:03,536 | INFO |   💾 [106/470] saved
2026-05-30 14:09:03,536 | INFO | 
  [143/470]
2026-05-30 14:09:03,537 | INFO |   ⏳ 39.2s (req #342)
2026-05-30 14:09:49,942 | INFO |   GET https://www.gsmarena.com/zte_axon_40_ultra-11510.php → 200
2026-05-30 14:09:49,975 | INFO |       📱 ZTE Axon 40 Ultra | Main=64.0MP | Selfie=16.0MP | AnTuTu=884923 | Price=$None | IP=None | Populated=54/68 fields
2026-05-30 14:09:49,982 | INFO |   💾 [107/470] saved
2026-05-30 14:09:49,982 | INFO | 
  [144/470]
2026-05-30 14:09:49,982 | INFO |   ⏳ 41.0s (req #343)
2026-05-30 14:10:37,874 | INFO |   GET https://www.gsmarena.com/zte_nubia_z40_pro-11379.php → 200
2026-05-30 14:10:37,904 | INFO |       📱 ZTE nubia Z40 Pro | Main=64.0MP | Selfie=16.0MP | AnTuTu=None | Price=$None | IP=None | Populated=49/68 fields
2026-05-30 14:10:37,912 | INFO |   💾 [108/470] saved
2026-05-30 14:10:37,913 | INFO | 
  [145/470]
2026-05-30 14:10:37,913 | INFO |   ⏳ 18.6s (req #344)
2026-05-30 14:10:57,731 | INFO |   GET https://www.gsmarena.com/zte_blade_v40_vita-11579.php → 200
2026-05-30 14:10:57,773 | INFO |       📱 ZTE Blade V40 Vita | Main=48.0MP | Selfie=8.0MP | AnTuTu=None | Price=$None | IP=None | Populated=45/68 fields
2026-05-30 14:10:57,780 | INFO |   💾 [109/470] saved
2026-05-30 14:10:57,780 | INFO | 
  [146/470]
2026-05-30 14:10:57,780 | INFO |   ⏳ 32.4s (req #345)
2026-05-30 14:11:47,469 | INFO |   GET https://www.gsmarena.com/zte_nubia_red_magic_7_pro-11364.php → 200
2026-05-30 14:11:47,504 | INFO |       📱 ZTE nubia RedMagic 7 Pro | Main=64.0MP | Selfie=16.0MP | AnTuTu=1056511 | Price=$None | IP=None | Populated=55/68 fields
2026-05-30 14:11:47,511 | INFO |   💾 [110/470] saved
2026-05-30 14:11:47,511 | INFO | 
  [147/470]
2026-05-30 14:11:47,511 | INFO |   ⏳ 30.6s (req #346)
2026-05-30 14:12:22,057 | INFO |   GET https://www.gsmarena.com/zte_nubia_red_magic_7-11363.php → 200
2026-05-30 14:12:22,117 | INFO |       📱 ZTE nubia RedMagic 7 | Main=64.0MP | Selfie=8.0MP | AnTuTu=1056488 | Price=$None | IP=None | Populated=55/68 fields
2026-05-30 14:12:22,124 | INFO |   💾 [111/470] saved
2026-05-30 14:12:22,125 | INFO | 
  [148/470]
2026-05-30 14:12:22,125 | INFO |   ⏳ 36.1s (req #347)
2026-05-30 14:13:00,773 | INFO |   GET https://www.gsmarena.com/zte_blade_a3_plus-11702.php → 200
2026-05-30 14:13:00,820 | INFO |       📱 ZTE Blade A3 Plus | Main=5.0MP | Selfie=3.0MP | AnTuTu=None | Price=$None | IP=None | Populated=39/68 fields
2026-05-30 14:13:00,826 | INFO |   💾 [112/470] saved
2026-05-30 14:13:00,827 | INFO | 
  [149/470]
2026-05-30 14:13:00,827 | INFO |   ⏳ 34.0s (req #348)
2026-05-30 14:13:37,316 | INFO |   GET https://www.gsmarena.com/zte_blade_a7p-11700.php → 200
2026-05-30 14:13:37,343 | INFO |       📱 ZTE Blade A7P | Main=13.0MP | Selfie=5.0MP | AnTuTu=None | Price=$None | IP=None | Populated=38/68 fields
2026-05-30 14:13:37,350 | INFO |   💾 [113/470] saved
2026-05-30 14:13:37,350 | INFO | 
  [150/470]
2026-05-30 14:13:37,350 | INFO |   ⏳ 38.4s (req #349)
2026-05-30 14:14:18,361 | INFO |   GET https://www.gsmarena.com/zte_voyage_20_pro-11243.php → 200
2026-05-30 14:14:18,383 | INFO |       📱 ZTE Voyage 20 Pro | Main=64.0MP | Selfie=16.0MP | AnTuTu=None | Price=$None | IP=None | Populated=46/68 fields
2026-05-30 14:14:18,391 | INFO |   💾 [114/470] saved
2026-05-30 14:14:18,392 | INFO | 
  [151/470]
2026-05-30 14:14:18,393 | INFO |   ⏳ 20.2s (req #350)
2026-05-30 14:14:42,684 | INFO |   GET https://www.gsmarena.com/zte_avid_589-11721.php → 200
2026-05-30 14:14:42,720 | INFO |       📱 ZTE Avid 589 | Main=8.0MP | Selfie=2.0MP | AnTuTu=None | Price=$None | IP=None | Populated=39/68 fields
2026-05-30 14:14:42,727 | INFO |   💾 [115/470] saved
2026-05-30 14:14:42,727 | INFO | 
  [152/470]
2026-05-30 14:14:42,728 | INFO |   ⏳ 31.0s (req #351)
2026-05-30 14:15:17,301 | INFO |   GET https://www.gsmarena.com/zte_blade_a71-11240.php → 200
2026-05-30 14:15:17,329 | INFO |       📱 ZTE Blade A71 | Main=16.0MP | Selfie=8.0MP | AnTuTu=None | Price=$None | IP=None | Populated=44/68 fields
2026-05-30 14:15:17,340 | INFO |   💾 [116/470] saved
2026-05-30 14:15:17,340 | INFO | 
  [153/470]
2026-05-30 14:15:17,343 | INFO |   ⏳ 33.3s (req #352)
2026-05-30 14:15:54,308 | INFO |   GET https://www.gsmarena.com/zte_blade_a31_plus-11237.php → 200
2026-05-30 14:15:54,335 | INFO |       📱 ZTE Blade A31 Plus | Main=5.0MP | Selfie=2.0MP | AnTuTu=None | Price=$None | IP=None | Populated=39/68 fields
2026-05-30 14:15:54,341 | INFO |   💾 [117/470] saved
2026-05-30 14:15:54,341 | INFO | 
  [154/470]
2026-05-30 14:15:54,342 | INFO |   ⏳ 28.8s (req #353)
2026-05-30 14:16:25,881 | INFO |   GET https://www.gsmarena.com/zte_blade_a31-11238.php → 200
2026-05-30 14:16:25,944 | INFO |       📱 ZTE Blade A31 | Main=8.0MP | Selfie=2.0MP | AnTuTu=None | Price=$None | IP=None | Populated=40/68 fields
2026-05-30 14:16:25,951 | INFO |   💾 [118/470] saved
2026-05-30 14:16:25,951 | INFO | 
  [155/470]
2026-05-30 14:16:25,951 | INFO |   ⏳ 34.1s (req #354)
2026-05-30 14:17:01,565 | INFO |   GET https://www.gsmarena.com/zte_blade_a31_lite-11946.php → 200
2026-05-30 14:17:01,592 | INFO |       📱 ZTE Blade A31 Lite | Main=5.0MP | Selfie=2.0MP | AnTuTu=None | Price=$None | IP=None | Populated=41/68 fields
2026-05-30 14:17:01,598 | INFO |   💾 [119/470] saved
2026-05-30 14:17:01,599 | INFO | 
  [156/470]
2026-05-30 14:17:01,599 | INFO |   ⏳ 41.1s (req #355)
2026-05-30 14:17:44,553 | INFO |   GET https://www.gsmarena.com/zte_blade_a51-11239.php → 200
2026-05-30 14:17:44,575 | INFO |       📱 ZTE Blade A51 | Main=13.0MP | Selfie=5.0MP | AnTuTu=None | Price=$None | IP=None | Populated=40/68 fields
2026-05-30 14:17:44,581 | INFO |   💾 [120/470] saved
2026-05-30 14:17:44,582 | INFO | 
  [157/470]
2026-05-30 14:17:44,583 | INFO |   ⏳ 17.7s (req #356)
2026-05-30 14:18:03,382 | INFO |   GET https://www.gsmarena.com/zte_blade_l9-11203.php → 200
2026-05-30 14:18:03,410 | INFO |       📱 ZTE Blade L9 | Main=5.0MP | Selfie=2.0MP | AnTuTu=None | Price=$None | IP=None | Populated=39/68 fields
2026-05-30 14:18:03,415 | INFO |   💾 [121/470] saved
2026-05-30 14:18:03,415 | INFO | 
  [158/470]
2026-05-30 14:18:03,416 | INFO |   ⏳ 24.9s (req #357)
2026-05-30 14:18:29,539 | INFO |   GET https://www.gsmarena.com/zte_nubia_red_magic_6s_pro-11083.php → 200
2026-05-30 14:18:29,590 | INFO |       📱 ZTE nubia RedMagic 6s Pro | Main=64.0MP | Selfie=8.0MP | AnTuTu=758329 | Price=$None | IP=None | Populated=54/68 fields
2026-05-30 14:18:29,599 | INFO |   💾 [122/470] saved
2026-05-30 14:18:29,599 | INFO | 
  [159/470]
2026-05-30 14:18:29,599 | INFO |   ⏳ 25.1s (req #358)
2026-05-30 14:18:55,792 | INFO |   GET https://www.gsmarena.com/zte_nubia_red_magic_6s-11082.php → 200
2026-05-30 14:18:55,832 | INFO |       📱 ZTE nubia RedMagic 6s | Main=64.0MP | Selfie=8.0MP | AnTuTu=None | Price=$None | IP=None | Populated=50/68 fields
2026-05-30 14:18:55,843 | INFO |   💾 [123/470] saved
2026-05-30 14:18:55,844 | INFO | 
  [160/470]
2026-05-30 14:18:55,844 | INFO |   ⏳ 16.7s (req #359)
2026-05-30 14:19:14,760 | INFO |   GET https://www.gsmarena.com/zte_axon_30_5g-11020.php → 200
2026-05-30 14:19:14,823 | INFO |       📱 ZTE Axon 30 5G | Main=64.0MP | Selfie=16.0MP | AnTuTu=701991 | Price=$None | IP=None | Populated=54/68 fields
2026-05-30 14:19:14,831 | INFO |   💾 [124/470] saved
2026-05-30 14:19:14,833 | INFO | 
  [161/470]
2026-05-30 14:19:14,834 | INFO |   ☕ Long pause 289s ...
2026-05-30 14:24:05,789 | INFO |   GET https://www.gsmarena.com/zte_blade_v30_vita-11018.php → 200
2026-05-30 14:24:05,813 | INFO |       📱 ZTE Blade V30 Vita | Main=48.0MP | Selfie=8.0MP | AnTuTu=None | Price=$None | IP=None | Populated=37/68 fields
2026-05-30 14:24:05,826 | INFO |   💾 [125/470] saved
2026-05-30 14:24:05,827 | INFO | 
  [162/470]
2026-05-30 14:24:05,828 | INFO |   ⏳ 29.1s (req #361)
2026-05-30 14:24:37,392 | INFO |   GET https://www.gsmarena.com/zte_blade_v30-11009.php → 200
2026-05-30 14:24:37,416 | INFO |       📱 ZTE Blade V30 | Main=64.0MP | Selfie=16.0MP | AnTuTu=None | Price=$None | IP=None | Populated=42/68 fields
2026-05-30 14:24:37,426 | INFO |   💾 [126/470] saved
2026-05-30 14:24:37,426 | INFO | 
  [163/470]
2026-05-30 14:24:37,426 | INFO |   ⏳ 23.5s (req #362)
2026-05-30 14:25:04,027 | INFO |   GET https://www.gsmarena.com/zte_nubia_red_magic_6r-10929.php → 200
2026-05-30 14:25:04,064 | INFO |       📱 ZTE nubia RedMagic 6R | Main=64.0MP | Selfie=16.0MP | AnTuTu=708156 | Price=$None | IP=None | Populated=54/68 fields
2026-05-30 14:25:04,070 | INFO |   💾 [127/470] saved
2026-05-30 14:25:04,071 | INFO | 
  [164/470]
2026-05-30 14:25:04,071 | INFO |   ⏳ 43.2s (req #363)
2026-05-30 14:25:49,592 | INFO |   GET https://www.gsmarena.com/zte_nubia_z30_pro-10914.php → 200
2026-05-30 14:25:49,624 | INFO |       📱 ZTE nubia Z30 Pro | Main=64.0MP | Selfie=16.0MP | AnTuTu=None | Price=$None | IP=None | Populated=50/68 fields
2026-05-30 14:25:49,631 | INFO |   💾 [128/470] saved
2026-05-30 14:25:49,632 | INFO | 
  [165/470]
2026-05-30 14:25:49,633 | INFO |   ⏳ 24.2s (req #364)
2026-05-30 14:26:15,339 | INFO |   GET https://www.gsmarena.com/zte_blade_11_prime-10885.php → 200
2026-05-30 14:26:15,365 | INFO |       📱 ZTE Blade 11 Prime | Main=16.0MP | Selfie=8.0MP | AnTuTu=None | Price=$None | IP=None | Populated=42/68 fields
2026-05-30 14:26:15,375 | INFO |   💾 [129/470] saved
2026-05-30 14:26:15,379 | INFO | 
  [166/470]
2026-05-30 14:26:15,379 | INFO |   ⏳ 42.4s (req #365)
2026-05-30 14:27:00,052 | INFO |   GET https://www.gsmarena.com/zte_axon_30_ultra_5g-10837.php → 200
2026-05-30 14:27:00,099 | INFO |       📱 ZTE Axon 30 Ultra 5G | Main=64.0MP | Selfie=16.0MP | AnTuTu=703270 | Price=$None | IP=None | Populated=56/68 fields
2026-05-30 14:27:00,105 | INFO |   💾 [130/470] saved
2026-05-30 14:27:00,105 | INFO | 
  [167/470]
2026-05-30 14:27:00,105 | INFO |   ⏳ 29.1s (req #366)
2026-05-30 14:27:31,924 | INFO |   GET https://www.gsmarena.com/zte_axon_30_pro_5g-10858.php → 200
2026-05-30 14:27:31,961 | INFO |       📱 ZTE Axon 30 Pro 5G | Main=64.0MP | Selfie=16.0MP | AnTuTu=None | Price=$None | IP=None | Populated=50/68 fields
2026-05-30 14:27:31,972 | INFO |   💾 [131/470] saved
2026-05-30 14:27:31,974 | INFO | 
  [168/470]
2026-05-30 14:27:31,974 | INFO |   ⏳ 28.4s (req #367)
2026-05-30 14:28:02,398 | INFO |   GET https://www.gsmarena.com/zte_s30_pro-10798.php → 200
2026-05-30 14:28:02,419 | INFO |       📱 ZTE S30 Pro | Main=64.0MP | Selfie=44.0MP | AnTuTu=None | Price=$None | IP=None | Populated=47/68 fields
2026-05-30 14:28:02,426 | INFO |   💾 [132/470] saved
2026-05-30 14:28:02,426 | INFO | 
  [169/470]
2026-05-30 14:28:02,426 | INFO |   ⏳ 39.1s (req #368)
2026-05-30 14:28:43,839 | INFO |   GET https://www.gsmarena.com/zte_s30-10820.php → 200
2026-05-30 14:28:43,861 | INFO |       📱 ZTE S30 | Main=64.0MP | Selfie=16.0MP | AnTuTu=None | Price=$None | IP=None | Populated=47/68 fields
2026-05-30 14:28:43,868 | INFO |   💾 [133/470] saved
2026-05-30 14:28:43,869 | INFO | 
  [170/470]
2026-05-30 14:28:43,869 | INFO |   ⏳ 16.7s (req #369)
2026-05-30 14:29:02,357 | INFO |   GET https://www.gsmarena.com/zte_s30_se-10821.php → 200
2026-05-30 14:29:02,384 | INFO |       📱 ZTE S30 SE | Main=48.0MP | Selfie=8.0MP | AnTuTu=None | Price=$None | IP=None | Populated=44/68 fields
2026-05-30 14:29:02,395 | INFO |   💾 [134/470] saved
2026-05-30 14:29:02,396 | INFO | 
  [171/470]
2026-05-30 14:29:02,396 | INFO |   ⏳ 37.2s (req #370)
2026-05-30 14:29:40,720 | INFO |   GET https://www.gsmarena.com/zte_nubia_red_magic_6_pro-10772.php → 200
2026-05-30 14:29:40,771 | INFO |       📱 ZTE nubia RedMagic 6 Pro | Main=64.0MP | Selfie=8.0MP | AnTuTu=None | Price=$None | IP=None | Populated=51/68 fields
2026-05-30 14:29:40,777 | INFO |   💾 [135/470] saved
2026-05-30 14:29:40,777 | INFO | 
  [172/470]
2026-05-30 14:29:40,777 | INFO |   ⏳ 42.3s (req #371)
2026-05-30 14:30:24,944 | INFO |   GET https://www.gsmarena.com/zte_nubia_red_magic_6-10773.php → 200
2026-05-30 14:30:25,035 | INFO |       📱 ZTE nubia RedMagic 6 | Main=64.0MP | Selfie=8.0MP | AnTuTu=708853 | Price=$None | IP=None | Populated=55/68 fields
2026-05-30 14:30:25,042 | INFO |   💾 [136/470] saved
2026-05-30 14:30:25,042 | INFO | 
  [173/470]
2026-05-30 14:30:25,043 | INFO |   ⏳ 20.3s (req #372)
2026-05-30 14:30:46,437 | INFO |   GET https://www.gsmarena.com/zte_watch_gt-10823.php → 200
2026-05-30 14:30:46,475 | INFO |       📱 ZTE Watch GT | Main=NoneMP | Selfie=NoneMP | AnTuTu=None | Price=$None | IP=IP68 | Populated=21/68 fields
2026-05-30 14:30:46,480 | INFO |   💾 [137/470] saved
2026-05-30 14:30:46,481 | INFO | 
  [174/470]
2026-05-30 14:30:46,481 | INFO |   ⏳ 20.0s (req #373)
2026-05-30 14:31:07,819 | INFO |   GET https://www.gsmarena.com/zte_red_magic_watch-10774.php → 200
2026-05-30 14:31:07,846 | INFO |       📱 ZTE RedMagic Watch | Main=NoneMP | Selfie=NoneMP | AnTuTu=None | Price=$None | IP=IP68 | Populated=21/68 fields
2026-05-30 14:31:07,853 | INFO |   💾 [138/470] saved
2026-05-30 14:31:07,853 | INFO | 
  [175/470]
2026-05-30 14:31:07,854 | INFO |   ⏳ 28.9s (req #374)
2026-05-30 14:31:37,825 | INFO |   GET https://www.gsmarena.com/zte_link_ii-11722.php → 200
2026-05-30 14:31:37,853 | INFO |       📱 ZTE Link II | Main=2.0MP | Selfie=NoneMP | AnTuTu=None | Price=$None | IP=None | Populated=36/68 fields
2026-05-30 14:31:37,859 | INFO |   💾 [139/470] saved
2026-05-30 14:31:37,859 | INFO | 
  [176/470]
2026-05-30 14:31:37,860 | INFO |   ⏳ 15.7s (req #375)
2026-05-30 14:31:54,665 | INFO |   GET https://www.gsmarena.com/zte_blade_x1_5g-10706.php → 200
2026-05-30 14:31:54,693 | INFO |       📱 ZTE Blade X1 5G | Main=48.0MP | Selfie=16.0MP | AnTuTu=None | Price=$None | IP=None | Populated=47/68 fields
2026-05-30 14:31:54,698 | INFO |   💾 [140/470] saved
2026-05-30 14:31:54,698 | INFO | 
  [177/470]
2026-05-30 14:31:54,698 | INFO |   ⏳ 32.9s (req #376)
2026-05-30 14:32:28,908 | INFO |   GET https://www.gsmarena.com/zte_blade_20_pro_5g-10613.php → 200
2026-05-30 14:32:28,931 | INFO |       📱 ZTE Blade 20 Pro 5G | Main=64.0MP | Selfie=20.0MP | AnTuTu=None | Price=$None | IP=None | Populated=45/68 fields
2026-05-30 14:32:28,939 | INFO |   💾 [141/470] saved
2026-05-30 14:32:28,940 | INFO | 
  [178/470]
2026-05-30 14:32:28,942 | INFO |   ⏳ 31.8s (req #377)
2026-05-30 14:33:01,841 | INFO |   GET https://www.gsmarena.com/zte_cymbal_u-11727.php → 200
2026-05-30 14:33:01,880 | INFO |       📱 ZTE Cymbal U | Main=2.0MP | Selfie=NoneMP | AnTuTu=None | Price=$None | IP=None | Populated=35/68 fields
2026-05-30 14:33:01,887 | INFO |   💾 [142/470] saved
2026-05-30 14:33:01,888 | INFO | 
  [179/470]
2026-05-30 14:33:01,888 | INFO |   ⏳ 24.6s (req #378)
2026-05-30 14:33:28,014 | INFO |   GET https://www.gsmarena.com/zte_blade_v2020_5g-10614.php → 200
2026-05-30 14:33:28,037 | INFO |       📱 ZTE Blade V2020 5G | Main=48.0MP | Selfie=16.0MP | AnTuTu=None | Price=$None | IP=None | Populated=46/68 fields
2026-05-30 14:33:28,044 | INFO |   💾 [143/470] saved
2026-05-30 14:33:28,044 | INFO | 
  [180/470]
2026-05-30 14:33:28,045 | INFO |   ⏳ 27.5s (req #379)
2026-05-30 14:33:57,094 | INFO |   GET https://www.gsmarena.com/zte_watch_live-10611.php → 200
2026-05-30 14:33:57,125 | INFO |       📱 ZTE Watch Live | Main=NoneMP | Selfie=NoneMP | AnTuTu=None | Price=$None | IP=IP68 | Populated=21/68 fields
2026-05-30 14:33:57,131 | INFO |   💾 [144/470] saved
2026-05-30 14:33:57,131 | INFO | 
  [181/470]
2026-05-30 14:33:57,131 | INFO |   ⏳ 17.0s (req #380)
2026-05-30 14:34:15,642 | INFO |   GET https://www.gsmarena.com/zte_blade_a7s_2020-10571.php → 200
2026-05-30 14:34:15,669 | INFO |       📱 ZTE Blade A7s 2020 | Main=16.0MP | Selfie=8.0MP | AnTuTu=None | Price=$None | IP=None | Populated=44/68 fields
2026-05-30 14:34:15,675 | INFO |   💾 [145/470] saved
2026-05-30 14:34:15,675 | INFO | 
  [182/470]
2026-05-30 14:34:15,676 | INFO |   ⏳ 29.1s (req #381)
2026-05-30 14:34:46,373 | INFO |   GET https://www.gsmarena.com/zte_blade_20_5g-10567.php → 200
2026-05-30 14:34:46,499 | INFO |       📱 ZTE Blade 20 5G | Main=16.0MP | Selfie=8.0MP | AnTuTu=None | Price=$None | IP=None | Populated=44/68 fields
2026-05-30 14:34:46,510 | INFO |   💾 [146/470] saved
2026-05-30 14:34:46,510 | INFO | 
  [183/470]
2026-05-30 14:34:46,511 | INFO |   ⏳ 23.8s (req #382)
2026-05-30 14:35:11,413 | INFO |   GET https://www.gsmarena.com/zte_blade_a3y-11728.php → 200
2026-05-30 14:35:11,444 | INFO |       📱 ZTE Blade A3Y | Main=8.0MP | Selfie=5.0MP | AnTuTu=None | Price=$None | IP=None | Populated=40/68 fields
2026-05-30 14:35:11,449 | INFO |   💾 [147/470] saved
2026-05-30 14:35:11,450 | INFO | 
  [184/470]
2026-05-30 14:35:11,450 | INFO |   ⏳ 38.9s (req #383)
2026-05-30 14:35:52,846 | INFO |   GET https://www.gsmarena.com/zte_blade_a5_2020-11197.php → 200
2026-05-30 14:35:52,894 | INFO |       📱 ZTE Blade A5 2020 | Main=13.0MP | Selfie=8.0MP | AnTuTu=None | Price=$None | IP=None | Populated=43/68 fields
2026-05-30 14:35:52,900 | INFO |   💾 [148/470] saved
2026-05-30 14:35:52,901 | INFO | 
  [185/470]
2026-05-30 14:35:52,901 | INFO |   ⏳ 33.0s (req #384)
2026-05-30 14:36:27,098 | INFO |   GET https://www.gsmarena.com/zte_axon_20_5g_extreme-10617.php → 200
2026-05-30 14:36:27,123 | INFO |       📱 ZTE Axon 20 5G Extreme | Main=64.0MP | Selfie=32.0MP | AnTuTu=None | Price=$None | IP=None | Populated=48/68 fields
2026-05-30 14:36:27,130 | INFO |   💾 [149/470] saved
2026-05-30 14:36:27,130 | INFO | 
  [186/470]
2026-05-30 14:36:27,131 | INFO |   ⏳ 28.8s (req #385)
2026-05-30 14:36:57,020 | INFO |   GET https://www.gsmarena.com/zte_axon_20_5g-10370.php → 200
2026-05-30 14:36:57,051 | INFO |       📱 ZTE Axon 20 5G | Main=64.0MP | Selfie=32.0MP | AnTuTu=320399 | Price=$None | IP=None | Populated=52/68 fields
2026-05-30 14:36:57,059 | INFO |   💾 [150/470] saved
2026-05-30 14:36:57,059 | INFO | 
  [187/470]
2026-05-30 14:36:57,059 | INFO |   ⏳ 37.4s (req #386)
2026-05-30 14:37:37,842 | INFO |   GET https://www.gsmarena.com/zte_axon_20_4g-10601.php → 200
2026-05-30 14:37:37,865 | INFO |       📱 ZTE Axon 20 4G | Main=64.0MP | Selfie=32.0MP | AnTuTu=None | Price=$None | IP=None | Populated=45/68 fields
2026-05-30 14:37:37,873 | INFO |   💾 [151/470] saved
2026-05-30 14:37:37,875 | INFO | 
  [188/470]
2026-05-30 14:37:37,875 | INFO |   ⏳ 20.9s (req #387)
2026-05-30 14:37:59,847 | INFO |   GET https://www.gsmarena.com/zte_quest_5-11729.php → 200
2026-05-30 14:37:59,867 | INFO |       📱 ZTE Quest 5 | Main=5.0MP | Selfie=2.0MP | AnTuTu=None | Price=$None | IP=None | Populated=37/68 fields
2026-05-30 14:37:59,874 | INFO |   💾 [152/470] saved
2026-05-30 14:37:59,874 | INFO | 
  [189/470]
2026-05-30 14:37:59,874 | INFO |   ⏳ 24.4s (req #388)
2026-05-30 14:38:25,912 | INFO |   GET https://www.gsmarena.com/zte_gabb_z2-11723.php → 200
2026-05-30 14:38:25,934 | INFO |       📱 ZTE Gabb Z2 | Main=8.0MP | Selfie=5.0MP | AnTuTu=None | Price=$None | IP=None | Populated=42/68 fields
2026-05-30 14:38:25,939 | INFO |   💾 [153/470] saved
2026-05-30 14:38:25,944 | INFO | 
  [190/470]
2026-05-30 14:38:25,945 | INFO |   ⏳ 16.2s (req #389)
2026-05-30 14:38:43,680 | INFO |   GET https://www.gsmarena.com/zte_nubia_watch-10341.php → 200
2026-05-30 14:38:43,717 | INFO |       📱 ZTE nubia Watch | Main=NoneMP | Selfie=NoneMP | AnTuTu=None | Price=$None | IP=None | Populated=32/68 fields
2026-05-30 14:38:43,723 | INFO |   💾 [154/470] saved
2026-05-30 14:38:43,724 | INFO | 
  [191/470]
2026-05-30 14:38:43,724 | INFO |   ☕ Long pause 209s ...
2026-05-30 14:42:14,777 | INFO |   GET https://www.gsmarena.com/zte_nubia_red_magic_5s-10339.php → 200
2026-05-30 14:42:14,811 | INFO |       📱 ZTE nubia RedMagic 5S | Main=64.0MP | Selfie=8.0MP | AnTuTu=557056 | Price=$None | IP=None | Populated=53/68 fields
2026-05-30 14:42:14,817 | INFO |   💾 [155/470] saved
2026-05-30 14:42:14,818 | INFO | 
  [192/470]
2026-05-30 14:42:14,818 | INFO |   ⏳ 33.0s (req #391)
2026-05-30 14:42:48,877 | INFO |   GET https://www.gsmarena.com/zte_avid_579-11726.php → 200
2026-05-30 14:42:48,897 | INFO |       📱 ZTE Avid 579 | Main=8.0MP | Selfie=2.0MP | AnTuTu=None | Price=$None | IP=None | Populated=39/68 fields
2026-05-30 14:42:48,904 | INFO |   💾 [156/470] saved
2026-05-30 14:42:48,904 | INFO | 
  [193/470]
2026-05-30 14:42:48,904 | INFO |   ⏳ 30.9s (req #392)
2026-05-30 14:43:23,889 | INFO |   GET https://www.gsmarena.com/zte_nubia_red_magic_5g_lite-10282.php → 200
2026-05-30 14:43:23,914 | INFO |       📱 ZTE nubia RedMagic 5G Lite | Main=48.0MP | Selfie=12.0MP | AnTuTu=None | Price=$None | IP=None | Populated=48/68 fields
2026-05-30 14:43:23,922 | INFO |   💾 [157/470] saved
2026-05-30 14:43:23,922 | INFO | 
  [194/470]
2026-05-30 14:43:23,922 | INFO |   ⏳ 24.2s (req #393)
2026-05-30 14:43:50,376 | INFO |   GET https://www.gsmarena.com/zte_axon_11_se_5g-10281.php → 200
2026-05-30 14:43:50,401 | INFO |       📱 ZTE Axon 11 SE 5G | Main=48.0MP | Selfie=16.0MP | AnTuTu=None | Price=$None | IP=None | Populated=46/68 fields
2026-05-30 14:43:50,408 | INFO |   💾 [158/470] saved
2026-05-30 14:43:50,409 | INFO | 
  [195/470]
2026-05-30 14:43:50,409 | INFO |   ⏳ 36.4s (req #394)
2026-05-30 14:44:28,496 | INFO |   GET https://www.gsmarena.com/zte_blade_a3_joy-11725.php → 200
2026-05-30 14:44:28,528 | INFO |       📱 ZTE Blade A3 Joy | Main=8.0MP | Selfie=2.0MP | AnTuTu=None | Price=$None | IP=None | Populated=38/68 fields
2026-05-30 14:44:28,536 | INFO |   💾 [159/470] saved
2026-05-30 14:44:28,537 | INFO | 
  [196/470]
2026-05-30 14:44:28,537 | INFO |   ⏳ 32.4s (req #395)
2026-05-30 14:45:05,543 | INFO |   GET https://www.gsmarena.com/zte_blade_a3_prime-11724.php → 200
2026-05-30 14:45:05,578 | INFO |       📱 ZTE Blade A3 Prime | Main=8.0MP | Selfie=5.0MP | AnTuTu=None | Price=$None | IP=None | Populated=41/68 fields
2026-05-30 14:45:05,584 | INFO |   💾 [160/470] saved
2026-05-30 14:45:05,585 | INFO | 
  [197/470]
2026-05-30 14:45:05,585 | INFO |   ⏳ 27.9s (req #396)
2026-05-30 14:45:34,505 | INFO |   GET https://www.gsmarena.com/zte_nubia_play-10193.php → 200
2026-05-30 14:45:34,537 | INFO |       📱 ZTE nubia Play | Main=48.0MP | Selfie=12.0MP | AnTuTu=None | Price=$None | IP=None | Populated=48/68 fields
2026-05-30 14:45:34,543 | INFO |   💾 [161/470] saved
2026-05-30 14:45:34,544 | INFO | 
  [198/470]
2026-05-30 14:45:34,544 | INFO |   ⏳ 34.2s (req #397)
2026-05-30 14:46:09,645 | INFO |   GET https://www.gsmarena.com/zte_axon_11_4g-10284.php → 200
2026-05-30 14:46:09,677 | INFO |       📱 ZTE Axon 11 4G | Main=48.0MP | Selfie=20.0MP | AnTuTu=None | Price=$None | IP=None | Populated=43/68 fields
2026-05-30 14:46:09,685 | INFO |   💾 [162/470] saved
2026-05-30 14:46:09,687 | INFO | 
  [199/470]
2026-05-30 14:46:09,687 | INFO |   ⏳ 18.9s (req #398)
2026-05-30 14:46:30,010 | INFO |   GET https://www.gsmarena.com/zte_axon_11_5g-10139.php → 200
2026-05-30 14:46:30,039 | INFO |       📱 ZTE Axon 11 5G | Main=64.0MP | Selfie=20.0MP | AnTuTu=None | Price=$None | IP=None | Populated=47/68 fields
2026-05-30 14:46:30,045 | INFO |   💾 [163/470] saved
2026-05-30 14:46:30,045 | INFO | 
  [200/470]
2026-05-30 14:46:30,046 | INFO |   ⏳ 39.2s (req #399)
2026-05-30 14:47:10,488 | INFO |   GET https://www.gsmarena.com/zte_nubia_red_magic_5g-10071.php → 200
2026-05-30 14:47:10,518 | INFO |       📱 ZTE nubia RedMagic 5G | Main=64.0MP | Selfie=8.0MP | AnTuTu=557056 | Price=$None | IP=None | Populated=54/68 fields
2026-05-30 14:47:10,525 | INFO |   💾 [164/470] saved
2026-05-30 14:47:10,525 | INFO | 
  [201/470]
2026-05-30 14:47:10,525 | INFO |   ⏳ 19.7s (req #400)
2026-05-30 14:47:32,793 | INFO |   GET https://www.gsmarena.com/zte_axon_10s_pro_5g-9998.php → 200
2026-05-30 14:47:32,819 | INFO |       📱 ZTE Axon 10s Pro 5G | Main=48.0MP | Selfie=20.0MP | AnTuTu=None | Price=$None | IP=None | Populated=46/68 fields
2026-05-30 14:47:32,827 | INFO |   💾 [165/470] saved
2026-05-30 14:47:32,827 | INFO | 
  [202/470]
2026-05-30 14:47:32,828 | INFO |   ⏳ 17.2s (req #401)
2026-05-30 14:47:52,389 | INFO |   GET https://www.gsmarena.com/zte_cymbal_2-11705.php → 200
2026-05-30 14:47:52,435 | INFO |       📱 ZTE Cymbal 2 | Main=2.0MP | Selfie=NoneMP | AnTuTu=None | Price=$None | IP=None | Populated=35/68 fields
2026-05-30 14:47:52,441 | INFO |   💾 [166/470] saved
2026-05-30 14:47:52,442 | INFO | 
  [203/470]
2026-05-30 14:47:52,442 | INFO |   ⏳ 40.1s (req #402)
2026-05-30 14:48:34,732 | INFO |   GET https://www.gsmarena.com/zte_blade_max_view-10070.php → 200
2026-05-30 14:48:34,757 | INFO |       📱 ZTE Blade Max View | Main=16.0MP | Selfie=8.0MP | AnTuTu=None | Price=$None | IP=None | Populated=44/68 fields
2026-05-30 14:48:34,766 | INFO |   💾 [167/470] saved
2026-05-30 14:48:34,767 | INFO | 
  [204/470]
2026-05-30 14:48:34,767 | INFO |   ⏳ 35.2s (req #403)
2026-05-30 14:49:10,878 | INFO |   GET https://www.gsmarena.com/zte_blade_a7_prime-9955.php → 200
2026-05-30 14:49:10,904 | INFO |       📱 ZTE Blade A7 Prime | Main=16.0MP | Selfie=5.0MP | AnTuTu=None | Price=$None | IP=None | Populated=42/68 fields
2026-05-30 14:49:10,912 | INFO |   💾 [168/470] saved
2026-05-30 14:49:10,913 | INFO | 
  [205/470]
2026-05-30 14:49:10,913 | INFO |   ⏳ 34.4s (req #404)
2026-05-30 14:49:47,395 | INFO |   GET https://www.gsmarena.com/zte_blade_10_prime-9954.php → 200
2026-05-30 14:49:47,425 | INFO |       📱 ZTE Blade 10 Prime | Main=16.0MP | Selfie=16.0MP | AnTuTu=None | Price=$None | IP=None | Populated=47/68 fields
2026-05-30 14:49:47,431 | INFO |   💾 [169/470] saved
2026-05-30 14:49:47,432 | INFO | 
  [206/470]
2026-05-30 14:49:47,432 | INFO |   ⏳ 44.5s (req #405)
2026-05-30 14:50:33,101 | INFO |   GET https://www.gsmarena.com/zte_blade_vantage_2-11731.php → 200
2026-05-30 14:50:33,123 | INFO |       📱 ZTE Blade Vantage 2 | Main=5.0MP | Selfie=2.0MP | AnTuTu=None | Price=$None | IP=None | Populated=38/68 fields
2026-05-30 14:50:33,133 | INFO |   💾 [170/470] saved
2026-05-30 14:50:33,134 | INFO | 
  [207/470]
2026-05-30 14:50:33,134 | INFO |   ⏳ 35.6s (req #406)
2026-05-30 14:51:10,443 | INFO |   GET https://www.gsmarena.com/zte_blade_20-9921.php → 200
2026-05-30 14:51:10,466 | INFO |       📱 ZTE Blade 20 | Main=16.0MP | Selfie=8.0MP | AnTuTu=None | Price=$None | IP=None | Populated=45/68 fields
2026-05-30 14:51:10,473 | INFO |   💾 [171/470] saved
2026-05-30 14:51:10,475 | INFO | 
  [208/470]
2026-05-30 14:51:10,476 | INFO |   ⏳ 34.0s (req #407)
2026-05-30 14:51:45,565 | INFO |   GET https://www.gsmarena.com/zte_nubia_red_magic_3s-9839.php → 200
2026-05-30 14:51:45,625 | INFO |       📱 ZTE nubia RedMagic 3S | Main=48.0MP | Selfie=16.0MP | AnTuTu=358748 | Price=$None | IP=None | Populated=52/68 fields
2026-05-30 14:51:45,630 | INFO |   💾 [172/470] saved
2026-05-30 14:51:45,631 | INFO | 
  [209/470]
2026-05-30 14:51:45,631 | INFO |   ⏳ 33.0s (req #408)
2026-05-30 14:52:19,630 | INFO |   GET https://www.gsmarena.com/zte_nubia_z20-9780.php → 200
2026-05-30 14:52:19,661 | INFO |       📱 ZTE nubia Z20 | Main=48.0MP | Selfie=NoneMP | AnTuTu=371150 | Price=$None | IP=None | Populated=51/68 fields
2026-05-30 14:52:19,668 | INFO |   💾 [173/470] saved
2026-05-30 14:52:19,668 | INFO | 
  [210/470]
2026-05-30 14:52:19,668 | INFO |   ⏳ 23.9s (req #409)
2026-05-30 14:52:44,770 | INFO |   GET https://www.gsmarena.com/zte_blade_a5_(2019)-9712.php → 200
2026-05-30 14:52:44,798 | INFO |       📱 ZTE Blade A5 (2019) | Main=13.0MP | Selfie=8.0MP | AnTuTu=None | Price=$None | IP=None | Populated=41/68 fields
2026-05-30 14:52:44,805 | INFO |   💾 [174/470] saved
2026-05-30 14:52:44,805 | INFO | 
  [211/470]
2026-05-30 14:52:44,805 | INFO |   ⏳ 27.0s (req #410)
2026-05-30 14:53:13,135 | INFO |   GET https://www.gsmarena.com/zte_blade_a3_(2019)-9713.php → 200
2026-05-30 14:53:13,158 | INFO |       📱 ZTE Blade A3 (2019) | Main=8.0MP | Selfie=5.0MP | AnTuTu=None | Price=$None | IP=None | Populated=39/68 fields
2026-05-30 14:53:13,174 | INFO |   💾 [175/470] saved
2026-05-30 14:53:13,174 | INFO | 
  [212/470]
2026-05-30 14:53:13,174 | INFO |   ⏳ 28.4s (req #411)
2026-05-30 14:53:42,723 | INFO |   GET https://www.gsmarena.com/zte_blade_l8-9714.php → 200
2026-05-30 14:53:42,747 | INFO |       📱 ZTE Blade L8 | Main=8.0MP | Selfie=5.0MP | AnTuTu=None | Price=$None | IP=None | Populated=39/68 fields
2026-05-30 14:53:42,754 | INFO |   💾 [176/470] saved
2026-05-30 14:53:42,755 | INFO | 
  [213/470]
2026-05-30 14:53:42,755 | INFO |   ⏳ 37.9s (req #412)
2026-05-30 14:54:23,303 | INFO |   GET https://www.gsmarena.com/zte_nubia_red_magic_3-9692.php → 200
2026-05-30 14:54:23,328 | INFO |       📱 ZTE nubia RedMagic 3 | Main=48.0MP | Selfie=16.0MP | AnTuTu=387726 | Price=$None | IP=None | Populated=52/68 fields
2026-05-30 14:54:23,337 | INFO |   💾 [177/470] saved
2026-05-30 14:54:23,339 | INFO | 
  [214/470]
2026-05-30 14:54:23,340 | INFO |   ⏳ 30.2s (req #413)
2026-05-30 14:54:55,489 | INFO |   GET https://www.gsmarena.com/zte_avid_559-11730.php → 200
2026-05-30 14:54:55,525 | INFO |       📱 ZTE Avid 559 | Main=5.0MP | Selfie=2.0MP | AnTuTu=None | Price=$None | IP=None | Populated=39/68 fields
2026-05-30 14:54:55,531 | INFO |   💾 [178/470] saved
2026-05-30 14:54:55,531 | INFO | 
  [215/470]
2026-05-30 14:54:55,532 | INFO |   ⏳ 35.3s (req #414)
2026-05-30 14:55:32,264 | INFO |   GET https://www.gsmarena.com/zte_nubia_alpha-9612.php → 200
2026-05-30 14:55:32,292 | INFO |       📱 ZTE nubia Alpha | Main=5.0MP | Selfie=NoneMP | AnTuTu=None | Price=$None | IP=None | Populated=36/68 fields
2026-05-30 14:55:32,298 | INFO |   💾 [179/470] saved
2026-05-30 14:55:32,299 | INFO | 
  [216/470]
2026-05-30 14:55:32,299 | INFO |   ⏳ 33.5s (req #415)
2026-05-30 14:56:07,195 | INFO |   GET https://www.gsmarena.com/zte_axon_10_pro_5g-9610.php → 200
2026-05-30 14:56:07,219 | INFO |       📱 ZTE Axon 10 Pro 5G | Main=48.0MP | Selfie=20.0MP | AnTuTu=None | Price=$None | IP=None | Populated=49/68 fields
2026-05-30 14:56:07,226 | INFO |   💾 [180/470] saved
2026-05-30 14:56:07,227 | INFO | 
  [217/470]
2026-05-30 14:56:07,228 | INFO |   ⏳ 27.7s (req #416)
2026-05-30 14:56:37,854 | INFO |   GET https://www.gsmarena.com/zte_axon_10_pro-9695.php → 200
2026-05-30 14:56:37,877 | INFO |       📱 ZTE Axon 10 Pro | Main=48.0MP | Selfie=20.0MP | AnTuTu=None | Price=$None | IP=None | Populated=48/68 fields
2026-05-30 14:56:37,883 | INFO |   💾 [181/470] saved
2026-05-30 14:56:37,886 | INFO | 
  [218/470]
2026-05-30 14:56:37,887 | INFO |   ⏳ 15.2s (req #417)
2026-05-30 14:56:55,021 | INFO |   GET https://www.gsmarena.com/zte_blade_v10-9611.php → 200
2026-05-30 14:56:55,047 | INFO |       📱 ZTE Blade V10 | Main=16.0MP | Selfie=32.0MP | AnTuTu=None | Price=$None | IP=None | Populated=43/68 fields
2026-05-30 14:56:55,054 | INFO |   💾 [182/470] saved
2026-05-30 14:56:55,054 | INFO | 
  [219/470]
2026-05-30 14:56:55,054 | INFO |   ⏳ 18.4s (req #418)
2026-05-30 14:57:15,174 | INFO |   GET https://www.gsmarena.com/zte_blade_v10_vita-9715.php → 200
2026-05-30 14:57:15,197 | INFO |       📱 ZTE Blade V10 Vita | Main=13.0MP | Selfie=8.0MP | AnTuTu=None | Price=$None | IP=None | Populated=40/68 fields
2026-05-30 14:57:15,203 | INFO |   💾 [183/470] saved
2026-05-30 14:57:15,209 | INFO | 
  [220/470]
2026-05-30 14:57:15,211 | INFO |   ⏳ 24.7s (req #419)
2026-05-30 14:57:42,287 | INFO |   GET https://www.gsmarena.com/zte_nubia_red_magic_mars-9433.php → 200
2026-05-30 14:57:42,324 | INFO |       📱 ZTE nubia RedMagic Mars | Main=16.0MP | Selfie=8.0MP | AnTuTu=None | Price=$None | IP=None | Populated=46/68 fields
2026-05-30 14:57:42,331 | INFO |   💾 [184/470] saved
2026-05-30 14:57:42,331 | INFO | 
  [221/470]
2026-05-30 14:57:42,331 | INFO |   ☕ Long pause 121s ...
2026-05-30 14:59:50,413 | INFO |   GET https://www.gsmarena.com/zte_nubia_x-9347.php → 200
2026-05-30 14:59:50,436 | INFO |       📱 ZTE nubia X | Main=16.0MP | Selfie=NoneMP | AnTuTu=None | Price=$None | IP=None | Populated=45/68 fields
2026-05-30 14:59:50,443 | INFO |   💾 [185/470] saved
2026-05-30 14:59:50,447 | INFO | 
  [222/470]
2026-05-30 14:59:50,447 | INFO |   ⏳ 37.3s (req #421)
2026-05-30 15:00:30,561 | INFO |   GET https://www.gsmarena.com/zte_nubia_z18-9171.php → 200
2026-05-30 15:00:30,589 | INFO |       📱 ZTE nubia Z18 | Main=24.0MP | Selfie=8.0MP | AnTuTu=None | Price=$None | IP=None | Populated=45/68 fields
2026-05-30 15:00:30,596 | INFO |   💾 [186/470] saved
2026-05-30 15:00:30,596 | INFO | 
  [223/470]
2026-05-30 15:00:30,597 | INFO |   ⏳ 22.3s (req #422)
2026-05-30 15:00:56,482 | INFO |   GET https://www.gsmarena.com/zte_axon_9_pro-9069.php → 200
2026-05-30 15:00:56,507 | INFO |       📱 ZTE Axon 9 Pro | Main=12.0MP | Selfie=20.0MP | AnTuTu=None | Price=$None | IP=IP68 | Populated=46/68 fields
2026-05-30 15:00:56,515 | INFO |   💾 [187/470] saved
2026-05-30 15:00:56,517 | INFO | 
  [224/470]
2026-05-30 15:00:56,518 | INFO |   ⏳ 17.2s (req #423)
2026-05-30 15:01:19,847 | INFO |   GET https://www.gsmarena.com/zte_nubia_red_magic-9174.php → 200
2026-05-30 15:01:19,873 | INFO |       📱 ZTE nubia RedMagic | Main=24.0MP | Selfie=8.0MP | AnTuTu=None | Price=$None | IP=None | Populated=46/68 fields
2026-05-30 15:01:19,880 | INFO |   💾 [188/470] saved
2026-05-30 15:01:19,880 | INFO | 
  [225/470]
2026-05-30 15:01:19,881 | INFO |   ⏳ 24.8s (req #424)
2026-05-30 15:01:48,189 | INFO |   GET https://www.gsmarena.com/zte_blade_a7_vita-9701.php → 200
2026-05-30 15:01:48,209 | INFO |       📱 ZTE Blade A7 Vita | Main=13.0MP | Selfie=8.0MP | AnTuTu=None | Price=$None | IP=None | Populated=42/68 fields
2026-05-30 15:01:48,215 | INFO |   💾 [189/470] saved
2026-05-30 15:01:48,216 | INFO | 
  [226/470]
2026-05-30 15:01:48,216 | INFO |   ⏳ 44.3s (req #425)
2026-05-30 15:02:34,315 | INFO |   GET https://www.gsmarena.com/zte_blade_a7-9697.php → 200
2026-05-30 15:02:34,355 | INFO |       📱 ZTE Blade A7 | Main=16.0MP | Selfie=5.0MP | AnTuTu=None | Price=$None | IP=None | Populated=42/68 fields
2026-05-30 15:02:34,362 | INFO |   💾 [190/470] saved
2026-05-30 15:02:34,362 | INFO | 
  [227/470]
2026-05-30 15:02:34,363 | INFO |   ⏳ 28.6s (req #426)
2026-05-30 15:03:03,931 | INFO |   GET https://www.gsmarena.com/zte_nubia_z18_mini-9161.php → 200
2026-05-30 15:03:03,959 | INFO |       📱 ZTE nubia Z18 mini | Main=24.0MP | Selfie=8.0MP | AnTuTu=None | Price=$None | IP=None | Populated=43/68 fields
2026-05-30 15:03:03,965 | INFO |   💾 [191/470] saved
2026-05-30 15:03:03,965 | INFO | 
  [228/470]
2026-05-30 15:03:03,965 | INFO |   ⏳ 37.5s (req #427)
2026-05-30 15:03:44,140 | INFO |   GET https://www.gsmarena.com/zte_nubia_v18-9133.php → 200
2026-05-30 15:03:44,164 | INFO |       📱 ZTE nubia V18 | Main=13.0MP | Selfie=8.0MP | AnTuTu=None | Price=$None | IP=None | Populated=43/68 fields
2026-05-30 15:03:44,170 | INFO |   💾 [192/470] saved
2026-05-30 15:03:44,170 | INFO | 
  [229/470]
2026-05-30 15:03:44,171 | INFO |   ⏳ 25.2s (req #428)
2026-05-30 15:04:12,093 | INFO |   GET https://www.gsmarena.com/zte_nubia_n3-9110.php → 200
2026-05-30 15:04:12,119 | INFO |       📱 ZTE nubia N3 | Main=16.0MP | Selfie=16.0MP | AnTuTu=None | Price=$None | IP=None | Populated=44/68 fields
2026-05-30 15:04:12,125 | INFO |   💾 [193/470] saved
2026-05-30 15:04:12,126 | INFO | 
  [230/470]
2026-05-30 15:04:12,126 | INFO |   ⏳ 35.5s (req #429)
2026-05-30 15:04:52,777 | INFO |   GET https://www.gsmarena.com/zte_blade_v9_vita-9088.php → 200
2026-05-30 15:04:52,799 | INFO |       📱 ZTE Blade V9 Vita | Main=13.0MP | Selfie=8.0MP | AnTuTu=None | Price=$None | IP=None | Populated=45/68 fields
2026-05-30 15:04:52,808 | INFO |   💾 [194/470] saved
2026-05-30 15:04:52,809 | INFO | 
  [231/470]
2026-05-30 15:04:52,809 | INFO |   ⏳ 44.4s (req #430)
2026-05-30 15:05:39,071 | INFO |   GET https://www.gsmarena.com/zte_blade_v9-8971.php → 200
2026-05-30 15:05:39,097 | INFO |       📱 ZTE Blade V9 | Main=16.0MP | Selfie=8.0MP | AnTuTu=None | Price=$None | IP=None | Populated=46/68 fields
2026-05-30 15:05:39,104 | INFO |   💾 [195/470] saved
2026-05-30 15:05:39,104 | INFO | 
  [232/470]
2026-05-30 15:05:39,104 | INFO |   ⏳ 29.9s (req #431)
2026-05-30 15:06:11,101 | INFO |   GET https://www.gsmarena.com/zte_tempo_go-9083.php → 200
2026-05-30 15:06:11,136 | INFO |       📱 ZTE Tempo Go | Main=5.0MP | Selfie=2.0MP | AnTuTu=None | Price=$None | IP=None | Populated=39/68 fields
2026-05-30 15:06:11,143 | INFO |   💾 [196/470] saved
2026-05-30 15:06:11,143 | INFO | 
  [233/470]
2026-05-30 15:06:11,143 | INFO |   ⏳ 17.3s (req #432)
2026-05-30 15:06:31,296 | INFO |   GET https://www.gsmarena.com/zte_blade_a3-9038.php → 200
2026-05-30 15:06:31,327 | INFO |       📱 ZTE Blade A3 | Main=13.0MP | Selfie=5.0MP | AnTuTu=None | Price=$None | IP=None | Populated=43/68 fields
2026-05-30 15:06:31,334 | INFO |   💾 [197/470] saved
2026-05-30 15:06:31,334 | INFO | 
  [234/470]
2026-05-30 15:06:31,334 | INFO |   ⏳ 21.0s (req #433)
2026-05-30 15:06:54,169 | INFO |   GET https://www.gsmarena.com/zte_blade_a6-8970.php → 200
2026-05-30 15:06:54,192 | INFO |       📱 ZTE Blade A6 | Main=13.0MP | Selfie=5.0MP | AnTuTu=None | Price=$None | IP=None | Populated=44/68 fields
2026-05-30 15:06:54,199 | INFO |   💾 [198/470] saved
2026-05-30 15:06:54,200 | INFO | 
  [235/470]
2026-05-30 15:06:54,201 | INFO |   ⏳ 39.9s (req #434)
2026-05-30 15:07:35,837 | INFO |   GET https://www.gsmarena.com/zte_maven_2-9033.php → 200
2026-05-30 15:07:35,865 | INFO |       📱 ZTE Maven 2 | Main=5.0MP | Selfie=2.0MP | AnTuTu=None | Price=$None | IP=None | Populated=42/68 fields
2026-05-30 15:07:35,871 | INFO |   💾 [199/470] saved
2026-05-30 15:07:35,872 | INFO | 
  [236/470]
2026-05-30 15:07:35,872 | INFO |   ⏳ 31.0s (req #435)
2026-05-30 15:08:07,822 | INFO |   GET https://www.gsmarena.com/zte_blade_x-8913.php → 200
2026-05-30 15:08:07,859 | INFO |       📱 ZTE Blade X | Main=13.0MP | Selfie=5.0MP | AnTuTu=None | Price=$None | IP=None | Populated=44/68 fields
2026-05-30 15:08:07,865 | INFO |   💾 [200/470] saved
2026-05-30 15:08:07,866 | INFO | 
  [237/470]
2026-05-30 15:08:07,866 | INFO |   ⏳ 29.6s (req #436)
2026-05-30 15:08:39,754 | INFO |   GET https://www.gsmarena.com/zte_axon_m-8902.php → 200
2026-05-30 15:08:39,776 | INFO |       📱 ZTE Axon M | Main=20.0MP | Selfie=NoneMP | AnTuTu=None | Price=$None | IP=None | Populated=42/68 fields
2026-05-30 15:08:39,783 | INFO |   💾 [201/470] saved
2026-05-30 15:08:39,786 | INFO | 
  [238/470]
2026-05-30 15:08:39,787 | INFO |   ⏳ 31.3s (req #437)
2026-05-30 15:09:14,261 | INFO |   GET https://www.gsmarena.com/zte_nubia_z17s-8901.php → 200
2026-05-30 15:09:14,346 | INFO |       📱 ZTE nubia Z17s | Main=12.0MP | Selfie=5.0MP | AnTuTu=None | Price=$None | IP=None | Populated=46/68 fields
2026-05-30 15:09:14,352 | INFO |   💾 [202/470] saved
2026-05-30 15:09:14,352 | INFO | 
  [239/470]
2026-05-30 15:09:14,353 | INFO |   ⏳ 33.9s (req #438)
2026-05-30 15:09:49,403 | INFO |   GET https://www.gsmarena.com/zte_nubia_z17_minis-8896.php → 200
2026-05-30 15:09:49,434 | INFO |       📱 ZTE nubia Z17 miniS | Main=13.0MP | Selfie=16.0MP | AnTuTu=None | Price=$None | IP=None | Populated=48/68 fields
2026-05-30 15:09:49,441 | INFO |   💾 [203/470] saved
2026-05-30 15:09:49,441 | INFO | 
  [240/470]
2026-05-30 15:09:49,442 | INFO |   ⏳ 35.2s (req #439)
2026-05-30 15:10:26,107 | INFO |   GET https://www.gsmarena.com/zte_nubia_z17_lite-8838.php → 200
2026-05-30 15:10:26,131 | INFO |       📱 ZTE nubia Z17 lite | Main=13.0MP | Selfie=16.0MP | AnTuTu=None | Price=$None | IP=None | Populated=45/68 fields
2026-05-30 15:10:26,142 | INFO |   💾 [204/470] saved
2026-05-30 15:10:26,142 | INFO | 
  [241/470]
2026-05-30 15:10:26,143 | INFO |   ⏳ 42.8s (req #440)
2026-05-30 15:11:10,399 | INFO |   GET https://www.gsmarena.com/zte_blade_z_max-8290.php → 200
2026-05-30 15:11:10,430 | INFO |       📱 ZTE Blade Z Max | Main=16.0MP | Selfie=8.0MP | AnTuTu=None | Price=$None | IP=None | Populated=44/68 fields
2026-05-30 15:11:10,436 | INFO |   💾 [205/470] saved
2026-05-30 15:11:10,436 | INFO | 
  [242/470]
2026-05-30 15:11:10,436 | INFO |   ⏳ 34.6s (req #441)
2026-05-30 15:11:46,622 | INFO |   GET https://www.gsmarena.com/zte_blade_force-8895.php → 200
2026-05-30 15:11:46,647 | INFO |       📱 ZTE Blade Force | Main=8.0MP | Selfie=5.0MP | AnTuTu=None | Price=$None | IP=None | Populated=40/68 fields
2026-05-30 15:11:46,658 | INFO |   💾 [206/470] saved
2026-05-30 15:11:46,659 | INFO | 
  [243/470]
2026-05-30 15:11:46,659 | INFO |   ⏳ 38.9s (req #442)
2026-05-30 15:12:27,841 | INFO |   GET https://www.gsmarena.com/zte_tempo_x-8894.php → 200
2026-05-30 15:12:27,865 | INFO |       📱 ZTE Tempo X | Main=5.0MP | Selfie=2.0MP | AnTuTu=None | Price=$None | IP=None | Populated=39/68 fields
2026-05-30 15:12:27,872 | INFO |   💾 [207/470] saved
2026-05-30 15:12:27,873 | INFO | 
  [244/470]
2026-05-30 15:12:27,873 | INFO |   ⏳ 24.4s (req #443)
2026-05-30 15:12:54,148 | INFO |   GET https://www.gsmarena.com/zte_blade_a601-8793.php → 200
2026-05-30 15:12:54,192 | INFO |       📱 ZTE Blade A601 | Main=8.0MP | Selfie=2.0MP | AnTuTu=None | Price=$None | IP=None | Populated=37/68 fields
2026-05-30 15:12:54,199 | INFO |   💾 [208/470] saved
2026-05-30 15:12:54,199 | INFO | 
  [245/470]
2026-05-30 15:12:54,199 | INFO |   ⏳ 34.8s (req #444)
2026-05-30 15:13:31,116 | INFO |   GET https://www.gsmarena.com/zte_grand_x_view_2-8779.php → 200
2026-05-30 15:13:31,141 | INFO |       📱 ZTE Grand X View 2 | Main=5.0MP | Selfie=2.0MP | AnTuTu=None | Price=$None | IP=None | Populated=38/68 fields
2026-05-30 15:13:31,152 | INFO |   💾 [209/470] saved
2026-05-30 15:13:31,152 | INFO | 
  [246/470]
2026-05-30 15:13:31,152 | INFO |   ⏳ 24.8s (req #445)
2026-05-30 15:13:58,525 | INFO |   GET https://www.gsmarena.com/zte_blade_v7_plus-8752.php → 200
2026-05-30 15:13:58,553 | INFO |       📱 ZTE Blade V7 Plus | Main=13.0MP | Selfie=5.0MP | AnTuTu=None | Price=$None | IP=None | Populated=40/68 fields
2026-05-30 15:13:58,560 | INFO |   💾 [210/470] saved
2026-05-30 15:13:58,560 | INFO | 
  [247/470]
2026-05-30 15:13:58,562 | INFO |   ⏳ 15.1s (req #446)
2026-05-30 15:14:16,175 | INFO |   GET https://www.gsmarena.com/zte_quartz-8567.php → 200
2026-05-30 15:14:16,198 | INFO |       📱 ZTE Quartz | Main=NoneMP | Selfie=NoneMP | AnTuTu=None | Price=$None | IP=IP67 | Populated=31/68 fields
2026-05-30 15:14:16,204 | INFO |   💾 [211/470] saved
2026-05-30 15:14:16,204 | INFO | 
  [248/470]
2026-05-30 15:14:16,204 | INFO |   ⏳ 17.2s (req #447)
2026-05-30 15:14:35,216 | INFO |   GET https://www.gsmarena.com/zte_nubia_n2-8748.php → 200
2026-05-30 15:14:35,243 | INFO |       📱 ZTE nubia N2 | Main=13.0MP | Selfie=16.0MP | AnTuTu=None | Price=$None | IP=None | Populated=42/68 fields
2026-05-30 15:14:35,252 | INFO |   💾 [212/470] saved
2026-05-30 15:14:35,253 | INFO | 
  [249/470]
2026-05-30 15:14:35,253 | INFO |   ⏳ 31.6s (req #448)
2026-05-30 15:15:08,874 | INFO |   GET https://www.gsmarena.com/zte_nubia_m2-8746.php → 200
2026-05-30 15:15:08,908 | INFO |       📱 ZTE nubia M2 | Main=13.0MP | Selfie=16.0MP | AnTuTu=None | Price=$None | IP=None | Populated=47/68 fields
2026-05-30 15:15:08,915 | INFO |   💾 [213/470] saved
2026-05-30 15:15:08,916 | INFO | 
  [250/470]
2026-05-30 15:15:08,917 | INFO |   ⏳ 43.7s (req #449)
2026-05-30 15:15:54,201 | INFO |   GET https://www.gsmarena.com/zte_nubia_m2_lite-8747.php → 200
2026-05-30 15:15:54,242 | INFO |       📱 ZTE nubia M2 lite | Main=13.0MP | Selfie=16.0MP | AnTuTu=None | Price=$None | IP=None | Populated=42/68 fields
2026-05-30 15:15:54,248 | INFO |   💾 [214/470] saved
2026-05-30 15:15:54,248 | INFO | 
  [251/470]
2026-05-30 15:15:54,248 | INFO |   ☕ Long pause 266s ...
2026-05-30 15:20:23,258 | INFO |   GET https://www.gsmarena.com/zte_nubia_m2_play-8726.php → 200
2026-05-30 15:20:23,281 | INFO |       📱 ZTE nubia M2 Play | Main=13.0MP | Selfie=5.0MP | AnTuTu=None | Price=$None | IP=None | Populated=40/68 fields
2026-05-30 15:20:23,291 | INFO |   💾 [215/470] saved
2026-05-30 15:20:23,292 | INFO | 
  [252/470]
2026-05-30 15:20:23,292 | INFO |   ⏳ 24.9s (req #451)
2026-05-30 15:20:51,301 | INFO |   GET https://www.gsmarena.com/zte_nubia_z17-8677.php → 200
2026-05-30 15:20:51,331 | INFO |       📱 ZTE nubia Z17 | Main=12.0MP | Selfie=16.0MP | AnTuTu=None | Price=$None | IP=None | Populated=47/68 fields
2026-05-30 15:20:51,342 | INFO |   💾 [216/470] saved
2026-05-30 15:20:51,343 | INFO | 
  [253/470]
2026-05-30 15:20:51,343 | INFO |   ⏳ 22.3s (req #452)
2026-05-30 15:21:15,203 | INFO |   GET https://www.gsmarena.com/zte_axon_7s-8658.php → 200
2026-05-30 15:21:15,231 | INFO |       📱 ZTE Axon 7s | Main=12.0MP | Selfie=8.0MP | AnTuTu=None | Price=$None | IP=None | Populated=43/68 fields
2026-05-30 15:21:15,237 | INFO |   💾 [217/470] saved
2026-05-30 15:21:15,238 | INFO | 
  [254/470]
2026-05-30 15:21:15,238 | INFO |   ⏳ 18.6s (req #453)
2026-05-30 15:21:35,842 | INFO |   GET https://www.gsmarena.com/zte_max_xl-8660.php → 200
2026-05-30 15:21:35,869 | INFO |       📱 ZTE Max XL | Main=13.0MP | Selfie=5.0MP | AnTuTu=None | Price=$None | IP=None | Populated=43/68 fields
2026-05-30 15:21:35,876 | INFO |   💾 [218/470] saved
2026-05-30 15:21:35,877 | INFO | 
  [255/470]
2026-05-30 15:21:35,877 | INFO |   ⏳ 39.2s (req #454)
2026-05-30 15:22:17,548 | INFO |   GET https://www.gsmarena.com/zte_nubia_z17_mini-8615.php → 200
2026-05-30 15:22:17,577 | INFO |       📱 ZTE nubia Z17 mini | Main=13.0MP | Selfie=16.0MP | AnTuTu=None | Price=$None | IP=None | Populated=48/68 fields
2026-05-30 15:22:17,585 | INFO |   💾 [219/470] saved
2026-05-30 15:22:17,585 | INFO | 
  [256/470]
2026-05-30 15:22:17,585 | INFO |   ⏳ 16.0s (req #455)
2026-05-30 15:22:36,837 | INFO |   GET https://www.gsmarena.com/zte_blade_a520-8609.php → 200
2026-05-30 15:22:36,878 | INFO |       📱 ZTE Blade A520 | Main=8.0MP | Selfie=8.0MP | AnTuTu=None | Price=$None | IP=None | Populated=41/68 fields
2026-05-30 15:22:36,884 | INFO |   💾 [220/470] saved
2026-05-30 15:22:36,884 | INFO | 
  [257/470]
2026-05-30 15:22:36,884 | INFO |   ⏳ 19.1s (req #456)
2026-05-30 15:22:58,373 | INFO |   GET https://www.gsmarena.com/zte_nubia_n1_lite-8607.php → 200
2026-05-30 15:22:58,397 | INFO |       📱 ZTE nubia N1 lite | Main=8.0MP | Selfie=5.0MP | AnTuTu=None | Price=$None | IP=None | Populated=43/68 fields
2026-05-30 15:22:58,406 | INFO |   💾 [221/470] saved
2026-05-30 15:22:58,406 | INFO | 
  [258/470]
2026-05-30 15:22:58,407 | INFO |   ⏳ 25.5s (req #457)
2026-05-30 15:23:26,185 | INFO |   GET https://www.gsmarena.com/zte_blade_v8_mini-8600.php → 200
2026-05-30 15:23:26,218 | INFO |       📱 ZTE Blade V8 Mini | Main=13.0MP | Selfie=5.0MP | AnTuTu=None | Price=$None | IP=None | Populated=42/68 fields
2026-05-30 15:23:26,225 | INFO |   💾 [222/470] saved
2026-05-30 15:23:26,225 | INFO | 
  [259/470]
2026-05-30 15:23:26,225 | INFO |   ⏳ 16.4s (req #458)
2026-05-30 15:23:44,546 | INFO |   GET https://www.gsmarena.com/zte_blade_v8_lite-8601.php → 200
2026-05-30 15:23:44,571 | INFO |       📱 ZTE Blade V8 Lite | Main=8.0MP | Selfie=5.0MP | AnTuTu=None | Price=$None | IP=None | Populated=41/68 fields
2026-05-30 15:23:44,582 | INFO |   💾 [223/470] saved
2026-05-30 15:23:44,583 | INFO | 
  [260/470]
2026-05-30 15:23:44,583 | INFO |   ⏳ 37.7s (req #459)
2026-05-30 15:24:24,428 | INFO |   GET https://www.gsmarena.com/zte_blade_a2_plus-8562.php → 200
2026-05-30 15:24:24,457 | INFO |       📱 ZTE Blade A2 Plus | Main=13.0MP | Selfie=8.0MP | AnTuTu=None | Price=$None | IP=None | Populated=41/68 fields
2026-05-30 15:24:24,463 | INFO |   💾 [224/470] saved
2026-05-30 15:24:24,463 | INFO | 
  [261/470]
2026-05-30 15:24:24,463 | INFO |   ⏳ 36.2s (req #460)
2026-05-30 15:25:02,164 | INFO |   GET https://www.gsmarena.com/zte_hawkeye-8530.php → 200
2026-05-30 15:25:02,192 | INFO |       📱 ZTE Hawkeye | Main=13.0MP | Selfie=8.0MP | AnTuTu=None | Price=$None | IP=None | Populated=41/68 fields
2026-05-30 15:25:02,199 | INFO |   💾 [225/470] saved
2026-05-30 15:25:02,199 | INFO | 
  [262/470]
2026-05-30 15:25:02,200 | INFO |   ⏳ 36.1s (req #461)
2026-05-30 15:25:40,634 | INFO |   GET https://www.gsmarena.com/zte_blade_v8_pro-8504.php → 200
2026-05-30 15:25:40,673 | INFO |       📱 ZTE Blade V8 Pro | Main=13.0MP | Selfie=8.0MP | AnTuTu=None | Price=$None | IP=None | Populated=46/68 fields
2026-05-30 15:25:40,679 | INFO |   💾 [226/470] saved
2026-05-30 15:25:40,679 | INFO | 
  [263/470]
2026-05-30 15:25:40,679 | INFO |   ⏳ 41.8s (req #462)
2026-05-30 15:26:24,217 | INFO |   GET https://www.gsmarena.com/zte_blade_v8-8501.php → 200
2026-05-30 15:26:24,239 | INFO |       📱 ZTE Blade V8 | Main=13.0MP | Selfie=13.0MP | AnTuTu=None | Price=$None | IP=None | Populated=42/68 fields
2026-05-30 15:26:24,247 | INFO |   💾 [227/470] saved
2026-05-30 15:26:24,248 | INFO | 
  [264/470]
2026-05-30 15:26:24,249 | INFO |   ⏳ 36.5s (req #463)
2026-05-30 15:27:01,822 | INFO |   GET https://www.gsmarena.com/zte_axon_7_max-8401.php → 200
2026-05-30 15:27:01,851 | INFO |       📱 ZTE Axon 7 Max | Main=13.0MP | Selfie=5.0MP | AnTuTu=None | Price=$None | IP=None | Populated=44/68 fields
2026-05-30 15:27:01,857 | INFO |   💾 [228/470] saved
2026-05-30 15:27:01,857 | INFO | 
  [265/470]
2026-05-30 15:27:01,857 | INFO |   ⏳ 23.1s (req #464)
2026-05-30 15:27:27,489 | INFO |   GET https://www.gsmarena.com/zte_grand_x4-8638.php → 200
2026-05-30 15:27:27,511 | INFO |       📱 ZTE Grand X4 | Main=13.0MP | Selfie=5.0MP | AnTuTu=None | Price=$None | IP=None | Populated=43/68 fields
2026-05-30 15:27:27,518 | INFO |   💾 [229/470] saved
2026-05-30 15:27:27,521 | INFO | 
  [266/470]
2026-05-30 15:27:27,522 | INFO |   ⏳ 26.7s (req #465)
2026-05-30 15:27:56,098 | INFO |   GET https://www.gsmarena.com/zte_blade_v7_max-8398.php → 200
2026-05-30 15:27:56,120 | INFO |       📱 ZTE Blade V7 Max | Main=16.0MP | Selfie=8.0MP | AnTuTu=None | Price=$None | IP=None | Populated=36/68 fields
2026-05-30 15:27:56,132 | INFO |   💾 [230/470] saved
2026-05-30 15:27:56,132 | INFO | 
  [267/470]
2026-05-30 15:27:56,136 | INFO |   ⏳ 19.5s (req #466)
2026-05-30 15:28:17,190 | INFO |   GET https://www.gsmarena.com/zte_nubia_z11_mini_s-8387.php → 200
2026-05-30 15:28:17,213 | INFO |       📱 ZTE nubia Z11 mini S | Main=23.0MP | Selfie=13.0MP | AnTuTu=None | Price=$None | IP=None | Populated=45/68 fields
2026-05-30 15:28:17,222 | INFO |   💾 [231/470] saved
2026-05-30 15:28:17,223 | INFO | 
  [268/470]
2026-05-30 15:28:17,223 | INFO |   ⏳ 39.5s (req #467)
2026-05-30 15:28:59,492 | INFO |   GET https://www.gsmarena.com/zte_axon_7_mini-8232.php → 200
2026-05-30 15:28:59,530 | INFO |       📱 ZTE Axon 7 mini | Main=16.0MP | Selfie=8.0MP | AnTuTu=None | Price=$None | IP=None | Populated=45/68 fields
2026-05-30 15:28:59,537 | INFO |   💾 [232/470] saved
2026-05-30 15:28:59,537 | INFO | 
  [269/470]
2026-05-30 15:28:59,537 | INFO |   ⏳ 21.9s (req #468)
2026-05-30 15:29:23,694 | INFO |   GET https://www.gsmarena.com/zte_warp_7-8300.php → 200
2026-05-30 15:29:23,717 | INFO |       📱 ZTE Warp 7 | Main=13.0MP | Selfie=5.0MP | AnTuTu=None | Price=$None | IP=None | Populated=37/68 fields
2026-05-30 15:29:23,724 | INFO |   💾 [233/470] saved
2026-05-30 15:29:23,726 | INFO | 
  [270/470]
2026-05-30 15:29:23,727 | INFO |   ⏳ 26.4s (req #469)
2026-05-30 15:29:52,170 | INFO |   GET https://www.gsmarena.com/zte_zmax_pro-8096.php → 200
2026-05-30 15:29:52,197 | INFO |       📱 ZTE Zmax Pro | Main=13.0MP | Selfie=5.0MP | AnTuTu=None | Price=$None | IP=None | Populated=42/68 fields
2026-05-30 15:29:52,204 | INFO |   💾 [234/470] saved
2026-05-30 15:29:52,204 | INFO | 
  [271/470]
2026-05-30 15:29:52,204 | INFO |   ⏳ 22.0s (req #470)
2026-05-30 15:30:18,105 | INFO |   GET https://www.gsmarena.com/zte_nubia_n1-8182.php → 200
2026-05-30 15:30:18,133 | INFO |       📱 ZTE nubia N1 | Main=13.0MP | Selfie=13.0MP | AnTuTu=None | Price=$None | IP=None | Populated=44/68 fields
2026-05-30 15:30:18,139 | INFO |   💾 [235/470] saved
2026-05-30 15:30:18,139 | INFO | 
  [272/470]
2026-05-30 15:30:18,140 | INFO |   ⏳ 17.0s (req #471)
2026-05-30 15:30:37,599 | INFO |   GET https://www.gsmarena.com/zte_nubia_z11_max-8092.php → 200
2026-05-30 15:30:37,622 | INFO |       📱 ZTE nubia Z11 Max | Main=16.0MP | Selfie=8.0MP | AnTuTu=None | Price=$None | IP=None | Populated=46/68 fields
2026-05-30 15:30:37,630 | INFO |   💾 [236/470] saved
2026-05-30 15:30:37,632 | INFO | 
  [273/470]
2026-05-30 15:30:37,633 | INFO |   ⏳ 21.5s (req #472)
2026-05-30 15:31:01,837 | INFO |   GET https://www.gsmarena.com/zte_axon_7-8067.php → 200
2026-05-30 15:31:01,867 | INFO |       📱 ZTE Axon 7 | Main=20.0MP | Selfie=8.0MP | AnTuTu=None | Price=$None | IP=None | Populated=48/68 fields
2026-05-30 15:31:01,875 | INFO |   💾 [237/470] saved
2026-05-30 15:31:01,875 | INFO | 
  [274/470]
2026-05-30 15:31:01,875 | INFO |   ⏳ 17.0s (req #473)
2026-05-30 15:31:22,704 | INFO |   GET https://www.gsmarena.com/zte_nubia_z11-8091.php → 200
2026-05-30 15:31:22,752 | INFO |       📱 ZTE nubia Z11 | Main=16.0MP | Selfie=8.0MP | AnTuTu=None | Price=$None | IP=None | Populated=46/68 fields
2026-05-30 15:31:22,758 | INFO |   💾 [238/470] saved
2026-05-30 15:31:22,758 | INFO | 
  [275/470]
2026-05-30 15:31:22,759 | INFO |   ⏳ 26.2s (req #474)
2026-05-30 15:31:51,988 | INFO |   GET https://www.gsmarena.com/zte_blade_l110_(a110)-8548.php → 200
2026-05-30 15:31:52,019 | INFO |       📱 ZTE Blade L110 (A110) | Main=5.0MP | Selfie=2.0MP | AnTuTu=None | Price=$None | IP=None | Populated=39/68 fields
2026-05-30 15:31:52,026 | INFO |   💾 [239/470] saved
2026-05-30 15:31:52,027 | INFO | 
  [276/470]
2026-05-30 15:31:52,027 | INFO |   ⏳ 39.0s (req #475)
2026-05-30 15:32:34,969 | INFO |   GET https://www.gsmarena.com/zte_grand_x_max_2-8110.php → 200
2026-05-30 15:32:34,998 | INFO |       📱 ZTE Grand X Max 2 | Main=13.0MP | Selfie=5.0MP | AnTuTu=None | Price=$None | IP=None | Populated=41/68 fields
2026-05-30 15:32:35,004 | INFO |   💾 [240/470] saved
2026-05-30 15:32:35,005 | INFO | 
  [277/470]
2026-05-30 15:32:35,005 | INFO |   ⏳ 34.8s (req #476)
2026-05-30 15:33:10,818 | INFO |   GET https://www.gsmarena.com/zte_nubia_z11_mini-8044.php → 200
2026-05-30 15:33:10,853 | INFO |       📱 ZTE nubia Z11 mini | Main=16.0MP | Selfie=8.0MP | AnTuTu=None | Price=$None | IP=None | Populated=44/68 fields
2026-05-30 15:33:10,862 | INFO |   💾 [241/470] saved
2026-05-30 15:33:10,863 | INFO | 
  [278/470]
2026-05-30 15:33:10,863 | INFO |   ⏳ 36.0s (req #477)
2026-05-30 15:33:49,626 | INFO |   GET https://www.gsmarena.com/zte_blade_l5_plus-8063.php → 200
2026-05-30 15:33:49,646 | INFO |       📱 ZTE Blade L5 Plus | Main=8.0MP | Selfie=2.0MP | AnTuTu=None | Price=$None | IP=None | Populated=40/68 fields
2026-05-30 15:33:49,653 | INFO |   💾 [242/470] saved
2026-05-30 15:33:49,655 | INFO | 
  [279/470]
2026-05-30 15:33:49,655 | INFO |   ⏳ 27.2s (req #478)
2026-05-30 15:34:19,897 | INFO |   GET https://www.gsmarena.com/zte_blade_v_plus-7963.php → 200
2026-05-30 15:34:19,934 | INFO |       📱 ZTE Blade V Plus | Main=13.0MP | Selfie=5.0MP | AnTuTu=None | Price=$None | IP=None | Populated=41/68 fields
2026-05-30 15:34:19,941 | INFO |   💾 [243/470] saved
2026-05-30 15:34:19,941 | INFO | 
  [280/470]
2026-05-30 15:34:19,941 | INFO |   ⏳ 24.9s (req #479)
2026-05-30 15:34:47,583 | INFO |   GET https://www.gsmarena.com/zte_blade_a610-8294.php → 200
2026-05-30 15:34:47,617 | INFO |       📱 ZTE Blade A610 | Main=8.0MP | Selfie=5.0MP | AnTuTu=None | Price=$None | IP=None | Populated=39/68 fields
2026-05-30 15:34:47,624 | INFO |   💾 [244/470] saved
2026-05-30 15:34:47,624 | INFO | 
  [281/470]
2026-05-30 15:34:47,624 | INFO |   ☕ Long pause 136s ...
2026-05-30 15:37:06,766 | INFO |   GET https://www.gsmarena.com/zte_blade_a512-8293.php → 200
2026-05-30 15:37:06,791 | INFO |       📱 ZTE Blade A512 | Main=13.0MP | Selfie=5.0MP | AnTuTu=None | Price=$None | IP=None | Populated=41/68 fields
2026-05-30 15:37:06,799 | INFO |   💾 [245/470] saved
2026-05-30 15:37:06,801 | INFO | 
  [282/470]
2026-05-30 15:37:06,801 | INFO |   ⏳ 43.4s (req #481)
2026-05-30 15:37:52,234 | INFO |   GET https://www.gsmarena.com/zte_blade_a452-8295.php → 200
2026-05-30 15:37:52,260 | INFO |       📱 ZTE Blade A452 | Main=8.0MP | Selfie=5.0MP | AnTuTu=None | Price=$None | IP=None | Populated=39/68 fields
2026-05-30 15:37:52,267 | INFO |   💾 [246/470] saved
2026-05-30 15:37:52,267 | INFO | 
  [283/470]
2026-05-30 15:37:52,268 | INFO |   ⏳ 19.0s (req #482)
2026-05-30 15:38:13,671 | INFO |   GET https://www.gsmarena.com/zte_blade_v7-7943.php → 200
2026-05-30 15:38:13,700 | INFO |       📱 ZTE Blade V7 | Main=13.0MP | Selfie=5.0MP | AnTuTu=None | Price=$None | IP=None | Populated=39/68 fields
2026-05-30 15:38:13,706 | INFO |   💾 [247/470] saved
2026-05-30 15:38:13,706 | INFO | 
  [284/470]
2026-05-30 15:38:13,706 | INFO |   ⏳ 29.9s (req #483)
2026-05-30 15:38:46,096 | INFO |   GET https://www.gsmarena.com/zte_blade_a910-9152.php → 200
2026-05-30 15:38:46,118 | INFO |       📱 ZTE Blade A910 | Main=13.0MP | Selfie=8.0MP | AnTuTu=None | Price=$None | IP=None | Populated=41/68 fields
2026-05-30 15:38:46,125 | INFO |   💾 [248/470] saved
2026-05-30 15:38:46,127 | INFO | 
  [285/470]
2026-05-30 15:38:46,127 | INFO |   ⏳ 22.6s (req #484)
2026-05-30 15:39:10,837 | INFO |   GET https://www.gsmarena.com/zte_blade_a2-8143.php → 200
2026-05-30 15:39:10,861 | INFO |       📱 ZTE Blade A2 | Main=13.0MP | Selfie=5.0MP | AnTuTu=None | Price=$None | IP=None | Populated=42/68 fields
2026-05-30 15:39:10,868 | INFO |   💾 [249/470] saved
2026-05-30 15:39:10,869 | INFO | 
  [286/470]
2026-05-30 15:39:10,869 | INFO |   ⏳ 36.1s (req #485)
2026-05-30 15:39:49,348 | INFO |   GET https://www.gsmarena.com/zte_blade_v7_lite-7944.php → 200
2026-05-30 15:39:49,391 | INFO |       📱 ZTE Blade V7 Lite | Main=13.0MP | Selfie=8.0MP | AnTuTu=None | Price=$None | IP=None | Populated=41/68 fields
2026-05-30 15:39:49,398 | INFO |   💾 [250/470] saved
2026-05-30 15:39:49,398 | INFO | 
  [287/470]
2026-05-30 15:39:49,398 | INFO |   ⏳ 17.8s (req #486)
2026-05-30 15:40:10,396 | INFO |   GET https://www.gsmarena.com/zte_axon_max-7938.php → 200
2026-05-30 15:40:10,418 | INFO |       📱 ZTE Axon Max | Main=16.0MP | Selfie=13.0MP | AnTuTu=None | Price=$None | IP=None | Populated=40/68 fields
2026-05-30 15:40:10,426 | INFO |   💾 [251/470] saved
2026-05-30 15:40:10,426 | INFO | 
  [288/470]
2026-05-30 15:40:10,426 | INFO |   ⏳ 30.7s (req #487)
2026-05-30 15:40:43,240 | INFO |   GET https://www.gsmarena.com/zte_nubia_prague_s-7868.php → 200
2026-05-30 15:40:43,263 | INFO |       📱 ZTE nubia Prague S | Main=13.0MP | Selfie=8.0MP | AnTuTu=None | Price=$None | IP=None | Populated=42/68 fields
2026-05-30 15:40:43,270 | INFO |   💾 [252/470] saved
2026-05-30 15:40:43,271 | INFO | 
  [289/470]
2026-05-30 15:40:43,273 | INFO |   ⏳ 37.4s (req #488)
2026-05-30 15:41:22,233 | INFO |   GET https://www.gsmarena.com/zte_grand_x_3-7852.php → 200
2026-05-30 15:41:22,265 | INFO |       📱 ZTE Grand X 3 | Main=8.0MP | Selfie=2.0MP | AnTuTu=None | Price=$None | IP=None | Populated=42/68 fields
2026-05-30 15:41:22,271 | INFO |   💾 [253/470] saved
2026-05-30 15:41:22,272 | INFO | 
  [290/470]
2026-05-30 15:41:22,272 | INFO |   ⏳ 42.4s (req #489)
2026-05-30 15:42:06,827 | INFO |   GET https://www.gsmarena.com/zte_avid_plus-7853.php → 200
2026-05-30 15:42:06,863 | INFO |       📱 ZTE Avid Plus | Main=5.0MP | Selfie=2.0MP | AnTuTu=None | Price=$None | IP=None | Populated=42/68 fields
2026-05-30 15:42:06,870 | INFO |   💾 [254/470] saved
2026-05-30 15:42:06,870 | INFO | 
  [291/470]
2026-05-30 15:42:06,870 | INFO |   ⏳ 33.8s (req #490)
2026-05-30 15:42:42,194 | INFO |   GET https://www.gsmarena.com/zte_blade_x9-7761.php → 200
2026-05-30 15:42:42,215 | INFO |       📱 ZTE Blade X9 | Main=13.0MP | Selfie=5.0MP | AnTuTu=None | Price=$None | IP=None | Populated=41/68 fields
2026-05-30 15:42:42,221 | INFO |   💾 [255/470] saved
2026-05-30 15:42:42,227 | INFO | 
  [292/470]
2026-05-30 15:42:42,227 | INFO |   ⏳ 17.5s (req #491)
2026-05-30 15:43:02,690 | INFO |   GET https://www.gsmarena.com/zte_blade_x5-7762.php → 200
2026-05-30 15:43:02,738 | INFO |       📱 ZTE Blade X5 | Main=13.0MP | Selfie=8.0MP | AnTuTu=None | Price=$None | IP=None | Populated=35/68 fields
2026-05-30 15:43:02,745 | INFO |   💾 [256/470] saved
2026-05-30 15:43:02,746 | INFO | 
  [293/470]
2026-05-30 15:43:02,746 | INFO |   ⏳ 38.5s (req #492)
2026-05-30 15:43:43,252 | INFO |   GET https://www.gsmarena.com/zte_blade_x3-7763.php → 200
2026-05-30 15:43:43,277 | INFO |       📱 ZTE Blade X3 | Main=8.0MP | Selfie=5.0MP | AnTuTu=None | Price=$None | IP=None | Populated=39/68 fields
2026-05-30 15:43:43,286 | INFO |   💾 [257/470] saved
2026-05-30 15:43:43,286 | INFO | 
  [294/470]
2026-05-30 15:43:43,286 | INFO |   ⏳ 32.4s (req #493)
2026-05-30 15:44:19,193 | INFO |   GET https://www.gsmarena.com/zte_axon_watch-7692.php → 200
2026-05-30 15:44:19,215 | INFO |       📱 ZTE Axon Watch | Main=NoneMP | Selfie=NoneMP | AnTuTu=None | Price=$None | IP=IP67 | Populated=29/68 fields
2026-05-30 15:44:19,223 | INFO |   💾 [258/470] saved
2026-05-30 15:44:19,223 | INFO | 
  [295/470]
2026-05-30 15:44:19,223 | INFO |   ⏳ 29.7s (req #494)
2026-05-30 15:44:51,919 | INFO |   GET https://www.gsmarena.com/zte_axon-7686.php → 200
2026-05-30 15:44:51,946 | INFO |       📱 ZTE Axon | Main=13.0MP | Selfie=8.0MP | AnTuTu=None | Price=$None | IP=None | Populated=43/68 fields
2026-05-30 15:44:51,955 | INFO |   💾 [259/470] saved
2026-05-30 15:44:51,956 | INFO | 
  [296/470]
2026-05-30 15:44:51,956 | INFO |   ⏳ 18.5s (req #495)
2026-05-30 15:45:11,806 | INFO |   GET https://www.gsmarena.com/zte_blade_s7-7670.php → 200
2026-05-30 15:45:11,830 | INFO |       📱 ZTE Blade S7 | Main=13.0MP | Selfie=13.0MP | AnTuTu=None | Price=$None | IP=None | Populated=42/68 fields
2026-05-30 15:45:11,836 | INFO |   💾 [260/470] saved
2026-05-30 15:45:11,836 | INFO | 
  [297/470]
2026-05-30 15:45:11,837 | INFO |   ⏳ 43.2s (req #496)
2026-05-30 15:45:57,495 | INFO |   GET https://www.gsmarena.com/zte_axon_mini-7646.php → 200
2026-05-30 15:45:57,518 | INFO |       📱 ZTE Axon mini | Main=13.0MP | Selfie=8.0MP | AnTuTu=None | Price=$None | IP=None | Populated=40/68 fields
2026-05-30 15:45:57,524 | INFO |   💾 [261/470] saved
2026-05-30 15:45:57,524 | INFO | 
  [298/470]
2026-05-30 15:45:57,524 | INFO |   ⏳ 28.6s (req #497)
2026-05-30 15:46:28,730 | INFO |   GET https://www.gsmarena.com/zte_zmax_2-7572.php → 200
2026-05-30 15:46:28,760 | INFO |       📱 ZTE Zmax 2 | Main=8.0MP | Selfie=2.0MP | AnTuTu=None | Price=$None | IP=None | Populated=40/68 fields
2026-05-30 15:46:28,766 | INFO |   💾 [262/470] saved
2026-05-30 15:46:28,767 | INFO | 
  [299/470]
2026-05-30 15:46:28,767 | INFO |   ⏳ 21.9s (req #498)
2026-05-30 15:46:52,868 | INFO |   GET https://www.gsmarena.com/zte_axon_elite-7542.php → 200
2026-05-30 15:46:52,892 | INFO |       📱 ZTE Axon Elite | Main=13.0MP | Selfie=8.0MP | AnTuTu=None | Price=$None | IP=None | Populated=44/68 fields
2026-05-30 15:46:52,898 | INFO |   💾 [263/470] saved
2026-05-30 15:46:52,899 | INFO | 
  [300/470]
2026-05-30 15:46:52,899 | INFO |   ⏳ 42.5s (req #499)
2026-05-30 15:47:37,892 | INFO |   GET https://www.gsmarena.com/zte_nubia_my_prague-7485.php → 200
2026-05-30 15:47:37,913 | INFO |       📱 ZTE nubia My Prague | Main=13.0MP | Selfie=8.0MP | AnTuTu=None | Price=$None | IP=None | Populated=41/68 fields
2026-05-30 15:47:37,920 | INFO |   💾 [264/470] saved
2026-05-30 15:47:37,920 | INFO | 
  [301/470]
2026-05-30 15:47:37,920 | INFO |   ⏳ 44.2s (req #500)
2026-05-30 15:48:24,314 | INFO |   GET https://www.gsmarena.com/zte_axon_lux-7441.php → 200
2026-05-30 15:48:24,335 | INFO |       📱 ZTE Axon Lux | Main=13.0MP | Selfie=8.0MP | AnTuTu=None | Price=$None | IP=None | Populated=42/68 fields
2026-05-30 15:48:24,341 | INFO |   💾 [265/470] saved
2026-05-30 15:48:24,341 | INFO | 
  [302/470]
2026-05-30 15:48:24,342 | INFO |   ⏳ 24.2s (req #501)
2026-05-30 15:48:50,508 | INFO |   GET https://www.gsmarena.com/zte_boost_max+-7430.php → 200
2026-05-30 15:48:50,551 | INFO |       📱 ZTE Boost Max+ | Main=8.0MP | Selfie=1.0MP | AnTuTu=None | Price=$None | IP=None | Populated=36/68 fields
2026-05-30 15:48:50,563 | INFO |   💾 [266/470] saved
2026-05-30 15:48:50,563 | INFO | 
  [303/470]
2026-05-30 15:48:50,565 | INFO |   ⏳ 37.5s (req #502)
2026-05-30 15:49:31,225 | INFO |   GET https://www.gsmarena.com/zte_blade_a460-7799.php → 200
2026-05-30 15:49:31,245 | INFO |       📱 ZTE Blade A460 | Main=5.0MP | Selfie=2.0MP | AnTuTu=None | Price=$None | IP=None | Populated=39/68 fields
2026-05-30 15:49:31,251 | INFO |   💾 [267/470] saved
2026-05-30 15:49:31,251 | INFO | 
  [304/470]
2026-05-30 15:49:31,252 | INFO |   ⏳ 19.1s (req #503)
2026-05-30 15:49:53,232 | INFO |   GET https://www.gsmarena.com/zte_blade_d6-7428.php → 200
2026-05-30 15:49:53,262 | INFO |       📱 ZTE Blade D6 | Main=13.0MP | Selfie=5.0MP | AnTuTu=None | Price=$None | IP=None | Populated=41/68 fields
2026-05-30 15:49:53,268 | INFO |   💾 [268/470] saved
2026-05-30 15:49:53,268 | INFO | 
  [305/470]
2026-05-30 15:49:53,268 | INFO |   ⏳ 27.6s (req #504)
2026-05-30 15:50:25,842 | INFO |   GET https://www.gsmarena.com/zte_axon_pro-7422.php → 200
2026-05-30 15:50:25,919 | INFO |       📱 ZTE Axon Pro | Main=13.0MP | Selfie=8.0MP | AnTuTu=None | Price=$None | IP=None | Populated=44/68 fields
2026-05-30 15:50:25,925 | INFO |   💾 [269/470] saved
2026-05-30 15:50:25,925 | INFO | 
  [306/470]
2026-05-30 15:50:25,925 | INFO |   ⏳ 37.1s (req #505)
2026-05-30 15:51:05,148 | INFO |   GET https://www.gsmarena.com/zte_blade_a410-8114.php → 200
2026-05-30 15:51:05,169 | INFO |       📱 ZTE Blade A410 | Main=5.0MP | Selfie=NoneMP | AnTuTu=None | Price=$None | IP=None | Populated=38/68 fields
2026-05-30 15:51:05,176 | INFO |   💾 [270/470] saved
2026-05-30 15:51:05,176 | INFO | 
  [307/470]
2026-05-30 15:51:05,176 | INFO |   ⏳ 41.0s (req #506)
2026-05-30 15:51:47,220 | INFO |   GET https://www.gsmarena.com/zte_obsidian-7481.php → 200
2026-05-30 15:51:47,242 | INFO |       📱 ZTE Obsidian | Main=5.0MP | Selfie=2.0MP | AnTuTu=None | Price=$None | IP=None | Populated=40/68 fields
2026-05-30 15:51:47,248 | INFO |   💾 [271/470] saved
2026-05-30 15:51:47,248 | INFO | 
  [308/470]
2026-05-30 15:51:47,249 | INFO |   ⏳ 26.0s (req #507)
2026-05-30 15:52:16,353 | INFO |   GET https://www.gsmarena.com/zte_grand_x2-7656.php → 200
2026-05-30 15:52:16,377 | INFO |       📱 ZTE Grand X2 | Main=8.0MP | Selfie=2.0MP | AnTuTu=None | Price=$None | IP=None | Populated=40/68 fields
2026-05-30 15:52:16,383 | INFO |   💾 [272/470] saved
2026-05-30 15:52:16,383 | INFO | 
  [309/470]
2026-05-30 15:52:16,383 | INFO |   ⏳ 38.9s (req #508)
2026-05-30 15:52:56,236 | INFO |   GET https://www.gsmarena.com/zte_sonata_2-7356.php → 200
2026-05-30 15:52:56,258 | INFO |       📱 ZTE Sonata 2 | Main=5.0MP | Selfie=2.0MP | AnTuTu=None | Price=$None | IP=None | Populated=37/68 fields
2026-05-30 15:52:56,264 | INFO |   💾 [273/470] saved
2026-05-30 15:52:56,264 | INFO | 
  [310/470]
2026-05-30 15:52:56,264 | INFO |   ⏳ 32.9s (req #509)
2026-05-30 15:53:30,466 | INFO |   GET https://www.gsmarena.com/zte_blade_apex_3-7790.php → 200
2026-05-30 15:53:30,487 | INFO |       📱 ZTE Blade Apex 3 | Main=5.0MP | Selfie=2.0MP | AnTuTu=None | Price=$None | IP=None | Populated=40/68 fields
2026-05-30 15:53:30,493 | INFO |   💾 [274/470] saved
2026-05-30 15:53:30,494 | INFO | 
  [311/470]
2026-05-30 15:53:30,494 | INFO |   ☕ Long pause 158s ...
2026-05-30 15:56:09,473 | INFO |   GET https://www.gsmarena.com/zte_maven-7355.php → 200
2026-05-30 15:56:09,496 | INFO |       📱 ZTE Maven | Main=5.0MP | Selfie=NoneMP | AnTuTu=None | Price=$None | IP=None | Populated=40/68 fields
2026-05-30 15:56:09,501 | INFO |   💾 [275/470] saved
2026-05-30 15:56:09,501 | INFO | 
  [312/470]
2026-05-30 15:56:09,501 | INFO |   ⏳ 25.4s (req #511)
2026-05-30 15:56:35,706 | INFO |   GET https://www.gsmarena.com/zte_blade_q_pro-8244.php → 200
2026-05-30 15:56:35,720 | INFO |       📱 ZTE Blade Q Pro | Main=8.0MP | Selfie=2.0MP | AnTuTu=None | Price=$None | IP=None | Populated=37/68 fields
2026-05-30 15:56:35,728 | INFO |   💾 [276/470] saved
2026-05-30 15:56:35,728 | INFO | 
  [313/470]
2026-05-30 15:56:35,728 | INFO |   ⏳ 30.3s (req #512)
2026-05-30 15:57:06,957 | INFO |   GET https://www.gsmarena.com/zte_blade_qlux_4g-7294.php → 200
2026-05-30 15:57:06,973 | INFO |       📱 ZTE Blade Qlux 4G | Main=8.0MP | Selfie=5.0MP | AnTuTu=None | Price=$None | IP=None | Populated=39/68 fields
2026-05-30 15:57:06,976 | INFO |   💾 [277/470] saved
2026-05-30 15:57:06,977 | INFO | 🛑 Cap (500) — saving
2026-05-30 22:53:26,812 | INFO | ============================================================
2026-05-30 22:53:26,813 | INFO | BATCH 5 — ZTE | Alcatel | BLU | Honor
2026-05-30 22:53:26,813 | INFO | Phones ~1,539  |  Time: 8–10 hours
2026-05-30 22:53:26,813 | INFO | Columns: 68 | Method: data-spec attributes
2026-05-30 22:53:26,813 | INFO | Started: 2026-05-30 22:53:26
2026-05-30 22:53:26,814 | INFO | ============================================================
2026-05-30 22:53:26,814 | INFO | Checking connection ...
2026-05-30 22:53:28,361 | INFO |   ✅ Connected (attempt 1)
2026-05-30 22:53:28,384 | INFO | Resuming: 1420 done | 0 retry queue
2026-05-30 22:53:28,385 | INFO |   ▶ First request — no delay
2026-05-30 22:53:29,427 | INFO |   GET https://www.gsmarena.com/makers.php3 → 200
2026-05-30 22:53:29,447 | INFO | ✅ 126 brands
2026-05-30 22:53:29,447 | INFO | Matched: ['Alcatel', 'Blu', 'Honor', 'Zte']
2026-05-30 22:53:29,448 | INFO | [1/4] SKIP Alcatel
2026-05-30 22:53:29,448 | INFO | [2/4] SKIP Blu
2026-05-30 22:53:29,448 | INFO | [3/4] SKIP Honor
2026-05-30 22:53:29,449 | INFO | 
============================================================
2026-05-30 22:53:29,449 | INFO | [4/4] Zte (435 phones)
2026-05-30 22:53:29,449 | INFO | Elapsed: 0min
2026-05-30 22:53:29,450 | INFO | ============================================================
2026-05-30 22:53:29,469 | INFO |   📋 Loaded 470 links from cache — no web requests needed
2026-05-30 22:53:29,470 | INFO |   [1/470] SKIP zte_nubia_redmagic_11s_pro_5g-14669.php
2026-05-30 22:53:29,470 | INFO |   [2/470] SKIP zte_nubia_redmagic_11s_pro+_5g-14671.php
2026-05-30 22:53:29,470 | INFO |   [3/470] SKIP zte_nubia_redmagic_11s_pro_5g_(china)-14670.php
2026-05-30 22:53:29,470 | INFO |   [4/470] SKIP zte_nubia_neo_5_gt_5g-14524.php
2026-05-30 22:53:29,470 | INFO |   [5/470] SKIP zte_nubia_neo_5_pro_5g-14594.php
2026-05-30 22:53:29,471 | INFO |   [6/470] SKIP zte_nubia_neo_5_5g-14595.php
2026-05-30 22:53:29,471 | INFO |   [7/470] SKIP zte_blade_x1001-14525.php
2026-05-30 22:53:29,471 | INFO |   [8/470] SKIP zte_blade_v80_max-14449.php
2026-05-30 22:53:29,471 | INFO |   [9/470] SKIP zte_nubia_redmagic_11_air_5g-14430.php
2026-05-30 22:53:29,471 | INFO |   [10/470] SKIP zte_pad_5g_x1102n-14354.php
2026-05-30 22:53:29,472 | INFO |   [11/470] SKIP zte_nubia_fold_5g-14324.php
2026-05-30 22:53:29,472 | INFO |   [12/470] SKIP zte_nubia_flip3_5g-14325.php
2026-05-30 22:53:29,472 | INFO |   [13/470] SKIP zte_blade_v80_pro-14305.php
2026-05-30 22:53:29,472 | INFO |   [14/470] SKIP zte_blade_v80_design-14291.php
2026-05-30 22:53:29,472 | INFO |   [15/470] SKIP zte_nubia_redmagic_11_pro_5g_int-14277.php
2026-05-30 22:53:29,473 | INFO |   [16/470] SKIP zte_nubia_z80_ultra_5g-14247.php
2026-05-30 22:53:29,473 | INFO |   [17/470] SKIP zte_nubia_redmagic_11_pro+_5g-14238.php
2026-05-30 22:53:29,473 | INFO |   [18/470] SKIP zte_nubia_redmagic_11_pro_5g-14239.php
2026-05-30 22:53:29,473 | INFO |   [19/470] SKIP zte_nubia_air_5g-14123.php
2026-05-30 22:53:29,473 | INFO |   [20/470] SKIP zte_blade_a36-13966.php
2026-05-30 22:53:29,473 | INFO |   [21/470] SKIP zte_blade_a56-13948.php
2026-05-30 22:53:29,473 | INFO |   [22/470] SKIP zte_redmagic_tablet_3_pro-13939.php
2026-05-30 22:53:29,474 | INFO |   [23/470] SKIP zte_blade_a76-14290.php
2026-05-30 22:53:29,474 | INFO |   [24/470] SKIP zte_blade_a76_5g-13932.php
2026-05-30 22:53:29,474 | INFO |   [25/470] SKIP zte_nubia_redmagic_10spro+_5g-13905.php
2026-05-30 22:53:29,474 | INFO |   [26/470] SKIP zte_nubia_redmagic_10spro_5g-13906.php
2026-05-30 22:53:29,474 | INFO |   [27/470] SKIP zte_nubia_z70s_ultra_5g-13819.php
2026-05-30 22:53:29,474 | INFO |   [28/470] SKIP zte_nubia_tablet_pro-13820.php
2026-05-30 22:53:29,475 | INFO |   [29/470] SKIP zte_nubia_redmagic_10_air_5g-13797.php
2026-05-30 22:53:29,475 | INFO |   [30/470] SKIP zte_nubia_focus_2_ultra-13708.php
2026-05-30 22:53:29,475 | INFO |   [31/470] SKIP zte_nubia_focus_2-13709.php
2026-05-30 22:53:29,475 | INFO |   [32/470] SKIP zte_nubia_neo_3_gt-13710.php
2026-05-30 22:53:29,475 | INFO |   [33/470] SKIP zte_nubia_neo_3-13711.php
2026-05-30 22:53:29,475 | INFO |   [34/470] SKIP zte_nubia_flip2-13625.php
2026-05-30 22:53:29,476 | INFO |   [35/470] SKIP zte_blade_v70_max-13654.php
2026-05-30 22:53:29,476 | INFO |   [36/470] SKIP zte_nubia_music_2-13611.php
2026-05-30 22:53:29,476 | INFO |   [37/470] SKIP zte_blade_v70_design-13513.php
2026-05-30 22:53:29,476 | INFO |   [38/470] SKIP zte_nubia_z70_ultra-13508.php
2026-05-30 22:53:29,476 | INFO |   [39/470] SKIP zte_blade_v70-13501.php
2026-05-30 22:53:29,477 | INFO |   [40/470] SKIP zte_nubia_red_magic_10_pro+-13495.php
2026-05-30 22:53:29,477 | INFO |   [41/470] SKIP zte_nubia_red_magic_10_pro-13496.php
2026-05-30 22:53:29,477 | INFO |   [42/470] SKIP zte_blade_a55-13500.php
2026-05-30 22:53:29,477 | INFO |   [43/470] SKIP zte_blade_a35-13468.php
2026-05-30 22:53:29,477 | INFO |   [44/470] SKIP zte_blade_a75_4g-13378.php
2026-05-30 22:53:29,478 | INFO |   [45/470] SKIP zte_blade_v60_design-13377.php
2026-05-30 22:53:29,478 | INFO |   [46/470] SKIP zte_blade_a75-13376.php
2026-05-30 22:53:29,478 | INFO |   [47/470] SKIP zte_nubia_red_magic_nova-13303.php
2026-05-30 22:53:29,478 | INFO |   [48/470] SKIP zte_nubia_z60s_pro-13226.php
2026-05-30 22:53:29,478 | INFO |   [49/470] SKIP zte_nubia_z60_ultra_leading-13198.php
2026-05-30 22:53:29,479 | INFO |   [50/470] SKIP zte_nubia_red_magic_9s_pro+-13190.php
2026-05-30 22:53:29,479 | INFO |   [51/470] SKIP vivo_s60_vitality_5g-14693.php
2026-05-30 22:53:29,479 | INFO |   [52/470] SKIP vivo_s60_5g-14692.php
2026-05-30 22:53:29,479 | INFO |   [53/470] SKIP vivo_t5-14697.php
2026-05-30 22:53:29,479 | INFO |   [54/470] SKIP ulefone_tab_a12_pro-14695.php
2026-05-30 22:53:29,480 | INFO |   [55/470] SKIP xiaomi_17_max_5g-14667.php
2026-05-30 22:53:29,480 | INFO |   [56/470] SKIP vivo_y600_turbo_5g-14687.php
2026-05-30 22:53:29,480 | INFO |   [57/470] SKIP ulefone_armor_mini_5-14694.php
2026-05-30 22:53:29,480 | INFO |   [58/470] SKIP honor_600e_5g-14688.php
2026-05-30 22:53:29,480 | INFO |   [59/470] SKIP xiaomi_17t_pro_5g-14651.php
2026-05-30 22:53:29,481 | INFO |   [60/470] SKIP xiaomi_17t_5g-14652.php
2026-05-30 22:53:29,481 | INFO |   [61/470] SKIP xiaomi_watch_s5-14696.php
2026-05-30 22:53:29,481 | INFO |   [62/470] SKIP realme_16t_5g-14674.php
2026-05-30 22:53:29,481 | INFO |   [63/470] SKIP honor_600_5g-14605.php
2026-05-30 22:53:29,482 | INFO |   [64/470] SKIP sony_xperia_1_viii_5g-14660.php
2026-05-30 22:53:29,482 | INFO |   [65/470] SKIP honor_600_pro_5g-14604.php
2026-05-30 22:53:29,482 | INFO |   [66/470] SKIP motorola_moto_g87_5g-14644.php
2026-05-30 22:53:29,482 | INFO |   [67/470] SKIP motorola_moto_g47-14645.php
2026-05-30 22:53:29,482 | INFO |   [68/470] SKIP xiaomi_17t_pro-14651.php
2026-05-30 22:53:29,482 | INFO |   [69/470] SKIP samsung_galaxy_a57-14379.php
2026-05-30 22:53:29,483 | INFO |   [70/470] SKIP xiaomi_17t-14652.php
2026-05-30 22:53:29,483 | INFO |   [71/470] SKIP samsung_galaxy_s26_ultra-14320.php
2026-05-30 22:53:29,483 | INFO |   [72/470] SKIP xiaomi_17_max-14667.php
2026-05-30 22:53:29,483 | INFO |   [73/470] SKIP samsung_galaxy_a17-14041.php
2026-05-30 22:53:29,483 | INFO |   [74/470] SKIP apple_iphone_17_pro_max-13964.php
2026-05-30 22:53:29,483 | INFO |   [75/470] SKIP xiaomi_redmi_note_15-14328.php
2026-05-30 22:53:29,484 | INFO |   [76/470] SKIP sony_xperia_1_viii-14660.php
2026-05-30 22:53:29,484 | INFO |   [77/470] SKIP honor_600_pro-14604.php
2026-05-30 22:53:29,484 | INFO |   [78/470] SKIP samsung_galaxy_a56-13603.php
2026-05-30 22:53:29,484 | INFO |   [79/470] SKIP xiaomi_15_ultra-13657.php
2026-05-30 22:53:29,484 | INFO |   [80/470] SKIP xiaomi_poco_x7_pro-13582.php
2026-05-30 22:53:29,485 | INFO |   [81/470] SKIP xiaomi_17_pro_max-14181.php
2026-05-30 22:53:29,485 | INFO |   [82/470] SKIP oneplus_15-14206.php
2026-05-30 22:53:29,485 | INFO |   [83/470] SKIP samsung_galaxy_s25-13610.php
2026-05-30 22:53:29,485 | INFO |   [84/470] SKIP xiaomi_17_ultra-14380.php
2026-05-30 22:53:29,485 | INFO |   [85/470] SKIP oppo_find_x9_pro-14094.php
2026-05-30 22:53:29,486 | INFO |   [86/470] SKIP zte_nubia_red_magic_9s_pro-13191.php
2026-05-30 22:53:29,486 | INFO |   [87/470] SKIP zte_voyage_3d-13178.php
2026-05-30 22:53:29,486 | INFO |   [88/470] SKIP zte_axon_60-12988.php
2026-05-30 22:53:29,487 | INFO |   [89/470] SKIP zte_axon_60_lite-12989.php
2026-05-30 22:53:29,487 | INFO |   [90/470] SKIP zte_blade_a34-13549.php
2026-05-30 22:53:29,487 | INFO |   [91/470] SKIP zte_blade_a33s-13550.php
2026-05-30 22:53:29,487 | INFO |   [92/470] SKIP zte_axon_60_ultra-12929.php
2026-05-30 22:53:29,487 | INFO |   [93/470] SKIP zte_nubia_focus_pro-12850.php
2026-05-30 22:53:29,488 | INFO |   [94/470] SKIP zte_nubia_focus-12849.php
2026-05-30 22:53:29,488 | INFO |   [95/470] SKIP zte_nubia_neo_2-12852.php
2026-05-30 22:53:29,488 | INFO |   [96/470] SKIP zte_nubia_music-12851.php
2026-05-30 22:53:29,488 | INFO |   [97/470] SKIP zte_nubia_pad_3d_ii-12853.php
2026-05-30 22:53:29,488 | INFO |   [98/470] SKIP zte_nubia_flip-12844.php
2026-05-30 22:53:29,488 | INFO |   [99/470] SKIP zte_nubia_z60_ultra-12751.php
2026-05-30 22:53:29,489 | INFO |   [100/470] SKIP zte_nubia_red_magic_9_pro+-12708.php
2026-05-30 22:53:29,489 | INFO |   [101/470] SKIP zte_nubia_red_magic_9_pro-12709.php
2026-05-30 22:53:29,489 | INFO |   [102/470] SKIP zte_blade_v50_design_4g-12712.php
2026-05-30 22:53:29,489 | INFO |   [103/470] SKIP zte_blade_v50_vita-12692.php
2026-05-30 22:53:29,489 | INFO |   [104/470] SKIP zte_blade_v50-12613.php
2026-05-30 22:53:29,489 | INFO |   [105/470] SKIP zte_blade_v50_design-12615.php
2026-05-30 22:53:29,490 | INFO |   [106/470] SKIP zte_blade_a54-12769.php
2026-05-30 22:53:29,490 | INFO |   [107/470] SKIP zte_blade_a73-12612.php
2026-05-30 22:53:29,490 | INFO |   [108/470] SKIP zte_blade_a73_5g-12611.php
2026-05-30 22:53:29,490 | INFO |   [109/470] SKIP zte_nubia_neo-12435.php
2026-05-30 22:53:29,491 | INFO |   [110/470] SKIP zte_nubia_z50s_pro-12428.php
2026-05-30 22:53:29,491 | INFO |   [111/470] SKIP zte_nubia_red_magic_tablet-12402.php
2026-05-30 22:53:29,491 | INFO |   [112/470] SKIP zte_nubia_red_magic_8s_pro+-12399.php
2026-05-30 22:53:29,491 | INFO |   [113/470] SKIP zte_nubia_red_magic_8s_pro-12398.php
2026-05-30 22:53:29,491 | INFO |   [114/470] SKIP zte_blade_a53_pro-13552.php
2026-05-30 22:53:29,492 | INFO |   [115/470] SKIP zte_blade_a53-13551.php
2026-05-30 22:53:29,492 | INFO |   [116/470] SKIP zte_blade_a72s-12455.php
2026-05-30 22:53:29,492 | INFO |   [117/470] SKIP zte_v70-12341.php
2026-05-30 22:53:29,492 | INFO |   [118/470] SKIP zte_axon_50_ultra-12228.php
2026-05-30 22:53:29,492 | INFO |   [119/470] SKIP zte_axon_pad-12229.php
2026-05-30 22:53:29,493 | INFO |   [120/470] SKIP zte_nubia_z50_ultra-12157.php
2026-05-30 22:53:29,493 | INFO |   [121/470] SKIP zte_nubia_pad_3d-12152.php
2026-05-30 22:53:29,493 | INFO |   [122/470] SKIP zte_blade_v40-12104.php
2026-05-30 22:53:29,494 | INFO |   [123/470] SKIP zte_blade_v40_design-12096.php
2026-05-30 22:53:29,494 | INFO |   [124/470] SKIP zte_nubia_red_magic_8_pro+-12042.php
2026-05-30 22:53:29,495 | INFO |   [125/470] SKIP zte_nubia_red_magic_8_pro-12015.php
2026-05-30 22:53:29,495 | INFO |   [126/470] SKIP zte_nubia_z50-12031.php
2026-05-30 22:53:29,495 | INFO |   [127/470] SKIP zte_blade_v41_vita-12018.php
2026-05-30 22:53:29,495 | INFO |   [128/470] SKIP zte_voyage_40_pro+-12006.php
2026-05-30 22:53:29,495 | INFO |   [129/470] SKIP zte_axon_40_ultra_space_edition-12005.php
2026-05-30 22:53:29,496 | INFO |   [130/470] SKIP zte_axon_40_se-11944.php
2026-05-30 22:53:29,496 | INFO |   [131/470] SKIP zte_blade_v40s-11917.php
2026-05-30 22:53:29,496 | INFO |   [132/470] SKIP zte_axon_30s-11901.php
2026-05-30 22:53:29,496 | INFO |   [133/470] SKIP zte_nubia_z40s_pro-11698.php
2026-05-30 22:53:29,496 | INFO |   [134/470] SKIP zte_nubia_red_magic_7s_pro-11649.php
2026-05-30 22:53:29,497 | INFO |   [135/470] SKIP zte_nubia_red_magic_7s-11664.php
2026-05-30 22:53:29,497 | INFO |   [136/470] SKIP zte_blade_v40_pro-11660.php
2026-05-30 22:53:29,497 | INFO |   [137/470] SKIP zte_blade_a72_5g-11958.php
2026-05-30 22:53:29,497 | INFO |   [138/470] SKIP zte_blade_a72-11612.php
2026-05-30 22:53:29,497 | INFO |   [139/470] SKIP zte_blade_a52_lite-11927.php
2026-05-30 22:53:29,497 | INFO |   [140/470] SKIP zte_blade_a52-11611.php
2026-05-30 22:53:29,498 | INFO |   [141/470] SKIP zte_axon_40_pro-11516.php
2026-05-30 22:53:29,498 | INFO |   [142/470] SKIP zte_a41_ultra_5g-14012.php
2026-05-30 22:53:29,498 | INFO |   [143/470] SKIP zte_axon_40_ultra-11510.php
2026-05-30 22:53:29,498 | INFO |   [144/470] SKIP zte_nubia_z40_pro-11379.php
2026-05-30 22:53:29,498 | INFO |   [145/470] SKIP zte_blade_v40_vita-11579.php
2026-05-30 22:53:29,498 | INFO |   [146/470] SKIP zte_nubia_red_magic_7_pro-11364.php
2026-05-30 22:53:29,499 | INFO |   [147/470] SKIP zte_nubia_red_magic_7-11363.php
2026-05-30 22:53:29,499 | INFO |   [148/470] SKIP zte_blade_a3_plus-11702.php
2026-05-30 22:53:29,499 | INFO |   [149/470] SKIP zte_blade_a7p-11700.php
2026-05-30 22:53:29,499 | INFO |   [150/470] SKIP zte_voyage_20_pro-11243.php
2026-05-30 22:53:29,500 | INFO |   [151/470] SKIP zte_avid_589-11721.php
2026-05-30 22:53:29,501 | INFO |   [152/470] SKIP zte_blade_a71-11240.php
2026-05-30 22:53:29,501 | INFO |   [153/470] SKIP zte_blade_a31_plus-11237.php
2026-05-30 22:53:29,501 | INFO |   [154/470] SKIP zte_blade_a31-11238.php
2026-05-30 22:53:29,501 | INFO |   [155/470] SKIP zte_blade_a31_lite-11946.php
2026-05-30 22:53:29,501 | INFO |   [156/470] SKIP zte_blade_a51-11239.php
2026-05-30 22:53:29,502 | INFO |   [157/470] SKIP zte_blade_l9-11203.php
2026-05-30 22:53:29,502 | INFO |   [158/470] SKIP zte_nubia_red_magic_6s_pro-11083.php
2026-05-30 22:53:29,502 | INFO |   [159/470] SKIP zte_nubia_red_magic_6s-11082.php
2026-05-30 22:53:29,502 | INFO |   [160/470] SKIP zte_axon_30_5g-11020.php
2026-05-30 22:53:29,502 | INFO |   [161/470] SKIP zte_blade_v30_vita-11018.php
2026-05-30 22:53:29,503 | INFO |   [162/470] SKIP zte_blade_v30-11009.php
2026-05-30 22:53:29,503 | INFO |   [163/470] SKIP zte_nubia_red_magic_6r-10929.php
2026-05-30 22:53:29,503 | INFO |   [164/470] SKIP zte_nubia_z30_pro-10914.php
2026-05-30 22:53:29,503 | INFO |   [165/470] SKIP zte_blade_11_prime-10885.php
2026-05-30 22:53:29,503 | INFO |   [166/470] SKIP zte_axon_30_ultra_5g-10837.php
2026-05-30 22:53:29,503 | INFO |   [167/470] SKIP zte_axon_30_pro_5g-10858.php
2026-05-30 22:53:29,503 | INFO |   [168/470] SKIP zte_s30_pro-10798.php
2026-05-30 22:53:29,504 | INFO |   [169/470] SKIP zte_s30-10820.php
2026-05-30 22:53:29,504 | INFO |   [170/470] SKIP zte_s30_se-10821.php
2026-05-30 22:53:29,504 | INFO |   [171/470] SKIP zte_nubia_red_magic_6_pro-10772.php
2026-05-30 22:53:29,504 | INFO |   [172/470] SKIP zte_nubia_red_magic_6-10773.php
2026-05-30 22:53:29,505 | INFO |   [173/470] SKIP zte_watch_gt-10823.php
2026-05-30 22:53:29,505 | INFO |   [174/470] SKIP zte_red_magic_watch-10774.php
2026-05-30 22:53:29,505 | INFO |   [175/470] SKIP zte_link_ii-11722.php
2026-05-30 22:53:29,505 | INFO |   [176/470] SKIP zte_blade_x1_5g-10706.php
2026-05-30 22:53:29,505 | INFO |   [177/470] SKIP zte_blade_20_pro_5g-10613.php
2026-05-30 22:53:29,505 | INFO |   [178/470] SKIP zte_cymbal_u-11727.php
2026-05-30 22:53:29,506 | INFO |   [179/470] SKIP zte_blade_v2020_5g-10614.php
2026-05-30 22:53:29,506 | INFO |   [180/470] SKIP zte_watch_live-10611.php
2026-05-30 22:53:29,506 | INFO |   [181/470] SKIP zte_blade_a7s_2020-10571.php
2026-05-30 22:53:29,506 | INFO |   [182/470] SKIP zte_blade_20_5g-10567.php
2026-05-30 22:53:29,507 | INFO |   [183/470] SKIP zte_blade_a3y-11728.php
2026-05-30 22:53:29,507 | INFO |   [184/470] SKIP zte_blade_a5_2020-11197.php
2026-05-30 22:53:29,507 | INFO |   [185/470] SKIP zte_axon_20_5g_extreme-10617.php
2026-05-30 22:53:29,507 | INFO |   [186/470] SKIP zte_axon_20_5g-10370.php
2026-05-30 22:53:29,508 | INFO |   [187/470] SKIP zte_axon_20_4g-10601.php
2026-05-30 22:53:29,508 | INFO |   [188/470] SKIP zte_quest_5-11729.php
2026-05-30 22:53:29,508 | INFO |   [189/470] SKIP zte_gabb_z2-11723.php
2026-05-30 22:53:29,508 | INFO |   [190/470] SKIP zte_nubia_watch-10341.php
2026-05-30 22:53:29,508 | INFO |   [191/470] SKIP zte_nubia_red_magic_5s-10339.php
2026-05-30 22:53:29,508 | INFO |   [192/470] SKIP zte_avid_579-11726.php
2026-05-30 22:53:29,509 | INFO |   [193/470] SKIP zte_nubia_red_magic_5g_lite-10282.php
2026-05-30 22:53:29,509 | INFO |   [194/470] SKIP zte_axon_11_se_5g-10281.php
2026-05-30 22:53:29,509 | INFO |   [195/470] SKIP zte_blade_a3_joy-11725.php
2026-05-30 22:53:29,509 | INFO |   [196/470] SKIP zte_blade_a3_prime-11724.php
2026-05-30 22:53:29,509 | INFO |   [197/470] SKIP zte_nubia_play-10193.php
2026-05-30 22:53:29,509 | INFO |   [198/470] SKIP zte_axon_11_4g-10284.php
2026-05-30 22:53:29,510 | INFO |   [199/470] SKIP zte_axon_11_5g-10139.php
2026-05-30 22:53:29,510 | INFO |   [200/470] SKIP zte_nubia_red_magic_5g-10071.php
2026-05-30 22:53:29,510 | INFO |   [201/470] SKIP zte_axon_10s_pro_5g-9998.php
2026-05-30 22:53:29,510 | INFO |   [202/470] SKIP zte_cymbal_2-11705.php
2026-05-30 22:53:29,510 | INFO |   [203/470] SKIP zte_blade_max_view-10070.php
2026-05-30 22:53:29,510 | INFO |   [204/470] SKIP zte_blade_a7_prime-9955.php
2026-05-30 22:53:29,511 | INFO |   [205/470] SKIP zte_blade_10_prime-9954.php
2026-05-30 22:53:29,511 | INFO |   [206/470] SKIP zte_blade_vantage_2-11731.php
2026-05-30 22:53:29,511 | INFO |   [207/470] SKIP zte_blade_20-9921.php
2026-05-30 22:53:29,511 | INFO |   [208/470] SKIP zte_nubia_red_magic_3s-9839.php
2026-05-30 22:53:29,511 | INFO |   [209/470] SKIP zte_nubia_z20-9780.php
2026-05-30 22:53:29,512 | INFO |   [210/470] SKIP zte_blade_a5_(2019)-9712.php
2026-05-30 22:53:29,512 | INFO |   [211/470] SKIP zte_blade_a3_(2019)-9713.php
2026-05-30 22:53:29,512 | INFO |   [212/470] SKIP zte_blade_l8-9714.php
2026-05-30 22:53:29,512 | INFO |   [213/470] SKIP zte_nubia_red_magic_3-9692.php
2026-05-30 22:53:29,512 | INFO |   [214/470] SKIP zte_avid_559-11730.php
2026-05-30 22:53:29,513 | INFO |   [215/470] SKIP zte_nubia_alpha-9612.php
2026-05-30 22:53:29,513 | INFO |   [216/470] SKIP zte_axon_10_pro_5g-9610.php
2026-05-30 22:53:29,513 | INFO |   [217/470] SKIP zte_axon_10_pro-9695.php
2026-05-30 22:53:29,513 | INFO |   [218/470] SKIP zte_blade_v10-9611.php
2026-05-30 22:53:29,514 | INFO |   [219/470] SKIP zte_blade_v10_vita-9715.php
2026-05-30 22:53:29,514 | INFO |   [220/470] SKIP zte_nubia_red_magic_mars-9433.php
2026-05-30 22:53:29,514 | INFO |   [221/470] SKIP zte_nubia_x-9347.php
2026-05-30 22:53:29,514 | INFO |   [222/470] SKIP zte_nubia_z18-9171.php
2026-05-30 22:53:29,514 | INFO |   [223/470] SKIP zte_axon_9_pro-9069.php
2026-05-30 22:53:29,514 | INFO |   [224/470] SKIP zte_nubia_red_magic-9174.php
2026-05-30 22:53:29,515 | INFO |   [225/470] SKIP zte_blade_a7_vita-9701.php
2026-05-30 22:53:29,515 | INFO |   [226/470] SKIP zte_blade_a7-9697.php
2026-05-30 22:53:29,515 | INFO |   [227/470] SKIP zte_nubia_z18_mini-9161.php
2026-05-30 22:53:29,515 | INFO |   [228/470] SKIP zte_nubia_v18-9133.php
2026-05-30 22:53:29,515 | INFO |   [229/470] SKIP zte_nubia_n3-9110.php
2026-05-30 22:53:29,516 | INFO |   [230/470] SKIP zte_blade_v9_vita-9088.php
2026-05-30 22:53:29,516 | INFO |   [231/470] SKIP zte_blade_v9-8971.php
2026-05-30 22:53:29,516 | INFO |   [232/470] SKIP zte_tempo_go-9083.php
2026-05-30 22:53:29,516 | INFO |   [233/470] SKIP zte_blade_a3-9038.php
2026-05-30 22:53:29,516 | INFO |   [234/470] SKIP zte_blade_a6-8970.php
2026-05-30 22:53:29,516 | INFO |   [235/470] SKIP zte_maven_2-9033.php
2026-05-30 22:53:29,517 | INFO |   [236/470] SKIP zte_blade_x-8913.php
2026-05-30 22:53:29,517 | INFO |   [237/470] SKIP zte_axon_m-8902.php
2026-05-30 22:53:29,517 | INFO |   [238/470] SKIP zte_nubia_z17s-8901.php
2026-05-30 22:53:29,517 | INFO |   [239/470] SKIP zte_nubia_z17_minis-8896.php
2026-05-30 22:53:29,517 | INFO |   [240/470] SKIP zte_nubia_z17_lite-8838.php
2026-05-30 22:53:29,517 | INFO |   [241/470] SKIP zte_blade_z_max-8290.php
2026-05-30 22:53:29,518 | INFO |   [242/470] SKIP zte_blade_force-8895.php
2026-05-30 22:53:29,518 | INFO |   [243/470] SKIP zte_tempo_x-8894.php
2026-05-30 22:53:29,518 | INFO |   [244/470] SKIP zte_blade_a601-8793.php
2026-05-30 22:53:29,518 | INFO |   [245/470] SKIP zte_grand_x_view_2-8779.php
2026-05-30 22:53:29,519 | INFO |   [246/470] SKIP zte_blade_v7_plus-8752.php
2026-05-30 22:53:29,519 | INFO |   [247/470] SKIP zte_quartz-8567.php
2026-05-30 22:53:29,519 | INFO |   [248/470] SKIP zte_nubia_n2-8748.php
2026-05-30 22:53:29,519 | INFO |   [249/470] SKIP zte_nubia_m2-8746.php
2026-05-30 22:53:29,519 | INFO |   [250/470] SKIP zte_nubia_m2_lite-8747.php
2026-05-30 22:53:29,520 | INFO |   [251/470] SKIP zte_nubia_m2_play-8726.php
2026-05-30 22:53:29,520 | INFO |   [252/470] SKIP zte_nubia_z17-8677.php
2026-05-30 22:53:29,520 | INFO |   [253/470] SKIP zte_axon_7s-8658.php
2026-05-30 22:53:29,520 | INFO |   [254/470] SKIP zte_max_xl-8660.php
2026-05-30 22:53:29,520 | INFO |   [255/470] SKIP zte_nubia_z17_mini-8615.php
2026-05-30 22:53:29,521 | INFO |   [256/470] SKIP zte_blade_a520-8609.php
2026-05-30 22:53:29,521 | INFO |   [257/470] SKIP zte_nubia_n1_lite-8607.php
2026-05-30 22:53:29,521 | INFO |   [258/470] SKIP zte_blade_v8_mini-8600.php
2026-05-30 22:53:29,521 | INFO |   [259/470] SKIP zte_blade_v8_lite-8601.php
2026-05-30 22:53:29,521 | INFO |   [260/470] SKIP zte_blade_a2_plus-8562.php
2026-05-30 22:53:29,522 | INFO |   [261/470] SKIP zte_hawkeye-8530.php
2026-05-30 22:53:29,522 | INFO |   [262/470] SKIP zte_blade_v8_pro-8504.php
2026-05-30 22:53:29,522 | INFO |   [263/470] SKIP zte_blade_v8-8501.php
2026-05-30 22:53:29,522 | INFO |   [264/470] SKIP zte_axon_7_max-8401.php
2026-05-30 22:53:29,522 | INFO |   [265/470] SKIP zte_grand_x4-8638.php
2026-05-30 22:53:29,523 | INFO |   [266/470] SKIP zte_blade_v7_max-8398.php
2026-05-30 22:53:29,523 | INFO |   [267/470] SKIP zte_nubia_z11_mini_s-8387.php
2026-05-30 22:53:29,523 | INFO |   [268/470] SKIP zte_axon_7_mini-8232.php
2026-05-30 22:53:29,523 | INFO |   [269/470] SKIP zte_warp_7-8300.php
2026-05-30 22:53:29,523 | INFO |   [270/470] SKIP zte_zmax_pro-8096.php
2026-05-30 22:53:29,523 | INFO |   [271/470] SKIP zte_nubia_n1-8182.php
2026-05-30 22:53:29,523 | INFO |   [272/470] SKIP zte_nubia_z11_max-8092.php
2026-05-30 22:53:29,524 | INFO |   [273/470] SKIP zte_axon_7-8067.php
2026-05-30 22:53:29,524 | INFO |   [274/470] SKIP zte_nubia_z11-8091.php
2026-05-30 22:53:29,524 | INFO |   [275/470] SKIP zte_blade_l110_(a110)-8548.php
2026-05-30 22:53:29,524 | INFO |   [276/470] SKIP zte_grand_x_max_2-8110.php
2026-05-30 22:53:29,524 | INFO |   [277/470] SKIP zte_nubia_z11_mini-8044.php
2026-05-30 22:53:29,524 | INFO |   [278/470] SKIP zte_blade_l5_plus-8063.php
2026-05-30 22:53:29,524 | INFO |   [279/470] SKIP zte_blade_v_plus-7963.php
2026-05-30 22:53:29,524 | INFO |   [280/470] SKIP zte_blade_a610-8294.php
2026-05-30 22:53:29,525 | INFO |   [281/470] SKIP zte_blade_a512-8293.php
2026-05-30 22:53:29,525 | INFO |   [282/470] SKIP zte_blade_a452-8295.php
2026-05-30 22:53:29,525 | INFO |   [283/470] SKIP zte_blade_v7-7943.php
2026-05-30 22:53:29,525 | INFO |   [284/470] SKIP zte_blade_a910-9152.php
2026-05-30 22:53:29,525 | INFO |   [285/470] SKIP zte_blade_a2-8143.php
2026-05-30 22:53:29,526 | INFO |   [286/470] SKIP zte_blade_v7_lite-7944.php
2026-05-30 22:53:29,526 | INFO |   [287/470] SKIP zte_axon_max-7938.php
2026-05-30 22:53:29,526 | INFO |   [288/470] SKIP zte_nubia_prague_s-7868.php
2026-05-30 22:53:29,526 | INFO |   [289/470] SKIP zte_grand_x_3-7852.php
2026-05-30 22:53:29,526 | INFO |   [290/470] SKIP zte_avid_plus-7853.php
2026-05-30 22:53:29,526 | INFO |   [291/470] SKIP zte_blade_x9-7761.php
2026-05-30 22:53:29,527 | INFO |   [292/470] SKIP zte_blade_x5-7762.php
2026-05-30 22:53:29,527 | INFO |   [293/470] SKIP zte_blade_x3-7763.php
2026-05-30 22:53:29,527 | INFO |   [294/470] SKIP zte_axon_watch-7692.php
2026-05-30 22:53:29,528 | INFO |   [295/470] SKIP zte_axon-7686.php
2026-05-30 22:53:29,528 | INFO |   [296/470] SKIP zte_blade_s7-7670.php
2026-05-30 22:53:29,528 | INFO |   [297/470] SKIP zte_axon_mini-7646.php
2026-05-30 22:53:29,528 | INFO |   [298/470] SKIP zte_zmax_2-7572.php
2026-05-30 22:53:29,528 | INFO |   [299/470] SKIP zte_axon_elite-7542.php
2026-05-30 22:53:29,529 | INFO |   [300/470] SKIP zte_nubia_my_prague-7485.php
2026-05-30 22:53:29,529 | INFO |   [301/470] SKIP zte_axon_lux-7441.php
2026-05-30 22:53:29,529 | INFO |   [302/470] SKIP zte_boost_max+-7430.php
2026-05-30 22:53:29,529 | INFO |   [303/470] SKIP zte_blade_a460-7799.php
2026-05-30 22:53:29,529 | INFO |   [304/470] SKIP zte_blade_d6-7428.php
2026-05-30 22:53:29,529 | INFO |   [305/470] SKIP zte_axon_pro-7422.php
2026-05-30 22:53:29,529 | INFO |   [306/470] SKIP zte_blade_a410-8114.php
2026-05-30 22:53:29,530 | INFO |   [307/470] SKIP zte_obsidian-7481.php
2026-05-30 22:53:29,530 | INFO |   [308/470] SKIP zte_grand_x2-7656.php
2026-05-30 22:53:29,530 | INFO |   [309/470] SKIP zte_sonata_2-7356.php
2026-05-30 22:53:29,530 | INFO |   [310/470] SKIP zte_blade_apex_3-7790.php
2026-05-30 22:53:29,530 | INFO |   [311/470] SKIP zte_maven-7355.php
2026-05-30 22:53:29,530 | INFO |   [312/470] SKIP zte_blade_q_pro-8244.php
2026-05-30 22:53:29,530 | INFO |   [313/470] SKIP zte_blade_qlux_4g-7294.php
2026-05-30 22:53:29,531 | INFO | 
  [314/470]
2026-05-30 22:53:29,531 | INFO |   ⏳ 26.6s (req #2)
2026-05-30 22:53:57,434 | INFO |   GET https://www.gsmarena.com/zte_nubia_z9-7207.php → 200
2026-05-30 22:53:57,464 | INFO |       📱 ZTE nubia Z9 | Main=16.0MP | Selfie=8.0MP | AnTuTu=None | Price=$None | IP=None | Populated=45/68 fields
2026-05-30 22:53:57,471 | INFO |   💾 [1/470] saved
2026-05-30 22:53:57,472 | INFO | 
  [315/470]
2026-05-30 22:53:57,473 | INFO |   ⏳ 15.9s (req #3)
2026-05-30 22:54:14,325 | INFO |   GET https://www.gsmarena.com/zte_blade_s6_plus-7168.php → 200
2026-05-30 22:54:14,348 | INFO |       📱 ZTE Blade S6 Plus | Main=13.0MP | Selfie=5.0MP | AnTuTu=None | Price=$None | IP=None | Populated=40/68 fields
2026-05-30 22:54:14,354 | INFO |   💾 [2/470] saved
2026-05-30 22:54:14,355 | INFO | 
  [316/470]
2026-05-30 22:54:14,355 | INFO |   ⏳ 27.2s (req #4)
2026-05-30 22:54:42,819 | INFO |   GET https://www.gsmarena.com/zte_nubia_z9_max-7116.php → 200
2026-05-30 22:54:42,843 | INFO |       📱 ZTE nubia Z9 Max | Main=16.0MP | Selfie=8.0MP | AnTuTu=None | Price=$None | IP=None | Populated=42/68 fields
2026-05-30 22:54:42,849 | INFO |   💾 [3/470] saved
2026-05-30 22:54:42,849 | INFO | 
  [317/470]
2026-05-30 22:54:42,849 | INFO |   ⏳ 23.2s (req #5)
2026-05-30 22:55:07,250 | INFO |   GET https://www.gsmarena.com/zte_nubia_z9_mini-7149.php → 200
2026-05-30 22:55:07,273 | INFO |       📱 ZTE nubia Z9 mini | Main=16.0MP | Selfie=8.0MP | AnTuTu=None | Price=$None | IP=None | Populated=43/68 fields
2026-05-30 22:55:07,279 | INFO |   💾 [4/470] saved
2026-05-30 22:55:07,279 | INFO | 
  [318/470]
2026-05-30 22:55:07,279 | INFO |   ⏳ 31.5s (req #6)
2026-05-30 22:55:39,746 | INFO |   GET https://www.gsmarena.com/zte_open_l-7106.php → 200
2026-05-30 22:55:39,769 | INFO |       📱 ZTE Open L | Main=5.0MP | Selfie=2.0MP | AnTuTu=None | Price=$None | IP=None | Populated=38/68 fields
2026-05-30 22:55:39,775 | INFO |   💾 [5/470] saved
2026-05-30 22:55:39,775 | INFO | 
  [319/470]
2026-05-30 22:55:39,776 | INFO |   ⏳ 24.4s (req #7)
2026-05-30 22:56:08,437 | INFO |   GET https://www.gsmarena.com/zte_grand_s3-7078.php → 200
2026-05-30 22:56:08,468 | INFO |       📱 ZTE Grand S3 | Main=16.0MP | Selfie=8.0MP | AnTuTu=None | Price=$None | IP=None | Populated=40/68 fields
2026-05-30 22:56:08,474 | INFO |   💾 [6/470] saved
2026-05-30 22:56:08,474 | INFO | 
  [320/470]
2026-05-30 22:56:08,474 | INFO |   ⏳ 44.8s (req #8)
2026-05-30 22:56:54,410 | INFO |   GET https://www.gsmarena.com/zte_blade_l3_plus-7891.php → 200
2026-05-30 22:56:54,433 | INFO |       📱 ZTE Blade L3 Plus | Main=13.0MP | Selfie=5.0MP | AnTuTu=None | Price=$None | IP=None | Populated=39/68 fields
2026-05-30 22:56:54,439 | INFO |   💾 [7/470] saved
2026-05-30 22:56:54,439 | INFO | 
  [321/470]
2026-05-30 22:56:54,439 | INFO |   ⏳ 20.8s (req #9)
2026-05-30 22:57:16,231 | INFO |   GET https://www.gsmarena.com/zte_blade_l3-7105.php → 200
2026-05-30 22:57:16,263 | INFO |       📱 ZTE Blade L3 | Main=8.0MP | Selfie=2.0MP | AnTuTu=None | Price=$None | IP=None | Populated=38/68 fields
2026-05-30 22:57:16,268 | INFO |   💾 [8/470] saved
2026-05-30 22:57:16,268 | INFO | 
  [322/470]
2026-05-30 22:57:16,269 | INFO |   ⏳ 44.1s (req #10)
2026-05-30 22:58:01,879 | INFO |   GET https://www.gsmarena.com/zte_blade_g_lux-7057.php → 200
2026-05-30 22:58:01,903 | INFO |       📱 ZTE Blade G Lux | Main=5.0MP | Selfie=2.0MP | AnTuTu=None | Price=$None | IP=None | Populated=37/68 fields
2026-05-30 22:58:01,909 | INFO |   💾 [9/470] saved
2026-05-30 22:58:01,910 | INFO | 
  [323/470]
2026-05-30 22:58:01,910 | INFO |   ⏳ 17.5s (req #11)
2026-05-30 22:58:20,918 | INFO |   GET https://www.gsmarena.com/zte_blade_g-7058.php → 200
2026-05-30 22:58:20,942 | INFO |       📱 ZTE Blade G | Main=2.0MP | Selfie=NoneMP | AnTuTu=None | Price=$None | IP=None | Populated=36/68 fields
2026-05-30 22:58:20,947 | INFO |   💾 [10/470] saved
2026-05-30 22:58:20,947 | INFO | 
  [324/470]
2026-05-30 22:58:20,948 | INFO |   ⏳ 30.0s (req #12)
2026-05-30 22:58:52,736 | INFO |   GET https://www.gsmarena.com/zte_v5_lux-7056.php → 200
2026-05-30 22:58:52,759 | INFO |       📱 ZTE V5 Lux | Main=13.0MP | Selfie=5.0MP | AnTuTu=None | Price=$None | IP=None | Populated=40/68 fields
2026-05-30 22:58:52,765 | INFO |   💾 [11/470] saved
2026-05-30 22:58:52,765 | INFO | 
  [325/470]
2026-05-30 22:58:52,765 | INFO |   ⏳ 30.8s (req #13)
2026-05-30 22:59:25,171 | INFO |   GET https://www.gsmarena.com/zte_blade_s6-6954.php → 200
2026-05-30 22:59:25,202 | INFO |       📱 ZTE Blade S6 | Main=13.0MP | Selfie=5.0MP | AnTuTu=None | Price=$None | IP=None | Populated=45/68 fields
2026-05-30 22:59:25,208 | INFO |   💾 [12/470] saved
2026-05-30 22:59:25,208 | INFO | 
  [326/470]
2026-05-30 22:59:25,209 | INFO |   ⏳ 20.8s (req #14)
2026-05-30 22:59:47,750 | INFO |   GET https://www.gsmarena.com/zte_imperial_ii-7157.php → 200
2026-05-30 22:59:47,771 | INFO |       📱 ZTE Imperial II | Main=5.0MP | Selfie=1.0MP | AnTuTu=None | Price=$None | IP=None | Populated=39/68 fields
2026-05-30 22:59:47,777 | INFO |   💾 [13/470] saved
2026-05-30 22:59:47,777 | INFO | 
  [327/470]
2026-05-30 22:59:47,777 | INFO |   ⏳ 33.4s (req #15)
2026-05-30 23:00:22,876 | INFO |   GET https://www.gsmarena.com/zte_grand_x_max+-6915.php → 200
2026-05-30 23:00:22,910 | INFO |       📱 ZTE Grand X Max+ | Main=13.0MP | Selfie=5.0MP | AnTuTu=None | Price=$None | IP=None | Populated=41/68 fields
2026-05-30 23:00:22,914 | INFO |   💾 [14/470] saved
2026-05-30 23:00:22,915 | INFO | 
  [328/470]
2026-05-30 23:00:22,915 | INFO |   ⏳ 22.9s (req #16)
2026-05-30 23:00:47,259 | INFO |   GET https://www.gsmarena.com/zte_star_2-6914.php → 200
2026-05-30 23:00:47,289 | INFO |       📱 ZTE Star 2 | Main=13.0MP | Selfie=5.0MP | AnTuTu=None | Price=$None | IP=None | Populated=44/68 fields
2026-05-30 23:00:47,295 | INFO |   💾 [15/470] saved
2026-05-30 23:00:47,296 | INFO | 
  [329/470]
2026-05-30 23:00:47,296 | INFO |   ⏳ 20.3s (req #17)
2026-05-30 23:01:09,174 | INFO |   GET https://www.gsmarena.com/zte_grand_x_plus_z826-6904.php → 200
2026-05-30 23:01:09,198 | INFO |       📱 ZTE Grand X Plus Z826 | Main=8.0MP | Selfie=2.0MP | AnTuTu=None | Price=$None | IP=None | Populated=39/68 fields
2026-05-30 23:01:09,205 | INFO |   💾 [16/470] saved
2026-05-30 23:01:09,205 | INFO | 
  [330/470]
2026-05-30 23:01:09,205 | INFO |   ⏳ 37.4s (req #18)
2026-05-30 23:01:47,734 | INFO |   GET https://www.gsmarena.com/zte_speed-6898.php → 200
2026-05-30 23:01:47,762 | INFO |       📱 ZTE Speed | Main=5.0MP | Selfie=2.0MP | AnTuTu=None | Price=$None | IP=None | Populated=40/68 fields
2026-05-30 23:01:47,767 | INFO |   💾 [17/470] saved
2026-05-30 23:01:47,768 | INFO | 
  [331/470]
2026-05-30 23:01:47,768 | INFO |   ⏳ 28.0s (req #19)
2026-05-30 23:02:17,326 | INFO |   GET https://www.gsmarena.com/zte_grand_s_ii-6847.php → 200
2026-05-30 23:02:17,348 | INFO |       📱 ZTE Grand S II | Main=13.0MP | Selfie=5.0MP | AnTuTu=None | Price=$None | IP=None | Populated=41/68 fields
2026-05-30 23:02:17,355 | INFO |   💾 [18/470] saved
2026-05-30 23:02:17,356 | INFO | 
  [332/470]
2026-05-30 23:02:17,356 | INFO |   ⏳ 25.8s (req #20)
2026-05-30 23:02:44,468 | INFO |   GET https://www.gsmarena.com/zte_grand_s_pro-7155.php → 200
2026-05-30 23:02:44,490 | INFO |       📱 ZTE Grand S Pro | Main=13.0MP | Selfie=2.0MP | AnTuTu=None | Price=$None | IP=None | Populated=40/68 fields
2026-05-30 23:02:44,497 | INFO |   💾 [19/470] saved
2026-05-30 23:02:44,497 | INFO | 
  [333/470]
2026-05-30 23:02:44,497 | INFO |   ⏳ 31.0s (req #21)
2026-05-30 23:03:16,838 | INFO |   GET https://www.gsmarena.com/zte_zinger-7156.php → 200
2026-05-30 23:03:16,872 | INFO |       📱 ZTE Zinger | Main=2.0MP | Selfie=NoneMP | AnTuTu=None | Price=$None | IP=None | Populated=36/68 fields
2026-05-30 23:03:16,877 | INFO |   💾 [20/470] saved
2026-05-30 23:03:16,877 | INFO | 
  [334/470]
2026-05-30 23:03:16,877 | INFO |   ⏳ 34.0s (req #22)
2026-05-30 23:03:52,109 | INFO |   GET https://www.gsmarena.com/zte_grand_xmax-6718.php → 200
2026-05-30 23:03:52,137 | INFO |       📱 ZTE Grand Xmax | Main=8.0MP | Selfie=1.0MP | AnTuTu=None | Price=$None | IP=None | Populated=40/68 fields
2026-05-30 23:03:52,143 | INFO |   💾 [21/470] saved
2026-05-30 23:03:52,143 | INFO | 
  [335/470]
2026-05-30 23:03:52,143 | INFO |   ⏳ 36.6s (req #23)
2026-05-30 23:04:30,152 | INFO |   GET https://www.gsmarena.com/zte_zmax-6697.php → 200
2026-05-30 23:04:30,177 | INFO |       📱 ZTE Zmax | Main=8.0MP | Selfie=1.6MP | AnTuTu=None | Price=$None | IP=None | Populated=43/68 fields
2026-05-30 23:04:30,183 | INFO |   💾 [22/470] saved
2026-05-30 23:04:30,184 | INFO | 
  [336/470]
2026-05-30 23:04:30,184 | INFO |   ⏳ 43.9s (req #24)
2026-05-30 23:05:15,399 | INFO |   GET https://www.gsmarena.com/zte_blade_vec_4g-6645.php → 200
2026-05-30 23:05:15,424 | INFO |       📱 ZTE Blade Vec 4G | Main=8.0MP | Selfie=2.0MP | AnTuTu=None | Price=$None | IP=None | Populated=39/68 fields
2026-05-30 23:05:15,431 | INFO |   💾 [23/470] saved
2026-05-30 23:05:15,431 | INFO | 
  [337/470]
2026-05-30 23:05:15,432 | INFO |   ⏳ 17.4s (req #25)
2026-05-30 23:05:34,253 | INFO |   GET https://www.gsmarena.com/zte_blade_vec_3g-6644.php → 200
2026-05-30 23:05:34,278 | INFO |       📱 ZTE Blade Vec 3G | Main=8.0MP | Selfie=5.0MP | AnTuTu=None | Price=$None | IP=None | Populated=38/68 fields
2026-05-30 23:05:34,283 | INFO |   💾 [24/470] saved
2026-05-30 23:05:34,283 | INFO | 
  [338/470]
2026-05-30 23:05:34,283 | INFO |   ⏳ 24.7s (req #26)
2026-05-30 23:06:00,150 | INFO |   GET https://www.gsmarena.com/zte_kis_3_max-6641.php → 200
2026-05-30 23:06:00,174 | INFO |       📱 ZTE Kis 3 Max | Main=5.0MP | Selfie=2.0MP | AnTuTu=None | Price=$None | IP=None | Populated=37/68 fields
2026-05-30 23:06:00,181 | INFO |   💾 [25/470] saved
2026-05-30 23:06:00,182 | INFO | 
  [339/470]
2026-05-30 23:06:00,182 | INFO |   ⏳ 27.3s (req #27)
2026-05-30 23:06:28,956 | INFO |   GET https://www.gsmarena.com/zte_nubia_z5s_mini_nx405h-6607.php → 200
2026-05-30 23:06:28,987 | INFO |       📱 ZTE nubia Z5S mini NX405H | Main=13.0MP | Selfie=5.0MP | AnTuTu=None | Price=$None | IP=None | Populated=42/68 fields
2026-05-30 23:06:28,992 | INFO |   💾 [26/470] saved
2026-05-30 23:06:28,992 | INFO | 
  [340/470]
2026-05-30 23:06:28,992 | INFO |   ⏳ 33.6s (req #28)
2026-05-30 23:07:04,343 | INFO |   GET https://www.gsmarena.com/zte_nubia_z7-6490.php → 200
2026-05-30 23:07:04,368 | INFO |       📱 ZTE nubia Z7 | Main=13.0MP | Selfie=5.0MP | AnTuTu=None | Price=$None | IP=None | Populated=43/68 fields
2026-05-30 23:07:04,373 | INFO |   💾 [27/470] saved
2026-05-30 23:07:04,373 | INFO | 
  [341/470]
2026-05-30 23:07:04,374 | INFO |   ⏳ 26.0s (req #29)
2026-05-30 23:07:31,773 | INFO |   GET https://www.gsmarena.com/zte_nubia_z7_max-6491.php → 200
2026-05-30 23:07:31,800 | INFO |       📱 ZTE nubia Z7 Max | Main=13.0MP | Selfie=5.0MP | AnTuTu=None | Price=$None | IP=None | Populated=44/68 fields
2026-05-30 23:07:31,807 | INFO |   💾 [28/470] saved
2026-05-30 23:07:31,807 | INFO | 
  [342/470]
2026-05-30 23:07:31,807 | INFO |   ☕ Long pause 187s ...
2026-05-30 23:10:39,525 | INFO |   GET https://www.gsmarena.com/zte_nubia_z7_mini-6492.php → 200
2026-05-30 23:10:39,541 | INFO |       📱 ZTE nubia Z7 mini | Main=13.0MP | Selfie=5.0MP | AnTuTu=None | Price=$None | IP=None | Populated=42/68 fields
2026-05-30 23:10:39,545 | INFO |   💾 [29/470] saved
2026-05-30 23:10:39,546 | INFO | 
  [343/470]
2026-05-30 23:10:39,546 | INFO |   ⏳ 32.3s (req #31)
2026-05-30 23:11:12,766 | INFO |   GET https://www.gsmarena.com/zte_blade_l2-6367.php → 200
2026-05-30 23:11:12,783 | INFO |       📱 ZTE Blade L2 | Main=5.0MP | Selfie=1.0MP | AnTuTu=None | Price=$None | IP=None | Populated=39/68 fields
2026-05-30 23:11:12,787 | INFO |   💾 [30/470] saved
2026-05-30 23:11:12,787 | INFO | 
  [344/470]
2026-05-30 23:11:12,787 | INFO |   ⏳ 30.8s (req #32)
2026-05-30 23:11:44,842 | INFO |   GET https://www.gsmarena.com/zte_kis_3-6579.php → 200
2026-05-30 23:11:44,867 | INFO |       📱 ZTE Kis 3 | Main=3.15MP | Selfie=NoneMP | AnTuTu=None | Price=$None | IP=None | Populated=32/68 fields
2026-05-30 23:11:44,873 | INFO |   💾 [31/470] saved
2026-05-30 23:11:44,873 | INFO | 
  [345/470]
2026-05-30 23:11:44,873 | INFO |   ⏳ 23.9s (req #33)
2026-05-30 23:12:09,874 | INFO |   GET https://www.gsmarena.com/zte_blade_g2-6381.php → 200
2026-05-30 23:12:09,899 | INFO |       📱 ZTE Blade G2 | Main=5.0MP | Selfie=NoneMP | AnTuTu=None | Price=$None | IP=None | Populated=36/68 fields
2026-05-30 23:12:09,906 | INFO |   💾 [32/470] saved
2026-05-30 23:12:09,906 | INFO | 
  [346/470]
2026-05-30 23:12:09,906 | INFO |   ⏳ 22.4s (req #34)
2026-05-30 23:12:33,424 | INFO |   GET https://www.gsmarena.com/zte_redbull_v5_v9180-6679.php → 200
2026-05-30 23:12:33,457 | INFO |       📱 ZTE Redbull V5 V9180 | Main=13.0MP | Selfie=5.0MP | AnTuTu=None | Price=$None | IP=None | Populated=39/68 fields
2026-05-30 23:12:33,463 | INFO |   💾 [33/470] saved
2026-05-30 23:12:33,463 | INFO | 
  [347/470]
2026-05-30 23:12:33,464 | INFO |   ⏳ 18.7s (req #35)
2026-05-30 23:12:53,143 | INFO |   GET https://www.gsmarena.com/zte_star_1-6324.php → 200
2026-05-30 23:12:53,159 | INFO |       📱 ZTE Star 1 | Main=8.0MP | Selfie=5.0MP | AnTuTu=None | Price=$None | IP=None | Populated=40/68 fields
2026-05-30 23:12:53,163 | INFO |   💾 [34/470] saved
2026-05-30 23:12:53,163 | INFO | 
  [348/470]
2026-05-30 23:12:53,164 | INFO |   ⏳ 18.3s (req #36)
2026-05-30 23:13:13,106 | INFO |   GET https://www.gsmarena.com/zte_nubia_x6-6236.php → 200
2026-05-30 23:13:13,132 | INFO |       📱 ZTE nubia X6 | Main=13.0MP | Selfie=13.0MP | AnTuTu=None | Price=$None | IP=None | Populated=44/68 fields
2026-05-30 23:13:13,138 | INFO |   💾 [35/470] saved
2026-05-30 23:13:13,139 | INFO | 
  [349/470]
2026-05-30 23:13:13,139 | INFO |   ⏳ 20.5s (req #37)
2026-05-30 23:13:35,035 | INFO |   GET https://www.gsmarena.com/zte_grand_memo_ii_lte-6154.php → 200
2026-05-30 23:13:35,061 | INFO |       📱 ZTE Grand Memo II LTE | Main=13.0MP | Selfie=5.0MP | AnTuTu=None | Price=$None | IP=None | Populated=39/68 fields
2026-05-30 23:13:35,066 | INFO |   💾 [36/470] saved
2026-05-30 23:13:35,066 | INFO | 
  [350/470]
2026-05-30 23:13:35,067 | INFO |   ⏳ 37.9s (req #38)
2026-05-30 23:14:14,456 | INFO |   GET https://www.gsmarena.com/zte_open_c-6155.php → 200
2026-05-30 23:14:14,481 | INFO |       📱 ZTE Open C | Main=3.15MP | Selfie=NoneMP | AnTuTu=None | Price=$None | IP=None | Populated=36/68 fields
2026-05-30 23:14:14,488 | INFO |   💾 [37/470] saved
2026-05-30 23:14:14,489 | INFO | 
  [351/470]
2026-05-30 23:14:14,489 | INFO |   ⏳ 15.2s (req #39)
2026-05-30 23:14:30,992 | INFO |   GET https://www.gsmarena.com/zte_open_ii-6156.php → 200
2026-05-30 23:14:31,019 | INFO |       📱 ZTE Open II | Main=2.0MP | Selfie=NoneMP | AnTuTu=None | Price=$None | IP=None | Populated=33/68 fields
2026-05-30 23:14:31,025 | INFO |   💾 [38/470] saved
2026-05-30 23:14:31,025 | INFO | 
  [352/470]
2026-05-30 23:14:31,026 | INFO |   ⏳ 33.0s (req #40)
2026-05-30 23:15:05,875 | INFO |   GET https://www.gsmarena.com/zte_iconic_phablet-5962.php → 200
2026-05-30 23:15:05,907 | INFO |       📱 ZTE Iconic Phablet | Main=8.0MP | Selfie=1.0MP | AnTuTu=None | Price=$None | IP=None | Populated=33/68 fields
2026-05-30 23:15:05,912 | INFO |   💾 [39/470] saved
2026-05-30 23:15:05,912 | INFO | 
  [353/470]
2026-05-30 23:15:05,913 | INFO |   ⏳ 44.3s (req #41)
2026-05-30 23:15:51,522 | INFO |   GET https://www.gsmarena.com/zte_sonata_4g-5963.php → 200
2026-05-30 23:15:51,545 | INFO |       📱 ZTE Sonata 4G | Main=5.0MP | Selfie=NoneMP | AnTuTu=None | Price=$None | IP=None | Populated=37/68 fields
2026-05-30 23:15:51,550 | INFO |   💾 [40/470] saved
2026-05-30 23:15:51,550 | INFO | 
  [354/470]
2026-05-30 23:15:51,550 | INFO |   ⏳ 23.5s (req #42)
2026-05-30 23:16:16,317 | INFO |   GET https://www.gsmarena.com/zte_grand_s_ii_s291-5948.php → 200
2026-05-30 23:16:16,340 | INFO |       📱 ZTE Grand S II S291 | Main=13.0MP | Selfie=2.0MP | AnTuTu=None | Price=$None | IP=None | Populated=41/68 fields
2026-05-30 23:16:16,345 | INFO |   💾 [41/470] saved
2026-05-30 23:16:16,345 | INFO | 
  [355/470]
2026-05-30 23:16:16,346 | INFO |   ⏳ 44.5s (req #43)
2026-05-30 23:17:02,153 | INFO |   GET https://www.gsmarena.com/zte_nubia_z5s-5852.php → 200
2026-05-30 23:17:02,179 | INFO |       📱 ZTE nubia Z5S | Main=13.0MP | Selfie=5.0MP | AnTuTu=None | Price=$None | IP=None | Populated=43/68 fields
2026-05-30 23:17:02,185 | INFO |   💾 [42/470] saved
2026-05-30 23:17:02,186 | INFO | 
  [356/470]
2026-05-30 23:17:02,186 | INFO |   ⏳ 41.0s (req #44)
2026-05-30 23:17:44,638 | INFO |   GET https://www.gsmarena.com/zte_nubia_z5s_mini_nx403a-5853.php → 200
2026-05-30 23:17:44,661 | INFO |       📱 ZTE nubia Z5S mini NX403A | Main=13.0MP | Selfie=5.0MP | AnTuTu=None | Price=$None | IP=None | Populated=39/68 fields
2026-05-30 23:17:44,667 | INFO |   💾 [43/470] saved
2026-05-30 23:17:44,667 | INFO | 
  [357/470]
2026-05-30 23:17:44,668 | INFO |   ⏳ 28.3s (req #45)
2026-05-30 23:18:14,353 | INFO |   GET https://www.gsmarena.com/zte_grand_s_flex-5834.php → 200
2026-05-30 23:18:14,381 | INFO |       📱 ZTE Grand S Flex | Main=8.0MP | Selfie=1.0MP | AnTuTu=None | Price=$None | IP=None | Populated=40/68 fields
2026-05-30 23:18:14,387 | INFO |   💾 [44/470] saved
2026-05-30 23:18:14,387 | INFO | 
  [358/470]
2026-05-30 23:18:14,388 | INFO |   ⏳ 32.7s (req #46)
2026-05-30 23:18:48,301 | INFO |   GET https://www.gsmarena.com/zte_blade_q_maxi-5826.php → 200
2026-05-30 23:18:48,335 | INFO |       📱 ZTE Blade Q Maxi | Main=5.0MP | Selfie=NoneMP | AnTuTu=None | Price=$None | IP=None | Populated=37/68 fields
2026-05-30 23:18:48,339 | INFO |   💾 [45/470] saved
2026-05-30 23:18:48,340 | INFO | 
  [359/470]
2026-05-30 23:18:48,340 | INFO |   ⏳ 31.8s (req #47)
2026-05-30 23:19:21,481 | INFO |   GET https://www.gsmarena.com/zte_blade_q-5825.php → 200
2026-05-30 23:19:21,508 | INFO |       📱 ZTE Blade Q | Main=5.0MP | Selfie=NoneMP | AnTuTu=None | Price=$None | IP=None | Populated=37/68 fields
2026-05-30 23:19:21,515 | INFO |   💾 [46/470] saved
2026-05-30 23:19:21,515 | INFO | 
  [360/470]
2026-05-30 23:19:21,516 | INFO |   ⏳ 41.0s (req #48)
2026-05-30 23:20:03,588 | INFO |   GET https://www.gsmarena.com/zte_blade_q_mini-5824.php → 200
2026-05-30 23:20:03,604 | INFO |       📱 ZTE Blade Q Mini | Main=5.0MP | Selfie=NoneMP | AnTuTu=None | Price=$None | IP=None | Populated=38/68 fields
2026-05-30 23:20:03,608 | INFO |   💾 [47/470] saved
2026-05-30 23:20:03,608 | INFO | 
  [361/470]
2026-05-30 23:20:03,609 | INFO |   ⏳ 41.6s (req #49)
2026-05-30 23:20:46,249 | INFO |   GET https://www.gsmarena.com/zte_warp_4g-5755.php → 200
2026-05-30 23:20:46,275 | INFO |       📱 ZTE Warp 4G | Main=8.0MP | Selfie=1.0MP | AnTuTu=None | Price=$None | IP=None | Populated=41/68 fields
2026-05-30 23:20:46,281 | INFO |   💾 [48/470] saved
2026-05-30 23:20:46,281 | INFO | 
  [362/470]
2026-05-30 23:20:46,281 | INFO |   ⏳ 39.6s (req #50)
2026-05-30 23:21:27,236 | INFO |   GET https://www.gsmarena.com/zte_blade_v-5682.php → 200
2026-05-30 23:21:27,258 | INFO |       📱 ZTE Blade V | Main=5.0MP | Selfie=NoneMP | AnTuTu=None | Price=$None | IP=None | Populated=36/68 fields
2026-05-30 23:21:27,264 | INFO |   💾 [49/470] saved
2026-05-30 23:21:27,264 | INFO | 
  [363/470]
2026-05-30 23:21:27,265 | INFO |   ⏳ 29.4s (req #51)
2026-05-30 23:21:57,863 | INFO |   GET https://www.gsmarena.com/zte_blade_g_v880g-5620.php → 200
2026-05-30 23:21:57,886 | INFO |       📱 ZTE Blade G V880G | Main=5.0MP | Selfie=NoneMP | AnTuTu=None | Price=$None | IP=None | Populated=36/68 fields
2026-05-30 23:21:57,891 | INFO |   💾 [50/470] saved
2026-05-30 23:21:57,892 | INFO | 
  [364/470]
2026-05-30 23:21:57,892 | INFO |   ⏳ 44.9s (req #52)
2026-05-30 23:22:44,265 | INFO |   GET https://www.gsmarena.com/zte_reef-5659.php → 200
2026-05-30 23:22:44,302 | INFO |       📱 ZTE Reef | Main=5.0MP | Selfie=1.0MP | AnTuTu=None | Price=$None | IP=None | Populated=37/68 fields
2026-05-30 23:22:44,309 | INFO |   💾 [51/470] saved
2026-05-30 23:22:44,310 | INFO | 
  [365/470]
2026-05-30 23:22:44,310 | INFO |   ⏳ 23.9s (req #53)
2026-05-30 23:23:09,337 | INFO |   GET https://www.gsmarena.com/zte_imperial-5552.php → 200
2026-05-30 23:23:09,384 | INFO |       📱 ZTE Imperial | Main=5.0MP | Selfie=NoneMP | AnTuTu=None | Price=$None | IP=None | Populated=34/68 fields
2026-05-30 23:23:09,388 | INFO |   💾 [52/470] saved
2026-05-30 23:23:09,389 | INFO | 
  [366/470]
2026-05-30 23:23:09,389 | INFO |   ⏳ 34.1s (req #54)
2026-05-30 23:23:45,183 | INFO |   GET https://www.gsmarena.com/zte_vital_n9810-5511.php → 200
2026-05-30 23:23:45,207 | INFO |       📱 ZTE Vital N9810 | Main=13.0MP | Selfie=1.0MP | AnTuTu=None | Price=$None | IP=None | Populated=39/68 fields
2026-05-30 23:23:45,211 | INFO |   💾 [53/470] saved
2026-05-30 23:23:45,212 | INFO | 
  [367/470]
2026-05-30 23:23:45,212 | INFO |   ⏳ 21.8s (req #55)
2026-05-30 23:24:08,216 | INFO |   GET https://www.gsmarena.com/zte_grand_x_pro-5499.php → 200
2026-05-30 23:24:08,240 | INFO |       📱 ZTE Grand X Pro | Main=8.0MP | Selfie=NoneMP | AnTuTu=None | Price=$None | IP=None | Populated=39/68 fields
2026-05-30 23:24:08,246 | INFO |   💾 [54/470] saved
2026-05-30 23:24:08,247 | INFO | 
  [368/470]
2026-05-30 23:24:08,247 | INFO |   ⏳ 29.3s (req #56)
2026-05-30 23:24:38,752 | INFO |   GET https://www.gsmarena.com/zte_grand_x2_in-5455.php → 200
2026-05-30 23:24:38,767 | INFO |       📱 ZTE Grand X2 In | Main=8.0MP | Selfie=1.0MP | AnTuTu=None | Price=$None | IP=None | Populated=34/68 fields
2026-05-30 23:24:38,771 | INFO |   💾 [55/470] saved
2026-05-30 23:24:38,772 | INFO | 
  [369/470]
2026-05-30 23:24:38,772 | INFO |   ⏳ 26.2s (req #57)
2026-05-30 23:25:06,296 | INFO |   GET https://www.gsmarena.com/zte_grand_x_quad_v987-5376.php → 200
2026-05-30 23:25:06,312 | INFO |       📱 ZTE Grand X Quad V987 | Main=8.0MP | Selfie=1.3MP | AnTuTu=None | Price=$None | IP=None | Populated=40/68 fields
2026-05-30 23:25:06,316 | INFO |   💾 [56/470] saved
2026-05-30 23:25:06,316 | INFO | 
  [370/470]
2026-05-30 23:25:06,317 | INFO |   ⏳ 36.5s (req #58)
2026-05-30 23:25:44,269 | INFO |   GET https://www.gsmarena.com/zte_blade_iii_pro-5425.php → 200
2026-05-30 23:25:44,287 | INFO |       📱 ZTE Blade III Pro | Main=5.0MP | Selfie=NoneMP | AnTuTu=None | Price=$None | IP=None | Populated=31/68 fields
2026-05-30 23:25:44,290 | INFO |   💾 [57/470] saved
2026-05-30 23:25:44,290 | INFO | 
  [371/470]
2026-05-30 23:25:44,290 | INFO |   ⏳ 20.4s (req #59)
2026-05-30 23:26:05,965 | INFO |   GET https://www.gsmarena.com/zte_geek_v975-5402.php → 200
2026-05-30 23:26:05,987 | INFO |       📱 ZTE Geek V975 | Main=8.0MP | Selfie=1.0MP | AnTuTu=None | Price=$None | IP=None | Populated=38/68 fields
2026-05-30 23:26:05,991 | INFO |   💾 [58/470] saved
2026-05-30 23:26:05,992 | INFO | 
  [372/470]
2026-05-30 23:26:05,992 | INFO |   ☕ Long pause 126s ...
2026-05-30 23:28:12,825 | INFO |   GET https://www.gsmarena.com/zte_grand_memo_v9815-5330.php → 200
2026-05-30 23:28:12,843 | INFO |       📱 ZTE Grand Memo V9815 | Main=13.0MP | Selfie=1.0MP | AnTuTu=None | Price=$None | IP=None | Populated=40/68 fields
2026-05-30 23:28:12,847 | INFO |   💾 [59/470] saved
2026-05-30 23:28:12,848 | INFO | 
  [373/470]
2026-05-30 23:28:12,849 | INFO |   ⏳ 17.4s (req #61)
2026-05-30 23:28:31,286 | INFO |   GET https://www.gsmarena.com/zte_open-5320.php → 200
2026-05-30 23:28:31,304 | INFO |       📱 ZTE Open | Main=3.15MP | Selfie=NoneMP | AnTuTu=None | Price=$None | IP=None | Populated=30/68 fields
2026-05-30 23:28:31,309 | INFO |   💾 [60/470] saved
2026-05-30 23:28:31,309 | INFO | 
  [374/470]
2026-05-30 23:28:31,310 | INFO |   ⏳ 41.3s (req #62)
2026-05-30 23:29:14,380 | INFO |   GET https://www.gsmarena.com/zte_blade_c_v807-5277.php → 200
2026-05-30 23:29:14,406 | INFO |       📱 ZTE Blade C V807 | Main=3.15MP | Selfie=NoneMP | AnTuTu=None | Price=$None | IP=None | Populated=34/68 fields
2026-05-30 23:29:14,414 | INFO |   💾 [61/470] saved
2026-05-30 23:29:14,414 | INFO | 
  [375/470]
2026-05-30 23:29:14,414 | INFO |   ⏳ 44.6s (req #63)
2026-05-30 23:30:00,360 | INFO |   GET https://www.gsmarena.com/zte_director-5470.php → 200
2026-05-30 23:30:00,375 | INFO |       📱 ZTE Director | Main=3.15MP | Selfie=NoneMP | AnTuTu=None | Price=$None | IP=None | Populated=34/68 fields
2026-05-30 23:30:00,379 | INFO |   💾 [62/470] saved
2026-05-30 23:30:00,380 | INFO | 
  [376/470]
2026-05-30 23:30:00,380 | INFO |   ⏳ 22.3s (req #64)
2026-05-30 23:30:23,888 | INFO |   GET https://www.gsmarena.com/zte_v81-5269.php → 200
2026-05-30 23:30:23,911 | INFO |       📱 ZTE V81 | Main=2.0MP | Selfie=NoneMP | AnTuTu=None | Price=$None | IP=None | Populated=33/68 fields
2026-05-30 23:30:23,917 | INFO |   💾 [63/470] saved
2026-05-30 23:30:23,917 | INFO | 
  [377/470]
2026-05-30 23:30:23,917 | INFO |   ⏳ 42.0s (req #65)
2026-05-30 23:31:07,614 | INFO |   GET https://www.gsmarena.com/zte_grand_s-5240.php → 200
2026-05-30 23:31:07,630 | INFO |       📱 ZTE Grand S | Main=13.0MP | Selfie=2.0MP | AnTuTu=None | Price=$None | IP=None | Populated=41/68 fields
2026-05-30 23:31:07,634 | INFO |   💾 [64/470] saved
2026-05-30 23:31:07,634 | INFO | 
  [378/470]
2026-05-30 23:31:07,634 | INFO |   ⏳ 17.8s (req #66)
2026-05-30 23:31:26,970 | INFO |   GET https://www.gsmarena.com/zte_avid_4g-5173.php → 200
2026-05-30 23:31:26,994 | INFO |       📱 ZTE Avid 4G | Main=5.0MP | Selfie=NoneMP | AnTuTu=None | Price=$None | IP=None | Populated=31/68 fields
2026-05-30 23:31:26,998 | INFO |   💾 [65/470] saved
2026-05-30 23:31:26,999 | INFO | 
  [379/470]
2026-05-30 23:31:26,999 | INFO |   ⏳ 40.2s (req #67)
2026-05-30 23:32:08,850 | INFO |   GET https://www.gsmarena.com/zte_v889m-5136.php → 200
2026-05-30 23:32:08,865 | INFO |       📱 ZTE V889M | Main=5.0MP | Selfie=NoneMP | AnTuTu=None | Price=$None | IP=None | Populated=33/68 fields
2026-05-30 23:32:08,870 | INFO |   💾 [66/470] saved
2026-05-30 23:32:08,871 | INFO | 
  [380/470]
2026-05-30 23:32:08,872 | INFO |   ⏳ 18.2s (req #68)
2026-05-30 23:32:28,266 | INFO |   GET https://www.gsmarena.com/zte_v887-5135.php → 200
2026-05-30 23:32:28,283 | INFO |       📱 ZTE V887 | Main=5.0MP | Selfie=NoneMP | AnTuTu=None | Price=$None | IP=None | Populated=34/68 fields
2026-05-30 23:32:28,287 | INFO |   💾 [67/470] saved
2026-05-30 23:32:28,288 | INFO | 
  [381/470]
2026-05-30 23:32:28,288 | INFO |   ⏳ 17.8s (req #69)
2026-05-30 23:32:47,385 | INFO |   GET https://www.gsmarena.com/zte_kis_iii_v790-5134.php → 200
2026-05-30 23:32:47,401 | INFO |       📱 ZTE Kis III V790 | Main=2.0MP | Selfie=NoneMP | AnTuTu=None | Price=$None | IP=None | Populated=31/68 fields
2026-05-30 23:32:47,405 | INFO |   💾 [68/470] saved
2026-05-30 23:32:47,405 | INFO | 
  [382/470]
2026-05-30 23:32:47,405 | INFO |   ⏳ 31.8s (req #70)
2026-05-30 23:33:20,316 | INFO |   GET https://www.gsmarena.com/zte_groove_x501-5133.php → 200
2026-05-30 23:33:20,332 | INFO |       📱 ZTE Groove X501 | Main=3.15MP | Selfie=NoneMP | AnTuTu=None | Price=$None | IP=None | Populated=33/68 fields
2026-05-30 23:33:20,337 | INFO |   💾 [69/470] saved
2026-05-30 23:33:20,337 | INFO | 
  [383/470]
2026-05-30 23:33:20,337 | INFO |   ⏳ 27.1s (req #71)
2026-05-30 23:33:48,615 | INFO |   GET https://www.gsmarena.com/zte_nubia_z5-5647.php → 200
2026-05-30 23:33:48,632 | INFO |       📱 ZTE nubia Z5 | Main=13.0MP | Selfie=2.0MP | AnTuTu=None | Price=$None | IP=None | Populated=40/68 fields
2026-05-30 23:33:48,636 | INFO |   💾 [70/470] saved
2026-05-30 23:33:48,636 | INFO | 
  [384/470]
2026-05-30 23:33:48,636 | INFO |   ⏳ 17.9s (req #72)
2026-05-30 23:34:07,616 | INFO |   GET https://www.gsmarena.com/zte_flash-4893.php → 200
2026-05-30 23:34:07,644 | INFO |       📱 ZTE Flash | Main=12.6MP | Selfie=1.0MP | AnTuTu=None | Price=$None | IP=None | Populated=40/68 fields
2026-05-30 23:34:07,647 | INFO |   💾 [71/470] saved
2026-05-30 23:34:07,647 | INFO | 
  [385/470]
2026-05-30 23:34:07,648 | INFO |   ⏳ 32.6s (req #73)
2026-05-30 23:34:41,380 | INFO |   GET https://www.gsmarena.com/zte_anthem_4g-5006.php → 200
2026-05-30 23:34:41,397 | INFO |       📱 ZTE Anthem 4G | Main=5.0MP | Selfie=NoneMP | AnTuTu=None | Price=$None | IP=None | Populated=31/68 fields
2026-05-30 23:34:41,401 | INFO |   💾 [72/470] saved
2026-05-30 23:34:41,401 | INFO | 
  [386/470]
2026-05-30 23:34:41,401 | INFO |   ⏳ 26.8s (req #74)
2026-05-30 23:35:09,519 | INFO |   GET https://www.gsmarena.com/zte_warp_sequent-5007.php → 200
2026-05-30 23:35:09,534 | INFO |       📱 ZTE Warp Sequent | Main=5.0MP | Selfie=1.3MP | AnTuTu=None | Price=$None | IP=None | Populated=35/68 fields
2026-05-30 23:35:09,538 | INFO |   💾 [73/470] saved
2026-05-30 23:35:09,538 | INFO | 
  [387/470]
2026-05-30 23:35:09,539 | INFO |   ⏳ 38.1s (req #75)
2026-05-30 23:35:48,897 | INFO |   GET https://www.gsmarena.com/zte_grand_era_u895-5004.php → 200
2026-05-30 23:35:48,914 | INFO |       📱 ZTE Grand Era U895 | Main=8.0MP | Selfie=1.3MP | AnTuTu=None | Price=$None | IP=None | Populated=38/68 fields
2026-05-30 23:35:48,918 | INFO |   💾 [74/470] saved
2026-05-30 23:35:48,919 | INFO | 
  [388/470]
2026-05-30 23:35:48,919 | INFO |   ⏳ 19.7s (req #76)
2026-05-30 23:36:09,821 | INFO |   GET https://www.gsmarena.com/zte_blade_iii-4983.php → 200
2026-05-30 23:36:09,835 | INFO |       📱 ZTE Blade III | Main=5.0MP | Selfie=NoneMP | AnTuTu=None | Price=$None | IP=None | Populated=34/68 fields
2026-05-30 23:36:09,840 | INFO |   💾 [75/470] saved
2026-05-30 23:36:09,840 | INFO | 
  [389/470]
2026-05-30 23:36:09,840 | INFO |   ⏳ 20.8s (req #77)
2026-05-30 23:36:31,607 | INFO |   GET https://www.gsmarena.com/zte_grand_x_in-4962.php → 200
2026-05-30 23:36:31,623 | INFO |       📱 ZTE Grand X IN | Main=8.0MP | Selfie=NoneMP | AnTuTu=None | Price=$None | IP=None | Populated=38/68 fields
2026-05-30 23:36:31,627 | INFO |   💾 [76/470] saved
2026-05-30 23:36:31,628 | INFO | 
  [390/470]
2026-05-30 23:36:31,628 | INFO |   ⏳ 23.8s (req #78)
2026-05-30 23:36:57,101 | INFO |   GET https://www.gsmarena.com/zte_n880e-4880.php → 200
2026-05-30 23:36:57,132 | INFO |       📱 ZTE N880E | Main=3.15MP | Selfie=NoneMP | AnTuTu=None | Price=$None | IP=None | Populated=33/68 fields
2026-05-30 23:36:57,137 | INFO |   💾 [77/470] saved
2026-05-30 23:36:57,138 | INFO | 
  [391/470]
2026-05-30 23:36:57,138 | INFO |   ⏳ 18.1s (req #79)
2026-05-30 23:37:16,097 | INFO |   GET https://www.gsmarena.com/zte_grand_x_lte_t82-4873.php → 200
2026-05-30 23:37:16,114 | INFO |       📱 ZTE Grand X LTE T82 | Main=8.0MP | Selfie=1.3MP | AnTuTu=None | Price=$None | IP=None | Populated=40/68 fields
2026-05-30 23:37:16,117 | INFO |   💾 [78/470] saved
2026-05-30 23:37:16,117 | INFO | 
  [392/470]
2026-05-30 23:37:16,117 | INFO |   ⏳ 21.3s (req #80)
2026-05-30 23:37:38,591 | INFO |   GET https://www.gsmarena.com/zte_grand_x_v970-4597.php → 200
2026-05-30 23:37:38,616 | INFO |       📱 ZTE Grand X V970 | Main=5.0MP | Selfie=NoneMP | AnTuTu=None | Price=$None | IP=None | Populated=37/68 fields
2026-05-30 23:37:38,621 | INFO |   💾 [79/470] saved
2026-05-30 23:37:38,622 | INFO | 
  [393/470]
2026-05-30 23:37:38,622 | INFO |   ⏳ 25.3s (req #81)
2026-05-30 23:38:04,958 | INFO |   GET https://www.gsmarena.com/zte_u880e-4776.php → 200
2026-05-30 23:38:04,974 | INFO |       📱 ZTE U880E | Main=5.0MP | Selfie=NoneMP | AnTuTu=None | Price=$None | IP=None | Populated=32/68 fields
2026-05-30 23:38:04,979 | INFO |   💾 [80/470] saved
2026-05-30 23:38:04,979 | INFO | 
  [394/470]
2026-05-30 23:38:04,979 | INFO |   ⏳ 27.3s (req #82)
2026-05-30 23:38:33,362 | INFO |   GET https://www.gsmarena.com/zte_score_m-4650.php → 200
2026-05-30 23:38:33,377 | INFO |       📱 ZTE Score M | Main=3.15MP | Selfie=NoneMP | AnTuTu=None | Price=$None | IP=None | Populated=30/68 fields
2026-05-30 23:38:33,382 | INFO |   💾 [81/470] saved
2026-05-30 23:38:33,382 | INFO | 
  [395/470]
2026-05-30 23:38:33,382 | INFO |   ⏳ 31.1s (req #83)
2026-05-30 23:39:05,397 | INFO |   GET https://www.gsmarena.com/zte_light_tab_300-4595.php → 200
2026-05-30 23:39:05,411 | INFO |       📱 ZTE Light Tab 300 | Main=5.0MP | Selfie=2.0MP | AnTuTu=None | Price=$None | IP=None | Populated=29/68 fields
2026-05-30 23:39:05,416 | INFO |   💾 [82/470] saved
2026-05-30 23:39:05,416 | INFO | 
  [396/470]
2026-05-30 23:39:05,416 | INFO |   ⏳ 40.9s (req #84)
2026-05-30 23:39:47,413 | INFO |   GET https://www.gsmarena.com/zte_v96-4593.php → 200
2026-05-30 23:39:47,437 | INFO |       📱 ZTE V96 | Main=5.0MP | Selfie=2.0MP | AnTuTu=None | Price=$None | IP=None | Populated=31/68 fields
2026-05-30 23:39:47,442 | INFO |   💾 [83/470] saved
2026-05-30 23:39:47,442 | INFO | 
  [397/470]
2026-05-30 23:39:47,443 | INFO |   ⏳ 34.3s (req #85)
2026-05-30 23:40:22,825 | INFO |   GET https://www.gsmarena.com/zte_pf_100-4590.php → 200
2026-05-30 23:40:22,847 | INFO |       📱 ZTE PF 100 | Main=5.0MP | Selfie=2.0MP | AnTuTu=None | Price=$None | IP=None | Populated=31/68 fields
2026-05-30 23:40:22,851 | INFO |   💾 [84/470] saved
2026-05-30 23:40:22,851 | INFO | 
  [398/470]
2026-05-30 23:40:22,851 | INFO |   ⏳ 38.6s (req #86)
2026-05-30 23:41:02,357 | INFO |   GET https://www.gsmarena.com/zte_t98-4591.php → 200
2026-05-30 23:41:02,372 | INFO |       📱 ZTE T98 | Main=5.0MP | Selfie=2.0MP | AnTuTu=None | Price=$None | IP=None | Populated=31/68 fields
2026-05-30 23:41:02,375 | INFO |   💾 [85/470] saved
2026-05-30 23:41:02,375 | INFO | 
  [399/470]
2026-05-30 23:41:02,375 | INFO |   ⏳ 41.2s (req #87)
2026-05-30 23:41:44,512 | INFO |   GET https://www.gsmarena.com/zte_light_tab_3_v9s-4592.php → 200
2026-05-30 23:41:44,528 | INFO |       📱 ZTE Light Tab 3 V9S | Main=5.0MP | Selfie=2.0MP | AnTuTu=None | Price=$None | IP=None | Populated=35/68 fields
2026-05-30 23:41:44,532 | INFO |   💾 [86/470] saved
2026-05-30 23:41:44,532 | INFO | 
  [400/470]
2026-05-30 23:41:44,532 | INFO |   ⏳ 29.6s (req #88)
2026-05-30 23:42:15,174 | INFO |   GET https://www.gsmarena.com/zte_era-4581.php → 200
2026-05-30 23:42:15,191 | INFO |       📱 ZTE Era | Main=8.0MP | Selfie=NoneMP | AnTuTu=None | Price=$None | IP=None | Populated=34/68 fields
2026-05-30 23:42:15,195 | INFO |   💾 [87/470] saved
2026-05-30 23:42:15,195 | INFO | 
  [401/470]
2026-05-30 23:42:15,195 | INFO |   ⏳ 43.9s (req #89)
2026-05-30 23:42:59,874 | INFO |   GET https://www.gsmarena.com/zte_pf112_hd-4582.php → 200
2026-05-30 23:42:59,887 | INFO |       📱 ZTE PF112 HD | Main=8.0MP | Selfie=2.0MP | AnTuTu=None | Price=$None | IP=None | Populated=33/68 fields
2026-05-30 23:42:59,892 | INFO |   💾 [88/470] saved
2026-05-30 23:42:59,892 | INFO | 
  [402/470]
2026-05-30 23:42:59,892 | INFO |   ☕ Long pause 238s ...
2026-05-30 23:46:59,432 | INFO |   GET https://www.gsmarena.com/zte_skate_acqua-4583.php → 200
2026-05-30 23:46:59,448 | INFO |       📱 ZTE Skate Acqua | Main=5.0MP | Selfie=NoneMP | AnTuTu=None | Price=$None | IP=None | Populated=32/68 fields
2026-05-30 23:46:59,452 | INFO |   💾 [89/470] saved
2026-05-30 23:46:59,452 | INFO | 
  [403/470]
2026-05-30 23:46:59,452 | INFO |   ⏳ 27.8s (req #91)
2026-05-30 23:47:28,172 | INFO |   GET https://www.gsmarena.com/zte_orbit-4585.php → 200
2026-05-30 23:47:28,193 | INFO |       📱 ZTE Orbit | Main=5.0MP | Selfie=NoneMP | AnTuTu=None | Price=$None | IP=None | Populated=34/68 fields
2026-05-30 23:47:28,197 | INFO |   💾 [90/470] saved
2026-05-30 23:47:28,197 | INFO | 
  [404/470]
2026-05-30 23:47:28,197 | INFO |   ⏳ 23.6s (req #92)
2026-05-30 23:47:52,894 | INFO |   GET https://www.gsmarena.com/zte_kis_v788-4586.php → 200
2026-05-30 23:47:52,917 | INFO |       📱 ZTE Kis V788 | Main=3.15MP | Selfie=NoneMP | AnTuTu=None | Price=$None | IP=None | Populated=30/68 fields
2026-05-30 23:47:52,924 | INFO |   💾 [91/470] saved
2026-05-30 23:47:52,924 | INFO | 
  [405/470]
2026-05-30 23:47:52,925 | INFO |   ⏳ 39.8s (req #93)
2026-05-30 23:48:33,628 | INFO |   GET https://www.gsmarena.com/zte_v880e-4598.php → 200
2026-05-30 23:48:33,643 | INFO |       📱 ZTE V880E | Main=5.0MP | Selfie=NoneMP | AnTuTu=None | Price=$None | IP=None | Populated=32/68 fields
2026-05-30 23:48:33,647 | INFO |   💾 [92/470] saved
2026-05-30 23:48:33,647 | INFO | 
  [406/470]
2026-05-30 23:48:33,648 | INFO |   ⏳ 19.5s (req #94)
2026-05-30 23:48:53,975 | INFO |   GET https://www.gsmarena.com/zte_nova_3_5-4599.php → 200
2026-05-30 23:48:53,990 | INFO |       📱 ZTE Nova 3.5 | Main=3.15MP | Selfie=NoneMP | AnTuTu=None | Price=$None | IP=None | Populated=26/68 fields
2026-05-30 23:48:53,994 | INFO |   💾 [93/470] saved
2026-05-30 23:48:53,995 | INFO | 
  [407/470]
2026-05-30 23:48:53,995 | INFO |   ⏳ 42.7s (req #95)
2026-05-30 23:49:37,611 | INFO |   GET https://www.gsmarena.com/zte_nova_4_v8000-4600.php → 200
2026-05-30 23:49:37,627 | INFO |       📱 ZTE Nova 4 V8000 | Main=8.0MP | Selfie=NoneMP | AnTuTu=None | Price=$None | IP=None | Populated=31/68 fields
2026-05-30 23:49:37,630 | INFO |   💾 [94/470] saved
2026-05-30 23:49:37,630 | INFO | 
  [408/470]
2026-05-30 23:49:37,631 | INFO |   ⏳ 32.6s (req #96)
2026-05-30 23:50:11,090 | INFO |   GET https://www.gsmarena.com/zte_nova_messenger-4601.php → 200
2026-05-30 23:50:11,106 | INFO |       📱 ZTE Nova Messenger | Main=3.15MP | Selfie=NoneMP | AnTuTu=None | Price=$None | IP=None | Populated=25/68 fields
2026-05-30 23:50:11,110 | INFO |   💾 [95/470] saved
2026-05-30 23:50:11,110 | INFO | 
  [409/470]
2026-05-30 23:50:11,110 | INFO |   ⏳ 16.5s (req #97)
2026-05-30 23:50:28,549 | INFO |   GET https://www.gsmarena.com/zte_style_q-4602.php → 200
2026-05-30 23:50:28,564 | INFO |       📱 ZTE Style Q | Main=3.15MP | Selfie=NoneMP | AnTuTu=None | Price=$None | IP=None | Populated=27/68 fields
2026-05-30 23:50:28,567 | INFO |   💾 [96/470] saved
2026-05-30 23:50:28,567 | INFO | 
  [410/470]
2026-05-30 23:50:28,567 | INFO |   ⏳ 21.3s (req #98)
2026-05-30 23:50:50,814 | INFO |   GET https://www.gsmarena.com/zte_style_messanger-4603.php → 200
2026-05-30 23:50:50,835 | INFO |       📱 ZTE Style Messanger | Main=2.0MP | Selfie=NoneMP | AnTuTu=None | Price=$None | IP=None | Populated=20/68 fields
2026-05-30 23:50:50,840 | INFO |   💾 [97/470] saved
2026-05-30 23:50:50,840 | INFO | 
  [411/470]
2026-05-30 23:50:50,840 | INFO |   ⏳ 36.6s (req #99)
2026-05-30 23:51:28,244 | INFO |   GET https://www.gsmarena.com/zte_v875-4607.php → 200
2026-05-30 23:51:28,259 | INFO |       📱 ZTE V875 | Main=3.15MP | Selfie=NoneMP | AnTuTu=None | Price=$None | IP=None | Populated=27/68 fields
2026-05-30 23:51:28,263 | INFO |   💾 [98/470] saved
2026-05-30 23:51:28,263 | INFO | 
  [412/470]
2026-05-30 23:51:28,263 | INFO |   ⏳ 42.5s (req #100)
2026-05-30 23:52:11,784 | INFO |   GET https://www.gsmarena.com/zte_blade_ii_v880+-4608.php → 200
2026-05-30 23:52:11,799 | INFO |       📱 ZTE Blade II V880+ | Main=5.0MP | Selfie=NoneMP | AnTuTu=None | Price=$None | IP=None | Populated=34/68 fields
2026-05-30 23:52:11,804 | INFO |   💾 [99/470] saved
2026-05-30 23:52:11,804 | INFO | 
  [413/470]
2026-05-30 23:52:11,804 | INFO |   ⏳ 18.4s (req #101)
2026-05-30 23:52:31,003 | INFO |   GET https://www.gsmarena.com/zte_n910-4557.php → 200
2026-05-30 23:52:31,017 | INFO |       📱 ZTE N910 | Main=5.0MP | Selfie=2.0MP | AnTuTu=None | Price=$None | IP=None | Populated=24/68 fields
2026-05-30 23:52:31,021 | INFO |   💾 [100/470] saved
2026-05-30 23:52:31,022 | INFO | 
  [414/470]
2026-05-30 23:52:31,022 | INFO |   ⏳ 32.4s (req #102)
2026-05-30 23:53:04,572 | INFO |   GET https://www.gsmarena.com/zte_pf200-4556.php → 200
2026-05-30 23:53:04,588 | INFO |       📱 ZTE PF200 | Main=8.0MP | Selfie=2.0MP | AnTuTu=None | Price=$None | IP=None | Populated=28/68 fields
2026-05-30 23:53:04,593 | INFO |   💾 [101/470] saved
2026-05-30 23:53:04,593 | INFO | 
  [415/470]
2026-05-30 23:53:04,593 | INFO |   ⏳ 25.6s (req #103)
2026-05-30 23:53:31,066 | INFO |   GET https://www.gsmarena.com/zte_optik-4506.php → 200
2026-05-30 23:53:31,080 | INFO |       📱 ZTE Optik | Main=5.0MP | Selfie=2.0MP | AnTuTu=None | Price=$None | IP=None | Populated=36/68 fields
2026-05-30 23:53:31,085 | INFO |   💾 [102/470] saved
2026-05-30 23:53:31,085 | INFO | 
  [416/470]
2026-05-30 23:53:31,085 | INFO |   ⏳ 22.8s (req #104)
2026-05-30 23:53:54,723 | INFO |   GET https://www.gsmarena.com/zte_light_tab_2_v9a-4467.php → 200
2026-05-30 23:53:54,743 | INFO |       📱 ZTE Light Tab 2 V9A | Main=3.2MP | Selfie=NoneMP | AnTuTu=None | Price=$None | IP=None | Populated=34/68 fields
2026-05-30 23:53:54,747 | INFO |   💾 [103/470] saved
2026-05-30 23:53:54,748 | INFO | 
  [417/470]
2026-05-30 23:53:54,748 | INFO |   ⏳ 26.0s (req #105)
2026-05-30 23:54:21,556 | INFO |   GET https://www.gsmarena.com/zte_light_tab_v9c-4466.php → 200
2026-05-30 23:54:21,570 | INFO |       📱 ZTE Light Tab V9C | Main=2.0MP | Selfie=NoneMP | AnTuTu=None | Price=$None | IP=None | Populated=28/68 fields
2026-05-30 23:54:21,575 | INFO |   💾 [104/470] saved
2026-05-30 23:54:21,575 | INFO | 
  [418/470]
2026-05-30 23:54:21,575 | INFO |   ⏳ 33.9s (req #106)
2026-05-30 23:54:56,260 | INFO |   GET https://www.gsmarena.com/zte_ftv_phone-4388.php → 200
2026-05-30 23:54:56,274 | INFO |       📱 ZTE FTV Phone | Main=3.15MP | Selfie=NoneMP | AnTuTu=None | Price=$None | IP=None | Populated=31/68 fields
2026-05-30 23:54:56,278 | INFO |   💾 [105/470] saved
2026-05-30 23:54:56,278 | INFO | 
  [419/470]
2026-05-30 23:54:56,278 | INFO |   ⏳ 16.9s (req #107)
2026-05-30 23:55:13,925 | INFO |   GET https://www.gsmarena.com/zte_chorus-4345.php → 200
2026-05-30 23:55:13,940 | INFO |       📱 ZTE Chorus | Main=2.0MP | Selfie=NoneMP | AnTuTu=None | Price=$None | IP=None | Populated=27/68 fields
2026-05-30 23:55:13,944 | INFO |   💾 [106/470] saved
2026-05-30 23:55:13,944 | INFO | 
  [420/470]
2026-05-30 23:55:13,944 | INFO |   ⏳ 17.5s (req #108)
2026-05-30 23:55:32,337 | INFO |   GET https://www.gsmarena.com/zte_memo-4310.php → 200
2026-05-30 23:55:32,352 | INFO |       📱 ZTE Memo | Main=2.0MP | Selfie=NoneMP | AnTuTu=None | Price=$None | IP=None | Populated=24/68 fields
2026-05-30 23:55:32,356 | INFO |   💾 [107/470] saved
2026-05-30 23:55:32,356 | INFO | 
  [421/470]
2026-05-30 23:55:32,356 | INFO |   ⏳ 34.0s (req #109)
2026-05-30 23:56:07,833 | INFO |   GET https://www.gsmarena.com/zte_tania-4304.php → 200
2026-05-30 23:56:07,848 | INFO |       📱 ZTE Tania | Main=5.0MP | Selfie=NoneMP | AnTuTu=None | Price=$None | IP=None | Populated=35/68 fields
2026-05-30 23:56:07,851 | INFO |   💾 [108/470] saved
2026-05-30 23:56:07,852 | INFO | 
  [422/470]
2026-05-30 23:56:07,852 | INFO |   ⏳ 44.1s (req #110)
2026-05-30 23:56:52,703 | INFO |   GET https://www.gsmarena.com/zte_warp-4313.php → 200
2026-05-30 23:56:52,725 | INFO |       📱 ZTE Warp | Main=5.0MP | Selfie=NoneMP | AnTuTu=None | Price=$None | IP=None | Populated=34/68 fields
2026-05-30 23:56:52,730 | INFO |   💾 [109/470] saved
2026-05-30 23:56:52,730 | INFO | 
  [423/470]
2026-05-30 23:56:52,730 | INFO |   ⏳ 24.0s (req #111)
2026-05-30 23:57:17,466 | INFO |   GET https://www.gsmarena.com/zte_score-4311.php → 200
2026-05-30 23:57:17,482 | INFO |       📱 ZTE Score | Main=3.15MP | Selfie=NoneMP | AnTuTu=None | Price=$None | IP=None | Populated=29/68 fields
2026-05-30 23:57:17,485 | INFO |   💾 [110/470] saved
2026-05-30 23:57:17,485 | INFO | 
  [424/470]
2026-05-30 23:57:17,486 | INFO |   ⏳ 18.4s (req #112)
2026-05-30 23:57:36,923 | INFO |   GET https://www.gsmarena.com/zte_avail-4244.php → 200
2026-05-30 23:57:36,939 | INFO |       📱 ZTE Avail | Main=5.0MP | Selfie=NoneMP | AnTuTu=None | Price=$None | IP=None | Populated=28/68 fields
2026-05-30 23:57:36,943 | INFO |   💾 [111/470] saved
2026-05-30 23:57:36,943 | INFO | 
  [425/470]
2026-05-30 23:57:36,943 | INFO |   ⏳ 16.3s (req #113)
2026-05-30 23:57:54,131 | INFO |   GET https://www.gsmarena.com/zte_v9+-3902.php → 200
2026-05-30 23:57:54,147 | INFO |       📱 ZTE V9+ | Main=5.0MP | Selfie=NoneMP | AnTuTu=None | Price=$None | IP=None | Populated=29/68 fields
2026-05-30 23:57:54,150 | INFO |   💾 [112/470] saved
2026-05-30 23:57:54,150 | INFO | 
  [426/470]
2026-05-30 23:57:54,151 | INFO |   ⏳ 29.0s (req #114)
2026-05-30 23:58:23,995 | INFO |   GET https://www.gsmarena.com/zte_v9-3903.php → 200
2026-05-30 23:58:24,009 | INFO |       📱 ZTE V9 | Main=3.15MP | Selfie=NoneMP | AnTuTu=None | Price=$None | IP=None | Populated=29/68 fields
2026-05-30 23:58:24,013 | INFO |   💾 [113/470] saved
2026-05-30 23:58:24,013 | INFO | 
  [427/470]
2026-05-30 23:58:24,013 | INFO |   ⏳ 16.2s (req #115)
2026-05-30 23:58:41,045 | INFO |   GET https://www.gsmarena.com/zte_n721-4760.php → 200
2026-05-30 23:58:41,059 | INFO |       📱 ZTE N721 | Main=2.0MP | Selfie=NoneMP | AnTuTu=None | Price=$None | IP=None | Populated=28/68 fields
2026-05-30 23:58:41,063 | INFO |   💾 [114/470] saved
2026-05-30 23:58:41,063 | INFO | 
  [428/470]
2026-05-30 23:58:41,064 | INFO |   ⏳ 32.2s (req #116)
2026-05-30 23:59:14,465 | INFO |   GET https://www.gsmarena.com/zte_skate-3784.php → 200
2026-05-30 23:59:14,488 | INFO |       📱 ZTE Skate | Main=5.0MP | Selfie=NoneMP | AnTuTu=None | Price=$None | IP=None | Populated=30/68 fields
2026-05-30 23:59:14,496 | INFO |   💾 [115/470] saved
2026-05-30 23:59:14,496 | INFO | 
  [429/470]
2026-05-30 23:59:14,497 | INFO |   ⏳ 39.9s (req #117)
2026-05-30 23:59:55,440 | INFO |   GET https://www.gsmarena.com/zte_v821-4042.php → 200
2026-05-30 23:59:55,475 | INFO |       📱 ZTE V821 | Main=2.0MP | Selfie=NoneMP | AnTuTu=None | Price=$None | IP=None | Populated=26/68 fields
2026-05-30 23:59:55,482 | INFO |   💾 [116/470] saved
2026-05-30 23:59:55,482 | INFO | 
  [430/470]
2026-05-30 23:59:55,483 | INFO |   ⏳ 36.1s (req #118)
2026-05-31 00:00:32,401 | INFO |   GET https://www.gsmarena.com/zte_amigo-3785.php → 200
2026-05-31 00:00:32,418 | INFO |       📱 ZTE Amigo | Main=3.15MP | Selfie=NoneMP | AnTuTu=None | Price=$None | IP=None | Populated=26/68 fields
2026-05-31 00:00:32,422 | INFO |   💾 [117/470] saved
2026-05-31 00:00:32,423 | INFO | 
  [431/470]
2026-05-31 00:00:32,423 | INFO |   ⏳ 22.5s (req #119)
2026-05-31 00:00:55,782 | INFO |   GET https://www.gsmarena.com/zte_racer_ii-4290.php → 200
2026-05-31 00:00:55,800 | INFO |       📱 ZTE Racer II | Main=3.15MP | Selfie=NoneMP | AnTuTu=None | Price=$None | IP=None | Populated=30/68 fields
2026-05-31 00:00:55,804 | INFO |   💾 [118/470] saved
2026-05-31 00:00:55,805 | INFO | 
  [432/470]
2026-05-31 00:00:55,805 | INFO |   ☕ Long pause 123s ...
2026-05-31 00:03:00,097 | INFO |   GET https://www.gsmarena.com/zte_u900-3791.php → 200
2026-05-31 00:03:00,110 | INFO |       📱 ZTE U900 | Main=3.15MP | Selfie=NoneMP | AnTuTu=None | Price=$None | IP=None | Populated=24/68 fields
2026-05-31 00:03:00,114 | INFO |   💾 [119/470] saved
2026-05-31 00:03:00,114 | INFO | 
  [433/470]
2026-05-31 00:03:00,114 | INFO |   ⏳ 44.9s (req #121)
2026-05-31 00:03:45,822 | INFO |   GET https://www.gsmarena.com/zte_libra-3790.php → 200
2026-05-31 00:03:45,841 | INFO |       📱 ZTE Libra | Main=3.15MP | Selfie=NoneMP | AnTuTu=None | Price=$None | IP=None | Populated=29/68 fields
2026-05-31 00:03:45,845 | INFO |   💾 [120/470] saved
2026-05-31 00:03:45,845 | INFO | 
  [434/470]
2026-05-31 00:03:45,845 | INFO |   ⏳ 22.9s (req #122)
2026-05-31 00:04:09,623 | INFO |   GET https://www.gsmarena.com/zte_rio-4073.php → 200
2026-05-31 00:04:09,635 | INFO |       📱 ZTE Rio | Main=2.0MP | Selfie=NoneMP | AnTuTu=None | Price=$None | IP=None | Populated=22/68 fields
2026-05-31 00:04:09,638 | INFO |   💾 [121/470] saved
2026-05-31 00:04:09,638 | INFO | 
  [435/470]
2026-05-31 00:04:09,638 | INFO |   ⏳ 38.1s (req #123)
2026-05-31 00:04:48,858 | INFO |   GET https://www.gsmarena.com/zte_blade-3391.php → 200
2026-05-31 00:04:48,891 | INFO |       📱 ZTE Blade | Main=3.15MP | Selfie=NoneMP | AnTuTu=None | Price=$None | IP=None | Populated=32/68 fields
2026-05-31 00:04:48,898 | INFO |   💾 [122/470] saved
2026-05-31 00:04:48,898 | INFO | 
  [436/470]
2026-05-31 00:04:48,898 | INFO |   ⏳ 37.7s (req #124)
2026-05-31 00:05:27,837 | INFO |   GET https://www.gsmarena.com/zte_sage-3737.php → 200
2026-05-31 00:05:27,920 | INFO |       📱 ZTE Sage | Main=1.3MP | Selfie=NoneMP | AnTuTu=None | Price=$None | IP=None | Populated=16/68 fields
2026-05-31 00:05:27,926 | INFO |   💾 [123/470] saved
2026-05-31 00:05:27,927 | INFO | 
  [437/470]
2026-05-31 00:05:27,927 | INFO |   ⏳ 42.8s (req #125)
2026-05-31 00:06:11,596 | INFO |   GET https://www.gsmarena.com/zte_x990d-3603.php → 200
2026-05-31 00:06:11,612 | INFO |       📱 ZTE X990D | Main=2.0MP | Selfie=NoneMP | AnTuTu=None | Price=$None | IP=None | Populated=22/68 fields
2026-05-31 00:06:11,617 | INFO |   💾 [124/470] saved
2026-05-31 00:06:11,617 | INFO | 
  [438/470]
2026-05-31 00:06:11,617 | INFO |   ⏳ 33.3s (req #126)
2026-05-31 00:06:45,970 | INFO |   GET https://www.gsmarena.com/zte_n290-3602.php → 200
2026-05-31 00:06:45,983 | INFO |       📱 ZTE N290 | Main=3.2MP | Selfie=2.0MP | AnTuTu=None | Price=$None | IP=None | Populated=24/68 fields
2026-05-31 00:06:45,988 | INFO |   💾 [125/470] saved
2026-05-31 00:06:45,988 | INFO | 
  [439/470]
2026-05-31 00:06:45,988 | INFO |   ⏳ 44.3s (req #127)
2026-05-31 00:07:31,793 | INFO |   GET https://www.gsmarena.com/zte_n280-3601.php → 200
2026-05-31 00:07:31,811 | INFO |       📱 ZTE N280 | Main=NoneMP | Selfie=NoneMP | AnTuTu=None | Price=$None | IP=None | Populated=20/68 fields
2026-05-31 00:07:31,815 | INFO |   💾 [126/470] saved
2026-05-31 00:07:31,815 | INFO | 
  [440/470]
2026-05-31 00:07:31,816 | INFO |   ⏳ 44.9s (req #128)
2026-05-31 00:08:18,408 | INFO |   GET https://www.gsmarena.com/zte_r230-4078.php → 200
2026-05-31 00:08:18,425 | INFO |       📱 ZTE R230 | Main=1.3MP | Selfie=NoneMP | AnTuTu=None | Price=$None | IP=None | Populated=23/68 fields
2026-05-31 00:08:18,429 | INFO |   💾 [127/470] saved
2026-05-31 00:08:18,429 | INFO | 
  [441/470]
2026-05-31 00:08:18,429 | INFO |   ⏳ 26.3s (req #129)
2026-05-31 00:08:45,625 | INFO |   GET https://www.gsmarena.com/zte_r228_dual_sim-4341.php → 200
2026-05-31 00:08:45,640 | INFO |       📱 ZTE R228 Dual SIM | Main=1.3MP | Selfie=NoneMP | AnTuTu=None | Price=$None | IP=None | Populated=22/68 fields
2026-05-31 00:08:45,644 | INFO |   💾 [128/470] saved
2026-05-31 00:08:45,645 | INFO | 
  [442/470]
2026-05-31 00:08:45,645 | INFO |   ⏳ 38.9s (req #130)
2026-05-31 00:09:25,545 | INFO |   GET https://www.gsmarena.com/zte_r228-4342.php → 200
2026-05-31 00:09:25,575 | INFO |       📱 ZTE R228 | Main=1.3MP | Selfie=NoneMP | AnTuTu=None | Price=$None | IP=None | Populated=21/68 fields
2026-05-31 00:09:25,580 | INFO |   💾 [129/470] saved
2026-05-31 00:09:25,580 | INFO | 
  [443/470]
2026-05-31 00:09:25,580 | INFO |   ⏳ 32.0s (req #131)
2026-05-31 00:09:58,953 | INFO |   GET https://www.gsmarena.com/zte_r221-3604.php → 200
2026-05-31 00:09:58,986 | INFO |       📱 ZTE R221 | Main=NoneMP | Selfie=NoneMP | AnTuTu=None | Price=$None | IP=None | Populated=19/68 fields
2026-05-31 00:09:58,994 | INFO |   💾 [130/470] saved
2026-05-31 00:09:58,994 | INFO | 
  [444/470]
2026-05-31 00:09:58,995 | INFO |   ⏳ 21.5s (req #132)
2026-05-31 00:10:21,300 | INFO |   GET https://www.gsmarena.com/zte_r220-4077.php → 200
2026-05-31 00:10:21,316 | INFO |       📱 ZTE R220 | Main=NoneMP | Selfie=NoneMP | AnTuTu=None | Price=$None | IP=None | Populated=20/68 fields
2026-05-31 00:10:21,319 | INFO |   💾 [131/470] saved
2026-05-31 00:10:21,320 | INFO | 
  [445/470]
2026-05-31 00:10:21,320 | INFO |   ⏳ 18.1s (req #133)
2026-05-31 00:10:40,175 | INFO |   GET https://www.gsmarena.com/zte_s213-3600.php → 200
2026-05-31 00:10:40,189 | INFO |       📱 ZTE S213 | Main=NoneMP | Selfie=NoneMP | AnTuTu=None | Price=$None | IP=None | Populated=18/68 fields
2026-05-31 00:10:40,193 | INFO |   💾 [132/470] saved
2026-05-31 00:10:40,194 | INFO | 
  [446/470]
2026-05-31 00:10:40,194 | INFO |   ⏳ 16.3s (req #134)
2026-05-31 00:10:57,332 | INFO |   GET https://www.gsmarena.com/zte_salute_f350-3491.php → 200
2026-05-31 00:10:57,347 | INFO |       📱 ZTE Salute F350 | Main=1.3MP | Selfie=NoneMP | AnTuTu=None | Price=$None | IP=None | Populated=22/68 fields
2026-05-31 00:10:57,350 | INFO |   💾 [133/470] saved
2026-05-31 00:10:57,350 | INFO | 
  [447/470]
2026-05-31 00:10:57,350 | INFO |   ⏳ 27.0s (req #135)
2026-05-31 00:11:25,079 | INFO |   GET https://www.gsmarena.com/zte_f107-3727.php → 200
2026-05-31 00:11:25,093 | INFO |       📱 ZTE F107 | Main=2.0MP | Selfie=NoneMP | AnTuTu=None | Price=$None | IP=None | Populated=22/68 fields
2026-05-31 00:11:25,097 | INFO |   💾 [134/470] saved
2026-05-31 00:11:25,097 | INFO | 
  [448/470]
2026-05-31 00:11:25,097 | INFO |   ⏳ 24.7s (req #136)
2026-05-31 00:11:50,843 | INFO |   GET https://www.gsmarena.com/zte_e_n72-3485.php → 200
2026-05-31 00:11:50,857 | INFO |       📱 ZTE E N72 | Main=3.15MP | Selfie=NoneMP | AnTuTu=None | Price=$None | IP=None | Populated=24/68 fields
2026-05-31 00:11:50,861 | INFO |   💾 [135/470] saved
2026-05-31 00:11:50,861 | INFO | 
  [449/470]
2026-05-31 00:11:50,861 | INFO |   ⏳ 26.8s (req #137)
2026-05-31 00:12:18,363 | INFO |   GET https://www.gsmarena.com/zte_racer-3423.php → 200
2026-05-31 00:12:18,383 | INFO |       📱 ZTE Racer | Main=3.15MP | Selfie=NoneMP | AnTuTu=None | Price=$None | IP=None | Populated=31/68 fields
2026-05-31 00:12:18,386 | INFO |   💾 [136/470] saved
2026-05-31 00:12:18,387 | INFO | 
  [450/470]
2026-05-31 00:12:18,387 | INFO |   ⏳ 37.7s (req #138)
2026-05-31 00:12:56,793 | INFO |   GET https://www.gsmarena.com/zte_f951-3489.php → 200
2026-05-31 00:12:56,806 | INFO |       📱 ZTE F951 | Main=5.0MP | Selfie=NoneMP | AnTuTu=None | Price=$None | IP=None | Populated=25/68 fields
2026-05-31 00:12:56,809 | INFO |   💾 [137/470] saved
2026-05-31 00:12:56,810 | INFO | 
  [451/470]
2026-05-31 00:12:56,810 | INFO |   ⏳ 41.0s (req #139)
2026-05-31 00:13:38,623 | INFO |   GET https://www.gsmarena.com/zte_x990-3244.php → 200
2026-05-31 00:13:38,637 | INFO |       📱 ZTE X990 | Main=2.0MP | Selfie=NoneMP | AnTuTu=None | Price=$None | IP=None | Populated=24/68 fields
2026-05-31 00:13:38,641 | INFO |   💾 [138/470] saved
2026-05-31 00:13:38,642 | INFO | 
  [452/470]
2026-05-31 00:13:38,642 | INFO |   ⏳ 42.0s (req #140)
2026-05-31 00:14:21,422 | INFO |   GET https://www.gsmarena.com/zte_bingo-3197.php → 200
2026-05-31 00:14:21,437 | INFO |       📱 ZTE Bingo | Main=5.0MP | Selfie=NoneMP | AnTuTu=None | Price=$None | IP=None | Populated=22/68 fields
2026-05-31 00:14:21,440 | INFO |   💾 [139/470] saved
2026-05-31 00:14:21,440 | INFO | 
  [453/470]
2026-05-31 00:14:21,440 | INFO |   ⏳ 40.9s (req #141)
2026-05-31 00:15:03,110 | INFO |   GET https://www.gsmarena.com/zte_x760-3120.php → 200
2026-05-31 00:15:03,124 | INFO |       📱 ZTE X760 | Main=1.3MP | Selfie=NoneMP | AnTuTu=None | Price=$None | IP=None | Populated=22/68 fields
2026-05-31 00:15:03,127 | INFO |   💾 [140/470] saved
2026-05-31 00:15:03,128 | INFO | 
  [454/470]
2026-05-31 00:15:03,128 | INFO |   ⏳ 31.0s (req #142)
2026-05-31 00:15:34,884 | INFO |   GET https://www.gsmarena.com/zte_e811-3114.php → 200
2026-05-31 00:15:34,899 | INFO |       📱 ZTE E811 | Main=2.0MP | Selfie=NoneMP | AnTuTu=None | Price=$None | IP=None | Populated=21/68 fields
2026-05-31 00:15:34,905 | INFO |   💾 [141/470] saved
2026-05-31 00:15:34,905 | INFO | 
  [455/470]
2026-05-31 00:15:34,905 | INFO |   ⏳ 42.4s (req #143)
2026-05-31 00:16:18,051 | INFO |   GET https://www.gsmarena.com/zte_raise-3113.php → 200
2026-05-31 00:16:18,077 | INFO |       📱 ZTE Raise | Main=5.0MP | Selfie=NoneMP | AnTuTu=None | Price=$None | IP=None | Populated=28/68 fields
2026-05-31 00:16:18,081 | INFO |   💾 [142/470] saved
2026-05-31 00:16:18,081 | INFO | 
  [456/470]
2026-05-31 00:16:18,082 | INFO |   ⏳ 21.7s (req #144)
2026-05-31 00:16:40,670 | INFO |   GET https://www.gsmarena.com/zte_xiang-3112.php → 200
2026-05-31 00:16:40,687 | INFO |       📱 ZTE Xiang | Main=3.2MP | Selfie=NoneMP | AnTuTu=None | Price=$None | IP=None | Populated=29/68 fields
2026-05-31 00:16:40,691 | INFO |   💾 [143/470] saved
2026-05-31 00:16:40,691 | INFO | 
  [457/470]
2026-05-31 00:16:40,691 | INFO |   ⏳ 24.8s (req #145)
2026-05-31 00:17:06,479 | INFO |   GET https://www.gsmarena.com/zte_s302-3222.php → 200
2026-05-31 00:17:06,493 | INFO |       📱 ZTE S302 | Main=NoneMP | Selfie=NoneMP | AnTuTu=None | Price=$None | IP=None | Populated=15/68 fields
2026-05-31 00:17:06,497 | INFO |   💾 [144/470] saved
2026-05-31 00:17:06,498 | INFO | 
  [458/470]
2026-05-31 00:17:06,498 | INFO |   ⏳ 17.7s (req #146)
2026-05-31 00:17:25,114 | INFO |   GET https://www.gsmarena.com/zte_a261-3214.php → 200
2026-05-31 00:17:25,128 | INFO |       📱 ZTE A261 | Main=NoneMP | Selfie=NoneMP | AnTuTu=None | Price=$None | IP=None | Populated=13/68 fields
2026-05-31 00:17:25,132 | INFO |   💾 [145/470] saved
2026-05-31 00:17:25,132 | INFO | 
  [459/470]
2026-05-31 00:17:25,132 | INFO |   ⏳ 31.1s (req #147)
2026-05-31 00:17:57,656 | INFO |   GET https://www.gsmarena.com/zte_f233-3110.php → 200
2026-05-31 00:17:57,672 | INFO |       📱 ZTE F233 | Main=2.0MP | Selfie=NoneMP | AnTuTu=None | Price=$None | IP=None | Populated=22/68 fields
2026-05-31 00:17:57,676 | INFO |   💾 [146/470] saved
2026-05-31 00:17:57,676 | INFO | 
  [460/470]
2026-05-31 00:17:57,677 | INFO |   ⏳ 16.3s (req #148)
2026-05-31 00:18:14,925 | INFO |   GET https://www.gsmarena.com/zte_f912-3111.php → 200
2026-05-31 00:18:14,940 | INFO |       📱 ZTE F912 | Main=2.0MP | Selfie=NoneMP | AnTuTu=None | Price=$None | IP=None | Populated=21/68 fields
2026-05-31 00:18:14,944 | INFO |   💾 [147/470] saved
2026-05-31 00:18:14,945 | INFO | 
  [461/470]
2026-05-31 00:18:14,945 | INFO |   ⏳ 30.8s (req #149)
2026-05-31 00:18:46,537 | INFO |   GET https://www.gsmarena.com/zte_f952-3105.php → 200
2026-05-31 00:18:46,559 | INFO |       📱 ZTE F952 | Main=5.0MP | Selfie=NoneMP | AnTuTu=None | Price=$None | IP=None | Populated=25/68 fields
2026-05-31 00:18:46,563 | INFO |   💾 [148/470] saved
2026-05-31 00:18:46,563 | INFO | 
  [462/470]
2026-05-31 00:18:46,564 | INFO |   ☕ Long pause 140s ...
2026-05-31 00:21:07,640 | INFO |   GET https://www.gsmarena.com/zte_f928-3104.php → 200
2026-05-31 00:21:07,656 | INFO |       📱 ZTE F928 | Main=2.0MP | Selfie=NoneMP | AnTuTu=None | Price=$None | IP=None | Populated=19/68 fields
2026-05-31 00:21:07,660 | INFO |   💾 [149/470] saved
2026-05-31 00:21:07,660 | INFO | 
  [463/470]
2026-05-31 00:21:07,661 | INFO |   ⏳ 34.2s (req #151)
2026-05-31 00:21:42,742 | INFO |   GET https://www.gsmarena.com/zte_f870-3103.php → 200
2026-05-31 00:21:42,758 | INFO |       📱 ZTE F870 | Main=5.0MP | Selfie=NoneMP | AnTuTu=None | Price=$None | IP=None | Populated=24/68 fields
2026-05-31 00:21:42,763 | INFO |   💾 [150/470] saved
2026-05-31 00:21:42,763 | INFO | 
  [464/470]
2026-05-31 00:21:42,763 | INFO |   ⏳ 18.5s (req #152)
2026-05-31 00:22:02,089 | INFO |   GET https://www.gsmarena.com/zte_f600-3102.php → 200
2026-05-31 00:22:02,105 | INFO |       📱 ZTE F600 | Main=3.15MP | Selfie=NoneMP | AnTuTu=None | Price=$None | IP=None | Populated=23/68 fields
2026-05-31 00:22:02,109 | INFO |   💾 [151/470] saved
2026-05-31 00:22:02,109 | INFO | 
  [465/470]
2026-05-31 00:22:02,109 | INFO |   ⏳ 18.1s (req #153)
2026-05-31 00:22:21,300 | INFO |   GET https://www.gsmarena.com/zte_f103-3099.php → 200
2026-05-31 00:22:21,324 | INFO |       📱 ZTE F103 | Main=2.0MP | Selfie=NoneMP | AnTuTu=None | Price=$None | IP=None | Populated=23/68 fields
2026-05-31 00:22:21,330 | INFO |   💾 [152/470] saved
2026-05-31 00:22:21,330 | INFO | 
  [466/470]
2026-05-31 00:22:21,331 | INFO |   ⏳ 19.5s (req #154)
2026-05-31 00:22:41,661 | INFO |   GET https://www.gsmarena.com/zte_f101-3101.php → 200
2026-05-31 00:22:41,678 | INFO |       📱 ZTE F101 | Main=2.0MP | Selfie=NoneMP | AnTuTu=None | Price=$None | IP=None | Populated=23/68 fields
2026-05-31 00:22:41,683 | INFO |   💾 [153/470] saved
2026-05-31 00:22:41,683 | INFO | 
  [467/470]
2026-05-31 00:22:41,683 | INFO |   ⏳ 21.5s (req #155)
2026-05-31 00:23:03,941 | INFO |   GET https://www.gsmarena.com/zte_f100-3100.php → 200
2026-05-31 00:23:03,959 | INFO |       📱 ZTE F100 | Main=2.0MP | Selfie=NoneMP | AnTuTu=None | Price=$None | IP=None | Populated=23/68 fields
2026-05-31 00:23:03,963 | INFO |   💾 [154/470] saved
2026-05-31 00:23:03,963 | INFO | 
  [468/470]
2026-05-31 00:23:03,963 | INFO |   ⏳ 16.1s (req #156)
2026-05-31 00:23:21,014 | INFO |   GET https://www.gsmarena.com/zte_coral200_sollar-3213.php → 200
2026-05-31 00:23:21,051 | INFO |       📱 ZTE Coral200 Sollar | Main=NoneMP | Selfie=NoneMP | AnTuTu=None | Price=$None | IP=None | Populated=15/68 fields
2026-05-31 00:23:21,056 | INFO |   💾 [155/470] saved
2026-05-31 00:23:21,057 | INFO | 
  [469/470]
2026-05-31 00:23:21,057 | INFO |   ⏳ 30.0s (req #157)
2026-05-31 00:23:52,136 | INFO |   GET https://www.gsmarena.com/zte_blade_v20-9913.php → 200
2026-05-31 00:23:52,155 | INFO |       📱 ZTE Blade V20 | Main=16.0MP | Selfie=5.0MP | AnTuTu=None | Price=$None | IP=None | Populated=36/68 fields
2026-05-31 00:23:52,159 | INFO |   💾 [156/470] saved
2026-05-31 00:23:52,160 | INFO | 
  [470/470]
2026-05-31 00:23:52,160 | INFO |   ⏳ 32.2s (req #158)
2026-05-31 00:24:25,736 | INFO |   GET https://www.gsmarena.com/zte_nubia_x_5g-9755.php → 200
2026-05-31 00:24:25,765 | INFO |       📱 ZTE nubia X 5G | Main=16.0MP | Selfie=NoneMP | AnTuTu=None | Price=$None | IP=None | Populated=42/68 fields
2026-05-31 00:24:25,772 | INFO |   💾 [157/470] saved
2026-05-31 00:24:25,777 | INFO |   ✅ Zte — 157 phones saved
2026-05-31 00:24:25,777 | INFO | 
🎉 DONE — 157 phones in 90 min
2026-05-31 00:24:25,777 | INFO | 📄 GSMArenaDataset_BATCH5/GSMArena_BATCH5.csv
