Brand,Model_Name,Model_URL,Model_Image,Network_Technology,5G_Support,Announced,Status,Dimensions,Weight_g,Back_Material,IP_Rating,SIM_Type,Display_Type,Refresh_Rate_Hz,Display_Size_inch,Resolution,PPI_Density,Screen_to_Body_Pct,Display_Protection,OS,Chipset,Process_Node_nm,CPU,GPU,RAM_GB,RAM_Max_GB,Storage_GB,Storage_Max_GB,Storage_Type,Main_Camera_MP,Lens_Count,Main_Aperture,OIS,Sensor_Size,Camera_4K_Video,Camera_Features,Camera_Video,Selfie_Camera_MP,Selfie_4K_Video,Selfie_Camera_Features,Selfie_Camera_Video,WiFi,NFC,Bluetooth_Version,USB_Type,Headphone_Jack,GPS,Sensors,Battery_mAh,Wired_Charging_W,Wireless_Charging_W,Reverse_Wireless_Charging,Battery_ActiveUse,Price_USD,Price_EUR,Price_GBP,Price_INR,AnTuTu_Score,GeekBench_Score,ThreeDMark_Score,Display_nits_tested,Loudspeaker_LUFS,Colors,Model_Numbers,SAR_US,SAR_EU,FM_Radio
Blackberry,BlackBerry KEY2 LE,https://www.gsmarena.com/blackberry_key2_le-9292.php,https://fdn2.gsmarena.com/vv/bigpic/blackberry-key2-le-.jpg,GSM / HSPA / LTE,No,"2018, August. Released 2018, October",Discontinued,150.3 x 71.8 x 8.4 mm (5.92 x 2.83 x 0.33 in),156.0,Glass,,· Nano-SIM · Nano-SIM + Nano-SIM,IPS LCD,,4.5,1080x1620,434,55.6,Corning Gorilla Glass (unspecified versi,Android 8.1 (Oreo),Qualcomm SDM636 Snapdragon 636 (14 nm),14,Octa-core (4x1.8 GHz Kryo 260 Gold & 4x1.6 GHz Kryo 260 Silver),Adreno 509,4,4,32,64,eMMC 5.1,13.0,2,2.2,No,1/3.1,Yes,"Dual-LED dual-tone flash, HDR, panorama","4K@30fps, 1080p@30fps",8.0,No,,1080p@30fps,"Wi-Fi 802.11 а/b/g/n/ac, dual-band, Wi-Fi Direct",Yes,5.0,Type-C,Yes,"GPS, GLONASS","Fingerprint (front-mounted), accelerometer, proximity, compass",3000,,,No,,,440.0,,,116764,4965,,,,"Slate, Champagne, Atomic","BBE100-4, BBE100-5, BBE100-1, BBE100-2",1.01 W/kg (head) 1.17 W/kg (body),0.78 W/kg (head) 1.61 W/kg (body),FM radio
Blackberry,BlackBerry Evolve X,https://www.gsmarena.com/blackberry_evolve_x-9282.php,https://fdn2.gsmarena.com/vv/bigpic/blackberry-exolve-x-5.jpg,GSM / HSPA / LTE,No,"2018, August. Released 2018, August",Discontinued,159.1 x 76.8 x 8.8 mm (6.26 x 3.02 x 0.35 in),170.0,Glass,,· Nano-SIM · Nano-SIM + Nano-SIM,IPS LCD,,5.99,1080x2160,403,75.8,Gorilla Glass 5,Android 8.1 (Oreo),Qualcomm SDM660 Snapdragon 660 (14 nm),14,Octa-core (4x2.2 GHz Kryo 260 Gold & 4x1.8 GHz Kryo 260 Silver),Adreno 512,6,6,64,64,eMMC 5.1,12.0,2,1.8,No,1/2.8,No,"Dual-LED dual-tone flash, HDR, panorama",1080p@30fps,16.0,No,LED flash,1080p@30/60fps,"Wi-Fi 802.11 а/b/g/n/ac, dual-band, Wi-Fi Direct",No,5.0,Type-C,Yes,"GPS (L1+L5), GLONASS, BDS, GALILEO, QZSS","Fingerprint (rear-mounted), accelerometer, gyro, proximity, compass",4000,18,,No,,,350.0,,,,,,,,Black,,,,FM radio
Blackberry,BlackBerry Evolve,https://www.gsmarena.com/blackberry_evolve-9281.php,https://fdn2.gsmarena.com/vv/bigpic/blackberry-exolve-6.jpg,GSM / HSPA / LTE,No,"2018, August. Released 2018, October",Discontinued,158.9 x 76.1 x 8.4 mm (6.26 x 3.00 x 0.33 in),170.0,,,· Nano-SIM · Nano-SIM + Nano-SIM,IPS LCD,,5.99,1080x2160,403,76.6,Gorilla Glass 5,Android 8.1 (Oreo),Qualcomm SDM450 Snapdragon 450 (14 nm),14,Octa-core 1.8 GHz Cortex-A53,Adreno 506,4,4,64,64,eMMC 5.1,13.0,2,,No,1/3.1,No,"Dual-LED dual-tone flash, HDR, panorama",1080p@30fps,16.0,No,LED flash,1080p@30/60fps,"Wi-Fi 802.11 а/b/g/n/ac, dual-band, Wi-Fi Direct",No,4.2,Type-C,Yes,"GPS, GLONASS, BDS, GALILEO","Fingerprint (rear-mounted), accelerometer, gyro, proximity, compass",4000,18,,No,,,300.0,,,,,,,,Black,BBG100-1,,,FM radio
Blackberry,BlackBerry KEY2,https://www.gsmarena.com/blackberry_key2-9187.php,https://fdn2.gsmarena.com/vv/bigpic/blackberry-key2-new.jpg,GSM / HSPA / LTE,No,"2018, June. Released 2018, June",Discontinued,151.4 x 71.8 x 8.5 mm (5.96 x 2.83 x 0.33 in),168.0,Glass,,· Nano-SIM · Nano-SIM + Nano-SIM - BBF100-6 only,IPS LCD,,4.5,1080x1620,434,55.2,Gorilla Glass 3,Android 8.1 (Oreo),Qualcomm SDM660 Snapdragon 660 (14 nm),14,Octa-core (4x2.2 GHz Kryo 260 Gold & 4x1.8 GHz Kryo 260 Silver),Adreno 512,6,6,64,128,eMMC 5.1,12.0,2,1.8,No,1/2.3,Yes,"Dual-LED dual-tone flash, HDR, panorama","4K@30fps, 1080p@30fps",8.0,No,,1080p@30fps,"Wi-Fi 802.11 a/b/g/n/ac, dual-band, Wi-Fi Direct",Yes,5.0,Type-C,Yes,"GPS, GLONASS, BDS2","Fingerprint (front-mounted), accelerometer, gyro, proximity, compass",3500,18,,No,,,500.0,,,140984,5830,,,,"Black, Silver, Red","BBF100-6, BBF100-1, BBF100-2, BBF100-4",,0.72 W/kg (head) 1.68 W/kg (body),FM radio
Blackberry,BlackBerry Motion,https://www.gsmarena.com/blackberry_motion-8891.php,https://fdn2.gsmarena.com/vv/bigpic/blackberry-motion.jpg,GSM / HSPA / LTE,No,"2017, October. Released 2017, December",Discontinued,155.8 x 75.5 x 8.1 mm (6.13 x 2.97 x 0.32 in),167.0,Glass,IP67,· Nano-SIM · Nano-SIM + Nano-SIM,IPS LCD,,5.5,1080x1920,403,70.2,Scratch-resistant glass,Android 7.1 (Nougat),Qualcomm MSM8953 Snapdragon 625 (14 nm),14,Octa-core 2.0 GHz Cortex-A53,Adreno 506,4,4,32,32,eMMC 5.1,12.0,1,2.0,No,,Yes,"Dual-LED dual-tone flash, HDR, panorama","4K@30fps, 1080p@30fps",8.0,No,,1080p@30fps,"Wi-Fi 802.11 b/g/n/ac, Wi-Fi Direct",Yes,4.2,Type-C,Yes,"GPS, GLONASS, BDS2","Fingerprint (front-mounted), accelerometer, gyro, proximity, compass",4000,18,,No,,,390.0,,,75057,3567,,,,Black,"BBD100-1, BBD100-6, BBD100-2",,,FM radio
Blackberry,BlackBerry Aurora,https://www.gsmarena.com/blackberry_aurora-8612.php,https://fdn2.gsmarena.com/vv/bigpic/blackberry-aurora.jpg,GSM / HSPA / LTE,No,"2017, March. Released 2017, March",Discontinued,152 x 76.8 x 8.5 mm (5.98 x 3.02 x 0.33 in),178.0,Glass,,"Dual SIM (Micro-SIM, dual stand-by)",IPS LCD,,5.5,720x1280,267,71.4,,Android 7.0 (Nougat),Qualcomm MSM8917 Snapdragon 425 (28 nm),28,Quad-core 1.4 GHz Cortex-A53,Adreno 308,4,4,32,32,eMMC 5.1,13.0,1,,No,,No,"Dual-LED flash, HDR, panorama",1080p@30fps,8.0,No,,,"Wi-Fi 802.11 b/g/n, Wi-Fi Direct",No,4.0,Micro-USB,Yes,"GPS, GLONASS, BDS","Accelerometer, proximity, compass",3000,,,No,,,200.0,,,,,,,,"Black, Silver, Gold",BBC100-1,,,No
Blackberry,BlackBerry Keyone,https://www.gsmarena.com/blackberry_keyone-8508.php,https://fdn2.gsmarena.com/vv/bigpic/blackberry-keyone-mercury.jpg,GSM / HSPA / LTE,No,"2017, February. Released 2017, April",Discontinued,149.1 x 72.4 x 9.4 mm (5.87 x 2.85 x 0.37 in),180.0,Glass,,· Nano-SIM · Nano-SIM + Nano-SIM - BBB100-4 only,IPS LCD,,4.5,1080x1620,434,55.6,Corning Gorilla Glass 4,"Android 7.1 (Nougat), upgradable to Android 8.1 (Oreo)",Qualcomm MSM8953 Snapdragon 625 (14 nm),14,Octa-core 2.0 GHz Cortex-A53,Adreno 506,3,4,32,64,eMMC 5.1,12.0,1,2.0,No,1/2.3,Yes,"Dual-LED dual-tone flash, HDR, panorama",4K@30fps,8.0,No,,1080p@30fps,"Wi-Fi 802.11 a/b/g/n/ac, dual-band, Wi-Fi Direct",Yes,4.2,Type-C,Yes,"GPS, GLONASS, BDS2","Fingerprint (front-mounted), accelerometer, gyro, proximity, compass",3500,18,,No,,,290.0,,,,,,,,"Black/Silver, Black, Bronze","BBB100-2, BBB100-7, BBB100-1, BBB100-5, BBB100-3, BBB100-4",,,FM radio
Blackberry,BlackBerry DTEK60,https://www.gsmarena.com/blackberry_dtek60-8351.php,https://fdn2.gsmarena.com/vv/bigpic/bb-dtek-60r.jpg,GSM / HSPA / LTE,No,"2016, October. Released 2016, October",Discontinued,153.9 x 75.4 x 7 mm (6.06 x 2.97 x 0.28 in),165.0,,,Nano-SIM,AMOLED,,5.5,1440x2560,534,71.9,"Scratch-resistant glass, oleophobic coat",Android 6.0 (Marshmallow),Qualcomm MSM8996 Snapdragon 820 (14 nm),14,Quad-core (2x2.15 GHz Kryo & 2x1.6 GHz Kryo),Adreno 530,4,4,32,32,,21.0,1,2.0,No,,Yes,"Dual-LED dual-tone flash, HDR, panorama","4K@30fps, 720p@120fps",8.0,No,,1080p@30fps,"Wi-Fi 802.11 a/b/g/n/ac, dual-band, Wi-Fi Direct",Yes,4.2,Type-C,Yes,"GPS, GLONASS, BDS","Fingerprint (rear-mounted), accelerometer, gyro, proximity, compass",3000,18,,No,,,250.0,,,,,,,,Black,"BBA100-2, BBA100-1",,,No
Blackberry,BlackBerry DTEK50,https://www.gsmarena.com/blackberry_dtek50-8229.php,https://fdn2.gsmarena.com/vv/bigpic/bb-dtek.jpg,GSM / HSPA / LTE,No,"2016, July. Released 2016, August",Discontinued,147 x 72.5 x 7.4 mm (5.79 x 2.85 x 0.29 in),135.0,,,Nano-SIM + Nano-SIM,IPS LCD,,5.2,1080x1920,424,69.9,"Scratch-resistant glass, oleophobic coat",Android 6.0 (Marshmallow),Qualcomm MSM8952 Snapdragon 617 (28 nm),28,Octa-core (4x1.5 GHz Cortex-A53 & 4x1.2 GHz Cortex-A53),Adreno 405,3,3,16,16,eMMC 5.1,13.0,1,2.0,No,,No,"Dual-LED dual-tone flash, HDR, panorama",1080p@30fps,8.0,No,,1080p@30fps,"Wi-Fi 802.11 a/b/g/n/ac, dual-band, Wi-Fi Direct",Yes,4.2,Micro-USB,Yes,"GPS, GLONASS, BDS","Accelerometer, gyro, proximity, compass",2610,18,,No,,,200.0,,,,,,,,Black,"STH100-2, STH100-1",,,FM radio
Blackberry,BlackBerry Priv,https://www.gsmarena.com/blackberry_priv-7587.php,https://fdn2.gsmarena.com/vv/bigpic/blackberry-priv.jpg,GSM / HSPA / LTE,No,"2015, October. Released 2015, November",Discontinued,147 x 77.2 x 9.4 mm (5.79 x 3.04 x 0.37 in),192.0,Glass,,Nano-SIM,AMOLED,,5.4,1440x2560,540,71.9,Corning Gorilla Glass 4,"Android 5.1.1 (Lollipop), upgradable to 6.0.1 (Marshmallow)",Qualcomm MSM8992 Snapdragon 808 (20 nm),20,Hexa-core (4x1.4 GHz Cortex-A53 & 2x1.8 GHz Cortex-A57),Adreno 418,3,3,32,32,eMMC 5.0,18.0,1,2.2,Yes,1/2.4,Yes,"Schneider-Kreuznach optics, dual-LED dual-tone flash, HDR, panorama","4K@30fps, 1080p@60fps",2.0,No,,720p,"Wi-Fi 802.11 a/b/g/n/ac, Wi-Fi Direct, hotspot",Yes,4.1,Micro-USB,Yes,"GPS, GLONASS","Accelerometer, altimeter, gyro, ToF proximity, compass",3410,18,,No,,,270.0,,,,,,,,Black,"STV100-4, STV100-3, STV100-1, V100, STV100-2",,,No
Blackberry,BlackBerry Leap,https://www.gsmarena.com/blackberry_leap-7099.php,https://fdn2.gsmarena.com/vv/bigpic/blackberry-leap1.jpg,GSM / HSPA / LTE,No,"2015, March. Released 2015, April",Discontinued,144 x 72.8 x 9.5 mm (5.67 x 2.87 x 0.37 in),170.0,,,Micro-SIM,"IPS LCD,",,5.0,720x1280,294,65.7,,BlackBerry OS 10.3.1,Qualcomm MSM8960 Snapdragon S4 Plus,,Dual-core 1.5 GHz Krait,Adreno 225,2,2,16,16,,8.0,1,2.2,No,,No,"LED flash, HDR, panorama","1080p@30fps, 720p@60fps",2.0,No,,720p,"Wi-Fi 802.11 b/g/n, hotspot",No,4.0,Micro-USB,Yes,GPS,"Accelerometer, proximity",2800,,,No,,,80.0,,,,,,,,"Black, White",,,,FM radio
Blackberry,BlackBerry Classic Non Camera,https://www.gsmarena.com/blackberry_classic_non_camera-7066.php,https://fdn2.gsmarena.com/vv/bigpic/blackberry-classic-no.jpg,GSM / CDMA / HSPA / EVDO / LTE,No,"2015, February. Released 2015, March",Discontinued,131 x 72.4 x 10.2 mm (5.16 x 2.85 x 0.40 in),178.0,,,Nano-SIM,"IPS LCD,",,3.5,720x720,291,41.7,Gorilla Glass 3,BlackBerry OS 10.3.1,,,Dual-core 1.5 GHz Krait,,2,2,16,16,,,,,No,,No,,,,No,,,"Wi-Fi 802.11 a/b/g/n, dual-band, hotspot",Yes,4.0,Micro-USB,Yes,GPS,"Accelerometer, gyro, proximity, compass",2500,,,No,,,180.0,,,,,,,,Black,,1.41 W/kg (head) 0.78 W/kg (body),,FM radio
Blackberry,BlackBerry Porsche Design P'9983,https://www.gsmarena.com/blackberry_porsche_design_p_9983-6691.php,https://fdn2.gsmarena.com/vv/bigpic/BlackBerry-Porsche-Design-P9983-1.jpg,GSM / HSPA / LTE,No,"2014, September. Released 2014, October",Discontinued,119 x 67.1 x 10.6 mm (4.69 x 2.64 x 0.42 in),140.0,,,Micro-SIM,IPS LCD,,3.1,720x720,328,38.8,,"BlackBerry OS 10.3, upgradable to 10.3.1",Qualcomm MSM8960T Snapdragon S4 Pro,,Dual-core 1.5 GHz Krait,Adreno 225,2,2,64,64,,8.0,1,,No,,No,"LED flash, HDR, panorama",1080p@30fps,2.0,No,,720p@30fps,"Wi-Fi 802.11 a/b/g/n, dual-band, DLNA, hotspot",Yes,4.0,Micro-USB,Yes,"GPS, GLONASS","Accelerometer, gyro, proximity, compass",2100,,,No,,,430.0,,,,,,,,Black,,,,FM radio
Blackberry,BlackBerry Passport,https://www.gsmarena.com/blackberry_passport-6457.php,https://fdn2.gsmarena.com/vv/bigpic/blackberry-passport-1.jpg,GSM / HSPA / LTE,No,"2014, June. Released 2014, September",Discontinued,128 x 90.3 x 9.3 mm (5.04 x 3.56 x 0.37 in),196.0,Glass,,Nano-SIM,IPS LCD,,4.5,1440x1440,453,56.5,Gorilla Glass 3,"BlackBerry OS 10.3, upgradable to 10.3.2",Qualcomm MSM8974AA Snapdragon 801 (28 nm),28,Quad-core 2.26 GHz Krait 400,Adreno 330,3,3,32,32,eMMC 5.0,13.0,1,2.0,Yes,,No,"LED flash, HDR, panorama",1080p@60fps,2.0,No,,720p,"Wi-Fi 802.11 a/b/g/n/ac, dual-band, Wi-Fi Direct, DLNA, hotspot",Yes,4.0,Micro-USB,Yes,"GPS, GLONASS","Accelerometer, gyro, proximity, compass",3450,,,No,,,170.0,,,,,,,,"Black, White, Red, Black&Gold, Silver",,,,"FM radio, RDS"
Blackberry,BlackBerry Classic,https://www.gsmarena.com/blackberry_classic-6458.php,https://fdn2.gsmarena.com/vv/bigpic/BlackBerry-Classic.jpg,GSM / HSPA / LTE,No,"2014, June. Released 2014, December",Discontinued,131 x 72.4 x 10.2 mm (5.16 x 2.85 x 0.40 in),177.0,,,Nano-SIM,"IPS LCD,",,3.5,720x720,294,40.8,Gorilla Glass 3,"BlackBerry OS 10.3.1, upgradable to 10.3.2",Qualcomm MSM8960 Snapdragon S4 Plus,,Dual-core 1.5 GHz Krait,Adreno 225,2,2,16,16,,8.0,1,2.2,No,,No,"LED flash, HDR, panorama",1080p@30fps,2.0,No,,,"Wi-Fi 802.11 a/b/g/n, dual-band, hotspot",Yes,4.0,Micro-USB,Yes,GPS,"Accelerometer, gyro, proximity, compass",2515,,,No,,,120.0,,,,,,,,"Black, White, Blue, Bronze, Cobalt blue",,,,FM radio
Blackberry,BlackBerry Z3,https://www.gsmarena.com/blackberry_z3-6163.php,https://fdn2.gsmarena.com/vv/bigpic/blackberry-z3-new.jpg,GSM / HSPA,No,"2014, February. Released 2014, May",Discontinued,140 x 72.8 x 9.3 mm (5.51 x 2.87 x 0.37 in),164.0,Glass,,Micro-SIM,IPS LCD,,5.0,540x960,220,67.6,,"BlackBerry OS 10.2.1, upgradable to 10.3.1",Qualcomm MSM8230 Snapdragon 400 (28 nm),28,Dual-core 1.2 GHz Krait 200,Adreno 305,5,5,5,8,eMMC 4.5,5.0,1,2.4,No,,No,"LED flash, HDR, panorama",1080p@30fps,1.1,No,,720p,"Wi-Fi 802.11 b/g/n, hotspot",No,4.0,Micro-USB,Yes,GPS,"Accelerometer, proximity",2500,,,No,,,90.0,,,,,,,,Black,,,,FM radio
Blackberry,BlackBerry Porsche Design P'9982,https://www.gsmarena.com/blackberry_porsche_design_p_9982-5856.php,https://fdn2.gsmarena.com/vv/bigpic/BlackBerry-Porsche-Design-P9982.jpg,GSM / HSPA / LTE,No,"2013, November. Released 2013, December",Discontinued,131 x 65.6 x 9.5 mm (5.16 x 2.58 x 0.37 in),140.0,,,Micro-SIM,IPS LCD,,4.2,768x1280,355,58.4,,"BlackBerry OS 10.2, upgradable to 10.2.1",Qualcomm MSM8960T Snapdragon S4 Pro,,Dual-core 1.5 GHz Krait,Adreno 225,2,2,64,64,,8.0,1,,No,,No,"LED flash, HDR",1080p@30fps,2.0,No,,720p@30fps,"Wi-Fi 802.11 a/b/g/n, dual-band, DLNA, hotspot",Yes,4.0,Micro-USB,Yes,GPS,"Accelerometer, gyro, proximity, compass",1800,,,No,,,390.0,,,,,,,,Silver,,,,No
Blackberry,BlackBerry Z30,https://www.gsmarena.com/blackberry_z30-5711.php,https://fdn2.gsmarena.com/vv/bigpic/blackberry-z30.jpg,GSM / HSPA / LTE,No,"2013, September. Released 2013, October",Discontinued,140.7 x 72 x 9.4 mm (5.54 x 2.83 x 0.37 in),170.0,,,Micro-SIM,Super AMOLED,,5.0,720x1280,294,68.0,,"BlackBerry OS 10.2, upgradable to 10.3.1",Qualcomm MSM8960T Snapdragon S4 Pro,,Dual-core 1.7 GHz Krait,Adreno 320,2,2,16,16,,8.0,1,2.2,No,,No,"LED flash, HDR, panorama",1080p@30fps,2.0,No,,720p@30fps,"Wi-Fi 802.11 a/b/g/n, dual-band, Wi-Fi Direct, hotspot",Yes,4.0,Micro-USB,Yes,"GPS, GLONASS","Accelerometer, gyro, proximity, compass",2880,,,No,,,140.0,,,,,,,,Black,,,,FM radio (after SW upgrade)
Blackberry,BlackBerry 9720,https://www.gsmarena.com/blackberry_9720-5625.php,https://fdn2.gsmarena.com/vv/bigpic/blackberry-9720.jpg,GSM / HSPA,No,"2013, August. Released 2013, August",Discontinued,114 x 66 x 12 mm (4.49 x 2.60 x 0.47 in),120.0,,,Mini-SIM,IPS LCD,,2.8,480x360,214,32.3,,BlackBerry OS 7.1,,,806 MHz Tavor MG1,,,,,,,5.0,1,,No,,No,LED flash,480p@30fps,,No,,,"Wi-Fi 802.11 b/g/n, hotspot",No,2.1,Micro-USB,Yes,GPS,"Accelerometer, proximity",1450,,,No,,,130.0,,,,,,,,"Black, White, Purple, Blue, Pure Pink",,,1.10 W/kg (head),"Stereo FM radio, RDS"
Blackberry,BlackBerry Q5,https://www.gsmarena.com/blackberry_q5-5452.php,https://fdn2.gsmarena.com/vv/bigpic/blackberry-q5.jpg,GSM / HSPA / LTE,No,"2013, May. Released 2013, June",Discontinued,120 x 66 x 10.8 mm (4.72 x 2.60 x 0.43 in),120.0,,,Micro-SIM,IPS LCD,,3.1,720x720,328,39.1,,"BlackBerry OS 10.2, upgradable to 10.3.1",Qualcomm MSM8960 Snapdragon S4 Plus,,Dual-core 1.2 GHz Krait,Adreno 225,2,2,8,8,,5.0,1,2.4,No,,No,"LED flash, HDR, panorama",1080p@30fps,2.0,No,,720p,"Wi-Fi 802.11 b/g/n, hotspot",Yes,4.0,Micro-USB,Yes,GPS,"Accelerometer, gyro, proximity, compass",2180,,,No,,,70.0,,,,,,,,"Black, White, Red, Gray, Pink",,1.33 W/kg (head) 0.85 W/kg (body),1.38 W/kg (head) 0.85 W/kg (body),FM radio (after SW upgrade)
Blackberry,BlackBerry Z10,https://www.gsmarena.com/blackberry_z10-5251.php,https://fdn2.gsmarena.com/vv/bigpic/blackberry-z10-ofic.jpg,GSM / CDMA / HSPA / LTE,No,"2013, January. Released 2013, January",Discontinued,130 x 65.6 x 9 mm (5.12 x 2.58 x 0.35 in),137.5,Glass,,Micro-SIM,TFT,,4.2,768x1280,355,58.9,,"BlackBerry OS 10, upgradable to 10.3.1",Qualcomm MSM8960 Snapdragon S4 Plus,,Dual-core 1.5 GHz Krait,Adreno 225,2,2,16,16,,8.0,1,2.2,No,,No,"LED flash, HDR, panorama",1080p@30fps,2.0,No,,720p@30fps,"Wi-Fi 802.11 a/b/g/n, dual-band, DLNA, hotspot",Yes,4.0,Micro-USB,Yes,GPS,"Accelerometer, gyro, proximity, compass",1800,,,No,,,120.0,,,,,,,,"Black, White",,1.07 W/kg (head) 1.07 W/kg (body),0.87 W/kg (head) 0.99 W/kg (body),No
Blackberry,BlackBerry Q10,https://www.gsmarena.com/blackberry_q10-5274.php,https://fdn2.gsmarena.com/vv/bigpic/blackberry-q10.jpg,GSM / CDMA / HSPA / LTE,No,"2013, January. Released 2013, April",Discontinued,119.6 x 66.8 x 10.4 mm (4.71 x 2.63 x 0.41 in),139.0,Glass,,Micro-SIM,Super AMOLED,,3.1,720x720,328,38.8,,"BlackBerry OS 10, upgradable to 10.3.1",Snapdragon S4 (LTE version)/ TI OMAP 4470 (Non-LTE),,Dual-core 1.5 GHz Krait (LTE version)/ Cortex-A9 (Non-LTE),Adreno 225 (LTE version)/ PowerVR SGX544 (Non-LTE),2,2,16,16,,8.0,1,2.2,No,,No,"LED flash, HDR, panorama",1080p@30fps,2.0,No,,720p,"Wi-Fi 802.11 a/b/g/n, dual band, hotspot",Yes,4.0,Micro-USB,Yes,GPS,"Accelerometer, gyro, proximity, compass",2100,,,No,,,110.0,,,,,,,,"Black, White",,1.16 W/kg (head) 0.75 W/kg (body),1.41 W/kg (head) 0.78 W/kg (body),FM radio (after SW upgrade)
Blackberry,BlackBerry 4G LTE Playbook,https://www.gsmarena.com/blackberry_4g_lte_playbook-3846.php,https://fdn2.gsmarena.com/vv/bigpic/blackberry-playbook-4g-lte.jpg,HSPA / LTE,No,"2012, August. Released 2012, August",Discontinued,194 x 130 x 10 mm (7.64 x 5.12 x 0.39 in),425.0,,,No,TFT,,7.0,600x1024,170,54.7,,BlackBerry Tablet 2.0,,,Dual-core 1.5 GHz,,1,1,32,32,,5.0,1,,No,,No,,1080p@30fps,3.0,No,,,"Wi-Fi 802.11 a/b/g/n, dual-band",,3.1,Micro-USB,Yes,"GPS, A-GPS","Accelerometer, gyro, compass",,,,No,,,470.0,,,,,,,,Black,,,,No
Blackberry,BlackBerry Curve 9320,https://www.gsmarena.com/blackberry_curve_9320-4458.php,https://fdn2.gsmarena.com/vv/bigpic/blackberry-curve-9320.jpg,GSM / HSPA,No,"2012, May. Released 2012, May",Discontinued,109 x 60 x 12.7 mm (4.29 x 2.36 x 0.5 in),103.0,,,Mini-SIM,"TFT, 65K colors",,2.44,320x240,164,28.2,,BlackBerry OS 7.1,,,,,,,,,,3.15,1,,No,,No,LED flash,Yes,,No,,,Wi-Fi 802.11 b/g/n,,2.1,Micro-USB,Yes,"GPS, A-GPS","Accelerometer, proximity, compass",1450,,,No,,,110.0,,,,,,,,"Black, White",,1.56 W/kg (head) 0.75 W/kg (body),1.24 W/kg (head) 0.72 W/kg (body),"Stereo FM radio, RDS"
Blackberry,BlackBerry Curve 9220,https://www.gsmarena.com/blackberry_curve_9220-4459.php,https://fdn2.gsmarena.com/vv/bigpic/blackberry-curve-9220-ofic.jpg,GSM,No,"2012, April. Released 2012, May",Discontinued,109 x 60 x 12.7 mm,102.0,,,Mini-SIM,"TFT, 65K colors",,2.44,320x240,164,28.2,,BlackBerry OS 7.1,,,,,,,,,,2.0,1,,No,,No,,Yes,,No,,,Wi-Fi 802.11 b/g/n,,2.1,Micro-USB,Yes,No,"Accelerometer, proximity, compass",1450,,,No,,,80.0,,,,,,,,"Black, Fuchsia Pink, Pure White, Teal Blue",,1.31 W/kg (head) 0.61 W/kg (body),1.61 W/kg (head) 1.01 W/kg (body),"Stereo FM radio, RDS"
Blackberry,BlackBerry Curve 9380,https://www.gsmarena.com/blackberry_curve_9380-4331.php,https://fdn2.gsmarena.com/vv/bigpic/blackberry-curve-9380.jpg,GSM / HSPA,No,"2011, November. Released 2011, December",Discontinued,109 x 60 x 11.2 mm (4.29 x 2.36 x 0.44 in),98.0,,,Mini-SIM,TFT,,3.2,360x480,188,48.5,,BlackBerry OS 7.0,,,806 MHz,,,,,,,5.0,1,,No,,No,LED flash,480p,,No,,,"Wi-Fi 802.11 b/g/n, UMA (carrier-dependent)",No,2.1,Micro-USB,Yes,"GPS, A-GPS",Proximity,,,,No,,,120.0,,,,,,,,Black,,1.38 W/kg (head) 0.77 W/kg (body),1.09 W/kg (head) 0.59 W/kg (body),No
Blackberry,BlackBerry Bold 9790,https://www.gsmarena.com/blackberry_bold_9790-4332.php,https://fdn2.gsmarena.com/vv/bigpic/blackberry-bold-9790.jpg,GSM / HSPA,No,"2011, November. Released 2011, December",Discontinued,110 x 60 x 11.4 mm (4.33 x 2.36 x 0.45 in),107.0,,,Mini-SIM,TFT,,2.45,480x360,245,28.2,,BlackBerry OS 7.0,,,Marvel Tavor MG1 1.0 GHz,,,,8,8,,5.0,1,,No,,No,LED flash,480p,,No,,,"Wi-Fi 802.11 a/b/g/n, dual-band",No,2.1,Micro-USB,Yes,"GPS, A-GPS",,1230,,,No,,,130.0,,,,,,,,"Black, White",,1.35 W/kg (head) 0.81 W/kg (body),1.56 W/kg (head) 0.84 W/kg (body),No
Blackberry,BlackBerry Porsche Design P'9981,https://www.gsmarena.com/blackberry_porsche_design_p_9981-4288.php,https://fdn2.gsmarena.com/vv/bigpic/blackberry-porsche-design-p9981.jpg,GSM / HSPA,No,"2011, October. Released 2011, December",Discontinued,115 x 67 x 11.3 mm (4.53 x 2.64 x 0.44 in),155.0,,,Mini-SIM,TFT,,2.8,640x480,286,31.5,,BlackBerry OS 7.0,Qualcomm MSM8655 Snapdragon S2,,1.2 GHz,Adreno 205,,,8,8,,5.0,1,,No,,No,LED flash,720p,,No,,,Wi-Fi 802.11 b/g/n,Yes,2.1,Micro-USB,Yes,"GPS, A-GPS","Accelerometer, proximity, compass",1230,,,No,,,800.0,,,,,,,,"Gray, Black",,0.70 W/kg (head) 1.35 W/kg (body),0.60 W/kg (head) 1.39 W/kg (body),No
Blackberry,BlackBerry Curve 9370,https://www.gsmarena.com/blackberry_curve_9370-4112.php,https://fdn2.gsmarena.com/vv/bigpic/blackberry-curve-9350-9360-9370.jpg,GSM / CDMA / EVDO,No,"2011, August. Released 2011, September",Discontinued,109 x 60 x 11 mm (4.29 x 2.36 x 0.43 in),99.0,,,Mini-SIM,TFT,,2.44,480x360,246,28.2,,BlackBerry OS 7.0,,,800 MHz,,,,1,1,,5.0,1,,No,,No,LED flash,480p,,No,,,Wi-Fi 802.11 b/g/n,Yes,2.1,Micro-USB,Yes,"GPS, A-GPS",,1000,,,No,,,90.0,,,,,,,,Black,,1.51 W/kg (head) 1.00 W/kg (body),0.65 W/kg (head) 0.48 W/kg (body),No
Blackberry,BlackBerry Curve 9360,https://www.gsmarena.com/blackberry_curve_9360-3722.php,https://fdn2.gsmarena.com/vv/bigpic/blackberry-curve-9350-9360-9370.jpg,GSM / HSPA,No,"2011, August. Released 2011, August",Discontinued,109 x 60 x 11 mm (4.29 x 2.36 x 0.43 in),99.0,,,Mini-SIM,TFT,,2.44,480x360,246,28.2,,BlackBerry OS 7.0,,,800MHz,,,,,,,5.0,1,,No,,No,LED flash,480p,,No,,,"Wi-Fi 802.11 b/g/n, UMA (carrier-dependent)",Yes,2.1,Micro-USB,Yes,"GPS, A-GPS",,1000,,,No,,,90.0,,,,,,,,"Black, Purple, Pink",,1.42 W/kg (head) 1.06 W/kg (body),1.22 W/kg (head) 0.62 W/kg (body),No
Blackberry,BlackBerry Curve 9350,https://www.gsmarena.com/blackberry_curve_9350-3756.php,https://fdn2.gsmarena.com/vv/bigpic/blackberry-curve-9350-9360-9370.jpg,CDMA / EVDO,No,"2011, August. Released 2011, September",Discontinued,109 x 60 x 11 mm (4.29 x 2.36 x 0.43 in),99.0,,,Mini-SIM,TFT,,2.44,480x360,246,28.2,,BlackBerry OS 7.0,,,800 MHz,,,,,,,5.0,1,,No,,No,LED flash,480p,,No,,,Wi-Fi 802.11 b/g/n,Yes,2.1,Micro-USB,Yes,"GPS, A-GPS",,1000,,,No,,,50.0,,,,,,,,"Black, Violet",,0.96 W/kg (head) 0.83 W/kg (body),,No
Blackberry,BlackBerry Torch 9810,https://www.gsmarena.com/blackberry_torch_9810-3723.php,https://fdn2.gsmarena.com/vv/bigpic/bb-torch-9810-new.jpg,GSM / HSPA,No,"2011, August. Released 2011, August",Discontinued,111 x 62 x 14.6 mm (4.37 x 2.44 x 0.57 in),161.0,,,Mini-SIM,TFT,,3.2,480x640,250,46.1,,BlackBerry OS 7.0,,,1.2 GHz,,,,8,8,,5.0,1,,No,,No,LED flash,720p,,No,,,"Wi-Fi 802.11 b/g/n, UMA (carrier-dependent)",,2.1,Micro-USB,Yes,"GPS, A-GPS","Proximity, compass",1270,,,No,,,120.0,,,,,,,,"Black, Gray",,1.44 W/kg (head) 0.94 W/kg (body),0.97 W/kg (head) 0.74 W/kg (body),No
Blackberry,BlackBerry Torch 9860,https://www.gsmarena.com/blackberry_torch_9860-3926.php,https://fdn2.gsmarena.com/vv/bigpic/bb-torch-9860-new.jpg,GSM / HSPA,No,"2011, August. Released 2011, September",Discontinued,120 x 62 x 11.5 mm (4.72 x 2.44 x 0.45 in),135.0,,,Mini-SIM,TFT,,3.7,480x800,252,52.4,,BlackBerry OS 7,,,1.2 GHz QC 8655,,,,4,4,,5.0,1,,No,,No,LED flash,720p,,No,,,Wi-Fi 802.11 b/g/n,,2.1,Micro-USB,Yes,"GPS, A-GPS","Accelerometer, proximity, compass",1230,,,No,,,130.0,,,,,,,,Black,,1.12 W/kg (head) 0.86 W/kg (body),0.82 W/kg (head) 0.45 W/kg (body),No
Blackberry,BlackBerry Torch 9850,https://www.gsmarena.com/blackberry_torch_9850-4088.php,https://fdn2.gsmarena.com/vv/bigpic/BlackBerry-Torch-9850.jpg,GSM / CDMA / HSPA / EVDO,No,"2011, August. Released 2011, August",Discontinued,120 x 62 x 11.5 mm (4.72 x 2.44 x 0.45 in),135.0,,,Mini-SIM,TFT,,3.7,480x800,252,52.4,,BlackBerry OS 7,Qualcomm MSM8655 Snapdragon S2,,1.2 GHz Scorpion,Adreno 205,,,4,4,,5.0,1,,No,,No,LED flash,720p,,No,,,Wi-Fi 802.11 b/g/n,,2.1,Micro-USB,Yes,"GPS, A-GPS","Accelerometer, proximity, compass",1230,,,No,,,130.0,,,,,,,,Black,,0.90 W/kg (head) 0.66 W/kg (body),0.76 W/kg (head) 0.43 W/kg (body),No
Blackberry,BlackBerry Bold Touch 9900,https://www.gsmarena.com/blackberry_bold_touch_9900-3116.php,https://fdn2.gsmarena.com/vv/bigpic/blackberry-bold-touch-9900.jpg,GSM / HSPA,No,"2011, May. Released 2011, August",Discontinued,115 x 66 x 10.5 mm (4.53 x 2.60 x 0.41 in),130.0,,,Mini-SIM,TFT,,2.8,640x480,286,32.0,,BlackBerry OS 7.0,,,1.2 GHz QC 8655,,,,8,8,,5.0,1,,No,,No,LED flash,720p,,No,,,Wi-Fi 802.11 b/g/n,Yes,2.1,Micro-USB,Yes,"GPS, A-GPS, BlackBerry Maps","Proximity, compass",1230,,,No,,,140.0,,,,,,,,"Black, White",,1.19 W/kg (head) 1.03 W/kg (body),0.76 W/kg (head) 0.90 W/kg (body),No
Blackberry,BlackBerry Bold Touch 9930,https://www.gsmarena.com/blackberry_bold_touch_9930-3755.php,https://fdn2.gsmarena.com/vv/bigpic/blackberry-bold-touch-9900.jpg,GSM / CDMA / HSPA / EVDO,No,"2011, May. Released 2011, August",Discontinued,115 x 66 x 10.5 mm (4.53 x 2.60 x 0.41 in),130.0,,,Mini-SIM,TFT,,2.8,640x480,286,32.0,,BlackBerry OS 7.0,,,1.2 GHz QC 8655,,,,8,8,,5.0,1,,No,,No,LED flash,720p,,No,,,Wi-Fi 802.11 b/g/n,Yes,2.1,Micro-USB,Yes,"GPS, A-GPS, BlackBerry Maps","Accelerometer, proximity, compass",1230,,,No,,,120.0,,,,,,,,Black,,1.38 W/kg (head) 0.78 W/kg (body),0.77 W/kg (head) 0.84 W/kg (body),No
Blackberry,BlackBerry 4G Playbook HSPA+,https://www.gsmarena.com/blackberry_4g_playbook_hspa+-3900.php,https://fdn2.gsmarena.com/vv/bigpic/blackberry-playbook.jpg,GSM / HSPA,No,"2011, February",Discontinued,194 x 130 x 10 mm (7.64 x 5.12 x 0.39 in),425.0,,,Mini-SIM,TFT,,7.0,600x1024,170,54.7,,BlackBerry Tablet OS,TI OMAP 4430,,Dual-core 1.0 GHz Cortex-A9,PowerVR SGX540,1,1,16,64,,5.0,1,,No,,No,,1080p@30fps,3.0,No,,,"Wi-Fi 802.11 a/b/g/n, dual-band",,2.1,Micro-USB,Yes,No,Accelerometer,5300,,,No,,,,,,,,,,,Black,,,,No
Blackberry,BlackBerry Playbook Wimax,https://www.gsmarena.com/blackberry_playbook_wimax-3899.php,https://fdn2.gsmarena.com/vv/bigpic/blackberry-playbook.jpg,No cellular connectivity,No,"2010, September",Discontinued,194 x 130 x 10 mm (7.64 x 5.12 x 0.39 in),425.0,,,No,TFT,,7.0,600x1024,170,54.7,,BlackBerry Tablet OS,TI OMAP 4430,,Dual-core 1.0 GHz Cortex-A9,PowerVR SGX540,1,1,16,64,,5.0,1,,No,,No,,1080p@30fps,3.0,No,,,"Wi-Fi 802.11 a/b/g/n, WiMAX 802.16 e, dual-band",,2.1,Micro-USB,Yes,No,Accelerometer,5300,,,No,,,,,,,,,,,Black,,,,No
Blackberry,BlackBerry Playbook,https://www.gsmarena.com/blackberry_playbook-3830.php,https://fdn2.gsmarena.com/vv/bigpic/blackberry-playbook.jpg,No cellular connectivity,No,"2010, September. Released 2011, April",Discontinued,194 x 130 x 10 mm (7.64 x 5.12 x 0.39 in),425.0,,,No,TFT,,7.0,600x1024,170,54.7,,BlackBerry Tablet OS,TI OMAP 4430,,Dual-core 1.0 GHz Cortex-A9,PowerVR SGX540,1,1,16,64,,5.0,1,,No,,No,,1080p@30fps,3.0,No,,1080p@30fps,"Wi-Fi 802.11 a/b/g/n, dual-band",,2.1,Micro-USB,Yes,GPS,"Accelerometer, gyro",5300,,,No,,,120.0,,,,,,,,Black,,1.41 W/kg (body),1.69 W/kg (body),No
Blackberry,BlackBerry Bold 9780,https://www.gsmarena.com/blackberry_bold_9780-3431.php,https://fdn2.gsmarena.com/vv/bigpic/blackberry-bold-9780.jpg,GSM / HSPA,No,"2010, October. Released 2010, November",Discontinued,109 x 60 x 14 mm (4.29 x 2.36 x 0.55 in),122.0,,,Mini-SIM,"TFT, 65K colors",,2.44,480x360,246,28.2,,BlackBerry OS 6.0,,,624 MHz,,,,,,,5.0,1,,No,,No,LED flash,Yes,,No,,,"Wi-Fi 802.11 b/g, UMA",,2.1,Micro-USB,Yes,"GPS, A-GPS",,1500,,,No,,,90.0,,,,,,,,"Black, White",,1.41 W/kg (head) 0.82 W/kg (body),1.15 W/kg (head) 0.40 W/kg (body),No
Blackberry,BlackBerry Style 9670,https://www.gsmarena.com/blackberry_style_9670-3326.php,https://fdn2.gsmarena.com/vv/bigpic/blackberry-style-9670.jpg,CDMA / EVDO,No,"2010, October. Released 2010, November",Discontinued,96 x 60 x 18.5 mm (3.78 x 2.36 x 0.73 in),131.0,,,Mini-SIM,"TFT, 65K colors",,,360x400,,,,BlackBerry OS 6.0,,,,,,,,,,5.0,1,,No,,No,LED flash,480p,,No,,,Wi-Fi 802.11 b/g/n,,2.1,Micro-USB,Yes,"GPS, A-GPS",,1150,,,No,,,50.0,,,,,,,,"Steel Grey, Royal Purple",,0.97 W/kg (head) 0.43 W/kg (body),,No
Blackberry,BlackBerry Curve 3G 9330,https://www.gsmarena.com/blackberry_curve_3g_9330-3591.php,https://fdn2.gsmarena.com/vv/bigpic/blackberry-curve-3g-9330.jpg,CDMA / EVDO,No,"2010, September. Released 2010, September",Discontinued,109 x 60 x 13.9 mm (4.29 x 2.36 x 0.55 in),104.0,,,Mini-SIM,"TFT, 65K colors",,2.46,320x240,163,28.7,,"BlackBerry OS 5.0, upgradable",,,,,,,,,,2.0,1,,No,,No,,Yes,,No,,,Wi-Fi 802.11b/g,,2.1,Micro-USB,Yes,"GPS, A-GPS; BlackBerry Maps",,1150,,,No,,,50.0,,,,,,,,"Black, Red, Pink",,1.28 W/kg (head) 0.74 W/kg (body),,No
Blackberry,BlackBerry Curve 3G 9300,https://www.gsmarena.com/blackberry_curve_3g_9300-3422.php,https://fdn2.gsmarena.com/vv/bigpic/blackberry-curve-3g-9300.jpg,GSM / HSPA,No,"2010, August. Released 2010, August",Discontinued,109 x 60 x 13.9 mm (4.29 x 2.36 x 0.55 in),104.0,,,Mini-SIM,"TFT, 65K colors",,2.46,320x240,163,28.7,,"BlackBerry 5.0, upgradable to 6.0",,,,,,,,,,2.0,1,,No,,No,,Yes,,No,,,"Wi-Fi 802.11b/g/n, UMA (carrier dependent)",,2.1,Micro-USB,Yes,"GPS, A-GPS; BlackBerry Maps",,1150,,,No,,,80.0,,,,,,,,"Black, Red",,1.07 W/kg (head) 0.72 W/kg (body),1.42 W/kg (head) 0.78 W/kg (body),No
Blackberry,BlackBerry Torch 9800,https://www.gsmarena.com/blackberry_torch_9800-3203.php,https://fdn2.gsmarena.com/vv/bigpic/blackberry-torch.jpg,GSM / HSPA,No,"2010, August. Released 2010, August",Discontinued,111 x 62 x 14.6 mm (4.37 x 2.44 x 0.57 in),161.0,,,Mini-SIM,TFT,,3.2,360x480,188,46.1,,BlackBerry OS 6.0,,,624 MHz,,,,4,4,,5.0,1,,No,,No,LED flash,480p@24fps,,No,,,"Wi-Fi 802.11 b/g/n, UMA (carrier-dependent)",,2.1,Micro-USB,Yes,"GPS, A-GPS",Proximity,1300,,,No,,,110.0,,,,,,,,"Black, White, Dark Orange",,0.91 W/kg (head) 0.68 W/kg (body),0.86 W/kg (head) 0.81 W/kg (body),No
Blackberry,BlackBerry Pearl 3G 9105,https://www.gsmarena.com/blackberry_pearl_3g_9105-3287.php,https://fdn2.gsmarena.com/vv/bigpic/BlackBerry-pearl-3g-9105.jpg,GSM / HSPA,No,"2010, April. Released 2010, April",Discontinued,108 x 50 x 13.3 mm (4.25 x 1.97 x 0.52 in),93.6,,,Mini-SIM,"TFT, 256K colors",,2.25,360x400,239,30.1,,"BlackBerry OS 5, upgradable",,,624 MHz,,,,,,,3.15,1,,No,,No,LED flash,480p@30fps,,No,,,Wi-Fi 802.11 b/g/n,,2.1,Micro-USB,Yes,"GPS, A-GPS",,1150,,,No,,,90.0,,,,,,,,"Piano Black, Opal Pink, Royal Purple, Flash White, Red Gradient",,1.37 W/kg (head) 1.06 W/kg (body),1.67 W/kg (head) 1.03 W/kg (body),No
Blackberry,BlackBerry Pearl 3G 9100,https://www.gsmarena.com/blackberry_pearl_3g_9100-3032.php,https://fdn2.gsmarena.com/vv/bigpic/bb-pearl-9100-new1.jpg,GSM / HSPA,No,"2010, April. Released 2010, May",Discontinued,108 x 50 x 13.3 mm (4.25 x 1.97 x 0.52 in),93.6,,,Mini-SIM,"TFT, 256K colors",,2.25,360x400,239,30.1,,BlackBerry OS,,,624 MHz,,,,,,,3.15,1,,No,,No,LED flash,Yes,,No,,,Wi-Fi 802.11 b/g/n,,2.1,,Yes,"GPS, A-GPS",,1150,,,No,,,90.0,,,,,,,,"Piano Black, Opal Pink, Royal Purple, Flash White, Red Gradient",,1.37 W/kg (head) 1.06 W/kg (body),1.67 W/kg (head) 1.03 W/kg (body),No
Blackberry,BlackBerry Bold 9650,https://www.gsmarena.com/blackberry_bold_9650-3284.php,https://fdn2.gsmarena.com/vv/bigpic/BlackBerry-Bold-9650.jpg,GSM / HSPA,No,"2010, April. Released 2010, July",Discontinued,112 x 62 x 14 mm (4.41 x 2.44 x 0.55 in),136.0,,,Mini-SIM,"TFT, 65K colors",,2.44,480x360,246,26.6,,BlackBerry OS,,,,,,,,,,3.15,1,,No,,No,LED flash,Yes,,No,,,Wi-Fi 802.11 b/g,,2.1,Micro-USB,Yes,"GPS, A-GPS",,1400,,,No,,,60.0,,,,,,,,Black,,1.35 W/kg (head) 0.50 W/kg (body),1.68 W/kg (head) 0.27 W/kg (body),No
Blackberry,BlackBerry Bold 9700,https://www.gsmarena.com/blackberry_bold_9700-2963.php,https://fdn2.gsmarena.com/vv/bigpic/blackberry-bold-9700-new.jpg,GSM / HSPA,No,"2009, October. Released 2009, November",Discontinued,109 x 60 x 14 mm (4.29 x 2.36 x 0.55 in),122.0,,,Mini-SIM,"TFT, 65K colors",,2.44,480x360,246,28.2,,"BlackBerry 5.0, upgradable to 6.0",,,624 MHz,,,,,,,3.15,1,,No,,No,LED flash,Yes,,No,,,"Wi-Fi 802.11 b/g, UMA",,2.1,Micro-USB,Yes,"GPS, A-GPS",,1500,,,No,,,90.0,,,,,,,,"Black, White",,1.55 W/kg (head) 1.39 W/kg (body),1.36 W/kg (head) 1.18 W/kg (body),No
Blackberry,BlackBerry Storm2 9520,https://www.gsmarena.com/blackberry_storm2_9520-2962.php,https://fdn2.gsmarena.com/vv/bigpic/bb-storm2-new1.jpg,GSM / HSPA,No,"2009, October. Released 2009, November",Discontinued,112.5 x 62.2 x 14 mm (4.43 x 2.45 x 0.55 in),160.0,,,Mini-SIM,"TFT, 65K colors",,3.25,360x480,185,46.7,,BlackBerry OS,,,,,,,2,2,,3.15,1,,No,,No,LED flash,Yes,,No,,,Wi-Fi 802.11 b/g,,2.1,Micro-USB,Yes,"GPS, A-GPS",Accelerometer,1400,,,No,,,70.0,,,,,,,,Black,,0.97 W/kg (head) 0.60 W/kg (body),1.02 W/kg (head) 0.53 W/kg (body),No
Blackberry,BlackBerry Storm2 9550,https://www.gsmarena.com/blackberry_storm2_9550-2970.php,https://fdn2.gsmarena.com/vv/bigpic/bb-storm2-9550.jpg,GSM / HSPA,No,"2009, October. Released 2009, November",Discontinued,112.5 x 62.2 x 14 mm (4.43 x 2.45 x 0.55 in),160.0,,,Mini-SIM,"TFT, 65K colors",,3.25,360x480,185,46.7,,BlackBerry OS,,,,,,,2,2,,3.15,1,,No,,No,LED flash,Yes,,No,,,Wi-Fi 802.11 b/g,,2.1,Micro-USB,Yes,"GPS, A-GPS",Accelerometer,1400,,,No,,,70.0,,,,,,,,Black,,1.01 W/kg (head) 0.63 W/kg (body),0.92 W/kg (head) 0.45 W/kg (body),No
Blackberry,Huawei nova 16 Ultra,https://www.gsmarena.com/huawei_nova_16_ultra_5g-14698.php,https://fdn2.gsmarena.com/vv/bigpic/huawei-nova16-ultra.jpg,GSM / HSPA / LTE / 5G,Yes,"2026, June 01","Coming soon. Exp. release 2026, June 06",163 x 78 x 7.1 mm (6.42 x 3.07 x 0.28 in),220.0,Glass,IP68,Nano-SIM + Nano-SIM,"LTPO OLED, 1B colors, HDR Vivid, 120Hz, 2160Hz PWM, 6000 nits (peak)",120,6.84,1320x2856,460,90.4,Kunlun Glass,HarmonyOS 6.1,Kirin 9010S,,,,12,12,256,512,,200.0,3,1.8,Yes,1/1.28,Yes,"Laser AF, color spectrum sensor, LED flash, panorama, HDR","4K, 1080p, gyro-EIS, HDR Vivid",50.0,Yes,"HDR, panorama","4K, 1080p, gyro-EIS, HDR Vivid","Wi-Fi 802.11 a/b/g/n/ac/6/7, dual-band, Wi-Fi Direct",Yes,6.0,Type-C,No,"GPS (L1+L5), BDS (B1I+B1c+B2a), GALILEO (E1+E5a), QZSS (L1+L5), NavIC, GLONASS","Fingerprint (under display, optical), accelerometer, gyro, compass",7000,100,50,Yes,,,600.0,,,,,,,,"Black, White, Blue",HIP-AL00,,,No
Blackberry,Huawei nova 16 Pro,https://www.gsmarena.com/huawei_nova_16_pro_5g-14699.php,https://fdn2.gsmarena.com/vv/bigpic/huawei-nova16-pro.jpg,GSM / HSPA / LTE / 5G,Yes,"2026, June 01","Coming soon. Exp. release 2026, June 06",163 x 78 x 7.1 mm (6.42 x 3.07 x 0.28 in),218.0,Glass,IP65,Nano-SIM + Nano-SIM,"LTPO OLED, 1B colors, HDR Vivid, 120Hz, 2160Hz PWM, 6000 nits (peak)",120,6.84,1320x2856,460,90.4,Kunlun Glass,HarmonyOS 6.0,Kirin 9010S,,,,12,12,256,512,,200.0,3,1.8,Yes,1/1.28,Yes,"Laser AF, color spectrum sensor, LED flash, panorama, HDR","4K, 1080p, gyro-EIS, HDR Vivid",50.0,Yes,"HDR, panorama","4K, 1080p, gyro-EIS, HDR Vivid","Wi-Fi 802.11 a/b/g/n/ac/6/7, dual-band, Wi-Fi Direct",Yes,6.0,Type-C,No,"GPS (L1+L5), BDS (B1I+B1c+B2a), GALILEO (E1+E5a), QZSS (L1+L5), NavIC, GLONASS","Fingerprint (under display, optical), accelerometer, gyro, compass",7000,100,,No,,,500.0,,,,,,,,"Black, White, Blue/Pink, Blue",CRS-AL00,,,No
Blackberry,Huawei nova 16,https://www.gsmarena.com/huawei_nova_16_5g-14700.php,https://fdn2.gsmarena.com/vv/bigpic/huawei-nova16.jpg,GSM / HSPA / LTE / 5G,Yes,"2026, June 01","Coming soon. Exp. release 2026, June 06",159.6 x 75.5 x 7.3 mm (6.28 x 2.97 x 0.29 in),199.0,Glass,IP65,Nano-SIM + Nano-SIM,"OLED, 1B colors, HDR Vivid, 120Hz, 2160Hz PWM",120,6.68,1280x2800,461,90.3,Aluminosilicate glass,HarmonyOS 6.1,Kirin 9010S,,,,12,12,256,512,,50.0,2,1.9,Yes,1/1.56,Yes,"Color spectrum sensor, LED flash, panorama, HDR","4K, 1080p, gyro-EIS, HDR Vivid",50.0,Yes,"HDR, panorama","4K, 1080p, gyro-EIS, HDR Vivid","Wi-Fi 802.11 a/b/g/n/ac/6/7, dual-band, Wi-Fi Direct",Yes,6.0,Type-C,No,"GPS (L1+L5), BDS (B1I+B1c+B2a), GALILEO (E1+E5a), QZSS (L1+L5), NavIC, GLONASS","Fingerprint (side-mounted), accelerometer, gyro, compass",7000,100,,No,,,380.0,,,,,,,,"Black, White, Blue/Pink, Blue",EMA-AL00U,,,No
Blackberry,Honor Win Turbo,https://www.gsmarena.com/honor_win_turbo_5g-14684.php,https://fdn2.gsmarena.com/vv/bigpic/honor-win-turbo-.jpg,GSM / HSPA / LTE / 5G,Yes,"2026, May 30","Available. Released 2026, May 30",162.1 x 76.3 x 8 mm (6.38 x 3.00 x 0.31 in),216.0,,IP66,Nano-SIM + Nano-SIM,"AMOLED, 1B colors, 120Hz, HDR Vivid, 3840Hz PWM, 1800 nits (HBM), 8000 nits (peak)",120,6.79,1200x2640,427,90.6,Aluminosilicate glass,"Android 16, MagicOS 10",Mediatek Dimensity 8500 Elite (4 nm),4,Octa-core (1x3.4 GHz Cortex-A725 & 3x3.2 GHz Cortex-A725 & 4x2.2 GHz Cortex-A725),Mali-G720 MC8,12,16,256,512,UFS 4.1,50.0,2,1.9,Yes,,Yes,"LED flash, HDR, panorama","4K@30fps, 1080p@30fps, gyro-EIS",16.0,No,,1080p@30fps,"Wi-Fi 802.11 a/b/g/n/ac/6, dual-band, Wi-Fi Direct",Yes,6.0,Type-C,No,"GPS (L1+L5), GLONASS, BDS (B1I+B1c+B2a), GALILEO (E1 + E5a), QZSS (L1+L5), NavIC","Fingerprint (under display, optical), accelerometer, gyro, compass, proximity (ultrasonic)",10000,80,,No,,,330.0,,,,,,,,"Black, White, Blue",SER-AN00,,,No
Blackberry,vivo S60 Vitality,https://www.gsmarena.com/vivo_s60_vitality_5g-14693.php,https://fdn2.gsmarena.com/vv/bigpic/vivo-s60-vitality-.jpg,GSM / HSPA / LTE / 5G,Yes,"2026, May 29","Coming soon. Exp. release 2026, June 03",157.5 x 74.3 x 7.9 mm (6.20 x 2.93 x 0.31 in),199.0,Glass,IP68,Nano-SIM + Nano-SIM,"AMOLED, 1B colors, HDR, 144Hz",144,6.59,1260x2750,459,90.7,,"Android 16, OriginOS 6",Mediatek Dimensity 7500 (4 nm),4,Octa-core (4x2.6 GHz Arm C1 Pro & 4x2.0 GHz Arm C1 Nano),Mali-G625 MC,8,12,256,512,UFS 4.1,50.0,2,1.9,Yes,1/1.56,Yes,"Ring-LED flash, panorama, HDR, color spectrum sensor","4K, 1080p, gyro-EIS",50.0,Yes,HDR,"4K, 1080p","Wi-Fi 802.11 a/b/g/n/ac/6, dual-band, Wi-Fi Direct",Yes,5.4,Type-C,No,"GPS (L1), BDS (B1I), GLONASS (G1), GALILEO (E1), QZSS (L1)","Fingerprint (under display, optical), accelerometer, compass, proximity",7200,90,,No,,,370.0,,,,,,,,"Starry Sea, Midsummer Night, Early Summer Green",V2572A,,,No
Blackberry,vivo S60,https://www.gsmarena.com/vivo_s60_5g-14692.php,https://fdn2.gsmarena.com/vv/bigpic/vivo-s60-.jpg,GSM / HSPA / LTE / 5G,Yes,"2026, May 29","Coming soon. Exp. release 2026, June 03",157.5 x 74.3 x 7.9 mm (6.20 x 2.93 x 0.31 in),207.0,Glass,IP68,Nano-SIM + Nano-SIM,"AMOLED, 1B colors, HDR, 144Hz",144,6.59,1260x2750,459,90.7,,"Android 16, OriginOS 6",Qualcomm SM8635 Snapdragon 8s Gen 3 (4 nm),4,Octa-core (1x3.0 GHz Cortex-X4 & 4x2.8 GHz Cortex-A720 & 3x2.0 GHz Cortex-A520),Adreno 735,12,16,256,512,,50.0,3,1.8,Yes,1/1.56,Yes,"Ring-LED flash, panorama, HDR, color spectrum sensor","4K, 1080p, gyro-EIS",50.0,Yes,HDR,"4K, 1080p","Wi-Fi 802.11 a/b/g/n/ac/6, dual-band, Wi-Fi Direct",Yes,5.4,Type-C,No,"GPS (L1), BDS (B1I+B1C), GLONASS (G1), GALILEO (E1), QZSS (L1), A-GPS","Fingerprint (under display, ultrasonic), accelerometer, gyro, compass, proximity",7200,90,,No,,,560.0,,,,,,,,"Starry Sea, Early Summer Green, Midsummer Night",V2571A,,,No
Blackberry,vivo T5,https://www.gsmarena.com/vivo_t5-14697.php,https://fdn2.gsmarena.com/vv/bigpic/vivo-t5-.jpg,GSM / HSPA / LTE,No,"2026, May 29","Available. Released 2026, May 29",166.6 x 78.4 x 8.4 mm (6.56 x 3.09 x 0.33 in),219.0,Glass,IP68,Nano-SIM + Nano-SIM,"IPS LCD, 120Hz, 1250 nits (HBM)",120,6.75,720x1570,256,85.3,,"Android 16, OriginOS 6",Qualcomm Snapdragon 6s 4G Gen 2 (6 nm),6,Octa-core (4x2.9 GHz Cortex-A73 & 4x1.9 GHz Cortex-A53),Adreno 610,8,8,256,256,UFS 3.1,50.0,2,2.0,No,,No,"LED flash, HDR, panorama",Yes,32.0,No,,Yes,"Wi-Fi 802.11 a/b/g/n/ac, dual-band",Yes,5.1,Type-C,No,"GPS, GALILEO, GLONASS, BDS, QZSS","Fingerprint (side-mounted), accelerometer, gyro, proximity, compass",7200,44,,No,,,290.0,,,,,,,,"Gold, Black",V2545,1.14 W/kg (head) 1.01 W/kg (body),,No
Blackberry,ZTE nubia RedMagic 11S Pro,https://www.gsmarena.com/zte_nubia_redmagic_11s_pro_5g-14669.php,https://fdn2.gsmarena.com/vv/bigpic/zte-nubia-red-magic-11s-pro.jpg,GSM / HSPA / LTE / 5G,Yes,"2026, May 27","Coming soon. Exp. release 2026, June 09",163.8 x 76.5 x 8.9 mm (6.45 x 3.01 x 0.35 in),230.0,Glass,,Nano-SIM + Nano-SIM,"AMOLED, 1B colors, 144Hz, 2592Hz PWM, 1800 nits (peak)",144,6.85,1216x2688,431,90.7,Corning Gorilla Glass,"Android 16, Redmagic OS 11.5",Qualcomm SM8850-1-AD Snapdragon 8 Elite Gen 5 (3 nm),3,Octa-core (2x4.74 GHz Oryon V3 Phoenix L + 6x3.62 GHz Oryon V3 Phoenix M),Adreno 840 (1.3GHz),12,16,256,512,UFS 4.1 Pro,50.0,2,1.9,Yes,1/1.55,Yes,"LED flash, HDR, panorama","8K@30fps, 4K@30/60fps, 1080p@30/60/120/240fps",16.0,No,HDR,1080p@30/60fps,"Wi-Fi 802.11 a/b/g/n/ac/6e/7, tri-band, Wi-Fi Direct",Yes,5.4,Type-C,Yes,"GPS (L1+L5), GLONASS, BDS, GALILEO","Fingerprint (under display, ultrasonic), accelerometer, gyro, proximity, compass",7500,80,80,Yes,,,800.0,,,,,,,,"Nightfreeze (Black Transparent), Subzero (Silver Transparent)",,,,No
Blackberry,Xiaomi 17 Max,https://www.gsmarena.com/xiaomi_17_max_5g-14667.php,https://fdn2.gsmarena.com/vv/bigpic/xiaomi-17-max.jpg,GSM / HSPA / LTE / 5G,Yes,"2026, May 21","Available. Released 2026, May 21",162.9 x 77.6 x 8.2 mm (6.41 x 3.06 x 0.32 in),219.0,Glass,IP68,Nano-SIM + Nano-SIM,"LTPO AMOLED, 68B colors, PWM, 120Hz, Dolby Vision, HDR Vivid, HDR10+, 3500 nits (peak)",120,6.9,1200x2608,420,90.5,,"Android 16, HyperOS 3",Qualcomm SM8850-AC Snapdragon 8 Elite Gen 5 (3 nm),3,Octa-core (2x4.6 GHz Oryon V3 Phoenix L + 6x3.62 GHz Oryon V3 Phoenix M),Adreno 840,12,16,256,512,UFS 4.1,200.0,3,1.7,Yes,1/1.4,Yes,"Laser AF, color spectrum sensor, Leica lens, LED flash, HDR, panorama","8K@30fps (HDR), 4K@30/60fps (10-bit Dolby Vision HDR), 4K@120fps, 1080p@30/60/120/240/960fps, gyro-EIS",32.0,Yes,,"4K@30fps, 1080p@30/60fps, gyro-EIS","Wi-Fi 802.11 a/b/g/n/ac/6e/7, dual-band, Wi-Fi Direct",Yes,5.4,Type-C,No,"GPS (L1+L5), BDS (B1I+B1c+B2a), GALILEO (E1+E5a), QZSS (L1+L5), NavIC (L5), GLONASS","Fingerprint (under display, ultrasonic), accelerometer, proximity, gyro, compass, barometer",8000,100,50,Yes,,,610.0,,,,,,,,"Black, Blue, White",2605EPN8EC,,,No
Blackberry,Xiaomi 17T Pro,https://www.gsmarena.com/xiaomi_17t_pro_5g-14651.php,https://fdn2.gsmarena.com/vv/bigpic/xiaomi-17t-pro-.jpg,GSM / HSPA / LTE / 5G,Yes,"2026, May 28","Available. Released 2026, May 28",162.2 x 77.5 x 8.3 mm,219.0,Glass,IP68,· Nano-SIM + Nano-SIM + eSIM + eSIM (max 2 at a time) · Nano-SIM + Nano-SIM,"AMOLED, 68B colors, 144Hz, 3840Hz PWM, Dolby Vision, HDR10+, 3500 nits (peak)",144,6.83,1280x2772,447,91.1,Gorilla Glass 7i,"Android 16, HyperOS 3",Mediatek Dimensity 9500 (3 nm),3,Octa-core (1x4.21 GHz C1-Ultra & 3x3.5 GHz C1-Premium & 4x2.7 GHz C1-Pro),Mali-G1 Ultra MC12,12,12,256,512,UFS 4.1,50.0,3,1.7,Yes,1/1.31,Yes,"Leica lens, Color spectrum sensor, Ultra HDR, LED flash, HDR, panorama","8K@30fps, 4K@30/60/120fps, 1080p@30/60/120/240/960fps, gyro-EIS, 10-bit Rec. 2020, HDR10+, Log",32.0,Yes,HDR,"4K@30fps, 1080p@30/60fps, HDR10+","Wi-Fi 802.11 a/b/g/n/ac/6e/7, dual-band, Wi-Fi Direct",Yes,6.0,Type-C,No,"GPS (L1+L5), BDS (B1I+B1C+B2a+B2b), GALILEO (E1+E5a+E5b), QZSS (L1+L5), NavIC (L5), GLONASS","Fingerprint (under display, optical), accelerometer, gyro, proximity, compass",7000,100,50,No,Active use score 21:41h,,999.9,799.0,,2795030,9766,6939,1069,-25.6,"Deep Blue, Deep Violet, Black",2602EPTC0G,,,No
Blackberry,Xiaomi 17T,https://www.gsmarena.com/xiaomi_17t_5g-14652.php,https://fdn2.gsmarena.com/vv/bigpic/xiaomi-17t-.jpg,GSM / HSPA / LTE / 5G,Yes,"2026, May 28","Available. Released 2026, May 28",157.6 x 75.2 x 8.2 mm,200.0,Glass,IP68,· Nano-SIM + Nano-SIM + eSIM + eSIM (max 2 at a time) · Nano-SIM + Nano-SIM,"AMOLED, 68B colors, 120Hz, 3840Hz PWM, Dolby Vision, HDR10+, 3500 nits (peak)",120,6.59,1268x2756,460,89.8,Gorilla Glass 7i,"Android 16, HyperOS 3",Mediatek Dimensity 8500 Ultra (4 nm),4,Octa-core (1x3.4 GHz Cortex-A725 & 3x3.2 GHz Cortex-A725 & 4x2.2 GHz Cortex-A725),Mali-G720 MC8,12,12,256,512,UFS 4.1,50.0,3,1.7,Yes,1/1.55,Yes,"Leica lens, Color spectrum sensor, Ultra HDR, LED flash, HDR, panorama","4K@30/60fps, 1080p@30/60/120/240/960fps, gyro-EIS, 10-bit Rec. 2020, HDR10+, Log",32.0,Yes,HDR,"4K@30fps, 1080p@30/60fps, HDR10+","Wi-Fi 802.11 a/b/g/n/ac/6e, dual-band or tri-band, Wi-Fi Direct",Yes,6.0,Type-C,No,"GPS (L1+L5), BDS (B1I+B1c+B2a), GALILEO (E1+E5a), QZSS (L1+L5), NavIC (L5), GLONASS","Fingerprint (under display, optical), accelerometer, gyro, proximity, compass",6500,67,,No,Active use score 17:16h,,749.9,649.0,,1640834,6607,3563,1035,-24.6,"Violet, Blue, Opal White, Black","2602DPT53G, 2602DPT53I",,,No
Blackberry,Xiaomi Watch S5,https://www.gsmarena.com/xiaomi_watch_s5-14696.php,https://fdn2.gsmarena.com/vv/bigpic/xiaomi-watch-s5-.jpg,HSPA / LTE,No,"2026, May 28","Available. Released 2026, May 28",46 x 46 x 11 mm (1.81 x 1.81 x 0.43 in),46.0,Ceramic,,eSIM (market/region dependent),"AMOLED, 1500 nits (HBM), 2500 nits (peak)",,1.48,480x480,459,,Drop-proof glass,Xiaomi HyperOS 3,,,,,,,,,,,,,No,,No,,,,No,,,No,Yes,5.4,No,No,"GPS (L1+L5), GLONASS, GALILEO, BDS, QZSS","Accelerometer, gyro, compass, barometer, heart rate, SpO2",815,,,No,,,180.0,,,,,,,,"Black, Silver, Ceramic Blue, Jungle Green, Beige (eSIM)","M2530W1, M2517W1",,,No
Blackberry,Realme 16T,https://www.gsmarena.com/realme_16t_5g-14674.php,https://fdn2.gsmarena.com/vv/bigpic/realme-16t.jpg,GSM / HSPA / LTE / 5G,Yes,"2026, May 22","Available. Released 2026, May 26",166.4 x 78.2 x 8.8 mm (6.55 x 3.08 x 0.35 in),224.0,Glass,IP68,Nano-SIM + Nano-SIM,"AMOLED, 144Hz, 1200 nits (HBM)",144,6.81,720x1570,254,87.1,Panda-1681 glass,"Android 16, Realme UI 7.0",Mediatek Dimensity 6300 (6 nm),6,Octa-core (2x2.4 GHz Cortex-A76 & 6x2.0 GHz Cortex-A55),Mali-G57 MC2,6,8,128,256,UFS 2.2,50.0,2,1.8,No,1/2.93,No,"LED flash, HDR, panorama",1080p@30/60fps,16.0,No,,1080p@30fps,"Wi-Fi 802.11 a/b/g/n/ac, dual-band",No,5.3,Type-C,No,"GPS, GLONASS, GALILEO, BDS, QZSS","Fingerprint (side-mounted), accelerometer, proximity, compass",8000,45,,No,Active use score 22:43h,,270.0,,,438780,2016,385,,,"Starlight Red, Starlight Black, Aurora Green",RMX5268,,,No
Blackberry,Honor 600,https://www.gsmarena.com/honor_600_5g-14605.php,https://fdn2.gsmarena.com/vv/bigpic/honor-600.jpg,GSM / HSPA / LTE / 5G,Yes,"2026, April 22","Available. Released 2026, May 18",156 x 74.7 x 7.8 mm (6.14 x 2.94 x 0.31 in),185.0,Glass,IP68,· Nano-SIM + eSIM · Nano-SIM + Nano-SIM + eSIM (max 2 at a time),"AMOLED, 1B colors, 120Hz, 3840Hz PWM, HDR Vivid, 8000 nits (peak)",120,6.57,1264x2728,458,91.2,Mohs level 4,"Android 16, up to 6 major Android upgrades, MagicOS 10",Qualcomm SM7750-AB Snapdragon 7 Gen 4 (4 nm),4,Octa-core (1x2.8 GHz Cortex-720 & 4x2.4 GHz Cortex-720 & 3x1.8 GHz Cortex-520),Adreno 722,8,12,128,512,,200.0,2,1.9,Yes,1/1.4,Yes,"Color spectrum sensor, LED flash, HDR, panorama","4K@30fps, 1080p@30/60fps, gyro-EIS, OIS",50.0,Yes,HDR,"4K@30fps, 1080p@30/60fps, gyro-EIS","Wi-Fi 802.11 a/b/g/n/ac/6/7, dual-band or tri-band, Wi-Fi Direct",Yes,5.4,Type-C,No,"GPS, GLONASS, GALILEO, BDS, QZSS, NavIC","Fingerprint (under display, optical), accelerometer, gyro, proximity (ultrasound), compass",7000,80,,No,Active use score 16:58h,505.72,487.49,399.0,,1087148,4090,1797,1749,-25.1,"Golden White, Black, Orange",VKJ-NX9,,,No
Blackberry,Sony Xperia 1 VIII,https://www.gsmarena.com/sony_xperia_1_viii_5g-14660.php,https://fdn2.gsmarena.com/vv/bigpic/sony-xperia-1-viii.jpg,GSM / HSPA / LTE / 5G,Yes,"2026, May 13","Coming soon. Exp. release 2026, June 19",162 x 74 x 8.3 mm (6.38 x 2.91 x 0.33 in),200.0,Glass,IP65,Nano-SIM + eSIM + eSIM (max 2 at a time),"LTPO OLED, 1B colors, 120Hz, HDR BT.2020",120,6.5,1080x2340,396,86.5,Gorilla Glass Victus,"Android 16, up to 4 major Android upgrades",Qualcomm SM8850-AC Snapdragon 8 Elite Gen 5 (3 nm),3,Octa-core (2x4.6 GHz Oryon V3 Phoenix L + 6x3.62 GHz Oryon V3 Phoenix M),Adreno 840,12,16,256,512,UFS,48.0,3,1.9,Yes,1/1.35,Yes,"Zeiss optics, Zeiss T* lens coating, color spectrum sensor, LED flash, panorama, HDR, eye tracking","4K@24/30/60/120fps HDR, 1080p@30/60/120fps; 5-axis gyro-EIS, OIS",12.0,Yes,HDR,"4K@30/60fps, 1080p@30/60fps, 5-axis gyro-EIS","Wi-Fi 802.11 a/b/g/n/ac/6e/7, tri-band, Wi-Fi Direct, DLNA",Yes,6.0,Type-C,Yes,"GPS, GLONASS, BDS, GALILEO, QZSS","Fingerprint (side-mounted), accelerometer, gyro, proximity, barometer, compass",5000,30,15,Yes,Active use score 17:47h,,1499.0,1399.0,,2312684,9278,6962,1510,-25.5,"Graphite Black, Iolite Silver, Garnet Red, Native Gold","XQ-GE54, XQ-GE74, XQGE54, XQGE74, XQ-GE44, XQGE44, XQ-FS54, XQFS54, SO-51G",,,No
Blackberry,Honor 600 Pro,https://www.gsmarena.com/honor_600_pro_5g-14604.php,https://fdn2.gsmarena.com/vv/bigpic/honor-600-pro.jpg,GSM / HSPA / LTE / 5G,Yes,"2026, April 22","Available. Released 2026, April 29",156 x 74.7 x 7.8 mm (6.14 x 2.94 x 0.31 in),195.0,Glass,IP68,· Nano-SIM + eSIM · Nano-SIM + Nano-SIM + eSIM (max 2 at a time),"AMOLED, 1B colors, 120Hz, 3840Hz PWM, HDR Vivid, 8000 nits (peak)",120,6.57,1264x2728,458,91.2,Mohs level 4,"Android 16, up to 6 major Android upgrades, MagicOS 10",Qualcomm SM8750-AB Snapdragon 8 Elite (3 nm),3,Octa-core (2x4.32 GHz Oryon V2 Phoenix L + 6x3.53 GHz Oryon V2 Phoenix M),Adreno 830 (1200 MHz),12,16,256,512,,200.0,3,1.9,Yes,1/1.4,Yes,"Color spectrum sensor, LED flash, HDR, panorama","4K@30/60fps, 1080p@30/60fps, gyro-EIS, OIS",50.0,Yes,HDR,"4K@30fps, 1080p@30/60fps, gyro-EIS","Wi-Fi 802.11 a/b/g/n/ac/6/7, dual-band or tri-band, Wi-Fi Direct",Yes,6.0,Type-C,No,"GPS, GLONASS, GALILEO, BDS, QZSS, NavIC","Fingerprint (under display, optical), accelerometer, gyro, proximity (ultrasound), compass",7000,80,50,No,Active use score 17:55h,797.29,,649.0,,2221352,7970,5309,1766,-24.8,"Golden White, Black, Orange",VKP-NX9,,,No
Blackberry,Motorola Moto G87,https://www.gsmarena.com/motorola_moto_g87_5g-14644.php,https://fdn2.gsmarena.com/vv/bigpic/motorola-g87.jpg,GSM / HSPA / LTE / 5G,Yes,"2026, April 29","Available. Released 2026, May 15",164.5 x 77.3 x 7.3 mm (6.48 x 3.04 x 0.29 in),183.0,Glass,IP68,· Nano-SIM + eSIM · Nano-SIM + Nano-SIM,"AMOLED, 1B colors, 120Hz, HDR, 5000 nits (peak)",120,6.78,1272x2772,450,88.4,Gorilla Glass 7i,Android 16,Mediatek Dimensity 6400 (6 nm),6,Octa-core (2x2.5 GHz Cortex-A76 & 6x2.0 GHz Cortex-A55),Mali-G57 MC2,8,12,256,512,UFS 2.2,200.0,2,1.8,Yes,,No,"LED flash, HDR, panorama","1440p@30fps, 1080p@30/60fps",32.0,No,,"1440p@30fps, 1080p@30fps","Wi-Fi 802.11 a/b/g/n/ac, dual-band",Yes,5.4,Type-C,No,"GPS, GLONASS, GALILEO, BDS, QZSS","Fingerprint (under display, optical), accelerometer, gyro, proximity, compass",5200,30,,No,,,399.0,379.98,,,,,,,"Pantone: Overture, Blue Atoll",XT2621-6,,,No
Blackberry,Xiaomi 17T Pro,https://www.gsmarena.com/xiaomi_17t_pro-14651.php,https://fdn2.gsmarena.com/vv/bigpic/xiaomi-17t-pro-.jpg,GSM / HSPA / LTE / 5G,Yes,"2026, May 28","Available. Released 2026, May 28",162.2 x 77.5 x 8.3 mm,219.0,Glass,IP68,· Nano-SIM + Nano-SIM + eSIM + eSIM (max 2 at a time) · Nano-SIM + Nano-SIM,"AMOLED, 68B colors, 144Hz, 3840Hz PWM, Dolby Vision, HDR10+, 3500 nits (peak)",144,6.83,1280x2772,447,91.1,Gorilla Glass 7i,"Android 16, HyperOS 3",Mediatek Dimensity 9500 (3 nm),3,Octa-core (1x4.21 GHz C1-Ultra & 3x3.5 GHz C1-Premium & 4x2.7 GHz C1-Pro),Mali-G1 Ultra MC12,12,12,256,512,UFS 4.1,50.0,3,1.7,Yes,1/1.31,Yes,"Leica lens, Color spectrum sensor, Ultra HDR, LED flash, HDR, panorama","8K@30fps, 4K@30/60/120fps, 1080p@30/60/120/240/960fps, gyro-EIS, 10-bit Rec. 2020, HDR10+, Log",32.0,Yes,HDR,"4K@30fps, 1080p@30/60fps, HDR10+","Wi-Fi 802.11 a/b/g/n/ac/6e/7, dual-band, Wi-Fi Direct",Yes,6.0,Type-C,No,"GPS (L1+L5), BDS (B1I+B1C+B2a+B2b), GALILEO (E1+E5a+E5b), QZSS (L1+L5), NavIC (L5), GLONASS","Fingerprint (under display, optical), accelerometer, gyro, proximity, compass",7000,100,50,No,Active use score 21:41h,,999.9,799.0,,2795030,9766,6939,1069,-25.6,"Deep Blue, Deep Violet, Black",2602EPTC0G,,,No
Blackberry,Xiaomi 17T,https://www.gsmarena.com/xiaomi_17t-14652.php,https://fdn2.gsmarena.com/vv/bigpic/xiaomi-17t-.jpg,GSM / HSPA / LTE / 5G,Yes,"2026, May 28","Available. Released 2026, May 28",157.6 x 75.2 x 8.2 mm,200.0,Glass,IP68,· Nano-SIM + Nano-SIM + eSIM + eSIM (max 2 at a time) · Nano-SIM + Nano-SIM,"AMOLED, 68B colors, 120Hz, 3840Hz PWM, Dolby Vision, HDR10+, 3500 nits (peak)",120,6.59,1268x2756,460,89.8,Gorilla Glass 7i,"Android 16, HyperOS 3",Mediatek Dimensity 8500 Ultra (4 nm),4,Octa-core (1x3.4 GHz Cortex-A725 & 3x3.2 GHz Cortex-A725 & 4x2.2 GHz Cortex-A725),Mali-G720 MC8,12,12,256,512,UFS 4.1,50.0,3,1.7,Yes,1/1.55,Yes,"Leica lens, Color spectrum sensor, Ultra HDR, LED flash, HDR, panorama","4K@30/60fps, 1080p@30/60/120/240/960fps, gyro-EIS, 10-bit Rec. 2020, HDR10+, Log",32.0,Yes,HDR,"4K@30fps, 1080p@30/60fps, HDR10+","Wi-Fi 802.11 a/b/g/n/ac/6e, dual-band or tri-band, Wi-Fi Direct",Yes,6.0,Type-C,No,"GPS (L1+L5), BDS (B1I+B1c+B2a), GALILEO (E1+E5a), QZSS (L1+L5), NavIC (L5), GLONASS","Fingerprint (under display, optical), accelerometer, gyro, proximity, compass",6500,67,,No,Active use score 17:16h,,749.9,649.0,,1640834,6607,3563,1035,-24.6,"Violet, Blue, Opal White, Black","2602DPT53G, 2602DPT53I",,,No
Blackberry,Samsung Galaxy A57,https://www.gsmarena.com/samsung_galaxy_a57-14379.php,https://fdn2.gsmarena.com/vv/bigpic/samsung-galaxy-a57.jpg,GSM / HSPA / LTE / 5G,Yes,"2026, March 25","Available. Released 2026, April 9",161.5 x 76.8 x 6.9 mm (6.36 x 3.02 x 0.27 in),179.0,Glass,IP68,· Nano-SIM + eSIM · Nano-SIM + Nano-SIM + eSIM + eSIM (max 2 at a time),"Super AMOLED+, 120Hz, HDR10+, 1200 nits (HBM), 1900 nits (peak)",120,6.7,1080x2340,385,88.8,Gorilla Glass Victus+,"Android 16, up to 6 major Android upgrades, One UI 8.5",Exynos 1680 (4 nm),4,Octa-core (1x2.9 GHz Cortex-720 & 4x2.6 GHz Cortex-720 & 3x1.95 GHz Cortex-520),Xclipse 550,8,12,128,512,UFS 3.1,50.0,3,1.8,Yes,1/1.56,Yes,"Best Face, LED flash, panorama, HDR","4K@30fps, 1080p@30/60fps, gyro-EIS",12.0,Yes,,"4K@30fps, 1080p@30/60fps, 10-bit HDR","Wi-Fi 802.11 a/b/g/n/ac/6e, dual-band or tri-band, Wi-Fi Direct",Yes,6.0,Type-C,No,"GPS, GALILEO, GLONASS, BDS, QZSS","Fingerprint (under display, optical), accelerometer, gyro, proximity, compass",5000,45,,No,Active use score 13:59h,489.99,339.0,529.0,51950,1001995,4411,1742,1309,-26.3,"Navy, Gray, Icyblue, Lilac","SM-A576B, SM-A576B/DS, SM-A576Q, SM-A576U1, SM-A576W, SM-A576Z, SM-A5760",0.85 W/kg (head) 1.20 W/kg (body),0.70 W/kg (head) 1.07 W/kg (body),No
Blackberry,Samsung Galaxy S26 Ultra,https://www.gsmarena.com/samsung_galaxy_s26_ultra-14320.php,https://fdn2.gsmarena.com/vv/bigpic/samsung-galaxy-s26-ultra-new.jpg,GSM / CDMA / HSPA / EVDO / LTE / 5G,Yes,"2026, February 25","Available. Released 2026, March 06",163.6 x 78.1 x 7.9 mm (6.44 x 3.07 x 0.31 in),214.0,Glass,IP68,· Nano-SIM + Nano-SIM + eSIM + eSIM (max 2 at a time) - INT · Nano-SIM + eSIM + eSIM (max 2 at a time) - USA · Nano-SIM + Nano-SIM - CN,"Dynamic LTPO AMOLED 2X, 120Hz, HDR10+, 2600 nits (peak)",120,6.9,1440x3120,500,90.7,"Corning Gorilla Armor 2, Mohs level 6","Android 16, up to 7 major Android upgrades, One UI 8.5",Qualcomm SM8850-1-AD Snapdragon 8 Elite Gen 5 (3 nm),3,Octa-core (2x4.74 GHz Oryon V3 Phoenix L + 6x3.62 GHz Oryon V3 Phoenix M),Adreno 840 (1.3GHz),12,16,256,512,UFS 4.X,200.0,4,1.4,Yes,1/1.3,Yes,"Laser AF, Best Face, Horizon Lock, LED flash, auto-HDR, panorama","8K@24/30fps, 4K@30/60/120fps, 1080p@30/60/120/240fps, 10-bit HDR, HDR10+, stereo sound rec., gyro-EIS",12.0,Yes,"HDR, HDR10+","4K@30/60fps, 1080p@30fps","Wi-Fi 802.11 a/b/g/n/ac/6e/7, tri-band, Wi-Fi Direct",Yes,6.0,Type-C,No,"GPS, GLONASS, BDS, GALILEO, QZSS","Fingerprint (under display, ultrasonic), accelerometer, gyro, proximity, compass, barometer",5000,60,25,Yes,Active use score 16:23h,1049.99,969.0,889.0,119770,2627986,11566,7744,1480,-25.9,"Cobalt Violet, Sky Blue, Black, White, Silver Shadow, Pink Gold","SM-S948B, SM-S948B/DS, SM-S948U, SM-S948U1, SM-S948W, SM-S948N, SM-S9480, SM-S948E, SM-S948E/DS",1.09 W/kg (head) 1.19 W/kg (body),1.28 W/kg (head) 1.35 W/kg (body),No
Blackberry,Samsung Galaxy A17,https://www.gsmarena.com/samsung_galaxy_a17-14041.php,https://fdn2.gsmarena.com/vv/bigpic/samsung-galaxy-a17-5g.jpg,GSM / HSPA / LTE / 5G,Yes,"2025, August 06","Available. Released 2025, August 14",164.4 x 77.9 x 7.5 mm (6.47 x 3.07 x 0.30 in),192.0,Glass,IP54,· Nano-SIM · Nano-SIM + eSIM · Nano-SIM + Nano-SIM,"Super AMOLED, 90Hz, 800 nits (HBM)",90,6.7,1080x2340,385,86.0,Gorilla Glass Victus,"Android 15, up to 6 major Android upgrades, One UI 8.5",Exynos 1330 (5 nm),5,Octa-core (2x2.4 GHz Cortex-A78 & 6x2.0 GHz Cortex-A55),Mali-G68 MP2,4,8,128,256,,50.0,3,1.8,Yes,1/2.76,No,"LED flash, panorama, HDR","1080p@30fps, gyro-EIS",13.0,No,,1080p@30fps,"Wi-Fi 802.11 a/b/g/n/ac, dual-band, Wi-Fi Direct",Yes,5.3,Type-C,No,"GPS, GALILEO, GLONASS, BDS, QZSS","Fingerprint (side-mounted), accelerometer, gyro, compass",5000,25,,No,Active use score 11:48h,99.88,125.0,114.99,18890,435787,2048,365,738,-26.4,"Black, Gray, Blue","SM-A176B, SM-A176B/DS",,0.67 W/kg (head) 0.97 W/kg (body),No
Blackberry,Apple iPhone 17 Pro Max,https://www.gsmarena.com/apple_iphone_17_pro_max-13964.php,https://fdn2.gsmarena.com/vv/bigpic/apple-iphone-17-pro-max.jpg,GSM / CDMA / HSPA / EVDO / LTE / 5G,Yes,"2025, September 09","Available. Released 2025, September 19",163.4 x 78 x 8.8 mm (6.43 x 3.07 x 0.35 in),233.0,Ceramic,IP68,"· Nano-SIM + eSIM + eSIM (max 2 at a time; International) · eSIM + eSIM (8 or more, max 2 at a time; USA) · Nano-SIM + Nano-SIM (China)","LTPO Super Retina XDR OLED, 120Hz, HDR10, Dolby Vision, 1000 nits (typ), 1600 nits (HBM), 3000 nits (peak)",120,6.9,1320x2868,460,90.7,Ceramic Shield 2,"iOS 26, upgradable to iOS 26.5",Apple A19 Pro (3 nm),3,Hexa-core (2x4.26 GHz + 4x2.60 GHz),Apple GPU (6-core graphics),12,12,256,512,NVMe,48.0,3,1.8,Yes,1/1.28,Yes,"Dual-LED dual-tone flash, HDR (photo/panorama)","4K@24/25/30/60/100/120fps, 1080p@25/30/60/120/240fps, 10-bit HDR, Dolby Vision HDR (up to 120fps), ProRes, ProRes RAW (up to 120fps), Apple Log 2, 3D (spatial) video/audio, stereo sound rec.",18.0,Yes,"HDR, Dolby Vision HDR, 3D (spatial) audio, stereo sound rec., ProRes RAW, Apple Log 2","4K@24/25/30/60fps, 1080p@25/30/60/120fps, gyro-EIS","Wi-Fi 802.11 a/b/g/n/ac/6e/7, tri-band, hotspot",Yes,6.0,Type-C,No,"GPS (L1+L5), GLONASS, GALILEO, BDS, QZSS, NavIC","Face ID, accelerometer, gyro, proximity, compass, barometer",4823,25,25,No,Active use score 17:58h,965.55,1215.29,1038.99,149900,2600583,10118,6010,1000,-26.2,"Silver, Cosmic Orange, Deep Blue","iPhone18,2, A3526, A3257, A3527, A3525",1.19 W/kg (head) 1.19 W/kg (body),1.49 W/kg (head) 1.49 W/kg (body),No
Blackberry,Xiaomi 17 Max,https://www.gsmarena.com/xiaomi_17_max-14667.php,https://fdn2.gsmarena.com/vv/bigpic/xiaomi-17-max.jpg,GSM / HSPA / LTE / 5G,Yes,"2026, May 21","Available. Released 2026, May 21",162.9 x 77.6 x 8.2 mm (6.41 x 3.06 x 0.32 in),219.0,Glass,IP68,Nano-SIM + Nano-SIM,"LTPO AMOLED, 68B colors, PWM, 120Hz, Dolby Vision, HDR Vivid, HDR10+, 3500 nits (peak)",120,6.9,1200x2608,420,90.5,,"Android 16, HyperOS 3",Qualcomm SM8850-AC Snapdragon 8 Elite Gen 5 (3 nm),3,Octa-core (2x4.6 GHz Oryon V3 Phoenix L + 6x3.62 GHz Oryon V3 Phoenix M),Adreno 840,12,16,256,512,UFS 4.1,200.0,3,1.7,Yes,1/1.4,Yes,"Laser AF, color spectrum sensor, Leica lens, LED flash, HDR, panorama","8K@30fps (HDR), 4K@30/60fps (10-bit Dolby Vision HDR), 4K@120fps, 1080p@30/60/120/240/960fps, gyro-EIS",32.0,Yes,,"4K@30fps, 1080p@30/60fps, gyro-EIS","Wi-Fi 802.11 a/b/g/n/ac/6e/7, dual-band, Wi-Fi Direct",Yes,5.4,Type-C,No,"GPS (L1+L5), BDS (B1I+B1c+B2a), GALILEO (E1+E5a), QZSS (L1+L5), NavIC (L5), GLONASS","Fingerprint (under display, ultrasonic), accelerometer, proximity, gyro, compass, barometer",8000,100,50,Yes,,,610.0,,,,,,,,"Black, Blue, White",2605EPN8EC,,,No
Blackberry,Xiaomi Redmi Note 15,https://www.gsmarena.com/xiaomi_redmi_note_15-14328.php,https://fdn2.gsmarena.com/vv/bigpic/xiaomi-redmi-note-15-global.jpg,GSM / HSPA / LTE / 5G,Yes,"2025, December 18","Available. Released 2026, January 06",164 x 75.4 x 7.4 mm (6.46 x 2.97 x 0.29 in),178.0,Glass,IP66,Nano-SIM + Nano-SIM,"AMOLED, 68B colors, 120Hz, 3840Hz PWM, HDR10+, 800 nits (typ), 3200 nits (peak)",120,6.77,1080x2392,388,89.7,"Scratch/drop-resistant glass, Mohs level","Android 15, up to 4 major Android upgrades, HyperOS 2",Qualcomm SM6475-AB Snapdragon 6 Gen 3 (4 nm),4,Octa-core (4x2.4 GHz Cortex-A78 & 4x1.8 GHz Cortex-A55),Adreno 710,6,12,128,512,UFS 2.2,108.0,2,1.7,Yes,1/1.67,Yes,"LED flash, HDR, panorama","4K@30fps, 1080p@30fps, gyro-EIS, OIS",20.0,No,,1080p@30fps,"Wi-Fi 802.11 a/b/g/n/ac, dual-band, Wi-Fi Direct",Yes,5.1,Type-C,No,"GPS, GLONASS, BDS, GALILEO","Fingerprint (under display, optical), accelerometer, gyro, compass",5520,45,,No,Active use score 14:12h,252.5,193.03,189.0,21199,637266,2958,861,1524,-23.4,"Black, Glacier Blue, Mist Purple","25096RA9BG, 25098RA98G",,1.00 W/kg (head) 0.99 W/kg (body),No
Blackberry,Xiaomi Poco X8 Pro,https://www.gsmarena.com/xiaomi_poco_x8_pro-14506.php,https://fdn2.gsmarena.com/vv/bigpic/xiaomi-poco-x8-pro.jpg,GSM / HSPA / LTE / 5G,Yes,"2026, March 17","Available. Released 2026, March 17",157.5 x 75.2 x 8.4 mm (6.20 x 2.96 x 0.33 in),201.5,Glass,IP68,Nano-SIM + Nano-SIM,"AMOLED, 68B colors, 120Hz, 3840Hz PWM, Dolby Vision, HDR10+, 2000 nits (HBM), 3500 nits (peak)",120,6.59,1268x2756,460,89.8,Gorilla Glass 7i,"Android 16, HyperOS 3",Mediatek Dimensity 8500 Ultra (4 nm),4,Octa-core (1x3.4 GHz Cortex-A725 & 3x3.2 GHz Cortex-A725 & 4x2.2 GHz Cortex-A725),Mali-G720 MC8,8,12,256,512,UFS 4.1,50.0,2,1.5,Yes,1/1.95,Yes,"LED flash, HDR, panorama","4K@30/60fps, 1080p@30/60/120/240/960fps, gyro-EIS, HDR10+",20.0,No,,1080p@30/60fps,"Wi-Fi 802.11 a/b/g/n/ac/6, dual-band, Wi-Fi Direct",Yes,6.0,Type-C,No,"GPS (L1+L5), BDS (B1I+B1c+B2a), GALILEO (E1+E5a), QZSS (L1+L5), NavIC (L5), GLONASS","Fingerprint (under display, optical), accelerometer, gyro, compass, proximity",6500,100,,No,Active use score 16:52h,367.5,297.15,279.0,,1663640,6298,4103,1090,-24.8,"Black, White, Mint Green",2511FPC34G,,,No
Blackberry,Honor 600 Pro,https://www.gsmarena.com/honor_600_pro-14604.php,https://fdn2.gsmarena.com/vv/bigpic/honor-600-pro.jpg,GSM / HSPA / LTE / 5G,Yes,"2026, April 22","Available. Released 2026, April 29",156 x 74.7 x 7.8 mm (6.14 x 2.94 x 0.31 in),195.0,Glass,IP68,· Nano-SIM + eSIM · Nano-SIM + Nano-SIM + eSIM (max 2 at a time),"AMOLED, 1B colors, 120Hz, 3840Hz PWM, HDR Vivid, 8000 nits (peak)",120,6.57,1264x2728,458,91.2,Mohs level 4,"Android 16, up to 6 major Android upgrades, MagicOS 10",Qualcomm SM8750-AB Snapdragon 8 Elite (3 nm),3,Octa-core (2x4.32 GHz Oryon V2 Phoenix L + 6x3.53 GHz Oryon V2 Phoenix M),Adreno 830 (1200 MHz),12,16,256,512,,200.0,3,1.9,Yes,1/1.4,Yes,"Color spectrum sensor, LED flash, HDR, panorama","4K@30/60fps, 1080p@30/60fps, gyro-EIS, OIS",50.0,Yes,HDR,"4K@30fps, 1080p@30/60fps, gyro-EIS","Wi-Fi 802.11 a/b/g/n/ac/6/7, dual-band or tri-band, Wi-Fi Direct",Yes,6.0,Type-C,No,"GPS, GLONASS, GALILEO, BDS, QZSS, NavIC","Fingerprint (under display, optical), accelerometer, gyro, proximity (ultrasound), compass",7000,80,50,No,Active use score 17:55h,797.29,,649.0,,2221352,7970,5309,1766,-24.8,"Golden White, Black, Orange",VKP-NX9,,,No
Blackberry,Samsung Galaxy A56,https://www.gsmarena.com/samsung_galaxy_a56-13603.php,https://fdn2.gsmarena.com/vv/bigpic/samsung-galaxy-a56-.jpg,GSM / HSPA / LTE / 5G,Yes,"2025, March 02","Available. Released 2025, March 10",162.2 x 77.5 x 7.4 mm (6.39 x 3.05 x 0.29 in),198.0,Glass,IP67,· Nano-SIM + eSIM · Nano-SIM + Nano-SIM + eSIM + eSIM (max 2 at a time),"Super AMOLED, 120Hz, HDR10+, 1200 nits (HBM), 1900 nits (peak)",120,6.7,1080x2340,385,87.7,Gorilla Glass Victus+,"Android 15, up to 6 major Android upgrades, One UI 8.5",Exynos 1580 (4 nm),4,Octa-core (1x2.9 GHz Cortex-A720 & 3x2.6 GHz Cortex-A720 & 4x1.9 GHz Cortex-A520),Xclipse 540,6,12,128,256,UFS 3.1,50.0,3,1.8,Yes,1/1.56,Yes,"Best Face, LED flash, panorama, HDR","4K@30fps, 1080p@30/60fps, gyro-EIS",12.0,Yes,,"4K@30fps, 1080p@30fps, 1080p@60fps (regional availability), 10-bit HDR","Wi-Fi 802.11 a/b/g/n/ac/6, dual-band, Wi-Fi Direct",Yes,5.3,Type-C,No,"GPS, GALILEO, GLONASS, BDS, QZSS","Fingerprint (under display, optical), accelerometer, gyro, compass",5000,45,,No,Active use score 12:08h,359.5,275.68,267.98,42999,908689,3899,1332,1213,-26.2,"Pink, Olive, Graphite, Lightgray","SM-A566V, SM-A566B, SM-A566B/DS, SM-A566E, SM-A566E/DS, SM-A5660, SM-A566U, SM-A566U1, SM-A566W, SM-A566S",1.32 W/kg (head),0.61 W/kg (head) 1.05 W/kg (body),No
Blackberry,Xiaomi 15 Ultra,https://www.gsmarena.com/xiaomi_15_ultra-13657.php,https://fdn2.gsmarena.com/vv/bigpic/xiaomi-15-ultra-.jpg,GSM / HSPA / LTE / 5G,Yes,"2025, February 27","Available. Released 2025, February 27",161.3 x 75.3 x 9.4 mm (6.35 x 2.96 x 0.37 in),226.0,Glass,IP68,· Nano-SIM + Nano-SIM · Nano-SIM + Nano-SIM + eSIM + eSIM (max 2 at a time),"LTPO AMOLED, 68B colors, 120Hz, 1920Hz PWM, Dolby Vision, HDR10+, HDR Vivid, 3200 nits (peak)",120,6.73,1440x3200,522,89.7,"Xiaomi Shield Glass 2.0, Mohs level 6","Android 15, up to 4 major Android upgrades, HyperOS 3",Qualcomm SM8750-AB Snapdragon 8 Elite (3 nm),3,Octa-core (2x4.32 GHz Oryon V2 Phoenix L + 6x3.53 GHz Oryon V2 Phoenix M),Adreno 830,12,16,256,512,UFS 4.1,50.0,4,1.6,Yes,1/2.51,Yes,"Laser AF, color spectrum sensor, Leica lenses, Dual-LED flash, HDR, panorama, 67mm filter ring holder (optional)","8K@30fps, 4K@30/60/120fps, 1080p@30/60/120/240/480/960/1920fps, gyro-EIS, Dolby Vision HDR 10-bit rec. (4K@60fps, 1080p)",32.0,Yes,"HDR, panorama","4K@30/60fps, 1080p@30/60fps, gyro-EIS","Wi-Fi 802.11 a/b/g/n/ac/6e/7, dual-band or tri-band, Wi-Fi Direct",Yes,6.0,Type-C,No,"GPS (L1+L5), BDS (B1I+B1c+B2a), GALILEO (E1+E5a), QZSS (L1+L5), NavIC (L5), GLONASS","Fingerprint (under display, ultrasonic), accelerometer, proximity, gyro, compass, barometer",5410,90,80,Yes,Active use score 16:13h,,776.09,1295.0,,,,,,-24.1,"Black, White, Silver Chrome, Green",25010PN30G,,1.00 W/kg (head) 1.00 W/kg (body),No
Blackberry,Xiaomi Poco X7 Pro,https://www.gsmarena.com/xiaomi_poco_x7_pro-13582.php,https://fdn2.gsmarena.com/vv/bigpic/xiaomi-poco-x7-pro.jpg,GSM / HSPA / LTE / 5G,Yes,"2025, January 09","Available. Released 2025, January 09",160.8 x 75.2 x 8.3 mm (6.33 x 2.96 x 0.33 in),195.0,Glass,IP68,Nano-SIM + Nano-SIM,"AMOLED, 68B colors, 120Hz, 1920Hz PWM, Dolby Vision, HDR10+, 1400 nits (HBM), 3200 nits (peak)",120,6.67,1220x2712,446,88.8,Gorilla Glass 7i,"Android 15, HyperOS 2",Mediatek Dimensity 8400 Ultra (4 nm),4,Octa-core (1x3.25 GHz Cortex-A725 & 3x3.0 GHz Cortex-A725 & 4x2.1 GHz Cortex-A725),Mali-G720 MC7,8,12,256,512,UFS 4.0,50.0,2,1.5,Yes,1/1.95,Yes,"LED flash, HDR, panorama","4K@24/30/60fps, 1080p@30/60/120/240/960fps, HDR10+, gyro-EIS, OIS",20.0,No,,1080p@30fps,"Wi-Fi 802.11 a/b/g/n/ac/6, dual-band, Wi-Fi Direct",Yes,5.4,Type-C,No,"GPS (L1+L5), GLONASS (G1), BDS (B1I+B1c+B2a), GALILEO (E1+E5a), NavIC (L5)","Fingerprint (under display, optical), accelerometer, gyro, proximity, compass",6000,90,,No,Active use score 12:43h,374.0,319.0,259.0,31400,1568331,6311,3880,1265,-24.7,"Black/Yellow, White, Green, Red (Iron Man Edition)","2412DPC0AG, 2412DPC0AI",1.09 W/kg (head) 1.08 W/kg (body),0.99 W/kg (head) 0.99 W/kg (body),No
Blackberry,Xiaomi 17 Pro Max,https://www.gsmarena.com/xiaomi_17_pro_max-14181.php,https://fdn2.gsmarena.com/vv/bigpic/xiaomi-17-pro-max.jpg,GSM / HSPA / LTE / 5G,Yes,"2025, September 25","Available. Released 2025, September 25",162.9 x 77.6 x 8 mm (6.41 x 3.06 x 0.31 in),219.0,Glass,IP68,Nano-SIM + Nano-SIM,"LTPO AMOLED, 68B colors, 2160Hz PWM, 120Hz, Dolby Vision, HDR Vivid, HDR10+, 3500 nits (peak)",160,6.9,1200x2608,416,92.3,Xiaomi Dragon Crystal Glass 3,"Android 16, HyperOS 3",Qualcomm SM8850-AC Snapdragon 8 Elite Gen 5 (3 nm),3,Octa-core (2x4.6 GHz Oryon V3 Phoenix L + 6x3.62 GHz Oryon V3 Phoenix M),Adreno 840,12,16,512,512,UFS 4.1,50.0,3,1.7,Yes,1/1.28,Yes,"Laser AF, color spectrum sensor, Leica lens, Dual-LED dual-tone flash, HDR, panorama","8K@30fps (HDR), 4K@30/60/120fps (HDR10+, 10-bit Dolby Vision HDR, 10-bit LOG), 1080p@30/60/120/240/960fps, 720p@1920fps, gyro-EIS",50.0,Yes,"HDR, panorama","4K@30/60fps, 1080p@30/60fps, HDR10+, gyro-EIS","Wi-Fi 802.11 a/b/g/n/ac/6e/7, dual-band, Wi-Fi Direct",Yes,5.4,Type-C,No,"GPS (L1+L5), BDS (B1I+B1c+B2a), GALILEO (E1+E5a), QZSS (L1+L5), NavIC (L5), GLONASS","Fingerprint (under display, ultrasonic), accelerometer, proximity, gyro, compass, barometer",7500,100,50,Yes,Active use score 20:50h,,720.0,,,2456317,10600,6761,1026,-26.1,"Black, White, Purple, Green",2509FPN0BC,,,No
Blackberry,OnePlus 15,https://www.gsmarena.com/oneplus_15-14206.php,https://fdn2.gsmarena.com/vv/bigpic/oneplus-15.jpg,GSM / HSPA / LTE / 5G,Yes,"2025, October 27","Available. Released 2025, October 28",161.4 x 76.7 x 8.1 mm (6.35 x 3.02 x 0.32 in),211.0,Glass,IP68,· Nano-SIM + Nano-SIM + eSIM (max 2 at a time) · Nano-SIM + Nano-SIM,"LTPO AMOLED, 1B colors, 165Hz, PWM, Dolby Vision, HDR10+, HDR Vivid, 800 nits (typ), 1800 nits (HBM)",165,6.78,1272x2772,450,90.8,Gorilla Glass Victus,"Android 16, OxygenOS 16 (Global), ColorOS 16 (China)",Qualcomm SM8850-AC Snapdragon 8 Elite Gen 5 (3 nm),3,Octa-core (2x4.6 GHz Oryon V3 Phoenix L + 6x3.62 GHz Oryon V3 Phoenix M),Adreno 840,12,16,256,512,UFS 4.1,50.0,3,1.8,Yes,1/1.56,Yes,"Laser focus, color spectrum sensor, LED flash, HDR, panorama, LUT preview","8K@30fps, 4K@30/60/120fps, 1080p@30/60/240fps, Auto HDR, gyro-EIS, Dolby Vision, LUT",32.0,Yes,"HDR, panorama","4K@30/60fps, 1080p@30/60fps, gyro-EIS, HDR","Wi-Fi 802.11 a/b/g/n/ac/6/7, dual or tri-band, Wi-Fi Direct",Yes,6.0,Type-C,No,"GPS (L1+L5), GLONASS (G1), BDS (B1I+B1c+B2a), GALILEO (E1+E5a), QZSS (L1+L5), NavIC (L5)","Fingerprint (under display, ultrasonic), accelerometer, proximity, gyro (UAV-grade), compass, barometer (exc. China)",7300,120,50,Yes,Active use score 23:07h,729.95,780.9,819.0,77999,2790237,11062,7370,1364,-24.8,"Infinite Black, Ultra Violet, Sand Storm","CPH2747, CPH2745, PLK110, CPH2749",1.17 W/kg (head) 1.00 W/kg (body),,No
Blackberry,Samsung Galaxy S25,https://www.gsmarena.com/samsung_galaxy_s25-13610.php,https://fdn2.gsmarena.com/vv/bigpic/samsung-galaxy-s25-sm-s931.jpg,GSM / CDMA / HSPA / EVDO / LTE / 5G,Yes,"2025, January 22","Available. Released 2025, February 03",146.9 x 70.5 x 7.2 mm (5.78 x 2.78 x 0.28 in),162.0,Glass,IP68,· Nano-SIM + Nano-SIM + eSIM + eSIM (max 2 at a time) - INT · Nano-SIM + eSIM + eSIM (max 2 at a time) - USA · Nano-SIM + Nano-SIM - CN,"Dynamic LTPO AMOLED 2X, 120Hz, HDR10+, 2600 nits (peak)",120,6.2,1080x2340,416,91.1,Gorilla Glass Victus,"Android 15, up to 7 major Android upgrades, One UI 8",Qualcomm SM8750-AC Snapdragon 8 Elite (3 nm),3,Octa-core (2x4.47 GHz Oryon V2 Phoenix L + 6x3.53 GHz Oryon V2 Phoenix M),Adreno 830 (1200 MHz),12,12,128,512,UFS 4.0,50.0,3,1.8,Yes,1/1.56,Yes,"Best Face, LED flash, auto-HDR, panorama","8K@24/30fps, 4K@30/60fps, 1080p@30/60/120/240fps, 10-bit HDR, HDR10+, stereo sound rec., gyro-EIS",12.0,Yes,"HDR, HDR10+","4K@30/60fps, 1080p@30fps","Wi-Fi 802.11 a/b/g/n/ac/6e/7, tri-band, Wi-Fi Direct",Yes,5.4,Type-C,No,"GPS, GLONASS, BDS, GALILEO, QZSS","Fingerprint (under display, ultrasonic), accelerometer, gyro, proximity, compass, barometer",4000,25,15,Yes,Active use score 13:09h,417.09,449.99,420.96,74999,2193701,10050,6755,1395,-26.1,"Icy Blue, Mint, Navy, Silver Shadow, Pink Gold, Coral Red, Blue Black","SM-S931B, SM-S931B/DS, SM-S931U, SM-S931U1, SM-S931W, SM-S931N, SM-S9310, SM-S931E, SM-S931E/DS",1.13 W/kg (head) 0.92 W/kg (body),1.29 W/kg (head) 1.36 W/kg (body),No
Blackberry,Xiaomi 17 Ultra,https://www.gsmarena.com/xiaomi_17_ultra-14380.php,https://fdn2.gsmarena.com/vv/bigpic/xiaomi-17-ultra-global.jpg,GSM / HSPA / LTE / 5G,Yes,"2026, February 28","Available. Released 2026, March 10",162.9 x 77.6 x 8.3 mm (6.41 x 3.06 x 0.33 in),218.4,Glass,IP68,Nano-SIM + Nano-SIM + eSIM + eSIM + eSIM (max 2 at a time),"LTPO AMOLED, 68B colors, 120Hz, 2160Hz PWM, Dolby Vision, HDR10+, 3500 nits (peak)",120,6.9,1200x2608,416,92.3,Xiaomi Shield Glass 3.0,"Android 16, HyperOS 3",Qualcomm SM8850-AC Snapdragon 8 Elite Gen 5 (3 nm),3,Octa-core (2x4.6 GHz Oryon V3 Phoenix L + 6x3.62 GHz Oryon V3 Phoenix M),Adreno 840,16,16,512,512,UFS 4.1,50.0,3,1.7,Yes,1/1.4,Yes,"Laser AF, color spectrum sensor, Leica lenses, Dual-LED flash, HDR, panorama","8K@30fps, 4K@30/60/120fps, 1080p@30/60/120/240/480/960/1920fps, gyro-EIS, Dolby Vision HDR 10-bit rec. (4K@60fps, 1080p)",50.0,Yes,"HDR, panorama","4K@30/60fps, 1080p@30/60/120fps, gyro-EIS","Wi-Fi 802.11 a/b/g/n/ac/6e/7, dual-band or tri-band, Wi-Fi Direct",Yes,6.0,Type-C,No,"GPS (L1+L5), BDS (B1I+B1c+B2a), GALILEO (E1+E5a), QZSS (L1+L5), NavIC (L5), GLONASS","Fingerprint (under display, ultrasonic), accelerometer, proximity, gyro, compass, barometer",6000,90,50,Yes,Active use score 19:09h,,1249.0,1199.0,139997,2777490,10896,6948,1132,-24.1,"Black, White, Starlit Green","25128PNA1G, 2512BPNDAG",,,No
Blackberry,Oppo Find X9 Pro,https://www.gsmarena.com/oppo_find_x9_pro-14094.php,https://fdn2.gsmarena.com/vv/bigpic/oppo-find-x9-pro.jpg,GSM / HSPA / LTE / 5G,Yes,"2025, October 16","Available. Released 2025, October 22",161.3 x 76.5 x 8.3 mm (6.35 x 3.01 x 0.33 in),224.0,Glass,IP68,· Nano-SIM + eSIM · Nano-SIM + Nano-SIM,"LTPO AMOLED, 1B colors, 120Hz, 2160Hz PWM, Dolby Vision, HDR10+, HDR Vivid, 800 nits (typ), 1800 nits (HBM), 3600 nits (peak)",120,6.78,1272x2772,450,91.1,Gorilla Glass Victus,"Android 16, up to 5 major Android upgrades, ColorOS 16",Mediatek Dimensity 9500 (3 nm),3,Octa-core (1x4.21 GHz C1-Ultra & 3x3.5 GHz C1-Premium & 4x2.7 GHz C1-Pro),Arm G1-Ultra,12,16,256,512,UFS 4.1,50.0,3,1.5,Yes,1/1.28,Yes,"Laser AF, color spectrum sensor, Hasselblad Color Calibration, LED flash, HDR, panorama, LUT preview","4K@30/60/120fps, 1080p@30/60/240fps; gyro-EIS; HDR, 10‑bit video, Dolby Vision, LOG",50.0,Yes,Panorama,"4K@30/60fps, 1080p@30/60fps, gyro-EIS","Wi-Fi 802.11 a/b/g/n/ac/6/7, dual-band or tri-band, Wi-Fi Direct",Yes,6.0,Type-C,No,"GPS (L1+L5), BDS (B1I+B1c+B2a+B2b), GALILEO (E1+E5a+E5b), QZSS (L1+L5), GLONASS, NavIC (L5)","Fingerprint (under display, ultrasonic), accelerometer, gyro, proximity, compass, barometer",7500,80,50,Yes,Active use score 21:57h,,1195.9,849.97,,2719560,9697,6808,1175,-26.6,"Silk White, Titanium Charcoal, Velvet Red","CPH2791, PLG110",,,No
Blackberry,BlackBerry Curve 8530,https://www.gsmarena.com/blackberry_curve_8530-3592.php,https://fdn2.gsmarena.com/vv/bigpic/blackberry-curve-8530.jpg,CDMA / EVDO,No,"2009, November. Released 2009, December",Discontinued,109 x 60 x 13.9 mm (4.29 x 2.36 x 0.55 in),106.0,,,Mini-SIM,"TFT, 65K colors",,2.46,320x240,163,28.7,,BlackBerry OS 5.0,,,528 MHz,,,,,,,2.0,1,,No,,No,,Yes,,No,,,Wi-Fi 802.11 b/g,,2.1,Micro-USB,Yes,"GPS, A-GPS",,1150,,,No,,,60.0,,,,,,,,"Black, Purple",,1.24 W/kg (head) 0.66 W/kg (body),,No
Blackberry,BlackBerry Curve 8520,https://www.gsmarena.com/blackberry_curve_8520-2889.php,https://fdn2.gsmarena.com/vv/bigpic/bb-curve-8520.jpg,GSM,No,"2009, July. Released 2009, August",Discontinued,109 x 60 x 13.9 mm (4.29 x 2.36 x 0.55 in),106.0,,,Mini-SIM,"TFT, 65K colors",,2.46,320x240,163,28.7,,BlackBerry OS 5.0,,,512 MHz,,,,,,,2.0,1,,No,,No,,320p,,No,,,Wi-Fi 802.11b/g,,2.0,Micro-USB,Yes,No,,1150,,,No,,,70.0,,,,,,,,Black,,1.22 W/kg (head) 0.83 W/kg (body),1.02 W/kg (head) 0.78 W/kg (body),No
Blackberry,BlackBerry Tour 9630,https://www.gsmarena.com/blackberry_tour_9630-2868.php,https://fdn2.gsmarena.com/vv/bigpic/bb-tour-9630.jpg,GSM / HSPA,No,"2009, July. Released 2009, July",Discontinued,112 x 62 x 14.2 mm (4.41 x 2.44 x 0.56 in),130.0,,,Mini-SIM,65K colors,,2.4,480x360,250,25.7,,BlackBerry OS,,,,,,,,,,3.15,1,,No,,No,LED flash,Yes,,No,,,No,,2.0,Micro-USB,Yes,"GPS, A-GPS, BlackBerry Maps",,1400,,,No,,,70.0,,,,,,,,Black,,1.43 W/kg (head) 0.53 W/kg (body),1.72 W/kg (head) 0.48 W/kg (body),No
Blackberry,BlackBerry Curve 8980,https://www.gsmarena.com/blackberry_curve_8980-3675.php,https://fdn2.gsmarena.com/vv/bigpic/bb-8980.jpg,GSM,No,2012,Discontinued,109 x 60 x 13.6 mm (4.29 x 2.36 x 0.54 in),117.0,,,Mini-SIM,TFT,,2.4,480x360,250,27.3,,BlackBerry OS 5.0,,,,,,,,,,3.15,1,,No,,No,LED flash,Yes,,No,,,Wi-Fi 802.11 b/g/n,,2.1,Micro-USB,Yes,"GPS, A-GPS",,,,,No,,,70.0,,,,,,,,Black,,0.64 W/kg (head) 0.66 W/kg (body),,No
Blackberry,BlackBerry Curve 8900,https://www.gsmarena.com/blackberry_curve_8900-2604.php,https://fdn2.gsmarena.com/vv/bigpic/bb-curve-8900.jpg,GSM,No,"2008, November. Released 2008, November",Discontinued,109 x 60 x 13.5 mm (4.29 x 2.36 x 0.53 in),110.0,,,Mini-SIM,"TFT, 65K colors",,2.4,480x360,250,27.3,,BlackBerry OS,,,512 MHz,,,,,,,3.15,1,,No,,No,LED flash,SCIF,,No,,,Wi-Fi 802.11b/g,,2.0,Micro-USB,Yes,"GPS, A-GPS",,1400,,,No,,,60.0,,,,,,,,Black,,1.01 W/kg (head) 0.59 W/kg (body),0.65 W/kg (head) 0.45 W/kg (body),No
Blackberry,BlackBerry Storm3,https://www.gsmarena.com/blackberry_storm3-3529.php,https://fdn2.gsmarena.com/vv/bigpic/BlackBerry-Storm3.jpg,GSM / HSPA,No,Not officially announced yet,Discontinued,-,,,,Mini-SIM,"TFT, 65K colors",,3.7,480x800,252,,,BlackBerry OS 6.1,,,1.2GHz,,,,8,8,,5.0,1,,No,,No,,720p,,No,,,"Wi-Fi 802.11 b/g/n, UMA",,2.1,Micro-USB,Yes,"GPS, A-GPS","Accelerometer, proximity, compass",1230,,,No,,,,,,,,,,,Black,,,,No
Blackberry,BlackBerry Storm 9500,https://www.gsmarena.com/blackberry_storm_9500-2534.php,https://fdn2.gsmarena.com/vv/bigpic/blackberry-9500-storm2.jpg,GSM / HSPA,No,"2008, September. Released 2008, November",Discontinued,112.5 x 62.2 x 14 mm (4.43 x 2.45 x 0.55 in),155.0,,,Mini-SIM,"TFT, 65K colors",,3.25,360x480,185,46.7,,BlackBerry OS,Qualcomm MSM7600,,528 MHz ARM 11,Adreno 130,,,1,1,,3.15,1,,No,,No,LED flash,320p,,No,,,No,,2.0,Micro-USB,Yes,"GPS, A-GPS",Accelerometer,1400,,,No,,,80.0,,,,,,,,Black,,0.57 W/kg (head) 0.50 W/kg (body),0.47 W/kg (head) 0.27 W/kg (body),No
Blackberry,BlackBerry Storm 9530,https://www.gsmarena.com/blackberry_storm_9530-2540.php,https://fdn2.gsmarena.com/vv/bigpic/blackberry-9500-storm1.jpg,GSM / HSPA,No,"2008, September. Released 2008, November",Discontinued,112.5 x 62.2 x 14 mm (4.43 x 2.45 x 0.55 in),155.0,,,Mini-SIM,"TFT, 65K colors",,3.25,360x480,185,46.7,,BlackBerry OS,Qualcomm MSM7600,,528 MHz ARM 11,Adreno 130,,,1,1,,3.15,1,,No,,No,LED flash,320p,,No,,,No,,2.0,Micro-USB,Yes,"GPS, A-GPS",Accelerometer,1400,,,No,,,100.0,,,,,,,,Black,,0.93 W/kg (head) 0.56 W/kg (body),0.67 W/kg (head) 0.38 W/kg (body),No
Blackberry,BlackBerry Pearl Flip 8230,https://www.gsmarena.com/blackberry_pearl_flip_8230-3593.php,https://fdn2.gsmarena.com/vv/bigpic/blackberry-pearl-flip-8230.jpg,CDMA / EVDO,No,"2009, February. Released 2009, May",Discontinued,101 x 50 x 17.5 mm (3.98 x 1.97 x 0.69 in),102.0,,,Mini-SIM,65K colors,,2.6,240x320,154,41.5,,BlackBerry OS,,,,,,,,,,2.0,1,,No,,No,LED flash,Yes,,No,,,No,,2.0,Micro-USB,Yes,No,,900,,,No,,,70.0,,,,,,,,"Black, Red, Pink",,1.23 W/kg (head) 0.95 W/kg (body),,No
Blackberry,BlackBerry Pearl Flip 8220,https://www.gsmarena.com/blackberry_pearl_flip_8220-2521.php,https://fdn2.gsmarena.com/vv/bigpic/blackberry-pearl-flip-8220-1.jpg,GSM,No,"2008, September. Released 2008, October",Discontinued,101.1 x 50 x 17.5 mm (3.98 x 1.97 x 0.69 in),102.0,,,Mini-SIM,65K colors,,2.6,240x320,154,41.4,,BlackBerry OS,,,32-bit Intel XScale PXA272 312 MHz,,,,,,,2.0,1,,No,,No,LED flash,Yes,,No,,,Wi-Fi 802.11 b/g,,2.0,Micro-USB,Yes,No,,900,,,No,,,110.0,,,,,,,,Black,,1.15 W/kg (head) 1.18 W/kg (body),0.66 W/kg (head) 0.54 W/kg (body),No
Blackberry,BlackBerry Bold 9000,https://www.gsmarena.com/blackberry_bold_9000-2370.php,https://fdn2.gsmarena.com/vv/bigpic/blackberry-bold.jpg,GSM / HSPA,No,"2008, May",Discontinued,114 x 66 x 14 mm (4.49 x 2.60 x 0.55 in),133.0,,,Mini-SIM,65K colors,,2.6,480x320,222,26.8,,BlackBerry OS,,,624 MHz,,,,1,1,,2.0,1,,No,,No,LED flash,Yes,,No,,,Wi-Fi 802.11 a/b/g,,2.0,miniUSB 2.0,Yes,"GPS, A-GPS, BlackBerry Maps",,1500,,,No,,,80.0,,,,,,,,"Black, White",,1.51 W/kg (head) 0.95 W/kg (body),0.84 W/kg (head) 0.66 W/kg (body),No
Blackberry,BlackBerry Volt,https://www.gsmarena.com/blackberry_volt-3754.php,https://fdn2.gsmarena.com/vv/bigpic/blackberry-monaco-touch.jpg,GSM / CDMA / UMTS / EVDO,No,Not officially announced yet,Discontinued,120 x 62 x 11.5 mm (4.72 x 2.44 x 0.45 in),,,,Mini-SIM,TFT,,3.7,480x800,252,52.4,,BlackBerry OS 6.1,,,1.2GHz,,,,4,4,,5.0,1,,No,,No,LED flash,720p,,No,,,Wi-Fi 802.11 b/g/n,Yes,2.1,Micro-USB,Yes,"GPS, A-GPS","Accelerometer, proximity, compass",,,,No,,,,,,,,,,,Black,,,,No
Blackberry,BlackBerry Pearl 8130,https://www.gsmarena.com/blackberry_pearl_8130-3933.php,https://fdn2.gsmarena.com/vv/bigpic/blackberry-pearl-8130.jpg,CDMA / CDMA2000,No,"2007, October. Released 20078",Discontinued,107 x 50 x 14 mm (4.21 x 1.97 x 0.55 in),96.0,,,Mini-SIM,"TFT, 65K colors",,2.2,240x260,161,29.1,,BlackBerry OS,,,32-bit Intel XScale PXA272 312 MHz,,,,,,,2.0,1,,No,,No,LED flash,Yes,,No,,,No,,2.0,miniUSB 2.0,Yes,"GPS, A-GPS",,900,,,No,,,,,,,,,,,"Black, White",,,,No
Blackberry,BlackBerry Pearl 8110,https://www.gsmarena.com/blackberry_pearl_8110-2226.php,https://fdn2.gsmarena.com/vv/bigpic/blackberry-8110.jpg,GSM,No,"2008, January. Released 2008, January",Discontinued,107 x 50 x 14 mm (4.21 x 1.97 x 0.55 in),91.0,,,Mini-SIM,65K colors,,2.2,240x260,161,29.1,,BlackBerry OS,,,32-bit Intel XScale PXA272 312 MHz,,,,,,,2.0,1,,No,,No,LED flash,Yes,,No,,,No,,2.0,miniUSB 2.0,Yes,GPS,,900,,,No,,,110.0,,,,,,,,"Black, Blue",,1.24 W/kg (head) 0.83 W/kg (body),1.13 W/kg (head) 0.71 W/kg (body),No
Blackberry,BlackBerry Pearl 8120,https://www.gsmarena.com/blackberry_pearl_8120-2136.php,https://fdn2.gsmarena.com/vv/bigpic/blackberry-8120.gif,GSM,No,"2007, October",Discontinued,107 x 50 x 14 mm (4.21 x 1.97 x 0.55 in),91.0,,,Mini-SIM,65K colors,,2.2,240x260,161,29.1,,BlackBerry OS,,,32-bit Intel XScale PXA272 312 MHz,,,,,,,2.0,1,,No,,No,LED flash,Yes,,No,,,Wi-Fi 802.11b/g,,2.0,miniUSB 2.0,Yes,No,,900,,,No,,,90.0,,,,,,,,"Titanium, Blue, Sunset",,1.48 W/kg (head) 1.39 W/kg (body),1.26 W/kg (head) 1.01 W/kg (body),No
Blackberry,BlackBerry Curve 8330,https://www.gsmarena.com/blackberry_curve_8330-3594.php,https://fdn2.gsmarena.com/vv/bigpic/blackberry-curve-8330.jpg,CDMA,No,"2007, September. Released 2007, December",Discontinued,106.6 x 61 x 15 mm (4.20 x 2.40 x 0.59 in),113.0,,,Mini-SIM,65K colors,,2.5,320x240,160,29.8,,BlackBerry OS,,,312 MHz,,,,,,,2.0,1,,No,,No,LED flash,Yes,,No,,,No,,2.0,miniUSB 2.0,Yes,No,,1150,,,No,,,,,,,,,,,"Titanium, Pink, Black",,,,No
Blackberry,BlackBerry Curve 8320,https://www.gsmarena.com/blackberry_curve_8320-2121.php,https://fdn2.gsmarena.com/vv/bigpic/blackberry-curve-8320.gif,GSM,No,"2007, September",Discontinued,107 x 60 x 15.5 mm (4.21 x 2.36 x 0.61 in),111.0,,,Mini-SIM,65K colors,,2.5,320x240,160,30.1,,BlackBerry OS,,,32-bit Intel XScale PXA272 312 MHz,,,,,,,2.0,1,,No,,No,LED flash,240x180@15fps,,No,,,Wi-Fi 802.11b/g,,2.0,miniUSB 2.0,Yes,No,,1100,,,No,,,140.0,,,,,,,,"Titanium, Pale Gold",,1.08 W/kg (head) 1.47 W/kg (body),0.60 W/kg (head) 1.13 W/kg (body),No
Blackberry,BlackBerry Curve 8310,https://www.gsmarena.com/blackberry_curve_8310-2050.php,https://fdn2.gsmarena.com/vv/bigpic/blackberry-curve-8310.gif,GSM,No,"2007, August",Discontinued,107 x 60 x 15.5 mm (4.21 x 2.36 x 0.61 in),111.0,,,Mini-SIM,65K colors,,2.5,320x240,160,30.1,,BlackBerry OS,,,32-bit Intel XScale PXA272 312 MHz,,,,,,,2.0,1,,No,,No,LED flash,No,,No,,,No,,2.0,miniUSB 2.0,Yes,GPS,,1100,,,No,,,130.0,,,,,,,,Silver,,1.09 W/kg (head) 1.11 W/kg (body),0.59 W/kg (head) 0.63 W/kg (body),No
Blackberry,BlackBerry Curve 8300,https://www.gsmarena.com/blackberry_curve_8300-1979.php,https://fdn2.gsmarena.com/vv/bigpic/blackberry-curve.gif,GSM,No,"2007, May",Discontinued,107 x 60 x 15.5 mm (4.21 x 2.36 x 0.61 in),111.0,,,Mini-SIM,65K colors,,2.5,320x240,160,30.1,,BlackBerry OS,,,32-bit Intel XScale PXA272 312 MHz,,,,,,,2.0,1,,No,,No,LED flash,Yes,,No,,,No,,2.0,miniUSB 2.0,Yes,No,,1100,,,No,,,130.0,,,,,,,,Black,,1.51 W/kg (head) 1.12 W/kg (body),0.82 W/kg (head) 0.64 W/kg (body),No
Blackberry,BlackBerry 8820,https://www.gsmarena.com/blackberry_8820-2033.php,https://fdn2.gsmarena.com/vv/bigpic/blackberry-8820.gif,GSM,No,"2007, July",Discontinued,114 x 66 x 14 mm (4.49 x 2.60 x 0.55 in),134.0,,,Mini-SIM,65K colors,,2.5,320x240,160,25.7,,BlackBerry OS,,,32-bit Intel XScale PXA272 312 MHz,,,,,,,,,,No,,No,,,,No,,,Wi-Fi 802.11b/g,,2.0,miniUSB,No,GPS,,1400,,,No,,,110.0,,,,,,,,Silver,,1.28 W/kg (head) 1.58 W/kg (body),1.00 W/kg (head) 0.83 W/kg (body),No
Blackberry,BlackBerry 8830 World Edition,https://www.gsmarena.com/blackberry_8830_world_edition-1968.php,https://fdn2.gsmarena.com/vv/bigpic/blackberry-8830.gif,GSM,No,"2007, April",Discontinued,114 x 66 x 14 mm (4.49 x 2.60 x 0.55 in),132.0,,,Mini-SIM,"TFT, 65K colors",,2.5,320x240,160,25.7,,BlackBerry OS,Qualcomm MSM6550,,,,,,,,,,,,No,,No,,,,No,,,No,,2.0,miniUSB,No,GPS,,1400,,,No,,,100.0,,,,,,,,Black,,,0.86 W/kg (head) 0.51 W/kg (body),No
Blackberry,BlackBerry 8800,https://www.gsmarena.com/blackberry_8800-1911.php,https://fdn2.gsmarena.com/vv/bigpic/blackberry-8800.gif,GSM,No,"2007, February",Discontinued,114 x 66 x 14 mm (4.49 x 2.60 x 0.55 in),134.0,,,Mini-SIM,65K colors,,2.5,320x240,160,25.7,,BlackBerry OS,,,32-bit Intel XScale PXA272 312 MHz,,,,,,,,,,No,,No,,,,No,,,No,,2.0,miniUSB,No,GPS,,,,,No,,,120.0,,,,,,,,Silver,,1.16 W/kg (head) 0.51 W/kg (body),0.91 W/kg (head) 0.43 W/kg (body),No
Blackberry,BlackBerry Pearl 8100,https://www.gsmarena.com/blackberry_pearl_8100-1701.php,https://fdn2.gsmarena.com/vv/bigpic/blackberry-8100.gif,GSM,No,"2006, September",Discontinued,107 x 50 x 14.5 mm (4.21 x 1.97 x 0.57 in),89.5,,,Mini-SIM,65K colors,,2.2,240x260,161,29.1,,BlackBerry OS,,,32-bit Intel XScale PXA272 312 MHz,,,,,,,1.3,1,,No,,No,LED flash,No,,No,,,No,,2.0,Proprietary,No,No,,900,,,No,,,200.0,,,,,,,,"Black, White, Red",,,,No
Blackberry,BlackBerry 7130g,https://www.gsmarena.com/blackberry_7130g-1622.php,https://fdn2.gsmarena.com/vv/bigpic/blackberry-7130g.gif,GSM,No,"2006, June",Discontinued,115 x 56 x 18 mm (4.53 x 2.20 x 0.71 in),120.0,,,Mini-SIM,65K colors,,2.4,240x260,147,28.8,,BlackBerry OS,,,Intel XScale 312 MHz,,,,,,,,,,No,,No,,,,No,,,No,,2.0,Proprietary,No,No,,1100,,,No,,,,,,,,,,,,,,,No
Blackberry,BlackBerry 7130c,https://www.gsmarena.com/blackberry_7130c-1623.php,https://fdn2.gsmarena.com/vv/bigpic/blackberry-7130c.gif,GSM,No,"2006, June",Discontinued,115 x 56 x 18 mm (4.53 x 2.20 x 0.71 in),120.0,,,Mini-SIM,65K colors,,2.4,240x260,147,28.8,,BlackBerry OS,,,Intel XScale 312 MHz,,,,,,,,,,No,,No,,,,No,,,No,,2.0,Proprietary,No,No,,1100,,,No,,,,,,,,,,,,,,,No
Blackberry,BlackBerry 7130v,https://www.gsmarena.com/blackberry_7130v-1621.php,https://fdn2.gsmarena.com/vv/bigpic/blackberry-7130v.gif,GSM,No,"2006, June",Discontinued,115 x 56 x 18 mm (4.53 x 2.20 x 0.71 in),120.0,,,Mini-SIM,65K colors,,2.4,240x260,147,28.8,,BlackBerry OS,,,Intel XScale 312 MHz,,,,,,,,,,No,,No,,,,No,,,No,,2.0,Proprietary,No,No,,1100,,,No,,,,,,,,,,,,,,,No
Blackberry,BlackBerry 8707v,https://www.gsmarena.com/blackberry_8707v-1575.php,https://fdn2.gsmarena.com/vv/bigpic/blackberry-8707v.gif,GSM / UMTS,No,"2006, May",Discontinued,110 x 69.5 x 19.5 mm (4.33 x 2.74 x 0.77 in),139.0,,,Mini-SIM,65K colors,,2.6,320x240,154,27.4,,BlackBerry OS,,,Intel PXA901 312 MHz,,,,,,,,,,No,,No,,,,No,,,No,,2.0,miniUSB,No,No,,1500,,,No,,,,,,,,,,,Silver,,,,No
Blackberry,BlackBerry 8700c,https://www.gsmarena.com/blackberry_8700c-1349.php,https://fdn2.gsmarena.com/vv/bigpic/blackberry-8700c.gif,GSM,No,"2004, Q4",Discontinued,110 x 69.5 x 19.5 mm (4.33 x 2.74 x 0.77 in),134.0,,,Mini-SIM,65K colors,,2.6,320x240,154,27.4,,BlackBerry OS,,,Intel PXA901 312 MHz,,,,,,,,,,No,,No,,,,No,,,No,,,Proprietary,No,No,,1100,,,No,,,,,,,,,,,,,,,No
Blackberry,BlackBerry 7100x,https://www.gsmarena.com/blackberry_7100x-1013.php,https://fdn2.gsmarena.com/vv/bigpic/bb7100x.gif,GSM,No,"2005, Q1",Discontinued,114 x 56 x 20 mm (4.49 x 2.20 x 0.79 in),120.0,,,Mini-SIM,65K colors,,2.2,240x260,161,24.4,,BlackBerry OS,,,,,,,,,32 MB flash memory 4 MB SRAM,,,,No,,No,,,,No,,,No,,,Proprietary,No,No,,,,,No,,,,,,,,,,,,,,,No
Blackberry,BlackBerry 7100t,https://www.gsmarena.com/blackberry_7100t-1011.php,https://fdn2.gsmarena.com/vv/bigpic/bb7100t.gif,GSM,No,"2004, Q4",Discontinued,119 x 58 x 19 mm (4.69 x 2.28 x 0.75 in),120.0,,,Mini-SIM,65K colors,,2.36,240x260,150,25.9,,BlackBerry OS,,,,,,,,,,,,,No,,No,,,,No,,,No,,,Proprietary,No,No,,,,,No,,,,,,,,,,,,,,,No
Blackberry,BlackBerry 7100v,https://www.gsmarena.com/blackberry_7100v-1012.php,https://fdn2.gsmarena.com/vv/bigpic/bb7100v.gif,GSM,No,"2004, Q4",Discontinued,114 x 56 x 20 mm (4.49 x 2.20 x 0.79 in),120.0,,,Mini-SIM,65K colors,,2.37,240x260,149,28.3,,BlackBerry OS,,,,,,,,,32 MB flash memory 4 MB SRAM,,,,No,,No,,,,No,,,No,,,Proprietary,No,No,,,,,No,,,,,,,,,,,,,,,No
Blackberry,BlackBerry 7290,https://www.gsmarena.com/blackberry_7290-1348.php,https://fdn2.gsmarena.com/vv/bigpic/blackberry-7290.gif,GSM,No,"2004, Q4",Discontinued,113 x 74.5 x 22 mm (4.45 x 2.93 x 0.87 in),139.0,,,Mini-SIM,65K colors,,2.6,240x160,111,23.9,,BlackBerry OS,,,,,,,,,,,,,No,,No,,,,No,,,No,,,Proprietary,No,No,,,,,No,,,,,,,,,,,"Cosmos Black, Satin Blue, Steel Blue",,,,No
Blackberry,BlackBerry 7730,https://www.gsmarena.com/blackberry_7730-1010.php,https://fdn2.gsmarena.com/vv/bigpic/bb7730.gif,GSM,No,"2004, Q1",Discontinued,121 x 77 x 18 mm (4.76 x 3.03 x 0.71 in),142.0,,,Mini-SIM,65K colors,,3.0,240x240,113,31.2,,BlackBerry OS,,,,,,,,,,,,,No,,No,,,,No,,,No,,,Proprietary,No,No,,,,,No,,,,,,,,,,,,,,,No
Blackberry,BlackBerry 7230,https://www.gsmarena.com/blackberry_7230-1009.php,https://fdn2.gsmarena.com/vv/bigpic/bb7230.gif,GSM,No,"2003, Q3",Discontinued,113 x 74 x 20 mm (4.45 x 2.91 x 0.79 in),136.0,,,Mini-SIM,65K colors,,2.6,240x160,111,24.1,,BlackBerry OS,,,,,,,,,,,,,No,,No,,,,No,,,No,,,Proprietary,No,No,,,,,No,,,110.0,,,,,,,,,,,,No
Blackberry,BlackBerry 6720,https://www.gsmarena.com/blackberry_6720-1008.php,https://fdn2.gsmarena.com/vv/bigpic/bb6720.gif,GSM,No,"2003, Q2",Discontinued,121 x 77 x 18 mm (4.76 x 3.03 x 0.71 in),138.0,,,Mini-SIM,Monochrome,,3.0,160x160,75,31.2,,BlackBerry OS,,,,,,,,,,,,,No,,No,,,,No,,,No,,,Proprietary,No,No,,,,,No,,,,,,,,,,,,,,,No
Blackberry,BlackBerry 6230,https://www.gsmarena.com/blackberry_6230-1007.php,https://fdn2.gsmarena.com/vv/bigpic/bb6230.gif,GSM,No,"2003, Q2",Discontinued,113 x 75 x 20 mm (4.45 x 2.95 x 0.79 in),136.0,,,Mini-SIM,Monochrome,,2.6,,,,,BlackBerry OS,,,,,,,,,,,,,No,,No,,,,No,,,No,,,Proprietary,No,No,,,,,No,,,,,,,,,,,,,,,No
Blackberry,BlackBerry Z20,https://www.gsmarena.com/blackberry_z20-6895.php,https://fdn2.gsmarena.com/vv/bigpic/blackberry-z20r.jpg,GSM / HSPA / LTE,No,,Cancelled,9.5 mm thickness,,,,Yes,IPS LCD,,5.0,720x1280,294,67.6,,BlackBerry OS 10.3,Qualcomm MSM8960 Snapdragon S4 Plus,,Dual-core 1.5 GHz Krait,Adreno 225,2,2,16,16,,8.0,1,,No,,No,LED flash,1080p@30fps,2.0,No,,,"Wi-Fi 802.11 a/b/g/n, dual-band, DLNA, hotspot",No,4.0,Micro-USB,Yes,GPS,"Accelerometer, proximity",2800,,,No,,,,,,,,,,,"Black, White",,,,FM radio
Blackberry,BlackBerry A10,https://www.gsmarena.com/blackberry_a10-5595.php,https://fdn2.gsmarena.com/vv/bigpic/blackberry-a10.jpg,GSM / CDMA / HSPA / EVDO / LTE,No,,Cancelled,140.7 x 72 x 9.4 mm (5.54 x 2.83 x 0.37 in),,,,Micro-SIM,IPS LCD,,5.0,720x1280,294,68.0,,BlackBerry OS 10.2,Qualcomm MSM8960Pro Snapdragon S4 Pro,,Dual-core 1.7 GHz Krait,Adreno 225,2,2,16,16,,8.0,1,,No,,No,LED flash,1080p@30fps,2.0,No,,720p@30fps,"Wi-Fi 802.11 a/b/g/n, dual band, DLNA",Yes,4.0,Micro-USB,Yes,GPS,"Accelerometer, gyro, proximity, compass",2800,,,No,,,,,,,,,,,Black,,,,No
Blackberry,BlackBerry Porsche Design P'9531,https://www.gsmarena.com/blackberry_porsche_design_p_9531-4463.php,https://fdn2.gsmarena.com/vv/bigpic/blackberry-porsche-design-p9531.jpg,CDMA / EVDO,No,Not officially announced yet,Discontinued,115 x 67 x 11.3 mm (4.53 x 2.64 x 0.44 in),155.0,,,Mini-SIM,TFT,,2.8,640x480,286,31.5,,BlackBerry OS 7.0,Qualcomm MSM8655 Snapdragon S2,,1.2 GHz,Adreno 205,,,8,8,,5.0,1,,No,,No,LED flash,720p,,No,,,Wi-Fi 802.11 b/g/n,Yes,2.1,Micro-USB,Yes,"GPS, A-GPS","Accelerometer, proximity, compass",1000,,,No,,,,,,,,,,,Black,,,,No
Blackberry,BlackBerry Playbook 2012,https://www.gsmarena.com/blackberry_playbook_2012-4460.php,https://fdn2.gsmarena.com/vv/bigpic/blackberry-playbook-2012.jpg,GSM / HSPA,No,Not officially announced yet,Cancelled,194 x 130 x 10 mm (7.64 x 5.12 x 0.39 in),425.0,,,Micro-SIM,TFT,,7.0,600x1024,170,54.7,,BlackBerry Tablet 2.0,TI OMAP 4460,,Dual-core 1.5 GHz,,,,,,,5.0,1,,No,,No,,1080p@30fps,3.0,No,,1080p@30fps,"Wi-Fi 802.11 a/b/g/n, dual-band",Yes,2.1,Micro-USB,Yes,"GPS, A-GPS","Accelerometer, gyro, compass",4800,,,No,,,,,,,,,,,Black,,,,No
Blackberry,BlackBerry Curve Touch,https://www.gsmarena.com/blackberry_curve_touch-3934.php,https://fdn2.gsmarena.com/vv/bigpic/blackberry-curve-touch-gsm.jpg,GSM / HSPA,No,Not officially announced yet,Discontinued,-,,,,Mini-SIM,TFT,,3.25,480x360,185,,,BlackBerry OS 6.1,Qualcomm MSM8655 Snapdragon S2,,800 MHz Scorpion,Adreno 205,,,1,1,,5.0,1,,No,,No,LED flash,720p,,No,,,Wi-Fi 802.11b/g/n,Yes,2.1,Micro-USB,Yes,"GPS, A-GPS",Accelerometer,,,,No,,,,,,,,,,,Black,,,,No
Blackberry,BlackBerry Curve Touch CDMA,https://www.gsmarena.com/blackberry_curve_touch_cdma-3757.php,https://fdn2.gsmarena.com/vv/bigpic/blackberry-curve-touch.jpg,CDMA / EVDO,No,Not officially announced yet,Cancelled,-,,,,Mini-SIM,TFT,,3.25,480x360,185,,,BlackBerry OS 6.1,Qualcomm MSM8655 Snapdragon S2,,800 MHz Scorpion,Adreno 205,,,1,1,,5.0,1,,No,,No,LED flash,720p,,No,,,Wi-Fi 802.11b/g/n,Yes,2.1,Micro-USB,Yes,,Accelerometer,,,,No,,,,,,,,,,,Black,,,,No
Meizu,Meizu 22,https://www.gsmarena.com/meizu_22_5g-14150.php,https://fdn2.gsmarena.com/vv/bigpic/meizu-22.jpg,GSM / HSPA / LTE / 5G,Yes,"2025, September 16","Available. Released 2025, September 19",152 x 71 x 8.2 mm (5.98 x 2.80 x 0.32 in),190.0,Glass,IP66,Nano-SIM + Nano-SIM,"LTPO OLED, 120Hz, HDR10+, 1800 nits (HBM), 6000 nits (peak)",120,6.3,1200x2670,465,88.7,,"Android 15, Flyme AIOS 2",Qualcomm SM8735 Snapdragon 8s Gen 4 (4 nm),4,Octa-core (1x3.21 GHz Cortex-X4 & 3x3.0 GHz Cortex-A720 & 2x2.8 GHz Cortex-A720 & 2x2.0 GHz Cortex-A720),Adreno 825,12,16,256,512,UFS 4.0,50.0,3,1.7,Yes,1/1.3,Yes,"Ring-LED flash, panorama, HDR","4K@30/60fps, 1080p@30/60fps, gyro-EIS",50.0,Yes,HDR,"4K@30/60fps, 1080p@30/60fps, gyro-EIS","Wi-Fi 802.11 а/b/g/n/ac/6e/7, dual-band",Yes,5.4,Type-C,No,"GPS (L1+L5), GLONASS (G1), BDS (B1I+B1c+B2a), GALILEO (E1+E5a), QZSS (L1+L5), NavIC (L5)","Fingerprint (under display, ultrasonic), accelerometer, gyro, proximity, compass",5510,80,66,Yes,,,360.0,,,,,,,,"Black, White, Pink",,,,No
Meizu,Meizu Note 22 Pro,https://www.gsmarena.com/meizu_note_22_pro_5g-13884.php,https://fdn2.gsmarena.com/vv/bigpic/meizu-note16-pro.jpg,GSM / HSPA / LTE / 5G,Yes,"2025, May 20","Available. Released 2025, May 20",163.8 x 76.2 x 8.4 mm (6.45 x 3.00 x 0.33 in),197.5,,IP66,Nano-SIM + Nano-SIM,"OLED, 1B colors, 144Hz, 700 nits (typ), 1600 nits (peak), 4500 nits (peak)",144,6.78,1224x2720,440,88.9,,Flyme AIOS 2,Qualcomm SM7635 Snapdragon 7s Gen 3 (4 nm),4,Octa-core (1x2.5 GHz Cortex-A720 & 3x2.4 GHz Cortex-A720 & 4x1.8 GHz Cortex-A520),Adreno 810,8,16,256,512,,50.0,3,1.8,No,,No,"LED flash, panorama, HDR","Yes, gyro-EIS",8.0,No,HDR,Yes,"Wi-Fi 802.11 a/b/g/n/ac/6, dual-band",Yes,5.4,Type-C,No,"GPS (L1+L5), BDS (B1I+B1C+B2a), GALILEO, QZSS, GLONASS","Fingerprint (under display, optical), accelerometer, gyro, proximity, compass",6200,80,,No,,,300.0,,,,,,,,"Lake Glide, Cloud White, Star Ash",,,,Unspecified
Meizu,Meizu Note 22,https://www.gsmarena.com/meizu_note_22_5g-13883.php,https://fdn2.gsmarena.com/vv/bigpic/meizu-note16.jpg,GSM / HSPA / LTE / 5G,Yes,"2025, May 20","Available. Released 2025, May 20",167.6 x 75.8 x 9.2 mm (6.60 x 2.98 x 0.36 in),217.0,,IP65,Nano-SIM + Nano-SIM,"IPS LCD, 120Hz, 1050 nits (HBM), 5000 nits (peak)",120,6.78,1080x2460,396,85.9,,Flyme AIOS 2,Unisoc T8200 (6 nm),6,Octa-core (2x2.3 GHz Cortex-A76 & 6x2.1 GHz Cortex-A55),Mali-G57 MC2,8,12,128,256,,50.0,2,1.8,No,,No,"LED flash, panorama, HDR",Yes,8.0,No,HDR,Yes,"Wi-Fi 802.11 a/b/g/n/ac, dual-band",No,5.0,Type-C,Yes,"GPS, GALILEO, BDS","Fingerprint (side-mounted), accelerometer, proximity, compass",6600,40,,No,,,210.0,,,,,,,,"Pure Flame, Stonehold Black, Snow White",,,,Unspecified
Meizu,Meizu Mblu 22 Pro,https://www.gsmarena.com/meizu_mblu_22_pro-13700.php,https://fdn2.gsmarena.com/vv/bigpic/meizu-mblu-22-pro.jpg,GSM / HSPA / LTE,No,"2025, March 04","Available. Released 2025, May 20",170.8 x 77.5 x 8.5 mm (6.72 x 3.05 x 0.33 in),212.0,,,Nano-SIM + Nano-SIM,"TFT LCD, 120Hz, 400 nits (HBM)",120,6.79,720x1640,264,82.7,,Android 15,Mediatek Helio G81 (12 nm),12,Octa-core (2x2.0 GHz Cortex-A75 & 6x1.8 GHz Cortex-A55),Mali-G52 MC2,4,8,128,256,eMMC 5.1,50.0,2,1.8,No,,No,"LED flash, panorama, HDR",Yes,8.0,No,,Yes,"Wi-Fi 802.11 a/b/g/n/ac, dual-band",Yes,5.0,Type-C,Yes,"GPS, GALILEO, GLONASS, BDS","Fingerprint (side-mounted), accelerometer, proximity",5000,18,,No,,,120.0,,,,,,,,"Titan Black, Deep Sea Blue, Snow White",M2512,,,Unspecified
Meizu,Meizu Mblu 22,https://www.gsmarena.com/meizu_mblu_22-13699.php,https://fdn2.gsmarena.com/vv/bigpic/meizu-mblu-22.jpg,GSM / HSPA / LTE,No,"2025, March 04","Available. Released 2025, May 20",170.8 x 77.5 x 8.9 mm (6.72 x 3.05 x 0.35 in),200.0,,,Nano-SIM + Nano-SIM,"IPS LCD, 90Hz",90,6.79,720x1640,264,82.7,,Android 15 (Go edition),Unisoc SC9863A (28 nm),28,Octa-core (4x1.6 GHz Cortex-A55 & 4x1.2 GHz Cortex-A55),IMG8322,3,4,64,128,eMMC 5.1,13.0,1,1.8,No,,No,"LED flash, panorama, HDR",Yes,5.0,No,,Yes,Wi-Fi 802.11 b/g/n,No,4.2,Type-C,Yes,"GPS, GALILEO, GLONASS, BDS","Fingerprint (side-mounted), accelerometer, proximity",5000,10,,No,,,80.0,,,,,,,,"Titan Black, Snow White, Sea Blue",M2511,,,No
Meizu,Meizu Note 22 4G,https://www.gsmarena.com/meizu_note_22-13698.php,https://fdn2.gsmarena.com/vv/bigpic/meizu-note-22.jpg,GSM / HSPA / LTE,No,"2025, March 04","Available. Released 2025, May 20",165.2 x 75.5 x 8.4 mm (6.50 x 2.97 x 0.33 in),204.0,,IP54,Nano-SIM + Nano-SIM,"AMOLED, 120Hz, 550 nits (typ), 1200 nits (HBM), 1800 nits (peak)",120,6.78,1080x2436,393,88.1,,"Android 15, Flyme OS",Mediatek Helio G99 (6 nm),6,Octa-core (2x2.2 GHz Cortex-A76 & 6x2.0 GHz Cortex-A55),Mali-G57 MC2,8,8,128,512,UFS 2.2,108.0,3,1.7,No,,No,"LED flash, panorama, HDR",Yes,32.0,No,,Yes,"Wi-Fi 802.11 a/b/g/n/ac, dual-band",Yes,6.0,Type-C,No,"GPS, GALILEO, GLONASS, BDS","Fingerprint (under display, optical), accelerometer, gyro, proximity, compass",5000,40,,No,,,180.0,,,,,,,,"Eclipse Black, Titanium Lux, Steel Blue, Graphite Mist",M2513,,,FM radio
Meizu,Meizu Note 16,https://www.gsmarena.com/meizu_note_16_5g-13862.php,https://fdn2.gsmarena.com/vv/bigpic/meizu-note16.jpg,GSM / HSPA / LTE / 5G,Yes,"2025, May 13","Available. Released 2025, May 16",167.6 x 75.8 x 9.2 mm (6.60 x 2.98 x 0.36 in),217.0,,IP65,Nano-SIM + Nano-SIM,"IPS LCD, 120Hz, 1050 nits (peak)",120,6.78,1080x2460,396,85.9,,Flyme AIOS 2,Unisoc T8200 (6 nm),6,Octa-core (2x2.3 GHz Cortex-A76 & 6x2.1 GHz Cortex-A55),Mali-G57 MC2,8,12,128,256,,50.0,2,1.8,No,,No,"LED flash, panorama, HDR",Yes,8.0,No,HDR,Yes,"Wi-Fi 802.11 a/b/g/n/ac, dual-band",Yes,5.0,Type-C,Yes,"GPS, GALILEO, BDS","Fingerprint (side-mounted), accelerometer, proximity, compass",6600,40,,No,,,100.0,,,,,,,,"Black, White, Red",,,,Unspecified
Meizu,Meizu Note 16 Pro,https://www.gsmarena.com/meizu_note_16_pro_5g-13861.php,https://fdn2.gsmarena.com/vv/bigpic/meizu-note16-pro.jpg,GSM / HSPA / LTE / 5G,Yes,"2025, May 13","Available. Released 2025, May 16",163.8 x 76.2 x 8.4 mm (6.45 x 3.00 x 0.33 in),197.5,,IP66,Nano-SIM + Nano-SIM,"OLED, 1B colors, 144Hz, 700 nits (typ), 1600 nits (peak), 4500 nits (peak)",144,6.78,1224x2720,440,88.9,,Flyme AIOS 2,Qualcomm SM7635 Snapdragon 7s Gen 3 (4 nm),4,Octa-core (1x2.5 GHz Cortex-A720 & 3x2.4 GHz Cortex-A720 & 4x1.8 GHz Cortex-A520),Adreno 810,8,16,256,512,,50.0,3,1.8,No,,No,"LED flash, panorama, HDR",Yes,8.0,No,HDR,Yes,"Wi-Fi 802.11 a/b/g/n/ac/6, dual-band",Yes,5.4,Type-C,No,"GPS (L1+L5), BDS (B1I+B1C+B2a), GALILEO, QZSS, GLONASS","Fingerprint (under display, optical), accelerometer, gyro, proximity, compass",6200,80,,No,,,190.0,,,,,,,,"Gray, Blue, White",,,,Unspecified
Meizu,Meizu mblu 21,https://www.gsmarena.com/meizu_mblu_21-13530.php,https://fdn2.gsmarena.com/vv/bigpic/meizu-mblu-21.jpg,GSM / HSPA / LTE,No,"2024, November 27","Available. Released 2024, November",-,,,,Nano-SIM + Nano-SIM,"IPS LCD, 90Hz",90,6.79,720x1640,264,,,Android 14,Unisoc T606 (12 nm),12,Octa-core (2x1.6 GHz Cortex-A75 & 6x1.6 GHz Cortex-A55),Mali-G57 MP1,4,4,64,64,,13.0,1,,No,,No,"LED flash, panorama, HDR",Yes,8.0,No,,Yes,"Wi-Fi 802.11 a/b/g/n/ac, dual-band",No,5.0,Type-C,No,GPS,Fingerprint (side-mounted); unspecified sensors,4900,,,No,,,,,,,,,,,"Black, Blue, White",M2416,,,No
Meizu,Meizu Lucky 08,https://www.gsmarena.com/meizu_lucky_08-13365.php,https://fdn2.gsmarena.com/vv/bigpic/meizu-lucky-08.jpg,GSM / HSPA / LTE / 5G,Yes,"2024, September 25","Available. Released 2024, September 20",163 x 77.5 x 8.6 mm (6.42 x 3.05 x 0.34 in),202.0,,,Nano-SIM + Nano-SIM,"LTPO AMOLED, 1B colors, 144Hz, HDR, 800 nits (typ), 5000 nits (peak)",144,6.78,1264x2780,450,88.5,,Flyme AIOS,Qualcomm SM7435-AB Snapdragon 7s Gen 2 (4 nm),4,Octa-core (4x2.40 GHz Cortex-A78 & 4x1.95 GHz Cortex-A55),Adreno 710,8,12,256,512,,108.0,2,1.7,No,1/1.67,No,"LED flash, panorama, HDR",Yes,8.0,No,HDR,Yes,"Wi-Fi 802.11 a/b/g/n/ac, dual-band",No,5.1,Type-C,No,"GPS (L1+L5), BDS (B1I+B1C+B2a), GLONASS, GALILEO, QZSS","Fingerprint (under display, optical), accelerometer, gyro, proximity, compass",6000,45,,No,,,210.0,,,,,,,,"Black, White",,,,No
Meizu,Meizu Note 21 Pro,https://www.gsmarena.com/meizu_note_21_pro-13341.php,https://fdn2.gsmarena.com/vv/bigpic/meizu-note-21-pro.jpg,GSM / HSPA / LTE,No,"2024, September 13","Available. Released 2024, October",-,,,,Nano-SIM + Nano-SIM,"IPS LCD, 120Hz, 550 nits",120,6.78,1080x2400,388,,,Flyme OS,Mediatek Helio G99 (6 nm),6,Octa-core (2x2.2 GHz Cortex-A76 & 6x2.0 GHz Cortex-A55),Mali-G57 MC2,8,8,256,256,,64.0,2,,No,,No,"LED flash, panorama, HDR",Yes,13.0,No,,Yes,"Wi-Fi 802.11 a/b/g/n/ac, dual-band",Yes,5.3,Type-C,Yes,GPS,Fingerprint (side-mounted); unspecified sensors,5000,30,,No,,,,,,,,,,,"Bay Blue, Sandstone, Marble",,,,No
Meizu,Meizu Note 21,https://www.gsmarena.com/meizu_note_21-13342.php,https://fdn2.gsmarena.com/vv/bigpic/meizu-note-21.jpg,GSM / HSPA / LTE,No,"2024, September 13","Available. Released 2024, October",-,,,,Nano-SIM + Nano-SIM,"IPS LCD, 90Hz, 450 nits",90,6.74,720x1600,260,,,Flyme OS,Unisoc T606 (12 nm),12,Octa-core (2x1.6 GHz Cortex-A75 & 6x1.6 GHz Cortex-A55),Mali-G57 MP1,8,8,256,256,,50.0,2,,No,,No,"LED flash, panorama, HDR",Yes,8.0,No,,Yes,"Wi-Fi 802.11 a/b/g/n/ac, dual-band",No,5.3,Type-C,Yes,GPS,Fingerprint (side-mounted); unspecified sensors,6000,18,,No,,,,,,,,,,,"Ivory, Diamond Black, Gulf Blue",,,,No
Meizu,Meizu Blue 20,https://www.gsmarena.com/meizu_blue_20-13212.php,https://fdn2.gsmarena.com/vv/bigpic/meizu-blue-20.jpg,GSM / HSPA / LTE / 5G,Yes,"2024, July 17","Available. Released 2024, July",8.3 mm thickness,,,,Nano-SIM + Nano-SIM,"IPS LCD, 90Hz",90,6.52,1080x2400,404,,,Flyme AIOS,Unisoc T765 (6 nm),6,Octa-core (2x2.3 GHz Cortex-A76 & 6x2.1 GHz Cortex-A55),Mali-G57 MC2,6,8,128,256,,13.0,2,,No,,Yes,"LED flash, panorama, HDR","4K@30fps, 1080p@30fps",5.0,No,,1080p@30fps,"Wi-Fi 802.11 a/b/g/n/ac, dual-band",No,5.0,Type-C,Yes,"GPS, GALILEO, GLONASS, BDS",Fingerprint (side-mounted); unspecified sensors,5010,,,No,,,,,,,,,,,"Black, White, Purple",,,,No
Meizu,Meizu 21 Note,https://www.gsmarena.com/meizu_21_note-13007.php,https://fdn2.gsmarena.com/vv/bigpic/meizu-21-note.jpg,GSM / HSPA / LTE / 5G,Yes,"2024, May 16","Available. Released 2024, May 21",162.4 x 76.9 x 8.2 mm (6.39 x 3.03 x 0.32 in),205.0,Glass,IP65,Nano-SIM + Nano-SIM,"LTPO OLED, 1B colors, 144Hz, HDR10+, 800 nits (typ), 1600 nits (HBM), 5000 nits (peak)",144,6.78,1264x2780,450,89.5,,Flyme OS,Qualcomm SM8550-AB Snapdragon 8 Gen 2 (4 nm),4,Octa-core (1x3.2 GHz Cortex-X3 & 2x2.8 GHz Cortex-A715 & 2x2.8 GHz Cortex-A710 & 3x2.0 GHz Cortex-A510),Adreno 740,16,16,256,512,UFS,50.0,2,1.7,Yes,1/1.56,Yes,"Ring-LED flash, panorama, HDR","8K, 4K, 1080p; gyro-EIS",16.0,No,HDR,Yes,"Wi-Fi 802.11 а/b/g/n/ac/6e/7, tri-band",Yes,5.3,Type-C,No,"GPS (L1+L5), GLONASS, GALILEO, BDS, QZSS, NavIC","Fingerprint (under display, ultrasonic), accelerometer, gyro, proximity, compass",5500,65,,No,,,330.0,,,,,,,,"Black, White",,,,No
Meizu,Meizu 21 Pro,https://www.gsmarena.com/meizu_21_pro-12805.php,https://fdn2.gsmarena.com/vv/bigpic/meizu-21-pro.jpg,GSM / HSPA / LTE / 5G,Yes,"2024, February 29","Available. Released 2024, March 02",165 x 74.4 x 8 mm (6.50 x 2.93 x 0.31 in),208.0,,IP68,Nano-SIM + Nano-SIM,"LTPO AMOLED, 1B colors, 120Hz, HDR10+, 600 nits (typ), 1250 nits (HBM)",120,6.79,1368x3192,512,87.4,Meizu Titan Glass 2.0,Flyme OS / Flyme AIOS 2,Qualcomm SM8650-AB Snapdragon 8 Gen 3 (4 nm),4,Octa-core (1x3.3 GHz Cortex-X4 & 3x3.2 GHz Cortex-A720 & 2x3.0 GHz Cortex-A720 & 2x2.3 GHz Cortex-A520),Adreno 750,12,16,256,512,UFS 4.0,50.0,3,1.9,Yes,1/1.3,Yes,"Ring-LED flash, panorama, HDR","8K, 4K, 1080p; gyro-EIS",32.0,No,HDR,Yes,"Wi-Fi 802.11 а/b/g/n/ac/6e/7, dual-band",Yes,5.4,Type-C,No,"GPS (L1+L5), GLONASS (G1), BDS (B1I+B1c+B2a), GALILEO (E1+E5a), QZSS (L1+L5), NavIC (L5)","Fingerprint (under display, ultrasonic), accelerometer, gyro, proximity, compass, barometer",5050,80,50,Yes,,,640.0,,,,,,,,"Black, White, Blue, Green, Gray",,,,No
Meizu,Meizu 21,https://www.gsmarena.com/meizu_21-12719.php,https://fdn2.gsmarena.com/vv/bigpic/meizu-21.jpg,GSM / HSPA / LTE / 5G,Yes,"2023, November 30","Available. Released 2023, November 30",156.7 x 75.3 x 7.9 mm (6.17 x 2.96 x 0.31 in),198.0,Glass,IP54,Nano-SIM + Nano-SIM,"AMOLED, 120Hz, HDR10+, 600 nits (typ), 1100 nits (HBM), 1800 nits (peak)",120,6.55,1080x2340,393,89.3,,"Android 13, Flyme 10.5",Qualcomm SM8650-AB Snapdragon 8 Gen 3 (4 nm),4,Octa-core (1x3.3 GHz Cortex-X4 & 3x3.2 GHz Cortex-A720 & 2x3.0 GHz Cortex-A720 & 2x2.3 GHz Cortex-A520),Adreno 750,8,12,256,512,UFS 4.0,200.0,3,1.7,Yes,1/1.4,Yes,"Ring-LED flash, panorama, HDR","8K@30fps, 4K@30/60fps, 1080p@30/60fps, gyro-EIS",32.0,Yes,HDR,"4K@30/60fps, 1080p@30/60fps, gyro-EIS","Wi-Fi 802.11 а/b/g/n/ac/6e/7, dual-band",Yes,5.4,Type-C,No,"GPS (L1+L5), GLONASS (G1), BDS (B1I+B1c+B2a), GALILEO (E1+E5a), QZSS (L1+L5), NavIC (L5)","Fingerprint (under display, ultrasonic), accelerometer, gyro, proximity, compass",4800,80,,No,,,440.0,,,,,,,,"Black, Purple, Green, White",,,,No
Meizu,Meizu 20 Classic,https://www.gsmarena.com/meizu_20_classic-12630.php,https://fdn2.gsmarena.com/vv/bigpic/meizu-20classic.jpg,GSM / HSPA / LTE / 5G,Yes,"2023, October 19","Available. Released 2023, October 31",157.9 x 73.5 x 8 mm (6.22 x 2.89 x 0.31 in),190.0,,IP54,Nano-SIM + Nano-SIM,"OLED, 1B colors, 144Hz, 500 nits (typ), 800 nits (HBM)",144,6.55,1080x2400,402,89.2,,"Android 13, Flyme 10",Qualcomm SM8550-AB Snapdragon 8 Gen 2 (4 nm),4,Octa-core (1x3.2 GHz Cortex-X3 & 2x2.8 GHz Cortex-A715 & 2x2.8 GHz Cortex-A710 & 3x2.0 GHz Cortex-A510),Adreno 740,16,16,256,512,UFS 4.0,50.0,3,1.9,Yes,1/1.56,Yes,"Ring-LED flash, panorama, HDR","8K, 4K, 1080p; gyro-EIS",32.0,No,HDR,Yes,"Wi-Fi 802.11 а/b/g/n/ac/6e/7, dual-band",Yes,5.3,Type-C,No,"GPS (L1+L5), GLONASS, BDS (B1I+B1c+B2a), GALILEO, QZSS","Fingerprint (under display, ultrasonic), accelerometer, gyro, proximity, compass",4700,67,,No,,,400.0,,,,,,,,"Gray, Silver, Green",,,,No
Meizu,Meizu 20 Infinity,https://www.gsmarena.com/meizu_20_infinity-12207.php,https://fdn2.gsmarena.com/vv/bigpic/meizu-20-infinity.jpg,GSM / HSPA / LTE / 5G,Yes,"2023, March 30","Available. Released 2023, June 12",163.4 x 73.3 x 8.2 mm (6.43 x 2.89 x 0.32 in),215.0,,,Nano-SIM + Nano-SIM,"LTPO OLED, 1B colors, 120Hz, 600 nits (typ), 1800 nits (peak)",120,6.79,1368x3192,511,89.9,,"Android 13, Flyme 10",Qualcomm SM8550-AB Snapdragon 8 Gen 2 (4 nm),4,Octa-core (1x3.2 GHz Cortex-X3 & 2x2.8 GHz Cortex-A715 & 2x2.8 GHz Cortex-A710 & 3x2.0 GHz Cortex-A510),Adreno 740,12,16,256,512,UFS 4.0,50.0,3,1.8,Yes,1/1.56,Yes,"LED flash, panorama, HDR","8K, 4K, 1080p; gyro-EIS",32.0,No,HDR,Yes,"Wi-Fi 802.11 а/b/g/n/ac/6e/7, tri-band",Yes,5.3,Type-C,No,"GPS (L1+L5), GLONASS, BDS, GALILEO","Fingerprint (under display, optical), accelerometer, gyro, proximity, compass, barometer",4800,65,50,No,,,820.0,,,,,,,,"Gray, Green, Silver",,,,No
Meizu,Meizu 20 Pro,https://www.gsmarena.com/meizu_20_pro-12161.php,https://fdn2.gsmarena.com/vv/bigpic/meizu-20-pro.jpg,GSM / HSPA / LTE / 5G,Yes,"2023, March 30","Available. Released 2023, June 20",164.2 x 76.4 x 7.8 mm (6.46 x 3.01 x 0.31 in),209.0,,IP54,Nano-SIM + Nano-SIM,"LTPO OLED, 120Hz, HDR10+, 500 nits (typ), 1800 nits (peak)",120,6.81,1440x3200,515,89.3,,"Android 13, Flyme 10",Qualcomm SM8550-AB Snapdragon 8 Gen 2 (4 nm),4,Octa-core (1x3.2 GHz Cortex-X3 & 2x2.8 GHz Cortex-A715 & 2x2.8 GHz Cortex-A710 & 3x2.0 GHz Cortex-A510),Adreno 740,12,12,128,512,UFS 4.0 - 512GB,50.0,3,1.9,Yes,,Yes,"Ring-LED flash, panorama, HDR","8K, 4K, 1080p; gyro-EIS",32.0,No,HDR,Yes,"Wi-Fi 802.11 а/b/g/n/ac/6e/7, tri-band",Yes,5.3,Type-C,No,"GPS (L1+L5), GLONASS, BDS (B1I+B1c+B2a), GALILEO, QZSS","Fingerprint (under display, ultrasonic), accelerometer, gyro, proximity, compass",5000,80,50,No,,,530.0,,,,,,,,"Gray, Gold, Silver",,,,No
Meizu,Meizu 20,https://www.gsmarena.com/meizu_20-12206.php,https://fdn2.gsmarena.com/vv/bigpic/meizu-20.jpg,GSM / HSPA / LTE / 5G,Yes,"2023, March 30","Available. Released 2023, May 22",157.9 x 73.5 x 8 mm (6.22 x 2.89 x 0.31 in),190.0,,IP54,Nano-SIM + Nano-SIM,"OLED, 1B colors, 144Hz, 500 nits (typ), 800 nits (HBM)",144,6.55,1080x2400,402,89.2,,"Android 13, Flyme 10",Qualcomm SM8550-AB Snapdragon 8 Gen 2 (4 nm),4,Octa-core (1x3.2 GHz Cortex-X3 & 2x2.8 GHz Cortex-A715 & 2x2.8 GHz Cortex-A710 & 3x2.0 GHz Cortex-A510),Adreno 740,12,12,128,512,UFS 4.0 UFS 3.1 - 128GB only,50.0,3,1.9,Yes,1/1.56,Yes,"Ring-LED flash, panorama, HDR","8K, 4K, 1080p; gyro-EIS",32.0,No,HDR,Yes,"Wi-Fi 802.11 а/b/g/n/ac/6e/7, dual-band",Yes,5.3,Type-C,No,"GPS (L1+L5), GLONASS, BDS (B1I+B1c+B2a), GALILEO, QZSS","Fingerprint (under display, ultrasonic), accelerometer, gyro, proximity, compass",4700,67,,No,,,400.0,,,,,,,,"Gray, Yellow, Mint, Rose Gold",,,,No
Meizu,Meizu 18s Pro,https://www.gsmarena.com/meizu_18s_pro-11075.php,https://fdn2.gsmarena.com/vv/bigpic/meizu-18s-pro.jpg,GSM / HSPA / LTE / 5G,Yes,"2021, September 22. Released 2021, September 23",Discontinued,162.5 x 73 x 8.1 mm (6.40 x 2.87 x 0.32 in),189.0,,,Nano-SIM + Nano-SIM,"Super AMOLED, 120Hz, HDR10+, 420 nits (typ), 1300 nits (peak)",120,6.7,1440x3200,526,90.7,Gorilla Glass 6,"Android 11, Flyme 9.2",Qualcomm SM8350 Snapdragon 888+ 5G (5 nm),5,Octa-core (1x3.0 GHz Cortex-X1 & 3x2.42 GHz Cortex-A78 & 4x1.80 GHz Cortex-A55),Adreno 660,8,12,128,256,UFS 3.1,50.0,3,1.9,Yes,1/1.31,Yes,"LED flash, HDR, panorama","8K, 4K@30/60fps, 1080p; gyro-EIS, HDR",44.0,Yes,HDR,"4K@30fps, 1080p@30fps","Wi-Fi 802.11 а/b/g/n/ac/6e, dual-band, Wi-Fi Direct",Yes,5.2,Type-C,No,"GPS (L1+L5), GLONASS, BDS, GALILEO, QZSS","Fingerprint (under display, ultrasonic), accelerometer, gyro, proximity, compass",4500,40,40,Yes,,,610.0,,,,,,,,"Blue, White, Gray",M192Q,,,No
Meizu,Meizu 18s,https://www.gsmarena.com/meizu_18s-11115.php,https://fdn2.gsmarena.com/vv/bigpic/meizu-18s.jpg,GSM / HSPA / LTE / 5G,Yes,"2021, September 22. Released 2021, September 23",Discontinued,152.4 x 69.2 x 8.2 mm (6.00 x 2.72 x 0.32 in),162.0,,,Nano-SIM + Nano-SIM,"Super AMOLED, 120Hz, HDR10+, 420 nits (typ), 1300 nits (peak)",120,6.2,1440x3200,563,88.9,,"Android 11, Flyme 9.2",Qualcomm SM8350 Snapdragon 888+ 5G (5 nm),5,Octa-core (1x3.0 GHz Cortex-X1 & 3x2.42 GHz Cortex-A78 & 4x1.80 GHz Cortex-A55),Adreno 660,8,12,128,256,UFS 3.1,64.0,3,1.6,Yes,1/1.73,Yes,"Dual-LED dual-tone flash, HDR, panorama","4K@30/60fps, 1080p; gyro-EIS",20.0,No,HDR,1080p@30fps,"Wi-Fi 802.11 а/b/g/n/ac/6e, dual-band, Wi-Fi Direct",Yes,5.2,Type-C,No,"GPS (L1+L5), GLONASS, BDS, GALILEO, QZSS","Fingerprint (under display, ultrasonic), accelerometer, gyro, proximity, compass",4000,36,,No,,,490.0,,,,,,,,"Light Blue, White, Aurora, Pink/Violet",,,,No
Meizu,Meizu 18x,https://www.gsmarena.com/meizu_18x-11116.php,https://fdn2.gsmarena.com/vv/bigpic/meizu-18x.jpg,GSM / HSPA / LTE / 5G,Yes,"2021, September 22. Released 2021, September 22",Discontinued,165.1 x 76.4 x 8 mm (6.5 x 3.01 x 0.31 in),189.0,,,Nano-SIM + Nano-SIM,"OLED, 1B colors, 120Hz, 500 nits (typ), 700 nits (peak)",120,6.67,1080x2400,395,85.2,,"Android 11, Flyme 9.2",Qualcomm SM8250-AC Snapdragon 870 5G (7 nm),7,Octa-core (1x3.2 GHz Kryo 585 & 3x2.42 GHz Kryo 585 & 4x1.80 GHz Kryo 585),Adreno 650,8,12,128,256,UFS 3.1,64.0,3,1.8,No,1/1.97,No,"LED flash, HDR, panorama",1080p@30fps,13.0,No,HDR,1080p@30fps,"Wi-Fi 802.11 а/b/g/n/ac/6e, dual-band, Wi-Fi Direct",No,5.2,Type-C,No,"GPS, GLONASS, GALILEO, BDS","Fingerprint (under display, optical), accelerometer, gyro, proximity, compass",4300,30,,No,,,340.0,,,,,,,,"Light Blue, White, Gray",,,,No
Meizu,Meizu Watch,https://www.gsmarena.com/meizu_watch-10939.php,https://fdn2.gsmarena.com/vv/bigpic/meizu-watch.jpg,GSM / HSPA / LTE,No,"2021, May 31. Released 2021, June 01",Discontinued,46 x 38.4 x 13 mm (1.81 x 1.51 x 0.51 in),43.0,Ceramic,,eSIM,"AMOLED, 450 nits (typ)",,1.78,368x448,326,,Corning Gorilla Glass,Flyme,Qualcomm Snapdragon Wear 4100 (12 nm),12,Quad-core 1.7 GHz Cortex-A53,Adreno 504,1,1,8,8,eMMC 4.5,,,,No,,No,,,,No,,,Wi-Fi 802.11 b/g/n,Yes,4.2,No,No,"GPS, GLONASS, BDS, QZSS","Accelerometer, heart rate, SpO2, gyro, barometer, compass",430,,,No,,,190.0,,,,,,,,"Black, Azure",,,,No
Meizu,Meizu 18 Pro,https://www.gsmarena.com/meizu_18_pro-10751.php,https://fdn2.gsmarena.com/vv/bigpic/meizu-18-pro.jpg,GSM / HSPA / LTE / 5G,Yes,"2021, March 03. Released 2021, March 08",Discontinued,162.5 x 73 x 8.1 mm (6.40 x 2.87 x 0.32 in),189.0,,,Nano-SIM + Nano-SIM,"Super AMOLED, 120Hz, HDR10+, 420 nits (typ), 1300 nits (peak)",120,6.7,1440x3200,526,90.7,Gorilla Glass 6,"Android 11, Flyme 9",Qualcomm SM8350 Snapdragon 888 5G (5 nm),5,Octa-core (1x2.84 GHz Cortex-X1 & 3x2.42 GHz Cortex-A78 & 4x1.80 GHz Cortex-A55),Adreno 660,8,12,128,256,UFS 3.1,50.0,3,1.9,Yes,1/1.31,Yes,"LED flash, HDR, panorama","8K, 4K@30/60fps, 1080p; gyro-EIS",44.0,Yes,HDR,"4K@30fps, 1080p@30fps","Wi-Fi 802.11 а/b/g/n/ac/6e, dual-band, Wi-Fi Direct",Yes,5.2,Type-C,No,"GPS (L1+L5), GLONASS, BDS, GALILEO, QZSS, NavIC","Fingerprint (under display, ultrasonic), accelerometer, gyro, proximity, compass",4500,40,40,Yes,,,640.0,,,,,,,,"Blue, White, Gray",,,,No
Meizu,Meizu 18,https://www.gsmarena.com/meizu_18-10766.php,https://fdn2.gsmarena.com/vv/bigpic/meizu-18-.jpg,GSM / HSPA / LTE / 5G,Yes,"2021, March 03. Released 2021, March 08",Discontinued,152.4 x 69.2 x 8.2 mm (6.00 x 2.72 x 0.32 in),162.0,,,Nano-SIM + Nano-SIM,"Super AMOLED, 120Hz, HDR10+, 420 nits (typ), 1300 nits (peak)",120,6.2,1440x3200,563,88.9,,"Android 11, Flyme 9",Qualcomm SM8350 Snapdragon 888 5G (5 nm),5,Octa-core (1x2.84 GHz Cortex-X1 & 3x2.42 GHz Cortex-A78 & 4x1.80 GHz Cortex-A55),Adreno 660,8,12,128,256,UFS 3.1,64.0,3,1.6,Yes,1/1.73,Yes,"Dual-LED dual-tone flash, HDR, panorama","4K@30/60fps, 1080p; gyro-EIS",20.0,No,HDR,1080p@30fps,"Wi-Fi 802.11 а/b/g/n/ac/6e, dual-band, Wi-Fi Direct",Yes,5.2,Type-C,No,"GPS (L1+L5), GLONASS, BDS, GALILEO, QZSS, NavIC","Fingerprint (under display, ultrasonic), accelerometer, gyro, proximity, compass",4000,36,,No,,,560.0,,,,,,,,"Light Blue, White, Aurora",,,,No
Meizu,Meizu 17 Pro,https://www.gsmarena.com/meizu_17_pro-10232.php,https://fdn2.gsmarena.com/vv/bigpic/meizu-m17-pro1.jpg,GSM / CDMA / HSPA / LTE / 5G,Yes,"2020, May 08. Released 2020, May 11",Discontinued,160 x 77.2 x 8.5 mm (6.30 x 3.04 x 0.33 in),219.0,Ceramic,,Nano-SIM + Nano-SIM,"Super AMOLED, 120Hz, HDR10+, 700 nits (typ)",120,6.6,1080x2340,390,86.6,,"Android 10, Flyme 8.1",Qualcomm SM8250 Snapdragon 865 5G (7 nm+),,Octa-core (1x2.84 GHz Cortex-A77 & 3x2.42 GHz Cortex-A77 & 4x1.80 GHz Cortex-A55),Adreno 650,8,12,128,256,UFS 3.1,64.0,3,1.8,No,1/1.72,Yes,"5-LED dual-tone flash, Auto-HDR, panorama","4K@30/60fps, 1080p; gyro-EIS",20.0,No,HDR,1080p@30fps,"Wi-Fi 802.11 а/b/g/n/ac/6, dual-band, Wi-Fi Direct",Yes,5.1,Type-C,No,"GPS (L1+L5), GLONASS, BDS","Fingerprint (under display, optical), accelerometer, gyro, proximity, compass",4500,30,27,No,,,560.0,,,,,,,,"Mint, Black, White",,,,No
Meizu,Meizu 17,https://www.gsmarena.com/meizu_17-10129.php,https://fdn2.gsmarena.com/vv/bigpic/meizu-m17.jpg,GSM / CDMA / HSPA / LTE / 5G,Yes,"2020, May 08. Released 2020, May 11",Discontinued,160 x 77.2 x 8.5 mm (6.30 x 3.04 x 0.33 in),199.0,,,Nano-SIM + Nano-SIM,"Super AMOLED, 120Hz, HDR10+, 700 nits (typ)",120,6.6,1080x2340,390,86.6,,"Android 10, Flyme 8.1",Qualcomm SM8250 Snapdragon 865 5G (7 nm+),,Octa-core (1x2.84 GHz Cortex-A77 & 3x2.42 GHz Cortex-A77 & 4x1.80 GHz Cortex-A55),Adreno 650,8,8,128,256,UFS 3.1,64.0,4,1.8,No,1/1.72,Yes,"5-LED dual-tone flash, Auto-HDR, panorama","4K@30/60fps, 1080p; gyro-EIS",20.0,No,HDR,1080p@30fps,"Wi-Fi 802.11 а/b/g/n/ac/6, dual-band, Wi-Fi Direct",Yes,5.1,Type-C,No,"GPS (L1+L5), GLONASS, BDS","Fingerprint (under display, optical), accelerometer, gyro, proximity, compass",4500,30,,No,,,530.0,,,,,,,,"Green, Gray, Aurora White",,,,No
Meizu,Meizu 16T,https://www.gsmarena.com/meizu_16t-9926.php,https://fdn2.gsmarena.com/vv/bigpic/meizu-16t.jpg,GSM / CDMA / HSPA / LTE,No,"2019, October. Released 2019, October",Discontinued,159.6 x 78.2 x 8.3 mm (6.28 x 3.08 x 0.33 in),183.0,,,Nano-SIM + Nano-SIM,"Super AMOLED, 430 nits (typ)",,6.5,1080x2232,382,85.2,,"Android 9.0 (Pie), Flyme 8",Qualcomm SM8150 Snapdragon 855 (7 nm),7,Octa-core (1x2.84 GHz Kryo 485 & 3x2.42 GHz Kryo 485 & 4x1.78 GHz Kryo 485),Adreno 640,6,8,128,256,UFS 3.0,12.0,3,1.9,No,1/2.55,Yes,"LED flash, HDR, panorama",4K@30/60fps,16.0,No,HDR,1080p@30fps,"Wi-Fi 802.11 а/b/g/n/ac, dual-band, Wi-Fi Direct",No,5.0,Type-C,Yes,"GPS, GLONASS, BDS","Fingerprint (under display, optical), accelerometer, gyro, proximity, compass",4500,18,,No,,,250.0,,,,,,,,"Orange, Blue, Green",,,,No
Meizu,Meizu M10,https://www.gsmarena.com/meizu_m10-9953.php,https://fdn2.gsmarena.com/vv/bigpic/meizu-m10.jpg,GSM / CDMA / HSPA / LTE,No,"2019, September. Released 2019, October",Discontinued,164.9 x 76.3 x 8.5 mm (6.49 x 3.00 x 0.33 in),184.0,,,Nano-SIM + Nano-SIM,"IPS LCD, 450 nits (typ)",,6.5,720x1600,270,81.1,,"Android 9.0 (Pie), Flyme 8",Mediatek MT6757T Helio P25 (16 nm),16,Octa-core (4x2.5 GHz Cortex-A53 & 4x1.6 GHz Cortex-A53),Mali-T880MP2,2,3,32,32,,13.0,3,2.0,No,,No,"LED flash, HDR, panorama",1080p@30fps,8.0,No,HDR,1080p@30fps,Wi-Fi 802.11 b/g/n,No,4.2,Micro-USB,Yes,"GPS, GLONASS, BDS","Fingerprint (rear-mounted), accelerometer, proximity, compass",4000,,,No,,,180.0,,,,,,,,"Phantom Black, Purplish Red, Sea Blue",,,,No
Meizu,Meizu 16s Pro,https://www.gsmarena.com/meizu_16s_pro-9792.php,https://fdn2.gsmarena.com/vv/bigpic/meizu-16s-pro.jpg,GSM / CDMA / HSPA / LTE,No,"2019, August. Released 2019, August",Discontinued,151.9 x 73.4 x 7.7 mm (5.98 x 2.89 x 0.30 in),166.0,,,Nano-SIM + Nano-SIM,Super AMOLED,,6.2,1080x2232,403,85.9,,"Android 9.0 (Pie), Flyme 8",Qualcomm SM8150 Snapdragon 855+ (7 nm),7,Octa-core (1x2.96 GHz Kryo 485 & 3x2.42 GHz Kryo 485 & 4x1.78 GHz Kryo 485),Adreno 640 (700 MHz),6,8,128,256,UFS 3.0,48.0,3,1.7,Yes,1/2.0,Yes,"Six-LED dual-tone flash, Auto-HDR, panorama","4K@30/60fps, 1080p@30fps (gyro-EIS)",20.0,No,HDR,1080p@30fps,"Wi-Fi 802.11 а/b/g/n/ac, dual-band, Wi-Fi Direct",Yes,5.0,Type-C,No,"GPS (L1+L5), GLONASS, BDS, GALILEO","Fingerprint (under display, optical), accelerometer, gyro, proximity, compass",3600,24,,No,,,340.0,,,,,,,,"Twilight Forest, Dream Unicorn, Black Mirror, White story",,,,No
Meizu,Meizu 16Xs,https://www.gsmarena.com/meizu_16xs-9724.php,https://fdn2.gsmarena.com/vv/bigpic/meizu-16xs.jpg,GSM / CDMA / HSPA / LTE,No,"2019, May. Released 2019, June",Discontinued,152 x 74.4 x 8.3 mm (5.98 x 2.93 x 0.33 in),165.0,,,Nano-SIM + Nano-SIM,Super AMOLED,,6.2,1080x2232,403,84.7,,"Android 9.0 (Pie), Flyme",Qualcomm SDM675 Snapdragon 675 (11 nm),11,Octa-core (2x2.0 GHz Kryo 460 Gold & 6x1.7 GHz Kryo 460 Silver),Adreno 612,6,6,64,128,,48.0,3,1.7,No,1/2.0,Yes,"LED flash, HDR, panorama","4K@30fps, 1080p@30fps (gyro-EIS)",16.0,No,HDR,1080p@30fps,"Wi-Fi 802.11 а/b/g/n/ac, dual-band, Wi-Fi Direct",No,5.0,Type-C,Yes,"GPS, GLONASS, BDS","Fingerprint (under display, optical), accelerometer, gyro, proximity, compass",4000,24,,No,,,220.0,,,,,,,,"Carbon Black, Pearl White, Phantom Blue",,,,No
Meizu,Meizu 16s,https://www.gsmarena.com/meizu_16s-9424.php,https://fdn2.gsmarena.com/vv/bigpic/meizu-16s.jpg,GSM / CDMA / HSPA / LTE,No,"2019, April. Released 2019, April",Discontinued,151.9 x 73.4 x 7.6 mm (5.98 x 2.89 x 0.30 in),165.0,,,Nano-SIM + Nano-SIM,AMOLED,,6.2,1080x2232,400,87.2,,"Android 9.0 (Pie), Flyme 7.3",Qualcomm SM8150 Snapdragon 855 (7 nm),7,Octa-core (1x2.84 GHz Kryo 485 & 3x2.42 GHz Kryo 485 & 4x1.78 GHz Kryo 485),Adreno 640,6,8,128,256,UFS 2.1,48.0,2,1.7,Yes,1/2.0,Yes,"Six-LED dual-tone flash, Auto-HDR, panorama","4K@30fps, 1080p@30fps (gyro-EIS)",20.0,No,HDR,1080p@30fps,"Wi-Fi 802.11 а/b/g/n/ac, dual-band, Wi-Fi Direct",Yes,5.0,Type-C,No,"GPS, BDS","Fingerprint (under display, optical), accelerometer, gyro, proximity, compass",3600,24,,No,,,420.0,,,,,,,,"Carbon Black, Pearl White, Phantom Blue",,,,No
Meizu,Meizu Note 9,https://www.gsmarena.com/meizu_note_9-9555.php,https://fdn2.gsmarena.com/vv/bigpic/meizu-note-9.jpg,GSM / CDMA / HSPA / LTE,No,"2019, March. Released 2019, March",Discontinued,153.1 x 74.4 x 8.7 mm (6.03 x 2.93 x 0.34 in),170.0,,,Nano-SIM + Nano-SIM,IPS LCD,,6.2,1080x2244,403,84.7,,"Android 9.0 (Pie), Flyme 7.2",Qualcomm SDM675 Snapdragon 675 (11 nm),11,Octa-core (2x2.0 GHz Kryo 460 Gold & 6x1.7 GHz Kryo 460 Silver),Adreno 612,4,6,64,128,,48.0,2,1.7,No,1/2.0,No,"Dual-LED dual-tone flash, panorama",1080p@30fps,20.0,No,,1080p@30fps,"Wi-Fi 802.11 a/b/g/n/ac, dual-band, Wi-Fi Direct",No,5.0,Type-C,Yes,"GPS, GLONASS, BDS","Fingerprint (rear-mounted), accelerometer, gyro, proximity, compass",4000,18,,No,,,200.0,,,,,,,,"Black, White, Starlight Blue",,,,No
Meizu,Meizu Zero,https://www.gsmarena.com/meizu_zero-9528.php,https://fdn2.gsmarena.com/vv/bigpic/meizu-zero-.jpg,GSM / CDMA / HSPA / LTE,No,"2019, January",Cancelled,149.8 x 74.3 x 7.9 mm (5.90 x 2.93 x 0.31 in),,Ceramic,IP68,eSIM,AMOLED,,5.99,1080x2340,430,79.1,,Android 8.1 (Oreo),Qualcomm SDM845 Snapdragon 845 (10 nm),10,Octa-core (4x2.8 GHz Kryo 385 Gold & 4x1.8 GHz Kryo 385 Silver),Adreno 630,6,8,128,128,,12.0,2,1.8,No,1/2.3,Yes,"Dual-LED dual-tone flash, panorama","4K@30fps, 1080p@30fps",20.0,No,,1080p@30fps,"Wi-Fi 802.11 a/b/g/n/ac, dual-band, Wi-Fi Direct",No,5.0,No,No,"GPS, GLONASS","Fingerprint (under display, optical), accelerometer, gyro, proximity, compass",,18,18,No,,,,,,,,,,,"Black, White",,,,No
Meizu,Meizu C9 Pro,https://www.gsmarena.com/meizu_c9_pro-9453.php,https://fdn2.gsmarena.com/vv/bigpic/meizu-c9-pro.jpg,GSM / HSPA / LTE,No,"2018, December. Released 2018, December",Discontinued,146.2 x 71.2 x 9.7 mm (5.76 x 2.80 x 0.38 in),150.0,,,Nano-SIM + Nano-SIM,IGZO IPS LCD,,5.45,720x1440,295,73.6,,"Android 8.0 (Oreo), Flyme UI",Unisoc SC9832E,,Quad-core 1.3 GHz Cortex-A53,Mali-820MP1,3,3,32,32,,13.0,1,2.2,No,1/3.1,No,"LED flash, panorama",1080p@30fps,13.0,No,,,Wi-Fi 802.11 b/g/n,No,4.1,Micro-USB,Yes,"GPS, GLONASS","Accelerometer, proximity, compass",3000,,,No,,,110.0,,,,,,,,"Black, Gold",,,,No
Meizu,Meizu C9,https://www.gsmarena.com/meizu_c9-9454.php,https://fdn2.gsmarena.com/vv/bigpic/meizu-c9.jpg,GSM / HSPA / LTE,No,"2018, December. Released 2018, December",Discontinued,146.2 x 71.2 x 9.7 mm (5.76 x 2.80 x 0.38 in),150.0,,,Nano-SIM + Nano-SIM,IGZO IPS LCD,,5.45,720x1440,295,73.6,,"Android 8.0 (Oreo), Flyme UI",Unisoc SC9832E,,Quad-core 1.3 GHz Cortex-A53,Mali-820MP1,2,2,16,16,,13.0,1,2.2,No,1/3.1,No,"LED flash, panorama",1080p@30fps,8.0,No,,,Wi-Fi 802.11 b/g/n,No,4.1,Micro-USB,Yes,"GPS, GLONASS","Accelerometer, proximity, compass",3000,,,No,,,90.0,,,,,,,,"Black, Blue",C9,,,No
Meizu,Meizu Note 8,https://www.gsmarena.com/meizu_note_8-9384.php,https://fdn2.gsmarena.com/vv/bigpic/meizu-note-8-.jpg,GSM / CDMA / HSPA / LTE,No,"2018, October. Released 2018, November",Discontinued,153.6 x 75.5 x 7.9 mm (6.05 x 2.97 x 0.31 in),168.0,,,Nano-SIM + Nano-SIM,IPS LCD,,6.0,1080x2160,402,80.1,,"Android 8.0 (Oreo), Flyme 7.3",Qualcomm SDM632 Snapdragon 632 (14 nm),14,Octa-core (4x1.8 GHz Kryo 250 Gold & 4x1.8 GHz Kryo 250 Silver),Adreno 506,4,4,64,64,eMMC 5.1,12.0,2,1.9,No,1/2.55,No,"Dual-LED dual-tone flash, panorama",1080p@30fps,8.0,No,,,"Wi-Fi 802.11 а/b/g/n, dual-band, Wi-Fi Direct",No,4.2,Micro-USB,Yes,"GPS, GLONASS, BDS","Fingerprint (rear-mounted), accelerometer, gyro, proximity, compass",3600,24,,No,,,200.0,,,,,,,,"Black, Blue, Red, Pink",,,,No
Meizu,Meizu X8,https://www.gsmarena.com/meizu_x8-9341.php,https://fdn2.gsmarena.com/vv/bigpic/meizu-x8.jpg,GSM / CDMA / HSPA / LTE,No,"2018, September. Released 2018, October",Discontinued,151.2 x 74.6 x 7.8 mm (5.95 x 2.94 x 0.31 in),160.0,,,Nano-SIM + Nano-SIM,IPS LCD,,6.2,1080x2220,398,86.5,,"Android 8.0 (Oreo), Flyme UI",Qualcomm SDM710 Snapdragon 710 (10 nm),10,Octa-core (2x2.2 GHz 360 Gold & 6x1.7 GHz Kryo 360 Silver),Adreno 616,4,6,64,128,,12.0,2,1.9,No,1/2.55,No,"Dual-LED dual-tone flash, panorama",1080p@30fps,20.0,No,,,"Wi-Fi 802.11 b/g/n/ac, dual-band, Wi-Fi Direct",No,5.0,Type-C,Yes,"GPS, GLONASS","Fingerprint (rear-mounted), accelerometer, proximity, compass",3210,,,No,,,200.0,,,,,,,,"Black, Blue, White",X8,,,No
Meizu,Meizu V8 Pro,https://www.gsmarena.com/meizu_v8_pro-9338.php,https://fdn2.gsmarena.com/vv/bigpic/meizu-v8-pro.jpg,GSM / CDMA / HSPA / LTE,No,"2018, September. Released 2018, September",Discontinued,147.5 x 72.7 x 8.1 mm (5.81 x 2.86 x 0.32 in),159.0,,,Nano-SIM + Nano-SIM,IPS LCD,,5.7,720x1440,282,78.2,,"Android 8.0 (Oreo), Flyme UI",Mediatek MT6762 Helio P22 (12 nm),12,Octa-core 2.0 GHz Cortex-A53,PowerVR GE8320,4,4,64,64,eMMC 5.1,12.0,2,2.2,No,,No,"Dual-LED dual-tone flash, panorama",1080p@30fps,5.0,No,,,"Wi-Fi 802.11 a/b/g/n, dual-band, Wi-Fi Direct",No,5.0,Micro-USB,Yes,"GPS, GLONASS","Fingerprint (rear-mounted), accelerometer, proximity, compass",3100,,,No,,,150.0,,,,,,,,"Black, Gold",,,,No
Meizu,Meizu V8,https://www.gsmarena.com/meizu_v8-9339.php,https://fdn2.gsmarena.com/vv/bigpic/meizu-v8.jpg,GSM / CDMA / HSPA / LTE,No,"2018, September. Released 2018, September",Discontinued,148 x 73 x 8.4 mm (5.83 x 2.87 x 0.33 in),145.0,,,Nano-SIM + Nano-SIM,IPS LCD,,5.7,720x1440,282,77.6,,"Android 8.0 (Oreo), Flyme UI",Mediatek MT6739 (28 nm),28,Quad-core 1.5 GHz Cortex-A53,PowerVR GE8100,3,3,32,32,eMMC 5.1,13.0,1,2.2,No,,No,"Dual-LED dual-tone flash, panorama",1080p@30fps,5.0,No,,,"Wi-Fi 802.11 b/g/n, Wi-Fi Direct",No,4.2,Micro-USB,Yes,"GPS, GLONASS","Fingerprint (rear-mounted), accelerometer, proximity, compass",3200,,,No,,,100.0,,,,,,,,"Black, White",,,,No
Meizu,Meizu 16X,https://www.gsmarena.com/meizu_16x-9337.php,https://fdn2.gsmarena.com/vv/bigpic/meizu-m16x-.jpg,GSM / CDMA / HSPA / LTE,No,"2018, September. Released 2018, September",Discontinued,151 x 73.5 x 7.5 mm (5.94 x 2.89 x 0.30 in),154.0,,,Nano-SIM + Nano-SIM,Super AMOLED,,6.0,1080x2160,402,83.7,,"Android 8.0 (Oreo), Flyme UI",Qualcomm SDM710 Snapdragon 710 (10 nm),10,Octa-core (2x2.2 GHz 360 Gold & 6x1.7 GHz Kryo 360 Silver),Adreno 616,6,6,64,128,,12.0,2,1.8,Yes,1/2.3,Yes,"Laser AF, Six-LED dual-tone flash, Auto-HDR, panorama","4K@30fps, 1080p@30fps (gyro-EIS)",20.0,No,,1080p@30fps,"Wi-Fi 802.11 а/b/g/n/ac, dual-band, Wi-Fi Direct",No,5.0,Type-C,Yes,"GPS, GLONASS, BDS","Fingerprint (under display, optical), accelerometer, gyro, proximity, compass",3100,,,No,,,300.0,,,,,,,,"Black, White, Gold",,,,No
Meizu,Meizu 16,https://www.gsmarena.com/meizu_16-9280.php,https://fdn2.gsmarena.com/vv/bigpic/meizu-16.jpg,GSM / CDMA / HSPA / LTE,No,"2018, August. Released 2018, August",Discontinued,150.5 x 73.2 x 7.3 mm (5.93 x 2.88 x 0.29 in),152.0,,,Nano-SIM + Nano-SIM,Super AMOLED,,6.0,1080x2160,402,84.3,,"Android 8.1 (Oreo), Flyme UI",Qualcomm SDM845 Snapdragon 845 (10 nm),10,Octa-core (4x2.8 GHz Kryo 385 Gold & 4x1.7 GHz Kryo 385 Silver),Adreno 630,6,8,64,128,UFS 2.1,12.0,2,1.8,Yes,1/2.3,Yes,"Laser AF, Six-LED dual-tone flash, Auto-HDR, panorama","4K@30fps, 1080p@30fps (gyro-EIS)",20.0,No,,1080p@30fps,"Wi-Fi 802.11 а/b/g/n/ac, dual-band, Wi-Fi Direct",No,5.0,Type-C,Yes,"GPS, GLONASS, BDS, GALILEO, SBAS, QZSS","Fingerprint (under display, optical), accelerometer, gyro, proximity, compass",3010,24,,No,,,410.0,,,,,,,,"Black, White",,,,No
Meizu,Meizu 16 Plus,https://www.gsmarena.com/meizu_16_plus-9279.php,https://fdn2.gsmarena.com/vv/bigpic/meizu-16-plus.jpg,GSM / CDMA / HSPA / LTE,No,"2018, August. Released 2018, August",Discontinued,160.4 x 78.2 x 7.3 mm (6.31 x 3.08 x 0.29 in),182.0,,,Nano-SIM + Nano-SIM,Super AMOLED,,6.5,1080x2160,374,86.0,,"Android 8.1 (Oreo), Flyme UI",Qualcomm SDM845 Snapdragon 845 (10 nm),10,Octa-core (4x2.8 GHz Kryo 385 Gold & 4x1.7 GHz Kryo 385 Silver),Adreno 630,6,8,128,256,,12.0,2,1.8,Yes,1/2.3,Yes,"Laser AF, Six-LED dual-tone flash, Auto-HDR, panorama","4K@30fps, 1080p@30fps (gyro-EIS)",20.0,No,,1080p@30fps,"Wi-Fi 802.11 а/b/g/n/ac, dual-band, Wi-Fi Direct",No,5.0,Type-C,Yes,"GPS, GLONASS, BDS, GALILEO, SBAS, QZSS","Fingerprint (under display, optical), accelerometer, gyro, proximity, compass",3570,24,,No,,,480.0,,,,,,,,"Black, White",,,,No
Meizu,Meizu M6T,https://www.gsmarena.com/meizu_m6t-9213.php,https://fdn2.gsmarena.com/vv/bigpic/meizu-m6t.jpg,GSM / CDMA / HSPA / LTE,No,"2018, May. Released 2018, June",Discontinued,152.3 x 73 x 8.4 mm (6.00 x 2.87 x 0.33 in),145.0,Glass,,Nano-SIM + Nano-SIM,IPS LCD,,5.7,720x1440,282,75.4,,"Android 7.0 (Nougat), Flyme UI",Mediatek MT6750 (28 nm),28,Octa-core (4x1.5 GHz Cortex-A53 & 4x1.0 GHz Cortex-A53),Mali-T860MP2,3,4,32,64,eMMC 5.1,13.0,2,2.2,No,,No,"LED flash, panorama",1080p@30fps,8.0,No,,,"Wi-Fi 802.11 a/b/g/n, dual-band, Wi-Fi Direct",No,4.1,Micro-USB,Yes,"GPS, GLONASS","Fingerprint (rear-mounted), accelerometer, proximity, compass",3300,,,No,,,130.0,,,,,,,,"Black, Champagne Gold, Coral Red",M6T,,,FM radio
Meizu,Meizu M8c,https://www.gsmarena.com/meizu_m8c-9210.php,https://fdn2.gsmarena.com/vv/bigpic/meizu-m8c.jpg,GSM / HSPA / LTE,No,"2018, May. Released 2018, June",Discontinued,146.4 x 70 x 8.5 mm (5.76 x 2.76 x 0.33 in),140.0,,,Nano-SIM + Nano-SIM,IPS LCD,,5.45,720x1440,295,74.8,,"Android 7.0 (Nougat), Flyme UI",Qualcomm MSM8917 Snapdragon 425 (28 nm),28,Quad-core 1.4 GHz Cortex-A53,Adreno 308,2,2,16,32,eMMC 5.1,13.0,1,2.2,No,,No,LED flash,1080p@30fps,8.0,No,,,Wi-Fi 802.11 a/b/g/n,No,4.1,Micro-USB,Yes,GPS,"Accelerometer, proximity",3070,,,No,,,140.0,,,,,,,,"Black, Gold, Blue, Red",,,,FM radio
Meizu,Meizu 15 Plus,https://www.gsmarena.com/meizu_15_plus-9160.php,https://fdn2.gsmarena.com/vv/bigpic/meizu-15-plus-.jpg,GSM / CDMA / HSPA / LTE,No,"2018, April. Released 2018, April",Discontinued,153.8 x 78.3 x 7.3 mm (6.06 x 3.08 x 0.29 in),177.0,,,Nano-SIM + Nano-SIM,Super AMOLED,,5.95,1440x2560,494,81.0,,"Android 7.1.2 (Nougat), Flyme 7.3",Exynos 8895 (10 nm),10,Octa-core (4x2.5 GHz Mongoose M2 & 4x1.7 GHz Cortex-A53),Mali-G71 MP20,6,6,64,128,UFS 2.1,12.0,2,1.8,Yes,1/2.3,Yes,"Laser AF, Six-LED dual-tone flash, HDR, panorama","4K@30fps, 1080p@30fps (gyro-EIS)",20.0,No,,1080p@30fps,"Wi-Fi 802.11 b/g/n/ac, dual-band, Wi-Fi Direct",No,4.2,Type-C,Yes,"GPS, GLONASS, BDS, GALILEO, SBAS, QZSS","Fingerprint (front-mounted), accelerometer, gyro, proximity, compass, barometer",3500,24,,No,,,480.0,,,,6122,,,,"Gray, Yakin, Ink",,,,No
Meizu,Meizu 15,https://www.gsmarena.com/meizu_15-9159.php,https://fdn2.gsmarena.com/vv/bigpic/meizu-15.jpg,GSM / CDMA / HSPA / LTE,No,"2018, April. Released 2018, April",Discontinued,143 x 72 x 7.3 mm (5.63 x 2.83 x 0.29 in),152.0,,,Nano-SIM + Nano-SIM,Super AMOLED,,5.46,1080x1920,403,79.8,,"Android 7.1.2 (Nougat), Flyme 7.3",Qualcomm SDM660 Snapdragon 660 (14 nm),14,Octa-core (4x2.2 GHz Kryo 260 Gold & 4x1.8 GHz Kryo 260 Silver),Adreno 512,4,4,64,128,eMMC 5.1,12.0,2,1.8,Yes,1/2.3,Yes,"Laser AF, Six-LED dual-tone flash, HDR, panorama","4K@30fps, 1080p@30fps",20.0,No,,1080p@30fps,"Wi-Fi 802.11 b/g/n/ac, dual-band, Wi-Fi Direct",No,4.2,Type-C,Yes,"GPS, GLONASS, BDS","Fingerprint (front-mounted), accelerometer, gyro, proximity, compass, barometer",3000,24,,No,,,400.0,,,128680,5770,,,,"Ink, Yakin, Indigo, White",,,,No
Meizu,Meizu 15 Lite,https://www.gsmarena.com/meizu_15_lite-9158.php,https://fdn2.gsmarena.com/vv/bigpic/meizu-m15.jpg,GSM / CDMA / HSPA / LTE,No,"2018, April. Released 2018, May",Discontinued,143.6 x 72.4 x 7.5 mm (5.65 x 2.85 x 0.30 in),145.0,,,Nano-SIM + Nano-SIM,IPS LCD,,5.46,1080x1920,403,79.0,,"Android 7.1.2 (Nougat), Flyme 7",Qualcomm MSM8953-Pro Snapdragon 626 (14 nm),14,Octa-core 2.2 GHz Cortex-A53,Adreno 506,4,4,64,64,eMMC 5.1,12.0,1,1.9,No,,No,"Six-LED dual-tone flash, HDR, panorama",1080p@30fps,20.0,No,,1080p@30fps,"Wi-Fi 802.11 a/b/g/n, Wi-Fi Direct",No,4.2,Type-C,Yes,"GPS, GLONASS, BDS","Fingerprint (front-mounted), accelerometer, gyro, proximity, compass",3000,18,,No,,,240.0,,,,4464,,,,"Black, Gold, Red",15 Lite,,,No
Meizu,Meizu E3,https://www.gsmarena.com/meizu_e3-9066.php,https://fdn2.gsmarena.com/vv/bigpic/meizu-e3.jpg,GSM / CDMA / HSPA / EVDO / LTE,No,"2018, March. Released 2018, April",Discontinued,156.8 x 75 x 7.6 mm (6.17 x 2.95 x 0.30 in),160.0,Glass,,Nano-SIM + Nano-SIM,IPS LCD,,5.99,1080x2160,403,78.7,,"Android 7.1.2 (Nougat), Flyme 7",Qualcomm SDM636 Snapdragon 636 (14 nm),14,Octa-core (4x1.8 GHz Kryo 260 Gold & 4x1.6 GHz Kryo 260 Silver),Adreno 509,6,6,64,128,eMMC 5.1,12.0,2,1.9,No,1/2.55,No,"Dual-LED dual tone flash, HDR, panorama",1080p@30fps,8.0,No,,1080p@30fps,"Wi-Fi 802.11 b/g/n/ac, dual-band, Wi-Fi Direct",No,5.0,Type-C,Yes,"GPS, GLONASS, BDS","Fingerprint (side-mounted), accelerometer, gyro, proximity, compass",3360,24,,No,,,280.0,,,,,,,,"Black Stone, Moonlight Silver, Champagne Gold",,,,No
Meizu,Huawei nova 16z,https://www.gsmarena.com/huawei_nova_16z_5g-14701.php,https://fdn2.gsmarena.com/vv/bigpic/huawei-nova16z.jpg,GSM / HSPA / LTE / 5G,Yes,"2026, June 01","Coming soon. Exp. release 2026, June 06",161.8 x 75.5 x 7.2 mm (6.37 x 2.97 x 0.28 in),196.5,Glass,IP65,Nano-SIM + Nano-SIM,"OLED, 1B colors, HDR Vivid, 120Hz, 2160Hz PWM",120,6.7,1084x2412,395,88.6,Aluminosilicate glass,HarmonyOS 6.1,Kirin 8020,,,,12,12,256,512,,50.0,2,1.9,Yes,1/1.56,Yes,"Color spectrum sensor, LED flash, panorama, HDR","4K, 1080p, gyro-EIS, HDR Vivid",50.0,Yes,"HDR, panorama","4K, 1080p, gyro-EIS, HDR Vivid","Wi-Fi 802.11 a/b/g/n/ac/6/7, dual-band, Wi-Fi Direct",Yes,6.0,Type-C,No,"GPS (L1+L5), BDS (B1I+B1c+B2a), GALILEO (E1+E5a), QZSS (L1+L5), GLONASS, NavIC","Fingerprint (side-mounted), accelerometer, gyro, compass",6000,100,,No,,,340.0,,,,,,,,"Black, White, Blue/Pink",PKN-AL00,,,No
Meizu,Meizu M6s,https://www.gsmarena.com/meizu_m6s-8998.php,https://fdn2.gsmarena.com/vv/bigpic/meizu-m6s.jpg,GSM / HSPA / LTE,No,"2018, January. Released 2018, January",Discontinued,152 x 72.5 x 8 mm (5.98 x 2.85 x 0.31 in),160.0,Glass,,Nano-SIM + Nano-SIM,IPS LCD,,5.7,720x1440,282,76.1,,"Android 7.0 (Nougat), Flyme 6.2",Exynos 7872 (14 nm),14,Hexa-core (4x1.6 GHz Cortex-A53 & 2x2.0 GHz Cortex-A73),Mali-G71 MP1,3,3,32,64,eMMC 5.1,16.0,1,2.0,No,,No,Dual-LED dual-tone flash,1080p@30fps,8.0,No,,,"Wi-Fi 802.11 a/b/g/n, dual-band, Wi-Fi Direct",No,4.2,Micro-USB,Yes,"GPS, GLONASS","Fingerprint (side-mounted), accelerometer, gyro, proximity, compass",3000,18,,No,,,150.0,,,,,,,,"Black, Silver, Gold, Blue",M6s,,,No
Meizu,Meizu M6,https://www.gsmarena.com/meizu_m6-8868.php,https://fdn2.gsmarena.com/vv/bigpic/meizu-m6--.jpg,GSM / HSPA / LTE,No,"2017, September. Released 2017, September",Discontinued,148.2 x 72.8 x 8.3 mm (5.83 x 2.87 x 0.33 in),143.0,,,Nano-SIM + Nano-SIM,IPS LCD,,5.2,720x1280,282,69.1,,"Android 7 (Nougat), Flyme 7.3",Mediatek MT6750 (28 nm),28,Octa-core (4x1.5 GHz Cortex-A53 & 4x1.0 GHz Cortex-A53),Mali-T860MP2,2,3,16,32,eMMC 5.1,13.0,1,2.2,No,,No,Dual-LED dual-tone flash,1080p@30fps,8.0,No,,,"Wi-Fi 802.11 a/b/g/n, dual-band",No,4.0,Micro-USB,Yes,"GPS, GLONASS","Fingerprint (front-mounted), accelerometer, gyro, proximity, compass",3070,24,,No,,,130.0,,,,,,,,"Moonlight Silver, Champagne Gold, Matte Black, Electric Light Blue","M6, MZ-MEIZU M6",,,No
Meizu,Meizu M6 Note,https://www.gsmarena.com/meizu_m6_note-8802.php,https://fdn2.gsmarena.com/vv/bigpic/meizu-m6-note.jpg,GSM / CDMA / HSPA / LTE,No,"2017, August. Released 2017, September",Discontinued,154.6 x 75.2 x 8.4 mm (6.09 x 2.96 x 0.33 in),173.0,Glass,,Nano-SIM + Nano-SIM,IPS LCD,,5.5,1080x1920,403,71.0,,"Android 7.1.2 (Nougat), Flyme 7.3",Qualcomm MSM8953 Snapdragon 625 (14 nm),14,Octa-core 2.0 GHz Cortex-A53,Adreno 506,3,4,16,64,eMMC 5.1,12.0,2,1.9,No,1/2.55,No,"quad-LED dual-tone flash, HDR, panorama",1080p@30fps,16.0,No,,1080p@30fps,"Wi-Fi 802.11 a/b/g/n, dual-band",No,4.2,Micro-USB,Yes,"GPS, GLONASS","Fingerprint (front-mounted), accelerometer, gyro, proximity, compass",4000,24,,No,,,170.0,,,,,,,,"Black, Blue, Gold","M6 Note, MZ-M6 Note",,,No
Meizu,Meizu Pro 7 Plus,https://www.gsmarena.com/meizu_pro_7_plus-8791.php,https://fdn2.gsmarena.com/vv/bigpic/meizu-pro-7-plus.jpg,GSM / HSPA / EVDO / LTE,No,"2017, July. Released 2017, August",Discontinued,157.3 x 77.2 x 7.3 mm (6.19 x 3.04 x 0.29 in),170.0,Glass,,Nano-SIM + Nano-SIM,Super AMOLED,,5.7,1440x2560,518,72.9,,"Android 7.0 (Nougat), Flyme 7.3",Mediatek MT6799 Helio X30 (10 nm),10,"Deca-core (2x2.6 GHz Cortex-A73, 4x1.9 GHz Cortex-A35, 4x2.2 GHz Cortex-A53)",PowerVR 7XTP,6,6,64,128,,12.0,1,2.0,No,1/2.9,Yes,"Dual-LED dual-tone flash, HDR, panorama",4K@30fps,16.0,No,,,"Wi-Fi 802.11 a/b/g/n/ac, dual-band, Wi-Fi Direct",No,4.2,Type-C,Yes,"GPS, GLONASS, BDS","Fingerprint (front-mounted), accelerometer, gyro, proximity, compass",3500,24,,No,,,500.0,,,,,,,,"Black, gold, silver",PRO 7 Plus,,,No
Meizu,Meizu Pro 7,https://www.gsmarena.com/meizu_pro_7-8445.php,https://fdn2.gsmarena.com/vv/bigpic/meizu-pro-7.jpg,GSM / HSPA / EVDO / LTE,No,"2017, July. Released 2017, August",Discontinued,147.6 x 70.7 x 7.3 mm (5.81 x 2.78 x 0.29 in),163.0,,,Nano-SIM + Nano-SIM,Super AMOLED,,5.2,1080x1920,423,71.8,,"Android 7.0 (Nougat), Flyme 7.3",Mediatek MT6757T Helio P25 (16 nm) - standard edition Mediatek MT6799 Helio X30 (10 nm) - high edition,16,"Octa-core (4x2.4 GHz Cortex-A53 & 4x1.6 GHz Cortex-A53) Deca-core (2x2.6 GHz Cortex-A73, 4x1.9 GHz Cortex-A35, 4x2.2 GHz Cortex-A53)",Mali-T880MP2 PowerVR 7XTP,4,4,64,128,,12.0,1,2.0,No,1/2.9,Yes,"Dual-LED dual-tone flash, HDR, panorama","4K@30fps, 1080p@30fps",16.0,No,,1080p@30fps,"Wi-Fi 802.11 a/b/g/n or a/b/g/n/ac, dual-band, Wi-Fi Direct",No,4.2,Type-C,Yes,"GPS, GLONASS, BDS","Fingerprint (front-mounted), accelerometer, gyro, proximity, compass",3000,24,,No,,,400.0,,,,,,,,"Black, gold, red","PRO 7, MZ-PRO 7",,,No
Meizu,Meizu M5c,https://www.gsmarena.com/meizu_m5c-8697.php,https://fdn2.gsmarena.com/vv/bigpic/meizu-m5c-.jpg,GSM / HSPA / LTE,No,"2017, May. Released 2017, June",Discontinued,144 x 70.5 x 8.3 mm (5.67 x 2.78 x 0.33 in),135.0,,,Nano-SIM + Nano-SIM,IPS LCD,,5.0,720x1280,294,67.9,,"Android 6.0 (Marshmallow), Flyme 6",Mediatek MT6737 (28 nm),28,Quad-core 1.3 GHz Cortex-A53,Mali-T720MP1,2,2,16,16,eMMC 5.0,8.0,1,2.0,No,,No,"Dual-LED dual-tone flash, panorama",720p@30fps,5.0,No,,,"Wi-Fi 802.11 a/b/g/n, dual-band",No,4.1,Micro-USB,Yes,"GPS, GLONASS","Accelerometer, gyro (digital), proximity, compass",3000,,,No,,,140.0,,,,1285,,,,"Black, Blue, Red, Gold, Pink","M5c, MZ-M5c",,,No
Meizu,Meizu E2,https://www.gsmarena.com/meizu_e2-8659.php,https://fdn2.gsmarena.com/vv/bigpic/meizu-e2.jpg,GSM / HSPA / LTE,No,"2017, April. Released 2017, April",Discontinued,153.7 x 75.7 x 7.5 mm (6.05 x 2.98 x 0.30 in),155.0,,,Nano-SIM + Nano-SIM,IPS LCD,,5.5,1080x1920,403,71.0,,"Android 7 (Nougat), Flyme 6",Mediatek MT6757 Helio P20 (16 nm),16,Octa-core (4x2.3 GHz Cortex-A53 & 4x1.6 GHz Cortex-A53),Mali-T880MP2,2,4,16,64,,13.0,1,2.2,No,,No,"Quad-LED dual-tone flash, HDR, panorama",1080p@30fps,8.0,No,,1080p@30fps,"Wi-Fi 802.11 a/b/g/n, dual-band, Wi-Fi Direct",No,4.2,Micro-USB,Yes,"GPS, GLONASS","Fingerprint (front-mounted), accelerometer, gyro, proximity, compass",3400,24,,No,,,210.0,,,,,,,,"Black, Gold, Silver",,,,No
Meizu,Meizu M5s,https://www.gsmarena.com/meizu_m5s-8500.php,https://fdn2.gsmarena.com/vv/bigpic/meizu-m5s.jpg,GSM / HSPA / LTE,No,"2017, February. Released 2017, February",Discontinued,148.2 x 72.5 x 8.4 mm (5.83 x 2.85 x 0.33 in),143.0,,,Nano-SIM + Nano-SIM,IPS LCD,,5.2,720x1280,282,69.4,,"Android 6.0 (Marshmallow), Flyme 5.2",Mediatek MT6753 (28 nm),28,Octa-core 1.3 GHz Cortex-A53,Mali-T720MP2,3,3,16,32,,13.0,1,2.2,No,,No,Dual-LED dual-tone flash,1080p@30fps,5.0,No,,,"Wi-Fi 802.11 a/b/g/n, dual-band",No,4.0,Micro-USB,Yes,"GPS, GLONASS","Fingerprint (front-mounted), accelerometer, gyro (digital), proximity, compass",3000,24,,No,,,130.0,,,,,,,,"Champanage Gold, Rose Gold, Stay Gray, Moonlight Silver","M5s, MZ-M5s",,,No
Meizu,Meizu M5 Note,https://www.gsmarena.com/meizu_m5_note-8450.php,https://fdn2.gsmarena.com/vv/bigpic/meizu-m5-note.jpg,GSM / HSPA / LTE,No,"2016, December. Released 2016, December",Discontinued,153.6 x 75.8 x 8.2 mm (6.05 x 2.98 x 0.32 in),175.0,,,Nano-SIM + Nano-SIM,IPS LCD,,5.5,1080x1920,403,70.9,,"Android 6.0 (Marshmallow), Flyme 7.3",Mediatek MT6755 Helio P10 (28 nm),28,Octa-core (4x1.8 GHz Cortex-A53 & 4x1.0 GHz Cortex-A53),Mali-T860MP2,3,4,16,64,eMMC 5.1,13.0,1,2.2,No,,No,Dual-LED dual-tone flash,1080p@30fps,5.0,No,,,"Wi-Fi 802.11 a/b/g/n, dual-band",No,4.0,Micro-USB,Yes,"GPS, GLONASS","Fingerprint (front-mounted), accelerometer, gyro, proximity, compass",4000,24,,No,,,190.0,,,,,,,,"Gray, Silver, Gold, Blue","M5 Note, MZ-M5 Note",,,No
Meizu,Meizu M3x,https://www.gsmarena.com/meizu_m3x-8452.php,https://fdn2.gsmarena.com/vv/bigpic/meizu-m3x.jpg,GSM / HSPA / LTE,No,"2016, November. Released 2016, December",Discontinued,153.8 x 76 x 7.4 mm (6.06 x 2.99 x 0.29 in),165.0,,,Nano-SIM + Nano-SIM,IPS LCD,,5.5,1080x1920,401,71.3,,"Android 6 (Marshmallow), Flyme 6",Mediatek MT6757 Helio P20 (16 nm),16,Octa-core (4x2.3 GHz Cortex-A53 & 4x1.6 GHz Cortex-A53),Mali-T880MP2,3,4,32,64,,12.0,1,2.0,No,1/2.9,No,"Dual-LED dual-tone flash, HDR, panorama",1080p@30fps,5.0,No,,1080p@30fps,"Wi-Fi 802.11 a/b/g/n, dual-band",No,4.1,Type-C,Yes,"GPS, GLONASS","Fingerprint (front-mounted), accelerometer, gyro, proximity, compass",3200,24,,No,,,,,,,,,,-26.0,"Blue, Gold, Black, Silver",,,,No
Meizu,Meizu Pro 6 Plus,https://www.gsmarena.com/meizu_pro_6_plus-8451.php,https://fdn2.gsmarena.com/vv/bigpic/meizu-pro-6-plus.jpg,GSM / HSPA / EVDO / LTE,No,"2016, November. Released 2016, November",Discontinued,155.6 x 77.3 x 7.3 mm (6.13 x 3.04 x 0.29 in),158.0,,,Nano-SIM + Nano-SIM,Super AMOLED,,5.7,1440x2560,515,74.5,,"Android 6 (Marshmallow), Flyme 7.3",Exynos 8890 Octa (14 nm),14,Octa-core (4x2.0 GHz Mongoose & 4x1.5 GHz Cortex-A53) - 64 GB version Octa-core (4x2.3 GHz Mongoose & 4x1.6 GHz Cortex-A53) - 128 GB version,Mali-T880 MP10 - 64 GB version Mali-T880 MP12 - 128 GB version,4,4,64,128,UFS 2.0,12.0,1,2.0,Yes,1/2.9,Yes,"Laser AF, Ten-LED dual-tone flash, HDR, panorama","4K@30fps, 1080p@30fps",5.0,No,,1080p@30fps,"Wi-Fi 802.11 a/b/g/n/ac, dual-band, Wi-Fi Direct",Yes,4.1,Type-C,Yes,"GPS, GLONASS","Fingerprint (front-mounted), accelerometer, gyro, proximity, compass, heart rate",3400,24,,No,,,550.0,,,,,,,,"Gold, Silver, Gray",PRO 6 Plus,,,No
Meizu,Meizu MX5e,https://www.gsmarena.com/meizu_mx5e-8446.php,https://fdn2.gsmarena.com/vv/bigpic/meizu-mx5.jpg,GSM / HSPA / LTE,No,"2016, April. Released 2016, April",Discontinued,149.9 x 74.7 x 7.6 mm (5.90 x 2.94 x 0.30 in),149.0,,,Nano-SIM + Nano-SIM,AMOLED,,5.5,1080x1920,401,74.5,Gorilla Glass 3,"Android 5.1 (Lollipop), Flyme 5",Mediatek MT6795 Helio X10 (28 nm),28,Octa-core 2.0 GHz Cortex-A53,PowerVR G6200,3,3,16,32,eMMC 5.0,16.0,1,,No,,No,"Dual-LED dual-tone flash, HDR, panorama",1080p@30fps,5.0,No,,,"Wi-Fi 802.11 a/b/g/n/ac, dual-band, Wi-Fi Direct, hotspot",No,4.1,Micro-USB,Yes,"GPS, GLONASS, BDS","Fingerprint (front-mounted), accelerometer, gyro, proximity, compass",3150,24,,No,,,190.0,,,,,,,,"Gray, Gold, Silver, Black/Silver",,,,No
Meizu,Meizu U10,https://www.gsmarena.com/meizu_u10-8441.php,https://fdn2.gsmarena.com/vv/bigpic/meizu-u10.jpg,GSM / HSPA / LTE,No,"2016, August. Released 2016, August",Discontinued,141.9 x 69.6 x 7.9 mm (5.59 x 2.74 x 0.31 in),139.0,,,Dual SIM,IPS LCD,,5.0,720x1280,294,69.8,,Android OS,Mediatek MT6750 (28 nm),28,Octa-core (4x1.5 GHz Cortex-A53 & 4x1.0 GHz Cortex-A53),Mali-T860MP2,2,3,16,32,eMMC 5.1,13.0,1,2.2,No,,No,"Dual-LED dual-tone flash, HDR, panorama",1080p@30fps,5.0,No,,,"Wi-Fi 802.11 b/g/n, hotspot",No,4.0,Micro-USB,Yes,"GPS, GLONASS","Fingerprint (front-mounted), accelerometer, gyro, proximity, compass",2760,,,No,,,160.0,,,,,,,,"Black, White, Shampane Gold",,,,No
Meizu,Meizu U20,https://www.gsmarena.com/meizu_u20-8440.php,https://fdn2.gsmarena.com/vv/bigpic/meizu-u20.jpg,GSM / HSPA / LTE,No,"2016, August. Released 2016, August",Discontinued,153 x 75.4 x 7.7 mm (6.02 x 2.97 x 0.30 in),158.0,,,Nano-SIM + Nano-SIM,IPS LCD,,5.5,1080x1920,401,72.3,Asahi Dragontrail Glass,"Android 6.0 (Marshmallow), Flyme UI",Mediatek MT6755 Helio P10 (28 nm),28,Octa-core (4x1.8 GHz Cortex-A53 & 4x1.0 GHz Cortex-A53),Mali-T860MP2,2,3,16,32,eMMC 5.1,13.0,1,2.2,No,,No,"Dual-LED dual-tone flash, HDR, panorama",1080p@30fps,5.0,No,,,"Wi-Fi 802.11 a/b/g/n, dual-band",No,4.0,Micro-USB,Yes,"GPS, GLONASS","Fingerprint (front-mounted), accelerometer, gyro, proximity, compass",3260,,,No,,,190.0,,,,,,,,"Black, Silver, Rose Gold, Gold","MZ-U20, U20",,,No
Meizu,Meizu Pro 6s,https://www.gsmarena.com/meizu_pro_6s-8389.php,https://fdn2.gsmarena.com/vv/bigpic/meizu-pro-6s.jpg,GSM / HSPA / EVDO / LTE,No,"2016, November. Released 2016, December",Discontinued,147.7 x 70.8 x 7.3 mm (5.81 x 2.79 x 0.29 in),163.0,,,Nano-SIM + Nano-SIM,Super AMOLED,,5.2,1080x1920,424,71.3,Corning Gorilla Glass 4,"Android 6.0 (Marshmallow), Flyme 7.3",Mediatek MT6797T Helio X25 (20 nm),20,"Deca-core (2x2.5 GHz Cortex-A72, 4x2 GHz Cortex-A53, 4x1.4 GHz Cortex-A53)",Mali-T880 MP4,4,4,64,64,,12.0,1,2.0,Yes,1/2.9,Yes,"Laser AF, Ten-LED dual-tone flash, HDR, panorama","4K@30fps, 1080p@30fps",5.0,No,,1080p@30fps,"Wi-Fi 802.11 a/b/g/n/ac, dual-band, Wi-Fi Direct",Yes,4.1,Type-C,Yes,"GPS, GLONASS, BDS","Fingerprint (front-mounted), accelerometer, gyro, proximity, compass",3060,24,,No,,,430.0,,,,,,,,"Black, Gold, Silver, Rose Gold",,,,No
Meizu,Meizu M5,https://www.gsmarena.com/meizu_m5-8408.php,https://fdn2.gsmarena.com/vv/bigpic/meizu-m5.jpg,GSM / HSPA / LTE,No,"2016, October. Released 2016, November",Discontinued,147.3 x 72.8 x 8.2 mm (5.80 x 2.87 x 0.32 in),138.0,Glass,,Nano-SIM + Nano-SIM,IPS LCD,,5.2,720x1280,282,69.5,,"Android 6.0 (Marshmallow), Flyme 6.3",Mediatek MT6750 (28 nm),28,Octa-core (4x1.5 GHz Cortex-A53 & 4x1.0 GHz Cortex-A53),Mali-T860MP2,2,3,16,32,eMMC 5.1,13.0,1,2.2,No,,No,Dual-LED dual-tone flash,1080p@30fps,5.0,No,,1080p@30fps,"Wi-Fi 802.11 a/b/g/n, dual-band",No,4.0,Micro-USB,Yes,"GPS, GLONASS","Fingerprint (front-mounted), accelerometer, gyro, proximity, compass",3070,,,No,,,120.0,,,,,,,,"Mint Green, Glacier White, Champanage Gold, Sapphire Blue, Matte Black","M5, MZ-MEIZU_M5, M611H",,,No
Meizu,Meizu M3 Max,https://www.gsmarena.com/meizu_m3_max-8321.php,https://fdn2.gsmarena.com/vv/bigpic/meizu-m3m.jpg,GSM / HSPA / LTE,No,"2016, September. Released 2016, September",Discontinued,163.4 x 81.6 x 7.9 mm (6.43 x 3.21 x 0.31 in),189.0,,,Nano-SIM + Nano-SIM,IPS LCD,,6.0,1080x1920,367,74.4,,"Android 6.0 (Marshmallow), Flyme 5.2",Mediatek MT6755 Helio P10 (28 nm),28,Octa-core (4x1.8 GHz Cortex-A53 & 4x1.0 GHz Cortex-A53),Mali-T860MP2,3,3,64,64,eMMC 5.1,13.0,1,2.2,No,1/3.0,No,Dual-LED dual-tone flash,1080p@30fps,5.0,No,,,"Wi-Fi 802.11 a/b/g/n, dual-band",No,4.1,Micro-USB,Yes,"GPS, GLONASS","Fingerprint (front-mounted), accelerometer, gyro, proximity, compass",4100,24,,No,,,270.0,,,,,,,,"Champagne Gold, Silver, Gray, Rose Gold",,,,No
Meizu,Meizu M3e,https://www.gsmarena.com/meizu_m3e-8264.php,https://fdn2.gsmarena.com/vv/bigpic/meizu-m3e.jpg,GSM / HSPA / LTE,No,"2016, August. Released 2016, August",Discontinued,153.6 x 75.8 x 7.9 mm (6.05 x 2.98 x 0.31 in),172.0,,,Nano-SIM + Nano-SIM,IPS LCD,,5.5,1080x1920,403,70.9,,"Android 5.1 (Lollipop), Flyme 5.2",Mediatek MT6755 Helio P10 (28 nm),28,Octa-core (4x1.8 GHz Cortex-A53 & 4x1.0 GHz Cortex-A53),Mali-T860MP2,3,3,32,32,eMMC 5.1,13.0,1,2.2,No,1/3.0,No,Dual-LED dual-tone flash,1080p@30fps,5.0,No,,,"Wi-Fi 802.11 a/b/g/n, dual-band, hotspot",No,4.1,Micro-USB,Yes,GPS,"Fingerprint (front-mounted), accelerometer, gyro, proximity, compass",3100,24,,No,,,220.0,,,,,,,,"Blue, Gold, Gray, Pink, Silver",,,,No
Meizu,Meizu MX6,https://www.gsmarena.com/meizu_mx6-8078.php,https://fdn2.gsmarena.com/vv/bigpic/meizu-mx6.jpg,GSM / HSPA / LTE,No,"2016, July. Released 2016, July",Discontinued,153.6 x 75.2 x 7.3 mm (6.05 x 2.96 x 0.29 in),155.0,,,Nano-SIM + Nano-SIM,TDDI,,5.5,1080x1920,403,71.5,,"Android 6.0 (Marshmallow), Flyme 7.3",Mediatek MT6797 Helio X20 (20 nm),20,"Deca-core (2x2.3GHz Cortex-A72, 4x1.9GHz Cortex-A53, 4x1.4GHz Cortex-A53)",Mali-T880 MP4,3,4,32,32,,12.0,1,2.0,No,1/2.9,Yes,"Dual-LED dual-tone flash, HDR, panorama","4K@30fps, 1080p@30fps",5.0,No,,1080p@30fps,"Wi-Fi 802.11 a/b/g/n/ac, dual-band, Wi-Fi Direct",No,4.1,Type-C,Yes,"GPS, GLONASS, BDS","Fingerprint (front-mounted), accelerometer, gyro, proximity, compass",3060,24,,No,,,300.0,,,,,,,,"Gray, Silver, Champagne Gold, Rose Gold","MX6, MZ-MX6",,,No
Meizu,Meizu M3s,https://www.gsmarena.com/meizu_m3s-8148.php,https://fdn2.gsmarena.com/vv/bigpic/meizu-m3s.jpg,GSM / HSPA / LTE,No,"2016, June. Released 2016, June",Discontinued,141.9 x 69.9 x 8.3 mm (5.59 x 2.75 x 0.33 in),138.0,,,Nano-SIM + Nano-SIM,IPS LCD,,5.0,720x1280,294,69.5,,"Android 5.1 (Lollipop), Flyme 5.1",Mediatek MT6750 (28 nm),28,Octa-core (4x1.5 GHz Cortex-A53 & 4x1.0 GHz Cortex-A53),Mali-T860MP2,2,3,16,32,eMMC 5.1,13.0,1,2.2,No,,No,Dual-LED dual-tone flash,1080p@30fps,5.0,No,,,"Wi-Fi 802.11 a/b/g/n, dual-band, hotspot",No,4.0,Micro-USB,Yes,"GPS, GLONASS","Fingerprint (front-mounted), accelerometer, gyro, proximity, compass",3020,,,No,,,120.0,,,,,,,,"Silver, Gray, Pink, Gold","M3s, MZ-M3s",,,No
Meizu,Meizu M3,https://www.gsmarena.com/meizu_m3-8062.php,https://fdn2.gsmarena.com/vv/bigpic/meizu-m3.jpg,GSM / HSPA / LTE,No,"2016, April. Released 2016, May",Discontinued,141.5 x 69.5 x 8.3 mm (5.57 x 2.74 x 0.33 in),132.0,,,Nano-SIM + Nano-SIM,IPS LCD,,5.0,720x1280,294,70.1,,"Android 5.1 (Lollipop), Flyme 5.1",Mediatek MT6750 (28 nm),28,Octa-core (4x1.5 GHz Cortex-A53 & 4x1.0 GHz Cortex-A53),Mali-T860MP2,2,3,16,32,eMMC 5.1,13.0,1,2.2,No,,No,Dual-LED dual-tone flash,1080p@30fps,5.0,No,,,"Wi-Fi 802.11 a/b/g/n, dual-band, hotspot",No,4.0,Micro-USB,Yes,"GPS, GLONASS","Accelerometer, gyro, proximity, compass",2870,,,No,,,130.0,,,,,,,,"Gray, White, Blue, Pink, Gold",,,,No
Meizu,Meizu Pro 6,https://www.gsmarena.com/meizu_pro_6-7971.php,https://fdn2.gsmarena.com/vv/bigpic/meizu-pro-6.jpg,GSM / HSPA / EVDO / LTE,No,"2016, April. Released 2016, May",Discontinued,147.7 x 70.8 x 7.3 mm (5.81 x 2.79 x 0.29 in),160.0,,,Nano-SIM + Nano-SIM,Super AMOLED,,5.2,1080x1920,423,71.6,Corning Gorilla Glass 4,"Android 6.0 (Marshmallow), Flyme 8",Mediatek MT6797T Helio X25 (20 nm),20,"Deca-core (2x2.5 GHz Cortex-A72, 4x2 GHz Cortex-A53, 4x1.4 GHz Cortex-A53)",Mali-T880 MP4,4,4,32,64,,21.0,1,2.2,No,1/2.4,Yes,"Laser AF, Ten-LED dual-tone flash, HDR, panorama","4K@30fps, 720p@100fps",5.0,No,,1080p@30fps,"Wi-Fi 802.11 a/b/g/n/ac, dual-band, Wi-Fi Direct",Yes,4.1,Type-C,Yes,"GPS, GLONASS, BDS","Fingerprint (front-mounted), accelerometer, gyro, proximity, compass, barometer",2560,24,,No,,,410.0,,,,,,,,"Gray, Gold, Silver, Flames Red, Rose Gold",PRO 6,,,No
Meizu,Meizu M3 Note,https://www.gsmarena.com/meizu_m3_note-8005.php,https://fdn2.gsmarena.com/vv/bigpic/meizu-m3-note.jpg,GSM / HSPA / LTE,No,"2016, April. Released 2016, April",Discontinued,153.6 x 75.5 x 8.2 mm (6.05 x 2.97 x 0.32 in),163.0,,,Nano-SIM + Nano-SIM,IPS LCD,,5.5,1080x1920,403,71.2,Dinorex T2X-1 scratch/shock resistant gl,"Android 5.1 (Lollipop), Flyme UI",Mediatek MT6755 Helio P10 (28 nm),28,Octa-core (4x1.8 GHz Cortex-A53 & 4x1.0 GHz Cortex-A53),Mali-T860MP2,2,3,16,32,eMMC 5.1,13.0,1,2.2,No,,No,"Dual-LED dual-tone flash, HDR, panorama",1080p@30fps,5.0,No,,1080p@30fps,"Wi-Fi 802.11 a/b/g/n, dual-band, Wi-Fi Direct, hotspot",No,4.0,Micro-USB,Yes,"GPS, GLONASS","Fingerprint (front-mounted), accelerometer, gyro, proximity, compass",4100,,,No,,,180.0,,,,,,,,"Gray, White, Gold","m3 note, MZ-m3 note",,,No
Meizu,Meizu M1 Metal,https://www.gsmarena.com/meizu_m1_metal-7674.php,https://fdn2.gsmarena.com/vv/bigpic/meizu-metal1.jpg,GSM / HSPA / LTE,No,"2015, October. Released 2015, October",Discontinued,150.7 x 75.3 x 8.2 mm (5.93 x 2.96 x 0.32 in),162.0,,,Nano-SIM + Nano-SIM,IPS LCD,,5.5,1080x1920,403,72.8,Dinorex T2X-1 scratch/shock resistant gl,"Android, 5.1.1 (Lollipop), Flyme 5.1",Mediatek MT6795 Helio X10 (28 nm),28,Octa-core 2.0 GHz Cortex-A53,PowerVR G6200,2,2,16,32,eMMC 5.0,13.0,1,2.2,No,,No,"Dual-LED dual-tone flash, HDR, panorama",1080p@30fps,5.0,No,,1080p@30fps,"Wi-Fi 802.11 a/b/g/n/ac, dual-band, Wi-Fi Direct, hotspot",No,4.1,Micro-USB,Yes,"GPS, GLONASS, BDS","Fingerprint (front-mounted), accelerometer, gyro, proximity, compass",3140,,,No,,,170.0,,,,,,,,"White, Gold, Gray, Blue, Pink",,,,No
Meizu,Meizu PRO 5,https://www.gsmarena.com/meizu_pro_5-7573.php,https://fdn2.gsmarena.com/vv/bigpic/meizu-pro-5.jpg,GSM / HSPA / LTE,No,"2015, September. Released 2015, October",Discontinued,156.7 x 78 x 7.5 mm (6.17 x 3.07 x 0.30 in),168.0,,,Nano-SIM + Nano-SIM,AMOLED,,5.7,1080x1920,386,73.3,Gorilla Glass 3,"Android 5.1 (Lollipop), Flyme 5",Exynos 7420 Octa (14 nm),14,Octa-core (4x2.1 GHz Cortex-A57 & 4x1.5 GHz Cortex-A53),Mali-T760MP8,3,4,32,64,eMMC 5.1,21.0,1,2.2,No,1/2.4,Yes,"Laser AF, Dual-LED dual-tone flash, HDR, panorama","4K@30fps, 1080p@30fps",5.0,No,,1080p@30fps,"Wi-Fi 802.11 a/b/g/n/ac, dual-band, Wi-Fi Direct, hotspot",Yes,4.1,Type-C,Yes,"GPS, GLONASS, BDS","Fingerprint (front-mounted), accelerometer, gyro, proximity, compass",3050,24,,No,,,390.0,,,,,,,,"Gray, Gold, Silver, Black/Silver",,,,No
Meizu,Meizu M2,https://www.gsmarena.com/meizu_m2-7455.php,https://fdn2.gsmarena.com/vv/bigpic/meizu-m2.jpg,GSM / HSPA / LTE,No,"2015, July. Released 2015, July",Discontinued,140.1 x 68.9 x 8.7 mm (5.52 x 2.71 x 0.34 in),131.0,,,Nano-SIM + Nano-SIM,IPS LCD,,5.0,720x1280,294,71.4,Asahi Dragontrail Glass,"Android 5.1 (Lollipop), Flyme 4.5",Mediatek MT6735 (28 nm),28,Quad-core 1.3 GHz Cortex-A53,Mali-T720MP2,2,2,16,16,,13.0,1,2.2,No,,No,LED flash,1080p@30fps,5.0,No,,,"Wi-Fi 802.11 a/b/g/n, dual-band, hotspot",No,4.0,Micro-USB,Yes,"GPS, GLONASS","Accelerometer, proximity, compass",2500,,,No,,,130.0,,,,,,,,"Gray, White, Blue, Pink",m2,,,No
Meizu,Meizu MX5,https://www.gsmarena.com/meizu_mx5-7240.php,https://fdn2.gsmarena.com/vv/bigpic/meizu-mx5.jpg,GSM / HSPA / LTE,No,"2015, June. Released 2015, July",Discontinued,149.9 x 74.7 x 7.6 mm (5.90 x 2.94 x 0.30 in),149.0,,,Nano-SIM + Nano-SIM,AMOLED,,5.5,1080x1920,401,74.5,Gorilla Glass 3,"Android 5.0.1 (Lollipop), Flyme 4.5",Mediatek MT6795 Helio X10 (28 nm),28,Octa-core 2.2 GHz Cortex-A53,PowerVR G6200,3,3,16,64,eMMC 5.0,20.7,1,2.2,No,1/2.3,Yes,"Laser AF, Dual-LED dual-tone flash, HDR, panorama","4K@30fps, 1080p@30fps, 720p@100fps",5.0,No,,1080p@30fps,"Wi-Fi 802.11 a/b/g/n/ac, dual-band, Wi-Fi Direct, hotspot",No,4.1,Micro-USB,Yes,"GPS, GLONASS, BDS","Fingerprint (front-mounted), accelerometer, gyro, proximity, compass",3150,24,,No,,,210.0,,,,,,,,"Gray, Gold, Silver, Black/Silver",MX5,,,No
Meizu,Meizu M2 Note,https://www.gsmarena.com/meizu_m2_note-7266.php,https://fdn2.gsmarena.com/vv/bigpic/meizu-m1-note2.jpg,GSM / HSPA / LTE,No,"2015, June. Released 2015, June",Discontinued,150.9 x 75.2 x 8.7 mm (5.94 x 2.96 x 0.34 in),149.0,,,Nano-SIM + Nano-SIM,IGZO IPS LCD,,5.5,1080x1920,403,72.8,Asahi Dragontrail Glass or Dinorex T2X-1,"Android 5.0 (Lollipop), Flyme 4.5",Mediatek MT6753 (28 nm),28,Octa-core 1.3 GHz Cortex-A53,Mali-T720MP3,2,2,16,32,,13.0,1,2.2,No,1/3.0,No,"Dual-LED dual-tone flash, HDR, panorama","1080p, 1080p@30fps",5.0,No,,1080p@30fps,"Wi-Fi 802.11 a/b/g/n, dual-band, Wi-Fi Direct, hotspot",No,4.0,Micro-USB,Yes,"GPS, GLONASS","Accelerometer, gyro, proximity, compass",3100,,,No,,,200.0,,,,,,,,"Gray, White, Blue, Pink","m2 note, MZ-m2 note",,,No
Meizu,Meizu M1,https://www.gsmarena.com/meizu_m1-6978.php,https://fdn2.gsmarena.com/vv/bigpic/meizu-m1-note-mini.jpg,GSM / HSPA / LTE,No,"2015, January. Released 2015, April",Discontinued,140.2 x 72.1 x 8.9 mm (5.52 x 2.84 x 0.35 in),128.0,,,Micro-SIM,TFT,,5.0,768x1280,300,69.9,Gorilla Glass 3,Android 4.4.4 (KitKat),Mediatek MT6732 (28 nm),28,Quad-core 1.5 GHz Cortex-A53,Mali-T760MP2,1,1,8,8,,13.0,1,2.2,No,,No,"LED flash, HDR, panorama",1080p@30fps,5.0,No,,,"Wi-Fi 802.11 a/b/g/n, dual-band, Wi-Fi Direct, hotspot",No,4.0,Micro-USB,Yes,"GPS, GLONASS","Accelerometer, gyro, proximity, compass",2500,,,No,,,100.0,,,,,,,,"White, BLue, Yellow, Green, Pink, Mint",,,,No
Meizu,Meizu M1 Note,https://www.gsmarena.com/meizu_m1_note-6890.php,https://fdn2.gsmarena.com/vv/bigpic/meizu-m1-note-1.jpg,GSM / HSPA / LTE,No,"2014, December. Released 2015, January",Discontinued,150.7 x 75.2 x 8.9 mm (5.93 x 2.96 x 0.35 in),145.0,,,"Dual SIM (Micro-SIM, dual stand-by)",IGZO IPS LCD,,5.5,1080x1920,403,72.9,Gorilla Glass 3,"Android 4.4.4 (KitKat), Flyme 4",Mediatek MT6752 (28 nm),28,Octa-core 1.7 GHz Cortex-A53,Mali-T760,2,2,16,32,,13.0,1,2.2,No,1/3.0,No,"Dual-LED dual-tone flash, HDR, panorama",1080p@30fps,5.0,No,,,"Wi-Fi 802.11 a/b/g/n, dual-band, Wi-Fi Direct, hotspot",No,4.0,Micro-USB,Yes,"GPS, GLONASS","Accelerometer, gyro, proximity, compass",3140,,,No,,,130.0,,,,,,,,"White, Blue, Yellow, Green, Pink",,,,No
Meizu,Meizu MX4 Pro,https://www.gsmarena.com/meizu_mx4_pro-6815.php,https://fdn2.gsmarena.com/vv/bigpic/meizu-mx4-pro1.jpg,GSM / HSPA / LTE,No,"2014, October. Released 2014, December",Discontinued,150.1 x 77 x 9 mm (5.91 x 3.03 x 0.35 in),158.0,,,Micro-SIM,IPS LCD,,5.5,1536x2560,546,73.7,Gorilla Glass 3,"Android 4.4.4 (KitKat), Flyme 4",Exynos 5430 Octa (20 nm),20,Octa-core (4x2.0 GHz Cortex-A15 & 4x1.5 GHz Cortex-A7),Mali-T628MP6,3,3,16,64,eMMC 5.0,20.7,1,2.2,No,1/2.3,Yes,"Dual-LED dual-tone flash, HDR, panorama","4K@30fps, 1080p@30fps",5.0,No,,1080p@30fps,"Wi-Fi 802.11 a/b/g/n/ac, dual-band, Wi-Fi Direct, hotspot",Yes,4.0,Micro-USB,Yes,"GPS, GLONASS, BDS, QZSS","Fingerprint (front-mounted), accelerometer, gyro, proximity, compass",3350,,,No,,,400.0,,,,,,,,"Gray, Gold, White",MX4 Pro,,,No
Meizu,Meizu MX4,https://www.gsmarena.com/meizu_mx4-6627.php,https://fdn2.gsmarena.com/vv/bigpic/meizu-mx4-new.jpg,GSM / HSPA / LTE,No,"2014, September. Released 2014, September",Discontinued,144 x 75.2 x 8.9 mm (5.67 x 2.96 x 0.35 in),147.0,,,Micro-SIM,IPS LCD,,5.36,1152x1920,418,75.5,Gorilla Glass 3,"Android 4.4.4 (KitKat), Flyme 4",Mediatek MT6595,,Octa-core (4x2.2 GHz Cortex-A17 & 4x1.7 GHz Cortex-A7),PowerVR G6200,2,2,16,64,,20.7,1,2.2,No,1/2.3,Yes,"Dual-LED dual-tone flash, HDR, panorama","4K@30fps, 1080p@30fps",2.0,No,,1080p@30fps,"Wi-Fi 802.11 a/b/g/n/ac, dual-band, Wi-Fi Direct",No,4.0,Micro-USB,Yes,"GPS, GLONASS, BDS, QZSS","Accelerometer, gyro, proximity, compass",3100,,,No,,,340.0,,,,,,,,"Gray, Gold, White",,,,No
Meizu,Meizu MX3,https://www.gsmarena.com/meizu_mx3-5679.php,https://fdn2.gsmarena.com/vv/bigpic/meizu-mx3.jpg,GSM / HSPA,No,"2013, September. Released 2013, October",Discontinued,139 x 71.9 x 9.1 mm (5.47 x 2.83 x 0.36 in),143.0,,,Micro-SIM,IPS LCD,,5.1,1080x1800,412,74.1,Corning Gorilla Glass,"Android 4.2 (Jelly Bean), Flyme 3",Exynos 5410 Octa (28 nm),28,Octa-core (4x1.6 GHz Cortex-A15 & 4x1.2 GHz Cortex-A7),PowerVR SGX544MP3,2,2,16,128,eMMC 5.0,8.0,1,2.0,No,1/3.2,No,LED flash,1080p@30fps,2.0,No,,1080p@30fps,"Wi-Fi 802.11 a/b/g/n, dual-band, Wi-Fi Direct",Yes,4.0,Micro-USB,Yes,"GPS, GLONASS","Accelerometer, gyro, proximity, compass",2400,,,No,,,370.0,,,,,,,,"Black (front panel), several color options (back panel); white",,,,No
Meizu,Meizu MX2,https://www.gsmarena.com/meizu_mx2-5142.php,https://fdn2.gsmarena.com/vv/bigpic/meizu-mx2.jpg,GSM / HSPA,No,"2012, November. Released 2012, December",Discontinued,124.9 x 64.9 x 10.2 mm (4.92 x 2.56 x 0.40 in),142.0,,,Micro-SIM,IPS LCD,,4.4,800x1280,343,69.3,Corning Gorilla Glass,Android 4.1.1 (Jelly Bean),Exynos 4412 Quad (32 nm),32,Quad-core 1.6 GHz Cortex-A9,Mali-400MP4,2,2,16,64,,8.0,1,2.4,No,,No,LED flash,1080p@30fps,1.2,No,,720p@30fps,"Wi-Fi 802.11 b/g/n, Wi-Fi Direct, hotspot",No,4.0,Micro-USB,Yes,"GPS, GLONASS","Accelerometer, gyro, proximity, compass",1800,,,No,,,310.0,,,,,,,,Black front & white back,,,,No
Meizu,Meizu MX 4-core,https://www.gsmarena.com/meizu_mx_4_core-4697.php,https://fdn2.gsmarena.com/vv/bigpic/meizu-mx-quad-core.jpg,GSM / HSPA,No,"2012, April. Released 2012, August",Discontinued,121.3 x 63.3 x 10.3 mm (4.78 x 2.49 x 0.41 in),139.0,,,Micro-SIM,ASV,,4.0,640x960,288,62.0,,Android 4.0 (Ice Cream Sandwich),Exynos,,Quad-core 1.4 GHz Cortex-A9,Mali-400,1,1,32,64,,8.0,1,2.2,No,,No,LED flash,1080p@30fps,,No,,,"Wi-Fi 802.11 b/g/n, hotspot",,2.1,Micro-USB,Yes,"GPS, A-GPS","Accelerometer, gyro, proximity, compass",1700,,,No,,,310.0,,,,,,,,"Black (front)/ white, green, blue, pink, violet (back)",,,,No
Meizu,Meizu MX,https://www.gsmarena.com/meizu_mx-4373.php,https://fdn2.gsmarena.com/vv/bigpic/meizu-mx.jpg,GSM / HSPA,No,"2011, December. Released 2012, March",Discontinued,121.3 x 63.3 x 10.3 mm (4.78 x 2.49 x 0.41 in),139.0,,,Micro-SIM,ASV,,4.0,640x960,288,62.0,,"Android 2.3.5 (Gingerbread), upgradable to 4.0 (Ice Cream Sandwich)",Exynos,,Dual-core 1.4 GHz Cortex-A9,Mali-400,1,1,16,16,,8.0,1,2.2,No,,No,LED flash,1080p@30fps,,No,,,"Wi-Fi 802.11 b/g/n, hotspot",,2.1,Micro-USB,Yes,"GPS, A-GPS","Accelerometer, gyro, proximity, compass",1600,,,No,,,270.0,,,,,,,,Black/White,,,,No
Meizu,Meizu PRO 5 mini,https://www.gsmarena.com/meizu_pro_5_mini-7741.php,https://fdn2.gsmarena.com/vv/bigpic/smartphone.jpg,GSM / HSPA / LTE,No,Not announced yet,Cancelled,-,,,,Nano-SIM + Nano-SIM,AMOLED,,4.7,1080x1920,469,,Gorilla Glass 3,"Android 5.1 (Lollipop), Flyme 5",Mediatek MT6797 Helio X20 (20 nm),20,"Deca-core (2x2.3 GHz Cortex-A72, 4x2 GHz Cortex-A53, 4x1.4 GHz Cortex-A53)",Mali-T880 MP4,3,3,32,32,,16.0,1,2.2,No,,No,"Dual-LED dual-tone flash, HDR, panorama",1080p@30fps,5.0,No,,,"Wi-Fi 802.11 a/b/g/n/ac, dual-band, Wi-Fi Direct, hotspot",No,4.1,Micro-USB,Yes,"GPS, GLONASS, BDS","Fingerprint (front-mounted), accelerometer, gyro, proximity, compass",,24,,No,,,360.0,,,,,,,,"Gray, Gold, Silver, Black/Silver",,,,No
Qmobile,QMobile Noir A1,https://www.gsmarena.com/qmobile_noir_a1-8757.php,https://fdn2.gsmarena.com/vv/bigpic/QMobile_Noir_A1.jpg,GSM / HSPA / LTE,No,"2017, June. Released 2017, July",Discontinued,154.5 x 76.5 x 8.3 mm (6.08 x 3.01 x 0.33 in),182.0,,,Nano-SIM + Micro-SIM,IPS LCD,,5.5,1080x1920,401,70.6,Corning Gorilla Glass (unspecified versi,"Android 7 (Nougat), Amigo OS 4",Mediatek MT6755 Helio P10 (28 nm),28,Octa-core (4x2.0 GHz Cortex-A53 & 4x1.0 GHz Cortex-A53),Mali-T860MP2,4,4,64,64,eMMC 5.1,13.0,1,2.0,No,1/3.1,No,"LED flash, panorama, HDR",1080p@30fps,16.0,No,,,"Wi-Fi 802.11 a/b/g/n, Wi-Fi Direct",No,4.0,Micro-USB,Yes,GPS,"Fingerprint (front-mounted), accelerometer, gyro, proximity, compass",4010,10,,No,,,,,27500,,,,,,"Black, Gray, Gold",Noir A1,,,FM radio
Qmobile,QMobile Noir E2,https://www.gsmarena.com/qmobile_noir_e2-8758.php,https://fdn2.gsmarena.com/vv/bigpic/QMobile_Noir_E2-.jpg,GSM / HSPA / LTE,No,"2017, June. Released 2017, June",Discontinued,148.7 x 72.4 x 9.1 mm (5.85 x 2.85 x 0.36 in),,,,Hybrid Dual SIM,IPS LCD,,5.2,720x1280,282,69.2,,Android 7.0 (Nougat),Mediatek MT6755 Helio P10 (28 nm),28,Octa-core (4x2.0 GHz Cortex-A53 & 4x1.0 GHz Cortex-A53),Mali-T860MP2,3,3,16,16,eMMC 5.1,13.0,1,2.2,No,,No,"LED flash, HDR, panorama",1080p@30fps,8.0,No,,,"Wi-Fi 802.11 b/g/n, Wi-Fi Direct",No,4.0,Micro-USB,Yes,GPS,"Fingerprint (front-mounted), accelerometer, proximity, compass",4000,,,No,,,,,15500,,,,,,Gold,E2 Noir,,,FM radio
Qmobile,QMobile J7 Pro,https://www.gsmarena.com/qmobile_j7_pro-8759.php,https://fdn2.gsmarena.com/vv/bigpic/QMobile_J7_Pro.jpg,GSM / HSPA / LTE,No,"2017, May. Released 2017, May",Discontinued,154 x 76.6 x 9.2 mm (6.06 x 3.02 x 0.36 in),175.0,,,"Hybrid Dual SIM (Micro-SIM, dual stand-by)",IPS LCD,,5.5,720x1280,267,70.7,Gorilla Glass 3,Android 6.0 (Marshmallow),Mediatek MT6737T (28 nm),28,Quad-core 1.4 GHz Cortex-A53,Mali-T720,3,3,32,32,eMMC 5.0,13.0,1,,No,,No,"LED flash, HDR, panorama",1080p@30fps,8.0,No,,,"Wi-Fi 802.11 b/g/n, Wi-Fi Direct",No,4.0,Micro-USB,Yes,GPS,"Accelerometer, proximity, compass",3150,,,No,,,,,18000,,,,,,"Gold, Blue",,,,FM radio
Qmobile,QMobile M6,https://www.gsmarena.com/qmobile_m6-8760.php,https://fdn2.gsmarena.com/vv/bigpic/QMobile_M6.jpg,GSM / HSPA / LTE,No,"2017, March. Released 2017, March",Discontinued,152.3 x 75.3 x 8.2 mm (6.00 x 2.96 x 0.32 in),180.0,,,"Dual SIM (Micro-SIM, dual stand-by)",AMOLED,,5.5,1080x1920,401,72.7,,"Android 6.0 (Marshmallow), Amigo 3.5",Mediatek MT6755 Helio P10 (28 nm),28,Octa-core (4x2.0 GHz Cortex-A53 & 4x1.0 GHz Cortex-A53),Mali-T860MP2,4,4,64,64,eMMC 5.1,13.0,1,2.0,No,1/3.1,No,"LED flash, panorama, HDR",1080p@30fps,8.0,No,,,"Wi-Fi 802.11 b/g/n, Wi-Fi Direct",No,4.0,Micro-USB,Yes,GPS,"Fingerprint (front-mounted), accelerometer, gyro, proximity, compass",5000,10,,No,,,,,29500,,,,,,"Gold, Coffee",,,,"FM radio, recording"
Qmobile,QMobile M6 Lite,https://www.gsmarena.com/qmobile_m6_lite-8761.php,https://fdn2.gsmarena.com/vv/bigpic/QMobile_M6_Lite.jpg,GSM / HSPA / LTE,No,"2017, March. Released 2017, March",Discontinued,144 x 71 x 10 mm (5.67 x 2.80 x 0.39 in),184.0,,,"Dual SIM (Micro-SIM, dual stand-by)",IPS LCD,,5.0,720x1280,294,67.4,,Android 6.0 (Marshmallow),Mediatek MT6737 (28 nm),28,Quad-core 1.3 GHz Cortex-A53,Mali-T720MP2,3,3,16,16,eMMC 5.0,13.0,1,2.2,No,,No,"LED flash, HDR, panorama",1080p@30fps,5.0,No,,,"Wi-Fi 802.11 b/g/n, Wi-Fi Direct",No,4.0,Micro-USB,Yes,GPS,"Accelerometer, proximity, compass",4000,,,No,,,,,16500,,,,,,Gold,M6 Lite,,,FM radio
Qmobile,QMobile King Kong Max,https://www.gsmarena.com/qmobile_king_kong_max-8762.php,https://fdn2.gsmarena.com/vv/bigpic/QMobile_KING_KONG_MAX.jpg,GSM / HSPA / LTE,No,"2017, January. Released 2017, January",Discontinued,149 x 73.2 x 8.2 mm (5.87 x 2.88 x 0.32 in),162.0,,,"Dual SIM (Micro-SIM, dual stand-by)",IPS LCD,,5.3,720x1280,277,71.0,,Android 6.0 (Marshmallow),Mediatek MT6750 (28 nm),28,Octa-core (4x1.5 GHz Cortex-A53 & 4x1.0 GHz Cortex-A53),Mali-T860MP2,3,3,32,32,eMMC 5.1,13.0,1,,No,,No,"LED flash, HDR, panorama",1080p@30fps,5.0,No,,,"Wi-Fi 802.11 b/g/n, Wi-Fi Direct",No,4.0,Micro-USB,Yes,GPS,"Accelerometer, gyro, proximity, compass",4000,,,No,,,,,18500,,,,,,Gold,,,,FM radio
Qmobile,QMobile M350 Pro,https://www.gsmarena.com/qmobile_m350_pro-8764.php,https://fdn2.gsmarena.com/vv/bigpic/QMobile_M350_Pro.jpg,GSM / HSPA,No,"2017, February. Released 2017, February",Discontinued,145.5 x 71 x 9.4 mm (5.73 x 2.80 x 0.37 in),179.0,,,"Dual SIM (Micro-SIM, dual stand-by)",IPS LCD,,5.0,720x1280,294,66.7,,"Android 6 (Marshmallow), Amigo 3",Mediatek MT6580M (28 nm),28,Quad-core 1.3 GHz Cortex-7,Mali-400MP2,2,2,16,16,,8.0,1,2.2,No,1/4.0,No,"LED flash, panorama, HDR",1080p@30fps,5.0,No,,,"Wi-Fi 802.11 b/g/n, dual-band, Wi-Fi Direct",No,4.0,Micro-USB,Yes,GPS,"Accelerometer, gyro, proximity",5000,,,No,,,,,,,,,,,"Black, Gold, White","M350, M350 Pro",,,FM radio
Qmobile,QMobile Energy X2,https://www.gsmarena.com/qmobile_energy_x2-8763.php,https://fdn2.gsmarena.com/vv/bigpic/QMobile_Energy_X2.jpg,GSM / HSPA,No,"2017, February. Released 2017, February",Discontinued,143 x 73 x 9.9 mm (5.63 x 2.87 x 0.39 in),184.0,,,"Dual SIM (Micro-SIM, dual stand-by)",IPS LCD,,5.0,720x1280,294,66.0,,Android 6.0 (Marshmallow),Mediatek MT6580M (28 nm),28,Quad-core 1.3 GHz Cortex-7,Mali-400MP2,2,2,16,16,,8.0,1,2.0,No,,No,"LED flash, HDR, panorama",1080p@30fps,5.0,No,,,"Wi-Fi 802.11 b/g/n, Wi-Fi Direct",No,4.0,Micro-USB,Yes,GPS,"Accelerometer, proximity",5000,,,No,,,,,,,,,,,"Gold, Silver, Gray",ENERGY X2,,,FM radio
Qmobile,QMobile E1,https://www.gsmarena.com/qmobile_e1-8765.php,https://fdn2.gsmarena.com/vv/bigpic/QMobile_E1.jpg,GSM / HSPA / LTE,No,"2017, January. Released 2017, January",Discontinued,143.8 x 72 x 8.9 mm (5.66 x 2.83 x 0.35 in),,,,"Dual SIM (Micro-SIM, dual stand-by)",IPS LCD,,5.0,720x1280,294,66.6,,Android 6.0 (Marshmallow),Mediatek MT6735P (28 nm),28,Quad-core 1.0 GHz Cortex-A53,Mali-T720MP2,3,3,16,16,,8.0,1,2.2,No,,No,LED flash,1080p@30fps,5.0,No,,,"Wi-Fi 802.11 b/g/n, Wi-Fi Direct",No,4.0,Micro-USB,Yes,GPS,"Accelerometer, proximity, compass",4000,,,No,,,,,,,,,,,"Black, Gold",E1,,,FM radio
Qmobile,QMobile Noir S6 Plus,https://www.gsmarena.com/qmobile_noir_s6_plus-8766.php,https://fdn2.gsmarena.com/vv/bigpic/QMobile_S6_Plus.jpg,GSM / HSPA,No,"2016, June. Released 2016, June",Discontinued,144.4 x 72.5 x 8.7 mm (5.69 x 2.85 x 0.34 in),150.0,,,Dual SIM,IPS LCD,,5.5,720x1280,267,79.7,,Android 6.0 (Marshmallow),Mediatek MT6580 (28 nm),28,Quad-core 1.3 GHz Cortex-A7,Mali-400MP2,2,2,16,16,,8.0,1,2.0,No,1/4.0,No,"LED flash, panorama, HDR",1080p@30fps,5.0,No,,,"Wi-Fi 802.11 b/g/n, dual-band, Wi-Fi Direct",No,4.0,Micro-USB,Yes,GPS,"Fingerprint (rear-mounted), accelerometer, proximity",2500,,,No,,,,,,,,,,,Gold,"S6, S6S, S6 PLUS",,,FM radio
Qmobile,QMobile Noir J7,https://www.gsmarena.com/qmobile_noir_j7-8767.php,https://fdn2.gsmarena.com/vv/bigpic/QMobile_J7.jpg,GSM / HSPA / LTE,No,"2016, October. Released 2016, October",Discontinued,154 x 76.8 x 8.8 mm (6.06 x 3.02 x 0.35 in),183.0,,,Dual SIM,IPS LCD,,5.5,720x1280,267,70.5,,"Android 6.0 (Marshmallow), Amigo 3.2",Mediatek MT6595,,Octa-core 2.2 GHz Cortex-A53,PowerVR G6200,3,3,32,32,,13.0,1,,No,,No,"LED flash, HDR, panorama",1080p@30fps,5.0,No,,,"Wi-Fi 802.11 b/g/n, Wi-Fi Direct",No,4.0,Micro-USB,Yes,GPS,"Accelerometer, proximity, compass",3100,,,No,,,,,,,,,,,Gold,,,,FM radio
Qmobile,QMobile Noir Z12 Pro,https://www.gsmarena.com/qmobile_noir_z12_pro-8353.php,https://fdn2.gsmarena.com/vv/bigpic/QMobile_Noir_Z12_PRO.jpg,GSM / HSPA / LTE,No,"2016, September. Released 2016, September",Discontinued,154.5 x 75.6 x 8.2 mm (6.08 x 2.98 x 0.32 in),166.0,,,Nano-SIM + Micro-SIM,IPS LCD,,5.5,1080x1920,401,71.4,Gorilla Glass 3,"Android 6.0 (Marshmallow), Amigo 3.2",Mediatek MT6753 (28 nm),28,Octa-core 1.3 GHz Cortex-A53,Mali-T720MP3,3,3,32,32,,13.0,1,2.0,No,1/3.1,No,"LED flash, panorama, HDR",1080p@30fps,8.0,No,LED flash,,"Wi-Fi 802.11 b/g/n, Wi-Fi Direct",No,4.0,Type-C,Yes,GPS,"Fingerprint (rear-mounted), accelerometer, gyro, proximity, compass",3150,,,No,,,,,,,,,,,"Mocha Gold, Latte Gold",Z12 PRO,,,FM radio
Qmobile,QMobile Noir Z14,https://www.gsmarena.com/qmobile_noir_z14-8354.php,https://fdn2.gsmarena.com/vv/bigpic/QMobile_Noir_Z14.jpg,GSM / HSPA / LTE,No,"2016, September. Released 2016, September",Discontinued,153 x 75.3 x 7.6 mm (6.02 x 2.96 x 0.30 in),170.0,,,Nano-SIM + Micro-SIM,IPS LCD,,5.5,1080x1920,401,72.4,Corning Gorilla Glass,"Android 6.0.1 (Marshmallow), Amigo 3.2",Mediatek MT6755 Helio P10 (28 nm),28,Octa-core (4x1.8 GHz Cortex-A53 & 4x1.0 GHz Cortex-A53),Mali-T860MP2,4,4,32,32,eMMC 5.1,13.0,1,2.0,No,,No,"LED flash, panorama, HDR",1080p@30fps,8.0,No,,,"Wi-Fi 802.11 b/g/n, Wi-Fi Direct",No,4.0,Type-C,Yes,GPS,"Fingerprint (front-mounted), accelerometer, gyro, proximity, compass",3130,,,No,,,,,,,,,,,"Gold, Silver, Rose Gold",Z14,,,FM radio
Qmobile,QMobile Noir LT680,https://www.gsmarena.com/qmobile_noir_lt680-8355.php,https://fdn2.gsmarena.com/vv/bigpic/QMobile_Noir_LT680.jpg,GSM / HSPA / LTE,No,"2016, August. Released 2016, August",Discontinued,145 x 71.5 x 9.2 mm (5.71 x 2.81 x 0.36 in),157.8,,,Dual SIM (Micro-SIM),IPS LCD,,5.0,720x1280,294,66.5,Asahi Dragontrail Glass,Android 5.1 (Lollipop),Mediatek MT6735P (28 nm),28,Quad-core 1.0 GHz Cortex-A53,Mali-T720MP2,2,2,16,16,,8.0,1,,No,,No,LED flash,1080p@30fps,5.0,No,,,"Wi-Fi 802.11 b/g/n, hotspot",No,4.0,Micro-USB,Yes,GPS,"Accelerometer, proximity, compass",4000,,,No,,,,,,,,,,,"Black, Gold",,,,FM radio
Qmobile,QMobile Noir LT700 Pro,https://www.gsmarena.com/qmobile_noir_lt700_pro-8356.php,https://fdn2.gsmarena.com/vv/bigpic/QMobile_Noir_LT700_PRO.jpg,GSM / HSPA / LTE,No,"2016, July. Released 2016, July",Discontinued,145.3 x 70.5 x 8.5 mm (5.72 x 2.78 x 0.33 in),,,,Dual SIM,IPS LCD,,5.0,720x1280,294,67.3,,"Android 6.0 (Marshmallow), Amigo 3.1",Mediatek MT6735 (28 nm),28,Quad-core 1.3 GHz Cortex-A53,Mali-T720MP2,3,3,16,16,,13.0,1,2.2,No,,No,"LED flash, panorama, HDR",1080p@30fps,5.0,No,,,"Wi-Fi 802.11 b/g/n, Wi-Fi Direct",No,2.0,Micro-USB,Yes,GPS,"Accelerometer, proximity, compass",2400,,,No,,,,,,,,,,,"Pearl White, Grey","LT700 PRO, LT700",,,FM radio
Qmobile,QMobile Noir S4,https://www.gsmarena.com/qmobile_noir_s4-8358.php,https://fdn2.gsmarena.com/vv/bigpic/QMobile_Noir_S4.jpg,GSM / HSPA,No,"2016, June. Released 2016, June",Discontinued,144.4 x 72.5 x 8.7 mm (5.69 x 2.85 x 0.34 in),150.0,,,Dual SIM,IPS LCD,,5.0,720x1280,294,65.8,,Android 6.0 (Marshmallow),Mediatek MT6580 (28 nm),28,Quad-core 1.3 GHz Cortex-A7,Mali-400MP2,2,2,16,16,,8.0,1,2.0,No,1/4.0,No,"LED flash, panorama, HDR",1080p@30fps,8.0,No,,,"Wi-Fi 802.11 b/g/n, Wi-Fi Direct",No,4.0,Micro-USB,Yes,GPS,"Accelerometer, proximity",3000,,,No,,,,,,,,,,,Gold,,,,FM radio
Qmobile,QMobile Noir LT750,https://www.gsmarena.com/qmobile_noir_lt750-8357.php,https://fdn2.gsmarena.com/vv/bigpic/QMobile_Noir_LT750.jpg,GSM / HSPA / LTE,No,"2016, June. Released 2016, June",Discontinued,144.2 x 71.5 x 8.1 mm (5.68 x 2.81 x 0.32 in),,,,Dual SIM,IPS LCD,,5.0,720x1280,294,66.8,,"Android 5.1 (Lollipop), Amigo 3.1",Mediatek MT6735 (28 nm),28,Quad-core 1.3 GHz Cortex-A53,Mali-T720MP2,3,3,16,16,,8.0,1,2.2,No,,No,"LED flash, panorama, HDR",1080p@30fps,5.0,No,,,"Wi-Fi 802.11 b/g/n, Wi-Fi Direct, hotspot",No,2.0,Micro-USB,Yes,GPS,"Accelerometer, proximity, compass",2400,,,No,,,,,,,,,,,White/Gold,,,,FM radio
Qmobile,QMobile Noir i6 Metal HD,https://www.gsmarena.com/qmobile_noir_i6_metal_hd-8359.php,https://fdn2.gsmarena.com/vv/bigpic/QMobile_Noir_i6_Metal_HD.jpg,GSM / HSPA,No,"2016, May. Released 2016, May",Discontinued,145 x 73.1 x 9.7 mm (5.71 x 2.88 x 0.38 in),,,,Dual SIM,IPS LCD,,5.0,720x1280,294,65.0,,Android 6.0 (Marshmallow),Mediatek MT6580 (28 nm),28,Quad-core 1.3 GHz Cortex-A7,Mali-400MP2,1,1,16,16,,8.0,1,,No,,No,"LED flash, panorama, HDR",1080p@30fps,2.0,No,,,"Wi-Fi 802.11 b/g/n, Wi-Fi Direct",No,4.0,Micro-USB,Yes,GPS,"Accelerometer, proximity, compass",2000,,,No,,,,,,,,,,,"Gold, Rose Gold, Silver Black",i6 Metal HD,,,FM radio
Qmobile,QMobile Noir A6,https://www.gsmarena.com/qmobile_noir_a6-8360.php,https://fdn2.gsmarena.com/vv/bigpic/QMobile_Noir_A6.jpg,GSM / HSPA / LTE,No,"2016, May. Released 2016, May",Discontinued,143 x 70.7 x 8.6 mm (5.63 x 2.78 x 0.34 in),,,,"Dual SIM (Mini-SIM/ Micro-SIM, dual stand-by)",IPS LCD,,5.0,720x1280,294,68.2,,Android 5.1 (Lollipop),Mediatek MT6735 (28 nm),28,Quad-core 1.3 GHz Cortex-A53,Mali-T720MP2,3,3,32,32,,13.0,1,,No,,No,"LED flash, panorama, HDR",1080p@30fps,5.0,No,LED flash,,"Wi-Fi 802.11 b/g/n, hotspot",No,4.0,Micro-USB,Yes,GPS,"Fingerprint (front-mounted), accelerometer, proximity, compass",2500,,,No,,,,,,,,,,,"Black, White",,,,FM radio
Qmobile,QMobile Noir S9,https://www.gsmarena.com/qmobile_noir_s9-8027.php,https://fdn2.gsmarena.com/vv/bigpic/qmobile-noir-z9-plus.jpg,GSM / HSPA,No,"2016, March. Released 2016, March",Discontinued,143.5 x 69.4 x 8 mm (5.65 x 2.73 x 0.31 in),133.0,,,Dual SIM,IPS LCD,,5.0,720x1280,294,69.2,Asahi Dragontrail Glass,Android 5.1 (Lollipop),Mediatek MT6592M (28 nm),28,Octa-core 1.4 GHz Cortex-A7,Mali-450,2,2,16,16,,13.0,1,2.2,No,,No,"Dual-LED dual-tone flash, HDR, panorama",1080p@30fps,13.0,No,LED flash,,"Wi-Fi 802.11 b/g/n, hotspot",No,4.0,Micro-USB,Yes,GPS,"Fingerprint (rear-mounted), accelerometer, proximity, compass",3000,,,No,,,,,,,,,,,"White, Black",,,,Stereo FM radio
Qmobile,QMobile Noir Z9 Plus,https://www.gsmarena.com/qmobile_noir_z9_plus-8026.php,https://fdn2.gsmarena.com/vv/bigpic/qmobile-noir-z9-plus1.jpg,GSM / HSPA / LTE,No,"2016, March. Released 2016, March",Discontinued,155 x 76.4 x 7.2 mm (6.10 x 3.01 x 0.28 in),158.0,,,Dual SIM,AMOLED,,5.5,720x1280,267,70.4,Gorilla Glass 3,"Android 5.1.1 (Lollipop), Amigo 3.1",Mediatek MT6753 (28 nm),28,Octa-core 1.3 GHz Cortex-A53,Mali-T720MP3,2,2,16,16,,13.0,1,2.0,No,,No,"LED flash, HDR, panorama",1080p@30fps,5.0,No,,,"Wi-Fi 802.11 b/g/n, Wi-Fi Direct, hotspot",No,4.0,Type-C,Yes,GPS,"Accelerometer, proximity, compass",3150,,,No,,,,,,,,,,,"White, Gold, Dark Blue",,,,FM radio
Qmobile,QMobile Noir Z12,https://www.gsmarena.com/qmobile_noir_z12-7985.php,https://fdn2.gsmarena.com/vv/bigpic/qmobile-noir-z12.jpg,GSM / HSPA / LTE,No,"2016, February. Released 2016, February",Discontinued,151.9 x 74.6 x 6.9 mm (5.98 x 2.94 x 0.27 in),147.0,,,Nano-SIM + Micro-SIM,AMOLED,,5.5,720x1280,267,73.6,,"Android 5.1.1 (Lollipop), Amigo OS 3.1",Mediatek MT6753 (28 nm),28,Octa-core 1.3 GHz Cortex-A53,Mali-T720MP3,3,3,32,32,,13.0,1,2.0,No,,No,LED flash,1080p@30fps,5.0,No,,,"Wi-Fi 802.11 b/g/n, Wi-Fi Direct, hotspot",No,4.0,Type-C,Yes,GPS,"Accelerometer, proximity",3150,,,No,,,,,,,,,,,Gold,Z12,,,FM radio
Qmobile,QMobile Noir Z10,https://www.gsmarena.com/qmobile_noir_z10-7874.php,https://fdn2.gsmarena.com/vv/bigpic/qmobile-noir-z10.jpg,GSM / HSPA / LTE,No,"2015, October. Released 2015, November",Discontinued,149.5 x 73.6 x 8.6 mm (5.89 x 2.90 x 0.34 in),141.0,,,"Dual SIM (Micro-SIM, dual stand-by)",IPS LCD,,5.2,1080x1920,424,67.7,Gorilla Glass 3,"Android 5.1.1 (Lollipop), upgradable to 6.0 (Marshmallow)",Mediatek MT6753V,,Octa-core 1.3 GHz Cortex-A53,Mali-T720MP3,3,3,16,16,,13.0,1,2.2,No,,No,"LED flash, HDR, panorama",1080p@30fps,5.0,No,LED flash,1080p@30fps,"Wi-Fi 802.11 b/g/n, Wi-Fi Direct, DLNA, hotspot",No,4.0,Micro-USB,Yes,GPS,"Accelerometer, gyro, proximity, compass",2900,,,No,,,,,,,,,,,"Black, White",Z10,,,FM radio
Qmobile,QMobile Noir E8,https://www.gsmarena.com/qmobile_noir_e8-7787.php,https://fdn2.gsmarena.com/vv/bigpic/qmobile-noir-e8.jpg,GSM / HSPA / LTE,No,"2015, November. Released 2015, November",Discontinued,164 x 82.3 x 9.6 mm (6.46 x 3.24 x 0.38 in),210.0,,,"Dual SIM (Micro-SIM, dual stand-by)",AMOLED,,6.0,1440x2560,490,73.5,,"Android 5.1 (Lollipop), Amigo 3.1",Mediatek MT6795 Helio X10 (28 nm),28,Octa-core 2.0 GHz Cortex-A53,PowerVR G6200,3,3,64,64,eMMC 5.0,24.0,1,,Yes,1/2.3,Yes,"Dual-LED dual-tone flash, panorama, HDR",4K@30fps,8.0,No,,,"Wi-Fi 802.11 a/b/g/n/ac, dual-band, Wi-Fi Direct, hotspot",Yes,4.0,Micro-USB,Yes,GPS,"Fingerprint (rear-mounted), accelerometer, gyro, proximity, compass",3500,,,No,,,400.0,,,,,,,,"Black, Gold",,,,"FM radio, recording"
Qmobile,QMobile Noir S2,https://www.gsmarena.com/qmobile_noir_s2-7786.php,https://fdn2.gsmarena.com/vv/bigpic/qmobile-noir-s2.jpg,GSM / HSPA,No,"2015, November. Released 2015, November",Discontinued,142.5 x 71 x 9.3 mm (5.61 x 2.80 x 0.37 in),,,,"Dual SIM (Micro-SIM, dual stand-by)",IPS LCD,,5.0,720x1280,294,68.1,,Android 5.1 (Lollipop),Mediatek MT6580 (28 nm),28,Quad-core 1.3 GHz Cortex-A7,Mali-400MP2,1,1,8,8,,8.0,1,,No,,No,"LED flash, HDR, panorama",1080p@30fps,5.0,No,,,"Wi-Fi 802.11 b/g/n, Wi-Fi Direct, hotspot",No,4.0,Micro-USB,Yes,GPS,"Accelerometer, proximity, compass",2000,,,No,,,,,,,,,,,Black,S2,,,FM radio
Qmobile,QMobile Noir S5,https://www.gsmarena.com/qmobile_noir_s5-7500.php,https://fdn2.gsmarena.com/vv/bigpic/qmobile-noir-s5.jpg,GSM / HSPA,No,"2015, August. Released 2015, August",Discontinued,141 x 68.4 x 7.5 mm (5.55 x 2.69 x 0.30 in),,,,"Dual SIM (Micro-SIM, dual stand-by)",AMOLED,,4.8,720x1280,306,65.9,Gorilla Glass 3,Android 5.0 (Lollipop),Mediatek MT6582 (28 nm),28,Quad-core 1.3 GHz Cortex-A7,Mali-400MP2,1,1,8,8,,8.0,1,,No,,No,"LED flash, panorama, HDR",1080p@30fps,8.0,No,LED flash,,"Wi-Fi 802.11 b/g/n, Wi-Fi Direct, hotspot",No,4.0,Micro-USB,Yes,GPS,"Accelerometer, proximity, gravity",2300,,,No,,,130.0,,,,,,,,Black/White,,,,FM radio
Qmobile,QMobile Linq L15,https://www.gsmarena.com/qmobile_linq_l15-7458.php,https://fdn2.gsmarena.com/vv/bigpic/qmobile-linq-l15.jpg,GSM / HSPA,No,"2015, July. Released 2015, July",Discontinued,143 x 71 x 8.5 mm (5.63 x 2.80 x 0.33 in),,,,"Dual SIM (Micro-SIM, dual stand-by)",IPS LCD,,5.0,720x1280,294,67.9,Gorilla Glass 3,Android 5.0 (Lollipop),Mediatek MT6582 (28 nm),28,Quad-core 1.3 GHz Cortex-A7,Mali-400MP2,1,1,8,8,,8.0,1,,No,,No,LED flash,720p@30fps,5.0,No,,,"Wi-Fi 802.11 b/g/n, hotspot",No,4.0,Micro-USB,Yes,GPS,"Accelerometer, proximity",2800,,,No,,,,,,,,,,,Black,,,,FM radio
Qmobile,QMobile Noir Z9,https://www.gsmarena.com/qmobile_noir_z9-7429.php,https://fdn2.gsmarena.com/vv/bigpic/qmobile-noir-z9.jpg,GSM / HSPA / LTE,No,"2015, July. Released 2015, July",Discontinued,141 x 68 x 5.1 mm (5.55 x 2.68 x 0.20 in),97.0,,,Nano-SIM,AMOLED,,4.8,720x1280,306,66.2,Gorilla Glass 3,Android 5.0 (Lollipop),Qualcomm MSM8916 Snapdragon 410 (28 nm),28,Quad-core 1.2 GHz Cortex-A53,Adreno 306,2,2,16,16,eMMC 4.5,8.0,1,,No,,No,"LED flash, HDR, panorama",1080p@30fps,5.0,No,,1080p@30fps,"Wi-Fi 802.11 b/g/n, hotspot",No,4.0,Micro-USB,Yes,GPS,"Accelerometer, proximity",2000,,,No,,,230.0,,,,,,,,Black,,,,Stereo FM radio
Qmobile,QMobile A1,https://www.gsmarena.com/qmobile_a1-7397.php,https://fdn2.gsmarena.com/vv/bigpic/qmobile-a1.jpg,GSM / HSPA,No,"2015, July. Released 2015, July",Discontinued,132 x 67 x 9.2 mm (5.20 x 2.64 x 0.36 in),138.0,,,Dual SIM,IPS LCD,,4.5,480x854,245,50.0,,"Android 5.1 (Lollipop), upgradable to 6.0 (Marshmallow)",Mediatek MT6582 (28 nm),28,Quad-core 1.3 GHz Cortex-A7,Mali-400MP2,1,1,8,8,,5.0,1,,No,,No,LED flash,1080p@30fps,2.0,No,,,"Wi-Fi 802.11 b/g/n, hotspot",No,4.0,Micro-USB,Yes,GPS,"Accelerometer, gyro, proximity, compass",1700,,,No,,,100.0,,,,,,,,Black,,,,Stereo FM radio
Qmobile,QMobile Noir S1,https://www.gsmarena.com/qmobile_noir_s1-7396.php,https://fdn2.gsmarena.com/vv/bigpic/qmobile-noir-s1.jpg,GSM / HSPA,No,"2015, July. Released 2015, July",Discontinued,143 x 71.8 x 8.9 mm (5.63 x 2.83 x 0.35 in),152.0,,,Dual SIM,IPS LCD,,5.0,480x854,196,67.1,,Android 5.0 (Lollipop),Mediatek MT6582M (28 nm),28,Quad-core 1.3 GHz Cortex-A7,Mali-400MP2,1,1,8,8,,5.0,1,,No,,No,LED flash,720p,5.0,No,,,"Wi-Fi 802.11 b/g/n, hotspot",No,4.0,Micro-USB,Yes,A-GPS only,"Accelerometer, proximity",2000,,,No,,,100.0,,,,,,,,Black,S1,,,FM radio
Qmobile,QMobile Power3,https://www.gsmarena.com/qmobile_power3-7413.php,https://fdn2.gsmarena.com/vv/bigpic/qmobile-power3.jpg,GSM,No,"2015, June. Released 2015, June",Discontinued,124.5 x 51.5 x 13.5 mm (4.90 x 2.03 x 0.53 in),,,,Dual SIM,"TFT, 65K colors",,2.4,240x320,167,27.8,,,,,,,,,,,,,1,,No,,No,LED flash,Yes,,No,,,No,No,2.0,Micro-USB,Yes,No,No,2500,,,No,,,20.0,,,,,,,,Black,,,,FM radio
Qmobile,QMobile T50 Bolt,https://www.gsmarena.com/qmobile_t50_bolt-7386.php,https://fdn2.gsmarena.com/vv/bigpic/qmobile-bolt-t50.jpg,GSM / HSPA,No,"2015, June. Released 2015, June",Discontinued,124 x 64.5 x 11.2 mm (4.88 x 2.54 x 0.44 in),,,,Dual SIM,"TFT, 256K colors",,4.0,480x800,233,56.9,,Android 4.4.2 (KitKat),Spreadtrum 7715,,1.0 GHz,,,,4,4,,,1,,No,,No,LED flash,Yes,,No,,,"Wi-Fi 802.11 b/g/n, hotspot",No,4.0,Micro-USB,Yes,A-GPS only,Accelerometer,1200,,,No,,,50.0,,,,,,,,Black,,,,FM radio
Qmobile,QMobile T200 Bolt,https://www.gsmarena.com/qmobile_t200_bolt-7332.php,https://fdn2.gsmarena.com/vv/bigpic/qmobile-t200.jpg,GSM / HSPA,No,"2015, June. Released 2015, June",Discontinued,124 x 64.5 x 11.2 mm (4.88 x 2.54 x 0.44 in),,,,Dual SIM,TFT,,4.0,480x800,233,56.9,,Android 4.4.2 (KitKat),Spreadtrum 7731,,Quad-core 1.2 GHz,,,,4,4,,2.0,1,,No,,No,LED flash,Yes,,No,,,"Wi-Fi 802.11 b/g/n, hotspot",No,4.0,Micro-USB,Yes,A-GPS only,Accelerometer,1450,,,No,,,60.0,,,,,,,,Black,,,,FM radio
Qmobile,QMobile Noir X950,https://www.gsmarena.com/qmobile_noir_x950-7317.php,https://fdn2.gsmarena.com/vv/bigpic/qmobile-x950.jpg,GSM / HSPA / LTE,No,"2015, June. Released 2015, June",Discontinued,139 x 68 x 5.9 mm (5.47 x 2.68 x 0.23 in),,,,Dual SIM,Super AMOLED,,5.0,720x1280,294,72.9,,Android 4.4.2 (KitKat),Mediatek MT6752M,,Octa-core 1.5 GHz Cortex-A53,Mali-T760MP2,2,2,16,16,,13.0,1,,No,,No,"LED flash, HDR, panorama",720p@30fps,5.0,No,,,"Wi-Fi 802.11 b/g/n, hotspot",No,4.0,Micro-USB,Yes,GPS,"Accelerometer, proximity, compass",2500,,,No,,,200.0,,,,,,,,Black,,,,Stereo FM radio
Qmobile,QMobile QTab V10,https://www.gsmarena.com/qmobile_qtab_v10-7405.php,https://fdn2.gsmarena.com/vv/bigpic/qtab-v10.jpg,GSM / HSPA,No,"2015, May. Released 2015, May",Discontinued,-,,,,Nano-SIM,IPS LCD,,7.85,768x1024,163,,,Android 4.4 (KitKat),Mediatek MT8382 (28 nm),28,Quad-core 1.3 GHz Cortex-A7,Mali-400MP2,1,1,8,8,,5.0,1,,No,,No,,720p@30fps,2.0,No,,,"Wi-Fi 802.11 b/g/n, hotspot",No,4.0,Micro-USB,Yes,GPS,"Accelerometer, compass",4700,,,No,,,120.0,,,,,,,,Black,,,,"Stereo FM radio, RDS"
Qmobile,QMobile Explorer 3G,https://www.gsmarena.com/qmobile_explorer_3g-7380.php,https://fdn2.gsmarena.com/vv/bigpic/qmobile-explorer-3g.jpg,GSM / HSPA,No,"2015, May. Released 2015, May",Discontinued,131 x 56 x 12.4 mm (5.16 x 2.20 x 0.49 in),,,,Dual SIM,"TFT, 65K colors",,2.8,240x320,143,33.1,,,,,,,,,,,,2.0,1,,No,,No,,320p@15fps,,No,,,Wi-Fi 802.11 b/g/n,No,2.0,Micro-USB,Yes,No,No,1450,,,No,,,40.0,,,,,,,,Black,,,,FM radio
Qmobile,QMobile Noir i8,https://www.gsmarena.com/qmobile_noir_i8-7340.php,https://fdn2.gsmarena.com/vv/bigpic/qmobile-i8.jpg,GSM / HSPA,No,"2015, May. Released 2015, May",Discontinued,139 x 71.6 x 8.8 mm (5.47 x 2.82 x 0.35 in),151.0,,,"Dual SIM (Mini-SIM/ Micro-SIM, dual stand-by)",IPS LCD,,4.7,480x800,199,63.2,,Android 5.0 (Lollipop),Mediatek MT6582M (28 nm),28,Quad-core 1.3 GHz Cortex-A7,Mali-400MP2,1,1,8,8,,8.0,1,,No,,No,LED flash,Yes,2.0,No,,,"Wi-Fi 802.11 b/g/n, Wi-Fi Direct, hotspot",No,4.0,Micro-USB,Yes,GPS,"Accelerometer, proximity",2120,,,No,,,100.0,,,,,,,,Black,,,,FM radio
Qmobile,QMobile Noir X450,https://www.gsmarena.com/qmobile_noir_x450-7324.php,https://fdn2.gsmarena.com/vv/bigpic/qmobile-x450.jpg,GSM / HSPA,No,"2015, May. Released 2015, May",Discontinued,142.8 x 74.3 x 8.6 mm (5.62 x 2.93 x 0.34 in),150.0,,,Dual SIM,TFT,,5.0,480x854,196,64.9,,Android 4.4.2 (KitKat),Mediatek MT6582M (28 nm),28,Quad-core 1.3 GHz Cortex-A7,Mali-400MP2,1,1,8,8,,5.0,1,,No,,No,"LED flash, panorama",1080p@30fps,2.0,No,LED flash,,"Wi-Fi 802.11 b/g/n, hotspot",No,4.0,Micro-USB,Yes,GPS,"Accelerometer, proximity, compass",1950,,,No,,,160.0,,,,,,,,Black,,,,FM radio
Qmobile,QMobile Noir Z8 Plus,https://www.gsmarena.com/qmobile_noir_z8_plus-7314.php,https://fdn2.gsmarena.com/vv/bigpic/qmobile-z8-plus.jpg,GSM / HSPA / LTE,No,"2015, May. Released 2015, May",Discontinued,143.5 x 72 x 7.5 mm (5.65 x 2.83 x 0.30 in),,,,Dual SIM,IPS LCD,,5.5,720x1280,267,80.7,Gorilla Glass 3,Android 4.4.2 (KitKat),Qualcomm MSM8916 Snapdragon 410 (28 nm),28,Quad-core 1.2 GHz Cortex-A53,Adreno 306,2,2,16,16,eMMC 4.5,13.0,1,,No,,No,"LED flash, HDR, panorama",1080p@30fps,5.0,No,,1080p@30fps,"Wi-Fi 802.11 a/b/g/n, dual-band, Wi-Fi Direct, hotspot",No,4.0,Micro-USB,Yes,GPS,"Accelerometer, gyro, proximity",2820,,,No,,,180.0,,,,,,,,Black,,,,Stereo FM radio
Qmobile,QMobile Noir X350,https://www.gsmarena.com/qmobile_noir_x350-7326.php,https://fdn2.gsmarena.com/vv/bigpic/qmobile-x350.jpg,GSM / HSPA,No,"2015, April. Released 2015, April",Discontinued,131.5 x 66 x 8.5 mm (5.18 x 2.60 x 0.33 in),,,,Dual SIM,"TFT, 256K colors",,4.5,480x854,218,64.3,,Android 4.4.2 (KitKat),Mediatek MT6582V/X,,Quad-core 1.3 GHz Cortex-A7,Mali-400MP2,1,1,8,8,,5.0,1,,No,,No,LED flash,Yes,2.0,No,,,"Wi-Fi 802.11 b/g/n, hotspot",No,4.0,Micro-USB,Yes,A-GPS only,"Accelerometer, proximity, compass",1800,,,No,,,110.0,,,,,,,,Black,,,,FM radio
Qmobile,QMobile Noir LT600,https://www.gsmarena.com/qmobile_noir_lt600-7335.php,https://fdn2.gsmarena.com/vv/bigpic/qmobile-lt600.jpg,GSM / HSPA / LTE,No,"2015, March. Released 2015, March",Discontinued,143 x 70.7 x 6.9 mm (5.63 x 2.78 x 0.27 in),,,,Dual SIM,TFT,,5.0,720x1280,294,68.2,,Android 4.4.2 (KitKat),Qualcomm MSM8926 Snapdragon 400 (28 nm),28,Quad-core 1.2 GHz Cortex-A7,Adreno 305,1,1,8,8,eMMC 4.5,8.0,1,,No,,No,"LED flash, panorama",720p@30fps,5.0,No,LED flash,,"Wi-Fi 802.11 b/g/n, Wi-Fi Direct, hotspot",No,4.0,Micro-USB,Yes,GPS,"Accelerometer, proximity, compass",2000,,,No,,,160.0,,,,,,,,Black,,,,FM radio
Qmobile,QMobile Noir M300,https://www.gsmarena.com/qmobile_noir_m300-7334.php,https://fdn2.gsmarena.com/vv/bigpic/qmobile-m300.jpg,GSM / HSPA,No,"2015, March. Released 2015, March",Discontinued,144.5 x 71.5 x 10.4 mm (5.69 x 2.81 x 0.41 in),180.0,,,Dual SIM,IPS LCD,,5.0,720x1280,294,66.7,,Android 4.4.2 (KitKat),Mediatek MT6582 (28 nm),28,Quad-core 1.3 GHz Cortex-A7,Mali-400MP2,1,1,8,8,,8.0,1,,No,,No,"LED flash, panorama",720p@30fps,2.0,No,,,"Wi-Fi 802.11 b/g/n, hotspot",No,4.0,Micro-USB,Yes,GPS,"Accelerometer, proximity, compass",5000,,,No,,,160.0,,,,,,,,Black,,,,FM radio
Qmobile,QMobile W1,https://www.gsmarena.com/qmobile_w1-7331.php,https://fdn2.gsmarena.com/vv/bigpic/qmobile-w1.jpg,GSM / HSPA,No,"2015, March. Released 2015, March",Discontinued,126 x 64 x 10.5 mm (4.96 x 2.52 x 0.41 in),,,,Dual SIM,TFT,,4.0,480x800,233,56.5,,Microsoft Windows Phone 8.1,Qualcomm MSM8212 Snapdragon 200 (28 nm),28,Quad-core 1.2 GHz Cortex-A7,Adreno 302,,,4,4,eMMC 4.5,5.0,1,,No,,No,LED flash,720p@30fps,,No,,,"Wi-Fi 802.11 b/g/n, hotspot",No,4.0,Micro-USB,Yes,A-GPS only,"Accelerometer, proximity",1950,,,No,,,60.0,,,,,,,,Black,,,,FM radio
Qmobile,QMobile Noir Z8,https://www.gsmarena.com/qmobile_noir_z8-7315.php,https://fdn2.gsmarena.com/vv/bigpic/qmobile-z8.jpg,GSM / HSPA / LTE,No,"2015, March. Released 2015, March",Discontinued,143.5 x 72 x 7.5 mm (5.65 x 2.83 x 0.30 in),120.0,,,Dual SIM,IPS LCD,,5.0,720x1280,294,66.7,Gorilla Glass 3,Android 4.4.2 (KitKat),Qualcomm MSM8916 Snapdragon 410 (28 nm),28,Quad-core 1.2 GHz Cortex-A53,Adreno 306,2,2,16,16,eMMC 4.5,13.0,1,,No,,No,"LED flash, HDR, panorama",1080p@30fps,5.0,No,,1080p@30fps,"Wi-Fi 802.11 a/b/g/n, dual-band, Wi-Fi Direct, hotspot",No,4.0,Micro-USB,Yes,GPS,"Accelerometer, gyro, proximity",2400,,,No,,,170.0,,,,,,,,Black,,,,Stereo FM radio
Qmobile,QMobile Noir A750,https://www.gsmarena.com/qmobile_noir_a750-7407.php,https://fdn2.gsmarena.com/vv/bigpic/qmobile-noir-a750.jpg,GSM / HSPA,No,"2015, February. Released 2015, February",Discontinued,144.5 x 73.8 x 8.9 mm (5.69 x 2.91 x 0.35 in),158.0,,,Dual SIM,IPS LCD,,5.0,720x1280,294,64.6,,Android 4.2 (Jelly Bean),Mediatek MT6589 (28 nm),28,Quad-core 1.2 GHz Cortex-A7,PowerVR SGX544,1,1,16,16,,13.0,1,,No,,No,"LED flash, HDR, panorama",1080p@30fps,5.0,No,,720p,"Wi-Fi 802.11 b/g/n, hotspot",No,4.0,Micro-USB,Yes,GPS,"Accelerometer, proximity",2000,,,No,,,220.0,,,,,,,,Black,,,,FM radio
Qmobile,QMobile Linq X70,https://www.gsmarena.com/qmobile_linq_x70-7403.php,https://fdn2.gsmarena.com/vv/bigpic/qmobile-linq-x70.jpg,GSM / HSPA,No,"2015, February. Released 2015, February",Discontinued,128 x 63 x 9 mm (5.04 x 2.48 x 0.35 in),,,,Dual SIM,"IPS LCD, 256K colors",,4.0,480x640,200,61.4,,Android 4.4.2 (KitKat),Mediatek MT6582 (28 nm),28,Quad-core 1.3 GHz Cortex-A7,Mali-400MP2,1,1,8,8,,5.0,1,,No,,No,"LED flash, panorama, HDR",1080p@30fps,,No,,,"Wi-Fi 802.11 b/g/n, hotspot",No,4.0,Micro-USB,Yes,GPS,"Accelerometer, proximity",1500,,,No,,,90.0,,,,,,,,Black,,,,FM radio
Qmobile,QMobile Noir Z7,https://www.gsmarena.com/qmobile_noir_z7-7384.php,https://fdn2.gsmarena.com/vv/bigpic/qmobile-noir-z7.jpg,GSM / HSPA,No,"2015, February. Released 2015, February",Discontinued,139.8 x 67.4 x 5.2 mm (5.50 x 2.65 x 0.20 in),97.7,,,Micro-SIM,AMOLED,,4.8,720x1280,306,67.4,,Android 4.4.2 (KitKat),Mediatek MT6592 (28 nm),28,Octa-core 1.7 GHz Cortex-A7,Mali-450MP4,1,1,16,16,,8.0,1,,No,,No,"LED flash, panorama, HDR",1080p@30fps,5.0,No,,,"Wi-Fi 802.11 b/g/n, hotspot",No,4.0,Micro-USB,Yes,GPS,"Accelerometer, gyro, proximity, compass",2050,,,No,,,210.0,,,,,,,,Black,,,,Stereo FM radio
Qmobile,QMobile Linq L10,https://www.gsmarena.com/qmobile_linq_l10-7342.php,https://fdn2.gsmarena.com/vv/bigpic/qmobile-l10.jpg,GSM / HSPA,No,"2015, February. Released 2015, February",Discontinued,146.2 x 74.2 x 8.8 mm (5.76 x 2.92 x 0.35 in),,,,Dual SIM,IPS LCD,,5.0,720x1280,294,63.5,,Android 4.4.2 (KitKat),Qualcomm MSM8252,,Quad-core 1.2 GHz Cortex-A7,,1,1,8,8,,8.0,1,,No,,No,LED flash,720p@30fps,2.0,No,,,"Wi-Fi 802.11 b/g/n, hotspot",No,4.0,Micro-USB,Yes,GPS,"Accelerometer, proximity, compass",2000,,,No,,,120.0,,,,,,,,Black,,,,FM radio
Qmobile,QMobile Noir LT250,https://www.gsmarena.com/qmobile_noir_lt250-7336.php,https://fdn2.gsmarena.com/vv/bigpic/qmobile-lt250.jpg,GSM / HSPA / LTE,No,"2015, February. Released 2015, February",Discontinued,140.1 x 67.5 x 8.8 mm (5.52 x 2.66 x 0.35 in),119.0,,,Micro-SIM,IPS LCD,,4.7,720x1280,312,64.4,Corning Gorilla Glass 2,Android 4.4.2 (KitKat),Nvidia Tegra 4i,,Quad-core 1.7 GHz,ULP GeForce,1,1,4,4,,8.0,1,,No,,No,"LED flash, HDR",1080p@30fps,5.0,No,,,"Wi-Fi 802.11 b/g/n, Wi-Fi Direct, hotspot",No,4.0,Micro-USB,Yes,GPS,"Accelerometer, proximity, compass",2000,,,No,,,150.0,,,,,,,,Black,,,,FM radio
Qmobile,QMobile Noir LT150,https://www.gsmarena.com/qmobile_noir_lt150-7337.php,https://fdn2.gsmarena.com/vv/bigpic/qmobile-lt150.jpg,GSM / HSPA / LTE,No,"2015, February. Released 2015, February",Discontinued,137.5 x 68.5 x 8.9 mm (5.41 x 2.70 x 0.35 in),,,,Dual SIM,TFT,,4.7,480x854,208,64.6,,Android 4.4.2 (KitKat),Mediatek MT6590,,Quad-core 1.3 GHz Cortex-A7,,1,1,8,8,,5.0,1,,No,,No,LED flash,720p@30fps,2.0,No,,,"Wi-Fi 802.11 b/g/n, Wi-Fi Direct, hotspot",No,4.0,Micro-USB,Yes,GPS,"Accelerometer, proximity",1800,,,No,,,120.0,,,,,,,,Black,,,,FM radio
Qmobile,QMobile Noir X600,https://www.gsmarena.com/qmobile_noir_x600-7321.php,https://fdn2.gsmarena.com/vv/bigpic/qmobile-x600.jpg,GSM / HSPA,No,"2015, February. Released 2015, February",Discontinued,8.3 mm thickness,,,,Dual SIM,TFT,,5.0,720x1280,294,,,Android 4.2.2 (Jelly Bean),Mediatek MT6592M (28 nm),28,Octa-core 1.4 GHz Cortex-A7,Mali-450MP4,2,2,16,16,,8.0,1,,No,,No,"LED flash, HDR, panorama",1080p@30fps,2.0,No,,,"Wi-Fi 802.11 b/g/n, hotspot",No,4.0,Micro-USB,Yes,GPS,"Accelerometer, proximity",1800,,,No,,,150.0,,,,,,,,Black,,,,Stereo FM radio
Qmobile,QMobile Noir X700,https://www.gsmarena.com/qmobile_noir_x700-7320.php,https://fdn2.gsmarena.com/vv/bigpic/qmobile-x700.jpg,GSM / HSPA,No,"2015, February. Released 2015, February",Discontinued,140 x 70 x 7.9 mm (5.51 x 2.76 x 0.31 in),,,,Dual SIM,IPS LCD,,5.0,720x1280,294,70.3,,Android 4.2.2 (Jelly Bean),Mediatek MT6592M (28 nm),28,Octa-core 1.4 GHz Cortex-A7,Mali-450MP4,1,1,8,8,,8.0,1,,No,,No,"LED flash, HDR, panorama",1080p@30fps,2.0,No,,,"Wi-Fi 802.11 b/g/n, hotspot",No,4.0,Micro-USB,Yes,GPS,"Accelerometer, proximity",1920,,,No,,,150.0,,,,,,,,Black,,,,Stereo FM radio
Qmobile,QMobile Noir X900,https://www.gsmarena.com/qmobile_noir_x900-7318.php,https://fdn2.gsmarena.com/vv/bigpic/qmobile-x900.jpg,GSM / HSPA,No,"2015, February. Released 2015, February",Discontinued,141.5 x 70.8 x 7.8 mm (5.57 x 2.79 x 0.31 in),,,,Dual SIM,IPS LCD,,5.0,720x1280,294,68.8,,Android 4.2.2 (Jelly Bean),Mediatek MT6592 (28 nm) Mediatek MT6592M (28 nm),28,Octa-core 1.7 GHz Cortex-A7 Octa-core 1.4 GHz Cortex-A7,Mali-450MP4,1,2,8,16,,13.0,1,,No,,No,"Dual-LED flash, HDR, panorama",1080p@30fps,5.0,No,,,"Wi-Fi 802.11 b/g/n, hotspot",No,4.0,Micro-USB,Yes,GPS,"Accelerometer, proximity",2100,,,No,,,160.0,,,,,,,,Black,,,,Stereo FM radio
Qmobile,QMobile Noir X60,https://www.gsmarena.com/qmobile_noir_x60-7329.php,https://fdn2.gsmarena.com/vv/bigpic/qmobile-x60.jpg,GSM / HSPA,No,"2015, January. Released 2015, January",Discontinued,125 x 63.2 x 9 mm (4.92 x 2.49 x 0.35 in),,,,Dual SIM,IPS LCD,,4.0,480x800,233,57.6,,Android 4.4.2 (KitKat),Mediatek MT6582 (28 nm),28,Quad-core 1.3 GHz Cortex-A7,Mali-400MP2,,,4,4,,5.0,1,,No,,No,LED flash,Yes,,No,,,"Wi-Fi 802.11 b/g/n, hotspot",No,4.0,Micro-USB,Yes,A-GPS only,Accelerometer,1500,,,No,,,90.0,,,,,,,,Black,,,,FM radio
Qmobile,QMobile Noir X80,https://www.gsmarena.com/qmobile_noir_x80-7328.php,https://fdn2.gsmarena.com/vv/bigpic/qmobile-x80.jpg,GSM / HSPA,No,"2015, January. Released 2015, January",Discontinued,124.1 x 63.8 x 9.9 mm (4.89 x 2.51 x 0.39 in),,,,Dual SIM,IPS LCD,,4.0,480x800,233,57.5,,Android 4.4.2 (KitKat),Mediatek MT6572 (28 nm),28,Dual-core 1.3 GHz Cortex-A7,Mali-400,,,4,4,,5.0,1,,No,,No,LED flash,Yes,,No,,,"Wi-Fi 802.11 b/g/n, hotspot",No,4.0,Micro-USB,Yes,GPS,"Accelerometer, proximity, compass",1500,,,No,,,80.0,,,,,,,,Black,,,,FM radio
Qmobile,QMobile Noir X90,https://www.gsmarena.com/qmobile_noir_x90-7327.php,https://fdn2.gsmarena.com/vv/bigpic/qmobile-x90.jpg,GSM / HSPA,No,"2015, January. Released 2015, January",Discontinued,9.3 mm thickness,,,,Dual SIM,TFT,,5.0,480x854,196,,,Android 4.4.2 (KitKat),Mediatek MT6572A,,Dual-core 1.3 GHz Cortex-A7,Mali-400,1,1,8,8,,5.0,1,,No,,No,LED flash,Yes,,No,,,"Wi-Fi 802.11 b/g/n, hotspot",No,4.0,Micro-USB,Yes,A-GPS only,Accelerometer,1800,,,No,,,80.0,,,,,,,,Black,,,,FM radio
Qmobile,QMobile Noir X550,https://www.gsmarena.com/qmobile_noir_x550-7322.php,https://fdn2.gsmarena.com/vv/bigpic/qmobile-x550.jpg,GSM / HSPA,No,"2015, January. Released 2015, January",Discontinued,139.1 x 69.2 x 7.9 mm (5.48 x 2.72 x 0.31 in),,,,Dual SIM,IPS LCD,,4.7,720x1280,312,63.3,,Android 4.4.2 (KitKat),Mediatek MT6582 (28 nm),28,Quad-core 1.3 GHz Cortex-A7,Mali-400MP2,1,1,8,8,,8.0,1,,No,,No,LED flash,Yes,2.0,No,,,"Wi-Fi 802.11 b/g/n, hotspot",No,4.0,Micro-USB,Yes,A-GPS only,Accelerometer,1800,,,No,,,120.0,,,,,,,,Black,,,,FM radio
Qmobile,QMobile Linq X300,https://www.gsmarena.com/qmobile_linq_x300-7394.php,https://fdn2.gsmarena.com/vv/bigpic/qmobile-linq-x300.jpg,GSM / HSPA,No,"2014, December. Released 2014, December",Discontinued,136 x 64.6 x 9 mm (5.35 x 2.54 x 0.35 in),,,,Dual SIM,IPS LCD,,4.5,480x854,218,63.5,,Android 4.4.2 (KitKat),Mediatek MT6582M (28 nm),28,Quad-core 1.3 GHz Cortex-A7,Mali-400MP2,1,1,8,8,,8.0,1,,No,,No,Dual-LED flash,720p,2.0,No,,,"Wi-Fi 802.11 b/g/n, hotspot",No,4.0,Micro-USB,Yes,GPS,"Accelerometer, proximity, compass",1800,,,No,,,110.0,,,,,,,,Black,,,,FM radio
Qmobile,QMobile Linq X100,https://www.gsmarena.com/qmobile_linq_x100-7343.php,https://fdn2.gsmarena.com/vv/bigpic/qmobile-x100.jpg,GSM / HSPA,No,"2014, December. Released 2014, December",Discontinued,128 x 64.3 x 9.5 mm (5.04 x 2.53 x 0.37 in),,,,Dual SIM,TFT,,4.5,480x854,218,67.8,,Android 4.4.2 (KitKat),Mediatek MT6582 (28 nm),28,Quad-core 1.3 GHz Cortex-A7,Mali-400MP2,1,1,8,8,,5.0,1,,No,,No,LED flash,Yes,,No,,,"Wi-Fi 802.11 b/g/n, hotspot",No,4.0,Micro-USB,Yes,GPS,"Accelerometer, proximity, compass",1700,,,No,,,100.0,,,,,,,,Black,,,,FM radio
Qmobile,QMobile Noir X35,https://www.gsmarena.com/qmobile_noir_x35-7330.php,https://fdn2.gsmarena.com/vv/bigpic/qmobile-x35.jpg,GSM / HSPA,No,"2014, December. Released 2014, December",Discontinued,124.8 x 63.5 x 10.5 mm (4.91 x 2.5 x 0.41 in),,,,Dual SIM,TFT,,4.0,480x800,233,57.5,,Android 4.4.2 (KitKat),Mediatek MT6572 (28 nm),28,Dual-core 1.0 GHz Cortex-A7,Mali-400,,,4,4,,3.15,1,,No,,No,LED flash,Yes,,No,,,"Wi-Fi 802.11 b/g/n, hotspot",No,4.0,Micro-USB,Yes,A-GPS only,Accelerometer,1450,,,No,,,60.0,,,,,,,,Black,,,,FM radio
Qmobile,QMobile Noir X400,https://www.gsmarena.com/qmobile_noir_x400-7325.php,https://fdn2.gsmarena.com/vv/bigpic/qmobile-x400.jpg,GSM / HSPA,No,"2014, November. Released 2014, November",Discontinued,131 x 65 x 7.8 mm (5.16 x 2.56 x 0.31 in),,,,Dual SIM,TFT,,4.5,480x854,218,65.5,,Android 4.4.2 (KitKat),Mediatek MT6582 (28 nm),28,Quad-core 1.3 GHz Cortex-A7,Mali-400MP2,1,1,8,8,,8.0,1,,No,,No,"LED flash, panorama",720p@30fps,2.0,No,,,"Wi-Fi 802.11 b/g/n, hotspot",No,4.0,Micro-USB,Yes,A-GPS only,"Accelerometer, proximity, compass",1800,,,No,,,90.0,,,,,,,,Black,,,,FM radio
Qmobile,QMobile Noir X500,https://www.gsmarena.com/qmobile_noir_x500-7323.php,https://fdn2.gsmarena.com/vv/bigpic/qmobile-x500.jpg,GSM / HSPA,No,"2014, November. Released 2014, November",Discontinued,137.8 x 68 x 8.8 mm (5.43 x 2.68 x 0.35 in),,,,Dual SIM,IPS LCD,,4.7,720x1280,312,65.0,,Android 4.4.2 (KitKat),Mediatek MT6582 (28 nm),28,Quad-core 1.3 GHz Cortex-A7,Mali-400MP2,1,1,8,8,,8.0,1,,No,,No,LED flash,Yes,2.0,No,,,"Wi-Fi 802.11 b/g/n, hotspot",No,4.0,Micro-USB,Yes,A-GPS only,Accelerometer,1700,,,No,,,100.0,,,,,,,,Black,,,,FM radio
Qmobile,QMobile M800,https://www.gsmarena.com/qmobile_m800-7417.php,https://fdn2.gsmarena.com/vv/bigpic/qmobile-m800.jpg,GSM,No,"2014, September. Released 2014, September",Discontinued,126.5 x 55.6 x 13.3 mm (4.98 x 2.19 x 0.52 in),,,,Dual SIM,"TFT, 65K colors",,2.4,240x320,167,25.4,,,,,,,,,,,,,1,,No,,No,,Yes,,No,,,No,No,2.0,Micro-USB,Yes,No,No,1800,,,No,,,20.0,,,,,,,,Black,,,,FM radio
Qmobile,QMobile Noir i7,https://www.gsmarena.com/qmobile_noir_i7-7389.php,https://fdn2.gsmarena.com/vv/bigpic/qmobile-noir-i7.jpg,GSM / HSPA,No,"2014, September. Released 2014, September",Discontinued,137 x 68 x 8.8 mm (5.39 x 2.68 x 0.35 in),,,,Dual SIM,IPS LCD,,4.5,540x960,245,59.9,,"Android 4.2 (Jelly Bean), upgradable to 4.4 (KitKat)",Mediatek MT6582M (28 nm),28,Quad-core 1.3 GHz Cortex-A7,Mali-400MP2,1,1,8,8,,5.0,1,,No,,No,LED flash,720p@30fps,2.0,No,,,"Wi-Fi 802.11 b/g/n, hotspot",No,4.0,Micro-USB,Yes,GPS,Accelerometer,1700,,,No,,,120.0,,,,,,,,Black,,,,FM radio
Qmobile,QMobile Noir M90,https://www.gsmarena.com/qmobile_noir_m90-7333.php,https://fdn2.gsmarena.com/vv/bigpic/qmobile-m90.jpg,GSM / HSPA,No,"2014, September. Released 2014, September",Discontinued,144 x 72 x 10.5 mm (5.67 x 2.83 x 0.41 in),,,,Dual SIM,TFT,,5.0,480x854,196,66.4,,"Android 4.2 (Jelly Bean), upgradable to 4.4.2 (KitKat)",Mediatek MT6582 (28 nm),28,Quad-core 1.3 GHz Cortex-A7,Mali-400MP2,1,1,8,8,,8.0,1,,No,,No,"LED flash, panorama",720p@30fps,2.0,No,,,"Wi-Fi 802.11 b/g/n, hotspot",No,4.0,Micro-USB,Yes,GPS,"Accelerometer, proximity, compass",4200,,,No,,,120.0,,,,,,,,,,,,FM radio
Qmobile,QMobile Noir X800,https://www.gsmarena.com/qmobile_noir_x800-7319.php,https://fdn2.gsmarena.com/vv/bigpic/qmobile-x800.jpg,GSM / HSPA,No,"2014, September. Released 2014, September",Discontinued,138 x 68 x 7.6 mm (5.43 x 2.68 x 0.30 in),,,,Dual SIM,IPS LCD,,4.7,720x1280,312,64.9,,Android 4.2.2 (Jelly Bean),Mediatek MT6592M (28 nm),28,Octa-core 1.4 GHz Cortex-A7,Mali-450MP4,1,2,8,16,,8.0,1,,No,,No,"LED flash, HDR, panorama",1080p@30fps,2.0,No,,,"Wi-Fi 802.11 b/g/n, hotspot",No,4.0,Micro-USB,Yes,GPS,"Accelerometer, proximity",2000,,,No,,,110.0,,,,,,,,Black,,,,Stereo FM radio
Qmobile,QMobile B100TV,https://www.gsmarena.com/qmobile_b100tv-7416.php,https://fdn2.gsmarena.com/vv/bigpic/qmobile-b100.jpg,GSM,No,"2014, August. Released 2014, August",Discontinued,114 x 49.6 x 13.2 mm (4.49 x 1.95 x 0.52 in),,,,Dual SIM,"TFT, 65K colors",,2.4,240x320,167,31.5,,,,,,,,,,,,,1,,No,,No,,Yes,,No,,,No,No,2.0,Micro-USB,Yes,No,No,1000,,,No,,,20.0,,,,,,,,Black,,,,Wireless FM radio (no wired headphones required)
Qmobile,QMobile Noir A115 ATV,https://www.gsmarena.com/qmobile_noir_a115_atv-7393.php,https://fdn2.gsmarena.com/vv/bigpic/qmobile-noir-a115.jpg,GSM,No,"2014, August. Released 2014, August",Discontinued,125 x 64.5 x 12.1 mm (4.92 x 2.54 x 0.48 in),,,,Dual SIM,TFT,,3.97,480x800,235,55.6,,Android 4.2 (Jelly Bean),Mediatek MT6572M (28 nm),28,Dual-core 1.0 GHz Cortex-A7,Mali-400,,,,,,3.15,1,,No,,No,LED flash,480p,,No,,,"Wi-Fi 802.11 b/g/n, hotspot",No,4.0,Micro-USB,Yes,GPS,"Accelerometer, proximity, compass",1700,,,No,,,60.0,,,,,,,,Black,,,,FM radio
Qmobile,QMobile Noir i10,https://www.gsmarena.com/qmobile_noir_i10-7391.php,https://fdn2.gsmarena.com/vv/bigpic/qmobile-i10.jpg,GSM / HSPA,No,"2014, August. Released 2014, August",Discontinued,147 x 73 x 8.8 mm (5.79 x 2.87 x 0.35 in),,,,Dual SIM,IPS LCD,,5.0,540x960,220,64.2,,Android 4.4.2 (KitKat),Mediatek MT6582M (28 nm),28,Quad-core 1.3 GHz Cortex-A7,Mali-400MP2,1,1,8,8,,8.0,1,,No,,No,LED flash,720p@30fps,2.0,No,,,"Wi-Fi 802.11 b/g/n, hotspot",No,4.0,Micro-USB,Yes,GPS,Accelerometer,1700,,,No,,,120.0,,,,,,,,Black,i10,,,FM radio
Qmobile,QMobile B800,https://www.gsmarena.com/qmobile_b800-7415.php,https://fdn2.gsmarena.com/vv/bigpic/qmobile-b800.jpg,GSM,No,"2014, July. Released 2014, July",Discontinued,127.9 x 57.4 x 10.9 mm (5.04 x 2.26 x 0.43 in),,,,Dual SIM,"TFT, 65K colors",,3.2,240x320,125,43.2,,,,,,,,,,,,,1,,No,,No,LED flash,Yes,,No,,,No,No,2.0,Micro-USB,Yes,No,No,1200,,,No,,,30.0,,,,,,,,Black,,,,FM radio
Qmobile,QMobile Noir A8i,https://www.gsmarena.com/qmobile_noir_a8i-7392.php,https://fdn2.gsmarena.com/vv/bigpic/qmobile-noir-a8i.jpg,GSM / HSPA,No,"2014, July. Released 2014, July",Discontinued,126 x 64.4 x 11.2 mm (4.96 x 2.54 x 0.44 in),,,,Dual SIM,TFT,,4.0,480x800,233,56.1,,Android 4.4 (KitKat),Mediatek MT6572 (28 nm),28,Dual-core 1.3 GHz Cortex-A7,Mali-400,,,4,4,,5.0,1,,No,,No,"LED flash, panorama",720p,,No,,,"Wi-Fi 802.11 b/g/n, hotspot",No,4.0,Micro-USB,Yes,A-GPS only,"Accelerometer, proximity, compass",1600,,,No,,,90.0,,,,,,,,Black,,,,"FM radio, recording"
Qmobile,QMobile Noir Z5,https://www.gsmarena.com/qmobile_noir_z5-7383.php,https://fdn2.gsmarena.com/vv/bigpic/qmobile-noir-z5.jpg,GSM / HSPA,No,"2014, July. Released 2014, July",Discontinued,150.6 x 75 x 9.5 mm (5.93 x 2.95 x 0.37 in),150.0,,,Micro-SIM,IPS LCD,,5.5,1080x1920,401,73.8,Gorilla Glass 3,Android 4.2 (Jelly Bean),Qualcomm MSM8274 Snapdragon 800 (28 nm),28,Quad-core 2.3 GHz Krait 400,Adreno 330,2,2,16,16,eMMC 4.5,16.0,1,,No,,No,LED flash,Yes,8.0,No,,,"Wi-Fi 802.11 b/g/n, Wi-Fi Direct, hotspot",No,4.0,Micro-USB,Yes,GPS,"Accelerometer, gyro, proximity, compass",2500,,,No,,,310.0,,,,,,,,Black,,,,Stereo FM radio
Qmobile,QMobile Noir i12,https://www.gsmarena.com/qmobile_noir_i12-7341.php,https://fdn2.gsmarena.com/vv/bigpic/qmobile-i12.jpg,GSM / HSPA,No,"2014, July. Released 2014, July",Discontinued,143 x 69.5 x 6.9 mm (5.63 x 2.74 x 0.27 in),,,,Dual SIM,IPS LCD,,5.0,720x1280,294,69.3,,Android 4.2 (Jelly Bean),Mediatek MT6582 (28 nm),28,Quad-core 1.3 GHz Cortex-A7,Mali-400MP2,2,2,16,16,,13.0,1,,No,,No,"LED flash, panorama",1080p@30fps,5.0,No,,,"Wi-Fi 802.11 b/g/n, hotspot",No,4.0,Micro-USB,Yes,GPS,"Accelerometer, proximity, compass",2000,,,No,,,160.0,,,,,,,,Black,,,,FM radio
Qmobile,QMobile Noir Z6,https://www.gsmarena.com/qmobile_noir_z6-7316.php,https://fdn2.gsmarena.com/vv/bigpic/qmobile-z6.jpg,GSM / HSPA,No,"2014, July. Released 2014, July",Discontinued,145.1 x 70.2 x 5.6 mm (5.71 x 2.76 x 0.22 in),133.0,,,Micro-SIM,Super AMOLED,,5.0,1080x1920,441,67.7,Gorilla Glass 3,Android 4.2 (Jelly Bean),Mediatek MT6592 (28 nm),28,Octa-core 1.7 GHz Cortex-A7,Mali-450MP4,2,2,16,16,,13.0,1,,No,,No,"LED flash, HDR, panorama",1080p@30fps,5.0,No,,,"Wi-Fi 802.11 b/g/n, Wi-Fi Direct, hotspot",No,4.0,Micro-USB,Yes,GPS,"Accelerometer, gyro, proximity, compass",2300,,,No,,,200.0,,,,,,,,Black,,,,Stereo FM radio
Qmobile,QMobile QTab X50,https://www.gsmarena.com/qmobile_qtab_x50-7404.php,https://fdn2.gsmarena.com/vv/bigpic/qtab-x50.jpg,GSM / HSPA,No,"2014, June. Released 2014, June",Discontinued,-,,,,Micro-SIM,IPS LCD,,8.0,768x1024,160,,,Android 4.2 (Jelly Bean),Mediatek MT8389W,,Quad-core 1.2 GHz Cortex-A7,PowerVR SGX544,1,1,16,16,,5.0,1,,No,,No,,480p@24fps,2.0,No,,,"Wi-Fi 802.11 b/g/n, hotspot",No,4.0,Micro-USB,Yes,GPS,"Accelerometer, compass",4500,,,No,,,160.0,,,,,,,,"Black, White",,,,"Stereo FM radio, RDS"
Qmobile,QMobile Noir A120,https://www.gsmarena.com/qmobile_noir_a120-7410.php,https://fdn2.gsmarena.com/vv/bigpic/qmobile-noir-a120.jpg,GSM / HSPA,No,"2014, May. Released 2014, May",Discontinued,127.5 x 63.7 x 10.4 mm (5.02 x 2.51 x 0.41 in),,,,Dual SIM (dual stand-by),"TFT, 256K colors",,4.0,480x800,233,56.1,,Android 4.2 (Jelly Bean),Mediatek MT6572M (28 nm),28,Dual-core 1.0 GHz Cortex-A7,Mali-400,,,4,4,,5.0,1,,No,,No,LED flash,Yes,,No,,,"Wi-Fi 802.11 b/g/n, hotspot",No,4.0,Micro-USB,Yes,GPS,"Accelerometer, proximity, compass",1500,,,No,,,80.0,,,,,,,,"Black, Blue, Pink, White",,,,FM radio
Qmobile,QMobile E990 Sirocco Edition,https://www.gsmarena.com/qmobile_e990_sirocco_edition-7414.php,https://fdn2.gsmarena.com/vv/bigpic/qmobile-e990-sirocco-edition.jpg,GSM,No,"2014, May. Released 2014, May",Discontinued,128 x 52.8 x 7.4 mm (5.04 x 2.08 x 0.29 in),,,,Dual SIM,"TFT, 65K colors",,2.6,240x320,154,31.0,,,,,,,,,,,,2.0,1,,No,,No,LED flash,320p@15fps,,No,,,No,No,2.0,Micro-USB,Yes,No,No,1000,,,No,,,30.0,,,,,,,,"Black, Golden",,,,FM radio
Qmobile,QMobile Noir A110,https://www.gsmarena.com/qmobile_noir_a110-7411.php,https://fdn2.gsmarena.com/vv/bigpic/qmobile-noir-a110.jpg,GSM,No,"2014, May. Released 2014, May",Discontinued,117 x 62.5 x 11 mm (4.61 x 2.46 x 0.43 in),,,,Dual SIM,TFT,,3.5,320x480,165,49.9,,Android 4.2 (Jelly Bean),Mediatek MT6572 (28 nm),28,Dual-core 1.0 GHz Cortex-A7,Mali-400,,,,,,2.0,1,,No,,No,,Yes,,No,,,"Wi-Fi 802.11 b/g/n, hotspot",No,4.0,Micro-USB,Yes,GPS,"Accelerometer, proximity, compass",1300,,,No,,,60.0,,,,,,,,"Black, Blue, Pink, White",,,,FM radio
Qmobile,QMobile Noir i9,https://www.gsmarena.com/qmobile_noir_i9-7390.php,https://fdn2.gsmarena.com/vv/bigpic/qmobile-noir-i9.jpg,GSM / HSPA,No,"2014, May. Released 2014, May",Discontinued,146 x 74 x 9.3 mm (5.75 x 2.91 x 0.37 in),167.0,,,Dual SIM,IPS LCD,,5.0,720x1280,294,63.8,,"Android 4.2 (Jelly Bean), upgradable to 4.4 (KitKat)",Mediatek MT6582 (28 nm),28,Quad-core 1.3 GHz Cortex-A7,Mali-400MP2,1,1,4,4,,8.0,1,,No,,No,"LED flash, HDR, panorama",1080p@30fps,2.0,No,,,"Wi-Fi 802.11 b/g/n, hotspot",No,4.0,Micro-USB,Yes,GPS,"Accelerometer, proximity, compass",2000,,,No,,,130.0,,,,,,,,Black,,,,FM radio
Qmobile,QMobile Noir i6,https://www.gsmarena.com/qmobile_noir_i6-7388.php,https://fdn2.gsmarena.com/vv/bigpic/qmobile-noir-i6.jpg,GSM / HSPA,No,"2014, May. Released 2014, May",Discontinued,135 x 66.5 x 9.1 mm (5.31 x 2.62 x 0.36 in),88.2,,,Dual SIM (dual stand-by),TFT,,4.5,480x854,218,62.2,,"Android 4.2 (Jelly Bean), upgradable to 4.4 (KitKat)",Mediatek MT6582 (28 nm),28,Quad-core 1.3 GHz Cortex-A7,Mali-400MP2,1,1,8,8,,5.0,1,,No,,No,LED flash,Yes,2.0,No,,,"Wi-Fi 802.11 b/g/n, hotspot",No,4.0,Micro-USB,Yes,A-GPS only,"Accelerometer, proximity, compass",1800,,,No,,,120.0,,,,,,,,Black,,,,"FM radio, recording"
Qmobile,QMobile Noir A75,https://www.gsmarena.com/qmobile_noir_a75-7387.php,https://fdn2.gsmarena.com/vv/bigpic/qmobile-noir-a75.jpg,GSM / HSPA,No,"2014, May. Released 2014, May",Discontinued,135 x 67 x 10 mm (5.31 x 2.64 x 0.39 in),,,,Dual SIM,TFT,,4.5,480x854,218,61.7,,Android 4.2 (Jelly Bean),Mediatek MT6572 (28 nm),28,Dual-core 1.0 GHz Cortex-A7,Mali-400,,,4,4,,3.15,1,,No,,No,LED flash,Yes,,No,,,"Wi-Fi 802.11 b/g/n, hotspot",No,4.0,Micro-USB,Yes,A-GPS only,"Accelerometer, proximity, compass",1500,,,No,,,80.0,,,,,,,,Black,,,,FM radio
Qmobile,QMobile Noir i5i,https://www.gsmarena.com/qmobile_noir_i5i-7339.php,https://fdn2.gsmarena.com/vv/bigpic/qmobile-i5i.jpg,GSM / HSPA,No,"2014, May. Released 2014, May",Discontinued,133.5 x 66.5 x 9.8 mm (5.26 x 2.62 x 0.39 in),,,,Dual SIM,TFT,,4.5,480x854,218,62.9,,Android 4.4.2 (KitKat),Mediatek MT6582M (28 nm),28,Quad-core 1.3 GHz Cortex-A7,Mali-400MP2,1,1,4,4,,5.0,1,,No,,No,LED flash,Yes,,No,,,"Wi-Fi 802.11 b/g/n, hotspot",No,4.0,Micro-USB,Yes,A-GPS only,Accelerometer,1700,,,No,,,80.0,,,,,,,,Black,,,,FM radio
Qmobile,QMobile Noir i5,https://www.gsmarena.com/qmobile_noir_i5-7338.php,https://fdn2.gsmarena.com/vv/bigpic/qmobile-i5.jpg,GSM / HSPA,No,"2014, May. Released 2014, May",Discontinued,138.5 x 71.5 x 9.5 mm (5.45 x 2.81 x 0.37 in),,,,Dual SIM,IPS LCD,,4.7,480x800,199,63.5,,"Android 4.2 (Jelly Bean), upgradable to 4.4 (KitKat)",Mediatek MT6582M (28 nm),28,Quad-core 1.3 GHz Cortex-A7,Mali-400MP2,,,4,4,,5.0,1,,No,,No,LED flash,480p@30fps,2.0,No,,,"Wi-Fi 802.11 b/g/n, hotspot",No,4.0,Micro-USB,Yes,GPS,"Accelerometer, proximity, compass",2000,,,No,,,80.0,,,,,,,,Black,,,,FM radio
Qmobile,QMobile Noir A550,https://www.gsmarena.com/qmobile_noir_a550-7408.php,https://fdn2.gsmarena.com/vv/bigpic/qmobile-noir-a550.jpg,GSM / HSPA,No,"2014, April. Released 2014, April",Discontinued,132 x 66 x 8.9 mm (5.20 x 2.60 x 0.35 in),,,,Dual SIM,IPS LCD,,4.5,540x960,245,64.1,,"Android 4.2 (Jelly Bean), upgradable to 4.4 (KitKat)",Mediatek MT6582 (28 nm),28,Quad-core 1.3 GHz Cortex-A7,Mali-400MP2,1,1,4,4,,8.0,1,,No,,No,LED flash,Yes,2.0,No,,,"Wi-Fi 802.11 b/g/n, hotspot",No,4.0,Micro-USB,Yes,GPS,"Accelerometer, proximity, compass",1700,,,No,,,140.0,,,,,,,,Black,,,,FM radio
Qmobile,QMobile Noir V4,https://www.gsmarena.com/qmobile_noir_v4-7385.php,https://fdn2.gsmarena.com/vv/bigpic/qmobile-noir-v4.jpg,GSM / HSPA,No,"2014, January. Released 2014, January",Discontinued,161 x 82.5 x 9.3 mm (6.34 x 3.25 x 0.37 in),220.0,,,Dual SIM,IPS LCD,,5.7,720x1280,258,67.4,,Android 4.2 (Jelly Bean),Mediatek MT6589 (28 nm),28,Quad-core 1.2 GHz Cortex-A7,PowerVR SGX544,1,1,16,16,,12.0,1,,No,,No,"Dual-LED flash, HDR",1080p@30fps,5.0,No,,,"Wi-Fi 802.11 b/g/n, hotspot",No,4.0,Micro-USB,Yes,GPS,"Accelerometer, proximity, compass",2600,,,No,,,180.0,,,,,,,,Black,,,,FM radio
Qmobile,QMobile Noir Z4,https://www.gsmarena.com/qmobile_noir_z4-7382.php,https://fdn2.gsmarena.com/vv/bigpic/qmobile-noir-z4.jpg,GSM / HSPA,No,"2013, October. Released 2013, October",Discontinued,144 x 69 x 7.7 mm (5.67 x 2.72 x 0.30 in),,,,Micro-SIM,IPS LCD,,5.0,1080x1920,441,69.4,Gorilla Glass 3,Android 4.2 (Jelly Bean),Mediatek MT6589T (28 nm),28,Quad-core 1.5 GHz Cortex-A7,PowerVR SGX544,2,2,32,32,,13.0,1,,No,,No,"LED flash, panorama",1080p@30fps,5.0,No,,,"Wi-Fi 802.11 b/g/n, Wi-Fi Direct, hotspot",No,4.0,Micro-USB,Yes,GPS,"Accelerometer, gyro, proximity, compass",2000,,,No,,,200.0,,,,,,,,Black,,,,Stereo FM radio
Qmobile,QMobile Noir Z3,https://www.gsmarena.com/qmobile_noir_z3-7381.php,https://fdn2.gsmarena.com/vv/bigpic/qmobile-noir-z3.jpg,GSM / HSPA,No,"2013, September. Released 2013, September",Discontinued,137 x 69 x 6.9 mm (5.39 x 2.72 x 0.27 in),135.0,,,Micro-SIM,Super AMOLED,,4.8,720x1280,306,67.2,Corning Gorilla Glass 2,Android 4.2 (Jelly Bean),Mediatek MT6589 (28 nm),28,Quad-core 1.5 GHz Cortex-A7,PowerVR SGX544,1,1,16,16,,8.0,1,,No,,No,LED flash,1080p@30fps,5.0,No,,,"Wi-Fi 802.11 b/g/n, Wi-Fi Direct, hotspot",No,4.0,Micro-USB,Yes,GPS,"Accelerometer, proximity, compass",2000,,,No,,,210.0,,,,,,,,Black,,,,Stereo FM radio
Qmobile,QMobile Noir A15 3D,https://www.gsmarena.com/qmobile_noir_a15_3d-7412.php,https://fdn2.gsmarena.com/vv/bigpic/qmobile-noir-a15-3d.jpg,GSM / HSPA,No,"2013, July. Released 2013, July",Discontinued,147 x 77 x 11.8 mm (5.79 x 3.03 x 0.46 in),,,,Dual SIM (dual stand-by),3D,,5.0,480x800,187,62.9,,Android 4.1 (Jelly Bean),Mediatek MT6577T (40 nm),40,Dual-core 1.2 GHz Cortex-A9,PowerVR SGX531,,,4,4,,5.0,1,,No,,No,LED flash,480p@30fps,,No,,,"Wi-Fi 802.11 b/g/n, hotspot",No,4.0,Micro-USB,Yes,GPS,"Accelerometer, proximity, compass",2200,,,No,,,150.0,,,,,,,,Black,,,,Stereo FM radio
Qmobile,QMobile Noir A950,https://www.gsmarena.com/qmobile_noir_a950-7406.php,https://fdn2.gsmarena.com/vv/bigpic/qmobile-noir-a950.jpg,GSM / HSPA,No,"2013, July. Released 2013, July",Discontinued,130 x 67 x 8.6 mm (5.12 x 2.64 x 0.34 in),,,,Dual SIM,Super AMOLED+,,4.65,720x1280,316,68.4,,Android 4.1 (Jelly Bean),Mediatek MT6589W,,Quad-core 1.2 GHz Cortex-A7,PowerVR SGX544,1,1,4,4,,8.0,1,,No,,No,LED flash,720p,1.0,No,,,"Wi-Fi 802.11 b/g/n, Wi-Fi Direct, hotspot",No,4.0,Micro-USB,Yes,GPS,"Accelerometer, proximity, compass",2100,,,No,,,120.0,,,,,,,,Black,,,,Stereo FM radio
Qmobile,QMobile Noir A500,https://www.gsmarena.com/qmobile_noir_a500-7409.php,https://fdn2.gsmarena.com/vv/bigpic/qmobile-noir-a500.jpg,GSM / HSPA,No,"2013, July. Released 2013, July",Discontinued,136 x 67 x 9.6 mm (5.35 x 2.64 x 0.38 in),,,,Dual SIM (dual stand-by),"TFT, 256K colors",,4.5,480x854,218,61.2,,Android 4.2 (Jelly Bean),Mediatek MT6589M (28 nm),28,Quad-core 1.2 GHz Cortex-A7,PowerVR SGX544,,,4,4,,5.0,1,,No,,No,LED flash,Yes,,No,,,"Wi-Fi 802.11 b/g/n, hotspot",No,4.0,Micro-USB,Yes,GPS,"Accelerometer, proximity, compass",1800,,,No,,,130.0,,,,,,,,Black,,,,Stereo FM radio
Vodafone,Vodafone Smart V10,https://www.gsmarena.com/vodafone_smart_v10-9726.php,https://fdn2.gsmarena.com/vv/bigpic/vodafone-smart-v10.jpg,GSM / HSPA / LTE,No,"2019, May. Released 2019, June",Discontinued,151.3 x 69.9 x 8.2 mm (5.96 x 2.75 x 0.32 in),145.0,,,Nano-SIM,IPS LCD,,5.9,720x1560,291,80.8,Asahi Dragontrail Glass,Android 9.0 (Pie),Qualcomm SDM429 Snapdragon 429 (12 nm),12,Quad-core 2.0 GHz Cortex-A53,Adreno 504,3,3,32,32,eMMC 5.1,13.0,2,,No,,No,"LED flash, HDR, panorama",1080p@30fps,8.0,No,,,Wi-Fi 802.11 b/g/n,No,4.2,Micro-USB,Yes,GPS,"Accelerometer, proximity",3400,,,No,,,180.0,,,,,,,,Chrome Pewter,,,,FM radio
Vodafone,Vodafone Smart N10,https://www.gsmarena.com/vodafone_smart_n10-9725.php,https://fdn2.gsmarena.com/vv/bigpic/vodafone-smart-n10.jpg,GSM / HSPA / LTE,No,"2019, May. Released 2019, May",Discontinued,148.8 x 69.9 x 8.4 mm (5.86 x 2.75 x 0.33 in),160.0,,,Nano-SIM,IPS LCD,,5.67,720x1500,293,77.8,Asahi Dragontrail Glass,Android 9.0 (Pie),Mediatek MT6761V/WA Helio A22 (12 nm),12,Quad-core 2.0 GHz Cortex-A53,PowerVR GE8320,2,2,16,16,eMMC 5.1,13.0,1,,No,,No,"LED flash, HDR, panorama",1080p@30fps,8.0,No,,1080p@30fps,Wi-Fi 802.11 b/g/n,No,4.2,Micro-USB,Yes,GPS,"Accelerometer, gyro, proximity",2920,,,No,,,150.0,,,,,,,,Blue Borealis,"VFD 630, 5048Y",,,FM radio
Vodafone,Vodafone Smart E9,https://www.gsmarena.com/vodafone_smart_e9-9484.php,https://fdn2.gsmarena.com/vv/bigpic/vodafone-smart-e9.jpg,GSM / HSPA / LTE,No,"2018, December. Released 2018, December",Discontinued,137.6 x 65.7 x 9.8 mm (5.42 x 2.59 x 0.39 in),134.0,,,· Nano-SIM · Nano-SIM + Nano-SIM,IPS LCD,,5.0,480x960,215,71.4,,Android 8.1 Oreo (Go edition),Mediatek MT6739 (28 nm),28,Quad-core 1.5 GHz Cortex-A53,PowerVR GE8100,1,1,8,8,eMMC 5.1,5.0,1,,No,,No,LED flash,720p@30fps,2.0,No,,,Wi-Fi 802.11 b/g/n,No,4.2,Micro-USB,Yes,GPS,"Accelerometer, proximity",2000,,,No,,,70.0,,,,,,,,Anthracite,"VFD 527, VFD 528",,0.91 W/kg (head) 1.63 W/kg (body),FM radio
Vodafone,Vodafone Smart X9,https://www.gsmarena.com/vodafone_smart_x9-9483.php,https://fdn2.gsmarena.com/vv/bigpic/vodafone-smart-x9.jpg,GSM / HSPA / LTE,No,"2018, December. Released 2018, December",Discontinued,148.2 x 71.3 x 8 mm (5.83 x 2.81 x 0.31 in),153.0,,,Nano-SIM,IPS LCD,,5.7,1080x2160,427,78.2,Asahi Dragontrail Glass,Android 8.1 (Oreo),Qualcomm SDM450 Snapdragon 450 (14 nm),14,Octa-core 1.8 GHz Cortex-A53,Adreno 506,3,3,32,32,eMMC 5.1,16.0,1,,No,,No,"LED flash, HDR, panorama",1080p@30fps,8.0,No,,,Wi-Fi 802.11 b/g/n,Yes,4.2,Type-C,Yes,GPS,"Fingerprint (rear-mounted), accelerometer, gyro, proximity, compass",3100,,,No,,,110.0,,,,,,,,Black,VFD 820,,0.40 W/kg (head) 1.23 W/kg (body),FM radio
Vodafone,Vodafone Smart N9,https://www.gsmarena.com/vodafone_smart_n9-9235.php,https://fdn2.gsmarena.com/vv/bigpic/vodafone-smart-n9-.jpg,GSM / HSPA / LTE,No,"2018, June. Released 2018, June",Discontinued,147.1 x 68.8 x 8.7 mm (5.79 x 2.71 x 0.34 in),145.0,,,Nano-SIM,IPS LCD,,5.5,720x1440,293,77.1,,Android 8.1 (Oreo),Mediatek MT6739WA (28 nm),28,Quad-core 1.3 GHz Cortex-A53,Mali-T720MP2,2,2,16,16,eMMC 5.1,13.0,1,,No,,No,"LED flash, HDR, panorama",1080p@30fps,8.0,No,LED flash,,Wi-Fi 802.11 b/g/n,Yes,4.0,Micro-USB,Yes,GPS,"Fingerprint (rear-mounted), accelerometer, gyro (market dependent), proximity, compass",2900,,,No,,,120.0,,,,,,,,"Silver Aluminium, Black Titanium",VFD 720,,0.96 W/kg (head) 1.56 W/kg (body),FM radio
Vodafone,Vodafone Smart N9 lite,https://www.gsmarena.com/vodafone_smart_n9_lite-9236.php,https://fdn2.gsmarena.com/vv/bigpic/vodafone-smart-n9-lite-.jpg,GSM / HSPA / LTE,No,"2018, June. Released 2018, June",Discontinued,148.2 x 68.9 x 9.4 mm (5.83 x 2.71 x 0.37 in),155.0,,,Nano-SIM,IPS LCD,,5.34,480x960,201,72.1,,Android 8.1 Oreo (Go edition),Mediatek MT6739WA (28 nm),28,Quad-core 1.3 GHz Cortex-A53,Mali-T720MP2,1,1,16,16,eMMC 5.1,8.0,1,,No,,No,"LED flash, HDR, panorama",1080p@30fps,5.0,No,LED flash,,Wi-Fi 802.11 b/g/n,Yes,4.0,Micro-USB,Yes,GPS,"Accelerometer, gyro (market dependent), proximity, compass",2460,,,No,,,100.0,,,,,,,,"White Pearl, Black Ice",VFD 620,,0.90 W/kg (head) 1.69 W/kg (body),FM radio
Vodafone,Vodafone Smart Tab N8,https://www.gsmarena.com/vodafone_smart_tab_n8-8751.php,https://fdn2.gsmarena.com/vv/bigpic/vodafone-smart-tab-n8.jpg,GSM / HSPA / LTE,No,"2017, June. Released 2017, June",Discontinued,260 x 155 x 9 mm (10.24 x 6.10 x 0.35 in),465.0,,,Micro-SIM,IPS LCD,,10.1,800x1280,149,73.4,,Android 7.0 (Nougat),Mediatek MT8735B,,Quad-core 1.1 GHz Cortex-A7,Mali-T720MP2,2,2,16,16,,5.0,1,,No,,No,,Yes,2.0,No,,,Wi-Fi 802.11 b/g/n,Yes,4.0,Micro-USB,Yes,GPS,Accelerometer,4600,,,No,,,180.0,,,,,,,,Volcano Black,VFD 1300,,,No
Vodafone,Vodafone Smart E8,https://www.gsmarena.com/vodafone_smart_e8-8750.php,https://fdn2.gsmarena.com/vv/bigpic/vodafone-smart-e8.jpg,GSM / HSPA / LTE,No,"2017, June. Released 2017, July",Discontinued,145.6 x 72.1 x 9.2 mm (5.73 x 2.84 x 0.36 in),169.0,,,Nano-SIM,IPS LCD,,5.0,480x854,196,65.6,,Android 7.1 (Nougat),Qualcomm MSM8909 Snapdragon 210 (28 nm),28,Quad-core 1.1 GHz Cortex-A7,Adreno 304,1,1,8,8,eMMC 4.5,5.0,1,,No,,No,LED flash,Yes,2.0,No,,,Wi-Fi 802.11 b/g/n,Yes,4.0,Micro-USB,Yes,GPS,"Accelerometer, proximity",2200,,,No,,,80.0,,,,,,,,Slate Blue,"VFD 510, VFD 513",,,No
Vodafone,Vodafone Smart V8,https://www.gsmarena.com/vodafone_smart_v8-8744.php,https://fdn2.gsmarena.com/vv/bigpic/vodafone-smart-v8.jpg,GSM / HSPA / LTE,No,"2017, June. Released 2017, June",Discontinued,155 x 76 x 7.9 mm (6.10 x 2.99 x 0.31 in),166.0,,,Nano-SIM,IPS LCD,,5.5,1080x1920,401,70.8,Asahi Dragontrail Glass,Android 7.1.1 (Nougat),Qualcomm MSM8940 Snapdragon 435 (28 nm),28,Octa-core 1.4 GHz Cortex-A53,Adreno 505,3,3,32,32,eMMC 5.1,16.0,1,,No,,No,"LED flash, HDR, panorama",1080p@30fps,8.0,No,,,Wi-Fi 802.11 b/g/n,Yes,4.0,Micro-USB,Yes,GPS,"Fingerprint (rear-mounted), accelerometer, gyro, proximity, compass",3000,10,,No,,,230.0,,,,,,,,Black,VFD 710,,,FM radio
Vodafone,Vodafone Smart N8,https://www.gsmarena.com/vodafone_smart_n8-8723.php,https://fdn2.gsmarena.com/vv/bigpic/vodafone-smart-n8.jpg,GSM / HSPA / LTE,No,"2017, June. Released 2017, June",Discontinued,144.5 x 71.9 x 8.6 mm (5.69 x 2.83 x 0.34 in),151.0,,,Nano-SIM,IPS LCD,,5.0,720x1280,294,66.3,,Android 7.0 (Nougat),Mediatek MT6737 (28 nm),28,Quad-core 1.3 GHz Cortex-A53,Mali-T720MP2,5,5,5,16,eMMC 5.0,13.0,1,,No,,No,"LED flash, HDR",720p@30fps,5.0,No,,,Wi-Fi 802.11 b/g/n,Yes,4.0,Micro-USB,Yes,GPS,"Fingerprint (rear-mounted), accelerometer, proximity",2400,,,No,,,100.0,,,,,,,,"Graphite, Gold",VFD 610,,,FM radio
Vodafone,Vodafone Tab Prime 7,https://www.gsmarena.com/vodafone_tab_prime_7-8382.php,https://fdn2.gsmarena.com/vv/bigpic/vodafone-tab-prime-7.jpg,GSM / HSPA / LTE,No,"2016, August. Released 2016, August",Discontinued,259.2 x 155.8 x 8 mm (10.20 x 6.13 x 0.31 in),439.0,,,Micro-SIM,IPS LCD,,10.1,1200x1920,224,73.2,,Android 6.0 (Marshmallow),Qualcomm MSM8937 Snapdragon 430 (28 nm),28,Octa-core 1.4 GHz Cortex-A53,Adreno 505,2,2,16,16,eMMC 5.1,5.0,1,,No,,No,,Yes,2.0,No,,,Wi-Fi 802.11 b/g/n,No,4.2,Micro-USB,Yes,GPS,Accelerometer,5830,,,No,,,190.0,,,,,,,,Silver,VFD 1400,,1.44 W/kg (head),No
Vodafone,Vodafone Smart Turbo 7,https://www.gsmarena.com/vodafone_smart_turbo_7-8381.php,https://fdn2.gsmarena.com/vv/bigpic/vodafone-smart-turbo-7.jpg,GSM / HSPA / LTE,No,"2016, August. Released 2016, August",Discontinued,140.6 x 72.4 x 9.5 mm (5.54 x 2.85 x 0.37 in),167.9,,,Micro-SIM,TFT,,5.0,480x854,196,67.7,,Android 6.0 (Marshmallow),Mediatek MT6735M (28 nm),28,Quad-core 1.0 GHz Cortex-A53,Mali-T720MP2,1,1,8,8,,5.0,1,,No,,No,LED flash,Yes,2.0,No,,,Wi-Fi 802.11 b/g/n,No,4.0,Micro-USB,Yes,GPS,Accelerometer,2000,,,No,,,60.0,,,,,,,,"Silver, Dark Grey","VFD 500, VFD 502",,1.67 W/kg (head),No
Vodafone,Vodafone Smart ultra 7,https://www.gsmarena.com/vodafone_smart_ultra_7-8163.php,https://fdn2.gsmarena.com/vv/bigpic/vodafone-smart-ultra-7.jpg,GSM / HSPA / LTE,No,"2016, June. Released 2016, June",Discontinued,152.2 x 78.1 x 8.7 mm (5.99 x 3.07 x 0.34 in),150.0,,,Micro-SIM,IPS LCD,,5.5,1080x1920,401,70.2,,Android 6.0.1 (Marshmallow),Mediatek MT6755M (28 nm),28,Octa-core (4x1.8 GHz Cortex-A53 & 4x1.0 GHz Cortex-A53),Mali-T860MP2,2,2,16,16,,13.0,1,,No,,No,"LED flash, panorama, HDR",1080p@30fps,5.0,No,LED flash,,"Wi-Fi 802.11 a/b/g/n, dual-band",No,4.1,Micro-USB,Yes,GPS,"Accelerometer, proximity, compass",2960,,,No,,,160.0,,,,,,,,"Silver, Dark Grey","VFD 700, VFD700",,0.54 W/kg (head),FM radio
Vodafone,Vodafone Smart Platinum 7,https://www.gsmarena.com/vodafone_smart_platinum_7-8154.php,https://fdn2.gsmarena.com/vv/bigpic/vodafone-smart-platinum-7.jpg,GSM / HSPA / LTE,No,"2016, June. Released 2016, June",Discontinued,154 x 75.7 x 7 mm (6.06 x 2.98 x 0.28 in),155.0,,,Nano-SIM,AMOLED,,5.5,1440x2560,534,71.5,Corning Gorilla Glass (unspecified versi,Android 6.0.1 (Marshmallow),Qualcomm MSM8976 Snapdragon 652 (28 nm),28,Octa-core (4x1.8 GHz Cortex-A72 & 4x1.2 GHz Cortex-A53),Adreno 510,3,3,32,32,eMMC 5.1,16.0,1,2.0,No,1/2.6,Yes,"LED flash, panorama, HDR",4K@30fps,8.0,No,LED flash,1080p@30fps,"Wi-Fi 802.11 a/b/g/n/ac, dual-band, Wi-Fi Direct",Yes,4.2,Micro-USB,Yes,GPS,"Fingerprint (rear-mounted), accelerometer, gyro, proximity, compass",3000,18,,No,,,380.0,,,,,,,,Black,VFD 900,,,FM radio
Vodafone,Vodafone Smart prime 7,https://www.gsmarena.com/vodafone_smart_prime_7-8099.php,https://fdn2.gsmarena.com/vv/bigpic/vodafone-smart-prime-7.jpg,GSM / HSPA / LTE,No,"2016, May. Released 2016, May",Discontinued,144 x 72.1 x 8 mm (5.67 x 2.84 x 0.31 in),128.0,,,Micro-SIM,IPS LCD,,5.0,720x1280,293,66.8,,Android 6.0.1 (Marshmallow),Qualcomm MSM8909 Snapdragon 210 (28 nm),28,Quad-core 1.1 GHz Cortex-A7,Adreno 304,1,1,8,8,eMMC 4.5,8.0,1,,No,,No,LED flash,1080p@30fps,5.0,No,,,Wi-Fi 802.11 b/g/n,Yes,4.0,Micro-USB,Yes,GPS,"Accelerometer, proximity, compass",2540,,,No,,,100.0,,,,,,,,"Graphite Black, Boron White",,,,FM radio
Vodafone,Vodafone Smart first 7,https://www.gsmarena.com/vodafone_smart_first_7-8100.php,https://fdn2.gsmarena.com/vv/bigpic/vodafone-smart-first-7.jpg,GSM / HSPA,No,"2016, May. Released 2016, May",Discontinued,114.4 x 62.8 x 12 mm (4.50 x 2.47 x 0.47 in),110.0,,,Mini-SIM,TFT TN,,3.5,320x480,165,50.8,,Android 5.1 (Lollipop),Spreadtrum SC7731G,,Quad-core 1.3 GHz Cortex-A7,Mali-400MP2,,,4,4,,2.0,1,,No,,No,,720p@30fps,,No,,,"Wi-Fi 802.11 b/g/n, hotspot",No,2.1,Micro-USB,Yes,A-GPS only,No,1400,,,No,,,30.0,,,,,,,,"Volcano Black, Tech White",VFD 200,,,FM radio
Vodafone,Vodafone Smart speed 6,https://www.gsmarena.com/vodafone_smart_speed_6-7608.php,https://fdn2.gsmarena.com/vv/bigpic/vodafone-smart-speed-6.jpg,GSM / HSPA / LTE,No,"2015, September. Released 2015, October",Discontinued,132.2 x 65.1 x 10 mm (5.20 x 2.56 x 0.39 in),146.0,,,Micro-SIM,IPS LCD,,4.5,480x854,218,64.8,,Android 5.1 (Lollipop),Mediatek MT6735M (28 nm),28,Quad-core 1.0 GHz Cortex-A53,Mali-T720MP2,1,1,8,8,,5.0,1,,No,,No,LED flash,720p,2.0,No,,,"Wi-Fi 802.11 b/g/n, hotspot",No,4.0,Micro-USB,Yes,GPS,"Accelerometer, compass",1780,,,No,,,70.0,,,,,,,,"Silver, Anthracite",VF-795,,,FM radio
Vodafone,Vodafone Smart ultra 6,https://www.gsmarena.com/vodafone_smart_ultra_6-7313.php,https://fdn2.gsmarena.com/vv/bigpic/vodafone-smart-ultra-6.jpg,GSM / HSPA / LTE,No,"2015, June. Released 2015, June",Discontinued,154 x 77 x 8.4 mm (6.06 x 3.03 x 0.33 in),159.0,,,Nano-SIM,IPS LCD,,5.5,1080x1920,401,70.3,,"Android 5.0.1 (Lollipop), upgradable to 6.0.1 (Marshmallow)",Qualcomm MSM8939 Snapdragon 615 (28 nm),28,Octa-core (4x1.5 GHz Cortex-A53 & 4x1.1 GHz Cortex-A53),Adreno 405,2,2,16,16,eMMC 4.5,13.0,1,,No,,No,LED flash,1080p@30fps,5.0,No,,,"Wi-Fi 802.11 b/g/n, hotspot",No,4.0,Micro-USB,Yes,GPS,"Accelerometer, proximity",3000,,,No,,,170.0,,,,,,,,"Gray, Silver",Smart ultra 6,,,FM radio
Vodafone,Vodafone Tab Prime 6,https://www.gsmarena.com/vodafone_tab_prime_6-7232.php,https://fdn2.gsmarena.com/vv/bigpic/vodafone-tab-prime-6.jpg,GSM / HSPA / LTE,No,"2015, May. Released 2015, May",Discontinued,244 x 146 x 8 mm (9.61 x 5.75 x 0.31 in),406.0,,,Micro-SIM,IPS LCD,,9.6,800x1280,157,75.0,,Android 5.0 (Lollipop),Qualcomm MSM8916 Snapdragon 410 (28 nm),28,Quad-core 1.3 GHz Cortex-A53,Adreno 306,1,1,16,16,eMMC 4.5,5.0,1,,No,,No,,Yes,2.0,No,,,"Wi-Fi 802.11 a/b/g/n, dual-band, hotspot",No,4.1,Micro-USB,Yes,GPS,"Accelerometer, proximity",4600,,,No,,,210.0,,,,,,,,Black,,,,No
Vodafone,Vodafone Smart prime 6,https://www.gsmarena.com/vodafone_smart_prime_6-7230.php,https://fdn2.gsmarena.com/vv/bigpic/vodafone-smart-prime.jpg,GSM / HSPA / LTE,No,"2015, May. Released 2015, May",Discontinued,141.7 x 71.9 x 9 mm (5.58 x 2.83 x 0.35 in),155.0,,,Micro-SIM,IPS LCD,,5.0,720x1280,294,67.6,,Android 5.0.2 (Lollipop),Qualcomm MSM8916 Snapdragon 410 (28 nm),28,Quad-core 1.2 GHz Cortex-A53,Adreno 306,1,1,8,8,eMMC 4.5,8.0,1,,No,,No,LED flash,1080p@30fps,2.0,No,,,"Wi-Fi 802.11 b/g/n, hotspot",No,4.0,Micro-USB,Yes,GPS,"Accelerometer, proximity",2500,,,No,,,110.0,,,,,,,,"Gray, Silver",,,,FM radio
Vodafone,Vodafone Smart first 6,https://www.gsmarena.com/vodafone_smart_first_6-7231.php,https://fdn2.gsmarena.com/vv/bigpic/vodafone-smart-first-6.jpg,GSM / HSPA,No,"2015, May. Released 2015, May",Discontinued,121.6 x 64.4 x 11.8 mm (4.79 x 2.54 x 0.46 in),112.0,,,Mini-SIM,TFT,,4.0,480x800,233,58.2,,Android 4.4.2 (KitKat),Mediatek MT6572M (28 nm),28,Dual-core 1.0 GHz Cortex-A7,Mali-400,,,4,4,,2.0,1,,No,,No,,480p@30fps,,No,,,"Wi-Fi 802.11 b/g/n, hotspot",No,4.0,Micro-USB,Yes,GPS,Accelerometer,1400,,,No,,,60.0,,,,,,,,"Black, White",VF695,,,FM radio
Vodafone,Vodafone Smart 4 max,https://www.gsmarena.com/vodafone_smart_4_max-6937.php,https://fdn2.gsmarena.com/vv/bigpic/vodafone-smart-4-max.jpg,GSM / HSPA / LTE,No,"2015, January. Released 2015, January",Discontinued,164 x 83.4 x 7.9 mm (6.46 x 3.28 x 0.31 in),170.0,,,Micro-SIM,IPS LCD,,6.0,720x1280,245,72.6,,Android 4.4.2 (KitKat),Qualcomm MSM8926 Snapdragon 400 (28 nm),28,Quad-core 1.2 GHz Cortex-A7,Adreno 305,1,1,8,8,eMMC 4.5,13.0,1,,No,,No,LED flash,Yes,2.0,No,,,"Wi-Fi 802.11 b/g/n, hotspot",Yes,4.0,Micro-USB,Yes,GPS,"Accelerometer, proximity",3000,,,No,,,,,,,,,,,"Black, White",,,,FM radio
Vodafone,Vodafone Smart Tab 4G,https://www.gsmarena.com/vodafone_smart_tab_4g-6903.php,https://fdn2.gsmarena.com/vv/bigpic/vodafone-smart-tab-4g.jpg,GSM / HSPA / LTE,No,"2014, October. Released 2014, October",Discontinued,209 x 123 x 8 mm (8.23 x 4.84 x 0.31 in),327.0,,,Micro-SIM,IPS LCD,,8.0,720x1280,184,68.6,,Android 4.4 (KitKat),Qualcomm MSM8916 Snapdragon 410 (28 nm),28,Quad-core 1.2 GHz Cortex-A53,Adreno 306,1,1,8,8,eMMC 4.5,5.0,1,,No,,No,,Yes,2.0,No,,,"Wi-Fi 802.11 b/g/n, hotspot",No,4.0,Micro-USB,Yes,GPS,"Accelerometer, proximity",4060,,,No,,,,,,,,,,,Black,,,,No
Vodafone,Vodafone Smart 4G,https://www.gsmarena.com/vodafone_smart_4g-6886.php,https://fdn2.gsmarena.com/vv/bigpic/vodafone-smart-4g.jpg,GSM / HSPA / LTE,No,"2014, October. Released 2014, October",Discontinued,134 x 67.1 x 10.3 mm (5.28 x 2.64 x 0.41 in),153.0,,,Micro-SIM,IPS LCD,,4.5,540x960,245,62.1,,Android 4.2.2 (Jelly Bean),Qualcomm MSM8930 Snapdragon 400 (28 nm),28,Dual-core 1.2 GHz Krait,Adreno 305,1,1,8,8,eMMC 4.5,8.0,1,,No,,No,LED flash,Yes,1.0,No,,,"Wi-Fi 802.11 a/b/g/n, dual-band, hotspot",Yes,4.0,Micro-USB,Yes,GPS,"Accelerometer, proximity",1880,,,No,,,,,,,,,,,Black,,,,No
Vodafone,Vodafone Smart 4 turbo,https://www.gsmarena.com/vodafone_smart_4_turbo-6507.php,https://fdn2.gsmarena.com/vv/bigpic/vodafone-smart-4-turbo.jpg,GSM / HSPA / LTE,No,"2014, Q2. Released 2014, Q2",Discontinued,134.5 x 67.5 x 10.4 mm (5.30 x 2.66 x 0.41 in),155.0,,,Micro-SIM,TFT,,4.5,480x854,218,61.5,,Android 4.4.2 (KitKat),Qualcomm MSM8926 Snapdragon 400 (28 nm),28,Quad-core 1.2 GHz Cortex-A7,Adreno 305,1,1,4,4,eMMC 4.5,5.0,1,,No,,No,LED flash,Yes,,No,,,"Wi-Fi 802.11 b/g/n, hotspot",Yes,4.0,Micro-USB,Yes,GPS,"Accelerometer, proximity",1880,,,No,,,100.0,,,,,,,,"Black, White",890N,0.45 W/kg (head) 1.32 W/kg (body),,FM radio
Vodafone,Vodafone Smart 4 power,https://www.gsmarena.com/vodafone_smart_4_power-6508.php,https://fdn2.gsmarena.com/vv/bigpic/vodafone-smart-4-power.jpg,GSM / HSPA / LTE,No,"2014, June. Released 2014, June",Discontinued,141 x 71.4 x 9.5 mm (5.55 x 2.81 x 0.37 in),162.0,,,Micro-SIM,IPS LCD,,5.0,540x960,220,68.5,,Android 4.4.2 (KitKat),Mediatek MT6582M (28 nm),28,Quad-core 1.3 GHz Cortex-A7,Mali-400MP2,1,1,4,4,,5.0,1,,No,,No,LED flash,Yes,,No,,,"Wi-Fi 802.11 b/g/n, hotspot",Yes,4.0,Micro-USB,Yes,GPS,"Accelerometer, proximity",3000,,,No,,,150.0,,,,,,,,"Black, White",985N,,0.31 W/kg (head) 0.64 W/kg (body),"FM radio, RDS"
Vodafone,Vodafone Smart 4,https://www.gsmarena.com/vodafone_smart_4-6447.php,https://fdn2.gsmarena.com/vv/bigpic/vodafone-smart-4.jpg,GSM / HSPA,No,"2014, May. Released 2014, May",Discontinued,134.7 x 66 x 10.6 mm (5.30 x 2.60 x 0.42 in),152.0,,,Micro-SIM,TFT,,4.5,480x854,218,62.8,,Android 4.4.2 (KitKat),Qualcomm MSM8210 Snapdragon 200 (28 nm),28,Dual-core 1.2 GHz Cortex-A7,Adreno 302,,,4,4,eMMC 4.5,5.0,1,,No,,No,LED flash,Yes,,No,,,"Wi-Fi 802.11 b/g/n, hotspot",Yes,4.0,Micro-USB,Yes,GPS,"Accelerometer, proximity",1880,,,No,,,90.0,,,,,,,,"Black, White",,1.22 W/kg (head) 0.82 W/kg (body),,FM radio
Vodafone,Vodafone Smart 4 mini,https://www.gsmarena.com/vodafone_smart_4_mini-6295.php,https://fdn2.gsmarena.com/vv/bigpic/vodafone-smart-mini-4.jpg,GSM / HSPA,No,"2014, April. Released 2014, April",Discontinued,121.6 x 64.4 x 12.3 mm (4.79 x 2.54 x 0.48 in),117.0,,,Mini-SIM,TFT,,4.0,480x800,233,58.2,,Android 4.2.2 (Jelly Bean),Mediatek MT6572 (28 nm),28,Dual-core 1.3 GHz Cortex-A7,Mali-400,,,4,4,,3.15,1,,No,,No,,480p@30fps,,No,,,"Wi-Fi 802.11 b/g/n, hotspot",No,4.0,Micro-USB,Yes,GPS,"Accelerometer, proximity",1400,,,No,,,50.0,,,,,,,,"Black, White",,,0.66 W/kg (head),FM radio
Vodafone,Vodafone Smart Tab III 10.1,https://www.gsmarena.com/vodafone_smart_tab_iii_10_1-5896.php,https://fdn2.gsmarena.com/vv/bigpic/Vodafone-Smart-Tab-III-101.jpg,GSM / HSPA,No,"2013, October. Released 2013, October",Discontinued,260 x 180 x 8.6 mm (10.24 x 7.09 x 0.34 in),560.0,,,Mini-SIM,TFT,,10.1,800x1280,149,63.2,,Android 4.2 (Jelly Bean),Mediatek MT8389,,Quad-core 1.2 GHz Cortex-A7,PowerVR SGX544,,,16,16,,5.0,1,,No,,No,,1080p@30fps,,No,,,"Wi-Fi 802.11 b/g/n, hotspot",No,4.0,Micro-USB,Yes,GPS,Accelerometer,,,,No,,,,,,,,,,,Black,,,,No
Vodafone,Vodafone Smart Tab III 7,https://www.gsmarena.com/vodafone_smart_tab_iii_7-5895.php,https://fdn2.gsmarena.com/vv/bigpic/Vodafone-Smart-Tab-III-70.jpg,GSM / HSPA,No,"2013, October. Released 2013, October",Discontinued,194 x 120 x 11 mm (7.64 x 4.72 x 0.43 in),350.0,,,Mini-SIM,TFT,,7.0,600x1024,170,59.2,,Android 4.2 (Jelly Bean),Mediatek MT8389,,Quad-core 1.2 GHz Cortex-A7,PowerVR SGX544,,,16,16,,5.0,1,,No,,No,,Yes,,No,,,"Wi-Fi 802.11 b/g/n, hotspot",No,2.1,Micro-USB,Yes,GPS,Accelerometer,,,,No,,,,,,,,,,,Black,,,,No
Vodafone,Vodafone Chat 655,https://www.gsmarena.com/vodafone_chat_655-5701.php,https://fdn2.gsmarena.com/vv/bigpic/vodafone-655.jpg,GSM / HSPA,No,2013. Released 2013,Discontinued,112 x 61.1 x 11 mm (4.41 x 2.41 x 0.43 in),104.0,,,Mini-SIM,TFT,,2.4,320x240,167,26.1,,,,,,,,,,,,2.0,1,,No,,No,,Yes,,No,,,"Wi-Fi 802.11 b/g/n, hotspot",No,,2.0,Yes,GPS,,,,,No,,,,,,,,,,,Gray,,,,FM radio
Vodafone,Vodafone Smart Mini,https://www.gsmarena.com/vodafone_smart_mini-5549.php,https://fdn2.gsmarena.com/vv/bigpic/vodafone-smart-mini.jpg,GSM / HSPA,No,"2013, June. Released 2013, June",Discontinued,115 x 62.3 x 12.2 mm (4.53 x 2.45 x 0.48 in),118.0,,,Mini-SIM,TFT,,3.5,320x480,165,50.9,,Android 4.1 (Jelly Bean),Mediatek MT6575 (40 nm),40,1.0 GHz Cortex-A9,PowerVR SGX531,,,4,4,,2.0,1,,No,,No,,480p@30fps,,No,,,"Wi-Fi 802.11 b/g/n, hotspot",No,4.0,Micro-USB,Yes,GPS,Accelerometer,,,,No,,,50.0,,,,,,,,Black,,,,FM radio
Vodafone,Vodafone Smart III 975,https://www.gsmarena.com/vodafone_smart_iii_975-5464.php,https://fdn2.gsmarena.com/vv/bigpic/vodafone-smart-iii-975.jpg,GSM / HSPA,No,2013. Released 2013,Discontinued,123.2 x 64.4 x 10.9 mm (4.85 x 2.54 x 0.43 in),136.0,,,Mini-SIM,TFT,,4.0,480x800,233,57.4,,Android 4.1 (Jelly Bean),Mediatek MT6575 (40 nm),40,1.0 GHz Cortex-A9,PowerVR SGX531,,,4,4,,5.0,1,,No,,No,LED flash,720p@30fps,,No,,,"Wi-Fi 802.11 b/g/n, hotspot",Yes,4.0,Micro-USB,Yes,GPS,"Accelerometer, proximity",1500,,,No,,,110.0,,,,,,,,"Black, White, Hot Pink, Titan",,0.54 W/kg (head) 0.76 W/kg (body),,FM radio
Vodafone,Vodafone Smart Tab II 10,https://www.gsmarena.com/vodafone_smart_tab_ii_10-5121.php,https://fdn2.gsmarena.com/vv/bigpic/vodafone-smart-tab-10-ii.jpg,GSM / HSPA,No,"2012, November. Released 2012, November",Discontinued,259.8 x 178 x 8.7 mm (10.23 x 7.01 x 0.34 in),580.0,,,Mini-SIM,TFT,,10.0,800x1280,151,62.7,,Android 4.0.3 (Ice Cream Sandwich),Qualcomm MSM8260 Snapdragon S3,,Dual-core 1.5 GHz Scorpion,Adreno 220,1,1,16,16,,5.0,1,,No,,No,,Yes,1.3,No,,,"Wi-Fi 802.11 b/g/n, hotspot, DLNA",No,4.0,2.0,Yes,GPS,Accelerometer,6340,,,No,,,270.0,,,,,,,,Gray,,,1.10 W/kg (body),No
Vodafone,Vodafone Smart Tab II 7,https://www.gsmarena.com/vodafone_smart_tab_ii_7-5120.php,https://fdn2.gsmarena.com/vv/bigpic/vodafone-smart-tab-ii.jpg,GSM / HSPA,No,"2012, November. Released 2012, November",Discontinued,192 x 122 x 11.4 mm (7.56 x 4.80 x 0.45 in),400.0,,,Mini-SIM,TFT,,7.0,600x1024,170,58.9,,Android 4.0.4 (Ice Cream Sandwich),Mediatek MT6575 (40 nm),40,1.0 GHz Cortex-A9,PowerVR SGX531,1,1,4,4,,2.0,1,,No,,No,,Yes,,No,,,"Wi-Fi 802.11 b/g/n, DLNA, hotspot",No,3.0,2.0,Yes,GPS,Accelerometer,3550,,,No,,,180.0,,,,,,,,Gray,,,0.93 W/kg (body),No
Vodafone,Vodafone V860 Smart II,https://www.gsmarena.com/vodafone_v860_smart_ii-4869.php,https://fdn2.gsmarena.com/vv/bigpic/vodafone-smart-ii.jpg,GSM / HSPA,No,"2012, June. Released 2012, June",Discontinued,109 x 58 x 12.3 mm (4.29 x 2.28 x 0.48 in),120.0,,,Mini-SIM,TFT,,3.2,320x480,180,48.2,,Android 2.3.7 (Gingerbread),BCM21553,,832 MHz ARMv6,,,,1,1,,3.15,1,,No,,No,LED flash,480p@20fps,,No,,,"Wi-Fi 802.11 b/g/n, hotspot",,2.1,Micro-USB,Yes,"GPS, A-GPS","Accelerometer, proximity, compass",1200,,,No,,,70.0,,,,,,,,"Black, White",,,,"FM radio, RDS"
Vodafone,Vodafone Smart Tab 10,https://www.gsmarena.com/vodafone_smart_tab_10-4527.php,https://fdn2.gsmarena.com/vv/bigpic/vodafone-smart-tab.jpg,GSM / HSPA,No,"2012, February. Released 2012, February",Discontinued,-,,,,Mini-SIM,TFT,,10.0,800x1280,151,,,Android 3.2 (Honeycomb),Qualcomm MSM8260 Snapdragon S3,,Dual-core 1.2 GHz Scorpion,Adreno 220,,,7,16,,5.0,1,,No,,No,,720p,2.0,No,,,"Wi-Fi 802.11 b/g/n, hotspot",,2.1,2.0,Yes,"GPS, A-GPS","Accelerometer, compass",,,,No,,,300.0,,,,,,,,Black,,,,No
Vodafone,Vodafone Smart Tab 7,https://www.gsmarena.com/vodafone_smart_tab_7-4526.php,https://fdn2.gsmarena.com/vv/bigpic/vodafone-smart-tab-7.jpg,GSM / HSPA,No,"2012, February. Released 2012, February",Discontinued,194 x 120 x 11.4 mm (7.64 x 4.72 x 0.45 in),319.0,,,Mini-SIM,TFT,,7.0,800x1280,216,61.0,,Android 3.2 (Honeycomb),Qualcomm MSM8260 Snapdragon S3,,Dual-core 1.2 GHz Scorpion,Adreno 220,,,7,16,,5.0,1,,No,,No,,720p,2.0,No,,,"Wi-Fi 802.11 b/g/n, hotspot",,2.1,2.0,Yes,"GPS, A-GPS","Accelerometer, compass",3400,,,No,,,230.0,,,,,,,,Black,,,,No
Vodafone,Vodafone 155,https://www.gsmarena.com/vodafone_155-4969.php,https://fdn2.gsmarena.com/vv/bigpic/vodafone-155.jpg,GSM,No,2012,Discontinued,110 x 56.5 x 13.5 mm (4.33 x 2.22 x 0.53 in),68.0,,,Mini-SIM,TFT,,1.7,128x160,121,14.6,,,,,,,,,,,,,,,No,,No,,,,No,,,No,,,Micro-USB,No,No,,,,,No,,,30.0,,,,,,,,Black,,,,FM radio
Vodafone,Vodafone 555 Blue,https://www.gsmarena.com/vodafone_555_blue-4052.php,https://fdn2.gsmarena.com/vv/bigpic/vodafone-555-new.jpg,GSM,No,"2011, July. Released 2011, August",Discontinued,110 x 61.1 x 12 mm (4.33 x 2.41 x 0.47 in),,,,Mini-SIM,"TFT, 256K colors",,2.4,320x240,167,26.5,,,,,200 MHz MTK 6235,,,,,,,2.0,1,,No,,No,LED flash,Yes,,No,,,No,,2.1,2.0,Yes,No,,1000,,,No,,,70.0,,,,,,,,White,,,,"FM radio, RDS"
Vodafone,Vodafone 858 Smart,https://www.gsmarena.com/vodafone_858_smart-3955.php,https://fdn2.gsmarena.com/vv/bigpic/vodafone-smart.jpg,GSM / HSPA,No,"2011, May. Released 2011, June",Discontinued,103.8 x 56.8 x 12.6 mm (4.09 x 2.24 x 0.50 in),104.0,,,Mini-SIM,"TFT, 256K colors",,2.8,240x320,143,41.2,,Android 2.2 (Froyo),Qualcomm MSM7225 Snapdragon S1,,528 MHz ARM 11,No,,,,,,2.0,1,,No,,No,,Yes,,No,,,"Wi-Fi 802.11 b/g, hotspot",,2.1,Micro-USB,Yes,"GPS, A-GPS","Accelerometer, proximity, compass",,,,No,,,130.0,,,,,,,,"White, Black, custom graphic designs",,,,"Stereo FM radio, RDS"
Vodafone,Vodafone 945,https://www.gsmarena.com/vodafone_945-3533.php,https://fdn2.gsmarena.com/vv/bigpic/Vodafone-945.jpg,GSM / HSPA,No,"2010, September. Released 2010, Q4",Discontinued,109.1 x 55.9 x 14.1 mm (4.30 x 2.20 x 0.56 in),130.0,,,Mini-SIM,"TFT, 256K colors",,3.2,240x400,146,47.8,,Android 2.1 (Eclair),,,,,,,,,,5.0,1,,No,,No,LED flash,Yes,,No,,,Wi-Fi 802.11 b/g,,2.1,2.0,No,"GPS, A-GPS",Accelerometer,1500,,,No,,,,,,,,,,,"Black, Silver",,,1.18 W/kg (head),No
Vodafone,Vodafone 553,https://www.gsmarena.com/vodafone_553-3534.php,https://fdn2.gsmarena.com/vv/bigpic/vodafone-553.jpg,GSM,No,"2010, September. Released 2010, Q4",Discontinued,108 x 53 x 14.9 mm (4.25 x 2.09 x 0.59 in),119.0,,,Mini-SIM,"TFT resistive touchscreen, 256K colors",,2.8,240x320,143,42.4,,,,,,,,,,,,2.0,1,,No,,No,,Yes,,No,,,No,,2.0,2.0,No,No,,900,,,No,,,,,,,,,,,"White, Black, Pink, Silver",,,,FM radio
Vodafone,Vodafone 360 H2,https://www.gsmarena.com/vodafone_360_h2-3357.php,https://fdn2.gsmarena.com/vv/bigpic/vodafone-360-h2.jpg,GSM / HSPA,No,Not officially announced yet,Discontinued,125 x 60.8 x 11.7 mm (4.92 x 2.39 x 0.46 in),137.0,,,Mini-SIM,Super AMOLED,,3.7,480x800,252,51.3,,LiMo OS,,,1.0 GHz Cortex-A8,PowerVR SGX,,,16,16,,8.0,1,,No,,No,LED flash,720p@30fps,,No,,,Wi-Fi 802.11 b/g/n,,3.0,Micro-USB,Yes,"GPS, A-GPS","Accelerometer, proximity, compass",,,,No,,,,,,,,,,,"Black, Silver",,,,"Stereo FM radio, RDS"
Vodafone,Vodafone 845,https://www.gsmarena.com/vodafone_845-3212.php,https://fdn2.gsmarena.com/vv/bigpic/vodafone-845-final.jpg,GSM / HSPA,No,"2010, April. Released 2010, May",Discontinued,99 x 55 x 14 mm (3.90 x 2.17 x 0.55 in),109.0,,,Mini-SIM,"TFT resistive touchscreen, 256K colors",,2.8,240x320,143,44.6,,Android 2.1 (Eclair),,,,,,,,,,3.15,1,,No,,No,,Yes,,No,,,Wi-Fi 802.11 b/g,,2.1,2.0,Yes,"GPS, A-GPS","Accelerometer, compass",1200,,,No,,,100.0,,,,,,,,Black,,,,Stereo FM radio
Vodafone,Vodafone 547,https://www.gsmarena.com/vodafone_547-3297.php,https://fdn2.gsmarena.com/vv/bigpic/vodafone-547.jpg,GSM,No,"2010, April. Released 2010, April",Discontinued,-,,,,Mini-SIM,"TFT resistive touchscreen, 256K colors",,2.8,240x400,167,,,,,,,,,,,,,2.0,1,,No,,No,,Yes,,No,,,No,,2.0,Proprietary,No,No,,,,,No,,,40.0,,,,,,,,"Black, White, Red",,,0.65 W/kg (head),"Stereo FM radio, RDS"
Vodafone,Vodafone 546,https://www.gsmarena.com/vodafone_546-3296.php,https://fdn2.gsmarena.com/vv/bigpic/vodafone-546.jpg,GSM,No,"2010, April. Released 2010, April",Discontinued,-,,,,Mini-SIM,"TFT, 256K colors",,2.2,320x240,182,,,,,,,,,,,,,2.0,1,,No,,No,,Yes,,No,,,No,,2.1,No,No,No,,,,,No,,,,,,,,,,,"Black, White",,,,"FM radio, RDS"
Vodafone,Vodafone 543,https://www.gsmarena.com/vodafone_543-3298.php,https://fdn2.gsmarena.com/vv/bigpic/vodafone-543.jpg,GSM,No,"2010, April. Released 2010, April",Discontinued,-,,,,Mini-SIM,"TFT resistive touchscreen, 256K colors",,2.4,240x320,167,,,,,,,,,,,,,1.3,1,,No,,No,,Yes,,No,,,No,,2.1,Proprietary,No,No,,,,,No,,,30.0,,,,,,,,"Black, Red",,,,"Stereo FM radio, RDS"
Vodafone,Vodafone 350 Messaging,https://www.gsmarena.com/vodafone_350_messaging-3299.php,https://fdn2.gsmarena.com/vv/bigpic/vodafone-350-messaging-new.jpg,GSM,No,"2010, April. Released 2010, August",Discontinued,-,,,,Mini-SIM,"TFT, 65K colors",,1.8,,,,,,,,,,,,,,,,,,No,,No,,,,No,,,No,,,No,No,No,,,,,No,,,,,,,,,,,"Black, White, Pink",,,,FM radio
Vodafone,Vodafone 345 Text,https://www.gsmarena.com/vodafone_345_text-3300.php,https://fdn2.gsmarena.com/vv/bigpic/vodafone-350-messaging-new.jpg,GSM,No,"2010, April. Released 2010, July",Discontinued,-,,,,Mini-SIM,"TFT, 65K colors",,1.8,,,,,,,,,,,,,,,,,,No,,No,,,,No,,,No,,,No,No,No,,,,,No,,,20.0,,,,,,,,"Black, White, Pink",,,,FM radio
Vodafone,Vodafone 248,https://www.gsmarena.com/vodafone_248-3301.php,https://fdn2.gsmarena.com/vv/bigpic/vodafone-248.jpg,GSM,No,"2010, April. Released 2010, May",Discontinued,-,,,,Mini-SIM,"TFT, 65K colors",,1.8,,,,,,,,,,,,,,,,,,No,,No,,,,No,,,No,,,No,No,No,,,,,No,,,,,,,,,,,Black,,,,FM radio
Vodafone,Vodafone 247 Solar,https://www.gsmarena.com/vodafone_247_solar-3302.php,https://fdn2.gsmarena.com/vv/bigpic/vodafone-247.jpg,GSM,No,"2010, April. Released 2010, May",Discontinued,-,,,,Mini-SIM,"TFT, 65K colors",,1.44,,,,,,,,,,,,,,,,,,No,,No,,,,No,,,No,,,No,No,No,,,,,No,,,,,,,,,,,Black,,,,FM radio
Vodafone,Vodafone 246,https://www.gsmarena.com/vodafone_246-3303.php,https://fdn2.gsmarena.com/vv/bigpic/vodafone-247.jpg,GSM,No,"2010, April. Released 2010, April",Discontinued,-,,,,Mini-SIM,"TFT, 65K colors",,1.44,,,,,,,,,,,,,,,,,,No,,No,,,,No,,,No,,,No,No,No,,,,,No,,,,,,,,,,,Black,,,,"Stereo FM radio, RDS"
Vodafone,Vodafone 250,https://www.gsmarena.com/vodafone_250-3193.php,https://fdn2.gsmarena.com/vv/bigpic/vodafone-250.jpg,GSM,No,"2010, February. Released 2010, February",Discontinued,-,,,,Mini-SIM,"CSTN, 65K colors",,1.45,128x128,125,,,,,,,,,,,,,,,,No,,No,,,,No,,,No,,,miniUSB (charging on,No,No,,500,,,No,,,10.0,,,,,,,,"Black, Grey-Blue",,,,FM radio
Vodafone,Vodafone 150,https://www.gsmarena.com/vodafone_150-3192.php,https://fdn2.gsmarena.com/vv/bigpic/vodafone-150.jpg,GSM,No,"2010, February. Released 2010, February",Discontinued,-,,,,Mini-SIM,"STN, monochrome graphics",,1.0,,115,,,,,,,,,,,,,,,,No,,No,,,,No,,,No,,,miniUSB (charging on,No,No,,500,,,No,,,10.0,,,,,,,,Black,,,,No
Vodafone,Vodafone 1240,https://www.gsmarena.com/vodafone_1240-3045.php,https://fdn2.gsmarena.com/vv/bigpic/vodafone-1240.jpg,GSM / HSPA,No,"2009, November. Released 2009, November",Discontinued,-,,,,Mini-SIM,"TFT, 256K colors",,,320x240,,,,,,,,,,,,,,2.0,1,,No,,No,,Yes,,No,,,No,,2.0,2.0,No,,,,,,No,,,,,,,,,,,Black,,,,No
Vodafone,Vodafone 840,https://www.gsmarena.com/vodafone_840-3044.php,https://fdn2.gsmarena.com/vv/bigpic/vodafone-840.jpg,GSM / UMTS,No,"2009, November. Released 2009, November",Discontinued,106 x 56 x 13.9 mm (4.17 x 2.20 x 0.55 in),93.0,,,Mini-SIM,"TFT, 65K colors",,2.8,240x320,143,40.9,,,,,,,,,,,,2.0,1,,No,,No,,Yes,,No,,,No,,2.0,2.0,No,No,,,,,No,,,,,,,,,,,"Silver, White, Pink, Green",,,,No
Vodafone,Vodafone 541,https://www.gsmarena.com/vodafone_541-3043.php,https://fdn2.gsmarena.com/vv/bigpic/vodafone-541.jpg,GSM,No,"2009, November. Released 2009, November",Discontinued,96 x 52 x 16 mm (3.78 x 2.05 x 0.63 in),82.0,,,Mini-SIM,"TFT, 256K colors",,2.4,240x320,167,35.7,,,,,,,,,,,,1.3,1,,No,,No,,Yes,,No,,,No,,2.0,miniUSB 1.1,No,No,Accelerometer,750,,,No,,,,,,,,,,,"Black, White, Red, Pink",,,,"Stereo FM radio, RDS"
Vodafone,Vodafone 540,https://www.gsmarena.com/vodafone_540-3042.php,https://fdn2.gsmarena.com/vv/bigpic/vodafone-540.jpg,GSM,No,"2009, November. Released 2009, November",Discontinued,109 x 47 x 11.3 mm (4.29 x 1.85 x 0.44 in),90.0,,,Mini-SIM,"TFT, 65K colors",,2.0,176x220,141,24.6,,,,,,,,,,,,2.0,1,,No,,No,,Yes,,No,,,No,,,,No,No,,850,,,No,,,,,,,,,,,Black,,,,FM radio
Vodafone,Vodafone 340,https://www.gsmarena.com/vodafone_340-3046.php,https://fdn2.gsmarena.com/vv/bigpic/vodafone-340.jpg,GSM,No,"2009, November. Released 2009, November",Discontinued,109 x 45.5 x 12 mm (4.29 x 1.79 x 0.47 in),69.0,,,Mini-SIM,"TFT, 65K colors",,1.5,128x160,137,14.3,,,,,,,,,,,,,1,,No,,No,,No,,No,,,No,,,Proprietary,No,No,,700,,,No,,,20.0,,,,,,,,"Black, White, Pink",,,,FM radio
Vodafone,Vodafone 360 H1,https://www.gsmarena.com/vodafone_360_h1-2946.php,https://fdn2.gsmarena.com/vv/bigpic/vodafone-360-h1.jpg,GSM / HSPA,No,"2009, September. Released 2009, November",Discontinued,"115.9 x 58 x 12.9 mm, 60 cc (4.56 x 2.28 x 0.51 in)",134.0,,,Mini-SIM,AMOLED,,3.5,480x800,267,51.9,,LiMo OS,,,600 MHz Cortex-A8,PowerVR SGX,,,16,16,,5.0,1,,No,,No,LED flash,720p@30fps,,No,,,Wi-Fi 802.11 b/g,,2.0,2.0,Yes,"GPS, A-GPS",,,,,No,,,,,,,,,,,"Black, Silver",,,,"Stereo FM radio, RDS"
Vodafone,Vodafone 360 M1,https://www.gsmarena.com/vodafone_360_m1-2947.php,https://fdn2.gsmarena.com/vv/bigpic/vodafone-360-m1.jpg,GSM / HSPA,No,"2009, September. Released 2009, November",Discontinued,112 x 55.4 x 13.4 mm (4.41 x 2.18 x 0.53 in),111.0,,,Mini-SIM,TFT,,3.2,240x400,146,47.0,,Linux-based LiMo R2.0.1,,,600 MHz Cortex-A8,PowerVR SGX,,,1,1,,3.15,1,,No,,No,,480p@15fps,,No,,,No,,2.0,2.0,Yes,"GPS, A-GPS",,1500,,,No,,,290.0,,,,,,,,"Black, White, Red",,,,"Stereo FM radio, RDS"
Vodafone,Vodafone 533 Crystal,https://www.gsmarena.com/vodafone_533_crystal-2928.php,https://fdn2.gsmarena.com/vv/bigpic/vodafone-533-crystal.jpg,GSM,No,"2009, September. Released 2009, October",Discontinued,"98.5 x 46.2 x 14.7 mm, 60 cc (3.88 x 1.82 x 0.58 in)",90.0,,,Mini-SIM,"TFT, 256K colors",,2.0,176x220,141,27.7,,,,,,,,,,,,1.3,1,,No,,No,,No,,No,,,No,,2.0,1.1,No,No,,750,,,No,,,100.0,,,,,,,,Black,,,,"Stereo FM radio, RDS"
Vodafone,Vodafone 1231,https://www.gsmarena.com/vodafone_1231-2919.php,https://fdn2.gsmarena.com/vv/bigpic/vodafone-1231.jpg,GSM,No,"2009, June. Released 2009, June",Discontinued,113 x 65.4 x 14.5 mm (4.45 x 2.57 x 0.57 in),130.0,,,Mini-SIM,"TFT, 65K colors",,2.5,320x240,160,26.2,,Microsoft Windows Mobile 6.1 Standard,,,,,,,,,,1.3,1,,No,,No,,Yes,,No,,,No,,2.0,Proprietary,No,GPS,,1100,,,No,,,,,,,,,,,Black,,,0.69 W/kg (head),No
Vodafone,Vodafone V-X760,https://www.gsmarena.com/vodafone_v_x760-2859.php,https://fdn2.gsmarena.com/vv/bigpic/vodafone-v-x760.jpg,GSM,No,"2009, March",Discontinued,93 x 52 x 16 mm (3.66 x 2.05 x 0.63 in),84.0,,,Mini-SIM,"TFT, 65K colors",,2.4,240x320,167,36.9,,,,,,,,,,,,1.3,1,,No,,No,,Yes,,No,,,No,,,Proprietary,No,No,,,,,No,,,,,,,,,,,Black,,,,Stereo FM radio
Vodafone,Vodafone Indie,https://www.gsmarena.com/vodafone_indie-2857.php,https://fdn2.gsmarena.com/vv/bigpic/vodafone-indie.jpg,GSM,No,"2009, June. Released 2009, Q3",Discontinued,88.5 x 52 x 13.5 mm (3.48 x 2.05 x 0.53 in),80.0,,,Mini-SIM,"TFT, 65K colors",,2.4,240x320,167,38.8,,,,,,,,,,,,1.3,1,,No,,No,,Yes,,No,,,No,,,Proprietary,No,No,,,,,No,,,,,,,,,,,"Red, Rosa",,,,"Stereo FM radio, RDS"
Vodafone,Vodafone 835,https://www.gsmarena.com/vodafone_835-2852.php,https://fdn2.gsmarena.com/vv/bigpic/vodafone-835.jpg,GSM / HSPA,No,"2009, February. Released 2009, Q2",Discontinued,-,,,,Mini-SIM,"TFT, 256K colors",,2.4,240x320,167,,,,,,,,,,,,,2.0,1,,No,,No,,Yes,,No,,,No,,,Proprietary,No,"GPS, A-GPS",,,,,No,,,,,,,,,,,Premium silver,,,,FM radio
Vodafone,Vodafone 736,https://www.gsmarena.com/vodafone_736-2851.php,https://fdn2.gsmarena.com/vv/bigpic/vodafone-736.jpg,GSM / UMTS,No,"2009, February. Released 2009, Q2",Discontinued,-,,,,Mini-SIM,"TFT, 65K colors",,2.0,240x320,200,,,,,,,,,,,,,2.0,1,,No,,No,,Yes,,No,,,No,,,Proprietary,No,No,,,,,No,,,,,,,,,,,"White, Pink, Silver",,,,FM radio
Vodafone,Vodafone 735,https://www.gsmarena.com/vodafone_735-2850.php,https://fdn2.gsmarena.com/vv/bigpic/vodafone-735.jpg,GSM / UMTS,No,"2009, February. Released 2009, Q2",Discontinued,-,,,,Mini-SIM,"TFT, 65K colors",,2.0,240x320,200,,,,,,,,,,,,,2.0,1,,No,,No,,Yes,,No,,,No,,,Proprietary,No,No,,,,,No,,,,,,,,,,,Black,,,,FM radio
Vodafone,Vodafone 235,https://www.gsmarena.com/vodafone_235-2849.php,https://fdn2.gsmarena.com/vv/bigpic/vodafone-235.jpg,GSM,No,"2009, February. Released 2009, Q2",Discontinued,103.5 x 46 x 13.5 mm (4.07 x 1.81 x 0.53 in),68.0,,,Mini-SIM,"CSTN, 65K colors",,1.8,128x128,101,22.0,,,,,,,,,,,,,,,No,,No,,,,No,,,No,,,No,No,No,,680,,,No,,,,,,,,,,,Black,,,,FM radio
Vodafone,Vodafone V720,https://www.gsmarena.com/vodafone_v720-2741.php,https://fdn2.gsmarena.com/vv/bigpic/vodafone-v720.jpg,GSM / UMTS,No,,Discontinued,97 x 46 x 16.8 mm (3.82 x 1.81 x 0.66 in),100.0,,,Mini-SIM,"TFT, 256K colors",,2.0,240x320,200,27.8,,,,,,,,,,,,1.3,1,,No,,No,,Yes,,No,,,No,,2.0,Micro-USB,No,No,,,,,No,,,,,,,,,,,,,,,No
Vodafone,Vodafone 533,https://www.gsmarena.com/vodafone_533-2651.php,https://fdn2.gsmarena.com/vv/bigpic/vodafone-533.jpg,GSM,No,"2009, February. Released 2009, March",Discontinued,"98.5 x 46.2 x 14.7 mm, 60 cc (3.88 x 1.82 x 0.58 in)",90.0,,,Mini-SIM,"TFT, 256K colors",,2.0,176x220,141,27.7,,,,,,,,,,,,1.3,1,,No,,No,,No,,No,,,No,,2.0,1.1,No,No,,670,,,No,,,,,,,,,,,"Black, Catwalk Red, Catwalk Lady",,,,"Stereo FM radio, RDS"
Vodafone,Vodafone 830i,https://www.gsmarena.com/vodafone_830i-2650.php,https://fdn2.gsmarena.com/vv/bigpic/vodafone-830i.jpg,GSM / HSPA,No,,Discontinued,103 x 51.5 x 13.3 mm (4.06 x 2.03 x 0.52 in),71.0,,,Mini-SIM,"TFT, 256K colors",,,240x320,,,,,,,,,,,,,,3.15,1,,No,,No,,Yes,,No,,,No,,1.2,Micro-USB,No,No,,,,,No,,,170.0,,,,,,,,Black,,,0.62 W/kg (head),No
Vodafone,Vodafone 526,https://www.gsmarena.com/vodafone_526-2590.php,https://fdn2.gsmarena.com/vv/bigpic/vodafone-526.jpg,GSM,No,"2008, September",Discontinued,107 x 47 x 11.8 mm (4.21 x 1.85 x 0.46 in),70.0,,,Mini-SIM,"CSTN, 65K colors",,1.7,128x160,121,18.1,,,,,,,,,,,,,1,,No,,No,,No,,No,,,No,,,Proprietary,No,No,,670,,,No,,,,,,,,,,,Black,,,,No
Vodafone,Vodafone 332,https://www.gsmarena.com/vodafone_332-2643.php,https://fdn2.gsmarena.com/vv/bigpic/vodafone-332.jpg,GSM,No,"2008, October",Discontinued,105 x 45 x 12 mm (4.13 x 1.77 x 0.47 in),,,,Mini-SIM,"TFT, 65K colors",,1.8,120x160,111,21.2,,,,,,,,,,,500 short messages,,1,,No,,No,,No,,No,,,No,,,2.0,No,No,,800,,,No,,,,,,,,,,,Black,,,,FM radio
Vodafone,Vodafone 231,https://www.gsmarena.com/vodafone_231-2589.php,https://fdn2.gsmarena.com/vv/bigpic/vodafone-231.jpg,GSM,No,"2008, October",Discontinued,105 x 46 x 12 mm (4.13 x 1.81 x 0.47 in),70.0,,,Mini-SIM,"CSTN, 65K colors",,1.86,128x160,110,22.5,,,,,,,,,,,,,,,No,,No,,,,No,,,No,,,No,No,No,,670,,,No,,,,,,,,,,,Black,,,,No
Vodafone,Vodafone 1210,https://www.gsmarena.com/vodafone_1210-2458.php,https://fdn2.gsmarena.com/vv/bigpic/vodafone-1210.jpg,GSM / UMTS,No,"2007, May",Discontinued,108 x 47 x 18 mm (4.25 x 1.85 x 0.71 in),105.0,,,Mini-SIM,"TFT, 65K colors",,2.2,240x320,182,29.5,,Microsoft Windows Mobile 5.0 for Smartphone,,,32-bit Intel XScale PXA270 312 MHz,,,,,,,,,,No,,No,,,,No,,,No,,,Proprietary,No,No,,1100,,,No,,,,,,,,,,,Black,,,,No
Vodafone,Vodafone 725,https://www.gsmarena.com/vodafone_725-2457.php,https://fdn2.gsmarena.com/vv/bigpic/vodafone-725.jpg,GSM / UMTS,No,"2008, May",Discontinued,108.5 x 45 x 13.6 mm (4.27 x 1.77 x 0.54 in),,,,Mini-SIM,"TFT, 256K colors",,2.2,240x320,182,30.7,,,,,,,,,,,,2.0,1,,No,,No,,Yes,,No,,,No,,,Proprietary,Yes,No,,,,,No,,,,,,,,,,,Black,,,0.92 W/kg (head),No
Vodafone,Vodafone 810,https://www.gsmarena.com/vodafone_810-2456.php,https://fdn2.gsmarena.com/vv/bigpic/vodafone-810.jpg,GSM / UMTS,No,"2007, December",Discontinued,98 x 48 x 16.5 mm (3.86 x 1.89 x 0.65 in),105.0,,,Mini-SIM,"TFT, 256K colors",,2.2,240x320,182,31.9,,,,,,,,,,,,2.0,1,,No,,No,,Yes,,No,,,No,,,Proprietary,No,No,,670,,,No,,,,,,,,,,,Black,,,,No
Vodafone,Vodafone 716,https://www.gsmarena.com/vodafone_716-2461.php,https://fdn2.gsmarena.com/vv/bigpic/vodafone-716.jpg,GSM,No,"2008, February",Discontinued,104 x 45 x 14.5 mm (4.09 x 1.77 x 0.57 in),90.0,,,Mini-SIM,"TFT, 65K colors",,2.1,176x220,134,29.7,,,,,,,,,,,,1.3,1,,No,,No,,No,,No,,,No,,,Proprietary,No,No,,,,,No,,,,,,,,,,,Gray,,,,No
Vodafone,Vodafone 527,https://www.gsmarena.com/vodafone_527-2455.php,https://fdn2.gsmarena.com/vv/bigpic/vodafone-527.jpg,GSM,No,"2008, March",Discontinued,107 x 47 x 11.8 mm (4.21 x 1.85 x 0.46 in),,,,Mini-SIM,"TFT, 65K colors",,1.7,128x160,121,18.1,,,,,,,,,,,,,1,,No,,No,,No,,No,,,No,,,Proprietary,No,No,,670,,,No,,,,,,,,,,,Black,,,,FM radio
Vodafone,Vodafone 511,https://www.gsmarena.com/vodafone_511-2462.php,https://fdn2.gsmarena.com/vv/bigpic/vodafone-511.jpg,GSM,No,"2007, December",Discontinued,106.9 x 46.3 x 10.9 mm (4.21 x 1.82 x 0.43 in),90.0,,,Mini-SIM,"TFT, 65K colors",,1.77,128x160,116,19.9,,,,,,,,,,,,1.3,1,,No,,No,,No,,No,,,No,,,Proprietary,No,No,,,,,No,,,,,,,,,,,Black,,,,No
Vodafone,Vodafone 228,https://www.gsmarena.com/vodafone_228-2454.php,https://fdn2.gsmarena.com/vv/bigpic/vodafone-228.jpg,GSM,No,"2008, February",Discontinued,97.5 x 47.5 x 14.3 mm (3.84 x 1.87 x 0.56 in),83.0,,,Mini-SIM,"TFT, 65K colors",,,128x160,,,,,,,,,,,,,,,,,No,,No,,,,No,,,No,,,No,No,No,,720,,,No,,,,,,,,,,,Gray,,,0.49 W/kg (head),No
Vodafone,Vodafone 710,https://www.gsmarena.com/vodafone_710-2459.php,https://fdn2.gsmarena.com/vv/bigpic/vodafone-710.jpg,GSM / UMTS,No,"2006, October",Discontinued,91.2 x 46 x 23.5 mm (3.59 x 1.81 x 0.93 in),99.0,,,Mini-SIM,"TFT, 256K colors",,2.0,176x220,141,30.0,,,,,,,,,,,,1.3,1,,No,,No,LED flash,Yes,,No,,,No,,,Proprietary,No,No,,,,,No,,,,,,,,,,,"Black, White, Pink",,,,No
Vodafone,Vodafone 227,https://www.gsmarena.com/vodafone_227-2452.php,https://fdn2.gsmarena.com/vv/bigpic/vodafone-227.jpg,GSM,No,"2007, July",Discontinued,93 x 48 x 14.3 mm (3.66 x 1.89 x 0.56 in),78.0,,,Mini-SIM,"TFT, 65K colors",,,128x128,,,,,,,,,,,,,,,,,No,,No,,,,No,,,No,,,No,No,No,,720,,,No,,,,,,,,,,,Gray,,,0.97 W/kg (head),No
Vodafone,Vodafone 226,https://www.gsmarena.com/vodafone_226-2451.php,https://fdn2.gsmarena.com/vv/bigpic/vodafone-226.jpg,GSM,No,"2007, July",Discontinued,103 x 46 x 11 mm (4.06 x 1.81 x 0.43 in),65.0,,,Mini-SIM,"CSTN, 65K colors",,,128x160,,,,,,,,,,,,,,,,,No,,No,,,,No,,,No,,,No,No,No,,670,,,No,,,,,,,,,,,Black,,,,No
Vodafone,Vodafone 225,https://www.gsmarena.com/vodafone_225-2453.php,https://fdn2.gsmarena.com/vv/bigpic/vodafone-225.jpg,GSM,No,"2007, May",Discontinued,104 x 45 x 12.5 mm (4.09 x 1.77 x 0.49 in),65.0,,,Mini-SIM,"CSTN, 65K colors",,,128x128,,,,,,,,,,,,,,,,,No,,No,,,,No,,,No,,,No,No,No,,690,,,No,,,,,,,,,,,Black,,,1.32 W/kg (head),No
