Brand,Model_Name,Model_URL,Model_Image,Network_Technology,5G_Support,Announced,Status,Dimensions,Weight_g,Back_Material,IP_Rating,SIM_Type,Display_Type,Refresh_Rate_Hz,Display_Size_inch,Resolution,PPI_Density,Screen_to_Body_Pct,Display_Protection,OS,Chipset,Process_Node_nm,CPU,GPU,RAM_GB,RAM_Max_GB,Storage_GB,Storage_Max_GB,Storage_Type,Main_Camera_MP,Lens_Count,Main_Aperture,OIS,Sensor_Size,Camera_4K_Video,Camera_Features,Camera_Video,Selfie_Camera_MP,Selfie_4K_Video,Selfie_Camera_Features,Selfie_Camera_Video,WiFi,NFC,Bluetooth_Version,USB_Type,Headphone_Jack,GPS,Sensors,Battery_mAh,Wired_Charging_W,Wireless_Charging_W,Reverse_Wireless_Charging,Battery_ActiveUse,Price_USD,Price_EUR,Price_GBP,Price_INR,AnTuTu_Score,GeekBench_Score,ThreeDMark_Score,Display_nits_tested,Loudspeaker_LUFS,Colors,Model_Numbers,SAR_US,SAR_EU,FM_Radio
Blu,BLU Bold N3,https://www.gsmarena.com/blu_bold_n3-12603.php,https://fdn2.gsmarena.com/vv/bigpic/blu-bold-n3.jpg,GSM / HSPA / LTE / 5G,Yes,"2023, July. Released 2023, August",Discontinued,164.2 x 74.7 x 8.8 mm (6.46 x 2.94 x 0.35 in),180.0,Glass,,Nano-SIM + Nano-SIM,"AMOLED, 120Hz",120,6.78,1080x2400,388,90.5,,Android 13,Mediatek Dimensity 7050 (6 nm),6,Octa-core (2x2.6 GHz Cortex-A78 & 6x2.0 GHz Cortex-A55),Mali-G68 MC4,8,8,256,256,UFS 3.1,50.0,3,1.9,No,1/1.55,Yes,"Dual-LED flash, HDR, panorama","4K@30fps, 1080p@30fps",16.0,Yes,,"4K@30fps, 1080p@30fps","Wi-Fi 802.11 a/b/g/n/ac/6, dual-band, Wi-Fi Direct",Yes,5.2,Type-C,No,GPS,"Fingerprint (under display, optical), accelerometer, gyro, proximity, compass",4700,66,,No,,,250.0,,,,,,,,Sage Green,,,,FM radio
Blu,BLU G93,https://www.gsmarena.com/blu_g93-12460.php,https://fdn2.gsmarena.com/vv/bigpic/blu-g93.jpg,GSM / HSPA / LTE,No,"2023, June. Released 2023, July",Discontinued,168.7 x 76.7 x 9 mm (6.64 x 3.02 x 0.35 in),210.0,Glass,,Nano-SIM + Nano-SIM,"IPS LCD, 120Hz",120,6.78,1080x2460,396,84.4,,Android 13,Mediatek Helio G99 (6 nm),6,Octa-core (2x2.2 GHz Cortex-A76 & 6x2.0 GHz Cortex-A55),Mali-G57 MC2,6,6,128,128,,50.0,3,1.8,No,,No,"LED flash, HDR, panorama","1440p@30fps, 1080p@30fps",13.0,No,,1080p@30fps,"Wi-Fi 802.11 a/b/g/n/ac, dual-band",Yes,5.2,Type-C,Yes,GPS,"Fingerprint (side-mounted), accelerometer, proximity, compass",5000,18,,No,,,160.0,,,,,,,,"Black, Light Blue, Cream",,,,FM radio
Blu,BLU G73,https://www.gsmarena.com/blu_g73-12459.php,https://fdn2.gsmarena.com/vv/bigpic/blu-g73.jpg,GSM / HSPA / LTE,No,"2023, June. Released 2023, June",Discontinued,168.3 x 78.8 x 9.9 mm (6.63 x 3.10 x 0.39 in),210.0,Glass,,Nano-SIM + Nano-SIM,"IPS LCD, 90Hz",90,6.8,720x1600,258,84.2,,Android 13,,,Octa-core (2x1.6 GHz Cortex-A75 & 6x1.6 GHz Cortex-A55),Mali-G57 MP1,6,6,128,128,,50.0,3,2.0,No,,No,"LED flash, HDR, panorama",1080p@30fps,8.0,No,,1080p@30fps,"Wi-Fi 802.11 b/g/n/ac, Wi-Fi Direct",No,5.0,Type-C,Yes,GPS,"Fingerprint (rear-mounted), accelerometer",5000,18,,No,,,140.0,,,,,,,,"Blue, Grey, Orange, Burgundy",,,,FM radio
Blu,BLU G63,https://www.gsmarena.com/blu_g63-12458.php,https://fdn2.gsmarena.com/vv/bigpic/blu-g63.jpg,GSM / HSPA / LTE,No,"2023, June. Released 2023, July",Discontinued,173 x 78 x 9.2 mm (6.81 x 3.07 x 0.36 in),230.0,Glass,,Nano-SIM + Nano-SIM,IPS LCD,,6.8,720x1600,258,82.7,,Android 13,,,Octa-core (2x1.6 GHz Cortex-A75 & 6x1.6 GHz Cortex-A55),Mali-G57 MP1,4,4,128,128,,13.0,2,2.0,No,,No,"LED flash, HDR, panorama",1080p@30fps,8.0,No,,1080p@30fps,"Wi-Fi 802.11 b/g/n/ac, Wi-Fi Direct",No,5.0,Type-C,Yes,GPS,"Fingerprint (side-mounted), accelerometer",5000,,,No,,,120.0,,,,,,,,"Pearl, Black, Green, Purple",,,,FM radio
Blu,BLU G53,https://www.gsmarena.com/blu_g53-12457.php,https://fdn2.gsmarena.com/vv/bigpic/blu-g53.jpg,GSM / HSPA / LTE,No,"2023, June. Released 2023, July",Discontinued,164.8 x 75.8 x 8.9 mm (6.49 x 2.98 x 0.35 in),200.0,Glass,,Nano-SIM + Nano-SIM,IPS LCD,,6.5,720x1600,270,81.7,,Android 13,,,Quad-core (1x2.0 GHz Cortex-A75 & 3x1.8 GHz Cortex-A55),IMG8322,4,4,64,64,eMMC 5.1,13.0,2,2.0,No,,No,"LED flash, HDR, panorama",1080p@30fps,8.0,No,,1080p@30fps,"Wi-Fi 802.11 b/g/n/ac, Wi-Fi Direct",No,5.0,Type-C,Yes,GPS,"Fingerprint (side-mounted), accelerometer",5000,,,No,,,100.0,,,,,,,,"Pearl, Black, Green, Violet, White",,,,FM radio
Blu,BLU G33,https://www.gsmarena.com/blu_g33-12456.php,https://fdn2.gsmarena.com/vv/bigpic/blu-g33.jpg,GSM / HSPA / LTE,No,"2023, June. Released 2023, July",Discontinued,159.4 x 78.3 x 10.4 mm (6.28 x 3.08 x 0.41 in),215.0,,,Nano-SIM + Nano-SIM,IPS LCD,,6.26,480x960,171,81.0,,Android 13 (Go edition),,,Octa-core 1.6 GHz Cortex-A55,,2,2,16,16,eMMC 5.1,5.0,2,2.0,No,,No,LED flash,1080p@30fps,5.0,No,,1080p@30fps,"Wi-Fi 802.11 a/b/g/n, Wi-Fi Direct",No,4.2,Type-C,Yes,GPS,Accelerometer,3000,,,No,,,60.0,,,,,,,,"Black, Burgundy, Earthy, Green",,,,FM radio
Blu,BLU F92e,https://www.gsmarena.com/blu_f92e-12153.php,https://fdn2.gsmarena.com/vv/bigpic/blu-f92e-5g.jpg,GSM / HSPA / LTE / 5G,Yes,"2023, January 19. Released 2023, January 19",Discontinued,164.7 x 76 x 8.9 mm (6.48 x 2.99 x 0.35 in),202.0,,,Nano-SIM + Nano-SIM,IPS LCD,,6.5,720x1600,270,81.5,,Android 12,Mediatek Dimensity 700 (7 nm),7,Octa-core (2x2.2 GHz Cortex-A76 & 6x2.0 GHz Cortex-A55),Mali-G57 MC2,4,4,128,128,,50.0,3,1.8,No,,No,"LED flash, HDR, panorama",1080p@30fps,13.0,No,,Yes,Wi-Fi 802.11 a/b/g/n/ac,No,5.0,Type-C,Yes,GPS,"Fingerprint (side-mounted), unspecified sensors",5000,10,,No,,,190.0,,,,,,,,"Blue, Black, Lime",,,,FM radio
Blu,BLU G72 Max,https://www.gsmarena.com/blu_g72_max-12110.php,https://fdn2.gsmarena.com/vv/bigpic/blu-g72-max.jpg,GSM / HSPA / LTE,No,"2023, February 04. Released 2023, February 04",Discontinued,168.3 x 78.8 x 9.9 mm (6.63 x 3.10 x 0.39 in),209.0,,,Nano-SIM + Nano-SIM,"IPS LCD, 90Hz",90,6.8,720x1600,258,84.2,,Android 12,Mediatek MT6765 Helio G37 (12 nm),12,Octa-core (4x2.3 GHz Cortex-A53 & 4x1.8 GHz Cortex-A53),PowerVR GE8320,4,4,128,128,,13.0,3,,No,,No,LED flash,1080p@30fps,8.0,No,,1080p@30fps,"Wi-Fi 802.11 a/b/g/n/ac, dual-band",No,5.1,Type-C,Yes,GPS,"Fingerprint (rear-mounted), accelerometer, proximity",5000,,,No,,,,,,,,,,,"Gray, Mint, Orange",,,,Unspecified
Blu,BLU G52L,https://www.gsmarena.com/blu_g52l-12102.php,https://fdn2.gsmarena.com/vv/bigpic/blu-g52l.jpg,GSM / HSPA / LTE,No,"2023, January. Released 2023, February",Discontinued,164.5 x 76 x 9.2 mm (6.48 x 2.99 x 0.36 in),195.0,,,Nano-SIM + Nano-SIM,IPS LCD,,6.5,720x1600,270,81.6,,Android 12,,,Octa-core 1.6 GHz Cortex-A55,,2,2,64,64,eMMC 5.1,13.0,3,,No,,No,"LED flash, HDR, panorama",1080p@30fps,8.0,No,,1080p@30fps,"Wi-Fi 802.11 а/b/g/n, Wi-Fi Direct",No,4.2,Type-C,Yes,GPS,"Fingerprint (side-mounted), accelerometer",5000,,,No,,,90.0,,,,,,,,"Grey, Blue, Burgundy, Mint Blue",,,,FM radio
Blu,BLU Studio X5 Max,https://www.gsmarena.com/blu_studio_x5_max-11830.php,https://fdn2.gsmarena.com/vv/bigpic/blu-studio-x5-max.jpg,GSM / HSPA / LTE,No,"2022, July. Released 2022, July",Discontinued,164.7 x 76 x 8.9 mm (6.48 x 2.99 x 0.35 in),202.0,,,Nano-SIM + Nano-SIM,IPS LCD,,5.7,480x960,188,67.0,,Android 11 (Go edition),,,Quad-core 1.3 GHz Cortex-A53,,2,2,32,32,eMMC 5.1,5.0,2,,No,,No,LED flash,720p@30fps,2.0,No,,720p@30fps,"Wi-Fi 802.11 b/g/n, Wi-Fi Direct",No,4.2,Micro-USB,Yes,GPS,Accelerometer,2700,,,No,,,50.0,,,,,,,,"Green, Bronze, Black, Blue",,,,FM radio
Blu,BLU Studio X5,https://www.gsmarena.com/blu_studio_x5-11829.php,https://fdn2.gsmarena.com/vv/bigpic/blu-studio-x5.jpg,GSM / HSPA / LTE,No,"2022, July. Released 2022, July",Discontinued,145 x 72.4 x 10.1 mm (5.71 x 2.85 x 0.40 in),149.0,,,Nano-SIM + Nano-SIM,IPS LCD,,5.0,480x854,196,65.6,,Android 11 (Go edition),,,Quad-core 1.3 GHz Cortex-A53,,1,1,32,32,eMMC 5.1,5.0,2,,No,,No,LED flash,720p@30fps,2.0,No,,720p@30fps,"Wi-Fi 802.11 b/g/n, Wi-Fi Direct",No,4.2,Micro-USB,Yes,GPS,Accelerometer,2000,,,No,,,50.0,,,,,,,,"Green, Bronze, Black, Blue",,,,FM radio
Blu,BLU G40,https://www.gsmarena.com/blu_g40-11828.php,https://fdn2.gsmarena.com/vv/bigpic/blu-g40.jpg,GSM / HSPA / LTE,No,"2022, June. Released 2022, June",Discontinued,163.4 x 78.8 x 10.8 mm (6.43 x 3.10 x 0.43 in),203.0,,,Nano-SIM + Nano-SIM,IPS LCD,,6.0,720x1440,268,72.2,,Android 11,,,Quad-core 2.0 GHz Cortex-A75,,3,3,32,32,eMMC 5.1,13.0,2,,No,,No,"LED flash, HDR, panorama",1080p@30fps,8.0,No,,1080p@30fps,"Wi-Fi 802.11 a/b/g/n, Wi-Fi Direct",No,4.2,Micro-USB,Yes,GPS,Accelerometer,3000,,,No,,,100.0,,,,,,,,"Black, Blue, Green, Cyan, Teal, White",,,,FM radio
Blu,BLU Bold N2,https://www.gsmarena.com/blu_bold_n2-11757.php,https://fdn2.gsmarena.com/vv/bigpic/blu-bold-n2-new.jpg,GSM / HSPA / LTE / 5G,Yes,"2022, August 11. Released 2022, August 11",Discontinued,158.7 x 74.1 x 8.6 mm (6.25 x 2.92 x 0.34 in),180.0,,,Nano-SIM + Nano-SIM,AMOLED,,6.6,1080x2340,390,90.9,Gorilla Glass 5,Android 11,Mediatek Dimensity 810 (6 nm),6,Octa-core (2x2.4 GHz Cortex-A76 & 6x2.0 GHz Cortex-A55),Mali-G57 MC2,8,8,256,256,,64.0,4,2.4,No,,No,"Dual-LED flash, HDR, panorama",1080p@30fps,16.0,No,,1080p@30fps,"Wi-Fi 802.11 b/g/n/ac, Wi-Fi Direct",No,5.1,Type-C,No,GPS,"Fingerprint (under display, optical), accelerometer, gyro, proximity, compass",4200,30,,No,,,230.0,,,,,,,,Cyprus Teal,,,,FM radio
Blu,BLU Studio X10L 2022,https://www.gsmarena.com/blu_studio_x10l_2022-11716.php,https://fdn2.gsmarena.com/vv/bigpic/blu-studiox10l-2022.jpg,GSM / HSPA / LTE,No,"2022, July. Released 2022, July",Discontinued,145.9 x 73.5 x 9.8 mm (5.74 x 2.89 x 0.39 in),175.0,,,Nano-SIM + Nano-SIM,IPS LCD,,5.0,480x854,196,64.2,,Android 11 (Go edition),,,Quad-core (4x1.4 GHz Cortex-A53),,1,1,32,32,,8.0,1,,No,,No,LED flash,1080p@30fps,5.0,No,,720p@30fps,"Wi-Fi 802.11 b/g/n, Wi-Fi Direct",No,4.1,Micro-USB,Yes,GPS,Accelerometer,2000,,,No,,,50.0,,,,,,,,"Black, Blue, Green, Red",,,,FM radio
Blu,BLU S91 Pro,https://www.gsmarena.com/blu_s91_pro-11715.php,https://fdn2.gsmarena.com/vv/bigpic/blu-s91pro.jpg,GSM / HSPA / LTE,No,"2022, July . Released 2022, July",Discontinued,164.7 x 76 x 8.9 mm (6.48 x 2.99 x 0.35 in),202.0,,,Nano-SIM + Nano-SIM,IPS LCD,,6.5,720x1600,270,81.5,,Android 12,Mediatek MT6765V/CB Helio G37 (12 nm),12,Octa-core (4x2.3 GHz Cortex-A53 & 4x1.8 GHz Cortex-A53),PowerVR GE8320,4,4,128,128,,50.0,3,1.8,No,,No,"Dual-LED flash, HDR, panorama",1080p@30fps,13.0,No,,1080p@30fps,"Wi-Fi 802.11 a/b/g/n/ac, Wi-Fi Direct",No,5.0,Type-C,Yes,GPS,"Fingerprint (rear-mounted), accelerometer, proximity, compass",5000,,,No,,,180.0,,,,,,,,"Black, Mint Green",,,,FM radio
Blu,BLU J6S,https://www.gsmarena.com/blu_j6s-11673.php,https://fdn2.gsmarena.com/vv/bigpic/blu-j6s.jpg,GSM / HSPA,No,"2022, July 07. Released 2022, July 07",Discontinued,152.9 x 73.3 x 9.7 mm (6.02 x 2.89 x 0.38 in),161.0,,,Nano-SIM + Nano-SIM,IPS LCD,,6.1,720x1560,282,81.5,,Android 11 (Go edition),,,Quad-core 1.3 GHz Cortex-A7,Mali-400,1,1,32,32,eMMC 5.1,8.0,1,,No,,No,LED flash,720p@30fps,5.0,No,,720p@30fps,"Wi-Fi 802.11 b/g/n, Wi-Fi Direct",No,4.2,Micro-USB,Yes,GPS,"Fingerprint (rear-mounted), proximity, gyro",3000,,,No,,,50.0,,,,,,,,"Blue, Bronze, Teal, White",,,,FM radio
Blu,BLU C7X,https://www.gsmarena.com/blu_c7x-11672.php,https://fdn2.gsmarena.com/vv/bigpic/blu-c7x.jpg,GSM / HSPA,No,"2022, July 07. Released 2022, July 07",Discontinued,165.6 x 76.7 x 9.8 mm (6.52 x 3.02 x 0.39 in),203.0,,,Nano-SIM + Nano-SIM,IPS LCD,,6.5,720x1600,270,80.3,,Android 11 (Go edition),,,Quad-core 1.3 GHz Cortex-A7,,1,1,32,32,eMMC 5.1,8.0,2,,No,,No,LED flash,1080p@30fps,8.0,No,,720p@30fps,"Wi-Fi 802.11 b/g/n, Wi-Fi Direct",No,4.2,Micro-USB,Yes,GPS,"Fingerprint (rear-mounted), accelerometer",4000,,,No,,,60.0,,,,,,,,"Brown, Cyan, Dark Blue, Mint Green, Red",,,,FM radio
Blu,BLU S91,https://www.gsmarena.com/blu_s91-11643.php,https://fdn2.gsmarena.com/vv/bigpic/blu-s91.jpg,GSM / HSPA / LTE,No,"2022, June 24. Released 2022, June 24",Discontinued,164.8 x 76.3 x 8.9 mm (6.49 x 3.00 x 0.35 in),202.0,,,Nano-SIM + Nano-SIM,IPS LCD,,6.5,720x1600,270,81.1,,Android 11,Mediatek MT6762G Helio G25 (12 nm),12,Octa-core (4x2.0 GHz Cortex-A53 & 4x1.5 GHz Cortex-A53),PowerVR GE8320,4,4,128,128,,13.0,3,,No,,No,"LED flash, HDR, panorama",1080p@30fps,13.0,No,,1080p@30fps,"Wi-Fi 802.11 a/b/g/n, Wi-Fi Direct",No,5.0,Type-C,Yes,GPS,"Fingerprint (rear-mounted), accelerometer, gyro, proximity, compass",5000,,,No,,,170.0,,,,,,,,"Black, Green",,,,FM radio
Blu,BLU G51,https://www.gsmarena.com/blu_g51-11623.php,https://fdn2.gsmarena.com/vv/bigpic/blu-g51.jpg,GSM / HSPA / LTE,No,"2022, June 03. Released 2022, June 03",Discontinued,155.3 x 73.5 x 9.5 mm (6.11 x 2.89 x 0.37 in),166.0,,,Nano-SIM + Nano-SIM,IPS LCD,,6.1,720x1520,276,81.4,,Android 11 (Go edition),Mediatek MT6761 Helio A22 (12 nm),12,Quad-core 2.0 GHz Cortex-A53,PowerVR GE8320,2,2,32,32,eMMC 5.1,8.0,2,,No,,No,"LED flash, HDR, panorama",1080p@30fps,8.0,No,,720p@30fps,"Wi-Fi 802.11 a/b/g/n, Wi-Fi Direct",No,4.2,Micro-USB,Yes,GPS,"Fingerprint (rear-mounted), accelerometer, proximity",3000,,,No,,,,,,,,,,,"Black, Blue, Green, Silver, Gold",,,,FM radio
Blu,BLU G61s,https://www.gsmarena.com/blu_g61s-11536.php,https://fdn2.gsmarena.com/vv/bigpic/blu-g61s.jpg,GSM / HSPA / LTE,No,"2022, April. Released 2022, April",Discontinued,159.5 x 76.5 x 9.8 mm (6.28 x 3.01 x 0.39 in),164.0,,,Nano-SIM + Nano-SIM,IPS LCD,,6.5,720x1600,270,83.6,,Android 11,,,Octa-core 2.0 GHz Cortex-A75,,4,4,64,64,eMMC 5.1,13.0,2,,No,,No,LED flash,1080p@30fps,8.0,No,,1080p@30fps,"Wi-Fi 802.11 a/b/g/n, Wi-Fi Direct",No,4.2,Type-C,Yes,GPS,"Fingerprint (side-mounted), accelerometer, proximity",5000,,,No,,,,,,,,,,,"Bronze, Red, Green, Cyan, Black",,,,FM radio
Blu,BLU G50 Mega 2022,https://www.gsmarena.com/blu_g50_mega_2022-11509.php,https://fdn2.gsmarena.com/vv/bigpic/glu-g50-mega-2022.jpg,GSM / HSPA / LTE,No,"2022, April. Released 2022, April",Discontinued,156.1 x 72.5 x 9.3 mm (6.15 x 2.85 x 0.37 in),188.0,,,Nano-SIM + Nano-SIM,IPS LCD,,6.5,720x1600,270,90.1,,Android 11,,,Quad-core 2.0 GHz Cortex-A75,,3,3,32,32,eMMC 5.1,12.0,2,2.2,No,,No,"LED flash, HDR, panorama",1080p@30fps,8.0,No,,1080p@30fps,"Wi-Fi 802.11 b/g/n, Wi-Fi Direct",No,4.2,Type-C,Yes,GPS,"Fingerprint (rear-mounted), accelerometer, proximity",4000,10,,No,,,100.0,,,,,,,,"Black, Blue, Red, Green",,,,FM radio
Blu,BLU F91,https://www.gsmarena.com/blu_f91-11483.php,https://fdn2.gsmarena.com/vv/bigpic/blu-f91-5g.jpg,GSM / HSPA / LTE / 5G,Yes,"2022, April 20. Released 2022, April 20",Discontinued,168.7 x 76.8 x 8.9 mm (6.64 x 3.02 x 0.35 in),209.0,,,Nano-SIM + Nano-SIM,IPS LCD,,6.8,1080x2460,395,84.8,,Android 11,Mediatek Dimensity 810 (6 nm),6,Octa-core (2x2.4 GHz Cortex-A76 & 6x2.0 GHz Cortex-A55),Mali-G57 MC2,8,8,128,128,,48.0,4,1.8,No,1/2.0,Yes,"LED flash, HDR, panorama","4K@30fps, 1080p@30fps",16.0,No,,1080p@30fps,"Wi-Fi 802.11 b/g/n/ac, Wi-Fi Direct",Yes,5.1,Type-C,Yes,GPS,"Fingerprint (side-mounted), accelerometer, gyro, proximity, compass",5000,18,10,No,,,280.0,,,,,,,,Blue,,,,FM radio
Blu,BLU G71L,https://www.gsmarena.com/blu_g71l-11398.php,https://fdn2.gsmarena.com/vv/bigpic/blu-g71l.jpg,GSM / HSPA / LTE,No,"2022, January. Released 2022, January",Discontinued,164.4 x 75.9 x 9.6 mm (6.47 x 2.99 x 0.38 in),198.0,,,Nano-SIM + Nano-SIM,IPS LCD,,6.5,720x1600,270,81.7,,Android 11,,,Octa-core 1.6 GHz Cortex-A55,,4,4,128,128,,13.0,3,,No,,No,LED flash,1080p@30fps,8.0,No,,1080p@30fps,"Wi-Fi 802.11 b/g/n, Wi-Fi Direct",No,4.2,Micro-USB,Yes,GPS,"Fingerprint (rear-mounted), accelerometer, proximity",5000,10,,No,,,,,,,,,,,"Blue, Green",,,,FM radio
Blu,BLU G91 Max,https://www.gsmarena.com/blu_g91_max-11376.php,https://fdn2.gsmarena.com/vv/bigpic/blu-g91-max.jpg,GSM / HSPA / LTE,No,"2022, February 23. Released 2022, February 23",Discontinued,168.6 x 77 x 8.9 mm (6.64 x 3.03 x 0.35 in),213.0,,,Nano-SIM + Nano-SIM,IPS LCD,,6.8,1080x2460,395,84.6,,Android 11,Mediatek MT6785V/CD Helio G95 (12 nm),12,Octa-core (2x2.05 GHz Cortex-A76 & 6x2.0 GHz Cortex-A55),Mali-G76 MC4,8,8,128,128,,108.0,4,1.8,No,1/1.52,Yes,"LED flash, HDR, panorama","4K@30fps, 1080p@30fps",16.0,No,,1080p@30fps,"Wi-Fi 802.11 a/b/g/n, Wi-Fi Direct",No,4.1,Type-C,Yes,GPS,"Fingerprint (side-mounted), accelerometer, gyro, proximity, compass",5000,18,10,No,,,200.0,,,,,,,,"Gray, Sky Blue",,,,FM radio
Blu,BLU G71+,https://www.gsmarena.com/blu_g71+-11369.php,https://fdn2.gsmarena.com/vv/bigpic/blu-g71-plus.jpg,GSM / HSPA / LTE,No,"2022, January. Released 2022, January",Discontinued,160.2 x 76.7 x 9 mm (6.31 x 3.02 x 0.35 in),175.0,,,Nano-SIM + Nano-SIM,IPS LCD,,6.5,720x1600,270,83.0,,Android 11,,,Octa-core 1.8 GHz Cortex-A75,,4,4,64,128,eMMC 5.1,13.0,3,,No,,No,LED flash,1080p@30fps,13.0,No,,1080p@30fps,"Wi-Fi 802.11 b/g/n, Wi-Fi Direct",No,4.2,Type-C,Yes,GPS,"Fingerprint (rear-mounted), accelerometer, proximity",4900,,,No,,,,,,,,,,,"Bronze, Blue, Green, White",,,,FM radio
Blu,BLU M8L 2022,https://www.gsmarena.com/blu_m8l_2022-11368.php,https://fdn2.gsmarena.com/vv/bigpic/blu-m8l-2022.jpg,GSM / HSPA / LTE,No,"2022, February. Released 2022, February",Discontinued,209 x 126 x 10.6 mm (8.23 x 4.96 x 0.42 in),360.0,,,Micro-SIM,IPS LCD,,8.0,800x1280,189,70.5,,Android 11 (Go edition),,,Quad-core 2.0 GHz Cortex-A75,,3,3,32,32,eMMC 5.1,8.0,1,,No,,No,LED flash,1080p@30fps,5.0,No,,720p@30fps,"Wi-Fi 802.11 b/g/n, Wi-Fi Direct",No,4.1,Type-C,Yes,GPS,Accelerometer,4000,,,No,,,60.0,,,,,,,,"Black, Bronze",,,,FM radio
Blu,BLU G51S,https://www.gsmarena.com/blu_g51s-11348.php,https://fdn2.gsmarena.com/vv/bigpic/blu-g51s.jpg,GSM / HSPA / LTE,No,"2022, January. Released 2022, January",Discontinued,162.4 x 77.5 x 9 mm (6.39 x 3.05 x 0.35 in),185.0,,,,IPS LCD,,6.4,720x1560,268,79.9,,Android 11 (Go edition),,,Octa-core 1.6 GHz Cortex-A55,,2,2,32,32,eMMC 5.1,13.0,2,,No,,No,LED flash,1080p@30fps,8.0,No,,720p@30fps,"Wi-Fi 802.11 b/g/n, Wi-Fi Direct",No,4.2,Type-C,Yes,GPS,"Fingerprint (rear-mounted), accelerometer, proximity",4000,,,No,,,80.0,,,,,,,,"Bronze, Gradient Blue, Green, Red",,,,FM radio
Blu,BLU C5 Max,https://www.gsmarena.com/blu_c5_max-11319.php,https://fdn2.gsmarena.com/vv/bigpic/blu-c5-max.jpg,GSM / HSPA,No,"2022, January. Released 2022, January",Discontinued,159.2 x 76.5 x 9.8 mm (6.27 x 3.01 x 0.39 in),164.0,,,Nano-SIM + Nano-SIM,IPS LCD,,5.7,720x1440,282,68.8,,Android 11 (Go edition),,,Quad-core 1.3 GHz Cortex-A7,,1,1,16,16,eMMC 5.1,5.0,2,,No,,No,LED flash,720p@30fps,5.0,No,,720p@30fps,"Wi-Fi 802.11 b/g/n, Wi-Fi Direct",No,4.1,Micro-USB,Yes,GPS,Accelerometer,2700,,,No,,,60.0,,,,,,,,"Black, Blue, Red, Green, Bronze",,,,FM radio
Blu,BLU Studio X10 2022,https://www.gsmarena.com/blu_studio_x10_2022-11318.php,https://fdn2.gsmarena.com/vv/bigpic/blu-studio-x10-2022.jpg,GSM / HSPA,No,"2022, January. Released 2022, January",Discontinued,145.9 x 73.5 x 9.8 mm (5.74 x 2.89 x 0.39 in),175.0,,,Nano-SIM + Nano-SIM,IPS LCD,,5.0,480x854,196,64.2,,Android 11 (Go edition),Mediatek MT6580 (28 nm),28,Quad-core 1.3 GHz Cortex-A7,Mali-400MP2,1,1,32,32,eMMC 5.1,8.0,1,,No,,No,LED flash,1080p@30fps,5.0,No,,720p@30fps,"Wi-Fi 802.11 b/g/n, Wi-Fi Direct",No,4.1,Micro-USB,Yes,GPS,Accelerometer,2000,,,No,,,50.0,,,,,,,,"Green, Red, Black, Blue",,,,FM radio
Blu,BLU C5L Max,https://www.gsmarena.com/blu_c5l_max-11273.php,https://fdn2.gsmarena.com/vv/bigpic/blu-c5l-max.jpg,GSM / HSPA / LTE,No,"2021, December. Released 2021, December",Discontinued,159.5 x 76.5 x 10.5 mm (6.28 x 3.01 x 0.41 in),174.0,,,Nano-SIM,IPS LCD,,5.7,480x960,188,68.7,,Android 11 (Go edition),Unisoc SC9832 (28 nm),28,Quad-core 1.4 GHz Cortex-A53,Mali-T820 MP1,1,2,16,32,eMMC 5.1,5.0,1,,No,,No,LED flash,720p@30fps,2.0,No,,720p@30fps,"Wi-Fi 802.11 b/g/n, Wi-Fi Direct",No,4.2,Micro-USB,Yes,GPS,Accelerometer,2000,,,No,,,,,,,,,,,"Gray, Blue, Red, Green, Bronze",,,,FM radio
Blu,BLU G91s,https://www.gsmarena.com/blu_g91s-11264.php,https://fdn2.gsmarena.com/vv/bigpic/blu-g91s.jpg,GSM / HSPA / LTE,No,"2021, December 07. Released 2021, December 07",Discontinued,168 x 76.5 x 8.9 mm (6.61 x 3.01 x 0.35 in),202.0,,,Nano-SIM + Nano-SIM,IPS LCD,,6.8,1080x2460,395,85.4,,Android 11,Mediatek MT6769V/CU Helio G80 (12 nm),12,Octa-core (2x2.0 GHz Cortex-A75 & 6x1.8 GHz Cortex-A55),Mali-G52 MC2,4,4,128,128,eMMC 5.1,48.0,4,1.8,No,1/2.0,No,"LED flash, HDR, panorama",1080p@30fps,13.0,No,,1080p@30fps,"Wi-Fi 802.11 a/b/g/n, Wi-Fi Direct",No,5.0,Type-C,Yes,GPS,"Fingerprint (rear-mounted), accelerometer, gyro, proximity, compass",6000,18,,No,,,200.0,,,,,,,,"Blue, Green, Gray, Cyan",,,,FM radio
Blu,BLU View 3,https://www.gsmarena.com/blu_view_3-11258.php,https://fdn2.gsmarena.com/vv/bigpic/blu-view3.jpg,GSM / HSPA / LTE,No,"2021, September. Released 2021, October",Discontinued,160.2 x 76.7 x 9 mm (6.31 x 3.02 x 0.35 in),178.0,,,Nano-SIM,IPS LCD,,6.0,720x1440,268,75.6,,Android 11,Mediatek MT6762 Helio P22 (12 nm),12,Octa-core 2.0 GHz Cortex-A53,PowerVR GE8320,3,3,32,32,eMMC 5.1,13.0,1,,No,,No,LED flash,1080p@30fps,8.0,No,,720p@30fps,"Wi-Fi 802.11 b/g/n, Wi-Fi Direct",No,5.1,Type-C,Yes,GPS,"Accelerometer, proximity",3400,,,No,,,50.0,,,,,,,,Black,,,,FM radio
Blu,BLU M8L Plus,https://www.gsmarena.com/blu_m8l_plus-11096.php,https://fdn2.gsmarena.com/vv/bigpic/blu-m8l-plus.jpg,GSM / HSPA / LTE,No,"2020, August. Released 2020, August",Discontinued,208 x 123.7 x 10.5 mm (8.19 x 4.87 x 0.41 in),383.0,,,Nano-SIM,IPS LCD,,8.0,800x1280,189,72.1,,Android 11 (Go edition),,,Octa-core 1.6 GHz Cortex-A55,,2,2,32,32,eMMC 5.1,8.0,1,,No,,No,LED flash,1080p@30fps,5.0,No,,720p@30fps,"Wi-Fi 802.11 b/g/n, Wi-Fi Direct",No,4.1,Micro-USB,Yes,GPS,Accelerometer,4300,,,No,,,60.0,,,,,,,,Blue,,,,FM radio
Blu,BLU M8L,https://www.gsmarena.com/blu_m8l-11095.php,https://fdn2.gsmarena.com/vv/bigpic/blu-m8l.jpg,GSM / HSPA / LTE,No,"2020, August. Released 2020, August",Discontinued,208 x 125 x 9 mm (8.19 x 4.92 x 0.35 in),352.0,,,Nano-SIM + Nano-SIM,IPS LCD,,8.0,800x1280,189,71.4,,Android 11 (Go edition),,,Octa-core 1.6 GHz Cortex-A55,,1,1,32,32,eMMC 5.1,8.0,1,,No,,No,LED flash,1080p@30fps,5.0,No,,720p@30fps,"Wi-Fi 802.11 b/g/n, Wi-Fi Direct",No,4.1,Type-C,Yes,GPS,Accelerometer,4000,,,No,,,60.0,,,,,,,,Black,,,,FM radio
Blu,BLU Studio X10L,https://www.gsmarena.com/blu_studio_x10l-11094.php,https://fdn2.gsmarena.com/vv/bigpic/blu-studio-x10l.jpg,GSM / HSPA / LTE,No,"2020, August. Released 2020, August",Discontinued,142.9 x 73.1 x 9.9 mm (5.63 x 2.88 x 0.39 in),152.0,,,Nano-SIM + Nano-SIM,IPS LCD,,5.0,480x854,196,65.9,,Android 11 (Go edition),,,Quad-core 1.4 GHz Cortex-A53,Mali-T820,1,1,16,16,eMMC 5.1,8.0,1,,No,,No,LED flash,1080p@30fps,2.0,No,,720p@30fps,"Wi-Fi 802.11 b/g/n, Wi-Fi Direct",No,4.1,Micro-USB,Yes,GPS,Accelerometer,2000,,,No,,,50.0,,,,,,,,"Gray, Blue, Red, Green",,,,FM radio
Blu,BLU G91 Pro,https://www.gsmarena.com/blu_g91_pro-11073.php,https://fdn2.gsmarena.com/vv/bigpic/blu-g91-pro.jpg,GSM / HSPA / LTE,No,"2021, August 26. Released 2021, August 26",Discontinued,165.2 x 76.9 x 8.9 mm (6.50 x 3.03 x 0.35 in),201.0,,,Nano-SIM + Nano-SIM,IPS LCD,,6.7,1080x2400,393,85.3,,Android 11,Mediatek MT6785 Helio G90 (12 nm),12,Octa-core (2x2.0 GHz Cortex-A76 & 6x2.0 GHz Cortex-A55),Mali-G76 MC4,6,6,128,128,,48.0,4,1.8,No,1/2.0,Yes,"LED flash, HDR, panorama","4K@30fps, 1080p@30fps",16.0,No,,1080p@30fps,"Wi-Fi 802.11 a/b/g/n, Wi-Fi Direct",No,4.1,Type-C,Yes,GPS,"Fingerprint (rear-mounted), accelerometer, gyro, proximity, compass",5000,30,10,No,,,150.0,,,,,,,,"Graphite, Moonstone",,,,FM radio
Blu,BLU J9L,https://www.gsmarena.com/blu_j9l-10973.php,https://fdn2.gsmarena.com/vv/bigpic/blu-j9l.jpg,GSM / HSPA / LTE,No,"2021, June. Released 2021, June",Discontinued,161.6 x 76.9 x 9.7 mm (6.36 x 3.03 x 0.38 in),191.0,,,Nano-SIM + Nano-SIM,IPS LCD,,6.0,480x960,179,74.8,,Android 11 (Go edition),,,Octa-core 1.6 GHz Cortex-A55,,1,1,32,32,eMMC 5.1,8.0,2,,No,,No,LED flash,1080p@30fps,8.0,No,,720p@30fps,"Wi-Fi 802.11 b/g/n, Wi-Fi Direct",No,4.0,Micro-USB,Yes,GPS,"Fingerprint (rear-mounted), accelerometer",3000,,,No,,,,,,,,,,,"Blue, Black, Green, Red",,,,FM radio
Blu,BLU G51 Plus,https://www.gsmarena.com/blu_g51_plus-10934.php,https://fdn2.gsmarena.com/vv/bigpic/blu-g51-plus.jpg,GSM / HSPA / LTE,No,"2021, May 22. Released 2021, May 22",Discontinued,165 x 76.5 x 9.3 mm (6.50 x 3.01 x 0.37 in),200.0,,,Nano-SIM + Nano-SIM,IPS LCD,,6.5,720x1600,270,80.8,,Android 11,,,Octa-core 1.6 GHz Cortex-A55,,3,3,64,64,eMMC 5.1,13.0,3,,No,,No,"LED flash, HDR, panorama",1080p@30fps,8.0,No,,720p@30fps,"Wi-Fi 802.11 b/g/n, Wi-Fi Direct",No,4.1,Micro-USB,Yes,GPS,"Fingerprint (rear-mounted), accelerometer, proximity",4000,,,No,,,110.0,,,,,,,,"Black, Blue, Red, Green",,,,FM radio
Blu,BLU C7,https://www.gsmarena.com/blu_c7-10935.php,https://fdn2.gsmarena.com/vv/bigpic/blu-c7.jpg,GSM / HSPA,No,"2021, May 22. Released 2021, May 22",Discontinued,165 x 76.5 x 8.9 mm (6.50 x 3.01 x 0.35 in),186.0,,,Nano-SIM + Nano-SIM,IPS LCD,,6.5,720x1600,270,80.8,,Android 10 (Go edition),,,Quad-core 1.3 GHz Cortex-A7,,1,1,32,32,eMMC 5.1,8.0,2,,No,,No,LED flash,1080p@30fps,8.0,No,,720p@30fps,"Wi-Fi 802.11 b/g/n, Wi-Fi Direct",No,4.0,Micro-USB,Yes,GPS,"Fingerprint (rear-mounted), accelerometer",4000,,,No,,,60.0,,,,,,,,"Black, Blue, Green, Red",,,,FM radio
Blu,BLU View 2,https://www.gsmarena.com/blu_view_2-10915.php,https://fdn2.gsmarena.com/vv/bigpic/blu-view-2.jpg,GSM / HSPA / LTE,No,"2020, November. Released 2020, November",Discontinued,153.7 x 71 x 9.5 mm (6.05 x 2.80 x 0.37 in),162.0,,,Nano-SIM,IPS LCD,,5.5,720x1440,293,71.5,,Android 10,Mediatek MT6761 Helio A22 (12 nm),12,Octa-core 2.0 GHz Cortex-A53,PowerVR GE8320,2,2,32,32,eMMC 5.1,13.0,1,,No,,No,LED flash,1080p@30fps,8.0,No,,720p@30fps,"Wi-Fi 802.11 b/g/n, Wi-Fi Direct",No,4.1,Type-C,Yes,GPS,"Accelerometer, proximity",3000,,,No,,,,,,,,,,,Black,"B130DL, B131DL",,,FM radio
Blu,BLU G91,https://www.gsmarena.com/blu_g91-10781.php,https://fdn2.gsmarena.com/vv/bigpic/blu-g91.jpg,GSM / HSPA / LTE,No,"2021, February 24. Released 2021, February 24",Discontinued,163 x 76 x 9 mm (6.42 x 2.99 x 0.35 in),196.0,,,Nano-SIM + Nano-SIM,IPS LCD,,6.5,720x1600,270,82.3,,Android 10,,,Octa-core 1.8 GHz Cortex-A53,,4,4,128,128,,16.0,4,,No,,No,LED flash,1080p@30fps,16.0,No,,1080p@30fps,"Wi-Fi 802.11 a/b/g/n, Wi-Fi Direct",No,4.0,Type-C,Yes,GPS,"Fingerprint (rear-mounted), accelerometer, proximity",5000,10,,No,,,150.0,,,,,,,,"Blue, Green, Twilight",,,,FM radio
Blu,BLU G71,https://www.gsmarena.com/blu_g71-10745.php,https://fdn2.gsmarena.com/vv/bigpic/blu-g71.jpg,GSM / HSPA / LTE,No,"2021, February 19. Released 2021, February 19",Discontinued,165 x 76.6 x 8.9 mm (6.50 x 3.02 x 0.35 in),194.0,,,Nano-SIM + Nano-SIM,IPS LCD,,6.5,720x1600,270,80.7,,Android 10,,,Octa-core 1.8 GHz Cortex-A53,,3,3,64,64,eMMC 5.1,13.0,3,,No,,No,LED flash,1080p@30fps,13.0,No,,720p@30fps,"Wi-Fi 802.11 a/b/g/n, Wi-Fi Direct",No,4.0,Type-C,Yes,GPS,"Fingerprint (rear-mounted), accelerometer, proximity",5000,10,,No,,,80.0,,,,,,,,"Black, Blue, Green, Red",,,,FM radio
Blu,BLU Studio X12,https://www.gsmarena.com/blu_studio_x12-10741.php,https://fdn2.gsmarena.com/vv/bigpic/blu-studio-x12.jpg,GSM / HSPA,No,"2021, February 16. Released 2021, February 16",Discontinued,160 x 77.5 x 9 mm (6.30 x 3.05 x 0.35 in),189.0,,,Nano-SIM + Nano-SIM,IPS LCD,,6.0,480x960,179,74.9,,Android 10 (Go edition),,,Quad-core 1.3 GHz Cortex-A7,,1,1,32,32,eMMC 5.1,8.0,1,,No,,No,LED flash,720p@30fps,8.0,No,,720p@30fps,"Wi-Fi 802.11 b/g/n, Wi-Fi Direct",No,4.0,Micro-USB,Yes,GPS,Accelerometer,3000,,,No,,,60.0,,,,,,,,"Black, Blue, Green, Red",,,,FM radio
Blu,BLU G61,https://www.gsmarena.com/blu_g61-10730.php,https://fdn2.gsmarena.com/vv/bigpic/blu-g61.jpg,GSM / HSPA / LTE,No,"2021, February 09. Released 2021, February 09",Discontinued,164.6 x 75.8 x 9.3 mm (6.48 x 2.98 x 0.37 in),196.0,,,Nano-SIM + Nano-SIM,IPS LCD,,6.5,720x1600,270,81.8,,Android 10,,,Octa-core 1.6 GHz Cortex-A55,,3,3,64,64,eMMC 5.1,13.0,2,,No,,No,"LED flash, panorama, HDR",1080p@30fps,8.0,No,,720p@30fps,"Wi-Fi 802.11 b/g/n, Wi-Fi Direct",No,4.1,Micro-USB,Yes,GPS,"Fingerprint (rear-mounted), accelerometer, proximity",5000,10,,No,,,110.0,,,,,,,,"Black, Blue, Green, Red",,,,FM radio
Blu,BLU Studio X10+,https://www.gsmarena.com/blu_studio_x10+-10729.php,https://fdn2.gsmarena.com/vv/bigpic/blu-studio-x10-plus1.jpg,GSM / HSPA,No,"2021, February 09. Released 2021, February 09",Discontinued,146 x 72.3 x 9 mm (5.75 x 2.85 x 0.35 in),167.0,,,Nano-SIM + Nano-SIM,IPS LCD,,5.5,480x960,195,74.0,,Android 10 (Go edition),,,Quad-core 1.3 GHz Cortex-A7,,1,1,32,32,eMMC 5.1,8.0,1,,No,,No,LED flash,720p@30fps,8.0,No,,720p@30fps,"Wi-Fi 802.11 b/g/n, Wi-Fi Direct",No,4.0,Micro-USB,Yes,GPS,Accelerometer,2550,,,No,,,50.0,,,,,,,,"Black, Blue, Green, Red",,,,FM radio
Blu,BLU A5L,https://www.gsmarena.com/blu_a5l-10731.php,https://fdn2.gsmarena.com/vv/bigpic/blu-a5l.jpg,GSM / HSPA / LTE,No,"2021, February 09. Released 2021, February 09",Discontinued,124.5 x 64.5 x 10.6 mm (4.90 x 2.54 x 0.42 in),118.0,,,Nano-SIM + Nano-SIM,TFT LCD,,4.0,480x800,233,56.7,,Android 10 (Go edition),,,Quad-core 1.4 GHz Cortex-A53,,1,1,16,16,eMMC 5.1,5.0,1,,No,,No,LED flash,720p@30fps,2.0,No,,720p@30fps,"Wi-Fi 802.11 b/g/n, Wi-Fi Direct",No,4.1,Micro-USB,Yes,GPS,Accelerometer,1400,,,No,,,40.0,,,,,,,,"Black, Blue, Red",,,,FM radio
Blu,BLU M7L,https://www.gsmarena.com/blu_m7l-10732.php,https://fdn2.gsmarena.com/vv/bigpic/blu-m7l.jpg,GSM / HSPA / LTE,No,"2021, February 09. Released 2021, February 09",Discontinued,194.4 x 109.2 x 11 mm (7.65 x 4.30 x 0.43 in),286.0,,,Nano-SIM + Nano-SIM,IPS LCD,,7.0,600x1240,197,58.4,,Android 10 (Go edition),,,Octa-core 1.6 GHz Cortex-A55,,2,2,32,32,eMMC 5.1,5.0,1,,No,,No,LED flash,720p@30fps,2.0,No,,720p@30fps,"Wi-Fi 802.11 b/g/n, Wi-Fi Direct",No,4.1,Micro-USB,Yes,GPS,Accelerometer,2800,,,No,,,50.0,,,,,,,,Black,,,,FM radio
Blu,BLU View Mega,https://www.gsmarena.com/blu_view_mega-10640.php,https://fdn2.gsmarena.com/vv/bigpic/blu-view-mega.jpg,GSM / HSPA / LTE,No,"2020, April. Released 2020, April",Discontinued,167.5 x 78 x 9.4 mm (6.59 x 3.07 x 0.37 in),189.0,,,Nano-SIM,IPS LCD,,6.0,720x1440,268,71.1,,Android 9.0 (Pie),Mediatek MT6761 Helio A22 (12 nm),12,Quad-core 2.0 GHz Cortex-A53,PowerVR GE6300,2,2,32,32,eMMC 5.1,13.0,1,,No,,No,LED flash,1080p@30fps,8.0,No,,720p@30fps,"Wi-Fi 802.11 b/g/n, Wi-Fi Direct",No,4.1,Micro-USB,Yes,GPS,"Accelerometer, proximity",3000,,,No,,,,,,,,,,,Black,,,,FM radio
Blu,BLU G50 Mega,https://www.gsmarena.com/blu_g50_mega-10607.php,https://fdn2.gsmarena.com/vv/bigpic/blu-g50-mega.jpg,GSM / HSPA / LTE,No,"2020, November. Released 2020, November",Discontinued,156.1 x 72.5 x 9.3 mm (6.15 x 2.85 x 0.37 in),190.0,,,Nano-SIM + Nano-SIM,IPS LCD,,6.5,720x1600,270,90.1,,Android 10,,,Octa-core 1.6 GHz Cortex-A55,IMG8322,2,2,32,32,eMMC 5.1,12.0,2,2.2,No,,No,"LED flash, HDR, panorama",1080p@30fps,8.0,No,,720p@30fps,"Wi-Fi 802.11 b/g/n, Wi-Fi Direct",No,4.1,Type-C,Yes,GPS,"Fingerprint (rear-mounted), accelerometer, proximity",4000,10,,No,,,100.0,,,,,,,,"Black, Blue, Red, Green",,,,FM radio
Blu,BLU J7L,https://www.gsmarena.com/blu_j7l-10535.php,https://fdn2.gsmarena.com/vv/bigpic/blu-j7l.jpg,GSM / HSPA / LTE,No,"2020, October. Released 2020, October",Discontinued,155 x 74.7 x 10.9 mm (6.10 x 2.94 x 0.43 in),173.0,,,Nano-SIM + Micro-SIM,IPS LCD,,5.7,720x1440,282,72.4,,Android 10 (Go edition),,,Quad-core 1.4 GHz Cortex-A53,Mali-T820,1,1,32,32,eMMC 5.1,8.0,1,,No,,No,LED flash,1080p@30fps,8.0,No,,720p@30fps,"Wi-Fi 802.11 b/g/n, Wi-Fi Direct",No,4.0,Micro-USB,Yes,GPS,"Fingerprint (rear-mounted), accelerometer",3000,,,No,,,60.0,,,,,,,,"Blue, Black, Violet, Tan",,,,FM radio
Blu,vivo T5,https://www.gsmarena.com/vivo_t5-14697.php,https://fdn2.gsmarena.com/vv/bigpic/vivo-t5-.jpg,GSM / HSPA / LTE,No,"2026, May 29","Available. Released 2026, May 29",166.6 x 78.4 x 8.4 mm (6.56 x 3.09 x 0.33 in),219.0,Glass,IP68,Nano-SIM + Nano-SIM,"IPS LCD, 120Hz, 1250 nits (HBM)",120,6.75,720x1570,256,85.3,,"Android 16, OriginOS 6",Qualcomm Snapdragon 6s 4G Gen 2 (6 nm),6,Octa-core (4x2.9 GHz Cortex-A73 & 4x1.9 GHz Cortex-A53),Adreno 610,8,8,256,256,UFS 3.1,50.0,2,2.0,No,,No,"LED flash, HDR, panorama",Yes,32.0,No,,Yes,"Wi-Fi 802.11 a/b/g/n/ac, dual-band",Yes,5.1,Type-C,No,"GPS, GALILEO, GLONASS, BDS, QZSS","Fingerprint (side-mounted), accelerometer, gyro, proximity, compass",7200,44,,No,,,290.0,,,,,,,,"Gold, Black",V2545,1.14 W/kg (head) 1.01 W/kg (body),,No
Blu,Honor 600 Pro,https://www.gsmarena.com/honor_600_pro-14604.php,https://fdn2.gsmarena.com/vv/bigpic/honor-600-pro.jpg,GSM / HSPA / LTE / 5G,Yes,"2026, April 22","Available. Released 2026, April 29",156 x 74.7 x 7.8 mm (6.14 x 2.94 x 0.31 in),195.0,Glass,IP68,· Nano-SIM + eSIM · Nano-SIM + Nano-SIM + eSIM (max 2 at a time),"AMOLED, 1B colors, 120Hz, 3840Hz PWM, HDR Vivid, 8000 nits (peak)",120,6.57,1264x2728,458,91.2,Mohs level 4,"Android 16, up to 6 major Android upgrades, MagicOS 10",Qualcomm SM8750-AB Snapdragon 8 Elite (3 nm),3,Octa-core (2x4.32 GHz Oryon V2 Phoenix L + 6x3.53 GHz Oryon V2 Phoenix M),Adreno 830 (1200 MHz),12,16,256,512,,200.0,3,1.9,Yes,1/1.4,Yes,"Color spectrum sensor, LED flash, HDR, panorama","4K@30/60fps, 1080p@30/60fps, gyro-EIS, OIS",50.0,Yes,HDR,"4K@30fps, 1080p@30/60fps, gyro-EIS","Wi-Fi 802.11 a/b/g/n/ac/6/7, dual-band or tri-band, Wi-Fi Direct",Yes,6.0,Type-C,No,"GPS, GLONASS, GALILEO, BDS, QZSS, NavIC","Fingerprint (under display, optical), accelerometer, gyro, proximity (ultrasound), compass",7000,80,50,No,Active use score 17:55h,835.26,,649.0,,2221352,7970,5309,1766,-24.8,"Golden White, Black, Orange",VKP-NX9,,,No
Blu,BLU J5L,https://www.gsmarena.com/blu_j5l-10536.php,https://fdn2.gsmarena.com/vv/bigpic/blu-j5l.jpg,GSM / HSPA / LTE,No,"2020, October. Released 2020, October",Discontinued,144 x 72.3 x 11.2 mm (5.67 x 2.85 x 0.44 in),155.0,,,Nano-SIM + Micro-SIM,IPS LCD,,5.0,720x1280,294,66.2,,Android 10 (Go edition),,,Quad-core 1.4 GHz Cortex-A53,Mali-T820,1,1,32,32,eMMC 5.1,8.0,1,,No,,No,LED flash,1080p@30fps,8.0,No,,720p@30fps,"Wi-Fi 802.11 b/g/n, Wi-Fi Direct",No,4.0,Micro-USB,Yes,GPS,Accelerometer,2200,,,No,,,,,,,,,,,"Blue, Black, Violet, Tan",,,,FM radio
Blu,BLU J6 2020,https://www.gsmarena.com/blu_j6_2020-10537.php,https://fdn2.gsmarena.com/vv/bigpic/blu-j6-2020.jpg,GSM / HSPA,No,"2020, October. Released 2020, October",Discontinued,160.7 x 78.4 x 10.3 mm (6.33 x 3.09 x 0.41 in),227.0,,,Nano-SIM + Nano-SIM,IPS LCD,,6.0,720x1440,268,73.7,,Android 10 (Go edition),,,Quad-core 1.3 GHz Cortex-A7,Mali-400,1,1,32,32,eMMC 5.1,8.0,1,,No,,No,LED flash,720p@30fps,8.0,No,,720p@30fps,"Wi-Fi 802.11 b/g/n, Wi-Fi Direct",No,4.1,Micro-USB,Yes,GPS,"Fingerprint (rear-mounted), accelerometer, proximity",4000,,,No,,,70.0,,,,,,,,"Blue, Black, Violet, Tan",,,,FM radio
Blu,BLU C6L 2020,https://www.gsmarena.com/blu_c6l_2020-10538.php,https://fdn2.gsmarena.com/vv/bigpic/blu-c6l-2020.jpg,GSM / HSPA / LTE,No,"2020, October. Released 2020, October",Discontinued,155 x 74.7 x 10.9 mm (6.10 x 2.94 x 0.43 in),167.0,,,Nano-SIM + Micro-SIM,IPS LCD,,5.7,720x1440,282,72.4,,Android 10 (Go edition),,,Quad-core 1.4 GHz Cortex-A53,Mali-T820,1,1,16,16,eMMC 5.1,8.0,1,,No,,No,LED flash,720p@30fps,8.0,No,,720p@30fps,"Wi-Fi 802.11 b/g/n, Wi-Fi Direct",No,4.0,Micro-USB,Yes,GPS,"Fingerprint (rear-mounted), accelerometer",3000,,,No,,,50.0,,,,,,,,"Red, Blue, Green",,,,FM radio
Blu,BLU C5L 2020,https://www.gsmarena.com/blu_c5l_2020-10540.php,https://fdn2.gsmarena.com/vv/bigpic/blu-c5l-2020.jpg,GSM / HSPA / LTE,No,"2020, October. Released 2020, October",Discontinued,144 x 72.3 x 11.2 mm (5.67 x 2.85 x 0.44 in),150.0,,,Nano-SIM + Micro-SIM,IPS LCD,,5.0,720x1280,294,66.2,,Android 10 (Go edition),,,Quad-core 1.4 GHz Cortex-A53,Mali-T820,1,1,16,16,eMMC 5.1,8.0,1,,No,,No,LED flash,720p@30fps,8.0,No,,720p@30fps,"Wi-Fi 802.11 b/g/n, Wi-Fi Direct",No,4.0,Micro-USB,Yes,GPS,Accelerometer,2200,,,No,,,40.0,,,,,,,,"Red, Blue, Pastel",,,,FM radio
Blu,BLU C6 2020,https://www.gsmarena.com/blu_c6_2020-10539.php,https://fdn2.gsmarena.com/vv/bigpic/blu-c6-2020.jpg,GSM / HSPA,No,"2020, October. Released 2020, October",Discontinued,160.7 x 78.4 x 10.3 mm (6.33 x 3.09 x 0.41 in),230.0,,,Nano-SIM + Nano-SIM,IPS LCD,,6.0,720x1440,268,73.7,,Android 10 (Go edition),,,Quad-core 1.3 GHz Cortex-A7,Mali-400,1,1,16,16,eMMC 5.1,8.0,1,,No,,No,LED flash,720p@30fps,8.0,No,,720p@30fps,"Wi-Fi 802.11 b/g/n, Wi-Fi Direct",No,4.1,Micro-USB,Yes,GPS,"Fingerprint (rear-mounted), accelerometer, proximity",4000,,,No,,,70.0,,,,,,,,"Red, Gradient Blue, Gradient Greena",,,,FM radio
Blu,BLU G50 Plus,https://www.gsmarena.com/blu_g50_plus-10470.php,https://fdn2.gsmarena.com/vv/bigpic/blu-g50-plus.jpg,GSM / HSPA / LTE,No,"2020, September 22. Released 2020, September 22",Discontinued,158.7 x 76 x 9.1 mm (6.25 x 2.99 x 0.36 in),180.0,,,Nano-SIM + Nano-SIM,IPS LCD,,6.2,720x1520,271,79.5,,Android 10,,,Octa-core 1.6 GHz Cortex-A55,IMG8322,2,2,32,32,eMMC 5.1,13.0,1,,No,,No,"LED flash, HDR, panorama",1080p@30fps,8.0,No,,720p@30fps,"Wi-Fi 802.11 b/g/n, Wi-Fi Direct",No,4.1,Type-C,Yes,GPS,"Fingerprint (rear-mounted), accelerometer, proximity",4000,10,,No,,,90.0,,,,,,,,"Black, Blue, Red, Green",,,,FM radio
Blu,BLU G50,https://www.gsmarena.com/blu_g50-10453.php,https://fdn2.gsmarena.com/vv/bigpic/blu-g50.jpg,GSM / HSPA / LTE,No,"2020, September 18. Released 2020, September 18",Discontinued,147.8 x 70.9 x 10.1 mm (5.82 x 2.79 x 0.40 in),190.0,,,Nano-SIM + Nano-SIM,IPS LCD,,5.5,720x1440,293,74.5,,Android 10,,,Octa-core 1.6 GHz Cortex-A55,IMG8322,2,2,32,32,eMMC 5.1,13.0,1,,No,,No,"LED flash, HDR, panorama",1080p@30fps,8.0,No,,720p@30fps,"Wi-Fi 802.11 b/g/n, Wi-Fi Direct",No,4.1,Type-C,Yes,GPS,"Fingerprint (rear-mounted), accelerometer, proximity",4000,10,,No,,,70.0,,,,,,,,"Black, Blue, Red, Green",,,,FM radio
Blu,BLU G90 Pro,https://www.gsmarena.com/blu_g90_pro-10403.php,https://fdn2.gsmarena.com/vv/bigpic/blu-g90-pro.jpg,GSM / HSPA / LTE,No,"2020, August 25. Released 2020, August 25",Discontinued,162 x 77 x 10.1 mm (6.38 x 3.03 x 0.40 in),215.0,,,Nano-SIM + Nano-SIM,IPS LCD,,6.5,1080x2340,396,83.1,,Android 10,Mediatek MT6785 Helio G90T (12 nm),12,Octa-core (2x2.05 GHz Cortex-A76 & 6x2.0 GHz Cortex-A55),Mali-G76 MC4,4,4,128,128,eMMC 5.1,48.0,3,1.8,No,1/2.0,Yes,"LED flash, panorama, HDR",4K@30fps,32.0,No,,1080p@30fps,"Wi-Fi 802.11 a/b/g/n, Wi-Fi Direct",No,4.1,Type-C,Yes,GPS,"Fingerprint (rear-mounted), accelerometer, gyro, proximity, compass",5100,18,10,No,,,170.0,,,,,,,,Purple Haze,,,,FM radio
Blu,BLU Studio X10,https://www.gsmarena.com/blu_studio_x10-10359.php,https://fdn2.gsmarena.com/vv/bigpic/blu-studio-x10.jpg,GSM / HSPA,No,"2020, August 05. Released 2020, August 05",Discontinued,146 x 73.5 x 9.3 mm (5.75 x 2.89 x 0.37 in),169.0,,,Nano-SIM + Nano-SIM,IPS LCD,,5.0,480x854,196,64.2,,Android 10 (Go edition),Mediatek MT6580 (28 nm),28,Quad-core 1.3 GHz Cortex-A7,Mali-400MP2,1,1,16,16,eMMC 5.1,8.0,1,,No,,No,LED flash,720p@30fps,5.0,No,,720p@30fps,"Wi-Fi 802.11 b/g/n, Wi-Fi Direct",No,4.0,Micro-USB,Yes,GPS,Accelerometer,2100,,,No,,,50.0,,,,,,,,"Green, Red, Black, Blue",,,,FM radio
Blu,BLU G90,https://www.gsmarena.com/blu_g90-10313.php,https://fdn2.gsmarena.com/vv/bigpic/blu-g90.jpg,GSM / HSPA / LTE,No,"2020, June 24. Released 2020, June 24",Discontinued,164.6 x 76.5 x 8.8 mm (6.48 x 3.01 x 0.35 in),185.0,,,Nano-SIM + Nano-SIM,IPS LCD,,6.5,720x1600,270,81.0,,Android 10,Mediatek MT6762D Helio A25 (12 nm),12,Octa-core (4x1.8 GHz Cortex-A53 & 4x1.5 GHz Cortex-A53),PowerVR GE8320,4,4,64,64,eMMC 5.1,16.0,3,2.0,No,1/3.06,No,"LED flash, panorama, HDR",1080p@30fps,13.0,No,,1080p@30fps,"Wi-Fi 802.11 a/b/g/n, Wi-Fi Direct",No,4.1,Type-C,Yes,GPS,"Fingerprint (rear-mounted), accelerometer, proximity",4000,10,,No,,,120.0,,,,,,,,"Black, White, Magenta, Blue",,,,FM radio
Blu,BLU G80,https://www.gsmarena.com/blu_g80-10312.php,https://fdn2.gsmarena.com/vv/bigpic/blu-g80.jpg,GSM / HSPA / LTE,No,"2020, June 24. Released 2020, June 24",Discontinued,163.9 x 75.5 x 8.4 mm (6.45 x 2.97 x 0.33 in),185.0,,,Nano-SIM + Nano-SIM,IPS LCD,,6.5,720x1600,270,82.4,,Android 10,Mediatek MT6763 Helio P23 (16 nm),16,Octa-core (4x2.0 GHz Cortex-A53 & 4x1.5 GHz Cortex-A53),Mali-G71 MP2,3,3,64,64,eMMC 5.1,13.0,3,1.8,No,1/3.06,No,"LED flash, panorama, HDR",1080p@30fps,13.0,No,,720p@30fps,"Wi-Fi 802.11 a/b/g/n, Wi-Fi Direct",No,4.1,Micro-USB,Yes,GPS,"Fingerprint (rear-mounted), accelerometer, proximity",4000,10,,No,,,90.0,,,,,,,,"Black, Green",,,,FM radio
Blu,BLU Studio X9 HD,https://www.gsmarena.com/blu_studio_x9_hd-10160.php,https://fdn2.gsmarena.com/vv/bigpic/blu-studio-x9-hd.jpg,GSM / HSPA,No,"2020, March 25. Released 2020, March 25",Discontinued,143 x 73 x 10.1 mm (5.63 x 2.87 x 0.40 in),144.0,,,Nano-SIM + Nano-SIM,IPS LCD,,5.0,720x1280,294,66.0,,Android 8.1 Oreo (Go edition),Mediatek MT6580 (28 nm),28,Quad-core 1.3 GHz Cortex-A7,Mali-400MP2,1,1,8,8,,8.0,1,,No,,No,LED flash,1080p@30fps,5.0,No,,720p@30fps,"Wi-Fi 802.11 b/g/n, Wi-Fi Direct",No,4.0,Micro-USB,Yes,GPS,Accelerometer,2000,,,No,,,50.0,,,,,,,,"Black, White, Blue",,,,FM radio
Blu,BLU J6,https://www.gsmarena.com/blu_j6-10107.php,https://fdn2.gsmarena.com/vv/bigpic/blu-j6.jpg,GSM / HSPA,No,"2019, December. Released 2019, December",Discontinued,159.6 x 76.6 x 9.1 mm (6.28 x 3.02 x 0.36 in),185.0,,,Nano-SIM + Nano-SIM,IPS LCD,,6.0,720x1440,268,76.0,,Android 8.1 Oreo (Go edition),Mediatek MT6580 (28 nm),28,Quad-core 1.3 GHz Cortex-A7,Mali-400,1,1,32,32,eMMC 5.1,8.0,1,,No,1/5.0,No,LED flash,720p@30fps,8.0,No,LED flash,720p@30fps,"Wi-Fi 802.11 b/g/n, Wi-Fi Direct",No,4.1,Micro-USB,Yes,GPS,"Fingerprint (rear-mounted), accelerometer, proximity",2800,,,No,,,80.0,,,,,,,,"Blue, Black, Brown",,,,FM radio
Blu,BLU J4,https://www.gsmarena.com/blu_j4-10106.php,https://fdn2.gsmarena.com/vv/bigpic/blu-j4.jpg,GSM / HSPA,No,"2019, October. Released 2019, October",Discontinued,151 x 72.3 x 10 mm (5.94 x 2.85 x 0.39 in),158.0,,,Nano-SIM + Nano-SIM,IPS LCD,,5.5,720x1440,293,71.5,,Android 8.1 Oreo (Go edition),,,Quad-core 1.3 GHz Cortex-A7,Mali-400,1,1,32,32,eMMC 5.1,8.0,1,,No,,No,LED flash,720p@30fps,8.0,No,,720p@30fps,"Wi-Fi 802.11 b/g/n, Wi-Fi Direct",No,4.1,Micro-USB,Yes,GPS,Accelerometer,2200,,,No,,,70.0,,,,,,,,"Blue, Black, Brown",,,,FM radio
Blu,BLU J2,https://www.gsmarena.com/blu_j2-10105.php,https://fdn2.gsmarena.com/vv/bigpic/blu-j2.jpg,GSM / HSPA,No,"2019, December. Released 2019, December",Discontinued,144 x 73.1 x 10.3 mm (5.67 x 2.88 x 0.41 in),146.0,,,Nano-SIM + Nano-SIM,IPS LCD,,5.0,480x854,196,65.4,,Android 8.1 Oreo (Go edition),,,Quad-core 1.3 GHz Cortex-A7,Mali-400,1,1,32,32,eMMC 5.1,5.0,1,,No,,No,LED flash,720p@30fps,5.0,No,,720p@30fps,"Wi-Fi 802.11 b/g/n, Wi-Fi Direct",No,4.1,Micro-USB,Yes,GPS,Accelerometer,2000,,,No,,,50.0,,,,,,,,"Blue, Black, Brown",,,,FM radio
Blu,BLU Tank Xtreme,https://www.gsmarena.com/blu_tank_xtreme-10047.php,https://fdn2.gsmarena.com/vv/bigpic/blu-tank-xtreme.jpg,GSM / HSPA / LTE,No,"2020, January. Released 2020, January",Discontinued,153.6 x 71.8 x 10.2 mm (6.05 x 2.83 x 0.40 in),178.0,,IP68,Nano-SIM + Nano-SIM,IPS LCD,,5.5,480x960,195,70.8,,Android 9.0 (Pie),,,Quad-core 1.3 GHz Cortex-A53,Mali-T720,2,2,32,32,eMMC 5.1,13.0,2,,No,,No,LED flash,1080p@30fps,8.0,No,,720p@30fps,Wi-Fi 802.11 b/g/n,No,4.0,Micro-USB,Yes,GPS,"Fingerprint (rear-mounted), accelerometer, proximity",4200,,,No,,,120.0,,,,,,,,Black,,,,FM radio
Blu,BLU G70,https://www.gsmarena.com/blu_g70-10046.php,https://fdn2.gsmarena.com/vv/bigpic/blu-g70.jpg,GSM / HSPA / LTE,No,"2020, January. Released 2020, January",Discontinued,156.8 x 75 x 8.6 mm (6.17 x 2.95 x 0.34 in),182.0,,,Nano-SIM + Nano-SIM,IPS LCD,,6.4,720x1560,268,85.5,,Android 9.0 (Pie),,,Octa-core 2.0 GHz Cortex-A53,Mali-G71,2,2,32,32,eMMC 5.1,13.0,2,,No,,No,LED flash,1080p@30fps,8.0,No,,720p@30fps,"Wi-Fi 802.11 a/b/g/n, Wi-Fi Direct",No,4.0,Type-C,Yes,GPS,"Fingerprint (rear-mounted), accelerometer, proximity",4000,,,No,,,90.0,,,,,,,,"Black, Blue, Green",,,,FM radio
Blu,BLU G60,https://www.gsmarena.com/blu_g60-10045.php,https://fdn2.gsmarena.com/vv/bigpic/blu-g60.jpg,GSM / HSPA / LTE,No,"2020, January. Released 2020, January",Discontinued,156.5 x 73.6 x 9.5 mm (6.16 x 2.90 x 0.37 in),170.0,,,Nano-SIM + Nano-SIM,IPS LCD,,6.1,720x1520,276,80.6,,Android 9.0 (Pie),,,Octa-core 1.6 GHz Cortex-A55,IMG8322,3,3,64,64,eMMC 5.1,13.0,2,,No,,No,LED flash,1080p@30fps,13.0,No,,720p@30fps,"Wi-Fi 802.11 b/g/n, Wi-Fi Direct",No,4.1,Micro-USB,Yes,GPS,"Fingerprint (rear-mounted), accelerometer, proximity",4000,,,No,,,90.0,,,,,,,,"Black, Blue, Red",,,,FM radio
Blu,BLU View 1,https://www.gsmarena.com/blu_view_1-9994.php,https://fdn2.gsmarena.com/vv/bigpic/blu-view1.jpg,GSM / HSPA / LTE,No,"2019, November. Released 2019, November",Discontinued,142.2 x 71.1 x 10.1 mm (5.60 x 2.80 x 0.40 in),153.0,,,Nano-SIM + Nano-SIM,IPS LCD,,5.5,480x960,195,77.2,,Android 9.0 (Pie),Mediatek MT6739 (28 nm),28,Quad-core 1.5 GHz Cortex-A53,PowerVR GE8100,2,2,16,16,eMMC 5.1,8.0,1,,No,,No,LED flash,1080p@30fps,5.0,No,,720p@30fps,"Wi-Fi 802.11 b/g/n, Wi-Fi Direct",No,4.1,Micro-USB,Yes,GPS,"Accelerometer, proximity",2500,,,No,,,,,,,,,,,Black,,,,FM radio
Blu,BLU C5 Plus,https://www.gsmarena.com/blu_c5_plus-9968.php,https://fdn2.gsmarena.com/vv/bigpic/blu-c5-plus.jpg,GSM / HSPA,No,"2019, October. Released 2019, October",Discontinued,151 x 72.3 x 10 mm (5.94 x 2.85 x 0.39 in),158.0,,,Nano-SIM + Nano-SIM,IPS LCD,,5.5,720x1440,292,70.9,,Android 8.1 Oreo (Go edition),,,Quad-core 1.3 GHz Cortex-A7,Mali-400,1,1,16,16,,8.0,1,,No,,No,LED flash,720p@30fps,8.0,No,,720p@30fps,"Wi-Fi 802.11 b/g/n, Wi-Fi Direct",No,4.1,Micro-USB,Yes,GPS,Accelerometer,2200,,,No,,,50.0,,,,,,,,"Gradient Blue, Black, Red",,,,FM radio
Blu,BLU C5 2019,https://www.gsmarena.com/blu_c5_2019-9967.php,https://fdn2.gsmarena.com/vv/bigpic/blu-c5-2019.jpg,GSM / HSPA,No,"2019, October. Released 2019, October",Discontinued,144 x 73.1 x 10.3 mm (5.67 x 2.88 x 0.41 in),146.0,,,Nano-SIM + Nano-SIM,IPS LCD,,5.0,480x854,196,65.4,,Android 8.1 Oreo (Go edition),,,Quad-core 1.3 GHz Cortex-A7,Mali-400,1,1,16,16,,5.0,1,,No,,No,LED flash,720p@30fps,5.0,No,,720p@30fps,"Wi-Fi 802.11 b/g/n, Wi-Fi Direct",No,4.1,Micro-USB,Yes,GPS,Accelerometer,2000,,,No,,,50.0,,,,,,,,"Gradient Blue, Black, Red, Grey",,,,FM radio
Blu,BLU C6 2019,https://www.gsmarena.com/blu_c6_2019-9930.php,https://fdn2.gsmarena.com/vv/bigpic/blu-c6-2019-2.jpg,GSM / HSPA,No,"2019, October. Released 2019, October",Discontinued,159.6 x 76.6 x 9.1 mm (6.28 x 3.02 x 0.36 in),185.0,,,Nano-SIM + Nano-SIM,IPS LCD,,6.0,720x1440,268,76.0,,Android 8.1 Oreo (Go edition),Mediatek MT6580 (28 nm),28,Quad-core 1.3 GHz Cortex-A7,Mali-400,1,1,16,16,,8.0,1,,No,1/5.0,No,LED flash,720p@30fps,8.0,No,LED flash,720p@30fps,"Wi-Fi 802.11 b/g/n, Wi-Fi Direct",No,4.1,Micro-USB,Yes,GPS,"Fingerprint (rear-mounted), accelerometer, proximity",2800,,,No,,,60.0,,,,,,,,"Gradient Blue, Black, Red",,,,FM radio
Blu,BLU Advance L5,https://www.gsmarena.com/blu_advance_l5-9929.php,https://fdn2.gsmarena.com/vv/bigpic/blu-advance-l5.jpg,GSM / HSPA,No,"2019, September. Released 2019, September",Discontinued,124.8 x 65.2 x 10.4 mm (4.91 x 2.57 x 0.41 in),104.0,,,"Dual SIM (Micro-SIM, dual stand-by)",IPS LCD,,4.0,480x800,233,56.0,,Android 8.1 Oreo (Go edition),,,Quad-core 1.3 GHz Cortex-A7,,,,16,16,,5.0,1,,No,,No,LED flash,720p@30fps,2.0,No,,,"Wi-Fi 802.11 b/g/n, Wi-Fi Direct",No,4.1,Micro-USB,Yes,GPS,Accelerometer,1300,,,No,,,40.0,,,,,,,,"Black, Cyan, Lime, Red",,,,FM radio
Blu,BLU Bold N1,https://www.gsmarena.com/blu_bold_n1-9855.php,https://fdn2.gsmarena.com/vv/bigpic/blu-bold-n1.jpg,GSM / HSPA / LTE,No,"2019, September. Released 2019, September",Discontinued,158.7 x 74.1 x 8.6 mm (6.25 x 2.92 x 0.34 in),182.0,,,Nano-SIM + Nano-SIM,AMOLED,,6.4,1080x2340,403,85.5,Gorilla Glass 5,"Android 9.0 (Pie), planned upgrade to Android 10",Mediatek MT6771V Helio P70 (12 nm),12,Octa-core (4x2.1 GHz Cortex-A73 & 4x2.1 GHz Cortex-A53),Mali-G72 MP3,4,4,128,128,eMMC 5.1,16.0,2,1.8,No,1/2.8,No,"LED flash, HDR, panorama",1080p@30fps,13.0,No,,1080p@30fps,"Wi-Fi 802.11 a/b/g/n, Wi-Fi Direct",No,4.1,Type-C,Yes,GPS,"Fingerprint (under display, optical), accelerometer, gyro, proximity, compass",3500,18,10,No,,,180.0,,,,,,,,Raven Black,,,,FM radio
Blu,BLU Studio Mini,https://www.gsmarena.com/blu_studio_mini-9877.php,https://fdn2.gsmarena.com/vv/bigpic/blu-studio-mini.jpg,GSM / HSPA / LTE,No,"2019, September. Released 2019, September",Discontinued,150.5 x 71.5 x 10.4 mm (5.93 x 2.81 x 0.41 in),187.0,,,Nano-SIM + Nano-SIM,IPS LCD,,5.5,720x1440,293,72.5,,Android 9.0 (Pie),,,Octa-core 1.6 GHz Cortex-A55,IMG8322,2,2,32,32,,13.0,1,,No,,No,LED flash,1080p@30fps,8.0,No,LED flash,1080p@30fps,"Wi-Fi 802.11 b/g/n, Wi-Fi Direct",No,4.1,Micro-USB,Yes,GPS,"Accelerometer, proximity",3000,,,No,,,70.0,,,,,,,,Black,,,,FM radio
Blu,BLU Vivo XL5,https://www.gsmarena.com/blu_vivo_xl5-9854.php,https://fdn2.gsmarena.com/vv/bigpic/vivo-xl5-.jpg,GSM / HSPA / LTE,No,"2019, July. Released 2019, July",Discontinued,161.4 x 78 x 9.6 mm (6.35 x 3.07 x 0.38 in),181.0,,,Nano-SIM + Nano-SIM,IPS LCD,,6.3,720x1520,267,78.7,,Android 9.0 (Pie),,,Octa-core 1.6 GHz Cortex-A55,IMG8322,3,3,64,64,,13.0,2,,No,,No,LED flash,1080p@30fps,13.0,No,LED flash,1080p@30fps,"Wi-Fi 802.11 b/g/n, Wi-Fi Direct",No,4.1,Micro-USB,Yes,GPS,"Fingerprint (rear-mounted), accelerometer, proximity",4000,,,No,,,,,,,,,,,Black,,,,FM radio
Blu,BLU Vivo X5,https://www.gsmarena.com/blu_vivo_x5-9853.php,https://fdn2.gsmarena.com/vv/bigpic/vivo-x5.jpg,GSM / HSPA / LTE,No,"2019, September. Released 2019, September",Discontinued,153 x 73.4 x 9.1 mm (6.02 x 2.89 x 0.36 in),160.0,,,Nano-SIM + Nano-SIM,IPS LCD,,5.7,720x1440,282,74.7,,Android 9.0 (Pie),,,Octa-core 1.6 GHz Cortex-A55,IMG8322,3,3,64,64,,13.0,1,,No,,No,LED flash,1080p@30fps,8.0,No,LED flash,1080p@30fps,"Wi-Fi 802.11 b/g/n, Wi-Fi Direct",No,4.1,Micro-USB,Yes,GPS,"Fingerprint (rear-mounted), accelerometer, proximity",2800,,,No,,,,,,,,,,,Black,,,,FM radio
Blu,BLU G9 Pro,https://www.gsmarena.com/blu_g9_pro-9811.php,https://fdn2.gsmarena.com/vv/bigpic/blu-g9-pro-.jpg,GSM / HSPA / LTE,No,"2019, August. Released 2019, August",Discontinued,157 x 75.1 x 8.6 mm (6.18 x 2.96 x 0.34 in),183.0,,,Nano-SIM + Nano-SIM,IPS LCD,,6.3,1080x2340,409,82.6,,"Android 9.0 (Pie), planned upgrade to Android 10",Mediatek MT6771 Helio P60 (12 nm),12,Octa-core (4x2.0 GHz Cortex-A73 & 4x2.0 GHz Cortex-A53),Mali-G72 MP3,4,4,128,128,eMMC 5.1,48.0,3,1.8,No,1/2.0,No,"LED flash, HDR, panorama",1080p@30fps,16.0,No,,1080p@30fps,"Wi-Fi 802.11 a/b/g/n, Wi-Fi Direct",No,4.1,Type-C,Yes,GPS,"Fingerprint (rear-mounted), accelerometer, gyro, proximity, compass",4000,18,10,No,,,,,,,,,,,"Nightfall, Black",,,,FM radio
Blu,BLU Studio Mega 2019,https://www.gsmarena.com/blu_studio_mega_2019-9876.php,https://fdn2.gsmarena.com/vv/bigpic/blu-studio-mega-2019.jpg,GSM / HSPA / LTE,No,"2019, September. Released 2019, September",Discontinued,161.4 x 78 x 9.6 mm (6.35 x 3.07 x 0.38 in),181.0,,,Nano-SIM + Nano-SIM,IPS LCD,,6.0,720x1440,268,73.8,,Android 9.0 (Pie),,,Octa-core 1.6 GHz Cortex-A55,IMG8322,2,2,32,32,,13.0,1,,No,,No,LED flash,1080p@30fps,8.0,No,LED flash,1080p@30fps,"Wi-Fi 802.11 b/g/n, Wi-Fi Direct",No,4.1,Micro-USB,Yes,GPS,"Accelerometer, proximity",3000,,,No,,,80.0,,,,,,,,Black,,,,FM radio
Blu,BLU G8,https://www.gsmarena.com/blu_g8-9778.php,https://fdn2.gsmarena.com/vv/bigpic/bly-g8.jpg,GSM / HSPA / LTE,No,"2019, July. Released 2019, July",Discontinued,161.4 x 78 x 9.6 mm (6.35 x 3.07 x 0.38 in),181.0,,,Nano-SIM + Nano-SIM,IPS LCD,,6.3,720x1520,267,78.7,,Android 9.0 (Pie),,,Octa-core 1.6 GHz Cortex-A55,IMG8322,3,3,64,64,,13.0,2,,No,,No,LED flash,1080p@30fps,13.0,No,,1080p@30fps,"Wi-Fi 802.11 b/g/n, Wi-Fi Direct",No,4.1,Micro-USB,Yes,GPS,"Fingerprint (rear-mounted), accelerometer, proximity",4000,,,No,,,,,,,,,,,"Black, Red, Blue",,,,FM radio
Blu,BLU G6,https://www.gsmarena.com/blu_g6-9777.php,https://fdn2.gsmarena.com/vv/bigpic/bly-g6.jpg,GSM / HSPA / LTE,No,"2019, July. Released 2019, July",Discontinued,153 x 73.4 x 9.1 mm (6.02 x 2.89 x 0.36 in),160.0,,,Nano-SIM + Nano-SIM,IPS LCD,,5.7,720x1440,282,74.7,,Android 9.0 (Pie),,,Octa-core 1.6 GHz Cortex-A55,IMG8322,3,3,64,64,,13.0,1,,No,,No,LED flash,1080p@30fps,8.0,No,LED flash,1080p@30fps,"Wi-Fi 802.11 b/g/n, Wi-Fi Direct",No,4.1,Micro-USB,Yes,GPS,"Fingerprint (rear-mounted), accelerometer, proximity",2800,,,No,,,,,,,,,,,"Black, Red",,,,FM radio
Blu,BLU G5 Plus,https://www.gsmarena.com/blu_g5_plus-9776.php,https://fdn2.gsmarena.com/vv/bigpic/bly-g5p.jpg,GSM / HSPA / LTE,No,"2019, July. Released 2019, July",Discontinued,161.4 x 78 x 9.6 mm (6.35 x 3.07 x 0.38 in),181.0,,,Nano-SIM + Nano-SIM,IPS LCD,,6.0,720x1440,268,73.8,,Android 9.0 (Pie),,,Octa-core 1.6 GHz Cortex-A55,IMG8322,2,2,32,32,,13.0,1,,No,,No,LED flash,1080p@30fps,8.0,No,LED flash,1080p@30fps,"Wi-Fi 802.11 b/g/n, Wi-Fi Direct",No,4.1,Micro-USB,Yes,GPS,"Accelerometer, proximity",3000,,,No,,,,,,,,,,,"Black, Red, Twilight, Chameleon Blue",,,,FM radio
Blu,BLU G5,https://www.gsmarena.com/blu_g5-9775.php,https://fdn2.gsmarena.com/vv/bigpic/bly-g5.jpg,GSM / HSPA / LTE,No,"2019, July. Released 2019, July",Discontinued,150.5 x 71.5 x 10.4 mm (5.93 x 2.81 x 0.41 in),187.0,,,Nano-SIM + Nano-SIM,IPS LCD,,5.5,720x1440,293,72.5,,Android 9.0 (Pie),,,Octa-core 1.6 GHz Cortex-A55,IMG8322,2,2,32,32,,13.0,1,,No,,No,LED flash,1080p@30fps,8.0,No,LED flash,1080p@30fps,"Wi-Fi 802.11 b/g/n, Wi-Fi Direct",No,4.1,Micro-USB,Yes,GPS,"Accelerometer, proximity",3000,,,No,,,,,,,,,,,"Black, Blue, Red, Twilight, Chameleon Blue",,,,FM radio
Blu,BLU G9,https://www.gsmarena.com/blu_g9-9718.php,https://fdn2.gsmarena.com/vv/bigpic/blu-g9.jpg,GSM / HSPA / LTE,No,"2019, May. Released 2019, May",Discontinued,155.4 x 71.8 x 8 mm (6.12 x 2.83 x 0.31 in),165.0,,,Nano-SIM + Micro-SIM,IPS LCD,,6.3,720x1520,267,88.8,,Android 9.0 (Pie),Mediatek MT6762 Helio P22 (12 nm),12,Octa-core 2.0 GHz Cortex-A53,PowerVR GE8320,4,4,64,64,eMMC 5.1,13.0,2,2.0,No,1/3.0,No,LED flash,1080p@30fps,13.0,No,,1080p@30fps,"Wi-Fi 802.11 a/b/g/n, Wi-Fi Direct",No,4.0,Type-C,Yes,GPS,"Fingerprint (rear-mounted), accelerometer, gyro, proximity, compass",4000,,,No,,,160.0,,,,,,,,"Black, Blue",,,,FM radio
Blu,BLU C5L,https://www.gsmarena.com/blu_c5l-9597.php,https://fdn2.gsmarena.com/vv/bigpic/blu-c5l.jpg,GSM / HSPA / LTE,No,"2019, February. Released 2019, February",Discontinued,144.3 x 72.5 x 10.3 mm (5.68 x 2.85 x 0.41 in),153.0,,,Nano-SIM + Nano-SIM,IPS LCD,,5.0,480x854,196,65.9,,Android 8.1 Oreo (Go edition),,,Quad-core 1.4 GHz Cortex-A53,Mali-400,1,1,8,8,,5.0,1,,No,,No,LED flash,1080p@30fps,2.0,No,LED flash,720p@30fps,"Wi-Fi 802.11 b/g/n, Wi-Fi Direct",No,4.0,Micro-USB,Yes,GPS,Accelerometer,2000,,,No,,,60.0,,,,,,,,"Black, Blue",,,,FM radio
Blu,BLU Studio X8 HD (2019),https://www.gsmarena.com/blu_studio_x8_hd_(2019)-9565.php,https://fdn2.gsmarena.com/vv/bigpic/blu-studio-x8-hd-3g.jpg,GSM / HSPA,No,"2019, February. Released 2019, February",Discontinued,145.5 x 74.5 x 9.8 mm (5.73 x 2.93 x 0.39 in),143.0,,,"Dual SIM (Mini-SIM, dual stand-by)",IPS LCD,,5.0,720x1280,294,63.6,,Android 8.1 Oreo (Go edition),Mediatek MT6580 (28 nm),28,Quad-core 1.3 GHz Cortex-A7,Mali-400MP2,1,1,8,8,,8.0,1,,No,,No,LED flash,1080p@30fps,5.0,No,,720p@30fps,"Wi-Fi 802.11 b/g/n, Wi-Fi Direct",No,4.0,Micro-USB,Yes,GPS,Accelerometer,2000,,,No,,,,,,,,,,,"Black, White",,,,FM radio
Blu,BLU C6L,https://www.gsmarena.com/blu_c6l-9542.php,https://fdn2.gsmarena.com/vv/bigpic/blu-c6l.jpg,GSM / HSPA / LTE,No,"2019, January. Released 2019, January",Discontinued,154.4 x 78.6 x 10.4 mm (6.08 x 3.09 x 0.41 in),203.0,,,Nano-SIM + Micro-SIM,IPS LCD,,5.5,720x1280,267,68.7,,Android 8.1 Oreo (Go edition),,,Quad-core 1.4 GHz Cortex-A53,Mali-400,1,1,16,16,,8.0,1,,No,,No,LED flash,1080p@30fps,5.0,No,LED flash,720p@30fps,"Wi-Fi 802.11 b/g/n, Wi-Fi Direct",No,4.2,Micro-USB,Yes,GPS,"Accelerometer, proximity",2500,,,No,,,70.0,,,,,,,,"Black, Gold, Blue",,,,FM radio
Blu,BLU Vivo One Plus (2019),https://www.gsmarena.com/blu_vivo_one_plus_(2019)-9518.php,https://fdn2.gsmarena.com/vv/bigpic/blu-vivo-one-plus-2019.jpg,GSM / HSPA / LTE,No,"2019, January. Released 2019, January",Discontinued,156.7 x 75.2 x 8.3 mm (6.17 x 2.96 x 0.33 in),178.0,,,Nano-SIM + Nano-SIM,IPS LCD,,6.2,720x1500,268,82.1,,Android 8.1 (Oreo),Mediatek MT6739 (28 nm),28,Quad-core 1.3 GHz Cortex-A53,PowerVR GE8100,2,2,16,16,eMMC 5.1,13.0,2,2.2,No,1/4.0,No,LED flash,1080p@30fps,8.0,No,LED flash,,"Wi-Fi 802.11 b/g/n, Wi-Fi Direct",No,4.0,Micro-USB,Yes,GPS,"Fingerprint (rear-mounted), accelerometer, proximity",3000,,,No,,,110.0,,,,,,,,Silver,,,,FM radio
Blu,BLU Vivo Go,https://www.gsmarena.com/blu_vivo_go-9482.php,https://fdn2.gsmarena.com/vv/bigpic/blu-vivo-go.jpg,GSM / HSPA / LTE,No,"2018, December. Released 2018, December",Discontinued,156.7 x 75.2 x 8.4 mm (6.17 x 2.96 x 0.33 in),155.0,,,Nano-SIM + Nano-SIM,IPS LCD,,6.0,720x1440,268,78.8,,Android 9.0 Pie (Go edition),Mediatek MT6739 (28 nm),28,Quad-core 1.5 GHz Cortex-A53,PowerVR GE8100,1,1,16,16,eMMC 5.1,8.0,2,,No,,No,LED flash,1080p@30fps,5.0,No,LED flash,720p@30fps,"Wi-Fi 802.11 b/g/n, Wi-Fi Direct",No,4.1,Micro-USB,Yes,GPS,"Fingerprint (rear-mounted), accelerometer, proximity",2600,,,No,,,70.0,,,,,,,,Black,,,,FM radio
Blu,BLU Vivo XL4,https://www.gsmarena.com/blu_vivo_xl4-9470.php,https://fdn2.gsmarena.com/vv/bigpic/blu-vivo-xl4.jpg,GSM / HSPA / LTE,No,"2018, December. Released 2018, December",Discontinued,157.2 x 76.2 x 8 mm (6.19 x 3.00 x 0.31 in),178.0,,,Nano-SIM + Micro-SIM,IPS LCD,,6.2,720x1520,271,80.1,,Android 8.1 (Oreo),Mediatek MT6762 Helio P22 (12 nm),12,Octa-core 2.0 GHz Cortex-A53,PowerVR GE8320,3,3,32,32,eMMC 5.1,13.0,2,2.0,No,1/3.0,No,LED flash,1080p@30fps,13.0,No,LED flash,1080p@30fps,"Wi-Fi 802.11 а/b/g/n, Wi-Fi Direct",No,4.0,Micro-USB,Yes,GPS,"Fingerprint (rear-mounted), accelerometer, proximity, compass",4000,,,No,,,130.0,,,,,,,,"Black, Gold",,,,FM radio
Blu,BLU Studio Mega (2018),https://www.gsmarena.com/blu_studio_mega_(2018)-9360.php,https://fdn2.gsmarena.com/vv/bigpic/blu-studio-mega-2018-.jpg,GSM / HSPA,No,"2018, October. Released 2018, October",Discontinued,156.7 x 75.2 x 8.4 mm (6.17 x 2.96 x 0.33 in),155.0,,,Nano-SIM + Nano-SIM,IPS LCD,,6.0,720x1440,268,78.8,,Android 8.1 Oreo (Go edition),Mediatek MT6580 (28 nm),28,Quad-core 1.3 GHz Cortex-A7,Mali-400MP2,1,1,16,16,,13.0,2,,No,,No,LED flash,1080p@30fps,8.0,No,LED flash,,"Wi-Fi 802.11 b/g/n, Wi-Fi Direct",No,4.0,Micro-USB,Yes,GPS,"Accelerometer, proximity",2600,,,No,,,90.0,,,,,,,,"Black, Blue, Silver",,,,FM radio
Blu,BLU Grand M2 (2018),https://www.gsmarena.com/blu_grand_m2_(2018)-9359.php,https://fdn2.gsmarena.com/vv/bigpic/blu-grand-m2.jpg,GSM / HSPA,No,"2018, October. Released 2018, October",Discontinued,144.9 x 72.1 x 9.4 mm (5.70 x 2.84 x 0.37 in),160.0,,,Nano-SIM + Nano-SIM,IPS LCD,,5.2,720x1280,282,71.4,,Android 8.1 Oreo (Go edition),Mediatek MT6580 (28 nm),28,Quad-core 1.3 GHz Cortex-A7,Mali-400MP2,1,1,8,16,,8.0,1,,No,,No,LED flash,1080p@30fps,5.0,No,LED flash,,Wi-Fi 802.11 b/g/n,No,4.0,Micro-USB,Yes,GPS,Accelerometer,2600,,,No,,,,,,,,,,,"Black, Blue, Gold",,,,FM radio
Blu,BLU Advance L4,https://www.gsmarena.com/blu_advance_l4-9325.php,https://fdn2.gsmarena.com/vv/bigpic/blu-al4.jpg,GSM / HSPA,No,"2018, September. Released 2018, September",Discontinued,124.3 x 65.2 x 10.4 mm (4.89 x 2.57 x 0.41 in),104.0,,,"Dual SIM (Micro-SIM, dual stand-by)",IPS LCD,,4.0,480x800,233,56.2,,Android 8.1 Oreo (Go edition),,,Quad-core 1.3 GHz Cortex-A7,Mali-400,,,8,8,,5.0,1,,No,,No,LED flash,720@30fps,2.0,No,LED flash,480p,Wi-Fi 802.11 b/g/n,No,2.1,Micro-USB,Yes,GPS,Accelerometer,1300,,,No,,,40.0,,,,,,,,"Black, Cyan, White, Teal",,,,FM radio
Blu,BLU Vivo XI,https://www.gsmarena.com/blu_vivo_xi-9314.php,https://fdn2.gsmarena.com/vv/bigpic/blu-vivo-xi.jpg,GSM / HSPA / LTE,No,"2018, September. Released 2018, September",Discontinued,149 x 72.9 x 7.9 mm (5.87 x 2.87 x 0.31 in),187.0,,,Nano-SIM + Micro-SIM,IPS LCD,,5.9,720x1520,285,80.0,,"Android 8.1 (Oreo), upgradable to Android 9.0 (Pie)",Mediatek MT6762 Helio P22 (12 nm),12,Octa-core 2.0 GHz Cortex-A53,PowerVR GE8320,3,3,32,32,eMMC 5.1,16.0,2,2.0,No,1/3.0,No,"LED flash, HDR",1080p@30fps,16.0,No,LED flash,720p@30fps,"Wi-Fi 802.11 a/b/g/n, Wi-Fi Direct",No,4.1,Micro-USB,Yes,GPS,"Fingerprint (rear-mounted), accelerometer, gyro, proximity, compass",3000,,,No,,,170.0,,,,,,,,"Black, Silver",,,,FM radio
Blu,BLU Vivo XI+,https://www.gsmarena.com/blu_vivo_xi+-9307.php,https://fdn2.gsmarena.com/vv/bigpic/blu-vivo-xl-plus.jpg,GSM / HSPA / LTE,No,"2018, August. Released 2018, August",Discontinued,155 x 75.5 x 7.8 mm (6.10 x 2.97 x 0.31 in),199.0,,,Nano-SIM + Micro-SIM,IPS LCD,,6.2,1080x2246,402,82.8,Gorilla Glass 3,"Android 8.1 (Oreo), upgradable to Android 9.0 (Pie)",Mediatek MT6771 Helio P60 (12 nm),12,Octa-core (4x2.0 GHz Cortex-A73 & 4x2.0 GHz Cortex-A53),Mali-G72 MP3,4,6,64,128,eMMC 5.1,16.0,2,2.0,No,1/3.0,No,"LED flash, HDR",1080p@30fps,16.0,No,LED flash,720p@30fps,"Wi-Fi 802.11 a/b/g/n, Wi-Fi Direct",No,4.1,Type-C,No,GPS,"Iris scanner, fingerprint (rear-mounted), accelerometer, gyro, proximity, compass",3050,,,No,,,290.0,,,,,,,,"Black, Silver",XI,,,FM radio
Blu,BLU C5,https://www.gsmarena.com/blu_c5-9302.php,https://fdn2.gsmarena.com/vv/bigpic/blu-c5.jpg,GSM / HSPA,No,"2018, August. Released 2018, August",Discontinued,144.3 x 72.5 x 10.3 mm (5.68 x 2.85 x 0.41 in),145.0,,,Dual SIM (Micro-SIM),IPS LCD,,5.0,480x854,196,65.9,,Android 8.1 Oreo (Go edition),,,Quad-core 1.3 GHz Cortex-A7,Mali-400,1,1,8,8,,5.0,1,,No,,No,LED flash,720p@30fps,5.0,No,LED flash,,Wi-Fi 802.11 b/g/n,No,2.1,Micro-USB,Yes,GPS,"Accelerometer, proximity",2000,,,No,,,50.0,,,,,,,,"Black, Gold, Blue",C5,,,FM radio
Blu,BLU C4,https://www.gsmarena.com/blu_c4-9301.php,https://fdn2.gsmarena.com/vv/bigpic/blu-c4.jpg,GSM / HSPA,No,"2018, August. Released 2018, August",Discontinued,124.3 x 64.2 x 10.9 mm (4.89 x 2.53 x 0.43 in),118.0,,,Dual SIM (Micro-SIM),IPS LCD,,4.0,480x800,233,57.1,,Android 8.1 Oreo (Go edition),,,Quad-core 1.3 GHz,Mali-400,,,8,8,,5.0,1,,No,,No,LED flash,720p@30fps,5.0,No,,,Wi-Fi 802.11 b/g/n,No,2.1,Micro-USB,Yes,GPS,Accelerometer,1300,,,No,,,40.0,,,,,,,,"Black, Gold, Blue",,,,FM radio
Blu,BLU Studio G4,https://www.gsmarena.com/blu_studio_g4-9277.php,https://fdn2.gsmarena.com/vv/bigpic/blu-studio-g4.jpg,GSM / HSPA,No,"2018, July. Released 2018, July",Discontinued,141.5 x 73.5 x 8.5 mm (5.57 x 2.89 x 0.33 in),126.0,,,Nano-SIM + Nano-SIM,IPS LCD,,5.2,720x1280,282,71.7,,Android 8.1 Oreo (Go edition),Mediatek MT6580 (28 nm),28,Quad-core 1.3 GHz Cortex-A7,Mali-400,1,1,16,16,,8.0,1,,No,1/5.0,No,LED flash,1080p@30fps,5.0,No,LED flash,,Wi-Fi 802.11 b/g/n,No,4.0,Micro-USB,Yes,GPS,"Accelerometer, proximity",2000,,,No,,,70.0,,,,,,,,"Black, Gold, Blue",,,,FM radio
Blu,BLU C6,https://www.gsmarena.com/blu_c6-9254.php,https://fdn2.gsmarena.com/vv/bigpic/blu-c6.jpg,GSM / HSPA,No,"2018, June. Released 2018, June",Discontinued,152.2 x 77.6 x 9.4 mm (5.99 x 3.06 x 0.37 in),167.0,,,Nano-SIM + Nano-SIM,IPS LCD,,5.5,720x1280,267,70.6,,Android 8.1 Oreo (Go edition),Mediatek MT6580 (28 nm),28,Quad-core 1.3 GHz Cortex-A7,Mali-400,1,1,16,16,,8.0,1,,No,1/5.0,No,LED flash,1080p@30fps,5.0,No,LED flash,,Wi-Fi 802.11 b/g/n,No,4.0,Micro-USB,Yes,GPS,"Accelerometer, proximity",2500,,,No,,,80.0,,,,,,,,"Black, Gold, Gray, Blue",,,,FM radio
Blu,BLU Grand M3,https://www.gsmarena.com/blu_grand_m3-9253.php,https://fdn2.gsmarena.com/vv/bigpic/blu-grand-m3.jpg,GSM / HSPA / LTE,No,"2018, June. Released 2018, June",Discontinued,149.1 x 70.5 x 9.8 mm (5.87 x 2.78 x 0.39 in),154.0,,,Nano-SIM + Micro-SIM,IPS LCD,,5.34,480x960,201,70.0,,Android 8.1 Oreo (Go edition),Mediatek MT6739 (28 nm),28,Quad-core 1.3 GHz Cortex-A53,PowerVR GE8100,1,1,16,16,eMMC 5.1,8.0,1,,No,1/5.0,No,LED flash,1080p@30fps,5.0,No,LED flash,,Wi-Fi 802.11 b/g/n,No,4.0,Micro-USB,Yes,GPS,"Fingerprint (rear-mounted), accelerometer, proximity",2500,,,No,,,100.0,,,,,,,,"Black, Gold",,,,FM radio
Blu,BLU Pure View,https://www.gsmarena.com/blu_pure_view-9223.php,https://fdn2.gsmarena.com/vv/bigpic/blu-pure-view.jpg,GSM / HSPA / LTE,No,"2018, February. Released 2018, February",Discontinued,152.4 x 71.7 x 8.1 mm (6.00 x 2.82 x 0.32 in),184.0,,,Nano-SIM + Nano-SIM,IPS LCD,,5.7,720x1440,282,76.7,Gorilla Glass 3,Android 7.0 (Nougat),Mediatek MT6753 (28 nm),28,Octa-core 1.3 GHz Cortex-A53,Mali-T720MP3,3,3,32,32,,13.0,1,,No,1/3.1,No,"LED flash, panorama, HDR",1080p@30fps,8.0,No,LED flash,,Wi-Fi 802.11 a/b/g/n,No,4.0,Micro-USB,Yes,GPS,"Fingerprint (rear-mounted), accelerometer, proximity, compass",3000,,,No,,,120.0,,,,,,,,Black,,,,FM radio
Blu,BLU Studio View,https://www.gsmarena.com/blu_studio_view-9184.php,https://fdn2.gsmarena.com/vv/bigpic/blu-studio-view.jpg,GSM / HSPA,No,"2018, January. Released 2018, January",Discontinued,151 x 71 x 9 mm (5.94 x 2.80 x 0.35 in),159.0,Glass,,Nano-SIM + Micro-SIM,IPS LCD,,5.5,640x1280,260,72.8,,Android 7.0 (Nougat),Mediatek MT6580 (28 nm),28,Quad-core 1.3 GHz Cortex-A7,Mali-400MP2,1,1,8,8,,8.0,1,,No,,No,LED flash,720p@30fps,5.0,No,LED flash,,Wi-Fi 802.11 b/g/n,No,4.0,Micro-USB,Yes,GPS,"Fingerprint (rear-mounted), accelerometer, proximity",2850,,,No,,,90.0,,,,,,,,"Black, Gold, Rose Gold, Silver",,,,FM radio
Blu,BLU Vivo XL3,https://www.gsmarena.com/blu_vivo_xl3-9165.php,https://fdn2.gsmarena.com/vv/bigpic/blu-vivo-xl3-.jpg,GSM / HSPA / LTE,No,"2018, February. Released 2018, February",Discontinued,147.7 x 70.7 x 8 mm (5.81 x 2.78 x 0.31 in),143.0,,,Nano-SIM + Micro-SIM,IPS LCD,,5.5,720x1440,293,74.8,,Android 8.0 (Oreo),Mediatek MT6737 (28 nm),28,Quad-core 1.3 GHz Cortex-A53,Mali-T720MP1,3,3,32,32,eMMC 5.0,13.0,1,,No,,No,"LED flash, panorama, HDR",1080p@30fps,13.0,No,LED flash,,"Wi-Fi 802.11 b/g/n, Wi-Fi Direct",No,4.0,Micro-USB,Yes,GPS,"Fingerprint (rear-mounted), accelerometer, proximity, compass",3000,,,No,,,160.0,,,,,,,,"Silver, Gold",,,,FM radio
Blu,BLU Vivo One Plus,https://www.gsmarena.com/blu_vivo_one_plus-9154.php,https://fdn2.gsmarena.com/vv/bigpic/blu-vivo-one-plus.jpg,GSM / HSPA / LTE,No,"2018, April. Released 2018, April",Discontinued,164.8 x 76.7 x 8.6 mm (6.49 x 3.02 x 0.34 in),173.0,,,Nano-SIM + Micro-SIM,IPS LCD,,6.0,720x1440,268,73.5,,Android 7.1 (Nougat),Mediatek MT6739 (28 nm),28,Quad-core 1.3 GHz Cortex-A53,PowerVR GE8100,2,2,16,16,eMMC 5.1,13.0,1,,No,,No,"Dual-LED dual-tone flash, HDR",1080p@30fps,13.0,No,LED flash,,"Wi-Fi 802.11 b/g/n, Wi-Fi Direct",No,4.0,Micro-USB,Yes,GPS,"Fingerprint (rear-mounted), accelerometer, proximity",4000,,,No,,,160.0,,,,,,,,"Black, Gold, Blue",,,,FM radio
Blu,BLU Dash L4,https://www.gsmarena.com/blu_dash_l4-9146.php,https://fdn2.gsmarena.com/vv/bigpic/blu-dash-l4-3g.jpg,GSM / HSPA,No,"2017, December. Released 2017, December",Discontinued,126.8 x 64.1 x 10.5 mm (4.99 x 2.52 x 0.41 in),119.0,,,Dual SIM (Mini-SIM/Micro-SIM),IPS LCD,,4.0,480x800,233,56.0,,Android 6.0 (Marshmallow),Mediatek MT6570 (28 nm),28,Dual-core 1.3 GHz,Mali-400,,,8,8,,5.0,1,,No,,No,LED flash,720p@30fps,2.0,No,LED flash,,Wi-Fi 802.11 b/g/n,No,4.0,Micro-USB,Yes,GPS,Accelerometer,1700,,,No,,,50.0,,,,,,,,"Black, Gold, Rose Gold, Silver, Red",,,,FM radio
Blu,BLU X Link,https://www.gsmarena.com/blu_x_link-9132.php,https://fdn2.gsmarena.com/vv/bigpic/blu-xlink.jpg,GSM,No,"2018, March. Released 2018, May",Discontinued,45.8 x 54 x 13.9 mm (1.80 x 2.13 x 0.55 in),65.0,Glass,IP54,Mini-SIM,IPS LCD,,1.1,240x240,309,,,Proprietary OS,Mediatek MT2502,,256 MHz,,,,,,,,,,No,,No,,,,No,,,No,No,4.0,No,No,No,"Accelerometer, heart rate",320,,,No,,,50.0,,,,,,,,"Black, Silver, Rose Gold",,,,No
Blu,BLU Vivo XL3 Plus,https://www.gsmarena.com/blu_vivo_xl3_plus-9131.php,https://fdn2.gsmarena.com/vv/bigpic/blu-vivo-xl3.jpg,GSM / HSPA / LTE,No,"2018, March. Released 2018, April",Discontinued,158.1 x 76.5 x 8.2 mm (6.22 x 3.01 x 0.32 in),169.0,,,Nano-SIM + Nano-SIM,IPS LCD,,6.0,720x1440,268,76.8,,Android 7.1.2 (Nougat),Qualcomm MSM8917 Snapdragon 425 (28 nm),28,Quad-core 1.4 GHz Cortex-A53,Adreno 308,3,3,32,32,eMMC 5.1,13.0,1,,No,,No,"LED flash, panorama, HDR",1080p@30fps,16.0,No,LED flash,,"Wi-Fi 802.11 b/g/n, Wi-Fi Direct",No,4.0,Micro-USB,Yes,GPS,"Fingerprint (rear-mounted), accelerometer, proximity, compass",3000,,,No,,,180.0,,,,,,,,Black,,,,FM radio
Blu,BLU Vivo X,https://www.gsmarena.com/blu_vivo_x-9072.php,https://fdn2.gsmarena.com/vv/bigpic/blu-vivo-x.jpg,GSM / HSPA / LTE,No,"2018, February. Released 2018, February",Discontinued,160 x 76.8 x 8.2 mm (6.30 x 3.02 x 0.32 in),188.0,,,Nano-SIM + Micro-SIM,IPS LCD,,6.0,720x1440,268,75.6,Gorilla Glass 3,Android 7.0 (Nougat),Mediatek MT6757 Helio P20 (16 nm),16,Octa-core (4x2.6 GHz Cortex-A53 & 4x1.6 GHz Cortex-A53),Mali-T880MP2,4,4,64,64,,13.0,2,,No,1/3.1,No,"LED flash, HDR",1080p@30fps,20.0,No,LED flash,,"Wi-Fi 802.11 a/b/g/n, Wi-Fi Direct",No,4.0,Micro-USB,Yes,GPS,"Fingerprint (rear-mounted), accelerometer, gyro, proximity, compass",4010,,,No,,,260.0,,,,,,,,Black,,,,FM radio
Blu,BLU Studio J8M LTE,https://www.gsmarena.com/blu_studio_j8m_lte-9064.php,https://fdn2.gsmarena.com/vv/bigpic/blu-sj8m.jpg,GSM / HSPA / LTE,No,"2018, February. Released 2018, February",Discontinued,145 x 72 x 9.4 mm (5.71 x 2.83 x 0.37 in),140.0,,,"Dual SIM (Micro-SIM, dual stand-by)",IPS LCD,,5.0,720x1280,294,66.0,,Android 7.0 (Nougat),Mediatek MT6737 (28 nm),28,Quad-core 1.3 GHz Cortex-A53,Mali-T720,2,2,16,16,eMMC 5.0,8.0,1,,No,,No,"LED flash, HDR",1080p@30fps,5.0,No,LED flash,,"Wi-Fi 802.11 b/g/n, Wi-Fi Direct",No,4.0,Micro-USB,Yes,GPS,"Fingerprint (rear-mounted), accelerometer, proximity",2000,,,No,,,90.0,,,,,,,,"Black, Gold",,,,FM radio
Blu,BLU Vivo One,https://www.gsmarena.com/blu_vivo_one-9063.php,https://fdn2.gsmarena.com/vv/bigpic/blu-vo.jpg,GSM / HSPA / LTE,No,"2018, February. Released 2018, February",Discontinued,148.4 x 70.1 x 9.8 mm (5.84 x 2.76 x 0.39 in),160.0,,,Nano-SIM + Micro-SIM,IPS LCD,,5.5,720x1440,293,75.0,,Android 7.1.1 (Nougat),Mediatek MT6739 (28 nm),28,Quad-core 1.3 GHz Cortex-A53,PowerVR GE8100,2,2,16,16,eMMC 5.1,12.0,1,,No,,No,"Dual-LED dual-tone flash, HDR",1080p@30fps,8.0,No,LED flash,,"Wi-Fi 802.11 b/g/n, Wi-Fi Direct",No,4.0,Micro-USB,Yes,GPS,"Fingerprint (rear-mounted), accelerometer, proximity",3000,,,No,,,120.0,,,,,,,,"Black, Gold, Silver",,,,FM radio
Blu,BLU Studio View XL,https://www.gsmarena.com/blu_studio_view_xl-9007.php,https://fdn2.gsmarena.com/vv/bigpic/blu-sv-xl.jpg,GSM / HSPA,No,"2018, January. Released 2018, January",Discontinued,160.1 x 74.3 x 9.3 mm (6.30 x 2.93 x 0.37 in),174.0,,,"Dual SIM (Micro-SIM, dual stand-by)",IPS LCD,,5.7,720x1440,282,70.5,,Android 7.0 (Nougat),Mediatek MT6580 (28 nm),28,Quad-core 1.3 GHz Cortex-A7,Mali-400MP2,1,1,16,16,,13.0,1,,No,1/4.0,No,"LED flash, HDR",1080p@30fps,5.0,No,LED flash,,"Wi-Fi 802.11 b/g/n, Wi-Fi Direct",No,4.0,Micro-USB,Yes,GPS,"Fingerprint (rear-mounted), accelerometer, proximity",3000,,,No,,,100.0,,,,,,,,"Black, Gold, Rose Gold, Silver",Studio View XL,,,FM radio
Blu,BLU Dash L5 LTE,https://www.gsmarena.com/blu_dash_l5_lte-8965.php,https://fdn2.gsmarena.com/vv/bigpic/blu-dl5-lte.jpg,GSM / HSPA / LTE,No,"2017, November. Released 2017, November",Discontinued,145 x 73.6 x 10.5 mm (5.71 x 2.90 x 0.41 in),148.0,,,Dual SIM (Micro-SIM),IPS LCD,,5.0,480x854,196,64.6,,Android 7.0 (Nougat),Mediatek MT6737 (28 nm),28,Quad-core 1.1 GHz Cortex-A53,Mali-T720,1,1,8,8,eMMC 5.0,5.0,1,,No,,No,LED flash,720p@30fps,5.0,No,LED flash,,Wi-Fi 802.11 b/g/n,No,4.0,Micro-USB,Yes,GPS,"Accelerometer, proximity",2000,,,No,,,,,,,,,,,Black,,,,FM radio
Blu,BLU Dash L4 LTE,https://www.gsmarena.com/blu_dash_l4_lte-8964.php,https://fdn2.gsmarena.com/vv/bigpic/blu-dl4-lte.jpg,GSM / HSPA / LTE,No,"2017, December. Released 2017, December",Discontinued,126.8 x 64.1 x 10.5 mm (4.99 x 2.52 x 0.41 in),123.0,,,Dual SIM (Mini-SIM/Micro-SIM),IPS LCD,,4.0,480x800,233,56.0,,Android 7.0 (Nougat),Mediatek MT6737 (28 nm),28,Quad-core 1.1 GHz Cortex-A53,Mali-T720,1,1,8,8,eMMC 5.0,5.0,1,,No,,No,LED flash,720p@30fps,2.0,No,LED flash,,Wi-Fi 802.11 b/g/n,No,4.0,Micro-USB,Yes,GPS,Accelerometer,1700,,,No,,,,,,,,,,,"Black, Gold",,,,FM radio
Blu,BLU Grand 5.5 HD II,https://www.gsmarena.com/blu_grand_5_5_hd_ii-8952.php,https://fdn2.gsmarena.com/vv/bigpic/blu-g55-hd2.jpg,GSM / HSPA,No,"2017, November. Released 2017, November",Discontinued,155.2 x 78.2 x 8.4 mm (6.11 x 3.08 x 0.33 in),170.0,,,"Dual SIM (Micro-SIM, dual stand-by)",IPS LCD,,5.5,720x1280,267,68.7,,Android 7.0 (Nougat),Mediatek MT6580 (28 nm),28,Quad-core 1.3 GHz Cortex-A7,Mali-400MP2,1,1,16,16,,13.0,1,,No,1/4.0,No,"LED flash, HDR",1080p@30fps,8.0,No,LED flash,,"Wi-Fi 802.11 b/g/n, Wi-Fi Direct",No,4.0,Micro-USB,Yes,GPS,"Accelerometer, proximity",2800,,,No,,,,,,,,,,,"Black, Gold, Rose Gold",,,,FM radio
Blu,BLU Life One X3,https://www.gsmarena.com/blu_life_one_x3-8946.php,https://fdn2.gsmarena.com/vv/bigpic/blu-l1x3.jpg,GSM / HSPA / LTE,No,"2017, November. Released 2017, November",Discontinued,154 x 75.3 x 8.9 mm (6.06 x 2.96 x 0.35 in),182.0,,,Nano-SIM + Nano-SIM,IPS LCD,,5.5,1080x1920,401,71.9,,Android 7.0 (Nougat),Mediatek MT6753 (28 nm),28,Octa-core 1.3 GHz,Mali-T720,3,3,32,32,,13.0,1,,No,1/3.1,No,"LED flash, HDR",1080p@30fps,13.0,No,LED flash,,"Wi-Fi 802.11 b/g/n, Wi-Fi Direct",No,4.0,Micro-USB,Yes,GPS,"Fingerprint (rear-mounted), accelerometer, proximity",5000,,,No,,,,,,,,,,,Black,,,,FM radio
Blu,BLU R2 Plus,https://www.gsmarena.com/blu_r2_plus-8945.php,https://fdn2.gsmarena.com/vv/bigpic/blu-r2p.jpg,GSM / HSPA / LTE,No,"2017, November. Released 2017, November",Discontinued,155.7 x 77 x 9.2 mm (6.13 x 3.03 x 0.36 in),167.0,,,Dual SIM (Micro-SIM),IPS LCD,,5.5,1080x1920,401,69.6,,Android 7.0 (Nougat),Mediatek MT6753 (28 nm),28,Octa-core 1.3 GHz,Mali-T720,3,3,32,32,,13.0,1,2.0,No,1/3.1,No,"Dual-LED dual-tone flash, HDR",1080p@30fps,13.0,No,dual-LED dual-tone flash,,Wi-Fi 802.11 b/g/n,No,4.0,Micro-USB,Yes,GPS,"Fingerprint (rear-mounted), accelerometer, proximity, compass",3000,,,No,,,,,,,,,,,"Black, Gold",,,,FM radio
Blu,BLU Studio G3,https://www.gsmarena.com/blu_studio_g3-8924.php,https://fdn2.gsmarena.com/vv/bigpic/blu-sg3.jpg,GSM / HSPA,No,"2017, October. Released 2017, October",Discontinued,149.2 x 74.3 x 9.9 mm (5.87 x 2.93 x 0.39 in),161.0,,,"Dual SIM (Micro-SIM, dual stand-by)",IPS LCD,,5.2,480x854,188,67.2,,Android 7.0 (Nougat),Mediatek MT6580 (28 nm),28,Quad-core 1.3 GHz Cortex-A7,Mali-400MP2,1,1,8,8,,5.0,1,,No,,No,LED flash,1080p@30fps,5.0,No,LED flash,,"Wi-Fi 802.11 b/g/n, Wi-Fi Direct",No,4.0,Micro-USB,Yes,GPS,"Accelerometer, proximity",2050,,,No,,,,,,,,,,,"Black, Gold, Silver",,,,FM radio
Blu,BLU Grand M2 LTE,https://www.gsmarena.com/blu_grand_m2_lte-8925.php,https://fdn2.gsmarena.com/vv/bigpic/blu-gm2.jpg,GSM / HSPA / LTE,No,"2017, October. Released 2017, October",Discontinued,144.9 x 72.1 x 9.4 mm (5.70 x 2.84 x 0.37 in),160.0,,,Nano-SIM + Nano-SIM,IPS LCD,,5.2,480x854,188,71.3,,Android 7.0 (Nougat),Mediatek MT6737 (28 nm),28,Quad-core 1.1 GHz Cortex-A53,Mali-T720,1,1,8,8,eMMC 5.0,5.0,1,,No,,No,LED flash,1080p@30fps,5.0,No,LED flash,,Wi-Fi 802.11 b/g/n,No,4.0,Micro-USB,Yes,GPS,Accelerometer,2600,,,No,,,,,,,,,,,"Black, Gold, Silver, Rose Gold",,,,FM radio
Blu,BLU C5 LTE,https://www.gsmarena.com/blu_c5_lte-8926.php,https://fdn2.gsmarena.com/vv/bigpic/blu-c5lte.jpg,GSM / HSPA / LTE,No,"2017, November. Released 2017, November",Discontinued,144.4 x 73.2 x 10 mm (5.69 x 2.88 x 0.39 in),176.0,,,Dual SIM (Micro-SIM),IPS LCD,,5.0,480x854,196,65.2,,Android 6.0 (Marshmallow),Mediatek MT6737 (28 nm),28,Quad-core 1.1 GHz Cortex-A53,Mali-T720,1,1,8,8,eMMC 5.0,5.0,1,,No,,No,LED flash,720p@30fps,3.15,No,LED flash,,Wi-Fi 802.11 b/g/n,No,4.0,Micro-USB,Yes,GPS,Proximity,2000,,,No,,,,,,,,,,,"Black, Gold",,,,FM radio
Blu,BLU Grand M2,https://www.gsmarena.com/blu_grand_m2-8906.php,https://fdn2.gsmarena.com/vv/bigpic/blu-grand-m2.jpg,GSM / HSPA,No,"2017, October. Released 2017, October",Discontinued,144.9 x 72.1 x 9.4 mm (5.70 x 2.84 x 0.37 in),160.0,,,Nano-SIM + Nano-SIM,IPS LCD,,5.2,480x854,188,71.3,,Android 7.0 (Nougat),Mediatek MT6580 (28 nm),28,Quad-core 1.3 GHz Cortex-A7,Mali-400MP2,1,1,8,8,,5.0,1,,No,,No,LED flash,1080p@30fps,5.0,No,LED flash,,Wi-Fi 802.11 b/g/n,No,4.0,Micro-USB,Yes,GPS,Accelerometer,2600,,,No,,,,,,,,,,,"Black, Gold, Silver, Red, Rose Gold",,,,FM radio
Blu,BLU C5 (2017),https://www.gsmarena.com/blu_c5_(2017)-8905.php,https://fdn2.gsmarena.com/vv/bigpic/blu-c5-3g.jpg,GSM / HSPA,No,"2017, October. Released 2017, October",Discontinued,144.4 x 73.2 x 10 mm (5.69 x 2.88 x 0.39 in),172.0,,,Dual SIM (Micro-SIM),IPS LCD,,5.0,480x854,196,65.2,,Android 6.0 (Marshmallow),Mediatek MT6570 (28 nm),28,Dual-core 1.3 GHz Cortex-A7,Mali-400,,,8,8,,5.0,1,,No,,No,LED flash,720p@30fps,3.15,No,LED flash,,Wi-Fi 802.11 b/g/n,No,4.0,Micro-USB,Yes,GPS,Proximity,2000,,,No,,,,,,,,,,,"Black, Gold, Silver, Rose Gold",,,,FM radio
Blu,BLU S1,https://www.gsmarena.com/blu_s1-8865.php,https://fdn2.gsmarena.com/vv/bigpic/blu-s1.jpg,GSM / HSPA / LTE,No,"2017, September. Released 2017, September",Discontinued,147.3 x 72.8 x 8.4 mm (5.80 x 2.87 x 0.33 in),137.0,,,Nano-SIM,IPS LCD,,5.2,720x1280,282,69.5,,Android 7.0 (Nougat),Mediatek MT6750 (28 nm),28,Octa-core (4x1.5 GHz Cortex-A53 & 4x1.0 GHz Cortex-A53),Mali-T860MP2,2,2,16,16,eMMC 5.1,13.0,1,,No,,No,LED flash,1080p@30fps,5.0,No,,,Wi-Fi 802.11 b/g/n,No,4.0,Micro-USB,Yes,GPS,"Fingerprint (front-mounted), accelerometer, proximity, compass",2800,,,No,,,,,,,,,,,"Black, Gold",,,,FM radio
Blu,BLU Grand XL LTE,https://www.gsmarena.com/blu_grand_xl_lte-8846.php,https://fdn2.gsmarena.com/vv/bigpic/blu-gxllte.jpg,GSM / HSPA / LTE,No,"2017, August. Released 2017, August",Discontinued,157.6 x 78.8 x 8.5 mm (6.20 x 3.10 x 0.33 in),182.0,,,Nano-SIM + Nano-SIM,IPS LCD,,5.5,720x1280,267,67.1,,Android 7.0 (Nougat),Mediatek MT6737 (28 nm),28,Quad-core 1.3 GHz Cortex-A53,Mali-T720,1,2,8,16,eMMC 5.0,13.0,1,,No,1/4.0,No,LED flash,1080p@30fps,8.0,No,LED flash,,Wi-Fi 802.11 b/g/n,No,4.0,Micro-USB,Yes,GPS,"Accelerometer, proximity",3200,,,No,,,,,,,,,,,"Black, Gold, Rose Gold, Silver",,,,FM radio
Blu,BLU Touchbook M7,https://www.gsmarena.com/blu_touchbook_m7-8845.php,https://fdn2.gsmarena.com/vv/bigpic/blu-tm7.jpg,GSM / HSPA,No,"2017, July. Released 2017, July",Discontinued,187.7 x 107.5 x 9.7 mm (7.39 x 4.23 x 0.38 in),265.0,,,Dual SIM (Micro-SIM),IPS LCD,,7.0,600x1024,170,68.3,,Android 6.0 (Marshmallow),Mediatek MT8321 (28 nm),28,Quad-core 1.3 GHz Cortex-A7,Mali-400,1,1,8,8,,3.15,1,,No,,No,,720p@30fps,2.0,No,,,"Wi-Fi 802.11 b/g/n, Wi-Fi Direct",No,4.1,Micro-USB,Yes,GPS,Accelerometer,2800,,,No,,,,,,,,,,,"Black, White",,,,FM radio
Blu,BLU Studio Pro,https://www.gsmarena.com/blu_studio_pro-8842.php,https://fdn2.gsmarena.com/vv/bigpic/blu-sp.jpg,GSM / HSPA,No,"2017, August. Released 2017, August",Discontinued,144.1 x 72.8 x 9.9 mm (5.67 x 2.87 x 0.39 in),151.0,,,Dual SIM (Micro-SIM),IPS LCD,,5.0,720x1280,294,65.7,,Android 7.0 (Nougat),Mediatek MT6580 (28 nm),28,Quad-core 1.3 GHz Cortex-A7,Mali-400MP2,1,1,8,8,,8.0,2,,No,,No,Dual-LED flash,1080p@30fps,5.0,No,LED flash,,Wi-Fi 802.11 b/g/n,No,4.0,Micro-USB,Yes,GPS,Accelerometer,2000,,,No,,,,,,,,,,,"Black, Gray, Gold, Rose Gold",,,,No
Blu,BLU Studio G Mini,https://www.gsmarena.com/blu_studio_g_mini-8841.php,https://fdn2.gsmarena.com/vv/bigpic/blu-sgm1.jpg,GSM / HSPA,No,"2017, August. Released 2017, August",Discontinued,133.6 x 67.8 x 10 mm (5.26 x 2.67 x 0.39 in),121.0,,,Dual SIM (Micro-SIM),IPS LCD,,4.5,480x854,218,61.6,,Android 6.0 (Marshmallow),Mediatek MT6570 (28 nm),28,Dual-core 1.3 GHz Cortex-A7,Mali-400,,,8,8,,5.0,1,,No,,No,LED flash,720p@30fps,2.0,No,LED flash,,Wi-Fi 802.11 b/g/n,No,4.0,Micro-USB,Yes,GPS,Accelerometer,1700,,,No,,,,,,,,,,,"Black, Blue & White",,,,No
Blu,BLU Vivo 8,https://www.gsmarena.com/blu_vivo_8-8835.php,https://fdn2.gsmarena.com/vv/bigpic/blu-vivo8.jpg,GSM / HSPA / LTE,No,"2017, August. Released 2017, August",Discontinued,154.5 x 76.5 x 8.3 mm (6.08 x 3.01 x 0.33 in),180.0,,,Nano-SIM + Micro-SIM,IPS LCD,,5.5,1080x1920,401,70.6,Gorilla Glass 3,Android 7.0 (Nougat),Mediatek MT6755 Helio P10 (28 nm),28,Octa-core (4x2.0 GHz Cortex-A53 & 4x1.0 GHz Cortex-A53),Mali-T860MP2,4,4,64,64,eMMC 5.1,13.0,1,2.0,No,1/3.1,No,"LED flash, HDR",1080p@30fps,16.0,No,LED flash,,"Wi-Fi 802.11 b/g/n/ac, Wi-Fi Direct",No,4.0,Micro-USB,Yes,GPS,"Fingerprint (front-mounted), accelerometer, gyro, proximity, compass",4010,10,,No,,,250.0,,,,,,,,"Black, Gold",,,,FM radio
Blu,BLU Studio J8,https://www.gsmarena.com/blu_studio_j8-8824.php,https://fdn2.gsmarena.com/vv/bigpic/blu-st-j8-3g.jpg,GSM / HSPA,No,"2017, July. Released 2017, July",Discontinued,155.7 x 77.6 x 8.9 mm (6.13 x 3.06 x 0.35 in),183.0,,,Nano-SIM + Micro-SIM,IPS LCD,,5.5,720x1280,267,69.0,,Android 7.0 (Nougat),Mediatek MT6580 (28 nm),28,Quad-core 1.3 GHz Cortex-A7,Mali-400MP2,1,1,8,8,,8.0,1,,No,,No,LED flash,1080p@30fps,5.0,No,LED flash,,"Wi-Fi 802.11 b/g/n, Wi-Fi Direct",No,4.1,Micro-USB,Yes,GPS,"Fingerprint (rear-mounted), accelerometer, proximity",2500,,,No,,,,,,,,,,,"Black, Gold, Rose Gold, Silver",,,,FM radio
Blu,BLU Studio J8 LTE,https://www.gsmarena.com/blu_studio_j8_lte-8825.php,https://fdn2.gsmarena.com/vv/bigpic/blu-st-j8-lte.jpg,GSM / HSPA / LTE,No,"2017, July. Released 2017, July",Discontinued,155.7 x 77.6 x 8.9 mm (6.13 x 3.06 x 0.35 in),183.0,,,Nano-SIM + Micro-SIM,IPS LCD,,5.5,720x1280,267,69.0,,Android 7.0 (Nougat),Mediatek MT6737 (28 nm),28,Quad-core 1.3 GHz Cortex-A53,Mali-T720,1,2,8,16,eMMC 5.0,8.0,1,,No,,No,LED flash,1080p@30fps,5.0,No,LED flash,,"Wi-Fi 802.11 b/g/n, Wi-Fi Direct",No,4.1,Micro-USB,Yes,GPS,"Fingerprint (rear-mounted), accelerometer, proximity",2500,,,No,,,,,,,,,,,"Black, Gold, Rose Gold, Silver",Studio J8 LTE,,,FM radio
Blu,BLU Touchbook M7 Pro,https://www.gsmarena.com/blu_touchbook_m7_pro-8826.php,https://fdn2.gsmarena.com/vv/bigpic/blu-touchbook-m7-pro.jpg,GSM / HSPA,No,"2017, July. Released 2017, July",Discontinued,188.4 x 109.2 x 9.4 mm (7.42 x 4.30 x 0.37 in),275.0,,,Dual SIM (Mini-SIM),IPS LCD,,7.0,600x1024,170,67.0,,Android 7.0 (Nougat),Mediatek MT8321 (28 nm),28,Quad-core 1.3 GHz Cortex-A7,Mali-400,1,1,8,8,,5.0,1,,No,,No,LED flash,720p@30fps,2.0,No,,,"Wi-Fi 802.11 b/g/n, Wi-Fi Direct",No,4.0,Micro-USB,Yes,GPS,Accelerometer,3000,,,No,,,,,,,,,,,"Black, Gold",,,,FM radio
Blu,BLU Grand Mini,https://www.gsmarena.com/blu_grand_mini-8796.php,https://fdn2.gsmarena.com/vv/bigpic/blu-grand-mini.jpg,GSM / HSPA,No,"2017, August. Released 2017, August",Discontinued,132 x 66 x 8.6 mm (5.20 x 2.60 x 0.34 in),132.0,,,Dual SIM (Micro-SIM),TFT,,4.5,480x854,218,64.1,,Android 6.0 (Marshmallow),Mediatek MT6570 (28 nm),28,Dual-core 1.3 GHz Cortex-A7,Mali-400,,,8,8,,5.0,1,,No,,No,LED flash,720p@30fps,2.0,No,,,Wi-Fi 802.11 b/g/n,No,4.0,Micro-USB,Yes,GPS,Accelerometer,1500,,,No,,,,,,,,,,,"Black, Rose Gold, Silver, Gold",,,,FM radio
Blu,BLU R2 LTE,https://www.gsmarena.com/blu_r2_lte-8773.php,https://fdn2.gsmarena.com/vv/bigpic/blu-r2-lte.jpg,GSM / HSPA / LTE,No,"2017, July. Released 2017, July",Discontinued,150.3 x 74.3 x 9.6 mm (5.92 x 2.93 x 0.38 in),156.0,,,Dual SIM (Micro-SIM),IPS LCD,,5.2,720x1280,282,66.8,,Android 7.0 (Nougat),Mediatek MT6737 (28 nm),28,Quad-core 1.3 GHz Cortex-A53,Mali-T720,2,3,16,32,eMMC 5.0,13.0,1,,No,,No,Dual-LED dual-tone flash,720p@30fps,13.0,No,dual-LED dual-tone flash,,Wi-Fi 802.11 b/g/n,No,4.0,Micro-USB,Yes,GPS,"Fingerprint (rear-mounted), accelerometer, proximity, compass",3000,,,No,,,,,,,,,,,"Black, Gold, Rose Gold, Silver",,,,FM radio
Blu,BLU R2,https://www.gsmarena.com/blu_r2-8774.php,https://fdn2.gsmarena.com/vv/bigpic/blu-r2.jpg,GSM / HSPA,No,"2017, July. Released 2017, July",Discontinued,150.3 x 74.3 x 9.6 mm (5.92 x 2.93 x 0.38 in),156.0,,,Dual SIM (Micro-SIM),IPS LCD,,5.2,720x1280,282,66.8,,Android 7.0 (Nougat),Mediatek MT6580 (28 nm),28,Quad-core 1.3 GHz Cortex-A7,Mali-400MP2,1,1,8,8,,8.0,1,,No,,No,Dual-LED dual-tone flash,1080p@30fps,8.0,No,dual-LED dual-tone flash,,Wi-Fi 802.11 b/g/n,No,4.0,Micro-USB,Yes,GPS,"Fingerprint (rear-mounted), accelerometer, proximity, compass",3000,,,No,,,,,,,,,,,"Black, Gold, Rose Gold, Silver",,,,FM radio
Blu,BLU Tank Xtreme Pro,https://www.gsmarena.com/blu_tank_xtreme_pro-8736.php,https://fdn2.gsmarena.com/vv/bigpic/blu-tep.jpg,GSM / HSPA / LTE,No,"2017, July. Released 2017, July",Discontinued,146 x 74.8 x 13.9 mm (5.75 x 2.94 x 0.55 in),206.0,,IP68,Nano-SIM,IPS LCD,,5.0,720x1280,294,63.1,,Android 7.0 (Nougat),Mediatek MT6737 (28 nm),28,Quad-core 1.5 GHz Cortex-A53,Mali-T720,2,2,16,16,eMMC 5.0,8.0,1,,No,,No,LED flash,720p@30fps,5.0,No,,,Wi-Fi 802.11 b/g/n,No,4.0,Micro-USB,Yes,GPS,"Accelerometer, proximity, compass",4300,,,No,,,,,,,,,,,"Black, Blue, Green, Red",,,,FM radio
Blu,BLU Studio J1,https://www.gsmarena.com/blu_studio_j1-8735.php,https://fdn2.gsmarena.com/vv/bigpic/blu-sj1.jpg,GSM / HSPA,No,"2017, June. Released 2017, June",Discontinued,121.5 x 62.5 x 10.3 mm (4.78 x 2.46 x 0.41 in),135.0,,,Dual SIM (Micro-SIM),IPS LCD,,4.0,480x800,233,60.0,,Android 6.0 (Marshmallow),Mediatek MT6570 (28 nm),28,Dual-core 1.3 GHz Cortex-A7,Mali-400,,,8,8,,5.0,1,,No,,No,LED flash,720p@30fps,2.0,No,LED,,Wi-Fi 802.11 b/g/n,No,4.0,Micro-USB,Yes,GPS,Accelerometer,1350,,,No,,,,,,,,,,,"Black, Blue, White",,,,No
Blu,BLU Grand X LTE,https://www.gsmarena.com/blu_grand_x_lte-8732.php,https://fdn2.gsmarena.com/vv/bigpic/blu-gxlte.jpg,GSM / HSPA / LTE,No,"2017, June. Released 2017, June",Discontinued,147.2 x 72 x 8.9 mm (5.80 x 2.83 x 0.35 in),168.0,,,Nano-SIM + Micro-SIM,IPS LCD,,5.0,720x1280,294,65.0,,Android 7.0 (Nougat),Mediatek MT6737 (28 nm),28,Quad-core 1.3 GHz Cortex-A53,Mali-T720,1,1,8,8,eMMC 5.0,8.0,1,,No,1/4.0,No,LED flash,720p@30fps,5.0,No,LED flash,,"Wi-Fi 802.11 b/g/n, Wi-Fi Direct",No,4.0,Micro-USB,Yes,GPS,"Accelerometer, proximity",2400,,,No,,,,,,,,,,,"Black, Silver, Gold, Rose Gold",,,,FM radio
Blu,BLU Grand XL,https://www.gsmarena.com/blu_grand_xl-8731.php,https://fdn2.gsmarena.com/vv/bigpic/blu-gxl.jpg,GSM / HSPA,No,"2017, June. Released 2017, June",Discontinued,157.5 x 78.6 x 9.1 mm (6.20 x 3.09 x 0.36 in),187.0,,,Nano-SIM + Nano-SIM,IPS LCD,,5.5,720x1280,267,67.4,,Android 7.0 (Nougat),Mediatek MT6580 (28 nm),28,Quad-core 1.3 GHz Cortex-A7,Mali-400MP2,1,1,8,8,,8.0,1,,No,,No,LED flash,1080p@30fps,5.0,No,LED flash,,Wi-Fi 802.11 b/g/n,No,4.0,Micro-USB,Yes,GPS,"Accelerometer, proximity",2650,,,No,,,,,,,,,,,"Black, Gold, Rose Gold, Silver",,,,FM radio
Blu,BLU Studio J2,https://www.gsmarena.com/blu_studio_j2-8713.php,https://fdn2.gsmarena.com/vv/bigpic/blu-st-j2.jpg,GSM / HSPA,No,"2017, May. Released 2017, May",Discontinued,144.9 x 72.9 x 10.4 mm (5.70 x 2.87 x 0.41 in),143.0,,,"Dual SIM (Micro-SIM, dual stand-by)",IPS LCD,,5.0,480x854,196,65.2,,Android 6.0 (Marshmallow),Mediatek MT6570 (28 nm),28,Dual-core 1.3 GHz Cortex-A7,Mali-400,,,8,8,,5.0,1,,No,,No,LED flash,720p@30fps,2.0,No,LED,,Wi-Fi 802.11 b/g/n,No,4.0,Micro-USB,Yes,GPS,Accelerometer,2000,,,No,,,,,,,,,,,"Black, Gold, Rose Gold",,,,No
Blu,BLU Studio Mega,https://www.gsmarena.com/blu_studio_mega-8709.php,https://fdn2.gsmarena.com/vv/bigpic/blu-st-mg.jpg,GSM / HSPA,No,"2017, June. Released 2017, June",Discontinued,166.2 x 83.9 x 9.5 mm (6.54 x 3.30 x 0.37 in),196.0,,,"Dual SIM (Micro-SIM, dual stand-by)",IPS LCD,,6.0,720x1280,245,71.2,,Android 7.0 (Nougat),Mediatek MT6580 (28 nm),28,Quad-core 1.3 GHz Cortex-A7,Mali-400MP2,1,1,8,8,,8.0,1,,No,1/4.0,No,LED flash,1080p@30fps,5.0,No,LED flash,,"Wi-Fi 802.11 b/g/n, Wi-Fi Direct",No,4.0,Micro-USB,Yes,GPS,"Accelerometer, proximity",2500,,,No,,,,,,,,,,,"Black, Gold, Rose Gold",Studio Mega,,,FM radio
Blu,BLU R1 Plus,https://www.gsmarena.com/blu_r1_plus-8670.php,https://fdn2.gsmarena.com/vv/bigpic/blu-r1-plus.jpg,GSM / HSPA / LTE,No,"2017, April. Released 2017, April",Discontinued,153 x 76.6 x 10.5 mm (6.02 x 3.02 x 0.41 in),191.0,,,"Dual SIM (Micro-SIM, dual stand-by)",IPS LCD,,5.5,720x1280,267,71.2,,Android 6.0 (Marshmallow),Mediatek MT6737 (28 nm),28,Quad-core 1.3 GHz Cortex-A53,Mali-T720,2,3,16,32,eMMC 5.0,13.0,1,2.0,No,1/4.0,No,"LED flash, panorama, HDR",1080p@30fps,5.0,No,LED flash,,"Wi-Fi 802.11 b/g/n, Wi-Fi Direct",No,4.1,Micro-USB,Yes,GPS,"Accelerometer, gyro, proximity",4000,,,No,,,,,,,,,,,Black,,,,No
Blu,BLU Studio Selfie LTE,https://www.gsmarena.com/blu_studio_selfie_lte-8653.php,https://fdn2.gsmarena.com/vv/bigpic/blu-ss-lte.jpg,GSM / HSPA / LTE,No,"2017, March. Released 2017, March",Discontinued,142.7 x 72.9 x 8.8 mm (5.62 x 2.87 x 0.35 in),155.0,,,Nano-SIM,IPS LCD,,5.0,480x854,196,66.2,,Android 5.1 (Lollipop),Qualcomm MSM8909 Snapdragon 210 (28 nm),28,Quad-core 1.1 GHz Cortex-A7,Adreno 304,1,1,8,8,eMMC 4.5,5.0,1,,No,,No,LED flash,720p@30fps,5.0,No,LED flash,,"Wi-Fi 802.11 b/g/n, hotspot",No,4.0,Micro-USB,Yes,,"Accelerometer, proximity",2000,,,No,,,,,,,,,,,"Black, White",,,,FM radio
Blu,BLU Life One X2 Mini,https://www.gsmarena.com/blu_life_one_x2_mini-8621.php,https://fdn2.gsmarena.com/vv/bigpic/blu-life-one-x2-mini.jpg,GSM / HSPA / LTE,No,"2017, January. Released 2017, January",Discontinued,142 x 69.6 x 8.7 mm (5.59 x 2.74 x 0.34 in),152.0,,,Nano-SIM + Micro-SIM,IPS LCD,,5.0,1080x1920,441,69.7,Gorilla Glass 3,Android 6.0 (Marshmallow),Qualcomm MSM8937 Snapdragon 430 (28 nm),28,Octa-core 1.4 GHz Cortex-A53,Adreno 505,4,4,64,64,eMMC 5.1,13.0,1,,No,,No,"LED flash, panorama, HDR",1080p@30fps,8.0,No,LED flash,,"Wi-Fi 802.11 b/g/n, Wi-Fi Direct",No,4.0,Micro-USB,Yes,GPS,"Fingerprint (rear-mounted), accelerometer, gyro, proximity",3000,,,No,,,170.0,,,,,,,,"Gray, Gold, Rose Gold",,,,FM radio
Blu,BLU Dash L3,https://www.gsmarena.com/blu_dash_l3-8555.php,https://fdn2.gsmarena.com/vv/bigpic/blu-dl3.jpg,GSM / HSPA,No,"2017, January. Released 2017, January",Discontinued,127.1 x 64.3 x 11.5 mm (5.00 x 2.53 x 0.45 in),135.0,,,Dual SIM (MIni-SIM),TFT,,4.0,480x800,233,55.7,,Android 6.0 (Marshmallow),Mediatek MT6572 (28 nm),28,Dual-core 1.3 GHz,Mali-400,,,4,4,,3.15,1,,No,,No,LED flash,720p@30fps,2.0,No,,,Wi-Fi 802.11 b/g/n,No,4.0,Micro-USB,Yes,GPS,Accelerometer,1400,,,No,,,,,,,,,,,"Gold, Rose Gold, Grey, Black",,,,FM radio
Blu,BLU Advance 4.0 L3,https://www.gsmarena.com/blu_advance_4_0_l3-8553.php,https://fdn2.gsmarena.com/vv/bigpic/blu-a4-l3.jpg,GSM / HSPA,No,"2017, January. Released 2017, January",Discontinued,126.6 x 66.3 x 11.4 mm (4.98 x 2.61 x 0.45 in),127.0,,,Dual SIM (Mini-SIM),TFT,,4.0,480x800,233,54.3,,Android 6.0 (Marshmallow),,,Quad-core 1.2 GHz,Mali-400,,,4,4,,5.0,1,,No,,No,LED flash,720@30fps,2.0,No,,,Wi-Fi 802.11 b/g/n,No,4.0,Micro-USB,Yes,GPS,Accelerometer,1300,,,No,,,,,,,,,,,"Gray, Silver, Gold, Rose Gold",Advance 4.0 L3,,,FM radio
Blu,BLU Vivo XL2,https://www.gsmarena.com/blu_vivo_xl2-8544.php,https://fdn2.gsmarena.com/vv/bigpic/blu-v-xl2.jpg,GSM / HSPA / LTE,No,"2017, January. Released 2017, January",Discontinued,154 x 76.6 x 9.2 mm (6.06 x 3.02 x 0.36 in),175.0,,,Dual SIM (Micro-SIM),IPS LCD,,5.5,720x1280,267,70.7,Gorilla Glass 3,Android 6.0 (Marshmallow),Mediatek MT6737T (28 nm),28,Quad-core 1.4 GHz Cortex-A53,Mali-T720,3,3,32,32,eMMC 5.0,13.0,1,,No,,No,"LED flash, panorama, HDR",1080p@30fps,8.0,No,,,"Wi-Fi 802.11 b/g/n, Wi-Fi Direct",No,4.0,Micro-USB,Yes,GPS,"Accelerometer, proximity, compass",3150,,,No,,,,,,,,,,,"Gold, Blue",,,,FM radio
Blu,BLU Vivo 5 Mini,https://www.gsmarena.com/blu_vivo_5_mini-8541.php,https://fdn2.gsmarena.com/vv/bigpic/blu-v5m.jpg,GSM / HSPA,No,"2017, January. Released 2017, January",Discontinued,125.2 x 62 x 8.5 mm (4.93 x 2.44 x 0.33 in),119.0,,,Nano-SIM + Micro-SIM,IPS LCD,,4.0,480x800,233,58.7,,Android 6.0 (Marshmallow),Mediatek MT6580 (28 nm),28,Quad-core 1.3 GHz Cortex-A7,Mali-400MP2,,,8,8,,5.0,1,,No,,No,LED flash,1080p@30fps,3.15,No,,,Wi-Fi 802.11 b/g/n,No,4.0,Micro-USB,Yes,GPS,Accelerometer,1500,,,No,,,,,,,,,,,"Gray, Gold, Rose Gold, Silver",,,,FM radio
Blu,BLU Grand Max,https://www.gsmarena.com/blu_grand_max-8557.php,https://fdn2.gsmarena.com/vv/bigpic/blu-gm50.jpg,GSM / HSPA,No,"2017, January. Released 2017, January",Discontinued,145 x 72.1 x 7.8 mm (5.71 x 2.84 x 0.31 in),154.0,,,Nano-SIM + Micro-SIM,IPS LCD,,5.0,720x1280,294,65.9,,Android 6.0 (Marshmallow),Mediatek MT6580 (28 nm),28,Quad-core 1.3 GHz Cortex-A7,Mali-400MP2,1,1,8,8,,8.0,1,,No,,No,LED flash,1080p@30fps,8.0,No,LED flash,,Wi-Fi 802.11 b/g/n,No,4.0,Micro-USB,Yes,GPS,"Accelerometer, gyro, proximity",2200,,,No,,,,,,,,,,,"Gold, Gray, Rose Gold",,,,FM radio
Blu,BLU Grand Energy,https://www.gsmarena.com/blu_grand_energy-8556.php,https://fdn2.gsmarena.com/vv/bigpic/blu-ge.jpg,GSM / HSPA,No,"2017, January. Released 2017, January",Discontinued,145.7 x 72.8 x 11 mm (5.74 x 2.87 x 0.43 in),190.0,,,Nano-SIM + Micro-SIM,IPS LCD,,5.0,720x1280,294,65.0,,Android 6.0 (Marshmallow),Mediatek MT6580 (28 nm),28,Quad-core 1.3 GHz Cortex-A7,Mali-400MP2,1,1,8,8,,5.0,1,,No,,No,LED flash,1080p@30fps,5.0,No,LED flash,,Wi-Fi 802.11 b/g/n,No,4.0,Micro-USB,Yes,GPS,"Accelerometer, proximity",4000,,,No,,,,,,,,,,,"Gold, Gray, Rose Gold",,,,FM radio
Blu,BLU Grand M,https://www.gsmarena.com/blu_grand_m-8534.php,https://fdn2.gsmarena.com/vv/bigpic/blu-gm.jpg,GSM / HSPA,No,"2017, January. Released 2017, January",Discontinued,144.9 x 72.1 x 9.4 mm (5.70 x 2.84 x 0.37 in),171.0,,,Nano-SIM + Micro-SIM,IPS LCD,,5.0,480x854,196,65.9,,Android 6.0 (Marshmallow),Mediatek MT6580 (28 nm),28,Quad-core 1.3 GHz Cortex-A7,Mali-400MP2,,,8,8,,5.0,1,,No,,No,LED flash,720p@30fps,3.15,No,LED flash,,Wi-Fi 802.11 b/g/n,No,4.0,Micro-USB,Yes,GPS,Accelerometer,2200,,,No,,,,,,,,,,,"Gray, Silver, Gold, Rose Gold",,,,FM radio
Blu,BLU Grand X,https://www.gsmarena.com/blu_grand_x-8533.php,https://fdn2.gsmarena.com/vv/bigpic/blu-gx5.jpg,GSM / HSPA,No,"2017, January. Released 2017, January",Discontinued,145.8 x 72.9 x 9.1 mm (5.74 x 2.87 x 0.36 in),165.0,,,Nano-SIM + Micro-SIM,IPS LCD,,5.0,720x1280,294,64.8,,Android 6.0 (Marshmallow),Mediatek MT6580 (28 nm),28,Quad-core 1.3 GHz Cortex-A7,Mali-400MP2,1,1,8,8,,5.0,1,,No,,No,LED flash,1080p@30fps,5.0,No,LED flash,,Wi-Fi 802.11 b/g/n,No,4.0,Micro-USB,Yes,GPS,"Accelerometer, proximity",2200,,,No,,,,,,,,,,,"Grey, Gold, Rose Gold",,,,FM radio
Blu,BLU Studio J5,https://www.gsmarena.com/blu_studio_j5-8527.php,https://fdn2.gsmarena.com/vv/bigpic/blu-sj5.jpg,GSM / HSPA / LTE,No,"2016, November. Released 2016, November",Discontinued,142.8 x 73 x 9.6 mm (5.62 x 2.87 x 0.38 in),130.0,,,Dual SIM (Mini-SIM/ Micro-SIM),IPS LCD,,5.0,720x1280,294,66.1,,Android 6.0 (Marshmallow),Mediatek MT6735 (28 nm),28,Quad-core 1.0 GHz Cortex-A53,Mali-T720MP2,1,1,8,8,,5.0,1,,No,,No,LED flash,1080p@30fps,2.0,No,,,"Wi-Fi 802.11 b/g/n, Wi-Fi Direct",No,4.1,Micro-USB,Yes,GPS,Accelerometer,2300,,,No,,,,,,,,,,,"Grey, Gold, Rose Gold",,,,FM radio
Blu,BLU Tank Xtreme 5.0,https://www.gsmarena.com/blu_tank_xtreme_5_0-8524.php,https://fdn2.gsmarena.com/vv/bigpic/blu-tx5.jpg,GSM / HSPA,No,"2017, January. Released 2017, January",Discontinued,153.5 x 79.8 x 13.8 mm (6.04 x 3.14 x 0.54 in),181.0,,IP65,Dual SIM (Micro-SIM),IPS LCD,,5.0,720x1280,294,56.3,,Android 6.0 (Marshmallow),Mediatek MT6580 (28 nm),28,Quad-core 1.3 GHz Cortex-A7,Mali-400MP2,1,1,8,8,,5.0,1,,No,,No,LED flash,1080p@30fps,5.0,No,,,"Wi-Fi 802.11 b/g/n, Wi-Fi Direct",No,4.0,Micro-USB,Yes,GPS,"Accelerometer, proximity",3000,,,No,,,,,,,,,,,Black,,,,FM radio
Blu,BLU Tank Xtreme 4.0,https://www.gsmarena.com/blu_tank_xtreme_4_0-8525.php,https://fdn2.gsmarena.com/vv/bigpic/blu-tx4.jpg,GSM / HSPA,No,"2017, January. Released 2017, January",Discontinued,130 x 69 x 13.9 mm (5.12 x 2.72 x 0.55 in),141.0,,IP65,Dual SIM (Micro-SIM),IPS LCD,,4.0,480x800,233,50.8,,Android 6.0 (Marshmallow),Mediatek MT6580 (28 nm),28,Quad-core 1.3 GHz Cortex-A7,Mali-400MP2,,,4,4,,3.15,1,,No,,No,LED flash,720p@30fps,2.0,No,,,Wi-Fi 802.11 b/g/n,No,4.0,Micro-USB,Yes,GPS,Accelerometer,2800,,,No,,,,,,,,,,,Blue,,,,FM radio
Blu,BLU Tank Xtreme 2.4,https://www.gsmarena.com/blu_tank_xtreme_2_4-8526.php,https://fdn2.gsmarena.com/vv/bigpic/blu-tx24.jpg,GSM,No,"2017, January. Released 2017, January",Discontinued,129 x 58.7 x 14.4 mm (5.08 x 2.31 x 0.57 in),139.0,,IP65,"Dual SIM, (Micro-SIM)","TFT, 65K colors",,2.4,240x320,167,23.6,,,,,,,,,,,,,1,,No,,No,LED flash,Yes,,No,,,No,No,3.0,Micro-USB,Yes,No,,1650,,,No,,,,,,,,,,,"Blue, Red",,,,FM radio; built-in antenna
Blu,BLU Energy X Plus 2,https://www.gsmarena.com/blu_energy_x_plus_2-8496.php,https://fdn2.gsmarena.com/vv/bigpic/blu-exp2.jpg,GSM / HSPA,No,"2016, November. Released 2016, December",Discontinued,154.3 x 77.5 x 9.6 mm (6.07 x 3.05 x 0.38 in),172.0,,,Dual SIM (Micro-SIM),IPS LCD,,5.5,720x1280,267,69.7,,Android 6.0 (Marshmallow),,,Quad-core 1.3 GHz Cortex-A7,Mali-400,1,1,8,8,,8.0,1,,No,,No,LED flash,1080p@30fps,5.0,No,LED flash,,"Wi-Fi 802.11 b/g/n, Wi-Fi Direct",No,4.0,Micro-USB,Yes,GPS,"Accelerometer, proximity, compass",4900,,,No,,,,,,,,,,,"Grey, Gold, Rose Gold",ENERGY X PLUS 2,,,Stereo FM radio
Blu,BLU Studio Max,https://www.gsmarena.com/blu_studio_max-8462.php,https://fdn2.gsmarena.com/vv/bigpic/blu-sm.jpg,GSM / HSPA / LTE,No,"2016, November. Released 2016, November",Discontinued,153.8 x 75.6 x 8.5 mm (6.06 x 2.98 x 0.33 in),169.0,,,Nano-SIM + Mini-SIM,IPS LCD,,5.5,1080x1920,401,71.7,,Android 6.0 (Marshmallow),Mediatek MT6753 (28 nm),28,Octa-core 1.3 GHz,Mali-T720,2,2,16,16,,13.0,1,2.2,No,1/3.1,No,"LED flash, panorama, HDR",1080p@30fps,5.0,No,,,"Wi-Fi 802.11 b/g/n, Wi-Fi Direct",No,4.1,Micro-USB,Yes,GPS,"Fingerprint (front-mounted), accelerometer, gyro, proximity",4000,,,No,,,,,,,,,,,"Grey, Rose Gold, Gold",,,,FM radio
Blu,BLU Studio G2 HD,https://www.gsmarena.com/blu_studio_g2_hd-8461.php,https://fdn2.gsmarena.com/vv/bigpic/blu-sg2hd11.jpg,GSM / HSPA,No,"2016, December. Released 2016, December",Discontinued,146 x 73.6 x 10.5 mm (5.75 x 2.90 x 0.41 in),141.0,,,Dual SIM (Mini-SIM),IPS LCD,,5.0,720x1280,294,64.1,,Android 6.0 (Marshmallow),Mediatek MT6580 (28 nm),28,Quad-core 1.3 GHz Cortex-A7,Mali-400MP2,1,1,8,8,,5.0,1,,No,,No,LED flash,1080p@30fps,5.0,No,,,Wi-Fi 802.11 b/g/n,No,4.0,Micro-USB,Yes,GPS,Accelerometer,2000,,,No,,,,,,,,,,,"Gray, Gold, Rose Gold",,,,FM radio
Blu,BLU Life Max,https://www.gsmarena.com/blu_life_max-8460.php,https://fdn2.gsmarena.com/vv/bigpic/blu-lm.jpg,GSM / HSPA / LTE,No,"2016, November. Released 2016, November",Discontinued,154.5 x 77.1 x 8.7 mm (6.08 x 3.04 x 0.34 in),153.0,,,Dual SIM (Micro-SIM),IPS LCD,,5.5,720x1280,267,70.0,,Android 6.0 (Marshmallow),Mediatek MT6737 (28 nm),28,Quad-core 1.3 GHz Cortex-A53,Mali-T720,2,2,16,16,eMMC 5.0,8.0,1,,No,,No,"LED flash, HDR",1080p@30fps,5.0,No,LED flash,,"Wi-Fi 802.11 b/g/n, Wi-Fi Direct",No,4.1,Micro-USB,Yes,GPS,"Fingerprint (rear-mounted), accelerometer, proximity",3700,,,No,,,,,,,,,,,Dark Blue,,,,FM radio
Blu,BLU Advance 4.0 M,https://www.gsmarena.com/blu_advance_4_0_m-8459.php,https://fdn2.gsmarena.com/vv/bigpic/blu-a40m.jpg,GSM / HSPA,No,"2016, November. Released 2016, November",Discontinued,123.6 x 61.5 x 10.3 mm (4.87 x 2.42 x 0.41 in),114.0,,,"Dual SIM (Micro-SIM, dual stand-by)",TFT,,4.0,480x800,233,59.9,,Android 6.0 (Marshmallow),,,Quad-core 1.2 GHz,Mali-400,,,4,4,,2.0,1,,No,,No,LED flash,720@30fps,,No,,,Wi-Fi 802.11 b/g/n,No,2.1,Micro-USB,Yes,GPS,Accelerometer,1300,,,No,,,,,,,,,,,"Black, White/Blue",,,,FM radio
Blu,BLU Dash XL,https://www.gsmarena.com/blu_dash_xl-8457.php,https://fdn2.gsmarena.com/vv/bigpic/blu-dxl.jpg,GSM / HSPA,No,"2016, November. Released 2016, November",Discontinued,155 x 78.1 x 9.4 mm (6.10 x 3.07 x 0.37 in),168.0,,,Dual SIM (Micro-SIM),IPS LCD,,5.5,720x1280,267,68.9,,Android 6.0 (Marshmallow),Mediatek MT6580 (28 nm),28,Quad-core 1.3 GHz Cortex-A7,Mali-400MP2,1,1,8,8,,5.0,1,,No,,No,LED flash,1080p@30fps,5.0,No,,,"Wi-Fi 802.11 b/g/n, Wi-Fi Direct",No,4.0,Micro-USB,Yes,GPS,"Accelerometer, proximity",2500,,,No,,,,,,,,,,,"Gray, Rose gold",,,,FM radio
Blu,BLU Dash G,https://www.gsmarena.com/blu_dash_g-8456.php,https://fdn2.gsmarena.com/vv/bigpic/blu-dg.jpg,GSM / HSPA,No,"2016, November. Released 2016, November",Discontinued,146.3 x 73.7 x 9.8 mm (5.76 x 2.90 x 0.39 in),157.0,,,Dual SIM (Mini-SIM),IPS LCD,,5.0,480x854,196,63.9,,Android 6.0 (Marshmallow),Mediatek MT6580 (28 nm),28,Quad-core 1.3 GHz Cortex-A7,Mali-400MP2,,,4,4,,5.0,1,,No,,No,LED flash,1080p@30fps,2.0,No,,,"Wi-Fi 802.11 b/g/n, Wi-Fi Direct",No,4.0,Micro-USB,Yes,GPS,"Accelerometer, proximity",2000,,,No,,,,,,,,,,,"Black, Gold, White",,,,FM radio
Blu,BLU Vivo 6,https://www.gsmarena.com/blu_vivo_6-8426.php,https://fdn2.gsmarena.com/vv/bigpic/blu-vivo6.jpg,GSM / HSPA / LTE,No,"2016, November. Released 2016, November",Discontinued,154.3 x 74.9 x 7 mm (6.07 x 2.95 x 0.28 in),170.0,,,Nano-SIM + Micro-SIM,IPS LCD,,5.5,1080x1920,401,72.2,Gorilla Glass 3,Android 6.0 (Marshmallow),Mediatek MT6755 Helio P10 (28 nm),28,Octa-core (4x1.8 GHz Cortex-A53 & 4x1.0 GHz Cortex-A53),Mali-T860MP2,4,4,64,64,eMMC 5.1,13.0,1,2.0,No,,No,"LED flash, panorama, HDR",1080p@30fps,8.0,No,,,"Wi-Fi 802.11 b/g/n, Wi-Fi Direct",No,4.0,Type-C,Yes,GPS,"Fingerprint (front-mounted), accelerometer, gyro, proximity, compass",3130,,,No,,,,,,,,,,,"Gold, Rose gold",,,,FM radio
Blu,BLU Studio XL2,https://www.gsmarena.com/blu_studio_xl2-8427.php,https://fdn2.gsmarena.com/vv/bigpic/blu-sxl2.jpg,GSM / HSPA / LTE,No,"2016, November. Released 2016, November",Discontinued,165.7 x 83.6 x 9.1 mm (6.52 x 3.29 x 0.36 in),200.0,,,"Dual SIM (Micro-SIM, dual stand-by)",IPS LCD,,6.0,720x1280,245,71.6,,Android 6.0 (Marshmallow),Mediatek MT6737 (28 nm),28,Quad-core 1.3 GHz Cortex-A53,Mali-T720,2,2,16,16,eMMC 5.0,13.0,1,2.2,No,,No,"LED flash, panorama",1080p@30fps,5.0,No,LED flash,,"Wi-Fi 802.11 b/g/n, Wi-Fi Direct",No,4.1,Micro-USB,Yes,GPS,"Accelerometer, proximity",4900,,,No,,,,,,,,,,,"Gray, Gold, Rose Gold",Studio XL 2,,,FM radio
Blu,BLU Studio G Max,https://www.gsmarena.com/blu_studio_g_max-8428.php,https://fdn2.gsmarena.com/vv/bigpic/blu-sgm.jpg,GSM / HSPA,No,"2016, November. Released 2016, November",Discontinued,148.4 x 73.9 x 8.1 mm (5.84 x 2.91 x 0.32 in),146.0,,,"Dual SIM (Micro-SIM, dual stand-by)",IPS LCD,,5.2,720x1280,282,68.0,,Android 6.0 (Marshmallow),Mediatek MT6580 (28 nm),28,Quad-core 1.3 GHz Cortex-A7,Mali-400MP2,1,1,8,8,,8.0,1,,No,,No,LED flash,1080p@30fps,8.0,No,LED flash,,"Wi-Fi 802.11 b/g/n, Wi-Fi Direct",No,4.0,Micro-USB,Yes,GPS,"Accelerometer, proximity",2300,,,No,,,,,,,,,,,"Gray, Gold, Pink",,,,FM radio
Blu,BLU Studio G Plus HD,https://www.gsmarena.com/blu_studio_g_plus_hd-8429.php,https://fdn2.gsmarena.com/vv/bigpic/blu-sgphd.jpg,GSM / HSPA,No,"2016, November. Released 2016, November",Discontinued,148.7 x 77.4 x 8.9 mm (5.85 x 3.05 x 0.35 in),189.0,,,"Dual SIM (Micro-SIM, dual stand-by)",IPS LCD,,5.5,720x1280,267,72.5,,Android 6.0 (Marshmallow),Mediatek MT6580 (28 nm),28,Quad-core 1.3 GHz Cortex-A7,Mali-400MP2,1,1,8,8,,5.0,1,,No,,No,LED flash,720p@30fps,5.0,No,,,"Wi-Fi 802.11 b/g/n, Wi-Fi Direct",No,4.0,Micro-USB,Yes,GPS,"Accelerometer, proximity",2500,,,No,,,,,,,,,,,"Gold, Gray, Rose Gold",,,,FM radio
Blu,BLU Life One X2,https://www.gsmarena.com/blu_life_one_x2-8349.php,https://fdn2.gsmarena.com/vv/bigpic/blu-life-one-x2.jpg,GSM / HSPA / LTE,No,"2016, September. Released 2016, September",Discontinued,148 x 72.4 x 9.5 mm (5.83 x 2.85 x 0.37 in),166.0,,,"Dual SIM (Micro-SIM, dual stand-by)",IPS LCD,,5.2,1080x1920,424,69.6,Gorilla Glass 3,Android 6.0.1 (Marshmallow),Qualcomm MSM8937 Snapdragon 430 (28 nm),28,Octa-core 1.4 GHz Cortex-A53,Adreno 505,2,4,16,64,eMMC 5.1,16.0,1,2.0,No,,No,"LED flash, panorama, HDR",1080p@30fps,8.0,No,LED flash,,"Wi-Fi 802.11 b/g/n, Wi-Fi Direct",No,4.0,Micro-USB,Yes,GPS,"Fingerprint (rear-mounted), accelerometer, gyro, proximity",3150,,,No,,,,,,,,,,,"Gray, Rose Gold",Life One X2,,,FM radio
Blu,BLU Vivo 5R,https://www.gsmarena.com/blu_vivo_5r-8338.php,https://fdn2.gsmarena.com/vv/bigpic/blu-vivo-5r.jpg,GSM / HSPA / LTE,No,"2016, September. Released 2016, September",Discontinued,154.5 x 75.6 x 8.3 mm (6.08 x 2.98 x 0.33 in),166.0,,,Nano-SIM + Micro-SIM,IPS LCD,,5.5,1080x1920,401,71.4,,Android 6.0 (Marshmallow),Mediatek MT6753 (28 nm),28,Octa-core 1.3 GHz Cortex-A53,Mali-T720MP3,3,3,32,32,,13.0,1,2.0,No,1/3.1,No,"LED flash, panorama, HDR",1080p@30fps,8.0,No,LED flash,,"Wi-Fi 802.11 b/g/n, Wi-Fi Direct",No,4.0,Micro-USB,Yes,GPS,"Fingerprint (rear-mounted), accelerometer, proximity",3150,,,No,,,,,,,,,,,"Gray, Gold",5R,,,FM radio
Blu,BLU Pure XR,https://www.gsmarena.com/blu_pure_xr-8296.php,https://fdn2.gsmarena.com/vv/bigpic/blu-pure-xr.jpg,GSM / HSPA / LTE,No,"2016, August. Released 2016, August",Discontinued,154.3 x 74.9 x 7 mm (6.07 x 2.95 x 0.28 in),147.2,,,Nano-SIM + Micro-SIM,AMOLED,,5.5,1080x1920,401,72.2,Gorilla Glass 3,Android 6.0 (Marshmallow),Mediatek MT6755 Helio P10 (28 nm),28,Octa-core (4x1.9 GHz Cortex-A53 & 4x1.0 GHz Cortex-A53),Mali-T860MP2,4,4,64,64,eMMC 5.1,16.0,1,1.8,No,,No,"Laser AF, LED flash, HDR, panorama",1080p@30fps,8.0,No,,,"Wi-Fi 802.11 a/b/g/n, Wi-Fi Direct",No,4.0,Micro-USB,Yes,GPS,"Fingerprint (front-mounted), accelerometer, gyro, proximity",3000,,,No,,,,,,,,,,,"Gray, Gold",,,,FM radio
Blu,BLU Studio G HD LTE,https://www.gsmarena.com/blu_studio_g_hd_lte-8322.php,https://fdn2.gsmarena.com/vv/bigpic/blu-studio-g-hd-lte.jpg,GSM / HSPA / LTE,No,"2016, August. Released 2016, August",Discontinued,145 x 72 x 9.4 mm (5.71 x 2.83 x 0.37 in),145.0,,,"Dual SIM (Micro-SIM, dual stand-by)",IPS LCD,,5.0,720x1280,294,66.0,,Android 6.0 (Marshmallow),Mediatek MT6737 (28 nm),28,Quad-core 1.1 GHz Cortex-A53,Mali-T720,1,1,8,8,eMMC 5.0,5.0,1,2.2,No,,No,LED flash,720p@30fps,2.0,No,,,"Wi-Fi 802.11 b/g/n, Wi-Fi Direct",No,4.0,Micro-USB,Yes,GPS,"Accelerometer, proximity",2200,,,No,,,,,,,,,,,"Black, Gold",,,,FM radio
Blu,BLU Studio G2,https://www.gsmarena.com/blu_studio_g2-8323.php,https://fdn2.gsmarena.com/vv/bigpic/blu-studio-g2.jpg,GSM / HSPA,No,"2016, August. Released 2016, August",Discontinued,145 x 72 x 9.4 mm (5.71 x 2.83 x 0.37 in),145.0,,,"Dual SIM (Micro-SIM, dual stand-by)",IPS LCD,,5.0,480x854,196,66.0,,Android 6.0 (Marshmallow),Mediatek MT6580 (28 nm),28,Quad-core 1.3 GHz Cortex-A7,Mali-400MP2,,,8,8,,5.0,1,,No,,No,LED flash,720p@30fps,5.0,No,,,"Wi-Fi 802.11 b/g/n, Wi-Fi Direct",No,4.0,Micro-USB,Yes,GPS,"Accelerometer, proximity",2200,,,No,,,,,,,,,,,"Black, Blue, Gold, White",,,,FM radio
Blu,BLU Studio M LTE,https://www.gsmarena.com/blu_studio_m_lte-8324.php,https://fdn2.gsmarena.com/vv/bigpic/blu-studio-m-lte.jpg,GSM / HSPA / LTE,No,"2016, August. Released 2016, August",Discontinued,145 x 72.5 x 8.5 mm (5.71 x 2.85 x 0.33 in),155.0,,,Dual SIM (Micro-SIM),IPS LCD,,5.0,480x854,196,65.5,,Android 6.0 (Marshmallow),Mediatek MT6735 (28 nm),28,Quad-core 1.0 GHz Cortex-A53,Mali-T720,1,1,8,8,,8.0,1,,No,,No,LED flash,1080p@30fps,2.0,No,,,"Wi-Fi 802.11 b/g/n, Wi-Fi Direct",No,4.0,Micro-USB,Yes,GPS,"Accelerometer, proximity",2300,,,No,,,,,,,,,,,"Black, Blue, White",,,,FM radio
Blu,BLU Studio C 8+8,https://www.gsmarena.com/blu_studio_c_8+8-8256.php,https://fdn2.gsmarena.com/vv/bigpic/blu-studio-c88.jpg,GSM / HSPA,No,"2016, August. Released 2016, August",Discontinued,144.4 x 72.5 x 8.5 mm (5.69 x 2.85 x 0.33 in),152.0,,,"Dual SIM (Micro-SIM, dual stand-by)",LCD,,5.0,720x1280,294,65.8,,Android 6.0 (Marshmallow),Mediatek MT6580 (28 nm),28,Quad-core 1.3 GHz Cortex-A7,Mali-400MP2,1,1,8,8,,8.0,1,,No,,No,LED flash,1080p@30fps,8.0,No,,,"Wi-Fi 802.11 b/g/n, Wi-Fi Direct",No,4.0,Micro-USB,Yes,GPS,"Accelerometer, proximity",3000,,,No,,,,,,,,,,,"Blue, Rose Gold, Bronze",,,,Stereo FM radio
Blu,BLU Studio C 8+8 LTE,https://www.gsmarena.com/blu_studio_c_8+8_lte-8255.php,https://fdn2.gsmarena.com/vv/bigpic/blu-studio-c88.jpg,GSM / HSPA / LTE,No,"2016, August. Released 2016, August",Discontinued,144.4 x 72.5 x 8.5 mm (5.69 x 2.85 x 0.33 in),143.0,,,"Dual SIM (Micro-SIM, dual stand-by)",LCD,,5.0,720x1280,294,65.8,,Android 6.0 (Marshmallow),Mediatek MT6735 (28 nm),28,Quad-core 1.0 GHz Cortex-A53,Mali-T720,1,1,8,8,,8.0,1,,No,,No,LED flash,1080p@30fps,8.0,No,,,"Wi-Fi 802.11 b/g/n, Wi-Fi Direct",No,4.0,Micro-USB,Yes,GPS,"Accelerometer, proximity",3000,,,No,,,,,,,,,,,Black,,,,Stereo FM radio
Blu,BLU Energy Diamond,https://www.gsmarena.com/blu_energy_diamond-8252.php,https://fdn2.gsmarena.com/vv/bigpic/blu-energy-diamond1.jpg,GSM / HSPA,No,"2016, August. Released 2016, August",Discontinued,147.5 x 71.5 x 12.7 mm (5.81 x 2.81 x 0.5 in),184.0,,,"Dual SIM (Micro-SIM, dual stand-by)",LCD,,5.0,480x854,196,65.3,,Android 6.0 (Marshmallow),Mediatek MT6580 (28 nm),28,Quad-core 1.3 GHz Cortex-A7,Mali-400MP2,1,1,8,8,,5.0,1,,No,,No,LED flash,720@30fps,2.0,No,LED flash,,"Wi-Fi 802.11 b/g/n, Wi-Fi Direct",No,4.0,Micro-USB,Yes,GPS,"Accelerometer, proximity",4000,,,No,,,,,,,,,,,"Grey, White, Pink, Gold, Blue",,,,Stereo FM radio
Blu,BLU Diamond M,https://www.gsmarena.com/blu_diamond_m-8251.php,https://fdn2.gsmarena.com/vv/bigpic/blu-diamond-m1.jpg,GSM / HSPA,No,"2016, August. Released 2016, August",Discontinued,144.5 x 71.5 x 12 mm (5.69 x 2.81 x 0.47 in),162.0,,,"Dual SIM (Micro-SIM, dual stand-by)",LCD,,5.0,480x854,196,66.7,,Android 6.0 (Marshmallow),Mediatek MT6580 (28 nm),28,Quad-core 1.3 GHz Cortex-A7,Mali-400MP2,,,4,4,,5.0,1,,No,,No,LED flash,720@30fps,2.0,No,,,"Wi-Fi 802.11 b/g/n, Wi-Fi Direct",No,4.0,Micro-USB,Yes,GPS,"Accelerometer, proximity",2200,,,No,,,,,,,,,,,"Grey, White, Pink, Gold, Blue",,,,Stereo FM radio
Blu,BLU Energy M,https://www.gsmarena.com/blu_energy_m-8253.php,https://fdn2.gsmarena.com/vv/bigpic/blu-energy-m.jpg,GSM / HSPA,No,"2016, August. Released 2016, August",Discontinued,146.5 x 73.2 x 10.5 mm (5.77 x 2.88 x 0.41 in),136.0,,,"Dual SIM (Micro-SIM, dual stand-by)",LCD,,5.0,480x854,196,64.2,,Android 6.0 (Marshmallow),Mediatek MT6580 (28 nm),28,Quad-core 1.3 GHz Cortex-A7,Mali-400MP2,1,1,8,8,,5.0,1,,No,,No,LED flash,720@30fps,2.0,No,LED flash,,"Wi-Fi 802.11 b/g/n, Wi-Fi Direct",No,4.0,Micro-USB,Yes,GPS,"Accelerometer, proximity",4000,,,No,,,,,,,,,,,"Grey, White, Pink, Gold, Blue",,,,Stereo FM radio
Blu,BLU Neo X LTE,https://www.gsmarena.com/blu_neo_x_lte-8254.php,https://fdn2.gsmarena.com/vv/bigpic/blu-neo-x-lte.jpg,GSM / HSPA / LTE,No,"2016, August. Released 2016, August",Discontinued,146.1 x 73.8 x 7.5 mm (5.75 x 2.91 x 0.30 in),169.0,,,"Dual SIM (Micro-SIM, dual stand-by)",LCD,,5.0,480x854,196,63.9,,Android 6.0 (Marshmallow),Mediatek MT6735 (28 nm),28,Quad-core 1.0 GHz Cortex-A53,Mali-T720,1,1,8,8,,5.0,1,,No,,No,LED flash,720@30fps,2.0,No,,,"Wi-Fi 802.11 b/g/n, Wi-Fi Direct",No,4.0,Micro-USB,Yes,GPS,"Accelerometer, proximity",2500,,,No,,,,,,,,,,,Black,,,,Stereo FM radio
Blu,BLU R1 HD,https://www.gsmarena.com/blu_r1_hd-8171.php,https://fdn2.gsmarena.com/vv/bigpic/blu-r1-hd.jpg,GSM / HSPA / LTE,No,"2016, June. Released 2016, June",Discontinued,143.5 x 72 x 8.7 mm (5.65 x 2.83 x 0.34 in),142.0,,,"Dual SIM (Micro-SIM, dual stand-by)",IPS LCD,,5.0,720x1280,294,66.7,Gorilla Glass 3,Android 6.0 (Marshmallow),Mediatek MT6735 (28 nm),28,Quad-core 1.3 GHz Cortex-A53,Mali-T720,1,2,8,16,,8.0,1,2.0,No,1/4.0,No,"LED flash, panorama, HDR",1080p@30fps,5.0,No,LED flash,,Wi-Fi 802.11 b/g/n,No,4.0,Micro-USB,Yes,GPS,"Accelerometer, proximity",2500,,,No,,,,,,,,,,,Midnight Black,R1 HD,,,No
Blu,BLU Grand 5.5 HD,https://www.gsmarena.com/blu_grand_5_5_hd-8188.php,https://fdn2.gsmarena.com/vv/bigpic/blu-grand-55-hd.jpg,GSM / HSPA,No,"2016, July. Released 2016, July",Discontinued,155.2 x 79 x 9.6 mm (6.11 x 3.11 x 0.38 in),188.0,,,"Dual SIM (Micro-SIM, dual stand-by)",IPS LCD,,5.5,720x1280,267,68.0,,Android 6.0 (Marshmallow),Mediatek MT6580 (28 nm),28,Quad-core 1.3 GHz Cortex-A7,Mali-400MP2,1,1,8,8,,8.0,1,,No,,No,LED flash,1080p@30fps,5.0,No,LED flash,,"Wi-Fi 802.11 b/g/n, Wi-Fi Direct",No,4.0,Micro-USB,Yes,GPS,"Accelerometer, proximity",2500,,,No,,,,,,,,,,,"Black, Gold, White, Rose Gold",GRAND 5.5 HD,,,FM radio
Blu,BLU Energy Diamond Mini,https://www.gsmarena.com/blu_energy_diamond_mini-8189.php,https://fdn2.gsmarena.com/vv/bigpic/blu-energy-diamond-mini1.jpg,GSM / HSPA,No,"2016, July. Released 2016, July",Discontinued,131.5 x 63.8 x 11.3 mm (5.18 x 2.51 x 0.44 in),142.0,,,"Dual SIM (Mini-SIM, dual stand-by)",LCD,,4.0,480x800,233,54.3,,"Android 5.1 (Lollipop), upgradable to 6.0 (Marshmallow)",Mediatek MT6580 (28 nm),28,Quad-core 1.3 GHz Cortex-A7,Mali-400MP2,,,4,4,,5.0,1,,No,,No,LED flash,720@30fps,2.0,No,,,"Wi-Fi 802.11 b/g/n, hotspot",No,4.0,Micro-USB,Yes,GPS,Accelerometer,3000,,,No,,,,,,,,,,,"Grey, Silver, Blue, Pink, Gold",,,,Stereo FM radio
Blu,BLU Dash 4.5 (2016),https://www.gsmarena.com/blu_dash_4_5_(2016)-8190.php,https://fdn2.gsmarena.com/vv/bigpic/blu-dash-45-16.jpg,GSM / HSPA,No,"2016, July. Released 2016, July",Discontinued,132.8 x 66.8 x 10.5 mm (5.23 x 2.63 x 0.41 in),134.0,,,"Dual SIM (Mini-SIM, dual stand-by)",TFT,,4.5,480x854,218,62.9,,Android 5.1 (Lollipop),,,Quad-core 1.3 GHz Cortex-A7,Mali-400,,,4,4,,3.15,1,,No,,No,LED flash,720p@30fps,,No,,,"Wi-Fi 802.11 b/g/n, hotspot",No,4.0,Micro-USB,Yes,GPS,Accelerometer,1800,,,No,,,,,,,,,,,"Black, Blue",,,,Stereo FM radio
Blu,BLU Neo X Mini,https://www.gsmarena.com/blu_neo_x_mini-8191.php,https://fdn2.gsmarena.com/vv/bigpic/blu-neo-x-mini.jpg,GSM / HSPA,No,"2016, July. Released 2016, July",Discontinued,143 x 73.8 x 9.8 mm (5.63 x 2.91 x 0.39 in),151.0,,,"Dual SIM (Micro-SIM, dual stand-by)",LCD,,4.5,480x854,218,52.9,,Android 6.0 (Marshmallow),,,Quad-core 1.3 GHz Cortex-A7,Mali-400,,,4,4,,5.0,1,,No,,No,LED flash,720@30fps,2.0,No,,,Wi-Fi 802.11 b/g/n,No,4.0,Micro-USB,Yes,GPS,"Accelerometer, proximity",1700,,,No,,,,,,,,,,,"Black, White",,,,Stereo FM radio
Blu,BLU Energy XL,https://www.gsmarena.com/blu_energy_xl-8187.php,https://fdn2.gsmarena.com/vv/bigpic/blu-energy-xl.jpg,GSM / HSPA / LTE,No,"2016, July. Released 2016, July",Discontinued,160.9 x 81.2 x 8.4 mm (6.33 x 3.20 x 0.33 in),208.0,,,Dual SIM,AMOLED,,6.0,1080x1920,367,76.0,Gorilla Glass 3,Android 5.1 (Lollipop),Mediatek MT6753 (28 nm),28,Octa-core 1.3 GHz Cortex-A53,Mali-T720MP3,3,3,64,64,,13.0,1,2.2,No,,No,"LED flash, panorama, HDR",1080p@30fps,5.0,No,,,"Wi-Fi 802.11 b/g/n, Wi-Fi Direct, hotspot",No,4.0,Type-C,Yes,GPS,"Fingerprint (front-mounted), accelerometer, gyro, proximity",5000,,,No,,,,,,,,,,,"Gold, Silver",,,,FM radio
Blu,BLU Touch Book M7,https://www.gsmarena.com/blu_touch_book_m7-8153.php,https://fdn2.gsmarena.com/vv/bigpic/blu-touchbook-m7.jpg,GSM / HSPA,No,"2016, June. Released 2016, June",Discontinued,188 x 107.8 x 9.9 mm (7.40 x 4.24 x 0.39 in),,,,Dual SIM,IPS LCD,,7.0,600x1024,170,68.0,,Android 5.1 (Lollipop),Intel Atom x3,,Quad-core 1.2 GHz Cortex-A7,Mali-400,1,1,8,8,,2.0,1,,No,,No,,720p@30fps,,No,,,"Wi-Fi 802.11 b/g/n, hotspot",No,4.0,Micro-USB,Yes,GPS,Accelerometer,2800,,,No,,,,,,,,,,,"Black, White",,,,Stereo FM radio
Blu,BLU Studio Touch,https://www.gsmarena.com/blu_studio_touch-8152.php,https://fdn2.gsmarena.com/vv/bigpic/blu-studio-touch.jpg,GSM / HSPA / LTE,No,"2016, June. Released 2016, June",Discontinued,143.2 x 71.2 x 8.4 mm (5.64 x 2.80 x 0.33 in),141.0,,,Dual SIM,IPS LCD,,5.0,720x1280,294,67.6,,Android 6.0 (Marshmallow),Mediatek MT6735P (28 nm),28,Quad-core 1.0 GHz Cortex-A53,Mali-T720MP2,1,1,8,8,,8.0,1,2.0,No,1/4.0,No,"LED flash, panorama, HDR",1080p@30fps,5.0,No,LED flash,,"Wi-Fi 802.11 b/g/n, Wi-Fi Direct",No,4.0,Micro-USB,Yes,GPS,"Fingerprint (front-mounted), accelerometer, proximity",2500,,,No,,,,,,,,,,,"Gold, Gray",,,,FM radio
Blu,BLU Dash L2,https://www.gsmarena.com/blu_dash_l2-8151.php,https://fdn2.gsmarena.com/vv/bigpic/blu-dash-l2.jpg,GSM / HSPA,No,"2016, June. Released 2016, June",Discontinued,127 x 64.5 x 11.7 mm (5.0 x 2.54 x 0.46 in),123.0,,,"Dual SIM (MIni-SIM, dual stand-by)",TFT,,4.0,480x800,233,55.6,,Android 6.0 (Marshmallow),Mediatek MT6580 (28 nm),28,Quad-core 1.3 GHz Cortex-A7,Mali-400MP2,,,4,4,,3.15,1,,No,,No,LED flash,720p@30fps,,No,,,Wi-Fi 802.11 b/g/n,No,4.0,Micro-USB,Yes,GPS,Accelerometer,1400,,,No,,,,,,,,,,,"Black, White, Teal, Pink, Gold, Green",,,,Stereo FM radio
Blu,BLU Studio Selfie 2,https://www.gsmarena.com/blu_studio_selfie_2-8118.php,https://fdn2.gsmarena.com/vv/bigpic/blu-studio-selfie-2.jpg,GSM / HSPA,No,"2016, May. Released 2016, May",Discontinued,144.4 x 72.5 x 8.5 mm (5.69 x 2.85 x 0.33 in),153.0,,,"Dual SIM (Micro-SIM, dual stand-by)",IPS LCD,,5.0,480x854,196,65.8,,Android 5.1 (Lollipop),Mediatek MT6580 (28 nm),28,Quad-core 1.3 GHz Cortex-A7,Mali-400MP2,1,1,8,8,,5.0,1,,No,,No,LED flash,720@30fps,5.0,No,,,"Wi-Fi 802.11 b/g/n, Wi-Fi Direct, hotspot",No,4.0,Micro-USB,Yes,GPS,"Accelerometer, proximity",3000,,,No,,,,,,,,,,,"Black, White, Gold",,,,Stereo FM radio
Blu,BLU Neo XL,https://www.gsmarena.com/blu_neo_xl-8117.php,https://fdn2.gsmarena.com/vv/bigpic/blu-neo-xl.jpg,GSM / HSPA,No,"2016, March. Released 2016, March",Discontinued,162 x 84.5 x 8.5 mm (6.38 x 3.33 x 0.33 in),183.0,,,"Dual SIM (Micro-SIM, dual stand-by)",IPS LCD,,6.0,720x1280,245,72.5,,Android 5.1 (Lollipop),,,Quad-core 1.3 GHz Cortex-A7,Mali-400,1,1,8,8,,8.0,1,2.4,No,1/4.0,No,LED flash,1080p@30fps,5.0,No,,,"Wi-Fi 802.11 b/g/n, Wi-Fi Direct, hotspot",No,4.0,Micro-USB,Yes,GPS,"Accelerometer, proximity",2800,,,No,,,,,,,,,,,"Black, White",,,,Stereo FM radio
Blu,BLU Neo X,https://www.gsmarena.com/blu_neo_x-8116.php,https://fdn2.gsmarena.com/vv/bigpic/blu-neo-x.jpg,GSM / HSPA,No,"2016, May. Released 2016, May",Discontinued,143 x 73.8 x 9.8 mm (5.63 x 2.91 x 0.39 in),151.0,,,"Dual SIM (Micro-SIM, dual stand-by)",LCD,,5.0,480x854,196,65.3,,Android 5.1 (Lollipop),Mediatek MT6580 (28 nm),28,Quad-core 1.3 GHz Cortex-A7,Mali-400MP2,,,4,4,,5.0,1,,No,,No,LED flash,720@30fps,,No,,,"Wi-Fi 802.11 b/g/n, Wi-Fi Direct, hotspot",No,4.0,Micro-USB,Yes,GPS,"Accelerometer, proximity",2000,,,No,,,,,,,,,,,"Black, White, Gold",,,,Stereo FM radio
Blu,BLU Studio X8 HD,https://www.gsmarena.com/blu_studio_x8_hd-8119.php,https://fdn2.gsmarena.com/vv/bigpic/blu-studio-x8-hd.jpg,GSM,No,"2016, May. Released 2016, May",Discontinued,146 x 73.6 x 9.9 mm (5.75 x 2.90 x 0.39 in),144.0,,,"Dual SIM (Micro-SIM, dual stand-by)",IPS LCD,,5.0,720x1280,294,64.1,,Android 5.1 (Lollipop),,,Octa-core 1.4 GHz Cortex-A7,Mali-450,,,4,4,,5.0,1,,No,,No,LED flash,1080p@30fps,5.0,No,,,"Wi-Fi 802.11 b/g/n, Wi-Fi Direct, hotspot",No,4.0,Micro-USB,Yes,GPS,Accelerometer,2000,,,No,,,,,,,,,,,"Black, White",,,,Stereo FM radio
Blu,BLU Energy JR,https://www.gsmarena.com/blu_energy_jr-8115.php,https://fdn2.gsmarena.com/vv/bigpic/blu-energy-jr.jpg,GSM,No,"2016, June. Released 2016, June",Discontinued,131.5 x 63.8 x 11.3 mm (5.18 x 2.51 x 0.44 in),136.0,,,Nano-SIM + Micro-SIM,TFT,,4.0,480x800,233,54.3,,Android 4.4.2 (KitKat),,,Dual-core 1.3 GHz,Mali-400,,,,,,3.15,1,,No,,No,LED flash,720@30fps,,No,,,"Wi-Fi 802.11 b/g/n, hotspot",No,4.0,Micro-USB,Yes,A-GPS only,Accelerometer,3000,,,No,,,,,,,,,,,"Black, White",,,,Stereo FM radio
Blu,BLU Advance 4.0 L2,https://www.gsmarena.com/blu_advance_4_0_l2-8030.php,https://fdn2.gsmarena.com/vv/bigpic/blu-a-40-l2-.jpg,GSM / HSPA,No,"2016, April. Released 2016, April",Discontinued,133.7 x 65.8 x 10.8 mm (5.26 x 2.59 x 0.43 in),122.0,,,"Dual SIM (Mini-SIM, dual stand-by)",TFT,,4.0,480x800,233,51.8,,Android 6.0 (Marshmallow),Mediatek MT6580 (28 nm),28,Quad-core 1.3 GHz Cortex-A7,Mali-400MP2,,,4,4,,3.15,1,,No,,No,LED flash,720@30fps,,No,,,Wi-Fi 802.11 b/g/n,No,4.0,Micro-USB,Yes,GPS,Accelerometer,1300,,,No,,,,,,,,,,,"Black, White, Green, Pink",,,,Stereo FM radio
Blu,BLU Dash X2,https://www.gsmarena.com/blu_dash_x2-8029.php,https://fdn2.gsmarena.com/vv/bigpic/blu-dash-x2-.jpg,GSM / HSPA,No,"2016, April. Released 2016, April",Discontinued,145 x 73.1 x 9.7 mm (5.71 x 2.88 x 0.38 in),174.0,,,"Dual SIM (Micro-SIM, dual stand-by)",IPS LCD,,5.0,720x1280,294,65.0,,Android 6.0 (Marshmallow),,,Quad-core 1.3 GHz Cortex-A7,Mali-400,1,1,8,8,,8.0,1,,No,,No,LED flash,1080p@30fps,5.0,No,,,"Wi-Fi 802.11 b/g/n, Wi-Fi Direct",No,4.0,Micro-USB,Yes,GPS,"Accelerometer, proximity",2000,,,No,,,,,,,,,,,"Black, Gold, Rose Gold",,,,Stereo FM radio
Blu,BLU Dash M2,https://www.gsmarena.com/blu_dash_m2-8028.php,https://fdn2.gsmarena.com/vv/bigpic/blu-dash-m2-.jpg,GSM / HSPA,No,"2016, April. Released 2016, April",Discontinued,145 x 73.4 x 9.8 mm (5.71 x 2.89 x 0.39 in),172.0,,,"Dual SIM (Micro-SIM, dual stand-by)",IPS LCD,,5.0,480x854,196,64.7,,Android 6.0 (Marshmallow),,,Quad-core 1.3 GHz Cortex-A7,Mali-400,,,4,4,,5.0,1,,No,,No,LED flash,1080p@30fps,2.0,No,,,"Wi-Fi 802.11 b/g/n, Wi-Fi Direct",No,4.0,Micro-USB,Yes,GPS,"Accelerometer, proximity",2000,,,No,,,,,,,,,,,"Black, Gold, White, Rose Gold",,,,Stereo FM radio
Blu,BLU Studio X Mini,https://www.gsmarena.com/blu_studio_x_mini-8003.php,https://fdn2.gsmarena.com/vv/bigpic/blu-studio-x-mini.jpg,GSM / HSPA / LTE,No,"2016, March. Released 2016, March",Discontinued,133.7 x 65.8 x 10.8 mm (5.26 x 2.59 x 0.43 in),122.0,,,"Dual SIM (Micro-SIM, dual stand-by)",IPS LCD,,4.5,480x854,218,63.4,,Android 5.1 (Lollipop),Mediatek MT6735 (28 nm),28,Quad-core 1.0 GHz Cortex-A53,Mali-T720,1,1,8,8,,5.0,1,2.8,No,1/4.0,No,LED flash,720p@30fps,,No,,,"Wi-Fi 802.11 b/g/n, Wi-Fi Direct, hotspot",No,4.0,Micro-USB,Yes,GPS,"Accelerometer, proximity",1800,,,No,,,,,,,,,,,"Black, White",,,,Stereo FM radio
Blu,BLU Life Mark,https://www.gsmarena.com/blu_life_mark-7990.php,https://fdn2.gsmarena.com/vv/bigpic/blu-life-mark.jpg,GSM / HSPA / LTE,No,"2016, March. Released 2016, March",Discontinued,142.4 x 72 x 9.5 mm (5.61 x 2.83 x 0.37 in),150.0,,,"Dual SIM (Micro-SIM, dual stand-by)",IPS LCD,,5.0,720x1280,294,67.2,,Android 5.1 (Lollipop),Mediatek MT6735 (28 nm),28,Quad-core 1.3 GHz Cortex-A53,Mali-T720,2,2,16,16,,13.0,1,2.0,No,1/3.0,No,"LED flash, panorama, HDR",1080p@30fps,5.0,No,,,Wi-Fi 802.11 b/g/n,No,4.0,Micro-USB,Yes,GPS,"Fingerprint (rear-mounted), accelerometer, proximity, compass",2300,,,No,,,,,,,,,,,"Gold, Grey, White",,,,FM radio
Blu,BLU Studio One Plus,https://www.gsmarena.com/blu_studio_one_plus-7988.php,https://fdn2.gsmarena.com/vv/bigpic/blu-studio-one-plus.jpg,GSM / HSPA / LTE,No,"2016, February. Released 2016, February",Discontinued,143.5 x 71.2 x 8.7 mm (5.65 x 2.80 x 0.34 in),175.0,,,"Dual SIM (Micro-SIM, dual stand-by)",IPS LCD,,5.5,1080x1920,401,81.6,,Android 5.1 (Lollipop),Mediatek MT6753 (28 nm),28,Octa-core 1.3 GHz Cortex-A53,Mali-T720,2,2,16,16,,13.0,1,2.0,No,1/3.0,No,"LED flash, panorama, HDR",1080p@30fps,5.0,No,,,Wi-Fi 802.11 b/g/n,No,4.0,Micro-USB,Yes,GPS,"Accelerometer, proximity, compass",3200,,,No,,,,,,,,,,,"Grey, Gold, Silver",,,,FM radio
Blu,BLU Studio One,https://www.gsmarena.com/blu_studio_one-7989.php,https://fdn2.gsmarena.com/vv/bigpic/blu-studio-one.jpg,GSM / HSPA / LTE,No,"2016, February. Released 2016, February",Discontinued,141.5 x 71 x 7.6 mm (5.57 x 2.80 x 0.30 in),147.0,,,"Dual SIM (Micro-SIM, dual stand-by)",IPS LCD,,5.0,720x1280,294,68.6,,Android 5.1 (Lollipop),Mediatek MT6735 (28 nm),28,Quad-core 1.3 GHz Cortex-A53,Mali-T720,2,2,16,16,,13.0,1,2.0,No,1/3.0,No,"LED flash, panorama, HDR",1080p@30fps,5.0,No,,,Wi-Fi 802.11 b/g/n,No,4.0,Micro-USB,Yes,GPS,"Accelerometer, proximity, compass",2450,,,No,,,,,,,,,,,"Black, Grey, White, Gold",,,,FM radio
Blu,BLU Dash X Plus LTE,https://www.gsmarena.com/blu_dash_x_plus_lte-7987.php,https://fdn2.gsmarena.com/vv/bigpic/blu-dash-x-plus-lte.jpg,GSM / HSPA / LTE,No,"2016, March. Released 2016, March",Discontinued,158.8 x 77.7 x 10.2 mm (6.25 x 3.06 x 0.40 in),190.0,,,"Dual SIM (Micro-SIM, dual stand-by)",IPS LCD,,5.5,720x1280,267,67.6,,Android 5.1 (Lollipop),Mediatek MT6735 (28 nm),28,Quad-core 1.0 GHz Cortex-A53,Mali-T720MP2,1,1,8,8,,8.0,1,2.4,No,1/3.2,No,LED flash,1080p@30fps,5.0,No,LED flash,,"Wi-Fi 802.11 b/g/n, Wi-Fi Direct, hotspot",No,4.0,Micro-USB,Yes,GPS,"Accelerometer, proximity",2750,,,No,,,,,,,,,,,"Black, Gold, White",,,,Stereo FM radio
Blu,BLU Energy X LTE,https://www.gsmarena.com/blu_energy_x_lte-7986.php,https://fdn2.gsmarena.com/vv/bigpic/blu-energy-x-lte.jpg,GSM / HSPA / LTE,No,"2016, March. Released 2016, March",Discontinued,143 x 69.9 x 8.5 mm (5.63 x 2.75 x 0.33 in),183.0,,,Dual SIM,IPS LCD,,5.0,720x1280,294,68.9,,Android 5.1 (Lollipop),Mediatek MT6735 (28 nm),28,Quad-core 1.3 GHz Cortex-A53,Mali-T720,1,1,16,16,,8.0,1,2.4,No,1/4.0,No,"LED flash, panorama, HDR",1080p@30fps,5.0,No,,,"Wi-Fi 802.11 b/g/n, Wi-Fi Direct, hotspot",No,4.0,Micro-USB,Yes,GPS,"Accelerometer, proximity, compass",4000,,,No,,,,,,,,,,,"Gold, Grey",,,,FM radio
Blu,BLU Life XL,https://www.gsmarena.com/blu_life_xl-7978.php,https://fdn2.gsmarena.com/vv/bigpic/blu-life-xl-.jpg,GSM / HSPA / LTE,No,"2016, January. Released 2016, January",Discontinued,155.4 x 79.3 x 8.5 mm (6.12 x 3.12 x 0.33 in),168.0,,,"Dual SIM (Micro-SIM, dual stand-by)",IPS LCD,,5.5,720x1280,267,67.7,,Android 5.1 (Lollipop),MediaTek MT6592M Qualcomm MSM8916 Snapdragon 410 (28 nm),28,Octa-core 1.4 GHz Cortex-A7 Quad-core 1.2 GHz Cortex-A53,Mali-450MP4 Adreno 306,1,2,8,16,eMMC 4.5,13.0,1,,No,,No,"LED flash, panorama, HDR",1080p@30fps,5.0,No,,,"Wi-Fi 802.11 b/g/n, Wi-Fi Direct, hotspot",No,4.0,Micro-USB,Yes,GPS,"Accelerometer, proximity, compass",2820,,,No,,,,,,,,,,,"Black, White",,,,FM radio
Blu,BLU Studio 5.5 HD,https://www.gsmarena.com/blu_studio_5_5_hd-7974.php,https://fdn2.gsmarena.com/vv/bigpic/blu-studio-5.5-hd.jpg,GSM / HSPA,No,"2016, March. Released 2016, March",Discontinued,153.8 x 77.4 x 9.1 mm (6.06 x 3.05 x 0.36 in),183.0,,,"Dual SIM (Micro-SIM/ Mini-SIM, dual stand-by)",IPS LCD,,5.5,720x1280,267,70.1,,Android 5.1 (Lollipop),,,Quad-core 1.3 GHz Cortex-A7,Mali-400,1,1,8,8,,5.0,1,2.4,No,1/4.0,No,LED flash,1080p@30fps,5.0,No,,,"Wi-Fi 802.11 b/g/n, Wi-Fi Direct, hotspot",No,4.0,Micro-USB,Yes,GPS,"Accelerometer, proximity",2500,,,No,,,,,,,,,,,"Black, White, Gold",,,,Stereo FM radio
Blu,BLU Energy X 2,https://www.gsmarena.com/blu_energy_x_2-7924.php,https://fdn2.gsmarena.com/vv/bigpic/blu-energy-x2-.jpg,GSM / HSPA,No,"2016, February. Released 2016, February",Discontinued,143.5 x 71 x 9.6 mm (5.65 x 2.80 x 0.38 in),190.0,,,"Dual SIM (Micro-SIM, dual stand-by)",IPS LCD,,5.0,720x1280,294,67.6,Gorilla Glass 3,Android 5.1 (Lollipop),,,Quad-core 1.3 GHz Cortex-A7,,1,1,8,8,,8.0,1,2.2,No,1/4.0,No,LED flash,1080p@30fps,5.0,No,,,"Wi-Fi 802.11 b/g/n, Wi-Fi Direct, hotspot",No,4.0,Micro-USB,Yes,GPS,"Accelerometer, proximity",4000,,,No,,,,,,,,,,,"Gold, Grey",,,,Stereo FM radio
Blu,BLU Neo X Plus,https://www.gsmarena.com/blu_neo_x_plus-7923.php,https://fdn2.gsmarena.com/vv/bigpic/blu-neo-x-plus.jpg,GSM / HSPA,No,"2016, February. Released 2016, February",Discontinued,152.6 x 77.9 x 8.3 mm (6.01 x 3.07 x 0.33 in),162.0,,,"Dual SIM (Micro-SIM, dual stand-by)",IPS LCD,,5.5,720x1280,267,70.2,,Android 5.1 (Lollipop),,,Quad-core 1.3 GHz Cortex-A7,Mali-400,1,1,8,8,,8.0,1,2.0,No,1/4.0,No,LED flash,1080p@30fps,5.0,No,,,"Wi-Fi 802.11 b/g/n, Wi-Fi Direct, hotspot",No,4.0,Micro-USB,Yes,GPS,"Accelerometer, proximity",2500,,,No,,,,,,,,,,,"Black, White",,,,Stereo FM radio
Blu,BLU Studio G HD,https://www.gsmarena.com/blu_studio_g_hd-7922.php,https://fdn2.gsmarena.com/vv/bigpic/blu-studio-g-hd.jpg,GSM / HSPA,No,"2016, February. Released 2016, February",Discontinued,143.3 x 71.5 x 8.4 mm (5.64 x 2.81 x 0.33 in),133.0,,,"Dual SIM (Micro-SIM/ Mini-SIM, dual stand-by)",IPS LCD,,5.0,720x1280,294,67.3,,Android 5.1 (Lollipop),,,Quad-core 1.3 GHz Cortex-A7,Mali-400,1,1,8,8,,5.0,1,2.2,No,1/5.0,No,LED flash,720p@30fps,2.0,No,,,"Wi-Fi 802.11 b/g/n, Wi-Fi Direct, hotspot",No,2.1,Micro-USB,Yes,GPS,"Accelerometer, proximity",2000,,,No,,,,,,,,,,,"Black, White, Pink",,,,Stereo FM radio
Blu,BLU Studio M HD,https://www.gsmarena.com/blu_studio_m_hd-7892.php,https://fdn2.gsmarena.com/vv/bigpic/blu-studio-m-hd.jpg,GSM / HSPA,No,"2016, February. Released 2016, February",Discontinued,143.3 x 72 x 8.9 mm (5.64 x 2.83 x 0.35 in),150.0,,,"Dual SIM (Micro-SIM, dual stand-by)",IPS LCD,,5.0,720x1280,294,66.8,,Android 5.1 (Lollipop),,,Quad-core 1.3 GHz Cortex-A7,Mali-400,1,1,16,16,,8.0,1,2.8,No,1/4.0,No,LED flash,720p@30fps,2.0,No,,,"Wi-Fi 802.11 b/g/n, Wi-Fi Direct, hotspot",No,4.0,Micro-USB,Yes,GPS,"Accelerometer, proximity",2000,,,No,,,80.0,,,,,,,,"Black, White, Blue, Pink",,,,Stereo FM radio
Blu,BLU Studio C HD,https://www.gsmarena.com/blu_studio_c_hd-7867.php,https://fdn2.gsmarena.com/vv/bigpic/blu-studio-c-hd-.jpg,GSM / HSPA,No,"2016, January. Released 2016, January",Discontinued,144.7 x 71.2 x 10.2 mm (5.70 x 2.80 x 0.40 in),176.0,,,"Dual SIM (Micro-SIM, dual stand-by)",IPS LCD,,5.0,720x1280,294,66.9,,Android 5.1 (Lollipop),Mediatek MT6582 (28 nm),28,Quad-core 1.3 GHz Cortex-A7,Mali-400MP2,1,1,8,8,,8.0,1,,No,,No,LED flash,1080p@30fps,5.0,No,LED flash,,"Wi-Fi 802.11 b/g/n, Wi-Fi Direct, hotspot",No,4.0,Micro-USB,Yes,GPS,"Accelerometer, proximity",2000,,,No,,,,,,,,,,,"Black, White, Gold, Green, Blue, Pink",,,,Stereo FM radio
Blu,BLU Vivo XL,https://www.gsmarena.com/blu_vivo_xl-7858.php,https://fdn2.gsmarena.com/vv/bigpic/blu-vivo-xl.jpg,GSM / HSPA / LTE,No,"2016, January. Released 2016, January",Discontinued,155.3 x 76.7 x 7.5 mm (6.11 x 3.02 x 0.30 in),154.0,,,"Dual SIM (Micro-SIM, dual stand-by)",AMOLED,,5.5,720x1280,267,70.0,Gorilla Glass 3,"Android 5.1 (Lollipop), upgradable to 6.0 (Marshmallow)",Mediatek MT6753 (28 nm),28,Octa-core 1.3 GHz Cortex-A53,Mali-T720MP3,2,2,16,16,,13.0,1,,No,,No,"LED flash, panorama, HDR",1080p@30fps,5.0,No,,,Wi-Fi 802.11 b/g/n,No,4.0,Type-C,Yes,GPS,"Accelerometer, proximity, compass",3150,,,No,,,,,,,,,,,"Gold, Silver, Blue, Pink",,,,FM radio
Blu,BLU Vivo 5,https://www.gsmarena.com/blu_vivo_5-7857.php,https://fdn2.gsmarena.com/vv/bigpic/blu-vivo-5.jpg,GSM / HSPA / LTE,No,"2016, January. Released 2016, February",Discontinued,151.9 x 74.6 x 6.9 mm (5.98 x 2.94 x 0.27 in),,,,Nano-SIM + Micro-SIM,AMOLED,,5.5,720x1280,267,73.6,Gorilla Glass 3,"Android 5.1 (Lollipop), upgradable to 6.0 (Marshmallow)",Mediatek MT6753 (28 nm),28,Octa-core 1.3 GHz Cortex-A53,Mali-T720MP3,3,3,32,32,,13.0,1,,No,,No,"LED flash, panorama, HDR",1080p@30fps,5.0,No,,,Wi-Fi 802.11 b/g/n,No,4.0,Type-C,Yes,GPS,"Accelerometer, gyro, proximity, compass",3150,,,No,,,240.0,,,,,,,,"Silver, Gold",,,,FM radio
Blu,BLU Life One X (2016),https://www.gsmarena.com/blu_life_one_x_(2016)-7820.php,https://fdn2.gsmarena.com/vv/bigpic/blu-life-one-x-2016.jpg,GSM / HSPA / LTE,No,"2015, December. Released 2015, December",Discontinued,149.5 x 73.6 x 8.6 mm (5.89 x 2.90 x 0.34 in),141.0,,,"Dual SIM (Micro-SIM, dual stand-by)",IPS LCD,,5.2,1080x1920,424,67.7,Gorilla Glass 3,"Android 5.1 (Lollipop), upgradаble to 6.0 (Marshmallow)",Mediatek MT6753 (28 nm),28,Octa-core 1.3 GHz Cortex-A53,Mali-T720MP3,2,2,16,16,,13.0,1,,No,,No,"LED flash, panorama, HDR",1080p@30fps,5.0,No,LED flash,,Wi-Fi 802.11 b/g/n,No,4.0,Micro-USB,Yes,GPS,"Accelerometer, proximity, compass",2900,,,No,,,,,,,,,,,"Black, White",,,,FM radio
Blu,BLU Studio G Plus,https://www.gsmarena.com/blu_studio_g_plus-7775.php,https://fdn2.gsmarena.com/vv/bigpic/blu-studio-g-plus.jpg,GSM / HSPA,No,"2015, November. Released 2015, November",Discontinued,155.5 x 78.8 x 9.6 mm (6.12 x 3.10 x 0.38 in),154.0,,,"Dual SIM (Micro-SIM, dual stand-by)",IPS LCD,,5.5,480x854,178,68.0,,Android 5.1 (Lollipop),,,Quad-core 1.3 GHz Cortex-A7,Mali-400,1,1,8,8,,5.0,1,,No,,No,LED flash,720p@30fps,,No,,,"Wi-Fi 802.11 b/g/n, Wi-Fi Direct, hotspot",No,4.0,Micro-USB,Yes,GPS,"Accelerometer, proximity",2800,,,No,,,,,,,,,,,"Black, White, Blue, Gold, Pink, Green",,,,Stereo FM radio
Blu,BLU Dash X LTE,https://www.gsmarena.com/blu_dash_x_lte-7774.php,https://fdn2.gsmarena.com/vv/bigpic/blu-dash-x-lte1.jpg,GSM / HSPA / LTE,No,"2015, November. Released 2015, November",Discontinued,142.5 x 71 x 9.3 mm (5.61 x 2.80 x 0.37 in),157.0,,,Dual SIM,IPS LCD,,5.0,720x1280,294,68.1,,Android 5.1 (Lollipop),Qualcomm MSM8909 Snapdragon 210 (28 nm),28,Quad-core 1.1 GHz Cortex-A7,Adreno 304,1,1,8,8,eMMC 4.5,8.0,1,,No,,No,LED flash,1080p@30fps,5.0,No,,,"Wi-Fi 802.11 b/g/n, hotspot",No,4.1,Micro-USB,Yes,GPS,"Accelerometer, proximity",2500,,,No,,,,,,,,,,,"Black, White",,,,FM radio
Blu,BLU Studio 7.0 LTE,https://www.gsmarena.com/blu_studio_7_0_lte-7726.php,https://fdn2.gsmarena.com/vv/bigpic/blu-studio-70-lte.jpg,GSM / HSPA / LTE,No,"2015, October. Released 2015, October",Discontinued,190 x 99.8 x 8.5 mm (7.48 x 3.93 x 0.33 in),266.0,,,Dual SIM,IPS LCD,,7.0,720x1280,210,71.2,,Android 5.1 (Lollipop),Qualcomm MSM8916 Snapdragon 410 (28 nm),28,Quad-core 1.2 GHz Cortex-A53,Adreno 306,1,1,16,16,eMMC 4.5,8.0,1,,No,,No,LED flash,1080p@30fps,2.0,No,,,"Wi-Fi 802.11 b/g/n, hotspot",No,4.0,Micro-USB,Yes,GPS,"Accelerometer, proximity, compass",3700,,,No,,,,,,,,,,,"Grey, White, Gold, Blue",,,,FM radio
Blu,BLU Dash L,https://www.gsmarena.com/blu_dash_l-7725.php,https://fdn2.gsmarena.com/vv/bigpic/blu-dash-l.jpg,GSM / HSPA,No,"2015, October. Released 2015, October",Discontinued,126 x 64 x 11 mm (4.96 x 2.52 x 0.43 in),122.0,,,Dual SIM (Micro-SIM/ Mini-SIM),TFT,,4.0,480x800,233,56.5,,Android 4.4 (KitKat),Mediatek MT6572 (28 nm),28,Dual-core 1.0 GHz Cortex-A7,Mali-400,,,4,4,,3.15,1,,No,,No,LED flash,720p@30fps,,No,,,"Wi-Fi 802.11 b/g/n, hotspot",No,4.0,Micro-USB,Yes,GPS,Accelerometer,1450,,,No,,,,,,,,,,,"Black, White, Teal, Pink, Gold, Green",,,,Stereo FM radio
Blu,BLU Studio G LTE,https://www.gsmarena.com/blu_studio_g_lte-7706.php,https://fdn2.gsmarena.com/vv/bigpic/blu-studio-g-lte.jpg,GSM / HSPA / LTE,No,"2015, October. Released 2015, October",Discontinued,143 x 72 x 8.9 mm (5.63 x 2.83 x 0.35 in),149.0,,,"Dual SIM (Micro-SIM, dual stand-by)",IPS LCD,,5.0,480x854,196,66.9,,Android 5.1 (Lollipop),Qualcomm MSM8909 Snapdragon 210 (28 nm),28,Quad-core 1.1 GHz Cortex-A7,Adreno 304,1,1,8,8,eMMC 4.5,5.0,1,,No,,No,LED flash,720p@30fps,2.0,No,,,"Wi-Fi 802.11 b/g/n, Wi-Fi Direct, hotspot",No,4.0,Micro-USB,Yes,GPS,"Accelerometer, gyro, proximity, compass",2500,,,No,,,,,,,,,,,Black,,,,Stereo FM radio
Blu,BLU Dash M,https://www.gsmarena.com/blu_dash_m-7705.php,https://fdn2.gsmarena.com/vv/bigpic/blu-dash-m.jpg,GSM / HSPA,No,"2015, October. Released 2015, October",Discontinued,145.2 x 73.2 x 9.1 mm (5.72 x 2.88 x 0.36 in),157.0,,,"Dual SIM (Micro-SIM, dual stand-by)",IPS LCD,,5.0,480x854,196,64.8,,Android 5.0 (Lollipop),,,Quad-core 1.3 GHz Cortex-A7,Mali-400,,,4,4,,5.0,1,,No,,No,LED flash,720p@30fps,2.0,No,,,"Wi-Fi 802.11 b/g/n, Wi-Fi Direct, hotspot",No,4.0,Micro-USB,Yes,GPS,"Accelerometer, proximity",1800,,,No,,,,,,,,,,,"Black, White, Gold, Mint Green",,,,Stereo FM radio
Blu,BLU Dash X,https://www.gsmarena.com/blu_dash_x-7676.php,https://fdn2.gsmarena.com/vv/bigpic/blu-dash-x.jpg,GSM / HSPA,No,"2015, October. Released 2015, October",Discontinued,142.5 x 71 x 9.3 mm (5.61 x 2.80 x 0.37 in),148.0,,,"Dual SIM (Micro-SIM, dual stand-by)",IPS LCD,,5.0,720x1280,294,68.1,,Android 5.1 (Lollipop),,,Quad-core 1.3 GHz Cortex-A7,Mali-400,1,1,8,8,,8.0,1,,No,,No,LED flash,1080p@30fps,5.0,No,,,"Wi-Fi 802.11 b/g/n, Wi-Fi Direct, hotspot",No,4.0,Micro-USB,Yes,GPS,"Accelerometer, proximity",2000,,,No,,,,,,,,,,,"Black, White",,,,Stereo FM radio
Blu,BLU Studio Energy 2,https://www.gsmarena.com/blu_studio_energy_2-7671.php,https://fdn2.gsmarena.com/vv/bigpic/blu-studio-energy-2.jpg,GSM / HSPA / LTE,No,"2015, October. Released 2015, October",Discontinued,144 x 71.2 x 10.1 mm (5.67 x 2.80 x 0.40 in),176.0,,,Dual SIM,Super AMOLED,,5.0,720x1280,294,67.2,,Android 5.0 (Lollipop),Mediatek MT6735 (28 nm),28,Quad-core 1.3 GHz Cortex-A53,Mali-T720MP2,5,5,5,16,,8.0,1,,No,,No,"LED flash, panorama",1080p@30fps,5.0,No,,,"Wi-Fi 802.11 b/g/n, Wi-Fi Direct, hotspot",No,4.0,Micro-USB,Yes,GPS,"Accelerometer, gyro, proximity, compass",5000,,,No,,,,,,,,,,,"Black, White",,,,FM radio
Blu,BLU Dash X Plus,https://www.gsmarena.com/blu_dash_x_plus-7645.php,https://fdn2.gsmarena.com/vv/bigpic/blu-dash-x-plus.jpg,GSM / HSPA,No,"2015, October. Released 2015, October",Discontinued,158.8 x 77.7 x 10.2 mm (6.25 x 3.06 x 0.40 in),190.0,,,"Dual SIM (Micro-SIM, dual stand-by)",IPS LCD,,5.5,720x1280,267,67.6,,Android 5.0 (Lollipop),,,Quad-core 1.3 GHz Cortex-A7,Mali-400,1,1,8,8,,8.0,1,,No,,No,LED flash,1080p@30fps,5.0,No,,,"Wi-Fi 802.11 b/g/n, Wi-Fi Direct, hotspot",No,4.0,Micro-USB,Yes,GPS,"Accelerometer, proximity",2750,,,No,,,,,,,,,,,"Black, Gold, Green, Pink, White",,,,Stereo FM radio
Blu,BLU Energy X,https://www.gsmarena.com/blu_energy_x-7623.php,https://fdn2.gsmarena.com/vv/bigpic/blu-energy-x.jpg,GSM / HSPA,No,"2015, September. Released 2015, September",Discontinued,142 x 70 x 8.9 mm (5.59 x 2.76 x 0.35 in),154.0,,,"Dual SIM (Micro-SIM, dual stand-by)",IPS LCD,,5.0,720x1280,294,69.3,Gorilla Glass 3,Android 5.1 (Lollipop),,,Quad-core 1.3 GHz Cortex-A7,,1,1,8,8,,8.0,1,,No,,No,LED flash,1080p@30fps,2.0,No,,,"Wi-Fi 802.11 b/g/n, Wi-Fi Direct, hotspot",No,4.0,Micro-USB,Yes,GPS,"Accelerometer, proximity",4000,,,No,,,,,,,,,,,"Gold, Grey",,,,Stereo FM radio
Blu,BLU Pure XL,https://www.gsmarena.com/blu_pure_xl-7558.php,https://fdn2.gsmarena.com/vv/bigpic/blu-pure-xl.jpg,GSM / HSPA / LTE,No,"2015, September. Released 2015, September",Discontinued,164 x 82.2 x 9.3 mm (6.46 x 3.24 x 0.37 in),207.0,,,"Dual SIM (Micro-SIM, dual stand-by)",AMOLED,,6.0,1440x2560,490,73.6,Gorilla Glass 3,Android 5.1 (Lollipop),Mediatek MT6795 Helio X10 (28 nm),28,Octa-core 2.0 GHz Cortex-A53,PowerVR G6200,3,3,64,64,eMMC 5.0,24.0,1,,Yes,1/2.3,Yes,"Dual-LED dual-tone flash, panorama, HDR",4K@30fps,8.0,No,,,Wi-Fi 802.11 b/g/n,Yes,4.0,Micro-USB,Yes,GPS,"Fingerprint (rear-mounted), accelerometer, gyro, proximity, compass",3500,,,No,,,310.0,,,,,,,,"Black, Gold",,,,"FM radio, recording"
Blu,BLU Vivo Air LTE,https://www.gsmarena.com/blu_vivo_air_lte-7559.php,https://fdn2.gsmarena.com/vv/bigpic/blu-vivo-air-lte.jpg,GSM / HSPA / LTE,No,"2015, September. Released 2015, September",Discontinued,141.9 x 68.1 x 5.1 mm (5.59 x 2.68 x 0.20 in),98.0,,,Nano-SIM,AMOLED,,4.8,720x1280,306,65.7,Gorilla Glass 3,Android 5.0.2 (Lollipop),Qualcomm MSM8916 Snapdragon 410 (28 nm),28,Quad-core 1.2 GHz Cortex-A53,Adreno 306,2,2,16,16,eMMC 4.5,8.0,1,,No,,No,LED flash,1080p@30fps,5.0,No,,,"Wi-Fi 802.11 b/g/n, hotspot",No,4.0,Micro-USB,Yes,GPS,"Accelerometer, proximity",2050,,,No,,,,,,,,,,,"Black, White",,,,FM radio
Blu,BLU Studio XL,https://www.gsmarena.com/blu_studio_xl-7523.php,https://fdn2.gsmarena.com/vv/bigpic/blu-studio-xl.jpg,GSM / HSPA,No,"2015, August. Released 2015, August",Discontinued,165.5 x 85.3 x 8.5 mm (6.52 x 3.36 x 0.33 in),177.0,,,"Dual SIM (Micro-SIM, dual stand-by)",IPS LCD,,6.0,540x960,184,70.3,,Android 5.0 (Lollipop),Mediatek MT6582M (28 nm),28,Quad-core 1.3 GHz Cortex-A7,Mali-400MP2,1,1,8,8,,8.0,1,,No,,No,LED flash,1080p@30fps,2.0,No,,,"Wi-Fi 802.11 b/g/n, hotspot",No,4.0,Micro-USB,Yes,GPS,"Accelerometer, proximity",3000,,,No,,,110.0,,,,,,,,"Black, White",,,,FM radio
Blu,BLU Life X8,https://www.gsmarena.com/blu_life_x8-7499.php,https://fdn2.gsmarena.com/vv/bigpic/blu-life-x8.jpg,GSM / HSPA,No,"2015, July. Released 2015, July",Discontinued,140.7 x 70.2 x 9.3 mm (5.54 x 2.76 x 0.37 in),149.0,,,Dual SIM (Micro-SIM),IPS LCD,,5.0,720x1280,294,69.8,,"Android 4.4.2 (KitKat), upgradable to 5.0 (Lollipop)",Mediatek MT6592M (28 nm),28,Octa-core 1.4 GHz Cortex-A7,Mali-450MP4,1,1,8,8,,8.0,1,,No,,No,"LED flash, HDR",1080p@30fps,2.0,No,,,"Wi-Fi 802.11 b/g/n, Wi-Fi Direct, hotspot",No,4.0,Micro-USB,Yes,GPS,"Accelerometer, proximity",2500,,,No,,,,,,,,,,,"Black, Pink, White, Mint, Gold",,,,FM radio
Blu,BLU Touchbook G7,https://www.gsmarena.com/blu_touchbook_g7-7498.php,https://fdn2.gsmarena.com/vv/bigpic/blu-touchbook-g7.jpg,GSM / HSPA,No,"2015, August. Released 2015, August",Discontinued,197.2 x 107 x 8.9 mm (7.76 x 4.21 x 0.35 in),298.0,,,Micro-SIM,IPS LCD,,7.0,600x1024,170,65.3,,Android 5.0 (Lollipop),,,Dual-core 1.3 GHz Cortex-A7,Mali-400,,,4,4,,2.0,1,,No,,No,,720p@30fps,,No,,,"Wi-Fi 802.11 b/g/n, hotspot",No,4.0,Micro-USB,Yes,GPS,Accelerometer,3000,,,No,,,,,,,,,,,"White, Gold, Grey",,,,Stereo FM radio
Blu,BLU Studio 7.0 II,https://www.gsmarena.com/blu_studio_7_0_ii-7490.php,https://fdn2.gsmarena.com/vv/bigpic/blu-studio-70-ii.jpg,GSM / HSPA,No,"2015, August. Released 2015, August",Discontinued,194 x 107 x 9.3 mm (7.64 x 4.21 x 0.37 in),248.0,,,Mini-SIM,IPS LCD,,7.0,600x1024,170,66.4,,Android 5.0 (Lollipop),,,Quad-core 1.3 GHz Cortex-A7,Mali-400,1,1,8,8,,5.0,1,,No,,No,LED flash,1080p@30fps,,No,,,"Wi-Fi 802.11 b/g/n, hotspot",No,4.0,Micro-USB,Yes,GPS,Accelerometer,3450,,,No,,,,,,,,,,,"Blue, Gold, Grey",,,,Stereo FM radio
Blu,BLU Studio C Super Camera,https://www.gsmarena.com/blu_studio_c_super_camera-7489.php,https://fdn2.gsmarena.com/vv/bigpic/blu-studio-c-super-camera.jpg,GSM / HSPA,No,"2015, August. Released 2015, August",Discontinued,143 x 71 x 8.5 mm (5.63 x 2.80 x 0.33 in),126.0,,,Dual SIM,IPS LCD,,5.0,720x1280,294,67.9,,Android 5.0 (Lollipop),Mediatek MT6582 (28 nm),28,Quad-core 1.3 GHz Cortex-A7,Mali-400MP2,1,1,8,8,,8.0,1,,No,,No,"LED flash, panorama, HDR",1080p@30fps,5.0,No,,,"Wi-Fi 802.11 b/g/n, hotspot",No,4.0,Micro-USB,Yes,GPS,"Accelerometer, proximity",2800,,,No,,,,,,,,,,,"Black, Gold, Green, White, Orange, Pink, Blue",,,,FM radio
Blu,BLU Vivo Selfie,https://www.gsmarena.com/blu_vivo_selfie-7450.php,https://fdn2.gsmarena.com/vv/bigpic/blu-vivo-selfie.jpg,GSM / HSPA,No,"2015, July. Released 2015, July",Discontinued,141 x 68.4 x 7.8 mm (5.55 x 2.69 x 0.31 in),111.0,,,"Dual SIM (Micro-SIM, dual stand-by)",AMOLED,,4.8,720x1280,306,65.9,Gorilla Glass 3,Android 5.0 (Lollipop),Mediatek MT6582 (28 nm),28,Quad-core 1.3 GHz Cortex-A7,Mali-400MP2,1,1,8,8,,8.0,1,,No,,No,"LED flash, panorama, HDR",1080p@30fps,8.0,No,LED flash,,"Wi-Fi 802.11 b/g/n, Wi-Fi Direct, hotspot",No,4.0,Micro-USB,Yes,GPS,"Accelerometer, proximity, gravity",2300,,,No,,,,,,,,,,,"Black, White",,,,FM radio
Blu,BLU Energy X Plus,https://www.gsmarena.com/blu_energy_x_plus-7449.php,https://fdn2.gsmarena.com/vv/bigpic/blu-energy-x-plus.jpg,GSM / HSPA,No,"2015, July. Released 2015, July",Discontinued,150.5 x 76.5 x 8 mm (5.93 x 3.01 x 0.31 in),169.0,,,"Dual SIM (Micro-SIM, dual stand-by)",IPS LCD,,5.5,720x1280,267,72.4,,Android 5.0 (Lollipop),,,Quad-core 1.3 GHz Cortex-A7,Mali-400,1,1,8,8,,8.0,1,,No,,No,LED flash,1080p@30fps,5.0,No,LED flash,,"Wi-Fi 802.11 b/g/n, Wi-Fi Direct, hotspot",No,4.0,Micro-USB,Yes,GPS,"Accelerometer, proximity, compass",4000,,,No,,,,,,,,,,,"Silver, Gold, Grey",,,,Stereo FM radio
Blu,BLU Studio C 5 + 5 LTE,https://www.gsmarena.com/blu_studio_c_5_+_5_lte-7448.php,https://fdn2.gsmarena.com/vv/bigpic/blu-studio-c55.jpg,GSM / HSPA / LTE,No,"2015, July. Released 2015, August",Discontinued,143 x 71.8 x 9 mm (5.63 x 2.83 x 0.35 in),157.0,,,"Dual SIM (Mini-SIM/ Micro-SIM, dual stand-by)",IPS LCD,,5.0,480x854,196,67.1,,Android 5.0 (Lollipop),Qualcomm MSM8909 Snapdragon 210 (28 nm),28,Quad-core 1.1 GHz Cortex-A7,Adreno 304,1,1,8,8,eMMC 4.5,5.0,1,,No,,No,LED flash,720p@30fps,5.0,No,,,"Wi-Fi 802.11 b/g/n, Wi-Fi Direct, hotspot",No,4.0,Micro-USB,Yes,GPS,"Accelerometer, proximity, gravity",2000,,,No,,,,,,,,,,,"Black, White, Gold",,,,Stereo FM radio
Blu,BLU Studio C 5 + 5,https://www.gsmarena.com/blu_studio_c_5_+_5-7447.php,https://fdn2.gsmarena.com/vv/bigpic/blu-studio-c55.jpg,GSM / HSPA,No,"2015, July. Released 2015, July",Discontinued,143 x 71.8 x 9 mm (5.63 x 2.83 x 0.35 in),157.0,,,"Dual SIM (Mini-SIM/ Micro-SIM, dual stand-by)",IPS LCD,,5.0,480x854,196,67.1,,Android 5.0 (Lollipop),Mediatek MT6582 (28 nm),28,Quad-core 1.3 GHz Cortex-A7,Mali-400MP2,1,1,8,8,,5.0,1,,No,,No,LED flash,720p@30fps,5.0,No,,,"Wi-Fi 802.11 b/g/n, Wi-Fi Direct, hotspot",No,4.0,Micro-USB,Yes,GPS,"Accelerometer, proximity",2000,,,No,,,,,,,,,,,"Black, Blue, Gold, Green, Orange, Pink, White",,,,Stereo FM radio
Blu,BLU Life 8 XL,https://www.gsmarena.com/blu_life_8_xl-7293.php,https://fdn2.gsmarena.com/vv/bigpic/blu-life-8-xl--.jpg,GSM / HSPA,No,"2015, May. Released 2015, May",Discontinued,155 x 74.8 x 7.7 mm (6.10 x 2.94 x 0.30 in),149.0,,,Dual SIM (Micro-SIM),IPS LCD,,5.5,720x1280,267,71.9,,"Android 4.4.2 (KitKat), upgradable to 5.0 (Lollipop)",Mediatek MT6592M (28 nm),28,Octa-core 1.4 GHz Cortex-A7,Mali-450MP4,1,1,8,8,,8.0,1,,No,,No,"LED flash, HDR",1080p@30fps,2.0,No,,,"Wi-Fi 802.11 b/g/n, Wi-Fi Direct, hotspot",No,4.0,Micro-USB,Yes,GPS,"Accelerometer, proximity",2920,,,No,,,,,,,,,,,"Black, Orange, Pink, White, Yellow",,,,FM radio
Blu,BLU Studio 5.5C,https://www.gsmarena.com/blu_studio_5_5c-7291.php,https://fdn2.gsmarena.com/vv/bigpic/blu-studio-55-c.jpg,GSM / HSPA,No,"2015, May. Released 2015, May",Discontinued,155 x 79 x 9.9 mm (6.10 x 3.11 x 0.39 in),178.0,,,Dual SIM (Mini-SIM/ Micro-SIM),LCD,,5.5,480x854,178,68.1,,"Android 4.4 (KitKat), upgradable to 5.0 (Lollipop)",Mediatek MT6582 (28 nm),28,Quad-core 1.3 GHz Cortex-A7,Mali-400MP2,,,4,4,,5.0,1,,No,,No,LED flash,720p@30fps,,No,,,"Wi-Fi 802.11 b/g/n, Wi-Fi Direct, hotspot",No,4.0,Micro-USB,Yes,GPS,"Accelerometer, proximity",2820,,,No,,,,,,,,,,,"Black, Blue",,,,FM radio
Blu,BLU Studio C,https://www.gsmarena.com/blu_studio_c-7290.php,https://fdn2.gsmarena.com/vv/bigpic/blu-studio-c.jpg,GSM / HSPA,No,"2015, May. Released 2015, May",Discontinued,144 x 72.4 x 9.4 mm (5.67 x 2.85 x 0.37 in),172.0,,,Dual SIM (Mini-SIM),IPS LCD,,5.0,720x1280,294,66.1,,Android 5.0 (Lollipop),Mediatek MT6582 (28 nm),28,Quad-core 1.3 GHz Cortex-A7,Mali-400MP2,1,1,8,8,,8.0,1,,No,,No,"LED flash, HDR",1080p@30fps,2.0,No,,,"Wi-Fi 802.11 b/g/n, Wi-Fi Direct, hotspot",No,4.0,Micro-USB,Yes,GPS,"Accelerometer, proximity",3000,,,No,,,,,,,,,,,"Sandstone Grey, Ceramic White, Salmon Pink, Mint Green, Atomic Orange",,,,Stereo FM radio
Blu,BLU Advance 4.0 L,https://www.gsmarena.com/blu_advance_4_0_l-7265.php,https://fdn2.gsmarena.com/vv/bigpic/blu-advance.jpg,GSM / HSPA,No,"2015, May. Released 2015, May",Discontinued,128 x 66 x 11 mm (5.04 x 2.60 x 0.43 in),121.0,,,"Dual SIM (Mini-SIM, dual stand-by)",TFT,,4.0,480x800,233,53.9,,Android 4.4 (KitKat),Mediatek MT6572 (28 nm),28,Dual-core 1.3 GHz Cortex-A7,Mali-400,,,4,4,,3.15,1,,No,,No,LED flash,720@30fps,,No,,,"Wi-Fi 802.11 b/g/n, hotspot",No,4.0,Micro-USB,Yes,GPS,Accelerometer,1300,,,No,,,,,,,,,,,"Black, White",,,,Stereo FM radio
Blu,BLU Selfie,https://www.gsmarena.com/blu_selfie-7225.php,https://fdn2.gsmarena.com/vv/bigpic/blu-selfie.jpg,GSM / HSPA,No,"2015, April. Released 2015, April",Discontinued,146 x 66.3 x 9.6 mm (5.75 x 2.61 x 0.38 in),136.0,,,Nano-SIM + Nano-SIM,IPS LCD,,4.7,720x1280,312,62.9,Gorilla Glass 3,Android 4.4.2 (KitKat),,,Octa-core 1.7 GHz,,2,2,16,16,,13.0,1,,No,,No,"Dual-LED flash, HDR",1080p@30fps,13.0,No,LED flash,,"Wi-Fi 802.11 b/g/n, Wi-Fi Direct, hotspot",No,4.0,Micro-USB,Yes,GPS,"Accelerometer, proximity",2300,,,No,,,,,,,,,,,"White, Black, Blue",,,,FM radio
Blu,BLU Win HD LTE,https://www.gsmarena.com/blu_win_hd_lte-7205.php,https://fdn2.gsmarena.com/vv/bigpic/blu-win-hd-lte.jpg,GSM / HSPA / LTE,No,"2015, April. Released 2015, April",Discontinued,145 x 72 x 8.2 mm (5.71 x 2.83 x 0.32 in),146.0,,,"Dual SIM (Micro-SIM, dual stand-by)",IPS LCD,,5.0,720x1280,294,66.0,,"Microsoft Windows Phone 8.1, upgradable to Windows 10",Qualcomm MSM8916 Snapdragon 410 (28 nm),28,Quad-core 1.2 GHz Cortex-A53,Adreno 306,1,1,1,8,eMMC 4.5,8.0,1,,No,,No,LED flash,1080p@30fps,2.0,No,,,"Wi-Fi 802.11 b/g/n, hotspot",No,4.0,Micro-USB,Yes,GPS,"Accelerometer, gyro, proximity, compass",2500,,,No,,,,,,,,,,,"Grey, White, Orange, Yellow",,,,Stereo FM radio
Blu,BLU Win JR LTE,https://www.gsmarena.com/blu_win_jr_lte-7204.php,https://fdn2.gsmarena.com/vv/bigpic/blu-win-jr-lte.jpg,GSM / HSPA / LTE,No,"2015, April. Released 2015, April",Discontinued,133 x 67.5 x 9.5 mm (5.24 x 2.66 x 0.37 in),138.0,,,"Dual SIM (Micro-SIM, dual stand-by)",IPS LCD,,4.5,480x854,218,62.2,,"Microsoft Windows Phone 8.1, upgradable to Windows 10",Qualcomm MSM8916 Snapdragon 410 (28 nm),28,Quad-core 1.2 GHz Cortex-A53,Adreno 306,,,4,4,eMMC 4.5,5.0,1,,No,,No,LED flash,720p@30fps,,No,,,"Wi-Fi 802.11 b/g/n, hotspot",No,4.0,Micro-USB,Yes,GPS,"Accelerometer, gyro, proximity",2000,,,No,,,,,,,,,,,"Grey, White, Orange, Yellow, Pink",,,,Stereo FM radio
Blu,BLU Life One (2015),https://www.gsmarena.com/blu_life_one_(2015)-6930.php,https://fdn2.gsmarena.com/vv/bigpic/blu-life-one-20151.jpg,GSM / HSPA / LTE,No,"2015, January. Released 2015, April",Discontinued,143.5 x 72.1 x 7.5 mm (5.65 x 2.84 x 0.30 in),120.0,,,"Dual SIM (Micro-SIM, dual stand-by)",IPS LCD,,5.0,720x1280,294,66.6,Gorilla Glass 3,"Android 4.4.2 (KitKat), upgradable to 5.0 (Lollipop)",Qualcomm MSM8916 Snapdragon 410 (28 nm),28,Quad-core 1.2 GHz Cortex-A53,Adreno 306,1,2,8,16,eMMC 4.5,13.0,1,,No,,No,LED flash,1080p@30fps,5.0,No,,,"Wi-Fi 802.11 b/g/n, Wi-Fi Direct, hotspot",No,4.0,Micro-USB,Yes,GPS,"Accelerometer, gyro, proximity",2420,,,No,,,,,,,,,,,"Black, Blue, White, Gold, Pink",,,,Stereo FM radio
Blu,BLU Life One XL,https://www.gsmarena.com/blu_life_one_xl-6929.php,https://fdn2.gsmarena.com/vv/bigpic/blu-life-one-xl1.jpg,GSM / HSPA / LTE,No,"2015, January. Released 2015, April",Discontinued,156 x 78 x 8.3 mm (6.14 x 3.07 x 0.33 in),151.0,,,"Dual SIM (Micro-SIM, dual stand-by)",IPS LCD,,5.5,720x1280,267,68.5,Gorilla Glass 3,"Android 4.4.2 (KitKat), upgradable to 5.0 (Lollipop)",Qualcomm MSM8916 Snapdragon 410 (28 nm),28,Quad-core 1.2 GHz Cortex-A53,Adreno 306,1,1,8,8,eMMC 4.5,13.0,1,,No,,No,LED flash,1080p@30fps,5.0,No,,,"Wi-Fi 802.11 b/g/n, Wi-Fi Direct, hotspot",No,4.0,Micro-USB,Yes,GPS,"Accelerometer, gyro, proximity",2820,,,No,,,,,,,,,,,"Black, Blue, White, Gold, Pink",,,,Stereo FM radio
Blu,BLU Studio Energy,https://www.gsmarena.com/blu_studio_energy-6928.php,https://fdn2.gsmarena.com/vv/bigpic/blu-st-e.jpg,GSM / HSPA,No,"2015, January. Released 2015, January",Discontinued,144.5 x 71.5 x 10.4 mm (5.69 x 2.81 x 0.41 in),180.0,,,"Dual SIM (Mini-SIM/ Micro-SIM, dual stand-by)",IPS LCD,,5.0,720x1280,294,66.7,Gorilla Glass 3,Android 4.4.2 (KitKat),,,Quad-core 1.3 GHz Cortex-A7,Mali-400,1,1,8,8,,8.0,1,,No,,No,LED flash,1080p@30fps,2.0,No,,,"Wi-Fi 802.11 b/g/n, Wi-Fi Direct, hotspot",No,4.0,Micro-USB,Yes,GPS,"Accelerometer, gyro, proximity",5000,,,No,,,140.0,,,,,,,,"Black, White, Gold",,,,Stereo FM radio
Blu,BLU Studio G,https://www.gsmarena.com/blu_studio_g-6927.php,https://fdn2.gsmarena.com/vv/bigpic/blu-st-g.jpg,GSM / HSPA,No,"2015, January. Released 2015, January",Discontinued,143 x 73.2 x 9.9 mm (5.63 x 2.88 x 0.39 in),156.0,,,"Dual SIM (Mini-SIM/ Micro-SIM, dual stand-by)",IPS LCD,,5.0,480x854,196,65.8,,"Android 4.4.2 (KitKat), upgradable to 5.0 (Lollipop)",,,Quad-core 1.3 GHz Cortex-A7,Mali-400,,,4,4,,5.0,1,,No,,No,LED flash,720p@30fps,,No,,,"Wi-Fi 802.11 b/g/n, Wi-Fi Direct, hotspot",No,4.0,Micro-USB,Yes,GPS,"Accelerometer, proximity",2000,,,No,,,80.0,,,,,,,,"Black, White, Blue, Gold, Pink",,,,Stereo FM radio
Blu,BLU Studio X Plus,https://www.gsmarena.com/blu_studio_x_plus-6926.php,https://fdn2.gsmarena.com/vv/bigpic/blu-st-x-plus1.jpg,GSM / HSPA,No,"2015, January. Released 2015, January",Discontinued,155.5 x 76.6 x 10.6 mm (6.12 x 3.02 x 0.42 in),170.0,,,"Dual SIM (Mini-SIM/ Micro-SIM, dual stand-by)",IPS LCD,,5.5,720x1280,267,70.0,,"Android 4.4.2 (KitKat), upgradable to 5.0 (Lollipop)",,,Quad-core 1.3 GHz Cortex-A7,Mali-400,1,1,8,8,,8.0,1,,No,,No,LED flash,1080p@30fps,2.0,No,,,"Wi-Fi 802.11 b/g/n, Wi-Fi Direct, hotspot",No,4.0,Micro-USB,Yes,GPS,"Accelerometer, gyro, proximity",2600,,,No,,,,,,,,,,,"Black, White, Blue, Gold, Pink",,,,Stereo FM radio
Blu,BLU Studio X,https://www.gsmarena.com/blu_studio_x-6925.php,https://fdn2.gsmarena.com/vv/bigpic/blu-st-x.jpg,GSM / HSPA,No,"2015, January. Released 2015, January",Discontinued,144 x 72 x 10.5 mm (5.67 x 2.83 x 0.41 in),154.0,,,"Dual SIM (Mini-SIM/ Micro-SIM, dual stand-by)",IPS LCD,,5.0,720x1280,294,66.5,,"Android 4.4.2 (KitKat), upgradable to 5.0 (Lollipop)",,,Quad-core 1.3 GHz Cortex-A7,Mali-400,1,1,8,8,,8.0,1,,No,,No,LED flash,1080p@30fps,2.0,No,,,"Wi-Fi 802.11 b/g/n, Wi-Fi Direct, hotspot",No,4.0,Micro-USB,Yes,GPS,"Accelerometer, gyro, proximity",2100,,,No,,,120.0,,,,,,,,"Black, White, Blue, Gold, Pink",,,,Stereo FM radio
Blu,BLU Vivo Air,https://www.gsmarena.com/blu_vivo_air-6924.php,https://fdn2.gsmarena.com/vv/bigpic/blu-vivo-air.jpg,GSM / HSPA,No,"2015, January. Released 2015, January",Discontinued,139.8 x 67.4 x 5.1 mm (5.50 x 2.65 x 0.20 in),97.0,,,Micro-SIM,AMOLED,,4.8,720x1280,306,67.4,Gorilla Glass 3,Android 4.4.2 (KitKat),Mediatek MT6592 (28 nm),28,Octa-core 1.7 GHz Cortex-A7,Mali-450MP4,1,1,16,16,,8.0,1,,No,,No,"LED flash, panorama, HDR",1080p@30fps,5.0,No,,,"Wi-Fi 802.11 b/g/n, Wi-Fi Direct, hotspot",No,4.0,Micro-USB,Yes,GPS,"Accelerometer, gyro, proximity, compass",2100,,,No,,,190.0,,,,,,,,"Black, White/Gold",,,,FM radio
Blu,BLU Studio 6.0 LTE,https://www.gsmarena.com/blu_studio_6_0_lte-6900.php,https://fdn2.gsmarena.com/vv/bigpic/blu-s6-lte.jpg,GSM / HSPA / LTE,No,"2014, December. Released 2014, December",Discontinued,163.5 x 81.4 x 9.2 mm (6.44 x 3.20 x 0.36 in),177.0,,,"Dual SIM (Micro-SIM, dual stand-by)",IPS LCD,,6.0,1080x1920,367,74.6,,Android 4.4.2 (KitKat),Qualcomm MSM8928 Snapdragon 400 (28 nm),28,Quad-core 1.6 GHz Cortex-A7,Adreno 305,2,2,16,16,eMMC 4.5,13.0,1,,No,,No,LED flash,1080p@30fps,5.0,No,,,"Wi-Fi 802.11 b/g/n, Wi-Fi Direct, hotspot",No,3.0,Micro-USB,Yes,GPS,"Accelerometer, proximity",3200,,,No,,,210.0,,,,,,,,"Black, White",,,,Stereo FM radio
Blu,BLU Studio 5.0 HD LTE,https://www.gsmarena.com/blu_studio_5_0_hd_lte-6899.php,https://fdn2.gsmarena.com/vv/bigpic/blu-s5hd-lte.jpg,GSM / HSPA / LTE,No,"2014, December. Released 2014, December",Discontinued,145.7 x 72 x 9 mm (5.74 x 2.83 x 0.35 in),164.0,,,Micro-SIM,IPS LCD,,5.0,720x1280,294,65.7,,Android 4.4.2 (KitKat),Qualcomm MSM8926 Snapdragon 400 (28 nm),28,Quad-core 1.2 GHz Cortex-A7,Adreno 305,1,1,8,8,eMMC 4.5,13.0,1,,No,,No,LED flash,1080p@30fps,5.0,No,,,"Wi-Fi 802.11 b/g/n, Wi-Fi Direct, hotspot",No,3.0,Micro-USB,Yes,GPS,"Accelerometer, gyro, proximity, compass",2200,,,No,,,150.0,,,,,,,,"Black, White",,,,Stereo FM radio
Blu,BLU Studio Mini LTE,https://www.gsmarena.com/blu_studio_mini_lte-6839.php,https://fdn2.gsmarena.com/vv/bigpic/blu-Studio-Mini-LTE.jpg,GSM / HSPA / LTE,No,"2014, November. Released 2014, November",Discontinued,137.1 x 67.4 x 10 mm (5.40 x 2.65 x 0.39 in),145.0,,,Micro-SIM,IPS LCD,,4.5,480x854,218,60.4,,Android 4.3 (Jelly Bean),Qualcomm MSM8926 Snapdragon 400 (28 nm),28,Quad-core 1.2 GHz Cortex-A7,Adreno 305,1,1,4,4,eMMC 4.5,5.0,1,,No,,No,"LED flash, panorama",1080p@30fps,,No,,,"Wi-Fi 802.11 b/g/n, Wi-Fi Direct, hotspot",No,4.0,Micro-USB,Yes,GPS,"Accelerometer, proximity",1850,,,No,,,,,,,,,,,"White, Blue, Grey, Orange, Pink, Yellow",,,,Stereo FM radio
Blu,BLU Studio 7.0,https://www.gsmarena.com/blu_studio_7_0-6838.php,https://fdn2.gsmarena.com/vv/bigpic/blu-Studio-7.jpg,GSM / HSPA,No,"2014, November. Released 2014, November",Discontinued,187.5 x 103 x 9.4 mm (7.38 x 4.06 x 0.37 in),299.0,,,Mini-SIM,TFT,,7.0,600x1024,170,71.4,,Android 4.4.2 (KitKat),,,Dual-core 1.3 GHz,Mali-400,1,1,8,8,,5.0,1,,No,,No,LED flash,1080p@30fps,2.0,No,,,"Wi-Fi 802.11 b/g/n, hotspot",No,3.0,Micro-USB,Yes,GPS,"Accelerometer, proximity",3000,,,No,,,130.0,,,,,,,,"White, Gold, Grey, Blue",,,,Stereo FM radio
Blu,BLU Sport 4.5,https://www.gsmarena.com/blu_sport_4_5-6837.php,https://fdn2.gsmarena.com/vv/bigpic/blu-Sport-4.jpg,GSM / HSPA,No,"2014, October. Released 2014, October",Discontinued,134.6 x 67 x 10.8 mm (5.30 x 2.64 x 0.43 in),157.0,,IP55,"Dual SIM (Mini-SIM, dual stand-by)",IPS LCD,,4.5,480x854,218,61.9,,Android 4.4.2 (KitKat),,,Quad-core 1.3 GHz Cortex-A7,Mali-400,,,4,4,,5.0,1,,No,,No,LED flash,720p@30fps,,No,,,"Wi-Fi 802.11 b/g/n, hotspot",No,4.0,Micro-USB,Yes,GPS,"Accelerometer, gyro, proximity",2000,,,No,,,,,,,,,,,"Black/Green, White/Orange",,,,FM radio
Blu,BLU Life View 8.0,https://www.gsmarena.com/blu_life_view_8_0-6836.php,https://fdn2.gsmarena.com/vv/bigpic/blu-Life-View-8.jpg,GSM / HSPA,No,"2014, October. Released 2014, October",Discontinued,200 x 135.2 x 8.5 mm (7.87 x 5.32 x 0.33 in),350.0,,,Micro-SIM,IPS LCD,,8.0,768x1024,160,73.3,,Android 4.4.2 (KitKat),,,Quad-core 1.3 GHz Cortex-A7,Mali-400,1,1,8,8,,3.15,1,,No,,No,LED flash,720p@30fps,,No,,,"Wi-Fi 802.11 b/g/n, hotspot",No,4.0,Micro-USB,Yes,GPS,"Accelerometer, proximity",3800,,,No,,,,,,,,,,,"Blue, White",,,,FM radio
Blu,BLU Life Play Mini,https://www.gsmarena.com/blu_life_play_mini-6835.php,https://fdn2.gsmarena.com/vv/bigpic/blu-Life-Play-Mini.jpg,GSM / HSPA,No,"2014, October. Released 2014, October",Discontinued,127 x 64.4 x 9.4 mm (5.0 x 2.54 x 0.37 in),106.0,,,"Dual SIM (Mini-SIM, dual stand-by)",IPS LCD,,4.0,480x800,233,55.7,,Android 4.4.2 (KitKat),,,Dual-core 1.0 GHz Cortex-A7,Mali-400,,,4,4,,3.15,1,,No,,No,LED flash,720p@30fps,,No,,,"Wi-Fi 802.11 b/g/n, hotspot",No,4.0,Micro-USB,Yes,GPS,"Accelerometer, proximity",1400,,,No,,,70.0,,,,,,,,"Grey, White, Blue, Pink, Yellow",,,,FM radio
Blu,BLU Dash Music JR,https://www.gsmarena.com/blu_dash_music_jr-6834.php,https://fdn2.gsmarena.com/vv/bigpic/blu-Dash-Music-Jr.jpg,GSM,No,"2014, November. Released 2014, November",Discontinued,125 x 63.8 x 12.5 mm (4.92 x 2.51 x 0.49 in),121.0,,,Dual SIM (Mini-SIM/ Micro-SIM),TFT,,4.0,480x800,233,57.1,,Android 4.4.2 (KitKat),,,Dual-core 1.3 GHz,Mali-400,,,,,,2.0,1,,No,,No,LED flash,720p@30fps,,No,,,Wi-Fi 802.11 b/g/n,No,4.0,Micro-USB,Yes,A-GPS,Accelerometer,1450,,,No,,,,,,,,,,,"Grey, Orange, Yellow, Blue, Pink, White",,,,Stereo FM radio
Blu,BLU Dash C Music,https://www.gsmarena.com/blu_dash_c_music-6833.php,https://fdn2.gsmarena.com/vv/bigpic/blu-Dash-C-Music.jpg,GSM / HSPA,No,"2014, November. Released 2014, November",Discontinued,125 x 63.8 x 12.5 mm (4.92 x 2.51 x 0.49 in),121.0,,,Dual SIM (Mini-SIM/ Micro-SIM),TFT,,4.0,480x800,233,57.1,,Android 4.4.2 (KitKat),,,Dual-core 1.0 GHz,Mali-400,,,4,4,,3.15,1,,No,,No,LED flash,720p@30fps,,No,,,Wi-Fi 802.11 b/g/n,No,4.0,Micro-USB,Yes,GPS,Accelerometer,1450,,,No,,,,,,,,,,,"Black, Blue, Grey, Orange, Pink, Gold, White, Yellow",,,,Stereo FM radio
Blu,BLU Win JR,https://www.gsmarena.com/blu_win_jr-6670.php,https://fdn2.gsmarena.com/vv/bigpic/blu-win-jr.jpg,GSM / HSPA,No,"2014, September. Released 2014, September",Discontinued,125 x 64 x 10.6 mm (4.92 x 2.52 x 0.42 in),125.0,,,Dual SIM (Mini-SIM),TFT LCD,,4.0,480x800,233,56.9,,Microsoft Windows Phone 8.1,Qualcomm Snapdragon 200 (28 nm),28,Quad-core 1.2 GHz Cortex-A7,Adreno 302,,,4,4,eMMC 4.5,5.0,1,,No,,No,"LED flash, HDR",720p@30fps,,No,,,"Wi-Fi 802.11 b/g/n, hotspot",No,3.0,Micro-USB,Yes,GPS,"Accelerometer, proximity",1950,,,No,,,,,,,,,,,"Neon Orange, Neon Green, Neon Yellow, White",,,,FM radio
Blu,BLU Win HD,https://www.gsmarena.com/blu_win_hd-6669.php,https://fdn2.gsmarena.com/vv/bigpic/blu-win-hd.jpg,GSM / HSPA,No,"2014, September. Released 2014, September",Discontinued,144.8 x 69.9 x 7.8 mm (5.70 x 2.75 x 0.31 in),139.0,,,Dual SIM (Micro-SIM),IPS LCD,,5.0,720x1280,294,68.1,,Microsoft Windows Phone 8.1,Qualcomm Snapdragon 200 (28 nm),28,Quad-core 1.2 GHz Cortex-A7,Adreno 302,1,1,1,8,eMMC 4.5,8.0,1,,No,,No,"LED flash, HDR",1080p@30fps,2.0,No,,,"Wi-Fi 802.11 b/g/n, hotspot",No,3.0,Micro-USB,Yes,GPS,"Accelerometer, proximity",2200,,,No,,,150.0,,,,,,,,"Neon Orange, Neon Green, Neon Yellow, White",,,,FM radio
Blu,BLU Studio 5.0 C HD,https://www.gsmarena.com/blu_studio_5_0_c_hd-6565.php,https://fdn2.gsmarena.com/vv/bigpic/blu-studio-50-c-hd-new.jpg,GSM / HSPA,No,"2014, August. Released 2014, August",Discontinued,146 x 74 x 9.3 mm (5.75 x 2.91 x 0.37 in),166.0,,,Dual SIM (Mini-SIM),IPS LCD,,5.0,720x1280,294,63.8,,Android 4.4.2 (KitKat),Mediatek MT6582 (28 nm),28,Quad-core 1.3 GHz Cortex-A7,Mali-400MP2,1,1,4,4,,8.0,1,,No,,No,"LED flash, HDR",1080p@30fps,2.0,No,,,"Wi-Fi 802.11 b/g/n, Wi-Fi Direct, hotspot",No,3.0,Micro-USB,Yes,GPS,"Accelerometer, proximity",2000,,,No,,,110.0,,,,,,,,"Black, Blue, Orange, Pink, White, Yellow",,,,Stereo FM radio
Blu,BLU Studio C Mini,https://www.gsmarena.com/blu_studio_c_mini-6566.php,https://fdn2.gsmarena.com/vv/bigpic/blu-studio-c-mini-new.jpg,GSM / HSPA,No,"2014, August. Released 2014, August",Discontinued,138 x 71.5 x 9.5 mm (5.43 x 2.81 x 0.37 in),156.0,,,Dual SIM (Mini-SIM/ Micro-SIM),IPS LCD,,4.7,480x800,199,63.7,,Android 4.4.2 (KitKat),Mediatek MT6582 (28 nm),28,Quad-core 1.3 GHz Cortex-A7,Mali-400MP2,,,4,4,,5.0,1,,No,,No,LED flash,1080p@30fps,2.0,No,,,"Wi-Fi 802.11 b/g/n, Wi-Fi Direct, hotspot",No,3.0,Micro-USB,Yes,GPS,"Accelerometer, proximity",2000,,,No,,,,,,,,,,,"Black, Blue, Orange, Pink, White, Yellow",,,,Stereo FM radio
Blu,BLU Studio 5.0 C,https://www.gsmarena.com/blu_studio_5_0_c-6567.php,https://fdn2.gsmarena.com/vv/bigpic/blu-studio-50-c-new.jpg,GSM / HSPA,No,"2014, August. Released 2014, August",Discontinued,145 x 73 x 9.7 mm (5.71 x 2.87 x 0.38 in),170.0,,,Dual SIM (Mini-SIM),TFT,,5.0,480x854,196,65.1,,Android 4.4.2 (KitKat),Mediatek MT6572 (28 nm),28,Dual-core 1.3 GHz Cortex-A7,Mali-400,,,4,4,,5.0,1,,No,,No,LED flash,720p@30fps,,No,,,"Wi-Fi 802.11 b/g/n, Wi-Fi Direct, hotspot",No,3.0,Micro-USB,Yes,GPS,"Accelerometer, proximity",1800,,,No,,,80.0,,,,,,,,"Black, Blue, Orange, Pink, White, Yellow",,,,Stereo FM radio
Blu,BLU Studio 5.0 CE,https://www.gsmarena.com/blu_studio_5_0_ce-6568.php,https://fdn2.gsmarena.com/vv/bigpic/blu-studio-50-ce-new.jpg,GSM,No,"2014, August. Released 2014, August",Discontinued,145 x 73 x 9.7 mm (5.71 x 2.87 x 0.38 in),171.0,,,Dual SIM (Mini-SIM),"TFT, 256K colors",,5.0,480x854,196,65.1,,Android 4.4.2 (KitKat),,,Dual-core 1.3 GHz Cortex-A7,Mali-400,,,4,4,,3.15,1,,No,,No,LED flash,720p@30fps,,No,,,Wi-Fi 802.11 b/g/n,No,3.0,Micro-USB,Yes,GPS,Accelerometer,1800,,,No,,,,,,,,,,,"Black, Blue, Orange, Pink, White, Yellow",,,,Stereo FM radio
Blu,BLU Vivo IV,https://www.gsmarena.com/blu_vivo_iv-6406.php,https://fdn2.gsmarena.com/vv/bigpic/blu-vivo-iv.jpg,GSM / HSPA,No,"2014, May. Released 2014, May",Discontinued,145.1 x 70.2 x 5.5 mm (5.71 x 2.76 x 0.22 in),129.0,,,Micro-SIM,Super AMOLED,,5.0,1080x1920,441,67.7,Gorilla Glass 3,"Android 4.2.2 (Jelly Bean), upgradable to 4.4.2 (KitKat)",Mediatek MT6592 (28 nm),28,Octa-core 1.7 GHz Cortex-A7,Mali-450MP4,2,2,16,16,,13.0,1,,No,,No,"LED flash, panorama, HDR",1080p@30fps,5.0,No,,,"Wi-Fi 802.11 a/b/g/n/ac, dual-band, hotspot",No,4.0,Micro-USB,Yes,GPS,"Accelerometer, gyro, proximity",2300,,,No,,,260.0,,,,,,,,"Black, White/Silver, White/Gold",,,,FM radio
Blu,BLU Life 8,https://www.gsmarena.com/blu_life_8-6405.php,https://fdn2.gsmarena.com/vv/bigpic/blu-life-8.jpg,GSM / HSPA,No,"2014, May. Released 2014, May",Discontinued,145 x 69.8 x 7.5 mm (5.71 x 2.75 x 0.30 in),136.0,,,Dual SIM,IPS LCD,,5.0,720x1280,294,68.1,,"Android 4.2.2 (Jelly Bean), upgradable to 4.4.2 (KitKat)",Mediatek MT6592 (28 nm),28,Octa-core 1.7 GHz Cortex-A7,Mali-450MP4,1,1,8,8,,8.0,1,,No,,No,"LED flash, HDR, panorama",1080p@30fps,2.0,No,,,"Wi-Fi 802.11 a/b/g/n/ac, dual-band, hotspot",No,4.0,Micro-USB,Yes,GPS,"Accelerometer, gyro, proximity",2000,,,No,,,150.0,,,,,,,,"White, Yellow, Pink, Orange",,,,FM radio
Blu,BLU Life Pure XL,https://www.gsmarena.com/blu_life_pure_xl-6346.php,https://fdn2.gsmarena.com/vv/bigpic/blu-life-pure-xl.jpg,GSM / HSPA,No,"2014, April. Released 2014, May",Discontinued,150.6 x 75 x 9.5 mm (5.93 x 2.95 x 0.37 in),152.0,,,Micro-SIM,IPS LCD,,5.5,1080x1920,401,73.8,Gorilla Glass 3,"Android 4.2.2 (Jelly Bean), upgradable to 4.4.2 (KitKat)",Qualcomm MSM8274AB Snapdragon 800 (28 nm),28,Quad-core 2.2 GHz Krait 400,Adreno 330,2,3,16,32,eMMC 4.5,16.0,1,,No,1/2.3,No,"LED flash, HDR, panorama",1080p@30fps,8.0,No,,,"Wi-Fi 802.11 a/b/g/n/ac, dual-band, Wi-Fi Direct, DLNA, hotspot",Yes,4.0,Micro-USB,Yes,GPS,"Accelerometer, gyro, proximity, compass",2500,,,No,,,290.0,,,,,,,,"Black, White",,,,Stereo FM radio
Blu,BLU Studio 5.0 LTE,https://www.gsmarena.com/blu_studio_5_0_lte-6339.php,https://fdn2.gsmarena.com/vv/bigpic/blu-studio-5.0-lte.jpg,GSM / HSPA / LTE,No,"2014, April. Released 2014, May",Discontinued,145.5 x 72.5 x 9 mm (5.73 x 2.85 x 0.35 in),162.0,,,Micro-SIM,IPS LCD,,5.0,540x960,220,65.3,,"Android 4.2 (Jelly Bean), upgradable to 4.4.2 (KitKat)",Qualcomm MSM8926 Snapdragon 400 (28 nm),28,Quad-core 1.2 GHz Cortex-A7,Adreno 305,1,1,4,4,eMMC 4.5,8.0,1,,No,,No,LED flash,1080p@30fps,1.6,No,,,"Wi-Fi 802.11 a/b/g/n/ac, dual-band, Wi-Fi Direct, hotspot",No,4.0,Micro-USB,Yes,GPS,"Accelerometer, gyro, proximity",2200,,,No,,,,,,,,,,,"White, Pink, Yellow, Orange",,,,Stereo FM radio
Blu,BLU Studio 6.0 HD,https://www.gsmarena.com/blu_studio_6_0_hd-6330.php,https://fdn2.gsmarena.com/vv/bigpic/blu-studio-60-hd.jpg,GSM / HSPA,No,"2014, April. Released 2014, April",Discontinued,168 x 83 x 8.5 mm (6.61 x 3.27 x 0.33 in),206.0,,,Dual SIM,IPS LCD,,6.0,720x1280,245,71.2,,"Android 4.2 (Jelly Bean), upgradable to 4.4.2 (KitKat)",Mediatek MT6582 (28 nm),28,Quad-core 1.3 GHz Cortex-A7,Mali-400MP2,1,1,4,4,,8.0,1,,No,,No,"LED flash, panorama, HDR",1080p@30fps,2.0,No,,,"Wi-Fi 802.11 b/g/n, hotspot",No,4.0,Micro-USB,Yes,GPS,"Accelerometer, gyro, proximity",3000,,,No,,,180.0,,,,,,,,"Black, White",,,,FM radio
Blu,BLU Neo 4.5,https://www.gsmarena.com/blu_neo_4_5-6277.php,https://fdn2.gsmarena.com/vv/bigpic/blu-neo-45.jpg,GSM / HSPA,No,"2014, April. Released 2014, May",Discontinued,136 x 63 x 10.5 mm (5.35 x 2.48 x 0.41 in),135.0,,,"Dual SIM (Mini-SIM, dual stand-by)",IPS LCD,,4.5,480x854,218,65.1,,Android 4.2 (Jelly Bean),,,Dual-core 1.3 GHz Cortex-A7,Mali-400,,,4,4,,3.15,1,,No,,No,LED flash,720p@30fps,,No,,,"Wi-Fi 802.11 b/g/n, hotspot",No,4.0,Micro-USB,Yes,GPS,"Accelerometer, gyro, proximity",1800,,,No,,,70.0,,,,,,,,"Black, White, White/Black",,,,FM radio
Blu,BLU Neo 3.5,https://www.gsmarena.com/blu_neo_3_5-6276.php,https://fdn2.gsmarena.com/vv/bigpic/blu-neo-35.jpg,GSM / HSPA,No,"2014, April. Released 2014, May",Discontinued,117 x 62 x 11 mm (4.61 x 2.44 x 0.43 in),101.0,,,"Dual SIM (Mini-SIM, dual stand-by)",TFT,,3.5,320x480,165,50.3,,Android 4.2 (Jelly Bean),,,Dual-core 1.0 GHz Cortex-A7,Mali-400,,,,,,1.3,1,,No,,No,,480p@30fps,,No,,,"Wi-Fi 802.11 b/g/n, hotspot",No,4.0,Micro-USB,Yes,GPS,"Accelerometer, gyro, proximity",1300,,,No,,,70.0,,,,,,,,White,,,,FM radio
Blu,BLU Studio 5.0 S II,https://www.gsmarena.com/blu_studio_5_0_s_ii-6244.php,https://fdn2.gsmarena.com/vv/bigpic/blu-studio-50s-ii.jpg,GSM / HSPA,No,"2014, January. Released 2014, February",Discontinued,145 x 70.9 x 8.3 mm (5.71 x 2.79 x 0.33 in),155.0,,,"Dual SIM (Mini-SIM, dual stand-by)",IPS LCD,,5.0,540x960,220,67.0,,Android 4.2 (Jelly Bean),Mediatek MT6582M (28 nm),28,Quad-core 1.3 GHz Cortex-A7,Mali-400MP2,1,1,4,4,,8.0,1,,No,,No,LED flash,1080p@30fps,2.0,No,,,"Wi-Fi 802.11 b/g/n, Wi-Fi Direct, hotspot",No,3.0,Micro-USB,Yes,GPS,"Accelerometer, gyro, proximity",2000,,,No,,,120.0,,,,,,,,White,,,,Stereo FM radio
Blu,BLU Studio 5.0 E,https://www.gsmarena.com/blu_studio_5_0_e-6243.php,https://fdn2.gsmarena.com/vv/bigpic/blu-studio-50e.jpg,GSM,No,"2014, January. Released 2014, January",Discontinued,146 x 74 x 10.1 mm (5.75 x 2.91 x 0.40 in),174.0,,,"Dual SIM (Mini-SIM, dual stand-by)",TFT,,5.0,480x854,196,63.8,,Android 4.2 (Jelly Bean),,,Dual-core 1.0 GHz Cortex-A7,Mali-400,,,4,4,,3.15,1,,No,,No,LED flash,720p@30fps,,No,,,"Wi-Fi 802.11 b/g/n, hotspot",No,3.0,Micro-USB,Yes,GPS,"Accelerometer, gyro",2100,,,No,,,70.0,,,,,,,,"Black, White",,,,Stereo FM radio
Blu,BLU Studio 5.5 S,https://www.gsmarena.com/blu_studio_5_5_s-6242.php,https://fdn2.gsmarena.com/vv/bigpic/blu-studio-55s.jpg,GSM / HSPA,No,"2014, January. Released 2014, February",Discontinued,156 x 77.6 x 8.9 mm (6.14 x 3.06 x 0.35 in),166.0,,,"Dual SIM (Mini-SIM, dual stand-by)",IPS LCD,,5.5,540x960,200,68.9,,Android 4.2 (Jelly Bean),Mediatek MT6582M (28 nm),28,Quad-core 1.3 GHz Cortex-A7,Mali-400MP2,1,1,4,4,,8.0,1,,No,,No,"LED flash, panorama, HDR",1080p@30fps,2.0,No,,,"Wi-Fi 802.11 b/g/n, Wi-Fi Direct, hotspot",No,3.0,Micro-USB,Yes,GPS,"Accelerometer, gyro, proximity",2350,,,No,,,130.0,,,,,,,,White,,,,FM radio
Blu,BLU Life Pure Mini,https://www.gsmarena.com/blu_life_pure_mini-6041.php,https://fdn2.gsmarena.com/vv/bigpic/blu-life-pure-mini.jpg,GSM / HSPA,No,"2014, February. Released 2014, February",Discontinued,130 x 64.4 x 8.9 mm (5.12 x 2.54 x 0.35 in),149.0,,,Micro-SIM,LED-backlit IPS LCD,,4.5,720x1280,326,66.7,,Android 4.2 (Jelly Bean),Mediatek MT6589T (28 nm),28,Quad-core 1.5 GHz Cortex-A7,PowerVR SGX544MP2,1,1,16,16,,8.0,1,,No,,No,"LED flash, panorama, HDR",1080p@30fps,2.0,No,,,"Wi-Fi 802.11 b/g/n, Wi-Fi Direct, hotspot",No,4.0,Micro-USB,Yes,GPS,"Accelerometer, gyro, proximity",3000,,,No,,,190.0,,,,,,,,"Black, White",,,,FM radio
Blu,BLU Vivo 4.8 HD,https://www.gsmarena.com/blu_vivo_4_8_hd-5986.php,https://fdn2.gsmarena.com/vv/bigpic/blu-vivo-48.jpg,GSM / HSPA,No,"2014, January. Released 2014, January",Discontinued,137 x 70 x 6.9 mm (5.39 x 2.76 x 0.27 in),135.0,,,Micro-SIM,Super AMOLED,,4.8,720x1280,306,66.2,,Android 4.2 (Jelly Bean),Mediatek MT6589T (28 nm),28,Quad-core 1.5 GHz Cortex-A7,PowerVR SGX544MP2,1,1,16,16,,8.0,1,,No,,No,"LED flash, HDR",1080p@30fps,5.0,No,,,"Wi-Fi 802.11 b/g/n, hotspot",No,3.0,Micro-USB,Yes,GPS,"Accelerometer, gyro, proximity",2000,,,No,,,160.0,,,,,,,,"White, Black, Pink, Yellow",,,,FM radio
Blu,BLU Life View Tab,https://www.gsmarena.com/blu_life_view_tab-5957.php,https://fdn2.gsmarena.com/vv/bigpic/blu-life-view-tab.jpg,GSM / HSPA,No,"2014, January. Released 2014, January",Discontinued,205 x 138.2 x 9 mm (8.07 x 5.44 x 0.35 in),404.0,,,Micro-SIM,IPS LCD,,8.0,768x1024,160,70.0,,Android 4.2 (Jelly Bean),Mediatek MT8389M,,Quad-core 1.2 GHz Cortex-A7,PowerVR SGX544,1,1,8,8,,5.0,1,,No,,No,LED flash,1080p@30fps,5.0,No,,,"Wi-Fi 802.11 b/g/n, Wi-Fi Direct, hotspot",No,4.0,Micro-USB,Yes,GPS,"Accelerometer, gyro",4500,,,No,,,360.0,,,,,,,,"Blue, White",,,,No
Blu,BLU Life Play S,https://www.gsmarena.com/blu_life_play_s-5956.php,https://fdn2.gsmarena.com/vv/bigpic/blu-life-play-s.jpg,GSM / HSPA,No,"2014, January. Released 2014, January",Discontinued,137.5 x 67.5 x 7.8 mm (5.41 x 2.66 x 0.31 in),109.0,,,"Dual SIM (Micro-SIM, dual stand-by)",IPS LCD,,4.7,720x1280,312,65.6,,Android 4.2 (Jelly Bean),Mediatek MT6582 (28 nm),28,Quad-core 1.3 GHz Cortex-A7,Mali-400MP2,1,1,4,4,,8.0,1,,No,,No,"LED flash, HDR",1080p@30fps,5.0,No,,,"Wi-Fi 802.11 b/g/n, hotspot",No,4.0,Micro-USB,Yes,GPS,"Accelerometer, proximity, compass",1800,,,No,,,130.0,,,,,,,,"Blue, White",,,,FM radio
Blu,BLU Life One X,https://www.gsmarena.com/blu_life_one_x-5955.php,https://fdn2.gsmarena.com/vv/bigpic/blu-life-one-x.jpg,GSM / HSPA,No,"2014, January. Released 2014, January",Discontinued,143.5 x 71.6 x 8.6 mm (5.65 x 2.82 x 0.34 in),133.0,,,Dual SIM (Micro-SIM),IPS LCD,,5.0,1080x1920,441,67.1,,Android 4.2.1 (Jelly Bean),Mediatek MT6589T (28 nm),28,Quad-core 1.5 GHz Cortex-A7,PowerVR SGX544MP2,2,2,16,32,,13.0,1,,No,,No,"LED flash, panorama, HDR",1080p@30fps,5.0,No,,,"Wi-Fi 802.11 b/g/n, hotspot",No,4.0,Micro-USB,Yes,GPS,"Accelerometer, gyro, proximity, compass",2000,,,No,,,210.0,,,,,,,,"Black, White",,,,FM radio
Blu,BLU Life One M,https://www.gsmarena.com/blu_life_one_m-5954.php,https://fdn2.gsmarena.com/vv/bigpic/blu-life-one-m.jpg,GSM / HSPA,No,"2014, January. Released 2014, January",Discontinued,144 x 74 x 9 mm (5.67 x 2.91 x 0.35 in),144.0,,,"Dual SIM (Micro-SIM, dual stand-by)",IPS LCD,,5.0,720x1280,294,64.7,,Android 4.2 (Jelly Bean),Mediatek MT6589T (28 nm),28,Quad-core 1.5 GHz Cortex-A7,PowerVR SGX544MP2,1,1,4,4,,12.0,1,,No,,No,"LED flash, panorama, HDR",1080p@30fps,2.0,No,,,"Wi-Fi 802.11 b/g/n, hotspot",No,4.0,Micro-USB,Yes,GPS,"Accelerometer, gyro, proximity, compass",2000,,,No,,,140.0,,,,,,,,"Blue, White",,,,FM radio
Blu,BLU Life Play X,https://www.gsmarena.com/blu_life_play_x-5935.php,https://fdn2.gsmarena.com/vv/bigpic/blu-life-play-x.jpg,GSM / HSPA,No,"2013, December. Released 2014, January",Discontinued,137 x 68.4 x 7.9 mm (5.39 x 2.69 x 0.31 in),125.0,,,"Dual SIM (Mini-SIM and Micro-SIM, dual stand-by)",LED-backlit IPS LCD,,4.7,720x1280,312,65.0,,Android 4.2 (Jelly Bean),Mediatek MT6589T (28 nm),28,Quad-core 1.5 GHz Cortex-A7,PowerVR SGX544MP2,1,1,16,16,,8.0,1,,No,,No,"LED flash, HDR",1080p@30fps,2.0,No,,,"Wi-Fi 802.11 b/g/n, Wi-Fi Direct, hotspot",No,4.0,Micro-USB,Yes,GPS,"Accelerometer, gyro, proximity, compass",1800,,,No,,,200.0,,,,,,,,Black,,,,Stereo FM radio
Blu,BLU Life Pure,https://www.gsmarena.com/blu_life_pure-5920.php,https://fdn2.gsmarena.com/vv/bigpic/blu-life-pure.jpg,GSM / HSPA,No,"2013, December. Released 2013, December",Discontinued,142 x 69.4 x 7.7 mm (5.59 x 2.73 x 0.30 in),128.0,,,Micro-SIM,IPS LCD,,5.0,1080x1920,441,69.9,,Android 4.2 (Jelly Bean),Mediatek MT6589T (28 nm),28,Quad-core 1.5 GHz Cortex-A7,PowerVR SGX544MP2,2,2,32,32,,13.0,1,,No,,No,"LED flash, panorama, HDR",1080p@30fps,5.0,No,,,"Wi-Fi 802.11 b/g/n, Wi-Fi Direct, hotspot",No,4.0,Micro-USB,Yes,GPS,"Accelerometer, proximity, compass",2020,,,No,,,240.0,,,,,,,,"Black, White",,,,FM radio
Blu,BLU Studio 5.0 II,https://www.gsmarena.com/blu_studio_5_0_ii-5909.php,https://fdn2.gsmarena.com/vv/bigpic/blu-studio-50-ii.jpg,GSM / HSPA,No,"2013, December. Released 2013, December",Discontinued,146 x 73 x 9.7 mm (5.75 x 2.87 x 0.38 in),155.0,,,"Dual SIM (Mini-SIM, dual stand-by)",IPS LCD,,5.0,480x854,196,64.6,,Android 4.2 (Jelly Bean),Mediatek MT6572 (28 nm),28,Dual-core 1.3 GHz Cortex-A7,Mali-400,,,4,4,,5.0,1,,No,,No,LED flash,720p@30fps,,No,,,"Wi-Fi 802.11 b/g/n, Wi-Fi Direct, hotspot",No,4.0,Micro-USB,Yes,GPS,"Accelerometer, gyro, proximity, compass",2000,,,No,,,90.0,,,,,,,,"Black, White",,,,Stereo FM radio
Blu,BLU Advance 4.0,https://www.gsmarena.com/blu_advance_4_0-5908.php,https://fdn2.gsmarena.com/vv/bigpic/blu-advance-4.jpg,GSM / HSPA,No,"2013, December. Released 2013, December",Discontinued,125 x 65 x 12.4 mm (4.92 x 2.56 x 0.49 in),124.0,,,"Dual SIM (Mini-SIM, dual stand-by)",TFT,,4.0,480x800,233,56.1,,Android 4.2 (Jelly Bean),Mediatek MT6572 (28 nm),28,Dual-core 1.3 GHz Cortex-A7,Mali-400,,,4,4,,5.0,1,,No,,No,LED flash,720@30fps,,No,,,"Wi-Fi 802.11 b/g/n, hotspot",No,4.0,Micro-USB,Yes,GPS,Accelerometer,1600,,,No,,,80.0,,,,,,,,"Black, White",,,,Stereo FM radio
Blu,BLU Life Pro,https://www.gsmarena.com/blu_life_pro-5873.php,https://fdn2.gsmarena.com/vv/bigpic/blu-life-pro.jpg,GSM / HSPA,No,"2013, November. Released 2013, November",Discontinued,147 x 72.1 x 6.9 mm (5.79 x 2.84 x 0.27 in),158.0,,,Mini-SIM,IPS LCD,,5.0,720x1280,294,65.0,,Android 4.2 (Jelly Bean),Mediatek MT6589T (28 nm),28,Quad-core 1.5 GHz Cortex-A7,PowerVR SGX544MP2,1,1,16,16,,12.0,1,,No,,No,"LED flash, panorama, HDR",1080p@30fps,5.0,No,,,"Wi-Fi 802.11 b/g/n, Wi-Fi Direct, hotspot",No,4.0,Micro-USB,Yes,GPS,"Accelerometer, proximity, compass",2500,,,No,,,210.0,,,,,,,,Black,,,,FM radio
Blu,BLU Studio 5.5,https://www.gsmarena.com/blu_studio_5_5-5761.php,https://fdn2.gsmarena.com/vv/bigpic/blu-studio-55.jpg,GSM / HSPA,No,"2013, September. Released 2013, October",Discontinued,157 x 79.5 x 9.5 mm (6.18 x 3.13 x 0.37 in),184.0,,,"Dual SIM (Mini-SIM, dual stand-by)",TFT,,5.5,480x854,178,66.8,,Android 4.2 (Jelly Bean),Mediatek MT6589 (28 nm),28,Quad-core 1.2 GHz Cortex-A7,PowerVR SGX544,1,1,4,4,,5.0,1,,No,,No,"LED flash, panorama, HDR",720p@30fps,,No,,,"Wi-Fi 802.11 b/g/n, Wi-Fi Direct, hotspot",No,4.0,Micro-USB,Yes,GPS,"Accelerometer, proximity",2250,,,No,,,120.0,,,,,,,,"Blue, Pink, Grey, White, Yellow",,,,FM radio
Blu,BLU Samba W,https://www.gsmarena.com/blu_samba_w-5748.php,https://fdn2.gsmarena.com/vv/bigpic/blu-samba-w.jpg,GSM,No,"2013, August. Released 2013, August",Discontinued,107.8 x 59.8 x 14 mm (4.24 x 2.35 x 0.55 in),80.0,,,Dual SIM (Mini-SIM),"TFT, 65K colors",,2.0,176x220,141,19.5,,,,,,,,,,,,1.3,1,,No,,No,,Yes,,No,,,Wi-Fi 802.11 b/g/n,No,3.0,Micro-USB,Yes,No,,820,,,No,,,20.0,,,,,,,,"Blue, Silver, Pink Grey",,,,FM radio
Blu,BLU Samba TV,https://www.gsmarena.com/blu_samba_tv-5747.php,https://fdn2.gsmarena.com/vv/bigpic/blu-samba-tv.jpg,GSM,No,"2013, May. Released 2013, May",Discontinued,107.8 x 59.8 x 14 mm (4.24 x 2.35 x 0.55 in),80.0,,,Dual SIM (Mini-SIM),"TFT, 65K colors",,2.0,176x220,141,19.5,,,,,,,,,,,,,1,,No,,No,,Yes,,No,,,No,No,3.0,Micro-USB,Yes,No,,820,,,No,,,20.0,,,,,,,,"Red, Blue, White/Pink, White/Blue",,,,FM radio
Blu,BLU Jenny TV 2.8,https://www.gsmarena.com/blu_jenny_tv_2_8-5746.php,https://fdn2.gsmarena.com/vv/bigpic/blu-jenny-tv-28.jpg,GSM,No,"2013, August. Released 2013, September",Discontinued,128 x 55.7 x 12.5 mm (5.04 x 2.19 x 0.49 in),90.0,,,Dual SIM (Mini-SIM),"TFT, 65K colors",,2.8,240x320,143,34.1,,,,,,,,,,,,1.3,1,,No,,No,,Yes,,No,,,No,No,3.0,Micro-USB,Yes,No,,820,,,No,,,20.0,,,,,,,,"Blue, Red, Yellow, White/Pink, Whtie/Blue, White/Green",,,,FM radio
Blu,BLU Zoey,https://www.gsmarena.com/blu_zoey-5745.php,https://fdn2.gsmarena.com/vv/bigpic/blu-zoey.jpg,GSM,No,"2013, August. Released 2013, August",Discontinued,110 x 45.7 x 13 mm (4.33 x 1.80 x 0.51 in),65.0,,,Dual SIM (Mini-SIM),"TFT, 65K colors",,1.8,128x160,114,20.3,,,,,,,,,,,,,1,,No,,No,,Yes,,No,,,No,No,3.0,Micro-USB,Yes,No,,820,,,No,,,20.0,,,,,,,,"Red, Blue, Yellow, White/Pink, White/Blue, White/Green",,,,FM radio; built-in antenna
Blu,BLU Dash 5.0,https://www.gsmarena.com/blu_dash_5_0-5661.php,https://fdn2.gsmarena.com/vv/bigpic/blu-d50.jpg,GSM / HSPA,No,"2013, August. Released 2013, September",Discontinued,146 x 70.6 x 9.4 mm (5.75 x 2.78 x 0.37 in),128.0,,,"Dual SIM (Mini-SIM, dual stand-by)",TFT,,5.0,480x854,196,66.8,,Android 4.2 (Jelly Bean),Mediatek MT6572 (28 nm),28,Dual-core 1.3 GHz Cortex-A7,Mali-400,,,4,4,,5.0,1,,No,,No,LED flash,720p@30fps,,No,,,"Wi-Fi 802.11 b/g/n, Wi-Fi Direct, hotspot",No,4.0,Micro-USB,Yes,GPS,"Accelerometer, gyro, proximity, compass",2000,,,No,,,100.0,,,,,,,,"Black, White, Blue, Silver, Pink, Yellow",,,,Stereo FM radio
Blu,BLU Dash Music 4.0,https://www.gsmarena.com/blu_dash_music_4_0-5660.php,https://fdn2.gsmarena.com/vv/bigpic/blu-d-m.jpg,GSM / HSPA,No,"2013, August. Released 2013, September",Discontinued,124 x 64 x 11.7 mm (4.88 x 2.52 x 0.46 in),128.0,,,"Dual SIM (Mini-SIM, dual stand-by)",TFT,,4.0,480x800,233,57.4,,Android 4.2 (Jelly Bean),Mediatek MT6572 (28 nm),28,Dual-core 1.3 GHz Cortex-A7,Mali-400,,,4,4,,3.15,1,,No,,No,,720p@30fps,,No,,,"Wi-Fi 802.11 b/g/n, Wi-Fi Direct, hotspot",No,4.0,Micro-USB,Yes,GPS,"Accelerometer, gyro, proximity, compass",1500,,,No,,,80.0,,,,,,,,"Black, White, Blue, Silver, Pink, Yellow",,,,Stereo FM radio
Blu,BLU Dash JR,https://www.gsmarena.com/blu_dash_jr-5662.php,https://fdn2.gsmarena.com/vv/bigpic/blu-d-jr.jpg,GSM,No,"2013, August. Released 2013, September",Discontinued,116.5 x 62 x 12 mm (4.59 x 2.44 x 0.47 in),105.0,,,"Dual SIM (Mini-SIM, dual stand-by)","TFT, 256K colors",,3.5,320x480,165,50.5,,Android 2.3 (Gingerbread),,,1.0 GHz Cortex-A5,Mali-400,,,,,,2.0,1,,No,,No,,480p@30fps,,No,,,Wi-Fi 802.11 b/g/n,No,2.1,Micro-USB,Yes,GPS,Accelerometer,1000,,,No,,,40.0,,,,,,,,"Black, White, Blue, Silver, Pink, Yellow",,,,Stereo FM radio
Blu,BLU Dash 4.5,https://www.gsmarena.com/blu_dash_4_5-5593.php,https://fdn2.gsmarena.com/vv/bigpic/blu-dash-45.jpg,GSM / HSPA,No,"2013, July. Released 2013, July",Discontinued,133 x 65 x 12 mm (5.24 x 2.56 x 0.47 in),144.0,,,"Dual SIM (Mini-SIM, dual stand-by)",TFT,,4.5,480x854,218,64.5,,Android 4.2 (Jelly Bean),Mediatek MT6589M (28 nm),28,Quad-core 1.2 GHz Cortex-A7,PowerVR SGX544,,,4,4,,5.0,1,,No,,No,LED flash,720p@30fps,,No,,,"Wi-Fi 802.11 a/b/g/n, dual-band, Wi-Fi Direct, hotspot",No,3.0,Micro-USB,Yes,GPS,"Accelerometer, gyro, proximity, compass",2000,,,No,,,100.0,,,,,,,,Black,,,,Stereo FM radio
Blu,BLU Amour,https://www.gsmarena.com/blu_amour-5489.php,https://fdn2.gsmarena.com/vv/bigpic/blu-amour.jpg,GSM / HSPA,No,"2013, May. Released 2013, May",Discontinued,128 x 65.5 x 11.6 mm (5.04 x 2.58 x 0.46 in),137.0,,,"Dual SIM (Mini-SIM, dual stand-by)",TFT,,4.0,480x800,233,54.3,,Android 4.0 (Ice Cream Sandwich),Mediatek MT6577 (40 nm),40,Dual-core 1.0 GHz Cortex-A9,PowerVR SGX531u,,,4,4,,5.0,1,,No,,No,LED flash,480p@30fps,,No,,,"Wi-Fi 802.11 b/g/n, DLNA, hotspot",No,3.0,Micro-USB,Yes,GPS,"Accelerometer, gyro, compass",1600,,,No,,,100.0,,,,,,,,White,,,,Stereo FM radio
Blu,BLU Studio 5.3 S,https://www.gsmarena.com/blu_studio_5_3_s-5458.php,https://fdn2.gsmarena.com/vv/bigpic/blu-studio-53s.jpg,GSM / HSPA,No,"2013, April. Released 2013, May",Discontinued,153 x 78 x 9.2 mm (6.02 x 3.07 x 0.36 in),190.0,,,"Dual SIM (Mini-SIM, dual stand-by)",LED-backlit IPS LCD,,5.3,540x960,208,64.9,,Android 4.1.2 (Jelly Bean),Qualcomm MSM8225Q Snapdragon S4 Play,,Quad-core 1.2 GHz Cortex-A5,Adreno 203,1,1,4,4,,8.0,1,,No,,No,Dual-LED flash,720p@30fps,2.0,No,,,"Wi-Fi 802.11 a/b/g/n, dual-band, Wi-Fi Direct, hotspot",No,3.0,Micro-USB,Yes,GPS,"Accelerometer, gyro, proximity, compass",2800,,,No,,,130.0,,,,,,,,"Black, White",,,,Stereo FM radio
Blu,BLU Studio 5.0 S,https://www.gsmarena.com/blu_studio_5_0_s-5459.php,https://fdn2.gsmarena.com/vv/bigpic/blu-studio-5s.jpg,GSM / HSPA,No,"2013, April. Released 2013, May",Discontinued,143 x 72 x 8.9 mm (5.63 x 2.83 x 0.35 in),170.0,,,"Dual SIM (Mini-SIM, dual stand-by)",LED-backlit IPS LCD,,5.0,540x960,220,66.9,,Android 4.1.2 (Jelly Bean),Qualcomm MSM8225Q Snapdragon S4 Play,,Quad-core 1.2 GHz Cortex-A5,Adreno 203,1,1,4,4,,8.0,1,,No,,No,Dual-LED flash,720p@30fps,2.0,No,,,"Wi-Fi 802.11 b/g/n, Wi-Fi Direct, hotspot",No,3.0,Micro-USB,Yes,GPS,"Accelerometer, gyro, proximity, compass",2000,,,No,,,130.0,,,,,,,,"Black, White",,,,Stereo FM radio
Blu,BLU Studio 5.0,https://www.gsmarena.com/blu_studio_5_0-5460.php,https://fdn2.gsmarena.com/vv/bigpic/blu-studio-5.jpg,GSM / HSPA,No,"2013, April. Released 2013, May",Discontinued,144 x 74 x 10.7 mm (5.67 x 2.91 x 0.42 in),170.0,,,"Dual SIM (Mini-SIM, dual stand-by)",LCD,,5.0,480x800,187,66.8,,Android 4.1 (Jelly Bean),Mediatek MT6577 (40 nm),40,Dual-core 1.0 GHz Cortex-A9,PowerVR SGX531u,,,4,4,,5.0,1,,No,,No,LED flash,720p@30fps,,No,,,"Wi-Fi 802.11 b/g/n, Wi-Fi Direct, hotspot",No,3.0,Micro-USB,Yes,GPS,"Accelerometer, gyro, proximity, compass",2000,,,No,,,100.0,,,,,,,,"Black, White",,,,Stereo FM radio
Blu,BLU Dash Music,https://www.gsmarena.com/blu_dash_music-5411.php,https://fdn2.gsmarena.com/vv/bigpic/blu-dash-music.jpg,GSM / HSPA,No,"2013, April. Released 2013, May",Discontinued,124 x 63 x 13.4 mm (4.88 x 2.48 x 0.53 in),120.0,,,"Dual SIM (Mini-SIM, dual stand-by)",TFT,,3.5,320x480,165,46.7,,Android 2.3 (Gingerbread),Qualcomm MSM7225A Snapdragon S1,,1.0 GHz Cortex-A5,Adreno 200,,,,,,2.0,1,,No,,No,LED flash,480p@30fps,,No,,,"Wi-Fi 802.11 b/g/n, hotspot",No,3.0,Micro-USB,Yes,GPS,"Accelerometer, gyro, proximity, compass",1500,,,No,,,80.0,,,,,,,,Black,,,,"Stereo FM radio, RDS; built-in antenna"
Blu,BLU Diva X,https://www.gsmarena.com/blu_diva_x-5410.php,https://fdn2.gsmarena.com/vv/bigpic/blu-diva-x.jpg,GSM,No,"2013, April. Released 2013, May",Discontinued,127 x 55 x 13.5 mm (5.0 x 2.17 x 0.53 in),95.0,,,Dual SIM (Mini-SIM),"TFT, 256K colors",,2.8,240x320,143,34.8,,,,,,,,,,,,1.3,1,,No,,No,LED flash,Yes,,No,,,No,No,3.0,Micro-USB,Yes,No,,1400,,,No,,,30.0,,,,,,,,"Black, Blue, Pink, Silver, White",,,,FM radio; built-in antenna
Blu,BLU Diva,https://www.gsmarena.com/blu_diva-5409.php,https://fdn2.gsmarena.com/vv/bigpic/blu-diva.jpg,GSM,No,"2013, April. Released 2013, April",Discontinued,119 x 51 x 14 mm (4.69 x 2.01 x 0.55 in),90.0,,,Dual SIM (Mini-SIM),"TFT, 256K colors",,2.4,240x320,167,29.4,,,,,,,,,,,,,1,,No,,No,,Yes,,No,,,No,No,3.0,Micro-USB,Yes,No,,820,,,No,,,30.0,,,,,,,,"Black, Blue, Pink, Silver, White",,,,FM radio; built-in antenna
Blu,BLU Tattoo S,https://www.gsmarena.com/blu_tattoo_s-5408.php,https://fdn2.gsmarena.com/vv/bigpic/blu-tattoo-s.jpg,GSM,No,"2013, March. Released 2013, March",Discontinued,102 x 57.8 x 8.3 mm (4.02 x 2.28 x 0.33 in),69.0,,,Dual SIM (Mini-SIM),"TFT, 256K colors",,2.0,176x220,141,21.4,,,,,,,,,,,,1.3,1,,No,,No,,Yes,,No,,,No,No,3.0,Micro-USB,Yes,No,,620,,,No,,,20.0,,,,,,,,"Blue, Pink, Grey, Silver",,,,FM radio; built-in antenna
Blu,BLU Life View,https://www.gsmarena.com/blu_life_view-5360.php,https://fdn2.gsmarena.com/vv/bigpic/blu-life-view.jpg,GSM / HSPA,No,"2013, March. Released 2013, April",Discontinued,161 x 82.5 x 8.9 mm (6.34 x 3.25 x 0.35 in),220.0,,,"Dual SIM (Mini-SIM, dual stand-by)",LED-backlit IPS LCD,,5.7,720x1280,258,67.4,,Android 4.2 (Jelly Bean),Mediatek MT6589 (28 nm),28,Quad-core 1.2 GHz Cortex-A7,PowerVR SGX544,1,1,16,16,,12.0,1,,No,,No,"LED flash, HDR",1080p@30fps,5.0,No,,,"Wi-Fi 802.11 b/g/n, Wi-Fi Direct, hotspot",No,4.0,Micro-USB,Yes,GPS,"Accelerometer, gyro, proximity, compass",2600,,,No,,,230.0,,,,,,,,"Black, White",,,,Stereo FM radio
Blu,BLU Life One,https://www.gsmarena.com/blu_life_one-5358.php,https://fdn2.gsmarena.com/vv/bigpic/blu-life-one.jpg,GSM / HSPA,No,"2013, March. Released 2013, April",Discontinued,144 x 73 x 8.9 mm (5.67 x 2.87 x 0.35 in),145.0,,,"Dual SIM (Mini-SIM, dual stand-by)",LED-backlit IPS LCD,,5.0,720x1280,294,65.6,Corning Gorilla Glass 2,Android 4.2 (Jelly Bean),Mediatek MT6589 (28 nm),28,Quad-core 1.2 GHz Cortex-A7,PowerVR SGX544,1,1,16,16,,13.0,1,,No,,No,"LED flash, HDR",1080p@30fps,5.0,No,,,"Wi-Fi 802.11 b/g/n, Wi-Fi Direct, hotspot",No,4.0,Micro-USB,Yes,GPS,"Accelerometer, gyro, proximity, compass",2000,,,No,,,230.0,,,,,,,,"Black, White",,,,Stereo FM radio
Blu,BLU Life Play,https://www.gsmarena.com/blu_life_play-5359.php,https://fdn2.gsmarena.com/vv/bigpic/blu-life-play.jpg,GSM / HSPA,No,"2013, March. Released 2013, April",Discontinued,137 x 68.4 x 7.9 mm (5.39 x 2.69 x 0.31 in),125.0,,,"Dual SIM (Mini-SIM and Micro-SIM, dual stand-by)",LED-backlit IPS LCD,,4.7,720x1280,312,65.0,,Android 4.2 (Jelly Bean),Mediatek MT6589 (28 nm),28,Quad-core 1.2 GHz Cortex-A7,PowerVR SGX544,1,1,4,4,,8.0,1,,No,,No,"LED flash, HDR",1080p@30fps,2.0,No,,,"Wi-Fi 802.11 b/g/n, Wi-Fi Direct, hotspot",No,4.0,Micro-USB,Yes,GPS,"Accelerometer, gyro, proximity, compass",1800,,,No,,,180.0,,,,,,,,"Black, White",,,,Stereo FM radio
Blu,BLU Studio 5.3 II,https://www.gsmarena.com/blu_studio_5_3_ii-5295.php,https://fdn2.gsmarena.com/vv/bigpic/blu-studio-53-ii-new.jpg,GSM / HSPA,No,"2013, February. Released 2013, February",Discontinued,150 x 77 x 10.8 mm (5.91 x 3.03 x 0.43 in),210.0,,,"Dual SIM (Mini-SIM, dual stand-by)",IPS LCD,,5.3,540x960,208,67.0,,Android 4.1 (Jelly Bean),Mediatek MT6577 (40 nm),40,Dual-core 1.0 GHz Cortex-A9,PowerVR SGX531,,,4,4,,8.0,1,,No,,No,Dual-LED flash,720p@30fps,2.0,No,,,"Wi-Fi 802.11 b/g/n, Wi-Fi Direct, hotspot",No,3.0,Micro-USB,Yes,GPS,"Accelerometer, gyro, proximity, compass",2200,,,No,,,160.0,,,,,,,,"Black, White",,,,Stereo FM radio
Blu,BLU Tank 4.5,https://www.gsmarena.com/blu_tank_4_5-5294.php,https://fdn2.gsmarena.com/vv/bigpic/blu-tank-45.jpg,GSM / HSPA,No,"2013, February. Released 2013, February",Discontinued,134 x 68.9 x 9.7 mm (5.28 x 2.71 x 0.38 in),136.0,,IP67,"Dual SIM (Mini-SIM, dual stand-by)",IPS LCD,,4.5,540x960,245,60.5,Scratch-resistant glass,Android 4.1 (Jelly Bean),Mediatek MT6577 (40 nm),40,Dual-core 1.0 GHz Cortex-A9,PowerVR SGX531u,,,4,4,,5.0,1,,No,,No,LED flash,480p@30fps,,No,,,"Wi-Fi 802.11 b/g/n, Wi-Fi Direct, hotspot",No,3.0,Micro-USB,Yes,GPS,,1760,,,No,,,200.0,,,,,,,,"Black, White",,,,Stereo FM radio
Blu,BLU Quattro 5.7 HD,https://www.gsmarena.com/blu_quattro_5_7_hd-5283.php,https://fdn2.gsmarena.com/vv/bigpic/blu-quattro-57-hd.jpg,GSM / HSPA,No,"2013, February. Released 2013, February",Discontinued,161.2 x 82.9 x 10.6 mm (6.35 x 3.26 x 0.42 in),243.0,,,Mini-SIM,IPS LCD,,5.7,720x1280,258,67.0,,"Android 4.0 (Ice Cream Sandwich), upgradable to 4.1 (Jelly Bean)",Nvidia Tegra 3,,Quad-core 1.5 GHz,ULP GeForce,1,1,4,4,,8.0,1,,No,,No,LED flash,"1080p@24fps, stereo sound rec.",1.3,No,,,"Wi-Fi 802.11 a/b/g/n, dual band, Wi-Fi Direct, DLNA, hotspot",No,4.0,Micro-USB,Yes,GPS,"Accelerometer, gyro, proximity, compass",2800,,,No,,,220.0,,,,,,,,Black,,,,Stereo FM radio
Blu,BLU Quattro 4.5 HD,https://www.gsmarena.com/blu_quattro_4_5_hd-5282.php,https://fdn2.gsmarena.com/vv/bigpic/blu-quattro-45-hd-hd.jpg,GSM / HSPA,No,"2013, February. Released 2013, February",Discontinued,134 x 67 x 10.3 mm (5.28 x 2.64 x 0.41 in),148.0,,,Mini-SIM,Super IPS LCD2,,4.5,720x1280,326,62.2,Corning Gorilla Glass 2,"Android 4.0 (Ice Cream Sandwich), upgradable to 4.1 (Jelly Bean)",Nvidia Tegra 3,,Quad-core 1.5 GHz,ULP GeForce,1,1,16,16,,8.0,1,,No,,No,LED flash,"1080p@24fps, stereo sound rec.",1.3,No,,,"Wi-Fi 802.11 a/b/g/n, dual band, Wi-Fi Direct, DLNA, hotspot",No,4.0,Micro-USB,Yes,GPS,"Accelerometer, gyro, proximity, compass",1800,,,No,,,260.0,,,,,,,,Black,,,,Stereo FM radio
Blu,BLU Quattro 4.5,https://www.gsmarena.com/blu_quattro_4_5-5281.php,https://fdn2.gsmarena.com/vv/bigpic/blu-quattro-45-hd.jpg,GSM / HSPA,No,"2013, February. Released 2013, February",Discontinued,133 x 67 x 10.8 mm (5.24 x 2.64 x 0.43 in),145.0,,,Mini-SIM,IPS LCD,,4.5,540x960,245,62.6,,"Android 4.0 (Ice Cream Sandwich), upgradable to 4.1 (Jelly Bean)",Nvidia Tegra 3,,Quad-core 1.5 GHz,ULP GeForce,1,1,4,4,,5.0,1,,No,,No,LED flash,"1080p@30fps, stereo sound rec.",,No,,,"Wi-Fi 802.11 a/b/g/n, dual band, Wi-Fi Direct, DLNA, hotspot",No,4.0,Micro-USB,Yes,GPS,"Accelerometer, gyro, proximity, compass",1800,,,No,,,180.0,,,,,,,,Black,,,,Stereo FM radio
Blu,BLU Hero II,https://www.gsmarena.com/blu_hero_ii-5210.php,https://fdn2.gsmarena.com/vv/bigpic/blu-hero-ii.jpg,GSM,No,"2012, December. Released 2013, January",Discontinued,114 x 60 x 11.6 mm (4.49 x 2.36 x 0.46 in),90.0,,,Dual SIM (Mini-SIM),"TFT, 256K colors",,3.5,320x480,165,53.3,,,,,,,,,,,,1.3,1,,No,,No,,Yes,,No,,,Wi-Fi 802.11 b/g,No,3.0,Micro-USB,Yes,No,,1100,,,No,,,50.0,,,,,,,,"Blue, Pink, Silver, Dark grey",,,,Stereo FM radio
Blu,BLU Dash 4.0,https://www.gsmarena.com/blu_dash_4_0-5209.php,https://fdn2.gsmarena.com/vv/bigpic/blu-dash-40.jpg,GSM / HSPA,No,"2012, December. Released 2013, September",Discontinued,124 x 63 x 11.8 mm (4.88 x 2.48 x 0.46 in),128.0,,,"Dual SIM (Mini-SIM, dual stand-by)",TFT,,4.0,480x800,233,58.3,,Android 4.2 (Jelly Bean),Mediatek MT6572 (28 nm),28,Dual-core 1.3 GHz Cortex-A7,Mali-400,,,4,4,,5.0,1,,No,,No,LED flash,720@30fps,,No,,,"Wi-Fi 802.11 b/g/n, hotspot",No,4.0,Micro-USB,Yes,GPS,"Accelerometer, gyro, compass",1500,,,No,,,90.0,,,,,,,,"Black, White",,,,Stereo FM radio
Blu,BLU Dash 3.2,https://www.gsmarena.com/blu_dash_3_2-5208.php,https://fdn2.gsmarena.com/vv/bigpic/blu-dash-32.jpg,GSM / HSPA,No,"2012, December. Released 2012, December",Discontinued,104 x 56 x 13 mm (4.09 x 2.20 x 0.51 in),105.0,,,"Dual SIM (Mini-SIM, dual stand-by)",TFT,,3.2,240x320,125,54.4,,Android 2.3 (Gingerbread),Mediatek MT6575 (40 nm),40,1.0 GHz Cortex-A9,PowerVR SGX531,,,,,,1.3,1,,No,,No,,480p@15fps,,No,,,"Wi-Fi 802.11 a/b/g/n, dual-band, hotspot",No,3.0,Micro-USB,Yes,GPS,"Accelerometer, gyro, proximity, compass",1280,,,No,,,70.0,,,,,,,,"Black, White, Pink, Blue",,,,Stereo FM radio
Blu,BLU Brooklyn,https://www.gsmarena.com/blu_brooklyn-5207.php,https://fdn2.gsmarena.com/vv/bigpic/blu-brooklyn.jpg,GSM,No,"2012, November. Released 2013, January",Discontinued,115 x 63 x 12 mm (4.53 x 2.48 x 0.47 in),90.0,,,Triple SIM (Mini-SIM),"TFT, 256K colors",,2.4,320x240,167,24.6,,,,,,,,,,,,1.3,1,,No,,No,,Yes,,No,,,Wi-Fi 802.11 b/g,No,3.0,Micro-USB,Yes,No,,750,,,No,,,,,,,,,,,"Blue, Pink, Silver, Dark grey",,,,FM radio
Blu,BLU Vivo 4.65 HD,https://www.gsmarena.com/blu_vivo_4_65_hd-5206.php,https://fdn2.gsmarena.com/vv/bigpic/blu-vivo-465.jpg,GSM / HSPA,No,"2012, December. Released 2013, January",Discontinued,135 x 70 x 8.6 mm (5.31 x 2.76 x 0.34 in),130.0,,,"Dual SIM (Mini-SIM, dual stand-by)",Super AMOLED,,4.65,720x1280,316,63.1,,Android 4.0 (Ice Cream Sandwich),Mediatek MT6577T (40 nm),40,Dual-core 1.2 GHz Cortex-A9,PowerVR SGX531u,1,1,4,4,,8.0,1,,No,,No,LED flash,720p@30fps,1.3,No,,,Wi-Fi 802.11 b/g,No,3.0,Micro-USB,Yes,GPS,"Accelerometer, gyro, proximity, compass",1600,,,No,,,210.0,,,,,,,,Black,,,,Stereo FM radio
Blu,BLU Touch Book 9.7,https://www.gsmarena.com/blu_touch_book_9_7-5205.php,https://fdn2.gsmarena.com/vv/bigpic/blu-tb-971.jpg,No cellular connectivity,No,"2012, November. Released 2012, November",Discontinued,238 x 185 x 10 mm (9.37 x 7.28 x 0.39 in),430.0,,,No,LED-backlit IPS LCD,,9.7,1024x768,132,66.2,,Android 4.0 (Ice Cream Sandwich),Rockchip 3066,,Dual-core 1.5 GHz Cortex-A9,Mali-400,1,1,4,4,,2.0,1,,No,,No,,480p@30fps,2.0,No,,,"Wi-Fi 802.11 a/b/g/n, dual-band",No,3.0,Micro-USB,Yes,GPS,"Accelerometer, gyro, proximity, compass",6000,,,No,,,180.0,,,,,,,,Black,,,,No
Blu,BLU Touch Book 7.0 Plus,https://www.gsmarena.com/blu_touch_book_7_0_plus-5202.php,https://fdn2.gsmarena.com/vv/bigpic/blu-tb-7-plus1.jpg,GSM / HSPA,No,"2012, September. Released 2012, October",Discontinued,197 x 120 x 13 mm (7.76 x 4.72 x 0.51 in),388.0,,,Mini-SIM,TFT,,7.0,480x800,133,59.0,,Android 4.0 (Ice Cream Sandwich),Qualcomm MSM7227A Snapdragon S1,,1.0 GHz Cortex-A5,Adreno 200,,,,,,3.15,1,,No,,No,,480p@30fps,,No,,,"Wi-Fi 802.11 a/b/g/n, dual-band, hotspot",No,3.0,Micro-USB,Yes,GPS,"Accelerometer, gyro, proximity, compass",3500,,,No,,,70.0,,,,,,,,Black,,,,Stereo FM radio
Blu,BLU Touch Book 7.0 Lite,https://www.gsmarena.com/blu_touch_book_7_0_lite-5201.php,https://fdn2.gsmarena.com/vv/bigpic/blu-tb-7-lite1.jpg,No cellular connectivity,No,"2012, September. Released 2012, November",Discontinued,194 x 120 x 10 mm (7.64 x 4.72 x 0.39 in),340.0,,,No,TFT,,7.0,480x800,133,59.9,,Android 4.0 (Ice Cream Sandwich),,,1.2 GHz Cortex-A8,Mali-400,,,4,4,,,1,,No,,No,,Yes,,No,,,"Wi-Fi 802.11 a/b/g/n, dual-band",No,,miniUSB,Yes,GPS,Accelerometer,3000,,,No,,,70.0,,,,,,,,"Black, White",,,,Stereo FM radio
Blu,BLU Dash 3.5,https://www.gsmarena.com/blu_dash_3_5-5023.php,https://fdn2.gsmarena.com/vv/bigpic/blu-dash-35.jpg,GSM / HSPA,No,"2012, September. Released 2012, September",Discontinued,115 x 62 x 11.5 mm (4.53 x 2.44 x 0.45 in),110.0,,,"Dual SIM (Mini-SIM, dual stand-by)",TFT,,3.5,320x480,165,51.2,,Android 4.2 (Jelly Bean),Mediatek MT6572M (28 nm),28,Dual-core 1.0 GHz Cortex-A7,Mali-400,,,,,,3.15,1,,No,,No,,Yes,,No,,,"Wi-Fi 802.11 b/g/n, hotspot",No,4.0,Micro-USB,Yes,GPS,Accelerometer,1300,,,No,,,70.0,,,,,,,,"Black, White",,,,Stereo FM radio
Blu,BLU Elite 3.8,https://www.gsmarena.com/blu_elite_3_8-4947.php,https://fdn2.gsmarena.com/vv/bigpic/blu-elite-38.jpg,GSM / HSPA,No,"2012, July. Released 2012, August",Discontinued,120 x 60 x 11.3 mm (4.72 x 2.36 x 0.44 in),137.0,,,"Dual SIM (Mini-SIM, dual stand-by)",IPS LCD,,3.8,480x800,246,57.1,,"Android 2.3 (Gingerbread), upgradable to 4.0 (Ice Cream Sandwich)",Qualcomm MSM7227A Snapdragon S1,,1.0 GHz Cortex-A5,Adreno 200,,,1,1,,5.0,1,,No,,No,LED flash,480p@30fps,,No,,,"Wi-Fi 802.11 b/g/n, hotspot",,3.0,Micro-USB,Yes,"GPS, A-GPS","Accelerometer, gyro, proximity, compass",1600,,,No,,,130.0,,,,,,,,"Black, White",,,,"Stereo FM radio, RDS"
Blu,BLU Dash,https://www.gsmarena.com/blu_dash-4946.php,https://fdn2.gsmarena.com/vv/bigpic/blu-dash.jpg,GSM / HSPA,No,"2011, December. Released 2012, March",Discontinued,103 x 56 x 12 mm (4.06 x 2.20 x 0.47 in),96.0,,,Dual SIM (Mini-SIM),"TFT, 256K colors",,2.8,240x320,143,42.1,,Android 2.3 (Gingerbread),Mediatek MT6573 (65 nm),65,650 MHz Cortex-A9,PowerVR SGX531,,,,,,2.0,1,,No,,No,,Yes,,No,,,Wi-Fi 802.11 b/g/n,,3.0,Micro-USB,Yes,GPS,"Accelerometer, gyro, proximity, compass",1110,,,No,,,70.0,,,,,,,,"Black, Blue, White, Pink",,,,Stereo FM radio
Blu,BLU Hero,https://www.gsmarena.com/blu_hero-4945.php,https://fdn2.gsmarena.com/vv/bigpic/blu-hero.jpg,GSM,No,"2011, November. Released 2011, December",Discontinued,104 x 57 x 13 mm (4.09 x 2.24 x 0.51 in),90.0,,,Dual SIM (Mini-SIM),"TFT resistive touchscreen, 256K colors",,2.8,240x320,143,41.0,,,,,,,,,,,,1.3,1,,No,,No,,Yes,,No,,,No,,2.1,Micro-USB,Yes,No,,950,,,No,,,40.0,,,,,,,,"Black, Blue, Pink, Brown, White, Green",,,,Stereo FM radio
Blu,BLU Jenny TV,https://www.gsmarena.com/blu_jenny_tv-4944.php,https://fdn2.gsmarena.com/vv/bigpic/blu-jenny-tv.jpg,GSM,No,"2012, June. Released 2012, August",Discontinued,119 x 49 x 14 mm (4.69 x 1.93 x 0.55 in),88.0,,,Dual SIM (Mini-SIM),"TFT, 256K colors",,2.4,240x320,167,30.6,,,,,,,,,,,,,1,,No,,No,,Yes,,No,,,No,,2.1,Micro-USB,Yes,No,,820,,,No,,,30.0,,,,,,,,"White, Black, Red, Yellow, Blue",,,,FM radio; built-in antenna
Blu,BLU Vivo 4.3,https://www.gsmarena.com/blu_vivo_4_3-4901.php,https://fdn2.gsmarena.com/vv/bigpic/blu-vivo-4.jpg,GSM / HSPA,No,"2012, July. Released 2012, September",Discontinued,128 x 66 x 9.3 mm (5.04 x 2.60 x 0.37 in),120.0,,,"Dual SIM (Mini-SIM, dual stand-by)",Super AMOLED,,4.3,480x800,217,62.3,,Android 4.0 (Ice Cream Sandwich),Mediatek MT6577 (40 nm),40,Dual-core 1.0 GHz Cortex-A9,PowerVR SGX531u,,,4,4,,8.0,1,,No,,No,LED flash,720p,1.3,No,,,Wi-Fi 802.11 b/g,,3.0,Micro-USB,Yes,"GPS, A-GPS","Accelerometer, gyro, proximity, compass",1600,,,No,,,170.0,,,,,,,,"Black, White",,,,Stereo FM radio
Blu,BLU Tank,https://www.gsmarena.com/blu_tank-4853.php,https://fdn2.gsmarena.com/vv/bigpic/blu-tank.jpg,GSM,No,"2012, June. Released 2012, June",Discontinued,114 x 48 x 15 mm (4.49 x 1.89 x 0.59 in),92.0,,,Dual SIM (Mini-SIM),"TFT, 65K colors",,1.8,128x160,114,18.6,,,,,,,,,,,,,1,,No,,No,,Yes,,No,,,No,,2.1,miniUSB,No,No,,1800,,,No,,,20.0,,,,,,,,"Electric Blue, Red, Yellow, White, All White, Pink",,,,Stereo FM radio
Blu,BLU Jenny,https://www.gsmarena.com/blu_jenny-4852.php,https://fdn2.gsmarena.com/vv/bigpic/blu-jenny.jpg,GSM,No,"2012, June. Released 2012, June",Discontinued,110 x 45 x 14 mm (4.33 x 1.77 x 0.55 in),73.0,,,Dual SIM (Mini-SIM),"TFT, 65K colors",,1.8,128x160,114,20.6,,,,,,,,,,,,,1,,No,,No,,Yes,,No,,,No,,2.1,miniUSB,No,No,,900,,,No,,,20.0,,,,,,,,"White, Black, Red, Yellow, Blue",,,,Stereo FM radio
Blu,BLU Studio 5.3,https://www.gsmarena.com/blu_studio_5_3-4370.php,https://fdn2.gsmarena.com/vv/bigpic/blu-studio-5.3.jpg,GSM / HSPA,No,"2011, December. Released 2012, January",Discontinued,150 x 81 x 10.9 mm (5.91 x 3.19 x 0.43 in),192.0,,,Dual SIM (Mini-SIM),TFT,,5.3,480x800,176,65.8,,Android 2.3 (Gingerbread),Mediatek MT6573 (65 nm),65,650 MHz Cortex-A9/ 800 MHz Cortex-A9,PowerVR SGX531,,,,,,5.0,1,,No,,No,LED flash,480p@30fps,,No,,,"Wi-Fi 802.11 b/g, hotspot",,2.1,Micro-USB,Yes,"GPS, A-GPS","Accelerometer, gyro, proximity, compass",2500,,,No,,,170.0,,,,,,,,Black,,,,Stereo FM radio
Blu,BLU Touch Book 7.0,https://www.gsmarena.com/blu_touch_book_7_0-4224.php,https://fdn2.gsmarena.com/vv/bigpic/blu-touch-book-70.jpg,GSM / HSPA,No,"2011, August. Released 2011, December",Discontinued,197 x 120 x 13.2 mm (7.76 x 4.72 x 0.52 in),382.0,,,Mini-SIM,TFT,,7.0,480x800,133,59.0,,Android 2.2 (Froyo),Qualcomm MSM7227-T Snapdragon S1,,800 MHz ARM 11,Adreno 200,,,,,,3.15,1,,No,,No,,Yes,,No,,,Wi-Fi 802.11 b/g/n,,2.1,Micro-USB,Yes,GPS,Accelerometer,4250,,,No,,,120.0,,,,,,,,Black,,,,Stereo FM radio
Blu,BLU Neo Pro,https://www.gsmarena.com/blu_neo_pro-4195.php,https://fdn2.gsmarena.com/vv/bigpic/blu-neo-slide.jpg,GSM,No,"2011, August. Released Exp. release 2012, Q1",Discontinued,101 x 55 x 16.5 mm (3.98 x 2.17 x 0.65 in),120.0,,,Mini-SIM,"TFT, 256K colors",,2.8,240x320,143,43.7,,,,,,,,,1,1,,3.15,1,,No,,No,,Yes,,No,,,Wi-Fi 802.11 b/g/n,,2.1,Micro-USB,Yes,No,,900,,,No,,,,,,,,,,,"Black, Red, Blue, Silver",,,,Stereo FM radio
Blu,BLU Neo XT,https://www.gsmarena.com/blu_neo_xt-4162.php,https://fdn2.gsmarena.com/vv/bigpic/blu-neo-xt.jpg,GSM,No,"2011, August. Released 2012, Q1",Discontinued,96 x 58 x 12.8 mm (3.78 x 2.28 x 0.50 in),120.0,,,Mini-SIM,"TFT, 256K colors",,3.0,240x400,155,46.0,,,,,,,,,1,1,,3.15,1,,No,,No,LED flash,Yes,,No,,,Wi-Fi 802.11 b/g/n,,2.1,Micro-USB,Yes,No,,820,,,No,,,70.0,,,,,,,,Black,,,,Stereo FM radio
Blu,BLU Neo,https://www.gsmarena.com/blu_neo-4163.php,https://fdn2.gsmarena.com/vv/bigpic/blu-neo-new.jpg,GSM,No,"2011, August. Released 2012, Q1",Discontinued,96 x 54 x 12.8 mm (3.78 x 2.13 x 0.50 in),120.0,,,Mini-SIM,"TFT resistive touchscreen, 256K colors",,2.8,240x320,143,46.8,,,,,,,,,,,,2.0,1,,No,,No,,Yes,,No,,,No,,2.1,Micro-USB,Yes,No,,820,,,No,,,70.0,,,,,,,,"Black, Red, Blue, Silver",,,,Stereo FM radio
Blu,BLU Deco Pro,https://www.gsmarena.com/blu_deco_pro-4165.php,https://fdn2.gsmarena.com/vv/bigpic/blu-deco-pro.jpg,GSM,No,"2011, July. Released 2011, Q3",Discontinued,108.5 x 64 x 12.5 mm (4.27 x 2.52 x 0.49 in),75.0,,,Mini-SIM,"TFT, 256K colors",,2.6,320x240,154,30.1,,,,,,,,,1,1,,3.2,1,,No,,No,,Yes,,No,,,Wi-Fi 802.11 b/g/n,,2.1,Micro-USB,Yes,No,,1200,,,No,,,60.0,,,,,,,,"Black, White",,,,FM radio
Blu,BLU Deco XT,https://www.gsmarena.com/blu_deco_xt-4166.php,https://fdn2.gsmarena.com/vv/bigpic/blu-deco-xt.jpg,GSM,No,"2011, July. Released 2011, Q3",Discontinued,103 x 57.6 x 12.5 mm (4.06 x 2.27 x 0.49 in),75.0,,,Mini-SIM,"TFT, 256K colors",,2.31,320x240,173,27.9,,,,,,,,,1,1,,2.0,1,,No,,No,,Yes,,No,,,Wi-Fi 802.11 b/g/n,,2.1,Micro-USB,Yes,No,,800,,,No,,,70.0,,,,,,,,"Black, White",,,,FM radio
Blu,BLU Deco,https://www.gsmarena.com/blu_deco-4167.php,https://fdn2.gsmarena.com/vv/bigpic/blu-deco.jpg,GSM,No,"2011, July. Released 2011, Q3",Discontinued,103 x 57.6 x 12.5 mm (4.06 x 2.27 x 0.49 in),73.0,,,Mini-SIM,"TFT, 256K colors",,2.31,320x240,173,27.9,,,,,,,,,,,,2.0,1,,No,,No,,Yes,,No,,,No,,2.1,Micro-USB,Yes,No,,800,,,No,,,,,,,,,,,"Black, White, Orange",,,,FM radio
Blu,BLU Deco Mini,https://www.gsmarena.com/blu_deco_mini-4168.php,https://fdn2.gsmarena.com/vv/bigpic/blu-deco-mini.jpg,GSM,No,"2011, July. Released 2011, Q3",Discontinued,99.3 x 55.9 x 13.5 mm (3.91 x 2.20 x 0.53 in),75.0,,,Mini-SIM,"TFT, 65K colors",,2.0,220x176,141,22.7,,,,,,,,,,,,1.3,1,,No,,No,,Yes,,No,,,No,,2.1,Micro-USB,Yes,No,,850,,,No,,,30.0,,,,,,,,"Yellow, Green, Orange, White, Electric Blue, Fucsia, Black",,,,FM radio
Blu,BLU Electro,https://www.gsmarena.com/blu_electro-4169.php,https://fdn2.gsmarena.com/vv/bigpic/blu-electro.jpg,GSM,No,"2011, July. Released 2011, Q3",Discontinued,104 x 53 x 13.5 mm (4.09 x 2.09 x 0.53 in),68.0,,,Mini-SIM,"TFT, 256K colors",,2.2,240x320,182,27.2,,,,,,,,,,,,1.3,1,,No,,No,,Yes,,No,,,No,,2.1,Micro-USB,Yes,No,,1050,,,No,,,40.0,,,,,,,,"Orange, Pink, Violet, Cyan",,,,FM radio
Blu,BLU Deejay Touch,https://www.gsmarena.com/blu_deejay_touch-4171.php,https://fdn2.gsmarena.com/vv/bigpic/blu-deejay-touch.jpg,GSM,No,"2011, July. Released 2011, Q3",Discontinued,96 x 56.2 x 13.5 mm (3.78 x 2.21 x 0.53 in),70.0,,,Mini-SIM,"TFT resistive touchscreen, 65K colors",,2.6,240x320,154,38.8,,,,,,,,,,,,1.3,1,,No,,No,,Yes,,No,,,No,,2.1,Micro-USB,Yes,No,,750,,,No,,,40.0,,,,,,,,"Black, Pink, Light blue, Purple, Violet, Silver",,,,Stereo FM radio
Blu,BLU Spark,https://www.gsmarena.com/blu_spark-4170.php,https://fdn2.gsmarena.com/vv/bigpic/blu-spark.jpg,GSM,No,"2011, July. Released 2011, Q3",Discontinued,92 x 52 x 15 mm (3.62 x 2.05 x 0.59 in),59.0,,,Mini-SIM,"TFT, 256K colors",,2.4,240x320,167,37.3,,,,,,,,,,,,1.3,1,,No,,No,,Yes,,No,,,No,,,Micro-USB,Yes,No,,900,,,No,,,40.0,,,,,,,,"Coffee, Violet, Pink, Green, Cyan",,,,Stereo FM radio
Blu,BLU Deejay Flip,https://www.gsmarena.com/blu_deejay_flip-4172.php,https://fdn2.gsmarena.com/vv/bigpic/blu-deejay-flip.jpg,GSM,No,"2011, July. Released 2011, Q3",Discontinued,92 x 44.5 x 18 mm (3.62 x 1.75 x 0.71 in),70.0,,,Mini-SIM,"TFT, 256K colors",,2.0,176x220,141,30.7,,,,,,,,,,,,1.3,1,,No,,No,,Yes,,No,,,No,,2.1,Micro-USB,Yes,No,,700,,,No,,,,,,,,,,,"Blue, Red, Purple, Green, Yellow",,,,Stereo FM radio
Blu,BLU Tattoo Mini,https://www.gsmarena.com/blu_tattoo_mini-4173.php,https://fdn2.gsmarena.com/vv/bigpic/blu-tattoo-mini.jpg,GSM,No,"2011, July. Released 2011, Q3",Discontinued,99 x 55 x 13 mm (3.90 x 2.17 x 0.51 in),54.0,,,Mini-SIM,"TFT, 256K colors",,2.0,220x176,141,23.1,,,,,,,,,,,,1.3,1,,No,,No,,Yes,,No,,,No,,2.1,Micro-USB,Yes,No,,750,,,No,,,30.0,,,,,,,,"Silver, Pink",,,,Stereo FM radio
Blu,BLU Samba Elite,https://www.gsmarena.com/blu_samba_elite-4174.php,https://fdn2.gsmarena.com/vv/bigpic/blu-samba-elite.jpg,GSM,No,"2011, July. Released 2011, Q3",Discontinued,102 x 56 x 13.5 mm (4.02 x 2.20 x 0.53 in),69.0,,,Mini-SIM,"TFT, 256K colors",,2.0,160x128,102,22.0,,,,,,,,,,,,2.0,1,,No,,No,,Yes,,No,,,No,,2.1,miniUSB,No,No,,750,,,No,,,50.0,,,,,,,,"Black, Silver, Grey, Pink, Blue, Violet",,,,FM radio
Blu,BLU Samba JR,https://www.gsmarena.com/blu_samba_jr-4175.php,https://fdn2.gsmarena.com/vv/bigpic/blu-samba-jr.jpg,GSM,No,"2011, July. Released 2011, Q3",Discontinued,99.3 x 55.9 x 13.8 mm (3.91 x 2.20 x 0.54 in),75.0,,,Mini-SIM,"TFT, 65K colors",,1.77,160x128,116,17.8,,,,,,,,,,,,,,,No,,No,,,,No,,,No,,,Micro-USB,Yes,No,,850,,,No,,,30.0,,,,,,,,"Light blue, Red, Silver, Violet, Magenta, Green",,,,Stereo FM radio
Blu,BLU Lindy,https://www.gsmarena.com/blu_lindy-4176.php,https://fdn2.gsmarena.com/vv/bigpic/blu-lindy.jpg,GSM,No,"2011, July. Released 2011, Q3",Discontinued,101 x 56.2 x 13.7 mm (3.98 x 2.21 x 0.54 in),50.0,,,Mini-SIM,"TFT, 65K colors",,1.77,160x128,116,17.4,,,,,,,,,,,,,,,No,,No,,,,No,,,No,,,Micro-USB,Yes,No,,750,,,No,,,,,,,,,,,"Blue, Silver, Black, Light Blue, Pink",,,,Stereo FM radio
Blu,BLU Swing,https://www.gsmarena.com/blu_swing-4177.php,https://fdn2.gsmarena.com/vv/bigpic/blu-swing.jpg,GSM,No,"2011, July. Released 2011, Q3",Discontinued,84 x 42 x 17.5 mm (3.31 x 1.65 x 0.69 in),47.0,,,Mini-SIM,"TFT, 65K colors",,1.77,176x220,159,27.9,,,,,,,,,,,,1.3,1,,No,,No,,Yes,,No,,,No,,2.1,Micro-USB,Yes,No,,560,,,No,,,40.0,,,,,,,,"Black, White",,,,Stereo FM radio
Blu,BLU Bar Q,https://www.gsmarena.com/blu_bar_q-4178.php,https://fdn2.gsmarena.com/vv/bigpic/blu-bar-q.jpg,GSM,No,"2011, July. Released 2011, Q3",Discontinued,100.5 x 43 x 14.8 mm (3.96 x 1.69 x 0.58 in),48.0,,,Mini-SIM,"TFT, 65K colors",,1.77,128x160,116,22.8,,,,,,,,,,,,1.3,1,,No,,No,,Yes,,No,,,No,,2.1,Micro-USB,Yes,No,,800,,,No,,,,,,,,,,,"Black, White, Red, Light Blue, Violet, Yellow, Green, Pink",,,,FM radio
Blu,BLU Magic,https://www.gsmarena.com/blu_magic-3854.php,https://fdn2.gsmarena.com/vv/bigpic/blu-magic.jpg,GSM / HSPA,No,"2011, February. Released 2011, April",Discontinued,111 x 58 x 13.5 mm (4.37 x 2.28 x 0.53 in),,,,Mini-SIM,"TFT, 256K colors",,3.2,320x480,180,47.4,,Android 2.2 (Froyo),Qualcomm MSM7227 Snapdragon S1,,600 MHz ARM 11,Adreno 200,,,,,,3.15,1,,No,,No,,320p@18fps,,No,,,"Wi-Fi 802.11 b/g, hotspot",,2.1,Micro-USB,Yes,"GPS, A-GPS","Accelerometer, proximity, compass",1450,,,No,,,110.0,,,,,,,,"Black, White",,,,"Stereo FM radio, RDS"
Blu,BLU Touch,https://www.gsmarena.com/blu_touch-3855.php,https://fdn2.gsmarena.com/vv/bigpic/blu-touch.jpg,GSM,No,"2011, February. Released 2011, Q2",Discontinued,109 x 56 x 12.5 mm (4.29 x 2.20 x 0.49 in),120.0,,,Dual SIM (Mini-SIM),"TFT resistive touchscreen, 256K colors",,3.2,,,,,,,,,,,,,,,3.15,1,,No,,No,,320p@15fps,,No,,,No,,2.0,2.0,Yes,No,,1000,,,No,,,,,,,,,,,"Black, White, Pink, Silver, Orange, Green",,,,"Stereo FM radio, RDS"
Blu,BLU Diesel 3G,https://www.gsmarena.com/blu_diesel_3g-3856.php,https://fdn2.gsmarena.com/vv/bigpic/blu-diesel.jpg,GSM / UMTS,No,"2011, February. Released 2011, Q2",Discontinued,107.5 x 45 x 13.3 mm (4.23 x 1.77 x 0.52 in),90.0,,,Mini-SIM,"TFT, 65K colors",,1.8,,,,,,,,,,,,,,,,1,,No,,No,,Yes,,No,,,No,,2.1,miniUSB 2.0,No,No,,1000,,,No,,,50.0,,,,,,,,Black,,,,"Stereo FM radio, RDS"
Blu,BLU Deejay II,https://www.gsmarena.com/blu_deejay_ii-3857.php,https://fdn2.gsmarena.com/vv/bigpic/blu-deejay-q.jpg,GSM,No,"2011, February. Released 2011, April",Discontinued,105 x 58 x 14 mm (4.13 x 2.28 x 0.55 in),120.0,,,Dual SIM (Mini-SIM),"TFT, 256K colors",,1.8,,,,,,,,,,,,,,,,1,,No,,No,,Yes,,No,,,No,,2.1,Micro-USB,Yes,No,,800,,,No,,,40.0,,,,,,,,"Red, Silver, Green, Yellow, Blue, Pink, Purple",,,,Stereo FM radio
Blu,BLU Samba Q,https://www.gsmarena.com/blu_samba_q-3858.php,https://fdn2.gsmarena.com/vv/bigpic/blu-samba-q.jpg,GSM,No,"2011, February. Released 2011, April",Discontinued,105 x 58 x 14 mm (4.13 x 2.28 x 0.55 in),120.0,,,Dual SIM (Mini-SIM),"TFT, 256K colors",,1.8,,,,,,,,,,,,,,,,1,,No,,No,,Yes,,No,,,No,,,Micro-USB,Yes,No,,800,,,No,,,50.0,,,,,,,,"Red, Silver, Green, Yellow, Blue, Pink, Purple",,,,Stereo FM radio
Blu,BLU Ultra,https://www.gsmarena.com/blu_ultra-3859.php,https://fdn2.gsmarena.com/vv/bigpic/blu-ultra-100.jpg,GSM,No,"2011, February. Released 2011, Q2",Discontinued,105.5 x 45 x 12.7 mm (4.15 x 1.77 x 0.5 in),,,,Mini-SIM,Monochrome graphic,,1.31,,88,10.8,,,,,,,,,,,,,,,No,,No,,,,No,,,No,,,miniUSB (charging on,No,No,,500,,,No,,,,,,,,,,,"Black, Yellow, Blue, Red",,,,FM radio
Blu,BLU Tango,https://www.gsmarena.com/blu_tango-3548.php,https://fdn2.gsmarena.com/vv/bigpic/tango.jpg,GSM / HSPA,No,"2010, September. Released 2010, Q4",Discontinued,98.7 x 55 x 13 mm (3.89 x 2.17 x 0.51 in),94.0,,,Mini-SIM,"TFT resistive touchscreen, 256K colors",,2.8,240x320,143,44.7,,Android 2.2 (Froyo),Qualcomm MSM7227 Snapdragon S1,,600 MHz ARM 11,Adreno 200,,,,,,3.15,1,,No,,No,,320p@15fps,,No,,,"Wi-Fi 802.11 b/g, hotspot",,2.1,Micro-USB,Yes,"GPS, A-GPS","Accelerometer, compass",1200,,,No,,,100.0,,,,,,,,"Black, White, Red",,,,"Stereo FM radio, RDS"
Blu,BLU Speed,https://www.gsmarena.com/blu_speed-3549.php,https://fdn2.gsmarena.com/vv/bigpic/blu-speed.jpg,GSM / UMTS,No,"2010, October. Released 2010, October",Discontinued,109 x 62 x 15 mm (4.29 x 2.44 x 0.59 in),123.0,,,Dual SIM (Mini-SIM),"TFT, 256K colors",,2.44,360x480,246,27.3,,,,,,,,,,,,2.0,1,,No,,No,,Yes,,No,,,Wi-Fi 802.11 b/g,,2.0,Micro-USB,Yes,No,,930,,,No,,,100.0,,,,,,,,"Black, Silver, Red",,,,Stereo FM radio
Blu,BLU Smart,https://www.gsmarena.com/blu_smart-3550.php,https://fdn2.gsmarena.com/vv/bigpic/blu-smart.jpg,GSM / HSPA,No,"2010, September. Released 2010, October",Discontinued,104 x 55 x 12.2 mm (4.09 x 2.17 x 0.48 in),102.0,,,Mini-SIM,"TFT resistive touchscreen, 256K colors",,3.0,,,,,,,,,,,,,,,2.0,1,,No,,No,,Yes,,No,,,Wi-Fi 802.11 b/g,,2.0,Proprietary,No,No,,800,,,No,,,,,,,,,,,Black,,,,FM radio
Blu,BLU Cubo,https://www.gsmarena.com/blu_cubo-3551.php,https://fdn2.gsmarena.com/vv/bigpic/blu-cubo.jpg,GSM,No,"2010, September. Released 2010, Q4",Discontinued,95.5 x 61 x 14.2 mm (3.76 x 2.40 x 0.56 in),110.0,,,Dual SIM (Mini-SIM),"TFT, 256K colors",,2.4,,,,,,,,,,,,,,,2.0,1,,No,,No,,Yes,,No,,,Wi-Fi 802.11 b/g,,2.0,Micro-USB,Yes,No,,800,,,No,,,70.0,,,,,,,,"Black, Grey, White",,,,Stereo FM radio
Blu,BLU Flash,https://www.gsmarena.com/blu_flash-3552.php,https://fdn2.gsmarena.com/vv/bigpic/blu-flash.jpg,GSM / UMTS,No,"2010, September. Released 2010, September",Discontinued,109 x 46 x 13.5 mm (4.29 x 1.81 x 0.53 in),82.0,,,Mini-SIM,"TFT, 256K colors",,2.0,240x320,200,24.7,,,,,,,,,,,,,1,,No,,No,,320p@15fps,,No,,,No,,2.0,Proprietary,Yes,No,,800,,,No,,,40.0,,,,,,,,Black,,,,Stereo FM radio
Blu,BLU Samba Mini,https://www.gsmarena.com/blu_samba_mini-3553.php,https://fdn2.gsmarena.com/vv/bigpic/blu-samba-mini.jpg,GSM,No,"2010, September. Released 2010, Q4",Discontinued,99.5 x 58 x 12 mm (3.92 x 2.28 x 0.47 in),76.0,,,Dual SIM (Mini-SIM),"TFT, 256K colors",,2.0,240x320,200,21.5,,,,,,,,,,,,2.0,1,,No,,No,,Yes,,No,,,No,,2.0,Proprietary,No,No,,700,,,No,,,50.0,,,,,,,,"Red, Purple, Blue, Green, Yellow, Pink, Silver",,,,Stereo FM radio
Blu,BLU Samba,https://www.gsmarena.com/blu_samba-3567.php,https://fdn2.gsmarena.com/vv/bigpic/blu-samba.jpg,GSM,No,"2010, June. Released 2010, June",Discontinued,111 x 56 x 14 mm (4.37 x 2.20 x 0.55 in),96.0,,,Dual SIM (Mini-SIM),"TFT, 65K colors",,1.8,,,,,,,,,,,,,,,,1,,No,,No,,No,,No,,,No,,1.2,Proprietary,No,No,,750,,,No,,,30.0,,,,,,,,"Silver, Red, Yellow, Blue, Green, Purple, Pink",,,,FM radio
Blu,BLU Tattoo,https://www.gsmarena.com/blu_tattoo-3568.php,https://fdn2.gsmarena.com/vv/bigpic/blu-tattoo.jpg,GSM,No,"2010, June. Released 2010, June",Discontinued,111 x 56 x 13.7 mm (4.37 x 2.20 x 0.54 in),104.0,,,Dual SIM (Mini-SIM),"TFT, 65K colors",,2.0,,,,,,,,,,,,,,,,1,,No,,No,,No,,No,,,No,,1.2,Proprietary,No,No,,750,,,No,,,,,,,,,,,"Black, White, Blue, Pink, Yellow, Green",,,,FM radio
Blu,BLU Tattoo TV,https://www.gsmarena.com/blu_tattoo_tv-3569.php,https://fdn2.gsmarena.com/vv/bigpic/blu-tattoo-tv.jpg,GSM,No,"2010, June. Released 2010, June",Discontinued,111 x 56 x 13.7 mm (4.37 x 2.20 x 0.54 in),104.0,,,Dual SIM (Mini-SIM),"TFT, 65K colors",,2.0,,,,,,,,,,,,,,,,1,,No,,No,,No,,No,,,No,,1.2,Proprietary,No,No,,750,,,No,,,,,,,,,,,"Black, White, Blue, Pink, Yellow, Green",,,,FM radio
Blu,BLU Disco2GO II,https://www.gsmarena.com/blu_disco2go_ii-3560.php,https://fdn2.gsmarena.com/vv/bigpic/blu-disco2go-ii.jpg,GSM,No,"2010, September. Released 2010, Q4",Discontinued,111 x 58 x 14 mm (4.37 x 2.28 x 0.55 in),102.0,,,Dual SIM (Mini-SIM),"TFT, 256K colors",,2.0,240x320,200,19.2,,,,,,,,,,,,,1,,No,,No,,Yes,,No,,,No,,2.0,Proprietary,Yes,No,,850,,,No,,,60.0,,,,,,,,"Red, Green, Grey, Yellow",,,,Stereo FM radio
Blu,BLU Deejay,https://www.gsmarena.com/blu_deejay-3561.php,https://fdn2.gsmarena.com/vv/bigpic/blu-deejay.jpg,GSM,No,"2010, September. Released 2010, September",Discontinued,103 x 44 x 15 mm (4.06 x 1.73 x 0.59 in),83.0,,,Dual SIM (Mini-SIM),"TFT, 65K colors",,1.77,128x160,116,21.8,,,,,,,,,,,,,,,No,,No,,,,No,,,No,,,miniUSB (charging on,No,No,,800,,,No,,,40.0,,,,,,,,"Grey, Green, Purple, Pink, Blue",,,,Stereo FM radio
Blu,BLU Click,https://www.gsmarena.com/blu_click-3562.php,https://fdn2.gsmarena.com/vv/bigpic/blu-click.jpg,GSM,No,"2010, September. Released 2010, September",Discontinued,103 x 44 x 15 mm (4.06 x 1.73 x 0.59 in),83.0,,,Dual SIM (Mini-SIM),"TFT, 65K colors",,1.77,128x160,116,21.8,,,,,,,,,,,,,1,,No,,No,,No,,No,,,No,,,miniUSB (charging on,No,No,,800,,,No,,,,,,,,,,,"Grey, Green, Purple, Pink, Blue",,,,Stereo FM radio
Blu,BLU Brilliant,https://www.gsmarena.com/blu_brilliant-3563.php,https://fdn2.gsmarena.com/vv/bigpic/blu-brilliant1-2.jpg,GSM,No,"2010, September. Released 2010, Q4",Discontinued,109 x 45 x 9.9 mm (4.29 x 1.77 x 0.39 in),102.0,,,Dual SIM (Mini-SIM),"TFT, 256K colors",,2.2,240x320,182,30.6,,,,,,,,,,,,2.0,1,,No,,No,,Yes,,No,,,No,,2.0,Proprietary,No,No,,800,,,No,,,,,,,,,,,"Black, White",,,,Stereo FM radio
Blu,BLU Slim TV,https://www.gsmarena.com/blu_slim_tv-3564.php,https://fdn2.gsmarena.com/vv/bigpic/blu-slim-tv.jpg,GSM,No,"2010, September. Released 2010, September",Discontinued,109 x 45 x 9.9 mm (4.29 x 1.77 x 0.39 in),102.0,,,Dual SIM (Mini-SIM),"TFT, 256K colors",,2.2,240x320,182,30.6,,,,,,,,,,,,2.0,1,,No,,No,LED flash,Yes,,No,,,No,,2.0,Proprietary,No,No,,800,,,No,,,,,,,,,,,"Black, Red, Blue",,,,Stereo FM radio
Blu,BLU TV2Go Lite,https://www.gsmarena.com/blu_tv2go_lite-3565.php,https://fdn2.gsmarena.com/vv/bigpic/blu-tv2go-lite.jpg,GSM,No,"2010, September. Released 2010, September",Discontinued,110 x 48.8 x 14.2 mm (4.33 x 1.92 x 0.56 in),87.0,,,Dual SIM (Mini-SIM),"TFT, 65K colors",,2.0,144x176,114,23.6,,,,,,,,,,,,,1,,No,,No,,Yes,,No,,,No,,1.2,Proprietary (chargin,No,No,,750,,,No,,,,,,,,,,,"Black, White, Pink, Red, Green, Blue",,,,FM radio
Blu,BLU TV2Go,https://www.gsmarena.com/blu_tv2go-3566.php,https://fdn2.gsmarena.com/vv/bigpic/blu-tv2go.jpg,GSM,No,"2009, August. Released 2009, August",Discontinued,110 x 48.8 x 14.2 mm (4.33 x 1.92 x 0.56 in),87.0,,,Dual SIM (Mini-SIM),"TFT, 65K colors",,2.0,144x176,114,23.6,,,,,,,,,,,,,1,,No,,No,,Yes,,No,,,No,,1.2,Proprietary (chargin,No,No,,750,,,No,,,,,,,,,,,"Black, White, Pink, Red, Green, Blue",,,,FM radio
Blu,BLU Texting 2 GO,https://www.gsmarena.com/blu_texting_2_go-3572.php,https://fdn2.gsmarena.com/vv/bigpic/blu-texting2go.jpg,GSM,No,"2010, September. Released 2010, Q4",Discontinued,108 x 53 x 14 mm (4.25 x 2.09 x 0.55 in),104.0,,,Dual SIM (Mini-SIM),"TFT, 256K colors",,2.0,,,,,,,,,,,,,,,,1,,No,,No,LED flash,Yes,,No,,,No,,2.0,Proprietary,No,No,,850,,,No,,,,,,,,,,,"Black, White, Red",,,,Stereo FM radio
Blu,BLU EZ2Go,https://www.gsmarena.com/blu_ez2go-3570.php,https://fdn2.gsmarena.com/vv/bigpic/blu-ez2go.jpg,GSM,No,"2010, June. Released 2010, June",Discontinued,120 x 56 x 14.6 mm (4.72 x 2.20 x 0.57 in),120.0,,,Dual SIM (Mini-SIM),"TFT, 65K colors",,2.0,,,,,,,,,,,,,,,,1,,No,,No,,No,,No,,,No,,,Proprietary,No,No,,750,,,No,,,,,,,,,,,"Black, Gray, Silver",,,,FM radio
Blu,BLU Kick,https://www.gsmarena.com/blu_kick-3571.php,https://fdn2.gsmarena.com/vv/bigpic/blu-kick.jpg,GSM,No,"2010, June. Released 2010, June",Discontinued,102 x 45 x 12.8 mm (4.02 x 1.77 x 0.50 in),92.0,,,Dual SIM (Mini-SIM),"TFT, 65K colors",,1.8,,,,,,,,,,,,,,,,1,,No,,No,,No,,No,,,No,,1.2,Proprietary,No,No,,750,,,No,,,,,,,,,,,"Silver, Red, Yellow, Blue, Green, Purple, Pink",,,,FM radio
Blu,BLU Vida1,https://www.gsmarena.com/blu_vida1-3573.php,https://fdn2.gsmarena.com/vv/bigpic/blu-vida1.jpg,GSM,No,"2010, June. Released 2010, June",Discontinued,96.8 x 41 x 13.5 mm (3.81 x 1.61 x 0.53 in),87.0,,,Dual SIM (Mini-SIM),"TFT, 65K colors",,1.8,,,,,,,,,,,,,,,,1,,No,,No,,No,,No,,,No,,,Proprietary,No,No,,750,,,No,,,,,,,,,,,"Black, Silver, Red, Grey",,,,FM radio
Blu,BLU Gol,https://www.gsmarena.com/blu_gol-3574.php,https://fdn2.gsmarena.com/vv/bigpic/blu-gol.jpg,GSM,No,"2010, June. Released 2010, June",Discontinued,102 x 45 x 12.8 mm (4.02 x 1.77 x 0.50 in),92.0,,,Dual SIM (Mini-SIM),"TFT, 65K colors",,1.8,,,,,,,,,,,,,,,,1,,No,,No,,No,,No,,,No,,1.2,Proprietary,No,No,,750,,,No,,,,,,,,,,,"Black, Blue, Red, Silver",,,,FM radio
Blu,BLU Dual SIM Lite,https://www.gsmarena.com/blu_dual_sim_lite-3575.php,https://fdn2.gsmarena.com/vv/bigpic/blu-dualsim-lite.jpg,GSM,No,"2010, January. Released 2010, January",Discontinued,98 x 41 x 12.5 mm (3.86 x 1.61 x 0.49 in),83.0,,,Dual SIM (Mini-SIM),"TFT, 65K colors",,1.77,128x160,116,24.5,,,,,,,,,,,,,,,No,,No,,,,No,,,No,,,miniUSB (charging on,No,No,,800,,,No,,,,,,,,,,,"Grey, Green, Purple, Pink, Blue",,,,Stereo FM radio
