Brand,Model_Name,Model_URL,Model_Image,Network_Technology,5G_Support,Announced,Status,Dimensions,Weight_g,Back_Material,IP_Rating,SIM_Type,Display_Type,Refresh_Rate_Hz,Display_Size_inch,Resolution,PPI_Density,Screen_to_Body_Pct,Display_Protection,OS,Chipset,Process_Node_nm,CPU,GPU,RAM_GB,RAM_Max_GB,Storage_GB,Storage_Max_GB,Storage_Type,Main_Camera_MP,Lens_Count,Main_Aperture,OIS,Sensor_Size,Camera_4K_Video,Camera_Features,Camera_Video,Selfie_Camera_MP,Selfie_4K_Video,Selfie_Camera_Features,Selfie_Camera_Video,WiFi,NFC,Bluetooth_Version,USB_Type,Headphone_Jack,GPS,Sensors,Battery_mAh,Wired_Charging_W,Wireless_Charging_W,Reverse_Wireless_Charging,Battery_ActiveUse,Price_USD,Price_EUR,Price_GBP,Price_INR,AnTuTu_Score,GeekBench_Score,ThreeDMark_Score,Display_nits_tested,Loudspeaker_LUFS,Colors,Model_Numbers,SAR_US,SAR_EU,FM_Radio
Celkon,Celkon A403,https://www.gsmarena.com/celkon_a403-7618.php,https://fdn2.gsmarena.com/vv/bigpic/celkon-a403.jpg,GSM / HSPA,No,"2015, August. Released 2015, August",Discontinued,125 x 65 x 10.2 mm (4.92 x 2.56 x 0.40 in),113.0,,,Dual SIM,"TFT, 256K colors",,4.0,480x800,233,56.1,,Android 4.4.2 (KitKat),Spreadtrum SC7715,,1.0 GHz,,,,4,4,,3.15,1,,No,,No,LED flash,Yes,1.3,No,,,Wi-Fi 802.11 b/g/n,No,2.0,Micro-USB,Yes,A-GPS,Accelerometer,1400,,,No,,,,,,,,,,,"Black, Light Blue, Red, Yellow",,,0.38 W/kg (head) 0.68 W/kg (body),FM radio
Celkon,Celkon Campus Prime,https://www.gsmarena.com/celkon_campus_prime-7617.php,https://fdn2.gsmarena.com/vv/bigpic/celkon-millennia-prime.jpg,GSM / HSPA,No,"2015, August. Released 2015, August",Discontinued,132 x 67 x 9.3 mm (5.20 x 2.64 x 0.37 in),119.2,,,Dual SIM,"TFT, 256K colors",,4.5,480x854,218,63.1,,Android 4.4.2 (KitKat),Spreadtrum SC7715,,1.0 GHz,,,,4,4,,3.15,1,,No,,No,LED flash,Yes,1.3,No,,,Wi-Fi 802.11 b/g/n,No,2.0,Micro-USB,Yes,A-GPS,Accelerometer,1600,,,No,,,,,,,,,,,"White, Black, Gold, Silver, Brown, Blue",,,0.35 W/kg (head) 0.85 W/kg (body),FM radio
Celkon,Celkon Millennia Everest,https://www.gsmarena.com/celkon_millennia_everest-7616.php,https://fdn2.gsmarena.com/vv/bigpic/celkon-millennia-everest.jpg,GSM / HSPA,No,"2015, August. Released 2015, August",Discontinued,157 x 78 x 9.1 mm (6.18 x 3.07 x 0.36 in),,,,Dual SIM,"TFT, 256K colors",,5.5,480x854,178,68.1,,Android 5.1 (Lollipop),Spreadtrum SC7731,,Quad-core 1.2 GHz,,1,1,8,8,,5.0,1,,No,,No,LED flash,Yes,3.2,No,,,Wi-Fi 802.11 b/g/n,No,2.0,Micro-USB,Yes,A-GPS,"Accelerometer, proximity",2500,,,No,,,,,,,,,,,"Black, White, Blue",,,0.33 W/kg (head) 0.25 W/kg (body),FM radio
Celkon,Celkon Millennia Hero,https://www.gsmarena.com/celkon_millennia_hero-7615.php,https://fdn2.gsmarena.com/vv/bigpic/celkon-millennia-hero.jpg,GSM / HSPA,No,"2015, August. Released 2015, August",Discontinued,125 x 64 x 11 mm (4.92 x 2.52 x 0.43 in),113.0,,,Dual SIM,"TFT, 256K colors",,4.0,480x800,233,56.9,,Android 5.1 (Lollipop),,,Quad-core 1.2 GHz,,1,1,8,8,,5.0,1,,No,,No,LED flash,Yes,3.2,No,,,Wi-Fi 802.11 b/g/n,No,2.0,Micro-USB,Yes,A-GPS,Accelerometer,1700,,,No,,,,,,,,,,,"Black, White/Gold, White/Silver, Black/Gold",,,0.34 W/kg (head) 0.76 W/kg (body),FM radio
Celkon,Celkon Millennia Xplore,https://www.gsmarena.com/celkon_millennia_xplore-7461.php,https://fdn2.gsmarena.com/vv/bigpic/celkon-q58-xplore.jpg,GSM / HSPA,No,"2015, July. Released 2015, July",Discontinued,145.7 x 73.8 x 7.9 mm (5.74 x 2.91 x 0.31 in),150.0,,,Dual SIM,IPS LCD,,5.0,720x1280,294,64.1,,Android 5.0 (Lollipop),Mediatek MT6582M (28 nm),28,Quad-core 1.2 GHz Cortex-A7,Mali-400MP2,1,1,8,8,,13.0,1,,No,,No,LED flash,Yes,8.0,No,,,"Wi-Fi 802.11 b/g/n, hotspot",No,4.0,Micro-USB,Yes,GPS,"Accelerometer, proximity",2000,,,No,,,,,,,,,,,Black/White,,,,FM radio
Celkon,Celkon Q455L,https://www.gsmarena.com/celkon_q455l-7460.php,https://fdn2.gsmarena.com/vv/bigpic/celkon-q455.jpg,GSM / HSPA,No,"2015, July. Released 2015, July",Discontinued,136.5 x 68 x 7.9 mm (5.37 x 2.68 x 0.31 in),130.0,,,Dual SIM,IPS LCD,,4.5,480x854,218,60.1,,Android 5.0 (Lollipop),,,Quad-core 1.2 GHz,,1,1,8,8,,8.0,1,,No,,No,LED flash,Yes,3.15,No,,,"Wi-Fi 802.11 b/g/n, hotspot",No,4.0,Micro-USB,Yes,GPS,"Accelerometer, proximity",1800,,,No,,,,,,,,,,,"Black, Red, Yellow",,,,FM radio
Celkon,Celkon 2GB Xpress,https://www.gsmarena.com/celkon_2gb_xpress-7459.php,https://fdn2.gsmarena.com/vv/bigpic/celkon-2gb-xpress.jpg,GSM / HSPA,No,"2015, July. Released 2015, July",Discontinued,133.5 x 66.5 x 10.1 mm (5.26 x 2.62 x 0.40 in),134.0,,,Dual SIM,IPS LCD,,4.5,480x800,207,64.9,,"Android 4.4.2 (KitKat), upgradable to 5.0 (Lollipop)",Spreadtrum 7731,,Quad-core 1.2 GHz,Mali-400,2,2,16,16,,5.0,1,,No,,No,LED flash,Yes,1.3,No,,,"Wi-Fi 802.11 b/g/n, hotspot",No,2.1,Micro-USB,Yes,GPS,Accelerometer,1500,,,No,,,,,,,,,,,Black,,,,FM radio
Celkon,Celkon A35k Remote,https://www.gsmarena.com/celkon_a35k_remote-7376.php,https://fdn2.gsmarena.com/vv/bigpic/celkon-a35k-remote.jpg,GSM / HSPA,No,"2015, June. Released 2015, June",Discontinued,119 x 63 x 10.7 mm (4.69 x 2.48 x 0.42 in),102.0,,,Dual SIM,"TFT, 256K colors",,3.5,320x480,165,48.7,,Android 4.4.2 (KitKat),,,1.0 GHz,,,,,,,3.15,1,,No,,No,LED flash,Yes,,No,,,Wi-Fi 802.11 b/g/n,No,4.0,Micro-USB,Yes,GPS,"Accelerometer, proximity",1400,,,No,,,,,,,,,,,"White, Black, Blue",,,0.56 W/kg (head) 0.40 W/kg (body),FM radio
Celkon,Celkon Q3K Power,https://www.gsmarena.com/celkon_q3k_power-7375.php,https://fdn2.gsmarena.com/vv/bigpic/celkon-q3k-power.jpg,GSM / HSPA,No,"2015, July. Released 2015, July",Discontinued,125.8 x 65 x 9.8 mm (4.95 x 2.56 x 0.39 in),128.0,,,Dual SIM,"TFT, 256K colors",,4.0,480x800,233,55.7,,Android 4.4.2 (KitKat),Spreadtrum 7731G,,Quad-core 1.2 GHz,Mali-400,,,8,8,,3.15,1,,No,,No,"LED flash, HDR, panorama",Yes,1.3,No,,,Wi-Fi 802.11 b/g/n,No,4.0,Micro-USB,Yes,GPS,Accelerometer,3000,,,No,,,,,,,,,,,"White, black, gold",,,,FM radio
Celkon,Celkon Q5K Power,https://www.gsmarena.com/celkon_q5k_power-7374.php,https://fdn2.gsmarena.com/vv/bigpic/celkon-q5k-power.jpg,GSM / HSPA,No,"2015, June. Released 2015, June",Discontinued,145 x 72 x 10 mm (5.71 x 2.83 x 0.39 in),169.0,,,Dual SIM,"TFT, 256K colors",,5.0,480x854,196,66.0,,Android 4.4.2 (KitKat),Spreadtrum 7731,,Quad-core 1.2 GHz,Mali-400,,,4,4,,5.0,1,,No,,No,LED flash,Yes,3.15,No,,,Wi-Fi 802.11 b/g/n,No,4.0,Micro-USB,Yes,GPS,"Accelerometer, proximity",5000,,,No,,,,,,,,,,,"White, Blue, Silver, Black",,,0.31 W/kg (head) 0.46 W/kg (body),FM radio
Celkon,Celkon Q452,https://www.gsmarena.com/celkon_q452-7373.php,https://fdn2.gsmarena.com/vv/bigpic/celkon-q452.jpg,GSM / HSPA,No,"2015, May. Released 2015, May",Discontinued,133.5 x 66.5 x 9.5 mm (5.26 x 2.62 x 0.37 in),129.0,,,Dual SIM,"TFT, 256K colors",,4.5,480x800,207,64.9,,Android 4.4.2 (KitKat),Spreadtrum 7731,,Quad-core 1.2 GHz,Mali-400,,,8,8,,3.15,1,,No,,No,LED flash,Yes,1.3,No,,,Wi-Fi 802.11 b/g/n,No,4.0,Micro-USB,Yes,GPS,Accelerometer,1500,,,No,,,,,,,,,,,"White, Silver, Black, Brown, Green",,,0.52 W/kg (head) 0.40 W/kg (body),FM radio
Celkon,Celkon A402,https://www.gsmarena.com/celkon_a402-7372.php,https://fdn2.gsmarena.com/vv/bigpic/celkon-a402.jpg,GSM / HSPA,No,"2015, June. Released 2015, June",Discontinued,125.5 x 64 x 10.2 mm (4.94 x 2.52 x 0.40 in),104.0,,,Dual SIM,"TFT, 256K colors",,4.0,480x800,233,56.7,,Android 4.4.2 (KitKat),Spreadtrum 7715,,1.2 GHz,Mali-400,,,4,4,,3.15,1,,No,,No,LED flash,Yes,1.3,No,,,Wi-Fi 802.11 b/g/n,No,4.0,Micro-USB,Yes,GPS,Accelerometer,2000,,,No,,,,,,,,,,,"White, Black, Blue, Silver",,,0.46 W/kg (head) 0.82 W/kg (body),FM radio
Celkon,Celkon Q54+,https://www.gsmarena.com/celkon_q54+-7287.php,https://fdn2.gsmarena.com/vv/bigpic/celkon-q54-plus.jpg,GSM / HSPA,No,"2015, March. Released 2015, March",Discontinued,145 x 73 x 8.8 mm (5.71 x 2.87 x 0.35 in),150.6,,,Dual SIM,IPS LCD,,5.0,480x854,196,65.1,,Android 4.4.2 (KitKat),Spreadtrum 7731,,Quad-core 1.2 GHz,Mali-400,1,1,8,8,,5.0,1,,No,,No,LED flash,Yes,5.0,No,,,Wi-Fi 802.11 b/g/n,No,2.0,Micro-USB,Yes,GPS,Accelerometer,2000,,,No,,,,,,,,,,,"Blue, Brown, White, Silver",,,0.16 W/kg (head) 0.30 W/kg (body),FM radio
Celkon,Celkon Q519,https://www.gsmarena.com/celkon_q519-7286.php,https://fdn2.gsmarena.com/vv/bigpic/celkon-q519.jpg,GSM / HSPA,No,"2015, May. Released 2015, May",Discontinued,145.2 x 73.2 x 9.4 mm (5.72 x 2.88 x 0.37 in),169.0,,,Dual SIM,"TFT, 256K colors",,5.0,480x854,196,64.8,,Android 4.4.2 (KitKat),Spreadtrum 7731,,Quad-core 1.2 GHz,Mali-400,,,4,4,,5.0,1,,No,,No,LED flash,Yes,2.0,No,,,Wi-Fi 802.11 b/g/n,No,2.0,Micro-USB,Yes,GPS,Accelerometer,2000,,,No,,,,,,,,,,,"Black, White, Light Blue, Dark Blue, Green, Red",,,0.46 W/kg (head) 0.52 W/kg (body),FM radio
Celkon,Celkon Q450,https://www.gsmarena.com/celkon_q450-7285.php,https://fdn2.gsmarena.com/vv/bigpic/celkon-q450.jpg,GSM / HSPA,No,"2015, April. Released 2015, April",Discontinued,135 x 67.7 x 9.7 mm (5.31 x 2.67 x 0.38 in),147.0,,,Dual SIM,IPS LCD,,4.5,480x800,207,63.1,,Android 4.4.2 (KitKat),Spreadtrum 7731,,Quad-core 1.2 GHz,Mali-400,,,4,4,,5.0,1,,No,,No,LED flash,Yes,2.0,No,,,Wi-Fi 802.11 b/g/n,No,2.0,Micro-USB,Yes,GPS,"Accelerometer, proximity",1800,,,No,,,,,,,,,,,"Gold, White",,,0.74 W/kg (head) 0.67 W/kg (body),FM radio
Celkon,Celkon Q405,https://www.gsmarena.com/celkon_q405-7284.php,https://fdn2.gsmarena.com/vv/bigpic/celkon-q405.jpg,GSM / HSPA,No,"2015, May. Released 2015, May",Discontinued,124 x 64.2 x 9.9 mm (4.88 x 2.53 x 0.39 in),137.0,,,Dual SIM,"TFT, 256K colors",,4.0,480x800,233,57.2,,Android 4.4 (KitKat),Spreadtrum 7731,,Quad-core 1.2 GHz,Mali-400,,,4,4,,3.15,1,,No,,No,LED flash,Yes,1.3,No,,,Wi-Fi 802.11 b/g/n,No,2.0,Micro-USB,Yes,GPS,"Accelerometer, proximity",1500,,,No,,,,,,,,,,,"Black, White, Gold, Blue",,,0.25 W/kg (head) 0.55 W/kg (body),FM radio
Celkon,Celkon A518,https://www.gsmarena.com/celkon_a518-7283.php,https://fdn2.gsmarena.com/vv/bigpic/celkon-a518.jpg,GSM / HSPA,No,"2015, April. Released 2015, April",Discontinued,145 x 73 x 9.8 mm (5.71 x 2.87 x 0.39 in),164.0,,,Dual SIM,"TFT, 256K colors",,5.0,480x854,196,65.1,,Android 4.4.2 (KitKat),Spreadtrum 7715,,1.0 GHz,Mali-400,,,4,4,,3.15,1,,No,,No,LED flash,Yes,1.3,No,,,Wi-Fi 802.11 b/g/n,No,2.0,Micro-USB,Yes,GPS,Accelerometer,2000,,,No,,,,,,,,,,,"Blue, White",,,0.25 W/kg (head) 0.55 W/kg (body),FM radio
Celkon,Celkon A407,https://www.gsmarena.com/celkon_a407-7282.php,https://fdn2.gsmarena.com/vv/bigpic/celkon-a407.jpg,GSM / HSPA,No,"2015, May. Released 2015, May",Discontinued,124.8 x 65.2 x 9.2 mm (4.91 x 2.57 x 0.36 in),105.0,,,Dual SIM,"TFT, 256K colors",,4.0,480x800,233,56.0,,Android 4.2.2 (Jelly Bean),RDA 8810P,,1.0 GHz,Mali-400,,,,,,2.0,1,,No,,No,LED flash,Yes,1.3,No,,,Wi-Fi 802.11 b/g/n,No,2.0,Micro-USB,Yes,GPS,Accelerometer,1400,,,No,,,,,,,,,,,"Silver, White, Light Blue, Dark Blue, Gold",,,0.80 W/kg (head) 0.88 W/kg (body),FM radio
Celkon,Celkon A359,https://www.gsmarena.com/celkon_a359-7281.php,https://fdn2.gsmarena.com/vv/bigpic/celkon-a359.jpg,GSM / HSPA,No,"2015, May. Released 2015, May",Discontinued,114.5 x 62.3 x 10.4 mm (4.51 x 2.45 x 0.41 in),95.5,,,Dual SIM,"TFT, 256K colors",,3.5,320x480,165,51.1,,Android 4.4.2 (KitKat),Spreadtrum 7715,,1.0 GHz,Mali-400,,,,,,2.0,1,,No,,No,LED flash,Yes,,No,,,Wi-Fi 802.11 b/g/n,No,2.0,Micro-USB,Yes,GPS,Accelerometer,1200,,,No,,,,,,,,,,,"Black, Red+Black, Light Blue, Dark Blue, Brown, Silver",,,0.49 W/kg (head) 0.84 W/kg (body),FM radio
Celkon,Celkon A355,https://www.gsmarena.com/celkon_a355-7280.php,https://fdn2.gsmarena.com/vv/bigpic/celkon-a355.jpg,GSM / HSPA,No,"2015, May. Released 2015, May",Discontinued,115.3 x 63.3 x 10.2 mm (4.54 x 2.49 x 0.40 in),97.5,,,Dual SIM,"TFT, 256K colors",,3.5,320x480,165,50.0,,Android 4.4.2 (KitKat),Spreadtrum 7715,,1.0 GHz,Mali-400,,,,,,2.0,1,,No,,No,Dual-LED flash,Yes,,No,,,Wi-Fi 802.11 b/g/n,No,2.0,Micro-USB,Yes,GPS,Accelerometer,1200,,,No,,,,,,,,,,,"Light Blue, Dart Blue, Red, Yellow, White",,,0.49 W/kg (head) 0.84 W/kg (body),FM radio
Celkon,Celkon Campus Buddy A404,https://www.gsmarena.com/celkon_campus_buddy_a404-7138.php,https://fdn2.gsmarena.com/vv/bigpic/celkon-a404.jpg,GSM / HSPA,No,"2014, July. Released 2014, July",Discontinued,126.5 x 64.2 x 9.8 mm (4.98 x 2.53 x 0.39 in),131.0,,,Dual SIM,"TFT, 256K colors",,4.0,480x800,233,56.1,,Android 4.2.2 (Jelly Bean),,,Dual-core 1.3 GHz,,,,4,4,,3.15,1,,No,,No,LED flash,720p,1.3,No,,,Wi-Fi 802.11 b/g/n,No,2.0,Micro-USB,Yes,GPS,Accelerometer,1500,,,No,,,,,,,,,,,"Black, White",,,,FM radio
Celkon,Celkon Millennia OCTA510,https://www.gsmarena.com/celkon_millennia_octa510-6922.php,https://fdn2.gsmarena.com/vv/bigpic/celkon-millennia-octa510.jpg,GSM / HSPA,No,"2015, January. Released 2015, January",Discontinued,143.5 x 71 x 9.1 mm (5.65 x 2.80 x 0.36 in),136.0,,,Dual SIM,IPS LCD,,5.0,720x1280,294,67.6,,Android 4.4.2 (KitKat),Mediatek MT6592M (28 nm),28,Octa-core 1.4 GHz Cortex-A7,Mali-450MP4,1,1,8,8,,8.0,1,,No,,No,Dual-LED flash,720p,3.15,No,,,"Wi-Fi 802.11 b/g/n, hotspot",No,4.0,Micro-USB,Yes,GPS,"Accelerometer, proximity",2000,,,No,,,,,,,,,,,White,,,,FM radio
Celkon,Celkon Win 400,https://www.gsmarena.com/celkon_win_400-6820.php,https://fdn2.gsmarena.com/vv/bigpic/celkon-win400.jpg,GSM / HSPA,No,"2014, November. Released 2014, November",Discontinued,125.4 x 65 x 10.3 mm (4.94 x 2.56 x 0.41 in),,,,Dual SIM (Dual stand-by),TFT,,4.0,480x800,233,55.9,,Microsoft Windows Phone 8.1,Qualcomm MSM8212 Snapdragon 200 (28 nm),28,Quad-core 1.2 GHz Cortex-A7,Adreno 302,,,4,4,eMMC 4.5,5.0,1,,No,,No,LED flash,720p,1.3,No,,,"Wi-Fi 802.11 b/g/n, hotspot",No,4.0,Micro-USB,Yes,GPS,"Accelerometer, proximity",1500,,,No,,,,,,,,,,,Black,,,,FM radio
Celkon,Celkon Campus Whizz Q42,https://www.gsmarena.com/celkon_campus_whizz_q42-6798.php,https://fdn2.gsmarena.com/vv/bigpic/celkon-campus-whizz-q42.jpg,GSM / HSPA,No,"2014, November. Released 2014, November",Discontinued,122 x 63 x 9.5 mm (4.80 x 2.48 x 0.37 in),122.0,,,Dual SIM,TFT,,4.0,480x800,233,59.3,,Android 4.4 (KitKat),Mediatek MT6582M (28 nm),28,Quad-core 1.3 GHz Cortex-A7,Mali-400MP2,,,4,4,,5.0,1,,No,,No,LED flash,Yes,1.3,No,LED flash,,"Wi-Fi 802.11 b/g/n, hotspot",No,2.0,Micro-USB,Yes,GPS,"Accelerometer, proximity",1400,,,No,,,80.0,,,,,,,,Black,,,0.48 W/kg (head) 0.52 W/kg (body),FM radio
Celkon,Celkon Millennia Epic Q550,https://www.gsmarena.com/celkon_millennia_epic_q550-6783.php,https://fdn2.gsmarena.com/vv/bigpic/celkon-q550.jpg,GSM / HSPA,No,"2014, November. Released 2014, November",Discontinued,152 x 76 x 7.9 mm (5.98 x 2.99 x 0.31 in),143.8,,,Dual SIM,IPS LCD,,5.5,720x1280,267,72.2,,Android 4.4.2 (KitKat),Mediatek MT6582 (28 nm),28,Quad-core 1.3 GHz Cortex-A7,Mali-400MP2,1,1,16,16,,8.0,1,,No,,No,LED flash,720p,2.0,No,,,"Wi-Fi 802.11 b/g/n, hotspot",No,4.0,Micro-USB,Yes,GPS,"Accelerometer, proximity",3500,,,No,,,,,,,,,,,"Black, White",,,,FM radio
Celkon,Celkon Xion s CT695,https://www.gsmarena.com/celkon_xion_s_ct695-6757.php,https://fdn2.gsmarena.com/vv/bigpic/celkon-ct695.jpg,GSM / HSPA,No,"2014, October. Released 2014, October",Discontinued,180 x 104.4 x 8.6 mm (7.09 x 4.11 x 0.34 in),250.0,,,Dual SIM,TFT,,6.95,600x1024,171,72.3,,Android 4.4.2 (KitKat),Mediatek MT8312 (28 nm),28,Dual-core 1.2 GHz Cortex-A7,Mali-400,1,1,8,8,,5.0,1,,No,,No,,Yes,,No,,,"Wi-Fi 802.11 b/g/n, hotspot",No,4.0,Micro-USB,Yes,A-GPS,"Accelerometer, proximity",2500,,,No,,,,,,,,,,,Black,,,0.64 W/kg (head) 0.56 W/kg (body),FM radio
Celkon,Celkon Campus Colt A401,https://www.gsmarena.com/celkon_campus_colt_a401-6756.php,https://fdn2.gsmarena.com/vv/bigpic/celkon-a401.jpg,GSM / HSPA,No,"2014, October. Released 2014, October",Discontinued,124.9 x 64 x 10.4 mm (4.92 x 2.52 x 0.41 in),,,,Dual SIM,TFT,,4.0,480x800,233,57.0,,Android 4.4.2 (KitKat),Spreadtrum SC7715,,1.0 GHz,Mali-400,,,4,4,,3.15,1,,No,,No,LED flash,Yes,,No,,,Wi-Fi 802.11 b/g/n,No,4.0,Micro-USB,Yes,GPS,"Accelerometer, proximity",1400,,,No,,,,,,,,,,,"Black, White, Blue",,,0.32 W/kg (head) 0.60 W/kg (body),FM radio
Celkon,Celkon Campus Crown Q40,https://www.gsmarena.com/celkon_campus_crown_q40-6724.php,https://fdn2.gsmarena.com/vv/bigpic/celkon-q40.jpg,GSM / HSPA,No,"2014, October. Released 2014, October",Discontinued,125.5 x 64.7 x 9.6 mm (4.94 x 2.55 x 0.38 in),109.3,,,Dual SIM,IPS LCD,,4.0,480x800,233,56.1,,Android 4.4 (KitKat),Mediatek MT6582M (28 nm),28,Quad-core 1.3 GHz Cortex-A7,Mali-400MP2,,,4,4,,5.0,1,,No,,No,LED flash,Yes,,No,,,"Wi-Fi 802.11 b/g/n, hotspot",No,4.0,Micro-USB,Yes,GPS,"Accelerometer, proximity",1500,,,No,,,,,,,,,,,"Silver, Grey",,,,FM radio
Celkon,Celkon Glory Q5,https://www.gsmarena.com/celkon_glory_q5-6723.php,https://fdn2.gsmarena.com/vv/bigpic/celkon-q5.jpg,GSM / HSPA,No,"2014, October. Released 2014, October",Discontinued,144.7 x 72.1 x 7.4 mm (5.70 x 2.84 x 0.29 in),156.0,,,Dual SIM,IPS LCD,,5.0,540x960,220,66.1,,Android 4.4 (KitKat),Mediatek MT6582M (28 nm),28,Quad-core 1.3 GHz Cortex-A7,Mali-400MP2,1,1,8,8,,5.0,1,,No,,No,LED flash,Yes,1.3,No,,,"Wi-Fi 802.11 b/g/n, hotspot",No,4.0,Micro-USB,Yes,GPS,"Accelerometer, proximity",1800,,,No,,,,,,,,,,,"White, Silver, Grey",,,,FM radio
Celkon,Celkon Campus One A354C,https://www.gsmarena.com/celkon_campus_one_a354c-6722.php,https://fdn2.gsmarena.com/vv/bigpic/celkon-a354c.jpg,GSM,No,"2014, October. Released 2014, October",Discontinued,-,,,,Dual SIM,TFT,,3.5,320x480,165,,,Android 4.4 (KitKat),SC6815,,1.0 GHz,,,,,,,2.0,1,,No,,No,Dual-LED flash,Yes,,No,,,"Wi-Fi 802.11 b/g/n, hotspot",No,2.0,Micro-USB,Yes,No,Accelerometer,1200,,,No,,,,,,,,,,,"White, Blue, Red, Yellow, Dark Blue, Green",,,,FM radio
Celkon,Celkon Campus Nova A352E,https://www.gsmarena.com/celkon_campus_nova_a352e-6721.php,https://fdn2.gsmarena.com/vv/bigpic/celkon-a352e.jpg,GSM,No,"2014, October. Released 2014, October",Discontinued,-,,,,Dual SIM,TFT,,3.5,320x480,165,,,Android 4.2.2 (Jelly Bean),RDA 8810M,,1.0 GHz,,,,,,,2.0,1,,No,,No,,Yes,,No,,,Wi-Fi 802.11 b/g/n,No,2.0,Micro-USB,Yes,No,Accelerometer,1400,,,No,,,,,,,,,,,"Black, White",,,,FM radio
Celkon,Celkon A43,https://www.gsmarena.com/celkon_a43-6550.php,https://fdn2.gsmarena.com/vv/bigpic/xolo-a43.jpg,GSM / HSPA,No,"2014, July. Released 2014, July",Discontinued,124 x 63 x 8.5 mm (4.88 x 2.48 x 0.33 in),,,,Dual SIM,IPS LCD,,4.0,480x800,233,58.3,,Android 4.2.2 (Jelly Bean),,,Dual-core 1.3 GHz,,1,1,4,4,,5.0,1,,No,,No,,Yes,1.3,No,,,"Wi-Fi 802.11 b/g/n, hotspot",No,2.0,Micro-USB,Yes,GPS,"Accelerometer, proximity",1400,,,No,,,80.0,,,,,,,,"Blue, Black, Grey",,,0.38 W/kg (head) 0.49 W/kg (body),FM radio
Celkon,Celkon A42,https://www.gsmarena.com/celkon_a42-6549.php,https://fdn2.gsmarena.com/vv/bigpic/xolo-a42.jpg,GSM / HSPA,No,"2014, July. Released 2014, July",Discontinued,124.5 x 63.5 x 10.2 mm (4.90 x 2.5 x 0.40 in),,,,Dual SIM,IPS LCD,,4.0,480x800,233,57.6,,Android 4.2.2 (Jelly Bean),,,Dual-core 1.3 GHz,,,,4,4,,5.0,1,,No,,No,,Yes,1.3,No,,,"Wi-Fi 802.11 b/g/n, hotspot",No,2.0,Micro-USB,Yes,GPS,"Accelerometer, proximity",1400,,,No,,,80.0,,,,,,,,"Yellow, Blue, White",,,0.69 W/kg (head) 0.71 W/kg (body),FM radio
Celkon,Celkon Q500 Millennium Ultra,https://www.gsmarena.com/celkon_q500_millennium_ultra-6591.php,https://fdn2.gsmarena.com/vv/bigpic/celkon-millennium-ultra-q500.jpg,GSM / HSPA,No,2014. Released 2014,Discontinued,145.6 x 71.8 x 8 mm (5.73 x 2.83 x 0.31 in),149.0,,,Dual SIM,IPS LCD,,5.0,720x1280,294,65.9,,Android 4.4.2 (KitKat),Broadcom BCM23550,,Quad-core 1.2 GHz,,2,2,16,16,,8.0,1,,No,,No,LED flash,Yes,2.0,No,,,"Wi-Fi 802.11 b/g/n, hotspot",No,4.0,Micro-USB,Yes,GPS,"Accelerometer, proximity",2500,,,No,,,120.0,,,,,,,,White,,,,FM radio
Celkon,Celkon Q44,https://www.gsmarena.com/celkon_q44-6536.php,https://fdn2.gsmarena.com/vv/bigpic/celkon-q44.jpg,GSM / HSPA,No,2014. Released 2014,Discontinued,129 x 64.2 x 9.5 mm (5.08 x 2.53 x 0.37 in),133.6,,,Dual SIM,IPS LCD,,4.0,480x800,233,55.0,,Android 4.4.2 (KitKat),,,Quad-core 1.3 GHz,,1,1,8,8,,5.0,1,,No,,No,,Yes,2.0,No,,,"Wi-Fi 802.11 b/g/n, hotspot",No,4.0,Micro-USB,Yes,GPS,"Accelerometer, proximity",1500,,,No,,,,,,,,,,,"Silver, Gold, Grey",,,0.38 W/kg (head) 0.41 W/kg (body),FM radio
Celkon,Celkon A500,https://www.gsmarena.com/celkon_a500-6535.php,https://fdn2.gsmarena.com/vv/bigpic/celkon-a500.jpg,GSM / HSPA,No,"2014, August. Released 2014, August",Discontinued,141.4 x 72.6 x 10.2 mm (5.57 x 2.86 x 0.40 in),147.0,,,Dual SIM,TFT,,5.0,480x854,196,67.1,,Android 4.4.2 (KitKat),Mediatek MT6572M (28 nm),28,Dual-core 1.3 GHz Cortex-A7,Mali-400,1,1,8,8,,5.0,1,,No,,No,,Yes,,No,,,"Wi-Fi 802.11 b/g/n, hotspot",No,2.0,Micro-USB,Yes,GPS,"Accelerometer, proximity",2000,,,No,,,90.0,,,,,,,,"Black, White",,,0.49 W/kg (head) 0.56 W/kg (body),FM radio
Celkon,Celkon A21,https://www.gsmarena.com/celkon_a21-6514.php,https://fdn2.gsmarena.com/vv/bigpic/celkon-a21.jpg,GSM / HSPA,No,2014. Released 2014,Discontinued,124.8 x 66.1 x 10.8 mm (4.91 x 2.60 x 0.43 in),115.3,,,Dual SIM (Dual stand-by),TFT,,4.0,320x480,144,57.8,,Android 4.2.2 (Jelly Bean),Mediatek MT6582 (28 nm),28,Quad-core 1.3 GHz Cortex-A7,Mali-400MP2,,,,,,3.15,1,,No,,No,,Yes,1.3,No,,,Wi-Fi 802.11 b/g/n,No,4.0,Micro-USB,Yes,No,Accelerometer,1500,,,No,,,60.0,,,,,,,,"Black, Blue, Red",,,0.99 W/kg (head) 1.39 W/kg (body),FM radio
Celkon,Celkon A115,https://www.gsmarena.com/celkon_a115-6513.php,https://fdn2.gsmarena.com/vv/bigpic/celkon-a115.jpg,GSM / HSPA,No,2014. Released 2014,Discontinued,148 x 74 x 9.3 mm (5.83 x 2.91 x 0.37 in),164.0,,,Dual SIM (Mini-SIM),IPS LCD,,5.0,480x854,196,62.9,,Android 4.2.2 (Jelly Bean),Mediatek MT6582 (28 nm),28,Quad-core 1.3 GHz Cortex-A7,Mali-400MP2,,,4,4,,8.0,1,,No,,No,,Yes,1.3,No,,,"Wi-Fi 802.11 b/g/n, hotspot",No,2.0,Micro-USB,Yes,No,"Accelerometer, proximity",2000,,,No,,,,,,,,,,,"Black, White",,,0.84 W/kg (head) 0.91 W/kg (body),FM radio
Celkon,Celkon Q455,https://www.gsmarena.com/celkon_q455-6515.php,https://fdn2.gsmarena.com/vv/bigpic/celkon-q455.jpg,GSM / HSPA,No,2014. Released 2014,Discontinued,136.5 x 68 x 7.9 mm (5.37 x 2.68 x 0.31 in),130.0,,,Dual SIM (Mini-SIM),IPS LCD,,4.5,540x960,245,60.1,,Android 4.4.2 (KitKat),,,Quad-core 1.2,,1,1,16,16,,8.0,1,,No,,No,,Yes,1.3,No,,,"Wi-Fi 802.11 b/g/n, hotspot",No,2.1,Micro-USB,Yes,GPS,"Accelerometer, proximity",2000,,,No,,,100.0,,,,,,,,"White, Black, Blue",,,0.47 W/kg (head) 0.41 W/kg (body),FM radio
Celkon,Celkon Q470,https://www.gsmarena.com/celkon_q470-6512.php,https://fdn2.gsmarena.com/vv/bigpic/celkon-q470.jpg,GSM / HSPA,No,2014. Released 2014,Discontinued,138.4 x 68.8 x 8.3 mm (5.45 x 2.71 x 0.33 in),137.0,,,Dual SIM (Mini-SIM),IPS LCD,,4.7,720x1280,312,64.0,,Android 4.4.2 (KitKat),Mediatek MT6582 (28 nm),28,Quad-core 1.3 GHz Cortex-A7,Mali-400MP2,1,1,16,16,,8.0,1,,No,,No,,Yes,2.0,No,,,"Wi-Fi 802.11 b/g/n, hotspot",No,4.0,Micro-USB,Yes,GPS,"Accelerometer, proximity",1800,,,No,,,,,,,,,,,White,,,,FM radio
Celkon,Celkon Q3000,https://www.gsmarena.com/celkon_q3000-6511.php,https://fdn2.gsmarena.com/vv/bigpic/celkon-q3000.jpg,GSM / HSPA,No,2014. Released 2014,Discontinued,145.6 x 72.7 x 10 mm (5.73 x 2.86 x 0.39 in),167.0,,,Dual SIM (Mini-SIM),TFT,,5.0,480x854,196,65.1,,Android 4.4.2 (KitKat),Mediatek MT6582M (28 nm),28,Quad-core 1.3 GHz Cortex-A7,Mali-400MP2,1,1,4,4,,8.0,1,,No,,No,,Yes,1.3,No,,,"Wi-Fi 802.11 b/g/n, hotspot",No,2.0,Micro-USB,Yes,GPS,"Accelerometer, proximity",3000,,,No,,,,,,,,,,,White,,,0.29 W/kg (head) 0.81 W/kg (body),FM radio
Celkon,Celkon A35k,https://www.gsmarena.com/celkon_a35k-6451.php,https://fdn2.gsmarena.com/vv/bigpic/celkon-a35.jpg,GSM / HSPA,No,2014. Released 2014,Discontinued,119 x 63 x 10.7 mm (4.69 x 2.48 x 0.42 in),102.0,,,Dual SIM (Mini-SIM),TFT,,3.5,320x480,165,48.7,,Android 4.4.2 (KitKat),,,1.0 GHz,,,,2,2,,3.15,1,,No,,No,,Yes,,No,,,Wi-Fi 802.11 b/g/n,No,2.0,Micro-USB,Yes,No,"Accelerometer, proximity",1400,,,No,,,40.0,,,,,,,,"White, Blue",,,0.56 W/kg (head) 0.51 W/kg (body),FM radio
Celkon,Celkon A125,https://www.gsmarena.com/celkon_a125-6291.php,https://fdn2.gsmarena.com/vv/bigpic/Celkon-A125.jpg,GSM / HSPA,No,2014. Released 2014,Discontinued,138 x 68.5 x 10 mm (5.43 x 2.70 x 0.39 in),,,,Dual SIM (Mini-SIM),TFT,,4.5,960x854,286,68.6,,Android 4.2.2 (Jelly Bean),,,Dual-core 1.3 GHz,,,,4,4,,5.0,1,,No,,No,,Yes,1.3,No,,,"Wi-Fi 802.11 b/g/n, hotspot",No,2.0,Micro-USB,Yes,GPS,"Accelerometer, proximity",2000,,,No,,,80.0,,,,,,,,"White, Black",,,0.74 W/kg (head) 0.68 W/kg (body),FM radio
Celkon,Celkon C7010,https://www.gsmarena.com/celkon_c7010-6271.php,https://fdn2.gsmarena.com/vv/bigpic/celkon-c7010.jpg,GSM,No,2014,Discontinued,102 x 57 x 13.6 mm (4.02 x 2.24 x 0.54 in),90.6,,,Dual SIM,TFT,,2.8,320x480,206,40.2,,,,,,,,,,,,1.3,1,,No,,No,,Yes,,No,,,No,No,2.0,Micro-USB,Yes,No,,1200,,,No,,,,,,,,,,,Black,,,0.46 W/kg (head) 0.72 W/kg (body),FM radio; built-in antenna
Celkon,Celkon C5055,https://www.gsmarena.com/celkon_c5055-6270.php,https://fdn2.gsmarena.com/vv/bigpic/celkon-c5055.jpg,GSM,No,2014,Discontinued,102 x 57 x 13.6 mm (4.02 x 2.24 x 0.54 in),90.6,,,Dual SIM,TFT,,2.8,240x320,143,41.8,,,,,,,,,,,,1.3,1,,No,,No,,Yes,,No,,,No,No,2.0,Micro-USB,Yes,No,,1000,,,No,,,,,,,,,,,Black,,,0.98 W/kg (head) 0.73 W/kg (body),FM radio
Celkon,Celkon C9 Jumbo,https://www.gsmarena.com/celkon_c9_jumbo-6269.php,https://fdn2.gsmarena.com/vv/bigpic/celkon-c9-jumbo.jpg,GSM,No,2014,Discontinued,-,,,,Dual SIM,TFT,,2.4,240x320,167,,,,,,,,,,,,,1.3,1,,No,,No,,Yes,,No,,,No,No,2.0,Micro-USB,Yes,No,,2000,,,No,,,,,,,,,,,"Black/Red, Black/Blue, White/Red",,,0.30 W/kg (head) 0.65 W/kg (body),FM radio
Celkon,Celkon C7 Jumbo,https://www.gsmarena.com/celkon_c7_jumbo-6268.php,https://fdn2.gsmarena.com/vv/bigpic/celkon-c7-jumbo.jpg,GSM,No,2014,Discontinued,-,,,,Dual SIM,TFT,,,240x320,,,,,,,,,,,,,,1.3,1,,No,,No,,Yes,,No,,,No,No,2.0,Micro-USB,Yes,No,,2000,,,No,,,,,,,,,,,Black,,,,FM radio
Celkon,Celkon C6 Star,https://www.gsmarena.com/celkon_c6_star-6267.php,https://fdn2.gsmarena.com/vv/bigpic/celkon-c6-star.jpg,GSM,No,2014,Discontinued,-,,,,Dual SIM,TFT,,2.4,240x320,167,,,,,,,,,,,,,1.3,1,,No,,No,,Yes,,No,,,No,No,2.0,Micro-USB,No,No,,1100,,,No,,,,,,,,,,,Black,,,,FM radio
Celkon,Celkon C44 Duos,https://www.gsmarena.com/celkon_c44_duos-6266.php,https://fdn2.gsmarena.com/vv/bigpic/celkon-c44-duos.jpg,GSM,No,2014,Discontinued,-,,,,Dual SIM,TFT,,2.4,240x320,167,,,,,,,,,,,,,1.3,1,,No,,No,,Yes,,No,,,No,No,2.0,Micro-USB,Yes,No,,2200,,,No,,,,,,,,,,,"Gold/Black, Gold/Red",,,0.63 W/kg (head) 0.57 W/kg (body),FM radio
Celkon,Celkon C366,https://www.gsmarena.com/celkon_c366-6265.php,https://fdn2.gsmarena.com/vv/bigpic/celkon-c366.jpg,GSM,No,2014,Discontinued,-,,,,Dual SIM,TFT,,1.8,128x160,114,,,,,,,,,,,,,1.3,1,,No,,No,,Yes,,No,,,No,No,2.0,Micro-USB,Yes,No,,1000,,,No,,,,,,,,,,,"Black/Red, Black/Blue, White/Red",,,0.52 W/kg (head) 0.61 W/kg (body),FM radio
Celkon,vivo S60 Vitality,https://www.gsmarena.com/vivo_s60_vitality_5g-14693.php,https://fdn2.gsmarena.com/vv/bigpic/vivo-s60-vitality-.jpg,GSM / HSPA / LTE / 5G,Yes,"2026, May 29","Coming soon. Exp. release 2026, June 3",157.5 x 74.3 x 7.9 mm (6.20 x 2.93 x 0.31 in),199.0,Glass,IP68,Nano-SIM + Nano-SIM,"AMOLED, 1B colors, HDR, 144Hz",144,6.59,1260x2750,459,90.7,,"Android 16, OriginOS 6",Mediatek Dimensity 7500 (4 nm),4,Octa-core (4x2.6 GHz Arm C1 Pro & 4x2.0 GHz Arm C1 Nano),Mali-G625 MC,8,12,256,512,UFS 4.1,50.0,2,1.9,Yes,1/1.56,Yes,"Ring-LED flash, panorama, HDR, color spectrum sensor","4K, 1080p, gyro-EIS",50.0,Yes,HDR,"4K, 1080p","Wi-Fi 802.11 a/b/g/n/ac/6, dual-band, Wi-Fi Direct",Yes,5.4,Type-C,No,"GPS (L1), BDS (B1I), GLONASS (G1), GALILEO (E1), QZSS (L1)","Fingerprint (under display, optical), accelerometer, compass, proximity",7200,90,,No,,,370.0,,,,,,,,"Starry Sea, Midsummer Night, Early Summer Green",V2572A,,,No
Celkon,vivo S60,https://www.gsmarena.com/vivo_s60_5g-14692.php,https://fdn2.gsmarena.com/vv/bigpic/vivo-s60-.jpg,GSM / HSPA / LTE / 5G,Yes,"2026, May 29","Coming soon. Exp. release 2026, June 3",157.5 x 74.3 x 7.9 mm (6.20 x 2.93 x 0.31 in),207.0,Glass,IP68,Nano-SIM + Nano-SIM,"AMOLED, 1B colors, HDR, 144Hz",144,6.59,1260x2750,459,90.7,,"Android 16, OriginOS 6",Qualcomm SM8635 Snapdragon 8s Gen 3 (4 nm),4,Octa-core (1x3.0 GHz Cortex-X4 & 4x2.8 GHz Cortex-A720 & 3x2.0 GHz Cortex-A520),Adreno 735,12,16,256,512,,50.0,3,1.8,Yes,1/1.56,Yes,"Ring-LED flash, panorama, HDR, color spectrum sensor","4K, 1080p, gyro-EIS",50.0,Yes,HDR,"4K, 1080p","Wi-Fi 802.11 a/b/g/n/ac/6, dual-band, Wi-Fi Direct",Yes,5.4,Type-C,No,"GPS (L1), BDS (B1I+B1C), GLONASS (G1), GALILEO (E1), QZSS (L1), A-GPS","Fingerprint (under display, ultrasonic), accelerometer, gyro, compass, proximity",7200,90,,No,,,560.0,,,,,,,,"Starry Sea, Early Summer Green, Midsummer Night",V2571A,,,No
Celkon,vivo T5,https://www.gsmarena.com/vivo_t5-14697.php,https://fdn2.gsmarena.com/vv/bigpic/vivo-t5-.jpg,GSM / HSPA / LTE,No,"2026, May 29","Available. Released 2026, May 29",166.6 x 78.4 x 8.4 mm (6.56 x 3.09 x 0.33 in),219.0,Glass,IP68,Nano-SIM + Nano-SIM,"IPS LCD, 120Hz, 1250 nits (HBM)",120,6.75,720x1570,256,85.3,,"Android 16, OriginOS 6",Qualcomm Snapdragon 6s 4G Gen 2 (6 nm),6,Octa-core (4x2.9 GHz Cortex-A73 & 4x1.9 GHz Cortex-A53),Adreno 610,8,8,256,256,UFS 3.1,50.0,2,2.0,No,,No,"LED flash, HDR, panorama",Yes,32.0,No,,Yes,"Wi-Fi 802.11 a/b/g/n/ac, dual-band",Yes,5.1,Type-C,No,"GPS, GALILEO, GLONASS, BDS, QZSS","Fingerprint (side-mounted), accelerometer, gyro, proximity, compass",7200,44,,No,,,290.0,,,,,,,,"Gold, Black",V2545,1.14 W/kg (head) 1.01 W/kg (body),,No
Celkon,ZTE nubia RedMagic 11S Pro,https://www.gsmarena.com/zte_nubia_redmagic_11s_pro_5g-14669.php,https://fdn2.gsmarena.com/vv/bigpic/zte-nubia-red-magic-11s-pro.jpg,GSM / HSPA / LTE / 5G,Yes,"2026, May 27","Coming soon. Exp. release 2026, June 09",163.8 x 76.5 x 8.9 mm (6.45 x 3.01 x 0.35 in),230.0,Glass,,Nano-SIM + Nano-SIM,"AMOLED, 1B colors, 144Hz, 2592Hz PWM, 1800 nits (peak)",144,6.85,1216x2688,431,90.7,Corning Gorilla Glass,"Android 16, Redmagic OS 11.5",Qualcomm SM8850-1-AD Snapdragon 8 Elite Gen 5 (3 nm),3,Octa-core (2x4.74 GHz Oryon V3 Phoenix L + 6x3.62 GHz Oryon V3 Phoenix M),Adreno 840 (1.3GHz),12,16,256,512,UFS 4.1 Pro,50.0,2,1.9,Yes,1/1.55,Yes,"LED flash, HDR, panorama","8K@30fps, 4K@30/60fps, 1080p@30/60/120/240fps",16.0,No,HDR,1080p@30/60fps,"Wi-Fi 802.11 a/b/g/n/ac/6e/7, tri-band, Wi-Fi Direct",Yes,5.4,Type-C,Yes,"GPS (L1+L5), GLONASS, BDS, GALILEO","Fingerprint (under display, ultrasonic), accelerometer, gyro, proximity, compass",7500,80,80,Yes,,,800.0,,,,,,,,"Nightfreeze (Black Transparent), Subzero (Silver Transparent)",,,,No
Celkon,Ulefone Tab A12 Pro,https://www.gsmarena.com/ulefone_tab_a12_pro-14695.php,https://fdn2.gsmarena.com/vv/bigpic/ulefone-tab-a12-pro.jpg,GSM / HSPA / LTE,No,"2026, May","Coming soon. Exp. release 2026, June 01",277.8 x 191.5 x 7.5 mm (10.94 x 7.54 x 0.30 in),610.0,,,Nano-SIM + Nano-SIM,"IPS LCD, 90Hz, 450 nits",90,12.2,2400x1600,236,83.3,Mohs level 4,Android 16,Unisoc T7300 (6 nm),6,Octa-core (2x2.2 GHz Cortex-A78 & 6x2.0 GHz Cortex-A55),Mali-G57 MP2,8,8,128,128,UFS 2.1,13.0,1,2.2,No,,No,"LED flash, HDR, panorama","1440p@30fps, 1080p@30fps",5.0,No,,Yes,"Wi-Fi 802.11 a/b/g/n/ac, dual-band",No,5.0,Type-C,No,"GPS, GLONASS, GALILEO, BDS","Accelerometer, proximity (accessories only)",9000,18,,No,,,,,,,,,,,Gray,,,,FM radio
Celkon,Xiaomi 17 Max,https://www.gsmarena.com/xiaomi_17_max_5g-14667.php,https://fdn2.gsmarena.com/vv/bigpic/xiaomi-17-max.jpg,GSM / HSPA / LTE / 5G,Yes,"2026, May 21","Available. Released 2026, May 21",162.9 x 77.6 x 8.2 mm (6.41 x 3.06 x 0.32 in),219.0,Glass,IP68,Nano-SIM + Nano-SIM,"LTPO AMOLED, 68B colors, PWM, 120Hz, Dolby Vision, HDR Vivid, HDR10+, 3500 nits (peak)",120,6.9,1200x2608,420,90.5,,"Android 16, HyperOS 3",Qualcomm SM8850-AC Snapdragon 8 Elite Gen 5 (3 nm),3,Octa-core (2x4.6 GHz Oryon V3 Phoenix L + 6x3.62 GHz Oryon V3 Phoenix M),Adreno 840,12,16,256,512,UFS 4.1,200.0,3,1.7,Yes,1/1.4,Yes,"Laser AF, color spectrum sensor, Leica lens, LED flash, HDR, panorama","8K@30fps (HDR), 4K@30/60fps (10-bit Dolby Vision HDR), 4K@120fps, 1080p@30/60/120/240/960fps, gyro-EIS",32.0,Yes,,"4K@30fps, 1080p@30/60fps, gyro-EIS","Wi-Fi 802.11 a/b/g/n/ac/6e/7, dual-band, Wi-Fi Direct",Yes,5.4,Type-C,No,"GPS (L1+L5), BDS (B1I+B1c+B2a), GALILEO (E1+E5a), QZSS (L1+L5), NavIC (L5), GLONASS","Fingerprint (under display, ultrasonic), accelerometer, proximity, gyro, compass, barometer",8000,100,50,Yes,,,610.0,,,,,,,,"Black, Blue, White",2605EPN8EC,,,No
Celkon,vivo Y600 Turbo,https://www.gsmarena.com/vivo_y600_turbo_5g-14687.php,https://fdn2.gsmarena.com/vv/bigpic/vivo-y600-turbo.jpg,GSM / HSPA / LTE / 5G,Yes,"2026, May 25","Available. Released 2026, May 27",163.7 x 76.2 x 8.3 mm (6.44 x 3.00 x 0.33 in),215.0,Glass,IP68,Nano-SIM + Nano-SIM,"AMOLED, 1B colors, 120Hz, 4320Hz PWM, HDR, 1000 nits, 2000 nits (HBM), 5000 nits (peak)",120,6.83,1260x2800,450,90.3,,"Android 16, OriginOS 6",Qualcomm SM7635-AC Snapdragon 7s Gen 4 (4 nm),4,Octa-core (1x2.7 GHz Cortex-A720 & 3x2.4 GHz Cortex-A720 & 4x1.8 GHz Cortex-A520),Adreno 810,8,12,256,512,UFS 3.1,50.0,2,1.8,No,,Yes,"LED flash, HDR, panorama","4K, 1080p, gyro-EIS",8.0,No,,"1080p@30fps, gyro-EIS","Wi-Fi 802.11 a/b/g/n/ac/6, dual-band",Yes,5.2,Type-C,No,"GPS (L1+L5), BDS (B1I+B1C+B2a), GALILEO (E1+E5a), QZSS (L1+L5), GLONASS","Fingerprint (under display, optical), accelerometer, gyro, proximity, compass",9020,90,,No,,,290.0,,,,,,,,"Gold, White, Blue",V2553A,,,No
Celkon,Ulefone Armor Mini 5,https://www.gsmarena.com/ulefone_armor_mini_5-14694.php,https://fdn2.gsmarena.com/vv/bigpic/ulefone-aromor-mini5.jpg,GSM / HSPA / LTE,No,"2026, May","Available. Released 2026, May",142 x 62 x 16.5 mm (5.59 x 2.44 x 0.65 in),170.0,,IP68,Nano-SIM + Nano-SIM,TFT LCD,,2.8,240x320,143,27.6,,Android 11 (Go edition),MT6739,,,,1,1,8,8,,0.3,1,,No,,No,LED flash,Yes,0.3,No,,,No,No,2.1,Type-C,Yes,No,No,2500,5,,No,,,90.0,,,,,,,,Black,,,,FM radio
Celkon,Honor 600e,https://www.gsmarena.com/honor_600e_5g-14688.php,https://fdn2.gsmarena.com/vv/bigpic/honor-600e.jpg,GSM / HSPA / LTE / 5G,Yes,"2026, May","Available. Released 2026, May",157.4 x 75.4 x 7.3 mm (6.20 x 2.97 x 0.29 in),180.0,Glass,IP66,Nano-SIM + Nano-SIM,"AMOLED, 1B colors, 120Hz, 3840Hz PWM, 800 nits (typ), 2000 nits (HBM), 6500 nits (peak)",120,6.6,1200x2600,434,90.1,Aluminosilicate glass,"Android 16, MagicOS 10",Mediatek Dimensity 7100 Elite (6 nm),6,Octa-core (4x2.4 GHz Cortex-A78 & 4x2.0 GHz Cortex-A55),Mali-G610 MC2,8,8,512,512,,108.0,2,1.8,No,1/1.67,No,"LED flash, HDR, panorama",1080p@30fps,16.0,No,,1080p@30fps,"Wi-Fi 802.11 a/b/g/n/ac, dual-band, Wi-Fi Direct",Yes,6.0,Type-C,No,"GPS, GLONASS, GALILEO, BDS","Fingerprint (under display, optical), accelerometer, compass, proximity (ultrasonic)",6520,45,,No,,,510.0,,,,,,,,"Velvet Gray, Desert Gold, Vital Green",LNA-NX3,,,Unspecified
Celkon,Xiaomi 17T Pro,https://www.gsmarena.com/xiaomi_17t_pro_5g-14651.php,https://fdn2.gsmarena.com/vv/bigpic/xiaomi-17t-pro-.jpg,GSM / HSPA / LTE / 5G,Yes,"2026, May 28","Available. Released 2026, May 28",162.2 x 77.5 x 8.3 mm,219.0,Glass,IP68,· Nano-SIM + Nano-SIM + eSIM + eSIM (max 2 at a time) · Nano-SIM + Nano-SIM,"AMOLED, 68B colors, 144Hz, 3840Hz PWM, Dolby Vision, HDR10+, 3500 nits (peak)",144,6.83,1280x2772,447,91.1,Gorilla Glass 7i,"Android 16, HyperOS 3",Mediatek Dimensity 9500 (3 nm),3,Octa-core (1x4.21 GHz C1-Ultra & 3x3.5 GHz C1-Premium & 4x2.7 GHz C1-Pro),Mali-G1 Ultra MC12,12,12,256,512,UFS 4.1,50.0,3,1.7,Yes,1/1.31,Yes,"Leica lens, Color spectrum sensor, Ultra HDR, LED flash, HDR, panorama","8K@30fps, 4K@30/60/120fps, 1080p@30/60/120/240/960fps, gyro-EIS, 10-bit Rec. 2020, HDR10+, Log",32.0,Yes,HDR,"4K@30fps, 1080p@30/60fps, HDR10+","Wi-Fi 802.11 a/b/g/n/ac/6e/7, dual-band, Wi-Fi Direct",Yes,6.0,Type-C,No,"GPS (L1+L5), BDS (B1I+B1C+B2a+B2b), GALILEO (E1+E5a+E5b), QZSS (L1+L5), NavIC (L5), GLONASS","Fingerprint (under display, optical), accelerometer, gyro, proximity, compass",7000,100,50,No,Active use score 21:41h,,999.9,799.0,,2795030,9766,6939,1069,-25.6,"Deep Blue, Deep Violet, Black",2602EPTC0G,,,No
Celkon,Xiaomi 17T,https://www.gsmarena.com/xiaomi_17t_5g-14652.php,https://fdn2.gsmarena.com/vv/bigpic/xiaomi-17t-.jpg,GSM / HSPA / LTE / 5G,Yes,"2026, May 28","Available. Released 2026, May 28",157.6 x 75.2 x 8.2 mm,200.0,Glass,IP68,· Nano-SIM + Nano-SIM + eSIM + eSIM (max 2 at a time) · Nano-SIM + Nano-SIM,"AMOLED, 68B colors, 120Hz, 3840Hz PWM, Dolby Vision, HDR10+, 3500 nits (peak)",120,6.59,1268x2756,460,89.8,Gorilla Glass 7i,"Android 16, HyperOS 3",Mediatek Dimensity 8500 Ultra (4 nm),4,Octa-core (1x3.4 GHz Cortex-A725 & 3x3.2 GHz Cortex-A725 & 4x2.2 GHz Cortex-A725),Mali-G720 MC8,12,12,256,512,UFS 4.1,50.0,3,1.7,Yes,1/1.55,Yes,"Leica lens, Color spectrum sensor, Ultra HDR, LED flash, HDR, panorama","4K@30/60fps, 1080p@30/60/120/240/960fps, gyro-EIS, 10-bit Rec. 2020, HDR10+, Log",32.0,Yes,HDR,"4K@30fps, 1080p@30/60fps, HDR10+","Wi-Fi 802.11 a/b/g/n/ac/6e, dual-band or tri-band, Wi-Fi Direct",Yes,6.0,Type-C,No,"GPS (L1+L5), BDS (B1I+B1c+B2a), GALILEO (E1+E5a), QZSS (L1+L5), NavIC (L5), GLONASS","Fingerprint (under display, optical), accelerometer, gyro, proximity, compass",6500,67,,No,Active use score 17:16h,,749.9,649.0,,1640834,6607,3563,1035,-24.6,"Violet, Blue, Opal White, Black","2602DPT53G, 2602DPT53I",,,No
Celkon,Xiaomi Watch S5,https://www.gsmarena.com/xiaomi_watch_s5-14696.php,https://fdn2.gsmarena.com/vv/bigpic/xiaomi-watch-s5-.jpg,HSPA / LTE,No,"2026, May 28","Available. Released 2026, May 28",46 x 46 x 11 mm (1.81 x 1.81 x 0.43 in),46.0,Ceramic,,eSIM (market/region dependent),"AMOLED, 1500 nits (HBM), 2500 nits (peak)",,1.48,480x480,459,,Drop-proof glass,Xiaomi HyperOS 3,,,,,,,,,,,,,No,,No,,,,No,,,No,Yes,5.4,No,No,"GPS (L1+L5), GLONASS, GALILEO, BDS, QZSS","Accelerometer, gyro, compass, barometer, heart rate, SpO2",815,,,No,,,180.0,,,,,,,,"Black, Silver, Ceramic Blue, Jungle Green, Beige (eSIM)","M2530W1, M2517W1",,,No
Celkon,Realme 16T,https://www.gsmarena.com/realme_16t_5g-14674.php,https://fdn2.gsmarena.com/vv/bigpic/realme-16t.jpg,GSM / HSPA / LTE / 5G,Yes,"2026, May 22","Available. Released 2026, May 26",166.4 x 78.2 x 8.8 mm (6.55 x 3.08 x 0.35 in),224.0,Glass,IP68,Nano-SIM + Nano-SIM,"AMOLED, 144Hz, 1200 nits (HBM)",144,6.81,720x1570,254,87.1,Panda-1681 glass,"Android 16, Realme UI 7.0",Mediatek Dimensity 6300 (6 nm),6,Octa-core (2x2.4 GHz Cortex-A76 & 6x2.0 GHz Cortex-A55),Mali-G57 MC2,6,8,128,256,UFS 2.2,50.0,2,1.8,No,1/2.93,No,"LED flash, HDR, panorama",1080p@30/60fps,16.0,No,,1080p@30fps,"Wi-Fi 802.11 a/b/g/n/ac, dual-band",No,5.3,Type-C,No,"GPS, GLONASS, GALILEO, BDS, QZSS","Fingerprint (side-mounted), accelerometer, proximity, compass",8000,45,,No,Active use score 22:43h,,270.0,,,438780,2016,385,,,"Starlight Red, Starlight Black, Aurora Green",RMX5268,,,No
Celkon,Honor 600,https://www.gsmarena.com/honor_600_5g-14605.php,https://fdn2.gsmarena.com/vv/bigpic/honor-600.jpg,GSM / HSPA / LTE / 5G,Yes,"2026, April 22","Available. Released 2026, May 18",156 x 74.7 x 7.8 mm (6.14 x 2.94 x 0.31 in),185.0,Glass,IP68,· Nano-SIM + eSIM · Nano-SIM + Nano-SIM + eSIM (max 2 at a time),"AMOLED, 1B colors, 120Hz, 3840Hz PWM, HDR Vivid, 8000 nits (peak)",120,6.57,1264x2728,458,91.2,Mohs level 4,"Android 16, up to 6 major Android upgrades, MagicOS 10",Qualcomm SM7750-AB Snapdragon 7 Gen 4 (4 nm),4,Octa-core (1x2.8 GHz Cortex-720 & 4x2.4 GHz Cortex-720 & 3x1.8 GHz Cortex-520),Adreno 722,8,12,128,512,,200.0,2,1.9,Yes,1/1.4,Yes,"Color spectrum sensor, LED flash, HDR, panorama","4K@30fps, 1080p@30/60fps, gyro-EIS, OIS",50.0,Yes,HDR,"4K@30fps, 1080p@30/60fps, gyro-EIS","Wi-Fi 802.11 a/b/g/n/ac/6/7, dual-band or tri-band, Wi-Fi Direct",Yes,5.4,Type-C,No,"GPS, GLONASS, GALILEO, BDS, QZSS, NavIC","Fingerprint (under display, optical), accelerometer, gyro, proximity (ultrasound), compass",7000,80,,No,Active use score 16:58h,505.77,487.49,399.0,,1087148,4090,1797,1749,-25.1,"Golden White, Black, Orange",VKJ-NX9,,,No
Celkon,Sony Xperia 1 VIII,https://www.gsmarena.com/sony_xperia_1_viii_5g-14660.php,https://fdn2.gsmarena.com/vv/bigpic/sony-xperia-1-viii.jpg,GSM / HSPA / LTE / 5G,Yes,"2026, May 13","Coming soon. Exp. release 2026, June 19",162 x 74 x 8.3 mm (6.38 x 2.91 x 0.33 in),200.0,Glass,IP65,Nano-SIM + eSIM + eSIM (max 2 at a time),"LTPO OLED, 1B colors, 120Hz, HDR BT.2020",120,6.5,1080x2340,396,86.5,Gorilla Glass Victus,"Android 16, up to 4 major Android upgrades",Qualcomm SM8850-AC Snapdragon 8 Elite Gen 5 (3 nm),3,Octa-core (2x4.6 GHz Oryon V3 Phoenix L + 6x3.62 GHz Oryon V3 Phoenix M),Adreno 840,12,16,256,512,UFS,48.0,3,1.9,Yes,1/1.35,Yes,"Zeiss optics, Zeiss T* lens coating, color spectrum sensor, LED flash, panorama, HDR, eye tracking","4K@24/30/60/120fps HDR, 1080p@30/60/120fps; 5-axis gyro-EIS, OIS",12.0,Yes,HDR,"4K@30/60fps, 1080p@30/60fps, 5-axis gyro-EIS","Wi-Fi 802.11 a/b/g/n/ac/6e/7, tri-band, Wi-Fi Direct, DLNA",Yes,6.0,Type-C,Yes,"GPS, GLONASS, BDS, GALILEO, QZSS","Fingerprint (side-mounted), accelerometer, gyro, proximity, barometer, compass",5000,30,15,Yes,Active use score 17:47h,,1499.0,1399.0,,2312684,9278,6962,1510,-25.5,"Graphite Black, Iolite Silver, Garnet Red, Native Gold","XQ-GE54, XQ-GE74, XQGE54, XQGE74, XQ-GE44, XQGE44, XQ-FS54, XQFS54, SO-51G",,,No
Celkon,Honor 600 Pro,https://www.gsmarena.com/honor_600_pro_5g-14604.php,https://fdn2.gsmarena.com/vv/bigpic/honor-600-pro.jpg,GSM / HSPA / LTE / 5G,Yes,"2026, April 22","Available. Released 2026, April 29",156 x 74.7 x 7.8 mm (6.14 x 2.94 x 0.31 in),195.0,Glass,IP68,· Nano-SIM + eSIM · Nano-SIM + Nano-SIM + eSIM (max 2 at a time),"AMOLED, 1B colors, 120Hz, 3840Hz PWM, HDR Vivid, 8000 nits (peak)",120,6.57,1264x2728,458,91.2,Mohs level 4,"Android 16, up to 6 major Android upgrades, MagicOS 10",Qualcomm SM8750-AB Snapdragon 8 Elite (3 nm),3,Octa-core (2x4.32 GHz Oryon V2 Phoenix L + 6x3.53 GHz Oryon V2 Phoenix M),Adreno 830 (1200 MHz),12,16,256,512,,200.0,3,1.9,Yes,1/1.4,Yes,"Color spectrum sensor, LED flash, HDR, panorama","4K@30/60fps, 1080p@30/60fps, gyro-EIS, OIS",50.0,Yes,HDR,"4K@30fps, 1080p@30/60fps, gyro-EIS","Wi-Fi 802.11 a/b/g/n/ac/6/7, dual-band or tri-band, Wi-Fi Direct",Yes,6.0,Type-C,No,"GPS, GLONASS, GALILEO, BDS, QZSS, NavIC","Fingerprint (under display, optical), accelerometer, gyro, proximity (ultrasound), compass",7000,80,50,No,Active use score 17:55h,835.34,,649.0,,2221352,7970,5309,1766,-24.8,"Golden White, Black, Orange",VKP-NX9,,,No
Celkon,Motorola Moto G87,https://www.gsmarena.com/motorola_moto_g87_5g-14644.php,https://fdn2.gsmarena.com/vv/bigpic/motorola-g87.jpg,GSM / HSPA / LTE / 5G,Yes,"2026, April 29","Available. Released 2026, May 15",164.5 x 77.3 x 7.3 mm (6.48 x 3.04 x 0.29 in),183.0,Glass,IP68,· Nano-SIM + eSIM · Nano-SIM + Nano-SIM,"AMOLED, 1B colors, 120Hz, HDR, 5000 nits (peak)",120,6.78,1272x2772,450,88.4,Gorilla Glass 7i,Android 16,Mediatek Dimensity 6400 (6 nm),6,Octa-core (2x2.5 GHz Cortex-A76 & 6x2.0 GHz Cortex-A55),Mali-G57 MC2,8,12,256,512,UFS 2.2,200.0,2,1.8,Yes,,No,"LED flash, HDR, panorama","1440p@30fps, 1080p@30/60fps",32.0,No,,"1440p@30fps, 1080p@30fps","Wi-Fi 802.11 a/b/g/n/ac, dual-band",Yes,5.4,Type-C,No,"GPS, GLONASS, GALILEO, BDS, QZSS","Fingerprint (under display, optical), accelerometer, gyro, proximity, compass",5200,30,,No,,,399.0,379.98,,,,,,,"Pantone: Overture, Blue Atoll",XT2621-6,,,No
Celkon,Motorola Moto G47,https://www.gsmarena.com/motorola_moto_g47-14645.php,https://fdn2.gsmarena.com/vv/bigpic/motorola-g47.jpg,GSM / HSPA / LTE / 5G,Yes,"2026, April 29","Available. Released 2026, May 15",166.2 x 76.5 x 7.8 mm (6.54 x 3.01 x 0.31 in),191.0,Glass,IP64,Nano-SIM + Nano-SIM,"IPS LCD, 120Hz",120,6.67,1080x2400,395,84.5,Gorilla Glass 7i,Android 16,Mediatek Dimensity 6300 (6 nm),6,Octa-core (2x2.4 GHz Cortex-A76 & 6x2.0 GHz Cortex-A55),Mali-G57 MC2,8,8,128,256,UFS 2.2,108.0,2,1.7,No,,No,"LED flash, HDR, panorama","1440p@30fps, 1080p@30/60fps",8.0,No,,"2K@30fps, 1080p@30/60fps","Wi-Fi 802.11 a/b/g/n/ac, dual-band",Yes,5.4,Type-C,Yes,"GPS, GLONASS, GALILEO, BDS, QZSS","Fingerprint (side-mounted), accelerometer, gyro, proximity, compass",5200,20,,No,,,319.0,,,,,,,,"PANTONE Impenetrable, Nautical Blue, Fuchsia Red",,,,FM radio
Celkon,Xiaomi 17T Pro,https://www.gsmarena.com/xiaomi_17t_pro-14651.php,https://fdn2.gsmarena.com/vv/bigpic/xiaomi-17t-pro-.jpg,GSM / HSPA / LTE / 5G,Yes,"2026, May 28","Available. Released 2026, May 28",162.2 x 77.5 x 8.3 mm,219.0,Glass,IP68,· Nano-SIM + Nano-SIM + eSIM + eSIM (max 2 at a time) · Nano-SIM + Nano-SIM,"AMOLED, 68B colors, 144Hz, 3840Hz PWM, Dolby Vision, HDR10+, 3500 nits (peak)",144,6.83,1280x2772,447,91.1,Gorilla Glass 7i,"Android 16, HyperOS 3",Mediatek Dimensity 9500 (3 nm),3,Octa-core (1x4.21 GHz C1-Ultra & 3x3.5 GHz C1-Premium & 4x2.7 GHz C1-Pro),Mali-G1 Ultra MC12,12,12,256,512,UFS 4.1,50.0,3,1.7,Yes,1/1.31,Yes,"Leica lens, Color spectrum sensor, Ultra HDR, LED flash, HDR, panorama","8K@30fps, 4K@30/60/120fps, 1080p@30/60/120/240/960fps, gyro-EIS, 10-bit Rec. 2020, HDR10+, Log",32.0,Yes,HDR,"4K@30fps, 1080p@30/60fps, HDR10+","Wi-Fi 802.11 a/b/g/n/ac/6e/7, dual-band, Wi-Fi Direct",Yes,6.0,Type-C,No,"GPS (L1+L5), BDS (B1I+B1C+B2a+B2b), GALILEO (E1+E5a+E5b), QZSS (L1+L5), NavIC (L5), GLONASS","Fingerprint (under display, optical), accelerometer, gyro, proximity, compass",7000,100,50,No,Active use score 21:41h,,999.9,799.0,,2795030,9766,6939,1069,-25.6,"Deep Blue, Deep Violet, Black",2602EPTC0G,,,No
Celkon,Samsung Galaxy A57,https://www.gsmarena.com/samsung_galaxy_a57-14379.php,https://fdn2.gsmarena.com/vv/bigpic/samsung-galaxy-a57.jpg,GSM / HSPA / LTE / 5G,Yes,"2026, March 25","Available. Released 2026, April 9",161.5 x 76.8 x 6.9 mm (6.36 x 3.02 x 0.27 in),179.0,Glass,IP68,· Nano-SIM + eSIM · Nano-SIM + Nano-SIM + eSIM + eSIM (max 2 at a time),"Super AMOLED+, 120Hz, HDR10+, 1200 nits (HBM), 1900 nits (peak)",120,6.7,1080x2340,385,88.8,Gorilla Glass Victus+,"Android 16, up to 6 major Android upgrades, One UI 8.5",Exynos 1680 (4 nm),4,Octa-core (1x2.9 GHz Cortex-720 & 4x2.6 GHz Cortex-720 & 3x1.95 GHz Cortex-520),Xclipse 550,8,12,128,512,UFS 3.1,50.0,3,1.8,Yes,1/1.56,Yes,"Best Face, LED flash, panorama, HDR","4K@30fps, 1080p@30/60fps, gyro-EIS",12.0,Yes,,"4K@30fps, 1080p@30/60fps, 10-bit HDR","Wi-Fi 802.11 a/b/g/n/ac/6e, dual-band or tri-band, Wi-Fi Direct",Yes,6.0,Type-C,No,"GPS, GALILEO, GLONASS, BDS, QZSS","Fingerprint (under display, optical), accelerometer, gyro, proximity, compass",5000,45,,No,Active use score 13:59h,489.99,347.0,529.0,46910,1001995,4411,1742,1309,-26.3,"Navy, Gray, Icyblue, Lilac","SM-A576B, SM-A576B/DS, SM-A576Q, SM-A576U1, SM-A576W, SM-A576Z, SM-A5760",0.85 W/kg (head) 1.20 W/kg (body),0.70 W/kg (head) 1.07 W/kg (body),No
Celkon,Xiaomi 17T,https://www.gsmarena.com/xiaomi_17t-14652.php,https://fdn2.gsmarena.com/vv/bigpic/xiaomi-17t-.jpg,GSM / HSPA / LTE / 5G,Yes,"2026, May 28","Available. Released 2026, May 28",157.6 x 75.2 x 8.2 mm,200.0,Glass,IP68,· Nano-SIM + Nano-SIM + eSIM + eSIM (max 2 at a time) · Nano-SIM + Nano-SIM,"AMOLED, 68B colors, 120Hz, 3840Hz PWM, Dolby Vision, HDR10+, 3500 nits (peak)",120,6.59,1268x2756,460,89.8,Gorilla Glass 7i,"Android 16, HyperOS 3",Mediatek Dimensity 8500 Ultra (4 nm),4,Octa-core (1x3.4 GHz Cortex-A725 & 3x3.2 GHz Cortex-A725 & 4x2.2 GHz Cortex-A725),Mali-G720 MC8,12,12,256,512,UFS 4.1,50.0,3,1.7,Yes,1/1.55,Yes,"Leica lens, Color spectrum sensor, Ultra HDR, LED flash, HDR, panorama","4K@30/60fps, 1080p@30/60/120/240/960fps, gyro-EIS, 10-bit Rec. 2020, HDR10+, Log",32.0,Yes,HDR,"4K@30fps, 1080p@30/60fps, HDR10+","Wi-Fi 802.11 a/b/g/n/ac/6e, dual-band or tri-band, Wi-Fi Direct",Yes,6.0,Type-C,No,"GPS (L1+L5), BDS (B1I+B1c+B2a), GALILEO (E1+E5a), QZSS (L1+L5), NavIC (L5), GLONASS","Fingerprint (under display, optical), accelerometer, gyro, proximity, compass",6500,67,,No,Active use score 17:16h,,749.9,649.0,,1640834,6607,3563,1035,-24.6,"Violet, Blue, Opal White, Black","2602DPT53G, 2602DPT53I",,,No
Celkon,Samsung Galaxy S26 Ultra,https://www.gsmarena.com/samsung_galaxy_s26_ultra-14320.php,https://fdn2.gsmarena.com/vv/bigpic/samsung-galaxy-s26-ultra-new.jpg,GSM / CDMA / HSPA / EVDO / LTE / 5G,Yes,"2026, February 25","Available. Released 2026, March 06",163.6 x 78.1 x 7.9 mm (6.44 x 3.07 x 0.31 in),214.0,Glass,IP68,· Nano-SIM + Nano-SIM + eSIM + eSIM (max 2 at a time) - INT · Nano-SIM + eSIM + eSIM (max 2 at a time) - USA · Nano-SIM + Nano-SIM - CN,"Dynamic LTPO AMOLED 2X, 120Hz, HDR10+, 2600 nits (peak)",120,6.9,1440x3120,500,90.7,"Corning Gorilla Armor 2, Mohs level 6","Android 16, up to 7 major Android upgrades, One UI 8.5",Qualcomm SM8850-1-AD Snapdragon 8 Elite Gen 5 (3 nm),3,Octa-core (2x4.74 GHz Oryon V3 Phoenix L + 6x3.62 GHz Oryon V3 Phoenix M),Adreno 840 (1.3GHz),12,16,256,512,UFS 4.X,200.0,4,1.4,Yes,1/1.3,Yes,"Laser AF, Best Face, Horizon Lock, LED flash, auto-HDR, panorama","8K@24/30fps, 4K@30/60/120fps, 1080p@30/60/120/240fps, 10-bit HDR, HDR10+, stereo sound rec., gyro-EIS",12.0,Yes,"HDR, HDR10+","4K@30/60fps, 1080p@30fps","Wi-Fi 802.11 a/b/g/n/ac/6e/7, tri-band, Wi-Fi Direct",Yes,6.0,Type-C,No,"GPS, GLONASS, BDS, GALILEO, QZSS","Fingerprint (under display, ultrasonic), accelerometer, gyro, proximity, compass, barometer",5000,60,25,Yes,Active use score 16:23h,1049.99,969.0,889.0,116990,2627986,11566,7744,1480,-25.9,"Cobalt Violet, Sky Blue, Black, White, Silver Shadow, Pink Gold","SM-S948B, SM-S948B/DS, SM-S948U, SM-S948U1, SM-S948W, SM-S948N, SM-S9480, SM-S948E, SM-S948E/DS",1.09 W/kg (head) 1.19 W/kg (body),1.28 W/kg (head) 1.35 W/kg (body),No
Celkon,Xiaomi 17 Max,https://www.gsmarena.com/xiaomi_17_max-14667.php,https://fdn2.gsmarena.com/vv/bigpic/xiaomi-17-max.jpg,GSM / HSPA / LTE / 5G,Yes,"2026, May 21","Available. Released 2026, May 21",162.9 x 77.6 x 8.2 mm (6.41 x 3.06 x 0.32 in),219.0,Glass,IP68,Nano-SIM + Nano-SIM,"LTPO AMOLED, 68B colors, PWM, 120Hz, Dolby Vision, HDR Vivid, HDR10+, 3500 nits (peak)",120,6.9,1200x2608,420,90.5,,"Android 16, HyperOS 3",Qualcomm SM8850-AC Snapdragon 8 Elite Gen 5 (3 nm),3,Octa-core (2x4.6 GHz Oryon V3 Phoenix L + 6x3.62 GHz Oryon V3 Phoenix M),Adreno 840,12,16,256,512,UFS 4.1,200.0,3,1.7,Yes,1/1.4,Yes,"Laser AF, color spectrum sensor, Leica lens, LED flash, HDR, panorama","8K@30fps (HDR), 4K@30/60fps (10-bit Dolby Vision HDR), 4K@120fps, 1080p@30/60/120/240/960fps, gyro-EIS",32.0,Yes,,"4K@30fps, 1080p@30/60fps, gyro-EIS","Wi-Fi 802.11 a/b/g/n/ac/6e/7, dual-band, Wi-Fi Direct",Yes,5.4,Type-C,No,"GPS (L1+L5), BDS (B1I+B1c+B2a), GALILEO (E1+E5a), QZSS (L1+L5), NavIC (L5), GLONASS","Fingerprint (under display, ultrasonic), accelerometer, proximity, gyro, compass, barometer",8000,100,50,Yes,,,610.0,,,,,,,,"Black, Blue, White",2605EPN8EC,,,No
Celkon,Samsung Galaxy A17,https://www.gsmarena.com/samsung_galaxy_a17-14041.php,https://fdn2.gsmarena.com/vv/bigpic/samsung-galaxy-a17-5g.jpg,GSM / HSPA / LTE / 5G,Yes,"2025, August 06","Available. Released 2025, August 14",164.4 x 77.9 x 7.5 mm (6.47 x 3.07 x 0.30 in),192.0,Glass,IP54,· Nano-SIM · Nano-SIM + eSIM · Nano-SIM + Nano-SIM,"Super AMOLED, 90Hz, 800 nits (HBM)",90,6.7,1080x2340,385,86.0,Gorilla Glass Victus,"Android 15, up to 6 major Android upgrades, One UI 7",Exynos 1330 (5 nm),5,Octa-core (2x2.4 GHz Cortex-A78 & 6x2.0 GHz Cortex-A55),Mali-G68 MP2,4,8,128,256,,50.0,3,1.8,Yes,1/2.76,No,"LED flash, panorama, HDR","1080p@30fps, gyro-EIS",13.0,No,,1080p@30fps,"Wi-Fi 802.11 a/b/g/n/ac, dual-band, Wi-Fi Direct",Yes,5.3,Type-C,No,"GPS, GALILEO, GLONASS, BDS, QZSS","Fingerprint (side-mounted), accelerometer, gyro, compass",5000,25,,No,Active use score 11:48h,99.88,149.99,114.99,18975,435787,2048,365,738,-26.4,"Black, Gray, Blue","SM-A176B, SM-A176B/DS",,0.67 W/kg (head) 0.97 W/kg (body),No
Celkon,Apple iPhone 17 Pro Max,https://www.gsmarena.com/apple_iphone_17_pro_max-13964.php,https://fdn2.gsmarena.com/vv/bigpic/apple-iphone-17-pro-max.jpg,GSM / CDMA / HSPA / EVDO / LTE / 5G,Yes,"2025, September 09","Available. Released 2025, September 19",163.4 x 78 x 8.8 mm (6.43 x 3.07 x 0.35 in),233.0,Ceramic,IP68,"· Nano-SIM + eSIM + eSIM (max 2 at a time; International) · eSIM + eSIM (8 or more, max 2 at a time; USA) · Nano-SIM + Nano-SIM (China)","LTPO Super Retina XDR OLED, 120Hz, HDR10, Dolby Vision, 1000 nits (typ), 1600 nits (HBM), 3000 nits (peak)",120,6.9,1320x2868,460,90.7,Ceramic Shield 2,"iOS 26, upgradable to iOS 26.5",Apple A19 Pro (3 nm),3,Hexa-core (2x4.26 GHz + 4x2.60 GHz),Apple GPU (6-core graphics),12,12,256,512,NVMe,48.0,3,1.8,Yes,1/1.28,Yes,"Dual-LED dual-tone flash, HDR (photo/panorama)","4K@24/25/30/60/100/120fps, 1080p@25/30/60/120/240fps, 10-bit HDR, Dolby Vision HDR (up to 120fps), ProRes, ProRes RAW (up to 120fps), Apple Log 2, 3D (spatial) video/audio, stereo sound rec.",18.0,Yes,"HDR, Dolby Vision HDR, 3D (spatial) audio, stereo sound rec., ProRes RAW, Apple Log 2","4K@24/25/30/60fps, 1080p@25/30/60/120fps, gyro-EIS","Wi-Fi 802.11 a/b/g/n/ac/6e/7, tri-band, hotspot",Yes,6.0,Type-C,No,"GPS (L1+L5), GLONASS, GALILEO, BDS, QZSS, NavIC","Face ID, accelerometer, gyro, proximity, compass, barometer",4823,25,25,No,Active use score 17:58h,985.0,1176.59,1038.99,149900,2600583,10118,6010,1000,-26.2,"Silver, Cosmic Orange, Deep Blue","iPhone18,2, A3526, A3257, A3527, A3525",1.19 W/kg (head) 1.19 W/kg (body),1.49 W/kg (head) 1.49 W/kg (body),No
Celkon,Xiaomi Redmi Note 15,https://www.gsmarena.com/xiaomi_redmi_note_15-14328.php,https://fdn2.gsmarena.com/vv/bigpic/xiaomi-redmi-note-15-global.jpg,GSM / HSPA / LTE / 5G,Yes,"2025, December 18","Available. Released 2026, January 06",164 x 75.4 x 7.4 mm (6.46 x 2.97 x 0.29 in),178.0,Glass,IP66,Nano-SIM + Nano-SIM,"AMOLED, 68B colors, 120Hz, 3840Hz PWM, HDR10+, 800 nits (typ), 3200 nits (peak)",120,6.77,1080x2392,388,89.7,"Scratch/drop-resistant glass, Mohs level","Android 15, up to 4 major Android upgrades, HyperOS 2",Qualcomm SM6475-AB Snapdragon 6 Gen 3 (4 nm),4,Octa-core (4x2.4 GHz Cortex-A78 & 4x1.8 GHz Cortex-A55),Adreno 710,6,12,128,512,UFS 2.2,108.0,2,1.7,Yes,1/1.67,Yes,"LED flash, HDR, panorama","4K@30fps, 1080p@30fps, gyro-EIS, OIS",20.0,No,,1080p@30fps,"Wi-Fi 802.11 a/b/g/n/ac, dual-band, Wi-Fi Direct",Yes,5.1,Type-C,No,"GPS, GLONASS, BDS, GALILEO","Fingerprint (under display, optical), accelerometer, gyro, compass",5520,45,,No,Active use score 14:12h,252.5,193.03,189.0,21425,637266,2958,861,1524,-23.4,"Black, Glacier Blue, Mist Purple","25096RA9BG, 25098RA98G",,1.00 W/kg (head) 0.99 W/kg (body),No
Celkon,Sony Xperia 1 VIII,https://www.gsmarena.com/sony_xperia_1_viii-14660.php,https://fdn2.gsmarena.com/vv/bigpic/sony-xperia-1-viii.jpg,GSM / HSPA / LTE / 5G,Yes,"2026, May 13","Coming soon. Exp. release 2026, June 19",162 x 74 x 8.3 mm (6.38 x 2.91 x 0.33 in),200.0,Glass,IP65,Nano-SIM + eSIM + eSIM (max 2 at a time),"LTPO OLED, 1B colors, 120Hz, HDR BT.2020",120,6.5,1080x2340,396,86.5,Gorilla Glass Victus,"Android 16, up to 4 major Android upgrades",Qualcomm SM8850-AC Snapdragon 8 Elite Gen 5 (3 nm),3,Octa-core (2x4.6 GHz Oryon V3 Phoenix L + 6x3.62 GHz Oryon V3 Phoenix M),Adreno 840,12,16,256,512,UFS,48.0,3,1.9,Yes,1/1.35,Yes,"Zeiss optics, Zeiss T* lens coating, color spectrum sensor, LED flash, panorama, HDR, eye tracking","4K@24/30/60/120fps HDR, 1080p@30/60/120fps; 5-axis gyro-EIS, OIS",12.0,Yes,HDR,"4K@30/60fps, 1080p@30/60fps, 5-axis gyro-EIS","Wi-Fi 802.11 a/b/g/n/ac/6e/7, tri-band, Wi-Fi Direct, DLNA",Yes,6.0,Type-C,Yes,"GPS, GLONASS, BDS, GALILEO, QZSS","Fingerprint (side-mounted), accelerometer, gyro, proximity, barometer, compass",5000,30,15,Yes,Active use score 17:47h,,1499.0,1399.0,,2312684,9278,6962,1510,-25.5,"Graphite Black, Iolite Silver, Garnet Red, Native Gold","XQ-GE54, XQ-GE74, XQGE54, XQGE74, XQ-GE44, XQGE44, XQ-FS54, XQFS54, SO-51G",,,No
Celkon,Honor 600 Pro,https://www.gsmarena.com/honor_600_pro-14604.php,https://fdn2.gsmarena.com/vv/bigpic/honor-600-pro.jpg,GSM / HSPA / LTE / 5G,Yes,"2026, April 22","Available. Released 2026, April 29",156 x 74.7 x 7.8 mm (6.14 x 2.94 x 0.31 in),195.0,Glass,IP68,· Nano-SIM + eSIM · Nano-SIM + Nano-SIM + eSIM (max 2 at a time),"AMOLED, 1B colors, 120Hz, 3840Hz PWM, HDR Vivid, 8000 nits (peak)",120,6.57,1264x2728,458,91.2,Mohs level 4,"Android 16, up to 6 major Android upgrades, MagicOS 10",Qualcomm SM8750-AB Snapdragon 8 Elite (3 nm),3,Octa-core (2x4.32 GHz Oryon V2 Phoenix L + 6x3.53 GHz Oryon V2 Phoenix M),Adreno 830 (1200 MHz),12,16,256,512,,200.0,3,1.9,Yes,1/1.4,Yes,"Color spectrum sensor, LED flash, HDR, panorama","4K@30/60fps, 1080p@30/60fps, gyro-EIS, OIS",50.0,Yes,HDR,"4K@30fps, 1080p@30/60fps, gyro-EIS","Wi-Fi 802.11 a/b/g/n/ac/6/7, dual-band or tri-band, Wi-Fi Direct",Yes,6.0,Type-C,No,"GPS, GLONASS, GALILEO, BDS, QZSS, NavIC","Fingerprint (under display, optical), accelerometer, gyro, proximity (ultrasound), compass",7000,80,50,No,Active use score 17:55h,835.34,,649.0,,2221352,7970,5309,1766,-24.8,"Golden White, Black, Orange",VKP-NX9,,,No
Celkon,Samsung Galaxy A56,https://www.gsmarena.com/samsung_galaxy_a56-13603.php,https://fdn2.gsmarena.com/vv/bigpic/samsung-galaxy-a56-.jpg,GSM / HSPA / LTE / 5G,Yes,"2025, March 02","Available. Released 2025, March 10",162.2 x 77.5 x 7.4 mm (6.39 x 3.05 x 0.29 in),198.0,Glass,IP67,· Nano-SIM + eSIM · Nano-SIM + Nano-SIM + eSIM + eSIM (max 2 at a time),"Super AMOLED, 120Hz, HDR10+, 1200 nits (HBM), 1900 nits (peak)",120,6.7,1080x2340,385,87.7,Gorilla Glass Victus+,"Android 15, up to 6 major Android upgrades, One UI 8.5",Exynos 1580 (4 nm),4,Octa-core (1x2.9 GHz Cortex-A720 & 3x2.6 GHz Cortex-A720 & 4x1.9 GHz Cortex-A520),Xclipse 540,6,12,128,256,UFS 3.1,50.0,3,1.8,Yes,1/1.56,Yes,"Best Face, LED flash, panorama, HDR","4K@30fps, 1080p@30/60fps, gyro-EIS",12.0,Yes,,"4K@30fps, 1080p@30fps, 1080p@60fps (regional availability), 10-bit HDR","Wi-Fi 802.11 a/b/g/n/ac/6, dual-band, Wi-Fi Direct",Yes,5.3,Type-C,No,"GPS, GALILEO, GLONASS, BDS, QZSS","Fingerprint (under display, optical), accelerometer, gyro, compass",5000,45,,No,Active use score 12:08h,359.5,309.0,267.98,42999,908689,3899,1332,1213,-26.2,"Pink, Olive, Graphite, Lightgray","SM-A566V, SM-A566B, SM-A566B/DS, SM-A566E, SM-A566E/DS, SM-A5660, SM-A566U, SM-A566U1, SM-A566W, SM-A566S",1.32 W/kg (head),0.61 W/kg (head) 1.05 W/kg (body),No
Celkon,Xiaomi 15 Ultra,https://www.gsmarena.com/xiaomi_15_ultra-13657.php,https://fdn2.gsmarena.com/vv/bigpic/xiaomi-15-ultra-.jpg,GSM / HSPA / LTE / 5G,Yes,"2025, February 27","Available. Released 2025, February 27",161.3 x 75.3 x 9.4 mm (6.35 x 2.96 x 0.37 in),226.0,Glass,IP68,· Nano-SIM + Nano-SIM · Nano-SIM + Nano-SIM + eSIM + eSIM (max 2 at a time),"LTPO AMOLED, 68B colors, 120Hz, 1920Hz PWM, Dolby Vision, HDR10+, HDR Vivid, 3200 nits (peak)",120,6.73,1440x3200,522,89.7,"Xiaomi Shield Glass 2.0, Mohs level 6","Android 15, up to 4 major Android upgrades, HyperOS 3",Qualcomm SM8750-AB Snapdragon 8 Elite (3 nm),3,Octa-core (2x4.32 GHz Oryon V2 Phoenix L + 6x3.53 GHz Oryon V2 Phoenix M),Adreno 830,12,16,256,512,UFS 4.1,50.0,4,1.6,Yes,1/2.51,Yes,"Laser AF, color spectrum sensor, Leica lenses, Dual-LED flash, HDR, panorama, 67mm filter ring holder (optional)","8K@30fps, 4K@30/60/120fps, 1080p@30/60/120/240/480/960/1920fps, gyro-EIS, Dolby Vision HDR 10-bit rec. (4K@60fps, 1080p)",32.0,Yes,"HDR, panorama","4K@30/60fps, 1080p@30/60fps, gyro-EIS","Wi-Fi 802.11 a/b/g/n/ac/6e/7, dual-band or tri-band, Wi-Fi Direct",Yes,6.0,Type-C,No,"GPS (L1+L5), BDS (B1I+B1c+B2a), GALILEO (E1+E5a), QZSS (L1+L5), NavIC (L5), GLONASS","Fingerprint (under display, ultrasonic), accelerometer, proximity, gyro, compass, barometer",5410,90,80,Yes,Active use score 16:13h,,776.09,1295.0,,,,,,-24.1,"Black, White, Silver Chrome, Green",25010PN30G,,1.00 W/kg (head) 1.00 W/kg (body),No
Celkon,Xiaomi Poco X7 Pro,https://www.gsmarena.com/xiaomi_poco_x7_pro-13582.php,https://fdn2.gsmarena.com/vv/bigpic/xiaomi-poco-x7-pro.jpg,GSM / HSPA / LTE / 5G,Yes,"2025, January 09","Available. Released 2025, January 09",160.8 x 75.2 x 8.3 mm (6.33 x 2.96 x 0.33 in),195.0,Glass,IP68,Nano-SIM + Nano-SIM,"AMOLED, 68B colors, 120Hz, 1920Hz PWM, Dolby Vision, HDR10+, 1400 nits (HBM), 3200 nits (peak)",120,6.67,1220x2712,446,88.8,Gorilla Glass 7i,"Android 15, HyperOS 2",Mediatek Dimensity 8400 Ultra (4 nm),4,Octa-core (1x3.25 GHz Cortex-A725 & 3x3.0 GHz Cortex-A725 & 4x2.1 GHz Cortex-A725),Mali-G720 MC7,8,12,256,512,UFS 4.0,50.0,2,1.5,Yes,1/1.95,Yes,"LED flash, HDR, panorama","4K@24/30/60fps, 1080p@30/60/120/240/960fps, HDR10+, gyro-EIS, OIS",20.0,No,,1080p@30fps,"Wi-Fi 802.11 a/b/g/n/ac/6, dual-band, Wi-Fi Direct",Yes,5.4,Type-C,No,"GPS (L1+L5), GLONASS (G1), BDS (B1I+B1c+B2a), GALILEO (E1+E5a), NavIC (L5)","Fingerprint (under display, optical), accelerometer, gyro, proximity, compass",6000,90,,No,Active use score 12:43h,374.0,319.0,278.9,30949,1568331,6311,3880,1265,-24.7,"Black/Yellow, White, Green, Red (Iron Man Edition)","2412DPC0AG, 2412DPC0AI",1.09 W/kg (head) 1.08 W/kg (body),0.99 W/kg (head) 0.99 W/kg (body),No
Celkon,Xiaomi 17 Pro Max,https://www.gsmarena.com/xiaomi_17_pro_max-14181.php,https://fdn2.gsmarena.com/vv/bigpic/xiaomi-17-pro-max.jpg,GSM / HSPA / LTE / 5G,Yes,"2025, September 25","Available. Released 2025, September 25",162.9 x 77.6 x 8 mm (6.41 x 3.06 x 0.31 in),219.0,Glass,IP68,Nano-SIM + Nano-SIM,"LTPO AMOLED, 68B colors, 2160Hz PWM, 120Hz, Dolby Vision, HDR Vivid, HDR10+, 3500 nits (peak)",160,6.9,1200x2608,416,92.3,Xiaomi Dragon Crystal Glass 3,"Android 16, HyperOS 3",Qualcomm SM8850-AC Snapdragon 8 Elite Gen 5 (3 nm),3,Octa-core (2x4.6 GHz Oryon V3 Phoenix L + 6x3.62 GHz Oryon V3 Phoenix M),Adreno 840,12,16,512,512,UFS 4.1,50.0,3,1.7,Yes,1/1.28,Yes,"Laser AF, color spectrum sensor, Leica lens, Dual-LED dual-tone flash, HDR, panorama","8K@30fps (HDR), 4K@30/60/120fps (HDR10+, 10-bit Dolby Vision HDR, 10-bit LOG), 1080p@30/60/120/240/960fps, 720p@1920fps, gyro-EIS",50.0,Yes,"HDR, panorama","4K@30/60fps, 1080p@30/60fps, HDR10+, gyro-EIS","Wi-Fi 802.11 a/b/g/n/ac/6e/7, dual-band, Wi-Fi Direct",Yes,5.4,Type-C,No,"GPS (L1+L5), BDS (B1I+B1c+B2a), GALILEO (E1+E5a), QZSS (L1+L5), NavIC (L5), GLONASS","Fingerprint (under display, ultrasonic), accelerometer, proximity, gyro, compass, barometer",7500,100,50,Yes,Active use score 20:50h,,720.0,,,2456317,10600,6761,1026,-26.1,"Black, White, Purple, Green",2509FPN0BC,,,No
Celkon,OnePlus 15,https://www.gsmarena.com/oneplus_15-14206.php,https://fdn2.gsmarena.com/vv/bigpic/oneplus-15.jpg,GSM / HSPA / LTE / 5G,Yes,"2025, October 27","Available. Released 2025, October 28",161.4 x 76.7 x 8.1 mm (6.35 x 3.02 x 0.32 in),211.0,Glass,IP68,· Nano-SIM + Nano-SIM + eSIM (max 2 at a time) · Nano-SIM + Nano-SIM,"LTPO AMOLED, 1B colors, 165Hz, PWM, Dolby Vision, HDR10+, HDR Vivid, 800 nits (typ), 1800 nits (HBM)",165,6.78,1272x2772,450,90.8,Gorilla Glass Victus,"Android 16, OxygenOS 16 (Global), ColorOS 16 (China)",Qualcomm SM8850-AC Snapdragon 8 Elite Gen 5 (3 nm),3,Octa-core (2x4.6 GHz Oryon V3 Phoenix L + 6x3.62 GHz Oryon V3 Phoenix M),Adreno 840,12,16,256,512,UFS 4.1,50.0,3,1.8,Yes,1/1.56,Yes,"Laser focus, color spectrum sensor, LED flash, HDR, panorama, LUT preview","8K@30fps, 4K@30/60/120fps, 1080p@30/60/240fps, Auto HDR, gyro-EIS, Dolby Vision, LUT",32.0,Yes,"HDR, panorama","4K@30/60fps, 1080p@30/60fps, gyro-EIS, HDR","Wi-Fi 802.11 a/b/g/n/ac/6/7, dual or tri-band, Wi-Fi Direct",Yes,6.0,Type-C,No,"GPS (L1+L5), GLONASS (G1), BDS (B1I+B1c+B2a), GALILEO (E1+E5a), QZSS (L1+L5), NavIC (L5)","Fingerprint (under display, ultrasonic), accelerometer, proximity, gyro (UAV-grade), compass, barometer (exc. China)",7300,120,50,Yes,Active use score 23:07h,729.95,780.9,819.0,77999,2790237,11062,7370,1364,-24.8,"Infinite Black, Ultra Violet, Sand Storm","CPH2747, CPH2745, PLK110, CPH2749",1.17 W/kg (head) 1.00 W/kg (body),,No
Celkon,Samsung Galaxy S25,https://www.gsmarena.com/samsung_galaxy_s25-13610.php,https://fdn2.gsmarena.com/vv/bigpic/samsung-galaxy-s25-sm-s931.jpg,GSM / CDMA / HSPA / EVDO / LTE / 5G,Yes,"2025, January 22","Available. Released 2025, February 03",146.9 x 70.5 x 7.2 mm (5.78 x 2.78 x 0.28 in),162.0,Glass,IP68,· Nano-SIM + Nano-SIM + eSIM + eSIM (max 2 at a time) - INT · Nano-SIM + eSIM + eSIM (max 2 at a time) - USA · Nano-SIM + Nano-SIM - CN,"Dynamic LTPO AMOLED 2X, 120Hz, HDR10+, 2600 nits (peak)",120,6.2,1080x2340,416,91.1,Gorilla Glass Victus,"Android 15, up to 7 major Android upgrades, One UI 8",Qualcomm SM8750-AC Snapdragon 8 Elite (3 nm),3,Octa-core (2x4.47 GHz Oryon V2 Phoenix L + 6x3.53 GHz Oryon V2 Phoenix M),Adreno 830 (1200 MHz),12,12,128,512,UFS 4.0,50.0,3,1.8,Yes,1/1.56,Yes,"Best Face, LED flash, auto-HDR, panorama","8K@24/30fps, 4K@30/60fps, 1080p@30/60/120/240fps, 10-bit HDR, HDR10+, stereo sound rec., gyro-EIS",12.0,Yes,"HDR, HDR10+","4K@30/60fps, 1080p@30fps","Wi-Fi 802.11 a/b/g/n/ac/6e/7, tri-band, Wi-Fi Direct",Yes,5.4,Type-C,No,"GPS, GLONASS, BDS, GALILEO, QZSS","Fingerprint (under display, ultrasonic), accelerometer, gyro, proximity, compass, barometer",4000,25,15,Yes,Active use score 13:09h,438.65,449.99,420.96,74999,2193701,10050,6755,1395,-26.1,"Icy Blue, Mint, Navy, Silver Shadow, Pink Gold, Coral Red, Blue Black","SM-S931B, SM-S931B/DS, SM-S931U, SM-S931U1, SM-S931W, SM-S931N, SM-S9310, SM-S931E, SM-S931E/DS",1.13 W/kg (head) 0.92 W/kg (body),1.29 W/kg (head) 1.36 W/kg (body),No
Celkon,Xiaomi 17 Ultra,https://www.gsmarena.com/xiaomi_17_ultra-14380.php,https://fdn2.gsmarena.com/vv/bigpic/xiaomi-17-ultra-global.jpg,GSM / HSPA / LTE / 5G,Yes,"2026, February 28","Available. Released 2026, March 10",162.9 x 77.6 x 8.3 mm (6.41 x 3.06 x 0.33 in),218.4,Glass,IP68,Nano-SIM + Nano-SIM + eSIM + eSIM + eSIM (max 2 at a time),"LTPO AMOLED, 68B colors, 120Hz, 2160Hz PWM, Dolby Vision, HDR10+, 3500 nits (peak)",120,6.9,1200x2608,416,92.3,Xiaomi Shield Glass 3.0,"Android 16, HyperOS 3",Qualcomm SM8850-AC Snapdragon 8 Elite Gen 5 (3 nm),3,Octa-core (2x4.6 GHz Oryon V3 Phoenix L + 6x3.62 GHz Oryon V3 Phoenix M),Adreno 840,16,16,512,512,UFS 4.1,50.0,3,1.7,Yes,1/1.4,Yes,"Laser AF, color spectrum sensor, Leica lenses, Dual-LED flash, HDR, panorama","8K@30fps, 4K@30/60/120fps, 1080p@30/60/120/240/480/960/1920fps, gyro-EIS, Dolby Vision HDR 10-bit rec. (4K@60fps, 1080p)",50.0,Yes,"HDR, panorama","4K@30/60fps, 1080p@30/60/120fps, gyro-EIS","Wi-Fi 802.11 a/b/g/n/ac/6e/7, dual-band or tri-band, Wi-Fi Direct",Yes,6.0,Type-C,No,"GPS (L1+L5), BDS (B1I+B1c+B2a), GALILEO (E1+E5a), QZSS (L1+L5), NavIC (L5), GLONASS","Fingerprint (under display, ultrasonic), accelerometer, proximity, gyro, compass, barometer",6000,90,50,Yes,Active use score 19:09h,,1249.0,1245.64,139997,2777490,10896,6948,1132,-24.1,"Black, White, Starlit Green","25128PNA1G, 2512BPNDAG",,,No
Celkon,Oppo Find X9 Pro,https://www.gsmarena.com/oppo_find_x9_pro-14094.php,https://fdn2.gsmarena.com/vv/bigpic/oppo-find-x9-pro.jpg,GSM / HSPA / LTE / 5G,Yes,"2025, October 16","Available. Released 2025, October 22",161.3 x 76.5 x 8.3 mm (6.35 x 3.01 x 0.33 in),224.0,Glass,IP68,· Nano-SIM + eSIM · Nano-SIM + Nano-SIM,"LTPO AMOLED, 1B colors, 120Hz, 2160Hz PWM, Dolby Vision, HDR10+, HDR Vivid, 800 nits (typ), 1800 nits (HBM), 3600 nits (peak)",120,6.78,1272x2772,450,91.1,Gorilla Glass Victus,"Android 16, up to 5 major Android upgrades, ColorOS 16",Mediatek Dimensity 9500 (3 nm),3,Octa-core (1x4.21 GHz C1-Ultra & 3x3.5 GHz C1-Premium & 4x2.7 GHz C1-Pro),Arm G1-Ultra,12,16,256,512,UFS 4.1,50.0,3,1.5,Yes,1/1.28,Yes,"Laser AF, color spectrum sensor, Hasselblad Color Calibration, LED flash, HDR, panorama, LUT preview","4K@30/60/120fps, 1080p@30/60/240fps; gyro-EIS; HDR, 10‑bit video, Dolby Vision, LOG",50.0,Yes,Panorama,"4K@30/60fps, 1080p@30/60fps, gyro-EIS","Wi-Fi 802.11 a/b/g/n/ac/6/7, dual-band or tri-band, Wi-Fi Direct",Yes,6.0,Type-C,No,"GPS (L1+L5), BDS (B1I+B1c+B2a+B2b), GALILEO (E1+E5a+E5b), QZSS (L1+L5), GLONASS, NavIC (L5)","Fingerprint (under display, ultrasonic), accelerometer, gyro, proximity, compass, barometer",7500,80,50,Yes,Active use score 21:57h,,1195.9,849.97,,2719560,9697,6808,1175,-26.6,"Silk White, Titanium Charcoal, Velvet Red","CPH2791, PLG110",,,No
Celkon,Celkon C619,https://www.gsmarena.com/celkon_c619-6222.php,https://fdn2.gsmarena.com/vv/bigpic/celkon-c619.jpg,GSM,No,2014,Discontinued,112 x 47 x 15.8 mm (4.41 x 1.85 x 0.62 in),,,,Dual SIM,TFT,,1.8,128x160,114,19.4,,,,,,,,,,,,,1,,No,,No,,Yes,,No,,,No,No,2.0,Micro-USB,Yes,No,,1800,,,No,,,,,,,,,,,"Black/Red, Black/White",,,0.52 W/kg (head) 0.63 W/kg (body),FM radio
Celkon,Celkon C51,https://www.gsmarena.com/celkon_c51-6221.php,https://fdn2.gsmarena.com/vv/bigpic/celkon-c51.jpg,GSM,No,2014,Discontinued,-,,,,Dual SIM,TFT,,2.4,240x320,167,,,,,,,,,,,,,1.3,1,,No,,No,,Yes,,No,,,No,No,2.0,Micro-USB,Yes,No,,1000,,,No,,,,,,,,,,,"Brown, Champagne, Black",,,,FM radio
Celkon,Celkon C340,https://www.gsmarena.com/celkon_c340-6174.php,https://fdn2.gsmarena.com/vv/bigpic/celkon-c340.jpg,GSM,No,2014,Discontinued,-,,,,Dual SIM,TFT,,1.8,128x160,114,,,,,,,,,,,,,,1,,No,,No,,Yes,,No,,,No,No,2.0,Micro-USB,No,No,,1000,,,No,,,,,,,,,,,Black,,,1.30 W/kg (head) 0.53 W/kg (body),FM radio
Celkon,Celkon C348+,https://www.gsmarena.com/celkon_c348+-6175.php,https://fdn2.gsmarena.com/vv/bigpic/celkon-c348-plus.jpg,GSM,No,2014,Discontinued,-,,,,Dual SIM,TFT,,1.8,128x160,114,,,,,,,,,,,,,,1,,No,,No,,Yes,,No,,,No,No,2.0,Micro-USB,No,No,,1000,,,No,,,,,,,,,,,Black,,,0.65 W/kg (head),FM radio
Celkon,Celkon C349+,https://www.gsmarena.com/celkon_c349+-6176.php,https://fdn2.gsmarena.com/vv/bigpic/celkon-c349-plus.jpg,GSM,No,2014,Discontinued,111.5 x 47 x 14.5 mm (4.39 x 1.85 x 0.57 in),,,,Dual SIM,TFT,,1.8,128x160,114,19.5,,,,,,,,,,,,,1,,No,,No,,Yes,,No,,,No,No,2.0,Micro-USB,No,No,,1000,,,No,,,,,,,,,,,Black,,,0.90 W/kg (head) 0.74 W/kg (body),FM radio
Celkon,Celkon C779,https://www.gsmarena.com/celkon_c779-6177.php,https://fdn2.gsmarena.com/vv/bigpic/celkon-c779.jpg,GSM,No,2014,Discontinued,-,,,,Dual SIM,TFT,,2.4,240x320,167,,,,,,,,,,,,,1.3,1,,No,,No,,Yes,,No,,,No,No,2.0,Micro-USB,Yes,No,,1800,,,No,,,,,,,,,,,Black,,,0.45 W/kg (head) 0.52 W/kg (body),FM radio
Celkon,Celkon C66+,https://www.gsmarena.com/celkon_c66+-6178.php,https://fdn2.gsmarena.com/vv/bigpic/celkon-c66-plus.jpg,GSM,No,2014,Discontinued,116.9 x 49 x 10.5 mm (4.60 x 1.93 x 0.41 in),90.0,,,Dual SIM,TFT,,2.4,240x320,167,31.1,,,,,,,,,,,,,1,,No,,No,,Yes,,No,,,No,No,2.0,Micro-USB,Yes,No,,1500,,,No,,,,,,,,,,,Black,,,0.57 W/kg (head) 0.47 W/kg (body),FM radio
Celkon,Celkon C44+,https://www.gsmarena.com/celkon_c44+-6179.php,https://fdn2.gsmarena.com/vv/bigpic/celkon-c44-plus.jpg,GSM,No,2014,Discontinued,-,,,,Dual SIM,TFT,,2.4,240x320,167,,,,,,,,,,,,,1.3,1,,No,,No,,Yes,,No,,,No,No,2.0,Micro-USB,Yes,No,,2000,,,No,,,,,,,,,,,Black,,,0.59 W/kg (head) 0.68 W/kg (body),FM radio
Celkon,Celkon A64,https://www.gsmarena.com/celkon_a64-6180.php,https://fdn2.gsmarena.com/vv/bigpic/celkon-a64.jpg,GSM,No,2014,Discontinued,124 x 65 x 10.5 mm (4.88 x 2.56 x 0.41 in),,,,Dual SIM,TFT,,4.0,320x480,144,59.1,,Android 4.2.2 (Jelly Bean),,,Dual-core 1.2 GHz,,,,,,,2.0,1,,No,,No,LED flash,Yes,,No,,,"Wi-Fi 802.11 b/g/n, hotspot",No,2.0,Micro-USB,Yes,GPS,Accelerometer,1400,,,No,,,,,,,,,,,"White, Black",,,0.42 W/kg (head) 0.55 W/kg (body),FM radio
Celkon,Celkon A66,https://www.gsmarena.com/celkon_a66-6181.php,https://fdn2.gsmarena.com/vv/bigpic/celkon-a66.jpg,GSM,No,2014,Discontinued,136 x 67.2 x 11 mm (5.35 x 2.65 x 0.43 in),98.0,,,Dual SIM,TFT,,4.5,480x854,218,61.1,,Android 4.1.2 (Jelly Bean),,,Dual-core 1.2 GHz,,,,4,4,,3.15,1,,No,,No,LED flash,Yes,,No,,,"Wi-Fi 802.11 b/g/n, hotspot",No,2.0,Micro-USB,Yes,GPS,"Accelerometer, proximity",2000,,,No,,,,,,,,,,,"White, Black",,,0.38 W/kg (head) 0.47 W/kg (body),FM radio
Celkon,Celkon A9 Dual,https://www.gsmarena.com/celkon_a9_dual-6182.php,https://fdn2.gsmarena.com/vv/bigpic/celkon-a9-dual.jpg,GSM,No,2014,Discontinued,120.5 x 63.9 x 10.6 mm (4.74 x 2.52 x 0.42 in),116.0,,,Dual SIM,TFT,,3.5,320x480,165,47.4,,Android 4.2.2 (Jelly Bean),,,Dual-core 1.0 GHz,,,,,,,2.0,1,,No,,No,,Yes,,No,,,"Wi-Fi 802.11 b/g/n, hotspot",No,2.0,Micro-USB,Yes,GPS,Accelerometer,1350,,,No,,,,,,,,,,,"White, Black",,,0.61 W/kg (head) 0.69 W/kg (body),FM radio
Celkon,Celkon C4040,https://www.gsmarena.com/celkon_c4040-6184.php,https://fdn2.gsmarena.com/vv/bigpic/celkon-c4040.jpg,GSM,No,2014,Discontinued,101 x 52 x 12.5 mm (3.98 x 2.05 x 0.49 in),,,,Dual SIM,TFT,,2.4,240x320,167,34.0,,,,,,,,,,,,1.3,1,,No,,No,,Yes,,No,,,No,No,2.0,Micro-USB,Yes,No,,1100,,,No,,,,,,,,,,,Black,,,0.44 W/kg (head) 0.73 W/kg (body),FM radio
Celkon,Celkon A 107+,https://www.gsmarena.com/celkon_a_107+-6183.php,https://fdn2.gsmarena.com/vv/bigpic/celkon-a107-plus.jpg,GSM,No,2014,Discontinued,148 x 77 x 9.6 mm (5.83 x 3.03 x 0.38 in),,,,Dual SIM,TFT,,5.0,480x800,187,62.4,,Android 4.2.2 (Jelly Bean),,,Dual-core 1.0 GHz,,,,4,4,,8.0,1,,No,,No,,Yes,1.3,No,,,"Wi-Fi 802.11 b/g/n, hotspot",No,2.0,Micro-USB,Yes,No,"Accelerometer, proximity",2100,,,No,,,,,,,,,,,White,,,0.67 W/kg (head) 0.60 W/kg (body),FM radio
Celkon,Celkon ARR35,https://www.gsmarena.com/celkon_arr35-6185.php,https://fdn2.gsmarena.com/vv/bigpic/celkon-arr35.jpg,GSM,No,2014,Discontinued,128 x 68 x 10.2 mm (5.04 x 2.68 x 0.40 in),,,,Dual SIM,TFT,,3.5,320x480,165,41.9,,,,,,,,,,,,2.0,1,,No,,No,LED flash,Yes,,No,,,No,No,2.0,Micro-USB,Yes,No,,1200,,,No,,,,,,,,,,,"Black, White",,,0.66 W/kg (head) 0.53 W/kg (body),FM radio
Celkon,Celkon CT 7,https://www.gsmarena.com/celkon_ct_7-6186.php,https://fdn2.gsmarena.com/vv/bigpic/celkon-ct7.jpg,No cellular connectivity,No,2014,Discontinued,192 x 110 x 14 mm (7.56 x 4.33 x 0.55 in),,,,No,TFT,,7.0,480x800,133,66.0,,Android 4.0.3 (Ice Cream Sandwich),,,1.0 GHz,,1,1,8,8,,2.0,1,,No,,No,,Yes,,No,,,"Wi-Fi 802.11 b/g/n, hotspot",No,2.0,Micro-USB,Yes,No,"Accelerometer, proximity",3000,,,No,,,,,,,,,,,"Black, White",,,,FM radio
Celkon,Celkon CT-888,https://www.gsmarena.com/celkon_ct_888-6187.php,https://fdn2.gsmarena.com/vv/bigpic/celkon-ct888.jpg,GSM / HSPA,No,2014,Discontinued,-,,,,Mini-SIM,TFT,,7.0,600x1024,170,,,Android 4.0.4 (Ice Cream Sandwich),,,Dual-core 1.2 GHz,,,,4,4,,2.0,1,,No,,No,,Yes,,No,,,"Wi-Fi 802.11 b/g/n, hotspot",No,4.0,Micro-USB,Yes,GPS,Accelerometer,3500,,,No,,,,,,,,,,,"Black, White",,,0.46 W/kg (head) 0.52 W/kg (body),FM radio
Celkon,Celkon C820,https://www.gsmarena.com/celkon_c820-6189.php,https://fdn2.gsmarena.com/vv/bigpic/celkon-c820.jpg,GSM / HSPA,No,2014,Discontinued,210 x 131 x 10.5 mm (8.27 x 5.16 x 0.41 in),,,,Dual SIM,TFT,,8.0,800x1280,189,67.5,,Android 4.2.2 (Jelly Bean),,,Dual-core 1.0 GHz,,,,4,4,,3.15,1,,No,,No,,Yes,1.3,No,,,"Wi-Fi 802.11 b/g/n, hotspot",No,2.1,Micro-USB,Yes,GPS,Accelerometer,4000,,,No,,,,,,,,,,,"Black, Silver",,,0.41 W/kg (head) 0.53 W/kg (body),FM radio
Celkon,Celkon C720,https://www.gsmarena.com/celkon_c720-6188.php,https://fdn2.gsmarena.com/vv/bigpic/celkon-c720.jpg,GSM / HSPA,No,2014,Discontinued,194.6 x 124 x 12.1 mm (7.66 x 4.88 x 0.48 in),,,,Micro-SIM,TFT,,7.0,458x800,132,56.5,,Android 4.2.2 (Jelly Bean),,,Dual-core 1.0 GHz,,,,4,4,,3.15,1,,No,,No,,Yes,1.3,No,,,"Wi-Fi 802.11 b/g/n, hotspot",No,2.0,Micro-USB,Yes,GPS,Accelerometer,3000,,,No,,,,,,,,,,,White,,,0.41 W/kg (head) 0.53 W/kg (body),FM radio
Celkon,Celkon S1,https://www.gsmarena.com/celkon_s1-6104.php,https://fdn2.gsmarena.com/vv/bigpic/celkon-s1.jpg,GSM / HSPA,No,"2014, February. Released 2014, February",Discontinued,144 x 71 x 8.9 mm (5.67 x 2.80 x 0.35 in),137.0,,,Dual SIM,IPS LCD,,5.0,1080x1920,441,67.4,,Android 4.2.1 (Jelly Bean),,,Quad-core 1.5 GHz,,1,1,16,16,,13.0,1,,No,,No,LED flash,Yes,8.0,No,,,"Wi-Fi 802.11 b/g/n, hotspot",No,4.0,Micro-USB,Yes,GPS,"Accelerometer, proximity",2300,,,No,,,,,,,,,,,Black,,,,FM radio
Celkon,Celkon A40,https://www.gsmarena.com/celkon_a40-6000.php,https://fdn2.gsmarena.com/vv/bigpic/celkon-a40.jpg,GSM,No,"2014, January. Released 2014, January",Discontinued,126.2 x 64 x 10.8 mm (4.97 x 2.52 x 0.43 in),,,,Dual SIM,TFT,,4.0,480x800,233,56.4,,Android 4.2.2 (Jelly Bean),,,Dual-core 1.3 GHz,,,,4,4,,5.0,1,,No,,No,,Yes,,No,,,"Wi-Fi 802.11 b/g/n, hotspot",No,2.0,Micro-USB,Yes,GPS,"Accelerometer, proximity",1500,,,No,,,,,,,,,,,"White, Yellow, Blue",,,,FM radio
Celkon,Celkon AR50,https://www.gsmarena.com/celkon_ar50-5917.php,https://fdn2.gsmarena.com/vv/bigpic/celkon-ar50.jpg,GSM / HSPA,No,"2013, December. Released 2013, December",Discontinued,144.3 x 73.4 x 9.8 mm (5.68 x 2.89 x 0.39 in),140.0,,,Dual SIM,TFT,,5.0,540x960,220,65.1,,Android 4.2.2 (Jelly Bean),,,Dual-core 1.2 GHz,,,,4,4,,5.0,1,,No,,No,,Yes,,No,,,"Wi-Fi 802.11 b/g/n, hotspot",No,3.0,Micro-USB,Yes,No,"Accelerometer, proximity",2000,,,No,,,60.0,,,,,,,,White,,,0.85 W/kg (head) 0.93 W/kg (body),FM radio
Celkon,Celkon AR40,https://www.gsmarena.com/celkon_ar40-5916.php,https://fdn2.gsmarena.com/vv/bigpic/celkon-ar40.jpg,GSM / HSPA,No,"2013, December. Released 2013, December",Discontinued,126.2 x 64 x 10.8 mm (4.97 x 2.52 x 0.43 in),,,,Dual SIM,TFT,,4.0,480x800,233,56.4,,Android 4.2.2 (Jelly Bean),,,Dual-core 1.3 GHz,,,,4,4,,3.15,1,,No,,No,,Yes,,No,,,"Wi-Fi 802.11 b/g/n, hotspot",No,4.0,Micro-USB,Yes,No,Accelerometer,1500,,,No,,,,,,,,,,,Yellow,,,0.69 W/kg (head) 0.71 W/kg (body),FM radio
Celkon,Celkon AR45,https://www.gsmarena.com/celkon_ar45-5765.php,https://fdn2.gsmarena.com/vv/bigpic/celkon-ar45.jpg,GSM / HSPA,No,"2013, October. Released 2013, October",Discontinued,-,,,,Dual SIM (Mini-SIM),TFT,,4.5,960x854,286,,,Android 4.2.2 (Jelly Bean),Mediatek MT6572 (28 nm),28,Dual-core 1.2 GHz Cortex-A7,Mali-400,,,4,4,,5.0,1,,No,,No,,Yes,1.3,No,,,"Wi-Fi 802.11 b/g/n, hotspot",No,,Micro-USB,Yes,No,"Accelerometer, proximity",2000,,,No,,,90.0,,,,,,,,White,,,0.74 W/kg (head) 0.68 W/kg (body),FM radio
Celkon,Celkon A15,https://www.gsmarena.com/celkon_a15-5764.php,https://fdn2.gsmarena.com/vv/bigpic/celkon-a15.jpg,GSM,No,"2013, October. Released 2013, October",Discontinued,-,,,,Dual SIM (Mini-SIM),TFT,,3.5,320x480,165,,,Android 4.2.2 (Jelly Bean),,,Dual-core 1.0 GHz,,,,,,,3.15,1,,No,,No,,Yes,,No,,,"Wi-Fi 802.11 b/g/n, hotspot",No,,Micro-USB,Yes,No,Accelerometer,1400,,,No,,,50.0,,,,,,,,White,,,0.68 W/kg (head) 0.60 W/kg (body),FM radio
Celkon,Celkon C7045,https://www.gsmarena.com/celkon_c7045-5734.php,https://fdn2.gsmarena.com/vv/bigpic/celkon-c7045.jpg,GSM,No,"2013, September. Released 2013, September",Discontinued,-,,,,Dual SIM (Mini-SIM),TFT,,3.5,320x480,165,,,,,,,,,,,,,1.3,1,,No,,No,,Yes,,No,,,No,No,,Proprietary,Yes,No,,1200,,,No,,,30.0,,,,,,,,Black,,,0.59 W/kg (head) 0.40 W/kg (body),FM radio
Celkon,Celkon C605,https://www.gsmarena.com/celkon_c605-5733.php,https://fdn2.gsmarena.com/vv/bigpic/celkon-c605.jpg,GSM,No,"2013, September. Released 2013, September",Discontinued,-,,,,Dual SIM (Mini-SIM),TFT,,1.8,128x160,114,,,,,,,,,,,,,,1,,No,,No,,Yes,,No,,,No,No,,Proprietary,Yes,No,,2200,,,No,,,10.0,,,,,,,,Black,,,0.49 W/kg (head) 0.63 W/kg (body),FM radio
Celkon,Celkon C399,https://www.gsmarena.com/celkon_c399-5732.php,https://fdn2.gsmarena.com/vv/bigpic/celkon-c399.jpg,GSM,No,"2013, September. Released 2013, September",Discontinued,-,,,,Dual SIM (Mini-SIM),TFT,,2.4,240x320,167,,,,,,,,,,,,,1.3,1,,No,,No,,Yes,,No,,,No,No,,Proprietary,Yes,No,,1800,,,No,,,20.0,,,,,,,,Black,,,0.98 W/kg (head) 0.86 W/kg (body),FM radio
Celkon,Celkon C76,https://www.gsmarena.com/celkon_c76-5731.php,https://fdn2.gsmarena.com/vv/bigpic/celkon-c76.jpg,GSM,No,"2013, September. Released 2013, September",Discontinued,-,,,,Dual SIM (Mini-SIM),TFT,,2.8,240x320,143,,,,,,,,,,,,,1.3,1,,No,,No,,Yes,,No,,,No,No,,Proprietary,Yes,No,,1400,,,No,,,20.0,,,,,,,,Black,,,0.39 W/kg (head) 0.45 W/kg (body),FM radio
Celkon,Celkon C64,https://www.gsmarena.com/celkon_c64-5730.php,https://fdn2.gsmarena.com/vv/bigpic/celkon-c64.jpg,GSM,No,"2013, September. Released 2013, September",Discontinued,-,,,,Dual SIM (Mini-SIM),TFT,,2.6,240x320,154,,,,,,,,,,,,,1.3,1,,No,,No,,Yes,,No,,,No,No,,Proprietary,Yes,No,,1400,,,No,,,20.0,,,,,,,,Black,,,0.42 W/kg (head) 0.40 W/kg (body),FM radio
Celkon,Celkon C63,https://www.gsmarena.com/celkon_c63-5729.php,https://fdn2.gsmarena.com/vv/bigpic/celkon-c63.jpg,GSM,No,"2013, September. Released 2013, September",Discontinued,-,,,,Dual SIM (Mini-SIM),TFT,,2.6,240x320,154,,,,,,,,,,,,,,1,,No,,No,,Yes,,No,,,No,No,,Proprietary,Yes,No,,1400,,,No,,,20.0,,,,,,,,Black,,,0.48 W/kg (head) 0.63 W/kg (body),FM radio
Celkon,Celkon Monalisa 5,https://www.gsmarena.com/celkon_monalisa_5-5694.php,https://fdn2.gsmarena.com/vv/bigpic/celkon-monalisa-5.jpg,GSM / HSPA,No,"2013, September. Released 2013, December",Discontinued,131.1 x 66.9 x 9 mm (5.16 x 2.63 x 0.35 in),120.5,,,Dual SIM (Mini-SIM and Micro-SIM),TFT,,4.5,540x960,245,63.6,,Android 4.1.2 (Jelly Bean),Qualcomm MSM8225Q Snapdragon S4 Play,,Quad-core 1.2 GHz Cortex-A5,Adreno 203,1,1,4,4,,8.0,1,,No,,No,,Yes,,No,,,"Wi-Fi 802.11 b/g/n, hotspot",No,,Micro-USB,Yes,GPS,"Accelerometer, proximity",1800,,,No,,,,,,,,,,,"Black, White",,,0.68 W/kg (head) 0.72 W/kg (body),FM radio
Celkon,Celkon A112,https://www.gsmarena.com/celkon_a112-5630.php,https://fdn2.gsmarena.com/vv/bigpic/celkon-a112.jpg,GSM / HSPA,No,"2013, August. Released 2013, August",Discontinued,-,,,,Dual SIM (Mini-SIM),TFT,,5.0,480x854,196,,,Android 4.2.0 (Jelly Bean),,,Dual-core 1.2 GHz,,,,4,4,,8.0,1,,No,,No,,Yes,1.3,No,,,Wi-Fi 802.11 b/g/n,No,,Micro-USB,Yes,No,"Proximity, gyro",2000,,,No,,,90.0,,,,,,,,Black/White,,,0.95 W/kg (head) 0.84 W/kg (body),
Celkon,Celkon A63,https://www.gsmarena.com/celkon_a63-5629.php,https://fdn2.gsmarena.com/vv/bigpic/celkon-a63.jpg,GSM,No,"2013, August. Released 2013, August",Discontinued,-,,,,Dual SIM (Mini-SIM),TFT,,4.0,480x800,233,,,Android 4.2.0 (Jelly Bean),,,Dual-core 1.2 GHz,,,,,,,3.15,1,,No,,No,,Yes,,No,,,Wi-Fi 802.11 b/g/n,No,,Micro-USB,Yes,No,"Proximity, gyro",1500,,,No,,,50.0,,,,,,,,Black,,,0.91 W/kg (head) 0.63 W/kg (body),
Celkon,Celkon A60,https://www.gsmarena.com/celkon_a60-5628.php,https://fdn2.gsmarena.com/vv/bigpic/celkon-a60.jpg,GSM,No,"2013, August. Released 2013, August",Discontinued,-,,,,Dual SIM (Mini-SIM),TFT,,4.5,480x854,218,,,Android 4.0.4 (Ice Cream Sandwich),,,Dual-core 1.0 GHz,,,,,,,3.15,1,,No,,No,,Yes,,No,,,Wi-Fi 802.11 b/g/n,No,,Micro-USB,Yes,No,Gyro,1400,,,No,,,,,,,,,,,White,,,0.42 W/kg (head) 0.35 W/kg (body),
Celkon,Celkon A20,https://www.gsmarena.com/celkon_a20-5627.php,https://fdn2.gsmarena.com/vv/bigpic/celkon-a20.jpg,GSM / HSPA,No,"2013, August. Released 2013, August",Discontinued,-,,,,Dual SIM (Mini-SIM),TFT,,4.0,480x800,233,,,Android 4.2.0 (Jelly Bean),,,Dual-core 1.2 GHz,,,,,,,3.15,1,,No,,No,,Yes,,No,,,Wi-Fi 802.11 b/g/n,No,,Micro-USB,Yes,No,"Proximity, gyro",1500,,,No,,,60.0,,,,,,,,Black,,,0.88 W/kg (head) 0.60 W/kg (body),
Celkon,Celkon A10,https://www.gsmarena.com/celkon_a10-5626.php,https://fdn2.gsmarena.com/vv/bigpic/celkon-a10.jpg,GSM / HSPA,No,"2013, August. Released 2013, August",Discontinued,-,,,,Dual SIM (Mini-SIM),TFT,,3.5,320x400,165,,,Android 4.2.0 (Jelly Bean),,,Dual-core 1.0 GHz,,,,,,,1.3,1,,No,,No,,Yes,,No,,,Wi-Fi 802.11 b/g/n,No,,Micro-USB,Yes,No,Gyro,1500,,,No,,,50.0,,,,,,,,Black,,,,
Celkon,Celkon C5050 Star,https://www.gsmarena.com/celkon_c5050_star-5622.php,https://fdn2.gsmarena.com/vv/bigpic/celkon-c5050.jpg,GSM,No,"2013, August. Released 2013, August",Discontinued,-,,,,Dual SIM (Mini-SIM),TFT,,2.8,240x320,143,,,,,,,,,,,,,1.3,1,,No,,No,,Yes,,No,,,No,No,,Proprietary,Yes,No,,1000,,,No,,,,,,,,,,,Black,,,0.61 W/kg (head) 0.92 W/kg (body),Stereo FM radio
Celkon,Celkon C7030,https://www.gsmarena.com/celkon_c7030-5621.php,https://fdn2.gsmarena.com/vv/bigpic/celkon-c7030.jpg,GSM,No,"2013, August. Released 2013, August",Discontinued,112 x 60 x 11.8 mm (4.41 x 2.36 x 0.46 in),95.0,,,"Dual SIM (Mini-SIM, dual stand-by)",TFT,,3.2,320x480,180,45.4,,,,,,,,,,,,1.3,1,,No,,No,,Yes,,No,,,No,No,,Proprietary,Yes,No,,1200,,,No,,,,,,,,,,,Black,,,0.65 W/kg (head) 0.64 W/kg (body),FM radio
Celkon,Celkon A105,https://www.gsmarena.com/celkon_a105-5619.php,https://fdn2.gsmarena.com/vv/bigpic/celkon-a105.jpg,GSM,No,"2013, August. Released 2013, August",Discontinued,-,,,,Dual SIM (Mini-SIM),TFT,,5.0,480x800,187,,,Android 4.0.4 (Ice Cream Sandwich),Mediatek MT6517A,,Dual-core 1.0 GHz Cortex-A9,PowerVR SGX531u,,,,,,5.0,1,,No,,No,,Yes,,No,,,Wi-Fi 802.11 b/g/n,No,,Micro-USB,Yes,No,"Accelerometer, proximity",2100,,,No,,,,,,,,,,,"Black, White",,,0.80 W/kg (head) 0.98 W/kg (body),FM radio
Celkon,Celkon C349i,https://www.gsmarena.com/celkon_c349i-5618.php,https://fdn2.gsmarena.com/vv/bigpic/celkon-c349i.jpg,GSM,No,"2013, August. Released 2013, August",Discontinued,-,,,,"Dual SIM (Mini-SIM, dual stand-by)",TFT,,1.8,128x160,114,,,,,,,,,,,,,,1,,No,,No,,Yes,,No,,,No,No,,Proprietary,,No,,900,,,No,,,10.0,,,,,,,,Black,,,0.49 W/kg (head) 0.53 W/kg (body),FM radio
Celkon,Celkon C297,https://www.gsmarena.com/celkon_c297-5617.php,https://fdn2.gsmarena.com/vv/bigpic/celkon-c297-1.jpg,GSM,No,"2013, August. Released 2013, August",Discontinued,-,,,,"Dual SIM (Mini-SIM, dual stand-by)",TFT,,2.4,240x320,167,,,,,,,,,,,,,1.3,1,,No,,No,,Yes,,No,,,No,No,,Proprietary,,No,,1000,,,No,,,,,,,,,,,Black,,,0.78 W/kg (head) 0.32 W/kg (body),FM radio
Celkon,Celkon C69,https://www.gsmarena.com/celkon_c69-5616.php,https://fdn2.gsmarena.com/vv/bigpic/celkon-c69.jpg,GSM,No,"2013, August. Released 2013, August",Discontinued,-,,,,"Dual SIM (Mini-SIM, dual stand-by)",TFT,,2.4,240x320,167,,,,,,,,,,,,,,1,,No,,No,,Yes,,No,,,No,No,,Proprietary,,No,,1600,,,No,,,,,,,,,,,Black,,,0.79 W/kg (head) 0.93 W/kg (body),FM radio
Celkon,Celkon C67+,https://www.gsmarena.com/celkon_c67+-5615.php,https://fdn2.gsmarena.com/vv/bigpic/celkon-c67plus.jpg,GSM,No,"2013, August. Released 2013, August",Discontinued,-,,,,"Dual SIM (Mini-SIM, dual stand-by)",TFT,,2.4,240x320,167,,,,,,,,,,,,,,1,,No,,No,,Yes,,No,,,No,No,,Proprietary,,No,,1500,,,No,,,,,,,,,,,Black,,,0.78 W/kg (head) 0.32 W/kg (body),FM radio
Celkon,Celkon C74,https://www.gsmarena.com/celkon_c74-5614.php,https://fdn2.gsmarena.com/vv/bigpic/celkon-c74.jpg,GSM,No,"2013, August. Released 2013, August",Discontinued,-,,,,"Dual SIM (Mini-SIM, dual stand-by)",TFT,,2.8,240x320,143,,,,,,,,,,,,,1.3,1,,No,,No,,Yes,,No,,,No,No,,Proprietary,Yes,No,,1100,,,No,,,,,,,,,,,Black,,,1.23 W/kg (head) 0.62 W/kg (body),FM radio
Celkon,Celkon CT-910+,https://www.gsmarena.com/celkon_ct_910+-5557.php,https://fdn2.gsmarena.com/vv/bigpic/celkon-ct910-plus.jpg,GSM / HSPA,No,"2013, July. Released 2013, July",Discontinued,193 x 123 x 9 mm (7.60 x 4.84 x 0.35 in),180.0,,,Yes,TFT,,7.0,600x1024,170,58.1,,Android 4.1 (Jelly Bean),,,Dual-core 1.0 GHz,,,,,,,2.0,1,,No,,No,,Yes,,No,,,Wi-Fi 802.11 b/g/n,No,,Proprietary,Yes,GPS,"Accelerometer, proximity",3500,,,No,,,,,,,,,,,Gray,,,,FM radio
Celkon,Celkon A118,https://www.gsmarena.com/celkon_a118-5545.php,https://fdn2.gsmarena.com/vv/bigpic/celkon-a118.jpg,GSM / HSPA,No,"2013, May. Released 2013, May",Discontinued,147 x 73.4 x 9 mm (5.79 x 2.89 x 0.35 in),,,,Dual SIM,IPS LCD,,5.0,720x1280,294,63.9,,Android 4.2.1 (Jelly Bean),Mediatek MT6589 (28 nm),28,Quad-core 1.2 GHz Cortex-A7,PowerVR SGX544,1,1,4,4,,8.0,1,,No,,No,LED flash,Yes,3.0,No,,,"Wi-Fi 802.11 b/g/n, hotspot",No,,Micro-USB,Yes,GPS,"Accelerometer, proximity",2000,,,No,,,,,,,,,,,White,,,0.61 W/kg (head) 0.58 W/kg (body),FM radio
Celkon,Celkon A107,https://www.gsmarena.com/celkon_a107-5504.php,https://fdn2.gsmarena.com/vv/bigpic/celkon-a107.jpg,GSM,No,"2013, March. Released 2013, April",Discontinued,148 x 77 x 9.6 mm (5.83 x 3.03 x 0.38 in),,,,Dual SIM (Mini-SIM),TFT,,5.0,480x800,187,62.4,,Android 4.0 (Ice Cream Sandwich),Mediatek MT6517A,,Dual-core 1.0 GHz Cortex-A9,PowerVR SGX531u,,,,,,8.0,1,,No,,No,,Yes,1.3,No,,,Wi-Fi 802.11 b/g/n,No,,Micro-USB,Yes,No,"Accelerometer, proximity",2100,,,No,,,,,,,,,,,"Black, White",,,0.67 W/kg (head) 0.60 W/kg (body),FM radio
Celkon,Celkon A9+,https://www.gsmarena.com/celkon_a9+-5503.php,https://fdn2.gsmarena.com/vv/bigpic/celkon-a9-plus.jpg,GSM,No,"2013, April. Released 2013, May",Discontinued,119.5 x 63 x 10.8 mm (4.70 x 2.48 x 0.43 in),,,,Dual SIM (Mini-SIM),TFT,,3.5,320x480,165,48.5,,Android 4.0 (Ice Cream Sandwich),Spreadtrum SC6820,,1.0 GHz,,,,,,,2.0,1,,No,,No,,Yes,,No,,,Wi-Fi 802.11 b/g/n,No,,Micro-USB,Yes,No,Accelerometer,1350,,,No,,,,,,,,,,,"Black, White",,,0.61 W/kg (head) 0.69 W/kg (body),FM radio
Celkon,Celkon A119Q Signature HD,https://www.gsmarena.com/celkon_a119q_signature_hd-5448.php,https://fdn2.gsmarena.com/vv/bigpic/celkon-a119q.jpg,GSM / HSPA,No,"2013, April. Released 2013, April",Discontinued,148 x 74.5 x 9.3 mm (5.83 x 2.93 x 0.37 in),177.0,,,Dual SIM (Mini-SIM),TFT,,5.0,720x1280,294,62.5,,Android 4.2.1 (Jelly Bean),Mediatek MT6589 (28 nm),28,Quad-core 1.2 GHz Cortex-A7,PowerVR SGX544,1,1,1,45,,12.0,1,,No,,No,LED flash,Yes,3.0,No,,,"Wi-Fi 802.11 b/g/n, hotspot",No,4.0,Micro-USB,Yes,GPS,"Accelerometer, proximity, compass",2100,,,No,,,,,,,,,,,"Black, White",,0.80 W/kg (head) 0.81 W/kg (body),0.39 W/kg (head) 0.35 W/kg (body),FM radio
Celkon,Celkon A119 Signature HD,https://www.gsmarena.com/celkon_a119_signature_hd-5387.php,https://fdn2.gsmarena.com/vv/bigpic/celkon-a1191.jpg,GSM / HSPA,No,"2013, March. Released 2013, March",Discontinued,148 x 74.5 x 9.3 mm (5.83 x 2.93 x 0.37 in),177.0,,,Dual SIM (Mini-SIM),TFT,,5.0,720x1280,294,62.5,,Android 4.1 (Jelly Bean),Mediatek MT6577H (40 nm),40,Dual-core 1.0 GHz Cortex-A9,PowerVR SGX531u,1,1,1,45,,12.0,1,,No,,No,LED flash,Yes,3.0,No,,,"Wi-Fi 802.11 b/g/n, hotspot",No,4.0,Micro-USB,Yes,GPS,"Accelerometer, proximity",2100,,,No,,,200.0,,,,,,,,"Black, White",,0.80 W/kg (head) 0.81 W/kg (body),0.39 W/kg (head) 0.35 W/kg (body),FM radio
Celkon,Celkon CT-910,https://www.gsmarena.com/celkon_ct_910-5370.php,https://fdn2.gsmarena.com/vv/bigpic/celkon-ct-910.jpg,GSM / HSPA,No,"2013, March. Released 2013, March",Discontinued,-,,,,Mini-SIM,TFT,,7.0,480x800,133,,,Android 4.0.4 (Ice Cream Sandwich),Qualcomm MSM7227A Snapdragon S1,,1.0 GHz Cortex-A5,Adreno 200,,,4,4,,2.0,1,,No,,No,,Yes,,No,,,Wi-Fi 802.11 b/g/n,No,,Proprietary,Yes,GPS,Accelerometer,3500,,,No,,,,,,,,,,,Gray,,,,No
Celkon,Celkon A87,https://www.gsmarena.com/celkon_a87-5369.php,https://fdn2.gsmarena.com/vv/bigpic/celkon-a87.jpg,GSM,No,"2013, January. Released 2013, January",Discontinued,-,,,,Dual SIM (Mini-SIM),TFT,,4.0,480x800,233,,,Android 2.3.6 (Gingerbread),Spreadtrum 6820,,1.0 GHz,,,,,,,5.0,1,,No,,No,,Yes,,No,,,"Wi-Fi 802.11 b/g/n, hotspot",No,,Proprietary,Yes,No,Accelerometer,1450,,,No,,,70.0,,,,,,,,"Black, White",,,,FM radio
Celkon,Celkon A86,https://www.gsmarena.com/celkon_a86-5368.php,https://fdn2.gsmarena.com/vv/bigpic/celkon-a86.jpg,GSM,No,"2013, March. Released 2013, March",Discontinued,-,,,,Dual SIM (Mini-SIM),TFT,,3.5,320x480,165,,,Android 2.3.6 (Gingerbread),Mediatek MT6515M,,1.0 GHz Cortex-A9,PowerVR SGX531,,,,,,3.15,1,,No,,No,,Yes,,No,,,Wi-Fi 802.11 b/g/n,No,,Proprietary,Yes,No,"Accelerometer, proximity",1400,,,No,,,,,,,,,,,"Black, White",,,,FM radio
Celkon,Celkon A69,https://www.gsmarena.com/celkon_a69-5367.php,https://fdn2.gsmarena.com/vv/bigpic/celkon-a69.jpg,GSM,No,"2013, March. Released 2013, March",Discontinued,-,,,,Dual SIM (Mini-SIM),TFT,,4.0,480x800,233,,,Android 2.3.6 (Gingerbread),Spreadtrum 6820,,1.0 GHz,,,,,,,5.0,1,,No,,No,LED flash,Yes,,No,,,"Wi-Fi 802.11 b/g/n, hotspot",No,,Proprietary,Yes,No,Accelerometer,1500,,,No,,,,,,,,,,,"Black, White",,,,FM radio
Celkon,Celkon A67,https://www.gsmarena.com/celkon_a67-5366.php,https://fdn2.gsmarena.com/vv/bigpic/celkon-a67.jpg,GSM / HSPA,No,"2013, March. Released 2013, March",Discontinued,-,,,,Dual SIM (Mini-SIM),TFT,,3.2,320x480,180,,,Android 4.0 (Ice Cream Sandwich),Qualcomm MSM8225 Snapdragon S4 Play,,Dual-core 1.0 GHz Cortex-A5,Adreno 203,,,,,,2.0,1,,No,,No,,Yes,,No,,,Wi-Fi 802.11 b/g/n,No,,Proprietary,Yes,No,Accelerometer,1350,,,No,,,,,,,,,,,"Black, White",,,,FM radio
Celkon,Celkon A98,https://www.gsmarena.com/celkon_a98-5309.php,https://fdn2.gsmarena.com/vv/bigpic/celkon-a98.jpg,GSM / HSPA,No,2013. Released 2013,Discontinued,-,,,,Dual SIM (Mini-SIM),TFT,,4.0,480x800,233,,,Android 4.0 (Ice Cream Sandwich),,,1.0 GHz,,,,,,,3.15,1,,No,,No,,Yes,,No,,,Wi-Fi 802.11 b/g/n,No,,Proprietary,Yes,No,Accelerometer,1800,,,No,,,,,,,,,,,Black,,,,FM radio
Celkon,Celkon A225,https://www.gsmarena.com/celkon_a225-5308.php,https://fdn2.gsmarena.com/vv/bigpic/celkon-a225.jpg,GSM / HSPA,No,2013. Released 2013,Discontinued,-,,,,Dual SIM (Mini-SIM),TFT,,4.7,480x854,208,,,Android 4.1 (Jelly Bean),Mediatek MT6577 (40 nm),40,Dual-core 1.0 GHz Cortex-A9,PowerVR SGX531u,,,,,,8.0,1,,No,,No,,Yes,,No,,,Wi-Fi 802.11 b/g/n,No,,Proprietary,,GPS,Accelerometer,2100,,,No,,,140.0,,,,,,,,Black,,,,FM radio
Celkon,Celkon C7050,https://www.gsmarena.com/celkon_c7050-5307.php,https://fdn2.gsmarena.com/vv/bigpic/celkon-c7050.jpg,GSM,No,2013. Released 2013,Discontinued,-,,,,Dual SIM (Mini-SIM),TFT,,4.0,320x480,144,,,,,,,,,,,,,2.0,1,,No,,No,,Yes,,No,,,Wi-Fi 802.11 b/g/n,No,,Proprietary,Yes,No,,1200,,,No,,,40.0,,,,,,,,Black,,,,FM radio
Celkon,Celkon C7070,https://www.gsmarena.com/celkon_c7070-5306.php,https://fdn2.gsmarena.com/vv/bigpic/celkon-c7070.jpg,GSM,No,2013. Released 2013,Discontinued,-,,,,Dual SIM (Mini-SIM),TFT,,3.5,320x480,165,,,,,,,,,,,,,2.0,1,,No,,No,,Yes,,No,,,Wi-Fi 802.11 b/g/n,No,,Proprietary,Yes,No,,1200,,,No,,,40.0,,,,,,,,Black,,,,FM radio
Celkon,Celkon C44 Star,https://www.gsmarena.com/celkon_c44_star-5305.php,https://fdn2.gsmarena.com/vv/bigpic/celkon-c44-star.jpg,GSM,No,2013. Released 2013,Discontinued,-,,,,Dual SIM (Mini-SIM),TFT,,2.4,240x320,167,,,,,,,,,,,,,1.3,1,,No,,No,,Yes,,No,,,No,No,,Proprietary,Yes,No,,1800,,,No,,,20.0,,,,,,,,Black,,,,FM radio
Celkon,Celkon C54,https://www.gsmarena.com/celkon_c54-5304.php,https://fdn2.gsmarena.com/vv/bigpic/celkon-c54.jpg,GSM,No,2013. Released 2013,Discontinued,-,,,,Dual SIM (Mini-SIM),TFT,,2.4,240x320,167,,,,,,,,,,,,,1.3,1,,No,,No,,Yes,,No,,,No,No,,Proprietary,Yes,No,,1500,,,No,,,30.0,,,,,,,,Black,,,,FM radio
Celkon,Celkon GC10,https://www.gsmarena.com/celkon_gc10-5303.php,https://fdn2.gsmarena.com/vv/bigpic/celkon-gc10.jpg,GSM / CDMA,No,2013. Released 2013,Discontinued,-,,,,Dual SIM (Mini-SIM),TFT,,2.6,240x320,154,,,,,,,,,,,,,1.3,1,,No,,No,,Yes,,No,,,No,No,,Proprietary,Yes,No,,1000,,,No,,,40.0,,,,,,,,Black,,,,FM radio
Celkon,Celkon C3333,https://www.gsmarena.com/celkon_c3333-5290.php,https://fdn2.gsmarena.com/vv/bigpic/celkon-c3333.jpg,GSM,No,"2013, February. Released 2013, February",Discontinued,-,,,,Dual SIM (Mini-SIM),TFT,,2.6,240x320,154,,,,,,,,,,,,,1.3,1,,No,,No,,No,,No,,,No,No,,Proprietary,Yes,No,,3000,,,No,,,30.0,,,,,,,,"Black/Red, Gray",,,,FM radio; built-in antenna
Celkon,Celkon C356,https://www.gsmarena.com/celkon_c356-5289.php,https://fdn2.gsmarena.com/vv/bigpic/celkon-c356.jpg,GSM,No,"2013, February. Released 2013, February",Discontinued,-,,,,Dual SIM (Mini-SIM),TFT,,1.8,176x220,157,,,,,,,,,,,,,,1,,No,,No,,No,,No,,,No,No,,Proprietary,,No,,1100,,,No,,,10.0,,,,,,,,"Black/Red, Black/Yellow, White",,,,FM radio
Celkon,Celkon C355,https://www.gsmarena.com/celkon_c355-5288.php,https://fdn2.gsmarena.com/vv/bigpic/celkon-c355.jpg,GSM,No,"2013, February. Released 2013, February",Discontinued,-,,,,Dual SIM (Mini-SIM),TFT,,1.77,128x160,116,,,,,,,,,,,,,,1,,No,,No,,No,,No,,,No,No,,Proprietary,,No,,1100,,,No,,,10.0,,,,,,,,"Black/Red, Black/Yellow, Black/Silver",,,,No
Celkon,Celkon A75,https://www.gsmarena.com/celkon_a75-5287.php,https://fdn2.gsmarena.com/vv/bigpic/celkon-a75.jpg,GSM,No,"2013, February. Released 2013, February",Discontinued,-,,,,Dual SIM (Mini-SIM),TFT,,3.5,320x480,165,,,Android 2.3.5 (Gingerbread),,,1.0 GHz,,,,,,,2.0,1,,No,,No,,Yes,,No,,,Wi-Fi 802.11 b/g/n,No,,Proprietary,,No,Accelerometer,1400,,,No,,,,,,,,,,,"Black, White",,,,FM radio
Celkon,Celkon A59,https://www.gsmarena.com/celkon_a59-5286.php,https://fdn2.gsmarena.com/vv/bigpic/celkon-a59.jpg,GSM,No,"2013, February. Released 2013, February",Discontinued,-,,,,Dual SIM (Mini-SIM),TFT,,4.0,320x480,144,,,Android 2.3.6 (Gingerbread),,,1.0 GHz,,,,,,,2.0,1,,No,,No,,Yes,,No,,,Wi-Fi 802.11 b/g/n,No,,Proprietary,,No,Accelerometer,1400,,,No,,,,,,,,,,,"Black, White",,,,FM radio
Celkon,Celkon A220,https://www.gsmarena.com/celkon_a220-5285.php,https://fdn2.gsmarena.com/vv/bigpic/celkon-a220.jpg,GSM / HSPA,No,"2013, February. Released 2013, February",Discontinued,-,,,,Dual SIM (Mini-SIM),TFT,,4.63,480x853,211,,,Android 4.0 (Ice Cream Sandwich),,,1.0 GHz,,,,,,,5.0,1,,No,,No,,Yes,,No,,,Wi-Fi 802.11 b/g/n,No,,Proprietary,,GPS,Accelerometer,2000,,,No,,,120.0,,,,,,,,"Black, Gray",,,,FM radio
Celkon,Celkon A27,https://www.gsmarena.com/celkon_a27-5284.php,https://fdn2.gsmarena.com/vv/bigpic/celkon-a27.jpg,GSM / HSPA,No,"2013, February. Released 2013, February",Discontinued,-,,,,Dual SIM (Mini-SIM),TFT,,4.63,480x853,211,,,Android 4.0 (Ice Cream Sandwich),,,1.0 GHz,,,,,,,8.0,1,,No,,No,,Yes,,No,,,Wi-Fi 802.11 b/g/n,No,,Proprietary,,GPS,Accelerometer,1800,,,No,,,130.0,,,,,,,,"Blue, Black, White",,,,FM radio
Celkon,Celkon A79,https://www.gsmarena.com/celkon_a79-5264.php,https://fdn2.gsmarena.com/vv/bigpic/celkon-a79.jpg,GSM / HSPA,No,"2013, January. Released 2013, January",Discontinued,115 x 62 x 13 mm (4.53 x 2.44 x 0.51 in),98.0,,,Dual SIM (Mini-SIM),TFT,,3.5,320x420,151,53.4,,Android 2.3.5 (Gingerbread),,,Dual-core 1.0 GHz,,,,,,,3.15,1,,No,,No,,Yes,,No,,,Wi-Fi 802.11 b/g/n,No,,Micro-USB,Yes,GPS,Accelerometer,1300,,,No,,,70.0,,,,,,,,Black,,,,FM radio
Celkon,Celkon A83,https://www.gsmarena.com/celkon_a83-5259.php,https://fdn2.gsmarena.com/vv/bigpic/celkon-a83.jpg,GSM,No,"2012, December. Released 2012, December",Discontinued,113.9 x 63.4 x 14.4 mm (4.48 x 2.50 x 0.57 in),103.0,,,Dual SIM (Mini-SIM),TFT,,3.2,320x420,165,44.1,,Android 2.3 (Gingerbread),,,1.0 GHz,,,,,,,2.0,1,,No,,No,,Yes,,No,,,Wi-Fi 802.11 b/g/n,No,,Micro-USB,Yes,No,Accelerometer,1450,,,No,,,50.0,,,,,,,,"White, Black",,,,Stereo FM radio
Celkon,Celkon A77,https://www.gsmarena.com/celkon_a77-5258.php,https://fdn2.gsmarena.com/vv/bigpic/celkon-a77.jpg,GSM,No,"2012, December. Released 2012, December",Discontinued,118 x 61 x 13.5 mm (4.65 x 2.40 x 0.53 in),104.0,,,Dual SIM (Mini-SIM),TFT,,3.5,320x420,151,52.9,,Android 2.3 (Gingerbread),,,1.0 GHz,,,,,,,2.0,1,,No,,No,,Yes,,No,,,Wi-Fi 802.11 b/g/n,No,,Micro-USB,Yes,No,Accelerometer,1300,,,No,,,50.0,,,,,,,,"White, Black",,,,Stereo FM radio
Celkon,Celkon CT 9,https://www.gsmarena.com/celkon_ct_9-5158.php,https://fdn2.gsmarena.com/vv/bigpic/celkon-ct9.jpg,No cellular connectivity,No,"2012, December. Released 2012, December",Discontinued,239 x 146 x 13 mm (9.41 x 5.75 x 0.51 in),450.0,,,No,TFT,,9.0,480x800,104,66.1,,Android 4.0 (Ice Cream Sandwich),,,1.2 GHz Cortex-A9,,,,,,,,1,,No,,No,,Yes,,No,,,Wi-Fi 802.11 b/g,No,,Proprietary,Yes,No,Accelerometer,5000,,,No,,,100.0,,,,,,,,White/Black,,,,No
Celkon,Celkon A200,https://www.gsmarena.com/celkon_a200-5157.php,https://fdn2.gsmarena.com/vv/bigpic/celkon-A200.jpg,GSM / HSPA,No,"2012, December. Released 2012, December",Discontinued,130 x 66.6 x 10.8 mm (5.12 x 2.62 x 0.43 in),147.0,,,Dual SIM (Mini-SIM),TFT,,4.3,480x800,217,60.8,,Android 4.0 (Ice Cream Sandwich),,,Dual-core 1.0 GHz,,,,,,,5.0,1,,No,,No,,Yes,,No,,,Wi-Fi 802.11 b/g/n,No,,Micro-USB,Yes,GPS,"Accelerometer, proximity",1500,,,No,,,120.0,,,,,,,,"Black, White",,,,Stereo FM radio
Celkon,Celkon C19,https://www.gsmarena.com/celkon_c19-5156.php,https://fdn2.gsmarena.com/vv/bigpic/celkon-c19.jpg,GSM,No,"2012, December. Released 2012, December",Discontinued,121.5 x 52.2 x 11.5 mm (4.78 x 2.06 x 0.45 in),85.0,,,Dual SIM (Mini-SIM),TFT,,2.4,240x320,167,28.1,,,,,,,,,,,,1.3,1,,No,,No,,Yes,,No,,,No,No,,Proprietary,Yes,No,,1400,,,No,,,,,,,,,,,"Black/Gray, White/Red",,,,"Stereo FM radio, recording"
Celkon,Celkon A900,https://www.gsmarena.com/celkon_a900-5099.php,https://fdn2.gsmarena.com/vv/bigpic/celkon-a900.jpg,GSM / HSPA,No,"2012, November. Released 2012, November",Discontinued,152.8 x 81.7 x 10.2 mm (6.02 x 3.22 x 0.40 in),185.0,,,Dual SIM (Mini-SIM),TFT,,5.0,480x800,187,57.0,,Android 2.3.6 (Gingerbread),,,1.0 GHz,,,,,,,5.0,1,,No,,No,,Yes,,No,,,Wi-Fi 802.11 b/g/n,No,,Micro-USB,Yes,GPS,Accelerometer,2000,,,No,,,120.0,,,,,,,,Black,,,,FM radio
Celkon,Celkon A85,https://www.gsmarena.com/celkon_a85-5098.php,https://fdn2.gsmarena.com/vv/bigpic/celkon-a85.jpg,GSM,No,"2012, October. Released 2012, October",Discontinued,110 x 56 x 8 mm (4.33 x 2.20 x 0.31 in),125.0,,,Dual SIM (Mini-SIM),TFT,,3.5,320x480,165,59.2,,Android 2.3.9 (Gingerbread),,,1.0 GHz,,,,,,,3.15,1,,No,,No,,Yes,,No,,,Wi-Fi 802.11 b/g/n,No,,Micro-USB,Yes,No,"Accelerometer, proximity",1200,,,No,,,60.0,,,,,,,,White,,,,Stereo FM radio
Celkon,Celkon A22,https://www.gsmarena.com/celkon_a22-5097.php,https://fdn2.gsmarena.com/vv/bigpic/celkon-a22.jpg,GSM / HSPA,No,"2012, September. Released 2012, September",Discontinued,131 x 67 x 9.9 mm (5.16 x 2.64 x 0.39 in),145.0,,,Dual SIM (Mini-SIM),TFT,,4.5,540x960,245,63.6,,Android 4.0.4 (Ice Cream Sandwich),,,Dual-core 1.0 GHz,,,,,,,8.0,1,,No,,No,LED flash,Yes,,No,,,Wi-Fi 802.11 b/g/n,No,,Micro-USB,Yes,GPS,Accelerometer,2000,,,No,,,130.0,,,,,,,,White,,,,FM radio
Celkon,Celkon CT 2,https://www.gsmarena.com/celkon_ct_2-5031.php,https://fdn2.gsmarena.com/vv/bigpic/celkon-ct2.jpg,GSM,No,"2012, September. Released 2012, Q4",Discontinued,194 x 120 x 11.6 mm (7.64 x 4.72 x 0.46 in),,,,Mini-SIM,TFT,,7.0,480x800,133,59.9,,Android 4.0 (Ice Cream Sandwich),,,1.0 GHz Cortex-A8,,,,,,,,1,,No,,No,,Yes,,No,,,Wi-Fi 802.11 b/g,No,,Proprietary,Yes,GPS,Accelerometer,3000,,,No,,,100.0,,,,,,,,Black,,,,No
Celkon,Celkon C52,https://www.gsmarena.com/celkon_c52-5030.php,https://fdn2.gsmarena.com/vv/bigpic/celkon-c52.jpg,GSM,No,"2012, September. Released 2012, Q4",Discontinued,118.1 x 50.5 x 12.7 mm (4.65 x 1.99 x 0.5 in),,,,Dual SIM (Mini-SIM),TFT,,2.4,240x320,167,29.9,,,,,,,,,,,,1.3,1,,No,,No,,Yes,,No,,,No,No,,Proprietary,Yes,No,,1000,,,No,,,30.0,,,,,,,,White/Red,,,,Wireless FM radio (no wired headphones required)
Celkon,Celkon C9 Star,https://www.gsmarena.com/celkon_c9_star-5029.php,https://fdn2.gsmarena.com/vv/bigpic/celkon-c9-star.jpg,GSM,No,"2012, September. Released 2012, October",Discontinued,114.3 x 48.8 x 15.6 mm (4.5 x 1.92 x 0.61 in),,,,Dual SIM (Mini-SIM),TFT,,2.4,240x320,167,32.0,,,,,,,,,,,,1.3,1,,No,,No,,Yes,,No,,,No,No,,Proprietary,Yes,No,,1800,,,No,,,20.0,,,,,,,,"Black/Red, Black/Green",,,,Wireless FM radio (no wired headphones required)
Celkon,Celkon A89,https://www.gsmarena.com/celkon_a89-5028.php,https://fdn2.gsmarena.com/vv/bigpic/celkon-a-89.jpg,GSM / HSPA,No,"2012, September. Released 2012, Q4",Discontinued,-,,,,Dual SIM (Mini-SIM),TFT,,3.5,320x480,,,,Android 2.3.6 (Gingerbread),,,1.0 GHz,,,,,,,3.15,1,,No,,No,,Yes,,No,,,Wi-Fi 802.11 b/g/n,No,,Micro-USB,Yes,GPS,"Accelerometer, proximity",1400,,,No,,,70.0,,,,,,,,Black,,,,Stereo FM radio
Celkon,Celkon CT 1,https://www.gsmarena.com/celkon_ct_1-4989.php,https://fdn2.gsmarena.com/vv/bigpic/celkon-ct1.jpg,No cellular connectivity,No,"2012, August. Released 2012, August",Discontinued,196 x 114 x 14 mm (7.72 x 4.49 x 0.55 in),,,,No,TFT,,7.0,480x800,133,62.4,,Android 4.0.4 (Ice Cream Sandwich),,,1.2 GHz Cortex-A8,,,,,,,2.0,1,,No,,No,,Yes,,No,,,Wi-Fi 802.11 b/g,,,Proprietary,Yes,GPS,Accelerometer,3000,,,No,,,,,,,,,,,"Black, Red",,,,No
Celkon,Celkon C24,https://www.gsmarena.com/celkon_c24-4988.php,https://fdn2.gsmarena.com/vv/bigpic/celkon-c24.jpg,GSM,No,"2012, August. Released 2012, August",Discontinued,123 x 52 x 14.8 mm (4.84 x 2.05 x 0.58 in),,,,Dual SIM (Mini-SIM),TFT,,2.4,240x320,167,27.9,,,,,,,,,,,,1.3,1,,No,,No,,Yes,,No,,,No,,,Proprietary,No,No,,1800,,,No,,,,,,,,,,,Black,,,,"FM radio, recording"
Celkon,Celkon C3000,https://www.gsmarena.com/celkon_c3000-4987.php,https://fdn2.gsmarena.com/vv/bigpic/celkon-c3000.jpg,GSM,No,"2012, August. Released 2012, August",Discontinued,118.7 x 52.7 x 16.5 mm (4.67 x 2.07 x 0.65 in),,,,Dual SIM (Mini-SIM),TFT,,2.4,240x320,167,28.5,,,,,,,,,,,,1.3,1,,No,,No,,Yes,,No,,,No,,,Proprietary,No,No,,3000,,,No,,,,,,,,,,,"Black, White/green",,,,Wireless FM radio (no wired headphones required)
Celkon,Celkon A97i,https://www.gsmarena.com/celkon_a97i-4986.php,https://fdn2.gsmarena.com/vv/bigpic/celkon-a97i-new.jpg,GSM / HSPA,No,"2012, August. Released 2012, August",Discontinued,124 x 64 x 11 mm (4.88 x 2.52 x 0.43 in),139.0,,,Dual SIM (Mini-SIM),TFT,,4.0,480x800,233,57.4,,Android 4.0 (Ice Cream Sandwich),,,1.0 GHz Cortex-A9,,,,,,,8.0,1,,No,,No,,Yes,,No,,,Wi-Fi 802.11 b/g/n,,,Micro-USB,Yes,GPS,Accelerometer,1500,,,No,,,100.0,,,,,,,,"Black, White",,,,Stereo FM radio
Celkon,Celkon A19,https://www.gsmarena.com/celkon_a19-4907.php,https://fdn2.gsmarena.com/vv/bigpic/celkon-a19.jpg,GSM / HSPA,No,"2012, July. Released 2012, July",Discontinued,124 x 68 x 10.8 mm (4.88 x 2.68 x 0.43 in),110.0,,,Dual SIM (Mini-SIM),TFT,,4.0,480x800,233,54.0,,Android 2.3.7 (Gingerbread),,,832 MHz,,,,,,,5.0,1,,No,,No,LED flash,Yes,,No,,,Wi-Fi 802.11 b/g/n,,,Micro-USB,Yes,GPS,"Accelerometer, proximity",1400,,,No,,,130.0,,,,,,,,Black,,,,Stereo FM radio
Celkon,Celkon C607,https://www.gsmarena.com/celkon_c607-4906.php,https://fdn2.gsmarena.com/vv/bigpic/celkon-c607.jpg,GSM,No,"2012, July. Released 2012, July",Discontinued,110.1 x 46 x 16 mm (4.33 x 1.81 x 0.63 in),70.0,,,Dual SIM (Mini-SIM),TFT,,1.8,128x160,114,20.1,,,,,,,,,,,,,1,,No,,No,,Yes,,No,,,No,,,Proprietary,,No,,1800,,,No,,,,,,,,,,,Black/Red,,,,Stereo FM radio
Celkon,Celkon C262,https://www.gsmarena.com/celkon_c262-4905.php,https://fdn2.gsmarena.com/vv/bigpic/celkon-c262.jpg,GSM,No,"2012, July. Released 2012, July",Discontinued,118 x 53 x 13 mm (4.65 x 2.09 x 0.51 in),90.0,,,Dual SIM (Mini-SIM),TFT,,2.6,240x320,154,33.5,,,,,,,,,,,,1.3,1,,No,,No,,Yes,,No,,,No,,,Proprietary,Yes,No,,1500,,,No,,,,,,,,,,,Black/Red,,,,Stereo FM radio
Celkon,Celkon C360,https://www.gsmarena.com/celkon_c360-4879.php,https://fdn2.gsmarena.com/vv/bigpic/celkon-c360.jpg,GSM,No,2012,Discontinued,119.5 x 54 x 13.9 mm (4.70 x 2.13 x 0.55 in),,,,Dual SIM (Mini-SIM),TFT,,2.6,240x320,154,32.4,,,,,,,,,,,,1.3,1,,No,,No,,Yes,,No,,,No,,2.0,Micro-USB,Yes,No,,1500,,,No,,,,,,,,,,,Black/Red,,,,Wireless FM radio (no wired headphones required)
Celkon,Celkon C359,https://www.gsmarena.com/celkon_c359-4877.php,https://fdn2.gsmarena.com/vv/bigpic/celkon-c359.jpg,GSM,No,2012,Discontinued,-,,,,Dual SIM (Mini-SIM),TFT,,1.8,176x220,157,,,,,,,,,,,,,,1,,No,,No,,Yes,,No,,,No,,2.0,Micro-USB,No,No,,950,,,No,,,,,,,,,,,Black/Red,,,,Stereo FM radio
Celkon,Celkon C350,https://www.gsmarena.com/celkon_c350-4878.php,https://fdn2.gsmarena.com/vv/bigpic/celkon-c350.jpg,GSM,No,2012,Discontinued,106 x 44 x 14.5 mm (4.17 x 1.73 x 0.57 in),,,,Dual SIM (Mini-SIM),TFT,,1.8,128x160,114,21.9,,,,,,,,,,,,1.3,1,,No,,No,,Yes,,No,,,No,,2.0,Micro-USB,No,No,,1000,,,No,,,,,,,,,,,Black/Red,,,,Wireless FM radio (no wired headphones required)
Celkon,Celkon A97,https://www.gsmarena.com/celkon_a97-4823.php,https://fdn2.gsmarena.com/vv/bigpic/celkon-a97.jpg,GSM / HSPA,No,"2012, Q2. Released 2012, Q3",Discontinued,124 x 64 x 11 mm (4.88 x 2.52 x 0.43 in),130.0,,,Dual SIM (Mini-SIM),TFT,,4.0,480x800,233,57.4,,Android 2.3.6 (Gingerbread),Mediatek MT6575 (40 nm),40,1.0 GHz Cortex-A9,PowerVR SGX531,,,,,,5.0,1,,No,,No,,Yes,,No,,,"Wi-Fi 802.11 b/g, hotspot",,2.0,Micro-USB,Yes,"GPS, A-GPS","Accelerometer, proximity, compass",1500,,,No,,,110.0,,,,,,,,Black,,,,"Stereo FM radio, RDS, recording; FM transmitter"
Celkon,Celkon A95,https://www.gsmarena.com/celkon_a95-4822.php,https://fdn2.gsmarena.com/vv/bigpic/celkon-a95.jpg,GSM / HSPA,No,"2012, Q2. Released 2012, Q3",Discontinued,112 x 60.5 x 11.5 mm (4.41 x 2.38 x 0.45 in),104.0,,,Dual SIM (Mini-SIM),TFT,,3.2,320x480,180,45.0,,Android 2.3.6 (Gingerbread),Mediatek MT6575 (40 nm),40,1.0 GHz Cortex-A9,PowerVR SGX531,,,,,,3.2,1,,No,,No,,Yes,,No,,,"Wi-Fi 802.11 b/g, hotspot",,2.0,Micro-USB,Yes,"GPS, A-GPS","Accelerometer, proximity, compass",1400,,,No,,,70.0,,,,,,,,Black,,,,"Stereo FM radio, RDS, recording; FM transmitter"
Celkon,Celkon A90,https://www.gsmarena.com/celkon_a90-4821.php,https://fdn2.gsmarena.com/vv/bigpic/celkon-a90.jpg,GSM / HSPA,No,"2012, Q2. Released 2012, Q3",Discontinued,128 x 66 x 11.5 mm (5.04 x 2.60 x 0.45 in),128.0,,,Dual SIM (Mini-SIM),TFT,,4.0,480x800,233,53.9,,Android 2.3.5 (Gingerbread),,,650 MHz,,,,,,,5.0,1,,No,,No,,Yes,,No,,,"Wi-Fi 802.11 b/g, hotspot",,2.0,Micro-USB,Yes,"GPS, A-GPS","Accelerometer, proximity, compass",1420,,,No,,,,,,,,,,,Black,,,,"Stereo FM radio, RDS, recording; FM transmitter"
Celkon,Celkon A99+,https://www.gsmarena.com/celkon_a99+-4816.php,https://fdn2.gsmarena.com/vv/bigpic/celkon-a99-plus.jpg,GSM / HSPA,No,"2012, Q2. Released 2012, Q3",Discontinued,126.1 x 65.4 x 12.3 mm (4.96 x 2.57 x 0.48 in),,,,Dual SIM (Mini-SIM),TFT,,4.3,540x960,256,61.8,,Android 2.3.5 (Gingerbread),,,650 MHz,,,,,,,8.0,1,,No,,No,Dual-LED flash,Yes,,No,,,"Wi-Fi 802.11 b/g, hotspot",,2.1,Micro-USB,Yes,"GPS, A-GPS","Accelerometer, proximity, compass",1300,,,No,,,,,,,,,,,Black,,,,"Stereo FM radio, RDS, recording; FM transmitter"
Celkon,Celkon C770N,https://www.gsmarena.com/celkon_c770n-4811.php,https://fdn2.gsmarena.com/vv/bigpic/celkon-c770n.jpg,GSM,No,2012,Discontinued,118 x 52 x 12.9 mm (4.65 x 2.05 x 0.51 in),,,,Dual SIM (Mini-SIM),TFT,,2.4,240x320,167,29.1,,,,,,,,,,,,2.0,1,,No,,No,,Yes,,No,,,No,,2.0,Micro-USB,Yes,No,,1500,,,No,,,,,,,,,,,Black/Red,,,,Stereo FM radio
Celkon,Celkon C705,https://www.gsmarena.com/celkon_c705-4810.php,https://fdn2.gsmarena.com/vv/bigpic/celkon-c705.jpg,GSM,No,2012,Discontinued,117 x 51 x 14.5 mm (4.61 x 2.01 x 0.57 in),,,,Dual SIM (Mini-SIM),TFT,,2.4,240x320,167,29.9,,,,,,,,,,,,1.3,1,,No,,No,,Yes,,No,,,No,,2.0,Micro-USB,Yes,No,,1800,,,No,,,,,,,,,,,Black/Orange,,,,Stereo FM radio
Celkon,Celkon C606,https://www.gsmarena.com/celkon_c606-4809.php,https://fdn2.gsmarena.com/vv/bigpic/celkon-c606.jpg,GSM,No,2012,Discontinued,119 x 53 x 15.3 mm (4.69 x 2.09 x 0.60 in),,,,Dual SIM (Mini-SIM),TFT,,2.4,240x320,167,28.3,,,,,,,,,,,,1.3,1,,No,,No,,Yes,,No,,,No,,2.0,Micro-USB,Yes,No,,2000,,,No,,,,,,,,,,,Black/Red,,,,Wireless FM radio (no wired headphones required)
Celkon,Celkon C570,https://www.gsmarena.com/celkon_c570-4808.php,https://fdn2.gsmarena.com/vv/bigpic/celkon-c570.jpg,GSM,No,2012,Discontinued,116.5 x 49.5 x 9.8 mm (4.59 x 1.95 x 0.39 in),,,,Dual SIM (Mini-SIM),TFT,,2.4,240x320,167,30.9,,,,,,,,,,,,1.3,1,,No,,No,,Yes,,No,,,No,,2.0,Micro-USB,Yes,No,,1000,,,No,,,,,,,,,,,Black,,,,FM radio
Celkon,Celkon C504,https://www.gsmarena.com/celkon_c504-4812.php,https://fdn2.gsmarena.com/vv/bigpic/celkon-c504.jpg,GSM,No,2012,Discontinued,117 x 49 x 13.9 mm (4.61 x 1.93 x 0.55 in),,,,Dual SIM (Mini-SIM),TFT,,2.6,240x320,154,36.5,,,,,,,,,,,,2.0,1,,No,,No,,Yes,,No,,,No,,2.0,Micro-USB,No,No,,1400,,,No,,,,,,,,,,,Black/Blue,,,,Stereo FM radio
Celkon,Celkon C206,https://www.gsmarena.com/celkon_c206-4813.php,https://fdn2.gsmarena.com/vv/bigpic/celkon-c206.jpg,GSM,No,2012,Discontinued,108 x 48 x 16.5 mm (4.25 x 1.89 x 0.65 in),,,,Dual SIM (Mini-SIM),TFT,,1.8,176x220,157,19.7,,,,,,,,,,,,,1,,No,,No,,Yes,,No,,,No,,2.0,Micro-USB,No,No,,1500,,,No,,,,,,,,,,,Black/Green,,,,Stereo FM radio
Celkon,Celkon C203,https://www.gsmarena.com/celkon_c203-4815.php,https://fdn2.gsmarena.com/vv/bigpic/celkon-c203.jpg,GSM,No,2012,Discontinued,107 x 47 x 14.6 mm (4.21 x 1.85 x 0.57 in),,,,Dual SIM (Mini-SIM),TFT,,1.8,128x160,114,20.3,,,,,,,,,,,,1.3,1,,No,,No,,Yes,,No,,,No,,2.0,Micro-USB,No,No,,1500,,,No,,,,,,,,,,,Black/Red,,,,Stereo FM radio
Celkon,Celkon C17,https://www.gsmarena.com/celkon_c17-4814.php,https://fdn2.gsmarena.com/vv/bigpic/celkon-c17.jpg,GSM,No,2012,Discontinued,111 x 49.6 x 14.5 mm (4.37 x 1.95 x 0.57 in),,,,Dual SIM (Mini-SIM),TFT,,2.4,240x320,167,32.4,,,,,,,,,,,,,1,,No,,No,,Yes,,No,,,No,,2.0,Micro-USB,No,No,,1000,,,No,,,,,,,,,,,Black,,,,Stereo FM radio
Celkon,Celkon C75,https://www.gsmarena.com/celkon_c75-4807.php,https://fdn2.gsmarena.com/vv/bigpic/celkon-c75.jpg,GSM,No,2012,Discontinued,110 x 62 x 13 mm (4.33 x 2.44 x 0.51 in),,,,Dual SIM (Mini-SIM),TFT,,3.2,320x480,180,44.7,,,,,,,,,,,,1.3,1,,No,,No,,Yes,,No,,,No,,2.0,Micro-USB,Yes,No,,1200,,,No,,,,,,,,,,,Black,,,,Stereo FM radio
Celkon,Celkon i4,https://www.gsmarena.com/celkon_i4-4806.php,https://fdn2.gsmarena.com/vv/bigpic/celkon-i4.jpg,GSM,No,2012,Discontinued,112 x 61 x 10 mm (4.41 x 2.40 x 0.39 in),,,,Dual SIM (Mini-SIM),TFT,,3.5,320x480,165,53.4,,,,,,,,,,,,3.0,1,,No,,No,,Yes,,No,,,No,,2.0,Micro-USB,Yes,No,,1200,,,No,,,,,,,,,,,Black/Silver,,,,Stereo FM radio
Celkon,Celkon A7,https://www.gsmarena.com/celkon_a7-4703.php,https://fdn2.gsmarena.com/vv/bigpic/celkon-a7.jpg,GSM,No,2012,Discontinued,-,,,,Dual SIM (Mini-SIM),TFT,,3.2,240x400,146,,,,,,,,,,,,,2.0,1,,No,,No,,Yes,,No,,,No,,,Proprietary,No,No,,1450,,,No,,,,,,,,,,,Black,,,,Stereo FM radio
Celkon,Celkon A88,https://www.gsmarena.com/celkon_a88-4704.php,https://fdn2.gsmarena.com/vv/bigpic/celkon-a88.jpg,GSM,No,2012,Discontinued,116 x 60.5 x 13.2 mm (4.57 x 2.38 x 0.52 in),,,,Dual SIM (Mini-SIM),TFT,,3.5,320x480,165,52.0,,Android 2.3.5 (Gingerbread),Mediatek MT6513,,650 MHz Cortex-A9,PowerVR SGX531,,,,,,3.15,1,,No,,No,,Yes,,No,,,Wi-Fi 802.11 b/g,,2.0,Micro-USB,Yes,GPS,Accelerometer,1450,,,No,,,,,,,,,,,Black/Golden,,,,Stereo FM radio
Celkon,Celkon C770 Dj,https://www.gsmarena.com/celkon_c770_dj-4705.php,https://fdn2.gsmarena.com/vv/bigpic/celkon-c770-dj.jpg,GSM,No,2012,Discontinued,118 x 52 x 12.9 mm (4.65 x 2.05 x 0.51 in),,,,Dual SIM (Mini-SIM),TFT,,2.4,240x320,167,29.1,,,,,,,,,,,,2.0,1,,No,,No,,Yes,,No,,,No,,2.0,Micro-USB,Yes,No,,1350,,,No,,,,,,,,,,,Black/Red,,,,Stereo FM radio
Celkon,Celkon C769,https://www.gsmarena.com/celkon_c769-4706.php,https://fdn2.gsmarena.com/vv/bigpic/celkon-c769.jpg,GSM,No,2012,Discontinued,117.5 x 52 x 13.2 mm (4.63 x 2.05 x 0.52 in),,,,Dual SIM (Mini-SIM),TFT,,2.6,240x320,154,34.3,,,,,,,,,,,,1.3,1,,No,,No,,Yes,,No,,,No,,2.0,Micro-USB,Yes,No,,1450,,,No,,,,,,,,,,,Black/Red,,,,Stereo FM radio
Celkon,Celkon C349,https://www.gsmarena.com/celkon_c349-4707.php,https://fdn2.gsmarena.com/vv/bigpic/celkon-c349.jpg,GSM,No,2012,Discontinued,-,,,,Dual SIM (Mini-SIM),TFT,,1.8,176x220,157,,,,,,,,,,,,,1.3,1,,No,,No,,Yes,,No,,,No,,,Micro-USB,No,No,,1000,,,No,,,,,,,,,,,Black,,,,Stereo FM radio
Celkon,Celkon C337,https://www.gsmarena.com/celkon_c337-4708.php,https://fdn2.gsmarena.com/vv/bigpic/celkon-c337.jpg,GSM,No,2012,Discontinued,-,,,,Dual SIM (Mini-SIM),TFT,,2.0,176x220,141,,,,,,,,,,,,,1.3,1,,No,,No,,Yes,,No,,,No,,2.0,Micro-USB,No,No,,1000,,,No,,,,,,,,,,,"Black, Black/Red",,,,Stereo FM radio
Celkon,Celkon C260,https://www.gsmarena.com/celkon_c260-4709.php,https://fdn2.gsmarena.com/vv/bigpic/celkon-c260.jpg,GSM,No,2012,Discontinued,117.5 x 52 x 11.5 mm (4.63 x 2.05 x 0.45 in),,,,Dual SIM (Mini-SIM),TFT,,2.6,240x320,154,34.3,,,,,,,,,,,,1.3,1,,No,,No,,Yes,,No,,,No,,2.0,Micro-USB,No,No,,1500,,,No,,,,,,,,,,,Black,,,,Stereo FM radio
Celkon,Celkon C70,https://www.gsmarena.com/celkon_c70-4710.php,https://fdn2.gsmarena.com/vv/bigpic/celkon-c70.jpg,GSM,No,2012,Discontinued,-,,,,Dual SIM (Mini-SIM),TFT,,2.2,176x220,128,,,,,,,,,,,,,1.3,1,,No,,No,,Yes,,No,,,No,,2.0,Micro-USB,No,No,,800,,,No,,,,,,,,,,,Silver,,,,Stereo FM radio
Celkon,Celkon C55,https://www.gsmarena.com/celkon_c55-4627.php,https://fdn2.gsmarena.com/vv/bigpic/celkon-c55.jpg,GSM,No,2012,Discontinued,95 x 48 x 15 mm (3.74 x 1.89 x 0.59 in),126.0,,,Dual SIM (Mini-SIM),TFT,,2.2,176x220,128,33.4,,,,,,,,,,,,1.3,1,,No,,No,,Yes,,No,,,No,,2.0,Micro-USB,,No,,1000,,,No,,,,,,,,,,,Black/Gray,,,,Stereo FM radio
Celkon,Celkon A9,https://www.gsmarena.com/celkon_a9-4626.php,https://fdn2.gsmarena.com/vv/bigpic/celkon-a9.jpg,GSM,No,2012,Discontinued,120 x 62 x 12.9 mm (4.72 x 2.44 x 0.51 in),110.0,,,Dual SIM (Mini-SIM),"TFT, 256K colors",,3.5,480x800,267,46.9,,,,,,,,,,,,3.15,1,,No,,No,,Yes,,No,,,No,,2.0,Micro-USB,Yes,No,,1450,,,No,,,,,,,,,,,Black,,,,Stereo FM radio
Celkon,Celkon A99,https://www.gsmarena.com/celkon_a99-4541.php,https://fdn2.gsmarena.com/vv/bigpic/celkon-a99.jpg,GSM / HSPA,No,2012,Discontinued,121.4 x 64 x 11.3 mm (4.78 x 2.52 x 0.44 in),120.0,,,Dual SIM (Mini-SIM),"TFT, 256K colors",,4.0,320x480,144,61.3,,Android 2.3.5 (Gingerbread),,,650 MHz,,,,,,,3.15,1,,No,,No,,Yes,,No,,,"Wi-Fi 802.11 b/g, hotspot",,2.1,Micro-USB,Yes,"GPS, A-GPS","Accelerometer, proximity, compass",1200,,,No,,,,,,,,,,,Black,,,,"Stereo FM radio, RDS, recording; FM transmitter"
Celkon,Celkon C3030,https://www.gsmarena.com/celkon_c3030-4471.php,https://fdn2.gsmarena.com/vv/bigpic/celkon-c3030.jpg,GSM,No,2012,Discontinued,120 x 56 x 16 mm (4.72 x 2.20 x 0.63 in),152.0,,,Dual SIM (Mini-SIM),TFT,,2.6,240x320,154,31.2,,,,,,,,,,,,1.3,1,,No,,No,,Yes,,No,,,No,,2.0,Micro-USB,Yes,No,,3000,,,No,,,,,,,,,,,"Black, Red",,,,Stereo FM radio
Celkon,Celkon C90,https://www.gsmarena.com/celkon_c90-4472.php,https://fdn2.gsmarena.com/vv/bigpic/celkon-c90.jpg,GSM,No,2012,Discontinued,101 x 52 x 12.3 mm (3.98 x 2.05 x 0.48 in),86.0,,,Dual SIM (Mini-SIM),TFT,,2.4,240x320,167,34.0,,,,,,,,,,,,1.3,1,,No,,No,,Yes,,No,,,No,,2.0,Micro-USB,,No,,1000,,,No,,,30.0,,,,,,,,"Black/Red, White/Red",,,,Stereo FM radio
Celkon,Celkon C909,https://www.gsmarena.com/celkon_c909-4473.php,https://fdn2.gsmarena.com/vv/bigpic/celkon-c909.jpg,GSM,No,2011,Discontinued,115 x 52 x 11.4 mm (4.53 x 2.05 x 0.45 in),78.0,,,Dual SIM (Mini-SIM),TFT,,2.4,240x320,167,29.8,,,,,,,,,,,,1.3,1,,No,,No,,Yes,,No,,,No,,2.0,Micro-USB,,No,,1000,,,No,,,,,,,,,,,"Black, Black/Red",,,,Stereo FM radio
Celkon,Celkon C60,https://www.gsmarena.com/celkon_c60-4474.php,https://fdn2.gsmarena.com/vv/bigpic/celkon-c60.jpg,GSM,No,2012,Discontinued,100 x 47 x 14.8 mm (3.94 x 1.85 x 0.58 in),74.0,,,Dual SIM (Mini-SIM),TFT,,2.0,176x220,141,26.8,,,,,,,,,,,,1.3,1,,No,,No,,Yes,,No,,,No,,2.0,Micro-USB,,No,,1000,,,No,,,,,,,,,,,"Black, White",,,,Stereo FM radio
Celkon,Celkon C305,https://www.gsmarena.com/celkon_c305-4475.php,https://fdn2.gsmarena.com/vv/bigpic/celkon-c305.jpg,GSM,No,2011,Discontinued,105 x 43 x 15 mm (4.13 x 1.69 x 0.59 in),73.0,,,Dual SIM (Mini-SIM),TFT,,1.8,186x220,160,22.8,,,,,,,,,,,,1.3,1,,No,,No,,Yes,,No,,,No,,2.0,Micro-USB,Yes,No,,850,,,No,,,,,,,,,,,Black/Red,,,,Stereo FM radio
Celkon,Celkon C220,https://www.gsmarena.com/celkon_c220-4476.php,https://fdn2.gsmarena.com/vv/bigpic/celkon-c220.jpg,GSM,No,2011,Discontinued,112 x 47 x 13 mm (4.41 x 1.85 x 0.51 in),96.0,,,Dual SIM (Mini-SIM),TFT,,2.2,240x320,182,28.5,,,,,,,,,,,,1.3,1,,No,,No,LED flash,Yes,,No,,,No,,2.0,Micro-USB,No,No,,1500,,,No,,,,,,,,,,,Black/Silver,,,,Stereo FM radio
Celkon,Celkon C303,https://www.gsmarena.com/celkon_c303-4477.php,https://fdn2.gsmarena.com/vv/bigpic/celkon-c303.jpg,GSM,No,2011,Discontinued,112 x 45 x 12 mm (4.41 x 1.77 x 0.47 in),78.0,,,Dual SIM (Mini-SIM),TFT,,2.0,176x220,141,25.0,,,,,,,,,,,,1.3,1,,No,,No,,Yes,,No,,,No,,2.0,Micro-USB,Yes,No,,1000,,,No,,,,,,,,,,,Black/Orange,,,,Stereo FM radio
Celkon,Celkon C201,https://www.gsmarena.com/celkon_c201-4478.php,https://fdn2.gsmarena.com/vv/bigpic/celkon-c201.jpg,GSM,No,2011,Discontinued,105 x 44.4 x 14.8 mm (4.13 x 1.75 x 0.58 in),87.0,,,Dual SIM (Mini-SIM),TFT,,1.8,128x160,114,21.9,,,,,,,,,,,,1.3,1,,No,,No,,Yes,,No,,,No,,2.0,Micro-USB,,No,,1000,,,No,,,,,,,,,,,"Black, Orange",,,,Stereo FM radio
Celkon,Celkon C202,https://www.gsmarena.com/celkon_c202-4479.php,https://fdn2.gsmarena.com/vv/bigpic/celkon-c202.jpg,GSM,No,2011,Discontinued,115 x 45 x 13 mm (4.53 x 1.77 x 0.51 in),103.0,,,Dual SIM (Mini-SIM),TFT,,2.2,176x220,128,29.4,,,,,,,,,,,,2.0,1,,No,,No,,Yes,,No,,,No,,2.0,Micro-USB,No,No,,1000,,,No,,,,,,,,,,,Black/Red,,,,Stereo FM radio
Celkon,Celkon C404,https://www.gsmarena.com/celkon_c404-4480.php,https://fdn2.gsmarena.com/vv/bigpic/celkon-c404.jpg,GSM,No,2011,Discontinued,117 x 50 x 14 mm (4.61 x 1.97 x 0.55 in),120.0,,,Dual SIM (Mini-SIM),TFT,,2.4,240x320,167,30.5,,,,,,,,,,,,1.3,1,,No,,No,,Yes,,No,,,No,,2.0,Micro-USB,No,No,,2000,,,No,,,,,,,,,,,"Black/Blue, Black/Red",,,,Stereo FM radio
Celkon,Celkon C5050,https://www.gsmarena.com/celkon_c5050-4481.php,https://fdn2.gsmarena.com/vv/bigpic/celkon-c5050.jpg,GSM,No,2011,Discontinued,101.6 x 57 x 14.5 mm (4.0 x 2.24 x 0.57 in),89.0,,,Dual SIM (Mini-SIM),TFT,,2.8,240x320,143,41.9,,,,,,,,,,,,2.0,1,,No,,No,,Yes,,No,,,No,,2.0,Micro-USB,Yes,No,,1000,,,No,,,40.0,,,,,,,,Black/Red,,,,Stereo FM radio
Celkon,Celkon C227,https://www.gsmarena.com/celkon_c227-4482.php,https://fdn2.gsmarena.com/vv/bigpic/celkon-c227.jpg,GSM,No,2011,Discontinued,117 x 57 x 11 mm (4.61 x 2.24 x 0.43 in),107.0,,,Dual SIM (Mini-SIM),TFT,,2.8,240x400,167,33.5,,,,,,,,,,,,3.15,1,,No,,No,LED flash,Yes,,No,,,No,,2.0,Micro-USB,Yes,No,,1000,,,No,,,50.0,,,,,,,,Black,,,,Stereo FM radio
Celkon,Celkon i9,https://www.gsmarena.com/celkon_i9-4483.php,https://fdn2.gsmarena.com/vv/bigpic/celkon-i9.jpg,GSM,No,2011,Discontinued,105 x 45 x 14.8 mm (4.13 x 1.77 x 0.58 in),81.0,,,Dual SIM (Mini-SIM),TFT,,2.4,176x220,117,38.4,,,,,,,,,,,,,1,,No,,No,,Yes,,No,,,No,,2.0,Micro-USB,Yes,No,,1000,,,No,,,,,,,,,,,"Black, White",,,,Stereo FM radio
Celkon,Celkon C2010,https://www.gsmarena.com/celkon_c2010-4484.php,https://fdn2.gsmarena.com/vv/bigpic/celkon-c2010.jpg,GSM,No,2011,Discontinued,120 x 55.8 x 14.3 mm (4.72 x 2.20 x 0.56 in),146.0,,,Dual SIM (Mini-SIM),TFT,,2.8,240x320,143,36.3,,,,,,,,,,,,2.0,1,,No,,No,,Yes,,No,,,No,,2.0,Micro-USB,Yes,No,,2000,,,No,,,,,,,,,,,Black/Silver,,,,Stereo FM radio
Celkon,Celkon C207,https://www.gsmarena.com/celkon_c207-4485.php,https://fdn2.gsmarena.com/vv/bigpic/celkon-c207.jpg,GSM,No,2011,Discontinued,107 x 45 x 12 mm (4.21 x 1.77 x 0.47 in),87.0,,,Dual SIM (Mini-SIM),TFT,,1.8,176x220,157,21.2,,,,,,,,,,,,1.3,1,,No,,No,,Yes,,No,,,No,,2.0,Micro-USB,Yes,No,,1000,,,No,,,,,,,,,,,"Black/Red, Black/Orange",,,,Stereo FM radio
Celkon,Celkon A1,https://www.gsmarena.com/celkon_a1-4486.php,https://fdn2.gsmarena.com/vv/bigpic/celkon-a1.jpg,GSM,No,2011,Discontinued,113.5 x 54.5 x 12.3 mm (4.47 x 2.15 x 0.48 in),127.0,,,Dual SIM (Mini-SIM),TFT,,3.2,240x400,146,47.1,,Android 2.2.1 (Froyo),,,,,,,,,,3.15,1,,No,,No,,Yes,,No,,,Wi-Fi 802.11 b/g,,2.0,2.0,Yes,"GPS, A-GPS",,1000,,,No,,,,,,,,,,,Black,,,,Stereo FM radio
Celkon,Celkon C609,https://www.gsmarena.com/celkon_c609-4487.php,https://fdn2.gsmarena.com/vv/bigpic/celkon-c609.jpg,GSM,No,2011,Discontinued,112 x 47 x 14 mm (4.41 x 1.85 x 0.55 in),98.0,,,Dual SIM (Mini-SIM),TFT,,2.0,176x220,141,23.9,,,,,,,,,,,,1.3,1,,No,,No,,Yes,,No,,,No,,2.0,Micro-USB,Yes,No,,1800,,,No,,,,,,,,,,,"Black/Blue, Black/Red",,,,Stereo FM radio
Celkon,Celkon C102,https://www.gsmarena.com/celkon_c102-4488.php,https://fdn2.gsmarena.com/vv/bigpic/celkon-c102.jpg,GSM,No,2011,Discontinued,111 x 46 x 15.3 mm (4.37 x 1.81 x 0.60 in),78.0,,,Dual SIM (Mini-SIM),TFT,,1.8,128x160,114,20.0,,,,,,,,,,,,,,,No,,No,,,,No,,,No,,,Micro-USB,No,No,,1000,,,No,,,,,,,,,,,Black/Orange,,,,Stereo FM radio
Celkon,Celkon C77,https://www.gsmarena.com/celkon_c77-4489.php,https://fdn2.gsmarena.com/vv/bigpic/celkon-c77.jpg,GSM,No,2011,Discontinued,110.2 x 53.4 x 12.2 mm (4.34 x 2.10 x 0.48 in),93.0,,,Dual SIM (Mini-SIM),TFT,,2.8,240x400,167,37.9,,,,,,,,,,,,1.3,1,,No,,No,,Yes,,No,,,No,,2.0,Micro-USB,Yes,No,,1200,,,No,,,,,,,,,,,Gray,,,,Stereo FM radio
Celkon,Celkon C100,https://www.gsmarena.com/celkon_c100-4490.php,https://fdn2.gsmarena.com/vv/bigpic/celkon-c100.jpg,GSM,No,2011,Discontinued,113 x 48.5 x 15.5 mm (4.45 x 1.91 x 0.61 in),69.0,,,Dual SIM (Mini-SIM),TFT,,1.8,128x160,114,18.6,,,,,,,,,,,,,1,,No,,No,,Yes,,No,,,No,,2.0,Micro-USB,No,No,,1000,,,No,,,,,,,,,,,"Black/Red, Black/Blue",,,,Stereo FM radio
Celkon,Celkon C555,https://www.gsmarena.com/celkon_c555-4491.php,https://fdn2.gsmarena.com/vv/bigpic/celkon-c555.jpg,GSM,No,2011,Discontinued,108.3 x 54.8 x 12.5 mm (4.26 x 2.16 x 0.49 in),108.0,,,Dual SIM (Mini-SIM),TFT,,3.2,240x400,146,49.1,,,,,,,,,,,,2.0,1,,No,,No,,Yes,,No,,,No,,2.0,Micro-USB,Yes,No,,1000,,,No,,,,,,,,,,,"Yellow, Black",,,,Stereo FM radio
Celkon,Celkon C205,https://www.gsmarena.com/celkon_c205-4492.php,https://fdn2.gsmarena.com/vv/bigpic/celkon-c205.jpg,GSM,No,2011,Discontinued,113 x 48.5 x 15.5 mm (4.45 x 1.91 x 0.61 in),86.0,,,Dual SIM (Mini-SIM),TFT,,1.8,176x220,157,18.6,,,,,,,,,,,,1.3,1,,No,,No,,Yes,,No,,,No,,2.0,Micro-USB,,No,,1000,,,No,,,,,,,,,,,Black/Red,,,,Stereo FM radio
Celkon,Celkon C44,https://www.gsmarena.com/celkon_c44-4493.php,https://fdn2.gsmarena.com/vv/bigpic/celkon-c44.jpg,GSM,No,2011,Discontinued,114 x 50 x 15.3 mm (4.49 x 1.97 x 0.60 in),96.0,,,Dual SIM (Mini-SIM),TFT,,2.4,240x320,167,31.3,,,,,,,,,,,,1.3,1,,No,,No,,Yes,,No,,,No,,2.0,Micro-USB,Yes,No,,1800,,,No,,,,,,,,,,,"Black/Red, Black/Orange",,,,Stereo FM radio
Celkon,Celkon C101,https://www.gsmarena.com/celkon_c101-4494.php,https://fdn2.gsmarena.com/vv/bigpic/celkon-c101.jpg,GSM,No,2011,Discontinued,111 x 46 x 15.3 mm (4.37 x 1.81 x 0.60 in),72.0,,,Dual SIM (Mini-SIM),TFT,,1.8,176x220,157,20.0,,,,,,,,,,,,,,,No,,No,,,,No,,,No,,,Micro-USB,No,No,,1000,,,No,,,,,,,,,,,Black/Orange,,,,Stereo FM radio
Celkon,Celkon C33,https://www.gsmarena.com/celkon_c33-4495.php,https://fdn2.gsmarena.com/vv/bigpic/celkon-c33.jpg,GSM,No,2011,Discontinued,111 x 46 x 14.3 mm (4.37 x 1.81 x 0.56 in),77.0,,,Dual SIM (Mini-SIM),TFT,,2.0,176x220,141,24.7,,,,,,,,,,,,1.3,1,,No,,No,,Yes,,No,,,No,,2.0,Micro-USB,Yes,No,,1000,,,No,,,,,,,,,,,"Black/Yellow, Black/Silver",,,,"Stereo FM radio, recording"
Celkon,Celkon C550,https://www.gsmarena.com/celkon_c550-4496.php,https://fdn2.gsmarena.com/vv/bigpic/celkon-c550.jpg,GSM,No,2011,Discontinued,112.2 x 48.5 x 14.9 mm (4.42 x 1.91 x 0.59 in),82.0,,,Dual SIM (Mini-SIM),TFT,,2.4,240x320,167,32.8,,,,,,,,,,,,1.3,1,,No,,No,,Yes,,No,,,No,,2.0,Micro-USB,Yes,No,,1550,,,No,,,,,,,,,,,Black/Silver,,,,Stereo FM radio
Celkon,Celkon C66,https://www.gsmarena.com/celkon_c66-4497.php,https://fdn2.gsmarena.com/vv/bigpic/celkon-c66.jpg,GSM,No,2011,Discontinued,114 x 50 x 15.3 mm (4.49 x 1.97 x 0.60 in),110.0,,,Dual SIM (Mini-SIM),TFT,,2.4,240x320,167,31.3,,,,,,,,,,,,1.3,1,,No,,No,,Yes,,No,,,No,,2.0,Micro-USB,Yes,No,,2000,,,No,,,,,,,,,,,Black/Red,,,,Stereo FM radio
Celkon,Celkon C339,https://www.gsmarena.com/celkon_c339-4498.php,https://fdn2.gsmarena.com/vv/bigpic/celkon-c339.jpg,GSM,No,2011,Discontinued,108 x 44.5 x 15 mm (4.25 x 1.75 x 0.59 in),83.0,,,Dual SIM (Mini-SIM),TFT,,1.8,128x160,114,21.2,,,,,,,,,,,,1.3,1,,No,,No,,Yes,,No,,,No,,2.0,Micro-USB,Yes,No,,1000,,,No,,,20.0,,,,,,,,Black/Red,,,,Stereo FM radio
Celkon,Celkon C10,https://www.gsmarena.com/celkon_c10-4499.php,https://fdn2.gsmarena.com/vv/bigpic/celkon-c10.jpg,GSM,No,2011,Discontinued,108 x 46 x 14.3 mm (4.25 x 1.81 x 0.56 in),81.0,,,Dual SIM (Mini-SIM),TFT,,1.8,128x160,114,20.5,,,,,,,,,,,,,1,,No,,No,,Yes,,No,,,No,,,Micro-USB,No,No,,800,,,No,,,,,,,,,,,Black/Red,,,,Stereo FM radio
Celkon,Celkon C770,https://www.gsmarena.com/celkon_c770-4500.php,https://fdn2.gsmarena.com/vv/bigpic/celkon-c770.jpg,GSM,No,2011,Discontinued,114 x 50 x 15.3 mm (4.49 x 1.97 x 0.60 in),102.0,,,Dual SIM (Mini-SIM),TFT,,2.4,240x320,167,31.3,,,,,,,,,,,,1.3,1,,No,,No,,Yes,,No,,,No,,2.0,Micro-USB,Yes,No,,1500,,,No,,,,,,,,,,,"Black/Red, Black/Silver",,,,Stereo FM radio
Celkon,Celkon C20,https://www.gsmarena.com/celkon_c20-4501.php,https://fdn2.gsmarena.com/vv/bigpic/celkon-c20.jpg,GSM,No,2011,Discontinued,108 x 46 x 14.3 mm (4.25 x 1.81 x 0.56 in),83.0,,,Dual SIM (Mini-SIM),TFT,,1.8,128x160,114,20.5,,,,,,,,,,,,,1,,No,,No,,Yes,,No,,,No,,2.0,Micro-USB,No,No,,800,,,No,,,,,,,,,,,Black/Orange,,,,Stereo FM radio
Celkon,Celkon C369,https://www.gsmarena.com/celkon_c369-4502.php,https://fdn2.gsmarena.com/vv/bigpic/celkon-c369.jpg,GSM,No,2011,Discontinued,117 x 45 x 10 mm (4.61 x 1.77 x 0.39 in),102.0,,,Dual SIM (Mini-SIM),TFT,,2.2,176x220,128,28.9,,,,,,,,,,,,1.3,1,,No,,No,LED flash,Yes,,No,,,No,,2.0,Micro-USB,No,No,,800,,,No,,,30.0,,,,,,,,"Gray/Silver, Black/Silver",,,,Stereo FM radio
Celkon,Celkon C88,https://www.gsmarena.com/celkon_c88-4503.php,https://fdn2.gsmarena.com/vv/bigpic/celkon-c88.jpg,GSM,No,2011,Discontinued,109 x 54.5 x 14 mm (4.29 x 2.15 x 0.55 in),98.0,,,Dual SIM (Mini-SIM),TFT,,3.2,240x400,146,49.1,,,,,,,,,,,,2.0,1,,No,,No,,Yes,,No,,,No,,2.0,Micro-USB,Yes,No,,1300,,,No,,,50.0,,,,,,,,Black,,,,Stereo FM radio
Celkon,Celkon C2000,https://www.gsmarena.com/celkon_c2000-4504.php,https://fdn2.gsmarena.com/vv/bigpic/celkon-c2000.jpg,GSM,No,2011,Discontinued,119 x 55.7 x 14 mm (4.69 x 2.19 x 0.55 in),143.0,,,Dual SIM (Mini-SIM),TFT,,2.8,240x320,143,36.6,,,,,,,,,,,,1.3,1,,No,,No,,Yes,,No,,,No,,2.0,Micro-USB,,No,,2000,,,No,,,40.0,,,,,,,,Black,,,,Stereo FM radio
Celkon,Celkon C007,https://www.gsmarena.com/celkon_c007-4505.php,https://fdn2.gsmarena.com/vv/bigpic/celkon-c007.jpg,GSM,No,2011,Discontinued,110 x 46 x 11 mm (4.33 x 1.81 x 0.43 in),103.0,,,Dual SIM (Mini-SIM),TFT,,2.2,176x220,128,30.1,,,,,,,,,,,,1.3,1,,No,,No,,Yes,,No,,,No,,2.0,Micro-USB,,No,,1500,,,No,,,20.0,,,,,,,,Black/Red,,,,Stereo FM radio
Celkon,Celkon C999,https://www.gsmarena.com/celkon_c999-4507.php,https://fdn2.gsmarena.com/vv/bigpic/celkon-c999.jpg,GSM / UMTS,No,2011,Discontinued,112 x 60 x 12.5 mm (4.41 x 2.36 x 0.49 in),100.0,,,Dual SIM (Mini-SIM),TFT,,2.4,240x320,167,26.5,,,,,,,,,,,,2.0,1,,No,,No,,Yes,,No,,,No,,2.0,Micro-USB,Yes,No,,1000,,,No,,,,,,,,,,,Black,,,,Stereo FM radio
Celkon,Celkon C777,https://www.gsmarena.com/celkon_c777-4508.php,https://fdn2.gsmarena.com/vv/bigpic/celkon-c777.jpg,GSM,No,2011,Discontinued,114.4 x 51.4 x 15.6 mm (4.50 x 2.02 x 0.61 in),104.0,,,Dual SIM (Mini-SIM),TFT,,2.4,240x320,167,30.3,,,,,,,,,,,,1.3,1,,No,,No,,Yes,,No,,,No,,2.0,Micro-USB,Yes,No,,1500,,,No,,,30.0,,,,,,,,"Black, Gray",,,,Stereo FM radio
Celkon,Celkon C1,https://www.gsmarena.com/celkon_c1-4509.php,https://fdn2.gsmarena.com/vv/bigpic/celkon-c1.jpg,GSM,No,2011,Discontinued,105 x 55 x 9 mm (4.13 x 2.17 x 0.35 in),82.0,,,Dual SIM (Mini-SIM),TFT,,2.0,176x220,141,21.8,,,,,,,,,,,,1.3,1,,No,,No,,Yes,,No,,,No,,2.0,Micro-USB,,No,,1000,,,No,,,,,,,,,,,"Black/Yellow, Black/Red",,,,Stereo FM radio
Celkon,Celkon C444,https://www.gsmarena.com/celkon_c444-4510.php,https://fdn2.gsmarena.com/vv/bigpic/celkon-c444.jpg,GSM,No,2011,Discontinued,108 x 46 x 14.3 mm (4.25 x 1.81 x 0.56 in),67.0,,,Dual SIM (Mini-SIM),TFT,,1.8,128x160,114,20.5,,,,,,,,,,,,1.3,1,,No,,No,,Yes,,No,,,No,,2.0,Micro-USB,Yes,No,,1000,,,No,,,20.0,,,,,,,,Black/Silver,,,,Stereo FM radio
Celkon,Celkon C2,https://www.gsmarena.com/celkon_c2-4511.php,https://fdn2.gsmarena.com/vv/bigpic/celkon-c2.jpg,GSM,No,2011,Discontinued,99 x 56 x 9 mm (3.90 x 2.20 x 0.35 in),75.0,,,Dual SIM (Mini-SIM),TFT,,1.8,160x228,155,17.7,,,,,,,,,,,,1.3,1,,No,,No,,Yes,,No,,,No,,,Proprietary,No,No,,1000,,,No,,,,,,,,,,,"Black, White, Gray",,,,Stereo FM radio
Celkon,Celkon C225,https://www.gsmarena.com/celkon_c225-4512.php,https://fdn2.gsmarena.com/vv/bigpic/celkon-c225.jpg,GSM,No,2011,Discontinued,111 x 44 x 10 mm (4.37 x 1.73 x 0.39 in),82.0,,,Dual SIM (Mini-SIM),TFT,,2.2,240x320,182,30.7,,,,,,,,,,,,1.3,1,,No,,No,,Yes,,No,,,No,,2.0,Micro-USB,Yes,No,,1000,,,No,,,30.0,,,,,,,,Black/Silver,,,,Stereo FM radio
Celkon,Celkon C111,https://www.gsmarena.com/celkon_c111-4513.php,https://fdn2.gsmarena.com/vv/bigpic/celkon-c111.jpg,GSM,No,2011,Discontinued,111 x 46 x 11.4 mm (4.37 x 1.81 x 0.45 in),82.0,,,Dual SIM (Mini-SIM),TFT,,2.2,176x220,128,29.8,,,,,,,,,,,,1.3,1,,No,,No,,Yes,,No,,,No,,2.0,Micro-USB,Yes,No,,1000,,,No,,,,,,,,,,,"White/Red, Black/Silver",,,,Stereo FM radio
Celkon,Celkon C99,https://www.gsmarena.com/celkon_c99-4514.php,https://fdn2.gsmarena.com/vv/bigpic/celkon-c99.jpg,GSM,No,2010,Discontinued,110 x 55 x 10 mm (4.33 x 2.17 x 0.39 in),86.0,,,Dual SIM (Mini-SIM),TFT,,2.8,240x320,143,40.1,,,,,,,,,,,,2.0,1,,No,,No,,Yes,,No,,,No,,,Proprietary,Yes,No,,800,,,No,,,40.0,,,,,,,,Black/Red,,,,Stereo FM radio
Celkon,Celkon C3,https://www.gsmarena.com/celkon_c3-4515.php,https://fdn2.gsmarena.com/vv/bigpic/celkon-c3.jpg,GSM,No,2011,Discontinued,117 x 61 x 13 mm (4.61 x 2.40 x 0.51 in),129.0,,,Dual SIM (Mini-SIM),TFT,,2.2,220x176,128,21.3,,,,,,,,,,,,,1,,No,,No,,Yes,,No,,,No,,,Proprietary,No,No,,1300,,,No,,,,,,,,,,,Black/White,,,,Stereo FM radio
Celkon,Celkon C669,https://www.gsmarena.com/celkon_c669-4516.php,https://fdn2.gsmarena.com/vv/bigpic/celkon-c669.jpg,GSM,No,2010,Discontinued,115 x 46 x 11 mm (4.53 x 1.81 x 0.43 in),96.0,,,Dual SIM (Mini-SIM),TFT,,2.4,240x320,167,33.7,,,,,,,,,,,,1.3,1,,No,,No,,Yes,,No,,,No,,,Proprietary,No,No,,1300,,,No,,,30.0,,,,,,,,Black/Red,,,,Stereo FM radio
Celkon,Celkon C9,https://www.gsmarena.com/celkon_c9-4517.php,https://fdn2.gsmarena.com/vv/bigpic/celkon-c9.jpg,GSM,No,2010,Discontinued,109 x 60 x 11 mm (4.29 x 2.36 x 0.43 in),103.0,,,Dual SIM (Mini-SIM),TFT,,2.4,240x320,167,27.3,,,,,,,,,,,,3.2,1,,No,,No,,Yes,,No,,,Wi-Fi 802.11 b/g/n,,,Proprietary,Yes,No,,1050,,,No,,,20.0,,,,,,,,"Black, White",,,,Stereo FM radio
Celkon,Celkon C11,https://www.gsmarena.com/celkon_c11-4518.php,https://fdn2.gsmarena.com/vv/bigpic/celkon-c11.jpg,GSM,No,2011,Discontinued,98 x 50 x 12 mm (3.86 x 1.97 x 0.47 in),75.0,,,Dual SIM (Mini-SIM),TFT,,1.5,128x160,137,14.5,,,,,,,,,,,,,,,No,,No,,,,No,,,No,,,Proprietary,No,No,,800,,,No,,,,,,,,,,,"Gray, White",,,,Stereo FM radio
Celkon,Celkon C333,https://www.gsmarena.com/celkon_c333-4519.php,https://fdn2.gsmarena.com/vv/bigpic/celkon-c333.jpg,GSM,No,2011,Discontinued,110 x 46.5 x 16 mm (4.33 x 1.83 x 0.63 in),88.0,,,Dual SIM (Mini-SIM),TFT,,1.8,176x220,157,19.9,,,,,,,,,,,,,1,,No,,No,,Yes,,No,,,No,,2.0,Micro-USB,No,No,,1200,,,No,,,20.0,,,,,,,,Black/Red,,,,Stereo FM radio
Celkon,Celkon C6,https://www.gsmarena.com/celkon_c6-4520.php,https://fdn2.gsmarena.com/vv/bigpic/celkon-c6.jpg,GSM,No,2011,Discontinued,98 x 49 x 10 mm (3.86 x 1.93 x 0.39 in),82.0,,,Dual SIM (Mini-SIM),TFT,,2.0,220x176,141,26.2,,,,,,,,,,,,1.3,1,,No,,No,,Yes,,No,,,No,,,Proprietary,Yes,No,,1000,,,No,,,,,,,,,,,Black,,,,Stereo FM radio
Celkon,Celkon C509,https://www.gsmarena.com/celkon_c509-4521.php,https://fdn2.gsmarena.com/vv/bigpic/celkon-c509.jpg,GSM,No,2010,Discontinued,108 x 46 x 14.3 mm (4.25 x 1.81 x 0.56 in),106.0,,,Dual SIM (Mini-SIM),TFT,,1.8,128x160,114,20.5,,,,,,,,,,,,,1,,No,,No,,Yes,,No,,,No,,,Proprietary,No,No,,1800,,,No,,,,,,,,,,,Black/Red,,,,Stereo FM radio
Celkon,Celkon C5,https://www.gsmarena.com/celkon_c5-4522.php,https://fdn2.gsmarena.com/vv/bigpic/celkon-c5.JPG,GSM,No,2011,Discontinued,109 x 54 x 13 mm (4.29 x 2.13 x 0.51 in),94.0,,,Dual SIM (Mini-SIM),TFT,,2.0,220x176,141,21.4,,,,,,,,,,,,1.3,1,,No,,No,,Yes,,No,,,No,,2.0,Micro-USB,Yes,No,,1000,,,No,,,,,,,,,,,Black,,,,Stereo FM radio
Celkon,Celkon C7,https://www.gsmarena.com/celkon_c7-4530.php,https://fdn2.gsmarena.com/vv/bigpic/celkon-c7.jpg,GSM,No,2011,Discontinued,104 x 57 x 11.5 mm (4.09 x 2.24 x 0.45 in),102.0,,,Dual SIM (Mini-SIM),TFT,,2.0,220x176,141,21.2,,,,,,,,,,,,,1,,No,,No,,Yes,,No,,,No,,2.0,Micro-USB,,No,,1000,,,No,,,,,,,,,,,"Black, Red",,,,Stereo FM radio
Celkon,Celkon C22,https://www.gsmarena.com/celkon_c22-4531.php,https://fdn2.gsmarena.com/vv/bigpic/celkon-c22.jpg,GSM,No,2011,Discontinued,108 x 47 x 15 mm (4.25 x 1.85 x 0.59 in),75.0,,,Dual SIM (Mini-SIM),TFT,,1.8,176x220,157,20.1,,,,,,,,,,,,1.3,1,,No,,No,,Yes,,No,,,No,,2.0,Micro-USB,,No,,1000,,,No,,,,,,,,,,,Black/Red,,,,Stereo FM radio
Celkon,Celkon C347,https://www.gsmarena.com/celkon_c347-4532.php,https://fdn2.gsmarena.com/vv/bigpic/celkon-c347.jpg,GSM,No,2011,Discontinued,105 x 43 x 11 mm (4.13 x 1.69 x 0.43 in),69.0,,,Dual SIM (Mini-SIM),TFT,,1.8,176x220,157,22.6,,,,,,,,,,,,,1,,No,,No,,Yes,,No,,,No,,2.0,Micro-USB,,No,,1000,,,No,,,,,,,,,,,Black/Red,,,,Stereo FM radio
Celkon,Celkon C357,https://www.gsmarena.com/celkon_c357-4533.php,https://fdn2.gsmarena.com/vv/bigpic/celkon-c357.jpg,GSM,No,2010,Discontinued,105 x 43 x 14 mm (4.13 x 1.69 x 0.55 in),80.0,,,Dual SIM (Mini-SIM),TFT,,1.8,176x220,157,22.6,,,,,,,,,,,,,1,,No,,No,,Yes,,No,,,No,,2.0,Micro-USB,,No,,1000,,,No,,,,,,,,,,,Black/Blue,,,,Stereo FM radio
Celkon,Celkon C367,https://www.gsmarena.com/celkon_c367-4534.php,https://fdn2.gsmarena.com/vv/bigpic/celkon-c367.jpg,GSM,No,2010,Discontinued,103 x 44 x 12 mm (4.06 x 1.73 x 0.47 in),86.0,,,Dual SIM (Mini-SIM),TFT,,1.8,176x220,157,22.5,,,,,,,,,,,,,1,,No,,No,,Yes,,No,,,No,,2.0,Micro-USB,,No,,1000,,,No,,,30.0,,,,,,,,Black,,,,"Stereo FM radio, WFM"
Celkon,Celkon C409,https://www.gsmarena.com/celkon_c409-4535.php,https://fdn2.gsmarena.com/vv/bigpic/celkon-c409.jpg,GSM,No,2011,Discontinued,110 x 44 x 16 mm (4.33 x 1.73 x 0.63 in),86.0,,,Dual SIM (Mini-SIM),TFT,,1.8,176x220,157,21.1,,,,,,,,,,,,1.3,1,,No,,No,,Yes,,No,,,No,,2.0,Micro-USB,,No,,1800,,,No,,,,,,,,,,,Black/Red,,,,"Stereo FM radio, WFM"
Celkon,Celkon C449,https://www.gsmarena.com/celkon_c449-4536.php,https://fdn2.gsmarena.com/vv/bigpic/celkon-c449.jpg,GSM,No,2010,Discontinued,110 x 46 x 11 mm (4.33 x 1.81 x 0.43 in),89.0,,,Dual SIM (Mini-SIM),TFT,,1.8,176x220,157,20.2,,,,,,,,,,,,1.3,1,,No,,No,,Yes,,No,,,No,,2.0,Micro-USB,,No,,1000,,,No,,,,,,,,,,,"Black/Silver, White/Silver",,,,Stereo FM radio
Celkon,Celkon C517,https://www.gsmarena.com/celkon_c517-4537.php,https://fdn2.gsmarena.com/vv/bigpic/celkon-c517.jpg,GSM,No,2010,Discontinued,108 x 46 x 14 mm (4.25 x 1.81 x 0.55 in),106.0,,,Dual SIM (Mini-SIM),TFT,,1.8,176x220,157,20.5,,,,,,,,,,,,,1,,No,,No,,Yes,,No,,,No,,2.0,Micro-USB,,No,,1800,,,No,,,,,,,,,,,Black,,,,Stereo FM radio
Celkon,Celkon C567,https://www.gsmarena.com/celkon_c567-4538.php,https://fdn2.gsmarena.com/vv/bigpic/celkon-c567.jpg,GSM,No,2010,Discontinued,105 x 45 x 20 mm (4.13 x 1.77 x 0.79 in),80.0,,,Dual SIM (Mini-SIM),TFT,,2.0,176x220,141,26.6,,,,,,,,,,,,,1,,No,,No,,Yes,,No,,,No,,2.0,Micro-USB,,No,Accelerometer,,,,No,,,30.0,,,,,,,,Black,,,,WFM
Celkon,Celkon C747,https://www.gsmarena.com/celkon_c747-4539.php,https://fdn2.gsmarena.com/vv/bigpic/celkon-c747.jpg,GSM,No,2010,Discontinued,112 x 47 x 13 mm (4.41 x 1.85 x 0.51 in),128.0,,,Dual SIM (Mini-SIM),TFT,,2.2,176x220,128,28.9,,,,,,,,,,,,2.0,1,,No,,No,,Yes,,No,,,No,,2.0,Micro-USB,,No,Accelerometer,1500,,,No,,,50.0,,,,,,,,Black/Gray,,,,WFM
Celkon,Celkon C867,https://www.gsmarena.com/celkon_c867-4540.php,https://fdn2.gsmarena.com/vv/bigpic/celkon-c867.jpg,GSM / CDMA,No,2010,Discontinued,110 x 44 x 16 mm (4.33 x 1.73 x 0.63 in),100.0,,,Dual SIM (Mini-SIM),TFT,,2.0,240x320,200,25.6,,,,,,,,,,,,1.3,1,,No,,No,,Yes,,No,,,No,,2.0,Micro-USB,,No,Accelerometer,1000,,,No,,,70.0,,,,,,,,Black,,,,"Stereo FM radio, WFM"
