Brand,Model_Name,Model_URL,Model_Image,Network_Technology,5G_Support,Announced,Status,Dimensions,Weight_g,Back_Material,IP_Rating,SIM_Type,Display_Type,Refresh_Rate_Hz,Display_Size_inch,Resolution,PPI_Density,Screen_to_Body_Pct,Display_Protection,OS,Chipset,Process_Node_nm,CPU,GPU,RAM_GB,RAM_Max_GB,Storage_GB,Storage_Max_GB,Storage_Type,Main_Camera_MP,Lens_Count,Main_Aperture,OIS,Sensor_Size,Camera_4K_Video,Camera_Features,Camera_Video,Selfie_Camera_MP,Selfie_4K_Video,Selfie_Camera_Features,Selfie_Camera_Video,WiFi,NFC,Bluetooth_Version,USB_Type,Headphone_Jack,GPS,Sensors,Battery_mAh,Wired_Charging_W,Wireless_Charging_W,Reverse_Wireless_Charging,Battery_ActiveUse,Price_USD,Price_EUR,Price_GBP,Price_INR,AnTuTu_Score,GeekBench_Score,ThreeDMark_Score,Display_nits_tested,Loudspeaker_LUFS,Colors,Model_Numbers,SAR_US,SAR_EU,FM_Radio
Micromax,Micromax In 2c,https://www.gsmarena.com/micromax_in_2c-11496.php,https://fdn2.gsmarena.com/vv/bigpic/micromax-in-2c.jpg,GSM / HSPA / LTE,No,"2022, April 26","Available. Released 2022, May 01",164.3 x 75.7 x 8.6 mm (6.47 x 2.98 x 0.34 in),198.0,,,Nano-SIM + Nano-SIM,"IPS LCD, 420 nits",,6.52,720x1600,269,82.5,,Android 11,Unisoc T610 (12 nm),12,Octa-core (2x1.8 GHz Cortex-A75 & 6x1.8 GHz Cortex-A55),Mali-G52 MP2,3,3,32,32,eMMC 5.1,8.0,2,,No,,No,"LED flash, HDR, panorama",1080p@30fps,5.0,No,,Unspecified,"Wi-Fi 802.11 a/b/g/n/ac, Wi-Fi Direct",No,5.0,Type-C,Yes,GPS,"Accelerometer, proximity",5000,10,,No,,,100.0,,,,,,,,"Brown, Silver",E6533,,,No
Micromax,Micromax In note 2,https://www.gsmarena.com/micromax_in_note_2-11332.php,https://fdn2.gsmarena.com/vv/bigpic/micromax-in-note2.jpg,GSM / HSPA / LTE,No,"2022, January 25","Available. Released 2022, January 30",159.9 x 74.3 x 8.3 mm (6.30 x 2.93 x 0.33 in),205.0,,,Nano-SIM + Nano-SIM,"AMOLED, 550 nits (typ)",,6.43,1080x2400,409,84.0,Corning Gorilla Glass,Android 11,Mediatek MT6785V/CD Helio G95 (12 nm),12,Octa-core (2x2.05 GHz Cortex-A76 & 6x2.0 GHz Cortex-A55),Mali-G76 MC4,4,4,64,64,UFS 2.1,48.0,4,1.8,No,1/2.0,No,"Dual-LED dual-tone flash, HDR, panorama",1080p@30fps,16.0,No,,1080p@30fps,"Wi-Fi 802.11 a/b/g/n/ac, dual-band, Wi-Fi Direct",No,5.0,Type-C,Yes,"GPS, GLONASS, GALILEO, BDS","Fingerprint (side-mounted), accelerometer, gyro, proximity, compass",5000,30,,No,,,150.0,,,,,,,,"Black, Oak",E7446,1.01 W/kg (head) 0.77 W/kg (body),,FM radio
Micromax,Micromax In 2b,https://www.gsmarena.com/micromax_in_2b-11036.php,https://fdn2.gsmarena.com/vv/bigpic/micromax-in-2b.jpg,GSM / HSPA / LTE,No,"2021, July 30. Released 2021, August 06",Discontinued,164.3 x 75.7 x 8.6 mm (6.47 x 2.98 x 0.34 in),190.0,,,Nano-SIM + Nano-SIM,"IPS LCD, 400 nits (typ)",,6.52,720x1600,269,82.5,,Android 11,Unisoc T610 (12 nm),12,Octa-core (2x1.8 GHz Cortex-A75 & 6x1.8 GHz Cortex-A55),Mali-G52 MP2,4,6,64,64,eMMC 5.1,13.0,2,1.8,No,1/3.0,No,"LED flash, HDR, panorama",1080p@30fps,5.0,No,HDR,Unspecified,"Wi-Fi 802.11 a/b/g/n/ac, Wi-Fi Direct",No,5.0,Type-C,Yes,"GPS, GLONASS, GALILEO, BDS","Fingerprint (rear-mounted), accelerometer, proximity",5000,10,,No,,,90.0,,,,,,,,"Blue, Black, Green",E7544,0.85 W/kg (head) 1.13 W/kg (body),,Unspecified
Micromax,Micromax In 1,https://www.gsmarena.com/micromax_in_1-10800.php,https://fdn2.gsmarena.com/vv/bigpic/micromax-in1.jpg,GSM / HSPA / LTE,No,"2021, March 19. Released 2021, March 26",Discontinued,165.2 x 77 x 9 mm (6.50 x 3.03 x 0.35 in),195.0,,,Nano-SIM + Nano-SIM,"IPS LCD, 440 nits (peak)",,6.67,1080x2400,395,84.4,,Android 10,Mediatek MT6769V/CU Helio G80 (12 nm),12,Octa-core (2x2.0 GHz Cortex-A75 & 6x1.8 GHz Cortex-A55),Mali-G52 MC2,4,6,64,128,eMMC 5.1,48.0,4,1.8,No,1/2.0,No,"LED flash, HDR",1080p@30fps,8.0,No,,1080p@30fps,"Wi-Fi 802.11 a/b/g/n/ac, dual-band, Wi-Fi Direct",No,5.0,Type-C,Yes,"GPS, GLONASS, GALILEO, BDS","Fingerprint (rear-mounted), accelerometer, gyro, proximity, compass",5000,18,,No,,,120.0,,,,,,,,"Blue, Purple",E6746,0.96 W/kg (head),,FM radio
Micromax,Micromax In note 1,https://www.gsmarena.com/micromax_in_note_1-10569.php,https://fdn2.gsmarena.com/vv/bigpic/micromax-in-note1.jpg,GSM / HSPA / LTE,No,"2020, November 03. Released 2020, November 24",Discontinued,165.2 x 77 x 9 mm (6.50 x 3.03 x 0.35 in),196.0,,,Nano-SIM + Nano-SIM,"IPS LCD, 450 nits (peak)",,6.67,1080x2400,395,84.4,Oleophobic coating,Android 10,Mediatek MT6769Z Helio G85 (12 nm),12,Octa-core (2x2.0 GHz Cortex-A75 & 6x1.8 GHz Cortex-A55),Mali-G52 MC2,4,4,64,128,eMMC 5.1,48.0,4,1.8,No,1/2.0,No,"LED flash, HDR",1080p@30fps,16.0,No,,1080p@30fps,"Wi-Fi 802.11 a/b/g/n/ac, dual-band, Wi-Fi Direct",No,5.0,Type-C,Yes,"GPS, GLONASS, GALILEO, BDS","Fingerprint (rear-mounted), accelerometer, gyro, proximity, compass",5000,18,,No,,,130.0,,,,,,,,"Green, White",E7746,0.57 W/kg (head) 0.96 W/kg (body),,FM radio
Micromax,Micromax In 1b,https://www.gsmarena.com/micromax_in_1b-10568.php,https://fdn2.gsmarena.com/vv/bigpic/micromax-in-1b.jpg,GSM / HSPA / LTE,No,"2020, November 03. Released 2020, November 26",Discontinued,164.5 x 75.8 x 8.9 mm (6.48 x 2.98 x 0.35 in),188.0,,,Nano-SIM + Nano-SIM,"IPS LCD, 400 nits (typ)",,6.52,720x1600,269,82.3,,Android 10 (Go edition),Mediatek MT6765G Helio G35 (12 nm),12,Octa-core (4x2.3 GHz Cortex-A53 & 4x1.8 GHz Cortex-A53),PowerVR GE8320,2,4,32,64,eMMC 5.1,13.0,2,1.9,No,,No,"LED flash, panorama",1080p@30fps,8.0,No,,1080p@30fps,"Wi-Fi 802.11 a/b/g/n/ac, Wi-Fi Direct",No,5.0,Type-C,Yes,"GPS, GLONASS, GALILEO","Fingerprint (rear-mounted), accelerometer, gyro, proximity",5000,10,,No,,,80.0,,,,,,,,"Blue, Purple, Green","E6523, E7533",0.57 W/kg (head) 0.90 W/kg (body),,Unspecified
Micromax,Micromax Infinity N12,https://www.gsmarena.com/micromax_infinity_n12-9515.php,https://fdn2.gsmarena.com/vv/bigpic/micromax-infinity-n12-.jpg,GSM / HSPA / LTE,No,"2018, December. Released 2018, December",Discontinued,156 x 76.2 x 8.5 mm (6.14 x 3.00 x 0.33 in),164.0,,,Nano-SIM + Nano-SIM,IPS LCD,,6.19,720x1500,269,81.1,,Android 8.1 (Oreo),Mediatek MT6762V Helio P22 (12 nm),12,Octa-core 2.0 GHz Cortex-A53,PowerVR GE8320,3,3,32,32,eMMC 5.1,13.0,2,,No,,No,LED flash,1080p@24fps,16.0,No,LED flash,1080p,Wi-Fi 802.11 a/b/g/n,No,4.2,Micro-USB,Yes,GPS,"Fingerprint (rear-mounted), accelerometer, gyro, proximity",4000,,,No,,,,,10000,,,,,,"Blue Lagoon, Red Velvet, Viola, Black",N8301,,,"FM radio, recording"
Micromax,Micromax Infinity N11,https://www.gsmarena.com/micromax_infinity_n11-9516.php,https://fdn2.gsmarena.com/vv/bigpic/micromax-infinity-n11-n8216.jpg,GSM / HSPA / LTE,No,"2018, December. Released 2019, January",Discontinued,156 x 76.2 x 8.5 mm (6.14 x 3.00 x 0.33 in),164.0,,,Nano-SIM + Nano-SIM,IPS LCD,,6.19,720x1500,269,81.1,,Android 8.1 (Oreo),Mediatek MT6762V Helio P22 (12 nm),12,Octa-core 2.0 GHz Cortex-A53,PowerVR GE8320,2,2,32,32,eMMC 5.1,13.0,2,,No,,No,LED flash,1080p@24fps,8.0,No,LED flash,1080p,Wi-Fi 802.11 a/b/g/n,No,4.2,Micro-USB,Yes,GPS,"Fingerprint (rear-mounted), accelerometer, gyro, proximity",4000,,,No,,,,,9000,,,,,,Black,,,,"FM radio, recording"
Micromax,Micromax Bharat 5 Infinity,https://www.gsmarena.com/micromax_bharat_5_infinity-9517.php,https://fdn2.gsmarena.com/vv/bigpic/micromax-bharat-5-infinity-edition-q4204.jpg,GSM / HSPA / LTE,No,"2018, December. Released 2018, December",Discontinued,148 x 71 x 10.4 mm (5.83 x 2.80 x 0.41 in),,,,Nano-SIM + Nano-SIM,IPS LCD,,5.45,720x1440,295,72.9,,Android 8.1 Oreo (Go edition),Mediatek MT6739 (28 nm),28,Quad-core 1.5 GHz Cortex-A53,PowerVR GE8100,1,1,16,16,eMMC 5.1,5.0,1,,No,,No,LED flash,1080p@30fps,5.0,No,LED flash,,Wi-Fi 802.11 b/g/n,No,4.1,Micro-USB,Yes,GPS,"Fingerprint (rear-mounted), accelerometer, proximity",5000,,,No,,,,,5400,,,,,,"Lava Red, Rose Gold, Matte Blue",Q4204,,,"FM radio, recording"
Micromax,Micromax Bharat Go,https://www.gsmarena.com/micromax_bharat_go-9207.php,https://fdn2.gsmarena.com/vv/bigpic/micromax-bharat-go-.jpg,GSM / HSPA / LTE,No,"2018, May. Released 2018, June",Discontinued,136.5 x 67 x 9.6 mm (5.37 x 2.64 x 0.38 in),130.0,Glass,,"Dual SIM (Micro-SIM, dual stand-by)",TFT LCD,,4.5,480x854,207,67.7,,Android 8.0 Oreo (Go edition),Mediatek MT6737М,,Quad-core 1.1 GHz Cortex-A53,Mali-T720MP1,1,1,8,8,eMMC 5.0,5.0,1,,No,,No,Dual-LED dual-tone flash,480p,5.0,No,LED flash,,Wi-Fi 802.11 b/g/n,No,4.0,Micro-USB,Yes,GPS,Accelerometer,2000,,,No,,,,,4400,,,,,,Black,,,,FM radio
Micromax,Micromax Canvas 1 2018,https://www.gsmarena.com/micromax_canvas_1_2018-9181.php,https://fdn2.gsmarena.com/vv/bigpic/micromax-canvas-1-2018.jpg,GSM / HSPA / LTE,No,"2018, April. Released 2018, April",Discontinued,-,,,,"Dual SIM (Micro-SIM, dual stand-by)",IPS LCD,,5.7,720x1440,282,,,Android 7.0 (Nougat),Mediatek MT6737 (28 nm),28,Quad-core 1.3 GHz Cortex-A53,Mali-T720,2,2,16,16,eMMC 5.0,8.0,1,,No,,No,"Dual-LED dual-tone flash, panorama",1080p@30fps,5.0,No,LED flash,,Wi-Fi 802.11 b/g/n,No,4.0,Micro-USB,Yes,GPS,"Accelerometer, proximity",3000,,,No,,,,,7000,,,,,,"Matte Black, Chrome Black",,,,FM radio
Micromax,Micromax Canvas Infinity Life,https://www.gsmarena.com/micromax_canvas_infinity_life-9136.php,https://fdn2.gsmarena.com/vv/bigpic/micromax-canvas-infinity-life.jpg,GSM / HSPA / LTE,No,"2018, March. Released 2018, April",Discontinued,-,,,,"Dual SIM (Micro-SIM, dual stand-by)",IPS LCD,,5.45,720x1440,295,,,"Android 7.1.2 (Nougat), upgradable to Android 8.0 (Oreo)",Mediatek MT6737 (28 nm),28,Quad-core 1.4 GHz Cortex-A53,Mali-T720MP1,2,2,16,16,eMMC 5.0,13.0,1,2.0,No,1/3.1,No,"LED flash, auto-HDR",1080p@30fps,8.0,No,LED flash,,Wi-Fi 802.11 b/g/n,No,4.0,Micro-USB,Yes,GPS,"Fingerprint (rear-mounted), accelerometer, proximity",2500,,,No,,,,,8500,,,,,,Black,,,,FM radio
Micromax,Micromax Bharat 5 Pro,https://www.gsmarena.com/micromax_bharat_5_pro-9125.php,https://fdn2.gsmarena.com/vv/bigpic/micromax-bharat-5-pro.jpg,GSM / HSPA / LTE,No,"2018, March. Released 2018, March",Discontinued,149.5 x 73.5 x 9.8 mm (5.89 x 2.89 x 0.39 in),170.0,,,Nano-SIM + Micro-SIM,IPS LCD,,5.2,720x1280,282,67.8,,Android 7.0 (Nougat),Mediatek MT6737 (28 nm),28,Quad-core 1.3 GHz Cortex-A53,Mali-T720,3,3,32,32,eMMC 5.0,13.0,1,,No,,No,LED flash,720p@30fps,5.0,No,LED flash,,Wi-Fi 802.11 b/g/n,No,4.0,Micro-USB,Yes,GPS,Accelerometer,5000,,,No,,,,,8000,,,,,,Black,B5Pro,,,FM radio
Micromax,Micromax Bharat 5 Plus,https://www.gsmarena.com/micromax_bharat_5_plus-9054.php,https://fdn2.gsmarena.com/vv/bigpic/micromax-bharat-5.jpg,GSM / HSPA / LTE,No,"2018, January. Released 2018, January",Discontinued,149.5 x 73.5 x 9.8 mm (5.89 x 2.89 x 0.39 in),170.0,,,Nano-SIM + Micro-SIM,IPS LCD,,5.2,720x1280,282,67.8,,Android 7.0 (Nougat),Mediatek MT6737 (28 nm),28,Quad-core 1.3 GHz Cortex-A53,Mali-T720,2,2,16,16,eMMC 5.0,8.0,1,,No,,No,LED flash,720p@30fps,5.0,No,LED flash,,Wi-Fi 802.11 b/g/n,No,4.0,Micro-USB,Yes,GPS,Accelerometer,5000,,,No,,,,,7200,,,,,,Black,Bharat 5 Plus,,,FM radio
Micromax,Micromax Bharat 5,https://www.gsmarena.com/micromax_bharat_5-9053.php,https://fdn2.gsmarena.com/vv/bigpic/micromax-bharat-5.jpg,GSM / HSPA / LTE,No,"2017, December. Released 2017, December",Discontinued,149.5 x 73.5 x 9.8 mm (5.89 x 2.89 x 0.39 in),170.0,,,Nano-SIM + Micro-SIM,IPS LCD,,5.2,720x1280,282,67.8,,Android 7.0 (Nougat),Mediatek MT6737 (28 nm),28,Quad-core 1.3 GHz Cortex-A53,Mali-T720,1,1,16,16,eMMC 5.0,5.0,1,,No,,No,LED flash,1080p@30fps,5.0,No,LED flash,,Wi-Fi 802.11 b/g/n,No,4.0,Micro-USB,Yes,GPS,Accelerometer,5000,,,No,,,,,5700,,,,,,Black,Bharat 5,,,FM radio
Micromax,Micromax Canvas Infinity Pro,https://www.gsmarena.com/micromax_canvas_infinity_pro-8914.php,https://fdn2.gsmarena.com/vv/bigpic/micromax-canvas-infinity-pro-hs3.jpg,GSM / HSPA / LTE,No,"2017, December. Released 2017, December",Discontinued,152.3 x 72.8 x 8.3 mm (6.00 x 2.87 x 0.33 in),,Glass,,"Dual SIM (Micro-SIM, dual stand-by)",IPS LCD,,5.7,720x1440,282,75.6,,Android 8.0 (Oreo),Qualcomm MSM8937 Snapdragon 430 (28 nm),28,Octa-core 1.4 GHz Cortex-A53,Adreno 505,4,4,64,64,eMMC 5.1,16.0,1,2.0,No,,No,"LED flash, auto-HDR",1080p@30fps,20.0,No,,,Wi-Fi 802.11 b/g/n,No,4.2,Micro-USB,Yes,GPS,"Fingerprint (rear-mounted), accelerometer, proximity",3000,,,No,,,,,14000,,,,,,Black,HS3,,,FM radio
Micromax,Micromax Bharat 2 Ultra,https://www.gsmarena.com/micromax_bharat_2_ultra-8944.php,https://fdn2.gsmarena.com/vv/bigpic/micromax-brahat2-q402.jpg,GSM / HSPA / LTE,No,"2017, October. Released 2017, November",Discontinued,125 x 63.4 x 10.8 mm (4.92 x 2.50 x 0.43 in),120.0,,,"Dual SIM (Micro-SIM, dual stand-by)",TFT,,4.0,480x800,233,57.5,,Android 6.0 (Marshmallow),Spreadtrum SC9832,,Quad-core 1.3 GHz,,,,4,4,,2.0,1,,No,,No,LED flash,720p@30fps,,No,,,Wi-Fi 802.11 b/g/n,No,4.0,Micro-USB,Yes,GPS,Accelerometer,1300,,,No,,,,,2900,,,,,,"Gold, Black",,,,FM radio
Micromax,Micromax Dual 4 E4816,https://www.gsmarena.com/micromax_dual_4_e4816-8915.php,https://fdn2.gsmarena.com/vv/bigpic/micromax-dual-4-e4816.jpg,GSM / HSPA / LTE,No,"2017, July. Released 2017, July",Discontinued,143.5 x 70 x 8.9 mm (5.65 x 2.76 x 0.35 in),141.0,,,"Hybrid Dual SIM (Micro-SIM, dual stand-by)",IPS LCD,,5.2,1080x1920,424,74.2,Corning Gorilla Glass (unspecified versi,Android 7.0 (Nougat),Qualcomm MSM8940 Snapdragon 435 (28 nm),28,Octa-core 1.4 GHz Cortex-A53,Adreno 505,4,4,64,64,eMMC 5.1,13.0,1,2.0,No,1/3.0,No,"LED flash, panorama",1080p@30fps,13.0,No,,,Wi-Fi 802.11 b/g/n,No,4.1,Micro-USB,Yes,GPS,"Fingerprint (front-mounted), accelerometer, proximity",2730,,,No,,,,,19000,,,,,,"Black/Gray, White/Gold",,,,FM radio
Micromax,Micromax Canvas Selfie 3 Q460,https://www.gsmarena.com/micromax_canvas_selfie_3_q460-8916.php,https://fdn2.gsmarena.com/vv/bigpic/micromax-selfie-3.jpg,GSM / HSPA / LTE,No,"2017, September. Released 2017, September",Discontinued,-,,,,Dual SIM,IPS LCD,,5.0,1080x1920,441,,,Android 7.0 (Nougat),Qualcomm MSM8940 Snapdragon 435 (28 nm),28,Octa-core 1.4 GHz Cortex-A53,Adreno 505,3,3,32,32,eMMC 5.1,13.0,1,2.0,No,,No,"LED flash, HDR, panorama",1080p@30fps,16.0,No,LED flash,,Wi-Fi 802.11 b/g/n,No,4.2,Micro-USB,Yes,GPS,"Fingerprint (rear-mounted), accelerometer, proximity",3000,,,No,,,,,12000,,,,,,"Black, BLue",,,,FM radio
Micromax,Micromax Bharat 4 Q440,https://www.gsmarena.com/micromax_bharat_4_q440-8919.php,https://fdn2.gsmarena.com/vv/bigpic/micromax-bharat-4.jpg,GSM / HSPA / LTE,No,"2017, September. Released 2017, September",Discontinued,144.5 x 73 x 9 mm (5.69 x 2.87 x 0.35 in),150.0,,,"Dual SIM (Micro-SIM, dual stand-by)",IPS LCD,,5.0,720x1280,294,65.3,,Android 7.0 (Nougat),Mediatek MT6737 (28 nm),28,Quad-core 1.3 GHz Cortex-A53,Mali-T720,3,3,16,16,eMMC 5.0,5.0,1,,No,,No,LED flash,720p@30fps,5.0,No,LED flash,,Wi-Fi 802.11 b/g/n,No,4.0,Micro-USB,Yes,GPS,Accelerometer,2500,,,No,,,,,5000,,,,,,"Gold, Black",Q440,,,FM radio
Micromax,Micromax Bharat 3 Q437,https://www.gsmarena.com/micromax_bharat_3_q437-8918.php,https://fdn2.gsmarena.com/vv/bigpic/micromax-bharat-3.jpg,GSM / HSPA / LTE,No,"2017, September. Released 2017, September",Discontinued,136.5 x 67 x 9.7 mm (5.37 x 2.64 x 0.38 in),130.0,,,"Dual SIM (Micro-SIM, dual stand-by)",TFT,,4.5,480x854,218,61.0,,Android 7.0 (Nougat),Mediatek MT6737M (28 nm),28,Quad-core 1.3 GHz Cortex-A53,Mali-T720,1,1,8,8,eMMC 5.0,5.0,1,,No,,No,LED flash,720p@30fps,2.0,No,LED flash,,Wi-Fi 802.11 b/g/n,No,4.0,Micro-USB,Yes,GPS,Accelerometer,2000,,,No,,,,,4500,,,,,,"Gold, Black",Q437,,,FM radio
Micromax,Micromax Bharat 2+,https://www.gsmarena.com/micromax_bharat_2+-8917.php,https://fdn2.gsmarena.com/vv/bigpic/micromax-brahat2-q402.jpg,GSM / HSPA / LTE,No,"2017, Q4. Released 2017, Q4",Discontinued,125 x 63.4 x 10.8 mm (4.92 x 2.50 x 0.43 in),120.0,,,"Dual SIM (Micro-SIM, dual stand-by)",TFT,,4.0,480x800,233,57.5,,Android 7.0 (Nougat),,,,,1,1,8,8,,5.0,1,,No,,No,LED flash,720p@30fps,2.0,No,,,Wi-Fi 802.11 b/g/n,No,4.0,Micro-USB,Yes,GPS,Accelerometer,1600,,,No,,,50.0,,,,,,,,Gold,,,,FM radio
Micromax,Micromax Selfie 2 Note Q4601,https://www.gsmarena.com/micromax_selfie_2_note_q4601-8920.php,https://fdn2.gsmarena.com/vv/bigpic/micromax-canvas-selfie2-.jpg,GSM / HSPA / LTE,No,"2017, September. Released 2017, September",Discontinued,153.5 x 77.5 x 8.5 mm (6.04 x 3.05 x 0.33 in),167.0,,,Dual SIM,IPS LCD,,5.5,720x1280,267,70.1,,Android 7.0 (Nougat),Mediatek MT6737 (28 nm),28,Quad-core 1.3 GHz Cortex-A53,Mali-T720,3,3,32,32,eMMC 5.0,13.0,1,2.0,No,1/3.0,No,"LED flash, panorama",1080p@30fps,8.0,No,LED flash,,Wi-Fi 802.11 b/g/n,No,4.0,Micro-USB,Yes,GPS,"Fingerprint (rear-mounted), accelerometer, proximity",3000,,,No,,,,,,,,,,,Black,,,,FM radio
Micromax,Micromax Canvas Infinity,https://www.gsmarena.com/micromax_canvas_infinity-8823.php,https://fdn2.gsmarena.com/vv/bigpic/micromax-canvas-infinity.jpg,GSM / HSPA / LTE,No,"2017, August. Released 2017, September",Discontinued,152 x 73 x 9 mm (5.98 x 2.87 x 0.35 in),160.0,Glass,,"Dual SIM (Micro-SIM, dual stand-by)",IPS LCD,,5.7,720x1440,279,77.2,,"Android 7.1.2 (Nougat), upgradable to Android 8.0 (Oreo)",Qualcomm MSM8917 Snapdragon 425 (28 nm),28,Quad-core 1.4 GHz Cortex-A53,Adreno 308,3,3,32,32,eMMC 5.1,13.0,1,2.0,No,1/3.1,No,"LED flash, auto-HDR",1080p@30fps,16.0,No,LED flash,1080p@30fps,Wi-Fi 802.11 b/g/n,No,4.1,Micro-USB,Yes,GPS,"Fingerprint (rear-mounted), accelerometer, proximity",2980,,,No,,,,,10000,,,,,,Black,HS2,,,FM radio
Micromax,Micromax Evok Dual Note E4815,https://www.gsmarena.com/micromax_evok_dual_note_e4815-8829.php,https://fdn2.gsmarena.com/vv/bigpic/micromax-evok-dual-note-e4817.jpg,GSM / HSPA / LTE,No,"2017, August. Released 2017, August",Discontinued,154 x 76.4 x 7.8 mm (6.06 x 3.01 x 0.31 in),,,,Nano-SIM + Nano-SIM,IPS LCD,,5.5,1080x1920,401,70.9,,Android 7.0 (Nougat),Mediatek MT6750T (28 nm),28,Octa-core (4x1.5 GHz Cortex-A53 & 4x1.0 GHz Cortex-A53),Mali-T860MP2,3,3,32,32,eMMC 5.1,13.0,2,,No,,No,Dual-LED dual-tone flash,1080p@30fps,5.0,No,,,Wi-Fi 802.11 b/g/n,No,4.0,Micro-USB,Yes,GPS,"Fingerprint (front-mounted), accelerometer, gyro, proximity, compass",3000,,,No,,,,,10000,,,,,,"Champagne Gold, Prussian Blue",,,,FM radio
Micromax,Micromax Selfie 2 Q4311,https://www.gsmarena.com/micromax_selfie_2_q4311-8795.php,https://fdn2.gsmarena.com/vv/bigpic/micromax-canvas-selfie2-.jpg,GSM / HSPA / LTE,No,"2017, July. Released 2017, August",Discontinued,144 x 72 x 8.4 mm (5.67 x 2.83 x 0.33 in),157.0,,,Dual SIM,IPS LCD,,5.2,720x1280,282,71.9,,Android 7.0 (Nougat),Mediatek MT6737 (28 nm),28,Quad-core 1.3 GHz Cortex-A53,Mali-T720,3,3,32,32,eMMC 5.0,13.0,1,2.0,No,1/3.0,No,"LED flash, panorama",1080p@30fps,8.0,No,LED flash,,Wi-Fi 802.11 b/g/n,No,4.0,Micro-USB,Yes,GPS,"Fingerprint (rear-mounted), accelerometer, proximity",3000,,,No,,,,,10000,,,,,,Black,Q4311,,,FM radio
Micromax,Micromax Canvas 1,https://www.gsmarena.com/micromax_canvas_1-8772.php,https://fdn2.gsmarena.com/vv/bigpic/micromax-canvas-1-.jpg,GSM / HSPA / LTE,No,"2017, July. Released 2017, August",Discontinued,143 x 71 x 8.3 mm (5.63 x 2.80 x 0.33 in),150.0,,,Dual SIM,IPS LCD,,5.0,720x1280,294,67.9,,Android 7.0 (Nougat),Mediatek MT6737 (28 nm),28,Quad-core 1.3 GHz Cortex-A53,Mali-T720,2,2,16,16,eMMC 5.0,8.0,1,2.2,No,1/3.2,No,"Dual-LED dual-tone flash, panorama",1080p@30fps,5.0,No,LED flash,,Wi-Fi 802.11 b/g/n,No,4.0,Micro-USB,Yes,GPS,"Accelerometer, proximity",2500,,,No,,,,,7000,,,,,,"Matte Black, Chrome Black",C1,,,FM radio
Micromax,Micromax Canvas 2 Q4310,https://www.gsmarena.com/micromax_canvas_2_q4310-8755.php,https://fdn2.gsmarena.com/vv/bigpic/micromax-canvas-2-q4310.jpg,GSM / HSPA / LTE,No,"2017, July. Released 2017, July",Discontinued,144.2 x 70.8 x 8.5 mm (5.68 x 2.79 x 0.33 in),160.0,,,"Dual SIM (Micro-SIM, dual stand-by)",IPS LCD,,5.0,720x1280,294,67.5,Gorilla Glass 5,Android 7.0 (Nougat),Mediatek MT6737 (28 nm),28,Quad-core 1.3 GHz Cortex-A53,Mali-T720,3,3,16,16,eMMC 5.0,13.0,1,2.0,No,,No,"LED flash, HDR",1080p@28fps,5.0,No,,,Wi-Fi 802.11 b/g/n,No,4.0,Micro-USB,Yes,GPS,"Fingerprint (front-mounted), accelerometer, proximity",3050,,,No,,,,,12000,,,,,,"Black, Gold",Q4310,,,"FM radio, RDS, recording"
Micromax,Micromax Canvas Evok Power Q4260,https://www.gsmarena.com/micromax_canvas_evok_power_q4260-8652.php,https://fdn2.gsmarena.com/vv/bigpic/micromax-canvas-evok-power-q4260.jpg,GSM / HSPA / LTE,No,"2017, April. Released 2017, April",Discontinued,144.3 x 72.4 x 9.7 mm (5.68 x 2.85 x 0.38 in),,,,"Hybrid Dual SIM (Micro-SIM, dual stand-by)",IPS LCD,,5.0,720x1280,294,66.0,Gorilla Glass 3,Android 6.0 (Marshmallow),Mediatek MT6737 (28 nm),28,Quad-core 1.3 GHz Cortex-A53,Mali-T720,2,2,16,16,eMMC 5.0,8.0,1,,No,,No,LED flash,1080p@30fps,5.0,No,,,Wi-Fi 802.11 b/g/n,No,4.0,Micro-USB,Yes,GPS,"Fingerprint (rear-mounted), accelerometer, proximity",4000,,,No,,,100.0,,,,,,,,Champagne Gold,Q426,,,"FM radio, recording"
Micromax,Micromax Canvas Evok Note E453,https://www.gsmarena.com/micromax_canvas_evok_note_e453-8651.php,https://fdn2.gsmarena.com/vv/bigpic/micromax-canvas-evok-note-e453.jpg,GSM / HSPA / LTE,No,"2017, April. Released 2017, April",Discontinued,153 x 75 x 8.5 mm (6.02 x 2.95 x 0.33 in),162.0,,,Nano-SIM + Nano-SIM,IPS LCD,,5.5,1080x1920,401,72.7,,Android 6.0 (Marshmallow),Mediatek MT6753 (28 nm),28,Octa-core 1.3 GHz Cortex-A53,Mali-T720MP3,3,3,32,32,,13.0,1,,No,,No,Dual-LED dual-tone flash,1080p@30fps,5.0,No,,,Wi-Fi 802.11 b/g/n,No,4.0,Micro-USB,Yes,GPS,"Fingerprint (front-mounted), accelerometer, gyro, proximity, compass",4000,,,No,,,140.0,,,,,,,,Champagne Gold,,,,"FM radio, recording"
Micromax,Micromax Bharat 2 Q402,https://www.gsmarena.com/micromax_bharat_2_q402-8643.php,https://fdn2.gsmarena.com/vv/bigpic/micromax-brahat2-q402.jpg,GSM / HSPA / LTE,No,"2017, April. Released 2017, April",Discontinued,125 x 63.4 x 10.3 mm (4.92 x 2.50 x 0.41 in),120.0,,,"Dual SIM (Micro-SIM, dual stand-by)","TFT, 256K colors",,4.0,480x800,233,57.5,,Android 6.0 (Marshmallow),Spreadtrum SC9832,,Quad-core 1.1 GHz,,,,4,4,,2.0,1,,No,,No,LED flash,Yes,,No,,,Wi-Fi 802.11 b/g/n,No,4.0,Micro-USB,Yes,GPS,Accelerometer,1300,,,No,,,50.0,,,,,,,,Gold,"Q402, Q402Plus",,,FM radio
Micromax,Micromax Dual 5,https://www.gsmarena.com/micromax_dual_5-8631.php,https://fdn2.gsmarena.com/vv/bigpic/micromax-canvas-dual-5.jpg,GSM / HSPA / LTE,No,"2017, March. Released 2017, April",Discontinued,-,164.0,,,Dual SIM,AMOLED,,5.5,1080x1920,401,,Gorilla Glass 3,Android 6.0 (Marshmallow),Qualcomm MSM8976 Snapdragon 652 (28 nm),28,Octa-core (4x1.8 GHz Cortex-A72 & 4x1.4 GHz Cortex-A53),Adreno 510,4,4,128,128,eMMC 5.1,13.0,1,,No,,Yes,"Dual-LED dual-tone flash, HDR, panorama","4K@30fps, 1080p@30fps",13.0,No,,1080p@30fps,Wi-Fi 802.11 b/g/n,No,4.0,Type-C,Yes,GPS,"Fingerprint (rear-mounted), accelerometer, proximity, compass",3200,18,,No,,,360.0,,,,,,,,Gold,E4820,,,FM radio
Micromax,Micromax Spark Vdeo Q415,https://www.gsmarena.com/micromax_spark_vdeo_q415-8628.php,https://fdn2.gsmarena.com/vv/bigpic/micromax-spark-vdeo-q415.jpg,GSM / HSPA / LTE,No,"2017, March. Released 2017, March",Discontinued,133.8 x 67.5 x 10 mm (5.27 x 2.66 x 0.39 in),140.0,,,"Dual SIM (Micro-SIM, dual stand-by)",IPS LCD,,4.5,480x854,218,61.8,,Android 6.0 (Marshmallow),Spreadtrum SC9832A,,Quad-core 1.1 GHz,,1,1,8,8,,5.0,1,,No,,No,LED flash,720p@30fps,2.0,No,,,Wi-Fi 802.11 b/g/n,No,4.0,Micro-USB,Yes,GPS,Accelerometer,1800,,,No,,,60.0,,,,,,,,Gold,,,,FM radio
Micromax,Micromax Vdeo 5,https://www.gsmarena.com/micromax_vdeo_5-8576.php,https://fdn2.gsmarena.com/vv/bigpic/micromax-vdeo-5.jpg,GSM / HSPA / LTE,No,"2017, February. Released 2017, March",Discontinued,153.5 x 77.6 x 8.6 mm (6.04 x 3.06 x 0.34 in),,,,Dual SIM,IPS LCD,,5.5,720x1280,267,70.0,Corning Gorilla Glass (unspecified versi,Android 6.0 (Marshmallow),Spreadtrum SC9832A,,Quad-core 1.3 GHz,,1,1,8,8,,8.0,1,,No,,No,LED flash,1080p@30fps,5.0,No,,,Wi-Fi 802.11 b/g/n,No,4.0,Micro-USB,Yes,GPS,"Accelerometer, proximity",3000,,,No,,,100.0,,,,,,,,Gold,,,,FM radio
Micromax,Micromax Vdeo 4,https://www.gsmarena.com/micromax_vdeo_4-8575.php,https://fdn2.gsmarena.com/vv/bigpic/micromax-vdeo-4.jpg,GSM / HSPA / LTE,No,"2017, January. Released 2017, February",Discontinued,145.5 x 71.5 x 9.8 mm (5.73 x 2.81 x 0.39 in),,,,Dual SIM (Micro-SIM),IPS LCD,,5.0,720x1280,294,66.2,Corning Gorilla Glass (unspecified versi,Android 6.0 (Marshmallow),Qualcomm MSM8909 Snapdragon 210 (28 nm),28,Quad-core 1.1 GHz Cortex-A7,Adreno 304,1,1,8,8,eMMC 4.5,8.0,1,,No,,No,LED flash,720p@30fps,2.0,No,,,Wi-Fi 802.11 b/g/n,No,4.0,Micro-USB,Yes,GPS,"Accelerometer, proximity",4000,,,No,,,90.0,,,,,,,,Gold,Q4251,,,FM radio
Micromax,Micromax Vdeo 3,https://www.gsmarena.com/micromax_vdeo_3-8574.php,https://fdn2.gsmarena.com/vv/bigpic/micromax-vdeo-3.jpg,GSM / HSPA / LTE,No,"2017, January. Released 2017, February",Discontinued,132 x 66 x 9.7 mm (5.20 x 2.60 x 0.38 in),,,,Dual SIM,IPS LCD,,4.5,480x854,218,64.1,Corning Gorilla Glass (unspecified versi,Android 6.0 (Marshmallow),Spreadtrum SC9832A,,Quad-core 1.3 GHz,,1,1,8,8,,5.0,1,,No,,No,LED flash,720p@30fps,2.0,No,,,Wi-Fi 802.11 b/g/n,No,4.0,Micro-USB,Yes,GPS,"Accelerometer, proximity",1800,,,No,,,80.0,,,,,,,,Rose Gold,Q4202,,,FM radio
Micromax,Micromax Vdeo 2,https://www.gsmarena.com/micromax_vdeo_2-8498.php,https://fdn2.gsmarena.com/vv/bigpic/micromax-vdeo2.jpg,GSM / HSPA / LTE,No,"2016, December. Released 2016, December",Discontinued,132 x 66 x 9.7 mm (5.20 x 2.60 x 0.38 in),156.0,,,Dual SIM,IPS LCD,,4.5,480x854,218,64.1,Corning Gorilla Glass (unspecified versi,Android 6.0 (Marshmallow),Spreadtrum,,Quad-core 1.3 GHz,,1,1,8,8,,5.0,1,,No,,No,LED flash,Yes,2.0,No,,,Wi-Fi 802.11 b/g/n,No,4.0,Micro-USB,Yes,GPS,Accelerometer,1800,,,No,,,70.0,,,,,,,,"Rose Gold, Black",Q4101,,,FM radio
Micromax,Micromax Vdeo 1,https://www.gsmarena.com/micromax_vdeo_1-8497.php,https://fdn2.gsmarena.com/vv/bigpic/micromax-vdeo-.jpg,GSM / HSPA / LTE,No,"2016, December. Released 2016, December",Discontinued,165 x 63.6 x 10 mm (6.50 x 2.50 x 0.39 in),,,,Dual SIM,IPS LCD,,4.0,480x800,233,43.4,Corning Gorilla Glass (unspecified versi,Android 6.0 (Marshmallow),Spreadtrum,,Quad-core 1.3 GHz,,1,1,8,8,,5.0,1,,No,,No,LED flash,Yes,2.0,No,,,Wi-Fi 802.11 b/g/n,No,4.0,Micro-USB,Yes,GPS,Accelerometer,1600,,,No,,,60.0,,,,,,,,"Rose Gold, Black",Q4001,,,FM radio
Micromax,Micromax Canvas Spark 4G Q4201,https://www.gsmarena.com/micromax_canvas_spark_4g_q4201-8431.php,https://fdn2.gsmarena.com/vv/bigpic/micromax-canvas-spark-4g-q4201.jpg,GSM / HSPA / LTE,No,"2016, November. Released 2016, November",Discontinued,144 x 72.7 x 10.6 mm (5.67 x 2.86 x 0.42 in),165.0,,,Dual SIM,IPS LCD,,5.0,480x854,196,65.8,Corning Gorilla Glass (unspecified versi,Android 6.0 (Marshmallow),Spreadtrum,,Quad-core 1.3 GHz,,1,1,8,8,,5.0,1,,No,,No,LED flash,Yes,2.0,No,,,Wi-Fi 802.11 b/g/n,No,4.0,Micro-USB,Yes,GPS,Accelerometer,2000,,,No,,,70.0,,,,,,,,White Champagne,,,,FM radio
Micromax,Micromax Canvas Fire 6 Q428,https://www.gsmarena.com/micromax_canvas_fire_6_q428-8405.php,https://fdn2.gsmarena.com/vv/bigpic/micromax-canvas-fire-6-q428.jpg,GSM / HSPA / LTE,No,"2016, October. Released 2016, November",Discontinued,145 x 73 x 8.3 mm (5.71 x 2.87 x 0.33 in),155.0,,,Dual SIM,IPS LCD,,5.0,720x1280,294,65.1,,Android 5.1 (Lollipop),,,Quad-core 1.0 GHz Cortex-A53,,1,1,8,8,,8.0,1,,No,,No,LED flash,720p@30fps,2.0,No,,,"Wi-Fi 802.11 b/g/n, hotspot",No,4.0,Micro-USB,Yes,GPS,"Accelerometer, proximity",3050,,,No,,,,,,,,,,,Black,,,,FM radio
Micromax,Micromax Canvas 5 Lite Q462,https://www.gsmarena.com/micromax_canvas_5_lite_q462-8365.php,https://fdn2.gsmarena.com/vv/bigpic/micromax-canvas-5-lite-q462.jpg,GSM / HSPA / LTE,No,"2016, September. Released 2016, October",Discontinued,144 x 73.5 x 8.9 mm (5.67 x 2.89 x 0.35 in),151.0,,,Dual SIM,"TFT, 256K colors",,5.0,720x1280,294,65.1,,Android 5.1 (Lollipop),Mediatek MT6735P (28 nm),28,Quad-core 1.3 GHz Cortex-A53,Mali-T720MP2,2,2,16,16,,8.0,1,,No,,No,LED flash,720p@30fps,5.0,No,,,"Wi-Fi 802.11 b/g/n, hotspot",No,4.0,Micro-USB,Yes,GPS,"Accelerometer, proximity",2000,,,No,,,80.0,,,,,,,,Black,"Q463, Q462",,,FM radio
Micromax,Micromax Bolt Q381,https://www.gsmarena.com/micromax_bolt_q381-8261.php,https://fdn2.gsmarena.com/vv/bigpic/micromax-bolt-q381.jpg,GSM / HSPA,No,"2016, July. Released 2016, July",Discontinued,-,,,,"Dual SIM (Micro-SIM/ Mini-SIM, dual stand-by)",IPS LCD,,5.0,480x854,196,,,Android 5.1 (Lollipop),Spreadtrum SC7731G,,Quad-core 1.3 GHz Cortex-A7,,1,1,8,8,,5.0,1,,No,,No,,720p,,No,,,"Wi-Fi 802.11 b/g/n, hotspot",No,2.1,Micro-USB,Yes,GPS,Accelerometer,2000,,,No,,,,,,,,,,,Black,Q381,,,FM radio
Micromax,Micromax Canvas Mega 2 Q426,https://www.gsmarena.com/micromax_canvas_mega_2_q426-8260.php,https://fdn2.gsmarena.com/vv/bigpic/micromax-canvas-mega-2-q426.jpg,GSM / HSPA / LTE,No,"2016, August. Released 2016, August",Discontinued,-,,,,"Dual SIM (Micro-SIM, dual stand-by)",IPS LCD,,6.0,540x960,184,,,Android 5.1 (Lollipop),Spreadtrum SC9832,,Quad-core 1.3 GHz,,1,1,8,8,,8.0,1,,No,,No,LED flash,720p@30fps,5.0,No,,,"Wi-Fi 802.11 b/g/n, hotspot",No,2.1,Micro-USB,Yes,GPS,"Accelerometer, proximity",3000,,,No,,,100.0,,,,,,,,Black,,0.40 W/kg (body),,FM radio
Micromax,Micromax Canvas Spark 2 Plus Q350,https://www.gsmarena.com/micromax_canvas_spark_2_plus_q350-8259.php,https://fdn2.gsmarena.com/vv/bigpic/micromax-canvas-spark-2-plus-q350.jpg,GSM / HSPA,No,"2016, July. Released 2016, July",Discontinued,-,,,,Dual SIM,IPS LCD,,5.0,480x854,196,,,Android 6.0 (Marshmallow),Mediatek MT6580M (28 nm),28,Quad-core 1.3 GHz Cortex-A7,Mali-400MP2,1,1,8,8,,5.0,1,,No,,No,LED flash,720p@30fps,2.0,No,,,Wi-Fi 802.11 b/g/n,No,4.0,Micro-USB,Yes,GPS,"Accelerometer, proximity",2000,,,No,,,50.0,,,,,,,,"Gray, Copper Gold, Champagne Gold",Q350,,,FM radio
Micromax,Micromax Canvas Spark 3 Q385,https://www.gsmarena.com/micromax_canvas_spark_3_q385-8258.php,https://fdn2.gsmarena.com/vv/bigpic/micromax-canvas-spark-3-q385.jpg,GSM / HSPA,No,"2016, July. Released 2016, July",Discontinued,153.8 x 77.5 x 9.1 mm (6.06 x 3.05 x 0.36 in),175.0,,,"Dual SIM (Micro-SIM, dual stand-by)",IPS LCD,,5.5,720x1280,267,70.0,,Android 5.1 (Lollipop),Spreadtrum SC7731,,Quad-core 1.3 GHz Cortex-A7,,1,1,8,8,,8.0,1,,No,,No,LED flash,1080p@30fps,5.0,No,,,"Wi-Fi 802.11 b/g/n, hotspot",No,4.0,Micro-USB,Yes,GPS,Accelerometer,2500,,,No,,,70.0,,,,,,,,Black,Q385,,,FM radio
Micromax,Micromax Canvas Amaze 2 E457,https://www.gsmarena.com/micromax_canvas_amaze_2_e457-8257.php,https://fdn2.gsmarena.com/vv/bigpic/micromax-canvas-amaze-2-e457.jpg,GSM / HSPA / LTE,No,"2016, July. Released 2016, July",Discontinued,-,,,,Dual SIM,IPS LCD,,5.0,720x1280,294,,Gorilla Glass 3,Android 5.0.2 (Lollipop),Qualcomm MSM8929 Snapdragon 415 (28 nm),28,Octa-core (4x1.4 GHz Cortex-A53 & 4x1.0 GHz Cortex-A53),Adreno 405,2,2,16,16,eMMC 4.5,13.0,1,,No,,No,Dual-LED flash,1080p@30fps,5.0,No,,,"Wi-Fi 802.11 b/g/n, hotspot",No,4.0,Micro-USB,Yes,GPS,"Accelerometer, proximity, compass",2500,,,No,,,100.0,,,,,,,,Black,,,,FM radio
Micromax,Micromax Canvas xp 4G Q413,https://www.gsmarena.com/micromax_canvas_xp_4g_q413-8225.php,https://fdn2.gsmarena.com/vv/bigpic/micromax-q413.jpg,GSM / HSPA / LTE,No,"2016, May. Released 2016, May",Discontinued,142.7 x 72.8 x 8.7 mm (5.62 x 2.87 x 0.34 in),134.0,,,"Dual SIM (Micro-SIM, dual stand-by)",IPS LCD,,5.0,720x1280,294,66.3,,Android 5.1 (Lollipop),Mediatek MT6735P (28 nm),28,Quad-core 1.0 GHz Cortex-A53,Mali-T720MP2,3,3,16,16,,8.0,1,,No,,No,LED flash,720p@30fps,2.0,No,,,"Wi-Fi 802.11 b/g/n, hotspot",No,4.0,Micro-USB,Yes,GPS,"Accelerometer, proximity",2000,,,No,,,,,,,,,,,Black,,,,FM radio
Micromax,Micromax Bolt Supreme 2 Q301,https://www.gsmarena.com/micromax_bolt_supreme_2_q301-8224.php,https://fdn2.gsmarena.com/vv/bigpic/micromax-bolt-q301.jpg,GSM / HSPA,No,"2016, May. Released 2016, May",Discontinued,-,,,,"Dual SIM (Micro-SIM, dual stand-by)","TFT, 256K colors",,4.0,480x800,233,,,Android 5.1 (Lollipop),Spreadtrum SC7731C,,Quad-core 1.2 GHz,,,,4,4,,2.0,1,,No,,No,LED flash,320p,,No,,,"Wi-Fi 802.11 b/g/n, hotspot",No,2.1,Micro-USB,Yes,A-GPS only,Accelerometer,1400,,,No,,,,,,,,,,,Black,,,,FM radio
Micromax,Micromax Bolt Supreme Q300,https://www.gsmarena.com/micromax_bolt_supreme_q300-8226.php,https://fdn2.gsmarena.com/vv/bigpic/micromax-q300.jpg,GSM / HSPA,No,"2016, May. Released 2016, May",Discontinued,135 x 84 x 9 mm (5.31 x 3.31 x 0.35 in),222.0,,,"Dual SIM (Micro-SIM, dual stand-by)","TFT, 256K colors",,3.5,320x480,165,32.2,,Android 5.1 (Lollipop),Spreadtrum SC7731C,,Quad-core 1.2 GHz,,,,4,4,,2.0,1,,No,,No,LED flash,320p,,No,,,"Wi-Fi 802.11 b/g/n, hotspot",No,2.1,Micro-USB,Yes,No,Accelerometer,1200,,,No,,,,,,,,,,,Black,,,,FM radio
Micromax,Micromax Canvas Evok E483,https://www.gsmarena.com/micromax_canvas_evok_e483-8223.php,https://fdn2.gsmarena.com/vv/bigpic/micromax-canvas-evok-e483.jpg,GSM / HSPA / LTE,No,"2016, May. Released 2016, May",Discontinued,-,,,,Nano-SIM + Micro-SIM,IPS LCD,,5.5,720x1280,267,,Gorilla Glass 3,Android 5.1 (Lollipop),Qualcomm MSM8929 Snapdragon 415 (28 nm),28,Octa-core (4x1.4 GHz Cortex-A53 & 4x1.0 GHz Cortex-A53),Adreno 405,3,3,16,16,eMMC 4.5,13.0,1,,No,,No,Dual-LED flash,1080p@30fps,5.0,No,,1080p@30fps,"Wi-Fi 802.11 b/g/n, hotspot",No,4.0,Micro-USB,Yes,GPS,"Accelerometer, proximity",3000,,,No,,,,,,,,,,,Black,,,,FM radio
Micromax,Micromax Bolt Selfie Q424,https://www.gsmarena.com/micromax_bolt_selfie_q424-8222.php,https://fdn2.gsmarena.com/vv/bigpic/micromax-bolt-selfie-q424.jpg,GSM / HSPA / LTE,No,"2016, May. Released 2016, May",Discontinued,-,,,,"Dual SIM (Micro-SIM, dual stand-by)",IPS LCD,,4.5,480x854,218,,,Android 5.1 (Lollipop),Mediatek MT6735 (28 nm),28,Quad-core 1.0 GHz Cortex-A53,Mali-T720MP2,1,1,8,8,,5.0,1,,No,,No,LED flash,1080p@30fps,5.0,No,,,"Wi-Fi 802.11 b/g/n, hotspot",No,2.1,Micro-USB,Yes,GPS,"Accelerometer, proximity",1750,,,No,,,100.0,,,,,,,,"Black, White",Q424,0.40 W/kg (body),,FM radio
Micromax,Micromax Bolt supreme 4 Q352,https://www.gsmarena.com/micromax_bolt_supreme_4_q352-8221.php,https://fdn2.gsmarena.com/vv/bigpic/micromax-q352.jpg,GSM / HSPA,No,"2016, July. Released 2016, July",Discontinued,145 x 73.4 x 9.7 mm (5.71 x 2.89 x 0.38 in),,,,"Dual SIM (Mini-SIM/ Micro-SIM, dual stand-by)",IPS LCD,,5.0,720x1280,294,64.8,,Android 6.0 (Marshmallow),Mediatek MT6580 (28 nm),28,Quad-core 1.3 GHz Cortex-A7,Mali-400MP2,1,1,8,8,,8.0,1,,No,,No,LED flash,720p,5.0,No,,,Wi-Fi 802.11 b/g/n,No,4.0,Micro-USB,Yes,GPS,Accelerometer,2000,,,No,,,,,,,,,,,Black/Gold,Q352,0.40 W/kg (body),,FM radio
Micromax,Micromax Canvas Selfie 4,https://www.gsmarena.com/micromax_canvas_selfie_4-8220.php,https://fdn2.gsmarena.com/vv/bigpic/micromax-canvas-selfie-4.jpg,GSM / HSPA,No,"2016, May. Released 2016, May",Discontinued,-,,,,"Dual SIM (Micro-SIM, dual stand-by)",IPS LCD,,5.0,720x1280,294,,,Android 6.0 (Marshmallow),Mediatek MT6580 (28 nm),28,Quad-core 1.3 GHz Cortex-A7,Mali-400MP2,1,1,8,8,,8.0,1,,No,,No,"LED flash, panorama",1080p@30fps,8.0,No,LED flash,,Wi-Fi 802.11 b/g/n,No,4.0,Micro-USB,Yes,GPS,"Accelerometer, proximity",2500,,,No,,,,,,,,,,,Gold,Q349,,,FM radio
Micromax,Micromax Unite 4 plus,https://www.gsmarena.com/micromax_unite_4_plus-8219.php,https://fdn2.gsmarena.com/vv/bigpic/canvas-unite4-plus.jpg,GSM / HSPA / LTE,No,"2016, July. Released 2016, July",Discontinued,143.2 x 71.2 x 8.4 mm (5.64 x 2.80 x 0.33 in),,,,"Dual SIM (Micro-SIM, dual stand-by)",IPS LCD,,5.0,720x1280,294,67.6,Gorilla Glass 3,Android 6.0 (Marshmallow),Mediatek MT6735P (28 nm),28,Quad-core 1.0 GHz Cortex-A53,Mali-T720MP2,2,2,16,16,,8.0,1,,No,,No,LED flash,720p@30fps,5.0,No,LED flash,,Wi-Fi 802.11 b/g/n,No,4.0,Micro-USB,Yes,GPS,"Fingerprint (front-mounted), accelerometer, proximity",2500,,,No,,,,,,,,,,,"Champagne, Grey, Silver",,,,FM radio
Micromax,Micromax Canvas Unite 4,https://www.gsmarena.com/micromax_canvas_unite_4-8169.php,https://fdn2.gsmarena.com/vv/bigpic/micromax-canvas-unite-4.jpg,GSM / HSPA / LTE,No,"2016, June. Released 2016, June",Discontinued,-,,,,"Dual SIM (Micro-SIM, dual stand-by)",IPS LCD,,5.0,720x1280,294,,Gorilla Glass 3,Android 6.0 (Marshmallow),Mediatek MT6735P (28 nm),28,Quad-core 1.4 GHz Cortex-A53,Mali-T720MP2,1,1,8,8,,8.0,1,,No,,No,LED flash,720p@30fps,5.0,No,LED flash,,Wi-Fi 802.11 b/g/n,No,4.0,Micro-USB,Yes,GPS,"Fingerprint (front-mounted), accelerometer, proximity",2500,,,No,,,,,,,,,,,"Champagne, Grey, Silver",Q427,,,FM radio
Micromax,Micromax Canvas Unite 4 Pro,https://www.gsmarena.com/micromax_canvas_unite_4_pro-8168.php,https://fdn2.gsmarena.com/vv/bigpic/micromax-canvas-unite-4-pro.jpg,GSM / HSPA / LTE,No,"2016, June. Released 2016, June",Discontinued,143 x 71.8 x 9.4 mm (5.63 x 2.83 x 0.37 in),152.0,,,"Dual SIM (Micro-SIM, dual stand-by)",IPS LCD,,5.0,720x1280,294,67.1,,Android 5.1 (Lollipop),Spreadtrum SC9832,,Quad-core 1.3 GHz Cortex-A7,,2,2,16,16,,8.0,1,,No,,No,LED flash,720p@30fps,5.0,No,,,"Wi-Fi 802.11 b/g/n, hotspot",No,4.0,Micro-USB,Yes,GPS,"Fingerprint (rear-mounted), accelerometer, proximity",3900,,,No,,,,,,,,,,,Black/Gold,Q465,,,FM radio
Micromax,Micromax Canvas Fire 5 Q386,https://www.gsmarena.com/micromax_canvas_fire_5_q386-8164.php,https://fdn2.gsmarena.com/vv/bigpic/micromax-canvas-fire-5.jpg,GSM / HSPA,No,"2016, June. Released 2016, June",Discontinued,-,,,,"Dual SIM (Micro-SIM, dual stand-by)",IPS LCD,,5.5,720x1280,267,,,Android 6.0 (Marshmallow),Mediatek MT6580 (28 nm),28,Quad-core 1.3 GHz Cortex-A7,Mali-400MP2,1,1,16,16,,8.0,1,,No,,No,LED flash,1080p@30fps,5.0,No,,,Wi-Fi 802.11 b/g/n,No,4.0,Micro-USB,Yes,GPS,"Accelerometer, proximity",2500,,,No,,,80.0,,,,,,,,"Gold, grey, silver",Q386,,,FM radio
Micromax,Micromax Canvas 6 Pro E484,https://www.gsmarena.com/micromax_canvas_6_pro_e484-8032.php,https://fdn2.gsmarena.com/vv/bigpic/micromax-canvas-6-e484.jpg,GSM / HSPA / LTE,No,"2016, April. Released 2016, April",Discontinued,,,,,Nano-SIM + Micro-SIM,IPS LCD,,5.5,1080x1920,401,,Gorilla Glass 3,Android 5.1 (Lollipop),Mediatek MT6795 Helio X10 (28 nm),28,Octa-core 2.0 GHz Cortex-A53,PowerVR G6200,4,4,16,16,eMMC 5.0,13.0,1,,No,,No,LED flash,1080p@30fps,5.0,No,,,"Wi-Fi 802.11 b/g/n, hotspot",No,4.1,Micro-USB,Yes,GPS,"Accelerometer, proximity, compass",3000,,,No,,,180.0,,,,,,,,Black,E484,,,FM radio
Micromax,Micromax Canvas 6,https://www.gsmarena.com/micromax_canvas_6-8033.php,https://fdn2.gsmarena.com/vv/bigpic/micromax-canvas-6.jpg,GSM / HSPA / LTE,No,"2016, April. Released 2016, May",Discontinued,150 x 77 x 9 mm (5.91 x 3.03 x 0.35 in),162.0,,,Nano-SIM + Micro-SIM,IPS LCD,,5.5,1080x1920,401,72.2,Gorilla Glass 3,Android 5.1 (Lollipop),Mediatek MT6795 Helio X10 (28 nm),28,Octa-core 2.0 GHz Cortex-A53,PowerVR G6200,3,3,32,32,eMMC 5.0,13.0,1,2.0,No,,No,LED flash,1080p@30fps,8.0,No,,,"Wi-Fi 802.11 a/b/g/n/ac, dual-band, Wi-Fi Direct, hotspot",No,4.1,Micro-USB,Yes,GPS,"Fingerprint (rear-mounted), accelerometer, proximity, compass",3000,,,No,,,90.0,,,,,,,,Gold,E485,,,FM radio
Micromax,Micromax Canvas Juice 4G Q461,https://www.gsmarena.com/micromax_canvas_juice_4g_q461-7965.php,https://fdn2.gsmarena.com/vv/bigpic/micromax-canvas-juice-4g-q461.jpg,GSM / HSPA / LTE,No,"2016, February. Released 2016, February",Discontinued,143 x 71.8 x 9.4 mm (5.63 x 2.83 x 0.37 in),152.0,,,"Dual SIM (Micro-SIM, dual stand-by)",IPS LCD,,5.0,720x1280,294,67.1,Gorilla Glass 3,Android 5.1 (Lollipop),,,Quad-core 1.0 GHz,,2,2,8,8,,8.0,1,,No,,No,Dual-LED flash,Yes,5.0,No,,,"Wi-Fi 802.11 b/g/n, hotspot",No,4.0,Micro-USB,Yes,GPS,"Accelerometer, proximity",4000,,,No,,,,,,,,,,,Black,Q461,,,FM radio
Micromax,Micromax Canvas Amaze 4G Q491,https://www.gsmarena.com/micromax_canvas_amaze_4g_q491-7964.php,https://fdn2.gsmarena.com/vv/bigpic/micromax-canvas-amaze-q491.jpg,GSM / HSPA / LTE,No,"2016, February. Released 2016, February",Discontinued,-,,,,"Dual SIM (Micro-SIM, dual stand-by)",IPS LCD,,5.0,720x1280,294,,Gorilla Glass 3,Android 5.1.1 (Lollipop),Qualcomm MSM8916 Snapdragon 410 (28 nm),28,Quad-core 1.2 GHz Cortex-A53,Adreno 306,1,1,8,8,eMMC 4.5,8.0,1,,No,,No,LED flash,720p,2.0,No,,,"Wi-Fi 802.11 b/g/n, hotspot",No,4.0,Micro-USB,Yes,GPS,"Accelerometer, gyro, proximity, compass",2230,,,No,,,,,,,,,,,Black,,,,FM radio
Micromax,Micromax Canvas Juice 4 Q382,https://www.gsmarena.com/micromax_canvas_juice_4_q382-7899.php,https://fdn2.gsmarena.com/vv/bigpic/micromax-canvas-juice-3-q392.jpg,GSM / HSPA,No,"2015, December. Released 2015, December",Discontinued,-,,,,"Dual SIM (Micro-SIM, dual stand-by)",IPS LCD,,5.0,480x854,196,,,Android 5.1 (Lollipop),Spreadtrum SC7731,,Quad-core 1.3 GHz,,1,1,8,8,,5.0,1,,No,,No,LED flash,720p,2.0,No,,,"Wi-Fi 802.11 b/g/n, hotspot",No,2.1,Micro-USB,Yes,GPS,"Accelerometer, proximity",3000,,,No,,,170.0,,,,,,,,"Black, White",,,,FM radio
Micromax,Micromax Canvas Pulse 4G E451,https://www.gsmarena.com/micromax_canvas_pulse_4g_e451-7900.php,https://fdn2.gsmarena.com/vv/bigpic/micromax-e451.jpg,GSM / HSPA / LTE,No,"2015, December. Released 2015, December",Discontinued,140.8 x 70.4 x 8.8 mm (5.54 x 2.77 x 0.35 in),128.0,,,Dual SIM,IPS LCD,,5.0,720x1280,294,69.5,,Android 5.1 (Lollipop),,,Octa-core 1.3 GHz,,3,3,16,16,,13.0,1,,No,,No,LED flash,Yes,5.0,No,,,"Wi-Fi 802.11 b/g/n, hotspot",No,4.0,Micro-USB,Yes,GPS,"Accelerometer, proximity",2100,,,No,,,130.0,,,,,,,,Black,,,,FM radio
Micromax,Micromax Canvas Mega 4G Q417,https://www.gsmarena.com/micromax_canvas_mega_4g_q417-7901.php,https://fdn2.gsmarena.com/vv/bigpic/micromax-q417.jpg,GSM / HSPA / LTE,No,"2015, December. Released 2015, December",Discontinued,146.5 x 74.9 x 8.1 mm (5.77 x 2.95 x 0.32 in),145.0,,,"Dual SIM (Micro-SIM/ Mini-SIM, dual stand-by)",IPS LCD,,5.5,720x1280,267,76.0,,Android 5.1 (Lollipop),Mediatek MT6735 (28 nm),28,Quad-core 1.3 GHz Cortex-A53,Mali-T720MP2,3,3,16,16,,13.0,1,,No,,No,LED flash,1080p@30fps,5.0,No,,,"Wi-Fi 802.11 b/g/n, hotspot",No,4.0,Micro-USB,Yes,GPS,"Accelerometer, proximity",2500,,,No,,,150.0,,,,,,,,Black,Q417,,,FM radio
Micromax,Micromax Canvas Fire 4G Plus Q412,https://www.gsmarena.com/micromax_canvas_fire_4g_plus_q412-7902.php,https://fdn2.gsmarena.com/vv/bigpic/micromax-q412.jpg,GSM / HSPA / LTE,No,"2015, December. Released 2015, December",Discontinued,-,,,,"Dual SIM (Micro-SIM, dual stand-by)",IPS LCD,,4.7,720x1280,312,,Gorilla Glass 3,Android 5.1 (Lollipop),Mediatek MT6735P (28 nm),28,Quad-core 1.0 GHz Cortex-A53,Mali-T720MP2,1,1,8,8,,8.0,1,2.0,No,,No,LED flash,Yes,5.0,No,,,"Wi-Fi 802.11 b/g/n, hotspot",No,4.0,Micro-USB,Yes,GPS,"Accelerometer, proximity",2000,,,No,,,90.0,,,,,,,,Black,,,,FM radio
Micromax,Micromax Canvas Nitro 3 E352,https://www.gsmarena.com/micromax_canvas_nitro_3_e352-7784.php,https://fdn2.gsmarena.com/vv/bigpic/micromax-canvas-nitro3-e352.jpg,GSM / HSPA,No,"2015, November. Released 2015, November",Discontinued,144.3 x 72 x 8.7 mm (5.68 x 2.83 x 0.34 in),,,,Dual SIM,IPS LCD,,5.0,720x1280,294,66.3,Gorilla Glass 3,Android 5.1 (Lollipop),Mediatek MT6592M (28 nm),28,Octa-core 1.4 GHz Cortex-A7,Mali-450MP4,2,2,16,16,,13.0,1,,No,,No,LED flash,Yes,5.0,No,,,"Wi-Fi 802.11 b/g/n, hotspot",No,4.0,Micro-USB,Yes,GPS,"Accelerometer, proximity",2500,,,No,,,120.0,,,,,,,,Black,E352,,,FM radio
Micromax,Micromax Canvas Xpress 4G Q413,https://www.gsmarena.com/micromax_canvas_xpress_4g_q413-7783.php,https://fdn2.gsmarena.com/vv/bigpic/micromax-canvas-express-4g-q413.jpg,GSM / HSPA / LTE,No,"2015, November. Released 2015, November",Discontinued,142.7 x 72.8 x 8.7 mm (5.62 x 2.87 x 0.34 in),155.0,,,Dual SIM (Micro-SIM),IPS LCD,,5.0,720x1280,294,66.3,,Android 5.1 (Lollipop),Mediatek MT6735P (28 nm),28,Quad-core 1.0 GHz Cortex-A53,Mali-T720MP2,2,2,16,16,,8.0,1,2.0,No,,No,LED flash,720p@30fps,2.0,No,,,"Wi-Fi 802.11 b/g/n, hotspot",No,4.0,Micro-USB,Yes,GPS,"Accelerometer, proximity",2000,,,No,,,60.0,,,,,,,,Black,Q413,,,FM radio
Micromax,Micromax Canvas Blaze 4G+ Q414,https://www.gsmarena.com/micromax_canvas_blaze_4g+_q414-7782.php,https://fdn2.gsmarena.com/vv/bigpic/micromax-canvas-blaze-4g-plus-q414.jpg,GSM / HSPA / LTE,No,"2015, November. Released 2015, November",Discontinued,131 x 65.5 x 8.2 mm (5.16 x 2.58 x 0.32 in),119.0,,,Dual SIM (Mini-SIM/ Micro-SIM),IPS LCD,,4.5,480x854,218,65.0,,Android 5.1 (Lollipop),Mediatek MT6735M (28 nm),28,Quad-core 1.0 GHz Cortex-A53,Mali-T720MP2,1,1,8,8,,8.0,1,,No,,No,LED flash,720p@30fps,2.0,No,,,"Wi-Fi 802.11 b/g/n, hotspot",No,4.0,Micro-USB,Yes,GPS,"Accelerometer, proximity",1750,,,No,,,,,,,,,,,Black,,,,FM radio
Micromax,Micromax Canvas Pace 4G Q416,https://www.gsmarena.com/micromax_canvas_pace_4g_q416-7781.php,https://fdn2.gsmarena.com/vv/bigpic/micromax-canvas-pace-4g-q416.jpg,GSM / HSPA / LTE,No,"2015, November. Released 2015, November",Discontinued,143 x 72 x 8.8 mm (5.63 x 2.83 x 0.35 in),,,,Dual SIM,IPS LCD,,5.0,480x854,196,66.9,,Android 5.1 (Lollipop),,,Quad-core 1.1 GHz,,1,1,4,4,,5.0,1,,No,,No,LED flash,Yes,2.0,No,,,"Wi-Fi 802.11 b/g/n, hotspot",No,4.0,Micro-USB,Yes,GPS,"Accelerometer, proximity",2500,,,No,,,,,,,,,,,Black,,,,FM radio
Micromax,Micromax Canvas 5 E481,https://www.gsmarena.com/micromax_canvas_5_e481-7735.php,https://fdn2.gsmarena.com/vv/bigpic/micromax-canvas-5-e481.jpg,GSM / HSPA / LTE,No,"2015, November. Released 2015, November",Discontinued,148 x 73.6 x 8.3 mm (5.83 x 2.90 x 0.33 in),143.0,,,"Dual SIM (Micro-SIM, dual stand-by)",IPS LCD,,5.2,1080x1920,423,68.8,Gorilla Glass 3,Android 5.1 (Lollipop),Mediatek MT6753 (28 nm),28,Octa-core 1.3 GHz Cortex-A53,Mali-T720MP3,3,3,16,16,,13.0,1,,No,,No,LED flash,1080p@30fps,5.0,No,LED flash,,"Wi-Fi 802.11 b/g/n, hotspot",No,4.0,Micro-USB,Yes,GPS,"Accelerometer, proximity, compass",2900,,,No,,,170.0,,,,,,,,Black,E481,,,FM radio
Micromax,Micromax Canvas Mega E353,https://www.gsmarena.com/micromax_canvas_mega_e353-7736.php,https://fdn2.gsmarena.com/vv/bigpic/micromax-canvas-mega-e353.jpg,GSM / HSPA,No,"2015, October. Released 2015, November",Discontinued,154 x 78.7 x 8.9 mm (6.06 x 3.10 x 0.35 in),,,,Dual SIM,IPS LCD,,5.5,720x1280,267,68.8,Gorilla Glass 3,Android 5.1 (Lollipop),,,Octa-core 1.4 GHz,,1,1,8,8,,13.0,1,,No,,No,LED flash,1080p@30fps,5.0,No,,,"Wi-Fi 802.11 b/g/n, hotspot",No,4.0,Micro-USB,Yes,GPS,Yes,2820,,,No,,,150.0,,,,,,,,Black,,,,FM radio
Micromax,Micromax Canvas Amaze Q395,https://www.gsmarena.com/micromax_canvas_amaze_q395-7737.php,https://fdn2.gsmarena.com/vv/bigpic/micromax-canvas-amaze-q395.jpg,GSM / HSPA,No,"2015, October. Released 2015, November",Discontinued,-,,,,"Dual SIM (Micro-SIM, dual stand-by)",IPS LCD,,5.0,720x1280,294,,Gorilla Glass 3,Android 5.0 (Lollipop),Mediatek MT6580 (28 nm),28,Quad-core 1.3 GHz Cortex-A7,Mali-400MP2,2,2,8,8,,13.0,1,,No,,No,LED flash,720p,5.0,No,,,"Wi-Fi 802.11 b/g/n, hotspot",No,4.0,Micro-USB,Yes,GPS,"Accelerometer, gyro, proximity, compass",2000,,,No,,,,,,,,,,,Black,,,,FM radio
Micromax,Micromax Canvas Play 4G Q469,https://www.gsmarena.com/micromax_canvas_play_4g_q469-7738.php,https://fdn2.gsmarena.com/vv/bigpic/micromax-canvas-play-4g-q469.jpg,GSM / HSPA / LTE,No,"2015, October. Released 2015, November",Discontinued,164 x 94 x 0 mm (6.46 x 3.70 x 0.0 in),100.0,,,Dual SIM,IPS LCD,,5.5,720x1280,267,54.1,Gorilla Glass 3,Android 5.0.2 (Lollipop),Qualcomm MSM8916 Snapdragon 410 (28 nm),28,Quad-core 1.2 GHz Cortex-A53,Adreno 306,2,2,16,16,eMMC 4.5,13.0,1,,No,,No,LED flash,1080p@30fps,5.0,No,,,"Wi-Fi 802.11 b/g/n, hotspot",No,4.0,Micro-USB,Yes,GPS,"Accelerometer, proximity, compass",2820,,,No,,,,,,,,,,,Black,Q469,,,FM radio
Micromax,Micromax Bolt Q332,https://www.gsmarena.com/micromax_bolt_q332-7739.php,https://fdn2.gsmarena.com/vv/bigpic/micromax-bolt-q332.jpg,GSM / HSPA,No,"2015, October. Released 2015, November",Discontinued,141.2 x 73.1 x 9.8 mm (5.56 x 2.88 x 0.39 in),140.9,,,Dual SIM,IPS LCD,,5.0,480x854,196,66.7,,Android 5.1 (Lollipop),,,Quad-core 1.3 GHz,,,,4,4,,5.0,1,,No,,No,LED flash,720p,2.0,No,,,"Wi-Fi 802.11 b/g/n, hotspot",No,4.0,Micro-USB,Yes,GPS,Yes,2000,,,No,,,,,,,,,,,Black,,,,FM radio
Micromax,Micromax Canvas Juice 3+ Q394,https://www.gsmarena.com/micromax_canvas_juice_3+_q394-7740.php,https://fdn2.gsmarena.com/vv/bigpic/micromax-canvas-juice-3-plus-q394.jpg,GSM / HSPA,No,"2015, October. Released 2015, November",Discontinued,-,152.0,,,"Dual SIM (Micro-SIM, dual stand-by)",IPS LCD,,5.5,720x1280,267,,Gorilla Glass 3,Android 5.0 (Lollipop),Mediatek MT6582M (28 nm),28,Quad-core 1.3 GHz Cortex-A7,Mali-400MP2,2,2,16,16,,8.0,1,,No,,No,LED flash,1080p@30fps,5.0,No,,,"Wi-Fi 802.11 b/g/n, hotspot",No,3.0,Micro-USB,Yes,GPS,"Accelerometer, gyro, proximity, compass",4000,,,No,,,,,,,,,,,Black,,,,FM radio
Micromax,Micromax Bolt Q339,https://www.gsmarena.com/micromax_bolt_q339-7659.php,https://fdn2.gsmarena.com/vv/bigpic/micromax-bolt-q339.jpg,GSM / HSPA,No,"2015, October. Released 2015, October",Discontinued,-,,,,Dual SIM,IPS LCD,,4.5,480x854,218,,,Android 4.4.2 (KitKat),Spreadtrum SC7731,,Quad-core 1.2 GHz,,,,4,4,,5.0,1,,No,,No,LED flash,720p,2.0,No,,,"Wi-Fi 802.11 b/g/n, hotspot",No,4.0,Micro-USB,Yes,,"Accelerometer, proximity",1650,,,No,,,,,,,,,,,Black,,,,FM radio
Micromax,Micromax Bolt Q338,https://www.gsmarena.com/micromax_bolt_q338-7660.php,https://fdn2.gsmarena.com/vv/bigpic/micromax-bolt-q338.jpg,GSM / HSPA,No,"2015, September. Released 2015, September",Discontinued,142.5 x 71 x 9.3 mm (5.61 x 2.80 x 0.37 in),157.0,,,Dual SIM,IPS LCD,,5.0,720x1280,294,68.1,Corning Gorilla Glass (unspecified versi,Android 5.1 (Lollipop),Mediatek MT6580 (28 nm),28,Quad-core 1.3 GHz Cortex-A7,Mali-400MP2,1,1,8,8,,8.0,1,,No,,No,LED flash,Yes,5.0,No,,,"Wi-Fi 802.11 b/g/n, hotspot",No,4.0,Micro-USB,Yes,,"Accelerometer, proximity",2000,,,No,,,,,,,,,,,Black,,,,FM radio
Micromax,Micromax Bolt Q331,https://www.gsmarena.com/micromax_bolt_q331-7657.php,https://fdn2.gsmarena.com/vv/bigpic/micromax-bolt-q331.jpg,GSM / HSPA,No,"2015, October. Released 2015, October",Discontinued,,,,,Dual SIM,IPS LCD,,5.0,480x854,196,,,Android 4.4.2 (KitKat),Spreadtrum 7731G,,Quad-core 1.2 GHz,,,,4,4,,5.0,1,,No,,No,LED flash,720p,2.0,No,,,"Wi-Fi 802.11 b/g/n, hotspot",No,2.1,Micro-USB,Yes,,"Accelerometer, proximity",2000,,,No,,,,,,,,,,,Black,,,,FM radio
Micromax,Micromax Bolt S302,https://www.gsmarena.com/micromax_bolt_s302-7658.php,https://fdn2.gsmarena.com/vv/bigpic/micromax-bolt-s302.jpg,GSM / HSPA,No,"2015, October. Released 2015, October",Discontinued,124.2 x 64.5 x 11 mm (4.89 x 2.54 x 0.43 in),,,,Dual SIM,"TFT, 256K colors",,4.0,480x800,233,56.8,,Android 4.4.3 (KitKat),Spreadtrum SC7715,,1.0 GHz,,,,4,4,,2.0,1,,No,,No,LED flash,480p,1.3,No,,,"Wi-Fi 802.11 b/g/n, hotspot",No,2.1,Micro-USB,Yes,A-GPS only,Accelerometer,1450,,,No,,,,,,,,,,,Black,,,,FM radio
Micromax,Micromax Canvas Fire 4G Q411,https://www.gsmarena.com/micromax_canvas_fire_4g_q411-7661.php,https://fdn2.gsmarena.com/vv/bigpic/micromax-canvas-fire-4g-q411.jpg,GSM / HSPA / LTE,No,"2015, September. Released 2015, September",Discontinued,-,,,,Dual SIM,IPS LCD,,4.5,480x854,218,,,Android 5.1 (Lollipop),Mediatek MT6735 (28 nm),28,Quad-core 1.0 GHz Cortex-A53,Mali-T720MP2,1,1,8,8,,5.0,1,,No,,No,LED flash,720p,2.0,No,,,"Wi-Fi 802.11 b/g/n, hotspot",No,4.0,Micro-USB,Yes,,"Accelerometer, proximity",1850,,,No,,,,,,,,,,,Black,,,,FM radio
Micromax,Micromax Canvas Blaze 4G Q400,https://www.gsmarena.com/micromax_canvas_blaze_4g_q400-7662.php,https://fdn2.gsmarena.com/vv/bigpic/micromax-canvas-blaze-4g-q400.jpg,GSM / HSPA / LTE,No,"2015, October. Released 2015, October",Discontinued,-,,,,Dual SIM,IPS LCD,,4.5,480x854,218,,,Android 5.1 (Lollipop),Qualcomm MSM8909 Snapdragon 210 (28 nm),28,Quad-core 1.1 GHz Cortex-A7,Adreno 304,1,1,8,8,eMMC 4.5,5.0,1,,No,,No,LED flash,720p,2.0,No,,,"Wi-Fi 802.11 b/g/n, hotspot",No,4.0,Micro-USB,Yes,GPS,"Accelerometer, proximity",2000,,,No,,,,,,,,,,,Black,,,,FM radio
Micromax,Micromax Canvas Juice 3 Q392,https://www.gsmarena.com/micromax_canvas_juice_3_q392-7663.php,https://fdn2.gsmarena.com/vv/bigpic/micromax-canvas-juice-3-q392.jpg,GSM / HSPA,No,"2015, September. Released 2015, September",Discontinued,141 x 70 x 8.9 mm (5.55 x 2.76 x 0.35 in),150.0,,,Dual SIM,IPS LCD,,5.0,720x1280,294,69.8,Gorilla Glass 3,Android 5.1 (Lollipop),Mediatek MT6580 (28 nm),28,Quad-core 1.3 GHz Cortex-A7,Mali-400MP2,2,2,8,8,,8.0,1,,No,,No,LED flash,720p,2.0,No,,,"Wi-Fi 802.11 b/g/n, hotspot",No,4.0,Micro-USB,Yes,GPS,"Accelerometer, proximity",4000,,,No,,,,,,,,,,,Black,Q392,,,FM radio
Micromax,Micromax Canvas Spark 2 Q334,https://www.gsmarena.com/micromax_canvas_spark_2_q334-7664.php,https://fdn2.gsmarena.com/vv/bigpic/micromax-canvas-spark-2-q334.jpg,GSM / HSPA,No,"2015, September. Released 2015, September",Discontinued,145.2 x 73.2 x 9.1 mm (5.72 x 2.88 x 0.36 in),154.0,,,Dual SIM,IPS LCD,,5.0,480x854,196,64.8,,Android 5.1 (Lollipop),Mediatek MT6580M (28 nm),28,Quad-core 1.3 GHz Cortex-A7,Mali-400MP2,,,4,4,,5.0,1,,No,,No,LED flash,1080p@30fps,2.0,No,,,"Wi-Fi 802.11 b/g/n, hotspot",No,4.0,Micro-USB,Yes,GPS,"Accelerometer, proximity",1800,,,No,,,,,,,,,,,Black,,,,FM radio
Micromax,Micromax Canvas Nitro 4G E455,https://www.gsmarena.com/micromax_canvas_nitro_4g_e455-7665.php,https://fdn2.gsmarena.com/vv/bigpic/micromax-canvas-nitro-4g-e455.jpg,GSM / HSPA / LTE,No,"2015, August. Released 2015, September",Discontinued,140.5 x 69.8 x 9.3 mm (5.53 x 2.75 x 0.37 in),135.0,,,Dual SIM,IPS LCD,,5.0,720x1280,294,70.3,Gorilla Glass 3,Android 5.0.2 (Lollipop),Qualcomm MSM8929 Snapdragon 415 (28 nm),28,Octa-core (4x1.4 GHz Cortex-A53 & 4x1.0 GHz Cortex-A53),Adreno 405,2,2,16,16,eMMC 4.5,13.0,1,,No,,No,Dual-LED flash,1080p@30fps,5.0,No,,,"Wi-Fi 802.11 b/g/n, hotspot",No,4.0,Micro-USB,Yes,GPS,"Accelerometer, proximity, compass",2500,,,No,,,,,,,,,,,Black,E455,,0.45 W/kg (head) 0.48 W/kg (body),FM radio
Micromax,Micromax Canvas Selfie 3 Q348,https://www.gsmarena.com/micromax_canvas_selfie_3_q348-7667.php,https://fdn2.gsmarena.com/vv/bigpic/micromax-canvas-selfie-3-q348.jpg,GSM / HSPA,No,"2015, August. Released 2015, August",Discontinued,141 x 68.4 x 7.8 mm (5.55 x 2.69 x 0.31 in),110.0,,,Dual SIM,AMOLED,,4.8,720x1280,306,65.9,Gorilla Glass 3,Android 5.0 (Lollipop),Mediatek MT6582 (28 nm),28,Quad-core 1.3 GHz Cortex-A7,Mali-400MP2,1,1,8,8,,8.0,1,,No,,No,LED flash,1080p@30fps,8.0,No,LED flash,,"Wi-Fi 802.11 b/g/n, hotspot",No,4.1,Micro-USB,Yes,GPS,"Accelerometer, proximity",2300,,,No,,,,,,,,,,,Black,,,0.41 W/kg (head) 0.75 W/kg (body),FM radio
Micromax,Micromax Canvas Selfie 2 Q340,https://www.gsmarena.com/micromax_canvas_selfie_2_q340-7666.php,https://fdn2.gsmarena.com/vv/bigpic/micromax-canvas-selfie2-q340.jpg,GSM / HSPA,No,"2015, August. Released 2015, August",Discontinued,143 x 71.8 x 9 mm (5.63 x 2.83 x 0.35 in),136.0,,,Dual SIM,IPS LCD,,5.0,480x854,196,67.1,,Android 5.0 (Lollipop),Mediatek MT6582M (28 nm),28,Quad-core 1.3 GHz Cortex-A7,Mali-400MP2,1,1,8,8,,5.0,1,,No,,No,LED flash,1080p@30fps,5.0,No,LED flash,,"Wi-Fi 802.11 b/g/n, hotspot",No,4.0,Micro-USB,Yes,GPS,"Accelerometer, proximity",2000,,,No,,,,,,,,,,,Black,Q340,,0.36 W/kg (head) 0.66 W/kg (body),FM radio
Micromax,Micromax Canvas Xpress 2 E313,https://www.gsmarena.com/micromax_canvas_xpress_2_e313-7452.php,https://fdn2.gsmarena.com/vv/bigpic/micromax-canvas-xpress2-e313.jpg,GSM / HSPA,No,"2015, July. Released 2015, August",Discontinued,140.5 x 69.8 x 9.3 mm (5.53 x 2.75 x 0.37 in),135.0,,,Dual SIM,IPS LCD,,5.0,720x1280,294,70.3,Corning Gorilla Glass (unspecified versi,Android 4.4.2 (KitKat),Mediatek MT6592M (28 nm),28,Octa-core 1.4 GHz Cortex-A7,Mali-450MP4,1,1,8,8,,13.0,1,,No,,No,Dual-LED flash,1080p@30fps,2.0,No,,,"Wi-Fi 802.11 b/g/n, hotspot",No,4.0,Micro-USB,Yes,GPS,"Accelerometer, proximity",2500,,,No,,,90.0,,,,,,,,Black,E313,0.54 W/kg (head) 0.48 W/kg (body),,FM radio
Micromax,Micromax Bolt D303,https://www.gsmarena.com/micromax_bolt_d303-7432.php,https://fdn2.gsmarena.com/vv/bigpic/micromax-bolt-d303.jpg,GSM / HSPA,No,"2015, July. Released 2015, July",Discontinued,-,,,,Dual SIM,"TFT, 256K colors",,4.0,480x800,233,,,Android 4.4.2 (KitKat),Mediatek MT6572M (28 nm),28,Dual-core 1.3 GHz Cortex-A7,Mali-400,,,4,4,,3.15,1,,No,,No,LED flash,480p@30fps,,No,,,"Wi-Fi 802.11 b/g/n, hotspot",No,4.0,Micro-USB,Yes,GPS,Accelerometer,1300,,,No,,,,,,,,,,,Black,,0.39 W/kg (head) 0.64 W/kg (body),,FM radio
Micromax,Micromax Bolt S301,https://www.gsmarena.com/micromax_bolt_s301-7402.php,https://fdn2.gsmarena.com/vv/bigpic/micromax-bolt-s301.jpg,GSM / HSPA,No,"2015, July. Released 2015, August",Discontinued,-,,,,Dual SIM,"TFT, 256K colors",,3.5,480x854,280,,,"Android 4.4.2 (KitKat), upgradable to 5.0 (Lollipop)",,,1.0 GHz,,,,4,4,,1.3,1,,No,,No,,Yes,,No,,,"Wi-Fi 802.11 b/g/n, hotspot",No,2.1,Micro-USB,Yes,A-GPS only,Accelerometer,1200,,,No,,,40.0,,,,,,,,"Black, White",,,,FM radio
Micromax,Micromax Canvas Selfie Lens Q345,https://www.gsmarena.com/micromax_canvas_selfie_lens_q345-7401.php,https://fdn2.gsmarena.com/vv/bigpic/micromax-canvas-selfie-lens-plus-q345.jpg,GSM / HSPA,No,"2015, June. Released 2015, June",Discontinued,143 x 71 x 8.1 mm (5.63 x 2.80 x 0.32 in),144.0,,,"Single SIM (Micro-SIM) or Dual SIM (Micro-SIM, dual stand-by)",IPS LCD,,5.0,720x1280,294,67.9,Gorilla Glass 3,Android 5.0 (Lollipop),Mediatek MT6582 (28 nm),28,Quad-core 1.3 GHz Cortex-A7,Mali-400MP2,1,1,8,8,,8.0,1,,No,,No,LED flash,720p@30fps,5.0,No,,,"Wi-Fi 802.11 b/g/n, hotspot",No,4.0,Micro-USB,Yes,GPS,"Accelerometer, proximity",2800,,,No,,,120.0,,,,,,,,"Champagne, Moondust Gray",Q345,,0.35 W/kg (head) 0.86 W/kg (body),FM radio
Micromax,Micromax Canvas Sliver 5 Q450,https://www.gsmarena.com/micromax_canvas_sliver_5_q450-7306.php,https://fdn2.gsmarena.com/vv/bigpic/micromax-canvas-sliver-5--1.jpg,GSM / HSPA / LTE,No,"2015, June. Released 2015, July",Discontinued,5.1 mm thickness,97.0,,,Nano-SIM,AMOLED,,4.8,720x1280,306,,Gorilla Glass 3,Android 5.0.2 (Lollipop),Qualcomm MSM8916 Snapdragon 410 (28 nm),28,Quad-core 1.2 GHz Cortex-A53,Adreno 306,2,2,16,16,eMMC 4.5,8.0,1,,No,,No,LED flash,1080p@30fps,5.0,No,,,"Wi-Fi 802.11 b/g/n, hotspot",No,4.0,Micro-USB,Yes,GPS,"Accelerometer, proximity",2000,,,No,,,250.0,,,,,,,,White,Q450,,0.31 W/kg (head) 1.07 W/kg (body),FM radio
Micromax,Micromax Canvas Tab P690,https://www.gsmarena.com/micromax_canvas_tab_p690-7292.php,https://fdn2.gsmarena.com/vv/bigpic/micromax-canvas-tab-p690.jpg,GSM / HSPA,No,"2015, June. Released 2015, June",Discontinued,,,,,Micro-SIM,IPS LCD,,8.0,800x1280,189,,,"Android 4.4.4 (KitKat), upgradable to 5.0.2 (Lollipop)",Intel Atom,,Quad-core 1.83 GHz,,1,1,8,8,,5.0,1,,No,,No,,720p,2.0,No,,,"Wi-Fi 802.11 b/g/n, hotspot",No,4.0,Micro-USB,Yes,GPS,"Accelerometer, proximity",4000,,,No,,,130.0,,,,,,,,Gray,,0.20 W/kg (head) 1.17 W/kg (body),,No
Micromax,Micromax Canvas Knight 2 E471,https://www.gsmarena.com/micromax_canvas_knight_2_e471-7276.php,https://fdn2.gsmarena.com/vv/bigpic/micromax-canvas-knight-2.jpg,GSM / HSPA / LTE,No,"2015, June. Released 2015, June",Discontinued,6.3 mm thickness,,Glass,,Nano-SIM + Micro-SIM,AMOLED,,5.0,720x1280,294,,Gorilla Glass 3,Android 5.0 (Lollipop),Qualcomm MSM8939 Snapdragon 615 (28 nm),28,Octa-core (4x1.5 GHz Cortex-A53 & 4x1.0 GHz Cortex-A53),Adreno 405,2,2,16,16,eMMC 4.5,13.0,1,,No,,No,Dual-LED flash,1080p@30fps,5.0,No,,,"Wi-Fi 802.11 b/g/n, hotspot",No,4.0,Micro-USB,Yes,GPS,"Accelerometer, proximity",2260,,,No,,,230.0,,,,,,,,"White, Gold",,,0.31 W/kg (head) 1.07 W/kg (body),FM radio
Micromax,Micromax Canvas A1 AQ4502,https://www.gsmarena.com/micromax_canvas_a1_aq4502-7268.php,https://fdn2.gsmarena.com/vv/bigpic/micromax-canvas-a1.jpg,GSM / HSPA,No,"2015, June. Released 2015, June",Discontinued,132 x 67 x 9 mm (5.20 x 2.64 x 0.35 in),136.0,,,"Dual SIM (Micro-SIM, dual stand-by)",IPS LCD,,4.5,480x854,218,63.1,,"Android 5.1 (Lollipop), Android One",Mediatek MT6582 (28 nm),28,Quad-core 1.3 GHz Cortex-A7,Mali-400MP2,1,1,8,8,,5.0,1,,No,,No,"LED flash, panorama",720p,2.0,No,,,"Wi-Fi 802.11 b/g/n, hotspot",No,4.0,Micro-USB,Yes,GPS,"Accelerometer, proximity",1700,,,No,,,90.0,,,,,,,,Black,AQ4502,,0.24 W/kg (head) 0.93 W/kg (body),FM radio
Micromax,Micromax Q391 Canvas Doodle 4,https://www.gsmarena.com/micromax_q391_canvas_doodle_4-7258.php,https://fdn2.gsmarena.com/vv/bigpic/micromax-q391-canvas-doodle-4.jpg,GSM / HSPA,No,"2015, May. Released 2015, May",Discontinued,165.5 x 85.3 x 8.5 mm (6.52 x 3.36 x 0.33 in),,,,"Dual SIM (Micro-SIM, dual stand-by)",IPS LCD,,6.0,540x960,184,70.3,Gorilla Glass 3,Android 5.0 (Lollipop),Mediatek MT6582M (28 nm),28,Quad-core 1.3 GHz Cortex-A7,Mali-400MP2,1,1,8,8,,8.0,1,,No,,No,LED flash,1080p@30fps,2.0,No,,,"Wi-Fi 802.11 b/g/n, hotspot",No,3.0,Micro-USB,Yes,GPS,"Accelerometer, proximity",3000,,,No,,,140.0,,,,,,,,"Black, White",Q391,,0.20 W/kg (head) 0.57 W/kg (body),FM radio
Micromax,Micromax Canvas Nitro 2 E311,https://www.gsmarena.com/micromax_canvas_nitro_2_e311-7142.php,https://fdn2.gsmarena.com/vv/bigpic/micromax-canvas-nitro2-e311.jpg,GSM / HSPA,No,"2015, May. Released 2015, May",Discontinued,143.5 x 72.1 x 7.5 mm (5.65 x 2.84 x 0.30 in),143.0,,,Dual SIM,IPS LCD,,5.0,720x1280,294,66.6,Gorilla Glass 3,Android 4.4.2 (KitKat),Mediatek MT6592 (28 nm),28,Octa-core 1.4 GHz Cortex-A7,Mali-450MP4,2,2,16,16,,13.0,1,,No,,No,LED flash,720p@30fps,5.0,No,,,"Wi-Fi 802.11 b/g/n, hotspot",No,4.0,Micro-USB,Yes,GPS,"Accelerometer, proximity",2400,,,No,,,150.0,,,,,,,,"Black, White",E311,0.24 W/kg (head) 0.55 W/kg (body),,FM radio
Micromax,Micromax Q372 Unite 3,https://www.gsmarena.com/micromax_q372_unite_3-7223.php,https://fdn2.gsmarena.com/vv/bigpic/micromax-unite-3-q372.jpg,GSM / HSPA,No,"2015, May. Released 2015, May",Discontinued,-,,,,Dual SIM,IPS LCD,,4.7,480x800,199,,Corning Gorilla Glass (unspecified versi,Android 5.0 (Lollipop),Mediatek MT6582M (28 nm),28,Quad-core 1.3 GHz Cortex-A7,Mali-400MP2,1,1,8,8,,8.0,1,,No,,No,LED flash,720p,2.0,No,,,"Wi-Fi 802.11 b/g/n, hotspot",No,4.0,Micro-USB,Yes,GPS,"Accelerometer, proximity",2000,,,No,,,110.0,,,,,,,,Black,Q372,0.20 W/kg (head) 0.40 W/kg (body),,FM radio
Micromax,Micromax Canvas Play Q355,https://www.gsmarena.com/micromax_canvas_play_q355-7220.php,https://fdn2.gsmarena.com/vv/bigpic/micromax-canvas-play-q355.jpg,GSM / HSPA,No,"2015, April. Released 2015, May",Discontinued,-,,,,"Dual SIM (Mini-SIM/ Micro-SIM, dual stand-by)","TFT, 256K colors",,5.5,480x854,178,68.1,,Android 5.0 (Lollipop),Mediatek MT6582M (28 nm),28,Quad-core 1.3 GHz Cortex-A7,Mali-400MP2,1,1,8,8,,5.0,1,,No,,No,LED flash,720p,,No,,,"Wi-Fi 802.11 b/g/n, hotspot",No,4.0,Micro-USB,Yes,GPS,"Accelerometer, proximity",2820,,,No,,,110.0,,,,,,,,"Dark blue, White",Q355,0.15 W/kg (head) 0.40 W/kg (body),,FM radio
Micromax,Micromax Canvas Spark Q380,https://www.gsmarena.com/micromax_canvas_spark_q380-7213.php,https://fdn2.gsmarena.com/vv/bigpic/micromax-canvas-spark-Q380.jpg,GSM / HSPA,No,"2015, April. Released 2015, April",Discontinued,8.5 mm thickness,134.0,,,"Dual SIM (Micro-SIM, dual stand-by)",IPS LCD,,4.7,540x960,234,,Gorilla Glass 3,Android 5.0 (Lollipop),Mediatek MT6582M (28 nm),28,Quad-core 1.3 GHz Cortex-A7,Mali-400MP2,1,1,8,8,,8.0,1,,No,,No,LED flash,720p,2.0,No,,,"Wi-Fi 802.11 b/g/n, hotspot",No,2.1,Micro-USB,Yes,GPS,"Accelerometer, proximity",2000,,,No,,,70.0,,,,,,,,"White/Gold, Grey/Silver",Q380,0.29 W/kg (head) 0.42 W/kg (body),,FM radio
Micromax,Micromax Bolt S300,https://www.gsmarena.com/micromax_bolt_s300-7162.php,https://fdn2.gsmarena.com/vv/bigpic/micromax-bolt-s300.jpg,GSM / HSPA,No,"2015, March. Released 2015, March",Discontinued,124 x 65.8 x 11.2 mm (4.88 x 2.59 x 0.44 in),123.0,,,Dual SIM,"TFT, 256K colors",,4.0,480x800,233,55.8,,Android 4.4.3 (KitKat),Spreadtrum 7715,,1.0 GHz,,,,4,4,,,1,,No,,No,LED flash,Yes,,No,,,"Wi-Fi 802.11 b/g/n, hotspot",No,2.1,Micro-USB,Yes,A-GPS only,Accelerometer,1200,,,No,,,60.0,,,,,,,,Black,,0.53 W/kg (head) 0.67 W/kg (body),,FM radio
Micromax,Micromax Bolt D320,https://www.gsmarena.com/micromax_bolt_d320-7163.php,https://fdn2.gsmarena.com/vv/bigpic/micromax-bolt-d320.jpg,GSM / HSPA,No,"2015, March. Released 2015, April",Discontinued,135 x 66.5 x 10.2 mm (5.31 x 2.62 x 0.40 in),128.0,,,Dual SIM,"TFT, 256K colors",,4.5,480x854,218,62.2,,Android 4.4.2 (KitKat),Mediatek MT6572 (28 nm),28,Dual-core 1.2 GHz Cortex-A7,Mali-400,,,4,4,,3.15,1,,No,,No,LED flash,Yes,,No,,,"Wi-Fi 802.11 b/g/n, hotspot",No,4.0,Micro-USB,Yes,A-GPS only,Accelerometer,1600,,,No,,,,,,,,,,,Black,,,,FM radio
Micromax,Micromax Bolt D321,https://www.gsmarena.com/micromax_bolt_d321-7161.php,https://fdn2.gsmarena.com/vv/bigpic/micromax-bolt-d321.jpg,GSM / HSPA,No,"2015, February. Released 2015, February",Discontinued,-,,,,Dual SIM,"TFT, 256K colors",,5.0,480x854,196,,,Android 4.4.2 (KitKat),Mediatek MT6572 (28 nm),28,Dual-core 1.3 GHz Cortex-A7,Mali-400,,,4,4,,5.0,1,,No,,No,LED flash,Yes,2.0,No,,,"Wi-Fi 802.11 b/g/n, hotspot",No,4.0,Micro-USB,Yes,GPS,"Accelerometer, proximity",1800,,,No,,,,,,,,,,,"Black, White",,0.51 W/kg (head) 0.84 W/kg (body),,FM radio
Micromax,Micromax Canvas Juice 2 AQ5001,https://www.gsmarena.com/micromax_canvas_juice_2_aq5001-7140.php,https://fdn2.gsmarena.com/vv/bigpic/micromax-aq5001.jpg,GSM / HSPA,No,"2015, March. Released 2015, March",Discontinued,144 x 72.7 x 9.7 mm (5.67 x 2.86 x 0.38 in),170.0,,,"Dual SIM (Micro-SIM, dual stand-by)",IPS LCD,,5.0,720x1280,294,65.8,Gorilla Glass 3,Android 5.0 (Lollipop),Mediatek MT6582M (28 nm),28,Quad-core 1.3 GHz Cortex-A7,Mali-400MP2,2,2,8,8,,8.0,1,,No,,No,LED flash,720p@15fps,2.0,No,,,"Wi-Fi 802.11 b/g/n, hotspot",No,4.0,Micro-USB,Yes,GPS,"Accelerometer, proximity",3000,,,No,,,130.0,,,,,,,,Gray,AQ5001,0.22 W/kg (head) 0.45 W/kg (body),,FM radio
Micromax,Micromax Bolt Q324,https://www.gsmarena.com/micromax_bolt_q324-7144.php,https://fdn2.gsmarena.com/vv/bigpic/micromax-bolt-q324.jpg,GSM / HSPA,No,"2015, March. Released 2015, March",Discontinued,124 x 64.5 x 11.2 mm (4.88 x 2.54 x 0.44 in),,,,Dual SIM,"TFT, 256K colors",,4.0,480x800,233,56.9,,Android 4.4.2 (KitKat),Spreadtrum 7731,,Quad-core 1.2 GHz,,,,4,4,,2.0,1,,No,,No,LED flash,Yes,,No,,,"Wi-Fi 802.11 b/g/n, hotspot",No,2.1,Micro-USB,Yes,A-GPS only,Accelerometer,1450,,,No,,,60.0,,,,,,,,"Black, Blue, White",,0.97 W/kg (head) 0.67 W/kg (body),,FM radio
Micromax,Micromax Bolt A82,https://www.gsmarena.com/micromax_bolt_a82-7145.php,https://fdn2.gsmarena.com/vv/bigpic/micromax-bolt-a82.jpg,GSM / HSPA,No,"2015, February. Released 2015, February",Discontinued,-,,,,Dual SIM,TFT,,5.0,480x854,196,,,Android 4.4.2 (KitKat),Mediatek MT6572 (28 nm),28,Dual-core 1.3 GHz Cortex-A7,Mali-400,,,4,4,,5.0,1,,No,,No,LED flash,480p,,No,,,"Wi-Fi 802.11 b/g/n, hotspot",No,2.0,Micro-USB,Yes,GPS,"Accelerometer, proximity",1800,,,No,,,80.0,,,,,,,,"Black, Blue, White",,0.23 W/kg (head) 0.57 W/kg (body),,FM radio
Micromax,Micromax Canvas Pep Q371,https://www.gsmarena.com/micromax_canvas_pep_q371-7141.php,https://fdn2.gsmarena.com/vv/bigpic/micromax-q371.jpg,GSM / HSPA,No,"2015, February. Released 2015, February",Discontinued,133.5 x 66.5 x 9.8 mm (5.26 x 2.62 x 0.39 in),,,,Dual SIM,IPS LCD,,4.5,480x854,218,62.9,,Android 4.4.2 (KitKat),Mediatek MT6582M (28 nm),28,Quad-core 1.3 GHz Cortex-A7,Mali-400MP2,1,1,8,8,,5.0,1,,No,,No,LED flash,720p,,No,,,"Wi-Fi 802.11 b/g/n, hotspot",No,4.0,Micro-USB,Yes,GPS,"Accelerometer, proximity",1700,,,No,,,90.0,,,,,,,,"Pristine White, Mystic Blue",,0.58 W/kg (head) 0.65 W/kg (body),,FM radio
Micromax,Micromax Bolt A067,https://www.gsmarena.com/micromax_bolt_a067-7146.php,https://fdn2.gsmarena.com/vv/bigpic/micromax-bolt-a067.jpg,GSM,No,"2014, December. Released 2014, December",Discontinued,-,,,,Dual SIM,TFT,,4.0,480x800,233,,,Android 4.4.2 (KitKat),Mediatek MT6571 (28 nm),28,Dual-core 1.3 GHz Cortex-A7,Mali-400,,,4,4,,2.0,1,,No,,No,LED flash,480p,,No,,,"Wi-Fi 802.11 b/g/n, hotspot",No,4.0,Micro-USB,Yes,GPS,"Accelerometer, proximity",1300,,,No,,,60.0,,,,,,,,"Mint Green, Pure White, Electric Red, Mystic Grey",,0.36 W/kg (head) 0.42 W/kg (body),,FM radio
Micromax,Micromax Canvas 4 Plus A315,https://www.gsmarena.com/micromax_canvas_4_plus_a315-7143.php,https://fdn2.gsmarena.com/vv/bigpic/micromax-canvas-4-plus.jpg,GSM / HSPA,No,"2014, September. Released 2014, September",Discontinued,7 mm thickness,,,,Dual SIM,AMOLED,,5.0,720x1280,294,,,Android 4.4.2 (KitKat),Mediatek MT6592 (28 nm),28,Octa-core 1.7 GHz Cortex-A7,Mali-450MP4,1,1,16,16,,13.0,1,,No,,No,"LED flash, panorama",1080p@30fps,5.0,No,,,"Wi-Fi 802.11 b/g/n, hotspot",No,4.0,Micro-USB,Yes,GPS,"Accelerometer, proximity",2000,,,No,,,,,,,,,,,"White/Gold, Black",,0.68 W/kg (head) 0.61 W/kg (body),,FM radio
Micromax,Micromax A109 Canvas XL2,https://www.gsmarena.com/micromax_a109_canvas_xl2-7139.php,https://fdn2.gsmarena.com/vv/bigpic/micromax-a109.jpg,GSM / HSPA,No,"2014, August. Released 2014, August",Discontinued,,,,,Dual SIM,IPS LCD,,5.5,540x960,200,,,Android 4.4.2 (KitKat),Mediatek MT6589M (28 nm),28,Quad-core 1.2 GHz Cortex-A7,PowerVR SGX544,1,1,4,4,,5.0,1,,No,,No,LED flash,720p@15fps,,No,,,"Wi-Fi 802.11 b/g/n, hotspot",No,4.0,Micro-USB,Yes,GPS,"Accelerometer, proximity",2500,,,No,,,,,,,,,,,White,,,,FM radio
Micromax,Micromax Canvas Fire 4 A107,https://www.gsmarena.com/micromax_canvas_fire_4_a107-7103.php,https://fdn2.gsmarena.com/vv/bigpic/micromax-canvas-fire-a107.jpg,GSM / HSPA,No,"2015, March. Released 2015, March",Discontinued,136 x 67 x 8.8 mm (5.35 x 2.64 x 0.35 in),138.0,,,"Dual SIM (Micro-SIM, dual stand-by)",IPS LCD,,4.5,480x854,218,61.2,Gorilla Glass 3,Android 5.0 (Lollipop),Mediatek MT6582M (28 nm),28,Quad-core 1.3 GHz Cortex-A7,Mali-400MP2,1,1,8,8,,8.0,1,,No,,No,LED flash,720p,2.0,No,,,"Wi-Fi 802.11 b/g/n, hotspot",No,4.0,Micro-USB,Yes,GPS,"Accelerometer, proximity",2000,,,No,,,100.0,,,,,,,,"Black, Silver",A107,,,FM radio
Micromax,Micromax Canvas Tab P666,https://www.gsmarena.com/micromax_canvas_tab_p666-7007.php,https://fdn2.gsmarena.com/vv/bigpic/micromax-666.jpg,GSM / HSPA,No,"2015, January. Released 2015, January",Discontinued,213.9 x 124.7 x 7.9 mm (8.42 x 4.91 x 0.31 in),310.5,,,Micro-SIM,IPS LCD,,8.0,800x1280,189,69.6,,Android 4.4.2 (KitKat),Intel Atom,,Dual-core 1.2 GHz,,1,1,8,8,,5.0,1,,No,,No,,1080p@30fps,2.0,No,,,"Wi-Fi 802.11 b/g/n, hotspot",No,4.0,Micro-USB,Yes,GPS,"Accelerometer, proximity",4400,,,No,,,150.0,,,,,,,,"Magnetic Black, Puritan White",,,,No
Micromax,Micromax Canvas Tab P470,https://www.gsmarena.com/micromax_canvas_tab_p470-7047.php,https://fdn2.gsmarena.com/vv/bigpic/micromax-p470.jpg,GSM / HSPA,No,"2015, January. Released 2015, January",Discontinued,192 x 113 x 10.4 mm (7.56 x 4.45 x 0.41 in),306.0,,,"Dual SIM (Mini-SIM, dual stand-by)","TFT, 256K colors",,7.0,600x1024,170,63.6,,Android 4.4.2 (KitKat),Mediatek MT8312 (28 nm),28,Dual-core 1.3 GHz Cortex-A7,Mali-400,1,1,8,8,,5.0,1,,No,,No,LED flash,720p,,No,,,"Wi-Fi 802.11 b/g/n, hotspot",No,2.1,Micro-USB,Yes,GPS,"Accelerometer, proximity",3200,,,No,,,90.0,,,,,,,,"Classy Silver, Mystic Grey",,,,FM radio
Micromax,Micromax Canvas Selfie A255,https://www.gsmarena.com/micromax_canvas_selfie_a255-6970.php,https://fdn2.gsmarena.com/vv/bigpic/micromax-canvas-selfie.jpg,GSM / HSPA,No,"2014, December. Released 2015, February",Discontinued,146.3 x 67.3 x 9.7 mm (5.76 x 2.65 x 0.38 in),138.0,,,Nano-SIM + Micro-SIM,IPS LCD,,4.7,720x1280,312,61.8,Gorilla Glass 3,Android 4.4.2 (KitKat),Mediatek MT6592 (28 nm),28,Octa-core 1.7 GHz Cortex-A7,Mali-450MP4,2,2,16,16,,13.0,1,,No,,No,Dual-LED flash,1080p@30fps,13.0,No,LED flash,,"Wi-Fi 802.11 b/g/n, hotspot",No,4.0,Micro-USB,Yes,GPS,"Accelerometer, proximity",2300,,,No,,,240.0,,,,,,,,"Angelic White, Mystic Blue",,0.82 W/kg (head) 0.75 W/kg (body),,FM radio
Micromax,Micromax Bolt A066,https://www.gsmarena.com/micromax_bolt_a066-6967.php,https://fdn2.gsmarena.com/vv/bigpic/micromax-a066.jpg,GSM,No,"2014, May. Released 2014, May",Discontinued,-,,,,Dual SIM,IPS LCD,,3.5,320x480,165,,,Android 4.4.2 (KitKat),Mediatek MT6571 (28 nm),28,Dual-core 1.3 GHz Cortex-A7,Mali-400,,,4,4,,2.0,1,,No,,No,,480p,,No,,,"Wi-Fi 802.11 b/g, hotspot",No,4.0,Micro-USB,Yes,No,"Accelerometer, proximity",1300,,,No,,,,,,,,,,,"Tranquil Green, Pristine White, Raging Red, Smokey Grey",,,0.37 W/kg (head) 0.41 W/kg (body),FM radio
Micromax,Micromax Canvas Hue,https://www.gsmarena.com/micromax_canvas_hue-6946.php,https://fdn2.gsmarena.com/vv/bigpic/micromax-canvas-hue.jpg,GSM / HSPA,No,"2015, January. Released 2015, January",Discontinued,-,,,,Dual SIM (dual stand-by),AMOLED,,5.0,720x1280,293,,Gorilla Glass 3,"Android 4.4.2 (KitKat), upgradable to 5.0.1 (Lollipop)",Mediatek MT6582 (28 nm),28,Quad-core 1.3 GHz Cortex-A7,Mali-400MP2,1,1,8,8,,8.0,1,,No,,No,LED flash,720p@30fps,2.0,No,,,"Wi-Fi 802.11 b/g/n, hotspot",No,4.0,Micro-USB,Yes,GPS,"Accelerometer, proximity",3000,,,No,,,150.0,,,,,,,,White,,,,FM radio
Micromax,Micromax A104 Canvas Fire 2,https://www.gsmarena.com/micromax_a104_canvas_fire_2-6941.php,https://fdn2.gsmarena.com/vv/bigpic/micromax-canvas-fire-2-a104.jpg,GSM / HSPA,No,"2014, Q4. Released 2014, Q4",Discontinued,136 x 67.4 x 9.6 mm (5.35 x 2.65 x 0.38 in),163.0,,,Dual SIM (dual stand-by),TFT,,4.5,480x854,218,60.9,,Android 4.4.2 (KitKat),,,Quad-core 1.3 GHz,,1,1,4,4,,5.0,1,,No,,No,"LED flash, HDR, panorama",1080p@30fps,,No,,,"Wi-Fi 802.11 b/g/n, hotspot",No,4.0,Micro-USB,Yes,GPS,"Accelerometer, proximity",1900,,,No,,,80.0,,,,,,,,Black/Gold,A104,,,FM radio
Micromax,Micromax A99 Canvas Xpress,https://www.gsmarena.com/micromax_a99_canvas_xpress-6940.php,https://fdn2.gsmarena.com/vv/bigpic/micromax-a99.jpg,GSM / HSPA,No,"2014, Q4. Released 2014, Q4",Discontinued,132.4 x 64.5 x 8.7 mm (5.21 x 2.54 x 0.34 in),143.0,,,"Dual SIM (Mini-SIM/ Micro-SIM, dual stand-by)",IPS LCD,,4.5,480x854,218,65.3,,Android 4.4.2 (KitKat),Mediatek MT6582V/X,,Quad-core 1.3 GHz Cortex-A7,Mali-400MP2,1,1,8,8,,5.0,1,,No,,No,LED flash,720p,,No,,,"Wi-Fi 802.11 b/g/n, hotspot",No,4.0,Micro-USB,Yes,GPS,"Accelerometer, proximity",1950,,,No,,,110.0,,,,,,,,Black,,0.68 W/kg (head) 0.60 W/kg (body),,FM radio
Micromax,Micromax A290 Canvas Knight Cameo,https://www.gsmarena.com/micromax_a290_canvas_knight_cameo-6682.php,https://fdn2.gsmarena.com/vv/bigpic/micromax-a290.jpg,GSM / HSPA,No,"2014, September. Released 2014, September",Discontinued,137 x 68 x 8 mm (5.39 x 2.68 x 0.31 in),123.0,,,Dual SIM,IPS LCD,,4.7,720x1280,312,65.4,,Android 4.4.2 (KitKat),Mediatek MT6592M (28 nm),28,Octa-core 1.4 GHz Cortex-A7,Mali-450MP4,1,1,8,8,,8.0,1,,No,,No,"LED flash, panorama",1080p@30fps,5.0,No,,720p,"Wi-Fi 802.11 b/g/n, hotspot",No,4.0,Micro-USB,Yes,GPS,"Accelerometer, proximity, compass",2000,,,No,,,150.0,,,,,,,,"Pure Black, Black/Gold, White/Gold",,,,FM radio
Micromax,Micromax Canvas A1,https://www.gsmarena.com/micromax_canvas_a1-6686.php,https://fdn2.gsmarena.com/vv/bigpic/micromax-canvas-a1.jpg,GSM / HSPA,No,"2014, September. Released 2014, September",Discontinued,132 x 67 x 9 mm (5.20 x 2.64 x 0.35 in),136.0,,,"Dual SIM (Micro-SIM, dual stand-by)",IPS LCD,,4.5,480x854,218,63.1,,"Android 4.4.4 (KitKat), upgradable to 5.1 (Lollipop), Android One",Mediatek MT6582 (28 nm),28,Quad-core 1.3 GHz Cortex-A7,Mali-400MP2,1,1,4,4,,5.0,1,,No,,No,LED flash,720p,2.0,No,,,"Wi-Fi 802.11 b/g/n, hotspot",No,4.0,Micro-USB,Yes,GPS,"Accelerometer, proximity",1700,,,No,,,80.0,,,,,,,,"Black, White",,,,FM radio
Micromax,Micromax A310 Canvas Nitro,https://www.gsmarena.com/micromax_a310_canvas_nitro-6685.php,https://fdn2.gsmarena.com/vv/bigpic/micromax-a310.jpg,GSM / HSPA,No,"2014, September. Released 2014, September",Discontinued,141 x 71.6 x 8.9 mm (5.55 x 2.82 x 0.35 in),,,,Dual SIM,IPS LCD,,5.0,720x1280,294,68.3,Oleophobic coating,Android 4.4.2 (KitKat),Mediatek MT6592 (28 nm),28,Octa-core 1.7 GHz Cortex-A7,Mali-450MP4,2,2,8,8,,13.0,1,,No,,No,LED flash,1080p@30fps,5.0,No,,,"Wi-Fi 802.11 b/g/n, hotspot",No,4.0,Micro-USB,Yes,GPS,"Accelerometer, proximity",2500,,,No,,,170.0,,,,,,,,"Pristine White, Mystic Blue",A310,,,FM radio
Micromax,Micromax A092 Unite,https://www.gsmarena.com/micromax_a092_unite-6684.php,https://fdn2.gsmarena.com/vv/bigpic/micromax-unite-a092.jpg,GSM / HSPA,No,"2014, Q3. Released 2014, Q3",Discontinued,118.9 x 58.6 x 9.5 mm (4.68 x 2.31 x 0.37 in),129.0,,,Dual SIM,IPS LCD,,4.0,480x800,233,65.4,,Android 4.3 (Jelly Bean),Qualcomm MSM8212 Snapdragon 200 (28 nm),28,Quad-core 1.2 GHz Cortex-A7,Adreno 302,1,1,8,8,eMMC 4.5,5.0,1,,No,,No,LED flash,720p,,No,,,"Wi-Fi 802.11 b/g/n, hotspot",No,4.0,Micro-USB,Yes,GPS,"Accelerometer, proximity",1500,,,No,,,70.0,,,,,,,,"Black, White, Gray, Red, Yellow",,,0.32 W/kg (head) 0.29 W/kg (body),FM radio
Micromax,Micromax A65 Bolt,https://www.gsmarena.com/micromax_a65_bolt-6625.php,https://fdn2.gsmarena.com/vv/bigpic/micromax-bolt-a65.jpg,GSM,No,"2014, September. Released 2014, September",Discontinued,-,,,,Dual SIM,TFT,,4.0,480x800,233,,,Android 4.4.2 (KitKat),Mediatek MT6571 (28 nm),28,Dual-core 1.3 GHz Cortex-A7,Mali-400,,,4,4,,2.0,1,,No,,No,,Yes,,No,,,"Wi-Fi 802.11 b/g/n, hotspot",No,3.0,Micro-USB,Yes,GPS,"Accelerometer, proximity",2000,,,No,,,70.0,,,,,,,,White,,,,FM radio
Micromax,Micromax A108 Canvas L,https://www.gsmarena.com/micromax_a108_canvas_l-6537.php,https://fdn2.gsmarena.com/vv/bigpic/micromax-canvas-l-a108.jpg,GSM / HSPA,No,"2014, July. Released 2014, August",Discontinued,-,146.0,,,Dual SIM,IPS LCD,,5.5,540x960,200,,,Android 4.4.2 (KitKat),Mediatek MT6582M (28 nm),28,Quad-core 1.3 GHz Cortex-A7,Mali-400MP2,1,1,8,8,,8.0,1,,No,,No,"LED flash, panorama, HDR",720p@30fps,2.0,No,,,"Wi-Fi 802.11 b/g/n, hotspot",No,4.0,Micro-USB,Yes,GPS,"Accelerometer, proximity",2350,,,No,,,140.0,,,,,,,,"Blue, White",,,,FM radio
Micromax,Micromax A190 Canvas HD Plus,https://www.gsmarena.com/micromax_a190_canvas_hd_plus-6510.php,https://fdn2.gsmarena.com/vv/bigpic/micromax-a190-canvas-hd-plus.jpg,GSM / HSPA,No,"2014, July. Released 2014, July",Discontinued,147.9 x 73 x 8.8 mm (5.82 x 2.87 x 0.35 in),138.0,,,Dual SIM,"IPS LCD, 256K colors",,5.0,720x1280,294,63.8,,Android 4.4.2 (KitKat),Mediatek MT6591,,Hexa-core 1.5 GHz Cortex-A7,Mali-450MP4,1,1,8,8,,8.0,1,,No,,No,LED flash,1080p@30fps,2.0,No,,,"Wi-Fi 802.11 b/g/n, hotspot",No,3.0,Micro-USB,Yes,GPS,"Accelerometer, proximity",2000,,,No,,,170.0,,,,,,,,"Black, White",,0.33 W/kg (head) 0.65 W/kg (body),,FM radio
Micromax,Micromax A093 Canvas Fire,https://www.gsmarena.com/micromax_a093_canvas_fire-6500.php,https://fdn2.gsmarena.com/vv/bigpic/Micromax-Canvas-Fire-A093.jpg,GSM / HSPA,No,"2014, July. Released 2014, July",Discontinued,-,,,,Dual SIM (Mini-SIM/ Micro-SIM),TFT,,4.0,480x800,233,,,Android 4.4.2 (KitKat),,,Quad-core 1.3 GHz,,,,4,4,,5.0,1,,No,,No,"LED flash, panorama, HDR",,,No,,,"Wi-Fi 802.11 b/g/n, hotspot",No,4.0,Micro-USB,Yes,GPS,"Accelerometer, proximity",1750,,,No,,,90.0,,,,,,,,"Black/Gold, White/Gold, Black/Silver, White/Silver",,,,FM radio
Micromax,Micromax A300 Canvas Gold,https://www.gsmarena.com/micromax_a300_canvas_gold-6452.php,https://fdn2.gsmarena.com/vv/bigpic/micromax-a300.jpg,GSM / HSPA,No,"2014, June. Released 2014, June",Discontinued,6.9 mm thickness,,,,Dual SIM,IPS LCD,,5.5,1080x1920,401,,,Android 4.4.2 (KitKat),Mediatek MT6592T,,Octa-core 2.0 GHz Cortex-A7,Mali-450MP4,2,2,32,32,,16.0,1,,No,,No,"LED flash, panorama, HDR",1080p@30fps,5.0,No,,,"Wi-Fi 802.11 b/g/n, hotspot",No,4.0,Micro-USB,Yes,GPS,"Accelerometer, gyro, proximity",2300,,,No,,,300.0,,,,,,,,"Black/Gold, White/Gold",,0.21 W/kg (head) 0.56 W/kg (body),,FM radio
Micromax,Micromax Canvas Win W121,https://www.gsmarena.com/micromax_canvas_win_w121-6444.php,https://fdn2.gsmarena.com/vv/bigpic/MicroMax-Canvas-Win-W121.jpg,GSM / HSPA,No,"2014, June. Released 2014, August",Discontinued,-,,,,Dual SIM (Dual stand-by),IPS LCD,,5.0,720x1280,294,,,Microsoft Windows Phone 8.1,Qualcomm MSM8212 Snapdragon 200 (28 nm),28,Quad-core 1.2 GHz Cortex-A7,Adreno 302,1,1,8,8,eMMC 4.5,8.0,1,,No,,No,"LED flash, panorama",Yes,2.0,No,,,"Wi-Fi 802.11 b/g/n, hotspot",No,4.0,Micro-USB,Yes,GPS,"Accelerometer, proximity",2000,,,No,,,120.0,,,,,,,,Black,,,,FM radio
Micromax,Micromax Canvas Win W092,https://www.gsmarena.com/micromax_canvas_win_w092-6445.php,https://fdn2.gsmarena.com/vv/bigpic/MicroMax-Canvas-Win-W091.jpg,GSM / HSPA,No,"2014, June. Released 2014, August",Discontinued,-,,,,Dual SIM (Dual stand-by),IPS LCD,,4.0,480x800,233,,,Microsoft Windows Phone 8.1,Qualcomm Snapdragon 200 (45 nm),45,Quad-core 1.2 GHz Cortex-A7,Adreno 302,1,1,8,8,eMMC 4.5,5.0,1,,No,,No,"LED flash, panorama",Yes,,No,,,"Wi-Fi 802.11 b/g/n, hotspot",No,4.0,Micro-USB,Yes,GPS,"Accelerometer, proximity",1500,,,No,,,80.0,,,,,,,,Black,,,,No
Micromax,Micromax A089 Bolt,https://www.gsmarena.com/micromax_a089_bolt-6418.php,https://fdn2.gsmarena.com/vv/bigpic/micromax-a089.jpg,GSM / HSPA,No,"2014, May. Released 2014, May",Discontinued,-,,,,Dual SIM,TFT,,4.0,480x800,233,,,Android 4.2.2 (Jelly Bean),Mediatek MT6572 (28 nm),28,Dual-core 1.3 GHz Cortex-A7,Mali-400,,,4,4,,2.0,1,,No,,No,,720p@15fps,,No,,,"Wi-Fi 802.11 b/g/n, hotspot",No,4.0,Micro-USB,Yes,GPS,"Accelerometer, proximity",2100,,,No,,,60.0,,,,,,,,"Black, White",,,0.49 W/kg (head) 1.18 W/kg (body),FM radio
Micromax,Micromax A106 Unite 2,https://www.gsmarena.com/micromax_a106_unite_2-6382.php,https://fdn2.gsmarena.com/vv/bigpic/micromax-a106-unite-2.jpg,GSM / HSPA,No,"2014, May. Released 2014, May",Discontinued,138.9 x 71.9 x 9.4 mm (5.47 x 2.83 x 0.37 in),158.0,,,Dual SIM,IPS LCD,,4.7,480x800,199,63.0,,"Android 4.4.2 (KitKat), upgradable to 5.0 (Lollipop)",Mediatek MT6582 (28 nm),28,Quad-core 1.3 GHz Cortex-A7,Mali-400MP2,1,1,4,8,,5.0,1,,No,,No,LED flash,720p,2.0,No,,,"Wi-Fi 802.11 b/g/n, hotspot",No,4.0,Micro-USB,Yes,GPS,"Accelerometer, proximity",2000,,,No,,,90.0,,,,,,,,"Pristine White, Balmy Green, Mystic Grey, Raging Red",A106,,,FM radio
Micromax,Micromax A105 Canvas Entice,https://www.gsmarena.com/micromax_a105_canvas_entice-6436.php,https://fdn2.gsmarena.com/vv/bigpic/micromax-a105.jpg,GSM / HSPA,No,"2014, June. Released 2014, June",Discontinued,147.5 x 77.3 x 10.5 mm (5.81 x 3.04 x 0.41 in),180.0,,,Dual SIM,TFT,,5.0,480x800,187,62.4,,Android 4.4.2 (KitKat),Broadcom BCM23550,,Quad-core 1.2 GHz Cortex-A7,Broadcom VideoCore IV,,,4,4,,5.0,1,,No,,No,LED flash,720p,,No,,,"Wi-Fi 802.11 b/g/n, hotspot",No,4.0,Micro-USB,Yes,GPS,"Accelerometer, proximity",1900,,,No,,,90.0,,,,,,,,Black,,,,FM radio
Micromax,Micromax X352,https://www.gsmarena.com/micromax_x352-6364.php,https://fdn2.gsmarena.com/vv/bigpic/micromax-x352.jpg,GSM,No,"2014, May. Released 2014, May",Discontinued,125 x 56 x 16 mm (4.92 x 2.20 x 0.63 in),,,,Dual SIM,"TFT, 65K colors",,2.8,240x320,143,34.7,,,,,,,,,,,,,1,,No,,No,,Yes,,No,,,No,No,2.0,Micro-USB,No,No,,3000,,,No,,,20.0,,,,,,,,Silver,,,,FM radio
Micromax,Micromax A121 Canvas Elanza 2,https://www.gsmarena.com/micromax_a121_canvas_elanza_2-6362.php,https://fdn2.gsmarena.com/vv/bigpic/micromax-canvas-elanza-2-a121.jpg,GSM / HSPA,No,"2014, May. Released 2014, May",Discontinued,-,159.0,,,Dual SIM,IPS LCD,,5.0,720x1280,294,,,Android 4.3 (Jelly Bean),Qualcomm MSM8212 Snapdragon 200 (28 nm),28,Quad-core 1.2 GHz Cortex-A7,Adreno 302,1,1,4,4,eMMC 4.5,8.0,1,,No,,No,LED flash,720p,2.0,No,,,"Wi-Fi 802.11 b/g/n, hotspot",No,4.0,Micro-USB,Yes,GPS,"Accelerometer, proximity",2000,,,No,,,120.0,,,,,,,,Black,,,0.55 W/kg (head) 0.76 W/kg (body),FM radio
Micromax,Micromax A120 Canvas 2 Colors,https://www.gsmarena.com/micromax_a120_canvas_2_colors-6363.php,https://fdn2.gsmarena.com/vv/bigpic/micromax-canvas-2-colors-a120.jpg,GSM / HSPA,No,"2014, May. Released 2014, May",Discontinued,146 x 74 x 9.2 mm (5.75 x 2.91 x 0.36 in),168.0,,,Dual SIM,IPS LCD,,5.0,720x1280,294,63.8,,Android 4.2 (Jelly Bean),Mediatek MT6582 (28 nm),28,Quad-core 1.3 GHz Cortex-A7,Mali-400MP2,1,1,4,4,,8.0,1,,No,,No,LED flash,720p,2.0,No,,,"Wi-Fi 802.11 b/g/n, hotspot",No,4.0,Micro-USB,Yes,GPS,"Accelerometer, proximity",2000,,,No,,,110.0,,,,,,,,"Black, Blue, Green, Red, Yellow",A120,,0.54 W/kg (head) 0.92 W/kg (body),FM radio
Micromax,Micromax A102 Canvas Doodle 3,https://www.gsmarena.com/micromax_a102_canvas_doodle_3-6325.php,https://fdn2.gsmarena.com/vv/bigpic/micromax-canvas-doodle-3-a102.jpg,GSM / HSPA,No,"2014, April. Released 2014, April",Discontinued,166.4 x 84.5 x 9.8 mm (6.55 x 3.33 x 0.39 in),202.0,,,Dual SIM,TFT,,6.0,480x854,163,70.6,,Android 4.2.2 (Jelly Bean),Mediatek MT6572 (28 nm),28,Dual-core 1.3 GHz Cortex-A7,Mali-400,1,1,8,8,,5.0,1,,No,,No,LED flash,720p,,No,,,"Wi-Fi 802.11 b/g/n, hotspot",No,3.0,Micro-USB,Yes,GPS,"Accelerometer, proximity",2500,,,No,,,100.0,,,,,,,,"Blazing Blue, Pristine White",A102,1.26 W/kg (head) 0.21 W/kg (body),,FM radio
Micromax,Micromax A47 Bolt,https://www.gsmarena.com/micromax_a47_bolt-6195.php,https://fdn2.gsmarena.com/vv/bigpic/micromax-bolt-a47.jpg,GSM,No,2014. Released 2014,Discontinued,125.3 x 65.5 x 12.3 mm (4.93 x 2.58 x 0.48 in),,,,Dual SIM,IPS LCD,,4.0,480x800,233,55.5,,Android 4.2 (Jelly Bean),Mediatek MT6582 (28 nm),28,Quad-core 1.3 GHz Cortex-A7,Mali-400MP2,,,,,,2.0,1,,No,,No,LED flash,480p,,No,,,"Wi-Fi 802.11 b/g/n, hotspot",No,4.0,Micro-USB,Yes,No,Accelerometer,1600,,,No,,,50.0,,,,,,,,"Black, White",,,,FM radio
Micromax,Micromax X281,https://www.gsmarena.com/micromax_x281-6072.php,https://fdn2.gsmarena.com/vv/bigpic/micromax-x281.jpg,GSM,No,2013. Released 2013,Discontinued,124.8 x 53 x 15.9 mm (4.91 x 2.09 x 0.63 in),260.0,,,Dual SIM,TFT,,2.4,240x320,167,27.0,,,,,,,,,,,,,1,,No,,No,,Yes,,No,,,No,No,,Proprietary,Yes,No,,2800,,,No,,,20.0,,,,,,,,Gray,,,,FM radio
Micromax,Micromax X267,https://www.gsmarena.com/micromax_x267-6071.php,https://fdn2.gsmarena.com/vv/bigpic/micromax-x267.jpg,GSM,No,2013. Released 2013,Discontinued,120.5 x 52 x 14.3 mm (4.74 x 2.05 x 0.56 in),,,,Dual SIM,"TFT, 256K colors",,2.3,240x320,174,26.1,,,,,,,,,,,,,1,,No,,No,,Yes,,No,,,No,No,,Proprietary,Yes,No,,1800,,,No,,,20.0,,,,,,,,"Silver, Black",,1.15 W/kg (head) 0.91 W/kg (body),,FM radio
Micromax,Micromax X098,https://www.gsmarena.com/micromax_x098-6070.php,https://fdn2.gsmarena.com/vv/bigpic/micromax-x098.jpg,GSM,No,2013. Released 2013,Discontinued,108.3 x 46 x 16.9 mm (4.26 x 1.81 x 0.67 in),87.6,,,Dual SIM,"TFT, 256K colors",,1.76,128x160,116,19.6,,,,,,,,,,,,,1,,No,,No,,Yes,,No,,,No,No,2.1,1.1,No,No,,1750,,,No,,,10.0,,,,,,,,Black,,1.46 W/kg (head) 1.16 W/kg (body),,FM radio
Micromax,Micromax A114R Canvas Beat,https://www.gsmarena.com/micromax_a114r_canvas_beat-6069.php,https://fdn2.gsmarena.com/vv/bigpic/micromax-a114r.jpg,GSM / HSPA,No,2014. Released 2014,Discontinued,-,,,,Dual SIM (Mini-SIM),IPS LCD,,5.0,540x960,220,,,Android 4.2.2 (Jelly Bean),Broadcom BCM23550,,Quad-core 1.2 GHz Cortex-A7,Broadcom VideoCore IV,1,1,1,5,,8.0,1,,No,,No,Dual-LED flash,720p,2.0,No,,,"Wi-Fi 802.11 b/g/n, hotspot",No,4.0,Micro-USB,Yes,GPS,"Accelerometer, proximity",1900,,,No,,,190.0,,,,,,,,Black/White,,,,"FM radio, recording"
Micromax,Micromax A59 Bolt,https://www.gsmarena.com/micromax_a59_bolt-6068.php,https://fdn2.gsmarena.com/vv/bigpic/micromax-a59-bolt.jpg,GSM / HSPA,No,2014. Released 2014,Discontinued,-,,,,Dual SIM (Mini-SIM),TFT,,3.5,320x480,165,,,Android 4.1.2 (Jelly Bean),Spreadtrum SC7710,,1.0 GHz,,,,,,,1.3,1,,No,,No,LED flash,480p,,No,,,"Wi-Fi 802.11 b/g/n, hotspot",No,2.1,Micro-USB,Yes,No,Accelerometer,1500,,,No,,,50.0,,,,,,,,Black,,1.16 W/kg (head) 0.61 W/kg (body),,FM radio
Micromax,Micromax A36 Bolt,https://www.gsmarena.com/micromax_a36_bolt-6066.php,https://fdn2.gsmarena.com/vv/bigpic/micromax-a36-bolt.jpg,GSM,No,2014. Released 2014,Discontinued,-,,,,Dual SIM (Mini-SIM),"TFT, 65K colors",,4.0,480x800,233,,,Android 2.3 (Gingerbread),Spreadtrum SC6820,,1.0 GHz,Mali-300,,,,,,2.0,1,,No,,No,,Yes,,No,,,"Wi-Fi 802.11 b/g/n, hotspot",No,2.1,Micro-USB,Yes,No,,1500,,,No,,,50.0,,,,,,,,Black,,,1.01 W/kg (head) 1.19 W/kg (body),FM radio
Micromax,Micromax A28 Bolt,https://www.gsmarena.com/micromax_a28_bolt-6065.php,https://fdn2.gsmarena.com/vv/bigpic/micromax-a28-bolt.jpg,GSM,No,2014. Released 2014,Discontinued,116.9 x 62.5 x 12.5 mm (4.60 x 2.46 x 0.49 in),89.0,,,Dual SIM (Mini-SIM),"TFT, 65K colors",,3.5,320x480,165,49.9,,Android 2.3 (Gingerbread),,,1.0 GHz Cortex-A5,Mali-300,,,,,,,1,,No,,No,,320p,,No,,,Wi-Fi 802.11 b/g/n,No,2.1,Micro-USB,Yes,No,,1500,,,No,,,40.0,,,,,,,,Black,,,,"FM radio, recording"
Micromax,Micromax A350 Canvas Knight,https://www.gsmarena.com/micromax_a350_canvas_knight-5995.php,https://fdn2.gsmarena.com/vv/bigpic/micromax-a350.jpg,GSM / HSPA,No,"2014, January. Released 2014, March",Discontinued,145 x 72 x 9 mm (5.71 x 2.83 x 0.35 in),154.0,,,Dual SIM,IPS LCD,,5.0,1080x1920,441,66.0,Corning Gorilla Glass,Android 4.4.2 (KitKat),Mediatek MT6592T,,Octa-core 1.7 GHz Cortex-A7,Mali-450MP4,2,2,32,32,,16.0,1,,No,,No,LED flash,1080p@30fps,8.0,No,,,"Wi-Fi 802.11 b/g/n, hotspot",No,4.0,Micro-USB,Yes,"GPS, GLONASS","Accelerometer, gyro, proximity, compass",2350,,,No,,,240.0,,,,,,,,"Black, White/Gold, Black/Gold",,,,FM radio
Micromax,Micromax Canvas Turbo Mini,https://www.gsmarena.com/micromax_canvas_turbo_mini-5994.php,https://fdn2.gsmarena.com/vv/bigpic/micromax-a200.jpg,GSM / HSPA,No,"2014, January. Released 2014, January",Discontinued,137.5 x 67.5 x 7.8 mm (5.41 x 2.66 x 0.31 in),110.0,,,Dual SIM,IPS LCD,,4.7,720x1280,312,65.6,,Android 4.2.2 (Jelly Bean),Mediatek MT6582 (28 nm),28,Quad-core 1.3 GHz Cortex-A7,Mali-400MP2,1,1,1,4,,8.0,1,,No,,No,LED flash,720p@30fps,5.0,No,,,"Wi-Fi 802.11 b/g/n, hotspot",No,4.0,Micro-USB,Yes,GPS,"Accelerometer, proximity, compass",1800,,,No,,,170.0,,,,,,,,"Black, White, Blue",,,0.18 W/kg (head) 0.23 W/kg (body),FM radio
Micromax,Micromax A94 Canvas MAd,https://www.gsmarena.com/micromax_a94_canvas_mad-5980.php,https://fdn2.gsmarena.com/vv/bigpic/micromax-a94.jpg,GSM / HSPA,No,"2014, January. Released 2014, January",Discontinued,138 x 67.3 x 9.7 mm (5.43 x 2.65 x 0.38 in),147.0,,,"Dual SIM (Mini-SIM, dual stand-by)",IPS LCD,,4.5,480x854,218,60.1,,Android 4.2.2 (Jelly Bean),BCM23550,,Quad-core 1.2 GHz,,,,2,4,,5.0,1,,No,,No,LED flash,720p,5.0,No,,,"Wi-Fi 802.11 b/g/n, hotspot",No,4.0,Micro-USB,Yes,GPS,"Accelerometer, proximity",1800,,,No,,,100.0,,,,,,,,Black,,,,FM radio
Micromax,Micromax A119 Canvas XL,https://www.gsmarena.com/micromax_a119_canvas_xl-5977.php,https://fdn2.gsmarena.com/vv/bigpic/Micromax-Canvas-XL-A119.jpg,GSM / HSPA,No,"2014, January. Released 2014, January",Discontinued,165 x 84.2 x 10.4 mm (6.50 x 3.31 x 0.41 in),180.0,,,Dual SIM (Dual stand-by),TFT,,6.0,540x960,184,71.4,,Android 4.2 (Jelly Bean),,,Quad-core 1.3 GHz,,1,1,1,4,,8.0,1,,No,,No,Dual-LED flash,Yes,5.0,No,,,"Wi-Fi 802.11 b/g/n, hotspot",No,2.1,Micro-USB,Yes,GPS,"Accelerometer, proximity",2450,,,No,,,170.0,,,,,,,,White,,,,"FM radio, recording"
Micromax,Micromax A114 Canvas 2.2,https://www.gsmarena.com/micromax_a114_canvas_2_2-5905.php,https://fdn2.gsmarena.com/vv/bigpic/micromax-a114.jpg,GSM / HSPA,No,"2013, December. Released 2013, December",Discontinued,145 x 73 x 9.7 mm (5.71 x 2.87 x 0.38 in),147.0,,,Dual SIM (Mini-SIM),IPS LCD,,5.0,540x960,220,65.1,,Android 4.2 (Jelly Bean),Mediatek MT6582M (28 nm),28,Quad-core 1.3 GHz Cortex-A7,Mali-400MP2,1,1,1,4,,8.0,1,,No,,No,Dual-LED flash,1080p@30fps,2.0,No,,,"Wi-Fi 802.11 b/g/n, hotspot",No,4.0,Micro-USB,Yes,GPS,"Accelerometer, proximity",2000,,,No,,,150.0,,,,,,,,Black,,,,"FM radio, recording"
Micromax,Micromax A61 Bolt,https://www.gsmarena.com/micromax_a61_bolt-5899.php,https://fdn2.gsmarena.com/vv/bigpic/micromax-a61.jpg,GSM / HSPA,No,"2013, November. Released 2013, December",Discontinued,135 x 67 x 10 mm (5.31 x 2.64 x 0.39 in),,,,Dual SIM,TFT,,4.0,480x800,233,50.3,,Android 4.1 (Jelly Bean),Spreadtrum SC7710,,1.0 GHz,,,,,,,2.0,1,,No,,No,LED flash,Yes,,No,,,"Wi-Fi 802.11 b/g/n, hotspot",No,2.1,Micro-USB,Yes,GPS,Accelerometer,1500,,,No,,,60.0,,,,,,,,Black,,,,"FM radio, recording"
Micromax,Micromax A77 Canvas Juice,https://www.gsmarena.com/micromax_a77_canvas_juice-5875.php,https://fdn2.gsmarena.com/vv/bigpic/micromax-canvas-juice-a77.jpg,GSM / HSPA,No,"2013, November. Released 2013, December",Discontinued,-,,,,Dual SIM,TFT,,5.0,480x854,196,,,Android 4.2.2 (Jelly Bean),Mediatek MT6572 (28 nm),28,Dual-core 1.3 GHz Cortex-A7,Mali-400,1,1,4,4,,5.0,1,,No,,No,LED flash,720p@30fps,,No,,,"Wi-Fi 802.11 b/g/n, hotspot",No,3.0,Micro-USB,Yes,GPS,"Accelerometer, proximity",3000,,,No,,,90.0,,,,,,,,White,,,,FM radio
Micromax,Micromax A117 Canvas Magnus,https://www.gsmarena.com/micromax_a117_canvas_magnus-5832.php,https://fdn2.gsmarena.com/vv/bigpic/micromax-canvas-magnus.jpg,GSM / HSPA,No,"2013, October. Released 2013, October",Discontinued,144 x 74 x 9 mm (5.67 x 2.91 x 0.35 in),,,,Dual SIM (Mini-SIM),IPS LCD,,5.0,720x1280,294,64.7,,Android 4.2 (Jelly Bean),Mediatek MT6589T (28 nm),28,Quad-core 1.5 GHz Cortex-A7,PowerVR SGX544MP2,1,1,1,6,,12.0,1,,No,,No,LED flash,720p@30fps,2.0,No,,,"Wi-Fi 802.11 b/g/n, hotspot",No,4.0,Micro-USB,Yes,GPS,"Accelerometer, gyro, proximity",2000,,,No,,,180.0,,,,,,,,"Black, White",,,,FM radio
Micromax,Micromax Canvas Turbo,https://www.gsmarena.com/micromax_canvas_turbo-5805.php,https://fdn2.gsmarena.com/vv/bigpic/micromax-canvas-turbo.jpg,GSM / HSPA,No,"2013, October. Released 2013, October",Discontinued,-,,,,Dual SIM (Micro-SIM),IPS LCD,,5.0,1080x1920,441,,,Android 4.2.1 (Jelly Bean),Mediatek MT6589T (28 nm),28,Quad-core 1.5 GHz Cortex-A7,PowerVR SGX544MP2,2,2,2,16,,13.0,1,,No,,No,LED flash,1080p@30fps,5.0,No,,,"Wi-Fi 802.11 b/g/n, hotspot",No,4.0,Micro-USB,Yes,GPS,"Accelerometer, gyro, proximity, compass",2000,,,No,,,240.0,,,,,,,,"Black, White",,,,FM radio
Micromax,Micromax Canvas Tab P650,https://www.gsmarena.com/micromax_canvas_tab_p650-5762.php,https://fdn2.gsmarena.com/vv/bigpic/micromax-p650.jpg,GSM / HSPA,No,"2013, September. Released 2013, September",Discontinued,204 x 154 x 9.6 mm (8.03 x 6.06 x 0.38 in),,,,Yes,IPS LCD,,8.0,768x1024,160,63.1,,Android 4.2.1 (Jelly Bean),,,Quad-core 1.2 GHz Cortex-A7,PowerVR SGX544,1,1,16,16,,5.0,1,,No,,No,,Yes,2.0,No,,,"Wi-Fi 802.11 b/g/n, hotspot",No,3.0,Micro-USB,Yes,GPS,Accelerometer,4800,,,No,,,170.0,,,,,,,,"Black, White",,,,"FM radio, recording"
Micromax,Micromax A113 Canvas Ego,https://www.gsmarena.com/micromax_a113_canvas_ego-5757.php,https://fdn2.gsmarena.com/vv/bigpic/micromax-canvas-ego-canvas-ego-a113.jpg,GSM / HSPA,No,"2013, Q3. Released 2013, Q3",Discontinued,143.4 x 72.4 x 9 mm (5.65 x 2.85 x 0.35 in),,,,Dual SIM (Mini-SIM),TFT,,4.7,540x960,234,58.7,,Android 4.1.2 (Jelly Bean),,,Quad-core 1.2 GHz,,1,1,4,4,,8.0,1,,No,,No,LED flash,Yes,2.0,No,,,"Wi-Fi 802.11 b/g/n, hotspot",No,3.0,Micro-USB,Yes,GPS,"Accelerometer, proximity",2000,,,No,,,140.0,,,,,,,,Black,,,,FM radio
Micromax,Micromax A76,https://www.gsmarena.com/micromax_a76-5756.php,https://fdn2.gsmarena.com/vv/bigpic/micromax-a76.jpg,GSM / HSPA,No,"2013, Q3. Released 2013, Q3",Discontinued,-,,,,Dual SIM,TFT,,5.0,480x854,196,,,Android 4.2 (Jelly Bean),Mediatek MT6572 (28 nm),28,Dual-core 1.2 GHz Cortex-A7,Mali-400,,,4,4,,5.0,1,,No,,No,LED flash,720p@30fps,,No,,,"Wi-Fi 802.11 b/g/n, hotspot",No,2.0,Micro-USB,Yes,GPS,"Accelerometer, proximity",2000,,,No,,,100.0,,,,,,,,"Black, White",,,,FM radio
Micromax,Micromax A74 Canvas Fun,https://www.gsmarena.com/micromax_a74_canvas_fun-5759.php,https://fdn2.gsmarena.com/vv/bigpic/micromax-a74.jpg,GSM / HSPA,No,"2013, September. Released 2013, September",Discontinued,133 x 67 x 10.1 mm (5.24 x 2.64 x 0.40 in),,,,Dual SIM,TFT,,4.5,480x854,218,62.6,,Android 4.2.2 (Jelly Bean),Mediatek MT6572 (28 nm),28,Dual-core 1.3 GHz Cortex-A7,Mali-400,,,4,4,,5.0,1,,No,,No,LED flash,Yes,,No,,,"Wi-Fi 802.11 b/g/n, hotspot",No,2.0,Micro-USB,Yes,GPS,"Accelerometer, proximity",1500,,,No,,,90.0,,,,,,,,"Black, Blue, Red",,,,"FM radio, recording"
Micromax,Micromax A67 Bolt,https://www.gsmarena.com/micromax_a67_bolt-5864.php,https://fdn2.gsmarena.com/vv/bigpic/micromax-bolt-bolt-a67.jpg,GSM,No,"2013, August. Released 2013, August",Discontinued,137.7 x 67.6 x 10.5 mm (5.42 x 2.66 x 0.41 in),,,,Dual SIM,"TFT, 256K colors",,4.5,480x854,218,59.9,,Android 4.0.3 (Ice Cream Sandwich),,,Dual-core 1.0 GHz Cortex-A5,,,,4,4,,2.0,1,,No,,No,LED flash,Yes,,No,,,"Wi-Fi 802.11 b/g/n, hotspot",No,2.1,Micro-USB,Yes,No,"Accelerometer, proximity",1850,,,No,,,60.0,,,,,,,,"Black, White",,,,FM radio
Micromax,Micromax A63 Canvas Fun,https://www.gsmarena.com/micromax_a63_canvas_fun-5758.php,https://fdn2.gsmarena.com/vv/bigpic/micromax-a63-new.jpg,GSM / HSPA,No,"2013, Q3. Released 2013, Q3",Discontinued,124.5 x 65.7 x 11.3 mm (4.90 x 2.59 x 0.44 in),,,,Dual SIM,TFT,,4.0,480x800,233,55.7,,Android 4.2.2 (Jelly Bean),Mediatek MT6572 (28 nm),28,Dual-core 1.3 GHz Cortex-A7,Mali-400,,,4,4,,2.0,1,,No,,No,LED flash,Yes,,No,,,"Wi-Fi 802.11 b/g/n, hotspot",No,2.0,Micro-USB,Yes,GPS,"Accelerometer, proximity",1500,,,No,,,60.0,,,,,,,,Black/Blue,,,,"FM radio, recording"
Micromax,Micromax A240 Canvas Doodle 2,https://www.gsmarena.com/micromax_a240_canvas_doodle_2-5651.php,https://fdn2.gsmarena.com/vv/bigpic/micromax-a240-canvas-doodle-2.jpg,GSM / HSPA,No,"2013, August. Released 2013, August",Discontinued,161 x 82.5 x 8.9 mm,220.0,,,Dual SIM,IPS LCD,,5.7,720x1280,258,67.4,,Android 4.2.1 (Jelly Bean),Mediatek MT6589 (28 nm),28,Quad-core 1.2 GHz Cortex-A7,PowerVR SGX544,1,1,1,16,,12.0,1,,No,,No,"Dual-LED flash, HDR",1080p@30fps,5.0,No,,,"Wi-Fi 802.11 b/g/n, hotspot, Wi-Fi Direct",No,4.0,Micro-USB,Yes,GPS,"Accelerometer, proximity",2600,,,No,,,230.0,,,,,,,,Silver,,,,FM radio
Micromax,Micromax A92,https://www.gsmarena.com/micromax_a92-5598.php,https://fdn2.gsmarena.com/vv/bigpic/micromax-a92.jpg,GSM / HSPA,No,"2013, June. Released 2013, July",Discontinued,147 x 77 x 10.8 mm (5.79 x 3.03 x 0.43 in),,,,Dual SIM (Mini-SIM),IPS LCD,,5.0,480x800,187,62.9,,Android 4.1.2 (Jelly Bean),Mediatek MT6577 (40 nm),40,Dual-core 1.0 GHz Cortex-A9,PowerVR SGX531u,,,4,4,,5.0,1,,No,,No,LED flash,720p,,No,,,"Wi-Fi 802.11 b/g/n, hotspot",No,4.0,Micro-USB,Yes,GPS,"Accelerometer, proximity",2000,,,No,,,110.0,,,,,,,,"Black, White",,,,"FM radio, recording"
Micromax,Micromax Canvas 4 A210,https://www.gsmarena.com/micromax_canvas_4_a210-5590.php,https://fdn2.gsmarena.com/vv/bigpic/micromax-canvas-4.jpg,GSM / HSPA,No,"2013, June. Released 2013, July",Discontinued,144.5 x 73.8 x 8.9 mm (5.69 x 2.91 x 0.35 in),158.0,,,Dual SIM (dual stand-by),IPS LCD,,5.0,720x1280,294,64.6,Corning Gorilla Glass,Android 4.2.1 (Jelly Bean),Mediatek MT6589 (28 nm),28,Quad-core 1.2 GHz Cortex-A7,PowerVR SGX544,1,1,1,16,,13.0,1,,No,,No,"LED flash, HDR, panorama",1080p@30fps,5.0,No,,720p,"Wi-Fi 802.11 b/g/n, hotspot",No,4.0,Micro-USB,Yes,GPS,"Accelerometer, proximity",2000,,,No,,,230.0,,,,,,,,"Gray, White",,,,FM radio
Micromax,Micromax A88,https://www.gsmarena.com/micromax_a88-5483.php,https://fdn2.gsmarena.com/vv/bigpic/micromax-a88.jpg,GSM / HSPA,No,2013. Released 2013,Discontinued,135 x 68.7 x 11.3 mm (5.31 x 2.70 x 0.44 in),,,,Dual SIM (Mini-SIM),TFT,,4.5,480x854,218,60.2,,Android 4.1.1 (Jelly Bean),Mediatek MT6577 (40 nm),40,Dual-core 1.0 GHz Cortex-A9,PowerVR SGX531u,,,2,4,,5.0,1,,No,,No,Dual-LED flash,720p,,No,,,"Wi-Fi 802.11 b/g/n, hotspot",No,4.0,Micro-USB,Yes,GPS,"Accelerometer, proximity",1800,,,No,,,110.0,,,,,,,,"Black, White",,,,FM radio
Micromax,Micromax A110Q Canvas 2 Plus,https://www.gsmarena.com/micromax_a110q_canvas_2_plus-5482.php,https://fdn2.gsmarena.com/vv/bigpic/Micromax-A110Q-Canvas-2-Plus.jpg,GSM / HSPA,No,"2013, May. Released 2013, May",Discontinued,147 x 76.5 x 9.7 mm (5.79 x 3.01 x 0.38 in),164.0,,,Dual SIM (Mini-SIM),IPS LCD,,5.0,480x854,196,61.3,Yes,Android 4.2 (Jelly Bean),Mediatek MT6589M (28 nm),28,Quad-core 1.2 GHz Cortex-A7,PowerVR SGX544,1,1,1,5,,8.0,1,,No,,No,Dual-LED flash,Yes,2.0,No,,,"Wi-Fi 802.11 b/g/n, hotspot",No,4.0,Micro-USB,Yes,GPS,"Accelerometer, proximity",2000,,,No,,,180.0,,,,,,,,"Black, White",,,,FM radio
Micromax,Micromax X322,https://www.gsmarena.com/micromax_x322-5481.php,https://fdn2.gsmarena.com/vv/bigpic/micromax-x322.jpg,GSM,No,2013. Released 2013,Discontinued,130.8 x 58.2 x 14.2 mm (5.15 x 2.29 x 0.56 in),108.0,,,Dual SIM,TFT,,2.8,240x320,143,31.9,,,,,,,,,,,,,1,,No,,No,,Yes,,No,,,No,No,,Proprietary,Yes,No,,,,,No,,,20.0,,,,,,,,Gray,,,,FM radio
Micromax,Micromax X321,https://www.gsmarena.com/micromax_x321-5480.php,https://fdn2.gsmarena.com/vv/bigpic/micromax-x321.jpg,GSM,No,2013. Released 2013,Discontinued,127.8 x 56 x 8.9 mm (5.03 x 2.20 x 0.35 in),98.6,,,Dual SIM,TFT,,2.8,240x320,143,33.9,,,,,,,,,,,,,1,,No,,No,,Yes,,No,,,No,No,,Proprietary,Yes,No,,,,,No,,,20.0,,,,,,,,White,,,,FM radio
Micromax,Micromax X295,https://www.gsmarena.com/micromax_x295-5477.php,https://fdn2.gsmarena.com/vv/bigpic/micromax-x295.jpg,GSM,No,2013. Released 2013,Discontinued,121 x 51 x 10.8 mm (4.76 x 2.01 x 0.43 in),,,,Dual SIM,TFT,,2.6,240x320,154,33.9,,,,,,,,,,,,,1,,No,,No,,Yes,,No,,,No,No,,Proprietary,Yes,No,,,,,No,,,20.0,,,,,,,,Gray,,,,FM radio
Micromax,Micromax X286,https://www.gsmarena.com/micromax_x286-5476.php,https://fdn2.gsmarena.com/vv/bigpic/micromax-x286.jpg,GSM,No,2013. Released 2013,Discontinued,119 x 51 x 14.5 mm (4.69 x 2.01 x 0.57 in),,,,Dual SIM,TFT,,2.4,240x320,167,29.4,,,,,,,,,,,,,1,,No,,No,,Yes,,No,,,No,No,,Proprietary,Yes,No,,,,,No,,,20.0,,,,,,,,"White, Gray",,,,FM radio
Micromax,Micromax X278,https://www.gsmarena.com/micromax_x278-5475.php,https://fdn2.gsmarena.com/vv/bigpic/micromax-x278.jpg,GSM,No,2013. Released 2013,Discontinued,123 x 50 x 15.8 mm (4.84 x 1.97 x 0.62 in),,,,Dual SIM,TFT,,2.4,240x320,167,29.0,,,,,,,,,,,,,1,,No,,No,,Yes,,No,,,No,No,,Proprietary,Yes,No,,,,,No,,,,,,,,,,,Black,,,,FM radio
Micromax,Micromax X099,https://www.gsmarena.com/micromax_x099-5474.php,https://fdn2.gsmarena.com/vv/bigpic/micromax-x099.jpg,GSM,No,2013. Released 2013,Discontinued,109 x 46 x 14.8 mm (4.29 x 1.81 x 0.58 in),,,,Dual SIM,TFT,,1.77,128x160,116,19.7,,,,,,,,,,,,,1,,No,,No,,Yes,,No,,,No,No,,Proprietary,Yes,No,,,,,No,,,10.0,,,,,,,,Black,,,,FM radio
Micromax,Micromax GC333,https://www.gsmarena.com/micromax_gc333-5473.php,https://fdn2.gsmarena.com/vv/bigpic/micromax-gc333.jpg,GSM / CDMA,No,2013. Released 2013,Discontinued,-,,,,Dual SIM,TFT,,2.2,176x220,128,,,,,,,,,,,,,,1,,No,,No,,Yes,,No,,,No,No,,Proprietary,Yes,No,,,,,No,,,40.0,,,,,,,,Black,,,,Stereo FM radio
Micromax,Micromax X396,https://www.gsmarena.com/micromax_x396-5472.php,https://fdn2.gsmarena.com/vv/bigpic/micromax-x396.jpg,GSM,No,2013. Released 2013,Discontinued,112 x 60 x 11.1 mm (4.41 x 2.36 x 0.44 in),,,,Dual SIM (Mini-SIM),TFT,,3.2,240x320,125,47.2,,,,,,,,,,,,,1,,No,,No,,Yes,,No,,,No,No,,Proprietary,Yes,No,,,,,No,,,,,,,,,,,White,,,,FM radio
Micromax,Micromax X335C,https://www.gsmarena.com/micromax_x335c-5471.php,https://fdn2.gsmarena.com/vv/bigpic/micromax-x335c.jpg,GSM,No,2013. Released 2013,Discontinued,104 x 57 x 13.3 mm (4.09 x 2.24 x 0.52 in),92.0,,,Dual SIM (Mini-SIM),"TFT, 256K colors",,2.8,240x320,143,41.0,,,,,,,,,,,,,1,,No,,No,,Yes,,No,,,No,No,,Proprietary,Yes,No,,,,,No,,,30.0,,,,,,,,"Black, White",,,,FM radio
Micromax,Micromax A111 Canvas Doodle,https://www.gsmarena.com/micromax_a111_canvas_doodle-5453.php,https://fdn2.gsmarena.com/vv/bigpic/micromax-a111.jpg,GSM / HSPA,No,"2013, May. Released 2013, May",Discontinued,147 x 76.5 x 9.7 mm (5.79 x 3.01 x 0.38 in),168.0,,,Dual SIM (Mini-SIM),TFT,,5.3,480x854,185,68.8,,Android 4.1.2 (Jelly Bean),Qualcomm MSM8225Q Snapdragon S4 Play,,Quad-core 1.2 GHz Cortex-A5,Adreno 203,,,4,22,,8.0,1,,No,,No,Dual-LED flash,Yes,2.0,No,,,"Wi-Fi 802.11 b/g/n, hotspot",No,2.1,Micro-USB,Yes,GPS,"Accelerometer, proximity",2100,,,No,,,190.0,,,,,,,,White,,,0.33 W/kg (head) 0.49 W/kg (body),FM radio
Micromax,Micromax Funbook 3G P600,https://www.gsmarena.com/micromax_funbook_3g_p600-5436.php,https://fdn2.gsmarena.com/vv/bigpic/micromax-p600.jpg,GSM / HSPA,No,"2013, March. Released 2013, March",Discontinued,193.5 x 119.5 x 11.5 mm (7.62 x 4.70 x 0.45 in),370.0,,,Yes,TFT,,7.0,480x800,133,60.3,,Android 4.0.4 (Ice Cream Sandwich),,,Dual-core 1.0 GHz Cortex-A5,,,,2,2,,2.0,1,,No,,No,,Yes,,No,,,"Wi-Fi 802.11 b/g/n, hotspot",No,3.0,2.0,Yes,No,Accelerometer,3000,,,No,,,130.0,,,,,,,,Black,,,,FM radio
Micromax,Micromax Funbook 3G P560,https://www.gsmarena.com/micromax_funbook_3g_p560-5435.php,https://fdn2.gsmarena.com/vv/bigpic/micromax-p560.jpg,GSM / HSPA,No,"2013, March. Released 2013, March",Discontinued,-,323.0,,,Yes,TFT,,7.0,480x800,133,,,Android 4.0.4 (Ice Cream Sandwich),,,1.0 GHz,,,,5,5,,2.0,1,,No,,No,,Yes,,No,,,"Wi-Fi 802.11 b/g/n, hotspot",No,3.0,Proprietary,Yes,No,Accelerometer,3000,,,No,,,120.0,,,,,,,,Black,,,,No
Micromax,Micromax Funbook Talk P362,https://www.gsmarena.com/micromax_funbook_talk_p362-5434.php,https://fdn2.gsmarena.com/vv/bigpic/micromax-p362.jpg,GSM,No,"2013, February. Released 2013, February",Discontinued,194 x 125 x 11 mm (7.64 x 4.92 x 0.43 in),,,,Yes,TFT,,7.0,480x800,133,57.5,,Android 4.1 (Jelly Bean),,,1.2 GHz Cortex-A9,,,,65,65,,2.0,1,,No,,No,,Yes,,No,,,"Wi-Fi 802.11 b/g/n, hotspot",No,2.1,Proprietary,Yes,No,Accelerometer,,,,No,,,100.0,,,,,,,,Black,,,,No
Micromax,Micromax Funbook Talk P360,https://www.gsmarena.com/micromax_funbook_talk_p360-5433.php,https://fdn2.gsmarena.com/vv/bigpic/micromax-p360.jpg,GSM,No,"2013, February. Released 2013, February",Discontinued,-,,,,Yes,TFT,,7.0,480x800,133,,,Android 4.0.4 (Ice Cream Sandwich),,,1.0 GHz Cortex-A8,,,,2,2,,2.0,1,,No,,No,,Yes,,No,,,"Wi-Fi 802.11 b/g/n, hotspot",No,2.1,2.0,Yes,No,Accelerometer,3000,,,No,,,100.0,,,,,,,,Black,,,,FM radio
Micromax,Micromax Viva A72,https://www.gsmarena.com/micromax_viva_a72-5432.php,https://fdn2.gsmarena.com/vv/bigpic/micromax-a72.jpg,GSM,No,"2013, April. Released 2013, April",Discontinued,142.8 x 76 x 10.6 mm (5.62 x 2.99 x 0.42 in),186.0,,,Dual SIM,TFT,,5.0,480x800,187,65.6,,Android 2.3 (Gingerbread),Mediatek MT6515,,1.0 GHz Cortex-A9,PowerVR SGX531,,,,,,3.15,1,,No,,No,,Yes,,No,,,"Wi-Fi 802.11 b/g/n, hotspot",No,3.0,Proprietary,Yes,GPS,Accelerometer,,,,No,,,90.0,,,,,,,,Black,,,,FM radio
Micromax,Micromax Ninja A91,https://www.gsmarena.com/micromax_ninja_a91-5431.php,https://fdn2.gsmarena.com/vv/bigpic/micromax-a91.jpg,GSM / HSPA,No,"2013, March. Released 2013, March",Discontinued,130 x 66 x 10 mm (5.12 x 2.60 x 0.39 in),149.1,,,Dual SIM,TFT,,4.5,480x854,218,65.0,,Android 4.0 (Ice Cream Sandwich),Mediatek MT6577 (40 nm),40,Dual-core 1.0 GHz Cortex-A9,PowerVR SGX531u,,,2,2,,5.0,1,,No,,No,,Yes,,No,,,"Wi-Fi 802.11 b/g/n, hotspot",No,3.0,Proprietary,Yes,GPS,Accelerometer,,,,No,,,120.0,,,,,,,,Black,,,,FM radio
Micromax,Micromax Ninja A54,https://www.gsmarena.com/micromax_ninja_a54-5430.php,https://fdn2.gsmarena.com/vv/bigpic/micromax-a54.jpg,GSM / HSPA,No,"2013, January. Released 2013, January",Discontinued,116 x 62 x 12 mm (4.57 x 2.44 x 0.47 in),109.0,,,Dual SIM,TFT,,3.5,320x480,165,50.7,,Android 2.3 (Gingerbread),,,Dual-core 1.0 GHz,,,,,,,3.15,1,,No,,No,,Yes,,No,,,"Wi-Fi 802.11 b/g/n, hotspot",No,2.1,Proprietary,Yes,GPS,"Accelerometer, proximity",,,,No,,,70.0,,,,,,,,Gray,,,,FM radio
Micromax,Micromax Bolt A62,https://www.gsmarena.com/micromax_bolt_a62-5429.php,https://fdn2.gsmarena.com/vv/bigpic/micromax-a62.jpg,GSM,No,"2013, April. Released 2013, April",Discontinued,121.7 x 67.2 x 12.2 mm (4.79 x 2.65 x 0.48 in),85.0,,,Dual SIM,TFT,,3.95,320x480,146,56.8,,Android 2.3.5 (Gingerbread),,,1.0 GHz,,,,,,,2.0,1,,No,,No,,Yes,,No,,,"Wi-Fi 802.11 b/g/n, hotspot",No,2.0,Proprietary,Yes,No,,,,,No,,,70.0,,,,,,,,Black/White,,,,FM radio
Micromax,Micromax Bolt A51,https://www.gsmarena.com/micromax_bolt_a51-5428.php,https://fdn2.gsmarena.com/vv/bigpic/micromax-a51.jpg,GSM / HSPA,No,"2013, April. Released 2013, April",Discontinued,118.5 x 62.5 x 12.8 mm (4.67 x 2.46 x 0.50 in),118.0,,,Dual SIM,TFT,,3.5,320x480,165,49.3,,Android 2.3.7 (Gingerbread),,,832 MHz,,,,,,,2.0,1,,No,,No,LED flash,Yes,,No,,,"Wi-Fi 802.11 b/g/n, hotspot",No,3.0,Micro-USB,Yes,No,Accelerometer,1500,,,No,,,70.0,,,,,,,,Black/Silver,,,,FM radio
Micromax,Micromax Bolt A35,https://www.gsmarena.com/micromax_bolt_a35-5427.php,https://fdn2.gsmarena.com/vv/bigpic/micromax-a35.jpg,GSM,No,"2013, February. Released 2013, February",Discontinued,124 x 64 x 11.6 mm (4.88 x 2.52 x 0.46 in),89.0,,,Dual SIM,TFT,,4.0,480x800,233,57.4,,Android 2.3 (Gingerbread),,,1.0 GHz,,,,,,,2.0,1,,No,,No,,Yes,,No,,,"Wi-Fi 802.11 b/g/n, hotspot",No,2.1,Proprietary,Yes,No,,,,,No,,,60.0,,,,,,,,Black,,,,FM radio
Micromax,Micromax Bolt A27,https://www.gsmarena.com/micromax_bolt_a27-5426.php,https://fdn2.gsmarena.com/vv/bigpic/micromax-a27.jpg,GSM,No,"2013, January. Released 2013, January",Discontinued,116.2 x 62 x 13.2 mm (4.57 x 2.44 x 0.52 in),89.0,,,Dual SIM,TFT,,3.5,320x480,165,50.6,,Android 2.3 (Gingerbread),,,1.0 GHz,,,,,,,,1,,No,,No,,Yes,,No,,,"Wi-Fi 802.11 b/g/n, hotspot",No,2.1,Proprietary,Yes,No,,,,,No,,,50.0,,,,,,,,Black,,,,FM radio
Micromax,Micromax A115 Canvas 3D,https://www.gsmarena.com/micromax_a115_canvas_3d-5424.php,https://fdn2.gsmarena.com/vv/bigpic/micromax-a115-canvas-3d.jpg,GSM / HSPA,No,"2013, April. Released 2013, May",Discontinued,-,,,,Dual SIM (dual stand-by),3D,,5.0,480x800,187,,,Android 4.1.2 (Jelly Bean),Mediatek MT6577T (40 nm),40,Dual-core 1.2 GHz Cortex-A9,PowerVR SGX531u,,,4,4,,5.0,1,,No,,No,LED flash,480p@30fps,,No,,,"Wi-Fi 802.11 b/g/n, hotspot",No,4.0,Micro-USB,Yes,GPS,"Accelerometer, gyro, proximity",2000,,,No,,,150.0,,,,,,,,"Black, White",,,,FM radio
Micromax,Micromax A116 Canvas HD,https://www.gsmarena.com/micromax_a116_canvas_hd-5256.php,https://fdn2.gsmarena.com/vv/bigpic/micromax-a116-canvas-hd.jpg,GSM / HSPA,No,"2013, January. Released 2013, February",Discontinued,144 x 74 x 10.7 mm (5.67 x 2.91 x 0.42 in),156.0,,,Dual SIM,IPS LCD,,5.0,720x1280,294,64.7,Yes,"Android 4.1.2 (Jelly Bean), upgradable to 4.2.1 (Jelly Bean)",Mediatek MT6589 (28 nm),28,Quad-core 1.2 GHz Cortex-A7,PowerVR SGX544,1,1,1,77,,8.0,1,,No,,No,LED flash,720p@30fps,2.0,No,,320p,"Wi-Fi 802.11 b/g/n, hotspot",No,4.0,Micro-USB,Yes,GPS,"Accelerometer, gyro, proximity",2000,,,No,,,230.0,,,,,,,,"Black, White",,,0.47 W/kg (head) 0.41 W/kg (body),FM radio
Micromax,Micromax A101,https://www.gsmarena.com/micromax_a101-5212.php,https://fdn2.gsmarena.com/vv/bigpic/micromax-a101.jpg,GSM / HSPA,No,"2012, December. Released 2012, December",Discontinued,148 x 79 x 10.3 mm (5.83 x 3.11 x 0.41 in),200.0,,,Dual SIM (Mini-SIM),TFT,,5.0,480x800,187,60.9,Yes,Android 4.0.4 (Ice Cream Sandwich),,,Dual-core 1.0 GHz,,,,2,4,,5.0,1,,No,,No,LED flash,Yes,,No,,,"Wi-Fi 802.11 a/b/g/n, dual-band, hotspot",No,4.0,Micro-USB,Yes,GPS,"Accelerometer, proximity",2100,,,No,,,140.0,,,,,,,,"Black, White",,,,"FM radio, recording"
Micromax,Micromax A110 Canvas 2,https://www.gsmarena.com/micromax_a110_canvas_2-5088.php,https://fdn2.gsmarena.com/vv/bigpic/micromax-a110.jpg,GSM / HSPA,No,"2012, October. Released 2012, November",Discontinued,147 x 76.5 x 9.7 mm (5.79 x 3.01 x 0.38 in),168.0,,,Dual SIM (Mini-SIM),IPS LCD,,5.0,480x854,196,61.3,Yes,"Android 4.0.4 (Ice Cream Sandwich), upgradable to 4.1.1 (Jelly Bean)",Mediatek MT6577 (40 nm),40,Dual-core 1.0 GHz Cortex-A9,PowerVR SGX531,,,2,4,,8.0,1,,No,,No,Dual-LED flash,Yes,,No,,,"Wi-Fi 802.11 b/g/n, hotspot",No,3.0,Micro-USB,Yes,GPS,"Accelerometer, proximity",2000,,,No,,,160.0,,,,,,,,"Black, White",,,0.68 W/kg (head),FM radio
Micromax,Micromax A89 Ninja,https://www.gsmarena.com/micromax_a89_ninja-5310.php,https://fdn2.gsmarena.com/vv/bigpic/micromax-ninja-a89.jpg,GSM / HSPA,No,"2013, February. Released 2013, February",Discontinued,-,,,,Dual SIM (Mini-SIM),"TFT, 256K colors",,3.97,480x800,235,,,Android 4.0.4 (Ice Cream Sandwich),Mediatek MT6577 (40 nm),40,Dual-core 1.0 GHz Cortex-A9,PowerVR SGX531u,,,2,2,,3.15,1,,No,,No,,480p,,No,,,"Wi-Fi 802.11 b/g/n, hotspot",No,2.1,Micro-USB,Yes,GPS,Accelerometer,1450,,,No,,,90.0,,,,,,,,Black,,,,FM radio
Micromax,Micromax A87 Ninja 4.0,https://www.gsmarena.com/micromax_a87_ninja_4_0-5054.php,https://fdn2.gsmarena.com/vv/bigpic/micromax-superfone-a87-ninja-4.jpg,GSM / HSPA,No,"2012, September. Released 2012, September",Discontinued,124.8 x 64 x 11.7 mm (4.91 x 2.52 x 0.46 in),,,,"Dual SIM (Mini-SIM, dual stand-by)","TFT, 256K colors",,4.0,480x800,233,57.0,,Android 2.3.5 (Gingerbread),,,1.0 GHz,,,,,,,2.0,1,,No,,No,,Yes,,No,,,"Wi-Fi 802.11 b/g/n, hotspot",No,2.1,Micro-USB,Yes,GPS,"Accelerometer, proximity",1400,,,No,,,90.0,,,,,,,,Black,,0.66 W/kg (head) 1.24 W/kg (body),,FM radio
Micromax,Micromax A57 Ninja 3.0,https://www.gsmarena.com/micromax_a57_ninja_3_0-5055.php,https://fdn2.gsmarena.com/vv/bigpic/micromax-superfone-a57-ninja-3.jpg,GSM / HSPA,No,"2012, September. Released 2012, September",Discontinued,116 x 62 x 11.5 mm (4.57 x 2.44 x 0.45 in),93.8,,,"Dual SIM (Mini-SIM, dual stand-by)","TFT, 256K colors",,3.5,320x480,165,50.7,,Android 2.3.5 (Gingerbread),,,1.0 GHz,Adreno 200,,,,,,3.15,1,,No,,No,,Yes,,No,,,"Wi-Fi 802.11 b/g/n, hotspot",No,2.0,Micro-USB,Yes,GPS,Accelerometer,1400,,,No,,,70.0,,,,,,,,Black,,0.86 W/kg (head) 0.60 W/kg (body),,FM radio
Micromax,Micromax Funbook Infinity P275,https://www.gsmarena.com/micromax_funbook_infinity_p275-5466.php,https://fdn2.gsmarena.com/vv/bigpic/micromax-funbook-infinity-p275.jpg,No cellular connectivity,No,2012. Released 2012,Discontinued,-,,,,No,TFT,,7.0,480x800,133,,,Android 4.0.4 (Ice Cream Sandwich),,,1.2 GHz Cortex-A8,Mali-400,,,4,4,,2.0,1,,No,,No,,Yes,,No,,,Wi-Fi 802.11 b/g/n,No,,miniUSB 2.0,Yes,No,Accelerometer,4000,,,No,,,70.0,,,,,,,,Black,,,,No
Micromax,Micromax Funbook Alfa P250,https://www.gsmarena.com/micromax_funbook_alfa_p250-5053.php,https://fdn2.gsmarena.com/vv/bigpic/micromax-funbook-alfa.jpg,No cellular connectivity,No,"2012, September. Released 2012, October",Discontinued,-,,,,No,TFT,,7.0,480x800,133,,,Android 4.0.3 (Ice Cream Sandwich),,,1.0 GHz Cortex-A8,Mali-400,,,4,4,,,1,,No,,No,,,,No,,,Wi-Fi 802.11 b/g/n,No,,2.0,Yes,,Accelerometer,2800,,,No,,,90.0,,,,,,,,Gray,,,,No
Micromax,Micromax Funbook Pro,https://www.gsmarena.com/micromax_funbook_pro-4915.php,https://fdn2.gsmarena.com/vv/bigpic/micromax-funbook-pro.jpg,No cellular connectivity,No,"2012, August. Released 2012, August",Discontinued,-,,,,No,TFT,,10.1,600x1024,118,,,Android 4.0.3 (Ice Cream Sandwich),,,1.2 GHz Cortex-A8,Mali-400,1,1,8,8,,,1,,No,,No,,,,No,,,Wi-Fi 802.11 b/g,,,Proprietary,Yes,No,Accelerometer,5600,,,No,,,170.0,,,,,,,,"Silver, Black",,,,No
Micromax,Micromax A100,https://www.gsmarena.com/micromax_a100-4933.php,https://fdn2.gsmarena.com/vv/bigpic/micromax-a100.jpg,GSM / HSPA,No,"2012, August. Released 2012, Q4",Discontinued,142.2 x 72.6 x 11.9 mm (5.60 x 2.86 x 0.47 in),168.0,,,Dual SIM (Mini-SIM),TFT,,5.0,480x854,196,66.7,,Android 4.0.3 (Ice Cream Sandwich),,,1.0 GHz Scorpion,Adreno 200,,,4,4,,5.0,1,,No,,No,LED flash,Yes,,No,,,"Wi-Fi 802.11 b/g/n, hotspot",,3.0,Micro-USB,Yes,"GPS, A-GPS","Accelerometer, proximity",2000,,,No,,,160.0,,,,,,,,Black,,,,FM radio
Micromax,Micromax A90s,https://www.gsmarena.com/micromax_a90s-5117.php,https://fdn2.gsmarena.com/vv/bigpic/micromax-a90s.jpg,GSM / HSPA,No,"2012, Q3. Released 2012, November",Discontinued,127.2 x 66.8 x 9.8 mm (5.01 x 2.63 x 0.39 in),118.4,,,Dual SIM (Mini-SIM),"Super AMOLED, 256K colors",,4.3,480x800,217,61.9,,Android 4.0.3 (Ice Cream Sandwich),Mediatek MT6577 (40 nm),40,Dual-core 1.0 GHz Cortex-A9,PowerVR SGX531u,,,2,4,,8.0,1,,No,,No,LED flash,Yes,,No,,,Wi-Fi 802.11 b/g/n,No,4.0,Micro-USB,Yes,GPS,"Accelerometer, proximity, compass",1600,,,No,,,190.0,,,,,,,,Black,,1.55 W/kg (head) 0.92 W/kg (body),,FM radio
Micromax,Micromax A90,https://www.gsmarena.com/micromax_a90-4908.php,https://fdn2.gsmarena.com/vv/bigpic/micromax-a90.jpg,GSM / HSPA,No,"2012, July. Released 2012, August",Discontinued,125 x 65 x 10.6 mm (4.92 x 2.56 x 0.42 in),,,,Dual SIM (Mini-SIM),"AMOLED, 256K colors",,4.3,480x800,217,64.8,,Android 4.0.3 (Ice Cream Sandwich),Mediatek MT6575 (40 nm),40,1.0 GHz Cortex-A9,PowerVR SGX531,,,2,4,,8.0,1,,No,,No,LED flash,Yes,,No,,,Wi-Fi 802.11 b/g/n,,2.1,Micro-USB,Yes,"GPS, A-GPS","Accelerometer, proximity, compass",1600,,,No,,,200.0,,,,,,,,Black,,,,FM radio
Micromax,Micromax A84,https://www.gsmarena.com/micromax_a84-4917.php,https://fdn2.gsmarena.com/vv/bigpic/micromax-a84.jpg,GSM / HSPA,No,"2012, August. Released 2012, August",Discontinued,125 x 65 x 10.6 mm (4.92 x 2.56 x 0.42 in),,,,"Dual SIM (Mini-SIM, dual stand-by)",IPS LCD,,3.98,480x800,234,55.5,,Android 2.3.6 (Gingerbread),Mediatek MT6575 (40 nm),40,1.0 GHz Cortex-A9,PowerVR SGX531,,,,,,5.0,1,,No,,No,LED flash,Yes,,No,,,Wi-Fi 802.11 b/g/n,,2.0,Micro-USB,Yes,GPS,Accelerometer,1630,,,No,,,150.0,,,,,,,,Black,,,,No
Micromax,Micromax A80,https://www.gsmarena.com/micromax_a80_-4916.php,https://fdn2.gsmarena.com/vv/bigpic/micromax-a80.jpg,GSM / UMTS,No,"2012, August. Released 2012, August",Discontinued,129.5 x 64 x 13.5 mm (5.10 x 2.52 x 0.53 in),,,,"Dual SIM (Mini-SIM, dual stand-by)","TFT, 256K colors",,3.75,320x480,,50.5,,Android 2.3.4 (Gingerbread),Mediatek MT6573 (65 nm),65,800 MHz Cortex-A9,PowerVR SGX531,,,,,,5.0,1,,No,,No,LED flash,Yes,,No,,,Wi-Fi 802.11 b/g/n,,3.0,Micro-USB,Yes,GPS,Accelerometer,2500,,,No,,,120.0,,,,,,,,Black,,,,No
Micromax,Micromax Superfone Punk A44,https://www.gsmarena.com/micromax_superfone_punk_a44-4903.php,https://fdn2.gsmarena.com/vv/bigpic/micromax-superfone-punk-a44.jpg,GSM,No,"2012, August. Released 2012, August",Discontinued,112 x 62 x 14.3 mm (4.41 x 2.44 x 0.56 in),,,,Dual SIM (Mini-SIM),"TFT, 65K colors",,3.5,240x320,114,54.6,,Android 2.3.6 (Gingerbread),Mediatek MT6513,,800 MHz Cortex-A9,PowerVR SGX531,,,,,,2.0,1,,No,,No,,Yes,,No,,,Wi-Fi 802.11 b/g/n,,2.0,Micro-USB,Yes,No,Accelerometer,1200,,,No,,,60.0,,,,,,,,White,,,,FM radio
Micromax,Micromax X101,https://www.gsmarena.com/micromax_x101-5214.php,https://fdn2.gsmarena.com/vv/bigpic/micromax-x101.jpg,GSM,No,"2012, September. Released 2012, September",Discontinued,-,,,,Dual SIM (Mini-SIM),"TFT, 65K colors",,1.77,128x160,116,,,,,,,,,,,,,,1,,No,,No,,Yes,,No,,,No,No,2.0,,No,No,,1000,,,No,,,10.0,,,,,,,,"White/Black, Yellow/Black",,,,"FM radio, recording"
Micromax,Micromax A25,https://www.gsmarena.com/micromax_a25-5132.php,https://fdn2.gsmarena.com/vv/bigpic/micromax-a25.jpg,GSM,No,"2012, October. Released 2012, October",Discontinued,104.5 x 56 x 13 mm (4.11 x 2.20 x 0.51 in),102.0,,,Dual SIM (Mini-SIM),"TFT, 256K colors",,2.8,240x320,143,41.5,,Android 2.3.6 (Gingerbread),Mediatek MT6515,,1.0 GHz Cortex-A9,PowerVR SGX531,,,,,,1.3,1,,No,,No,,Yes,,No,,,Wi-Fi 802.11 b/g/n,No,2.1,Micro-USB,Yes,No,Accelerometer,1280,,,No,,,50.0,,,,,,,,Black,,,,FM radio
Micromax,Micromax X291,https://www.gsmarena.com/micromax_x291-4890.php,https://fdn2.gsmarena.com/vv/bigpic/micromax-x291.jpg,GSM,No,"2012, May",Discontinued,119 x 54 x 12.6 mm (4.69 x 2.13 x 0.50 in),98.6,,,Dual SIM (Mini-SIM),TFT,,2.6,240x320,154,32.6,,,,,,,,,,,,1.3,1,,No,,No,,Yes,,No,,,No,,2.0,Micro-USB,Yes,No,,1450,,,No,,,30.0,,,,,,,,"White, Black, Silver",,,,FM radio
Micromax,Micromax X277,https://www.gsmarena.com/micromax_x277-4889.php,https://fdn2.gsmarena.com/vv/bigpic/micromax-x277.jpg,GSM,No,"2012, May",Discontinued,118.3 x 48.8 x 14 mm (4.66 x 1.92 x 0.55 in),,,,Dual SIM (Mini-SIM),TFT,,2.4,240x320,167,30.9,,,,,,,,,,,,,1,,No,,No,,Yes,,No,,,No,,2.0,Micro-USB,Yes,No,,1000,,,No,,,20.0,,,,,,,,"Red, Blue",,,,FM radio
Micromax,Micromax X276,https://www.gsmarena.com/micromax_x276-4888.php,https://fdn2.gsmarena.com/vv/bigpic/micromax-x276.jpg,GSM,No,"2012, May",Discontinued,118 x 48.6 x 13.5 mm (4.65 x 1.91 x 0.53 in),,,,Dual SIM (Mini-SIM),TFT,,2.4,240x320,167,31.1,,,,,,,,,,,,,1,,No,,No,,Yes,,No,,,No,,2.0,Micro-USB,Yes,No,,1000,,,No,,,20.0,,,,,,,,Black,,,,FM radio
Micromax,Micromax X246,https://www.gsmarena.com/micromax_x246-4887.php,https://fdn2.gsmarena.com/vv/bigpic/micromax-x246.jpg,GSM,No,"2012, May",Discontinued,116 x 50 x 15.6 mm (4.57 x 1.97 x 0.61 in),104.0,,,Dual SIM (Mini-SIM),TFT,,2.4,240x320,167,30.8,,,,,,,,,,,,,1,,No,,No,,Yes,,No,,,No,,2.0,Micro-USB,Yes,No,,1800,,,No,,,20.0,,,,,,,,Black,,,,FM radio
Micromax,Micromax X234+,https://www.gsmarena.com/micromax_x234+-4886.php,https://fdn2.gsmarena.com/vv/bigpic/micromax-x234.jpg,GSM,No,"2012, June",Discontinued,108.6 x 44 x 14.5 mm (4.28 x 1.73 x 0.57 in),,,,Dual SIM (Mini-SIM),TFT,,2.0,176x220,141,26.3,,,,,,,,,,,,,1,,No,,No,,Yes,,No,,,No,,2.0,Micro-USB,Yes,No,,800,,,No,,,20.0,,,,,,,,"Red, Blue",,,,FM radio
Micromax,Micromax A56,https://www.gsmarena.com/micromax_a56-4874.php,https://fdn2.gsmarena.com/vv/bigpic/micromax-a56.jpg,GSM / HSPA,No,"2012, July. Released 2012, July",Discontinued,116 x 62 x 11.5 mm (4.57 x 2.44 x 0.45 in),110.0,,,Dual SIM (Mini-SIM),TFT,,3.5,360x480,171,52.7,,Android 2.3.5 (Gingerbread),Mediatek MT6573 (65 nm),65,800 MHz Cortex-A9,PowerVR SGX531,,,,,,3.15,1,,No,,No,,No,,No,,,Wi-Fi 802.11 b/g/n,,3.0,Micro-USB,Yes,"GPS, A-GPS",,1400,,,No,,,80.0,,,,,,,,"Black, White",,,,"FM radio, recording"
Micromax,Micromax A52,https://www.gsmarena.com/micromax_a52-4825.php,https://fdn2.gsmarena.com/vv/bigpic/micromax-a52.jpg,GSM / HSPA,No,"2012, June. Released 2012, June",Discontinued,112 x 61 x 13.2 mm (4.41 x 2.40 x 0.52 in),112.0,,,Dual SIM (Mini-SIM),TFT,,3.2,240x320,125,46.4,,Android 2.3 (Gingerbread),Mediatek MT6575 (40 nm),40,1.0 GHz Cortex-A9,PowerVR SGX531,,,,,,2.0,1,,No,,No,,Yes,,No,,,Wi-Fi 802.11 b/g/n,,3.0,Micro-USB,Yes,"GPS, A-GPS",,1280,,,No,,,70.0,,,,,,,,"Black, Yellow, White",,,,Stereo FM radio
Micromax,Micromax A45,https://www.gsmarena.com/micromax_a45-4824.php,https://fdn2.gsmarena.com/vv/bigpic/micromax-a45.jpg,GSM,No,"2012, June. Released 2012, June",Discontinued,115 x 63 x 13 mm (4.53 x 2.48 x 0.51 in),120.0,,,Dual SIM (Mini-SIM),TFT,,3.5,320x480,165,50.3,,Android 2.3 (Gingerbread),Mediatek MT6513,,650 MHz Cortex-A9,PowerVR SGX531,,,,,,2.0,1,,No,,No,,Yes,,No,,,Wi-Fi 802.11 b/g/n,,2.0,Micro-USB,Yes,No,,1300,,,No,,,70.0,,,,,,,,"White, Black",,0.86 W/kg (head) 0.67 W/kg (body),,Stereo FM radio
Micromax,Micromax X660,https://www.gsmarena.com/micromax_x660-4795.php,https://fdn2.gsmarena.com/vv/bigpic/micromax-x660.jpg,GSM,No,"2012, Q2. Released 2012, May",Discontinued,119.4 x 61.3 x 12.4 mm (4.70 x 2.41 x 0.49 in),121.0,,,Dual SIM (Mini-SIM),TFT,,3.5,320x480,165,49.8,,,,,,,,,,,,3.2,1,,No,,No,,Yes,,No,,,Wi-Fi 802.11 b/g,,,Proprietary,Yes,No,,1200,,,No,,,60.0,,,,,,,,"White, Black",,,,"FM radio, recording"
Micromax,Micromax X640,https://www.gsmarena.com/micromax_x640-4794.php,https://fdn2.gsmarena.com/vv/bigpic/micromax-x640.jpg,GSM,No,"2012, Q2. Released 2012, May",Discontinued,113.5 x 57.5 x 12.2 mm (4.47 x 2.26 x 0.48 in),,,,Dual SIM (Mini-SIM),TFT,,3.2,240x400,,44.7,,,,,,,,,,,,2.0,1,,No,,No,,Yes,,No,,,No,,,Proprietary,Yes,No,,,,,No,,,50.0,,,,,,,,Black,,,,FM radio
Micromax,Micromax X368,https://www.gsmarena.com/micromax_x368-4793.php,https://fdn2.gsmarena.com/vv/bigpic/micromax-x368.jpg,GSM,No,"2012, Q2. Released 2012, May",Discontinued,117 x 51.5 x 11 mm (4.61 x 2.03 x 0.43 in),,,,Dual SIM (Mini-SIM),TFT,,2.55,240x320,157,33.4,,,,,,,,,,,,2.0,1,,No,,No,,Yes,,No,,,No,,,Proprietary,Yes,No,,,,,No,,,40.0,,,,,,,,White/Gray,,,,FM radio
Micromax,Micromax X335,https://www.gsmarena.com/micromax_x335-4790.php,https://fdn2.gsmarena.com/vv/bigpic/micromax-x335.jpg,GSM,No,"2012, Q2. Released 2012, May",Discontinued,104 x 57 x 13.1 mm (4.09 x 2.24 x 0.52 in),69.0,,,Dual SIM (Mini-SIM),"TFT, 256K colors",,2.8,240x320,143,41.0,,,,,,,,,,,,,1,,No,,No,,Yes,,No,,,No,,,Proprietary,Yes,No,,,,,No,,,30.0,,,,,,,,Green,,0.86 W/kg (head) 0.67 W/kg (body),,FM radio
Micromax,Micromax X288,https://www.gsmarena.com/micromax_x288-4789.php,https://fdn2.gsmarena.com/vv/bigpic/micromax-x288.jpg,GSM,No,"2012, Q2. Released 2012, May",Discontinued,113.7 x 49 x 15.8 mm (4.48 x 1.93 x 0.62 in),61.7,,,Dual SIM (Mini-SIM),"TFT, 256K colors",,2.4,240x320,167,32.0,,,,,,,,,,,,1.3,1,,No,,No,,Yes,,No,,,No,,,Proprietary,Yes,No,,,,,No,,,30.0,,,,,,,,Gray,,,,FM radio
Micromax,Micromax X274,https://www.gsmarena.com/micromax_x274-4788.php,https://fdn2.gsmarena.com/vv/bigpic/micromax-x274.jpg,GSM,No,"2012, Q2. Released 2012, May",Discontinued,117.8 x 49 x 14.9 mm (4.64 x 1.93 x 0.59 in),67.0,,,Dual SIM (Mini-SIM),"TFT, 256K colors",,2.4,240x320,167,30.9,,,,,,,,,,,,,1,,No,,No,,Yes,,No,,,No,,,Proprietary,Yes,No,,,,,No,,,20.0,,,,,,,,Black,,0.86 W/kg (head) 0.67 W/kg (body),,FM radio
Micromax,Micromax X233,https://www.gsmarena.com/micromax_x233-4791.php,https://fdn2.gsmarena.com/vv/bigpic/micromax-x233.jpg,GSM,No,"2012, Q2. Released 2012, May",Discontinued,114.8 x 50.5 x 15.6 mm (4.52 x 1.99 x 0.61 in),69.3,,,Dual SIM (Mini-SIM),"TFT, 256K colors",,1.77,128x160,116,17.0,,,,,,,,,,,,,1,,No,,No,,Yes,,No,,,No,,,Proprietary,Yes,No,,,,,No,,,20.0,,,,,,,,,,,,FM radio
Micromax,Micromax X231,https://www.gsmarena.com/micromax_x231-4787.php,https://fdn2.gsmarena.com/vv/bigpic/micromax-x231.jpg,GSM,No,"2012, Q2. Released 2012, May",Discontinued,120.5 x 50.2 x 10.9 mm (4.74 x 1.98 x 0.43 in),61.7,,,Dual SIM (Mini-SIM),"TFT, 256K colors",,2.4,240x320,167,29.5,,,,,,,,,,,,1.3,1,,No,,No,,Yes,,No,,,No,,,Proprietary,Yes,No,,,,,No,,,30.0,,,,,,,,,,,,FM radio
Micromax,Micromax X102,https://www.gsmarena.com/micromax_x102-4792.php,https://fdn2.gsmarena.com/vv/bigpic/micromax-x102.jpg,GSM,No,"2012, Q2. Released 2012, May",Discontinued,117.8 x 49 x 14.9 mm (4.64 x 1.93 x 0.59 in),,,,Dual SIM (Mini-SIM),TFT,,1.8,128x160,,17.7,,,,,,,,,,,,,1,,No,,No,,Yes,,No,,,No,,,Proprietary,Yes,No,,,,,No,,,20.0,,,,,,,,Black,,0.86 W/kg (head) 0.67 W/kg (body),,FM radio
Micromax,Micromax A50 Ninja,https://www.gsmarena.com/micromax_a50_ninja-4735.php,https://fdn2.gsmarena.com/vv/bigpic/micromax-a50.jpg,GSM / HSPA,No,2012,Discontinued,113 x 61 x 13 mm (4.45 x 2.40 x 0.51 in),,,,Dual SIM (Mini-SIM),"TFT, 256K colors",,3.1,240x320,,43.2,,Android 2.3.6 (Gingerbread),Mediatek MT6573 (65 nm),65,650 MHz Cortex-A9,PowerVR SGX531,,,,,,2.0,1,,No,,No,,Yes,,No,,,"Wi-Fi 802.11 b/g/n, hotspot",,2.0,2.0,No,"GPS, A-GPS",Accelerometer,1200,,,No,,,70.0,,,,,,,,White,,,,FM radio
Micromax,Micromax A78,https://www.gsmarena.com/micromax_a78-4714.php,https://fdn2.gsmarena.com/vv/bigpic/micromax-a78.jpg,GSM / HSPA,No,"2012, February",Discontinued,120 x 63.5 x 10.9 mm (4.72 x 2.5 x 0.43 in),,,,Dual SIM (Mini-SIM),"TFT, 256K colors",,3.5,360x480,,49.8,,Android 2.3 (Gingerbread),Mediatek MT6573 (65 nm),65,650 MHz Cortex-A9,PowerVR SGX531,,,,,,3.2,1,,No,,No,,Yes,,No,,,"Wi-Fi 802.11 b/g/n, hotspot",,2.1,2.0,Yes,"GPS, A-GPS","Accelerometer, proximity, compass",1300,,,No,,,90.0,,,,,,,,Brown,,,,FM radio
Micromax,Micromax Funbook P300,https://www.gsmarena.com/micromax_funbook_p300-4701.php,https://fdn2.gsmarena.com/vv/bigpic/micromax-funbook-p300.jpg,No cellular connectivity,No,"2012, April. Released 2012, April",Discontinued,192 x 122 x -,,,,No,TFT,,7.0,480x800,133,59.5,,Android 4.0.3 (Ice Cream Sandwich),,,1.22 GHz Cortex-A8,Mali-400,,,4,4,,,,,No,,No,,,,No,,,Wi-Fi 802.11 b/g,,,miniUSB 2.0,Yes,No,"Accelerometer, gyro",2800,,,No,,,100.0,,,,,,,,"Suave silver, Brilliant black",,,,No
Micromax,Micromax A73,https://www.gsmarena.com/micromax_a73-4640.php,https://fdn2.gsmarena.com/vv/bigpic/micromax-a73.jpg,GSM / HSPA,No,2011,Discontinued,108 x 62 x 12 mm (4.25 x 2.44 x 0.47 in),,,,Dual SIM (Mini-SIM),"TFT, 256K colors",,3.5,320x480,165,54.5,,Android 2.3 (Gingerbread),Mediatek MT6573 (65 nm),65,650 MHz Cortex-A9,PowerVR SGX531,,,,,,2.0,1,,No,,No,LED flash,Yes,,No,,,"Wi-Fi 802.11 b/g/n, hotspot",,3.0,Micro-USB,Yes,GPS,Accelerometer,1300,,,No,,,90.0,,,,,,,,Black,,,,FM radio
Micromax,Micromax X650,https://www.gsmarena.com/micromax_x650-4456.php,https://fdn2.gsmarena.com/vv/bigpic/micromax-x650.jpg,GSM,No,"2012, January",Discontinued,110.3 x 55.3 x 12.6 mm (4.34 x 2.18 x 0.50 in),,,,Dual SIM (Mini-SIM),TFT,,3.2,240x400,146,47.8,,,,,,,,,,,,3.15,1,,No,,No,LED flash,Yes,,No,,,No,,3.0,Micro-USB,Yes,No,,1080,,,No,,,70.0,,,,,,,,"White, Gray",,,,FM radio
Micromax,Micromax X490,https://www.gsmarena.com/micromax_x490-4455.php,https://fdn2.gsmarena.com/vv/bigpic/micromax-x490.jpg,GSM,No,"2012, January",Discontinued,98 x 48 x 14.3 mm (3.86 x 1.89 x 0.56 in),,,,Dual SIM (Mini-SIM),TFT,,2.2,240x320,182,31.9,,,,,,,,,,,,2.0,1,,No,,No,,Yes,,No,,,No,,2.0,Micro-USB,Yes,No,,850,,,No,,,30.0,,,,,,,,Black,,,,FM radio
Micromax,Micromax X333,https://www.gsmarena.com/micromax_x333-4454.php,https://fdn2.gsmarena.com/vv/bigpic/micromax-x333.jpg,GSM,No,"2012, January",Discontinued,103.7 x 57.2 x 13.4 mm (4.08 x 2.25 x 0.53 in),,,,Dual SIM (Mini-SIM),TFT,,2.8,240x320,,40.9,,,,,,,,,,,,,1,,No,,No,,Yes,,No,,,No,,2.0,Micro-USB,Yes,No,,1000,,,No,,,40.0,,,,,,,,Black,,,,FM radio
Micromax,Micromax X275,https://www.gsmarena.com/micromax_x275-4453.php,https://fdn2.gsmarena.com/vv/bigpic/micromax-x275.jpg,GSM,No,"2012, January",Discontinued,-,,,,Dual SIM (Mini-SIM),TFT,,2.4,240x320,167,,,,,,,,,,,,,,1,,No,,No,,Yes,,No,,,No,,2.1,Micro-USB,Yes,No,,2400,,,No,,,40.0,,,,,,,,Black,,,,FM radio
Micromax,Micromax X271,https://www.gsmarena.com/micromax_x271-4452.php,https://fdn2.gsmarena.com/vv/bigpic/micromax-x271.jpg,GSM,No,"2012, January",Discontinued,119.7 x 50.7 x 13.5 mm (4.71 x 2.00 x 0.53 in),91.0,,,Dual SIM (Mini-SIM),TFT,,2.4,240x320,167,29.4,,,,,,,,,,,,,1,,No,,No,,Yes,,No,,,No,,1.2,Micro-USB,Yes,No,,1500,,,No,,,20.0,,,,,,,,"Green, Blue",,,,FM radio
Micromax,Micromax X11i,https://www.gsmarena.com/micromax_x11i-4395.php,https://fdn2.gsmarena.com/vv/bigpic/micromax-x11i.jpg,GSM,No,"2011, Q4. Released 2011, December",Discontinued,113.5 x 48 x 15.8 mm (4.47 x 1.89 x 0.62 in),95.0,,,"Dual SIM (Mini-SIM, dual stand-by)","TFT, 256K colors",,1.46,128x128,124,12.6,,,,,,,,,,,,,,,No,,No,,,,No,,,No,,,No,Yes,No,,1800,,,No,,,20.0,,,,,,,,Black,,,,FM radio
Micromax,Micromax A75,https://www.gsmarena.com/micromax_a75-4378.php,https://fdn2.gsmarena.com/vv/bigpic/micromax-a75.jpg,GSM / HSPA,No,"2011, December. Released 2011, December",Discontinued,120 x 63.5 x 10.9 mm (4.72 x 2.5 x 0.43 in),135.4,,,Dual SIM (Mini-SIM),TFT,,3.75,320x480,154,55.0,,Android 2.3 (Gingerbread),Mediatek MT6573 (65 nm),65,650 MHz Cortex-A9,PowerVR SGX531,,,,,,3.15,1,,No,,No,LED flash,Yes,,No,,,"Wi-Fi 802.11 a/b/g/n, dual-band, hotspot, DLNA",,3.0,Micro-USB,Yes,"GPS, A-GPS","Accelerometer, proximity, compass",1300,,,No,,,120.0,,,,,,,,Black,,,,FM radio
Micromax,Micromax X270,https://www.gsmarena.com/micromax_x270-4359.php,https://fdn2.gsmarena.com/vv/bigpic/micromax-x270.jpg,GSM,No,2011,Discontinued,116 x 50 x 15.7 mm (4.57 x 1.97 x 0.62 in),,,,"Dual SIM (Mini-SIM, dual stand-by)","TFT, 256K colors",,2.4,240x320,167,30.8,,,,,,,,,,,,,1,,No,,No,,Yes,,No,,,No,,,Proprietary,No,No,,1800,,,No,,,30.0,,,,,,,,Black,,,,FM radio
Micromax,Micromax X256,https://www.gsmarena.com/micromax_x256-4358.php,https://fdn2.gsmarena.com/vv/bigpic/micromax-x256.jpg,GSM,No,2011,Discontinued,118.5 x 52.5 x 15.2 mm (4.67 x 2.07 x 0.60 in),,,,"Dual SIM (Mini-SIM, dual stand-by)","TFT, 256K colors",,2.6,240x320,154,33.6,,,,,,,,,,,,,1,,No,,No,,Yes,,No,,,No,,2.1,Proprietary,No,No,,1200,,,No,,,30.0,,,,,,,,"Black, Gray",,,,FM radio
Micromax,Micromax X78,https://www.gsmarena.com/micromax_x78-4357.php,https://fdn2.gsmarena.com/vv/bigpic/micromax-x78.jpg,GSM,No,2011,Discontinued,106 x 57 x 15 mm (4.17 x 2.24 x 0.59 in),140.0,,,"Dual SIM (Mini-SIM, dual stand-by)","TFT resistive touchscreen, 65K colors",,2.8,240x320,143,40.2,,,,,,,,,,,,3.2,1,,No,,No,LED flash,Yes,,No,,,"Wi-Fi 802.11 b/g/n, hotspot",,3.0,Proprietary,Yes,No,,950,,,No,,,50.0,,,,,,,,"Black, white",,,,FM radio
Micromax,Micromax X55 Blade,https://www.gsmarena.com/micromax_x55_blade-4356.php,https://fdn2.gsmarena.com/vv/bigpic/micromax-x55-blade.jpg,GSM,No,2011,Discontinued,118.2 x 51.4 x 10.3 mm (4.65 x 2.02 x 0.41 in),,,,"Dual SIM (Mini-SIM, dual stand-by)","TFT, 256K colors",,,240x320,,,,,,,,,,,,,,5.0,1,,No,,No,LED flash,Yes,,No,,,No,,,Proprietary,No,No,,,,,No,,,60.0,,,,,,,,Gray,,,,FM radio
Micromax,Micromax X285,https://www.gsmarena.com/micromax_x285-4346.php,https://fdn2.gsmarena.com/vv/bigpic/micromax-x285.jpg,GSM,No,2011,Discontinued,113.5 x 49.6 x 14.4 mm (4.47 x 1.95 x 0.57 in),86.0,,,"Dual SIM (Mini-SIM, dual stand-by)","TFT, 256K colors",,2.4,240x320,167,31.7,,,,,,,,,,,,1.3,1,,No,,No,,Yes,,No,,,No,,,No,No,No,,1100,,,No,,,30.0,,,,,,,,Black,,,,FM radio
Micromax,Micromax A55,https://www.gsmarena.com/micromax_a55-4230.php,https://fdn2.gsmarena.com/vv/bigpic/micromax-a55.jpg,GSM / HSPA,No,2011,Discontinued,107.2 x 58.7 x 13.5 mm (4.22 x 2.31 x 0.53 in),111.5,,,Mini-SIM,"TFT, 256K colors",,2.8,240x320,143,38.6,,Android 2.2 (Froyo),Qualcomm MSM7227-1 Snapdragon S1,,600 MHz ARM 11,Adreno 200,,,,,,3.15,1,,No,,No,,Yes,,No,,,"Wi-Fi 802.11 b/g, hotspot",,2.1,Micro-USB,Yes,"GPS, A-GPS",Accelerometer,1000,,,No,,,60.0,,,,,,,,White,,,,"Stereo FM radio, RDS"
Micromax,Micromax X40,https://www.gsmarena.com/micromax_x40-4229.php,https://fdn2.gsmarena.com/vv/bigpic/micromax-x40.jpg,GSM,No,2011,Discontinued,117 x 51 x 17 mm (4.61 x 2.01 x 0.67 in),148.0,,,"Dual SIM (Mini-SIM, dual stand-by)","TFT, 256K colors",,,240x320,,,,,,,,,,,,,,2.0,1,,No,,No,,Yes,,No,,,No,,2.0,Micro-USB,No,No,,1000,,,No,,,70.0,,,,,,,,Brown,,,,FM radio
Micromax,Micromax X450,https://www.gsmarena.com/micromax_x450-4228.php,https://fdn2.gsmarena.com/vv/bigpic/micromax-x450.jpg,GSM,No,2011,Discontinued,116.7 x 52 x 20.3 mm (4.59 x 2.05 x 0.80 in),90.8,,,"Dual SIM (Mini-SIM, dual stand-by)","TFT, 256K colors",,2.4,240x320,167,29.4,,,,,,,,,,,,2.0,1,,No,,No,,Yes,,No,,,No,,2.1,Micro-USB,Yes,No,,1000,,,No,,,40.0,,,,,,,,"Black, Yellow",,,,Stereo FM Radio
Micromax,Micromax X222,https://www.gsmarena.com/micromax_x222-4227.php,https://fdn2.gsmarena.com/vv/bigpic/micromax-x222.jpg,GSM,No,2011,Discontinued,92 x 52 x 14 mm (3.62 x 2.05 x 0.55 in),83.0,,,"Dual SIM (Mini-SIM, dual stand-by)","TFT, 65K colors",,,240x320,,,,,,,,,,,,,,,1,,No,,No,,No,,No,,,No,,2.0,Micro-USB,No,No,,900,,,No,,,30.0,,,,,,,,"Brown, White",,,,FM radio
Micromax,Micromax A85,https://www.gsmarena.com/micromax_a85-4146.php,https://fdn2.gsmarena.com/vv/bigpic/micromax-a85-ofic.jpg,GSM,No,"2011, Q3. Released 2011, October",Discontinued,118.7 x 60.1 x 13.8 mm (4.67 x 2.37 x 0.54 in),,,,Mini-SIM,TFT,,3.8,480x800,246,57.6,,Android 2.2 (Froyo),Nvidia Tegra 2 AP20H,,Dual-core 1.0 GHz Cortex-A9,ULP GeForce,,,8,8,,5.0,1,,No,,No,,Yes,,No,,,"Wi-Fi 802.11 b/g/n, hotspot",,,Micro-USB,Yes,"GPS, A-GPS","Accelerometer, proximity, compass",1500,,,No,,,270.0,,,,,,,,Black,,,,"Stereo FM radio, RDS"
Micromax,Micromax Q80,https://www.gsmarena.com/micromax_q80-4029.php,https://fdn2.gsmarena.com/vv/bigpic/micromax-q80.jpg,GSM / HSPA,No,"2011, June. Released 2011, July",Discontinued,117 x 60 x 13 mm (4.61 x 2.36 x 0.51 in),118.0,,,Dual SIM (Mini-SIM),"TFT, 256K colors",,2.4,320x240,167,25.4,,,,,,,,,,,,3.15,1,,No,,No,,Yes,,No,,,Wi-Fi 802.11 b/g/n,,,Proprietary,Yes,No,,1200,,,No,,,80.0,,,,,,,,Black,,,,FM radio
Micromax,Micromax A70,https://www.gsmarena.com/micromax_a70-3930.php,https://fdn2.gsmarena.com/vv/bigpic/micromax-a70.jpg,GSM / HSPA,No,"2011, Q2. Released 2011, July",Discontinued,111 x 58 x 13.5 mm (4.37 x 2.28 x 0.53 in),85.0,,,Mini-SIM,"TFT, 256K colors",,3.2,320x480,180,47.4,,Android 2.2 (Froyo),,,600 MHz ARM 11,Adreno 200,,,,,,5.0,1,,No,,No,,Yes,,No,,,"Wi-Fi 802.11 b/g, hotspot",,2.1,Micro-USB,Yes,"GPS, A-GPS","Accelerometer, proximity, compass",1450,,,No,,,100.0,,,,,,,,Cocoa Brown,,,,FM radio
Micromax,Micromax X410,https://www.gsmarena.com/micromax_x410-3869.php,https://fdn2.gsmarena.com/vv/bigpic/micromax-X410.jpg,GSM,No,2011. Released 2011,Discontinued,115 x 51 x 10.8 mm (4.53 x 2.01 x 0.43 in),86.0,,,Dual SIM (Mini-SIM),TFT,,2.4,240x320,167,30.4,,,,,,,,,,,,2.0,1,,No,,No,,Yes,,No,,,No,,,Proprietary,No,No,,850,,,No,,,30.0,,,,,,,,Black,,,,FM radio
Micromax,Micromax X395,https://www.gsmarena.com/micromax_x395-3867.php,https://fdn2.gsmarena.com/vv/bigpic/micromax-X395.jpg,GSM,No,2011. Released 2011,Discontinued,115 x 52 x 11.4 mm (4.53 x 2.05 x 0.45 in),,,,Dual SIM (Mini-SIM),"TFT, 256K colors",,2.4,240x320,167,29.8,,,,,,,,,,,,1.3,1,,No,,No,,Yes,,No,,,No,,,Proprietary,No,No,,800,,,No,,,30.0,,,,,,,,Black/Colored back-panels,,,,FM radio
Micromax,Micromax X266,https://www.gsmarena.com/micromax_x266-3864.php,https://fdn2.gsmarena.com/vv/bigpic/micromax-X266.jpg,GSM,No,2011. Released 2011,Discontinued,115 x 50.4 x 11.5 mm (4.53 x 1.98 x 0.45 in),95.0,,,Dual SIM (Mini-SIM),"TFT, 65K colors",,2.2,176x220,128,26.3,,,,,,,,,,,,1.3,1,,No,,No,,Yes,,No,,,No,,,,No,No,,1000,,,No,,,30.0,,,,,,,,Red,,,,Stereo FM radio
Micromax,Micromax X265,https://www.gsmarena.com/micromax_x265-3873.php,https://fdn2.gsmarena.com/vv/bigpic/micromax-x265.jpg,GSM,No,2010. Released 2010,Discontinued,113.7 x 50 x 14.7 mm (4.48 x 1.97 x 0.58 in),95.0,,,Dual SIM (Mini-SIM),"TFT, 65K colors",,2.2,176x220,128,26.8,,,,,,,,,,,,,1,,No,,No,,Yes,,No,,,No,,,,Yes,No,,1200,,,No,,,30.0,,,,,,,,Black,,,,Stereo FM radio
Micromax,Micromax M2,https://www.gsmarena.com/micromax_m2-3866.php,https://fdn2.gsmarena.com/vv/bigpic/micromax-M2.jpg,GSM,No,2011. Released 2011,Discontinued,113 x 44.8 x 10.8 mm (4.45 x 1.76 x 0.43 in),79.0,,,Dual SIM (Mini-SIM),"TFT, 65K colors",,2.0,240x320,200,24.5,,,,,,,,,2,2,,2.0,1,,No,,No,,Yes,,No,,,No,,,Proprietary,Yes,No,,850,,,No,,,30.0,,,,,,,,"Gray, Orange",,,,FM radio
Micromax,Micromax Q66,https://www.gsmarena.com/micromax_q66-3863.php,https://fdn2.gsmarena.com/vv/bigpic/micromax-Q66.jpg,GSM,No,2010. Released 2010,Discontinued,71 x 71 x 18 mm (2.80 x 2.80 x 0.71 in),118.0,,,Dual SIM (Mini-SIM),"TFT, 256K colors",,2.4,320x240,167,35.4,,,,,,,,,,,,2.0,1,,No,,No,,Yes,,No,,,No,,,2.0,No,No,,850,,,No,,,40.0,,,,,,,,Black,,,,FM radio
Micromax,Micromax X370,https://www.gsmarena.com/micromax_x370-3868.php,https://fdn2.gsmarena.com/vv/bigpic/micromax-X370.jpg,GSM,No,2010. Released 2010,Discontinued,113 x 47 x 10.9 mm (4.45 x 1.85 x 0.43 in),,,,Dual SIM (Mini-SIM),"TFT, 256K colors",,2.2,240x320,182,28.2,,,,,,,,,,,,2.0,1,,No,,No,,Yes,,No,,,No,,,Proprietary,No,No,,1000,,,No,,,30.0,,,,,,,,Purple,,,,FM radio
Micromax,Micromax X226+,https://www.gsmarena.com/micromax_x226+-3870.php,https://fdn2.gsmarena.com/vv/bigpic/micromax-X226-plus.jpg,GSM,No,2010. Released 2010,Discontinued,112.3 x 46.5 x 14.5 mm (4.42 x 1.83 x 0.57 in),95.0,,,Dual SIM (Mini-SIM),TFT,,1.77,128x160,116,18.9,,,,,,,,,,,,1.3,1,,No,,No,,Yes,,No,,,No,,,Proprietary,Yes,No,,1000,,,No,,,20.0,,,,,,,,"Red, Green",,,,FM radio
Micromax,Micromax Q50,https://www.gsmarena.com/micromax_q50-3865.php,https://fdn2.gsmarena.com/vv/bigpic/micromax-Q50.jpg,GSM,No,2010. Released 2010,Discontinued,114 x 60 x 10.4 mm (4.49 x 2.36 x 0.41 in),96.0,,,Dual SIM (Mini-SIM),"TFT, 256K colors",,2.2,320x240,182,21.9,,,,,,,,,,,,2.0,1,,No,,No,,Yes,,No,,,No,,,2.0,Yes,No,,1000,,,No,,,40.0,,,,,,,,"Black, White",,,,"Stereo FM radio, recording"
Micromax,Micromax X560,https://www.gsmarena.com/micromax_x560-3862.php,https://fdn2.gsmarena.com/vv/bigpic/micromax-X560.jpg,GSM,No,2010. Released 2010,Discontinued,-,,,,Dual SIM (Mini-SIM),"TFT resistive touchscreen, 256K colors",,3.2,320x400,160,,,,,,,,,,,,,3.15,1,,No,,No,,Yes,,No,,,Wi-Fi 802.11 b/g,,,2.0,No,No,Accelerometer,1100,,,No,,,50.0,,,,,,,,Black,,,,FM radio
Micromax,Micromax A60,https://www.gsmarena.com/micromax_a60-3678.php,https://fdn2.gsmarena.com/vv/bigpic/micromax-a60.jpg,GSM / HSPA,No,2010. Released 2010,Discontinued,106.8 x 59.2 x 14 mm (4.20 x 2.33 x 0.55 in),105.0,,,Mini-SIM,"TFT resistive touchscreen, 65K colors",,2.8,240x320,143,38.4,,Android 2.1 (Eclair),,,600 MHz,,,,,,,3.15,1,,No,,No,,Yes,,No,,,Wi-Fi 802.11 b/g,,2.0,2.0,Yes,"GPS, A-GPS",Accelerometer,1280,,,No,,,60.0,,,,,,,,Black,,,,Nо
Micromax,Micromax X600,https://www.gsmarena.com/micromax_x600-3512.php,https://fdn2.gsmarena.com/vv/bigpic/micromax-x600.jpg,GSM,No,2010. Released 2010,Discontinued,113 x 56 x 12.7 mm (4.45 x 2.20 x 0.5 in),110.0,,,Dual SIM (Mini-SIM),"TFT resistive touchscreen, 256K colors",,3.2,240x320,125,50.1,,,,,,,,,,,,2.0,1,,No,,No,,Yes,,No,,,No,,2.0,2.0,No,No,Accelerometer,1100,,,No,,,50.0,,,,,,,,Black,,,,Stereo FM radio
Micromax,Micromax X550 Qube,https://www.gsmarena.com/micromax_x550_qube-3511.php,https://fdn2.gsmarena.com/vv/bigpic/micromax-x550-new.jpg,GSM,No,2010. Released 2010,Discontinued,112.5 x 55.9 x 14.1 mm (4.43 x 2.20 x 0.56 in),85.0,,,Mini-SIM,"TFT resistive touchscreen, 256K colors",,3.2,240x400,146,46.3,,,,,,,,,,,,2.0,1,,No,,No,,Yes,,No,,,No,,2.0,2.0,Yes,No,,1200,,,No,,,50.0,,,,,,,,Black,,,,Stereo FM radio
Micromax,Micromax X510 Pike,https://www.gsmarena.com/micromax_x510_pike-3510.php,https://fdn2.gsmarena.com/vv/bigpic/micromax-x510-new.jpg,GSM,No,2010. Released 2010,Discontinued,110.2 x 55 x 14.8 mm (4.34 x 2.17 x 0.58 in),103.0,,,Mini-SIM,"TFT resistive touchscreen, 256K colors",,2.8,240x400,167,36.8,,,,,,,,,,,,2.0,1,,No,,No,,Yes,,No,,,No,,2.0,2.0,Yes,No,,1500,,,No,,,40.0,,,,,,,,"Black, 5 color backpanels in the package",,,,Stereo FM radio
Micromax,Micromax X500,https://www.gsmarena.com/micromax_x500-3509.php,https://fdn2.gsmarena.com/vv/bigpic/micromax-x500.jpg,GSM,No,2010. Released 2010,Discontinued,117 x 52 x 15 mm (4.61 x 2.05 x 0.59 in),110.0,,,Mini-SIM,"TFT resistive touchscreen, 256K colors",,2.8,240x320,143,39.9,,,,,,,,,,,,5.0,1,,No,,No,,Yes,,No,,,No,,2.0,2.0,No,No,,800,,,No,,,70.0,,,,,,,,Black,,,,"Stereo FM radio, recording"
Micromax,Micromax X310,https://www.gsmarena.com/micromax_x310-3508.php,https://fdn2.gsmarena.com/vv/bigpic/micromax-x310.jpg,GSM,No,2010. Released 2010,Discontinued,110.3 x 49.3 x 12.3 mm (4.34 x 1.94 x 0.48 in),74.0,,,Dual SIM (Mini-SIM),"CSTN, 65K colors",,2.2,176x220,128,28.0,,,,,,,,,,,,1.3,1,,No,,No,,Yes,,No,,,No,,,No,No,No,,900,,,No,,,50.0,,,,,,,,Black,,,,"Stereo FM radio, recording"
Micromax,Micromax X2i,https://www.gsmarena.com/micromax_x2i-3507.php,https://fdn2.gsmarena.com/vv/bigpic/micromax-x2i.jpg,GSM,No,2010. Released 2010,Discontinued,105.3 x 45.4 x 16.3 mm (4.15 x 1.79 x 0.64 in),87.0,,,"Dual SIM (Mini-SIM, dual stand-by)","CSTN, 65K colors",,1.44,128x128,126,14.0,,,,,,,,,,,,,,,No,,No,,,,No,,,No,,,No,No,No,,1800,,,No,,,30.0,,,,,,,,Black,,,,Stereo FM radio
Micromax,Micromax X118,https://www.gsmarena.com/micromax_x118-3506.php,https://fdn2.gsmarena.com/vv/bigpic/micromax-x118.jpg,GSM,No,2010. Released 2010,Discontinued,-,,,,"Dual SIM (Mini-SIM, dual stand-by)","CSTN, 65K colors",,1.75,128x160,117,,,,,,,,,,,,,,,,No,,No,,,,No,,,No,,,No,Yes,No,,850,,,No,,,20.0,,,,,,,,Black,,,,Stereo FM radio
Micromax,Micromax X100,https://www.gsmarena.com/micromax_x100-3505.php,https://fdn2.gsmarena.com/vv/bigpic/micromax-x100.jpg,GSM,No,2010. Released 2010,Discontinued,-,61.0,,,Mini-SIM,"TFT, 65K colors",,1.46,128x128,124,,,,,,,,,,,,,,,,No,,No,,,,No,,,No,,,No,No,No,,450,,,No,,,10.0,,,,,,,,Black,,,,Stereo FM radio
Micromax,Micromax X1i,https://www.gsmarena.com/micromax_x1i-3504.php,https://fdn2.gsmarena.com/vv/bigpic/micromax-x1i.jpg,GSM,No,2010. Released 2010,Discontinued,106 x 44.5 x 16 mm (4.17 x 1.75 x 0.63 in),82.0,,,Mini-SIM,"CSTN, 65K colors",,1.46,128x128,124,14.6,,,,,,,,,,,,,,,No,,No,,,,No,,,No,,,No,No,No,,1800,,,No,,,20.0,,,,,,,,Black,,,,No
Micromax,Micromax GC700,https://www.gsmarena.com/micromax_gc700-3503.php,https://fdn2.gsmarena.com/vv/bigpic/micromax-gc700.jpg,GSM / CDMA2000,No,2010. Released 2010,Discontinued,117 x 52 x 15 mm (4.61 x 2.05 x 0.59 in),82.0,,,Dual SIM (Mini-SIM),"TFT, 256K colors",,2.8,240x400,167,36.7,,,,,,,,,,,,2.0,1,,No,,No,,Yes,,No,,,No,,2.0,Proprietary,No,No,Accelerometer,940,,,No,,,180.0,,,,,,,,Black,,,,"Stereo FM radio, recording"
Micromax,Micromax GC400,https://www.gsmarena.com/micromax_gc400-3502.php,https://fdn2.gsmarena.com/vv/bigpic/micromax-gc400.jpg,GSM,No,2010. Released 2010,Discontinued,115.1 x 50.6 x 14.7 mm (4.53 x 1.99 x 0.58 in),103.0,,,Dual SIM (Mini-SIM),"TFT, 256K colors",,2.2,240x320,182,25.7,,,,,,,,,,,,2.0,1,,No,,No,,Yes,,No,,,No,,,Proprietary,No,No,Accelerometer,1000,,,No,,,50.0,,,,,,,,Black,,,,Stereo FM radio
Micromax,Micromax GC360,https://www.gsmarena.com/micromax_gc360-3501.php,https://fdn2.gsmarena.com/vv/bigpic/micromax-gc360-new.jpg,GSM,No,2010. Released 2010,Discontinued,111 x 48 x 14.8 mm (4.37 x 1.89 x 0.58 in),105.0,,,Dual SIM (Mini-SIM),"TFT, 65K colors",,,176x220,,,,,,,,,,,,,,,1,,No,,No,,Yes,,No,,,No,,,Proprietary,No,No,,1050,,,No,,,40.0,,,,,,,,Black,,,,Stereo FM radio
Micromax,Micromax GC275,https://www.gsmarena.com/micromax_gc275-3500.php,https://fdn2.gsmarena.com/vv/bigpic/micromax-gc275.jpg,GSM / CDMA,No,2010. Released 2010,Discontinued,107.7 x 44.4 x 14.5 mm (4.24 x 1.75 x 0.57 in),100.0,,,Mini-SIM,"TFT, 65K colors",,,,,,,,,,,,,,,,,,1,,No,,No,,Yes,,No,,,No,,,Proprietary,No,No,,800,,,No,,,40.0,,,,,,,,Black,,,,Stereo FM radio
Micromax,Micromax Q75,https://www.gsmarena.com/micromax_q75-3499.php,https://fdn2.gsmarena.com/vv/bigpic/micromax-q75-new.jpg,GSM,No,2010. Released 2010,Discontinued,115 x 64.5 x 12.2 mm (4.53 x 2.54 x 0.48 in),,,,Mini-SIM,"TFT, 65K colors",,,320x240,,,,,,,,,,,,,,3.15,1,,No,,No,,Yes,,No,,,Wi-Fi 802.11 b/g,,,Proprietary,Yes,No,,1200,,,No,,,40.0,,,,,,,,Black,,,,Stereo FM radio
Micromax,Micromax Q6,https://www.gsmarena.com/micromax_q6-3498.php,https://fdn2.gsmarena.com/vv/bigpic/micromax-q6.jpg,GSM,No,2010. Released 2010,Discontinued,112.5 x 51 x 15.4 mm (4.43 x 2.01 x 0.61 in),130.0,,,Dual SIM (Mini-SIM),"TFT, 65K colors",,,240x320,,,,,,,,,,,,,,2.0,1,,No,,No,,Yes,,No,,,No,,,Proprietary,Yes,No,,950,,,No,,,40.0,,,,,,,,Black,,,,Stereo FM radio
Micromax,Micromax Q7,https://www.gsmarena.com/micromax_q7-3320.php,https://fdn2.gsmarena.com/vv/bigpic/micromax-q7.jpg,GSM,No,"2010, May. Released 2010, May",Discontinued,110 x 59 x 10.7 mm (4.33 x 2.32 x 0.42 in),100.0,,,Dual SIM (Mini-SIM),"TFT, 256K colors",,2.2,320x240,182,23.1,,,,,,,,,,,,2.0,1,,No,,No,,Yes,,No,,,Wi-Fi 802.11 b/g,,,Proprietary,Yes,No,,800,,,No,,,40.0,,,,,,,,"Black, White",,,,Stereo FM radio
Micromax,Micromax G4,https://www.gsmarena.com/micromax_g4-3305.php,https://fdn2.gsmarena.com/vv/bigpic/g4.jpg,GSM,No,"2010, March. Released 2010, March",Discontinued,112 x 49.6 x 12.8 mm (4.41 x 1.95 x 0.50 in),,,,Mini-SIM,"TFT, 256K colors",,2.4,240x320,167,32.1,,,,,,,,,,,,2.0,1,,No,,No,,No,,No,,,No,,,Proprietary,No,No,Accelerometer,850,,,No,,,30.0,,,,,,,,Black,,,,Stereo FM radio
Micromax,Micromax W900,https://www.gsmarena.com/micromax_w900-3306.php,https://fdn2.gsmarena.com/vv/bigpic/w900.jpg,GSM,No,"2010, February. Released 2010, February",Discontinued,112 x 55 x 14.2 mm (4.41 x 2.17 x 0.56 in),113.0,,,Mini-SIM,"TFT resistive touchscreen, 256K colors",,3.2,240x400,146,47.3,,Microsoft Windows Mobile 6.1 Professional,,,K3 Hi3611 460MHz,,,,,,,2.0,1,,No,,No,,No,,No,,,Wi-Fi 802.11 b/g,,,Proprietary,Yes,"GPS, A-GPS",Accelerometer,1500,,,No,,,60.0,,,,,,,,Black,,,,No
Micromax,Micromax X330,https://www.gsmarena.com/micromax_x330-3351.php,https://fdn2.gsmarena.com/vv/bigpic/x330.jpg,GSM,No,"2010, Q2. Released 2010, July",Discontinued,110.5 x 49 x 14.5 mm (4.35 x 1.93 x 0.57 in),,,,Dual SIM (Mini-SIM),"TFT, 256K colors",,2.2,176x220,128,28.1,,,,,,,,,,,,2.0,1,,No,,No,,Yes,,No,,,No,,,miniUSB 1.1,No,No,,,,,No,,,30.0,,,,,,,,Black,,,,FM radio
Micromax,Micromax H360,https://www.gsmarena.com/micromax_h360-3307.php,https://fdn2.gsmarena.com/vv/bigpic/h360.jpg,GSM / HSPA,No,"2009, October. Released 2009, October",Discontinued,113 x 49.8 x 13 mm (4.45 x 1.96 x 0.51 in),104.0,,,Mini-SIM,"TFT, 256K colors",,2.4,240x320,167,31.7,,,,,,,,,,,,3.15,1,,No,,No,,Yes,,No,,,No,,2.0,Proprietary,No,No,,1000,,,No,,,60.0,,,,,,,,Black,,,,No
Micromax,Micromax Q1,https://www.gsmarena.com/micromax_q1-3308.php,https://fdn2.gsmarena.com/vv/bigpic/q1.jpg,GSM,No,"2010, February. Released 2010, February",Discontinued,111.2 x 61.2 x 13 mm (4.38 x 2.41 x 0.51 in),97.0,,,Dual SIM (Mini-SIM),"TFT, 256K colors",,2.2,176x220,128,22.4,,,,,,,,,,,,,,,No,,No,,,,No,,,No,,,Proprietary,No,No,,1000,,,No,,,20.0,,,,,,,,Black,,,,Stereo FM radio
Micromax,Micromax Q3,https://www.gsmarena.com/micromax_q3-3310.php,https://fdn2.gsmarena.com/vv/bigpic/q3.jpg,GSM,No,"2009, June. Released 2009, June",Discontinued,111.2 x 61.2 x 13 mm (4.38 x 2.41 x 0.51 in),97.0,,,Dual SIM (Mini-SIM),"TFT, 256K colors",,2.2,176x220,128,22.4,,,,,,,,,,,,1.3,1,,No,,No,,Yes,,No,,,No,,,Proprietary,No,No,,1000,,,No,,,30.0,,,,,,,,Black,,,,"Stereo FM radio, recording"
Micromax,Micromax Q2,https://www.gsmarena.com/micromax_q2-3309.php,https://fdn2.gsmarena.com/vv/bigpic/q2.jpg,GSM,No,"2009, December. Released 2009, December",Discontinued,111.2 x 61.2 x 13 mm (4.38 x 2.41 x 0.51 in),97.0,,,Dual SIM (Mini-SIM),"TFT, 256K colors",,2.2,176x220,128,22.4,,,,,,,,,,,,,1,,No,,No,,Yes,,No,,,No,,,Proprietary,No,No,,1000,,,No,,,30.0,,,,,,,,Black,,,,Stereo FM radio
Micromax,Micromax Q5 fb,https://www.gsmarena.com/micromax_q5_fb-3311.php,https://fdn2.gsmarena.com/vv/bigpic/q5fb.jpg,GSM,No,"2010, January. Released 2010, January",Discontinued,115 x 62 x 12.5 mm (4.53 x 2.44 x 0.49 in),95.0,,,Dual SIM (Mini-SIM),"TFT, 256K colors",,2.2,320x240,182,21.0,,,,,,,,,,,,2.0,1,,No,,No,,Yes,,No,,,No,,,Proprietary,No,No,,1000,,,No,,,40.0,,,,,,,,Black,,,,Stereo FM radio
Micromax,Micromax Q55 Bling,https://www.gsmarena.com/micromax_q55_bling-3312.php,https://fdn2.gsmarena.com/vv/bigpic/q55.jpg,GSM,No,"2010, February. Released 2010, February",Discontinued,70 x 70 x 16.3 mm (2.76 x 2.76 x 0.64 in),75.0,,,Dual SIM (Mini-SIM),"TFT, 256K colors",,2.4,320x240,167,36.4,,,,,,,,,,,,2.0,1,,No,,No,,Yes,,No,,,No,,,Proprietary,No,No,,850,,,No,,,40.0,,,,,,,,White,,,,Stereo FM radio
Micromax,Micromax X1i plus,https://www.gsmarena.com/micromax_x1i_plus-3313.php,https://fdn2.gsmarena.com/vv/bigpic/x1i-plus.jpg,GSM,No,"2009, November. Released 2009, November",Discontinued,106 x 44.5 x 16 mm (4.17 x 1.75 x 0.63 in),82.0,,,Mini-SIM,"CSTN, 65K colors",,1.46,128x128,124,14.6,,,,,,,,,,,,,,,No,,No,,,,No,,,No,,,No,No,No,,1800,,,No,,,20.0,,,,,,,,Black,,,,Stereo FM radio
Micromax,Micromax X2i plus,https://www.gsmarena.com/micromax_x2i_plus-3314.php,https://fdn2.gsmarena.com/vv/bigpic/x2i-plus.jpg,GSM,No,"2010, February. Released 2010, February",Discontinued,107 x 46 x 15.5 mm (4.21 x 1.81 x 0.61 in),90.0,,,Mini-SIM,"CSTN, 65K colors",,1.75,128x160,117,19.6,,,,,,,,,,,,,1,,No,,No,,No,,No,,,No,,,No,No,No,,1800,,,No,,,40.0,,,,,,,,Black,,,,Stereo FM radio
Micromax,Micromax X114,https://www.gsmarena.com/micromax_x114-3316.php,https://fdn2.gsmarena.com/vv/bigpic/x114.jpg,GSM,No,"2009, July. Released 2009, July",Discontinued,106 x 45.5 x 14 mm (4.17 x 1.79 x 0.55 in),70.0,,,Mini-SIM,"CSTN, 65K colors",,1.5,128x128,121,15.0,,,,,,,,,,,,,,,No,,No,,,,No,,,No,,,No,No,No,,1050,,,No,,,20.0,,,,,,,,Black,,,,Stereo FM radio
Micromax,Micromax X111,https://www.gsmarena.com/micromax_x111-3315.php,https://fdn2.gsmarena.com/vv/bigpic/x111.jpg,GSM,No,"2010, April. Released 2010, April",Discontinued,88 x 48 x 11 mm (3.46 x 1.89 x 0.43 in),69.0,,,Mini-SIM,"CSTN, 65K colors",,1.4,128x128,129,15.0,,,,,,,,,,,,,,,No,,No,,,,No,,,No,,,Proprietary,No,No,,480,,,No,,,20.0,,,,,,,,"Silver, Golden",,,,Stereo FM radio; built-in antenna
Micromax,Micromax X215,https://www.gsmarena.com/micromax_x215-3317.php,https://fdn2.gsmarena.com/vv/bigpic/x215.jpg,GSM,No,"2009, December. Released 2009, December",Discontinued,-,65.0,,,Mini-SIM,"CSTN, 65K colors",,1.5,128x128,121,,,,,,,,,,,,,,1,,No,,No,,No,,No,,,No,,,Proprietary,No,No,,1000,,,No,,,20.0,,,,,,,,Black,,,,Stereo FM radio
Micromax,Micromax X220,https://www.gsmarena.com/micromax_x220-3318.php,https://fdn2.gsmarena.com/vv/bigpic/x220.jpg,GSM,No,"2010, January. Released 2010, January",Discontinued,96 x 47 x 16 mm (3.78 x 1.85 x 0.63 in),78.5,,,Mini-SIM,"CSTN, 65K colors",,1.81,128x160,113,22.9,,,,,,,,,,,,,1,,No,,No,,No,,No,,,No,,,Proprietary,No,No,,800,,,No,,,20.0,,,,,,,,Black,,,,Stereo FM radio
Micromax,Micromax X225,https://www.gsmarena.com/micromax_x225-3321.php,https://fdn2.gsmarena.com/vv/bigpic/x225.jpg,GSM,No,"2008, December. Released 2008, December",Discontinued,-,65.0,,,Mini-SIM,"TFT, 65K colors",,1.8,128x160,114,,,,,,,,,,,,,,1,,No,,No,,No,,No,,,No,,,Proprietary,No,No,,700,,,No,,,30.0,,,,,,,,Black/Red,,,,"Stereo FM radio, recording"
Micromax,Micromax X235,https://www.gsmarena.com/micromax_x235-3322.php,https://fdn2.gsmarena.com/vv/bigpic/x235.jpg,GSM,No,"2010, March. Released 2010, March",Discontinued,111.5 x 47 x 13.8 mm (4.39 x 1.85 x 0.54 in),85.0,,,Dual SIM (Mini-SIM),"TFT, 65K colors",,2.0,176x220,141,24.0,,,,,,,,,,,,,1,,No,,No,,No,,No,,,No,,,Proprietary,No,No,,1050,,,No,,,20.0,,,,,,,,Black,,,,Stereo FM radio
Micromax,Micromax X250,https://www.gsmarena.com/micromax_x250-3323.php,https://fdn2.gsmarena.com/vv/bigpic/x250.jpg,GSM,No,"2009, May. Released 2009, May",Discontinued,110 x 47 x 15.2 mm (4.33 x 1.85 x 0.60 in),76.0,,,Dual SIM (Mini-SIM),"TFT, 65K colors",,2.0,176x220,141,24.3,,,,,,,,,,,,,1,,No,,No,,No,,No,,,No,,,Proprietary,No,No,Accelerometer,1300,,,No,,,30.0,,,,,,,,Black,,,,"Stereo FM radio, recording"
Micromax,Micromax X260,https://www.gsmarena.com/micromax_x260-3324.php,https://fdn2.gsmarena.com/vv/bigpic/x260.jpg,GSM,No,"2009, October. Released 2009, October",Discontinued,110 x 47 x 15.2 mm (4.33 x 1.85 x 0.60 in),75.0,,,Dual SIM (Mini-SIM),"TFT, 65K colors",,2.2,176x220,128,29.5,,,,,,,,,,,,,1,,No,,No,,Yes,,No,,,No,,,Proprietary,No,No,Accelerometer,1300,,,No,,,30.0,,,,,,,,Black,,,,Stereo FM radio; built-in antenna
Micromax,Micromax X360,https://www.gsmarena.com/micromax_x360-3325.php,https://fdn2.gsmarena.com/vv/bigpic/x360.jpg,GSM,No,"2009, November. Released 2009, November",Discontinued,108.7 x 46.5 x 12.5 mm (4.28 x 1.83 x 0.49 in),104.0,,,Dual SIM (Mini-SIM),"TFT, 256K colors",,2.0,240x320,200,24.5,,,,,,,,,,,,1.3,1,,No,,No,,No,,No,,,No,,2.0,Proprietary,Yes,No,Accelerometer,800,,,No,,,50.0,,,,,,,,Black/Brown,,,,Stereo FM radio
