Brand,Model_Name,Model_URL,Model_Image,Network_Technology,5G_Support,Announced,Status,Dimensions,Weight_g,Back_Material,IP_Rating,SIM_Type,Display_Type,Refresh_Rate_Hz,Display_Size_inch,Resolution,PPI_Density,Screen_to_Body_Pct,Display_Protection,OS,Chipset,Process_Node_nm,CPU,GPU,RAM_GB,RAM_Max_GB,Storage_GB,Storage_Max_GB,Storage_Type,Main_Camera_MP,Lens_Count,Main_Aperture,OIS,Sensor_Size,Camera_4K_Video,Camera_Features,Camera_Video,Selfie_Camera_MP,Selfie_4K_Video,Selfie_Camera_Features,Selfie_Camera_Video,WiFi,NFC,Bluetooth_Version,USB_Type,Headphone_Jack,GPS,Sensors,Battery_mAh,Wired_Charging_W,Wireless_Charging_W,Reverse_Wireless_Charging,Battery_ActiveUse,Price_USD,Price_EUR,Price_GBP,Price_INR,AnTuTu_Score,GeekBench_Score,ThreeDMark_Score,Display_nits_tested,Loudspeaker_LUFS,Colors,Model_Numbers,SAR_US,SAR_EU,FM_Radio
Energizer,Energizer Ultimate U6G,https://www.gsmarena.com/energizer_ultimate_u6g-13547.php,https://fdn2.gsmarena.com/vv/bigpic/energizer-u6g.jpg,GSM / HSPA / LTE / 5G,Yes,"2024, December","Available. Released 2025, March",167.2 x 77.2 x 9 mm (6.58 x 3.04 x 0.35 in),186.0,,,Nano-SIM + Nano-SIM,IPS LCD,,6.75,720x1620,263,84.5,,Android 14,Mediatek Dimensity 6100+ (6 nm),6,Octa-core (2x2.2 GHz Cortex-A76 & 6x2.0 GHz Cortex-A55),Mali-G57 MC2,4,6,64,256,,50.0,3,,No,,No,LED flash,1080p@30fps,8.0,No,,1080p@30fps,"Wi-Fi 802.11 a/b/g/n/ac, dual-band",Yes,5.2,Type-C,Yes,GPS,"Fingerprint (side-mounted), accelerometer, proximity",5000,33,,No,,,140.0,,,,,,,,Black,,,,FM radio
Energizer,Energizer E288s,https://www.gsmarena.com/energizer_e288s-13137.php,https://fdn2.gsmarena.com/vv/bigpic/energizer-e288s.jpg,GSM / HSPA / LTE,No,"2024, April","Available. Released 2024, August",138 x 58.2 x 12.8 mm (5.43 x 2.29 x 0.50 in),116.0,,,Nano-SIM + Nano-SIM,TFT,,2.8,240x320,143,30.2,,KaiOS 2.X,Mediatek MT6739WW (28 nm),28,Quad-core 1.3 GHz,,,,4,4,,0.3,1,,No,,No,LED flash,Yes,,No,,,Yes,No,4.2,Type-C,Yes,GPS,No,2000,,,No,,,,,,,,,,,Black,,,,FM radio
Energizer,Energizer E246SC,https://www.gsmarena.com/energizer_e246sc-13117.php,https://fdn2.gsmarena.com/vv/bigpic/energizer-e246sc.jpg,GSM / HSPA / LTE,No,"2024, May","Available. Released 2024, December",86 x 70 x 21 mm (3.39 x 2.76 x 0.83 in),,,,Nano-SIM + Nano-SIM,TN TFT,,2.4,240x320,167,29.6,,Proprietary OS,Unisoc T107 (22 nm),22,Single-core 1 GHz,,,,,,,,1,,No,,No,LED flash,Yes,,No,,Yes,No,No,5.0,Type-C,Yes,No,No,2000,,,No,,,50.0,,,,,,,,Gray,,,,FM radio
Energizer,Energizer Ultimate U652S,https://www.gsmarena.com/energizer_ultimate_u652s-12966.php,https://fdn2.gsmarena.com/vv/bigpic/energizer-u652s.jpg,GSM / HSPA / LTE,No,"2024, February","Available. Released 2024, July",164.3 x 76.1 x 9.1 mm (6.47 x 3.00 x 0.36 in),190.0,,,Nano-SIM + Nano-SIM,IPS LCD,,6.51,720x1600,270,81.8,,Android 13 (Go edition),Mediatek MT6739WW (28 nm),28,Quad-core 1.5 GHz,IMG 8XE1PPC,2,2,64,64,eMMC 5.1,18.0,3,,No,,No,LED flash,1080p@30fps,13.0,No,,Yes,Wi-Fi 802.11 a/b/g/n,No,4.2,Type-C,Yes,GPS,"Fingerprint (side-mounted), accelerometer, proximity, compass",4000,,,No,,,70.0,,,,,,,,Black,,,,FM radio
Energizer,Energizer E130S,https://www.gsmarena.com/energizer_e130s-12934.php,https://fdn2.gsmarena.com/vv/bigpic/energizer-e130s.jpg,GSM / HSPA / LTE,No,"2022, September","Available. Released 2022, September",115 x 49.2 x 14.8 mm (4.53 x 1.94 x 0.58 in),87.0,,,Nano-SIM + Nano-SIM,TFT LCD,,1.77,128x160,116,17.4,,,Unisoc T107,,Single-core 1 GHz,,,,,,,,1,,No,,No,,Yes,,No,,,No,No,2.1,Micro-USB,Yes,No,No,1000,,,No,,,20.0,,,,,,,,"Black, Gold, Silver",,,,FM radio
Energizer,Energizer U506S,https://www.gsmarena.com/energizer_u506s-12918.php,https://fdn2.gsmarena.com/vv/bigpic/energizer-u506s.jpg,GSM / HSPA / LTE,No,"2023, November","Available. Released 2023, November",144.8 x 72.4 x 11.6 mm (5.70 x 2.85 x 0.46 in),178.0,,,Nano-SIM + Nano-SIM,IPS LCD,,5.0,480x854,196,65.7,,Android 13 (Go edition),,,Quad-core 1.5 GHz,,2,2,32,32,eMMC 5.1,5.0,2,,No,,No,LED flash,1080p@30fps,2.0,No,,1080p@30fps,Wi-Fi 802.11 a/b/g/n,No,4.0,Micro-USB,Yes,GPS,"Accelerometer, proximity",3000,,,No,,,60.0,,,,,,,,Black,,,,FM radio
Energizer,Energizer Ultimate 65G,https://www.gsmarena.com/energizer_ultimate_65g-12906.php,https://fdn2.gsmarena.com/vv/bigpic/energizer-ultimate-u65g.jpg,GSM / HSPA / LTE / 5G,Yes,"2024, February","Available. Released 2024, Q3",164.4 x 76.4 x 9.2 mm (6.47 x 3.01 x 0.36 in),190.0,,,Nano-SIM + Nano-SIM,IPS LCD,,6.51,720x1600,270,81.5,,Android 13,Mediatek Dimensity 700 (7 nm),7,Octa-core (2x2.2 GHz Cortex-A76 & 6x2.0 GHz Cortex-A55),Mali-G57 MC2,4,4,64,64,eMMC 5.1,13.0,3,1.8,No,,No,LED flash,1080p@30fps,8.0,No,,1080p@30fps,"Wi-Fi 802.11 a/b/g/n/ac, dual-band",No,5.1,Type-C,Yes,GPS,"Fingerprint (rear-mounted), accelerometer, proximity",4000,20,,No,,,140.0,,,,,,,,Black,,,,FM radio
Energizer,Energizer Hard Case P28K,https://www.gsmarena.com/energizer_hard_case_p28k-12825.php,https://fdn2.gsmarena.com/vv/bigpic/energizer-hard-case-p28k.jpg,GSM / HSPA / LTE,No,"2024, February 25","Available. Released 2024, October",178.1 x 84 x 27.8 mm (7.01 x 3.31 x 1.09 in),570.0,,IP68,Nano-SIM + Nano-SIM,IPS LCD,,6.78,1080x2460,396,73.0,,Android 14,Mediatek Helio G99 (6 nm),6,Octa-core (2x2.2 GHz Cortex-A76 & 6x2.0 GHz Cortex-A55),Mali-G57 MC2,8,8,256,256,,64.0,3,,No,,Yes,"LED flash, HDR, panorama","4K@30fps, 1080p@30fps",16.0,No,,1080p@30fps,"Wi-Fi 802.11 a/b/g/n/ac, dual-band",Yes,5.2,Type-C,No,"GPS, GALILEO, GLONASS, BDS","Accelerometer, gyro, proximity, compass",28000,33,,No,,,250.0,,,,,,,,Black,,,,No
Energizer,Energizer U683S,https://www.gsmarena.com/energizer_u683s-12814.php,https://fdn2.gsmarena.com/vv/bigpic/energizer-u683s.jpg,GSM / HSPA / LTE,No,"2024, January","Available. Released 2024, February",172.8 x 78.5 x 9.7 mm (6.80 x 3.09 x 0.38 in),210.0,,,Nano-SIM + Nano-SIM,IPS LCD,,6.82,720x1640,263,81.4,,Android 13 (Go edition),Mediatek MT6762CB,,Octa-core 2.0 GHz,PowerVR GE8320,2,2,64,64,eMMC 5.1,8.0,3,,No,,No,LED flash,1080p@30fps,5.0,No,,1080p@30fps,"Wi-Fi 802.11 a/b/g/n/ac, dual-band",No,5.0,Type-C,Yes,GPS,"Fingerprint (rear-mounted), accelerometer, proximity",4900,,,No,,,80.0,,,,,,,,"Black, Gold, Pink",,,,No
Energizer,Energizer H67G,https://www.gsmarena.com/energizer_h67g-12801.php,https://fdn2.gsmarena.com/vv/bigpic/energizer-h67g.jpg,GSM / HSPA / LTE / 5G,Yes,"2024, January 19","Available. Released 2024, February",178.6 x 84 x 13.5 mm (7.03 x 3.31 x 0.53 in),287.0,,,Nano-SIM + Nano-SIM,"IPS LCD, 90Hz",90,6.78,1080x2460,396,72.8,,Android 13,Mediatek Dimensity 720 (7 nm),7,Octa-core (2x2.0 GHz Cortex-A76 & 6x2.0 GHz Cortex-A55),Mali-G57 MC3,4,4,128,128,,48.0,3,,No,,No,"LED flash, HDR, panorama",1080p@30fps,24.0,No,,1080p@30fps,"Wi-Fi 802.11 a/b/g/n/ac, dual-band",No,5.1,Type-C,No,GPS,"Fingerprint (side-mounted), accelerometer, gyro, proximity, compass",4900,18,,No,,,310.0,,,,,,,,"Black, Grey, Red",,,,No
Energizer,Energizer E242s+,https://www.gsmarena.com/energizer_e242s+-12774.php,https://fdn2.gsmarena.com/vv/bigpic/energizer-e242s-plus.jpg,GSM / HSPA / LTE,No,"2024, January","Available. Released 2024, January",130.8 x 53.6 x 13 mm (5.15 x 2.11 x 0.51 in),116.0,,,Nano-SIM + Micro-SIM,"TFT LCD, 256K colors",,2.4,240x320,167,25.4,,KaiOS 2.X,Mediatek MT6739,,Quad-core 1.5 GHz,PowerVR GE8100,,,4,4,,2.0,1,,No,,No,LED flash,Yes,1.3,No,,,Yes,No,4.0,Micro-USB,Yes,GPS,No,2000,,,No,,,30.0,,,,,,,,Black,,,,FM radio
Energizer,Energizer E244s,https://www.gsmarena.com/energizer_e244s-12767.php,https://fdn2.gsmarena.com/vv/bigpic/energizer-e244s.jpg,GSM / HSPA / LTE,No,"2023, December","Available. Released 2024, February",131.2 x 54 x 12 mm (5.17 x 2.13 x 0.47 in),91.0,,,Nano-SIM + Nano-SIM,TN TFT,,2.4,240x320,167,25.2,,,Unisoc T107,,Single-core 1 GHz,,,,,,,0.3,1,,No,,No,LED flash,No,,No,,,No,No,5.0,Type-C,Yes,No,No,1400,,,No,,,20.0,,,,,,,,Black,,,,FM radio
Energizer,Energizer E13,https://www.gsmarena.com/energizer_e13-12758.php,https://fdn2.gsmarena.com/vv/bigpic/energizer-e13.jpg,GSM,No,"2022, June","Available. Released 2022, June",116 x 50 x 14.5 mm (4.57 x 1.97 x 0.57 in),73.0,,,Dual SIM (Mini-SIM),"TFT LCD, 256K colors",,1.77,128x160,116,17.0,,,Mediatek MT6261D,,Single-core 312 MHz,,,,,,,,1,,No,,No,,Yes,,No,,,No,No,2.1,Micro-USB,Yes,No,,1000,,,No,,,10.0,,,,,,,,Black,,,,FM radio
Energizer,Energizer E20+,https://www.gsmarena.com/energizer_e20+-12740.php,https://fdn2.gsmarena.com/vv/bigpic/energizer-e20-plus.jpg,GSM,No,"2023, November","Available. Released 2023, December",105 x 52.6 x 19.9 mm (4.13 x 2.07 x 0.78 in),,,,"Dual SIM (Mini-SIM, dual stand-by)",TFT,,2.4,240x320,167,32.3,,,Mediatek MT6261D,,Single-core 260 MHz,,,,,,,,1,,No,,No,,Yes,,No,,,No,No,3.0,Type-C,No,No,,1000,,,No,,,20.0,,,,,,,,Black,,,,FM radio
Energizer,Energizer E29,https://www.gsmarena.com/energizer_e29-12734.php,https://fdn2.gsmarena.com/vv/bigpic/energizer-e29.jpg,GSM,No,"2023, October","Available. Released 2023, November",137.6 x 62.5 x 15.6 mm (5.42 x 2.46 x 0.61 in),,,,Dual SIM (Mini-SIM),TFT LCD,,2.8,240x320,143,28.2,,,Unisoc 6531E,,Single-core 312 MHz,,,,,,,,1,,No,,No,LED flash,Yes,,No,,,No,No,2.1,Micro-USB,Yes,No,,1700,,,No,,,20.0,,,,,,,,Black,,,,FM radio
Energizer,Energizer E4,https://www.gsmarena.com/energizer_e4-11646.php,https://fdn2.gsmarena.com/vv/bigpic/energizer-e4.jpg,GSM,No,"2022, June","Available. Released 2022, August",115 x 46 x 13.5 mm (4.53 x 1.81 x 0.53 in),65.0,,,"Dual SIM (Mini-SIM, dual stand-by)",TFT,,1.77,128x160,116,18.6,,,Unisoc SC6531DA,,312 MHz,,,,,,,,1,,No,,No,,Yes,,No,,,No,No,2.0,Micro-USB,Yes,No,No,1000,,,No,,,10.0,,,,,,,,"Black, Blue, Red, Gold, Silver",,,,FM radio
Energizer,Energizer Ultimate U608s,https://www.gsmarena.com/energizer_ultimate_u608s-11634.php,https://fdn2.gsmarena.com/vv/bigpic/energizer-u608s.jpg,GSM / HSPA / LTE,No,"2022, June","Available. Released 2022, July",155.4 x 73.3 x 9.8 mm (6.12 x 2.89 x 0.39 in),156.8,,,Nano-SIM + Nano-SIM,LCD,,6.08,720x1520,277,81.0,,Android 12 (Go edition),Mediatek MT6761 Helio A22 (12 nm),12,Quad-core 2.0 GHz Cortex-A53,PowerVR GE8320,2,2,32,32,eMMC 5.1,5.0,1,,No,,No,LED flash,1080p@30/60fps,5.0,No,,720p,Wi-Fi 802.11 b/g/n,No,4.2,Micro-USB,Yes,GPS,,3000,,,No,,,90.0,,,,,,,,Black,,,,FM radio
Energizer,Energizer E242s,https://www.gsmarena.com/energizer_e242s-11535.php,https://fdn2.gsmarena.com/vv/bigpic/energizer-e242s.jpg,GSM / HSPA / LTE,No,"2022, April 10","Available. Released 2022, April 10",130.8 x 53.6 x 13 mm (5.15 x 2.11 x 0.51 in),116.0,,,"Dual SIM (Micro-SIM, dual stand-by)","TFT LCD, 256K colors",,2.4,240x320,167,25.4,,KaiOS 2.5.3,Mediatek MT6739,,Quad-core 1.5 GHz,PowerVR GE8100,,,4,4,,0.3,1,,No,,No,LED flash,Yes,0.3,No,,Yes,Yes,No,4.2,Micro-USB,Yes,GPS,No,1700,,,No,,,40.0,,,,,,,,"Black, Blue, Pink, Gold, Silver",,,,FM radio
Energizer,Energizer E284S,https://www.gsmarena.com/energizer_e284s-10068.php,https://fdn2.gsmarena.com/vv/bigpic/energizer-e284s.jpg,GSM / HSPA / LTE,No,"2021, December. Released 2022, Q2",Discontinued,137.6 x 62.5 x 15.6 mm (5.42 x 2.46 x 0.61 in),131.0,,,Nano-SIM + Nano-SIM,TFT LCD,,2.8,240x320,143,28.2,,,Unisoc T117,,1 GHz,,,,,,eMMC,2.0,1,,No,,No,LED flash,Yes,,No,,Yes,Yes,No,2.1,Micro-USB,Yes,No,No,2000,,,No,,,50.0,,,,,,,,"Black, Blue, Red, Green",,,,FM radio
Energizer,Energizer Ultimate U505s,https://www.gsmarena.com/energizer_ultimate_u505s-10061.php,https://fdn2.gsmarena.com/vv/bigpic/energizer-u505s.jpg,GSM / HSPA / LTE,No,"2022, March","Available. Released 2022, March",138.5 x 73.5 x 10.6 mm (5.45 x 2.89 x 0.42 in),,,,Nano-SIM + Nano-SIM,TFT LCD,,5.0,480x854,196,67.7,,Android 11 (Go edition),Mediatek MT6739,,Quad-core 1.5 GHz,,1,1,16,16,eMMC 5.1,5.0,2,,No,,No,LED flash,1080p@30fps,2.0,No,,720p,Yes,No,4.0,Micro-USB,Yes,GPS,"Accelerometer, proximity",3000,,,No,,,80.0,,,,,,,,Black,,,,FM radio
Energizer,Energizer E282SC,https://www.gsmarena.com/energizer_e282sc-11370.php,https://fdn2.gsmarena.com/vv/bigpic/energizer-e282sc.jpg,GSM / HSPA / LTE,No,"2021, December. Released 2021, December",Discontinued,108.5 x 58 x 18.5 mm (4.27 x 2.28 x 0.73 in),101.0,,,"Dual SIM (Micro-SIM, dual stand-by)",TFT LCD,,2.8,240x320,143,38.6,,KaiOS 2.5.3,Mediatek MT6731 (28 nm),28,Quad-core 1.1 GHz,PowerVR GE8100,,,4,4,,2.0,1,,No,,No,,No,2.0,No,,,Yes,No,4.2,Micro-USB,Yes,GPS,,1400,,,No,,,60.0,,,,,,,,"Black, Silver/Diamond, Gold/Diamond, Pink/Diamond",,,,FM radio
Energizer,Energizer Hard Case G5,https://www.gsmarena.com/energizer_hard_case_g5-10998.php,https://fdn2.gsmarena.com/vv/bigpic/energizer-g5.jpg,GSM / CDMA / HSPA / EVDO / LTE / 5G,Yes,"2021, June 29. Released 2021, Q4",Discontinued,167.7 x 78.2 x 13.7 mm (6.60 x 3.08 x 0.54 in),,,IP69,Nano-SIM + Nano-SIM,IPS LCD,,6.3,1080x2340,409,74.3,Gorilla Glass 5,Android 11,Mediatek Dimensity 800U (7 nm),7,Octa-core (2x2.0 GHz Cortex-A76 & 6x2.0 GHz Cortex-A55),Mali-G57 MC3,6,6,128,128,eMMC 5.1,48.0,3,1.8,No,,No,LED flash,1080p@30fps,8.0,No,,1080p@30fps,"Wi-Fi 802.11 a/b/g/n/ac, dual-band",Yes,5.1,Type-C,No,GPS,"Fingerprint (rear-mounted), accelerometer, proximity, compass",5000,,,No,,,500.0,,,,,,,,Black,,,,FM radio
Energizer,Energizer U680S,https://www.gsmarena.com/energizer_u680s-10060.php,https://fdn2.gsmarena.com/vv/bigpic/energizer-u680s.jpg,GSM / HSPA / LTE,No,"2021, June 29. Released 2021, Q3",Discontinued,-,,,,Nano-SIM + Micro-SIM,IPS LCD,,6.8,720x1640,263,,,Android 11,Unisoc SC9863A (28 nm),28,Octa-core (4x1.6 GHz Cortex-A55 & 4x1.2 GHz Cortex-A55),IMG8322,2,2,32,32,eMMC 5.1,13.0,3,,No,,No,LED flash,1080p@30fps,5.0,No,,,Wi-Fi 802.11 b/g/n,No,4.0,Type-C,Yes,GPS,"Accelerometer, proximity",7000,,,No,,,120.0,,,,,,,,"Green, Black",,,,FM radio
Energizer,Energizer E28,https://www.gsmarena.com/energizer_e28-10953.php,https://fdn2.gsmarena.com/vv/bigpic/energizer-e28.jpg,GSM,No,"2021, April. Released 2021, April",Discontinued,134.5 x 56 x 16.9 mm (5.30 x 2.20 x 0.67 in),113.0,,,"Dual SIM (Mini-SIM, Micro-SIM)","TFT LCD, 256K colors",,2.8,240x320,143,32.2,,,Spreadtrum SC6531E,,,,,,,,,,1,,No,,No,LED flash,Yes,,No,,,No,No,2.1,Micro-USB,Yes,No,,3000,,,No,,,20.0,,,,,,,,"Black, Gray, Blue, White, Green, Brown, Yellow",,,,FM radio
Energizer,Energizer E24,https://www.gsmarena.com/energizer_e24-10952.php,https://fdn2.gsmarena.com/vv/bigpic/energizer-e24.jpg,GSM,No,"2021, April. Released 2021, April",Discontinued,125.3 x 54 x 14.5 mm (4.93 x 2.13 x 0.57 in),105.0,,,"Dual SIM (Mini-SIM, Micro-SIM)","TFT LCD, 256K colors",,2.4,240x320,167,26.4,,,Spreadtrum SC6531E,,,,,,,,,,1,,No,,No,LED flash,Yes,,No,,,No,No,2.1,Micro-USB,Yes,No,,1900,,,No,,,20.0,,,,,,,,"Black, Gray, Blue, White, Green, Brown, Yellow",,,,FM radio
Energizer,Energizer E3,https://www.gsmarena.com/energizer_e3-10951.php,https://fdn2.gsmarena.com/vv/bigpic/energizer-e3.jpg,GSM,No,"2021, April. Released 2021, April",Discontinued,113.9 x 48 x 14 mm (4.48 x 1.89 x 0.55 in),70.0,,,Dual SIM (Mini-SIM),"TFT LCD, 256K colors",,1.77,128x160,116,18.0,,,Spreadtrum SC6531E,,,,,,,,,,1,,No,,No,,Yes,,No,,,No,No,2.1,Micro-USB,Yes,No,,1000,,,No,,,10.0,,,,,,,,"Black, Gray, Blue, White, Green, Brown, Yellow",,,,FM radio
Energizer,Energizer E2,https://www.gsmarena.com/energizer_e2-10950.php,https://fdn2.gsmarena.com/vv/bigpic/energizer-e2.jpg,GSM,No,"2021, April. Released 2021, April",Discontinued,116 x 50 x 13.9 mm (4.57 x 1.97 x 0.55 in),74.3,,,Dual SIM (Mini-SIM),"TFT LCD, 256K colors",,1.77,128x160,116,17.0,,,Spreadtrum SC6531E,,,,,,,,,,1,,No,,No,,Yes,,No,,,No,No,2.1,Micro-USB,Yes,No,,800,,,No,,,10.0,,,,,,,,"Black, Gray, Blue, White, Green, Brown, Yellow",,,,FM radio
Energizer,Energizer E280s,https://www.gsmarena.com/energizer_e280s-10066.php,https://fdn2.gsmarena.com/vv/bigpic/energizer-282s.jpg,GSM / HSPA / LTE,No,"2021, April 07. Released 2021, May 31",Discontinued,134.5 x 56 x 16.8 mm (5.30 x 2.20 x 0.66 in),113.0,,,"Dual SIM (Micro-SIM, dual stand-by)","TFT LCD, 256K colors",,2.8,240x320,143,32.2,,KaiOS 2.5.3,Spreadtrum SC9820E,,Dual-core (2x1.2 GHz),Mali-T820,,,4,4,eMMC,2.0,1,,No,,No,LED flash,Yes,,No,,,"Wi-Fi 802.11 b/g/n, hotspot",No,2.1,Micro-USB,Yes,GPS,,3000,,,No,,,40.0,,,,,,,,"Black, White, Gray, Blue, Green, Yellow, Brown",,,,FM radio
Energizer,Energizer Hardcase H621S,https://www.gsmarena.com/energizer_hardcase_h621s-13116.php,https://fdn2.gsmarena.com/vv/bigpic/energizer-h621s.jpg,GSM / HSPA / LTE,No,"2021, June. Released 2021, June",Discontinued,163 x 78.2 x 12 mm (6.42 x 3.08 x 0.47 in),241.0,,IP69,Nano-SIM + Nano-SIM,IPS LCD,,6.2,720x1520,271,75.3,,Android 11,Mediatek MT6762 Helio P22 (12 nm),12,Octa-core 2.0 GHz Cortex-A53,PowerVR GE8320,4,4,64,64,eMMC 5.1,48.0,1,,No,,No,Dual-LED flash,1080p@30fps,8.0,No,,1080p@30fps,"Wi-Fi 802.11 a/b/g/n/ac, dual-band",Yes,5.0,Type-C,No,GPS,"Fingerprint (rear-mounted), accelerometer, proximity",5000,15,,No,,,200.0,,,,,,,,Black,,,,FM radio
Energizer,Energizer Hardcase H620S,https://www.gsmarena.com/energizer_hardcase_h620s-10726.php,https://fdn2.gsmarena.com/vv/bigpic/energizer-hardcase-h620s.jpg,GSM / HSPA / LTE,No,"2020, December. Released 2021, February 09",Discontinued,163 x 78.2 x 12 mm (6.42 x 3.08 x 0.47 in),250.0,,IP69,Nano-SIM + Nano-SIM,IPS LCD,,6.2,720x1440,260,77.8,,Android 10,Mediatek MT6762 Helio P22 (12 nm),12,Octa-core 2.0 GHz Cortex-A53,PowerVR GE8320,4,4,64,64,eMMC 5.1,48.0,1,,No,,No,Dual-LED flash,1080p@30fps,8.0,No,,1080p@30fps,"Wi-Fi 802.11 b/g/n, Wi-Fi Direct",Yes,5.0,Type-C,Yes,GPS,"Fingerprint (rear-mounted), accelerometer, proximity",5000,,,No,,,300.0,,,,,,,,Black,,,,FM radio
Energizer,Energizer Ultimate U710S,https://www.gsmarena.com/energizer_ultimate_u710s-10059.php,https://fdn2.gsmarena.com/vv/bigpic/energizer-u710s.jpg,GSM / HSPA / LTE,No,"2020, February 17",Cancelled,180.3 x 86.8 x 9.2 mm (7.10 x 3.42 x 0.36 in),,,,Nano-SIM + Nano-SIM,IPS LCD,,7.12,1080x2244,350,81.7,AGC glass,Android 9.0 (Pie),Mediatek MT6763 Helio P23 (16 nm),16,Octa-core (4x2.0 GHz Cortex-A53 & 4x1.5 GHz Cortex-A53),Mali-G71 MP2,3,3,32,32,eMMC 5.1,13.0,2,,No,,No,"LED flash, HDR, panorama",1080p@30fps,5.0,No,,,"Wi-Fi 802.11 b/g/n, Wi-Fi Direct",No,4.2,Type-C,Yes,"GPS, GLONASS","Fingerprint (rear-mounted), accelerometer, proximity",6000,10,,No,,,,,,,,,,,Gray,,,,FM radio
Energizer,Energizer Energy E12,https://www.gsmarena.com/energizer_energy_e12-9684.php,https://fdn2.gsmarena.com/vv/bigpic/energizer-energy-e12.jpg,GSM,No,"2019, April. Released 2019, June",Discontinued,117 x 51 x 15 mm (4.61 x 2.01 x 0.59 in),91.0,,,Dual SIM (Mini-SIM),"TFT LCD, 256K colors",,1.8,128x160,114,17.1,,,Spreadtrum SC6531E,,,,,,,,,,1,,No,,No,,Yes,,No,,,No,No,2.1,Micro-USB,Yes,No,,1000,,,No,,,10.0,,,,,,,,Black,,,,FM radio
Energizer,Energizer Hardcase H10,https://www.gsmarena.com/energizer_hardcase_h10-9683.php,https://fdn2.gsmarena.com/vv/bigpic/energizer-hardcase-h10.jpg,GSM,No,"2019, April. Released 2019, April",Discontinued,109 x 49 x 15 mm (4.29 x 1.93 x 0.59 in),80.0,,IP54,Dual SIM (Mini-SIM),"TFT LCD, 256K colors",,1.8,128x160,114,19.1,,,Mediatek MT6261A,,,,,,,,,,1,,No,,No,,Yes,,No,,,No,No,3.0,Micro-USB,Yes,No,,1000,,,No,,,30.0,,,,,,,,Black,,,,FM radio
Energizer,Energizer Power Max P8100S,https://www.gsmarena.com/energizer_power_max_p8100s-9590.php,https://fdn2.gsmarena.com/vv/bigpic/energizer-power-max-p8100s-.jpg,GSM / HSPA / LTE / 5G,Yes,"2019, February",Cancelled,-,,,,Nano-SIM + Nano-SIM,Foldable IPS LCD,,8.1,1536x2048,316,,,Android 9.0 (Pie),Qualcomm SM8150 Snapdragon 855 (7 nm),7,Octa-core (1x2.84 GHz Kryo 485 & 3x2.42 GHz Kryo 485 & 4x1.78 GHz Kryo 485),Adreno 640,8,8,256,256,,48.0,2,1.8,No,1/2.0,Yes,"Dual-LED flash, HDR, panorama",4K@30fps,24.0,No,,1080p@30fps,"Wi-Fi 802.11 a/b/g/n, Wi-Fi Direct",No,5.0,Type-C,No,GPS,"Accelerometer, gyro, proximity, compass",10000,18,,No,,,900.0,,,,,,,,Dark red,,,,FM radio
Energizer,Energizer Power Max P18K Pop,https://www.gsmarena.com/energizer_power_max_p18k_pop-9573.php,https://fdn2.gsmarena.com/vv/bigpic/energizer-power-max-p18k-pop-100.jpg,GSM / HSPA / LTE,No,"2019, February",Cancelled,⁓ 30-40 mm thickness,,,,Nano-SIM + Nano-SIM,IPS LCD,,6.2,1080x2280,407,83.8,,Android 9.0 (Pie),Mediatek MT6771 Helio P70 (12 nm),12,Octa-core (4x2.0 GHz Cortex-A73 & 4x2.0 GHz Cortex-A53),Mali-G72 MP3,6,6,128,128,eMMC 5.1,12.0,3,,No,,No,"Dual-LED dual-tone flash, panorama, HDR",1080p@30fps,16.0,No,,1080p@30fps,"Wi-Fi 802.11 a/b/g/n/ac, dual-band",No,5.0,Type-C,No,"GPS, GLONASS","Fingerprint (side-mounted), accelerometer, gyro, proximity, compass",18000,18,,No,,,,,,,,,,,"Black, Blue",,,,FM radio
Energizer,Energizer Ultimate U620S Pop,https://www.gsmarena.com/energizer_ultimate_u620s_pop-9548.php,https://fdn2.gsmarena.com/vv/bigpic/energizer-ultimate-u620s-pop.jpg,GSM / HSPA / LTE,No,"2019, January",Cancelled,153.2 x 74.9 x 10.3 mm (6.03 x 2.95 x 0.41 in),,,,Nano-SIM + Nano-SIM,IPS LCD,,6.2,1080x2280,407,83.6,,Android 9.0 (Pie),Mediatek MT6771 Helio P70 (12 nm),12,Octa-core (4x2.1 GHz Cortex-A73 & 4x2.0 GHz Cortex-A53),Mali-G72 MP3,6,6,128,128,eMMC 5.1,12.0,3,,No,,No,"Dual-LED dual-tone flash, panorama, HDR",1080p@30fps,16.0,No,,1080p,"Wi-Fi 802.11 a/b/g/n/ac, dual-band, Wi-Fi Direct",No,5.0,Type-C,No,"GPS, GLONASS","Fingerprint (side-mounted), accelerometer, gyro, proximity, compass",3200,18,,No,,,,,,,,,,,"Black, Red, Green",,,,FM radio
Energizer,Energizer Hardcase H570S,https://www.gsmarena.com/energizer_hardcase_h570s-9557.php,https://fdn2.gsmarena.com/vv/bigpic/energizer-hardcase-h570s-not-scan.jpg,GSM / HSPA / LTE,No,"2019, February. Released 2019, Q3",Discontinued,,,,IP68,Nano-SIM + Nano-SIM,IPS LCD,,5.7,720x1440,282,,Gorilla Glass 3,Android 9.0 (Pie),Mediatek MT6739 (28 nm),28,Quad-core 1.5 GHz Cortex-A53,PowerVR GE8100,2,2,16,16,eMMC 5.1,13.0,2,,No,,No,LED flash,1080p@30fps,8.0,No,,,"Wi-Fi 802.11 b/g/n, Wi-Fi Direct",No,4.2,Type-C,Yes,"GPS, GLONASS","Fingerprint (rear-mounted), accelerometer, proximity",6500,10,,No,,,,,,,,,,,Black,,,,No
Energizer,Energizer Hardcase H501S,https://www.gsmarena.com/energizer_hardcase_h501s-9559.php,https://fdn2.gsmarena.com/vv/bigpic/energizer-hardcase-h501s.jpg,GSM / HSPA / LTE,No,"2019, February. Released 2019, Q3",Discontinued,149.4 x 69.9 x 12 mm (5.88 x 2.75 x 0.47 in),,,IP68,Nano-SIM + Nano-SIM,IPS LCD,,5.0,480x960,215,61.8,Panda Glass,Android 9.0 (Pie),Mediatek MT6739 (28 nm),28,Quad-core 1.5 GHz Cortex-A53,PowerVR GE8100,2,2,16,16,eMMC 5.1,16.0,2,,No,,No,LED flash,480p@30fps,5.0,No,,,Wi-Fi 802.11 a/b/g/n,No,4.0,Micro-USB,Yes,"GPS, GLONASS","Fingerprint (rear-mounted), accelerometer, gyro, proximity",2500,,,No,,,,,,,,,,,Black,,,,No
Energizer,Energizer Hardcase H280S,https://www.gsmarena.com/energizer_hardcase_h280s-9560.php,https://fdn2.gsmarena.com/vv/bigpic/energizer-hardcase-h280s1.jpg,GSM / HSPA / LTE,No,"2019, February. Released 2020, January",Discontinued,142 x 64 x 16.5 mm (5.59 x 2.52 x 0.65 in),256.0,,IP68,"Dual SIM (Micro-SIM, dual stand-by)","TFT LCD, 256K colors",,2.8,240x320,143,26.7,,KaiOS 2.5.3,Spreadtrum SC9820E,,Dual-core (2x1.2 GHz),,,,4,4,,2.0,1,,No,,No,LED flash,Yes,0.3,No,,,"Wi-Fi 802.11 b/g/n, hotspot",No,3.0,Micro-USB,Yes,GPS,,2000,,,No,,,80.0,,,,,,,,Black,,,,FM radio
Energizer,Energizer Hardcase H241,https://www.gsmarena.com/energizer_hardcase_h241-9561.php,https://fdn2.gsmarena.com/vv/bigpic/energizer-hardcase-h241s.jpg,GSM / HSPA,No,"2019, February",Cancelled,128.5 x 56.5 x 16.5 mm (5.06 x 2.22 x 0.65 in),,,IP68,Dual SIM (Mini-SIM),"TFT LCD, 256K colors",,2.4,240x320,167,24.6,,KaiOS 2.5.1,Mediatek MT6276А,,,,,,,,,2.0,1,,No,,No,LED flash,Yes,0.3,No,,,"Wi-Fi 802.11 b/g/n, hotspot",No,,Micro-USB,Yes,No,,2500,,,No,,,,,,,,,,,Black,,,,FM radio
Energizer,Energizer Hardcase H242,https://www.gsmarena.com/energizer_hardcase_h242-9562.php,https://fdn2.gsmarena.com/vv/bigpic/energizer-hardcase-h242.jpg,GSM / HSPA,No,"2019, February. Released 2019, Q3",Discontinued,125.3 x 54 x 14.5 mm (4.93 x 2.13 x 0.57 in),,,IP68,Dual SIM (Mini-SIM),"TFT LCD, 16M colors",,2.4,240x320,167,26.4,,KaiOS 2.5.1,Spreadtrum SC7731E,,Quad-core 1.3 GHz Cortex-A53,Mali-820,,,,,,0.3,1,,No,,No,LED flash,Yes,0.3,No,,,"Wi-Fi 802.11 b/g/n, hotspot",No,2.1,Micro-USB,Yes,GPS,,1500,,,No,,,,,,,,,,,Black,,,,FM radio
Energizer,Energizer Energy E241s,https://www.gsmarena.com/energizer_energy_e241s-9569.php,https://fdn2.gsmarena.com/vv/bigpic/energizer-energy-e241-1.jpg,GSM / HSPA / LTE,No,"2019, February. Released 2019, September",Discontinued,125.3 x 54 x 14.5 mm (4.93 x 2.13 x 0.57 in),95.0,,,Dual SIM (Mini-SIM),"TFT LCD, 256K colors",,2.4,240x320,167,26.4,,"KaiOS 2.5.1, up to 2.5.3",Spreadtrum SC9820E,,Dual-core (2x1.3 GHz Cortex-A7),,,,,,,0.3,1,,No,,No,LED flash,Yes,0.3,No,,,"Wi-Fi 802.11 b/g/n, hotspot",No,2.1,Micro-USB,Yes,GPS,,1900,,,No,,,,,,,,,,,"Black, Carbon black, Gray, White, Orange, Bordo Red",,,,FM radio
Energizer,Energizer Energy E241,https://www.gsmarena.com/energizer_energy_e241-9570.php,https://fdn2.gsmarena.com/vv/bigpic/energizer-energy-e241s-1.jpg,GSM / HSPA,No,"2019, February. Released 2019, September",Discontinued,125.3 x 54 x 14.5 mm (4.93 x 2.13 x 0.57 in),72.0,,,Dual SIM (Mini-SIM),"TFT LCD, 256K colors",,2.4,240x320,167,26.4,,KaiOS 2.5.1,Spreadtrum SC7731E,,Quad-core 1.3 GHz Cortex-A53,Mali-820,,,,,,0.3,1,,No,,No,LED flash,Yes,0.3,No,,,"Wi-Fi 802.11 b/g/n, hotspot",No,2.1,Micro-USB,Yes,GPS,,1900,,,No,,,,,,,,,,,"Black, Carbon black, Gray, White, Orange, Carbon Red",,,,FM radio
Energizer,Energizer Energy E220s,https://www.gsmarena.com/energizer_energy_e220s-9571.php,https://fdn2.gsmarena.com/vv/bigpic/energizer-energy-e220s.jpg,GSM / HSPA / LTE,No,"2019, February. Released 2019, July",Discontinued,119 x 59 x 16.5 mm (4.69 x 2.32 x 0.65 in),112.0,,,"Dual SIM (Micro-SIM, dual stand-by)","TFT LCD, 16M colors",,2.2,240x320,182,21.3,,KaiOS 2.5.1,Spreadtrum SC9820E,,Dual-core (2x1.3 GHz Cortex-A7),,,,,,,0.3,1,,No,,No,,Yes,,No,,,"Wi-Fi 802.11 b/g/n, hotspot",No,2.1,Micro-USB,Yes,No,,1000,,,No,,,,,,,,,,,"Black, Dark blue",,,,FM radio
Energizer,Energizer Energy E220,https://www.gsmarena.com/energizer_energy_e220-9572.php,https://fdn2.gsmarena.com/vv/bigpic/energizer-energy-e220.jpg,GSM / HSPA,No,"2019, February. Released 2019, July",Discontinued,119 x 59 x 16.5 mm (4.69 x 2.32 x 0.65 in),112.0,,,"Dual SIM (Micro-SIM, dual stand-by)","TFT LCD, 16M colors",,2.2,240x320,182,21.3,,KaiOS 2.5.1,Mediatek MT6572 (28 nm),28,Dual-core 1.3 GHz Cortex-A7,Mali-400,,,,,,0.3,1,,No,,No,,Yes,,No,,,"Wi-Fi 802.11 b/g/n, hotspot",No,2.1,Micro-USB,Yes,No,,1000,,,No,,,,,,,,,,,"Black, Dark blue",,,,FM radio
Energizer,Energizer Power Max P490S,https://www.gsmarena.com/energizer_power_max_p490s-9244.php,https://fdn2.gsmarena.com/vv/bigpic/energizer-power-max-p490s.jpg,GSM / HSPA / LTE,No,"2018, June. Released 2018, August",Discontinued,139 x 65.8 x 12 mm (5.47 x 2.59 x 0.47 in),139.0,,,Nano-SIM + Nano-SIM,TFT,,4.95,480x960,217,69.1,,Android 8.1 (Oreo),Mediatek MT6739WA (28 nm),28,Quad-core 1.3 GHz Cortex-A53,Mali-T720MP2,2,2,16,16,eMMC 5.1,8.0,2,,No,,No,"Dual-LED dual-tone flash, panorama",1080p@30fps,5.0,No,LED flash,,Wi-Fi 802.11 b/g/n,No,4.0,Micro-USB,Yes,GPS,"Fingerprint (rear-mounted), accelerometer, proximity",4000,,,No,,,130.0,,,,,,,,Black,,,,FM radio
Energizer,Energizer Power Max P490,https://www.gsmarena.com/energizer_power_max_p490-9243.php,https://fdn2.gsmarena.com/vv/bigpic/energizer-power-max-p490.jpg,GSM / HSPA,No,"2018, June. Released 2018, August",Discontinued,139 x 65.8 x 12 mm (5.47 x 2.59 x 0.47 in),139.0,,,Nano-SIM + Nano-SIM,TFT,,4.95,480x960,217,69.1,,Android 8.0 (Oreo Go),Mediatek MT6580M (28 nm),28,Quad-core 1.3 GHz Cortex-A7,Mali-400 MP2,1,1,8,8,,8.0,2,,No,,No,Dual-LED dual-tone flash,720p@30fps,5.0,No,LED flash,,Wi-Fi 802.11 b/g/n,No,4.0,Micro-USB,Yes,GPS,"Fingerprint (rear-mounted), accelerometer, proximity",4000,,,No,,,90.0,,,,,,,,Black,,,,FM radio
Energizer,Energizer Hardcase H500S,https://www.gsmarena.com/energizer_hardcase_h500s-9242.php,https://fdn2.gsmarena.com/vv/bigpic/energizer-hardcase-h500s.jpg,GSM / HSPA / LTE,No,"2018, February. Released 2018, February",Discontinued,145.4 x 75 x 10.3 mm (5.72 x 2.95 x 0.41 in),142.5,,IP68,Nano-SIM + Nano-SIM,TFT,,5.0,720x1280,294,63.2,Gorilla Glass 3,Android 7.0 (Nougat),Mediatek MT6737 (28 nm),28,Quad-core 1.3 GHz Cortex-A53,Mali-T720,2,2,16,16,eMMC 5.0,13.0,1,,No,,No,LED flash,720p@30fps,5.0,No,,,Wi-Fi 802.11 b/g/n,No,4.0,Micro-USB,Yes,GPS,"Accelerometer, proximity",3000,,,No,,,230.0,,,,,,,,Black,,0.44 W/kg (head) 1.65 W/kg (body),,FM radio
Energizer,Energizer Energy E500S,https://www.gsmarena.com/energizer_energy_e500s-9241.php,https://fdn2.gsmarena.com/vv/bigpic/energizer-energy-e500s.jpg,GSM / HSPA / LTE,No,"2018, August. Released 2018, August",Discontinued,139.8 x 71.5 x 8.6 mm (5.50 x 2.81 x 0.34 in),127.0,,,Nano-SIM + Micro-SIM,TFT,,5.0,480x854,196,68.9,,Android 8.0 (Oreo),Mediatek MT6737M (28 nm),28,Quad-core 1.1 GHz Cortex-A53,Mali-T720MP2,1,1,8,8,eMMC 5.0,8.0,1,,No,,No,LED flash,720p@30fps,5.0,No,,,Wi-Fi 802.11 b/g/n,No,4.0,Micro-USB,Yes,GPS,Accelerometer,2000,,,No,,,100.0,,,,,,,,Black,,,,FM radio
Energizer,Energizer Energy E500,https://www.gsmarena.com/energizer_energy_e500-9240.php,https://fdn2.gsmarena.com/vv/bigpic/energizer-energy-e500.jpg,GSM / HSPA,No,"2018, August. Released 2018, August",Discontinued,139.8 x 71.5 x 8.6 mm (5.50 x 2.81 x 0.34 in),127.0,,,Nano-SIM + Micro-SIM,TFT,,5.0,480x854,196,68.9,,Android Go,Mediatek MT6580M (28 nm),28,Quad-core 1.3 GHz Cortex-A7,Mali-400MP2,1,1,8,8,,5.0,1,,No,,No,LED flash,480p@30fps,2.0,No,,,"Wi-Fi 802.11 b/g/n, hotspot",No,4.0,Micro-USB,Yes,GPS,Accelerometer,2000,,,No,,,70.0,,,,,,,,Black,,,,FM radio
Energizer,Motorola Edge 70 Pro+,https://www.gsmarena.com/motorola_edge_70_pro+_5g-14702.php,https://fdn2.gsmarena.com/vv/bigpic/motorola-edge-70-pro-plus.jpg,GSM / HSPA / LTE / 5G,Yes,"2026, June 01","Coming soon. Exp. release 2026, June",162.7 x 75.6 x 7.2 mm (6.41 x 2.98 x 0.28 in),190.0,Glass,IP68,Nano-SIM + Nano-SIM,"AMOLED, 1B colors, 144Hz, PWM, HDR10+, 1800 (HBM), 5200 nits (peak)",144,6.78,1272x2772,450,91.4,Gorilla Glass 7i,"Android 16, up to 3 major Android upgrades",Mediatek Dimensity 8500 Extreme (4 nm),4,Octa-core (1x3.4 GHz Cortex-A725 & 3x3.2 GHz Cortex-A725 & 4x2.2 GHz Cortex-A725),Mali-G720 MC8,12,12,256,256,UFS 4.1,50.0,3,1.8,Yes,1/1.56,Yes,"LED flash, HDR, panorama, Pantone Validated Colour and Skin Tones","4K@30/60/120fps, 1080p@30/60/120/240fps, gyro-EIS, HDR10+",50.0,Yes,HDR,"4K@30fps, 1080p@30/120fps","Wi-Fi 802.11 a/b/g/n/ac/6e/7, tri-band, Wi-Fi Direct",Yes,5.4,Type-C,No,"GPS, GLONASS, GALILEO","Fingerprint (under display, optical), accelerometer, gyro, proximity, compass",6500,90,15,Yes,,,440.0,,,,,,,,"Pantone: Stormy Sea (Green), Zinfandel (Red), Chicory Coffee (Wood)",,,,No
Energizer,Huawei nova 16 Ultra,https://www.gsmarena.com/huawei_nova_16_ultra_5g-14698.php,https://fdn2.gsmarena.com/vv/bigpic/huawei-nova16-ultra.jpg,GSM / HSPA / LTE / 5G,Yes,"2026, June 01","Coming soon. Exp. release 2026, June 06",163 x 78 x 7.1 mm (6.42 x 3.07 x 0.28 in),220.0,Glass,IP68,Nano-SIM + Nano-SIM,"LTPO OLED, 1B colors, HDR Vivid, 120Hz, 2160Hz PWM, 6000 nits (peak)",120,6.84,1320x2856,460,90.4,Kunlun Glass,HarmonyOS 6.1,Kirin 9010S,,,,12,12,256,512,,200.0,3,1.8,Yes,1/1.28,Yes,"Laser AF, color spectrum sensor, LED flash, panorama, HDR","4K, 1080p, gyro-EIS, HDR Vivid",50.0,Yes,"HDR, panorama","4K, 1080p, gyro-EIS, HDR Vivid","Wi-Fi 802.11 a/b/g/n/ac/6/7, dual-band, Wi-Fi Direct",Yes,6.0,Type-C,No,"GPS (L1+L5), BDS (B1I+B1c+B2a), GALILEO (E1+E5a), QZSS (L1+L5), NavIC, GLONASS","Fingerprint (under display, optical), accelerometer, gyro, compass",7000,100,50,Yes,,,600.0,,,,,,,,"Black, White, Blue",HIP-AL00,,,No
Energizer,Huawei nova Y74,https://www.gsmarena.com/huawei_nova_y74-14703.php,https://fdn2.gsmarena.com/vv/bigpic/huawei-nova-y74.jpg,GSM / HSPA / LTE,No,"2026, May","Available. Released 2026, May",166.1 x 76.6 x 8.3 mm (6.54 x 3.02 x 0.33 in),210.0,Glass,,Nano-SIM + Nano-SIM,"IPS LCD, 90Hz, 850 nits (peak)",90,6.67,720x1604,264,84.3,,EMUI 12,,,,,8,8,128,256,,50.0,1,1.8,No,,No,"LED flash, HDR, panorama",1080p@30fps,8.0,No,,1080p@30fps,Wi-Fi 802.11 b/g/n,Yes,5.1,Type-C,No,"GPS, GALILEO, GLONASS, BDS, QZSS","Fingerprint (side-mounted), accelerometer, proximity, compass",6620,40,,No,,,,,,,,,,,"Black, Blue",MGA-LX3,,,No
Energizer,Wiko X70,https://www.gsmarena.com/wiko_x70_5g-14704.php,https://fdn2.gsmarena.com/vv/bigpic/wiko-x70.jpg,GSM / HSPA / LTE / 5G,Yes,"2025, October","Available. Released 2025, October",161.4 x 74.8 x 7.6 mm (6.35 x 2.94 x 0.30 in),182.0,,,Nano-SIM + Nano-SIM,"AMOLED, 120Hz, 2160Hz PWM, 1300 nits (peak)",120,6.7,1080x2412,394,89.5,Kunlun Glass,HarmonyOS-based,,,,,8,12,256,512,,50.0,1,,No,1/1.56,No,"LED flash, HDR, panorama",1080p@30fps,32.0,No,,1080p@30fps,"Wi-Fi 802.11 a/b/g/n/ac/6, dual-band, Wi-Fi Direct",No,5.2,Type-C,No,"GPS, GLONASS, GALILEO, BDS, QZSS","Fingerprint (side-mounted), accelerometer, compass",6100,40,,No,,,,,,,,,,,"Gleam Black, Vein White, Impress Green",,,,No
Energizer,Huawei nova 16 Pro,https://www.gsmarena.com/huawei_nova_16_pro_5g-14699.php,https://fdn2.gsmarena.com/vv/bigpic/huawei-nova16-pro-.jpg,GSM / HSPA / LTE / 5G,Yes,"2026, June 01","Coming soon. Exp. release 2026, June 06",163 x 78 x 7.1 mm (6.42 x 3.07 x 0.28 in),218.0,Glass,IP65,Nano-SIM + Nano-SIM,"LTPO OLED, 1B colors, HDR Vivid, 120Hz, 2160Hz PWM, 6000 nits (peak)",120,6.84,1320x2856,460,90.4,Kunlun Glass,HarmonyOS 6.0,Kirin 9010S,,,,12,12,256,512,,200.0,3,1.8,Yes,1/1.28,Yes,"Laser AF, color spectrum sensor, LED flash, panorama, HDR","4K, 1080p, gyro-EIS, HDR Vivid",50.0,Yes,"HDR, panorama","4K, 1080p, gyro-EIS, HDR Vivid","Wi-Fi 802.11 a/b/g/n/ac/6/7, dual-band, Wi-Fi Direct",Yes,6.0,Type-C,No,"GPS (L1+L5), BDS (B1I+B1c+B2a), GALILEO (E1+E5a), QZSS (L1+L5), NavIC, GLONASS","Fingerprint (under display, optical), accelerometer, gyro, compass",7000,100,,No,,,500.0,,,,,,,,"Black, White, Blue/Pink, Blue",CRS-AL00,,,No
Energizer,Huawei nova 16,https://www.gsmarena.com/huawei_nova_16_5g-14700.php,https://fdn2.gsmarena.com/vv/bigpic/huawei-nova16-.jpg,GSM / HSPA / LTE / 5G,Yes,"2026, June 01","Coming soon. Exp. release 2026, June 06",159.6 x 75.5 x 7.3 mm (6.28 x 2.97 x 0.29 in),199.0,Glass,IP65,Nano-SIM + Nano-SIM,"OLED, 1B colors, HDR Vivid, 120Hz, 2160Hz PWM",120,6.68,1280x2800,461,90.3,Aluminosilicate glass,HarmonyOS 6.1,Kirin 9010S,,,,12,12,256,512,,50.0,2,1.9,Yes,1/1.56,Yes,"Color spectrum sensor, LED flash, panorama, HDR","4K, 1080p, gyro-EIS, HDR Vivid",50.0,Yes,"HDR, panorama","4K, 1080p, gyro-EIS, HDR Vivid","Wi-Fi 802.11 a/b/g/n/ac/6/7, dual-band, Wi-Fi Direct",Yes,6.0,Type-C,No,"GPS (L1+L5), BDS (B1I+B1c+B2a), GALILEO (E1+E5a), QZSS (L1+L5), NavIC, GLONASS","Fingerprint (side-mounted), accelerometer, gyro, compass",7000,100,,No,,,380.0,,,,,,,,"Black, White, Blue/Pink, Blue",EMA-AL00U,,,No
Energizer,Huawei nova 16z,https://www.gsmarena.com/huawei_nova_16z_5g-14701.php,https://fdn2.gsmarena.com/vv/bigpic/huawei-nova16z.jpg,GSM / HSPA / LTE / 5G,Yes,"2026, June 01","Coming soon. Exp. release 2026, June 06",161.8 x 75.5 x 7.2 mm (6.37 x 2.97 x 0.28 in),196.5,Glass,IP65,Nano-SIM + Nano-SIM,"OLED, 1B colors, HDR Vivid, 120Hz, 2160Hz PWM",120,6.7,1084x2412,395,88.6,Aluminosilicate glass,HarmonyOS 6.1,Kirin 8020,,,,12,12,256,512,,50.0,2,1.9,Yes,1/1.56,Yes,"Color spectrum sensor, LED flash, panorama, HDR","4K, 1080p, gyro-EIS, HDR Vivid",50.0,Yes,"HDR, panorama","4K, 1080p, gyro-EIS, HDR Vivid","Wi-Fi 802.11 a/b/g/n/ac/6/7, dual-band, Wi-Fi Direct",Yes,6.0,Type-C,No,"GPS (L1+L5), BDS (B1I+B1c+B2a), GALILEO (E1+E5a), QZSS (L1+L5), GLONASS, NavIC","Fingerprint (side-mounted), accelerometer, gyro, compass",6000,100,,No,,,340.0,,,,,,,,"Black, White, Blue/Pink",PKN-AL00,,,No
Energizer,vivo S60 Vitality,https://www.gsmarena.com/vivo_s60_vitality_5g-14693.php,https://fdn2.gsmarena.com/vv/bigpic/vivo-s60-vitality-.jpg,GSM / HSPA / LTE / 5G,Yes,"2026, May 29","Coming soon. Exp. release 2026, June 03",157.5 x 74.3 x 7.9 mm (6.20 x 2.93 x 0.31 in),199.0,Glass,IP68,Nano-SIM + Nano-SIM,"AMOLED, 1B colors, HDR, 144Hz",144,6.59,1260x2750,459,90.7,,"Android 16, OriginOS 6",Mediatek Dimensity 7500 (4 nm),4,Octa-core (4x2.6 GHz Arm C1 Pro & 4x2.0 GHz Arm C1 Nano),Mali-G625 MC,8,12,256,512,UFS 4.1,50.0,2,1.9,Yes,1/1.56,Yes,"Ring-LED flash, panorama, HDR, color spectrum sensor","4K, 1080p, gyro-EIS",50.0,Yes,HDR,"4K, 1080p","Wi-Fi 802.11 a/b/g/n/ac/6, dual-band, Wi-Fi Direct",Yes,5.4,Type-C,No,"GPS (L1), BDS (B1I), GLONASS (G1), GALILEO (E1), QZSS (L1)","Fingerprint (under display, optical), accelerometer, compass, proximity",7200,90,,No,,,370.0,,,,,,,,"Starry Sea, Midsummer Night, Early Summer Green",V2572A,,,No
Energizer,vivo S60,https://www.gsmarena.com/vivo_s60_5g-14692.php,https://fdn2.gsmarena.com/vv/bigpic/vivo-s60-.jpg,GSM / HSPA / LTE / 5G,Yes,"2026, May 29","Coming soon. Exp. release 2026, June 03",157.5 x 74.3 x 7.9 mm (6.20 x 2.93 x 0.31 in),207.0,Glass,IP68,Nano-SIM + Nano-SIM,"AMOLED, 1B colors, HDR, 144Hz",144,6.59,1260x2750,459,90.7,,"Android 16, OriginOS 6",Qualcomm SM8635 Snapdragon 8s Gen 3 (4 nm),4,Octa-core (1x3.0 GHz Cortex-X4 & 4x2.8 GHz Cortex-A720 & 3x2.0 GHz Cortex-A520),Adreno 735,12,16,256,512,,50.0,3,1.8,Yes,1/1.56,Yes,"Ring-LED flash, panorama, HDR, color spectrum sensor","4K, 1080p, gyro-EIS",50.0,Yes,HDR,"4K, 1080p","Wi-Fi 802.11 a/b/g/n/ac/6, dual-band, Wi-Fi Direct",Yes,5.4,Type-C,No,"GPS (L1), BDS (B1I+B1C), GLONASS (G1), GALILEO (E1), QZSS (L1), A-GPS","Fingerprint (under display, ultrasonic), accelerometer, gyro, compass, proximity",7200,90,,No,,,560.0,,,,,,,,"Starry Sea, Early Summer Green, Midsummer Night",V2571A,,,No
Energizer,Xiaomi 17T Pro,https://www.gsmarena.com/xiaomi_17t_pro_5g-14651.php,https://fdn2.gsmarena.com/vv/bigpic/xiaomi-17t-pro.jpg,GSM / HSPA / LTE / 5G,Yes,"2026, May 28","Available. Released 2026, May 28",162.2 x 77.5 x 8.3 mm (6.39 x 3.05 x 0.33 in),219.0,Glass,IP68,· Nano-SIM + Nano-SIM + eSIM + eSIM (max 2 at a time) · Nano-SIM + Nano-SIM,"AMOLED, 68B colors, 144Hz, 3840Hz PWM, Dolby Vision, HDR10+, 600 nits (typ), 2000 nits (HBM), 3500 nits (peak)",144,6.83,1280x2772,447,91.1,Gorilla Glass 7i,"Android 16, HyperOS 3",Mediatek Dimensity 9500 (3 nm),3,Octa-core (1x4.21 GHz C1-Ultra & 3x3.5 GHz C1-Premium & 4x2.7 GHz C1-Pro),Mali-G1 Ultra MC12,12,12,256,512,UFS 4.1,50.0,3,1.7,Yes,1/1.31,Yes,"Leica lens, Color spectrum sensor, Ultra HDR, LED flash, HDR, panorama","8K@30fps, 4K@30/60/120fps, 1080p@30/60/120/240/960fps, gyro-EIS, 10-bit Rec. 2020, HDR10+, Log",32.0,Yes,HDR,"4K@30fps, 1080p@30/60fps, HDR10+","Wi-Fi 802.11 a/b/g/n/ac/6e/7, dual-band, Wi-Fi Direct",Yes,6.0,Type-C,No,"GPS (L1+L5), BDS (B1I+B1C+B2a+B2b), GALILEO (E1+E5a+E5b), QZSS (L1+L5), NavIC (L5), GLONASS","Fingerprint (under display, optical), accelerometer, gyro, proximity, compass",7000,100,50,No,Active use score 21:41h,,999.9,799.0,,2795030,9766,6939,1069,-25.6,"Deep Blue, Deep Violet, Black",2602EPTC0G,,,No
Energizer,Xiaomi 17T,https://www.gsmarena.com/xiaomi_17t_5g-14652.php,https://fdn2.gsmarena.com/vv/bigpic/xiaomi-17t.jpg,GSM / HSPA / LTE / 5G,Yes,"2026, May 28","Available. Released 2026, May 28",157.6 x 75.2 x 8.2 mm (6.20 x 2.96 x 0.32 in),200.0,Glass,IP68,· Nano-SIM + Nano-SIM + eSIM + eSIM (max 2 at a time) · Nano-SIM + Nano-SIM,"AMOLED, 68B colors, 120Hz, 3840Hz PWM, Dolby Vision, HDR10+, 3500 nits (peak)",120,6.59,1268x2756,460,89.8,Gorilla Glass 7i,"Android 16, HyperOS 3",Mediatek Dimensity 8500 Ultra (4 nm),4,Octa-core (1x3.4 GHz Cortex-A725 & 3x3.2 GHz Cortex-A725 & 4x2.2 GHz Cortex-A725),Mali-G720 MC8,12,12,256,512,UFS 4.1,50.0,3,1.7,Yes,1/1.55,Yes,"Leica lens, Color spectrum sensor, Ultra HDR, LED flash, HDR, panorama","4K@30/60fps, 1080p@30/60/120/240/960fps, gyro-EIS, 10-bit Rec. 2020, HDR10+, Log",32.0,Yes,HDR,"4K@30fps, 1080p@30/60fps, HDR10+","Wi-Fi 802.11 a/b/g/n/ac/6e, dual-band or tri-band, Wi-Fi Direct",Yes,6.0,Type-C,No,"GPS (L1+L5), BDS (B1I+B1c+B2a), GALILEO (E1+E5a), QZSS (L1+L5), NavIC (L5), GLONASS","Fingerprint (under display, optical), accelerometer, gyro, proximity, compass",6500,67,,No,Active use score 17:16h,,749.9,649.0,,1640834,6607,3563,1035,-24.6,"Violet, Blue, Opal White, Black","2602DPT53G, 2602DPT53I",,,No
Energizer,Honor Win Turbo,https://www.gsmarena.com/honor_win_turbo_5g-14684.php,https://fdn2.gsmarena.com/vv/bigpic/honor-win-turbo-.jpg,GSM / HSPA / LTE / 5G,Yes,"2026, May 30","Available. Released 2026, May 30",162.1 x 76.3 x 8 mm (6.38 x 3.00 x 0.31 in),216.0,,IP66,Nano-SIM + Nano-SIM,"AMOLED, 1B colors, 120Hz, HDR Vivid, 3840Hz PWM, 1800 nits (HBM), 8000 nits (peak)",120,6.79,1200x2640,427,90.6,Aluminosilicate glass,"Android 16, MagicOS 10",Mediatek Dimensity 8500 Elite (4 nm),4,Octa-core (1x3.4 GHz Cortex-A725 & 3x3.2 GHz Cortex-A725 & 4x2.2 GHz Cortex-A725),Mali-G720 MC8,12,16,256,512,UFS 4.1,50.0,2,1.9,Yes,,Yes,"LED flash, HDR, panorama","4K@30fps, 1080p@30fps, gyro-EIS",16.0,No,,1080p@30fps,"Wi-Fi 802.11 a/b/g/n/ac/6, dual-band, Wi-Fi Direct",Yes,6.0,Type-C,No,"GPS (L1+L5), GLONASS, BDS (B1I+B1c+B2a), GALILEO (E1 + E5a), QZSS (L1+L5), NavIC","Fingerprint (under display, optical), accelerometer, gyro, compass, proximity (ultrasonic)",10000,80,,No,,,330.0,,,,,,,,"Black, White, Blue",SER-AN00,,,No
Energizer,Xiaomi Watch S5 46mm,https://www.gsmarena.com/xiaomi_watch_s5-14696.php,https://fdn2.gsmarena.com/vv/bigpic/xiaomi-watch-s5-.jpg,HSPA / LTE,No,"2026, May 28","Available. Released 2026, May 28",46 x 46 x 11 mm (1.81 x 1.81 x 0.43 in),46.0,Ceramic,,eSIM (market/region dependent),"AMOLED, 1500 nits (HBM), 2500 nits (peak)",,1.48,480x480,323,,Drop-proof glass,Xiaomi HyperOS 3,,,,,,,,,,,,,No,,No,,,,No,,,Yes (file transfer only),Yes,5.4,No,No,"GPS (L1+L5), GLONASS, GALILEO, BDS, QZSS","Accelerometer, gyro, compass, barometer, heart rate, SpO2",815,,,No,,,179.37,,,,,,,,"Black, Silver, Ceramic Blue, Jungle Green, Beige (eSIM)","M2530W1, M2517W1",,,No
Energizer,Realme 16T,https://www.gsmarena.com/realme_16t_5g-14674.php,https://fdn2.gsmarena.com/vv/bigpic/realme-16t.jpg,GSM / HSPA / LTE / 5G,Yes,"2026, May 22","Available. Released 2026, May 26",166.4 x 78.2 x 8.8 mm (6.55 x 3.08 x 0.35 in),224.0,Glass,IP68,Nano-SIM + Nano-SIM,"AMOLED, 144Hz, 1200 nits (HBM)",144,6.81,720x1570,254,87.1,Panda-1681 glass,"Android 16, Realme UI 7.0",Mediatek Dimensity 6300 (6 nm),6,Octa-core (2x2.4 GHz Cortex-A76 & 6x2.0 GHz Cortex-A55),Mali-G57 MC2,6,8,128,256,UFS 2.2,50.0,2,1.8,No,1/2.93,No,"LED flash, HDR, panorama",1080p@30/60fps,16.0,No,,1080p@30fps,"Wi-Fi 802.11 a/b/g/n/ac, dual-band",No,5.3,Type-C,No,"GPS, GLONASS, GALILEO, BDS, QZSS","Fingerprint (side-mounted), accelerometer, proximity, compass",8000,45,,No,Active use score 22:43h,,270.0,,,438780,2016,385,,,"Starlight Red, Starlight Black, Aurora Green",RMX5268,,,No
Energizer,Honor 600,https://www.gsmarena.com/honor_600_5g-14605.php,https://fdn2.gsmarena.com/vv/bigpic/honor-600.jpg,GSM / HSPA / LTE / 5G,Yes,"2026, April 22","Available. Released 2026, May 18",156 x 74.7 x 7.8 mm (6.14 x 2.94 x 0.31 in),185.0,Glass,IP68,· Nano-SIM + eSIM · Nano-SIM + Nano-SIM + eSIM (max 2 at a time),"AMOLED, 1B colors, 120Hz, 3840Hz PWM, HDR Vivid, 8000 nits (peak)",120,6.57,1264x2728,458,91.2,Mohs level 4,"Android 16, up to 6 major Android upgrades, MagicOS 10",Qualcomm SM7750-AB Snapdragon 7 Gen 4 (4 nm),4,Octa-core (1x2.8 GHz Cortex-720 & 4x2.4 GHz Cortex-720 & 3x1.8 GHz Cortex-520),Adreno 722,8,12,128,512,,200.0,2,1.9,Yes,1/1.4,Yes,"Color spectrum sensor, LED flash, HDR, panorama","4K@30fps, 1080p@30/60fps, gyro-EIS, OIS",50.0,Yes,HDR,"4K@30fps, 1080p@30/60fps, gyro-EIS","Wi-Fi 802.11 a/b/g/n/ac/6/7, dual-band or tri-band, Wi-Fi Direct",Yes,5.4,Type-C,No,"GPS, GLONASS, GALILEO, BDS, QZSS, NavIC","Fingerprint (under display, optical), accelerometer, gyro, proximity (ultrasound), compass",7000,80,,No,Active use score 16:58h,505.56,487.49,399.0,,1087148,4090,1797,1749,-25.1,"Golden White, Black, Orange",VKJ-NX9,,,No
Energizer,Sony Xperia 1 VIII,https://www.gsmarena.com/sony_xperia_1_viii_5g-14660.php,https://fdn2.gsmarena.com/vv/bigpic/sony-xperia-1-viii.jpg,GSM / HSPA / LTE / 5G,Yes,"2026, May 13","Coming soon. Exp. release 2026, June 19",162 x 74 x 8.3 mm (6.38 x 2.91 x 0.33 in),200.0,Glass,IP65,Nano-SIM + eSIM + eSIM (max 2 at a time),"LTPO OLED, 1B colors, 120Hz, HDR BT.2020",120,6.5,1080x2340,396,86.5,Gorilla Glass Victus,"Android 16, up to 4 major Android upgrades",Qualcomm SM8850-AC Snapdragon 8 Elite Gen 5 (3 nm),3,Octa-core (2x4.6 GHz Oryon V3 Phoenix L + 6x3.62 GHz Oryon V3 Phoenix M),Adreno 840,12,16,256,512,UFS,48.0,3,1.9,Yes,1/1.35,Yes,"Zeiss optics, Zeiss T* lens coating, color spectrum sensor, LED flash, panorama, HDR, eye tracking","4K@24/30/60/120fps HDR, 1080p@30/60/120fps; 5-axis gyro-EIS, OIS",12.0,Yes,HDR,"4K@30/60fps, 1080p@30/60fps, 5-axis gyro-EIS","Wi-Fi 802.11 a/b/g/n/ac/6e/7, tri-band, Wi-Fi Direct, DLNA",Yes,6.0,Type-C,Yes,"GPS, GLONASS, BDS, GALILEO, QZSS","Fingerprint (side-mounted), accelerometer, gyro, proximity, barometer, compass",5000,30,15,Yes,Active use score 17:47h,,1499.0,1399.0,,2312684,9278,6962,1510,-25.5,"Graphite Black, Iolite Silver, Garnet Red, Native Gold","XQ-GE54, XQ-GE74, XQGE54, XQGE74, XQ-GE44, XQGE44, XQ-FS54, XQFS54, SO-51G",,,No
Energizer,Honor 600 Pro,https://www.gsmarena.com/honor_600_pro_5g-14604.php,https://fdn2.gsmarena.com/vv/bigpic/honor-600-pro.jpg,GSM / HSPA / LTE / 5G,Yes,"2026, April 22","Available. Released 2026, April 29",156 x 74.7 x 7.8 mm (6.14 x 2.94 x 0.31 in),195.0,Glass,IP68,· Nano-SIM + eSIM · Nano-SIM + Nano-SIM + eSIM (max 2 at a time),"AMOLED, 1B colors, 120Hz, 3840Hz PWM, HDR Vivid, 8000 nits (peak)",120,6.57,1264x2728,458,91.2,Mohs level 4,"Android 16, up to 6 major Android upgrades, MagicOS 10",Qualcomm SM8750-AB Snapdragon 8 Elite (3 nm),3,Octa-core (2x4.32 GHz Oryon V2 Phoenix L + 6x3.53 GHz Oryon V2 Phoenix M),Adreno 830 (1200 MHz),12,16,256,512,,200.0,3,1.9,Yes,1/1.4,Yes,"Color spectrum sensor, LED flash, HDR, panorama","4K@30/60fps, 1080p@30/60fps, gyro-EIS, OIS",50.0,Yes,HDR,"4K@30fps, 1080p@30/60fps, gyro-EIS","Wi-Fi 802.11 a/b/g/n/ac/6/7, dual-band or tri-band, Wi-Fi Direct",Yes,6.0,Type-C,No,"GPS, GLONASS, GALILEO, BDS, QZSS, NavIC","Fingerprint (under display, optical), accelerometer, gyro, proximity (ultrasound), compass",7000,80,50,No,Active use score 17:55h,797.02,,649.0,,2221352,7970,5309,1766,-24.8,"Golden White, Black, Orange",VKP-NX9,,,No
Energizer,Motorola Moto G87,https://www.gsmarena.com/motorola_moto_g87_5g-14644.php,https://fdn2.gsmarena.com/vv/bigpic/motorola-g87.jpg,GSM / HSPA / LTE / 5G,Yes,"2026, April 29","Available. Released 2026, May 15",164.5 x 77.3 x 7.3 mm (6.48 x 3.04 x 0.29 in),183.0,Glass,IP68,· Nano-SIM + eSIM · Nano-SIM + Nano-SIM,"AMOLED, 1B colors, 120Hz, HDR, 5000 nits (peak)",120,6.78,1272x2772,450,88.4,Gorilla Glass 7i,Android 16,Mediatek Dimensity 6400 (6 nm),6,Octa-core (2x2.5 GHz Cortex-A76 & 6x2.0 GHz Cortex-A55),Mali-G57 MC2,8,12,256,512,UFS 2.2,200.0,2,1.8,Yes,,No,"LED flash, HDR, panorama","1440p@30fps, 1080p@30/60fps",32.0,No,,"1440p@30fps, 1080p@30fps","Wi-Fi 802.11 a/b/g/n/ac, dual-band",Yes,5.4,Type-C,No,"GPS, GLONASS, GALILEO, BDS, QZSS","Fingerprint (under display, optical), accelerometer, gyro, proximity, compass",5200,30,,No,,,399.0,379.98,,,,,,,"Pantone: Overture, Blue Atoll",XT2621-6,,,No
Energizer,Xiaomi 17T Pro,https://www.gsmarena.com/xiaomi_17t_pro-14651.php,https://fdn2.gsmarena.com/vv/bigpic/xiaomi-17t-pro.jpg,GSM / HSPA / LTE / 5G,Yes,"2026, May 28","Available. Released 2026, May 28",162.2 x 77.5 x 8.3 mm (6.39 x 3.05 x 0.33 in),219.0,Glass,IP68,· Nano-SIM + Nano-SIM + eSIM + eSIM (max 2 at a time) · Nano-SIM + Nano-SIM,"AMOLED, 68B colors, 144Hz, 3840Hz PWM, Dolby Vision, HDR10+, 600 nits (typ), 2000 nits (HBM), 3500 nits (peak)",144,6.83,1280x2772,447,91.1,Gorilla Glass 7i,"Android 16, HyperOS 3",Mediatek Dimensity 9500 (3 nm),3,Octa-core (1x4.21 GHz C1-Ultra & 3x3.5 GHz C1-Premium & 4x2.7 GHz C1-Pro),Mali-G1 Ultra MC12,12,12,256,512,UFS 4.1,50.0,3,1.7,Yes,1/1.31,Yes,"Leica lens, Color spectrum sensor, Ultra HDR, LED flash, HDR, panorama","8K@30fps, 4K@30/60/120fps, 1080p@30/60/120/240/960fps, gyro-EIS, 10-bit Rec. 2020, HDR10+, Log",32.0,Yes,HDR,"4K@30fps, 1080p@30/60fps, HDR10+","Wi-Fi 802.11 a/b/g/n/ac/6e/7, dual-band, Wi-Fi Direct",Yes,6.0,Type-C,No,"GPS (L1+L5), BDS (B1I+B1C+B2a+B2b), GALILEO (E1+E5a+E5b), QZSS (L1+L5), NavIC (L5), GLONASS","Fingerprint (under display, optical), accelerometer, gyro, proximity, compass",7000,100,50,No,Active use score 21:41h,,999.9,799.0,,2795030,9766,6939,1069,-25.6,"Deep Blue, Deep Violet, Black",2602EPTC0G,,,No
Energizer,Motorola Edge 70 Pro+,https://www.gsmarena.com/motorola_edge_70_pro+-14702.php,https://fdn2.gsmarena.com/vv/bigpic/motorola-edge-70-pro-plus.jpg,GSM / HSPA / LTE / 5G,Yes,"2026, June 01","Coming soon. Exp. release 2026, June",162.7 x 75.6 x 7.2 mm (6.41 x 2.98 x 0.28 in),190.0,Glass,IP68,Nano-SIM + Nano-SIM,"AMOLED, 1B colors, 144Hz, PWM, HDR10+, 1800 (HBM), 5200 nits (peak)",144,6.78,1272x2772,450,91.4,Gorilla Glass 7i,"Android 16, up to 3 major Android upgrades",Mediatek Dimensity 8500 Extreme (4 nm),4,Octa-core (1x3.4 GHz Cortex-A725 & 3x3.2 GHz Cortex-A725 & 4x2.2 GHz Cortex-A725),Mali-G720 MC8,12,12,256,256,UFS 4.1,50.0,3,1.8,Yes,1/1.56,Yes,"LED flash, HDR, panorama, Pantone Validated Colour and Skin Tones","4K@30/60/120fps, 1080p@30/60/120/240fps, gyro-EIS, HDR10+",50.0,Yes,HDR,"4K@30fps, 1080p@30/120fps","Wi-Fi 802.11 a/b/g/n/ac/6e/7, tri-band, Wi-Fi Direct",Yes,5.4,Type-C,No,"GPS, GLONASS, GALILEO","Fingerprint (under display, optical), accelerometer, gyro, proximity, compass",6500,90,15,Yes,,,440.0,,,,,,,,"Pantone: Stormy Sea (Green), Zinfandel (Red), Chicory Coffee (Wood)",,,,No
Energizer,Xiaomi 17T,https://www.gsmarena.com/xiaomi_17t-14652.php,https://fdn2.gsmarena.com/vv/bigpic/xiaomi-17t.jpg,GSM / HSPA / LTE / 5G,Yes,"2026, May 28","Available. Released 2026, May 28",157.6 x 75.2 x 8.2 mm (6.20 x 2.96 x 0.32 in),200.0,Glass,IP68,· Nano-SIM + Nano-SIM + eSIM + eSIM (max 2 at a time) · Nano-SIM + Nano-SIM,"AMOLED, 68B colors, 120Hz, 3840Hz PWM, Dolby Vision, HDR10+, 3500 nits (peak)",120,6.59,1268x2756,460,89.8,Gorilla Glass 7i,"Android 16, HyperOS 3",Mediatek Dimensity 8500 Ultra (4 nm),4,Octa-core (1x3.4 GHz Cortex-A725 & 3x3.2 GHz Cortex-A725 & 4x2.2 GHz Cortex-A725),Mali-G720 MC8,12,12,256,512,UFS 4.1,50.0,3,1.7,Yes,1/1.55,Yes,"Leica lens, Color spectrum sensor, Ultra HDR, LED flash, HDR, panorama","4K@30/60fps, 1080p@30/60/120/240/960fps, gyro-EIS, 10-bit Rec. 2020, HDR10+, Log",32.0,Yes,HDR,"4K@30fps, 1080p@30/60fps, HDR10+","Wi-Fi 802.11 a/b/g/n/ac/6e, dual-band or tri-band, Wi-Fi Direct",Yes,6.0,Type-C,No,"GPS (L1+L5), BDS (B1I+B1c+B2a), GALILEO (E1+E5a), QZSS (L1+L5), NavIC (L5), GLONASS","Fingerprint (under display, optical), accelerometer, gyro, proximity, compass",6500,67,,No,Active use score 17:16h,,749.9,649.0,,1640834,6607,3563,1035,-24.6,"Violet, Blue, Opal White, Black","2602DPT53G, 2602DPT53I",,,No
Energizer,Samsung Galaxy A57,https://www.gsmarena.com/samsung_galaxy_a57-14379.php,https://fdn2.gsmarena.com/vv/bigpic/samsung-galaxy-a57.jpg,GSM / HSPA / LTE / 5G,Yes,"2026, March 25","Available. Released 2026, April 9",161.5 x 76.8 x 6.9 mm (6.36 x 3.02 x 0.27 in),179.0,Glass,IP68,· Nano-SIM + eSIM · Nano-SIM + Nano-SIM + eSIM + eSIM (max 2 at a time),"Super AMOLED+, 120Hz, HDR10+, 1200 nits (HBM), 1900 nits (peak)",120,6.7,1080x2340,385,88.8,Gorilla Glass Victus+,"Android 16, up to 6 major Android upgrades, One UI 8.5",Exynos 1680 (4 nm),4,Octa-core (1x2.9 GHz Cortex-720 & 4x2.6 GHz Cortex-720 & 3x1.95 GHz Cortex-520),Xclipse 550,8,12,128,512,UFS 3.1,50.0,3,1.8,Yes,1/1.56,Yes,"Best Face, LED flash, panorama, HDR","4K@30fps, 1080p@30/60fps, gyro-EIS",12.0,Yes,,"4K@30fps, 1080p@30/60fps, 10-bit HDR","Wi-Fi 802.11 a/b/g/n/ac/6e, dual-band or tri-band, Wi-Fi Direct",Yes,6.0,Type-C,No,"GPS, GALILEO, GLONASS, BDS, QZSS","Fingerprint (under display, optical), accelerometer, gyro, proximity, compass",5000,45,,No,Active use score 13:59h,489.99,339.0,385.05,54999,1001995,4411,1742,1309,-26.3,"Navy, Gray, Icyblue, Lilac","SM-A576B, SM-A576B/DS, SM-A576Q, SM-A576U1, SM-A576W, SM-A576Z, SM-A5760",0.85 W/kg (head) 1.20 W/kg (body),0.70 W/kg (head) 1.07 W/kg (body),No
Energizer,Huawei nova 16 Ultra,https://www.gsmarena.com/huawei_nova_16_ultra-14698.php,https://fdn2.gsmarena.com/vv/bigpic/huawei-nova16-ultra.jpg,GSM / HSPA / LTE / 5G,Yes,"2026, June 01","Coming soon. Exp. release 2026, June 06",163 x 78 x 7.1 mm (6.42 x 3.07 x 0.28 in),220.0,Glass,IP68,Nano-SIM + Nano-SIM,"LTPO OLED, 1B colors, HDR Vivid, 120Hz, 2160Hz PWM, 6000 nits (peak)",120,6.84,1320x2856,460,90.4,Kunlun Glass,HarmonyOS 6.1,Kirin 9010S,,,,12,12,256,512,,200.0,3,1.8,Yes,1/1.28,Yes,"Laser AF, color spectrum sensor, LED flash, panorama, HDR","4K, 1080p, gyro-EIS, HDR Vivid",50.0,Yes,"HDR, panorama","4K, 1080p, gyro-EIS, HDR Vivid","Wi-Fi 802.11 a/b/g/n/ac/6/7, dual-band, Wi-Fi Direct",Yes,6.0,Type-C,No,"GPS (L1+L5), BDS (B1I+B1c+B2a), GALILEO (E1+E5a), QZSS (L1+L5), NavIC, GLONASS","Fingerprint (under display, optical), accelerometer, gyro, compass",7000,100,50,Yes,,,600.0,,,,,,,,"Black, White, Blue",HIP-AL00,,,No
Energizer,Samsung Galaxy S26 Ultra,https://www.gsmarena.com/samsung_galaxy_s26_ultra-14320.php,https://fdn2.gsmarena.com/vv/bigpic/samsung-galaxy-s26-ultra-new.jpg,GSM / CDMA / HSPA / EVDO / LTE / 5G,Yes,"2026, February 25","Available. Released 2026, March 06",163.6 x 78.1 x 7.9 mm (6.44 x 3.07 x 0.31 in),214.0,Glass,IP68,· Nano-SIM + Nano-SIM + eSIM + eSIM (max 2 at a time) - INT · Nano-SIM + eSIM + eSIM (max 2 at a time) - USA · Nano-SIM + Nano-SIM - CN,"Dynamic LTPO AMOLED 2X, 120Hz, HDR10+, 2600 nits (peak)",120,6.9,1440x3120,500,90.7,"Corning Gorilla Armor 2, Mohs level 6","Android 16, up to 7 major Android upgrades, One UI 8.5",Qualcomm SM8850-1-AD Snapdragon 8 Elite Gen 5 (3 nm),3,Octa-core (2x4.74 GHz Oryon V3 Phoenix L + 6x3.62 GHz Oryon V3 Phoenix M),Adreno 840 (1.3GHz),12,16,256,512,UFS 4.X,200.0,4,1.4,Yes,1/1.3,Yes,"Laser AF, Best Face, Horizon Lock, LED flash, auto-HDR, panorama","8K@24/30fps, 4K@30/60/120fps, 1080p@30/60/120/240fps, 10-bit HDR, HDR10+, stereo sound rec., gyro-EIS",12.0,Yes,"HDR, HDR10+","4K@30/60fps, 1080p@30fps","Wi-Fi 802.11 a/b/g/n/ac/6e/7, tri-band, Wi-Fi Direct",Yes,6.0,Type-C,No,"GPS, GLONASS, BDS, GALILEO, QZSS","Fingerprint (under display, ultrasonic), accelerometer, gyro, proximity, compass, barometer",5000,60,25,Yes,Active use score 16:23h,1019.99,957.0,889.0,119760,2627986,11566,7744,1480,-25.9,"Cobalt Violet, Sky Blue, Black, White, Silver Shadow, Pink Gold","SM-S948B, SM-S948B/DS, SM-S948U, SM-S948U1, SM-S948W, SM-S948N, SM-S9480, SM-S948E, SM-S948E/DS",1.09 W/kg (head) 1.19 W/kg (body),1.28 W/kg (head) 1.35 W/kg (body),No
Energizer,Samsung Galaxy A17,https://www.gsmarena.com/samsung_galaxy_a17-14041.php,https://fdn2.gsmarena.com/vv/bigpic/samsung-galaxy-a17-5g.jpg,GSM / HSPA / LTE / 5G,Yes,"2025, August 06","Available. Released 2025, August 14",164.4 x 77.9 x 7.5 mm (6.47 x 3.07 x 0.30 in),192.0,Glass,IP54,· Nano-SIM · Nano-SIM + eSIM · Nano-SIM + Nano-SIM,"Super AMOLED, 90Hz, 800 nits (HBM)",90,6.7,1080x2340,385,86.0,Gorilla Glass Victus,"Android 15, up to 6 major Android upgrades, One UI 8.5",Exynos 1330 (5 nm),5,Octa-core (2x2.4 GHz Cortex-A78 & 6x2.0 GHz Cortex-A55),Mali-G68 MP2,4,8,128,256,,50.0,3,1.8,Yes,1/2.76,No,"LED flash, panorama, HDR","1080p@30fps, gyro-EIS",13.0,No,,1080p@30fps,"Wi-Fi 802.11 a/b/g/n/ac, dual-band, Wi-Fi Direct",Yes,5.3,Type-C,No,"GPS, GALILEO, GLONASS, BDS, QZSS","Fingerprint (side-mounted), accelerometer, gyro, compass",5000,25,,No,Active use score 11:48h,99.88,134.95,114.99,18780,435787,2048,365,738,-26.4,"Black, Gray, Blue","SM-A176B, SM-A176B/DS",,0.67 W/kg (head) 0.97 W/kg (body),No
Energizer,Apple iPhone 17 Pro Max,https://www.gsmarena.com/apple_iphone_17_pro_max-13964.php,https://fdn2.gsmarena.com/vv/bigpic/apple-iphone-17-pro-max.jpg,GSM / CDMA / HSPA / EVDO / LTE / 5G,Yes,"2025, September 09","Available. Released 2025, September 19",163.4 x 78 x 8.8 mm (6.43 x 3.07 x 0.35 in),233.0,Ceramic,IP68,"· Nano-SIM + eSIM + eSIM (max 2 at a time; International) · eSIM + eSIM (8 or more, max 2 at a time; USA) · Nano-SIM + Nano-SIM (China)","LTPO Super Retina XDR OLED, 120Hz, HDR10, Dolby Vision, 1000 nits (typ), 1600 nits (HBM), 3000 nits (peak)",120,6.9,1320x2868,460,90.7,Ceramic Shield 2,"iOS 26, upgradable to iOS 26.5",Apple A19 Pro (3 nm),3,Hexa-core (2x4.26 GHz + 4x2.60 GHz),Apple GPU (6-core graphics),12,12,256,512,NVMe,48.0,3,1.8,Yes,1/1.28,Yes,"Dual-LED dual-tone flash, HDR (photo/panorama)","4K@24/25/30/60/100/120fps, 1080p@25/30/60/120/240fps, 10-bit HDR, Dolby Vision HDR (up to 120fps), ProRes, ProRes RAW (up to 120fps), Apple Log 2, 3D (spatial) video/audio, stereo sound rec.",18.0,Yes,"HDR, Dolby Vision HDR, 3D (spatial) audio, stereo sound rec., ProRes RAW, Apple Log 2","4K@24/25/30/60fps, 1080p@25/30/60/120fps, gyro-EIS","Wi-Fi 802.11 a/b/g/n/ac/6e/7, tri-band, hotspot",Yes,6.0,Type-C,No,"GPS (L1+L5), GLONASS, GALILEO, BDS, QZSS, NavIC","Face ID, accelerometer, gyro, proximity, compass, barometer",4823,25,25,No,Active use score 17:58h,965.76,1194.0,1038.99,149900,2600583,10118,6010,1000,-26.2,"Silver, Cosmic Orange, Deep Blue","iPhone18,2, A3526, A3257, A3527, A3525",1.19 W/kg (head) 1.19 W/kg (body),1.49 W/kg (head) 1.49 W/kg (body),No
Energizer,Xiaomi Redmi Note 15,https://www.gsmarena.com/xiaomi_redmi_note_15-14328.php,https://fdn2.gsmarena.com/vv/bigpic/xiaomi-redmi-note-15-global.jpg,GSM / HSPA / LTE / 5G,Yes,"2025, December 18","Available. Released 2026, January 06",164 x 75.4 x 7.4 mm (6.46 x 2.97 x 0.29 in),178.0,Glass,IP66,Nano-SIM + Nano-SIM,"AMOLED, 68B colors, 120Hz, 3840Hz PWM, HDR10+, 800 nits (typ), 3200 nits (peak)",120,6.77,1080x2392,388,89.7,"Scratch/drop-resistant glass, Mohs level","Android 15, up to 4 major Android upgrades, HyperOS 2",Qualcomm SM6475-AB Snapdragon 6 Gen 3 (4 nm),4,Octa-core (4x2.4 GHz Cortex-A78 & 4x1.8 GHz Cortex-A55),Adreno 710,6,12,128,512,UFS 2.2,108.0,2,1.7,Yes,1/1.67,Yes,"LED flash, HDR, panorama","4K@30fps, 1080p@30fps, gyro-EIS, OIS",20.0,No,,1080p@30fps,"Wi-Fi 802.11 a/b/g/n/ac, dual-band, Wi-Fi Direct",Yes,5.1,Type-C,No,"GPS, GLONASS, BDS, GALILEO","Fingerprint (under display, optical), accelerometer, gyro, compass",5520,45,,No,Active use score 14:12h,252.0,199.0,189.0,21189,637266,2958,861,1524,-23.4,"Black, Glacier Blue, Mist Purple","25096RA9BG, 25098RA98G",,1.00 W/kg (head) 0.99 W/kg (body),No
Energizer,Xiaomi Poco X8 Pro,https://www.gsmarena.com/xiaomi_poco_x8_pro-14506.php,https://fdn2.gsmarena.com/vv/bigpic/xiaomi-poco-x8-pro.jpg,GSM / HSPA / LTE / 5G,Yes,"2026, March 17","Available. Released 2026, March 17",157.5 x 75.2 x 8.4 mm (6.20 x 2.96 x 0.33 in),201.5,Glass,IP68,Nano-SIM + Nano-SIM,"AMOLED, 68B colors, 120Hz, 3840Hz PWM, Dolby Vision, HDR10+, 2000 nits (HBM), 3500 nits (peak)",120,6.59,1268x2756,460,89.8,Gorilla Glass 7i,"Android 16, HyperOS 3",Mediatek Dimensity 8500 Ultra (4 nm),4,Octa-core (1x3.4 GHz Cortex-A725 & 3x3.2 GHz Cortex-A725 & 4x2.2 GHz Cortex-A725),Mali-G720 MC8,8,12,256,512,UFS 4.1,50.0,2,1.5,Yes,1/1.95,Yes,"LED flash, HDR, panorama","4K@30/60fps, 1080p@30/60/120/240/960fps, gyro-EIS, HDR10+",20.0,No,,1080p@30/60fps,"Wi-Fi 802.11 a/b/g/n/ac/6, dual-band, Wi-Fi Direct",Yes,6.0,Type-C,No,"GPS (L1+L5), BDS (B1I+B1c+B2a), GALILEO (E1+E5a), QZSS (L1+L5), NavIC (L5), GLONASS","Fingerprint (under display, optical), accelerometer, gyro, compass, proximity",6500,100,,No,Active use score 16:52h,367.0,289.25,279.0,,1663640,6298,4103,1090,-24.8,"Black, White, Mint Green, Yellow",2511FPC34G,,,No
Energizer,Samsung Galaxy A56,https://www.gsmarena.com/samsung_galaxy_a56-13603.php,https://fdn2.gsmarena.com/vv/bigpic/samsung-galaxy-a56-.jpg,GSM / HSPA / LTE / 5G,Yes,"2025, March 02","Available. Released 2025, March 10",162.2 x 77.5 x 7.4 mm (6.39 x 3.05 x 0.29 in),198.0,Glass,IP67,· Nano-SIM + eSIM · Nano-SIM + Nano-SIM + eSIM + eSIM (max 2 at a time),"Super AMOLED, 120Hz, HDR10+, 1200 nits (HBM), 1900 nits (peak)",120,6.7,1080x2340,385,87.7,Gorilla Glass Victus+,"Android 15, up to 6 major Android upgrades, One UI 8.5",Exynos 1580 (4 nm),4,Octa-core (1x2.9 GHz Cortex-A720 & 3x2.6 GHz Cortex-A720 & 4x1.9 GHz Cortex-A520),Xclipse 540,6,12,128,256,UFS 3.1,50.0,3,1.8,Yes,1/1.56,Yes,"Best Face, LED flash, panorama, HDR","4K@30fps, 1080p@30/60fps, gyro-EIS",12.0,Yes,,"4K@30fps, 1080p@30fps, 1080p@60fps (regional availability), 10-bit HDR","Wi-Fi 802.11 a/b/g/n/ac/6, dual-band, Wi-Fi Direct",Yes,5.3,Type-C,No,"GPS, GALILEO, GLONASS, BDS, QZSS","Fingerprint (under display, optical), accelerometer, gyro, compass",5000,45,,No,Active use score 12:08h,359.5,275.68,267.98,38999,908689,3899,1332,1213,-26.2,"Pink, Olive, Graphite, Lightgray","SM-A566V, SM-A566B, SM-A566B/DS, SM-A566E, SM-A566E/DS, SM-A5660, SM-A566U, SM-A566U1, SM-A566W, SM-A566S",1.32 W/kg (head),0.61 W/kg (head) 1.05 W/kg (body),No
Energizer,Xiaomi 15 Ultra,https://www.gsmarena.com/xiaomi_15_ultra-13657.php,https://fdn2.gsmarena.com/vv/bigpic/xiaomi-15-ultra-.jpg,GSM / HSPA / LTE / 5G,Yes,"2025, February 27","Available. Released 2025, February 27",161.3 x 75.3 x 9.4 mm (6.35 x 2.96 x 0.37 in),226.0,Glass,IP68,· Nano-SIM + Nano-SIM · Nano-SIM + Nano-SIM + eSIM + eSIM (max 2 at a time),"LTPO AMOLED, 68B colors, 120Hz, 1920Hz PWM, Dolby Vision, HDR10+, HDR Vivid, 3200 nits (peak)",120,6.73,1440x3200,522,89.7,"Xiaomi Shield Glass 2.0, Mohs level 6","Android 15, up to 4 major Android upgrades, HyperOS 3",Qualcomm SM8750-AB Snapdragon 8 Elite (3 nm),3,Octa-core (2x4.32 GHz Oryon V2 Phoenix L + 6x3.53 GHz Oryon V2 Phoenix M),Adreno 830,12,16,256,512,UFS 4.1,50.0,4,1.6,Yes,1/2.51,Yes,"Laser AF, color spectrum sensor, Leica lenses, Dual-LED flash, HDR, panorama, 67mm filter ring holder (optional)","8K@30fps, 4K@30/60/120fps, 1080p@30/60/120/240/480/960/1920fps, gyro-EIS, Dolby Vision HDR 10-bit rec. (4K@60fps, 1080p)",32.0,Yes,"HDR, panorama","4K@30/60fps, 1080p@30/60fps, gyro-EIS","Wi-Fi 802.11 a/b/g/n/ac/6e/7, dual-band or tri-band, Wi-Fi Direct",Yes,6.0,Type-C,No,"GPS (L1+L5), BDS (B1I+B1c+B2a), GALILEO (E1+E5a), QZSS (L1+L5), NavIC (L5), GLONASS","Fingerprint (under display, ultrasonic), accelerometer, proximity, gyro, compass, barometer",5410,90,80,Yes,Active use score 16:13h,,776.09,1053.1,,,,,,-24.1,"Black, White, Silver Chrome, Green",25010PN30G,,1.00 W/kg (head) 1.00 W/kg (body),No
Energizer,Xiaomi Poco X7 Pro,https://www.gsmarena.com/xiaomi_poco_x7_pro-13582.php,https://fdn2.gsmarena.com/vv/bigpic/xiaomi-poco-x7-pro.jpg,GSM / HSPA / LTE / 5G,Yes,"2025, January 09","Available. Released 2025, January 09",160.8 x 75.2 x 8.3 mm (6.33 x 2.96 x 0.33 in),195.0,Glass,IP68,Nano-SIM + Nano-SIM,"AMOLED, 68B colors, 120Hz, 1920Hz PWM, Dolby Vision, HDR10+, 1400 nits (HBM), 3200 nits (peak)",120,6.67,1220x2712,446,88.8,Gorilla Glass 7i,"Android 15, HyperOS 2",Mediatek Dimensity 8400 Ultra (4 nm),4,Octa-core (1x3.25 GHz Cortex-A725 & 3x3.0 GHz Cortex-A725 & 4x2.1 GHz Cortex-A725),Mali-G720 MC7,8,12,256,512,UFS 4.0,50.0,2,1.5,Yes,1/1.95,Yes,"LED flash, HDR, panorama","4K@24/30/60fps, 1080p@30/60/120/240/960fps, HDR10+, gyro-EIS, OIS",20.0,No,,1080p@30fps,"Wi-Fi 802.11 a/b/g/n/ac/6, dual-band, Wi-Fi Direct",Yes,5.4,Type-C,No,"GPS (L1+L5), GLONASS (G1), BDS (B1I+B1c+B2a), GALILEO (E1+E5a), NavIC (L5)","Fingerprint (under display, optical), accelerometer, gyro, proximity, compass",6000,90,,No,Active use score 12:43h,374.0,319.0,259.0,30999,1568331,6311,3880,1265,-24.7,"Black/Yellow, White, Green, Red (Iron Man Edition)","2412DPC0AG, 2412DPC0AI",1.09 W/kg (head) 1.08 W/kg (body),0.99 W/kg (head) 0.99 W/kg (body),No
Energizer,Xiaomi 17 Pro Max,https://www.gsmarena.com/xiaomi_17_pro_max-14181.php,https://fdn2.gsmarena.com/vv/bigpic/xiaomi-17-pro-max.jpg,GSM / HSPA / LTE / 5G,Yes,"2025, September 25","Available. Released 2025, September 25",162.9 x 77.6 x 8 mm (6.41 x 3.06 x 0.31 in),219.0,Glass,IP68,Nano-SIM + Nano-SIM,"LTPO AMOLED, 68B colors, 2160Hz PWM, 120Hz, Dolby Vision, HDR Vivid, HDR10+, 3500 nits (peak)",160,6.9,1200x2608,416,92.3,Xiaomi Dragon Crystal Glass 3,"Android 16, HyperOS 3",Qualcomm SM8850-AC Snapdragon 8 Elite Gen 5 (3 nm),3,Octa-core (2x4.6 GHz Oryon V3 Phoenix L + 6x3.62 GHz Oryon V3 Phoenix M),Adreno 840,12,16,512,512,UFS 4.1,50.0,3,1.7,Yes,1/1.28,Yes,"Laser AF, color spectrum sensor, Leica lens, Dual-LED dual-tone flash, HDR, panorama","8K@30fps (HDR), 4K@30/60/120fps (HDR10+, 10-bit Dolby Vision HDR, 10-bit LOG), 1080p@30/60/120/240/960fps, 720p@1920fps, gyro-EIS",50.0,Yes,"HDR, panorama","4K@30/60fps, 1080p@30/60fps, HDR10+, gyro-EIS","Wi-Fi 802.11 a/b/g/n/ac/6e/7, dual-band, Wi-Fi Direct",Yes,5.4,Type-C,No,"GPS (L1+L5), BDS (B1I+B1c+B2a), GALILEO (E1+E5a), QZSS (L1+L5), NavIC (L5), GLONASS","Fingerprint (under display, ultrasonic), accelerometer, proximity, gyro, compass, barometer",7500,100,50,Yes,Active use score 20:50h,,720.0,,,2456317,10600,6761,1026,-26.1,"Black, White, Purple, Green",2509FPN0BC,,,No
Energizer,OnePlus 15,https://www.gsmarena.com/oneplus_15-14206.php,https://fdn2.gsmarena.com/vv/bigpic/oneplus-15.jpg,GSM / HSPA / LTE / 5G,Yes,"2025, October 27","Available. Released 2025, October 28",161.4 x 76.7 x 8.1 mm (6.35 x 3.02 x 0.32 in),211.0,Glass,IP68,· Nano-SIM + Nano-SIM + eSIM (max 2 at a time) · Nano-SIM + Nano-SIM,"LTPO AMOLED, 1B colors, 165Hz, PWM, Dolby Vision, HDR10+, HDR Vivid, 800 nits (typ), 1800 nits (HBM)",165,6.78,1272x2772,450,90.8,Gorilla Glass Victus,"Android 16, OxygenOS 16 (Global), ColorOS 16 (China)",Qualcomm SM8850-AC Snapdragon 8 Elite Gen 5 (3 nm),3,Octa-core (2x4.6 GHz Oryon V3 Phoenix L + 6x3.62 GHz Oryon V3 Phoenix M),Adreno 840,12,16,256,512,UFS 4.1,50.0,3,1.8,Yes,1/1.56,Yes,"Laser focus, color spectrum sensor, LED flash, HDR, panorama, LUT preview","8K@30fps, 4K@30/60/120fps, 1080p@30/60/240fps, Auto HDR, gyro-EIS, Dolby Vision, LUT",32.0,Yes,"HDR, panorama","4K@30/60fps, 1080p@30/60fps, gyro-EIS, HDR","Wi-Fi 802.11 a/b/g/n/ac/6/7, dual or tri-band, Wi-Fi Direct",Yes,6.0,Type-C,No,"GPS (L1+L5), GLONASS (G1), BDS (B1I+B1c+B2a), GALILEO (E1+E5a), QZSS (L1+L5), NavIC (L5)","Fingerprint (under display, ultrasonic), accelerometer, proximity, gyro (UAV-grade), compass, barometer (exc. China)",7300,120,50,Yes,Active use score 23:07h,729.95,780.9,819.0,77999,2790237,11062,7370,1364,-24.8,"Infinite Black, Ultra Violet, Sand Storm","CPH2747, CPH2745, PLK110, CPH2749",1.17 W/kg (head) 1.00 W/kg (body),,No
Energizer,Samsung Galaxy S25,https://www.gsmarena.com/samsung_galaxy_s25-13610.php,https://fdn2.gsmarena.com/vv/bigpic/samsung-galaxy-s25-sm-s931.jpg,GSM / CDMA / HSPA / EVDO / LTE / 5G,Yes,"2025, January 22","Available. Released 2025, February 03",146.9 x 70.5 x 7.2 mm (5.78 x 2.78 x 0.28 in),162.0,Glass,IP68,· Nano-SIM + Nano-SIM + eSIM + eSIM (max 2 at a time) - INT · Nano-SIM + eSIM + eSIM (max 2 at a time) - USA · Nano-SIM + Nano-SIM - CN,"Dynamic LTPO AMOLED 2X, 120Hz, HDR10+, 2600 nits (peak)",120,6.2,1080x2340,416,91.1,Gorilla Glass Victus,"Android 15, up to 7 major Android upgrades, One UI 8",Qualcomm SM8750-AC Snapdragon 8 Elite (3 nm),3,Octa-core (2x4.47 GHz Oryon V2 Phoenix L + 6x3.53 GHz Oryon V2 Phoenix M),Adreno 830 (1200 MHz),12,12,128,512,UFS 4.0,50.0,3,1.8,Yes,1/1.56,Yes,"Best Face, LED flash, auto-HDR, panorama","8K@24/30fps, 4K@30/60fps, 1080p@30/60/120/240fps, 10-bit HDR, HDR10+, stereo sound rec., gyro-EIS",12.0,Yes,"HDR, HDR10+","4K@30/60fps, 1080p@30fps","Wi-Fi 802.11 a/b/g/n/ac/6e/7, tri-band, Wi-Fi Direct",Yes,5.4,Type-C,No,"GPS, GLONASS, BDS, GALILEO, QZSS","Fingerprint (under display, ultrasonic), accelerometer, gyro, proximity, compass, barometer",4000,25,15,Yes,Active use score 13:09h,419.95,449.99,421.96,74999,2193701,10050,6755,1395,-26.1,"Icy Blue, Mint, Navy, Silver Shadow, Pink Gold, Coral Red, Blue Black","SM-S931B, SM-S931B/DS, SM-S931U, SM-S931U1, SM-S931W, SM-S931N, SM-S9310, SM-S931E, SM-S931E/DS",1.13 W/kg (head) 0.92 W/kg (body),1.29 W/kg (head) 1.36 W/kg (body),No
Energizer,Xiaomi 17 Ultra,https://www.gsmarena.com/xiaomi_17_ultra-14380.php,https://fdn2.gsmarena.com/vv/bigpic/xiaomi-17-ultra-global.jpg,GSM / HSPA / LTE / 5G,Yes,"2026, February 28","Available. Released 2026, March 10",162.9 x 77.6 x 8.3 mm (6.41 x 3.06 x 0.33 in),218.4,Glass,IP68,Nano-SIM + Nano-SIM + eSIM + eSIM + eSIM (max 2 at a time),"LTPO AMOLED, 68B colors, 120Hz, 2160Hz PWM, Dolby Vision, HDR10+, 3500 nits (peak)",120,6.9,1200x2608,416,92.3,Xiaomi Shield Glass 3.0,"Android 16, HyperOS 3",Qualcomm SM8850-AC Snapdragon 8 Elite Gen 5 (3 nm),3,Octa-core (2x4.6 GHz Oryon V3 Phoenix L + 6x3.62 GHz Oryon V3 Phoenix M),Adreno 840,16,16,512,512,UFS 4.1,50.0,3,1.7,Yes,1/1.4,Yes,"Laser AF, color spectrum sensor, Leica lenses, Dual-LED flash, HDR, panorama","8K@30fps, 4K@30/60/120fps, 1080p@30/60/120/240/480/960/1920fps, gyro-EIS, Dolby Vision HDR 10-bit rec. (4K@60fps, 1080p)",50.0,Yes,"HDR, panorama","4K@30/60fps, 1080p@30/60/120fps, gyro-EIS","Wi-Fi 802.11 a/b/g/n/ac/6e/7, dual-band or tri-band, Wi-Fi Direct",Yes,6.0,Type-C,No,"GPS (L1+L5), BDS (B1I+B1c+B2a), GALILEO (E1+E5a), QZSS (L1+L5), NavIC (L5), GLONASS","Fingerprint (under display, ultrasonic), accelerometer, proximity, gyro, compass, barometer",6000,90,50,Yes,Active use score 19:09h,,1249.0,1199.0,139997,2777490,10896,6948,1132,-24.1,"Black, White, Starlit Green","25128PNA1G, 2512BPNDAG",,,No
Energizer,Oppo Find X9 Pro,https://www.gsmarena.com/oppo_find_x9_pro-14094.php,https://fdn2.gsmarena.com/vv/bigpic/oppo-find-x9-pro.jpg,GSM / HSPA / LTE / 5G,Yes,"2025, October 16","Available. Released 2025, October 22",161.3 x 76.5 x 8.3 mm (6.35 x 3.01 x 0.33 in),224.0,Glass,IP68,· Nano-SIM + eSIM · Nano-SIM + Nano-SIM,"LTPO AMOLED, 1B colors, 120Hz, 2160Hz PWM, Dolby Vision, HDR10+, HDR Vivid, 800 nits (typ), 1800 nits (HBM), 3600 nits (peak)",120,6.78,1272x2772,450,91.1,Gorilla Glass Victus,"Android 16, up to 5 major Android upgrades, ColorOS 16",Mediatek Dimensity 9500 (3 nm),3,Octa-core (1x4.21 GHz C1-Ultra & 3x3.5 GHz C1-Premium & 4x2.7 GHz C1-Pro),Arm G1-Ultra,12,16,256,512,UFS 4.1,50.0,3,1.5,Yes,1/1.28,Yes,"Laser AF, color spectrum sensor, Hasselblad Color Calibration, LED flash, HDR, panorama, LUT preview","4K@30/60/120fps, 1080p@30/60/240fps; gyro-EIS; HDR, 10‑bit video, Dolby Vision, LOG",50.0,Yes,Panorama,"4K@30/60fps, 1080p@30/60fps, gyro-EIS","Wi-Fi 802.11 a/b/g/n/ac/6/7, dual-band or tri-band, Wi-Fi Direct",Yes,6.0,Type-C,No,"GPS (L1+L5), BDS (B1I+B1c+B2a+B2b), GALILEO (E1+E5a+E5b), QZSS (L1+L5), GLONASS, NavIC (L5)","Fingerprint (under display, ultrasonic), accelerometer, gyro, proximity, compass, barometer",7500,80,50,Yes,Active use score 21:57h,,1169.0,849.97,,2719560,9697,6808,1175,-26.6,"Silk White, Titanium Charcoal, Velvet Red","CPH2791, PLG110",,,No
Energizer,Energizer Energy E11,https://www.gsmarena.com/energizer_energy_e11-9239.php,https://fdn2.gsmarena.com/vv/bigpic/energizer-energy-e10-.jpg,GSM,No,"2018, July. Released 2018, July",Discontinued,114 x 48 x 25.9 mm (4.49 x 1.89 x 1.02 in),90.0,,,"Hybrid Dual SIM (Mini-SIM, dual stand-by)","TFT, 256K colors",,1.8,128x160,114,18.6,,,Mediatek MT6261D,,,,,,,,,,1,,No,,No,,No,,No,,,No,No,2.0,Micro-USB,Yes,No,,1800,,,No,,,20.0,,,,,,,,Black,,1.03 W/kg (head) 1.26 W/kg (body),,FM radio
Energizer,Energizer Energy E10+,https://www.gsmarena.com/energizer_energy_e10+-9238.php,https://fdn2.gsmarena.com/vv/bigpic/energizer-energy-e10-.jpg,GSM,No,"2018, July. Released 2018, July",Discontinued,110 x 47 x 14.3 mm (4.33 x 1.85 x 0.56 in),69.0,,,"Dual SIM (Mini-SIM, dual stand-by)","TFT, 256K colors",,1.8,128x160,114,19.7,,,Mediatek MT6261D,,,,,,,,,,1,,No,,No,,No,,No,,,No,No,3.0,Micro-USB,Yes,No,,1000,,,No,,,10.0,,,,,,,,Black,,0.60 W/kg (head) 0.95 W/kg (body),,FM radio
Energizer,Energizer Power Max P20,https://www.gsmarena.com/energizer_power_max_p20-9195.php,https://fdn2.gsmarena.com/vv/bigpic/energizer-power-max-p20.jpg,GSM,No,"2018, May. Released 2018, August",Discontinued,136.5 x 55 x 17.5 mm (5.37 x 2.17 x 0.69 in),130.0,,,Nano-SIM + Nano-SIM,"TFT, 256K colors",,2.8,240x320,143,32.3,,,Spreadtrum SC6531E,,,,,,,,,,1,,No,,No,,480p,,No,,,No,No,4.0,Micro-USB,Yes,No,,4000,10,,No,,,40.0,,,,,,,,Black,,0.61 W/kg (head) 0.89 W/kg (body),,FM radio
Energizer,Energizer Power Max P16K Pro,https://www.gsmarena.com/energizer_power_max_p16k_pro-9079.php,https://fdn2.gsmarena.com/vv/bigpic/energizer-p600s.jpg,GSM / HSPA / LTE,No,"2018, February",Cancelled,-,350.0,,,Nano-SIM,IPS LCD,,5.99,1080x2160,403,,,Android 8.0 (Oreo),Mediatek MT6763T Helio P23 (16 nm),16,Octa-core 2.5 GHz Cortex-A53,Mali-G71 MP2,6,6,128,128,eMMC 5.1,16.0,2,,No,,Yes,"Dual-LED dual-tone flash, panorama, HDR",4K@30fps,13.0,No,,1080p@30fps,"Wi-Fi 802.11 a/b/g/n, Wi-Fi Direct",No,4.2,Type-C,No,GPS,"Fingerprint (rear-mounted), accelerometer, gyro, proximity, compass",0,18,,No,,,,,,,,,,,Black,,,,FM radio
Energizer,Energizer Hardcase H240S,https://www.gsmarena.com/energizer_hardcase_h240s-8981.php,https://fdn2.gsmarena.com/vv/bigpic/energizer-h240s.jpg,GSM / HSPA / LTE,No,"2018, January. Released 2018, January",Discontinued,132 x 56 x 18.5 mm (5.20 x 2.20 x 0.73 in),256.0,,IP68,"Hybrid Dual SIM (Mini-SIM, dual stand-by)","TFT, 256K colors",,2.4,240x320,167,24.1,,Android 6.0 (Marshmallow),Mediatek MT6737M (28 nm),28,Quad-core 1.1 GHz Cortex-A53,Mali-T720MP2,1,1,8,8,eMMC 5.0,5.0,1,,No,,No,LED flash,Yes,,No,,,Wi-Fi 802.11 b/g/n,No,4.0,Micro-USB,Yes,"GPS, GLONASS",Accelerometer,2000,,,No,,,120.0,,,,,,,,Black,,0.61 W/kg (head) 1.08 W/kg (body),,FM radio
Energizer,Energizer Hardcase H550S,https://www.gsmarena.com/energizer_hardcase_h550s-8979.php,https://fdn2.gsmarena.com/vv/bigpic/energizer-h550s.jpg,GSM / HSPA / LTE,No,"2018, January. Released 2018, January",Discontinued,158.8 x 80.7 x 11.1 mm (6.25 x 3.18 x 0.44 in),203.0,,IP68,Nano-SIM + Nano-SIM,IPS LCD,,5.5,1080x1920,401,65.1,Gorilla Glass 3,Android 7.0 (Nougat),Mediatek MT6750 (28 nm),28,Octa-core (4x1.5 GHz Cortex-A53 & 4x1.0 GHz Cortex-A53),Mali-T860MP2,3,3,32,32,eMMC 5.1,16.0,1,,No,,No,"LED flash, HDR, panorama",1080p@30fps,8.0,No,,,Wi-Fi 802.11 b/g/n,Yes,4.0,Type-C,Yes,"GPS, GLONASS","Fingerprint (rear-mounted), accelerometer, gyro, proximity, compass",4000,,,No,,,450.0,,,,,,,,Black,,0.24 W/kg (head) 1.79 W/kg (body),,FM radio
Energizer,Energizer Power Max P600S,https://www.gsmarena.com/energizer_power_max_p600s-8974.php,https://fdn2.gsmarena.com/vv/bigpic/energizer-p600s.jpg,GSM / HSPA / LTE,No,"2018, January. Released 2018, January",Discontinued,152.5 x 82 x 9.8 mm (6.00 x 3.23 x 0.39 in),190.0,Glass,,Nano-SIM + Nano-SIM,IPS LCD,,5.9,1080x2160,409,71.8,,Android 7.0 (Nougat),Mediatek MT6757CD Helio P25 (16 nm),16,Octa-core (4x2.5 GHz Cortex-A53 & 4x1.4 GHz Cortex-A53),Mali-T880MP2,3,6,32,64,,13.0,2,,No,,Yes,"Dual-LED dual-tone flash, panorama, HDR",4K@30fps,8.0,No,,1080p@30fps,"Wi-Fi 802.11 a/b/g/n, Wi-Fi Direct",No,4.1,Type-C,Yes,GPS,"Fingerprint (rear-mounted), accelerometer, gyro, proximity, compass",4500,10,,No,,,360.0,,,,,,,,"Black (32/3GB), Blue (64/6GB)",,,,FM radio
Energizer,Energizer Power Max P550S,https://www.gsmarena.com/energizer_power_max_p550s-8975.php,https://fdn2.gsmarena.com/vv/bigpic/energizer-p550s.jpg,GSM / HSPA / LTE,No,"2017, December. Released 2017, December",Discontinued,154.3 x 78.3 x 9.4 mm (6.07 x 3.08 x 0.37 in),203.0,Glass,,Nano-SIM + Nano-SIM,IPS LCD,,5.5,720x1280,267,69.0,,Android 7.0 (Nougat),Mediatek MT6737 (28 nm),28,Quad-core 1.3 GHz Cortex-A53,Mali-T720,2,2,16,16,eMMC 5.0,13.0,1,,No,,No,"LED flash, panorama, HDR",720p@30fps,5.0,No,,,"Wi-Fi 802.11 b/g/n, Wi-Fi Direct",No,4.0,Type-C,Yes,GPS,"Fingerprint (rear-mounted), accelerometer, gyro, proximity, compass",5000,10,,No,,,190.0,,,,,,,,Black,,0.16 W/kg (head) 1.74 W/kg (body),,FM radio
Energizer,Energizer Energy S550,https://www.gsmarena.com/energizer_energy_s550-8976.php,https://fdn2.gsmarena.com/vv/bigpic/energizer-energy-s550.jpg,GSM / HSPA / LTE,No,"2017, December. Released 2017, December",Discontinued,154.8 x 78.2 x 8.8 mm (6.09 x 3.08 x 0.35 in),180.0,,,Nano-SIM + Micro-SIM,IPS LCD,,5.5,720x1280,267,68.9,,Android 6.0 (Marshmallow),Mediatek MT6737 (28 nm),28,Quad-core 1.3 GHz Cortex-A53,Mali-T720,1,1,8,8,eMMC 5.0,13.0,1,,No,,No,LED flash,720p@30fps,5.0,No,,,"Wi-Fi 802.11 b/g/n, Wi-Fi Direct",No,4.0,Micro-USB,Yes,GPS,"Accelerometer, proximity",3000,,,No,,,120.0,,,,,,,,Black,,0.28 W/kg (head) 1.23 W/kg (body),,FM radio
Energizer,Energizer Energy S500E,https://www.gsmarena.com/energizer_energy_s500e-8977.php,https://fdn2.gsmarena.com/vv/bigpic/energizer-energy-s500e.jpg,GSM / HSPA,No,"2017, December. Released 2017, December",Discontinued,145.5 x 74.8 x 8.9 mm (5.73 x 2.94 x 0.35 in),167.0,Glass,,Nano-SIM + Nano-SIM,TN TFT,,5.0,480x854,196,63.3,,Android 6.0 (Marshmallow),Mediatek MT6580 (28 nm),28,Quad-core 1.3 GHz Cortex-A7,Mali-400MP2,1,1,8,8,,5.0,1,,No,,No,LED flash,480p@30fps,2.0,No,,,Wi-Fi 802.11 b/g/n,No,4.0,Micro-USB,Yes,GPS,Accelerometer,2000,,,No,,,80.0,,,,,,,,Black,,0.74 W/kg (head) 1.43 W/kg (body),,FM radio
Energizer,Energizer Energy E520 LTE,https://www.gsmarena.com/energizer_energy_e520_lte-8978.php,https://fdn2.gsmarena.com/vv/bigpic/energizer-energy-e520.jpg,GSM / HSPA / LTE,No,"2017, September. Released 2017, September",Discontinued,150.8 x 76.2 x 11.1 mm (5.94 x 3.00 x 0.44 in),206.0,,IP68,Nano-SIM + Nano-SIM,IPS LCD,,5.2,720x1280,282,64.9,Gorilla Glass 3,Android 6.0 (Marshmallow),Mediatek MT6737 (28 nm),28,Quad-core 1.3 GHz Cortex-A53,Mali-T720,2,2,16,16,eMMC 5.0,13.0,1,,No,,No,"LED flash, HDR, panorama",1080p@30fps,5.0,No,,,Wi-Fi 802.11 b/g/n,No,4.0,Micro-USB,Yes,"GPS, GLONASS","Fingerprint (rear-mounted), accelerometer, proximity, compass",4000,,,No,,,330.0,,,,,,,,Black,,0.26 W/kg (head) 0.60 W/kg (body),,FM radio
Energizer,Energizer Energy 100 (2017),https://www.gsmarena.com/energizer_energy_100_(2017)-8982.php,https://fdn2.gsmarena.com/vv/bigpic/energizer-energy-100-2017.jpg,GSM,No,"2017, June. Released 2017, June",Discontinued,129 x 63 x 15 mm (5.08 x 2.48 x 0.59 in),112.0,,IP54,"Hybrid Dual SIM (Mini-SIM, dual stand-by)","TFT, 65K colors",,2.4,240x320,167,21.9,,,,,,,,,,,,,1,,No,,No,,No,,No,,,No,No,2.1,Micro-USB,Yes,No,,1500,,,No,,,50.0,,,,,,,,Black,,0.27 W/kg (head) 0.54 W/kg (body),,FM radio
Energizer,Energizer Energy 400 LTE,https://www.gsmarena.com/energizer_energy_400_lte-8980.php,https://fdn2.gsmarena.com/vv/bigpic/energizer-energy-400.jpg,GSM / HSPA / LTE,No,"2017, Q3. Released 2017, Q3",Discontinued,134 x 72 x 15 mm (5.28 x 2.83 x 0.59 in),204.0,,IP67,"Hybrid Dual SIM (Micro-SIM, dual stand-by)",TN TFT,,4.0,480x800,233,47.2,Asahi Dragontrail Glass,Android 6.0 (Marshmallow),Mediatek MT6737M (28 nm),28,Quad-core 1.3 GHz Cortex-A53,Mali-T720MP2,1,1,8,8,eMMC 5.0,8.0,1,,No,,No,"LED flash, HDR",Yes,1.3,No,,,Wi-Fi 802.11 b/g/n,No,4.0,Micro-USB,Yes,GPS,Accelerometer,2500,,,No,,,180.0,,,,,,,,Black,,0.64 W/kg (head) 1.52 W/kg (body),,FM radio
Energizer,Energizer Energy E10,https://www.gsmarena.com/energizer_energy_e10-8983.php,https://fdn2.gsmarena.com/vv/bigpic/energizer-energy-e10-.jpg,GSM,No,"2017, September. Released 2017, September",Discontinued,110 x 47 x 14.3 mm (4.33 x 1.85 x 0.56 in),69.0,,,"Hybrid Dual SIM (Mini-SIM, dual stand-by)","TFT, 256K colors",,1.8,128x160,114,19.7,,,,,,,,,,,,,1,,No,,No,,No,,No,,,No,No,2.0,Micro-USB,Yes,No,,1000,,,No,,,10.0,,,,,,,,"Black, White",,0.60 W/kg (head) 0.95 W/kg (body),,FM radio
Energizer,Energizer Energy E20,https://www.gsmarena.com/energizer_energy_e20-8984.php,https://fdn2.gsmarena.com/vv/bigpic/energizer-energy-e20.jpg,GSM / HSPA / LTE,No,"2017, November. Released 2017, November",Discontinued,103.2 x 51 x 18.2 mm (4.06 x 2.01 x 0.72 in),92.0,,,"Hybrid Dual SIM (Mini-SIM, dual stand-by)","TFT, 256K colors",,2.4,240x320,167,33.9,,,,,,,,,,,,,1,,No,,No,,No,,No,,,No,No,2.0,Micro-USB,Yes,No,,1000,,,No,,,40.0,,,,,,,,Black,,0.07 W/kg (head) 0.73 W/kg (body),,FM radio
Energizer,Energizer Energy 500,https://www.gsmarena.com/energizer_energy_500-7721.php,https://fdn2.gsmarena.com/vv/bigpic/energizer-500.jpg,GSM / HSPA,No,"2015, January. Released 2015, June",Discontinued,152.3 x 80.6 x 18.8 mm (6.00 x 3.17 x 0.74 in),284.0,,IP68,"Dual SIM (Mini-SIM/ Micro-SIM, dual stand-by)",IPS LCD,,5.0,720x1280,294,56.1,,Android 4.4 (KitKat),Mediatek MT6582 (28 nm),28,Quad-core 1.3 GHz Cortex-A7,Mali-400MP2,1,1,8,8,,13.0,1,,No,,No,"LED flash, HDR",720p@30fps,5.0,No,,,"Wi-Fi 802.11 a/b/g/n, hotspot",No,4.0,Micro-USB,Yes,GPS,"Accelerometer, gyro, proximity, compass, barometer",3000,,,No,,,,,,,,,,,Gray,,,,Stereo FM radio
Energizer,Energizer Energy 400,https://www.gsmarena.com/energizer_energy_400-7722.php,https://fdn2.gsmarena.com/vv/bigpic/energizer-400.jpg,GSM / HSPA,No,"2015, January. Released 2015, June",Discontinued,134.5 x 73.6 x 18.8 mm (5.30 x 2.90 x 0.74 in),367.0,,IP68,Mini-SIM,IPS LCD,,4.0,480x800,233,46.0,,Android 4.4 (KitKat),Mediatek MT6572 (28 nm),28,Dual-core 1.3 GHz Cortex-A7,Mali-400,,,4,4,,8.0,1,,No,,No,"LED flash, HDR",720p@30fps,1.3,No,,,"Wi-Fi 802.11 a/b/g/n, hotspot",No,4.0,Micro-USB,Yes,GPS,"Accelerometer, proximity",2400,,,No,,,,,,,,,,,Gray,,,,Stereo FM radio
Energizer,Energizer Energy 240,https://www.gsmarena.com/energizer_energy_240-7723.php,https://fdn2.gsmarena.com/vv/bigpic/energizer-240.jpg,GSM / HSPA,No,"2015, January. Released 2015, June",Discontinued,125 x 58.5 x 19 mm (4.92 x 2.30 x 0.75 in),134.0,,IP67,"Dual SIM (Mini-SIM, dual stand-by)","TFT, 256K colors",,2.4,240x320,167,24.4,,,,,,,,,,,,3.15,1,,No,,No,,Yes,,No,,,No,No,2.1,Micro-USB,Yes,No,,1900,,,No,,,,,,,,,,,Gray,,,,Stereo FM radio
Energizer,Energizer Energy 200,https://www.gsmarena.com/energizer_energy_200-7724.php,https://fdn2.gsmarena.com/vv/bigpic/energizer-200.jpg,GSM,No,"2015, January. Released 2015, June",Discontinued,121.7 x 55.8 x 19.8 mm (4.79 x 2.20 x 0.78 in),122.0,,IP67,"Dual SIM (Mini-SIM, dual stand-by)","TFT, 256K colors",,2.0,240x320,200,18.2,,,,,,,,,,,,1.3,1,,No,,No,,Yes,,No,,,No,No,2.1,Micro-USB,Yes,No,,1450,,,No,,,,,,,,,,,Gray,,,,Stereo FM radio
Energizer,Energizer Energy 100,https://www.gsmarena.com/energizer_energy_100-7920.php,https://fdn2.gsmarena.com/vv/bigpic/energizer-energy-100-.jpg,GSM,No,"2015, November. Released 2016, February",Discontinued,129 x 63 x 15 mm (5.08 x 2.48 x 0.59 in),112.0,,IP54,"Dual SIM (Mini-SIM, dual stand-by)","TFT, 256K colors",,2.4,240x320,167,21.9,,,,,,,,,,,,,1,,No,,No,,Yes,,No,,,No,No,2.1,Micro-USB,Yes,No,,1500,,,No,,,,,,,,,,,Black,,,,Stereo FM radio
Energizer,Energizer Energy E551S,https://www.gsmarena.com/energizer_energy_e551s-9567.php,https://fdn2.gsmarena.com/vv/bigpic/energizer-energy-e551s.jpg,GSM / HSPA / LTE,No,"2019, February",Cancelled,-,,,,Nano-SIM + Micro-SIM,TFT LCD,,5.5,480x854,178,,,Android 8.0 Oreo (Go edition),Mediatek MT6737M (28 nm),28,Quad-core 1.3 GHz Cortex-A53,Mali-T720MP2,1,1,8,8,eMMC 5.0,8.0,1,,No,,No,LED flash,720p@30fps,5.0,No,,,Wi-Fi 802.11 b/g/n,No,4.0,Micro-USB,Yes,GPS,Accelerometer,2500,,,No,,,,,,,,,,,Black,,,,FM radio
Energizer,Energizer Energy E401,https://www.gsmarena.com/energizer_energy_e401-9568.php,https://fdn2.gsmarena.com/vv/bigpic/energizer-energy-e401s.jpg,GSM / HSPA,No,"2019, February",Cancelled,-,,,,"Hybrid Dual SIM (Micro-SIM, dual stand-by)",TFT LCD,,4.0,480x854,245,,,Android 8.0 Oreo (Go edition),Mediatek MT6580M (28 nm),28,Quad-core 1.3 GHz Cortex-A7,Mali-400MP2,1,1,8,8,,5.0,1,,No,,No,LED flash,720p@30fps,2.0,No,,,Wi-Fi 802.11 b/g/n,No,4.0,Micro-USB,Yes,GPS,Accelerometer,2000,,,No,,,,,,,,,,,Black,,,,FM radio
Energizer,Energizer Hardcase H242S,https://www.gsmarena.com/energizer_hardcase_h242s-9563.php,https://fdn2.gsmarena.com/vv/bigpic/energizer-hardcase-h242s.jpg,GSM / HSPA / LTE,No,"2019, February",Cancelled,125.3 x 54 x 14.5 mm (4.93 x 2.13 x 0.57 in),,,IP68,Dual SIM (Mini-SIM),"TFT LCD, 16M colors",,2.4,240x320,167,26.4,,KaiOS 2.5.1,Spreadtrum SC7731E,,Quad-core 1.3 GHz Cortex-A53,Mali-820,,,,,,0.3,1,,No,,No,LED flash,Yes,0.3,No,,,"Wi-Fi 802.11 b/g/n, hotspot",No,2.1,Micro-USB,Yes,GPS,,1500,,,No,,,,,,,,,,,Black,,,,FM radio
Energizer,Energizer Hardcase H591S,https://www.gsmarena.com/energizer_hardcase_h591s-9556.php,https://fdn2.gsmarena.com/vv/bigpic/energizer-hardcase-h591s.jpg,GSM / HSPA / LTE,No,"2019, February",Cancelled,164.2 x 79.4 x 12.2 mm (6.46 x 3.13 x 0.48 in),260.0,,IP68,Nano-SIM + Nano-SIM,TFT LCD,,5.99,1080x1920,368,75.9,Gorilla Glass 3,Android 8.1 (Oreo),Mediatek MT6763 Helio P23 (16 nm),16,Octa-core 2.0 GHz Cortex-A53,Mali-G71 MP2,6,6,64,64,eMMC 5.1,16.0,2,,No,,No,Dual-LED flash,1080p@30fps,8.0,No,LED flash,,"Wi-Fi 802.11 a/b/g/n, Wi-Fi Direct",Yes,4.2,Type-C,Yes,GPS,"Fingerprint (rear-mounted), accelerometer, gyro, proximity, compass",5800,10,,No,,,,,,,,,,,Black,,,,No
Energizer,Energizer Ultimate U570S,https://www.gsmarena.com/energizer_ultimate_u570s-9550.php,https://fdn2.gsmarena.com/vv/bigpic/energizer-ultimate-u570s.jpg,GSM / HSPA / LTE,No,"2019, January",Cancelled,148.8 x 70.5 x 8.6 mm (5.86 x 2.78 x 0.34 in),,,,Nano-SIM + Nano-SIM,IPS LCD,,5.7,720x1520,295,77.3,,Android 9.0 (Pie),Mediatek MT6761 Helio A22 (12 nm),12,Quad-core 2.0 GHz Cortex-A53,PowerVR GE8320,4,4,32,32,eMMC 5.1,16.0,2,,No,,No,"Dual-LED dual-tone flash, panorama, HDR",1080p@30fps,16.0,No,,1080p,"Wi-Fi 802.11 b/g/n, Wi-Fi Direct",No,5.0,Micro-USB,Yes,GPS,"Fingerprint (side-mounted), accelerometer, gyro, proximity, compass",3000,,,No,,,,,,,,,,,"Aurora Red, Blue, Yellow",,,,FM radio
Energizer,Energizer Ultimate U620S,https://www.gsmarena.com/energizer_ultimate_u620s-9549.php,https://fdn2.gsmarena.com/vv/bigpic/energizer-ultimate-u620s.jpg,GSM / HSPA / LTE,No,"2019, January",Cancelled,155.8 x 75.5 x 8.3 mm (6.13 x 2.97 x 0.33 in),,,,Nano-SIM + Nano-SIM,IPS LCD,,6.2,720x1520,265,82.9,,Android 9.0 (Pie),Mediatek MT6765 Helio P35 (12 nm),12,Octa-core (4x2.3 GHz Cortex-A53 & 4x1.8 GHz Cortex-A53),PowerVR GE8320,4,4,64,64,eMMC 5.1,16.0,3,,No,,No,"Dual-LED dual-tone flash, panorama, HDR",1080p@30fps,16.0,No,,1080p,"Wi-Fi 802.11 a/b/g/n/ac, dual-band, Wi-Fi Direct",No,5.0,Type-C,Yes,"GPS, GLONASS","Fingerprint (side-mounted), accelerometer, gyro, proximity, compass",4000,10,,No,,,,,,,,,,,"Aurora Red, Aurora Blue",,,,FM radio
Energizer,Energizer Ultimate U630S Pop,https://www.gsmarena.com/energizer_ultimate_u630s_pop-9547.php,https://fdn2.gsmarena.com/vv/bigpic/energizer-ultimate-u630s-pop.jpg,GSM / HSPA / LTE,No,"2019, January",Cancelled,157.9 x 78.9 x 9.6 mm (6.22 x 3.11 x 0.38 in),,,,Nano-SIM + Nano-SIM,IPS LCD,,6.3,720x1480,261,80.9,,Android 9.0 (Pie),Mediatek MT6762 Helio P22 (12 nm),12,Octa-core 2.0 GHz Cortex-A53,PowerVR GE8320,4,4,64,64,eMMC 5.1,16.0,2,,No,,No,"LED flash, panorama, HDR",1080p@30fps,16.0,No,,1080p,"Wi-Fi 802.11 b/g/n, Wi-Fi Direct",No,5.0,Type-C,No,"GPS, GLONASS","Fingerprint (rear-mounted), accelerometer, gyro, proximity, compass",3500,10,,No,,,,,,,,,,,Black,,,,FM radio
Energizer,Energizer Ultimate U650S,https://www.gsmarena.com/energizer_ultimate_u650s-9546.php,https://fdn2.gsmarena.com/vv/bigpic/energizer-ultimate-u650s.jpg,GSM / HSPA / LTE,No,"2019, January",Cancelled,162.5 x 76.5 x 8.2 mm (6.40 x 3.01 x 0.32 in),,,,Nano-SIM + Nano-SIM,IPS LCD,,6.5,720x1480,253,86.3,,Android 9.0 (Pie),Mediatek MT6762 Helio P22 (12 nm),12,Octa-core 2.0 GHz Cortex-A53,PowerVR GE8320,4,4,128,128,eMMC 5.1,16.0,2,,No,,No,"Dual-LED dual-tone flash, panorama, HDR",1080p@30fps,16.0,No,,1080p,"Wi-Fi 802.11 a/b/g/n/ac, dual-band, Wi-Fi Direct",No,5.0,Type-C,No,"GPS, GLONASS","Fingerprint (rear-mounted), accelerometer, gyro, proximity, compass",3500,10,,No,,,,,,,,,,,Black,,,,FM radio
Sharp,Sharp Aquos sense10,https://www.gsmarena.com/sharp_aquos_sense10_5g-14289.php,https://fdn2.gsmarena.com/vv/bigpic/sharp-aquos-sense10.jpg,GSM / HSPA / LTE / 5G,Yes,"2025, October 31","Available. Released 2025, November",149 x 73 x 8.9 mm (5.87 x 2.87 x 0.35 in),166.0,Glass,IP68,Nano-SIM + eSIM,"LTPO IGZO OLED, 1B colors, 240Hz, 1500 nits (HBM), 2000 nits (peak)",240,6.1,1080x2340,422,84.0,,"Android 16, up to 3 major Android upgrades",Qualcomm SM7635 Snapdragon 7s Gen 3 (4 nm),4,Octa-core (1x2.5 GHz Cortex-A720 & 3x2.4 GHz Cortex-A720 & 4x1.8 GHz Cortex-A520),Adreno 810,6,8,128,256,UFS 2.2,50.0,2,1.9,Yes,1/1.55,No,"LED flash, HDR, panorama","Yes, gyro-EIS",32.0,No,,"Yes, gyro-EIS","Wi-Fi 802.11 a/b/g/n/ac/6e, dual-band",Yes,5.2,Type-C,No,"GPS, GALILEO, GLONASS, BDS, QZSS","Fingerprint (side-mounted), accelerometer, gyro, proximity, compass",5000,36,,No,,,350.0,,,,,,,,"Denim Navy, Khaki Green, Pale Pink, Pale Mint, Full Black, Light Silver",,,,No
Sharp,Sharp Aquos wish5,https://www.gsmarena.com/sharp_aquos_wish5_5g-13995.php,https://fdn2.gsmarena.com/vv/bigpic/sharp-aquos-wish-5.jpg,GSM / HSPA / LTE / 5G,Yes,"2025, May 29","Available. Released 2025, June 26",166 x 76 x 8.8 mm (6.54 x 2.99 x 0.35 in),187.0,Glass,IP68,Nano-SIM + eSIM,"IPS LCD, 120Hz",120,6.6,720x1612,267,82.9,,"Android 15, up to 2 major Android upgrades",Mediatek Dimensity 6300 (6 nm),6,Octa-core (2x2.4 GHz Cortex-A76 & 6x2.0 GHz Cortex-A55),Mali-G57 MC2,4,8,64,256,UFS 2.1,50.0,2,1.8,No,,No,"LED flash, HDR, panorama","Yes, gyro-EIS",8.0,No,,1080p@30fps,"Wi-Fi 802.11 a/b/g/n/ac, dual-band",Yes,5.3,Type-C,Yes,GPS,"Fingerprint (side-mounted), accelerometer, gyro, proximity, compass",5000,27,,No,,,200.0,,,,,,,,"Black, Blue, White, Green, Pink","SH-AC05, SH-M32",,,Unspecified
Sharp,Sharp Aquos R10,https://www.gsmarena.com/sharp_aquos_r10_5g-13934.php,https://fdn2.gsmarena.com/vv/bigpic/sharp-aquos-r10.jpg,GSM / HSPA / LTE / 5G,Yes,"2025, May 29","Available. Released 2025, July",156 x 75 x 8.9 mm (6.14 x 2.95 x 0.35 in),197.0,Glass,IP68,Nano-SIM + eSIM,"PRO IGZO LTPO OLED, 240Hz, Dolby Vision, HDR, 1500 nits (HBM), 3000 nits (peak)",240,6.5,1080x2340,396,88.6,Gorilla Glass 5,"Android 15, up to 3 major Android upgrades",Qualcomm SM7675-AB Snapdragon 7+ Gen 3 (4 nm),4,Octa-core (1x2.8 GHz Cortex-X4 & 4x2.6 GHz Cortex-A720 & 3x1.9 GHz Cortex-A520),Adreno 732,12,12,256,512,UFS 4.0,50.3,2,1.9,Yes,1/1.55,Yes,"Color spectrum sensor, Leica lens, LED flash, HDR, panorama","4K@30fps, 1080p@30/60fps, gyro-EIS",50.3,No,,"1080p@30/60fps, gyro-EIS",Wi-Fi 802.11 a/b/g/n/ac/6/7,Yes,5.4,Type-C,No,"GPS, GLONASS, GALILEO, BDS","Fingerprint (side-mounted), accelerometer, gyro, proximity, compass",5000,36,,No,,,,,,,,,,,"Cashmere White, Charcoal Black, Trench Beige","SH-51F, SH-M31",,,No
Sharp,Sharp Aquos sense9,https://www.gsmarena.com/sharp_aquos_sense9-13622.php,https://fdn2.gsmarena.com/vv/bigpic/sharp-aquos-sense9.jpg,GSM / HSPA / LTE / 5G,Yes,"2024, October 29","Available. Released 2024, November 07",149 x 73 x 8.9 mm (5.87 x 2.87 x 0.35 in),166.0,Glass,IP68,Nano-SIM + eSIM,"LTPO IGZO OLED, 1B colors, 240Hz, 1500 nits (HBM), 2000 nits (peak)",240,6.1,1080x2340,422,84.0,,"Android 14, up to 3 major Android upgrades",Qualcomm SM7435-AB Snapdragon 7s Gen 2 (4 nm),4,Octa-core (4x2.40 GHz Cortex-A78 & 4x1.95 GHz Cortex-A55),Adreno 710,6,8,128,256,,50.0,2,1.9,Yes,1/1.55,No,"LED flash, HDR, panorama","Yes, gyro-EIS",32.0,No,,"Yes, gyro-EIS","Wi-Fi 802.11 a/b/g/n/ac, dual-band",Yes,5.1,Type-C,No,GPS,"Fingerprint (side-mounted), accelerometer, gyro, proximity, compass",5000,36,,No,,,350.0,,,,,,,,"Black, White, Green, Coral, Greige, Blue","SH-M29SG, SH-53E, SH-M29",,,No
Sharp,Sharp Aquos R9 pro,https://www.gsmarena.com/sharp_aquos_r9_pro-13479.php,https://fdn2.gsmarena.com/vv/bigpic/sharp-aquos-r9-pro.jpg,GSM / HSPA / LTE / 5G,Yes,"2024, October 29","Available. Released 2025, February",162 x 78 x 9.3 mm (6.38 x 3.07 x 0.37 in),220.0,,IP66,Nano-SIM + eSIM,"PRO IGZO LTPO OLED, 1B colors, 240Hz, Dolby Vision, HDR, 1000 nits (HBM), 2000 nits (peak)",240,6.7,1440x3120,513,87.2,Gorilla Glass Victus,"Android 14, up to 3 major Android upgrades",Qualcomm SM8635 Snapdragon 8s Gen 3 (4 nm),4,Octa-core (1x3.0 GHz Cortex-X4 & 4x2.8 GHz Cortex-A720 & 3x2.0 GHz Cortex-A520),Adreno 735,12,12,512,512,UFS 4.0,50.3,3,1.8,Yes,1/0.98,Yes,"Leica lens, color spectrum sensor, LED flash, HDR, panorama","4K@30/60fps, 1080p@30/60fps, gyro-EIS, Dolby Vision HDR",50.3,No,,"1080p@30/60fps, gyro-EIS",Wi-Fi 802.11 a/b/g/n/ac/6e/7,Yes,5.4,Type-C,No,"GPS, GLONASS, GALILEO, BDS","Fingerprint (under display, ultrasonic), accelerometer, gyro, proximity, compass",5000,32,15,No,,,1000.0,,,,,,,,Black,"SH-54E, SH-M30",,,No
Sharp,Sharp Aquos R9,https://www.gsmarena.com/sharp_aquos_r9-13483.php,https://fdn2.gsmarena.com/vv/bigpic/sharp-aquos-r9.jpg,GSM / HSPA / LTE / 5G,Yes,"2024, July 18","Available. Released 2024, September",156 x 75 x 8.9 mm (6.14 x 2.95 x 0.35 in),195.0,Glass,IP68,Nano-SIM + eSIM,"PRO IGZO LTPO OLED, 240Hz, Dolby Vision, HDR, 1500 nits (HBM), 2000 nits (peak)",240,6.5,1080x2340,396,88.6,Gorilla Glass 5,"Android 14, up to 3 major Android upgrades",Qualcomm SM7675-AB Snapdragon 7+ Gen 3 (4 nm),4,Octa-core (1x2.8 GHz Cortex-X4 & 4x2.6 GHz Cortex-A720 & 3x1.9 GHz Cortex-A520),Adreno 732,12,12,256,256,UFS 4.0,50.3,2,1.9,Yes,1/1.55,Yes,"Leica lens, LED flash, HDR, panorama","4K@30fps, 1080p@30/60fps, gyro-EIS",50.3,No,,Yes,Wi-Fi 802.11 a/b/g/n/ac/6/7,Yes,5.4,Type-C,No,"GPS, GLONASS, GALILEO, BDS","Fingerprint (side-mounted), accelerometer, gyro, proximity, compass",5000,,,No,,,550.0,,,,,,,,"Snow White, Forest Green",SH-M28SG,,,No
Sharp,Sharp Aquos wish4,https://www.gsmarena.com/sharp_aquos_wish4-13484.php,https://fdn2.gsmarena.com/vv/bigpic/sharp-aquos-wish4.jpg,GSM / HSPA / LTE / 5G,Yes,"2024, July 29","Available. Released 2024, September",167 x 76 x 8.8 mm (6.57 x 2.99 x 0.35 in),190.0,Glass,IP68,Nano-SIM + Nano-SIM,"IPS LCD, 90Hz",90,6.6,720x1612,267,82.5,,"Android 14, up to 2 major Android upgrades",Mediatek Dimensity 700 (7 nm),7,Octa-core (2x2.2 GHz Cortex-A76 & 6x2.0 GHz Cortex-A55),Mali-G57 MC2,6,6,128,128,,50.0,1,,No,,No,"LED flash, HDR, panorama","Yes, gyro-EIS",8.0,No,,1080p@30fps,"Wi-Fi 802.11 a/b/g/n/ac, dual-band",Yes,5.3,Type-C,No,GPS,"Fingerprint (side-mounted), accelerometer, gyro, proximity, compass",5000,,,No,,,150.0,,,,,,,,"Black, Blue, White",SH-M27SG,,,Unspecified
Sharp,Sharp Aquos sense8,https://www.gsmarena.com/sharp_aquos_sense8-12904.php,https://fdn2.gsmarena.com/vv/bigpic/sharp-aquos-sense8.jpg,GSM / HSPA / LTE / 5G,Yes,"2024, January 17","Available. Released 2024, January",153 x 71 x 8.4 mm (6.02 x 2.80 x 0.33 in),159.0,Glass,,Nano-SIM + eSIM,"IGZO OLED, 1B colors, 90Hz, 1300 nits (peak)",90,6.1,1080x2340,422,84.1,,"Android 13, upgradable to Android 15",Qualcomm SM6450 Snapdragon 6 Gen 1 (4 nm),4,Octa-core (4x2.2 GHz Cortex-A78 & 4x1.8 GHz Cortex-A55),Adreno 710,8,8,256,256,UFS 2.2,50.0,2,1.9,Yes,1/1.55,No,"LED flash, HDR, panorama",Yes,8.0,No,,1080p@30fps,"Wi-Fi 802.11 a/b/g/n/ac/6, dual-band",Yes,5.1,Type-C,Yes,GPS,"Fingerprint (side-mounted), accelerometer, gyro, proximity, compass",5000,18,,No,,,310.0,,,,,,,,"Black, Green, Copper","SH-M26ID, SH-M26",,,No
Sharp,Sharp Aquos R8s,https://www.gsmarena.com/sharp_aquos_r8s-12903.php,https://fdn2.gsmarena.com/vv/bigpic/sharp-aquos-r8s.jpg,GSM / HSPA / LTE / 5G,Yes,"2023, December 06","Available. Released 2023, December",159 x 74 x 8.7 mm (6.26 x 2.91 x 0.34 in),179.0,Glass,IP68,Nano-SIM + eSIM,"PRO IGZO LTPO OLED, 1B colors, 120Hz, Dolby Vision, HDR, 1300 nits (peak)",120,6.4,1080x2340,403,85.5,Gorilla Glass 3,Android 13,Qualcomm SM8550-AB Snapdragon 8 Gen 2 (4 nm),4,Octa-core (1x3.2 GHz Cortex-X3 & 2x2.8 GHz Cortex-A715 & 2x2.8 GHz Cortex-A710 & 3x2.0 GHz Cortex-A510),Adreno 740,8,8,256,256,UFS 4.0,50.0,2,1.9,No,1/1.55,No,"LED flash, HDR, panorama",Yes,8.0,No,,1080p@30fps,"Wi-Fi 802.11 a/b/g/n/ac/6, dual-band",Yes,5.3,Type-C,Yes,"GPS (L1+L5), GLONASS, GALILEO, BDS","Fingerprint (side-mounted), accelerometer, gyro, proximity, compass",4750,15,,No,,,700.0,,,,,,,,"Blue, White",SH‑52D,,,No
Sharp,Sharp Aquos R8s pro,https://www.gsmarena.com/sharp_aquos_r8s_pro-12902.php,https://fdn2.gsmarena.com/vv/bigpic/sharp-aquos-r8s-pro-.jpg,GSM / HSPA / LTE / 5G,Yes,"2023, December 06","Available. Released 2023, December",161 x 77 x 9.3 mm (6.34 x 3.03 x 0.37 in),203.0,Glass,IP68,Nano-SIM + eSIM,"PRO IGZO LTPO OLED, 1B colors, 120Hz, Dolby Vision, HDR, 2000 nits (peak)",120,6.6,1260x2730,456,86.3,Gorilla Glass Victus,"Android 13, upgradable to Android 15",Qualcomm SM8550-AB Snapdragon 8 Gen 2 (4 nm),4,Octa-core (1x3.2 GHz Cortex-X3 & 2x2.8 GHz Cortex-A715 & 2x2.8 GHz Cortex-A710 & 3x2.0 GHz Cortex-A510),Adreno 740,12,12,256,256,UFS 4.0,47.2,2,1.9,No,,Yes,"Color spectrum sensor, LED flash, HDR, panorama","8K, 4K, 1080p; gyro-EIS",12.6,No,,1080p@30fps,"Wi-Fi 802.11 a/b/g/n/ac/6e, dual-band",Yes,5.3,Type-C,Yes,"GPS (L1+L5), GLONASS, BDS, GALILEO, QZSS","Fingerprint (under display, ultrasonic), accelerometer, gyro, proximity, compass, barometer",5000,27,,Yes,,,930.0,,,,,,,,Black,"SH-R80P, SH‑51D",,,No
Sharp,Sharp Aquos R7s,https://www.gsmarena.com/sharp_aquos_r7s-12605.php,https://fdn2.gsmarena.com/vv/bigpic/sharp-aquos-r7s.jpg,GSM / HSPA / LTE / 5G,Yes,"2023, July","Available. Released 2023, July",161 x 77 x 9.3 mm (6.34 x 3.03 x 0.37 in),208.0,Glass,IP68,Nano-SIM + Nano-SIM,"PRO IGZO OLED, 1B colors, 120Hz, Dolby Vision",120,6.6,1260x2730,456,86.3,Gorilla Glass Victus,Android 13,Qualcomm SM8450 Snapdragon 8 Gen 1 (4 nm),4,Octa-core (1x3.00 GHz Cortex-X2 & 3x2.50 GHz Cortex-A710 & 4x1.80 GHz Cortex-A510),Adreno 730,12,12,256,256,,47.2,2,1.9,No,,Yes,"LED flash, HDR, panorama","8K, 4K, 1080p; gyro-EIS",12.6,No,,1080p@30fps,"Wi-Fi 802.11 a/b/g/n/ac/6, dual-band",Yes,5.2,Type-C,Yes,"GPS (L1+L5), GLONASS, GALILEO, BDS","Fingerprint (under display, ultrasonic), accelerometer, gyro, proximity, compass",5000,27,,No,,,1000.0,,,,,,,,Black,SH-R70,,,No
Sharp,Sharp Aquos V7 Plus,https://www.gsmarena.com/sharp_aquos_v7_plus-12606.php,https://fdn2.gsmarena.com/vv/bigpic/sharp-aquos-v7-plus.jpg,GSM / HSPA / LTE,No,"2023, July","Available. Released 2023, July",167.9 x 76.5 x 8.5 mm (6.61 x 3.01 x 0.33 in),190.0,Glass,,Nano-SIM + Nano-SIM,"IPS LCD, 90Hz",90,6.74,720x1600,260,85.4,,Android 13,Mediatek MT6765 Helio G37 (12 nm),12,Octa-core (4x2.3 GHz Cortex-A53 & 4x1.7 GHz Cortex-A53),PowerVR GE8320,4,6,128,256,,50.0,3,,No,,No,LED flash,1080p@30fps,8.0,No,,1080p@30fps,"Wi-Fi 802.11 a/b/g/n/ac, dual-band",Yes,5.1,Type-C,Yes,"GPS (L1+L5), GLONASS, BDS, GALILEO, QZSS","Fingerprint (side-mounted), accelerometer, proximity, compass",5010,18,,No,,,180.0,,,,,,,,"Blue, Dark Blue",SH-C06,,,No
Sharp,Sharp Aquos sense7 plus,https://www.gsmarena.com/sharp_aquos_sense7_plus-12565.php,https://fdn2.gsmarena.com/vv/bigpic/sharp-aquos-sense7-plus.jpg,GSM / HSPA / LTE / 5G,Yes,"2023, August","Available. Released 2023, September",160 x 76 x 8.2 mm (6.30 x 2.99 x 0.32 in),172.0,,IP68,· Nano-SIM + eSIM · Nano-SIM + Nano-SIM,"IGZO OLED, 1B colors, 1300 nits (peak), 120Hz",120,6.4,1080x2340,403,82.7,,"Android 12, upgradable to Android 13",Qualcomm SM6375 Snapdragon 695 5G (6 nm),6,Octa-core (2x2.2 GHz Kryo 660 Gold & 6x1.7 GHz Kryo 660 Silver),Adreno 619,6,6,128,128,,50.3,2,1.9,No,1/1.55,No,"LED flash, HDR, panorama",Yes,8.0,No,,1080p@30fps,"Wi-Fi 802.11 a/b/g/n/ac, dual-band",Yes,5.1,Type-C,Yes,GPS,Fingerprint (side-mounted); unspecified sensors,5050,,,No,,,420.0,,,,,,,,Moon silver,,,,No
Sharp,Sharp Aquos sense7,https://www.gsmarena.com/sharp_aquos_sense7-12564.php,https://fdn2.gsmarena.com/vv/bigpic/sharp-aquos-sense7.jpg,GSM / HSPA / LTE / 5G,Yes,"2023, August","Available. Released 2023, September",152 x 70 x 8 mm (5.98 x 2.76 x 0.31 in),158.0,,IP68,· Nano-SIM + eSIM · Nano-SIM + Nano-SIM,"IGZO OLED, 1B colors, 1300 nits (peak)",,6.1,1080x2432,436,83.7,,"Android 12, upgradable to Android 13",Qualcomm SM6375 Snapdragon 695 5G (6 nm),6,Octa-core (2x2.2 GHz Kryo 660 Gold & 6x1.7 GHz Kryo 660 Silver),Adreno 619,6,6,128,128,,50.3,2,1.9,No,1/1.55,No,"LED flash, HDR, panorama",Yes,8.0,No,,1080p@30fps,"Wi-Fi 802.11 a/b/g/n/ac, dual-band",Yes,5.1,Type-C,Yes,GPS,Fingerprint (side-mounted); unspecified sensors,4570,,,No,,,380.0,,,,,,,,Black,,,,No
Sharp,Sharp Aquos V6 Plus,https://www.gsmarena.com/sharp_aquos_v6_plus-11868.php,https://fdn2.gsmarena.com/vv/bigpic/sharp-aquos-v6plus.jpg,GSM / HSPA / LTE,No,"2022, February 16","Available. Released 2022, February 16",165.2 x 75.5 x 8.9 mm (6.50 x 2.97 x 0.35 in),190.0,Glass,,Nano-SIM + Nano-SIM,IPS LCD,,6.52,720x1600,269,82.3,,Android 12,Mediatek MT6762G Helio G25 (12 nm),12,Octa-core (4x2.0 GHz Cortex-A53 & 4x1.5 GHz Cortex-A53),PowerVR GE8320,4,4,64,64,,50.0,3,,No,,No,LED flash,1080p@30fps,8.0,No,,1080p@30fps,"Wi-Fi 802.11 a/b/g/n/ac, dual-band",Yes,5.0,Type-C,Yes,"GPS (L1+L5), GLONASS, BDS, GALILEO, QZSS","Fingerprint (rear-mounted), accelerometer, gyro, proximity, compass",5000,,,No,,,150.0,,,,,,,,"Grey Sand, Deep Blue Sea",SH-C04,,,No
Sharp,Sharp Aquos V6,https://www.gsmarena.com/sharp_aquos_v6-11867.php,https://fdn2.gsmarena.com/vv/bigpic/sharp-aquos-v6.jpg,GSM / HSPA / LTE,No,"2022, February 16","Available. Released 2022, February 16",165.2 x 75.5 x 8.9 mm (6.50 x 2.97 x 0.35 in),190.0,Glass,,Nano-SIM + Nano-SIM,IPS LCD,,6.52,720x1600,269,82.3,,Android 12,Mediatek MT6762G Helio G25 (12 nm),12,Octa-core (4x2.0 GHz Cortex-A53 & 4x1.5 GHz Cortex-A53),PowerVR GE8320,3,3,32,32,,13.0,3,,No,,No,LED flash,1080p@30fps,5.0,No,,Yes,"Wi-Fi 802.11 a/b/g/n/ac, dual-band",Yes,5.0,Type-C,Yes,GPS,"Fingerprint (rear-mounted), accelerometer, gyro, proximity, compass",5000,,,No,,,130.0,,,,,,,,"Grey Sand, Deep Blue Sea",,,,No
Sharp,Sharp Aquos wish,https://www.gsmarena.com/sharp_aquos_wish-11847.php,https://fdn2.gsmarena.com/vv/bigpic/sharp-aquos-wish.jpg,GSM / HSPA / LTE / 5G,Yes,"2022, January 19","Available. Released 2022, January 21",147 x 71 x 8.9 mm (5.79 x 2.80 x 0.35 in),162.0,Plastic,,Nano-SIM + eSIM,IPS LCD,,5.7,720x1520,295,77.7,,Android 11,Qualcomm SM4350 Snapdragon 480 5G (8 nm),8,Octa-core (2x2.0 GHz Kryo 460 & 6x1.8 GHz Kryo 460),Adreno 619,4,4,64,64,,13.0,1,,No,,No,LED flash,1080p@30fps,8.0,No,,1080p@30fps,"Wi-Fi 802.11 a/b/g/n/ac, dual-band, Wi-Fi Direct",Yes,5.1,Type-C,Yes,GPS,"Fingerprint (side-mounted), accelerometer",3730,,,No,,,230.0,,,,,,,,"Spring Bud Green, Foggy Black",,,,No
Sharp,Sharp Aquos zero6,https://www.gsmarena.com/sharp_aquos_zero6-11846.php,https://fdn2.gsmarena.com/vv/bigpic/sharp-aquos-zero6.jpg,GSM / HSPA / LTE / 5G,Yes,"2021, October 14. Released 2021, October 14",Discontinued,158 x 73 x 7.9 mm (6.22 x 2.87 x 0.31 in),146.0,,,Nano-SIM + eSIM,"OLED, 1B colors, 240Hz",240,6.4,1080x2340,403,87.2,Gorilla Glass Victus,Android 11,Qualcomm SM7225 Snapdragon 750G 5G (8 nm),8,Octa-core (2x2.2 GHz Kryo 570 & 6x1.8 GHz Kryo 570),Adreno 619,8,8,128,128,,48.0,3,1.8,No,,No,"LED flash, HDR, panorama",1080p@30fps,12.6,No,,1080p@30fps,"Wi-Fi 802.11 a/b/g/n/ac, dual-band, Wi-Fi Direct",Yes,5.1,Type-C,Yes,"GPS, GLONASS, BDS, GALILEO, QZSS","Fingerprint (under display, optical), accelerometer",4010,,,No,,,400.0,,,,,,,,Swan Black,,,,No
Sharp,Sharp Aquos sense5G,https://www.gsmarena.com/sharp_aquos_sense5g-11845.php,https://fdn2.gsmarena.com/vv/bigpic/sharp-aquos-sense5g.jpg,GSM / HSPA / LTE / 5G,Yes,"2020, September 25. Released 2021, June 10",Discontinued,148 x 71 x 8.9 mm (5.83 x 2.80 x 0.35 in),178.0,Glass,,Nano-SIM + Nano-SIM,"IGZO IPS LCD, HDR10",,5.8,1080x2280,435,79.9,,Android 11,Qualcomm SM6350 Snapdragon 690 5G (8 nm),8,Octa-core (2x2.0 GHz Kryo 560 Gold & 6x1.7 GHz Kryo 560 Silver),Adreno 619L,8,8,128,128,UFS,12.0,3,2.0,No,,Yes,"LED flash, HDR, panorama","4K@30fps, 1080p@60fps, 1080p@30fps",8.0,No,,1080p@30fps,"Wi-Fi 802.11 a/b/g/n/ac/6, dual-band, Wi-Fi Direct",Yes,5.1,Type-C,Yes,"GPS (L1+L5), GLONASS, BDS, GALILEO, QZSS","Fingerprint (front-mounted), accelerometer, gyro, proximity, compass",4570,27,,No,,,250.0,,,,,,,,"Satin Gold, Titanium Black",SHG03,,,No
Sharp,Sharp Aquos sense4 plus,https://www.gsmarena.com/sharp_aquos_sense4_plus-11844.php,https://fdn2.gsmarena.com/vv/bigpic/sharp-aquos-sense4plus.jpg,GSM / HSPA / LTE,No,"2020, September 11. Released 2020, September 11",Discontinued,166 x 78 x 8.8 mm (6.54 x 3.07 x 0.35 in),198.0,,,Nano-SIM,"IPS LCD, 90Hz",90,6.7,1080x2400,393,83.7,,Android 10,Qualcomm SM7125 Snapdragon 720G (8 nm),8,Octa-core (2x2.3 GHz Kryo 465 Gold & 6x1.8 GHz Kryo 465 Silver),Adreno 618,8,8,128,128,,48.0,4,1.8,No,,No,"LED flash, HDR, panorama",1080p@30fps,8.0,No,,1080p@30fps,"Wi-Fi 802.11 a/b/g/n/ac, dual-band, Wi-Fi Direct",No,5.1,Type-C,Yes,"GPS, GLONASS, BDS, GALILEO, QZSS","Fingerprint (rear-mounted), accelerometer, gyro, proximity, compass",4120,,,No,,,600.0,,,,,,,,"Deep Fog Black, Cloud White",,,,No
Sharp,Sharp Aquos Zero 2,https://www.gsmarena.com/sharp_aquos_zero_2-10259.php,https://fdn2.gsmarena.com/vv/bigpic/sharp-aquos-zero2.jpg,GSM / HSPA / LTE,No,"2020, May 22. Released 2020, May 22",Discontinued,158 x 74 x 8.8 mm (6.22 x 2.91 x 0.35 in),141.0,,IP68,Nano-SIM,"OLED, 1B colors, 240Hz, HDR10, Dolby Vision",240,6.4,1080x2340,403,86.0,Gorilla Glass 6,Android 10,Qualcomm SM8150 Snapdragon 855 (7 nm),7,Octa-core (1x2.84 GHz Kryo 485 & 3x2.42 GHz Kryo 485 & 4x1.78 GHz Kryo 485),Adreno 640,8,8,256,256,UFS 3.0,12.2,2,1.7,Yes,1/2.55,Yes,"LED flash, HDR, panorama","4K@30fps, 1080p@30fps, gyro-EIS",8.0,No,HDR,"1080p@30fps, gyro-EIS","Wi-Fi 802.11 a/b/g/n/ac, dual-band, Wi-Fi Direct",Yes,5.0,Type-C,No,"GPS (L1+L5), GLONASS, BDS, GALILEO, QZSS","Fingerprint (under display, optical), accelerometer, gyro, proximity, compass",3130,,,No,,,670.0,,,,,,,,Blue,"SH-Z20, SHV47, 906SH",,,No
Sharp,Sharp Aquos R5G,https://www.gsmarena.com/sharp_aquos_r5g-11843.php,https://fdn2.gsmarena.com/vv/bigpic/sharp-aquosr5g.jpg,GSM / HSPA / LTE / 5G,Yes,"2020, February. Released 2020, February",Discontinued,162 x 75 x 8.9 mm (6.38 x 2.95 x 0.35 in),189.0,,,Nano-SIM,"IGZO IPS LCD, 1B colors, 120Hz, Dolby Vision",120,6.4,1440x3168,544,81.9,,Android 10,Qualcomm SM8250 Snapdragon 865 5G (7 nm+),,Octa-core (1x2.84 GHz Cortex-A77 & 3x2.42 GHz Cortex-A77 & 4x1.80 GHz Cortex-A55),Adreno 650,12,12,256,256,UFS 3.0,12.0,3,1.7,Yes,,No,"LED flash, panorama","8K@30fps, 1080p@30fps",16.0,No,,1080p@30fps,"Wi-Fi 802.11 a/b/g/n/ac/ax/6, dual-band, Wi-Fi Direct",Yes,5.1,Type-C,No,"GPS (L1+L5), GLONASS, BDS, GALILEO, QZSS","Fingerprint (front-mounted), accelerometer, gyro, proximity, compass",3730,,,No,,,700.0,,,,,,,,"Glare Black, Aurora White","SH-51A, SHG01, SH-R50",,,No
Sharp,Sharp Aquos V,https://www.gsmarena.com/sharp_aquos_v-9962.php,https://fdn2.gsmarena.com/vv/bigpic/sharp-aquos-v.jpg,GSM / HSPA / LTE,No,"2019, November. Released 2019, November",Discontinued,157 x 76 x 9 mm (6.18 x 2.99 x 0.35 in),173.0,,,Nano-SIM + Nano-SIM,IPS LCD,,5.9,1080x2160,409,75.3,Gorilla Glass 5,Android 9.0 (Pie),Qualcomm MSM8998 Snapdragon 835 (10 nm),10,Octa-core (4x2.35 GHz Kryo & 4x1.9 GHz Kryo),Adreno 540,4,4,64,64,,13.0,2,2.0,Yes,,Yes,"LED flash, HDR, panorama","4K@30fps, 1080p@30fps (gyro-EIS)",8.0,No,HDR,1080p@30fps (gyro-EIS),"Wi-Fi 802.11 a/b/g/n/ac, dual-band, Wi-Fi Direct",No,5.0,Type-C,Yes,"GPS, GLONASS, GALILEO, QZSS","Fingerprint (rear-mounted), accelerometer, proximity, compass",3090,,,No,,,210.0,,,,,,,,Black,SH-C02,,,No
Sharp,Sharp Aquos R3,https://www.gsmarena.com/sharp_aquos_r3-11839.php,https://fdn2.gsmarena.com/vv/bigpic/sharp-aquosa3.jpg,GSM / HSPA / LTE,No,"2019, August. Released 2019, August",Discontinued,156 x 74 x 8.9 mm (6.14 x 2.91 x 0.35 in),185.0,,,Nano-SIM + Nano-SIM,"IGZO IPS LCD, 1B colors, 120Hz, HDR10, Dolby Vision",120,6.2,1440x3120,554,81.7,Gorilla Glass 5,"Android 9.0 (Pie), upgradable to Android 10",Qualcomm SM8150 Snapdragon 855 (7 nm),7,Octa-core (1x2.84 GHz Kryo 485 & 3x2.42 GHz Kryo 485 & 4x1.78 GHz Kryo 485),Adreno 640,6,6,128,128,UFS,12.2,2,1.7,Yes,1/2.55,No,"Dual-LED flash, HDR, panorama",1080p@30fps,16.0,No,,1080p@30fps,"Wi-Fi 802.11 a/b/g/n/ac, dual-band, Wi-Fi Direct",Yes,5.0,Type-C,Yes,"GPS, GLONASS","Fingerprint (front-mounted), accelerometer, gyro, proximity, compass",3200,,,No,,,750.0,,,,,,,,Classic Black,,,,No
Sharp,Sharp Aquos Zero,https://www.gsmarena.com/sharp_aquos_zero-9512.php,https://fdn2.gsmarena.com/vv/bigpic/sharp-aquos-zero.jpg,GSM / HSPA / LTE,No,"2019, January. Released 2019, January",Discontinued,154 x 73 x 8.8 mm (6.06 x 2.87 x 0.35 in),146.0,Glass,IP68,Nano-SIM,"OLED, HDR10, Dolby Vision",,6.2,1440x2992,536,86.2,Gorilla Glass 5,Android 9.0 (Pie),Qualcomm SDM845 Snapdragon 845 (10 nm),10,Octa-core (4x2.6 GHz Kryo 385 Gold & 4x1.7 GHz Kryo 385 Silver),Adreno 630,6,6,128,128,,22.6,1,1.9,Yes,,Yes,"LED flash, HDR, panorama","4K@30fps, 1080p@30fps (gyro-EIS)",8.0,No,HDR,1080p@30fps,"Wi-Fi 802.11 a/b/g/n/ac, dual-band, Wi-Fi Direct",Yes,5.0,Type-C,No,"GPS, GLONASS, GALILEO, QZSS","Fingerprint (rear-mounted), accelerometer, gyro, proximity, compass",3130,18,,No,,,600.0,,,,,,,,Meteorite Black,SH-Z10,,,No
Sharp,Sharp Aquos R2 compact,https://www.gsmarena.com/sharp_aquos_r2_compact-9406.php,https://fdn2.gsmarena.com/vv/bigpic/sharp-aquos-r2-compact-.jpg,GSM / HSPA / LTE,No,"2018, November. Released 2019, January",Discontinued,131 x 64 x 9.3 mm (5.16 x 2.52 x 0.37 in),135.0,Glass,IP68,Nano-SIM,"IGZO IPS LCD, 120Hz, HDR10",120,5.2,1080x2280,485,80.5,Gorilla Glass 3,Android 9.0 (Pie),Qualcomm SDM845 Snapdragon 845 (10 nm),10,Octa-core (4x2.6 GHz Kryo 385 Gold & 4x1.7 GHz Kryo 385 Silver),Adreno 630,4,4,64,64,,22.6,1,1.9,Yes,,Yes,"LED flash, HDR, panorama","4K@30fps, 1080p@30/60fps (gyro-EIS)",8.0,No,,1080p@30fps,"Wi-Fi 802.11 a/b/g/n/ac, dual-band, Wi-Fi Direct",Yes,5.0,Type-C,Yes,"GPS, GLONASS, GALILEO, QZSS","Fingerprint (front-mounted), accelerometer, gyro, proximity, compass",2500,18,,No,,,,,,,,,,,"Smokey Green, Deep White, Pure Black",SH-M09,,,No
Sharp,Sharp Aquos D10,https://www.gsmarena.com/sharp_aquos_d10-9311.php,https://fdn2.gsmarena.com/vv/bigpic/sharp-aquos-d10-.jpg,GSM / HSPA / LTE,No,"2018, August. Released 2018, October",Discontinued,148.2 x 74.2 x 8 mm (5.83 x 2.92 x 0.31 in),165.0,,,Nano-SIM + Nano-SIM,IPS LCD,,5.99,1080x2160,403,84.2,Gorilla Glass 3,"Android 8.0 (Oreo), Sharp UI",Qualcomm SDM630 Snapdragon 630 (14 nm),14,Octa-core (4x2.6 GHz Cortex-A53 & 4x1.8 GHz Cortex A53),Adreno 508,4,4,64,64,,12.0,2,1.8,No,1/2.55,Yes,"Dual-LED dual-tone flash, panorama, HDR","4K@30fps, 1080p@30fps",16.0,No,,1080p@30fps,"Wi-Fi 802.11 a/b/g/n/ac, dual-band, Wi-Fi Direct",Yes,4.0,Type-C,Yes,"GPS, GLONASS, GALILEO","Fingerprint (front-mounted), accelerometer, gyro, proximity, compass",2900,,,No,,,400.0,,,,,,,,Black,SH-D01,,,FM radio
Sharp,Sharp Aquos B10,https://www.gsmarena.com/sharp_aquos_b10-9275.php,https://fdn2.gsmarena.com/vv/bigpic/sharp-aquous-b10-.jpg,GSM / HSPA / LTE,No,"2018, July. Released 2018, July",Discontinued,153.5 x 71.9 x 8.8 mm (6.04 x 2.83 x 0.35 in),175.0,,,Nano-SIM + Micro-SIM,TFT,,5.7,720x1440,282,76.0,Corning Gorilla Glass (unspecified versi,"Android 7.0 (Nougat), Sharp UI",Mediatek MT6750T (28 nm),28,Octa-core (4x1.5 GHz Cortex-A53 & 4x1.2 GHz Cortex-A53),Mali-T860MP2,3,3,32,32,eMMC 5.1,13.0,2,2.0,No,,No,"LED flash, panorama, HDR",1080p@30fps,13.0,No,,1080p@30fps,"Wi-Fi 802.11 b/g/n, Wi-Fi Direct",Yes,4.0,Micro-USB,Yes,GPS,"Fingerprint (rear-mounted), accelerometer, proximity",4000,,,No,,,300.0,,,,,,,,Black,SH-A01,,0.47 W/kg (head),"Stereo FM radio, RDS"
Sharp,Sharp Aquos C10,https://www.gsmarena.com/sharp_aquos_c10-9274.php,https://fdn2.gsmarena.com/vv/bigpic/sharp-aquous-c10-.jpg,GSM / HSPA / LTE,No,"2018, July. Released 2018, July",Discontinued,141.8 x 72 x 7.9 mm (5.58 x 2.83 x 0.31 in),140.0,Glass,,Nano-SIM + Nano-SIM,IPS LCD,,5.5,1080x2040,420,79.0,Corning Gorilla Glass (unspecified versi,"Android 8.0 (Oreo), Sharp UI",Qualcomm SDM630 Snapdragon 630 (14 nm),14,Octa-core (4x2.2 GHz Cortex-A53 & 4x1.8 GHz Cortex A53),Adreno 508,4,4,64,64,,12.0,2,1.8,No,1/2.55,No,"Dual-LED dual-tone flash, panorama, HDR",1080p@30fps,8.0,No,1080p@30fps,1080p@30fps,"Wi-Fi 802.11 a/b/g/n/ac, dual-band, Wi-Fi Direct",Yes,5.0,Type-C,No,"GPS, GLONASS, GALILEO","Fingerprint (front-mounted), accelerometer, gyro, proximity, compass",2700,18,,No,,,400.0,,,,,,,,Black,,,0.35 W/kg (head),FM radio
Sharp,Sharp Aquos S3 High,https://www.gsmarena.com/sharp_aquos_s3_high-9233.php,https://fdn2.gsmarena.com/vv/bigpic/sharp-aquos-s3-1.jpg,GSM / CDMA / HSPA / LTE,No,"2018, June. Released 2018, July",Discontinued,148.2 x 74.2 x 8 mm (5.83 x 2.92 x 0.31 in),167.4,,,Nano-SIM + Nano-SIM,IGZO IPS LCD,,6.0,1080x2160,402,84.5,,Android 8.0 (Oreo),Qualcomm SDM660 Snapdragon 660 (14 nm),14,Octa-core (4x2.2 GHz Kryo 260 Gold & 4x1.8 GHz Kryo 260 Silver),Adreno 512,8,8,64,64,eMMC 5.1,12.0,2,1.8,No,1/2.55,No,"Dual-LED dual-tone flash, HDR, panorama",1080p@30fps,16.0,No,,1080p@30fps,"Wi-Fi 802.11 a/b/g/n/ac, dual-band, Wi-Fi Direct",Yes,5.0,Type-C,Yes,"GPS, GLONASS","Fingerprint (front-mounted), accelerometer, gyro, proximity, compass",3200,18,5,No,,,400.0,,,,,,,,"Black, Gold",,,,No
Sharp,Sharp Aquos R2,https://www.gsmarena.com/sharp_aquos_r2-9193.php,https://fdn2.gsmarena.com/vv/bigpic/sharp-aquos-r2.jpg,GSM / CDMA / HSPA / LTE,No,"2018, May. Released 2018, May",Discontinued,156 x 74 x 9 mm (6.14 x 2.91 x 0.35 in),181.0,,,Nano-SIM + Nano-SIM,IGZO IPS LCD,,6.0,1440x3040,561,77.8,,"Android 8.0 (Oreo), upgradable to Android 10",Qualcomm SDM845 Snapdragon 845 (10 nm),10,Octa-core (4x2.6 GHz Kryo 385 Gold & 4x1.7 GHz Kryo 385 Silver),Adreno 630,4,4,64,64,,22.6,2,,No,,Yes,"LED flash, HDR, panorama",4K@30fps (dedicated video camera),16.3,No,,,"Wi-Fi 802.11 a/b/g/n/ac, dual-band, Wi-Fi Direct",Yes,5.0,Type-C,Yes,"GPS, GLONASS","Fingerprint (front-mounted), accelerometer, gyro, proximity, compass",3130,10,,No,,,350.0,,,,,,,,"Black, White","706SH, SHV42",,,No
Sharp,Sharp Aquos S3,https://www.gsmarena.com/sharp_aquos_s3-9138.php,https://fdn2.gsmarena.com/vv/bigpic/sharp-aquos-s3-1.jpg,GSM / CDMA / HSPA / LTE,No,"2018, March. Released 2018, April",Discontinued,148.2 x 74.2 x 8 mm (5.83 x 2.92 x 0.31 in),165.4,,,Nano-SIM + Nano-SIM,IGZO IPS LCD,,6.0,1080x2160,402,84.5,,Android 8.0 (Oreo),Qualcomm SDM630 Snapdragon 630 (14 nm),14,Octa-core 2.2 GHz Cortex-A53,Adreno 508,6,6,64,64,,12.0,2,1.8,No,1/2.55,No,"Dual-LED dual-tone flash, HDR, panorama",1080p@30fps,16.0,No,,1080p@30fps,"Wi-Fi 802.11 a/b/g/n/ac, dual-band, Wi-Fi Direct",Yes,5.0,Type-C,Yes,"GPS, GLONASS","Fingerprint (rear-mounted), accelerometer, gyro, proximity, compass",3200,18,,No,,,400.0,,,,,,,,"Black,Blue, Gold",FS8032,,,No
Sharp,Sharp Aquos S3 mini,https://www.gsmarena.com/sharp_aquos_s3_mini-8822.php,https://fdn2.gsmarena.com/vv/bigpic/sharp-aquos-s3-mini.jpg,GSM / CDMA / HSPA / LTE,No,"2018, March. Released 2018, March",Discontinued,142.7 x 73 x 7.8 mm (5.62 x 2.87 x 0.31 in),140.0,Glass,,Nano-SIM + Nano-SIM,IGZO IPS LCD,,5.5,1080x2040,420,77.5,,Android 7.1.1 (Nougat),Qualcomm SDM630 Snapdragon 630 (14 nm),14,Octa-core 2.2 GHz Cortex-A53,Adreno 508,6,6,64,64,,16.0,1,2.0,No,,No,"LED flash, HDR, panorama",1080p@30fps,20.0,No,,1080p@30fps,"Wi-Fi 802.11 b/g/n, Wi-Fi Direct",No,4.2,Type-C,Yes,GPS,"Fingerprint (front-mounted), accelerometer, gyro, proximity, compass",3020,10,,No,,,250.0,,,,,,,,"Black,Blue, Gold",,,,No
Sharp,Sharp Pi,https://www.gsmarena.com/sharp_pi-9060.php,https://fdn2.gsmarena.com/vv/bigpic/sharp-pi.jpg,GSM / HSPA / LTE,No,"2018, February. Released 2018, March",Discontinued,-,,,,Nano-SIM + Nano-SIM,IPS LCD,,5.2,720x1280,282,,Scratch-resistant glass,Android 7.0 (Nougat),Mediatek MT6737M (28 nm),28,Quad-core 1.3 GHz Cortex-A53,Mali-T720,2,2,16,16,eMMC 5.0,13.0,2,2.2,No,,No,"LED flash, panorama, HDR",1080p@30fps,8.0,No,,,"Wi-Fi 802.11 b/g/n, Wi-Fi Direct",No,4.0,Micro-USB,No,GPS,"Fingerprint (front-mounted), accelerometer, proximity",3000,,,No,,,110.0,,,,,,,,"White/Gold, black",,,,FM radio
Sharp,Sharp R1S,https://www.gsmarena.com/sharp_r1s-9059.php,https://fdn2.gsmarena.com/vv/bigpic/sharp-r1s1.jpg,GSM / HSPA / LTE,No,"2018, February. Released 2018, March",Discontinued,-,,,,Nano-SIM + Nano-SIM,IPS LCD,,5.5,720x1280,267,,,Android 7.0 (Nougat),Mediatek MT6750 (28 nm),28,Octa-core (4x1.5 GHz Cortex-A53 & 4x1.0 GHz Cortex-A53),Mali-T860MP2,3,3,32,32,eMMC 5.1,13.0,2,2.0,No,,No,"Dual-LED dual-tone flash, panorama, HDR",1080p@30fps,5.0,No,,,Wi-Fi 802.11 b/g/n,No,4.2,Micro-USB,No,GPS,"Fingerprint (front-mounted), accelerometer, proximity",5000,,,No,,,170.0,,,,,,,,Black,"FS8028, FS8014",,,FM radio
Sharp,Sharp Aquos S2,https://www.gsmarena.com/sharp_aquos_s2-8797.php,https://fdn2.gsmarena.com/vv/bigpic/sharp-aquos-s2.jpg,GSM / CDMA / HSPA / LTE,No,"2017, August. Released 2017, August",Discontinued,141.8 x 72 x 7.9 mm (5.58 x 2.83 x 0.31 in),140.0,Glass,,Nano-SIM + Nano-SIM,IPS LCD,,5.5,1080x2040,420,79.0,Corning Gorilla Glass (unspecified versi,Android 7.1.1 (Nougat),Qualcomm SDM630 Snapdragon 630 (14 nm) - 64/4GB Qualcomm SDM660 Snapdragon 660 (14 nm) - 128/6GB,14,Octa-core (4x2.2 GHz Cortex-A53 & 4x1.8 GHz Cortex A53) - 64/4GB Octa-core (4x2.2 GHz Kryo 260 Gold & 4x1.8 GHz Kryo 260 Silver) - 128/6GB,Adreno 508 - 64/4GB Adreno 512 - 128/6GB,4,6,64,128,eMMC 5.1,12.0,2,1.8,No,1/2.55,No,"Dual-LED dual-tone flash, panorama, HDR",1080p@30fps,8.0,No,,,"Wi-Fi 802.11 a/b/g/n/ac, dual-band, Wi-Fi Direct",Yes,4.2,Type-C,No,"GPS, GLONASS, BDS","Fingerprint (front-mounted), accelerometer, gyro, proximity, compass",3020,10,,No,,,450.0,,,,4046,,,,"White, Black, Blue, Green",FS8010,,,No
Sharp,Sharp Z3,https://www.gsmarena.com/sharp_z3-8787.php,https://fdn2.gsmarena.com/vv/bigpic/sharp-z3.jpg,GSM / CDMA / HSPA / LTE,No,"2017, April. Released 2017, April",Discontinued,157 x 78.5 x 7.8 mm (6.18 x 3.09 x 0.31 in),185.0,,,Nano-SIM + Nano-SIM,IPS LCD,,5.7,1440x2560,515,72.7,Corning Gorilla Glass (unspecified versi,Android 7.0 (Nougat),Qualcomm MSM8976 Snapdragon 652 (28 nm),28,Octa-core (4x1.8 GHz Cortex-A72 & 4x1.4 GHz Cortex-A53),Adreno 510,4,4,64,64,eMMC 5.1,16.0,1,2.0,Yes,,No,"Dual-LED flash, panorama, HDR",1080p@30fps,13.0,No,,,"Wi-Fi 802.11 a/b/g/n/ac, dual-band, Wi-Fi Direct",No,4.0,Micro-USB,Yes,GPS,"Fingerprint (front-mounted), accelerometer, gyro, proximity, compass",3100,10,,No,,,380.0,,,,,,,,Champagne Gold,"Z3, FS8009",,,FM radio
Sharp,Sharp Z2,https://www.gsmarena.com/sharp_z2-8410.php,https://fdn2.gsmarena.com/vv/bigpic/sharp-z2.jpg,GSM / HSPA / LTE,No,"2016, October. Released 2016, October",Discontinued,153 x 76 x 8.4 mm (6.02 x 2.99 x 0.33 in),160.0,,,Nano-SIM + Nano-SIM,IPS LCD,,5.5,1080x1920,401,71.7,Corning Gorilla Glass (unspecified versi,Android 6.0 (Marshmallow),Mediatek MT6797 Helio X20 (20 nm),20,"Deca-core (2x2.3GHz Cortex-A72, 4x2.0GHz Cortex-A53, 4x1.4GHz Cortex-A53)",Mali-T880 MP4,4,4,32,32,,16.0,1,,No,,No,"LED flash, panorama, HDR",1080p@30fps,8.0,No,,,Wi-Fi 802.11 a/b/g/n,No,4.1,Type-C,Yes,"GPS, GLONASS","Fingerprint (rear-mounted), accelerometer, gyro, proximity, compass",3000,,,No,,,330.0,,,,,,,,"Silver, Gold",FS8002,,,FM radio
Sharp,Sharp MS1,https://www.gsmarena.com/sharp_ms1-8409.php,https://fdn2.gsmarena.com/vv/bigpic/sharp-ms1.jpg,GSM / HSPA / LTE,No,"2016, October. Released 2016, October",Discontinued,155 x 76.9 x 7.6 mm (6.10 x 3.03 x 0.30 in),151.0,,,Nano-SIM + Nano-SIM,IPS LCD,,5.5,1080x1920,401,70.0,Corning Gorilla Glass (unspecified versi,Android 6.0 (Marshmallow),Mediatek MT6753 (28 nm),28,Octa-core 1.3 GHz Cortex-A53,Mali-T720MP3,3,3,64,64,,13.0,1,,No,,No,"LED flash, panorama, HDR",1080p@30fps,13.0,No,,,Wi-Fi 802.11 a/b/g/n,No,4.1,Micro-USB,Yes,GPS,"Accelerometer, proximity, compass",2600,,,No,,,240.0,,,,,,,,"Hanayome White, Pure Pink",FS8001,,,FM radio
Sharp,Sharp Aquos Xx,https://www.gsmarena.com/sharp_aquos_xx-7252.php,https://fdn2.gsmarena.com/vv/bigpic/sharp-aquos-xx.jpg,GSM / HSPA / LTE,No,"2015, May. Released 2015, July",Discontinued,146 x 79 x 8.7 mm (5.75 x 3.11 x 0.34 in),168.0,,,Nano-SIM,S-PureLED,,5.7,1080x1920,386,77.7,,Android 5.0 (Lollipop),Qualcomm MSM8994 Snapdragon 810 (20 nm),20,Octa-core (4x1.5 GHz Cortex-A53 & 4x2.0 GHz Cortex-A57),Adreno 430,3,3,32,32,eMMC 5.0,13.0,1,,No,,Yes,"LED flash, panorama, HDR","4K@30fps, 1080p@120fps, 480p@210fps",2.1,No,,1080p@30fps,"Wi-Fi 802.11 a/b/g/n/ac, dual-band, hotspot",Yes,4.1,Micro-USB,Yes,GPS,"Accelerometer, gyro, proximity, compass",3000,,,No,,,340.0,,,,,,,,"Black, White, Red","304SH, 404SH",,,No
Sharp,Sharp Aquos Crystal 2,https://www.gsmarena.com/sharp_aquos_crystal_2-7251.php,https://fdn2.gsmarena.com/vv/bigpic/sharp-aquos-crystal-2.jpg,GSM / HSPA / LTE,No,"2015, May. Released 2015, July",Discontinued,136 x 71 x 11 mm (5.35 x 2.80 x 0.43 in),154.0,Glass,,Nano-SIM,S-PureLED,,5.2,720x1280,282,77.2,,Android 5.0 (Lollipop),Qualcomm MSM8926 Snapdragon 400 (28 nm),28,Quad-core 1.2 GHz Cortex-A7,Adreno 305,2,2,16,16,eMMC 4.5,8.0,1,,No,,No,"LED flash, panorama, HDR",1080p@30fps,2.1,No,,,Wi-Fi 802.11 b/g,Yes,4.0,Micro-USB,Yes,GPS,"Accelerometer, proximity, compass",2030,,,No,,,300.0,,,,,,,,"Black, White, Red, Blue",403SH,,,No
Sharp,Sharp Aquos Crystal,https://www.gsmarena.com/sharp_aquos_crystal-6590.php,https://fdn2.gsmarena.com/vv/bigpic/sharp-aquos-crystal.jpg,CDMA / EVDO / LTE,No,"2014, August. Released 2014, August",Discontinued,131 x 67 x 10 mm (5.16 x 2.64 x 0.39 in),141.0,Glass,,Micro-SIM,TFT,,5.0,720x1280,294,78.5,,Android 4.4.2 (KitKat),Qualcomm MSM8926 Snapdragon 400 (28 nm),28,Quad-core 1.2 GHz Cortex-A7,Adreno 305,5,5,5,8,eMMC 4.5,8.0,1,,No,,No,"LED flash, panorama, HDR",1080p@30fps,1.2,No,,,"Wi-Fi 802.11 b/g/n, hotspot",No,4.0,Micro-USB,Yes,GPS,"Accelerometer, proximity, compass",2040,,,No,,,180.0,,,,,,,,"Black, White","305SH, 306SH, SH825Wi",,,No
Sharp,Sharp SH530U,https://www.gsmarena.com/sharp_sh530u-5056.php,https://fdn2.gsmarena.com/vv/bigpic/sharp-sh530u.jpg,GSM / HSPA,No,"2012, October. Released 2012, October",Discontinued,146.5 x 81 x 9.9 mm (5.77 x 3.19 x 0.39 in),168.8,,,"Dual SIM (Mini-SIM, dual stand-by)",TFT,,5.0,480x800,187,60.0,,Android 4.0 (Ice Cream Sandwich),Mediatek MT6577 (40 nm),40,Dual-core 1.0 GHz Cortex-A9,PowerVR SGX531u,,,20,20,,5.0,1,,No,,No,,Yes,,No,,,"Wi-Fi 802.11 b/g/n, hotspot",No,4.0,Micro-USB,Yes,GPS,"Accelerometer, proximity, compass",1950,,,No,,,320.0,,,,,,,,"Snowy White, Cherry Red",,,,No
Sharp,Sharp SE-02,https://www.gsmarena.com/sharp_se_02-4632.php,https://fdn2.gsmarena.com/vv/bigpic/sharp-se-02.jpg,GSM,No,2012,Discontinued,107 x 52 x 12 mm (4.21 x 2.05 x 0.47 in),88.5,,,Mini-SIM,"TFT, 256K colors",,2.8,240x400,167,40.1,,,,,,,,,,,,3.15,1,,No,,No,,480p,,No,,,No,,2.1,Micro-USB,,,Accelerometer,1240,,,No,,,,,,,,,,,"Black, red",,,,FM radio
Sharp,Sharp Aquos SH80F,https://www.gsmarena.com/sharp_aquos_sh80f-4207.php,https://fdn2.gsmarena.com/vv/bigpic/orange-sharp-AQUOS-PHONE-SH80F.jpg,GSM / HSPA,No,"2011, September. Released 2011, October",Discontinued,127 x 64 x 11.9 mm (5.0 x 2.52 x 0.47 in),135.0,,,Mini-SIM,3D LCD,,4.2,540x960,262,59.8,,Android 2.3 (Gingerbread),,,1.0 GHz Scorpion,Adreno 205,,,2,2,,8.0,1,,No,,No,LED flash,"1080p (2D), 720p (3D)",,No,,,"Wi-Fi 802.11 b/g/n, DLNA, hotspot",,3.0,Micro-USB,Yes,"GPS, A-GPS","Accelerometer, proximity, compass",1240,,,No,,,470.0,,,,,,,,Black,,,,"Stereo FM radio, RDS"
Sharp,Sharp Aquos SH8298U,https://www.gsmarena.com/sharp_aquos_sh8298u-4149.php,https://fdn2.gsmarena.com/vv/bigpic/sharp-aquos-sh8298u.jpg,GSM / HSPA,No,"2011, September. Released 2011, September",Discontinued,-,,,,Mini-SIM,3D LCD,,4.2,540x960,262,,,Android 2.3.4 (Gingerbread),,,1.4 GHz Scorpion,Adreno 205,,,2,2,,8.0,1,,No,,No,LED flash,Yes,,No,,,"Wi-Fi 802.11 b/g/n, DLNA, hotspot",,3.0,Micro-USB,Yes,"GPS, A-GPS","Accelerometer, proximity, compass",1240,,,No,,,,,,,,,,,"Black, red, white",,,,"Stereo FM radio, RDS"
Sharp,Sharp FX,https://www.gsmarena.com/sharp_fx-3460.php,https://fdn2.gsmarena.com/vv/bigpic/sharp-fx.jpg,GSM / HSPA,No,"2010, July. Released 2010, July",Discontinued,114.3 x 55.9 x 15.2 mm (4.5 x 2.20 x 0.60 in),141.8,,,Mini-SIM,"TFT, 256K colors",,3.0,400x240,155,40.1,,,,,,,,,,,,2.0,1,,No,,No,,Yes,,No,,,No,,2.1,2.0,No,No,,1240,,,No,,,210.0,,,,,,,,Black,,,,Stereo FM radio
Sharp,Sharp AQUOS  941SH,https://www.gsmarena.com/sharp_aquos__941sh-3142.php,https://fdn2.gsmarena.com/vv/bigpic/sharp-aquos-941sh.jpg,GSM / HSPA,No,"2009, October. Released 2010, January",Discontinued,119 x 53 x 16.6 mm (4.69 x 2.09 x 0.65 in),130.0,,,Mini-SIM,"TFT resistive touchscreen, 16M colors",,4.0,480x1024,283,62.9,,,,,,,,,,,,8.0,1,,No,,No,LED flash,Yes,,No,,,Wi-Fi 802.11 b/g,,2.0,2.0,No,"GPS, A-GPS","Accelerometer, proximity",,,,No,,,,,,,,,,,"Black, Blue, Red, White",,,,No
Sharp,Sharp 940SH,https://www.gsmarena.com/sharp_940sh-3143.php,https://fdn2.gsmarena.com/vv/bigpic/sharp-940sh.jpg,GSM / HSPA,No,"2009, December. Released 2010, January",Discontinued,111 x 51 x 16 mm (4.37 x 2.01 x 0.63 in),130.0,,,Mini-SIM,"TFT resistive touchscreen, 16M colors",,3.4,854x480,288,56.3,,,,,,,,,,,,12.0,1,,No,,No,Xenon flash,320p@100fps,,No,,,Wi-Fi 802.11 b/g,,2.1,2.0,No,"GPS, A-GPS",,,,,No,,,,,,,,,,,"Black, Blue, Red, White, Brown",,,,No
Sharp,Sharp 936SH,https://www.gsmarena.com/sharp_936sh-3053.php,https://fdn2.gsmarena.com/vv/bigpic/sharp-936sh.jpg,GSM / HSPA,No,"2009, September. Released 2009, September",Discontinued,108 x 50 x 15.9 mm (4.25 x 1.97 x 0.63 in),129.0,,,Mini-SIM,"TFT, 16M colors",,3.0,854x480,327,45.9,,,,,,,,,,,,8.0,1,,No,,No,,w480p@30fps,,No,,,No,,2.1,2.0,No,No,,,,,No,,,,,,,,,,,"Navy, White, Green ground",,,,No
Sharp,Motorola Edge (2026),https://www.gsmarena.com/motorola_edge_5g_(2026)-14705.php,https://fdn2.gsmarena.com/vv/bigpic/motorola-edge-2026.jpg,GSM / HSPA / LTE / 5G,Yes,"2026, June 02","Coming soon. Exp. release 2026, June 11",-,,,IP68,Nano-SIM + eSIM,"AMOLED, 1B colors, 120Hz, HDR, 5200 nits (peak)",120,6.3,1220x2712,472,81.3,Gorilla Glass 7i,Android 16,Mediatek Dimensity 7450 (4 nm),4,Octa-core (4x2.6 GHz Cortex-A78 & 4x2.0 GHz Cortex-A55),Mali-G615 MC2,8,8,128,128,UFS,50.0,3,1.8,Yes,1/1.56,Yes,"LED flash, HDR, panorama","4K@30fps, 1080p@30/60/120fps, gyro-EIS",50.0,Yes,HDR,"4K@30fps, 1080p@30fps",Yes,Yes,,Type-C,No,"GPS, GLONASS, GALILEO, BDS, NavIC","Fingerprint (under display, optical), accelerometer, gyro, proximity, compass, barometer",5500,60,15,No,,,520.0,,,,,,,,Pantone: Martini Olive,,,,No
Sharp,Sharp 934SH,https://www.gsmarena.com/sharp_934sh-3052.php,https://fdn2.gsmarena.com/vv/bigpic/sharp-934sh.jpg,GSM / HSPA,No,"2009, August. Released 2009, August",Discontinued,108 x 50 x 15.9 mm (4.25 x 1.97 x 0.63 in),129.0,,,Mini-SIM,"TFT, 16M colors",,3.0,854x480,327,45.9,,,,,,,,,,,,8.0,1,,No,,No,,w480p@30fps,,No,,,No,,2.1,2.0,No,No,Accelerometer,,,,No,,,,,,,,,,,"White, Pink, Black, Brown Wood",,,,No
Sharp,Sharp 930SH,https://www.gsmarena.com/sharp_930sh-2768.php,https://fdn2.gsmarena.com/vv/bigpic/sharp-930sh.jpg,GSM / HSPA,No,"2008, October. Released 2008, November",Discontinued,105 x 48 x 15.2 mm (4.13 x 1.89 x 0.60 in),110.0,,,Mini-SIM,"TFT, 16M colors",,3.0,854x480,327,49.2,,,,,,,,,,,,8.0,1,,No,,No,,w480p@30fps,,No,,,No,,2.0,2.0,No,No,Accelerometer,680,,,No,,,,,,,,,,,"Black, Blue Green, Pink, White Silver, Silver Violet",,,,No
Sharp,Sharp 923SH,https://www.gsmarena.com/sharp_923sh-2762.php,https://fdn2.gsmarena.com/vv/bigpic/sharp-923sh.jpg,GSM / HSPA,No,"2008, June. Released 2008 July",Discontinued,113 x 50 x 18.6 mm (4.45 x 1.97 x 0.73 in),132.0,,,Mini-SIM,"TFT, 16M colors",,3.3,854x480,297,53.1,,,,,,,,,,,,5.0,1,,No,,No,,w480p@30fps,,No,,,No,,2.0,2.0,No,GPS,"Accelerometer, compass",790,,,No,,,,,,,,,,,"Black, Blue, Pink, White, Purple",,,,No
Sharp,Sharp 825SH,https://www.gsmarena.com/sharp_825sh-2761.php,https://fdn2.gsmarena.com/vv/bigpic/sharp-825sh.jpg,GSM / HSPA,No,"2008, June. Released 2008, July",Discontinued,102.9 x 48 x 14.9 mm (4.05 x 1.89 x 0.59 in),105.0,,,Mini-SIM,"TFT, 16M colors",,2.8,240x400,167,45.2,,,,,,,,,,,,2.0,1,,No,,No,,320p@15fps,,No,,,No,,2.0,2.0,No,No,Accelerometer,680,,,No,,,,,,,,,,,"Black, White, Peach Pink, Rose Red, Lime Green, Lemon Yellow",,,,No
Sharp,Sharp SX862,https://www.gsmarena.com/sharp_sx862-2371.php,https://fdn2.gsmarena.com/vv/bigpic/sharp-sx862.jpg,GSM / HSPA,No,"2008, May. Released 2008",Discontinued,110 x 50 x 18 mm (4.33 x 1.97 x 0.71 in),120.0,,,Mini-SIM,"TFT, 256K colors",,3.2,854x480,306,51.3,,,,,,,,,,,,3.15,1,,No,,No,,480p,,No,,,No,,2.0,2.0,No,No,,,,,No,,,,,,,,,,,"Black, Silver",,,,No
Sharp,Sharp GX18,https://www.gsmarena.com/sharp_gx18-2335.php,https://fdn2.gsmarena.com/vv/bigpic/sharp-gx18.jpg,GSM,No,"2008, March. Released 2008, June",Discontinued,106 x 45 x 11.5 mm (4.17 x 1.77 x 0.45 in),70.0,,,Mini-SIM,"TFT, 65K colors",,1.8,128x160,114,21.4,,,,,,,,,,,,,1,,No,,No,,Yes,,No,,,No,,2.0,miniUSB,No,No,,,,,No,,,60.0,,,,,,,,Crystal Black with Matt Silver,,,,No
Sharp,Sharp 880SH,https://www.gsmarena.com/sharp_880sh-2099.php,https://fdn2.gsmarena.com/vv/bigpic/sharp-880sh.gif,GSM / HSPA,No,"2007, September",Discontinued,101 x 47.8 x 15 mm (3.98 x 1.88 x 0.59 in),93.0,,,Mini-SIM,"TFT, 256K colors",,2.2,240x320,182,31.0,,,,,,,,,,,,2.0,1,,No,,No,LED flash,320p,,No,,,No,,2.0,2.0,No,No,,,,,No,,,,,,,,,,,Black,,,,FM radio
Sharp,Sharp GX34,https://www.gsmarena.com/sharp_gx34-2184.php,https://fdn2.gsmarena.com/vv/bigpic/sharp-gx34.jpg,GSM,No,"2007, November. Released 2007, November",Discontinued,93 x 44.6 x 21 mm (3.66 x 1.76 x 0.83 in),87.0,,,Mini-SIM,"TFT, 256K colors",,1.9,176x220,148,27.4,,,,,,,,,,,,2.0,1,,No,,No,,QCIF,,No,,,No,,2.0,2.0,No,No,,,,,No,,,,,,,,,,,Black,,,,No
Sharp,Sharp GX33,https://www.gsmarena.com/sharp_gx33-2058.php,https://fdn2.gsmarena.com/vv/bigpic/sharp-gx33.gif,GSM,No,"2007, Q3",Discontinued,93 x 44.6 x 21 mm (3.66 x 1.76 x 0.83 in),87.0,,,Mini-SIM,"TFT, 256K colors",,1.9,176x220,148,27.4,,,,,,,,,,,,,1,,No,,No,,SQCIF,,No,,,No,,2.0,2.0,No,No,,,,,No,,,,,,,,,,,Black,,,,No
Sharp,Sharp 705SH,https://www.gsmarena.com/sharp_705sh-1570.php,https://fdn2.gsmarena.com/vv/bigpic/sharp-705sh.gif,GSM / UMTS,No,"2006, May",Discontinued,101 x 50 x 17 mm (3.98 x 1.97 x 0.67 in),104.0,,,Mini-SIM,"TFT, 256K colors",,2.2,240x320,182,29.7,,,,,,,,,,,,2.0,1,,No,,No,,Yes,,No,,,No,,,Proprietary,No,No,,,,,No,,,,,,,,,,,"Gold, Royal Black, Silky Pink",,,,No
Sharp,Sharp 904,https://www.gsmarena.com/sharp_904-1490.php,https://fdn2.gsmarena.com/vv/bigpic/sharp-904sh.gif,GSM / UMTS,No,"2006, February",Discontinued,104 x 50 x 28 mm (4.09 x 1.97 x 1.10 in),151.0,,,Mini-SIM,"TFT, 256K colors",,2.4,480x640,333,34.3,,,,,,,,,,,,3.15,1,,No,,No,LED flash,Yes,,No,,,No,,,Proprietary,No,No,,,,,No,,,,,,,,,,,"Violet, Black, Blue",,,,No
Sharp,Sharp 770SH,https://www.gsmarena.com/sharp_770sh-1519.php,https://fdn2.gsmarena.com/vv/bigpic/sharp-770sh.gif,GSM / UMTS,No,"2006, March",Discontinued,101 x 50 x 17.1 mm (3.98 x 1.97 x 0.67 in),101.0,,,Mini-SIM,"TFT, 256K colors",,2.2,240x320,182,29.7,,,,,,,,,,,,1.3,1,,No,,No,,QCIF,,No,,,No,,1.1,Proprietary,No,No,,820,,,No,,,,,,,,,,,"Silver, Black",,,,No
Sharp,Sharp 550SH,https://www.gsmarena.com/sharp_550sh-1474.php,https://fdn2.gsmarena.com/vv/bigpic/sharp-550sh.gif,GSM / UMTS,No,"2006, February",Discontinued,111 x 47 x 18.5 mm (4.37 x 1.85 x 0.73 in),98.0,,,Mini-SIM,"TFT, 256K colors",,2.0,240x320,200,23.7,,,,,,,,,,,,1.3,1,,No,,No,,QCIF,,No,,,No,,1.1,Proprietary,No,No,,,,,No,,,,,,,,,,,,,,,No
Sharp,Sharp GX29,https://www.gsmarena.com/sharp_gx29-1473.php,https://fdn2.gsmarena.com/vv/bigpic/sharp-gx29.gif,GSM,No,"2006, February",Discontinued,93.8 x 46 x 20.3 mm (3.69 x 1.81 x 0.80 in),92.0,,,Mini-SIM,"TFT, 256K colors",,2.0,240x320,200,28.7,,,,,,,,,,,,,1,,No,,No,,SQCIF,,No,,,No,,1.1,Proprietary,No,No,,,,,No,,,,,,,,,,,Silver,,,,No
Sharp,Sharp 903,https://www.gsmarena.com/sharp_903-1241.php,https://fdn2.gsmarena.com/vv/bigpic/sharp-903.gif,GSM / UMTS,No,"2005, July",Discontinued,109 x 50 x 29 mm (4.29 x 1.97 x 1.14 in),140.0,,,Mini-SIM,"TFT, 256K colors",,2.4,240x320,167,32.7,,,,,,,,,,,,3.15,1,,No,,No,LED flash,320p,,No,,,No,,1.1,Proprietary,No,No,,900,,,No,,,,,,,,,,,Black,,,,No
Sharp,Sharp 703,https://www.gsmarena.com/sharp_703-1240.php,https://fdn2.gsmarena.com/vv/bigpic/sharp-703.gif,GSM / UMTS,No,"2005, July",Discontinued,99 x 47 x 23 mm (3.90 x 1.85 x 0.91 in),107.0,,,Mini-SIM,"TFT, 256K colors",,2.0,240x320,200,26.6,,,,,,,,,,,,1.3,1,,No,,No,,320p,,No,,,No,,1.1,Proprietary,No,No,,,,,No,,,,,,,,,,,Black,,,,No
Sharp,Sharp GX17,https://www.gsmarena.com/sharp_gx17-1246.php,https://fdn2.gsmarena.com/vv/bigpic/sharp-gx17.gif,GSM,No,"2005, Q1",Discontinued,106 x 45.5 x 17.4 mm (4.17 x 1.79 x 0.69 in),85.0,,,Mini-SIM,"TFT, 65K colors",,1.9,120x160,105,23.2,,,,,,,,,,,,,1,,No,,No,,Yes,,No,,,No,,1.1,Proprietary,No,No,,,,,No,,,,,,,,,,,,,,,No
Sharp,Sharp GX40,https://www.gsmarena.com/sharp_gx40-1466.php,https://fdn2.gsmarena.com/vv/bigpic/sharp-gx40.gif,GSM,No,"2005, Q2",Discontinued,93 x 46 x 22 mm (3.66 x 1.81 x 0.87 in),98.0,,,Mini-SIM,"TFT, 256K colors",,,240x320,,,,,,,,,,,,,,1.3,1,,No,,No,,QCIF,,No,,,No,,1.1,Proprietary,No,No,,,,,No,,,,,,,,,,,,,,,FM radio
Sharp,Sharp 902,https://www.gsmarena.com/sharp_902-895.php,https://fdn2.gsmarena.com/vv/bigpic/sh902.gif,GSM / UMTS,No,"2004, Q3",Discontinued,102 x 50 x 26 mm (4.02 x 1.97 x 1.02 in),149.0,,,Mini-SIM,"TFT, 256K colors",,2.4,240x320,167,35.0,,,,,,,,,,,,2.0,1,,No,,No,LED flash,Yes,,No,,,No,,1.1,miniUSB,No,No,,870,,,No,,,,,,,,,,,"Mirror White, Titanium Gray, Warm Orange",,,,No
Sharp,Sharp 802,https://www.gsmarena.com/sharp_802-896.php,https://fdn2.gsmarena.com/vv/bigpic/sh802.gif,GSM / UMTS,No,"2004, Q3",Discontinued,102 x 50 x 26 mm (4.02 x 1.97 x 1.02 in),149.0,,,Mini-SIM,"TFT, 256K colors",,2.4,240x320,167,35.0,,,,,,,,,,,,1.3,1,,No,,No,LED flash,Yes,,No,,,No,,1.1,miniUSB,No,No,,870,,,No,,,,,,,,,,,Silver,,,,No
Sharp,Sharp TM200,https://www.gsmarena.com/sharp_tm200-938.php,https://fdn2.gsmarena.com/vv/bigpic/shtm200.gif,GSM,No,"2004, Q4",Discontinued,96 x 49 x 27 mm (3.78 x 1.93 x 1.06 in),120.0,,,Mini-SIM,"TFT, 256K colors",,2.2,320x240,182,31.9,,,,,,,,,,,,2.0,1,,No,,No,LED flash,Yes,,No,,,No,,1.1,,No,No,,840,,,No,,,460.0,,,,,,,,,,,,No
Sharp,Sharp GX25/GZ200,https://www.gsmarena.com/sharp_gx25_gz200-924.php,https://fdn2.gsmarena.com/vv/bigpic/shgx25.gif,GSM,No,"2004, Q3",Discontinued,92 x 46 x 23.5 mm (3.62 x 1.81 x 0.93 in),90.0,,,Mini-SIM,"TFT, 256K colors",,,320x240,,,,,,,,,,,,,2.1 MB memory for gallery 0.8 MB memory for MMS 200 short messages,,1,,No,,No,LED flash,Yes,,No,,,No,,1.1,,No,No,,780,,,No,,,,,,,,,,,,,,,No
Sharp,Sharp TM150,https://www.gsmarena.com/sharp_tm150-872.php,https://fdn2.gsmarena.com/vv/bigpic/shtm150.gif,GSM,No,"2004, Q3",Discontinued,93 x 43 x 25 mm (3.66 x 1.69 x 0.98 in),113.0,,,Mini-SIM,"TFT, 256K colors",,2.2,240x320,182,37.5,,,,,,,,,,,,1.0,1,,No,,No,,Yes,,No,,,No,,,1.1,No,No,,780,,,No,,,,,,,,,,,,,,,No
Sharp,Sharp TM100,https://www.gsmarena.com/sharp_tm100-714.php,https://fdn2.gsmarena.com/vv/bigpic/shtm100.gif,GSM,No,"2004, Q1",Discontinued,100 x 49 x 19 mm (3.94 x 1.93 x 0.75 in),95.0,,,Mini-SIM,"CGS, 256K colors",,,240x320,,,,,,,,,,,,,,,1,,No,,No,,Yes,,No,,,No,,,Proprietary,No,No,,780,,,No,,,330.0,,,,,,,,,,,,No
Sharp,Sharp V801SH,https://www.gsmarena.com/sharp_v801sh-645.php,https://fdn2.gsmarena.com/vv/bigpic/shv801.gif,GSM / UMTS,No,"2004, Q1",Discontinued,102 x 50 x 26 mm (4.02 x 1.97 x 1.02 in),126.0,,,Mini-SIM,"TFT, 256K colors",,2.4,240x320,167,35.0,,,,,,,,,,,,1.0,1,,No,,No,,Yes,,No,,,No,,,Proprietary,No,No,,,,,No,,,,,,,,,,,"4 - Noble White, Precious Black, Shanghai Red...",,,,No
Sharp,Sharp GX30,https://www.gsmarena.com/sharp_gx30-629.php,https://fdn2.gsmarena.com/vv/bigpic/shgx30.gif,GSM,No,"2004, Q1",Discontinued,95 x 49 x 26 mm (3.74 x 1.93 x 1.02 in),110.0,,,Mini-SIM,"CGS, 256K colors",,2.2,240x320,182,32.2,,,,,,,,,,,Voice memo (max 10 sec each),1.0,1,,No,,No,LED flash,Yes,,No,,,No,,1.1,Proprietary,No,No,,780,,,No,,,,,,,,,,,,,,,No
Sharp,Sharp GX15/GZ100,https://www.gsmarena.com/sharp_gx15_gz100-779.php,https://fdn2.gsmarena.com/vv/bigpic/shgx15.gif,GSM,No,2004,Discontinued,105 x 45 x 18 mm (4.13 x 1.77 x 0.71 in),90.0,,,Mini-SIM,"TFT, 65K colors",,,120x160,,,,,,,,,,,,,,,1,,No,,No,,Yes,,No,,,No,,1.1,Proprietary,No,No,,780,,,No,,,,,,,,,,,Silver,,,,No
Sharp,Sharp GX22,https://www.gsmarena.com/sharp_gx22-595.php,https://fdn2.gsmarena.com/vv/bigpic/shgx22.gif,GSM,No,"2003, Q3",Discontinued,94 x 49 x 25 mm (3.70 x 1.93 x 0.98 in),102.0,,,Mini-SIM,"CGS, 256K colors",,,240x320,,,,,,,,,,,,,,,1,,No,,No,LED flash,No,,No,,,No,,,,No,No,,720,,,No,,,,,,,,,,,,,,,No
Sharp,Sharp GX20,https://www.gsmarena.com/sharp_gx20-510.php,https://fdn2.gsmarena.com/vv/bigpic/shgx20.gif,GSM,No,"2003, Q3",Discontinued,95 x 49 x 25 mm (3.74 x 1.93 x 0.98 in),102.0,,,Mini-SIM,"CGS, 65K colors",,,240x320,,,,,,,,,,,,,,,1,,No,,No,LED flash,Yes,,No,,,No,,,,No,No,,720,,,No,,,,,,,,,,,,,,,No
Sharp,Sharp GX10i,https://www.gsmarena.com/sharp_gx10i-461.php,https://fdn2.gsmarena.com/vv/bigpic/shgx10i.gif,GSM,No,"2003, May",Discontinued,94 x 49 x 27 mm (3.70 x 1.93 x 1.06 in),110.0,,,Mini-SIM,"TFT, 65K colors",,,120x160,,,,,,,,,,,,,700 KB memory for pictures 100 calendar entries 20 short messages 10 sec per voice memo record,,1,,No,,No,,No,,No,,,No,,,,No,No,,720,,,No,,,,,,,,,,,,,,,No
Sharp,Sharp GX10,https://www.gsmarena.com/sharp_gx10-460.php,https://fdn2.gsmarena.com/vv/bigpic/shgx10.gif,GSM,No,"2002, Oct",Discontinued,94 x 49 x 27 mm (3.70 x 1.93 x 1.06 in),110.0,,,Mini-SIM,"TFT, 65K colors",,,120x160,,,,,,,,,,,,,700 KB memory for pictures 100 calendar entries 20 short messages 10 sec per voice memo record,,1,,No,,No,,No,,No,,,No,,,,No,No,,720,,,No,,,,,,,,,,,,,,,No
Sharp,Sharp GX1,https://www.gsmarena.com/sharp_gx1-459.php,https://fdn2.gsmarena.com/vv/bigpic/shgx1.gif,GSM,No,"2002, Oct",Discontinued,133 x 46 x 23 mm (5.24 x 1.81 x 0.91 in),110.0,,,Mini-SIM,"GFC, 65K Colors",,,120x160,,,,,,,,,,,,,700 KB memory for pictures 100 calendar entries 20 short messages 10 sec per voice memo record,,1,,No,,No,,No,,No,,,No,,,,No,No,,720,,,No,,,,,,,,,,,,,,,No
Umidigi,Umidigi G100 Pro,https://www.gsmarena.com/umidigi_g100_pro-14542.php,https://fdn2.gsmarena.com/vv/bigpic/umidigi-g100-pro.jpg,GSM / HSPA / LTE,No,2026,Available. Released 2026,171 x 77.6 x 8.1 mm (6.73 x 3.06 x 0.32 in),210.0,Glass,,Nano-SIM + Nano-SIM,"IPS LCD, 120Hz",120,6.9,720x1640,260,85.2,,Android 15,Mediatek Helio G81 (12 nm),12,Octa-core (2x2.0 GHz Cortex-A75 & 6x1.8 GHz Cortex-A55),Mali-G52 MC2,4,8,128,256,,50.0,3,,No,,No,Ring-LED flash,1080p@30fps,16.0,No,,Yes,"Wi-Fi 802.11 a/b/g/n/ac, dual-band",Yes,5.0,Type-C,Yes,"GPS, GLONASS, GALILEO, BDS","Fingerprint (side-mounted), accelerometer, proximity",6000,20,,No,,,,,,,,,,,"Sand Black, Sand Silver",,,,FM radio
Umidigi,Umidigi G100x,https://www.gsmarena.com/umidigi_g100x-14541.php,https://fdn2.gsmarena.com/vv/bigpic/umidigi-g100x.jpg,GSM / HSPA / LTE,No,2026,Available. Released 2026,171 x 78 x 8.1 mm (6.73 x 3.07 x 0.32 in),193.0,Glass,,Nano-SIM + Nano-SIM,"IPS LCD, 120Hz",120,6.9,720x1640,260,84.8,,Android 15,Mediatek Helio G81 (12 nm),12,Octa-core (2x2.0 GHz Cortex-A75 & 6x1.8 GHz Cortex-A55),Mali-G52 MC2,4,4,128,128,,32.0,2,,No,,No,LED flash,1080p@30fps,8.0,No,,Yes,"Wi-Fi 802.11 a/b/g/n/ac, dual-band",No,5.2,Type-C,Yes,"GPS, GLONASS, GALILEO, BDS","Fingerprint (side-mounted), accelerometer, proximity, compass",5200,20,,No,,,,,,,,,,,"Sand Black, Sand Silver, Sand Green",,,,FM radio
Umidigi,Umidigi A75x,https://www.gsmarena.com/umidigi_a75x-14543.php,https://fdn2.gsmarena.com/vv/bigpic/umidigi-a75x.jpg,GSM / HSPA / LTE,No,2026,Available. Released 2026,168.3 x 78 x 8.1 mm (6.63 x 3.07 x 0.32 in),190.0,Glass,,Nano-SIM + Nano-SIM,"IPS LCD, 90Hz",90,6.75,720x1600,260,83.8,,Android 16 (Go edition),Unisoc SC9863A1 (22 nm),22,Octa-core (4x1.6 GHz Cortex-A55 & 4x1.2 GHz Cortex-A55),IMG8322,4,4,64,64,,13.0,2,,No,,No,LED flash,1080p@30fps,5.0,No,,Yes,Wi-Fi 802.11 b/g/n,No,4.2,Type-C,Yes,"GPS, GLONASS, GALILEO, BDS","Fingerprint (side-mounted), accelerometer, proximity, compass",5000,10,,No,,,,,,,,,,,"Black, Titanium, Cyan, Green",,,,FM radio
Umidigi,Umidigi Note 100 4G,https://www.gsmarena.com/umidigi_note_100-14271.php,https://fdn2.gsmarena.com/vv/bigpic/umidigi-note-100-4g.jpg,GSM / HSPA / LTE,No,"2025, October","Available. Released 2025, October",167.8 x 77.4 x 7.7 mm (6.61 x 3.05 x 0.30 in),190.0,Glass,,Nano-SIM + Nano-SIM,"IPS LCD, 120Hz",120,6.8,720x1600,258,86.0,,Android 14,Unisoc T615 (12 nm),12,Octa-core (2x1.8 GHz Cortex-A75 & 6x1.6 GHz Cortex-A55),Mali-G57 MP1,6,8,128,256,,50.0,3,,No,,No,LED flash,1080p@30fps,16.0,No,,Yes,"Wi-Fi 802.11 a/b/g/n/ac, dual-band",Yes,5.2,Type-C,Yes,"GPS, GLONASS, GALILEO, BDS","Fingerprint (side-mounted), accelerometer, proximity, compass",5000,20,,No,,,,,,,,,,,"Rock Black, Interstellar Blue, Starry White",,,,FM radio
Umidigi,Umidigi G9x,https://www.gsmarena.com/umidigi_g9x-13963.php,https://fdn2.gsmarena.com/vv/bigpic/umidigi-g9x.jpg,GSM / HSPA / LTE,No,"2025, June","Available. Released 2025, June",168.3 x 78 x 8.1 mm (6.63 x 3.07 x 0.32 in),190.0,Glass,,Nano-SIM + Nano-SIM,"IPS LCD, 90Hz",90,6.75,720x1600,260,83.8,,Android 14 (Go edition),Unisoc SC9863A1 (22 nm),22,Octa-core (4x1.6 GHz Cortex-A55 & 4x1.2 GHz Cortex-A55),IMG8322,4,4,64,128,,13.0,2,,No,,No,LED flash,Yes,5.0,No,,Yes,Wi-Fi 802.11 b/g/n,No,4.2,Type-C,No,"GPS, GLONASS, GALILEO, BDS","Fingerprint (side-mounted), accelerometer, proximity",5000,10,,No,,,100.0,,,,,,,,"Sand Black, Sand Silver, Sand Green",,,,FM radio
Umidigi,Umidigi Note 100,https://www.gsmarena.com/umidigi_note_100_5g-13725.php,https://fdn2.gsmarena.com/vv/bigpic/umidigi-note-100.jpg,GSM / HSPA / LTE / 5G,Yes,"2025, February 13","Available. Released 2025, February",167.8 x 77.4 x 7.7 mm (6.61 x 3.05 x 0.30 in),190.0,Glass,,Nano-SIM + Nano-SIM,"IPS LCD, 120Hz",120,6.8,720x1600,258,86.0,,Android 14,Unisoc T765 (6 nm),6,Octa-core (2x2.3 GHz Cortex-A76 & 6x2.1 GHz Cortex-A55),Mali-G57 MC2,6,8,128,256,,50.0,3,,No,,No,LED flash,1080p@30fps,16.0,No,,Yes,"Wi-Fi 802.11 a/b/g/n/ac, dual-band",No,5.0,Type-C,Yes,"GPS, GLONASS, GALILEO, BDS","Fingerprint (side-mounted), accelerometer, proximity, compass",5000,20,,No,,,120.0,,,,,,,,"Rock Black, Interstellar Blue, Lake Green, Starry White",,,,Wireless FM radio
Umidigi,Umidigi Note 100A,https://www.gsmarena.com/umidigi_note_100a-13726.php,https://fdn2.gsmarena.com/vv/bigpic/umidigi-note-100a.jpg,GSM / HSPA / LTE,No,"2025, February 13","Available. Released 2025, February",167.8 x 77.4 x 7.7 mm (6.61 x 3.05 x 0.30 in),190.0,Glass,,Nano-SIM + Nano-SIM,"IPS LCD, 120Hz",120,6.8,720x1600,258,86.0,,Android 14,Unisoc T615 (12 nm),12,Octa-core (2x1.8 GHz Cortex-A75 & 6x1.6 GHz Cortex-A55),Mali-G57 MP1,4,4,256,256,,13.0,2,,No,,No,LED flash,1080p@30fps,8.0,No,,Yes,"Wi-Fi 802.11 a/b/g/n/ac, dual-band",No,5.2,Type-C,Yes,"GPS, GLONASS, GALILEO, BDS","Fingerprint (side-mounted), accelerometer, proximity, compass",5000,20,,No,,,120.0,,,,,,,,"Rock Black, Interstellar Blue, Lake Green, Starry White",,,,FM radio
Umidigi,Umidigi G100,https://www.gsmarena.com/umidigi_g100-13728.php,https://fdn2.gsmarena.com/vv/bigpic/umidigi-g100.jpg,GSM / HSPA / LTE,No,"2022, December","Available. Released 2024, December 28",171 x 77.6 x 8.1 mm (6.73 x 3.06 x 0.32 in),205.0,Glass,,Nano-SIM + Nano-SIM,"IPS LCD, 120Hz",120,6.9,720x1640,260,85.2,,Android 14,Unisoc T615 (12 nm),12,Octa-core (2x1.8 GHz Cortex-A75 & 6x1.6 GHz Cortex-A55),Mali-G57 MP1,6,8,128,256,,50.0,3,,No,,No,LED flash,1080p@30fps,16.0,No,,Yes,"Wi-Fi 802.11 a/b/g/n/ac, dual-band",No,5.2,Type-C,Yes,"GPS, GLONASS, GALILEO, BDS","Fingerprint (side-mounted), accelerometer, compass",6000,20,,No,,,110.0,,,,,,,,"Rock Black, Interstellar Blue, Lake Green, Starry White",,,,FM radio
Umidigi,Umidigi G100A,https://www.gsmarena.com/umidigi_g100a-13727.php,https://fdn2.gsmarena.com/vv/bigpic/umidigi-g100a.jpg,GSM / HSPA / LTE,No,"2022, December","Available. Released 2024, December 27",171 x 77.6 x 8.1 mm (6.73 x 3.06 x 0.32 in),205.0,Glass,,Nano-SIM + Nano-SIM,"IPS LCD, 120Hz",120,6.9,720x1640,260,85.2,,Android 14,Unisoc T615 (12 nm),12,Octa-core (2x1.8 GHz Cortex-A75 & 6x1.6 GHz Cortex-A55),Mali-G57 MP1,4,4,128,256,,13.0,2,,No,,No,LED flash,1080p@30fps,8.0,No,,Yes,"Wi-Fi 802.11 a/b/g/n/ac, dual-band",No,5.2,Type-C,Yes,"GPS, GLONASS, GALILEO, BDS","Fingerprint (side-mounted), accelerometer, compass",6000,20,,No,,,130.0,,,,,,,,"Rock Black, Interstellar Blue, Lake Green, Starry White",,,,FM radio
Umidigi,Umidigi G9A,https://www.gsmarena.com/umidigi_g9a-13323.php,https://fdn2.gsmarena.com/vv/bigpic/umidigi-g9a.jpg,GSM / HSPA / LTE,No,"2024, September","Available. Released 2024, September",167.2 x 77 x 7.9 mm (6.58 x 3.03 x 0.31 in),189.0,,,Nano-SIM + Nano-SIM,IPS LCD,,6.75,720x1600,260,85.4,,Android 14 (Go edition),Unisoc SC9863A (28 nm),28,Octa-core (4x1.6 GHz Cortex-A55 & 4x1.2 GHz Cortex-A55),IMG8322,4,4,64,64,,13.0,2,,No,,No,LED flash,1080p@30fps,8.0,No,,Yes,Wi-Fi 802.11 a/b/g/n,No,4.2,Type-C,Yes,"GPS, GLONASS, GALILEO, BDS","Accelerometer, compass",5000,10,,No,,,,,,,,,,,"Space Black, Lake Green",,,,FM radio
Umidigi,Umidigi G9C,https://www.gsmarena.com/umidigi_g9c-13324.php,https://fdn2.gsmarena.com/vv/bigpic/umidigi-g9c.jpg,GSM / HSPA / LTE,No,"2024, September","Available. Released 2024, September",167.2 x 77 x 7.9 mm (6.58 x 3.03 x 0.31 in),189.0,,,Nano-SIM + Nano-SIM,"IPS LCD, 90Hz",90,6.75,720x1600,260,85.4,,Android 14,Mediatek Helio G36 (12 nm),12,Octa-core (4x2.2 GHz Cortex-A53 & 4x1.6 GHz Cortex-A53),PowerVR GE8320,6,6,128,128,,50.0,2,,No,,No,LED flash,1080p@30fps,8.0,No,,Yes,"Wi-Fi 802.11 a/b/g/n/ac, dual-band",Yes,5.4,Type-C,Yes,"GPS, GLONASS, GALILEO, BDS","Fingerprint (side-mounted), accelerometer, compass",5000,18,,No,,,,,,,,,,,"Rock Black, Grass Green",,,,FM radio
Umidigi,Umidigi G9T,https://www.gsmarena.com/umidigi_g9t-13325.php,https://fdn2.gsmarena.com/vv/bigpic/umidigi-g9t.jpg,GSM / HSPA / LTE,No,"2024, September","Available. Released 2024, September",167.2 x 77 x 7.9 mm (6.58 x 3.03 x 0.31 in),189.0,,,Nano-SIM + Nano-SIM,"IPS LCD, 90Hz",90,6.75,720x1600,260,85.4,,Android 14,Unisoc T606 (12 nm),12,Octa-core (2x1.6 GHz Cortex-A75 & 6x1.6 GHz Cortex-A55),Mali-G57 MP1,4,4,128,256,,13.0,2,,No,,No,LED flash,1080p@30fps,8.0,No,,Yes,"Wi-Fi 802.11 a/b/g/n/ac, dual-band",No,5.0,Type-C,Yes,"GPS, GLONASS, GALILEO, BDS","Fingerprint (side-mounted), accelerometer, compass",5000,18,,No,,,,,,,,,,,"Rock Black, Grass Green",,,,FM radio
Umidigi,Umidigi G7 Tab Pro,https://www.gsmarena.com/umidigi_g7_tab_pro-13330.php,https://fdn2.gsmarena.com/vv/bigpic/umidigi-g7-tab-pro.jpg,GSM / HSPA / LTE,No,"2024, September","Available. Released 2024, September",256.6 x 168.1 x 7.5 mm (10.10 x 6.62 x 0.30 in),513.0,Glass,,Nano-SIM + Nano-SIM,IPS LCD,,11.0,1200x1920,206,81.3,,Android 13,Mediatek Helio G99 (6 nm),6,Octa-core (2x2.2 GHz Cortex-A76 & 6x2.0 GHz Cortex-A55),Mali-G57 MC2,8,8,256,256,UFS 2.1,13.0,1,,No,,No,LED flash,1080p@30fps,8.0,No,,720p@30fps,"Wi-Fi 802.11 a/b/g/n/ac, dual-band",No,5.2,Type-C,Yes,"GPS, GALILEO, GLONASS, BDS","Accelerometer, proximity (accessories only), compass",8000,18,,No,,,,,,,,,,,Space Grey,,,,FM radio
Umidigi,Umidigi G9 Tab,https://www.gsmarena.com/umidigi_g9_tab-13331.php,https://fdn2.gsmarena.com/vv/bigpic/umidigi-g9-tab.jpg,GSM / HSPA / LTE,No,"2024, September","Available. Released 2024, September",257.3 x 168.8 x 9.1 mm (10.13 x 6.65 x 0.36 in),522.0,Glass,,Nano-SIM + Nano-SIM,IPS LCD,,11.0,800x1280,137,80.8,,Android 14,Unisoc T606 (12 nm),12,Octa-core (2x1.6 GHz Cortex-A75 & 6x1.6 GHz Cortex-A55),Mali-G57 MP1,4,4,256,256,UFS 2.1,13.0,1,,No,,No,LED flash,1080p@30fps,8.0,No,,720p@30fps,"Wi-Fi 802.11 a/b/g/n/ac, dual-band",No,5.0,Type-C,Yes,"GPS, GALILEO, GLONASS, BDS","Accelerometer, proximity (accessories only), compass",7200,18,,No,,,,,,,,,,,"Glacier Blue, Lake Green, Nebula Purple, Space Grey",,,,FM radio
Umidigi,Umidigi G9 5G,https://www.gsmarena.com/umidigi_g9_5g-13284.php,https://fdn2.gsmarena.com/vv/bigpic/umidigi-g9.jpg,GSM / HSPA / LTE / 5G,Yes,"2024, July","Available. Released 2024, July",167.2 x 77 x 7.9 mm (6.58 x 3.03 x 0.31 in),189.0,,,Nano-SIM + Nano-SIM,"IPS LCD, 90Hz",90,6.75,720x1600,260,85.4,,Android 14,Unisoc T765 (6 nm),6,Octa-core (2x2.3 GHz Cortex-A76 & 6x2.1 GHz Cortex-A55),Mali-G57 MC2,6,6,128,128,,50.0,3,1.8,No,,No,LED flash,1080p@30fps,8.0,No,,Yes,"Wi-Fi 802.11 a/b/g/n/ac, dual-band",No,5.0,Type-C,Yes,"GPS, GLONASS, GALILEO, BDS","Fingerprint (side-mounted), accelerometer, compass",5000,18,,No,,,130.0,,,,,,,,"Space Black, Lake Green",,,,Wireless FM radio
Umidigi,Umidigi G6 5G,https://www.gsmarena.com/umidigi_g6_5g-13012.php,https://fdn2.gsmarena.com/vv/bigpic/umidigi-g6.jpg,GSM / HSPA / LTE / 5G,Yes,2024,Available. Released 2024,163.9 x 75.3 x 8.3 mm (6.45 x 2.96 x 0.33 in),183.0,,,Nano-SIM + Nano-SIM,"IPS LCD, 90Hz",90,6.57,720x1616,269,83.9,,Android 13,Mediatek Dimensity 6100+ (6 nm),6,Octa-core (2x2.2 GHz Cortex-A76 & 6x2.0 GHz Cortex-A55),Mali-G57 MC2,6,6,128,128,,50.0,2,1.8,No,,No,LED flash,1080p@30fps,8.0,No,,720p@30fps,"Wi-Fi 802.11 a/b/g/n/ac, dual-band",Yes,5.3,Type-C,Yes,"GPS, GLONASS, GALILEO, BDS","Fingerprint (side-mounted), accelerometer, proximity, compass",5000,10,,No,,,220.0,,,,,,,,"Space Black, Nebula Purple, Lake Green, Glacier Blue",,,,FM radio
Umidigi,Umidigi A15T,https://www.gsmarena.com/umidigi_a15t-13013.php,https://fdn2.gsmarena.com/vv/bigpic/umidigi-a15t.jpg,GSM / HSPA / LTE,No,2024,Available. Released 2024,167.6 x 75.3 x 8.6 mm (6.60 x 2.96 x 0.34 in),195.0,,,Nano-SIM + Nano-SIM,"IPS LCD, 500 nits",,6.7,720x1650,269,84.1,,Android 13,Mediatek Helio G95 (12 nm),12,Octa-core (2x2.05 GHz Cortex-A76 & 6x2.0 GHz Cortex-A55),Mali-G76 MC4,8,8,128,128,,64.0,3,1.8,No,,Yes,LED flash,"4K@30fps, 1080p@30fps",16.0,No,,720p@30fps,Wi-Fi 802.11 a/b/g/n/ac,Yes,5.0,Type-C,Yes,"GPS, GLONASS, GALILEO, BDS","Fingerprint (side-mounted), accelerometer, gyro, proximity, compass",5000,18,,No,,,180.0,,,,,,,,"Space Black, Nebula Purple, Glacier Blue",,,,FM radio
Umidigi,Umidigi Bison X20,https://www.gsmarena.com/umidigi_bison_x20-13014.php,https://fdn2.gsmarena.com/vv/bigpic/umidigi-bison-x20.jpg,GSM / CDMA / HSPA / LTE,No,2024,Available. Released 2024,172.1 x 83.8 x 12.9 mm (6.78 x 3.30 x 0.51 in),278.0,,IP68,Nano-SIM + Nano-SIM,IPS LCD,,6.53,720x1600,269,71.4,,Android 13,Mediatek Helio P60 (12 nm),12,Octa-core (4x2.0 GHz Cortex-A73 & 4x2.0 GHz Cortex-A53),Mali-G72 MP3,6,6,128,128,UFS 2.1,20.0,2,2.2,No,,No,LED flash,1080p@30fps,8.0,No,,720p@30fps,"Wi-Fi 802.11 a/b/g/n/ac, dual-band",Yes,4.2,Type-C,No,"GPS, GLONASS, GALILEO, BDS","Fingerprint (side-mounted), accelerometer, proximity, compass",6000,10,,No,,,120.0,,,,,,,,Graphite Black,,,,Wireless FM radio
Umidigi,Umidigi G1 Tab Mini,https://www.gsmarena.com/umidigi_g1_tab_mini-13034.php,https://fdn2.gsmarena.com/vv/bigpic/umidigi-g1-tab-mini.jpg,No cellular connectivity,No,2024,Available. Released 2024,201.6 x 124.5 x 8.9 mm (7.94 x 4.90 x 0.35 in),368.0,,,No,IPS LCD,,8.0,800x1280,189,73.9,,Android 14,RK3562 (22 nm),22,Quad-core 2.0 GHz,,3,3,32,32,,5.0,1,2.2,No,,No,LED flash,720p@30fps,5.0,No,,720p@30fps,"Wi-Fi 802.11 a/b/g/n/ac/6, dual-band",No,5.0,Type-C,Yes,No,Accelerometer,5000,10,,No,,,,,,,,,,,"Glacier Blue, Lake Green, Nebula Purple, Space Grey",,,,No
Umidigi,Umidigi G3 Tab Ultra,https://www.gsmarena.com/umidigi_g3_tab_ultra-13033.php,https://fdn2.gsmarena.com/vv/bigpic/umidigi-g3-tab-ultra.jpg,GSM / HSPA / LTE,No,2024,Available. Released 2024,244.8 x 162.2 x 9.3 mm (9.64 x 6.39 x 0.37 in),482.0,,,Nano-SIM + Nano-SIM,IPS LCD,,10.1,800x1280,149,74.5,,Android 13,Mediatek Helio G99 (6 nm),6,Octa-core (2x2.2 GHz Cortex-A76 & 6x2.0 GHz Cortex-A55),Mali-G57 MC2,8,8,128,128,,8.0,1,2.2,No,,No,LED flash,720p@30fps,8.0,No,,720p@30fps,Wi-Fi 802.11 a/b/g/n/ac,No,5.2,Type-C,Yes,"GPS, GLONASS, GALILEO","Accelerometer, proximity (accessories only), compass",6000,18,,No,,,,,,,,,,,Space Grey,,,,FM radio
Umidigi,Umidigi G5A,https://www.gsmarena.com/umidigi_g5a-13020.php,https://fdn2.gsmarena.com/vv/bigpic/umidigi-g5a.jpg,GSM / HSPA / LTE,No,2023,Available. Released 2023,163.9 x 75.7 x 8.8 mm (6.45 x 2.98 x 0.35 in),195.0,,,Nano-SIM + Nano-SIM,IPS LCD,,6.52,720x1600,269,82.7,,Android 13,Mediatek Helio A22 (12 nm),12,Quad-core 2.0 GHz Cortex-A53,PowerVR GE8320,4,4,64,64,,13.0,2,2.2,No,,No,LED flash,1080p@30fps,5.0,No,,720p@30fps,Wi-Fi 802.11 a/b/g/n/ac,No,5.0,Type-C,Yes,"GPS, GLONASS, GALILEO, BDS","Fingerprint (side-mounted), accelerometer, proximity, compass",5000,10,,No,,,70.0,,,,,,,,"Graphite Black, Jade Green, Lavender Purple, Pearl White, Space Gray",,,,FM radio
Umidigi,Umidigi G5,https://www.gsmarena.com/umidigi_g5-13021.php,https://fdn2.gsmarena.com/vv/bigpic/umidigi-g5.jpg,GSM / HSPA / LTE,No,2023,Available. Released 2023,163.9 x 75.7 x 8.8 mm (6.45 x 2.98 x 0.35 in),195.0,,,Nano-SIM + Nano-SIM,"IPS LCD, 90Hz, 400 nits (typ)",90,6.6,720x1612,267,84.3,,Android 13,Unisoc T606 (12 nm),12,Octa-core (2x1.6 GHz Cortex-A75 & 6x1.6 GHz Cortex-A55),Mali-G57 MP1,8,8,128,128,,50.0,2,1.8,No,,No,LED flash,1080p@30fps,8.0,No,,720p@30fps,Wi-Fi 802.11 a/b/g/n/ac,No,5.0,Type-C,Yes,"GPS, GLONASS, GALILEO, BDS","Fingerprint (side-mounted), accelerometer, proximity, compass",5000,10,,No,,,110.0,,,,,,,,"Graphite Black, Jade Green, Lavender Purple, Pearl White, Space Gray",,,,FM radio
Umidigi,Umidigi A15,https://www.gsmarena.com/umidigi_a15-13022.php,https://fdn2.gsmarena.com/vv/bigpic/umidigi-a15.jpg,GSM / HSPA / LTE,No,2023,Available. Released 2023,167.6 x 75.3 x 8.6 mm (6.60 x 2.96 x 0.34 in),195.0,,,Nano-SIM + Nano-SIM,"IPS LCD, 500 nits",,6.7,720x1650,269,84.1,,Android 13,Unisoc Tiger T616 (12 nm),12,Octa-core (2x2.0 GHz Cortex-A75 & 6x1.8 GHz Cortex-A55),Mali-G57 MP1,8,8,256,256,,64.0,3,1.8,No,,No,LED flash,1080p@30fps,16.0,No,,720p@30fps,Wi-Fi 802.11 a/b/g/n/ac,Yes,5.0,Type-C,Yes,"GPS, GLONASS, GALILEO, BDS","Fingerprint (side-mounted), accelerometer, gyro, proximity, compass",5000,20,,No,,,200.0,,,,,,,,"Graphite Black, Jade Green, Lavender Purple, Pearl White, Space Gray",,,,FM radio
Umidigi,Umidigi A15C,https://www.gsmarena.com/umidigi_a15c-13023.php,https://fdn2.gsmarena.com/vv/bigpic/umidigi-a15c.jpg,GSM / HSPA / LTE,No,2023,Available. Released 2023,167.6 x 75.3 x 8.6 mm (6.60 x 2.96 x 0.34 in),195.0,,,Nano-SIM + Nano-SIM,"IPS LCD, 500 nits",,6.7,720x1650,269,84.1,,Android 13,Unisoc T606 (12 nm),12,Octa-core (2x1.6 GHz Cortex-A75 & 6x1.6 GHz Cortex-A55),Mali-G57 MP1,8,8,128,128,,48.0,3,1.8,No,,No,LED flash,1080p@30fps,8.0,No,,1080p@30fps,Wi-Fi 802.11 a/b/g/n/ac,Yes,5.0,Type-C,Yes,"GPS, GLONASS, GALILEO, BDS","Fingerprint (side-mounted), accelerometer, proximity, compass",5000,10,,No,,,110.0,,,,,,,,"Graphite Black, Jade Green, Lavender Purple, Pearl White, Space Gray",,,,FM radio
Umidigi,Umidigi G1 Plus,https://www.gsmarena.com/umidigi_g1_plus-13024.php,https://fdn2.gsmarena.com/vv/bigpic/umidigi-g1-plus.jpg,GSM / HSPA / LTE,No,2023,Available. Released 2023,163.9 x 75.7 x 8.8 mm (6.45 x 2.98 x 0.35 in),195.0,,,Nano-SIM + Nano-SIM,IPS LCD,,6.52,720x1600,269,82.7,,Android 13,Mediatek MT8766,,Quad-core 1.5 GHz Cortex-A53,PowerVR GE8300,3,3,32,32,eMMC 5.1,13.0,2,2.2,No,,No,Dual-LED flash,1080p@30fps,5.0,No,,720p@30fps,"Wi-Fi 802.11 b/g/n/ac, dual-band, Wi-Fi Direct",No,4.2,Type-C,Yes,"GPS, GLONASS, GALILEO, BDS","Fingerprint (side-mounted), accelerometer, proximity, compass",5150,10,,No,,,,,,,,,,,"Starry Black, Galaxy Blue",,,,No
Umidigi,Umidigi C1 Plus,https://www.gsmarena.com/umidigi_c1_plus-13025.php,https://fdn2.gsmarena.com/vv/bigpic/umidigi-c1-plus.jpg,GSM / HSPA / LTE,No,2023,Available. Released 2023,164.2 x 76.4 x 8.8 mm (6.46 x 3.01 x 0.35 in),192.0,,,Nano-SIM + Nano-SIM,IPS LCD,,6.52,720x1600,269,81.8,,Android 13,Mediatek MT8766,,Quad-core 1.5 GHz Cortex-A53,PowerVR GE8300,3,3,32,32,eMMC 5.1,13.0,2,2.2,No,,No,Dual-LED flash,1080p@30fps,5.0,No,,720p@30fps,"Wi-Fi 802.11 b/g/n/ac, dual-band, Wi-Fi Direct",No,4.2,Type-C,Yes,"GPS, GLONASS, GALILEO, BDS","Fingerprint (side-mounted), accelerometer, proximity, compass",5150,10,,No,,,,,,,,,,,"Starry Black, Sunglow Gold",,,,No
Umidigi,Umidigi G5 Mecha,https://www.gsmarena.com/umidigi_g5_mecha-13026.php,https://fdn2.gsmarena.com/vv/bigpic/umidigi-g5-mecha.jpg,GSM / HSPA / LTE,No,2023,Available. Released 2023,164.7 x 76.6 x 9.9 mm (6.48 x 3.02 x 0.39 in),225.0,,IP68,Nano-SIM + Nano-SIM,"IPS LCD, 400 nits (typ)",,6.6,720x1612,267,82.9,,Android 13,Unisoc T606 (12 nm),12,Octa-core (2x1.6 GHz Cortex-A75 & 6x1.6 GHz Cortex-A55),Mali-G57 MP1,8,8,128,128,UFS 2.1,50.0,2,1.8,No,,No,LED flash,1080p@30fps,8.0,No,,720p@30fps,Wi-Fi 802.11 a/b/g/n/ac,No,5.0,Type-C,Yes,"GPS, GLONASS, GALILEO, BDS","Fingerprint (side-mounted), accelerometer, proximity, compass",6000,10,,No,,,210.0,,,,,,,,"Graphite Black, Premium Gray",,,,FM radio
Umidigi,Umidigi Active T1,https://www.gsmarena.com/umidigi_active_t1-13036.php,https://fdn2.gsmarena.com/vv/bigpic/umidigi-active-t1.jpg,GSM / HSPA / LTE,No,2023,Available. Released 2023,263.6 x 168.2 x 11.8 mm (10.38 x 6.62 x 0.46 in),756.0,,IP68,Nano-SIM + Nano-SIM,"IPS LCD, 420 nits",,11.0,1200x2000,212,77.7,,Android 13,Unisoc Tiger T616 (12 nm),12,Octa-core (2x2.0 GHz Cortex-A75 & 6x1.8 GHz Cortex-A55),Mali-G57 MP1,8,8,128,128,,16.0,2,2.2,No,,No,LED flash,1080p@30fps,16.0,No,,1080p@30fps,Wi-Fi 802.11 a/b/g/n/ac,No,5.0,Type-C,Yes,"GPS, GLONASS, GALILEO","Accelerometer, gyro, proximity, compass",10000,20,,No,,,,,,,,,,,Black,,,,FM radio
Umidigi,Umidigi A15 Tab,https://www.gsmarena.com/umidigi_a15_tab-13037.php,https://fdn2.gsmarena.com/vv/bigpic/umidigi-a15-tab.jpg,GSM / HSPA / LTE,No,2023,Available. Released 2023,257.5 x 162 x 7.5 mm (10.14 x 6.38 x 0.30 in),491.0,,,Nano-SIM + Nano-SIM,"IPS LCD, 420 nits",,11.0,1200x2000,212,82.6,,Android 13,Unisoc Tiger T616 (12 nm),12,Octa-core (2x2.0 GHz Cortex-A75 & 6x1.8 GHz Cortex-A55),Mali-G57 MP1,8,8,256,256,,13.0,2,2.2,No,,No,LED flash,1080p@30fps,8.0,No,,720p@30fps,Wi-Fi 802.11 a/b/g/n/ac,No,5.0,Type-C,No,"GPS, GLONASS, GALILEO","Accelerometer, proximity (accessories only), compass",7500,20,,No,,,,,,,,,,,Space Grey,,,,FM radio
Umidigi,Umidigi G5 Tab,https://www.gsmarena.com/umidigi_g5_tab-13038.php,https://fdn2.gsmarena.com/vv/bigpic/umidigi-g5-tab-.jpg,GSM / HSPA / LTE,No,2023,Available. Released 2023,239.3 x 158.1 x 8.2 mm (9.42 x 6.22 x 0.32 in),465.0,Glass,,Nano-SIM + Nano-SIM,IPS LCD,,10.1,800x1280,149,78.2,,Android 13,Unisoc T606 (12 nm),12,Octa-core (2x1.6 GHz Cortex-A75 & 6x1.6 GHz Cortex-A55),Mali-G57 MP1,4,4,128,128,,13.0,2,2.2,No,,No,LED flash,1080p@30fps,8.0,No,,720p@30fps,Wi-Fi 802.11 a/b/g/n/ac,No,5.0,Type-C,Yes,"GPS, GALILEO, GLONASS, BDS","Accelerometer, proximity (accessories only), compass",6000,10,,No,,,,,,,,,,,Space Grey,,,,FM radio
Umidigi,Umidigi G2 Tab,https://www.gsmarena.com/umidigi_g2_tab-13039.php,https://fdn2.gsmarena.com/vv/bigpic/umidigi-g2-tab.jpg,No cellular connectivity,No,2023,Available. Released 2023,244.8 x 162.2 x 9.3 mm (9.64 x 6.39 x 0.37 in),576.0,,,No,IPS LCD,,10.1,800x1280,149,74.5,,Android 13,RK3562 (22 nm),22,Quad-core 2.0 GHz,,4,4,64,64,,8.0,1,2.2,No,,No,LED flash,720p@30fps,8.0,No,,720p@30fps,"Wi-Fi 802.11 a/b/g/n/ac/6, dual-band",No,5.0,Type-C,Yes,No,Accelerometer,6000,10,,No,,,,,,,,,,,Midnight Blue,,,,No
Umidigi,Umidigi G1 Tab,https://www.gsmarena.com/umidigi_g1_tab-13040.php,https://fdn2.gsmarena.com/vv/bigpic/umidigi-g1-tab.jpg,No cellular connectivity,No,2023,Available. Released 2023,244.8 x 162.2 x 9.3 mm (9.64 x 6.39 x 0.37 in),576.0,,,No,IPS LCD,,10.1,800x1280,149,74.5,,Android 13,RK3562 (22 nm),22,Quad-core 2.0 GHz,,4,4,64,64,,8.0,1,2.2,No,,No,LED flash,720p@30fps,8.0,No,,720p@30fps,"Wi-Fi 802.11 a/b/g/n/ac/6, dual-band",No,5.0,Type-C,Yes,No,Accelerometer,6000,10,,No,,,,,,,,,,,Space Grey,,,,No
Umidigi,Umidigi G3,https://www.gsmarena.com/umidigi_g3-13027.php,https://fdn2.gsmarena.com/vv/bigpic/umidigi-g3.jpg,GSM / HSPA / LTE,No,2023,Available. Released 2023,163.9 x 75.7 x 8.8 mm (6.45 x 2.98 x 0.35 in),192.0,,,Nano-SIM + Nano-SIM,IPS LCD,,6.52,720x1600,269,82.7,,Android 13,Mediatek Helio A22 (12 nm),12,Quad-core 2.0 GHz Cortex-A53,PowerVR GE8320,4,4,64,64,eMMC 5.1,13.0,2,2.2,No,,No,"Dual-LED flash, HDR",1080p@30fps,5.0,No,,720p@30fps,"Wi-Fi 802.11 b/g/n/ac, dual-band, Wi-Fi Direct",No,5.0,Type-C,Yes,"GPS, GLONASS, GALILEO","Fingerprint (side-mounted), accelerometer, proximity, compass",5150,10,,No,,,,,,,,,,,"Graphite Black, Dark Green, Lavender Purple",,,,No
Umidigi,Umidigi G3 Plus,https://www.gsmarena.com/umidigi_g3_plus-13028.php,https://fdn2.gsmarena.com/vv/bigpic/umidigi-g3-plus.jpg,GSM / HSPA / LTE,No,2023,Available. Released 2023,163.9 x 75.7 x 8.8 mm (6.45 x 2.98 x 0.35 in),192.0,,,Nano-SIM + Nano-SIM,IPS LCD,,6.52,720x1600,269,82.7,,Android 13,Unisoc T606 (12 nm),12,Octa-core (2x1.6 GHz Cortex-A75 & 6x1.6 GHz Cortex-A55),Mali-G57 MP1,4,4,128,128,eMMC 5.1,16.0,2,2.2,No,,No,"Dual-LED flash, HDR, panorama",1080p@30fps,8.0,No,,720p@30fps,"Wi-Fi 802.11 b/g/n/ac, dual-band, Wi-Fi Direct",No,5.0,Type-C,Yes,"GPS, GLONASS, GALILEO","Fingerprint (side-mounted), accelerometer, proximity, compass",5150,10,,No,,,,,,,,,,,"Graphite Black, Dark Green, Lavender Purple",,,,No
Umidigi,Umidigi G3 Max,https://www.gsmarena.com/umidigi_g3_max-13029.php,https://fdn2.gsmarena.com/vv/bigpic/umidigi-g3-max.jpg,GSM / HSPA / LTE,No,2023,Available. Released 2023,163.9 x 75.7 x 8.8 mm (6.45 x 2.98 x 0.35 in),192.0,,,Nano-SIM + Nano-SIM,IPS LCD,,6.6,1080x2408,400,84.6,,Android 13,Unisoc T606 (12 nm),12,Octa-core (2x1.6 GHz Cortex-A75 & 6x1.6 GHz Cortex-A55),Mali-G57 MP1,8,8,128,128,UFS 2.1,50.0,2,1.8,No,,No,"Dual-LED flash, HDR, panorama",1080p@30fps,8.0,No,,720p@30fps,"Wi-Fi 802.11 b/g/n/ac, dual-band, Wi-Fi Direct",No,5.0,Type-C,Yes,"GPS, GLONASS, GALILEO","Fingerprint (side-mounted), accelerometer, proximity, compass",5150,10,,No,,,,,,,,,,,"Midnight Blue, Iceland Blue, Premium Orange",,,,No
Umidigi,Umidigi F3 Pro,https://www.gsmarena.com/umidigi_f3_pro-13030.php,https://fdn2.gsmarena.com/vv/bigpic/umidigi-f3-pro.jpg,GSM / CDMA / HSPA / LTE / 5G,Yes,2023,Available. Released 2023,165.6 x 76.4 x 9.6 mm (6.52 x 3.01 x 0.38 in),195.0,,,Nano-SIM + Nano-SIM,IPS LCD,,6.6,1080x2408,400,82.9,,Android 13,Mediatek Dimensity 700 (7 nm),7,Octa-core (2x2.2 GHz Cortex-A76 & 6x2.0 GHz Cortex-A55),Mali-G57 MC2,8,8,256,256,UFS 2.1,48.0,3,1.8,No,,No,"Quad-LED flash, HDR, panorama","1440p@30fps, 1080p@30fps",16.0,No,,720p@30fps,"Wi-Fi 802.11 a/b/g/n/ac, dual-band, Wi-Fi Direct",Yes,5.1,Type-C,Yes,"GPS, GALILEO, GLONASS, BDS","Fingerprint (side-mounted), accelerometer, proximity, compass",6150,18,,No,,,160.0,,,,,,,,"Starry Black, Matte Silver",,,,FM radio
Umidigi,Umidigi G2,https://www.gsmarena.com/umidigi_g2-13031.php,https://fdn2.gsmarena.com/vv/bigpic/umidigi-g2.jpg,GSM / HSPA / LTE,No,2023,Available. Released 2023,163.9 x 75.7 x 8.8 mm (6.45 x 2.98 x 0.35 in),192.0,,,Nano-SIM + Nano-SIM,IPS LCD,,6.52,720x1600,269,82.7,,Android 13,Mediatek Helio A22 (12 nm),12,Quad-core 2.0 GHz Cortex-A53,PowerVR GE8320,3,3,32,32,eMMC 5.1,13.0,2,2.2,No,,No,"Dual-LED flash, HDR, panorama",1080p@30fps,5.0,No,,720p@30fps,"Wi-Fi 802.11 b/g/n/ac, dual-band, Wi-Fi Direct",No,5.0,Type-C,Yes,"GPS, GLONASS, GALILEO","Accelerometer, proximity, compass",5150,10,,No,,,,,,,,,,,"Graphite Black, Dawn Gold",,,,No
Umidigi,Umidigi C2,https://www.gsmarena.com/umidigi_c2-13032.php,https://fdn2.gsmarena.com/vv/bigpic/umidigi-c2.jpg,GSM / HSPA / LTE,No,2023,Available. Released 2023,164 x 75.9 x 8.8 mm (6.46 x 2.99 x 0.35 in),192.0,,,Nano-SIM + Nano-SIM,IPS LCD,,6.52,720x1600,269,82.5,,Android 13,Mediatek Helio A22 (12 nm),12,Quad-core 2.0 GHz Cortex-A53,PowerVR GE8320,3,3,32,32,eMMC 5.1,13.0,2,2.2,No,,No,"Dual-LED flash, HDR, panorama",1080p@30fps,5.0,No,,720p@30fps,"Wi-Fi 802.11 b/g/n/ac, dual-band, Wi-Fi Direct",No,5.0,Type-C,Yes,"GPS, GLONASS, GALILEO","Accelerometer, proximity, compass",5150,10,,No,,,,,,,,,,,"Graphite Black, Dawn Gold",,,,No
Umidigi,Umidigi A13 Pro Max,https://www.gsmarena.com/umidigi_a13_pro_max-13041.php,https://fdn2.gsmarena.com/vv/bigpic/umidigi-a13-pro-max.jpg,GSM / CDMA / HSPA / LTE / 5G,Yes,2022,Available. Released 2022,168.5 x 76.3 x 8.8 mm (6.63 x 3.00 x 0.35 in),200.0,,,Nano-SIM + Nano-SIM,"IPS LCD, 90Hz",90,6.8,1080x2460,395,85.4,,Android 12,Mediatek Dimensity 900 (6 nm),6,Octa-core (2x2.4 GHz Cortex-A78 & 6x2.0 GHz Cortex-A55),Mali-G68 MC4,12,12,256,256,UFS 2.1,64.0,3,1.8,No,,Yes,"Dual-LED flash, HDR","4K@30fps, 1080p@30fps",24.0,No,,1080p@30fps,"Wi-Fi 802.11 b/g/n/ac/6, dual-band, Wi-Fi Direct",No,5.1,Type-C,Yes,"GPS, GALILEO, GLONASS, BDS","Fingerprint (side-mounted), accelerometer, proximity, compass",5150,18,,No,,,240.0,,,,,,,,"Starry Black, Sunglow Gold",,,,No
Umidigi,Umidigi G1 Max,https://www.gsmarena.com/umidigi_g1_max-13042.php,https://fdn2.gsmarena.com/vv/bigpic/umidigi-g1-max.jpg,GSM / HSPA / LTE,No,2022,Available. Released 2022,163.9 x 75.7 x 8.8 mm (6.45 x 2.98 x 0.35 in),192.0,,,Nano-SIM + Nano-SIM,IPS LCD,,6.52,720x1600,269,82.7,,Android 12,Unisoc T610 (12 nm),12,Octa-core (2x1.8 GHz Cortex-A75 & 6x1.8 GHz Cortex-A55),Mali-G52 MP2,6,6,128,128,eMMC 5.1,50.0,2,1.8,No,,No,"Dual-LED flash, HDR, panorama",1080p@30fps,8.0,No,,720p@30fps,"Wi-Fi 802.11 a/b/g/n/ac, dual-band, Wi-Fi Direct",No,5.0,Type-C,Yes,"GPS, GALILEO, GLONASS, BDS","Fingerprint (side-mounted), accelerometer, proximity",5150,10,,No,,,,,,,,,,,"Starry Black, Galaxy Blue",,,,No
Umidigi,Umidigi C1 Max,https://www.gsmarena.com/umidigi_c1_max-13043.php,https://fdn2.gsmarena.com/vv/bigpic/umidigi-c1-max.jpg,GSM / HSPA / LTE,No,2022,Available. Released 2022,164.2 x 76.4 x 8.8 mm (6.46 x 3.01 x 0.35 in),192.0,,,Nano-SIM + Nano-SIM,IPS LCD,,6.52,720x1600,269,81.8,,Android 12,Unisoc T610 (12 nm),12,Octa-core (2x1.8 GHz Cortex-A75 & 6x1.8 GHz Cortex-A55),Mali-G52 MP2,6,6,128,128,eMMC 5.1,50.0,2,1.8,No,,No,"Dual-LED flash, HDR, panorama",1080p@30fps,8.0,No,,720p@30fps,"Wi-Fi 802.11 a/b/g/n/ac, dual-band, Wi-Fi Direct",No,5.0,Type-C,Yes,"GPS, GALILEO, GLONASS, BDS","Fingerprint (side-mounted), accelerometer, proximity",5150,10,,No,,,,,,,,,,,"Starry Black, Galaxy Blue",,,,No
Umidigi,Umidigi A13 Pro 5G,https://www.gsmarena.com/umidigi_a13_pro_5g-13044.php,https://fdn2.gsmarena.com/vv/bigpic/umidigi-a13-pro.jpg,GSM / CDMA / HSPA / LTE / 5G,Yes,2022,Available. Released 2022,162.2 x 75.9 x 9.9 mm (6.39 x 2.99 x 0.39 in),200.0,,,Nano-SIM + Nano-SIM,"IPS LCD, 90Hz",90,6.5,1080x2400,405,82.9,,Android 12,Mediatek Dimensity 700 (7 nm),7,Octa-core (2x2.2 GHz Cortex-A76 & 6x2.0 GHz Cortex-A55),Mali-G57 MC2,8,8,128,128,UFS 2.1,48.0,3,1.8,No,,No,"Dual-LED flash, HDR, panorama",1080p@30fps,24.0,No,,1080p@30fps,"Wi-Fi 802.11 a/b/g/n/ac, dual-band, Wi-Fi Direct",Yes,5.2,Type-C,Yes,"GPS, GALILEO, GLONASS, BDS","Fingerprint (side-mounted), accelerometer, proximity, compass, temperature",5150,18,,No,,,,,,,,,,,"Dazzling Black, Shining Blue, Streaming Gold",,,,No
Umidigi,Umidigi F3 5G,https://www.gsmarena.com/umidigi_f3_5g-13060.php,https://fdn2.gsmarena.com/vv/bigpic/umidigi-f3-5g.jpg,GSM / CDMA / HSPA / LTE / 5G,Yes,2022,Available. Released 2022,168.3 x 76.6 x 8.8 mm (6.63 x 3.02 x 0.35 in),195.0,,,Nano-SIM + Nano-SIM,IPS LCD,,6.7,720x1650,269,82.3,,Android 12,Mediatek Dimensity 700 (7 nm),7,Octa-core (2x2.2 GHz Cortex-A76 & 6x2.0 GHz Cortex-A55),Mali-G57 MC2,8,8,128,128,UFS 2.1,48.0,3,1.8,No,1/2,No,"Dual-LED flash, HDR, panorama",1080p@30fps,16.0,No,,"1440p@30fps, 1080p@30fps","Wi-Fi 802.11 a/b/g/n/ac, dual-band, Wi-Fi Direct",Yes,5.1,Type-C,Yes,"GPS, GALILEO, GLONASS, BDS","Fingerprint (side-mounted), accelerometer, proximity, compass",5150,18,,No,,,,,,,,,,,"Starry Black, Matte Silver, Sunglow Gold",,,,FM radio
Umidigi,Umidigi G1,https://www.gsmarena.com/umidigi_g1-13061.php,https://fdn2.gsmarena.com/vv/bigpic/umidigi-g1.jpg,GSM / HSPA / LTE,No,2022,Available. Released 2022,163.9 x 75.7 x 8.8 mm (6.45 x 2.98 x 0.35 in),195.0,,,Nano-SIM + Nano-SIM,IPS LCD,,6.52,720x1600,269,82.7,,Android 13,Mediatek MT6739 (28 nm),28,Quad-core 1.5 GHz Cortex-A53,PowerVR GE8100,3,3,32,32,eMMC 5.1,13.0,2,2.2,No,,No,Dual-LED flash,1080p@30fps,5.0,No,,720p@30fps,"Wi-Fi 802.11 b/g/n/ac, dual-band, Wi-Fi Direct",No,4.2,Type-C,Yes,"GPS, GALILEO, GLONASS, BDS","Accelerometer, proximity, compass",5150,10,,No,,,,,,,,,,,"Sunglow Gold, Galaxy Blue, Starry Black",,,,No
Umidigi,Umidigi C1,https://www.gsmarena.com/umidigi_c1-13062.php,https://fdn2.gsmarena.com/vv/bigpic/umidigi-c1.jpg,GSM / HSPA / LTE,No,2022,Available. Released 2022,164.2 x 76.4 x 8.8 mm (6.46 x 3.01 x 0.35 in),192.0,,,Nano-SIM + Nano-SIM,IPS LCD,,6.52,720x1600,269,81.8,,Android 13,Mediatek MT6739 (28 nm),28,Quad-core 1.5 GHz Cortex-A53,PowerVR GE8100,3,3,32,32,eMMC 5.1,13.0,2,2.2,No,,No,Dual-LED flash,1080p@30fps,5.0,No,,720p@30fps,"Wi-Fi 802.11 b/g/n/ac, dual-band, Wi-Fi Direct",No,4.2,Type-C,Yes,"GPS, GALILEO, GLONASS, BDS","Accelerometer, proximity, compass",5150,10,,No,,,,,,,,,,,"Sunglow Gold, Galaxy Blue, Starry Black",,,,No
Umidigi,Umidigi Bison 2 Pro,https://www.gsmarena.com/umidigi_bison_2_pro-13063.php,https://fdn2.gsmarena.com/vv/bigpic/umidigi-bison2-pro.jpg,GSM / CDMA / HSPA / LTE,No,2022,Available. Released 2022,172.1 x 83.8 x 12.9 mm (6.78 x 3.30 x 0.51 in),280.0,,IP68,Nano-SIM + Nano-SIM,IPS LCD,,6.5,1080x2400,405,70.7,,Android 12,Mediatek Helio P90 (12 nm),12,Octa-core (2x2.2 GHz Cortex-A75 & 6x2.0 GHz Cortex-A55),PowerVR GM9446,8,8,256,256,UFS 2.1,48.0,3,2.2,No,,No,"Dual-LED flash, HDR",1080p@30fps,24.0,No,,1080p@30fps,"Wi-Fi 802.11 a/b/g/n/ac, dual-band, Wi-Fi Direct",Yes,5.0,Type-C,Yes,"GPS, GLONASS, GALILEO, BDS","Fingerprint (side-mounted), accelerometer, proximity, compass, barometer, thermometer (skin temperature)",6150,18,,No,,,,,,,,,,,Black,,,,Wireless FM radio
Umidigi,Umidigi Bison 2,https://www.gsmarena.com/umidigi_bison_2-13064.php,https://fdn2.gsmarena.com/vv/bigpic/umidigi-bison2.jpg,GSM / CDMA / HSPA / LTE,No,2022,Available. Released 2022,172.1 x 83.8 x 12.9 mm (6.78 x 3.30 x 0.51 in),280.0,,IP68,Nano-SIM + Nano-SIM,IPS LCD,,6.5,1080x2400,405,70.7,,Android 12,Mediatek Helio P90 (12 nm),12,Octa-core (2x2.2 GHz Cortex-A75 & 6x2.0 GHz Cortex-A55),PowerVR GM9446,6,6,128,128,UFS 2.1,48.0,3,2.2,No,,No,"Dual-LED flash, HDR",1080p@30fps,24.0,No,,1080p@30fps,"Wi-Fi 802.11 a/b/g/n/ac, dual-band, Wi-Fi Direct",Yes,5.0,Type-C,Yes,"GPS, GLONASS, GALILEO, BDS","Fingerprint (side-mounted), accelerometer, proximity, compass, barometer, thermometer (skin temperature)",6150,18,,No,,,,,,,,,,,Black,,,,Wireless FM radio
Umidigi,Umidigi Power 7S,https://www.gsmarena.com/umidigi_power_7s-13065.php,https://fdn2.gsmarena.com/vv/bigpic/umidigi-power-7s.jpg,GSM / HSPA / LTE,No,2022,Available. Released 2022,169 x 77 x 10 mm (6.65 x 3.03 x 0.39 in),216.0,,,Nano-SIM + Nano-SIM,IPS LCD,,6.7,720x1650,269,81.6,,Android 11,Unisoc Tiger T310 (12 nm),12,Quad-core (1x2.0 GHz Cortex-A75 & 3x1.8 GHz Cortex-A55),PowerVR GE8300,4,4,64,64,eMMC 5.1,16.0,2,2.2,No,,No,"Dual-LED flash, HDR, panorama",1080p@30fps,8.0,No,,1080p@30fps,"Wi-Fi 802.11 b/g/n/ac, dual-band, Wi-Fi Direct",No,5.0,Type-C,Yes,"GPS, GALILEO, GLONASS, BDS","Accelerometer, proximity, compass",6150,10,,No,,,,,,,,,,,"Reef Gray, Atlantic Blue, Sunbeam Gold",,,,Wireless FM radio
Umidigi,Umidigi Power 7,https://www.gsmarena.com/umidigi_power_7-13066.php,https://fdn2.gsmarena.com/vv/bigpic/umidigi-power-7s.jpg,GSM / HSPA / LTE,No,2022,Available. Released 2022,169 x 77 x 10 mm (6.65 x 3.03 x 0.39 in),216.0,,,Nano-SIM + Nano-SIM,IPS LCD,,6.7,720x1650,269,81.6,,Android 11,Unisoc T610 (12 nm),12,Octa-core (2x1.8 GHz Cortex-A75 & 6x1.8 GHz Cortex-A55),Mali-G52 MP2,4,4,128,128,eMMC 5.1,20.0,3,1.8,No,,No,"Dual-LED flash, HDR, panorama",1080p@30fps,8.0,No,,1080p@30fps,"Wi-Fi 802.11 b/g/n/ac, dual-band, Wi-Fi Direct",No,5.0,Type-C,Yes,"GPS, GALILEO, GLONASS, BDS","Fingerprint (side-mounted), accelerometer, proximity, compass",6150,10,,No,,,,,,,,,,,"Reef Gray, Atlantic Blue, Sunbeam Gold",,,,Wireless FM radio
Umidigi,Umidigi Power 7 Max,https://www.gsmarena.com/umidigi_power_7_max-13067.php,https://fdn2.gsmarena.com/vv/bigpic/umidigi-power-7-max.jpg,GSM / HSPA / LTE,No,2022,Available. Released 2022,169.8 x 78.3 x 13.5 mm (6.69 x 3.08 x 0.53 in),290.0,,,Nano-SIM + Nano-SIM,IPS LCD,,6.7,720x1650,269,79.8,,Android 11,Unisoc T610 (12 nm),12,Octa-core (2x1.8 GHz Cortex-A75 & 6x1.8 GHz Cortex-A55),Mali-G52 MP2,6,6,128,128,eMMC 5.1,48.0,3,1.8,No,1/2.0,No,"Dual-LED flash, HDR, panorama",1080p@30fps,16.0,No,,1080p@30fps,"Wi-Fi 802.11 b/g/n/ac, dual-band, Wi-Fi Direct",Yes,5.0,Type-C,Yes,"GPS, GALILEO, GLONASS, BDS","Fingerprint (side-mounted), accelerometer, proximity, compass",10000,18,,No,,,,,,,,,,,"Reef Gray, Atlantic Blue, Sunbeam Gold",,,,Wireless FM radio
Umidigi,Umidigi F3,https://www.gsmarena.com/umidigi_f3-13068.php,https://fdn2.gsmarena.com/vv/bigpic/umidigi-f3.jpg,GSM / CDMA / HSPA / LTE,No,2022,Available. Released 2022,168.3 x 76.6 x 8.8 mm (6.63 x 3.02 x 0.35 in),195.0,,,Nano-SIM + Nano-SIM,IPS LCD,,6.7,720x1650,269,82.3,,Android 11,Mediatek Helio P70 (12 nm),12,Octa-core (4x2.1 GHz Cortex-A73 & 4x2.0 GHz Cortex-A53),Mali-G72 MP3,8,8,128,128,UFS 2.1,48.0,3,1.8,No,1/2.0,No,"Dual-LED flash, HDR, panorama",1080p@30fps,16.0,No,,1080p@30fps,"Wi-Fi 802.11 b/g/n/ac, dual-band, Wi-Fi Direct",Yes,4.2,Type-C,Yes,"GPS, GALILEO, GLONASS, BDS","Fingerprint (side-mounted), accelerometer, proximity, compass",5150,18,,No,,,,,,,,,,,"Hawaii Blue, Matte Silver, Starry Black, Sunglow Gold, Galaxy Blue",,,,Wireless FM radio
Umidigi,Umidigi F3S,https://www.gsmarena.com/umidigi_f3s-13069.php,https://fdn2.gsmarena.com/vv/bigpic/umidigi-f3s.jpg,GSM / HSPA / LTE,No,2022,Available. Released 2022,168.3 x 76.6 x 8.8 mm (6.63 x 3.02 x 0.35 in),195.0,,,Nano-SIM + Nano-SIM,IPS LCD,,6.7,720x1650,269,82.3,,Android 11,Unisoc T610 (12 nm),12,Octa-core (2x1.8 GHz Cortex-A75 & 6x1.8 GHz Cortex-A55),Mali-G52 MP2,6,6,128,128,eMMC 5.1,48.0,3,1.8,No,1/2.0,No,"Dual-LED flash, HDR, panorama",1080p@30fps,16.0,No,,1080p@30fps,"Wi-Fi 802.11 b/g/n/ac, dual-band, Wi-Fi Direct",Yes,5.0,Type-C,Yes,"GPS, GALILEO, GLONASS, BDS","Fingerprint (side-mounted), accelerometer, proximity, compass",5150,10,,No,,,,,,,,,,,"Hawaii Blue, Matte Silver, Starry Black, Sunglow Gold, Galaxy Blue",,,,Wireless FM radio
Umidigi,Umidigi F3 SE,https://www.gsmarena.com/umidigi_f3_se-13070.php,https://fdn2.gsmarena.com/vv/bigpic/umidigi-f3-se.jpg,GSM / HSPA / LTE,No,2022,Available. Released 2022,168.3 x 76.6 x 8.8 mm (6.63 x 3.02 x 0.35 in),185.0,,,Nano-SIM + Nano-SIM,IPS LCD,,6.7,720x1650,269,82.3,,Android 11,Unisoc T610 (12 nm),12,Octa-core (2x1.8 GHz Cortex-A75 & 6x1.8 GHz Cortex-A55),Mali-G52 MP2,4,4,128,128,eMMC 5.1,20.0,2,2.2,No,,No,"Dual-LED flash, HDR, panorama",1080p@30fps,8.0,No,,1080p@30fps,"Wi-Fi 802.11 b/g/n/ac, dual-band, Wi-Fi Direct",No,5.0,Type-C,Yes,"GPS, GALILEO, GLONASS, BDS","Fingerprint (side-mounted), accelerometer, proximity, compass",5150,10,,No,,,,,,,,,,,"Hawaii Blue, Matte Silver, Starry Black, Sunglow Gold, Galaxy Blue",,,,Wireless FM radio
Umidigi,Umidigi A13S,https://www.gsmarena.com/umidigi_a13s-13072.php,https://fdn2.gsmarena.com/vv/bigpic/umidigi-a13s.jpg,GSM / HSPA / LTE,No,2022,Available. Released 2022,168 x 75.7 x 8.7 mm (6.61 x 2.98 x 0.34 in),200.0,,,Nano-SIM + Nano-SIM,IPS LCD,,6.7,720x1650,269,83.5,,Android 11,Unisoc Tiger T310 (12nm),12,Quad-core (1x2.0 GHz Cortex-A75 & 3x1.8 GHz Cortex-A55),PowerVR GE8300,4,4,32,64,,16.0,2,2.2,No,,No,"Dual-LED flash, HDR, panorama",1080p@30fps,8.0,No,,1080p@30fps,"Wi-Fi 802.11 b/g/n/ac, dual-band, Wi-Fi Direct",No,5.0,Type-C,Yes,"GPS, GALILEO, GLONASS, BDS","Accelerometer, proximity, compass",5150,10,,No,,,,,,,,,,,"Starry Black, Sunglow Gold, Galaxy Blue",,,,Wireless FM radio
Umidigi,Umidigi A13,https://www.gsmarena.com/umidigi_a13-13073.php,https://fdn2.gsmarena.com/vv/bigpic/umidigi-a13.jpg,GSM / HSPA / LTE,No,2022,Available. Released 2022,168 x 75.7 x 8.7 mm (6.61 x 2.98 x 0.34 in),200.0,,,Nano-SIM + Nano-SIM,IPS LCD,,6.7,720x1650,269,83.5,,Android 11,Unisoc T610 (12 nm),12,Octa-core (2x1.8 GHz Cortex-A75 & 6x1.8 GHz Cortex-A55),Mali-G52 MP2,4,4,128,128,eMMC 5.1,20.0,2,1.8,No,,No,"Dual-LED flash, HDR, panorama",1080p@30fps,8.0,No,,1080p@30fps,"Wi-Fi 802.11 b/g/n/ac, dual-band, Wi-Fi Direct",No,5.0,Type-C,Yes,"GPS, GALILEO, GLONASS, BDS","Fingerprint (side-mounted), accelerometer, proximity, compass",5150,10,,No,,,,,,,,,,,"Starry Black, Sunglow Gold, Galaxy Blue",,,,Wireless FM radio
Umidigi,Umidigi A13 Pro,https://www.gsmarena.com/umidigi_a13_pro-13074.php,https://fdn2.gsmarena.com/vv/bigpic/umidigi-a13-pro.jpg,GSM / HSPA / LTE,No,2022,Available. Released 2022,168 x 75.7 x 8.7 mm (6.61 x 2.98 x 0.34 in),207.0,,,Nano-SIM + Nano-SIM,IPS LCD,,6.7,720x1650,269,83.5,,Android 11,Unisoc T610 (12 nm),12,Octa-core (2x1.8 GHz Cortex-A75 & 6x1.8 GHz Cortex-A55),Mali-G52 MP2,4,6,128,128,eMMC 5.1,48.0,2,1.8,No,,No,"Dual-LED flash, HDR, panorama",1080p@30fps,16.0,No,,1080p@30fps,"Wi-Fi 802.11 b/g/n/ac, dual-band, Wi-Fi Direct",Yes,5.0,Type-C,Yes,"GPS, GALILEO, GLONASS, BDS","Fingerprint (side-mounted), accelerometer, proximity, compass",5150,10,,No,,,100.0,,,,,,,,"Starry Black, Sunglow Gold, Galaxy Blue",,,,Wireless FM radio
Umidigi,Umidigi Bison GT2 Pro 5G,https://www.gsmarena.com/umidigi_bison_gt2_pro_5g-13076.php,https://fdn2.gsmarena.com/vv/bigpic/umudigi-bison-gt2-pro-5g.jpg,GSM / CDMA / HSPA / LTE / 5G,Yes,2022,Available. Released 2022,172.2 x 83.9 x 12.9 mm (6.78 x 3.30 x 0.51 in),280.0,,IP68,Nano-SIM + Nano-SIM,"IPS LCD, 90Hz",90,6.5,1080x2400,405,70.6,,Android 12,Mediatek Dimensity 900 (6 nm),6,Octa-core (2x2.4 GHz Cortex-A78 & 6x2.0 GHz Cortex-A55),Mali-G68 MC4,8,8,256,256,UFS 2.1,64.0,3,1.8,No,,Yes,"Dual-LED flash, HDR, panorama","4K@30fps, 1080p@30fps",24.0,No,,1080p@30fps,"Wi-Fi 802.11 a/b/g/n/ac/6, dual-band, Wi-Fi Direct",Yes,5.2,Type-C,Yes,"GPS, GLONASS, GALILEO, BDS","Fingerprint (side-mounted), accelerometer, proximity, compass, barometer, thermometer (skin temperature)",6150,18,,No,,,,,,,,,,,Hack Black,,,,Wireless FM radio
Umidigi,Umidigi Bison GT2 5G,https://www.gsmarena.com/umidigi_bison_gt2_5g-13075.php,https://fdn2.gsmarena.com/vv/bigpic/umudigi-bison-gt2-5g.jpg,GSM / CDMA / HSPA / LTE / 5G,Yes,2022,Available. Released 2022,172.2 x 83.9 x 12.9 mm (6.78 x 3.30 x 0.51 in),280.0,,IP68,Nano-SIM + Nano-SIM,"IPS LCD, 90Hz",90,6.5,1080x2400,405,70.6,,Android 12,Mediatek Dimensity 900 (6 nm),6,Octa-core (2x2.4 GHz Cortex-A78 & 6x2.0 GHz Cortex-A55),Mali-G68 MC4,8,8,128,128,UFS 2.1,64.0,3,1.8,No,,Yes,"Dual-LED flash, HDR, panorama","4K@30fps, 1080p@30fps",24.0,No,,1080p@30fps,"Wi-Fi 802.11 a/b/g/n/ac/6, dual-band, Wi-Fi Direct",Yes,5.2,Type-C,Yes,"GPS, GLONASS, GALILEO, BDS","Fingerprint (side-mounted), accelerometer, proximity, compass, barometer, thermometer (skin temperature)",6150,18,,No,,,,,,,,,,,Storm Grey,,,,Wireless FM radio
Umidigi,Umidigi Bison GT2 Pro,https://www.gsmarena.com/umidigi_bison_gt2_pro-13077.php,https://fdn2.gsmarena.com/vv/bigpic/umudigi-bison-gt2-pro.jpg,GSM / CDMA / HSPA / LTE,No,2022,Available. Released 2022,172.2 x 83.9 x 12.9 mm (6.78 x 3.30 x 0.51 in),280.0,,IP68,Nano-SIM + Nano-SIM,"IPS LCD, 90Hz",90,6.5,1080x2400,405,70.6,,Android 12,Mediatek Helio G95 (12 nm),12,Octa-core (2x2.05 GHz Cortex-A76 & 6x2.0 GHz Cortex-A55),Mali-G76 MC4,8,8,256,256,UFS 2.1,64.0,3,1.8,No,,No,"Dual-LED flash, HDR, panorama",1080p@30fps,24.0,No,,1080p@30fps,"Wi-Fi 802.11 a/b/g/n/ac, dual-band, Wi-Fi Direct",Yes,5.0,Type-C,Yes,"GPS, GLONASS, GALILEO, BDS","Fingerprint (side-mounted), accelerometer, proximity, compass, barometer, thermometer (skin temperature)",6150,18,,No,,,,,,,,,,,Hack Black,,,,Wireless FM radio
Umidigi,Umidigi Bison GT2,https://www.gsmarena.com/umidigi_bison_gt2-13078.php,https://fdn2.gsmarena.com/vv/bigpic/umudigi-bison-gt2.jpg,GSM / CDMA / HSPA / LTE,No,2022,Available. Released 2022,172.2 x 83.9 x 12.9 mm (6.78 x 3.30 x 0.51 in),280.0,,IP68,Nano-SIM + Nano-SIM,"IPS LCD, 90Hz",90,6.5,1080x2400,405,70.6,,Android 12,Mediatek Helio G95 (12 nm),12,Octa-core (2x2.05 GHz Cortex-A76 & 6x2.0 GHz Cortex-A55),Mali-G76 MC4,8,8,128,128,UFS 2.1,64.0,3,1.8,No,,No,"Dual-LED flash, HDR, panorama",1080p@30fps,24.0,No,,1080p@30fps,"Wi-Fi 802.11 a/b/g/n/ac, dual-band, Wi-Fi Direct",Yes,5.0,Type-C,Yes,"GPS, GLONASS, GALILEO, BDS","Fingerprint (side-mounted), accelerometer, proximity, compass, barometer, thermometer (skin temperature)",6150,18,,No,,,,,,,,,,,Storm Grey,,,,Wireless FM radio
Umidigi,Umidigi Bison X10S NFC,https://www.gsmarena.com/umidigi_bison_x10s_nfc-13079.php,https://fdn2.gsmarena.com/vv/bigpic/umidigi-bison-x10s-nfc.jpg,GSM / HSPA / LTE,No,2021. Released 2021,Discontinued,172.1 x 83.8 x 12.9 mm (6.78 x 3.30 x 0.51 in),279.0,,IP68,Nano-SIM + Nano-SIM,IPS LCD,,6.53,720x1600,269,71.4,,Android 11,Unisoc Tiger T310 (12nm),12,Quad-core (1x2.0 GHz Cortex-A75 & 3x1.8 GHz Cortex-A55),PowerVR GE8300,4,4,64,64,eMMC 5.1,16.0,3,2.2,No,,No,"Dual-LED flash, HDR, panorama",1080p@30fps,8.0,No,,1080p@30fps,"Wi-Fi 802.11 a/b/g/n, dual-band, Wi-Fi Direct",Yes,5.0,Type-C,Yes,"GPS, GLONASS, GALILEO, BDS","Fingerprint (side-mounted), accelerometer, proximity, compass",6150,10,,No,,,,,,,,,,,Storm Grey,,,,Wireless FM radio
Umidigi,Umidigi Bison X10G NFC,https://www.gsmarena.com/umidigi_bison_x10g_nfc-13080.php,https://fdn2.gsmarena.com/vv/bigpic/umidigi-bison-x10g-nfc.jpg,GSM / HSPA / LTE,No,2021. Released 2021,Discontinued,172.1 x 83.8 x 13.1 mm (6.78 x 3.30 x 0.52 in),,,IP68,Nano-SIM + Nano-SIM,IPS LCD,,6.53,720x1600,269,71.4,,Android 11,Unisoc Tiger T310 (12nm),12,Quad-core (1x2.0 GHz Cortex-A75 & 3x1.8 GHz Cortex-A55),PowerVR GE8300,4,4,64,64,eMMC 5.1,16.0,3,2.2,No,,No,"Dual-LED flash, HDR, panorama",1080p@30fps,8.0,No,,1080p@30fps,"Wi-Fi 802.11 a/b/g/n, dual-band, Wi-Fi Direct",Yes,5.0,Type-C,Yes,"GPS, GLONASS, GALILEO, BDS","Fingerprint (side-mounted), accelerometer, proximity, compass",6150,10,,No,,,,,,,,,,,Hack Black,,,,Wireless FM radio
Umidigi,Umidigi Bison X10S,https://www.gsmarena.com/umidigi_bison_x10s-13081.php,https://fdn2.gsmarena.com/vv/bigpic/umidigi-bison-x10s.jpg,GSM / HSPA / LTE,No,2021. Released 2021,Discontinued,172.1 x 83.8 x 12.9 mm (6.78 x 3.30 x 0.51 in),279.0,,IP68,Nano-SIM + Nano-SIM,IPS LCD,,6.53,720x1600,269,71.4,,Android 11,Unisoc Tiger T310 (12nm),12,Quad-core (1x2.0 GHz Cortex-A75 & 3x1.8 GHz Cortex-A55),PowerVR GE8300,4,4,32,32,eMMC 5.1,16.0,3,2.2,No,,No,"Dual-LED flash, HDR, panorama",1080p@30fps,8.0,No,,1080p@30fps,"Wi-Fi 802.11 a/b/g/n, dual-band, Wi-Fi Direct",No,5.0,Type-C,Yes,"GPS, GLONASS, GALILEO, BDS","Accelerometer, proximity, compass",6150,10,,No,,,,,,,,,,,Storm Grey,,,,Wireless FM radio
Umidigi,Umidigi Bison X10G,https://www.gsmarena.com/umidigi_bison_x10g-13082.php,https://fdn2.gsmarena.com/vv/bigpic/umidigi-bison-x10g.jpg,GSM / HSPA / LTE,No,2021. Released 2021,Discontinued,172.1 x 83.8 x 13.1 mm (6.78 x 3.30 x 0.52 in),,,IP68,Nano-SIM + Nano-SIM,IPS LCD,,6.53,720x1600,269,71.4,,Android 11,Unisoc Tiger T310 (12nm),12,Quad-core (1x2.0 GHz Cortex-A75 & 3x1.8 GHz Cortex-A55),PowerVR GE8300,4,4,32,32,eMMC 5.1,16.0,3,2.2,No,,No,"Dual-LED flash, HDR, panorama",1080p@30fps,8.0,No,,1080p@30fps,"Wi-Fi 802.11 a/b/g/n, dual-band, Wi-Fi Direct",No,5.0,Type-C,Yes,"GPS, GLONASS, GALILEO, BDS","Accelerometer, proximity, compass",6150,10,,No,,,,,,,,,,,Hack Black,,,,Wireless FM radio
Umidigi,Umidigi Power 5S,https://www.gsmarena.com/umidigi_power_5s-13083.php,https://fdn2.gsmarena.com/vv/bigpic/umidigi-power-5s.jpg,GSM / HSPA / LTE,No,2021. Released 2021,Discontinued,164.8 x 76.9 x 9.9 mm (6.49 x 3.03 x 0.39 in),215.0,,,Nano-SIM + Nano-SIM,IPS LCD,,6.53,720x1600,269,81.2,,Android 11,Unisoc Tiger T310 (12nm),12,Quad-core (1x2.0 GHz Cortex-A75 & 3x1.8 GHz Cortex-A55),PowerVR GE8300,4,4,32,64,,16.0,3,2.0,No,,No,"Dual-LED flash, HDR, panorama",1080p@30fps,8.0,No,,1080p@30fps,"Wi-Fi 802.11 a/b/g/n/ac, dual-band, Wi-Fi Direct",No,5.0,Type-C,Yes,"GPS, GLONASS, GALILEO","Accelerometer, proximity, compass",6150,10,,No,,,,,,,,,,,"Carbon Grey, Jade Green, Sapphire Blue",,,,No
Umidigi,Umidigi A11S,https://www.gsmarena.com/umidigi_a11s-13084.php,https://fdn2.gsmarena.com/vv/bigpic/umidigi-a11s.jpg,GSM / HSPA / LTE,No,2021. Released 2021,Discontinued,162.2 x 75 x 9.2 mm (6.39 x 2.95 x 0.36 in),225.0,,,Nano-SIM + Nano-SIM,IPS LCD,,6.53,720x1600,269,84.6,,Android 11,Unisoc Tiger T310 (12nm),12,Quad-core (1x2.0 GHz Cortex-A75 & 3x1.8 GHz Cortex-A55),PowerVR GE8300,4,4,32,64,,16.0,3,2.0,No,,No,"Dual-LED flash, HDR, panorama",1080p@30fps,8.0,No,,1080p@30fps,"Wi-Fi 802.11 a/b/g/n/ac, dual-band, Wi-Fi Direct",No,5.0,Type-C,Yes,"GPS, GLONASS, GALILEO","Accelerometer, proximity, compass",5150,10,,No,,,,,,,,,,,"Mist Blue, Frost Grey",,,,No
Umidigi,Umidigi Bison X10 Pro,https://www.gsmarena.com/umidigi_bison_x10_pro-13097.php,https://fdn2.gsmarena.com/vv/bigpic/umidigi-bison-x10-pro.jpg,GSM / CDMA / HSPA / EVDO / LTE,No,2021. Released 2021,Discontinued,169.7 x 82.1 x 12.9 mm (6.68 x 3.23 x 0.51 in),285.0,,IP68,Nano-SIM + Nano-SIM,IPS LCD,,6.53,720x1600,269,73.9,,Android 11,Mediatek Helio P60 (12 nm),12,Octa-core (4x2.0 GHz Cortex-A73 & 4x2.0 GHz Cortex-A53),Mali-G72 MP3,4,6,128,128,UFS 2.1,20.0,3,1.8,No,,No,"Dual-LED flash, HDR, panorama",1080p@30fps,8.0,No,,1080p@30fps,"Wi-Fi 802.11 a/b/g/n/ac, dual-band, Wi-Fi Direct",Yes,4.2,Type-C,Yes,"GPS, GLONASS, GALILEO, BDS","Fingerprint (side-mounted), accelerometer, proximity, compass, barometer, thermometer (skin temperature)",6150,10,,No,,,,,,,,,,,"Storm Gray, Supersonic Yellow, Hack Black",,,,Wireless FM radio
Umidigi,Umidigi Bison X10,https://www.gsmarena.com/umidigi_bison_x10-13098.php,https://fdn2.gsmarena.com/vv/bigpic/umidigi-bison-x10-.jpg,GSM / CDMA / HSPA / EVDO / LTE,No,2021. Released 2021,Discontinued,169.7 x 82.1 x 12.9 mm (6.68 x 3.23 x 0.51 in),282.0,,IP68,Nano-SIM + Nano-SIM,IPS LCD,,6.53,720x1600,269,73.9,,Android 11,Mediatek Helio P60 (12 nm),12,Octa-core (4x2.0 GHz Cortex-A73 & 4x2.0 GHz Cortex-A53),Mali-G72 MP3,4,4,64,128,UFS 2.1,20.0,3,1.8,No,,No,"Dual-LED flash, HDR, panorama",1080p@30fps,8.0,No,,1080p@30fps,"Wi-Fi 802.11 a/b/g/n/ac, dual-band, Wi-Fi Direct",Yes,4.2,Type-C,Yes,"GPS, GLONASS, GALILEO, BDS","Fingerprint (side-mounted), accelerometer, proximity, compass, barometer",6150,10,,No,,,,,,,,,,,"Storm Gray, Supersonic Yellow, Hack Black",,,,Wireless FM radio
Umidigi,Umidigi A11 Pro Max,https://www.gsmarena.com/umidigi_a11_pro_max-13100.php,https://fdn2.gsmarena.com/vv/bigpic/umidigi-a11-pro-max-.jpg,GSM / CDMA / HSPA / CDMA2000 / LTE,No,2021. Released 2021,Discontinued,167.8 x 75.6 x 8.6 mm (6.61 x 2.98 x 0.34 in),225.0,Aluminum,,Nano-SIM + Nano-SIM,IPS LCD,,6.8,1080x2460,395,86.6,,Android 11,Mediatek Helio G80 (12 nm),12,Octa-core (2x2.0 GHz Cortex-A75 & 6x1.8 GHz Cortex-A55),Mali-G52 MC2,4,8,128,128,eMMC 5.1,48.0,3,1.8,No,1/2.0,No,"Dual-LED flash, HDR, panorama",1080p@30fps,24.0,No,,1080p@30fps,"Wi-Fi 802.11 a/b/g/n/ac, dual-band, Wi-Fi Direct",No,5.0,Type-C,Yes,"GPS, GLONASS, GALILEO","Fingerprint (side-mounted), accelerometer, proximity, compass, thermometer (skin temperature)",5150,10,,No,,,,,,,,,,,"Mist Blue, Frost Grey",,,,No
Umidigi,Umidigi Bison Pro,https://www.gsmarena.com/umidigi_bison_pro-13099.php,https://fdn2.gsmarena.com/vv/bigpic/umidigi-bison-pro.jpg,GSM / CDMA / HSPA / CDMA2000 / LTE,No,2021. Released 2021,Discontinued,164 x 79.6 x 12.7 mm (6.46 x 3.13 x 0.5 in),265.0,,IP68,Nano-SIM + Nano-SIM,IPS LCD,,6.3,1080x2340,409,74.6,Corning Gorilla Glass,Android 11,Mediatek Helio G80 (12 nm),12,Octa-core (2x2.0 GHz Cortex-A75 & 6x1.8 GHz Cortex-A55),Mali-G52 MC2,4,8,128,128,,48.0,3,1.8,No,1/2.0,No,"Dual-LED flash, HDR, panorama",1080p@30fps,24.0,No,,1080p@30fps,"Wi-Fi 802.11 a/b/g/n/ac, dual-band, Wi-Fi Direct",Yes,4.2,Type-C,Yes,"GPS, GLONASS, GALILEO","Fingerprint (side-mounted), accelerometer, proximity, compass, barometer, thermometer (skin temperature)",5000,18,,No,,,,,,,,,,,"Storm Gray, Hack Black",,,,No
Umidigi,Umidigi Power 5,https://www.gsmarena.com/umidigi_power_5-13105.php,https://fdn2.gsmarena.com/vv/bigpic/umidigi-power5.jpg,GSM / HSPA / LTE,No,2021. Released 2021,Discontinued,164.8 x 76.9 x 9.9 mm (6.49 x 3.03 x 0.39 in),211.0,,,Nano-SIM + Nano-SIM,IPS LCD,,6.53,720x1600,269,81.2,,Android 11,Mediatek Helio G25 (12 nm),12,Octa-core (4x2.0 GHz Cortex-A53 & 4x1.5 GHz Cortex-A53),PowerVR GE8320,3,4,64,128,,16.0,3,2.0,No,,No,"Dual-LED flash, HDR, panorama",1080p@30fps,8.0,No,,1080p@30fps,"Wi-Fi 802.11 a/b/g/n/ac, dual-band, Wi-Fi Direct",No,5.0,Type-C,Yes,"GPS, GLONASS, GALILEO","Fingerprint (side-mounted), accelerometer, proximity, compass, thermometer (skin temperature)",6150,10,,No,,,,,,,,,,,"Carbon Grey, Jade Green, Sapphire Blue",,,,No
Umidigi,Umidigi A11,https://www.gsmarena.com/umidigi_a11-13106.php,https://fdn2.gsmarena.com/vv/bigpic/umidigi-a11.jpg,GSM / HSPA / LTE,No,2021. Released 2021,Discontinued,162.2 x 75 x 9.2 mm (6.39 x 2.95 x 0.36 in),222.0,,,Nano-SIM + Nano-SIM,IPS LCD,,6.53,720x1600,269,84.6,,Android 11,Mediatek Helio G25 (12 nm),12,Octa-core (4x2.0 GHz Cortex-A53 & 4x1.5 GHz Cortex-A53),PowerVR GE8320,3,4,64,128,,16.0,3,2.0,No,,No,"Dual-LED flash, HDR, panorama",1080p@30fps,5.0,No,,1080p@30fps,"Wi-Fi 802.11 a/b/g/n/ac, dual-band, Wi-Fi Direct",No,5.0,Type-C,Yes,"GPS, GLONASS, GALILEO","Fingerprint (side-mounted), accelerometer, proximity, compass, thermometer (skin temperature)",5150,10,,No,,,,,,,,,,,"Mist Blue, Frost Grey",,,,No
Umidigi,Umidigi A9 Pro 2021,https://www.gsmarena.com/umidigi_a9_pro_2021-13107.php,https://fdn2.gsmarena.com/vv/bigpic/umidigi-a9-pro.jpg,GSM / HSPA / LTE,No,2021. Released 2021,Discontinued,158.7 x 74.9 x 8.6 mm (6.25 x 2.95 x 0.34 in),205.0,Aluminum,,Nano-SIM + Nano-SIM,IPS LCD,,6.3,1080x2340,409,82.0,,Android 11,Mediatek Helio P60 (12 nm),12,Octa-core (4x2.0 GHz Cortex-A73 & 4x2.0 GHz Cortex-A53),Mali-G72 MP3,8,8,128,128,UFS 2.1,48.0,4,1.8,No,1/2.0,No,"Dual-LED flash, HDR, panorama",1080p@30fps,24.0,No,,1080p@30fps,"Wi-Fi 802.11 a/b/g/n/ac, dual-band, Wi-Fi Direct",No,4.2,Type-C,Yes,"GPS, GLONASS, GALILEO","Fingerprint (rear-mounted), accelerometer, proximity, compass, thermometer (skin temperature)",4150,10,,No,,,,,,,,,,,"Onyx Black, Forest Green",,,,No
Umidigi,Umidigi A9,https://www.gsmarena.com/umidigi_a9-13108.php,https://fdn2.gsmarena.com/vv/bigpic/umidigi-a9.jpg,GSM / HSPA / LTE,No,2021. Released 2021,Discontinued,164 x 77.1 x 9.5 mm (6.46 x 3.04 x 0.37 in),204.0,,,Nano-SIM + Nano-SIM,IPS LCD,,6.53,720x1600,269,81.4,,Android 11,Mediatek Helio G25 (12 nm),12,Octa-core (4x2.0 GHz Cortex-A53 & 4x1.5 GHz Cortex-A53),PowerVR GE8320,3,3,64,64,,13.0,3,1.8,No,,No,"Dual-LED flash, HDR, panorama",1080p@30fps,8.0,No,,1080p@30fps,"Wi-Fi 802.11 a/b/g/n/ac, dual-band, Wi-Fi Direct",No,5.0,Type-C,Yes,"GPS, GLONASS, GALILEO","Fingerprint (rear-mounted), accelerometer, proximity, compass, thermometer (skin temperature)",5150,10,,No,,,,,,,,,,,"Granite Grey, Sky Blue, Peacock Green",,,,No
Umidigi,Umidigi A9 Pro,https://www.gsmarena.com/umidigi_a9_pro-13109.php,https://fdn2.gsmarena.com/vv/bigpic/umidigi-a9-pro.jpg,GSM / HSPA / LTE,No,2020. Released 2020,Discontinued,158.7 x 74.9 x 8.6 mm (6.25 x 2.95 x 0.34 in),205.0,Aluminum,,Nano-SIM + Nano-SIM,IPS LCD,,6.3,1080x2340,409,82.0,,Android 10,Mediatek Helio P60 (12 nm),12,Octa-core (4x2.0 GHz Cortex-A73 & 4x2.0 GHz Cortex-A53),Mali-G72 MP3,4,6,64,128,UFS 2.1,48.0,4,1.8,No,1/2.0,No,"Dual-LED flash, HDR, panorama",1080p@30fps,24.0,No,,1080p@30fps,"Wi-Fi 802.11 a/b/g/n/ac, dual-band, Wi-Fi Direct",No,4.2,Type-C,Yes,"GPS, GLONASS, GALILEO","Fingerprint (rear-mounted), accelerometer, proximity, compass, thermometer (skin temperature)",4150,10,,No,,,,,,,,,,,"Onyx Black, Forest Green",,,,No
Umidigi,Umidigi Bison,https://www.gsmarena.com/umidigi_bison-13110.php,https://fdn2.gsmarena.com/vv/bigpic/umidigi-bison.jpg,GSM / HSPA / LTE,No,2020. Released 2020,Discontinued,162.5 x 79.9 x 12.8 mm (6.40 x 3.15 x 0.50 in),250.0,,IP68,Nano-SIM + Nano-SIM,IPS LCD,,6.3,1080x2340,409,75.0,Corning Gorilla Glass,Android 10,Mediatek Helio P60 (12 nm),12,Octa-core (4x2.0 GHz Cortex-A73 & 4x2.0 GHz Cortex-A53),Mali-G72 MP3,6,6,128,128,,48.0,4,1.8,No,1/2.0,No,"Dual-LED flash, HDR, panorama",1080p@30fps,24.0,No,,1080p@30fps,"Wi-Fi 802.11 a/b/g/n/ac, dual-band, Wi-Fi Direct",Yes,4.2,Type-C,Yes,"GPS, GLONASS, GALILEO","Fingerprint (side-mounted), accelerometer, proximity, compass, barometer",5000,18,,No,,,,,,,,,,,"Cyber Yellow, Lava Orange",,,,No
Umidigi,Umidigi A11 Tab,https://www.gsmarena.com/umidigi_a11_tab-13113.php,https://fdn2.gsmarena.com/vv/bigpic/umidigi-a11-tab-.jpg,No cellular connectivity,No,2021. Released 2021,Discontinued,247.2 x 157 x 8 mm (9.73 x 6.18 x 0.31 in),527.0,,,No,TFT,,10.4,1200x2000,224,79.3,,Android 11,Mediatek Helio P22 (12 nm),12,Octa-core (4x2.0 GHz Cortex-A53 & 4x1.5 GHz Cortex-A53),PowerVR GE8320,4,4,128,128,,16.0,1,2.0,No,,No,LED flash,1080p@30fps,8.0,No,,1080p@30fps,"Wi-Fi 802.11 a/b/g/n/ac, dual-band",No,5.0,Type-C,No,"GPS, GALILEO, GLONASS, BDS","Fingerprint (side-mounted), accelerometer, gyro, proximity, compass",8000,10,,No,,,,,,,,,,,Black,,,,FM radio
Umidigi,Umidigi G3 Tab,https://www.gsmarena.com/umidigi_g3_tab-13114.php,https://fdn2.gsmarena.com/vv/bigpic/umidigi-g3-tab-.jpg,No cellular connectivity,No,2021. Released 2021,Discontinued,244.8 x 162.2 x 10.7 mm (9.64 x 6.39 x 0.42 in),570.0,,,No,TFT,,10.1,800x1280,149,74.5,,Android 13,Mediatek Helio A22 (12 nm),12,Quad-core 2.0 GHz Cortex-A53,PowerVR GE8300,3,3,32,32,eMMC 5.1,8.0,1,2.2,No,,No,LED flash,1080p@30fps,8.0,No,,720p@30fps,"Wi-Fi 802.11 b/g/n/ac, dual-band",No,5.0,Type-C,Yes,"GPS, GALILEO, GLONASS","Accelerometer, proximity (accessories only), compass",6000,10,,No,,,,,,,,,,,"Graphite Black, Dark Green, Midnight Blue",,,,No
Umidigi,Umidigi F1,https://www.gsmarena.com/umidigi_f1-9524.php,https://fdn2.gsmarena.com/vv/bigpic/umidigi-f1.jpg,GSM / CDMA / HSPA / EVDO / LTE,No,"2018, December. Released 2019, January",Discontinued,156.7 x 74.3 x 8.8 mm (6.17 x 2.93 x 0.35 in),186.0,,,Nano-SIM + Nano-SIM,IPS LCD,,6.3,1080x2340,409,83.7,,Android 9.0 (Pie),Mediatek MT6771 Helio P60 (12 nm),12,Octa-core (4x2.0 GHz Cortex-A73 & 4x2.0 GHz Cortex-A53),Mali-G72 MP3,4,4,128,128,eMMC 5.1,16.0,2,1.7,No,1/2.8,No,"Dual-LED dual-tone flash, HDR, panorama",1080p@30fps,16.0,No,HDR,1080p@30fps,"Wi-Fi 802.11 a/b/g/n, Wi-Fi Direct",Yes,4.1,Type-C,Yes,"GPS, GLONASS","Fingerprint (rear-mounted), accelerometer, gyro, proximity, compass",5150,18,,No,,,200.0,,,,,,,,"Black, Red, Gold",,,,FM radio
Umidigi,Umidigi One Max,https://www.gsmarena.com/umidigi_one_max-9525.php,https://fdn2.gsmarena.com/vv/bigpic/umidigi-one-max.jpg,GSM / CDMA / HSPA / EVDO / LTE,No,"2018, December. Released 2018, December",Discontinued,156.8 x 75.6 x 8.4 mm (6.17 x 2.98 x 0.33 in),205.0,Glass,,Nano-SIM + Nano-SIM,IPS LCD,,6.3,720x1520,267,83.6,,Android 8.1 (Oreo),Mediatek MT6763 Helio P23 (16 nm),16,Octa-core 2.0 GHz Cortex-A53,Mali-G71 MP2,4,4,128,128,eMMC 5.1,12.0,2,2.0,No,,No,"Dual-LED dual-tone flash, HDR, panorama",1080p@30fps,16.0,No,HDR,1080p@30fps,"Wi-Fi 802.11 a/b/g/n, Wi-Fi Direct",Yes,4.1,Type-C,Yes,"GPS, GLONASS","Fingerprint (side-mounted), accelerometer, gyro, proximity, compass",4150,18,15,No,,,160.0,,,,,,,,"Twilight Color, Carbon Fiber",,,,No
Xolo,XOLO Era 2X,https://www.gsmarena.com/xolo_era_2x-8520.php,https://fdn2.gsmarena.com/vv/bigpic/lava-xolo-2x.jpg,GSM / HSPA / LTE,No,"2017, January. Released 2017, January",Discontinued,144 x 72.3 x 9.5 mm (5.67 x 2.85 x 0.37 in),,,,Dual SIM,IPS LCD,,5.0,720x1280,294,66.2,,Android 6.0 (Marshmallow),Mediatek MT6737 (28 nm),28,Quad-core 1.25 GHz Cortex-A53,Mali-T720MP2,2,3,16,16,eMMC 5.0,8.0,1,2.0,No,,No,"LED flash, HDR, panorama",1080p@30fps,5.0,No,,,Wi-Fi 802.11 b/g/n,No,4.0,Micro-USB,Yes,GPS,"Fingerprint (rear-mounted), accelerometer, proximity",2500,,,No,,,,,,,,,,,"Black/Gun Metal, Latte Gold",,,,FM radio
Xolo,XOLO Era 2,https://www.gsmarena.com/xolo_era_2-8395.php,https://fdn2.gsmarena.com/vv/bigpic/xolo-era-2.jpg,GSM / HSPA / LTE,No,"2016, October. Released 2016, October",Discontinued,146.5 x 73 x 9.2 mm (5.77 x 2.87 x 0.36 in),,,,Dual SIM,TFT,,5.0,480x854,196,64.4,,Android 6.0 (Marshmallow),Spreadtrum SC9832A,,Quad-core 1.3 GHz,Mali-400MP3,1,1,8,8,,5.0,1,2.0,No,,No,"Panorama, LED flash",720p@30fps,5.0,No,LED flash,,Wi-Fi 802.11 b/g/n,No,4.0,Micro-USB,Yes,GPS,Accelerometer,2350,,,No,,,,,,,,,,,"Black, Blue, Gold",era 2,,,FM radio
Xolo,XOLO Era 1X,https://www.gsmarena.com/xolo_era_1x-8339.php,https://fdn2.gsmarena.com/vv/bigpic/xolo-era-1x.jpg,GSM / HSPA / LTE,No,"2016, September. Released 2016, September",Discontinued,145.5 x 72 x 8.6 mm (5.73 x 2.83 x 0.34 in),,,,Dual SIM,IPS LCD,,5.0,720x1280,294,65.8,,Android 6.0 (Marshmallow),Spreadtrum SC9832A,,Quad-core 1.3 GHz,Mali-400MP3,1,1,8,8,,8.0,1,,No,,No,"LED flash, panorama, HDR",1080p@30fps,5.0,No,dual-LED flash,,Wi-Fi 802.11 b/g/n,No,4.0,Micro-USB,Yes,GPS,"Accelerometer, proximity",2500,,,No,,,,,,,,,,,"Black, Brown/Gold",,,,FM radio
Xolo,XOLO Era X,https://www.gsmarena.com/xolo_era_x-7959.php,https://fdn2.gsmarena.com/vv/bigpic/xolo-era-x.jpg,GSM / HSPA / LTE,No,"2016, February. Released 2016, February",Discontinued,145.5 x 72 x 8.5 mm (5.73 x 2.83 x 0.33 in),,,,Dual SIM,IPS LCD,,5.0,720x1280,294,65.8,Corning Gorilla Glass,"Android 5.1.1 (Lollipop), upgradable to 6.0 (Marshmallow)",Spreadtrum SC9830A,,Quad-core 1.5 GHz,,2,2,8,8,,8.0,1,,No,,No,"LED flash, panorama, HDR",1080p@30fps,5.0,No,LED flash,,"Wi-Fi 802.11 b/g/n, hotspot",No,4.0,Micro-USB,Yes,GPS,"Accelerometer, proximity",2500,,,No,,,,,,,,,,,Black,,,,FM radio
Xolo,XOLO Era 4K,https://www.gsmarena.com/xolo_era_4k-7958.php,https://fdn2.gsmarena.com/vv/bigpic/xolo-era-4k.jpg,GSM / HSPA / LTE,No,"2016, February. Released 2016, February",Discontinued,143 x 71.8 x 9.2 mm (5.63 x 2.83 x 0.36 in),,,,Dual SIM,IPS LCD,,5.0,720x1280,294,67.1,Gorilla Glass 3,Android 5.1.1 (Lollipop),Mediatek MT6735P (28 nm),28,Quad-core 1.0 GHz Cortex-A53,Mali-T720MP2,2,2,8,8,,8.0,1,2.0,No,,No,"Dual-LED flash, panorama, HDR",1080p@30fps,5.0,No,,,"Wi-Fi 802.11 b/g/n, hotspot",No,4.0,Micro-USB,Yes,GPS,"Accelerometer, proximity",4000,,,No,,,,,,,,,,,"Blue, White",,,,FM radio
Xolo,XOLO Era 4G,https://www.gsmarena.com/xolo_era_4g-7929.php,https://fdn2.gsmarena.com/vv/bigpic/xolo-era-4g-.jpg,GSM / HSPA / LTE,No,"2016, February. Released 2016, February",Discontinued,145.5 x 72 x 8.5 mm (5.73 x 2.83 x 0.33 in),,,,Dual SIM,IPS LCD,,5.0,720x1280,294,65.8,Corning Gorilla Glass,"Android 5.1.1 (Lollipop), upgradable to 6.0 (Marshmallow)",Spreadtrum SC9830A,,Quad-core 1.5 GHz,Mali-400MP2,1,1,8,8,,5.0,1,,No,,No,"LED flash, panorama, HDR",1080p@30fps,2.0,No,LED flash,,"Wi-Fi 802.11 b/g/n, hotspot",No,4.0,Micro-USB,Yes,GPS,"Accelerometer, proximity",2500,,,No,,,,,,,,,,,Black,,,0.26 W/kg (head) 0.23 W/kg (body),FM radio
Xolo,XOLO One HD,https://www.gsmarena.com/xolo_one_hd-7872.php,https://fdn2.gsmarena.com/vv/bigpic/xolo-one-hd.jpg,GSM / HSPA,No,"2015, December. Released 2016, January",Discontinued,143 x 72.6 x 9.5 mm (5.63 x 2.86 x 0.37 in),,,,Dual SIM,IPS LCD,,5.0,720x1280,294,66.4,,Android 5.1 (Lollipop),Mediatek MT6580M (28 nm),28,Quad-core 1.3 GHz Cortex-A7,Mali-400MP2,1,1,8,8,,8.0,1,2.2,No,,No,"LED flash, panorama, HDR",1080p@30fps,5.0,No,LED flash,,"Wi-Fi 802.11 b/g/n, hotspot",No,4.0,Micro-USB,Yes,GPS,"Accelerometer, proximity",2300,,,No,,,,,,,,,,,"Space Gray, White",,,0.22 W/kg (head) 0.48 W/kg (body),FM radio
Xolo,XOLO Black 3GB,https://www.gsmarena.com/xolo_black_3gb-7871.php,https://fdn2.gsmarena.com/vv/bigpic/xolo-black-3gb.jpg,GSM / HSPA / LTE,No,"2015, December. Released 2015, December",Discontinued,155.5 x 76.6 x 7.3 mm (6.12 x 3.02 x 0.29 in),,Glass,,Dual SIM,IPS LCD,,5.5,1080x1920,401,70.0,Gorilla Glass 3,"Android 5.0 (Lollipop) , HIVE Atlas UI",Qualcomm MSM8939 Snapdragon 615 (28 nm),28,Octa-core (4x1.5 GHz Cortex-A53 & 4x1.0 GHz Cortex-A53),Adreno 405,3,3,16,16,eMMC 4.5,13.0,2,2.0,No,,No,"LED flash, panorama, HDR",1080p@30fps,5.0,No,LED flash,,"Wi-Fi 802.11 b/g/n, hotspot",No,4.0,Micro-USB,Yes,"GPS, GLONASS","Accelerometer, gyro, proximity, compass",3200,,,No,,,,,,,,,,,Black,,,0.13 W/kg (head) 0.27 W/kg (body),FM radio
Xolo,XOLO Black 1X,https://www.gsmarena.com/xolo_black_1x-7729.php,https://fdn2.gsmarena.com/vv/bigpic/xolo-black-1x.jpg,GSM / HSPA / LTE,No,"2015, October. Released 2015, October",Discontinued,144.6 x 72 x 7.6 mm (5.69 x 2.83 x 0.30 in),,,,Hybrid Dual SIM,IPS LCD,,5.0,1080x1920,441,66.2,Asahi Dragontrail Glass,"Android 5.1 (Lollipop), upgradable to 6.0 (Marshmallow), HIVE Atlas UI",Mediatek MT6753 (28 nm),28,Octa-core 1.3 GHz Cortex-A53,Mali-T720MP3,3,3,32,32,,13.0,1,,No,,No,"LED flash, panorama, HDR",1080p@30fps,5.0,No,LED flash,,"Wi-Fi 802.11 b/g/n, hotspot",No,4.0,Micro-USB,Yes,"GPS, GLONASS","Accelerometer, gyro, proximity, compass",2400,,,No,,,140.0,,,,,,,,Black,,,0.09 W/kg (head) 0.14 W/kg (body),FM radio
Xolo,XOLO Black,https://www.gsmarena.com/xolo_black-7399.php,https://fdn2.gsmarena.com/vv/bigpic/xolo-black-2015.jpg,GSM / HSPA / LTE,No,"2015, July. Released 2015, July",Discontinued,155.5 x 76.6 x 7.3 mm (6.12 x 3.02 x 0.29 in),,Glass,,Nano-SIM + Micro-SIM,IPS LCD,,5.5,1080x1920,403,69.3,Gorilla Glass 3,"Android 5.0 (Lollipop), HIVE Atlas UI",Qualcomm MSM8939 Snapdragon 615 (28 nm),28,Octa-core (4x1.5 GHz Cortex-A53 & 4x1.0 GHz Cortex-A53),Adreno 405,2,2,16,16,eMMC 4.5,13.0,2,,No,,No,"LED flash, panorama, HDR",1080p@30fps,5.0,No,LED flash,,"Wi-Fi 802.11 b/g/n, hotspot",No,4.0,Micro-USB,Yes,"GPS, GLONASS","Accelerometer, gyro, proximity, compass",3200,,,No,,,180.0,,,,,,,,Black,,,0.13 W/kg (head) 0.27 W/kg (body),FM radio
Xolo,XOLO Era,https://www.gsmarena.com/xolo_era-7400.php,https://fdn2.gsmarena.com/vv/bigpic/xolo-era.jpg,GSM / HSPA,No,"2015, July. Released 2015, July",Discontinued,143 x 73.2 x 9.4 mm (5.63 x 2.88 x 0.37 in),,,,Dual SIM,IPS LCD,,5.0,480x854,196,65.8,,Android 4.4.2 (KitKat),Spreadtrum 7731,,Quad-core 1.2 GHz,Mali-400,1,1,8,8,,8.0,1,,No,,No,"LED flash, panorama, HDR",Yes,2.0,No,,,"Wi-Fi 802.11 b/g/n, hotspot",No,2.1,Micro-USB,Yes,GPS,"Accelerometer, proximity",2100,,,No,,,60.0,,,,,,,,Black,,,,FM radio
Xolo,XOLO Cube 5.0,https://www.gsmarena.com/xolo_cube_5_0-7311.php,https://fdn2.gsmarena.com/vv/bigpic/xolo-cube-5.jpg,GSM / HSPA,No,"2015, June. Released 2015, June",Discontinued,143 x 71 x 6.9 mm (5.63 x 2.80 x 0.27 in),,,,Dual SIM,IPS LCD,,5.0,720x1280,294,67.9,,Android 5.0 (Lollipop),Mediatek MT6582M (28 nm),28,Quad-core 1.3 GHz Cortex-A7,Mali-400MP2,2,2,8,8,,8.0,1,,No,,No,"LED flash, panorama, HDR",Yes,5.0,No,,,"Wi-Fi 802.11 b/g/n, hotspot",No,4.0,Micro-USB,Yes,GPS,"Accelerometer, proximity",2100,,,No,,,,,,,,,,,"Black, White, Gold",,,0.79 W/kg (head) 1.19 W/kg (body),FM radio
Xolo,XOLO Prime,https://www.gsmarena.com/xolo_prime-7244.php,https://fdn2.gsmarena.com/vv/bigpic/xolo-prime.jpg,GSM / HSPA,No,"2015, May. Released 2015, May",Discontinued,135 x 68 x 9.5 mm (5.31 x 2.68 x 0.37 in),,,,Dual SIM,IPS LCD,,4.5,480x854,218,60.8,,Android 5.0 (Lollipop),Mediatek MT6582M (28 nm),28,Quad-core 1.3 GHz Cortex-A7,Mali-400MP2,1,1,8,8,,5.0,1,,No,,No,"LED flash, panorama, HDR",720p,,No,,,"Wi-Fi 802.11 b/g/n, hotspot",No,4.0,Micro-USB,Yes,GPS,"Accelerometer, proximity",1800,,,No,,,80.0,,,,,,,,"Black, Blue, Red",,,0.89 W/kg (head) 0.71 W/kg (body),FM radio
Xolo,XOLO LT2000,https://www.gsmarena.com/xolo_lt2000-7131.php,https://fdn2.gsmarena.com/vv/bigpic/xolo-2000.jpg,GSM / HSPA / LTE,No,"2015, January. Released 2015, February",Discontinued,152.4 x 75 x 9.3 mm (6.00 x 2.95 x 0.37 in),,,,Dual SIM (Micro-SIM),IPS LCD,,5.5,720x1280,267,73.0,,"Android 4.4.2 (KitKat), upgradable to 5.0 (Lollipop)",Qualcomm MSM8916 Snapdragon 410 (28 nm),28,Quad-core 1.2 GHz Cortex-A53,Adreno 306,1,1,8,8,eMMC 4.5,8.0,1,,No,,No,"LED flash, panorama, HDR",1080p@30fps,2.0,No,,,"Wi-Fi 802.11 b/g/n, hotspot",No,4.0,Micro-USB,Yes,GPS,"Accelerometer, proximity, compass",2920,,,No,,,,,,,,,,,Black,,,0.28 W/kg (head) 0.30 W/kg (body),FM radio
Xolo,XOLO A1010,https://www.gsmarena.com/xolo_a1010-7107.php,https://fdn2.gsmarena.com/vv/bigpic/xolo-1010.jpg,GSM / HSPA,No,"2015, March. Released 2015, March",Discontinued,143.7 x 72 x 8.8 mm (5.66 x 2.83 x 0.35 in),,,,Dual SIM,IPS LCD,,5.0,480x854,196,66.6,,Android 4.4.2 (KitKat),Mediatek MT6582M (28 nm),28,Dual-core 1.0 GHz Cortex-A7,Mali-400MP2,,,4,4,,5.0,1,,No,,No,"LED flash, panorama, HDR",Yes,,No,,,"Wi-Fi 802.11 b/g/n, hotspot",No,4.0,Micro-USB,Yes,GPS,"Accelerometer, proximity",2500,,,No,,,80.0,,,,,,,,"Black, White",,,,FM radio
Xolo,XOLO Win Q1000,https://www.gsmarena.com/xolo_win_q1000-7065.php,https://fdn2.gsmarena.com/vv/bigpic/xolo-q1000.jpg,GSM / HSPA,No,"2015, February. Released 2015, February",Discontinued,143 x 71.3 x 8.8 mm (5.63 x 2.81 x 0.35 in),,,,Dual SIM,IPS LCD,,5.0,720x1280,294,67.6,,Microsoft Windows Phone 8.1,Qualcomm MSM8212 Snapdragon 200 (28 nm),28,Quad-core 1.2 GHz Cortex-A7,Adreno 302,1,1,8,8,eMMC 4.5,8.0,1,,No,,No,LED flash,Yes,2.0,No,,,"Wi-Fi 802.11 b/g/n, hotspot",No,4.0,Micro-USB,Yes,GPS,"Accelerometer, proximity",2200,,,No,,,120.0,,,,,,,,"Black, White, Yellow",,,0.69 W/kg (head) 0.78 W/kg (body),FM radio
Xolo,XOLO 8X-1020,https://www.gsmarena.com/xolo_8x_1020-7064.php,https://fdn2.gsmarena.com/vv/bigpic/xolo-8x-1020.jpg,GSM / HSPA,No,"2015, February. Released 2015, February",Discontinued,143 x 71.3 x 8.8 mm (5.63 x 2.81 x 0.35 in),,,,Dual SIM,IPS LCD,,5.0,720x1280,294,67.6,,Android 4.4.2 (KitKat),Mediatek MT6592M (28 nm),28,Octa-core 1.4 GHz Cortex-A7,Mali-450MP4,1,1,8,8,,8.0,1,,No,,No,"Dual-LED flash, panorama, HDR",Yes,5.0,No,LED flash,,"Wi-Fi 802.11 b/g/n, hotspot",No,4.0,Micro-USB,Yes,GPS,"Accelerometer, proximity, compass",2500,,,No,,,120.0,,,,,,,,Black,,,0.73 W/kg (head) 0.71 W/kg (body),FM radio
Xolo,XOLO Q700 Club,https://www.gsmarena.com/xolo_q700_club-7009.php,https://fdn2.gsmarena.com/vv/bigpic/xolo-700.jpg,GSM / HSPA,No,"2015, January. Released 2015, January",Discontinued,134.6 x 67 x 10.8 mm (5.30 x 2.64 x 0.43 in),,,,Dual SIM,IPS LCD,,4.5,480x854,218,61.9,,Android 4.4.2 (KitKat),Mediatek MT6582M (28 nm),28,Quad-core 1.3 GHz Cortex-A7,Mali-400MP2,1,1,8,8,,5.0,1,,No,,No,"LED flash, panorama, HDR",Yes,,No,,,"Wi-Fi 802.11 b/g/n, hotspot",No,4.0,Micro-USB,Yes,GPS,"Accelerometer, proximity",2000,,,No,,,,,,,,,,,"Black, White",,,,FM radio
Xolo,XOLO Q520s,https://www.gsmarena.com/xolo_q520s-7010.php,https://fdn2.gsmarena.com/vv/bigpic/xolo-520s.jpg,GSM / HSPA,No,"2015, January. Released 2015, January",Discontinued,-,,,,Dual SIM,IPS LCD,,4.0,480x800,233,,,Android 4.4.2 (KitKat),Mediatek MT6582M (28 nm),28,Quad-core 1.3 GHz Cortex-A7,Mali-400MP2,,,4,4,,5.0,1,,No,,No,"LED flash, panorama, HDR",Yes,,No,,,"Wi-Fi 802.11 b/g/n, hotspot",No,4.0,Micro-USB,Yes,GPS,"Accelerometer, proximity",1820,,,No,,,,,,,,,,,"Black, White",,,,FM radio
Xolo,XOLO Q900s Plus,https://www.gsmarena.com/xolo_q900s_plus-6887.php,https://fdn2.gsmarena.com/vv/bigpic/xolo-q900s-plus.jpg,GSM / HSPA,No,"2014, June. Released 2014, July",Discontinued,135.8 x 67.2 x 7.2 mm (5.35 x 2.65 x 0.28 in),100.0,,,Dual SIM,IPS LCD,,4.7,720x1280,312,66.7,Asahi Dragontrail Glass,Android 4.4.2 (KitKat),Qualcomm MSM8212 Snapdragon 200 (28 nm),28,Quad-core 1.2 GHz Cortex-A7,Adreno 302,1,1,8,8,eMMC 4.5,8.0,1,,No,,No,"LED flash, panorama",720p,2.0,No,,,"Wi-Fi 802.11 b/g/n, hotspot",No,4.0,Micro-USB,Yes,GPS,"Accelerometer, proximity, compass",1800,,,No,,,,,,,,,,,"Black, White",,,,FM radio
Xolo,XOLO Omega 5.5,https://www.gsmarena.com/xolo_omega_5_5-6851.php,https://fdn2.gsmarena.com/vv/bigpic/xolo-omega-55.jpg,GSM / HSPA,No,"2014, December. Released 2014, December",Discontinued,155.5 x 76.6 x 10.6 mm (6.12 x 3.02 x 0.42 in),,,,Dual SIM,IPS LCD,,5.5,720x1280,267,70.0,,Android 4.4.2 (KitKat),Mediatek MT6592M (28 nm),28,Octa-core 1.4 GHz Cortex-A7,Mali-450MP4,1,1,8,8,,13.0,1,,No,,No,"LED flash, panorama, HDR",Yes,2.0,No,,,"Wi-Fi 802.11 b/g/n, hotspot",No,4.0,Micro-USB,Yes,GPS,"Accelerometer, proximity",2600,,,No,,,130.0,,,,,,,,Black,,,,FM radio
Xolo,XOLO Omega 5.0,https://www.gsmarena.com/xolo_omega_5_0-6850.php,https://fdn2.gsmarena.com/vv/bigpic/xolo-omega-5.jpg,GSM / HSPA,No,"2014, December. Released 2014, December",Discontinued,144 x 72 x 10.5 mm (5.67 x 2.83 x 0.41 in),,,,Dual SIM,IPS LCD,,5.0,720x1280,294,66.5,,Android 4.4.2 (KitKat),Mediatek MT6592M (28 nm),28,Octa-core 1.4 GHz Cortex-A7,Mali-450MP4,1,1,8,8,,8.0,1,,No,,No,"LED flash, panorama, HDR",Yes,2.0,No,,,"Wi-Fi 802.11 b/g/n, hotspot",No,4.0,Micro-USB,Yes,GPS,"Accelerometer, proximity",2100,,,No,,,110.0,,,,,,,,Black,,,,FM radio
Xolo,XOLO Opus 3,https://www.gsmarena.com/xolo_opus_3-6844.php,https://fdn2.gsmarena.com/vv/bigpic/xolo-opus-3.jpg,GSM / HSPA,No,"2014, December. Released 2014, December",Discontinued,143 x 71.3 x 8.8 mm (5.63 x 2.81 x 0.35 in),,,,Dual SIM,"IPS LCD, 256K colors",,5.0,720x1280,294,67.6,,Android 4.4.2 (KitKat),Mediatek MT6582M (28 nm),28,Quad-core 1.3 GHz Cortex-A7,Mali-400MP2,1,1,8,8,,8.0,1,,No,,No,"Dual-LED flash, HDR, panorama",1080p@30fps,5.0,No,LED flash,,"Wi-Fi 802.11 b/g/n, hotspot",No,4.0,Micro-USB,Yes,GPS,"Accelerometer, proximity, compass",2500,,,No,,,120.0,,,,,,,,Black,,,0.73 W/kg (head) 0.71 W/kg (body),FM radio
Xolo,XOLO Q710s,https://www.gsmarena.com/xolo_q710s-6843.php,https://fdn2.gsmarena.com/vv/bigpic/xolo-q710s.jpg,GSM / HSPA,No,"2014, December. Released 2014, December",Discontinued,135 x 67 x 8.5 mm (5.31 x 2.64 x 0.33 in),,,,Dual SIM,"IPS LCD, 256K colors",,4.5,540x960,245,61.7,,Android 4.4.2 (KitKat),Mediatek MT6582M (28 nm),28,Quad-core 1.3 GHz Cortex-A7,Mali-400MP2,1,1,8,8,,8.0,1,,No,,No,"LED flash, HDR, panorama",1080p@30fps,1.3,No,,,"Wi-Fi 802.11 b/g/n, hotspot",No,4.0,Micro-USB,Yes,GPS,"Accelerometer, proximity",2000,,,No,,,,,,,,,,,Black,,,0.41 W/kg (head) 1.02 W/kg (body),FM radio
Xolo,XOLO Q1020,https://www.gsmarena.com/xolo_q1020-6793.php,https://fdn2.gsmarena.com/vv/bigpic/xolo-q1020.jpg,GSM / HSPA,No,"2014, October. Released 2014, October",Discontinued,143 x 71 x 8.7 mm (5.63 x 2.80 x 0.34 in),,,,Dual SIM,IPS LCD,,5.0,720x1280,294,67.9,Gorilla Glass 3,Android 4.4.2 (KitKat),Mediatek MT6582 (28 nm),28,Quad-core 1.3 GHz Cortex-A7,Mali-400MP2,1,1,8,8,,13.0,1,,No,,No,"LED flash, panorama, HDR",1080p@30fps,2.0,No,,,"Wi-Fi 802.11 b/g/n, hotspot",No,4.0,Micro-USB,Yes,GPS,"Accelerometer, proximity, compass",2100,,,No,,,150.0,,,,,,,,"Black, White",,,0.37 W/kg (head) 0.54 W/kg (body),FM radio
Xolo,XOLO One,https://www.gsmarena.com/xolo_one-6743.php,https://fdn2.gsmarena.com/vv/bigpic/xolo-one.jpg,GSM / HSPA,No,"2014, October. Released 2014, October",Discontinued,128 x 64.3 x 9.3 mm (5.04 x 2.53 x 0.37 in),,,,Dual SIM,"IPS LCD, 256K colors",,4.5,480x854,218,67.8,,"Android 4.4.2 (KitKat), upgradable to 5.0 (Lollipop)",Mediatek MT6582M (28 nm),28,Quad-core 1.3 GHz Cortex-A7,Mali-400MP2,1,1,8,8,,5.0,1,,No,,No,"LED flash, panorama, HDR",,,No,,,"Wi-Fi 802.11 b/g/n, hotspot",No,4.0,Micro-USB,Yes,GPS,"Accelerometer, proximity",1700,,,No,,,80.0,,,,,,,,"Black, White, Brown, Red, Liverpool FC Limited Edition",,,0.50 W/kg (head) 0.77 W/kg (body),FM radio
Xolo,XOLO Q2100,https://www.gsmarena.com/xolo_q2100-6735.php,https://fdn2.gsmarena.com/vv/bigpic/xolo-q2100.jpg,GSM / HSPA,No,"2014, September. Released 2014, September",Discontinued,152.4 x 75 x 9.3 mm (6.00 x 2.95 x 0.37 in),,,,Dual SIM,IPS LCD,,5.5,720x1280,267,73.0,Gorilla Glass 3,Android 4.4 (KitKat),Mediatek MT6582 (28 nm),28,Quad-core 1.3 GHz Cortex-A7,Mali-400MP2,1,1,8,8,,8.0,1,,No,,No,"Dual-LED flash, panorama, HDR",1080p@30fps,2.0,No,,,"Wi-Fi 802.11 b/g/n, hotspot",No,4.0,Micro-USB,Yes,GPS,"Fingerprint (rear-mounted), accelerometer, proximity, compass",2800,,,No,,,,,,,,,,,"Black, White",,0.68 W/kg (head) 0.56 W/kg (body),,FM radio
Xolo,XOLO Opus HD,https://www.gsmarena.com/xolo_opus_hd-6734.php,https://fdn2.gsmarena.com/vv/bigpic/xolo-opus-hd.jpg,GSM / HSPA,No,2014. Released 2014,Discontinued,143 x 71 x 7.9 mm (5.63 x 2.80 x 0.31 in),,,,Dual SIM,"IPS LCD, 256K colors",,4.99,720x1280,294,67.6,,Android 4.4.2 (KitKat),Broadcom BCM23550,,Quad-core 1.2 GHz,Broadcom VideoCore IV,1,1,8,8,,8.0,1,,No,,No,"LED flash, panorama",1080p@30fps,2.0,No,,,"Wi-Fi 802.11 b/g/n, hotspot",No,4.0,Micro-USB,Yes,GPS,"Accelerometer, proximity",2500,,,No,,,120.0,,,,,,,,Black,,0.52 W/kg (head) 0.60 W/kg (body),,FM radio
Xolo,XOLO Play 8X-1100,https://www.gsmarena.com/xolo_play_8x_1100-6652.php,https://fdn2.gsmarena.com/vv/bigpic/xolo-8x-1100.jpg,GSM / HSPA,No,"2014, August. Released 2014, August",Discontinued,141.5 x 70.8 x 8.7 mm (5.57 x 2.79 x 0.34 in),,,,Dual SIM,IPS LCD,,5.0,720x1280,294,68.8,Gorilla Glass 3,Android 4.4 (KitKat),Mediatek MT6592 (28 nm),28,Octa-core 1.7 GHz Cortex-A7,Mali-450MP4,2,2,16,16,,13.0,1,,No,,No,"Dual-LED flash, panorama, HDR",1080p@30fps,5.0,No,LED flash,,"Wi-Fi 802.11 b/g/n, hotspot",No,4.0,Micro-USB,Yes,GPS,"Accelerometer, gyro, proximity, compass",2100,,,No,,,190.0,,,,,,,,"Black, White",,,0.72 W/kg (head) 0.90 W/kg (body),FM radio
Xolo,XOLO Q510s,https://www.gsmarena.com/xolo_q510s-6626.php,https://fdn2.gsmarena.com/vv/bigpic/xolo-q510s.jpg,GSM / HSPA,No,"2014, September. Released 2014, September",Discontinued,128 x 63 x 9 mm (5.04 x 2.48 x 0.35 in),,,,Dual SIM,"IPS LCD, 256K colors",,4.0,480x640,200,61.4,,Android 4.4.2 (KitKat),Mediatek MT6582M (28 nm),28,Quad-core 1.3 GHz Cortex-A7,Mali-400MP2,1,1,8,8,,5.0,1,,No,,No,"LED flash, panorama, HDR",1080p@30fps,,No,,,"Wi-Fi 802.11 b/g/n, hotspot",No,4.0,Micro-USB,Yes,GPS,"Accelerometer, proximity",1500,,,No,,,,,,,,,,,"Black, Metal Blue, Real Golden, Rose Golden",,,,No
Xolo,XOLO Q700s plus,https://www.gsmarena.com/xolo_q700s_plus-6624.php,https://fdn2.gsmarena.com/vv/bigpic/xolo-q700s-plus.jpg,GSM / HSPA,No,"2014, September. Released 2014, September",Discontinued,136 x 64.6 x 8.9 mm (5.35 x 2.54 x 0.35 in),,,,Dual SIM (Mini-SIM),"IPS LCD, 256K colors",,4.5,480x854,218,63.5,,Android 4.4.2 (KitKat),Mediatek MT6582M (28 nm),28,Quad-core 1.3 GHz Cortex-A7,Mali-400MP2,1,1,8,8,,8.0,1,,No,,No,"LED flash, HDR, panorama",1080p@30fps,,No,,,"Wi-Fi 802.11 b/g/n, Wi-Fi Direct, hotspot",No,4.0,Micro-USB,Yes,GPS,"Accelerometer, compass",1800,,,No,,,,,,,,,,,"Black, Titanium Blue, Real Golden",,,0.47 W/kg (head) 0.24 W/kg (body),FM radio
Xolo,XOLO Q1000s plus,https://www.gsmarena.com/xolo_q1000s_plus-6623.php,https://fdn2.gsmarena.com/vv/bigpic/xolo-q1000s-plus.jpg,GSM / HSPA,No,"2014, August. Released 2014, August",Discontinued,147 x 72.1 x 8 mm (5.79 x 2.84 x 0.31 in),,,,Mini-SIM,IPS LCD,,5.0,1080x1920,441,65.0,,Android 4.2 (Jelly Bean),Mediatek MT6589T (28 nm),28,Quad-core 1.5 GHz Cortex-A7,PowerVR SGX544,2,2,32,32,,13.0,1,,No,,No,"LED flash, panorama, HDR",1080p@30fps,5.0,No,,,"Wi-Fi 802.11 b/g/n, hotspot",No,4.0,Micro-USB,Yes,GPS,"Accelerometer, proximity, compass",3000,,,No,,,,,,,,,,,"Black, White",,,0.58 W/kg (head) 0.56 W/kg (body),FM radio
Xolo,XOLO Q610s,https://www.gsmarena.com/xolo_q610s-6622.php,https://fdn2.gsmarena.com/vv/bigpic/xolo-q610s.jpg,GSM / HSPA,No,"2014, September. Released 2014, September",Discontinued,128 x 64.3 x 9.3 mm (5.04 x 2.53 x 0.37 in),,,,Dual SIM,IPS LCD,,4.5,480x854,218,67.8,,Android 4.4.2 (KitKat),Mediatek MT6582M (28 nm),28,Quad-core 1.3 GHz Cortex-A7,Mali-400MP2,1,1,8,8,,5.0,1,,No,,No,"LED flash, panorama",Yes,,No,,,"Wi-Fi 802.11 b/g/n, hotspot",No,4.0,Micro-USB,Yes,GPS,"Accelerometer, proximity",1700,,,No,,,,,,,,,,,"Black, White",,,0.31 W/kg (head) 0.26 W/kg (body),FM radio
Xolo,XOLO A1000s,https://www.gsmarena.com/xolo_a1000s-6577.php,https://fdn2.gsmarena.com/vv/bigpic/xolo-a1000s.jpg,GSM / HSPA,No,"2014, August. Released 2014, August",Discontinued,141 x 72.5 x 8.8 mm (5.55 x 2.85 x 0.35 in),,,,Dual SIM,"TFT, 256K colors",,5.0,480x854,196,67.4,,Android 4.4.2 (KitKat),Mediatek MT6572M (28 nm),28,Dual-core 1.0 GHz Cortex-A7,Mali-400,1,1,4,4,,5.0,1,,No,,No,"LED flash, panorama, HDR",720p,,No,,,"Wi-Fi 802.11 b/g/n, hotspot",No,3.0,Micro-USB,Yes,GPS,"Accelerometer, proximity",2000,,,No,,,,,,,,,,,"Black, White",,,0.89 W/kg (head) 0.71 W/kg (body),FM radio
Xolo,XOLO Play 8X-1200,https://www.gsmarena.com/xolo_play_8x_1200-6564.php,https://fdn2.gsmarena.com/vv/bigpic/xolo-8x-1200.jpg,GSM / HSPA,No,"2014, July. Released 2014, July",Discontinued,143 x 68.5 x 9.7 mm (5.63 x 2.70 x 0.38 in),,,,Dual SIM,IPS LCD,,5.0,1080x1920,441,70.4,,Android 4.4.2 (KitKat),Mediatek MT6592T,,Octa-core 2.0 GHz Cortex-A7,Mali-450MP4,2,2,32,32,,13.0,1,,No,,No,"Dual-LED flash, panorama, HDR",1080p@30fps,5.0,No,LED flash,,"Wi-Fi 802.11 b/g/n, hotspot",No,4.0,Micro-USB,Yes,GPS,"Accelerometer, gyro, proximity, compass",2300,,,No,,,270.0,,,,,,,,"Black, Red",,,,FM radio
Xolo,XOLO Hive 8X-1000,https://www.gsmarena.com/xolo_hive_8x_1000-6556.php,https://fdn2.gsmarena.com/vv/bigpic/XOLO-8X-1000.jpg,GSM / HSPA,No,"2014, August. Released 2014, August",Discontinued,140 x 70 x 7.9 mm (5.51 x 2.76 x 0.31 in),,,,Dual SIM,IPS LCD,,5.0,720x1280,294,70.3,Gorilla Glass 3,Android 4.4.2 (KitKat),Mediatek MT6592M (28 nm),28,Octa-core 1.4 GHz Cortex-A7,Mali-450MP4,2,2,16,16,,8.0,1,,No,,No,"LED flash, panorama, HDR",1080p@30fps,2.0,No,,,"Wi-Fi 802.11 b/g/n, hotspot",No,4.0,Micro-USB,Yes,GPS,"Accelerometer, proximity",1920,,,No,,,170.0,,,,,,,,Black,,,0.31 W/kg (head) 0.31 W/kg (body),FM radio
Xolo,XOLO A550S IPS,https://www.gsmarena.com/xolo_a550s_ips-6551.php,https://fdn2.gsmarena.com/vv/bigpic/xolo-a550s.jpg,GSM / HSPA,No,"2014, July. Released 2014, July",Discontinued,125 x 63.9 x 9.1 mm (4.92 x 2.52 x 0.36 in),,,,Dual SIM,"IPS LCD, 256K colors",,4.0,480x800,233,57.0,,Android 4.2.2 (Jelly Bean),Mediatek MT6572M (28 nm),28,Dual-core 1.0 GHz Cortex-A7,Mali-400,,,4,4,,5.0,1,,No,,No,"LED flash, panorama, HDR",,,No,,,"Wi-Fi 802.11 b/g/n, hotspot",No,3.0,Micro-USB,Yes,GPS,"Accelerometer, proximity",1400,,,No,,,,,,,,,,,White,,,,FM radio
Xolo,XOLO Q900s,https://www.gsmarena.com/xolo_q900s-6531.php,https://fdn2.gsmarena.com/vv/bigpic/xolo-q900s.jpg,GSM / HSPA,No,"2014, June. Released 2014, July",Discontinued,135.8 x 67.2 x 7.2 mm (5.35 x 2.65 x 0.28 in),100.0,,,Dual SIM,IPS LCD,,4.7,540x960,234,66.7,Asahi Dragontrail Glass,"Android 4.3 (Jelly Bean), upgradable to 4.4.2 (KitKat)",Qualcomm MSM8212 Snapdragon 200 (28 nm),28,Quad-core 1.2 GHz Cortex-A7,Adreno 302,1,1,8,8,eMMC 4.5,8.0,1,,No,,No,"LED flash, panorama",Yes,2.0,No,,,"Wi-Fi 802.11 b/g/n, hotspot",No,4.0,Micro-USB,Yes,GPS,"Accelerometer, proximity, compass",1800,,,No,,,,,,,,,,,"Black, White",,,,FM radio
Xolo,XOLO Q500s IPS,https://www.gsmarena.com/xolo_q500s_ips-6525.php,https://fdn2.gsmarena.com/vv/bigpic/xolo-q500s.jpg,GSM / HSPA,No,"2014, July. Released 2014, July",Discontinued,125 x 63.2 x 9 mm (4.92 x 2.49 x 0.35 in),,,,Dual SIM,IPS LCD,,4.0,480x800,233,57.6,,Android 4.4.2 (KitKat),Mediatek MT6582M (28 nm),28,Quad-core 1.3 GHz Cortex-A7,Mali-400MP2,,,4,4,,5.0,1,,No,,No,"LED flash, panorama, HDR",1080p@30fps,,No,,,"Wi-Fi 802.11 b/g/n, hotspot",No,3.0,Micro-USB,Yes,GPS,"Accelerometer, proximity",1500,,,No,,,,,,,,,,,"Black, White",,,0.78 W/kg (head) 0.49 W/kg (body),No
Xolo,XOLO A700s,https://www.gsmarena.com/xolo_a700s-6522.php,https://fdn2.gsmarena.com/vv/bigpic/xolo-a700s.jpg,GSM / HSPA,No,"2014, July. Released 2014, July",Discontinued,135 x 67 x 8.9 mm (5.31 x 2.64 x 0.35 in),,,,Dual SIM,IPS LCD,,4.5,540x960,245,61.7,,Android 4.2 (Jelly Bean),Mediatek MT6572 (28 nm),28,Dual-core 1.3 GHz Cortex-A7,Mali-400,1,1,4,4,,5.0,1,,No,,No,"LED flash, panorama, HDR",720p,,No,,,"Wi-Fi 802.11 b/g/n, hotspot",No,3.0,Micro-USB,Yes,GPS,"Accelerometer, proximity",1900,,,No,,,,,,,,,,,"Black, White",,,0.31 W/kg (head) 0.30 W/kg (body),FM radio
Xolo,XOLO Play 6X-1000,https://www.gsmarena.com/xolo_play_6x_1000-6494.php,https://fdn2.gsmarena.com/vv/bigpic/xolo-play-1000.jpg,GSM / HSPA,No,"2014, June. Released 2014, June",Discontinued,139.9 x 70.2 x 8.5 mm (5.51 x 2.76 x 0.33 in),,,,Dual SIM,IPS LCD,,5.0,720x1280,294,70.2,,Android 4.4.2 (KitKat),Mediatek MT6591,,Hexa-core 1.5 GHz Cortex-A7,Mali-450MP4,2,2,8,8,,8.0,1,,No,,No,"LED flash, panorama, HDR",1080p@30fps,2.0,No,,,"Wi-Fi 802.11 b/g/n, hotspot",No,4.0,Micro-USB,Yes,GPS,"Accelerometer, gyro, proximity, compass",2100,,,No,,,,,,,,,,,"Black, White",,,0.31 W/kg (head) 0.45 W/kg (body),FM radio
Xolo,XOLO Q2000L,https://www.gsmarena.com/xolo_q2000l-6495.php,https://fdn2.gsmarena.com/vv/bigpic/xolo-q2000l.jpg,GSM / HSPA,No,"2014, May. Released 2014, May",Discontinued,155.7 x 78 x 8.4 mm (6.13 x 3.07 x 0.33 in),,,,Dual SIM,IPS LCD,,5.5,540x960,200,68.7,,Android 4.4.2 (KitKat),Broadcom BCM23550,,Quad-core 1.2 GHz,Broadcom VideoCore IV,1,1,8,8,,8.0,1,,No,,No,"LED flash, panorama",720p,2.0,No,,,"Wi-Fi 802.11 b/g/n, hotspot",No,4.0,Micro-USB,Yes,GPS,"Accelerometer, proximity",2500,,,No,,,,,,,,,,,"Black, White",,,1.05 W/kg (head) 1.17 W/kg (body),FM radio
Xolo,XOLO Win Q900s,https://www.gsmarena.com/xolo_win_q900s-6476.php,https://fdn2.gsmarena.com/vv/bigpic/xolo-q900s-win.jpg,GSM / HSPA,No,"2014, June. Released 2014, July",Discontinued,135.8 x 67.2 x 7.2 mm (5.35 x 2.65 x 0.28 in),100.0,,,Dual SIM (Dual stand-by),IPS LCD,,4.7,720x1280,312,66.7,Scratch-resistant glass,Microsoft Windows Phone 8.1,Qualcomm MSM8212 Snapdragon 200 (28 nm),28,Quad-core 1.2 GHz Cortex-A7,Adreno 302,1,1,8,8,eMMC 4.5,8.0,1,,No,,No,"LED flash, panorama",Yes,2.0,No,,,"Wi-Fi 802.11 b/g/n, hotspot",No,4.0,Micro-USB,Yes,GPS,"Accelerometer, proximity, compass",1800,,,No,,,120.0,,,,,,,,"Black, White",,,,FM radio
Xolo,XOLO Q1000 Opus2,https://www.gsmarena.com/xolo_q1000_opus2-6477.php,https://fdn2.gsmarena.com/vv/bigpic/xolo-q1000-opus2-new.jpg,GSM / HSPA,No,"2014, June. Released 2014, June",Discontinued,143 x 73 x 9.3 mm (5.63 x 2.87 x 0.37 in),,,,Dual SIM,IPS LCD,,5.0,540x960,220,66.0,,Android 4.3 (Jelly Bean),Qualcomm Snapdragon 200 (28 nm),28,Quad-core 1.2 GHz Cortex-A7,Adreno 305,1,1,4,4,eMMC 4.5,8.0,1,,No,,No,"LED flash, panorama",720p,2.0,No,,,"Wi-Fi 802.11 b/g/n, hotspot",No,4.0,Micro-USB,Yes,GPS,"Accelerometer, proximity",2000,,,No,,,,,,,,,,,Black,,,1.24 W/kg (head) 1.15 W/kg (body),FM radio
Xolo,XOLO Q1011,https://www.gsmarena.com/xolo_q1011-6462.php,https://fdn2.gsmarena.com/vv/bigpic/xolo-q1011.jpg,GSM / HSPA,No,"2014, June. Released 2014, June",Discontinued,143.6 x 72.2 x 8.3 mm (5.65 x 2.84 x 0.33 in),,,,Micro-SIM,IPS LCD,,5.0,720x1280,294,66.5,,Android 4.4.2 (KitKat),Mediatek MT6582 (28 nm),28,Quad-core 1.3 GHz Cortex-A7,Mali-400MP2,1,1,4,4,,8.0,1,,No,,No,"LED flash, panorama, HDR",1080p@30fps,2.0,No,,,"Wi-Fi 802.11 b/g/n, hotspot",No,4.0,Micro-USB,Yes,GPS,"Accelerometer, proximity",2250,,,No,,,,,,,,,,,"Black, White",,,0.25 W/kg (head) 0.65 W/kg (body),FM radio
Xolo,XOLO Q1200,https://www.gsmarena.com/xolo_q1200-6430.php,https://fdn2.gsmarena.com/vv/bigpic/xolo-q1200.jpg,GSM / HSPA,No,"2014, May. Released 2014, May",Discontinued,144.8 x 71.4 x 6.9 mm (5.70 x 2.81 x 0.27 in),,,,Micro-SIM,IPS LCD,,5.0,720x1280,294,66.7,Gorilla Glass 3,"Android 4.2.2 (Jelly Bean), upgradable to 4.4.2 (KitKat)",Mediatek MT6582 (28 nm),28,Quad-core 1.3 GHz Cortex-A7,Mali-400MP2,1,1,8,8,,8.0,1,,No,,No,"LED flash, panorama, HDR",1080p@30fps,2.0,No,,,"Wi-Fi 802.11 b/g/n, hotspot",No,4.0,Micro-USB,Yes,GPS,"Accelerometer, proximity, compass",2000,,,No,,,,,,,,,,,"Black, White",,,0.31 W/kg (head) 0.45 W/kg (body),FM radio
Xolo,XOLO Q600s,https://www.gsmarena.com/xolo_q600s-6416.php,https://fdn2.gsmarena.com/vv/bigpic/xolo-q600s.jpg,GSM / HSPA,No,"2014, May. Released 2014, May",Discontinued,136.5 x 68 x 7.9 mm (5.37 x 2.68 x 0.31 in),,,,Dual SIM,IPS LCD,,4.5,540x960,245,60.1,,Android 4.4.2 (KitKat),Broadcom BCM23550,,Quad-core 1.2 GHz,Broadcom VideoCore IV,1,1,4,4,,5.0,1,,No,,No,"LED flash, panorama",720p,,No,,,"Wi-Fi 802.11 b/g/n, hotspot",No,4.0,Micro-USB,Yes,GPS,"Accelerometer, proximity",2000,,,No,,,,,,,,,,,"Black, White",,,0.94 W/kg (head) 1.27 W/kg (body),FM radio
Xolo,XOLO A500S Lite,https://www.gsmarena.com/xolo_a500s_lite-6402.php,https://fdn2.gsmarena.com/vv/bigpic/xolo-a500s-lite.jpg,GSM / HSPA,No,"2014, May. Released 2014, May",Discontinued,127 x 63 x 9.2 mm (5.0 x 2.48 x 0.36 in),,,,Dual SIM,"IPS LCD, 256K colors",,4.0,480x800,233,56.9,,Android 4.2 (Jelly Bean),Mediatek MT6572 (28 nm),28,Dual-core 1.3 GHz Cortex-A7,Mali-400,,,4,4,,3.15,1,,No,,No,LED flash,720p,,No,,,"Wi-Fi 802.11 b/g/n, hotspot",No,4.0,Micro-USB,Yes,GPS,"Accelerometer, proximity",1400,,,No,,,60.0,,,,,,,,"Black, White",,,0.78 W/kg (head) 1.19 W/kg (body),FM radio
Xolo,XOLO Q900T,https://www.gsmarena.com/xolo_q900t-6347.php,https://fdn2.gsmarena.com/vv/bigpic/xolo-q900t.jpg,GSM / HSPA,No,"2014, May. Released 2014, May",Discontinued,133.8 x 67.6 x 9.3 mm (5.27 x 2.66 x 0.37 in),,,,Dual SIM,IPS LCD,,4.7,720x1280,312,67.3,,Android 4.2 (Jelly Bean),Mediatek MT6589T (28 nm),28,Quad-core 1.5 GHz Cortex-A7,PowerVR SGX544,1,1,4,4,,8.0,1,,No,,No,"LED flash, panorama, HDR",1080p@30fps,2.0,No,,,"Wi-Fi 802.11 b/g/n, hotspot",No,3.0,Micro-USB,Yes,GPS,"Accelerometer, proximity, compass",1800,,,No,,,,,,,,,,,Black,,,0.32 W/kg (head) 0.46 W/kg (body),FM radio
Xolo,XOLO Q1010i,https://www.gsmarena.com/xolo_q1010i-6275.php,https://fdn2.gsmarena.com/vv/bigpic/xolo-q1010i.jpg,GSM / HSPA,No,"2014, March. Released 2014, March",Discontinued,143.6 x 72.2 x 8.3 mm (5.65 x 2.84 x 0.33 in),,,,Dual SIM,IPS LCD,,5.0,720x1280,294,66.5,Scratch-resistant glass,Android 4.2 (Jelly Bean),Mediatek MT6582 (28 nm),28,Quad-core 1.3 GHz Cortex-A7,Mali-400MP2,1,1,8,8,,8.0,1,,No,,No,"LED flash, panorama, HDR",1080p@30fps,2.0,No,,,"Wi-Fi 802.11 b/g/n, hotspot",No,4.0,Micro-USB,Yes,GPS,"Accelerometer, proximity",2250,,,No,,,160.0,,,,,,,,"Black, White",,,0.49 W/kg (head) 0.91 W/kg (body),FM radio
Xolo,Motorola Edge (2026),https://www.gsmarena.com/motorola_edge_(2026)-14705.php,https://fdn2.gsmarena.com/vv/bigpic/motorola-edge-2026.jpg,GSM / HSPA / LTE / 5G,Yes,"2026, June 02","Coming soon. Exp. release 2026, June 11",-,,,IP68,Nano-SIM + eSIM,"AMOLED, 1B colors, 120Hz, HDR, 5200 nits (peak)",120,6.3,1220x2712,472,81.3,Gorilla Glass 7i,Android 16,Mediatek Dimensity 7450 (4 nm),4,Octa-core (4x2.6 GHz Cortex-A78 & 4x2.0 GHz Cortex-A55),Mali-G615 MC2,8,8,128,128,UFS,50.0,3,1.8,Yes,1/1.56,Yes,"LED flash, HDR, panorama","4K@30fps, 1080p@30/60/120fps, gyro-EIS",50.0,Yes,HDR,"4K@30fps, 1080p@30fps",Yes,Yes,,Type-C,No,"GPS, GLONASS, GALILEO, BDS, NavIC","Fingerprint (under display, optical), accelerometer, gyro, proximity, compass, barometer",5500,60,15,No,,,520.0,,,,,,,,Pantone: Martini Olive,,,,No
Xolo,XOLO A510s,https://www.gsmarena.com/xolo_a510s-6257.php,https://fdn2.gsmarena.com/vv/bigpic/xolo-a510s.jpg,GSM / HSPA,No,"2014, March. Released 2014, March",Discontinued,128 x 63 x 9 mm (5.04 x 2.48 x 0.35 in),120.0,,,Dual SIM,IPS LCD,,4.0,480x854,245,54.7,,Android 4.2 (Jelly Bean),Mediatek MT6572 (28 nm),28,Dual-core 1.3 GHz Cortex-A7,Mali-400,1,1,4,4,,5.0,1,,No,,No,"LED flash, panorama",720p@30fps,,No,,,"Wi-Fi 802.11 b/g/n, hotspot",No,4.0,Micro-USB,Yes,GPS,"Accelerometer, proximity",1400,,,No,,,100.0,,,,,,,,Silver,,,,FM radio
Xolo,XOLO Q2500,https://www.gsmarena.com/xolo_q2500-6256.php,https://fdn2.gsmarena.com/vv/bigpic/xolo-q2500.jpg,GSM / HSPA,No,"2014, March. Released 2014, March",Discontinued,168 x 83 x 8.5 mm (6.61 x 3.27 x 0.33 in),,,,Dual SIM,IPS LCD,,6.0,720x1280,245,71.2,,"Android 4.2 (Jelly Bean), upgradable to 4.4.2 (KitKat)",Mediatek MT6582 (28 nm),28,Quad-core 1.3 GHz Cortex-A7,Mali-400MP2,1,1,4,4,,8.0,1,,No,,No,"LED flash, panorama, HDR",1080p@30fps,2.0,No,,,"Wi-Fi 802.11 b/g/n, hotspot",No,4.0,Micro-USB,Yes,GPS,"Accelerometer, proximity",3000,,,No,,,170.0,,,,,,,,Black,,,0.74 W/kg (head) 0.41 W/kg (body),FM radio
Xolo,XOLO A500 Club,https://www.gsmarena.com/xolo_a500_club-6051.php,https://fdn2.gsmarena.com/vv/bigpic/xolo-a500.jpg,GSM / HSPA,No,"2014, January. Released 2014, January",Discontinued,124.5 x 61.9 x 9.3 mm (4.90 x 2.44 x 0.37 in),120.0,,,Dual SIM,IPS LCD,,4.0,480x800,233,59.1,,Android 4.2 (Jelly Bean),Mediatek MT6572 (28 nm),28,Dual-core 1.3 GHz Cortex-A7,Mali-400,,,4,4,,5.0,1,,No,,No,"LED flash, panorama, HDR",720p@30fps,,No,,,"Wi-Fi 802.11 b/g/n, hotspot",No,4.0,Micro-USB,Yes,GPS,"Accelerometer, proximity",1400,,,No,,,80.0,,,,,,,,"Black, White",,,0.34 W/kg (head) 0.65 W/kg (body),FM radio
Xolo,XOLO Q1010,https://www.gsmarena.com/xolo_q1010-6050.php,https://fdn2.gsmarena.com/vv/bigpic/xolo-q1010.jpg,GSM / HSPA,No,"2014, February. Released 2014, February",Discontinued,143.6 x 72.2 x 8.3 mm (5.65 x 2.84 x 0.33 in),,,,Dual SIM,IPS LCD,,5.0,720x1280,294,66.5,,Android 4.2 (Jelly Bean),Mediatek MT6582 (28 nm),28,Quad-core 1.3 GHz Cortex-A7,Mali-400MP2,1,1,4,4,,8.0,1,,No,,No,"LED flash, panorama, HDR",1080p@30fps,2.0,No,,,"Wi-Fi 802.11 b/g/n, hotspot",No,4.0,Micro-USB,Yes,GPS,"Accelerometer, proximity",2250,,,No,,,140.0,,,,,,,,"Black, White",,,0.43 W/kg (head) 0.54 W/kg (body),No
Xolo,XOLO Q1100,https://www.gsmarena.com/xolo_q1100-6042.php,https://fdn2.gsmarena.com/vv/bigpic/lava-xolo-q1100.jpg,GSM / HSPA,No,"2014, January. Released 2014, January",Discontinued,143.8 x 70.8 x 8.3 mm (5.66 x 2.79 x 0.33 in),,,,Dual SIM (Mini-SIM),IPS LCD,,5.0,720x1280,294,67.7,,Android 4.3 (Jelly Bean),Qualcomm MSM8228 Snapdragon 400 (28 nm),28,Quad-core 1.4 GHz Cortex-A7,Adreno 305,1,1,8,8,eMMC 4.5,8.0,1,,No,,No,"LED flash, panorama, HDR",1080p@30fps,2.0,No,,,"Wi-Fi 802.11 b/g/n, hotspot",No,3.0,Micro-USB,Yes,GPS,"Accelerometer, proximity, compass",2000,,,No,,,140.0,,,,,,,,"Black, White",,,0.42 W/kg (head) 0.73 W/kg (body),FM radio
Xolo,XOLO Q700s,https://www.gsmarena.com/xolo_q700s-5974.php,https://fdn2.gsmarena.com/vv/bigpic/xolo-q700s.jpg,GSM / HSPA,No,"2014, January. Released 2014, January",Discontinued,136 x 64.6 x 8.9 mm (5.35 x 2.54 x 0.35 in),,,,Dual SIM,IPS LCD,,4.5,480x854,218,63.5,,Android 4.2 (Jelly Bean),Mediatek MT6582M (28 nm),28,Quad-core 1.3 GHz Cortex-A7,Mali-400MP2,1,1,4,4,,8.0,1,,No,,No,"LED flash, panorama",1080p@30fps,,No,,,"Wi-Fi 802.11 b/g/n, hotspot",No,4.0,Micro-USB,Yes,GPS,"Accelerometer, proximity",1800,,,No,,,120.0,,,,,,,,"Golden, Silver",,,0.33 W/kg (head) 0.70 W/kg (body),FM radio
Xolo,XOLO Q3000,https://www.gsmarena.com/xolo_q3000-5927.php,https://fdn2.gsmarena.com/vv/bigpic/xolo-q3000.jpg,GSM / HSPA,No,"2013, December. Released 2013, December",Discontinued,164.8 x 81.6 x 8.9 mm (6.49 x 3.21 x 0.35 in),,,,Dual SIM,IPS LCD,,5.7,1080x1920,386,66.6,,Android 4.2 (Jelly Bean),Mediatek MT6589 (28 nm),28,Quad-core 1.5 GHz Cortex-A7,PowerVR SGX544,2,2,16,16,,13.0,1,,No,,No,"LED flash, HDR, panorama",1080p@30fps,5.0,No,,,"Wi-Fi 802.11 b/g/n, hotspot",No,4.0,Micro-USB,Yes,"GPS, GLONASS","Accelerometer, gyro, proximity, compass",4000,,,No,,,250.0,,,,,,,,"Black, White",,,0.37 W/kg (head) 0.53 W/kg (body),FM radio
Xolo,XOLO LT900,https://www.gsmarena.com/xolo_lt900-5923.php,https://fdn2.gsmarena.com/vv/bigpic/xolo-lt900.jpg,GSM / HSPA / LTE,No,"2013, October. Released 2013, October",Discontinued,128.7 x 66 x 9.8 mm (5.07 x 2.60 x 0.39 in),140.0,,,Yes,IPS LCD,,4.3,720x1280,342,60.0,,Android 4.2 (Jelly Bean),Qualcomm MSM8960 Snapdragon S4 Plus,,Dual-core 1.5 GHz Krait,Adreno 225,1,1,8,8,,8.0,1,,No,,No,"Dual-LED flash, panorama, HDR",1080p@30fps,1.0,No,,720p,"Wi-Fi 802.11 b/g/n, hotspot",No,4.0,Micro-USB,Yes,GPS,"Accelerometer, gyro, proximity, compass",1810,,,No,,,190.0,,,,,,,,Black,,,0.60 W/kg (head) 0.53 W/kg (body),FM radio
Xolo,XOLO Q1000 Opus,https://www.gsmarena.com/xolo_q1000_opus-5906.php,https://fdn2.gsmarena.com/vv/bigpic/xolo-q1000-opus.jpg,GSM / HSPA,No,"2013, December. Released 2013, December",Discontinued,143.3 x 72.9 x 9 mm (5.64 x 2.87 x 0.35 in),,,,Dual SIM (Mini-SIM),IPS LCD,,5.0,480x854,196,65.9,,Android 4.2 (Jelly Bean),BCM23550,,Quad-core 1.2 GHz,Broadcom VideoCore IV,1,1,4,4,,5.0,1,,No,,No,"LED flash, panorama",720p@30fps,,No,,,"Wi-Fi 802.11 b/g/n, hotspot",No,4.0,Micro-USB,Yes,"GPS, GLONASS","Accelerometer, proximity",2000,,,No,,,100.0,,,,,,,,"Black, White",,,0.53 W/kg (head) 0.47 W/kg (body),FM radio
Xolo,XOLO Play Tegra Note,https://www.gsmarena.com/xolo_play_tegra_note-5890.php,https://fdn2.gsmarena.com/vv/bigpic/xolo-tegra.jpg,No cellular connectivity,No,"2013, December. Released 2013, December",Discontinued,199 x 119 x 9.6 mm (7.83 x 4.69 x 0.38 in),320.0,,,No,IPS LCD,,7.0,1280x800,216,60.0,,Android 4.2.2 (Jelly Bean),Nvidia Tegra 4,,Quad-core 1.8 GHz Cortex-A15,ULP GeForce,1,1,16,16,,5.0,1,,No,,No,"Panorama, HDR",1080p@30fps,,No,,,"Wi-Fi 802.11 b/g/n, Wi-Fi Direct",No,4.0,Micro-USB,Yes,GPS,"Accelerometer, gyro, proximity, compass",4100,,,No,,,190.0,,,,,,,,Black,,,,No
Xolo,XOLO Q500,https://www.gsmarena.com/xolo_q500-5877.php,https://fdn2.gsmarena.com/vv/bigpic/xolo-q500.jpg,GSM / HSPA,No,"2013, November. Released 2013, November",Discontinued,118.5 x 63 x 10.7 mm (4.67 x 2.48 x 0.42 in),116.0,,,Dual SIM,TFT,,4.0,480x800,233,61.0,,Android 4.1 (Jelly Bean),Qualcomm MSM8225Q Snapdragon S4 Play,,Quad-core 1.2 GHz Cortex-A5,Adreno 203,1,1,4,4,,5.0,1,,No,,No,"LED flash, panorama, HDR",720p,,No,,,"Wi-Fi 802.11 b/g/n, hotspot",No,3.0,Micro-USB,Yes,GPS,"Accelerometer, proximity",1450,,,No,,,90.0,,,,,,,,White,,,,FM radio
Xolo,XOLO Q800 X-Edition,https://www.gsmarena.com/xolo_q800_x_edition-5845.php,https://fdn2.gsmarena.com/vv/bigpic/xolo-q800x.jpg,GSM / HSPA,No,"2013, February. Released 2013, February",Discontinued,135.5 x 67 x 9.6 mm (5.33 x 2.64 x 0.38 in),143.5,,,Dual SIM (Mini-SIM),IPS LCD,,4.5,540x960,245,61.5,,Android 4.1.2 (Jelly Bean),Mediatek MT6589 (28 nm),28,Quad-core 1.2 GHz Cortex-A7,PowerVR SGX544,1,1,4,4,,8.0,1,,No,,No,LED flash,1080p@30fps,1.0,No,,,"Wi-Fi 802.11 b/g/n, hotspot",No,4.0,Micro-USB,Yes,GPS,"Accelerometer, gyro, proximity, compass",2100,,,No,,,100.0,,,,,,,,"Black, White",,,0.65 W/kg (head) 0.95 W/kg (body),"FM radio, recording"
Xolo,XOLO A500S IPS,https://www.gsmarena.com/xolo_a500s_ips-5839.php,https://fdn2.gsmarena.com/vv/bigpic/lava-xolo-a500s.jpg,GSM / HSPA,No,"2013, July. Released 2013, October",Discontinued,125 x 63.2 x 9 mm (4.92 x 2.49 x 0.35 in),120.0,,,Dual SIM,IPS LCD,,4.0,480x800,233,57.6,,Android 4.2 (Jelly Bean),Mediatek MT6572W,,Dual-core 1.3 GHz Cortex-A7,Mali-400,,,4,4,,5.0,1,,No,,No,"LED flash, panorama",720p@30fps,,No,,,"Wi-Fi 802.11 b/g/n, hotspot",No,3.0,Micro-USB,Yes,GPS,"Accelerometer, proximity",1400,,,No,,,120.0,,,,,,,,"Black, White, Red, Blue",,,0.72 W/kg (head) 0.53 W/kg (body),FM radio
Xolo,XOLO Q2000,https://www.gsmarena.com/xolo_q2000-5837.php,https://fdn2.gsmarena.com/vv/bigpic/lava-xolo-q2000.jpg,GSM / HSPA,No,"2013, November. Released 2013, November",Discontinued,156 x 77.8 x 9.8 mm (6.14 x 3.06 x 0.39 in),180.0,,,Dual SIM (Mini-SIM),IPS LCD,,5.5,720x1280,267,68.7,,Android 4.2 (Jelly Bean),Mediatek MT6589 (28 nm),28,Quad-core 1.2 GHz Cortex-A7,PowerVR SGX544,1,1,8,8,,13.0,1,,No,,No,"LED flash, panorama, HDR",1080p@30fps,2.0,No,,,"Wi-Fi 802.11 b/g/n, hotspot",No,2.0,Micro-USB,Yes,GPS,"Accelerometer, proximity",2600,,,No,,,160.0,,,,,,,,"White, Black",,,0.23 W/kg (head) 0.35 W/kg (body),FM radio
Xolo,XOLO Q900,https://www.gsmarena.com/xolo_q900-5822.php,https://fdn2.gsmarena.com/vv/bigpic/xolo-q900.jpg,GSM / HSPA,No,"2013, October. Released 2013, October",Discontinued,137 x 70 x 9.9 mm (5.39 x 2.76 x 0.39 in),138.0,,,Dual SIM,TFT,,4.7,720x1280,312,63.5,,Android 4.2.2 (Jelly Bean),Mediatek MT6589 (28 nm),28,Quad-core 1.2 GHz Cortex-A7,PowerVR SGX544,1,1,4,4,,8.0,1,,No,,No,"LED flash, panorama, HDR",1080p@30fps,2.0,No,,,"Wi-Fi 802.11 b/g/n, hotspot",No,4.0,Micro-USB,Yes,GPS,"Accelerometer, proximity, compass",1800,,,No,,,120.0,,,,,,,,White,,,0.51 W/kg (head) 0.40 W/kg (body),FM radio
Xolo,XOLO A600,https://www.gsmarena.com/xolo_a600-5821.php,https://fdn2.gsmarena.com/vv/bigpic/xolo-a600.jpg,GSM / HSPA,No,"2013, October. Released 2013, October",Discontinued,136 x 67 x 9 mm (5.35 x 2.64 x 0.35 in),,,,Dual SIM,IPS LCD,,4.5,540x960,245,61.3,,Android 4.2 (Jelly Bean),Mediatek MT6572W,,Dual-core 1.3 GHz Cortex-A7,Mali-400,,,4,4,,5.0,1,,No,,No,"LED flash, panorama",720p@30fps,,No,,,"Wi-Fi 802.11 b/g/n, hotspot",No,3.0,Micro-USB,Yes,GPS,"Accelerometer, proximity",1900,,,No,,,80.0,,,,,,,,"Black, White",,,0.82 W/kg (head) 0.74 W/kg (body),FM radio
Xolo,XOLO A500L,https://www.gsmarena.com/xolo_a500l-5787.php,https://fdn2.gsmarena.com/vv/bigpic/xolo-a500l.jpg,GSM / HSPA,No,"2013, October. Released 2013, October",Discontinued,124.8 x 64.6 x 11.9 mm (4.91 x 2.54 x 0.47 in),,,,Dual SIM,TFT,,4.0,480x800,233,56.5,,Android 4.2 (Jelly Bean),Mediatek MT6572W,,Dual-core 1.3 GHz Cortex-A7,Mali-400,,,4,4,,3.15,1,,No,,No,"LED flash, panorama",Yes,,No,,,"Wi-Fi 802.11 b/g/n, hotspot",No,4.0,Micro-USB,Yes,GPS,"Accelerometer, proximity",1500,,,No,,,80.0,,,,,,,,Black,,,0.33 W/kg (head) 0.51 W/kg (body),FM radio
Xolo,XOLO Q700i,https://www.gsmarena.com/xolo_q700i-5768.php,https://fdn2.gsmarena.com/vv/bigpic/xolo-q700i.jpg,GSM / HSPA,No,"2013, October. Released 2013, October",Discontinued,135.8 x 67.5 x 10.2 mm (5.35 x 2.66 x 0.40 in),151.3,,,Dual SIM (Mini-SIM),IPS LCD,,4.5,540x960,245,60.9,,Android 4.2 (Jelly Bean),Mediatek MT6589W-M,,Quad-core 1.2 GHz Cortex-A7,PowerVR SGX544,1,1,4,4,,8.0,1,,No,,No,"LED flash, panorama, HDR",720p@30fps,2.0,No,,,"Wi-Fi 802.11 b/g/n, hotspot",No,3.0,Micro-USB,Yes,GPS,"Accelerometer, proximity, compass",2400,,,No,,,120.0,,,,,,,,White,,,0.76 W/kg (head) 0.65 W/kg (body),FM radio
Xolo,XOLO Play Tab 7.0,https://www.gsmarena.com/xolo_play_tab_7_0-5767.php,https://fdn2.gsmarena.com/vv/bigpic/xolo-play-tab.jpg,No cellular connectivity,No,"2013, October. Released 2013, October",Discontinued,194.6 x 122.6 x 10.6 mm (7.66 x 4.83 x 0.42 in),338.0,,,No,IPS LCD,,7.0,1280x800,216,59.6,,Android 4.1 (Jelly Bean),Nvidia Tegra 3,,Quad-core 1.2 GHz,,1,1,8,8,,2.0,1,,No,,No,,720p,,No,,,"Wi-Fi 802.11 a/b/g/n, dual band",No,4.0,Micro-USB,Yes,GPS,"Accelerometer, compass",4000,,,No,,,110.0,,,,,,,,Black,,,,No
Xolo,XOLO Tab,https://www.gsmarena.com/xolo_tab-5686.php,https://fdn2.gsmarena.com/vv/bigpic/xolo-tab-1.jpg,GSM / HSPA,No,"2013, September. Released 2013, September",Discontinued,214.2 x 154.9 x 11.3 mm (8.43 x 6.10 x 0.44 in),480.0,,,Yes,IPS LCD,,8.0,768x1024,160,59.7,,Android 4.1 (Jelly Bean),Qualcomm MSM8225Q Snapdragon S4 Play,,Quad-core 1.2 GHz Cortex-A5,Adreno 203,1,1,4,4,,2.0,1,,No,,No,,Yes,,No,,,"Wi-Fi 802.11 b/g/n, hotspot",No,3.0,Micro-USB,Yes,GPS,Accelerometer,4000,,,No,,,120.0,,,,,,,,White,,,,FM radio
Xolo,XOLO Q1000s,https://www.gsmarena.com/xolo_q1000s-5642.php,https://fdn2.gsmarena.com/vv/bigpic/xolo-q1000s.jpg,GSM / HSPA,No,"2013, August. Released 2013, August",Discontinued,147 x 72.1 x 7 mm (5.79 x 2.84 x 0.28 in),158.0,,,Mini-SIM,IPS LCD,,5.0,720x1280,294,65.0,,Android 4.2 (Jelly Bean),Mediatek MT6589T (28 nm),28,Quad-core 1.5 GHz Cortex-A7,PowerVR SGX544MP2,1,1,16,16,,13.0,1,,No,,No,"LED flash, panorama, HDR",1080p@30fps,5.0,No,,,"Wi-Fi 802.11 b/g/n, hotspot",No,4.0,Micro-USB,Yes,GPS,"Accelerometer, proximity, compass",2500,,,No,,,170.0,,,,,,,,Black,,,0.80 W/kg (head) 0.85 W/kg (body),FM radio
Xolo,XOLO A500S,https://www.gsmarena.com/xolo_a500s-5613.php,https://fdn2.gsmarena.com/vv/bigpic/xolo-a500s.jpg,GSM / HSPA,No,"2013, August. Released 2013, August",Discontinued,125 x 63.2 x 9 mm (4.92 x 2.49 x 0.35 in),120.0,,,"Dual SIM (Mini-SIM, dual stand-by)",TFT,,4.0,480x800,233,57.6,,Android 4.2 (Jelly Bean),Mediatek MT6572W,,Dual-core 1.3 GHz Cortex-A7,Mali-400,,,4,4,,5.0,1,,No,,No,LED flash,720p@30fps,,No,,,"Wi-Fi 802.11 b/g/n, hotspot",No,3.0,Micro-USB,Yes,GPS,"Accelerometer, proximity",1400,,,No,,,120.0,,,,,,,,"Black, White, Red, Blue",,,0.93 W/kg (head) 0.81 W/kg (body),FM Radio
Xolo,XOLO Play,https://www.gsmarena.com/xolo_play-5591.php,https://fdn2.gsmarena.com/vv/bigpic/xolo-play.jpg,GSM / HSPA,No,"2013, July. Released 2013, July",Discontinued,138.4 x 70 x 10.4 mm (5.45 x 2.76 x 0.41 in),167.0,,,Mini-SIM,IPS LCD,,4.7,720x1280,312,62.9,,Android 4.1.1 (Jelly Bean),Nvidia Tegra 3,,Quad-core 1.5 GHz,ULP GeForce,1,1,4,4,,8.0,1,,No,,No,LED flash,1080p@30fps,2.0,No,,,"Wi-Fi 802.11 b/g/n, hotspot",No,3.0,Micro-USB,Yes,GPS,"Accelerometer, proximity, compass",2000,,,No,,,170.0,,,,,,,,Black,,,0.45 W/kg (head) 0.61 W/kg (body),No
Xolo,XOLO Q600,https://www.gsmarena.com/xolo_q600-5558.php,https://fdn2.gsmarena.com/vv/bigpic/lava-xolo-q600.jpg,GSM / HSPA,No,"2013, July. Released 2013, July",Discontinued,133.5 x 67 x 11.9 mm (5.26 x 2.64 x 0.47 in),147.7,,,Dual SIM (Mini-SIM),TFT,,4.5,480x854,218,62.4,,Android 4.2 (Jelly Bean),Mediatek MT6589 (28 nm),28,Quad-core 1.2 GHz Cortex-A7,PowerVR SGX544,,,4,4,,5.0,1,,No,,No,"LED flash, HDR, panorama",720p@30fps,,No,,,"Wi-Fi 802.11 b/g/n, hotspot",No,3.0,Micro-USB,Yes,GPS,"Accelerometer, compass",2000,,,No,,,120.0,,,,,,,,White,,,0.77 W/kg (head) 0.87 W/kg (body),FM radio
Xolo,XOLO X1000,https://www.gsmarena.com/xolo_x1000-5532.php,https://fdn2.gsmarena.com/vv/bigpic/lava-x1000.jpg,GSM / HSPA,No,"2013, March. Released 2013, March",Discontinued,133.9 x 67.6 x 9.1 mm (5.27 x 2.66 x 0.36 in),140.0,,,Mini-SIM,TFT,,4.7,720x1280,312,67.3,,"Android 4.0.4 (Ice Cream Sandwich), upgradable to 4.1 (Jelly Bean)",Intel Atom Z2480,,2 GHz,PowerVR SGX540,1,1,8,8,,8.0,1,,No,,No,LED flash,1080p@30fps,1.3,No,,,"Wi-Fi 802.11 b/g/n, hotspot",No,2.1,Micro-USB,Yes,GPS,"Accelerometer, gyro, proximity, compass",1900,,,No,,,170.0,,,,,,,,Black,,,1.30 W/kg (head) 1.22 W/kg (body),FM radio
Xolo,XOLO X910,https://www.gsmarena.com/xolo_x910-5535.php,https://fdn2.gsmarena.com/vv/bigpic/lava-x910.jpg,GSM / HSPA,No,"2013, May. Released 2013, May",Discontinued,126 x 64.7 x 10 mm (4.96 x 2.55 x 0.39 in),150.0,,,Dual SIM (Mini-SIM),IPS LCD,,4.3,540x960,256,62.5,,Android 4.0.4 (Ice Cream Sandwich),Intel Atom Z2460,,1.6 GHz,PowerVR SGX540,1,1,4,4,,5.0,1,,No,,No,LED flash,1080p@30fps,,No,,,"Wi-Fi 802.11 b/g/n, hotspot",No,2.1,Micro-USB,Yes,GPS,"Accelerometer, proximity, compass",2000,,,No,,,140.0,,,,,,,,"White, Black",,,,FM radio
Xolo,XOLO X500,https://www.gsmarena.com/xolo_x500-5530.php,https://fdn2.gsmarena.com/vv/bigpic/lava-x500.jpg,GSM / HSPA,No,"2013, January. Released 2013, January",Discontinued,110.5 x 61 x 12.6 mm (4.35 x 2.40 x 0.50 in),132.0,,,Dual SIM (Mini-SIM),IPS LCD,,3.5,320x480,165,54.1,,Android 4.0 (Ice Cream Sandwich),Intel Atom Z2420,,1.2 GHz,PowerVR SGX540,,,4,4,,5.0,1,,No,,No,LED flash,1080p@30fps,,No,,,"Wi-Fi 802.11 b/g/n, hotspot",No,2.1,Micro-USB,Yes,GPS,"Accelerometer, proximity",1500,,,No,,,100.0,,,,,,,,Black,,,,FM radio
Xolo,XOLO Q1000,https://www.gsmarena.com/xolo_q1000-5533.php,https://fdn2.gsmarena.com/vv/bigpic/lava-q1000.jpg,GSM / HSPA,No,"2013, May. Released 2013, May",Discontinued,143.5 x 70.8 x 8.8 mm (5.65 x 2.79 x 0.35 in),171.1,,,Dual SIM (Mini-SIM),IPS LCD,,5.0,720x1280,294,67.8,,"Android 4.2 (Jelly Bean), upgradable to 4.4.2 (KitKat)",Mediatek MT6589 (28 nm),28,Quad-core 1.2 GHz Cortex-A7,PowerVR SGX544,1,1,4,4,,8.0,1,,No,,No,LED flash,1080p@30fps,1.2,No,,,"Wi-Fi 802.11 b/g/n, hotspot",No,4.0,2.0,Yes,GPS,"Accelerometer, proximity",2100,,,No,,,150.0,,,,,,,,"Black, White",,,0.80 W/kg (head) 0.67 W/kg (body),FM radio
Xolo,XOLO Q800,https://www.gsmarena.com/xolo_q800-5531.php,https://fdn2.gsmarena.com/vv/bigpic/lava-q800.jpg,GSM / HSPA,No,"2013, February. Released 2013, February",Discontinued,135.5 x 67 x 9.6 mm (5.33 x 2.64 x 0.38 in),143.5,,,Dual SIM (Mini-SIM),IPS LCD,,4.5,540x960,245,61.5,,Android 4.1.2 (Jelly Bean),Mediatek MT6589M (28 nm),28,Quad-core 1.2 GHz Cortex-A7,PowerVR SGX544,1,1,4,4,,8.0,1,,No,,No,LED flash,Yes,1.0,No,,,"Wi-Fi 802.11 b/g/n, hotspot",No,4.0,Micro-USB,Yes,GPS,"Accelerometer, gyro, proximity, compass",2100,,,No,,,130.0,,,,,,,,"Black, White",,,0.65 W/kg (head) 0.95 W/kg (body),"FM radio, recording"
Xolo,XOLO Q700,https://www.gsmarena.com/xolo_q700-5534.php,https://fdn2.gsmarena.com/vv/bigpic/lava-q700.jpg,GSM / HSPA,No,"2013, May. Released 2013, May",Discontinued,135.8 x 67.5 x 10.2 mm (5.35 x 2.66 x 0.40 in),151.3,,,Dual SIM (Mini-SIM),IPS LCD,,4.5,540x960,245,60.9,,Android 4.2 (Jelly Bean),Mediatek MT6589W-M,,Quad-core 1.2 GHz Cortex-A7,PowerVR SGX544,1,1,4,4,,5.0,1,,No,,No,"LED flash, HDR, panorama",720p@30fps,,No,,,"Wi-Fi 802.11 b/g/n, Wi-Fi Direct, hotspot",No,3.0,Micro-USB,Yes,GPS,"Accelerometer, compass",2400,,,No,,,100.0,,,,,,,,"Coffee Brown, Blue, Black",,,0.86 W/kg (head) 0.55 W/kg (body),FM radio
Xolo,XOLO A500,https://www.gsmarena.com/xolo_a500-5529.php,https://fdn2.gsmarena.com/vv/bigpic/lava-a500.jpg,GSM / HSPA,No,"2013, January. Released 2013, January",Discontinued,124 x 63.5 x 11.8 mm (4.88 x 2.5 x 0.46 in),,,,Dual SIM (Mini-SIM),TFT,,4.0,480x800,233,57.8,,Android 4.0 (Ice Cream Sandwich),,,Dual-core 1.0 GHz,Adreno 203,,,4,4,,5.0,1,,No,,No,LED flash,Yes,,No,,,"Wi-Fi 802.11 b/g/n, hotspot",No,2.0,Proprietary,Yes,GPS,"Accelerometer, proximity",1500,,,No,,,80.0,,,,,,,,Black,,,0.55 W/kg (head) 0.78 W/kg (body),FM radio
