Brand,Model_Name,Model_URL,Model_Image,Network_Technology,5G_Support,Announced,Status,Dimensions,Weight_g,Back_Material,IP_Rating,SIM_Type,Display_Type,Refresh_Rate_Hz,Display_Size_inch,Resolution,PPI_Density,Screen_to_Body_Pct,Display_Protection,OS,Chipset,Process_Node_nm,CPU,GPU,RAM_GB,RAM_Max_GB,Storage_GB,Storage_Max_GB,Storage_Type,Main_Camera_MP,Lens_Count,Main_Aperture,OIS,Sensor_Size,Camera_4K_Video,Camera_Features,Camera_Video,Selfie_Camera_MP,Selfie_4K_Video,Selfie_Camera_Features,Selfie_Camera_Video,WiFi,NFC,Bluetooth_Version,USB_Type,Headphone_Jack,GPS,Sensors,Battery_mAh,Wired_Charging_W,Wireless_Charging_W,Reverse_Wireless_Charging,Battery_ActiveUse,Price_USD,Price_EUR,Price_GBP,Price_INR,AnTuTu_Score,GeekBench_Score,ThreeDMark_Score,Display_nits_tested,Loudspeaker_LUFS,Colors,Model_Numbers,SAR_US,SAR_EU,FM_Radio
Bird,Bird M32,https://www.gsmarena.com/bird_m32-1966.php,https://fdn2.gsmarena.com/vv/bigpic/bird-m32.gif,GSM,No,2007,Cancelled,94 x 46 x 16.5 mm (3.70 x 1.81 x 0.65 in),84.0,,,Mini-SIM,"CSTN, 65K colors",,1.8,128x160,114,23.6,,,,,,,,,,,,,1,,No,,No,,No,,No,,,No,,,Proprietary,No,No,,600,,,No,,,,,,,,,,,Light Blue,,,,FM radio (optional)
Bird,Bird D636,https://www.gsmarena.com/bird_d636-1965.php,https://fdn2.gsmarena.com/vv/bigpic/bird-d636.gif,GSM,No,2007,Cancelled,105 x 45.6 x 12.2 mm (4.13 x 1.80 x 0.48 in),98.4,,,Mini-SIM,"TFT, 260K colors",,1.9,176x220,148,23.7,,,,,,,,,,,,1.3,1,,No,,No,,Yes,,No,,,No,,,Proprietary,No,No,,600,,,No,,,,,,,,,,,Black,,,,No
Bird,Bird D706,https://www.gsmarena.com/bird_d706-1964.php,https://fdn2.gsmarena.com/vv/bigpic/bird-d706.gif,GSM,No,2007,Cancelled,105 x 45.6 x 12.2 mm (4.13 x 1.80 x 0.48 in),84.0,,,Mini-SIM,"TFT, 260K colors",,1.9,176x220,148,23.7,,,,,,,,,,,,1.3,1,,No,,No,,Yes,,No,,,No,,,Proprietary,No,No,,600,,,No,,,,,,,,,,,Golden Black,,,,No
Bird,Bird D615,https://www.gsmarena.com/bird_d615-1963.php,https://fdn2.gsmarena.com/vv/bigpic/bird-d615.gif,GSM,No,2007,Discontinued,105 x 45.6 x 12.2 mm (4.13 x 1.80 x 0.48 in),82.0,,,Mini-SIM,"TFT, 65K colors",,1.8,128x160,114,21.3,,,,,,,,,,,,1.3,1,,No,,No,,Yes,,No,,,No,,,Proprietary,No,No,,650,,,No,,,,,,,,,,,"Soft-touch Grey, Shining Blue",,,,FM radio
Bird,Bird S768,https://www.gsmarena.com/bird_s768-1962.php,https://fdn2.gsmarena.com/vv/bigpic/bird-s768.gif,GSM,No,2007,Cancelled,105 x 46 x 10 mm (4.13 x 1.81 x 0.39 in),75.0,,,Mini-SIM,"CSTN, 65K colors",,1.8,128x160,114,21.1,,,,,,,,,,,,,,,No,,No,,,,No,,,No,,,Proprietary,No,No,,700,,,No,,,,,,,,,,,"Pink, Blue",,,,FM radio
Bird,Bird S758,https://www.gsmarena.com/bird_s758-1961.php,https://fdn2.gsmarena.com/vv/bigpic/bird-s758.gif,GSM,No,2007,Cancelled,105 x 46 x 10 mm (4.13 x 1.81 x 0.39 in),73.0,,,Mini-SIM,"CSTN, 65K colors",,1.8,128x160,114,21.1,,,,,,,,,,,,,,,No,,No,,,,No,,,No,,,No,No,No,,700,,,No,,,,,,,,,,,"Pink, Black",,,,FM radio (optional)
Bird,Bird S618,https://www.gsmarena.com/bird_s618-1960.php,https://fdn2.gsmarena.com/vv/bigpic/bird-s618.gif,GSM,No,2007,Cancelled,103 x 46 x 11 mm (4.06 x 1.81 x 0.43 in),73.0,,,Mini-SIM,Monochrome graphic,,1.7,128x160,121,19.2,,,,,,,,,,,,,,,No,,No,,,,No,,,No,,,No,No,No,,700,,,No,,,,,,,,,,,Black,,,,FM radio (optional)
Bird,Bird D736,https://www.gsmarena.com/bird_d736-1959.php,https://fdn2.gsmarena.com/vv/bigpic/bird-d736.gif,GSM,No,2007,Discontinued,95 x 47 x 18.2 mm (3.74 x 1.85 x 0.72 in),96.0,,,Mini-SIM,"TFT, 260K colors",,1.9,176x220,148,25.4,,,,,,,,,,,,2.0,1,,No,,No,,Yes,,No,,,No,,,Proprietary,No,No,,600,,,No,,,,,,,,,,,"UV Black, Soft-touch Black",,,,FM radio
Bird,Bird D716,https://www.gsmarena.com/bird_d716-1955.php,https://fdn2.gsmarena.com/vv/bigpic/bird-d716.gif,GSM,No,2007,Discontinued,105.8 x 46 x 12.8 mm (4.17 x 1.81 x 0.50 in),81.0,,,Mini-SIM,"TFT, 260K colors",,1.9,176x220,148,23.3,,,,,,,,,,,,2.0,1,,No,,No,,Yes,,No,,,No,,,Proprietary,No,No,,600,,,No,,,,,,,,,,,Mirror Silver,,,,No
Bird,Bird D720,https://www.gsmarena.com/bird_d720-1952.php,https://fdn2.gsmarena.com/vv/bigpic/bird-d720.gif,GSM,No,2007,Discontinued,100 x 46 x 15.9 mm (3.94 x 1.81 x 0.63 in),93.0,,,Mini-SIM,"TFT, 260K colors",,1.9,176x220,148,24.7,,,,,,,,,,,,2.0,1,,No,,No,,Yes,,No,,,No,,,Proprietary,No,No,,700,,,No,,,,,,,,,,,"Silver, Green, Blue",,,,FM radio
Bird,Bird D611,https://www.gsmarena.com/bird_d611-1951.php,https://fdn2.gsmarena.com/vv/bigpic/bird-d611.gif,GSM,No,2007,Discontinued,105.5 x 44 x 12.2 mm (4.15 x 1.73 x 0.48 in),71.4,,,Mini-SIM,"TFT, 65K colors",,1.8,128x160,114,22.0,,,,,,,,,,,,1.3,1,,No,,No,,Yes,,No,,,No,,,Proprietary,No,No,,650,,,No,,,,,,,,,,,Black,,,,FM radio
Bird,Bird D515,https://www.gsmarena.com/bird_d515-1950.php,https://fdn2.gsmarena.com/vv/bigpic/bird-d515.gif,GSM,No,2007,Cancelled,106.7 x 46.3 x 10.3 mm (4.20 x 1.82 x 0.41 in),75.0,,,Mini-SIM,"CSTN, 65K colors",,1.8,128x160,114,20.6,,,,,,,,,,,,,1,,No,,No,,Yes,,No,,,No,,,Proprietary,No,No,,650,,,No,,,,,,,,,,,Black,,,,FM radio (optional)
Bird,Bird D612,https://www.gsmarena.com/bird_d612-1949.php,https://fdn2.gsmarena.com/vv/bigpic/bird-d612.gif,GSM,No,2007,Discontinued,105.5 x 44 x 12.2 mm (4.15 x 1.73 x 0.48 in),71.4,,,Mini-SIM,"TFT, 65K colors",,1.8,128x160,114,22.0,,,,,,,,,,,,,1,,No,,No,,Yes,,No,,,No,,,Proprietary,No,No,,650,,,No,,,,,,,,,,,"Blue, Silver",,,,No
Bird,Bird M29,https://www.gsmarena.com/bird_m29-1948.php,https://fdn2.gsmarena.com/vv/bigpic/bird-M29.gif,GSM,No,2007,Discontinued,107 x 44 x 15.2 mm (4.21 x 1.73 x 0.60 in),90.0,,,Mini-SIM,"TFT, 65K colors",,1.6,128x160,128,17.1,,,,,,,,,,,,,1,,No,,No,,No,,No,,,No,,,Proprietary,No,No,,700,,,No,,,,,,,,,,,"Black, Silver",,,,No
Bird,Bird M01,https://www.gsmarena.com/bird_m01-1947.php,https://fdn2.gsmarena.com/vv/bigpic/bird-M01.gif,GSM,No,2007,Discontinued,89.5 x 44 x 18.2 mm (3.52 x 1.73 x 0.72 in),75.0,,,Mini-SIM,"OLED, 260K colors",,1.5,128x128,121,18.4,,,,,,,,,,,,,,,No,,No,,,,No,,,No,,,Proprietary,No,No,,650,,,No,,,,,,,,,,,"Black, White",,,,No
Bird,Bird M07,https://www.gsmarena.com/bird_m07-1946.php,https://fdn2.gsmarena.com/vv/bigpic/bird-M07.gif,GSM,No,2007,Discontinued,105 x 44 x 15.3 mm (4.13 x 1.73 x 0.60 in),80.0,,,Mini-SIM,"CSTN, 65K colors",,1.5,128x128,121,15.7,,,,,,,,,,,,,,,No,,No,,,,No,,,No,,,Proprietary,No,No,,700,,,No,,,,,,,,,,,"Black, White Blue, Pink",,,,No
Bird,Bird S1130,https://www.gsmarena.com/bird_s1130-1945.php,https://fdn2.gsmarena.com/vv/bigpic/bird-s1130.gif,GSM,No,2007,Discontinued,89.5 x 44 x 18.2 mm (3.52 x 1.73 x 0.72 in),75.0,,,Mini-SIM,"OLED, 260K colors",,1.5,128x128,121,18.4,,,,,,,,,,,,,,,No,,No,,,,No,,,No,,,No,No,No,,650,,,No,,,,,,,,,,,"Black, White",,,,No
Bird,Bird V5518+,https://www.gsmarena.com/bird_v5518+-1944.php,https://fdn2.gsmarena.com/vv/bigpic/bird-V5518+.gif,GSM,No,2007,Discontinued,87.8 x 43.8 x 21.9 mm (3.46 x 1.72 x 0.86 in),80.0,,,Mini-SIM,"CSTN, 65K colors",,1.8,128x160,114,26.5,,,,,,,,,,,,,,,No,,No,,,,No,,,No,,,No,No,No,,700,,,No,,,,,,,,,,,Silver,,,,No
Bird,Bird S663,https://www.gsmarena.com/bird_s663-1943.php,https://fdn2.gsmarena.com/vv/bigpic/bird-s663.gif,GSM,No,2007,Discontinued,105.3 x 44 x 15.8 mm (4.15 x 1.73 x 0.62 in),80.0,,,Mini-SIM,"CSTN, 65K colors",,1.5,128x128,121,15.7,,,,,,,,,,,,,,,No,,No,,,,No,,,No,,,No,No,No,,700,,,No,,,,,,,,,,,"Black, White",,,,No
Bird,Bird S661,https://www.gsmarena.com/bird_s661-1942.php,https://fdn2.gsmarena.com/vv/bigpic/bird-s661.gif,GSM,No,2007,Discontinued,105.3 x 44 x 15.8 mm (4.15 x 1.73 x 0.62 in),80.0,,,Mini-SIM,"CSTN, 65K colors",,1.5,128x128,121,15.7,,,,,,,,,,,,,,,No,,No,,,,No,,,No,,,No,No,No,,700,,,No,,,,,,,,,,,"Black, Pink",,,,No
Bird,Bird S669,https://www.gsmarena.com/bird_s669-1941.php,https://fdn2.gsmarena.com/vv/bigpic/bird-s669.gif,GSM,No,2007,Discontinued,104 x 45.5 x 15.7 mm (4.09 x 1.79 x 0.62 in),75.0,,,Mini-SIM,"CSTN, 65K colors",,1.5,128x128,121,15.3,,,,,,,,,,,,,,,No,,No,,,,No,,,No,,,No,No,No,,500,,,No,,,,,,,,,,,"Silver, Blue, Red",,,,No
Bird,Bird S668,https://www.gsmarena.com/bird_s668-1940.php,https://fdn2.gsmarena.com/vv/bigpic/bird-s668.gif,GSM,No,2007,Discontinued,104 x 45.5 x 15.7 mm (4.09 x 1.79 x 0.62 in),75.0,,,Mini-SIM,"CSTN, 65K colors",,1.5,128x128,121,15.3,,,,,,,,,,,,,,,No,,No,,,,No,,,No,,,No,No,No,,500,,,No,,,,,,,,,,,"Silver Grey, Blue, White",,,,No
Bird,Bird S667,https://www.gsmarena.com/bird_s667-1939.php,https://fdn2.gsmarena.com/vv/bigpic/bird-s667.gif,GSM,No,2007,Discontinued,104 x 45.5 x 15.7 mm (4.09 x 1.79 x 0.62 in),75.0,,,Mini-SIM,"CSTN, 65K colors",,1.5,128x128,121,15.3,,,,,,,,,,,,,,,No,,No,,,,No,,,No,,,No,No,No,,500,,,No,,,,,,,,,,,"Black, White",,,,No
Bird,Bird S296+,https://www.gsmarena.com/bird_s296+-1938.php,https://fdn2.gsmarena.com/vv/bigpic/bird-s296.gif,GSM,No,2007,Discontinued,105 x 45 x 15.7 mm (4.13 x 1.77 x 0.62 in),75.0,,,Mini-SIM,Monochrome graphic,,1.4,,85,12.1,,,,,,,,,,,,,,,No,,No,,,,No,,,No,,,No,No,No,,500,,,No,,,,,,,,,,,"Black, Grey",,,,No
Bird,Bird S296,https://www.gsmarena.com/bird_s296-1937.php,https://fdn2.gsmarena.com/vv/bigpic/bird-s296.gif,GSM,No,2007,Discontinued,105 x 45 x 15.7 mm (4.13 x 1.77 x 0.62 in),75.0,,,Mini-SIM,Monochrome graphic,,1.4,,85,12.1,,,,,,,,,,,,,,,No,,No,,,,No,,,No,,,No,No,No,,500,,,No,,,,,,,,,,,"Black, Grey",,,,No
Bird,Bird D680,https://www.gsmarena.com/bird_d680-1407.php,https://fdn2.gsmarena.com/vv/bigpic/bird-d680.gif,GSM,No,"2006, Q1",Cancelled,88 x 42 x 21 mm (3.46 x 1.65 x 0.83 in),75.0,,,Mini-SIM,"TFT, 65K colors",,,128x160,,,,,,,,,,,,,2 MB for MMS messages 200 SMS messages,1.3,1,,No,,No,,Yes,,No,,,No,,,Proprietary,No,No,,,,,No,,,,,,,,,,,,,,,No
Bird,Bird D660,https://www.gsmarena.com/bird_d660-1406.php,https://fdn2.gsmarena.com/vv/bigpic/bird-d660.gif,GSM,No,"2006, Q1",Cancelled,107 x 45 x 16.5 mm (4.21 x 1.77 x 0.65 in),,,,Mini-SIM,"TFT, 65K colors",,,128x160,,,,,,,,,,,,,,1.3,1,,No,,No,,Yes,,No,,,No,,,Proprietary,No,No,,,,,No,,,,,,,,,,,Silver,,,,No
Bird,Bird M11,https://www.gsmarena.com/bird_m11-1405.php,https://fdn2.gsmarena.com/vv/bigpic/bird-m11.gif,GSM,No,"2006, Q1",Cancelled,108 x 44 x 15.2 mm (4.25 x 1.73 x 0.60 in),88.0,,,Mini-SIM,"CSTN, 65K colors",,,128x128,,,,,,,,,,,,,,,,,No,,No,,,,No,,,No,,,Proprietary,No,No,,,,,No,,,,,,,,,,,,,,,No
Bird,Bird M08,https://www.gsmarena.com/bird_m08-1369.php,https://fdn2.gsmarena.com/vv/bigpic/bird-m08.gif,GSM,No,"2005, Q3",Cancelled,87.8 x 43.3 x 21.3 mm (3.46 x 1.70 x 0.84 in),78.0,,,Mini-SIM,"TFT, 256K colors",,,128x160,,,,,,,,,,,,,,,1,,No,,No,,Yes,,No,,,No,,,Proprietary,No,No,,,,,No,,,,,,,,,,,,,,,No
Bird,Bird S890,https://www.gsmarena.com/bird_s890-1368.php,https://fdn2.gsmarena.com/vv/bigpic/bird-s890.gif,GSM,No,"2005, Q3",Cancelled,,,,,Mini-SIM,"TFT, 256K colors",,,128x160,,,,,,,,,,,,,,1.3,1,,No,,No,,No,,No,,,No,,,Proprietary,No,No,,,,,No,,,,,,,,,,,,,,,No
Bird,Bird S798,https://www.gsmarena.com/bird_s798-1367.php,https://fdn2.gsmarena.com/vv/bigpic/bird-s798.gif,GSM,No,"2005, Q3",Cancelled,83.5 x 45.5 x 21.5 mm (3.29 x 1.79 x 0.85 in),85.0,,,Mini-SIM,"CSTN, 65K colors",,,128x128,,,,,,,,,,,,,,,,,No,,No,,,,No,,,No,,,,No,No,,,,,No,,,,,,,,,,,,,,,FM radio
Bird,Bird S698,https://www.gsmarena.com/bird_s698-1366.php,https://fdn2.gsmarena.com/vv/bigpic/bird-s698.gif,GSM,No,"2005, Q3",Cancelled,104.3 x 15.7 x 44 mm (4.11 x 0.62 x 1.73 in),73.0,,,Mini-SIM,"CSTN, 65K colors",,,128x128,,,,,,,,,,,,,,,,,No,,No,,,,No,,,No,,,,No,No,,,,,No,,,,,,,,,,,,,,,No
Bird,Bird S198,https://www.gsmarena.com/bird_s198-1365.php,https://fdn2.gsmarena.com/vv/bigpic/bird-s198.gif,GSM,No,"2005, Q3",Cancelled,104.3 x 42.6 x 15 mm (4.11 x 1.68 x 0.59 in),73.0,,,Mini-SIM,"CSTN, Mono",,,,,,,,,,,,,,,,,,,,No,,No,,,,No,,,No,,,,No,No,,,,,No,,,,,,,,,,,"4 - Black, White, Green, Red",,,,No
Bird,Bird S299,https://www.gsmarena.com/bird_s299-1364.php,https://fdn2.gsmarena.com/vv/bigpic/bird-s299.gif,GSM,No,"2005, Q2",Discontinued,104 x 44 x 14 mm (4.09 x 1.73 x 0.55 in),70.0,,,Mini-SIM,"CSTN, Mono",,,,,,,,,,,,,,,,,,,,No,,No,,,,No,,,No,,,,No,No,,,,,No,,,,,,,,,,,Black,,,,FM radio
Bird,Bird MP300,https://www.gsmarena.com/bird_mp300-1282.php,https://fdn2.gsmarena.com/vv/bigpic/bird-w1.gif,GSM,No,"2005, Q3",Cancelled,108 x 44 x 19.5 mm (4.25 x 1.73 x 0.77 in),100.0,,,Mini-SIM,"TFT, 65K colors",,,120x160,,,,,,,,,,,,,,,1,,No,,No,,No,,No,,,No,,,Proprietary,No,No,,,,,No,,,,,,,,,,,"Silver, Black",,,,No
Bird,Bird M19,https://www.gsmarena.com/bird_m19-1283.php,https://fdn2.gsmarena.com/vv/bigpic/bird-m12.gif,GSM,No,"2005, Q3",Cancelled,106 x 44 x 15.2 mm (4.17 x 1.73 x 0.60 in),82.0,,,Mini-SIM,"TFT, 65K colors",,,128x160,,,,,,,,,,,,,,,1,,No,,No,,No,,No,,,No,,,Proprietary,No,No,,,,,No,,,,,,,,,,,Silver,,,,No
Bird,Bird V109,https://www.gsmarena.com/bird_v109-1284.php,https://fdn2.gsmarena.com/vv/bigpic/bird-v109.gif,GSM,No,"2005, Q3",Cancelled,82.9 x 43 x 21.7 mm (3.26 x 1.69 x 0.85 in),85.0,,,Mini-SIM,"TFT, 65K colors",,,128x160,,,,,,,,,,,,,,1.3,1,,No,,No,,Yes,,No,,,No,,,,No,No,,,,,No,,,,,,,,,,,,,,,No
Bird,Bird S799,https://www.gsmarena.com/bird_s799-1286.php,https://fdn2.gsmarena.com/vv/bigpic/bird-s799.gif,GSM,No,"2005, Q3",Cancelled,83.5 x 45.5 x 21.5 mm (3.29 x 1.79 x 0.85 in),85.0,,,Mini-SIM,"CSTN, 65K colors",,,120x128,,,,,,,,,,,,,,,,,No,,No,,,,No,,,No,,,,No,No,,,,,No,,,,,,,,,,,Black,,,,FM radio
Bird,Bird S699,https://www.gsmarena.com/bird_s699-1285.php,https://fdn2.gsmarena.com/vv/bigpic/bird-s699.gif,GSM,No,"2005, Q3",Cancelled,104.3 x 44 x 15.7 mm (4.11 x 1.73 x 0.62 in),,,,Mini-SIM,"CSTN, 65K colors",,,120x128,,,,,,,,,,,,,,,,,No,,No,,,,No,,,No,,,,No,No,,,,,No,,,,,,,,,,,Black,,,,No
Bird,Bird V79,https://www.gsmarena.com/bird_v79-1281.php,https://fdn2.gsmarena.com/vv/bigpic/bird-v79.gif,GSM,No,"2005, Q2",Discontinued,87 x 43 x 21 mm (3.43 x 1.69 x 0.83 in),80.0,,,Mini-SIM,"STN, 65K colors",,,128x160,,,,,,,,,,,,,,,1,,No,,No,,No,,No,,,No,,,,No,No,,,,,No,,,,,,,,,,,Silver,,,,No
Bird,Bird S1186,https://www.gsmarena.com/bird_s1186-1280.php,https://fdn2.gsmarena.com/vv/bigpic/bird-s1186.gif,GSM,No,"2005, Q2",Discontinued,83 x 44 x 18.5 mm (3.27 x 1.73 x 0.73 in),84.0,,,Mini-SIM,Virtual Colour,,,,,,,,,,,,,,,,,,,,No,,No,,,,No,,,No,,,,No,No,,,,,No,,,,,,,,,,,Silver,,,,No
Bird,Bird S199,https://www.gsmarena.com/bird_s199-1231.php,https://fdn2.gsmarena.com/vv/bigpic/bird-s199.gif,GSM,No,"2005, Q3",Discontinued,104.3 x 42.6 x 15 mm (4.11 x 1.68 x 0.59 in),75.0,,,Mini-SIM,"CSTN, Mono",,,,,,,,,,,,,,,,,,,,No,,No,,,,No,,,No,,,,No,No,,,,,No,,,,,,,,,,,"Silver, Black",,,,No
Bird,Bird S789,https://www.gsmarena.com/bird_s789-1157.php,https://fdn2.gsmarena.com/vv/bigpic/bird-s789.gif,GSM,No,"2005, Q2",Discontinued,105 x 43 x 13 mm (4.13 x 1.69 x 0.51 in),80.0,,,Mini-SIM,"TFT, 65K colors",,,128x160,,,,,,,,,,,,,,,1,,No,,No,,No,,No,,,No,,,,No,No,,,,,No,,,,,,,,,,,Silver,,,,No
Bird,Bird V5510,https://www.gsmarena.com/bird_v5510-1210.php,https://fdn2.gsmarena.com/vv/bigpic/bird-v5510.gif,GSM,No,"2005, Q2",Discontinued,75 x 42 x 20 mm (2.95 x 1.65 x 0.79 in),66.0,,,Mini-SIM,"TFT, 65K colors",,,128x128,,,,,,,,,,,,,,,,,No,,No,,,,No,,,No,,,,No,No,,,,,No,,,,,,,,,,,Silver-Blue,,,,No
Bird,Bird DV10,https://www.gsmarena.com/bird_dv10-1145.php,https://fdn2.gsmarena.com/vv/bigpic/bird-dv10.gif,GSM,No,"2005, Q1",Discontinued,82.9 x 43 x 21.6 mm (3.26 x 1.69 x 0.85 in),83.0,,,Mini-SIM,"TFT, 65K colors",,,128x160,,,,,,,,,,,,,,,1,,No,,No,,Yes,,No,,,No,,,,No,No,,,,,No,,,,,,,,,,,Blue,,,,No
Bird,Bird S590,https://www.gsmarena.com/bird_s590-1006.php,https://fdn2.gsmarena.com/vv/bigpic/bis590.gif,GSM,No,"2005, Q1",Discontinued,107 x 44 x 20 mm (4.21 x 1.73 x 0.79 in),75.0,,,Mini-SIM,"STN, 65K colors",,,128x160,,,,,,,,,,,,,,,1,,No,,No,,No,,No,,,No,,,,No,No,,,,,No,,,,,,,,,,,Silver,,,,No
Bird,Bird S580,https://www.gsmarena.com/bird_s580-1093.php,https://fdn2.gsmarena.com/vv/bigpic/bird-s580.gif,GSM,No,"2005, Q1",Discontinued,107 x 44 x 20 mm (4.21 x 1.73 x 0.79 in),75.0,,,Mini-SIM,"STN, 65K colors",,,128x160,,,,,,,,,,,,,,,1,,No,,No,,No,,No,,,No,,,,No,No,,,,,No,,,,,,,,,,,"Orange, Silver",,,,No
Bird,Bird A150,https://www.gsmarena.com/bird_a150-954.php,https://fdn2.gsmarena.com/vv/bigpic/bia150.gif,GSM,No,"2004, Q2",Discontinued,83.5 x 42 x 19 mm (3.29 x 1.65 x 0.75 in),85.0,,,Mini-SIM,"TFT, 65K colors",,,128x160,,,,,,,,,,,,,,,1,,No,,No,,Yes,,No,,,No,,,,No,No,,,,,No,,,,,,,,,,,Silver,,,,No
Bird,Bird A130,https://www.gsmarena.com/bird_a130-984.php,https://fdn2.gsmarena.com/vv/bigpic/bia130.gif,GSM,No,"2004, Q4",Discontinued,87 x 42 x 22 mm (3.43 x 1.65 x 0.87 in),82.0,,,Mini-SIM,"STN, 65K colors",,,128x160,,,,,,,,,,,,,,,1,,No,,No,,No,,No,,,No,,,,No,No,,,,,No,,,,,,,,,,,Silver,,,,No
Bird,Bird A120,https://www.gsmarena.com/bird_a120-985.php,https://fdn2.gsmarena.com/vv/bigpic/bia120.gif,GSM,No,"2004, Q4",Discontinued,87 x 43 x 21 mm (3.43 x 1.69 x 0.83 in),80.0,,,Mini-SIM,"STN, 65K colors",,,128x160,,,,,,,,,,,,,,,1,,No,,No,,No,,No,,,No,,,,No,No,,,,,No,,,,,,,,,,,"Silver, White",,,,No
Bird,Motorola Edge 70 Pro+,https://www.gsmarena.com/motorola_edge_70_pro+_5g-14702.php,https://fdn2.gsmarena.com/vv/bigpic/motorola-edge-70-pro-plus.jpg,GSM / HSPA / LTE / 5G,Yes,"2026, June 01","Coming soon. Exp. release 2026, June",162.7 x 75.6 x 7.2 mm (6.41 x 2.98 x 0.28 in),190.0,Glass,IP68,Nano-SIM + Nano-SIM,"AMOLED, 1B colors, 144Hz, PWM, HDR10+, 1800 (HBM), 5200 nits (peak)",144,6.78,1272x2772,450,91.4,Gorilla Glass 7i,"Android 16, up to 3 major Android upgrades",Mediatek Dimensity 8500 Extreme (4 nm),4,Octa-core (1x3.4 GHz Cortex-A725 & 3x3.2 GHz Cortex-A725 & 4x2.2 GHz Cortex-A725),Mali-G720 MC8,12,12,256,256,UFS 4.1,50.0,3,1.8,Yes,1/1.56,Yes,"LED flash, HDR, panorama, Pantone Validated Colour and Skin Tones","4K@30/60/120fps, 1080p@30/60/120/240fps, gyro-EIS, HDR10+",50.0,Yes,HDR,"4K@30fps, 1080p@30/120fps","Wi-Fi 802.11 a/b/g/n/ac/6e/7, tri-band, Wi-Fi Direct",Yes,5.4,Type-C,No,"GPS, GLONASS, GALILEO","Fingerprint (under display, optical), accelerometer, gyro, proximity, compass",6500,90,15,Yes,,,440.0,,,,,,,,"Pantone: Stormy Sea (Green), Zinfandel (Red), Chicory Coffee (Wood)",,,,No
Bird,Huawei nova 16 Ultra,https://www.gsmarena.com/huawei_nova_16_ultra_5g-14698.php,https://fdn2.gsmarena.com/vv/bigpic/huawei-nova16-ultra.jpg,GSM / HSPA / LTE / 5G,Yes,"2026, June 01","Coming soon. Exp. release 2026, June 06",163 x 78 x 7.1 mm (6.42 x 3.07 x 0.28 in),220.0,Glass,IP68,Nano-SIM + Nano-SIM,"LTPO OLED, 1B colors, HDR Vivid, 120Hz, 2160Hz PWM, 6000 nits (peak)",120,6.84,1320x2856,460,90.4,Kunlun Glass,HarmonyOS 6.1,Kirin 9010S,,,,12,12,256,512,,200.0,3,1.8,Yes,1/1.28,Yes,"Laser AF, color spectrum sensor, LED flash, panorama, HDR","4K, 1080p, gyro-EIS, HDR Vivid",50.0,Yes,"HDR, panorama","4K, 1080p, gyro-EIS, HDR Vivid","Wi-Fi 802.11 a/b/g/n/ac/6/7, dual-band, Wi-Fi Direct",Yes,6.0,Type-C,No,"GPS (L1+L5), BDS (B1I+B1c+B2a), GALILEO (E1+E5a), QZSS (L1+L5), NavIC, GLONASS","Fingerprint (under display, optical), accelerometer, gyro, compass",7000,100,50,Yes,,,600.0,,,,,,,,"Black, White, Blue",HIP-AL00,,,No
Bird,Huawei nova 16 Pro,https://www.gsmarena.com/huawei_nova_16_pro_5g-14699.php,https://fdn2.gsmarena.com/vv/bigpic/huawei-nova16-pro-.jpg,GSM / HSPA / LTE / 5G,Yes,"2026, June 01","Coming soon. Exp. release 2026, June 06",163 x 78 x 7.1 mm (6.42 x 3.07 x 0.28 in),218.0,Glass,IP65,Nano-SIM + Nano-SIM,"LTPO OLED, 1B colors, HDR Vivid, 120Hz, 2160Hz PWM, 6000 nits (peak)",120,6.84,1320x2856,460,90.4,Kunlun Glass,HarmonyOS 6.0,Kirin 9010S,,,,12,12,256,512,,200.0,3,1.8,Yes,1/1.28,Yes,"Laser AF, color spectrum sensor, LED flash, panorama, HDR","4K, 1080p, gyro-EIS, HDR Vivid",50.0,Yes,"HDR, panorama","4K, 1080p, gyro-EIS, HDR Vivid","Wi-Fi 802.11 a/b/g/n/ac/6/7, dual-band, Wi-Fi Direct",Yes,6.0,Type-C,No,"GPS (L1+L5), BDS (B1I+B1c+B2a), GALILEO (E1+E5a), QZSS (L1+L5), NavIC, GLONASS","Fingerprint (under display, optical), accelerometer, gyro, compass",7000,100,,No,,,500.0,,,,,,,,"Black, White, Blue/Pink, Blue",CRS-AL00,,,No
Bird,Huawei nova 16,https://www.gsmarena.com/huawei_nova_16_5g-14700.php,https://fdn2.gsmarena.com/vv/bigpic/huawei-nova16-.jpg,GSM / HSPA / LTE / 5G,Yes,"2026, June 01","Coming soon. Exp. release 2026, June 06",159.6 x 75.5 x 7.3 mm (6.28 x 2.97 x 0.29 in),199.0,Glass,IP65,Nano-SIM + Nano-SIM,"OLED, 1B colors, HDR Vivid, 120Hz, 2160Hz PWM",120,6.68,1280x2800,461,90.3,Aluminosilicate glass,HarmonyOS 6.1,Kirin 9010S,,,,12,12,256,512,,50.0,2,1.9,Yes,1/1.56,Yes,"Color spectrum sensor, LED flash, panorama, HDR","4K, 1080p, gyro-EIS, HDR Vivid",50.0,Yes,"HDR, panorama","4K, 1080p, gyro-EIS, HDR Vivid","Wi-Fi 802.11 a/b/g/n/ac/6/7, dual-band, Wi-Fi Direct",Yes,6.0,Type-C,No,"GPS (L1+L5), BDS (B1I+B1c+B2a), GALILEO (E1+E5a), QZSS (L1+L5), NavIC, GLONASS","Fingerprint (side-mounted), accelerometer, gyro, compass",7000,100,,No,,,380.0,,,,,,,,"Black, White, Blue/Pink, Blue",EMA-AL00U,,,No
Bird,Huawei nova 16z,https://www.gsmarena.com/huawei_nova_16z_5g-14701.php,https://fdn2.gsmarena.com/vv/bigpic/huawei-nova16z.jpg,GSM / HSPA / LTE / 5G,Yes,"2026, June 01","Coming soon. Exp. release 2026, June 06",161.8 x 75.5 x 7.2 mm (6.37 x 2.97 x 0.28 in),196.5,Glass,IP65,Nano-SIM + Nano-SIM,"OLED, 1B colors, HDR Vivid, 120Hz, 2160Hz PWM",120,6.7,1084x2412,395,88.6,Aluminosilicate glass,HarmonyOS 6.1,Kirin 8020,,,,12,12,256,512,,50.0,2,1.9,Yes,1/1.56,Yes,"Color spectrum sensor, LED flash, panorama, HDR","4K, 1080p, gyro-EIS, HDR Vivid",50.0,Yes,"HDR, panorama","4K, 1080p, gyro-EIS, HDR Vivid","Wi-Fi 802.11 a/b/g/n/ac/6/7, dual-band, Wi-Fi Direct",Yes,6.0,Type-C,No,"GPS (L1+L5), BDS (B1I+B1c+B2a), GALILEO (E1+E5a), QZSS (L1+L5), GLONASS, NavIC","Fingerprint (side-mounted), accelerometer, gyro, compass",6000,100,,No,,,340.0,,,,,,,,"Black, White, Blue/Pink",PKN-AL00,,,No
Bird,Honor Win Turbo,https://www.gsmarena.com/honor_win_turbo_5g-14684.php,https://fdn2.gsmarena.com/vv/bigpic/honor-win-turbo-.jpg,GSM / HSPA / LTE / 5G,Yes,"2026, May 30","Available. Released 2026, May 30",162.1 x 76.3 x 8 mm (6.38 x 3.00 x 0.31 in),216.0,,IP66,Nano-SIM + Nano-SIM,"AMOLED, 1B colors, 120Hz, HDR Vivid, 3840Hz PWM, 1800 nits (HBM), 8000 nits (peak)",120,6.79,1200x2640,427,90.6,Aluminosilicate glass,"Android 16, MagicOS 10",Mediatek Dimensity 8500 Elite (4 nm),4,Octa-core (1x3.4 GHz Cortex-A725 & 3x3.2 GHz Cortex-A725 & 4x2.2 GHz Cortex-A725),Mali-G720 MC8,12,16,256,512,UFS 4.1,50.0,2,1.9,Yes,,Yes,"LED flash, HDR, panorama","4K@30fps, 1080p@30fps, gyro-EIS",16.0,No,,1080p@30fps,"Wi-Fi 802.11 a/b/g/n/ac/6, dual-band, Wi-Fi Direct",Yes,6.0,Type-C,No,"GPS (L1+L5), GLONASS, BDS (B1I+B1c+B2a), GALILEO (E1 + E5a), QZSS (L1+L5), NavIC","Fingerprint (under display, optical), accelerometer, gyro, compass, proximity (ultrasonic)",10000,80,,No,,,330.0,,,,,,,,"Black, White, Blue",SER-AN00,,,No
Bird,vivo S60 Vitality,https://www.gsmarena.com/vivo_s60_vitality_5g-14693.php,https://fdn2.gsmarena.com/vv/bigpic/vivo-s60-vitality-.jpg,GSM / HSPA / LTE / 5G,Yes,"2026, May 29","Coming soon. Exp. release 2026, June 03",157.5 x 74.3 x 7.9 mm (6.20 x 2.93 x 0.31 in),199.0,Glass,IP68,Nano-SIM + Nano-SIM,"AMOLED, 1B colors, HDR, 144Hz",144,6.59,1260x2750,459,90.7,,"Android 16, OriginOS 6",Mediatek Dimensity 7500 (4 nm),4,Octa-core (4x2.6 GHz Arm C1 Pro & 4x2.0 GHz Arm C1 Nano),Mali-G625 MC,8,12,256,512,UFS 4.1,50.0,2,1.9,Yes,1/1.56,Yes,"Ring-LED flash, panorama, HDR, color spectrum sensor","4K, 1080p, gyro-EIS",50.0,Yes,HDR,"4K, 1080p","Wi-Fi 802.11 a/b/g/n/ac/6, dual-band, Wi-Fi Direct",Yes,5.4,Type-C,No,"GPS (L1), BDS (B1I), GLONASS (G1), GALILEO (E1), QZSS (L1)","Fingerprint (under display, optical), accelerometer, compass, proximity",7200,90,,No,,,370.0,,,,,,,,"Starry Sea, Midsummer Night, Early Summer Green",V2572A,,,No
Bird,vivo S60,https://www.gsmarena.com/vivo_s60_5g-14692.php,https://fdn2.gsmarena.com/vv/bigpic/vivo-s60-.jpg,GSM / HSPA / LTE / 5G,Yes,"2026, May 29","Coming soon. Exp. release 2026, June 03",157.5 x 74.3 x 7.9 mm (6.20 x 2.93 x 0.31 in),207.0,Glass,IP68,Nano-SIM + Nano-SIM,"AMOLED, 1B colors, HDR, 144Hz",144,6.59,1260x2750,459,90.7,,"Android 16, OriginOS 6",Qualcomm SM8635 Snapdragon 8s Gen 3 (4 nm),4,Octa-core (1x3.0 GHz Cortex-X4 & 4x2.8 GHz Cortex-A720 & 3x2.0 GHz Cortex-A520),Adreno 735,12,16,256,512,,50.0,3,1.8,Yes,1/1.56,Yes,"Ring-LED flash, panorama, HDR, color spectrum sensor","4K, 1080p, gyro-EIS",50.0,Yes,HDR,"4K, 1080p","Wi-Fi 802.11 a/b/g/n/ac/6, dual-band, Wi-Fi Direct",Yes,5.4,Type-C,No,"GPS (L1), BDS (B1I+B1C), GLONASS (G1), GALILEO (E1), QZSS (L1), A-GPS","Fingerprint (under display, ultrasonic), accelerometer, gyro, compass, proximity",7200,90,,No,,,560.0,,,,,,,,"Starry Sea, Early Summer Green, Midsummer Night",V2571A,,,No
Bird,vivo T5,https://www.gsmarena.com/vivo_t5-14697.php,https://fdn2.gsmarena.com/vv/bigpic/vivo-t5-.jpg,GSM / HSPA / LTE,No,"2026, May 29","Available. Released 2026, May 29",166.6 x 78.4 x 8.4 mm (6.56 x 3.09 x 0.33 in),219.0,Glass,IP68,Nano-SIM + Nano-SIM,"IPS LCD, 120Hz, 1250 nits (HBM)",120,6.75,720x1570,256,85.3,,"Android 16, OriginOS 6",Qualcomm Snapdragon 6s 4G Gen 2 (6 nm),6,Octa-core (4x2.9 GHz Cortex-A73 & 4x1.9 GHz Cortex-A53),Adreno 610,8,8,256,256,UFS 3.1,50.0,2,2.0,No,,No,"LED flash, HDR, panorama",Yes,32.0,No,,Yes,"Wi-Fi 802.11 a/b/g/n/ac, dual-band",Yes,5.1,Type-C,No,"GPS, GALILEO, GLONASS, BDS, QZSS","Fingerprint (side-mounted), accelerometer, gyro, proximity, compass",7200,44,,No,,,290.0,,,,,,,,"Gold, Black",V2545,1.14 W/kg (head) 1.01 W/kg (body),,No
Bird,Xiaomi 17T Pro,https://www.gsmarena.com/xiaomi_17t_pro_5g-14651.php,https://fdn2.gsmarena.com/vv/bigpic/xiaomi-17t-pro-.jpg,GSM / HSPA / LTE / 5G,Yes,"2026, May 28","Available. Released 2026, May 28",162.2 x 77.5 x 8.3 mm,219.0,Glass,IP68,· Nano-SIM + Nano-SIM + eSIM + eSIM (max 2 at a time) · Nano-SIM + Nano-SIM,"AMOLED, 68B colors, 144Hz, 3840Hz PWM, Dolby Vision, HDR10+, 3500 nits (peak)",144,6.83,1280x2772,447,91.1,Gorilla Glass 7i,"Android 16, HyperOS 3",Mediatek Dimensity 9500 (3 nm),3,Octa-core (1x4.21 GHz C1-Ultra & 3x3.5 GHz C1-Premium & 4x2.7 GHz C1-Pro),Mali-G1 Ultra MC12,12,12,256,512,UFS 4.1,50.0,3,1.7,Yes,1/1.31,Yes,"Leica lens, Color spectrum sensor, Ultra HDR, LED flash, HDR, panorama","8K@30fps, 4K@30/60/120fps, 1080p@30/60/120/240/960fps, gyro-EIS, 10-bit Rec. 2020, HDR10+, Log",32.0,Yes,HDR,"4K@30fps, 1080p@30/60fps, HDR10+","Wi-Fi 802.11 a/b/g/n/ac/6e/7, dual-band, Wi-Fi Direct",Yes,6.0,Type-C,No,"GPS (L1+L5), BDS (B1I+B1C+B2a+B2b), GALILEO (E1+E5a+E5b), QZSS (L1+L5), NavIC (L5), GLONASS","Fingerprint (under display, optical), accelerometer, gyro, proximity, compass",7000,100,50,No,Active use score 21:41h,,999.9,799.0,,2795030,9766,6939,1069,-25.6,"Deep Blue, Deep Violet, Black",2602EPTC0G,,,No
Bird,Xiaomi 17T,https://www.gsmarena.com/xiaomi_17t_5g-14652.php,https://fdn2.gsmarena.com/vv/bigpic/xiaomi-17t-.jpg,GSM / HSPA / LTE / 5G,Yes,"2026, May 28","Available. Released 2026, May 28",157.6 x 75.2 x 8.2 mm,200.0,Glass,IP68,· Nano-SIM + Nano-SIM + eSIM + eSIM (max 2 at a time) · Nano-SIM + Nano-SIM,"AMOLED, 68B colors, 120Hz, 3840Hz PWM, Dolby Vision, HDR10+, 3500 nits (peak)",120,6.59,1268x2756,460,89.8,Gorilla Glass 7i,"Android 16, HyperOS 3",Mediatek Dimensity 8500 Ultra (4 nm),4,Octa-core (1x3.4 GHz Cortex-A725 & 3x3.2 GHz Cortex-A725 & 4x2.2 GHz Cortex-A725),Mali-G720 MC8,12,12,256,512,UFS 4.1,50.0,3,1.7,Yes,1/1.55,Yes,"Leica lens, Color spectrum sensor, Ultra HDR, LED flash, HDR, panorama","4K@30/60fps, 1080p@30/60/120/240/960fps, gyro-EIS, 10-bit Rec. 2020, HDR10+, Log",32.0,Yes,HDR,"4K@30fps, 1080p@30/60fps, HDR10+","Wi-Fi 802.11 a/b/g/n/ac/6e, dual-band or tri-band, Wi-Fi Direct",Yes,6.0,Type-C,No,"GPS (L1+L5), BDS (B1I+B1c+B2a), GALILEO (E1+E5a), QZSS (L1+L5), NavIC (L5), GLONASS","Fingerprint (under display, optical), accelerometer, gyro, proximity, compass",6500,67,,No,Active use score 17:16h,,749.9,649.0,,1640834,6607,3563,1035,-24.6,"Violet, Blue, Opal White, Black","2602DPT53G, 2602DPT53I",,,No
Bird,Xiaomi Watch S5,https://www.gsmarena.com/xiaomi_watch_s5-14696.php,https://fdn2.gsmarena.com/vv/bigpic/xiaomi-watch-s5-.jpg,HSPA / LTE,No,"2026, May 28","Available. Released 2026, May 28",46 x 46 x 11 mm (1.81 x 1.81 x 0.43 in),46.0,Ceramic,,eSIM (market/region dependent),"AMOLED, 1500 nits (HBM), 2500 nits (peak)",,1.48,480x480,459,,Drop-proof glass,Xiaomi HyperOS 3,,,,,,,,,,,,,No,,No,,,,No,,,No,Yes,5.4,No,No,"GPS (L1+L5), GLONASS, GALILEO, BDS, QZSS","Accelerometer, gyro, compass, barometer, heart rate, SpO2",815,,,No,,,180.0,,,,,,,,"Black, Silver, Ceramic Blue, Jungle Green, Beige (eSIM)","M2530W1, M2517W1",,,No
Bird,Realme 16T,https://www.gsmarena.com/realme_16t_5g-14674.php,https://fdn2.gsmarena.com/vv/bigpic/realme-16t.jpg,GSM / HSPA / LTE / 5G,Yes,"2026, May 22","Available. Released 2026, May 26",166.4 x 78.2 x 8.8 mm (6.55 x 3.08 x 0.35 in),224.0,Glass,IP68,Nano-SIM + Nano-SIM,"AMOLED, 144Hz, 1200 nits (HBM)",144,6.81,720x1570,254,87.1,Panda-1681 glass,"Android 16, Realme UI 7.0",Mediatek Dimensity 6300 (6 nm),6,Octa-core (2x2.4 GHz Cortex-A76 & 6x2.0 GHz Cortex-A55),Mali-G57 MC2,6,8,128,256,UFS 2.2,50.0,2,1.8,No,1/2.93,No,"LED flash, HDR, panorama",1080p@30/60fps,16.0,No,,1080p@30fps,"Wi-Fi 802.11 a/b/g/n/ac, dual-band",No,5.3,Type-C,No,"GPS, GLONASS, GALILEO, BDS, QZSS","Fingerprint (side-mounted), accelerometer, proximity, compass",8000,45,,No,Active use score 22:43h,,270.0,,,438780,2016,385,,,"Starlight Red, Starlight Black, Aurora Green",RMX5268,,,No
Bird,Honor 600,https://www.gsmarena.com/honor_600_5g-14605.php,https://fdn2.gsmarena.com/vv/bigpic/honor-600.jpg,GSM / HSPA / LTE / 5G,Yes,"2026, April 22","Available. Released 2026, May 18",156 x 74.7 x 7.8 mm (6.14 x 2.94 x 0.31 in),185.0,Glass,IP68,· Nano-SIM + eSIM · Nano-SIM + Nano-SIM + eSIM (max 2 at a time),"AMOLED, 1B colors, 120Hz, 3840Hz PWM, HDR Vivid, 8000 nits (peak)",120,6.57,1264x2728,458,91.2,Mohs level 4,"Android 16, up to 6 major Android upgrades, MagicOS 10",Qualcomm SM7750-AB Snapdragon 7 Gen 4 (4 nm),4,Octa-core (1x2.8 GHz Cortex-720 & 4x2.4 GHz Cortex-720 & 3x1.8 GHz Cortex-520),Adreno 722,8,12,128,512,,200.0,2,1.9,Yes,1/1.4,Yes,"Color spectrum sensor, LED flash, HDR, panorama","4K@30fps, 1080p@30/60fps, gyro-EIS, OIS",50.0,Yes,HDR,"4K@30fps, 1080p@30/60fps, gyro-EIS","Wi-Fi 802.11 a/b/g/n/ac/6/7, dual-band or tri-band, Wi-Fi Direct",Yes,5.4,Type-C,No,"GPS, GLONASS, GALILEO, BDS, QZSS, NavIC","Fingerprint (under display, optical), accelerometer, gyro, proximity (ultrasound), compass",7000,80,,No,Active use score 16:58h,505.72,487.49,399.0,,1087148,4090,1797,1749,-25.1,"Golden White, Black, Orange",VKJ-NX9,,,No
Bird,Sony Xperia 1 VIII,https://www.gsmarena.com/sony_xperia_1_viii_5g-14660.php,https://fdn2.gsmarena.com/vv/bigpic/sony-xperia-1-viii.jpg,GSM / HSPA / LTE / 5G,Yes,"2026, May 13","Coming soon. Exp. release 2026, June 19",162 x 74 x 8.3 mm (6.38 x 2.91 x 0.33 in),200.0,Glass,IP65,Nano-SIM + eSIM + eSIM (max 2 at a time),"LTPO OLED, 1B colors, 120Hz, HDR BT.2020",120,6.5,1080x2340,396,86.5,Gorilla Glass Victus,"Android 16, up to 4 major Android upgrades",Qualcomm SM8850-AC Snapdragon 8 Elite Gen 5 (3 nm),3,Octa-core (2x4.6 GHz Oryon V3 Phoenix L + 6x3.62 GHz Oryon V3 Phoenix M),Adreno 840,12,16,256,512,UFS,48.0,3,1.9,Yes,1/1.35,Yes,"Zeiss optics, Zeiss T* lens coating, color spectrum sensor, LED flash, panorama, HDR, eye tracking","4K@24/30/60/120fps HDR, 1080p@30/60/120fps; 5-axis gyro-EIS, OIS",12.0,Yes,HDR,"4K@30/60fps, 1080p@30/60fps, 5-axis gyro-EIS","Wi-Fi 802.11 a/b/g/n/ac/6e/7, tri-band, Wi-Fi Direct, DLNA",Yes,6.0,Type-C,Yes,"GPS, GLONASS, BDS, GALILEO, QZSS","Fingerprint (side-mounted), accelerometer, gyro, proximity, barometer, compass",5000,30,15,Yes,Active use score 17:47h,,1499.0,1399.0,,2312684,9278,6962,1510,-25.5,"Graphite Black, Iolite Silver, Garnet Red, Native Gold","XQ-GE54, XQ-GE74, XQGE54, XQGE74, XQ-GE44, XQGE44, XQ-FS54, XQFS54, SO-51G",,,No
Bird,Honor 600 Pro,https://www.gsmarena.com/honor_600_pro_5g-14604.php,https://fdn2.gsmarena.com/vv/bigpic/honor-600-pro.jpg,GSM / HSPA / LTE / 5G,Yes,"2026, April 22","Available. Released 2026, April 29",156 x 74.7 x 7.8 mm (6.14 x 2.94 x 0.31 in),195.0,Glass,IP68,· Nano-SIM + eSIM · Nano-SIM + Nano-SIM + eSIM (max 2 at a time),"AMOLED, 1B colors, 120Hz, 3840Hz PWM, HDR Vivid, 8000 nits (peak)",120,6.57,1264x2728,458,91.2,Mohs level 4,"Android 16, up to 6 major Android upgrades, MagicOS 10",Qualcomm SM8750-AB Snapdragon 8 Elite (3 nm),3,Octa-core (2x4.32 GHz Oryon V2 Phoenix L + 6x3.53 GHz Oryon V2 Phoenix M),Adreno 830 (1200 MHz),12,16,256,512,,200.0,3,1.9,Yes,1/1.4,Yes,"Color spectrum sensor, LED flash, HDR, panorama","4K@30/60fps, 1080p@30/60fps, gyro-EIS, OIS",50.0,Yes,HDR,"4K@30fps, 1080p@30/60fps, gyro-EIS","Wi-Fi 802.11 a/b/g/n/ac/6/7, dual-band or tri-band, Wi-Fi Direct",Yes,6.0,Type-C,No,"GPS, GLONASS, GALILEO, BDS, QZSS, NavIC","Fingerprint (under display, optical), accelerometer, gyro, proximity (ultrasound), compass",7000,80,50,No,Active use score 17:55h,797.96,,649.0,,2221352,7970,5309,1766,-24.8,"Golden White, Black, Orange",VKP-NX9,,,No
Bird,Motorola Moto G87,https://www.gsmarena.com/motorola_moto_g87_5g-14644.php,https://fdn2.gsmarena.com/vv/bigpic/motorola-g87.jpg,GSM / HSPA / LTE / 5G,Yes,"2026, April 29","Available. Released 2026, May 15",164.5 x 77.3 x 7.3 mm (6.48 x 3.04 x 0.29 in),183.0,Glass,IP68,· Nano-SIM + eSIM · Nano-SIM + Nano-SIM,"AMOLED, 1B colors, 120Hz, HDR, 5000 nits (peak)",120,6.78,1272x2772,450,88.4,Gorilla Glass 7i,Android 16,Mediatek Dimensity 6400 (6 nm),6,Octa-core (2x2.5 GHz Cortex-A76 & 6x2.0 GHz Cortex-A55),Mali-G57 MC2,8,12,256,512,UFS 2.2,200.0,2,1.8,Yes,,No,"LED flash, HDR, panorama","1440p@30fps, 1080p@30/60fps",32.0,No,,"1440p@30fps, 1080p@30fps","Wi-Fi 802.11 a/b/g/n/ac, dual-band",Yes,5.4,Type-C,No,"GPS, GLONASS, GALILEO, BDS, QZSS","Fingerprint (under display, optical), accelerometer, gyro, proximity, compass",5200,30,,No,,,399.0,379.98,,,,,,,"Pantone: Overture, Blue Atoll",XT2621-6,,,No
Bird,Xiaomi 17T Pro,https://www.gsmarena.com/xiaomi_17t_pro-14651.php,https://fdn2.gsmarena.com/vv/bigpic/xiaomi-17t-pro-.jpg,GSM / HSPA / LTE / 5G,Yes,"2026, May 28","Available. Released 2026, May 28",162.2 x 77.5 x 8.3 mm,219.0,Glass,IP68,· Nano-SIM + Nano-SIM + eSIM + eSIM (max 2 at a time) · Nano-SIM + Nano-SIM,"AMOLED, 68B colors, 144Hz, 3840Hz PWM, Dolby Vision, HDR10+, 3500 nits (peak)",144,6.83,1280x2772,447,91.1,Gorilla Glass 7i,"Android 16, HyperOS 3",Mediatek Dimensity 9500 (3 nm),3,Octa-core (1x4.21 GHz C1-Ultra & 3x3.5 GHz C1-Premium & 4x2.7 GHz C1-Pro),Mali-G1 Ultra MC12,12,12,256,512,UFS 4.1,50.0,3,1.7,Yes,1/1.31,Yes,"Leica lens, Color spectrum sensor, Ultra HDR, LED flash, HDR, panorama","8K@30fps, 4K@30/60/120fps, 1080p@30/60/120/240/960fps, gyro-EIS, 10-bit Rec. 2020, HDR10+, Log",32.0,Yes,HDR,"4K@30fps, 1080p@30/60fps, HDR10+","Wi-Fi 802.11 a/b/g/n/ac/6e/7, dual-band, Wi-Fi Direct",Yes,6.0,Type-C,No,"GPS (L1+L5), BDS (B1I+B1C+B2a+B2b), GALILEO (E1+E5a+E5b), QZSS (L1+L5), NavIC (L5), GLONASS","Fingerprint (under display, optical), accelerometer, gyro, proximity, compass",7000,100,50,No,Active use score 21:41h,,999.9,799.0,,2795030,9766,6939,1069,-25.6,"Deep Blue, Deep Violet, Black",2602EPTC0G,,,No
Bird,Xiaomi 17T,https://www.gsmarena.com/xiaomi_17t-14652.php,https://fdn2.gsmarena.com/vv/bigpic/xiaomi-17t-.jpg,GSM / HSPA / LTE / 5G,Yes,"2026, May 28","Available. Released 2026, May 28",157.6 x 75.2 x 8.2 mm,200.0,Glass,IP68,· Nano-SIM + Nano-SIM + eSIM + eSIM (max 2 at a time) · Nano-SIM + Nano-SIM,"AMOLED, 68B colors, 120Hz, 3840Hz PWM, Dolby Vision, HDR10+, 3500 nits (peak)",120,6.59,1268x2756,460,89.8,Gorilla Glass 7i,"Android 16, HyperOS 3",Mediatek Dimensity 8500 Ultra (4 nm),4,Octa-core (1x3.4 GHz Cortex-A725 & 3x3.2 GHz Cortex-A725 & 4x2.2 GHz Cortex-A725),Mali-G720 MC8,12,12,256,512,UFS 4.1,50.0,3,1.7,Yes,1/1.55,Yes,"Leica lens, Color spectrum sensor, Ultra HDR, LED flash, HDR, panorama","4K@30/60fps, 1080p@30/60/120/240/960fps, gyro-EIS, 10-bit Rec. 2020, HDR10+, Log",32.0,Yes,HDR,"4K@30fps, 1080p@30/60fps, HDR10+","Wi-Fi 802.11 a/b/g/n/ac/6e, dual-band or tri-band, Wi-Fi Direct",Yes,6.0,Type-C,No,"GPS (L1+L5), BDS (B1I+B1c+B2a), GALILEO (E1+E5a), QZSS (L1+L5), NavIC (L5), GLONASS","Fingerprint (under display, optical), accelerometer, gyro, proximity, compass",6500,67,,No,Active use score 17:16h,,749.9,649.0,,1640834,6607,3563,1035,-24.6,"Violet, Blue, Opal White, Black","2602DPT53G, 2602DPT53I",,,No
Bird,Samsung Galaxy A57,https://www.gsmarena.com/samsung_galaxy_a57-14379.php,https://fdn2.gsmarena.com/vv/bigpic/samsung-galaxy-a57.jpg,GSM / HSPA / LTE / 5G,Yes,"2026, March 25","Available. Released 2026, April 9",161.5 x 76.8 x 6.9 mm (6.36 x 3.02 x 0.27 in),179.0,Glass,IP68,· Nano-SIM + eSIM · Nano-SIM + Nano-SIM + eSIM + eSIM (max 2 at a time),"Super AMOLED+, 120Hz, HDR10+, 1200 nits (HBM), 1900 nits (peak)",120,6.7,1080x2340,385,88.8,Gorilla Glass Victus+,"Android 16, up to 6 major Android upgrades, One UI 8.5",Exynos 1680 (4 nm),4,Octa-core (1x2.9 GHz Cortex-720 & 4x2.6 GHz Cortex-720 & 3x1.95 GHz Cortex-520),Xclipse 550,8,12,128,512,UFS 3.1,50.0,3,1.8,Yes,1/1.56,Yes,"Best Face, LED flash, panorama, HDR","4K@30fps, 1080p@30/60fps, gyro-EIS",12.0,Yes,,"4K@30fps, 1080p@30/60fps, 10-bit HDR","Wi-Fi 802.11 a/b/g/n/ac/6e, dual-band or tri-band, Wi-Fi Direct",Yes,6.0,Type-C,No,"GPS, GALILEO, GLONASS, BDS, QZSS","Fingerprint (under display, optical), accelerometer, gyro, proximity, compass",5000,45,,No,Active use score 13:59h,489.99,339.0,385.05,49999,1001995,4411,1742,1309,-26.3,"Navy, Gray, Icyblue, Lilac","SM-A576B, SM-A576B/DS, SM-A576Q, SM-A576U1, SM-A576W, SM-A576Z, SM-A5760",0.85 W/kg (head) 1.20 W/kg (body),0.70 W/kg (head) 1.07 W/kg (body),No
Bird,Samsung Galaxy S26 Ultra,https://www.gsmarena.com/samsung_galaxy_s26_ultra-14320.php,https://fdn2.gsmarena.com/vv/bigpic/samsung-galaxy-s26-ultra-new.jpg,GSM / CDMA / HSPA / EVDO / LTE / 5G,Yes,"2026, February 25","Available. Released 2026, March 06",163.6 x 78.1 x 7.9 mm (6.44 x 3.07 x 0.31 in),214.0,Glass,IP68,· Nano-SIM + Nano-SIM + eSIM + eSIM (max 2 at a time) - INT · Nano-SIM + eSIM + eSIM (max 2 at a time) - USA · Nano-SIM + Nano-SIM - CN,"Dynamic LTPO AMOLED 2X, 120Hz, HDR10+, 2600 nits (peak)",120,6.9,1440x3120,500,90.7,"Corning Gorilla Armor 2, Mohs level 6","Android 16, up to 7 major Android upgrades, One UI 8.5",Qualcomm SM8850-1-AD Snapdragon 8 Elite Gen 5 (3 nm),3,Octa-core (2x4.74 GHz Oryon V3 Phoenix L + 6x3.62 GHz Oryon V3 Phoenix M),Adreno 840 (1.3GHz),12,16,256,512,UFS 4.X,200.0,4,1.4,Yes,1/1.3,Yes,"Laser AF, Best Face, Horizon Lock, LED flash, auto-HDR, panorama","8K@24/30fps, 4K@30/60/120fps, 1080p@30/60/120/240fps, 10-bit HDR, HDR10+, stereo sound rec., gyro-EIS",12.0,Yes,"HDR, HDR10+","4K@30/60fps, 1080p@30fps","Wi-Fi 802.11 a/b/g/n/ac/6e/7, tri-band, Wi-Fi Direct",Yes,6.0,Type-C,No,"GPS, GLONASS, BDS, GALILEO, QZSS","Fingerprint (under display, ultrasonic), accelerometer, gyro, proximity, compass, barometer",5000,60,25,Yes,Active use score 16:23h,1019.99,957.0,889.0,118990,2627986,11566,7744,1480,-25.9,"Cobalt Violet, Sky Blue, Black, White, Silver Shadow, Pink Gold","SM-S948B, SM-S948B/DS, SM-S948U, SM-S948U1, SM-S948W, SM-S948N, SM-S9480, SM-S948E, SM-S948E/DS",1.09 W/kg (head) 1.19 W/kg (body),1.28 W/kg (head) 1.35 W/kg (body),No
Bird,Samsung Galaxy A17,https://www.gsmarena.com/samsung_galaxy_a17-14041.php,https://fdn2.gsmarena.com/vv/bigpic/samsung-galaxy-a17-5g.jpg,GSM / HSPA / LTE / 5G,Yes,"2025, August 06","Available. Released 2025, August 14",164.4 x 77.9 x 7.5 mm (6.47 x 3.07 x 0.30 in),192.0,Glass,IP54,· Nano-SIM · Nano-SIM + eSIM · Nano-SIM + Nano-SIM,"Super AMOLED, 90Hz, 800 nits (HBM)",90,6.7,1080x2340,385,86.0,Gorilla Glass Victus,"Android 15, up to 6 major Android upgrades, One UI 8.5",Exynos 1330 (5 nm),5,Octa-core (2x2.4 GHz Cortex-A78 & 6x2.0 GHz Cortex-A55),Mali-G68 MP2,4,8,128,256,,50.0,3,1.8,Yes,1/2.76,No,"LED flash, panorama, HDR","1080p@30fps, gyro-EIS",13.0,No,,1080p@30fps,"Wi-Fi 802.11 a/b/g/n/ac, dual-band, Wi-Fi Direct",Yes,5.3,Type-C,No,"GPS, GALILEO, GLONASS, BDS, QZSS","Fingerprint (side-mounted), accelerometer, gyro, compass",5000,25,,No,Active use score 11:48h,99.88,125.0,114.99,18780,435787,2048,365,738,-26.4,"Black, Gray, Blue","SM-A176B, SM-A176B/DS",,0.67 W/kg (head) 0.97 W/kg (body),No
Bird,Huawei nova 16 Ultra,https://www.gsmarena.com/huawei_nova_16_ultra-14698.php,https://fdn2.gsmarena.com/vv/bigpic/huawei-nova16-ultra.jpg,GSM / HSPA / LTE / 5G,Yes,"2026, June 01","Coming soon. Exp. release 2026, June 06",163 x 78 x 7.1 mm (6.42 x 3.07 x 0.28 in),220.0,Glass,IP68,Nano-SIM + Nano-SIM,"LTPO OLED, 1B colors, HDR Vivid, 120Hz, 2160Hz PWM, 6000 nits (peak)",120,6.84,1320x2856,460,90.4,Kunlun Glass,HarmonyOS 6.1,Kirin 9010S,,,,12,12,256,512,,200.0,3,1.8,Yes,1/1.28,Yes,"Laser AF, color spectrum sensor, LED flash, panorama, HDR","4K, 1080p, gyro-EIS, HDR Vivid",50.0,Yes,"HDR, panorama","4K, 1080p, gyro-EIS, HDR Vivid","Wi-Fi 802.11 a/b/g/n/ac/6/7, dual-band, Wi-Fi Direct",Yes,6.0,Type-C,No,"GPS (L1+L5), BDS (B1I+B1c+B2a), GALILEO (E1+E5a), QZSS (L1+L5), NavIC, GLONASS","Fingerprint (under display, optical), accelerometer, gyro, compass",7000,100,50,Yes,,,600.0,,,,,,,,"Black, White, Blue",HIP-AL00,,,No
Bird,Apple iPhone 17 Pro Max,https://www.gsmarena.com/apple_iphone_17_pro_max-13964.php,https://fdn2.gsmarena.com/vv/bigpic/apple-iphone-17-pro-max.jpg,GSM / CDMA / HSPA / EVDO / LTE / 5G,Yes,"2025, September 09","Available. Released 2025, September 19",163.4 x 78 x 8.8 mm (6.43 x 3.07 x 0.35 in),233.0,Ceramic,IP68,"· Nano-SIM + eSIM + eSIM (max 2 at a time; International) · eSIM + eSIM (8 or more, max 2 at a time; USA) · Nano-SIM + Nano-SIM (China)","LTPO Super Retina XDR OLED, 120Hz, HDR10, Dolby Vision, 1000 nits (typ), 1600 nits (HBM), 3000 nits (peak)",120,6.9,1320x2868,460,90.7,Ceramic Shield 2,"iOS 26, upgradable to iOS 26.5",Apple A19 Pro (3 nm),3,Hexa-core (2x4.26 GHz + 4x2.60 GHz),Apple GPU (6-core graphics),12,12,256,512,NVMe,48.0,3,1.8,Yes,1/1.28,Yes,"Dual-LED dual-tone flash, HDR (photo/panorama)","4K@24/25/30/60/100/120fps, 1080p@25/30/60/120/240fps, 10-bit HDR, Dolby Vision HDR (up to 120fps), ProRes, ProRes RAW (up to 120fps), Apple Log 2, 3D (spatial) video/audio, stereo sound rec.",18.0,Yes,"HDR, Dolby Vision HDR, 3D (spatial) audio, stereo sound rec., ProRes RAW, Apple Log 2","4K@24/25/30/60fps, 1080p@25/30/60/120fps, gyro-EIS","Wi-Fi 802.11 a/b/g/n/ac/6e/7, tri-band, hotspot",Yes,6.0,Type-C,No,"GPS (L1+L5), GLONASS, GALILEO, BDS, QZSS, NavIC","Face ID, accelerometer, gyro, proximity, compass, barometer",4823,25,25,No,Active use score 17:58h,965.0,1150.99,1038.99,149900,2600583,10118,6010,1000,-26.2,"Silver, Cosmic Orange, Deep Blue","iPhone18,2, A3526, A3257, A3527, A3525",1.19 W/kg (head) 1.19 W/kg (body),1.49 W/kg (head) 1.49 W/kg (body),No
Bird,Xiaomi 17 Max,https://www.gsmarena.com/xiaomi_17_max-14667.php,https://fdn2.gsmarena.com/vv/bigpic/xiaomi-17-max.jpg,GSM / HSPA / LTE / 5G,Yes,"2026, May 21","Available. Released 2026, May 21",162.9 x 77.6 x 8.2 mm (6.41 x 3.06 x 0.32 in),219.0,Glass,IP68,Nano-SIM + Nano-SIM,"LTPO AMOLED, 68B colors, PWM, 120Hz, Dolby Vision, HDR Vivid, HDR10+, 3500 nits (peak)",120,6.9,1200x2608,420,90.5,,"Android 16, HyperOS 3",Qualcomm SM8850-AC Snapdragon 8 Elite Gen 5 (3 nm),3,Octa-core (2x4.6 GHz Oryon V3 Phoenix L + 6x3.62 GHz Oryon V3 Phoenix M),Adreno 840,12,16,256,512,UFS 4.1,200.0,3,1.7,Yes,1/1.4,Yes,"Laser AF, color spectrum sensor, Leica lens, LED flash, HDR, panorama","8K@30fps (HDR), 4K@30/60fps (10-bit Dolby Vision HDR), 4K@120fps, 1080p@30/60/120/240/960fps, gyro-EIS",32.0,Yes,,"4K@30fps, 1080p@30/60fps, gyro-EIS","Wi-Fi 802.11 a/b/g/n/ac/6e/7, dual-band, Wi-Fi Direct",Yes,5.4,Type-C,No,"GPS (L1+L5), BDS (B1I+B1c+B2a), GALILEO (E1+E5a), QZSS (L1+L5), NavIC (L5), GLONASS","Fingerprint (under display, ultrasonic), accelerometer, proximity, gyro, compass, barometer",8000,100,50,Yes,,,610.0,,,,,,,,"Black, Blue, White",2605EPN8EC,,,No
Bird,Xiaomi Redmi Note 15,https://www.gsmarena.com/xiaomi_redmi_note_15-14328.php,https://fdn2.gsmarena.com/vv/bigpic/xiaomi-redmi-note-15-global.jpg,GSM / HSPA / LTE / 5G,Yes,"2025, December 18","Available. Released 2026, January 06",164 x 75.4 x 7.4 mm (6.46 x 2.97 x 0.29 in),178.0,Glass,IP66,Nano-SIM + Nano-SIM,"AMOLED, 68B colors, 120Hz, 3840Hz PWM, HDR10+, 800 nits (typ), 3200 nits (peak)",120,6.77,1080x2392,388,89.7,"Scratch/drop-resistant glass, Mohs level","Android 15, up to 4 major Android upgrades, HyperOS 2",Qualcomm SM6475-AB Snapdragon 6 Gen 3 (4 nm),4,Octa-core (4x2.4 GHz Cortex-A78 & 4x1.8 GHz Cortex-A55),Adreno 710,6,12,128,512,UFS 2.2,108.0,2,1.7,Yes,1/1.67,Yes,"LED flash, HDR, panorama","4K@30fps, 1080p@30fps, gyro-EIS, OIS",20.0,No,,1080p@30fps,"Wi-Fi 802.11 a/b/g/n/ac, dual-band, Wi-Fi Direct",Yes,5.1,Type-C,No,"GPS, GLONASS, BDS, GALILEO","Fingerprint (under display, optical), accelerometer, gyro, compass",5520,45,,No,Active use score 14:12h,252.5,199.0,189.0,21190,637266,2958,861,1524,-23.4,"Black, Glacier Blue, Mist Purple","25096RA9BG, 25098RA98G",,1.00 W/kg (head) 0.99 W/kg (body),No
Bird,Xiaomi Poco X8 Pro,https://www.gsmarena.com/xiaomi_poco_x8_pro-14506.php,https://fdn2.gsmarena.com/vv/bigpic/xiaomi-poco-x8-pro.jpg,GSM / HSPA / LTE / 5G,Yes,"2026, March 17","Available. Released 2026, March 17",157.5 x 75.2 x 8.4 mm (6.20 x 2.96 x 0.33 in),201.5,Glass,IP68,Nano-SIM + Nano-SIM,"AMOLED, 68B colors, 120Hz, 3840Hz PWM, Dolby Vision, HDR10+, 2000 nits (HBM), 3500 nits (peak)",120,6.59,1268x2756,460,89.8,Gorilla Glass 7i,"Android 16, HyperOS 3",Mediatek Dimensity 8500 Ultra (4 nm),4,Octa-core (1x3.4 GHz Cortex-A725 & 3x3.2 GHz Cortex-A725 & 4x2.2 GHz Cortex-A725),Mali-G720 MC8,8,12,256,512,UFS 4.1,50.0,2,1.5,Yes,1/1.95,Yes,"LED flash, HDR, panorama","4K@30/60fps, 1080p@30/60/120/240/960fps, gyro-EIS, HDR10+",20.0,No,,1080p@30/60fps,"Wi-Fi 802.11 a/b/g/n/ac/6, dual-band, Wi-Fi Direct",Yes,6.0,Type-C,No,"GPS (L1+L5), BDS (B1I+B1c+B2a), GALILEO (E1+E5a), QZSS (L1+L5), NavIC (L5), GLONASS","Fingerprint (under display, optical), accelerometer, gyro, compass, proximity",6500,100,,No,Active use score 16:52h,367.0,289.25,279.0,,1663640,6298,4103,1090,-24.8,"Black, White, Mint Green, Yellow",2511FPC34G,,,No
Bird,Samsung Galaxy A56,https://www.gsmarena.com/samsung_galaxy_a56-13603.php,https://fdn2.gsmarena.com/vv/bigpic/samsung-galaxy-a56-.jpg,GSM / HSPA / LTE / 5G,Yes,"2025, March 02","Available. Released 2025, March 10",162.2 x 77.5 x 7.4 mm (6.39 x 3.05 x 0.29 in),198.0,Glass,IP67,· Nano-SIM + eSIM · Nano-SIM + Nano-SIM + eSIM + eSIM (max 2 at a time),"Super AMOLED, 120Hz, HDR10+, 1200 nits (HBM), 1900 nits (peak)",120,6.7,1080x2340,385,87.7,Gorilla Glass Victus+,"Android 15, up to 6 major Android upgrades, One UI 8.5",Exynos 1580 (4 nm),4,Octa-core (1x2.9 GHz Cortex-A720 & 3x2.6 GHz Cortex-A720 & 4x1.9 GHz Cortex-A520),Xclipse 540,6,12,128,256,UFS 3.1,50.0,3,1.8,Yes,1/1.56,Yes,"Best Face, LED flash, panorama, HDR","4K@30fps, 1080p@30/60fps, gyro-EIS",12.0,Yes,,"4K@30fps, 1080p@30fps, 1080p@60fps (regional availability), 10-bit HDR","Wi-Fi 802.11 a/b/g/n/ac/6, dual-band, Wi-Fi Direct",Yes,5.3,Type-C,No,"GPS, GALILEO, GLONASS, BDS, QZSS","Fingerprint (under display, optical), accelerometer, gyro, compass",5000,45,,No,Active use score 12:08h,359.5,275.68,267.98,38999,908689,3899,1332,1213,-26.2,"Pink, Olive, Graphite, Lightgray","SM-A566V, SM-A566B, SM-A566B/DS, SM-A566E, SM-A566E/DS, SM-A5660, SM-A566U, SM-A566U1, SM-A566W, SM-A566S",1.32 W/kg (head),0.61 W/kg (head) 1.05 W/kg (body),No
Bird,Xiaomi 15 Ultra,https://www.gsmarena.com/xiaomi_15_ultra-13657.php,https://fdn2.gsmarena.com/vv/bigpic/xiaomi-15-ultra-.jpg,GSM / HSPA / LTE / 5G,Yes,"2025, February 27","Available. Released 2025, February 27",161.3 x 75.3 x 9.4 mm (6.35 x 2.96 x 0.37 in),226.0,Glass,IP68,· Nano-SIM + Nano-SIM · Nano-SIM + Nano-SIM + eSIM + eSIM (max 2 at a time),"LTPO AMOLED, 68B colors, 120Hz, 1920Hz PWM, Dolby Vision, HDR10+, HDR Vivid, 3200 nits (peak)",120,6.73,1440x3200,522,89.7,"Xiaomi Shield Glass 2.0, Mohs level 6","Android 15, up to 4 major Android upgrades, HyperOS 3",Qualcomm SM8750-AB Snapdragon 8 Elite (3 nm),3,Octa-core (2x4.32 GHz Oryon V2 Phoenix L + 6x3.53 GHz Oryon V2 Phoenix M),Adreno 830,12,16,256,512,UFS 4.1,50.0,4,1.6,Yes,1/2.51,Yes,"Laser AF, color spectrum sensor, Leica lenses, Dual-LED flash, HDR, panorama, 67mm filter ring holder (optional)","8K@30fps, 4K@30/60/120fps, 1080p@30/60/120/240/480/960/1920fps, gyro-EIS, Dolby Vision HDR 10-bit rec. (4K@60fps, 1080p)",32.0,Yes,"HDR, panorama","4K@30/60fps, 1080p@30/60fps, gyro-EIS","Wi-Fi 802.11 a/b/g/n/ac/6e/7, dual-band or tri-band, Wi-Fi Direct",Yes,6.0,Type-C,No,"GPS (L1+L5), BDS (B1I+B1c+B2a), GALILEO (E1+E5a), QZSS (L1+L5), NavIC (L5), GLONASS","Fingerprint (under display, ultrasonic), accelerometer, proximity, gyro, compass, barometer",5410,90,80,Yes,Active use score 16:13h,,776.09,1053.1,,,,,,-24.1,"Black, White, Silver Chrome, Green",25010PN30G,,1.00 W/kg (head) 1.00 W/kg (body),No
Bird,Xiaomi Poco X7 Pro,https://www.gsmarena.com/xiaomi_poco_x7_pro-13582.php,https://fdn2.gsmarena.com/vv/bigpic/xiaomi-poco-x7-pro.jpg,GSM / HSPA / LTE / 5G,Yes,"2025, January 09","Available. Released 2025, January 09",160.8 x 75.2 x 8.3 mm (6.33 x 2.96 x 0.33 in),195.0,Glass,IP68,Nano-SIM + Nano-SIM,"AMOLED, 68B colors, 120Hz, 1920Hz PWM, Dolby Vision, HDR10+, 1400 nits (HBM), 3200 nits (peak)",120,6.67,1220x2712,446,88.8,Gorilla Glass 7i,"Android 15, HyperOS 2",Mediatek Dimensity 8400 Ultra (4 nm),4,Octa-core (1x3.25 GHz Cortex-A725 & 3x3.0 GHz Cortex-A725 & 4x2.1 GHz Cortex-A725),Mali-G720 MC7,8,12,256,512,UFS 4.0,50.0,2,1.5,Yes,1/1.95,Yes,"LED flash, HDR, panorama","4K@24/30/60fps, 1080p@30/60/120/240/960fps, HDR10+, gyro-EIS, OIS",20.0,No,,1080p@30fps,"Wi-Fi 802.11 a/b/g/n/ac/6, dual-band, Wi-Fi Direct",Yes,5.4,Type-C,No,"GPS (L1+L5), GLONASS (G1), BDS (B1I+B1c+B2a), GALILEO (E1+E5a), NavIC (L5)","Fingerprint (under display, optical), accelerometer, gyro, proximity, compass",6000,90,,No,Active use score 12:43h,374.0,319.0,259.0,31500,1568331,6311,3880,1265,-24.7,"Black/Yellow, White, Green, Red (Iron Man Edition)","2412DPC0AG, 2412DPC0AI",1.09 W/kg (head) 1.08 W/kg (body),0.99 W/kg (head) 0.99 W/kg (body),No
Bird,Xiaomi 17 Pro Max,https://www.gsmarena.com/xiaomi_17_pro_max-14181.php,https://fdn2.gsmarena.com/vv/bigpic/xiaomi-17-pro-max.jpg,GSM / HSPA / LTE / 5G,Yes,"2025, September 25","Available. Released 2025, September 25",162.9 x 77.6 x 8 mm (6.41 x 3.06 x 0.31 in),219.0,Glass,IP68,Nano-SIM + Nano-SIM,"LTPO AMOLED, 68B colors, 2160Hz PWM, 120Hz, Dolby Vision, HDR Vivid, HDR10+, 3500 nits (peak)",160,6.9,1200x2608,416,92.3,Xiaomi Dragon Crystal Glass 3,"Android 16, HyperOS 3",Qualcomm SM8850-AC Snapdragon 8 Elite Gen 5 (3 nm),3,Octa-core (2x4.6 GHz Oryon V3 Phoenix L + 6x3.62 GHz Oryon V3 Phoenix M),Adreno 840,12,16,512,512,UFS 4.1,50.0,3,1.7,Yes,1/1.28,Yes,"Laser AF, color spectrum sensor, Leica lens, Dual-LED dual-tone flash, HDR, panorama","8K@30fps (HDR), 4K@30/60/120fps (HDR10+, 10-bit Dolby Vision HDR, 10-bit LOG), 1080p@30/60/120/240/960fps, 720p@1920fps, gyro-EIS",50.0,Yes,"HDR, panorama","4K@30/60fps, 1080p@30/60fps, HDR10+, gyro-EIS","Wi-Fi 802.11 a/b/g/n/ac/6e/7, dual-band, Wi-Fi Direct",Yes,5.4,Type-C,No,"GPS (L1+L5), BDS (B1I+B1c+B2a), GALILEO (E1+E5a), QZSS (L1+L5), NavIC (L5), GLONASS","Fingerprint (under display, ultrasonic), accelerometer, proximity, gyro, compass, barometer",7500,100,50,Yes,Active use score 20:50h,,720.0,,,2456317,10600,6761,1026,-26.1,"Black, White, Purple, Green",2509FPN0BC,,,No
Bird,OnePlus 15,https://www.gsmarena.com/oneplus_15-14206.php,https://fdn2.gsmarena.com/vv/bigpic/oneplus-15.jpg,GSM / HSPA / LTE / 5G,Yes,"2025, October 27","Available. Released 2025, October 28",161.4 x 76.7 x 8.1 mm (6.35 x 3.02 x 0.32 in),211.0,Glass,IP68,· Nano-SIM + Nano-SIM + eSIM (max 2 at a time) · Nano-SIM + Nano-SIM,"LTPO AMOLED, 1B colors, 165Hz, PWM, Dolby Vision, HDR10+, HDR Vivid, 800 nits (typ), 1800 nits (HBM)",165,6.78,1272x2772,450,90.8,Gorilla Glass Victus,"Android 16, OxygenOS 16 (Global), ColorOS 16 (China)",Qualcomm SM8850-AC Snapdragon 8 Elite Gen 5 (3 nm),3,Octa-core (2x4.6 GHz Oryon V3 Phoenix L + 6x3.62 GHz Oryon V3 Phoenix M),Adreno 840,12,16,256,512,UFS 4.1,50.0,3,1.8,Yes,1/1.56,Yes,"Laser focus, color spectrum sensor, LED flash, HDR, panorama, LUT preview","8K@30fps, 4K@30/60/120fps, 1080p@30/60/240fps, Auto HDR, gyro-EIS, Dolby Vision, LUT",32.0,Yes,"HDR, panorama","4K@30/60fps, 1080p@30/60fps, gyro-EIS, HDR","Wi-Fi 802.11 a/b/g/n/ac/6/7, dual or tri-band, Wi-Fi Direct",Yes,6.0,Type-C,No,"GPS (L1+L5), GLONASS (G1), BDS (B1I+B1c+B2a), GALILEO (E1+E5a), QZSS (L1+L5), NavIC (L5)","Fingerprint (under display, ultrasonic), accelerometer, proximity, gyro (UAV-grade), compass, barometer (exc. China)",7300,120,50,Yes,Active use score 23:07h,729.95,780.9,819.0,77999,2790237,11062,7370,1364,-24.8,"Infinite Black, Ultra Violet, Sand Storm","CPH2747, CPH2745, PLK110, CPH2749",1.17 W/kg (head) 1.00 W/kg (body),,No
Bird,Samsung Galaxy S25,https://www.gsmarena.com/samsung_galaxy_s25-13610.php,https://fdn2.gsmarena.com/vv/bigpic/samsung-galaxy-s25-sm-s931.jpg,GSM / CDMA / HSPA / EVDO / LTE / 5G,Yes,"2025, January 22","Available. Released 2025, February 03",146.9 x 70.5 x 7.2 mm (5.78 x 2.78 x 0.28 in),162.0,Glass,IP68,· Nano-SIM + Nano-SIM + eSIM + eSIM (max 2 at a time) - INT · Nano-SIM + eSIM + eSIM (max 2 at a time) - USA · Nano-SIM + Nano-SIM - CN,"Dynamic LTPO AMOLED 2X, 120Hz, HDR10+, 2600 nits (peak)",120,6.2,1080x2340,416,91.1,Gorilla Glass Victus,"Android 15, up to 7 major Android upgrades, One UI 8",Qualcomm SM8750-AC Snapdragon 8 Elite (3 nm),3,Octa-core (2x4.47 GHz Oryon V2 Phoenix L + 6x3.53 GHz Oryon V2 Phoenix M),Adreno 830 (1200 MHz),12,12,128,512,UFS 4.0,50.0,3,1.8,Yes,1/1.56,Yes,"Best Face, LED flash, auto-HDR, panorama","8K@24/30fps, 4K@30/60fps, 1080p@30/60/120/240fps, 10-bit HDR, HDR10+, stereo sound rec., gyro-EIS",12.0,Yes,"HDR, HDR10+","4K@30/60fps, 1080p@30fps","Wi-Fi 802.11 a/b/g/n/ac/6e/7, tri-band, Wi-Fi Direct",Yes,5.4,Type-C,No,"GPS, GLONASS, BDS, GALILEO, QZSS","Fingerprint (under display, ultrasonic), accelerometer, gyro, proximity, compass, barometer",4000,25,15,Yes,Active use score 13:09h,446.24,470.0,421.96,74999,2193701,10050,6755,1395,-26.1,"Icy Blue, Mint, Navy, Silver Shadow, Pink Gold, Coral Red, Blue Black","SM-S931B, SM-S931B/DS, SM-S931U, SM-S931U1, SM-S931W, SM-S931N, SM-S9310, SM-S931E, SM-S931E/DS",1.13 W/kg (head) 0.92 W/kg (body),1.29 W/kg (head) 1.36 W/kg (body),No
Bird,Xiaomi 17 Ultra,https://www.gsmarena.com/xiaomi_17_ultra-14380.php,https://fdn2.gsmarena.com/vv/bigpic/xiaomi-17-ultra-global.jpg,GSM / HSPA / LTE / 5G,Yes,"2026, February 28","Available. Released 2026, March 10",162.9 x 77.6 x 8.3 mm (6.41 x 3.06 x 0.33 in),218.4,Glass,IP68,Nano-SIM + Nano-SIM + eSIM + eSIM + eSIM (max 2 at a time),"LTPO AMOLED, 68B colors, 120Hz, 2160Hz PWM, Dolby Vision, HDR10+, 3500 nits (peak)",120,6.9,1200x2608,416,92.3,Xiaomi Shield Glass 3.0,"Android 16, HyperOS 3",Qualcomm SM8850-AC Snapdragon 8 Elite Gen 5 (3 nm),3,Octa-core (2x4.6 GHz Oryon V3 Phoenix L + 6x3.62 GHz Oryon V3 Phoenix M),Adreno 840,16,16,512,512,UFS 4.1,50.0,3,1.7,Yes,1/1.4,Yes,"Laser AF, color spectrum sensor, Leica lenses, Dual-LED flash, HDR, panorama","8K@30fps, 4K@30/60/120fps, 1080p@30/60/120/240/480/960/1920fps, gyro-EIS, Dolby Vision HDR 10-bit rec. (4K@60fps, 1080p)",50.0,Yes,"HDR, panorama","4K@30/60fps, 1080p@30/60/120fps, gyro-EIS","Wi-Fi 802.11 a/b/g/n/ac/6e/7, dual-band or tri-band, Wi-Fi Direct",Yes,6.0,Type-C,No,"GPS (L1+L5), BDS (B1I+B1c+B2a), GALILEO (E1+E5a), QZSS (L1+L5), NavIC (L5), GLONASS","Fingerprint (under display, ultrasonic), accelerometer, proximity, gyro, compass, barometer",6000,90,50,Yes,Active use score 19:09h,,1249.0,1199.0,139997,2777490,10896,6948,1132,-24.1,"Black, White, Starlit Green","25128PNA1G, 2512BPNDAG",,,No
Bird,Oppo Find X9 Pro,https://www.gsmarena.com/oppo_find_x9_pro-14094.php,https://fdn2.gsmarena.com/vv/bigpic/oppo-find-x9-pro.jpg,GSM / HSPA / LTE / 5G,Yes,"2025, October 16","Available. Released 2025, October 22",161.3 x 76.5 x 8.3 mm (6.35 x 3.01 x 0.33 in),224.0,Glass,IP68,· Nano-SIM + eSIM · Nano-SIM + Nano-SIM,"LTPO AMOLED, 1B colors, 120Hz, 2160Hz PWM, Dolby Vision, HDR10+, HDR Vivid, 800 nits (typ), 1800 nits (HBM), 3600 nits (peak)",120,6.78,1272x2772,450,91.1,Gorilla Glass Victus,"Android 16, up to 5 major Android upgrades, ColorOS 16",Mediatek Dimensity 9500 (3 nm),3,Octa-core (1x4.21 GHz C1-Ultra & 3x3.5 GHz C1-Premium & 4x2.7 GHz C1-Pro),Arm G1-Ultra,12,16,256,512,UFS 4.1,50.0,3,1.5,Yes,1/1.28,Yes,"Laser AF, color spectrum sensor, Hasselblad Color Calibration, LED flash, HDR, panorama, LUT preview","4K@30/60/120fps, 1080p@30/60/240fps; gyro-EIS; HDR, 10‑bit video, Dolby Vision, LOG",50.0,Yes,Panorama,"4K@30/60fps, 1080p@30/60fps, gyro-EIS","Wi-Fi 802.11 a/b/g/n/ac/6/7, dual-band or tri-band, Wi-Fi Direct",Yes,6.0,Type-C,No,"GPS (L1+L5), BDS (B1I+B1c+B2a+B2b), GALILEO (E1+E5a+E5b), QZSS (L1+L5), GLONASS, NavIC (L5)","Fingerprint (under display, ultrasonic), accelerometer, gyro, proximity, compass, barometer",7500,80,50,Yes,Active use score 21:57h,,1195.9,849.97,,2719560,9697,6808,1175,-26.6,"Silk White, Titanium Charcoal, Velvet Red","CPH2791, PLG110",,,No
Bird,Bird V09,https://www.gsmarena.com/bird_v09-990.php,https://fdn2.gsmarena.com/vv/bigpic/biv09.gif,GSM,No,"2004, Q2",Discontinued,83 x 43 x 20 mm (3.27 x 1.69 x 0.79 in),75.0,,,Mini-SIM,"CSTN, 65K colors",,,128x160,,,,,,,,,,,,,,,,,No,,No,,,,No,,,No,,,,No,No,,,,,No,,,,,,,,,,,"Red, Blue Grey",,,,No
Bird,Bird S570,https://www.gsmarena.com/bird_s570-953.php,https://fdn2.gsmarena.com/vv/bigpic/bis570.gif,GSM,No,"2004, Q4",Discontinued,103 x 43 x 18.5 mm (4.06 x 1.69 x 0.73 in),89.0,,,Mini-SIM,"STN, 65K colors",,,128x128,,,,,,,,,,,,,,,1,,No,,No,,No,,No,,,No,,,,No,No,,,,,No,,,,,,,,,,,Silver,,,,No
Bird,Bird SC24,https://www.gsmarena.com/bird_sc24-952.php,https://fdn2.gsmarena.com/vv/bigpic/bisc24.gif,GSM,No,"2004, Q1",Discontinued,81 x 44 x 23 mm (3.19 x 1.73 x 0.91 in),80.0,,,Mini-SIM,"CSTN, 65K colors",,,128x160,,,,,,,,,,,,,,,,,No,,No,,,,No,,,No,,,,No,No,,,,,No,,,,,,,,,,,Red,,,,No
Bird,Bird G118,https://www.gsmarena.com/bird_g118-956.php,https://fdn2.gsmarena.com/vv/bigpic/big118.gif,GSM,No,"2004, Q4",Discontinued,82 x 43 x 22 mm (3.23 x 1.69 x 0.87 in),80.0,,,Mini-SIM,"CSTN, 65K colors",,,128x160,,,,,,,,,,,,,,,,,No,,No,,,,No,,,No,,,,No,No,,,,,No,,,,,,,,,,,Red,,,,No
Bird,Bird S1190,https://www.gsmarena.com/bird_s1190-987.php,https://fdn2.gsmarena.com/vv/bigpic/bis1190.gif,GSM,No,"2004, Q1",Discontinued,84 x 43 x 20 mm (3.31 x 1.69 x 0.79 in),85.0,,,Mini-SIM,"CSTN, 4096 colors",,,,,,,,,,,,,,,,,,,,No,,No,,,,No,,,No,,,,No,No,,,,,No,,,,,,,,,,,Silver,,,,No
Bird,Bird S1180c,https://www.gsmarena.com/bird_s1180c-951.php,https://fdn2.gsmarena.com/vv/bigpic/bi1180c.gif,GSM,No,"2004, Q2",Discontinued,81 x 43 x 18 mm (3.19 x 1.69 x 0.71 in),75.0,,,Mini-SIM,"CSTN, 65K colors",,,,,,,,,,,,,,,,,,,,No,,No,,,,No,,,No,,,,No,No,,,,,No,,,,,,,,,,,Silver,,,,No
Bird,Bird S1160 Plus,https://www.gsmarena.com/bird_s1160_plus-986.php,https://fdn2.gsmarena.com/vv/bigpic/bis1160p.gif,GSM,No,"2004, Q3",Discontinued,85 x 44 x 20 mm (3.35 x 1.73 x 0.79 in),83.0,,,Mini-SIM,"CSTN, mono",,,,,,,,,,,,,,,,,,,,No,,No,,,,No,,,No,,,,No,No,,,,,No,,,,,,,,,,,Silver,,,,No
Bird,Bird S1160,https://www.gsmarena.com/bird_s1160-950.php,https://fdn2.gsmarena.com/vv/bigpic/bi1160.gif,GSM,No,"2004, Q1",Discontinued,86 x 46 x 21 mm (3.39 x 1.81 x 0.83 in),85.0,,,Mini-SIM,"CSTN, mono",,,,,,,,,,,,,,,,,,,,No,,No,,,,No,,,No,,,,No,No,,,,,No,,,,,,,,,,,Silver,,,,No
Bird,Bird S788,https://www.gsmarena.com/bird_s788-988.php,https://fdn2.gsmarena.com/vv/bigpic/bis788.gif,GSM,No,"2004, Q2",Discontinued,115 x 45 x 14 mm (4.53 x 1.77 x 0.55 in),79.0,,,Mini-SIM,"CSTN, 4096 colors",,,,,,,,,,,,,,,,,,,,No,,No,,,,No,,,No,,,,No,No,,,,,No,,,,,,,,,,,"Grey, Red",,,,No
Bird,Bird S288 Plus,https://www.gsmarena.com/bird_s288_plus-989.php,https://fdn2.gsmarena.com/vv/bigpic/bis288s.gif,GSM,No,"2003, Q3",Discontinued,103 x 44 x 12 mm (4.06 x 1.73 x 0.47 in),65.0,,,Mini-SIM,"CSTN, mono",,,,,,,,,,,,,,,,,,,,No,,No,,,,No,,,No,,,,No,No,,,,,No,,,,,,,,,,,"Blue, Red, Grey",,,,No
Bird,Bird S288,https://www.gsmarena.com/bird_s288-949.php,https://fdn2.gsmarena.com/vv/bigpic/bis288.gif,GSM,No,"2003, Q3",Discontinued,105 x 42 x 11 mm (4.13 x 1.65 x 0.43 in),60.0,,,Mini-SIM,"CSTN, mono",,,,,,,,,,,,,,,,,,,,No,,No,,,,No,,,No,,,,No,No,,,,,No,,,,,,,,,,,"Blue, Red, Grey",,,,No
Icemobile,Icemobile G8 LTE,https://www.gsmarena.com/icemobile_g8_lte-8786.php,https://fdn2.gsmarena.com/vv/bigpic/icemobile-g8-.jpg,GSM / HSPA / LTE,No,"2017, July. Released 2017, July",Discontinued,188 x 108 x 10 mm (7.40 x 4.25 x 0.39 in),320.0,,,Micro-SIM,IPS LCD,,7.0,600x1024,170,67.9,,Android 5.1 (Lollipop),Mediatek MT8735,,Quad-core 1.3 GHz Cortex-A53,Mali-T720MP2,,,,,,5.0,1,,No,,No,LED flash,Yes,,No,,,"Wi-Fi 802.11 a/b/g/n, hotspot",No,4.0,Micro-USB,Yes,GPS,Accelerometer,2800,,,No,,,,,,,,,,,"Black, Silver, Gold",,,,FM radio
Icemobile,Icemobile Mash,https://www.gsmarena.com/icemobile_mash-7982.php,https://fdn2.gsmarena.com/vv/bigpic/icemobile-mash.jpg,GSM,No,"2016, March. Released 2016, March",Discontinued,110 x 64 x 13.5 mm (4.33 x 2.52 x 0.53 in),,,,Dual SIM,TFT,,2.2,320x240,182,21.3,,,Spreadtrum 6531DA,,,,,,,,,,1,,No,,No,,No,,No,,,No,No,2.0,Micro-USB,Yes,No,,800,,,No,,,,,,,,,,,"White, Black, Red, Gold",,,,FM radio
Icemobile,Icemobile G8,https://www.gsmarena.com/icemobile_g8-7560.php,https://fdn2.gsmarena.com/vv/bigpic/icemobile-g8.jpg,GSM / HSPA,No,"2015, September. Released 2015, September",Discontinued,190 x 110 x 13 mm (7.48 x 4.33 x 0.51 in),320.0,,,Micro-SIM,IPS LCD,,7.0,600x1024,170,66.0,,Android 4.4.2 (KitKat),Mediatek MT6572 (28 nm),28,Dual-core 1.0 GHz Cortex-A7,Mali-400,,,,,,5.0,1,,No,,No,LED flash,Yes,,No,,,Wi-Fi 802.11 b/g/n,No,2.1,2.0,Yes,GPS,Accelerometer,2600,,,No,,,,,,,,,,,"White, Black, Blue",,,,FM radio
Icemobile,Icemobile Prime 5.0 Plus,https://www.gsmarena.com/icemobile_prime_5_0_plus-7040.php,https://fdn2.gsmarena.com/vv/bigpic/icemobile-prime-5-plus.jpg,GSM / HSPA,No,"2015, February. Released 2015, February",Discontinued,-,,,,Dual SIM,IPS LCD,,5.0,720x1280,294,,,Android 4.4.2 (KitKat),Mediatek MT6582 (28 nm),28,Quad-core 1.3 GHz Cortex-A7,Mali-400MP2,1,1,8,8,,8.0,1,,No,,No,LED flash,Yes,2.0,No,,,Wi-Fi 802.11 b/g/n,No,4.0,Micro-USB,Yes,GPS,"Accelerometer, proximity",2000,,,No,,,,,,,,,,,"Black, Blue",,,,FM radio
Icemobile,Icemobile Prime 5.0,https://www.gsmarena.com/icemobile_prime_5_0-7041.php,https://fdn2.gsmarena.com/vv/bigpic/icemobile-prime-5.jpg,GSM / HSPA,No,"2015, February. Released 2015, February",Discontinued,142 x 72.3 x 8.7 mm (5.59 x 2.85 x 0.34 in),,,,Dual SIM,IPS LCD,,5.0,480x854,196,67.1,,Android 4.4.2 (KitKat),Mediatek MT6572A,,Dual-core 1.3 GHz Cortex-A7,Mali-400,,,4,4,,5.0,1,,No,,No,LED flash,Yes,1.3,No,,,Wi-Fi 802.11 b/g/n,No,2.0,Micro-USB,Yes,GPS,"Accelerometer, proximity",1600,,,No,,,,,,,,,,,"Black, White",,,,FM radio
Icemobile,Icemobile Prime 4.0 Plus,https://www.gsmarena.com/icemobile_prime_4_0_plus-7039.php,https://fdn2.gsmarena.com/vv/bigpic/icemobile-prime-4-plus.jpg,GSM / HSPA,No,"2015, February. Released 2015, February",Discontinued,125 x 64 x 10 mm (4.92 x 2.52 x 0.39 in),,,,Dual SIM,IPS LCD,,,480x800,,,,Android 4.4.2 (KitKat),Mediatek MT6572 (28 nm),28,Dual-core 1.3 GHz Cortex-A7,Mali-400,,,4,4,,2.0,1,,No,,No,LED flash,Yes,,No,,,Wi-Fi 802.11 b/g/n,No,2.0,Micro-USB,Yes,GPS,Accelerometer,1400,,,No,,,,,,,,,,,"Black, Blue",,,,FM radio
Icemobile,Icemobile Gravity 4.0,https://www.gsmarena.com/icemobile_gravity_4_0-6810.php,https://fdn2.gsmarena.com/vv/bigpic/icemobile-gravity-40.jpg,GSM / HSPA,No,"2014. Released 2014, November",Discontinued,140.4 x 75.8 x 16.3 mm (5.53 x 2.98 x 0.64 in),316.0,,IP68,Micro-SIM,IPS LCD,,4.02,480x854,244,41.8,,Android 4.4.2 (KitKat),Mediatek MT6582 (28 nm),28,Quad-core 1.2 GHz Cortex-A7,Mali-400MP2,1,1,8,8,,8.0,1,,No,,No,LED flash,Yes,1.3,No,,,"Wi-Fi 802.11 b/g/n, hotspot",No,4.0,Micro-USB,Yes,GPS,,2800,,,No,,,,,,,,,,,"Black, White, Orange, Yellow, Green",,,,FM radio
Icemobile,Icemobile Rock 2.4,https://www.gsmarena.com/icemobile_rock_2_4-6809.php,https://fdn2.gsmarena.com/vv/bigpic/icemobile-rock-24.jpg,GSM,No,2014. Released 2014,Discontinued,120 x 50 x 13.8 mm (4.72 x 1.97 x 0.54 in),60.0,,,Dual SIM (Mini-SIM),TFT,,2.4,176x220,117,30.2,,,,,,,,,,,,,1,,No,,No,,Yes,,No,,,No,No,2.0,Micro-USB,No,No,,1000,,,No,,,,,,,,,,,"Black, White, Red, Pink, Green, White&blue",,,,FM radio
Icemobile,Icemobile Prime 5.5,https://www.gsmarena.com/icemobile_prime_5_5-6618.php,https://fdn2.gsmarena.com/vv/bigpic/icemobile-prime-55.jpg,GSM / HSPA,No,"2014, August. Released 2014, August",Discontinued,152.5 x 77 x 8.6 mm (6.00 x 3.03 x 0.34 in),,,,Dual SIM,IPS LCD,,5.46,720x1280,269,70.0,,Android 4.4.2 (KitKat),Mediatek MT6582A/W,,Quad-core 1.3 GHz Cortex-A7,Mali-400MP2,1,1,16,16,,8.0,1,,No,,No,LED flash,Yes,2.0,No,,,Wi-Fi 802.11 b/g/n,No,,Proprietary,Yes,,,2250,,,No,,,,,,,,,,,White,,,,FM radio
Icemobile,Icemobile Prime 3.5,https://www.gsmarena.com/icemobile_prime_3_5-6544.php,https://fdn2.gsmarena.com/vv/bigpic/icemobile-prime-35.jpg,GSM / HSPA,No,"2014, July. Released 2014, July",Discontinued,119.5 x 63.5 x 10.9 mm (4.70 x 2.5 x 0.43 in),,,,Dual SIM,TFT,,3.5,320x480,165,48.1,,Android 4.2.2 (Jelly Bean),Mediatek MT6572M (28 nm),28,Dual-core 1.2 GHz Cortex-A7,Mali-400,,,4,4,,2.0,1,,No,,No,LED flash,480p@30fps,,No,,,Wi-Fi 802.11 b/g,No,2.1,Micro-USB,Yes,GPS,Accelerometer,1200,,,No,,,,,,,,,,,"White, Black",,,,No
Icemobile,Icemobile Prime 4.0,https://www.gsmarena.com/icemobile_prime_4_0-6361.php,https://fdn2.gsmarena.com/vv/bigpic/icemobile-prime-4.jpg,GSM / HSPA,No,"2014, May. Released 2014, May",Discontinued,124 x 66 x 9.3 mm (4.88 x 2.60 x 0.37 in),,,,Dual SIM (Mini-SIM),IPS LCD,,3.97,480x800,235,54.8,,Android 4.2.2 (Jelly Bean),Mediatek MT6572M/W,,Dual-core Cortex-A7,Mali-400,,,4,4,,2.0,1,,No,,No,LED flash,Yes,,No,,,Wi-Fi 802.11 b/g/n,No,2.0,Micro-USB,Yes,GPS,Accelerometer,1550,,,No,,,,,,,,,,,"White, Black, Blue",,,,FM radio
Icemobile,Icemobile Apollo Touch 3G,https://www.gsmarena.com/icemobile_apollo_touch_3g-6106.php,https://fdn2.gsmarena.com/vv/bigpic/icemobile-apollo-touch-3g.jpg,GSM / HSPA,No,"2014, February. Released 2014, February",Discontinued,110.5 x 64.5 x 12.4 mm (4.35 x 2.54 x 0.49 in),100.0,,,Dual SIM (Mini-SIM),TFT,,3.5,320x480,165,51.2,,Android 4.0 (Ice Cream Sandwich),,,1.0 GHz Cortex-A9,,,,,,,2.0,1,,No,,No,LED flash,Yes,,No,,,"Wi-Fi 802.11 b/g/n, hotspot",No,2.1,Micro-USB,Yes,A-GPS only,Accelerometer,1200,,,No,,,,,,,,,,,"White, Black, Blue",,,,FM radio
Icemobile,Icemobile Apollo 3G,https://www.gsmarena.com/icemobile_apollo_3g-6105.php,https://fdn2.gsmarena.com/vv/bigpic/apollo-3g.jpg,GSM / HSPA,No,"2014, February. Released 2014, February",Discontinued,110.5 x 64.5 x 12.4 mm (4.35 x 2.54 x 0.49 in),100.0,,,Dual SIM (Mini-SIM),TFT,,2.6,480x320,222,28.2,,Android 4.2.2 (Jelly Bean),,,1.0 GHz Cortex-A9,,,,,,,2.0,1,,No,,No,LED flash,Yes,,No,,,Wi-Fi 802.11 b/g/n,No,2.0,Micro-USB,Yes,A-GPS only,Accelerometer,1200,,,No,,,,,,,,,,,"White, Black, Pink, Blue, Green, Red",,,,FM radio
Icemobile,Icemobile G7 Pro,https://www.gsmarena.com/icemobile_g7_pro-6076.php,https://fdn2.gsmarena.com/vv/bigpic/icemobile-g7-pro.jpg,GSM / HSPA,No,2014. Released 2014,Discontinued,197.6 x 122.3 x 10.7 mm (7.78 x 4.81 x 0.42 in),307.0,,,Micro-SIM,IPS LCD,,7.0,600x1024,170,57.1,,Android 4.2.2 (Jelly Bean),Mediatek MT6572W,,Dual-core 1.2 GHz Cortex-A7,Mali-400,,,4,4,,2.0,1,,No,,No,,Yes,,No,,,Wi-Fi 802.11 b/g/n,No,4.0,2.0,Yes,No,Accelerometer,2800,,,No,,,,,,,,,,,"Black, Red, White, Gray",,,,No
Icemobile,Icemobile G3,https://www.gsmarena.com/icemobile_g3-6075.php,https://fdn2.gsmarena.com/vv/bigpic/icemobile-g3.jpg,No cellular connectivity,No,2014. Released 2014,Discontinued,194 x 117 x 10 mm (7.64 x 4.61 x 0.39 in),300.0,,,No,TFT,,7.0,600x1024,170,60.8,,Android 4.2.2 (Jelly Bean),,,Dual-core 1.0 GHz Cotex-A7,,,,4,4,,1.3,1,,No,,No,LED flash,Yes,,No,,,Wi-Fi 802.11 b/g/n,No,3.0,"2.0, OTG",Yes,No,Accelerometer,2800,,,No,,,,,,,,,,,"Black, Red, White",,,,No
Icemobile,Icemobile Prime 4.5,https://www.gsmarena.com/icemobile_prime_4_5-6044.php,https://fdn2.gsmarena.com/vv/bigpic/icemobile-prime-45.jpg,GSM / HSPA,No,"2014, January. Released 2014, January",Discontinued,133.5 x 67 x 9.5 mm (5.26 x 2.64 x 0.37 in),,,,Dual SIM,IPS LCD,,4.46,540x960,247,61.3,,Android 4.2.2 (Jelly Bean),Mediatek MT6572AW,,Dual-core Cortex-A7,Mali-400,,,4,4,,2.0,1,,No,,No,LED flash,Yes,,No,,,Wi-Fi 802.11 b/g/n,No,2.1,Micro-USB,Yes,,,1550,,,No,,,,,,,,,,,"Black, White/Blue",,,,FM radio
Icemobile,Icemobile Charm II,https://www.gsmarena.com/icemobile_charm_ii-6043.php,https://fdn2.gsmarena.com/vv/bigpic/icemobile-charm2.jpg,GSM,No,"2014, January. Released 2014, January",Discontinued,100 x 48.9 x 17.4 mm (3.94 x 1.93 x 0.69 in),,,,Dual SIM,TFT,,2.0,220x176,141,25.7,,,,,,,,,,,,,1,,No,,No,,Yes,,No,,,No,No,2.0,miniUSB,Yes,No,,1000,,,No,,,,,,,,,,,"Black, Red, Sliver, Blue, Pink",,,,Stereo FM radio
Icemobile,Icemobile G10,https://www.gsmarena.com/icemobile_g10-5976.php,https://fdn2.gsmarena.com/vv/bigpic/icemobile-g10.jpg,GSM / HSPA,No,"2014, January. Released 2014, January",Discontinued,246 x 175 x 10.2 mm (9.69 x 6.89 x 0.40 in),,,,Micro-SIM,TFT,,10.1,800x1280,149,68.7,,Android 4.2 (Jelly Bean),Mediatek MT8389,,Quad-core 1.2 GHz Cortex-A7,PowerVR SGX544,,,,,,2.0,1,,No,,No,LED flash,Yes,,No,,,Wi-Fi 802.11 b/g/n,No,2.1,2.0,Yes,GPS,Accelerometer,6000,,,No,,,,,,,,,,,"White, Black",,,,FM radio
Icemobile,Icemobile Gravity Pro,https://www.gsmarena.com/icemobile_gravity_pro-5874.php,https://fdn2.gsmarena.com/vv/bigpic/icemobile-gravity-pro.jpg,GSM / HSPA,No,2013. Released 2013,Discontinued,139.7 x 76.4 x 17.6 mm (5.5 x 3.01 x 0.69 in),240.0,,IP67,Yes,IPS LCD,,4.02,480x854,244,41.7,,Android 4.0 (Ice Cream Sandwich),Mediatek MT6589 (28 nm),28,Quad-core 1.2 GHz Cortex-A7,PowerVR SGX544,1,1,4,4,,8.0,1,,No,,No,LED flash,Yes,1.3,No,,,"Wi-Fi 802.11 b/g/n, hotspot",No,4.1,Micro-USB,Yes,GPS,,2800,,,No,,,,,,,,,,,"Black, White, Orange",,,,FM radio
Icemobile,Icemobile Sol III,https://www.gsmarena.com/icemobile_sol_iii-5844.php,https://fdn2.gsmarena.com/vv/bigpic/icemobile-sol-3.jpg,GSM,No,"2013, November. Released 2013, November",Discontinued,128 x 68.7 x 10.2 mm (5.04 x 2.70 x 0.40 in),,,,"Dual SIM (Mini-SIM, dual stand-by)",TFT,,4.0,320x480,144,54.2,,,,,,,,,,,,,1,,No,,No,LED flash,,,No,,,Wi-Fi 802.11 b/g/n,No,,Proprietary,Yes,No,,1000,,,No,,,,,,,,,,,"Black, Red, White, Blue",,,,Stereo FM radio
Icemobile,Icemobile Hydro,https://www.gsmarena.com/icemobile_hydro-5838.php,https://fdn2.gsmarena.com/vv/bigpic/icemobile-hydro.jpg,GSM,No,2013. Released 2013,Discontinued,114 x 54 x 11.8 mm (4.49 x 2.13 x 0.46 in),85.0,,IP54,Yes,TFT,,2.0,144x176,114,20.5,,,,,,,,,,,,1.3,1,,No,,No,,Yes,,No,,,No,No,2.0,Micro-USB,No,No,,500,,,No,,,,,,,,,,,"Black, White, Blue",,,,FM radio
Icemobile,Icemobile Rock Bold,https://www.gsmarena.com/icemobile_rock_bold-5738.php,https://fdn2.gsmarena.com/vv/bigpic/icemobile-rock-bold.jpg,GSM,No,2013. Released 2013,Discontinued,103.2 x 45.2 x 14.5 mm (4.06 x 1.78 x 0.57 in),46.0,,,Dual SIM (Mini-SIM),TFT,,1.8,128x160,114,21.9,,,,,,,,,,,,1.3,1,,No,,No,,Yes,,No,,,No,No,,miniUSB (charging on,No,No,,700,,,No,,,,,,,,,,,"Black, White, Red, Blue",,,,Stereo FM radio
Icemobile,Icemobile G2,https://www.gsmarena.com/icemobile_g2-5607.php,https://fdn2.gsmarena.com/vv/bigpic/icemobile-g2.jpg,GSM,No,"2013, July. Released 2013, July",Discontinued,195 x 124 x 9.8 mm (7.68 x 4.88 x 0.39 in),450.0,,,Yes,TFT,,7.0,600x1024,170,57.0,,Android OS,,,,,,,,,,3.15,1,,No,,No,,Yes,,No,,,Wi-Fi 802.11 b/g,No,2.1,2.0,Yes,GPS,Accelerometer,2800,,,No,,,,,,,,,,,"White, Black",,,,No
Icemobile,Icemobile Gprime Extreme,https://www.gsmarena.com/icemobile_gprime_extreme-5538.php,https://fdn2.gsmarena.com/vv/bigpic/icemobile-gprime-extreme.jpg,GSM / HSPA,No,2013. Released 2013,Discontinued,143 x 72.8 x 10 mm (5.63 x 2.87 x 0.39 in),125.0,,,Dual SIM (Mini-SIM),TFT,,5.0,720x1280,294,66.2,,Android 4.2.1 (Jelly Bean),Mediatek MT6589 (28 nm),28,Quad-core 1.2 GHz Cortex-A7,PowerVR SGX544,,,,,,8.0,1,,No,,No,LED flash,Yes,2.0,No,,,"Wi-Fi 802.11 b/g/n, hotspot",No,2.1,Micro-USB,Yes,GPS,"Accelerometer, proximity",1600,,,No,,,,,,,,,,,"Black, White",,,,FM radio
Icemobile,Icemobile G7,https://www.gsmarena.com/icemobile_g7-5393.php,https://fdn2.gsmarena.com/vv/bigpic/icemobile-g7.jpg,GSM / HSPA,No,"2013, April. Released 2013, April",Discontinued,195 x 124 x 9.8 mm (7.68 x 4.88 x 0.39 in),450.0,,,Yes,TFT,,7.0,600x1024,170,57.0,,Android OS,,,,,,,,,,3.15,1,,No,,No,,Yes,,No,,,Wi-Fi 802.11 b/g,No,2.1,2.0,Yes,GPS,Accelerometer,2800,,,No,,,,,,,,,,,"White, Black",,,,No
Icemobile,Icemobile G5,https://www.gsmarena.com/icemobile_g5-5260.php,https://fdn2.gsmarena.com/vv/bigpic/icemobile-g51.jpg,GSM / HSPA,No,"2013, January. Released 2013, January",Discontinued,196.6 x 123.3 x 11.1 mm (7.74 x 4.85 x 0.44 in),345.0,,,Mini-SIM,TFT,,7.0,600x1024,,56.9,,Android 4.0 (Ice Cream Sandwich),Mediatek MT6575 (40 nm),40,1.0 GHz Cortex-A9,PowerVR SGX531,,,,,,2.0,1,,No,,No,,Yes,,No,,,Wi-Fi 802.11 b/g/n,No,,2.0,Yes,GPS,Accelerometer,3000,,,No,,,,,,,,,,,White/Black,,,,FM radio
Icemobile,Icemobile Tropical 3,https://www.gsmarena.com/icemobile_tropical_3-5116.php,https://fdn2.gsmarena.com/vv/bigpic/icemobile-tropical3.jpg,GSM,No,"2011, November. Released 2012, November",Discontinued,103 x 55 x 13.3 mm (4.06 x 2.17 x 0.52 in),,,,Dual SIM (Mini-SIM),TFT,,1.8,128x160,114,18.0,,,,,,,,,,,,,1,,No,,No,,,,No,,,No,No,,miniUSB,Yes,No,,800,,,No,,,,,,,,,,,"Black, Red, Blue, Silver, White",,,,Stereo FM radio
Icemobile,Icemobile Quattro,https://www.gsmarena.com/icemobile_quattro-5115.php,https://fdn2.gsmarena.com/vv/bigpic/icemobile-quattro.jpg,GSM,No,"2012, November. Released 2012, November",Discontinued,104 x 54 x 10.3 mm (4.09 x 2.13 x 0.41 in),,,,Dual SIM (Mini-SIM),TFT,,2.3,320x240,174,29.2,,,,,,,,,,,,,1,,No,,No,,,,No,,,No,No,,miniUSB,Yes,No,,1500,,,No,,,,,,,,,,,"White, Black, Silver, Blue, Red",,,,Stereo FM radio
Icemobile,Icemobile Prime Plus,https://www.gsmarena.com/icemobile_prime_plus-5101.php,https://fdn2.gsmarena.com/vv/bigpic/icemobile-galaxy-prime-plus.jpg,GSM / HSPA,No,"2012, October. Released 2012, October",Discontinued,141.6 x 76.1 x 10.5 mm (5.57 x 3.00 x 0.41 in),135.0,,,Dual SIM (Mini-SIM),TFT,,5.0,480x800,187,66.0,,Android 4.0 (Ice Cream Sandwich),Qualcomm MSM8225 Snapdragon S4 Play,,Dual-core 1.0 GHz Cortex-A5,Adreno 203,,,4,4,,5.0,1,,No,,No,LED flash,Yes,,No,,,"Wi-Fi 802.11 b/g/n, hotspot",No,4.0,Micro-USB,Yes,GPS,"Accelerometer, proximity",2150,,,No,,,,,,,,,,,"Black, White",,,,No
Icemobile,Icemobile Submarine,https://www.gsmarena.com/icemobile_submarine-5076.php,https://fdn2.gsmarena.com/vv/bigpic/icemobile-submarine.jpg,GSM,No,"2012, October. Released 2012, October",Discontinued,119 x 53 x 20 mm (4.69 x 2.09 x 0.79 in),135.0,,,Dual SIM (Mini-SIM),TFT,,2.0,176x144,114,20.1,,,,,,,,,,,,1.3,1,,No,,No,,Yes,,No,,,Wi-Fi 802.11 b/g/n,No,,1.1,Yes,No,,1800,,,No,,,,,,,,,,,"Black, Orange, Gray",,,,FM radio
Icemobile,Icemobile Charm,https://www.gsmarena.com/icemobile_charm-5075.php,https://fdn2.gsmarena.com/vv/bigpic/icemobile-charm.jpg,GSM,No,"2012, October. Released 2012, October",Discontinued,92 x 43.5 x 20.8 mm (3.62 x 1.71 x 0.82 in),,,,Dual SIM (Mini-SIM),TFT,,1.8,128x160,114,25.5,,,,,,,,,,,,,1,,No,,No,,No,,No,,,No,No,,miniUSB (charging on,No,No,,800,,,No,,,,,,,,,,,"Black, Red, Silver, Blue, Pink",,,,Stereo FM radio
Icemobile,Icemobile Apollo Touch,https://www.gsmarena.com/icemobile_apollo_touch-5074.php,https://fdn2.gsmarena.com/vv/bigpic/icemobile-apollo-touch.jpg,GSM,No,"2012, October. Released 2012, October",Discontinued,-,,,,Dual SIM (Mini-SIM),TFT,,3.5,320x480,165,,,Android 2.3.6 (Gingerbread),Mediatek MT6515,,1.0 GHz Cortex-A9,PowerVR SGX531,,,,,,2.0,1,,No,,No,,Yes,,No,,,Wi-Fi 802.11 b/g/n,No,,Micro-USB,Yes,No,Accelerometer,1200,,,No,,,,,,,,,,,"White, Black, Pink, Blue, Green, Red, Yellow",,,,FM radio
Icemobile,Icemobile Apollo,https://www.gsmarena.com/icemobile_apollo-5073.php,https://fdn2.gsmarena.com/vv/bigpic/icemobile-apollo.jpg,GSM,No,"2012, October. Released 2012, October",Discontinued,-,,,,Dual SIM (Mini-SIM),TFT,,2.6,480x320,222,,,Android 2.3.6 (Gingerbread),Mediatek MT6515,,1.0 GHz Cortex-A9,PowerVR SGX531,,,,,,2.0,1,,No,,No,,Yes,,No,,,Wi-Fi 802.11 b/g/n,No,,Micro-USB,Yes,No,Accelerometer,1200,,,No,,,,,,,,,,,"White, Black, Pink, Blue, Green, Red",,,,FM radio
Icemobile,Icemobile Sol II,https://www.gsmarena.com/icemobile_sol_ii-4990.php,https://fdn2.gsmarena.com/vv/bigpic/icemobile-sol2.jpg,GSM,No,"2012, August. Released 2012, August",Discontinued,101 x 55.6 x 12.6 mm (3.98 x 2.19 x 0.50 in),65.0,,,Dual SIM (Mini-SIM),"TFT resistive touchscreen, 65K colors",,2.8,240x320,143,43.2,,,,,,,,,,,,1.3,1,,No,,No,,Yes,,No,,,No,,,miniUSB (charging on,Yes,No,,1000,,,No,,,,,,,,,,,"Black, Red, Pink, White, Blue",,,,Stereo FM radio
Icemobile,Icemobile Diamond Dust,https://www.gsmarena.com/icemobile_diamond_dust-4904.php,https://fdn2.gsmarena.com/vv/bigpic/icemobile-diamond-dust.jpg,GSM,No,"2012, August. Released 2012, August",Discontinued,115 x 61 x 12.8 mm (4.53 x 2.40 x 0.50 in),,,,Dual SIM (Mini-SIM),TFT,,2.2,176x144,103,21.8,,,Mediatek MT6252C,,,,,,,,,,1,,No,,No,,Yes,,No,,,Wi-Fi 802.11 b/g/n,,2.0,Proprietary,Yes,No,,950,,,No,,,,,,,,,,,"White, Black, Pink, Blue, Violet",,,,FM radio
Icemobile,Icemobile Blizzard,https://www.gsmarena.com/icemobile_blizzard-4741.php,https://fdn2.gsmarena.com/vv/bigpic/icemobile-blizzard.jpg,GSM,No,"2012, May",Discontinued,106.3 x 46 x 13.5 mm (4.19 x 1.81 x 0.53 in),,,,"Dual SIM (Mini-SIM, dual stand-by)",TFT,,2.0,176x220,,25.7,,,,,,,,,,,,,1,,No,,No,,Yes,,No,,,No,,2.0,Micro-USB,No,No,,1000,,,No,,,,,,,,,,,"Black, Silver, Red, Blue, Pink",,,,FM radio
Icemobile,Icemobile Rock Lite,https://www.gsmarena.com/icemobile_rock_lite-4740.php,https://fdn2.gsmarena.com/vv/bigpic/icemobile-rock-lite.jpg,GSM,No,"2012, May",Discontinued,108 x 47 x 13.9 mm (4.25 x 1.85 x 0.55 in),51.0,,,Dual SIM (Mini-SIM),TFT,,1.8,128x160,114,20.1,,,,,,,,,,,,,,,No,,No,,,,No,,,No,,,miniUSB (charging on,No,No,,700,,,No,,,,,,,,,,,"Black, Red, White, Red, Silver",,,,Stereo FM radio
Icemobile,Icemobile Cenior,https://www.gsmarena.com/icemobile_cenior-4742.php,https://fdn2.gsmarena.com/vv/bigpic/icemobile-cenior.jpg,GSM,No,"2012, May",Discontinued,110 x 46 x 16 mm (4.33 x 1.81 x 0.63 in),,,,Dual SIM (Mini-SIM),TFT,,1.8,128x160,,20.2,,,,,,,,,,,,,1,,No,,No,,Yes,,No,,,No,,2.0,Micro-USB,No,No,,1200,,,No,,,,,,,,,,,"Black, Brown, Red",,,,FM radio
Icemobile,Icemobile Acqua,https://www.gsmarena.com/icemobile_acqua-4716.php,https://fdn2.gsmarena.com/vv/bigpic/icemobile-acqua.jpg,GSM,No,"2012, April. Released 2012, September",Discontinued,120 x 54 x 23 mm (4.72 x 2.13 x 0.91 in),168.0,,IP68,Mini-SIM,TFT,,1.77,128x160,116,15.2,,,,,,,,,2,2,,1.3,1,,No,,No,,Yes,,No,,,No,,,1.1,No,No,,3600,,,No,,,,,,,,,,,"Black, Orange, Green",,,,FM radio (external)
Icemobile,Icemobile Prime,https://www.gsmarena.com/icemobile_prime-4715.php,https://fdn2.gsmarena.com/vv/bigpic/icemobile-galaxy-prime.jpg,GSM / HSPA,No,2012,Discontinued,-,,,,Dual SIM (Mini-SIM),TFT,,5.2,480x800,179,,,Android 2.3 (Gingerbread),Mediatek MT6573 (65 nm),65,650 MHz Cortex-A9,PowerVR SGX531,,,,,,5.0,1,,No,,No,LED flash,Yes,,No,,,"Wi-Fi 802.11 b/g, hotspot",,2.0,Micro-USB,Yes,"GPS, A-GPS","Accelerometer, gyro, proximity, compass",2200,,,No,,,,,,,,,,,"Black, White",,,,Stereo FM radio
Icemobile,Icemobile Rock Mini,https://www.gsmarena.com/icemobile_rock_mini-4651.php,https://fdn2.gsmarena.com/vv/bigpic/icemobile-rock-mini.jpg,GSM,No,"2012, March",Discontinued,103.2 x 45.2 x 14.5 mm (4.06 x 1.78 x 0.57 in),46.0,,,Dual SIM (Mini-SIM),TFT,,1.8,128x160,114,21.9,,,,,,,,,,,,1.3,1,,No,,No,,Yes,,No,,,No,,,miniUSB (charging on,No,No,,700,,,No,,,,,,,,,,,"Black, White, Red, Silver",,,,Stereo FM radio
Icemobile,Icemobile Twilight II,https://www.gsmarena.com/icemobile_twilight_ii-4639.php,https://fdn2.gsmarena.com/vv/bigpic/icemobile-twilight2.jpg,GSM,No,2012,Discontinued,100 x 51.2 x 17.6 mm (3.94 x 2.02 x 0.69 in),100.0,,,Dual SIM (Mini-SIM),TFT,,2.4,240x320,167,34.8,,,,,,,,,,,,2.0,1,,No,,No,,Yes,,No,,,No,,2.0,miniUSB,No,No,,700,,,No,,,,,,,,,,,"Black, Red, White",,,,Stereo FM radio
Icemobile,Icemobile Fuego,https://www.gsmarena.com/icemobile_fuego-4449.php,https://fdn2.gsmarena.com/vv/bigpic/icemobile-fuego.jpg,GSM,No,"2012, January. Released 2012, January",Discontinued,88.5 x 57.6 x 17.5 mm (3.48 x 2.27 x 0.69 in),90.0,,,Dual SIM (Mini-SIM),TFT,,2.0,220x176,141,24.7,,,,,,,,,,,,1.3,1,,No,,No,,Yes,,No,,,No,,,miniUSB (charging on,,No,,950,,,No,,,,,,,,,,,"Black, Red, White",,,,Stereo FM radio
Icemobile,Icemobile Hurricane II,https://www.gsmarena.com/icemobile_hurricane_ii-4367.php,https://fdn2.gsmarena.com/vv/bigpic/icemobile-hurricane-ii.jpg,GSM,No,"2011, December. Released 2011, December",Discontinued,111.5 x 60 x 12.8 mm (4.39 x 2.36 x 0.50 in),90.0,,,"Dual SIM (Mini-SIM, dual stand-by)",TFT,,2.2,240x320,,22.4,,,,,,,,,,,,,1,,No,,No,,Yes,,No,,,Wi-Fi 802.11 b/g/n,,,Proprietary,,No,,1050,,,No,,,,,,,,,,,"Black, White, Gold, Blue",,,,FM radio
Icemobile,Icemobile Sol,https://www.gsmarena.com/icemobile_sol-4299.php,https://fdn2.gsmarena.com/vv/bigpic/icemobile-sol.jpg,GSM,No,"2011, October. Released Exp. release 2012, Q1",Discontinued,96.2 x 52 x 13.2 mm (3.79 x 2.05 x 0.52 in),59.0,,,Dual SIM (Mini-SIM),"TFT resistive touchscreen, 65K colors",,2.4,240x320,167,35.7,,,,,,,,,,,,,1,,No,,No,,,,No,,,No,,,miniUSB (charging on,Yes,No,,850,,,No,,,,,,,,,,,"Red, Pink, White, Blue",,,,Stereo FM radio
Icemobile,Icemobile Twister,https://www.gsmarena.com/icemobile_twister-4298.php,https://fdn2.gsmarena.com/vv/bigpic/icemobile-twister.jpg,GSM / HSPA,No,"2011, October. Released Exp. release 2012, Q1",Discontinued,111.3 x 50 x 13 mm (4.38 x 1.97 x 0.51 in),90.0,,,Dual SIM (Mini-SIM),"TFT, 65K colors",,2.4,240x320,167,32.1,,,,,,,,,,,,2.0,1,,No,,No,,Yes,,No,,,No,,,miniUSB (charging on,Yes,No,,1000,,,No,,,,,,,,,,,"Black, Blue, White, Pink",,,,Stereo FM radio
Icemobile,Icemobile Wave,https://www.gsmarena.com/icemobile_wave-4297.php,https://fdn2.gsmarena.com/vv/bigpic/icemobile-wave.jpg,GSM,No,"2011, October. Released 2011, October",Discontinued,111 x 50 x 14.3 mm (4.37 x 1.97 x 0.56 in),86.0,,,Dual SIM (Mini-SIM),"TFT, 65K colors",,2.2,240x320,182,27.0,,,,,,,,,,,,,1,,No,,No,,Yes,,No,,,No,,,miniUSB (charging on,Yes,No,,800,,,No,,,,,,,,,,,"Black/Red, Blue/White, Black/Silver, Black",,,,Stereo FM radio
Icemobile,Icemobile Tornado II,https://www.gsmarena.com/icemobile_tornado_ii-4215.php,https://fdn2.gsmarena.com/vv/bigpic/icemobile-tornado-ii.jpg,GSM,No,"2011, September. Released 2011, October",Discontinued,107 x 45.4 x 13.8 mm (4.21 x 1.79 x 0.54 in),101.0,,,Dual SIM (Mini-SIM),"TFT, 65K colors",,2.2,320x240,182,30.9,,,,,,,,,,,,,1,,No,,No,,Yes,,No,,,Wi-Fi 802.11 b/g/n,,,miniUSB (charging on,Yes,No,,1050,,,No,,,,,,,,,,,"Black, Red, Orange, Blue, Silver",,,,Stereo FM radio
Icemobile,Icemobile Storm,https://www.gsmarena.com/icemobile_storm-4193.php,https://fdn2.gsmarena.com/vv/bigpic/icemobile-storm.jpg,GSM,No,"2011, August. Released 2011, September",Discontinued,106.5 x 59 x 14.6 mm (4.19 x 2.32 x 0.57 in),,,,Triple SIM (Mini-SIM),"TFT, 26K colors",,2.0,220x176,141,20.0,,,,,,,,,,,,,1,,No,,No,LED flash,Yes,,No,,,No,,,miniUSB (charging on,Yes,No,,1000,,,No,,,,,,,,,,,"Purple, Black, Red, Rose, Coffee, Blue, Yellow",,,,Stereo FM radio
Icemobile,Icemobile Clima II,https://www.gsmarena.com/icemobile_clima_ii-4300.php,https://fdn2.gsmarena.com/vv/bigpic/icemobile-clima-ii.jpg,GSM,No,"2011, May. Released 2011, December",Discontinued,108.6 x 60 x 12.5 mm (4.28 x 2.36 x 0.49 in),106.0,,,Dual SIM (Mini-SIM),"TFT resistive touchscreen, 65K colors",,2.4,640x320,298,22.8,,Android 2.2 (Froyo),Mediatek MT6516,,416 MHz,,,,,,,2.0,1,,No,,No,,Yes,,No,,,Wi-Fi 802.11 b/g/n,,,miniUSB (charging on,Yes,No,,1000,,,No,,,70.0,,,,,,,,"Black, Blue, White",,,,Stereo FM radio
Icemobile,Icemobile Flurry II,https://www.gsmarena.com/icemobile_flurry_ii-4192.php,https://fdn2.gsmarena.com/vv/bigpic/icemobile-flurryII.jpg,GSM,No,"2011, August. Released 2011, September",Discontinued,98 x 53 x 13.5 mm (3.86 x 2.09 x 0.53 in),,,,"Dual SIM (Mini-SIM, dual stand-by)",TFT,,2.0,220x176,141,24.2,,,,,,,,,,,,,1,,No,,No,,Yes,,No,,,No,,,miniUSB (charging on,No,No,,800,,,No,,,,,,,,,,,"Black, Red, Blue, Pink, White",,,,Stereo FM radio
Icemobile,Icemobile Shine,https://www.gsmarena.com/icemobile_shine-4035.php,https://fdn2.gsmarena.com/vv/bigpic/icemobile-shine.jpg,GSM / HSPA,No,"2011, June. Released 2011, July",Discontinued,112 x 58 x 13.5 mm (4.41 x 2.28 x 0.53 in),126.0,,,Mini-SIM,"TFT, 65K colors",,3.2,320x480,180,46.9,,Android 2.2 (Froyo),,,,,,,,,,2.0,1,,No,,No,,Yes,,No,,,Wi-Fi 802.11 b/g,No,2.1,Micro-USB,Yes,"GPS, A-GPS","Accelerometer, compass",,,,No,,,,,,,,,,,"White, Black, Red",,,,FM radio
Icemobile,Icemobile Crystal,https://www.gsmarena.com/icemobile_crystal-3979.php,https://fdn2.gsmarena.com/vv/bigpic/icemobile-crystal.jpg,GSM,No,"2011, February. Released 2011, Q2",Discontinued,111.5 x 56.2 x 13.1 mm (4.39 x 2.21 x 0.52 in),,,,"Dual SIM (Mini-SIM, dual stand-by)","TFT, 65K colors",,3.5,240x400,133,55.6,,Android 2.2 (Froyo),Mediatek MT6516,,416 MHz,,,,,,,1.3,1,,No,,No,LED flash,Yes,,No,,,Wi-Fi 802.11,,,Micro-USB,Yes,"GPS, A-GPS",Accelerometer,1050,,,No,,,,,,,,,,,"Black, White",,,,Stereo FM radio
Icemobile,Icemobile Comet II,https://www.gsmarena.com/icemobile_comet_ii-3975.php,https://fdn2.gsmarena.com/vv/bigpic/icemobile-cometII.jpg,GSM,No,"2011, June",Discontinued,111.5 x 60 x 12.8 mm (4.39 x 2.36 x 0.50 in),90.0,,,"Dual SIM (Mini-SIM, dual stand-by)","TFT, 65K colors",,2.2,220x176,128,22.8,,,,,,,,,,,,,1,,No,,No,,,,No,,,Wi-Fi 802.11 b/g/n,,,miniUSB (charging on,Yes,No,,1050,,,No,,,,,,,,,,,"Black, Pink, Brown",,,,Stereo FM radio
Icemobile,Icemobile Viento II,https://www.gsmarena.com/icemobile_viento_ii-3978.php,https://fdn2.gsmarena.com/vv/bigpic/icemobile-viento-II.jpg,GSM,No,"2011, June",Discontinued,100 x 55 x 13.5 mm (3.94 x 2.17 x 0.53 in),,,,"Dual SIM (Mini-SIM, dual stand-by)","TFT, 65K colors",,2.0,220x176,141,22.9,,,,,,,,,,,,,1,,No,,No,,,,No,,,No,,2.0,miniUSB (charging on,Yes,No,,800,,,No,,,,,,,,,,,"Purple, Black, Red",,,,Stereo FM radio
Icemobile,Icemobile Rock,https://www.gsmarena.com/icemobile_rock-3976.php,https://fdn2.gsmarena.com/vv/bigpic/icemobile-rock.jpg,GSM,No,"2011, June. Released 2011, July",Discontinued,109.7 x 46.6 x 15 mm (4.32 x 1.83 x 0.59 in),,,,"Dual SIM (Mini-SIM, dual stand-by)","TFT, 65K colors",,1.77,128x160,116,19.3,,,,,,,,,,,,,1,,No,,No,,,,No,,,No,,,miniUSB (charging on,No,No,,800,,,No,,,,,,,,,,,"Purple, Blue, Black, Red, Yellow",,,,Stereo FM radio
Icemobile,Icemobile Tropical,https://www.gsmarena.com/icemobile_tropical-3985.php,https://fdn2.gsmarena.com/vv/bigpic/icemobile-tropical-1.jpg,GSM,No,"2011, May",Discontinued,108.5 x 57 x 13.5 mm (4.27 x 2.24 x 0.53 in),81.0,,,"Dual SIM (Mini-SIM, dual stand-by)","TFT, 65K colors",,1.8,160x128,114,16.5,,,,,,,,,,,,,1,,No,,No,,Yes,,No,,,No,,,miniUSB (charging on,Yes,No,,800,,,No,,,,,,,,,,,"Black/Red, White/Black, Pink/Black",,,,Stereo FM radio
Icemobile,Icemobile Tropical II,https://www.gsmarena.com/icemobile_tropical_ii-3977.php,https://fdn2.gsmarena.com/vv/bigpic/icemobile-tropical-ii-new.jpg,GSM,No,"2011, May",Discontinued,99 x 55.5 x 12.9 mm (3.90 x 2.19 x 0.51 in),,,,"Dual SIM (Mini-SIM, dual stand-by)","TFT, 65K colors",,1.8,160x128,114,18.6,,,,,,,,,,,,,1,,No,,No,,,,No,,,No,,,miniUSB (charging on,Yes,No,,800,,,No,,,,,,,,,,,"Purple, Black, Red",,,,Stereo FM radio
Icemobile,Icemobile Rainbow II,https://www.gsmarena.com/icemobile_rainbow_ii-3971.php,https://fdn2.gsmarena.com/vv/bigpic/icemobile-rainbow2.jpg,GSM,No,"2011, April. Released 2011, April",Discontinued,109 x 47 x 14.1 mm (4.29 x 1.85 x 0.56 in),78.0,,,"Dual SIM (Mini-SIM, dual stand-by)","TFT, 65K colors",,1.8,120x160,111,19.6,,,,,,,,,,,,0.3,1,,No,,No,,Yes,,No,,,No,,,Proprietary,No,No,,,,,No,,,,,,,,,,,"Black, Blue, Red, Purple, Yellow",,,,Stereo FM radio
Icemobile,Icemobile Rainbow,https://www.gsmarena.com/icemobile_rainbow-3989.php,https://fdn2.gsmarena.com/vv/bigpic/icemobile-rainbow.jpg,GSM,No,2011. Released 2011,Discontinued,109.7 x 57 x 15 mm (4.32 x 2.24 x 0.59 in),80.0,,,"Dual SIM (Mini-SIM, dual stand-by)","TFT, 65K colors",,1.8,120x160,111,16.0,,,,,,,,,,,,0.3,1,,No,,No,,No,,No,,,No,,,No,No,No,,580,,,No,,,,,,,,,,,"Black, Blue, Red, Pink, White",,,,FM radio
Icemobile,Icemobile Twilight,https://www.gsmarena.com/icemobile_twilight-4194.php,https://fdn2.gsmarena.com/vv/bigpic/icemobile-twilight.jpg,GSM,No,"2010, December. Released 2010, October",Discontinued,88 x 59 x 14 mm (3.46 x 2.32 x 0.55 in),103.0,,,Dual SIM (Mini-SIM),TFT,,1.8,240x320,222,19.3,,,,,,,,,,,,0.3,1,,No,,No,,Yes,,No,,,Wi-Fi 802.11 b/g/n,,,No,No,No,,650,,,No,,,,,,,,,,,"Black, White, Red",,,,FM radio
Itel,itel A100 Pro,https://www.gsmarena.com/itel_a100_pro-14678.php,https://fdn2.gsmarena.com/vv/bigpic/itel-a100-pro.jpg,GSM / HSPA / LTE,No,"2026, May 20","Available. Released 2026, May 20",8.5 mm thickness,,,,Nano-SIM + Nano-SIM,"IPS LCD, 90Hz, 400 nits",90,6.56,720x1612,269,,,"Android 15 (Go edition), itel OS 15",Unisoc T7100,,Octa-core 1.8 GHz,PowerVR GE8322,3,4,64,64,,8.0,1,,No,,No,LED flash,1080p@30fps,5.0,No,,Yes,"Wi-Fi 802.11 a/b/g/n/ac, dual-band",No,5.0,Type-C,Yes,GPS,"Fingerprint (side-mounted), accelerometer",5000,10,,No,,,80.0,,,,,,,,"Comet Orange, Natural Black, Cloud White",,,,Unspecified
Itel,itel Zeno 100,https://www.gsmarena.com/itel_zeno_100-14533.php,https://fdn2.gsmarena.com/vv/bigpic/itel-a100c.jpg,GSM / HSPA / LTE,No,"2026, March 06","Available. Released 2026, March 06",8.5 mm thickness,,,,Nano-SIM + Nano-SIM,"IPS LCD, 90Hz, 480 nits",90,6.6,720x1612,267,,,"Android 15 (Go edition), itel OS 15",Unisoc T7100,,Octa-core 1.8 GHz,PowerVR GE8322,3,4,64,64,,8.0,1,,No,,No,LED flash,1080p@30fps,5.0,No,,Yes,"Wi-Fi 802.11 a/b/g/n/ac, dual-band",No,5.0,Type-C,Yes,GPS,"Fingerprint (side-mounted), accelerometer",5000,10,,No,,,60.0,,,,,,,,"Pure Black, Titanium Gold, Silk Green",,,,Unspecified
Itel,itel A200+,https://www.gsmarena.com/itel_a200+-14477.php,https://fdn2.gsmarena.com/vv/bigpic/itel-a200-plus.jpg,GSM / HSPA / LTE,No,"2026, February","Available. Released 2026, February",8.3 mm thickness,,,IP65,Nano-SIM + Nano-SIM,"IPS LCD, 120Hz",120,6.75,720x1600,260,,,"Android 15 (Go edition), itel OS 15.1",Unisoc T7250 (12 nm),12,Octa-core (2x1.8 GHz Cortex-A75 & 6x1.6 GHz Cortex-A55),Mali-G57 MP1,3,4,64,128,,13.0,1,,No,,No,LED flash,1080p@30fps,5.0,No,,Yes,Yes,No,,Type-C,Yes,GPS,Unspecified,6000,18,,No,,,,,,,,,,,"Comet Orange, Nightly Blue, Meteor Titanium, Aura White",,,,Unspecified
Itel,itel A200,https://www.gsmarena.com/itel_a200-14478.php,https://fdn2.gsmarena.com/vv/bigpic/itel-a200.jpg,GSM / HSPA / LTE,No,"2026, February","Available. Released 2026, February",8.3 mm thickness,,,IP65,Nano-SIM + Nano-SIM,"IPS LCD, 120Hz",120,6.75,720x1600,260,,,"Android 15 (Go edition), itel OS 15.1",Unisoc T7250 (12 nm),12,Octa-core (2x1.8 GHz Cortex-A75 & 6x1.6 GHz Cortex-A55),Mali-G57 MP1,3,4,64,128,,13.0,1,,No,,No,LED flash,1080p@30fps,5.0,No,,Yes,Yes,No,,Type-C,Yes,GPS,Unspecified,5000,15,,No,,,,,,,,,,,"Comet Orange, Nightly Blue, Meteor Titanium, Nebula Green",,,,Unspecified
Itel,itel City 200,https://www.gsmarena.com/itel_city_200-14479.php,https://fdn2.gsmarena.com/vv/bigpic/itel-city-200-.jpg,GSM / HSPA / LTE,No,"2026, February","Available. Released 2026, February",167.6 x 78.6 x 7.5 mm (6.60 x 3.09 x 0.30 in),,,IP65,Nano-SIM + Nano-SIM,"IPS LCD, 120Hz, 700 nits (HBM)",120,6.78,720x1576,256,85.1,,Android 15,Unisoc T7250 (12 nm),12,Octa-core (2x1.8 GHz Cortex-A75 & 6x1.6 GHz Cortex-A55),Mali-G57 MP1,4,6,128,256,,50.0,1,,No,,No,"LED flash, HDR, panorama",Yes,8.0,No,,Yes,Yes,No,,Type-C,Yes,GPS,"Fingerprint (side-mounted), accelerometer",5200,18,,No,,,,,,,,,,,"Bass Black, Echo Silver, Vibe Purple, Melody Pink",,,,Unspecified
Itel,itel Zeno 20 Max,https://www.gsmarena.com/itel_zeno_20_max-14374.php,https://fdn2.gsmarena.com/vv/bigpic/itel-zeno-20-max.jpg,GSM / HSPA / LTE,No,"2025, December 21","Available. Released 2025, December 21",-,,,IP54,Nano-SIM + Nano-SIM,"IPS LCD, 90Hz, 480 nits (typ), 1500 nits (peak)",90,6.6,720x1612,267,,,"Android 14 (Go edition), itel OS 14",Unisoc T7100,,Octa-core 1.8 GHz,PowerVR GE8322,3,4,64,64,,13.0,1,,No,,No,"LED flash, HDR, panorama",1080p@30fps,5.0,No,,Yes,Yes,No,,Type-C,Yes,GPS,"Fingerprint (side-mounted), accelerometer",5000,15,,No,,,60.0,,,,,,,,"Starlit Black, Space Titanium, Aurora Blue",,0.82 W/kg (head) 0.46 W/kg (body),,Unspecified
Itel,itel VistaTab 10 mini,https://www.gsmarena.com/itel_vistatab_10_mini-14355.php,https://fdn2.gsmarena.com/vv/bigpic/itel-vistatab-10-mini.jpg,No cellular connectivity,No,"2025, September 19","Available. Released 2025, September",9.6 mm thickness,,,,No,"IPS LCD, 400 nits",,8.0,800x1280,189,,,Android 14 (Go edition),Mediatek MT8768 (12 nm),12,Octa-core,,3,3,64,64,,5.0,1,,No,,No,LED flash,Yes,5.0,No,,Yes,Yes,No,,Type-C,Yes,No,,5100,10,,No,,,,,,,,,,,Gray,,,,Unspecified
Itel,itel VistaTab 30GT,https://www.gsmarena.com/itel_vistatab_30gt-14352.php,https://fdn2.gsmarena.com/vv/bigpic/itel-vistatab-30gt.jpg,GSM / HSPA / LTE,No,"2025, September 19","Available. Released 2025, September",7 mm thickness,,,,Nano-SIM + Nano-SIM,"IPS LCD, 90Hz, 450 nits",90,11.0,1200x1920,206,,,Android 15,Mediatek Helio G99 Ultimate (6 nm),6,Octa-core (2x2.2 GHz Cortex-A76 & 6x2.0 GHz Cortex-A55),Mali-G57 MC2,4,6,128,128,,8.0,1,,No,,No,LED flash,1080p@30fps,8.0,No,,Yes,Yes,No,,Type-C,No,Unspecified,Accelerometer,7000,18,,No,,,120.0,,,,,,,,Gray,,,,Unspecified
Itel,itel VistaTab 30 Pro,https://www.gsmarena.com/itel_vistatab_30_pro-14350.php,https://fdn2.gsmarena.com/vv/bigpic/itel-vistatab-30-pro.jpg,GSM / HSPA / LTE,No,"2025, March 05","Available. Released 2025, March 05",7 mm thickness,689.3,,,Nano-SIM + Nano-SIM,"IPS LCD, 450 nits",,13.2,1200x1920,172,,,Android 14,Mediatek Helio G99 Ultimate (6 nm),6,Octa-core (2x2.2 GHz Cortex-A76 & 6x2.0 GHz Cortex-A55),Mali-G57 MC2,8,8,256,256,,13.0,1,,No,,No,LED flash,1080p@30fps,8.0,No,,Yes,"Wi-Fi 802.11 a/b/g/n/ac, dual-band",No,5.2,Type-C,No,Unspecified,Accelerometer,10000,18,,No,,,220.0,,,,,,,,Gray,,,,Unspecified
Itel,itel TS Pro,https://www.gsmarena.com/itel_ts_pro-14223.php,https://fdn2.gsmarena.com/vv/bigpic/itel-ts-pro.jpg,GSM / HSPA / LTE,No,"2025, October","Available. Released 2025, October",165 x 76.7 x 9 mm (6.50 x 3.02 x 0.35 in),188.0,Glass,,Dual SIM,IPS LCD,,6.52,720x1600,269,81.1,,Android 14,Unisoc T603,,Octa-core,,4,4,64,64,,8.0,1,,No,,No,LED flash,Yes,5.0,No,,Yes,Yes,No,,Type-C,Yes,GPS,Fingerprint (side-mounted); unspecified sensors,4000,10,,No,,,50.0,,,,,,,,Black,V651L,,,Unspecified
Itel,itel A100C,https://www.gsmarena.com/itel_a100c-14212.php,https://fdn2.gsmarena.com/vv/bigpic/itel-a100c.jpg,GSM / HSPA / LTE,No,"2025, October 06","Available. Released 2025, October",8.5 mm thickness,,,,Nano-SIM + Nano-SIM,"IPS LCD, 90Hz, 400 nits",90,6.6,720x1612,267,,,"Android 15 (Go edition), itel OS 15",Unisoc T7100,,Octa-core 1.8 GHz,PowerVR GE8322,2,4,64,128,,8.0,1,,No,,No,LED flash,1080p@30fps,5.0,No,,Yes,Yes,No,,Type-C,Yes,GPS,"Fingerprint (side-mounted), accelerometer",5000,,,No,,,,,,,,,,,"Pure Black, Titanium Gold, Blaze Blue, Silk Green",,,,Unspecified
Itel,itel A100,https://www.gsmarena.com/itel_a100-14211.php,https://fdn2.gsmarena.com/vv/bigpic/itel-a100.jpg,GSM / HSPA / LTE,No,"2025, September 25","Available. Released 2025, October",8.1 mm thickness,,,IP65,Nano-SIM + Nano-SIM,"IPS LCD, 90Hz, 700 nits",90,6.75,720x1600,260,,,"Android 15 (Go edition), itel OS 15",Unisoc T7250 (12 nm),12,Octa-core (2x1.8 GHz Cortex-A75 & 6x1.6 GHz Cortex-A55),Mali-G57 MP1,3,8,128,128,,8.0,1,,No,,No,LED flash,1080p@30fps,8.0,No,,Yes,Yes,No,,Type-C,Yes,GPS,"Fingerprint (side-mounted), accelerometer",5000,15,,No,,,,,,,,,,,"Fresh Green, Star Titanium, Shadow Titanium",,,,Unspecified
Itel,itel A95,https://www.gsmarena.com/itel_a95_5g-14210.php,https://fdn2.gsmarena.com/vv/bigpic/itel-a95-5g.jpg,GSM / HSPA / LTE / 5G,Yes,"2025, April 17","Available. Released 2025, April",-,,,IP54,Nano-SIM + Nano-SIM,"IPS LCD, 120Hz",120,6.67,720x1612,265,,Panda Glass,"Android 14, itel OS 14",Mediatek Dimensity 6300 (6 nm),6,Octa-core (2x2.4 GHz Cortex-A76 & 6x2.0 GHz Cortex-A55),Mali-G57 MC2,4,6,128,128,UFS 2.2,50.0,1,1.6,No,,No,"LED flash, HDR, panorama","1440p@30fps, 1080p@30fps",8.0,No,,Yes,"Wi-Fi 802.11 a/b/g/n/ac, dual-band",No,,Type-C,Yes,GPS,"Fingerprint (side-mounted), accelerometer",5000,18,,No,,,100.0,,,,,,,,"Calx Titanium, Black, Green",,1.12 W/kg (head) 0.79 W/kg (body),,Unspecified
Itel,itel A90 Limited,https://www.gsmarena.com/itel_a90_limited-14209.php,https://fdn2.gsmarena.com/vv/bigpic/itel-a90-limited.jpg,GSM / HSPA / LTE,No,"2025, September 02","Available. Released 2025, October",-,,,IP54,Nano-SIM + Nano-SIM,"IPS LCD, 90Hz, 480 nits (typ), 1500 nits (peak)",90,6.6,720x1612,267,,,"Android 14 (Go edition), itel OS 14",Unisoc T7100,,Octa-core 1.8 GHz,PowerVR GE8322,4,4,64,128,,13.0,1,,No,,No,"LED flash, HDR, panorama",1080p@30fps,5.0,No,,Yes,Yes,No,,Type-C,Yes,GPS,"Fingerprint (side-mounted), accelerometer",5000,15,,No,,,60.0,,,,,,,,"Starlit Black, Space Titanium, Aurora Blue",,0.82 W/kg (head) 0.46 W/kg (body),,Unspecified
Itel,itel Super 26 Ultra,https://www.gsmarena.com/itel_super_26_ultra-14128.php,https://fdn2.gsmarena.com/vv/bigpic/itel-super-26-ultra.jpg,GSM / HSPA / LTE,No,"2025, September 05","Available. Released 2025, September 15",6.8 mm thickness,168.0,,IP65,Nano-SIM + Nano-SIM,"AMOLED, 1B colors, 144Hz, PWM, HDR, 4500 nits (peak)",144,6.8,1080x2436,392,,Gorilla Glass 7i,"Android 15, itel OS 15",Unisoc T7300 (6 nm),6,Octa-core (2x2.2 GHz Cortex-A78 & 6x2.0 GHz Cortex-A55),Mali-G57 MP2,8,8,128,256,UFS,50.0,2,1.6,No,,No,"LED flash, HDR, panorama","1440p@30fps, 1080p@30fps",32.0,No,,"1440p@30fps, 1080p@30fps",Yes,Yes,,Type-C,No,GPS,"Fingerprint (under display, optical), unspecified sensors",6000,18,,No,,,,,,,,,,,"Silver, Blue, Gold, Silver/Gold",,,,Unspecified
Itel,itel Zeno 20,https://www.gsmarena.com/itel_zeno_20-14096.php,https://fdn2.gsmarena.com/vv/bigpic/itel-zeno20.jpg,GSM / HSPA / LTE,No,"2025, August 23","Available. Released 2025, August 25",8.6 mm thickness,187.0,,IP54,Dual SIM,"IPS LCD, 90Hz, 480 nits (typ), 1500 nits (peak)",90,6.6,720x1612,267,,,"Android 14 (Go edition), itel OS 14",Unisoc T7100,,Octa-core 1.8 GHz,PowerVR GE8322,3,4,64,128,eMMC 5.1,13.0,1,,No,,No,"LED flash, HDR, panorama",1080p@30fps,5.0,No,,Yes,Yes,No,,Type-C,Yes,GPS,"Fingerprint (side-mounted), accelerometer",5000,15,,No,,,60.0,,,,,,,,"Starlit Black, Space Titanium, Aurora Blue",A6610L,0.82 W/kg (head) 0.46 W/kg (body),,Unspecified
Itel,itel City 100,https://www.gsmarena.com/itel_city_100-13853.php,https://fdn2.gsmarena.com/vv/bigpic/itel-city-100.jpg,GSM / HSPA / LTE,No,"2025, April 27","Available. Released 2025, April 27",167.7 x 77.5 x 7.7 mm (6.60 x 3.05 x 0.30 in),185.0,,IP64,Nano-SIM + Nano-SIM,"IPS LCD, 90Hz, 700 nits (HBM)",90,6.75,720x1600,260,84.6,,"Android 14, Pure 14.5 OS",Unisoc T7250 (12 nm),12,Octa-core (2x1.8 GHz Cortex-A75 & 6x1.6 GHz Cortex-A55),Mali-G57 MP1,4,8,128,256,UFS 2.2,13.0,1,,No,,No,"LED flash, HDR, panorama",Yes,8.0,No,,Yes,Yes,No,,Type-C,Yes,GPS,Fingerprint (side-mounted); unspecified sensors,5200,18,,No,,,80.0,,,,,,,,"Navy Blue, Pure Titanium, Fairy Purple",C671L,,,Unspecified
Itel,itel A90,https://www.gsmarena.com/itel_a90-13852.php,https://fdn2.gsmarena.com/vv/bigpic/itel-a90.jpg,GSM / HSPA / LTE,No,"2025, April 20","Available. Released 2025, April",8.6 mm thickness,187.0,,IP54,Nano-SIM + Nano-SIM,"IPS LCD, 90Hz, 480 nits (typ), 1500 nits (peak)",90,6.6,720x1612,267,,,"Android 14, itel OS 14",Unisoc T7100,,Octa-core 1.8 GHz,PowerVR GE8322,3,4,64,256,eMMC 5.1,13.0,1,,No,,No,"LED flash, HDR, panorama",1080p@30fps,5.0,No,,Yes,Yes,No,,Type-C,Yes,GPS,Fingerprint (side-mounted); unspecified sensors,5000,15,,No,,,100.0,,,,,,,,"Starlit Black, Space Titanium, Aurora Blue, Cosmic Green",A6610L,,,Unspecified
Itel,itel Power 70,https://www.gsmarena.com/itel_power_70-13684.php,https://fdn2.gsmarena.com/vv/bigpic/itel-power70.jpg,GSM / HSPA / LTE,No,"2025, March 02","Available. Released 2025, March",7.9 mm thickness,192.4,,IP54,Nano-SIM + Nano-SIM,"IPS LCD, 120Hz, 700 nits",120,6.67,720x1600,263,83.8,,"Android 14, itel OS 14",Mediatek Helio G50 Ultimate,,Octa-core 2.2 GHz Cortex-A53,PowerVR GE8320,4,8,128,256,,13.0,1,,No,,No,"LED flash, HDR, panorama",Yes,8.0,No,,Yes,Yes,No,,Type-C,Yes,GPS,"Fingerprint (side-mounted), accelerometer, proximity",6000,18,,No,,,80.0,,,,,,,,"Black, Marine, Bronze, Silver",P673L,,,Unspecified
Itel,itel Zeno 10,https://www.gsmarena.com/itel_zeno_10-13618.php,https://fdn2.gsmarena.com/vv/bigpic/itel-zeno10.jpg,GSM / HSPA / LTE,No,"2025, January 02","Available. Released 2025, January 10",164 x 76 x 9 mm (6.46 x 2.99 x 0.35 in),186.0,,,Dual SIM,IPS LCD,,6.6,720x1612,267,84.0,,Android 14 (Go edition),Unisoc T603,,Octa-core,,3,4,64,64,,8.0,1,,No,,No,LED flash,Yes,5.0,No,,Yes,Yes,No,,Type-C,Yes,GPS,Fingerprint (side-mounted); unspecified sensors,5000,10,,No,,,70.0,,,,,,,,"Opal purple, Phantom crystal",,,,Unspecified
Itel,itel S25 Ultra,https://www.gsmarena.com/itel_s25_ultra-13504.php,https://fdn2.gsmarena.com/vv/bigpic/itel-s25-ultra.jpg,GSM / HSPA / LTE,No,"2024, November 09","Available. Released 2024, November",6.9 mm thickness,163.0,,IP64,Nano-SIM + Nano-SIM,"AMOLED, 1B colors, 120Hz, 2160Hz PWM, 1000 nits (HBM), 1400 nits (peak)",120,6.78,1080x2436,393,,Gorilla Glass 7i,"Android 14, up to 2 major Android upgrades, itel OS 14.5",Unisoc T620 (12 nm),12,Octa-core (2x2.2 GHz Cortex-A75 & 6xX.X GHz Cortex-A55),,8,8,128,512,UFS 2.2,50.0,2,1.6,No,,No,"LED flash, HDR, panorama","1440p@30fps, 1080p@30fps",32.0,No,,"1440p@30fps, 1080p@30fps",Yes,Yes,,Type-C,No,GPS,"Fingerprint (under display, optical), unspecified sensors",5000,18,,No,,,200.0,,,,,,,,"Bromo Black, Meteor Titanium, Komodo Ocean",S686LN,,,Unspecified
Itel,itel S25,https://www.gsmarena.com/itel_s25-13505.php,https://fdn2.gsmarena.com/vv/bigpic/itel-s25.jpg,GSM / HSPA / LTE,No,"2024, November 09","Available. Released 2024, November",7.3 mm thickness,185.0,,IP54,Nano-SIM + Nano-SIM,"AMOLED, 1B colors, 120Hz, 1200 nits (HBM), 1800 nits (peak)",120,6.78,1080x2436,393,,,"Android 14, up to 2 major Android upgrades, itel OS 14.5",Unisoc T620 (12 nm),12,Octa-core (2x2.2 GHz Cortex-A75 & 6xX.X GHz Cortex-A55),,6,8,128,128,,50.0,1,1.6,No,,No,"Ring-LED flash, panorama, HDR","1440p@30fps, 1080p@30fps",32.0,No,,"1440p@30fps, 1080p@30fps",Yes,Yes,,Type-C,Yes,GPS,"Fingerprint (under display, optical), unspecified sensors",5000,18,,No,,,100.0,,,,,,,,"Bromo Black, Mambo Mint, Sahara Gleam",S685LN,,,Unspecified
Itel,itel VistaTab 30,https://www.gsmarena.com/itel_vistatab_30-13344.php,https://fdn2.gsmarena.com/vv/bigpic/itel-vistatab-30.jpg,GSM / HSPA / LTE,No,"2024, September","Available. Released 2024, September",8.0 mm thickness,550.0,,,Nano-SIM,"IPS LCD, 450 nits",,11.0,1200x1920,206,,,Android 13 or Android 14 (market/region dependent),Unisoc T606 (12 nm),12,Octa-core (2x1.6 GHz Cortex-A75 & 6x1.6 GHz Cortex-A55),Mali-G57 MP1,4,4,128,128,,8.0,1,,No,,No,LED flash,1080p@30fps,5.0,No,,Yes,Yes,No,,Type-C,No,Unspecified,Accelerometer,7000,10,,No,,,,,,,,,,,"Light Blue, Deep Grey",,,,Unspecified
Itel,itel A80,https://www.gsmarena.com/itel_a80-13343.php,https://fdn2.gsmarena.com/vv/bigpic/itel-a80.jpg,GSM / HSPA / LTE,No,"2024, September","Available. Released 2024, September",8.5 mm thickness,,,,Dual SIM,"IPS LCD, 120Hz, 500 nits (peak)",120,6.7,720x1600,262,,,"Android 14, itel OS 14",Unisoc T603,,Octa-core,,3,4,128,128,,50.0,1,,No,,No,"Dual-LED flash, HDR",1080p@30fps,8.0,No,,Yes,Yes,No,,Type-C,Yes,GPS,Fingerprint (side-mounted); unspecified sensors,5000,10,,No,,,,,,,,,,,"Sandstone Black, Glacier White, Wave Blue","A671L, A671LC",,,Unspecified
Itel,itel A50C,https://www.gsmarena.com/itel_a50c-13287.php,https://fdn2.gsmarena.com/vv/bigpic/itel-a50c.jpg,GSM / HSPA / LTE,No,"2024, August 12","Available. Released 2024, August 12",163.9 x 75.7 x 9.4 mm (6.45 x 2.98 x 0.37 in),192.6,,,Dual SIM,IPS LCD,,6.56,540x1208,202,83.4,,Android 14 (Go edition),Unisoc T603,,Octa-core,,2,2,32,32,,8.0,1,,No,,No,LED flash,Yes,5.0,No,,Yes,Yes,No,,Type-C,Yes,GPS,Fingerprint (rear-mounted); unspecified sensors,4000,,,No,,,,,,,,,,,"Dawn Blue, Sapphire Black, Misty Aqua",,,,Unspecified
Itel,itel P65,https://www.gsmarena.com/itel_p65-13258.php,https://fdn2.gsmarena.com/vv/bigpic/itel-p65.jpg,GSM / HSPA / LTE,No,"2024, August 08","Available. Released 2024, August 08",165.9 x 77.3 x 7.9 mm (6.53 x 3.04 x 0.31 in),192.4,,,Nano-SIM + Nano-SIM,"IPS LCD, 120Hz",120,6.7,720x1600,262,84.5,,"Android 14, itel OS 14",Unisoc T615 (12 nm),12,Octa-core (2x1.8 GHz Cortex-A75 & 6x1.6 GHz Cortex-A55),Mali-G57 MP1,4,8,128,256,,50.0,1,1.6,No,,No,"LED flash, HDR, panorama",1080p@30fps,8.0,No,,1080p@30fps,Yes,Yes,,Type-C,Yes,GPS,"Fingerprint (side-mounted), accelerometer, proximity",5000,18,,No,,,110.0,,,,,,,,"Cyber Blaze, Cyber Black, Cyber Titanium",P671L,,,FM radio
Itel,itel Color Pro,https://www.gsmarena.com/itel_color_pro-13626.php,https://fdn2.gsmarena.com/vv/bigpic/itel-color-pro-5g.jpg,GSM / HSPA / LTE / 5G,Yes,"2024, July 17","Available. Released 2024, July",8.4 mm thickness,,,,Nano-SIM + Nano-SIM,"IPS LCD, 90Hz",90,6.56,720x1612,269,,,"Android 13, itel OS 13",Mediatek Dimensity 6080 (6 nm),6,Octa-core (2x2.4 GHz Cortex-A76 & 6x2.0 GHz Cortex-A55),Mali-G57 MC2,6,6,128,128,,50.0,1,,No,,No,"LED flash, panorama",1080p@30fps,8.0,No,,Yes,Yes,No,5.0,Type-C,Yes,GPS,"Fingerprint (side-mounted), accelerometer",5000,18,,No,,,100.0,,,,,,,,"River Blue, Lavender Fantasy",,,,Unspecified
Itel,itel A50,https://www.gsmarena.com/itel_a50-13183.php,https://fdn2.gsmarena.com/vv/bigpic/itel-a50.jpg,GSM / HSPA / LTE,No,"2024, May","Available. Released 2024, May",163.9 x 75.7 x 8.7 mm (6.45 x 2.98 x 0.34 in),,,,Dual SIM,"IPS LCD, 480 nits (peak)",,6.6,720x1612,267,84.3,,Android 14 (Go edition),Unisoc T603,,Octa-core,,2,4,64,128,,8.0,1,,No,,No,LED flash,Yes,5.0,No,,Yes,Yes,No,,Type-C,Yes,GPS,Fingerprint (side-mounted); unspecified sensors,5000,10,,No,,,,,,,,,,,"Shimmer Gold, Суаn Blue, Lime Green, Misty Black",A507LXU,,,Unspecified
Itel,itel RS4,https://www.gsmarena.com/itel_rs4-12930.php,https://fdn2.gsmarena.com/vv/bigpic/itel-rs4.jpg,GSM / HSPA / LTE,No,"2024, April 06","Available. Released 2024, April",8.2 mm thickness,198.0,,,Nano-SIM + Nano-SIM,"IPS LCD, 120Hz",120,6.56,720x1612,269,,,Android 13,Mediatek Helio G99 Ultimate,,Octa-core (2x2.2 GHz Cortex-A76 & 6x2.0 GHz Cortex-A55),Mali-G57 MC2,8,12,128,256,,50.0,1,1.6,No,,No,LED flash,1080p@30fps,8.0,No,,Yes,Yes,Yes,,Type-C,Yes,GPS,"Fingerprint (side-mounted), accelerometer, gyro",5000,45,,No,,,100.0,,,,,,,,"Silvery White, Elegant Beige, Lurex Black",,,,Unspecified
Itel,itel S24,https://www.gsmarena.com/itel_s24-12917.php,https://fdn2.gsmarena.com/vv/bigpic/itel-s24.jpg,GSM / HSPA / LTE,No,"2024, March 29","Available. Released 2024, April",163.5 x 75.5 x 8.3 mm (6.44 x 2.97 x 0.33 in),192.0,,,Nano-SIM + Nano-SIM,"IPS LCD, 90Hz, 480 nits (peak)",90,6.6,720x1612,267,84.8,,Android 13,Mediatek Helio G91 Ultra,,Octa-core (2x2.0 GHz Cortex-A75 & 6x1.8 GHz Cortex-A55),Mali-G52 MC2,4,8,128,256,eMMC 5.1,108.0,1,1.6,No,1/1.67,No,LED flash,"1440p@30fps, 1080p@30fps",8.0,No,,"1440p@30fps, 1080p@30fps","Wi-Fi 802.11 a/b/g/n/ac, dual-band",Yes,5.2,Type-C,Yes,GPS,"Fingerprint (side-mounted), accelerometer, compass",5000,18,,No,,,120.0,,,,,,,,"Dawn White, Coastline Blue, Starry Black",S667LN,,,"FM radio, recording"
Itel,itel P55+,https://www.gsmarena.com/itel_p55+-12809.php,https://fdn2.gsmarena.com/vv/bigpic/itel-p55-plus.jpg,GSM / HSPA / LTE,No,"2024, January 26","Available. Released 2024, February 13",8.0 mm thickness,187.0,,,Nano-SIM + Nano-SIM,"IPS LCD, 90Hz",90,6.6,720x1612,267,,,Android 13,Unisoc T606 (12 nm),12,Octa-core (2x1.6 GHz Cortex-A75 & 6x1.6 GHz Cortex-A55),Mali-G57 MP1,4,8,128,256,UFS 2.2 - 256GB,50.0,1,,No,,No,"Dual-LED flash, panorama",Yes,8.0,No,,Yes,Yes,Yes,,Type-C,Yes,GPS,Fingerprint (side-mounted); unspecified sensors,5000,45,,No,,,,,,,,,,,"Royal Green, Galaxy Blue, Meteor Purple","P663LN, P663L",,,Unspecified
Itel,itel P55,https://www.gsmarena.com/itel_p55-12808.php,https://fdn2.gsmarena.com/vv/bigpic/itel-p55.jpg,GSM / HSPA / LTE,No,"2024, January 26","Available. Released 2024, January 31",8.0 mm thickness,190.0,,,Nano-SIM + Nano-SIM,"IPS LCD, 90Hz",90,6.6,720x1612,267,,,Android 13,Unisoc T606 (12 nm),12,Octa-core (2x1.6 GHz Cortex-A75 & 6x1.6 GHz Cortex-A55),Mali-G57 MP1,4,8,128,256,UFS 2.2,50.0,1,,No,,No,"Dual-LED flash, panorama",Yes,8.0,No,,Yes,Yes,No,,Type-C,Yes,GPS,Fingerprint (side-mounted); unspecified sensors,5000,18,,No,,,,,,,,,,,"Aurora Blue, Brilliant Gold, Moonlit Black, Starry Purple","A666L, A666LN, P666L",,,Unspecified
Itel,itel A70,https://www.gsmarena.com/itel_a70-12704.php,https://fdn2.gsmarena.com/vv/bigpic/itel-a70.jpg,GSM / HSPA / LTE,No,"2023, October 30","Available. Released 2023, November",8.6 mm thickness,,,,Dual SIM,"IPS LCD, 500 nits (peak)",,6.6,720x1612,267,,,Android 13 (Go edition),Unisoc T603,,Octa-core,,3,4,64,256,,13.0,1,,No,,No,"Dual-LED flash, HDR",Yes,8.0,No,,Yes,Yes,No,,Type-C,Yes,GPS,Fingerprint (side-mounted); unspecified sensors,5000,10,,No,,,,,,,,,,,"Brilliant Gold, Stylish Black, Field Green, Azure Blue",A665L,,,Unspecified
Itel,itel P55 5G,https://www.gsmarena.com/itel_p55_5g-12604.php,https://fdn2.gsmarena.com/vv/bigpic/itel-power-55.jpg,GSM / HSPA / LTE / 5G,Yes,"2023, September 26","Available. Released 2023, October 05",8.4 mm thickness,,,,Nano-SIM + Nano-SIM,"IPS LCD, 90Hz",90,6.6,720x1612,267,,,"Android 13, itel OS 13",Mediatek Dimensity 6080 (6 nm),6,Octa-core (2x2.4 GHz Cortex-A76 & 6x2.0 GHz Cortex-A55),Mali-G57 MC2,4,6,64,128,,50.0,1,,No,,No,LED flash,1080p@30fps,8.0,No,,Yes,Yes,No,,Type-C,Yes,GPS,"Fingerprint (side-mounted), accelerometer",5000,18,,No,,,110.0,,,,,,,,"Galaxy Blue, Mint Green","P661N, P665L",,,Unspecified
Itel,itel S23+,https://www.gsmarena.com/itel_s23+-12571.php,https://fdn2.gsmarena.com/vv/bigpic/itel-s23-plus-.jpg,GSM / HSPA / LTE,No,"2023, September 19","Available. Released 2023, September 19",7.9 mm thickness,178.0,Glass,,Nano-SIM + Nano-SIM,"AMOLED, 500 nits (peak)",,6.78,1080x2400,388,,Gorilla Glass 5,"Android 13, itel OS 13",Unisoc Tiger T616 (12 nm),12,Octa-core (2x2.0 GHz Cortex-A75 & 6x1.8 GHz Cortex-A55),Mali-G57 MP1,4,8,128,256,UFS 2.0,50.0,1,1.6,No,,No,LED flash,1080p@30fps,32.0,No,,1080p@30fps,"Wi-Fi 802.11 a/b/g/n/ac, dual-band, Wi-Fi Direct",Yes,5.0,Type-C,No,GPS,"Fingerprint (under display, optical), accelerometer, gyro, proximity, compass",5000,18,,No,,,110.0,,,,,,,,"Black, Cyan",S681LN,,,Unspecified
Itel,itel S23,https://www.gsmarena.com/itel_s23-12478.php,https://fdn2.gsmarena.com/vv/bigpic/itel-s23.jpg,GSM / HSPA / LTE,No,2023,Available. Released 2023,164 x 76 x 8 mm (6.46 x 2.99 x 0.31 in),195.0,,,Nano-SIM + Nano-SIM,"IPS LCD, 90Hz",90,6.6,720x1612,267,84.0,,Android 12,Unisoc T606 (12 nm),12,Octa-core (2x1.6 GHz Cortex-A75 & 6x1.6 GHz Cortex-A55),Mali-G57 MP1,4,8,128,256,UFS 2.2,50.0,1,1.6,No,,No,LED flash,1080p@30fps,8.0,No,LED flash,Yes,Yes,No,,Type-C,Yes,GPS,"Fingerprint (side-mounted), accelerometer",5000,10,,No,,,170.0,,,,,,,,"Starry Black, Mystery White","‎S665L, S665LN",,,Unspecified
Itel,itel S18 Pro,https://www.gsmarena.com/itel_s18_pro-12479.php,https://fdn2.gsmarena.com/vv/bigpic/itel-s18-pro.jpg,GSM / HSPA / LTE,No,2023,Available. Released 2023,-,,,,Dual SIM,IPS LCD,,6.6,1080x2408,400,,,"Android, itel OS 8.6",Unisoc SC9863A (28 nm),28,Octa-core (4x1.6 GHz Cortex-A55 & 4x1.2 GHz Cortex-A55),IMG8322,4,4,64,64,,13.0,2,,No,,No,LED flash,1080p@30fps,32.0,No,LED flash,1080p@30fps,Yes,No,,Type-C,Yes,GPS,"Fingerprint (side-mounted), accelerometer",5000,10,,No,,,,,,,,,,,"Liquid Silver, Starry Black",,,,Unspecified
Itel,itel P40+,https://www.gsmarena.com/itel_p40+-12480.php,https://fdn2.gsmarena.com/vv/bigpic/itel-p40-plus.jpg,GSM / HSPA / LTE,No,2023,Available. Released 2023,8.9 mm thickness,,,,Dual SIM,"IPS LCD, 90Hz",90,6.8,720x1640,263,,,Android 12 or 13,Unisoc T606 (12 nm),12,Octa-core (2x1.6 GHz Cortex-A75 & 6x1.6 GHz Cortex-A55),Mali-G57 MP1,4,4,128,128,UFS 2.2,13.0,1,,No,,No,LED flash,1080p@30fps,8.0,No,,Yes,Yes,No,,Type-C,Yes,GPS,"Fingerprint (side-mounted), accelerometer",7000,18,,No,,,,,,,,,,,"Force Black, Ice Cyan",‎P683L,,,Unspecified
Itel,itel Pad One,https://www.gsmarena.com/itel_pad_one-12502.php,https://fdn2.gsmarena.com/vv/bigpic/itel-pad-one.jpg,HSPA / LTE,No,2023,Available. Released 2023,241.4 x 160.2 x 8.2 mm (9.50 x 6.31 x 0.32 in),,Glass,,Nano-SIM,IPS,,10.1,800x1280,149,76.5,,Android 12 (Go edition),Unisoc SC9863A1 (22 nm),22,Octa-core (4x1.6 GHz Cortex-A55 & 4x1.2 GHz Cortex-A55),IMG8322,4,4,128,128,,5.0,1,,No,,No,LED flash,1080p@30fps,8.0,No,,1080p@30fps,Yes,No,,Type-C,Yes,GPS,Accelerometer,6000,10,,No,,,,,,,,,,,"Light Blue, Deep Grey",,,,FM radio
Itel,itel Smartwatch 2ES,https://www.gsmarena.com/itel_smartwatch_2es-12506.php,https://fdn2.gsmarena.com/vv/bigpic/itel-smart-watch-2es.jpg,No cellular connectivity,No,2023,Available. Released 2023,-,,Plastic,IP68,No,IPS LCD,,1.8,240x286,207,,,Proprietary OS,,,,,,,,,,,,,No,,No,,,,No,,,No,No,5.3,No,No,No,"Accelerometer, heart rate, SpO2",250,,,No,,,,,,,,,,,Black,,,,No
Itel,itel Smart Watch 2,https://www.gsmarena.com/itel_smart_watch_2-12505.php,https://fdn2.gsmarena.com/vv/bigpic/itel-smart-watch-2.jpg,No cellular connectivity,No,2023,Available. Released 2023,-,,Plastic,IP68,No,IPS LCD,,1.8,240x286,207,,,Proprietary OS,,,,,,,,,,,,,No,,No,,,,No,,,No,No,5.1,No,No,No,"Accelerometer, heart rate, SpO2",230,,,No,,,,,,,,,,,Black,,,,No
Itel,itel P40,https://www.gsmarena.com/itel_p40-12481.php,https://fdn2.gsmarena.com/vv/bigpic/itel-p40.jpg,GSM / HSPA / LTE,No,2023,Available. Released 2023,-,,,,Dual SIM,IPS LCD,,6.6,720x1612,267,,,Android 12 (Go edition),Unisoc SC9863A (28 nm),28,Octa-core (4x1.6 GHz Cortex-A55 & 4x1.2 GHz Cortex-A55),IMG8322,2,4,32,64,,13.0,2,,No,,No,LED flash,1080p@30fps,5.0,No,,Yes,Yes,No,,Micro-USB,Yes,GPS,"Fingerprint (rear-mounted), accelerometer",6000,18,,No,,,130.0,,,,,,,,"Force Black, Dreamy Blue, Luxurious Gold","P662L, P662LN",,,Unspecified
Itel,itel A60s,https://www.gsmarena.com/itel_a60s-12485.php,https://fdn2.gsmarena.com/vv/bigpic/itel-a60s-.jpg,GSM / HSPA / LTE,No,2023,Available. Released 2023,-,,,,Dual SIM,IPS LCD,,6.6,720x1612,267,,,Android 12,Unisoc SC9863A1 (22 nm),22,Octa-core (4x1.6 GHz Cortex-A55 & 4x1.2 GHz Cortex-A55),IMG8322,4,4,64,128,,8.0,1,,No,,No,LED flash,Yes,5.0,No,,Yes,Yes,No,,Micro-USB,Yes,GPS,"Fingerprint (rear-mounted), accelerometer, compass",5000,10,,No,,,70.0,,,,,,,,"Shadow Black, Glacier Green, Moonlit Violet",,,,Unspecified
Itel,itel A05s,https://www.gsmarena.com/itel_a05s-12486.php,https://fdn2.gsmarena.com/vv/bigpic/itel-a05s.jpg,GSM / HSPA / LTE,No,2023,Available. Released 2023,-,,,,Dual SIM,IPS LCD,,6.6,720x1612,267,,,Android 12 (Go edition),Unisoc SC9863A1 (22 nm),22,Octa-core (4x1.6 GHz Cortex-A55 & 4x1.2 GHz Cortex-A55),IMG8322,2,2,32,32,,8.0,1,,No,,No,LED flash,Yes,5.0,No,,Yes,Yes,No,,Type-C,Yes,GPS,"Fingerprint (rear-mounted), accelerometer, compass",4000,,,No,,,70.0,,,,,,,,"Meadow Green, Nebula Black",A663LC,,,Unspecified
Itel,itel S18,https://www.gsmarena.com/itel_s18-12487.php,https://fdn2.gsmarena.com/vv/bigpic/itel-s18.jpg,GSM / HSPA / LTE,No,2022,Available. Released 2022,-,,,,Dual SIM,IPS LCD,,6.6,720x1612,267,,,Android 11 (Go edition),Unisoc SC9863A (28 nm),28,Octa-core (4x1.6 GHz Cortex-A55 & 4x1.2 GHz Cortex-A55),IMG8322,2,2,64,64,,8.0,2,,No,,No,Dual-LED flash,Yes,8.0,No,,Yes,Yes,No,,Micro-USB,Yes,GPS,"Fingerprint (rear-mounted), accelerometer",5000,,,No,,,,,,,,,,,"Mint Green, Digital Sliver, Midnight Black",,,,Unspecified
Itel,itel P38 Pro,https://www.gsmarena.com/itel_p38_pro-12488.php,https://fdn2.gsmarena.com/vv/bigpic/itel-p38-pro.jpg,GSM / HSPA / LTE,No,2022,Available. Released 2022,-,,,,Dual SIM,IPS LCD,,6.8,720x1612,260,,,Android 11 (Go edition),Unisoc SC9863A (28 nm),28,Octa-core (4x1.6 GHz Cortex-A55 & 4x1.2 GHz Cortex-A55),IMG8322,2,2,64,64,,13.0,2,,No,,No,LED flash,1080p@30fps,5.0,No,,Yes,Yes,No,,Micro-USB,Yes,GPS,"Fingerprint (rear-mounted), accelerometer",6000,18,,No,,,,,,,,,,,"Mint Green, Ocean Blue, Night Black",,,,Unspecified
Itel,itel P38,https://www.gsmarena.com/itel_p38-12489.php,https://fdn2.gsmarena.com/vv/bigpic/itel-p38.jpg,GSM / HSPA / LTE,No,2022,Available. Released 2022,-,,,,Dual SIM,IPS LCD,,6.6,720x1612,267,,,Android 11 (Go edition),,,Quad-core 1.3 GHz,,2,2,32,32,,8.0,1,,No,,No,LED flash,Yes,5.0,No,,Yes,Yes,No,,Micro-USB,Yes,GPS,"Fingerprint (rear-mounted), accelerometer",5000,15,,No,,,,,,,,,,,"Galaxy Blue, Spruce Green, Nebula Black",,,,Unspecified
Itel,itel A60,https://www.gsmarena.com/itel_a60-12490.php,https://fdn2.gsmarena.com/vv/bigpic/itel-a60.jpg,GSM / HSPA / LTE,No,2022,Available. Released 2022,-,,,,Dual SIM,IPS LCD,,6.6,720x1612,267,,,Android 11 or 12 (Go edition),Unisoc SC9832E (28 nm),28,Quad-core 1.4 GHz,Mali-T820 MP1,2,2,32,32,,8.0,2,,No,,No,LED flash,Yes,5.0,No,,Yes,Yes,No,,Micro-USB,Yes,GPS,"Fingerprint (rear-mounted), accelerometer, proximity",5000,10,,No,,,,,,,,,,,"Dawn Blue, Vert Menthe, Sapphire Black",,,,Unspecified
Itel,itel A04,https://www.gsmarena.com/itel_a04-12491.php,https://fdn2.gsmarena.com/vv/bigpic/itel-a04.jpg,GSM / HSPA / LTE,No,2023,Available. Released 2023,-,,,,Dual SIM,IPS LCD,,6.3,480x960,170,,,Android (Go edition),,,,,2,2,32,32,,5.0,1,,No,,No,LED flash,Yes,5.0,No,,Yes,Yes,No,,Micro-USB,Yes,GPS,"Fingerprint (rear-mounted), accelerometer",4000,,,No,,,50.0,,,,,,,,"Lake Cyan, Violet, Sandstone Black",,,,Unspecified
Itel,itel Vision 3 Turbo,https://www.gsmarena.com/itel_vision_3_turbo-12492.php,https://fdn2.gsmarena.com/vv/bigpic/itel-vision-3-turbo.jpg,GSM / HSPA / LTE,No,2022,Available. Released 2022,-,,,,Dual SIM,IPS LCD,,6.6,720x1600,266,,,Android 11 (Go edition),Unisoc SC9863A (28 nm),28,Octa-core (4x1.6 GHz Cortex-A55 & 4x1.2 GHz Cortex-A55),IMG8322,3,3,64,64,,8.0,1,,No,,No,LED flash,1080p@30fps,5.0,No,,Yes,Yes,No,,Micro-USB,Yes,GPS,"Fingerprint (rear-mounted), accelerometer",5000,18,,No,,,,,,,,,,,Blue,,,,Unspecified
Itel,Motorola Edge 70 Pro+,https://www.gsmarena.com/motorola_edge_70_pro+-14702.php,https://fdn2.gsmarena.com/vv/bigpic/motorola-edge-70-pro-plus.jpg,GSM / HSPA / LTE / 5G,Yes,"2026, June 01","Coming soon. Exp. release 2026, June",162.7 x 75.6 x 7.2 mm (6.41 x 2.98 x 0.28 in),190.0,Glass,IP68,Nano-SIM + Nano-SIM,"AMOLED, 1B colors, 144Hz, PWM, HDR10+, 1800 (HBM), 5200 nits (peak)",144,6.78,1272x2772,450,91.4,Gorilla Glass 7i,"Android 16, up to 3 major Android upgrades",Mediatek Dimensity 8500 Extreme (4 nm),4,Octa-core (1x3.4 GHz Cortex-A725 & 3x3.2 GHz Cortex-A725 & 4x2.2 GHz Cortex-A725),Mali-G720 MC8,12,12,256,256,UFS 4.1,50.0,3,1.8,Yes,1/1.56,Yes,"LED flash, HDR, panorama, Pantone Validated Colour and Skin Tones","4K@30/60/120fps, 1080p@30/60/120/240fps, gyro-EIS, HDR10+",50.0,Yes,HDR,"4K@30fps, 1080p@30/120fps","Wi-Fi 802.11 a/b/g/n/ac/6e/7, tri-band, Wi-Fi Direct",Yes,5.4,Type-C,No,"GPS, GLONASS, GALILEO","Fingerprint (under display, optical), accelerometer, gyro, proximity, compass",6500,90,15,Yes,,,440.0,,,,,,,,"Pantone: Stormy Sea (Green), Zinfandel (Red), Chicory Coffee (Wood)",,,,No
Itel,itel Vision 3,https://www.gsmarena.com/itel_vision_3-12493.php,https://fdn2.gsmarena.com/vv/bigpic/itel-vision3.jpg,GSM / HSPA / LTE,No,2022,Available. Released 2022,-,,,,Dual SIM,IPS LCD,,6.6,720x1600,266,,,Android 11 (Go edition),Unisoc SC9863A (28 nm),28,Octa-core (4x1.6 GHz Cortex-A55 & 4x1.2 GHz Cortex-A55),IMG8322,2,3,32,64,,8.0,1,,No,,No,LED flash,1080p@30fps,5.0,No,,Yes,Yes,No,,Micro-USB,Yes,GPS,"Fingerprint (rear-mounted), accelerometer",5000,18,,No,,,,,,,,,,,Blue,,,,Unspecified
Itel,itel A23S,https://www.gsmarena.com/itel_a23s-12494.php,https://fdn2.gsmarena.com/vv/bigpic/itel-a23s.jpg,GSM / HSPA / LTE,No,2022,Available. Released 2022,-,,,,Dual SIM,IPS LCD,,5.0,480x854,196,,,Android 11 (Go edition),Unisoc SC9832E (28 nm),28,Quad-core 1.4 GHz,Mali-T820 MP1,2,2,32,32,,2.0,1,,No,,No,LED flash,Yes,0.3,No,LED flash,Yes,Yes,No,,Micro-USB,Yes,Unspecified,Accelerometer,3020,,,No,,,,,,,,,,,"Sky Cyan, Sky Black, Ocean Blue",,,,Unspecified
Itel,itel A27,https://www.gsmarena.com/itel_a27-12495.php,https://fdn2.gsmarena.com/vv/bigpic/itel-a27.jpg,GSM / HSPA / LTE,No,2022,Available. Released 2022,-,,,,Dual SIM,IPS LCD,,5.45,480x960,197,,,Android 11 (Go edition),Unisoc SC9832E (28 nm),28,Quad-core 1.4 GHz,Mali-T820 MP1,2,2,32,32,,5.0,1,,No,,No,LED flash,Yes,2.0,No,,Yes,Yes,No,,Micro-USB,Yes,Unspecified,"Fingerprint (rear-mounted), accelerometer",4000,,,No,,,,,,,,,,,Blue,,,,Unspecified
Itel,itel A49,https://www.gsmarena.com/itel_a49-12496.php,https://fdn2.gsmarena.com/vv/bigpic/itel-a49.jpg,GSM / HSPA / LTE,No,2022,Available. Released 2022,-,,,,Dual SIM,IPS LCD,,6.6,720x1600,266,,,Android 11 (Go edition),Unisoc SC9832E (28 nm),28,Quad-core 1.4 GHz,Mali-T820 MP1,2,2,32,32,,5.0,1,,No,,No,LED flash,Yes,5.0,No,,Yes,Yes,No,,Micro-USB,Yes,GPS,"Fingerprint (rear-mounted), accelerometer",4000,,,No,,,,,,,,,,,Blue,,,,Unspecified
Itel,itel A48,https://www.gsmarena.com/itel_a48-12497.php,https://fdn2.gsmarena.com/vv/bigpic/itel-a48.jpg,GSM / HSPA / LTE,No,2021,Available. Released 2021,-,,,,Dual SIM,IPS LCD,,6.1,720x1600,288,,,Android 10 (Go edition),Unisoc SC9832E (28 nm),28,Quad-core 1.4 GHz,Mali-T820 MP1,2,2,32,32,,5.0,1,,No,,No,LED flash,Yes,5.0,No,,Yes,Yes,No,,Micro-USB,Yes,GPS,"Fingerprint (rear-mounted), accelerometer",3000,,,No,,,,,,,,,,,"Black, Purple, Green",,,,Unspecified
Itel,itel Vision 2S,https://www.gsmarena.com/itel_vision_2s-12498.php,https://fdn2.gsmarena.com/vv/bigpic/itel-vision-2s.jpg,GSM / HSPA / LTE,No,2021,Available. Released 2021,166 x 76.3 x 8.9 mm (6.54 x 3.00 x 0.35 in),,,,Dual SIM,IPS LCD,,6.52,720x1600,269,81.0,,Android 11 (Go edition),Unisoc SC9863A (28 nm),28,Octa-core (4x1.6 GHz Cortex-A55 & 4x1.2 GHz Cortex-A55),IMG8322,2,2,32,32,,8.0,2,,No,,No,LED flash,1080p@30fps,5.0,No,,Yes,Yes,No,,Micro-USB,Yes,GPS,"Fingerprint (rear-mounted), accelerometer",5000,18,,No,,,,,,,,,,,"Gradation Purple, Gradation Blue, Deep Blue",,,,Unspecified
Itel,itel A23 Pro,https://www.gsmarena.com/itel_a23_pro-12499.php,https://fdn2.gsmarena.com/vv/bigpic/itel-a23-pro.jpg,GSM / HSPA / LTE,No,2021,Available. Released 2021,-,,,,Dual SIM,IPS LCD,,5.0,480x854,196,,,Android 10 (Go edition),Unisoc SC9832E (28 nm),28,Quad-core 1.4 GHz,Mali-T820 MP1,1,1,8,8,,2.0,1,,No,,No,LED flash,Yes,0.3,No,LED flash,Yes,Yes,No,,Micro-USB,Yes,Unspecified,Accelerometer,2400,,,No,,,,,,,,,,,"Sapphire Blue, Lake Blue",,,,Unspecified
Itel,itel Vision 2,https://www.gsmarena.com/itel_vision_2-12500.php,https://fdn2.gsmarena.com/vv/bigpic/itel-vision-2.jpg,GSM / HSPA / LTE,No,2021,Available. Released 2021,-,,,,Dual SIM,IPS LCD,,6.6,720x1600,266,,,Android 10 (Go edition),Unisoc SC9863A (28 nm),28,Octa-core (4x1.6 GHz Cortex-A55 & 4x1.2 GHz Cortex-A55),IMG8322,2,2,32,32,,13.0,2,,No,,No,LED flash,1080p@30fps,8.0,No,,Yes,Yes,No,,Micro-USB,Yes,GPS,"Fingerprint (rear-mounted), accelerometer",4000,,,No,,,,,,,,,,,Green,,,,Unspecified
Itel,itel A25,https://www.gsmarena.com/itel_a25-12501.php,https://fdn2.gsmarena.com/vv/bigpic/itel-a25.jpg,GSM / HSPA / LTE,No,2020. Released 2020,Discontinued,-,,,,Dual SIM,IPS LCD,,5.0,720x1280,294,,,Android 9.0 (Pie),Unisoc SC9832E (28 nm),28,Quad-core 1.4 GHz,Mali-T820 MP1,1,1,16,16,,5.0,1,,No,,No,LED flash,Yes,2.0,No,LED flash,Yes,Yes,No,,Micro-USB,Yes,Unspecified,Accelerometer,3020,,,No,,,,,,,,,,-26.9,"Violet, Blue",,,,Unspecified
Itel,itel Smartwatch 1GS,https://www.gsmarena.com/itel_smartwatch_1gs-12508.php,https://fdn2.gsmarena.com/vv/bigpic/itel-smart-watch-1gs.jpg,No cellular connectivity,No,2022,Available. Released 2022,-,,Plastic,IP68,No,IPS LCD,,1.32,360x360,386,,,Proprietary OS,,,,,,,,,,,,,No,,No,,,,No,,,No,No,,No,No,No,"Accelerometer, heart rate, SpO2",250,,,No,,,,,,,,,,,Black,,,,No
Itel,itel Smartwatch 1ES,https://www.gsmarena.com/itel_smartwatch_1es-12507.php,https://fdn2.gsmarena.com/vv/bigpic/itel-smart-watch-1es.jpg,No cellular connectivity,No,2022,Available. Released 2022,-,,Plastic,IP68,No,IPS LCD,,1.7,240x283,218,,,Proprietary OS,,,,,,,,,,,,,No,,No,,,,No,,,No,No,5.1,No,No,No,"Accelerometer, heart rate, SpO2",220,,,No,,,,,,,,,,,Black,ISW-11,,,No
Itel,itel Smart Watch 1,https://www.gsmarena.com/itel_smart_watch_1-12504.php,https://fdn2.gsmarena.com/vv/bigpic/itel-smart-watch-1.jpg,No cellular connectivity,No,2022,Available. Released 2022,-,,Plastic,IP67,No,IPS LCD,,1.72,240x283,216,,,Proprietary OS,,,,,,,,,,,,,No,,No,,,,No,,,No,No,5.0,No,No,No,"Accelerometer, heart rate, SpO2",200,,,No,,,,,,,,,,,Black,,,,No
Karbonn,Karbonn Titanium Mach Two S360,https://www.gsmarena.com/karbonn_titanium_mach_two_s360-7236.php,https://fdn2.gsmarena.com/vv/bigpic/karbonn-titanium-mach-two.jpg,GSM / HSPA,No,"2015, March. Released 2015, March",Discontinued,138 x 70.5 x 6.3 mm (5.43 x 2.78 x 0.25 in),112.0,Glass,,Dual SIM,IPS LCD,,5.0,720x1280,294,70.8,Gorilla Glass 3,"Android 4.4.2 (KitKat), upgradable to 5.0 (Lollipop)",,,Octa-core 1.4 GHz Cortex-A7,,1,1,8,8,,8.0,1,,No,,No,"LED flash, HDR",Yes,8.0,No,,,"Wi-Fi 802.11 b/g/n, hotspot",No,4.0,Micro-USB,Yes,GPS,"Accelerometer, proximity",1900,,,No,,,140.0,,,,,,,,Deep Blue,,,,FM radio
Karbonn,Karbonn Titanium Wind W4,https://www.gsmarena.com/karbonn_titanium_wind_w4-7209.php,https://fdn2.gsmarena.com/vv/bigpic/karbonn-w4.jpg,GSM / HSPA,No,"2014, September. Released 2014, September",Discontinued,125.1 x 64.3 x 11 mm (4.93 x 2.53 x 0.43 in),,,,Dual SIM,"TFT, 256K colors",,4.0,480x800,233,56.6,,Microsoft Windows Phone 8.1,,,Quad-core 1.2 GHz,,,,4,4,,5.0,1,,No,,No,LED flash,Yes,,No,,,"Wi-Fi 802.11 b/g/n, hotspot",No,2.0,Micro-USB,Yes,GPS,Yes,1950,,,No,,,,,,,,,,,"Black,White, Red",,,,FM radio
Karbonn,Karbonn Titanium S99,https://www.gsmarena.com/karbonn_titanium_s99-7210.php,https://fdn2.gsmarena.com/vv/bigpic/karbonn-s99.jpg,GSM / HSPA,No,"2014, June. Released 2014, June",Discontinued,133 x 66 x 9.7 mm (5.24 x 2.60 x 0.38 in),,,,Dual SIM,IPS LCD,,4.0,480x800,233,51.9,,Android 4.4 (KitKat),,,Quad-core 1.3 GHz,,,,4,4,,5.0,1,,No,,No,LED flash,Yes,,No,,,"Wi-Fi 802.11 b/g/n, hotspot",No,2.0,Micro-USB,Yes,GPS,Yes,1400,,,No,,,,,,,,,,,"Black,White",,,,FM radio
Karbonn,Karbonn Sparkle V,https://www.gsmarena.com/karbonn_sparkle_v-6687.php,https://fdn2.gsmarena.com/vv/bigpic/karbonn-sparkle-v.jpg,GSM / HSPA,No,"2014, September. Released 2014, September",Discontinued,132 x 67 x 9.2 mm (5.20 x 2.64 x 0.36 in),138.0,,,Dual SIM,IPS LCD,,4.5,480x854,218,63.1,,"Android 4.4.4 (KitKat), upgradable to 6.0 (Marshmallow), Android One",Mediatek MT6582 (28 nm),28,Quad-core 1.3 GHz Cortex-A7,Mali-400MP2,1,1,4,4,,5.0,1,,No,,No,LED flash,720p,2.0,No,,,"Wi-Fi 802.11 b/g/n, hotspot",No,4.0,Micro-USB,Yes,GPS,"Accelerometer, proximity",1700,,,No,,,80.0,,,,,,,,Red,,,,FM radio
Karbonn,Karbonn Titanium S19,https://www.gsmarena.com/karbonn_titanium_s19-6597.php,https://fdn2.gsmarena.com/vv/bigpic/karbonn-titanium-s19.jpg,GSM / HSPA,No,"2014, August. Released 2014, August",Discontinued,-,,,,Dual SIM,IPS LCD,,5.0,720x1280,294,,,Android 4.4.2 (KitKat),,,Quad-core 1.3 GHz,,1,1,8,8,,13.0,1,,No,,No,LED flash,Yes,5.0,No,,,"Wi-Fi 802.11 b/g/n, hotspot",No,4.0,Micro-USB,Yes,GPS,"Accelerometer, proximity",2000,,,No,,,110.0,,,,,,,,"Black, White",,,,FM radio
Karbonn,Karbonn Smart A12 Star,https://www.gsmarena.com/karbonn_smart_a12_star-6530.php,https://fdn2.gsmarena.com/vv/bigpic/karbonn-smart-a12-star.jpg,GSM / HSPA,No,"2014, July. Released 2014, July",Discontinued,124.2 x 64.2 x 10.1 mm (4.89 x 2.53 x 0.40 in),130.0,,,"Dual SIM (Micro-SIM, dual stand-by)",IPS LCD,,4.0,480x800,233,57.1,,Android 4.4.2 (KitKat),,,Dual-core 1.2 GHz,,,,4,4,,5.0,1,,No,,No,LED flash,Yes,,No,,,"Wi-Fi 802.11 b/g/n, hotspot",No,2.0,Micro-USB,Yes,GPS,"Accelerometer, proximity",1400,,,No,,,50.0,,,,,,,,Black,,,0.79 W/kg (head),FM radio
Karbonn,Karbonn Titanium S1 Plus,https://www.gsmarena.com/karbonn_titanium_s1_plus-6372.php,https://fdn2.gsmarena.com/vv/bigpic/karbonn-titanium-s1-plus.jpg,GSM / HSPA,No,"2014, May. Released 2014, May",Discontinued,124 x 64 x 10.3 mm (4.88 x 2.52 x 0.41 in),129.0,,,Dual SIM,TFT,,4.0,480x800,233,57.4,,Android 4.3 (Jelly Bean),,,Quad-core 1.2 GHz,Adreno 302,1,1,4,4,,5.0,1,,No,,No,LED flash,Yes,,No,,,"Wi-Fi 802.11 b/g/n, hotspot",No,2.0,Micro-USB,Yes,GPS,"Accelerometer, proximity",1500,,,No,,,80.0,,,,,,,,White,,,,FM radio
Karbonn,Karbonn Titanium Hexa,https://www.gsmarena.com/karbonn_titanium_hexa-6218.php,https://fdn2.gsmarena.com/vv/bigpic/karbonn-titanium-hexa.jpg,GSM / HSPA,No,"2014, March. Released 2014, April",Discontinued,154 x 76.8 x 6.9 mm (6.06 x 3.02 x 0.27 in),,,,Dual SIM,IPS LCD,,5.5,1080x1920,401,70.5,,Android 4.4.2 (KitKat),Mediatek MT6591,,Hexa-core 1.5 GHz Cortex-A7,Mali-450MP4,2,2,16,16,,13.0,1,,No,,No,"LED flash, panorama",Yes,5.0,No,,,"Wi-Fi 802.11 b/g/n, hotspot",No,4.0,Micro-USB,Yes,GPS,"Accelerometer, proximity",2050,,,No,,,200.0,,,,,,,,"Black, White",,,,No
Karbonn,Karbonn Titanium Octane Plus,https://www.gsmarena.com/karbonn_titanium_octane_plus-6219.php,https://fdn2.gsmarena.com/vv/bigpic/karbonn-titanium-octane-plus.jpg,GSM / HSPA,No,"2014, March. Released 2014, April",Discontinued,147.3 x 72.6 x 7.6 mm (5.80 x 2.86 x 0.30 in),,,,Dual SIM,IPS LCD,,5.0,1080x1920,441,64.4,,Android 4.4.2 (KitKat),Mediatek MT6592 (28 nm),28,Octa-core 1.7 GHz Cortex-A7,Mali-450MP4,2,2,16,16,,16.0,1,,No,,No,"LED flash, panorama",Yes,8.0,No,,,"Wi-Fi 802.11 b/g/n, hotspot",No,4.0,Micro-USB,Yes,GPS,"Accelerometer, gyro, proximity, compass",2000,,,No,,,220.0,,,,,,,,"Black, White",,,,No
Karbonn,Karbonn Titanium Octane,https://www.gsmarena.com/karbonn_titanium_octane-6220.php,https://fdn2.gsmarena.com/vv/bigpic/karbonn-titanium-octane-plus.jpg,GSM / HSPA,No,"2014, March. Released 2014, April",Discontinued,145.7 x 71.2 x 7.9 mm (5.74 x 2.80 x 0.31 in),,,,Dual SIM,IPS LCD,,5.0,720x1280,294,66.4,,Android 4.4.2 (KitKat),Mediatek MT6592 (28 nm),28,Octa-core 1.7 GHz Cortex-A7,Mali-450MP4,1,1,16,16,,13.0,1,,No,,No,"LED flash, panorama",Yes,5.0,No,,,"Wi-Fi 802.11 b/g/n, hotspot",No,4.0,Micro-USB,Yes,GPS,"Accelerometer, gyro, proximity, compass",2000,,,No,,,170.0,,,,,,,,"Black, White",,,,FM radio
Karbonn,Karbonn Titanium X,https://www.gsmarena.com/karbonn_titanium_x-5999.php,https://fdn2.gsmarena.com/vv/bigpic/karbonn-titanium-x.jpg,GSM / HSPA,No,"2014, January. Released 2014, January",Discontinued,143.9 x 70.5 x 9.9 mm (5.67 x 2.78 x 0.39 in),143.0,,,Micro-SIM,IPS LCD,,5.0,1080x1920,441,67.9,,Android 4.2.2 (Jelly Bean),Mediatek MT6589T (28 nm),28,Quad-core 1.5 GHz Cortex-A7,PowerVR SGX544MP2,1,1,16,16,,13.0,1,,No,,No,"Dual-LED flash, HDR, panorama",Yes,5.0,No,,,Wi-Fi 802.11 b/g/n,Yes,4.0,Micro-USB,Yes,GPS,"Accelerometer, proximity",2300,,,No,,,200.0,,,,,,,,Black,,,,FM radio
Karbonn,Karbonn A16,https://www.gsmarena.com/karbonn_a16-6172.php,https://fdn2.gsmarena.com/vv/bigpic/karbonn-a16.jpg,GSM / HSPA,No,"2014, January. Released 2014, January",Discontinued,-,,,,Dual SIM,TFT,,3.9,480x800,239,,,Android 4.2 (Jelly Bean),,,Dual-core 1.3 GHz,,,,4,4,,5.0,1,,No,,No,,Yes,,No,,,"Wi-Fi 802.11 b/g/n, hotspot",No,2.0,Micro-USB,Yes,GPS,"Accelerometer, proximity",1350,,,No,,,60.0,,,,,,,,Black,,,,FM radio
Karbonn,Karbonn A12+,https://www.gsmarena.com/karbonn_a12+-5931.php,https://fdn2.gsmarena.com/vv/bigpic/karbonn-a12-plus.jpg,GSM / HSPA,No,"2013, October. Released 2013, October",Discontinued,-,,,,Dual SIM,IPS LCD,,4.0,480x800,233,,,Android 4.2 (Jelly Bean),,,Dual-core 1.3 GHz,,,,4,4,,5.0,1,,No,,No,LED flash,Yes,,No,,,"Wi-Fi 802.11 b/g/n, hotspot",No,,Micro-USB,Yes,GPS,"Accelerometer, proximity",1400,,,No,,,60.0,,,,,,,,Black/White,,,,FM radio
Karbonn,Karbonn Titanium S5 Plus,https://www.gsmarena.com/karbonn_titanium_s5_plus-5925.php,https://fdn2.gsmarena.com/vv/bigpic/karbonn-titanium-s5-plus.jpg,GSM / HSPA,No,"2013, December. Released 2013, December",Discontinued,138 x 70.5 x 7.9 mm (5.43 x 2.78 x 0.31 in),104.5,,,Dual SIM (Mini-SIM),IPS LCD,,5.0,540x960,220,70.8,,Android 4.2.2 (Jelly Bean),,,Quad-core 1.3 GHz,,1,1,4,4,,8.0,1,,No,,No,LED flash,Yes,,No,,,"Wi-Fi 802.11 b/g/n, hotspot",No,,Micro-USB,Yes,GPS,"Accelerometer, proximity",1800,,,No,,,120.0,,,,,,,,"Black, White",,,,FM radio
Karbonn,Karbonn S7 Titanium,https://www.gsmarena.com/karbonn_s7_titanium-5880.php,https://fdn2.gsmarena.com/vv/bigpic/karbonn-titanium-s7.jpg,GSM / HSPA,No,"2013, November. Released 2013, December",Discontinued,143.5 x 72 x 9.3 mm (5.65 x 2.83 x 0.37 in),,,,Dual SIM,IPS LCD,,5.0,1080x1920,441,66.7,,Android 4.2 (Jelly Bean),,,Quad-core 1.5 GHz,,1,1,16,16,,13.0,1,,No,,No,LED flash,Yes,2.0,No,,,"Wi-Fi 802.11 b/g/n, hotspot",No,,Proprietary,Yes,GPS,"Accelerometer, gyro, proximity, compass",2000,,,No,,,180.0,,,,,,,,Black,,,,FM radio
Karbonn,Karbonn S9 Titanium,https://www.gsmarena.com/karbonn_s9_titanium-5645.php,https://fdn2.gsmarena.com/vv/bigpic/karbonn-s9.jpg,GSM / HSPA,No,"2013, July. Released 2013, July",Discontinued,-,,,,Dual SIM,IPS LCD,,5.5,720x1280,267,,,Android 4.2 (Jelly Bean),Mediatek MT6589 (28 nm),28,Quad-core 1.2 GHz Cortex-A7,PowerVR SGX544,1,1,16,16,,13.0,1,,No,,No,LED flash,Yes,5.0,No,,,"Wi-Fi 802.11 b/g/n, hotspot, DLNA",No,,Proprietary,Yes,GPS,"Accelerometer, proximity",2600,,,No,,,170.0,,,,,,,,White,,,,FM radio
Karbonn,Karbonn A10,https://www.gsmarena.com/karbonn_a10-5644.php,https://fdn2.gsmarena.com/vv/bigpic/karbonn-a10.jpg,GSM / HSPA,No,"2013, July. Released 2013, July",Discontinued,-,,,,Dual SIM,IPS LCD,,3.9,480x800,239,,,Android 4.1 (Jelly Bean),Mediatek MT6577 (40 nm),40,Dual-core 1.0 GHz Cortex-A9,PowerVR SGX531u,,,,,,5.0,1,,No,,No,LED flash,Yes,,No,,,"Wi-Fi 802.11 b/g/n, hotspot",No,,Proprietary,Yes,GPS,"Accelerometer, proximity",1400,,,No,,,70.0,,,,,,,,Black,,,,FM radio
Karbonn,Karbonn A5,https://www.gsmarena.com/karbonn_a5-5643.php,https://fdn2.gsmarena.com/vv/bigpic/karbonn-a5.jpg,GSM / HSPA,No,"2013, July. Released 2013, July",Discontinued,-,,,,Dual SIM,"TFT, 256K colors",,3.2,320x480,180,,,Android 2.3 (Gingerbread),,,1.0 GHz,,,,,,,3.15,1,,No,,No,,Yes,,No,,,Wi-Fi 802.11 b/g/n,No,,Proprietary,Yes,GPS,Accelerometer,1200,,,No,,,50.0,,,,,,,,Black,,,,FM radio
Karbonn,Karbonn A37,https://www.gsmarena.com/karbonn_a37-5522.php,https://fdn2.gsmarena.com/vv/bigpic/karbonn-a37.jpg,GSM / HSPA,No,2013. Released 2013,Discontinued,197 x 124 x 12.3 mm (7.76 x 4.88 x 0.48 in),335.0,,,Dual SIM,TFT,,7.0,480x800,133,57.1,,Android 4.1 (Ice Cream Sandwich),,,Dual-core 1.0 GHz,,,,4,4,,2.0,1,,No,,No,,Yes,,No,,,"Wi-Fi 802.11 b/g/n, hotspot",No,,Proprietary,Yes,GPS,Accelerometer,3000,,,No,,,100.0,,,,,,,,Black/White,,,,FM radio
Karbonn,Karbonn A34,https://www.gsmarena.com/karbonn_a34-5521.php,https://fdn2.gsmarena.com/vv/bigpic/karbonn-a34.jpg,GSM,No,2013. Released 2013,Discontinued,197 x 124 x 12.3 mm (7.76 x 4.88 x 0.48 in),335.0,,,Dual SIM,TFT,,7.0,480x800,133,57.1,,Android 4.0 (Ice Cream Sandwich),Mediatek MT6515,,1.0 GHz Cortex-A9,PowerVR SGX531,,,4,4,,2.0,1,,No,,No,,Yes,,No,,,"Wi-Fi 802.11 b/g/n, hotspot",No,,Proprietary,Yes,GPS,Accelerometer,3000,,,No,,,90.0,,,,,,,,Gray/White,,,,FM radio
Karbonn,Karbonn A25,https://www.gsmarena.com/karbonn_a25-5520.php,https://fdn2.gsmarena.com/vv/bigpic/karbonn-a25.jpg,GSM,No,2013. Released 2013,Discontinued,146 x 78.6 x 10.5 mm (5.75 x 3.09 x 0.41 in),150.0,,,Dual SIM,TFT,,5.0,480x800,187,62.0,,Android 4.0 (Ice Cream Sandwich),,,Dual-core 1.0 GHz,,,,,,,5.0,1,,No,,No,LED flash,Yes,,No,,,Wi-Fi 802.11 b/g/n,No,,Proprietary,Yes,No,"Accelerometer, proximity",2000,,,No,,,80.0,,,,,,,,White/Black,,,0.50 W/kg (head),FM radio
Karbonn,Karbonn A7 Star,https://www.gsmarena.com/karbonn_a7_star-5519.php,https://fdn2.gsmarena.com/vv/bigpic/karbonn-a7.jpg,GSM,No,2013. Released 2013,Discontinued,113 x 66 x 10.4 mm (4.45 x 2.60 x 0.41 in),,,,Dual SIM,TFT,,4.5,480x854,218,74.8,,Android 4.0 (Ice Cream Sandwich),Mediatek MT6517,,Dual-core 1.0 GHz Cortex-A9,PowerVR SGX531u,,,,,,5.0,1,,No,,No,LED flash,Yes,,No,,,Wi-Fi 802.11 b/g/n,No,,Proprietary,Yes,No,"Accelerometer, proximity",1400,,,No,,,70.0,,,,,,,,White/Black,,,0.99 W/kg (head),FM radio
Karbonn,Karbonn A4+,https://www.gsmarena.com/karbonn_a4+-5518.php,https://fdn2.gsmarena.com/vv/bigpic/karbonn-a4plus.jpg,GSM,No,2013. Released 2013,Discontinued,123 x 63 x 10.5 mm (4.84 x 2.48 x 0.41 in),87.5,,,Dual SIM,IPS LCD,,4.0,480x800,233,58.8,,Android 4.0 (Ice Cream Sandwich),,,Dual-core 1.0 GHz,,,,,,,3.15,1,,No,,No,,Yes,,No,,,Wi-Fi 802.11 b/g/n,No,,Proprietary,Yes,No,"Accelerometer, proximity",1250,,,No,,,50.0,,,,,,,,White/Black,,,0.94 W/kg (head),FM radio
Karbonn,Karbonn A2+,https://www.gsmarena.com/karbonn_a2+-5517.php,https://fdn2.gsmarena.com/vv/bigpic/karbonn-a2plus.jpg,GSM,No,2013. Released 2013,Discontinued,124 x 63.6 x 12.4 mm (4.88 x 2.50 x 0.49 in),110.0,,,Dual SIM,TFT,,4.0,480x800,233,57.7,,Android 4.0 (Ice Cream Sandwich),,,,,,,,,,3.15,1,,No,,No,,Yes,,No,,,Wi-Fi 802.11 b/g/n,No,,Proprietary,Yes,No,"Accelerometer, proximity",1750,,,No,,,50.0,,,,,,,,White/Black,,,0.63 W/kg (head),FM radio
Karbonn,Karbonn A27 Retina,https://www.gsmarena.com/karbonn_a27_retina-5508.php,https://fdn2.gsmarena.com/vv/bigpic/karbonn-a27-retina.jpg,GSM / HSPA,No,"2013, March. Released 2013, March",Discontinued,133.6 x 66 x 9.1 mm (5.26 x 2.60 x 0.36 in),126.5,,,Dual SIM (Mini-SIM),IPS LCD,,4.3,540x960,256,57.8,,Android 4.1 (Jelly Bean),,,Dual-core 1.2 GHz,,,,4,4,,8.0,1,,No,,No,LED flash,Yes,2.0,No,,,"Wi-Fi 802.11 b/g/n, Wi-Fi Direct, hotspot",No,,Proprietary,Yes,GPS,Accelerometer,1800,,,No,,,160.0,,,,,,,,Black,,,1.00 W/kg (head),FM radio
Karbonn,Karbonn A111,https://www.gsmarena.com/karbonn_a111-5381.php,https://fdn2.gsmarena.com/vv/bigpic/karbonn-a111.jpg,GSM / HSPA,No,"2013, March. Released 2013, March",Discontinued,148 x 80 x 12 mm (5.83 x 3.15 x 0.47 in),,,,Dual SIM (Mini-SIM),TFT,,5.0,480x800,187,60.1,,Android 4.0 (Ice Cream Sandwich),,,Dual-core 1.2 GHz,,,,4,4,,5.0,1,,No,,No,LED flash,Yes,,No,,,"Wi-Fi 802.11 b/g/n, hotspot",No,,Proprietary,Yes,GPS,Accelerometer,2150,,,No,,,150.0,,,,,,,,White/Black,,,0.87 W/kg (head),FM radio
Karbonn,Karbonn A6,https://www.gsmarena.com/karbonn_a6-5380.php,https://fdn2.gsmarena.com/vv/bigpic/karbonn-a6.jpg,GSM,No,"2013, March. Released 2013, March",Discontinued,128 x 65.7 x 11.6 mm (5.04 x 2.59 x 0.46 in),114.5,,,Dual SIM (Mini-SIM),"IPS LCD, 256K colors",,4.0,480x800,233,54.2,,Android 4.0 (Ice Cream Sandwich),,,1.0 GHz,,,,,,,5.0,1,,No,,No,LED flash,Yes,,No,,,"Wi-Fi 802.11 b/g/n, hotspot",No,,Proprietary,Yes,No,Accelerometer,1450,,,No,,,80.0,,,,,,,,White/Black,,,0.87 W/kg (head),FM radio
Karbonn,Karbonn A4,https://www.gsmarena.com/karbonn_a4-5379.php,https://fdn2.gsmarena.com/vv/bigpic/karbonn-a4.jpg,GSM / HSPA,No,"2013, March. Released 2013, March",Discontinued,124.8 x 66 x 9.5 mm (4.91 x 2.60 x 0.37 in),75.0,,,Dual SIM (Mini-SIM),"TFT, 256K colors",,4.0,320x480,144,57.8,,Android 2.3.6 (Gingerbread),,,,,,,,,,3.15,1,,No,,No,,Yes,,No,,,"Wi-Fi 802.11 b/g/n, hotspot",No,,Proprietary,Yes,No,Accelerometer,1400,,,No,,,70.0,,,,,,,,White/Black,,,,FM radio
Karbonn,Karbonn A3,https://www.gsmarena.com/karbonn_a3-5378.php,https://fdn2.gsmarena.com/vv/bigpic/karbonn-a3.jpg,GSM,No,"2013, March. Released 2013, March",Discontinued,113 x 61 x 13.5 mm (4.45 x 2.40 x 0.53 in),90.0,,,Dual SIM (Mini-SIM),TFT,,4.0,320x480,144,69.1,,Android 2.3.6 (Gingerbread),,,1.0 GHz,,,,,,,3.15,1,,No,,No,,Yes,,No,,,"Wi-Fi 802.11 b/g/n, hotspot",No,,Proprietary,Yes,No,Accelerometer,1400,,,No,,,70.0,,,,,,,,White/Black,,,,FM radio
Karbonn,Karbonn A2,https://www.gsmarena.com/karbonn_a2-5377.php,https://fdn2.gsmarena.com/vv/bigpic/karbonn-a2.jpg,GSM,No,"2013, March. Released 2013, March",Discontinued,124 x 63.6 x 12.4 mm (4.88 x 2.50 x 0.49 in),110.0,,,Dual SIM (Mini-SIM),TFT,,4.0,480x800,233,57.7,,Android 2.3.6 (Gingerbread),,,,,,,,,,3.15,1,,No,,No,,Yes,,No,,,No,No,,Proprietary,Yes,No,Accelerometer,1750,,,No,,,70.0,,,,,,,,White/Black,,,,FM radio
Karbonn,Karbonn S5 Titanium,https://www.gsmarena.com/karbonn_s5_titanium-5374.php,https://fdn2.gsmarena.com/vv/bigpic/karbonn-s5-titanium.jpg,GSM / HSPA,No,"2013, March. Released 2013, May",Discontinued,144 x 72 x 9 mm (5.67 x 2.83 x 0.35 in),200.0,,,Dual SIM (Mini-SIM),IPS LCD,,5.0,540x960,220,66.5,,Android 4.1 (Jelly Bean),Qualcomm MSM8225Q Snapdragon S4 Play,,Quad-core 1.2 GHz Cortex-A5,Adreno 203,1,1,4,4,,8.0,1,,No,,No,LED flash,Yes,2.0,No,,,"Wi-Fi 802.11 b/g/n, hotspot",No,2.1,Micro-USB,Yes,GPS,"Accelerometer, proximity",2000,,,No,,,160.0,,,,,,,,Blue,,,,FM radio
Karbonn,Karbonn S1 Titanium,https://www.gsmarena.com/karbonn_s1_titanium-5273.php,https://fdn2.gsmarena.com/vv/bigpic/karbonn-s1.jpg,GSM / HSPA,No,"2013, January. Released 2013, January",Discontinued,134.6 x 66 x 9.3 mm (5.30 x 2.60 x 0.37 in),,,,Dual SIM (Mini-SIM),IPS LCD,,4.5,540x960,245,62.8,,Android 4.1 (Jelly Bean),,,Quad-core 1.2 GHz,,1,1,4,4,,5.0,1,,No,,No,LED flash,Yes,,No,,,"Wi-Fi 802.11 b/g/n, hotspot",No,,Micro-USB,Yes,GPS,"Accelerometer, proximity",1600,,,No,,,150.0,,,,,,,,"Black, White",,,,FM radio
Karbonn,Karbonn Smart Tab 9,https://www.gsmarena.com/karbonn_smart_tab_9-5219.php,https://fdn2.gsmarena.com/vv/bigpic/karbonn-st9.jpg,No cellular connectivity,No,2012. Released 2012,Discontinued,-,,,,No,TFT,,9.0,480x800,104,,,Android 4.0.4 (Ice Cream Sandwich),,,1.2 GHz,,,,2,2,,1.3,1,,No,,No,,Yes,,No,,,Wi-Fi 802.11 b/g/n,No,,Proprietary,Yes,No,Accelerometer,4000,,,No,,,90.0,,,,,,,,Black/White,,,,No
Karbonn,Karbonn Smart Tab 8,https://www.gsmarena.com/karbonn_smart_tab_8-5215.php,https://fdn2.gsmarena.com/vv/bigpic/karbonn-st8.jpg,No cellular connectivity,No,2012. Released 2012,Discontinued,-,,,,No,TFT,,8.0,1024x768,160,,,Android 4.1.1 (Jelly Bean),,,Dual-core 1.5 GHz Cortex-A9,,1,1,5,5,,3.15,1,,No,,No,,Yes,,No,,,Wi-Fi 802.11 b/g/n,No,,Proprietary,Yes,No,Accelerometer,4500,,,No,,,100.0,,,,,,,,Black/White,,,,No
Karbonn,Karbonn Smart Tab 10,https://www.gsmarena.com/karbonn_smart_tab_10-5216.php,https://fdn2.gsmarena.com/vv/bigpic/karbonn-st10.jpg,No cellular connectivity,No,2012. Released 2012,Discontinued,-,,,,No,TFT,,9.7,1024x768,132,,,Android 4.1.1 (Jelly Bean),,,Dual-core 1.5 GHz Cortex-A9,Mali-400,1,1,5,5,,2.0,1,,No,,No,,Yes,,No,,,Wi-Fi 802.11 b/g/n,No,,Proprietary,Yes,No,Accelerometer,6000,,,No,,,140.0,,,,,,,,Black/White,,,,No
Karbonn,Karbonn Smart Tab2,https://www.gsmarena.com/karbonn_smart_tab2-5220.php,https://fdn2.gsmarena.com/vv/bigpic/karbonn-st72.jpg,No cellular connectivity,No,2012. Released 2012,Discontinued,-,,,,No,TFT,,7.0,480x800,133,,Corning Gorilla Glass,Android 4.1 (Jelly Bean),,,1.2 GHz,,,,1,1,,2.0,1,,No,,No,,Yes,,No,,,"Wi-Fi 802.11 b/g/n, Wi-Fi Direct",No,4.0,Proprietary,Yes,No,Accelerometer,3700,,,No,,,70.0,,,,,,,,Black/White,,,,No
Karbonn,Karbonn Smart Tab 7,https://www.gsmarena.com/karbonn_smart_tab_7-5217.php,https://fdn2.gsmarena.com/vv/bigpic/karbonn-st7.jpg,No cellular connectivity,No,2012. Released 2012,Discontinued,-,,,,No,TFT,,8.0,480x800,117,,,"Android 4.0 (Ice Cream Sandwich), upgradable to 4.1 (Jelly Bean)",Vivante GC860,,1.2 GHz,Mali-400,,,1,1,,2.0,1,,No,,No,,Yes,,No,,,Wi-Fi 802.11 b/g/n,No,4.0,Proprietary,Yes,No,Accelerometer,3700,,,No,,,80.0,,,,,,,,Black/White,,,,No
Karbonn,Karbonn KT21 Express,https://www.gsmarena.com/karbonn_kt21_express-5175.php,https://fdn2.gsmarena.com/vv/bigpic/karbonn-kt21.jpg,No cellular connectivity,No,2012,Discontinued,-,,,,Dual SIM (Mini-SIM),TFT,,2.8,240x320,,,,,,,,,,,,,,3.15,1,,No,,No,LED flash,Yes,,No,,,No,No,2.0,Micro-USB,Yes,No,Proximity,1000,,,No,,,40.0,,,,,,,,Black,,,,"FM radio, recording"
Karbonn,Karbonn K65 Buzz,https://www.gsmarena.com/karbonn_k65_buzz-5176.php,https://fdn2.gsmarena.com/vv/bigpic/karbonn-k65-buzz.jpg,GSM,No,2012,Discontinued,-,,,,Dual SIM (Mini-SIM),TFT,,3.5,320x480,,,,,,,,,,,,,,2.0,1,,No,,No,,Yes,,No,,,No,No,2.0,Micro-USB,Yes,No,,1200,,,No,,,40.0,,,,,,,,White,,,1.08 W/kg (head),"FM radio, recording"
Karbonn,Karbonn K9 Jumbo,https://www.gsmarena.com/karbonn_k9_jumbo-5177.php,https://fdn2.gsmarena.com/vv/bigpic/karbonn-k9.jpg,GSM,No,2012,Discontinued,115 x 50 x 15.5 mm (4.53 x 1.97 x 0.61 in),112.0,,,Dual SIM (Mini-SIM),"TFT, 256K colors",,2.4,240x320,167,31.0,,,,,,,,,,,,1.3,1,,No,,No,,480p,,No,,,No,No,2.0,Micro-USB,Yes,No,,1800,,,No,,,30.0,,,,,,,,"Black, Red",,,,"FM radio, recording"
Karbonn,Karbonn A9,https://www.gsmarena.com/karbonn_a9-5178.php,https://fdn2.gsmarena.com/vv/bigpic/karbonn-a9.jpg,GSM / HSPA,No,2012,Discontinued,120 x 60.5 x 11.3 mm (4.72 x 2.38 x 0.44 in),,,,Dual SIM (Mini-SIM),"TFT, 256K colors",,3.8,480x800,246,56.6,,Android 2.3.6 (Gingerbread),,,1.0 GHz,,,,,,,5.0,1,,No,,No,LED flash,Yes,,No,,,Wi-Fi 802.11 b/g/n,No,2.1,Micro-USB,Yes,GPS,"Accelerometer, proximity",1600,,,No,,,110.0,,,,,,,,"Black, White",,0.68 W/kg (head),,FM radio
Karbonn,Karbonn KT62,https://www.gsmarena.com/karbonn_kt62-5179.php,https://fdn2.gsmarena.com/vv/bigpic/karbonn-kt62.jpg,GSM,No,2012,Discontinued,100 x 55 x 13 mm (3.94 x 2.17 x 0.51 in),85.0,,,Dual SIM (Mini-SIM),TFT,,2.8,240x320,143,44.1,,,,,,,,,,,,,1,,No,,No,,Yes,,No,,,No,No,2.0,Micro-USB,Yes,No,,1000,,,No,,,30.0,,,,,,,,Black/Red,,,1.04 W/kg (head),FM radio
Karbonn,Karbonn K52 Groovster,https://www.gsmarena.com/karbonn_k52_groovster-5180.php,https://fdn2.gsmarena.com/vv/bigpic/karbonn-k52.jpg,GSM,No,2012,Discontinued,115 x 52 x 15.2 mm (4.53 x 2.05 x 0.60 in),,,,Dual SIM (Mini-SIM),TFT,,2.4,240x320,167,29.8,,,,,,,,,,,,1.3,1,,No,,No,,Yes,,No,,,No,No,2.0,Micro-USB,No,No,,1800,,,No,,,20.0,,,,,,,,"Black/Red, Silver/Black",,,0.58 W/kg (head),"FM radio, recording"
Karbonn,Karbonn K309 Boombastic,https://www.gsmarena.com/karbonn_k309_boombastic-5181.php,https://fdn2.gsmarena.com/vv/bigpic/karbonn-k309.jpg,GSM,No,2012,Discontinued,113 x 49 x 15.2 mm (4.45 x 1.93 x 0.60 in),85.0,,,Dual SIM (Mini-SIM),"TFT, 65K colors",,,176x220,,,,,,,,,,,,,,,1,,No,,No,,,,No,,,No,No,2.0,Micro-USB,No,No,,1500,,,No,,,20.0,,,,,,,,Black/Red,,,0.75 W/kg (head),FM radio
Karbonn,Karbonn K4+ Titan,https://www.gsmarena.com/karbonn_k4+_titan-5182.php,https://fdn2.gsmarena.com/vv/bigpic/karbonn-k4+.jpg,GSM,No,2012,Discontinued,118.8 x 52.5 x 14.9 mm (4.68 x 2.07 x 0.59 in),95.0,,,Dual SIM (Mini-SIM),"TFT, 65K colors",,2.6,240x320,154,33.6,,,,,,,,,,,,1.3,1,,No,,No,,Yes,,No,,,No,No,2.0,Micro-USB,No,No,,2200,,,No,,,30.0,,,,,,,,"Black/Silver, White/Black",,,0.95 W/kg (head),Wireless FM radio (no wired headphones required)
Karbonn,Karbonn K707 Spy II,https://www.gsmarena.com/karbonn_k707_spy_ii-5183.php,https://fdn2.gsmarena.com/vv/bigpic/karbonn-k707.jpg,GSM,No,2012,Discontinued,118.9 x 49.8 x 15.7 mm (4.68 x 1.96 x 0.62 in),100.0,,,Dual SIM (Mini-SIM),"TFT, 65K colors",,2.4,240x320,167,30.1,,,,,,,,,,,,1.3,1,,No,,No,,Yes,,No,,,No,No,2.0,Micro-USB,Yes,No,,1800,,,No,,,20.0,,,,,,,,"Black/Silver, Black/Red",,,1.32 W/kg (head),"FM radio, recording"
Karbonn,Karbonn K451+ Sound Wave,https://www.gsmarena.com/karbonn_k451+_sound_wave-5184.php,https://fdn2.gsmarena.com/vv/bigpic/karbonn-k451.jpg,GSM,No,2012,Discontinued,116.5 x 51.9 x 14.6 mm (4.59 x 2.04 x 0.57 in),,,,Dual SIM (Mini-SIM),"TFT, 65K colors",,2.4,240x320,167,29.5,,,,,,,,,,,,1.3,1,,No,,No,,Yes,,No,,,No,No,2.0,Micro-USB,Yes,No,,1800,,,No,,,20.0,,,,,,,,Silver/Black,,,0.45 W/kg (head),"FM radio, recording"
Karbonn,Karbonn K102+ Flair,https://www.gsmarena.com/karbonn_k102+_flair-5185.php,https://fdn2.gsmarena.com/vv/bigpic/karbonn-k102+.jpg,GSM,No,2012,Discontinued,108.9 x 45.6 x 14.5 mm (4.29 x 1.80 x 0.57 in),80.0,,,Dual SIM (Mini-SIM),"TFT, 65K colors",,,176x220,,,,,,,,,,,,,,,1,,No,,No,,Yes,,No,,,No,No,2.0,Micro-USB,No,No,,1000,,,No,,,20.0,,,,,,,,"Golden/White, Black/Red",,,0.94 W/kg (head),FM radio
Karbonn,Karbonn KC540 Blaze,https://www.gsmarena.com/karbonn_kc540_blaze-5186.php,https://fdn2.gsmarena.com/vv/bigpic/karbonn-kc540.jpg,GSM,No,2012,Discontinued,111.2 x 46.8 x 13.9 mm (4.38 x 1.84 x 0.55 in),80.0,,,Dual SIM (Mini-SIM),"TFT, 65K colors",,2.2,240x320,182,28.8,,,,,,,,,,,,1.3,1,,No,,No,,Yes,,No,,,No,No,2.0,Micro-USB,No,No,,1000,,,No,,,40.0,,,,,,,,White,,,0.70 W/kg (head),"FM radio, recording"
Karbonn,Karbonn K1+ Stereo,https://www.gsmarena.com/karbonn_k1+_stereo-5187.php,https://fdn2.gsmarena.com/vv/bigpic/karbonn-k1+.jpg,GSM,No,2012,Discontinued,109 x 44 x 14.4 mm (4.29 x 1.73 x 0.57 in),78.0,,,Dual SIM (Mini-SIM),"TFT, 65K colors",,1.77,128x160,116,20.6,,,,,,,,,,,,,1,,No,,No,,Yes,,No,,,No,No,2.0,Micro-USB,No,No,,1000,,,No,,,30.0,,,,,,,,"White/Black, Black/Red",,,0.85 W/kg (head),FM radio
Karbonn,Karbonn A1+,https://www.gsmarena.com/karbonn_a1+-5188.php,https://fdn2.gsmarena.com/vv/bigpic/karbonn-a1+.jpg,GSM,No,2012,Discontinued,114.5 x 60.6 x 13.8 mm (4.51 x 2.39 x 0.54 in),130.0,,,Dual SIM (Mini-SIM),"TFT, 256K colors",,3.5,320x480,165,52.6,,Android 2.3.6 (Gingerbread),,,1.0 GHz,,,,,,,3.0,1,,No,,No,,Yes,,No,,,Wi-Fi 802.11 b/g,No,2.1,Micro-USB,Yes,No,"Accelerometer, proximity",1500,,,No,,,50.0,,,,,,,,Ivory White,,0.66 W/kg (head),,FM radio
Karbonn,Karbonn A21,https://www.gsmarena.com/karbonn_a21-5189.php,https://fdn2.gsmarena.com/vv/bigpic/karbonn-a21.jpg,GSM / HSPA,No,2012,Discontinued,-,,,,Dual SIM (Mini-SIM),"TFT, 256K colors",,4.5,480x800,207,,,Android 4.0 (Ice Cream Sandwich),,,Dual-core 1.2 GHz,,,,4,4,,5.0,1,,No,,No,LED flash,Yes,1.3,No,,,Wi-Fi 802.11 b/g/n,No,2.1,Micro-USB,Yes,GPS,"Accelerometer, proximity",1800,,,No,,,130.0,,,,,,,,Pearl White,,,0.44 W/kg (head),No
Karbonn,Karbonn A11,https://www.gsmarena.com/karbonn_a11-5190.php,https://fdn2.gsmarena.com/vv/bigpic/karbonn-a11.jpg,GSM / HSPA,No,2012,Discontinued,-,,,,Dual SIM (Mini-SIM),"TFT, 256K colors",,4.0,480x800,233,,,Android 4.0.4 (Ice Cream Sandwich),,,1.0 GHz,,,,4,4,,5.0,1,,No,,No,LED flash,Yes,1.3,No,,,Wi-Fi 802.11 b/g/n,No,4.0,Micro-USB,Yes,GPS,"Accelerometer, proximity",1500,,,No,,,100.0,,,,,,,,Black/White,,,1.12 W/kg (head),No
Karbonn,Karbonn K36+ Jumbo Mini,https://www.gsmarena.com/karbonn_k36+_jumbo_mini-5191.php,https://fdn2.gsmarena.com/vv/bigpic/karbonn-k36+.jpg,GSM,No,2012,Discontinued,111 x 47 x 16.5 mm (4.37 x 1.85 x 0.65 in),92.0,,,Dual SIM (Mini-SIM),"TFT, 65K colors",,1.8,128x160,114,19.5,,,,,,,,,,,,,1,,No,,No,,Yes,,No,,,No,No,2.0,Micro-USB,No,No,,1800,,,No,,,20.0,,,,,,,,Black,,,,"FM radio, recording"
Karbonn,Karbonn K101+ Media Champ,https://www.gsmarena.com/karbonn_k101+_media_champ-5192.php,https://fdn2.gsmarena.com/vv/bigpic/karbonn-k101+.jpg,GSM,No,2012,Discontinued,104 x 44.7 x 15.3 mm (4.09 x 1.76 x 0.60 in),69.0,,,Dual SIM (Mini-SIM),"TFT, 65K colors",,1.8,128x160,114,21.9,,,,,,,,,,,,,1,,No,,No,,Yes,,No,,,No,No,2.0,Micro-USB,No,No,,800,,,No,,,10.0,,,,,,,,"Black, Black/Red",,,0.95 W/kg (head),"FM radio, recording"
Karbonn,Karbonn K440,https://www.gsmarena.com/karbonn_k440-5193.php,https://fdn2.gsmarena.com/vv/bigpic/karbonn-k440.jpg,GSM,No,2012,Discontinued,119.5 x 54 x 13.5 mm (4.70 x 2.13 x 0.53 in),,,,Dual SIM (Mini-SIM),"TFT, 256K colors",,2.6,240x320,154,32.4,,,,,,,,,,,,1.3,1,,No,,No,,Yes,,No,,,No,No,2.0,Micro-USB,No,No,,2100,,,No,,,30.0,,,,,,,,"Black/White, Black/Red",,,,"FM radio, recording"
Karbonn,Karbonn A9+,https://www.gsmarena.com/karbonn_a9+-5194.php,https://fdn2.gsmarena.com/vv/bigpic/karbonn-A9+.jpg,GSM / HSPA,No,2012,Discontinued,120 x 60.5 x 11.3 mm (4.72 x 2.38 x 0.44 in),,,,Dual SIM (Mini-SIM),IPS LCD,,4.0,480x800,233,62.7,,Android 4.0 (Ice Cream Sandwich),,,Dual-core 1.2 GHz,,,,4,4,,5.0,1,,No,,No,LED flash,Yes,1.3,No,,,"Wi-Fi 802.11 b/g/n, Wi-Fi Direct, hotspot",No,2.0,Micro-USB,Yes,GPS,"Accelerometer, proximity",1420,,,No,,,120.0,,,,,,,,Pearl White,,0.66 W/kg (head),,FM radio
Karbonn,Karbonn K11+,https://www.gsmarena.com/karbonn_k11+-5195.php,https://fdn2.gsmarena.com/vv/bigpic/karbonn-k11+.jpg,GSM,No,2012,Discontinued,-,61.0,,,Dual SIM (Mini-SIM),"TFT, 65K colors",,2.4,240x320,167,,,,,,,,,,,,,,1,,No,,No,,Yes,,No,,,No,No,2.0,Micro-USB,No,No,,1000,,,No,,,30.0,,,,,,,,"Black/Red, White/Black",,,,FM radio
Karbonn,Karbonn A15,https://www.gsmarena.com/karbonn_a15-5196.php,https://fdn2.gsmarena.com/vv/bigpic/karbonn-a15.jpg,GSM / HSPA,No,2012,Discontinued,-,,,,Dual SIM (Mini-SIM),TFT,,4.0,480x800,233,,,Android 4.0.4 (Ice Cream Sandwich),,,1.0 GHz,,,,4,5,,3.15,1,,No,,No,,Yes,,No,,,Wi-Fi 802.11 b/g/n,No,2.0,Micro-USB,Yes,GPS,Accelerometer,1420,,,No,,,80.0,,,,,,,,Black,,0.59 W/kg (head),,FM radio
Karbonn,Karbonn A30,https://www.gsmarena.com/karbonn_a30-5197.php,https://fdn2.gsmarena.com/vv/bigpic/karbonn-a30.jpg,GSM / HSPA,No,2012,Discontinued,166 x 91 x 10.7 mm (6.54 x 3.58 x 0.42 in),280.0,,,Dual SIM (Mini-SIM),"TFT, 256K colors",,5.9,480x800,158,65.6,,Android 4.0.4 (Ice Cream Sandwich),,,Dual-core 1.0 GHz,,,,4,4,,8.0,1,,No,,No,LED flash,Yes,1.3,No,,,"Wi-Fi 802.11 b/g/n, hotspot",No,2.0,Micro-USB,Yes,GPS,Accelerometer,2500,,,No,,,160.0,,,,,,,,Black/White,,,0.46 W/kg (head),FM radio
