Model_Name,Brand,Brand_norm,tier,npr_price,Price_EUR,Announced_Year,5G_Support,Chipset,Chipset_Is_Flagship,Chipset_Brand,Chipset_Family,RAM_GB,RAM_Max_GB,Storage_GB,Storage_Max_GB,Refresh_Rate_Hz,Display_Size_inch,Display_Type,Battery_mAh,Wired_Charging_W,Main_Camera_MP,Selfie_Camera_MP,Lens_Count,OIS,AnTuTu_Score,GeekBench_Score,OS,NFC,Colors,is_cold_start_phone
Acer Super ZX,Acer,Acer,Budget,14000.0,100.0,2025.0,Yes,Mediatek Dimensity 6300 (6 nm),0,Mediatek,Dimensity,4.0,8.0,128.0,128.0,120.0,6.78,"IPS LCD, 120Hz",5000.0,33.0,64.0,12.0,3.0,No,551891.0,1980.0,Android 15,No,"Carbon Black, Cosmic Green, Lunar Blue",0
Acer Acerone Liquid S262F5,Acer,Acer,Mid,36400.0,260.0,2025.0,Yes,Mediatek Dimensity 6400 (6 nm),0,Mediatek,Dimensity,8.0,8.0,128.0,128.0,90.0,6.76,"IPS LCD, 90Hz, 380 nits",5000.0,20.0,64.0,16.0,3.0,No,590471.0,2047.0,Android 16,No,Dark Blue,0
Acer Iconia iM11-22M5G,Acer,Acer,Mid,32200.0,230.0,2026.0,Yes,Mediatek Dimensity 7050 (6 nm),0,Mediatek,Dimensity,8.0,8.0,128.0,128.0,90.0,11.45,"IPS LCD, 90Hz, 450 nits",7400.0,18.0,16.0,8.0,2.0,No,792749.5,2398.0,Android 15,No,Silver,0
alcatel V3 Ultra,Alcatel,Alcatel,Budget,23117.981651376147,165.12844036697248,2025.0,Yes,Mediatek Dimensity 6300 (6 nm),0,Mediatek,Dimensity,6.0,8.0,128.0,128.0,120.0,6.8,"IPS LCD, 120Hz, 650 nits",5010.0,33.0,108.0,32.0,3.0,No,551891.0,1980.0,"Android 14, up to 3 major Android upgrades",Yes,"Hyper Blue, Champagne Gold, Ocean Grey",0
alcatel V3 Pro,Alcatel,Alcatel,Mid,26600.0,190.0,2025.0,Yes,Mediatek Dimensity 6300 (6 nm),0,Mediatek,Dimensity,8.0,8.0,256.0,256.0,120.0,6.67,"IPS LCD, 120Hz, 570 nits (typ)",5200.0,18.0,50.0,8.0,2.0,No,551891.0,1980.0,"Android 15, up to 3 major Android upgrades",Yes,"Matcha Green, Metallic Grey",0
alcatel V3 Classic,Alcatel,Alcatel,Budget,18200.0,130.0,2025.0,Yes,Mediatek Dimensity 6300 (6 nm),0,Mediatek,Dimensity,4.0,6.0,128.0,128.0,120.0,6.67,"IPS LCD, 120Hz, 570 nits",5200.0,18.0,50.0,8.0,1.0,No,551891.0,1980.0,"Android 15, up to 3 major Android upgrades",Yes,"Halo White, Cosmic Grey",0
Apple iPhone 12 Pro Max,Apple,Apple,Mid,47600.0,340.0,2020.0,Yes,Apple A14 Bionic (5 nm),0,Apple,A-Series,6.0,6.0,128.0,512.0,60.0,6.7,"Super Retina XDR OLED, HDR10, Dolby Vision, 800 nits (HBM), 1200 nits (peak)",3687.0,15.0,12.0,12.0,3.0,Yes,638584.0,4240.0,"iOS 14.1, upgradable to iOS 26.5",Yes,"Silver, Graphite, Gold, Pacific Blue",0
Apple iPhone 12 Pro,Apple,Apple,Mid,34860.0,249.0,2020.0,Yes,Apple A14 Bionic (5 nm),0,Apple,A-Series,6.0,6.0,128.0,512.0,60.0,6.1,"Super Retina XDR OLED, HDR10, Dolby Vision, 800 nits (HBM), 1200 nits (peak)",2815.0,15.0,12.0,12.0,3.0,Yes,596244.0,4056.0,"iOS 14.1, upgradable to iOS 26.5",Yes,"Silver, Graphite, Gold, Pacific Blue",0
Apple iPhone 12,Apple,Apple,Mid,26460.0,189.0,2020.0,Yes,Apple A14 Bionic (5 nm),0,Apple,A-Series,4.0,4.0,64.0,256.0,60.0,6.1,"Super Retina XDR OLED, HDR10, Dolby Vision, 625 nits (HBM), 1200 nits (peak)",2815.0,15.0,12.0,12.0,2.0,Yes,568674.0,4067.0,"iOS 14.1, upgradable to iOS 26.5",Yes,"Black, White, Red, Green, Blue, Purple",0
Apple iPhone 12 mini,Apple,Apple,Budget,22820.0,163.0,2020.0,Yes,Apple A14 Bionic (5 nm),0,Apple,A-Series,4.0,4.0,64.0,256.0,60.0,5.4,"Super Retina XDR OLED, HDR10, Dolby Vision, 625 nits (HBM), 1200 nits (peak)",2227.0,15.0,12.0,12.0,2.0,Yes,589616.0,4174.0,"iOS 14.1, upgradable to iOS 26.5",Yes,"Black, White, Red, Green, Blue, Purple",0
Apple iPad Pro 12.9 (2021),Apple,Apple,Mid,45401.3,324.295,2021.0,Yes,Apple M1,0,Apple,M-Series,8.0,16.0,128.0,512.0,120.0,12.9,"Liquid Retina XDR mini-LED LCD, 120Hz, HDR10, Dolby Vision, 1000 nits (typ), 1600 nits (peak)",10758.0,15.0,12.0,12.0,2.0,No,784933.5,4684.0,"iPadOS 14.5.1, upgradable to iPadOS 26.4",No,"Silver, Space Gray",0
Apple iPad Pro 11 (2021),Apple,Apple,Mid,45401.3,324.295,2021.0,Yes,Apple M1,0,Apple,M-Series,8.0,16.0,128.0,512.0,120.0,11.0,"Liquid Retina IPS LCD, 120Hz, HDR10, Dolby Vision, 600 nits (typ)",7538.0,15.0,12.0,12.0,2.0,No,784933.5,4684.0,"iPadOS 14.5.1, upgradable to iPadOS 26.4",No,"Silver, Space Gray",0
Apple iPhone 13 Pro Max,Apple,Apple,Mid,53200.0,380.0,2021.0,Yes,Apple A15 Bionic (5 nm),0,Apple,A-Series,6.0,6.0,128.0,512.0,120.0,6.7,"Super Retina XDR OLED, 120Hz, HDR10, Dolby Vision, 1000 nits (HBM), 1200 nits (peak)",4352.0,15.0,12.0,12.0,3.0,Yes,801691.0,4706.0,"iOS 15, upgradable to iOS 26.5",Yes,"Graphite, Gold, Silver, Sierra Blue, Alpine Green",0
Apple iPhone 13 Pro,Apple,Apple,Mid,50342.6,359.59,2021.0,Yes,Apple A15 Bionic (5 nm),0,Apple,A-Series,6.0,6.0,128.0,512.0,120.0,6.1,"Super Retina XDR OLED, 120Hz, HDR10, Dolby Vision, 1000 nits (HBM), 1200 nits (peak)",3095.0,15.0,12.0,12.0,3.0,Yes,794348.0,4687.0,"iOS 15, upgradable to iOS 26.5",Yes,"Graphite, Gold, Silver, Sierra Blue, Alpine Green",0
Apple iPhone 13,Apple,Apple,Mid,40460.0,289.0,2021.0,Yes,Apple A15 Bionic (5 nm),0,Apple,A-Series,4.0,4.0,128.0,512.0,60.0,6.1,"Super Retina XDR OLED, HDR10, Dolby Vision, 800 nits (HBM), 1200 nits (peak)",3240.0,15.0,12.0,12.0,2.0,Yes,775519.0,4645.0,"iOS 15, upgradable to iOS 26.5",Yes,"Starlight, Midnight, Blue, Pink, Red, Green",0
Apple iPhone 13 mini,Apple,Apple,Mid,33598.6,239.99,2021.0,Yes,Apple A15 Bionic (5 nm),0,Apple,A-Series,4.0,4.0,128.0,512.0,60.0,5.4,"Super Retina XDR OLED, HDR10, Dolby Vision, 800 nits (HBM), 1200 nits (peak)",2438.0,15.0,12.0,12.0,2.0,Yes,772512.0,4681.0,"iOS 15, upgradable to iOS 26.5",Yes,"Starlight, Midnight, Blue, Pink, Red, Green",0
Apple iPad mini (2021),Apple,Apple,Mid,45401.3,324.295,2021.0,Yes,Apple A15 Bionic (5 nm),0,Apple,A-Series,4.0,4.0,64.0,256.0,60.0,8.3,"Liquid Retina IPS LCD, 500 nits (typ)",5078.0,15.0,12.0,12.0,1.0,No,1413275.0,5725.0,"iPadOS 15, upgradable to iPadOS 26.4",No,"Space Gray, Pink, Purple, Starlight",0
Apple iPhone SE (2022),Apple,Apple,Budget,20160.0,144.0,2022.0,Yes,Apple A15 Bionic (5 nm),0,Apple,A-Series,4.0,4.0,64.0,256.0,60.0,4.7,"Retina IPS LCD, 625 nits (typ)",2018.0,20.0,12.0,7.0,1.0,Yes,723486.0,4629.0,"iOS 15.4, upgradable to iOS 26.5",Yes,"Midnight, Starlight, Red",1
Apple iPad Air (2022),Apple,Apple,Mid,48297.200000000004,344.98,2022.0,Yes,Apple M1,0,Apple,M-Series,8.0,8.0,256.0,256.0,60.0,10.9,"Liquid Retina IPS LCD, 500 nits (typ)",7600.0,15.0,12.0,12.0,1.0,No,886504.5,4816.0,"iPadOS 15.4, upgradable to iPadOS 26.4",No,"Space Gray, Starlight, Pink, Purple, Blue",0
Apple iPad Pro 12.9 (2022),Apple,Apple,Mid,48297.200000000004,344.98,2022.0,Yes,Apple M2,0,Apple,M-Series,8.0,16.0,128.0,512.0,120.0,12.9,"Liquid Retina XDR mini-LED LCD, 120Hz, HDR10, Dolby Vision, 1000 nits (typ), 1600 nits (peak)",10758.0,15.0,12.0,12.0,2.0,No,886504.5,4816.0,"iPadOS 16.1, upgradable to iPadOS 26.4",No,"Silver, Space Gray",0
Apple iPad Pro 11 (2022),Apple,Apple,Mid,48297.200000000004,344.98,2022.0,Yes,Apple M2,0,Apple,M-Series,8.0,16.0,128.0,512.0,120.0,11.0,"Liquid Retina IPS LCD, 120Hz, HDR10, Dolby Vision, 600 nits (typ)",7538.0,15.0,12.0,12.0,2.0,No,886504.5,4816.0,"iPadOS 16.1, upgradable to iPadOS 26.4",No,"Silver, Space Gray",0
Apple iPad (2022),Apple,Apple,Mid,48297.200000000004,344.98,2022.0,Yes,Apple A14 Bionic (5 nm),0,Apple,A-Series,4.0,4.0,64.0,256.0,60.0,10.9,"Liquid Retina IPS LCD, 500 nits (typ)",7606.0,15.0,12.0,12.0,1.0,No,1337390.0,4871.0,"iPadOS 16.1, upgradable to iPadOS 26.4",No,"Silver, Blue, Pink, Yellow",0
Apple iPhone 14 Pro Max,Apple,Apple,Mid,68460.0,489.0,2022.0,Yes,Apple A16 Bionic (4 nm),0,Apple,A-Series,6.0,6.0,128.0,512.0,120.0,6.7,"LTPO Super Retina XDR OLED, 120Hz, HDR10, Dolby Vision, 1000 nits (typ), 2000 nits (HBM)",4323.0,15.0,48.0,12.0,3.0,Yes,955884.0,5423.0,"iOS 16, upgradable to iOS 26.5",Yes,"Space Black, Silver, Gold, Deep Purple",0
Apple iPhone 14 Pro,Apple,Apple,Mid,65240.0,466.0,2022.0,Yes,Apple A16 Bionic (4 nm),0,Apple,A-Series,6.0,6.0,128.0,512.0,120.0,6.1,"LTPO Super Retina XDR OLED, 120Hz, HDR10, Dolby Vision, 1000 nits (typ), 2000 nits (HBM)",3200.0,15.0,48.0,12.0,3.0,Yes,968412.0,5346.0,"iOS 16, upgradable to iOS 26.5",Yes,"Space Black, Silver, Gold, Deep Purple",0
Apple iPhone 14 Plus,Apple,Apple,Mid,48297.200000000004,344.98,2022.0,Yes,Apple A15 Bionic (5 nm),0,Apple,A-Series,6.0,6.0,128.0,512.0,60.0,6.7,"Super Retina XDR OLED, HDR10, Dolby Vision, 800 nits (HBM), 1200 nits (peak)",4323.0,15.0,12.0,12.0,2.0,Yes,797976.0,4582.0,"iOS 16, upgradable to iOS 26.5",Yes,"Midnight, Purple, Starlight, Blue, Red, Yellow",0
Apple iPhone 14,Apple,Apple,Mid,44520.0,318.0,2022.0,Yes,Apple A15 Bionic (5 nm),0,Apple,A-Series,6.0,6.0,128.0,512.0,60.0,6.1,"Super Retina XDR OLED, HDR10, Dolby Vision, 800 nits (HBM), 1200 nits (peak)",3279.0,15.0,12.0,12.0,2.0,Yes,817125.0,4761.0,"iOS 16, upgradable to iOS 26.5",Yes,"Midnight, Purple, Starlight, Blue, Red, Yellow",0
Apple iPhone 15 Pro Max,Apple,Apple,Flagship,92540.0,661.0,2023.0,Yes,Apple A17 Pro (3 nm),1,Apple,A-Series,8.0,8.0,256.0,512.0,120.0,6.7,"LTPO Super Retina XDR OLED, 120Hz, HDR10, Dolby Vision, 1000 nits (typ), 2000 nits (HBM)",4441.0,15.0,48.0,12.0,3.0,Yes,1487203.0,7237.0,"iOS 17, upgradable to iOS 26.5",Yes,"Black Titanium, White Titanium, Blue Titanium, Natural Titanium",0
Apple iPhone 15 Pro,Apple,Apple,Flagship,76309.8,545.07,2023.0,Yes,Apple A17 Pro (3 nm),1,Apple,A-Series,8.0,8.0,128.0,512.0,120.0,6.1,"LTPO Super Retina XDR OLED, 120Hz, HDR10, Dolby Vision, 1000 nits (typ), 2000 nits (HBM)",3274.0,15.0,48.0,12.0,3.0,Yes,1503813.0,7397.0,"iOS 17, upgradable to iOS 26.5",Yes,"Black Titanium, White Titanium, Blue Titanium, Natural Titanium",0
Apple iPhone 15 Plus,Apple,Apple,Mid,63877.799999999996,456.27,2023.0,Yes,Apple A16 Bionic (4 nm),0,Apple,A-Series,6.0,6.0,128.0,512.0,60.0,6.7,"Super Retina XDR OLED, HDR10, Dolby Vision, 1000 nits (HBM), 2000 nits (peak)",4383.0,15.0,48.0,12.0,2.0,Yes,1385649.0,6618.0,"iOS 17, upgradable to iOS 26.5",Yes,"Black, Blue, Green, Yellow, Pink",0
Apple iPhone 15,Apple,Apple,Mid,58940.0,421.0,2023.0,Yes,Apple A16 Bionic (4 nm),0,Apple,A-Series,6.0,6.0,128.0,512.0,60.0,6.1,"Super Retina XDR OLED, HDR10, Dolby Vision, 1000 nits (HBM), 2000 nits (peak)",3349.0,15.0,48.0,12.0,2.0,Yes,1354651.0,6526.0,"iOS 17, upgradable to iOS 26.5",Yes,"Black, Blue, Green, Yellow, Pink",0
Apple iPad Pro 13 (2024),Apple,Apple,Flagship,93029.3,664.495,2024.0,Yes,Apple M4,1,Apple,M-Series,8.0,16.0,256.0,512.0,120.0,13.0,"Ultra Retina Tandem OLED, 120Hz, HDR10, Dolby Vision, 1000 nits (HBM), 1600 nits (peak)",10290.0,25.0,12.0,12.0,1.0,No,1783052.0,13160.0,"iPadOS 17.5.1, upgradable to iPadOS 26.4",No,"Silver, Space Black",0
Apple iPad Pro 11 (2024),Apple,Apple,Flagship,93029.3,664.495,2024.0,Yes,Apple M4,1,Apple,M-Series,8.0,16.0,256.0,512.0,120.0,11.0,"Ultra Retina Tandem OLED, 120Hz, HDR10, Dolby Vision, 1000 nits (HBM), 1600 nits (peak)",8160.0,25.0,12.0,12.0,1.0,No,2566792.0,13160.0,"iPadOS 17.5.1, upgradable to iPadOS 26.4",No,"Silver, Space Black",0
Apple iPad Air 13 (2024),Apple,Apple,Flagship,93029.3,664.495,2024.0,Yes,Apple M2,0,Apple,M-Series,8.0,8.0,128.0,512.0,60.0,13.0,"Liquid Retina IPS LCD, 600 nits (typ)",9705.0,45.0,12.0,12.0,1.0,No,1783052.0,8283.0,"iPadOS 17.5.1, upgradable to iPadOS 26.4",No,"Space Gray, Starlight, Purple, Blue",0
Apple iPad Air 11 (2024),Apple,Apple,Flagship,93029.3,664.495,2024.0,Yes,Apple M2,0,Apple,M-Series,8.0,8.0,128.0,512.0,60.0,11.0,"Liquid Retina IPS LCD, 500 nits (typ)",7606.0,45.0,12.0,12.0,1.0,No,1783052.0,8283.0,"iPadOS 17.4, upgradable to iPadOS 26.4",No,"Space Gray, Starlight, Purple, Blue",0
Apple iPad mini (2024),Apple,Apple,Flagship,93029.3,664.495,2024.0,Yes,Apple A17 Pro (3 nm),1,Apple,A-Series,8.0,8.0,128.0,512.0,60.0,8.3,"Liquid Retina IPS LCD, 500 nits (typ)",5078.0,25.0,12.0,12.0,1.0,No,1503813.0,7397.0,"iPadOS 18, upgradable to iPadOS 26.4",No,"Space Gray, Blue, Purple, Starlight",1
Apple iPhone 16 Pro Max,Apple,Apple,Flagship,123198.6,879.99,2024.0,Yes,Apple A18 Pro (3 nm),1,Apple,A-Series,8.0,8.0,256.0,512.0,120.0,6.9,"LTPO Super Retina XDR OLED, 120Hz, HDR10, Dolby Vision, 1000 nits (typ), 2000 nits (HBM)",4685.0,25.0,48.0,12.0,3.0,Yes,1838828.0,8606.0,"iOS 18, upgradable to iOS 26.5",Yes,"Black Titanium, White Titanium, Natural Titanium, Desert Titanium",0
Apple iPhone 16 Pro,Apple,Apple,Flagship,99260.0,709.0,2024.0,Yes,Apple A18 Pro (3 nm),1,Apple,A-Series,8.0,8.0,128.0,512.0,120.0,6.3,"LTPO Super Retina XDR OLED, 120Hz, HDR10, Dolby Vision, 1000 nits (typ), 2000 nits (HBM)",3582.0,25.0,48.0,12.0,3.0,Yes,1871052.0,8283.0,"iOS 18, upgradable to iOS 26.5",Yes,"Black Titanium, White Titanium, Natural Titanium, Desert Titanium",0
Apple iPhone 16 Plus,Apple,Apple,Flagship,86798.6,619.99,2024.0,Yes,Apple A18 (3 nm),1,Apple,A-Series,8.0,8.0,128.0,512.0,60.0,6.7,"Super Retina XDR OLED, HDR10, Dolby Vision, 1000 nits (typ), 2000 nits (HBM)",4674.0,25.0,48.0,12.0,2.0,Yes,1727276.0,7927.0,"iOS 18, upgradable to iOS 26.5",Yes,"Black, White, Pink, Teal, Ultramarine",0
Apple iPhone 16,Apple,Apple,Flagship,78874.59999999999,563.39,2024.0,Yes,Apple A18 (3 nm),1,Apple,A-Series,8.0,8.0,128.0,512.0,60.0,6.1,"Super Retina XDR OLED, HDR10, Dolby Vision, 1000 nits (typ), 2000 nits (HBM)",3561.0,25.0,48.0,12.0,2.0,Yes,1721149.0,7929.0,"iOS 18, upgradable to iOS 26.5",Yes,"Black, White, Pink, Teal, Ultramarine",0
Apple iPhone 16e,Apple,Apple,Flagship,62300.0,445.0,2025.0,Yes,Apple A18 (3 nm),1,Apple,A-Series,8.0,8.0,128.0,512.0,60.0,6.1,"Super Retina XDR OLED, HDR10, 800 nits (HBM), 1200 nits (peak)",4005.0,5.0,48.0,12.0,1.0,Yes,1401105.0,8224.0,"iOS 18.3.1, upgradable to iOS 26.5",Yes,"Black, White",0
Apple iPad Air 13 (2025),Apple,Apple,Flagship,161138.6,1150.99,2025.0,Yes,Apple M3,0,Apple,M-Series,8.0,8.0,128.0,512.0,60.0,13.0,"Liquid Retina IPS LCD, 600 nits (typ)",9705.0,25.0,12.0,12.0,1.0,No,2600583.0,10118.0,"iPadOS 18.3.2, upgradable to iPadOS 26.4",No,"Space Gray, Starlight, Purple, Blue",0
Apple iPad Air 11 (2025),Apple,Apple,Flagship,161138.6,1150.99,2025.0,Yes,Apple M3,0,Apple,M-Series,8.0,8.0,128.0,512.0,60.0,11.0,"Liquid Retina IPS LCD, 500 nits (typ)",7606.0,25.0,12.0,12.0,1.0,No,2600583.0,10118.0,"iPadOS 18.3.2, upgradable to iPadOS 26.4",No,"Space Gray, Starlight, Purple, Blue",0
Apple iPad (2025),Apple,Apple,Flagship,161138.6,1150.99,2025.0,Yes,Apple A16 Bionic (4 nm),0,Apple,A-Series,6.0,6.0,128.0,512.0,60.0,11.0,"Liquid Retina IPS LCD, 500 nits (typ)",4823.0,45.0,12.0,12.0,1.0,No,1414489.0,6157.0,"iPadOS 18.3.2, upgradable to iPadOS 26.4",No,"Silver, Blue, Pink, Yellow",0
Apple iPad Pro 13 (2025),Apple,Apple,Flagship,161138.6,1150.99,2025.0,Yes,Apple M5,0,Apple,M-Series,12.0,16.0,256.0,512.0,120.0,13.0,"Ultra Retina Tandem OLED, 120Hz, HDR10, Dolby Vision, 1000 nits (HBM), 1600 nits (peak)",10290.0,25.0,12.0,12.0,1.0,No,2600583.0,10118.0,"iPadOS 26, upgradable to iPadOS 26.4",No,"Silver, Space Black",0
Apple iPad Pro 11 (2025),Apple,Apple,Flagship,161138.6,1150.99,2025.0,Yes,Apple M5,0,Apple,M-Series,12.0,16.0,256.0,512.0,120.0,11.0,"Ultra Retina Tandem OLED, 120Hz, HDR10, Dolby Vision, 1000 nits (HBM), 1600 nits (peak)",8160.0,25.0,12.0,12.0,1.0,No,2600583.0,10118.0,"iPadOS 26, upgradable to iPadOS 26.4",No,"Silver, Space Black",0
Apple iPhone 17 Pro Max,Apple,Apple,Flagship,164717.0,1176.55,2025.0,Yes,Apple A19 Pro (3 nm),1,Apple,A-Series,12.0,12.0,256.0,512.0,120.0,6.9,"LTPO Super Retina XDR OLED, 120Hz, HDR10, Dolby Vision, 1000 nits (typ), 1600 nits (HBM), 3000 nits (peak)",4823.0,25.0,48.0,18.0,3.0,Yes,2600583.0,10118.0,"iOS 26, upgradable to iOS 26.5",Yes,"Silver, Cosmic Orange, Deep Blue",0
Apple iPhone 17 Pro,Apple,Apple,Flagship,156444.4,1117.46,2025.0,Yes,Apple A19 Pro (3 nm),1,Apple,A-Series,12.0,12.0,256.0,512.0,120.0,6.3,"LTPO Super Retina XDR OLED, 120Hz, HDR10, Dolby Vision, 1000 nits (typ), 1600 nits (HBM), 3000 nits (peak)",3998.0,25.0,48.0,18.0,3.0,Yes,2430575.0,9923.0,"iOS 26, upgradable to iOS 26.5",Yes,"Silver, Cosmic Orange, Deep Blue",0
Apple iPhone Air,Apple,Apple,Flagship,101932.6,728.09,2025.0,Yes,Apple A19 Pro (3 nm),1,Apple,A-Series,12.0,12.0,256.0,512.0,120.0,6.5,"LTPO Super Retina XDR OLED, 120Hz, HDR10, Dolby Vision, 1000 nits (typ), 1600 nits (HBM), 3000 nits (peak)",3149.0,15.0,48.0,18.0,1.0,Yes,2606807.0,10688.0,"iOS 26, upgradable to iOS 26.5",Yes,"Space Black, Cloud White, Light Gold, Sky Blue",0
Apple iPhone 17,Apple,Apple,Flagship,100660.0,719.0,2025.0,Yes,Apple A19 (3 nm),1,Apple,A-Series,8.0,8.0,256.0,512.0,120.0,6.3,"LTPO Super Retina XDR OLED, 120Hz, HDR10, Dolby Vision, 1000 nits (typ), 1600 nits (HBM), 3000 nits (peak)",3692.0,25.0,48.0,18.0,2.0,Yes,2109773.0,9360.0,"iOS 26, upgradable to iOS 26.5",Yes,"Black, White, Mist Blue, Sage, Lavender",0
Apple iPhone 17e,Apple,Apple,Flagship,93660.0,669.0,2026.0,Yes,Apple A19 (3 nm),1,Apple,A-Series,8.0,8.0,256.0,512.0,60.0,6.1,"Super Retina XDR OLED, HDR10, 800 nits (HBM), 1200 nits (peak)",4005.0,15.0,48.0,12.0,1.0,Yes,2187425.0,9296.0,"iOS 26.3, upgradable to iOS 26.5",Yes,"Black, White, Soft Pink",0
Apple iPad Air 13 (2026),Apple,Apple,Flagship,93660.0,669.0,2026.0,Yes,Apple M4,1,Apple,M-Series,12.0,12.0,128.0,512.0,60.0,13.0,"Liquid Retina IPS LCD, 600 nits (typ)",9705.0,15.0,12.0,12.0,1.0,No,2187425.0,13160.0,"iPadOS 26.3, upgradable to iPadOS 26.4",No,"Space Gray, Starlight, Purple, Blue",0
Apple iPad Air 11 (2026),Apple,Apple,Flagship,93660.0,669.0,2026.0,Yes,Apple M4,1,Apple,M-Series,12.0,12.0,128.0,512.0,60.0,11.0,"Liquid Retina IPS LCD, 500 nits (typ)",7606.0,15.0,12.0,12.0,1.0,No,2187425.0,13160.0,"iPadOS 26.3, upgradable to iPadOS 26.4",No,"Space Gray, Starlight, Purple, Blue",0
Asus ROG Phone 5s Pro,Asus,Asus,Flagship,280000.0,2000.0,2021.0,Yes,Qualcomm SM8350 Snapdragon 888+ 5G (5 nm),1,Qualcomm,Snapdragon,18.0,18.0,512.0,512.0,144.0,6.78,"AMOLED, 1B colors, 144Hz, HDR10+, 800 nits (typ), 1200 nits (peak)",6000.0,65.0,64.0,24.0,3.0,No,743021.0,14278.0,"Android 11, upgradable to Android 13, ROG UI",Yes,Matte White,0
Asus ROG Phone 5s,Asus,Asus,Flagship,144200.0,1030.0,2021.0,Yes,Qualcomm SM8350 Snapdragon 888+ 5G (5 nm),1,Qualcomm,Snapdragon,8.0,18.0,128.0,512.0,144.0,6.78,"AMOLED, 1B colors, 144Hz, HDR10+, 800 nits (typ), 1200 nits (peak)",6000.0,65.0,64.0,24.0,3.0,No,1227639.0,3373.0,"Android 11, upgradable to Android 13, ROG UI",Yes,"Phantom Black, Storm White",0
Asus Smartphone for Snapdragon Insiders,Asus,Asus,Flagship,177800.0,1270.0,2021.0,Yes,Qualcomm SM8350 Snapdragon 888 5G (5 nm),1,Qualcomm,Snapdragon,16.0,16.0,512.0,512.0,144.0,6.78,"Super AMOLED, 144Hz, HDR10+, 800 nits (HBM), 1200 nits (peak)",4000.0,65.0,64.0,24.0,3.0,Yes,1125131.5,3373.0,Android 11,Yes,Midnight blue,0
Asus ROG Phone 5 Ultimate,Asus,Asus,Flagship,182000.0,1300.0,2021.0,Yes,Qualcomm SM8350 Snapdragon 888 5G (5 nm),1,Qualcomm,Snapdragon,18.0,18.0,512.0,512.0,144.0,6.78,"AMOLED, 1B colors, 144Hz, HDR10+, 800 nits (typ), 1200 nits (peak)",6000.0,65.0,64.0,24.0,3.0,No,1899814.0,3373.0,"Android 11, upgradable to Android 13, ROG UI",Yes,Matte White,0
Asus ROG Phone 5 Pro,Asus,Asus,Flagship,95200.0,680.0,2021.0,Yes,Qualcomm SM8350 Snapdragon 888 5G (5 nm),1,Qualcomm,Snapdragon,16.0,16.0,512.0,512.0,144.0,6.78,"AMOLED, 1B colors, 144Hz, HDR10+, 800 nits (typ), 1200 nits (peak)",6000.0,65.0,64.0,24.0,3.0,No,2464181.0,3373.0,"Android 11, upgradable to Android 13, ROG UI",Yes,Glossy Black,0
Asus ROG Phone 5,Asus,Asus,Flagship,51800.0,370.0,2021.0,Yes,Qualcomm SM8350 Snapdragon 888 5G (5 nm),1,Qualcomm,Snapdragon,8.0,16.0,128.0,256.0,144.0,6.78,"AMOLED, 1B colors, 144Hz, HDR10+, 800 nits (typ), 1200 nits (peak)",6000.0,65.0,64.0,24.0,3.0,No,718864.0,14536.0,"Android 11, upgradable to Android 13, ROG UI",Yes,"Phantom Black, Storm White",0
Asus Zenfone 8 Flip,Asus,Asus,Flagship,53200.0,380.0,2021.0,Yes,Qualcomm SM8350 Snapdragon 888 5G (5 nm),1,Qualcomm,Snapdragon,8.0,8.0,128.0,256.0,90.0,6.67,"Super AMOLED, 90Hz, HDR10+, 700 nits (HBM), 1000 nits (peak)",5000.0,30.0,64.0,16.0,3.0,No,675851.0,3673.0,"Android 11, upgradable to Android 13",Yes,"Galactic Black, Glacier Silver",0
Asus Zenfone 8,Asus,Asus,Flagship,40600.0,290.0,2021.0,Yes,Qualcomm SM8350 Snapdragon 888 5G (5 nm),1,Qualcomm,Snapdragon,6.0,16.0,128.0,256.0,120.0,5.9,"Super AMOLED, 120Hz, HDR10+, 700 nits (HBM), 1100 nits (peak)",4000.0,30.0,64.0,12.0,2.0,Yes,676001.0,3604.0,"Android 11, upgradable to Android 13",Yes,"Obsidian Black, Horizon Silver",1
Asus ROG Phone 6 Pro,Asus,Asus,Flagship,112000.0,800.0,2022.0,Yes,Qualcomm SM8475 Snapdragon 8+ Gen 1 (4 nm),1,Qualcomm,Snapdragon,18.0,18.0,512.0,512.0,165.0,6.78,"AMOLED, 1B colors, 165Hz, HDR10+, 800 nits (typ), 1200 nits (peak)",6000.0,65.0,50.0,12.0,3.0,No,973756.0,3980.0,"Android 12, upgradable to Android 13",Yes,Storm White,0
Asus ROG Phone 6,Asus,Asus,Flagship,106400.0,760.0,2022.0,Yes,Qualcomm SM8475 Snapdragon 8+ Gen 1 (4 nm),1,Qualcomm,Snapdragon,8.0,16.0,128.0,512.0,165.0,6.78,"AMOLED, 1B colors, 165Hz, HDR10+, 800 nits (typ), 1200 nits (peak)",6000.0,65.0,50.0,12.0,3.0,No,1478125.0,3773.0,"Android 12, upgradable to Android 13",Yes,"Phantom Black, Storm White",0
Asus Zenfone 9,Asus,Asus,Flagship,64065.4,457.61,2022.0,Yes,Qualcomm SM8475 Snapdragon 8+ Gen 1 (4 nm),1,Qualcomm,Snapdragon,6.0,16.0,128.0,256.0,120.0,5.9,"Super AMOLED, 120Hz, HDR10+, 1100 nits (peak)",4300.0,30.0,50.0,12.0,2.0,Yes,1083092.0,4338.0,"Android 12, upgradable to Android 14",Yes,"Starry Blue, Moonlight White, Sunset Red, Midnight Black",0
Asus ROG Phone 6 Diablo Immortal Edition,Asus,Asus,Flagship,120400.0,860.0,2022.0,Yes,Qualcomm SM8475 Snapdragon 8+ Gen 1 (4 nm),1,Qualcomm,Snapdragon,16.0,16.0,512.0,512.0,165.0,6.78,"AMOLED, 1B colors, 165Hz, HDR10+, 800 nits (typ), 1200 nits (peak)",6000.0,65.0,50.0,12.0,3.0,No,1303229.0,3773.0,Android 12,Yes,Hellfire Red,0
Asus ROG Phone 6D Ultimate,Asus,Asus,Flagship,154000.0,1100.0,2022.0,Yes,Mediatek Dimensity 9000+ (4 nm),0,Mediatek,Dimensity,16.0,16.0,512.0,512.0,165.0,6.78,"AMOLED, 1B colors, 165Hz, HDR10+, 800 nits (typ), 1200 nits (peak)",6000.0,65.0,50.0,12.0,3.0,No,1107464.0,4575.0,Android 12,Yes,Space Gray,0
Asus ROG Phone 6D,Asus,Asus,Flagship,96600.0,690.0,2022.0,Yes,Mediatek Dimensity 9000+ (4 nm),0,Mediatek,Dimensity,12.0,16.0,256.0,256.0,165.0,6.78,"AMOLED, 1B colors, 165Hz, HDR10+, 800 nits (typ), 1200 nits (peak)",6000.0,65.0,50.0,12.0,3.0,No,1453683.0,4384.0,Android 12,Yes,Space Gray,0
Asus ROG Phone 6 Batman Edition,Asus,Asus,Flagship,210000.0,1500.0,2022.0,Yes,Qualcomm SM8475 Snapdragon 8+ Gen 1 (4 nm) - USA Mediatek Dimensity 9000+ (4 nm) - International,1,Qualcomm,Snapdragon,12.0,12.0,256.0,256.0,165.0,6.78,"AMOLED, 1B colors, 165Hz, HDR10+, 800 nits (typ), 1200 nits (peak)",6000.0,65.0,50.0,12.0,3.0,No,1205346.5,4159.0,Android 12,Yes,Night Black,0
Asus ROG Phone 7 Ultimate,Asus,Asus,Flagship,109200.0,780.0,2023.0,Yes,Qualcomm SM8550-AB Snapdragon 8 Gen 2 (4 nm),1,Qualcomm,Snapdragon,16.0,16.0,512.0,512.0,165.0,6.78,"AMOLED, 1B colors, 165Hz, HDR10+, 1000 nits (HBM), 1500 nits (peak)",6000.0,65.0,50.0,32.0,3.0,No,1325105.0,5139.0,"Android 13, up to 2 major Android upgrades",Yes,Storm White,0
Asus ROG Phone 7,Asus,Asus,Flagship,103600.0,740.0,2023.0,Yes,Qualcomm SM8550-AB Snapdragon 8 Gen 2 (4 nm),1,Qualcomm,Snapdragon,12.0,16.0,256.0,512.0,165.0,6.78,"AMOLED, 1B colors, 165Hz, HDR10+, 1000 nits (HBM), 1500 nits (peak)",6000.0,65.0,50.0,32.0,3.0,No,1333597.0,5098.0,"Android 13, up to 2 major Android upgrades",Yes,"Phantom Black, Storm White",0
Asus Zenfone 10,Asus,Asus,Flagship,299600.0,2140.0,2023.0,Yes,Qualcomm SM8550-AB Snapdragon 8 Gen 2 (4 nm),1,Qualcomm,Snapdragon,8.0,16.0,128.0,512.0,144.0,5.92,"Super AMOLED, 144Hz, HDR10+, 800 nits (HBM), 1100 nits (peak)",4300.0,30.0,50.0,32.0,2.0,Yes,1314458.0,5149.0,"Android 13, up to 2 major Android upgrades",Yes,"Starry Blue, Midnight Black, Aurora Green, Eclipse Red, Comet White",0
Asus ROG Phone 8 Pro,Asus,Asus,Flagship,105357.0,752.55,2024.0,Yes,Qualcomm SM8650-AB Snapdragon 8 Gen 3 (4 nm),1,Qualcomm,Snapdragon,16.0,24.0,512.0,512.0,165.0,6.78,"LTPO AMOLED, 1B colors, 165Hz, HDR10, 1600 nits (HBM), 2500 nits (peak)",5500.0,65.0,50.0,32.0,3.0,Yes,1639368.0,6542.0,"Android 14, up to 2 major Android upgrades",Yes,Phantom Black,0
Asus ROG Phone 8,Asus,Asus,Flagship,210000.0,1500.0,2024.0,Yes,Qualcomm SM8650-AB Snapdragon 8 Gen 3 (4 nm),1,Qualcomm,Snapdragon,12.0,16.0,256.0,256.0,165.0,6.78,"LTPO AMOLED, 1B colors, 165Hz, HDR10, 1600 nits (HBM), 2500 nits (peak)",5500.0,65.0,50.0,32.0,3.0,Yes,2313311.0,6753.0,"Android 14, up to 2 major Android upgrades",Yes,"Phantom Black, Rebel Grey",0
Asus Zenfone 11 Ultra,Asus,Asus,Flagship,284037.6,2028.84,2024.0,Yes,Qualcomm SM8650-AB Snapdragon 8 Gen 3 (4 nm),1,Qualcomm,Snapdragon,12.0,16.0,256.0,512.0,144.0,6.78,"LTPO AMOLED, 144Hz, HDR10, 1600 nits (HBM), 2500 nits (peak)",5500.0,65.0,50.0,32.0,3.0,Yes,1640547.0,5699.0,"Android 14, up to 2 major Android upgrades",Yes,"Eternal Black, Skyline Blue, Misty Gray, Desert Sand",0
Asus ROG Phone 9 Pro,Asus,Asus,Flagship,112000.0,800.0,2024.0,Yes,Qualcomm SM8750-AB Snapdragon 8 Elite (3 nm),1,Qualcomm,Snapdragon,16.0,24.0,512.0,512.0,185.0,6.78,"LTPO AMOLED, 1B colors, 185Hz, 670Hz PWM, HDR10, 1600 nits (HBM), 2500 nits (peak)",5800.0,65.0,50.0,32.0,3.0,Yes,3042971.0,10179.0,"Android 15, up to 2 major Android upgrades",Yes,Phantom Black,0
Asus ROG Phone 9,Asus,Asus,Flagship,282800.0,2020.0,2024.0,Yes,Qualcomm SM8750-AB Snapdragon 8 Elite (3 nm),1,Qualcomm,Snapdragon,12.0,16.0,256.0,512.0,185.0,6.78,"LTPO AMOLED, 1B colors, 185Hz, HDR10, 1600 nits (HBM), 2500 nits (peak)",5800.0,65.0,50.0,32.0,3.0,Yes,3007932.0,10083.0,"Android 15, upgradable to Android 16, up to 2 major Android upgrades",Yes,"Phantom Black, Storm White",0
Asus ROG Phone 9 FE,Asus,Asus,Flagship,120400.0,860.0,2025.0,Yes,Qualcomm SM8650-AB Snapdragon 8 Gen 3 (4 nm),1,Qualcomm,Snapdragon,16.0,16.0,256.0,256.0,185.0,6.78,"LTPO AMOLED, 1B colors, 185Hz, HDR10, 1600 nits (HBM), 2500 nits (peak)",5500.0,65.0,50.0,32.0,3.0,Yes,2486941.0,6753.0,"Android 15, up to 2 major Android upgrades",Yes,Phantom Black,0
Blackview BL5000,Blackview,Blackview,Mid,36400.0,260.0,2021.0,Yes,Mediatek Dimensity 700 (7 nm),0,Mediatek,Dimensity,8.0,8.0,128.0,128.0,60.0,6.36,IPS LCD,4980.0,30.0,12.0,16.0,2.0,No,515647.0,1767.0,Android 11,Yes,"Black, Orange, Green",0
Blackview BL8800 Pro,Blackview,Blackview,Mid,42000.0,300.0,2022.0,Yes,Mediatek Dimensity 700 (7 nm),0,Mediatek,Dimensity,8.0,8.0,128.0,128.0,60.0,6.58,"IPS LCD, 480 nits",8380.0,33.0,50.0,16.0,5.0,No,515647.0,1767.0,"Android 11, Doke-OS 3.0",Yes,"Black, Orange, Green",0
Blackview BL8800,Blackview,Blackview,Mid,67200.0,480.0,2022.0,Yes,Mediatek Dimensity 700 (7 nm),0,Mediatek,Dimensity,8.0,8.0,128.0,128.0,60.0,6.58,"IPS LCD, 480 nits",8380.0,33.0,50.0,16.0,4.0,No,515647.0,1767.0,"Android 11, Doke-OS 3.0",Yes,"Black, Orange, Green",0
Blackview BL9000 Pro,Blackview,Blackview,Mid,77000.0,550.0,2024.0,Yes,Mediatek Dimensity 8020 (6 nm),0,Mediatek,Dimensity,12.0,12.0,512.0,512.0,120.0,6.78,"IPS LCD, 120Hz",8800.0,120.0,50.0,50.0,3.0,No,979624.0,3665.0,"Android 14, Doke-OS 4.0",Yes,"Splendid Gold, Interstellar Black",0
Blackview BL9000,Blackview,Blackview,Mid,68600.0,490.0,2024.0,Yes,Mediatek Dimensity 8020 (6 nm),0,Mediatek,Dimensity,12.0,12.0,512.0,512.0,120.0,6.78,"IPS LCD, 120Hz",8800.0,120.0,50.0,50.0,2.0,No,979624.0,3665.0,"Android 13, Doke-OS 4.0",Yes,"Rose Gold, Interstellar Black",0
Blackview BL8000,Blackview,Blackview,Mid,43400.0,310.0,2024.0,Yes,Mediatek Dimensity 7050 (6 nm),0,Mediatek,Dimensity,12.0,12.0,512.0,512.0,120.0,6.78,"IPS LCD, 120Hz",8800.0,33.0,50.0,16.0,3.0,No,792749.5,2398.0,"Android 13, Doke-OS 4.0",Yes,"Celestial Silver, Orbit Grey",0
Blackview Xplore X1,Blackview,Blackview,Mid,36400.0,260.0,2025.0,Yes,Mediatek Dimensity 7050 (6 nm),0,Mediatek,Dimensity,12.0,16.0,256.0,256.0,120.0,6.78,"IPS LCD, 120Hz, 700 nits",10000.0,55.0,108.0,50.0,2.0,No,792749.5,2398.0,"Android 15, DokeOS 5.0",Yes,"Black, Orange",0
Blackview Zeno 10,Blackview,Blackview,Mid,36400.0,260.0,2025.0,Yes,Unisoc T8200,0,Unisoc,T-Series,6.0,8.0,128.0,256.0,90.0,11.0,"IPS LCD, 90Hz, 400 nits (typ)",8800.0,18.0,16.0,13.0,1.0,No,513416.0,1969.5,"Android 15, DokeOS_P 4.2",No,"Shadow Black, Ice Blue",1
Blackview BL7000,Blackview,Blackview,Mid,36400.0,260.0,2025.0,Yes,Mediatek Dimensity 6300 (6 nm),0,Mediatek,Dimensity,8.0,8.0,256.0,256.0,120.0,6.78,"IPS LCD, 120Hz, 750 nits",7500.0,33.0,50.0,32.0,3.0,No,551891.0,1980.0,"Android 15, DokeOS 4.1",Yes,"Black, Orange",0
Blackview Shark 6,Blackview,Blackview,Budget,15400.0,110.0,2025.0,Yes,Unisoc T8100 (6 nm),0,Unisoc,T-Series,4.0,8.0,128.0,128.0,120.0,6.88,"IPS LCD, 120Hz, 450 nits",5000.0,18.0,16.0,8.0,2.0,No,513416.0,1969.5,"Android 15, DokeOS 4.2",Yes,"Phantom Black, Glacier Blue, Mint Green",0
Blackview Mega 12,Blackview,Blackview,Mid,46193.0,329.95,2026.0,Yes,Mediatek Dimensity 7200,0,Mediatek,Dimensity,12.0,16.0,256.0,512.0,120.0,12.2,"IPS LCD, 120Hz, 350 nits (typ)",10000.0,55.0,50.0,13.0,1.0,No,964262.0,2577.0,"Android 16, DokeOS_P 5.0",Yes,"Space Grey, Flash Gold",1
Coolpad Cool 20s,Coolpad,Coolpad,Budget,19600.0,140.0,2022.0,Yes,Mediatek Dimensity 700 (7 nm),0,Mediatek,Dimensity,6.0,8.0,128.0,256.0,90.0,6.58,"IPS LCD, 90Hz",4500.0,18.0,50.0,8.0,2.0,No,515647.0,1767.0,"Android 13, CoolOS",No,"Black, Blue, White",0
Cubot KingKong Star,Cubot,Cubot,Mid,39200.0,280.0,2023.0,Yes,Mediatek Dimensity 700 (7 nm),0,Mediatek,Dimensity,12.0,12.0,256.0,256.0,90.0,6.78,"IPS LCD, 90Hz",10600.0,33.0,100.0,32.0,3.0,No,515647.0,1767.0,Android 13,Yes,"Black, Black/Red",0
Cubot Max 5,Cubot,Cubot,Mid,42000.0,300.0,2024.0,Yes,Mediatek Dimensity 8200 (4 nm),0,Mediatek,Dimensity,12.0,12.0,256.0,256.0,144.0,6.95,"IPS LCD, 144Hz",5100.0,33.0,100.0,32.0,2.0,No,1160864.0,3891.0,Android 14,Yes,"Tech Black, Pearl White",0
Cubot KingKong X Pro,Cubot,Cubot,Mid,49000.0,350.0,2024.0,Yes,Mediatek Dimensity 8200 (4 nm),0,Mediatek,Dimensity,12.0,24.0,256.0,256.0,144.0,6.72,"IPS LCD, 144Hz",10200.0,33.0,100.0,32.0,2.0,No,1230221.5,3891.0,Android 14,Yes,Black,0
Cubot KingKong Star 2,Cubot,Cubot,Mid,35000.0,250.0,2024.0,Yes,Mediatek Dimensity 8200 (4 nm),0,Mediatek,Dimensity,12.0,12.0,256.0,256.0,144.0,6.72,"IPS LCD, 144Hz, 1500 nits (peak)",5100.0,33.0,100.0,32.0,2.0,No,1230221.5,3891.0,Android 14,Yes,Black,0
Cubot X100,Cubot,Cubot,Mid,28000.0,200.0,2025.0,Yes,Mediatek Dimensity 7025 (6 nm),0,Mediatek,Dimensity,8.0,12.0,256.0,256.0,120.0,6.88,"IPS LCD, 120Hz",5100.0,33.0,64.0,16.0,3.0,No,594312.5,2472.0,Android 15,Yes,"Gray, Gold",0
Cubot KingKong 11,Cubot,Cubot,Mid,35000.0,250.0,2025.0,Yes,Mediatek Dimensity 7025 (6 nm),0,Mediatek,Dimensity,16.0,16.0,256.0,256.0,120.0,6.72,"IPS LCD, 120Hz",10200.0,33.0,108.0,32.0,2.0,No,594312.5,2472.0,Android 15,Yes,Black,0
Doogee V10,Doogee,Doogee,Mid,49000.0,350.0,2021.0,Yes,Mediatek Dimensity 700 (7 nm),0,Mediatek,Dimensity,8.0,8.0,128.0,128.0,60.0,6.39,IPS LCD,8500.0,33.0,48.0,16.0,3.0,No,515647.0,1767.0,Android 11,Yes,"Black, Orange, Red",0
Doogee V20,Doogee,Doogee,Mid,61600.0,440.0,2021.0,Yes,Mediatek Dimensity 700 (7 nm),0,Mediatek,Dimensity,8.0,8.0,256.0,256.0,60.0,6.43,"AMOLED, 500 nits (peak)",6000.0,33.0,64.0,16.0,3.0,No,515647.0,1767.0,Android 11,Yes,"Black, Gray, Red",0
Doogee V30,Doogee,Doogee,Mid,46200.0,330.0,2022.0,Yes,Mediatek Dimensity 900 (6 nm),0,Mediatek,Dimensity,8.0,8.0,256.0,256.0,120.0,6.58,"IPS LCD, 120Hz",10800.0,66.0,108.0,32.0,3.0,No,671241.0,2423.0,Android 12,Yes,"Orange, Black",0
Doogee V11,Doogee,Doogee,Mid,49000.0,350.0,2022.0,Yes,Mediatek Dimensity 700 (7 nm),0,Mediatek,Dimensity,8.0,8.0,128.0,128.0,60.0,6.39,IPS LCD,8500.0,65.0,48.0,16.0,3.0,No,515647.0,1767.0,Android 11,Yes,"Black, Orange, Red",0
Doogee V30T,Doogee,Doogee,Mid,58800.0,420.0,2023.0,Yes,Mediatek Dimensity 1080 (6 nm),0,Mediatek,Dimensity,12.0,12.0,256.0,256.0,120.0,6.58,"IPS LCD, 120Hz",10800.0,66.0,108.0,32.0,3.0,Yes,727723.5,2507.0,Android 12,Yes,"Marble Black, Rose Gold, Galaxy Gray",0
Doogee V20 Pro,Doogee,Doogee,Mid,64400.0,460.0,2023.0,Yes,Mediatek Dimensity 700 (7 nm),0,Mediatek,Dimensity,12.0,12.0,256.0,256.0,60.0,6.43,"AMOLED, 500 nits (peak)",6000.0,33.0,64.0,16.0,3.0,Yes,515647.0,1767.0,Android 12,Yes,"Black, Silver, Orange, Blue",1
Doogee V30 Pro,Doogee,Doogee,Mid,61600.0,440.0,2023.0,Yes,Mediatek Dimensity 7050 (6 nm),0,Mediatek,Dimensity,12.0,12.0,512.0,512.0,120.0,6.58,"IPS LCD, 120Hz",10800.0,33.0,200.0,32.0,3.0,No,792749.5,2398.0,Android 13,Yes,"Black, Orange, Silver",0
Doogee V31GT,Doogee,Doogee,Mid,33600.0,240.0,2023.0,Yes,Mediatek Dimensity 1080 (6 nm),0,Mediatek,Dimensity,12.0,12.0,256.0,256.0,120.0,6.58,"IPS LCD, 120Hz",10800.0,66.0,50.0,32.0,4.0,No,727723.5,2507.0,Android 13,Yes,"Black, Gold, Silver",0
Doogee Blade GT,Doogee,Doogee,Mid,47600.0,340.0,2024.0,Yes,Mediatek Dimensity 7050 (6 nm),0,Mediatek,Dimensity,12.0,12.0,256.0,256.0,120.0,6.72,"IPS LCD, 120Hz",5500.0,18.0,48.0,20.0,2.0,Yes,792749.5,2398.0,Android 14,Yes,"Black, Silver",0
Doogee S200X,Doogee,Doogee,Mid,51800.0,370.0,2024.0,Yes,Mediatek Dimensity 7050 (6 nm),0,Mediatek,Dimensity,12.0,12.0,512.0,512.0,120.0,6.72,"IPS LCD, 120Hz",10100.0,33.0,100.0,20.0,3.0,No,792749.5,2398.0,Android 14,Yes,"Black, Yellow, Green",0
Doogee V40,Doogee,Doogee,Mid,38500.0,275.0,2024.0,Yes,Mediatek Dimensity 7300 (4 nm),0,Mediatek,Dimensity,12.0,12.0,512.0,512.0,120.0,6.78,"IPS LCD, 120Hz",8680.0,33.0,108.0,16.0,3.0,No,877437.0,2936.0,Android 14,Yes,"Blue, Black/Red",0
Doogee DK10,Doogee,Doogee,Mid,38500.0,275.0,2024.0,Yes,Mediatek Dimensity 8020 (6 nm),0,Mediatek,Dimensity,12.0,12.0,512.0,512.0,120.0,6.67,"AMOLED, 120Hz",5150.0,120.0,50.0,50.0,4.0,No,979624.0,3665.0,Android 13,Yes,"Emerald Green, Kevlar Black",0
Doogee V20S,Doogee,Doogee,Mid,42000.0,300.0,2024.0,Yes,Mediatek Dimensity 6020 (7 nm),0,Mediatek,Dimensity,12.0,12.0,256.0,256.0,60.0,6.43,"AMOLED, 500 nits (peak)",6000.0,33.0,50.0,20.0,3.0,No,518592.0,2032.0,Android 13,Yes,"Black, Orange",0
Doogee V40 Pro,Doogee,Doogee,Mid,74200.0,530.0,2024.0,Yes,Mediatek Dimensity 7300 (4 nm),0,Mediatek,Dimensity,16.0,16.0,512.0,512.0,120.0,6.78,"IPS LCD, 120Hz",8680.0,33.0,200.0,32.0,4.0,No,877437.0,2936.0,Android 14,Yes,"Blue, Silver",0
Doogee S200,Doogee,Doogee,Mid,39200.0,280.0,2024.0,Yes,Mediatek Dimensity 7050 (6 nm),0,Mediatek,Dimensity,12.0,12.0,256.0,256.0,120.0,6.72,"IPS LCD, 120Hz",10100.0,33.0,100.0,20.0,3.0,No,792749.5,2398.0,Android 14,Yes,"Gray, Silver",0
Doogee Note59 Pro+,Doogee,Doogee,Mid,35000.0,250.0,2025.0,Yes,Unisoc T8200 (6 nm),0,Unisoc,T-Series,12.0,12.0,512.0,512.0,120.0,6.75,"IPS LCD, 120Hz, 450 nits",6250.0,18.0,50.0,8.0,1.0,No,513416.0,2398.0,Android 15,Yes,"Black, Blue, White",0
Doogee Note59 Pro,Doogee,Doogee,Mid,25200.0,180.0,2025.0,Yes,Unisoc T8200 (6 nm),0,Unisoc,T-Series,8.0,8.0,256.0,256.0,120.0,6.75,"IPS LCD, 120Hz, 450 nits",6250.0,18.0,50.0,8.0,1.0,No,513416.0,2398.0,Android 15,Yes,"Black, Blue, White",0
Doogee Note 59,Doogee,Doogee,Mid,35000.0,250.0,2025.0,Yes,Unisoc T8200 (6 nm),0,Unisoc,T-Series,8.0,8.0,128.0,128.0,120.0,6.75,"IPS LCD, 120Hz, 450 nits",6250.0,10.0,16.0,8.0,1.0,No,513416.0,2398.0,Android 15,Yes,"Black, Green, Gold",0
Doogee Blade GT Ultra,Doogee,Doogee,Mid,67200.0,480.0,2025.0,Yes,Mediatek Dimensity 7300 (4 nm),0,Mediatek,Dimensity,16.0,16.0,512.0,512.0,120.0,6.72,"IPS LCD, 120Hz",5500.0,33.0,100.0,32.0,2.0,No,877437.0,2936.0,Android 14,Yes,"Black, Silver",0
Doogee S118 Pro,Doogee,Doogee,Mid,42000.0,300.0,2025.0,Yes,Mediatek Dimensity 7050 (6 nm),0,Mediatek,Dimensity,8.0,8.0,512.0,512.0,120.0,6.58,"IPS LCD, 120Hz",10800.0,33.0,108.0,32.0,3.0,No,792749.5,2398.0,Android 14,Yes,"Black/Silver, Black/Red",0
Doogee Blade GT Pro,Doogee,Doogee,Mid,47600.0,340.0,2025.0,Yes,Mediatek Dimensity 7025 (6 nm),0,Mediatek,Dimensity,12.0,12.0,512.0,512.0,120.0,6.72,"IPS LCD, 120Hz",5800.0,18.0,100.0,32.0,3.0,No,594312.5,2472.0,Android 14,Yes,"Black, Silver",0
Doogee Blade GT Play,Doogee,Doogee,Mid,44800.0,320.0,2025.0,Yes,Mediatek Dimensity 7025 (6 nm),0,Mediatek,Dimensity,8.0,8.0,256.0,256.0,120.0,6.72,"IPS LCD, 120Hz",5800.0,18.0,50.0,16.0,2.0,No,594312.5,2472.0,Android 14,Yes,"Black, Silver",0
Doogee V Pad,Doogee,Doogee,Mid,49000.0,350.0,2025.0,Yes,Mediatek MT8791 (6 nm),0,Mediatek,Helio,8.0,8.0,256.0,256.0,60.0,12.0,IPS LCD,8800.0,10.0,13.0,8.0,1.0,No,559992.25,2398.0,Android 15,No,"Black, Blue",0
Doogee S200 Plus,Doogee,Doogee,Mid,56000.0,400.0,2025.0,Yes,Mediatek Dimensity 7300 (4 nm),0,Mediatek,Dimensity,12.0,12.0,512.0,512.0,120.0,6.72,"IPS LCD, 120Hz",10100.0,33.0,100.0,32.0,3.0,No,877437.0,2936.0,Android 14,Yes,"Black, Red, Gold",0
Doogee Blade20 Play,Doogee,Doogee,Mid,37800.0,270.0,2025.0,Yes,Mediatek Dimensity 7050 (6 nm),0,Mediatek,Dimensity,8.0,8.0,256.0,256.0,90.0,6.6,"IPS LCD, 90Hz",10300.0,33.0,50.0,16.0,2.0,No,792749.5,2398.0,Android 15,Yes,"Red, Silver",0
Doogee Blade20 Turbo,Doogee,Doogee,Mid,40600.0,290.0,2025.0,Yes,Mediatek Dimensity 7050 (6 nm),0,Mediatek,Dimensity,8.0,8.0,256.0,256.0,90.0,6.6,"IPS LCD, 90Hz",10300.0,33.0,50.0,16.0,2.0,No,792749.5,2398.0,Android 15,Yes,"Desert Titanium, Black",0
Doogee S200 Ultra,Doogee,Doogee,Mid,77000.0,550.0,2025.0,Yes,Mediatek Dimensity 7400 (4 nm),0,Mediatek,Dimensity,12.0,12.0,12.0,12.0,120.0,6.72,"IPS LCD, 120Hz",11000.0,66.0,100.0,32.0,3.0,No,961666.0,3185.0,Android 15,Yes,"Black, Yellow, Green",0
Energizer Ultimate U6G,Energizer,Energizer,Budget,19600.0,140.0,2024.0,Yes,Mediatek Dimensity 6100+ (6 nm),0,Mediatek,Dimensity,4.0,6.0,64.0,256.0,60.0,6.75,IPS LCD,5000.0,33.0,50.0,8.0,3.0,No,515647.0,1850.5,Android 14,Yes,Black,0
Energizer Ultimate 65G,Energizer,Energizer,Budget,19600.0,140.0,2024.0,Yes,Mediatek Dimensity 700 (7 nm),0,Mediatek,Dimensity,4.0,4.0,64.0,64.0,60.0,6.51,IPS LCD,4000.0,20.0,13.0,8.0,3.0,No,515647.0,1767.0,Android 13,No,Black,1
Energizer H67G,Energizer,Energizer,Mid,43400.0,310.0,2024.0,Yes,Mediatek Dimensity 720 (7 nm),0,Mediatek,Dimensity,4.0,4.0,128.0,128.0,90.0,6.78,"IPS LCD, 90Hz",4900.0,18.0,48.0,24.0,3.0,No,452426.0,1844.0,Android 13,No,"Black, Grey, Red",0
Google Pixel 5,Google,Google,Mid,37246.422018348625,266.04587155963304,2020.0,Yes,Qualcomm SM7250 Snapdragon 765G 5G (7 nm),0,Qualcomm,Snapdragon,8.0,8.0,128.0,128.0,90.0,6.0,"OLED, 90Hz, HDR10+",4080.0,18.0,12.2,8.0,2.0,Yes,622520.0,1836.0,"Android 11, upgradable to Android 14",Yes,"Just Black, Sorta Sage",0
Google Pixel 4a 5G,Google,Google,Mid,55139.4495412844,393.8532110091743,2020.0,Yes,Qualcomm SM7250 Snapdragon 765G 5G (7 nm),0,Qualcomm,Snapdragon,6.0,6.0,128.0,128.0,60.0,6.2,"OLED, HDR",3885.0,18.0,12.2,8.0,2.0,Yes,568849.0,1836.0,"Android 11, upgradable to Android 14",Yes,"Just Black, Clearly White",0
Google Pixel 5a 5G,Google,Google,Mid,55139.4495412844,393.8532110091743,2021.0,Yes,Qualcomm SM7250 Snapdragon 765G 5G (7 nm),0,Qualcomm,Snapdragon,6.0,6.0,128.0,128.0,60.0,6.34,"OLED, HDR",4680.0,18.0,12.2,8.0,2.0,Yes,291303.0,1337.0,"Android 11, upgradable to Android 14",Yes,Mostly Black,0
Google Pixel 6 Pro,Google,Google,Mid,49278.6,351.99,2021.0,Yes,Google Tensor (5 nm),0,Google,Tensor,12.0,12.0,128.0,512.0,120.0,6.7,"LTPO AMOLED, 120Hz, HDR10+",5003.0,23.0,50.0,11.1,3.0,Yes,585485.0,2831.0,"Android 12, upgradable to Android 16, up to 5 major Android upgrades",Yes,"Cloudy White, Sorta Sunny, Stormy Black",0
Google Pixel 6,Google,Google,Mid,28124.6,200.89,2021.0,Yes,Google Tensor (5 nm),0,Google,Tensor,8.0,8.0,128.0,256.0,90.0,6.4,"AMOLED, 90Hz, HDR10+",4614.0,30.0,50.0,8.0,2.0,Yes,676831.0,2899.0,"Android 12, upgradable to Android 16, up to 5 major Android upgrades",Yes,"Sorta Seafoam, Kinda Coral, Stormy Black",0
Google Pixel 6a,Google,Google,Mid,28897.798165137614,206.41284403669724,2022.0,Yes,Google Tensor (5 nm),0,Google,Tensor,6.0,6.0,128.0,128.0,60.0,6.1,"OLED, HDR",4410.0,18.0,12.2,8.0,2.0,Yes,1015493.0,3478.0,"Android 12, upgradable to Android 16, up to 5 major Android upgrades",Yes,"Chalk, Charcoal, Sage",0
Google Pixel 7 Pro,Google,Google,Mid,41984.6,299.89,2022.0,Yes,Google Tensor G2 (5 nm),0,Google,Tensor,8.0,12.0,128.0,512.0,120.0,6.7,"LTPO AMOLED, 120Hz, HDR10+, 1000 nits (HBM), 1500 nits (peak)",5000.0,23.0,50.0,10.8,3.0,Yes,796369.0,3187.0,"Android 13, upgradable to Android 16, up to 5 major Android upgrades",Yes,"Obsidian, Snow, Hazel",0
Google Pixel 7,Google,Google,Mid,28985.6,207.04,2022.0,Yes,Google Tensor G2 (5 nm),0,Google,Tensor,8.0,8.0,128.0,256.0,90.0,6.3,"AMOLED, 90Hz, HDR10+, 1000 nits (HBM), 1400 nits (peak)",4355.0,20.0,50.0,10.8,2.0,Yes,813114.0,3288.0,"Android 13, upgradable to Android 16, up to 5 major Android upgrades",Yes,"Obsidian, Lemongrass, Snow",0
Google Pixel Fold,Google,Google,Flagship,97424.59999999999,695.89,2023.0,Yes,Google Tensor G2 (5 nm),0,Google,Tensor,12.0,12.0,256.0,512.0,120.0,7.6,"Foldable OLED, 120Hz, HDR10+, 1000 nits (HBM), 1450 nits (peak)",4821.0,22.5,48.0,8.0,3.0,Yes,859865.0,3451.0,"Android 13, upgradable to Android 15, up to 5 major Android upgrades",Yes,"Porcelain, Obsidian",0
Google Pixel 7a,Google,Google,Mid,26586.0,189.9,2023.0,Yes,Google Tensor G2 (5 nm),0,Google,Tensor,8.0,8.0,128.0,128.0,90.0,6.1,"OLED, HDR, 90Hz",4385.0,18.0,64.0,13.0,2.0,Yes,765281.0,3191.0,"Android 13, upgradable to Android 16, up to 5 major Android upgrades",Yes,"Charcoal, Snow, Sea, Coral",0
Google Pixel 8 Pro,Google,Google,Mid,55860.0,399.0,2023.0,Yes,Google Tensor G3 (4 nm),0,Google,Tensor,12.0,12.0,128.0,512.0,120.0,6.7,"LTPO OLED, 120Hz, HDR10+, 1600 nits (HBM), 2400 nits (peak)",5050.0,30.0,50.0,10.5,3.0,Yes,924853.0,3613.0,"Android 14, upgradable to Android 16, up to 7 major Android upgrades",Yes,"Obsidian, Porcelain, Bay, Mint",1
Google Pixel 8,Google,Google,Mid,35686.0,254.9,2023.0,Yes,Google Tensor G3 (4 nm),0,Google,Tensor,8.0,8.0,128.0,256.0,120.0,6.2,"OLED, 120Hz, HDR10+, 1400 nits (HBM), 2000 nits (peak)",4575.0,27.0,50.0,10.5,2.0,Yes,926801.0,3526.0,"Android 14, upgradable to Android 16, up to 7 major Android upgrades",Yes,"Obsidian, Hazel, Rose, Mint",0
Google Pixel 9 Pro XL,Google,Google,Mid,72784.59999999999,519.89,2024.0,Yes,Google Tensor G4 (4 nm),0,Google,Tensor,16.0,16.0,128.0,512.0,120.0,6.8,"LTPO OLED, 120Hz, HDR10+, 2000 nits (HBM), 3000 nits (peak)",5060.0,37.0,50.0,42.0,3.0,Yes,1380138.0,4854.0,"Android 14, upgradable to Android 16, up to 7 major Android upgrades",Yes,"Porcelain, Rose Quartz, Hazel, Obsidian",0
Google Pixel 9 Pro,Google,Google,Mid,77926.8,556.62,2024.0,Yes,Google Tensor G4 (4 nm),0,Google,Tensor,16.0,16.0,128.0,512.0,120.0,6.3,"LTPO OLED, 120Hz, HDR10+, 2000 nits (HBM), 3000 nits (peak)",4700.0,27.0,50.0,42.0,3.0,Yes,838931.0,3850.0,"Android 14, upgradable to Android 16, up to 7 major Android upgrades",Yes,"Porcelain, Rose Quartz, Hazel, Obsidian",0
Google Pixel 9,Google,Google,Mid,55070.4,393.36,2024.0,Yes,Google Tensor G4 (4 nm),0,Google,Tensor,12.0,12.0,128.0,256.0,120.0,6.3,"OLED, 120Hz, HDR10+, 1800 nits (HBM), 2700 nits (peak)",4700.0,27.0,50.0,10.5,2.0,Yes,1224020.0,4489.0,"Android 14, upgradable to Android 16, up to 7 major Android upgrades",Yes,"Obsidian, Porcelain, Wintergreen, Peony",0
Google Pixel 9 Pro Fold,Google,Google,Flagship,119420.0,853.0,2024.0,Yes,Google Tensor G4 (4 nm),0,Google,Tensor,16.0,16.0,256.0,512.0,120.0,8.0,"Foldable LTPO OLED, 120Hz, HDR10+, 1600 nits (HBM), 2700 nits (peak)",4650.0,21.0,48.0,10.0,3.0,Yes,1222228.0,4783.0,"Android 14, upgradable to Android 16, up to 7 major Android upgrades",Yes,"Obsidian, Porcelain",0
Google Pixel 8a,Google,Google,Mid,32200.0,230.0,2024.0,Yes,Google Tensor G3 (4 nm),0,Google,Tensor,8.0,8.0,128.0,256.0,120.0,6.1,"OLED, HDR, 120Hz, 2000 nits (peak)",4492.0,18.0,64.0,13.0,2.0,Yes,1193520.0,4384.0,"Android 14, upgradable to Android 16, up to 7 major Android upgrades",Yes,"Obsidian, Porcelain, Bay, Aloe",0
Google Pixel 10 Pro Fold,Google,Google,Flagship,199367.0,1424.05,2025.0,Yes,Google Tensor G5 (3 nm),1,Google,Tensor,16.0,16.0,256.0,512.0,120.0,8.0,"Foldable LTPO OLED, 120Hz, HDR10+, 1800 nits (HBM), 3000 nits (peak)",5015.0,30.0,48.0,10.0,3.0,Yes,1553009.0,5937.0,"Android 16, up to 7 major Android upgrades",Yes,"Moonstone, Jade",0
Google Pixel 10 Pro XL,Google,Google,Flagship,114240.0,816.0,2025.0,Yes,Google Tensor G5 (3 nm),1,Google,Tensor,16.0,16.0,256.0,512.0,120.0,6.8,"LTPO OLED, 120Hz, HDR10+, 2200 nits (HBM), 3300 nits (peak)",5200.0,45.0,50.0,42.0,3.0,Yes,1423216.0,6497.0,"Android 16, up to 7 major Android upgrades",Yes,"Moonstone, Jade, Porcelain, Obsidian",0
Google Pixel 10 Pro,Google,Google,Flagship,120400.0,860.0,2025.0,Yes,Google Tensor G5 (3 nm),1,Google,Tensor,16.0,16.0,128.0,512.0,120.0,6.3,"LTPO OLED, 120Hz, HDR10+, 2200 nits (HBM), 3300 nits (peak)",4870.0,30.0,50.0,42.0,3.0,Yes,1107978.0,6195.0,"Android 16, up to 7 major Android upgrades",Yes,"Moonstone, Jade, Porcelain, Obsidian",0
Google Pixel 10,Google,Google,Flagship,73875.2,527.68,2025.0,Yes,Google Tensor G5 (3 nm),1,Google,Tensor,12.0,12.0,128.0,256.0,120.0,6.3,"OLED, 120Hz, HDR10+, 2000 nits (HBM), 3000 nits (peak)",4970.0,30.0,48.0,10.5,3.0,Yes,1173841.0,5857.0,"Android 16, up to 7 major Android upgrades",Yes,"Indigo, Frost, Lemongrass, Obsidian",0
Google Pixel 9a,Google,Google,Mid,50960.0,364.0,2025.0,Yes,Google Tensor G4 (4 nm),0,Google,Tensor,8.0,8.0,128.0,256.0,120.0,6.3,"P-OLED, HDR, 120Hz, 1800 nits (HBM), 2700 nits (peak)",5100.0,23.0,48.0,13.0,2.0,Yes,1254417.0,4527.0,"Android 15, upgradable to Android 16, up to 7 major Android upgrades",Yes,"Obsidian, Porcelain, Iris, Peony",0
Google Pixel 10a,Google,Google,Mid,60760.0,434.0,2026.0,Yes,Google Tensor G4 (4 nm),0,Google,Tensor,8.0,8.0,128.0,256.0,120.0,6.3,"P-OLED, HDR, 120Hz, 2000 nits (HBM), 3000 nits (peak)",5100.0,30.0,48.0,13.0,2.0,Yes,1269880.0,4545.0,"Android 16, up to 7 major Android upgrades",Yes,"Obsidian, Fog, Berry, Lavender",0
HMD Skyline,Hmd,Hmd,Mid,29075.2,207.68,2024.0,Yes,Qualcomm SM7435-AB Snapdragon 7s Gen 2 (4 nm),0,Qualcomm,Snapdragon,8.0,12.0,128.0,256.0,144.0,6.55,"P-OLED, 144Hz, 1000 nits (peak), HDR10",4600.0,33.0,108.0,50.0,3.0,Yes,581311.0,2899.0,"Android 14, upgradable to Android 15, up to 2 major Android upgrades",Yes,"Neon Pink, Twisted Black, Blue Topaz",0
HMD Crest Max,Hmd,Hmd,Mid,25200.0,180.0,2024.0,Yes,Unisoc T760 (6 nm),0,Unisoc,T-Series,8.0,8.0,256.0,256.0,60.0,6.67,OLED,5000.0,33.0,64.0,50.0,3.0,No,628581.0,2390.0,Android 14,No,"Aqua Green, Royal Pink, Deep Purple",0
HMD Crest,Hmd,Hmd,Budget,18200.0,130.0,2024.0,Yes,Unisoc T760 (6 nm),0,Unisoc,T-Series,6.0,6.0,128.0,128.0,60.0,6.67,OLED,5000.0,33.0,50.0,50.0,2.0,No,628581.0,2390.0,Android 14,No,Midnight Blue,0
HMD XR21,Hmd,Hmd,Flagship,84000.0,600.0,2024.0,Yes,Qualcomm SM6375 Snapdragon 695 5G (6 nm),0,Qualcomm,Snapdragon,6.0,6.0,128.0,128.0,120.0,6.49,"IPS LCD, 120Hz, 450 nits (typ), 550 nits (HBM)",4800.0,33.0,64.0,16.0,2.0,No,590710.0,2003.0,Android 12,Yes,Midnight Black,0
HMD Fusion,Hmd,Hmd,Flagship,32198.600000000002,229.99,2024.0,Yes,Qualcomm SM4450 Snapdragon 4 Gen 2 (4 nm),1,Qualcomm,Snapdragon,4.0,12.0,128.0,256.0,90.0,6.56,"IPS LCD, 90Hz, 480 nits (typ), 600 nits (peak)",5000.0,33.0,108.0,50.0,2.0,No,568823.5,2249.0,"Android 14, up to 2 major Android upgrades",Yes,"Noir, Barca Fusion edition",0
HMD Vibe,Hmd,Hmd,Budget,12600.0,90.0,2025.0,Yes,Unisoc T760 (6 nm),0,Unisoc,T-Series,4.0,4.0,128.0,128.0,90.0,6.67,"IPS LCD, 90Hz",5000.0,18.0,50.0,8.0,2.0,No,628581.0,2390.0,Android 15,No,"Black, Purple",0
HMD Vibe2,Hmd,Hmd,Budget,11200.0,80.0,2026.0,Yes,Unisoc T8200 (6 nm),0,Unisoc,T-Series,4.0,6.0,64.0,128.0,120.0,6.75,"IPS LCD, 120Hz",6000.0,18.0,50.0,8.0,2.0,No,513416.0,1794.0,Android 16,No,"Cosmic Lavender, Nordic Blue, Peach Pink",0
Honor Magic3 Pro+,Honor,Honor,Flagship,149800.0,1070.0,2021.0,Yes,Qualcomm SM8350 Snapdragon 888+ 5G (5 nm),1,Qualcomm,Snapdragon,12.0,12.0,512.0,512.0,120.0,6.76,"OLED, 1B colors, 120Hz, HDR10+",4600.0,66.0,50.0,13.0,4.0,Yes,1200941.0,3373.0,"Android 11, Magic UI 5",Yes,"Ceramic Black, Ceramic White",0
Honor Magic3 Pro,Honor,Honor,Flagship,112000.0,800.0,2021.0,Yes,Qualcomm SM8350 Snapdragon 888+ 5G (5 nm),1,Qualcomm,Snapdragon,8.0,12.0,256.0,512.0,120.0,6.76,"OLED, 1B colors, 120Hz, HDR10+",4600.0,66.0,50.0,13.0,4.0,Yes,1200941.0,3373.0,"Android 11, Magic UI 5",Yes,"Golden Hour (Vegan Leather), Black, White",0
Honor Magic3,Honor,Honor,Flagship,93800.0,670.0,2021.0,Yes,Qualcomm SM8350 Snapdragon 888 5G (5 nm),1,Qualcomm,Snapdragon,8.0,8.0,128.0,256.0,120.0,6.76,"OLED, 1B colors, 120Hz, HDR10+",4600.0,66.0,50.0,13.0,3.0,No,2388314.0,3373.0,"Android 11, Magic UI 5",Yes,"Golden Hour (Vegan Leather), Blue Hour (Vegan Leather), Black, White",0
Honor Tablet V7 Pro,Honor,Honor,Mid,46200.0,330.0,2021.0,Yes,Mediatek MT8797 Kompanio 1300T (6 nm),0,Mediatek,Helio,6.0,8.0,128.0,256.0,120.0,11.0,"IPS LCD, 120Hz, 300 nits (typ)",7250.0,5.0,13.0,5.0,2.0,No,630975.5,2827.0,"Android 11, Magic UI 5.0",No,"Gold, Blue, Silver",0
Honor X20,Honor,Honor,Mid,35000.0,250.0,2021.0,Yes,Mediatek Dimensity 900 (6 nm),0,Mediatek,Dimensity,6.0,8.0,128.0,256.0,60.0,6.67,IPS LCD,4300.0,66.0,64.0,16.0,3.0,No,671241.0,2423.0,"Android 11, Magic UI 4.2",No,"Blue, Silver, Black",0
Honor 60 Pro,Honor,Honor,Mid,54600.0,390.0,2021.0,Yes,Qualcomm Snapdragon 778G+ 5G,0,Qualcomm,Snapdragon,8.0,12.0,256.0,256.0,120.0,6.78,"OLED, 1B colors, 120Hz, HDR10+",4800.0,66.0,108.0,50.0,3.0,No,3042805.0,2943.0,"Android 11, Magic UI 5.0",Yes,"Black, Green, Blue, Pink",0
Honor 60,Honor,Honor,Mid,70000.0,500.0,2021.0,Yes,Qualcomm SM7325 Snapdragon 778G 5G (6 nm),0,Qualcomm,Snapdragon,8.0,12.0,128.0,256.0,120.0,6.67,"OLED, 1B colors, 120Hz, HDR10",4800.0,66.0,108.0,32.0,3.0,No,1426281.0,2943.0,"Android 11, Magic UI 5.0",Yes,"Black, Green, Blue, Pink",0
Honor X30,Honor,Honor,Mid,29400.0,210.0,2021.0,Yes,Qualcomm SM6375 Snapdragon 695 5G (6 nm),0,Qualcomm,Snapdragon,6.0,12.0,128.0,256.0,120.0,6.81,"IPS LCD, 120Hz",4800.0,66.0,48.0,16.0,3.0,No,590710.0,2003.0,"Android 11, Magic UI 5.0",No,"Black, Blue, Silver, Gold",0
Honor Play 30 Plus,Honor,Honor,Budget,21000.0,150.0,2021.0,Yes,Mediatek Dimensity 700 (7 nm),0,Mediatek,Dimensity,4.0,8.0,128.0,128.0,90.0,6.74,"IPS LCD, 90Hz",5000.0,5.0,13.0,5.0,2.0,No,515647.0,1767.0,"Android 11, Magic UI 5.0",No,"Black, Blue, Silver, Gold",0
Honor V40 5G,Honor,Honor,Mid,64400.0,460.0,2021.0,Yes,Mediatek Dimensity 1000+ (7 nm),0,Mediatek,Dimensity,8.0,8.0,128.0,256.0,120.0,6.72,"AMOLED, 1B colors, HDR10, 120Hz, 800 nits (peak)",4000.0,66.0,50.0,16.0,3.0,No,630975.5,2423.0,"Android 10, Magic UI 4.0, no Google Play Services",Yes,"Midnight Black, Rose Gold, Titanium Silver",0
Honor 50 Pro,Honor,Honor,Mid,67200.0,480.0,2021.0,Yes,Qualcomm SM7325 Snapdragon 778G 5G (6 nm),0,Qualcomm,Snapdragon,8.0,12.0,256.0,256.0,120.0,6.72,"OLED, 1B colors, 120Hz",4000.0,100.0,108.0,12.0,4.0,No,3233535.0,2943.0,"Android 11, Magic UI 4.2, Google Play Services",Yes,"Frost Crystal, Amber Red, Emerald Green, Midnight Black",0
Honor 50,Honor,Honor,Mid,25200.0,180.0,2021.0,Yes,Qualcomm SM7325 Snapdragon 778G 5G (6 nm),0,Qualcomm,Snapdragon,6.0,12.0,128.0,256.0,120.0,6.57,"OLED, 1B colors, 120Hz",4300.0,66.0,108.0,32.0,4.0,No,470348.0,2971.0,"Android 11, Magic UI 4.2",Yes,"Frost Crystal, Amber Red, Emerald Green, Midnight Black, Honor Code",0
Honor 50 SE,Honor,Honor,Mid,43400.0,310.0,2021.0,Yes,Mediatek Dimensity 900 (6 nm),0,Mediatek,Dimensity,8.0,12.0,128.0,256.0,120.0,6.78,"IPS LCD, 120Hz",4000.0,66.0,108.0,16.0,3.0,No,671241.0,2423.0,"Android 11, Magic UI 4.2",No,"Black, Blue, Silver",0
Honor X20 SE,Honor,Honor,Mid,33600.0,240.0,2021.0,Yes,Mediatek Dimensity 700 (7 nm),0,Mediatek,Dimensity,6.0,8.0,128.0,128.0,60.0,6.6,IPS LCD,4000.0,5.0,64.0,16.0,3.0,No,515647.0,1767.0,"Android 11, Magic UI 4.0",No,"Black, Green, Rose Gold, Silver",0
Honor V40 Lite,Honor,Honor,Mid,54600.0,390.0,2021.0,Yes,Mediatek Dimensity 800U (7 nm),0,Mediatek,Dimensity,8.0,8.0,128.0,256.0,90.0,6.57,"OLED, 1B colors, HDR10, 90Hz",3800.0,66.0,64.0,32.0,4.0,No,551706.0,1836.0,"Android 10, Magic UI 4.0, no Google Play Services",Yes,"Black, Blue, Green",0
Honor Play5 5G,Honor,Honor,Mid,37800.0,270.0,2021.0,Yes,Mediatek Dimensity 800U (7 nm),0,Mediatek,Dimensity,8.0,8.0,128.0,256.0,60.0,6.53,"OLED, HDR10",3800.0,66.0,64.0,16.0,4.0,No,551706.0,1836.0,"Android 10, Magic UI 4.0, no Google Play Services",Yes,"Black, Violet, Light Blue",0
Honor Play5 Youth,Honor,Honor,Mid,33600.0,240.0,2021.0,Yes,Mediatek Dimensity 900 (6 nm),0,Mediatek,Dimensity,8.0,8.0,128.0,256.0,120.0,6.67,"IPS LCD, 120Hz",4300.0,66.0,64.0,16.0,2.0,No,671241.0,2423.0,"Android 11, Magic UI 4.2",No,"Black, Blue",0
Honor X30 Max,Honor,Honor,Mid,44800.0,320.0,2021.0,Yes,Mediatek Dimensity 900 (6 nm),0,Mediatek,Dimensity,8.0,8.0,128.0,256.0,60.0,7.09,"IPS LCD, HDR10",5000.0,5.0,64.0,8.0,2.0,No,671241.0,2423.0,"Android 11, Magic UI 5.0",Yes,"Black, Blue, Silver/Violet",1
Honor X30i,Honor,Honor,Mid,26600.0,190.0,2021.0,Yes,Mediatek Dimensity 810 (6 nm),0,Mediatek,Dimensity,6.0,8.0,128.0,256.0,90.0,6.7,"IPS LCD, 90Hz",4000.0,5.0,48.0,8.0,3.0,No,583282.5,1900.0,"Android 11, Magic UI 5.0",No,"Black, Blue, Silver, Rose Gold",0
Honor Tablet V7,Honor,Honor,Mid,37800.0,270.0,2021.0,Yes,Mediatek MT8791 Kompanio 900T 5G (6 nm),0,Mediatek,Helio,6.0,8.0,128.0,128.0,90.0,10.4,"IPS LCD, 90Hz, HDR10",7250.0,5.0,13.0,8.0,2.0,No,630975.5,2423.0,"Android 11, Magic UI 5.0",No,"Gold, Blue, Silver",0
Honor Play6T Pro,Honor,Honor,Mid,28000.0,200.0,2022.0,Yes,Mediatek Dimensity 810 (6 nm),0,Mediatek,Dimensity,8.0,8.0,128.0,256.0,90.0,6.7,"IPS LCD, 90Hz",4000.0,44.0,48.0,8.0,2.0,No,583282.5,1900.0,"Android 11, Magic UI 5.0",No,"Black, Silver, Gold",0
Honor Play6T,Honor,Honor,Mid,25200.0,180.0,2022.0,Yes,Mediatek Dimensity 700 (7 nm),0,Mediatek,Dimensity,8.0,8.0,128.0,256.0,90.0,6.74,"TFT LCD, 90Hz",5000.0,5.0,13.0,5.0,3.0,No,515647.0,1767.0,"Android 11, Magic UI 5.0",No,"Black, Silver, Blue",0
Honor 80 GT,Honor,Honor,Flagship,63000.0,450.0,2022.0,Yes,Qualcomm SM8475 Snapdragon 8+ Gen 1 (4 nm),1,Qualcomm,Snapdragon,12.0,16.0,256.0,512.0,120.0,6.67,"AMOLED, 1B colors, 120Hz, HDR10, 1400 nits (peak)",4800.0,66.0,54.0,16.0,3.0,No,1634078.0,3773.0,"Android 12, MagicOS 7",Yes,"Black, Blue, White",0
Honor 60 SE,Honor,Honor,Mid,42000.0,300.0,2022.0,Yes,Mediatek Dimensity 900 (6 nm),0,Mediatek,Dimensity,8.0,12.0,128.0,256.0,120.0,6.67,"OLED, 1B colors, 120Hz, HDR",4300.0,66.0,64.0,16.0,3.0,No,671241.0,2423.0,"Android 11, Magic UI 5.0",No,"Black, Green, Blue",0
Honor Magic4 Pro,Honor,Honor,Flagship,64400.0,460.0,2022.0,Yes,Qualcomm SM8450 Snapdragon 8 Gen 1 (4 nm),1,Qualcomm,Snapdragon,8.0,12.0,256.0,512.0,120.0,6.81,"LTPO OLED, 1B colors, 120Hz, HDR10+, 1000 nits (peak)",4600.0,100.0,50.0,12.0,3.0,Yes,980755.0,3512.0,"Android 12, Magic UI 6",Yes,"Black, White, Cyan, Gold, Orange",0
Honor Magic4,Honor,Honor,Flagship,126000.0,900.0,2022.0,Yes,Qualcomm SM8450 Snapdragon 8 Gen 1 (4 nm),1,Qualcomm,Snapdragon,8.0,12.0,128.0,512.0,120.0,6.81,"LTPO OLED, 1B colors, 120Hz, HDR10+, 1000 nits (peak)",4800.0,66.0,50.0,12.0,3.0,Yes,1303229.0,3773.0,"Android 12, Magic UI 6",Yes,"Black, White, Cyan, Gold",0
Honor Magic V,Honor,Honor,Flagship,196000.0,1400.0,2022.0,Yes,Qualcomm SM8450 Snapdragon 8 Gen 1 (4 nm),1,Qualcomm,Snapdragon,12.0,12.0,256.0,512.0,90.0,7.9,"Foldable OLED, 1B colors, 90Hz, HDR10+",4750.0,66.0,50.0,42.0,3.0,No,1738135.0,3773.0,"Android 12, Magic UI 6",Yes,"Titanium Silver, Black, Burnt Orange",0
Honor X40i,Honor,Honor,Mid,33600.0,240.0,2022.0,Yes,Mediatek Dimensity 700 (7 nm),0,Mediatek,Dimensity,8.0,12.0,128.0,256.0,60.0,6.7,IPS LCD,4000.0,44.0,50.0,8.0,2.0,No,515647.0,1767.0,"Android 12, Magic UI 6.1",No,"Black, Silver, Green. Aurora",0
Honor X8 5G,Honor,Honor,Flagship,23800.0,170.0,2022.0,Yes,Qualcomm SM4350-AC Snapdragon 480+ 5G (8 nm),1,Qualcomm,Snapdragon,6.0,6.0,128.0,128.0,60.0,6.5,TFT LCD,5000.0,5.0,48.0,8.0,3.0,No,339004.0,1597.0,"Android 11, Magic UI 4.2",Yes,"Midnight Black, Ocean Blue",0
Honor Magic4 Ultimate,Honor,Honor,Flagship,161000.0,1150.0,2022.0,Yes,Qualcomm SM8450 Snapdragon 8 Gen 1 (4 nm),1,Qualcomm,Snapdragon,12.0,12.0,512.0,512.0,120.0,6.81,"LTPO OLED, 1B colors, 120Hz, HDR10+",4600.0,100.0,50.0,12.0,4.0,Yes,2380839.0,3773.0,"Android 12, Magic UI 6",Yes,"Ceramic Black, Ceramic White",0
Honor Magic4 Lite,Honor,Honor,Mid,25200.0,180.0,2022.0,Yes,Qualcomm SM6375 Snapdragon 695 5G (6 nm),0,Qualcomm,Snapdragon,6.0,8.0,128.0,128.0,120.0,6.81,"IPS LCD, 120Hz",4800.0,66.0,48.0,16.0,3.0,No,387218.0,1906.0,"Android 11, Magic UI 4.2",Yes,"Titanium Silver, Ocean Blue, Midnight Black",0
Honor X9 5G,Honor,Honor,Mid,33600.0,240.0,2022.0,Yes,Qualcomm SM6375 Snapdragon 695 5G (6 nm),0,Qualcomm,Snapdragon,8.0,8.0,128.0,256.0,120.0,6.81,"IPS LCD, 120Hz",4800.0,66.0,48.0,16.0,3.0,No,605759.0,2003.0,"Android 11, Magic UI 4.2",Yes,"Titanium Silver, Ocean Blue, Midnight Black",0
Honor Play 30,Honor,Honor,Flagship,21000.0,150.0,2022.0,Yes,Qualcomm SM4350-AC Snapdragon 480+ 5G (8 nm),1,Qualcomm,Snapdragon,4.0,8.0,128.0,128.0,90.0,6.5,"TFT LCD, 90Hz",5000.0,10.0,13.0,5.0,1.0,No,446878.0,1597.0,"Android 11, Magic UI 5.0",No,"Black, Blue, Gold, Gradient",0
Honor 70 Pro+,Honor,Honor,Flagship,84000.0,600.0,2022.0,Yes,Mediatek Dimensity 9000 (4 nm),0,Mediatek,Dimensity,8.0,12.0,256.0,256.0,120.0,6.78,"OLED, 1B colors, 120Hz",4500.0,100.0,54.0,50.0,3.0,Yes,734635.0,4384.0,"Android 12, Magic UI 6.1",Yes,"Black, Green, Gold",0
Honor 70 Pro,Honor,Honor,Mid,72800.0,520.0,2022.0,Yes,Mediatek Dimensity 8000 (5 nm),0,Mediatek,Dimensity,8.0,12.0,256.0,512.0,120.0,6.78,"OLED, 1B colors, 120Hz",4500.0,100.0,54.0,50.0,3.0,Yes,734635.0,3309.0,"Android 12, Magic UI 6.1",Yes,"Black, Green, Gold, Silver",0
Honor 70,Honor,Honor,Budget,18200.0,130.0,2022.0,Yes,Qualcomm SM7325-AE Snapdragon 778G+ 5G (6 nm),0,Qualcomm,Snapdragon,8.0,12.0,128.0,512.0,120.0,6.67,"OLED, 1B colors, 120Hz, HDR10+",4800.0,66.0,54.0,32.0,3.0,No,765434.0,2943.0,"Android 12, Magic UI 6.1",Yes,"Midnight Black, Emerald Green, Icelandic Frost, Crystal Silver",0
Honor 80 Pro,Honor,Honor,Flagship,58800.0,420.0,2022.0,Yes,Qualcomm SM8475 Snapdragon 8+ Gen 1 (4 nm),1,Qualcomm,Snapdragon,8.0,12.0,256.0,512.0,120.0,6.78,"OLED, 1B colors, 120Hz, HDR, 1000 nits (peak)",4800.0,66.0,160.0,50.0,3.0,No,734635.0,3773.0,"Android 12, MagicOS 7",Yes,"Black, Green, Blue, Pink",0
Honor 80,Honor,Honor,Mid,51800.0,370.0,2022.0,Yes,Qualcomm Snapdragon 782G (6 nm),0,Qualcomm,Snapdragon,8.0,12.0,256.0,512.0,120.0,6.67,"OLED, 1B colors, 120Hz, 1000 nits (peak)",4800.0,66.0,160.0,32.0,3.0,No,806420.0,3034.0,"Android 12, MagicOS 7",Yes,"Black, Green, Blue, Pink",0
Honor 80 SE,Honor,Honor,Mid,51800.0,370.0,2022.0,Yes,Mediatek Dimensity 900 (6 nm),0,Mediatek,Dimensity,8.0,12.0,256.0,256.0,120.0,6.67,"OLED, 1B colors, 120Hz",4600.0,66.0,64.0,32.0,3.0,No,671241.0,2423.0,"Android 12, MagicOS 7",No,"Black, Blue, Pink, Crystal Blue",0
Honor Magic Vs Ultimate,Honor,Honor,Flagship,210000.0,1500.0,2022.0,Yes,Qualcomm SM8475 Snapdragon 8+ Gen 1 (4 nm),1,Qualcomm,Snapdragon,16.0,16.0,512.0,512.0,90.0,7.9,"Foldable OLED, 1B colors, 90Hz, HDR10+, 800 nits",5000.0,66.0,54.0,16.0,3.0,Yes,1303229.0,3773.0,"Android 12, MagicOS 7",Yes,"Gold, Black",0
Honor X40 GT,Honor,Honor,Flagship,42000.0,300.0,2022.0,Yes,Qualcomm SM8350 Snapdragon 888 5G (5 nm),1,Qualcomm,Snapdragon,8.0,12.0,256.0,256.0,144.0,6.81,"IPS LCD, 144Hz",4800.0,66.0,50.0,16.0,3.0,No,1125131.5,3373.0,"Android 12, Magic UI 6.1",Yes,"Racing Black, Black, Silver",0
Honor Play 40 Plus,Honor,Honor,Budget,23800.0,170.0,2022.0,Yes,Mediatek Dimensity 700 (7 nm),0,Mediatek,Dimensity,6.0,8.0,128.0,256.0,90.0,6.74,"TFT LCD, 90Hz",6000.0,5.0,50.0,5.0,2.0,No,515647.0,1767.0,"Android 12, Magic UI 6.1",No,"Blue, Silver, Black, Purple",0
Honor X40,Honor,Honor,Mid,29400.0,210.0,2022.0,Yes,Qualcomm SM6375 Snapdragon 695 5G (6 nm),0,Qualcomm,Snapdragon,6.0,12.0,128.0,256.0,120.0,6.67,"AMOLED, 1B colors, 120Hz, 800 nits (HBM)",5100.0,40.0,50.0,8.0,2.0,No,590710.0,2003.0,"Android 12, Magic UI 6.1",No,"Black, Green, Silver",0
Honor Magic6 Lite,Honor,Honor,Mid,25200.0,180.0,2023.0,Yes,Qualcomm SM6450 Snapdragon 6 Gen 1 (4 nm),0,Qualcomm,Snapdragon,8.0,8.0,256.0,512.0,120.0,6.78,"AMOLED, 1B colors, 120Hz, 1200 nits (peak)",5300.0,35.0,108.0,16.0,3.0,No,568391.0,2719.0,"Android 13, Magic OS 7.2",Yes,"Sunrise Orange, Midnight Black, Emerald Green",0
Honor 90 GT,Honor,Honor,Flagship,46200.0,330.0,2023.0,Yes,Qualcomm SM8550-AB Snapdragon 8 Gen 2 (4 nm),1,Qualcomm,Snapdragon,12.0,24.0,256.0,512.0,120.0,6.7,"AMOLED, 1B colors, 120Hz, HDR, 2600 nits (peak)",5000.0,100.0,50.0,16.0,2.0,Yes,1634078.0,5558.0,"Android 13, MagicOS 7.2",Yes,"Black, Blue, Gold",0
Honor Pad 9,Honor,Honor,Mid,26600.0,190.0,2023.0,Yes,Qualcomm SM6450 Snapdragon 6 Gen 1 (4 nm),0,Qualcomm,Snapdragon,8.0,12.0,128.0,512.0,120.0,12.1,"IPS LCD, 1B colors, 120Hz, 500 nits (typ)",8300.0,35.0,13.0,8.0,1.0,No,495329.0,2724.0,"Android 13, up to 1 major Android upgrades, Magic OS 7.2",No,"Gray, Blue, White",0
Honor Magic5 Lite,Honor,Honor,Mid,26600.0,190.0,2023.0,Yes,Qualcomm SM6375 Snapdragon 695 5G (6 nm),0,Qualcomm,Snapdragon,6.0,8.0,128.0,256.0,120.0,6.67,"AMOLED, 1B colors, 120Hz, 800 nits (HBM)",5100.0,40.0,64.0,16.0,2.0,No,387250.0,1912.0,"Android 12, upgradable to Android 13, MagicOS 7.1",Yes,"Midnight Black, Emerald Green, Titanium Silver",0
Honor Magic5 Pro,Honor,Honor,Flagship,48615.0,347.25,2023.0,Yes,Qualcomm SM8550-AB Snapdragon 8 Gen 2 (4 nm),1,Qualcomm,Snapdragon,8.0,16.0,256.0,512.0,120.0,6.81,"LTPO OLED, 1B colors, 120Hz, HDR10+, 1800 nits (peak)",5100.0,66.0,50.0,12.0,3.0,Yes,1200941.0,4378.0,"Android 13, upgradable to Android 14, MagicOS 8",Yes,"Black, Meadow Green, Blue, Purple, Orange",1
Honor Magic5,Honor,Honor,Flagship,126000.0,900.0,2023.0,Yes,Qualcomm SM8550-AB Snapdragon 8 Gen 2 (4 nm),1,Qualcomm,Snapdragon,8.0,16.0,256.0,512.0,120.0,6.73,"OLED, 1B colors, 120Hz, HDR10+, 1600 nits (peak)",5100.0,66.0,54.0,12.0,3.0,Yes,2663720.0,5558.0,"Android 13, MagicOS 7.1",Yes,"Black, Glacier Blue, Green, Purple, Orange",0
Honor X9a,Honor,Honor,Mid,50400.0,360.0,2023.0,Yes,Qualcomm SM6375 Snapdragon 695 5G (6 nm),0,Qualcomm,Snapdragon,6.0,8.0,128.0,256.0,120.0,6.67,"AMOLED, 1B colors, 120Hz, 800 nits (HBM)",5100.0,40.0,64.0,16.0,2.0,No,605759.0,2003.0,"Android 12, upgradable to Android 13, MagicOS 7",Yes,"Titanium Silver, Emerald Green, Midnight Black",0
Honor 80 Pro Flat,Honor,Honor,Flagship,63000.0,450.0,2023.0,Yes,Qualcomm SM8475 Snapdragon 8+ Gen 1 (4 nm),1,Qualcomm,Snapdragon,12.0,12.0,256.0,256.0,120.0,6.67,"OLED, 1B colors, 120Hz, HDR, 1000 nits (peak)",4800.0,66.0,160.0,32.0,3.0,No,1303229.0,3773.0,"Android 12, MagicOS 7",Yes,"Black, Green, Pink",0
Honor X50,Honor,Honor,Mid,25200.0,180.0,2023.0,Yes,Qualcomm SM6450 Snapdragon 6 Gen 1 (4 nm),0,Qualcomm,Snapdragon,8.0,16.0,128.0,512.0,120.0,6.78,"AMOLED, 1B colors, 120Hz, 1200 nits (peak)",5800.0,35.0,108.0,8.0,2.0,No,732630.0,2719.0,"Android 13, Magic OS 7.1",No,"Black, Blue, Silver, Orange",0
Honor Play 40,Honor,Honor,Flagship,25200.0,180.0,2023.0,Yes,Qualcomm SM4350-AC Snapdragon 480+ 5G (8 nm),1,Qualcomm,Snapdragon,6.0,8.0,128.0,256.0,90.0,6.56,"TFT LCD, 90Hz",5200.0,10.0,13.0,5.0,2.0,No,446878.0,1597.0,"Android 13, Magic OS 7.1",No,"Blue, Mint, Black, Purple",0
Honor X50i,Honor,Honor,Mid,25200.0,180.0,2023.0,Yes,Mediatek Dimensity 6020 (7 nm),0,Mediatek,Dimensity,8.0,12.0,256.0,256.0,90.0,6.7,"IPS LCD, 90Hz",4500.0,35.0,100.0,8.0,2.0,No,518592.0,2032.0,"Android 13, Magic OS 7.1",No,"Black, Blue, Pink, Light Blue",0
Honor Magic V2,Honor,Honor,Flagship,88200.0,630.0,2023.0,Yes,Qualcomm SM8550-AB Snapdragon 8 Gen 2 (4 nm) - Intl Qualcomm SM8550-AC Snapdragon 8 Gen 2 (4 nm) - China,1,Qualcomm,Snapdragon,16.0,16.0,256.0,512.0,120.0,7.92,"Foldable LTPO OLED, 1B colors, 120Hz, HDR10+, 1600 nits (peak)",5000.0,66.0,50.0,16.0,3.0,Yes,1551239.0,4959.0,"Android 13, upgradable to Android 14, MagicOS 8",Yes,"Black, Silk Black, Silk Purple, Gold",0
Honor 90 Lite,Honor,Honor,Mid,27858.600000000002,198.99,2023.0,Yes,Mediatek Dimensity 6020 (7 nm),0,Mediatek,Dimensity,4.0,8.0,256.0,256.0,90.0,6.7,"IPS LCD, 90Hz",4500.0,35.0,100.0,16.0,3.0,No,530583.0,2032.0,"Android 13, Magic OS 7.1",Yes,"Titanium Silver, Cyan Lake, Midnight Black",0
Honor Magic5 Ultimate,Honor,Honor,Flagship,126000.0,900.0,2023.0,Yes,Qualcomm SM8550-AB Snapdragon 8 Gen 2 (4 nm),1,Qualcomm,Snapdragon,16.0,16.0,512.0,512.0,120.0,6.81,"LTPO OLED, 1B colors, 120Hz, HDR10+, 1800 nits (peak)",5450.0,66.0,50.0,12.0,3.0,Yes,2380839.0,5558.0,"Android 13, MagicOS 7.1",Yes,"Black, Orange",0
Honor 70 Lite,Honor,Honor,Flagship,16800.0,120.0,2023.0,Yes,Qualcomm SM4350-AC Snapdragon 480+ 5G (8 nm),1,Qualcomm,Snapdragon,4.0,4.0,128.0,128.0,90.0,6.5,"TFT LCD, 90Hz",5000.0,5.0,50.0,8.0,3.0,No,324696.0,1597.0,"Android 12, upgradable to Android 14, Magic UI 8",Yes,"Ocean Blue, Titanium Silver, Midnight Black",0
Honor Play7T Pro,Honor,Honor,Mid,28000.0,200.0,2023.0,Yes,Mediatek Dimensity 6020 (7 nm),0,Mediatek,Dimensity,8.0,8.0,128.0,256.0,90.0,6.7,"IPS LCD, 90Hz",4000.0,40.0,50.0,8.0,2.0,No,518592.0,2032.0,"Android 12, Magic UI 6.1",No,"Black, Dark Green, Silver",0
Honor Play7T,Honor,Honor,Budget,21000.0,150.0,2023.0,Yes,Mediatek Dimensity 6020 (7 nm),0,Mediatek,Dimensity,8.0,8.0,128.0,256.0,90.0,6.74,"IPS LCD, 90Hz",6000.0,5.0,50.0,5.0,2.0,No,518592.0,2032.0,"Android 12, Magic UI 6.1",No,"Black, Blue, Silver",0
Honor 90 Pro,Honor,Honor,Flagship,61600.0,440.0,2023.0,Yes,Qualcomm SM8475 Snapdragon 8+ Gen 1 (4 nm),1,Qualcomm,Snapdragon,12.0,16.0,256.0,512.0,120.0,6.78,"AMOLED, 1B colors, 120Hz, HDR, 1600 nits (peak)",5000.0,90.0,200.0,50.0,3.0,Yes,1463370.0,3773.0,"Android 13, MagicOS 7.1",Yes,"Midnight Black, Emerald Green, Diamond Silver, Peacock Blue",0
Honor 90,Honor,Honor,Budget,24950.8,178.22,2023.0,Yes,Qualcomm Snapdragon 7 Gen 1 Accelerated Edition (4 nm),0,Qualcomm,Snapdragon,8.0,16.0,256.0,512.0,120.0,6.7,"AMOLED, 1B colors, 120Hz, HDR10+, 1600 nits (peak)",5000.0,66.0,200.0,50.0,3.0,No,575122.0,3011.0,"Android 13, upgradable to Android 14, MagicOS 8",Yes,"Midnight Black, Emerald Green, Diamond Silver, Peacock Blue",0
Honor X50i+,Honor,Honor,Mid,29400.0,210.0,2023.0,Yes,Mediatek Dimensity 6080 (6 nm),0,Mediatek,Dimensity,12.0,12.0,256.0,512.0,90.0,6.7,"AMOLED, 90Hz, 1200 nits (HBM), 2000 nits (peak)",4500.0,35.0,108.0,8.0,2.0,No,567662.0,2020.0,"Android 13, MagicOS 7.2",No,"Black, Green, Blue, Pink",0
Honor 100 Pro,Honor,Honor,Flagship,61600.0,440.0,2023.0,Yes,Qualcomm SM8550-AB Snapdragon 8 Gen 2 (4 nm),1,Qualcomm,Snapdragon,12.0,16.0,256.0,512.0,120.0,6.78,"OLED, 1B colors, 120Hz, HDR, 2600 nits (peak)",5000.0,100.0,50.0,50.0,3.0,Yes,1769874.0,5558.0,"Android 13, MagicOS 7.2",Yes,"Black, Silver, Blue, Violet",0
Honor 100,Honor,Honor,Mid,44800.0,320.0,2023.0,Yes,Qualcomm SM7550-AB Snapdragon 7 Gen 3 (4 nm),0,Qualcomm,Snapdragon,12.0,16.0,256.0,512.0,120.0,6.7,"OLED, 1B colors, 120Hz, HDR, 2600 nits (peak)",5000.0,100.0,50.0,50.0,3.0,Yes,1045163.0,2967.0,"Android 13, MagicOS 7.2",Yes,"Black, Silver, Blue, Violet",0
Honor Play 50 Plus,Honor,Honor,Mid,26600.0,190.0,2023.0,Yes,Mediatek Dimensity 6020 (7 nm),0,Mediatek,Dimensity,8.0,12.0,256.0,256.0,90.0,6.8,"TFT LCD, 90Hz, 850 nits (peak)",6000.0,35.0,50.0,8.0,2.0,No,518592.0,2032.0,"Android 13, MagicOS 7.2",No,"Green, Silver, Black, Purple",0
Honor Magic Vs2,Honor,Honor,Flagship,127400.0,910.0,2023.0,Yes,Qualcomm SM8475 Snapdragon 8+ Gen 1 (4 nm),1,Qualcomm,Snapdragon,12.0,16.0,256.0,512.0,120.0,7.92,"Foldable LTPO OLED, 1B colors, 120Hz, HDR10+, Dolby Vision",5000.0,66.0,50.0,16.0,3.0,Yes,1738135.0,3773.0,"Android 13, MagicOS 7.2",Yes,"Black, Blue, Purple",0
Honor Play 8T,Honor,Honor,Budget,19600.0,140.0,2023.0,Yes,Mediatek Dimensity 6080 (6 nm),0,Mediatek,Dimensity,8.0,12.0,256.0,256.0,90.0,6.8,"TFT LCD, 90Hz, 850 nits (peak)",6000.0,35.0,50.0,8.0,2.0,No,567662.0,2020.0,"Android 13, MagicOS 7.2",No,"Green, Silver, Black",0
Honor X9b,Honor,Honor,Flagship,135800.0,970.0,2023.0,Yes,Qualcomm SM6450 Snapdragon 6 Gen 1 (4 nm),0,Qualcomm,Snapdragon,8.0,12.0,256.0,512.0,120.0,6.78,"AMOLED, 1B colors, 120Hz, 1200 nits (peak)",5800.0,35.0,108.0,16.0,3.0,No,701054.0,2719.0,"Android 13, Magic OS 7.2",Yes,"Sunrise Orange, Midnight Black, Emerald Green",0
Honor V Purse,Honor,Honor,Flagship,107800.0,770.0,2023.0,Yes,Qualcomm SM7325 Snapdragon 778G 5G (6 nm),0,Qualcomm,Snapdragon,16.0,16.0,256.0,512.0,90.0,7.71,"Foldable OLED, 1B colors, 90Hz, 1600 nits (peak)",4500.0,35.0,50.0,8.0,2.0,No,791030.0,2943.0,"Android 13, MagicOS 7.2",Yes,"Black, Gold, Blue",0
Honor X7b 5G,Honor,Honor,Budget,21000.0,150.0,2024.0,Yes,Mediatek Dimensity 6020 (7 nm),0,Mediatek,Dimensity,8.0,8.0,256.0,256.0,90.0,6.8,"IPS LCD, 90Hz, 850 nits (peak)",6000.0,35.0,108.0,8.0,3.0,No,385342.0,2032.0,"Android 13, Magic OS 7.2",No,"Crystal Silver, Emerald Green, Midnight Black",0
Honor 90 Smart,Honor,Honor,Budget,23800.0,170.0,2024.0,Yes,Mediatek Dimensity 6020 (7 nm),0,Mediatek,Dimensity,4.0,6.0,128.0,256.0,90.0,6.8,"IPS LCD, 90Hz, 850 nits (peak)",5330.0,35.0,108.0,8.0,3.0,No,532792.0,2032.0,"Android 13, Magic OS 7.2",Yes,"Emerald Green, Midnight Black",0
Honor 200 Lite,Honor,Honor,Budget,18884.6,134.89,2024.0,Yes,Mediatek Dimensity 6080 (6 nm),0,Mediatek,Dimensity,8.0,12.0,256.0,256.0,90.0,6.7,"AMOLED, 90Hz, 3240Hz PWM",4500.0,35.0,108.0,50.0,3.0,No,552130.0,2020.0,"Android 14, MagicOS 8",Yes,"Starry Blue, Cyan Lake, Black",0
Honor 300 Ultra,Honor,Honor,Flagship,77000.0,550.0,2024.0,Yes,Qualcomm SM8650-AB Snapdragon 8 Gen 3 (4 nm),1,Qualcomm,Snapdragon,12.0,16.0,512.0,512.0,120.0,6.78,"AMOLED, 1B colors, 120Hz, HDR, 1200 nits (HBM), 4000 nits (peak)",5300.0,100.0,50.0,50.0,3.0,Yes,2423624.0,6753.0,"Android 15, MagicOS 9",Yes,"Black, White",0
Honor 300 Pro,Honor,Honor,Flagship,67200.0,480.0,2024.0,Yes,Qualcomm SM8650-AB Snapdragon 8 Gen 3 (4 nm),1,Qualcomm,Snapdragon,12.0,16.0,256.0,512.0,120.0,6.78,"AMOLED, 1B colors, 120Hz, HDR, 1200 nits (HBM), 4000 nits (peak)",5300.0,100.0,50.0,50.0,3.0,Yes,2508188.0,6753.0,"Android 15, MagicOS 9",Yes,"Black, White, Green",0
Honor 300,Honor,Honor,Mid,42000.0,300.0,2024.0,Yes,Qualcomm SM7550-AB Snapdragon 7 Gen 3 (4 nm),0,Qualcomm,Snapdragon,8.0,16.0,256.0,512.0,120.0,6.7,"AMOLED, 1B colors, 120Hz, 1200 nits (HBM), 4000 nits (peak)",5300.0,100.0,50.0,50.0,2.0,Yes,991834.0,2967.0,"Android 15, MagicOS 9",Yes,"Black, White, Green, Purple, Gray",0
Honor X9c Smart,Honor,Honor,Flagship,38500.0,275.0,2024.0,Yes,Mediatek Dimensity 7025 Ultra (6 nm),1,Mediatek,Dimensity,8.0,12.0,256.0,256.0,120.0,6.8,"TFT LCD, 120Hz, 850 (HBM)",5800.0,35.0,108.0,16.0,2.0,No,647069.0,2290.0,"Android 14, Magic OS 8",Yes,"Ocean Cyan, Moonlight White",0
Honor GT,Honor,Honor,Flagship,40600.0,290.0,2024.0,Yes,Qualcomm SM8650-AB Snapdragon 8 Gen 3 (4 nm),1,Qualcomm,Snapdragon,12.0,16.0,256.0,512.0,120.0,6.7,"AMOLED, 1B colors, 120Hz, HDR, 1200 nits (HBM), 4000 nits (peak)",5300.0,100.0,50.0,16.0,2.0,Yes,2341391.0,6753.0,"Android 15, MagicOS 9",Yes,"Black, White, Green",0
Honor Magic7 RSR Porsche Design,Honor,Honor,Flagship,147000.0,1050.0,2024.0,Yes,Qualcomm SM8750-AB Snapdragon 8 Elite (3 nm),1,Qualcomm,Snapdragon,16.0,24.0,512.0,512.0,120.0,6.8,"LTPO OLED, 1B colors, 120Hz, 4320Hz PWM, Dolby Vision, HDR, 1600 nits (HBM), 5000 nits (peak)",5850.0,100.0,50.0,50.0,3.0,Yes,2476857.0,9559.0,"Android 15, MagicOS 9",Yes,"Provence, Agate Grey",0
Honor X50 GT,Honor,Honor,Flagship,36400.0,260.0,2024.0,Yes,Qualcomm SM8475 Snapdragon 8+ Gen 1 (4 nm),1,Qualcomm,Snapdragon,12.0,16.0,256.0,512.0,120.0,6.78,"AMOLED, 1B colors, 120Hz",5800.0,35.0,108.0,8.0,2.0,No,1303229.0,3773.0,"Android 13, MagicOS 7.2",Yes,"Black, Silver",0
Honor Magic6 Pro,Honor,Honor,Flagship,58436.0,417.4,2024.0,Yes,Qualcomm SM8650-AB Snapdragon 8 Gen 3 (4 nm),1,Qualcomm,Snapdragon,12.0,16.0,256.0,512.0,120.0,6.8,"LTPO OLED, 1B colors, 120Hz, Dolby Vision, HDR, 1600 nits (HBM), 5000 nits (peak)",5600.0,80.0,50.0,50.0,3.0,Yes,2017400.0,6787.0,"Android 14, up to 4 major Android upgrades, MagicOS 8",Yes,"Black, Green, Blue, Purple, White",0
Honor Magic6,Honor,Honor,Flagship,79800.0,570.0,2024.0,Yes,Qualcomm SM8650-AB Snapdragon 8 Gen 3 (4 nm),1,Qualcomm,Snapdragon,12.0,16.0,256.0,512.0,120.0,6.78,"LTPO OLED, 1B colors, 120Hz, HDR, 1600 nits (HBM), 5000 nits (peak)",5450.0,66.0,50.0,50.0,3.0,Yes,4166339.0,6753.0,"Android 14, MagicOS 8",Yes,"Black, Green, Blue, Purple, White",0
Honor Magic Vs3,Honor,Honor,Flagship,137200.0,980.0,2024.0,Yes,Qualcomm SM8550-AB Snapdragon 8 Gen 2 (4 nm),1,Qualcomm,Snapdragon,12.0,16.0,256.0,512.0,120.0,7.92,"Foldable LTPO AMOLED, 1B colors, Dolby Vision, 120Hz",5000.0,66.0,50.0,16.0,3.0,Yes,2388314.0,5558.0,"Android 14, MagicOS 8.0.1",Yes,"Velvet Black, Snow, Tundra Green",0
Honor Magic V3,Honor,Honor,Flagship,104566.0,746.9,2024.0,Yes,Qualcomm SM8650-AB Snapdragon 8 Gen 3 (4 nm),1,Qualcomm,Snapdragon,12.0,16.0,256.0,512.0,120.0,7.92,"Foldable LTPO AMOLED, 1B colors, HDR10+, Dolby Vision, 120Hz, 1800 nits (peak)",5150.0,66.0,50.0,20.0,3.0,Yes,1589991.0,6461.0,"Android 14, upgradable to Android 15, MagicOS 9",Yes,"Velvet Black, Snow, Tundra Green, Red",0
Honor X60i,Honor,Honor,Mid,25200.0,180.0,2024.0,Yes,Mediatek Dimensity 6080 (6 nm),0,Mediatek,Dimensity,8.0,12.0,256.0,512.0,90.0,6.7,"AMOLED, 90Hz, 2000 nits (peak)",5000.0,35.0,50.0,8.0,2.0,No,638831.0,2020.0,"Android 14, MagicOS 8",No,"Black, Blue, Purple, White",0
Honor X7b 5G (50 MP),Honor,Honor,Mid,28000.0,200.0,2024.0,Yes,Mediatek Dimensity 6020 (7 nm),0,Mediatek,Dimensity,8.0,8.0,256.0,256.0,90.0,6.8,"IPS LCD, 90Hz, 850 nits (peak)",6000.0,35.0,50.0,8.0,2.0,No,518592.0,2032.0,"Android 13, Magic OS 7.2",Yes,"Crystal Silver, Emerald Green, Midnight Black",0
Honor Magic V Flip,Honor,Honor,Flagship,89600.0,640.0,2024.0,Yes,Qualcomm SM8475 Snapdragon 8+ Gen 1 (4 nm),1,Qualcomm,Snapdragon,12.0,16.0,256.0,512.0,120.0,6.8,"Foldable LTPO OLED, 1B colors, 120Hz, HDR, Dolby Vision, BT.2020, 3000 nits (peak)",4800.0,66.0,50.0,50.0,2.0,Yes,1303229.0,3773.0,"Android 14, MagicOS 8",Yes,"Black, White, Champagne, Green",0
Honor Play 60 Plus,Honor,Honor,Flagship,28000.0,200.0,2024.0,Yes,Qualcomm SM4450 Snapdragon 4 Gen 2 (4 nm),1,Qualcomm,Snapdragon,8.0,12.0,256.0,512.0,120.0,6.77,"TFT LCD, 120Hz",6000.0,35.0,50.0,5.0,2.0,No,568823.5,2249.0,"Android 14, Magic OS 8",No,"Green, Black, White",0
Honor Magic6 RSR Porsche Design,Honor,Honor,Flagship,62619.2,447.28,2024.0,Yes,Qualcomm SM8650-AB Snapdragon 8 Gen 3 (4 nm),1,Qualcomm,Snapdragon,24.0,24.0,24.0,24.0,120.0,6.8,"LTPO OLED, 1B colors, 120Hz, Dolby Vision, HDR, 1800 nits (HBM), 5000 nits (peak)",5600.0,80.0,50.0,50.0,3.0,Yes,2359464.0,6753.0,"Android 14, MagicOS 8",Yes,"Agate Grey, Frozen Berry",0
Honor Magic6 Ultimate,Honor,Honor,Flagship,126000.0,900.0,2024.0,Yes,Qualcomm SM8650-AB Snapdragon 8 Gen 3 (4 nm),1,Qualcomm,Snapdragon,16.0,16.0,512.0,512.0,120.0,6.8,"LTPO OLED, 1B colors, 120Hz, Dolby Vision, HDR, 1600 nits (HBM), 5000 nits (peak)",5600.0,80.0,50.0,50.0,3.0,Yes,2380839.0,6753.0,"Android 14, MagicOS 8",Yes,"Black, Purple",0
Honor 200 Pro,Honor,Honor,Flagship,100256.8,716.12,2024.0,Yes,Qualcomm SM8635 Snapdragon 8s Gen 3 (4 nm),1,Qualcomm,Snapdragon,12.0,16.0,256.0,512.0,120.0,6.78,"OLED, 1B colors, 120Hz, 3840Hz PWM, HDR, 4000 nits (peak)",5200.0,100.0,50.0,50.0,3.0,Yes,1281655.0,4759.0,"Android 14, up to 4 major Android upgrades, MagicOS 8",Yes,"Moonlight White, Black, Ocean Cyan, Pink",0
Honor 200,Honor,Honor,Mid,36398.6,259.99,2024.0,Yes,Qualcomm SM7550-AB Snapdragon 7 Gen 3 (4 nm),0,Qualcomm,Snapdragon,8.0,16.0,256.0,512.0,120.0,6.7,"OLED, 1B colors, 120Hz, 3840Hz PWM, HDR, 4000 nits (peak)",5200.0,100.0,50.0,50.0,3.0,Yes,1002480.0,2967.0,"Android 14, MagicOS 8",Yes,"Coral Pink, Moonlight White, Emerald Green, Black",0
Honor X9c,Honor,Honor,Mid,27614.67889908257,197.24770642201835,2024.0,Yes,Qualcomm SM6450 Snapdragon 6 Gen 1 (4 nm),0,Qualcomm,Snapdragon,8.0,12.0,256.0,512.0,120.0,6.78,"AMOLED, 1B colors, 120Hz, 3840Hz PWM, 4000 nits (peak)",6600.0,66.0,108.0,16.0,3.0,Yes,760332.0,2719.0,"Android 14, Magic OS 8",Yes,"Titanium Purple, Titanium Black, Jade Cyan",0
Honor X60 Pro,Honor,Honor,Mid,28000.0,200.0,2024.0,Yes,Qualcomm SM6450 Snapdragon 6 Gen 1 (4 nm),0,Qualcomm,Snapdragon,8.0,12.0,128.0,512.0,120.0,6.78,"AMOLED, 1B colors, 120Hz, 3000 (peak)",6600.0,66.0,108.0,8.0,1.0,No,735282.0,2719.0,"Android 14, Magic OS 8",No,"Black, Green, Silver, Orange",0
Honor X60,Honor,Honor,Flagship,22400.0,160.0,2024.0,Yes,Mediatek Dimensity 7025 Ultra (6 nm),1,Mediatek,Dimensity,8.0,12.0,128.0,512.0,120.0,6.8,"TFT LCD, 120Hz, 850 (HBM)",5800.0,35.0,108.0,8.0,1.0,No,638831.0,2290.0,"Android 14, Magic OS 8",No,"Black, Green, Silver",0
Honor Magic7 Pro,Honor,Honor,Flagship,88620.0,633.0,2024.0,Yes,Qualcomm SM8750-AB Snapdragon 8 Elite (3 nm),1,Qualcomm,Snapdragon,12.0,16.0,256.0,512.0,120.0,6.8,"LTPO OLED, 1B colors, 120Hz, 4320Hz PWM, Dolby Vision, HDR Vivid, 1600 nits (HBM), 5000 nits (peak)",5850.0,100.0,50.0,50.0,3.0,Yes,2767943.0,9291.0,"Android 15, upgradable to Android 16, up to 7 major Android upgrades, MagicOS 10",Yes,"Lunar shadow Grey, Breeze Blue, Black, White",0
Honor Magic7,Honor,Honor,Flagship,81200.0,580.0,2024.0,Yes,Qualcomm SM8750-AB Snapdragon 8 Elite (3 nm),1,Qualcomm,Snapdragon,12.0,16.0,256.0,512.0,120.0,6.78,"LTPO OLED, 1B colors, 120Hz, 4320Hz PWM, Dolby Vision, HDR, 1600 nits (HBM), 5000 nits (peak)",5650.0,100.0,50.0,50.0,3.0,Yes,3113462.0,8887.0,"Android 15, MagicOS 9",Yes,"Black, White, Gray, Blue, Gold",0
Honor Play9T,Honor,Honor,Flagship,16800.0,120.0,2024.0,Yes,Qualcomm SM4450 Snapdragon 4 Gen 2 (4 nm),1,Qualcomm,Snapdragon,8.0,12.0,128.0,256.0,120.0,6.77,"TFT LCD, 120Hz",6000.0,35.0,50.0,5.0,2.0,No,568823.5,2249.0,"Android 14, Magic OS 8",No,"Black, White, Green",0
Honor 200 Smart,Honor,Honor,Flagship,13860.0,99.0,2024.0,Yes,Qualcomm SM4450 Snapdragon 4 Gen 2 (4 nm),1,Qualcomm,Snapdragon,4.0,8.0,256.0,256.0,120.0,6.8,"TFT LCD, 120Hz, 850 nits (peak)",5200.0,35.0,50.0,5.0,2.0,No,594735.0,2249.0,"Android 14, Magic OS 8",No,"Midnight Black, Forest Green",0
Honor Play9C (China),Honor,Honor,Budget,14000.0,100.0,2024.0,Yes,Mediatek Dimensity 6100+ (6 nm),0,Mediatek,Dimensity,6.0,12.0,128.0,256.0,90.0,6.56,"TFT LCD, 90Hz, 780 nits (peak)",5200.0,10.0,13.0,5.0,1.0,No,1057365.25,1850.5,"Android 14, Magic OS 8",No,"Black, Blue",0
Honor 400 Lite,Honor,Honor,Flagship,31498.600000000002,224.99,2025.0,Yes,Mediatek Dimensity 7025 Ultra (6 nm),1,Mediatek,Dimensity,8.0,12.0,256.0,256.0,120.0,6.7,"AMOLED, 120Hz, 3840Hz PWM, 3500 nits (peak)",5230.0,35.0,108.0,16.0,2.0,No,615025.0,2290.0,"Android 15, up to 6 major Android upgrades, MagicOS 9",Yes,"Marrs Green, Velvet Black, Velvet Grey",0
Honor Play 60,Honor,Honor,Budget,19600.0,140.0,2025.0,Yes,Mediatek Dimensity 6300 (6 nm),0,Mediatek,Dimensity,6.0,12.0,128.0,256.0,120.0,6.61,"TFT LCD, 120Hz, 1010 nits (peak)",6000.0,15.0,13.0,5.0,1.0,No,551891.0,1980.0,"Android 15, MagicOS 9",No,"Black, White, Green, Gold",0
Honor Power,Honor,Honor,Mid,33600.0,240.0,2025.0,Yes,Qualcomm SM7550-AB Snapdragon 7 Gen 3 (4 nm),0,Qualcomm,Snapdragon,8.0,12.0,256.0,512.0,120.0,6.78,"AMOLED, 1B colors, 120Hz, HDR, 4000 nits (peak)",8000.0,66.0,50.0,16.0,2.0,Yes,992089.0,2967.0,"Android 15, MagicOS 9",Yes,"Black, White, Gold",0
Honor X60 GT,Honor,Honor,Flagship,29400.0,210.0,2025.0,Yes,Qualcomm SM8475 Snapdragon 8+ Gen 1 (4 nm),1,Qualcomm,Snapdragon,12.0,16.0,256.0,512.0,120.0,6.7,"AMOLED, 1B colors, 120Hz, HDR, 5000 nits (peak)",6300.0,80.0,50.0,16.0,2.0,Yes,1303229.0,3773.0,"Android 15, MagicOS 9",Yes,"Silver, Blue, Black",0
Honor GT Pro,Honor,Honor,Flagship,61600.0,440.0,2025.0,Yes,Qualcomm SM8750-AB Snapdragon 8 Elite (3 nm),1,Qualcomm,Snapdragon,12.0,16.0,256.0,512.0,144.0,6.78,"LTPO AMOLED, 1B colors, 144Hz, 4320Hz PWM, HDR Vivid, 1600 nits (HBM), 6000 nits (peak)",7200.0,90.0,50.0,50.0,3.0,Yes,3237139.0,8887.0,"Android 15, MagicOS 9",Yes,"Black, White, Gold",0
Honor X70i,Honor,Honor,Flagship,23800.0,170.0,2025.0,Yes,Mediatek Dimensity 7025 Ultra (6 nm),1,Mediatek,Dimensity,8.0,12.0,256.0,512.0,120.0,6.7,"AMOLED, 120Hz, 3500 nits (peak)",6000.0,35.0,108.0,8.0,1.0,No,969048.0,2290.0,"Android 15, MagicOS 9",Yes,"Black, White, Purple, Mint Green",0
Honor 400 Smart,Honor,Honor,Budget,21833.57798165138,155.954128440367,2025.0,Yes,Qualcomm SM6375 Snapdragon 6s Gen 3 (6 nm),0,Qualcomm,Snapdragon,4.0,8.0,128.0,256.0,120.0,6.77,"TFT LCD, 120Hz, 700 nits (peak)",6500.0,35.0,50.0,5.0,2.0,No,635093.0,2183.0,"Android 15, Magic OS 9",Yes,Black,0
Honor Play10C,Honor,Honor,Budget,11200.0,80.0,2025.0,Yes,Mediatek Dimensity 6300 (6 nm),0,Mediatek,Dimensity,4.0,8.0,128.0,256.0,120.0,6.61,"TFT LCD, 120Hz, 1010 nits (peak)",6000.0,15.0,13.0,5.0,1.0,No,551891.0,1980.0,"Android 15, MagicOS 9",No,"Black, White, Green",0
Honor X7c,Honor,Honor,Flagship,21000.0,150.0,2025.0,Yes,Qualcomm SM4450 Snapdragon 4 Gen 2 (4 nm),1,Qualcomm,Snapdragon,4.0,8.0,256.0,256.0,120.0,6.8,"TFT LCD, 120Hz, 850 nits (peak)",5200.0,35.0,50.0,5.0,2.0,No,527401.5,2249.0,"Android 14, MagicOS 8",Yes,"Moonlight White, Forest Green",0
Honor Magic V Flip 2,Honor,Honor,Flagship,42000.0,300.0,2025.0,Yes,Qualcomm SM8650-AB Snapdragon 8 Gen 3 (4 nm),1,Qualcomm,Snapdragon,12.0,16.0,256.0,512.0,120.0,6.82,"Foldable LTPO OLED, 1B colors, 120Hz, 4320Hz PWM, HDR, Dolby Vision, BT.2020, 5000 nits (peak)",5500.0,80.0,200.0,50.0,2.0,Yes,2270288.0,4650.0,"Android 15, MagicOS 9",Yes,"Purple, Silver, Gray, Blue",0
Honor Magic8 Lite,Honor,Honor,Mid,46060.0,329.0,2025.0,Yes,Qualcomm Snapdragon 6 Gen 4 (4 nm),0,Qualcomm,Snapdragon,8.0,8.0,256.0,512.0,120.0,6.79,"AMOLED, 1B colors, 120Hz, 3840Hz PWM, HDR, 800 nits (typ), 1800 nits (HBM), 6000 nits (peak)",7500.0,66.0,108.0,16.0,2.0,Yes,754210.0,3089.0,"Android 15, Magic OS 9",Yes,"Midnight Black, Forest Green, Reddish Brown",0
Honor Play 60A,Honor,Honor,Mid,26600.0,190.0,2025.0,Yes,Mediatek Dimensity 6300 (6 nm),0,Mediatek,Dimensity,4.0,6.0,128.0,128.0,90.0,6.75,"TFT LCD, 90Hz",5300.0,15.0,13.0,5.0,1.0,No,551891.0,1980.0,"Android 15, MagicOS 9",No,"Black, Blue, Green",0
Honor Win,Honor,Honor,Flagship,67200.0,480.0,2025.0,Yes,Qualcomm SM8850-AC Snapdragon 8 Elite Gen 5 (3 nm),1,Qualcomm,Snapdragon,12.0,16.0,256.0,512.0,185.0,6.83,"AMOLED, 1B colors, 185Hz, 5920Hz PWM, HDR Vivid, 2000 nits (HBM), 6000 nits (peak)",10000.0,100.0,50.0,50.0,3.0,Yes,3873442.0,10732.0,"Android 16, MagicOS 10",Yes,"Black, White, Blue",0
Honor Win RT,Honor,Honor,Flagship,46200.0,330.0,2025.0,Yes,Qualcomm SM8750-AB Snapdragon 8 Elite (3 nm),1,Qualcomm,Snapdragon,12.0,16.0,256.0,512.0,185.0,6.83,"AMOLED, 1B colors, 185Hz, 5920Hz PWM, HDR Vivid, 2000 nits (HBM), 6000 nits (peak)",10000.0,100.0,50.0,50.0,2.0,Yes,3475149.0,8887.0,"Android 16, MagicOS 10",Yes,"Black, White, Blue",0
Honor Magic7 Lite,Honor,Honor,Mid,54188.4,387.06,2025.0,Yes,Qualcomm SM6450 Snapdragon 6 Gen 1 (4 nm),0,Qualcomm,Snapdragon,4.0,12.0,256.0,512.0,120.0,6.78,"AMOLED, 1B colors, 120Hz, 3840Hz PWM, 4000 nits (peak)",6600.0,66.0,108.0,16.0,2.0,Yes,594450.0,2705.0,"Android 14, MagicOS 8",Yes,"Titanium Purple, Titanium Black",0
Honor Magic V5,Honor,Honor,Flagship,165046.0,1178.9,2025.0,Yes,Qualcomm SM8750-AB Snapdragon 8 Elite (3 nm),1,Qualcomm,Snapdragon,12.0,16.0,256.0,512.0,120.0,7.95,"Foldable LTPO AMOLED, 1B colors, 120Hz, 5000 nits (peak)",5820.0,66.0,50.0,20.0,3.0,Yes,2202004.0,8700.0,"Android 15, upgradable to Android 16, MagicOS 10, up to 7 major Android upgrades",Yes,"Black, Ivory White, Dawn Gold, Reddish Brown",0
Honor X70,Honor,Honor,Budget,23800.0,170.0,2025.0,Yes,Qualcomm Snapdragon 6 Gen 4 (4 nm),0,Qualcomm,Snapdragon,8.0,12.0,128.0,512.0,120.0,6.79,"AMOLED, 1B colors, 120Hz, 3840Hz PWM, HDR, 800 nits (typ), 1800 nits (HBM), 6000 nits (peak)",8300.0,80.0,50.0,8.0,1.0,Yes,969048.0,3077.0,"Android 15, upgradable to Android 16, MagicOS 10",Yes,"Black, Green, White, Red, Gold",0
Honor X6b,Honor,Honor,Flagship,42000.0,300.0,2025.0,Yes,Qualcomm SM4450 Snapdragon 4 Gen 2 (4 nm),1,Qualcomm,Snapdragon,4.0,4.0,256.0,256.0,120.0,6.77,"TFT LCD, 120Hz, 850 nits (peak)",5200.0,35.0,50.0,5.0,2.0,No,289313.0,2249.0,"Android 14, MagicOS 8",Yes,"Midnight Black, Forest Green",0
Honor 400 Pro (China),Honor,Honor,Flagship,58800.0,420.0,2025.0,Yes,Qualcomm SM8650-AB Snapdragon 8 Gen 3 (4 nm),1,Qualcomm,Snapdragon,12.0,16.0,256.0,512.0,120.0,6.55,"AMOLED, 1B colors, 120Hz, HDR Vivid, 5000 nits (peak)",7200.0,90.0,200.0,50.0,3.0,Yes,2359464.0,6753.0,"Android 15, MagicOS 9",Yes,"Black, Silver, Blue, Pink",0
Honor 400 (China),Honor,Honor,Mid,43400.0,310.0,2025.0,Yes,Qualcomm SM7750-AB Snapdragon 7 Gen 4 (4 nm),0,Qualcomm,Snapdragon,12.0,16.0,256.0,512.0,120.0,6.55,"AMOLED, 1B colors, 120Hz, HDR, 5000 nits (peak)",7200.0,80.0,200.0,50.0,2.0,Yes,1392392.0,3506.0,"Android 15, MagicOS 9",Yes,"Black, Silver, Blue, Pink",0
Honor 400 Pro,Honor,Honor,Flagship,83146.0,593.9,2025.0,Yes,Qualcomm SM8650-AB Snapdragon 8 Gen 3 (4 nm),1,Qualcomm,Snapdragon,12.0,12.0,256.0,512.0,120.0,6.7,"AMOLED, 1B colors, 120Hz, 3840Hz PWM, HDR Vivid, 5000 nits (peak)",5300.0,100.0,200.0,50.0,3.0,Yes,1902675.0,6552.0,"Android 15, up to 6 major Android upgrades, MagicOS 10",Yes,"Midnight Black, Lunar Grey, Tidal Blue",0
Honor 400,Honor,Honor,Mid,40362.0,288.3,2025.0,Yes,Qualcomm SM7550-AB Snapdragon 7 Gen 3 (4 nm),0,Qualcomm,Snapdragon,8.0,12.0,256.0,512.0,120.0,6.55,"AMOLED, 1B colors, 120Hz, 3840Hz PWM, HDR, 5000 nits (peak)",5300.0,66.0,200.0,50.0,2.0,Yes,864286.0,3198.0,"Android 15, up to 6 major Android upgrades, MagicOS 10",Yes,"Midnight Black, Meteor Silver, Desert Gold, Tidal Blue",0
Honor Pad 10,Honor,Honor,Mid,42000.0,300.0,2025.0,Yes,Qualcomm SM7550-AB Snapdragon 7 Gen 3 (4 nm),0,Qualcomm,Snapdragon,8.0,8.0,256.0,256.0,120.0,12.1,"IPS LCD, 1B colors, 120Hz, HDR",10100.0,35.0,8.0,8.0,1.0,No,1015317.5,2967.0,"Android 15, MagicOS 9",No,"Cyan, Gray",0
Honor 500 Pro (China),Honor,Honor,Flagship,61600.0,440.0,2025.0,Yes,Qualcomm SM8750-AB Snapdragon 8 Elite (3 nm),1,Qualcomm,Snapdragon,12.0,16.0,256.0,512.0,120.0,6.55,"AMOLED, 1B colors, 120Hz, 3840Hz PWM, HDR Vivid, 6000 nits (peak)",8000.0,80.0,200.0,50.0,3.0,Yes,3113462.0,8887.0,"Android 16, MagicOS 10",Yes,"Black, Silver, Blue, Pink",0
Honor 500,Honor,Honor,Flagship,46200.0,330.0,2025.0,Yes,Qualcomm SM8735 Snapdragon 8s Gen 4 (4 nm),1,Qualcomm,Snapdragon,12.0,16.0,256.0,512.0,120.0,6.55,"AMOLED, 1B colors, 120Hz, 3840Hz PWM, HDR Vivid, 6000 nits (peak)",8000.0,80.0,200.0,50.0,2.0,Yes,2344395.0,6385.0,"Android 16, MagicOS 10",Yes,"Black, Silver, Blue, Pink",0
Honor Magic8 Pro,Honor,Honor,Flagship,126126.0,900.9,2025.0,Yes,Qualcomm SM8850-AC Snapdragon 8 Elite Gen 5 (3 nm),1,Qualcomm,Snapdragon,12.0,16.0,256.0,512.0,120.0,6.71,"LTPO OLED, 1B colors, 120Hz, 4320Hz PWM, Dolby Vision, HDR Vivid, 1800 nits (HBM), 6000 nits (peak)",7100.0,100.0,50.0,50.0,3.0,Yes,3647824.0,10794.0,"Android 16, up to 7 major Android upgrades, MagicOS 10",Yes,"Sunrise Gold, Sky Cyan, Black, White",0
Honor Magic8,Honor,Honor,Flagship,75600.0,540.0,2025.0,Yes,Qualcomm SM8850-AC Snapdragon 8 Elite Gen 5 (3 nm),1,Qualcomm,Snapdragon,12.0,16.0,256.0,512.0,120.0,6.58,"LTPO OLED, 1B colors, 120Hz, 4320Hz PWM, Dolby Vision, HDR Vivid, 1800 nits (HBM), 6000 nits (peak)",7000.0,90.0,50.0,50.0,3.0,Yes,3959564.0,10732.0,"Android 16, up to 7 major Android upgrades, MagicOS 10",Yes,"Black, White, Gold, Mint",0
Honor X9d,Honor,Honor,Mid,42000.0,300.0,2025.0,Yes,Qualcomm Snapdragon 6 Gen 4 (4 nm),0,Qualcomm,Snapdragon,8.0,12.0,256.0,512.0,120.0,6.79,"AMOLED, 1B colors, 120Hz, 3840Hz PWM, HDR, 800 nits (typ), 1800 nits (HBM), 6000 nits (peak)",8300.0,66.0,108.0,16.0,2.0,Yes,977304.0,3077.0,"Android 15, Magic OS 9",Yes,"Reddish Brown, Midnight Black, Sunrise Gold, Forest Green",0
Honor X7d,Honor,Honor,Budget,19600.0,140.0,2025.0,Yes,Qualcomm SM6375 Snapdragon 6s Gen 3 (6 nm),0,Qualcomm,Snapdragon,6.0,8.0,128.0,256.0,120.0,6.77,"TFT LCD, 120Hz, 850 nits (HBM)",6500.0,35.0,50.0,5.0,2.0,No,499100.0,2183.0,"Android 15, Magic OS 9",Yes,"Velvet Black, Desert Gold",0
Honor X70 Refresh,Honor,Honor,Mid,29400.0,210.0,2026.0,Yes,Qualcomm Snapdragon 6 Gen 4 (4 nm),0,Qualcomm,Snapdragon,8.0,12.0,128.0,512.0,120.0,6.79,"AMOLED, 1B colors, 120Hz, 3840Hz PWM, HDR, 800 nits (typ), 1800 nits (HBM), 6000 nits (peak)",8300.0,80.0,50.0,8.0,1.0,Yes,973176.0,3077.0,"Android 16, MagicOS 10",Yes,"Sunrise Gold, Vermilion Red, Bamboo Green, Moonlight White, Phantom Black",0
Honor X80i,Honor,Honor,Flagship,35000.0,250.0,2026.0,Yes,Mediatek Dimensity 6500 Elite (6 nm),1,Mediatek,Dimensity,8.0,12.0,128.0,512.0,120.0,6.6,"AMOLED, 1B colors, 120Hz, 3840Hz PWM, 800 nits (typ), 2000 nits (HBM), 6500 nits (peak)",7000.0,45.0,50.0,8.0,1.0,No,1409336.5,4090.0,"Android 16, MagicOS 10",Yes,"Black, White, Pink, Green",0
Honor Play 80 Pro,Honor,Honor,Mid,37800.0,270.0,2026.0,Yes,Qualcomm SM6375 Snapdragon 6s Gen 3 (6 nm),0,Qualcomm,Snapdragon,6.0,12.0,256.0,256.0,120.0,6.8,"TFT LCD, 120Hz, 850 nits (HBM)",7000.0,45.0,50.0,5.0,2.0,No,619068.0,2183.0,"Android 15, Magic OS 9",Yes,"Black, White, Azure",0
Honor Play 80,Honor,Honor,Mid,68248.6,487.49,2026.0,Yes,Mediatek Dimensity 6300 (6 nm),0,Mediatek,Dimensity,4.0,8.0,128.0,256.0,90.0,6.75,"TFT LCD, 90Hz, 450 nits",5300.0,15.0,13.0,5.0,1.0,No,551891.0,1980.0,"Android 15, Magic OS 9",No,"Black, Blue, Azure",0
Honor 500 Smart,Honor,Honor,Mid,33600.0,240.0,2026.0,Yes,Mediatek Dimensity 6300 (6 nm),0,Mediatek,Dimensity,8.0,8.0,256.0,256.0,90.0,6.75,"TFT LCD, 90Hz, 450 nits",5260.0,15.0,50.0,5.0,2.0,No,524785.0,1980.0,"Android 16, MagicOS 10",No,"Midnight Black, Ocean Cyan",0
Honor 600,Honor,Honor,Mid,68248.6,487.49,2026.0,Yes,Qualcomm SM7750-AB Snapdragon 7 Gen 4 (4 nm),0,Qualcomm,Snapdragon,8.0,12.0,128.0,512.0,120.0,6.57,"AMOLED, 1B colors, 120Hz, 3840Hz PWM, HDR Vivid, 8000 nits (peak)",7000.0,80.0,200.0,50.0,2.0,Yes,1087148.0,4090.0,"Android 16, up to 6 major Android upgrades, MagicOS 10",Yes,"Golden White, Black, Orange",0
Honor 600 Pro,Honor,Honor,Flagship,74494.12844036697,532.1009174311927,2026.0,Yes,Qualcomm SM8750-AB Snapdragon 8 Elite (3 nm),1,Qualcomm,Snapdragon,12.0,16.0,256.0,512.0,120.0,6.57,"AMOLED, 1B colors, 120Hz, 3840Hz PWM, HDR Vivid, 8000 nits (peak)",7000.0,80.0,200.0,50.0,3.0,Yes,2221352.0,7970.0,"Android 16, up to 6 major Android upgrades, MagicOS 10",Yes,"Golden White, Black, Orange",0
Honor X6d,Honor,Honor,Budget,16800.0,120.0,2026.0,Yes,Mediatek Dimensity 6300 (6 nm),0,Mediatek,Dimensity,4.0,6.0,128.0,256.0,90.0,6.75,"TFT LCD, 90Hz, 450 nits",5260.0,15.0,50.0,5.0,2.0,No,551891.0,1980.0,"Android 16, MagicOS 10",Yes,"Midnight Black, Ocean Cyan",0
Honor Power2,Honor,Honor,Flagship,46200.0,330.0,2026.0,Yes,Mediatek Dimensity 8500 Elite (4 nm),1,Mediatek,Dimensity,12.0,12.0,256.0,512.0,120.0,6.79,"AMOLED, 1B colors, 120Hz, HDR Vivid, 3840Hz PWM, 1800 nits (HBM), 8000 nits (peak)",10080.0,80.0,50.0,16.0,2.0,Yes,992089.0,4090.0,"Android 16, MagicOS 10",Yes,"Black, White, Orange",0
Honor Magic8 RSR Porsche Design,Honor,Honor,Flagship,140000.0,1000.0,2026.0,Yes,Qualcomm SM8850-AC Snapdragon 8 Elite Gen 5 (3 nm),1,Qualcomm,Snapdragon,16.0,24.0,512.0,512.0,120.0,6.71,"LTPO OLED, 1B colors, 120Hz, 4320Hz PWM, Dolby Vision, HDR Vivid, 1800 nits (HBM), 6000 nits (peak)",7200.0,120.0,50.0,50.0,3.0,Yes,3959564.0,10732.0,"Android 16, MagicOS 10",Yes,"Violet, Gray",0
Honor Magic8 Pro Air,Honor,Honor,Flagship,68248.6,487.49,2026.0,Yes,Mediatek Dimensity 9500 (3 nm),1,Mediatek,Dimensity,12.0,16.0,256.0,512.0,120.0,6.31,"LTPO OLED, 1B colors, 120Hz, 4320Hz PWM, Dolby Vision, HDR Vivid, 1800 nits (HBM), 6000 nits (peak)",5500.0,80.0,50.0,50.0,3.0,Yes,4430255.0,10603.0,"Android 16, MagicOS 10",Yes,"Black, White, Purple, Orange",0
Honor Magic V6,Honor,Honor,Flagship,68248.6,487.49,2026.0,Yes,Qualcomm SM8850-AC Snapdragon 8 Elite Gen 5 (3 nm),1,Qualcomm,Snapdragon,12.0,16.0,256.0,512.0,120.0,7.95,"Foldable LTPO2 AMOLED, 1B colors, 120Hz, 4320Hz PWM, 5000 nits (peak)",6660.0,80.0,50.0,20.0,3.0,Yes,4166339.0,10732.0,"Android 16, up to 7 major Android upgrades, MagicOS 10",Yes,"Gold, Red, White, Black",0
Honor 600 Lite,Honor,Honor,Flagship,44860.200000000004,320.43,2026.0,Yes,Mediatek Dimensity 7100 Elite (6 nm),1,Mediatek,Dimensity,8.0,12.0,128.0,256.0,120.0,6.6,"AMOLED, 1B colors, 120Hz, 3840Hz PWM, 800 nits (typ), 2000 nits (HBM), 6500 nits (peak)",6520.0,45.0,108.0,16.0,2.0,No,836870.0,4090.0,"Android 16, up to 6 major Android upgrades, MagicOS 10",Yes,"Velvet Gray, Desert Gold, Velvet Black, Vital Green",0
Honor 600e,Honor,Honor,Flagship,21833.57798165138,155.954128440367,2026.0,Yes,Mediatek Dimensity 7100 Elite (6 nm),1,Mediatek,Dimensity,8.0,8.0,512.0,512.0,120.0,6.6,"AMOLED, 1B colors, 120Hz, 3840Hz PWM, 800 nits (typ), 2000 nits (HBM), 6500 nits (peak)",6520.0,45.0,108.0,16.0,2.0,No,1426281.0,4090.0,"Android 16, MagicOS 10",Yes,"Velvet Gray, Desert Gold, Vital Green",0
Honor Play11 Plus,Honor,Honor,Flagship,39200.0,280.0,2026.0,Yes,Mediatek Dimensity 6500 Elite (6 nm),1,Mediatek,Dimensity,8.0,8.0,256.0,256.0,120.0,6.6,"AMOLED, 1B colors, 120Hz, 3840Hz PWM, 800 nits (typ), 2000 nits (HBM), 6500 nits (peak)",7000.0,45.0,50.0,8.0,1.0,No,1409336.5,4090.0,"Android 16, MagicOS 10",Yes,"Silver, Gold",0
Honor Play 80 Plus,Honor,Honor,Flagship,30800.0,220.0,2026.0,Yes,Qualcomm SM4450-AF Snapdragon 4 Gen 4,1,Qualcomm,Snapdragon,6.0,12.0,128.0,256.0,120.0,6.61,"TFT LCD, 120Hz, 1010 nits (peak)",7500.0,45.0,13.0,5.0,1.0,No,600942.0,2210.0,"Android 16, MagicOS 10",No,"Black, Blue, Gold",0
Honor Pad 20,Honor,Honor,Mid,37800.0,270.0,2026.0,Yes,Qualcomm SM7550-AB Snapdragon 7 Gen 3 (4 nm),0,Qualcomm,Snapdragon,6.0,12.0,128.0,256.0,120.0,12.1,"IPS LCD, 1B colors, 120Hz, HDR Vivid, 700 nits",10100.0,45.0,8.0,8.0,1.0,No,1015317.5,2967.0,"Android 16, MagicOS 10",No,"Green, Pink, Gray",0
Honor 600 Pro (China),Honor,Honor,Flagship,68600.0,490.0,2026.0,Yes,Mediatek Dimensity 8550 Elite (4 nm),1,Mediatek,Dimensity,12.0,16.0,256.0,512.0,120.0,6.57,"AMOLED, 1B colors, 120Hz, 3840Hz PWM, HDR Vivid, 800 nits (typ), 1800 nits (HBM), 8000 nits (peak)",8000.0,80.0,200.0,50.0,3.0,Yes,1409336.5,4090.0,"Android 16, MagicOS 10",Yes,"Black, Green, Blue, Purple",0
Honor Win Turbo,Honor,Honor,Flagship,46200.0,330.0,2026.0,Yes,Mediatek Dimensity 8500 Elite (4 nm),1,Mediatek,Dimensity,12.0,16.0,256.0,512.0,120.0,6.79,"AMOLED, 1B colors, 120Hz, HDR Vivid, 3840Hz PWM, 1800 nits (HBM), 8000 nits (peak)",10000.0,80.0,50.0,16.0,2.0,Yes,2268740.0,4090.0,"Android 16, MagicOS 10",Yes,"Black, White, Blue",0
HTC Desire 21 Pro 5G,Htc,Htc,Mid,49000.0,350.0,2021.0,Yes,Qualcomm SM6350 Snapdragon 690 5G (8 nm),0,Qualcomm,Snapdragon,8.0,8.0,128.0,128.0,90.0,6.7,"IPS LCD, HDR10, 90Hz",5000.0,18.0,48.0,16.0,4.0,No,499040.0,1897.0,Android 10,Yes,"Blue, Purple",0
HTC Desire 22 Pro,Htc,Htc,Mid,64400.0,460.0,2022.0,Yes,Qualcomm SM6375 Snapdragon 695 5G (6 nm),0,Qualcomm,Snapdragon,8.0,8.0,128.0,128.0,120.0,6.6,"IPS LCD, 120Hz",4520.0,18.0,64.0,32.0,3.0,No,590710.0,2003.0,Android 12,Yes,"Wave Gold, Starry Night Black",0
HTC U23,Htc,Htc,Budget,24500.0,175.0,2023.0,Yes,Qualcomm SM7450-AB Snapdragon 7 Gen 1 (4 nm),0,Qualcomm,Snapdragon,8.0,8.0,128.0,128.0,120.0,6.7,"OLED, 120Hz",4600.0,30.0,64.0,32.0,4.0,No,820102.5,2885.0,Android 13,Yes,"Aqua Blue, Roland Violet",0
HTC U23 Pro,Htc,Htc,Mid,30800.0,220.0,2023.0,Yes,Qualcomm SM7450-AB Snapdragon 7 Gen 1 (4 nm),0,Qualcomm,Snapdragon,8.0,12.0,256.0,256.0,120.0,6.7,"OLED, 120Hz",4600.0,30.0,108.0,32.0,4.0,Yes,534643.0,2947.0,Android 13,Yes,"Snow White, Coffee Black",0
HTC U24 Pro,Htc,Htc,Mid,57244.782,408.8913,2024.0,Yes,Qualcomm SM7550-AB Snapdragon 7 Gen 3 (4 nm),0,Qualcomm,Snapdragon,12.0,12.0,256.0,512.0,120.0,6.8,"OLED, 120Hz",4600.0,60.0,50.0,50.0,3.0,Yes,1016461.0,2967.0,Android 14,Yes,"Space Blue, Twilight White",0
Huawei P40 Pro+,Huawei,Huawei,Budget,12460.0,89.0,2020.0,Yes,Kirin 990 5G (7 nm+),0,Huawei,Kirin,8.0,8.0,256.0,512.0,90.0,6.58,"OLED, 90Hz, HDR10",4200.0,40.0,50.0,32.0,4.0,Yes,529687.0,3203.0,"Android 10, EMUI 10.1, no Google Play Services",Yes,"White Ceramic, Black Ceramic",0
Huawei P40 Pro,Huawei,Huawei,Budget,12460.0,89.0,2020.0,Yes,Kirin 990 5G (7 nm+),0,Huawei,Kirin,8.0,8.0,128.0,512.0,90.0,6.58,"OLED, 90Hz, HDR10",4200.0,40.0,50.0,32.0,3.0,Yes,496356.0,12848.0,"Android 10, EMUI 12, no Google Play Services",Yes,"Silver Frost, Blush Gold, Deep Sea Blue, Ice White, Black",0
Huawei P40,Huawei,Huawei,Budget,12460.0,89.0,2020.0,Yes,Kirin 990 5G (7 nm+),0,Huawei,Kirin,6.0,8.0,128.0,256.0,60.0,6.1,OLED,3800.0,5.0,50.0,32.0,3.0,Yes,486583.0,12619.0,"Android 10, EMUI 12, no Google Play Services",Yes,"Silver Frost, Blush Gold, Deep Sea Blue, Ice White, Black",0
Huawei Mate 40 RS Porsche Design,Huawei,Huawei,Budget,12460.0,89.0,2020.0,Yes,Kirin 9000 5G (5 nm),0,Huawei,Kirin,8.0,12.0,256.0,512.0,90.0,6.76,"OLED, HDR10, 90Hz",4400.0,66.0,50.0,13.0,4.0,Yes,1073775.5,3507.0,"Android 10, EMUI 11, no Google Play Services",Yes,"Ceramic White, Ceramic Black, Collector Edition",0
Huawei Mate 40 Pro+,Huawei,Huawei,Budget,12460.0,89.0,2020.0,Yes,Kirin 9000 5G (5 nm),0,Huawei,Kirin,8.0,12.0,256.0,256.0,90.0,6.76,"OLED, HDR10, 90Hz",4400.0,66.0,50.0,13.0,4.0,Yes,736755.0,3507.0,"Android 10, EMUI 11, no Google Play Services",Yes,"Ceramic White, Ceramic Black",0
Huawei Mate 40 Pro,Huawei,Huawei,Budget,12460.0,89.0,2020.0,Yes,Kirin 9000 5G (5 nm),0,Huawei,Kirin,8.0,8.0,128.0,512.0,90.0,6.76,"OLED, HDR10, 90Hz",4400.0,66.0,50.0,13.0,3.0,Yes,686835.0,3704.0,"Android 10, EMUI 11, no Google Play Services",Yes,"Mystic Silver, White, Black, Green, Yellow",0
Huawei Mate 40,Huawei,Huawei,Budget,12460.0,89.0,2020.0,Yes,Kirin 9000E 5G (5 nm),0,Huawei,Kirin,8.0,8.0,128.0,256.0,90.0,6.5,"OLED, HDR10, 90Hz",4200.0,40.0,50.0,13.0,3.0,Yes,1497741.0,3507.0,"Android 10, EMUI 11, no Google Play Services",Yes,"Silver, White, Black, Green, Yellow",0
Huawei Mate X2,Huawei,Huawei,Budget,12460.0,89.0,2021.0,Yes,Kirin 9000 5G (5 nm),0,Huawei,Kirin,8.0,12.0,256.0,512.0,90.0,8.0,"Foldable OLED, 90Hz",4500.0,55.0,50.0,16.0,4.0,Yes,632818.0,14393.0,"Android 10, EMUI 11, no Google Play Services",Yes,"Black, White, Light Blue, Rose Gold, Collector’s Edition Black/White/Red",0
Huawei MatePad Pro 10.8 (2021),Huawei,Huawei,Flagship,12460.0,89.0,2021.0,Yes,Qualcomm SM8250-AC Snapdragon 870 5G (7 nm),1,Qualcomm,Snapdragon,6.0,8.0,128.0,256.0,60.0,10.8,"IPS LCD, 540 nits (typ)",7250.0,40.0,13.0,8.0,1.0,No,1018480.0,3520.0,HarmonyOS 2.0,No,"Dark Blue, White",0
Huawei Mate 40E,Huawei,Huawei,Budget,12460.0,89.0,2021.0,Yes,Kirin 990E 5G (7 nm+),0,Huawei,Kirin,8.0,8.0,128.0,256.0,90.0,6.5,"OLED, HDR10, 90Hz",4200.0,40.0,64.0,13.0,3.0,Yes,711128.0,2973.0,"Android 10, EMUI 11, no Google Play Services",Yes,"Silver, White, Black",0
Huawei nova 9 SE 5G,Huawei,Huawei,Budget,12460.0,89.0,2022.0,Yes,Qualcomm SM6375 Snapdragon 695 5G (6 nm) - unconfirmed,0,Qualcomm,Snapdragon,8.0,8.0,128.0,256.0,120.0,6.78,"IPS LCD, 120Hz",4000.0,66.0,108.0,16.0,4.0,No,641608.0,2943.0,"Android 11, EMUI 12, no Google Play Services",No,"Midnight Black, Pearl White, Crystal Blue",0
Huawei Mate 60 Pro,Huawei,Huawei,Flagship,95198.6,679.99,2023.0,Yes,Kirin 9000S (7 nm),0,Huawei,Kirin,12.0,12.0,256.0,512.0,120.0,6.82,"LTPO OLED, 1B colors, 120Hz",5000.0,88.0,50.0,13.0,3.0,Yes,736755.0,4118.0,HarmonyOS 4.0 (China),Yes,"Black, White, Green, Purple",0
Huawei nova 12 Ultra,Huawei,Huawei,Flagship,95198.6,679.99,2023.0,Yes,Kirin 9000S (7 nm) * the chipset is not officially confirmed,0,Huawei,Kirin,12.0,12.0,512.0,512.0,120.0,6.76,"LTPO OLED, 1B colors, HDR, 120Hz",4600.0,100.0,50.0,8.0,2.0,No,1030315.0,3008.0,HarmonyOS 4.0,Yes,"Black, Blue, White",0
Huawei nova 12 Pro,Huawei,Huawei,Flagship,95198.6,679.99,2023.0,Yes,Kirin 9000S (7 nm) * the chipset is not officially confirmed,0,Huawei,Kirin,12.0,12.0,256.0,512.0,120.0,6.76,"LTPO OLED, 1B colors, HDR, 120Hz",4600.0,100.0,50.0,8.0,2.0,No,1117236.0,3008.0,HarmonyOS 4.0,Yes,"Black, Blue, White, Pink",0
Huawei nova 12,Huawei,Huawei,Flagship,95198.6,679.99,2023.0,Yes,Kirin 830 (7 nm) * the chipset is not officially confirmed,0,Huawei,Kirin,8.0,8.0,256.0,512.0,120.0,6.7,"OLED, 1B colors, HDR, 120Hz",4600.0,100.0,50.0,60.0,2.0,No,676832.0,3008.0,HarmonyOS 4.0,Yes,"Black, Blue, White",0
Huawei Mate X3,Huawei,Huawei,Flagship,95198.6,679.99,2023.0,Yes,Qualcomm SM8475 Snapdragon 8+ Gen 1 4G (4 nm),1,Qualcomm,Snapdragon,12.0,12.0,256.0,512.0,120.0,7.85,"Foldable OLED, 1B colors, 120Hz",4800.0,66.0,50.0,8.0,3.0,Yes,993592.0,4283.0,"HarmonyOS 3.1 (China), EMUI 13.1 (Europe), no Google Play Services",Yes,"Black, White, Violet, Dark Green, Gold",0
Huawei Mate 60 Pro+,Huawei,Huawei,Flagship,95198.6,679.99,2023.0,Yes,Kirin 9000S (7 nm),0,Huawei,Kirin,16.0,16.0,512.0,512.0,120.0,6.82,"LTPO OLED, 1B colors, 120Hz",5000.0,88.0,48.0,13.0,3.0,Yes,736755.0,4118.0,HarmonyOS 4.0 (China),Yes,"Black, Light Gold",0
Huawei Mate X5,Huawei,Huawei,Flagship,95198.6,679.99,2023.0,Yes,Kirin 9000S (7 nm),0,Huawei,Kirin,12.0,16.0,256.0,512.0,120.0,7.85,"Foldable OLED, 1B colors, 120Hz",5060.0,66.0,50.0,8.0,3.0,Yes,1530652.0,4118.0,"HarmonyOS 4.0 (China), EMUI (Europe), no Google Play Services",Yes,"Black, White, Purple, Dark Green, Gold",0
Huawei Mate 60 RS Ultimate,Huawei,Huawei,Flagship,95198.6,679.99,2023.0,Yes,Kirin 9000S (7 nm),0,Huawei,Kirin,16.0,16.0,512.0,512.0,120.0,6.82,"LTPO OLED, 1B colors, 120Hz",5000.0,88.0,48.0,13.0,3.0,Yes,1073775.5,4118.0,HarmonyOS 4.0 (China),Yes,"Black, Red",0
Huawei Pura 70 Ultra,Huawei,Huawei,Flagship,242296.6,1730.69,2024.0,Yes,Kirin 9010 (7 nm),0,Huawei,Kirin,12.0,16.0,512.0,512.0,120.0,6.8,"LTPO OLED, 1B colors, HDR, 120Hz, 1440Hz PWM, 2500 nits (peak)",5200.0,100.0,50.0,13.0,3.0,Yes,987197.0,4482.0,"EMUI 14.2 (International), HarmonyOS 4.2 (China)",Yes,"Black, White, Brown, Green",0
Huawei Pura 70 Pro+,Huawei,Huawei,Flagship,169798.30000000002,1212.845,2024.0,Yes,Kirin 9010 (7 nm),0,Huawei,Kirin,16.0,16.0,512.0,512.0,120.0,6.8,"LTPO OLED, 1B colors, HDR, 120Hz, 1440Hz PWM, 2500 nits (peak)",5050.0,100.0,50.0,13.0,3.0,Yes,1136063.0,3957.0,HarmonyOS 4.2,Yes,"Black, White, Silver",0
Huawei Pura 70 Pro,Huawei,Huawei,Flagship,95198.6,679.99,2024.0,Yes,Kirin 9010 (7 nm),0,Huawei,Kirin,12.0,16.0,256.0,512.0,120.0,6.8,"LTPO OLED, 1B colors, HDR, 120Hz, 1440Hz PWM, 2500 nits (peak)",5050.0,100.0,50.0,13.0,3.0,Yes,1136063.0,3957.0,"EMUI 14.2 (International), HarmonyOS 4.2 (China)",Yes,"Black, White, Purple",0
Huawei Pura 70,Huawei,Huawei,Flagship,97300.0,695.0,2024.0,Yes,Kirin 9000S1,0,Huawei,Kirin,12.0,12.0,256.0,512.0,120.0,6.6,"LTPO OLED, 1B colors, HDR, 120Hz, 1440Hz PWM, 2500 nits (peak)",4900.0,66.0,50.0,13.0,3.0,Yes,1062256.0,3955.5,"EMUI 14.2 (International), HarmonyOS 4.2 (China)",Yes,"Black, White, Blue, Pink",0
Huawei nova Flip,Huawei,Huawei,Flagship,169798.30000000002,1212.845,2024.0,Yes,Kirin 8000 (7 nm),0,Huawei,Kirin,12.0,12.0,256.0,512.0,120.0,6.94,"Foldable LTPO OLED, 120Hz",4400.0,66.0,50.0,32.0,2.0,Yes,698341.0,2598.0,HarmonyOS 4.2,Yes,"Green, Pink, White, Black",0
Huawei Mate 70 RS Ultimate,Huawei,Huawei,Flagship,169798.30000000002,1212.845,2024.0,Yes,Kirin 9020 (7 nm),0,Huawei,Kirin,16.0,16.0,512.0,512.0,120.0,6.9,"Dual-layer LTPO OLED, 1B colors, 120Hz, 3500 nits (peak)",5700.0,100.0,50.0,13.0,3.0,Yes,1479064.0,4446.0,HarmonyOS 4.3,Yes,"Black, White, Red",0
Huawei Mate 70 Pro+,Huawei,Huawei,Flagship,169798.30000000002,1212.845,2024.0,Yes,Kirin 9020 (7 nm),0,Huawei,Kirin,16.0,16.0,512.0,512.0,120.0,6.9,"LTPO OLED, 1B colors, 120Hz, 2500 nits (peak)",5700.0,100.0,50.0,13.0,3.0,Yes,1549670.0,4446.0,"HarmonyOS 4.3, up to 6.0",Yes,"Black, Gray, White, Green",0
Huawei Mate 70 Pro,Huawei,Huawei,Flagship,169798.30000000002,1212.845,2024.0,Yes,Kirin 9020 (7 nm),0,Huawei,Kirin,12.0,16.0,256.0,512.0,120.0,6.9,"LTPO OLED, 1B colors, 120Hz, 2500 nits (peak)",5500.0,100.0,50.0,13.0,3.0,Yes,1549670.0,4446.0,"HarmonyOS 4.3, up to 6.0",Yes,"Black, Purple, White, Green",0
Huawei Mate 70,Huawei,Huawei,Flagship,169798.30000000002,1212.845,2024.0,Yes,Kirin 9020 (7 nm),0,Huawei,Kirin,12.0,12.0,256.0,512.0,120.0,6.7,"LTPO OLED, 1B colors, 120Hz, 2500 nits (peak)",5300.0,66.0,50.0,13.0,3.0,Yes,1497741.0,4446.0,HarmonyOS 4.3,Yes,"Black, Purple, White, Green",0
Huawei Mate X6,Huawei,Huawei,Flagship,169798.30000000002,1212.845,2024.0,Yes,Kirin 9020 (7 nm),0,Huawei,Kirin,12.0,16.0,256.0,512.0,120.0,7.93,"Foldable LTPO OLED, 1B colors, 120Hz, HDR Vivid, 1800 nits (peak)",5200.0,66.0,50.0,8.0,3.0,Yes,1298127.0,3821.0,"EMUI 15 (International), HarmonyOS 4.3 (China)",Yes,"Black, White, Gray, Blue, Red",0
Huawei Enjoy 70X,Huawei,Huawei,Flagship,110157.299,786.83785,2025.0,Yes,Kirin 8000A - Enjoy 70X Kirin 8000 - Enjoy 70X Premium,0,Huawei,Kirin,8.0,8.0,128.0,512.0,120.0,6.78,"AMOLED, 120Hz, HDR Vivid",6100.0,40.0,50.0,8.0,2.0,No,1180134.0,4157.0,HarmonyOS 4.2,Yes,"Black, White, Blue, Green, Gold",0
Huawei Pura 80 Ultra,Huawei,Huawei,Flagship,175235.2,1251.68,2025.0,Yes,Kirin 9020 (7 nm),0,Huawei,Kirin,16.0,16.0,512.0,512.0,120.0,6.8,"LTPO OLED, 1B colors, HDR Vivid, 120Hz, 1440Hz PWM, 3000 nits (peak)",5170.0,100.0,50.0,13.0,4.0,Yes,1160268.0,4368.0,"EMUI 15 (International), HarmonyOS 5.1 (China)",Yes,"Prestige Gold, Golden Black",0
Huawei Pura 80 Pro+,Huawei,Huawei,Flagship,110157.299,786.83785,2025.0,Yes,Kirin 9020 (7 nm),0,Huawei,Kirin,16.0,16.0,512.0,512.0,120.0,6.8,"LTPO OLED, 1B colors, HDR Vivid, 120Hz, 1440Hz PWM, 3000 nits (peak)",5700.0,100.0,50.0,13.0,3.0,Yes,1383793.0,4446.0,"EMUI (International), HarmonyOS 5.1 (China)",Yes,"Black, White, Red, Green",0
Huawei Pura 80,Huawei,Huawei,Flagship,110157.299,786.83785,2025.0,Yes,Kirin 9010s (7 nm),0,Huawei,Kirin,12.0,12.0,256.0,512.0,120.0,6.6,"LTPO OLED, 1B colors, HDR Vivid, 120Hz, 1440Hz PWM, 2800 nits (peak)",5170.0,66.0,50.0,13.0,3.0,Yes,1200000.0,3957.0,"EMUI 15 (International), HarmonyOS 5.1 (China)",Yes,"Frosted Gold, Frosted White, Frosted Black, Green",0
Huawei Pura X,Huawei,Huawei,Flagship,110157.299,786.83785,2025.0,Yes,Kirin 9020 (7 nm),0,Huawei,Kirin,12.0,16.0,256.0,512.0,120.0,6.3,"Foldable LTPO2 OLED, 1B colors, HDR Vivid, 120Hz, 2500 nits (peak)",4720.0,66.0,50.0,10.7,3.0,Yes,1479064.0,4446.0,HarmonyOS 5.0,Yes,"Red, Green, Gray, White, Black",0
Huawei nova 14 Ultra,Huawei,Huawei,Flagship,110157.299,786.83785,2025.0,Yes,Kirin 8020,0,Huawei,Kirin,12.0,12.0,256.0,512.0,120.0,6.81,"LTPO3 OLED, 1B colors, HDR, 120Hz, 5500 nits (peak)",5500.0,100.0,50.0,8.0,3.0,Yes,1156650.0,3570.0,HarmonyOS 5.0,Yes,"Black, White, Purple, Gold",0
Huawei nova 14 Pro,Huawei,Huawei,Flagship,110157.299,786.83785,2025.0,Yes,Kirin 8020,0,Huawei,Kirin,12.0,12.0,256.0,512.0,120.0,6.78,"LTPO OLED, 1B colors, HDR, 120Hz, 1200 nits (HBM)",5500.0,100.0,50.0,8.0,3.0,Yes,1021894.0,3570.0,HarmonyOS 5.0,Yes,"Black, White, Purple, Blue",0
Huawei nova 14,Huawei,Huawei,Flagship,110157.299,786.83785,2025.0,Yes,Kirin 8000 (7 nm),0,Huawei,Kirin,12.0,12.0,256.0,512.0,120.0,6.7,"OLED, 1B colors, HDR Vivid, 120Hz, 1100 nits (HBM)",5500.0,100.0,50.0,50.0,3.0,Yes,810759.0,2598.0,HarmonyOS 5.0,Yes,"Black, White, Blue",0
Huawei Mate 70 Air,Huawei,Huawei,Flagship,110157.299,786.83785,2025.0,Yes,Kirin 9020A (7 nm) - 12GB RAM Kirin 9020B (7 nm) - 16GB RAM,0,Huawei,Kirin,12.0,16.0,256.0,512.0,120.0,7.0,"LTPO OLED, 1B colors, 120Hz, 2160Hz PWM, HDR Vivid, 4000 nits (peak)",6500.0,66.0,50.0,10.7,3.0,Yes,1504969.0,4157.0,HarmonyOS 5.1,Yes,"Black, White, Silver",0
Huawei Mate X7,Huawei,Huawei,Flagship,110157.299,786.83785,2025.0,Yes,Kirin 9030 Pro (6 nm),1,Huawei,Kirin,12.0,20.0,256.0,512.0,120.0,8.0,"Foldable LTPO OLED, 1B colors, 120Hz, 1440Hz PWM, HDR Vivid, 2500 nits (peak)",5600.0,66.0,50.0,8.0,3.0,Yes,1530652.0,5817.0,"EMUI 15 (International), HarmonyOS 6.0 (China)",Yes,"Black, Brocade White, Nebula Red, Purple, Blue",0
Huawei Mate 80 RS Ultimate,Huawei,Huawei,Flagship,110157.299,786.83785,2025.0,Yes,Kirin 9030 Pro (6 nm),1,Huawei,Kirin,20.0,20.0,512.0,512.0,120.0,6.9,"Dual-layer LTPO OLED, 1B colors, 120Hz, 1440Hz PWM, BT.2020, HDR Vivid, 8000 nits (peak)",6000.0,100.0,50.0,13.0,4.0,Yes,2104554.5,5817.0,HarmonyOS 6.0,Yes,"Black, White, Violet",0
Huawei Mate 80 Pro Max,Huawei,Huawei,Flagship,110157.299,786.83785,2025.0,Yes,Kirin 9030 Pro (6 nm),1,Huawei,Kirin,16.0,16.0,512.0,512.0,120.0,6.9,"LTPO OLED, 1B colors, 120Hz, 1440Hz PWM, HDR Vivid, 8000 nits (peak)",6000.0,100.0,50.0,13.0,4.0,Yes,2101808.0,5817.0,HarmonyOS 6.0,Yes,"Black, Silver, Blue, Gold",0
Huawei Mate 80 Pro,Huawei,Huawei,Flagship,110157.299,786.83785,2025.0,Yes,Kirin 9030 Pro (6 nm) (512GB / 1TB 16GB RAM) Kirin 9030 (6 nm) (256GB / 512GB 12GB RAM),1,Huawei,Kirin,12.0,16.0,256.0,512.0,120.0,6.75,"LTPO OLED, 1B colors, 120Hz, 1440Hz PWM, HDR Vivid",5750.0,100.0,50.0,13.0,3.0,Yes,2084779.0,4157.0,"EMUI 15 (International), HarmonyOS 6.0 (China)",Yes,"Black, White, Green, Gold",0
Huawei Mate 80,Huawei,Huawei,Flagship,110157.299,786.83785,2025.0,Yes,Kirin 9020 (7 nm),0,Huawei,Kirin,12.0,16.0,256.0,512.0,120.0,6.75,"LTPO OLED, 1B colors, 120Hz, 1440Hz PWM, HDR Vivid",5750.0,66.0,50.0,13.0,3.0,Yes,1589460.0,4446.0,HarmonyOS 6.0,Yes,"Black, White, Green, Gold",0
Huawei nova Flip S,Huawei,Huawei,Flagship,110157.299,786.83785,2025.0,Yes,Kirin 8030,0,Huawei,Kirin,12.0,12.0,256.0,512.0,120.0,6.94,"Foldable LTPO OLED, 120Hz, HDR",4400.0,66.0,50.0,32.0,2.0,Yes,698341.0,4157.0,HarmonyOS 5.1,Yes,"Green, Pink, White, Black, Nova Black, Blue",0
Huawei Mate XTs Ultimate,Huawei,Huawei,Flagship,110157.299,786.83785,2025.0,Yes,Kirin 9020 (7 nm),0,Huawei,Kirin,16.0,16.0,256.0,512.0,90.0,10.2,"Tri-foldable LTPO OLED, 1B colors, 90Hz, 1440Hz PWM",5600.0,66.0,50.0,8.0,3.0,Yes,1479064.0,4446.0,HarmonyOS 5.1 (China),Yes,"Red, Black, Purple, White",0
Huawei Enjoy 90m Plus,Huawei,Huawei,Budget,12460.0,89.0,2026.0,Yes,Kirin 8000 (7 nm),0,Huawei,Kirin,8.0,8.0,128.0,256.0,120.0,6.67,"IPS LCD, 120Hz, 850 nits (HBM)",6620.0,40.0,50.0,8.0,1.0,No,682743.0,2598.0,HarmonyOS 6.0,No,"Starry Black, Feather White, Coral Orange",0
Huawei Pura X Max,Huawei,Huawei,Flagship,12460.0,89.0,2026.0,Yes,Kirin 9030 Pro (6 nm),1,Huawei,Kirin,12.0,16.0,256.0,512.0,120.0,7.7,"Foldable LTPO2 OLED, 1B colors, 120Hz, 1440Hz PWM, HDR Vivid",5300.0,66.0,50.0,8.0,3.0,Yes,2107301.0,5817.0,HarmonyOS 6.1,Yes,"Black, Blue, White, Olive, Orange",0
Huawei Pura 90,Huawei,Huawei,Budget,12460.0,89.0,2026.0,Yes,Kirin 9010s (7 nm),0,Huawei,Kirin,12.0,16.0,256.0,512.0,120.0,6.8,"LTPO OLED, 1B colors, 120Hz, PWM, HDR Vivid",6500.0,100.0,50.0,50.0,3.0,Yes,1248520.0,3957.0,HarmonyOS 6.1,Yes,"Black, White Dark Purple",0
Huawei Enjoy 90 Pro Max,Huawei,Huawei,Budget,12460.0,89.0,2026.0,Yes,Kirin 8000 (7 nm),0,Huawei,Kirin,8.0,8.0,128.0,512.0,120.0,6.84,"OLED, 1B colors, 120Hz, 2160Hz PWM, 4000 nits (peak)",8500.0,40.0,50.0,8.0,1.0,No,804373.0,2598.0,HarmonyOS 6.0,Yes,"Black, White, Blue, Gold",0
Huawei Enjoy 90 Plus,Huawei,Huawei,Budget,12460.0,89.0,2026.0,Yes,Kirin 8000 (7 nm),0,Huawei,Kirin,8.0,8.0,128.0,512.0,120.0,6.67,"IPS LCD, 120Hz, 850 nits (HBM)",6620.0,40.0,50.0,8.0,1.0,No,682743.0,2598.0,HarmonyOS 6.0,No,"Black, White, Blue",0
Huawei Enjoy 90,Huawei,Huawei,Budget,12460.0,89.0,2026.0,Yes,Kirin 8000A,0,Huawei,Kirin,8.0,8.0,128.0,256.0,120.0,6.67,"IPS LCD, 120Hz, 850 nits (HBM)",6620.0,40.0,50.0,8.0,1.0,No,682743.0,2420.0,HarmonyOS 6.0,No,"Starry night black, feather sand white, starry sea blue",0
Huawei Mate 80 Pro Max Wind,Huawei,Huawei,Flagship,12460.0,89.0,2026.0,Yes,Kirin 9030 Pro (6 nm),1,Huawei,Kirin,16.0,16.0,512.0,512.0,120.0,6.9,"LTPO OLED, 1B colors, 120Hz, 1440Hz PWM, HDR Vivid, 8000 nits (peak)",6000.0,100.0,50.0,13.0,3.0,Yes,2116240.0,5817.0,HarmonyOS 6.0,Yes,"Black, Gold",0
Infinix Zero 5G,Infinix,Infinix,Mid,35000.0,250.0,2022.0,Yes,Mediatek Dimensity 900 (6 nm),0,Mediatek,Dimensity,8.0,8.0,128.0,128.0,120.0,6.78,"IPS LCD, 120Hz, 500 nits (peak)",5000.0,33.0,48.0,16.0,3.0,No,419083.0,2169.0,"Android 11, upgradable to Android 12, XOS 10.6",No,"Cosmic Black, Skylight Orange, Horizon Blue",0
Infinix Note 12 Pro 5G,Infinix,Infinix,Budget,19600.0,140.0,2022.0,Yes,Mediatek Dimensity 810 (6 nm),0,Mediatek,Dimensity,8.0,8.0,128.0,256.0,60.0,6.7,AMOLED,5000.0,33.0,108.0,16.0,3.0,No,583282.5,1900.0,"Android 12, XOS 10.6",No,"Black, White",0
Infinix Note 12 5G,Infinix,Infinix,Mid,26600.0,190.0,2022.0,Yes,Mediatek Dimensity 810 (6 nm),0,Mediatek,Dimensity,6.0,6.0,64.0,64.0,60.0,6.7,AMOLED,5000.0,33.0,50.0,16.0,3.0,No,583282.5,1900.0,"Android 12, XOS 10.6",No,"Black, White",0
Infinix Zero 5G 2023,Infinix,Infinix,Mid,35000.0,250.0,2022.0,Yes,Mediatek Dimensity 1080 Mediatek Dimensity 920 (6 nm) - X6815D,0,Mediatek,Dimensity,8.0,8.0,256.0,256.0,120.0,6.78,"IPS LCD, 120Hz, 500 nits (peak)",5000.0,33.0,50.0,16.0,3.0,No,373725.0,1692.5,"Android 12, upgradable to Android 13, XOS 13",Yes,"Pearly White, Coral Orange, Submarine Black",0
Infinix Zero Ultra,Infinix,Infinix,Mid,70000.0,500.0,2022.0,Yes,Mediatek Dimensity 920 (6 nm),0,Mediatek,Dimensity,8.0,8.0,256.0,256.0,120.0,6.8,"AMOLED, 120Hz, 900 nits (HBM)",4500.0,180.0,200.0,32.0,3.0,Yes,748159.0,2285.0,"Android 12, XOS 12",Yes,"Coslight Silver, Genesis Noir",0
Infinix Hot 20 5G,Infinix,Infinix,Mid,33600.0,240.0,2022.0,Yes,Mediatek Dimensity 810 (6 nm),0,Mediatek,Dimensity,4.0,4.0,64.0,128.0,120.0,6.58,"IPS LCD, 120Hz, 500 nits",5000.0,18.0,50.0,8.0,2.0,No,331642.0,1900.0,"Android 12, XOS 10.6",Yes,"Racing Black, Space Blue, Blaster Green",1
Infinix GT 10 Pro,Infinix,Infinix,Mid,36400.0,260.0,2023.0,Yes,Mediatek Dimensity 8050 (6 nm),0,Mediatek,Dimensity,8.0,8.0,256.0,256.0,120.0,6.67,"AMOLED, 1B colors, 120Hz, 900 nits (peak)",5000.0,45.0,108.0,32.0,3.0,No,666948.0,3080.0,"Android 13, up to 1 major Android upgrades, XOS 13",Yes,"Cyber Black, Mirage Silver",0
Infinix Hot 30 5G,Infinix,Infinix,Budget,19600.0,140.0,2023.0,Yes,Mediatek Dimensity 6020 (7 nm),0,Mediatek,Dimensity,4.0,8.0,128.0,128.0,120.0,6.78,"IPS LCD, 120Hz, 580 nits (peak)",5000.0,18.0,50.0,8.0,1.0,No,331642.0,2032.0,"Android 13, XOS 13",No,"Knight Black, Aurora Blue",0
Infinix Note 30 VIP,Infinix,Infinix,Mid,39200.0,280.0,2023.0,Yes,Mediatek Dimensity 8050 (6 nm),0,Mediatek,Dimensity,8.0,12.0,256.0,256.0,120.0,6.67,"AMOLED, 1B colors, 120Hz, 900 nits (peak)",5000.0,68.0,108.0,32.0,3.0,No,959217.0,3359.0,"Android 13, XOS 13",Yes,"Magic Black, Glacier White, Racing Edition",0
Infinix Note 30 5G,Infinix,Infinix,Budget,19264.770642201835,137.60550458715596,2023.0,Yes,Mediatek Dimensity 6080 (6 nm),0,Mediatek,Dimensity,4.0,8.0,128.0,256.0,120.0,6.78,"IPS LCD, 120Hz, 580 nits (peak)",5000.0,45.0,108.0,16.0,3.0,No,554635.0,2020.0,Android 13,Yes,"Magic Black, Interstellar Blue, Sunset Gold",0
Infinix Zero 30,Infinix,Infinix,Mid,30824.40366972477,220.1743119266055,2023.0,Yes,Mediatek Dimensity 8020 (6 nm),0,Mediatek,Dimensity,8.0,12.0,256.0,256.0,144.0,6.78,"AMOLED, 1B colors, 144Hz, 950 nits (peak)",5000.0,68.0,108.0,50.0,3.0,Yes,635016.0,2952.0,"Android 13, XOS 13",Yes,"Rome Green, Golden Hour, Fantasy Purple",0
Infinix GT 20 Pro,Infinix,Infinix,Flagship,35000.0,250.0,2024.0,Yes,Mediatek Dimensity 8200 Ultimate (4 nm),1,Mediatek,Dimensity,8.0,12.0,256.0,256.0,144.0,6.78,"AMOLED, 1B colors, 144Hz, 2304Hz PWM, 1300 nits (peak)",5000.0,45.0,108.0,32.0,3.0,Yes,1294934.0,3930.5,"Android 14, XOS 14",Yes,"Mecha Blue, Mecha Orange, Mecha Silver",0
Infinix Note 40X 5G,Infinix,Infinix,Budget,21000.0,150.0,2024.0,Yes,Mediatek Dimensity 6300 (6 nm),0,Mediatek,Dimensity,8.0,12.0,256.0,256.0,120.0,6.78,"IPS LCD, 120Hz, 500",5000.0,18.0,108.0,8.0,3.0,No,576099.0,1980.0,"Android 14, XOS 14",Yes,"Palm Blue, Lime Green, Starlit Black",0
Infinix Zero 40,Infinix,Infinix,Flagship,35962.01834862385,256.8715596330275,2024.0,Yes,Mediatek Dimensity 8200 Ultimate (4 nm),1,Mediatek,Dimensity,12.0,12.0,256.0,512.0,144.0,6.78,"AMOLED, 1B colors, HDR, 144Hz, 1300 nits (HBM)",5000.0,45.0,108.0,50.0,3.0,Yes,902831.0,3930.5,"Android 14, up to 2 major Android upgrades, XOS 14.5",Yes,"Rock Black, Violet Garden, Moving Titanium",0
Infinix Note 40 Pro+,Infinix,Infinix,Mid,40600.0,290.0,2024.0,Yes,Mediatek Dimensity 7020 (6 nm),0,Mediatek,Dimensity,12.0,12.0,256.0,512.0,120.0,6.78,"AMOLED, 1B colors, 120Hz, 1300 nits (peak)",4600.0,100.0,108.0,32.0,3.0,Yes,459546.0,2233.0,"Android 14, up to 2 major Android upgrades, XOS 14",Yes,"Obsidian Black, Vintage Green, Racing Edition",0
Infinix Note 40 Pro,Infinix,Infinix,Mid,28255.59633027523,201.8256880733945,2024.0,Yes,Mediatek Dimensity 7020 (6 nm),0,Mediatek,Dimensity,8.0,8.0,256.0,256.0,120.0,6.78,"AMOLED, 1B colors, 120Hz, 2160Hz PWM, 1300 nits (peak)",5000.0,45.0,108.0,32.0,3.0,Yes,541181.0,2244.0,"Android 14, XOS 14",Yes,"Vintage Green, Titan Gold, Racing Edition",0
Infinix Note 40 5G,Infinix,Infinix,Mid,30800.0,220.0,2024.0,Yes,Mediatek Dimensity 7020 (6 nm),0,Mediatek,Dimensity,8.0,12.0,256.0,512.0,120.0,6.78,"AMOLED, 1B colors, 120Hz, 1300 nits (peak)",5000.0,33.0,108.0,32.0,3.0,No,576099.0,2244.0,"Android 14, XOS 14",Yes,"Obsidian Black, Titan Gold, Racing Edition",0
Infinix Hot 50,Infinix,Infinix,Mid,49000.0,350.0,2024.0,Yes,Mediatek Dimensity 6300 (6 nm),0,Mediatek,Dimensity,4.0,8.0,128.0,256.0,120.0,6.7,"IPS LCD, 120Hz, 480 nits (typ)",5000.0,18.0,48.0,8.0,2.0,No,573420.5,1980.0,"Android 14, XOS 14.5",No,"Vibrant Blue, Sleek Black, Sage Green, Dreamy Purple",0
Infinix Zero Flip,Infinix,Infinix,Flagship,81200.0,580.0,2024.0,Yes,Mediatek Dimensity 8020 (6 nm),0,Mediatek,Dimensity,8.0,8.0,256.0,512.0,120.0,6.9,"Foldable LTPO AMOLED, 120Hz, 1400 nits (peak)",4720.0,70.0,50.0,50.0,2.0,Yes,979624.0,3665.0,"Android 14, up to 2 major Android upgrades, XOS 14.5",Yes,"Rock Black, Blossom Glow",0
Infinix Note 50s,Infinix,Infinix,Flagship,28255.59633027523,201.8256880733945,2025.0,Yes,Mediatek Dimensity 7300 Ultimate (4 nm),1,Mediatek,Dimensity,6.0,8.0,128.0,256.0,144.0,6.78,"AMOLED, 1B colors, 144Hz, 2304Hz PWM, 1300 nits (peak)",5500.0,45.0,64.0,13.0,2.0,No,891192.0,2011.0,"Android 15, up to 2 major Android upgrades, XOS 15",No,"Marine Blue, Titanium Grey, Ruby Red",0
Infinix GT 30,Infinix,Infinix,Mid,26971.19266055046,192.651376146789,2025.0,Yes,Mediatek Dimensity 7400 (4 nm),0,Mediatek,Dimensity,8.0,8.0,128.0,256.0,144.0,6.78,"AMOLED, 1B colors, 144Hz, 2304Hz PWM, 700 nits (typ), 1600 nits (peak), 4500 nits (peak)",5500.0,45.0,64.0,13.0,2.0,No,969711.0,3185.0,"Android 15, up to 2 major Android upgrades, XOS 15",Yes,"Pulse Green, Cyber Blue, Blade White",0
Infinix Hot 60i,Infinix,Infinix,Budget,12600.0,90.0,2025.0,Yes,Mediatek Dimensity 6400 (6 nm),0,Mediatek,Dimensity,4.0,4.0,128.0,128.0,120.0,6.75,"IPS LCD, 120Hz, 560 nits (typ), 670 nits (HBM)",6000.0,18.0,50.0,5.0,1.0,No,362586.0,2047.0,"Android 15, XOS 15.1",Yes,"Shadow Blue, Sleek Black, Monsoon Green, Plum Red",0
Infinix Hot 60,Infinix,Infinix,Budget,15400.0,110.0,2025.0,Yes,Mediatek Dimensity 7020 (6 nm),0,Mediatek,Dimensity,6.0,8.0,128.0,256.0,120.0,6.7,"IPS LCD, 120Hz, 560 nits (typ), 700 nits (HBM)",5200.0,18.0,50.0,8.0,2.0,No,608399.0,2244.0,"Android 15, up to 3 major Android upgrades, XOS 15.1",No,"Sleek Black, Tundra Green, Shadow Blue, Caramel Glow",0
Infinix Note 50 Pro+,Infinix,Infinix,Flagship,49000.0,350.0,2025.0,Yes,Mediatek Dimensity 8350 Ultimate (4 nm),1,Mediatek,Dimensity,12.0,12.0,256.0,256.0,144.0,6.78,"AMOLED, 1B colors, 144Hz, 2304Hz PWM, 1300 nits (peak)",5200.0,100.0,50.0,32.0,3.0,Yes,1369368.0,3965.0,"Android 15, up to 2 major Android upgrades, XOS 15",Yes,"Titanium Grey, Enchanted Purple, Racing Edition",0
Infinix Note 50x,Infinix,Infinix,Flagship,18200.0,130.0,2025.0,Yes,Mediatek Dimensity 7300 Ultimate (4 nm),1,Mediatek,Dimensity,6.0,8.0,128.0,256.0,120.0,6.67,"IPS LCD, 120Hz, 560 nits (typ)",5500.0,45.0,50.0,8.0,1.0,No,847731.0,2011.0,"Android 15, up to 2 major Android upgrades, XOS 15",No,"Titanium Gray, Enchanted Purple, Sea Breeze Green, Sunset Spice Pink",0
Infinix GT 30 Pro,Infinix,Infinix,Flagship,35962.01834862385,256.8715596330275,2025.0,Yes,Mediatek Dimensity 8350 Ultimate (4 nm),1,Mediatek,Dimensity,8.0,12.0,256.0,512.0,144.0,6.78,"AMOLED, 1B colors, 144Hz, 2304Hz PWM, 700 nits (typ), 1600 nits (peak), 4500 nits (peak)",5200.0,45.0,108.0,13.0,2.0,No,1231878.0,4086.0,"Android 15, up to 2 major Android upgrades, XOS 15",Yes,"Dark Flare, Blade White, Shadow Ash",0
Infinix GT 50 Pro,Infinix,Infinix,Flagship,46200.0,330.0,2026.0,Yes,Mediatek Dimensity 8400 Ultimate (4 nm),1,Mediatek,Dimensity,12.0,12.0,256.0,512.0,144.0,6.78,"AMOLED, 1B colors, 144Hz, 2304Hz PWM, 700 nits (typ), 1600 nits (peak), 4500 nits (peak)",6150.0,45.0,50.0,13.0,2.0,Yes,2137843.0,6783.0,"Android 16, up to 3 major Android upgrades, XOS 16",Yes,"Black Abyss, Red Blaze, Silver Glacier",0
Infinix Note 60 Pro,Infinix,Infinix,Mid,41099.63302752295,293.5688073394496,2026.0,Yes,Qualcomm SM7635-AC Snapdragon 7s Gen 4 (4 nm),0,Qualcomm,Snapdragon,8.0,12.0,128.0,256.0,144.0,6.78,"AMOLED, 144Hz, 2304Hz PWM, 700 nits (typ), 1600 nits (HBM), 4500 nits (peak)",6000.0,90.0,50.0,13.0,2.0,Yes,868860.0,3412.0,"Android 16, up to 3 major Android upgrades, XOS 16",Yes,"Mist Titanium, Deep Ocean Blue, Solar Orange, Mocha Brown, Torino Black, Frost Silver",0
Infinix Note 60,Infinix,Infinix,Flagship,25686.788990825688,183.47706422018348,2026.0,Yes,Mediatek Dimensity 7400 Ultimate (4 nm),1,Mediatek,Dimensity,8.0,8.0,128.0,256.0,144.0,6.78,"AMOLED, 144Hz, 2304Hz PWM, 700 nits (typ), 1600 nits (HBM), 4500 nits (peak)",6150.0,45.0,50.0,13.0,2.0,Yes,977113.0,3134.0,"Android 16, up to 3 major Android upgrades, XOS 16",Yes,"Mist Titanium, Midnight Black, Fizz Blue, Rose Gold, Mocha Brown",0
Infinix Note Edge,Infinix,Infinix,Budget,23800.0,170.0,2026.0,Yes,Mediatek Dimensity 7100 (6 nm),0,Mediatek,Dimensity,8.0,8.0,128.0,256.0,120.0,6.78,"AMOLED, 1B colors, 120Hz, 2160Hz PWM, 700 nits (typ), 1600 nits (HBM), 4500 nits (peak)",6500.0,45.0,50.0,13.0,1.0,No,637742.0,2815.0,"Android 16, up to 3 major Android upgrades, XOS 16",Yes,"Lunar Titanium, Silk Green, Stellar Blue, Shadow Black, Orange",0
Infinix Note 60 Ultra,Infinix,Infinix,Flagship,89600.0,640.0,2026.0,Yes,Mediatek Dimensity 8400 Ultimate (4 nm),1,Mediatek,Dimensity,12.0,12.0,256.0,512.0,144.0,6.78,"AMOLED, 144Hz, 2304Hz PWM, 700 nits (typ), 1600 nits (HBM), 4500 nits (peak)",7000.0,100.0,200.0,32.0,3.0,Yes,1708926.0,6783.0,"Android 16, up to 3 major Android upgrades, XOS 16",Yes,"Torino Black, Monza Red, Roma Silver, Amalfi Blue",0
itel P55 5G,Itel,Itel,Budget,15400.0,110.0,2023.0,Yes,Mediatek Dimensity 6080 (6 nm),0,Mediatek,Dimensity,4.0,6.0,64.0,128.0,90.0,6.6,"IPS LCD, 90Hz",5000.0,18.0,50.0,8.0,1.0,No,567662.0,2020.0,"Android 13, itel OS 13",No,"Galaxy Blue, Mint Green",0
itel Color Pro,Itel,Itel,Budget,14000.0,100.0,2024.0,Yes,Mediatek Dimensity 6080 (6 nm),0,Mediatek,Dimensity,6.0,6.0,128.0,128.0,90.0,6.56,"IPS LCD, 90Hz",5000.0,18.0,50.0,8.0,1.0,No,567662.0,2020.0,"Android 13, itel OS 13",No,"River Blue, Lavender Fantasy",0
itel A95,Itel,Itel,Budget,14000.0,100.0,2025.0,Yes,Mediatek Dimensity 6300 (6 nm),0,Mediatek,Dimensity,4.0,6.0,128.0,128.0,120.0,6.67,"IPS LCD, 120Hz",5000.0,18.0,50.0,8.0,1.0,No,551891.0,1980.0,"Android 14, itel OS 14",No,"Calx Titanium, Black, Green",0
Lava Agni 5G,Lava,Lava,Mid,29400.0,210.0,2021.0,Yes,Mediatek Dimensity 810 (6 nm),0,Mediatek,Dimensity,8.0,8.0,128.0,128.0,90.0,6.78,"IPS LCD, 90Hz",5000.0,33.0,64.0,16.0,4.0,No,583282.5,1900.0,Android 11,No,Fiery Blue,0
Lava Blaze 5G,Lava,Lava,Budget,18200.0,130.0,2022.0,Yes,Mediatek Dimensity 700 (7 nm),0,Mediatek,Dimensity,4.0,6.0,128.0,128.0,90.0,6.52,"IPS LCD, 90Hz",5000.0,10.0,50.0,8.0,3.0,No,515647.0,1767.0,Android 12,No,"Green, Blue",0
Lava Blaze 1X,Lava,Lava,Budget,11943.669724770642,85.31192660550458,2023.0,Yes,Mediatek Dimensity 700 (7 nm),0,Mediatek,Dimensity,6.0,6.0,128.0,128.0,90.0,6.5,"IPS LCD, 90Hz",5000.0,15.0,50.0,8.0,3.0,No,515647.0,1767.0,Android 12,No,"Glass Blue, Glass Green",0
Lava Storm,Lava,Lava,Budget,18200.0,130.0,2023.0,Yes,Mediatek Dimensity 6080 (6 nm),0,Mediatek,Dimensity,8.0,8.0,128.0,128.0,120.0,6.78,"IPS LCD, 120Hz",5000.0,33.0,50.0,16.0,2.0,No,567662.0,2020.0,Android 13,No,"Black, Green",0
Lava Agni 2,Lava,Lava,Mid,30800.0,220.0,2023.0,Yes,Mediatek Dimensity 7050 (6 nm),0,Mediatek,Dimensity,8.0,8.0,256.0,256.0,120.0,6.78,"AMOLED, 1B colors, 120Hz, HDR10+, 950 nits (HBM)",4700.0,66.0,50.0,16.0,4.0,No,792749.5,2398.0,Android 13,No,"Blue, Purple, Gray",0
Lava Blaze 2 5G,Lava,Lava,Budget,15400.0,110.0,2023.0,Yes,Mediatek Dimensity 6020 (7 nm),0,Mediatek,Dimensity,4.0,6.0,64.0,128.0,90.0,6.56,"IPS LCD, 90Hz",5000.0,18.0,50.0,8.0,1.0,No,518592.0,2032.0,Android 13,No,"Glass Blue, Glass Black, Glass Lavender",0
Lava Blaze Pro 5G,Lava,Lava,Budget,19600.0,140.0,2023.0,Yes,Mediatek Dimensity 6020 (7 nm),0,Mediatek,Dimensity,8.0,8.0,128.0,128.0,120.0,6.78,"IPS LCD, 120Hz",5000.0,33.0,50.0,8.0,1.0,No,518592.0,2032.0,Android 13,No,"Starry Night, Radiant Pearl",0
Lava Blaze Duo,Lava,Lava,Mid,26600.0,190.0,2024.0,Yes,Mediatek Dimensity 7025 (6 nm),0,Mediatek,Dimensity,6.0,8.0,128.0,128.0,120.0,6.67,"AMOLED, 120Hz",5000.0,33.0,64.0,16.0,2.0,No,594312.5,2472.0,"Android 14, planned upgrade to Android 15",No,"Arctic White, Celestial Blue",0
Lava Yuva 2 5G,Lava,Lava,Budget,15400.0,110.0,2024.0,Yes,Unisoc T760 (6 nm),0,Unisoc,T-Series,4.0,4.0,128.0,128.0,90.0,6.67,"IPS LCD, 90Hz, 700 nits",5000.0,18.0,50.0,8.0,2.0,No,628581.0,2390.0,Android 14,No,"Marble Black, Marble White",0
Lava Blaze X,Lava,Lava,Mid,26600.0,190.0,2024.0,Yes,Mediatek Dimensity 6300 (6 nm),0,Mediatek,Dimensity,4.0,8.0,64.0,128.0,120.0,6.67,"AMOLED, 120Hz",5000.0,33.0,64.0,16.0,2.0,Yes,551891.0,1980.0,"Android 14, planned upgrade to Android 15",No,"Starlight Purple, Titanium Grey",0
Lava Blaze Curve,Lava,Lava,Mid,28000.0,200.0,2024.0,Yes,Mediatek Dimensity 7050 (6 nm),0,Mediatek,Dimensity,8.0,8.0,128.0,256.0,120.0,6.67,"AMOLED, 120Hz, HDR10+, 500 nits (typ), 800 nits (peak)",5000.0,33.0,64.0,32.0,2.0,No,792749.5,2398.0,"Android 13, planned upgrade to Android 14",No,"Iron Glass, Viridian Glass",0
Lava Yuva 5G,Lava,Lava,Budget,15400.0,110.0,2024.0,Yes,Unisoc T750 (6 nm),0,Unisoc,T-Series,4.0,4.0,64.0,128.0,90.0,6.53,"IPS LCD, 90Hz",5000.0,18.0,50.0,8.0,2.0,No,551891.0,1980.0,Android 13,No,"Green, Blue",0
Lava Agni 3,Lava,Lava,Mid,32200.0,230.0,2024.0,Yes,Mediatek Dimensity 7300X (4 nm),0,Mediatek,Dimensity,8.0,8.0,128.0,256.0,120.0,6.78,"AMOLED, 1B colors, 120Hz, HDR10+, 1200 nits (peak)",5000.0,66.0,50.0,16.0,3.0,Yes,773565.0,2936.0,"Android 14, up to 3 major Android upgrades",No,"Heather Glass, Pristine Glass",0
Lava Blaze 3 5G,Lava,Lava,Budget,16800.0,120.0,2024.0,Yes,Mediatek Dimensity 6300 (6 nm),0,Mediatek,Dimensity,6.0,6.0,128.0,128.0,90.0,6.56,"IPS LCD, 90Hz",5000.0,18.0,50.0,8.0,2.0,No,551891.0,1980.0,"Android 14, planned upgrade to Android 15",No,"Glass Blue, Glass Gold",0
Lava Bold,Lava,Lava,Budget,15400.0,110.0,2025.0,Yes,Mediatek Dimensity 6300 (6 nm),0,Mediatek,Dimensity,4.0,8.0,128.0,128.0,120.0,6.67,"AMOLED, 120Hz",5000.0,33.0,64.0,16.0,2.0,No,551891.0,1980.0,"Android 14, planned upgrade to Android 15",No,Sapphire Blue,0
Lava Blaze Amoled 2,Lava,Lava,Budget,18200.0,130.0,2025.0,Yes,Mediatek Dimensity 7060 (6 nm),0,Mediatek,Dimensity,6.0,6.0,128.0,128.0,120.0,6.67,"AMOLED, 1B colors, 120Hz, 800 nits (HBM)",5000.0,33.0,50.0,8.0,1.0,No,693978.0,2386.0,"Android 15, up to 1 major Android upgrade",No,"Midnight Black, White Feather",0
Lava Play Ultra,Lava,Lava,Budget,21000.0,150.0,2025.0,Yes,Mediatek Dimensity 7300 (4 nm),0,Mediatek,Dimensity,6.0,8.0,128.0,128.0,120.0,6.67,"AMOLED, 120Hz, 1000 nits (peak)",5000.0,33.0,64.0,13.0,2.0,No,877437.0,2936.0,"Android 15, up to 2 major Android upgrades",No,"Arctic Slate, Arctic Frost",1
Lava Play Max,Lava,Lava,Budget,16800.0,120.0,2025.0,Yes,Mediatek Dimensity 7300 (4 nm),0,Mediatek,Dimensity,6.0,8.0,128.0,128.0,120.0,6.72,"LCD, 120Hz",5000.0,33.0,50.0,8.0,2.0,No,877437.0,2936.0,Android 15,No,"Deccan Black, Himalayan White",0
Lava Blaze Dragon,Lava,Lava,Flagship,14000.0,100.0,2025.0,Yes,Qualcomm SM4450 Snapdragon 4 Gen 2 (4 nm),1,Qualcomm,Snapdragon,4.0,6.0,128.0,128.0,120.0,6.75,"LCD, 120Hz, 450 nits",5000.0,18.0,50.0,8.0,2.0,No,568823.5,2249.0,"Android 15, up to 1 major Android upgrade",No,"Golden Mist, Midnight Mist",0
Lava Storm Play,Lava,Lava,Budget,14000.0,100.0,2025.0,Yes,Mediatek Dimensity 7060 (6 nm),0,Mediatek,Dimensity,6.0,8.0,128.0,256.0,120.0,6.75,"IPS LCD, 120Hz, 750 nits (HBM)",5000.0,18.0,50.0,8.0,2.0,No,693978.0,2386.0,"Android 15, planned upgrade to Android 16",No,"Frosty Blue, Dune Titanium",0
Lava Storm Lite,Lava,Lava,Budget,11200.0,80.0,2025.0,Yes,Mediatek Dimensity 6400 (6 nm),0,Mediatek,Dimensity,4.0,4.0,64.0,128.0,120.0,6.75,"IPS LCD, 120Hz",5000.0,15.0,50.0,5.0,1.0,No,590471.0,2047.0,Android 15,No,"Astral Blue, Cosmic Titanium",0
Lava Shark,Lava,Lava,Budget,11200.0,80.0,2025.0,Yes,Unisoc T765 (6 nm),0,Unisoc,T-Series,4.0,4.0,64.0,64.0,90.0,6.75,"IPS LCD, 90Hz",5000.0,18.0,13.0,5.0,1.0,No,387657.0,2148.0,Android 15,No,"Stellar Gold, Stellar Blue",0
Lava Agni 4,Lava,Lava,Mid,35962.01834862385,256.8715596330275,2025.0,Yes,Mediatek Dimensity 8350 (4 nm),0,Mediatek,Dimensity,8.0,8.0,256.0,256.0,120.0,6.67,"AMOLED, 1B colors, 120Hz, HDR, 2400 nits (peak)",5000.0,66.0,50.0,50.0,2.0,Yes,1721992.0,4313.0,"Android 15, up to 3 major Android upgrades",No,"Phantom Black, Lunar Mist",0
Lava Bold N1,Lava,Lava,Budget,11200.0,80.0,2025.0,Yes,Unisoc T765 (6 nm),0,Unisoc,T-Series,4.0,4.0,64.0,128.0,90.0,6.75,"IPS LCD, 90Hz",5000.0,10.0,13.0,5.0,1.0,No,516090.0,2148.0,Android 15,No,"Royal Blue, Champagne Gold",0
Lava Blaze Duo 3,Lava,Lava,Budget,22400.0,160.0,2026.0,Yes,Mediatek Dimensity 7060 (6 nm),0,Mediatek,Dimensity,6.0,6.0,128.0,128.0,120.0,6.67,"AMOLED, 120Hz",5000.0,33.0,50.0,8.0,2.0,No,693978.0,2386.0,"Android 15, planned upgrade to Android 16",No,"Imperial Gold, Moonlight Black",0
Lenovo Legion 2 Pro,Lenovo,Lenovo,Flagship,123200.0,880.0,2021.0,Yes,Qualcomm SM8350 Snapdragon 888 5G (5 nm),1,Qualcomm,Snapdragon,8.0,18.0,128.0,512.0,144.0,6.92,"AMOLED, 144Hz, HDR10+, 1300 nits (peak)",5500.0,90.0,64.0,44.0,2.0,No,1125131.5,3373.0,"Android 11, Legion OS",Yes,"Titanium White, Ultimate Black",0
Lenovo Legion Duel 2,Lenovo,Lenovo,Flagship,112000.0,800.0,2021.0,Yes,Qualcomm SM8350 Snapdragon 888 5G (5 nm),1,Qualcomm,Snapdragon,12.0,16.0,256.0,512.0,144.0,6.92,"AMOLED, 144Hz, HDR10+, 1300 nits (peak)",5500.0,90.0,64.0,44.0,2.0,No,1125131.5,3373.0,"Android 11, ZUI 12.5",Yes,"Titanium White, Ultimate Black",0
Lenovo Tab P12 Pro,Lenovo,Lenovo,Flagship,72800.0,520.0,2021.0,Yes,Qualcomm SM8250-AC Snapdragon 870 5G (7 nm),1,Qualcomm,Snapdragon,6.0,8.0,128.0,256.0,120.0,12.6,"AMOLED, 120Hz, HDR10+, Dolby Vision, 600 nits (HBM)",10200.0,45.0,13.0,8.0,2.0,No,1018480.0,3520.0,Android 11,Yes,Storm Grey,0
Lenovo Tab P11 5G,Lenovo,Lenovo,Mid,70000.0,500.0,2021.0,Yes,Qualcomm SM7225 Snapdragon 750G 5G (8 nm),0,Qualcomm,Snapdragon,6.0,8.0,128.0,256.0,60.0,11.0,"IPS LCD, Dolby Vision, 400 nits (typ)",7700.0,20.0,13.0,8.0,1.0,No,505016.0,1865.0,Android 11,No,"Moon White, Storm Grey, Modernist Teal",0
Lenovo Legion Y70,Lenovo,Lenovo,Flagship,61600.0,440.0,2022.0,Yes,Qualcomm SM8475 Snapdragon 8+ Gen 1 (4 nm),1,Qualcomm,Snapdragon,8.0,16.0,128.0,512.0,144.0,6.67,"OLED, 144Hz, HDR10+, 1000 nits (peak)",5100.0,68.0,50.0,16.0,3.0,Yes,1303229.0,3773.0,"Android 12, ZUI 14",Yes,"Black, Silver, Red",0
Lenovo Legion Y90,Lenovo,Lenovo,Flagship,79800.0,570.0,2022.0,Yes,Qualcomm SM8450 Snapdragon 8 Gen 1 (4 nm),1,Qualcomm,Snapdragon,12.0,18.0,256.0,640.0,144.0,6.92,"AMOLED, 144Hz, HDR10+, 1300 nits (peak)",5600.0,68.0,64.0,16.0,2.0,No,1303229.0,3773.0,"Android 12, ZUI 13",Yes,Gray,0
Lenovo Tab M10,Lenovo,Lenovo,Mid,56000.0,400.0,2023.0,Yes,Qualcomm SM6375 Snapdragon 695 5G (6 nm),0,Qualcomm,Snapdragon,4.0,6.0,128.0,128.0,90.0,10.6,"IPS LCD, 90Hz, 400 nits",7700.0,20.0,13.0,8.0,1.0,No,590710.0,2003.0,Android 13,No,Abyss Blue,0
Lenovo Idea Tab Plus,Lenovo,Lenovo,Mid,42000.0,300.0,2025.0,Yes,Mediatek Dimensity 6400 (6 nm),0,Mediatek,Dimensity,8.0,12.0,128.0,256.0,90.0,12.1,"IPS LCD, 90Hz, 600 nits (typ), 800 nits (HBM)",10200.0,45.0,13.0,8.0,1.0,No,590471.0,2047.0,"Android 15, up to 2 major Android upgrades",No,"Cloud grey, Luna grey, Sand rose",0
Lenovo Idea Tab,Lenovo,Lenovo,Mid,28000.0,200.0,2025.0,Yes,Mediatek Dimensity 6300 (6 nm),0,Mediatek,Dimensity,4.0,8.0,128.0,256.0,90.0,11.0,"IPS LCD, 90Hz, 500 nits",7040.0,20.0,8.0,5.0,1.0,No,551891.0,1980.0,"Android 15, up to 2 major Android upgrades",No,"Luna grey, Polar blue",0
Lenovo ThinkTab X11 Gen 1,Lenovo,Lenovo,Mid,70000.0,500.0,2026.0,Yes,Qualcomm SM7635 Snapdragon 7s Gen 3 (4 nm),0,Qualcomm,Snapdragon,8.0,8.0,128.0,256.0,90.0,10.95,"IPS LCD, 90Hz, 800 nits (HBM)",10200.0,45.0,13.0,8.0,1.0,No,1044016.0,3157.0,Android 16,Yes,Gray,0
Meizu 20 Infinity,Meizu,Meizu,Flagship,114800.0,820.0,2023.0,Yes,Qualcomm SM8550-AB Snapdragon 8 Gen 2 (4 nm),1,Qualcomm,Snapdragon,12.0,16.0,256.0,512.0,120.0,6.79,"LTPO OLED, 1B colors, 120Hz, 600 nits (typ), 1800 nits (peak)",4800.0,65.0,50.0,32.0,3.0,Yes,1768501.0,5558.0,"Android 13, Flyme 10",Yes,"Gray, Green, Silver",0
Meizu 20 Pro,Meizu,Meizu,Flagship,74200.0,530.0,2023.0,Yes,Qualcomm SM8550-AB Snapdragon 8 Gen 2 (4 nm),1,Qualcomm,Snapdragon,12.0,12.0,128.0,512.0,120.0,6.81,"LTPO OLED, 120Hz, HDR10+, 500 nits (typ), 1800 nits (peak)",5000.0,80.0,50.0,32.0,3.0,Yes,1768501.0,5558.0,"Android 13, Flyme 10",Yes,"Gray, Gold, Silver",0
Meizu 20,Meizu,Meizu,Flagship,56000.0,400.0,2023.0,Yes,Qualcomm SM8550-AB Snapdragon 8 Gen 2 (4 nm),1,Qualcomm,Snapdragon,12.0,12.0,128.0,512.0,144.0,6.55,"OLED, 1B colors, 144Hz, 500 nits (typ), 800 nits (HBM)",4700.0,67.0,50.0,32.0,3.0,Yes,1768501.0,5558.0,"Android 13, Flyme 10",Yes,"Gray, Yellow, Mint, Rose Gold",0
Meizu 21,Meizu,Meizu,Flagship,61600.0,440.0,2023.0,Yes,Qualcomm SM8650-AB Snapdragon 8 Gen 3 (4 nm),1,Qualcomm,Snapdragon,8.0,12.0,256.0,512.0,120.0,6.55,"AMOLED, 120Hz, HDR10+, 600 nits (typ), 1100 nits (HBM), 1800 nits (peak)",4800.0,80.0,200.0,32.0,3.0,Yes,2359464.0,6753.0,"Android 13, Flyme 10.5",Yes,"Black, Purple, Green, White",0
Meizu 20 Classic,Meizu,Meizu,Flagship,56000.0,400.0,2023.0,Yes,Qualcomm SM8550-AB Snapdragon 8 Gen 2 (4 nm),1,Qualcomm,Snapdragon,16.0,16.0,256.0,512.0,144.0,6.55,"OLED, 1B colors, 144Hz, 500 nits (typ), 800 nits (HBM)",4700.0,67.0,50.0,32.0,3.0,Yes,1768501.0,5558.0,"Android 13, Flyme 10",Yes,"Gray, Silver, Green",0
Meizu 21 Pro,Meizu,Meizu,Flagship,89600.0,640.0,2024.0,Yes,Qualcomm SM8650-AB Snapdragon 8 Gen 3 (4 nm),1,Qualcomm,Snapdragon,12.0,16.0,256.0,512.0,120.0,6.79,"LTPO AMOLED, 1B colors, 120Hz, HDR10+, 600 nits (typ), 1250 nits (HBM)",5050.0,80.0,50.0,32.0,3.0,Yes,2359464.0,6753.0,Flyme OS / Flyme AIOS 2,Yes,"Black, White, Blue, Green, Gray",0
Meizu Blue 20,Meizu,Meizu,Mid,46200.0,330.0,2024.0,Yes,Unisoc T765 (6 nm),0,Unisoc,T-Series,6.0,8.0,128.0,256.0,90.0,6.52,"IPS LCD, 90Hz",5010.0,45.0,13.0,5.0,2.0,No,451873.5,2336.5,Flyme AIOS,No,"Black, White, Purple",0
Meizu 21 Note,Meizu,Meizu,Flagship,46200.0,330.0,2024.0,Yes,Qualcomm SM8550-AB Snapdragon 8 Gen 2 (4 nm),1,Qualcomm,Snapdragon,16.0,16.0,256.0,512.0,144.0,6.78,"LTPO OLED, 1B colors, 144Hz, HDR10+, 800 nits (typ), 1600 nits (HBM), 5000 nits (peak)",5500.0,65.0,50.0,16.0,2.0,Yes,1768501.0,5558.0,Flyme OS,Yes,"Black, White",0
Meizu Lucky 08,Meizu,Meizu,Mid,29400.0,210.0,2024.0,Yes,Qualcomm SM7435-AB Snapdragon 7s Gen 2 (4 nm),0,Qualcomm,Snapdragon,8.0,12.0,256.0,512.0,144.0,6.78,"LTPO AMOLED, 1B colors, 144Hz, HDR, 800 nits (typ), 5000 nits (peak)",6000.0,45.0,108.0,8.0,2.0,No,800974.5,2687.0,Flyme AIOS,No,"Black, White",0
Meizu Note 16,Meizu,Meizu,Budget,14000.0,100.0,2025.0,Yes,Unisoc T8200 (6 nm),0,Unisoc,T-Series,8.0,12.0,128.0,256.0,120.0,6.78,"IPS LCD, 120Hz, 1050 nits (peak)",6600.0,40.0,50.0,8.0,2.0,No,513416.0,2571.5,Flyme AIOS 2,Yes,"Black, White, Red",0
Meizu Note 16 Pro,Meizu,Meizu,Mid,26600.0,190.0,2025.0,Yes,Qualcomm SM7635 Snapdragon 7s Gen 3 (4 nm),0,Qualcomm,Snapdragon,8.0,16.0,256.0,512.0,144.0,6.78,"OLED, 1B colors, 144Hz, 700 nits (typ), 1600 nits (peak), 4500 nits (peak)",6200.0,80.0,50.0,8.0,3.0,No,1044016.0,3157.0,Flyme AIOS 2,Yes,"Gray, Blue, White",0
Meizu Note 22 Pro,Meizu,Meizu,Mid,42000.0,300.0,2025.0,Yes,Qualcomm SM7635 Snapdragon 7s Gen 3 (4 nm),0,Qualcomm,Snapdragon,8.0,16.0,256.0,512.0,144.0,6.78,"OLED, 1B colors, 144Hz, 700 nits (typ), 1600 nits (peak), 4500 nits (peak)",6200.0,80.0,50.0,8.0,3.0,No,1044016.0,3157.0,Flyme AIOS 2,Yes,"Lake Glide, Cloud White, Star Ash",0
Meizu Note 22,Meizu,Meizu,Mid,29400.0,210.0,2025.0,Yes,Unisoc T8200 (6 nm),0,Unisoc,T-Series,8.0,12.0,128.0,256.0,120.0,6.78,"IPS LCD, 120Hz, 1050 nits (HBM), 5000 nits (peak)",6600.0,40.0,50.0,8.0,2.0,No,513416.0,2571.5,Flyme AIOS 2,No,"Pure Flame, Stonehold Black, Snow White",0
Meizu 22,Meizu,Meizu,Flagship,50400.0,360.0,2025.0,Yes,Qualcomm SM8735 Snapdragon 8s Gen 4 (4 nm),1,Qualcomm,Snapdragon,12.0,16.0,256.0,512.0,120.0,6.3,"LTPO OLED, 120Hz, HDR10+, 1800 nits (HBM), 6000 nits (peak)",5510.0,80.0,50.0,50.0,3.0,Yes,2454886.0,6385.0,"Android 15, Flyme AIOS 2",Yes,"Black, White, Pink",0
Motorola Edge 20 Fusion,Motorola,Motorola,Mid,35000.0,250.0,2021.0,Yes,Mediatek Dimensity 800U (7 nm),0,Mediatek,Dimensity,6.0,8.0,128.0,128.0,90.0,6.7,"OLED, 1B colors, 90Hz, HDR10+",5000.0,30.0,108.0,32.0,3.0,No,1208784.0,1836.0,Android 11,Yes,"Electric Graphite, Cyber Teal",0
Motorola Edge (2021),Motorola,Motorola,Budget,12600.0,90.0,2021.0,Yes,Qualcomm SM7325 Snapdragon 778G 5G (6 nm),0,Qualcomm,Snapdragon,8.0,8.0,128.0,256.0,144.0,6.8,"LCD, 144Hz, HDR10",5000.0,30.0,108.0,32.0,3.0,No,825910.0,2943.0,"Android 11, planned upgrade to Android 13",Yes,Nebula Blue,0
Motorola Moto G50 5G,Motorola,Motorola,Budget,23800.0,170.0,2021.0,Yes,Mediatek Dimensity 700 (7 nm),0,Mediatek,Dimensity,4.0,4.0,64.0,128.0,90.0,6.5,"IPS LCD, 90Hz",5000.0,15.0,48.0,13.0,3.0,No,446878.0,1767.0,Android 11,Yes,Meteorite Grey,0
Motorola Edge X30,Motorola,Motorola,Flagship,58800.0,420.0,2021.0,Yes,Qualcomm SM8450 Snapdragon 8 Gen 1 (4 nm),1,Qualcomm,Snapdragon,8.0,12.0,128.0,256.0,144.0,6.7,"OLED, 1B colors, 144Hz, HDR10+, 500 nits (typ), 700 nits (HBM)",5000.0,68.0,50.0,60.0,3.0,Yes,1303229.0,3773.0,"Android 12, MYUI 3.0",Yes,"White, Black",0
Motorola Edge S30,Motorola,Motorola,Flagship,39200.0,280.0,2021.0,Yes,Qualcomm SM8350 Snapdragon 888+ 5G (5 nm),1,Qualcomm,Snapdragon,6.0,12.0,128.0,256.0,144.0,6.8,"LCD, 144Hz, HDR10",5000.0,33.0,108.0,16.0,3.0,No,1125131.5,3373.0,"Android 11, MYUI 2.0",No,"Glacier Blue, Phantom Black",0
Motorola One 5G Ace,Motorola,Motorola,Budget,7000.0,50.0,2021.0,Yes,Qualcomm SM7225 Snapdragon 750G 5G (8 nm),0,Qualcomm,Snapdragon,4.0,6.0,64.0,128.0,60.0,6.7,"IPS LCD, HDR10",5000.0,15.0,48.0,16.0,3.0,No,540590.0,1865.0,Android 10,Yes,"Volcanic Gray, Frosted Silver",0
Motorola Edge S,Motorola,Motorola,Flagship,35000.0,250.0,2021.0,Yes,Qualcomm SM8250-AC Snapdragon 870 5G (7 nm),1,Qualcomm,Snapdragon,6.0,8.0,128.0,256.0,90.0,6.7,"IPS LCD, 90Hz, HDR10, 560 nits (HBM)",5000.0,20.0,64.0,16.0,3.0,No,1018480.0,3520.0,"Android 11, upgradable to Android 12",Yes,"Blue, Silver",0
Motorola one 5G UW ace,Motorola,Motorola,Mid,35000.0,250.0,2021.0,Yes,Qualcomm SM7225 Snapdragon 750G 5G (8 nm),0,Qualcomm,Snapdragon,4.0,4.0,64.0,64.0,60.0,6.7,"IPS LCD, HDR10",5000.0,20.0,48.0,16.0,3.0,No,540590.0,1865.0,Android 11,No,Volcanic Gray,0
Motorola Edge 20 Pro,Motorola,Motorola,Flagship,46200.0,330.0,2021.0,Yes,Qualcomm SM8250-AC Snapdragon 870 5G (7 nm),1,Qualcomm,Snapdragon,6.0,12.0,128.0,256.0,144.0,6.7,"OLED, 1B colors, 144Hz, HDR10+",4500.0,30.0,108.0,32.0,3.0,Yes,711090.0,3140.0,"Android 11, planned upgrade to Android 13",Yes,"Midnight Blue, Blue Vegan Leather, Iridescent Cloud",0
Motorola Edge 20,Motorola,Motorola,Budget,19600.0,140.0,2021.0,Yes,Qualcomm SM7325 Snapdragon 778G 5G (6 nm),0,Qualcomm,Snapdragon,6.0,8.0,128.0,256.0,144.0,6.7,"OLED, 1B colors, 144Hz, HDR10+",4000.0,30.0,108.0,32.0,3.0,Yes,424031.0,2550.0,"Android 11, upgradable to Android 13",Yes,"Frosted Grey, Frosted White, Frosted Emerald",0
Motorola Edge 20 Lite,Motorola,Motorola,Budget,22400.0,160.0,2021.0,Yes,Mediatek Dimensity 720 (7 nm),0,Mediatek,Dimensity,6.0,8.0,128.0,128.0,90.0,6.7,"OLED, 1B colors, 90Hz, HDR10+",5000.0,30.0,108.0,32.0,3.0,No,452426.0,1844.0,"Android 11, planned upgrade to Android 13",Yes,"Electric Graphite, Lagoon Green",0
Motorola Moto G Stylus 5G,Motorola,Motorola,Flagship,10518.648000000001,75.1332,2021.0,Yes,Qualcomm SM4350 Snapdragon 480 5G (8 nm),1,Qualcomm,Snapdragon,4.0,6.0,128.0,256.0,60.0,6.8,IPS LCD,5000.0,10.0,48.0,16.0,4.0,No,446878.0,1597.0,"Android 11, upgradable to Android 12",No,Cosmic Emerald,0
Motorola Moto G100 (2021),Motorola,Motorola,Flagship,29400.0,210.0,2021.0,Yes,Qualcomm SM8250-AC Snapdragon 870 5G (7 nm),1,Qualcomm,Snapdragon,8.0,12.0,128.0,256.0,90.0,6.7,"IPS LCD, 90Hz, HDR10, 560 nits (HBM)",5000.0,20.0,64.0,16.0,3.0,No,556137.0,2860.0,"Android 11, upgradable to Android 12",Yes,"Iridescent Sky, Iridescent Ocean, Slate Grey",0
Motorola Moto G50,Motorola,Motorola,Flagship,26600.0,190.0,2021.0,Yes,Qualcomm SM4350 Snapdragon 480 5G (8 nm),1,Qualcomm,Snapdragon,4.0,4.0,64.0,128.0,90.0,6.5,"IPS LCD, 90Hz",5000.0,15.0,48.0,13.0,3.0,No,286916.0,1620.0,"Android 11, upgradable to Android 12",Yes,"Steel Gray, Aqua Green",0
Motorola Moto G51 5G,Motorola,Motorola,Flagship,29400.0,210.0,2021.0,Yes,Qualcomm SM4350-AC Snapdragon 480+ 5G (8 nm),1,Qualcomm,Snapdragon,4.0,8.0,64.0,128.0,120.0,6.8,"IPS LCD, 120Hz",5000.0,20.0,50.0,13.0,3.0,No,302859.0,1696.0,"Android 11, upgradable to Android 12",Yes,"Indigo Blue, Bright Silver, Aqua Blue",0
Motorola Moto G200 5G,Motorola,Motorola,Flagship,40600.0,290.0,2021.0,Yes,Qualcomm SM8350 Snapdragon 888+ 5G (5 nm),1,Qualcomm,Snapdragon,8.0,8.0,128.0,256.0,144.0,6.8,"LCD, 144Hz, HDR10",5000.0,33.0,108.0,16.0,3.0,No,682346.0,3319.0,"Android 11, upgradable to Android 12",Yes,"Stellar Blue, Glacier Green",1
Motorola Moto G71 5G,Motorola,Motorola,Budget,15400.0,110.0,2021.0,Yes,Qualcomm SM6375 Snapdragon 695 5G (6 nm),0,Qualcomm,Snapdragon,4.0,8.0,128.0,128.0,60.0,6.4,AMOLED,5000.0,33.0,50.0,16.0,3.0,No,257242.0,2003.0,"Android 11, upgradable to Android 12",Yes,"Neptune Green, Arctic Blue, Iron Black",0
Motorola Edge 5G UW (2021),Motorola,Motorola,Mid,77000.0,550.0,2021.0,Yes,Qualcomm SM7325 Snapdragon 778G 5G (6 nm),0,Qualcomm,Snapdragon,6.0,6.0,128.0,256.0,144.0,6.8,"LCD, 144Hz, HDR10",5000.0,30.0,108.0,32.0,3.0,No,825910.0,2943.0,Android 11,Yes,Nebula Blue,0
Motorola Moto G Stylus 5G (2022),Motorola,Motorola,Budget,11200.0,80.0,2022.0,Yes,Qualcomm SM6375 Snapdragon 695 5G (6 nm),0,Qualcomm,Snapdragon,4.0,8.0,128.0,256.0,120.0,6.8,"IPS LCD, 120Hz",5000.0,10.0,50.0,16.0,3.0,Yes,535132.0,2003.0,"Android 12, planned upgrade to Android 13",Yes,"Steel Blue, Seafoam Green",0
Motorola Moto G (2022),Motorola,Motorola,Budget,8400.0,60.0,2022.0,Yes,Mediatek Dimensity 700 (7 nm),0,Mediatek,Dimensity,4.0,6.0,64.0,256.0,90.0,6.5,"IPS LCD, 90Hz",5000.0,10.0,50.0,13.0,3.0,No,499266.0,1767.0,"Android 12, planned upgrade to Android 13",No,Moonlight Gray,0
Motorola Edge 30,Motorola,Motorola,Budget,20860.0,149.0,2022.0,Yes,Qualcomm SM7325-AE Snapdragon 778G+ 5G (6 nm),0,Qualcomm,Snapdragon,6.0,8.0,128.0,256.0,144.0,6.5,"AMOLED, 1B colors, 144Hz, HDR10+",4020.0,33.0,50.0,32.0,3.0,Yes,895081.0,2943.0,"Android 12, upgradable to Android 14",Yes,"Meteor Grey, Supermoon Silver, Aurora Green",0
Motorola Moto X30 Pro,Motorola,Motorola,Flagship,77000.0,550.0,2022.0,Yes,Qualcomm SM8475 Snapdragon 8+ Gen 1 (4 nm),1,Qualcomm,Snapdragon,8.0,12.0,128.0,512.0,144.0,6.7,"OLED, 1B colors, 144Hz, HDR10+, 1000 nits (HBM), 1250 nits (peak)",4610.0,125.0,200.0,60.0,3.0,Yes,1303229.0,3773.0,"Android 12, MYUI 4.0",Yes,"White, Black",0
Motorola Moto S30 Pro,Motorola,Motorola,Flagship,46200.0,330.0,2022.0,Yes,Qualcomm SM8350 Snapdragon 888+ 5G (5 nm),1,Qualcomm,Snapdragon,8.0,12.0,128.0,512.0,144.0,6.55,"P-OLED, 1B colors, 144Hz, HDR10+",4400.0,68.0,50.0,32.0,3.0,Yes,1125131.5,3373.0,"Android 12, MYUI 4.0",Yes,"Blue, Black",0
Motorola Razr 2022,Motorola,Motorola,Flagship,93800.0,670.0,2022.0,Yes,Qualcomm SM8475 Snapdragon 8+ Gen 1 (4 nm),1,Qualcomm,Snapdragon,8.0,12.0,128.0,512.0,144.0,6.7,"Foldable AMOLED, 1B colors, 144Hz, HDR10+",3500.0,30.0,50.0,32.0,2.0,Yes,965260.0,3944.0,"Android 13, upgradable to Android 14",Yes,Satin Black,0
Motorola Moto G62 (India),Motorola,Motorola,Mid,30800.0,220.0,2022.0,Yes,Qualcomm SM6375 Snapdragon 695 5G (6 nm),0,Qualcomm,Snapdragon,6.0,8.0,128.0,128.0,120.0,6.5,"IPS LCD, 120Hz",5000.0,15.0,50.0,16.0,3.0,No,590710.0,2003.0,Android 12,No,"Midnight Gray, Frosted Blue",0
Motorola Edge (2022),Motorola,Motorola,Budget,21833.57798165138,155.954128440367,2022.0,Yes,MediaTek Dimensity 1050 (6 nm),0,Mediatek,Dimensity,6.0,8.0,128.0,256.0,144.0,6.6,"OLED, 1B colors, 144Hz, HDR10+",5000.0,30.0,50.0,32.0,3.0,Yes,668004.0,2451.0,"Android 12, upgradable to Android 14",Yes,Grey,0
Motorola Moto G53,Motorola,Motorola,Flagship,42000.0,300.0,2022.0,Yes,Qualcomm SM4350-AC Snapdragon 480+ 5G (8 nm),1,Qualcomm,Snapdragon,4.0,8.0,64.0,128.0,120.0,6.5,"IPS LCD, 120Hz",5000.0,18.0,50.0,8.0,2.0,No,314195.0,1594.0,"Android 13, planned upgrade to Android 14",Yes,"Ink Blue, Arctic Silver, Pale Pink",0
Motorola Moto X40,Motorola,Motorola,Flagship,75600.0,540.0,2022.0,Yes,Qualcomm SM8550-AB Snapdragon 8 Gen 2 (4 nm),1,Qualcomm,Snapdragon,8.0,12.0,128.0,512.0,165.0,6.7,"OLED, 1B colors, 165Hz, HDR10+",4600.0,125.0,50.0,60.0,3.0,Yes,1768501.0,5558.0,"Android 13, upgradable to Android 14, MYUI 6.0",Yes,"Black, Blue",0
Motorola Edge+ 5G UW (2022),Motorola,Motorola,Flagship,119000.0,850.0,2022.0,Yes,Qualcomm SM8450 Snapdragon 8 Gen 1 (4 nm),1,Qualcomm,Snapdragon,8.0,12.0,128.0,512.0,144.0,6.7,"OLED, 1B colors, 144Hz, HDR10+",4800.0,68.0,50.0,60.0,3.0,Yes,668004.0,3773.0,"Android 12, upgradable to Android 14",Yes,"Cosmos Blue, Stardust White",0
Motorola Edge 30 Pro,Motorola,Motorola,Flagship,70000.0,500.0,2022.0,Yes,Qualcomm SM8450 Snapdragon 8 Gen 1 (4 nm),1,Qualcomm,Snapdragon,8.0,12.0,128.0,512.0,144.0,6.7,"OLED, 1B colors, 144Hz, HDR10+",4800.0,68.0,50.0,60.0,3.0,Yes,941895.0,3658.0,"Android 12, upgradable to Android 14",Yes,"Cosmos Blue, Stardust White",0
Motorola Moto G62 5G,Motorola,Motorola,Flagship,15400.0,110.0,2022.0,Yes,Qualcomm SM4350-AC Snapdragon 480+ 5G (8 nm),1,Qualcomm,Snapdragon,4.0,8.0,64.0,128.0,120.0,6.5,"IPS LCD, 120Hz",5000.0,15.0,50.0,16.0,3.0,No,303072.0,1697.0,"Android 12, upgradable to Android 13",Yes,"Midnight Gray, Frosted Blue",0
Motorola Moto G82,Motorola,Motorola,Mid,40600.0,290.0,2022.0,Yes,Qualcomm SM6375 Snapdragon 695 5G (6 nm),0,Qualcomm,Snapdragon,6.0,8.0,128.0,128.0,120.0,6.6,"AMOLED, 120Hz",5000.0,30.0,50.0,16.0,3.0,Yes,380812.0,1977.0,"Android 12, upgradable to Android 13",Yes,"Meteorite Gray, White Lily",0
Motorola Moto G71s,Motorola,Motorola,Mid,33600.0,240.0,2022.0,Yes,Qualcomm SM6375 Snapdragon 695 5G (6 nm),0,Qualcomm,Snapdragon,8.0,8.0,128.0,128.0,120.0,6.6,"AMOLED, 1B colors, 120Hz",5000.0,33.0,50.0,16.0,3.0,Yes,257242.0,2003.0,Android 12,No,"Black, White",0
Motorola Edge 30 Ultra,Motorola,Motorola,Flagship,39200.0,280.0,2022.0,Yes,Qualcomm SM8475 Snapdragon 8+ Gen 1 (4 nm),1,Qualcomm,Snapdragon,8.0,12.0,128.0,512.0,144.0,6.67,"P-OLED, 1B colors, 144Hz, HDR10+, 1250 nits (peak)",4610.0,125.0,200.0,60.0,3.0,Yes,1074722.0,4265.0,"Android 12, upgradable to Android 15",Yes,"Interstellar Black, Starlight White",0
Motorola Edge 30 Fusion,Motorola,Motorola,Flagship,21000.0,150.0,2022.0,Yes,Qualcomm SM8350 Snapdragon 888+ 5G (5 nm),1,Qualcomm,Snapdragon,6.0,12.0,128.0,512.0,144.0,6.55,"P-OLED, 1B colors, 144Hz, HDR10+, 1100 nits (peak)",4400.0,68.0,50.0,32.0,3.0,Yes,827929.0,3458.0,"Android 12, upgradable to Android 14",Yes,"Neptune Blue, Cosmic Grey, Solar Gold, Aurora White, Viva Magenta",0
Motorola Edge 30 Neo,Motorola,Motorola,Budget,19600.0,140.0,2022.0,Yes,Qualcomm SM6375 Snapdragon 695 5G (6 nm),0,Qualcomm,Snapdragon,6.0,8.0,128.0,256.0,120.0,6.28,"P-OLED, 120Hz",4020.0,68.0,64.0,32.0,2.0,Yes,380818.0,1964.0,"Android 12, planned upgrade to Android 15",Yes,"Very Peri, Black Onyx, Ice Palace, Aqua Foam",0
Motorola Edge 40 Pro,Motorola,Motorola,Flagship,46796.4,334.26,2023.0,Yes,Qualcomm SM8550-AB Snapdragon 8 Gen 2 (4 nm),1,Qualcomm,Snapdragon,12.0,12.0,256.0,512.0,165.0,6.67,"OLED, 1B colors, 165Hz, HDR10+, Dolby Vision, 1300 nits (peak)",4600.0,125.0,50.0,60.0,3.0,Yes,1273764.0,4896.0,"Android 13, up to 3 major Android upgrades",Yes,"Interstellar Black, Lunar Blue",0
Motorola Moto G Power 5G,Motorola,Motorola,Budget,10473.581999999999,74.81129999999999,2023.0,Yes,Mediatek Dimensity 930 (6 nm),0,Mediatek,Dimensity,4.0,6.0,128.0,256.0,120.0,6.5,"IPS LCD, 120Hz",5000.0,15.0,50.0,16.0,3.0,No,587946.0,2299.0,"Android 13, upgradable to Android 14",No,Dark Blue,0
Motorola Moto G84,Motorola,Motorola,Budget,18695.6,133.54,2023.0,Yes,Qualcomm SM6375 Snapdragon 695 5G (6 nm),0,Qualcomm,Snapdragon,8.0,12.0,256.0,256.0,120.0,6.5,"P-OLED, 1B colors, 120Hz, 1300 nits (peak)",5000.0,30.0,50.0,16.0,2.0,Yes,389015.0,1824.0,"Android 13, upgradable to Android 15",Yes,"Marshmallow Blue, Midnight Blue, Viva Magenta",0
Motorola Moto G34,Motorola,Motorola,Budget,20382.600000000002,145.59,2023.0,Yes,Qualcomm SM6375 Snapdragon 695 5G (6 nm),0,Qualcomm,Snapdragon,4.0,8.0,64.0,256.0,120.0,6.5,"IPS LCD, 120Hz",5000.0,18.0,50.0,16.0,2.0,No,592015.0,2003.0,Android 13 or Android 14,Yes,"Charcoal Black, Ice Blue, Ocean Green, Vanilla Cream",0
Motorola Defy 2,Motorola,Motorola,Mid,79800.0,570.0,2023.0,Yes,Mediatek Dimensity 930 (6 nm),0,Mediatek,Dimensity,6.0,6.0,128.0,128.0,120.0,6.6,"IPS LCD, 120Hz",5000.0,15.0,50.0,8.0,3.0,No,570831.5,2299.0,Android 12,Yes,Black,0
Motorola ThinkPhone,Motorola,Motorola,Flagship,54094.6,386.39,2023.0,Yes,Qualcomm SM8475 Snapdragon 8+ Gen 1 (4 nm),1,Qualcomm,Snapdragon,8.0,12.0,128.0,512.0,144.0,6.6,"P-OLED, 1B colors, 144Hz, HDR10+",5000.0,68.0,50.0,32.0,3.0,Yes,1081805.0,4207.0,"Android 13, upgradable to Android 15",Yes,Carbon Black,1
Motorola Moto G73,Motorola,Motorola,Mid,26600.0,190.0,2023.0,Yes,Mediatek Dimensity 930 (6 nm),0,Mediatek,Dimensity,8.0,8.0,128.0,256.0,120.0,6.5,"IPS LCD, 120Hz",5000.0,30.0,50.0,16.0,2.0,No,553717.0,2299.0,"Android 13, planned upgrade to Android 14",Yes,"Lucent White, Midnight Blue",0
Motorola Razr 40 Ultra,Motorola,Motorola,Flagship,90426.0,645.9,2023.0,Yes,Qualcomm SM8475 Snapdragon 8+ Gen 1 (4 nm),1,Qualcomm,Snapdragon,4.0,12.0,256.0,512.0,165.0,6.9,"Foldable LTPO AMOLED, 1B colors, 165Hz, HDR10+, 1400 nits (peak)",3800.0,30.0,12.0,32.0,2.0,Yes,975461.0,3645.0,"Android 13, up to 3 major Android upgrades",Yes,"Infinite Black, Glacier Blue, Viva Magenta, Peach Fuzz",0
Motorola Razr 40,Motorola,Motorola,Mid,57398.6,409.99,2023.0,Yes,Qualcomm SM7450-AB Snapdragon 7 Gen 1 (4 nm),0,Qualcomm,Snapdragon,8.0,12.0,128.0,256.0,144.0,6.9,"Foldable LTPO AMOLED, 1B colors, 144Hz, HDR10+, 1400 nits (peak)",4200.0,30.0,64.0,32.0,2.0,Yes,492343.0,2873.0,"Android 13, up to 3 major Android upgrades",Yes,"Sage Green, Vanilla Cream, Summer Lilac, Grape Compote, Cherry Blossom",0
Motorola Edge+ (2023),Motorola,Motorola,Flagship,21833.57798165138,155.954128440367,2023.0,Yes,Qualcomm SM8550-AB Snapdragon 8 Gen 2 (4 nm),1,Qualcomm,Snapdragon,8.0,8.0,512.0,512.0,165.0,6.67,"OLED, 1B colors, 165Hz, HDR10+, Dolby Vision, 1300 nits (peak)",5100.0,68.0,50.0,60.0,3.0,Yes,665664.0,5558.0,"Android 13, upgradable to Android 14",Yes,Interstellar Black,0
Motorola Moto G (2023),Motorola,Motorola,Flagship,8741.586,62.4399,2023.0,Yes,Qualcomm SM4350-AC Snapdragon 480+ 5G (8 nm),1,Qualcomm,Snapdragon,4.0,4.0,64.0,128.0,120.0,6.5,"IPS LCD, 120Hz",5000.0,15.0,48.0,8.0,2.0,No,499266.0,1597.0,"Android 13, planned upgrade to Android 14",No,Ink Blue,0
Motorola Edge 40,Motorola,Motorola,Mid,33598.6,239.99,2023.0,Yes,Mediatek Dimensity 8020 (6 nm),0,Mediatek,Dimensity,8.0,8.0,128.0,256.0,144.0,6.55,"P-OLED, 144Hz, HDR10+, 1200 nits (peak)",4400.0,68.0,50.0,32.0,2.0,Yes,688347.0,3320.0,"Android 13, up to 2 major Android upgrades",Yes,"Nebula Green, Lunar Blue, Eclipse Black, Viva Magenta",0
Motorola Moto G Stylus 5G (2023),Motorola,Motorola,Budget,9742.782,69.59129999999999,2023.0,Yes,Qualcomm SM6450 Snapdragon 6 Gen 1 (4 nm),0,Qualcomm,Snapdragon,4.0,6.0,64.0,256.0,120.0,6.6,"IPS LCD, 120Hz",5000.0,20.0,50.0,16.0,2.0,No,535132.0,2719.0,"Android 13, planned upgrade to Android 14",Yes,"Cosmic Black, Rose Champagne",0
Motorola Edge (2023),Motorola,Motorola,Budget,21833.57798165138,155.954128440367,2023.0,Yes,MediaTek Dimensity 7030 (6 nm),0,Mediatek,Dimensity,8.0,8.0,256.0,256.0,144.0,6.6,"P-OLED, 1B colors, 144Hz, HDR10+, 1200 nits (peak)",4400.0,68.0,50.0,32.0,2.0,Yes,665664.0,2503.0,"Android 13, planned upgrade to Android 14",Yes,Eclipse Black,0
Motorola Moto G54,Motorola,Motorola,Budget,22632.399999999998,161.66,2023.0,Yes,Mediatek Dimensity 7020 (6 nm),0,Mediatek,Dimensity,4.0,12.0,128.0,256.0,120.0,6.5,"IPS LCD, 120Hz",5000.0,15.0,50.0,16.0,2.0,Yes,639509.0,2244.0,"Android 13, upgradable to Android 15",Yes,"Midnight blue, Indigo blue, Glacier blue, Mint green",0
Motorola Moto G54 Power,Motorola,Motorola,Mid,68600.0,490.0,2023.0,Yes,Mediatek Dimensity 7020 (6 nm),0,Mediatek,Dimensity,8.0,12.0,128.0,256.0,120.0,6.5,"IPS LCD, 120Hz",6000.0,33.0,50.0,16.0,2.0,Yes,432772.0,1918.0,Android 13,Yes,"Midnight Blue, Pearl Blue, Mint Green",0
Motorola Edge 40 Neo,Motorola,Motorola,Mid,27970.6,199.79,2023.0,Yes,MediaTek Dimensity 7030 (6 nm),0,Mediatek,Dimensity,8.0,12.0,128.0,256.0,144.0,6.55,"P-OLED, 1B colors, 144Hz, HDR10+, 1300 nits (peak)",5000.0,68.0,50.0,32.0,2.0,Yes,511077.0,2563.0,"Android 13, up to 2 major Android upgrades",Yes,"Black, Soothing Sea, Caneel Bay, Peach Fuzz",0
Motorola Edge 50 Pro,Motorola,Motorola,Mid,65602.59999999999,468.59,2024.0,Yes,Qualcomm SM7550-AB Snapdragon 7 Gen 3 (4 nm),0,Qualcomm,Snapdragon,8.0,12.0,128.0,512.0,144.0,6.7,"P-OLED, 1B colors, 144Hz, HDR10+, 2000 nits (peak)",4500.0,125.0,50.0,50.0,3.0,Yes,842798.0,3083.0,"Android 14, up to 3 major Android upgrades",Yes,"Luxe Lavender, Black Beauty, Moonlight Pearl, Vanilla Cream",0
Motorola Moto G64,Motorola,Motorola,Budget,21692.29357798165,154.94495412844037,2024.0,Yes,Mediatek Dimensity 7025 (6 nm),0,Mediatek,Dimensity,8.0,12.0,128.0,256.0,120.0,6.5,"IPS LCD, 120Hz",6000.0,30.0,50.0,16.0,2.0,Yes,557820.0,2472.0,"Android 14, planned upgrade to Android 15",Yes,"Mint Green, Pearl Blue, Ice Lilac",0
Motorola Edge 50 Ultra,Motorola,Motorola,Flagship,48666.05504587155,347.6146788990825,2024.0,Yes,Qualcomm SM8635 Snapdragon 8s Gen 3 (4 nm),1,Qualcomm,Snapdragon,12.0,16.0,512.0,512.0,144.0,6.7,"P-OLED, 1B colors, 144Hz, HDR10+, 2500 nits (peak)",4500.0,125.0,50.0,50.0,3.0,Yes,1485409.0,5051.0,"Android 14, upgradable to Android 16, up to 3 major Android upgrades",Yes,"Forest Grey, Nordic Wood, Peach Fuzz",0
Motorola Edge 50 Fusion,Motorola,Motorola,Mid,29398.600000000002,209.99,2024.0,Yes,Qualcomm SM7435-AB Snapdragon 7s Gen 2 (4 nm) - International Qualcomm SM6450 Snapdragon 6 Gen 1 (4 nm) - LATAM,0,Qualcomm,Snapdragon,8.0,12.0,128.0,512.0,120.0,6.7,"P-OLED, 1B colors, 120Hz (LATAM), 144Hz (INT), 1600 nits (peak)",5000.0,68.0,50.0,32.0,2.0,Yes,520319.0,2885.0,"Android 14, upgradable to Android 15, up to 3 major Android upgrades",Yes,"Forest Blue, Marshmallow Blue, Hot Pink",0
Motorola Edge 50,Motorola,Motorola,Mid,29528.440366972478,210.91743119266056,2024.0,Yes,Qualcomm SM7450-AB Snapdragon 7 Gen 1 AE (4 nm),0,Qualcomm,Snapdragon,8.0,12.0,256.0,512.0,120.0,6.7,"P-OLED, 1B colors, 120Hz, HDR10+, 1600 nits (peak)",5000.0,68.0,50.0,32.0,3.0,Yes,722062.0,2940.0,"Android 14, up to 5 major Android upgrades",Yes,"Koala Gray, Jungle Green, Peach Fuzz",0
Motorola Moto G45,Motorola,Motorola,Budget,14124.5871559633,100.88990825688072,2024.0,Yes,Qualcomm SM6375 Snapdragon 6s Gen 3 (6 nm),0,Qualcomm,Snapdragon,4.0,8.0,128.0,128.0,120.0,6.5,"IPS LCD, 120Hz",5000.0,18.0,50.0,16.0,2.0,No,562861.0,2183.0,Android 14,Yes,"Brilliant Blue, Brilliant Green, Viva Magenta",0
Motorola Edge 50 Neo,Motorola,Motorola,Mid,35390.6,252.79,2024.0,Yes,Mediatek Dimensity 7300 (4 nm),0,Mediatek,Dimensity,8.0,12.0,256.0,512.0,120.0,6.4,"LTPO P-OLED, 1B colors, 120Hz, HDR10+, 3000 nits (peak)",4310.0,68.0,50.0,32.0,3.0,Yes,696931.0,2959.0,"Android 14, up to 5 major Android upgrades",Yes,"Nautical Blue, Latte, Grisaille, Poinciana, Mocha Mousse",0
Motorola Moto G55,Motorola,Motorola,Mid,25030.6,178.79,2024.0,Yes,Mediatek Dimensity 7025 (6 nm),0,Mediatek,Dimensity,4.0,8.0,128.0,256.0,120.0,6.49,"IPS LCD, 120Hz",5000.0,30.0,50.0,16.0,2.0,Yes,630805.0,2472.0,"Android 14, upgradable to Android 15",Yes,"Forest Grey, Smoky Green, Twilight Purple",0
Motorola Moto G35,Motorola,Motorola,Budget,18198.600000000002,129.99,2024.0,Yes,Unisoc T760 (6 nm),0,Unisoc,T-Series,4.0,8.0,128.0,256.0,120.0,6.72,"IPS LCD, 120Hz, HDR10, 1000 nits (peak)",5000.0,18.0,50.0,16.0,2.0,No,628581.0,2390.0,Android 14,Yes,"Leaf Green, Guava Red, Midnight Black, Sage Green",0
Motorola Edge (2024),Motorola,Motorola,Budget,21833.57798165138,155.954128440367,2024.0,Yes,Qualcomm SM7435-AB Snapdragon 7s Gen 2 (4 nm),0,Qualcomm,Snapdragon,8.0,8.0,256.0,256.0,144.0,6.6,"P-OLED, 1B colors, 144Hz, 1300 nits (peak)",5000.0,68.0,50.0,32.0,2.0,Yes,763420.0,2687.0,Android 14,Yes,Black,0
Motorola Razr+ 2024,Motorola,Motorola,Flagship,29717.982,212.2713,2024.0,Yes,Qualcomm SM8635 Snapdragon 8s Gen 3 (4 nm),1,Qualcomm,Snapdragon,12.0,12.0,256.0,256.0,165.0,6.9,"Foldable LTPO AMOLED, 1B colors, Dolby Vision, 165Hz, HDR10+, 3000 nits (peak)",4000.0,45.0,50.0,32.0,2.0,Yes,773565.0,5143.0,Android 14,Yes,"Midnight Blue, Hot Pink, Spring Green, Peach Fuzz, Paris Hilton Edition",0
Motorola Razr 50 Ultra,Motorola,Motorola,Flagship,55986.0,399.9,2024.0,Yes,Qualcomm SM8635 Snapdragon 8s Gen 3 (4 nm),1,Qualcomm,Snapdragon,8.0,12.0,256.0,512.0,165.0,6.9,"Foldable LTPO AMOLED, 1B colors, Dolby Vision, 165Hz, HDR10+, 3000 nits (peak)",4000.0,45.0,50.0,32.0,2.0,Yes,1140567.0,4441.0,"Android 14, up to 3 major Android upgrades",Yes,"Spring Green (Dill), Midnight Blue (Navy Blazer), Peach Fuzz, Mocha Mousse",0
Motorola Razr 2024,Motorola,Motorola,Mid,29457.33,210.4095,2024.0,Yes,Mediatek Dimensity 7300X (4 nm),0,Mediatek,Dimensity,8.0,8.0,256.0,256.0,120.0,6.9,"Foldable LTPO AMOLED, 1B colors, 120Hz, HDR10+, 3000 nits (peak)",4200.0,30.0,50.0,32.0,2.0,Yes,773565.0,2936.0,Android 14,Yes,"Koala Grey, Beach Sand, Spritz Orange",0
Motorola Razr 50,Motorola,Motorola,Mid,68586.0,489.9,2024.0,Yes,Mediatek Dimensity 7300X (4 nm),0,Mediatek,Dimensity,8.0,12.0,256.0,512.0,120.0,6.9,"Foldable LTPO AMOLED, 1B colors, 120Hz, HDR10+, 3000 nits (peak)",4200.0,30.0,50.0,32.0,2.0,Yes,657381.0,3016.0,Android 14,Yes,"Koala Grey (Steel Wool), Beach Sand (Pumice Stone), Spritz Orange (Arabesque)",0
Motorola Moto G85,Motorola,Motorola,Mid,27860.0,199.0,2024.0,Yes,Qualcomm SM6375 Snapdragon 6s Gen 3 (6 nm),0,Qualcomm,Snapdragon,8.0,12.0,128.0,512.0,120.0,6.67,"P-OLED, 1B colors, 120Hz, 1600 nits (peak)",5000.0,30.0,50.0,32.0,2.0,Yes,622608.0,2183.0,Android 14,Yes,"Olive Green, Cobalt Blue, Urban Grey, Magenta",0
Motorola S50 Neo,Motorola,Motorola,Budget,21784.98899082569,155.60706422018347,2024.0,Yes,Qualcomm SM6375 Snapdragon 6s Gen 3 (6 nm),0,Qualcomm,Snapdragon,8.0,12.0,256.0,512.0,120.0,6.7,"P-OLED, 1B colors, 120Hz, HDR10+, 1600 nits (peak)",5000.0,30.0,50.0,32.0,2.0,Yes,619068.0,2183.0,Android 14,Yes,"Olivine, Surf, Gray",0
Motorola Moto G Power (2024),Motorola,Motorola,Budget,12637.967999999999,90.2712,2024.0,Yes,Mediatek Dimensity 7020 (6 nm),0,Mediatek,Dimensity,8.0,8.0,128.0,128.0,120.0,6.7,"IPS LCD, 120Hz",5000.0,30.0,50.0,16.0,2.0,Yes,636779.0,2244.0,Android 14,Yes,"Midnight Blue, Pale Lilac",0
Motorola Moto G (2024),Motorola,Motorola,Flagship,10838.982,77.4213,2024.0,Yes,Qualcomm SM4375 Snapdragon 4 Gen 1 (6 nm),1,Qualcomm,Snapdragon,4.0,4.0,128.0,128.0,120.0,6.6,"IPS LCD, 120Hz",5000.0,18.0,50.0,8.0,2.0,No,521686.0,2048.0,Android 14,Yes,Sage Green,0
Motorola Moto G Stylus 5G (2024),Motorola,Motorola,Budget,15223.782,108.7413,2024.0,Yes,Qualcomm SM6450 Snapdragon 6 Gen 1 (4 nm),0,Qualcomm,Snapdragon,4.0,8.0,128.0,256.0,120.0,6.7,"P-OLED, 1B colors, 120Hz, 1200 nits (peak)",5000.0,30.0,50.0,32.0,2.0,Yes,549817.0,2664.0,"Android 14, up to 1 major Android upgrades",Yes,"Caramel Latte, Scarlet Wave",0
Motorola Moto X50 Ultra,Motorola,Motorola,Flagship,71400.0,510.0,2024.0,Yes,Qualcomm SM8635 Snapdragon 8s Gen 3 (4 nm),1,Qualcomm,Snapdragon,12.0,16.0,256.0,512.0,144.0,6.7,"P-OLED, 1B colors, 144Hz, HDR10+, 2500 nits (peak)",4500.0,125.0,50.0,50.0,3.0,Yes,1807845.5,5143.0,Android 14,Yes,"Forest Grey, Nordic Wood, Peach Fuzz",1
Motorola ThinkPhone 25,Motorola,Motorola,Mid,41970.600000000006,299.79,2024.0,Yes,Mediatek Dimensity 7300 (4 nm),0,Mediatek,Dimensity,8.0,12.0,256.0,512.0,120.0,6.36,"P-OLED, 1B colors, 120Hz, HDR10+, 3000 nits (peak)",4310.0,68.0,50.0,32.0,3.0,Yes,755213.0,2936.0,"Android 14, up to 5 major Android upgrades",Yes,Carbon Black,0
Motorola Moto G75,Motorola,Motorola,Budget,23020.2,164.43,2024.0,Yes,Qualcomm SM6475-AB Snapdragon 6 Gen 3 (4 nm),0,Qualcomm,Snapdragon,8.0,8.0,128.0,256.0,120.0,6.78,"IPS LCD, 120Hz, 1000 nits (HBM)",5000.0,30.0,50.0,16.0,2.0,Yes,786585.0,2933.0,"Android 14, up to 5 major Android upgrades",Yes,"Charcoal Gray, Aqua Blue, Succulent Green",0
Motorola Moto S50,Motorola,Motorola,Mid,39200.0,280.0,2024.0,Yes,Mediatek Dimensity 7300 (4 nm),0,Mediatek,Dimensity,12.0,12.0,256.0,512.0,120.0,6.36,"LTPO P-OLED, 1B colors, 120Hz, HDR10+, 3000 nits (peak)",4310.0,68.0,50.0,32.0,3.0,Yes,877437.0,2936.0,Android 14,Yes,"Nautical Blue, Latte, Poinciana",0
Motorola Edge 60s,Motorola,Motorola,Mid,35321.10091743119,252.29357798165137,2025.0,Yes,Mediatek Dimensity 7400 (4 nm),0,Mediatek,Dimensity,12.0,12.0,256.0,512.0,120.0,6.67,"P-OLED, 1B colors, 120Hz, HDR10+, 1500 nits (HBM), 4500 nits (peak)",5500.0,68.0,50.0,32.0,2.0,Yes,903795.0,3185.0,Android 15,Yes,"Pantone: Slipstream, Amazonite, Zephyr, Mykonos Blue",0
Motorola Edge 60 Fusion,Motorola,Motorola,Mid,27771.8,198.37,2025.0,Yes,"Mediatek Dimensity 7300 (4 nm) - Global Mediatek Dimensity 7400 (4 nm) - India, Indonesia",0,Mediatek,Dimensity,8.0,12.0,128.0,512.0,120.0,6.67,"P-OLED, 1B colors, 120Hz, HDR10+, 1500 nits (HBM), 4500 nits (peak)",5200.0,68.0,50.0,32.0,2.0,Yes,656811.0,3047.0,"Android 15, up to 3 major Android upgrades",Yes,"Pantone: Slipstream, Amazonite, Zephyr, Mykonos Blue",0
Motorola Moto G Stylus 5G (2025),Motorola,Motorola,Budget,19617.108,140.1222,2025.0,Yes,Qualcomm SM6475-AB Snapdragon 6 Gen 3 (4 nm),0,Qualcomm,Snapdragon,8.0,8.0,128.0,256.0,120.0,6.7,"AMOLED, 1B colors, 120Hz, HDR, 3000 nits (peak)",5000.0,68.0,50.0,32.0,2.0,Yes,647258.0,2842.0,"Android 15, up to 2 major Android upgrades",Yes,"Pantone: Gibraltar sea, Surf the Web",0
Motorola Edge 60 Stylus,Motorola,Motorola,Mid,25675.229357798165,183.39449541284404,2025.0,Yes,Qualcomm SM7435-AB Snapdragon 7s Gen 2 (4 nm),0,Qualcomm,Snapdragon,8.0,8.0,256.0,256.0,120.0,6.7,"P-OLED, 1B colors, 120Hz, HDR, 1400 nits (HBM), 3000 nits (peak)",5000.0,68.0,50.0,32.0,2.0,Yes,848851.0,2687.0,"Android 15, up to 2 major Android upgrades",Yes,"Pantone: Gibraltar sea, Surf the Web",0
Motorola Edge 60 Pro,Motorola,Motorola,Flagship,47037.200000000004,335.98,2025.0,Yes,Mediatek Dimensity 8350 Extreme (4 nm),1,Mediatek,Dimensity,8.0,16.0,256.0,512.0,120.0,6.7,"P-OLED, 1B colors, 120Hz, 720Hz PWM, HDR10+, 4500 nits peak",6000.0,90.0,50.0,50.0,3.0,Yes,1356227.0,4476.0,"Android 15, up to 3 major Android upgrades",Yes,"Pantone: Shadow, Dazzling Blue , Sparkling Grape",0
Motorola Edge 60,Motorola,Motorola,Mid,44660.0,319.0,2025.0,Yes,Mediatek Dimensity 7300 (4 nm) - Global Mediatek Dimensity 7400 (4 nm) - India,0,Mediatek,Dimensity,8.0,12.0,256.0,512.0,120.0,6.67,"P-OLED, 1B colors, 120Hz, 720Hz PWM, HDR10+, 4500 nits peak",5200.0,68.0,50.0,50.0,3.0,Yes,661808.0,2999.0,"Android 15, up to 3 major Android upgrades",Yes,"Pantone: Gibraltar sea, Shamrock, Plum perfect",0
Motorola Razr 60 Ultra,Motorola,Motorola,Flagship,89854.8,641.82,2025.0,Yes,Qualcomm SM8750-AB Snapdragon 8 Elite (3 nm),1,Qualcomm,Snapdragon,12.0,16.0,256.0,512.0,165.0,7.0,"Foldable LTPO AMOLED, 1B colors, 165Hz, Dolby Vision, HDR10+, 4500 nits (peak)",4700.0,68.0,50.0,50.0,2.0,Yes,1831189.0,6796.0,Android 15,Yes,"Pantone: Rio Red, Scarab, Mountain Trail, Cabaret",1
Motorola Razr Ultra 2025,Motorola,Motorola,Flagship,21833.57798165138,155.954128440367,2025.0,Yes,Qualcomm SM8750-AB Snapdragon 8 Elite (3 nm),1,Qualcomm,Snapdragon,16.0,16.0,512.0,512.0,165.0,7.0,"Foldable LTPO AMOLED, 1B colors, 165Hz, Dolby Vision, HDR10+, 4500 nits (peak)",4700.0,68.0,50.0,50.0,2.0,Yes,3379591.0,8887.0,Android 15,Yes,"Pantone: Rio Red, Scarab, Mountain Trail, Cabaret",0
Motorola Razr 60,Motorola,Motorola,Mid,71820.0,513.0,2025.0,Yes,Mediatek Dimensity 7400X (4 nm),0,Mediatek,Dimensity,8.0,12.0,256.0,512.0,120.0,6.9,"Foldable LTPO AMOLED, 1B colors, 120Hz, HDR10+, 3000 nits (peak)",4500.0,30.0,50.0,32.0,2.0,Yes,886677.0,3185.0,Android 15,Yes,"Pantone: Gibraltar Sea, Spring Bud, Lightest Sky, Parfait Pink, Swarovski edition",0
Motorola Razr 2025,Motorola,Motorola,Mid,36349.992000000006,259.6428,2025.0,Yes,Mediatek Dimensity 7400X (4 nm),0,Mediatek,Dimensity,8.0,8.0,256.0,256.0,120.0,6.9,"Foldable LTPO AMOLED, 1B colors, 120Hz, HDR10+, 3000 nits (peak)",4500.0,30.0,50.0,32.0,2.0,Yes,676899.0,2974.0,Android 15,Yes,"Pantone: Gibraltar Sea, Spring Bud, Lightest Sky, Parfait Pink",0
Motorola Razr+ 2025,Motorola,Motorola,Flagship,45917.382000000005,327.98130000000003,2025.0,Yes,Qualcomm SM8635 Snapdragon 8s Gen 3 (4 nm),1,Qualcomm,Snapdragon,12.0,12.0,256.0,256.0,165.0,6.9,"Foldable LTPO AMOLED, 1B colors, Dolby Vision, 165Hz, HDR10+, 3000 nits (peak)",4000.0,45.0,50.0,32.0,2.0,Yes,877010.0,5143.0,Android 15,Yes,"Pantone: Mocha Mousse, Midnight Blue, Hot Pink",0
Motorola Moto G Power (2026),Motorola,Motorola,Mid,36538.78200000001,260.9913,2025.0,Yes,Mediatek Dimensity 6300 (6 nm),0,Mediatek,Dimensity,8.0,8.0,128.0,128.0,120.0,6.8,"IPS LCD, 120Hz, 1000 nits (HBM)",5200.0,30.0,50.0,32.0,2.0,Yes,424581.0,2114.0,Android 16,Yes,"Pantone: Evening Blue, Pure Cashmere",1
Motorola Moto G Power (2025),Motorola,Motorola,Budget,14614.782,104.3913,2025.0,Yes,Mediatek Dimensity 6300 (6 nm),0,Mediatek,Dimensity,8.0,8.0,128.0,128.0,120.0,6.8,"IPS LCD, 120Hz",5000.0,30.0,50.0,16.0,2.0,Yes,440530.0,2090.0,"Android 15, up to 2 major Android upgrades",Yes,"Slate Gray, Leaf Green",0
Motorola Moto G (2025),Motorola,Motorola,Budget,7293.384000000001,52.095600000000005,2025.0,Yes,Mediatek Dimensity 6300 (6 nm),0,Mediatek,Dimensity,4.0,4.0,64.0,128.0,120.0,6.7,"IPS LCD, 120Hz",5000.0,30.0,50.0,16.0,2.0,Yes,526717.0,1980.0,"Android 15, up to 2 major Android upgrades",Yes,"Forest Gray, Sapphire Blue",0
Motorola G96,Motorola,Motorola,Budget,24141.651376146787,172.44036697247705,2025.0,Yes,Qualcomm SM7435-AB Snapdragon 7s Gen 2 (4 nm),0,Qualcomm,Snapdragon,8.0,8.0,128.0,256.0,144.0,6.67,"P-OLED, 1B colors, 144Hz, 1600 nits (peak)",5500.0,30.0,50.0,32.0,2.0,Yes,800974.5,2687.0,"Android 15, up to 1 major Android upgrade",No,"Pantone (Greener Pastures, Cattleya Orchid, Dresden Blue, Ashleigh Blue)",0
Motorola Edge (2025),Motorola,Motorola,Flagship,21833.57798165138,155.954128440367,2025.0,Yes,Mediatek Dimensity 7400 Ultra (4 nm),1,Mediatek,Dimensity,8.0,8.0,256.0,256.0,120.0,6.7,"P-OLED, 1B colors, 120Hz, HDR10+, 4500 nits peak",5200.0,68.0,50.0,50.0,3.0,Yes,981681.0,2913.0,Android 15,Yes,Deep Forest,0
Motorola Moto G86 Power,Motorola,Motorola,Mid,36678.6,261.99,2025.0,Yes,Mediatek Dimensity 7300 (4 nm) - Global Mediatek Dimensity 7400 (4 nm) - India,0,Mediatek,Dimensity,8.0,12.0,128.0,512.0,120.0,6.67,"P-OLED, 1B colors, 120Hz, HDR10+, 4500 nits peak",6720.0,30.0,50.0,32.0,2.0,Yes,862417.0,2999.0,"Android 15, up to 2 major Android upgrades",Yes,"Pantone: Spellbound, Golden Cypress, Cosmic Sky, Chrysanthemum",0
Motorola Moto G86,Motorola,Motorola,Mid,27998.600000000002,199.99,2025.0,Yes,Mediatek Dimensity 7300 (4 nm),0,Mediatek,Dimensity,8.0,12.0,256.0,512.0,120.0,6.67,"P-OLED, 1B colors, 120Hz, HDR10+, 4500 nits peak",5200.0,30.0,50.0,32.0,2.0,Yes,885764.0,2936.0,"Android 15, upgradable to Android 16",Yes,"Pantone: Spellbound, Golden Cypress, Cosmic Sky, Chrysanthemum",0
Motorola Moto G56,Motorola,Motorola,Budget,23660.0,169.0,2025.0,Yes,Mediatek Dimensity 7060 (6 nm),0,Mediatek,Dimensity,4.0,12.0,128.0,512.0,120.0,6.72,"IPS LCD, 120Hz",5200.0,30.0,50.0,32.0,2.0,No,693978.0,2386.0,Android 15,Yes,"Pantone: Black Oyster, Gray Mist, Dazzling Blue, Dill",0
Motorola Moto G100S,Motorola,Motorola,Budget,16800.0,120.0,2025.0,Yes,Qualcomm SM6435-AA Snapdragon 6s Gen 4 (4 nm),0,Qualcomm,Snapdragon,8.0,8.0,128.0,256.0,120.0,6.72,"IPS LCD, 120Hz, 1050 nits (peak)",7000.0,30.0,50.0,8.0,2.0,No,809091.0,2892.0,Android 15,Yes,"Black, Blue",0
Motorola Moto G57 Power,Motorola,Motorola,Mid,61600.0,440.0,2025.0,Yes,Qualcomm SM6435-AA Snapdragon 6s Gen 4 (4 nm),0,Qualcomm,Snapdragon,8.0,12.0,128.0,256.0,120.0,6.72,"IPS LCD, 120Hz, 1050 nits (peak)",7000.0,33.0,50.0,8.0,2.0,No,809091.0,2892.0,"Android 16, planned upgrade to Android 17",Yes,"Pantone: Fluidity, Pink Lemonade, Corsair, Meteorite, Regatta",0
Motorola Moto G57,Motorola,Motorola,Mid,28000.0,200.0,2025.0,Yes,Qualcomm SM6435-AA Snapdragon 6s Gen 4 (4 nm),0,Qualcomm,Snapdragon,8.0,8.0,128.0,256.0,120.0,6.72,"IPS LCD, 120Hz, 1050 nits (peak)",5200.0,30.0,50.0,8.0,2.0,No,257242.0,2892.0,Android 16,Yes,"Pantone: Fluidity, Pink Lemonade, Corsair, Regatta",0
Motorola Moto G (2026),Motorola,Motorola,Budget,9628.289999999999,68.7735,2025.0,Yes,Mediatek Dimensity 6300 (6 nm),0,Mediatek,Dimensity,4.0,4.0,128.0,128.0,120.0,6.7,"IPS LCD, 120Hz, 1000 nits (peak)",5200.0,30.0,50.0,32.0,2.0,No,417027.0,2100.0,Android 16,Yes,"Pantone: Slipstream, Cattleya Orchid",0
Motorola Moto G Play (2026),Motorola,Motorola,Budget,7306.782,52.1913,2025.0,Yes,Mediatek Dimensity 6300 (6 nm),0,Mediatek,Dimensity,4.0,4.0,64.0,64.0,120.0,6.7,"IPS LCD, 120Hz, 1000 nits (peak)",5200.0,18.0,32.0,8.0,1.0,No,402175.0,2074.0,Android 16,Yes,Pantone Tapestry,0
Motorola Moto G67 Power,Motorola,Motorola,Budget,22400.0,160.0,2025.0,Yes,Qualcomm SM7435-AB Snapdragon 7s Gen 2 (4 nm),0,Qualcomm,Snapdragon,8.0,8.0,128.0,256.0,120.0,6.7,"IPS LCD, 120Hz, HDR10+, 1050 nits (peak)",7000.0,30.0,50.0,32.0,2.0,No,769465.0,2687.0,"Android 15, planned upgrade to Android 16",Yes,"Pantone: Cilantro, Parachute Purple, Blue Curacao",0
Motorola Moto G100,Motorola,Motorola,Budget,23800.0,170.0,2025.0,Yes,Qualcomm SM7435-AB Snapdragon 7s Gen 2 (4 nm),0,Qualcomm,Snapdragon,8.0,12.0,256.0,512.0,120.0,6.72,"IPS LCD, 120Hz, 1050 nits (peak)",7000.0,30.0,50.0,32.0,2.0,No,317518.0,2687.0,Android 15,Yes,"Black, Blue, Green",0
Motorola Edge 70,Motorola,Motorola,Mid,57260.0,409.0,2025.0,Yes,Qualcomm SM7750-AB Snapdragon 7 Gen 4 (4 nm),0,Qualcomm,Snapdragon,8.0,12.0,256.0,512.0,120.0,6.7,"P-OLED, 1B colors, 120Hz, PWM, HDR10+, 4500 nits (peak)",4800.0,68.0,50.0,50.0,2.0,Yes,1125461.0,4185.0,"Android 16, up to 3 or 4 major Android upgrades (market/region dependent)",Yes,"Pantone: Gadget Gray, Lily Pad, Bronze Green, Cloud Dancer",0
Motorola Edge 60 Neo,Motorola,Motorola,Mid,38850.0,277.5,2025.0,Yes,Mediatek Dimensity 7400 (4 nm),0,Mediatek,Dimensity,8.0,12.0,128.0,512.0,120.0,6.36,"LTPO P-OLED, 1B colors, 120Hz, HDR10+, 3000 nits (peak)",5000.0,68.0,50.0,32.0,3.0,Yes,964392.0,3185.0,"Android 15, up to 5 major Android upgrades",Yes,"Pantone: Latte, Frostbite, Poinciana, Grisaille",0
Motorola Moto Pad 60 Neo,Motorola,Motorola,Budget,23800.0,170.0,2025.0,Yes,Mediatek Dimensity 6300 (6 nm),0,Mediatek,Dimensity,8.0,8.0,128.0,128.0,90.0,11.0,"IPS LCD, 90Hz, 500 nits",7040.0,20.0,8.0,5.0,1.0,No,551891.0,1980.0,Android 15,No,Pantone: Bronze Green,0
Motorola Moto Pad (2026),Motorola,Motorola,Mid,35000.0,250.0,2026.0,Yes,Mediatek Dimensity 6300 (6 nm),0,Mediatek,Dimensity,8.0,8.0,128.0,128.0,90.0,11.0,"IPS LCD, 90Hz, 500 nits",7040.0,20.0,8.0,5.0,1.0,No,551891.0,1980.0,Android 15,No,Pantone Bronze Green,0
Motorola Moto G Stylus (2026),Motorola,Motorola,Mid,70000.0,500.0,2026.0,Yes,Qualcomm SM6475-AB Snapdragon 6 Gen 3 (4 nm),0,Qualcomm,Snapdragon,8.0,8.0,128.0,256.0,120.0,6.7,"AMOLED, 1B colors, 120Hz, HDR, 5000 nits (peak)",5200.0,68.0,50.0,32.0,2.0,Yes,659683.0,2894.0,"Android 16, up to 2 major Android upgrades",Yes,"Pantone: Coal Smoke, Lavender Mist",0
Motorola Edge 70 Pro,Motorola,Motorola,Flagship,49318.53211009174,352.27522935779814,2026.0,Yes,Mediatek Dimensity 8500 Extreme (4 nm),1,Mediatek,Dimensity,8.0,12.0,256.0,512.0,144.0,6.78,"AMOLED, 1B colors, 144Hz, PWM, HDR, 1800 (HBM), 5200 nits (peak)",6500.0,90.0,50.0,50.0,3.0,Yes,2194258.0,2894.0,"Android 16, up to 3 major Android upgrades",Yes,"Pantone: Lily White, Titan, Tea, Zinfandel, Chicory Coffee",0
Motorola Moto G87,Motorola,Motorola,Mid,55860.0,399.0,2026.0,Yes,Mediatek Dimensity 6400 (6 nm),0,Mediatek,Dimensity,8.0,12.0,256.0,512.0,120.0,6.78,"AMOLED, 1B colors, 120Hz, HDR, 5000 nits (peak)",5200.0,30.0,200.0,32.0,2.0,Yes,550018.0,2047.0,Android 16,Yes,"Pantone: Overture, Blue Atoll",0
Motorola Moto G47,Motorola,Motorola,Mid,44660.0,319.0,2026.0,Yes,Mediatek Dimensity 6300 (6 nm),0,Mediatek,Dimensity,8.0,8.0,128.0,256.0,120.0,6.67,"IPS LCD, 120Hz",5200.0,20.0,108.0,8.0,2.0,No,596952.0,1980.0,Android 16,Yes,"PANTONE Impenetrable, Nautical Blue, Fuchsia Red",0
Motorola Razr 70 Ultra,Motorola,Motorola,Flagship,195860.0,1399.0,2026.0,Yes,Qualcomm Snapdragon 8 Elite (3 nm),1,Qualcomm,Snapdragon,16.0,16.0,512.0,512.0,165.0,7.0,"Foldable LTPO AMOLED, 1B colors, 165Hz, Dolby Vision, HDR10+, 5000 nits (peak)",5000.0,68.0,50.0,50.0,2.0,Yes,3113462.0,2894.0,Android 16,Yes,"Pantone: Orient Blue, Cocoa",0
Motorola Razr 70,Motorola,Motorola,Flagship,117598.6,839.99,2026.0,Yes,Mediatek Dimensity 7450X (4 nm),0,Mediatek,Dimensity,8.0,8.0,128.0,256.0,120.0,6.9,"Foldable LTPO AMOLED, 1B colors, 120Hz, Dolby Vision, HDR10+, 3000 nits (peak)",4800.0,30.0,50.0,32.0,2.0,Yes,886677.0,2894.0,Android 16,Yes,"Pantone: Hematite, Sporting Green, Bright White",0
Motorola Moto G37 Power,Motorola,Motorola,Mid,25686.788990825688,183.47706422018348,2026.0,Yes,Mediatek Dimensity 6300 (6 nm) - global Mediatek Dimensity 6400 (6 nm) - India,0,Mediatek,Dimensity,4.0,8.0,128.0,256.0,120.0,6.67,"IPS LCD, 120Hz, 1050 nits (peak)",7000.0,30.0,50.0,8.0,1.0,No,505018.0,2894.0,Android 16,Yes,"Pantone: Impenetrable, Capri, Nautical Blue, Fuchsia Red",0
Motorola Moto G37,Motorola,Motorola,Mid,29720.6,212.29,2026.0,Yes,Mediatek Dimensity 6300 (6 nm) - global Mediatek Dimensity 6400 (6 nm) - India,0,Mediatek,Dimensity,4.0,4.0,64.0,256.0,120.0,6.67,"IPS LCD, 120Hz, HDR10, 1050 nits (peak)",5200.0,20.0,50.0,8.0,1.0,No,596993.0,2894.0,Android 16,Yes,"Pantone: Nautical Blue, Impenetrable, Fuchsia Red, Pantone Capri",0
Motorola Razr Ultra 2026,Motorola,Motorola,Flagship,180600.0,1290.0,2026.0,Yes,Qualcomm SM8750-AB Snapdragon 8 Elite (3 nm),1,Qualcomm,Snapdragon,16.0,16.0,512.0,512.0,165.0,7.0,"Foldable LTPO AMOLED, 1B colors, 165Hz, Dolby Vision, HDR10+, 5000 nits (peak)",5000.0,68.0,50.0,50.0,2.0,Yes,3379591.0,8887.0,Android 16,Yes,"Pantone: Orient Blue, Cocoa",0
Motorola Razr+ 2026,Motorola,Motorola,Flagship,131600.0,940.0,2026.0,Yes,Qualcomm SM8635 Snapdragon 8s Gen 3 (4 nm),1,Qualcomm,Snapdragon,12.0,12.0,256.0,256.0,165.0,6.9,"Foldable LTPO AMOLED, 1B colors, Dolby Vision, 165Hz, HDR10+, 3000 nits (peak)",4500.0,45.0,50.0,32.0,2.0,Yes,955007.0,5143.0,Android 16,Yes,Pantone: Mountain View,0
Motorola Razr 70+,Motorola,Motorola,Flagship,160860.0,1149.0,2026.0,Yes,Qualcomm SM8635 Snapdragon 8s Gen 3 (4 nm),1,Qualcomm,Snapdragon,12.0,12.0,256.0,512.0,165.0,6.9,"Foldable LTPO AMOLED, 1B colors, Dolby Vision, 165Hz, HDR10+, 3000 nits (peak)",4500.0,45.0,50.0,32.0,2.0,Yes,886677.0,5143.0,Android 16,Yes,Pantone: Mountain View,0
Motorola Razr 2026,Motorola,Motorola,Flagship,96600.0,690.0,2026.0,Yes,Mediatek Dimensity 7450X (4 nm),0,Mediatek,Dimensity,8.0,8.0,128.0,256.0,120.0,6.9,"Foldable LTPO AMOLED, 1B colors, 120Hz, Dolby Vision, HDR10+, 3000 nits (peak)",4800.0,30.0,50.0,32.0,2.0,Yes,955007.0,2894.0,Android 16,Yes,"Pantone: Hematite, Sporting Green, Violet Ice, Bright White",0
Motorola Razr Fold,Motorola,Motorola,Flagship,274260.0,1959.0,2026.0,Yes,Qualcomm SM8845 Snapdragon 8 Gen 5 (3 nm),1,Qualcomm,Snapdragon,12.0,16.0,256.0,512.0,120.0,8.1,"Foldable LTPO P-OLED, 1B colors, 120Hz, Dolby Vision, HDR10+, 6200 nits (peak)",6000.0,80.0,50.0,20.0,3.0,Yes,3064988.0,9602.0,"Android 16, up to 7 major Android upgrades",Yes,"Pantone: Blackened Blue, Lily White",0
Motorola Signature,Motorola,Motorola,Flagship,114520.0,818.0,2026.0,Yes,Qualcomm SM8845 Snapdragon 8 Gen 5 (3 nm),1,Qualcomm,Snapdragon,12.0,16.0,256.0,512.0,165.0,6.8,"LTPO AMOLED, 1B colors, 165Hz, Dolby Vision, HDR10+, 6200 nits (peak)",5200.0,90.0,50.0,50.0,3.0,Yes,2381753.0,8755.0,"Android 16, up to 7 major Android upgrades",Yes,"Pantone: Carbon, Martini Olive",0
Motorola Moto G77,Motorola,Motorola,Mid,34860.0,249.0,2026.0,Yes,Mediatek Dimensity 6400 (6 nm),0,Mediatek,Dimensity,8.0,8.0,128.0,256.0,120.0,6.78,"AMOLED, 1B colors, 120Hz, HDR, 5000 nits (peak)",5200.0,30.0,108.0,32.0,2.0,Yes,590471.0,2047.0,Android 16,Yes,"Pantone: Black Olive, Shaded Spruce",0
Motorola Moto G67,Motorola,Motorola,Mid,25060.0,179.0,2026.0,Yes,Mediatek Dimensity 6300 (6 nm),0,Mediatek,Dimensity,4.0,8.0,128.0,256.0,120.0,6.78,"AMOLED, 1B colors, 120Hz, HDR, 5000 nits (peak)",5200.0,30.0,50.0,32.0,2.0,No,257242.0,1980.0,Android 16,Yes,"Pantone: Nile, Arctic Seal",0
Motorola Edge 70 Fusion+,Motorola,Motorola,Mid,67200.0,480.0,2026.0,Yes,Qualcomm SM7635-AC Snapdragon 7s Gen 4 (4 nm),0,Qualcomm,Snapdragon,12.0,12.0,256.0,512.0,144.0,6.8,"AMOLED, 1B colors, 144Hz, HDR10+, 5200 nits (peak)",5200.0,68.0,50.0,50.0,3.0,Yes,1149292.0,3281.0,Android 16,Yes,"Pantone: Orient Blue, Sporting Green, Silhouette, Blue Surf",0
Motorola Edge 70 Fusion,Motorola,Motorola,Mid,44041.2,314.58,2026.0,Yes,Qualcomm SM7635 Snapdragon 7s Gen 3 (4 nm) - International Qualcomm SM7635-AC Snapdragon 7s Gen 4 (4 nm) - India,0,Qualcomm,Snapdragon,8.0,12.0,128.0,256.0,144.0,6.78,"AMOLED, 1B colors, 144Hz, HDR10+, 5200 nits (peak)",5200.0,68.0,50.0,32.0,2.0,Yes,1149292.0,2894.0,"Android 16, up to 3 major Android upgrades",Yes,"Pantone: Orient Blue, Sporting Green, Blue Surf, Country Air, Silhouette",0
Nokia X20,Nokia,Nokia,Flagship,18200.0,130.0,2021.0,Yes,Qualcomm SM4350 Snapdragon 480 5G (8 nm),1,Qualcomm,Snapdragon,6.0,8.0,128.0,128.0,60.0,6.67,"IPS LCD, 450 nits (typ)",4470.0,18.0,64.0,32.0,4.0,No,495104.0,1597.0,"Android 11, upgradable to Android 14",Yes,"Midnight Sun, Nordic Blue",0
Nokia X10,Nokia,Nokia,Flagship,21000.0,150.0,2021.0,Yes,Qualcomm SM4350 Snapdragon 480 5G (8 nm),1,Qualcomm,Snapdragon,4.0,6.0,64.0,128.0,60.0,6.67,"IPS LCD, 450 nits (typ)",4470.0,18.0,48.0,8.0,4.0,No,446878.0,1597.0,"Android 11, upgradable to Android 14",Yes,"Forest, Snow",0
Nokia XR20,Nokia,Nokia,Flagship,37800.0,270.0,2021.0,Yes,Qualcomm SM4350 Snapdragon 480 5G (8 nm),1,Qualcomm,Snapdragon,4.0,6.0,64.0,128.0,60.0,6.67,"IPS LCD, 550 nits",4630.0,18.0,48.0,8.0,2.0,No,495104.0,1597.0,"Android 11, upgradable to Android 13",Yes,"Ultra Blue, Granite Gray",0
Nokia X100,Nokia,Nokia,Flagship,30800.0,220.0,2021.0,Yes,Qualcomm SM4350 Snapdragon 480 5G (8 nm),1,Qualcomm,Snapdragon,6.0,6.0,128.0,128.0,60.0,6.67,IPS LCD,4470.0,18.0,48.0,16.0,4.0,No,446878.0,1597.0,Android 11,Yes,Midnight Blue,0
Nokia G300,Nokia,Nokia,Flagship,14000.0,100.0,2021.0,Yes,Qualcomm SM4350 Snapdragon 480 5G (8 nm),1,Qualcomm,Snapdragon,4.0,4.0,64.0,64.0,60.0,6.52,IPS LCD,4470.0,18.0,16.0,8.0,3.0,No,453516.0,1597.0,Android 11,Yes,Meteor Grey,1
Nokia G50,Nokia,Nokia,Flagship,25200.0,180.0,2021.0,Yes,Qualcomm SM4350 Snapdragon 480 5G (8 nm),1,Qualcomm,Snapdragon,4.0,6.0,64.0,128.0,60.0,6.82,"IPS LCD, 450 nits (typ)",5000.0,18.0,48.0,8.0,3.0,No,446878.0,1597.0,"Android 11, upgradable to Android 13",Yes,"Midnight Sun, Ocean Blue",1
Nokia G400,Nokia,Nokia,Flagship,9800.0,70.0,2022.0,Yes,Qualcomm SM4350-AC Snapdragon 480+ 5G (8 nm),1,Qualcomm,Snapdragon,4.0,4.0,64.0,64.0,120.0,6.58,"IPS LCD, 120Hz",5000.0,20.0,48.0,16.0,3.0,No,446878.0,1597.0,Android 12,Yes,Meteor Grey,0
Nokia X30,Nokia,Nokia,Mid,33600.0,240.0,2022.0,Yes,Qualcomm SM6375 Snapdragon 695 5G (6 nm),0,Qualcomm,Snapdragon,6.0,8.0,128.0,256.0,90.0,6.43,"AMOLED, 90Hz, 450 nits (typ), 700 nits (peak)",4200.0,33.0,50.0,16.0,2.0,Yes,403732.0,1920.0,"Android 12, upgradable to Android 13",Yes,"Cloudy Blue, Ice White",0
Nokia G60,Nokia,Nokia,Mid,33600.0,240.0,2022.0,Yes,Qualcomm SM6375 Snapdragon 695 5G (6 nm),0,Qualcomm,Snapdragon,4.0,6.0,64.0,128.0,120.0,6.58,"IPS LCD, 120Hz, 400 nits (typ)",4500.0,20.0,50.0,8.0,3.0,No,556161.0,2003.0,Android 12,Yes,"Pure Black, Ice Gray",0
Nokia G310,Nokia,Nokia,Flagship,23800.0,170.0,2023.0,Yes,Qualcomm SM4350-AC Snapdragon 480+ 5G (8 nm),1,Qualcomm,Snapdragon,4.0,4.0,128.0,128.0,90.0,6.56,"IPS LCD, 90Hz",5000.0,20.0,50.0,8.0,3.0,No,453516.0,1597.0,Android 13,No,Blue,0
Nokia G42,Nokia,Nokia,Flagship,30800.0,220.0,2023.0,Yes,Qualcomm SM4350-AC Snapdragon 480+ 5G (8 nm),1,Qualcomm,Snapdragon,4.0,8.0,128.0,256.0,90.0,6.56,"IPS LCD, 90Hz, 450 nits (typ), 560 nits (peak)",5000.0,20.0,50.0,8.0,3.0,No,513089.0,1597.0,"Android 13, upgradable to Android 14",Yes,"Gray, Purple, Red",0
Nokia XR21,Nokia,Nokia,Mid,79800.0,570.0,2023.0,Yes,Qualcomm SM6375 Snapdragon 695 5G (6 nm),0,Qualcomm,Snapdragon,6.0,6.0,128.0,128.0,120.0,6.49,"IPS LCD, 120Hz, 450 nits (typ), 550 nits (HBM)",4800.0,33.0,64.0,16.0,2.0,No,567090.0,2003.0,Android 12,Yes,"Midnight Black, Pine Green",0
OnePlus 8 Pro,Oneplus,Oneplus,Flagship,53158.89908256881,379.70642201834863,2020.0,Yes,Qualcomm SM8250 Snapdragon 865 5G (7 nm+),1,Qualcomm,Snapdragon,8.0,12.0,128.0,256.0,120.0,6.78,"Fluid AMOLED, 1B colors, 120Hz, HDR10+",4510.0,30.0,48.0,16.0,4.0,Yes,573276.0,3374.0,"Android 10, upgradable to Android 13, OxygenOS 13",Yes,"Glacial Green, Ultramarine Blue, Onyx Black",0
OnePlus 8,Oneplus,Oneplus,Flagship,53943.66972477065,385.3119266055046,2020.0,Yes,Qualcomm SM8250 Snapdragon 865 5G (7 nm+),1,Qualcomm,Snapdragon,6.0,12.0,128.0,256.0,90.0,6.55,"Fluid AMOLED, 90Hz, HDR10+",4300.0,30.0,48.0,16.0,3.0,Yes,564708.0,13291.0,"Android 10, upgradable to Android 13, OxygenOS 13",Yes,"Onyx Black, Glacial Green, Interstellar Glow, Polar Silver",0
OnePlus 8 5G UW (Verizon),Oneplus,Oneplus,Flagship,41089.35779816514,293.4954128440367,2020.0,Yes,Qualcomm SM8250 Snapdragon 865 5G (7 nm+),1,Qualcomm,Snapdragon,8.0,8.0,128.0,128.0,90.0,6.55,"Fluid AMOLED, 90Hz, HDR10+",4300.0,30.0,48.0,16.0,3.0,Yes,564708.0,3331.0,"Android 10, OxygenOS 10.0",Yes,"Onyx Black, Polar Silver",0
OnePlus 8 5G (T-Mobile),Oneplus,Oneplus,Flagship,41089.35779816514,293.4954128440367,2020.0,Yes,Qualcomm SM8250 Snapdragon 865 5G (7 nm+),1,Qualcomm,Snapdragon,8.0,8.0,128.0,128.0,90.0,6.55,"Fluid AMOLED, 90Hz, HDR10+",4300.0,30.0,48.0,16.0,3.0,Yes,564708.0,3331.0,"Android 10, OxygenOS 10.0",Yes,"Onyx Black, Interstellar Glow",0
OnePlus Nord,Oneplus,Oneplus,Mid,26691.0,190.65,2020.0,Yes,Qualcomm SM7250 Snapdragon 765G 5G (7 nm),0,Qualcomm,Snapdragon,6.0,12.0,64.0,256.0,90.0,6.44,"Fluid AMOLED, 90Hz, HDR10+",4115.0,30.0,48.0,32.0,4.0,Yes,315641.0,7844.0,"Android 10, upgradable to Android 12, OxygenOS 12",Yes,"Blue Marble, Gray Onyx (Gray Ash)",0
OnePlus 8T,Oneplus,Oneplus,Flagship,41089.35779816514,293.4954128440367,2020.0,Yes,Qualcomm SM8250 Snapdragon 865 5G (7 nm+),1,Qualcomm,Snapdragon,8.0,12.0,128.0,256.0,120.0,6.55,"Fluid AMOLED, 120Hz, HDR10+",4500.0,65.0,48.0,16.0,4.0,Yes,586000.0,3126.0,"Android 11, upgradable to Android 14, OxygenOS 14",Yes,"Aquamarine Green, Lunar Silver, Cyberpunk 2077 Edition",0
OnePlus 8T+ 5G,Oneplus,Oneplus,Flagship,41089.35779816514,293.4954128440367,2020.0,Yes,Qualcomm SM8250 Snapdragon 865 5G (7 nm+),1,Qualcomm,Snapdragon,12.0,12.0,256.0,256.0,120.0,6.55,"Fluid AMOLED, 120Hz, HDR10+",4500.0,65.0,48.0,16.0,4.0,Yes,990988.0,3331.0,"Android 11, OxygenOS 11",Yes,"Aquamarine Green, Lunar Silver",0
OnePlus Nord N10 5G,Oneplus,Oneplus,Mid,41089.35779816514,293.4954128440367,2020.0,Yes,Qualcomm SM6350 Snapdragon 690 5G (8 nm),0,Qualcomm,Snapdragon,6.0,6.0,128.0,128.0,90.0,6.49,"IPS LCD, 90Hz",4300.0,30.0,64.0,16.0,4.0,No,279579.0,1848.0,"Android 10, OxygenOS 10.5",Yes,Midnight Ice,0
OnePlus Nord 2 5G,Oneplus,Oneplus,Budget,18858.0,134.7,2021.0,Yes,Mediatek Dimensity 1200 (6 nm),0,Mediatek,Dimensity,6.0,12.0,128.0,256.0,90.0,6.43,"Fluid AMOLED, 90Hz, HDR10+",4500.0,65.0,50.0,32.0,3.0,Yes,512164.0,2792.0,"Android 11, upgradable to Android 13, OxygenOS 13",Yes,"Gray Sierra, Blue Haze, Green Wood, Pac-Man Edition",0
OnePlus Nord CE 5G,Oneplus,Oneplus,Mid,26971.19266055046,192.651376146789,2021.0,Yes,Qualcomm SM7225 Snapdragon 750G 5G (8 nm),0,Qualcomm,Snapdragon,6.0,12.0,128.0,256.0,90.0,6.43,"Fluid AMOLED, 90Hz",4500.0,30.0,64.0,16.0,3.0,No,318672.0,1812.0,"Android 11, upgradable to Android 13, OxygenOS 13",Yes,"Blue Void, Charkoal Ink, Silver Ray",0
OnePlus Nord N200 5G,Oneplus,Oneplus,Flagship,38530.82568807339,275.2201834862385,2021.0,Yes,Qualcomm SM4350 Snapdragon 480 5G (8 nm),1,Qualcomm,Snapdragon,4.0,4.0,64.0,64.0,90.0,6.49,"IPS LCD, 90Hz",5000.0,18.0,13.0,16.0,3.0,No,435710.0,1597.0,"Android 11, OxygenOS 11",Yes,Blue Quantum,1
OnePlus 9 Pro,Oneplus,Oneplus,Flagship,32033.4,228.81,2021.0,Yes,Qualcomm SM8350 Snapdragon 888 5G (5 nm),1,Qualcomm,Snapdragon,8.0,12.0,128.0,256.0,120.0,6.7,"LTPO Fluid2 AMOLED, 1B colors, 120Hz, HDR10+, 1300 nits (peak)",4500.0,65.0,48.0,16.0,4.0,Yes,1185805.0,3373.0,"Android 11, upgradable to Android 14, OxygenOS 14",Yes,"Morning Mist, Forest Green, Stellar Black",1
OnePlus 9,Oneplus,Oneplus,Flagship,26268.2,187.63,2021.0,Yes,Qualcomm SM8350 Snapdragon 888 5G (5 nm),1,Qualcomm,Snapdragon,8.0,12.0,128.0,256.0,120.0,6.55,"Fluid AMOLED, 120Hz, HDR10+, 1100 nits (peak)",4500.0,65.0,48.0,16.0,3.0,No,1135878.0,3373.0,"Android 11, upgradable to Android 13, OxygenOS 13",Yes,"Winter Mist, Arctic Sky, Astral Black",0
OnePlus 9R,Oneplus,Oneplus,Flagship,32045.871559633026,228.89908256880733,2021.0,Yes,Qualcomm SM8250-AC Snapdragon 870 5G (7 nm),1,Qualcomm,Snapdragon,8.0,12.0,128.0,256.0,120.0,6.55,"Fluid AMOLED, 120Hz, HDR10+",4500.0,65.0,48.0,16.0,4.0,Yes,1032318.0,3520.0,"Android 10, upgradable to Android 14, OxygenOS 14",Yes,"Carbon Black, Lake Blue",0
OnePlus 9RT 5G,Oneplus,Oneplus,Flagship,32045.871559633026,228.89908256880733,2021.0,Yes,Qualcomm SM8350 Snapdragon 888 5G (5 nm),1,Qualcomm,Snapdragon,8.0,12.0,128.0,256.0,120.0,6.62,"AMOLED, 120Hz, HDR10+",4500.0,65.0,50.0,16.0,4.0,Yes,670289.0,3325.0,"Android 11, upgradable to Android 13, OxygenOS 13",Yes,"Hacker Black, Nano Silver, Blue",0
OnePlus Ace,Oneplus,Oneplus,Mid,29120.0,208.0,2022.0,Yes,Mediatek Dimensity 8100 Max (5 nm),0,Mediatek,Dimensity,8.0,12.0,128.0,512.0,120.0,6.7,"OLED, 1B colors, 120Hz, HDR10+, 500 nits (typ), 800 nits (HBM), 950 nits (peak)",4500.0,150.0,50.0,16.0,3.0,Yes,1138764.0,3608.5,"Android 12, ColorOS 12.1",Yes,"Black, Blue",0
OnePlus Nord N20 5G,Oneplus,Oneplus,Mid,38530.82568807339,275.2201834862385,2022.0,Yes,Qualcomm SM6375 Snapdragon 695 5G (6 nm),0,Qualcomm,Snapdragon,6.0,6.0,128.0,128.0,60.0,6.43,AMOLED,4500.0,33.0,64.0,16.0,3.0,No,316974.0,1945.0,"Android 11, OxygenOS 11",Yes,Blue,0
OnePlus 10R 150W,Oneplus,Oneplus,Mid,29120.0,208.0,2022.0,Yes,Mediatek Dimensity 8100 Max (5 nm),0,Mediatek,Dimensity,12.0,12.0,256.0,256.0,120.0,6.7,"Fluid AMOLED, 1B colors, 120Hz, HDR10+",4500.0,150.0,50.0,16.0,3.0,Yes,801224.0,3822.0,"Android 12, upgradable to Android 13, OxygenOS 13",Yes,"Sierra Black, Forest Green",0
OnePlus 10R,Oneplus,Oneplus,Mid,41099.63302752295,293.5688073394496,2022.0,Yes,Mediatek Dimensity 8100 Max (5 nm),0,Mediatek,Dimensity,8.0,12.0,128.0,256.0,120.0,6.7,"Fluid AMOLED, 1B colors, 120Hz, HDR10+",5000.0,80.0,50.0,16.0,3.0,Yes,1012005.0,3608.5,"Android 12, upgradable to Android 13, OxygenOS 13",Yes,"Sierra Black, Forest Green, Prime Blue",0
OnePlus Nord CE 2 Lite 5G,Oneplus,Oneplus,Budget,19264.770642201835,137.60550458715596,2022.0,Yes,Qualcomm SM6375 Snapdragon 695 5G (6 nm),0,Qualcomm,Snapdragon,6.0,8.0,128.0,128.0,120.0,6.59,"IPS LCD, 120Hz",5000.0,33.0,64.0,16.0,3.0,No,399306.0,1956.0,"Android 12, upgradable to Android 13, OxygenOS 13",Yes,"Black Dusk, Blue Tide",0
OnePlus 10T,Oneplus,Oneplus,Flagship,28700.0,205.0,2022.0,Yes,Qualcomm SM8475 Snapdragon 8+ Gen 1 (4 nm),1,Qualcomm,Snapdragon,6.0,16.0,128.0,256.0,120.0,6.7,"Fluid AMOLED, 1B colors, 120Hz, HDR10+",4800.0,150.0,50.0,16.0,3.0,Yes,1016958.0,3907.0,"Android 12, OxygenOS 13",Yes,"Moonstone Black, Jade Green",0
OnePlus Ace Pro,Oneplus,Oneplus,Flagship,29120.0,208.0,2022.0,Yes,Qualcomm SM8475 Snapdragon 8+ Gen 1 (4 nm),1,Qualcomm,Snapdragon,12.0,16.0,256.0,512.0,120.0,6.7,"Fluid AMOLED, 1B colors, 120Hz, HDR10+, 500 nits (typ), 800 nits (HBM), 950 nits (peak)",4800.0,150.0,50.0,16.0,3.0,Yes,1908978.0,3773.0,"Android 12, ColorOS 12.1",Yes,"Moonstone Black, Jade Green, Genshin Impact",0
OnePlus Nord CE 2 5G,Oneplus,Oneplus,Budget,24390.825688073397,174.22018348623854,2022.0,Yes,Mediatek Dimensity 900 (6 nm),0,Mediatek,Dimensity,6.0,8.0,128.0,128.0,90.0,6.43,"AMOLED, 90Hz, HDR10+",4500.0,65.0,64.0,16.0,3.0,No,436640.0,2157.0,"Android 11, upgradable to Android 13, OxygenOS 13",Yes,"Gray Mirror, Bahama Blue",0
OnePlus 10 Pro,Oneplus,Oneplus,Flagship,44269.399999999994,316.21,2022.0,Yes,Qualcomm SM8450 Snapdragon 8 Gen 1 (4 nm),1,Qualcomm,Snapdragon,8.0,12.0,128.0,512.0,120.0,6.7,"LTPO2 Fluid AMOLED, 1B colors, 120Hz, HDR10+, 500 nits (typ), 800 nits (HBM), 1300 nits (peak)",5000.0,80.0,48.0,32.0,3.0,Yes,886248.0,3447.0,"Android 12, upgradable to Android 14, OxygenOS 14 (International), ColorOS (China)",Yes,"Volcanic Black, Emerald Forest, Panda White (Extreme Edition)",0
OnePlus Ace Racing,Oneplus,Oneplus,Mid,29120.0,208.0,2022.0,Yes,Mediatek Dimensity 8100 Max (5 nm),0,Mediatek,Dimensity,8.0,12.0,128.0,256.0,120.0,6.59,"IPS LCD, 120Hz, 480 nits (typ), 600 (HBM)",5000.0,67.0,64.0,16.0,3.0,No,2545677.0,3608.5,"Android 12, ColorOS 12.1",Yes,"Black, Blue",0
OnePlus Nord 2T,Oneplus,Oneplus,Mid,29540.0,211.0,2022.0,Yes,Mediatek Dimensity 1300 (6 nm),0,Mediatek,Dimensity,8.0,12.0,128.0,256.0,90.0,6.43,"AMOLED, 90Hz, HDR10+",4500.0,80.0,50.0,32.0,3.0,Yes,490545.0,2790.0,"Android 12, upgradable to Android 14, OxygenOS 14",Yes,"Gray Shadow, Jade Fog",0
OnePlus Nord N300,Oneplus,Oneplus,Budget,24724.770642201835,176.60550458715596,2022.0,Yes,Mediatek Dimensity 810 (6 nm),0,Mediatek,Dimensity,4.0,4.0,64.0,64.0,90.0,6.56,"IPS LCD, 90Hz",5000.0,33.0,48.0,16.0,2.0,No,335440.0,1780.0,"Android 12, OxygenOS",Yes,Midnight Jade,0
OnePlus Nord CE 3 Lite,Oneplus,Oneplus,Budget,19221.10091743119,137.29357798165137,2023.0,Yes,Qualcomm SM6375 Snapdragon 695 5G (6 nm),0,Qualcomm,Snapdragon,8.0,8.0,128.0,256.0,120.0,6.72,"IPS LCD, 120Hz, 550 nits (typ), 680 nits (peak)",5000.0,67.0,108.0,16.0,3.0,No,412006.0,2052.0,"Android 13, OxygenOS 13.1",Yes,"Pastel Lime, Chromatic Gray",1
OnePlus Ace 2 Pro,Oneplus,Oneplus,Flagship,30738.4,219.56,2023.0,Yes,Qualcomm SM8550-AB Snapdragon 8 Gen 2 (4 nm),1,Qualcomm,Snapdragon,12.0,24.0,256.0,512.0,120.0,6.74,"AMOLED, 1B colors, 120Hz, HDR10+, 550 nits (typ), 1200 nits (HBM), 1600 nits (peak)",5000.0,150.0,50.0,16.0,3.0,Yes,1908978.0,5558.0,"Android 13, ColorOS 13.1",Yes,"Aurora Green, Titanium Gray",0
OnePlus 12,Oneplus,Oneplus,Flagship,74404.40000000001,531.46,2023.0,Yes,Qualcomm SM8650-AB Snapdragon 8 Gen 3 (4 nm),1,Qualcomm,Snapdragon,12.0,24.0,256.0,512.0,120.0,6.82,"LTPO AMOLED, 1B colors, 120Hz, 2160Hz PWM, Dolby Vision, HDR10+, 600 nits (typ), 1600 nits (HBM), 4500 nits (peak)",5400.0,100.0,50.0,32.0,3.0,Yes,1821801.0,5124.0,"Android 14, up to 4 major Android upgrades, OxygenOS 16 (International), ColorOS 16 (China)",Yes,"Flowy Emerald, Silky Black, Silver (Glacial White)",0
OnePlus 11R,Oneplus,Oneplus,Flagship,43668.44036697248,311.91743119266056,2023.0,Yes,Qualcomm SM8475 Snapdragon 8+ Gen 1 (4 nm),1,Qualcomm,Snapdragon,8.0,18.0,128.0,512.0,120.0,6.74,"Fluid AMOLED, 1B colors, 120Hz, HDR10+, 1450 nits (peak)",5000.0,100.0,50.0,16.0,3.0,Yes,953897.0,3608.0,"Android 13, upgradable to Android 15, OxygenOS 15",Yes,"Galactic Silver, Sonic Black, Solar Red",0
OnePlus Ace 2,Oneplus,Oneplus,Flagship,30738.4,219.56,2023.0,Yes,Qualcomm SM8475 Snapdragon 8+ Gen 1 (4 nm),1,Qualcomm,Snapdragon,12.0,18.0,256.0,512.0,120.0,6.74,"AMOLED, 1B colors, 120Hz, HDR10+",5000.0,100.0,50.0,16.0,3.0,Yes,1481118.0,3773.0,"Android 13, ColorOS 13",Yes,"Black, Glacier Blue, Red",0
OnePlus 11,Oneplus,Oneplus,Flagship,64398.6,459.99,2023.0,Yes,Qualcomm SM8550-AB Snapdragon 8 Gen 2 (4 nm),1,Qualcomm,Snapdragon,8.0,16.0,128.0,512.0,120.0,6.7,"LTPO3 Fluid AMOLED, 1B colors, 120Hz, Dolby Vision, HDR10+, 500 nits (typ), 800 nits (HBM), 1300 nits (peak)",5000.0,100.0,50.0,16.0,3.0,Yes,1140661.0,4899.0,"Android 13, upgradable to Android 16, OxygenOS 16 (International), ColorOS 16 (China)",Yes,"Titan Black, Eternal Green, Jupiter Rock",0
OnePlus Nord CE3,Oneplus,Oneplus,Mid,26971.19266055046,192.651376146789,2023.0,Yes,Qualcomm Snapdragon 782G (6 nm),0,Qualcomm,Snapdragon,8.0,12.0,128.0,256.0,120.0,6.7,"Fluid AMOLED, 1B colors, 120Hz, HDR10+",5000.0,80.0,50.0,16.0,3.0,Yes,806420.0,3034.0,"Android 13, OxygenOS 13.1",Yes,"Aqua Surge, Gray Shimmer",0
OnePlus Nord 3,Oneplus,Oneplus,Mid,32198.600000000002,229.99,2023.0,Yes,Mediatek Dimensity 9000 (4 nm),0,Mediatek,Dimensity,8.0,16.0,128.0,256.0,120.0,6.74,"Fluid AMOLED, 1B colors, 120Hz, HDR10+, 1450 nits (peak)",5000.0,80.0,50.0,16.0,3.0,Yes,844865.0,3136.0,"Android 13, up to 3 major Android upgrades, OxygenOS 15",Yes,"Misty Green, Tempest Gray",1
OnePlus Nord N30,Oneplus,Oneplus,Budget,24724.770642201835,176.60550458715596,2023.0,Yes,Qualcomm SM6375 Snapdragon 695 5G (6 nm),0,Qualcomm,Snapdragon,8.0,8.0,128.0,128.0,120.0,6.72,"IPS LCD, 120Hz",5000.0,50.0,108.0,16.0,3.0,No,404120.0,2032.0,"Android 13, OxygenOS 13.1",Yes,Chromatic Gray,0
OnePlus Ace 2V,Oneplus,Oneplus,Mid,30738.4,219.56,2023.0,Yes,Mediatek Dimensity 9000 (4 nm),0,Mediatek,Dimensity,12.0,16.0,256.0,512.0,120.0,6.74,"AMOLED, 1B colors, 120Hz, HDR10+, 500 nits (typ), 1100 nits (HBM), 1450 nits (peak)",5000.0,80.0,64.0,16.0,3.0,No,1374907.0,4384.0,"Android 13, ColorOS 13",Yes,"Black, Blue/Green",1
OnePlus Open,Oneplus,Oneplus,Flagship,30738.4,219.56,2023.0,Yes,Qualcomm SM8550-AB Snapdragon 8 Gen 2 (4 nm),1,Qualcomm,Snapdragon,16.0,16.0,512.0,512.0,120.0,7.82,"Foldable LTPO3 Flexi-fluid AMOLED, 1B colors, Dolby Vision, 120Hz, 2800 nits (peak)",4805.0,67.0,48.0,20.0,3.0,Yes,968130.0,3969.0,"Android 13, upgradable to Android 16, OxygenOS 16",Yes,"Emerald Dusk, Voyager Black, Apex Edition",0
OnePlus Nord CE4,Oneplus,Oneplus,Mid,26971.19266055046,192.651376146789,2024.0,Yes,Qualcomm SM7550-AB Snapdragon 7 Gen 3 (4 nm),0,Qualcomm,Snapdragon,8.0,8.0,128.0,256.0,120.0,6.7,"Fluid AMOLED, 1B colors, 120Hz, HDR10+, 900 nits (HBM), 1100 nits (peak)",5500.0,100.0,50.0,16.0,2.0,Yes,839564.0,3029.0,"Android 14, upgradable to Android 16, OxygenOS 16",No,"Celadon Marble, Dark Chrome",0
OnePlus Ace 5 Pro,Oneplus,Oneplus,Flagship,45154.2,322.53,2024.0,Yes,Qualcomm SM8750-AB Snapdragon 8 Elite (3 nm),1,Qualcomm,Snapdragon,12.0,16.0,256.0,512.0,120.0,6.78,"LTPO AMOLED, 1B colors, 120Hz, HDR10+, Dolby Vision, 800 nits (typ), 1600 nits (HBM), 4500 nits (peak)",6100.0,100.0,50.0,16.0,3.0,Yes,3105769.0,8887.0,"Android 15, ColorOS 15",Yes,"Gray, White, Purple",0
OnePlus Ace 5,Oneplus,Oneplus,Flagship,45154.2,322.53,2024.0,Yes,Qualcomm SM8650-AB Snapdragon 8 Gen 3 (4 nm),1,Qualcomm,Snapdragon,12.0,16.0,256.0,512.0,120.0,6.78,"LTPO AMOLED, 1B colors, 120Hz, HDR10+, Dolby Vision, 800 nits (typ), 1600 nits (HBM), 4500 nits (peak)",6415.0,80.0,50.0,16.0,3.0,Yes,2224490.0,6753.0,"Android 15, ColorOS 15",Yes,"Gray, White, Green",0
OnePlus Ace 3,Oneplus,Oneplus,Flagship,45154.2,322.53,2024.0,Yes,Qualcomm SM8550-AB Snapdragon 8 Gen 2 (4 nm),1,Qualcomm,Snapdragon,12.0,16.0,256.0,512.0,120.0,6.78,"LTPO AMOLED, 1B colors, 120Hz, HDR10+, Dolby Vision, 1600 nits (HBM), 4500 nits (peak)",5500.0,100.0,50.0,16.0,3.0,Yes,1907512.0,5558.0,"Android 14, ColorOS 14",Yes,"Black, Blue, Rose Gold",0
OnePlus 12R,Oneplus,Oneplus,Flagship,64398.6,459.99,2024.0,Yes,Qualcomm SM8550-AB Snapdragon 8 Gen 2 (4 nm),1,Qualcomm,Snapdragon,8.0,16.0,128.0,256.0,120.0,6.78,"LTPO4 AMOLED, 1B colors, 120Hz, HDR10+, Dolby Vision, 1600 nits (HBM), 4500 nits (peak)",5500.0,100.0,50.0,16.0,3.0,Yes,1518552.0,5245.0,"Android 14, up to 3 major Android upgrades, OxygenOS 15",Yes,"Iron Gray, Cool Blue, Electric Violet, Sunset Dune",0
OnePlus Nord N30 SE,Oneplus,Oneplus,Mid,45154.2,322.53,2024.0,Yes,Mediatek Dimensity 6020 (7 nm),0,Mediatek,Dimensity,4.0,4.0,128.0,128.0,60.0,6.72,IPS LCD,5000.0,33.0,50.0,8.0,2.0,No,501084.0,2032.0,"Android 13, OxygenOS 13.1",Yes,"Black Satin, Cyan",0
OnePlus Nord 4,Oneplus,Oneplus,Mid,45154.2,322.53,2024.0,Yes,Qualcomm SM7675 Snapdragon 7+ Gen 3 (4 nm),0,Qualcomm,Snapdragon,8.0,16.0,128.0,512.0,120.0,6.74,"Fluid AMOLED, 1B colors, 120Hz, HDR10+, 2150 nits (peak)",5500.0,100.0,50.0,16.0,2.0,Yes,1315847.0,4791.0,"Android 14, up to 4 major Android upgrades, OxygenOS 15",Yes,"Obsidian Midnight, Mercurial Silver, Oasis Green",0
OnePlus Nord CE4 Lite,Oneplus,Oneplus,Mid,30824.40366972477,220.1743119266055,2024.0,Yes,Qualcomm SM6375 Snapdragon 695 5G (6 nm),0,Qualcomm,Snapdragon,8.0,8.0,256.0,256.0,120.0,6.67,"AMOLED, 120Hz, 600 nits (typ), 1200 nits (HBM), 2100 nits (peak)",5110.0,80.0,50.0,16.0,2.0,Yes,607085.0,2003.0,"Android 14, upgradable to Android 16, OxygenOS 16",Yes,"Super Silver, Mega Blue",0
OnePlus Nord CE4 Lite (India),Oneplus,Oneplus,Mid,45154.2,322.53,2024.0,Yes,Qualcomm SM6375 Snapdragon 695 5G (6 nm),0,Qualcomm,Snapdragon,8.0,8.0,128.0,256.0,120.0,6.67,"AMOLED, 120Hz, 600 nits (typ), 1200 nits (HBM), 2100 nits (peak)",5500.0,80.0,50.0,16.0,2.0,Yes,590710.0,2003.0,"Android 14, OxygenOS 14",No,"Super Silver, Mega Blue, Ultra Orange",0
OnePlus Ace 3 Pro,Oneplus,Oneplus,Flagship,45154.2,322.53,2024.0,Yes,Qualcomm SM8650-AB Snapdragon 8 Gen 3 (4 nm),1,Qualcomm,Snapdragon,12.0,24.0,256.0,512.0,120.0,6.78,"LTPO AMOLED, 1B colors, 120Hz, HDR10+, Dolby Vision, 800 nits (typ), 1600 nits (HBM), 4500 nits (peak)",6100.0,100.0,50.0,16.0,3.0,Yes,2287429.0,6753.0,"Android 14, ColorOS 14",Yes,"Gray, White, Green",0
OnePlus Ace 3V,Oneplus,Oneplus,Mid,45154.2,322.53,2024.0,Yes,Qualcomm SM7675 Snapdragon 7+ Gen 3 (4 nm),0,Qualcomm,Snapdragon,12.0,16.0,256.0,512.0,120.0,6.74,"AMOLED, 1B colors, 120Hz, 1100 nits (HBM), 2150 nits (peak)",5500.0,100.0,50.0,16.0,2.0,Yes,1649673.0,2967.0,"Android 14, ColorOS 14",Yes,"Purple, Gray",0
OnePlus 13,Oneplus,Oneplus,Flagship,95620.0,683.0,2024.0,Yes,Qualcomm SM8750-AB Snapdragon 8 Elite (3 nm),1,Qualcomm,Snapdragon,12.0,24.0,256.0,512.0,120.0,6.82,"LTPO 4.1 AMOLED, 1B colors, 120Hz, 2160Hz PWM, Dolby Vision, HDR10+, HDR Vivid, 800 nits (typ), 1600 nits (HBM), 4500 nits (peak)",6000.0,100.0,50.0,32.0,3.0,Yes,2690491.0,9278.0,"Android 15, up to 4 major Android upgrades, OxygenOS 16 (International), ColorOS 16 (China)",Yes,"Black Eclipse, Arctic Dawn, Midnight Ocean",0
OnePlus 13T,Oneplus,Oneplus,Flagship,70640.91743119266,504.57798165137615,2025.0,Yes,Qualcomm SM8750-AB Snapdragon 8 Elite (3 nm),1,Qualcomm,Snapdragon,12.0,16.0,256.0,512.0,120.0,6.32,"LTPO AMOLED, 1B colors, 120Hz, 2160Hz PWM, Dolby Vision, HDR10+, HDR Vivid, 1600 nits (HBM)",6260.0,80.0,50.0,16.0,2.0,Yes,3173674.0,8887.0,"Android 15, OxygenOS 15 (International), ColorOS 15 (China)",Yes,"Black, Gray, Pink",0
OnePlus Ace 6T,Oneplus,Oneplus,Flagship,109200.0,780.0,2025.0,Yes,Qualcomm SM8845 Snapdragon 8 Gen 5 (3 nm),1,Qualcomm,Snapdragon,12.0,16.0,256.0,512.0,165.0,6.83,"AMOLED, 1B colors, 165Hz, PWM, HDR10+, HDR Vivid, 1800 nits (HBM), 3600 nits (peak)",8300.0,100.0,50.0,16.0,2.0,Yes,3047634.0,9602.0,"Android 16, ColorOS 16",Yes,"Black, Purple, Green",0
OnePlus 15R,Oneplus,Oneplus,Flagship,74760.0,534.0,2025.0,Yes,Qualcomm SM8845 Snapdragon 8 Gen 5 (3 nm),1,Qualcomm,Snapdragon,12.0,12.0,256.0,512.0,165.0,6.83,"AMOLED, 1B colors, 165Hz, PWM, Dolby Vision, HDR10+, HDR Vivid, 1800 nits (HBM), 3600 nits (peak)",7400.0,80.0,50.0,32.0,2.0,Yes,1954910.0,9369.0,"Android 16, OxygenOS 16",Yes,"Charcoal Black, Mint Breeze, Electric Violet",0
OnePlus Pad Go 2,Oneplus,Oneplus,Flagship,109200.0,780.0,2025.0,Yes,Mediatek Dimensity 7300 Ultra (4 nm),1,Mediatek,Dimensity,8.0,8.0,128.0,256.0,120.0,12.1,"IPS LCD, 68B colors, 120Hz, Dolby Vision, HDR10+, 900 nits (HBM)",10050.0,33.0,8.0,8.0,1.0,No,719742.0,2939.0,"Android 16, OxygenOS 16",No,"Shadow Black, Lavender Drift",0
OnePlus 13R,Oneplus,Oneplus,Flagship,73983.0,528.45,2025.0,Yes,Qualcomm SM8650-AB Snapdragon 8 Gen 3 (4 nm),1,Qualcomm,Snapdragon,12.0,16.0,256.0,512.0,120.0,6.78,"LTPO 4.1 AMOLED, 1B colors, 120Hz, 2160Hz PWM, HDR10+, Dolby Vision, HDR Vivid, 1600 nits (HBM), 4500 nits (peak)",6000.0,80.0,50.0,16.0,3.0,Yes,2109299.0,6803.0,"Android 15, up to 4 major Android upgrades, OxygenOS 15",Yes,"Astral Trail, Nebula Noir",0
OnePlus Nord 5,Oneplus,Oneplus,Flagship,52199.0,372.85,2025.0,Yes,Qualcomm SM8635 Snapdragon 8s Gen 3 (4 nm),1,Qualcomm,Snapdragon,8.0,12.0,256.0,512.0,144.0,6.83,"Swift AMOLED, 1B colors, 144Hz, 3840Hz PWM, HDR10+, 800 nits (typ), 1400 nits (HBM), 1800 nits (peak)",5200.0,80.0,50.0,50.0,2.0,Yes,1512943.0,5112.0,"Android 15, up to 4 major Android upgrades, OxygenOS 15",Yes,"Phantom Grey, Dry Ice, Marble Sands",1
OnePlus Nord CE5,Oneplus,Oneplus,Mid,39060.0,279.0,2025.0,Yes,Mediatek Dimensity 8350 Apex (4 nm),0,Mediatek,Dimensity,8.0,12.0,128.0,256.0,120.0,6.77,"Fluid AMOLED, 1B colors, 120Hz, HDR10+, 800 nits (typ), 1300 nits (HBM), 1430 nits (peak)",5200.0,80.0,50.0,16.0,2.0,Yes,1390121.0,4006.0,"Android 15, ColorOS 15",Yes,"Marble Mist, Black Infinity, Nexus Blue",0
OnePlus 13s,Oneplus,Oneplus,Flagship,68072.11009174313,486.2293577981652,2025.0,Yes,Qualcomm SM8750-AB Snapdragon 8 Elite (3 nm),1,Qualcomm,Snapdragon,12.0,12.0,256.0,512.0,120.0,6.32,"LTPO AMOLED, 1B colors, 120Hz, 2160Hz PWM, Dolby Vision, HDR10+, HDR Vivid, 1600 nits (HBM)",5850.0,80.0,50.0,32.0,2.0,Yes,2499190.0,9093.0,"Android 15, upgradable to Android 16, OxygenOS 16",Yes,"Green Silk, Black Velvet, Pink Satin",0
OnePlus Ace 5 Ultra,Oneplus,Oneplus,Flagship,109200.0,780.0,2025.0,Yes,Mediatek Dimensity 9400+ (3 nm),1,Mediatek,Dimensity,12.0,16.0,256.0,512.0,144.0,6.83,"AMOLED, 1B colors, 144Hz, 3840Hz PWM, HDR10+, Dolby Vision, HDR Vivid, 800 nits (typ), 1400 nits (peak)",6700.0,100.0,50.0,16.0,2.0,Yes,2948304.0,8810.0,"Android 15, ColorOS 15",Yes,"Blue, Black, Titanium",0
OnePlus Ace 5 Racing,Oneplus,Oneplus,Flagship,109200.0,780.0,2025.0,Yes,Mediatek Dimensity 9400e (4 nm),1,Mediatek,Dimensity,12.0,16.0,256.0,512.0,120.0,6.77,"AMOLED, 1B colors, 120Hz, HDR Vivid, 800 nits (typ), 1300 nits (HBM)",7100.0,80.0,50.0,16.0,2.0,Yes,2545677.0,7478.0,"Android 15, ColorOS 15",Yes,"Black, White, Green",0
OnePlus 15,Oneplus,Oneplus,Flagship,109760.0,784.0,2025.0,Yes,Qualcomm SM8850-AC Snapdragon 8 Elite Gen 5 (3 nm),1,Qualcomm,Snapdragon,12.0,16.0,256.0,512.0,165.0,6.78,"LTPO AMOLED, 1B colors, 165Hz, PWM, Dolby Vision, HDR10+, HDR Vivid, 800 nits (typ), 1800 nits (HBM)",7300.0,120.0,50.0,32.0,3.0,Yes,2790237.0,11062.0,"Android 16, OxygenOS 16 (Global), ColorOS 16 (China)",Yes,"Infinite Black, Ultra Violet, Sand Storm",0
OnePlus Ace 6,Oneplus,Oneplus,Flagship,109200.0,780.0,2025.0,Yes,Qualcomm SM8750-AB Snapdragon 8 Elite (3 nm),1,Qualcomm,Snapdragon,12.0,16.0,256.0,512.0,165.0,6.83,"AMOLED, 1B colors, 165Hz, PWM, HDR10+, Dolby Vision, HDR Vivid, 800 nits (typ), 1800 nits (HBM)",7800.0,120.0,50.0,16.0,2.0,Yes,3391399.0,8887.0,"Android 16, ColorOS 16",Yes,"Black, White, Silver",0
OnePlus Nord 6,Oneplus,Oneplus,Flagship,64260.0,459.0,2026.0,Yes,Qualcomm SM8735 Snapdragon 8s Gen 4 (4 nm),1,Qualcomm,Snapdragon,8.0,12.0,256.0,512.0,165.0,6.78,"AMOLED, 1B colors, 165Hz, 3840Hz PWM, HDR10+, 800 nits (typ), 1800 nits (HBM), 3600 nits (peak)",7500.0,80.0,50.0,32.0,2.0,Yes,2366913.0,6385.0,"Android 16, OxygenOS 16",Yes,"Fresh Mint, Pitch Black, Quick Silver",0
OnePlus Ace 6 Ultra,Oneplus,Oneplus,Flagship,47542.20183486238,339.58715596330273,2026.0,Yes,Mediatek Dimensity 9500 (3 nm),1,Mediatek,Dimensity,12.0,16.0,256.0,512.0,165.0,6.78,"AMOLED, 1B colors, 165Hz, PWM, Dolby Vision, HDR10+, HDR Vivid, 800 nits (typ), 1800 nits (HBM)",8600.0,120.0,50.0,16.0,2.0,Yes,3429868.0,10603.0,"Android 16, ColorOS 16",Yes,"Gray, Gold",0
OnePlus Turbo 6,Oneplus,Oneplus,Flagship,47542.20183486238,339.58715596330273,2026.0,Yes,Qualcomm SM8735 Snapdragon 8s Gen 4 (4 nm),1,Qualcomm,Snapdragon,12.0,16.0,256.0,512.0,165.0,6.78,"AMOLED, 1B colors, 165Hz, 3840Hz PWM, HDR Vivid, 800 nits (typ), 1800 nits (peak)",9000.0,80.0,50.0,16.0,2.0,Yes,2382990.0,6385.0,"Android 16, ColorOS 16",Yes,"Black, White, Mint",0
OnePlus Turbo 6V,Oneplus,Oneplus,Mid,47542.20183486238,339.58715596330273,2026.0,Yes,Qualcomm SM7635-AC Snapdragon 7s Gen 4 (4 nm),0,Qualcomm,Snapdragon,8.0,12.0,256.0,512.0,144.0,6.78,"AMOLED, 1B colors, 144Hz, 3840Hz PWM, 800 nits (typ), 1800 nits (peak)",9000.0,80.0,50.0,16.0,2.0,Yes,839363.0,3281.0,"Android 16, ColorOS 16",Yes,"Black, White, Blue",0
OnePlus 15T,Oneplus,Oneplus,Flagship,110457.43119266056,788.9816513761468,2026.0,Yes,Qualcomm SM8850-AC Snapdragon 8 Elite Gen 5 (3 nm),1,Qualcomm,Snapdragon,12.0,16.0,256.0,512.0,165.0,6.32,"AMOLED, 1B colors, 165Hz, 3840Hz PWM, Dolby Vision, HDR10+, HDR Vivid, 800 nits (typ), 1800 nits (HBM), 3600 nits (peak)",7500.0,100.0,50.0,16.0,2.0,Yes,3676955.0,10732.0,"Android 16, OxygenOS 16 (Global), ColorOS 16 (China)",Yes,"Brown, Green, White",0
OnePlus Nord CE6,Oneplus,Oneplus,Mid,26971.19266055046,192.651376146789,2026.0,Yes,Qualcomm SM7635-AC Snapdragon 7s Gen 4 (4 nm),0,Qualcomm,Snapdragon,8.0,8.0,128.0,256.0,144.0,6.78,"AMOLED, 144Hz, 3840Hz PWM, HDR, 800 nits (typ), 1800 nits (HBM), 3600 nits (peak)",8000.0,80.0,50.0,32.0,2.0,Yes,1145513.0,3281.0,Android 16,No,"Pitch Black, Lunar Pearl, Blue",0
OnePlus Nord CE6 Lite,Oneplus,Oneplus,Mid,30824.40366972477,220.1743119266055,2026.0,Yes,Mediatek Dimensity 7400 Apex (4 nm),0,Mediatek,Dimensity,6.0,8.0,128.0,256.0,144.0,6.72,"IPS LCD, 144Hz, 800 nits (typ), 1000 nits (HBM)",7000.0,45.0,50.0,8.0,2.0,No,922227.0,6385.0,Android 16,No,"Hyper Black, Vivid Mint",0
Oppo Reno5 Pro 5G,Oppo,Oppo,Mid,57400.0,410.0,2020.0,Yes,Mediatek Dimensity 1000+ (7 nm),0,Mediatek,Dimensity,8.0,12.0,128.0,512.0,90.0,6.55,"Super AMOLED, 90Hz, HDR10+, 500 nits (typ), 800 nits (HDR), 1100 nits (peak)",4350.0,65.0,64.0,32.0,4.0,No,2131620.0,1762.0,"Android 11, upgradable to Android 12, ColorOS 12",Yes,"Astral Blue, Starry Black, Starry Dream, Star Wish Red",0
Oppo Reno5 5G,Oppo,Oppo,Budget,22400.0,160.0,2020.0,Yes,Qualcomm SM7250 Snapdragon 765G 5G (7 nm),0,Qualcomm,Snapdragon,8.0,12.0,128.0,256.0,90.0,6.43,"AMOLED, 90Hz, 430 nits (typ), 600 nits (HDR), 750 nits (peak)",4300.0,65.0,64.0,32.0,4.0,No,317762.0,1813.0,"Android 11, upgradable to Android 12, ColorOS 12",Yes,"Galactic Silver, Azure Blue, Starry Black",0
Oppo Reno5 Pro+ 5G,Oppo,Oppo,Flagship,70000.0,500.0,2020.0,Yes,Qualcomm SM8250 Snapdragon 865 5G (7 nm+),1,Qualcomm,Snapdragon,8.0,12.0,128.0,256.0,90.0,6.55,"AMOLED, 90Hz, HDR10+, 500 nits (typ), 800 nits (HDR), 1100 nits (peak)",4500.0,65.0,50.0,32.0,4.0,Yes,2131620.0,3331.0,"Android 11, ColorOS 11.1",Yes,"Galactic Silver, Starlight Black",0
Oppo Reno4 5G,Oppo,Oppo,Mid,26600.0,190.0,2020.0,Yes,Qualcomm SM7250 Snapdragon 765G 5G (7 nm),0,Qualcomm,Snapdragon,8.0,8.0,128.0,256.0,60.0,6.43,"AMOLED, 430 nits (typ)",4000.0,65.0,48.0,32.0,3.0,No,597974.0,1836.0,"Android 10, ColorOS 7.2",Yes,"Galactic Blue, Space Black, Purple",0
Oppo Find X2 Pro,Oppo,Oppo,Flagship,42000.0,300.0,2020.0,Yes,Qualcomm SM8250 Snapdragon 865 5G (7 nm+),1,Qualcomm,Snapdragon,12.0,12.0,256.0,512.0,120.0,6.7,"AMOLED, 1B colors, 120Hz, HDR10+, 500 nits (typ), 1200 nits (peak)",4260.0,65.0,48.0,32.0,3.0,Yes,593717.0,13245.0,"Android 10, ColorOS 7.1",Yes,"Black, Orange, Gray, Green, Lamborghini Edition",0
Oppo Find X2,Oppo,Oppo,Flagship,43400.0,310.0,2020.0,Yes,Qualcomm SM8250 Snapdragon 865 5G (7 nm+),1,Qualcomm,Snapdragon,8.0,12.0,128.0,256.0,120.0,6.7,"AMOLED, 1B colors, 120Hz, HDR10+, 500 nits (typ), 1200 nits (peak)",4200.0,65.0,48.0,32.0,3.0,Yes,1119208.0,3331.0,"Android 10, ColorOS 7.1",Yes,"Black, Ocean",0
Oppo Reno5 Z,Oppo,Oppo,Mid,46200.0,330.0,2021.0,Yes,Mediatek Dimensity 800U (7 nm),0,Mediatek,Dimensity,8.0,8.0,128.0,128.0,60.0,6.43,"Super AMOLED, 430 nits (typ), 800 nits (peak)",4310.0,30.0,48.0,16.0,4.0,No,551706.0,1836.0,"Android 11, ColorOS 11.1",Yes,"Fluid Black, Cosmo Blue",0
Oppo A74 5G,Oppo,Oppo,Flagship,21000.0,150.0,2021.0,Yes,Qualcomm SM4350 Snapdragon 480 5G (8 nm),1,Qualcomm,Snapdragon,6.0,8.0,128.0,256.0,90.0,6.5,"IPS LCD, 90Hz, 480 nits (typ)",5000.0,18.0,48.0,16.0,4.0,No,446878.0,1597.0,"Android 11, ColorOS 11.1",Yes,"Fluid Black, Space Silver",0
Oppo A54 5G,Oppo,Oppo,Flagship,16800.0,120.0,2021.0,Yes,Qualcomm SM4350 Snapdragon 480 5G (8 nm),1,Qualcomm,Snapdragon,4.0,4.0,64.0,128.0,90.0,6.5,"IPS LCD, 90Hz, 480 nits (typ)",5000.0,10.0,48.0,16.0,4.0,No,191639.0,1597.0,"Android 11, ColorOS 11.1",Yes,"Fluid Black, Fantastic Purple, Space Silver",0
Oppo A94 5G,Oppo,Oppo,Mid,39200.0,280.0,2021.0,Yes,Mediatek Dimensity 800U (7 nm),0,Mediatek,Dimensity,8.0,8.0,128.0,128.0,60.0,6.43,"Super AMOLED, 430 nits (typ), 800 nits (peak)",4310.0,30.0,48.0,16.0,4.0,No,551706.0,1836.0,"Android 11, ColorOS 11.1",Yes,"Fluid Black, Space Silver, Cosmo Blue",0
Oppo A53s 5G,Oppo,Oppo,Budget,23800.0,170.0,2021.0,Yes,Mediatek Dimensity 700 (7 nm),0,Mediatek,Dimensity,6.0,8.0,128.0,128.0,60.0,6.52,"IPS LCD, 480 nits (typ)",5000.0,10.0,13.0,8.0,3.0,No,515647.0,1767.0,"Android 11, ColorOS 11.1",No,"Crystal Blue, Ink Black",0
Oppo A95 5G,Oppo,Oppo,Mid,31455.045871559632,224.6788990825688,2021.0,Yes,Mediatek Dimensity 800U (7 nm),0,Mediatek,Dimensity,8.0,8.0,128.0,256.0,60.0,6.43,"AMOLED, 430 nits (typ), 800 nits (peak)",4310.0,30.0,48.0,16.0,3.0,No,551706.0,1836.0,"Android 11, ColorOS 11.1",Yes,"Fluid Black, Cosmo Blue, Silver",0
Oppo Find N,Oppo,Oppo,Flagship,149800.0,1070.0,2021.0,Yes,Qualcomm SM8350 Snapdragon 888 5G (5 nm),1,Qualcomm,Snapdragon,8.0,12.0,256.0,512.0,120.0,7.1,"Foldable LTPO AMOLED, 120Hz, HDR10+, 500 nits (typ), 800 nits (HBM), 1000 nits (peak)",4500.0,33.0,50.0,32.0,3.0,Yes,703131.0,3478.0,"Android 11, upgradable to Android 14, ColorOS 14",Yes,"Black, White, Purple",0
Oppo K9x,Oppo,Oppo,Mid,26600.0,190.0,2021.0,Yes,Mediatek Dimensity 810 (6 nm),0,Mediatek,Dimensity,6.0,12.0,128.0,512.0,90.0,6.49,"IPS LCD, 90Hz, 480 nits (typ), 600 nits (HBM)",5000.0,33.0,64.0,16.0,3.0,No,583282.5,1900.0,"Android 11, ColorOS 11.1",No,"Black, Blue",0
Oppo Reno5 K,Oppo,Oppo,Mid,51800.0,370.0,2021.0,Yes,Qualcomm SM7225 Snapdragon 750G 5G (8 nm),0,Qualcomm,Snapdragon,8.0,12.0,128.0,256.0,90.0,6.43,"OLED, 90Hz, 600 nits (typ), 750 nits (peak)",4300.0,65.0,64.0,32.0,4.0,No,505016.0,1865.0,"Android 11, ColorOS 11.1",No,"Moonlight Black, Starry Dream, Blue Breeze",0
Oppo A93 5G,Oppo,Oppo,Flagship,36400.0,260.0,2021.0,Yes,Qualcomm SM4350 Snapdragon 480 5G (8 nm),1,Qualcomm,Snapdragon,8.0,8.0,128.0,256.0,90.0,6.5,"IPS LCD, 90Hz, 480 nits (typ)",5000.0,18.0,48.0,8.0,3.0,No,446878.0,1597.0,"Android 11, ColorOS 11.1",Yes,"Black, White, Aurora",0
Oppo A55 5G,Oppo,Oppo,Mid,28000.0,200.0,2021.0,Yes,Mediatek Dimensity 700 (7 nm),0,Mediatek,Dimensity,4.0,8.0,128.0,128.0,60.0,6.5,"IPS LCD, 480 nits (peak)",5000.0,10.0,13.0,8.0,3.0,No,515647.0,1767.0,"Android 11, ColorOS 11.1",No,"Black, Blue, Gold",0
Oppo Reno6 Z,Oppo,Oppo,Mid,49000.0,350.0,2021.0,Yes,Mediatek Dimensity 800U (7 nm),0,Mediatek,Dimensity,8.0,8.0,128.0,256.0,60.0,6.4,"AMOLED, 430 nits (typ), 600 nits (HDM), 800 nits (peak)",4310.0,30.0,64.0,32.0,3.0,No,551706.0,1836.0,"Android 11, upgradable to Android 13, ColorOS 13",Yes,"Black, Aurora",0
Oppo A93s 5G,Oppo,Oppo,Mid,36400.0,260.0,2021.0,Yes,Mediatek Dimensity 700 (7 nm),0,Mediatek,Dimensity,8.0,8.0,128.0,256.0,90.0,6.5,"IPS LCD, 90Hz, 480 nits (typ), 600 nits (peak)",5000.0,18.0,48.0,8.0,3.0,No,515647.0,1767.0,"Android 11, ColorOS 11.1",No,"Black, Blue, White",0
Oppo F19 Pro+ 5G,Oppo,Oppo,Mid,42000.0,300.0,2021.0,Yes,Mediatek Dimensity 800U (7 nm),0,Mediatek,Dimensity,8.0,8.0,128.0,128.0,60.0,6.43,"Super AMOLED, 430 nits (typ), 800 nits (peak)",4310.0,50.0,48.0,16.0,4.0,No,551706.0,1836.0,"Android 11, upgradable to Android 12, ColorOS 12",No,"Fluid Black, Space Silver, Cosmo Blue",0
Oppo Find X3 Pro,Oppo,Oppo,Flagship,28000.0,200.0,2021.0,Yes,Qualcomm SM8350 Snapdragon 888 5G (5 nm),1,Qualcomm,Snapdragon,8.0,16.0,256.0,512.0,120.0,6.7,"LTPO AMOLED, 1B colors, 120Hz, HDR10+, BT.2020, 500 nits (typ), 1300 nits (peak)",4500.0,65.0,50.0,32.0,4.0,Yes,656467.0,3316.0,"Android 11, upgradable to Android 14, ColorOS 14",Yes,"Gloss Black, Blue, White, Cosmic Mocha, Mars Edition, Photographer Edition",0
Oppo Find X3,Oppo,Oppo,Flagship,84000.0,600.0,2021.0,Yes,Qualcomm SM8250-AC Snapdragon 870 5G (7 nm),1,Qualcomm,Snapdragon,8.0,8.0,128.0,256.0,120.0,6.7,"LTPO AMOLED, 1B colors, 120Hz, HDR10+, BT.2020, 500 nits (typ), 1300 nits (peak)",4500.0,65.0,50.0,32.0,4.0,Yes,1119208.0,3520.0,"Android 11, upgradable to Android 13, ColorOS 13",Yes,"Gloss Black, Blue, White",0
Oppo Find X3 Neo,Oppo,Oppo,Flagship,25200.0,180.0,2021.0,Yes,Qualcomm SM8250 Snapdragon 865 5G (7 nm+),1,Qualcomm,Snapdragon,12.0,12.0,128.0,256.0,90.0,6.55,"AMOLED, 90Hz, HDR10+, 500 nits (typ), 1100 nits (peak)",4500.0,65.0,50.0,32.0,4.0,Yes,929774.0,3331.0,"Android 11, upgradable to Android 12, ColorOS",Yes,"Galactic Silver, Starlight Black",0
Oppo Find X3 Lite,Oppo,Oppo,Mid,29400.0,210.0,2021.0,Yes,Qualcomm SM7250 Snapdragon 765G 5G (7 nm),0,Qualcomm,Snapdragon,8.0,8.0,128.0,128.0,90.0,6.43,"AMOLED, 90Hz, 430 nits (typ), 750 nits (peak)",4300.0,65.0,64.0,32.0,4.0,No,671241.0,1836.0,"Android 11, upgradable to Android 13, ColorOS 13",Yes,"Galactic Silver, Azure Blue, Starry Black",0
Oppo K9,Oppo,Oppo,Mid,36400.0,260.0,2021.0,Yes,Qualcomm SM7250-AC Snapdragon 768G 5G (7 nm),0,Qualcomm,Snapdragon,8.0,8.0,128.0,256.0,90.0,6.43,"Super AMOLED, 90Hz, 430 nits (typ), 750 nits (peak)",4300.0,65.0,64.0,32.0,3.0,No,379927.0,1767.0,"Android 11, ColorOS 11.1",No,"Black, Aurora",0
Oppo Reno6 Pro+ 5G,Oppo,Oppo,Flagship,72800.0,520.0,2021.0,Yes,Qualcomm SM8250-AC Snapdragon 870 5G (7 nm),1,Qualcomm,Snapdragon,8.0,12.0,128.0,256.0,90.0,6.55,"AMOLED, 90Hz, HDR10+, 500 nits (typ), 800 nits (HDR), 1100 nits (peak)",4500.0,65.0,50.0,32.0,4.0,Yes,1018480.0,3520.0,"Android 11, upgradable to Android 12, ColorOS 12",Yes,"Arctic Blue, Lunar Grey",0
Oppo Reno6 Pro 5G,Oppo,Oppo,Budget,16800.0,120.0,2021.0,Yes,Mediatek Dimensity 1200 (6 nm),0,Mediatek,Dimensity,8.0,12.0,128.0,256.0,90.0,6.55,"AMOLED, 90Hz, HDR10+, 500 nits (typ), 800 nits (HBM)",4500.0,65.0,64.0,32.0,4.0,No,932621.5,3353.0,"Android 11, upgradable to Android 12, ColorOS 12",Yes,"Black, Blue, Aurora, Majestic Gold, Diwali Edition",0
Oppo Reno6 5G,Oppo,Oppo,Budget,22400.0,160.0,2021.0,Yes,Mediatek Dimensity 900 (6 nm),0,Mediatek,Dimensity,8.0,12.0,128.0,256.0,90.0,6.43,"AMOLED, 90Hz, 430 nits (typ), 600 nits (HBM), 750 nits (peak)",4300.0,65.0,64.0,32.0,3.0,No,362450.0,2131.0,"Android 11, upgradable to Android 12, ColorOS 12",Yes,"Stellar Black, Aurora, Blue, Purple",0
Oppo Reno7 Pro 5G,Oppo,Oppo,Mid,56000.0,400.0,2021.0,Yes,Mediatek Dimensity 1200 Max,0,Mediatek,Dimensity,8.0,12.0,256.0,256.0,90.0,6.55,"AMOLED, 90Hz, HDR10+, 500 nits (typ), 800 nits (HBM), 920 nits (peak)",4500.0,65.0,50.0,32.0,3.0,No,720632.0,1767.0,"Android 11, upgradable to Android 13, ColorOS 13",Yes,"Starlight Black, Startrails Blue, Gold, League of Legends",0
Oppo Reno7 5G (China),Oppo,Oppo,Mid,53200.0,380.0,2021.0,Yes,Qualcomm SM7325 Snapdragon 778G 5G (6 nm),0,Qualcomm,Snapdragon,8.0,12.0,128.0,256.0,90.0,6.43,"AMOLED, 90Hz, 430 nits (typ), 600 nits (HDR)",4500.0,60.0,64.0,32.0,3.0,No,791030.0,2943.0,"Android 11, ColorOS 12",Yes,"Black, Blue, Gold, Red (New Year Edition)",0
Oppo Reno7 SE 5G,Oppo,Oppo,Mid,43400.0,310.0,2021.0,Yes,Mediatek Dimensity 900 (6 nm),0,Mediatek,Dimensity,8.0,8.0,128.0,256.0,90.0,6.43,"AMOLED, 90Hz, 430 nits (typ), 600 nits (HDR)",4500.0,33.0,48.0,16.0,3.0,No,671241.0,2423.0,"Android 11, ColorOS 12",No,"Black, Blue, Gold",0
Oppo K9s,Oppo,Oppo,Mid,32200.0,230.0,2021.0,Yes,Qualcomm SM7325 Snapdragon 778G 5G (6 nm),0,Qualcomm,Snapdragon,6.0,8.0,128.0,256.0,120.0,6.59,"IPS LCD, 120Hz, 480 nits (typ), 600 nits (HBM)",5000.0,30.0,64.0,16.0,3.0,No,791030.0,2943.0,"Android 11, ColorOS 11.2",No,"Black, Silver, Aurora",0
Oppo A56 5G,Oppo,Oppo,Mid,30800.0,220.0,2021.0,Yes,Mediatek Dimensity 700 (7 nm),0,Mediatek,Dimensity,4.0,6.0,128.0,128.0,60.0,6.5,"IPS LCD, 480 nits (typ)",5000.0,10.0,13.0,8.0,2.0,No,531619.0,1767.0,"Android 11, ColorOS 11.1",No,"Black, Blue, Violet",0
Oppo Reno6 Pro 5G (Snapdragon),Oppo,Oppo,Flagship,32200.0,230.0,2021.0,Yes,Qualcomm SM8250-AC Snapdragon 870 5G (7 nm),1,Qualcomm,Snapdragon,12.0,12.0,256.0,256.0,90.0,6.55,"Super AMOLED, 90Hz, HDR10+, 500 nits (typ), 800 nits (HDR), 1100 nits (peak)",4500.0,65.0,50.0,32.0,4.0,Yes,671577.0,2941.0,"Android 11, upgradable to Android 12, ColorOS 12",Yes,"Arctic Blue, Lunar Grey",0
Oppo K9 Pro,Oppo,Oppo,Mid,50400.0,360.0,2021.0,Yes,Mediatek Dimensity 1200 (6 nm),0,Mediatek,Dimensity,8.0,12.0,128.0,256.0,120.0,6.43,"AMOLED, 120Hz, HDR10, 430 nits (typ), 800 nits (peak)",4500.0,60.0,64.0,16.0,3.0,No,932621.5,3353.0,"Android 11, ColorOS 11.3",Yes,"Black, Aurora",0
Oppo F21 Pro 5G,Oppo,Oppo,Mid,46200.0,330.0,2022.0,Yes,Qualcomm SM6375 Snapdragon 695 5G (6 nm),0,Qualcomm,Snapdragon,8.0,8.0,128.0,128.0,60.0,6.43,"AMOLED, 430 nits (typ), 600 nits (HBM)",4500.0,33.0,64.0,16.0,3.0,No,590710.0,2003.0,"Android 12, upgradable to Android 14, ColorOS 14",Yes,"Rainbow Spectrum, Cosmic Black, Dawnlight Gold, Starlight Black",0
Oppo A57,Oppo,Oppo,Mid,28000.0,200.0,2022.0,Yes,Mediatek Dimensity 810 (6 nm),0,Mediatek,Dimensity,6.0,8.0,128.0,256.0,90.0,6.56,"IPS LCD, 90Hz, 480 nits (typ), 600 nits (HBM)",5000.0,10.0,13.0,8.0,2.0,No,583282.5,1900.0,"Android 12, ColorOS 12.1",No,"Black, Blue, Lilac",0
Oppo Reno7 Lite,Oppo,Oppo,Mid,49000.0,350.0,2022.0,Yes,Qualcomm SM6375 Snapdragon 695 5G (6 nm),0,Qualcomm,Snapdragon,8.0,8.0,128.0,256.0,60.0,6.43,"AMOLED, 430 nits (typ), 600 nits (HBM)",4500.0,33.0,64.0,16.0,3.0,No,315250.0,1996.0,"Android 11, ColorOS 12",Yes,"Cosmic Black, Champagne Silver",0
Oppo A55s,Oppo,Oppo,Budget,22400.0,160.0,2022.0,Yes,Mediatek Dimensity 700 (7 nm),0,Mediatek,Dimensity,6.0,8.0,128.0,128.0,60.0,6.5,"IPS LCD, 480 nits (peak)",5000.0,10.0,13.0,8.0,3.0,No,515647.0,1767.0,"Android 11, ColorOS 11.1",No,"Black, Blue, Gold",0
Oppo K10 Pro,Oppo,Oppo,Flagship,50400.0,360.0,2022.0,Yes,Qualcomm SM8350 Snapdragon 888 5G (5 nm),1,Qualcomm,Snapdragon,8.0,12.0,128.0,256.0,120.0,6.62,"AMOLED, 120Hz, 500 nits (typ), 800 nits (HBM), 1300 nits (peak)",5000.0,80.0,50.0,16.0,3.0,Yes,2254164.0,3373.0,"Android 12, ColorOS 12.1",Yes,"Black, Blue",0
Oppo K10 5G (China),Oppo,Oppo,Mid,40600.0,290.0,2022.0,Yes,Mediatek Dimensity 8000 Max (5 nm),0,Mediatek,Dimensity,8.0,12.0,128.0,256.0,120.0,6.59,"IPS LCD, 120Hz, 480 nits (typ), 600 (HBM)",5000.0,67.0,64.0,16.0,3.0,No,583282.5,1999.5,"Android 12, ColorOS 12.1",Yes,"Black, Blue",0
Oppo Reno8 Z,Oppo,Oppo,Mid,49000.0,350.0,2022.0,Yes,Qualcomm SM6375 Snapdragon 695 5G (6 nm),0,Qualcomm,Snapdragon,8.0,8.0,128.0,256.0,60.0,6.43,"AMOLED, 430 nits (typ), 600 nits (HBM)",4500.0,33.0,64.0,16.0,3.0,No,590710.0,2003.0,"Android 12, ColorOS 12.1",Yes,"Starlight Black, Dawnlight Gold",0
Oppo Find N2 Flip,Oppo,Oppo,Mid,68600.0,490.0,2022.0,Yes,Mediatek Dimensity 9000+ (4 nm),0,Mediatek,Dimensity,8.0,16.0,256.0,512.0,120.0,6.8,"Foldable LTPO AMOLED, 120Hz, HDR10+, 1200 nits (HBM), 1600 nits (peak)",4300.0,44.0,50.0,32.0,2.0,No,773574.0,3265.0,"Android 13, up to 4 major Android upgrades, ColorOS 14",Yes,"Astral Black, Moonlit Purple, Gold",0
Oppo Find N2,Oppo,Oppo,Flagship,154000.0,1100.0,2022.0,Yes,Qualcomm SM8475 Snapdragon 8+ Gen 1 (4 nm),1,Qualcomm,Snapdragon,12.0,16.0,256.0,512.0,120.0,7.1,"Foldable LTPO AMOLED, 120Hz, HDR10+, 1200 nits (HBM), 1550 nits (peak)",4520.0,67.0,50.0,32.0,3.0,Yes,962082.0,3670.0,"Android 13, ColorOS 13",Yes,"Black, Green, White",0
Oppo A58x,Oppo,Oppo,Mid,25200.0,180.0,2022.0,Yes,Mediatek Dimensity 700 (7 nm),0,Mediatek,Dimensity,6.0,8.0,128.0,128.0,90.0,6.56,"IPS LCD, 90Hz, 480 nits (typ), 600 nits (HBM)",5000.0,10.0,13.0,8.0,2.0,No,515647.0,1767.0,"Android 12, ColorOS 12.1",No,"Black, Blue, Violet",0
Oppo Reno7 5G,Oppo,Oppo,Mid,25200.0,180.0,2022.0,Yes,Mediatek Dimensity 900 (6 nm),0,Mediatek,Dimensity,8.0,8.0,128.0,256.0,90.0,6.43,"AMOLED, 90Hz, HDR10+, 430 nits (typ), 600 nits (HBM), 800 nits (peak)",4500.0,65.0,64.0,32.0,3.0,No,407040.0,2276.0,"Android 11, upgradable to Android 13, ColorOS 13",Yes,"Stary Black, Startrails Blue",0
Oppo Find X5 Pro,Oppo,Oppo,Flagship,123174.31192660551,879.816513761468,2022.0,Yes,Qualcomm SM8450 Snapdragon 8 Gen 1 (4 nm) - Global Mediatek Dimensity 9000 (4 nm) - China,1,Qualcomm,Snapdragon,8.0,12.0,256.0,512.0,120.0,6.7,"LTPO2 AMOLED, 1B colors, 120Hz, HDR10+, BT.2020, 500 nits (typ), 800 nits (HBM), 1300 nits (peak)",5000.0,80.0,50.0,32.0,3.0,Yes,1012896.0,3433.0,"Android 12, upgradable to Android 14, ColorOS 14",Yes,"Ceramic Black, Ceramic White, Blue (eco leather)",0
Oppo Find X5,Oppo,Oppo,Flagship,49000.0,350.0,2022.0,Yes,Qualcomm SM8350 Snapdragon 888 5G (5 nm),1,Qualcomm,Snapdragon,8.0,12.0,128.0,256.0,120.0,6.55,"AMOLED, 1B colors, 120Hz, HDR10+, 500 nits (typ), 800 nits (HBM), 1000 nits (peak)",4800.0,80.0,50.0,32.0,3.0,Yes,810715.0,3331.0,"Android 12, upgradable to Android 14, ColorOS 14",Yes,"Black, White, Purple",0
Oppo Find X5 Lite,Oppo,Oppo,Mid,37800.0,270.0,2022.0,Yes,Mediatek Dimensity 900 (6 nm),0,Mediatek,Dimensity,8.0,8.0,256.0,256.0,90.0,6.43,"AMOLED, 90Hz, HDR10+, 430 nits (typ), 600 nits (HDR), 800 nits (peak)",4500.0,65.0,64.0,32.0,3.0,No,407040.0,2276.0,"Android 11, ColorOS 12",Yes,"Starlight Black, Startrails Blue",0
Oppo A96 (China),Oppo,Oppo,Mid,39200.0,280.0,2022.0,Yes,Qualcomm SM6375 Snapdragon 695 5G (6 nm),0,Qualcomm,Snapdragon,8.0,12.0,128.0,256.0,60.0,6.43,"OLED, 430 nits (typ), 600 nits (HDR)",4500.0,33.0,48.0,16.0,2.0,No,590710.0,2003.0,"Android 11, ColorOS 12",No,"Black, Blue, Pink",0
Oppo A97,Oppo,Oppo,Mid,43400.0,310.0,2022.0,Yes,Mediatek Dimensity 810 (6 nm),0,Mediatek,Dimensity,8.0,12.0,256.0,512.0,90.0,6.6,"IPS LCD, 90Hz",5000.0,33.0,48.0,12.0,2.0,No,583282.5,1900.0,"Android 12, ColorOS 12",No,"Blue, Black",0
Oppo Reno8 Pro,Oppo,Oppo,Mid,44800.0,320.0,2022.0,Yes,Mediatek Dimensity 8100 Max (5 nm),0,Mediatek,Dimensity,8.0,12.0,256.0,256.0,120.0,6.7,"AMOLED, 1B colors, 120Hz, HDR10+, 500 nits (typ), 800 nits (HBM), 950 nits (peak)",4500.0,80.0,50.0,32.0,3.0,No,718351.0,3395.0,"Android 12, upgradable to Android 14, ColorOS 14",Yes,"Glazed Green, Glazed Black, House of the Dragon",0
Oppo Reno8,Oppo,Oppo,Mid,26754.0,191.1,2022.0,Yes,Mediatek Dimensity 1300 (6 nm),0,Mediatek,Dimensity,8.0,12.0,128.0,256.0,90.0,6.4,"AMOLED, 90Hz, 430 nits (typ), 600 nits (HBM), 800 nits (peak)",4500.0,80.0,50.0,32.0,3.0,No,619610.0,2694.0,"Android 12, upgradable to Android 14, ColorOS 14",Yes,"Shimmer Gold, Shimmer Black",0
Oppo K10 5G,Oppo,Oppo,Mid,37800.0,270.0,2022.0,Yes,Mediatek Dimensity 810 (6 nm),0,Mediatek,Dimensity,6.0,8.0,128.0,128.0,90.0,6.56,"IPS LCD, 90Hz, 480 nits (typ), 600 nits (HBM)",5000.0,33.0,48.0,8.0,2.0,No,583282.5,1900.0,"Android 12, ColorOS 12.1",Yes,"Ocean Blue, Midnight Black",0
Oppo A77,Oppo,Oppo,Budget,21000.0,150.0,2022.0,Yes,Mediatek Dimensity 810 (6 nm),0,Mediatek,Dimensity,4.0,6.0,64.0,128.0,90.0,6.56,"IPS LCD, 90Hz, 480 nits (typ), 600 nits (HBM)",5000.0,33.0,48.0,8.0,2.0,No,583282.5,1900.0,"Android 12, upgradable to Android 14, ColorOS 14",Yes,"Ocean Blue, Midnight Black",0
Oppo Reno8 Lite,Oppo,Oppo,Mid,35000.0,250.0,2022.0,Yes,Qualcomm SM6375 Snapdragon 695 5G (6 nm),0,Qualcomm,Snapdragon,8.0,12.0,128.0,128.0,60.0,6.43,"AMOLED, 430 nits (typ), 600 nits (HBM)",4500.0,33.0,64.0,16.0,3.0,No,590710.0,2003.0,"Android 11, ColorOS 12",Yes,"Cosmic Black, Champagne Silver",1
Oppo Reno7 Z 5G,Oppo,Oppo,Mid,49000.0,350.0,2022.0,Yes,Qualcomm SM6375 Snapdragon 695 5G (6 nm),0,Qualcomm,Snapdragon,8.0,8.0,128.0,128.0,60.0,6.43,"AMOLED, 430 nits (typ), 600 nits (HBM)",4500.0,33.0,64.0,16.0,3.0,No,590710.0,2003.0,"Android 12, ColorOS 12",Yes,"Black, Rainbow",0
Oppo Reno8 Pro+,Oppo,Oppo,Mid,72800.0,520.0,2022.0,Yes,Mediatek Dimensity 8100 Max (5 nm),0,Mediatek,Dimensity,8.0,12.0,256.0,256.0,120.0,6.7,"AMOLED, 1B colors, 120Hz, HDR10+, 500 nits (typ), 800 nits (HBM), 950 nits (peak)",4500.0,80.0,50.0,32.0,3.0,No,1050251.0,3608.5,"Android 12, upgradable to Android 14, ColorOS 14",Yes,"Black, Silver, Mint",1
Oppo Reno8 Pro (China),Oppo,Oppo,Mid,58800.0,420.0,2022.0,Yes,Qualcomm SM7450-AB Snapdragon 7 Gen 1 (4 nm),0,Qualcomm,Snapdragon,8.0,12.0,128.0,256.0,120.0,6.62,"AMOLED, 120Hz, HDR10+, 500 nits (typ), 800 nits (HBM), 1300 nits (peak)",4500.0,80.0,50.0,32.0,3.0,No,820102.5,2885.0,"Android 12, upgradable to Android 14, ColorOS 14",Yes,"Black, Blue, Gold",1
Oppo Reno8 (China),Oppo,Oppo,Mid,49000.0,350.0,2022.0,Yes,Mediatek Dimensity 1300 (6 nm),0,Mediatek,Dimensity,8.0,12.0,128.0,256.0,90.0,6.43,"AMOLED, 90Hz, 430 nits (typ), 600 nits (HBM), 800 nits (peak)",4500.0,80.0,50.0,32.0,3.0,No,875430.5,3281.0,"Android 12, upgradable to Android 14, ColorOS 14",Yes,"Black, Blue, Gold, Violet",0
Oppo A58 (China),Oppo,Oppo,Mid,32200.0,230.0,2022.0,Yes,Mediatek Dimensity 700 (7 nm),0,Mediatek,Dimensity,6.0,8.0,128.0,256.0,90.0,6.56,"IPS LCD, 90Hz, 480 nits (typ), 600 nits (HBM)",5000.0,33.0,50.0,8.0,2.0,No,515647.0,1767.0,"Android 12, ColorOS 12.1",No,"Black, Blue, Violet",0
Oppo A1 Pro,Oppo,Oppo,Mid,36400.0,260.0,2022.0,Yes,Qualcomm SM6375 Snapdragon 695 5G (6 nm),0,Qualcomm,Snapdragon,8.0,12.0,128.0,256.0,120.0,6.7,"OLED, 1B colors, 120Hz, 500 nits (typ), 800 nits (HBM), 950 nits (peak)",4800.0,67.0,108.0,16.0,2.0,No,596993.0,2003.0,"Android 13, ColorOS 13",Yes,"Black, Blue, Gold",0
Oppo Reno9 Pro+,Oppo,Oppo,Flagship,103600.0,740.0,2022.0,Yes,Qualcomm SM8475 Snapdragon 8+ Gen 1 (4 nm),1,Qualcomm,Snapdragon,16.0,16.0,256.0,512.0,120.0,6.7,"AMOLED, 1B colors, 120Hz, HDR10+, 500 nits (typ), 800 nits (HBM), 950 nits (peak)",4700.0,80.0,50.0,32.0,3.0,Yes,1303229.0,3773.0,"Android 13, ColorOS 13",Yes,"Black, Gold, Mint",0
Oppo Reno9 Pro,Oppo,Oppo,Mid,65800.0,470.0,2022.0,Yes,Mediatek Dimensity 8100 Max (5 nm),0,Mediatek,Dimensity,16.0,16.0,256.0,512.0,120.0,6.7,"AMOLED, 1B colors, 120Hz, HDR10+, 500 nits (typ), 800 nits (HBM), 950 nits (peak)",4500.0,67.0,50.0,32.0,2.0,No,1050251.0,3608.5,"Android 13, ColorOS 13",Yes,"Black, Gold, Pink gradient",0
Oppo Reno9,Oppo,Oppo,Flagship,84000.0,600.0,2022.0,Yes,Qualcomm SM7325 Snapdragon 778G 5G (6 nm),0,Qualcomm,Snapdragon,8.0,12.0,256.0,512.0,120.0,6.7,"AMOLED, 1B colors, 120Hz, HDR10+, 500 nits (typ), 800 nits (HBM), 950 nits (peak)",4500.0,67.0,64.0,32.0,2.0,No,791030.0,2943.0,"Android 13, ColorOS 13",Yes,"Black, Gold, Pink gradient, Red",0
Oppo K10x,Oppo,Oppo,Mid,29400.0,210.0,2022.0,Yes,Qualcomm SM6375 Snapdragon 695 5G (6 nm),0,Qualcomm,Snapdragon,6.0,12.0,128.0,256.0,120.0,6.59,"IPS LCD, 120Hz, 480 nits (typ), 600 (HBM)",5000.0,67.0,64.0,16.0,3.0,No,590710.0,2003.0,"Android 12, ColorOS 12.1",No,"Blue, Black",0
Oppo A1,Oppo,Oppo,Mid,37800.0,270.0,2023.0,Yes,Qualcomm SM6375 Snapdragon 695 5G (6 nm),0,Qualcomm,Snapdragon,8.0,12.0,256.0,256.0,120.0,6.72,"IPS LCD, 120Hz, 550 nits (typ), 680 nits (HBM)",5000.0,67.0,50.0,8.0,2.0,No,590710.0,2003.0,"Android 13, ColorOS 13.1",No,"Black, Blue, Orange",0
Oppo Find N3 Flip,Oppo,Oppo,Flagship,168000.0,1200.0,2023.0,Yes,Mediatek Dimensity 9200 (4 nm),0,Mediatek,Dimensity,12.0,12.0,256.0,512.0,120.0,6.8,"Foldable LTPO AMOLED, 120Hz, HDR10+, 1200 nits (HBM), 1600 nits (peak)",4300.0,44.0,50.0,32.0,3.0,Yes,949796.0,3924.0,"Android 13, up to 4 major Android upgrades, ColorOS 14",Yes,"Cream Gold, Misty Pink, Sleek Black",0
Oppo A59,Oppo,Oppo,Budget,22400.0,160.0,2023.0,Yes,Mediatek Dimensity 6020 (7 nm),0,Mediatek,Dimensity,4.0,6.0,128.0,128.0,90.0,6.56,"IPS LCD, 90Hz, 480 nits (typ), 600 nits (HBM)",5000.0,33.0,13.0,8.0,2.0,No,518592.0,2032.0,"Android 13, upgradable to Android 15, ColorOS 15",No,"Silk Gold, Starry Black",0
Oppo Reno8 T 5G,Oppo,Oppo,Mid,47600.0,340.0,2023.0,Yes,Qualcomm SM6375 Snapdragon 695 5G (6 nm),0,Qualcomm,Snapdragon,8.0,8.0,128.0,256.0,120.0,6.7,"AMOLED, 1B colors, 120Hz, 500 nits (typ), 800 nits (HBM), 950 nits (peak)",4800.0,67.0,108.0,32.0,3.0,No,590710.0,2003.0,"Android 13, upgradable to Android 15, ColorOS 15",Yes,"Black Starlight (Midnight Black), Dawn Gold (Sunrise Gold)",0
Oppo A56s,Oppo,Oppo,Budget,21000.0,150.0,2023.0,Yes,Mediatek Dimensity 810 (6 nm),0,Mediatek,Dimensity,8.0,8.0,128.0,256.0,90.0,6.56,"IPS LCD, 90Hz, 480 nits (typ), 600 nits (HBM)",5000.0,10.0,13.0,8.0,2.0,No,583282.5,1900.0,"Android 12, ColorOS 12.1",No,"Black, Blue",0
Oppo A78,Oppo,Oppo,Mid,25802.0,184.3,2023.0,Yes,Mediatek Dimensity 700 (7 nm),0,Mediatek,Dimensity,4.0,8.0,128.0,256.0,90.0,6.56,"IPS LCD, 90Hz, 480 nits (typ), 600 nits (HBM)",5000.0,33.0,50.0,8.0,2.0,No,515647.0,1767.0,"Android 12, upgradable to Android 14, ColorOS 14",Yes,"Glowing Black, Glowing Purple",0
Oppo Reno10 Pro,Oppo,Oppo,Mid,51800.0,370.0,2023.0,Yes,Qualcomm SM7325 Snapdragon 778G 5G (6 nm),0,Qualcomm,Snapdragon,8.0,12.0,256.0,256.0,120.0,6.7,"AMOLED, 1B colors, 120Hz, HDR10+, 500 nits (typ), 800 nits (HBM), 950 nits (peak)",4600.0,80.0,50.0,32.0,3.0,Yes,495040.0,2795.0,"Android 13, upgradable to Android 15, ColorOS 15",Yes,"Silvery Grey, Glossy Purple",0
Oppo Reno10,Oppo,Oppo,Mid,66570.0,475.5,2023.0,Yes,Mediatek Dimensity 7050 (6 nm),0,Mediatek,Dimensity,8.0,8.0,128.0,256.0,120.0,6.7,"AMOLED, 1B colors, 120Hz, HDR10+, 500 nits (typ), 800 nits (HBM), 950 nits (peak)",5000.0,67.0,64.0,32.0,3.0,No,473621.0,2227.0,"Android 13, upgradable to Android 15, ColorOS 15",Yes,"Silvery Grey, Ice Blue",0
Oppo K11,Oppo,Oppo,Mid,37800.0,270.0,2023.0,Yes,Qualcomm Snapdragon 782G (6 nm),0,Qualcomm,Snapdragon,8.0,12.0,256.0,512.0,120.0,6.7,"AMOLED, 1B colors, 120Hz, HDR10+, 500 nits (typical), 1100 nits (peak)",5000.0,100.0,50.0,16.0,3.0,Yes,806420.0,3034.0,"Android 13, ColorOS 13.1",Yes,Moonshadow Gray; Glacier Blue,0
Oppo Find X6 Pro,Oppo,Oppo,Flagship,114800.0,820.0,2023.0,Yes,Qualcomm SM8550-AB Snapdragon 8 Gen 2 (4 nm),1,Qualcomm,Snapdragon,12.0,16.0,256.0,512.0,120.0,6.82,"LTPO3 AMOLED, 1B colors, 120Hz, Dolby Vision, HDR10+, 800 nits (typ), 1500 nits (HBM), 2500 nits (peak)",5000.0,100.0,50.0,32.0,3.0,Yes,1294797.0,4791.0,"Android 13, up to 4 major Android upgrades, ColorOS 14",Yes,"Black, Green, Brown",0
Oppo Find X6,Oppo,Oppo,Flagship,106400.0,760.0,2023.0,Yes,Mediatek Dimensity 9200 (4 nm),0,Mediatek,Dimensity,12.0,16.0,256.0,512.0,120.0,6.74,"AMOLED, 1B colors, 120Hz, HDR10+, 1100 nits (HBM), 1450 nits (peak)",4800.0,80.0,50.0,32.0,3.0,Yes,1755232.0,5281.0,"Android 13, ColorOS 13.1",Yes,"Black, Green, Gold",0
Oppo A1x,Oppo,Oppo,Mid,25200.0,180.0,2023.0,Yes,Mediatek Dimensity 700 (7 nm),0,Mediatek,Dimensity,6.0,8.0,128.0,128.0,90.0,6.56,"IPS LCD, 90Hz, 480 nits (typ), 600 nits (HBM)",5000.0,10.0,13.0,8.0,2.0,No,515647.0,1767.0,"Android 12, ColorOS 12.1",No,"Black, Blue",0
Oppo A98,Oppo,Oppo,Mid,40600.0,290.0,2023.0,Yes,Qualcomm SM6375 Snapdragon 695 5G (6 nm),0,Qualcomm,Snapdragon,8.0,8.0,256.0,256.0,120.0,6.72,"IPS LCD, 120Hz, 550 nits (typ), 680 nits (HBM)",5000.0,67.0,64.0,32.0,2.0,No,610141.0,2003.0,"Android 13, upgradable to Android 14, ColorOS 14",Yes,"Cool Black, Dreamy Blue",0
Oppo F23,Oppo,Oppo,Mid,37800.0,270.0,2023.0,Yes,Qualcomm SM6375 Snapdragon 695 5G (6 nm),0,Qualcomm,Snapdragon,8.0,8.0,128.0,256.0,120.0,6.72,"IPS LCD, 120Hz, 550 nits (typ), 680 nits (HBM)",5000.0,67.0,64.0,32.0,2.0,No,590710.0,2003.0,"Android 13, upgradable to Android 14, ColorOS 14",No,"Cool Black, Bold Gold",0
Oppo Reno10 Pro+,Oppo,Oppo,Flagship,75600.0,540.0,2023.0,Yes,Qualcomm SM8475 Snapdragon 8+ Gen 1 (4 nm),1,Qualcomm,Snapdragon,12.0,16.0,256.0,512.0,120.0,6.74,"AMOLED, 1B colors, 120Hz, HDR10+, 500 nits (typ), 1100 nits (HBM), 1400 nits (peak)",4700.0,100.0,50.0,32.0,3.0,Yes,1303229.0,3773.0,"Android 13, upgradable to Android 15, ColorOS 15",Yes,"Silvery Grey, Glossy Purple, Gold",0
Oppo Reno10 Pro (China),Oppo,Oppo,Mid,72800.0,520.0,2023.0,Yes,Mediatek Dimensity 8200 (4 nm),0,Mediatek,Dimensity,16.0,16.0,256.0,512.0,120.0,6.74,"OLED, 1B colors, 120Hz, HDR10+, 1400 nits (peak)",4600.0,100.0,50.0,32.0,3.0,Yes,1230221.5,3891.0,"Android 13, upgradable to Android 14, ColorOS 14",Yes,"Black, Gold, Blue",0
Oppo Reno10 (China),Oppo,Oppo,Mid,46200.0,330.0,2023.0,Yes,Qualcomm SM7325 Snapdragon 778G 5G (6 nm),0,Qualcomm,Snapdragon,8.0,12.0,256.0,512.0,120.0,6.7,"AMOLED, 1B colors, 120Hz, HDR10+, 950 nits (peak)",4600.0,80.0,64.0,32.0,3.0,No,791030.0,2943.0,"Android 13, upgradable to Android 14, ColorOS 14",Yes,"Black, Gold, Blue",0
Oppo K11x,Oppo,Oppo,Mid,35000.0,250.0,2023.0,Yes,Qualcomm SM6375 Snapdragon 695 5G (6 nm),0,Qualcomm,Snapdragon,8.0,12.0,128.0,256.0,120.0,6.72,"IPS LCD, 120Hz, 550 nits (typ), 680 nits (peak)",5000.0,67.0,108.0,16.0,2.0,No,412006.0,2052.0,"Android 13, ColorOS 13.1",No,"Jade Black, Pearl Blue",0
Oppo A2,Oppo,Oppo,Mid,30800.0,220.0,2023.0,Yes,Mediatek Dimensity 6020 (7 nm),0,Mediatek,Dimensity,12.0,12.0,256.0,512.0,90.0,6.72,"IPS LCD, 90Hz, 680 nits (peak)",5000.0,33.0,50.0,8.0,2.0,No,518592.0,2032.0,"Android 13, ColorOS 13.1",No,"Mystery Black, Glowing Green, Violet",0
Oppo Reno11 Pro (China),Oppo,Oppo,Flagship,63000.0,450.0,2023.0,Yes,Qualcomm SM8475 Snapdragon 8+ Gen 1 (4 nm),1,Qualcomm,Snapdragon,12.0,12.0,256.0,512.0,120.0,6.74,"OLED, 1B colors, 120Hz, HDR10+, 1200 nits (HBM), 1600 nits (peak)",4700.0,80.0,50.0,32.0,3.0,Yes,1303229.0,3773.0,"Android 14, ColorOS 14",Yes,"Black, Green, Silver",0
Oppo Reno11 (China),Oppo,Oppo,Mid,44800.0,320.0,2023.0,Yes,Mediatek Dimensity 8200 (4 nm),0,Mediatek,Dimensity,8.0,12.0,256.0,512.0,120.0,6.7,"OLED, 1B colors, 120Hz, HDR10+, 800 nits (HBM), 950 nits (peak)",4800.0,67.0,50.0,32.0,3.0,Yes,1230221.5,3891.0,"Android 14, ColorOS 14",Yes,"Black, Green, Silver",0
Oppo A2x,Oppo,Oppo,Budget,21000.0,150.0,2023.0,Yes,Mediatek Dimensity 6020 (7 nm),0,Mediatek,Dimensity,6.0,12.0,128.0,256.0,90.0,6.56,"IPS LCD, 90Hz, 720 nits (peak)",5000.0,10.0,13.0,5.0,2.0,No,518592.0,2032.0,"Android 13, ColorOS 13.1",No,"Black, Gold, Purple",0
Oppo Find N3,Oppo,Oppo,Flagship,231000.0,1650.0,2023.0,Yes,Qualcomm SM8550-AB Snapdragon 8 Gen 2 (4 nm),1,Qualcomm,Snapdragon,12.0,16.0,256.0,512.0,120.0,7.82,"Foldable LTPO3 OLED, 1B colors, Dolby Vision, 120Hz, 2800 nits (peak)",4805.0,67.0,48.0,20.0,3.0,Yes,1417837.0,5166.0,"Android 13, upgradable to Android 14, ColorOS 14",Yes,"Black, Green, Gold, Red",0
Oppo A79,Oppo,Oppo,Mid,26946.788990825688,192.47706422018348,2023.0,Yes,Mediatek Dimensity 6020 (7 nm),0,Mediatek,Dimensity,4.0,8.0,128.0,256.0,90.0,6.72,"IPS LCD, 90Hz, 680 nits (peak)",5000.0,33.0,50.0,8.0,2.0,No,518592.0,2032.0,"Android 13, upgradable to Android 15, ColorOS 15",No,"Mystery Black, Glowing Green, Dazzling Purple",0
Oppo A2 Pro,Oppo,Oppo,Mid,33600.0,240.0,2023.0,Yes,Mediatek Dimensity 7050 (6 nm),0,Mediatek,Dimensity,8.0,12.0,256.0,512.0,120.0,6.7,"AMOLED, 1B colors, 120Hz, 500 nits (typ), 800 nits (HBM), 950 nits (peak)",5000.0,67.0,64.0,8.0,2.0,No,596993.0,2398.0,"Android 13, ColorOS 13.1",No,"Black, Purple, Brown",0
Oppo A3 Pro (China),Oppo,Oppo,Mid,36400.0,260.0,2024.0,Yes,Mediatek Dimensity 7050 (6 nm),0,Mediatek,Dimensity,8.0,12.0,256.0,512.0,120.0,6.7,"AMOLED, 1B colors, 120Hz, 500 nits (typ), 800 nits (HBM), 950 nits (peak)",5000.0,67.0,64.0,8.0,2.0,No,792749.5,2398.0,"Android 14, ColorOS 14",No,"Blue, Pink, Mint",0
Oppo K12,Oppo,Oppo,Mid,35000.0,250.0,2024.0,Yes,Qualcomm SM7550-AB Snapdragon 7 Gen 3 (4 nm),0,Qualcomm,Snapdragon,8.0,12.0,256.0,512.0,120.0,6.7,"AMOLED, 1B colors, 120Hz, HDR10+, 500 nits (typ), 900 nits (HBM), 1100 nits (peak)",5500.0,100.0,50.0,16.0,2.0,Yes,1015317.5,2967.0,"Android 14, ColorOS 14",Yes,"Celadon Marble, Dark Chrome",0
Oppo A3x,Oppo,Oppo,Budget,16684.40366972477,119.1743119266055,2024.0,Yes,Mediatek Dimensity 6300 (6 nm),0,Mediatek,Dimensity,4.0,4.0,64.0,128.0,120.0,6.67,"IPS LCD, 120Hz, 1000 nits (HBM)",5100.0,45.0,8.0,5.0,2.0,No,551891.0,1980.0,"Android 14, ColorOS 14",No,"Sparkle Black, Starlight White, Starry Purple",0
Oppo A80,Oppo,Oppo,Mid,28000.0,200.0,2024.0,Yes,Mediatek Dimensity 6300 (6 nm),0,Mediatek,Dimensity,8.0,12.0,128.0,256.0,120.0,6.67,"IPS LCD, 120Hz, 1000 nits (HBM)",5100.0,45.0,50.0,8.0,2.0,No,593292.0,1980.0,"Android 14, upgradable to Android 15, ColorOS 15",Yes,"Moonlit Purple, Starry Black",0
Oppo F27,Oppo,Oppo,Mid,35000.0,250.0,2024.0,Yes,Mediatek Dimensity 6300 (6 nm),0,Mediatek,Dimensity,8.0,8.0,128.0,256.0,120.0,6.67,"AMOLED, 120Hz, 600 nits (typ), 1200 nits (HMB), 2100 nits (peak)",5000.0,45.0,50.0,32.0,2.0,No,551891.0,1980.0,"Android 14, ColorOS 14",Yes,"Emerald Green, Amber Orange",0
Oppo A3,Oppo,Oppo,Budget,23117.981651376147,165.12844036697248,2024.0,Yes,Mediatek Dimensity 6300 (6 nm),0,Mediatek,Dimensity,4.0,8.0,128.0,256.0,120.0,6.67,"IPS LCD, 120Hz, 1000 nits (HBM)",5100.0,45.0,50.0,5.0,2.0,No,551891.0,1980.0,"Android 14, ColorOS 14",No,"Ocean Blue, Nebula Red",0
Oppo A5 Pro (China),Oppo,Oppo,Mid,36400.0,260.0,2024.0,Yes,Mediatek Dimensity 7300 (4 nm),0,Mediatek,Dimensity,8.0,12.0,256.0,512.0,120.0,6.7,"AMOLED, 1B colors, 120Hz, 600 nits (typ), 1200 nits (HBM)",6000.0,80.0,50.0,16.0,2.0,No,877437.0,2936.0,"Android 15, ColorOS 15",Yes,"Black, White, Red, Purple",0
Oppo Reno11 F,Oppo,Oppo,Mid,42256.880733944956,301.8348623853211,2024.0,Yes,Mediatek Dimensity 7050 (6 nm),0,Mediatek,Dimensity,8.0,8.0,256.0,256.0,120.0,6.7,"AMOLED, 1B colors, 120Hz, HDR10+, 500 nits (typ), 900 nits (HBM), 1100 nits (peak)",5000.0,67.0,64.0,32.0,3.0,No,792749.5,2398.0,"Android 14, upgradable to Android 15, ColorOS 15",Yes,"Palm Green, Ocean Blue, Coral Purple",0
Oppo F25 Pro,Oppo,Oppo,Mid,33393.21100917431,238.5229357798165,2024.0,Yes,Mediatek Dimensity 7050 (6 nm),0,Mediatek,Dimensity,8.0,8.0,128.0,256.0,120.0,6.7,"AMOLED, 1B colors, 120Hz, HDR10+, 500 nits (typ), 900 nits (HBM), 1100 nits (peak)",5000.0,67.0,64.0,32.0,3.0,No,792749.5,2398.0,"Android 14, upgradable to Android 15, ColorOS 15",No,"Ocean Blue, Lava Red",0
Oppo Find X7 Ultra,Oppo,Oppo,Flagship,218347.3394495413,1559.6238532110092,2024.0,Yes,Qualcomm SM8650-AB Snapdragon 8 Gen 3 (4 nm),1,Qualcomm,Snapdragon,12.0,16.0,256.0,512.0,120.0,6.82,"LTPO AMOLED, 1B colors, 120Hz, Dolby Vision, HDR10+, 1600 nits (typ), 2600 nits (HBM), 4500 nits (peak)",5000.0,100.0,50.0,32.0,4.0,Yes,1994239.0,6472.0,"Android 14, upgradable to Android 16, ColorOS 16, up to 4 major Android upgrades",Yes,"Black, Dark Blue, Light Brown",0
Oppo Find X7,Oppo,Oppo,Flagship,72800.0,520.0,2024.0,Yes,Mediatek Dimensity 9300 (4 nm),1,Mediatek,Dimensity,12.0,16.0,256.0,512.0,120.0,6.78,"LTPO AMOLED, 1B colors, 120Hz, Dolby Vision, HDR10+, 1600 nits (typ), 2300 nits (HBM), 4500 nits (peak)",5000.0,100.0,50.0,32.0,3.0,Yes,2324032.0,7538.0,"Android 14, ColorOS 14",Yes,"Black, Dark Blue, Light Brown, Purple",0
Oppo Reno11 Pro,Oppo,Oppo,Mid,61600.0,440.0,2024.0,Yes,Mediatek Dimensity 8200 (4 nm),0,Mediatek,Dimensity,12.0,12.0,256.0,512.0,120.0,6.7,"AMOLED, 1B colors, 120Hz, HDR10+, 800 nits (HBM), 950 nits (peak)",4600.0,80.0,50.0,32.0,3.0,Yes,1230221.5,3891.0,"Android 14, upgradable to Android 15, ColorOS 15",Yes,"Pearl White, Rock Grey",0
Oppo Reno11,Oppo,Oppo,Mid,29400.0,210.0,2024.0,Yes,Mediatek Dimensity 7050 (6 nm),0,Mediatek,Dimensity,8.0,12.0,128.0,256.0,120.0,6.7,"AMOLED, 1B colors, 120Hz, HDR10+, 800 nits (HBM), 950 nits (peak)",5000.0,67.0,50.0,32.0,3.0,Yes,792749.5,2398.0,"Android 14, upgradable to Android 15, ColorOS 15",Yes,"Wave Green, Rock Grey",0
Oppo A3 (China),Oppo,Oppo,Mid,29400.0,210.0,2024.0,Yes,Qualcomm SM6375 Snapdragon 695 5G (6 nm),0,Qualcomm,Snapdragon,8.0,12.0,256.0,512.0,120.0,6.7,"AMOLED, 1B colors, 120Hz, 600 nits (typ), 1200 nits (peak)",5000.0,45.0,50.0,8.0,2.0,No,590710.0,2003.0,"Android 14, ColorOS 14",No,"Black, Purple, Green",0
Oppo A3x (China),Oppo,Oppo,Budget,21000.0,150.0,2024.0,Yes,Mediatek Dimensity 6300 (6 nm),0,Mediatek,Dimensity,4.0,8.0,128.0,512.0,120.0,6.67,"IPS LCD, 120Hz, 1000 nits (HBM)",5100.0,45.0,32.0,8.0,2.0,No,551891.0,1980.0,"Android 14, ColorOS 14",No,"Black, Purple, White",0
Oppo K12x,Oppo,Oppo,Budget,21000.0,150.0,2024.0,Yes,Mediatek Dimensity 6300 (6 nm),0,Mediatek,Dimensity,6.0,8.0,128.0,256.0,120.0,6.67,"IPS LCD, 120Hz, 1000 nits (HBM)",5100.0,45.0,32.0,8.0,2.0,No,551891.0,1980.0,"Android 14, ColorOS 14",No,"Breeze Blue, Midnight Violet",1
Oppo F27 Pro+,Oppo,Oppo,Mid,42372.477064220184,302.6605504587156,2024.0,Yes,Mediatek Dimensity 7050 (6 nm),0,Mediatek,Dimensity,8.0,8.0,128.0,256.0,120.0,6.7,"AMOLED, 1B colors, 120Hz, 500 nits (typ), 800 nits (HBM), 950 nits (peak)",5000.0,67.0,64.0,8.0,2.0,No,792749.5,2398.0,"Android 14, ColorOS 14",No,Blue,0
Oppo Reno12 Pro,Oppo,Oppo,Mid,55860.0,399.0,2024.0,Yes,Mediatek Dimensity 7300 Energy (4 nm),0,Mediatek,Dimensity,12.0,12.0,256.0,512.0,120.0,6.7,"AMOLED, 1B colors, 120Hz, HDR10+, 1200 nits (peak)",5000.0,80.0,50.0,50.0,3.0,Yes,681677.0,2625.0,"Android 14, up to 3 major Android upgrades, ColorOS 14.1",Yes,"Space Brown, Sunset Gold, Nebula Silver, Manish Malhotra",0
Oppo Reno12,Oppo,Oppo,Mid,44800.0,320.0,2024.0,Yes,Mediatek Dimensity 7300 Energy (4 nm),0,Mediatek,Dimensity,8.0,12.0,256.0,512.0,120.0,6.7,"AMOLED, 1B colors, 120Hz, HDR10+, 1200 nits (peak)",5000.0,80.0,50.0,32.0,3.0,Yes,681613.0,2631.0,"Android 14, up to 3 major Android upgrades, ColorOS 14.1",Yes,"Matte Brown, Sunset Pink, Astro Silver",0
Oppo A3 Pro,Oppo,Oppo,Budget,23117.981651376147,165.12844036697248,2024.0,Yes,Mediatek Dimensity 6300 (6 nm),0,Mediatek,Dimensity,6.0,8.0,128.0,256.0,120.0,6.67,"IPS LCD, 120Hz, 1000 nits (HBM)",5100.0,45.0,50.0,8.0,2.0,No,596993.0,1980.0,"Android 14, upgradable to Android 15, ColorOS 15",Yes,"Moonlit Purple, Starry Black",0
Oppo Reno12 F,Oppo,Oppo,Mid,38530.82568807339,275.2201834862385,2024.0,Yes,Mediatek Dimensity 6300 (6 nm),0,Mediatek,Dimensity,8.0,12.0,256.0,512.0,120.0,6.67,"AMOLED, 1B colors, 120Hz, 600 nits (typ), 1200 nits (HMB), 2100 nits (peak)",5000.0,45.0,50.0,32.0,3.0,Yes,551891.0,1980.0,"Android 14, upgradable to Android 15, ColorOS 15",Yes,"Olive Green, Amber Orange",0
Oppo K12x (China),Oppo,Oppo,Budget,23800.0,170.0,2024.0,Yes,Qualcomm SM6375 Snapdragon 695 5G (6 nm),0,Qualcomm,Snapdragon,8.0,12.0,128.0,512.0,120.0,6.67,"OLED, 120Hz, 600 nits (typ), 1200 nits (HBM), 2100 nits (peak)",5500.0,80.0,50.0,16.0,2.0,No,590710.0,2003.0,"Android 14, ColorOS 14",No,"Gray, Light Green",0
Oppo Reno12 Pro (China),Oppo,Oppo,Mid,61600.0,440.0,2024.0,Yes,Mediatek Dimensity 9200+ (4 nm),0,Mediatek,Dimensity,12.0,16.0,256.0,512.0,120.0,6.7,"AMOLED, 1B colors, 120Hz, HDR10+, 1200 nits (peak)",5000.0,80.0,50.0,50.0,3.0,Yes,1768236.0,5281.0,"Android 14, ColorOS 14.1",Yes,"Black, Purple, Rose Gold",0
Oppo Reno12 (China),Oppo,Oppo,Mid,49000.0,350.0,2024.0,Yes,Mediatek Dimensity 8250 (4 nm),0,Mediatek,Dimensity,12.0,16.0,256.0,512.0,120.0,6.7,"AMOLED, 1B colors, 120Hz, HDR10+, 1200 nits (peak)",5000.0,80.0,50.0,50.0,3.0,Yes,792749.5,2398.0,"Android 14, ColorOS 14.1",Yes,"Black, Silver, peach",0
Oppo Reno13 Pro,Oppo,Oppo,Mid,57260.0,409.0,2024.0,Yes,Mediatek Dimensity 8350 (4 nm),0,Mediatek,Dimensity,12.0,16.0,256.0,512.0,120.0,6.83,"AMOLED, 1B colors, 120Hz, 3840Hz PWM, HDR10+, 1200 nits (peak)",5800.0,80.0,50.0,50.0,3.0,Yes,1154641.0,4138.0,"Android 15, ColorOS 15",Yes,"Graphite Grey, Plume Purple, Pink",0
Oppo Reno13,Oppo,Oppo,Mid,53943.66972477065,385.3119266055046,2024.0,Yes,Mediatek Dimensity 8350 (4 nm),0,Mediatek,Dimensity,8.0,16.0,128.0,512.0,120.0,6.59,"AMOLED, 1B colors, 120Hz, 3840Hz PWM, HDR10+, 1200 nits (peak)",5600.0,80.0,50.0,50.0,3.0,Yes,1378614.0,4208.0,"Android 15, ColorOS 15",Yes,"Plume White, Luminous Blue, Black, Purple, Blue",0
Oppo K12 Plus,Oppo,Oppo,Mid,35000.0,250.0,2024.0,Yes,Qualcomm SM7550-AB Snapdragon 7 Gen 3 (4 nm),0,Qualcomm,Snapdragon,8.0,12.0,256.0,512.0,120.0,6.7,"AMOLED, 1B colors, 120Hz, 500 nits (typ), 900 nits (HBM), 1100 nits (peak)",6400.0,80.0,50.0,16.0,2.0,Yes,1015317.5,2967.0,"Android 14, ColorOS 14.0",Yes,"Black, White",0
Oppo Find X8 Pro,Oppo,Oppo,Flagship,152290.6,1087.79,2024.0,Yes,Mediatek Dimensity 9400 (3 nm),1,Mediatek,Dimensity,12.0,16.0,256.0,512.0,120.0,6.78,"LTPO AMOLED, 1B colors, 120Hz, 2160Hz PWM, Dolby Vision, HDR10+, 800 nits (typ), 1600 nits (HBM), 4500 nits (peak)",5910.0,80.0,50.0,32.0,4.0,Yes,2701287.0,8819.0,"Android 15, up to 5 major Android upgrades, ColorOS 15",Yes,"Space Black, Pearl White, Blue",0
Oppo Find X8,Oppo,Oppo,Flagship,77062.93577981651,550.4495412844037,2024.0,Yes,Mediatek Dimensity 9400 (3 nm),1,Mediatek,Dimensity,12.0,16.0,256.0,512.0,120.0,6.59,"AMOLED, 1B colors, 120Hz, 3840Hz PWM, Dolby Vision, HDR10+, 800 nits (typ), 1600 nits (HBM), 4500 nits (peak)",5630.0,80.0,50.0,32.0,3.0,Yes,2751909.0,8885.0,"Android 15, up to 5 major Android upgrades, ColorOS 15",Yes,"Star Grey, Space Black, Shell Pink, Blue",0
Oppo Find X8 Ultra,Oppo,Oppo,Flagship,218347.3394495413,1559.6238532110092,2025.0,Yes,Qualcomm SM8750-AB Snapdragon 8 Elite (3 nm),1,Qualcomm,Snapdragon,12.0,16.0,256.0,512.0,120.0,6.82,"LTPO AMOLED, 1B colors, 120Hz, 2160Hz PWM, Dolby Vision, HDR Vivid, HDR10+, 800 nits (typ), 1600 nits (HBM), 2500 nits (peak)",6100.0,100.0,50.0,32.0,4.0,Yes,2710432.0,9503.0,"Android 15, upgradable to Android 16, ColorOS 16",Yes,"Matte Black, Pure White, Shell Pink",0
Oppo Find X8s+,Oppo,Oppo,Flagship,79631.74311926606,568.7981651376147,2025.0,Yes,Mediatek Dimensity 9400+ (3 nm),1,Mediatek,Dimensity,12.0,16.0,256.0,512.0,120.0,6.59,"AMOLED, 1B colors, 120Hz, 2160Hz PWM, Dolby Vision, HDR Vivid, HDR10+, 800 nits (typ), 1600 nits (HBM)",6000.0,80.0,50.0,32.0,3.0,Yes,3001855.0,8810.0,"Android 15, ColorOS 15",Yes,"Black, White, Purple",0
Oppo Find X8s,Oppo,Oppo,Flagship,79631.74311926606,568.7981651376147,2025.0,Yes,Mediatek Dimensity 9400+ (3 nm),1,Mediatek,Dimensity,12.0,16.0,256.0,512.0,120.0,6.32,"AMOLED, 1B colors, 120Hz, 2160Hz PWM, Dolby Vision, HDR Vivid, HDR10+, 800 nits (typ), 1600 nits (HBM)",5700.0,80.0,50.0,32.0,3.0,Yes,3001855.0,8810.0,"Android 15, ColorOS 15",Yes,"Black, Blue, White, Pink",0
Oppo K13,Oppo,Oppo,Mid,26600.0,190.0,2025.0,Yes,Qualcomm Snapdragon 6 Gen 4 (4 nm),0,Qualcomm,Snapdragon,8.0,12.0,128.0,512.0,120.0,6.67,"AMOLED, 120Hz, 1920Hz PWM, 600 nits (typ), 1200 nits (peak)",7000.0,80.0,50.0,16.0,2.0,No,897113.0,3077.0,"Android 15, up to 2 major Android upgrades, ColorOS 15",No,"Icy Purple, Prism Black, White",0
Oppo A6x (India),Oppo,Oppo,Budget,16800.0,120.0,2025.0,Yes,Mediatek Dimensity 6300 (6 nm),0,Mediatek,Dimensity,4.0,6.0,64.0,256.0,120.0,6.75,"IPS LCD, 120Hz, 1125 nits (peak)",6500.0,45.0,13.0,5.0,1.0,No,551891.0,1980.0,"Android 15, ColorOS 15",No,"Olive Green, Ice Blue",0
Oppo Reno 15c,Oppo,Oppo,Mid,49000.0,350.0,2025.0,Yes,Qualcomm SM7750-AB Snapdragon 7 Gen 4 (4 nm),0,Qualcomm,Snapdragon,12.0,12.0,256.0,512.0,120.0,6.59,"AMOLED, 1B colors, 120Hz, 3840Hz PWM, 600 nits (typ), 1200 nits (HBM)",6500.0,80.0,50.0,50.0,3.0,Yes,1307414.0,3506.0,"Android 16, ColorOS 16",Yes,"Dark blue, Aurora blue, White",0
Oppo Pad 5 Matte Display,Oppo,Oppo,Flagship,32200.0,230.0,2025.0,Yes,Mediatek Dimensity 7300 Ultra (4 nm),1,Mediatek,Dimensity,8.0,12.0,128.0,256.0,120.0,12.1,"IPS LCD, 68B colors, 120Hz, 600 nits (typ), 900 nits (HBM)",10050.0,33.0,8.0,8.0,1.0,No,855283.0,2913.0,"Android 16, ColorOS 16",No,"Starlight Black, Aurora Pink",0
Oppo Find N5,Oppo,Oppo,Flagship,197946.0,1413.9,2025.0,Yes,Qualcomm SM8750-3-AB Snapdragon 8 Elite (3 nm),1,Qualcomm,Snapdragon,12.0,16.0,256.0,512.0,120.0,8.12,"Foldable LTPO OLED, 1B colors, Dolby Vision, HDR10+, HDR Vivid, 120Hz, 1400 nits (HBM), 2100 nits (peak)",5600.0,80.0,50.0,8.0,3.0,Yes,2274385.0,8218.0,"Android 15, ColorOS 15",Yes,"Cosmic Black, Misty White, Dusk Purple",0
Oppo A5 Pro,Oppo,Oppo,Budget,22398.600000000002,159.99,2025.0,Yes,Mediatek Dimensity 6300 (6 nm),0,Mediatek,Dimensity,6.0,12.0,128.0,256.0,120.0,6.67,"IPS LCD, 120Hz, 1160Hz PWM, 1000 nits (HBM)",5800.0,45.0,50.0,8.0,2.0,No,596993.0,1980.0,"Android 15, ColorOS 15",Yes,"Flower Pink, Mocha Brown (Chocolate Mocha), Feather Blue",0
Oppo Reno13 F,Oppo,Oppo,Budget,7002.8,50.02,2025.0,Yes,Qualcomm SM6450 Snapdragon 6 Gen 1 (4 nm),0,Qualcomm,Snapdragon,8.0,12.0,128.0,512.0,120.0,6.67,"AMOLED, 120Hz, 600 nits (typ), 1200 nits (HMB), 2100 nits (peak)",5800.0,45.0,50.0,32.0,3.0,Yes,732630.0,2719.0,"Android 15, ColorOS 15",Yes,"Graphite Grey, Plume Purple, Luminous Blue",0
Oppo K13 Turbo,Oppo,Oppo,Mid,34677.61467889908,247.697247706422,2025.0,Yes,Mediatek Dimensity 8450 (4 nm),0,Mediatek,Dimensity,8.0,16.0,128.0,512.0,120.0,6.8,"AMOLED, 1B colors, 120Hz, 1600 nits (peak)",7000.0,80.0,50.0,16.0,2.0,No,1990099.0,6406.0,"Android 15, ColorOS 15",Yes,"Purple Phantom, Midnight Maverick, White Knight",0
Oppo K13 Turbo Pro,Oppo,Oppo,Flagship,47600.0,340.0,2025.0,Yes,Qualcomm SM8735 Snapdragon 8s Gen 4 (4 nm),1,Qualcomm,Snapdragon,8.0,16.0,256.0,512.0,120.0,6.8,"AMOLED, 1B colors, 120Hz, 1600 nits (peak)",7000.0,80.0,50.0,16.0,2.0,Yes,2350264.0,6385.0,"Android 15, ColorOS 15",Yes,"Silver Knight, Purple Phantom, Midnight Maverick",0
Oppo K13x,Oppo,Oppo,Budget,20422.018348623853,145.87155963302752,2025.0,Yes,Mediatek Dimensity 6300 (6 nm),0,Mediatek,Dimensity,4.0,8.0,128.0,256.0,120.0,6.67,"IPS LCD, 120Hz, 850 nits (typ), 1000 nits (HBM)",6000.0,45.0,50.0,8.0,2.0,No,897113.0,1980.0,"Android 15, ColorOS 15",Yes,"Sunset Peach, Midnight Violet (Midnight Purple), Breeze Blue",0
Oppo Reno14 F,Oppo,Oppo,Mid,51374.8623853211,366.9633027522936,2025.0,Yes,Qualcomm SM6450 Snapdragon 6 Gen 1 (4 nm),0,Qualcomm,Snapdragon,8.0,12.0,256.0,512.0,120.0,6.57,"AMOLED, 1B colors, 120Hz, 600 nits (typ), 1400 nits (HBM)",6000.0,45.0,50.0,32.0,3.0,Yes,732630.0,2719.0,"Android 15, ColorOS 15",Yes,"Glossy Pink, Luminous Green, Opal Blue",0
Oppo A5 Energy,Oppo,Oppo,Budget,21000.0,150.0,2025.0,Yes,Mediatek Dimensity 6300 (6 nm),0,Mediatek,Dimensity,8.0,12.0,256.0,512.0,90.0,6.67,"IPS LCD, 90Hz, 1000 nits (HBM)",5800.0,45.0,50.0,8.0,2.0,No,551891.0,1980.0,"Android 15, ColorOS 15",Yes,"Flower Pink, Mocha Brown (Mocha Chocolate), Jade Green (Moss Green)",0
Oppo A5 (China),Oppo,Oppo,Budget,22400.0,160.0,2025.0,Yes,Qualcomm SM6450 Snapdragon 6 Gen 1 (4 nm),0,Qualcomm,Snapdragon,8.0,12.0,128.0,512.0,120.0,6.7,"AMOLED, 1B colors, 120Hz, 600 nits (typ), 1200 nits (HBM)",6500.0,45.0,50.0,8.0,2.0,No,732630.0,2719.0,"Android 15, ColorOS 15",Yes,"Black, Blue, Pink",0
Oppo F29 Pro,Oppo,Oppo,Mid,42000.0,300.0,2025.0,Yes,Mediatek Dimensity 7300 Energy (4 nm),0,Mediatek,Dimensity,8.0,12.0,128.0,256.0,120.0,6.7,"AMOLED, 1B colors, 120Hz, 600 nits (typ), 1200 nits (HBM)",6000.0,80.0,50.0,16.0,2.0,Yes,920845.5,2628.0,"Android 15, ColorOS 15",No,"Marble White, Granite Black",0
Oppo F29,Oppo,Oppo,Mid,36400.0,260.0,2025.0,Yes,Qualcomm SM6450 Snapdragon 6 Gen 1 (4 nm),0,Qualcomm,Snapdragon,8.0,8.0,128.0,256.0,120.0,6.7,"AMOLED, 1B colors, 120Hz, 600 nits (typ), 1200 nits (HBM)",6500.0,45.0,50.0,16.0,2.0,No,732630.0,2719.0,"Android 15, ColorOS 15",No,"Deep Purple, Glacier Blue",0
Oppo A5,Oppo,Oppo,Budget,18186.0,129.9,2025.0,Yes,Mediatek Dimensity 6300 (6 nm),0,Mediatek,Dimensity,4.0,8.0,128.0,256.0,120.0,6.67,"IPS LCD, 120Hz, 1000 nits (HBM)",6000.0,45.0,50.0,8.0,2.0,No,191639.0,1980.0,"Android 15, ColorOS 15",Yes,"Aurora Green, Mist White",0
Oppo Reno14 Pro,Oppo,Oppo,Flagship,112000.0,800.0,2025.0,Yes,Mediatek Dimensity 8450 (4 nm),0,Mediatek,Dimensity,12.0,16.0,256.0,512.0,120.0,6.83,"AMOLED, 1B colors, 120Hz, 3840Hz PWM, HDR10+, 600 nits (typ), 1200 nits (HBM)",6200.0,80.0,50.0,50.0,3.0,Yes,2048465.0,6406.0,"Android 15, ColorOS 15",Yes,"Titanium Gray, Brilliant White (Opal White), Purple",0
Oppo Reno14,Oppo,Oppo,Mid,51374.8623853211,366.9633027522936,2025.0,Yes,Mediatek Dimensity 8350 (4 nm),0,Mediatek,Dimensity,8.0,16.0,256.0,512.0,120.0,6.59,"AMOLED, 1B colors, 120Hz, 3840Hz PWM, HDR10+, 600 nits (typ), 1200 nits (HBM)",6000.0,80.0,50.0,50.0,3.0,Yes,1721992.0,4313.0,"Android 15, ColorOS 15",Yes,"Tranquil Green (Forest Green), Brilliant White (Pearl White), Black, Green",0
Oppo A5x,Oppo,Oppo,Budget,21000.0,150.0,2025.0,Yes,Mediatek Dimensity 6300 (6 nm),0,Mediatek,Dimensity,4.0,6.0,64.0,128.0,120.0,6.67,"IPS LCD, 120Hz, 1000 nits (HBM)",6000.0,45.0,32.0,5.0,1.0,No,551891.0,1980.0,"Android 15, ColorOS 15",No,"Tranquil Lake Green, Laser White",0
Oppo Reno15 Pro (China),Oppo,Oppo,Mid,63000.0,450.0,2025.0,Yes,Mediatek Dimensity 8450 (4 nm),0,Mediatek,Dimensity,12.0,16.0,256.0,512.0,120.0,6.78,"LTPO AMOLED, 1B colors, 120Hz, 2160Hz PWM, HDR10+, 600 nits (typ), 1800 nits (HBM), 3600 nits (peak)",6500.0,80.0,200.0,50.0,3.0,Yes,2048465.0,6406.0,"Android 16, ColorOS 16",Yes,"Dusk Brown, Gold, White",0
Oppo Reno15 (China),Oppo,Oppo,Mid,50400.0,360.0,2025.0,Yes,Mediatek Dimensity 8450 (4 nm),0,Mediatek,Dimensity,12.0,16.0,256.0,512.0,120.0,6.32,"AMOLED, 1B colors, 120Hz, 3840Hz PWM, HDR10+, 600 nits (typ), 1800 nits (HBM), 3600 nits (peak)",6200.0,80.0,200.0,50.0,3.0,Yes,2048465.0,6406.0,"Android 16, ColorOS 16",Yes,"Blue, Brown, White",0
Oppo Find X9 Pro,Oppo,Oppo,Flagship,167699.0,1197.85,2025.0,Yes,Mediatek Dimensity 9500 (3 nm),1,Mediatek,Dimensity,12.0,16.0,256.0,512.0,120.0,6.78,"LTPO AMOLED, 1B colors, 120Hz, 2160Hz PWM, Dolby Vision, HDR10+, HDR Vivid, 800 nits (typ), 1800 nits (HBM), 3600 nits (peak)",7500.0,80.0,50.0,50.0,3.0,Yes,2719560.0,9697.0,"Android 16, up to 5 major Android upgrades, ColorOS 16",Yes,"Silk White, Titanium Charcoal, Velvet Red",0
Oppo Find X9,Oppo,Oppo,Flagship,120398.6,859.99,2025.0,Yes,Mediatek Dimensity 9500 (3 nm),1,Mediatek,Dimensity,12.0,16.0,256.0,512.0,120.0,6.59,"AMOLED, 1B colors, 120Hz, 3840Hz PWM, Dolby Vision, HDR10+, HDR Vivid, 800 nits (typ), 1800 nits (HBM), 3600 nits (peak)",7025.0,80.0,50.0,32.0,3.0,Yes,3400423.0,10603.0,"Android 16, up to 5 major Android upgrades, ColorOS 16",Yes,"Space Black, Titanium Grey, Velvet Red, White",0
Oppo A6 Max,Oppo,Oppo,Mid,26600.0,190.0,2025.0,Yes,Qualcomm SM7550-AB Snapdragon 7 Gen 3 (4 nm),0,Qualcomm,Snapdragon,8.0,8.0,256.0,256.0,120.0,6.8,"AMOLED, 1B colors, 120Hz, 1600 nits (peak)",7000.0,80.0,50.0,32.0,2.0,No,1015317.5,2967.0,"Android 15, ColorOS 15",Yes,"Blue, Silver, Pink (A6L)",0
Oppo A6 GT,Oppo,Oppo,Mid,30800.0,220.0,2025.0,Yes,Qualcomm SM7550-AB Snapdragon 7 Gen 3 (4 nm),0,Qualcomm,Snapdragon,8.0,12.0,256.0,512.0,120.0,6.8,"AMOLED, 1B colors, 120Hz, 600 nits (typ), 1600 nits (HBM)",7000.0,80.0,50.0,32.0,2.0,Yes,1015317.5,2967.0,"Android 15, ColorOS 15",Yes,"White, Blue, Silver/Pink",0
Oppo A6 Pro (China),Oppo,Oppo,Mid,30800.0,220.0,2025.0,Yes,Mediatek Dimensity 7300 (4 nm),0,Mediatek,Dimensity,8.0,16.0,256.0,512.0,120.0,6.57,"AMOLED, 1B colors, 120Hz, 600 nits (typ), 1400 nits (HBM)",7000.0,80.0,50.0,16.0,2.0,Yes,877437.0,2936.0,"Android 15, ColorOS 15",Yes,"Black, Blue, Gold",0
Oppo F31 Pro+,Oppo,Oppo,Mid,44800.0,320.0,2025.0,Yes,Qualcomm SM7550-AB Snapdragon 7 Gen 3 (4 nm),0,Qualcomm,Snapdragon,8.0,12.0,256.0,256.0,120.0,6.8,"AMOLED, 1B colors, 120Hz, 1600 nits (HBM)",7000.0,80.0,50.0,32.0,2.0,Yes,1015317.5,2967.0,"Android 15, ColorOS 15",No,"Festival Pink, Himalayan White, Gemstone Blue",0
Oppo F31 Pro,Oppo,Oppo,Mid,36400.0,260.0,2025.0,Yes,Mediatek Dimensity 7300 (4 nm),0,Mediatek,Dimensity,8.0,12.0,128.0,256.0,120.0,6.57,"AMOLED, 1B colors, 120Hz, 600 nits (typ), 1400 nits (HBM)",7000.0,80.0,50.0,32.0,2.0,Yes,877437.0,2936.0,"Android 15, ColorOS 15",No,"Space Grey, Desert Gold",0
Oppo F31,Oppo,Oppo,Mid,34035.4128440367,243.11009174311928,2025.0,Yes,Mediatek Dimensity 6300 (6 nm),0,Mediatek,Dimensity,8.0,8.0,128.0,256.0,120.0,6.57,"AMOLED, 1B colors, 120Hz, 600 nits (typ), 1400 nits (HBM)",7000.0,80.0,50.0,16.0,2.0,No,551891.0,1980.0,"Android 15, ColorOS 15",No,"Midnight Blue, Bloom Red, Cloud Green",0
Oppo A6 Pro,Oppo,Oppo,Mid,33460.0,239.0,2025.0,Yes,Mediatek Dimensity 6300 (6 nm),0,Mediatek,Dimensity,6.0,12.0,128.0,256.0,120.0,6.57,"AMOLED, 1B colors, 120Hz, 600 nits (typ), 1400 nits (HBM)",7000.0,80.0,50.0,16.0,2.0,No,602421.0,1980.0,"Android 15, ColorOS 15",Yes,"Lunar Titanium, Stellar Blue, Coral Pink, Rosewood Red",0
Oppo K15 Pro+,Oppo,Oppo,Flagship,64400.0,460.0,2026.0,Yes,Mediatek Dimensity 9500s (3 nm),1,Mediatek,Dimensity,12.0,12.0,256.0,512.0,165.0,6.78,"AMOLED, 1B colors, 165Hz, 600 nits (typ), 1800 nits (peak)",8000.0,100.0,50.0,16.0,2.0,Yes,2254164.0,9236.0,"Android 16, ColorOS 16",Yes,"Gray, Silver, Pink",0
Oppo K15 Pro,Oppo,Oppo,Mid,56000.0,400.0,2026.0,Yes,Mediatek Dimensity 8500 Super (4 nm),0,Mediatek,Dimensity,12.0,12.0,256.0,512.0,144.0,6.59,"AMOLED, 1B colors, 144Hz, 600 nits (typ), 1200 nits (peak)",7500.0,80.0,50.0,16.0,2.0,Yes,2254164.0,2719.0,"Android 16, ColorOS 16",Yes,"Gray, Silver, Pink, Black/Gold",0
Oppo A6s Pro (China),Oppo,Oppo,Mid,37800.0,270.0,2026.0,Yes,Mediatek Dimensity 6360 Max (6 nm),0,Mediatek,Dimensity,8.0,12.0,128.0,512.0,120.0,6.57,"AMOLED, 1B colors, 120Hz, 600 nits (typ), 1400 nits (HBM)",7000.0,80.0,50.0,16.0,2.0,No,651333.0,2719.0,"Android 16, ColorOS 16",Yes,"Blue, White, White/Blue",0
Oppo F33 Pro,Oppo,Oppo,Mid,42218.348623853206,301.5596330275229,2026.0,Yes,Mediatek Dimensity 6360 Max (6 nm),0,Mediatek,Dimensity,8.0,8.0,128.0,256.0,120.0,6.57,"AMOLED, 1B colors, 120Hz, 600 nits (typ), 1400 nits (HBM)",7000.0,80.0,50.0,50.0,2.0,No,651333.0,2719.0,"Android 16, ColorOS 16",No,"Misty Forest, Passion Red, Starry Blue",0
Oppo F33,Oppo,Oppo,Mid,39777.98165137615,284.1284403669725,2026.0,Yes,Mediatek Dimensity 6360 Max (6 nm),0,Mediatek,Dimensity,6.0,8.0,128.0,256.0,120.0,6.57,"AMOLED, 1B colors, 120Hz, 600 nits (typ), 1400 nits (HBM)",7000.0,80.0,50.0,16.0,2.0,No,651333.0,2719.0,"Android 16, ColorOS 16",No,"Pearl White, Forest Green",0
Oppo Find X9 Ultra,Oppo,Oppo,Flagship,218347.3394495413,1559.6238532110092,2026.0,Yes,Qualcomm SM8850-AC Snapdragon 8 Elite Gen 5 (3 nm),1,Qualcomm,Snapdragon,12.0,16.0,256.0,512.0,144.0,6.82,"LTPO AMOLED, 1B colors, 144Hz, Dolby Vision, HDR10+, 800 nits (typ), 1800 nits (HBM), 3600 nits (peak)",7050.0,100.0,200.0,50.0,4.0,Yes,2854496.0,10895.0,"Android 16 up to 5 major Android upgrades, ColorOS 16",Yes,"Tundra Umber, Canyon Orange, Polar Glacier",0
Oppo Find X9s Pro,Oppo,Oppo,Flagship,105000.0,750.0,2026.0,Yes,Mediatek Dimensity 9500 (3 nm),1,Mediatek,Dimensity,12.0,16.0,256.0,512.0,144.0,6.32,"AMOLED, 1B colors, 144Hz, 3840Hz PWM, Dolby Vision, HDR Vivid, 800 nits (typ), 1800 nits (peak)",7025.0,80.0,200.0,32.0,3.0,Yes,3340196.0,10603.0,"Android 16, ColorOS 16.0",Yes,"Blue/Green, Orange, Titanium, White",0
Oppo Find X9s,Oppo,Oppo,Flagship,109200.0,780.0,2026.0,Yes,Mediatek Dimensity 9500s (3 nm),1,Mediatek,Dimensity,12.0,12.0,256.0,512.0,120.0,6.59,"AMOLED, 1B colors, 120Hz, 3840Hz PWM, Dolby Vision, 800 nits (typ), 3600 nits (peak)",7025.0,80.0,50.0,32.0,3.0,Yes,3132001.0,9236.0,"Android 16, ColorOS 16.0",Yes,"Midnight Grey, Lavender Sky, Sunset Orange",0
Oppo A6k,Oppo,Oppo,Mid,39200.0,280.0,2026.0,Yes,Mediatek Dimensity 6300 (6 nm),0,Mediatek,Dimensity,8.0,12.0,256.0,512.0,120.0,6.75,"IPS LCD, 120Hz, 900 nits (typ), 1125 nits (peak)",7000.0,33.0,50.0,8.0,2.0,No,531619.0,1980.0,"Android 15, ColorOS 15",No,"Twilight Blue, Seashell White, Dawn Gold",0
Oppo Reno15c (India),Oppo,Oppo,Mid,46200.0,330.0,2026.0,Yes,Qualcomm SM6450 Snapdragon 6 Gen 1 (4 nm),0,Qualcomm,Snapdragon,8.0,12.0,256.0,256.0,120.0,6.57,"AMOLED, 1B colors, 120Hz, 600 nits (typ), 1400 nits (HBM)",7000.0,80.0,50.0,50.0,3.0,Yes,732630.0,2719.0,"Android 16, ColorOS 16",No,"Afterglow Pink, Twilight Blue",0
Oppo K14x,Oppo,Oppo,Budget,21321.10091743119,152.29357798165137,2026.0,Yes,Mediatek Dimensity 6300 (6 nm),0,Mediatek,Dimensity,4.0,6.0,64.0,128.0,120.0,6.75,"IPS LCD, 120Hz, 700 nits (typ), 1125 nits (peak)",6500.0,33.0,50.0,5.0,2.0,No,551891.0,1980.0,"Android 15, ColorOS 15",No,"Prism Violet, Icy Blue",0
Oppo Reno15 Pro Max,Oppo,Oppo,Mid,43502.174311926596,310.7298165137614,2026.0,Yes,Mediatek Dimensity 8450 (4 nm),0,Mediatek,Dimensity,12.0,12.0,256.0,512.0,120.0,6.78,"AMOLED, 1B colors, 120Hz, HDR10+, 600 nits (typ), 1800 nits (HBM)",6500.0,80.0,200.0,50.0,3.0,Yes,2048465.0,6406.0,"Android 16, ColorOS 16",Yes,"Dusk Brown, Aura Gold",0
Oppo Reno15 Pro,Oppo,Oppo,Flagship,88060.0,629.0,2026.0,Yes,Mediatek Dimensity 8450 (4 nm),0,Mediatek,Dimensity,12.0,12.0,256.0,512.0,120.0,6.32,"AMOLED, 1B colors, 120Hz, HDR10+, 600 nits (typ), 1800 nits (HBM)",6200.0,80.0,200.0,50.0,3.0,Yes,1605644.0,6201.0,"Android 16, ColorOS 16",Yes,"Dusk Brown, Aurora Blue",0
Oppo Reno15,Oppo,Oppo,Mid,73360.0,524.0,2026.0,Yes,Qualcomm SM7750-AB Snapdragon 7 Gen 4 (4 nm),0,Qualcomm,Snapdragon,8.0,12.0,256.0,512.0,120.0,6.59,"AMOLED, 1B colors, 120Hz, HDR10+, 600 nits (typ), 1200 nits (HBM)",6500.0,80.0,50.0,50.0,3.0,Yes,1086657.0,1188.0,"Android 16, ColorOS 16",Yes,"Aurora Blue, Twilight Blue, Aurora White",0
Oppo Reno15 F,Oppo,Oppo,Mid,44786.0,319.9,2026.0,Yes,Qualcomm SM6450 Snapdragon 6 Gen 1 (4 nm),0,Qualcomm,Snapdragon,8.0,12.0,128.0,512.0,120.0,6.57,"AMOLED, 1B colors, 120Hz, 600 nits (typ), 1400 nits (HBM)",7000.0,80.0,50.0,50.0,3.0,Yes,732630.0,2719.0,"Android 16, ColorOS 16",Yes,"Afterglow Pink, Twilight Blue, Aurora Blue",0
Oppo A6 Pro (India),Oppo,Oppo,Mid,29400.0,210.0,2026.0,Yes,Mediatek Dimensity 6300 (6 nm),0,Mediatek,Dimensity,8.0,8.0,128.0,256.0,120.0,6.75,"IPS LCD, 120Hz, 1125 nits (peak)",7000.0,80.0,50.0,16.0,2.0,No,551891.0,1980.0,"Android 15, ColorOS 15",No,"Cappuccino Brown, Aurora Gold",0
Oppo Reno15 Pro (India),Oppo,Oppo,Mid,77062.93577981651,550.4495412844037,2026.0,Yes,Mediatek Dimensity 8450 (4 nm),0,Mediatek,Dimensity,12.0,12.0,256.0,512.0,120.0,6.78,"AMOLED, 1B colors, 120Hz, HDR10+, 600 nits (typ), 1800 nits (HBM)",6500.0,80.0,200.0,50.0,3.0,Yes,2048465.0,6406.0,"Android 16, ColorOS 16",Yes,"Sunset Gold, Cocoa Brown",0
Oppo Reno15 Pro Mini,Oppo,Oppo,Mid,73209.7247706422,522.9266055045872,2026.0,Yes,Mediatek Dimensity 8450 (4 nm),0,Mediatek,Dimensity,12.0,12.0,256.0,512.0,120.0,6.32,"AMOLED, 1B colors, 120Hz, HDR10+, 600 nits (typ), 1800 nits (HBM)",6200.0,80.0,200.0,50.0,3.0,Yes,1605644.0,6201.0,"Android 16, ColorOS 16",Yes,"Dusk Brown (Cocoa Brown), Aurora Blue, Glacier White, Crystal Pink",0
Oppo A6t,Oppo,Oppo,Mid,30439.08256880734,217.42201834862385,2026.0,Yes,Mediatek Dimensity 6300 (6 nm),0,Mediatek,Dimensity,4.0,8.0,128.0,256.0,120.0,6.75,"IPS LCD, 120Hz, 1125 nits (peak)",6500.0,45.0,50.0,5.0,2.0,No,531619.0,1980.0,"Android 15, ColorOS 15",Yes,"Crystal Violet, Crystal Blue",0
Oppo A6,Oppo,Oppo,Mid,27146.0,193.9,2026.0,Yes,Mediatek Dimensity 6300 (6 nm),0,Mediatek,Dimensity,4.0,12.0,128.0,256.0,120.0,6.75,"IPS LCD, 120Hz, 1125 nits (peak)",7000.0,45.0,50.0,8.0,2.0,No,531619.0,1980.0,"Android 15, ColorOS 15",Yes,"Sapphire Blue, Sakura Pink",0
Oppo A6x,Oppo,Oppo,Budget,21833.57798165138,155.954128440367,2026.0,Yes,Mediatek Dimensity 6300 (6 nm),0,Mediatek,Dimensity,4.0,8.0,128.0,256.0,120.0,6.75,"IPS LCD, 120Hz, 1125 nits (peak)",6500.0,5.0,50.0,5.0,2.0,No,531619.0,1980.0,"Android 15, ColorOS 15",Yes,"Plum Purple, Violet Purple",0
Oppo A6s,Oppo,Oppo,Mid,26304.58715596331,187.88990825688077,2026.0,Yes,Mediatek Dimensity 6300 (6 nm),0,Mediatek,Dimensity,6.0,8.0,128.0,256.0,120.0,6.75,"IPS LCD, 120Hz, 1125 nits (peak)",7000.0,80.0,50.0,16.0,2.0,No,531619.0,1980.0,"Android 15, ColorOS 15",Yes,"Cappuccino Brown, Ice White",0
Oppo Reno15 FS,Oppo,Oppo,Mid,60060.0,429.0,2026.0,Yes,Qualcomm SM6450 Snapdragon 6 Gen 1 (4 nm),0,Qualcomm,Snapdragon,8.0,8.0,256.0,512.0,120.0,6.57,"AMOLED, 1B colors, 120Hz, 600 nits (typ), 1400 nits (HBM)",6500.0,80.0,50.0,50.0,3.0,Yes,732630.0,2719.0,"Android 16, ColorOS 16",Yes,"Blue, Navy Blue",0
Oppo Find N6,Oppo,Oppo,Flagship,175000.0,1250.0,2026.0,Yes,Qualcomm SM8850-AC Snapdragon 8 Elite Gen 5 (3 nm),1,Qualcomm,Snapdragon,12.0,16.0,256.0,512.0,120.0,8.12,"Foldable LTPO OLED, 1B colors, 120Hz, 2160Hz PWM, Dolby Vision, HDR10+, HDR Vivid, 600 nits (typ), 1800 nits (HBM), 2500 nits (peak)",6000.0,80.0,200.0,20.0,3.0,Yes,2627421.0,6538.0,"Android 16, ColorOS 16",Yes,"Blossom Orange, Stellar Titanium, Pearl Black",0
Oppo A6s (India),Oppo,Oppo,Mid,25200.0,180.0,2026.0,Yes,Mediatek Dimensity 6300 (6 nm),0,Mediatek,Dimensity,4.0,6.0,128.0,128.0,120.0,6.75,"IPS LCD, 120Hz, 700 nits (typ), 1125 nits (peak)",6500.0,33.0,50.0,5.0,2.0,No,551891.0,1980.0,"Android 15, ColorOS 15",No,"Aurora Gold, Plum Purple",0
Oppo K14,Oppo,Oppo,Budget,23800.0,170.0,2026.0,Yes,Mediatek Dimensity 6300 (6 nm),0,Mediatek,Dimensity,6.0,8.0,128.0,256.0,120.0,6.75,"IPS LCD, 120Hz, 1125 nits (HBM)",7000.0,45.0,50.0,8.0,2.0,No,551891.0,1980.0,"Android 15, ColorOS 15",No,"Prism Violet, Prism White, Icy Blue",0
Oppo Reno16 Pro (China),Oppo,Oppo,Flagship,79800.0,570.0,2026.0,Yes,Mediatek Dimensity 9500s (3 nm),1,Mediatek,Dimensity,12.0,16.0,256.0,512.0,120.0,6.78,"LTPO AMOLED, 1B colors, 120Hz, 2160Hz PWM, 600 nits (typ), 1800 nits (HBM), 3600 nits (peak)",7000.0,80.0,200.0,50.0,3.0,Yes,3121723.0,9236.0,"Android 16, ColorOS 16",Yes,"Black, Blue, White",0
Oppo Reno16 (China),Oppo,Oppo,Mid,61600.0,440.0,2026.0,Yes,Mediatek Dimensity 8500 Super (4 nm),0,Mediatek,Dimensity,12.0,16.0,256.0,512.0,120.0,6.32,"AMOLED, 1B colors, 120Hz, 3840Hz PWM, 600 nits (typ), 1800 nits (HBM), 3600 nits (peak)",6700.0,80.0,200.0,50.0,3.0,Yes,2166507.0,2719.0,"Android 16, ColorOS 16",Yes,"Black, Purple, White",0
Oscal Tiger 13,Oscal,Oscal,Budget,14000.0,100.0,2024.0,Yes,Unisoc T760 (6 nm),0,Unisoc,T-Series,8.0,8.0,256.0,256.0,90.0,6.67,"IPS LCD, 90Hz, 700 nits",5000.0,18.0,50.0,8.0,3.0,No,628581.0,2390.0,"Android 14, Doke OS 4.0",Yes,"Hurricane Black, Violet Blue",0
Oscal Pilot 3,Oscal,Oscal,Mid,35000.0,250.0,2025.0,Yes,Mediatek Dimensity 6300 (6 nm),0,Mediatek,Dimensity,12.0,12.0,256.0,256.0,120.0,6.78,"IPS LCD, 120Hz, 750 nits",7500.0,33.0,50.0,32.0,3.0,No,551891.0,1980.0,"Android 15, DokeOS 4.1",Yes,"Black, Orange",0
Oscal Tiger 8,Oscal,Oscal,Mid,29400.0,210.0,2025.0,Yes,Unisoc T8100 (6 nm),0,Unisoc,T-Series,4.0,8.0,128.0,128.0,120.0,6.88,"IPS LCD, 120Hz, 450 nits",5000.0,18.0,16.0,8.0,2.0,No,340049.0,1375.5,"Android 15, DokeOS 4.2",Yes,"Phantom Black, Glacier Blue",0
Oukitel WP30 Pro,Oukitel,Oukitel,Mid,70000.0,500.0,2023.0,Yes,Mediatek Dimensity 8050 (6 nm),0,Mediatek,Dimensity,12.0,12.0,512.0,512.0,120.0,6.78,"IPS LCD, 120Hz, 430 nits",11000.0,120.0,108.0,32.0,3.0,No,959217.0,3359.0,Android 13,Yes,Black,0
Oukitel WP200 Pro,Oukitel,Oukitel,Budget,23800.0,170.0,2024.0,Yes,Mediatek Dimensity 8200 (4 nm),0,Mediatek,Dimensity,24.0,24.0,24.0,24.0,120.0,6.7,"AMOLED, 120Hz, 500 nits",8800.0,45.0,108.0,32.0,3.0,No,1230221.5,3891.0,Android 15,Yes,Black,0
Oukitel WP55,Oukitel,Oukitel,Mid,51374.8623853211,366.9633027522936,2024.0,Yes,Mediatek Dimensity 7025 (6 nm),0,Mediatek,Dimensity,12.0,12.0,256.0,256.0,120.0,6.6,"IPS LCD, 120Hz, 450 nits",11000.0,33.0,108.0,32.0,3.0,No,594312.5,2472.0,Android 15,Yes,"Black, Orange",0
Oukitel WP55 Pro,Oukitel,Oukitel,Budget,23800.0,170.0,2024.0,Yes,Mediatek Dimensity 7025 (6 nm),0,Mediatek,Dimensity,16.0,16.0,512.0,512.0,120.0,6.6,"IPS LCD, 120Hz, 450 nits",11000.0,33.0,108.0,32.0,3.0,No,594312.5,2472.0,Android 15,Yes,"Black, Orange",0
Oukitel WP52,Oukitel,Oukitel,Mid,50400.0,360.0,2024.0,Yes,Mediatek Dimensity 6100+ (6 nm),0,Mediatek,Dimensity,4.0,4.0,256.0,256.0,60.0,6.6,"IPS LCD, 440 nits",6500.0,18.0,48.0,8.0,3.0,No,319154.0,1850.5,Android 14,Yes,Black/Blue,0
Oukitel WP39,Oukitel,Oukitel,Mid,39200.0,280.0,2024.0,Yes,Mediatek Dimensity 6100+ (6 nm),0,Mediatek,Dimensity,6.0,6.0,256.0,256.0,60.0,6.6,"IPS LCD, 450 nits",11000.0,18.0,64.0,32.0,3.0,No,319154.0,1850.5,Android 14,Yes,"Gray, Green",0
Oukitel WP50,Oukitel,Oukitel,Mid,40600.0,290.0,2024.0,Yes,Mediatek Dimensity 6100+ (6 nm),0,Mediatek,Dimensity,4.0,4.0,256.0,256.0,60.0,6.6,"IPS LCD, 440 nits",6500.0,18.0,48.0,8.0,3.0,No,319154.0,1850.5,Android 14,Yes,Black/Blue,1
Oukitel C50,Oukitel,Oukitel,Budget,22400.0,160.0,2024.0,Yes,Mediatek Dimensity 6100+ (6 nm),0,Mediatek,Dimensity,8.0,8.0,128.0,128.0,60.0,6.8,"IPS LCD, 400 nits",5150.0,10.0,50.0,5.0,3.0,No,319154.0,1850.5,Android 14,No,"Grey, Green, Blue",0
Oukitel WP35,Oukitel,Oukitel,Mid,44800.0,320.0,2024.0,Yes,Mediatek Dimensity 6100+ (6 nm),0,Mediatek,Dimensity,8.0,8.0,256.0,256.0,60.0,6.6,"IPS LCD, 450 nits",11000.0,18.0,64.0,32.0,2.0,No,319154.0,1850.5,Android 14,Yes,"Gray, Green, Caramel",0
Oukitel WP58,Oukitel,Oukitel,Mid,51374.8623853211,366.9633027522936,2025.0,Yes,Spreadtrum UMS9621S (12 nm),0,Spreadtrum,SC-Series,8.0,8.0,256.0,512.0,120.0,6.7,"IPS LCD, 120Hz, 480 nits",10000.0,33.0,64.0,8.0,3.0,No,445970.0,1980.0,Android 15,Yes,"Black, Green, Orange",0
Oukitel WP39 Pro,Oukitel,Oukitel,Mid,43887.43119266056,313.48165137614683,2025.0,Yes,Mediatek Dimensity 6300 (6 nm),0,Mediatek,Dimensity,12.0,12.0,512.0,512.0,60.0,6.6,"IPS LCD, 450 nits",11000.0,33.0,64.0,32.0,3.0,No,551891.0,1980.0,Android 14,Yes,"Black, Grey, Green",0
Oukitel WP35 Pro,Oukitel,Oukitel,Mid,72800.0,520.0,2025.0,Yes,Mediatek Dimensity 6300 (6 nm),0,Mediatek,Dimensity,6.0,6.0,256.0,256.0,60.0,6.6,"IPS LCD, 450 nits",11000.0,33.0,64.0,32.0,3.0,No,551891.0,1980.0,Android 14,Yes,"Black, Grey, Green",0
Oukitel WP60,Oukitel,Oukitel,Mid,36400.0,260.0,2025.0,Yes,Mediatek Dimensity 7025 (6 nm),0,Mediatek,Dimensity,12.0,16.0,256.0,512.0,120.0,7.2,"IPS LCD, 120Hz, 500 nits",10000.0,33.0,108.0,32.0,3.0,No,594312.5,2472.0,Android 15,Yes,"Black, Yellow, Silver",0
Oukitel WP62,Oukitel,Oukitel,Mid,43887.43119266056,313.48165137614683,2025.0,Yes,Mediatek Dimensity 7025 (6 nm),0,Mediatek,Dimensity,8.0,16.0,256.0,512.0,120.0,6.6,"IPS LCD, 120Hz, 450 nits",11000.0,33.0,108.0,32.0,3.0,No,594312.5,2472.0,Android 15,Yes,"Black, Silver",0
Oukitel WP210,Oukitel,Oukitel,Mid,43887.43119266056,313.48165137614683,2025.0,Yes,Mediatek Dimensity 8200 (4 nm),0,Mediatek,Dimensity,12.0,12.0,512.0,512.0,120.0,6.7,"AMOLED, 120Hz, 500 nits",8800.0,45.0,108.0,32.0,3.0,No,1230221.5,3891.0,Android 15,Yes,"Gray, Black, Red",0
Oukitel C6,Oukitel,Oukitel,Mid,43887.43119266056,313.48165137614683,2025.0,Yes,Mediatek Dimensity 6300 (6 nm),0,Mediatek,Dimensity,8.0,12.0,256.0,512.0,90.0,6.8,"IPS LCD, 90Hz, 400 nits",5150.0,10.0,50.0,5.0,1.0,No,551891.0,1980.0,Android 15,No,"Gold, Purple, Green, Black",0
Oukitel WP200,Oukitel,Oukitel,Mid,43887.43119266056,313.48165137614683,2025.0,Yes,Mediatek Dimensity 8200 (4 nm),0,Mediatek,Dimensity,12.0,12.0,512.0,512.0,120.0,6.7,"AMOLED, 120Hz, 500 nits",8800.0,45.0,108.0,32.0,3.0,No,1230221.5,3891.0,Android 15,Yes,"Blue, Green, Gray",0
Oukitel WP55 Ultra,Oukitel,Oukitel,Mid,43887.43119266056,313.48165137614683,2025.0,Yes,Mediatek Dimensity 7025 (6 nm),0,Mediatek,Dimensity,16.0,16.0,512.0,512.0,120.0,6.6,"IPS LCD, 120Hz, 450 nits",11000.0,33.0,108.0,32.0,3.0,No,594312.5,2472.0,Android 15,Yes,"Black, Red, Gray",0
Realme X7 Pro Ultra,Realme,Realme,Mid,43400.0,310.0,2021.0,Yes,Mediatek Dimensity 1000+ (7 nm),0,Mediatek,Dimensity,8.0,12.0,128.0,256.0,90.0,6.55,"Super AMOLED, 90Hz, 1200 nits (peak)",4500.0,65.0,64.0,32.0,3.0,No,529263.0,1836.0,"Android 11, Realme UI 2.0",Yes,"Black, Aurora",0
Realme 8 5G,Realme,Realme,Budget,23800.0,170.0,2021.0,Yes,Mediatek Dimensity 700 (7 nm),0,Mediatek,Dimensity,4.0,8.0,64.0,128.0,90.0,6.5,"IPS LCD, 90Hz, 480 nits (typ), 600 nits",5000.0,18.0,48.0,16.0,3.0,No,302059.0,1784.0,"Android 11, upgradable to Android 13, Realme UI 4.0",Yes,"Supersonic Blue, Supersonic Black",0
Realme Q3 Pro 5G,Realme,Realme,Mid,29400.0,210.0,2021.0,Yes,Mediatek Dimensity 1100 (6 nm),0,Mediatek,Dimensity,6.0,8.0,128.0,256.0,120.0,6.43,"Super AMOLED, 120Hz",4500.0,30.0,64.0,16.0,3.0,No,972810.0,3321.0,"Android 11, Realme UI 2.0",No,"Black, Blue, Electric Yellow",0
Realme Q3 5G,Realme,Realme,Budget,23800.0,170.0,2021.0,Yes,Qualcomm SM7225 Snapdragon 750G 5G (8 nm),0,Qualcomm,Snapdragon,6.0,8.0,128.0,128.0,120.0,6.5,"IPS LCD, 120Hz, 480 nits (typ), 600 nits (peak)",5000.0,30.0,48.0,16.0,3.0,No,505016.0,1865.0,"Android 11, Realme UI 2.0",No,"Black, Silver",0
Realme Q3i 5G,Realme,Realme,Budget,18200.0,130.0,2021.0,Yes,Mediatek Dimensity 700 (7 nm),0,Mediatek,Dimensity,4.0,6.0,128.0,128.0,90.0,6.5,"IPS LCD, 90Hz, 480 nits (typ), 600 nits",5000.0,18.0,48.0,16.0,3.0,No,515647.0,1767.0,"Android 11, Realme UI 2.0",No,"Supersonic Blue, Supersonic Black",0
Realme X7 (India),Realme,Realme,Mid,32200.0,230.0,2021.0,Yes,Mediatek Dimensity 800U (7 nm),0,Mediatek,Dimensity,6.0,8.0,128.0,128.0,60.0,6.4,"Super AMOLED, 430 nits (typ), 600 nits (peak)",4310.0,50.0,64.0,16.0,3.0,No,551706.0,1836.0,"Android 10, Realme UI",No,"Space Silver, Nebula",0
Realme V11 5G,Realme,Realme,Budget,22400.0,160.0,2021.0,Yes,Mediatek Dimensity 700 (7 nm),0,Mediatek,Dimensity,4.0,6.0,128.0,128.0,60.0,6.5,IPS LCD,5000.0,18.0,13.0,8.0,2.0,No,515647.0,1767.0,"Android 11, Realme UI 2.0",No,"Black, Blue",0
Realme Narzo 30 Pro 5G,Realme,Realme,Mid,28000.0,200.0,2021.0,Yes,Mediatek Dimensity 800U (7 nm),0,Mediatek,Dimensity,6.0,8.0,64.0,128.0,120.0,6.5,"IPS LCD, 120Hz , 480 nits (typ), 600 nits (peak)",5000.0,30.0,48.0,16.0,3.0,No,985745.0,1836.0,"Android 10, Realme UI",No,"Sword Black, Blade Silver",0
Realme V15 5G,Realme,Realme,Mid,26600.0,190.0,2021.0,Yes,Mediatek Dimensity 800U (7 nm),0,Mediatek,Dimensity,6.0,8.0,128.0,128.0,60.0,6.4,"Super AMOLED, 430 nits (typ), 600 nits (peak)",4310.0,50.0,64.0,16.0,3.0,No,551706.0,1836.0,"Android 10, Realme UI",No,"Space Silver, Nebula, Blue",0
Realme GT Explorer Master,Realme,Realme,Flagship,53200.0,380.0,2021.0,Yes,Qualcomm SM8250-AC Snapdragon 870 5G (7 nm),1,Qualcomm,Snapdragon,8.0,12.0,128.0,256.0,120.0,6.55,"Super AMOLED, 120Hz, HDR10+, 1100 nits (peak)",4500.0,65.0,50.0,32.0,3.0,Yes,717879.0,3050.0,"Android 11, Realme UI 2.0",Yes,"Gray, White, Aurora, Apricot",1
Realme GT Master,Realme,Realme,Budget,19600.0,140.0,2021.0,Yes,Qualcomm SM7325 Snapdragon 778G 5G (6 nm),0,Qualcomm,Snapdragon,6.0,8.0,128.0,256.0,120.0,6.43,"Super AMOLED, 120Hz, 1000 nits (peak)",4300.0,65.0,64.0,32.0,3.0,No,529263.0,2917.0,"Android 11, upgradable to Android 13, Realme UI 4.0",Yes,"Black, Gray, White, Aurora",0
Realme GT 5G,Realme,Realme,Flagship,46200.0,330.0,2021.0,Yes,Qualcomm SM8350 Snapdragon 888 5G (5 nm),1,Qualcomm,Snapdragon,8.0,12.0,128.0,256.0,120.0,6.43,"Super AMOLED, 120Hz, HDR10+",4500.0,65.0,64.0,16.0,3.0,No,703986.0,3555.0,"Android 11, upgradable to Android 14, Realme UI 5.0",Yes,"Gold/Black, Blue, Silver",0
Realme GT Neo,Realme,Realme,Mid,36400.0,260.0,2021.0,Yes,Mediatek Dimensity 1200 (6 nm),0,Mediatek,Dimensity,6.0,12.0,128.0,256.0,120.0,6.43,"Super AMOLED, 120Hz",4500.0,50.0,64.0,16.0,3.0,No,1097867.0,3353.0,"Android 11, Realme UI 2.0",Yes,"Black, Silver, Aurora",0
Realme V13 5G,Realme,Realme,Mid,29400.0,210.0,2021.0,Yes,Mediatek Dimensity 700 (7 nm),0,Mediatek,Dimensity,8.0,8.0,128.0,256.0,90.0,6.5,"IPS LCD, 90Hz, 480 nits (typ), 600 nits",5000.0,18.0,48.0,8.0,3.0,No,515647.0,1767.0,"Android 11, Realme UI 2.0",No,"Blue, Gray",0
Realme Q3 Pro Carnival,Realme,Realme,Mid,32200.0,230.0,2021.0,Yes,Qualcomm SM7250-AC Snapdragon 768G 5G (7 nm),0,Qualcomm,Snapdragon,8.0,8.0,128.0,128.0,120.0,6.43,"Super AMOLED, 120Hz, 600 nits",4500.0,50.0,64.0,32.0,3.0,No,379927.0,1836.0,"Android 11, Realme UI 2.0",No,"Black, Aurora",0
Realme GT Neo Flash,Realme,Realme,Mid,40600.0,290.0,2021.0,Yes,Mediatek Dimensity 1200 (6 nm),0,Mediatek,Dimensity,8.0,12.0,256.0,256.0,120.0,6.43,"Super AMOLED, 120Hz",4500.0,65.0,64.0,16.0,3.0,No,932621.5,3353.0,"Android 11, Realme UI 2.0",Yes,"Black, Silver, Aurora, Yellow",0
Realme Narzo 30 5G,Realme,Realme,Budget,15400.0,110.0,2021.0,Yes,Mediatek Dimensity 700 (7 nm),0,Mediatek,Dimensity,4.0,6.0,64.0,128.0,90.0,6.5,"IPS LCD, 90Hz, 480 nits (typ), 600 nits (peak)",5000.0,18.0,48.0,16.0,3.0,No,588662.0,1767.0,"Android 11, upgradable to Android 12, Realme UI 3.0",No,"Racing Blue, Racing Silver",0
Realme X7 Max 5G,Realme,Realme,Mid,43400.0,310.0,2021.0,Yes,Mediatek Dimensity 1200 (6 nm),0,Mediatek,Dimensity,8.0,12.0,128.0,256.0,120.0,6.43,"Super AMOLED, 120Hz, 1000 nits (peak)",4500.0,50.0,64.0,16.0,3.0,No,605819.0,13105.0,"Android 11, upgradable to Android 13, Realme UI 4",Yes,"Mercury Silver, Asteroid Black, Milky Way",0
Realme Q3t,Realme,Realme,Mid,40600.0,290.0,2021.0,Yes,Qualcomm SM7325 Snapdragon 778G 5G (6 nm),0,Qualcomm,Snapdragon,8.0,8.0,256.0,256.0,144.0,6.6,"IPS LCD, 144Hz, 600 nits",5000.0,30.0,48.0,16.0,3.0,No,791030.0,2943.0,"Android 11, Realme UI 2.0",No,"Aurora, Dark Blue",0
Realme GT Neo2T,Realme,Realme,Mid,36400.0,260.0,2021.0,Yes,Mediatek Dimensity 1200 (6 nm),0,Mediatek,Dimensity,8.0,12.0,128.0,256.0,120.0,6.43,"Super AMOLED, 120Hz, 1000 nits (peak)",4500.0,65.0,64.0,16.0,3.0,No,932621.5,3353.0,"Android 11, Realme UI 2.0",Yes,"Black, White",0
Realme Q3s,Realme,Realme,Mid,28000.0,200.0,2021.0,Yes,Qualcomm SM7325 Snapdragon 778G 5G (6 nm),0,Qualcomm,Snapdragon,6.0,8.0,128.0,256.0,144.0,6.6,"IPS LCD, 144Hz, 600 nits",5000.0,30.0,48.0,16.0,3.0,No,791030.0,2943.0,"Android 11, Realme UI 2.0",No,"Aurora, Dark Blue",0
Realme 8s 5G,Realme,Realme,Mid,29400.0,210.0,2021.0,Yes,Mediatek Dimensity 810 (6 nm),0,Mediatek,Dimensity,6.0,8.0,128.0,128.0,90.0,6.5,"IPS LCD, 90Hz, 600 nits (peak)",5000.0,33.0,64.0,16.0,3.0,No,329661.0,7314.0,"Android 11, Realme UI 2.0",No,"Blue, Purple",0
Realme GT Neo2,Realme,Realme,Flagship,137200.0,980.0,2021.0,Yes,Qualcomm SM8250-AC Snapdragon 870 5G (7 nm),1,Qualcomm,Snapdragon,8.0,12.0,128.0,256.0,120.0,6.62,"AMOLED, 120Hz, HDR10+, 1300 nits (peak)",5000.0,65.0,64.0,16.0,3.0,No,726039.0,3185.0,"Android 11, upgradable to Android 12, Realme UI 3.0",Yes,"Neo Black, Neo Blue, Neo Green",0
Realme V23,Realme,Realme,Mid,33600.0,240.0,2022.0,Yes,Mediatek Dimensity 810 (6 nm),0,Mediatek,Dimensity,8.0,12.0,256.0,256.0,90.0,6.58,"IPS LCD, 90Hz, 600 nits (HBM)",5000.0,33.0,48.0,8.0,2.0,No,583282.5,1900.0,"Android 12, Realme UI 3.0",No,"Black, Gradient",0
Realme Q5i,Realme,Realme,Mid,25200.0,180.0,2022.0,Yes,Mediatek Dimensity 810 (6 nm),0,Mediatek,Dimensity,4.0,6.0,128.0,128.0,90.0,6.58,"IPS LCD, 90Hz, 600 nits",5000.0,33.0,13.0,8.0,2.0,No,583282.5,1900.0,"Android 12, Realme UI 3.0",No,"Blue, Black",0
Realme Q5 Pro,Realme,Realme,Flagship,46200.0,330.0,2022.0,Yes,Qualcomm SM8250-AC Snapdragon 870 5G (7 nm),1,Qualcomm,Snapdragon,6.0,8.0,128.0,256.0,120.0,6.62,"AMOLED, 120Hz, HDR10+, 1300 nits (peak)",5000.0,80.0,64.0,16.0,3.0,No,1018480.0,3520.0,"Android 12, Realme UI 3.0",No,"Black, White, Yellow",0
Realme Q5,Realme,Realme,Mid,28000.0,200.0,2022.0,Yes,Qualcomm SM6375 Snapdragon 695 5G (6 nm),0,Qualcomm,Snapdragon,6.0,8.0,128.0,256.0,120.0,6.6,"IPS LCD, 120Hz, 600 nits (peak)",5000.0,65.0,50.0,16.0,3.0,No,590710.0,2003.0,"Android 12, Realme UI 3.0",No,"Black, Silver, Yellow",0
Realme 9i 5G,Realme,Realme,Mid,25200.0,180.0,2022.0,Yes,Mediatek Dimensity 810 (6 nm),0,Mediatek,Dimensity,4.0,6.0,64.0,128.0,90.0,6.6,"IPS LCD, 90Hz, 400 nits (typ)",5000.0,18.0,50.0,8.0,3.0,No,385682.0,1900.0,"Android 12, upgradable to Android 13, Realme UI 4.0",No,"Soulful Blue, Rocking Black, Gold",0
Realme V23i,Realme,Realme,Mid,37800.0,270.0,2022.0,Yes,Mediatek Dimensity 700 (7 nm),0,Mediatek,Dimensity,4.0,4.0,128.0,128.0,90.0,6.56,"IPS LCD, 90Hz",5000.0,10.0,13.0,8.0,2.0,No,515647.0,1767.0,"Android 12, ColorOS 12",No,"Black, Blue",0
Realme 10s,Realme,Realme,Budget,21000.0,150.0,2022.0,Yes,Mediatek Dimensity 810 (6 nm),0,Mediatek,Dimensity,8.0,8.0,128.0,256.0,90.0,6.6,"IPS LCD, 90Hz, 400 nits (typ)",5000.0,33.0,50.0,8.0,2.0,No,557994.0,1900.0,"Android 12, Realme UI 3.0",No,"Black, Blue",0
Realme 9 Pro+,Realme,Realme,Flagship,103600.0,740.0,2022.0,Yes,Mediatek Dimensity 920 (6 nm),0,Mediatek,Dimensity,6.0,8.0,128.0,256.0,90.0,6.4,"Super AMOLED, 90Hz, 430 nits (typ), 600 nits (HBM)",4500.0,60.0,50.0,16.0,3.0,Yes,495096.0,2335.0,"Android 12, upgradable to Android 14, Realme UI 5.0",Yes,"Midnight Black, Aurora Green, Sunrise Blue, Free Fire Limited Edition",0
Realme 9 Pro,Realme,Realme,Mid,75600.0,540.0,2022.0,Yes,Qualcomm SM6375 Snapdragon 695 5G (6 nm),0,Qualcomm,Snapdragon,6.0,8.0,128.0,128.0,120.0,6.6,"IPS LCD, 120Hz",5000.0,33.0,64.0,16.0,3.0,No,401894.0,2020.0,"Android 12, upgradable to Android 14, Realme UI 5.0",Yes,"Midnight Black, Aurora Green, Sunrise Blue",0
Realme GT2 Pro,Realme,Realme,Flagship,35000.0,250.0,2022.0,Yes,Qualcomm SM8450 Snapdragon 8 Gen 1 (4 nm),1,Qualcomm,Snapdragon,8.0,12.0,128.0,512.0,120.0,6.7,"LTPO2 AMOLED, 1B colors, 120Hz, HDR10+, 500 nits (typ), 800 nits (HBM), 1400 nits (peak)",5000.0,65.0,50.0,32.0,3.0,Yes,966251.0,3501.0,"Android 12, upgradable to Android 15, Realme UI 6.0",Yes,"Paper White, Paper Green, Steel Black, Titanium Blue",0
Realme GT2,Realme,Realme,Flagship,110600.0,790.0,2022.0,Yes,Qualcomm SM8350 Snapdragon 888 5G (5 nm),1,Qualcomm,Snapdragon,8.0,12.0,128.0,256.0,120.0,6.62,"AMOLED, 120Hz, HDR10+, 1300 nits (peak)",5000.0,65.0,50.0,16.0,3.0,Yes,810512.0,3487.0,"Android 12, upgradable to Android 15, Realme UI 6.0",Yes,"Paper White, Paper Green, Steel Black, Titanium Blue",0
Realme GT2 Explorer Master,Realme,Realme,Flagship,70000.0,500.0,2022.0,Yes,Qualcomm SM8475 Snapdragon 8+ Gen 1 (4 nm),1,Qualcomm,Snapdragon,8.0,12.0,256.0,256.0,120.0,6.7,"OLED, 1B colors, 120Hz, HDR10+",5000.0,100.0,50.0,16.0,3.0,Yes,1045876.0,4021.0,"Android 12, Realme UI 3.0",Yes,"Gray, White, Gold",0
Realme GT Neo 3T,Realme,Realme,Flagship,109200.0,780.0,2022.0,Yes,Qualcomm SM8250-AC Snapdragon 870 5G (7 nm),1,Qualcomm,Snapdragon,6.0,8.0,128.0,256.0,120.0,6.62,"AMOLED, 120Hz, HDR10+, 1300 nits (peak)",5000.0,80.0,64.0,16.0,3.0,No,726007.0,3180.0,"Android 12, upgradable to Android 13, Realme UI 4.0",Yes,"Shade Black, Drifting White, Dash Yellow",0
Realme V20,Realme,Realme,Budget,22400.0,160.0,2022.0,Yes,Mediatek Dimensity 700 (7 nm),0,Mediatek,Dimensity,4.0,8.0,64.0,128.0,60.0,6.5,"IPS LCD, 400 nits (typ)",5000.0,10.0,13.0,5.0,2.0,No,515647.0,1767.0,"Android 12, ColorOS 12",No,"Black, Blue",0
Realme V25,Realme,Realme,Mid,40600.0,290.0,2022.0,Yes,Qualcomm SM6375 Snapdragon 695 5G (6 nm),0,Qualcomm,Snapdragon,12.0,12.0,256.0,256.0,120.0,6.6,"IPS LCD, 120Hz",5000.0,33.0,64.0,16.0,3.0,No,590710.0,2003.0,"Android 12, Realme UI 3.0",No,"Midnight Black, Aurora Green, Sunrise Blue",0
Realme 9 5G (India),Realme,Realme,Mid,25200.0,180.0,2022.0,Yes,Mediatek Dimensity 810 (6 nm),0,Mediatek,Dimensity,4.0,6.0,64.0,128.0,90.0,6.5,"IPS LCD, 90Hz, 480 nits (typ), 600 nits (HBM)",5000.0,18.0,48.0,16.0,3.0,No,583282.5,1900.0,"Android 11, Realme UI 2.0",No,"Stargaze White, Meteor Black",0
Realme 9 5G Speed,Realme,Realme,Mid,33600.0,240.0,2022.0,Yes,Qualcomm SM7325 Snapdragon 778G 5G (6 nm),0,Qualcomm,Snapdragon,6.0,8.0,128.0,128.0,144.0,6.6,"IPS LCD, 144Hz, 480 nits (typ), 600 nits (HBM)",5000.0,30.0,48.0,16.0,3.0,No,791030.0,2943.0,"Android 11, upgradable to Android 12, Realme UI 3.0",No,"Starry Glow, Azure Glow",0
Realme GT Neo 3 150W,Realme,Realme,Mid,72800.0,520.0,2022.0,Yes,Mediatek Dimensity 8100 (5 nm),0,Mediatek,Dimensity,8.0,12.0,256.0,256.0,120.0,6.7,"AMOLED, 1B colors, 120Hz, HDR10+",4500.0,150.0,50.0,16.0,3.0,Yes,819348.0,4079.0,"Android 12, upgradable to Android 13, Realme UI 3.0",Yes,"Plain Black (Asphalt Black), Silverstone White (Sprint White), Le Mans Blue (Nitro Blue), Naruto edition",0
Realme GT Neo 3,Realme,Realme,Mid,60200.0,430.0,2022.0,Yes,Mediatek Dimensity 8100 (5 nm),0,Mediatek,Dimensity,6.0,12.0,128.0,512.0,120.0,6.7,"AMOLED, 1B colors, 120Hz, HDR10+",5000.0,80.0,50.0,16.0,3.0,Yes,819348.0,4079.0,"Android 12, upgradable to Android 13, Realme UI 3.0",Yes,"Plain Black (Asphalt Black), Silverstone White (Sprint White), Le Mans Blue (Nitro Blue)",0
Realme 9 5G,Realme,Realme,Mid,26600.0,190.0,2022.0,Yes,Qualcomm SM6375 Snapdragon 695 5G (6 nm),0,Qualcomm,Snapdragon,4.0,8.0,64.0,128.0,120.0,6.6,"IPS LCD, 120Hz, 600 nits (peak)",5000.0,18.0,50.0,16.0,3.0,No,485919.5,2003.0,"Android 12, Realme UI 3.0",No,"Meteor Black, Stargaze White",0
Realme Narzo 50 Pro,Realme,Realme,Mid,37800.0,270.0,2022.0,Yes,Mediatek Dimensity 920 (6 nm),0,Mediatek,Dimensity,6.0,8.0,128.0,128.0,90.0,6.4,"Super AMOLED, 90Hz",5000.0,33.0,48.0,16.0,3.0,No,985745.0,2285.0,"Android 12, upgradable to Android 13, Realme UI 4.0",No,"Hyper Blue, Hyper Black",0
Realme Narzo 50 5G,Realme,Realme,Mid,78400.0,560.0,2022.0,Yes,Mediatek Dimensity 810 (6 nm),0,Mediatek,Dimensity,4.0,6.0,64.0,128.0,90.0,6.6,"IPS LCD, 90Hz, 600 nits",5000.0,33.0,48.0,8.0,2.0,No,588662.0,1900.0,"Android 12, Realme UI 3.0",Yes,"Hyper Blue, Hyper Black",0
Realme Pad X,Realme,Realme,Mid,35000.0,250.0,2022.0,Yes,Qualcomm SM6375 Snapdragon 695 5G (6 nm),0,Qualcomm,Snapdragon,4.0,6.0,64.0,128.0,60.0,10.95,"IPS LCD, 450 nits (peak)",8340.0,33.0,13.0,8.0,1.0,No,395824.0,2026.0,"Android, Realme UI 3.0",No,"Glowing Gray, Glacier Blue, Green",0
Realme 10 5G,Realme,Realme,Mid,25200.0,180.0,2022.0,Yes,Mediatek Dimensity 700 (7 nm),0,Mediatek,Dimensity,8.0,8.0,128.0,256.0,90.0,6.6,"IPS LCD, 90Hz, 400 nits (typ)",5000.0,33.0,50.0,8.0,3.0,No,557994.0,1767.0,"Android 12, Realme UI 3.0",No,"Black, Gold",0
Realme 10 Pro+,Realme,Realme,Flagship,91000.0,650.0,2022.0,Yes,Mediatek Dimensity 1080 (6 nm) - version 1 Mediatek Dimensity 920 (6 nm) - version 2,0,Mediatek,Dimensity,6.0,12.0,128.0,256.0,120.0,6.7,"AMOLED, 1B colors, HDR10+, 120Hz, 800 nits",5000.0,67.0,108.0,16.0,3.0,No,522376.0,2371.0,"Android 13, Realme UI 4.0",Yes,"Dark Matter Black, Nebula Blue, Hyperspace",0
Realme 10 Pro,Realme,Realme,Mid,78400.0,560.0,2022.0,Yes,Qualcomm SM6375 Snapdragon 695 5G (6 nm),0,Qualcomm,Snapdragon,6.0,12.0,128.0,256.0,120.0,6.72,"IPS LCD, 120Hz, 600 nits (typ), 680 nits (peak)",5000.0,33.0,108.0,16.0,2.0,No,401860.0,2021.0,"Android 13, upgradable to Android 14, Realme UI 5.0",Yes,"Dark Matter, Hyperspace Gold, Nebula Blue, Coca-Cola edition",0
Realme GT Neo5 SE,Realme,Realme,Mid,37800.0,270.0,2023.0,Yes,Qualcomm SM7475-AB Snapdragon 7+ Gen 2 (4 nm),0,Qualcomm,Snapdragon,8.0,16.0,256.0,512.0,144.0,6.74,"OLED, 1B colors, 144Hz, 1400 nits (peak)",5500.0,100.0,64.0,16.0,3.0,No,1416021.0,2687.0,"Android 13, Realme UI 4.0",Yes,"Black, Gradient",0
Realme 11x,Realme,Realme,Budget,23800.0,170.0,2023.0,Yes,Mediatek Dimensity 6100+ (6 nm),0,Mediatek,Dimensity,6.0,8.0,128.0,128.0,120.0,6.72,"IPS LCD, 120Hz, 550 nits (typ), 680 nits (HBM)",5000.0,33.0,64.0,8.0,2.0,No,506601.0,1850.5,"Android 13, Realme UI 4.0",No,"Midnight Black, Purple Dawn",0
Realme GT5 240W,Realme,Realme,Flagship,65800.0,470.0,2023.0,Yes,Qualcomm SM8550-AB Snapdragon 8 Gen 2 (4 nm),1,Qualcomm,Snapdragon,24.0,24.0,24.0,24.0,144.0,6.74,"AMOLED, 1B colors, 144Hz, HDR10+, 1400 nits (peak)",4600.0,240.0,50.0,16.0,3.0,Yes,1768501.0,5558.0,"Android 13, Realme UI 4.0",Yes,"Flowing Silver, Starry Oasis",0
Realme GT5,Realme,Realme,Flagship,53200.0,380.0,2023.0,Yes,Qualcomm SM8550-AB Snapdragon 8 Gen 2 (4 nm),1,Qualcomm,Snapdragon,12.0,16.0,256.0,512.0,144.0,6.74,"AMOLED, 1B colors, 144Hz, HDR10+, 1400 nits (peak)",5240.0,150.0,50.0,16.0,3.0,Yes,1700000.0,5558.0,"Android 13, Realme UI 4.0",Yes,"Flowing Silver, Starry Oasis",0
Realme GT5 Pro,Realme,Realme,Flagship,60200.0,430.0,2023.0,Yes,Qualcomm SM8650-AB Snapdragon 8 Gen 3 (4 nm),1,Qualcomm,Snapdragon,12.0,16.0,256.0,512.0,144.0,6.78,"LTPO AMOLED, 1B colors, 144Hz, HDR10+, Dolby Vision, 4500 nits (peak)",5400.0,100.0,50.0,32.0,3.0,Yes,1981149.0,6783.0,"Android 14, upgradable to Android 15, Realme UI 6.0",Yes,"Black, Silver, Orange",0
Realme V50s,Realme,Realme,Mid,33600.0,240.0,2023.0,Yes,Mediatek Dimensity 6100+ (6 nm),0,Mediatek,Dimensity,6.0,8.0,128.0,256.0,120.0,6.72,"IPS LCD, 120Hz",5000.0,33.0,13.0,8.0,2.0,No,554635.0,1850.5,"Android 13, Realme UI 4.0",No,"Black, Purple",0
Realme C67,Realme,Realme,Mid,54600.0,390.0,2023.0,Yes,Mediatek Dimensity 6100+ (6 nm),0,Mediatek,Dimensity,4.0,6.0,128.0,128.0,120.0,6.72,"IPS LCD, 120Hz, 550 nits (typ), 680 nits (HBM)",5000.0,33.0,50.0,8.0,2.0,No,419458.0,1850.5,"Android 13, Realme UI 4.0",No,"Sunny Oasis, Dark Purple",0
Realme GT Neo 5 240W,Realme,Realme,Flagship,61600.0,440.0,2023.0,Yes,Qualcomm SM8475 Snapdragon 8+ Gen 1 (4 nm),1,Qualcomm,Snapdragon,16.0,16.0,256.0,512.0,144.0,6.74,"AMOLED, 1B colors, 144Hz, HDR10+, 1400 nits (peak)",4600.0,240.0,50.0,16.0,3.0,Yes,1303229.0,3773.0,"Android 13, Realme UI 4.0",Yes,"Purple, Black, White",1
Realme GT Neo 5,Realme,Realme,Flagship,47600.0,340.0,2023.0,Yes,Qualcomm SM8475 Snapdragon 8+ Gen 1 (4 nm),1,Qualcomm,Snapdragon,8.0,16.0,256.0,256.0,144.0,6.74,"AMOLED, 1B colors, 144Hz, HDR10+, 1400 nits (peak)",5000.0,150.0,50.0,16.0,3.0,Yes,1466734.0,3773.0,"Android 13, upgradable to Android 14, Realme UI 5.0",Yes,"Purple, Black, White",0
Realme GT3,Realme,Realme,Flagship,84000.0,600.0,2023.0,Yes,Qualcomm SM8475 Snapdragon 8+ Gen 1 (4 nm),1,Qualcomm,Snapdragon,8.0,16.0,128.0,512.0,144.0,6.74,"AMOLED, 1B colors, 144Hz, HDR10+, 500 nits (typ), 1100 nits (HBM), 1400 nits (peak)",4600.0,240.0,50.0,16.0,3.0,Yes,1074427.0,3898.0,"Android 13, upgradable to Android 14, Realme UI 5.0",Yes,"Pulse White, Booster Black",0
Realme Narzo 60 Pro,Realme,Realme,Mid,37800.0,270.0,2023.0,Yes,Mediatek Dimensity 7050 (6 nm),0,Mediatek,Dimensity,8.0,12.0,128.0,256.0,120.0,6.7,"AMOLED, 1B colors, HDR10+, 120Hz, 950 nits (peak)",5000.0,67.0,100.0,16.0,2.0,Yes,985745.0,2398.0,"Android 13, Realme UI 4.0",No,"Mars Orange, Cosmic Black",0
Realme Narzo 60,Realme,Realme,Mid,28000.0,200.0,2023.0,Yes,Mediatek Dimensity 6020 (7 nm),0,Mediatek,Dimensity,8.0,8.0,128.0,256.0,90.0,6.43,"Super AMOLED, 90Hz",5000.0,33.0,64.0,16.0,2.0,No,588662.0,2032.0,"Android 13, Realme UI 4.0",No,"Mars Orange, Cosmic Black",0
Realme 11,Realme,Realme,Mid,32200.0,230.0,2023.0,Yes,Mediatek Dimensity 6100+ (6 nm),0,Mediatek,Dimensity,8.0,8.0,128.0,256.0,120.0,6.72,"IPS LCD, 120Hz, 550 nits (typ), 680 nits (HBM)",5000.0,67.0,108.0,16.0,2.0,No,506601.0,1850.5,"Android 13, Realme UI 4.0",Yes,"Midnight Black (Glory Black), Sunrise Gold (Glory Gold)",0
Realme 10T,Realme,Realme,Mid,28000.0,200.0,2023.0,Yes,Mediatek Dimensity 810 (6 nm),0,Mediatek,Dimensity,4.0,8.0,128.0,256.0,90.0,6.6,"IPS LCD, 90Hz, 400 nits (typ)",5000.0,18.0,50.0,8.0,3.0,No,557994.0,1900.0,"Android 12, Realme UI 3.0",No,"Electric Black, Dash Blue",0
Realme 11 Pro+,Realme,Realme,Mid,54600.0,390.0,2023.0,Yes,Mediatek Dimensity 7050 (6 nm),0,Mediatek,Dimensity,8.0,12.0,256.0,512.0,120.0,6.7,"AMOLED, 1B colors, HDR10+, 120Hz, 950 nits (peak)",5000.0,100.0,200.0,32.0,3.0,Yes,558996.0,2207.0,"Android 13, up to 2 major Android upgrades, Realme UI 5.0",Yes,"Astral Black, Sunrise Beige, Oasis Green",0
Realme 11 Pro,Realme,Realme,Mid,31915.8,227.97,2023.0,Yes,Mediatek Dimensity 7050 (6 nm),0,Mediatek,Dimensity,8.0,12.0,128.0,512.0,120.0,6.7,"AMOLED, 1B colors, HDR10+, 120Hz, 950 nits (peak)",5000.0,67.0,100.0,16.0,2.0,Yes,545426.0,2319.0,"Android 13, up to 2 major Android upgrades, Realme UI 5.0",Yes,"Astral Black, Sunrise Beige, Oasis Green",0
Realme 11 (China),Realme,Realme,Mid,36400.0,260.0,2023.0,Yes,Mediatek Dimensity 6020 (7 nm),0,Mediatek,Dimensity,8.0,12.0,128.0,256.0,90.0,6.43,"Super AMOLED, 90Hz, 1000 nits (peak)",5000.0,33.0,64.0,8.0,2.0,No,518592.0,2032.0,"Android 13, Realme UI 4.0",Yes,"Black, Orange",0
Realme Narzo 60x,Realme,Realme,Budget,21000.0,150.0,2023.0,Yes,Mediatek Dimensity 6100+ (6 nm),0,Mediatek,Dimensity,4.0,6.0,128.0,128.0,120.0,6.72,"IPS LCD, 120Hz, 550 nits (typ), 680 nits (HBM)",5000.0,33.0,50.0,8.0,2.0,No,588662.0,1850.5,"Android 13, Realme UI 4.0",No,"Stellar Green, Nebula Purple",1
Realme 12x (India),Realme,Realme,Budget,18200.0,130.0,2024.0,Yes,Mediatek Dimensity 6100+ (6 nm),0,Mediatek,Dimensity,4.0,8.0,128.0,128.0,120.0,6.72,"IPS LCD, 120Hz, 800 nits (typ), 950 nits (HBM)",5000.0,45.0,50.0,8.0,2.0,No,909042.0,1850.5,"Android 14, Realme UI 5.0",No,"Twilight Purple, Woodland Green",0
Realme GT Neo6 SE,Realme,Realme,Mid,35000.0,250.0,2024.0,Yes,Qualcomm SM7675 Snapdragon 7+ Gen 3 (4 nm),0,Qualcomm,Snapdragon,8.0,16.0,256.0,512.0,120.0,6.78,"LTPO AMOLED, 1B colors, 120Hz, HDR, 1600 nits (HBM), 6000 nits (peak)",5500.0,100.0,50.0,32.0,2.0,Yes,1416021.0,2967.0,"Android 14, Realme UI 5.0",Yes,"Silver, Green",0
Realme P1 Pro,Realme,Realme,Mid,35000.0,250.0,2024.0,Yes,Qualcomm SM6450 Snapdragon 6 Gen 1 (4 nm),0,Qualcomm,Snapdragon,8.0,12.0,128.0,256.0,120.0,6.7,"AMOLED, 1B colors, 120Hz, 800 nits (HBM), 950 nits (peak)",5000.0,45.0,50.0,16.0,2.0,Yes,609431.0,2719.0,"Android 14, Realme UI 5.0",No,"Phoenix Red, Parrot Blue",0
Realme P1,Realme,Realme,Budget,23800.0,170.0,2024.0,Yes,Mediatek Dimensity 7050 (6 nm),0,Mediatek,Dimensity,6.0,8.0,128.0,256.0,120.0,6.67,"AMOLED, 120Hz, 600 nits (HBM), 1200 nits (peak)",5000.0,45.0,50.0,16.0,2.0,No,792749.5,2398.0,"Android 14, Realme UI 5.0",No,"Phoenix Red, Peacock Green",0
Realme Narzo 70,Realme,Realme,Budget,23800.0,170.0,2024.0,Yes,Mediatek Dimensity 7050 (6 nm),0,Mediatek,Dimensity,6.0,8.0,128.0,128.0,120.0,6.67,"AMOLED, 120Hz, 600 nits (HBM), 1200 nits (peak)",5000.0,45.0,50.0,16.0,2.0,No,588662.0,2398.0,"Android 14, Realme UI 5.0",No,"Olive Green, Sky Blue",0
Realme Narzo 70x,Realme,Realme,Budget,16800.0,120.0,2024.0,Yes,Mediatek Dimensity 6100+ (6 nm),0,Mediatek,Dimensity,4.0,8.0,128.0,128.0,120.0,6.72,"IPS LCD, 120Hz, 800 nits (typ), 950 nits (HBM)",5000.0,45.0,50.0,8.0,2.0,No,588662.0,1850.5,"Android 14, Realme UI 5.0",No,"Ice Blue, Forest Green",0
Realme C65 5G,Realme,Realme,Budget,16800.0,120.0,2024.0,Yes,Mediatek Dimensity 6300 (6 nm),0,Mediatek,Dimensity,4.0,8.0,64.0,128.0,120.0,6.67,"IPS LCD, 120Hz, 500 nits (typ), 625 nits (HBM)",5000.0,15.0,50.0,8.0,1.0,No,359738.0,1980.0,"Android 14, Realme UI 5.0",No,"Feather Green, Glowing Black",0
Realme C63 5G,Realme,Realme,Budget,16800.0,120.0,2024.0,Yes,Mediatek Dimensity 6300 (6 nm),0,Mediatek,Dimensity,4.0,8.0,128.0,128.0,120.0,6.67,"IPS LCD, 120Hz, 500 nits (typ), 625 nits (HBM)",5000.0,15.0,32.0,8.0,1.0,No,334150.0,1980.0,"Android 14, Realme UI 5.0",No,"Forest Green, Starry Gold",0
Realme 13+,Realme,Realme,Mid,35000.0,250.0,2024.0,Yes,Mediatek Dimensity 7300 Energy (4 nm),0,Mediatek,Dimensity,8.0,12.0,128.0,512.0,120.0,6.67,"AMOLED, 120Hz, HDR10+, 600 nits (typ), 2000 nits (peak)",5000.0,80.0,50.0,16.0,3.0,Yes,522664.0,2628.0,"Android 14, Realme UI 5.0",Yes,"Victory Gold, Speed Green, Dark Purple",0
Realme 13,Realme,Realme,Mid,28255.59633027523,201.8256880733945,2024.0,Yes,Mediatek Dimensity 6300 (6 nm),0,Mediatek,Dimensity,8.0,12.0,128.0,256.0,120.0,6.72,"IPS LCD, 120Hz, 580 nits (typ)",5000.0,45.0,50.0,16.0,2.0,Yes,522664.0,1980.0,"Android 14, Realme UI 5.0",No,"Speed Green, Dark Purple",0
Realme Neo7,Realme,Realme,Flagship,39200.0,280.0,2024.0,Yes,Mediatek Dimensity 9300+ (4 nm),1,Mediatek,Dimensity,12.0,16.0,256.0,512.0,120.0,6.78,"LTPO AMOLED, 1B colors, 120Hz, HDR, 1600 nits (HBM), 6000 nits (peak)",7000.0,80.0,50.0,16.0,2.0,Yes,2415558.0,7538.0,"Android 15, Realme UI 6.0",Yes,"Black, Blue, Silver",0
Realme 14x (India),Realme,Realme,Budget,23800.0,170.0,2024.0,Yes,Mediatek Dimensity 6300 (6 nm),0,Mediatek,Dimensity,6.0,8.0,128.0,128.0,120.0,6.67,"IPS LCD, 120Hz, 625 nits",6000.0,45.0,50.0,8.0,1.0,No,909042.0,1980.0,"Android 14, Realme UI 5.0",No,"Crystal Black, Golden Glow, Jewel Red",0
Realme 12+,Realme,Realme,Budget,21000.0,150.0,2024.0,Yes,Mediatek Dimensity 7050 (6 nm),0,Mediatek,Dimensity,6.0,12.0,128.0,512.0,120.0,6.67,"AMOLED, 120Hz, HDR10+, 600 nits (typ), 2000 nits (peak)",5000.0,67.0,50.0,16.0,3.0,Yes,558199.0,2343.0,"Android 14, up to 2 major Android upgrades, Realme UI 5.0",Yes,"Pioneer Green, Navigator Beige",0
Realme 12 Pro+,Realme,Realme,Mid,56698.6,404.99,2024.0,Yes,Qualcomm SM7435-AB Snapdragon 7s Gen 2 (4 nm),0,Qualcomm,Snapdragon,8.0,12.0,128.0,512.0,120.0,6.7,"AMOLED, 1B colors, 120Hz, 800 nits (HBM), 950 nits (peak)",5000.0,67.0,50.0,32.0,3.0,Yes,534782.0,2732.0,"Android 14, Realme UI 5.0",Yes,"Submarine Blue, Navigator Beige, Explorer Red",0
Realme 12 Pro,Realme,Realme,Mid,48998.6,349.99,2024.0,Yes,Qualcomm SM6450 Snapdragon 6 Gen 1 (4 nm),0,Qualcomm,Snapdragon,8.0,12.0,128.0,512.0,120.0,6.7,"AMOLED, 1B colors, 120Hz, 800 nits (HBM), 950 nits (peak)",5000.0,67.0,50.0,16.0,3.0,Yes,812803.0,2719.0,"Android 14, Realme UI 5.0",Yes,"Submarine Blue, Navigator Beige",0
Realme GT6 (China),Realme,Realme,Flagship,23800.0,170.0,2024.0,Yes,Qualcomm SM8650-AB Snapdragon 8 Gen 3 (4 nm),1,Qualcomm,Snapdragon,12.0,16.0,256.0,512.0,120.0,6.78,"LTPO AMOLED, 1B colors, 120Hz, HDR, 1600 nits (HBM), 6000 nits (peak)",5800.0,120.0,50.0,16.0,2.0,Yes,2835794.0,6753.0,"Android 14, Realme UI 5.0",Yes,"Moon, White, Purple",0
Realme 13 Pro+,Realme,Realme,Mid,25686.788990825688,183.47706422018348,2024.0,Yes,Qualcomm SM7435-AB Snapdragon 7s Gen 2 (4 nm),0,Qualcomm,Snapdragon,8.0,12.0,256.0,512.0,120.0,6.7,"AMOLED, 1B colors, 120Hz, 600 nits (typ), 1200 nits (HBM), 2000 nits (peak)",5200.0,80.0,50.0,32.0,3.0,Yes,663084.0,2685.0,"Android 14, Realme UI 5.0",Yes,"Monet Gold, Emerald Green, Monet Purple",0
Realme 13 Pro,Realme,Realme,Mid,25686.788990825688,183.47706422018348,2024.0,Yes,Qualcomm SM7435-AB Snapdragon 7s Gen 2 (4 nm),0,Qualcomm,Snapdragon,8.0,12.0,128.0,512.0,120.0,6.7,"AMOLED, 1B colors, 120Hz, 600 nits (typ), 1200 nits (HBM), 2000 nits (peak)",5200.0,45.0,50.0,32.0,2.0,Yes,848531.0,2687.0,"Android 14, Realme UI 5.0",Yes,"Monet Gold, Emerald Green, Monet Purple",0
Realme GT 6,Realme,Realme,Flagship,42384.036697247706,302.74311926605503,2024.0,Yes,Qualcomm SM8635 Snapdragon 8s Gen 3 (4 nm),1,Qualcomm,Snapdragon,8.0,16.0,256.0,512.0,120.0,6.78,"LTPO AMOLED, 1B colors, 120Hz, HDR 10+, Dolby Vision, 1600 nits (HBM), 6000 nits (peak)",5500.0,120.0,50.0,32.0,3.0,Yes,1540147.0,5085.0,"Android 14, up to 3 major Android upgrades, Realme UI 5.0",Yes,"Fluid Sliver, Razor Green",0
Realme V60,Realme,Realme,Budget,22400.0,160.0,2024.0,Yes,Mediatek Dimensity 6300 (6 nm),0,Mediatek,Dimensity,6.0,8.0,128.0,256.0,120.0,6.67,"IPS LCD, 120Hz, 500 nits (typ), 625 nits (HBM)",5000.0,15.0,32.0,8.0,1.0,No,551891.0,1980.0,"Android 14, Realme UI 5.0",No,"Gold, Green",0
Realme 12,Realme,Realme,Budget,23800.0,170.0,2024.0,Yes,Mediatek Dimensity 6100+ (6 nm),0,Mediatek,Dimensity,6.0,8.0,128.0,512.0,120.0,6.72,"IPS LCD, 120Hz, 800 nits (typ), 950 nits (HBM)",5000.0,45.0,108.0,8.0,2.0,No,551605.0,1850.5,"Android 14, Realme UI 5.0",No,"Twilight Purple, Woodland Green",0
Realme Narzo 70 Pro,Realme,Realme,Mid,30800.0,220.0,2024.0,Yes,Mediatek Dimensity 7050 (6 nm),0,Mediatek,Dimensity,8.0,8.0,128.0,256.0,120.0,6.67,"AMOLED, 120Hz, HDR10+, 600 nits (typ), 2000 nits (peak)",5000.0,67.0,50.0,16.0,3.0,Yes,985745.0,2398.0,"Android 14, Realme UI 5.0",No,"Green, Gold",1
Realme 12x,Realme,Realme,Budget,14984.2,107.03,2024.0,Yes,Mediatek Dimensity 6100+ (6 nm),0,Mediatek,Dimensity,4.0,12.0,128.0,512.0,120.0,6.67,"IPS LCD, 120Hz, 500 (typ), 625 nits (HBM)",5000.0,15.0,50.0,8.0,2.0,No,527928.0,1850.5,"Android 14, Realme UI 5.0",Yes,"Feather Green, Glowing Black",0
Realme GT Neo6,Realme,Realme,Flagship,37800.0,270.0,2024.0,Yes,Qualcomm SM8635 Snapdragon 8s Gen 3 (4 nm),1,Qualcomm,Snapdragon,12.0,16.0,256.0,512.0,120.0,6.78,"LTPO AMOLED, 1B colors, 120Hz, HDR, 1600 nits (HBM), 6000 nits (peak)",5500.0,120.0,50.0,32.0,2.0,Yes,1807845.5,5143.0,"Android 14, Realme UI 5.0",Yes,"Silver, Green, Purple",1
Realme GT 6T,Realme,Realme,Mid,48998.6,349.99,2024.0,Yes,Qualcomm SM7675 Snapdragon 7+ Gen 3 (4 nm),0,Qualcomm,Snapdragon,8.0,12.0,128.0,512.0,120.0,6.78,"LTPO AMOLED, 1B colors, 120Hz, HDR, 1000 nits (typ), 1600 nits (HBM), 6000 nits (peak)",5500.0,120.0,50.0,32.0,2.0,Yes,1114911.0,3845.0,"Android 14, Realme UI 5.0",Yes,"Fluid Silver, Razor Green",1
Realme Narzo N65,Realme,Realme,Budget,18200.0,130.0,2024.0,Yes,Mediatek Dimensity 6300 (6 nm),0,Mediatek,Dimensity,4.0,8.0,128.0,128.0,120.0,6.67,"IPS LCD, 120Hz, 500 nits (typ), 625 nits (HBM)",5000.0,15.0,50.0,8.0,1.0,No,551891.0,1980.0,"Android 14, Realme UI 5.0",No,"Amber Gold, Deep Green",0
Realme GT 7 Pro,Realme,Realme,Flagship,83860.0,599.0,2024.0,Yes,Qualcomm SM8750-AB Snapdragon 8 Elite (3 nm),1,Qualcomm,Snapdragon,12.0,16.0,256.0,512.0,120.0,6.78,"LTPO AMOLED, 1B colors, 120Hz, 2600Hz PWM, HDR10+, Dolby Vision, 1000 nits (typ), 2000 nits (HBM), 6500 nits (peak)",6500.0,120.0,50.0,16.0,3.0,Yes,2746604.0,9509.0,"Android 15, up to 3 major Android upgrades, Realme UI 6.0",Yes,"Mars Orange, Galaxy Grey, White",0
Realme V60 pro,Realme,Realme,Mid,29400.0,210.0,2024.0,Yes,Mediatek Dimensity 6300 (6 nm),0,Mediatek,Dimensity,12.0,12.0,256.0,512.0,120.0,6.67,"IPS LCD, 120Hz, 625 nits",5600.0,45.0,50.0,8.0,1.0,No,551891.0,1980.0,"Android 14, Realme UI 5.0",No,"Crystal Black, Golden Glow, Jewel Red",0
Realme P1 Speed,Realme,Realme,Mid,28000.0,200.0,2024.0,Yes,Mediatek Dimensity 7300 Energy (4 nm),0,Mediatek,Dimensity,8.0,12.0,128.0,256.0,120.0,6.67,"OLED, 120Hz, 600 nits (typ), 2000 nits (peak)",5000.0,45.0,50.0,16.0,2.0,No,920845.5,2628.0,"Android 14, Realme UI 5.0",No,"Brushed Blue, Textured Titanium",0
Realme Narzo 70 Turbo,Realme,Realme,Mid,25200.0,180.0,2024.0,Yes,Mediatek Dimensity 7300 Energy (4 nm),0,Mediatek,Dimensity,6.0,12.0,128.0,256.0,120.0,6.67,"OLED, 120Hz, HDR, 600 nits (typ), 2000 nits (peak)",5000.0,45.0,50.0,16.0,2.0,No,920845.5,2628.0,"Android 14, Realme UI 5.0",No,"Turbo Yellow, Turbo Green, Turbo Purple",0
Realme P2 Pro,Realme,Realme,Mid,33600.0,240.0,2024.0,Yes,Qualcomm SM7435-AB Snapdragon 7s Gen 2 (4 nm),0,Qualcomm,Snapdragon,8.0,12.0,128.0,512.0,120.0,6.7,"OLED, 1B colors, 120Hz, 600 nits (typ), 1200 nits (HBM), 2000 nits (peak)",5200.0,80.0,50.0,32.0,2.0,Yes,812803.0,2687.0,"Android 14, Realme UI 5.0",No,"Parrot Green, Eagle Grey",1
Realme Narzo 80 Pro,Realme,Realme,Mid,28255.59633027523,201.8256880733945,2025.0,Yes,Mediatek Dimensity 7400 (4 nm),0,Mediatek,Dimensity,8.0,12.0,128.0,256.0,120.0,6.72,"OLED, 1B colors, 120Hz, HDR, 600 nits (typ), 1400 nits (HBM), 4500 nits (peak)",6000.0,80.0,50.0,16.0,2.0,Yes,985745.0,3185.0,"Android 15, Realme UI 6.0",No,"Racing Green, Speed Silver",0
Realme Narzo 80x,Realme,Realme,Budget,21000.0,150.0,2025.0,Yes,Mediatek Dimensity 6400 (6 nm),0,Mediatek,Dimensity,6.0,8.0,128.0,128.0,120.0,6.72,"IPS LCD, 120Hz, 950 nits (peak)",6000.0,45.0,50.0,8.0,2.0,No,588662.0,2047.0,"Android 15, Realme UI 6.0",No,"Deep Ocean, Sunlit Gold",0
Realme GT7 (China),Realme,Realme,Flagship,43400.0,310.0,2025.0,Yes,Mediatek Dimensity 9400+ (3 nm),1,Mediatek,Dimensity,12.0,16.0,256.0,512.0,144.0,6.8,"AMOLED, 1B colors, 144Hz, HDR, 1800 nits (HBM), 6500 nits (peak)",7200.0,100.0,50.0,16.0,2.0,Yes,2835794.0,8810.0,"Android 15, Realme UI 6.0",Yes,"Black, Blue, White",0
Realme 14T,Realme,Realme,Mid,31168.2,222.63,2025.0,Yes,Mediatek Dimensity 6300 (6 nm),0,Mediatek,Dimensity,8.0,12.0,128.0,256.0,120.0,6.67,"AMOLED, 120Hz, 2100 nits (peak)",6000.0,45.0,50.0,16.0,2.0,No,569901.0,1980.0,"Android 15, up to 3 major Android upgrades, Realme UI 6.0",Yes,"Surf Green, Obsidian Black, Lightning Purple",0
Realme P4,Realme,Realme,Mid,26971.19266055046,192.651376146789,2025.0,Yes,Mediatek Dimensity 7400 (4 nm),0,Mediatek,Dimensity,6.0,8.0,128.0,256.0,144.0,6.77,"AMOLED, 1B colors, 144Hz, HDR10+, 3840Hz PWM, 1600 nits (HBM), 4500 nits (peak)",7000.0,80.0,50.0,16.0,2.0,No,958940.0,3185.0,"Android 15, Realme UI 6.0",No,"Steel Gray, Engine Blue, Forge Red",0
Realme P4 Pro,Realme,Realme,Mid,37210.45871559633,265.7889908256881,2025.0,Yes,Qualcomm SM7750-AB Snapdragon 7 Gen 4 (4 nm),0,Qualcomm,Snapdragon,8.0,12.0,128.0,512.0,144.0,6.8,"AMOLED, 1B colors, 144Hz, HDR10+, 4608Hz PWM, 1800 nits (HBM), 6500 nits (peak)",7000.0,80.0,50.0,50.0,2.0,Yes,1078117.0,3542.0,"Android 15, up to 3 major Android upgrades, Realme UI 6.0",No,"Birch Wood, Dark Oak Wood, Midnight Ivy",0
Realme P4x,Realme,Realme,Flagship,23053.761467889908,164.6697247706422,2025.0,Yes,Mediatek Dimensity 7400 Ultra (4 nm),1,Mediatek,Dimensity,6.0,8.0,128.0,512.0,144.0,6.72,"IPS LCD, 144Hz, 800 nits (typ), 1000 nits (HBM)",7000.0,45.0,50.0,8.0,2.0,No,941780.0,2913.0,"Android 15, Realme UI 6.0",No,"Matte Silver, Elegant Pink, Lake Green",0
Realme Narzo 90,Realme,Realme,Budget,24402.38532110092,174.30275229357798,2025.0,Yes,Mediatek Dimensity 6400 Max (6 nm),0,Mediatek,Dimensity,6.0,8.0,128.0,128.0,120.0,6.57,"AMOLED, 1B colors, 120Hz, 2160Hz PWM, 1000 nits (typ), 1400 nits (HBM), 4000 nits (peak)",7000.0,60.0,50.0,50.0,2.0,No,588662.0,2924.5,"Android 15, up to 3 major Android upgrades, Realme UI 6.0",No,"Victory Gold, Carbon Black",0
Realme Narzo 90X,Realme,Realme,Mid,25044.587155963305,178.88990825688074,2025.0,Yes,Mediatek Dimensity 6300 (6 nm),0,Mediatek,Dimensity,4.0,8.0,128.0,128.0,144.0,6.8,"IPS LCD, 144Hz, 1200 nits (HBM)",7000.0,60.0,50.0,8.0,1.0,No,588662.0,1980.0,"Android 15, Realme UI 6.0",No,"Flash Blue, Nitro Blue",0
Realme GT7 Pro Racing,Realme,Realme,Flagship,56000.0,400.0,2025.0,Yes,Qualcomm SM8750-AB Snapdragon 8 Elite (3 nm),1,Qualcomm,Snapdragon,12.0,16.0,256.0,512.0,120.0,6.78,"LTPO AMOLED, 1B colors, 120Hz, HDR10+, Dolby Vision, 1500 nits (HBM), 6000 nits (peak)",6500.0,120.0,50.0,16.0,2.0,Yes,3113462.0,8887.0,"Android 15, Realme UI 6.0",Yes,"Titanium, Blue",0
Realme P3 Pro,Realme,Realme,Mid,33600.0,240.0,2025.0,Yes,Qualcomm SM7635 Snapdragon 7s Gen 3 (4 nm),0,Qualcomm,Snapdragon,8.0,12.0,128.0,256.0,120.0,6.83,"AMOLED, 1B colors, 120Hz, 600 nits (typ), 1200 nits (HBM), 1500 nits (peak)",6000.0,80.0,50.0,16.0,2.0,Yes,1093729.0,3157.0,"Android 15, Realme UI 6.0",No,"Nebula Glow, Saturn Brown, Galaxy Purple",0
Realme P3x,Realme,Realme,Budget,23760.18348623853,169.71559633027522,2025.0,Yes,Mediatek Dimensity 6400 (6 nm),0,Mediatek,Dimensity,6.0,8.0,128.0,128.0,120.0,6.72,"IPS LCD, 120Hz, 950 nits (peak)",6000.0,45.0,50.0,8.0,2.0,No,982776.0,2047.0,"Android 15, Realme UI 6.0",No,"Midnight Blue, Stellar Pink, Lunar Silver",0
Realme Neo7 SE,Realme,Realme,Mid,33600.0,240.0,2025.0,Yes,Mediatek Dimensity 8400 Max (4 nm),0,Mediatek,Dimensity,8.0,16.0,256.0,512.0,120.0,6.78,"LTPO OLED, 1B colors, 120Hz, HDR, 1600 nits (HBM), 6000 nits (peak)",7000.0,80.0,50.0,16.0,2.0,Yes,2078079.0,2924.5,"Android 15, Realme UI 6.0",Yes,"Blue, White, Black",0
Realme Neo7x,Realme,Realme,Budget,23800.0,170.0,2025.0,Yes,Qualcomm Snapdragon 6 Gen 4 (4 nm),0,Qualcomm,Snapdragon,8.0,12.0,128.0,512.0,120.0,6.67,"AMOLED, 120Hz, 2000 nits (peak)",6000.0,45.0,50.0,16.0,1.0,No,973176.0,3077.0,"Android 15, Realme UI 6.0",Yes,"Gray, White",0
Realme 14 Pro+,Realme,Realme,Mid,54460.0,389.0,2025.0,Yes,Qualcomm SM7635 Snapdragon 7s Gen 3 (4 nm),0,Qualcomm,Snapdragon,8.0,12.0,128.0,512.0,120.0,6.83,"OLED, 1B colors, 120Hz, 3840Hz PWM, 1200 nits (HBM), 1500 nits (peak)",6000.0,80.0,50.0,32.0,3.0,Yes,765537.0,2627.0,"Android 15, up to 3 major Android upgrades, Realme UI 6.0",Yes,"Pearl White, Suede Gray, Bikaner Purple",0
Realme 14 Pro,Realme,Realme,Mid,38530.82568807339,275.2201834862385,2025.0,Yes,Mediatek Dimensity 7300 Energy (4 nm),0,Mediatek,Dimensity,8.0,12.0,128.0,512.0,120.0,6.77,"OLED, 1B colors, 120Hz, 3840Hz PWM, 1400 nits (HBM), 4500 nits (peak)",6000.0,45.0,50.0,16.0,2.0,Yes,912903.0,2628.0,"Android 15, up to 3 major Android upgrades, Realme UI 6.0",Yes,"Pearl White, Jaipur Pink, Suede Grey",0
Realme 14x,Realme,Realme,Budget,18198.600000000002,129.99,2025.0,Yes,Mediatek Dimensity 6300 (6 nm),0,Mediatek,Dimensity,6.0,8.0,128.0,256.0,120.0,6.67,"IPS LCD, 120Hz, 625 nits",5000.0,15.0,50.0,8.0,1.0,No,968875.0,1980.0,"Android 15, Realme UI 6.0",Yes,"Peridot Green, Carbon Black",0
Realme 16,Realme,Realme,Mid,53198.6,379.99,2025.0,Yes,Mediatek Dimensity 6400 Turbo (6 nm),0,Mediatek,Dimensity,8.0,12.0,128.0,256.0,120.0,6.57,"AMOLED, 1B colors, 120Hz, 2160Hz PWM, HDR, 1000 nits (typ), 1400 nits (HBM), 4500 nits (peak)",7000.0,60.0,50.0,50.0,2.0,No,612195.0,2924.5,"Android 16, Realme UI 7.0",Yes,"White Swan, Black Cloud",0
Realme 15 Pro,Realme,Realme,Mid,39044.5871559633,278.88990825688074,2025.0,Yes,Qualcomm SM7750-AB Snapdragon 7 Gen 4 (4 nm),0,Qualcomm,Snapdragon,8.0,12.0,128.0,512.0,144.0,6.8,"OLED, 1B colors, 144Hz, 4608Hz PWM, HDR10+, 1800 nits (HBM), 6500 nits (peak)",7000.0,80.0,50.0,50.0,2.0,Yes,1095837.0,3630.0,"Android 15, up to 3 major Android upgrades, Realme UI 6.0",Yes,"Flowing Silver, Silk Purple, Velvet Green, Game of Thrones Limited Edition",0
Realme 15 (India),Realme,Realme,Mid,38530.82568807339,275.2201834862385,2025.0,Yes,Mediatek Dimensity 7300+ (4 nm),0,Mediatek,Dimensity,8.0,12.0,128.0,512.0,144.0,6.8,"OLED, 1B colors, 144Hz, 4608Hz PWM, HDR10+, 1800 nits (HBM), 6500 nits (peak)",7000.0,80.0,50.0,50.0,2.0,Yes,909042.0,2936.0,"Android 15, up to 3 major Android upgrades, Realme UI 6.0",No,"Flowing Silver, Silk Pink, Velvet Green",0
Realme C73,Realme,Realme,Budget,15400.0,110.0,2025.0,Yes,Mediatek Dimensity 6300 (6 nm),0,Mediatek,Dimensity,4.0,4.0,64.0,128.0,120.0,6.67,"IPS LCD, 120Hz, 625 nits",6000.0,15.0,32.0,8.0,1.0,No,334150.0,1980.0,"Android 15, Realme UI 6.0",No,"Jade Green, Crystal Purple, Onyx Black",0
Realme Narzo 80 Lite 5G,Realme,Realme,Budget,15411.559633027524,110.08256880733946,2025.0,Yes,Mediatek Dimensity 6300 (6 nm),0,Mediatek,Dimensity,4.0,6.0,64.0,128.0,120.0,6.67,"IPS LCD, 120Hz, 625 nits",6000.0,15.0,32.0,8.0,1.0,No,550626.0,1980.0,"Android 15, Realme UI 6.0",No,"Crystal Purple, Onyx Black",0
Realme 14 Pro Lite,Realme,Realme,Mid,33600.0,240.0,2025.0,Yes,Qualcomm SM7435-AB Snapdragon 7s Gen 2 (4 nm),0,Qualcomm,Snapdragon,8.0,8.0,128.0,256.0,120.0,6.7,"AMOLED, 1B colors, 120Hz, 600 nits (typ), 1200 nits (HBM), 2000 nits (peak)",5200.0,45.0,50.0,32.0,2.0,Yes,800974.5,2687.0,"Android 14, Realme UI 5.0",No,"Glass Gold, Glass Purple",0
Realme P3,Realme,Realme,Budget,20549.174311926603,146.77981651376146,2025.0,Yes,Qualcomm Snapdragon 6 Gen 4 (4 nm),0,Qualcomm,Snapdragon,6.0,12.0,128.0,512.0,120.0,6.67,"AMOLED, 120Hz, 600 nits (typ), 2000 nits (peak)",6000.0,45.0,50.0,16.0,2.0,No,982776.0,3077.0,"Android 15, Realme UI 6.0",No,"Space Silver, Comet Grey, Nebula Pink, Starlight Green",0
Realme P3 Ultra,Realme,Realme,Flagship,37246.422018348625,266.04587155963304,2025.0,Yes,Mediatek Dimensity 8350 Ultra (4 nm),1,Mediatek,Dimensity,8.0,12.0,128.0,512.0,120.0,6.83,"AMOLED, 1B colors, 120Hz, 600 nits (typ), 1200 nits (HBM), 1500 nits (peak)",6000.0,80.0,50.0,16.0,2.0,Yes,1403612.0,4169.0,"Android 15, up to 3 major Android upgrades, Realme UI 6.0",Yes,"Neptune Blue, Orion Red, Glowing Lunar White",0
Realme 14,Realme,Realme,Mid,36398.6,259.99,2025.0,Yes,Qualcomm Snapdragon 6 Gen 4 (4 nm),0,Qualcomm,Snapdragon,8.0,12.0,256.0,512.0,120.0,6.67,"AMOLED, 120Hz, 2000 nits (peak)",6000.0,45.0,50.0,16.0,1.0,Yes,968875.0,3077.0,"Android 15, Realme UI 6.0",No,"Silver, Titanium, Pink",0
Realme C75,Realme,Realme,Budget,19600.0,140.0,2025.0,Yes,Mediatek Dimensity 6300 (6 nm),0,Mediatek,Dimensity,4.0,6.0,64.0,128.0,120.0,6.67,"IPS LCD, 120Hz, 625 nits",6000.0,45.0,32.0,8.0,1.0,No,370885.0,1980.0,"Android 15, Realme UI 6.0",No,"Midnight Lily, Purple Blossom, Lily White",0
Realme GT 7T,Realme,Realme,Mid,53060.0,379.0,2025.0,Yes,Mediatek Dimensity 8400 Max (4 nm),0,Mediatek,Dimensity,8.0,12.0,128.0,512.0,120.0,6.8,"AMOLED, 1B colors, 120Hz, 2160Hz PWM, HDR10+, Dolby Vision, 1000 nits (typ), 1800 nits (HBM), 6000 nits (peak)",7000.0,120.0,50.0,32.0,2.0,Yes,2074834.0,2924.5,"Android 15, up to 6 major Android upgrades, Realme UI 6.0",Yes,"IceSense Black, IceSense Blue, Racing Yellow",0
Realme GT 7,Realme,Realme,Flagship,64260.0,459.0,2025.0,Yes,Mediatek Dimensity 9400e (4 nm),1,Mediatek,Dimensity,8.0,16.0,256.0,512.0,120.0,6.78,"LTPO AMOLED, 1B colors, 120Hz, 2160Hz PWM, HDR10+, Dolby Vision, 600 nits (typ), 1600 nits (HBM), 6000 nits (peak)",7000.0,120.0,50.0,32.0,3.0,Yes,2141861.0,7412.0,"Android 15, up to 4 major Android upgrades, Realme UI 6.0",Yes,"IceSense Black, IceSense Blue, Aston Martin Green",0
Realme Neo7 Turbo,Realme,Realme,Flagship,35000.0,250.0,2025.0,Yes,Mediatek Dimensity 9400e (4 nm),1,Mediatek,Dimensity,12.0,16.0,256.0,512.0,120.0,6.8,"AMOLED, 1B colors, 120Hz, HDR, 1800 nits (HBM), 6500 nits (peak)",7200.0,100.0,50.0,16.0,2.0,Yes,2463286.0,7478.0,"Android 15, Realme UI 6.0",Yes,"Black, Silver",0
Realme C85,Realme,Realme,Mid,25083.119266055048,179.1651376146789,2025.0,Yes,Mediatek Dimensity 6300 (6 nm),0,Mediatek,Dimensity,4.0,8.0,128.0,256.0,144.0,6.8,"IPS LCD, 144Hz, 1200 nits (HBM)",7000.0,45.0,50.0,8.0,1.0,No,524788.0,1980.0,"Android 15, Realme UI 6.0",Yes,"Green, Purple",0
Realme 15 Lite,Realme,Realme,Budget,23800.0,170.0,2025.0,Yes,Mediatek Dimensity 7300 Energy (4 nm),0,Mediatek,Dimensity,8.0,12.0,128.0,256.0,120.0,6.67,"OLED, 1B colors, 120Hz, 2000 nits (peak)",5000.0,80.0,50.0,16.0,2.0,Yes,920845.5,2628.0,"Android 15, Realme UI 6.0",No,"Satin Green, Glitter Gold, Electric Purple",0
Realme 15x (India),Realme,Realme,Budget,24402.38532110092,174.30275229357798,2025.0,Yes,Mediatek Dimensity 6300 (6 nm),0,Mediatek,Dimensity,6.0,8.0,128.0,256.0,144.0,6.81,"IPS LCD, 144Hz, 1200 nits (HBM)",7000.0,60.0,50.0,50.0,1.0,No,909042.0,1980.0,"Android 15, Realme UI 6.0",No,"Aqua Blue, Marine Blue, Maroon Red",0
Realme GT 8 Pro,Realme,Realme,Flagship,109615.8,782.97,2025.0,Yes,Qualcomm SM8850-AC Snapdragon 8 Elite Gen 5 (3 nm),1,Qualcomm,Snapdragon,12.0,16.0,256.0,512.0,144.0,6.79,"AMOLED, 1B colors, 144Hz, HDR10+, HDR Vivid, Dolby Vision, 1000 nits (typ), 2000 nits (HBM), 7000 nits (peak)",7000.0,120.0,50.0,32.0,3.0,Yes,2955505.0,10694.0,"Android 16, up to 4 major Android upgrades, Realme UI 7.0",Yes,"Diary White, Urban Blue, Green, Aston Martin Green",0
Realme GT8 (China),Realme,Realme,Flagship,49000.0,350.0,2025.0,Yes,Qualcomm SM8750-AB Snapdragon 8 Elite (3 nm),1,Qualcomm,Snapdragon,12.0,16.0,256.0,512.0,144.0,6.79,"AMOLED, 144Hz, HDR, 1000 nits (typ), 2000 nits (HBM), 7000 nits (peak)",7000.0,100.0,50.0,16.0,3.0,Yes,2835794.0,8887.0,"Android 16, up to 4 major Android upgrades, Realme UI 7.0",Yes,"Blue, Green, White",0
Realme 15T,Realme,Realme,Mid,30812.84403669725,220.09174311926608,2025.0,Yes,Mediatek Dimensity 6400 Max (6 nm),0,Mediatek,Dimensity,8.0,12.0,128.0,512.0,120.0,6.57,"AMOLED, 1B colors, 120Hz, 2160Hz PWM, 1000 nits (typ), 1400 nits (HBM), 4000 nits (peak)",7000.0,60.0,50.0,50.0,2.0,No,550018.0,2924.5,"Android 15, up to 3 major Android upgrades, Realme UI 6.0",No,"Silk Blue, Suit Titanium, Flowing Silver",0
Realme P3 Lite,Realme,Realme,Budget,16695.963302752294,119.25688073394495,2025.0,Yes,Mediatek Dimensity 6300 (6 nm),0,Mediatek,Dimensity,4.0,6.0,64.0,128.0,120.0,6.67,"IPS LCD, 120Hz, 625 nits",6000.0,45.0,32.0,8.0,1.0,No,383402.0,1980.0,"Android 15, Realme UI 6.0",No,"Midnight Lily, Purple Blossom, Lily White",0
Realme 15,Realme,Realme,Mid,42000.0,300.0,2025.0,Yes,Mediatek Dimensity 7300+ (4 nm),0,Mediatek,Dimensity,12.0,12.0,256.0,256.0,144.0,6.77,"AMOLED, 1B colors, 144Hz, 3840Hz PWM, HDR, 1600 nits (HBM), 4500 nits (peak)",7000.0,80.0,50.0,50.0,2.0,Yes,985294.0,2936.0,"Android 15, Realme UI 6.0",No,"Silk Pink, Suit Titanium",0
Realme C100,Realme,Realme,Mid,28000.0,200.0,2026.0,Yes,Mediatek Dimensity 6300 (6 nm),0,Mediatek,Dimensity,4.0,6.0,128.0,128.0,144.0,6.8,"IPS LCD, 144Hz, 600 nits (typ), 900 nits (HBM)",7000.0,5.0,50.0,5.0,1.0,No,408281.5,1980.0,"Android 16, Realme UI 7.0",No,"Blooming Purple, Sprouting Green",0
Realme Narzo 100 Lite,Realme,Realme,Budget,19264.770642201835,137.60550458715596,2026.0,Yes,Mediatek Dimensity 6300 (6 nm),0,Mediatek,Dimensity,4.0,6.0,64.0,128.0,144.0,6.8,"IPS LCD, 144Hz, 900 nits (HBM)",7000.0,15.0,13.0,5.0,1.0,No,550626.0,1980.0,"Android 16, Realme UI 7.0",No,"Frost Silver, Thunder Black",0
Realme 16 Pro+,Realme,Realme,Mid,62860.0,449.0,2026.0,Yes,Qualcomm SM7750-AB Snapdragon 7 Gen 4 (4 nm),0,Qualcomm,Snapdragon,8.0,12.0,128.0,512.0,144.0,6.8,"AMOLED, 1B colors, 144Hz, HDR10+, 4608Hz PWM, 600 nits (typ), 1800 nits (HBM), 6500 nits (peak)",7000.0,80.0,200.0,50.0,3.0,Yes,1147970.0,3982.0,"Android 16, up to 5 (EU) / 3 (IN) major Android upgrades, Realme UI 7.0",Yes,"Gold, Gray, Camellia Pink",0
Realme 16 Pro,Realme,Realme,Mid,60060.0,429.0,2026.0,Yes,Mediatek Dimensity 7300 Max (4 nm),0,Mediatek,Dimensity,8.0,12.0,128.0,512.0,144.0,6.78,"AMOLED, 1B colors, 144Hz, HDR10+, PWM, 1000 nits (typ), 1400 nits (HBM), 6500 nits (peak)",7000.0,80.0,200.0,50.0,2.0,Yes,919158.0,1998.0,"Android 16, up to 5 (EU) / 3 (IN) major Android upgrades, Realme UI 7.0",Yes,"Gold, Pebble Grey, Orchid Purple",0
Realme Neo8,Realme,Realme,Flagship,39200.0,280.0,2026.0,Yes,Qualcomm SM8845 Snapdragon 8 Gen 5 (3 nm),1,Qualcomm,Snapdragon,12.0,16.0,256.0,512.0,165.0,6.78,"AMOLED, 1B colors, 165Hz, HDR, 1000 nits (typ), 3800 nits (HBM), 6500 nits (peak)",8000.0,80.0,50.0,16.0,3.0,Yes,3064988.0,9602.0,"Android 16, Realme UI 7.0",Yes,"Gray, White, Purple",0
Realme P4 Power,Realme,Realme,Flagship,31723.486238532103,226.59633027522932,2026.0,Yes,Mediatek Dimensity 7400 Ultra (4 nm),1,Mediatek,Dimensity,8.0,12.0,128.0,256.0,144.0,6.8,"AMOLED, 1B colors, 144Hz, HDR10+, PWM, 600 nits (typ), 1800 nits (HBM), 6500 nits (peak)",10001.0,80.0,50.0,16.0,2.0,Yes,954428.0,2913.0,"Android 16, up to 3 major Android upgrades, Realme UI 7.0",No,"Flash Orange, Power Silver, Blue",0
Realme Narzo Power,Realme,Realme,Flagship,35962.01834862385,256.8715596330275,2026.0,Yes,Mediatek Dimensity 7400 Ultra (4 nm),1,Mediatek,Dimensity,8.0,8.0,128.0,256.0,144.0,6.8,"AMOLED, 1B colors, 144Hz, HDR10+, PWM, 600 nits (typ), 1800 nits (HBM), 6500 nits (peak)",10001.0,80.0,50.0,16.0,2.0,Yes,954428.0,2913.0,"Android 16, up to 3 major Android upgrades, Realme UI 7.0",No,"Titan Silver, Titan Blue",0
Realme C83,Realme,Realme,Budget,18200.0,130.0,2026.0,Yes,Mediatek Dimensity 6300 (6 nm),0,Mediatek,Dimensity,4.0,6.0,64.0,128.0,144.0,6.8,"IPS LCD, 144Hz, 900 nits (peak)",7000.0,15.0,13.0,5.0,1.0,No,334150.0,1980.0,"Android 16, Realme UI 7.0",No,"Blooming Purple, Sprouting Green",0
Realme P4 Lite,Realme,Realme,Budget,18855.045871559636,134.67889908256882,2026.0,Yes,Mediatek Dimensity 6300 (6 nm),0,Mediatek,Dimensity,4.0,6.0,64.0,128.0,144.0,6.8,"IPS LCD, 144Hz, 900 nits (peak)",7000.0,15.0,13.0,5.0,1.0,No,383402.0,1980.0,"Android 16, up to 2 major Android upgrades, Realme UI 7.0",No,"Mosaic Green, Mosaic Blue",1
Realme 16T,Realme,Realme,Mid,32108.80733944954,229.348623853211,2026.0,Yes,Mediatek Dimensity 6300 (6 nm),0,Mediatek,Dimensity,6.0,8.0,128.0,256.0,144.0,6.81,"AMOLED, 144Hz, 1200 nits (HBM)",8000.0,45.0,50.0,16.0,2.0,No,438780.0,2016.0,"Android 16, Realme UI 7.0",No,"Starlight Red, Starlight Black, Aurora Green",0
Samsung Galaxy F34,Samsung,Samsung,Mid,31466.60550458715,224.76146788990823,2023.0,Yes,Exynos 1280 (5 nm),0,Samsung,Exynos,6.0,8.0,128.0,128.0,120.0,6.5,"Super AMOLED, 120Hz, 1000 nits (peak)",6000.0,25.0,50.0,13.0,3.0,Yes,741627.0,2039.0,"Android 13, One UI 5.1",Yes,"Electric Black, Mystic Green",0
Samsung Galaxy A25,Samsung,Samsung,Mid,33625.200000000004,240.18,2023.0,Yes,Exynos 1280 (5 nm),0,Samsung,Exynos,4.0,8.0,128.0,256.0,120.0,6.5,"Super AMOLED, 120Hz, 1000 nits (HBM)",5000.0,25.0,50.0,13.0,3.0,Yes,443234.0,2023.0,"Android 14, up to 4 major Android upgrades, One UI 7",Yes,"Brave Black, Personality Yellow, Fantasy Blue, Optimistic Blue",0
Samsung Galaxy A15 5G,Samsung,Samsung,Budget,22960.0,164.0,2023.0,Yes,Mediatek Dimensity 6100+ (6 nm),0,Mediatek,Dimensity,4.0,8.0,64.0,256.0,90.0,6.5,"Super AMOLED, 90Hz, 800 nits (HBM)",5000.0,25.0,50.0,13.0,3.0,No,306274.0,1747.0,"Android 14, upgradable to Android 16, One UI 8, up to 4 major Android upgrades",Yes,"Brave Black, Personality Yellow, Magical Blue, Optimistic Blue",0
Samsung Galaxy M34 5G,Samsung,Samsung,Budget,20549.174311926603,146.77981651376146,2023.0,Yes,Exynos 1280 (5 nm),0,Samsung,Exynos,6.0,8.0,128.0,256.0,120.0,6.5,"Super AMOLED, 120Hz, 1000 nits (peak)",6000.0,25.0,50.0,13.0,3.0,Yes,603449.0,2039.0,"Android 13, upgradable to Android 16, One UI 8",Yes,"Midnight Blue, Prism Silver, Waterfall Blue",0
Samsung Galaxy Z Fold5,Samsung,Samsung,Flagship,94858.4,677.56,2023.0,Yes,Qualcomm SM8550-AC Snapdragon 8 Gen 2 (4 nm),1,Qualcomm,Snapdragon,12.0,12.0,256.0,512.0,120.0,7.6,"Foldable Dynamic AMOLED 2X, 120Hz, HDR10+",4400.0,25.0,50.0,4.0,3.0,Yes,1250358.0,4824.0,"Android 13, up to 4 major Android upgrades, One UI 8.5",Yes,"Icy Blue, Phantom Black, Cream, Gray, Blue",0
Samsung Galaxy Z Flip5,Samsung,Samsung,Flagship,57524.6,410.89,2023.0,Yes,Qualcomm SM8550-AC Snapdragon 8 Gen 2 (4 nm),1,Qualcomm,Snapdragon,8.0,8.0,256.0,512.0,120.0,6.7,"Foldable Dynamic AMOLED 2X, 120Hz, HDR10+, 1750 nits (peak)",3700.0,25.0,12.0,10.0,2.0,Yes,1200783.0,5478.0,"Android 13, upgradable to Android 16, One UI 8.5",Yes,"Mint, Graphite, Cream, Lavender, Gray, Blue, Green, Yellow",0
Samsung Galaxy Tab S9 Ultra,Samsung,Samsung,Flagship,31466.60550458715,224.76146788990823,2023.0,Yes,Qualcomm SM8550-AC Snapdragon 8 Gen 2 (4 nm),1,Qualcomm,Snapdragon,12.0,16.0,256.0,512.0,120.0,14.6,"Dynamic AMOLED 2X, 120Hz, HDR10+",11200.0,45.0,13.0,12.0,2.0,No,1199328.0,4835.0,"Android 13, up to 4 major Android upgrades, One UI 6",No,"Beige, Graphite",0
Samsung Galaxy Tab S9+,Samsung,Samsung,Flagship,31466.60550458715,224.76146788990823,2023.0,Yes,Qualcomm SM8550-AC Snapdragon 8 Gen 2 (4 nm),1,Qualcomm,Snapdragon,12.0,12.0,256.0,512.0,120.0,12.4,"Dynamic AMOLED 2X, 120Hz, HDR10+",10090.0,45.0,13.0,12.0,2.0,No,1768501.0,5558.0,"Android 13, up to 4 major Android upgrades, One UI 6",No,"Beige, Graphite",0
Samsung Galaxy Tab S9,Samsung,Samsung,Flagship,31466.60550458715,224.76146788990823,2023.0,Yes,Qualcomm SM8550-AC Snapdragon 8 Gen 2 (4 nm),1,Qualcomm,Snapdragon,8.0,12.0,128.0,256.0,120.0,11.0,"Dynamic AMOLED 2X, 120Hz, HDR10+",8400.0,45.0,13.0,12.0,1.0,No,1768501.0,5558.0,"Android 13, up to 4 major Android upgrades, One UI 6",No,"Beige, Graphite",0
Samsung Galaxy F54,Samsung,Samsung,Mid,46237.247706422015,330.26605504587155,2023.0,Yes,Exynos 1380 (5 nm),0,Samsung,Exynos,8.0,8.0,256.0,256.0,120.0,6.7,"Super AMOLED Plus, 120Hz",6000.0,25.0,108.0,32.0,3.0,Yes,778567.0,2776.0,"Android 13, up to 4 major Android upgrades, One UI 5.1",Yes,"Meteor Blue, Stardust Silver",0
Samsung Galaxy F14,Samsung,Samsung,Budget,20357.798165137614,145.41284403669724,2023.0,Yes,Exynos 1330 (5 nm),0,Samsung,Exynos,4.0,6.0,64.0,128.0,90.0,6.6,"PLS LCD, 90Hz",6000.0,25.0,50.0,13.0,2.0,No,428567.5,2003.0,"Android 13, One UI Core 5.1",No,"Black, Green, Purple",0
Samsung Galaxy S23 FE,Samsung,Samsung,Flagship,34020.0,243.0,2023.0,Yes,Exynos 2200 (4 nm) - International Qualcomm SM8450 Snapdragon 8 Gen 1 (4 nm) - USA,1,Qualcomm,Snapdragon,8.0,8.0,128.0,256.0,120.0,6.4,"Dynamic AMOLED 2X, 120Hz, HDR10+, 1450 nits (peak)",4500.0,25.0,50.0,10.0,3.0,Yes,940921.0,3550.0,"Android 13, up to 4 major Android upgrades, One UI 8",Yes,"Mint, Cream, Graphite, Purple, Indigo, Tangerine",0
Samsung Galaxy Tab S9 FE+,Samsung,Samsung,Mid,31466.60550458715,224.76146788990823,2023.0,Yes,Exynos 1380 (5 nm),0,Samsung,Exynos,6.0,12.0,128.0,256.0,90.0,12.4,"IPS LCD, 90Hz",10090.0,45.0,8.0,12.0,2.0,No,768538.0,2776.0,"Android 13, up to 4 major Android upgrades, One UI 6",No,"Mint, Silver, Gray, Lavender",0
Samsung Galaxy Tab S9 FE,Samsung,Samsung,Mid,31466.60550458715,224.76146788990823,2023.0,Yes,Exynos 1380 (5 nm),0,Samsung,Exynos,6.0,8.0,128.0,256.0,90.0,10.9,"IPS LCD, 90Hz",8000.0,45.0,8.0,12.0,1.0,No,768538.0,2776.0,"Android 13, up to 4 major Android upgrades, One UI 6",No,"Mint, Silver, Gray, Lavender",0
Samsung Galaxy Tab A9+,Samsung,Samsung,Mid,31466.60550458715,224.76146788990823,2023.0,Yes,Qualcomm SM6375 Snapdragon 695 5G (6 nm),0,Qualcomm,Snapdragon,4.0,8.0,64.0,256.0,90.0,11.0,"TFT LCD, 90Hz",7040.0,15.0,8.0,5.0,1.0,No,590710.0,2003.0,"Android 13, upgradable to Android 16, One UI 8",No,"Graphite, Silver, Navy",0
Samsung Galaxy C55,Samsung,Samsung,Mid,51374.8623853211,366.9633027522936,2024.0,Yes,Qualcomm SM7450-AB Snapdragon 7 Gen 1 (4 nm),0,Qualcomm,Snapdragon,8.0,12.0,256.0,256.0,120.0,6.7,"Super AMOLED+, 120Hz, 1000 nits (HBM)",5000.0,45.0,50.0,50.0,3.0,Yes,1031048.0,2885.0,"Android 14, One UI 6.1",Yes,"Black, Orange",0
Samsung Galaxy XCover7,Samsung,Samsung,Mid,31780.0,227.0,2024.0,Yes,Mediatek Dimensity 6100+ (6 nm),0,Mediatek,Dimensity,4.0,6.0,64.0,128.0,60.0,6.6,"PLS LCD, 600 nits (HBM)",4050.0,15.0,50.0,5.0,1.0,No,518777.0,1850.5,"Android 14, upgradable to Android 16, One UI 8",Yes,Black,0
Samsung Galaxy Tab Active5,Samsung,Samsung,Mid,32154.40366972477,229.6743119266055,2024.0,Yes,Exynos 1380 (5 nm),0,Samsung,Exynos,6.0,8.0,128.0,256.0,120.0,8.0,"TFT LCD, 120Hz",5050.0,25.0,13.0,5.0,1.0,No,768538.0,2776.0,"Android 14, One UI 6",Yes,"Green, Tactical Edition",0
Samsung Galaxy S24 Ultra,Samsung,Samsung,Flagship,76738.2,548.13,2024.0,Yes,Qualcomm SM8650-AC Snapdragon 8 Gen 3 (4 nm),1,Qualcomm,Snapdragon,12.0,12.0,256.0,512.0,120.0,6.8,"Dynamic LTPO AMOLED 2X, 120Hz, HDR10+, 2600 nits (peak)",5000.0,45.0,200.0,12.0,4.0,Yes,1453497.0,7076.0,"Android 14, up to 7 major Android upgrades, One UI 8.5",Yes,"Titanium Black, Titanium Gray, Titanium Violet, Titanium Yellow, Titanium Blue, Titanium Green, Titanium Orange",0
Samsung Galaxy S24+,Samsung,Samsung,Flagship,72520.0,518.0,2024.0,Yes,Qualcomm SM8650-AC Snapdragon 8 Gen 3 (4 nm) - USA/Canada/China Exynos 2400 (4 nm) - International,1,Qualcomm,Snapdragon,12.0,12.0,256.0,512.0,120.0,6.7,"Dynamic LTPO AMOLED 2X, 120Hz, HDR10+, 2600 nits (peak)",4900.0,45.0,50.0,12.0,3.0,Yes,1290977.0,5987.0,"Android 14, up to 7 major Android upgrades, One UI 8.5",Yes,"Onyx Black, Marble Grey, Cobalt Violet, Amber Yellow, Jade Green, Sandstone Orange, Sapphire Blue",0
Samsung Galaxy S24,Samsung,Samsung,Flagship,60155.200000000004,429.68,2024.0,Yes,Qualcomm SM8650-AC Snapdragon 8 Gen 3 (4 nm) - USA/Canada/China Exynos 2400 (4 nm) - International,1,Qualcomm,Snapdragon,8.0,12.0,128.0,512.0,120.0,6.2,"Dynamic LTPO AMOLED 2X, 120Hz, HDR10+, 2600 nits (peak)",4000.0,25.0,50.0,12.0,3.0,Yes,1218977.0,5833.0,"Android 14, up to 7 major Android upgrades, One UI 8.5",Yes,"Onyx Black, Marble Grey, Cobalt Violet, Amber Yellow, Jade Green, Sandstone Orange, Sapphire Blue",0
Samsung Galaxy Z Fold6,Samsung,Samsung,Flagship,118881.0,849.15,2024.0,Yes,Qualcomm SM8650-AC Snapdragon 8 Gen 3 (4 nm),1,Qualcomm,Snapdragon,12.0,12.0,256.0,512.0,120.0,7.6,"Foldable Dynamic LTPO AMOLED 2X, 120Hz, HDR10+, 2600 nits (peak)",4400.0,25.0,50.0,4.0,3.0,Yes,1608744.0,6757.0,"Android 14, up to 7 major Android upgrades, One UI 6.1.1",Yes,"Navy, Silver Shadow, Pink, Black, White",0
Samsung Galaxy Z Flip6,Samsung,Samsung,Flagship,58786.0,419.9,2024.0,Yes,Qualcomm SM8650-AC Snapdragon 8 Gen 3 (4 nm),1,Qualcomm,Snapdragon,12.0,12.0,128.0,512.0,120.0,6.7,"Foldable Dynamic LTPO AMOLED 2X, 120Hz, HDR10+, 2600 nits (peak)",4000.0,25.0,50.0,10.0,2.0,Yes,1400594.0,6265.0,"Android 14, One UI 6.1.1",Yes,"Yellow, Silver Shadow, Mint, Blue, Black, White, Peach",0
Samsung Galaxy F15,Samsung,Samsung,Budget,16695.963302752294,119.25688073394495,2024.0,Yes,Mediatek Dimensity 6100+ (6 nm),0,Mediatek,Dimensity,4.0,8.0,128.0,128.0,90.0,6.6,"Super AMOLED, 90Hz",6000.0,25.0,50.0,13.0,3.0,No,514808.5,1850.5,"Android 14, One UI 6",No,"Ash Black, Groovy Violet, Jazzy Green",0
Samsung Galaxy M15,Samsung,Samsung,Budget,20549.174311926603,146.77981651376146,2024.0,Yes,Mediatek Dimensity 6100+ (6 nm),0,Mediatek,Dimensity,4.0,8.0,128.0,256.0,90.0,6.5,"Super AMOLED, 90Hz, 800 nits (HBM)",6000.0,25.0,50.0,13.0,3.0,No,477416.0,1850.5,"Android 14, up to 4 major Android upgrades, One UI 6",Yes,"Light Blue, Dark Blue, Gray",0
Samsung Galaxy A55,Samsung,Samsung,Mid,34307.0,245.05,2024.0,Yes,Exynos 1480 (4 nm),0,Samsung,Exynos,6.0,12.0,128.0,256.0,120.0,6.6,"Super AMOLED, 120Hz, HDR10+, 1000 nits (HBM)",5000.0,25.0,50.0,32.0,3.0,Yes,635598.0,3259.0,"Android 14, up to 4 major Android upgrades, One UI 6.1",Yes,"Iceblue, Lilac, Navy, Lemon",0
Samsung Galaxy A35,Samsung,Samsung,Mid,32200.0,230.0,2024.0,Yes,Exynos 1380 (5 nm),0,Samsung,Exynos,4.0,12.0,128.0,256.0,120.0,6.6,"Super AMOLED, 120Hz, 1000 nits (HBM)",5000.0,25.0,50.0,13.0,3.0,Yes,522829.0,2740.0,"Android 14, up to 4 major Android upgrades, One UI 7",Yes,"Iceblue, Lilac, Navy, Lemon",0
Samsung Galaxy M55,Samsung,Samsung,Mid,38850.0,277.5,2024.0,Yes,Qualcomm SM7450-AB Snapdragon 7 Gen 1 (4 nm),0,Qualcomm,Snapdragon,8.0,12.0,128.0,256.0,120.0,6.7,"Super AMOLED+, 120Hz, 1000 nits (HBM)",5000.0,45.0,50.0,50.0,3.0,Yes,811120.0,2885.0,"Android 14, upgradable to Android 16, One UI 8.0",Yes,"Dark Blue, Light Green",0
Samsung Galaxy M35,Samsung,Samsung,Mid,27720.0,198.0,2024.0,Yes,Exynos 1380 (5 nm),0,Samsung,Exynos,6.0,8.0,128.0,256.0,120.0,6.6,"Super AMOLED, 120Hz, 1000 nits (HBM)",6000.0,25.0,50.0,13.0,3.0,Yes,768538.0,2776.0,"Android 14, upgradable to Android 16, One UI 8",Yes,"Dark Blue, Light Blue, Gray",0
Samsung Galaxy A16 5G,Samsung,Samsung,Budget,23660.0,169.0,2024.0,Yes,Exynos 1330 (5 nm) or Mediatek Dimensity 6300 (6 nm),0,Mediatek,Dimensity,4.0,8.0,128.0,256.0,90.0,6.7,"Super AMOLED, 90Hz, 800 nits (HBM)",5000.0,25.0,50.0,13.0,3.0,No,368854.0,2090.0,"Android 14, up to 6 major Android upgrades, One UI 8.5",Yes,"Blue Black, Light Gray, Gold, Light Green",0
Samsung Galaxy Z Fold Special,Samsung,Samsung,Flagship,32154.40366972477,229.6743119266055,2024.0,Yes,Qualcomm SM8650-AC Snapdragon 8 Gen 3 (4 nm),1,Qualcomm,Snapdragon,16.0,16.0,512.0,512.0,120.0,8.0,"Foldable Dynamic LTPO AMOLED 2X, 120Hz, HDR10+, 2600 nits (peak)",4400.0,25.0,200.0,4.0,3.0,Yes,2359464.0,6753.0,"Android 14, up to 7 major Android upgrades, One UI 6.1.1",Yes,Black,0
Samsung Galaxy M55s,Samsung,Samsung,Mid,32108.80733944954,229.348623853211,2024.0,Yes,Qualcomm SM7450-AB Snapdragon 7 Gen 1 (4 nm),0,Qualcomm,Snapdragon,8.0,8.0,128.0,256.0,120.0,6.7,"Super AMOLED+, 120Hz, 1000 nits (HBM)",5000.0,45.0,50.0,50.0,3.0,Yes,811120.0,2885.0,"Android 14, up to 4 major Android upgrades, upgradable to Android 16, One UI 8",Yes,"Thunder Black, Coral Green",0
Samsung Galaxy S24 FE,Samsung,Samsung,Mid,50899.799999999996,363.57,2024.0,Yes,Exynos 2400e (4 nm),0,Samsung,Exynos,8.0,8.0,128.0,512.0,120.0,6.7,"Dynamic AMOLED 2X, 120Hz, HDR10+, 1900 nits (peak)",4700.0,25.0,50.0,10.0,3.0,Yes,1548896.0,6299.0,"Android 14, up to 7 major Android upgrades, One UI 8.5",Yes,"Blue, Graphite, Gray, Mint, Yellow",0
Samsung Galaxy Tab S10 Ultra,Samsung,Samsung,Flagship,32154.40366972477,229.6743119266055,2024.0,Yes,Mediatek Dimensity 9300+ (4 nm),1,Mediatek,Dimensity,12.0,16.0,256.0,512.0,120.0,14.6,"Dynamic AMOLED 2X, 120Hz, HDR10+",11200.0,45.0,13.0,12.0,2.0,No,2415558.0,7538.0,"Android 14, One UI 6.1",No,"Moonstone Gray, Platinum Silver",0
Samsung Galaxy Tab S10+,Samsung,Samsung,Flagship,91192.6605504587,651.3761467889908,2024.0,Yes,Mediatek Dimensity 9300+ (4 nm),1,Mediatek,Dimensity,12.0,12.0,256.0,512.0,120.0,12.4,"Dynamic AMOLED 2X, 120Hz, HDR10+",10090.0,45.0,13.0,12.0,2.0,No,747257.0,7538.0,"Android 14, One UI 6.1",No,"Moonstone Gray, Platinum Silver",0
Samsung Galaxy Tab S10 FE+,Samsung,Samsung,Mid,27090.398165137613,193.50284403669724,2025.0,Yes,Exynos 1580 (4 nm),0,Samsung,Exynos,8.0,12.0,128.0,256.0,90.0,13.1,"IPS LCD, 90Hz",10090.0,45.0,13.0,12.0,1.0,No,1251330.0,3896.0,"Android 15, upgradable to Android 16, One UI 8.5",No,"Silver, Gray, Blue",0
Samsung Galaxy Tab S10 FE,Samsung,Samsung,Mid,27090.398165137613,193.50284403669724,2025.0,Yes,Exynos 1580 (4 nm),0,Samsung,Exynos,8.0,12.0,128.0,256.0,90.0,10.9,"IPS LCD, 90Hz",8000.0,45.0,13.0,12.0,1.0,No,1251330.0,3896.0,"Android 15, upgradable to Android 16, One UI 8.5",No,"Silver, Gray, Blue",0
Samsung Galaxy XCover7 Pro,Samsung,Samsung,Mid,59358.6,423.99,2025.0,Yes,Qualcomm SM7635 Snapdragon 7s Gen 3 (4 nm),0,Qualcomm,Snapdragon,6.0,8.0,128.0,256.0,120.0,6.6,"PLS LCD, 120Hz",4350.0,15.0,50.0,13.0,2.0,No,697431.0,3157.0,"Android 15, upgradable to Android 16, One UI 8",Yes,Black,0
Samsung Galaxy Tab Active5 Pro,Samsung,Samsung,Mid,27090.398165137613,193.50284403669724,2025.0,Yes,Qualcomm SM7635 Snapdragon 7s Gen 3 (4 nm),0,Qualcomm,Snapdragon,6.0,8.0,128.0,256.0,120.0,10.1,"TFT LCD, 120Hz",10100.0,25.0,12.0,8.0,1.0,No,1044016.0,3157.0,"Android 15, One UI 7",Yes,Green,0
Samsung Galaxy M56,Samsung,Samsung,Mid,30182.20183486239,215.5871559633028,2025.0,Yes,Exynos 1480 (4 nm),0,Samsung,Exynos,8.0,8.0,128.0,256.0,120.0,6.74,"Super AMOLED+, 120Hz",5000.0,45.0,50.0,12.0,3.0,Yes,1028657.0,3346.0,"Android 15, up to 6 major Android upgrades, One UI 7",No,"Black, Light Green",0
Samsung Galaxy A17,Samsung,Samsung,Budget,20998.600000000002,149.99,2025.0,Yes,Exynos 1330 (5 nm),0,Samsung,Exynos,4.0,8.0,128.0,256.0,90.0,6.7,"Super AMOLED, 90Hz, 800 nits (HBM)",5000.0,25.0,50.0,13.0,3.0,Yes,435787.0,2048.0,"Android 15, up to 6 major Android upgrades, One UI 7",Yes,"Black, Gray, Blue",0
Samsung Galaxy Tab S10 Lite,Samsung,Samsung,Mid,51374.8623853211,366.9633027522936,2025.0,Yes,Exynos 1380 (5 nm),0,Samsung,Exynos,6.0,8.0,128.0,256.0,90.0,10.9,"TFT LCD, 90Hz",8000.0,25.0,8.0,5.0,1.0,No,821099.0,2776.0,"Android 15, up to 7 major Android upgrades, One UI 7",No,"Gray, Silver, Coral Red",0
Samsung Galaxy F06 5G,Samsung,Samsung,Budget,15283.119266055046,109.1651376146789,2025.0,Yes,Mediatek Dimensity 6300 (6 nm),0,Mediatek,Dimensity,4.0,6.0,64.0,128.0,60.0,6.7,"PLS LCD, 800 nits (HBM)",5000.0,25.0,50.0,8.0,2.0,No,427076.5,1980.0,"Android 15, up to 4 major Android upgrades, One UI Core 7.0",No,"Bahama Blue, Lit Violet",0
Samsung Galaxy A06 5G,Samsung,Samsung,Budget,16299.082568807336,116.42201834862384,2025.0,Yes,Mediatek Dimensity 6300 (6 nm),0,Mediatek,Dimensity,4.0,6.0,64.0,128.0,90.0,6.7,"PLS LCD, 90Hz",5000.0,25.0,50.0,8.0,2.0,No,427076.5,1980.0,"Android 15, up to 4 major Android upgrades, One UI 7",No,"Black, Gray, Light Green",0
Samsung Galaxy M16,Samsung,Samsung,Budget,20549.174311926603,146.77981651376146,2025.0,Yes,Mediatek Dimensity 6300 (6 nm),0,Mediatek,Dimensity,4.0,8.0,128.0,256.0,90.0,6.7,"Super AMOLED, 90Hz, 800 nits (HBM)",5000.0,25.0,50.0,13.0,3.0,No,514353.0,1980.0,"Android 15, up to 6 major Android upgrades, One UI 7",Yes,"Thunder Black, MInt Green, Blush Pink",0
Samsung Galaxy M06,Samsung,Samsung,Budget,14127.155963302752,100.90825688073394,2025.0,Yes,Mediatek Dimensity 6300 (6 nm),0,Mediatek,Dimensity,4.0,6.0,64.0,128.0,90.0,6.74,"PLS LCD, 90Hz, 800 nits (HBM)",5000.0,25.0,50.0,8.0,2.0,No,335081.0,1980.0,"Android 15, up to 4 major Android upgrades, One UI Core 7.0",No,"Blazing Black, Sage Green",0
Samsung Galaxy S25,Samsung,Samsung,Flagship,62998.6,449.99,2025.0,Yes,Qualcomm SM8750-AC Snapdragon 8 Elite (3 nm),1,Qualcomm,Snapdragon,12.0,12.0,128.0,512.0,120.0,6.2,"Dynamic LTPO AMOLED 2X, 120Hz, HDR10+, 2600 nits (peak)",4000.0,25.0,50.0,12.0,3.0,Yes,2193701.0,10050.0,"Android 15, up to 7 major Android upgrades, One UI 8",Yes,"Icy Blue, Mint, Navy, Silver Shadow, Pink Gold, Coral Red, Blue Black",0
Samsung Galaxy S25 Ultra,Samsung,Samsung,Flagship,107520.0,768.0,2025.0,Yes,Qualcomm SM8750-AC Snapdragon 8 Elite (3 nm),1,Qualcomm,Snapdragon,12.0,16.0,256.0,512.0,120.0,6.9,"Dynamic LTPO AMOLED 2X, 120Hz, HDR10+, 2600 nits (peak)",5000.0,45.0,200.0,12.0,4.0,Yes,2207809.0,9846.0,"Android 15, up to 7 major Android upgrades, One UI 8",Yes,"Titanium Silver Blue, Titanium Black, Titanium White Silver, Titanium Gray, Titanium Jade Green, Titanium Jet Black, Titanium Pink Gold",0
Samsung Galaxy S25+,Samsung,Samsung,Flagship,102900.0,735.0,2025.0,Yes,Qualcomm SM8750-AC Snapdragon 8 Elite (3 nm),1,Qualcomm,Snapdragon,12.0,12.0,256.0,512.0,120.0,6.7,"Dynamic LTPO AMOLED 2X, 120Hz, HDR10+, 2600 nits (peak)",4900.0,45.0,50.0,12.0,3.0,Yes,2133477.0,9669.0,"Android 15, up to 7 major Android upgrades, One UI 8",Yes,"Icy Blue, Mint, Navy, Silver Shadow, Pink Gold, Coral Red, Blue Black",0
Samsung Galaxy Z Fold7,Samsung,Samsung,Flagship,194586.0,1389.9,2025.0,Yes,Qualcomm SM8750-AC Snapdragon 8 Elite (3 nm),1,Qualcomm,Snapdragon,12.0,16.0,256.0,512.0,120.0,8.0,"Foldable Dynamic LTPO AMOLED 2X, 120Hz, HDR10+, 2600 nits (peak)",4400.0,25.0,200.0,10.0,3.0,Yes,1995132.0,9152.0,"Android 16, up to 7 major Android upgrades, One UI 8",Yes,"Blue Shadow, Silver Shadow, Jet Black, Mint",0
Samsung Galaxy Z Flip7,Samsung,Samsung,Flagship,101507.0,725.05,2025.0,Yes,Exynos 2500 (3 nm),1,Samsung,Exynos,12.0,12.0,256.0,512.0,120.0,6.9,"Foldable Dynamic LTPO AMOLED 2X, 120Hz, HDR10+, 2600 nits (peak)",4300.0,25.0,50.0,10.0,2.0,Yes,1513134.0,7433.0,"Android 16, up to 7 major Android upgrades, One UI 8",Yes,"Blue Shadow, Jet Black, Coral Red, Mint",0
Samsung Galaxy Z Flip7 FE,Samsung,Samsung,Flagship,102830.0,734.5,2025.0,Yes,Exynos 2400 (4 nm),0,Samsung,Exynos,8.0,8.0,128.0,256.0,120.0,6.7,"Foldable Dynamic LTPO AMOLED 2X, 120Hz, HDR10+, 2600 nits (peak)",4000.0,25.0,50.0,10.0,2.0,Yes,1355845.0,6108.0,"Android 16, up to 7 major Android upgrades, One UI 8",Yes,"Black, White",0
Samsung Galaxy F36,Samsung,Samsung,Budget,22383.302752293577,159.88073394495413,2025.0,Yes,Exynos 1380 (5 nm),0,Samsung,Exynos,6.0,8.0,128.0,256.0,120.0,6.7,"Super AMOLED, 120Hz",5000.0,25.0,50.0,13.0,3.0,Yes,844447.0,2776.0,"Android 15, up to 6 major Android upgrades, One UI 7",Yes,"Luxe Violet, Coral Red, Onyx Black",0
Samsung Galaxy M36,Samsung,Samsung,Budget,22475.77981651376,160.54128440366972,2025.0,Yes,Exynos 1380 (5 nm),0,Samsung,Exynos,6.0,8.0,128.0,256.0,120.0,6.7,"Super AMOLED, 120Hz",5000.0,25.0,50.0,13.0,3.0,Yes,208638.0,2776.0,"Android 15, up to 6 major Android upgrades, One UI 7",Yes,"Orange Haze, Velvet Black, Serene Green",0
Samsung Galaxy A56,Samsung,Samsung,Mid,43260.0,309.0,2025.0,Yes,Exynos 1580 (4 nm),0,Samsung,Exynos,6.0,12.0,128.0,256.0,120.0,6.7,"Super AMOLED, 120Hz, HDR10+, 1200 nits (HBM), 1900 nits (peak)",5000.0,45.0,50.0,12.0,3.0,Yes,908689.0,3899.0,"Android 15, up to 6 major Android upgrades, One UI 8.5",Yes,"Pink, Olive, Graphite, Lightgray",0
Samsung Galaxy A36,Samsung,Samsung,Mid,33460.0,239.0,2025.0,Yes,Qualcomm SM6475-AB Snapdragon 6 Gen 3 (4 nm),0,Qualcomm,Snapdragon,6.0,12.0,128.0,256.0,120.0,6.7,"Super AMOLED, 120Hz, 1200 nits (HBM), 1900 nits (peak)",5000.0,45.0,50.0,12.0,3.0,Yes,613492.0,2917.0,"Android 15, up to 6 major Android upgrades, One UI 8.5",Yes,"Lavender, Black, White, Lime",0
Samsung Galaxy A26,Samsung,Samsung,Mid,25925.2,185.18,2025.0,Yes,Exynos 1380 (5 nm) - Global Exynos 1280 (5 nm) - LATAM,0,Samsung,Exynos,4.0,8.0,128.0,256.0,120.0,6.7,"Super AMOLED, 120Hz",5000.0,25.0,50.0,13.0,3.0,Yes,579811.0,2768.0,"Android 15, up to 6 major Android upgrades, One UI 8.5",Yes,"Black, White, Mint, Peach Pink",0
Samsung Galaxy F16,Samsung,Samsung,Budget,16053.761467889908,114.6697247706422,2025.0,Yes,Mediatek Dimensity 6300 (6 nm),0,Mediatek,Dimensity,4.0,8.0,128.0,128.0,90.0,6.7,"Super AMOLED, 90Hz, 800 nits (HBM)",5000.0,25.0,50.0,13.0,3.0,No,551491.0,1980.0,"Android 15, up to 6 major Android upgrades, One UI 7",Yes,"Bling Black, Vibing Blue, Glam Green",0
Samsung Galaxy F56,Samsung,Samsung,Mid,28255.59633027523,201.8256880733945,2025.0,Yes,Exynos 1480 (4 nm),0,Samsung,Exynos,8.0,8.0,128.0,256.0,120.0,6.74,"Super AMOLED+, 120Hz",5000.0,45.0,50.0,12.0,3.0,Yes,1251330.0,3346.0,"Android 15, up to 6 major Android upgrades, One UI 7",No,"Green, Violet",0
Samsung Galaxy S25 Edge,Samsung,Samsung,Flagship,84530.59999999999,603.79,2025.0,Yes,Qualcomm SM8750-AC Snapdragon 8 Elite (3 nm),1,Qualcomm,Snapdragon,12.0,12.0,256.0,512.0,120.0,6.7,"LTPO AMOLED 2X, 120Hz, HDR10+",3900.0,25.0,200.0,12.0,2.0,Yes,2147084.0,9391.0,"Android 15, up to 7 major Android upgrades, One UI 7",Yes,"Titanium Icyblue, Titanium Silver, Titanium Jetblack",0
Samsung Galaxy M17,Samsung,Samsung,Budget,18622.56880733945,133.0183486238532,2025.0,Yes,Exynos 1330 (5 nm),0,Samsung,Exynos,4.0,8.0,128.0,128.0,90.0,6.7,"Super AMOLED, 90Hz, 1100 nits (HBM)",5000.0,25.0,50.0,13.0,3.0,Yes,335081.0,2003.0,"Android 15, up to 6 major Android upgrades, One UI 7",Yes,"Moonlight Silver, Sapphire Black",0
Samsung Galaxy S25 FE,Samsung,Samsung,Mid,64398.6,459.99,2025.0,Yes,Exynos 2400 (4 nm),0,Samsung,Exynos,8.0,8.0,128.0,512.0,120.0,6.7,"Dynamic LTPO AMOLED 2X, 120Hz, HDR10+, 1900 nits (peak)",4900.0,45.0,50.0,12.0,3.0,Yes,1521140.0,6948.0,"Android 16, up to 7 major Android upgrades, One UI 8",Yes,"Icyblue, Jetblack, Navy, White",0
Samsung Galaxy Tab S11 Ultra,Samsung,Samsung,Flagship,129047.09999999999,921.765,2025.0,Yes,Mediatek Dimensity 9400+ (3 nm),1,Mediatek,Dimensity,12.0,16.0,128.0,512.0,120.0,14.6,"Dynamic AMOLED 2X, 120Hz, HDR10+, 1000 nits (typ), 1600 nits (peak)",11600.0,45.0,13.0,12.0,2.0,No,2825187.0,8810.0,"Android 16, One UI 8.5",No,"Moonstone Gray, Platinum Silver",0
Samsung Galaxy Tab S11,Samsung,Samsung,Flagship,27090.398165137613,193.50284403669724,2025.0,Yes,Mediatek Dimensity 9400+ (3 nm),1,Mediatek,Dimensity,12.0,12.0,128.0,512.0,120.0,11.0,"Dynamic AMOLED 2X, 120Hz, HDR10+, 1000 nits (typ), 1600 nits (peak)",8400.0,45.0,13.0,12.0,1.0,No,2825187.0,8810.0,"Android 16, One UI 8.5",No,"Moonstone Gray, Platinum Silver",0
Samsung Galaxy F17,Samsung,Samsung,Budget,19817.06422018348,141.5504587155963,2025.0,Yes,Exynos 1330 (5 nm),0,Samsung,Exynos,4.0,8.0,128.0,128.0,90.0,6.7,"Super AMOLED, 90Hz, 1100 nits (HBM)",5000.0,25.0,50.0,13.0,3.0,Yes,571738.0,2003.0,"Android 15, up to 6 major Android upgrades, One UI 7",Yes,"Black, Violet",0
Samsung Galaxy Tab A11+,Samsung,Samsung,Mid,25576.782000000003,182.6913,2025.0,Yes,Mediatek Dimensity 7300 (4 nm) Mediatek MT8775 - USA,0,Mediatek,Dimensity,6.0,8.0,128.0,256.0,90.0,11.0,"TFT LCD, 90Hz",7040.0,25.0,8.0,5.0,1.0,No,176306.0,2776.0,"Android 16, up to 7 major Android upgrades, One UI 8",No,"Gray, Silver",0
Samsung Galaxy F70e,Samsung,Samsung,Budget,16887.339449541283,120.62385321100918,2026.0,Yes,Mediatek Dimensity 6300 (6 nm),0,Mediatek,Dimensity,4.0,6.0,128.0,128.0,120.0,6.7,"PLS LCD, 120Hz, 650 nits (typ), 800 nits (HBM)",6000.0,25.0,50.0,8.0,2.0,No,577065.0,1980.0,"Android 16, up to 6 major Android upgrades, One UI 8",No,"Limelight Green, Spotlight Blue",0
Samsung Galaxy S26 Ultra,Samsung,Samsung,Flagship,130898.6,934.99,2026.0,Yes,Qualcomm SM8850-1-AD Snapdragon 8 Elite Gen 5 (3 nm),1,Qualcomm,Snapdragon,12.0,16.0,256.0,512.0,120.0,6.9,"Dynamic LTPO AMOLED 2X, 120Hz, HDR10+, 2600 nits (peak)",5000.0,60.0,200.0,12.0,4.0,Yes,2627986.0,11566.0,"Android 16, up to 7 major Android upgrades, One UI 8.5",Yes,"Cobalt Violet, Sky Blue, Black, White, Silver Shadow, Pink Gold",0
Samsung Galaxy S26+,Samsung,Samsung,Flagship,116060.0,829.0,2026.0,Yes,Qualcomm SM8850-1-AD Snapdragon 8 Elite Gen 5 (3 nm) - US/CN Exynos 2600 (2 nm) - ROW,1,Qualcomm,Snapdragon,12.0,12.0,256.0,512.0,120.0,6.7,"Dynamic LTPO AMOLED 2X, 120Hz, HDR10+, 2600 nits (peak)",4900.0,45.0,50.0,12.0,3.0,Yes,2459298.0,10982.0,"Android 16, up to 7 major Android upgrades, One UI 8.5",Yes,"Cobalt Violet, Sky Blue, Black, White, Silver Shadow, Pink Gold",0
Samsung Galaxy S26,Samsung,Samsung,Flagship,95144.0,679.6,2026.0,Yes,Qualcomm SM8850-1-AD Snapdragon 8 Elite Gen 5 (3 nm) - US/CN Exynos 2600 (2 nm) - ROW,1,Qualcomm,Snapdragon,12.0,12.0,128.0,512.0,120.0,6.3,"Dynamic LTPO AMOLED 2X, 120Hz, HDR10+, 2600 nits (peak)",4300.0,25.0,50.0,12.0,3.0,Yes,2441481.0,10824.0,"Android 16, up to 7 major Android upgrades, One UI 8.5",Yes,"Cobalt Violet, Sky Blue, Black, White, Silver Shadow, Pink Gold",0
Samsung Galaxy A07,Samsung,Samsung,Budget,17853.211009174312,127.5229357798165,2026.0,Yes,Mediatek Dimensity 6300 (6 nm),0,Mediatek,Dimensity,4.0,6.0,64.0,128.0,120.0,6.7,"PLS LCD, 120Hz, 650 nits (typ), 800 nits (HBM)",6000.0,25.0,50.0,8.0,2.0,No,522372.5,1980.0,"Android 16, up to 6 major Android upgrades, One UI 8",No,"Black, Light Violet",0
Samsung Galaxy M17e,Samsung,Samsung,Budget,16053.761467889908,114.6697247706422,2026.0,Yes,Mediatek Dimensity 6300 (6 nm),0,Mediatek,Dimensity,4.0,6.0,128.0,128.0,120.0,6.7,"PLS LCD, 120Hz, 650 nits (typ), 800 nits (HBM)",6000.0,25.0,50.0,8.0,2.0,No,335081.0,1980.0,"Android 16, up to 6 major Android upgrades, One UI 8",No,"Blitz Blue, Vibe Violet",0
Samsung Galaxy A57,Samsung,Samsung,Mid,48580.0,347.0,2026.0,Yes,Exynos 1680 (4 nm),0,Samsung,Exynos,8.0,12.0,128.0,512.0,120.0,6.7,"Super AMOLED+, 120Hz, HDR10+, 1200 nits (HBM), 1900 nits (peak)",5000.0,45.0,50.0,12.0,3.0,Yes,1001995.0,4411.0,"Android 16, up to 6 major Android upgrades, One UI 8.5",Yes,"Navy, Gray, Icyblue, Lilac",0
Samsung Galaxy A37,Samsung,Samsung,Mid,39060.0,279.0,2026.0,Yes,Exynos 1480 (4 nm),0,Samsung,Exynos,6.0,12.0,128.0,256.0,120.0,6.7,"Super AMOLED, 120Hz, 1200 nits (HBM), 1900 nits (peak)",5000.0,45.0,50.0,12.0,3.0,Yes,697795.0,3345.0,"Android 16, up to 6 major Android upgrades, One UI 8.5",Yes,"Graygreen, Charkoal, White, Light Violet",0
Sharp Aquos wish,Sharp,Sharp,Flagship,32200.0,230.0,2022.0,Yes,Qualcomm SM4350 Snapdragon 480 5G (8 nm),1,Qualcomm,Snapdragon,4.0,4.0,64.0,64.0,60.0,5.7,IPS LCD,3730.0,18.0,13.0,8.0,1.0,No,446878.0,1597.0,Android 11,Yes,"Spring Bud Green, Foggy Black",0
Sharp Aquos sense7 plus,Sharp,Sharp,Mid,58800.0,420.0,2023.0,Yes,Qualcomm SM6375 Snapdragon 695 5G (6 nm),0,Qualcomm,Snapdragon,6.0,6.0,128.0,128.0,120.0,6.4,"IGZO OLED, 1B colors, 1300 nits (peak), 120Hz",5050.0,22.5,50.3,8.0,2.0,No,590710.0,2003.0,"Android 12, upgradable to Android 13",Yes,Moon silver,0
Sharp Aquos sense7,Sharp,Sharp,Mid,53200.0,380.0,2023.0,Yes,Qualcomm SM6375 Snapdragon 695 5G (6 nm),0,Qualcomm,Snapdragon,6.0,6.0,128.0,128.0,60.0,6.1,"IGZO OLED, 1B colors, 1300 nits (peak)",4570.0,22.5,50.3,8.0,2.0,No,590710.0,2003.0,"Android 12, upgradable to Android 13",Yes,Black,0
Sharp Aquos R8s,Sharp,Sharp,Flagship,98000.0,700.0,2023.0,Yes,Qualcomm SM8550-AB Snapdragon 8 Gen 2 (4 nm),1,Qualcomm,Snapdragon,8.0,8.0,256.0,256.0,120.0,6.4,"PRO IGZO LTPO OLED, 1B colors, 120Hz, Dolby Vision, HDR, 1300 nits (peak)",4750.0,15.0,50.0,8.0,2.0,No,1768501.0,5558.0,Android 13,Yes,"Blue, White",0
Sharp Aquos R8s pro,Sharp,Sharp,Flagship,130200.0,930.0,2023.0,Yes,Qualcomm SM8550-AB Snapdragon 8 Gen 2 (4 nm),1,Qualcomm,Snapdragon,12.0,12.0,256.0,256.0,120.0,6.6,"PRO IGZO LTPO OLED, 1B colors, 120Hz, Dolby Vision, HDR, 2000 nits (peak)",5000.0,27.0,47.2,12.6,2.0,No,1768501.0,5558.0,"Android 13, upgradable to Android 15",Yes,Black,0
Sharp Aquos R7s,Sharp,Sharp,Flagship,140000.0,1000.0,2023.0,Yes,Qualcomm SM8450 Snapdragon 8 Gen 1 (4 nm),1,Qualcomm,Snapdragon,12.0,12.0,256.0,256.0,120.0,6.6,"PRO IGZO OLED, 1B colors, 120Hz, Dolby Vision",5000.0,27.0,47.2,12.6,2.0,No,1303229.0,3773.0,Android 13,Yes,Black,0
Sharp Aquos sense8,Sharp,Sharp,Mid,43400.0,310.0,2024.0,Yes,Qualcomm SM6450 Snapdragon 6 Gen 1 (4 nm),0,Qualcomm,Snapdragon,8.0,8.0,256.0,256.0,90.0,6.1,"IGZO OLED, 1B colors, 90Hz, 1300 nits (peak)",5000.0,18.0,50.0,8.0,2.0,Yes,732630.0,2719.0,"Android 13, upgradable to Android 15",Yes,"Black, Green, Copper",0
Sharp Aquos R9,Sharp,Sharp,Mid,77000.0,550.0,2024.0,Yes,Qualcomm SM7675-AB Snapdragon 7+ Gen 3 (4 nm),0,Qualcomm,Snapdragon,12.0,12.0,256.0,256.0,240.0,6.5,"PRO IGZO LTPO OLED, 240Hz, Dolby Vision, HDR, 1500 nits (HBM), 2000 nits (peak)",5000.0,32.0,50.3,50.3,2.0,Yes,1015317.5,2967.0,"Android 14, up to 3 major Android upgrades",Yes,"Snow White, Forest Green",0
Sharp Aquos wish4,Sharp,Sharp,Budget,21000.0,150.0,2024.0,Yes,Mediatek Dimensity 700 (7 nm),0,Mediatek,Dimensity,6.0,6.0,128.0,128.0,90.0,6.6,"IPS LCD, 90Hz",5000.0,32.0,50.0,8.0,1.0,No,515647.0,1767.0,"Android 14, up to 2 major Android upgrades",Yes,"Black, Blue, White",0
Sharp Aquos sense9,Sharp,Sharp,Mid,49000.0,350.0,2024.0,Yes,Qualcomm SM7435-AB Snapdragon 7s Gen 2 (4 nm),0,Qualcomm,Snapdragon,6.0,8.0,128.0,256.0,240.0,6.1,"LTPO IGZO OLED, 1B colors, 240Hz, 1500 nits (HBM), 2000 nits (peak)",5000.0,36.0,50.0,32.0,2.0,Yes,800974.5,2687.0,"Android 14, up to 3 major Android upgrades",Yes,"Black, White, Green, Coral, Greige, Blue",0
Sharp Aquos R9 pro,Sharp,Sharp,Flagship,140000.0,1000.0,2024.0,Yes,Qualcomm SM8635 Snapdragon 8s Gen 3 (4 nm),1,Qualcomm,Snapdragon,12.0,12.0,512.0,512.0,240.0,6.7,"PRO IGZO LTPO OLED, 1B colors, 240Hz, Dolby Vision, HDR, 1000 nits (HBM), 2000 nits (peak)",5000.0,32.0,50.3,50.3,3.0,Yes,1807845.5,5143.0,"Android 14, up to 3 major Android upgrades",Yes,Black,0
Sharp Aquos wish5,Sharp,Sharp,Mid,28000.0,200.0,2025.0,Yes,Mediatek Dimensity 6300 (6 nm),0,Mediatek,Dimensity,4.0,8.0,64.0,256.0,120.0,6.6,"IPS LCD, 120Hz",5000.0,27.0,50.0,8.0,2.0,No,551891.0,1980.0,"Android 15, up to 2 major Android upgrades",Yes,"Black, Blue, White, Green, Pink",0
Sharp Aquos R10,Sharp,Sharp,Mid,38500.0,275.0,2025.0,Yes,Qualcomm SM7675-AB Snapdragon 7+ Gen 3 (4 nm),0,Qualcomm,Snapdragon,12.0,12.0,256.0,512.0,240.0,6.5,"PRO IGZO LTPO OLED, 240Hz, Dolby Vision, HDR, 1500 nits (HBM), 3000 nits (peak)",5000.0,36.0,50.3,50.3,2.0,Yes,1015317.5,2967.0,"Android 15, up to 3 major Android upgrades",Yes,"Cashmere White, Charcoal Black, Trench Beige",0
Sharp Aquos sense10,Sharp,Sharp,Mid,49000.0,350.0,2025.0,Yes,Qualcomm SM7635 Snapdragon 7s Gen 3 (4 nm),0,Qualcomm,Snapdragon,6.0,8.0,128.0,256.0,240.0,6.1,"LTPO IGZO OLED, 1B colors, 240Hz, 1500 nits (HBM), 2000 nits (peak)",5000.0,36.0,50.0,32.0,2.0,Yes,1044016.0,3157.0,"Android 16, up to 3 major Android upgrades",Yes,"Denim Navy, Khaki Green, Pale Pink, Pale Mint, Full Black, Light Silver",0
Sony Xperia 1 II,Sony,Sony,Flagship,98000.0,700.0,2020.0,Yes,Qualcomm SM8250 Snapdragon 865 5G (7 nm+),1,Qualcomm,Snapdragon,8.0,12.0,256.0,256.0,60.0,6.5,"OLED, 1B colors, HDR BT.2020",4000.0,21.0,12.0,8.0,3.0,Yes,534701.0,3295.0,"Android 10, upgradable to Android 12",Yes,"Black, Purple, Mirror Lake Green",0
Sony Xperia 5 II,Sony,Sony,Flagship,91000.0,650.0,2020.0,Yes,Qualcomm SM8250 Snapdragon 865 5G (7 nm+),1,Qualcomm,Snapdragon,8.0,8.0,128.0,256.0,120.0,6.1,"OLED, 120Hz, HDR BT.2020",4000.0,21.0,12.0,8.0,3.0,Yes,532655.0,3301.0,"Android 10, upgradable to Android 12",Yes,"Black, Grey, Blue, Pink",0
Sony Xperia 1 III,Sony,Sony,Flagship,50400.0,360.0,2021.0,Yes,Qualcomm SM8350 Snapdragon 888 5G (5 nm),1,Qualcomm,Snapdragon,12.0,12.0,256.0,512.0,120.0,6.5,"OLED, 1B colors, 120Hz, HDR BT.2020",4500.0,30.0,12.0,8.0,3.0,Yes,607423.0,3515.0,"Android 11, upgradable to Android 13",Yes,"Frosted Black, Frosted Gray, Frosted Purple",0
Sony Xperia 5 III,Sony,Sony,Flagship,24484.6,174.89,2021.0,Yes,Qualcomm SM8350 Snapdragon 888 5G (5 nm),1,Qualcomm,Snapdragon,8.0,8.0,128.0,256.0,120.0,6.1,"OLED, 1B colors, 120Hz, HDR BT.2020",4500.0,30.0,12.0,8.0,3.0,Yes,708394.0,3549.0,"Android 11, upgradable to Android 13",Yes,"Black, Green, Pink",0
Sony Xperia 10 III,Sony,Sony,Mid,42000.0,300.0,2021.0,Yes,Qualcomm SM6350 Snapdragon 690 5G (8 nm),0,Qualcomm,Snapdragon,6.0,6.0,128.0,256.0,60.0,6.0,"OLED, 1B colors, HDR",4500.0,21.0,12.0,8.0,3.0,No,286216.0,1738.0,"Android 11, upgradable to Android 13",Yes,"Black, White, Blue, Pink",0
Sony Xperia 10 III Lite,Sony,Sony,Mid,51800.0,370.0,2021.0,Yes,Qualcomm SM6350 Snapdragon 690 5G (8 nm),0,Qualcomm,Snapdragon,6.0,6.0,64.0,64.0,60.0,6.0,"OLED, 1B colors, HDR",4500.0,30.0,12.0,8.0,3.0,No,499040.0,1897.0,Android 11,Yes,"Black, White, Blue, Pink",0
Sony Xperia Pro-I,Sony,Sony,Flagship,130200.0,930.0,2021.0,Yes,Qualcomm SM8350 Snapdragon 888 5G (5 nm),1,Qualcomm,Snapdragon,12.0,12.0,512.0,512.0,120.0,6.5,"OLED, 1B colors, 120Hz, HDR BT.2020",4500.0,30.0,12.0,8.0,3.0,Yes,725839.0,3540.0,"Android 11, upgradable to Android 13",Yes,Frosted Black,0
Sony Xperia 1 IV,Sony,Sony,Flagship,56838.376000000004,405.9884,2022.0,Yes,Qualcomm SM8450 Snapdragon 8 Gen 1 (4 nm),1,Qualcomm,Snapdragon,12.0,16.0,256.0,512.0,120.0,6.5,"OLED, 1B colors, 120Hz, HDR BT.2020",5000.0,30.0,12.0,12.0,3.0,Yes,838832.0,3403.0,"Android 12, upgradable to Android 13",Yes,"Black, Violet, White",0
Sony Xperia 10 IV,Sony,Sony,Budget,16224.6,115.89,2022.0,Yes,Qualcomm SM6375 Snapdragon 695 5G (6 nm),0,Qualcomm,Snapdragon,6.0,6.0,128.0,128.0,60.0,6.0,"OLED, 1B colors, HDR",5000.0,21.0,12.0,8.0,3.0,Yes,396008.0,1908.0,"Android 12, upgradable to Android 14",Yes,"Black, White, Mint, Lavender",0
Sony Xperia 5 IV,Sony,Sony,Flagship,24344.6,173.89,2022.0,Yes,Qualcomm SM8450 Snapdragon 8 Gen 1 (4 nm),1,Qualcomm,Snapdragon,8.0,8.0,128.0,256.0,120.0,6.1,"OLED, 1B colors, 120Hz, HDR BT.2020",5000.0,25.5,12.0,12.0,3.0,Yes,835038.0,3448.0,"Android 12, upgradable to Android 13",Yes,"Green, Black, Ecru White",0
Sony Xperia 1 V,Sony,Sony,Flagship,59904.6,427.89,2023.0,Yes,Qualcomm SM8550-AB Snapdragon 8 Gen 2 (4 nm),1,Qualcomm,Snapdragon,12.0,12.0,256.0,512.0,120.0,6.5,"OLED, 1B colors, 120Hz, HDR BT.2020",5000.0,30.0,48.0,12.0,3.0,Yes,1127931.0,4916.0,"Android 13, upgradable to Android 15",Yes,"Black, Khaki Green, Platinum Silver",0
Sony Xperia 10 V,Sony,Sony,Budget,24344.6,173.89,2023.0,Yes,Qualcomm SM6375 Snapdragon 695 5G (6 nm),0,Qualcomm,Snapdragon,6.0,8.0,128.0,128.0,60.0,6.1,"OLED, 1B colors, HDR",5000.0,30.0,48.0,8.0,3.0,Yes,357142.0,1897.0,"Android 13, upgradable to Android 15",Yes,"Black, White, Sage Green, Lavender",0
Sony Xperia 5 V,Sony,Sony,Flagship,82357.8,588.27,2023.0,Yes,Qualcomm SM8550-AB Snapdragon 8 Gen 2 (4 nm),1,Qualcomm,Snapdragon,8.0,8.0,128.0,256.0,120.0,6.1,"OLED, 1B colors, 120Hz, HDR10, BT.2020",5000.0,30.0,48.0,12.0,2.0,Yes,946039.0,4546.0,"Android 13, upgradable to Android 15",Yes,"Black, Blue, Platinum Silver",0
Sony Xperia 1 VI,Sony,Sony,Flagship,141051.4,1007.51,2024.0,Yes,Qualcomm SM8650-AB Snapdragon 8 Gen 3 (4 nm),1,Qualcomm,Snapdragon,12.0,12.0,256.0,512.0,120.0,6.5,"LTPO OLED, 1B colors, 120Hz, HDR BT.2020",5000.0,30.0,48.0,12.0,3.0,Yes,1612156.0,6119.0,"Android 14, upgradable to Android 16, up to 3 major Android upgrades",Yes,"Black, Platinum silver, Khaki green, Scar red",0
Sony Xperia 10 VI,Sony,Sony,Mid,47096.0,336.4,2024.0,Yes,Qualcomm SM6450 Snapdragon 6 Gen 1 (4 nm),0,Qualcomm,Snapdragon,8.0,8.0,128.0,128.0,60.0,6.1,"OLED, 1B colors, HDR",5000.0,30.0,48.0,8.0,2.0,Yes,490025.0,2769.0,"Android 14, upgradable to Android 16, up to 3 major Android upgrades",Yes,"Blue, Black, White",0
Sony Xperia 1 VII,Sony,Sony,Flagship,209860.0,1499.0,2025.0,Yes,Qualcomm SM8750-AB Snapdragon 8 Elite (3 nm),1,Qualcomm,Snapdragon,12.0,12.0,256.0,512.0,120.0,6.5,"LTPO OLED, 1B colors, 120Hz, HDR BT.2020",5000.0,30.0,48.0,12.0,3.0,Yes,2062177.0,9293.0,"Android 15, up to 4 major Android upgrades",Yes,"Moss Green, Orchid Purple, Slate Black",0
Sony Xperia 10 VII,Sony,Sony,Mid,62860.0,449.0,2025.0,Yes,Qualcomm SM6475-AB Snapdragon 6 Gen 3 (4 nm),0,Qualcomm,Snapdragon,8.0,8.0,128.0,128.0,120.0,6.1,"OLED, 1B colors, 120Hz, HDR",5000.0,30.0,50.0,8.0,2.0,Yes,600667.0,2943.0,"Android 15, upgradable to Android 16, up to 4 major Android upgrades",Yes,"White, Turquoise, Charcoal",0
TCL 20 Pro 5G,Tcl,Tcl,Mid,61600.0,440.0,2021.0,Yes,Qualcomm SM7225 Snapdragon 750G 5G (8 nm),0,Qualcomm,Snapdragon,6.0,6.0,256.0,256.0,60.0,6.67,"AMOLED, HDR10, 420 nits (typ)",4500.0,18.0,48.0,32.0,4.0,Yes,505016.0,1865.0,"Android 11, TCL UI",Yes,"Moondust Gray, Marine Blue",0
TCL 20 R 5G,Tcl,Tcl,Mid,25200.0,180.0,2021.0,Yes,Mediatek Dimensity 700 (7 nm),0,Mediatek,Dimensity,4.0,4.0,64.0,128.0,90.0,6.52,"IPS LCD, 90Hz, 500 nits (peak)",4500.0,10.0,13.0,8.0,3.0,No,515647.0,1767.0,"Android 11, TCL UI",Yes,"Gray, Blue",0
TCL Tab 10s 5G,Tcl,Tcl,Mid,49000.0,350.0,2022.0,Yes,Mediatek MT8771,0,Mediatek,Helio,4.0,4.0,64.0,64.0,60.0,10.1,IPS LCD,8000.0,18.0,8.0,5.0,1.0,No,204115.0,521.0,Android 12,No,Dark Gray,0
TCL 30 5G,Tcl,Tcl,Mid,35000.0,250.0,2022.0,Yes,Mediatek Dimensity 700 (7 nm),0,Mediatek,Dimensity,4.0,4.0,64.0,128.0,60.0,6.7,"AMOLED, 650 nits (typ), 900 nits (peak)",5010.0,18.0,50.0,13.0,3.0,No,515647.0,1767.0,"Android 12, TCL UI 4.0",Yes,"Tech Black, Dreamy Blue",0
TCL 30 V 5G,Tcl,Tcl,Flagship,37800.0,270.0,2022.0,Yes,Qualcomm SM4350 Snapdragon 480 5G (8 nm),1,Qualcomm,Snapdragon,4.0,4.0,128.0,128.0,60.0,6.67,IPS LCD,4500.0,18.0,50.0,16.0,3.0,No,446878.0,1597.0,"Android 11, TCL UI",No,Midnight Gray,0
TCL 30 XE 5G,Tcl,Tcl,Budget,23800.0,170.0,2022.0,Yes,Mediatek Dimensity 700 (7 nm),0,Mediatek,Dimensity,4.0,4.0,64.0,64.0,90.0,6.52,"IPS LCD, 90Hz",4500.0,18.0,13.0,8.0,3.0,No,515647.0,1767.0,"Android 11, TCL UI",No,Shadow Black,1
TCL Stylus,Tcl,Tcl,Mid,33600.0,240.0,2022.0,Yes,Mediatek Dimensity 700 (7 nm),0,Mediatek,Dimensity,4.0,4.0,128.0,128.0,60.0,6.81,"IPS LCD, 500 nits (typ)",4000.0,18.0,50.0,13.0,3.0,No,515647.0,1767.0,"Android 12, TCL UI 4.0",Yes,Lunar Black,0
TCL 40R,Tcl,Tcl,Mid,33600.0,240.0,2022.0,Yes,Mediatek Dimensity 700 (7 nm),0,Mediatek,Dimensity,4.0,4.0,64.0,128.0,90.0,6.6,"IPS LCD, 90Hz, 400 nits (typ)",5000.0,15.0,50.0,8.0,3.0,No,515647.0,1767.0,"Android 12, TCL UI 4.0",Yes,"Stardust Purple, Starlight Black",0
TCL 40 NxtPaper 5G,Tcl,Tcl,Mid,35000.0,250.0,2023.0,Yes,Mediatek Dimensity 6020 (7 nm),0,Mediatek,Dimensity,6.0,6.0,256.0,256.0,90.0,6.6,"LCD, 90Hz, 500 nits",5000.0,15.0,50.0,8.0,3.0,No,518592.0,2032.0,"Android 13, TCL UI",Yes,Starlight Black,0
TCL 40 X,Tcl,Tcl,Mid,26600.0,190.0,2023.0,Yes,Mediatek Dimensity 700 (7 nm),0,Mediatek,Dimensity,4.0,4.0,64.0,64.0,90.0,6.56,"IPS LCD, 90Hz",5000.0,18.0,50.0,8.0,3.0,No,515647.0,1767.0,"Android 13, TCL UI",No,Black,0
TCL 40 XE,Tcl,Tcl,Budget,14000.0,100.0,2023.0,Yes,Mediatek Dimensity 700 (7 nm),0,Mediatek,Dimensity,4.0,4.0,64.0,64.0,90.0,6.56,"IPS LCD, 90Hz",5000.0,18.0,13.0,8.0,3.0,No,515647.0,1767.0,"Android 13, TCL UI",No,Starlight Black,0
TCL NxtPaper 12 Pro,Tcl,Tcl,Mid,70000.0,500.0,2023.0,Yes,Mediatek MT8771,0,Mediatek,Helio,8.0,8.0,256.0,256.0,60.0,12.2,"NCVM IPS, 370 nits (typ)",8000.0,18.0,13.0,8.0,1.0,No,232802.0,779.0,Android 12,No,Navy Blue,0
TCL Tab 10 NxtPaper,Tcl,Tcl,Budget,15400.0,110.0,2024.0,Yes,MediaTek 24E,0,Mediatek,Helio,6.0,6.0,128.0,128.0,60.0,10.4,IPS LCD,6000.0,18.0,8.0,8.0,1.0,No,416310.5,1808.75,Android 14,No,Dark Blue,0
TCL 50 5G,Tcl,Tcl,Budget,22400.0,160.0,2024.0,Yes,Mediatek Dimensity 6100+ (6 nm),0,Mediatek,Dimensity,4.0,4.0,128.0,128.0,90.0,6.6,"IPS LCD, 90Hz, 480 nits (typ)",5010.0,18.0,50.0,8.0,2.0,No,521281.0,1850.5,"Android 14, planned upgrade to Android 15",Yes,"Dark Blue, Space Gray",0
TCL 50 XE NxtPaper,Tcl,Tcl,Budget,15400.0,110.0,2024.0,Yes,Mediatek Dimensity 6100+ (6 nm),0,Mediatek,Dimensity,4.0,4.0,128.0,128.0,90.0,6.56,"IPS LCD, 90Hz",5010.0,18.0,50.0,8.0,2.0,No,416310.5,1850.5,Android 14,Yes,Space Blue,0
TCL 50 XL NxtPaper,Tcl,Tcl,Budget,15400.0,110.0,2024.0,Yes,Mediatek Dimensity 6100+ (6 nm),0,Mediatek,Dimensity,6.0,6.0,128.0,128.0,120.0,6.78,"IPS LCD, 120Hz",5010.0,18.0,50.0,32.0,3.0,No,416310.5,1850.5,Android 14,Yes,Space Blue,0
TCL 50 XL,Tcl,Tcl,Budget,12600.0,90.0,2024.0,Yes,Mediatek Dimensity 6100+ (6 nm),0,Mediatek,Dimensity,6.0,6.0,128.0,128.0,120.0,6.78,"IPS LCD, 120Hz",5010.0,18.0,50.0,8.0,2.0,No,416310.5,1850.5,Android 14,Yes,Slate Gray,0
TCL 50 XE,Tcl,Tcl,Budget,15400.0,110.0,2024.0,Yes,Mediatek Dimensity 6100+ (6 nm),0,Mediatek,Dimensity,4.0,4.0,128.0,128.0,90.0,6.56,"IPS LCD, 90Hz",5010.0,18.0,50.0,8.0,2.0,No,416310.5,1850.5,Android 14,Yes,Dark Blue,0
TCL 50 Pro NxtPaper,Tcl,Tcl,Mid,42000.0,300.0,2024.0,Yes,Mediatek Dimensity 6300 (6 nm),0,Mediatek,Dimensity,8.0,8.0,512.0,512.0,120.0,6.8,"IPS LCD, 120Hz",5010.0,33.0,108.0,32.0,3.0,No,551891.0,1980.0,"Android 14, up to 2 major Android upgrades",Yes,"Moon Gray, Midnight Blue, Alps White, Pale Gold, Rosy Purple",0
TCL 50 NxtPaper,Tcl,Tcl,Mid,32200.0,230.0,2024.0,Yes,Mediatek Dimensity 6300 (6 nm),0,Mediatek,Dimensity,8.0,8.0,256.0,256.0,120.0,6.8,"IPS LCD, 120Hz",5010.0,33.0,108.0,8.0,3.0,No,551891.0,1980.0,"Android 14, up to 2 major Android upgrades",Yes,"Moon Gray, Midnight Blue, Pale Gold, Rosy Purple",0
TCL 60 XE NxtPaper,Tcl,Tcl,Budget,21921.564000000002,156.5826,2025.0,Yes,Mediatek Dimensity 6100+ (6 nm),0,Mediatek,Dimensity,6.0,8.0,128.0,256.0,120.0,6.78,"IPS LCD, 120Hz",5010.0,18.0,50.0,32.0,3.0,No,551891.0,1850.5,Android 15,Yes,Space Blue,0
TCL 60,Tcl,Tcl,Budget,23800.0,170.0,2025.0,Yes,Mediatek Dimensity 6300 (6 nm),0,Mediatek,Dimensity,6.0,6.0,256.0,256.0,120.0,6.7,"IPS LCD, 120Hz, 480 nits (typ)",5200.0,18.0,50.0,8.0,2.0,No,551891.0,1980.0,Android 15,Yes,"Space Gray, Midnight Blue",0
TCL 60 SE NxtPaper,Tcl,Tcl,Budget,24990.0,178.5,2025.0,Yes,Mediatek Dimensity 6300 (6 nm),0,Mediatek,Dimensity,8.0,8.0,256.0,256.0,120.0,6.7,"IPS LCD, 120Hz, 550 nits (typ)",5200.0,18.0,50.0,8.0,2.0,No,551891.0,1980.0,Android 15,Yes,"Space Gray, Mint Green",0
TCL 60R,Tcl,Tcl,Budget,14000.0,100.0,2025.0,Yes,Mediatek Dimensity 6300 (6 nm),0,Mediatek,Dimensity,4.0,4.0,128.0,128.0,120.0,6.7,"IPS LCD, 120Hz, 480 nits (typ)",5200.0,10.0,50.0,8.0,1.0,No,551891.0,1980.0,"Android 15, up to 1 major Android upgrades",Yes,"Space Gray, Pure White",0
TCL NxtPaper 60 Ultra,Tcl,Tcl,Mid,59183.6,422.74,2025.0,Yes,Mediatek Dimensity 7400 (4 nm),0,Mediatek,Dimensity,12.0,12.0,256.0,512.0,120.0,7.2,"IPS LCD, 120Hz, 850 (HBM)",5200.0,33.0,50.0,32.0,3.0,Yes,961666.0,3185.0,"Android 15, up to 3 major Android upgrades",Yes,"Lunar White, Nebula Black",0
TCL NxtPaper 70 Pro,Tcl,Tcl,Mid,42532.0,303.8,2026.0,Yes,Mediatek Dimensity 7300 (4 nm),0,Mediatek,Dimensity,8.0,8.0,256.0,512.0,120.0,6.9,"IPS LCD, 120Hz, 900 nits (typ)",5200.0,33.0,50.0,32.0,2.0,Yes,877437.0,2936.0,Android 16,Yes,"Nebula Gold, Stellar Blue",0
Tecno Pova 5G,Tecno,Tecno,Mid,37800.0,270.0,2021.0,Yes,Mediatek Dimensity 900 (6 nm),0,Mediatek,Dimensity,8.0,8.0,128.0,128.0,120.0,6.9,"IPS LCD, 120Hz",6000.0,18.0,50.0,16.0,3.0,No,362076.0,2423.0,"Android 11, HIOS 8.0",Yes,Aether Black,0
Tecno Phantom X2 Pro,Tecno,Tecno,Budget,21833.57798165138,155.954128440367,2022.0,Yes,Mediatek Dimensity 9000 (4 nm),0,Mediatek,Dimensity,12.0,12.0,256.0,256.0,120.0,6.8,"AMOLED, 120Hz, 500 nits",5160.0,45.0,50.0,32.0,3.0,No,961576.0,3984.0,"Android 12, upgradable to Android 14, HIOS 14.5",Yes,"Stardust Gray, Mars Orange",0
Tecno Phantom X2,Tecno,Tecno,Mid,64400.0,460.0,2022.0,Yes,Mediatek Dimensity 9000 (4 nm),0,Mediatek,Dimensity,8.0,8.0,256.0,256.0,120.0,6.8,"AMOLED, 120Hz",5160.0,45.0,64.0,32.0,3.0,Yes,973623.0,4027.0,"Android 12, HIOS 12",Yes,"Stardust Gray, Moonlight Silver",0
Tecno Camon 19 Pro 5G,Tecno,Tecno,Budget,21833.57798165138,155.954128440367,2022.0,Yes,Mediatek Dimensity 810 (6 nm),0,Mediatek,Dimensity,8.0,8.0,128.0,256.0,120.0,6.8,"IPS LCD, 120Hz",5000.0,33.0,64.0,16.0,3.0,Yes,550230.0,1900.0,"Android 12, HIOS 8.6",Yes,"Eco Black, Cedar Green",0
Tecno Pova Neo 5G,Tecno,Tecno,Mid,26600.0,190.0,2022.0,Yes,Mediatek Dimensity 810 (6 nm),0,Mediatek,Dimensity,4.0,4.0,128.0,128.0,120.0,6.8,"IPS LCD, 120Hz, 500 nits",6000.0,18.0,50.0,8.0,2.0,No,568329.0,1900.0,"Android 12, HIOS 8.6",No,"Sprint Blue, Sapphire Black",0
Tecno Pova 5 Pro,Tecno,Tecno,Mid,28000.0,200.0,2023.0,Yes,Mediatek Dimensity 6080 (6 nm),0,Mediatek,Dimensity,8.0,8.0,128.0,256.0,120.0,6.78,"IPS LCD, 120Hz, 580 nits (peak)",5000.0,68.0,50.0,16.0,1.0,No,389037.0,1884.0,"Android 13, upgradable to Android 14, HIOS 14",Yes,"Dark Illusion, Silver Fantasy, Free Fire Edition",0
Tecno Phantom V Fold,Tecno,Tecno,Flagship,144200.0,1030.0,2023.0,Yes,Mediatek Dimensity 9000+ (4 nm),0,Mediatek,Dimensity,12.0,12.0,256.0,512.0,120.0,7.85,"Foldable LTPO AMOLED, 1B colors, 120Hz, 1100 nits (peak)",5000.0,45.0,50.0,16.0,3.0,No,999348.0,3963.0,"Android 13, HiOS 13 Fold",Yes,"Black, White",0
Tecno Spark 10 5G,Tecno,Tecno,Mid,28000.0,200.0,2023.0,Yes,Mediatek Dimensity 6020 (7 nm),0,Mediatek,Dimensity,4.0,8.0,64.0,256.0,90.0,6.6,"IPS LCD, 90Hz",5000.0,18.0,50.0,8.0,1.0,No,195561.0,2032.0,"Android 13, HIOS 12.6",No,"Black, Blue, White",0
Tecno Camon 20 Premier,Tecno,Tecno,Mid,57400.0,410.0,2023.0,Yes,Mediatek Dimensity 8050 (6 nm),0,Mediatek,Dimensity,8.0,8.0,512.0,512.0,120.0,6.67,"AMOLED, 120Hz",5000.0,45.0,50.0,32.0,3.0,Yes,673809.0,3074.0,"Android 13, HIOS 13",Yes,"Dark Welkin, Serenity Blue",0
Tecno Camon 20 Pro 5G,Tecno,Tecno,Mid,37800.0,270.0,2023.0,Yes,Mediatek Dimensity 8050 (6 nm),0,Mediatek,Dimensity,8.0,8.0,256.0,256.0,120.0,6.67,"AMOLED, 120Hz",5000.0,33.0,64.0,32.0,3.0,Yes,803085.5,3359.0,"Android 13, HIOS 13",Yes,"Dark Welkin, Serenity Blue",0
Tecno Camon 20s Pro 5G,Tecno,Tecno,Mid,28000.0,200.0,2023.0,Yes,Mediatek Dimensity 8020 (6 nm),0,Mediatek,Dimensity,8.0,8.0,128.0,256.0,120.0,6.67,"AMOLED, 120Hz",5000.0,33.0,64.0,32.0,3.0,Yes,803085.5,3665.0,"Android 13, HIOS 13",No,"Dark Welkin, Serenity Blue",0
Tecno Phantom V Flip,Tecno,Tecno,Mid,78400.0,560.0,2023.0,Yes,Mediatek Dimensity 8050 (6 nm),0,Mediatek,Dimensity,8.0,8.0,256.0,256.0,120.0,6.9,"Foldable LTPO AMOLED, 120Hz, 1000 nits (peak)",4000.0,45.0,64.0,32.0,2.0,No,565851.0,2805.0,"Android 13, HIOS 13.5",Yes,"Iconic Black, Mystic Dawn",0
Tecno Pova 6 Pro,Tecno,Tecno,Mid,57400.0,410.0,2024.0,Yes,Mediatek Dimensity 6080 (6 nm),0,Mediatek,Dimensity,8.0,12.0,256.0,256.0,120.0,6.78,"AMOLED, 120Hz, 1300 nits (peak)",6000.0,70.0,108.0,32.0,2.0,No,390556.0,1890.0,"Android 14, HIOS 14",Yes,"Comet Green, Meteorite Grey",0
Tecno Camon 30 Premier,Tecno,Tecno,Flagship,7000.0,50.0,2024.0,Yes,Mediatek Dimensity 8200 Ultimate (4 nm),1,Mediatek,Dimensity,12.0,12.0,512.0,512.0,120.0,6.77,"LTPO AMOLED, 1B colors, 120Hz, HDR, 1400 nits (HBM)",5000.0,70.0,50.0,50.0,3.0,Yes,949550.0,3930.0,"Android 14, up to 2 major Android upgrades, HIOS 14",Yes,"Alps Snowy Silver, Hawaii Lava Black",0
Tecno Camon 30 Pro,Tecno,Tecno,Flagship,19521.651376146787,139.44036697247705,2024.0,Yes,Mediatek Dimensity 8200 Ultimate (4 nm),1,Mediatek,Dimensity,12.0,12.0,256.0,512.0,144.0,6.78,"AMOLED, 144Hz",5000.0,70.0,50.0,50.0,3.0,Yes,949357.0,3931.0,"Android 14, up to 2 major Android upgrades, HIOS 14",Yes,"Iceland Basaltic Dark, Alps Snowy Silver",0
Tecno Camon 30 5G,Tecno,Tecno,Mid,35950.45871559633,256.7889908256881,2024.0,Yes,Mediatek Dimensity 7020 (6 nm),0,Mediatek,Dimensity,8.0,8.0,8.0,512.0,120.0,6.78,"AMOLED, 120Hz",5000.0,70.0,50.0,50.0,2.0,Yes,632831.0,2244.0,"Android 14, up to 2 major Android upgrades, HIOS 14",Yes,"Iceland Basaltic Dark, Uyuni Salt White, Emerald Lake Green",0
Tecno Spark 20 Pro 5G,Tecno,Tecno,Mid,25200.0,180.0,2024.0,Yes,Mediatek Dimensity 6080 (6 nm),0,Mediatek,Dimensity,8.0,8.0,128.0,256.0,120.0,6.78,"IPS LCD, 120Hz",5000.0,33.0,108.0,8.0,2.0,No,582427.0,2020.0,Android 14,Yes,"Startrail Black, Glossy White, Neon Green",0
Tecno Spark 30C 5G,Tecno,Tecno,Budget,13484.954128440368,96.3211009174312,2024.0,Yes,Mediatek Dimensity 6300 (6 nm),0,Mediatek,Dimensity,4.0,8.0,64.0,256.0,120.0,6.67,"IPS LCD, 120Hz",5000.0,18.0,48.0,8.0,1.0,No,354460.0,1980.0,Android 14,Yes,"Aurora Cloud, Azure Sky, Midnight Shadow",0
Tecno Spark 30 5G,Tecno,Tecno,Budget,13484.954128440368,96.3211009174312,2024.0,Yes,Mediatek Dimensity 6300 (6 nm),0,Mediatek,Dimensity,6.0,8.0,128.0,256.0,120.0,6.67,"IPS LCD, 120Hz",5000.0,18.0,108.0,8.0,3.0,No,464475.0,1980.0,"Android 14, HIOS 14.5",Yes,"Azure Sky, Midnight Shadow, Aurora Cloud",0
Tecno Pova 6 Neo 5G,Tecno,Tecno,Budget,19600.0,140.0,2024.0,Yes,Mediatek Dimensity 6300 (6 nm),0,Mediatek,Dimensity,6.0,8.0,128.0,256.0,120.0,6.67,"IPS LCD, 120Hz",5000.0,18.0,108.0,8.0,2.0,No,568329.0,1980.0,"Android 14, HIOS 14.5",Yes,"Azure Sky, Midnight Shadow, Aurora Cloud",0
Tecno Phantom V Fold2,Tecno,Tecno,Mid,57400.0,410.0,2024.0,Yes,Mediatek Dimensity 9000+ (4 nm),0,Mediatek,Dimensity,12.0,12.0,512.0,512.0,120.0,7.85,"Foldable LTPO AMOLED, 1B colors, 120Hz",5750.0,70.0,50.0,32.0,3.0,Yes,1158040.0,4327.0,"Android 14, up to 2 major Android upgrades, HiOS 14 Fold",Yes,"Karst Green, Rippling Blue",0
Tecno Phantom V Flip2,Tecno,Tecno,Budget,20300.0,145.0,2024.0,Yes,Mediatek Dimensity 8020 (6 nm),0,Mediatek,Dimensity,8.0,8.0,256.0,256.0,120.0,6.9,"Foldable LTPO AMOLED, 120Hz",4720.0,70.0,50.0,32.0,2.0,Yes,775306.0,2544.0,"Android 14, HIOS 14",Yes,"Travertine Green, Moondust Grey",0
Tecno Pop 9,Tecno,Tecno,Budget,14000.0,100.0,2024.0,Yes,Mediatek Dimensity 6300 (6 nm),0,Mediatek,Dimensity,4.0,4.0,64.0,128.0,120.0,6.6,"IPS LCD, 120Hz",5000.0,18.0,48.0,8.0,1.0,No,383402.0,1980.0,Android 14,Yes,"Aurora Cloud, Azure Sky, Midnight Shadow",0
Tecno Spark 40,Tecno,Tecno,Budget,21833.57798165138,155.954128440367,2025.0,Yes,Mediatek Dimensity 6400 (6 nm),0,Mediatek,Dimensity,4.0,8.0,128.0,256.0,120.0,6.75,"IPS LCD, 120Hz",6000.0,18.0,50.0,5.0,1.0,No,388287.0,2047.0,"Android 15, HIOS 15",Yes,"Sky Blue, Ink Black, Turquoise Green, Bikaner Red",0
Tecno Spark Go,Tecno,Tecno,Budget,14000.0,100.0,2025.0,Yes,Mediatek Dimensity 6400 (6 nm),0,Mediatek,Dimensity,4.0,8.0,128.0,256.0,120.0,6.75,"IPS LCD, 120Hz",6000.0,18.0,50.0,5.0,1.0,No,356120.0,2047.0,"Android 15, HIOS 15",No,"Sky Blue, Ink Black, Turquoise Green",0
Tecno Pova 7 Pro,Tecno,Tecno,Flagship,26600.0,190.0,2025.0,Yes,Mediatek Dimensity 7300 Ultimate (4 nm),1,Mediatek,Dimensity,8.0,12.0,128.0,256.0,144.0,6.78,"AMOLED, 144Hz, 2304Hz PWM, 4500 nits (peak)",6000.0,45.0,64.0,13.0,2.0,No,931014.0,1972.5,"Android 15, HIOS 15",Yes,"Geek Black, Dynamic Grey, Neon Cyan",0
Tecno Pova 7,Tecno,Tecno,Flagship,21000.0,150.0,2025.0,Yes,Mediatek Dimensity 7300 Ultimate (4 nm),1,Mediatek,Dimensity,8.0,8.0,128.0,256.0,144.0,6.78,"IPS LCD, 144Hz",6000.0,45.0,50.0,13.0,1.0,No,723871.5,1972.5,"Android 15, HIOS 15",Yes,"Geek Black, Magic Silver, Oasis Green",0
Tecno Pova 7 Ultra,Tecno,Tecno,Flagship,21416.788990825688,152.97706422018348,2025.0,Yes,Mediatek Dimensity 8350 Ultimate (4 nm),1,Mediatek,Dimensity,8.0,12.0,256.0,256.0,144.0,6.67,"AMOLED, 1B colors, 144Hz, 2592Hz PWM, 4500 nits (peak)",6000.0,70.0,108.0,13.0,2.0,No,1740210.0,4025.5,"Android 15, HIOS 15",Yes,"Geek White, Geek Black",0
Tecno Camon 40 Premier,Tecno,Tecno,Mid,51374.8623853211,366.9633027522936,2025.0,Yes,Mediatek Dimensity 8350 (4 nm),0,Mediatek,Dimensity,12.0,12.0,256.0,256.0,144.0,6.67,"LTPO AMOLED, 1B colors, 144Hz, 2160Hz PWM, HDR, 1600 nits (HBM)",5100.0,70.0,50.0,50.0,3.0,Yes,1418376.0,4224.0,"Android 15, up to 3 major Android upgrades, HIOS 15",Yes,"Emerald Lake Green, Galaxy Black",0
Tecno Camon 40 Pro,Tecno,Tecno,Budget,19521.651376146787,139.44036697247705,2025.0,Yes,Mediatek Dimensity 7300 (4 nm),0,Mediatek,Dimensity,8.0,12.0,256.0,256.0,144.0,6.78,"AMOLED, 144Hz",5200.0,45.0,50.0,50.0,2.0,Yes,700909.0,3218.0,"Android 15, up to 3 major Android upgrades, HIOS 15",Yes,"Emerald Lake Green, Galaxy Black, Glacier White",0
Tecno Pova Curve,Tecno,Tecno,Flagship,23800.0,170.0,2025.0,Yes,Mediatek Dimensity 7300 Ultimate (4 nm),1,Mediatek,Dimensity,6.0,8.0,128.0,256.0,144.0,6.78,"AMOLED, 144Hz, 2304Hz PWM, 1300 nits (peak)",5500.0,45.0,64.0,13.0,2.0,No,902472.0,1972.5,"Android 15, planned upgrade to Android 16, HIOS 15",Yes,"Neon Cyan, Magic Silver, Geek Black",0
Tecno Pova Slim,Tecno,Tecno,Mid,25675.229357798165,183.39449541284404,2025.0,Yes,Mediatek Dimensity 6400 (6 nm),0,Mediatek,Dimensity,8.0,8.0,128.0,256.0,144.0,6.78,"AMOLED, 144Hz, 1600 nits (HBM), 4500 nits (peak)",5160.0,45.0,50.0,13.0,2.0,No,455458.0,2047.0,"Android 15, HIOS 15",Yes,"Sky Blue, Slim White, Cool Black",0
Tecno Pova Curve 2,Tecno,Tecno,Mid,36400.0,260.0,2026.0,Yes,Mediatek Dimensity 7100 (6 nm),0,Mediatek,Dimensity,8.0,12.0,128.0,256.0,144.0,6.78,"AMOLED, 1B colors, 144Hz, 2304Hz PWM, 1600 nits (HBM), 4500 nits (peak)",8000.0,45.0,50.0,13.0,2.0,No,902472.0,3024.0,"Android 16, HIOS 16",Yes,"Mystic Purple, Melting Silver, Storm Titanium",0
Tecno Camon 50 Ultra,Tecno,Tecno,Flagship,20035.412844036695,143.11009174311926,2026.0,Yes,Mediatek Dimensity 7400 Ultimate (4 nm),1,Mediatek,Dimensity,8.0,12.0,256.0,512.0,144.0,6.78,"AMOLED, 144Hz, 2160Hz PWM, HDR10",6160.0,45.0,50.0,50.0,3.0,Yes,804875.0,3134.0,"Android 16, up to 3 major Android upgrades, HIOS 16",Yes,"Moonshadow Black, Cypress Green, Nebula Titanium, Luminous Orange, Misty Purple",0
Tecno Camon 50 Pro,Tecno,Tecno,Flagship,19521.651376146787,139.44036697247705,2026.0,Yes,Mediatek Dimensity 7400 Ultimate (4 nm),1,Mediatek,Dimensity,8.0,12.0,256.0,512.0,144.0,6.78,"AMOLED, 144Hz",6500.0,45.0,50.0,50.0,3.0,Yes,814554.5,3134.0,"Android 16, up to 3 major Android upgrades, HIOS 16",Yes,"Moonshadow Black, Cypress Green, Nebula Titanium, Misty Purple",0
Ulefone Armor 12 5G,Ulefone,Ulefone,Mid,51800.0,370.0,2021.0,Yes,Mediatek Dimensity 700 (7 nm),0,Mediatek,Dimensity,8.0,8.0,128.0,128.0,60.0,6.52,IPS LCD,5180.0,18.0,48.0,16.0,4.0,No,515647.0,1767.0,Android 11,Yes,"Black/Orange, Gray/Black",0
Ulefone Armor 11 5G,Ulefone,Ulefone,Mid,67200.0,480.0,2021.0,Yes,Mediatek Dimensity 800 (7 nm),0,Mediatek,Dimensity,8.0,8.0,256.0,256.0,60.0,6.1,IPS LCD,5200.0,18.0,48.0,16.0,5.0,No,612841.0,2221.0,"Android 10, planned upgrade to Android 11",Yes,Black,0
Ulefone Armor 11T 5G,Ulefone,Ulefone,Flagship,82600.0,590.0,2021.0,Yes,Mediatek Dimensity 800 (7 nm),0,Mediatek,Dimensity,8.0,8.0,256.0,256.0,60.0,6.1,IPS LCD,5200.0,18.0,48.0,16.0,5.0,No,612841.0,2221.0,Android 11,Yes,Black,0
Ulefone Power Armor 18,Ulefone,Ulefone,Mid,56000.0,400.0,2022.0,Yes,Mediatek Dimensity 900 (6 nm),0,Mediatek,Dimensity,12.0,12.0,256.0,256.0,120.0,6.58,"IPS LCD, 120Hz",9600.0,66.0,108.0,32.0,3.0,No,671241.0,2423.0,Android 12,Yes,Black,0
Ulefone Power Armor 18T,Ulefone,Ulefone,Flagship,89600.0,640.0,2022.0,Yes,Mediatek Dimensity 900 (6 nm),0,Mediatek,Dimensity,12.0,12.0,256.0,256.0,120.0,6.58,"IPS LCD, 120Hz",9600.0,66.0,108.0,32.0,3.0,No,671241.0,2423.0,Android 12,Yes,Black,0
Ulefone Armor 23 Ultra,Ulefone,Ulefone,Mid,56000.0,400.0,2023.0,Yes,Mediatek Dimensity 8020 (6 nm),0,Mediatek,Dimensity,12.0,12.0,512.0,512.0,120.0,6.78,"IPS LCD, 120Hz",5280.0,120.0,50.0,50.0,4.0,No,979624.0,3665.0,Android 13,Yes,"Elite Black, Umbra Orange",0
Ulefone Power Armor 18 Ultra,Ulefone,Ulefone,Mid,63000.0,450.0,2023.0,Yes,Mediatek Dimensity 7050 (6 nm),0,Mediatek,Dimensity,12.0,12.0,512.0,512.0,120.0,6.58,"IPS LCD, 120Hz",9600.0,66.0,108.0,32.0,3.0,No,792749.5,2398.0,Android 13,Yes,Black,0
Ulefone Power Armor 18T Ultra,Ulefone,Ulefone,Flagship,98000.0,700.0,2023.0,Yes,Mediatek Dimensity 7050 (6 nm),0,Mediatek,Dimensity,12.0,12.0,512.0,512.0,120.0,6.58,"IPS LCD, 120Hz",9600.0,66.0,108.0,32.0,3.0,No,792749.5,2398.0,"Android 13, upgradable to Android 14",Yes,Black,0
Ulefone Armor 27 Pro,Ulefone,Ulefone,Mid,44800.0,320.0,2024.0,Yes,Mediatek Dimensity 6300 (6 nm),0,Mediatek,Dimensity,12.0,12.0,256.0,256.0,120.0,6.78,"IPS LCD, 120Hz",10600.0,33.0,50.0,32.0,3.0,No,551891.0,1980.0,Android 14,Yes,Black,0
Ulefone Armor 27T Pro,Ulefone,Ulefone,Mid,63000.0,450.0,2024.0,Yes,Mediatek Dimensity 6300 (6 nm),0,Mediatek,Dimensity,12.0,12.0,256.0,256.0,120.0,6.78,"IPS LCD, 120Hz",10600.0,33.0,50.0,32.0,3.0,No,551891.0,1980.0,Android 14,Yes,Black,0
Ulefone Armor X31 Pro,Ulefone,Ulefone,Mid,28000.0,200.0,2024.0,Yes,Mediatek Dimensity 6300 (6 nm),0,Mediatek,Dimensity,8.0,8.0,256.0,256.0,120.0,6.56,"IPS LCD, 120Hz, 800 nits (HBM)",6050.0,18.0,64.0,16.0,3.0,No,551891.0,1980.0,Android 14,Yes,"Black, Black/Orange, Black/Green",0
Ulefone Armor 25T Pro,Ulefone,Ulefone,Mid,58800.0,420.0,2024.0,Yes,Mediatek Dimensity 6300 (6 nm),0,Mediatek,Dimensity,6.0,6.0,256.0,256.0,120.0,6.78,"IPS LCD, 120Hz",6500.0,33.0,50.0,32.0,3.0,No,551891.0,1980.0,Android 14,Yes,Black,0
Ulefone Note 18 Ultra,Ulefone,Ulefone,Mid,25200.0,180.0,2024.0,Yes,Mediatek Dimensity 720 (7 nm),0,Mediatek,Dimensity,6.0,6.0,256.0,256.0,90.0,6.78,"IPS LCD, 90Hz",5450.0,18.0,50.0,32.0,2.0,No,452426.0,1844.0,Android 13,Yes,"Lustrous Black, Moonlit White, Titanium Gray",0
Ulefone Armor Pad 4 Ultra Thermal,Ulefone,Ulefone,Mid,64400.0,460.0,2024.0,Yes,Mediatek Dimensity 6300 (6 nm),0,Mediatek,Dimensity,8.0,8.0,256.0,256.0,60.0,10.36,IPS LCD,11800.0,33.0,50.0,32.0,2.0,No,551891.0,1980.0,Android 14,Yes,Black,0
Ulefone Armor Pad 4 Ultra,Ulefone,Ulefone,Mid,51800.0,370.0,2024.0,Yes,Mediatek Dimensity 6300 (6 nm),0,Mediatek,Dimensity,8.0,8.0,256.0,256.0,60.0,10.36,IPS LCD,11800.0,33.0,50.0,32.0,1.0,No,551891.0,1980.0,Android 14,Yes,Black,0
Ulefone Armor Mini 20 Pro,Ulefone,Ulefone,Mid,47600.0,340.0,2024.0,Yes,Mediatek Dimensity 6300 (6 nm),0,Mediatek,Dimensity,8.0,8.0,256.0,256.0,90.0,4.7,"IPS LCD, 90Hz",6200.0,33.0,50.0,32.0,2.0,No,551891.0,1980.0,Android 14,Yes,Black,0
Ulefone Armor 28 Ultra Thermal,Ulefone,Ulefone,Flagship,136931.2,978.08,2024.0,Yes,Mediatek Dimensity 9300+ (4 nm),1,Mediatek,Dimensity,16.0,16.0,16.0,16.0,120.0,6.67,"AMOLED, 1B colors, 120Hz, 900 nits (HBM), 2200 nits (peak)",10600.0,120.0,50.0,50.0,4.0,No,2415558.0,7538.0,Android 15,Yes,Black,0
Ulefone Armor Mini 20T Pro,Ulefone,Ulefone,Mid,50400.0,360.0,2024.0,Yes,Mediatek Dimensity 6300 (6 nm),0,Mediatek,Dimensity,8.0,8.0,256.0,256.0,90.0,4.7,"IPS LCD, 90Hz",6200.0,33.0,50.0,32.0,2.0,No,432253.0,2146.0,Android 14,Yes,Black,0
Ulefone Armor X32 Pro,Ulefone,Ulefone,Mid,37800.0,270.0,2025.0,Yes,Mediatek Dimensity 6300 (6 nm),0,Mediatek,Dimensity,8.0,8.0,256.0,256.0,90.0,5.65,"IPS LCD, 90Hz, 600 nits (peak)",5500.0,18.0,64.0,16.0,3.0,No,551891.0,1980.0,Android 14,Yes,"Black, Black/Orange, Black/Green",0
Ulefone Armor X32,Ulefone,Ulefone,Budget,21000.0,150.0,2025.0,Yes,Mediatek Helio G91 (12 nm),0,Mediatek,Helio,6.0,6.0,128.0,128.0,90.0,5.65,"IPS LCD, 90Hz, 600 nits (peak)",5500.0,18.0,48.0,16.0,3.0,No,354158.0,1407.0,Android 14,Yes,"Black, Black/Orange, Black/Green",0
Ulefone Armor 28 Ultra,Ulefone,Ulefone,Flagship,110600.0,790.0,2025.0,Yes,Mediatek Dimensity 9300+ (4 nm),1,Mediatek,Dimensity,16.0,16.0,16.0,16.0,120.0,6.67,"AMOLED, 1B colors, 120Hz, 600 nits (HBM), 2200 nits (peak)",10600.0,120.0,50.0,50.0,3.0,No,2415558.0,7538.0,Android 15,Yes,Black,0
Ulefone Armor X16 Pro,Ulefone,Ulefone,Mid,35000.0,250.0,2025.0,Yes,Mediatek Dimensity 6300 (6 nm),0,Mediatek,Dimensity,8.0,8.0,256.0,256.0,120.0,6.56,"IPS LCD, 120Hz, 910 nits (peak)",10360.0,33.0,64.0,16.0,3.0,No,551891.0,1980.0,Android 15,Yes,Wasteland Shadow/Sand Dune,0
Ulefone Armor 28 Pro,Ulefone,Ulefone,Mid,64400.0,460.0,2025.0,Yes,Mediatek Dimensity 7300 (4 nm),0,Mediatek,Dimensity,16.0,16.0,512.0,512.0,120.0,6.67,"AMOLED, 1B colors, 120Hz, 2200 nits (peak)",10600.0,120.0,50.0,50.0,3.0,No,877437.0,2936.0,Android 15,Yes,Black,0
Ulefone Armor 27T Pro+,Ulefone,Ulefone,Budget,23799.3,169.995,2026.0,Yes,Mediatek Dimensity 6300 (6 nm),0,Mediatek,Dimensity,12.0,12.0,256.0,256.0,120.0,6.78,"IPS LCD, 120Hz",10600.0,33.0,50.0,32.0,3.0,No,551891.0,1980.0,Android 15,Yes,Black,0
Umidigi A13 Pro Max,Umidigi,Umidigi,Mid,33600.0,240.0,2022.0,Yes,Mediatek Dimensity 900 (6 nm),0,Mediatek,Dimensity,12.0,12.0,256.0,256.0,90.0,6.8,"IPS LCD, 90Hz",5150.0,18.0,64.0,24.0,3.0,No,671241.0,2423.0,Android 12,No,"Starry Black, Sunglow Gold",0
Umidigi A13 Pro 5G,Umidigi,Umidigi,Budget,16800.0,120.0,2022.0,Yes,Mediatek Dimensity 700 (7 nm),0,Mediatek,Dimensity,8.0,8.0,128.0,128.0,90.0,6.5,"IPS LCD, 90Hz",5150.0,18.0,48.0,24.0,3.0,No,515647.0,1767.0,Android 12,Yes,"Dazzling Black, Shining Blue, Streaming Gold",0
Umidigi F3 5G,Umidigi,Umidigi,Budget,16800.0,120.0,2022.0,Yes,Mediatek Dimensity 700 (7 nm),0,Mediatek,Dimensity,8.0,8.0,128.0,128.0,60.0,6.7,IPS LCD,5150.0,18.0,48.0,16.0,3.0,No,515647.0,1767.0,Android 12,Yes,"Starry Black, Matte Silver, Sunglow Gold",0
Umidigi Bison GT2 Pro 5G,Umidigi,Umidigi,Budget,16800.0,120.0,2022.0,Yes,Mediatek Dimensity 900 (6 nm),0,Mediatek,Dimensity,8.0,8.0,256.0,256.0,90.0,6.5,"IPS LCD, 90Hz",6150.0,18.0,64.0,24.0,3.0,No,671241.0,2423.0,Android 12,Yes,Hack Black,0
Umidigi Bison GT2 5G,Umidigi,Umidigi,Budget,16800.0,120.0,2022.0,Yes,Mediatek Dimensity 900 (6 nm),0,Mediatek,Dimensity,8.0,8.0,128.0,128.0,90.0,6.5,"IPS LCD, 90Hz",6150.0,18.0,64.0,24.0,3.0,No,671241.0,2423.0,Android 12,Yes,Storm Grey,0
Umidigi F3 Pro,Umidigi,Umidigi,Budget,22400.0,160.0,2023.0,Yes,Mediatek Dimensity 700 (7 nm),0,Mediatek,Dimensity,8.0,8.0,256.0,256.0,60.0,6.6,IPS LCD,6150.0,18.0,48.0,16.0,3.0,No,515647.0,1767.0,Android 13,Yes,"Starry Black, Matte Silver",0
Umidigi G6 5G,Umidigi,Umidigi,Mid,30800.0,220.0,2024.0,Yes,Mediatek Dimensity 6100+ (6 nm),0,Mediatek,Dimensity,6.0,6.0,128.0,128.0,90.0,6.57,"IPS LCD, 90Hz",5000.0,10.0,50.0,8.0,2.0,No,319154.0,1850.5,Android 13,Yes,"Space Black, Nebula Purple, Lake Green, Glacier Blue",1
Umidigi G9 5G,Umidigi,Umidigi,Budget,18200.0,130.0,2024.0,Yes,Unisoc T765 (6 nm),0,Unisoc,T-Series,6.0,6.0,128.0,128.0,90.0,6.75,"IPS LCD, 90Hz",5000.0,18.0,50.0,8.0,3.0,No,451873.5,1335.0,Android 14,No,"Space Black, Lake Green",0
Umidigi Note 100,Umidigi,Umidigi,Budget,16800.0,120.0,2025.0,Yes,Unisoc T765 (6 nm),0,Unisoc,T-Series,6.0,8.0,128.0,256.0,120.0,6.8,"IPS LCD, 120Hz",5000.0,20.0,50.0,16.0,3.0,No,451873.5,1794.0,Android 14,No,"Rock Black, Interstellar Blue, Lake Green, Starry White",0
vivo X60t,Vivo,Vivo,Mid,63000.0,450.0,2021.0,Yes,Mediatek Dimensity 1100 (6 nm),0,Mediatek,Dimensity,8.0,8.0,128.0,128.0,120.0,6.56,"AMOLED, 120Hz, HDR10+",4300.0,33.0,48.0,32.0,4.0,Yes,972810.0,3321.0,"Android 11, OriginOS 1.0",Yes,"Gray, Aurora",0
vivo iQOO 7 (India),Vivo,Vivo,Flagship,49000.0,350.0,2021.0,Yes,Qualcomm SM8250-AC Snapdragon 870 5G (7 nm),1,Qualcomm,Snapdragon,8.0,12.0,128.0,256.0,120.0,6.62,"AMOLED, 120Hz, HDR10+, 1300 nits (peak)",4400.0,66.0,48.0,16.0,2.0,Yes,1018480.0,3520.0,"Android 11, Funtouch 11.1",Yes,"Solid Ice, Storm Black, Monster Orange",0
vivo V21 5G,Vivo,Vivo,Mid,26600.0,190.0,2021.0,Yes,Mediatek Dimensity 800U (7 nm),0,Mediatek,Dimensity,6.0,8.0,128.0,256.0,90.0,6.44,"AMOLED, 90Hz, HDR10+, 500 nits (typ)",4000.0,33.0,64.0,44.0,3.0,Yes,336699.0,6516.0,"Android 11, Funtouch 11.1",Yes,"Dusk Blue, Sunset Dazzle, Arctic White",0
vivo iQOO 8 Pro,Vivo,Vivo,Flagship,92400.0,660.0,2021.0,Yes,Qualcomm SM8350 Snapdragon 888+ 5G (5 nm),1,Qualcomm,Snapdragon,8.0,12.0,256.0,512.0,120.0,6.78,"LTPO AMOLED, 120Hz, HDR10+, Dolby Vision, 1500 nits (peak)",4500.0,120.0,50.0,16.0,3.0,Yes,2433337.0,3373.0,"Android 11, OriginOS 1.0",Yes,"White (BMW M branding), Black, Pilot Edition",0
vivo iQOO 8,Vivo,Vivo,Flagship,70000.0,500.0,2021.0,Yes,Qualcomm SM8350 Snapdragon 888 5G (5 nm),1,Qualcomm,Snapdragon,8.0,12.0,128.0,256.0,120.0,6.56,"AMOLED, 120Hz, HDR10",4350.0,120.0,50.0,16.0,3.0,No,1125131.5,3373.0,"Android 11, OriginOS 1.0",Yes,"White, Orange, Black",0
vivo Y55s (2021),Vivo,Vivo,Mid,29400.0,210.0,2021.0,Yes,Mediatek Dimensity 700 (7 nm),0,Mediatek,Dimensity,6.0,8.0,128.0,256.0,60.0,6.58,IPS LCD,6000.0,18.0,50.0,8.0,2.0,No,515647.0,1767.0,"Android 11, OriginOS",No,"Black, Blue, Pink",0
vivo iQOO Neo5 S,Vivo,Vivo,Flagship,53200.0,380.0,2021.0,Yes,Qualcomm SM8350 Snapdragon 888 5G (5 nm),1,Qualcomm,Snapdragon,8.0,12.0,128.0,256.0,120.0,6.62,"AMOLED, 120Hz, HDR10+, 1300 nits (peak)",4500.0,66.0,48.0,16.0,2.0,Yes,1125131.5,3373.0,"Android 11, OriginOS Ocean",Yes,"Orange, Blue, Black",0
vivo iQOO Neo5 SE,Vivo,Vivo,Flagship,42000.0,300.0,2021.0,Yes,Qualcomm SM8250-AC Snapdragon 870 5G (7 nm),1,Qualcomm,Snapdragon,8.0,12.0,128.0,256.0,144.0,6.67,"IPS LCD, 144Hz, HDR10, 650 nits (typ)",4500.0,55.0,50.0,16.0,2.0,No,1018480.0,3520.0,"Android 11, OriginOS Ocean",Yes,"Black, White, Aurora",0
vivo S12 Pro,Vivo,Vivo,Mid,60200.0,430.0,2021.0,Yes,Mediatek Dimensity 1200 (6 nm),0,Mediatek,Dimensity,8.0,12.0,128.0,256.0,90.0,6.56,"AMOLED, 90Hz, HDR10+, 1300 nits (peak)",4300.0,44.0,108.0,50.0,3.0,No,932621.5,3353.0,"Android 11, OriginOS Ocean",Yes,"Black, Blue, Yellow",0
vivo S12,Vivo,Vivo,Mid,54600.0,390.0,2021.0,Yes,Mediatek Dimensity 1100 (6 nm),0,Mediatek,Dimensity,8.0,12.0,128.0,256.0,90.0,6.44,"AMOLED, 90Hz, HDR10+",4200.0,44.0,108.0,44.0,3.0,No,972810.0,3321.0,"Android 11, OriginOS Ocean",Yes,"Black, Blue, Yellow",0
vivo iQOO U5,Vivo,Vivo,Mid,25200.0,180.0,2021.0,Yes,Qualcomm SM6375 Snapdragon 695 5G (6 nm),0,Qualcomm,Snapdragon,4.0,8.0,128.0,128.0,120.0,6.58,"IPS LCD, 120Hz, HDR10",5000.0,18.0,50.0,8.0,2.0,No,590710.0,2003.0,"Android 12, OriginOS Ocean",No,"White, Gray, Aurora",0
vivo S7t,Vivo,Vivo,Mid,47600.0,340.0,2021.0,Yes,Mediatek Dimensity 820 (7 nm),0,Mediatek,Dimensity,8.0,8.0,128.0,256.0,60.0,6.44,AMOLED,4000.0,33.0,64.0,44.0,3.0,No,609659.0,2312.0,"Android 11, OriginOS 1.0",Yes,"Black, White, Gradient Blue",0
vivo iQOO 7,Vivo,Vivo,Flagship,67200.0,480.0,2021.0,Yes,Qualcomm SM8350 Snapdragon 888 5G (5 nm),1,Qualcomm,Snapdragon,8.0,12.0,128.0,256.0,120.0,6.62,"AMOLED, 120Hz, HDR10+, 1300 nits (peak)",4000.0,120.0,48.0,16.0,4.0,Yes,1125131.5,3373.0,"Android 11, Funtouch 11.1 (International), OriginOS 1.0 (China)",Yes,"Gray, Blue, White, Legend",0
vivo Y31s,Vivo,Vivo,Flagship,26600.0,190.0,2021.0,Yes,Qualcomm SM4350 Snapdragon 480 5G (8 nm),1,Qualcomm,Snapdragon,4.0,6.0,64.0,128.0,90.0,6.58,"IPS LCD, 90Hz",5000.0,18.0,13.0,8.0,2.0,No,446878.0,1597.0,"Android 11, Funtouch 10.5",No,"Red, Gray, Aurora",0
vivo X60 Pro+,Vivo,Vivo,Flagship,112000.0,800.0,2021.0,Yes,Qualcomm SM8350 Snapdragon 888 5G (5 nm),1,Qualcomm,Snapdragon,8.0,12.0,128.0,256.0,120.0,6.56,"Super AMOLED, 120Hz, HDR10+, 1300 nits (peak)",4200.0,55.0,50.0,32.0,4.0,Yes,734811.0,3749.0,"Android 11, Funtouch 12 (International), OriginOS 1.0 (China)",Yes,"Orange, Emperor Blue",0
vivo S10 Pro,Vivo,Vivo,Mid,70000.0,500.0,2021.0,Yes,Mediatek Dimensity 1100 (6 nm),0,Mediatek,Dimensity,8.0,12.0,128.0,256.0,90.0,6.44,"AMOLED, 90Hz, HDR10+",4050.0,44.0,108.0,44.0,3.0,No,972810.0,3321.0,"Android 11, OriginOS 1.0",Yes,"Black, White, Gradient Blue, Yellow",0
vivo S10,Vivo,Vivo,Mid,51800.0,370.0,2021.0,Yes,Mediatek Dimensity 1100 (6 nm),0,Mediatek,Dimensity,8.0,12.0,128.0,256.0,90.0,6.44,"AMOLED, 90Hz, HDR10+",4050.0,44.0,64.0,44.0,3.0,No,972810.0,3321.0,"Android 11, OriginOS 1.0",No,"Black, White, Gradient Blue, Yellow",0
vivo Y72 5G (India),Vivo,Vivo,Flagship,33600.0,240.0,2021.0,Yes,Qualcomm SM4350 Snapdragon 480 5G (8 nm),1,Qualcomm,Snapdragon,8.0,8.0,128.0,128.0,90.0,6.58,"IPS LCD, 90Hz, HDR10, 460 nits (typ)",5000.0,18.0,48.0,8.0,2.0,No,446878.0,1597.0,"Android 11, Funtouch 11.1",No,"Prism Magic, Slate Grey",0
vivo Y70t,Vivo,Vivo,Mid,26600.0,190.0,2021.0,Yes,Exynos 880 (8 nm),0,Samsung,Exynos,6.0,8.0,128.0,256.0,60.0,6.53,IPS LCD,4500.0,18.0,48.0,8.0,3.0,No,583282.5,1900.0,"Android 10, Funtouch 10.5",No,"Black, Blue, White",0
vivo Y53s,Vivo,Vivo,Flagship,32200.0,230.0,2021.0,Yes,Qualcomm SM4350 Snapdragon 480 5G (8 nm),1,Qualcomm,Snapdragon,8.0,8.0,128.0,256.0,90.0,6.58,"IPS LCD, 90Hz",5000.0,18.0,64.0,8.0,2.0,No,446878.0,1597.0,"Android 11, OriginOS 1.0",No,"Black, Blue, Silver",0
vivo V21e 5G,Vivo,Vivo,Mid,43400.0,310.0,2021.0,Yes,Mediatek Dimensity 700 (7 nm),0,Mediatek,Dimensity,8.0,8.0,128.0,256.0,60.0,6.44,"AMOLED, 430 nits (typ), 600 nits (HBM)",4000.0,44.0,64.0,32.0,2.0,No,515647.0,1767.0,"Android 11, Funtouch 11.1",No,"Sunset Jazz, Dark Pearl",0
vivo X60t Pro+,Vivo,Vivo,Flagship,91000.0,650.0,2021.0,Yes,Qualcomm SM8350 Snapdragon 888 5G (5 nm),1,Qualcomm,Snapdragon,8.0,12.0,128.0,256.0,120.0,6.56,"Super AMOLED, 120Hz, HDR10+, 1300 nits (peak)",4200.0,55.0,50.0,32.0,4.0,Yes,1125131.5,3373.0,"Android 11, OriginOS 1.0",Yes,"Orange, Emperor Blue",0
vivo S9,Vivo,Vivo,Mid,54600.0,390.0,2021.0,Yes,Mediatek Dimensity 1100 (6 nm),0,Mediatek,Dimensity,8.0,12.0,128.0,256.0,90.0,6.44,"AMOLED, 90Hz, HDR10+",4000.0,33.0,64.0,44.0,3.0,Yes,972810.0,3321.0,"Android 11, OriginOS 1.0",Yes,"Black, White, Gradient Blue",0
vivo S9e,Vivo,Vivo,Mid,43400.0,310.0,2021.0,Yes,Mediatek Dimensity 820 (7 nm),0,Mediatek,Dimensity,8.0,8.0,128.0,256.0,90.0,6.44,"AMOLED, 90Hz, HDR10+",4100.0,33.0,64.0,32.0,3.0,Yes,609659.0,2312.0,"Android 11, OriginOS 1.0",No,"Black, White, Starry Blue",0
vivo iQOO Neo5,Vivo,Vivo,Flagship,44800.0,320.0,2021.0,Yes,Qualcomm SM8250-AC Snapdragon 870 5G (7 nm),1,Qualcomm,Snapdragon,8.0,12.0,128.0,512.0,120.0,6.62,"AMOLED, 120Hz, HDR10+, 1300 nits (peak)",4400.0,66.0,48.0,16.0,3.0,Yes,1018480.0,3520.0,"Android 11, OriginOS 1.0 for iQOO",Yes,"Black, Blue, Orange",0
vivo iQOO U3x,Vivo,Vivo,Flagship,22400.0,160.0,2021.0,Yes,Qualcomm SM4350 Snapdragon 480 5G (8 nm),1,Qualcomm,Snapdragon,4.0,8.0,64.0,128.0,90.0,6.58,"IPS LCD, 90Hz",5000.0,18.0,13.0,8.0,2.0,No,446878.0,1597.0,"Android 11, OriginOS 1.0 for iQOO",No,"Gray, Aurora",0
vivo X60 Pro,Vivo,Vivo,Flagship,79800.0,570.0,2021.0,Yes,Qualcomm SM8250-AC Snapdragon 870 5G (7 nm),1,Qualcomm,Snapdragon,12.0,12.0,256.0,256.0,120.0,6.56,"AMOLED, 120Hz, HDR10+",4200.0,33.0,48.0,32.0,4.0,Yes,639612.0,3490.0,"Android 11, Funtouch 11.1",Yes,"Midnight Black, Shimmer Blue",0
vivo X60,Vivo,Vivo,Flagship,77000.0,550.0,2021.0,Yes,Qualcomm SM8250-AC Snapdragon 870 5G (7 nm),1,Qualcomm,Snapdragon,8.0,12.0,128.0,256.0,120.0,6.56,"AMOLED, 120Hz, HDR10+",4300.0,33.0,48.0,32.0,4.0,Yes,1018480.0,3520.0,"Android 11, Funtouch 11.1",Yes,"Midnight Black, Shimmer Blue",0
vivo Y72 5G,Vivo,Vivo,Mid,37800.0,270.0,2021.0,Yes,Mediatek Dimensity 700 (7 nm),0,Mediatek,Dimensity,6.0,8.0,128.0,128.0,60.0,6.58,IPS LCD,5000.0,18.0,64.0,16.0,3.0,No,515647.0,1767.0,"Android 11, Funtouch 11.1",No,"Graphite Black, Dream Glow",0
vivo iQOO Neo5 Lite,Vivo,Vivo,Flagship,40600.0,290.0,2021.0,Yes,Qualcomm SM8250-AC Snapdragon 870 5G (7 nm),1,Qualcomm,Snapdragon,8.0,12.0,128.0,256.0,144.0,6.57,"IPS LCD, 144Hz, HDR10",4500.0,44.0,48.0,16.0,3.0,No,1018480.0,3520.0,"Android 11, OriginOS 1.0",Yes,"Black, White",0
vivo iQOO Z3,Vivo,Vivo,Mid,30800.0,220.0,2021.0,Yes,Qualcomm SDM768 Snapdragon 768G 5G (7 nm),0,Qualcomm,Snapdragon,6.0,12.0,128.0,256.0,120.0,6.58,"IPS LCD, HDR10, 120Hz",4400.0,55.0,64.0,16.0,3.0,No,1023216.0,1900.0,"Android 11, Funtouch 11.1 (International), OriginOS 1.0 for iQOO (China)",No,"Ace Black, Cyber Blue, Silver",0
vivo Y52s t1,Vivo,Vivo,Flagship,37800.0,270.0,2021.0,Yes,Qualcomm SM4350 Snapdragon 480 5G (8 nm),1,Qualcomm,Snapdragon,8.0,8.0,128.0,256.0,90.0,6.58,"IPS LCD, 90Hz, HDR10, 460 nits (typ)",5000.0,18.0,48.0,8.0,2.0,No,446878.0,1597.0,"Android 11, OriginOS 1.0",No,"Gray, Coral, Aurora",0
vivo Y52 5G,Vivo,Vivo,Mid,33600.0,240.0,2021.0,Yes,Mediatek Dimensity 700 (7 nm),0,Mediatek,Dimensity,4.0,4.0,128.0,128.0,60.0,6.58,IPS LCD,5000.0,18.0,48.0,8.0,3.0,No,515647.0,1767.0,"Android 11, Funtouch 11.1",Yes,"Shiny Black, Glacier Blue",0
vivo X60s,Vivo,Vivo,Mid,64400.0,460.0,2021.0,Yes,Exynos 1080 (5 nm),0,Samsung,Exynos,8.0,12.0,128.0,256.0,120.0,6.56,"AMOLED, 120Hz, HDR10+",4200.0,33.0,48.0,32.0,4.0,Yes,628050.0,1900.0,"Android 11, OriginOS 1.0",Yes,"Gray, Aurora, White",0
vivo Y76s,Vivo,Vivo,Mid,33600.0,240.0,2021.0,Yes,Mediatek Dimensity 810 (6 nm),0,Mediatek,Dimensity,8.0,12.0,128.0,256.0,60.0,6.58,IPS LCD,4100.0,44.0,50.0,8.0,2.0,No,583282.5,1900.0,"Android 11, OriginOS",No,"Black, Aurora, Silver",0
vivo Y74s,Vivo,Vivo,Mid,44800.0,320.0,2021.0,Yes,Mediatek Dimensity 810 (6 nm),0,Mediatek,Dimensity,8.0,8.0,256.0,256.0,60.0,6.58,IPS LCD,4100.0,44.0,50.0,8.0,2.0,No,583282.5,1900.0,"Android 11, OriginOS",No,"Black, Aurora",0
vivo V23e 5G,Vivo,Vivo,Mid,49000.0,350.0,2021.0,Yes,Mediatek Dimensity 810 (6 nm),0,Mediatek,Dimensity,8.0,8.0,128.0,128.0,60.0,6.44,AMOLED,4050.0,44.0,50.0,44.0,3.0,No,583282.5,1900.0,"Android 11, upgradable to Android 14, Funtouch 14",No,"Sunshine Coast (Sunshine Gold), Moonlight Shadow (Midnight Blue)",0
vivo Y76 5G,Vivo,Vivo,Mid,25200.0,180.0,2021.0,Yes,Mediatek Dimensity 700 (7 nm),0,Mediatek,Dimensity,6.0,8.0,128.0,256.0,60.0,6.58,"IPS LCD, 460 nits (typ)",4100.0,44.0,50.0,16.0,3.0,No,515647.0,1767.0,"Android 11, Funtouch 12",Yes,"Cosmic Aurora, Midnight Space",0
vivo S10e,Vivo,Vivo,Mid,44800.0,320.0,2021.0,Yes,Mediatek Dimensity 900 (6 nm),0,Mediatek,Dimensity,8.0,8.0,128.0,256.0,60.0,6.44,"AMOLED, HDR",4000.0,44.0,64.0,32.0,3.0,No,671241.0,2423.0,"Android 11, OriginOS 1.0",No,"Black, White, Aurora",0
vivo iQOO Z5x,Vivo,Vivo,Mid,30800.0,220.0,2021.0,Yes,Mediatek Dimensity 900 (6 nm),0,Mediatek,Dimensity,6.0,8.0,128.0,256.0,120.0,6.58,"IPS LCD, 120Hz",5000.0,44.0,50.0,8.0,2.0,No,729289.0,2423.0,"Android 11, OriginOS 1.0 for iQOO",No,"Black, Orange, Silver",0
vivo T1x,Vivo,Vivo,Mid,32200.0,230.0,2021.0,Yes,Mediatek Dimensity 900 (6 nm),0,Mediatek,Dimensity,6.0,8.0,128.0,256.0,120.0,6.58,"IPS LCD, 120Hz",5000.0,44.0,64.0,8.0,2.0,No,671241.0,2423.0,"Android 11, OriginOS",No,"Black, Aurora, Silver",0
vivo T1,Vivo,Vivo,Mid,42000.0,300.0,2021.0,Yes,Qualcomm SM7325 Snapdragon 778G 5G (6 nm),0,Qualcomm,Snapdragon,8.0,12.0,128.0,256.0,120.0,6.67,"IPS LCD, 120Hz, HDR10, 650 nits (typ)",5000.0,44.0,64.0,16.0,3.0,No,791030.0,2943.0,"Android 11, OriginOS",No,"Black, Aurora",0
vivo Y71t,Vivo,Vivo,Mid,33600.0,240.0,2021.0,Yes,Mediatek Dimensity 810 (6 nm),0,Mediatek,Dimensity,8.0,8.0,128.0,256.0,60.0,6.44,"AMOLED, 430 nits (typ), 600 nits (HBM)",4000.0,44.0,64.0,16.0,2.0,No,583282.5,1900.0,"Android 11, OriginOS 1.0",No,"Blue, Aurora",0
vivo X70 Pro+,Vivo,Vivo,Flagship,100800.0,720.0,2021.0,Yes,Qualcomm SM8350 Snapdragon 888+ 5G (5 nm),1,Qualcomm,Snapdragon,8.0,12.0,256.0,512.0,120.0,6.78,"LTPO AMOLED, 1B colors, 120Hz, HDR10+, 500 nits (typ), 1000 nits (HBM), 1500 nits (peak)",4500.0,55.0,50.0,32.0,4.0,Yes,837833.0,3469.0,"Android 11, upgradable to Android 14, Funtouch OS 14 (International), OriginOS 1.0 (China)",Yes,"Black, Blue, Orange",0
vivo X70 Pro,Vivo,Vivo,Flagship,145600.0,1040.0,2021.0,Yes,Mediatek Dimensity 1200 (6 nm) - International Exynos 1080 (5 nm) - China,0,Mediatek,Dimensity,8.0,16.0,128.0,512.0,120.0,6.56,"AMOLED, 120Hz, HDR10+, 1300 nits (peak)",4450.0,44.0,50.0,32.0,4.0,Yes,694499.0,2956.0,"Android 11, upgradable to Android 14, Funtouch OS 14 (International), OriginOS (China)",Yes,"Cosmic Black, Aurora Dawn, White",0
vivo X70,Vivo,Vivo,Mid,72800.0,520.0,2021.0,Yes,Mediatek Dimensity 1200 (6 nm),0,Mediatek,Dimensity,8.0,12.0,128.0,256.0,120.0,6.56,"AMOLED, 120Hz, HDR10+",4400.0,44.0,40.0,32.0,4.0,No,932621.5,3353.0,"Android 11, upgradable to Android 14, Funtouch OS 14 (International), OriginOS (China)",Yes,"Cosmic Black, Aurora Dawn, White",0
vivo iQOO Z5,Vivo,Vivo,Mid,35000.0,250.0,2021.0,Yes,Qualcomm SM7325 Snapdragon 778G 5G (6 nm),0,Qualcomm,Snapdragon,8.0,12.0,128.0,256.0,120.0,6.67,"IPS LCD, 120Hz, HDR10, 650 nits (typ)",5000.0,44.0,64.0,16.0,3.0,No,1023216.0,2943.0,"Android 11, Funtouch 12 (International), OriginOS for iQOO 1.0 (China)",No,"Arctic Dawn, Mystic Space, Cyber Grid, Aurora",0
vivo X Note,Vivo,Vivo,Flagship,121800.0,870.0,2022.0,Yes,Qualcomm SM8450 Snapdragon 8 Gen 1 (4 nm),1,Qualcomm,Snapdragon,8.0,12.0,256.0,512.0,120.0,7.0,"LTPO AMOLED, 120Hz, HDR10+",5000.0,80.0,50.0,16.0,4.0,Yes,1303229.0,3773.0,"Android 12, OriginOS Ocean",Yes,"Black, Blue, Gray",0
vivo X Fold,Vivo,Vivo,Flagship,182000.0,1300.0,2022.0,Yes,Qualcomm SM8450 Snapdragon 8 Gen 1 (4 nm),1,Qualcomm,Snapdragon,12.0,12.0,256.0,512.0,120.0,8.03,"Foldable LTPO AMOLED, 120Hz, HDR10+",4600.0,66.0,50.0,16.0,4.0,Yes,1303229.0,3773.0,"Android 12, OriginOS Ocean",Yes,"Black, Blue",0
vivo iQOO Neo6 (China),Vivo,Vivo,Flagship,56000.0,400.0,2022.0,Yes,Qualcomm SM8450 Snapdragon 8 Gen 1 (4 nm),1,Qualcomm,Snapdragon,8.0,12.0,128.0,256.0,120.0,6.62,"AMOLED, 120Hz, HDR10+, 1300 nits (peak)",4700.0,80.0,64.0,16.0,3.0,Yes,2359464.0,3773.0,"Android 12, OriginOS Ocean",Yes,"Black, Blue, Orange",0
vivo X80 Pro,Vivo,Vivo,Flagship,119000.0,850.0,2022.0,Yes,Qualcomm SM8450 Snapdragon 8 Gen 1 (4 nm) Mediatek Dimensity 9000 (4 nm),1,Qualcomm,Snapdragon,8.0,12.0,256.0,512.0,120.0,6.78,"LTPO3 AMOLED, 1B colors, 120Hz, HDR10+, 1500 nits (peak)",4700.0,80.0,50.0,32.0,4.0,Yes,1781240.0,2035.5,"Android 12, upgradable to Android 14, Funtouch 14 (Global), OriginOS Ocean (China)",Yes,"Cosmic Black, Blue, Orange",0
vivo X80,Vivo,Vivo,Mid,78400.0,560.0,2022.0,Yes,Mediatek Dimensity 9000 (4 nm),0,Mediatek,Dimensity,8.0,12.0,128.0,512.0,120.0,6.78,"AMOLED, 120Hz, HDR, 1500 nits (peak)",4500.0,80.0,50.0,32.0,3.0,Yes,1458783.5,4384.0,"Android 12, upgradable to Android 14, Funtouch 14 (Global), OriginOS Ocean (China)",Yes,"Cosmic Black, Urban Blue, Orange",0
vivo S15e,Vivo,Vivo,Mid,42000.0,300.0,2022.0,Yes,Exynos 1080 (5 nm),0,Samsung,Exynos,8.0,12.0,128.0,256.0,90.0,6.44,"AMOLED, 90Hz, HDR10+",4700.0,66.0,50.0,16.0,3.0,No,583282.5,2035.5,"Android 11, OriginOS Ocean",Yes,"Black, Blue, Silver/Pink",0
vivo T1 (Snapdragon 778G),Vivo,Vivo,Mid,42000.0,300.0,2022.0,Yes,Qualcomm SM7325 Snapdragon 778G 5G (6 nm),0,Qualcomm,Snapdragon,8.0,8.0,128.0,128.0,90.0,6.44,"AMOLED, 90Hz, HDR10+, 1300 nits (peak)",4700.0,66.0,64.0,16.0,3.0,No,791030.0,2943.0,"Android 12, Funtouch 12",No,"Turbo Black, Turbo Cyan",0
vivo iQOO Z6 Pro,Vivo,Vivo,Mid,42000.0,300.0,2022.0,Yes,Qualcomm SM7325 Snapdragon 778G 5G (6 nm),0,Qualcomm,Snapdragon,6.0,12.0,128.0,256.0,90.0,6.44,"AMOLED, 90Hz, HDR10+, 1300 nits (peak)",4700.0,66.0,64.0,16.0,3.0,No,1009695.0,2943.0,"Android 12, Funtouch 12",No,"Phantom Dusk, Legion Sky",0
vivo iQOO 9T,Vivo,Vivo,Flagship,84000.0,600.0,2022.0,Yes,Qualcomm SM8475 Snapdragon 8+ Gen 1 (4 nm),1,Qualcomm,Snapdragon,8.0,12.0,128.0,256.0,120.0,6.78,"AMOLED, 1B colors, 120Hz, HDR10+, 1500 nits (peak)",4700.0,120.0,50.0,16.0,3.0,Yes,1045901.0,4059.0,"Android 12, upgradable to Android 14, Funtouch 14",Yes,"Alpha, Legend (BMW M branding)",0
vivo Y77e,Vivo,Vivo,Mid,35000.0,250.0,2022.0,Yes,Mediatek Dimensity 810 (6 nm),0,Mediatek,Dimensity,6.0,8.0,128.0,256.0,60.0,6.58,IPS LCD,5000.0,18.0,13.0,8.0,2.0,No,583282.5,1900.0,"Android 12, OriginOS Ocean",No,"Black, Blue gradient, Pink",0
vivo V25 Pro,Vivo,Vivo,Mid,61600.0,440.0,2022.0,Yes,Mediatek Dimensity 1300 (6 nm),0,Mediatek,Dimensity,8.0,12.0,128.0,256.0,120.0,6.56,"AMOLED, 120Hz, HDR10+, 1300 nits (peak)",4830.0,66.0,64.0,32.0,3.0,Yes,704090.0,2521.0,"Android 12, Funtouch 12",No,"Pure Black, Sailing Blue",0
vivo V25,Vivo,Vivo,Mid,49000.0,350.0,2022.0,Yes,Mediatek Dimensity 900 (6 nm),0,Mediatek,Dimensity,8.0,12.0,128.0,256.0,90.0,6.44,"AMOLED, 90Hz, HDR10+, 1300 nits (peak)",4500.0,44.0,64.0,50.0,3.0,Yes,461428.0,2023.0,"Android 12, Funtouch 12",Yes,"Elegant Black, Sunrise Gold, Surfing Blue",0
vivo iQOO Z6 (China),Vivo,Vivo,Mid,35000.0,250.0,2022.0,Yes,Qualcomm SM7325-AE Snapdragon 778G+ 5G (6 nm),0,Qualcomm,Snapdragon,8.0,12.0,128.0,256.0,120.0,6.64,"IPS LCD, 120Hz, HDR10, 650 nits (HBM)",4500.0,80.0,64.0,8.0,3.0,Yes,791030.0,2943.0,"Android 12, OriginOS Ocean",Yes,"Black, Orange, Blue",0
vivo iQOO Z6x,Vivo,Vivo,Mid,25200.0,180.0,2022.0,Yes,Mediatek Dimensity 810 (6 nm),0,Mediatek,Dimensity,6.0,8.0,128.0,256.0,60.0,6.58,IPS LCD,6000.0,44.0,50.0,8.0,2.0,No,729289.0,1900.0,"Android 11, OriginOS Ocean",No,"Black, Blue, Orange",0
vivo iQOO 11 Pro,Vivo,Vivo,Flagship,112000.0,800.0,2022.0,Yes,Qualcomm SM8550-AB Snapdragon 8 Gen 2 (4 nm),1,Qualcomm,Snapdragon,8.0,16.0,256.0,512.0,144.0,6.78,"LTPO4 AMOLED, 1B colors, 144Hz, HDR10+, 1800 nits (peak)",4700.0,200.0,50.0,16.0,3.0,Yes,2433337.0,5558.0,"Android 13, Funtouch 13 (International), OriginOS 3 (China)",Yes,"Black, Green, White (BMW M branding)",0
vivo iQOO 11,Vivo,Vivo,Flagship,91000.0,650.0,2022.0,Yes,Qualcomm SM8550-AB Snapdragon 8 Gen 2 (4 nm),1,Qualcomm,Snapdragon,8.0,16.0,128.0,512.0,144.0,6.78,"LTPO4 AMOLED, 1B colors, 144Hz, HDR10+, 1800 nits (peak)",5000.0,120.0,50.0,16.0,3.0,Yes,1281665.0,4803.0,"Android 13, upgradable to Android 14, Funtouch 14 (International), OriginOS 3 (China)",Yes,"Black, Green, White (BMW M branding)",0
vivo iQOO Neo7 SE,Vivo,Vivo,Mid,42000.0,300.0,2022.0,Yes,Mediatek Dimensity 8200 (4 nm),0,Mediatek,Dimensity,8.0,16.0,128.0,512.0,120.0,6.78,"AMOLED, 120Hz, HDR10+, 1300 nits (peak)",5000.0,120.0,64.0,16.0,3.0,Yes,1230221.5,3891.0,"Android 13, OriginOS 3",Yes,"Blue, Gray, Gradient",0
vivo Y35 5G,Vivo,Vivo,Budget,22400.0,160.0,2022.0,Yes,Mediatek Dimensity 700 (7 nm),0,Mediatek,Dimensity,4.0,8.0,128.0,128.0,60.0,6.51,IPS LCD,5000.0,15.0,13.0,5.0,2.0,No,515647.0,1767.0,"Android 13, OriginOS Ocean",No,"Gold, Black, Blue",0
vivo S16 Pro,Vivo,Vivo,Mid,56000.0,400.0,2022.0,Yes,Mediatek Dimensity 8200 (4 nm),0,Mediatek,Dimensity,8.0,12.0,256.0,512.0,120.0,6.78,"AMOLED, 120Hz, HDR10+",4600.0,66.0,50.0,50.0,3.0,Yes,1230221.5,3891.0,"Android 13, OriginOS 3",Yes,"Black, Mint",0
vivo S16,Vivo,Vivo,Flagship,47600.0,340.0,2022.0,Yes,Qualcomm SM8250-AC Snapdragon 870 5G (7 nm),1,Qualcomm,Snapdragon,8.0,12.0,128.0,512.0,120.0,6.78,"AMOLED, 120Hz, HDR10+",4600.0,66.0,64.0,50.0,3.0,Yes,1018480.0,3520.0,"Android 13, OriginOS 3",Yes,"Black, Mint, Gold",0
vivo S16e,Vivo,Vivo,Mid,39200.0,280.0,2022.0,Yes,Exynos 1080 (5 nm),0,Samsung,Exynos,8.0,12.0,128.0,256.0,120.0,6.62,"AMOLED, 120Hz, HDR10+, 1300 nits (peak)",4600.0,66.0,50.0,16.0,3.0,Yes,583282.5,2035.5,"Android 11, OriginOS Ocean",Yes,"Black, Green, Purple",0
vivo iQOO Neo7 Racing,Vivo,Vivo,Flagship,53200.0,380.0,2022.0,Yes,Qualcomm SM8475 Snapdragon 8+ Gen 1 (4 nm),1,Qualcomm,Snapdragon,8.0,16.0,256.0,512.0,120.0,6.78,"AMOLED, 120Hz, HDR10+, 1500 nits (peak)",5000.0,120.0,50.0,16.0,3.0,Yes,1303229.0,3773.0,"Android 13, OriginOS 3",Yes,"Orange, Black, Blue",0
vivo T1 5G,Vivo,Vivo,Mid,25200.0,180.0,2022.0,Yes,Qualcomm SM6375 Snapdragon 695 5G (6 nm) Mediatek Dimensity 810 (6 nm) - Indonesia,0,Qualcomm,Snapdragon,4.0,8.0,128.0,256.0,120.0,6.58,"IPS LCD, 120Hz",5000.0,18.0,50.0,16.0,3.0,No,409989.0,2035.5,"Android 11, Funtouch 12",Yes,"Starlight Black, Rainbow Fantasy",0
vivo iQOO 9,Vivo,Vivo,Flagship,71400.0,510.0,2022.0,Yes,Qualcomm SM8350 Snapdragon 888+ 5G (5 nm),1,Qualcomm,Snapdragon,8.0,12.0,128.0,256.0,120.0,6.56,"AMOLED, 1B colors, 120Hz, HDR10+, 1200 nits (peak)",4350.0,120.0,48.0,16.0,2.0,Yes,745168.0,3503.0,"Android 12, Funtouch 12",Yes,"Legend, Alpha, Phoenix Orange",0
vivo iQOO 9 SE,Vivo,Vivo,Flagship,56000.0,400.0,2022.0,Yes,Qualcomm SM8350 Snapdragon 888 5G (5 nm),1,Qualcomm,Snapdragon,8.0,12.0,128.0,256.0,120.0,6.62,"Super AMOLED, 120Hz, HDR10+, 1200 nits (peak)",4500.0,66.0,48.0,16.0,2.0,Yes,727771.0,3442.0,"Android 12, Funtouch 12",Yes,"Space Fusion, Sunset Sierra",0
vivo iQOO 9 Pro,Vivo,Vivo,Flagship,88200.0,630.0,2022.0,Yes,Qualcomm SM8450 Snapdragon 8 Gen 1 (4 nm),1,Qualcomm,Snapdragon,8.0,12.0,256.0,512.0,120.0,6.78,"LTPO2 AMOLED, 1B colors, 120Hz, HDR10+, Dolby Vision, 500 nits (typ), 1000 nits (HBM), 1500 nits (peak)",4700.0,120.0,50.0,16.0,3.0,Yes,862324.0,3708.0,"Android 12, Funtouch 12 (International), OriginOS Ocean (China)",Yes,"Legend (White w/ BMW M branding), Dark Cruise, Orange",0
vivo iQOO 9 (China),Vivo,Vivo,Flagship,78400.0,560.0,2022.0,Yes,Qualcomm SM8450 Snapdragon 8 Gen 1 (4 nm),1,Qualcomm,Snapdragon,8.0,12.0,128.0,512.0,120.0,6.78,"AMOLED, 120Hz, HDR10, 1500 nits (peak)",4700.0,120.0,50.0,16.0,3.0,Yes,1303229.0,3773.0,"Android 12, OriginOS Ocean",Yes,"White (BMW M branding), Orange, Black",0
vivo V23 Pro,Vivo,Vivo,Mid,64400.0,460.0,2022.0,Yes,Mediatek Dimensity 1200 (6 nm),0,Mediatek,Dimensity,8.0,12.0,128.0,256.0,90.0,6.56,"AMOLED, 90Hz, HDR10+",4300.0,44.0,108.0,50.0,3.0,No,635060.0,12377.0,"Android 12, Funtouch 12",No,"Sunshine Gold, Stardust Black",0
vivo V23 5G,Vivo,Vivo,Mid,39200.0,280.0,2022.0,Yes,Mediatek Dimensity 920 (6 nm),0,Mediatek,Dimensity,8.0,12.0,128.0,256.0,90.0,6.44,"AMOLED, 90Hz, HDR10+",4200.0,44.0,64.0,50.0,3.0,No,406498.0,8421.0,"Android 12, upgradable to Android 14, Funtouch 14",Yes,"Sunshine Gold, Stardust Black",0
vivo Y55 5G,Vivo,Vivo,Mid,35000.0,250.0,2022.0,Yes,Mediatek Dimensity 700 (7 nm),0,Mediatek,Dimensity,4.0,6.0,128.0,128.0,60.0,6.58,IPS LCD,5000.0,18.0,50.0,8.0,3.0,No,515647.0,1767.0,"Android 11, Funtouch 12",Yes,"Black, Blue",0
vivo Y75 5G,Vivo,Vivo,Mid,36400.0,260.0,2022.0,Yes,Mediatek Dimensity 700 (7 nm),0,Mediatek,Dimensity,8.0,8.0,128.0,128.0,60.0,6.58,IPS LCD,5000.0,18.0,50.0,16.0,3.0,No,515647.0,1767.0,"Android 11, Funtouch 12",No,"Glowing Galaxy, Starlight Black",0
vivo Y77,Vivo,Vivo,Mid,26600.0,190.0,2022.0,Yes,Mediatek Dimensity 810 (6 nm),0,Mediatek,Dimensity,8.0,8.0,128.0,256.0,60.0,6.58,IPS LCD,5000.0,18.0,50.0,16.0,2.0,No,583282.5,1900.0,"Android 12, Funtouch 12",No,"Glowing galaxy, Starlight black",0
vivo Y77 (China),Vivo,Vivo,Mid,42000.0,300.0,2022.0,Yes,Mediatek Dimensity 930 (6 nm),0,Mediatek,Dimensity,6.0,12.0,128.0,256.0,120.0,6.64,"IPS LCD, 120Hz",4500.0,80.0,50.0,8.0,2.0,No,570831.5,2299.0,"Android 12, OriginOS Ocean",No,"Black, Silver, Blue",0
vivo iQOO 10 Pro,Vivo,Vivo,Flagship,121800.0,870.0,2022.0,Yes,Qualcomm SM8475 Snapdragon 8+ Gen 1 (4 nm),1,Qualcomm,Snapdragon,8.0,12.0,256.0,512.0,120.0,6.78,"LTPO3 AMOLED, 1B colors, 120Hz, HDR10+, 500 nits (typ), 1000 nits (HBM), 1500 nits (peak)",4700.0,200.0,50.0,16.0,3.0,Yes,2433337.0,3773.0,"Android 12, Funtouch 12 (International), OriginOS Ocean (China)",Yes,"Black, White (BMW M branding)",0
vivo iQOO 10,Vivo,Vivo,Flagship,81200.0,580.0,2022.0,Yes,Qualcomm SM8475 Snapdragon 8+ Gen 1 (4 nm),1,Qualcomm,Snapdragon,8.0,16.0,128.0,512.0,120.0,6.78,"AMOLED, 120Hz, HDR, 1500 nits (peak)",4700.0,120.0,50.0,16.0,3.0,Yes,2333285.0,3773.0,"Android 12, OriginOS Ocean",Yes,"White (BMW M branding), Orange, Black",0
vivo Y30 5G,Vivo,Vivo,Mid,32200.0,230.0,2022.0,Yes,Mediatek Dimensity 700 (7 nm),0,Mediatek,Dimensity,6.0,6.0,128.0,128.0,60.0,6.51,IPS LCD,5000.0,10.0,50.0,8.0,2.0,No,515647.0,1767.0,Android 12,No,"Black, Blue",0
vivo Y33s 5G,Vivo,Vivo,Mid,25200.0,180.0,2022.0,Yes,Mediatek Dimensity 700 (7 nm),0,Mediatek,Dimensity,4.0,8.0,128.0,128.0,60.0,6.51,IPS LCD,5000.0,18.0,13.0,8.0,2.0,No,515647.0,1767.0,"Android 12, OriginOS Ocean",No,"Black, Blue, Gradient",0
vivo iQOO Z6,Vivo,Vivo,Mid,26600.0,190.0,2022.0,Yes,Qualcomm SM6375 Snapdragon 695 5G (6 nm),0,Qualcomm,Snapdragon,4.0,8.0,128.0,128.0,120.0,6.58,"IPS LCD, 120Hz",5000.0,18.0,50.0,16.0,3.0,No,1023216.0,2003.0,"Android 12, Funtouch 12",No,"Dynamo Black, Chromatic Blue",0
vivo T1 Pro,Vivo,Vivo,Mid,42000.0,300.0,2022.0,Yes,Qualcomm SM7325 Snapdragon 778G 5G (6 nm),0,Qualcomm,Snapdragon,6.0,8.0,128.0,128.0,60.0,6.44,"AMOLED, HDR10+, 1300 nits (peak)",4700.0,66.0,64.0,16.0,3.0,No,1014174.0,2943.0,"Android 12, Funtouch 12",No,"Turbo Black, Turbo Cyan",0
vivo iQOO Neo6 SE,Vivo,Vivo,Flagship,40600.0,290.0,2022.0,Yes,Qualcomm SM8250-AC Snapdragon 870 5G (7 nm),1,Qualcomm,Snapdragon,8.0,12.0,128.0,512.0,120.0,6.62,"AMOLED, 120Hz, HDR10+, 500 nits (typ), 800 nits (HBM), 1300 nits (peak)",4700.0,80.0,64.0,16.0,3.0,Yes,1018480.0,3520.0,"Android 12, OriginOS Ocean",Yes,"Blue, Orange, Gradient",0
vivo S15 Pro,Vivo,Vivo,Mid,67200.0,480.0,2022.0,Yes,Mediatek Dimensity 8100 (5 nm),0,Mediatek,Dimensity,8.0,12.0,256.0,256.0,120.0,6.56,"AMOLED, 120Hz, HDR10+, 1500 nits (peak)",4500.0,80.0,50.0,32.0,3.0,Yes,1112250.5,3842.0,"Android 12, OriginOS Ocean",Yes,"Blue, Black",0
vivo S15,Vivo,Vivo,Flagship,53200.0,380.0,2022.0,Yes,Qualcomm SM8250-AC Snapdragon 870 5G (7 nm),1,Qualcomm,Snapdragon,8.0,12.0,128.0,256.0,120.0,6.62,"AMOLED, 120Hz, HDR10+, 1300 nits (peak)",4500.0,66.0,64.0,32.0,3.0,Yes,1018480.0,3520.0,"Android 12, OriginOS Ocean",Yes,"Blue, Black, Yellow",0
vivo Y72t,Vivo,Vivo,Mid,28000.0,200.0,2022.0,Yes,Mediatek Dimensity 700 (7 nm),0,Mediatek,Dimensity,8.0,8.0,128.0,256.0,60.0,6.58,IPS LCD,6000.0,18.0,50.0,8.0,2.0,No,515647.0,1767.0,"Android 11, OriginOS 11",No,"Black, Blue, Pink",0
vivo T2x,Vivo,Vivo,Mid,30800.0,220.0,2022.0,Yes,Mediatek Dimensity 1300 (6 nm),0,Mediatek,Dimensity,6.0,8.0,128.0,256.0,144.0,6.58,"IPS LCD, 144Hz, 650 nits (HBM)",6000.0,44.0,50.0,16.0,2.0,No,875430.5,3281.0,"Android 12, OriginOS 2.0",Yes,"Black, Blue",0
vivo iQOO Neo 6,Vivo,Vivo,Flagship,50400.0,360.0,2022.0,Yes,Qualcomm SM8250-AC Snapdragon 870 5G (7 nm),1,Qualcomm,Snapdragon,8.0,12.0,128.0,256.0,120.0,6.62,"AMOLED, 120Hz, HDR10+, 500 nits (typ), 800 nits (HBM), 1300 nits (peak)",4700.0,80.0,64.0,16.0,3.0,Yes,627246.0,3076.0,"Android 12, Funtouch 12",No,"Dark Nova, Cyber Rage",0
vivo V21s,Vivo,Vivo,Mid,50400.0,360.0,2022.0,Yes,Mediatek Dimensity 800U (7 nm),0,Mediatek,Dimensity,8.0,8.0,128.0,128.0,90.0,6.44,"AMOLED, 90Hz, HDR10+, 500 nits (typ), 800 nits (HBM)",4000.0,33.0,64.0,44.0,3.0,Yes,551706.0,1836.0,"Android 12, Funtouch 12",Yes,"Dusk Blue, Gradient",0
vivo X90 Pro+,Vivo,Vivo,Flagship,144200.0,1030.0,2022.0,Yes,Qualcomm SM8550-AB Snapdragon 8 Gen 2 (4 nm),1,Qualcomm,Snapdragon,12.0,12.0,256.0,512.0,120.0,6.78,"LTPO4 AMOLED, 1B colors, 120Hz, Dolby Vision, HDR10+, 1800 nits (peak)",4700.0,80.0,50.3,32.0,4.0,Yes,1781240.0,5558.0,"Android 13, Funtouch (Global), OriginOS 3 (China)",Yes,"Black, Red",0
vivo X90 Pro,Vivo,Vivo,Flagship,168000.0,1200.0,2022.0,Yes,Mediatek Dimensity 9200 (4 nm),0,Mediatek,Dimensity,8.0,12.0,256.0,512.0,120.0,6.78,"AMOLED, 1B colors, 120Hz, HDR10+, 1300 nits (peak)",4870.0,120.0,50.3,32.0,3.0,Yes,1228735.0,4273.0,"Android 13, upgradable to Android 14, Funtouch 14 (Global), OriginOS 3 (China)",Yes,"Legendary Black, Red",0
vivo X90,Vivo,Vivo,Mid,42000.0,300.0,2022.0,Yes,Mediatek Dimensity 9200 (4 nm),0,Mediatek,Dimensity,8.0,12.0,128.0,512.0,120.0,6.78,"AMOLED, 1B colors, 120Hz, HDR10+",4810.0,120.0,50.0,32.0,3.0,Yes,1768236.0,5281.0,"Android 13, Funtouch 13 (Global), OriginOS 3 (China)",Yes,"Asteroid Black, Breeze Blue, Red",0
vivo iQOO Neo7 (China),Vivo,Vivo,Mid,53200.0,380.0,2022.0,Yes,Mediatek Dimensity 9000+ (4 nm),0,Mediatek,Dimensity,8.0,12.0,128.0,512.0,120.0,6.78,"AMOLED, 120Hz, HDR10+, 1500 nits (peak)",5000.0,120.0,50.0,16.0,3.0,Yes,2359464.0,4384.0,"Android 13, OriginOS Ocean",Yes,"Orange, Black, Blue",0
vivo Y75s,Vivo,Vivo,Mid,37800.0,270.0,2022.0,Yes,Mediatek Dimensity 700 (7 nm),0,Mediatek,Dimensity,8.0,12.0,256.0,256.0,60.0,6.58,IPS LCD,5000.0,18.0,64.0,8.0,3.0,No,515647.0,1767.0,"Android 11, OriginOS Ocean",No,"Black, Gradient",0
vivo iQOO Z6 Lite,Vivo,Vivo,Flagship,25200.0,180.0,2022.0,Yes,Qualcomm SM4375 Snapdragon 4 Gen 1 (6 nm),1,Qualcomm,Snapdragon,4.0,6.0,64.0,128.0,120.0,6.58,"IPS LCD, 120Hz",5000.0,18.0,50.0,8.0,2.0,No,501473.0,2048.0,"Android 12, Funtouch 12",No,"Mystic Night, Stellar Green",0
vivo Y52t,Vivo,Vivo,Mid,28000.0,200.0,2022.0,Yes,Mediatek Dimensity 700 (7 nm),0,Mediatek,Dimensity,8.0,8.0,128.0,256.0,60.0,6.51,IPS LCD,5000.0,10.0,13.0,8.0,2.0,No,515647.0,1767.0,"Android 12, OriginOS Ocean",No,"Black, Blue, Silver",0
vivo X80 Lite,Vivo,Vivo,Mid,37100.0,265.0,2022.0,Yes,Mediatek Dimensity 900 (6 nm),0,Mediatek,Dimensity,8.0,8.0,256.0,256.0,90.0,6.44,"AMOLED, 90Hz, HDR10+, 1300 nits (peak)",4500.0,44.0,64.0,50.0,3.0,Yes,461428.0,2023.0,"Android 12, Funtouch 12",Yes,"Diamond Black, Sunrise Gold",0
vivo X Fold+,Vivo,Vivo,Flagship,203000.0,1450.0,2022.0,Yes,Qualcomm SM8475 Snapdragon 8+ Gen 1 (4 nm),1,Qualcomm,Snapdragon,12.0,12.0,256.0,512.0,120.0,8.03,"Foldable LTPO AMOLED, 120Hz, HDR10+",4730.0,80.0,50.0,16.0,4.0,Yes,1303229.0,3773.0,"Android 12, OriginOS Ocean",Yes,"Black, Blue, Red",0
vivo Y73t,Vivo,Vivo,Mid,28000.0,200.0,2022.0,Yes,Mediatek Dimensity 700 (7 nm),0,Mediatek,Dimensity,8.0,12.0,128.0,256.0,60.0,6.58,IPS LCD,6000.0,44.0,50.0,8.0,2.0,No,515647.0,1767.0,"Android 11, OriginOS 11",No,"Black, Blue, Orange",0
vivo T2 (India),Vivo,Vivo,Mid,29400.0,210.0,2023.0,Yes,Qualcomm SM6375 Snapdragon 695 5G (6 nm),0,Qualcomm,Snapdragon,6.0,8.0,128.0,128.0,90.0,6.38,"AMOLED, 90Hz, 1300 nits (peak)",4500.0,44.0,64.0,16.0,2.0,Yes,590710.0,2003.0,"Android 13, Funtouch 13",No,"Nitro Blaze, Velocity Wave",0
vivo T2x (India),Vivo,Vivo,Budget,21000.0,150.0,2023.0,Yes,Mediatek Dimensity 6020 (7 nm),0,Mediatek,Dimensity,4.0,8.0,128.0,128.0,60.0,6.58,IPS LCD,5000.0,18.0,50.0,8.0,2.0,No,518592.0,2032.0,"Android 13, Funtouch 13",No,"Glimmer Black, Aurora Gold, Marine Blue",0
vivo X Fold2,Vivo,Vivo,Flagship,186200.0,1330.0,2023.0,Yes,Qualcomm SM8550-AB Snapdragon 8 Gen 2 (4 nm),1,Qualcomm,Snapdragon,12.0,12.0,256.0,512.0,120.0,8.03,"Foldable LTPO4 AMOLED, 120Hz, HDR10+, Dolby Vision, 1800 nits (peak)",4800.0,120.0,50.0,16.0,3.0,Yes,1314521.0,4769.0,"Android 13, OriginOS 3",Yes,"Black, Blue, Red",0
vivo X Flip,Vivo,Vivo,Flagship,112000.0,800.0,2023.0,Yes,Qualcomm SM8475 Snapdragon 8+ Gen 1 (4 nm),1,Qualcomm,Snapdragon,12.0,12.0,256.0,512.0,120.0,6.74,"Foldable LTPO AMOLED, 1B colors, 120Hz, HDR10+",4400.0,44.0,50.0,32.0,2.0,Yes,1060911.0,3930.0,"Android 13, OriginOS 3",Yes,"Rhombic Purple, Silk Gold, Diamond Black",0
vivo Y78+,Vivo,Vivo,Mid,29400.0,210.0,2023.0,Yes,Qualcomm SM6375 Snapdragon 695 5G (6 nm),0,Qualcomm,Snapdragon,8.0,12.0,128.0,256.0,120.0,6.78,"AMOLED, 120Hz, 1300 nits (peak)",5000.0,44.0,50.0,8.0,2.0,Yes,590710.0,2003.0,"Android 13, OriginOS 3",No,"Black, Blue, Gold",0
vivo Y77t,Vivo,Vivo,Budget,23800.0,170.0,2023.0,Yes,Mediatek Dimensity 7020 (6 nm),0,Mediatek,Dimensity,8.0,12.0,256.0,256.0,120.0,6.64,"IPS LCD, 120Hz, HDR10",5000.0,44.0,50.0,8.0,2.0,No,630479.0,2244.0,"Android 13, OriginOS 3",No,"Black, Mint, Gold",0
vivo V29e (India),Vivo,Vivo,Mid,42000.0,300.0,2023.0,Yes,Qualcomm SM6375 Snapdragon 695 5G (6 nm),0,Qualcomm,Snapdragon,8.0,8.0,128.0,256.0,120.0,6.78,"AMOLED, 1B colors, 120Hz, HDR10+, 1300 nits (peak)",5000.0,44.0,64.0,50.0,2.0,Yes,590710.0,2003.0,"Android 13, Funtouch 13",No,"Artistic Red, Artistic Blue",0
vivo iQOO Z8x,Vivo,Vivo,Budget,23800.0,170.0,2023.0,Yes,Qualcomm SM6450 Snapdragon 6 Gen 1 (4 nm),0,Qualcomm,Snapdragon,8.0,12.0,128.0,256.0,120.0,6.64,"IPS LCD, 120Hz",6000.0,44.0,50.0,8.0,2.0,No,729289.0,2719.0,"Android 13, OriginOS 3",No,"Black, Blue, Silver",0
vivo iQOO Z8 (China),Vivo,Vivo,Mid,32200.0,230.0,2023.0,Yes,Mediatek Dimensity 8200 (4 nm),0,Mediatek,Dimensity,8.0,12.0,256.0,512.0,120.0,6.64,"IPS LCD, 120Hz",5000.0,120.0,64.0,16.0,2.0,Yes,1230221.5,3891.0,"Android 13, OriginOS 3",Yes,"Black, Blue, Silver",0
vivo iQOO Z7 Pro,Vivo,Vivo,Mid,37800.0,270.0,2023.0,Yes,Mediatek Dimensity 7200 (4 nm),0,Mediatek,Dimensity,8.0,8.0,128.0,256.0,120.0,6.78,"AMOLED, 1B colors, 120Hz, HDR10+, 1300 nits (peak)",4600.0,66.0,64.0,16.0,2.0,Yes,1009695.0,2577.0,"Android 13, planned upgrade to Android 14, Funtouch 14",No,"Blue Lagoon, Graphite Matte",0
vivo Y36i,Vivo,Vivo,Budget,22400.0,160.0,2023.0,Yes,Mediatek Dimensity 6020 (7 nm),0,Mediatek,Dimensity,4.0,4.0,128.0,128.0,90.0,6.56,"IPS LCD, 90Hz, 840 nits (HBM)",5000.0,15.0,13.0,5.0,1.0,No,518592.0,2032.0,"Android 13, OriginOS 3",No,"Purple, Gold, Black",0
vivo S18 Pro,Vivo,Vivo,Mid,57400.0,410.0,2023.0,Yes,Mediatek Dimensity 9200+ (4 nm),0,Mediatek,Dimensity,12.0,16.0,256.0,512.0,120.0,6.78,"AMOLED, 1B colors, 120Hz, 2800 nits (peak)",5000.0,80.0,50.0,50.0,3.0,Yes,1768236.0,5281.0,"Android 14, OriginOS 4",Yes,"Black, Blue, Silver",0
vivo S18,Vivo,Vivo,Mid,42000.0,300.0,2023.0,Yes,Qualcomm SM7550-AB Snapdragon 7 Gen 3 (4 nm),0,Qualcomm,Snapdragon,8.0,16.0,256.0,512.0,120.0,6.78,"AMOLED, 1B colors, 120Hz, 2800 nits (peak)",5000.0,80.0,50.0,50.0,2.0,Yes,1015317.5,2967.0,"Android 14, OriginOS 4",Yes,"Black, Blue/Green, Silver, Purple",0
vivo S18e,Vivo,Vivo,Mid,37800.0,270.0,2023.0,Yes,Mediatek Dimensity 7200 (4 nm),0,Mediatek,Dimensity,8.0,12.0,256.0,512.0,120.0,6.67,"AMOLED, 120Hz, 1800 nits (peak)",4800.0,80.0,50.0,16.0,2.0,Yes,964262.0,2577.0,"Android 14, OriginOS 4",Yes,"Black, Purple, Silver",0
vivo iQOO Neo9 Pro (China),Vivo,Vivo,Flagship,53200.0,380.0,2023.0,Yes,Mediatek Dimensity 9300 (4 nm),1,Mediatek,Dimensity,12.0,16.0,256.0,512.0,144.0,6.78,"LTPO AMOLED, 1B colors, 144Hz, HDR10+, 1400 nits (HBM)",5160.0,120.0,50.0,16.0,2.0,Yes,2415558.0,7538.0,"Android 14, OriginOS 4",Yes,"Black, Blue, Red",0
vivo iQOO Neo9,Vivo,Vivo,Flagship,40600.0,290.0,2023.0,Yes,Qualcomm SM8550-AB Snapdragon 8 Gen 2 (4 nm),1,Qualcomm,Snapdragon,12.0,16.0,256.0,512.0,144.0,6.78,"LTPO AMOLED, 1B colors, 144Hz, HDR10+, 1400 nits (HBM)",5160.0,120.0,50.0,16.0,2.0,Yes,1768501.0,5558.0,"Android 14, OriginOS 4",Yes,"Black, Blue, Red",0
vivo V30 Lite,Vivo,Vivo,Mid,67200.0,480.0,2023.0,Yes,Qualcomm SM6375 Snapdragon 695 5G (6 nm),0,Qualcomm,Snapdragon,8.0,12.0,256.0,256.0,120.0,6.67,"AMOLED, 120Hz, 1150 nits (peak)",4800.0,44.0,64.0,50.0,3.0,Yes,697953.0,2003.0,"Android 13, Funtouch 13",Yes,"Forest Black, Rose Gold",0
vivo Y100,Vivo,Vivo,Budget,14000.0,100.0,2023.0,Yes,Mediatek Dimensity 900 (6 nm),0,Mediatek,Dimensity,8.0,8.0,128.0,128.0,90.0,6.38,"AMOLED, 90Hz, HDR10+, 1300 nits (peak)",4500.0,44.0,64.0,16.0,3.0,Yes,671241.0,2423.0,"Android 13, Funtouch 13",No,"Metal Black, Twilight Gold, Pacific Blue",0
vivo iQOO Neo 7,Vivo,Vivo,Mid,61600.0,440.0,2023.0,Yes,Mediatek Dimensity 8200 (4 nm),0,Mediatek,Dimensity,8.0,12.0,128.0,256.0,120.0,6.78,"AMOLED, 120Hz, HDR10+, 500 nits (typ), 1000 nits (HBM), 1300 nits (peak)",5000.0,120.0,64.0,16.0,3.0,Yes,1241266.0,3891.0,"Android 13, Funtouch 13",Yes,"Interstellar Black, Frost Blue",0
vivo Y56,Vivo,Vivo,Mid,30800.0,220.0,2023.0,Yes,Mediatek Dimensity 700 (7 nm),0,Mediatek,Dimensity,4.0,8.0,128.0,128.0,60.0,6.58,IPS LCD,5000.0,18.0,50.0,16.0,2.0,No,515647.0,1767.0,"Android 13, Funtouch 13",No,"Orange Shimmer, Black Engine",0
vivo Y55s (2023),Vivo,Vivo,Mid,35000.0,250.0,2023.0,Yes,Mediatek Dimensity 700 (7 nm),0,Mediatek,Dimensity,4.0,6.0,128.0,128.0,60.0,6.58,IPS LCD,5000.0,18.0,50.0,8.0,3.0,No,515647.0,1767.0,"Android 12, Funtouch 12",Yes,"Black, Blue",0
vivo iQOO 11S,Vivo,Vivo,Flagship,70000.0,500.0,2023.0,Yes,Qualcomm SM8550-AB Snapdragon 8 Gen 2 (4 nm),1,Qualcomm,Snapdragon,12.0,16.0,256.0,512.0,144.0,6.78,"LTPO4 AMOLED, 1B colors, 144Hz, HDR10+, 1800 nits (peak)",4700.0,200.0,50.0,16.0,3.0,Yes,1768501.0,5558.0,"Android 13, OriginOS 3 (China)",Yes,"Black, Sky Blue, Legendary White (BMW M branding)",0
vivo iQOO Neo 7 Pro,Vivo,Vivo,Flagship,53200.0,380.0,2023.0,Yes,Qualcomm SM8475 Snapdragon 8+ Gen 1 (4 nm),1,Qualcomm,Snapdragon,8.0,12.0,128.0,256.0,120.0,6.78,"AMOLED, 1B colors, 120Hz, HDR10+, 1300 nits (peak)",5000.0,120.0,50.0,16.0,3.0,Yes,1920379.0,3773.0,"Android 13, Funtouch 13",No,"Fearless Flame, Dark Storm",0
vivo Y27 5G,Vivo,Vivo,Mid,35000.0,250.0,2023.0,Yes,Mediatek Dimensity 6020 (7 nm),0,Mediatek,Dimensity,4.0,8.0,128.0,256.0,60.0,6.64,"IPS LCD, 600 nits (peak)",5000.0,15.0,50.0,8.0,2.0,No,518592.0,2032.0,"Android 13, Funtouch 13",Yes,"Satin Purple, Mystic Black",0
vivo V29,Vivo,Vivo,Mid,33880.0,242.0,2023.0,Yes,Qualcomm SM7325 Snapdragon 778G 5G (6 nm),0,Qualcomm,Snapdragon,8.0,12.0,128.0,512.0,120.0,6.78,"AMOLED, 1B colors, 120Hz, HDR10+",4600.0,80.0,50.0,50.0,3.0,Yes,544639.0,2797.0,"Android 13, up to 3 major Android upgrades, Funtouch 13",Yes,"Space Black, Himalayan Blue, Purple Fairy, Majestic Red",0
vivo V29 Lite,Vivo,Vivo,Mid,50400.0,360.0,2023.0,Yes,Qualcomm SM6375 Snapdragon 695 5G (6 nm),0,Qualcomm,Snapdragon,8.0,12.0,128.0,256.0,120.0,6.78,"AMOLED, 120Hz, 1300 nits (peak)",5000.0,44.0,64.0,16.0,3.0,Yes,590710.0,2003.0,"Android 13, Funtouch 13",Yes,"Black, Gold",0
vivo X90s,Vivo,Vivo,Mid,71400.0,510.0,2023.0,Yes,Mediatek Dimensity 9200+ (4 nm),0,Mediatek,Dimensity,8.0,12.0,256.0,512.0,120.0,6.78,"AMOLED, 1B colors, 120Hz, HDR10+, 1300 nits (peak)",4810.0,120.0,50.0,32.0,3.0,Yes,1768236.0,5281.0,"Android 13, OriginOS 3",Yes,"Black, White, Red, Green",0
vivo V27 Pro,Vivo,Vivo,Mid,61600.0,440.0,2023.0,Yes,Mediatek Dimensity 8200 (4 nm),0,Mediatek,Dimensity,8.0,12.0,128.0,256.0,120.0,6.78,"AMOLED, 1B colors, 120Hz, HDR10+",4600.0,66.0,50.0,50.0,3.0,Yes,846767.0,3933.0,"Android 13, Funtouch 13",Yes,"Magic Blue, Noble Black",0
vivo V27,Vivo,Vivo,Mid,53200.0,380.0,2023.0,Yes,Mediatek Dimensity 7200 (4 nm),0,Mediatek,Dimensity,8.0,12.0,128.0,256.0,120.0,6.78,"AMOLED, 1B colors, 120Hz, HDR10+",4600.0,66.0,50.0,50.0,3.0,Yes,613641.0,2400.0,"Android 13, Funtouch 13",Yes,"Magic Blue, Noble Black, Emerald Green, Flowing Gold",0
vivo iQOO Z7i,Vivo,Vivo,Budget,18200.0,130.0,2023.0,Yes,Mediatek Dimensity 6020 (7 nm),0,Mediatek,Dimensity,4.0,8.0,128.0,128.0,60.0,6.51,IPS LCD,5000.0,15.0,13.0,5.0,2.0,No,518592.0,2032.0,"Android 13, OriginOS Ocean",No,"Black, Blue",0
vivo iQOO Z7,Vivo,Vivo,Mid,28000.0,200.0,2023.0,Yes,Mediatek Dimensity 920 (6 nm),0,Mediatek,Dimensity,6.0,8.0,128.0,128.0,90.0,6.38,"AMOLED, 90Hz, HDR10+, 1300 nits (peak)",4500.0,44.0,64.0,16.0,2.0,Yes,1023216.0,2285.0,"Android 13, upgradable to Android 14, Funtouch 14",No,"Norway Blue, Pacific Night",0
vivo iQOO Z7 (China),Vivo,Vivo,Mid,30800.0,220.0,2023.0,Yes,Qualcomm Snapdragon 782G (6 nm),0,Qualcomm,Snapdragon,8.0,12.0,128.0,256.0,120.0,6.64,"IPS LCD, 120Hz, HDR10",5000.0,120.0,64.0,16.0,2.0,Yes,806420.0,3034.0,"Android 13, OriginOS 3",Yes,"Black, Blue, Orange",0
vivo iQOO Z7x,Vivo,Vivo,Mid,25200.0,180.0,2023.0,Yes,Qualcomm SM6375 Snapdragon 695 5G (6 nm),0,Qualcomm,Snapdragon,6.0,12.0,128.0,256.0,120.0,6.64,"IPS LCD, 120Hz",6000.0,80.0,50.0,8.0,2.0,No,729289.0,2003.0,"Android 13, Funtouch 13 (Global), Origin OS 3 (China)",Yes,"Tropical Blue, Metallic Grey, Orange",0
vivo Y78 (China),Vivo,Vivo,Mid,25200.0,180.0,2023.0,Yes,Mediatek Dimensity 7020 (6 nm),0,Mediatek,Dimensity,8.0,12.0,128.0,256.0,120.0,6.64,"IPS LCD, 120Hz, HDR10",5000.0,44.0,50.0,8.0,2.0,No,630479.0,2244.0,"Android 13, OriginOS 3",No,"Black, Blue, Gold",0
vivo iQOO Z7s,Vivo,Vivo,Mid,30800.0,220.0,2023.0,Yes,Qualcomm SM6375 Snapdragon 695 5G (6 nm),0,Qualcomm,Snapdragon,6.0,8.0,128.0,128.0,90.0,6.38,"AMOLED, 90Hz, 1300 nits (peak)",4500.0,44.0,64.0,16.0,2.0,Yes,741427.0,2003.0,"Android 13, Funtouch 13",No,"Norway Blue, Pacific Night",0
vivo iQOO Neo8 Pro,Vivo,Vivo,Mid,60200.0,430.0,2023.0,Yes,Mediatek Dimensity 9200+ (4 nm),0,Mediatek,Dimensity,16.0,16.0,256.0,512.0,144.0,6.78,"AMOLED, 1B colors, 144Hz, HDR10, 1300 nits (peak)",5000.0,120.0,50.0,16.0,2.0,Yes,1920379.0,5281.0,"Android 13, Funtouch 13 or OriginOS 3 (China)",Yes,"Red, Mint, Black",0
vivo iQOO Neo8,Vivo,Vivo,Flagship,46200.0,330.0,2023.0,Yes,Qualcomm SM8475 Snapdragon 8+ Gen 1 (4 nm),1,Qualcomm,Snapdragon,12.0,16.0,256.0,512.0,144.0,6.78,"AMOLED, 1B colors, 144Hz, HDR10, 1300 nits (peak)",5000.0,120.0,50.0,16.0,2.0,Yes,1303229.0,3773.0,"Android 13, Funtouch 13 or OriginOS 3 (China)",Yes,"Red, Mint, Black",0
vivo S17e,Vivo,Vivo,Mid,39200.0,280.0,2023.0,Yes,Mediatek Dimensity 7200 (4 nm),0,Mediatek,Dimensity,8.0,12.0,128.0,256.0,120.0,6.78,"AMOLED, 1B colors, 120Hz, HDR10, 1300 nits (peak)",4600.0,66.0,64.0,16.0,2.0,Yes,964262.0,2577.0,"Android 13, OriginOS 3",Yes,"Black, Mint",0
vivo Y36 5G,Vivo,Vivo,Mid,30800.0,220.0,2023.0,Yes,Mediatek Dimensity 6020 (7 nm),0,Mediatek,Dimensity,8.0,8.0,256.0,256.0,90.0,6.64,"IPS LCD, 90Hz, 650 nits (peak)",5000.0,44.0,50.0,16.0,2.0,No,518592.0,2032.0,"Android 13, Funtouch 13",Yes,"Crystal Green, Mystic Black",0
vivo Y35+,Vivo,Vivo,Mid,33600.0,240.0,2023.0,Yes,Mediatek Dimensity 6020 (7 nm),0,Mediatek,Dimensity,6.0,8.0,128.0,256.0,60.0,6.64,"IPS LCD, 550 nits (typ)",5000.0,15.0,50.0,8.0,2.0,No,518592.0,2032.0,"Android 13, OriginOS 3",No,"Black, Blue, Violet",0
vivo Y78,Vivo,Vivo,Mid,35000.0,250.0,2023.0,Yes,Qualcomm SM6375 Snapdragon 695 5G (6 nm),0,Qualcomm,Snapdragon,8.0,8.0,256.0,256.0,120.0,6.78,"AMOLED, 120Hz, 1300 nits (peak)",5000.0,44.0,64.0,16.0,3.0,Yes,590710.0,2003.0,"Android 13, Funtouch 13",Yes,"Flare Black, Dreamy Gold",0
vivo S17 Pro,Vivo,Vivo,Mid,57400.0,410.0,2023.0,Yes,Mediatek Dimensity 8200 (4 nm),0,Mediatek,Dimensity,8.0,12.0,256.0,512.0,120.0,6.78,"AMOLED, 1B colors, 120Hz, HDR10+, 1300 nits (peak)",4600.0,80.0,50.0,50.0,2.0,Yes,1230221.5,3891.0,"Android 13, OriginOS 3",Yes,"Black, Blue, Silver",0
vivo S17,Vivo,Vivo,Mid,46200.0,330.0,2023.0,Yes,Qualcomm SM7325-AE Snapdragon 778G+ 5G (6 nm),0,Qualcomm,Snapdragon,8.0,12.0,256.0,512.0,120.0,6.78,"AMOLED, 1B colors, 120Hz, HDR10+, 1300 nits (peak)",4600.0,80.0,50.0,50.0,2.0,Yes,791030.0,2943.0,"Android 13, OriginOS 3",Yes,"Black, Blue, Pink",0
vivo S17t,Vivo,Vivo,Mid,56000.0,400.0,2023.0,Yes,Mediatek Dimensity 8050 (6 nm),0,Mediatek,Dimensity,12.0,12.0,512.0,512.0,120.0,6.78,"AMOLED, 1B colors, 120Hz, HDR10+, 1300 nits (peak)",4600.0,80.0,50.0,50.0,2.0,Yes,959217.0,3359.0,"Android 13, OriginOS 3",Yes,"Black, Blue, Pink",0
vivo iQOO 12 Pro,Vivo,Vivo,Flagship,91000.0,650.0,2023.0,Yes,Qualcomm SM8650-AB Snapdragon 8 Gen 3 (4 nm),1,Qualcomm,Snapdragon,16.0,16.0,256.0,512.0,144.0,6.78,"LTPO AMOLED, 1B colors, 144Hz, HDR10+, 1600 nits (HBM), 3000 nits (peak)",5100.0,120.0,50.0,16.0,3.0,Yes,2433337.0,6753.0,"Android 14, up to 2 major Android upgrades, Funtouch 14 (International), OriginOS 4 (China)",Yes,"Black, Red, White (BMW M branding)",0
vivo iQOO 12,Vivo,Vivo,Flagship,89600.0,640.0,2023.0,Yes,Qualcomm SM8650-AB Snapdragon 8 Gen 3 (4 nm),1,Qualcomm,Snapdragon,12.0,16.0,256.0,512.0,144.0,6.78,"LTPO AMOLED, 1B colors, 144Hz, HDR10+, 1400 nits (HBM), 3000 nits (peak)",5000.0,120.0,50.0,16.0,3.0,Yes,1574344.0,5857.0,"Android 14, upgradable to Android 15, up to 4 major Android upgrades, Funtouch 15 (International), OriginOS 4 (China)",Yes,"Black, Red, White (BMW M branding)",0
vivo X100 Pro,Vivo,Vivo,Flagship,126000.0,900.0,2023.0,Yes,Mediatek Dimensity 9300 (4 nm),1,Mediatek,Dimensity,12.0,16.0,256.0,512.0,120.0,6.78,"LTPO AMOLED, 1B colors, 120Hz, HDR10+, 3000 nits (peak)",5400.0,100.0,50.0,32.0,3.0,Yes,2104997.0,7343.0,"Android 14, upgradable to Android 15, Funtouch 15 (International), OriginOS 4 (China)",Yes,"Startrail Blue, Asteroid Black, Sunset Orange, White",0
vivo X100,Vivo,Vivo,Flagship,280000.0,2000.0,2023.0,Yes,Mediatek Dimensity 9300 (4 nm),1,Mediatek,Dimensity,12.0,16.0,256.0,512.0,120.0,6.78,"LTPO AMOLED, 1B colors, 120Hz, 3000 nits (peak)",5000.0,120.0,50.0,32.0,3.0,Yes,2415558.0,7538.0,"Android 14, Funtouch 14 (International), OriginOS 4 (China)",Yes,"Startrail Blue, Asteroid Black, White, Orange",0
vivo Y100i,Vivo,Vivo,Mid,29400.0,210.0,2023.0,Yes,Mediatek Dimensity 6020 (7 nm),0,Mediatek,Dimensity,8.0,12.0,128.0,512.0,60.0,6.64,IPS LCD,5000.0,44.0,50.0,8.0,2.0,No,518592.0,2032.0,"Android 13, OriginOS 3",No,"Black, Blue, Pink",1
vivo Y200,Vivo,Vivo,Flagship,28000.0,200.0,2023.0,Yes,Qualcomm SM4375 Snapdragon 4 Gen 1 (6 nm),1,Qualcomm,Snapdragon,8.0,8.0,128.0,256.0,120.0,6.67,"AMOLED, 120Hz, 800 nits (peak)",4800.0,44.0,64.0,16.0,2.0,No,448509.0,2048.0,"Android 13, Funtouch 13",No,"Titanium Silver, Emerald Green, Purple, Black",0
vivo V29 Pro,Vivo,Vivo,Mid,64400.0,460.0,2023.0,Yes,Mediatek Dimensity 8200 (4 nm),0,Mediatek,Dimensity,8.0,12.0,256.0,256.0,120.0,6.78,"AMOLED, 120Hz",4600.0,80.0,50.0,50.0,2.0,Yes,682257.0,3999.0,"Android 13, up to 3 major Android upgrades, Funtouch 13",No,"Himalayan Blue, Space Black, Pink",0
vivo Y78t,Vivo,Vivo,Mid,28000.0,200.0,2023.0,Yes,Qualcomm SM6450 Snapdragon 6 Gen 1 (4 nm),0,Qualcomm,Snapdragon,8.0,12.0,128.0,256.0,120.0,6.64,"IPS LCD, 120Hz",6000.0,44.0,50.0,8.0,2.0,No,732630.0,2719.0,"Android 13, OriginOS 3",No,"Black, Blue, Silver",0
vivo V29e,Vivo,Vivo,Mid,44800.0,320.0,2023.0,Yes,Qualcomm SM6375 Snapdragon 695 5G (6 nm),0,Qualcomm,Snapdragon,8.0,12.0,256.0,256.0,120.0,6.67,"AMOLED, 120Hz, 1150 nits (peak)",4800.0,44.0,64.0,50.0,2.0,Yes,795977.0,2003.0,"Android 13, Funtouch 13",No,"Forest Black, Rose Gold, Ice Creek Blue",0
vivo Y200 (India),Vivo,Vivo,Flagship,35000.0,250.0,2023.0,Yes,Qualcomm SM4375 Snapdragon 4 Gen 1 (6 nm),1,Qualcomm,Snapdragon,8.0,8.0,128.0,256.0,120.0,6.67,"AMOLED, 120Hz, 800 nits (peak)",4800.0,44.0,64.0,16.0,2.0,Yes,462755.0,2048.0,"Android 13, Funtouch 13",No,"Jungle Green, Desert Gold",0
vivo Y100 (China),Vivo,Vivo,Mid,25200.0,180.0,2023.0,Yes,Qualcomm SM6375 Snapdragon 695 5G (6 nm),0,Qualcomm,Snapdragon,8.0,12.0,128.0,512.0,120.0,6.78,"AMOLED, 120Hz, 1300 nits (peak)",5000.0,44.0,64.0,8.0,2.0,Yes,590710.0,2003.0,"Android 13, OriginOS 3",No,"Blue, Green, Black",0
vivo T2 Pro,Vivo,Vivo,Mid,35000.0,250.0,2023.0,Yes,Mediatek Dimensity 7200 (4 nm),0,Mediatek,Dimensity,8.0,8.0,128.0,256.0,120.0,6.78,"AMOLED, 1B colors, 120Hz, HDR10+, 1300 nits (peak)",4600.0,66.0,64.0,16.0,2.0,Yes,1014174.0,2577.0,"Android 13, Funtouch 13",No,"Moon Black, Dune Gold",0
vivo T3x,Vivo,Vivo,Budget,21000.0,150.0,2024.0,Yes,Qualcomm SM6450 Snapdragon 6 Gen 1 (4 nm),0,Qualcomm,Snapdragon,4.0,8.0,128.0,256.0,120.0,6.72,"IPS LCD, 120Hz, 1000 nits (peak)",6000.0,44.0,50.0,8.0,2.0,No,733620.0,2719.0,"Android 14, Funtouch 14",No,"Crimson Bliss, Celestial Green",0
vivo Y200i,Vivo,Vivo,Flagship,25200.0,180.0,2024.0,Yes,Qualcomm SM4450 Snapdragon 4 Gen 2 (4 nm),1,Qualcomm,Snapdragon,8.0,12.0,256.0,512.0,120.0,6.72,"IPS LCD, 120Hz, 1000 nits (peak)",6000.0,44.0,50.0,8.0,2.0,No,448509.0,2249.0,"Android 14, OriginOS 4",No,"Black, Blue, White",0
vivo iQOO Z9 Turbo,Vivo,Vivo,Flagship,36400.0,260.0,2024.0,Yes,Qualcomm SM8635 Snapdragon 8s Gen 3 (4 nm),1,Qualcomm,Snapdragon,12.0,16.0,256.0,512.0,144.0,6.78,"AMOLED, 1B colors, 144Hz, HDR, 4500 nits (peak)",6000.0,80.0,50.0,16.0,2.0,Yes,1809455.0,5143.0,"Android 14, OriginOS 4",Yes,"Black, Mint, White",0
vivo iQOO Z9x,Vivo,Vivo,Budget,22400.0,160.0,2024.0,Yes,Qualcomm SM6450 Snapdragon 6 Gen 1 (4 nm),0,Qualcomm,Snapdragon,4.0,12.0,128.0,256.0,120.0,6.72,"IPS LCD, 120Hz, 1000 nits (peak)",6000.0,44.0,50.0,8.0,2.0,No,729289.0,2719.0,"Android 14, Funtouch OS 14 (International), OriginOS (China)",Yes,"Tornado Green (Northern Green), Storm Grey (Mystic Black), White",0
vivo iQOO Z9 (China),Vivo,Vivo,Mid,26600.0,190.0,2024.0,Yes,Qualcomm SM7550-AB Snapdragon 7 Gen 3 (4 nm),0,Qualcomm,Snapdragon,8.0,12.0,128.0,512.0,144.0,6.78,"AMOLED, 1B colors, 144Hz, HDR, 4500 nits (peak)",6000.0,80.0,50.0,16.0,2.0,No,1015317.5,2967.0,"Android 14, OriginOS 4",Yes,"Black, White, Green",0
vivo V40 Pro,Vivo,Vivo,Flagship,84000.0,600.0,2024.0,Yes,Mediatek Dimensity 9200+ (4 nm),0,Mediatek,Dimensity,8.0,12.0,256.0,512.0,120.0,6.78,"AMOLED, 1B colors, HDR10+, 120Hz, 2160Hz PWM, 4500 nits (peak)",5500.0,80.0,50.0,50.0,3.0,Yes,1504798.0,5149.0,"Android 14, Funtouch 14",Yes,"Ganges Blue, Titanium Gray, Moonlight White",1
vivo iQOO Z9s Pro,Vivo,Vivo,Mid,37800.0,270.0,2024.0,Yes,Qualcomm SM7550-AB Snapdragon 7 Gen 3 (4 nm),0,Qualcomm,Snapdragon,8.0,12.0,128.0,256.0,120.0,6.77,"AMOLED, 1B colors, 120Hz, HDR10+, 4500 nits (peak)",5500.0,80.0,50.0,16.0,2.0,Yes,1009695.0,2967.0,"Android 14, up to 2 major Android upgrades, Funtouch 14",No,"Flamboyant Orange, Luxe Marble",0
vivo iQOO Z9s,Vivo,Vivo,Mid,30800.0,220.0,2024.0,Yes,Mediatek Dimensity 7300 (4 nm),0,Mediatek,Dimensity,8.0,12.0,128.0,256.0,120.0,6.77,"AMOLED, 1B colors, 120Hz, HDR10+, 1800 nits (peak)",5500.0,44.0,50.0,16.0,2.0,Yes,741427.0,2936.0,"Android 14, up to 2 major Android upgrades, Funtouch 14",No,"Titanium Matte, Onyx Green",0
vivo T3 Pro,Vivo,Vivo,Mid,37800.0,270.0,2024.0,Yes,Qualcomm SM7550-AB Snapdragon 7 Gen 3 (4 nm),0,Qualcomm,Snapdragon,8.0,8.0,128.0,256.0,120.0,6.77,"AMOLED, 1B colors, 120Hz, 4500 nits (peak)",5500.0,80.0,50.0,16.0,2.0,Yes,1014174.0,2967.0,"Android 14, up to 2 major Android upgrades, Funtouch 14",No,"Sandstone Orange, Emerald Green",0
vivo Y37 Pro,Vivo,Vivo,Flagship,32200.0,230.0,2024.0,Yes,Qualcomm SM4450 Snapdragon 4 Gen 2 (4 nm),1,Qualcomm,Snapdragon,8.0,8.0,256.0,256.0,120.0,6.68,"IPS LCD, 120Hz, 1000 nits (HBM)",6000.0,44.0,50.0,5.0,2.0,No,568823.5,2249.0,"Android 14, OriginOS 4",No,"Dark Gray, Green, Apricot",0
vivo Y300 (China),Vivo,Vivo,Mid,36400.0,260.0,2024.0,Yes,Mediatek Dimensity 6300 (6 nm),0,Mediatek,Dimensity,8.0,12.0,128.0,512.0,120.0,6.77,"AMOLED, 120Hz, 1300 nits (HBM), 1800 nits (peak)",6500.0,44.0,50.0,8.0,2.0,No,551891.0,1980.0,"Android 15, OriginOS 5",No,"Black, White, Green",0
vivo Y29,Vivo,Vivo,Budget,22400.0,160.0,2024.0,Yes,Mediatek Dimensity 6300 (6 nm),0,Mediatek,Dimensity,4.0,8.0,128.0,256.0,120.0,6.68,"IPS LCD, 120Hz, 1000 nits (HBM)",5500.0,44.0,50.0,8.0,1.0,No,533575.0,1980.0,"Android 14, Funtouch 14",No,"Glacier Blue, Titanium Gold, Diamond Black",0
vivo V30,Vivo,Vivo,Flagship,96600.0,690.0,2024.0,Yes,Qualcomm SM7550-AB Snapdragon 7 Gen 3 (4 nm),0,Qualcomm,Snapdragon,8.0,12.0,128.0,512.0,120.0,6.78,"AMOLED, 1B colors, HDR10+, 120Hz, 1200 nits (HBM), 2800 nits (peak)",5000.0,80.0,50.0,50.0,3.0,Yes,655526.0,2848.0,"Android 14, up to 2 major Android upgrades, Funtouch 14",Yes,"Bloom White, Waving Aqua, Lush Green, Noble Black",0
vivo iQOO Neo9 Pro,Vivo,Vivo,Flagship,36400.0,260.0,2024.0,Yes,Qualcomm SM8550-AB Snapdragon 8 Gen 2 (4 nm),1,Qualcomm,Snapdragon,8.0,12.0,128.0,256.0,144.0,6.78,"LTPO AMOLED, 1B colors, 144Hz, HDR10+, 1400 nits (HBM), 3000 nits (peak)",5160.0,120.0,50.0,16.0,2.0,Yes,1920379.0,5558.0,"Android 14, Funtouch 14",Yes,"Fiery Red, Conqueror Black",0
vivo Y200e,Vivo,Vivo,Flagship,30800.0,220.0,2024.0,Yes,Qualcomm SM4450 Snapdragon 4 Gen 2 (4 nm),1,Qualcomm,Snapdragon,6.0,8.0,128.0,128.0,120.0,6.67,"AMOLED, 120Hz, 1800 nits (peak)",5000.0,44.0,50.0,16.0,2.0,No,448509.0,2249.0,"Android 14, Funtouch 14",No,"Black Diamond, Saffron Delight",0
vivo Y100t,Vivo,Vivo,Mid,28000.0,200.0,2024.0,Yes,Mediatek Dimensity 8200 (4 nm),0,Mediatek,Dimensity,8.0,12.0,256.0,512.0,120.0,6.64,"IPS LCD, 120Hz",5000.0,120.0,64.0,16.0,2.0,Yes,1230221.5,3891.0,"Android 13, OriginOS 3",Yes,"Black, Blue, Silver",0
vivo V30 Lite (ME),Vivo,Vivo,Flagship,39200.0,280.0,2024.0,Yes,Qualcomm SM4450 Snapdragon 4 Gen 2 (4 nm),1,Qualcomm,Snapdragon,12.0,12.0,256.0,256.0,120.0,6.67,"AMOLED, 1B colors, 120Hz, 1800 nits (peak)",5000.0,80.0,50.0,8.0,2.0,No,568823.5,2249.0,"Android 14, Funtouch 14",Yes,"Leather Purple, Leather Orange, Crystal Black",0
vivo V30 Pro,Vivo,Vivo,Mid,63000.0,450.0,2024.0,Yes,Mediatek Dimensity 8200 (4 nm),0,Mediatek,Dimensity,8.0,12.0,256.0,512.0,120.0,6.78,"AMOLED, 1B colors, HDR10+, 120Hz, 2800 nits (peak)",5000.0,80.0,50.0,50.0,3.0,Yes,841083.0,3982.0,"Android 14, up to 2 major Android upgrades, Funtouch 14",Yes,"Bloom White, Waving Aqua, Lush Green, Noble Black",0
vivo Y28,Vivo,Vivo,Budget,17980.36697247707,128.4311926605505,2024.0,Yes,Mediatek Dimensity 6020 (7 nm),0,Mediatek,Dimensity,4.0,8.0,128.0,128.0,90.0,6.56,"IPS LCD, 90Hz, 840 nits (HBM)",5000.0,15.0,50.0,8.0,2.0,No,518592.0,2032.0,"Android 13, Funtouch 13",No,"Crystal Purple, Glitter Aqua",0
vivo G2,Vivo,Vivo,Budget,22400.0,160.0,2024.0,Yes,Mediatek Dimensity 6020 (7 nm),0,Mediatek,Dimensity,4.0,8.0,128.0,256.0,90.0,6.56,"IPS LCD, 90Hz, 840 nits (HBM)",5000.0,15.0,13.0,5.0,1.0,No,518592.0,2032.0,"Android 13, OriginOS 3",No,Black,0
vivo Y100 (IDN),Vivo,Vivo,Flagship,30800.0,220.0,2024.0,Yes,Qualcomm SM4450 Snapdragon 4 Gen 2 (4 nm),1,Qualcomm,Snapdragon,8.0,8.0,128.0,256.0,120.0,6.67,"AMOLED, 1B colors, 120Hz, 1200 nits (peak)",5000.0,80.0,50.0,8.0,2.0,No,568823.5,2249.0,"Android 14, Funtouch 14",Yes,"Purple Orchid, Black Onyx",0
vivo iQOO Neo9S Pro+,Vivo,Vivo,Flagship,53200.0,380.0,2024.0,Yes,Qualcomm SM8650-AB Snapdragon 8 Gen 3 (4 nm),1,Qualcomm,Snapdragon,12.0,16.0,256.0,512.0,144.0,6.78,"LTPO AMOLED, 1B colors, 144Hz, HDR10+, 1400 nits (HBM)",5500.0,120.0,50.0,16.0,2.0,Yes,2359464.0,6753.0,"Android 14, upgradable to Android 16, OriginOS 6",Yes,"Blue/White, Black, White",0
vivo V40 Lite,Vivo,Vivo,Mid,39785.200000000004,284.18,2024.0,Yes,Qualcomm SM6450 Snapdragon 6 Gen 1 (4 nm),0,Qualcomm,Snapdragon,8.0,8.0,128.0,256.0,120.0,6.78,"AMOLED, 1B colors, 120Hz, 1300 nits (peak)",5500.0,44.0,50.0,32.0,3.0,No,697953.0,2719.0,"Android 14, Funtouch 14",Yes,"Classy Brown, Dreamy White",0
vivo Y37,Vivo,Vivo,Budget,21000.0,150.0,2024.0,Yes,Mediatek Dimensity 6300 (6 nm),0,Mediatek,Dimensity,4.0,12.0,64.0,256.0,90.0,6.56,"IPS LCD, 90Hz, 840 nits (HBM)",5000.0,15.0,13.0,5.0,1.0,No,551891.0,1980.0,"Android 14, Funtouch OS 14 (International), OriginOS 4 (China)",No,"Black, Purple, Ocean Blue, Vintage Red, Breeze Green",0
vivo iQOO Z9 Lite,Vivo,Vivo,Budget,18200.0,130.0,2024.0,Yes,Mediatek Dimensity 6300 (6 nm),0,Mediatek,Dimensity,4.0,6.0,128.0,128.0,90.0,6.56,"IPS LCD, 90Hz, 840 nits (HBM)",5000.0,15.0,50.0,8.0,2.0,No,501473.0,1980.0,"Android 14, Funtouch 14",No,"Mocha Brown, Aqua Flow",0
vivo V40,Vivo,Vivo,Mid,56000.0,400.0,2024.0,Yes,Qualcomm SM7550-AB Snapdragon 7 Gen 3 (4 nm),0,Qualcomm,Snapdragon,8.0,12.0,128.0,512.0,120.0,6.78,"AMOLED, HDR10+, 120Hz, 2160Hz PWM, 4500 nits (peak)",5500.0,80.0,50.0,50.0,2.0,Yes,658597.0,2891.0,"Android 14, Funtouch 14",Yes,"Stellar Silver (Titanium Grey), Nebula Purple (Lotus Purple), Ganges Blue, Moonlight White, Sunglow Peach",0
vivo Y58,Vivo,Vivo,Flagship,30800.0,220.0,2024.0,Yes,Qualcomm SM4450 Snapdragon 4 Gen 2 (4 nm),1,Qualcomm,Snapdragon,8.0,8.0,128.0,128.0,120.0,6.72,"IPS LCD, 120Hz, 1024 nits (HBM)",6000.0,44.0,50.0,8.0,2.0,No,568823.5,2249.0,"Android 14, Funtouch 14",No,"Himalayan Blue, Sundarbans Green",0
vivo Y28s,Vivo,Vivo,Budget,12844.036697247706,91.74311926605505,2024.0,Yes,Mediatek Dimensity 6300 (6 nm),0,Mediatek,Dimensity,4.0,8.0,128.0,256.0,90.0,6.56,"IPS LCD, 90Hz, 840 nits (HBM)",5000.0,15.0,50.0,8.0,2.0,No,551891.0,1980.0,"Android 14, Funtouch 14",Yes,"Mocha Brown, Twinkling Purple",0
vivo T3 Lite,Vivo,Vivo,Budget,16800.0,120.0,2024.0,Yes,Mediatek Dimensity 6300 (6 nm),0,Mediatek,Dimensity,4.0,6.0,128.0,128.0,90.0,6.56,"IPS LCD, 90Hz, 840 nits (HBM)",5000.0,15.0,50.0,8.0,2.0,No,551891.0,1980.0,"Android 14, Funtouch 14",No,"Vibrant Green, Majestic Black",0
vivo iQOO Z9,Vivo,Vivo,Mid,30800.0,220.0,2024.0,Yes,Mediatek Dimensity 7200 (4 nm),0,Mediatek,Dimensity,8.0,8.0,128.0,256.0,120.0,6.67,"AMOLED, 120Hz, HDR, 1800 nits (peak)",5000.0,44.0,50.0,16.0,2.0,Yes,1023216.0,2577.0,"Android 14, Funtouch 14",No,"Brushed Green, Graphene Blue",0
vivo T3,Vivo,Vivo,Mid,30800.0,220.0,2024.0,Yes,Mediatek Dimensity 7200 (4 nm),0,Mediatek,Dimensity,8.0,8.0,128.0,256.0,120.0,6.67,"AMOLED, 120Hz, 1800 nits (peak)",5000.0,44.0,50.0,16.0,2.0,Yes,954273.0,2577.0,"Android 14, Funtouch 14",No,"Cosmic Blue, Cystal Flake",0
vivo X Fold3 Pro,Vivo,Vivo,Flagship,280000.0,2000.0,2024.0,Yes,Qualcomm SM8650-AB Snapdragon 8 Gen 3 (4 nm),1,Qualcomm,Snapdragon,12.0,16.0,256.0,512.0,120.0,8.03,"Foldable LTPO AMOLED, 1B colors, 120Hz, HDR10+, Dolby Vision, 4500 nits (peak)",5700.0,100.0,50.0,32.0,3.0,Yes,2066322.0,6791.0,"Android 14, upgradable to Android 15, Funtouch 15 (International), OriginOS 4 (China)",Yes,"Celestial Black, White, Lunar White",0
vivo X Fold3,Vivo,Vivo,Flagship,126000.0,900.0,2024.0,Yes,Qualcomm SM8550-AB Snapdragon 8 Gen 2 (4 nm),1,Qualcomm,Snapdragon,12.0,16.0,256.0,512.0,120.0,8.03,"Foldable LTPO AMOLED, 1B colors, 120Hz, HDR10+, Dolby Vision, 4500 nits (peak)",5500.0,80.0,50.0,32.0,3.0,Yes,1768501.0,5558.0,"Android 14, OriginOS 4",Yes,"Black, White",0
vivo V40 SE,Vivo,Vivo,Flagship,50400.0,360.0,2024.0,Yes,Qualcomm SM4450 Snapdragon 4 Gen 2 (4 nm),1,Qualcomm,Snapdragon,8.0,8.0,256.0,256.0,120.0,6.67,"AMOLED, 120Hz, 1200 nits (HBM), 1800 nits (peak)",5000.0,44.0,50.0,16.0,3.0,No,569252.0,2249.0,"Android 14, Funtouch 14",Yes,"Crystal Black, Leather Purple",0
vivo V30 SE,Vivo,Vivo,Flagship,35000.0,250.0,2024.0,Yes,Qualcomm SM4450 Snapdragon 4 Gen 2 (4 nm),1,Qualcomm,Snapdragon,8.0,8.0,256.0,256.0,120.0,6.67,"AMOLED, 120Hz, 1200 nits (HBM), 1800 nits (peak)",5000.0,44.0,50.0,16.0,3.0,No,569252.0,2249.0,"Android 14, Funtouch 14",No,"Crystal Black, Leather Purple",0
vivo V30e,Vivo,Vivo,Mid,43400.0,310.0,2024.0,Yes,Qualcomm SM6450 Snapdragon 6 Gen 1 (4 nm),0,Qualcomm,Snapdragon,8.0,12.0,128.0,256.0,120.0,6.78,"AMOLED, 1B colors, 120Hz, 1300 nits (peak)",5500.0,44.0,50.0,50.0,2.0,Yes,1026500.0,2719.0,"Android 14, Funtouch 14",Yes,"Velvet Red (Coco Brown), Silk Blue, Sky Mirror",0
vivo Y38,Vivo,Vivo,Flagship,36400.0,260.0,2024.0,Yes,Qualcomm SM4450 Snapdragon 4 Gen 2 (4 nm),1,Qualcomm,Snapdragon,8.0,8.0,256.0,256.0,120.0,6.68,"IPS LCD, 120Hz, 1000 nits (peak)",6000.0,44.0,50.0,8.0,2.0,No,568823.5,2249.0,"Android 14, Funtouch 14",Yes,"Ocean Blue, Dark Green",0
vivo X100 Ultra,Vivo,Vivo,Flagship,85400.0,610.0,2024.0,Yes,Qualcomm SM8650-AB Snapdragon 8 Gen 3 (4 nm),1,Qualcomm,Snapdragon,12.0,16.0,256.0,512.0,120.0,6.78,"LTPO AMOLED, 1B colors, 120Hz, Dolby Vision, HDR, 3000 nits (peak)",5500.0,80.0,50.0,50.0,3.0,Yes,2152790.0,6311.0,"Android 14, upgradable to Android 15, OriginOS 5",Yes,"Titanium, White, Grey",0
vivo X100s Pro,Vivo,Vivo,Flagship,89600.0,640.0,2024.0,Yes,Mediatek Dimensity 9300+ (4 nm),1,Mediatek,Dimensity,12.0,16.0,256.0,512.0,120.0,6.78,"LTPO AMOLED, 1B colors, 120Hz, 3000 nits (peak)",5400.0,100.0,50.0,32.0,3.0,Yes,2432004.0,7538.0,"Android 14, OriginOS 4",Yes,"Titanium, White, Grey",0
vivo X100s,Vivo,Vivo,Flagship,72800.0,520.0,2024.0,Yes,Mediatek Dimensity 9300+ (4 nm),1,Mediatek,Dimensity,12.0,16.0,256.0,512.0,120.0,6.78,"LTPO AMOLED, 1B colors, 120Hz, 3000 nits (peak)",5100.0,100.0,50.0,32.0,3.0,Yes,2233931.0,7538.0,"Android 14, OriginOS 4",Yes,"Titanium, White, Grey, Green",0
vivo iQOO Neo9S Pro,Vivo,Vivo,Flagship,47600.0,340.0,2024.0,Yes,Mediatek Dimensity 9300+ (4 nm),1,Mediatek,Dimensity,12.0,16.0,256.0,512.0,144.0,6.78,"LTPO AMOLED, 1B colors, 144Hz, HDR10+, 1400 nits (HBM)",5160.0,120.0,50.0,16.0,2.0,Yes,2415558.0,7538.0,"Android 14, OriginOS 4",Yes,"Black, White, Red",0
vivo Y200 GT,Vivo,Vivo,Mid,32200.0,230.0,2024.0,Yes,Qualcomm SM7550-AB Snapdragon 7 Gen 3 (4 nm),0,Qualcomm,Snapdragon,8.0,12.0,128.0,512.0,144.0,6.78,"AMOLED, 1B colors, 144Hz, HDR, 4500 nits (peak)",6000.0,80.0,50.0,16.0,2.0,No,2067824.0,2967.0,"Android 14, OriginOS 4",Yes,"Black, Blue",0
vivo Y200 (China),Vivo,Vivo,Mid,28000.0,200.0,2024.0,Yes,Qualcomm SM6450 Snapdragon 6 Gen 1 (4 nm),0,Qualcomm,Snapdragon,8.0,12.0,128.0,512.0,120.0,6.78,"AMOLED, 1B colors, 120Hz, 1300 nits (peak)",6000.0,80.0,50.0,8.0,2.0,No,732630.0,2719.0,"Android 14, OriginOS 4",No,"Black, Silver, Orange",0
vivo Y200t,Vivo,Vivo,Budget,19600.0,140.0,2024.0,Yes,Qualcomm SM6450 Snapdragon 6 Gen 1 (4 nm),0,Qualcomm,Snapdragon,8.0,12.0,128.0,512.0,120.0,6.72,"IPS LCD, 120Hz, 1000 nits (peak)",6000.0,44.0,50.0,8.0,2.0,No,448509.0,2719.0,"Android 14, OriginOS 4",No,"Dark Green, Blue",0
vivo Y200 Pro,Vivo,Vivo,Mid,39200.0,280.0,2024.0,Yes,Qualcomm SM6375 Snapdragon 695 5G (6 nm),0,Qualcomm,Snapdragon,8.0,8.0,128.0,128.0,120.0,6.78,"AMOLED, 120Hz, 1300 nits (peak)",5000.0,44.0,64.0,16.0,2.0,Yes,561575.0,2003.0,"Android 14, Funtouch 14",No,"Silk black, Silk green",0
vivo S19 Pro,Vivo,Vivo,Mid,58800.0,420.0,2024.0,Yes,Mediatek Dimensity 9200+ (4 nm),0,Mediatek,Dimensity,8.0,16.0,256.0,512.0,120.0,6.78,"AMOLED, 1B colors, 120Hz, 4500 nits (peak)",5500.0,80.0,50.0,50.0,3.0,Yes,1768236.0,5281.0,"Android 14, OriginOS 4",Yes,"Gray, Green, Light Blue",0
vivo S19,Vivo,Vivo,Mid,44800.0,320.0,2024.0,Yes,Qualcomm SM7550-AB Snapdragon 7 Gen 3 (4 nm),0,Qualcomm,Snapdragon,8.0,16.0,256.0,512.0,120.0,6.78,"AMOLED, 1B colors, 120Hz, 4500 nits (peak)",6000.0,80.0,50.0,50.0,2.0,Yes,1015317.5,2967.0,"Android 14, OriginOS 4",Yes,"Gray, Peach, Light Blue",0
vivo Y200 (Asia),Vivo,Vivo,Flagship,39200.0,280.0,2024.0,Yes,Qualcomm SM4450 Snapdragon 4 Gen 2 (4 nm),1,Qualcomm,Snapdragon,8.0,12.0,256.0,512.0,120.0,6.67,"AMOLED, 1B colors, 120Hz, 1200 nits (HBM), 1800 nits (peak)",5000.0,80.0,50.0,32.0,2.0,No,568823.5,2249.0,"Android 14, Funtouch 14",No,"Dynamic Black (Imperial Black), Titanium Silver, Dreamy Violet",0
vivo Y300,Vivo,Vivo,Flagship,30824.40366972477,220.1743119266055,2024.0,Yes,Qualcomm SM4450 Snapdragon 4 Gen 2 (4 nm),1,Qualcomm,Snapdragon,8.0,8.0,128.0,256.0,120.0,6.67,"AMOLED, 1B colors, 120Hz, 1200 nits (HBM), 1800 nits (peak)",5000.0,80.0,50.0,32.0,2.0,No,568823.5,2249.0,"Android 14, Funtouch 14",No,"Titanium Silver, Carbon Black, Emerald Green",0
vivo S20 Pro,Vivo,Vivo,Flagship,63000.0,450.0,2024.0,Yes,Mediatek Dimensity 9300+ (4 nm),1,Mediatek,Dimensity,12.0,16.0,256.0,512.0,120.0,6.67,"AMOLED, 1B colors, 120Hz, 1600 nits (HBM), 5000 nits (peak)",5500.0,90.0,50.0,50.0,3.0,Yes,2415558.0,7538.0,"Android 15, OriginOS 5",Yes,"Gray, Purple, Gold",0
vivo S20,Vivo,Vivo,Mid,42000.0,300.0,2024.0,Yes,Qualcomm SM7550-AB Snapdragon 7 Gen 3 (4 nm),0,Qualcomm,Snapdragon,8.0,16.0,256.0,512.0,120.0,6.67,"AMOLED, 1B colors, 120Hz, 1300 nits (HBM), 5000 nits (peak)",6500.0,90.0,50.0,50.0,2.0,Yes,1015317.5,2967.0,"Android 15, OriginOS 5",Yes,"Gray, Gold, White",0
vivo iQOO Neo10 Pro (China),Vivo,Vivo,Flagship,58800.0,420.0,2024.0,Yes,Mediatek Dimensity 9400 (3 nm),1,Mediatek,Dimensity,12.0,16.0,256.0,512.0,144.0,6.78,"LTPO AMOLED, 1B colors, 144Hz, HDR10+, 1800 nits (HBM), 4500 nits (peak)",6100.0,120.0,50.0,16.0,2.0,Yes,2825187.0,8810.0,"Android 15, OriginOS 5",Yes,"Black, White, Orange",0
vivo iQOO Neo10 (China),Vivo,Vivo,Flagship,42000.0,300.0,2024.0,Yes,Qualcomm SM8650-AB Snapdragon 8 Gen 3 (4 nm),1,Qualcomm,Snapdragon,12.0,16.0,256.0,512.0,144.0,6.78,"LTPO AMOLED, 1B colors, 144Hz, HDR10+, 1800 nits (HBM), 4500 nits (peak)",6100.0,120.0,50.0,16.0,2.0,Yes,2359464.0,6753.0,"Android 15, OriginOS 5",Yes,"Black, White, Orange",0
vivo X200 Pro mini,Vivo,Vivo,Flagship,85400.0,610.0,2024.0,Yes,Mediatek Dimensity 9400 (3 nm),1,Mediatek,Dimensity,12.0,16.0,256.0,512.0,120.0,6.31,"LTPO AMOLED, 1B colors, 120Hz, 2160Hz PWM, HDR10+, 4500 nits (peak)",5700.0,90.0,50.0,32.0,3.0,Yes,2770807.0,8810.0,"Android 15, OriginOS 5 (China)",Yes,"Black, White, Green, Pink",0
vivo X200 Pro,Vivo,Vivo,Flagship,86800.0,620.0,2024.0,Yes,Mediatek Dimensity 9400 (3 nm),1,Mediatek,Dimensity,12.0,16.0,256.0,512.0,120.0,6.78,"LTPO AMOLED, 1B colors, 120Hz, 2160Hz PWM, HDR10+, Dolby Vision, 4500 nits (peak)",6000.0,90.0,50.0,32.0,3.0,Yes,2609095.0,8152.0,"Android 15, up to 4 major Android upgrades, Funtouch 15 (International), OriginOS 5 (China)",Yes,"Cosmos Black, Titanium Grey, Blue, White",0
vivo X200,Vivo,Vivo,Flagship,68600.0,490.0,2024.0,Yes,Mediatek Dimensity 9400 (3 nm),1,Mediatek,Dimensity,12.0,16.0,256.0,512.0,120.0,6.67,"AMOLED, 1B colors, 120Hz, 2160Hz PWM, HDR10+, 4500 nits (peak)",5800.0,90.0,50.0,32.0,3.0,Yes,2632874.0,8014.0,"Android 15, up to 4 major Android upgrades, Funtouch 15 (International), OriginOS 5 (China)",Yes,"Natural Green (Aurora Green), Cosmos Black, Blue, White, Titanium",0
vivo Y300 Plus,Vivo,Vivo,Mid,36400.0,260.0,2024.0,Yes,Qualcomm SM6375 Snapdragon 695 5G (6 nm),0,Qualcomm,Snapdragon,8.0,8.0,128.0,128.0,120.0,6.78,"AMOLED, 120Hz, 1300 nits (peak)",5000.0,44.0,50.0,32.0,2.0,No,590710.0,2003.0,"Android 14, Funtouch 14",No,"Silk black, Silk green",0
vivo iQOO 13,Vivo,Vivo,Flagship,82600.0,590.0,2024.0,Yes,Qualcomm SM8750-AB Snapdragon 8 Elite (3 nm),1,Qualcomm,Snapdragon,12.0,16.0,256.0,512.0,144.0,6.82,"LTPO AMOLED, 1B colors, 144Hz, 2592Hz PWM, HDR10+, 800 nits (typ), 1800 nits (HBM), 4500 nits (peak)",6150.0,120.0,50.0,32.0,3.0,Yes,2791585.0,9522.0,"Android 15, up to 4 major Android upgrades, Funtouch 15 (International), OriginOS 5 (China)",Yes,"Alpha (Black), Nardo Gray (Silver), White (BMW M branding), Ace Green",0
vivo Y300 Pro,Vivo,Vivo,Mid,32200.0,230.0,2024.0,Yes,Qualcomm SM6450 Snapdragon 6 Gen 1 (4 nm),0,Qualcomm,Snapdragon,8.0,12.0,128.0,512.0,120.0,6.77,"AMOLED, 1B colors, 120Hz, 5000 nits (peak)",6500.0,80.0,50.0,32.0,2.0,No,3583003.0,2719.0,"Android 14, OriginOS 4",No,"Black, Ocean Blue, Titanium, White",0
vivo T3 Ultra,Vivo,Vivo,Mid,49000.0,350.0,2024.0,Yes,Mediatek Dimensity 9200+ (4 nm),0,Mediatek,Dimensity,8.0,12.0,128.0,256.0,120.0,6.78,"AMOLED, 1B colors, HDR10+, 120Hz, 4500 nits (peak)",5500.0,80.0,50.0,50.0,2.0,Yes,1913837.0,5281.0,"Android 14, Funtouch 14",No,"Lunar Gray, Frost Green",0
vivo iQOO Z9 Turbo+,Vivo,Vivo,Flagship,39200.0,280.0,2024.0,Yes,Mediatek Dimensity 9300+ (4 nm),1,Mediatek,Dimensity,12.0,16.0,256.0,512.0,144.0,6.78,"AMOLED, 1B colors, 144Hz, HDR, 4500 nits (peak)",6400.0,80.0,50.0,16.0,2.0,Yes,1809455.0,7538.0,"Android 14, OriginOS 4",Yes,"Black, White, Titanium",0
vivo V40 Lite (IDN),Vivo,Vivo,Flagship,35000.0,250.0,2024.0,Yes,Qualcomm SM4450 Snapdragon 4 Gen 2 (4 nm),1,Qualcomm,Snapdragon,8.0,12.0,128.0,512.0,120.0,6.67,"AMOLED, 1B colors, 120Hz, 1200 nits (HBM), 1800 nits (peak)",5000.0,80.0,50.0,32.0,2.0,No,568823.5,2249.0,"Android 14, Funtouch 14",Yes,"Titanium Silver, Carbon Black",0
vivo V40e,Vivo,Vivo,Mid,43400.0,310.0,2024.0,Yes,Mediatek Dimensity 7300 (4 nm),0,Mediatek,Dimensity,8.0,8.0,128.0,256.0,120.0,6.77,"AMOLED, 1B colors, 120Hz, 2160Hz PWM, HDR10+",5500.0,80.0,50.0,50.0,2.0,Yes,1010711.0,2936.0,"Android 14, Funtouch 14",No,"Royal Bronze, Mint Green",0
vivo V50e,Vivo,Vivo,Mid,36400.0,260.0,2025.0,Yes,Mediatek Dimensity 7300 (4 nm),0,Mediatek,Dimensity,6.0,8.0,128.0,256.0,120.0,6.77,"AMOLED, 1B colors, 120Hz, HDR10+, 1800 nits (peak)",5600.0,90.0,50.0,50.0,2.0,Yes,1008399.0,2936.0,"Android 15, Funtouch 15",No,"Sapphire Blue, Pearl White",0
vivo iQOO Z10,Vivo,Vivo,Mid,32108.80733944954,229.348623853211,2025.0,Yes,Qualcomm SM7635 Snapdragon 7s Gen 3 (4 nm),0,Qualcomm,Snapdragon,8.0,12.0,128.0,512.0,120.0,6.77,"AMOLED, 120Hz, 3840Hz PWM, 1300 nits (HBM), 5000 nits (peak)",7300.0,90.0,50.0,32.0,2.0,Yes,1032527.0,3157.0,"Android 15, up to 2 major Android upgrades, Funtouch 15",Yes,"Stellar Black, Glacier Silver",0
vivo iQOO Z10x,Vivo,Vivo,Budget,19600.0,140.0,2025.0,Yes,Mediatek Dimensity 7300 (4 nm),0,Mediatek,Dimensity,6.0,12.0,128.0,512.0,120.0,6.72,"IPS LCD, 120Hz, 960Hz PWM, 1050 nits (HBM)",6500.0,44.0,50.0,8.0,2.0,No,877437.0,2936.0,"Android 15, up to 2 major Android upgrades, Funtouch 15",No,"Ultramarine, Titanium, Ocean Blue",0
vivo X200 Ultra,Vivo,Vivo,Flagship,109200.0,780.0,2025.0,Yes,Qualcomm SM8750-AB Snapdragon 8 Elite (3 nm),1,Qualcomm,Snapdragon,12.0,16.0,256.0,512.0,120.0,6.82,"LTPO AMOLED, 1B colors, 120Hz, 2160Hz PWM, Dolby Vision, HDR Vivid, 4500 nits (peak)",6000.0,90.0,50.0,50.0,3.0,Yes,2914061.0,9410.0,"Android 15, OriginOS 5",Yes,"Black, Silver, Red",0
vivo X200s,Vivo,Vivo,Flagship,71400.0,510.0,2025.0,Yes,Mediatek Dimensity 9400+ (3 nm),1,Mediatek,Dimensity,12.0,16.0,256.0,512.0,120.0,6.67,"AMOLED, 1B colors, 120Hz, 2160Hz PWM, HDR10+, HDR Vivid, 5000 nits (peak)",6200.0,90.0,50.0,32.0,3.0,Yes,2830117.0,8810.0,"Android 15, up to 4 major Android upgrades, Funtouch 15 (International), OriginOS 5 (China)",Yes,"Gray, Silver, Mint, Purple",0
vivo T4,Vivo,Vivo,Mid,31917.43119266055,227.9816513761468,2025.0,Yes,Qualcomm SM7635 Snapdragon 7s Gen 3 (4 nm),0,Qualcomm,Snapdragon,8.0,12.0,128.0,256.0,120.0,6.77,"AMOLED, 1B colors, 120Hz, 3840Hz PWM, HDR, 800 nits (typ), 1300 nits (HBM), 5000 nits (peak)",7300.0,90.0,50.0,32.0,2.0,Yes,1043525.0,3157.0,"Android 15, up to 2 major Android upgrades, Funtouch 15",No,"Emerald Blaze, Phantom Grey",0
vivo iQOO Z10 Turbo Pro,Vivo,Vivo,Flagship,33600.0,240.0,2025.0,Yes,Qualcomm SM8735 Snapdragon 8s Gen 4 (4 nm),1,Qualcomm,Snapdragon,12.0,16.0,256.0,512.0,144.0,6.78,"AMOLED, 1B colors, 144Hz, 4320Hz PWM, HDR, 2000 nits (HBM), 4400 nits (peak)",7000.0,120.0,50.0,16.0,2.0,Yes,2388540.0,6385.0,"Android 15, OriginOS 5",Yes,"White, Black, Orange, Gold",0
vivo iQOO Z10 Turbo,Vivo,Vivo,Mid,30800.0,220.0,2025.0,Yes,Mediatek Dimensity 8400 (4 nm),0,Mediatek,Dimensity,12.0,16.0,256.0,512.0,144.0,6.78,"AMOLED, 1B colors, 144Hz, HDR, 2000 nits (HBM), 4400 nits (peak)",7620.0,90.0,50.0,16.0,2.0,Yes,2052566.0,5893.0,"Android 15, OriginOS 5",Yes,"White, Black, Orange, Gold",0
vivo Y400,Vivo,Vivo,Flagship,30800.0,220.0,2025.0,Yes,Qualcomm SM4450 Snapdragon 4 Gen 2 (4 nm),1,Qualcomm,Snapdragon,8.0,8.0,128.0,256.0,120.0,6.67,"AMOLED, 120Hz, 1200 nits (HBM), 1800 nits (peak)",6000.0,90.0,50.0,32.0,2.0,No,568823.5,2249.0,"Android 15, Funtouch 15",No,"Glam White, Olive Green",0
vivo iQOO Z10 Turbo+,Vivo,Vivo,Flagship,35000.0,250.0,2025.0,Yes,Mediatek Dimensity 9400+ (3 nm),1,Mediatek,Dimensity,12.0,16.0,256.0,512.0,144.0,6.78,"AMOLED, 1B colors, 144Hz, HDR, 4320Hz PWM, 2000 nits (HBM), 5500 nits (peak)",8000.0,90.0,50.0,16.0,2.0,Yes,2052566.0,8810.0,"Android 15, OriginOS 5",Yes,"White, Gray, Gold",0
vivo V60,Vivo,Vivo,Mid,50400.0,360.0,2025.0,Yes,Qualcomm SM7750-AB Snapdragon 7 Gen 4 (4 nm),0,Qualcomm,Snapdragon,8.0,16.0,128.0,512.0,120.0,6.77,"AMOLED, 1B colors, HDR10+, 120Hz, 1500 nits (HBM), 5000 nits (peak)",6500.0,90.0,50.0,50.0,3.0,Yes,1009011.0,3568.0,"Android 15, up to 4 major Android upgrades, Funtouch 15",Yes,"Mist Grey, Moonlit Blue, Ocean Blue, Auspicious Gold, Berry Purple",0
vivo T4 Pro,Vivo,Vivo,Mid,38465.321100917434,274.7522935779817,2025.0,Yes,Qualcomm SM7750-AB Snapdragon 7 Gen 4 (4 nm),0,Qualcomm,Snapdragon,8.0,12.0,128.0,256.0,120.0,6.77,"AMOLED, 1B colors, HDR10+, 120Hz, 1500 nits (HBM), 5000 nits (peak)",6500.0,90.0,50.0,32.0,3.0,Yes,1213003.0,3506.0,"Android 15, up to 4 major Android upgrades, Funtouch 15",No,"Nitro Blue, Blaze Gold",0
vivo S50 Pro mini,Vivo,Vivo,Flagship,63000.0,450.0,2025.0,Yes,Qualcomm SM8845 Snapdragon 8 Gen 5 (3 nm),1,Qualcomm,Snapdragon,12.0,16.0,256.0,512.0,120.0,6.31,"LTPO AMOLED, 1B colors, 120Hz, HDR",6500.0,90.0,50.0,50.0,3.0,Yes,2902731.0,9602.0,"Android 16, OriginOS 6",Yes,"Black, Purple, White",0
vivo S50,Vivo,Vivo,Flagship,50400.0,360.0,2025.0,Yes,Qualcomm SM8635 Snapdragon 8s Gen 3 (4 nm),1,Qualcomm,Snapdragon,12.0,16.0,256.0,512.0,120.0,6.59,"AMOLED, 1B colors, 120Hz, HDR",6500.0,90.0,50.0,50.0,3.0,Yes,1794400.0,5143.0,"Android 16, OriginOS 6",Yes,"Black, Blue, White, Purple",0
vivo V50,Vivo,Vivo,Mid,61598.6,439.99,2025.0,Yes,Qualcomm SM7550-AB Snapdragon 7 Gen 3 (4 nm),0,Qualcomm,Snapdragon,8.0,12.0,128.0,512.0,120.0,6.77,"AMOLED, 1B colors, HDR10+, 120Hz, 3840Hz PWM, 1300 nits (HBM), 4500 nits (peak)",6000.0,90.0,50.0,50.0,2.0,Yes,833862.0,3210.0,"Android 15, up to 3 major Android upgrades, Funtouch 15",Yes,"Ancora Red (Rose Red), Satin Black (Titanium Grey), Starry Blue (Starry Night), Mist Purple",0
vivo Y200+,Vivo,Vivo,Flagship,21000.0,150.0,2025.0,Yes,Qualcomm SM4450 Snapdragon 4 Gen 2 (4 nm),1,Qualcomm,Snapdragon,8.0,12.0,256.0,512.0,120.0,6.68,"IPS LCD, 120Hz, 1000 nits (HBM)",6000.0,44.0,50.0,5.0,2.0,No,448509.0,2249.0,"Android 14, OriginOS 4",No,"Dark Gray, Green, Apricot",0
vivo iQOO Z9 Turbo Endurance,Vivo,Vivo,Flagship,35000.0,250.0,2025.0,Yes,Qualcomm SM8635 Snapdragon 8s Gen 3 (4 nm),1,Qualcomm,Snapdragon,12.0,16.0,256.0,512.0,144.0,6.78,"AMOLED, 1B colors, 144Hz, HDR",6400.0,80.0,50.0,16.0,2.0,Yes,1829106.0,5143.0,"Android 14, OriginOS 4",Yes,"Black, White, Blue",0
vivo Y19s GT,Vivo,Vivo,Budget,15400.0,110.0,2025.0,Yes,Mediatek Dimensity 6300 (6 nm),0,Mediatek,Dimensity,6.0,8.0,128.0,256.0,90.0,6.74,"IPS LCD, 90Hz, 570 nits (HBM)",5500.0,15.0,50.0,5.0,1.0,No,551891.0,1980.0,"Android 15, Funtouch 15",Yes,"Jade Green, Crystal Purple",0
vivo Y50 (China),Vivo,Vivo,Budget,19600.0,140.0,2025.0,Yes,Mediatek Dimensity 6300 (6 nm),0,Mediatek,Dimensity,4.0,12.0,128.0,256.0,90.0,6.74,"IPS LCD, 90Hz, 1000 nits (HBM)",6000.0,44.0,13.0,5.0,1.0,No,551891.0,1980.0,"Android 15, OriginOS 5",Yes,"Platinum, Azure, Black",0
vivo iQOO Z10R (India),Vivo,Vivo,Mid,29540.0,211.0,2025.0,Yes,Mediatek Dimensity 7400 (4 nm),0,Mediatek,Dimensity,8.0,12.0,128.0,256.0,120.0,6.77,"AMOLED, 120Hz, 2160Hz PWM, HDR10+, 1300 nits (HBM), 1800 nits (peak)",5700.0,44.0,50.0,32.0,2.0,Yes,961666.0,3185.0,"Android 15, up to 2 major Android upgrades, Funtouch 15",No,"Aquamarine, Moonstone",0
vivo T4R,Vivo,Vivo,Mid,30182.20183486239,215.5871559633028,2025.0,Yes,Mediatek Dimensity 7400 (4 nm),0,Mediatek,Dimensity,8.0,12.0,128.0,256.0,120.0,6.77,"AMOLED, 1B colors, 120Hz, 2160Hz PWM, HDR10+, 1300 nits (HBM), 1800 nits (peak)",5700.0,44.0,50.0,32.0,2.0,Yes,1043525.0,3185.0,"Android 15, up to 2 major Android upgrades, Funtouch 15",No,"Arctic White, Twilight Blue",0
vivo T4 Ultra,Vivo,Vivo,Flagship,54600.0,390.0,2025.0,Yes,Mediatek Dimensity 9300+ (4 nm),1,Mediatek,Dimensity,8.0,12.0,256.0,512.0,120.0,6.67,"AMOLED, 1B colors, 120Hz, 2160Hz PWM, 1600 nits (HBM), 5000 nits (peak)",5500.0,90.0,50.0,32.0,3.0,Yes,2286808.0,7538.0,"Android 15, Funtouch 15",Yes,"Phoenix Gold, Meteor Grey",0
vivo iQOO Z10 Lite,Vivo,Vivo,Budget,17980.36697247707,128.4311926605505,2025.0,Yes,Mediatek Dimensity 6300 (6 nm),0,Mediatek,Dimensity,4.0,8.0,64.0,256.0,90.0,6.74,"IPS LCD, 90Hz, 1000 nits (HBM)",6000.0,15.0,50.0,5.0,2.0,No,501473.0,1980.0,"Android 15, up to 2 major Android upgrades, Funtouch 15",No,"Titanium Blue, Cyber Green",1
vivo Y400 Pro,Vivo,Vivo,Mid,35000.0,250.0,2025.0,Yes,Mediatek Dimensity 7300 (4 nm),0,Mediatek,Dimensity,8.0,8.0,128.0,256.0,120.0,6.77,"AMOLED, 120Hz, HDR, 1300 nits (HBM), 4500 nits (peak)",5500.0,90.0,50.0,32.0,2.0,No,561575.0,2936.0,"Android 15, Funtouch 15",No,"Fest Gold, Freestyle White, Nebula Purple",0
vivo X200 FE,Vivo,Vivo,Flagship,76020.0,543.0,2025.0,Yes,Mediatek Dimensity 9300+ (4 nm),1,Mediatek,Dimensity,12.0,16.0,256.0,512.0,120.0,6.31,"LTPO AMOLED, 1B colors, 120Hz, 2160Hz PWM, HDR10+, 4500 / 5000 nits (peak)",6500.0,90.0,50.0,50.0,3.0,Yes,1805009.0,6606.0,"Android 15, up to 4 major Android upgrades, Funtouch 15",Yes,"Luxe Grey (Black Luxe), Frost Blue (Blue Breeze), Amber Yellow (Yellow Glow), Pink Vibe",0
vivo T4 Lite,Vivo,Vivo,Budget,14000.0,100.0,2025.0,Yes,Mediatek Dimensity 6300 (6 nm),0,Mediatek,Dimensity,4.0,8.0,64.0,256.0,90.0,6.74,"IPS LCD, 90Hz, 1000 nits (HBM)",6000.0,15.0,50.0,5.0,2.0,No,551891.0,1980.0,"Android 15, up to 2 major Android upgrades, Funtouch 15",No,"Prism Blue, Titanium Gold",0
vivo X Fold5,Vivo,Vivo,Flagship,192657.98165137615,1376.1284403669724,2025.0,Yes,Qualcomm SM8650-AB Snapdragon 8 Gen 3 (4 nm),1,Qualcomm,Snapdragon,12.0,16.0,256.0,512.0,120.0,8.03,"Foldable LTPO AMOLED, 1B colors, 120Hz, 5280Hz PWM, HDR10+, Dolby Vision, 4500 nits (peak)",6000.0,80.0,50.0,20.0,3.0,Yes,1883303.0,6483.0,"Android 15, up to 4 major Android upgrades, Funtouch 15 (International), OriginOS 5 (China)",Yes,"Titanium Gray, Green, White",0
vivo T4x,Vivo,Vivo,Budget,24723.48623853211,176.59633027522935,2025.0,Yes,Mediatek Dimensity 7300 (4 nm),0,Mediatek,Dimensity,6.0,8.0,128.0,256.0,120.0,6.72,"IPS LCD, 120Hz, 1050 nits (HBM)",6500.0,44.0,50.0,8.0,2.0,No,821707.0,2936.0,"Android 15, Funtouch 15",No,"Pronto Purple, Marine Blue",0
vivo Y300i,Vivo,Vivo,Flagship,26600.0,190.0,2025.0,Yes,Qualcomm SM4450 Snapdragon 4 Gen 2 (4 nm),1,Qualcomm,Snapdragon,8.0,12.0,128.0,512.0,120.0,6.68,"IPS LCD, 120Hz",6500.0,44.0,50.0,5.0,1.0,No,568823.5,2249.0,"Android 15, OriginOS 5",Yes,"Black, Blue, Titanium",0
vivo Y29s,Vivo,Vivo,Budget,23800.0,170.0,2025.0,Yes,Mediatek Dimensity 6300 (6 nm),0,Mediatek,Dimensity,6.0,8.0,128.0,256.0,90.0,6.74,"IPS LCD, 90Hz, 570 nits (HBM)",5500.0,15.0,50.0,5.0,1.0,No,533575.0,1980.0,"Android 15, Funtouch 15",Yes,"Titanium Gold, Dark Green",0
vivo iQOO Neo 10R,Vivo,Vivo,Flagship,40600.0,290.0,2025.0,Yes,Qualcomm SM8635 Snapdragon 8s Gen 3 (4 nm),1,Qualcomm,Snapdragon,8.0,12.0,128.0,256.0,144.0,6.78,"AMOLED, 1B colors, 144Hz, 3840Hz PWM, HDR10+, 4500 nits (peak)",6400.0,80.0,50.0,32.0,2.0,Yes,1787675.0,5143.0,"Android 15, up to 3 major Android upgrades, Funtouch 15",No,"Raging Blue, MoonKnight Titanium",0
vivo V50 Lite,Vivo,Vivo,Budget,24220.0,173.0,2025.0,Yes,Mediatek Dimensity 6300 (6 nm),0,Mediatek,Dimensity,8.0,12.0,256.0,512.0,120.0,6.77,"AMOLED, 120Hz, 1300 nits (HBM), 1800 nits (peak)",6500.0,90.0,50.0,32.0,2.0,No,697953.0,1980.0,"Android 15, Funtouch 15",Yes,"Phantom Black, Titanium Gold, Fantasy Purple, Silk Green",0
vivo Y39,Vivo,Vivo,Flagship,25686.788990825688,183.47706422018348,2025.0,Yes,Qualcomm SM4450 Snapdragon 4 Gen 2 (4 nm),1,Qualcomm,Snapdragon,8.0,8.0,128.0,256.0,120.0,6.68,"IPS LCD, 120Hz, 1000 nits (HBM)",6500.0,44.0,50.0,8.0,2.0,No,577028.0,2249.0,"Android 15, Funtouch 15",No,"Lotus Purple, Ocean Blue",0
vivo Y300t,Vivo,Vivo,Budget,21000.0,150.0,2025.0,Yes,Mediatek Dimensity 7300 (4 nm),0,Mediatek,Dimensity,8.0,12.0,128.0,512.0,120.0,6.72,"IPS LCD, 120Hz, 1050 nits (HBM)",6500.0,44.0,50.0,8.0,2.0,No,877437.0,2936.0,"Android 15, OriginOS 5",Yes,"Black, White, Blue",0
vivo Y19,Vivo,Vivo,Budget,7000.0,50.0,2025.0,Yes,Mediatek Dimensity 6300 (6 nm),0,Mediatek,Dimensity,4.0,6.0,64.0,128.0,90.0,6.74,"IPS LCD, 90Hz, 570 nits (HBM)",5500.0,15.0,13.0,5.0,1.0,No,577028.0,1980.0,"Android 15, Funtouch 15",No,"Titanium Silver, Majestic Green",0
vivo Y300 GT,Vivo,Vivo,Mid,35000.0,250.0,2025.0,Yes,Mediatek Dimensity 8400 (4 nm),0,Mediatek,Dimensity,8.0,12.0,256.0,512.0,144.0,6.78,"AMOLED, 1B colors, 144Hz, HDR, 5500 nits (peak)",7620.0,90.0,50.0,16.0,2.0,Yes,2067824.0,5893.0,"Android 15, OriginOS 5",Yes,"Black, Gold",0
vivo iQOO Neo10 Pro+ (China),Vivo,Vivo,Flagship,49000.0,350.0,2025.0,Yes,Qualcomm SM8750-AB Snapdragon 8 Elite (3 nm),1,Qualcomm,Snapdragon,12.0,16.0,256.0,512.0,144.0,6.82,"LTPO AMOLED, 1B colors, 144Hz, HDR10+, 1800 nits (HBM), 4500 nits (peak)",6800.0,120.0,50.0,16.0,2.0,Yes,3113462.0,8887.0,"Android 15, OriginOS 5",Yes,"Black, White, Blue",0
vivo iQOO Neo 10,Vivo,Vivo,Flagship,48806.05504587155,348.6146788990825,2025.0,Yes,Qualcomm SM8735 Snapdragon 8s Gen 4 (4 nm),1,Qualcomm,Snapdragon,8.0,16.0,128.0,512.0,144.0,6.78,"AMOLED, 1B colors, 144Hz, 4320Hz PWM, HDR, 2000 nits (HBM), 4400 nits (peak)",7000.0,120.0,50.0,32.0,2.0,Yes,2395822.0,6385.0,"Android 15, up to 3 major Android upgrades, Funtouch 15",Yes,"Inferno Red, Titanium Chrome, Blaze Orange, Onyx Black",0
vivo S30 Pro mini,Vivo,Vivo,Flagship,60200.0,430.0,2025.0,Yes,Mediatek Dimensity 9300+ (4 nm),1,Mediatek,Dimensity,12.0,16.0,256.0,512.0,120.0,6.31,"LTPO AMOLED, 1B colors, 120Hz, 4320Hz PWM, HDR, 1300 nits (HBM), 5000 nits (peak)",6500.0,90.0,50.0,50.0,3.0,Yes,2316832.0,7538.0,"Android 15, OriginOS 5",Yes,"Black, Blue, Yellow, Pink",0
vivo S30,Vivo,Vivo,Mid,46200.0,330.0,2025.0,Yes,Qualcomm SM7750-AB Snapdragon 7 Gen 4 (4 nm),0,Qualcomm,Snapdragon,12.0,16.0,256.0,512.0,120.0,6.67,"AMOLED, 1B colors, 120Hz, 3840Hz PWM, HDR, 1300 nits (HBM), 5000 nits (peak)",6500.0,90.0,50.0,50.0,3.0,Yes,1392392.0,3506.0,"Android 15, OriginOS 5",Yes,"Black, Blue, Yellow, Pink",0
vivo Y19s,Vivo,Vivo,Budget,14000.0,100.0,2025.0,Yes,Mediatek Dimensity 6300 (6 nm),0,Mediatek,Dimensity,4.0,6.0,64.0,128.0,90.0,6.74,"IPS LCD, 90Hz, 700 nits (HBM)",6000.0,15.0,13.0,5.0,2.0,No,577028.0,1980.0,"Android 15, Funtouch 15",No,"Majestic Green, Titanium Silver",0
vivo Y500 Pro,Vivo,Vivo,Mid,30800.0,220.0,2025.0,Yes,Mediatek Dimensity 7400 (4 nm),0,Mediatek,Dimensity,8.0,12.0,128.0,512.0,120.0,6.67,"AMOLED, 1B colors, 120Hz, 3840 PWM, 800 nits (typ), 1600 nits (HBM)",7000.0,90.0,200.0,32.0,2.0,Yes,561575.0,3185.0,"Android 16, OriginOS 6",Yes,"Black, Green, Pink, Gold",0
vivo V60e,Vivo,Vivo,Mid,40600.0,290.0,2025.0,Yes,Mediatek Dimensity 7360 Turbo (4 nm),0,Mediatek,Dimensity,8.0,12.0,128.0,256.0,120.0,6.77,"AMOLED, 1B colors, 120Hz, HDR10+, 1600 nits (HBM), 5000 nits (peak)",6500.0,90.0,200.0,50.0,2.0,Yes,859863.0,2891.0,"Android 15, up to 3 major Android upgrades, Funtouch 15",Yes,"Elite Purple, Noble Gold",0
vivo X300 Pro,Vivo,Vivo,Flagship,195860.0,1399.0,2025.0,Yes,Mediatek Dimensity 9500 (3 nm),1,Mediatek,Dimensity,12.0,16.0,256.0,512.0,120.0,6.78,"LTPO AMOLED, 1B colors, 120Hz, 2160Hz PWM, HDR10+, HDR Vivid, Dolby Vision, 4500 nits (peak)",6510.0,90.0,50.0,50.0,3.0,Yes,2982875.0,10264.0,"Android 16, up to 5 major Android upgrades, OriginOS 6",Yes,"Phantom Black, Mist Blue, Dune Brown, Cloud White",0
vivo X300,Vivo,Vivo,Flagship,132909.0,949.35,2025.0,Yes,Mediatek Dimensity 9500 (3 nm),1,Mediatek,Dimensity,12.0,16.0,256.0,512.0,120.0,6.31,"LTPO AMOLED, 1B colors, 120Hz, 2160Hz PWM, HDR10+, HDR Vivid, 4500 nits (peak)",6040.0,90.0,200.0,50.0,3.0,Yes,2346352.0,9843.0,"Android 16, up to 5 major Android upgrades, OriginOS 6",Yes,"Phantom Black, Mist Blue, Summit Red, Iris Purple, Halo Pink",0
vivo iQOO 15,Vivo,Vivo,Flagship,93760.18348623854,669.7155963302753,2025.0,Yes,Qualcomm SM8850-AC Snapdragon 8 Elite Gen 5 (3 nm),1,Qualcomm,Snapdragon,12.0,16.0,256.0,512.0,144.0,6.85,"LTPO AMOLED, 1B colors, 144Hz, PWM, Dolby Vision, HDR10+, HDR Vivid, 1000 nits (typ), 2600 nits (HBM), 6000 nits (peak)",7000.0,100.0,50.0,32.0,3.0,Yes,2973303.0,10466.0,"Android 16, up to 5 major Android upgrades, OriginOS 6",Yes,"Alpha, Legend, Gray, Green, Blue, Apex",0
vivo iQOO Neo11 (China),Vivo,Vivo,Flagship,44800.0,320.0,2025.0,Yes,Qualcomm SM8750-AC Snapdragon 8 Elite (3 nm),1,Qualcomm,Snapdragon,12.0,16.0,256.0,512.0,144.0,6.82,"LTPO AMOLED, 1B colors, 144Hz, 2592Hz PWM, HDR10+",7500.0,100.0,50.0,16.0,2.0,Yes,3113462.0,10050.0,"Android 16, OriginOS 6",Yes,"Black, White, Orange, Blue",0
vivo Y500 (China),Vivo,Vivo,Budget,23800.0,170.0,2025.0,Yes,Mediatek Dimensity 7300 (4 nm),0,Mediatek,Dimensity,8.0,12.0,128.0,512.0,120.0,6.77,"AMOLED, 1B colors, 120Hz, 3840Hz PWM, 5000 nits (peak)",8200.0,90.0,50.0,8.0,2.0,No,877437.0,2936.0,"Android 15, OriginOS 5",Yes,"Black, Blue, Purple",0
vivo Y31 Pro,Vivo,Vivo,Mid,25200.0,180.0,2025.0,Yes,Mediatek Dimensity 7300 (4 nm),0,Mediatek,Dimensity,8.0,8.0,128.0,256.0,120.0,6.72,"IPS LCD, 120Hz, 960Hz PWM, 1050 nits (HBM)",6500.0,44.0,50.0,8.0,2.0,No,877437.0,2936.0,"Android 15, Funtouch 15",No,"Dreamy White, Mocha Brown",0
vivo Y31,Vivo,Vivo,Flagship,21000.0,150.0,2025.0,Yes,Qualcomm SM4450 Snapdragon 4 Gen 2 (4 nm),1,Qualcomm,Snapdragon,4.0,8.0,128.0,512.0,120.0,6.68,"IPS LCD, 120Hz, 1000 nits (HBM)",6500.0,44.0,50.0,8.0,1.0,No,568823.5,2249.0,"Android 15, Funtouch 15",No,"Rose Red, Diamond Green",0
vivo V60 Lite,Vivo,Vivo,Mid,51438.8,367.42,2025.0,Yes,Mediatek Dimensity 7360 Turbo (4 nm),0,Mediatek,Dimensity,8.0,12.0,256.0,512.0,120.0,6.77,"AMOLED, 1B colors, 120Hz, HDR10+",6500.0,90.0,50.0,32.0,2.0,No,925409.0,2891.0,"Android 15, Funtouch 15",Yes,"Vitality Pink, Titanium Mist Blue, Ocean Night Black",0
vivo Y60,Vivo,Vivo,Flagship,32200.0,230.0,2026.0,Yes,Qualcomm SM4450 Snapdragon 4 Gen 2 (4 nm),1,Qualcomm,Snapdragon,6.0,8.0,128.0,256.0,120.0,6.74,"IPS LCD, 120Hz, 1200 nits (HBM)",6500.0,15.0,13.0,5.0,1.0,No,568823.5,2249.0,"Android 16, OriginOS 6",No,"Black, Purple, Blue",0
vivo T5 Pro,Vivo,Vivo,Mid,39301.46788990826,280.72477064220186,2026.0,Yes,Qualcomm Snapdragon 7s Gen 4,0,Qualcomm,Snapdragon,8.0,12.0,128.0,256.0,144.0,6.83,"AMOLED, 144Hz, 5000 nits (peak)",9020.0,90.0,50.0,32.0,2.0,No,1014174.0,3281.0,"Android 16, Origin OS 6.0",No,"Cosmic Black, Glacier Blue",0
vivo X300 FE,Vivo,Vivo,Flagship,139860.0,999.0,2026.0,Yes,Qualcomm SM8845 Snapdragon 8 Gen 5 (3 nm),1,Qualcomm,Snapdragon,12.0,12.0,256.0,512.0,120.0,6.31,"LTPO AMOLED, 1B colors, 120Hz, 2160Hz PWM, HDR10+, 5000 nits (peak)",6500.0,90.0,50.0,50.0,3.0,Yes,2869139.0,9602.0,"Android 16, up to 5 major Android upgrades, OriginOS 6",Yes,"Misty Purple (Lilac Purple), Radiant White, Cool Black (Noir Black), Green, Urban Olive",1
vivo Y6t,Vivo,Vivo,Flagship,29400.0,210.0,2026.0,Yes,Qualcomm SM4450 Snapdragon 4 Gen 2 (4 nm),1,Qualcomm,Snapdragon,6.0,8.0,128.0,256.0,120.0,6.74,"IPS LCD, 120Hz, 1200 nits (HBM)",6500.0,15.0,13.0,5.0,1.0,No,568823.5,2249.0,"Android 16, OriginOS 6",No,"Black, Blue, Gold",0
vivo Y6,Vivo,Vivo,Flagship,32200.0,230.0,2026.0,Yes,Qualcomm SM4450 Snapdragon 4 Gen 2 (4 nm),1,Qualcomm,Snapdragon,8.0,12.0,128.0,256.0,120.0,6.75,"IPS LCD, 120Hz, 1000 nits (HBM), 1200 nits (peak)",7200.0,44.0,50.0,8.0,1.0,No,568823.5,2249.0,"Android 16, OriginOS 6",Yes,"Black, Silver, Gold",0
vivo Y600 Pro,Vivo,Vivo,Mid,35000.0,250.0,2026.0,Yes,Mediatek Dimensity 7300e (6 nm),0,Mediatek,Dimensity,8.0,12.0,128.0,512.0,120.0,6.83,"AMOLED, 1B colors, 120Hz, 4320 PWM",10200.0,90.0,50.0,32.0,1.0,No,561575.0,2936.0,"Android 16, OriginOS 6",Yes,"Black, Blue, Gold, Violet",0
vivo Y500s,Vivo,Vivo,Flagship,32200.0,230.0,2026.0,Yes,Qualcomm SM4450 Snapdragon 4 Gen 2 (4 nm),1,Qualcomm,Snapdragon,8.0,12.0,256.0,512.0,120.0,6.75,"IPS LCD, 120Hz, 1000 nits (HBM), 1200 nits (peak)",7200.0,44.0,50.0,8.0,1.0,No,568823.5,2249.0,"Android 16, OriginOS 6",Yes,"Black, Silver, Gold",0
vivo iQOO 15 Ultra,Vivo,Vivo,Flagship,102200.0,730.0,2026.0,Yes,Qualcomm SM8850-AC Snapdragon 8 Elite Gen 5 (3 nm),1,Qualcomm,Snapdragon,16.0,24.0,256.0,512.0,144.0,6.85,"AMOLED, 1B colors, 144Hz, PWM, Dolby Vision, HDR10+, HDR Vivid, 1000 nits (typ), 2600 nits (HBM), 8000 nits (peak)",7400.0,100.0,50.0,32.0,3.0,Yes,4602290.0,10732.0,"Android 16, up to 5 major Android upgrades, OriginOS 6",Yes,"Black, Silver",0
vivo V70 Elite,Vivo,Vivo,Flagship,77062.93577981651,550.4495412844037,2026.0,Yes,Qualcomm SM8635 Snapdragon 8s Gen 3 (4 nm),1,Qualcomm,Snapdragon,8.0,12.0,256.0,512.0,120.0,6.59,"AMOLED, 1B colors, HDR10+, 120Hz, 1800 nits (HBM), 5000 nits (peak)",6500.0,90.0,50.0,50.0,3.0,Yes,1913976.0,5143.0,"Android 16, up to 4 major Android upgrades, OriginOS 6",Yes,"Passion Red, Sand Beige, Authentic Black",0
vivo V70,Vivo,Vivo,Mid,62860.0,449.0,2026.0,Yes,Qualcomm SM7750-AB Snapdragon 7 Gen 4 (4 nm),0,Qualcomm,Snapdragon,8.0,12.0,256.0,512.0,120.0,6.59,"AMOLED, 1B colors, HDR10+, 120Hz, 1800 nits (HBM), 5000 nits (peak)",6500.0,90.0,50.0,50.0,3.0,Yes,1183617.0,4095.0,"Android 16, up to 4 major Android upgrades, OriginOS 6",Yes,"Golden Hour, Alpine Gray (Sand Beige), Sandalwood Brown, Canary (Lemon) Yellow, Authentic Black, Passion Red",0
vivo iQOO 15R,Vivo,Vivo,Flagship,60365.68807339449,431.1834862385321,2026.0,Yes,Qualcomm SM8845 Snapdragon 8 Gen 5 (3 nm),1,Qualcomm,Snapdragon,8.0,12.0,256.0,512.0,144.0,6.59,"AMOLED, 1B colors, 144Hz, HDR10+, 4320Hz PWM, 5000 nits (peak)",7600.0,100.0,50.0,32.0,2.0,Yes,3061017.0,9602.0,"Android 16, up to 4 major Android upgrades, OriginOS 6",Yes,"Dark Knight, Triumph Silver",0
vivo Y500i,Vivo,Vivo,Flagship,25200.0,180.0,2026.0,Yes,Qualcomm SM4450 Snapdragon 4 Gen 2 (4 nm),1,Qualcomm,Snapdragon,8.0,12.0,128.0,512.0,120.0,6.75,"IPS LCD, 120Hz, 1000 nits (HBM), 1200 nits (peak)",7200.0,44.0,50.0,5.0,1.0,No,568823.5,2249.0,"Android 16, OriginOS 6",Yes,"Black, Silver, Gold",0
vivo iQOO Z11 Turbo,Vivo,Vivo,Flagship,42000.0,300.0,2026.0,Yes,Qualcomm SM8845 Snapdragon 8 Gen 5 (3 nm),1,Qualcomm,Snapdragon,12.0,16.0,256.0,512.0,144.0,6.59,"AMOLED, 1B colors, 144Hz, HDR, 4320Hz PWM, 5500 nits (peak)",7600.0,100.0,200.0,32.0,2.0,Yes,3068959.0,9602.0,"Android 16, OriginOS 6",Yes,"White, Black, Blue, Pink",0
vivo X200T,Vivo,Vivo,Flagship,77000.0,550.0,2026.0,Yes,Mediatek Dimensity 9400+ (3 nm),1,Mediatek,Dimensity,12.0,12.0,256.0,512.0,120.0,6.67,"AMOLED, 1B colors, 120Hz, 2160Hz PWM, HDR10+, 1600 nits (HBM), 5000 nits (peak)",6200.0,90.0,50.0,32.0,3.0,Yes,2730478.0,8810.0,"Android 16, up to 5 major Android upgrades, OriginOS 6",Yes,"Seaside Lilac, Stellar Black",0
vivo X300 FE (Russia),Vivo,Vivo,Flagship,91000.0,650.0,2026.0,Yes,Qualcomm SM8845 Snapdragon 8 Gen 5 (3 nm),1,Qualcomm,Snapdragon,12.0,12.0,256.0,512.0,120.0,6.31,"LTPO AMOLED, 1B colors, 120Hz, HDR, 5000 nits (peak)",6500.0,90.0,50.0,50.0,3.0,Yes,3064988.0,9602.0,"Android 16, up to 5 major Android upgrades, OriginOS 6",Yes,"Moonlight White, Cool Purple, Graphite Black",0
vivo V70 FE,Vivo,Vivo,Mid,62860.0,449.0,2026.0,Yes,Mediatek Dimensity 7360 Turbo (4 nm),0,Mediatek,Dimensity,8.0,12.0,128.0,512.0,120.0,6.83,"AMOLED, 1B colors, 120Hz, HDR10+, 1900 nits (HBM)",7000.0,90.0,200.0,32.0,2.0,Yes,715896.0,2891.0,"Android 16, OriginOS 6",Yes,"Ocean Blue, Monsoon Blue, Muse Purple, Northern Lights Purple, Titanium Silver",0
vivo Y51 Pro,Vivo,Vivo,Mid,32200.0,230.0,2026.0,Yes,Mediatek Dimensity 7360 Turbo (4 nm),0,Mediatek,Dimensity,8.0,8.0,128.0,256.0,120.0,6.75,"IPS LCD, 120Hz, 1250 nits (HBM)",7200.0,44.0,50.0,8.0,2.0,No,925409.0,2891.0,"Android 16, OriginOS 6",No,"Festive Red, Noble Gold",0
vivo iQOO Z11x,Vivo,Vivo,Mid,29540.0,211.0,2026.0,Yes,Mediatek Dimensity 7400 Turbo (4 nm),0,Mediatek,Dimensity,6.0,8.0,128.0,256.0,120.0,6.76,"IPS LCD, 120Hz, 1200 nits (HBM)",7200.0,44.0,50.0,32.0,2.0,No,1214772.0,3281.0,"Android 16, OriginOS 6",Yes,"Prismatic Green, Titan Black, Star Silver",0
vivo T5x,Vivo,Vivo,Mid,28635.779816513757,204.5412844036697,2026.0,Yes,Mediatek Dimensity 7400 Turbo (4 nm),0,Mediatek,Dimensity,6.0,8.0,128.0,256.0,120.0,6.76,"IPS LCD, 120Hz, 1200 nits (HBM)",7200.0,44.0,50.0,32.0,2.0,No,960651.0,3281.0,"Android 16, OriginOS 6",No,"Cyber Green, Star Silver",0
vivo iQOO Z11 (China),Vivo,Vivo,Mid,35000.0,250.0,2026.0,Yes,Mediatek Dimensity 8500 (4 nm),0,Mediatek,Dimensity,8.0,16.0,256.0,512.0,165.0,6.83,"AMOLED, 1B colors, 165Hz, 2160Hz PWM, HDR, 1000 nits, 2000 nits (HBM), 5000 nits (peak)",9020.0,90.0,50.0,16.0,2.0,Yes,2710717.0,6716.0,"Android 16, OriginOS 6",Yes,"Black, White, Blue",0
vivo iQOO Z11x (China),Vivo,Vivo,Mid,26600.0,190.0,2026.0,Yes,Mediatek Dimensity 7400 (4 nm),0,Mediatek,Dimensity,8.0,12.0,256.0,512.0,120.0,6.76,"IPS LCD, 120Hz, 1200 nits (HBM)",7200.0,44.0,50.0,8.0,2.0,No,961666.0,3185.0,"Android 16, OriginOS 6",Yes,"Black, White, Green",0
vivo Y21,Vivo,Vivo,Mid,25200.0,180.0,2026.0,Yes,Mediatek Dimensity 6300 (6 nm),0,Mediatek,Dimensity,4.0,8.0,128.0,256.0,120.0,6.74,"IPS LCD, 120Hz, 1200 nits (HBM)",6500.0,44.0,50.0,5.0,2.0,No,551891.0,1980.0,"Android 16, OriginOS 6",No,"Champagne Gold, Midnight Blue",0
vivo Y11,Vivo,Vivo,Budget,19600.0,140.0,2026.0,Yes,Mediatek Dimensity 6300 (6 nm),0,Mediatek,Dimensity,4.0,4.0,64.0,128.0,120.0,6.74,"IPS LCD, 120Hz, 1200 nits (HBM)",6500.0,15.0,13.0,5.0,1.0,No,551891.0,1980.0,"Android 16, OriginOS 6",No,"Sunrise Gold, Midnight Blue",0
vivo X300 Ultra,Vivo,Vivo,Flagship,279860.0,1999.0,2026.0,Yes,Qualcomm SM8850-AC Snapdragon 8 Elite Gen 5 (3 nm),1,Qualcomm,Snapdragon,12.0,16.0,256.0,512.0,144.0,6.82,"LTPO AMOLED, 1B colors, 144Hz, 2160Hz PWM, Dolby Vision, HDR10+, HDR Vivid",6600.0,100.0,200.0,50.0,3.0,Yes,2723497.0,11494.0,"Android 16, OriginOS 6",Yes,"Eclipse Black, Victory Green, Silver",0
vivo X300s,Vivo,Vivo,Flagship,88200.0,630.0,2026.0,Yes,Mediatek Dimensity 9500 (3 nm),1,Mediatek,Dimensity,12.0,16.0,256.0,512.0,144.0,6.78,"LTPO AMOLED, 1B colors, 144Hz, 2160Hz PWM, HDR10+, HDR Vivid",7100.0,90.0,200.0,50.0,3.0,Yes,3703823.0,10603.0,"Android 16, up to 5 major Android upgrades, OriginOS 6",Yes,"Black, Silver, Purple, Green",0
vivo iQOO Z11,Vivo,Vivo,Mid,51800.0,370.0,2026.0,Yes,Qualcomm Snapdragon 7s Gen 4,0,Qualcomm,Snapdragon,8.0,12.0,256.0,256.0,144.0,6.83,"AMOLED, 1B colors, 144Hz, 2160Hz PWM, HDR, 800 nits (typ), 2000 nits (HBM), 5000 nits (peak)",9020.0,90.0,50.0,32.0,2.0,Yes,2612264.0,3281.0,"Android 16, Origin OS 6.0",Yes,"Cosmic Black, Glacier Blue",0
vivo iQOO 15T,Vivo,Vivo,Flagship,67200.0,480.0,2026.0,Yes,MediaTek Dimensity 9500 Monster (3 nm),1,Mediatek,Dimensity,12.0,16.0,256.0,512.0,144.0,6.82,"LTPO AMOLED, 1B colors, 144Hz, 2592Hz PWM, HDR10+, 1800 nits (HBM), 4500 nits (peak)",8000.0,100.0,200.0,16.0,2.0,Yes,3815522.0,3281.0,"Android 16, OriginOS 6",Yes,"Black, Blue, White",0
vivo Y600 Turbo,Vivo,Vivo,Mid,46900.0,335.0,2026.0,Yes,Qualcomm SM7635-AC Snapdragon 7s Gen 4 (4 nm),0,Qualcomm,Snapdragon,8.0,12.0,256.0,512.0,120.0,6.83,"AMOLED, 1B colors, 120Hz, 4320Hz PWM, HDR, 1000 nits, 2000 nits (HBM), 5000 nits (peak)",9020.0,90.0,50.0,8.0,2.0,No,1041898.0,3281.0,"Android 16, OriginOS 6",Yes,"Gold, White, Blue",0
vivo S60,Vivo,Vivo,Flagship,78400.0,560.0,2026.0,Yes,Qualcomm SM8635 Snapdragon 8s Gen 3 (4 nm),1,Qualcomm,Snapdragon,12.0,16.0,256.0,512.0,144.0,6.59,"AMOLED, 1B colors, HDR, 144Hz",7200.0,90.0,50.0,50.0,3.0,Yes,1807845.5,5143.0,"Android 16, OriginOS 6",Yes,"Starry Sea, Early Summer Green, Midsummer Night",0
vivo Y300 Pro+,Vivo,Vivo,Mid,32200.0,230.0,2022.0,Yes,Qualcomm SM7635 Snapdragon 7s Gen 3 (4 nm),0,Qualcomm,Snapdragon,8.0,12.0,128.0,512.0,120.0,6.77,"AMOLED, 1B colors, 120Hz, 800 nits (typ), 1300 nits (HBM), 5000 nits (peak)",7300.0,90.0,50.0,32.0,2.0,Yes,3583003.0,3157.0,"Android 15, OriginOS 5",Yes,"Black, Silver, Pink",0
Wiko 5G,Wiko,Wiko,Mid,37800.0,270.0,2022.0,Yes,Qualcomm SM6375 Snapdragon 695 5G (6 nm),0,Qualcomm,Snapdragon,8.0,8.0,128.0,256.0,120.0,6.78,"IPS LCD, 120Hz",4000.0,66.0,108.0,16.0,4.0,No,590710.0,2003.0,HarmonyOS 3.0,No,"Black, Silver",0
Wiko Hi Enjoy 60s,Wiko,Wiko,Mid,28000.0,200.0,2023.0,Yes,Mediatek Dimensity 700 (7 nm),0,Mediatek,Dimensity,8.0,8.0,128.0,256.0,60.0,6.75,TFT LCD,6000.0,5.0,13.0,8.0,2.0,No,515647.0,1767.0,HarmonyOS 3.0,No,"Black, Blue, White",0
Wiko T30,Wiko,Wiko,Mid,35000.0,250.0,2025.0,Yes,Mediatek Dimensity 6300 (6 nm),0,Mediatek,Dimensity,4.0,8.0,128.0,256.0,120.0,6.75,"IPS LCD, 120Hz",5000.0,18.0,50.0,5.0,1.0,No,551891.0,1980.0,Android 15,No,"Black, White",0
Xiaomi Poco F2 Pro,Xiaomi,Xiaomi,Flagship,21000.0,150.0,2020.0,Yes,Qualcomm SM8250 Snapdragon 865 5G (7 nm+),1,Qualcomm,Snapdragon,6.0,8.0,64.0,256.0,60.0,6.67,"Super AMOLED, HDR10+, 500 nits (typ)",4700.0,30.0,64.0,20.0,4.0,No,538221.0,3332.0,"Android 10, upgradable to Android 12, MIUI 14",Yes,"Neon Blue, Phantom White, Electric Purple, Cyber Gray",0
Xiaomi Redmi 10X Pro 5G,Xiaomi,Xiaomi,Mid,40600.0,290.0,2020.0,Yes,Mediatek Dimensity 820 (7 nm),0,Mediatek,Dimensity,8.0,8.0,128.0,256.0,60.0,6.57,"AMOLED, HDR10+, 600 nits (typ)",4520.0,33.0,48.0,20.0,4.0,Yes,1710757.0,2312.0,"Android 10, MIUI 11",Yes,"Blue, Gold, Pink/Blue",0
Xiaomi Redmi 10X 5G,Xiaomi,Xiaomi,Mid,28000.0,200.0,2020.0,Yes,Mediatek Dimensity 820 (7 nm),0,Mediatek,Dimensity,6.0,8.0,64.0,256.0,60.0,6.57,"AMOLED, HDR10+, 600 nits (typ)",4520.0,5.0,48.0,16.0,3.0,No,385831.0,2312.0,"Android 10, MIUI 11",No,"Blue, Gold, Pink/Blue",1
Xiaomi Redmi Note 9 Pro 5G,Xiaomi,Xiaomi,Mid,51800.0,370.0,2020.0,Yes,Qualcomm SM7225 Snapdragon 750G 5G (8 nm),0,Qualcomm,Snapdragon,6.0,8.0,128.0,256.0,120.0,6.67,"IPS LCD, HDR10, 120Hz, 450 nits (typ)",4820.0,33.0,108.0,16.0,4.0,No,520408.0,1865.0,"Android 10, MIUI 12",Yes,"Gray, Blue, Red/Mint",0
Xiaomi Redmi Note 9 5G,Xiaomi,Xiaomi,Budget,23800.0,170.0,2020.0,Yes,Mediatek Dimensity 800U (7 nm),0,Mediatek,Dimensity,4.0,8.0,64.0,256.0,60.0,6.53,"IPS LCD, 450 nits (typ)",5000.0,18.0,48.0,13.0,3.0,No,346495.0,1836.0,"Android 10, MIUI 12",No,"Gray, Green, Violet",0
Xiaomi Mi 11X Pro,Xiaomi,Xiaomi,Flagship,61600.0,440.0,2021.0,Yes,Qualcomm SM8350 Snapdragon 888 5G (5 nm),1,Qualcomm,Snapdragon,8.0,8.0,128.0,256.0,120.0,6.67,"Super AMOLED, 120Hz, HDR10+, 900 nits (HBM), 1300 nits (peak)",4520.0,33.0,108.0,20.0,3.0,No,1119714.0,3373.0,"Android 11, MIUI 12",No,"Celestial Silver, Lunar White, Cosmic Black",0
Xiaomi Mi 11X,Xiaomi,Xiaomi,Flagship,46200.0,330.0,2021.0,Yes,Qualcomm SM8250-AC Snapdragon 870 5G (7 nm),1,Qualcomm,Snapdragon,6.0,8.0,128.0,128.0,120.0,6.67,"Super AMOLED, 120Hz, HDR10+, 1300 nits (peak)",4520.0,33.0,48.0,20.0,3.0,No,1098795.0,3520.0,"Android 11, MIUI 12",No,"Celestial Silver, Lunar White, Cosmic Black",0
Xiaomi Redmi K40 Gaming,Xiaomi,Xiaomi,Mid,36400.0,260.0,2021.0,Yes,Mediatek Dimensity 1200 (6 nm),0,Mediatek,Dimensity,6.0,12.0,128.0,256.0,120.0,6.67,"OLED, 1B colors, 120Hz, HDR10+, 500 nits (typ)",5065.0,67.0,64.0,16.0,3.0,No,932621.5,3353.0,"Android 11, MIUI 12.5",Yes,"Black, Gray, Silver, Bruce Lee Yellow",0
Xiaomi Pad 5 Pro,Xiaomi,Xiaomi,Flagship,46200.0,330.0,2021.0,Yes,Qualcomm SM8250-AC Snapdragon 870 5G (7 nm),1,Qualcomm,Snapdragon,6.0,8.0,128.0,256.0,120.0,11.0,"IPS LCD, 1B colors, 120Hz, HDR10, Dolby Vision",8600.0,67.0,50.0,8.0,2.0,No,1018480.0,3520.0,"Android 11, upgradable to Android 13, MIUI 14",No,"Black, White",0
Xiaomi Mix 4,Xiaomi,Xiaomi,Flagship,92400.0,660.0,2021.0,Yes,Qualcomm SM8350 Snapdragon 888+ 5G (5 nm),1,Qualcomm,Snapdragon,8.0,12.0,128.0,512.0,120.0,6.67,"AMOLED, 1B colors, 120Hz, HDR10+, Dolby Vision, 800 nits (HBM)",4500.0,120.0,108.0,20.0,3.0,Yes,1125131.5,3373.0,"Android 11, MIUI 12.5",Yes,"Ceramic Black, Ceramic White, Shadow Gray",0
Xiaomi 12 Pro,Xiaomi,Xiaomi,Flagship,53464.6,381.89,2021.0,Yes,Qualcomm SM8450 Snapdragon 8 Gen 1 (4 nm),1,Qualcomm,Snapdragon,8.0,12.0,128.0,256.0,120.0,6.73,"LTPO AMOLED, 1B colors, 120Hz, Dolby Vision, HDR10+, 1000 nits (HBM), 1500 nits (peak)",4600.0,120.0,50.0,32.0,3.0,Yes,985226.0,3682.0,"Android 12, MIUI 13",Yes,"Gray, Blue, Purple, Green",0
Xiaomi 12,Xiaomi,Xiaomi,Flagship,15398.599999999999,109.99,2021.0,Yes,Qualcomm SM8450 Snapdragon 8 Gen 1 (4 nm),1,Qualcomm,Snapdragon,8.0,12.0,128.0,256.0,120.0,6.28,"AMOLED, 68B colors, 120Hz, Dolby Vision, HDR10+, 1100 nits (peak)",4500.0,67.0,50.0,32.0,3.0,Yes,985115.0,3652.0,"Android 12, MIUI 13",Yes,"Gray, Blue, Purple, Green",0
Xiaomi 12X,Xiaomi,Xiaomi,Flagship,25200.0,180.0,2021.0,Yes,Qualcomm SM8250-AC Snapdragon 870 5G (7 nm),1,Qualcomm,Snapdragon,8.0,12.0,128.0,256.0,120.0,6.28,"AMOLED, 68B colors, 120Hz, Dolby Vision, HDR10+, 1100 nits (peak)",4500.0,67.0,50.0,32.0,3.0,Yes,598003.0,3168.0,"Android 11, MIUI 13",Yes,"Gray, Blue, Purple",0
Xiaomi Redmi K40 Pro+,Xiaomi,Xiaomi,Flagship,65800.0,470.0,2021.0,Yes,Qualcomm SM8350 Snapdragon 888 5G (5 nm),1,Qualcomm,Snapdragon,12.0,12.0,256.0,256.0,120.0,6.67,"Super AMOLED, 120Hz, HDR10+, 1300 nits (peak)",4520.0,33.0,108.0,20.0,3.0,No,1710757.0,3373.0,"Android 11, MIUI 12",Yes,"Black, White, Aurora",0
Xiaomi Redmi K40 Pro,Xiaomi,Xiaomi,Flagship,50400.0,360.0,2021.0,Yes,Qualcomm SM8350 Snapdragon 888 5G (5 nm),1,Qualcomm,Snapdragon,6.0,12.0,128.0,256.0,120.0,6.67,"Super AMOLED, 120Hz, HDR10+, 1300 nits (peak)",4520.0,33.0,64.0,20.0,3.0,No,1710757.0,3373.0,"Android 11, MIUI 12",Yes,"Black, White, Aurora",0
Xiaomi Redmi K40,Xiaomi,Xiaomi,Flagship,39200.0,280.0,2021.0,Yes,Qualcomm SM8250-AC Snapdragon 870 5G (7 nm),1,Qualcomm,Snapdragon,6.0,12.0,128.0,256.0,120.0,6.67,"Super AMOLED, 120Hz, HDR10+, 1300 nits (peak)",4520.0,33.0,48.0,20.0,3.0,No,1425621.0,3520.0,"Android 11, MIUI 12",Yes,"Black, White, Aurora",0
Xiaomi Mi 10i 5G,Xiaomi,Xiaomi,Mid,35000.0,250.0,2021.0,Yes,Qualcomm SM7225 Snapdragon 750G 5G (8 nm),0,Qualcomm,Snapdragon,6.0,8.0,64.0,128.0,120.0,6.67,"IPS LCD, HDR10, 120Hz, 450 nits (typ)",4820.0,33.0,108.0,16.0,4.0,No,940334.0,1865.0,"Android 10, MIUI 12",Yes,"Pacific Sunrise, Midnight Black, Atlantic Blue",0
Xiaomi Redmi Note 9T,Xiaomi,Xiaomi,Budget,18200.0,130.0,2021.0,Yes,Mediatek Dimensity 800U (7 nm),0,Mediatek,Dimensity,4.0,6.0,64.0,128.0,60.0,6.53,"IPS LCD, 450 nits (typ)",5000.0,18.0,48.0,13.0,3.0,No,288732.0,1775.0,"Android 10, MIUI 12",Yes,"Nightfall Black, Daybreak Purple",0
Xiaomi Redmi Note 10T 5G,Xiaomi,Xiaomi,Budget,23800.0,170.0,2021.0,Yes,Mediatek Dimensity 700 (7 nm),0,Mediatek,Dimensity,4.0,6.0,64.0,128.0,90.0,6.5,"IPS LCD, 90Hz, 400 nits (typ), 500 nits (HBM)",5000.0,18.0,48.0,8.0,3.0,No,516116.0,1767.0,"Android 11, MIUI 12",No,"Metallic Blue, Mint Green, Chromium White, Graphite Black",0
Xiaomi Poco F3 GT,Xiaomi,Xiaomi,Mid,42000.0,300.0,2021.0,Yes,Mediatek Dimensity 1200 (6 nm),0,Mediatek,Dimensity,6.0,8.0,128.0,256.0,120.0,6.67,"AMOLED, 1B colors, 120Hz, HDR10+, 500 nits (typ)",5065.0,67.0,64.0,16.0,3.0,No,1303229.0,3353.0,"Android 11, upgradable to Android 12, MIUI 13 for POCO",Yes,"Predator Black, Gunmetal Silver",0
Xiaomi Poco X3 GT,Xiaomi,Xiaomi,Budget,21000.0,150.0,2021.0,Yes,Mediatek Dimensity 1100 (6 nm),0,Mediatek,Dimensity,8.0,8.0,128.0,256.0,120.0,6.6,"IPS LCD, 120Hz, HDR10, 450 nits (typ)",5000.0,67.0,64.0,16.0,3.0,No,506800.0,2310.0,"Android 11, MIUI 12.5 for POCO",Yes,"Stargaze Black, Wave Blue, Cloud White",0
Xiaomi Mi Mix Fold,Xiaomi,Xiaomi,Flagship,182000.0,1300.0,2021.0,Yes,Qualcomm SM8350 Snapdragon 888 5G (5 nm),1,Qualcomm,Snapdragon,12.0,16.0,256.0,512.0,60.0,8.01,"Foldable AMOLED, 1B colors, HDR10+, Dolby Vision, 600 nits (typ), 900 nits (peak)",5020.0,67.0,108.0,20.0,3.0,No,1125131.5,3373.0,"Android 10, MIUI 12",Yes,"Black, Ceramic",0
Xiaomi Redmi Note 10 5G,Xiaomi,Xiaomi,Budget,19600.0,140.0,2021.0,Yes,Mediatek Dimensity 700 (7 nm),0,Mediatek,Dimensity,4.0,8.0,64.0,256.0,90.0,6.5,"IPS LCD, 90Hz, 400 nits (typ), 500 nits (HBM)",5000.0,18.0,48.0,8.0,3.0,No,516116.0,1767.0,"Android 11, MIUI 12",Yes,"Chrome Silver, Graphite Gray, Nighttime Blue, Aurora Green",0
Xiaomi Mi 10S,Xiaomi,Xiaomi,Flagship,60200.0,430.0,2021.0,Yes,Qualcomm SM8250-AC Snapdragon 870 5G (7 nm),1,Qualcomm,Snapdragon,8.0,12.0,128.0,256.0,90.0,6.67,"AMOLED, 90Hz, HDR10+, 500 nits (typ), 1120 nits (peak)",4780.0,33.0,108.0,20.0,4.0,Yes,940334.0,3520.0,"Android 11, MIUI 12",Yes,"Titanium Black, Ice Blue, Pearl White",0
Xiaomi Poco F3,Xiaomi,Xiaomi,Flagship,28098.0,200.7,2021.0,Yes,Qualcomm SM8250-AC Snapdragon 870 5G (7 nm),1,Qualcomm,Snapdragon,6.0,8.0,128.0,256.0,120.0,6.67,"AMOLED, 120Hz, HDR10+, 1300 nits (peak)",4520.0,33.0,48.0,20.0,3.0,No,631850.0,3206.0,"Android 11, upgradable to Android 13, HyperOS",Yes,"Arctic White, Night Black, Deep Ocean Blue, Moonlight Silver",0
Xiaomi Black Shark 4 Pro,Xiaomi,Xiaomi,Flagship,70000.0,500.0,2021.0,Yes,Qualcomm SM8350 Snapdragon 888 5G (5 nm),1,Qualcomm,Snapdragon,8.0,16.0,128.0,512.0,144.0,6.67,"Super AMOLED, 144Hz, HDR10+, 1300 nits (peak)",4500.0,120.0,64.0,20.0,3.0,No,1077688.0,3373.0,"Android 11, Joy UI 12.5",Yes,"Shadow Black, Misty Grey, Cosmos Black, Dark Blue, Silver",0
Xiaomi Black Shark 4,Xiaomi,Xiaomi,Flagship,130200.0,930.0,2021.0,Yes,Qualcomm SM8250-AC Snapdragon 870 5G (7 nm),1,Qualcomm,Snapdragon,6.0,12.0,128.0,256.0,144.0,6.67,"Super AMOLED, 144Hz, HDR10+, 1300 nits (peak)",4500.0,120.0,48.0,20.0,3.0,No,617456.0,3448.0,"Android 11, Joy UI 12.5",Yes,"Mirror Black, Pale Grey, Black, Blue, Silver",0
Xiaomi Mi 11 Ultra,Xiaomi,Xiaomi,Flagship,210000.0,1500.0,2021.0,Yes,Qualcomm SM8350 Snapdragon 888 5G (5 nm),1,Qualcomm,Snapdragon,8.0,12.0,256.0,512.0,120.0,6.81,"AMOLED, 1B colors, 120Hz, HDR10+, Dolby Vision, 900 nits (HBM), 1700 nits (peak)",5000.0,67.0,50.0,20.0,3.0,Yes,688720.0,3191.0,"Android 11, upgradable to Android 13, MIUI 14",Yes,"Ceramic White (Cosmic White), Ceramic Black (Cosmic Black)",0
Xiaomi Mi 11 Pro,Xiaomi,Xiaomi,Flagship,51800.0,370.0,2021.0,Yes,Qualcomm SM8350 Snapdragon 888 5G (5 nm),1,Qualcomm,Snapdragon,8.0,12.0,128.0,256.0,120.0,6.81,"AMOLED, 1B colors, 120Hz, HDR10+, Dolby Vision, 1500 nits (peak)",5000.0,67.0,50.0,20.0,3.0,Yes,1119714.0,3373.0,"Android 11, MIUI 12.5",Yes,"Black, Green, Purple",0
Xiaomi Mi 11i,Xiaomi,Xiaomi,Flagship,32200.0,230.0,2021.0,Yes,Qualcomm SM8350 Snapdragon 888 5G (5 nm),1,Qualcomm,Snapdragon,8.0,8.0,128.0,256.0,120.0,6.67,"Super AMOLED, 120Hz, HDR10+, 900 nits (HBM), 1300 nits (peak)",4520.0,33.0,108.0,20.0,3.0,No,690021.0,3641.0,"Android 11, MIUI 12",Yes,"Celestial Silver, Frosty White, Cosmic Black",0
Xiaomi Mi 11 Lite 5G,Xiaomi,Xiaomi,Budget,16800.0,120.0,2021.0,Yes,Qualcomm SM7350-AB Snapdragon 780G (5 nm),0,Qualcomm,Snapdragon,6.0,8.0,64.0,256.0,90.0,6.55,"AMOLED, 1B colors, HDR10+, 90Hz, 500 nits (typ), 800 nits",4250.0,33.0,64.0,20.0,3.0,No,465534.0,2909.0,"Android 11, upgradable to Android 13, MIUI 14",Yes,"Truffle Black, Mint Green, Citrus Yellow",0
Xiaomi Poco M3 Pro 5G,Xiaomi,Xiaomi,Budget,19600.0,140.0,2021.0,Yes,Mediatek Dimensity 700 (7 nm),0,Mediatek,Dimensity,4.0,6.0,64.0,128.0,90.0,6.5,"IPS LCD, 90Hz, 400 nits (typ), 500 nits (HBM)",5000.0,18.0,48.0,8.0,3.0,No,533942.0,1767.0,"Android 11, MIUI 12",Yes,"Poco Yellow, Power Black, Cool Blue",0
Xiaomi Redmi Note 10 Pro (China),Xiaomi,Xiaomi,Mid,28000.0,200.0,2021.0,Yes,Mediatek Dimensity 1100 (6 nm),0,Mediatek,Dimensity,6.0,8.0,128.0,256.0,120.0,6.6,"IPS LCD, 120Hz, HDR10, 450 nits (typ)",5000.0,67.0,64.0,16.0,3.0,No,972810.0,3321.0,"Android 11, MIUI 12.5",Yes,"Stargaze Black, Wave Blue, Cloud White",0
Xiaomi Poco M4 Pro 5G,Xiaomi,Xiaomi,Budget,21000.0,150.0,2021.0,Yes,Mediatek Dimensity 810 (6 nm),0,Mediatek,Dimensity,4.0,8.0,64.0,256.0,90.0,6.6,"IPS LCD, 90Hz, 450 nits (typ)",5000.0,33.0,50.0,16.0,2.0,No,296721.0,1797.0,"Android 11, upgradable to Android 12, MIUI 13",Yes,"Poco Yellow, Power Black, Cool Blue",0
Xiaomi Redmi Note 11T 5G,Xiaomi,Xiaomi,Mid,30800.0,220.0,2021.0,Yes,Mediatek Dimensity 810 (6 nm),0,Mediatek,Dimensity,4.0,8.0,64.0,128.0,90.0,6.6,"IPS LCD, 90Hz",5000.0,33.0,50.0,16.0,2.0,No,426006.0,1900.0,"Android 11, MIUI 12.5",No,"Aquamarine Blue, Stardust White, Matte Black",0
Xiaomi Black Shark 4S Pro,Xiaomi,Xiaomi,Flagship,91000.0,650.0,2021.0,Yes,Qualcomm SM8350 Snapdragon 888+ 5G (5 nm),1,Qualcomm,Snapdragon,8.0,16.0,256.0,512.0,144.0,6.67,"Super AMOLED, 144Hz, HDR10+, 1300 nits (peak)",4500.0,120.0,64.0,20.0,3.0,No,1125131.5,3373.0,"Android 11, Joy UI 12.8",Yes,"Black, White",0
Xiaomi Black Shark 4S,Xiaomi,Xiaomi,Flagship,50400.0,360.0,2021.0,Yes,Qualcomm SM8250-AC Snapdragon 870 5G (7 nm),1,Qualcomm,Snapdragon,8.0,12.0,128.0,256.0,144.0,6.67,"Super AMOLED, 144Hz, HDR10+, 1300 nits (peak)",4500.0,120.0,48.0,20.0,3.0,No,1077688.0,3520.0,"Android 11, Joy UI 12.8",Yes,"Black, White",0
Xiaomi Redmi Note 11 Pro+ 5G,Xiaomi,Xiaomi,Mid,25200.0,180.0,2021.0,Yes,Mediatek Dimensity 920 (6 nm),0,Mediatek,Dimensity,6.0,8.0,128.0,256.0,120.0,6.67,"Super AMOLED, 120Hz, HDR10, 700 nits (HBM), 1200 nits (peak)",4500.0,120.0,108.0,16.0,3.0,No,375528.0,2225.0,"Android 11, MIUI 12.5",Yes,"Mysterious Black, Forest Green, Timeless Purple",0
Xiaomi Redmi Note 11 Pro (China),Xiaomi,Xiaomi,Mid,30800.0,220.0,2021.0,Yes,Mediatek Dimensity 920 (6 nm),0,Mediatek,Dimensity,6.0,8.0,128.0,256.0,120.0,6.67,"Super AMOLED, 120Hz, 700 nits, 1200 nits (peak)",5160.0,67.0,108.0,16.0,3.0,No,748159.0,2285.0,"Android 11, MIUI 12.5",Yes,"Mysterious Black, Forest Green, Timeless Purple, Milky Way Blue",0
Xiaomi Redmi Note 11 (China),Xiaomi,Xiaomi,Budget,19600.0,140.0,2021.0,Yes,Mediatek Dimensity 810 (6 nm),0,Mediatek,Dimensity,4.0,8.0,128.0,256.0,90.0,6.6,"IPS LCD, 90Hz",5000.0,33.0,50.0,16.0,2.0,No,583282.5,1900.0,"Android 11, MIUI 12.5",No,"Mysterious Black, Milky Way Blue, Mint Green",1
Xiaomi 11T Pro,Xiaomi,Xiaomi,Flagship,20300.0,145.0,2021.0,Yes,Qualcomm SM8350 Snapdragon 888 5G (5 nm),1,Qualcomm,Snapdragon,8.0,12.0,128.0,256.0,120.0,6.67,"AMOLED, Dolby Vision, 1B colors, 120Hz, HDR10+, 800 nits (typ), 1000 nits (peak)",5000.0,120.0,108.0,16.0,3.0,No,1127120.0,3373.0,"Android 11, upgradable to Android 13, MIUI 14",Yes,"Meteorite Gray, Moonlight White, Celestial Blue",0
Xiaomi 11T,Xiaomi,Xiaomi,Budget,24096.8,172.12,2021.0,Yes,Mediatek Dimensity 1200 (6 nm),0,Mediatek,Dimensity,8.0,8.0,128.0,256.0,120.0,6.67,"AMOLED, 1B colors, 120Hz, HDR10+, 800 nits (typ), 1000 nits (peak)",5000.0,67.0,108.0,16.0,3.0,No,590837.0,2834.0,"Android 11, upgradable to Android 13, MIUI 14",Yes,"Meteorite Gray, Moonlight White, Celestial Blue",0
Xiaomi 11 Lite 5G NE,Xiaomi,Xiaomi,Mid,28000.0,200.0,2021.0,Yes,Qualcomm SM7325 Snapdragon 778G 5G (6 nm),0,Qualcomm,Snapdragon,6.0,8.0,128.0,256.0,90.0,6.55,"AMOLED, 1B colors, Dolby Vision, HDR10+, 90Hz, 500 nits (typ), 800 nits (HBM)",4250.0,33.0,64.0,20.0,3.0,No,527663.0,2832.0,"Android 11, upgradable to Android 14, HyperOS",Yes,"Truffle Black (Vinyl Black), Bubblegum Blue (Jazz Blue), Peach Pink (Tuscany Coral), Snowflake White (Diamond Dazzle)",0
Xiaomi Civi,Xiaomi,Xiaomi,Mid,49000.0,350.0,2021.0,Yes,Qualcomm SM7325 Snapdragon 778G 5G (6 nm),0,Qualcomm,Snapdragon,8.0,12.0,128.0,256.0,120.0,6.55,"OLED, 1B colors, Dolby Vision, HDR10+, 120Hz, 950 nits (peak)",4500.0,55.0,64.0,32.0,3.0,No,791030.0,2943.0,"Android 11, MIUI 12.5",Yes,"Black, Blue, Pink",0
Xiaomi Civi 1S,Xiaomi,Xiaomi,Mid,46200.0,330.0,2022.0,Yes,Qualcomm SM7325-AE Snapdragon 778G+ 5G (6 nm),0,Qualcomm,Snapdragon,8.0,12.0,128.0,256.0,120.0,6.55,"OLED, 1B colors, Dolby Vision, HDR10+, 120Hz, 950 nits (peak)",4500.0,55.0,64.0,32.0,3.0,No,1806236.0,2943.0,"Android 12, MIUI 13",Yes,"Black, Blue, Pink, Silver",0
Xiaomi Poco F4 GT,Xiaomi,Xiaomi,Flagship,79800.0,570.0,2022.0,Yes,Qualcomm SM8450 Snapdragon 8 Gen 1 (4 nm),1,Qualcomm,Snapdragon,8.0,12.0,128.0,256.0,120.0,6.67,"AMOLED, 1B colors, 120Hz, HDR10+, 800 nits (HBM)",4700.0,120.0,64.0,20.0,3.0,No,952124.0,3637.0,"Android 12, upgradable to Android 14, HyperOS 2",Yes,"Stealth Black, Knight Silver, Cyber Yellow",0
Xiaomi Poco M4 5G (India),Xiaomi,Xiaomi,Mid,26600.0,190.0,2022.0,Yes,Mediatek Dimensity 700 (7 nm),0,Mediatek,Dimensity,4.0,6.0,64.0,128.0,90.0,6.58,"IPS LCD, 90Hz",5000.0,18.0,50.0,8.0,2.0,No,515647.0,1767.0,"Android 12, MIUI 13",Yes,"Gray, Silver, Blue",0
Xiaomi Redmi K50 Ultra,Xiaomi,Xiaomi,Flagship,60200.0,430.0,2022.0,Yes,Qualcomm SM8475 Snapdragon 8+ Gen 1 (4 nm),1,Qualcomm,Snapdragon,8.0,12.0,128.0,512.0,144.0,6.67,"OLED, 68B colors, 144Hz, HDR10+, Dolby Vision",5000.0,120.0,108.0,20.0,3.0,Yes,1811490.0,3773.0,"Android 12, MIUI 13",Yes,"Black, Gray, Blue, Mercedes AMG",0
Xiaomi Mix Fold 2,Xiaomi,Xiaomi,Flagship,182000.0,1300.0,2022.0,Yes,Qualcomm SM8475 Snapdragon 8+ Gen 1 (4 nm),1,Qualcomm,Snapdragon,12.0,12.0,256.0,512.0,120.0,8.02,"Foldable LTPO2 OLED, 1B colors, 120Hz, HDR10+, Dolby Vision, 1000 nits (HBM), 1300 nits (peak)",4500.0,67.0,50.0,20.0,3.0,Yes,1050139.0,4368.0,"Android 12, MIUI Fold 13",Yes,"Black, Gold",0
Xiaomi Poco M4 5G,Xiaomi,Xiaomi,Mid,25200.0,180.0,2022.0,Yes,Mediatek Dimensity 700 (7 nm),0,Mediatek,Dimensity,4.0,6.0,64.0,128.0,90.0,6.58,"IPS LCD, 90Hz, 500 nits (HBM)",5000.0,18.0,13.0,5.0,2.0,No,336380.0,1730.0,"Android 12, MIUI 13",Yes,"Power Black, Cool Blue, Poco Yellow",0
Xiaomi 13 Pro,Xiaomi,Xiaomi,Flagship,105000.0,750.0,2022.0,Yes,Qualcomm SM8550-AB Snapdragon 8 Gen 2 (4 nm),1,Qualcomm,Snapdragon,8.0,12.0,128.0,512.0,120.0,6.73,"LTPO AMOLED, 1B colors, 120Hz, Dolby Vision, HDR10+, 1200 nits (HBM), 1900 nits (peak)",4820.0,120.0,50.3,32.0,3.0,Yes,1281666.0,5087.0,"Android 13, upgradable to Android 14, HyperOS",Yes,"Ceramic White, Ceramic Black, Ceramic Flora Green, Mountain Blue",0
Xiaomi 13,Xiaomi,Xiaomi,Flagship,67198.6,479.99,2022.0,Yes,Qualcomm SM8550-AB Snapdragon 8 Gen 2 (4 nm),1,Qualcomm,Snapdragon,8.0,12.0,128.0,512.0,120.0,6.36,"AMOLED, 120Hz, Dolby Vision, HDR10+, 1200 nits (HBM), 1900 nits (peak)",4500.0,67.0,50.0,32.0,3.0,Yes,1248260.0,5129.0,"Android 13, upgradable to Android 14, MIUI 14",Yes,"White, Black, Flora Green, Mountain Blue, Red, Blue, Yellow, Green, Gray",0
Xiaomi Redmi Note 12 Pro Speed,Xiaomi,Xiaomi,Mid,32200.0,230.0,2022.0,Yes,Qualcomm SM7325 Snapdragon 778G 5G (6 nm),0,Qualcomm,Snapdragon,6.0,12.0,128.0,256.0,120.0,6.67,"OLED, 1B colors, 120Hz, Dolby Vision, HDR10+, 500 nits (typ), 900 nits (HBM)",5000.0,67.0,108.0,16.0,3.0,No,791030.0,2943.0,"Android 13, MIUI 14",Yes,"Black, Blue, Green",0
Xiaomi Redmi K60 Pro,Xiaomi,Xiaomi,Flagship,64400.0,460.0,2022.0,Yes,Qualcomm SM8550-AB Snapdragon 8 Gen 2 (4 nm),1,Qualcomm,Snapdragon,8.0,16.0,128.0,512.0,120.0,6.67,"OLED, 68B colors, 120Hz, Dolby Vision, HDR10+, 1400 nits (peak)",5000.0,120.0,54.0,16.0,3.0,Yes,1710757.0,5558.0,"Android 13, MIUI 14",Yes,"Black, White, Mint, Champion Black",0
Xiaomi Redmi K60E,Xiaomi,Xiaomi,Mid,42000.0,300.0,2022.0,Yes,Mediatek Dimensity 8200 (4 nm),0,Mediatek,Dimensity,8.0,12.0,128.0,512.0,120.0,6.67,"OLED, 120Hz, Dolby Vision, HDR10+, 1200 nits (peak)",5500.0,67.0,48.0,20.0,3.0,Yes,1425621.0,3891.0,"Android 12, MIUI 13",Yes,"Black, White, Green",0
Xiaomi Redmi K60,Xiaomi,Xiaomi,Flagship,49000.0,350.0,2022.0,Yes,Qualcomm SM8475 Snapdragon 8+ Gen 1 (4 nm),1,Qualcomm,Snapdragon,8.0,16.0,128.0,512.0,120.0,6.67,"OLED, 68B colors, 120Hz, Dolby Vision, HDR10+, 1400 nits (peak)",5500.0,67.0,64.0,16.0,3.0,Yes,1425621.0,3773.0,"Android 13, MIUI 14",Yes,"Black, White, Blue, Green",0
Xiaomi Redmi K50 Gaming,Xiaomi,Xiaomi,Flagship,64400.0,460.0,2022.0,Yes,Qualcomm SM8450 Snapdragon 8 Gen 1 (4 nm),1,Qualcomm,Snapdragon,8.0,12.0,128.0,256.0,120.0,6.67,"OLED, 1B colors, 120Hz, HDR10+, 800 nits (HBM)",4700.0,120.0,64.0,20.0,3.0,No,1303229.0,3773.0,"Android 12, MIUI 13",Yes,"Black, Gray, Blue, AMG",0
Xiaomi Poco X4 Pro 5G,Xiaomi,Xiaomi,Mid,32170.6,229.79,2022.0,Yes,Qualcomm SM6375 Snapdragon 695 5G (6 nm),0,Qualcomm,Snapdragon,6.0,8.0,64.0,256.0,120.0,6.67,"Super AMOLED, 120Hz, 700 nits, 1200 nits (peak)",5000.0,67.0,108.0,16.0,3.0,No,335353.0,2063.0,"Android 11, MIUI 13 for POCO",Yes,"Laser Black, Laser Blue, Poco Yellow",0
Xiaomi 11i HyperCharge 5G,Xiaomi,Xiaomi,Mid,42000.0,300.0,2022.0,Yes,Mediatek Dimensity 920 (6 nm),0,Mediatek,Dimensity,6.0,8.0,128.0,256.0,120.0,6.67,"AMOLED, 120Hz, 700 nits, 1200 nits (peak)",4500.0,120.0,108.0,16.0,3.0,No,375528.0,2225.0,"Android 11, upgradable to Android 12, MIUI 13",No,"Camo Green, Stealth Black, Purple Mist, Pacific Pearl",0
Xiaomi 11i,Xiaomi,Xiaomi,Mid,46200.0,330.0,2022.0,Yes,Mediatek Dimensity 920 (6 nm),0,Mediatek,Dimensity,6.0,8.0,128.0,256.0,120.0,6.67,"AMOLED, 120Hz, HDR10, 700 nits, 1200 nits (peak)",5160.0,67.0,108.0,16.0,3.0,No,1098795.0,2285.0,"Android 11, upgradable to Android 12, MIUI 13",No,"Camo Green, Stealth Black, Purple Mist, Pacific Pearl",0
Xiaomi Redmi Note 11 Pro 5G,Xiaomi,Xiaomi,Budget,13858.599999999999,98.99,2022.0,Yes,Qualcomm SM6375 Snapdragon 695 5G (6 nm),0,Qualcomm,Snapdragon,4.0,8.0,64.0,128.0,120.0,6.67,"Super AMOLED, 120Hz, 700 nits, 1200 nits (peak)",5000.0,67.0,108.0,16.0,3.0,No,288914.0,2063.0,"Android 11, MIUI 13",Yes,"Graphite Gray, Polar White, Atlantic Blue",0
Xiaomi 12S Ultra,Xiaomi,Xiaomi,Flagship,35000.0,250.0,2022.0,Yes,Qualcomm SM8475 Snapdragon 8+ Gen 1 (4 nm),1,Qualcomm,Snapdragon,8.0,12.0,256.0,512.0,120.0,6.73,"LTPO2 AMOLED, 1B colors, 120Hz, Dolby Vision, HDR10+, 1000 nits (HBM), 1500 nits (peak)",4860.0,67.0,50.0,32.0,3.0,Yes,1039412.0,4300.0,"Android 12, MIUI 13",Yes,"Black, Dark Green",0
Xiaomi 12S Pro,Xiaomi,Xiaomi,Flagship,93800.0,670.0,2022.0,Yes,Qualcomm SM8475 Snapdragon 8+ Gen 1 (4 nm),1,Qualcomm,Snapdragon,8.0,12.0,128.0,512.0,120.0,6.73,"LTPO AMOLED, 1B colors, 120Hz, Dolby Vision, HDR10+, 1000 nits (HBM), 1500 nits (peak)",4600.0,120.0,50.0,32.0,3.0,Yes,1305466.0,3773.0,"Android 12, MIUI 13",Yes,"Gray, White, Purple, Green",0
Xiaomi 12S,Xiaomi,Xiaomi,Flagship,79800.0,570.0,2022.0,Yes,Qualcomm SM8475 Snapdragon 8+ Gen 1 (4 nm),1,Qualcomm,Snapdragon,8.0,12.0,128.0,512.0,120.0,6.28,"AMOLED, 68B colors, 120Hz, Dolby Vision, HDR10+, 1100 nits (peak)",4500.0,67.0,50.0,32.0,3.0,Yes,1381634.0,3773.0,"Android 12, MIUI 13",Yes,"Gray, White, Purple, Green",0
Xiaomi 12 Pro (Dimensity),Xiaomi,Xiaomi,Mid,79800.0,570.0,2022.0,Yes,Mediatek Dimensity 9000+ (4 nm),0,Mediatek,Dimensity,8.0,12.0,128.0,256.0,120.0,6.73,"LTPO2 AMOLED, 1B colors, 120Hz, Dolby Vision, HDR10+, 1000 nits (HBM), 1500 nits (peak)",5160.0,67.0,50.0,32.0,3.0,Yes,1458783.5,4384.0,"Android 12, MIUI 13",Yes,"Gray, Blue",0
Xiaomi 12 Lite,Xiaomi,Xiaomi,Budget,21000.0,150.0,2022.0,Yes,Qualcomm SM7325 Snapdragon 778G 5G (6 nm),0,Qualcomm,Snapdragon,6.0,8.0,128.0,256.0,120.0,6.55,"AMOLED, 68B colors, 120Hz, Dolby Vision, HDR10+, 950 nits (peak)",4300.0,67.0,108.0,32.0,3.0,No,528905.0,2943.0,"Android 12, upgradable to Android 14, HyperOS",Yes,"Black, Lite Green, Lite Pink",0
Xiaomi Redmi K50i,Xiaomi,Xiaomi,Mid,44800.0,320.0,2022.0,Yes,Mediatek Dimensity 8100 (5 nm),0,Mediatek,Dimensity,6.0,8.0,128.0,256.0,144.0,6.6,"FFS LCD, 144Hz, HDR10, Dolby Vision, 500 nits (typ), 650 nits (HBM)",5080.0,67.0,64.0,16.0,3.0,No,1425621.0,3842.0,"Android 12, upgradable to Android 13, MIUI 14",No,"Phantom Blue, Stealth Black, Quick Silver",1
Xiaomi Poco F4,Xiaomi,Xiaomi,Flagship,35000.0,250.0,2022.0,Yes,Qualcomm SM8250-AC Snapdragon 870 5G (7 nm),1,Qualcomm,Snapdragon,6.0,12.0,128.0,256.0,120.0,6.67,"AMOLED, 120Hz, HDR10+, Dolby Vision, 900 nits (HBM), 1300 nits (peak)",4500.0,67.0,64.0,20.0,3.0,Yes,590961.0,3190.0,"Android 12, upgradable to Android 13, MIUI 14.2 for POCO",Yes,"Moonlight Silver, Night Black, Nebula Green",0
Xiaomi Poco X4 GT,Xiaomi,Xiaomi,Mid,33600.0,240.0,2022.0,Yes,Mediatek Dimensity 8100 (5 nm),0,Mediatek,Dimensity,8.0,8.0,128.0,256.0,144.0,6.6,"IPS LCD, 144Hz, HDR10, Dolby Vision, 500 nits (typ), 650 nits (HBM)",5080.0,67.0,64.0,16.0,3.0,No,747871.0,3719.0,"Android 12, MIUI 13 for POCO",Yes,"Black, Blue, Silver",0
Xiaomi Redmi Note 11E Pro,Xiaomi,Xiaomi,Mid,33600.0,240.0,2022.0,Yes,Qualcomm SM6375 Snapdragon 695 5G (6 nm),0,Qualcomm,Snapdragon,6.0,8.0,128.0,256.0,120.0,6.67,"Super AMOLED, 120Hz, 700 nits, 1200 nits (peak)",5000.0,67.0,108.0,16.0,3.0,No,590710.0,2003.0,"Android 11, MIUI 13",Yes,"Graphite Gray, Polar White, Atlantic Blue",0
Xiaomi Redmi Note 11E,Xiaomi,Xiaomi,Budget,23800.0,170.0,2022.0,Yes,Mediatek Dimensity 700 (7 nm),0,Mediatek,Dimensity,4.0,6.0,128.0,128.0,90.0,6.58,"IPS LCD, 90Hz",5000.0,18.0,50.0,5.0,2.0,No,426006.0,1767.0,"Android 11, MIUI 13",No,"Gray, Silver, Atlantic Blue",0
Xiaomi Redmi Note 11 Pro+ 5G (India),Xiaomi,Xiaomi,Mid,35000.0,250.0,2022.0,Yes,Qualcomm SM6375 Snapdragon 695 5G (6 nm),0,Qualcomm,Snapdragon,6.0,8.0,64.0,256.0,120.0,6.67,"Super AMOLED, 120Hz, 700 nits, 1200 nits (peak)",5000.0,67.0,108.0,16.0,3.0,No,590710.0,2003.0,"Android 11, MIUI 13",No,"Mirage Blue, Phantom White, Stealth Black",0
Xiaomi Redmi K50 Pro,Xiaomi,Xiaomi,Mid,57400.0,410.0,2022.0,Yes,Mediatek Dimensity 9000 (4 nm),0,Mediatek,Dimensity,8.0,12.0,128.0,512.0,120.0,6.67,"OLED, 120Hz, Dolby Vision, HDR10+, 1200 nits (peak)",5000.0,120.0,108.0,20.0,3.0,Yes,1710757.0,4384.0,"Android 12, MIUI 13",Yes,"Black, Gray, Blue, Green",0
Xiaomi Redmi K50,Xiaomi,Xiaomi,Mid,67200.0,480.0,2022.0,Yes,Mediatek Dimensity 8100 (5 nm),0,Mediatek,Dimensity,8.0,12.0,128.0,512.0,120.0,6.67,"OLED, 120Hz, Dolby Vision, HDR10+, 1200 nits (peak)",5500.0,67.0,48.0,20.0,3.0,Yes,1425621.0,3842.0,"Android 12, MIUI 13",Yes,"Black, Gray, Blue, Green",0
Xiaomi Redmi K40S,Xiaomi,Xiaomi,Flagship,36400.0,260.0,2022.0,Yes,Qualcomm SM8250-AC Snapdragon 870 5G (7 nm),1,Qualcomm,Snapdragon,6.0,12.0,128.0,256.0,120.0,6.67,"AMOLED, 120Hz, HDR10+, 1300 nits (peak)",4500.0,67.0,48.0,20.0,3.0,Yes,1425621.0,3520.0,"Android 12, MIUI 13",Yes,"Black, Gray, Blue, Green",0
Xiaomi Redmi Note 11S 5G,Xiaomi,Xiaomi,Budget,19600.0,140.0,2022.0,Yes,Mediatek Dimensity 810 (6 nm),0,Mediatek,Dimensity,4.0,8.0,64.0,128.0,90.0,6.6,"IPS LCD, 90Hz, 450 nits (typ)",5000.0,33.0,50.0,13.0,3.0,No,360255.0,1820.0,"Android 11, MIUI 13",Yes,"Midnight Black, Twilight Blue, Star Blue",0
Xiaomi Redmi 10 5G,Xiaomi,Xiaomi,Budget,14000.0,100.0,2022.0,Yes,Mediatek Dimensity 700 (7 nm),0,Mediatek,Dimensity,4.0,6.0,64.0,128.0,90.0,6.58,"IPS LCD, 90Hz",5000.0,18.0,50.0,5.0,2.0,No,385831.0,1767.0,"Android 12, MIUI 13",Yes,"Graphite Gray, Chrome Silver, Aurora Green",0
Xiaomi Black Shark 5 Pro,Xiaomi,Xiaomi,Flagship,100800.0,720.0,2022.0,Yes,Qualcomm SM8450 Snapdragon 8 Gen 1 (4 nm),1,Qualcomm,Snapdragon,8.0,16.0,128.0,512.0,144.0,6.67,"OLED, 1B colors, 144Hz, HDR10+",4650.0,120.0,108.0,16.0,3.0,No,876704.0,3665.0,"Android 12, Joy UI 13",Yes,"Black, White",0
Xiaomi Black Shark 5,Xiaomi,Xiaomi,Flagship,84000.0,600.0,2022.0,Yes,Qualcomm SM8250-AC Snapdragon 870 5G (7 nm),1,Qualcomm,Snapdragon,8.0,12.0,128.0,256.0,144.0,6.67,"AMOLED, 144Hz, 1300 nits (peak)",4650.0,120.0,64.0,16.0,3.0,No,1077688.0,3520.0,"Android 12, Joy UI 13",Yes,"Black, White, Gray",0
Xiaomi Black Shark 5 RS,Xiaomi,Xiaomi,Flagship,65800.0,470.0,2022.0,Yes,Qualcomm SM8350 Snapdragon 888/888+ 5G (5 nm),1,Qualcomm,Snapdragon,8.0,12.0,256.0,256.0,144.0,6.67,"AMOLED, 144Hz, 1300 nits (peak)",4500.0,120.0,64.0,20.0,3.0,No,528245.0,2063.0,"Android 12, Joy UI 12.8",Yes,"Black, Yellow",0
Xiaomi Redmi Note 11T Pro+,Xiaomi,Xiaomi,Mid,42000.0,300.0,2022.0,Yes,Mediatek Dimensity 8100 (5 nm),0,Mediatek,Dimensity,8.0,8.0,128.0,512.0,144.0,6.6,"IPS LCD, 144Hz, HDR10, Dolby Vision, 650 nits (typ)",4400.0,120.0,64.0,16.0,3.0,No,528245.0,3842.0,"Android 12, MIUI 13",Yes,"Blue, Silver, Black",0
Xiaomi Redmi Note 11T Pro,Xiaomi,Xiaomi,Mid,35000.0,250.0,2022.0,Yes,Mediatek Dimensity 8100 (5 nm),0,Mediatek,Dimensity,6.0,12.0,128.0,512.0,144.0,6.6,"IPS LCD, 144Hz, HDR10, Dolby Vision, 650 nits (typ)",5080.0,67.0,64.0,16.0,3.0,No,528245.0,3842.0,"Android 12, MIUI 13",Yes,"Blue, Silver, Black",0
Xiaomi Redmi Note 11SE,Xiaomi,Xiaomi,Budget,21000.0,150.0,2022.0,Yes,Mediatek Dimensity 700 (7 nm),0,Mediatek,Dimensity,4.0,8.0,128.0,128.0,90.0,6.5,"IPS LCD, 90Hz, 400 nits (typ)",5000.0,18.0,48.0,8.0,2.0,No,484747.0,1767.0,"Android 11, MIUI 12.5",Yes,"Blue, Black",0
Xiaomi 12T Pro,Xiaomi,Xiaomi,Flagship,43535.8,310.97,2022.0,Yes,Qualcomm SM8475 Snapdragon 8+ Gen 1 (4 nm),1,Qualcomm,Snapdragon,8.0,12.0,128.0,256.0,120.0,6.67,"AMOLED, 68B colors, 120Hz, Dolby Vision, HDR10+, 500 nits (typ), 900 nits (peak)",5000.0,120.0,200.0,20.0,3.0,Yes,1032185.0,4081.0,"Android 12, upgradable to Android 14, HyperOS",Yes,"Black, Silver, Blue",1
Xiaomi 12T,Xiaomi,Xiaomi,Flagship,21000.0,150.0,2022.0,Yes,Mediatek Dimensity 8100 Ultra (5 nm),1,Mediatek,Dimensity,8.0,8.0,128.0,256.0,120.0,6.67,"AMOLED, 68B colors, 120Hz, HDR10+, 500 nits (typ), 900 nits (peak)",5000.0,120.0,108.0,20.0,3.0,Yes,780204.0,3756.0,"Android 12, upgradable to Android 14, MIUI 14",Yes,"Black, Silver, Blue",0
Xiaomi Redmi Note 12,Xiaomi,Xiaomi,Flagship,14763.0,105.45,2022.0,Yes,Qualcomm SM4375 Snapdragon 4 Gen 1 (6 nm),1,Qualcomm,Snapdragon,4.0,8.0,128.0,256.0,120.0,6.67,"AMOLED, 120Hz, 1200 nits (peak)",5000.0,33.0,48.0,13.0,3.0,No,360745.0,1998.0,"Android 12, MIUI 14 (International), MIUI 13 (India)",Yes,"Frosted Green, Matte Black, Mystique Blue",1
Xiaomi Redmi Note 12 Discovery,Xiaomi,Xiaomi,Mid,53200.0,380.0,2022.0,Yes,Mediatek Dimensity 1080 (6 nm),0,Mediatek,Dimensity,8.0,8.0,256.0,256.0,120.0,6.67,"OLED, 1B colors, 120Hz, Dolby Vision, HDR10+, 500 nits (typ), 900 nits (HBM)",4300.0,210.0,200.0,16.0,3.0,Yes,727723.5,2507.0,"Android 12, MIUI 13",Yes,Black,0
Xiaomi Redmi Note 12 Pro+,Xiaomi,Xiaomi,Mid,26600.0,190.0,2022.0,Yes,Mediatek Dimensity 1080 (6 nm),0,Mediatek,Dimensity,8.0,12.0,256.0,256.0,120.0,6.67,"OLED, 1B colors, 120Hz, Dolby Vision, HDR10+, 500 nits (typ), 900 nits (HBM)",5000.0,120.0,200.0,16.0,3.0,Yes,498710.0,2208.0,"Android 12, upgradable to Android 14, HyperOS",Yes,"Arctic White, Iceberg Blue, Obsidian Black, Trend edition",0
Xiaomi Redmi Note 12 Pro,Xiaomi,Xiaomi,Budget,17078.6,121.99,2022.0,Yes,Mediatek Dimensity 1080 (6 nm),0,Mediatek,Dimensity,6.0,12.0,128.0,256.0,120.0,6.67,"AMOLED, 1B colors, 120Hz, Dolby Vision, HDR10+, 500 nits (typ), 900 nits (HBM)",5000.0,67.0,50.0,16.0,3.0,Yes,490526.0,2209.0,"Android 12, MIUI 13",Yes,"Frosted Blue (Sky Blue), Onyx Black (Midnight Black), Polar White, Stardust Purple",0
Xiaomi Redmi Note 12 (China),Xiaomi,Xiaomi,Flagship,26600.0,190.0,2022.0,Yes,Qualcomm SM4375 Snapdragon 4 Gen 1 (6 nm),1,Qualcomm,Snapdragon,4.0,12.0,128.0,256.0,120.0,6.67,"Samsung AMOLED, 120Hz, 1200 nits (peak)",5000.0,33.0,48.0,8.0,2.0,No,462755.0,2048.0,"Android 12, MIUI 13",No,"Black, White, Blue",0
Xiaomi Redmi 11 Prime 5G,Xiaomi,Xiaomi,Mid,25200.0,180.0,2022.0,Yes,Mediatek Dimensity 700 (7 nm),0,Mediatek,Dimensity,4.0,6.0,64.0,128.0,90.0,6.58,"IPS LCD, 90Hz",5000.0,18.0,50.0,5.0,2.0,No,515647.0,1767.0,"Android 12, MIUI 13",Yes,"Thunder Black, Chrome Silver, Meadow Green",0
Xiaomi Civi 2,Xiaomi,Xiaomi,Mid,49000.0,350.0,2022.0,Yes,Qualcomm SM7450-AB Snapdragon 7 Gen 1 (4 nm),0,Qualcomm,Snapdragon,8.0,12.0,128.0,256.0,120.0,6.55,"AMOLED, 1B colors, Dolby Vision, HDR10+, 120Hz, 1000 nits (peak)",4500.0,67.0,50.0,32.0,3.0,No,820102.5,2885.0,"Android 12, MIUI 13",Yes,"Black, Blue, Violet, Silver, Hello Kitty",0
Xiaomi Redmi Note 11R,Xiaomi,Xiaomi,Budget,22400.0,160.0,2022.0,Yes,Mediatek Dimensity 700 (7 nm),0,Mediatek,Dimensity,4.0,8.0,128.0,128.0,90.0,6.58,"IPS LCD, 90Hz, 400 nits (typ)",5000.0,18.0,13.0,5.0,2.0,No,426006.0,1767.0,"Android 12, MIUI 13",No,"Black, Blue, Gray",0
Xiaomi 13 Ultra,Xiaomi,Xiaomi,Flagship,54600.0,390.0,2023.0,Yes,Qualcomm SM8550-AB Snapdragon 8 Gen 2 (4 nm),1,Qualcomm,Snapdragon,12.0,16.0,256.0,512.0,120.0,6.73,"LTPO AMOLED, 68B colors, 120Hz, Dolby Vision, HDR10+, 1300 nits (HBM), 2600 nits (peak)",5000.0,90.0,50.0,32.0,4.0,Yes,1268538.0,5049.0,"Android 13, upgradable to Android 14, HyperOS",Yes,"Black, Olive Green, White, Orange, Yellow, Blue",0
Xiaomi Redmi 12 5G,Xiaomi,Xiaomi,Flagship,16910.600000000002,120.79,2023.0,Yes,Qualcomm SM4450 Snapdragon 4 Gen 2 (4 nm),1,Qualcomm,Snapdragon,4.0,8.0,128.0,256.0,90.0,6.79,"IPS LCD, 90Hz, 550 nits",5000.0,18.0,50.0,8.0,2.0,No,463428.5,2249.0,"Android 13, upgradable to Android 15, HyperOS 2",No,"Jade Black, Pastel Blue, Moonstone Silver",0
Xiaomi Poco M6 Pro,Xiaomi,Xiaomi,Flagship,16800.0,120.0,2023.0,Yes,Qualcomm SM4450 Snapdragon 4 Gen 2 (4 nm),1,Qualcomm,Snapdragon,4.0,8.0,64.0,256.0,90.0,6.79,"IPS LCD, 90Hz, 550 nits",5000.0,18.0,50.0,8.0,2.0,No,556954.5,2249.0,"Android 13, MIUI 14",No,"Power Black, Forest Green",0
Xiaomi Mix Fold 3,Xiaomi,Xiaomi,Flagship,161000.0,1150.0,2023.0,Yes,Qualcomm SM8550-AC Snapdragon 8 Gen 2 (4 nm),1,Qualcomm,Snapdragon,12.0,16.0,256.0,512.0,120.0,8.03,"Foldable LTPO OLED+, 1B colors, 120Hz, HDR10+, Dolby Vision, 1300 nits (peak)",4800.0,67.0,50.0,20.0,4.0,Yes,1235547.0,4797.0,"Android 13, upgradable to Android 14, HyperOS",Yes,"Black, Gold",0
Xiaomi Redmi K60 Ultra,Xiaomi,Xiaomi,Mid,46200.0,330.0,2023.0,Yes,Mediatek Dimensity 9200+ (4 nm),0,Mediatek,Dimensity,12.0,24.0,256.0,512.0,144.0,6.67,"OLED, 68B colors, 144Hz, Dolby Vision, HDR10+, 2600 nits (peak)",5000.0,120.0,50.0,20.0,3.0,Yes,1811490.0,5281.0,"Android 13, MIUI 14",Yes,"Black, White, Green",0
Xiaomi Redmi 13C 5G,Xiaomi,Xiaomi,Budget,20144.6,143.89,2023.0,Yes,Mediatek Dimensity 6100+ (6 nm),0,Mediatek,Dimensity,4.0,8.0,64.0,256.0,90.0,6.74,"IPS LCD, 90Hz, 450 nits (typ), 600 nits (HBM)",5000.0,18.0,50.0,5.0,1.0,No,453033.5,1850.5,"Android 13, MIUI 14",Yes,"Starry Black, Twilight Blue, Starry Silver, Starlight Black, Startrail Green, Startrail Silver",0
Xiaomi Redmi 13R,Xiaomi,Xiaomi,Budget,18200.0,130.0,2023.0,Yes,Mediatek Dimensity 6100+ (6 nm),0,Mediatek,Dimensity,4.0,4.0,128.0,128.0,90.0,6.74,"IPS LCD, 90Hz, 450 nits (typ), 600 nits (HBM)",5000.0,18.0,50.0,5.0,1.0,No,460744.0,1850.5,"Android 13, MIUI 14",No,"Black, Green, Purple",0
Xiaomi Poco M6,Xiaomi,Xiaomi,Mid,26600.0,190.0,2023.0,Yes,Mediatek Dimensity 6100+ (6 nm),0,Mediatek,Dimensity,4.0,8.0,64.0,256.0,90.0,6.74,"IPS LCD, 90Hz, 450 nits (typ), 600 nits (HBM)",5000.0,18.0,50.0,5.0,1.0,No,407997.0,1954.0,"Android 13, MIUI 14",No,"Galactic Black, Orion Blue",0
Xiaomi Poco X5 Pro,Xiaomi,Xiaomi,Budget,24732.399999999998,176.66,2023.0,Yes,Qualcomm SM7325 Snapdragon 778G 5G (6 nm),0,Qualcomm,Snapdragon,6.0,8.0,128.0,256.0,120.0,6.67,"AMOLED, 1B colors, 120Hz, Dolby Vision, HDR10+, 500 nits (typ), 900 nits (HBM)",5000.0,67.0,108.0,16.0,3.0,No,531398.0,2930.0,"Android 12, upgradable to Android 13, MIUI 14 for POCO",Yes,"Astral Black, Horizon Blue, Poco Yellow",0
Xiaomi Poco X5,Xiaomi,Xiaomi,Mid,40600.0,290.0,2023.0,Yes,Qualcomm SM6375 Snapdragon 695 5G (6 nm),0,Qualcomm,Snapdragon,6.0,8.0,128.0,256.0,120.0,6.67,"Super AMOLED, 120Hz, 700 nits (HBM), 1200 nits (peak)",5000.0,33.0,48.0,13.0,3.0,No,400895.0,2088.0,"Android 12, MIUI 13 for POCO",Yes,"Jaguar Black, Wildcat Blue, Supernova Green",0
Xiaomi 13 Lite,Xiaomi,Xiaomi,Mid,25200.0,180.0,2023.0,Yes,Qualcomm SM7450-AB Snapdragon 7 Gen 1 (4 nm),0,Qualcomm,Snapdragon,8.0,8.0,64.0,256.0,120.0,6.55,"AMOLED, 68B colors, Dolby Vision, HDR10+, 120Hz, 500 nits (typ), 1000 nits (peak)",4500.0,67.0,50.0,32.0,3.0,No,534143.0,2936.0,"Android 12, MIUI 14",Yes,"Black, Lite Blue, Lite Pink",0
Xiaomi Redmi Note 12R Pro,Xiaomi,Xiaomi,Flagship,30800.0,220.0,2023.0,Yes,Qualcomm SM4375 Snapdragon 4 Gen 1 (6 nm),1,Qualcomm,Snapdragon,12.0,12.0,256.0,256.0,120.0,6.67,"OLED, 120Hz, 1200 nits (peak)",5000.0,33.0,48.0,8.0,2.0,No,620356.0,2048.0,"Android 13, MIUI 13",Yes,"Black, White, Gold",0
Xiaomi Redmi Note 12R,Xiaomi,Xiaomi,Flagship,21000.0,150.0,2023.0,Yes,Qualcomm SM4450 Snapdragon 4 Gen 2 (4 nm),1,Qualcomm,Snapdragon,4.0,8.0,128.0,256.0,90.0,6.79,"IPS LCD, 90Hz, 550 nits",5000.0,18.0,50.0,5.0,2.0,No,555822.0,2249.0,"Android 13, MIUI 14",Yes,"Black, Blue, Silver",0
Xiaomi Redmi Note 12 Turbo,Xiaomi,Xiaomi,Mid,37800.0,270.0,2023.0,Yes,Qualcomm SM7475-AB Snapdragon 7+ Gen 2 (4 nm),0,Qualcomm,Snapdragon,8.0,16.0,256.0,512.0,120.0,6.67,"OLED, 68B colors, 120Hz, Dolby Vision, HDR10+, 1000 nits (HBM)",5000.0,67.0,64.0,16.0,3.0,Yes,1333299.0,2687.0,"Android 13, MIUI 14",Yes,"Black, Blue, White, Harry Potter Edition",1
Xiaomi Poco F5 Pro,Xiaomi,Xiaomi,Flagship,81480.0,582.0,2023.0,Yes,Qualcomm SM8475 Snapdragon 8+ Gen 1 (4 nm),1,Qualcomm,Snapdragon,8.0,12.0,256.0,512.0,120.0,6.67,"AMOLED, 68B colors, 120Hz, Dolby Vision, HDR10+, 500 nits (typ), 1000 nits (HBM), 1400 nits (peak)",5160.0,67.0,64.0,16.0,3.0,Yes,1057977.0,4001.0,"Android 13, upgradable to Android 15",Yes,"Black, White",0
Xiaomi Poco F5,Xiaomi,Xiaomi,Mid,36538.78200000001,260.9913,2023.0,Yes,Qualcomm SM7475-AB Snapdragon 7+ Gen 2 (4 nm),0,Qualcomm,Snapdragon,8.0,12.0,256.0,256.0,120.0,6.67,"AMOLED, 68B colors, Dolby Vision, HDR10+, 120Hz, 500 nits (typ), 1000 nits (peak)",5000.0,67.0,64.0,16.0,3.0,Yes,931174.0,3939.0,"Android 13, upgradable to Android 15, HyperOS",Yes,"Black, Blue, White",0
Xiaomi Civi 3,Xiaomi,Xiaomi,Flagship,46200.0,330.0,2023.0,Yes,Mediatek Dimensity 8200 Ultra (4 nm),1,Mediatek,Dimensity,12.0,16.0,256.0,512.0,120.0,6.55,"AMOLED, 68B colors, 120Hz, Dolby Vision, HDR10+, 1500 nits (peak)",4500.0,67.0,50.0,32.0,3.0,Yes,1177794.0,3755.0,"Android 13, MIUI 14",Yes,"Purple, Mint, Gold, Gray",0
Xiaomi Redmi Note 12T Pro,Xiaomi,Xiaomi,Flagship,47600.0,340.0,2023.0,Yes,Mediatek Dimensity 8200 Ultra (4 nm),1,Mediatek,Dimensity,8.0,12.0,128.0,512.0,144.0,6.6,"IPS LCD, 1B colors, 144Hz, HDR10, Dolby Vision, 650 nits",5080.0,67.0,64.0,16.0,3.0,No,1180690.0,3755.0,"Android 13, MIUI 14",Yes,"Blue, White, Black",0
Xiaomi Redmi Note 13R Pro,Xiaomi,Xiaomi,Mid,36400.0,260.0,2023.0,Yes,Mediatek Dimensity 6080 (6 nm),0,Mediatek,Dimensity,12.0,12.0,256.0,256.0,120.0,6.67,"OLED, 1B colors, 120Hz, 1000 nits (peak)",5000.0,33.0,108.0,16.0,2.0,No,634701.5,2020.0,"Android 13, MIUI 14",Yes,"Black, Blue, Gold",0
Xiaomi Redmi K70 Pro,Xiaomi,Xiaomi,Flagship,60200.0,430.0,2023.0,Yes,Qualcomm SM8650-AB Snapdragon 8 Gen 3 (4 nm),1,Qualcomm,Snapdragon,12.0,24.0,256.0,512.0,120.0,6.67,"OLED, 68B colors, 120Hz, Dolby Vision, HDR10+, 4000 nits (peak)",5000.0,120.0,50.0,16.0,3.0,Yes,2486114.0,6753.0,"Android 14, HyperOS",Yes,"Black, Silver, Blue/Green, Lamborgini Green, Lamborgini Yellow",0
Xiaomi Redmi K70,Xiaomi,Xiaomi,Flagship,44800.0,320.0,2023.0,Yes,Qualcomm SM8550-AB Snapdragon 8 Gen 2 (4 nm),1,Qualcomm,Snapdragon,12.0,16.0,256.0,512.0,120.0,6.67,"OLED, 68B colors, 120Hz, Dolby Vision, HDR10+, 4000 nits (peak)",5000.0,120.0,50.0,16.0,3.0,Yes,1752044.0,5558.0,"Android 14, HyperOS",Yes,"Black, Silver, Blue/Green, Purple",0
Xiaomi Redmi K70E,Xiaomi,Xiaomi,Flagship,36400.0,260.0,2023.0,Yes,Mediatek Dimensity 8300 Ultra (4 nm),1,Mediatek,Dimensity,8.0,16.0,256.0,512.0,120.0,6.67,"OLED, 68B colors, 120Hz, Dolby Vision, HDR10+, 1800 nits (peak)",5500.0,90.0,64.0,16.0,3.0,Yes,1617365.0,4342.5,"Android 14, HyperOS",Yes,"Black, White, Mint",0
Xiaomi 14,Xiaomi,Xiaomi,Flagship,68117.0,486.55,2023.0,Yes,Qualcomm SM8650-AB Snapdragon 8 Gen 3 (4 nm),1,Qualcomm,Snapdragon,8.0,16.0,256.0,512.0,120.0,6.36,"LTPO OLED, 68B colors, 120Hz, Dolby Vision, HDR10+, 1000 nits (typ), 3000 nits (peak)",4610.0,90.0,50.0,32.0,3.0,Yes,2003429.0,6810.0,"Android 14, upgradable to Android 15, up to 4 major Android upgrades, HyperOS 1.1",Yes,"Black, White, Jade Green, Pink",0
Xiaomi 14 Pro,Xiaomi,Xiaomi,Flagship,91000.0,650.0,2023.0,Yes,Qualcomm SM8650-AB Snapdragon 8 Gen 3 (4 nm),1,Qualcomm,Snapdragon,12.0,16.0,256.0,512.0,120.0,6.73,"LTPO AMOLED, 68B colors, 120Hz, Dolby Vision, HDR10+, 3000 nits (peak)",4880.0,120.0,50.0,32.0,3.0,Yes,2402307.0,6753.0,"Android 14, HyperOS",Yes,"Black, Silver, Titanium, Green",0
Xiaomi Redmi Note 13 Pro+,Xiaomi,Xiaomi,Flagship,28698.600000000002,204.99,2023.0,Yes,Mediatek Dimensity 7200 Ultra (4 nm),1,Mediatek,Dimensity,8.0,16.0,256.0,512.0,120.0,6.67,"AMOLED, 68B colors, 120Hz, 1920Hz PWM, Dolby Vision, HDR10+, 1800 nits (peak)",5000.0,120.0,200.0,16.0,3.0,Yes,683899.0,2353.0,"Android 13, upgradable to Android 16, HyperOS 3",Yes,"Midnight Black (Fushion Black), Moonlight White (Fushion White), Aurora Purple, Fushion Purple, Camo Green",0
Xiaomi Redmi Note 13 Pro,Xiaomi,Xiaomi,Mid,25198.600000000002,179.99,2023.0,Yes,Qualcomm SM7435-AB Snapdragon 7s Gen 2 (4 nm),0,Qualcomm,Snapdragon,8.0,16.0,128.0,512.0,120.0,6.67,"AMOLED, 68B colors, 120Hz, 1920Hz PWM, Dolby Vision, 500 nits (typ), 1200 nits (HBM), 1800 nits (peak)",5100.0,67.0,200.0,16.0,3.0,Yes,523746.0,2695.0,"Android 13, upgradable to Android 16, HyperOS 3, up to 3 major Android upgrades",Yes,"Midnight Black, Aurora Purple (Coral Purple), Ocean Teal, Arctic White, Olive Green, Scarlet Red",0
Xiaomi Redmi Note 13 (China),Xiaomi,Xiaomi,Mid,35000.0,250.0,2023.0,Yes,Mediatek Dimensity 6080 (6 nm),0,Mediatek,Dimensity,6.0,12.0,128.0,256.0,120.0,6.67,"AMOLED, 1B colors, 120Hz, 1000 nits (peak)",5000.0,33.0,108.0,16.0,2.0,No,567662.0,2020.0,"Android 13, MIUI 14",No,"Black, White, Blue",0
Xiaomi 13T Pro,Xiaomi,Xiaomi,Mid,44240.0,316.0,2023.0,Yes,Mediatek Dimensity 9200+ (4 nm),0,Mediatek,Dimensity,12.0,16.0,256.0,512.0,144.0,6.67,"AMOLED, 68B colors, 144Hz, Dolby Vision, HDR10+, 1200 nits (HBM), 2600 nits (peak)",5000.0,120.0,50.0,20.0,3.0,Yes,1214085.0,4859.0,"Android 13, up to 4 major Android upgrades, HyperOS",Yes,"Alpine Blue, Meadow Green, Black",0
Xiaomi 13T,Xiaomi,Xiaomi,Flagship,25261.6,180.44,2023.0,Yes,Mediatek Dimensity 8200 Ultra (4 nm),1,Mediatek,Dimensity,8.0,12.0,256.0,256.0,144.0,6.67,"AMOLED, 68B colors, 144Hz, Dolby Vision, HDR10+, 1200 nits (HBM), 2600 nits (peak)",5000.0,67.0,50.0,20.0,3.0,Yes,825858.0,3755.0,"Android 13, up to 4 major Android upgrades, HyperOS",Yes,"Alpine Blue, Meadow Green, Black",0
Xiaomi Redmi Turbo 3,Xiaomi,Xiaomi,Flagship,36400.0,260.0,2024.0,Yes,Qualcomm SM8635 Snapdragon 8s Gen 3 (4 nm),1,Qualcomm,Snapdragon,12.0,16.0,256.0,512.0,120.0,6.67,"AMOLED, 68B colors, 120Hz, Dolby Vision, HDR10+, 2400 nits (peak)",5000.0,90.0,50.0,20.0,2.0,Yes,1827926.0,5143.0,"Android 14, HyperOS",Yes,"Black, Green, Titanium, Harry Potter",0
Xiaomi Poco M6 Plus,Xiaomi,Xiaomi,Flagship,19600.0,140.0,2024.0,Yes,Qualcomm SM4450 Snapdragon 4 Gen 2 AE (4 nm),1,Qualcomm,Snapdragon,4.0,8.0,64.0,128.0,120.0,6.79,"IPS LCD, 120Hz, 550 nits (peak)",5030.0,33.0,108.0,13.0,2.0,No,579518.0,2249.0,"Android 14, up to 2 major Android upgrades, HyperOS",No,"Black, Purple, Silver",0
Xiaomi Poco Pad 5G,Xiaomi,Xiaomi,Mid,30800.0,220.0,2024.0,Yes,Qualcomm SM7435-AB Snapdragon 7s Gen 2 (4 nm),0,Qualcomm,Snapdragon,8.0,8.0,128.0,256.0,120.0,12.1,"IPS LCD, 68B colors, 120Hz, Dolby Vision, 600 nits (HBM)",10000.0,33.0,8.0,8.0,1.0,No,800974.5,2687.0,"Android 14, HyperOS",No,"Dark Gray, Blue",0
Xiaomi Redmi Note 14 5G (India),Xiaomi,Xiaomi,Flagship,24402.38532110092,174.30275229357798,2024.0,Yes,Mediatek Dimensity 7025 Ultra (6 nm),1,Mediatek,Dimensity,6.0,8.0,128.0,256.0,120.0,6.67,"AMOLED, 120Hz, HDR10+, 2100 nits (peak)",5110.0,45.0,50.0,20.0,3.0,Yes,647069.0,2290.0,"Android 14, HyperOS",Yes,"Titan Black, Mystique White, Phantom Purple, Ivy Green, Crimson Art (Note 14 SE)",0
Xiaomi Poco M7 Pro 5G,Xiaomi,Xiaomi,Flagship,26971.19266055046,192.651376146789,2024.0,Yes,Mediatek Dimensity 7025 Ultra (6 nm),1,Mediatek,Dimensity,6.0,12.0,128.0,512.0,120.0,6.67,"AMOLED, 120Hz, 960Hz PWM, HDR10+, 2100 nits (peak), Dolby Vision (India only)",5110.0,45.0,50.0,20.0,2.0,Yes,470807.0,2322.0,"Android 14, up to 2 (INT) / 4 (EU) major Android upgrades, HyperOS",Yes,"Lavender Frost, Lunar Dust, Olive Twilight, Classic Black",0
Xiaomi Poco C75 5G,Xiaomi,Xiaomi,Flagship,12600.0,90.0,2024.0,Yes,Qualcomm SM4635 Snapdragon 4s Gen 2 (4 nm),1,Qualcomm,Snapdragon,4.0,4.0,64.0,128.0,120.0,6.88,"IPS LCD, 120Hz, 450 nits (typ), 600 nits (HBM)",5160.0,18.0,50.0,5.0,1.0,No,391505.0,2014.0,"Android 14, up to 2 major Android upgrades, HyperOS",No,"Aqua Bliss, Enchanted Green, Silver Stardust",0
Xiaomi 14 Ultra,Xiaomi,Xiaomi,Flagship,80841.6,577.44,2024.0,Yes,Qualcomm SM8650-AB Snapdragon 8 Gen 3 (4 nm),1,Qualcomm,Snapdragon,12.0,16.0,256.0,512.0,120.0,6.73,"LTPO AMOLED, 68B colors, 120Hz, 1920Hz PWM, Dolby Vision, HDR10+, 1000 nits (typ), 3000 nits (peak)",5000.0,90.0,50.0,32.0,4.0,Yes,2014262.0,7060.0,"Android 14, up to 4 major Android upgrades, HyperOS",Yes,"Black, Blue, White, Titanium Gray",0
Xiaomi Redmi Note 13,Xiaomi,Xiaomi,Budget,19114.2,136.53,2024.0,Yes,Mediatek Dimensity 6080 (6 nm),0,Mediatek,Dimensity,6.0,12.0,128.0,512.0,120.0,6.67,"AMOLED, 1B colors*, 120Hz, 1920Hz PWM, 1000 nits (peak)",5000.0,33.0,108.0,16.0,3.0,No,405118.0,1968.0,"Android 13, upgradable to Android 14, up to 2 major Android upgrades, HyperOS",Yes,"Graphite black (Stealth Black), Arctic White, Ocean Teal, Prism Gold",0
Xiaomi Poco X6 Pro,Xiaomi,Xiaomi,Flagship,34028.4,243.06,2024.0,Yes,Mediatek Dimensity 8300 Ultra (4 nm),1,Mediatek,Dimensity,8.0,12.0,256.0,512.0,120.0,6.67,"AMOLED, 68B colors, 120Hz, 1920Hz PWM, HDR10+, Dolby Vision, 500 nits (typ), 1200 nits (HBM), 1800 nits (peak)",5000.0,67.0,64.0,16.0,3.0,Yes,1396547.0,4696.0,"Android 14, up to 3 major Android upgrades, HyperOS",Yes,"Black, Yellow, Gray",0
Xiaomi Poco X6,Xiaomi,Xiaomi,Flagship,103286.4,737.76,2024.0,Yes,Qualcomm SM7435-AB Snapdragon 7s Gen 2 (4 nm),0,Qualcomm,Snapdragon,8.0,12.0,256.0,512.0,120.0,6.67,"AMOLED, 68B colors, 120Hz, 1920Hz PWM, Dolby Vision, 500 nits (typ), 1200 nits (HBM), 1800 nits (peak)",5100.0,67.0,64.0,16.0,3.0,Yes,533112.0,2945.0,"Android 13, up to 3 major Android upgrades, HyperOS",Yes,"Black, White, Blue",0
Xiaomi Redmi 13 5G,Xiaomi,Xiaomi,Flagship,25033.02752293578,178.80733944954127,2024.0,Yes,Qualcomm SM4450 Snapdragon 4 Gen 2 AE (4 nm),1,Qualcomm,Snapdragon,6.0,8.0,128.0,256.0,120.0,6.79,"IPS LCD, 120Hz, 550 nits (HBM)",5030.0,33.0,108.0,13.0,2.0,No,460744.0,2249.0,"Android 14, HyperOS, up to 2 major Android upgrades",Yes,"Black Diamond, Hawaiian Blue, Orchid Pink",0
Xiaomi Mix Flip,Xiaomi,Xiaomi,Flagship,93800.0,670.0,2024.0,Yes,Qualcomm SM8650-AB Snapdragon 8 Gen 3 (4 nm),1,Qualcomm,Snapdragon,12.0,16.0,256.0,512.0,120.0,6.86,"Foldable LTPO AMOLED, 1B colors, Dolby Vision, HDR10+, 120Hz, 3000 nits (peak)",4780.0,67.0,50.0,32.0,2.0,Yes,1609570.0,6035.0,"Android 14, upgradable to Android 16, HyperOS 3",Yes,"Black, White, Purple",0
Xiaomi Redmi K70 Ultra,Xiaomi,Xiaomi,Flagship,46200.0,330.0,2024.0,Yes,Mediatek Dimensity 9300+ (4 nm),1,Mediatek,Dimensity,12.0,24.0,256.0,512.0,144.0,6.67,"OLED, 68B colors, 144Hz, Dolby Vision, HDR10+, 1600 nits (HBM), 4000 nits (peak)",5500.0,120.0,50.0,20.0,3.0,Yes,2384849.0,7538.0,"Android 14, HyperOS",Yes,"Black, White, Violet, Green Championship Edition, Orange Championship Edition",0
Xiaomi Mix Fold 4,Xiaomi,Xiaomi,Flagship,159600.0,1140.0,2024.0,Yes,Qualcomm SM8650-AB Snapdragon 8 Gen 3 (4 nm),1,Qualcomm,Snapdragon,12.0,16.0,256.0,512.0,120.0,7.98,"Foldable LTPO AMOLED, 1B colors, 120Hz, HDR10+, Dolby Vision, 1700 nits (HBM), 3000 nits (peak)",5100.0,67.0,50.0,16.0,4.0,Yes,1991672.0,6753.0,"Android 14, HyperOS",Yes,"Black, White, Blue",0
Xiaomi 14 Civi,Xiaomi,Xiaomi,Flagship,67200.0,480.0,2024.0,Yes,Qualcomm SM8635 Snapdragon 8s Gen 3 (4 nm),1,Qualcomm,Snapdragon,8.0,12.0,256.0,512.0,120.0,6.55,"AMOLED, 68B colors, 120Hz, Dolby Vision, HDR10+, 3000 nits (peak)",4700.0,67.0,50.0,32.0,3.0,Yes,1530876.0,5352.0,"Android 14, HyperOS",Yes,"Cruise Blue, Matcha Green, Shadow Black",0
Xiaomi Poco X6 Neo,Xiaomi,Xiaomi,Mid,25200.0,180.0,2024.0,Yes,Mediatek Dimensity 6080 (6 nm),0,Mediatek,Dimensity,8.0,12.0,128.0,256.0,120.0,6.67,"AMOLED, 1B colors, 120Hz, 1000 nits (peak)",5000.0,33.0,108.0,16.0,2.0,No,450726.0,2117.0,Android 13,No,"Astral Black, Horizon Blue, Martian Orange",0
Xiaomi Civi 4 Pro,Xiaomi,Xiaomi,Flagship,53200.0,380.0,2024.0,Yes,Qualcomm SM8635 Snapdragon 8s Gen 3 (4 nm),1,Qualcomm,Snapdragon,12.0,16.0,256.0,512.0,120.0,6.55,"AMOLED, 68B colors, 120Hz, Dolby Vision, HDR10+, 3000 nits (peak)",4700.0,67.0,50.0,32.0,3.0,Yes,2375195.0,5143.0,"Android 14, HyperOS",Yes,"Black, Pink, Blue, Green",0
Xiaomi Redmi Note 13R,Xiaomi,Xiaomi,Flagship,25200.0,180.0,2024.0,Yes,Qualcomm SM4450 Snapdragon 4+ Gen 2 (4 nm),1,Qualcomm,Snapdragon,6.0,12.0,128.0,512.0,120.0,6.79,"IPS LCD, 120Hz, 550 nits",5030.0,33.0,50.0,8.0,2.0,No,523075.5,2249.0,"Android 14, HyperOS",Yes,"Black, Blue, Silver",0
Xiaomi Poco F6 Pro,Xiaomi,Xiaomi,Flagship,48568.8,346.92,2024.0,Yes,Qualcomm SM8550-AB Snapdragon 8 Gen 2 (4 nm),1,Qualcomm,Snapdragon,12.0,16.0,256.0,512.0,120.0,6.67,"AMOLED, 68B colors, 120Hz, 3840Hz PWM, Dolby Vision, HDR10+, 700 nits (typ), 1200 nits (HBM), 4000 nits (peak)",5000.0,120.0,50.0,16.0,3.0,Yes,1287854.0,4859.0,"Android 14, up to 3 major Android upgrades, HyperOS",Yes,"Black, White",0
Xiaomi Poco F6,Xiaomi,Xiaomi,Flagship,41220.200000000004,294.43,2024.0,Yes,Qualcomm SM8635 Snapdragon 8s Gen 3 (4 nm),1,Qualcomm,Snapdragon,8.0,12.0,256.0,512.0,120.0,6.67,"AMOLED, 68B colors, 120Hz, 1920Hz PWM, HDR10+, Dolby Vision, 500 nits (typ), 1200 nits (HBM), 2400 nits (peak)",5000.0,90.0,50.0,20.0,2.0,Yes,1497886.0,4883.0,"Android 14, up to 3 major Android upgrades, HyperOS",Yes,"Black, Green, Titanium",0
Xiaomi Redmi Pad Pro 5G,Xiaomi,Xiaomi,Mid,35000.0,250.0,2024.0,Yes,Qualcomm SM7435-AB Snapdragon 7s Gen 2 (4 nm),0,Qualcomm,Snapdragon,6.0,8.0,128.0,256.0,120.0,12.1,"IPS LCD, 120Hz, Dolby Vision, 600 nits",10000.0,33.0,8.0,8.0,1.0,No,493609.0,2687.0,"Android 14, HyperOS",No,Dark Gray,0
Xiaomi Redmi K80 Pro,Xiaomi,Xiaomi,Flagship,70000.0,500.0,2024.0,Yes,Qualcomm SM8750-AB Snapdragon 8 Elite (3 nm),1,Qualcomm,Snapdragon,12.0,16.0,256.0,512.0,120.0,6.67,"OLED, 68B colors, 120Hz, Dolby Vision, HDR10+, 1800 nits (HBM), 3200 nits (peak)",6000.0,120.0,50.0,20.0,3.0,Yes,3014660.0,8887.0,"Android 15, HyperOS 2",Yes,"Black, White, Mint, Lamborgini Green, Lamborgini Black",0
Xiaomi Redmi K80,Xiaomi,Xiaomi,Flagship,49000.0,350.0,2024.0,Yes,Qualcomm SM8650-AB Snapdragon 8 Gen 3 (4 nm),1,Qualcomm,Snapdragon,12.0,16.0,256.0,512.0,120.0,6.67,"OLED, 68B colors, 120Hz, Dolby Vision, HDR10+, 1800 nits (HBM), 3200 nits (peak)",6550.0,90.0,50.0,20.0,2.0,Yes,2288566.0,6753.0,"Android 15, HyperOS 2",Yes,"Black, White, Mint, Blue",0
Xiaomi Redmi A4,Xiaomi,Xiaomi,Flagship,14000.0,100.0,2024.0,Yes,Qualcomm SM4635 Snapdragon 4s Gen 2 (4 nm),1,Qualcomm,Snapdragon,4.0,6.0,64.0,128.0,120.0,6.88,"IPS LCD, 120Hz, 450 nits (typ), 600 nits (HBM)",5160.0,18.0,50.0,5.0,1.0,No,491371.0,1899.0,"Android 14, up to 2 major Android upgrades, HyperOS",No,"Sparkle Purple, Starry Black",0
Xiaomi 15 Pro,Xiaomi,Xiaomi,Flagship,96600.0,690.0,2024.0,Yes,Qualcomm SM8750-AB Snapdragon 8 Elite (3 nm),1,Qualcomm,Snapdragon,12.0,16.0,256.0,512.0,120.0,6.73,"LTPO AMOLED, 68B colors, 120Hz, 1920Hz PWM, Dolby Vision, HDR10+, 3200 nits (peak)",6100.0,90.0,50.0,32.0,3.0,Yes,3001049.0,8887.0,"Android 15, HyperOS 2",Yes,"Black, White, Silver, Green",0
Xiaomi Redmi 14R,Xiaomi,Xiaomi,Flagship,19600.0,140.0,2024.0,Yes,Qualcomm SM4450 Snapdragon 4 Gen 2 (4 nm),1,Qualcomm,Snapdragon,4.0,12.0,128.0,256.0,120.0,6.88,"IPS LCD, 120Hz, 450 nits (typ), 600 nits (HBM)",5160.0,18.0,13.0,5.0,2.0,No,432570.0,2249.0,"Android 14, HyperOS",No,"Midnight Black, Sage Green, Starry Blue, Purple",0
Xiaomi Redmi Note 14 Pro 5G (India),Xiaomi,Xiaomi,Flagship,26971.19266055046,192.651376146789,2024.0,Yes,Mediatek Dimensity 7300 Ultra (4 nm),1,Mediatek,Dimensity,8.0,12.0,128.0,512.0,120.0,6.67,"AMOLED, 68B colors, 120Hz, HDR10+, Dolby Vision, 3000 nits (peak)",5500.0,45.0,50.0,20.0,3.0,Yes,855283.0,2913.0,"Android 14, up to 3 major Android upgrades, HyperOS",Yes,"Titan Black, Phantom Purple, Spectre Blue, White",0
Xiaomi Redmi Note 14 Pro+ 5G (India),Xiaomi,Xiaomi,Mid,35192.66055045872,251.37614678899084,2024.0,Yes,Qualcomm SM7635 Snapdragon 7s Gen 3 (4 nm),0,Qualcomm,Snapdragon,8.0,16.0,128.0,512.0,120.0,6.67,"AMOLED, 68B colors, 120Hz, HDR10+, Dolby Vision, 3000 nits (peak)",6200.0,90.0,50.0,20.0,3.0,Yes,1044016.0,3157.0,"Android 14, up to 3 major Android upgrades, HyperOS",Yes,"Titan Black, Phantom Purple, Spectre Blue, White, Green",0
Xiaomi 14T Pro,Xiaomi,Xiaomi,Flagship,53198.6,379.99,2024.0,Yes,Mediatek Dimensity 9300+ (4 nm),1,Mediatek,Dimensity,12.0,16.0,256.0,512.0,144.0,6.67,"AMOLED, 68B colors, 144Hz, 3840Hz PWM, Dolby Vision, HDR10+, 1600 nits (HBM), 4000 nits (peak)",5000.0,120.0,50.0,32.0,3.0,Yes,2015655.0,7081.0,"Android 14, HyperOS",Yes,"Titan Gray, Titan Blue, Titan Black",0
Xiaomi 14T,Xiaomi,Xiaomi,Flagship,40180.0,287.0,2024.0,Yes,Mediatek Dimensity 8300 Ultra (4 nm),1,Mediatek,Dimensity,12.0,16.0,256.0,512.0,144.0,6.67,"AMOLED, 68B colors, 144Hz, 2880Hz PWM, Dolby Vision, HDR10+, 1600 nits (HBM), 4000 nits (peak)",5000.0,67.0,50.0,32.0,3.0,Yes,1253994.0,3989.0,"Android 14, upgradable to Android 15, HyperOS 2",Yes,"Titan Gray, Titan Blue, Titan Black, Lemon Green",0
Xiaomi Redmi Note 14 5G (China),Xiaomi,Xiaomi,Flagship,19600.0,140.0,2024.0,Yes,Mediatek Dimensity 7025 Ultra (6 nm),1,Mediatek,Dimensity,6.0,12.0,128.0,256.0,120.0,6.67,"OLED, 120Hz, HDR10+, 2100 nits (peak)",5110.0,45.0,50.0,16.0,2.0,Yes,647069.0,2290.0,"Android 14, HyperOS",No,"Black, White, Green",0
Xiaomi Redmi Turbo 4 Pro,Xiaomi,Xiaomi,Flagship,33600.0,240.0,2025.0,Yes,Qualcomm SM8735 Snapdragon 8s Gen 4 (4 nm),1,Qualcomm,Snapdragon,12.0,16.0,256.0,512.0,120.0,6.83,"AMOLED, 68B colors, 120Hz, 3840Hz PWM, Dolby Vision, HDR10+, HDR Vivid, 800 nits (typ), 1800 nits (HBM), 3200 nits (peak",7550.0,90.0,50.0,20.0,2.0,Yes,2284570.0,6385.0,"Android 15, HyperOS 2",Yes,"Black, White, Green, Harry Potter edition",0
Xiaomi Redmi 15,Xiaomi,Xiaomi,Budget,21684.6,154.89,2025.0,Yes,Qualcomm SM6375 Snapdragon 6s Gen 3 (6 nm),0,Qualcomm,Snapdragon,4.0,8.0,128.0,256.0,144.0,6.9,"IPS LCD, 144Hz, 600 nits (typ), 700 nits (HBM), 850 nits (peak)",7000.0,33.0,50.0,8.0,2.0,No,459712.0,2179.0,"Android 15, upgradable to Android 16, HyperOS 3",Yes,"Midnight Black, Titan Gray, Ripple Green",0
Xiaomi Poco M7 Plus,Xiaomi,Xiaomi,Budget,18110.091743119265,129.3577981651376,2025.0,Yes,Qualcomm SM6375 Snapdragon 6s Gen 3 (6 nm),0,Qualcomm,Snapdragon,4.0,8.0,128.0,128.0,144.0,6.9,"IPS LCD, 144Hz, 700 nits (typ), 850 nits (HBM)",7000.0,33.0,50.0,8.0,2.0,No,595016.0,2183.0,"Android 15, up to 2 major Android upgrades, HyperOS 2",Yes,"Chrome Silver, Aqua Blue, Carbon Black",0
Xiaomi Redmi Note 15 Pro+ (China),Xiaomi,Xiaomi,Mid,41011.6,292.94,2025.0,Yes,Qualcomm SM7635-AC Snapdragon 7s Gen 4 (4 nm),0,Qualcomm,Snapdragon,12.0,16.0,256.0,512.0,120.0,6.83,"AMOLED, 68B colors, 120Hz, 3840Hz PWM, HDR10+, Dolby Vision, 3200 nits (peak)",7000.0,90.0,50.0,32.0,3.0,Yes,1041898.0,3281.0,"Android 15, HyperOS 2",Yes,"Black, Purple, Blue, White",0
Xiaomi Redmi Note 15 Pro (China),Xiaomi,Xiaomi,Flagship,41011.6,292.94,2025.0,Yes,Mediatek Dimensity 7400 Ultra (4 nm),1,Mediatek,Dimensity,8.0,12.0,256.0,512.0,120.0,6.83,"AMOLED, 68B colors, 120Hz, 3840Hz PWM, HDR10+, Dolby Vision, 3200 nits (peak)",7000.0,45.0,50.0,20.0,2.0,Yes,954428.0,2913.0,"Android 15, HyperOS 2",Yes,"Black, Purple, Blue, White",0
Xiaomi Redmi Note 15 (China),Xiaomi,Xiaomi,Mid,41011.6,292.94,2025.0,Yes,Qualcomm SM6475-AB Snapdragon 6 Gen 3 (4 nm),0,Qualcomm,Snapdragon,6.0,12.0,128.0,256.0,120.0,6.77,"AMOLED, 68B colors, 120Hz, 3200 nits (peak)",5800.0,45.0,50.0,8.0,2.0,No,850901.0,2933.0,"Android 15, HyperOS 2",Yes,"Black, White, Blue",0
Xiaomi Poco C85,Xiaomi,Xiaomi,Budget,17774.8623853211,126.96330275229356,2025.0,Yes,Mediatek Dimensity 6300 (6 nm),0,Mediatek,Dimensity,4.0,8.0,128.0,256.0,120.0,6.9,"IPS LCD, 120Hz, 810 nits (HBM)",6000.0,33.0,50.0,8.0,2.0,No,473923.5,1980.0,"Android 15, up to 2 major Android upgrades, HyperOS 2",No,"Mystic Purple, Spring Green, Power Black",0
Xiaomi Redmi Note 15,Xiaomi,Xiaomi,Mid,27302.800000000003,195.02,2025.0,Yes,Qualcomm SM6475-AB Snapdragon 6 Gen 3 (4 nm),0,Qualcomm,Snapdragon,6.0,12.0,128.0,512.0,120.0,6.77,"AMOLED, 68B colors, 120Hz, 3840Hz PWM, HDR10+, 800 nits (typ), 3200 nits (peak)",5520.0,45.0,108.0,20.0,2.0,Yes,637266.0,2958.0,"Android 15, up to 4 major Android upgrades, HyperOS 2",Yes,"Black, Glacier Blue, Mist Purple",0
Xiaomi Redmi Note 15 Pro+,Xiaomi,Xiaomi,Mid,62986.0,449.9,2025.0,Yes,Qualcomm SM7635-AC Snapdragon 7s Gen 4 (4 nm),0,Qualcomm,Snapdragon,8.0,12.0,256.0,512.0,120.0,6.83,"AMOLED, 68B colors, 120Hz, 3840Hz PWM, HDR10+, Dolby Vision, 3200 nits (peak)",6500.0,100.0,200.0,32.0,2.0,Yes,817755.0,3060.0,"Android 15, up to 4 major Android upgrades, HyperOS 2",Yes,"Glacier Blue, Mocha Brown, Black",0
Xiaomi Redmi Note 15 Pro,Xiaomi,Xiaomi,Flagship,48860.0,349.0,2025.0,Yes,Mediatek Dimensity 7400 Ultra (4 nm),1,Mediatek,Dimensity,8.0,12.0,128.0,512.0,120.0,6.83,"AMOLED, 68B colors, 120Hz, 3840Hz PWM, HDR10+, Dolby Vision, 1800 nits (HBM), 3200 nits (peak)",6580.0,45.0,200.0,20.0,2.0,Yes,652862.0,2913.0,"Android 15, up to 4 major Android upgrades, HyperOS 2",Yes,"Black, Glacier Blue, Mist Purple, Titanium",0
Xiaomi 17 Ultra (China),Xiaomi,Xiaomi,Flagship,119000.0,850.0,2025.0,Yes,Qualcomm SM8850-AC Snapdragon 8 Elite Gen 5 (3 nm),1,Qualcomm,Snapdragon,12.0,16.0,512.0,512.0,120.0,6.9,"LTPO AMOLED, 68B colors, 120Hz, 2160Hz PWM, Dolby Vision, HDR Vivid, HDR10+, 3500 nits (peak)",6800.0,90.0,50.0,50.0,3.0,Yes,2777490.0,10896.0,"Android 16, HyperOS 3",Yes,"Black, White, Starlit Green, Purple",0
Xiaomi 15 Ultra,Xiaomi,Xiaomi,Flagship,108652.6,776.09,2025.0,Yes,Qualcomm SM8750-AB Snapdragon 8 Elite (3 nm),1,Qualcomm,Snapdragon,12.0,16.0,256.0,512.0,120.0,6.73,"LTPO AMOLED, 68B colors, 120Hz, 1920Hz PWM, Dolby Vision, HDR10+, HDR Vivid, 3200 nits (peak)",5410.0,90.0,50.0,32.0,4.0,Yes,3030376.0,8887.0,"Android 15, up to 4 major Android upgrades, HyperOS 3",Yes,"Black, White, Silver Chrome, Green",0
Xiaomi Redmi Turbo 4,Xiaomi,Xiaomi,Flagship,37800.0,270.0,2025.0,Yes,Mediatek Dimensity 8400 Ultra (4 nm),1,Mediatek,Dimensity,12.0,16.0,256.0,512.0,120.0,6.67,"AMOLED, 68B colors, 120Hz, 1920Hz PWM, Dolby Vision, HDR10+, HDR Vivid, 1400 nits (HBM), 3200 nits (peak)",6550.0,90.0,50.0,20.0,2.0,Yes,1948428.0,6311.0,"Android 15, HyperOS 2",Yes,"Black, White, Blue",0
Xiaomi Redmi 14C 5G,Xiaomi,Xiaomi,Flagship,16800.0,120.0,2025.0,Yes,Qualcomm SM4450 Snapdragon 4 Gen 2 (4 nm),1,Qualcomm,Snapdragon,4.0,6.0,64.0,256.0,120.0,6.88,"IPS LCD, 120Hz, 450 nits (typ), 600 nits (HBM)",5160.0,18.0,50.0,8.0,1.0,No,432570.0,2249.0,"Android 14, up to 2 major Android upgrades, HyperOS",No,"Stardust Purple, Starlight Blue, Stargaze Black",0
Xiaomi Poco X7 Pro,Xiaomi,Xiaomi,Flagship,41984.6,299.89,2025.0,Yes,Mediatek Dimensity 8400 Ultra (4 nm),1,Mediatek,Dimensity,8.0,12.0,256.0,512.0,120.0,6.67,"AMOLED, 68B colors, 120Hz, 1920Hz PWM, Dolby Vision, HDR10+, 1400 nits (HBM), 3200 nits (peak)",6000.0,90.0,50.0,20.0,2.0,Yes,1568331.0,6311.0,"Android 15, HyperOS 2",Yes,"Black/Yellow, White, Green, Red (Iron Man Edition)",0
Xiaomi Poco X7,Xiaomi,Xiaomi,Flagship,35749.0,255.35,2025.0,Yes,Mediatek Dimensity 7300 Ultra (4 nm),1,Mediatek,Dimensity,8.0,12.0,128.0,512.0,120.0,6.67,"AMOLED, 68B colors, 120Hz, 1920Hz PWM, HDR10+, Dolby Vision, 1200 nits (HBM), 3000 nits (peak)",5110.0,45.0,50.0,20.0,3.0,Yes,677093.0,2846.0,"Android 14, HyperOS",Yes,"Black, Green, Silver",0
Xiaomi Redmi Note 14 Pro+ 5G,Xiaomi,Xiaomi,Mid,40038.6,285.99,2025.0,Yes,Qualcomm SM7635 Snapdragon 7s Gen 3 (4 nm),0,Qualcomm,Snapdragon,8.0,12.0,256.0,512.0,120.0,6.67,"AMOLED, 68B colors, 120Hz, 1920Hz PWM, HDR10+, Dolby Vision, 3000 nits (peak)",5110.0,120.0,200.0,20.0,3.0,Yes,750292.0,3234.0,"Android 14, up to 3 major Android upgrades, HyperOS",Yes,"Lavender Purple, Frost Blue, Midnight Black, Sand Gold",0
Xiaomi Redmi Note 14 Pro 5G,Xiaomi,Xiaomi,Flagship,36398.6,259.99,2025.0,Yes,Mediatek Dimensity 7300 Ultra (4 nm),1,Mediatek,Dimensity,8.0,12.0,256.0,512.0,120.0,6.67,"AMOLED, 68B colors, 120Hz, 1920Hz PWM, HDR10+, Dolby Vision, 3000 nits (peak)",5110.0,45.0,200.0,20.0,3.0,Yes,684320.0,2913.0,"Android 14, up to 3 major Android upgrades, HyperOS",Yes,"Lavender Purple, Coral Green, Midnight Black",0
Xiaomi Redmi Note 14 5G,Xiaomi,Xiaomi,Flagship,24918.600000000002,177.99,2025.0,Yes,Mediatek Dimensity 7025 Ultra (6 nm),1,Mediatek,Dimensity,6.0,12.0,128.0,512.0,120.0,6.67,"AMOLED, 120Hz, 960Hz PWM, HDR10+, 1200 nits (HBM), 2100 nits (peak)",5110.0,45.0,108.0,20.0,3.0,Yes,463129.0,2258.0,"Android 14, up to 2 major Android upgrades, HyperOS",Yes,"Midnight Black, Lavender Purple, Coral Green",0
Xiaomi Poco F7,Xiaomi,Xiaomi,Flagship,47224.799999999996,337.32,2025.0,Yes,Qualcomm SM8735 Snapdragon 8s Gen 4 (4 nm),1,Qualcomm,Snapdragon,12.0,12.0,256.0,512.0,120.0,6.83,"AMOLED, 68B colors, 120Hz, 3840Hz PWM, Dolby Vision, HDR10+, 700 nits (typ), 1700 nits (HBM), 3200 nits (peak",6500.0,90.0,50.0,20.0,2.0,Yes,2024751.0,6402.0,"Android 15, HyperOS 2",Yes,"Black, White, Cyber Silver",0
Xiaomi Redmi K80 Ultra,Xiaomi,Xiaomi,Flagship,43400.0,310.0,2025.0,Yes,Mediatek Dimensity 9400+ (3 nm),1,Mediatek,Dimensity,12.0,16.0,256.0,512.0,144.0,6.83,"OLED, 68B colors, 144Hz, Dolby Vision, HDR10+, HDR Vivid, 1800 nits (HBM), 3200 nits (peak)",7410.0,100.0,50.0,20.0,2.0,Yes,2926668.0,8810.0,"Android 15, HyperOS 2",Yes,"Gray, White, Blue, Green",0
Xiaomi Mix Flip 2,Xiaomi,Xiaomi,Flagship,100800.0,720.0,2025.0,Yes,Qualcomm SM8750-AB Snapdragon 8 Elite (3 nm),1,Qualcomm,Snapdragon,12.0,16.0,256.0,512.0,120.0,6.86,"Foldable LTPO AMOLED, 1B colors, Dolby Vision, HDR10+, HDR Vivid, 120Hz, 3200 nits (peak)",5165.0,67.0,50.0,32.0,2.0,Yes,3113462.0,8887.0,"Android 15, HyperOS 2",Yes,"White, Purple, Green, Checkered Gold",1
Xiaomi Poco M7,Xiaomi,Xiaomi,Flagship,17766.0,126.9,2025.0,Yes,Qualcomm SM4450 Snapdragon 4 Gen 2 (4 nm),1,Qualcomm,Snapdragon,6.0,8.0,128.0,128.0,120.0,6.88,"IPS LCD, 120Hz, 450 nits (typ), 600 nits (HBM)",5160.0,18.0,50.0,8.0,1.0,No,511122.0,2249.0,"Android 14, up to 2 major Android upgrades, HyperOS",No,"Ocean Blue, Satin Black, Mint Green",0
Xiaomi Poco F7 Ultra,Xiaomi,Xiaomi,Flagship,70113.4,500.81,2025.0,Yes,Qualcomm SM8750-AB Snapdragon 8 Elite (3 nm),1,Qualcomm,Snapdragon,12.0,16.0,256.0,512.0,120.0,6.67,"AMOLED, 68B colors, 120Hz, 3840Hz PWM, Dolby Vision, HDR10+, 1800 nits (HBM), 3200 nits (peak)",5300.0,120.0,50.0,32.0,3.0,Yes,2580520.0,8887.0,"Android 15, upgradable to Android 16, HyperOS 3",Yes,"Black, Yellow",0
Xiaomi Poco F7 Pro,Xiaomi,Xiaomi,Flagship,61586.0,439.9,2025.0,Yes,Qualcomm SM8650-AB Snapdragon 8 Gen 3 (4 nm),1,Qualcomm,Snapdragon,12.0,12.0,256.0,512.0,120.0,6.67,"AMOLED, 68B colors, 120Hz, 3840Hz PWM, Dolby Vision, HDR10+, 1800 nits (HBM), 3200 nits (peak)",6000.0,90.0,50.0,20.0,2.0,Yes,2065265.0,6661.0,"Android 15, HyperOS 2",Yes,"Black, Blue, Silver",0
Xiaomi 15S Pro,Xiaomi,Xiaomi,Flagship,95200.0,680.0,2025.0,Yes,Xring O1 (3 nm),1,Unknown,Unknown,16.0,16.0,512.0,512.0,120.0,6.73,"LTPO AMOLED, 68B colors, 120Hz, 1920Hz PWM, Dolby Vision, HDR10+, HDR Vivid, 3200 nits (peak)",6100.0,90.0,50.0,32.0,3.0,Yes,2998904.0,8431.0,"Android 15, HyperOS 2",Yes,"Black, Blue",0
Xiaomi Civi 5 Pro,Xiaomi,Xiaomi,Flagship,51800.0,370.0,2025.0,Yes,Qualcomm SM8735 Snapdragon 8s Gen 4 (4 nm),1,Qualcomm,Snapdragon,12.0,16.0,256.0,512.0,120.0,6.55,"AMOLED, 68B colors, 120Hz, 2560Hz PWM, Dolby Vision, HDR10+, HDR Vivid, 3200 nits (peak)",6000.0,67.0,50.0,50.0,3.0,Yes,2375195.0,6385.0,"Android 15, HyperOS 2",Yes,"Gray, Rose Gold, Violet, White, Brown",0
Xiaomi Redmi 15C,Xiaomi,Xiaomi,Budget,16798.6,119.99,2025.0,Yes,Mediatek Dimensity 6300 (6 nm),0,Mediatek,Dimensity,4.0,8.0,128.0,256.0,120.0,6.9,"IPS LCD, 120Hz, 810 nits (HBM)",6000.0,33.0,50.0,8.0,2.0,No,459346.5,1980.0,"Android 15, up to 2 major Android upgrades, HyperOS 2",Yes,"Midnight Black, Mint Green, Dusk Purple, Moonlight Blue",0
Xiaomi 15T Pro,Xiaomi,Xiaomi,Flagship,74200.0,530.0,2025.0,Yes,Mediatek Dimensity 9400+ (3 nm),1,Mediatek,Dimensity,12.0,12.0,256.0,512.0,144.0,6.83,"AMOLED, 68B colors, 144Hz, 3840Hz PWM, Dolby Vision, HDR10+, 3200 nits (peak)",5500.0,90.0,50.0,32.0,3.0,Yes,2683380.0,7914.0,"Android 15, upgradable to Android 16, HyperOS 3",Yes,"Black, Gray, Mocha Gold",0
Xiaomi 15T,Xiaomi,Xiaomi,Flagship,56029.399999999994,400.21,2025.0,Yes,Mediatek Dimensity 8400 Ultra (4 nm),1,Mediatek,Dimensity,12.0,12.0,256.0,512.0,120.0,6.83,"AMOLED, 68B colors, 120Hz, 3840Hz PWM, Dolby Vision, HDR10+, 3200 nits (peak)",5500.0,67.0,50.0,32.0,3.0,Yes,1640253.0,6327.0,"Android 15, upgradable to Android 16, HyperOS 3",Yes,"Black, Gray, Rose Gold",0
Xiaomi Redmi Pad 2 Pro,Xiaomi,Xiaomi,Mid,42000.0,300.0,2025.0,Yes,Qualcomm SM7635-AC Snapdragon 7s Gen 4 (4 nm),0,Qualcomm,Snapdragon,6.0,8.0,128.0,256.0,120.0,12.1,"IPS LCD, 1B colors, 120Hz, Dolby Vision, 600 nits (HBM)",12000.0,33.0,8.0,8.0,1.0,No,1041898.0,3281.0,"Android 15, HyperOS 2",No,"Graphite Gray, Silver, Lavender Purple, Matte Glass Version",0
Xiaomi 17 Pro Max,Xiaomi,Xiaomi,Flagship,41011.6,292.94,2025.0,Yes,Qualcomm SM8850-AC Snapdragon 8 Elite Gen 5 (3 nm),1,Qualcomm,Snapdragon,12.0,16.0,512.0,512.0,160.0,6.9,"LTPO AMOLED, 68B colors, 2160Hz PWM, 120Hz, Dolby Vision, HDR Vivid, HDR10+, 3500 nits (peak)",7500.0,100.0,50.0,50.0,3.0,Yes,2456317.0,10600.0,"Android 16, HyperOS 3",Yes,"Black, White, Purple, Green",0
Xiaomi 17,Xiaomi,Xiaomi,Flagship,141750.0,1012.5,2025.0,Yes,Qualcomm SM8850-AC Snapdragon 8 Elite Gen 5 (3 nm),1,Qualcomm,Snapdragon,12.0,16.0,256.0,512.0,160.0,6.3,"LTPO AMOLED, 68B colors, 2160Hz PWM, 120Hz, Dolby Vision, HDR Vivid, HDR10+, 3500 nits (peak)",6330.0,100.0,50.0,50.0,3.0,Yes,2670664.0,10459.0,"Android 16, HyperOS 3",Yes,"Black, Venture Green, Alpine Pink, Ice Blue, White",0
Xiaomi 17 Pro,Xiaomi,Xiaomi,Flagship,84000.0,600.0,2025.0,Yes,Qualcomm SM8850-AC Snapdragon 8 Elite Gen 5 (3 nm),1,Qualcomm,Snapdragon,12.0,16.0,256.0,512.0,160.0,6.3,"LTPO AMOLED, 68B colors, 2160Hz PWM, 120Hz, Dolby Vision, HDR Vivid, HDR10+, 3500 nits (peak)",6300.0,100.0,50.0,50.0,3.0,Yes,3569354.0,10732.0,"Android 16, HyperOS 3",Yes,"Black, White, Purple, Green",0
Xiaomi Redmi Note 15 Special,Xiaomi,Xiaomi,Mid,26600.0,190.0,2026.0,Yes,Qualcomm SM6475-AB Snapdragon 6 Gen 3 (4 nm),0,Qualcomm,Snapdragon,6.0,8.0,128.0,256.0,120.0,6.77,"AMOLED, 68B colors, 120Hz, 3840Hz PWM, 800 nits (typ), 3200 nits (peak)",5800.0,45.0,50.0,20.0,2.0,No,868311.0,2933.0,"Android 15, up to 4 major Android upgrades, HyperOS 3",No,"Crimson Reserve Red, Carbon Black, Frosted White",0
Xiaomi Redmi A7 Pro,Xiaomi,Xiaomi,Budget,21000.0,150.0,2026.0,Yes,Unisoc T8300 (6 nm),0,Unisoc,T-Series,4.0,6.0,64.0,128.0,120.0,6.9,"IPS LCD, 120Hz, 800 nits (peak)",6300.0,15.0,32.0,8.0,1.0,No,493609.0,2073.0,"Android 16, up to 4 major Android upgrades, HyperOS 3",No,"Black, Mist Blue, Sunset Orange",0
Xiaomi Redmi R70m,Xiaomi,Xiaomi,Mid,30800.0,220.0,2026.0,Yes,Unisoc T8300 (6 nm),0,Unisoc,T-Series,6.0,12.0,128.0,256.0,120.0,6.9,"IPS LCD, 120Hz, 800 nits (peak)",6300.0,15.0,13.0,8.0,1.0,No,1752044.0,2073.0,"Android 16, HyperOS 3",No,"Black, Blue, Purple, White",0
Xiaomi Redmi R70,Xiaomi,Xiaomi,Mid,28000.0,200.0,2026.0,Yes,Unisoc T8300 (6 nm),0,Unisoc,T-Series,4.0,8.0,128.0,256.0,120.0,6.9,"IPS LCD, 120Hz, 800 nits (peak)",6000.0,15.0,13.0,8.0,1.0,No,1752044.0,2073.0,"Android 16, HyperOS 3",No,"Black, Blue, Purple, White",0
Xiaomi Redmi K90 Max,Xiaomi,Xiaomi,Flagship,61600.0,440.0,2026.0,Yes,MediaTek Dimensity 9500 (3 nm),1,Mediatek,Dimensity,12.0,16.0,256.0,512.0,165.0,6.83,"AMOLED, 68B colors, 165Hz, Dolby Vision, HDR10+, HDR Vivid, 3500 nits (peak)",8550.0,100.0,50.0,20.0,2.0,Yes,3803420.0,10603.0,"Android 16, HyperOS 3",Yes,"Silver, Blue, Black",0
Xiaomi Poco M8s,Xiaomi,Xiaomi,Budget,22400.0,160.0,2026.0,Yes,Qualcomm SM6375 Snapdragon 6s Gen 3 (6 nm),0,Qualcomm,Snapdragon,6.0,8.0,128.0,256.0,144.0,6.9,"AMOLED, 144Hz, 700 nits (typ), 850 nits (peak)",7000.0,33.0,50.0,8.0,2.0,No,615528.0,2183.0,"Android 15, HyperOS 2",Yes,"Black, White",0
Xiaomi 17 Ultra,Xiaomi,Xiaomi,Flagship,174860.0,1249.0,2026.0,Yes,Qualcomm SM8850-AC Snapdragon 8 Elite Gen 5 (3 nm),1,Qualcomm,Snapdragon,16.0,16.0,512.0,512.0,120.0,6.9,"LTPO AMOLED, 68B colors, 120Hz, 2160Hz PWM, Dolby Vision, HDR10+, 3500 nits (peak)",6000.0,90.0,50.0,50.0,3.0,Yes,2777490.0,10896.0,"Android 16, HyperOS 3",Yes,"Black, White, Starlit Green",0
Xiaomi Poco M8 Pro,Xiaomi,Xiaomi,Mid,40586.0,289.9,2026.0,Yes,Qualcomm SM7635-AC Snapdragon 7s Gen 4 (4 nm),0,Qualcomm,Snapdragon,8.0,12.0,256.0,512.0,120.0,6.83,"AMOLED, 68B colors, 120Hz, 3840Hz PWM, HDR10+, Dolby Vision, 1800 nits (HBM), 3200 nits (peak)",6500.0,100.0,50.0,32.0,2.0,Yes,817222.0,3245.0,"Android 15, up to 4 major Android upgrades, HyperOS 2",Yes,"Black, Green, Silver",0
Xiaomi Poco M8,Xiaomi,Xiaomi,Mid,30226.0,215.9,2026.0,Yes,Qualcomm SM6475-AB Snapdragon 6 Gen 3 (4 nm),0,Qualcomm,Snapdragon,6.0,8.0,128.0,512.0,120.0,6.77,"AMOLED, 68B colors, 120Hz, 3840Hz PWM, HDR, 800 nits (typ), 3200 nits (peak)",5520.0,45.0,50.0,20.0,2.0,No,631693.0,2898.0,"Android 15, up to 4 major Android upgrades, HyperOS 2",Yes,"Black, Green, Silver",0
Xiaomi Redmi Turbo 5 Max,Xiaomi,Xiaomi,Flagship,36400.0,260.0,2026.0,Yes,Mediatek Dimensity 9500s (3 nm),1,Mediatek,Dimensity,12.0,16.0,256.0,512.0,120.0,6.83,"AMOLED, 68B colors, 120Hz, 3840Hz PWM, Dolby Vision, HDR10+, HDR Vivid, 3500 nits (peak)",9000.0,100.0,50.0,20.0,2.0,Yes,3158192.0,9236.0,"Android 16, HyperOS 3",Yes,"Black, White, Blue, Orange",0
Xiaomi Redmi Turbo 5,Xiaomi,Xiaomi,Flagship,33600.0,240.0,2026.0,Yes,Mediatek Dimensity 8500 Ultra (4 nm),1,Mediatek,Dimensity,12.0,16.0,256.0,512.0,120.0,6.59,"AMOLED, 68B colors, 120Hz, 3840Hz PWM, Dolby Vision, HDR10+, HDR Vivid, 3500 nits (peak)",7560.0,100.0,50.0,20.0,2.0,Yes,2809170.0,6298.0,"Android 16, HyperOS 3",Yes,"Black, White, Mint",0
Xiaomi Poco C85x,Xiaomi,Xiaomi,Budget,14000.0,100.0,2026.0,Yes,Unisoc T8300 (6 nm),0,Unisoc,T-Series,4.0,4.0,64.0,128.0,120.0,6.9,"IPS LCD, 120Hz, 810 nits (HBM)",6300.0,15.0,32.0,8.0,2.0,No,484788.0,2073.0,"Android 16, HyperOS 3",No,"Black, Green, Gold",0
Xiaomi Poco X8 Pro,Xiaomi,Xiaomi,Flagship,46186.0,329.9,2026.0,Yes,Mediatek Dimensity 8500 Ultra (4 nm),1,Mediatek,Dimensity,8.0,12.0,256.0,512.0,120.0,6.59,"AMOLED, 68B colors, 120Hz, 3840Hz PWM, Dolby Vision, HDR10+, 2000 nits (HBM), 3500 nits (peak)",6500.0,100.0,50.0,20.0,2.0,Yes,1663640.0,6298.0,"Android 16, HyperOS 3",Yes,"Black, White, Mint Green, Yellow",0
Xiaomi Poco X8 Pro Max,Xiaomi,Xiaomi,Flagship,74186.0,529.9,2026.0,Yes,Mediatek Dimensity 9500s (3 nm),1,Mediatek,Dimensity,12.0,12.0,256.0,512.0,120.0,6.83,"AMOLED, 68B colors, 120Hz, 3840Hz PWM, Dolby Vision, HDR10+, 2000 nits (HBM), 3500 nits (peak)",8500.0,100.0,50.0,20.0,2.0,Yes,2445108.0,8539.0,"Android 16, HyperOS 3",Yes,"Black, White, Blue",0
Xiaomi Redmi 15a,Xiaomi,Xiaomi,Budget,16800.0,120.0,2026.0,Yes,Unisoc T8300 (6 nm),0,Unisoc,T-Series,4.0,6.0,64.0,128.0,120.0,6.9,"IPS LCD, 120Hz, 800 nits (peak)",6300.0,15.0,32.0,8.0,2.0,No,571384.0,2073.0,"Android 16, HyperOS 3, up to 4 major Android upgrades",No,"Black, Blue, Purple",0
Xiaomi 17 Max,Xiaomi,Xiaomi,Flagship,41601.0,297.15,2026.0,Yes,Qualcomm SM8850-AC Snapdragon 8 Elite Gen 5 (3 nm),1,Qualcomm,Snapdragon,12.0,16.0,256.0,512.0,120.0,6.9,"LTPO AMOLED, 68B colors, PWM, 120Hz, Dolby Vision, HDR Vivid, HDR10+, 3500 nits (peak)",8000.0,100.0,200.0,32.0,3.0,Yes,3654776.0,10732.0,"Android 16, HyperOS 3",Yes,"Black, Blue, White",0
Xiaomi 17T Pro,Xiaomi,Xiaomi,Flagship,139986.0,999.9,2026.0,Yes,Mediatek Dimensity 9500 (3 nm),1,Mediatek,Dimensity,12.0,12.0,256.0,512.0,144.0,6.83,"AMOLED, 68B colors, 144Hz, 3840Hz PWM, Dolby Vision, HDR10+, 3500 nits (peak)",7000.0,100.0,50.0,32.0,3.0,Yes,2795030.0,9766.0,"Android 16, HyperOS 3",Yes,"Deep Blue, Deep Violet, Black",0
Xiaomi 17T,Xiaomi,Xiaomi,Flagship,104986.0,749.9,2026.0,Yes,Mediatek Dimensity 8500 Ultra (4 nm),1,Mediatek,Dimensity,12.0,12.0,256.0,512.0,120.0,6.59,"AMOLED, 68B colors, 120Hz, 3840Hz PWM, Dolby Vision, HDR10+, 3500 nits (peak)",6500.0,67.0,50.0,32.0,3.0,Yes,1640834.0,6607.0,"Android 16, HyperOS 3",Yes,"Violet, Blue, Opal White, Black",0
ZTE Axon 30 Ultra 5G,Zte,Zte,Flagship,77000.0,550.0,2021.0,Yes,Qualcomm SM8350 Snapdragon 888 5G (5 nm),1,Qualcomm,Snapdragon,8.0,18.0,128.0,256.0,144.0,6.67,"AMOLED, 1B colors, 144Hz, HDR10+",4600.0,65.0,64.0,16.0,4.0,Yes,703270.0,3582.0,"Android 11, MyOS 11",Yes,"Black, White, Blue, Light Brown, Aerospace Edition",0
ZTE Axon 30 Pro 5G,Zte,Zte,Flagship,56000.0,400.0,2021.0,Yes,Qualcomm SM8350 Snapdragon 888 5G (5 nm),1,Qualcomm,Snapdragon,6.0,8.0,128.0,256.0,120.0,6.67,"AMOLED, 1B colors, 120Hz, HDR10+",4200.0,55.0,64.0,16.0,4.0,No,1125131.5,3373.0,"Android 11, MyOS 11",Yes,"Black, Pink",0
ZTE Blade X1 5G,Zte,Zte,Mid,44800.0,320.0,2021.0,Yes,Qualcomm SM7250 Snapdragon 765G 5G (7 nm),0,Qualcomm,Snapdragon,6.0,6.0,128.0,128.0,60.0,6.5,IPS LCD,4000.0,18.0,48.0,16.0,4.0,No,597974.0,1836.0,Android 10,Yes,Dark Blue,0
ZTE Axon 30 5G,Zte,Zte,Flagship,70000.0,500.0,2021.0,Yes,Qualcomm SM8250-AC Snapdragon 870 5G (7 nm),1,Qualcomm,Snapdragon,6.0,12.0,128.0,256.0,120.0,6.92,"AMOLED, 1B colors, 120Hz",4200.0,65.0,64.0,16.0,4.0,No,701991.0,3160.0,"Android 11, MyOS 11",Yes,"Black, Aqua",0
ZTE nubia RedMagic 6 Pro,Zte,Zte,Flagship,134400.0,960.0,2021.0,Yes,Qualcomm SM8350 Snapdragon 888 5G (5 nm),1,Qualcomm,Snapdragon,12.0,18.0,128.0,512.0,165.0,6.8,"AMOLED, 1B colors, 165Hz, 630 nits (typ)",5050.0,120.0,64.0,8.0,3.0,No,1125131.5,3373.0,"Android 11, Redmagic 4.0",Yes,"Eclipse Black, Moon Silver",0
ZTE nubia RedMagic 6,Zte,Zte,Flagship,72800.0,520.0,2021.0,Yes,Qualcomm SM8350 Snapdragon 888 5G (5 nm),1,Qualcomm,Snapdragon,8.0,12.0,128.0,256.0,165.0,6.8,"AMOLED, 1B colors, 165Hz, 630 nits (typ)",5050.0,66.0,64.0,8.0,3.0,No,708853.0,3586.0,"Android 11, Redmagic 4.0",Yes,"Eclipse Black, Aurora",0
ZTE S30 Pro,Zte,Zte,Mid,54600.0,390.0,2021.0,Yes,Qualcomm SDM768 Snapdragon 768G 5G (7 nm),0,Qualcomm,Snapdragon,8.0,8.0,256.0,256.0,144.0,6.67,"AMOLED, 144Hz, HDR10+, 800 nits (HBM)",4200.0,55.0,64.0,44.0,4.0,No,379927.0,1836.0,"Android 11, MyOS 11",No,"Black, Pink/Blue",0
ZTE S30,Zte,Zte,Mid,40600.0,290.0,2021.0,Yes,Qualcomm SM7125 Snapdragon 720G (8 nm),0,Qualcomm,Snapdragon,8.0,8.0,128.0,256.0,90.0,6.67,"IPS LCD, 90Hz",4000.0,30.0,64.0,16.0,4.0,No,515496.0,1762.0,"Android 11, MyOS 11",No,"Black, Pink/Blue",0
ZTE S30 SE,Zte,Zte,Mid,30800.0,220.0,2021.0,Yes,Mediatek Dimensity 700 (7 nm),0,Mediatek,Dimensity,6.0,6.0,128.0,128.0,60.0,6.67,IPS LCD,6000.0,18.0,48.0,8.0,4.0,No,515647.0,1767.0,"Android 11, MyOS 11",No,"Black, Blue",1
ZTE nubia Z30 Pro,Zte,Zte,Flagship,89600.0,640.0,2021.0,Yes,Qualcomm SM8350 Snapdragon 888 5G (5 nm),1,Qualcomm,Snapdragon,8.0,16.0,256.0,512.0,144.0,6.67,"AMOLED, 1B colors, 144Hz, HDR10+",4200.0,120.0,64.0,16.0,4.0,Yes,1125131.5,3373.0,"Android 11, nubia UI 9",Yes,"Silver, Black, Black/Gold",0
ZTE nubia RedMagic 6R,Zte,Zte,Flagship,70000.0,500.0,2021.0,Yes,Qualcomm SM8350 Snapdragon 888 5G (5 nm),1,Qualcomm,Snapdragon,6.0,12.0,128.0,256.0,144.0,6.67,"AMOLED, 1B colors, 144Hz, 770 nits (peak)",4200.0,55.0,64.0,16.0,4.0,No,708156.0,3486.0,"Android 11, Redmagic 4.0",Yes,"Black, Mercury Silver, Light Blue",0
ZTE Voyage 20 Pro,Zte,Zte,Mid,43400.0,310.0,2021.0,Yes,Mediatek Dimensity 720 (7 nm),0,Mediatek,Dimensity,8.0,8.0,256.0,256.0,90.0,6.67,"AMOLED, 90Hz",5100.0,66.0,64.0,16.0,4.0,No,452426.0,1844.0,"Android 11, MyOS 11",No,"Black, Aurora",0
ZTE nubia RedMagic 6s Pro,Zte,Zte,Flagship,84000.0,600.0,2021.0,Yes,Qualcomm SM8350 Snapdragon 888+ 5G (5 nm),1,Qualcomm,Snapdragon,12.0,18.0,128.0,512.0,165.0,6.8,"AMOLED, 165Hz, 700 nits (typ)",5050.0,120.0,64.0,8.0,3.0,No,758329.0,14612.0,"Android 11, Redmagic 4.5",Yes,"Eclipse Black, Transparent, White",0
ZTE nubia RedMagic 6s,Zte,Zte,Flagship,70000.0,500.0,2021.0,Yes,Qualcomm SM8350 Snapdragon 888+ 5G (5 nm),1,Qualcomm,Snapdragon,12.0,16.0,128.0,256.0,165.0,6.8,"AMOLED, 165Hz, 700 nits (typ)",5050.0,30.0,64.0,8.0,3.0,No,1125131.5,3373.0,"Android 11, Redmagic 4.5",Yes,"Eclipse Black, Transparent",0
ZTE A41 Ultra,Zte,Zte,Flagship,49000.0,350.0,2022.0,Yes,Qualcomm SM8450 Snapdragon 8 Gen 1 (4 nm),1,Qualcomm,Snapdragon,8.0,12.0,256.0,512.0,144.0,6.67,"AMOLED, 1B colors, 144Hz",5000.0,66.0,64.0,44.0,3.0,Yes,1303229.0,3773.0,"Android 12, MyOS 12",Yes,Black,0
ZTE Blade V41 Vita,Zte,Zte,Mid,42000.0,300.0,2022.0,Yes,Mediatek Dimensity 810 (6 nm),0,Mediatek,Dimensity,6.0,6.0,128.0,128.0,90.0,6.6,"IPS LCD, 90Hz",4500.0,5.0,50.0,8.0,3.0,No,583282.5,1900.0,"Android 12, MyOS 12",Yes,Starry Black,0
ZTE nubia Z50,Zte,Zte,Flagship,56000.0,400.0,2022.0,Yes,Qualcomm SM8550-AB Snapdragon 8 Gen 2 (4 nm),1,Qualcomm,Snapdragon,8.0,16.0,128.0,512.0,144.0,6.67,"AMOLED, 1B colors, 144Hz, HDR10+, 1000 nits",5000.0,80.0,64.0,16.0,2.0,Yes,1768501.0,5558.0,"Android 13, MyOS 13",Yes,"Black, Silver, Mint, Rabit red",0
ZTE nubia RedMagic 8 Pro+,Zte,Zte,Flagship,98000.0,700.0,2022.0,Yes,Qualcomm SM8550-AB Snapdragon 8 Gen 2 (4 nm),1,Qualcomm,Snapdragon,12.0,16.0,256.0,512.0,120.0,6.8,"AMOLED, 1B colors, 120Hz, 1300 nits (peak)",5000.0,165.0,50.0,16.0,3.0,No,1768501.0,5558.0,"Android 13, Redmagic OS 6",Yes,"Black, Transparent",0
ZTE nubia RedMagic 8 Pro,Zte,Zte,Flagship,95200.0,680.0,2022.0,Yes,Qualcomm SM8550-AB Snapdragon 8 Gen 2 (4 nm),1,Qualcomm,Snapdragon,8.0,16.0,128.0,512.0,120.0,6.8,"AMOLED, 1B colors (China only), 120Hz, 1300 nits (peak)",6000.0,80.0,50.0,16.0,3.0,No,1288866.0,5211.0,"Android 13, Redmagic OS 6",Yes,"Black, Transparent",0
ZTE nubia RedMagic 7 Pro,Zte,Zte,Flagship,112000.0,800.0,2022.0,Yes,Qualcomm SM8450 Snapdragon 8 Gen 1 (4 nm),1,Qualcomm,Snapdragon,8.0,18.0,128.0,512.0,120.0,6.8,"AMOLED, 1B colors (China only), 120Hz, 600 nits",5000.0,135.0,64.0,16.0,3.0,No,1056511.0,3845.0,"Android 12, Redmagic 5.0",Yes,"Obsidian, Pulsar, Supernova",0
ZTE nubia RedMagic 7,Zte,Zte,Flagship,88200.0,630.0,2022.0,Yes,Qualcomm SM8450 Snapdragon 8 Gen 1 (4 nm),1,Qualcomm,Snapdragon,8.0,18.0,128.0,512.0,165.0,6.8,"AMOLED, 1B colors (China only), 165Hz, 700 nits (typ)",4500.0,120.0,64.0,8.0,3.0,No,1056488.0,3855.0,"Android 12, Redmagic 5.0",Yes,"Obsidian, Pulsar, Supernova",0
ZTE nubia Z40 Pro,Zte,Zte,Flagship,70000.0,500.0,2022.0,Yes,Qualcomm SM8450 Snapdragon 8 Gen 1 (4 nm),1,Qualcomm,Snapdragon,8.0,16.0,128.0,512.0,144.0,6.67,"AMOLED, 1B colors, 144Hz, HDR10+, 1000 nits",5000.0,66.0,64.0,16.0,3.0,Yes,1303229.0,3773.0,"Android 12, MyOS 12",Yes,"Interstellar Black, Star Black, Silver",0
ZTE Blade V40,Zte,Zte,Mid,49000.0,350.0,2022.0,Yes,Mediatek Dimensity 700 (7 nm),0,Mediatek,Dimensity,6.0,6.0,128.0,128.0,60.0,6.67,IPS LCD,6000.0,5.0,48.0,8.0,3.0,No,515647.0,1767.0,Android 12,Yes,"Black, Blue",0
ZTE nubia RedMagic 7S Pro,Zte,Zte,Flagship,109200.0,780.0,2022.0,Yes,Qualcomm SM8475 Snapdragon 8+ Gen 1 (4 nm),1,Qualcomm,Snapdragon,12.0,18.0,256.0,512.0,120.0,6.8,"AMOLED, 1B colors (China only), 120Hz, 600 nits",5000.0,135.0,64.0,16.0,3.0,No,1303229.0,3773.0,"Android 12, Redmagic 5.5",Yes,"Obsidian, Supernova, Mercury, Yellow",0
ZTE nubia RedMagic 7S,Zte,Zte,Flagship,82600.0,590.0,2022.0,Yes,Qualcomm SM8475 Snapdragon 8+ Gen 1 (4 nm),1,Qualcomm,Snapdragon,8.0,16.0,128.0,512.0,165.0,6.8,"AMOLED, 1B colors (China only), 165Hz, 700 nits (typ)",4500.0,120.0,64.0,8.0,3.0,No,1303229.0,3773.0,"Android 12, Redmagic 5.5",Yes,"Black, Gray",0
ZTE nubia Z40S Pro,Zte,Zte,Flagship,68600.0,490.0,2022.0,Yes,Qualcomm SM8475 Snapdragon 8+ Gen 1 (4 nm),1,Qualcomm,Snapdragon,8.0,18.0,128.0,512.0,144.0,6.67,"AMOLED, 1B colors, 144Hz, HDR10+, 1000 nits",5000.0,80.0,64.0,16.0,3.0,Yes,1303229.0,3773.0,"Android 12, upgradable to Android 13, MyOS 13",Yes,"Interstellar Black, Star Black, Silver",0
ZTE Blade A72 5G,Zte,Zte,Budget,22400.0,160.0,2022.0,Yes,Mediatek Dimensity 700 (7 nm),0,Mediatek,Dimensity,4.0,6.0,64.0,128.0,90.0,6.52,"IPS LCD, 90Hz",4000.0,65.0,13.0,5.0,3.0,No,515647.0,1767.0,Android 11,Yes,"Blue, Gray",0
ZTE Axon 40 Pro,Zte,Zte,Flagship,57400.0,410.0,2022.0,Yes,Qualcomm SM8250-AC Snapdragon 870 5G (7 nm),1,Qualcomm,Snapdragon,8.0,12.0,128.0,512.0,144.0,6.67,"AMOLED, 1B colors, 144Hz, 1000 nits (peak)",5000.0,65.0,108.0,16.0,4.0,No,1018480.0,3520.0,"Android 12, MyOS 12",Yes,"Dream black, Crystal blue, Gold",0
ZTE Axon 40 Ultra,Zte,Zte,Flagship,53200.0,380.0,2022.0,Yes,Qualcomm SM8450 Snapdragon 8 Gen 1 (4 nm),1,Qualcomm,Snapdragon,8.0,16.0,128.0,512.0,120.0,6.8,"AMOLED, 1B colors, 120Hz, HDR10+, 1500 nits (peak)",5000.0,65.0,64.0,16.0,3.0,Yes,884923.0,3189.0,"Android 12, upgradable to Android 13, MyOS 13",Yes,"Black, Gold, Silver",0
ZTE Voyage 40 Pro+,Zte,Zte,Mid,42000.0,300.0,2022.0,Yes,Mediatek Dimensity 810 (6 nm),0,Mediatek,Dimensity,8.0,8.0,256.0,256.0,60.0,6.67,"AMOLED, 770 nits (HBM)",4510.0,66.0,64.0,16.0,4.0,No,583282.5,1900.0,"Android 12, MyOS 12",Yes,"Gray, Blue, Starry",1
ZTE Axon 40 Ultra Space Edition,Zte,Zte,Flagship,112000.0,800.0,2022.0,Yes,Qualcomm SM8450 Snapdragon 8 Gen 1 (4 nm),1,Qualcomm,Snapdragon,12.0,18.0,512.0,512.0,120.0,6.8,"AMOLED, 1B colors, 120Hz, HDR10+, 1500 nits (peak)",5000.0,80.0,64.0,16.0,3.0,Yes,1303229.0,3773.0,"Android 12, MyOS 12",Yes,Black,0
ZTE Axon 30S,Zte,Zte,Flagship,35000.0,250.0,2022.0,Yes,Qualcomm SM8250-AC Snapdragon 870 5G (7 nm),1,Qualcomm,Snapdragon,8.0,12.0,128.0,256.0,120.0,6.92,"AMOLED, 1B colors, 120Hz",4200.0,55.0,64.0,16.0,4.0,No,1018480.0,3520.0,"Android 12, MyOS 12",Yes,"Black, Blue",0
ZTE Axon Pad,Zte,Zte,Flagship,64400.0,460.0,2023.0,Yes,Qualcomm SM8475 Snapdragon 8+ Gen 1 (4 nm),1,Qualcomm,Snapdragon,8.0,12.0,256.0,512.0,120.0,12.1,"IPS LCD, 1B colors, 120Hz",10000.0,80.0,13.0,16.0,1.0,No,1303229.0,3773.0,"Android 13, MyOS 13",Yes,"Black, Gold",0
ZTE Blade A73 5G,Zte,Zte,Budget,16800.0,120.0,2023.0,Yes,Unisoc T760 (6 nm),0,Unisoc,T-Series,4.0,4.0,128.0,128.0,90.0,6.52,"IPS LCD, 90Hz",5000.0,80.0,50.0,5.0,2.0,No,628581.0,2390.0,Android 13,Yes,"Gray, Blue",0
ZTE nubia Z60 Ultra,Zte,Zte,Flagship,64400.0,460.0,2023.0,Yes,Qualcomm SM8650-AB Snapdragon 8 Gen 3 (4 nm),1,Qualcomm,Snapdragon,8.0,24.0,256.0,512.0,120.0,6.8,"AMOLED, 1B colors, 120Hz, HDR10, 1500 nits (peak)",6000.0,80.0,50.0,12.0,3.0,Yes,2094586.0,7119.0,"Android 14, MyOS 14",Yes,"Black, Silver, Photographer Edition",0
ZTE nubia RedMagic Tablet,Zte,Zte,Flagship,70000.0,500.0,2023.0,Yes,Qualcomm SM8475 Snapdragon 8+ Gen 1 (4 nm),1,Qualcomm,Snapdragon,12.0,16.0,256.0,512.0,144.0,12.1,"IPS LCD, 1B colors, 144Hz, 600 nits (peak)",10000.0,80.0,13.0,16.0,1.0,No,1303229.0,3773.0,"Android 13, Redmagic OS 8",No,Black,0
ZTE Blade V50 Design,Zte,Zte,Mid,28000.0,200.0,2023.0,Yes,Unisoc T760 (6 nm),0,Unisoc,T-Series,4.0,4.0,128.0,128.0,90.0,6.6,"IPS LCD, 90Hz",4500.0,5.0,50.0,8.0,2.0,No,628581.0,2390.0,Android 13,Yes,"Sky Blue, Starry Gray, Gray Matt",0
ZTE nubia Z50S Pro,Zte,Zte,Flagship,112000.0,800.0,2023.0,Yes,Qualcomm SM8550-AC Snapdragon 8+ Gen 2 (4 nm),1,Qualcomm,Snapdragon,12.0,16.0,256.0,256.0,120.0,6.8,"AMOLED, 1B colors, 120Hz, 1200 nits (peak)",5100.0,80.0,50.0,16.0,2.0,Yes,1650939.0,5569.0,"Android 13, MyOS 13, no planned android upgrades",Yes,"Black, Khaki, Silver/White",0
ZTE nubia Neo,Zte,Zte,Mid,25200.0,180.0,2023.0,Yes,Unisoc T820 (6 nm),0,Unisoc,T-Series,8.0,8.0,256.0,256.0,120.0,6.6,"IPS LCD, 120Hz",4500.0,5.0,50.0,8.0,2.0,No,757199.0,2392.0,Android 13,Yes,"Black, Yellow",0
ZTE nubia RedMagic 8S Pro+,Zte,Zte,Flagship,98000.0,700.0,2023.0,Yes,Qualcomm SM8550-AC Snapdragon 8 Gen 2 (4 nm),1,Qualcomm,Snapdragon,16.0,24.0,256.0,512.0,120.0,6.8,"AMOLED, 1B colors (China only), 120Hz, 1300 nits (peak)",5000.0,165.0,50.0,16.0,3.0,No,1768501.0,5558.0,"Android 13, Redmagic OS 8",Yes,"Midnight, Platinum, Aurora",0
ZTE nubia RedMagic 8S Pro,Zte,Zte,Flagship,91000.0,650.0,2023.0,Yes,Qualcomm SM8550-AC Snapdragon 8 Gen 2 (4 nm),1,Qualcomm,Snapdragon,8.0,16.0,128.0,512.0,120.0,6.8,"AMOLED, 1B colors (China only), 120Hz, 1300 nits (peak)",6000.0,80.0,50.0,16.0,3.0,No,1326652.0,5129.0,"Android 13, Redmagic OS 8",Yes,"Midnight, Platinum, Aurora",0
ZTE V70,Zte,Zte,Mid,64400.0,460.0,2023.0,Yes,Mediatek Dimensity 810 (6 nm),0,Mediatek,Dimensity,8.0,8.0,256.0,256.0,60.0,6.67,"AMOLED, 1B colors",5100.0,66.0,64.0,16.0,3.0,No,583282.5,1900.0,"Android 11, MyOS 11.5",Yes,Olive Green,0
ZTE nubia Z50 Ultra,Zte,Zte,Flagship,75600.0,540.0,2023.0,Yes,Qualcomm SM8550-AB Snapdragon 8 Gen 2 (4 nm),1,Qualcomm,Snapdragon,8.0,16.0,256.0,512.0,120.0,6.8,"AMOLED, 1B colors, 120Hz, HDR10+, 1500 nits (peak)",5000.0,80.0,64.0,16.0,3.0,Yes,1842269.0,5558.0,"Android 13, MyOS 13",Yes,"Black, Silver, Starry Sky",0
ZTE nubia RedMagic 9 Pro+,Zte,Zte,Flagship,99400.0,710.0,2023.0,Yes,Qualcomm SM8650-AB Snapdragon 8 Gen 3 (4 nm),1,Qualcomm,Snapdragon,16.0,24.0,256.0,512.0,120.0,6.8,"AMOLED, 1B colors, 120Hz, 1600 nits (peak)",5500.0,165.0,50.0,16.0,3.0,Yes,2359464.0,6753.0,"Android 14, Redmagic OS 9",Yes,"Sleet (Black), Snowfall (Silver), Cyclone (Transparent Black)",0
ZTE nubia RedMagic 9 Pro,Zte,Zte,Flagship,98000.0,700.0,2023.0,Yes,Qualcomm SM8650-AB Snapdragon 8 Gen 3 (4 nm),1,Qualcomm,Snapdragon,8.0,16.0,256.0,512.0,120.0,6.8,"AMOLED, 1B colors (China only), 120Hz, 1600 nits (peak)",6500.0,80.0,50.0,16.0,3.0,Yes,1629523.0,6558.0,"Android 14, Redmagic OS 9",Yes,"Sleet (Black), Snowfall (Silver), Cyclone (Transparent Black)",0
ZTE Axon 60 Ultra,Zte,Zte,Flagship,109200.0,780.0,2024.0,Yes,Qualcomm SM8550-AB Snapdragon 8 Gen 2 (4 nm),1,Qualcomm,Snapdragon,12.0,16.0,512.0,512.0,120.0,6.78,"AMOLED, 120Hz",6000.0,80.0,50.0,32.0,3.0,Yes,1768501.0,5558.0,Android 14,Yes,Obsidian Black,0
ZTE nubia Flip,Zte,Zte,Mid,35000.0,250.0,2024.0,Yes,Qualcomm SM7450-AB Snapdragon 7 Gen 1 (4 nm),0,Qualcomm,Snapdragon,6.0,12.0,128.0,512.0,120.0,6.9,"Foldable OLED, 1B colors, 120Hz",4310.0,33.0,50.0,16.0,2.0,No,820102.5,2885.0,Android 13,Yes,"Sunshine Gold, Cosmic Black, Flowering Lilac",0
ZTE nubia Focus Pro,Zte,Zte,Mid,26600.0,190.0,2024.0,Yes,Unisoc T760 (6 nm),0,Unisoc,T-Series,8.0,8.0,256.0,256.0,120.0,6.72,"IPS LCD, 120Hz",5000.0,33.0,108.0,32.0,3.0,Yes,628581.0,2390.0,Android 13,Yes,"Black, Gold",0
ZTE nubia Focus,Zte,Zte,Mid,28000.0,200.0,2024.0,Yes,Unisoc T760 (6 nm),0,Unisoc,T-Series,4.0,12.0,256.0,256.0,120.0,6.56,"IPS LCD, 120Hz (90Hz - LATAM)",5000.0,33.0,108.0,5.0,2.0,No,628581.0,2390.0,Android 14,Yes,"Black, Gold, Coral",0
ZTE nubia Neo 2,Zte,Zte,Budget,23798.600000000002,169.99,2024.0,Yes,Unisoc T820 (6 nm),0,Unisoc,T-Series,8.0,8.0,256.0,256.0,120.0,6.72,"IPS LCD, 120Hz",6000.0,33.0,50.0,16.0,2.0,No,757199.0,2392.0,"Android 13, upgradable to Android 14",Yes,"Sunfire Yellow, Frost Silver, Storm Gray",0
ZTE nubia Pad 3D II,Zte,Zte,Flagship,182000.0,1300.0,2024.0,Yes,Qualcomm SM8550-AB Snapdragon 8 Gen 2 (4 nm),1,Qualcomm,Snapdragon,8.0,8.0,256.0,512.0,144.0,12.1,"IPS LCD, 144Hz",10000.0,66.0,13.0,8.0,2.0,No,1768501.0,5558.0,Android 14,No,Gray,0
ZTE nubia RedMagic 9S Pro+,Zte,Zte,Flagship,103600.0,740.0,2024.0,Yes,Qualcomm SM8650-AC Snapdragon 8 Gen 3 (4 nm),1,Qualcomm,Snapdragon,16.0,24.0,512.0,512.0,120.0,6.8,"AMOLED, 1B colors, 120Hz, 1600 nits (peak)",5500.0,165.0,50.0,16.0,3.0,Yes,2359464.0,6753.0,"Android 14, Redmagic OS 9.5",Yes,"Design Sleet (Black Version), Snowfall (Silver Version), Cyclone (Transparent Black Version), Frost (White Version)",0
ZTE nubia RedMagic 9S Pro,Zte,Zte,Flagship,99400.0,710.0,2024.0,Yes,Qualcomm SM8650-AC Snapdragon 8 Gen 3 (4 nm),1,Qualcomm,Snapdragon,12.0,16.0,256.0,512.0,120.0,6.8,"AMOLED, 1B colors, 120Hz, 1600 nits (peak)",6500.0,80.0,50.0,16.0,3.0,Yes,1631366.0,6403.0,"Android 14, Redmagic OS 9.5",Yes,"Design Sleet (Black Version), Snowfall (Silver Version), Cyclone (Transparent Black Version), Frost (White Version)",0
ZTE nubia Z60S Pro,Zte,Zte,Flagship,93800.0,670.0,2024.0,Yes,Qualcomm SM8550-AB Snapdragon 8 Gen 2 (4 nm),1,Qualcomm,Snapdragon,8.0,24.0,256.0,512.0,120.0,6.78,"AMOLED, 1B colors, 120Hz, 1200 nits (peak)",5100.0,80.0,50.0,16.0,2.0,Yes,1768501.0,5558.0,"Android 14, MyOS 14 (International), MyOS 14.5 (China)",Yes,"Black, Aqua, White",0
ZTE nubia Z60 Ultra Leading,Zte,Zte,Flagship,102200.0,730.0,2024.0,Yes,Qualcomm SM8650-AC Snapdragon 8 Gen 3 (4 nm),1,Qualcomm,Snapdragon,8.0,24.0,256.0,512.0,120.0,6.8,"AMOLED, 1B colors, 120Hz, HDR10, 1500 nits (peak)",6000.0,80.0,50.0,12.0,3.0,Yes,1821158.0,6782.0,"Android 14, MyOS 14 (International), MyOS 14.5 (China)",Yes,"Black, Silver",0
ZTE Voyage 3D,Zte,Zte,Mid,26600.0,190.0,2024.0,Yes,Unisoc T760 (6 nm),0,Unisoc,T-Series,6.0,6.0,128.0,128.0,120.0,6.58,"IPS LCD, 120Hz",4500.0,33.0,50.0,5.0,2.0,No,628581.0,2390.0,"Android 13, MyOS 13",No,Black,0
ZTE nubia RedMagic 10 Pro+,Zte,Zte,Flagship,109200.0,780.0,2024.0,Yes,Qualcomm SM8750-AB Snapdragon 8 Elite (3 nm),1,Qualcomm,Snapdragon,16.0,24.0,512.0,512.0,144.0,6.85,"AMOLED, 1B colors, 144Hz, 2000 nits (peak)",7050.0,120.0,50.0,16.0,3.0,Yes,3113462.0,8887.0,"Android 15, Redmagic OS 10",Yes,"Dark Knight, White Knight, Transparent Silver Deuterium, Transparent Dark Knight",0
ZTE nubia Z70 Ultra,Zte,Zte,Flagship,84000.0,600.0,2024.0,Yes,Qualcomm SM8750-AB Snapdragon 8 Elite (3 nm),1,Qualcomm,Snapdragon,12.0,24.0,256.0,512.0,144.0,6.85,"AMOLED, 1B colors, 144Hz, HDR10, 2000 nits (peak)",6150.0,80.0,50.0,16.0,3.0,Yes,2701464.0,9509.0,"Android 15, Nebula AIOS",Yes,"Black, Gold, Starry Night, Orange",0
ZTE Blade A75,Zte,Zte,Budget,23800.0,170.0,2024.0,Yes,Unisoc T760 (6 nm),0,Unisoc,T-Series,4.0,4.0,128.0,128.0,120.0,6.6,"IPS LCD, 120Hz",5000.0,18.0,50.0,8.0,2.0,No,628581.0,2390.0,Android 13,Yes,"Black, Mint Green",0
ZTE nubia RedMagic 10 Air,Zte,Zte,Flagship,75600.0,540.0,2025.0,Yes,Qualcomm SM8650-AB Snapdragon 8 Gen 3 (4 nm),1,Qualcomm,Snapdragon,12.0,16.0,256.0,512.0,120.0,6.8,"AMOLED, 1B colors, 120Hz, 1600 nits (peak)",6000.0,80.0,50.0,16.0,2.0,Yes,1881709.0,7129.0,"Android 15, up to 3 major Android upgrades, Redmagic OS 10",Yes,"Black Twilight, White Hailstone, Orange Flare",0
ZTE nubia Z70S Ultra,Zte,Zte,Flagship,102200.0,730.0,2025.0,Yes,Qualcomm SM8750-AB Snapdragon 8 Elite (3 nm),1,Qualcomm,Snapdragon,12.0,24.0,256.0,512.0,144.0,6.85,"AMOLED, 1B colors, 144Hz, HDR10, 2000 nits (peak)",6600.0,80.0,50.0,16.0,3.0,Yes,2542544.0,9136.0,"Android 15, Nebula AIOS 1.5",Yes,"Antique Brown, Classic Black",0
ZTE Nubia Fold,Zte,Zte,Flagship,140000.0,1000.0,2025.0,Yes,Qualcomm SM8750-AB Snapdragon 8 Elite (3 nm),1,Qualcomm,Snapdragon,12.0,12.0,256.0,256.0,120.0,8.0,"OLED, 120Hz",6560.0,55.0,50.0,20.0,3.0,Yes,3113462.0,8887.0,Android 15,Yes,Black,0
ZTE nubia Flip3,Zte,Zte,Mid,35000.0,250.0,2025.0,Yes,Mediatek Dimensity 7400X (4 nm),0,Mediatek,Dimensity,6.0,8.0,128.0,256.0,120.0,6.9,"Foldable OLED, 1B colors, 120Hz",4610.0,33.0,50.0,32.0,2.0,No,886677.0,3185.0,Android 15,Yes,"Black, White",0
ZTE nubia Flip2,Zte,Zte,Mid,35000.0,250.0,2025.0,Yes,Mediatek Dimensity 7300X (4 nm),0,Mediatek,Dimensity,6.0,12.0,128.0,512.0,120.0,6.9,"Foldable OLED, 1B colors, 120Hz, 1200 nits (HBM)",4325.0,33.0,50.0,32.0,2.0,No,773565.0,2936.0,Android 14,Yes,"Night Black, Lilac Purple, Blue, White",0
ZTE Blade A76,Zte,Zte,Budget,18200.0,130.0,2025.0,Yes,Unisoc T8300 (6 nm),0,Unisoc,T-Series,4.0,6.0,128.0,128.0,90.0,6.75,"IPS LCD, 90Hz",5000.0,33.0,50.0,8.0,2.0,No,642669.0,2073.0,Android,Yes,"Black, Blue",0
ZTE nubia Focus 2 Ultra,Zte,Zte,Mid,35000.0,250.0,2025.0,Yes,Unisoc T8100 (6 nm),0,Unisoc,T-Series,8.0,8.0,512.0,512.0,120.0,6.8,"AMOLED, 120Hz, 2800 nits (peak)",5000.0,33.0,50.0,32.0,2.0,No,2451004.0,7635.5,Android 15,Yes,"Forest Green, Sunrise White",0
ZTE nubia Focus 2,Zte,Zte,Budget,20860.0,149.0,2025.0,Yes,Unisoc T760 (6 nm),0,Unisoc,T-Series,8.0,8.0,256.0,256.0,120.0,6.7,"IPS LCD, 120Hz, 1000 nits (HBM)",5000.0,5.0,108.0,16.0,2.0,No,628581.0,2390.0,Android 15,Yes,"Aurora White, Cerulean Blue, Obsidian Black",0
ZTE nubia Neo 3 GT,Zte,Zte,Mid,30660.0,219.0,2025.0,Yes,Unisoc T9100 (6 nm),0,Unisoc,T-Series,12.0,12.0,256.0,256.0,120.0,6.8,"AMOLED, 120Hz, 1300 nits (peak)",6000.0,80.0,50.0,16.0,2.0,No,723825.0,2451.0,Android 15,Yes,"Electro Yellow, Interstellar Gray, White",0
ZTE nubia Neo 3,Zte,Zte,Mid,28000.0,200.0,2025.0,Yes,Unisoc T8300 (6 nm),0,Unisoc,T-Series,8.0,8.0,256.0,256.0,120.0,6.8,"IPS LCD, 120Hz, 1000 nits (HBM)",6000.0,33.0,50.0,16.0,2.0,No,639225.0,2073.0,Android 15,Yes,"Shadow Black, Cyber Silver, Titanium Gold",0
ZTE nubia RedMagic 10SPro+,Zte,Zte,Flagship,102200.0,730.0,2025.0,Yes,Qualcomm SM8750-AC Snapdragon 8 Elite (3 nm),1,Qualcomm,Snapdragon,16.0,24.0,512.0,512.0,144.0,6.85,"AMOLED, 1B colors, 144Hz, 2000 nits (peak)",7500.0,120.0,50.0,16.0,2.0,Yes,3113462.0,10050.0,"Android 15, Redmagic OS 10.5",Yes,"Dark Knight, White Knight, Transparent Silver Deuterium, Transparent Dark Knight",0
ZTE nubia RedMagic 10S Pro,Zte,Zte,Flagship,91000.0,650.0,2025.0,Yes,Qualcomm SM8750-AC Snapdragon 8 Elite (3 nm),1,Qualcomm,Snapdragon,12.0,24.0,256.0,512.0,144.0,6.85,"AMOLED, 1B colors, 144Hz, 2592Hz PWM, 2000 nits (peak)",7050.0,80.0,50.0,16.0,2.0,Yes,3113462.0,10050.0,"Android 15, Redmagic OS 10.5",Yes,"Nightfall (Matt Black), Moonlight (Silver Transparent), Dusk (Black Transparent)",0
ZTE Pad,Zte,Zte,Mid,32200.0,230.0,2025.0,Yes,Unisoc T8100 (6 nm),0,Unisoc,T-Series,6.0,6.0,256.0,256.0,90.0,11.0,"IPS LCD, 90Hz",7670.0,21.0,13.0,5.0,1.0,No,2451004.0,7635.5,Android 15,Yes,Black,0
ZTE nubia RedMagic 11 Pro,Zte,Zte,Flagship,102008.2,728.63,2025.0,Yes,Qualcomm SM8850-AC Snapdragon 8 Elite Gen 5 (3 nm),1,Qualcomm,Snapdragon,12.0,24.0,256.0,512.0,144.0,6.85,"AMOLED, 1B colors, 144Hz, 2592Hz PWM, 1800 nits (peak)",7500.0,80.0,50.0,16.0,3.0,Yes,3229764.0,11845.0,"Android 16, Redmagic OS 11",Yes,"Matte Black Cryo, Transparent Silver Subzero, Transparent Black Nightfreeze",0
ZTE nubia RedMagic 11 Pro+,Zte,Zte,Flagship,96600.0,690.0,2025.0,Yes,Qualcomm SM8850-AC Snapdragon 8 Elite Gen 5 (3 nm),1,Qualcomm,Snapdragon,12.0,24.0,256.0,512.0,144.0,6.85,"AMOLED, 1B colors, 144Hz, 2592Hz PWM, 2000 nits (peak)",7500.0,120.0,50.0,16.0,2.0,Yes,3959564.0,10732.0,"Android 16, Redmagic OS 11",Yes,"Black, Transparent Black, Transparent Silver",0
ZTE nubia RedMagic 11 Pro (China),Zte,Zte,Flagship,84000.0,600.0,2025.0,Yes,Qualcomm SM8850-AC Snapdragon 8 Elite Gen 5 (3 nm),1,Qualcomm,Snapdragon,12.0,16.0,256.0,512.0,144.0,6.85,"AMOLED, 1B colors, 144Hz, 2592Hz PWM, 2000 nits (peak)",8000.0,80.0,50.0,16.0,2.0,Yes,3959564.0,10732.0,"Android 16, Redmagic OS 11",Yes,"Black, Silver",0
ZTE nubia Z80 Ultra,Zte,Zte,Flagship,91000.0,650.0,2025.0,Yes,Qualcomm SM8850-AC Snapdragon 8 Elite Gen 5 (3 nm),1,Qualcomm,Snapdragon,12.0,16.0,256.0,512.0,144.0,6.85,"AMOLED, 1B colors, 144Hz, 2592Hz PWM, HDR10, 2000 nits (peak)",7200.0,80.0,50.0,16.0,3.0,Yes,2941801.0,10971.0,"Android 16, Nebula AIOS 2",Yes,"Black, White, Starry Night Blue, Luo Tian Yi Red",0
ZTE nubia Air,Zte,Zte,Mid,27991.6,199.94,2025.0,Yes,Unisoc T8300 (6 nm),0,Unisoc,T-Series,8.0,8.0,256.0,256.0,120.0,6.78,"AMOLED, 120Hz, 4500 nits (peak)",5000.0,33.0,50.0,20.0,2.0,No,642669.0,2073.0,Android 15,Yes,"Titanium Black, Titanium Desert",0
ZTE nubia RedMagic 11 Air,Zte,Zte,Flagship,60200.0,430.0,2026.0,Yes,Qualcomm SM8750-AB Snapdragon 8 Elite (3 nm),1,Qualcomm,Snapdragon,12.0,16.0,256.0,512.0,144.0,6.85,"AMOLED, 1B colors, 144Hz, 2592Hz PWM, 1800 nits (peak)",7000.0,80.0,50.0,16.0,2.0,Yes,2694432.0,9891.0,"Android 16, Redmagic OS 11",Yes,"Phantom (Transparent Black), Prism (Transparent White)",1
ZTE nubia Neo 5 GT,Zte,Zte,Mid,56000.0,400.0,2026.0,Yes,Mediatek Dimensity 7400 (4 nm),0,Mediatek,Dimensity,8.0,12.0,256.0,512.0,144.0,6.8,"AMOLED, 144Hz, 4500 nits (peak)",6210.0,80.0,50.0,16.0,2.0,No,723825.0,3185.0,Android 16,Yes,"Yellow, Gray, White",0
ZTE nubia Neo 5,Zte,Zte,Flagship,60200.0,430.0,2026.0,Yes,Unisoc T9300 (6 nm),1,Unisoc,T-Series,8.0,8.0,256.0,256.0,120.0,6.8,"IPS LCD, 120Hz, 1000 nits (HBM)",6050.0,45.0,50.0,16.0,2.0,No,757199.0,11566.0,Android 16,Yes,"Black, White, Yellow",0
ZTE nubia RedMagic 11S Pro+,Zte,Zte,Flagship,109200.0,780.0,2026.0,Yes,Qualcomm SM8850-1-AD Snapdragon 8 Elite Gen 5 (3 nm),1,Qualcomm,Snapdragon,12.0,16.0,256.0,512.0,144.0,6.85,"AMOLED, 1B colors, 144Hz, 2592Hz PWM, 1800 nits (peak)",7500.0,120.0,50.0,16.0,2.0,Yes,723825.0,11566.0,"Android 16, Redmagic OS 11.5",Yes,"Transparent Black, Transparent Silver",0
ZTE nubia RedMagic 11S Pro (China),Zte,Zte,Flagship,98000.0,700.0,2026.0,Yes,Qualcomm SM8850-1-AD Snapdragon 8 Elite Gen 5 (3 nm),1,Qualcomm,Snapdragon,12.0,16.0,256.0,512.0,144.0,6.85,"AMOLED, 1B colors, 144Hz, 2592Hz PWM, 1800 nits (peak)",8000.0,80.0,50.0,16.0,2.0,Yes,723825.0,11566.0,"Android 16, Redmagic OS 11.5",Yes,"Black, Silver",0
