Brand,Model_Name,Model_URL,Model_Image,Network_Technology,5G_Support,Announced,Status,Dimensions,Weight_g,Back_Material,IP_Rating,SIM_Type,Display_Type,Refresh_Rate_Hz,Display_Size_inch,Resolution,PPI_Density,Screen_to_Body_Pct,Display_Protection,OS,Chipset,Process_Node_nm,CPU,GPU,RAM_GB,RAM_Max_GB,Storage_GB,Storage_Max_GB,Storage_Type,Main_Camera_MP,Lens_Count,Main_Aperture,OIS,Sensor_Size,Camera_4K_Video,Camera_Features,Camera_Video,Selfie_Camera_MP,Selfie_4K_Video,Selfie_Camera_Features,Selfie_Camera_Video,WiFi,NFC,Bluetooth_Version,USB_Type,Headphone_Jack,GPS,Sensors,Battery_mAh,Wired_Charging_W,Wireless_Charging_W,Reverse_Wireless_Charging,Battery_ActiveUse,Price_USD,Price_EUR,Price_GBP,Price_INR,AnTuTu_Score,GeekBench_Score,ThreeDMark_Score,Display_nits_tested,Loudspeaker_LUFS,Colors,Model_Numbers,SAR_US,SAR_EU,FM_Radio
Apple,Apple iPhone 17e,https://www.gsmarena.com/apple_iphone_17e-14487.php,https://fdn2.gsmarena.com/vv/bigpic/apple-iphone-17e.jpg,GSM / HSPA / LTE / 5G,Yes,"2026, March 02","Available. Released 2026, March 11",146.7 x 71.5 x 7.8 mm (5.78 x 2.81 x 0.31 in),169.0,Ceramic,IP68,"· Nano-SIM + eSIM + eSIM (max 2 at a time; International) · eSIM + eSIM (8 or more, max 2 at a time; USA) · Nano-SIM + Nano-SIM (China)","Super Retina XDR OLED, HDR10, 800 nits (HBM), 1200 nits (peak)",,6.1,1170x2532,460,86.0,Ceramic Shield 2,"iOS 26.3, upgradable to iOS 26.5",Apple A19 (3 nm),3,Hexa-core (2x4.26 GHz + 4x2.60 GHz),Apple GPU (4-core graphics),8,8,256,512,NVMe,48.0,1,1.6,Yes,1/2.55,Yes,"Dual-LED dual-tone flash, HDR, panorama, 3D (spatial) audio","4K@24/25/30/60fps, 1080p@25/30/60/120/240fps, Dolby Vision HDR, OIS, stereo sound rec.",12.0,Yes,"HDR, Dolby Vision HDR, 3D (spatial) audio, stereo sound rec.","4K@24/25/30/60fps, 1080p@25/30/60/120fps, Dolby Vision HDR","Wi-Fi 802.11 a/b/g/n/ac/6, dual-band, hotspot",Yes,5.3,Type-C,No,"GPS, GLONASS, GALILEO, BDS, QZSS, NavIC","Face ID, accelerometer, gyro, proximity, compass, barometer",4005,15,15,No,Active use score 15:30h,649.99,669.0,599.0,64900,2187425,9296,4226,814,-26.7,"Black, White, Soft Pink","A3634, A3575, A3635, iPhone18,5",1.20 W/kg (head) 1.20 W/kg (body),1.49 W/kg (head) 1.49 W/kg (body),No
Apple,Apple iPad Air 13 (2026),https://www.gsmarena.com/apple_ipad_air_13_5g_(2026)-14521.php,https://fdn2.gsmarena.com/vv/bigpic/apple-ipad-air-13-2025.jpg,GSM / HSPA / LTE / 5G,Yes,"2026, March 02","Available. Released 2026, March 11",280.6 x 214.9 x 6.1 mm (11.05 x 8.46 x 0.24 in),616.0,Glass,,eSIM (cellular model only),"Liquid Retina IPS LCD, 600 nits (typ)",,13.0,2048x2732,264,86.1,"Scratch-resistant glass, oleophobic coat","iPadOS 26.3, upgradable to iPadOS 26.4",Apple M4,,Octa-core (4 performance cores and 4 efficiency cores),Apple GPU (9-core graphics),12,12,128,512,,12.0,1,1.8,No,1/3.0,Yes,HDR,"4K@24/25/30/60fps, 1080p@25/30/60/120/240fps; gyro-EIS",12.0,No,HDR,1080p@25/30/60fps; gyro-EIS,"Wi-Fi 802.11 a/b/g/n/ac/6e/7, dual-band, hotspot",No,6.0,Type-C,No,"GPS, GLONASS (5G model only)","Fingerprint (top-mounted), accelerometer, gyro, compass, barometer",9705,,,No,,,,,,,,,,,"Space Gray, Starlight, Purple, Blue","A3462, A3464, A3461, iPad16,10, iPad16,11",1.19 W/kg (body),1.50 W/kg (body),No
Apple,Apple iPad Air 11 (2026),https://www.gsmarena.com/apple_ipad_air_11_5g_(2026)-14520.php,https://fdn2.gsmarena.com/vv/bigpic/apple-ipad-air-11-2025.jpg,GSM / HSPA / LTE / 5G,Yes,"2026, March 02","Available. Released 2026, March 11",247.6 x 178.5 x 6.1 mm (9.75 x 7.03 x 0.24 in),464.0,Glass,,eSIM (cellular model only),"Liquid Retina IPS LCD, 500 nits (typ)",,11.0,1640x2360,264,80.9,"Scratch-resistant glass, oleophobic coat","iPadOS 26.3, upgradable to iPadOS 26.4",Apple M4,,Octa-core (4 performance cores and 4 efficiency cores),Apple GPU (9-core graphics),12,12,128,512,,12.0,1,1.8,No,1/3.0,Yes,HDR,"4K@24/25/30/60fps, 1080p@25/30/60/120/240fps; gyro-EIS",12.0,No,HDR,1080p@25/30/60fps; gyro-EIS,"Wi-Fi 802.11 a/b/g/n/ac/6e/7 dual-band, hotspot",No,6.0,Type-C,No,"GPS, GLONASS (5G model only)","Fingerprint (top-mounted), accelerometer, gyro, compass, barometer",7606,,,No,,,,,,,,,,,"Space Gray, Starlight, Purple, Blue","A3460, A3463, A3459, iPad16,8, iPad16,9",1.19 W/kg (body),1.50 W/kg (body),No
Apple,Apple iPad Pro 13 (2025),https://www.gsmarena.com/apple_ipad_pro_13_5g_(2025)-14233.php,https://fdn2.gsmarena.com/vv/bigpic/apple-ipad-pro-13-2024.jpg,GSM / HSPA / LTE / 5G,Yes,"2025, October 16","Available. Released 2025, October 22",281.6 x 215.5 x 5.1 mm (11.09 x 8.48 x 0.20 in),579.0,Glass,,eSIM - cellular model only,"Ultra Retina Tandem OLED, 120Hz, HDR10, Dolby Vision, 1000 nits (HBM), 1600 nits (peak)",120,13.0,2064x2752,265,86.2,"Scratch-resistant glass, oleophobic coat","iPadOS 26, upgradable to iPadOS 26.4",Apple M5,,"9-core (3 performance cores, 6 efficiency cores) - 256/512GB models 10-core (4 performance cores, 6 efficiency cores) - 1/2TB models",Apple GPU (10-core graphics),12,16,256,512,,12.0,1,1.8,No,,Yes,"Quad-LED dual-tone flash, HDR","4K@24/25/30/60fps, 1080p@25/30/60/120/240fps; gyro-EIS, ProRes (4K, 1080p)",12.0,No,"Face detection, HDR, panorama","1080p@25/30/60fps, gyro-EIS, HDR","Wi-Fi 802.11 a/b/g/n/ac/6e/7, dual-band, hotspot",No,6.0,Type-C,No,"GPS, GLONASS, GALILEO, QZSS (Wi‑Fi + Cellular model only)","Face ID, accelerometer, gyro, compass, barometer",10290,,,No,,,,,,,,,,,"Silver, Space Black","A3360, A3361, A3362, iPad17,3, iPad17,4",1.19 W/kg (body),1.50 W/kg (body),No
Apple,Apple iPad Pro 11 (2025),https://www.gsmarena.com/apple_ipad_pro_11_5g_(2025)-14234.php,https://fdn2.gsmarena.com/vv/bigpic/apple-ipad-pro-11-2024.jpg,GSM / HSPA / LTE / 5G,Yes,"2025, October 16","Available. Released 2025, October 22",249.7 x 177.5 x 5.3 mm (9.83 x 6.99 x 0.21 in),444.0,Glass,,eSIM - cellular model only,"Ultra Retina Tandem OLED, 120Hz, HDR10, Dolby Vision, 1000 nits (HBM), 1600 nits (peak)",120,11.0,1668x2420,267,82.3,"Scratch-resistant glass, oleophobic coat","iPadOS 26, upgradable to iPadOS 26.4",Apple M5,,"9-core (3 performance cores, 6 efficiency cores) - 256/512GB models 10-core (4 performance cores, 6 efficiency cores) - 1/2TB models",Apple GPU (10-core graphics),12,16,256,512,,12.0,1,1.8,No,,Yes,"Quad-LED dual-tone flash, HDR","4K@24/25/30/60fps, 1080p@25/30/60/120/240fps; gyro-EIS, ProRes (4K, 1080p)",12.0,No,"Face detection, HDR, panorama","1080p@25/30/60fps, gyro-EIS, HDR","Wi-Fi 802.11 a/b/g/n/ac/6e/7, dual-band, hotspot",No,6.0,Type-C,No,"GPS, GLONASS, GALILEO, QZSS (Wi‑Fi + Cellular model only)","Face ID, accelerometer, gyro, compass, barometer",8160,,,No,,,,,,,,,,,"Silver, Space Black","A3357, A3358, A3359, iPad17,1, iPad17,2",1.19 W/kg (body),1.50 W/kg (body),No
Apple,Apple iPhone 17 Pro Max,https://www.gsmarena.com/apple_iphone_17_pro_max-13964.php,https://fdn2.gsmarena.com/vv/bigpic/apple-iphone-17-pro-max.jpg,GSM / CDMA / HSPA / EVDO / LTE / 5G,Yes,"2025, September 09","Available. Released 2025, September 19",163.4 x 78 x 8.8 mm (6.43 x 3.07 x 0.35 in),233.0,Ceramic,IP68,"· Nano-SIM + eSIM + eSIM (max 2 at a time; International) · eSIM + eSIM (8 or more, max 2 at a time; USA) · Nano-SIM + Nano-SIM (China)","LTPO Super Retina XDR OLED, 120Hz, HDR10, Dolby Vision, 1000 nits (typ), 1600 nits (HBM), 3000 nits (peak)",120,6.9,1320x2868,460,90.7,Ceramic Shield 2,"iOS 26, upgradable to iOS 26.5",Apple A19 Pro (3 nm),3,Hexa-core (2x4.26 GHz + 4x2.60 GHz),Apple GPU (6-core graphics),12,12,256,512,NVMe,48.0,3,1.8,Yes,1/1.28,Yes,"Dual-LED dual-tone flash, HDR (photo/panorama)","4K@24/25/30/60/100/120fps, 1080p@25/30/60/120/240fps, 10-bit HDR, Dolby Vision HDR (up to 120fps), ProRes, ProRes RAW (up to 120fps), Apple Log 2, 3D (spatial) video/audio, stereo sound rec.",18.0,Yes,"HDR, Dolby Vision HDR, 3D (spatial) audio, stereo sound rec., ProRes RAW, Apple Log 2","4K@24/25/30/60fps, 1080p@25/30/60/120fps, gyro-EIS","Wi-Fi 802.11 a/b/g/n/ac/6e/7, tri-band, hotspot",Yes,6.0,Type-C,No,"GPS (L1+L5), GLONASS, GALILEO, BDS, QZSS, NavIC","Face ID, accelerometer, gyro, proximity, compass, barometer",4823,25,25,No,Active use score 17:58h,985.0,1176.55,1038.99,149900,2600583,10118,6010,1000,-26.2,"Silver, Cosmic Orange, Deep Blue","iPhone18,2, A3526, A3257, A3527, A3525",1.19 W/kg (head) 1.19 W/kg (body),1.49 W/kg (head) 1.49 W/kg (body),No
Apple,Apple iPhone 17 Pro,https://www.gsmarena.com/apple_iphone_17_pro-14049.php,https://fdn2.gsmarena.com/vv/bigpic/apple-iphone-17-pro.jpg,GSM / CDMA / HSPA / EVDO / LTE / 5G,Yes,"2025, September 09","Available. Released 2025, September 19",150 x 71.9 x 8.8 mm (5.91 x 2.83 x 0.35 in),206.0,Ceramic,IP68,"· Nano-SIM + eSIM + eSIM (max 2 at a time; International) · eSIM + eSIM (8 or more, max 2 at a time; USA) · Nano-SIM + Nano-SIM (China)","LTPO Super Retina XDR OLED, 120Hz, HDR10, Dolby Vision, 1000 nits (typ), 1600 nits (HBM), 3000 nits (peak)",120,6.3,1206x2622,460,89.4,Ceramic Shield 2,"iOS 26, upgradable to iOS 26.5",Apple A19 Pro (3 nm),3,Hexa-core (2x4.26 GHz + 4x2.60 GHz),Apple GPU (6-core graphics),12,12,256,512,NVMe,48.0,3,1.8,Yes,1/1.28,Yes,"Dual-LED dual-tone flash, HDR (photo/panorama)","4K@24/25/30/60/100/120fps, 1080p@25/30/60/120/240fps, 10-bit HDR, Dolby Vision HDR (up to 120fps), ProRes, ProRes RAW (up to 120fps), Apple Log 2, 3D (spatial) video/audio, stereo",18.0,Yes,"HDR, Dolby Vision HDR, 3D (spatial) audio, stereo sound rec., ProRes RAW, Apple Log 2","4K@24/25/30/60fps, 1080p@25/30/60/120fps, gyro-EIS","Wi-Fi 802.11 a/b/g/n/ac/6e/7, tri-band, hotspot",Yes,6.0,Type-C,No,"GPS (L1+L5), GLONASS, GALILEO, BDS, QZSS, NavIC","Face ID, accelerometer, gyro, proximity, compass, barometer",3998,25,25,No,Active use score 15:23h,933.57,1117.46,945.0,134900,2430575,9923,5868,1012,-28.9,"Silver, Cosmic Orange, Deep Blue","iPhone18,1, A3256, A3523, A3522, A3524",1.19 W/kg (head) 1.19 W/kg (body),1.49 W/kg (head) 1.49 W/kg (body),No
Apple,Apple iPhone Air,https://www.gsmarena.com/apple_iphone_17_air-13502.php,https://fdn2.gsmarena.com/vv/bigpic/apple-iphone-air.jpg,GSM / CDMA / HSPA / EVDO / LTE / 5G,Yes,"2025, September 09","Available. Released 2025, September 19",156.2 x 74.7 x 5.6 mm (6.15 x 2.94 x 0.22 in),165.0,Titanium,IP68,"eSIM + eSIM (8 or more, max 2 at a time)","LTPO Super Retina XDR OLED, 120Hz, HDR10, Dolby Vision, 1000 nits (typ), 1600 nits (HBM), 3000 nits (peak)",120,6.5,1260x2736,460,89.9,Ceramic Shield 2,"iOS 26, upgradable to iOS 26.5",Apple A19 Pro (3 nm),3,Hexa-core (2x4.26 GHz + 4x2.60 GHz),Apple GPU (5-core graphics),12,12,256,512,NVMe,48.0,1,1.6,Yes,1/1.56,Yes,"Dual-LED dual-tone flash, HDR (photo/panorama)","4K@24/25/30/60fps, 1080p@25/30/60/120/240fps, HDR, Dolby Vision HDR (up to 60fps), stereo sound rec.",18.0,Yes,"HDR, Dolby Vision HDR, 3D (spatial) audio, stereo sound rec.","4K@24/25/30/60fps, 1080p@25/30/60/120fps, gyro-EIS","Wi-Fi 802.11 a/b/g/n/ac/6e/7, tri-band, hotspot",Yes,6.0,Type-C,No,"GPS, GALILEO, GLONASS, QZSS, BDS, NavIC","Face ID, accelerometer, gyro, proximity, compass, barometer",3149,15,,No,Active use score 12:44h,784.97,728.09,630.0,97900,,,,998,-29.8,"Space Black, Cloud White, Light Gold, Sky Blue","iPhone18,4, A3517, A3260, A3518, A3516",1.19 W/kg (head) 1.19 W/kg (body),1.49 W/kg (head) 1.49 W/kg (body),No
Apple,Apple iPhone 17,https://www.gsmarena.com/apple_iphone_17-14050.php,https://fdn2.gsmarena.com/vv/bigpic/apple-iphone-17.jpg,GSM / CDMA / HSPA / EVDO / LTE / 5G,Yes,"2025, September 09","Available. Released 2025, September 19",149.6 x 71.5 x 8 mm (5.89 x 2.81 x 0.31 in),177.0,Ceramic,IP68,"· Nano-SIM + eSIM + eSIM (max 2 at a time; International) · eSIM + eSIM (8 or more, max 2 at a time; USA) · Nano-SIM + Nano-SIM (China)","LTPO Super Retina XDR OLED, 120Hz, HDR10, Dolby Vision, 1000 nits (typ), 1600 nits (HBM), 3000 nits (peak)",120,6.3,1206x2622,460,90.1,Ceramic Shield 2,"iOS 26, upgradable to iOS 26.5",Apple A19 (3 nm),3,Hexa-core (2x4.26 GHz + 4x2.60 GHz),Apple GPU (5-core graphics),8,8,256,512,NVMe,48.0,2,1.6,Yes,1/1.56,Yes,"Dual-LED dual-tone flash, HDR (photo/panorama)","4K@24/25/30/60fps, 1080p@25/30/60/120/240fps, HDR, Dolby Vision HDR (up to 60fps), stereo sound rec.",18.0,Yes,"HDR, Dolby Vision HDR, 3D (spatial) audio, stereo sound rec.","4K@24/25/30/60fps, 1080p@25/30/60/120fps, gyro-EIS","Wi-Fi 802.11 a/b/g/n/ac/6/7, tri-band, hotspot",Yes,6.0,Type-C,No,"GPS (L1+L5), GLONASS, GALILEO, BDS, QZSS, NavIC","Face ID, accelerometer, gyro, proximity, compass, barometer",3692,25,25,No,Active use score 14:59h,721.72,719.0,649.99,,2109773,9360,4803,1012,-27.5,"Black, White, Mist Blue, Sage, Lavender","iPhone18,3, A3520, A3258, A3519, A3521",1.19 W/kg (head) 1.19 W/kg (body),1.49 W/kg (head) 1.49 W/kg (body),No
Apple,Apple Watch Ultra 3,https://www.gsmarena.com/apple_watch_ultra_3-14130.php,https://fdn2.gsmarena.com/vv/bigpic/apple-watch-ultra3.jpg,GSM / HSPA / LTE / 5G,Yes,"2025, September 09","Available. Released 2025, September 19",49 x 44 x 12 mm (1.93 x 1.73 x 0.47 in),61.6,Titanium,,eSIM,"Retina LTPO3 OLED, 3000 nits (peak)",,1.98,514x422,326,,Sapphire crystal glass,"watchOS 26, upgradable to watchOS 26.5",Apple S10,,Dual-core,PowerVR,,,64,64,,,,,No,,No,,,,No,,,"Wi-Fi 802.11 b/g/n, dual-band",Yes,5.3,No,No,"GPS (L1+L5), GLONASS, GALILEO, BDS, QZSS","Accelerometer, gyro, heart rate, barometer, always-on altimeter (-500m to 9000m), compass, SpO2, VO2max, temperature (body), temperature (water)",599,,,No,,229.99,789.0,,,,,,,,"Natural, Black","A3281, A3282",1.16 W/kg (head),1.19 W/kg (head),No
Apple,Apple Watch Series 11,https://www.gsmarena.com/apple_watch_series_11-14131.php,https://fdn2.gsmarena.com/vv/bigpic/apple-watch11.jpg,GSM / HSPA / LTE / 5G,Yes,"2025, September 09","Available. Released 2025, September 19",46 x 39 x 9.7 mm (1.81 x 1.54 x 0.38 in),34.6,Titanium,,eSIM,"Retina LTPO3 OLED, 2000 nits (peak)",,1.96,496x416,330,,Sapphire crystal glass,"watchOS 26, upgradable to watchOS 26.5",Apple S10,,Dual-core,PowerVR,,,64,64,,,,,No,,No,,,,No,,,"Wi-Fi 802.11 b/g/n, dual-band",Yes,5.3,No,No,"GPS, GLONASS, GALILEO, QZSS, BDS","Accelerometer, gyro, heart rate, barometer, always-on altimeter, compass, SpO2, VO2max, temperature (body), temperature (water)",,,,No,,,785.0,,,,,,,,"Slate, Gold, Natural","A3335, A3337, A3452, A3453",1.19 W/kg (head),0.97 W/kg (head),No
Apple,Apple Watch Series 11 Aluminum,https://www.gsmarena.com/apple_watch_series_11_aluminum-14132.php,https://fdn2.gsmarena.com/vv/bigpic/apple-watch11-alu.jpg,GSM / HSPA / LTE / 5G,Yes,"2025, September 09","Available. Released 2025, September 19",46 x 39 x 9.7 mm (1.81 x 1.54 x 0.38 in),29.7,Ceramic,,eSIM,"Retina LTPO3 OLED, 2000 nits (peak)",,1.96,496x416,330,,Ion-X strengthened glass (2025 gen),"watchOS 26, upgradable to watchOS 26.5",Apple S10,,Dual-core,PowerVR,,,64,64,,,,,No,,No,,,,No,,,"Wi-Fi 802.11 b/g/n, dual-band",Yes,5.3,No,No,"GPS, GLONASS, GALILEO, QZSS, BDS","Accelerometer, gyro, heart rate, barometer, always-on altimeter, compass, SpO2, VO2max, temperature (body), temperature (water)",,,,No,,,343.9,,,,,,,,"Jet Black, Space Gray, Rose Gold, Silver","A3333, A3331, A3335, A3337, A3450, A3451, A3452, A3453",0.42 W/kg (head),0.11 W/kg (head),No
Apple,Apple Watch SE 3,https://www.gsmarena.com/apple_watch_se_3-14133.php,https://fdn2.gsmarena.com/vv/bigpic/apple-watch-se3.jpg,GSM / HSPA / LTE / 5G,Yes,"2025, September 09","Available. Released 2025, September 19",44 x 38 x 10.7 mm (1.73 x 1.50 x 0.42 in),26.4,Glass,,eSIM,"Retina LTPO OLED, 1000 nits (peak)",,1.78,448x368,326,,Ion-X strengthened glass (2025 gen),"watchOS 26, upgradable to watchOS 26.5",Apple S10,,Dual-core,PowerVR,,,64,64,,,,,No,,No,,,,No,,,Wi-Fi 802.11 b/g/n,Yes,5.3,No,No,"GPS, GLONASS, GALILEO, QZSS","Accelerometer, gyro, heart rate (2nd gen), barometer, always-on altimeter, compass, temperature (body)",,,,No,,,241.0,,,,,,,,"Midnight, Starlight","A3325, A3324, A3328, A3326, A3327, A3329, A3391, A3392",1.18 W/kg (head),0.42 W/kg (head),No
Apple,Apple iPad Air 13 (2025),https://www.gsmarena.com/apple_ipad_air_13_(2025)-13704.php,https://fdn2.gsmarena.com/vv/bigpic/apple-ipad-air-13-2025.jpg,GSM / HSPA / LTE / 5G,Yes,"2025, March 04","Available. Released 2025, March 12",280.6 x 214.9 x 6.1 mm (11.05 x 8.46 x 0.24 in),616.0,Glass,,eSIM (cellular model only),"Liquid Retina IPS LCD, 600 nits (typ)",,13.0,2048x2732,264,86.1,"Scratch-resistant glass, oleophobic coat","iPadOS 18.3.2, upgradable to iPadOS 26.4",Apple M3,,Octa-core (4 performance cores and 4 efficiency cores),Apple GPU (9-core graphics),8,8,128,512,,12.0,1,1.8,No,1/3.0,Yes,HDR,"4K@24/25/30/60fps, 1080p@25/30/60/120/240fps; gyro-EIS",12.0,No,HDR,1080p@25/30/60fps; gyro-EIS,"Wi-Fi 802.11 a/b/g/n/ac/6e, dual-band, hotspot",No,5.3,Type-C,No,"GPS, GLONASS (5G model only)","Fingerprint (top-mounted), accelerometer, gyro, compass, barometer",9705,,,No,,,,,,,,,,,"Space Gray, Starlight, Purple, Blue","A3269, A3271, A3268, ipad15,5, ipad15,6",1.09 W/kg (body),1.48 W/kg (body),No
Apple,Apple iPad Air 11 (2025),https://www.gsmarena.com/apple_ipad_air_11_(2025)-13703.php,https://fdn2.gsmarena.com/vv/bigpic/apple-ipad-air-11-2025.jpg,GSM / HSPA / LTE / 5G,Yes,"2025, March 04","Available. Released 2025, March 12",247.6 x 178.5 x 6.1 mm (9.75 x 7.03 x 0.24 in),460.0,Glass,,eSIM (cellular model only),"Liquid Retina IPS LCD, 500 nits (typ)",,11.0,1640x2360,264,80.9,"Scratch-resistant glass, oleophobic coat","iPadOS 18.3.2, upgradable to iPadOS 26.4",Apple M3,,Octa-core (4 performance cores and 4 efficiency cores),Apple GPU (9-core graphics),8,8,128,512,,12.0,1,1.8,No,1/3.0,Yes,HDR,"4K@24/25/30/60fps, 1080p@25/30/60/120/240fps; gyro-EIS",12.0,No,HDR,1080p@25/30/60fps; gyro-EIS,"Wi-Fi 802.11 a/b/g/n/ac/6e, dual-band, hotspot",No,5.3,Type-C,No,"GPS, GLONASS (5G model only)","Fingerprint (top-mounted), accelerometer, gyro, compass, barometer",7606,,,No,,,,,,,,,,,"Space Gray, Starlight, Purple, Blue","A3267, A3270, A3266, iPad17,1, iPad17,2",1.10 W/kg (body),1.41 W/kg (body),No
Apple,Apple iPad (2025),https://www.gsmarena.com/apple_ipad_(2025)-13702.php,https://fdn2.gsmarena.com/vv/bigpic/apple-ipad-11-inch-2025.jpg,GSM / HSPA / LTE / 5G,Yes,"2025, March 04","Available. Released 2025, March 12",248.6 x 179.5 x 7 mm (9.79 x 7.07 x 0.28 in),477.0,Glass,,eSIM (cellular model only),"Liquid Retina IPS LCD, 500 nits (typ)",,11.0,1640x2360,264,80.1,"Scratch-resistant glass, oleophobic coat","iPadOS 18.3.2, upgradable to iPadOS 26.4",Apple A16 Bionic (4 nm),4,5-core,Apple GPU (4-core graphics),6,6,128,512,,12.0,1,1.8,No,,Yes,"HDR, panorama","4K@24/25/30/60fps, 1080p@25/30/60/120/240fps, gyro-EIS",12.0,No,HDR,"1080p@25/30/60fps, gyro-EIS","Wi-Fi 802.11 a/b/g/n/ac/6, dual-band, hotspot",No,5.3,Type-C,No,"GPS, GLONASS (Wi‑Fi + Cellular model only)","Fingerprint (top-mounted), accelerometer, gyro, compass, barometer",,45,,No,Active use score 9:26h,,,,,1414489,6157,2604,466,-28.8,"Silver, Blue, Pink, Yellow","A3355, A3356, A3354, ipad15,7, ipad15,8",1.19 W/kg (body),1.47 W/kg (body),No
Apple,Apple iPhone 16e,https://www.gsmarena.com/apple_iphone_16e-13395.php,https://fdn2.gsmarena.com/vv/bigpic/apple-iphone-16e.jpg,GSM / HSPA / LTE / 5G,Yes,"2025, February 19","Available. Released 2025, February 28",146.7 x 71.5 x 7.8 mm (5.78 x 2.81 x 0.31 in),167.0,Ceramic,IP68,"· Nano-SIM + eSIM + eSIM (max 2 at a time; International) · eSIM + eSIM (8 or more, max 2 at a time; USA) · Nano-SIM + Nano-SIM (China)","Super Retina XDR OLED, HDR10, 800 nits (HBM), 1200 nits (peak)",,6.1,1170x2532,460,86.0,Ceramic Shield,"iOS 18.3.1, upgradable to iOS 26.5",Apple A18 (3 nm),3,Hexa-core (2x4.04 GHz + 4x2.20 GHz),Apple GPU (4-core graphics),8,8,128,512,NVMe,48.0,1,1.6,Yes,1/2.55,Yes,"Dual-LED dual-tone flash, HDR, panorama, 3D (spatial) audio","4K@24/25/30/60fps, 1080p@25/30/60/120/240fps, Dolby Vision HDR, OIS, stereo sound rec.",12.0,Yes,"HDR, Dolby Vision HDR, 3D (spatial) audio, stereo sound rec.","4K@24/25/30/60fps, 1080p@25/30/60/120fps, HDR","Wi-Fi 802.11 a/b/g/n/ac/6, dual-band, hotspot",Yes,5.3,Type-C,No,"GPS, GLONASS, GALILEO, BDS, QZSS, NavIC","Face ID, accelerometer, gyro, proximity, compass, barometer",4005,5,5,No,Active use score 11:53h,304.99,445.0,379.75,59900,1401105,8224,2850,799,-25.7,"Black, White","A3212, A3409, A3410, A3408, iPhone17,5",1.19 W/kg (head) 1.20 W/kg (body),1.48 W/kg (head) 1.49 W/kg (body),No
Apple,Apple iPad mini (2024),https://www.gsmarena.com/apple_ipad_mini_(2024)-13437.php,https://fdn2.gsmarena.com/vv/bigpic/apple-ipad-mini-2024.jpg,GSM / HSPA / LTE / 5G,Yes,"2024, October 15","Available. Released 2024, October 23",195.4 x 134.8 x 6.3 mm (7.69 x 5.31 x 0.25 in),293.0,Glass,,eSIM (cellular model only),"Liquid Retina IPS LCD, 500 nits (typ)",,8.3,1488x2266,327,77.4,"Scratch-resistant glass, oleophobic coat","iPadOS 18, upgradable to iPadOS 26.4",Apple A17 Pro (3 nm),3,Hexa-core (2x3.78 GHz performance cores and 4 efficiency cores),Apple GPU (5-core graphics),8,8,128,512,,12.0,1,1.8,No,,Yes,"Quad-LED dual-tone flash, HDR, panorama","4K@24/25/30/60fps, 1080p@25/30/60/120/240fps; gyro-EIS",12.0,No,HDR,"1080p@25/30/60fps, gyro-EIS","Wi-Fi 802.11 a/b/g/n/ac/6e, dual-band, hotspot",No,5.3,Type-C,No,"GPS, GLONASS - cellular model only","Fingerprint (side-mounted), accelerometer, gyro, compass, barometer",5078,,,No,,,,,,,,,,,"Space Gray, Blue, Purple, Starlight","A2993, A2995, A2996, iPad16,1, iPad16,2",,,No
Apple,Apple iPhone 16 Pro Max,https://www.gsmarena.com/apple_iphone_16_pro_max-13123.php,https://fdn2.gsmarena.com/vv/bigpic/apple-iphone-16-pro-max.jpg,GSM / CDMA / HSPA / EVDO / LTE / 5G,Yes,"2024, September 09","Available. Released 2024, September 20",163 x 77.6 x 8.3 mm (6.42 x 3.06 x 0.33 in),227.0,Titanium,IP68,"· Nano-SIM + eSIM + eSIM (max 2 at a time; International) · eSIM + eSIM (8 or more, max 2 at a time; USA) · Nano-SIM + Nano-SIM (China)","LTPO Super Retina XDR OLED, 120Hz, HDR10, Dolby Vision, 1000 nits (typ), 2000 nits (HBM)",120,6.9,1320x2868,460,91.4,Ceramic Shield,"iOS 18, upgradable to iOS 26.5",Apple A18 Pro (3 nm),3,Hexa-core (2x4.05 GHz + 4x2.42 GHz),Apple GPU (6-core graphics),8,8,256,512,NVMe,48.0,3,1.8,Yes,1/1.28,Yes,"Dual-LED dual-tone flash, HDR (photo/panorama)","4K@24/25/30/60/100/120fps, 1080p@25/30/60/120/240fps, 10-bit HDR, Dolby Vision HDR (up to 60fps), ProRes, 3D (spatial) video/audio, stereo sound rec.",12.0,Yes,"HDR, Dolby Vision HDR, 3D (spatial) audio, stereo sound rec.","4K@24/25/30/60fps, 1080p@25/30/60/120fps, gyro-EIS","Wi-Fi 802.11 a/b/g/n/ac/6e/7, tri-band, hotspot",Yes,5.3,Type-C,No,"GPS (L1+L5), GLONASS, GALILEO, BDS, QZSS, NavIC","Face ID, accelerometer, gyro, proximity, compass, barometer",4685,25,25,No,Active use score 17:18h,639.0,879.99,675.0,,1838828,8606,4731,1796,-24.4,"Black Titanium, White Titanium, Natural Titanium, Desert Titanium","A3296, A3084, A3295, A3297, iPhone17,2",1.01 W/kg (head) 1.15 W/kg (body),1.22 W/kg (head) 1.45 W/kg (body),No
Apple,Apple iPhone 16 Pro,https://www.gsmarena.com/apple_iphone_16_pro-13315.php,https://fdn2.gsmarena.com/vv/bigpic/apple-iphone-16-pro.jpg,GSM / CDMA / HSPA / EVDO / LTE / 5G,Yes,"2024, September 09","Available. Released 2024, September 20",149.6 x 71.5 x 8.3 mm (5.89 x 2.81 x 0.33 in),199.0,Titanium,IP68,"· Nano-SIM + eSIM + eSIM (max 2 at a time; International) · eSIM + eSIM (8 or more, max 2 at a time; USA) · Nano-SIM + Nano-SIM (China)","LTPO Super Retina XDR OLED, 120Hz, HDR10, Dolby Vision, 1000 nits (typ), 2000 nits (HBM)",120,6.3,1206x2622,460,90.1,Ceramic Shield,"iOS 18, upgradable to iOS 26.5",Apple A18 Pro (3 nm),3,Hexa-core (2x4.05 GHz + 4x2.42 GHz),Apple GPU (6-core graphics),8,8,128,512,NVMe,48.0,3,1.8,Yes,1/1.28,Yes,"Dual-LED dual-tone flash, HDR (photo/panorama)","4K@24/25/30/60/100/120fps, 1080p@25/30/60/120/240fps, 10-bit HDR, Dolby Vision HDR (up to 60fps), ProRes, 3D (spatial) video/audio, stereo sound rec.",12.0,Yes,"HDR, Dolby Vision HDR, 3D (spatial) audio, stereo sound rec.","4K@24/25/30/60fps, 1080p@25/30/60/120fps, gyro-EIS","Wi-Fi 802.11 a/b/g/n/ac/6e/7, tri-band, hotspot",Yes,5.3,Type-C,No,"GPS (L1+L5), GLONASS, GALILEO, BDS, QZSS, NavIC","Face ID, accelerometer, gyro, proximity, compass, barometer",3582,25,25,No,Active use score 14:17h,548.12,709.0,595.9,,1871052,8283,4898,1764,-27.3,"Black Titanium, White Titanium, Natural Titanium, Desert Titanium","A3293, A3083, A3292, A3294, iPhone17,1",1.09 W/kg (head) 1.19 W/kg (body),1.24 W/kg (head) 1.48 W/kg (body),No
Apple,Apple iPhone 16 Plus,https://www.gsmarena.com/apple_iphone_16_plus-13316.php,https://fdn2.gsmarena.com/vv/bigpic/apple-iphone-16-plus.jpg,GSM / CDMA / HSPA / EVDO / LTE / 5G,Yes,"2024, September 09","Available. Released 2024, September 20",160.9 x 77.8 x 7.8 mm (6.33 x 3.06 x 0.31 in),199.0,Ceramic,IP68,"· Nano-SIM + eSIM + eSIM (max 2 at a time; International) · eSIM + eSIM (8 or more, max 2 at a time; USA) · Nano-SIM + Nano-SIM (China)","Super Retina XDR OLED, HDR10, Dolby Vision, 1000 nits (typ), 2000 nits (HBM)",,6.7,1290x2796,460,88.0,Ceramic Shield,"iOS 18, upgradable to iOS 26.5",Apple A18 (3 nm),3,Hexa-core (2x4.04 GHz + 4x2.20 GHz),Apple GPU (5-core graphics),8,8,128,512,NVMe,48.0,2,1.6,Yes,1/1.56,Yes,"Dual-LED dual-tone flash, HDR (photo/panorama)","4K@24/25/30/60fps, 1080p@25/30/60/120/240fps, HDR, Dolby Vision HDR (up to 60fps), stereo sound rec.",12.0,Yes,"HDR, Dolby Vision HDR, 3D (spatial) audio, stereo sound rec.","4K@24/25/30/60fps, 1080p@25/30/60/120fps, gyro-EIS","Wi-Fi 802.11 a/b/g/n/ac/6/7, tri-band, hotspot",Yes,5.3,Type-C,No,"GPS, GLONASS, GALILEO, BDS, QZSS","Face ID, accelerometer, gyro, proximity, compass, barometer",4674,25,25,No,Active use score 18:49h,475.0,619.99,519.0,79900,1727276,7927,4324,1823,-25.2,"Black, White, Pink, Teal, Ultramarine","A3290, A3082, A3289, A3291, iPhone17,4",1.13 W/kg (head) 1.16 W/kg (body),1.24 W/kg (head) 1.33 W/kg (body),No
Apple,Apple iPhone 16,https://www.gsmarena.com/apple_iphone_16-13317.php,https://fdn2.gsmarena.com/vv/bigpic/apple-iphone-16.jpg,GSM / CDMA / HSPA / EVDO / LTE / 5G,Yes,"2024, September 09","Available. Released 2024, September 20",147.6 x 71.6 x 7.8 mm (5.81 x 2.82 x 0.31 in),170.0,Ceramic,IP68,"· Nano-SIM + eSIM + eSIM (max 2 at a time; International) · eSIM + eSIM (8 or more, max 2 at a time; USA) · Nano-SIM + Nano-SIM (China)","Super Retina XDR OLED, HDR10, Dolby Vision, 1000 nits (typ), 2000 nits (HBM)",,6.1,1179x2556,460,86.8,Ceramic Shield,"iOS 18, upgradable to iOS 26.5",Apple A18 (3 nm),3,Hexa-core (2x4.04 GHz + 4x2.20 GHz),Apple GPU (5-core graphics),8,8,128,512,NVMe,48.0,2,1.6,Yes,1/1.56,Yes,"Dual-LED dual-tone flash, HDR (photo/panorama)","4K@24/25/30/60fps, 1080p@25/30/60/120/240fps, HDR, Dolby Vision HDR (up to 60fps), stereo sound rec.",12.0,Yes,"HDR, Dolby Vision HDR, 3D (spatial) audio, stereo sound rec.","4K@24/25/30/60fps, 1080p@25/30/60/120fps, gyro-EIS","Wi-Fi 802.11 a/b/g/n/ac/6/7, tri-band, hotspot",Yes,5.3,Type-C,No,"GPS, GLONASS, GALILEO, BDS, QZSS","Face ID, accelerometer, gyro, proximity, compass, barometer",3561,25,25,No,Active use score 15:42h,408.0,563.39,458.75,,1721149,7929,4295,1708,-25.5,"Black, White, Pink, Teal, Ultramarine","A3287, A3081, A3286, A3288, iPhone17,3",1.08 W/kg (head) 1.17 W/kg (body),1.24 W/kg (head) 1.41 W/kg (body),No
Apple,Apple Watch Series 10,https://www.gsmarena.com/apple_watch_series_10-13318.php,https://fdn2.gsmarena.com/vv/bigpic/apple-watch-series10.jpg,GSM / HSPA / LTE,No,"2024, September 09","Available. Released 2024, September 20",46 x 39 x 9.7 mm (1.81 x 1.54 x 0.38 in),34.4,Titanium,,eSIM,"Retina LTPO3 OLED, 2000 nits (peak)",,1.96,496x416,330,,Sapphire crystal glass,"watchOS 11, upgradable to watchOS 26.5",Apple S10,,Dual-core,PowerVR,,,64,64,,,,,No,,No,,,,No,,,"Wi-Fi 802.11 b/g/n, dual-band",Yes,5.3,No,No,"GPS, GLONASS, GALILEO, QZSS, BDS","Accelerometer, gyro, heart rate, barometer, always-on altimeter, compass, SpO2, VO2max, temperature (body), temperature (water)",327,,,No,,,489.0,,,,,,,,"Slate, Gold, Natural","A3001, A3002, A3003, A3206",1.08 W/kg (head),0.26 W/kg (head) 0.83 W/kg (body),No
Apple,Apple Watch Series 10 Aluminum,https://www.gsmarena.com/apple_watch_series_10_aluminum-13319.php,https://fdn2.gsmarena.com/vv/bigpic/apple-watch-series10-alumin.jpg,GSM / HSPA / LTE,No,"2024, September 09","Available. Released 2024, September 20",46 x 39 x 9.7 mm (1.81 x 1.54 x 0.38 in),29.3,Ceramic,,eSIM,"Retina LTPO3 OLED, 2000 nits (peak)",,1.96,496x416,330,,Ion-X strengthened glass,"watchOS 11, upgradable to watchOS 26.5",Apple S10,,Dual-core,PowerVR,,,64,64,,,,,No,,No,,,,No,,,"Wi-Fi 802.11 b/g/n, dual-band",Yes,5.3,No,No,"GPS, GLONASS, GALILEO, QZSS, BDS","Accelerometer, gyro, heart rate, barometer, always-on altimeter, compass, SpO2, VO2max, temperature (body), temperature (water)",327,,,No,,,,,,,,,,,"Jet Black, Rose Gold, Silver","A3001, A3002, A3003, A3206, A2997, A2998, A2999, A3000",1.08 W/kg (head),0.26 W/kg (head) 0.83 W/kg (body),No
Apple,Apple iPad Pro 13 (2024),https://www.gsmarena.com/apple_ipad_pro_13_(2024)-12987.php,https://fdn2.gsmarena.com/vv/bigpic/apple-ipad-pro-13-2024.jpg,GSM / HSPA / LTE / 5G,Yes,"2024, May 07","Available. Released 2024, May 15",281.6 x 215.5 x 5.1 mm (11.09 x 8.48 x 0.20 in),579.0,Glass,,eSIM,"Ultra Retina Tandem OLED, 120Hz, HDR10, Dolby Vision, 1000 nits (HBM), 1600 nits (peak)",120,13.0,2064x2752,264,86.9,"Scratch-resistant glass, oleophobic coat","iPadOS 17.5.1, upgradable to iPadOS 26.4",Apple M4,,"9-core 4.4 GHz (3 performance cores, 6 efficiency cores) - 256/512GB models 10-core 4.4 GHz (4 performance cores, 6 efficiency cores) - 1/2TB models",Apple GPU (10-core graphics),8,16,256,512,,12.0,1,1.8,No,,Yes,"Quad-LED dual-tone flash, HDR","4K@24/25/30/60fps, 1080p@25/30/60/120/240fps; gyro-EIS, ProRes (4K, 1080p)",12.0,No,"Face detection, HDR, panorama","1080p@25/30/60fps, gyro-EIS, HDR","Wi-Fi 802.11 a/b/g/n/ac/6e, dual-band, hotspot",No,5.3,Type-C,No,"GPS, GLONASS, GALILEO, QZSS (Wi‑Fi + Cellular model only)","Face ID, accelerometer, gyro, compass, barometer",10290,,,No,,,,,,,,,,,"Silver, Space Black","A2925, A2926, A3007, iPad16,5, iPad16,6",,,No
Apple,Apple iPad Pro 11 (2024),https://www.gsmarena.com/apple_ipad_pro_11_(2024)-12986.php,https://fdn2.gsmarena.com/vv/bigpic/apple-ipad-pro-11-2024.jpg,GSM / HSPA / LTE / 5G,Yes,"2024, May 07","Available. Released 2024, May 15",249.7 x 177.5 x 5.3 mm (9.83 x 6.99 x 0.21 in),444.0,Glass,,eSIM,"Ultra Retina Tandem OLED, 120Hz, HDR10, Dolby Vision, 1000 nits (HBM), 1600 nits (peak)",120,11.0,1668x2420,264,84.2,"Scratch-resistant glass, oleophobic coat","iPadOS 17.5.1, upgradable to iPadOS 26.4",Apple M4,,"9-core 4.4 GHz (3 performance cores, 6 efficiency cores) - 256/512GB models 10-core 4.4 GHz (4 performance cores, 6 efficiency cores) - 1/2TB models",Apple GPU (10-core graphics),8,16,256,512,,12.0,1,1.8,No,,Yes,"Quad-LED dual-tone flash, HDR","4K@24/25/30/60fps, 1080p@25/30/60/120/240fps; gyro-EIS, ProRes (4K, 1080p)",12.0,No,"Face detection, HDR, panorama","1080p@25/30/60fps, gyro-EIS, HDR","Wi-Fi 802.11 a/b/g/n/ac/6e, dual-band, hotspot",No,5.3,Type-C,No,"GPS, GLONASS, GALILEO, QZSS (Wi‑Fi + Cellular model only)","Face ID, accelerometer, gyro, compass, barometer",8160,,,No,Active use score 12:37h,,,,,2566792,13160,,994,-26.3,"Silver, Space Black","A2836, A2837, A3006, iPad16,3, iPad16,4",,,No
Apple,Apple iPad Air 13 (2024),https://www.gsmarena.com/apple_ipad_air_13_(2024)-12985.php,https://fdn2.gsmarena.com/vv/bigpic/apple-ipad-air-13-2024.jpg,GSM / HSPA / LTE / 5G,Yes,"2024, May 07","Available. Released 2024, May 15",280.6 x 214.9 x 6.1 mm (11.05 x 8.46 x 0.24 in),617.0,Glass,,eSIM (cellular model only),"Liquid Retina IPS LCD, 600 nits (typ)",,13.0,2048x2732,264,86.1,"Scratch-resistant glass, oleophobic coat","iPadOS 17.5.1, upgradable to iPadOS 26.4",Apple M2,,Octa-core (4x3.46 GHz performance cores and 4 efficiency cores),Apple GPU (9-core graphics),8,8,128,512,,12.0,1,1.8,No,1/3.0,Yes,HDR,"4K@24/25/30/60fps, 1080p@25/30/60/120/240fps; gyro-EIS",12.0,No,HDR,1080p@25/30/60fps; gyro-EIS,"Wi-Fi 802.11 a/b/g/n/ac/6e, dual-band, hotspot",No,5.3,Type-C,No,"GPS, GLONASS (5G model only)","Fingerprint (top-mounted), accelerometer, gyro, compass, barometer",9705,45,,No,,,,,,,,,,,"Space Gray, Starlight, Purple, Blue","A2898, A2899, A2900, iPad14,10, iPad14,11",,,No
Apple,Apple iPad Air 11 (2024),https://www.gsmarena.com/apple_ipad_air_11_(2024)-12984.php,https://fdn2.gsmarena.com/vv/bigpic/apple-ipad-air-11-2024.jpg,GSM / HSPA / LTE / 5G,Yes,"2024, May 07","Available. Released 2024, May 15",247.6 x 178.5 x 6.1 mm (9.75 x 7.03 x 0.24 in),462.0,Glass,,eSIM (cellular model only),"Liquid Retina IPS LCD, 500 nits (typ)",,11.0,1640x2360,264,80.9,"Scratch-resistant glass, oleophobic coat","iPadOS 17.4, upgradable to iPadOS 26.4",Apple M2,,Octa-core (4x3.48 GHz performance cores and 4 efficiency cores),Apple GPU (9-core graphics),8,8,128,512,,12.0,1,1.8,No,1/3.0,Yes,HDR,"4K@24/25/30/60fps, 1080p@25/30/60/120/240fps; gyro-EIS",12.0,No,HDR,1080p@25/30/60fps; gyro-EIS,"Wi-Fi 802.11 a/b/g/n/ac/6e, dual-band, hotspot",No,5.3,Type-C,No,"GPS, GLONASS (cellular model only)","Fingerprint (top-mounted), accelerometer, gyro, compass, barometer",7606,45,,No,,,,,,,,,,,"Space Gray, Starlight, Purple, Blue","A2902, A2903, A2904, iPad14,8, iPad14,9",,,No
Apple,Apple iPhone 15 Pro Max,https://www.gsmarena.com/apple_iphone_15_pro_max-12548.php,https://fdn2.gsmarena.com/vv/bigpic/apple-iphone-15-pro-max.jpg,GSM / CDMA / HSPA / EVDO / LTE / 5G,Yes,"2023, September 12","Available. Released 2023, September 22",159.9 x 76.7 x 8.3 mm (6.30 x 3.02 x 0.33 in),221.0,Titanium,IP68,"· Nano-SIM + eSIM + eSIM (max 2 at a time; International) · eSIM + eSIM (8 or more, max 2 at a time; USA) · Nano-SIM + Nano-SIM (China)","LTPO Super Retina XDR OLED, 120Hz, HDR10, Dolby Vision, 1000 nits (typ), 2000 nits (HBM)",120,6.7,1290x2796,460,89.8,Ceramic Shield,"iOS 17, upgradable to iOS 26.5",Apple A17 Pro (3 nm),3,Hexa-core (2x3.78 GHz + 4x2.11 GHz),Apple GPU (6-core graphics),8,8,256,512,NVMe,48.0,3,1.8,Yes,1/1.28,Yes,"Dual-LED dual-tone flash, HDR (photo/panorama)","4K@24/25/30/60fps, 1080p@25/30/60/120/240fps, 10-bit HDR, Dolby Vision HDR (up to 60fps), ProRes, 3D (spatial) video, stereo sound rec.",12.0,Yes,"HDR, Dolby Vision HDR","4K@24/25/30/60fps, 1080p@25/30/60/120fps, gyro-EIS","Wi-Fi 802.11 a/b/g/n/ac/6e, tri-band, hotspot",Yes,5.3,Type-C,No,"GPS (L1+L5), GLONASS, GALILEO, BDS, QZSS, NavIC","Face ID, accelerometer, gyro, proximity, compass, barometer",4441,15,15,No,Active use score 16:01h,530.0,661.0,543.24,,1487203,7237,,1787,-24.5,"Black Titanium, White Titanium, Blue Titanium, Natural Titanium","A2849, A3105, A3106, A3108, iPhone16,2",1.07 W/kg (head) 1.11 W/kg (body),0.98 W/kg (head) 0.98 W/kg (body),No
Apple,Apple iPhone 15 Pro,https://www.gsmarena.com/apple_iphone_15_pro-12557.php,https://fdn2.gsmarena.com/vv/bigpic/apple-iphone-15-pro.jpg,GSM / CDMA / HSPA / EVDO / LTE / 5G,Yes,"2023, September 12","Available. Released 2023, September 22",146.6 x 70.6 x 8.3 mm (5.77 x 2.78 x 0.33 in),187.0,Titanium,IP68,"· Nano-SIM + eSIM + eSIM (max 2 at a time; International) · eSIM + eSIM (8 or more, max 2 at a time; USA) · Nano-SIM + Nano-SIM (China)","LTPO Super Retina XDR OLED, 120Hz, HDR10, Dolby Vision, 1000 nits (typ), 2000 nits (HBM)",120,6.1,1179x2556,461,88.2,Ceramic Shield,"iOS 17, upgradable to iOS 26.5",Apple A17 Pro (3 nm),3,Hexa-core (2x3.78 GHz + 4x2.11 GHz),Apple GPU (6-core graphics),8,8,128,512,NVMe,48.0,3,1.8,Yes,1/1.28,Yes,"Dual-LED dual-tone flash, HDR (photo/panorama)","4K@24/25/30/60fps, 1080p@25/30/60/120/240fps, 10-bit HDR, Dolby Vision HDR (up to 60fps), ProRes, 3D (spatial) video, stereo sound rec.",12.0,Yes,"HDR, Dolby Vision HDR","4K@24/25/30/60fps, 1080p@25/30/60/120fps, gyro-EIS","Wi-Fi 802.11 a/b/g/n/ac/6e, tri-band, hotspot",Yes,5.3,Type-C,No,"GPS (L1+L5), GLONASS, GALILEO, BDS, QZSS, NavIC","Face ID, accelerometer, gyro, proximity, compass, barometer",3274,15,15,No,Active use score 12:58h,486.34,545.07,413.03,,,,,1786,-26.4,"Black Titanium, White Titanium, Blue Titanium, Natural Titanium","A2848, A3101, A3102, A3104, iPhone16,1",1.14 W/kg (head) 1.16 W/kg (body),0.98 W/kg (head) 0.98 W/kg (body),No
Apple,Apple iPhone 15 Plus,https://www.gsmarena.com/apple_iphone_15_plus-12558.php,https://fdn2.gsmarena.com/vv/bigpic/apple-iphone-15-plus-.jpg,GSM / CDMA / HSPA / EVDO / LTE / 5G,Yes,"2023, September 12","Available. Released 2023, September 22",160.9 x 77.8 x 7.8 mm (6.33 x 3.06 x 0.31 in),201.0,Glass,IP68,"· Nano-SIM + eSIM + eSIM (max 2 at a time; International) · eSIM + eSIM (8 or more, max 2 at a time; USA) · Nano-SIM + Nano-SIM (China)","Super Retina XDR OLED, HDR10, Dolby Vision, 1000 nits (HBM), 2000 nits (peak)",,6.7,1290x2796,460,88.0,Ceramic Shield,"iOS 17, upgradable to iOS 26.5",Apple A16 Bionic (4 nm),4,Hexa-core (2x3.46 GHz Everest + 4x2.02 GHz Sawtooth),Apple GPU (5-core graphics),6,6,128,512,NVMe,48.0,2,1.6,Yes,1/1.56,Yes,"Dual-LED dual-tone flash, HDR (photo/panorama)","4K@24/25/30/60fps, 1080p@25/30/60/120/240fps, HDR, Dolby Vision HDR (up to 60fps), stereo sound rec.",12.0,Yes,"HDR, Dolby Vision HDR","4K@24/25/30/60fps, 1080p@25/30/60/120fps, gyro-EIS","Wi-Fi 802.11 a/b/g/n/ac/6, dual-band, hotspot",Yes,5.3,Type-C,No,"GPS, GLONASS, GALILEO, BDS, QZSS","Face ID, accelerometer, gyro, proximity, compass, barometer",4383,15,15,No,Active use score 16:33h,382.44,456.27,370.0,,1385649,6618,,1642,-27.7,"Black, Blue, Green, Yellow, Pink","A3094, A2847, A3093, A3096, iPhone15,5",1.01 W/kg (head) 1.12 W/kg (body),0.98 W/kg (head) 0.98 W/kg (body),No
Apple,Apple iPhone 15,https://www.gsmarena.com/apple_iphone_15-12559.php,https://fdn2.gsmarena.com/vv/bigpic/apple-iphone-15.jpg,GSM / CDMA / HSPA / EVDO / LTE / 5G,Yes,"2023, September 12","Available. Released 2023, September 22",147.6 x 71.6 x 7.8 mm (5.81 x 2.82 x 0.31 in),171.0,Glass,IP68,"· Nano-SIM + eSIM + eSIM (max 2 at a time; International) · eSIM + eSIM (8 or more, max 2 at a time; USA) · Nano-SIM + Nano-SIM (China)","Super Retina XDR OLED, HDR10, Dolby Vision, 1000 nits (HBM), 2000 nits (peak)",,6.1,1179x2556,461,86.4,Ceramic Shield,"iOS 17, upgradable to iOS 26.5",Apple A16 Bionic (4 nm),4,Hexa-core (2x3.46 GHz Everest + 4x2.02 GHz Sawtooth),Apple GPU (5-core graphics),6,6,128,512,NVMe,48.0,2,1.6,Yes,1/1.56,Yes,"Dual-LED dual-tone flash, HDR (photo/panorama)","4K@24/25/30/60fps, 1080p@25/30/60/120/240fps, HDR, Dolby Vision HDR (up to 60fps), stereo sound rec.",12.0,Yes,"HDR, Dolby Vision HDR","4K@24/25/30/60fps, 1080p@25/30/60/120fps, gyro-EIS","Wi-Fi 802.11 a/b/g/n/ac/6, dual-band, hotspot",Yes,5.3,Type-C,No,"GPS, GLONASS, GALILEO, BDS, QZSS","Face ID, accelerometer, gyro, proximity, compass, barometer",3349,15,15,No,Active use score 13:20h,348.0,421.0,335.75,,1354651,6526,,1643,-26.2,"Black, Blue, Green, Yellow, Pink","A3090, A2846, A3089, A3092, iPhone15,4",1.12 W/kg (head) 1.14 W/kg (body),0.98 W/kg (head) 0.98 W/kg (body),No
Apple,Apple Watch Ultra 2,https://www.gsmarena.com/apple_watch_ultra_2-12560.php,https://fdn2.gsmarena.com/vv/bigpic/apple-watch-ultra2-black.jpg,GSM / HSPA / LTE,No,"2023, September 12","Available. Released 2023, September 22",49 x 44 x 14.4 mm (1.93 x 1.73 x 0.57 in),61.4,Titanium,,eSIM,"Retina LTPO2 OLED, 3000 nits (peak)",,1.92,502x410,338,,Sapphire crystal glass,"watchOS 10, upgradable to watchOS 26.5",Apple S9,,Dual-core,PowerVR,,,64,64,,,,,No,,No,,,,No,,,"Wi-Fi 802.11 b/g/n, dual-band",Yes,5.3,No,No,"GPS (L1+L5), GLONASS, GALILEO, BDS","Accelerometer, gyro, heart rate, barometer, always-on altimeter (-500m to 9000m), compass, SpO2, VO2max, temperature (body), temperature (water)",564,,,No,,,499.0,,,,,,,,"Titanium, Black","A2986, A2987, Watch7,5",0.88 W/kg (head),0.22 W/kg (head),No
Apple,Apple Watch Series 9,https://www.gsmarena.com/apple_watch_series_9-12561.php,https://fdn2.gsmarena.com/vv/bigpic/apple-watch-series9.jpg,GSM / HSPA / LTE,No,"2023, September 12","Available. Released 2023, September 22",45 x 38 x 10.7 mm (1.77 x 1.50 x 0.42 in),42.3,Ceramic,,eSIM,"Retina LTPO OLED, 2000 nits (peak)",,1.9,484x396,326,,Sapphire crystal glass,"watchOS 10, upgradable to watchOS 26.5",Apple S9,,Dual-core,PowerVR,,,64,64,,,,,No,,No,,,,No,,,"Wi-Fi 802.11 b/g/n, dual-band",Yes,5.3,No,No,"GPS, GLONASS, GALILEO, QZSS, BDS","Accelerometer, gyro, heart rate, barometer, always-on altimeter, compass, SpO2, VO2max, temperature (body)",308,,,No,,,,,,,,,,,"Graphite, Silver, Gold, Red","A2982, A2984, A2983, A2985, Watch7,3, Watch7,4",1.02 W/kg (head),0.64 W/kg (head),No
Apple,Apple Watch Series 9 Aluminum,https://www.gsmarena.com/apple_watch_series_9_aluminum-12562.php,https://fdn2.gsmarena.com/vv/bigpic/apple-watch-series9-aluminum.jpg,GSM / HSPA / LTE,No,"2023, September 12","Available. Released 2023, September 22",45 x 38 x 10.7 mm (1.77 x 1.50 x 0.42 in),31.9,Ceramic,,eSIM,"Retina LTPO OLED, 2000 nits (peak)",,1.9,484x396,326,,Ion-X strengthened glass,"watchOS 10, upgradable to watchOS 26.5",Apple S9,,Dual-core,PowerVR,,,64,64,,,,,No,,No,,,,No,,,"Wi-Fi 802.11 b/g/n, dual-band",Yes,5.3,No,No,"GPS, GLONASS, GALILEO, QZSS, BDS","Accelerometer, gyro, heart rate, barometer, always-on altimeter, compass, SpO2, VO2max, temperature (body)",308,,,No,,,,,,,,,,,"Midnight, Starlight, Silver, Pink, Red","A2982, A2984, A2983, A2985, Watch7,1, Watch7,2, Watch7,3, Watch7,4",1.02 W/kg (head),0.64 W/kg (head),No
Apple,Apple iPad Pro 12.9 (2022),https://www.gsmarena.com/apple_ipad_pro_12_9_(2022)-11939.php,https://fdn2.gsmarena.com/vv/bigpic/apple-ipad-pro-129-2022.jpg,GSM / HSPA / LTE / 5G,Yes,"2022, October 18","Available. Released 2022, October 26",280.6 x 214.9 x 6.4 mm (11.05 x 8.46 x 0.25 in),682.0,Glass,,Nano-SIM + eSIM,"Liquid Retina XDR mini-LED LCD, 120Hz, HDR10, Dolby Vision, 1000 nits (typ), 1600 nits (peak)",120,12.9,2048x2732,265,85.4,"Scratch-resistant glass, oleophobic coat","iPadOS 16.1, upgradable to iPadOS 26.4",Apple M2,,"Octa-core (4x3.49 GHz performance cores, 4 efficiency cores)",Apple GPU (10-core graphics),8,16,128,512,,12.0,2,1.8,No,1/3.0,Yes,"Quad-LED dual-tone flash, HDR","4K@24/25/30/60fps, 1080p@25/30/60/120/240fps; gyro-EIS, ProRes",12.0,No,"Face detection, HDR, panorama","1080p@25/30/60fps, gyro-EIS, HDR","Wi-Fi 802.11 a/b/g/n/ac/6e, dual-band, hotspot",No,5.3,Type-C,No,"GPS, GLONASS, GALILEO, QZSS (Wi‑Fi + Cellular model only)","Face ID, accelerometer, gyro, compass, barometer",10758,,,No,,,,,,,,,,,"Silver, Space Gray","A2764, A2437, A2766, A2436, iPad14,5, iPad14,6",,,No
Apple,Apple iPad Pro 11 (2022),https://www.gsmarena.com/apple_ipad_pro_11_(2022)-11940.php,https://fdn2.gsmarena.com/vv/bigpic/apple-ipad-pro-11-2022.jpg,GSM / HSPA / LTE / 5G,Yes,"2022, October 18","Available. Released 2022, October 26",247.6 x 178.5 x 5.9 mm (9.75 x 7.03 x 0.23 in),466.0,Glass,,Nano-SIM + eSIM (cellular model only),"Liquid Retina IPS LCD, 120Hz, HDR10, Dolby Vision, 600 nits (typ)",120,11.0,1668x2388,265,82.9,"Scratch-resistant glass, oleophobic coat","iPadOS 16.1, upgradable to iPadOS 26.4",Apple M2,,"Octa-core (4x3.49 GHz performance cores, 4 efficiency cores)",Apple GPU (10-core graphics),8,16,128,512,,12.0,2,1.8,No,1/3.0,Yes,"Quad-LED dual-tone flash, HDR","4K@24/25/30/60fps, 1080p@25/30/60/120/240fps; gyro-EIS, ProRes",12.0,No,"Face detection, HDR, panorama","1080p@25/30/60fps, gyro-EIS, HDR","Wi-Fi 802.11 a/b/g/n/ac/6e, dual-band, hotspot",No,5.3,Type-C,No,"GPS, GLONASS, GALILEO, QZSS (cellular model only)","Face ID, accelerometer, gyro, compass, barometer",7538,,,No,,,,,,,,,,,"Silver, Space Gray","A2435, A2761, A2762, A2759, iPad8,9, iPad8,10, iPad14,3, iPad14,4",,,No
Apple,Apple iPad (2022),https://www.gsmarena.com/apple_ipad_(2022)-11941.php,https://fdn2.gsmarena.com/vv/bigpic/apple-ipad-10-2022.jpg,GSM / HSPA / LTE / 5G,Yes,"2022, October 18","Available. Released 2022, October 26",248.6 x 179.5 x 7 mm (9.79 x 7.07 x 0.28 in),477.0,Glass,,Nano-SIM + eSIM (cellular model only),"Liquid Retina IPS LCD, 500 nits (typ)",,10.9,1640x2360,264,80.5,"Scratch-resistant glass, oleophobic coat","iPadOS 16.1, upgradable to iPadOS 26.4",Apple A14 Bionic (5 nm),5,Hexa-core (2x3.0 GHz Firestorm + 4x1.8 GHz Icestorm),Apple GPU (4-core graphics),4,4,64,256,,12.0,1,1.8,No,,Yes,"HDR, panorama","4K@24/25/30/60fps, 1080p@25/30/60/120/240fps",12.0,No,HDR,"1080p@25/30/60fps, gyro-EIS","Wi-Fi 802.11 a/b/g/n/ac/6, dual-band, hotspot",No,5.2,Type-C,No,"GPS, GLONASS (Wi‑Fi + Cellular model only)","Fingerprint (top-mounted), accelerometer, gyro, compass, barometer",7606,,,No,,,,,,,,,,,"Silver, Blue, Pink, Yellow","A3162, A2757, A2777, A2696, iPad13,18, iPad13,19",,,No
Apple,Apple iPhone 14 Pro Max,https://www.gsmarena.com/apple_iphone_14_pro_max-11773.php,https://fdn2.gsmarena.com/vv/bigpic/apple-iphone-14-pro-max-.jpg,GSM / CDMA / HSPA / EVDO / LTE / 5G,Yes,"2022, September 07","Available. Released 2022, September 16",160.7 x 77.6 x 7.9 mm (6.33 x 3.06 x 0.31 in),240.0,Glass,IP68,"· Nano-SIM + eSIM + eSIM (max 2 at a time; International) · eSIM + eSIM (8 or more, max 2 at a time; USA) · Nano-SIM + Nano-SIM (China)","LTPO Super Retina XDR OLED, 120Hz, HDR10, Dolby Vision, 1000 nits (typ), 2000 nits (HBM)",120,6.7,1290x2796,460,88.3,Ceramic Shield,"iOS 16, upgradable to iOS 26.5",Apple A16 Bionic (4 nm),4,Hexa-core (2x3.46 GHz Everest + 4x2.02 GHz Sawtooth),Apple GPU (5-core graphics),6,6,128,512,NVMe,48.0,3,1.8,Yes,1/1.28,Yes,"Dual-LED dual-tone flash, HDR (photo/panorama)","4K@24/25/30/60fps, 1080p@25/30/60/120/240fps, 10-bit HDR, Dolby Vision HDR (up to 60fps), ProRes, stereo sound rec.",12.0,Yes,HDR,"4K@24/25/30/60fps, 1080p@25/30/60/120fps, gyro-EIS","Wi-Fi 802.11 a/b/g/n/ac/6, dual-band, hotspot",Yes,5.3,Lightning,No,"GPS (L1+L5), GLONASS, GALILEO, BDS, QZSS","Face ID, accelerometer, gyro, proximity, compass, barometer",4323,15,15,No,,442.19,489.0,375.5,,955884,5423,,1760,-24.3,"Space Black, Silver, Gold, Deep Purple","A2894, A2651, A2893, A2895, A2896, iphone15,3",1.15 W/kg (head) 1.07 W/kg (body),0.99 W/kg (head) 0.98 W/kg (body),No
Apple,Apple iPhone 14 Pro,https://www.gsmarena.com/apple_iphone_14_pro-11860.php,https://fdn2.gsmarena.com/vv/bigpic/apple-iphone-14-pro.jpg,GSM / CDMA / HSPA / EVDO / LTE / 5G,Yes,"2022, September 07","Available. Released 2022, September 16",147.5 x 71.5 x 7.9 mm (5.81 x 2.81 x 0.31 in),206.0,Glass,IP68,"· Nano-SIM + eSIM + eSIM (max 2 at a time; International) · eSIM + eSIM (8 or more, max 2 at a time; USA) · Nano-SIM + Nano-SIM (China)","LTPO Super Retina XDR OLED, 120Hz, HDR10, Dolby Vision, 1000 nits (typ), 2000 nits (HBM)",120,6.1,1179x2556,460,87.0,Ceramic Shield,"iOS 16, upgradable to iOS 26.5",Apple A16 Bionic (4 nm),4,Hexa-core (2x3.46 GHz Everest + 4x2.02 GHz Sawtooth),Apple GPU (5-core graphics),6,6,128,512,NVMe,48.0,3,1.8,Yes,1/1.28,Yes,"Dual-LED dual-tone flash, HDR (photo/panorama)","4K@24/25/30/60fps, 1080p@25/30/60/120/240fps, 10-bit HDR, Dolby Vision HDR (up to 60fps), ProRes, stereo sound rec.",12.0,Yes,HDR,"4K@24/25/30/60fps, 1080p@25/30/60/120fps, gyro-EIS","Wi-Fi 802.11 a/b/g/n/ac/6, dual-band, hotspot",Yes,5.3,Lightning,No,"GPS (L1+L5), GLONASS, GALILEO, BDS, QZSS","Face ID, accelerometer, gyro, proximity, compass, barometer",3200,15,15,No,,417.01,466.0,330.0,,968412,5346,,1791,-26.2,"Space Black, Silver, Gold, Deep Purple","A2890, A2650, A2889, A2892, iphone15,2",1.15 W/kg (head) 1.15 W/kg (body),0.98 W/kg (head) 0.98 W/kg (body),No
Apple,Apple iPhone 14 Plus,https://www.gsmarena.com/apple_iphone_14_plus-11862.php,https://fdn2.gsmarena.com/vv/bigpic/apple-iphone-14-plus.jpg,GSM / CDMA / HSPA / EVDO / LTE / 5G,Yes,"2022, September 07","Available. Released 2022, October 07",160.8 x 78.1 x 7.8 mm (6.33 x 3.07 x 0.31 in),203.0,Glass,IP68,"· Nano-SIM + eSIM + eSIM (max 2 at a time; International) · eSIM + eSIM (8 or more, max 2 at a time; USA) · Nano-SIM + Nano-SIM (China)","Super Retina XDR OLED, HDR10, Dolby Vision, 800 nits (HBM), 1200 nits (peak)",,6.7,1284x2778,458,87.4,Ceramic Shield,"iOS 16, upgradable to iOS 26.5",Apple A15 Bionic (5 nm),5,Hexa-core (2x3.23 GHz Avalanche + 4x1.82 GHz Blizzard),Apple GPU (5-core graphics),6,6,128,512,NVMe,12.0,2,1.5,Yes,1/1.7,Yes,"Dual-LED dual-tone flash, HDR (photo/panorama)","4K@24/25/30/60fps, 1080p@25/30/60/120/240fps, HDR, Dolby Vision HDR (up to 60fps), stereo sound rec.",12.0,Yes,HDR,"4K@24/25/30/60fps, 1080p@25/30/60/120fps, gyro-EIS","Wi-Fi 802.11 a/b/g/n/ac/6, dual-band, hotspot",Yes,5.3,Lightning,No,"GPS, GLONASS, GALILEO, BDS, QZSS","Face ID, accelerometer, gyro, proximity, compass, barometer",4323,15,15,No,,318.42,344.98,274.0,,797976,4582,,797,-24.7,"Midnight, Purple, Starlight, Blue, Red, Yellow","A2886, A2632, A2885, A2888, A2887, iphone14,8",1.14 W/kg (head) 1.15 W/kg (body),0.99 W/kg (head) 0.98 W/kg (body),No
Apple,Apple iPhone 14,https://www.gsmarena.com/apple_iphone_14-11861.php,https://fdn2.gsmarena.com/vv/bigpic/apple-iphone-14.jpg,GSM / CDMA / HSPA / EVDO / LTE / 5G,Yes,"2022, September 07","Available. Released 2022, September 16",146.7 x 71.5 x 7.8 mm (5.78 x 2.81 x 0.31 in),172.0,Glass,IP68,"· Nano-SIM + eSIM + eSIM (max 2 at a time; International) · eSIM + eSIM (8 or more, max 2 at a time; USA) · Nano-SIM + Nano-SIM (China)","Super Retina XDR OLED, HDR10, Dolby Vision, 800 nits (HBM), 1200 nits (peak)",,6.1,1170x2532,460,86.0,Ceramic Shield,"iOS 16, upgradable to iOS 26.5",Apple A15 Bionic (5 nm),5,Hexa-core (2x3.23 GHz Avalanche + 4x1.82 GHz Blizzard),Apple GPU (5-core graphics),6,6,128,512,NVMe,12.0,2,1.5,Yes,1/1.7,Yes,"Dual-LED dual-tone flash, HDR (photo/panorama)","4K@24/25/30/60fps, 1080p@25/30/60/120/240fps, HDR, Dolby Vision HDR (up to 60fps), stereo sound rec.",12.0,Yes,HDR,"4K@24/25/30/60fps, 1080p@25/30/60/120fps, gyro-EIS","Wi-Fi 802.11 a/b/g/n/ac/6, dual-band, hotspot",Yes,5.3,Lightning,No,"GPS, GLONASS, GALILEO, BDS, QZSS","Face ID, accelerometer, gyro, proximity, compass, barometer",3279,15,15,No,,262.0,318.0,254.0,,817125,4761,,804,-25.2,"Midnight, Purple, Starlight, Blue, Red, Yellow","A2882, A2649, A2881, A2884, A2883, iphone14,7",1.15 W/kg (head) 1.16 W/kg (body),0.98 W/kg (head) 0.98 W/kg (body),No
Apple,Apple Watch Ultra,https://www.gsmarena.com/apple_watch_ultra-11827.php,https://fdn2.gsmarena.com/vv/bigpic/apple-watch-ultra.jpg,GSM / HSPA / LTE,No,"2022, September 07","Available. Released 2022, September 23",49 x 44 x 14.4 mm (1.93 x 1.73 x 0.57 in),61.3,Titanium,,eSIM,"Retina LTPO OLED, 2000 nits (peak)",,1.92,502x410,338,,Sapphire crystal glass,"watchOS 9.0, upgradable to watchOS 26.5",Apple S8,,Dual-core,PowerVR,,,32,32,,,,,No,,No,,,,No,,,"Wi-Fi 802.11 b/g/n, dual-band",Yes,5.3,No,No,"GPS (L1+L5), GLONASS, GALILEO, BDS","Accelerometer, gyro, heart rate, barometer, always-on altimeter, compass, SpO2, VO2max, temperature (body), temperature (water)",542,,,No,,,,,,,,,,,Titanium,"A2684, A2622, A2859, watch6,18",,0.35 W/kg (head) 0.60 W/kg (body),No
Apple,Apple Watch Series 8,https://www.gsmarena.com/apple_watch_series_8-11866.php,https://fdn2.gsmarena.com/vv/bigpic/apple-watch-8.jpg,GSM / HSPA / LTE,No,"2022, September 07","Available. Released 2022, September 16",45 x 38 x 10.7 mm (1.77 x 1.50 x 0.42 in),42.3,Ceramic,,eSIM,"Retina LTPO OLED, 1000 nits (peak)",,1.9,484x396,326,,Sapphire crystal glass,"watchOS 9.0, upgradable to watchOS 26.5",Apple S8,,Dual-core,PowerVR,1,1,32,32,eMMC 5.1,,,,No,,No,,,,No,,,"Wi-Fi 802.11 b/g/n, dual-band",Yes,5.3,No,No,"GPS, GLONASS, GALILEO, QZSS, BDS","Accelerometer, gyro, heart rate, barometer, always-on altimeter, compass, SpO2, VO2max, temperature (body)",308,,,No,,,,,,,,,,,"Graphite, Silver, Gold","A2773, A2775, A2772, A2774, A2857, A2858, watch6,16, watch6,17",0.31 W/kg (head) 0.55 W/kg (body),0.31 W/kg (head) 0.55 W/kg (body),No
Apple,Apple Watch Series 8 Aluminum,https://www.gsmarena.com/apple_watch_series_8_aluminum-11864.php,https://fdn2.gsmarena.com/vv/bigpic/apple-watch-8-aluminum.jpg,GSM / HSPA / LTE,No,"2022, September 07","Available. Released 2022, September 16",45 x 38 x 10.7 mm (1.77 x 1.50 x 0.42 in),32.0,Ceramic,,eSIM,"Retina LTPO OLED, 1000 nits (peak)",,1.9,484x396,326,,Ion-X strengthened glass,"watchOS 9.0, upgradable to watchOS 26.5",Apple S8,,Dual-core,PowerVR,1,1,32,32,eMMC 5.1,,,,No,,No,,,,No,,,"Wi-Fi 802.11 b/g/n, dual-band",Yes,5.3,No,No,"GPS, GLONASS, GALILEO, QZSS, BDS","Accelerometer, gyro, heart rate, barometer, always-on altimeter, compass, SpO2, VO2max, temperature (body)",308,,,No,,,,,,,,,,,"Midnight, Starlight, Silver, Red","A2773, A2775, A2772, A2774, A2857, A2858, A2770, A2771, watch6,14, watch6,15, watch6,16, watch6,17",0.31 W/kg (head) 0.55 W/kg (body),0.31 W/kg (head) 0.55 W/kg (body),No
Apple,Apple Watch SE 2,https://www.gsmarena.com/apple_watch_se_(2022)-11865.php,https://fdn2.gsmarena.com/vv/bigpic/apple-watch-8se-2022.jpg,GSM / HSPA / LTE,No,"2022, September 07","Available. Released 2022, September 16",44 x 38 x 10.7 mm (1.73 x 1.50 x 0.42 in),33.0,Glass,,eSIM,"Retina LTPO OLED, 1000 nits (peak)",,1.78,448x368,326,,Ion-X strengthened glass,"watchOS 9.0, upgradable to watchOS 26.5",Apple S8,,Dual-core,PowerVR,1,1,32,32,,,,,No,,No,,,,No,,,Wi-Fi 802.11 b/g/n,Yes,5.3,No,No,"GPS, GLONASS, GALILEO, QZSS","Accelerometer, gyro, heart rate (2nd gen), barometer, always-on altimeter, compass",296,,,No,,,,,,,,,,,"Midnight, Starlight, Silver","A2722, A2723, A2724, A2727, A2856, A2725, A2726, A2855, watch6,10, watch6,11, watch6,12, watch6,13",0.27 W/kg (head) 1.96 W/kg (body),0.27 W/kg (head) 1.96 W/kg (body),No
Apple,Apple iPhone SE (2022),https://www.gsmarena.com/apple_iphone_se_(2022)-11410.php,https://fdn2.gsmarena.com/vv/bigpic/apple-iphone-se-2022.jpg,GSM / CDMA / HSPA / EVDO / LTE / 5G,Yes,"2022, March 08","Available. Released 2022, March 18",138.4 x 67.3 x 7.3 mm (5.45 x 2.65 x 0.29 in),144.0,Glass,IP67,Nano-SIM + eSIM,"Retina IPS LCD, 625 nits (typ)",,4.7,750x1334,326,65.4,Ion-strengthened glass,"iOS 15.4, upgradable to iOS 26.5",Apple A15 Bionic (5 nm),5,Hexa-core (2x3.22 GHz Avalanche + 4x1.82 GHz Blizzard),Apple GPU (4-core graphics),4,4,64,256,NVMe,12.0,1,1.8,Yes,,Yes,"Quad-LED dual-tone flash, HDR, panorama","4K@24/30/60fps, 1080p@30/60/120/240fps, HDR, OIS, stereo sound rec.",7.0,No,HDR,1080p@30/120fps; gyro-EIS,"Wi-Fi 802.11 a/b/g/n/ac/6, dual-band, hotspot",Yes,5.0,Lightning,No,"GPS, GLONASS, GALILEO, BDS, QZSS","Fingerprint (front-mounted), accelerometer, proximity, gyro, compass, barometer",2018,20,5,No,,129.0,144.0,102.8,,723486,4629,,605,-25.2,"Midnight, Starlight, Red","A2783, A2595, A2785, A2782, A2784, iphone14,6",0.98 W/kg (head) 0.99 W/kg (body),1.20 W/kg (head) 1.19 W/kg (body),No
Apple,Apple iPad Air (2022),https://www.gsmarena.com/apple_ipad_air_(2022)-11411.php,https://fdn2.gsmarena.com/vv/bigpic/apple-ipad-air-2022-new.jpg,GSM / HSPA / LTE / 5G,Yes,"2022, March 08","Available. Released 2022, March 18",247.6 x 178.5 x 6.1 mm (9.75 x 7.03 x 0.24 in),461.0,Glass,,Nano-SIM + eSIM,"Liquid Retina IPS LCD, 500 nits (typ)",,10.9,1640x2360,264,81.3,"Scratch-resistant glass, oleophobic coat","iPadOS 15.4, upgradable to iPadOS 26.4",Apple M1,,Octa-core (4x3.2 GHz & 4xX.X GHz),Apple GPU (8-core graphics),8,8,256,256,,12.0,1,1.8,No,1/3.0,Yes,HDR,"4K@24/25/30/60fps, 1080p@25/30/60/120/240fps; gyro-EIS",12.0,No,HDR,1080p@30/60fps,"Wi-Fi 802.11 a/b/g/n/ac/6, dual-band, hotspot",No,5.0,Type-C,No,"GPS, GLONASS (5G model only)","Fingerprint (top-mounted), accelerometer, gyro, compass, barometer",7600,,,No,,,,,,,,,,,"Space Gray, Starlight, Pink, Purple, Blue","A2588, A2589, A2591, iPad13,16, iPad13,17",,,No
Apple,Apple iPhone 13 Pro Max,https://www.gsmarena.com/apple_iphone_13_pro_max-11089.php,https://fdn2.gsmarena.com/vv/bigpic/apple-iphone-13-pro-max.jpg,GSM / CDMA / HSPA / EVDO / LTE / 5G,Yes,"2021, September 14","Available. Released 2021, September 24",160.8 x 78.1 x 7.7 mm (6.33 x 3.07 x 0.30 in),240.0,Glass,IP68,· Nano-SIM + eSIM · Nano-SIM + Nano-SIM,"Super Retina XDR OLED, 120Hz, HDR10, Dolby Vision, 1000 nits (HBM), 1200 nits (peak)",120,6.7,1284x2778,458,87.4,Ceramic Shield,"iOS 15, upgradable to iOS 26.5",Apple A15 Bionic (5 nm),5,Hexa-core (2x3.23 GHz Avalanche + 4x1.82 GHz Blizzard),Apple GPU (5-core graphics),6,6,128,512,NVMe,12.0,3,1.5,Yes,1/1.7,Yes,"Dual-LED dual-tone flash, HDR (photo/panorama)","4K@24/25/30/60fps, 1080p@25/30/60/120/240fps, 10-bit HDR, Dolby Vision HDR (up to 60fps), ProRes, stereo sound rec.",12.0,Yes,HDR,"4K@24/25/30/60fps, 1080p@25/30/60/120fps, gyro-EIS","Wi-Fi 802.11 a/b/g/n/ac/6, dual-band, hotspot",Yes,5.0,Lightning,No,"GPS, GLONASS, GALILEO, BDS, QZSS","Face ID, accelerometer, gyro, proximity, compass, barometer",4352,15,15,No,,399.0,380.0,288.98,,801691,4706,,1050,-24.0,"Graphite, Gold, Silver, Sierra Blue, Alpine Green","A2643, A2484, A2641, A2644, A2645, iphone14,3",1.18 W/kg (head) 1.20 W/kg (body),0.99 W/kg (head) 0.98 W/kg (body),No
Apple,Apple iPhone 13 Pro,https://www.gsmarena.com/apple_iphone_13_pro-11102.php,https://fdn2.gsmarena.com/vv/bigpic/apple-iphone-13-pro.jpg,GSM / CDMA / HSPA / EVDO / LTE / 5G,Yes,"2021, September 14","Available. Released 2021, September 24",146.7 x 71.5 x 7.7 mm (5.78 x 2.81 x 0.30 in),204.0,Glass,IP68,· Nano-SIM + eSIM · Nano-SIM + Nano-SIM,"Super Retina XDR OLED, 120Hz, HDR10, Dolby Vision, 1000 nits (HBM), 1200 nits (peak)",120,6.1,1170x2532,460,86.0,Ceramic Shield,"iOS 15, upgradable to iOS 26.5",Apple A15 Bionic (5 nm),5,Hexa-core (2x3.23 GHz Avalanche + 4x1.82 GHz Blizzard),Apple GPU (5-core graphics),6,6,128,512,NVMe,12.0,3,1.5,Yes,1/1.7,Yes,"Dual-LED dual-tone flash, HDR (photo/panorama)","4K@24/25/30/60fps, 1080p@25/30/60/120/240fps, 10‑bit HDR, Dolby Vision HDR (up to 60fps), ProRes, stereo sound rec.",12.0,Yes,HDR,"4K@24/25/30/60fps, 1080p@25/30/60/120fps, gyro-EIS","Wi-Fi 802.11 a/b/g/n/ac/6, dual-band, hotspot",Yes,5.0,Lightning,No,"GPS, GLONASS, GALILEO, BDS, QZSS","Face ID, accelerometer, gyro, proximity, compass, barometer",3095,15,15,No,,339.95,359.59,268.99,,794348,4687,,1063,-24.9,"Graphite, Gold, Silver, Sierra Blue, Alpine Green","A2638, A2483, A2636, A2639, A2640, iPhone14,2",1.20 W/kg (head) 1.19 W/kg (body),0.99 W/kg (head) 0.98 W/kg (body),No
Apple,ZTE nubia RedMagic 11S Pro,https://www.gsmarena.com/zte_nubia_redmagic_11s_pro_5g-14669.php,https://fdn2.gsmarena.com/vv/bigpic/zte-nubia-red-magic-11s-pro.jpg,GSM / HSPA / LTE / 5G,Yes,"2026, May 27","Coming soon. Exp. release 2026, June 09",163.8 x 76.5 x 8.9 mm (6.45 x 3.01 x 0.35 in),230.0,Glass,,Nano-SIM + Nano-SIM,"AMOLED, 1B colors, 144Hz, 2592Hz PWM, 1800 nits (peak)",144,6.85,1216x2688,431,90.7,Corning Gorilla Glass,"Android 16, Redmagic OS 11.5",Qualcomm SM8850-1-AD Snapdragon 8 Elite Gen 5 (3 nm),3,Octa-core (2x4.74 GHz Oryon V3 Phoenix L + 6x3.62 GHz Oryon V3 Phoenix M),Adreno 840 (1.3GHz),12,16,256,512,UFS 4.1 Pro,50.0,2,1.9,Yes,1/1.55,Yes,"LED flash, HDR, panorama","8K@30fps, 4K@30/60fps, 1080p@30/60/120/240fps",16.0,No,HDR,1080p@30/60fps,"Wi-Fi 802.11 a/b/g/n/ac/6e/7, tri-band, Wi-Fi Direct",Yes,5.4,Type-C,Yes,"GPS (L1+L5), GLONASS, BDS, GALILEO","Fingerprint (under display, ultrasonic), accelerometer, gyro, proximity, compass",7500,80,80,Yes,,,,,,,,,,,"Nightfreeze (Black Transparent), Subzero (Silver Transparent)",,,,No
Apple,vivo S60,https://www.gsmarena.com/vivo_s60_5g-14692.php,https://fdn2.gsmarena.com/vv/bigpic/vivo-s60-.jpg,GSM / HSPA / LTE / 5G,Yes,Not announced yet,Rumored,157.5 x 74.3 x 7.9 mm (6.20 x 2.93 x 0.31 in),207.0,Glass,IP68,Nano-SIM + Nano-SIM,"AMOLED, 1B colors, HDR, 120Hz, 1800 nits (HBM), 5000 nits (peak)",120,6.59,1260x2750,459,90.7,,"Android 16, OriginOS 6",Qualcomm SM8635 Snapdragon 8s Gen 3 (4 nm),4,Octa-core (1x3.0 GHz Cortex-X4 & 4x2.8 GHz Cortex-A720 & 3x2.0 GHz Cortex-A520),Adreno 735,8,16,256,512,UFS 4.1,50.0,3,1.9,Yes,1/1.56,Yes,"Ring-LED flash, panorama, HDR, color spectrum sensor","4K, 1080p, gyro-EIS",50.0,Yes,HDR,"4K, 1080p","Wi-Fi 802.11 a/b/g/n/ac/6, dual-band",Yes,5.4,Type-C,No,"GPS, GALILEO, GLONASS, QZSS, BDS (B1I+B1c)","Fingerprint (under display, ultrasonic), accelerometer, compass, proximity",7200,90,,No,,,,,,,,,,,"Gray, White, Green",V2571A,,,No
Apple,Ulefone Tab A12 Pro,https://www.gsmarena.com/ulefone_tab_a12_pro-14695.php,https://fdn2.gsmarena.com/vv/bigpic/ulefone-tab-a12-pro.jpg,GSM / HSPA / LTE,No,"2026, May","Coming soon. Exp. release 2026, June 01",277.8 x 191.5 x 7.5 mm (10.94 x 7.54 x 0.30 in),610.0,,,Nano-SIM + Nano-SIM,"IPS LCD, 90Hz, 450 nits",90,12.2,2400x1600,236,83.3,Mohs level 4,Android 16,Unisoc T7300 (6 nm),6,Octa-core (2x2.2 GHz Cortex-A78 & 6x2.0 GHz Cortex-A55),Mali-G57 MP2,8,8,128,128,UFS 2.1,13.0,1,2.2,No,,No,"LED flash, HDR, panorama","1440p@30fps, 1080p@30fps",5.0,No,,Yes,"Wi-Fi 802.11 a/b/g/n/ac, dual-band",No,5.0,Type-C,No,"GPS, GLONASS, GALILEO, BDS","Accelerometer, proximity (accessories only)",9000,18,,No,,,,,,,,,,,Gray,,,,FM radio
Apple,Xiaomi 17 Max,https://www.gsmarena.com/xiaomi_17_max_5g-14667.php,https://fdn2.gsmarena.com/vv/bigpic/xiaomi-17-max.jpg,GSM / HSPA / LTE / 5G,Yes,"2026, May 21","Available. Released 2026, May 21",162.9 x 77.6 x 8.2 mm (6.41 x 3.06 x 0.32 in),219.0,Glass,IP68,Nano-SIM + Nano-SIM,"LTPO AMOLED, 68B colors, PWM, 120Hz, Dolby Vision, HDR Vivid, HDR10+, 3500 nits (peak)",120,6.9,1200x2608,420,90.5,,"Android 16, HyperOS 3",Qualcomm SM8850-AC Snapdragon 8 Elite Gen 5 (3 nm),3,Octa-core (2x4.6 GHz Oryon V3 Phoenix L + 6x3.62 GHz Oryon V3 Phoenix M),Adreno 840,12,16,256,512,UFS 4.1,200.0,3,1.7,Yes,1/1.4,Yes,"Laser AF, color spectrum sensor, Leica lens, LED flash, HDR, panorama","8K@30fps (HDR), 4K@30/60fps (10-bit Dolby Vision HDR), 4K@120fps, 1080p@30/60/120/240/960fps, gyro-EIS",32.0,Yes,,"4K@30fps, 1080p@30/60fps, gyro-EIS","Wi-Fi 802.11 a/b/g/n/ac/6e/7, dual-band, Wi-Fi Direct",Yes,5.4,Type-C,No,"GPS (L1+L5), BDS (B1I+B1c+B2a), GALILEO (E1+E5a), QZSS (L1+L5), NavIC (L5), GLONASS","Fingerprint (under display, ultrasonic), accelerometer, proximity, gyro, compass, barometer",8000,100,50,Yes,,,,,,,,,,,"Black, Blue, White",2605EPN8EC,,,No
Apple,vivo S60 Vitality,https://www.gsmarena.com/vivo_s60_vitality_5g-14693.php,https://fdn2.gsmarena.com/vv/bigpic/vivo-s60-vitality-.jpg,GSM / HSPA / LTE / 5G,Yes,Not announced yet,Rumored,157.5 x 74.3 x 7.9 mm (6.20 x 2.93 x 0.31 in),199.0,Glass,IP68,Nano-SIM + Nano-SIM,"AMOLED, 1B colors, HDR, 120Hz, 1800 nits (HBM), 5000 nits (peak)",120,6.59,1260x2750,459,90.7,,"Android 16, OriginOS 6",Mediatek Dimensity 7500 (4 nm),4,,,8,12,128,512,UFS 4.1,50.0,2,1.9,Yes,1/1.56,Yes,"Ring-LED flash, panorama, HDR, color spectrum sensor","4K, 1080p, gyro-EIS",50.0,Yes,HDR,"4K, 1080p","Wi-Fi 802.11 a/b/g/n/ac/6, dual-band",Yes,5.4,Type-C,No,"GPS, GALILEO, GLONASS, QZSS, BDS (B1I+B1c)","Fingerprint (under display, optical), accelerometer, compass, proximity",7200,90,,No,,,,,,,,,,,"Gray, White, Green",V2572A,,,No
Apple,vivo Y600 Turbo,https://www.gsmarena.com/vivo_y600_turbo_5g-14687.php,https://fdn2.gsmarena.com/vv/bigpic/vivo-y600-turbo.jpg,GSM / HSPA / LTE / 5G,Yes,"2026, May 25","Available. Released 2026, May 27",163.7 x 76.2 x 8.3 mm (6.44 x 3.00 x 0.33 in),215.0,Glass,IP68,Nano-SIM + Nano-SIM,"AMOLED, 1B colors, 120Hz, 4320Hz PWM, HDR, 1000 nits, 2000 nits (HBM), 5000 nits (peak)",120,6.83,1260x2800,450,90.3,,"Android 16, OriginOS 6",Qualcomm SM7635-AC Snapdragon 7s Gen 4 (4 nm),4,Octa-core (1x2.7 GHz Cortex-A720 & 3x2.4 GHz Cortex-A720 & 4x1.8 GHz Cortex-A520),Adreno 810,8,12,256,512,UFS 3.1,50.0,2,1.8,No,,Yes,"LED flash, HDR, panorama","4K, 1080p, gyro-EIS",8.0,No,,"1080p@30fps, gyro-EIS","Wi-Fi 802.11 a/b/g/n/ac/6, dual-band",Yes,5.2,Type-C,No,"GPS (L1+L5), BDS (B1I+B1C+B2a), GALILEO (E1+E5a), QZSS (L1+L5), GLONASS","Fingerprint (under display, optical), accelerometer, gyro, proximity, compass",9020,90,,No,,,,,,,,,,,"Gold, White, Blue",V2553A,,,No
Apple,Honor 600e,https://www.gsmarena.com/honor_600e_5g-14688.php,https://fdn2.gsmarena.com/vv/bigpic/honor-600e.jpg,GSM / HSPA / LTE / 5G,Yes,"2026, May","Available. Released 2026, May",157.4 x 75.4 x 7.3 mm (6.20 x 2.97 x 0.29 in),180.0,Glass,IP66,Nano-SIM + Nano-SIM,"AMOLED, 1B colors, 120Hz, 3840Hz PWM, 800 nits (typ), 2000 nits (HBM), 6500 nits (peak)",120,6.6,1200x2600,434,90.1,Aluminosilicate glass,"Android 16, MagicOS 10",Mediatek Dimensity 7100 Elite (6 nm),6,Octa-core (4x2.4 GHz Cortex-A78 & 4x2.0 GHz Cortex-A55),Mali-G610 MC2,8,8,512,512,,108.0,2,1.8,No,1/1.67,No,"LED flash, HDR, panorama",1080p@30fps,16.0,No,,1080p@30fps,"Wi-Fi 802.11 a/b/g/n/ac, dual-band, Wi-Fi Direct",Yes,6.0,Type-C,No,"GPS, GLONASS, GALILEO, BDS","Fingerprint (under display, optical), accelerometer, compass, proximity (ultrasonic)",6520,45,,No,,,,,,,,,,,"Velvet Gray, Desert Gold, Vital Green",LNA-NX3,,,Unspecified
Apple,Honor 600 Pro (China),https://www.gsmarena.com/honor_600_pro_5g_(china)-14680.php,https://fdn2.gsmarena.com/vv/bigpic/honor-600-pro-cn.jpg,GSM / HSPA / LTE / 5G,Yes,"2026, May 25","Coming soon. Exp. release 2026, May 29",156.1 x 74.8 x 7.9 mm (6.15 x 2.94 x 0.31 in),202.0,Glass,IP68,Nano-SIM + Nano-SIM,"AMOLED, 1B colors, 120Hz, 3840Hz PWM, HDR Vivid, 800 nits (typ), 1800 nits (HBM), 8000 nits (peak)",120,6.57,1264x2728,458,91.0,Aluminosilicate glass,"Android 16, MagicOS 10",Mediatek Dimensity 8550 Elite (4 nm),4,Octa-core (1x3.4 GHz Cortex-A725 & 3x3.2 GHz Cortex-A725 & 4x2.2 GHz Cortex-A725),Mali-G720 MC8,12,16,256,512,,200.0,3,1.9,Yes,1/1.4,Yes,"Color spectrum sensor, Multi-focus LED flash, HDR, panorama","4K, 1080p, gyro-EIS, OIS",50.0,Yes,HDR,"4K, 1080p, gyro-EIS","Wi-Fi 802.11 a/b/g/n/ac/6, dual-band, Wi-Fi Direct",Yes,6.0,Type-C,No,"GPS (L1+L5), BDS (B1I+B1C+B2a+B2b), GALILEO (E1+E5a+E5b), QZSS (L1+L5), NavIC (L1+L5), GLONASS","Fingerprint (under display, ultrasonic), accelerometer, gyro, proximity, compass",8000,80,50,Yes,,,,,,,,,,,"Black, Green, Blue, Purple",VKI-AN00,,,No
Apple,Oppo Reno16 Pro (China),https://www.gsmarena.com/oppo_reno16_pro_5g_(china)-14675.php,https://fdn2.gsmarena.com/vv/bigpic/oppo-reno16-pro-cn.jpg,GSM / HSPA / LTE / 5G,Yes,"2026, May 25","Coming soon. Exp. release 2026, May 29",161.3 x 76.4 x 7.7 mm or 7.9 mm,205.0,Glass,IP68,Nano-SIM + Nano-SIM,"LTPO AMOLED, 1B colors, 120Hz, 2160Hz PWM, 600 nits (typ), 1800 nits (HBM), 3600 nits (peak)",120,6.78,1272x2772,450,91.2,,"Android 16, ColorOS 16",Mediatek Dimensity 9500s (3 nm),3,Octa-core (1x3.73 GHz Cortex-X925 & 3x3.3 GHz Cortex-X4 & 4x2.4 GHz Cortex-A720),Immortalis-G925 MC12,12,16,256,512,UFS 3.1,200.0,3,1.8,Yes,,Yes,"Color spectrum sensor, Multi-focus LED flash, HDR, panorama","4K@30/60fps, 1080p@30/60/120/240fps, gyro-EIS, HDR",50.0,Yes,"Panorama, HDR","4K@30/60fps, 1080p@30/60fps, gyro-EIS, HDR","Wi-Fi 802.11 a/b/g/n/ac/6/7, dual-band",Yes,5.4,Type-C,No,"GPS (L1+L5), GALILEO (E1+E5a+E5b), QZSS (L1+L5), BDS (B1l+B1C+B2a+B2b), GLONASS, NavIC (L5)","Fingerprint (under display, optical), accelerometer, gyro, proximity, compass",7000,80,50,No,,,,,,,,,,,"Black, Blue, White",PMK110,,,No
Apple,Realme 16T,https://www.gsmarena.com/realme_16t_5g-14674.php,https://fdn2.gsmarena.com/vv/bigpic/realme-16t.jpg,GSM / HSPA / LTE / 5G,Yes,"2026, May 22","Available. Released 2026, May 26",166.4 x 78.2 x 8.8 mm (6.55 x 3.08 x 0.35 in),224.0,Glass,IP68,Nano-SIM + Nano-SIM,"AMOLED, 144Hz, 1200 nits (HBM)",144,6.81,720x1570,254,87.1,Panda-1681 glass,"Android 16, Realme UI 7.0",Mediatek Dimensity 6300 (6 nm),6,Octa-core (2x2.4 GHz Cortex-A76 & 6x2.0 GHz Cortex-A55),Mali-G57 MC2,6,8,128,256,UFS 2.2,50.0,2,1.8,No,1/2.93,No,"LED flash, HDR, panorama",1080p@30/60fps,16.0,No,,1080p@30fps,"Wi-Fi 802.11 a/b/g/n/ac, dual-band",No,5.3,Type-C,No,"GPS, GLONASS, GALILEO, BDS, QZSS","Fingerprint (side-mounted), accelerometer, proximity, compass",8000,45,,No,Active use score 22:43h,,,,,438780,2016,385,,,"Starlight Red, Starlight Black, Aurora Green",RMX5268,,,No
Apple,Honor 600,https://www.gsmarena.com/honor_600_5g-14605.php,https://fdn2.gsmarena.com/vv/bigpic/honor-600.jpg,GSM / HSPA / LTE / 5G,Yes,"2026, April 22","Available. Released 2026, May 18",156 x 74.7 x 7.8 mm (6.14 x 2.94 x 0.31 in),185.0,Glass,IP68,· Nano-SIM + eSIM · Nano-SIM + Nano-SIM + eSIM (max 2 at a time),"AMOLED, 1B colors, 120Hz, 3840Hz PWM, HDR Vivid, 8000 nits (peak)",120,6.57,1264x2728,458,91.2,Mohs level 4,"Android 16, up to 6 major Android upgrades, MagicOS 10",Qualcomm SM7750-AB Snapdragon 7 Gen 4 (4 nm),4,Octa-core (1x2.8 GHz Cortex-720 & 4x2.4 GHz Cortex-720 & 3x1.8 GHz Cortex-520),Adreno 722,8,12,128,512,,200.0,2,1.9,Yes,1/1.4,Yes,"Color spectrum sensor, LED flash, HDR, panorama","4K@30fps, 1080p@30/60fps, gyro-EIS, OIS",50.0,Yes,HDR,"4K@30fps, 1080p@30/60fps, gyro-EIS","Wi-Fi 802.11 a/b/g/n/ac/6/7, dual-band or tri-band, Wi-Fi Direct",Yes,5.4,Type-C,No,"GPS, GLONASS, GALILEO, BDS, QZSS, NavIC","Fingerprint (under display, optical), accelerometer, gyro, proximity (ultrasound), compass",7000,80,,No,Active use score 16:58h,505.3,487.49,399.0,,1087148,4090,1797,1749,-25.1,"Golden White, Black, Orange",VKJ-NX9,,,No
Apple,Sony Xperia 1 VIII,https://www.gsmarena.com/sony_xperia_1_viii_5g-14660.php,https://fdn2.gsmarena.com/vv/bigpic/sony-xperia-1-viii.jpg,GSM / HSPA / LTE / 5G,Yes,"2026, May 13","Coming soon. Exp. release 2026, June 19",162 x 74 x 8.3 mm (6.38 x 2.91 x 0.33 in),200.0,Glass,IP65,Nano-SIM + eSIM + eSIM (max 2 at a time),"LTPO OLED, 1B colors, 120Hz, HDR BT.2020",120,6.5,1080x2340,396,86.5,Gorilla Glass Victus,"Android 16, up to 4 major Android upgrades",Qualcomm SM8850-AC Snapdragon 8 Elite Gen 5 (3 nm),3,Octa-core (2x4.6 GHz Oryon V3 Phoenix L + 6x3.62 GHz Oryon V3 Phoenix M),Adreno 840,12,16,256,512,UFS,48.0,3,1.9,Yes,1/1.35,Yes,"Zeiss optics, Zeiss T* lens coating, color spectrum sensor, LED flash, panorama, HDR, eye tracking","4K@24/30/60/120fps HDR, 1080p@30/60/120fps; 5-axis gyro-EIS, OIS",12.0,Yes,HDR,"4K@30/60fps, 1080p@30/60fps, 5-axis gyro-EIS","Wi-Fi 802.11 a/b/g/n/ac/6e/7, tri-band, Wi-Fi Direct, DLNA",Yes,6.0,Type-C,Yes,"GPS, GLONASS, BDS, GALILEO, QZSS","Fingerprint (side-mounted), accelerometer, gyro, proximity, barometer, compass",5000,30,15,Yes,Active use score 17:47h,,1499.0,1399.0,,2312684,9278,6962,1510,-25.5,"Graphite Black, Iolite Silver, Garnet Red, Native Gold","XQ-GE54, XQ-GE74, XQGE54, XQGE74, XQ-GE44, XQGE44, XQ-FS54, XQFS54, SO-51G",,,No
Apple,Honor 600 Pro,https://www.gsmarena.com/honor_600_pro_5g-14604.php,https://fdn2.gsmarena.com/vv/bigpic/honor-600-pro.jpg,GSM / HSPA / LTE / 5G,Yes,"2026, April 22","Available. Released 2026, April 29",156 x 74.7 x 7.8 mm (6.14 x 2.94 x 0.31 in),195.0,Glass,IP68,· Nano-SIM + eSIM · Nano-SIM + Nano-SIM + eSIM (max 2 at a time),"AMOLED, 1B colors, 120Hz, 3840Hz PWM, HDR Vivid, 8000 nits (peak)",120,6.57,1264x2728,458,91.2,Mohs level 4,"Android 16, up to 6 major Android upgrades, MagicOS 10",Qualcomm SM8750-AB Snapdragon 8 Elite (3 nm),3,Octa-core (2x4.32 GHz Oryon V2 Phoenix L + 6x3.53 GHz Oryon V2 Phoenix M),Adreno 830 (1200 MHz),12,16,256,512,,200.0,3,1.9,Yes,1/1.4,Yes,"Color spectrum sensor, LED flash, HDR, panorama","4K@30/60fps, 1080p@30/60fps, gyro-EIS, OIS",50.0,Yes,HDR,"4K@30fps, 1080p@30/60fps, gyro-EIS","Wi-Fi 802.11 a/b/g/n/ac/6/7, dual-band or tri-band, Wi-Fi Direct",Yes,6.0,Type-C,No,"GPS, GLONASS, GALILEO, BDS, QZSS, NavIC","Fingerprint (under display, optical), accelerometer, gyro, proximity (ultrasound), compass",7000,80,50,No,Active use score 17:55h,834.56,,649.0,,2221352,7970,5309,1766,-24.8,"Golden White, Black, Orange",VKP-NX9,,,No
Apple,Motorola Moto G87,https://www.gsmarena.com/motorola_moto_g87_5g-14644.php,https://fdn2.gsmarena.com/vv/bigpic/motorola-g87.jpg,GSM / HSPA / LTE / 5G,Yes,"2026, April 29","Available. Released 2026, May 15",164.5 x 77.3 x 7.3 mm (6.48 x 3.04 x 0.29 in),183.0,Glass,IP68,· Nano-SIM + eSIM · Nano-SIM + Nano-SIM,"AMOLED, 1B colors, 120Hz, HDR, 5000 nits (peak)",120,6.78,1272x2772,450,88.4,Gorilla Glass 7i,Android 16,Mediatek Dimensity 6400 (6 nm),6,Octa-core (2x2.5 GHz Cortex-A76 & 6x2.0 GHz Cortex-A55),Mali-G57 MC2,8,12,256,512,UFS 2.2,200.0,2,1.8,Yes,,No,"LED flash, HDR, panorama","1440p@30fps, 1080p@30/60fps",32.0,No,,"1440p@30fps, 1080p@30fps","Wi-Fi 802.11 a/b/g/n/ac, dual-band",Yes,5.4,Type-C,No,"GPS, GLONASS, GALILEO, BDS, QZSS","Fingerprint (under display, optical), accelerometer, gyro, proximity, compass",5200,30,,No,,,399.0,,,,,,,,"Pantone: Overture, Blue Atoll",XT2621-6,,,No
Apple,Motorola Moto G47,https://www.gsmarena.com/motorola_moto_g47-14645.php,https://fdn2.gsmarena.com/vv/bigpic/motorola-g47.jpg,GSM / HSPA / LTE / 5G,Yes,"2026, April 29","Available. Released 2026, May 15",166.2 x 76.5 x 7.8 mm (6.54 x 3.01 x 0.31 in),191.0,Glass,IP64,Nano-SIM + Nano-SIM,"IPS LCD, 120Hz",120,6.67,1080x2400,395,84.5,Gorilla Glass 7i,Android 16,Mediatek Dimensity 6300 (6 nm),6,Octa-core (2x2.4 GHz Cortex-A76 & 6x2.0 GHz Cortex-A55),Mali-G57 MC2,8,8,128,256,UFS 2.2,108.0,2,1.7,No,,No,"LED flash, HDR, panorama","1440p@30fps, 1080p@30/60fps",8.0,No,,"2K@30fps, 1080p@30/60fps","Wi-Fi 802.11 a/b/g/n/ac, dual-band",Yes,5.4,Type-C,Yes,"GPS, GLONASS, GALILEO, BDS, QZSS","Fingerprint (side-mounted), accelerometer, gyro, proximity, compass",5200,20,,No,,,319.0,,,,,,,,"PANTONE Impenetrable, Nautical Blue, Fuchsia Red",,,,FM radio
Apple,Motorola Razr 70 Ultra,https://www.gsmarena.com/motorola_razr_70_ultra-14641.php,https://fdn2.gsmarena.com/vv/bigpic/motorola-razr-ultra-2026.jpg,GSM / HSPA / LTE / 5G,Yes,"2026, April 29","Available. Released 2026, April 29",Unfolded: 171.5 x 74 x 7.2 mm Folded: 88.1 x 74 x 15.7 mm,199.0,Ceramic,IP48,Nano-SIM + eSIM,"Foldable LTPO AMOLED, 1B colors, 165Hz, Dolby Vision, HDR10+, 5000 nits (peak)",165,7.0,1224x2992,462,87.3,Mohs level 4,Android 16,Qualcomm Snapdragon 8 Elite (3 nm),3,Octa-core (2x4.47 GHz Oryon+ 6x3.53 GHz Oryon),Adreno 830,16,16,512,512,UFS 4.0,50.0,2,1.8,Yes,1/1.56,Yes,"LED flash, panorama, HDR, Pantone Validated Colour and Skin Tones","8K@30fps, 4K@30/60/120fps, 1080p@30/60/120/240fps, Dolby Vision HDR10+",50.0,Yes,,"4K@30/60fps, 1080p@30/60fps","Wi-Fi 802.11 a/b/g/n/ac/6e/7, tri-band",Yes,5.4,Type-C,No,"GPS, GALILEO, GLONASS, BDS, QZSS","Fingerprint (side-mounted), accelerometer, gyro, proximity, compass, barometer",5000,68,30,No,,,1399.0,,,,,,,,"Pantone: Orient Blue, Cocoa",XT2655-1,,,No
Apple,Motorola Razr 70,https://www.gsmarena.com/motorola_razr_70-14643.php,https://fdn2.gsmarena.com/vv/bigpic/motorola-razr-2026.jpg,GSM / HSPA / LTE / 5G,Yes,"2026, April 29","Available. Released 2026, April 29",Unfolded: 171.3 x 74 x 7.3 mm Folded: 88.1 x 74 x 15.9 mm,188.0,Titanium,IP48,Nano-SIM + eSIM,"Foldable LTPO AMOLED, 1B colors, 120Hz, Dolby Vision, HDR10+, 3000 nits (peak)",120,6.9,1080x2640,413,84.9,Mohs level 4,Android 16,Mediatek Dimensity 7450X (4 nm),4,Octa-core (4x2.6 GHz Cortex-A78 & 4x2.0 GHz Cortex-A55),Mali-G615 MC2,8,8,128,256,UFS 3.1,50.0,2,1.7,Yes,1/1.95,Yes,"LED flash, panorama, HDR, Pantone Validated Colour and Skin Tones","4K@30fps, 1080p@30/60/120fps, gyro-EIS",32.0,Yes,HDR,"4K@30fps, 1080p@30/60fps","Wi-Fi 802.11 a/b/g/n/ac/ax/6e, tri-band",Yes,5.4,Type-C,No,"GPS, GLONASS, GALILEO, QZSS","Fingerprint (side-mounted), gyro, accelerometer, proximity, compass, barometer",4800,30,15,No,,,839.99,,,,,,,,"Pantone: Hematite, Sporting Green, Bright White","XT2657-1, XT2657-2",,,No
Apple,vivo X300 Ultra,https://www.gsmarena.com/vivo_x300_ultra_5g-14388.php,https://fdn2.gsmarena.com/vv/bigpic/vivo-x300-ultra.jpg,GSM / HSPA / LTE / 5G,Yes,"2026, March 30","Available. Released 2026, April 03",163 x 76.8 x 8.2 mm or 8.5 mm,232.0,Glass,IP68,· Nano-SIM + Nano-SIM + eSIM (max 2 at a time) · Nano-SIM + Nano-SIM,"LTPO AMOLED, 1B colors, 144Hz, 2160Hz PWM, Dolby Vision, HDR10+, HDR Vivid",144,6.82,1440x3168,510,90.3,"Armor glass, Mohs level 4","Android 16, OriginOS 6",Qualcomm SM8850-AC Snapdragon 8 Elite Gen 5 (3 nm),3,Octa-core (2x4.6 GHz Oryon V3 Phoenix L + 6x3.62 GHz Oryon V3 Phoenix M),Adreno 840,12,16,256,512,UFS 4.1,200.0,3,1.9,Yes,1/1.12,Yes,"Laser AF, color spectrum sensor, Zeiss optics, Zeiss T* lens coating, LED flash, panorama, HDR, 3D LUT import","8K@30fps, 4K@24/30/60/120fps (10-bit Log, Dolby Vision HDR), 1080p@30/60/120/240fps, gyro-EIS, HDR10+",50.0,Yes,HDR,"4K@30/60fps, 1080p@30/60fps, gyro-EIS, HDR","Wi-Fi 802.11 a/b/g/n/ac/6/7, dual-band",Yes,5.4,Type-C,No,"GPS (L1+L5), BDS (B1I+B1c+B2a), GALILEO (E1+E5a), QZSS (L1+L5), GLONASS","Fingerprint (under display, ultrasonic), accelerometer, gyro, proximity, compass",6600,100,40,Yes,Active use score 15:45h,,1999.0,,159999,2723497,11494,7075,1935,-24.7,"Eclipse Black, Victory Green, Silver","V2547A, V2547DA, V2536A, V2562",,,No
Apple,Samsung Galaxy A57,https://www.gsmarena.com/samsung_galaxy_a57-14379.php,https://fdn2.gsmarena.com/vv/bigpic/samsung-galaxy-a57.jpg,GSM / HSPA / LTE / 5G,Yes,"2026, March 25","Available. Released 2026, April 9",161.5 x 76.8 x 6.9 mm (6.36 x 3.02 x 0.27 in),179.0,Glass,IP68,· Nano-SIM + eSIM · Nano-SIM + Nano-SIM + eSIM + eSIM (max 2 at a time),"Super AMOLED+, 120Hz, HDR10+, 1200 nits (HBM), 1900 nits (peak)",120,6.7,1080x2340,385,88.8,Gorilla Glass Victus+,"Android 16, up to 6 major Android upgrades, One UI 8.5",Exynos 1680 (4 nm),4,Octa-core (1x2.9 GHz Cortex-720 & 4x2.6 GHz Cortex-720 & 3x1.95 GHz Cortex-520),Xclipse 550,8,12,128,512,UFS 3.1,50.0,3,1.8,Yes,1/1.56,Yes,"Best Face, LED flash, panorama, HDR","4K@30fps, 1080p@30/60fps, gyro-EIS",12.0,Yes,,"4K@30fps, 1080p@30/60fps, 10-bit HDR","Wi-Fi 802.11 a/b/g/n/ac/6e, dual-band or tri-band, Wi-Fi Direct",Yes,6.0,Type-C,No,"GPS, GALILEO, GLONASS, BDS, QZSS","Fingerprint (under display, optical), accelerometer, gyro, proximity, compass",5000,45,,No,Active use score 13:59h,489.99,347.0,529.0,46400,1001995,4411,1742,1309,-26.3,"Navy, Gray, Icyblue, Lilac","SM-A576B, SM-A576B/DS, SM-A576Q, SM-A576U1, SM-A576W, SM-A576Z, SM-A5760",0.85 W/kg (head) 1.20 W/kg (body),0.70 W/kg (head) 1.07 W/kg (body),No
Apple,Samsung Galaxy S26 Ultra,https://www.gsmarena.com/samsung_galaxy_s26_ultra-14320.php,https://fdn2.gsmarena.com/vv/bigpic/samsung-galaxy-s26-ultra-new.jpg,GSM / CDMA / HSPA / EVDO / LTE / 5G,Yes,"2026, February 25","Available. Released 2026, March 06",163.6 x 78.1 x 7.9 mm (6.44 x 3.07 x 0.31 in),214.0,Glass,IP68,· Nano-SIM + Nano-SIM + eSIM + eSIM (max 2 at a time) - INT · Nano-SIM + eSIM + eSIM (max 2 at a time) - USA · Nano-SIM + Nano-SIM - CN,"Dynamic LTPO AMOLED 2X, 120Hz, HDR10+, 2600 nits (peak)",120,6.9,1440x3120,500,90.7,"Corning Gorilla Armor 2, Mohs level 6","Android 16, up to 7 major Android upgrades, One UI 8.5",Qualcomm SM8850-1-AD Snapdragon 8 Elite Gen 5 (3 nm),3,Octa-core (2x4.74 GHz Oryon V3 Phoenix L + 6x3.62 GHz Oryon V3 Phoenix M),Adreno 840 (1.3GHz),12,16,256,512,UFS 4.X,200.0,4,1.4,Yes,1/1.3,Yes,"Laser AF, Best Face, Horizon Lock, LED flash, auto-HDR, panorama","8K@24/30fps, 4K@30/60/120fps, 1080p@30/60/120/240fps, 10-bit HDR, HDR10+, stereo sound rec., gyro-EIS",12.0,Yes,"HDR, HDR10+","4K@30/60fps, 1080p@30fps","Wi-Fi 802.11 a/b/g/n/ac/6e/7, tri-band, Wi-Fi Direct",Yes,6.0,Type-C,No,"GPS, GLONASS, BDS, GALILEO, QZSS","Fingerprint (under display, ultrasonic), accelerometer, gyro, proximity, compass, barometer",5000,60,25,Yes,Active use score 16:23h,1049.99,934.99,889.0,116490,2627986,11566,7744,1480,-25.9,"Cobalt Violet, Sky Blue, Black, White, Silver Shadow, Pink Gold","SM-S948B, SM-S948B/DS, SM-S948U, SM-S948U1, SM-S948W, SM-S948N, SM-S9480, SM-S948E, SM-S948E/DS",1.09 W/kg (head) 1.19 W/kg (body),1.28 W/kg (head) 1.35 W/kg (body),No
Apple,Xiaomi 17 Max,https://www.gsmarena.com/xiaomi_17_max-14667.php,https://fdn2.gsmarena.com/vv/bigpic/xiaomi-17-max.jpg,GSM / HSPA / LTE / 5G,Yes,"2026, May 21","Available. Released 2026, May 21",162.9 x 77.6 x 8.2 mm (6.41 x 3.06 x 0.32 in),219.0,Glass,IP68,Nano-SIM + Nano-SIM,"LTPO AMOLED, 68B colors, PWM, 120Hz, Dolby Vision, HDR Vivid, HDR10+, 3500 nits (peak)",120,6.9,1200x2608,420,90.5,,"Android 16, HyperOS 3",Qualcomm SM8850-AC Snapdragon 8 Elite Gen 5 (3 nm),3,Octa-core (2x4.6 GHz Oryon V3 Phoenix L + 6x3.62 GHz Oryon V3 Phoenix M),Adreno 840,12,16,256,512,UFS 4.1,200.0,3,1.7,Yes,1/1.4,Yes,"Laser AF, color spectrum sensor, Leica lens, LED flash, HDR, panorama","8K@30fps (HDR), 4K@30/60fps (10-bit Dolby Vision HDR), 4K@120fps, 1080p@30/60/120/240/960fps, gyro-EIS",32.0,Yes,,"4K@30fps, 1080p@30/60fps, gyro-EIS","Wi-Fi 802.11 a/b/g/n/ac/6e/7, dual-band, Wi-Fi Direct",Yes,5.4,Type-C,No,"GPS (L1+L5), BDS (B1I+B1c+B2a), GALILEO (E1+E5a), QZSS (L1+L5), NavIC (L5), GLONASS","Fingerprint (under display, ultrasonic), accelerometer, proximity, gyro, compass, barometer",8000,100,50,Yes,,,,,,,,,,,"Black, Blue, White",2605EPN8EC,,,No
Apple,Samsung Galaxy A17,https://www.gsmarena.com/samsung_galaxy_a17-14041.php,https://fdn2.gsmarena.com/vv/bigpic/samsung-galaxy-a17-5g.jpg,GSM / HSPA / LTE / 5G,Yes,"2025, August 06","Available. Released 2025, August 14",164.4 x 77.9 x 7.5 mm (6.47 x 3.07 x 0.30 in),192.0,Glass,IP54,· Nano-SIM · Nano-SIM + eSIM · Nano-SIM + Nano-SIM,"Super AMOLED, 90Hz, 800 nits (HBM)",90,6.7,1080x2340,385,86.0,Gorilla Glass Victus,"Android 15, up to 6 major Android upgrades, One UI 7",Exynos 1330 (5 nm),5,Octa-core (2x2.4 GHz Cortex-A78 & 6x2.0 GHz Cortex-A55),Mali-G68 MP2,4,8,128,256,,50.0,3,1.8,Yes,1/2.76,No,"LED flash, panorama, HDR","1080p@30fps, gyro-EIS",13.0,No,,1080p@30fps,"Wi-Fi 802.11 a/b/g/n/ac, dual-band, Wi-Fi Direct",Yes,5.3,Type-C,No,"GPS, GALILEO, GLONASS, BDS, QZSS","Fingerprint (side-mounted), accelerometer, gyro, compass",5000,25,,No,Active use score 11:48h,99.88,149.99,114.99,18990,435787,2048,365,738,-26.4,"Black, Gray, Blue","SM-A176B, SM-A176B/DS",,0.67 W/kg (head) 0.97 W/kg (body),No
Apple,Sony Xperia 1 VIII,https://www.gsmarena.com/sony_xperia_1_viii-14660.php,https://fdn2.gsmarena.com/vv/bigpic/sony-xperia-1-viii.jpg,GSM / HSPA / LTE / 5G,Yes,"2026, May 13","Coming soon. Exp. release 2026, June 19",162 x 74 x 8.3 mm (6.38 x 2.91 x 0.33 in),200.0,Glass,IP65,Nano-SIM + eSIM + eSIM (max 2 at a time),"LTPO OLED, 1B colors, 120Hz, HDR BT.2020",120,6.5,1080x2340,396,86.5,Gorilla Glass Victus,"Android 16, up to 4 major Android upgrades",Qualcomm SM8850-AC Snapdragon 8 Elite Gen 5 (3 nm),3,Octa-core (2x4.6 GHz Oryon V3 Phoenix L + 6x3.62 GHz Oryon V3 Phoenix M),Adreno 840,12,16,256,512,UFS,48.0,3,1.9,Yes,1/1.35,Yes,"Zeiss optics, Zeiss T* lens coating, color spectrum sensor, LED flash, panorama, HDR, eye tracking","4K@24/30/60/120fps HDR, 1080p@30/60/120fps; 5-axis gyro-EIS, OIS",12.0,Yes,HDR,"4K@30/60fps, 1080p@30/60fps, 5-axis gyro-EIS","Wi-Fi 802.11 a/b/g/n/ac/6e/7, tri-band, Wi-Fi Direct, DLNA",Yes,6.0,Type-C,Yes,"GPS, GLONASS, BDS, GALILEO, QZSS","Fingerprint (side-mounted), accelerometer, gyro, proximity, barometer, compass",5000,30,15,Yes,Active use score 17:47h,,1499.0,1399.0,,2312684,9278,6962,1510,-25.5,"Graphite Black, Iolite Silver, Garnet Red, Native Gold","XQ-GE54, XQ-GE74, XQGE54, XQGE74, XQ-GE44, XQGE44, XQ-FS54, XQFS54, SO-51G",,,No
Apple,Xiaomi Redmi Note 15,https://www.gsmarena.com/xiaomi_redmi_note_15-14328.php,https://fdn2.gsmarena.com/vv/bigpic/xiaomi-redmi-note-15-global.jpg,GSM / HSPA / LTE / 5G,Yes,"2025, December 18","Available. Released 2026, January 06",164 x 75.4 x 7.4 mm (6.46 x 2.97 x 0.29 in),178.0,Glass,IP66,Nano-SIM + Nano-SIM,"AMOLED, 68B colors, 120Hz, 3840Hz PWM, HDR10+, 800 nits (typ), 3200 nits (peak)",120,6.77,1080x2392,388,89.7,"Scratch/drop-resistant glass, Mohs level","Android 15, up to 4 major Android upgrades, HyperOS 2",Qualcomm SM6475-AB Snapdragon 6 Gen 3 (4 nm),4,Octa-core (4x2.4 GHz Cortex-A78 & 4x1.8 GHz Cortex-A55),Adreno 710,6,12,128,512,UFS 2.2,108.0,2,1.7,Yes,1/1.67,Yes,"LED flash, HDR, panorama","4K@30fps, 1080p@30fps, gyro-EIS, OIS",20.0,No,,1080p@30fps,"Wi-Fi 802.11 a/b/g/n/ac, dual-band, Wi-Fi Direct",Yes,5.1,Type-C,No,"GPS, GLONASS, BDS, GALILEO","Fingerprint (under display, optical), accelerometer, gyro, compass",5520,45,,No,Active use score 14:12h,254.99,195.02,198.0,21899,637266,2958,861,1524,-23.4,"Black, Glacier Blue, Mist Purple","25096RA9BG, 25098RA98G",,1.00 W/kg (head) 0.99 W/kg (body),No
Apple,Infinix Hot 70,https://www.gsmarena.com/infinix_hot_70-14683.php,https://fdn2.gsmarena.com/vv/bigpic/infinix-hot70-4g.jpg,GSM / HSPA / LTE,No,"2026, May 25","Available. Released 2026, May 25",167.9 x 79.1 x 7.5 mm (6.61 x 3.11 x 0.30 in),195.0,Glass,IP65,Nano-SIM + Nano-SIM,"IPS LCD, 120Hz, 700 nits (HBM)",120,6.78,720x1576,256,84.4,,"Android 16, up to 3 major Android upgrades, XOS 16",Mediatek Helio G100 Ultimate (6 nm),6,Octa-core (2x2.2 GHz Cortex-A76 & 6x2.0 GHz Cortex-A55),Mali-G52 MC2,4,8,128,256,UFS 2.2,50.0,1,1.9,No,,No,"Dual-LED flash, HDR, panorama","1440p@30fps, 1080p@30fps",8.0,No,Dual-LED flash,"1440p@30fps, 1080p@30fps","Wi-Fi 802.11 a/b/g/n/ac, dual-band",Yes,5.4,Type-C,Yes,GPS,"Fingerprint (side-mounted), accelerometer, gyro, proximity, compass",6000,45,,No,,,,,,,,,,,"Night Pulse, Dive Blue, Silver Dancer, Thermo Orange, Green Texture, Quiet Violet",X6895B,,,FM radio
Apple,Honor 600 Pro,https://www.gsmarena.com/honor_600_pro-14604.php,https://fdn2.gsmarena.com/vv/bigpic/honor-600-pro.jpg,GSM / HSPA / LTE / 5G,Yes,"2026, April 22","Available. Released 2026, April 29",156 x 74.7 x 7.8 mm (6.14 x 2.94 x 0.31 in),195.0,Glass,IP68,· Nano-SIM + eSIM · Nano-SIM + Nano-SIM + eSIM (max 2 at a time),"AMOLED, 1B colors, 120Hz, 3840Hz PWM, HDR Vivid, 8000 nits (peak)",120,6.57,1264x2728,458,91.2,Mohs level 4,"Android 16, up to 6 major Android upgrades, MagicOS 10",Qualcomm SM8750-AB Snapdragon 8 Elite (3 nm),3,Octa-core (2x4.32 GHz Oryon V2 Phoenix L + 6x3.53 GHz Oryon V2 Phoenix M),Adreno 830 (1200 MHz),12,16,256,512,,200.0,3,1.9,Yes,1/1.4,Yes,"Color spectrum sensor, LED flash, HDR, panorama","4K@30/60fps, 1080p@30/60fps, gyro-EIS, OIS",50.0,Yes,HDR,"4K@30fps, 1080p@30/60fps, gyro-EIS","Wi-Fi 802.11 a/b/g/n/ac/6/7, dual-band or tri-band, Wi-Fi Direct",Yes,6.0,Type-C,No,"GPS, GLONASS, GALILEO, BDS, QZSS, NavIC","Fingerprint (under display, optical), accelerometer, gyro, proximity (ultrasound), compass",7000,80,50,No,Active use score 17:55h,834.56,,649.0,,2221352,7970,5309,1766,-24.8,"Golden White, Black, Orange",VKP-NX9,,,No
Apple,Honor 600,https://www.gsmarena.com/honor_600-14605.php,https://fdn2.gsmarena.com/vv/bigpic/honor-600.jpg,GSM / HSPA / LTE / 5G,Yes,"2026, April 22","Available. Released 2026, May 18",156 x 74.7 x 7.8 mm (6.14 x 2.94 x 0.31 in),185.0,Glass,IP68,· Nano-SIM + eSIM · Nano-SIM + Nano-SIM + eSIM (max 2 at a time),"AMOLED, 1B colors, 120Hz, 3840Hz PWM, HDR Vivid, 8000 nits (peak)",120,6.57,1264x2728,458,91.2,Mohs level 4,"Android 16, up to 6 major Android upgrades, MagicOS 10",Qualcomm SM7750-AB Snapdragon 7 Gen 4 (4 nm),4,Octa-core (1x2.8 GHz Cortex-720 & 4x2.4 GHz Cortex-720 & 3x1.8 GHz Cortex-520),Adreno 722,8,12,128,512,,200.0,2,1.9,Yes,1/1.4,Yes,"Color spectrum sensor, LED flash, HDR, panorama","4K@30fps, 1080p@30/60fps, gyro-EIS, OIS",50.0,Yes,HDR,"4K@30fps, 1080p@30/60fps, gyro-EIS","Wi-Fi 802.11 a/b/g/n/ac/6/7, dual-band or tri-band, Wi-Fi Direct",Yes,5.4,Type-C,No,"GPS, GLONASS, GALILEO, BDS, QZSS, NavIC","Fingerprint (under display, optical), accelerometer, gyro, proximity (ultrasound), compass",7000,80,,No,Active use score 16:58h,503.86,487.49,399.0,,1087148,4090,1797,1749,-25.1,"Golden White, Black, Orange",VKJ-NX9,,,No
Apple,Samsung Galaxy A56,https://www.gsmarena.com/samsung_galaxy_a56-13603.php,https://fdn2.gsmarena.com/vv/bigpic/samsung-galaxy-a56-.jpg,GSM / HSPA / LTE / 5G,Yes,"2025, March 02","Available. Released 2025, March 10",162.2 x 77.5 x 7.4 mm (6.39 x 3.05 x 0.29 in),198.0,Glass,IP67,· Nano-SIM + eSIM · Nano-SIM + Nano-SIM + eSIM + eSIM (max 2 at a time),"Super AMOLED, 120Hz, HDR10+, 1200 nits (HBM), 1900 nits (peak)",120,6.7,1080x2340,385,87.7,Gorilla Glass Victus+,"Android 15, up to 6 major Android upgrades, One UI 8.5",Exynos 1580 (4 nm),4,Octa-core (1x2.9 GHz Cortex-A720 & 3x2.6 GHz Cortex-A720 & 4x1.9 GHz Cortex-A520),Xclipse 540,6,12,128,256,UFS 3.1,50.0,3,1.8,Yes,1/1.56,Yes,"Best Face, LED flash, panorama, HDR","4K@30fps, 1080p@30/60fps, gyro-EIS",12.0,Yes,,"4K@30fps, 1080p@30fps, 1080p@60fps (regional availability), 10-bit HDR","Wi-Fi 802.11 a/b/g/n/ac/6, dual-band, Wi-Fi Direct",Yes,5.3,Type-C,No,"GPS, GALILEO, GLONASS, BDS, QZSS","Fingerprint (under display, optical), accelerometer, gyro, compass",5000,45,,No,Active use score 12:08h,369.5,309.0,267.98,42999,908689,3899,1332,1213,-26.2,"Pink, Olive, Graphite, Lightgray","SM-A566V, SM-A566B, SM-A566B/DS, SM-A566E, SM-A566E/DS, SM-A5660, SM-A566U, SM-A566U1, SM-A566W, SM-A566S",1.32 W/kg (head),0.61 W/kg (head) 1.05 W/kg (body),No
Apple,Xiaomi 15 Ultra,https://www.gsmarena.com/xiaomi_15_ultra-13657.php,https://fdn2.gsmarena.com/vv/bigpic/xiaomi-15-ultra-.jpg,GSM / HSPA / LTE / 5G,Yes,"2025, February 27","Available. Released 2025, February 27",161.3 x 75.3 x 9.4 mm (6.35 x 2.96 x 0.37 in),226.0,Glass,IP68,· Nano-SIM + Nano-SIM · Nano-SIM + Nano-SIM + eSIM + eSIM (max 2 at a time),"LTPO AMOLED, 68B colors, 120Hz, 1920Hz PWM, Dolby Vision, HDR10+, HDR Vivid, 3200 nits (peak)",120,6.73,1440x3200,522,89.7,"Xiaomi Shield Glass 2.0, Mohs level 6","Android 15, up to 4 major Android upgrades, HyperOS 3",Qualcomm SM8750-AB Snapdragon 8 Elite (3 nm),3,Octa-core (2x4.32 GHz Oryon V2 Phoenix L + 6x3.53 GHz Oryon V2 Phoenix M),Adreno 830,12,16,256,512,UFS 4.1,50.0,4,1.6,Yes,1/2.51,Yes,"Laser AF, color spectrum sensor, Leica lenses, Dual-LED flash, HDR, panorama, 67mm filter ring holder (optional)","8K@30fps, 4K@30/60/120fps, 1080p@30/60/120/240/480/960/1920fps, gyro-EIS, Dolby Vision HDR 10-bit rec. (4K@60fps, 1080p)",32.0,Yes,"HDR, panorama","4K@30/60fps, 1080p@30/60fps, gyro-EIS","Wi-Fi 802.11 a/b/g/n/ac/6e/7, dual-band or tri-band, Wi-Fi Direct",Yes,6.0,Type-C,No,"GPS (L1+L5), BDS (B1I+B1c+B2a), GALILEO (E1+E5a), QZSS (L1+L5), NavIC (L5), GLONASS","Fingerprint (under display, ultrasonic), accelerometer, proximity, gyro, compass, barometer",5410,90,80,Yes,Active use score 16:13h,,776.09,1295.0,,,,,,-24.1,"Black, White, Silver Chrome, Green",25010PN30G,,1.00 W/kg (head) 1.00 W/kg (body),No
Apple,Xiaomi Poco X7 Pro,https://www.gsmarena.com/xiaomi_poco_x7_pro-13582.php,https://fdn2.gsmarena.com/vv/bigpic/xiaomi-poco-x7-pro.jpg,GSM / HSPA / LTE / 5G,Yes,"2025, January 09","Available. Released 2025, January 09",160.8 x 75.2 x 8.3 mm (6.33 x 2.96 x 0.33 in),195.0,Glass,IP68,Nano-SIM + Nano-SIM,"AMOLED, 68B colors, 120Hz, 1920Hz PWM, Dolby Vision, HDR10+, 1400 nits (HBM), 3200 nits (peak)",120,6.67,1220x2712,446,88.8,Gorilla Glass 7i,"Android 15, HyperOS 2",Mediatek Dimensity 8400 Ultra (4 nm),4,Octa-core (1x3.25 GHz Cortex-A725 & 3x3.0 GHz Cortex-A725 & 4x2.1 GHz Cortex-A725),Mali-G720 MC7,8,12,256,512,UFS 4.0,50.0,2,1.5,Yes,1/1.95,Yes,"LED flash, HDR, panorama","4K@24/30/60fps, 1080p@30/60/120/240/960fps, HDR10+, gyro-EIS, OIS",20.0,No,,1080p@30fps,"Wi-Fi 802.11 a/b/g/n/ac/6, dual-band, Wi-Fi Direct",Yes,5.4,Type-C,No,"GPS (L1+L5), GLONASS (G1), BDS (B1I+B1c+B2a), GALILEO (E1+E5a), NavIC (L5)","Fingerprint (under display, optical), accelerometer, gyro, proximity, compass",6000,90,,No,Active use score 12:43h,374.0,299.89,259.0,30949,1568331,6311,3880,1265,-24.7,"Black/Yellow, White, Green, Red (Iron Man Edition)","2412DPC0AG, 2412DPC0AI",1.09 W/kg (head) 1.08 W/kg (body),0.99 W/kg (head) 0.99 W/kg (body),No
Apple,Xiaomi 17 Pro Max,https://www.gsmarena.com/xiaomi_17_pro_max-14181.php,https://fdn2.gsmarena.com/vv/bigpic/xiaomi-17-pro-max.jpg,GSM / HSPA / LTE / 5G,Yes,"2025, September 25","Available. Released 2025, September 25",162.9 x 77.6 x 8 mm (6.41 x 3.06 x 0.31 in),219.0,Glass,IP68,Nano-SIM + Nano-SIM,"LTPO AMOLED, 68B colors, 2160Hz PWM, 120Hz, Dolby Vision, HDR Vivid, HDR10+, 3500 nits (peak)",160,6.9,1200x2608,416,92.3,Xiaomi Dragon Crystal Glass 3,"Android 16, HyperOS 3",Qualcomm SM8850-AC Snapdragon 8 Elite Gen 5 (3 nm),3,Octa-core (2x4.6 GHz Oryon V3 Phoenix L + 6x3.62 GHz Oryon V3 Phoenix M),Adreno 840,12,16,512,512,UFS 4.1,50.0,3,1.7,Yes,1/1.28,Yes,"Laser AF, color spectrum sensor, Leica lens, Dual-LED dual-tone flash, HDR, panorama","8K@30fps (HDR), 4K@30/60/120fps (HDR10+, 10-bit Dolby Vision HDR, 10-bit LOG), 1080p@30/60/120/240/960fps, 720p@1920fps, gyro-EIS",50.0,Yes,"HDR, panorama","4K@30/60fps, 1080p@30/60fps, HDR10+, gyro-EIS","Wi-Fi 802.11 a/b/g/n/ac/6e/7, dual-band, Wi-Fi Direct",Yes,5.4,Type-C,No,"GPS (L1+L5), BDS (B1I+B1c+B2a), GALILEO (E1+E5a), QZSS (L1+L5), NavIC (L5), GLONASS","Fingerprint (under display, ultrasonic), accelerometer, proximity, gyro, compass, barometer",7500,100,50,Yes,Active use score 20:50h,,,,,2456317,10600,6761,1026,-26.1,"Black, White, Purple, Green",2509FPN0BC,,,No
Apple,OnePlus 15,https://www.gsmarena.com/oneplus_15-14206.php,https://fdn2.gsmarena.com/vv/bigpic/oneplus-15.jpg,GSM / HSPA / LTE / 5G,Yes,"2025, October 27","Available. Released 2025, October 28",161.4 x 76.7 x 8.1 mm (6.35 x 3.02 x 0.32 in),211.0,Glass,IP68,· Nano-SIM + Nano-SIM + eSIM (max 2 at a time) · Nano-SIM + Nano-SIM,"LTPO AMOLED, 1B colors, 165Hz, PWM, Dolby Vision, HDR10+, HDR Vivid, 800 nits (typ), 1800 nits (HBM)",165,6.78,1272x2772,450,90.8,Gorilla Glass Victus,"Android 16, OxygenOS 16 (Global), ColorOS 16 (China)",Qualcomm SM8850-AC Snapdragon 8 Elite Gen 5 (3 nm),3,Octa-core (2x4.6 GHz Oryon V3 Phoenix L + 6x3.62 GHz Oryon V3 Phoenix M),Adreno 840,12,16,256,512,UFS 4.1,50.0,3,1.8,Yes,1/1.56,Yes,"Laser focus, color spectrum sensor, LED flash, HDR, panorama, LUT preview","8K@30fps, 4K@30/60/120fps, 1080p@30/60/240fps, Auto HDR, gyro-EIS, Dolby Vision, LUT",32.0,Yes,"HDR, panorama","4K@30/60fps, 1080p@30/60fps, gyro-EIS, HDR","Wi-Fi 802.11 a/b/g/n/ac/6/7, dual or tri-band, Wi-Fi Direct",Yes,6.0,Type-C,No,"GPS (L1+L5), GLONASS (G1), BDS (B1I+B1c+B2a), GALILEO (E1+E5a), QZSS (L1+L5), NavIC (L5)","Fingerprint (under display, ultrasonic), accelerometer, proximity, gyro (UAV-grade), compass, barometer (exc. China)",7300,120,50,Yes,Active use score 23:07h,729.95,784.0,819.0,77999,2790237,11062,7370,1364,-24.8,"Infinite Black, Ultra Violet, Sand Storm","CPH2747, CPH2745, PLK110, CPH2749",1.17 W/kg (head) 1.00 W/kg (body),,No
Apple,Samsung Galaxy S25,https://www.gsmarena.com/samsung_galaxy_s25-13610.php,https://fdn2.gsmarena.com/vv/bigpic/samsung-galaxy-s25-sm-s931.jpg,GSM / CDMA / HSPA / EVDO / LTE / 5G,Yes,"2025, January 22","Available. Released 2025, February 03",146.9 x 70.5 x 7.2 mm (5.78 x 2.78 x 0.28 in),162.0,Glass,IP68,· Nano-SIM + Nano-SIM + eSIM + eSIM (max 2 at a time) - INT · Nano-SIM + eSIM + eSIM (max 2 at a time) - USA · Nano-SIM + Nano-SIM - CN,"Dynamic LTPO AMOLED 2X, 120Hz, HDR10+, 2600 nits (peak)",120,6.2,1080x2340,416,91.1,Gorilla Glass Victus,"Android 15, up to 7 major Android upgrades, One UI 8",Qualcomm SM8750-AC Snapdragon 8 Elite (3 nm),3,Octa-core (2x4.47 GHz Oryon V2 Phoenix L + 6x3.53 GHz Oryon V2 Phoenix M),Adreno 830 (1200 MHz),12,12,128,512,UFS 4.0,50.0,3,1.8,Yes,1/1.56,Yes,"Best Face, LED flash, auto-HDR, panorama","8K@24/30fps, 4K@30/60fps, 1080p@30/60/120/240fps, 10-bit HDR, HDR10+, stereo sound rec., gyro-EIS",12.0,Yes,"HDR, HDR10+","4K@30/60fps, 1080p@30fps","Wi-Fi 802.11 a/b/g/n/ac/6e/7, tri-band, Wi-Fi Direct",Yes,5.4,Type-C,No,"GPS, GLONASS, BDS, GALILEO, QZSS","Fingerprint (under display, ultrasonic), accelerometer, gyro, proximity, compass, barometer",4000,25,15,Yes,Active use score 13:09h,434.0,449.99,420.96,74999,2193701,10050,6755,1395,-26.1,"Icy Blue, Mint, Navy, Silver Shadow, Pink Gold, Coral Red, Blue Black","SM-S931B, SM-S931B/DS, SM-S931U, SM-S931U1, SM-S931W, SM-S931N, SM-S9310, SM-S931E, SM-S931E/DS",1.13 W/kg (head) 0.92 W/kg (body),1.29 W/kg (head) 1.36 W/kg (body),No
Apple,Xiaomi 17 Ultra,https://www.gsmarena.com/xiaomi_17_ultra-14380.php,https://fdn2.gsmarena.com/vv/bigpic/xiaomi-17-ultra-global.jpg,GSM / HSPA / LTE / 5G,Yes,"2026, February 28","Available. Released 2026, March 10",162.9 x 77.6 x 8.3 mm (6.41 x 3.06 x 0.33 in),218.4,Glass,IP68,Nano-SIM + Nano-SIM + eSIM + eSIM + eSIM (max 2 at a time),"LTPO AMOLED, 68B colors, 120Hz, 2160Hz PWM, Dolby Vision, HDR10+, 3500 nits (peak)",120,6.9,1200x2608,416,92.3,Xiaomi Shield Glass 3.0,"Android 16, HyperOS 3",Qualcomm SM8850-AC Snapdragon 8 Elite Gen 5 (3 nm),3,Octa-core (2x4.6 GHz Oryon V3 Phoenix L + 6x3.62 GHz Oryon V3 Phoenix M),Adreno 840,16,16,512,512,UFS 4.1,50.0,3,1.7,Yes,1/1.4,Yes,"Laser AF, color spectrum sensor, Leica lenses, Dual-LED flash, HDR, panorama","8K@30fps, 4K@30/60/120fps, 1080p@30/60/120/240/480/960/1920fps, gyro-EIS, Dolby Vision HDR 10-bit rec. (4K@60fps, 1080p)",50.0,Yes,"HDR, panorama","4K@30/60fps, 1080p@30/60/120fps, gyro-EIS","Wi-Fi 802.11 a/b/g/n/ac/6e/7, dual-band or tri-band, Wi-Fi Direct",Yes,6.0,Type-C,No,"GPS (L1+L5), BDS (B1I+B1c+B2a), GALILEO (E1+E5a), QZSS (L1+L5), NavIC (L5), GLONASS","Fingerprint (under display, ultrasonic), accelerometer, proximity, gyro, compass, barometer",6000,90,50,Yes,Active use score 19:09h,,1249.0,1199.0,139997,2777490,10896,6948,1132,-24.1,"Black, White, Starlit Green","25128PNA1G, 2512BPNDAG",,,No
Apple,Oppo Find X9 Pro,https://www.gsmarena.com/oppo_find_x9_pro-14094.php,https://fdn2.gsmarena.com/vv/bigpic/oppo-find-x9-pro.jpg,GSM / HSPA / LTE / 5G,Yes,"2025, October 16","Available. Released 2025, October 22",161.3 x 76.5 x 8.3 mm (6.35 x 3.01 x 0.33 in),224.0,Glass,IP68,· Nano-SIM + eSIM · Nano-SIM + Nano-SIM,"LTPO AMOLED, 1B colors, 120Hz, 2160Hz PWM, Dolby Vision, HDR10+, HDR Vivid, 800 nits (typ), 1800 nits (HBM), 3600 nits (peak)",120,6.78,1272x2772,450,91.1,Gorilla Glass Victus,"Android 16, up to 5 major Android upgrades, ColorOS 16",Mediatek Dimensity 9500 (3 nm),3,Octa-core (1x4.21 GHz C1-Ultra & 3x3.5 GHz C1-Premium & 4x2.7 GHz C1-Pro),Arm G1-Ultra,12,16,256,512,UFS 4.1,50.0,3,1.5,Yes,1/1.28,Yes,"Laser AF, color spectrum sensor, Hasselblad Color Calibration, LED flash, HDR, panorama, LUT preview","4K@30/60/120fps, 1080p@30/60/240fps; gyro-EIS; HDR, 10‑bit video, Dolby Vision, LOG",50.0,Yes,Panorama,"4K@30/60fps, 1080p@30/60fps, gyro-EIS","Wi-Fi 802.11 a/b/g/n/ac/6/7, dual-band or tri-band, Wi-Fi Direct",Yes,6.0,Type-C,No,"GPS (L1+L5), BDS (B1I+B1c+B2a+B2b), GALILEO (E1+E5a+E5b), QZSS (L1+L5), GLONASS, NavIC (L5)","Fingerprint (under display, ultrasonic), accelerometer, gyro, proximity, compass, barometer",7500,80,50,Yes,Active use score 21:57h,,1197.85,849.97,,2719560,9697,6808,1175,-26.6,"Silk White, Titanium Charcoal, Velvet Red","CPH2791, PLG110",,,No
Apple,Apple iPhone 13,https://www.gsmarena.com/apple_iphone_13-11103.php,https://fdn2.gsmarena.com/vv/bigpic/apple-iphone-13.jpg,GSM / CDMA / HSPA / EVDO / LTE / 5G,Yes,"2021, September 14","Available. Released 2021, September 24",146.7 x 71.5 x 7.7 mm (5.78 x 2.81 x 0.30 in),174.0,Glass,IP68,· Nano-SIM + eSIM · Nano-SIM + Nano-SIM,"Super Retina XDR OLED, HDR10, Dolby Vision, 800 nits (HBM), 1200 nits (peak)",,6.1,1170x2532,460,86.0,Ceramic Shield,"iOS 15, upgradable to iOS 26.5",Apple A15 Bionic (5 nm),5,Hexa-core (2x3.23 GHz Avalanche + 4x1.82 GHz Blizzard),Apple GPU (4-core graphics),4,4,128,512,NVMe,12.0,2,1.6,Yes,1/1.9,Yes,"Dual-LED dual-tone flash, HDR (photo/panorama)","4K@24/25/30/60fps, 1080p@25/30/60/120/240fps, HDR, Dolby Vision HDR (up to 60fps), stereo sound rec.",12.0,Yes,HDR,"4K@24/25/30/60fps, 1080p@25/30/60/120fps, gyro-EIS","Wi-Fi 802.11 a/b/g/n/ac/6, dual-band, hotspot",Yes,5.0,Lightning,No,"GPS, GLONASS, GALILEO, BDS, QZSS","Face ID, accelerometer, gyro, proximity, compass, barometer",3240,15,15,No,,249.99,289.0,206.75,49900,775519,4645,,802,-25.5,"Starlight, Midnight, Blue, Pink, Red, Green","A2633, A2482, A2631, A2634, A2635, iphone14,5",1.18 W/kg (head) 1.19 W/kg (body),0.99 W/kg (head) 0.98 W/kg (body),No
Apple,Apple iPhone 13 mini,https://www.gsmarena.com/apple_iphone_13_mini-11104.php,https://fdn2.gsmarena.com/vv/bigpic/apple-iphone-13-mini.jpg,GSM / CDMA / HSPA / EVDO / LTE / 5G,Yes,"2021, September 14","Available. Released 2021, September 24",131.5 x 64.2 x 7.7 mm (5.18 x 2.53 x 0.30 in),141.0,Glass,IP68,· Nano-SIM + eSIM · Nano-SIM + Nano-SIM,"Super Retina XDR OLED, HDR10, Dolby Vision, 800 nits (HBM), 1200 nits (peak)",,5.4,1080x2340,476,85.1,Ceramic Shield,"iOS 15, upgradable to iOS 26.5",Apple A15 Bionic (5 nm),5,Hexa-core (2x3.23 GHz Avalanche + 4x1.82 GHz Blizzard),Apple GPU (4-core graphics),4,4,128,512,NVMe,12.0,2,1.6,Yes,1/1.9,Yes,"Dual-LED dual-tone flash, HDR (photo/panorama)","4K@24/25/30/60fps, 1080p@25/30/60/120/240fps, HDR, Dolby Vision HDR (up to 60fps), stereo sound rec.",12.0,Yes,HDR,"4K@24/25/30/60fps, 1080p@25/30/60/120fps, gyro-EIS","Wi-Fi 802.11 a/b/g/n/ac/6, dual-band, hotspot",Yes,5.0,Lightning,No,"GPS, GLONASS, GALILEO, BDS, QZSS","Face ID, accelerometer, gyro, proximity, compass, barometer",2438,15,15,No,,231.5,239.99,187.8,,772512,4681,,831,-25.9,"Starlight, Midnight, Blue, Pink, Red, Green","A2628, A2481, A2626, A2629, A2630, iphone14,4",1.19 W/kg (head) 1.19 W/kg (body),0.97 W/kg (head) 0.98 W/kg (body),No
Apple,Apple iPad mini (2021),https://www.gsmarena.com/apple_ipad_mini_(2021)-11105.php,https://fdn2.gsmarena.com/vv/bigpic/apple-ipad-mini-2021.jpg,GSM / HSPA / LTE / 5G,Yes,"2021, September 14","Available. Released 2021, September 24",195.4 x 134.8 x 6.3 mm (7.69 x 5.31 x 0.25 in),293.0,Glass,,Nano-SIM + eSIM (cellular model only),"Liquid Retina IPS LCD, 500 nits (typ)",,8.3,1488x2266,327,77.4,"Scratch-resistant glass, oleophobic coat","iPadOS 15, upgradable to iPadOS 26.4",Apple A15 Bionic (5 nm),5,Hexa-core (2x2.93 GHz + 4xX.X GHz),Apple GPU (5-core),4,4,64,256,,12.0,1,1.8,No,,Yes,"Quad-LED dual-tone flash, HDR, panorama","4K@24/25/30/60fps, 1080p@25/30/60/120/240fps; gyro-EIS",12.0,No,HDR,"1080p@25/30/60fps, gyro-EIS","Wi-Fi 802.11 a/b/g/n/ac/6, dual-band, hotspot",No,5.0,Type-C,No,"GPS, GLONASS - cellular model only","Fingerprint (side-mounted), accelerometer, gyro, compass, barometer",5078,,,No,,,,,,,,,518,-29.7,"Space Gray, Pink, Purple, Starlight","A2568, iPad14,1, iPad14,2",,,No
Apple,Apple iPad 10.2 (2021),https://www.gsmarena.com/apple_ipad_10_2_(2021)-11106.php,https://fdn2.gsmarena.com/vv/bigpic/apple-ipad-102-2021-.jpg,GSM / HSPA / LTE,No,"2021, September 14","Available. Released 2021, September 24",250.6 x 174.1 x 7.5 mm (9.87 x 6.85 x 0.30 in),487.0,Glass,,Nano-SIM + eSIM (cellular model only),"Retina IPS LCD, 500 nits (typ)",,10.2,1620x2160,265,73.8,"Scratch-resistant glass, oleophobic coat","iPadOS 15, upgradable to iPadOS 26.4",Apple A13 Bionic (7 nm+),,Hexa-core (2x2.65 GHz Lightning + 4x1.8 GHz Thunder),Apple GPU (4-core graphics),3,3,64,256,,8.0,1,2.4,No,,No,"HDR, panorama","1080p@25/30fps, 720p@120fps; gyro-EIS",12.0,No,HDR,"1080p@25/30/60fps, gyro-EIS","Wi-Fi 802.11 a/b/g/n/ac, dual-band, hotspot",No,4.2,Lightning,Yes,"GPS, GLONASS - cellular model only","Fingerprint (front-mounted), accelerometer, gyro, compass, barometer",8557,,,No,,,,,,617292,3124,,513,-29.4,"Silver, Space Gray","A2603, A2604, iPad12,1, iPad12,2",,,No
Apple,Apple Watch Edition Series 7,https://www.gsmarena.com/apple_watch_edition_series_7-11147.php,https://fdn2.gsmarena.com/vv/bigpic/apple-watch-series-7-titanium.jpg,GSM / HSPA / LTE,No,"2021, September 14","Available. Released 2021, October 15",45 x 38 x 10.7 mm (1.77 x 1.50 x 0.42 in),37.0,Titanium,,eSIM,"Retina LTPO OLED, 1000 nits (peak)",,1.9,484x396,326,,Sapphire crystal glass,"watchOS 8.0, upgradable to watchOS 26.5",Apple S7,,Dual-core,PowerVR,1,1,32,32,,,,,No,,No,,,,No,,,"Wi-Fi 802.11 b/g/n, dual-band",Yes,5.0,No,No,"GPS, GLONASS, GALILEO, QZSS, BDS","Accelerometer, gyro, heart rate, barometer, always-on altimeter, compass, SpO2, VO2max",309,,,No,,,,,,,,,,,"Space Black, Titanium","A2475, A2476, A2477, A2478, watch6,8, watch6,9",1.10 W/kg (head),0.70 W/kg (head) 1.50 W/kg (body),No
Apple,Apple Watch Series 7,https://www.gsmarena.com/apple_watch_series_7-11146.php,https://fdn2.gsmarena.com/vv/bigpic/apple-watch-series-7-stainless-steel.jpg,GSM / HSPA / LTE,No,"2021, September 14","Available. Released 2021, October 15",45 x 38 x 10.7 mm (1.77 x 1.50 x 0.42 in),42.3,Ceramic,,eSIM,"Retina LTPO OLED, 1000 nits (peak)",,1.9,484x396,326,,Sapphire crystal glass,"watchOS 8.0, upgradable to watchOS 26.5",Apple S7,,Dual-core,PowerVR,1,1,32,32,,,,,No,,No,,,,No,,,"Wi-Fi 802.11 b/g/n, dual-band",Yes,5.0,No,No,"GPS, GLONASS, GALILEO, QZSS, BDS","Accelerometer, gyro, heart rate, barometer, always-on altimeter, compass, SpO2, VO2max",309,,,No,,,,,,,,,,,"Graphite, Gold, Silver","A2475, A2476, A2477, A2478, watch6,8, watch6,9",1.10 W/kg (head),0.70 W/kg (head) 1.50 W/kg (body),No
Apple,Apple Watch Series 7 Aluminum,https://www.gsmarena.com/apple_watch_series_7_aluminum-11107.php,https://fdn2.gsmarena.com/vv/bigpic/apple-watch-series-7-aluminum.jpg,GSM / HSPA / LTE,No,"2021, September 14","Available. Released 2021, October 15",45 x 38 x 10.7 mm (1.77 x 1.50 x 0.42 in),32.0,Ceramic,,eSIM,"Retina LTPO OLED, 1000 nits (peak)",,1.9,484x396,326,,Ion-X strengthened glass,"watchOS 8.0, upgradable to watchOS 26.5",Apple S7,,Dual-core,PowerVR,1,1,32,32,eMMC 5.1,,,,No,,No,,,,No,,,"Wi-Fi 802.11 b/g/n, dual-band",Yes,5.0,No,No,"GPS, GLONASS, GALILEO, QZSS, BDS","Accelerometer, gyro, heart rate, barometer, always-on altimeter, compass, SpO2, VO2max",309,,,No,,,,,,,,,,,"Starlight, Midnight, Blue, Green, Red","A2473, A2474, A2475, A2476, A2477, A2478, watch6,6, watch6,7, watch6,8, watch6,9",1.10 W/kg (head),0.70 W/kg (head) 1.50 W/kg (body),No
Apple,Apple iPad Pro 12.9 (2021),https://www.gsmarena.com/apple_ipad_pro_12_9_(2021)-10864.php,https://fdn2.gsmarena.com/vv/bigpic/apple-ipad-pro-129-2021.jpg,GSM / CDMA / HSPA / EVDO / LTE / 5G,Yes,"2021, April 20","Available. Released 2021, May 21",280.6 x 214.9 x 6.4 mm (11.05 x 8.46 x 0.25 in),682.0,Glass,,Nano-SIM + eSIM,"Liquid Retina XDR mini-LED LCD, 120Hz, HDR10, Dolby Vision, 1000 nits (typ), 1600 nits (peak)",120,12.9,2048x2732,265,85.4,"Scratch-resistant glass, oleophobic coat","iPadOS 14.5.1, upgradable to iPadOS 26.4",Apple M1,,Octa-core (4x3.2 GHz & 4xX.X GHz),Apple GPU (8-core graphics),8,16,128,512,,12.0,2,1.8,No,1/3.0,Yes,"Quad-LED dual-tone flash, HDR","4K@24/25/30/60fps, 1080p@25/30/60/120/240fps; gyro-EIS",12.0,No,"Face detection, HDR, panorama","1080p@25/30/60fps, gyro-EIS","Wi-Fi 802.11 a/b/g/n/ac/6, dual-band, hotspot",No,5.0,Type-C,No,"GPS, GLONASS, GALILEO, QZSS (Wi‑Fi + Cellular model only)","Face ID, accelerometer, gyro, barometer",10758,,,No,,,,,,,,,,,"Silver, Space Gray","A2379, A2461, A2462, iPad13,8, iPad13,9, iPad13,10, iPad13,11",,,No
Apple,Apple iPad Pro 11 (2021),https://www.gsmarena.com/apple_ipad_pro_11_(2021)-10865.php,https://fdn2.gsmarena.com/vv/bigpic/apple-ipad-pro-11-2021.jpg,GSM / CDMA / HSPA / EVDO / LTE / 5G,Yes,"2021, April 20","Available. Released 2021, May 21",247.6 x 178.5 x 5.9 mm (9.75 x 7.03 x 0.23 in),466.0,Glass,,Nano-SIM + eSIM,"Liquid Retina IPS LCD, 120Hz, HDR10, Dolby Vision, 600 nits (typ)",120,11.0,1668x2388,265,82.9,"Scratch-resistant glass, oleophobic coat","iPadOS 14.5.1, upgradable to iPadOS 26.4",Apple M1,,Octa-core (4x3.2 GHz & 4xX.X GHz),Apple GPU (8-core graphics),8,16,128,512,,12.0,2,1.8,No,1/3.0,Yes,"Quad-LED dual-tone flash, HDR","4K@24/25/30/60fps, 1080p@25/30/60/120/240fps; gyro-EIS",12.0,No,"Face detection, HDR, panorama","1080p@25/30/60fps, gyro-EIS","Wi-Fi 802.11 a/b/g/n/ac/6, dual-band, hotspot",No,5.0,Type-C,No,"GPS, GLONASS, GALILEO, QZSS (Wi‑Fi + Cellular model only)","Face ID, accelerometer, gyro, barometer",7538,,,No,,,,,,,,,,,"Silver, Space Gray","A2301, A2459, A2460, iPad13,4, iPad13,5, iPad13,6, iPad13,7",,,No
Apple,Apple iPhone 12 Pro Max,https://www.gsmarena.com/apple_iphone_12_pro_max-10237.php,https://fdn2.gsmarena.com/vv/bigpic/apple-iphone-12-pro-max-.jpg,GSM / CDMA / HSPA / EVDO / LTE / 5G,Yes,"2020, October 13","Available. Released 2020, November 13",160.8 x 78.1 x 7.4 mm (6.33 x 3.07 x 0.29 in),228.0,Glass,IP68,· Nano-SIM + eSIM · Nano-SIM + Nano-SIM (China),"Super Retina XDR OLED, HDR10, Dolby Vision, 800 nits (HBM), 1200 nits (peak)",,6.7,1284x2778,458,87.4,Ceramic Shield,"iOS 14.1, upgradable to iOS 26.5",Apple A14 Bionic (5 nm),5,Hexa-core (2x3.1 GHz Firestorm + 4x1.8 GHz Icestorm),Apple GPU (4-core graphics),6,6,128,512,NVMe,12.0,3,1.6,Yes,1/1.9,Yes,"Dual-LED dual-tone flash, HDR (photo/panorama)","4K@24/25/30/60fps, 1080p@25/30/60/120/240fps, 10‑bit HDR, Dolby Vision HDR (up to 60fps), stereo sound rec.",12.0,Yes,HDR,"4K@24/25/30/60fps, 1080p@25/30/60/120fps, gyro-EIS","Wi-Fi 802.11 a/b/g/n/ac/6, dual-band, hotspot",Yes,5.0,Lightning,No,"GPS, GLONASS, GALILEO, QZSS","Face ID, accelerometer, gyro, proximity, compass, barometer",3687,15,15,No,,315.65,340.0,253.0,,638584,4240,,822,-23.8,"Silver, Graphite, Gold, Pacific Blue","A2411, A2342, A2410, A2412, iPhone13,4",,0.99 W/kg (head) 0.99 W/kg (body),No
Apple,Apple iPhone 12 Pro,https://www.gsmarena.com/apple_iphone_12_pro-10508.php,https://fdn2.gsmarena.com/vv/bigpic/apple-iphone-12-pro--.jpg,GSM / CDMA / HSPA / EVDO / LTE / 5G,Yes,"2020, October 13","Available. Released 2020, October 23",146.7 x 71.5 x 7.4 mm (5.78 x 2.81 x 0.29 in),189.0,Glass,IP68,· Nano-SIM + eSIM · Nano-SIM + Nano-SIM (China),"Super Retina XDR OLED, HDR10, Dolby Vision, 800 nits (HBM), 1200 nits (peak)",,6.1,1170x2532,460,86.0,Ceramic Shield,"iOS 14.1, upgradable to iOS 26.5",Apple A14 Bionic (5 nm),5,Hexa-core (2x3.1 GHz Firestorm + 4x1.8 GHz Icestorm),Apple GPU (4-core graphics),6,6,128,512,NVMe,12.0,3,1.6,Yes,1/2.55,Yes,"Dual-LED dual-tone flash, HDR (photo/panorama)","4K@24/25/30/60fps, 1080p@25/30/60/120/240fps, 10‑bit HDR, Dolby Vision HDR (up to 60fps), stereo sound rec.",12.0,Yes,HDR,"4K@24/25/30/60fps, 1080p@25/30/60/120fps, gyro-EIS","Wi-Fi 802.11 a/b/g/n/ac/6, dual-band, hotspot",Yes,5.0,Lightning,No,"GPS, GLONASS, GALILEO, QZSS","Face ID, accelerometer, gyro, proximity, compass, barometer",2815,15,15,No,,265.0,249.0,200.0,,596244,4056,,,-24.2,"Silver, Graphite, Gold, Pacific Blue","A2407, A2341, A2406, A2408, iPhone13,3",,0.99 W/kg (head) 0.99 W/kg (body),No
Apple,Apple iPhone 12,https://www.gsmarena.com/apple_iphone_12-10509.php,https://fdn2.gsmarena.com/vv/bigpic/apple-iphone-12.jpg,GSM / CDMA / HSPA / EVDO / LTE / 5G,Yes,"2020, October 13","Available. Released 2020, October 23",146.7 x 71.5 x 7.4 mm (5.78 x 2.81 x 0.29 in),164.0,Glass,IP68,· Nano-SIM + eSIM · Nano-SIM + Nano-SIM (China),"Super Retina XDR OLED, HDR10, Dolby Vision, 625 nits (HBM), 1200 nits (peak)",,6.1,1170x2532,460,86.0,Ceramic Shield,"iOS 14.1, upgradable to iOS 26.5",Apple A14 Bionic (5 nm),5,Hexa-core (2x3.1 GHz Firestorm + 4x1.8 GHz Icestorm),Apple GPU (4-core graphics),4,4,64,256,NVMe,12.0,2,1.6,Yes,1/3.6,Yes,"Dual-LED dual-tone flash, HDR (photo/panorama)","4K@24/25/30/60fps, 1080p@25/30/60/120/240fps, HDR, Dolby Vision HDR (up to 30fps), stereo sound rec.",12.0,Yes,HDR,"4K@24/25/30/60fps, 1080p@25/30/60/120fps, gyro-EIS","Wi-Fi 802.11 a/b/g/n/ac/6, dual-band, hotspot",Yes,5.0,Lightning,No,"GPS, GLONASS, GALILEO, QZSS","Face ID, accelerometer, gyro, proximity, compass, barometer",2815,15,15,No,,173.4,189.0,148.0,,568674,4067,,,-24.4,"Black, White, Red, Green, Blue, Purple","A2403, A2172, A2402, A2404, iPhone13,2",,0.99 W/kg (head) 0.99 W/kg (body),No
Apple,Apple iPhone 12 mini,https://www.gsmarena.com/apple_iphone_12_mini-10510.php,https://fdn2.gsmarena.com/vv/bigpic/apple-iphone-12-mini.jpg,GSM / CDMA / HSPA / EVDO / LTE / 5G,Yes,"2020, October 13","Available. Released 2020, November 13",131.5 x 64.2 x 7.4 mm (5.18 x 2.53 x 0.29 in),135.0,Glass,IP68,· Nano-SIM + eSIM · Nano-SIM + Nano-SIM,"Super Retina XDR OLED, HDR10, Dolby Vision, 625 nits (HBM), 1200 nits (peak)",,5.4,1080x2340,476,85.1,Ceramic Shield,"iOS 14.1, upgradable to iOS 26.5",Apple A14 Bionic (5 nm),5,Hexa-core (2x3.1 GHz Firestorm + 4x1.8 GHz Icestorm),Apple GPU (4-core graphics),4,4,64,256,NVMe,12.0,2,1.6,Yes,1/3.6,Yes,"Dual-LED dual-tone flash, HDR (photo/panorama)","4K@24/25/30/60fps, 1080p@25/30/60/120/240fps, HDR, Dolby Vision HDR (up to 30fps), stereo sound rec.",12.0,Yes,HDR,"4K@24/25/30/60fps, 1080p@25/30/60/120fps, gyro-EIS","Wi-Fi 802.11 a/b/g/n/ac/6, dual-band, hotspot",Yes,5.0,Lightning,No,"GPS, GLONASS, GALILEO, QZSS","Face ID, accelerometer, gyro, proximity, compass, barometer",2227,15,15,No,,165.0,163.0,129.0,,589616,4174,,627,-24.6,"Black, White, Red, Green, Blue, Purple","A2399, A2176, A2398, A2400, A2399, iPhone13,1",,0.99 W/kg (head) 0.99 W/kg (body),No
Apple,Apple iPad Air (2020),https://www.gsmarena.com/apple_ipad_air_(2020)-10444.php,https://fdn2.gsmarena.com/vv/bigpic/apple-ipad-air4-2020.jpg,GSM / HSPA / LTE,No,"2020, September 15","Available. Released 2020, October 23",247.6 x 178.5 x 6.1 mm (9.75 x 7.03 x 0.24 in),458.0,Glass,,Nano-SIM + eSIM,"Liquid Retina IPS LCD, 500 nits (typ)",,10.9,1640x2360,264,81.3,"Scratch-resistant glass, oleophobic coat","iPadOS 14.1, upgradable to iPadOS 26.4",Apple A14 Bionic (5 nm),5,Hexa-core (2x3.0 GHz Firestorm + 4x1.8 GHz Icestorm),Apple GPU (4-core graphics),4,4,64,256,,12.0,1,1.8,No,1/3.0,Yes,HDR,"4K@24/30/60fps, 1080p@30/60/120/240fps; gyro-EIS",7.0,No,HDR,1080p@30/60fps,"Wi-Fi 802.11 a/b/g/n/ac/6, dual-band, hotspot",No,5.0,Type-C,No,"GPS, GLONASS (LTE model only)","Fingerprint (top-mounted), accelerometer, gyro, compass, barometer",7606,,,No,,,,,,,,,,,"Space Gray, Silver, Rose Gold, Green, Sky Blue","A2324, A2072, A2325, A2316, iPad13,1, iPad13,2",,,No
Apple,Apple iPad 10.2 (2020),https://www.gsmarena.com/apple_ipad_10_2_(2020)-10445.php,https://fdn2.gsmarena.com/vv/bigpic/apple-ipad8-102-inches-2020.jpg,GSM / HSPA / LTE,No,"2020, September 15","Available. Released 2020, September 18",250.6 x 174.1 x 7.5 mm (9.87 x 6.85 x 0.30 in),490.0,Glass,,Nano-SIM + eSIM,"Retina IPS LCD, 500 nits (typ)",,10.2,1620x2160,264,74.4,"Scratch-resistant glass, oleophobic coat","iPadOS 14, upgradable to iPadOS 26.4",Apple A12 Bionic (7 nm),7,Hexa-core (2x2.5 GHz Vortex + 4x1.6 GHz Tempest),Apple GPU (4-core graphics),3,3,32,128,,8.0,1,2.4,No,,No,"HDR, panorama","1080p@30fps, 720p@120fps, HDR",1.2,No,HDR,720p@30fps,"Wi-Fi 802.11 a/b/g/n/ac, dual-band, hotspot",No,4.2,Lightning,Yes,"GPS, GLONASS (Wi‑Fi + Cellular model only)","Fingerprint (front-mounted), accelerometer, gyro, compass, barometer",8827,,,No,,,,,,,,,,,"Silver, Gold, Space Gray","A2428, A2429, A2270, A2430, iPad11,6, iPad11,7",,,No
Apple,Apple Watch SE,https://www.gsmarena.com/apple_watch_se-10446.php,https://fdn2.gsmarena.com/vv/bigpic/apple-watch-se.jpg,GSM / HSPA / LTE,No,"2020, September 15","Available. Released 2020, September 18",44 x 38 x 10.4 mm (1.73 x 1.50 x 0.41 in),36.4,Ceramic,,eSIM,"Retina LTPO OLED, 1000 nits (peak)",,1.78,448x368,326,,Ion-X strengthened glass,"watchOS 7.0, upgradable to watchOS 10.6.1",Apple S5,,Dual-core,PowerVR,1,1,32,32,,,,,No,,No,,,,No,,,Wi-Fi 802.11 b/g/n,Yes,5.0,No,No,"GPS, GLONASS","Accelerometer, gyro, heart rate (2nd gen), barometer, always-on altimeter, compass",,,,No,,,,,,,,,,,"Silver, Gold, Space Gray","A2353, A2354, A2355, A2356, A2351, A2352",,,No
Apple,Apple Watch Series 6 Aluminum,https://www.gsmarena.com/apple_watch_series_6_aluminum-10447.php,https://fdn2.gsmarena.com/vv/bigpic/apple-watch-s6.jpg,GSM / HSPA / LTE,No,"2020, September 15","Available. Released 2020, September 18",44 x 38 x 10.7 mm (1.73 x 1.50 x 0.42 in),36.5,Ceramic,,eSIM,"Retina LTPO OLED, 1000 nits (peak)",,1.78,448x368,326,,Ion-X strengthened glass,"watchOS 7.0, upgradable to watchOS 26.5",Apple S6,,Dual-core,PowerVR,1,1,32,32,,,,,No,,No,,,,No,,,"Wi-Fi 802.11 b/g/n, dual-band",Yes,5.0,No,No,"GPS, GLONASS, GALILEO, QZSS","Accelerometer, gyro, heart rate, barometer, always-on altimeter, compass, SpO2, VO2max",8,,,No,,,,,,,,,,,"Silver, Gold, Space Gray, Blue, Red","A2293, A2294, A2375, A2376, A2291, A2292",,,No
Apple,Apple Watch Series 6,https://www.gsmarena.com/apple_watch_series_6-10448.php,https://fdn2.gsmarena.com/vv/bigpic/apple-watch-s6-steel.jpg,GSM / HSPA / LTE,No,"2020, September 15","Available. Released 2020, September 18",44 x 38 x 10.7 mm (1.73 x 1.50 x 0.42 in),47.1,Ceramic,,eSIM,"Retina LTPO OLED, 1000 nits (peak)",,1.78,448x368,326,,Sapphire crystal glass,"watchOS 7.0, upgradable to watchOS 26.5",Apple S6,,Dual-core,PowerVR,1,1,32,32,,,,,No,,No,,,,No,,,"Wi-Fi 802.11 b/g/n, dual-band",Yes,5.0,No,No,"GPS, GLONASS, GALILEO, QZSS","Accelerometer, gyro, heart rate, barometer, always-on altimeter, compass, SpO2, VO2max",8,,,No,,,,,,,,,,,"Silver, Graphite (DLC), Gold (PVD)","A2293, A2294, A2375, A2376",,,No
Apple,Apple Watch Edition Series 6,https://www.gsmarena.com/apple_watch_edition_series_6-10449.php,https://fdn2.gsmarena.com/vv/bigpic/apple-watch-s6-titanium.jpg,GSM / HSPA / LTE,No,"2020, September 15","Available. Released 2020, September 18",44 x 38 x 10.7 mm (1.73 x 1.50 x 0.42 in),41.3,Titanium,,eSIM,"Retina LTPO OLED, 1000 nits (peak)",,1.78,448x368,326,,Sapphire crystal glass,"watchOS 7.0, upgradable to watchOS 26.5",Apple S6,,Dual-core,PowerVR,1,1,32,32,,,,,No,,No,,,,No,,,"Wi-Fi 802.11 b/g/n, dual-band",Yes,5.0,No,No,"GPS, GLONASS, GALILEO, QZSS","Accelerometer, gyro, heart rate, barometer, always-on altimeter, compass, SpO2, VO2max",8,,,No,,,,,,,,,,,"Titanium, Space Black","A2293, A2294, A2375, A2376",,,No
Apple,Apple iPhone SE (2020),https://www.gsmarena.com/apple_iphone_se_(2020)-10170.php,https://fdn2.gsmarena.com/vv/bigpic/apple-iphone-se-2020.jpg,GSM / CDMA / HSPA / EVDO / LTE,No,"2020, April 15","Available. Released 2020, April 24",138.4 x 67.3 x 7.3 mm (5.45 x 2.65 x 0.29 in),148.0,Glass,IP67,Nano-SIM + eSIM,"Retina IPS LCD, 625 nits (typ)",,4.7,750x1334,326,65.4,Ion-strengthened glass,"iOS 13, upgradable to iOS 26.5",Apple A13 Bionic (7 nm+),,Hexa-core (2x2.65 GHz Lightning + 4x1.8 GHz Thunder),Apple GPU (4-core graphics),3,3,64,256,NVMe,12.0,1,1.8,Yes,,Yes,"Quad-LED dual-tone flash, HDR, panorama","4K@24/30/60fps, 1080p@30/60/120/240fps, HDR, OIS, stereo sound rec.",7.0,No,HDR,1080p@30fps; gyro-EIS,"Wi-Fi 802.11 a/b/g/n/ac/6, dual-band, hotspot",Yes,5.0,Lightning,No,"GPS, GLONASS","Fingerprint (front-mounted), accelerometer, proximity, gyro, compass, barometer",1821,18,5,No,,103.69,96.0,76.74,,462253,3237,,670,-24.1,"Black, White, Red","A2275, A2296, A2298, iPhone12,8",1.17 W/kg (head) 1.16 W/kg (body),0.98 W/kg (head) 0.99 W/kg (body),No
Apple,Apple iPad Pro 12.9 (2020),https://www.gsmarena.com/apple_ipad_pro_12_9_(2020)-10136.php,https://fdn2.gsmarena.com/vv/bigpic/apple-ipad-pro-12-2020.jpg,GSM / CDMA / HSPA / EVDO / LTE,No,"2020, March 18","Available. Released 2020, March 19",280.6 x 214.9 x 5.9 mm (11.05 x 8.46 x 0.23 in),641.0,Glass,,Nano-SIM + eSIM,"IPS LCD, 120Hz, 600 nits (typ)",120,12.9,2048x2732,265,85.4,"Scratch-resistant glass, oleophobic coat","iPadOS 13.4, upgradable to iPadOS 26.4",Apple A12Z Bionic,,Octa-core (4x2.5 GHz Vortex + 4x1.6 GHz Tempest),Apple GPU (8-core graphics),6,6,128,512,,12.0,2,1.8,No,1/3.0,Yes,"Quad-LED dual-tone flash, HDR","4K@24/30/60fps, 1080p@30/60/120/240fps; gyro-EIS",7.0,No,"Face detection, HDR, panorama",1080p@30/60fps,"Wi-Fi 802.11 a/b/g/n/ac/6, dual-band, hotspot",No,5.0,Type-C,No,"GPS, GLONASS, GALILEO, QZSS (Wi‑Fi + Cellular model only)","Face ID, accelerometer, gyro, proximity, barometer",9720,,,No,,,,,,,,,625,,"Silver, Space Gray","A2069, A2232, A2233, A2229, iPad8,11, iPad8,12",,,No
Apple,Apple iPad Pro 11 (2020),https://www.gsmarena.com/apple_ipad_pro_11_(2020)-10137.php,https://fdn2.gsmarena.com/vv/bigpic/apple-ipad-pro-11-2020.jpg,GSM / CDMA / HSPA / EVDO / LTE,No,"2020, March 18","Available. Released 2020, March 19",247.6 x 178.5 x 5.9 mm (9.75 x 7.03 x 0.23 in),471.0,Glass,,Nano-SIM + eSIM,"IPS LCD, 120Hz, 600 nits (typ)",120,11.0,1668x2388,265,82.9,"Scratch-resistant glass, oleophobic coat","iPadOS 13.4, upgradable to iPadOS 26.4",Apple A12Z Bionic,,Octa-core (4x2.5 GHz Vortex + 4x1.6 GHz Tempest),Apple GPU (8-core graphics),6,6,128,512,,12.0,2,1.8,No,1/3.0,Yes,"Quad-LED dual-tone flash, HDR","4K@24/30/60fps, 1080p@30/60/120/240fps; gyro-EIS",7.0,No,"Face detection, HDR, panorama",1080p@30/60fps,"Wi-Fi 802.11 a/b/g/n/ac/6, dual-band, hotspot",No,5.0,Type-C,No,"GPS, GLONASS, GALILEO, QZSS (Wi‑Fi + Cellular model only)","Face ID, accelerometer, gyro, proximity, barometer",7538,,,No,,,,,,,,,,,"Silver, Space Gray","A2068, A2230, A2228, A2231, iPad8,9, iPad8,10",,,No
Apple,Apple iPhone 11 Pro Max,https://www.gsmarena.com/apple_iphone_11_pro_max-9846.php,https://fdn2.gsmarena.com/vv/bigpic/apple-iphone-11-pro.jpg,GSM / CDMA / HSPA / EVDO / LTE,No,"2019, September 10","Available. Released 2019, September 20",158 x 77.8 x 8.1 mm (6.22 x 3.06 x 0.32 in),226.0,Glass,IP68,· Nano-SIM + eSIM · Nano-SIM + Nano-SIM (China),"Super Retina XDR OLED, HDR10, Dolby Vision, 800 nits (HBM), 1200 nits (peak)",,6.5,1242x2688,458,83.7,Scratch-resistant glass,"iOS 13, upgradable to iOS 26.5",Apple A13 Bionic (7 nm+),,Hexa-core (2x2.65 GHz Lightning + 4x1.8 GHz Thunder),Apple GPU (4-core graphics),4,4,64,512,NVMe,12.0,3,1.8,Yes,1/2.55,Yes,"Dual-LED dual-tone flash, HDR (photo/panorama)","4K@24/25/30/60fps, 1080p@25/30/60/120/240fps, HDR, stereo sound rec.",12.0,Yes,HDR,"4K@24/25/30/60fps, 1080p@25/30/60/120fps, gyro-EIS","Wi-Fi 802.11 a/b/g/n/ac/6, dual-band, hotspot",Yes,5.0,Lightning,No,"GPS, GLONASS, GALILEO, QZSS","Face ID, accelerometer, gyro, proximity, compass, barometer",3969,,,No,,212.5,219.89,175.0,,459713,13870,,820,-25.6,"Matte Space Gray, Matte Silver, Matte Gold, Matte Midnight Green","A2218, A2161, A2220, iPhone12,5",1.16 W/kg (head) 1.17 W/kg (body),0.95 W/kg (head) 0.99 W/kg (body),No
Apple,Apple iPhone 11 Pro,https://www.gsmarena.com/apple_iphone_11_pro-9847.php,https://fdn2.gsmarena.com/vv/bigpic/apple-iphone-11-pro-max-.jpg,GSM / CDMA / HSPA / EVDO / LTE,No,"2019, September 10","Available. Released 2019, September 20",144 x 71.4 x 8.1 mm (5.67 x 2.81 x 0.32 in),188.0,Glass,IP68,· Nano-SIM + eSIM · Nano-SIM + Nano-SIM (China),"Super Retina XDR OLED, HDR10, Dolby Vision, 800 nits (HBM), 1200 nits (peak)",,5.8,1125x2436,458,82.1,Scratch-resistant glass,"iOS 13, upgradable to iOS 26.5",Apple A13 Bionic (7 nm+),,Hexa-core (2x2.65 GHz Lightning + 4x1.8 GHz Thunder),Apple GPU (4-core graphics),4,4,64,512,NVMe,12.0,3,1.8,Yes,1/2.55,Yes,"Dual-LED dual-tone flash, HDR (photo/panorama)","4K@24/25/30/60fps, 1080p@25/30/60/120/240fps, HDR, stereo sound rec.",12.0,Yes,HDR,"4K@24/25/30/60fps, 1080p@25/30/60/120fps, gyro-EIS","Wi-Fi 802.11 a/b/g/n/ac/6, dual-band, hotspot",Yes,5.0,Lightning,No,"GPS, GLONASS, GALILEO, QZSS","Face ID, accelerometer, gyro, proximity, compass, barometer",3046,,,No,,,,,,460784,13829,,805,-24.3,"Matte Space Gray, Matte Silver, Matte Gold, Matte Midnight Green","A2215, A2160, A2217, iPhone12,3",1.18 W/kg (head) 1.16 W/kg (body),0.99 W/kg (head) 0.99 W/kg (body),No
Apple,Apple iPhone 11,https://www.gsmarena.com/apple_iphone_11-9848.php,https://fdn2.gsmarena.com/vv/bigpic/apple-iphone-11.jpg,GSM / CDMA / HSPA / EVDO / LTE,No,"2019, September 10","Available. Released 2019, September 20",150.9 x 75.7 x 8.3 mm (5.94 x 2.98 x 0.33 in),194.0,Glass,IP68,· Nano-SIM + eSIM · Nano-SIM + Nano-SIM (China),"Liquid Retina IPS LCD, 625 nits (typ)",,6.1,828x1792,326,79.0,Scratch-resistant glass,"iOS 13, upgradable to iOS 26.5",Apple A13 Bionic (7 nm+),,Hexa-core (2x2.65 GHz Lightning + 4x1.8 GHz Thunder),Apple GPU (4-core graphics),4,4,64,256,NVMe,12.0,2,1.8,Yes,1/2.55,Yes,"Dual-LED dual-tone flash, HDR (photo/panorama)","4K@24/25/30/60fps, 1080p@25/30/60/120/240fps, HDR, stereo sound rec.",12.0,Yes,HDR,"4K@24/25/30/60fps, 1080p@25/30/60/120fps, gyro-EIS","Wi-Fi 802.11 a/b/g/n/ac/6, dual-band, hotspot",Yes,5.0,Lightning,No,"GPS, GLONASS, GALILEO, QZSS","Face ID, accelerometer, gyro, proximity, compass, barometer",3110,,,No,,164.5,164.0,120.0,,419453,13882,,644,,"Black, Green, Yellow, Purple, Red, White","A2221, A2111, A2223, iPhone12,1",1.09 W/kg (head) 1.18 W/kg (body),0.95 W/kg (head) 0.99 W/kg (body),No
Apple,Apple iPad 10.2 (2019),https://www.gsmarena.com/apple_ipad_10_2_(2019)-9857.php,https://fdn2.gsmarena.com/vv/bigpic/apple-ipad7-102-inches.jpg,GSM / CDMA / HSPA / EVDO / LTE,No,"2019, September 12. Released 2019, September 21",Discontinued,250.6 x 174.1 x 7.5 mm (9.87 x 6.85 x 0.30 in),483.0,Glass,,Nano-SIM + eSIM,IPS LCD,,10.2,1620x2160,264,74.4,"Scratch-resistant glass, oleophobic coat","iOS 13, upgradable to iPadOS 18.7",Apple A10 Fusion (16 nm),16,Quad-core 2.34 GHz (2x Hurricane + 2x Zephyr),PowerVR Series7XT Plus (six-core graphics),3,3,32,128,,8.0,1,2.4,No,,No,HDR,"1080p@30fps, 720p@120fps, HDR",1.2,No,HDR,720p@30fps,"Wi-Fi 802.11 a/b/g/n/ac, dual-band, hotspot",No,4.2,Lightning,Yes,"GPS, GLONASS (Wi‑Fi + Cellular model only)","Fingerprint (front-mounted), accelerometer, gyro, compass, barometer",8827,,,No,,,,,,,,,,,"Silver, Gold, Space Gray","A2197, A2200, A2198, iPad7,11, iPad7,12",,,No
Apple,Apple Watch Edition Series 5,https://www.gsmarena.com/apple_watch_edition_series_5-9860.php,https://fdn2.gsmarena.com/vv/bigpic/apple-watch-edition-series-5.jpg,GSM / HSPA / LTE,No,"2019, September. Released 2019, September",Discontinued,44 x 38 x 10.7 mm (1.73 x 1.50 x 0.42 in),47.8,Titanium,,eSIM,"Retina LTPO OLED, 1000 nits (peak)",,1.78,448x368,326,,Sapphire crystal glass,"watchOS 6.0, upgradable to watchOS 10.6.1",Apple S5,,Dual-core,PowerVR,1,1,32,32,,,,,No,,No,,,,No,,,Wi-Fi 802.11 b/g/n,Yes,5.0,No,No,"GPS, GLONASS, GALILEO, QZSS","Accelerometer, gyro, heart rate, barometer, compass",296,,,No,,,,,,,,,,,"Titanium frame: Space Black, Titanium Ceramic frame: White","A2156, A2157, A2094, A2095",,,No
Apple,Apple Watch Series 5,https://www.gsmarena.com/apple_watch_series_5-9859.php,https://fdn2.gsmarena.com/vv/bigpic/apple-watch-series-5.jpg,GSM / HSPA / LTE,No,"2019, September. Released 2019, September",Discontinued,44 x 38 x 10.7 mm (1.73 x 1.50 x 0.42 in),47.8,Ceramic,,eSIM,"Retina LTPO OLED, 1000 nits (peak)",,1.78,448x368,326,,Sapphire crystal glass,"watchOS 6.0, upgradable to watchOS 10.6.1",Apple S5,,Dual-core,PowerVR,1,1,32,32,,,,,No,,No,,,,No,,,Wi-Fi 802.11 b/g/n,Yes,5.0,No,No,"GPS, GLONASS, GALILEO, QZSS","Accelerometer, gyro, heart rate, barometer, compass",296,,,No,,,,,,,,,,,"Space Black, Silver, Gold","A2156, A2157, A2094, A2095",,,No
Apple,Apple Watch Series 5 Aluminum,https://www.gsmarena.com/apple_watch_series_5_aluminum-9858.php,https://fdn2.gsmarena.com/vv/bigpic/apple-watch-aluminum-series-5.jpg,GSM / HSPA / LTE,No,"2019, September. Released 2019, September",Discontinued,44 x 38 x 10.7 mm (1.73 x 1.50 x 0.42 in),36.7,Ceramic,,eSIM,"Retina LTPO OLED, 1000 nits (peak)",,1.78,448x368,326,,Ion-X strengthened glass,"watchOS 6.0, upgradable to watchOS 10.6.1",Apple S5,,Dual-core,PowerVR,1,1,32,32,,,,,No,,No,,,,No,,,Wi-Fi 802.11 b/g/n,Yes,5.0,No,No,"GPS, GLONASS, GALILEO, QZSS","Accelerometer, gyro, heart rate, barometer, compass",296,,,No,,,,,,,,,,,"Silver, Gold, Space Gray","A2156, A2157, A2094, A2095, A2092, A2093",,,No
Apple,Apple iPad Air (2019),https://www.gsmarena.com/apple_ipad_air_(2019)-9638.php,https://fdn2.gsmarena.com/vv/bigpic/apple-ipad-air3-2019.jpg,GSM / HSPA / LTE,No,"2019, March 18. Released 2019, March 18",Discontinued,250.6 x 174.1 x 6.1 mm (9.87 x 6.85 x 0.24 in),456.0,Glass,,Nano-SIM + eSIM,IPS LCD,,10.5,1668x2224,265,78.3,"Scratch-resistant glass, oleophobic coat","iOS 12.1.3, upgradable to iPadOS 26.4",Apple A12 Bionic (7 nm),7,Hexa-core (2x2.5 GHz Vortex + 4x1.6 GHz Tempest),Apple GPU (4-core graphics),3,3,64,256,,8.0,1,2.4,No,,No,HDR,1080p@30fps,7.0,No,HDR,1080p@30fps,"Wi-Fi 802.11 a/b/g/n/ac, dual-band, hotspot",No,5.0,Lightning,Yes,"GPS, GLONASS (LTE model only)","Fingerprint (front-mounted), accelerometer, gyro, compass, barometer",8134,,,No,,,,,,,,,,,"Space Gray, Silver, Gold","A2153, A2123, A2154, A2152, iPad11,3, iPad11,4",1.19 W/kg (body),0.99 W/kg (body),No
Apple,Apple iPad mini (2019),https://www.gsmarena.com/apple_ipad_mini_(2019)-9637.php,https://fdn2.gsmarena.com/vv/bigpic/apple-ipad-mini-2019.jpg,GSM / HSPA / LTE,No,"2019, March 18. Released 2019, March 18",Discontinued,203.2 x 134.8 x 6.1 mm (8.0 x 5.31 x 0.24 in),300.5,Glass,,Nano-SIM + eSIM,IPS LCD,,7.9,1536x2048,324,70.6,"Scratch-resistant glass, oleophobic coat","iOS 12.1.3, upgradable to iPadOS 26.4",Apple A12 Bionic (7 nm),7,Hexa-core (2x2.5 GHz Vortex + 4x1.6 GHz Tempest),Apple GPU (4-core graphics),3,3,64,256,,8.0,1,2.4,No,,No,HDR,1080p@30fps,7.0,No,HDR,1080p@30fps,"Wi-Fi 802.11 a/b/g/n/ac, dual-band, hotspot",No,5.0,Lightning,Yes,"GPS, GLONASS (Wi‑Fi + Cellular model only)","Fingerprint (front-mounted), accelerometer, gyro, compass, barometer",5124,,,No,,,,,,,,,,,"Space Gray, Silver, Gold","A2126, A2124, A2133, A2125, iPad11,1, iPad11,2",1.19 W/kg (body),0.99 W/kg (body),No
Apple,Apple iPad Pro 12.9 (2018),https://www.gsmarena.com/apple_ipad_pro_12_9_(2018)-9387.php,https://fdn2.gsmarena.com/vv/bigpic/apple-ipad-pro-129-2018.jpg,GSM / CDMA / HSPA / EVDO / LTE,No,"2018, October. Released 2018, November",Discontinued,280.6 x 214.9 x 5.9 mm (11.05 x 8.46 x 0.23 in),631.0,Glass,,Nano-SIM + eSIM,"IPS LCD, 120Hz",120,12.9,2048x2732,265,85.4,"Scratch-resistant glass, oleophobic coat","iOS 12, upgradable to iPadOS 26.4",Apple A12X Bionic (7 nm),7,Octa-core (4x2.5 GHz Vortex + 4x1.6 GHz Tempest),Apple GPU (7-core graphics),4,6,64,512,,12.0,1,1.8,No,1/3.0,Yes,"Quad-LED dual-tone flash, HDR","4K@30/60fps, 1080p@30/60/120fps, 720p@240fps",7.0,No,"Face detection, HDR, panorama",1080p@30fps,"Wi-Fi 802.11 a/b/g/n/ac, dual-band, hotspot",No,5.0,Type-C,No,"GPS, GLONASS, GALILEO, QZSS (Wi‑Fi + Cellular model only)","Face ID, accelerometer, gyro, proximity, barometer",9720,,,No,,,,,,552771,5040,,,-22.1,"Silver, Space Gray","A2014, A1895, A1876, A1983, iPad8,5, iPad8,6, iPad8,7, iPad8,8",1.19 W/kg (body),0.99 W/kg (body),No
Apple,Apple iPad Pro 11 (2018),https://www.gsmarena.com/apple_ipad_pro_11_(2018)-9386.php,https://fdn2.gsmarena.com/vv/bigpic/apple-ipad-pro-11-2018.jpg,GSM / CDMA / HSPA / EVDO / LTE,No,"2018, October. Released 2018, November",Discontinued,247.6 x 178.5 x 5.9 mm (9.75 x 7.03 x 0.23 in),468.0,Glass,,Nano-SIM + eSIM,"IPS LCD, 120Hz",120,11.0,1668x2388,265,82.9,"Scratch-resistant glass, oleophobic coat","iOS 12, upgradable to iPadOS 26.4",Apple A12X Bionic (7 nm),7,Octa-core (4x2.5 GHz Vortex + 4x1.6 GHz Tempest),Apple GPU (7-core graphics),4,6,64,512,,12.0,1,1.8,No,1/3.0,Yes,"Quad-LED dual-tone flash, HDR","4K@30/60fps, 1080p@30/60/120fps, 720p@240fps",7.0,No,"Face detection, HDR, panorama",1080p@30fps,"Wi-Fi 802.11 a/b/g/n/ac, dual-band, hotspot",No,5.0,Type-C,No,"GPS, GLONASS, GALILEO, QZSS (Wi‑Fi + Cellular model only)","Face ID, accelerometer, gyro, proximity, barometer",7812,,,No,,,,,,,,,,,"Silver, Space Gray","A2013, A1934, A1980, A1979, iPad8,1, iPad8,2, iPad8,3, iPad8,4",1.19 W/kg (body),0.99 W/kg (body),No
Apple,Apple iPhone XS Max,https://www.gsmarena.com/apple_iphone_xs_max-9319.php,https://fdn2.gsmarena.com/vv/bigpic/apple-iphone-xs-max-new1.jpg,GSM / CDMA / HSPA / EVDO / LTE,No,"2018, September 12. Released 2018, September 21",Discontinued,157.5 x 77.4 x 7.7 mm (6.20 x 3.05 x 0.30 in),208.0,Glass,IP68,· Nano-SIM + eSIM · Nano-SIM + Nano-SIM (China),"Super Retina OLED, HDR10, Dolby Vision, 625 nits (HBM)",,6.5,1242x2688,458,84.4,Scratch-resistant glass,"iOS 12, upgradable to iOS 18.7",Apple A12 Bionic (7 nm),7,Hexa-core (2x2.5 GHz Vortex + 4x1.6 GHz Tempest),Apple GPU (4-core graphics),4,4,64,512,NVMe,12.0,2,1.8,Yes,1/2.55,Yes,"Quad-LED dual-tone flash, HDR (photo/panorama)","4K@24/30/60fps, 1080p@30/60/120/240fps, HDR, stereo sound rec.",7.0,No,HDR,"1080p@30/60fps, gyro-EIS","Wi-Fi 802.11 a/b/g/n/ac, dual-band, hotspot",Yes,5.0,Lightning,No,"GPS, GLONASS, GALILEO, QZSS","Face ID, accelerometer, gyro, proximity, compass, barometer",3174,15,,No,,,,,,353210,11432,,,,"Space Gray, Silver, Gold","A1921, A2101, A2102, A2104, iPhone11,6",1.16 W/kg (head) 1.17 W/kg (body),0.99 W/kg (head) 0.99 W/kg (body),No
Apple,Apple iPhone XS,https://www.gsmarena.com/apple_iphone_xs-9318.php,https://fdn2.gsmarena.com/vv/bigpic/apple-iphone-xs-new.jpg,GSM / CDMA / HSPA / EVDO / LTE,No,"2018, September 12. Released 2018, September 21",Discontinued,143.6 x 70.9 x 7.7 mm (5.65 x 2.79 x 0.30 in),177.0,Glass,IP68,Nano-SIM + eSIM,"Super Retina OLED, HDR10, Dolby Vision, 625 nits (HBM)",,5.8,1125x2436,458,82.9,Scratch-resistant glass,"iOS 12, upgradable to iOS 18.7",Apple A12 Bionic (7 nm),7,Hexa-core (2x2.5 GHz Vortex + 4x1.6 GHz Tempest),Apple GPU (4-core graphics),4,4,64,512,NVMe,12.0,2,1.8,Yes,1/2.55,Yes,"Quad-LED dual-tone flash, HDR (photo/panorama)","4K@24/30/60fps, 1080p@30/60/120/240fps, HDR, stereo sound rec.",7.0,No,HDR,"1080p@30/60fps, gyro-EIS","Wi-Fi 802.11 a/b/g/n/ac, dual-band, hotspot",Yes,5.0,Lightning,No,"GPS, GLONASS, GALILEO, QZSS","Face ID, accelerometer, gyro, proximity, compass, barometer",2658,15,,No,,,,,,346379,11472,,,,"Space Gray, Silver, Gold","A2097, A1920, A2100, A2098, iPhone11,2",1.19 W/kg (head) 1.18 W/kg (body),0.99 W/kg (head) 0.99 W/kg (body),No
Apple,Apple iPhone XR,https://www.gsmarena.com/apple_iphone_xr-9320.php,https://fdn2.gsmarena.com/vv/bigpic/apple-iphone-xr-new.jpg,GSM / CDMA / HSPA / EVDO / LTE,No,"2018, September 12. Released 2018, October 26",Discontinued,150.9 x 75.7 x 8.3 mm (5.94 x 2.98 x 0.33 in),194.0,Glass,IP67,· Nano-SIM + eSIM · Nano-SIM + Nano-SIM (China),"Liquid Retina IPS LCD, 625 nits (HBM)",,6.1,828x1792,326,79.0,Scratch-resistant glass,"iOS 12, upgradable to iOS 18.7",Apple A12 Bionic (7 nm),7,Hexa-core (2x2.5 GHz Vortex + 4x1.6 GHz Tempest),Apple GPU (4-core graphics),3,3,64,256,NVMe,12.0,1,1.8,Yes,1/2.55,Yes,"Quad-LED dual-tone flash, HDR (photo/panorama)","4K@24/30/60fps, 1080p@30/60/120/240fps, HDR, stereo sound rec.",7.0,No,HDR,1080p@60fps,"Wi-Fi 802.11 a/b/g/n/ac, dual-band, hotspot",Yes,5.0,Lightning,No,"GPS, GLONASS, GALILEO, QZSS","Face ID, accelerometer, gyro, proximity, compass, barometer",2942,15,,No,,,,,,341196,11437,,,,"Black, Red, Yellow, Blue, Coral, White","A2105, A1984, A2107, A2108, A2106, iPhone11,8",1.13 W/kg (head) 1.16 W/kg (body),0.99 W/kg (head) 0.99 W/kg (body),No
Apple,Apple Watch Series 4,https://www.gsmarena.com/apple_watch_series_4-9321.php,https://fdn2.gsmarena.com/vv/bigpic/apple-watch-series-4-steel.jpg,GSM / HSPA / LTE,No,"2018, September. Released 2018, September",Discontinued,44 x 38 x 10.7 mm (1.73 x 1.50 x 0.42 in),48.0,Ceramic,,eSIM,"Retina LTPO OLED, 1000 nits (peak)",,1.78,448x368,326,,Sapphire crystal glass,"watchOS 5.0, upgradable to watchOS 10.6.2",Apple S4,,Dual-core,PowerVR,1,1,16,16,,,,,No,,No,,,,No,,,Wi-Fi 802.11 b/g/n,Yes,5.0,No,No,"GPS, GLONASS, GALILEO, QZSS","Accelerometer, gyro, heart rate, barometer",292,,,No,,,,,,,,,,,"Space Black, Silver, Gold","A1975, A1976, A2007, A2008",,,No
Apple,Apple Watch Series 4 Aluminum,https://www.gsmarena.com/apple_watch_series_4_aluminum-9322.php,https://fdn2.gsmarena.com/vv/bigpic/apple-watch-series-4-aluminum.jpg,GSM / HSPA / LTE,No,"2018, September. Released 2018, September",Discontinued,44 x 38 x 10.7 mm (1.73 x 1.50 x 0.42 in),36.7,Ceramic,,eSIM,"Retina LTPO OLED, 1000 nits (peak)",,1.78,448x368,326,,Ion-X strengthened glass,"watchOS 5.0, upgradable to watchOS 10.6.2",Apple S4,,Dual-core,PowerVR,1,1,16,16,,,,,No,,No,,,,No,,,Wi-Fi 802.11 b/g/n,Yes,5.0,No,No,"GPS, GLONASS, GALILEO, QZSS","Accelerometer, gyro, heart rate, barometer",292,,,No,,,,,,,,,,,"Silver, Gold, Space Gray","A1975, A1976, A2007, A2008, A1977, A1978",,,No
Apple,Apple iPad 9.7 (2018),https://www.gsmarena.com/apple_ipad_9_7_(2018)-9142.php,https://fdn2.gsmarena.com/vv/bigpic/apple-ipad-97-2018.jpg,GSM / CDMA / HSPA / EVDO / LTE,No,"2018, March 27. Released 2018, March 27",Discontinued,240 x 169.5 x 7.5 mm (9.45 x 6.67 x 0.30 in),469.0,Glass,,Nano-SIM + eSIM,IPS LCD,,9.7,1536x2048,264,71.6,"Scratch-resistant glass, oleophobic coat","iOS 11.3, upgradable to iPadOS 17.6.1",Apple A10 Fusion (16 nm),16,Quad-core 2.34 GHz (2x Hurricane + 2x Zephyr),PowerVR Series7XT Plus (six-core graphics),2,2,32,128,,8.0,1,2.4,No,,No,HDR,"1080p@30fps, 720p@120fps, HDR, stereo sound rec.",1.2,No,"Face detection, HDR, panorama",720p@30fps,"Wi-Fi 802.11 a/b/g/n/ac, dual-band, hotspot",No,4.2,Lightning,Yes,"GPS, GLONASS (Wi‑Fi + Cellular model only)","Fingerprint (front-mounted), accelerometer, gyro, compass, barometer",8827,,,No,,,,,,,,,,,"Silver, Gold, Space Gray","A1893, A1954, iPad7,5, iPad7,6",1.18 W/kg (body),0.99 W/kg (body),No
Apple,Apple iPhone X,https://www.gsmarena.com/apple_iphone_x-8858.php,https://fdn2.gsmarena.com/vv/bigpic/apple-iphone-x.jpg,GSM / HSPA / LTE,No,"2017, September 12. Released 2017, November 03",Discontinued,143.6 x 70.9 x 7.7 mm (5.65 x 2.79 x 0.30 in),174.0,Glass,IP67,Nano-SIM,"Super Retina OLED, HDR10, Dolby Vision, 625 nits (HBM)",,5.8,1125x2436,458,82.9,Scratch-resistant glass,"iOS 11.1.1, up to iOS 16.7.12",Apple A11 Bionic (10 nm),10,Hexa-core 2.39 GHz (2x Monsoon + 4x Mistral),Apple GPU (three-core graphics),3,3,64,256,NVMe,12.0,2,1.8,Yes,1/3.0,Yes,"Quad-LED dual-tone flash, HDR (photo/panorama), panorama, HDR","4K@24/30/60fps, 1080p@30/60/120/240fps",7.0,No,HDR,1080p@30fps,"Wi-Fi 802.11 a/b/g/n/ac, dual-band, hotspot",Yes,5.0,Lightning,No,"GPS, GLONASS, GALILEO, QZSS","Face ID, accelerometer, gyro, proximity, compass, barometer",2716,15,,No,,,,,,233100,10215,,,,"Space Gray, Silver","A1865, A1901, A1902, A1903, iPhone10,3, iPhone10,6",1.09 W/kg (head) 1.17 W/kg (body),,No
Apple,Apple iPhone 8 Plus,https://www.gsmarena.com/apple_iphone_8_plus-8131.php,https://fdn2.gsmarena.com/vv/bigpic/apple-iphone-8-plus-new.jpg,GSM / HSPA / LTE,No,"2017, September 12. Released 2017, September 22",Discontinued,158.4 x 78.1 x 7.5 mm (6.24 x 3.07 x 0.30 in),202.0,Glass,IP67,Nano-SIM,"Retina IPS LCD, 625 nits (typ)",,5.5,1080x1920,401,67.4,Ion-strengthened glass,"iOS 11, up to iOS 16.7.12",Apple A11 Bionic (10 nm),10,Hexa-core (2x Monsoon + 4x Mistral),Apple GPU (three-core graphics),3,3,64,256,NVMe,12.0,2,1.8,Yes,,Yes,"Quad-LED dual-tone flash, HDR","4K@24/30/60fps, 1080p@30/60/120/240fps",7.0,No,"Face detection, HDR",1080p@30fps,"Wi-Fi 802.11 a/b/g/n/ac, dual-band, hotspot",Yes,5.0,Lightning,No,"GPS, GLONASS, GALILEO, QZSS","Fingerprint (front-mounted), accelerometer, gyro, proximity, compass, barometer",2691,15,,No,,,,,,,10037,,,,"Gold, Space Gray, Silver, Red","A1864, A1897, A1898, , A1899, iPhone10,2, iPhone10,5",1.19 W/kg (head) 1.19 W/kg (body),0.99 W/kg (head) 0.99 W/kg (body),No
Apple,Apple iPhone 8,https://www.gsmarena.com/apple_iphone_8-8573.php,https://fdn2.gsmarena.com/vv/bigpic/apple-iphone-8-new.jpg,GSM / HSPA / LTE,No,"2017, September 12. Released 2017, September 22",Discontinued,138.4 x 67.3 x 7.3 mm (5.45 x 2.65 x 0.29 in),148.0,Glass,IP67,Nano-SIM,"Retina IPS LCD, 625 nits (typ)",,4.7,750x1334,326,65.4,Ion-strengthened glass,"iOS 11, up to iOS 16.7.12",Apple A11 Bionic (10 nm),10,Hexa-core (2x Monsoon + 4x Mistral),Apple GPU (three-core graphics),2,2,64,256,NVMe,12.0,1,1.8,Yes,,Yes,"Quad-LED dual-tone flash, HDR","4K@24/30/60fps, 1080p@30/60/120/240fps",7.0,No,"Face detection, HDR, panorama",1080p@30fps,"Wi-Fi 802.11 a/b/g/n/ac, dual-band, hotspot",Yes,5.0,Lightning,No,"GPS, GLONASS, GALILEO, QZSS","Fingerprint (front-mounted), accelerometer, gyro, proximity, compass, barometer",1821,15,,No,,,,,,237594,10214,,,,"Silver, Space Gray, Gold, Red","A1863, A1905, A1906, A1907, iPhone10,1, iPhone10,4",1.32 W/kg (head) 1.36 W/kg (body),1.19 W/kg (head) 1.17 W/kg (body),No
Apple,Apple Watch Edition Series 3,https://www.gsmarena.com/apple_watch_edition_series_3-8861.php,https://fdn2.gsmarena.com/vv/bigpic/apple-watch-edition-series3.jpg,GSM / HSPA / LTE,No,"2017, September. Released 2017, September",Discontinued,42.6 x 36.5 x 11.4 mm (1.68 x 1.44 x 0.45 in),46.4,Ceramic,,eSIM,"Retina OLED, 1000 nits (peak)",,1.65,390x312,303,,Sapphire crystal glass,"watchOS 4.0, upgradable to watchOS 8.7",Apple S3,,Dual-core,PowerVR,,,16,16,,,,,No,,No,,,,No,,,Wi-Fi 802.11 b/g/n,Yes,4.2,No,No,"GPS, GLONASS","Accelerometer, gyro, heart rate, barometer",341,,,No,,,,,,,,,,,"White, Gray","A1860, A1861, A1889, A1891, A1890, A1892",0.35 W/kg (head) 0.18 W/kg (body),,No
Apple,Apple Watch Series 3,https://www.gsmarena.com/apple_watch_series_3-8860.php,https://fdn2.gsmarena.com/vv/bigpic/apple-watch-series3-.jpg,GSM / HSPA / LTE,No,"2017, September. Released 2017, September",Discontinued,42.5 x 36.4 x 11.4 mm (1.67 x 1.43 x 0.45 in),52.8,Ceramic,,eSIM,"Retina OLED, 1000 nits (peak)",,1.65,390x312,303,,Sapphire crystal glass,"watchOS 4.0, upgradable to watchOS 8.7",Apple S3,,Dual-core,PowerVR,,,16,16,,,,,No,,No,,,,No,,,Wi-Fi 802.11 b/g/n,Yes,4.2,No,No,"GPS, GLONASS","Accelerometer, gyro, heart rate, barometer",341,,,No,,,,,,,,,,,"Space Black, Silver","A1860, A1861, A1889, A1891, A1890, A1892",0.35 W/kg (head) 0.18 W/kg (body),,No
Apple,Apple Watch Series 3 Aluminum,https://www.gsmarena.com/apple_watch_series_3_aluminum-8859.php,https://fdn2.gsmarena.com/vv/bigpic/apple-watch-series3-sport-.jpg,GSM / HSPA / LTE,No,"2017, September. Released 2017, September",Discontinued,42.5 x 36.4 x 11.4 mm (1.67 x 1.43 x 0.45 in),34.9,Ceramic,,eSIM,"Retina OLED, 1000 nits (peak)",,1.65,390x312,303,,Ion-X strengthened glass,"watchOS 4.0, upgradable to watchOS 8.7",Apple S3,,Dual-core,PowerVR,,,8,16,,,,,No,,No,,,,No,,,Wi-Fi 802.11 b/g/n,Yes,4.2,No,No,"GPS, GLONASS","Accelerometer, gyro, heart rate, barometer",341,,,No,,,,,,,,,,,"Silver, Gold, Space Gray","A1860, A1861, A1889, A1891, A1890, A1892, A1858, A1859",0.52 W/kg (head) 0.34 W/kg (body),,No
Apple,Apple iPad Pro 12.9 (2017),https://www.gsmarena.com/apple_ipad_pro_12_9_(2017)-8717.php,https://fdn2.gsmarena.com/vv/bigpic/apple-ipad-pro-129-2017.jpg,GSM / CDMA / HSPA / EVDO / LTE,No,"2017, June. Released 2017, June",Discontinued,305.7 x 220.6 x 6.9 mm (12.04 x 8.69 x 0.27 in),677.0,,,Nano-SIM + eSIM,"IPS LCD, 120Hz",120,12.9,2732x2048,265,76.4,"Scratch-resistant glass, oleophobic coat","iOS 10.3.2, upgradable to iPadOS 17.7.10",Apple A10X Fusion (10 nm),10,Hexa-core 2.38 GHz (3x Hurricane & 3x Zephyr),PowerVR Series 7 (12-core graphics),4,4,64,512,,12.0,1,1.8,Yes,1/3.0,Yes,"Quad-LED dual-tone flash, HDR","4K@30fps, 1080p@30/60fps, 1080p@120fps, 720p@240fps",7.0,No,"Face detection, HDR, panorama",1080p@30fps,"Wi-Fi 802.11 a/b/g/n/ac, dual-band, hotspot",Yes,4.2,Lightning,Yes,"GPS, GLONASS (Wi‑Fi + Cellular model only)","Fingerprint (front-mounted), accelerometer, gyro, compass, barometer",891,,,No,,,,,,,,,,,"Space Gray, Gold, Silver","A1670, A1671, A1821, iPad7,1, iPad7,2",1.19 W/kg (body),0.97 W/kg (body),No
Apple,Apple iPad Pro 10.5 (2017),https://www.gsmarena.com/apple_ipad_pro_10_5_(2017)-8716.php,https://fdn2.gsmarena.com/vv/bigpic/apple-ipad-pro-105-2017.jpg,GSM / CDMA / HSPA / EVDO / LTE,No,"2017, June. Released 2017, June",Discontinued,250.6 x 174.1 x 6.1 mm (9.87 x 6.85 x 0.24 in),469.0,Glass,,Nano-SIM + eSIM,"IPS LCD, 120Hz",120,10.5,1668x2224,265,78.3,"Scratch-resistant glass, oleophobic coat","iOS 10.3.2, upgradable to iPadOS 17.7.10",Apple A10X Fusion (10 nm),10,Hexa-core 2.38 GHz (3x Hurricane & 3x Zephyr),PowerVR Series 7 (12-core graphics),4,4,64,512,,12.0,1,1.8,Yes,1/3.0,Yes,"Quad-LED dual-tone flash, HDR","4K@30fps, 1080p@30/60fps, 1080p@120fps, 720p@240fps",7.0,No,"Face detection, HDR, panorama",1080p@30fps,"Wi-Fi 802.11 a/b/g/n/ac, dual-band, hotspot",Yes,4.2,Lightning,Yes,"GPS, GLONASS (Wi‑Fi + Cellular model only)","Fingerprint (front-mounted), accelerometer, gyro, compass, barometer",8134,,,No,,,,,,,,,,,"Space Gray, Rose Gold, Gold, Silver","A1701, A1709, A1852, iPad7,3, iPad7,4",1.19 W/kg (body),0.93 W/kg (body),No
Apple,Apple iPad 9.7 (2017),https://www.gsmarena.com/apple_ipad_9_7_(2017)-8620.php,https://fdn2.gsmarena.com/vv/bigpic/apple-ipad-97-2017.jpg,GSM / CDMA / HSPA / EVDO / LTE,No,"2017, March. Released 2017, March",Discontinued,240 x 169.5 x 7.5 mm (9.45 x 6.67 x 0.30 in),469.0,Glass,,Nano-SIM + eSIM,IPS LCD,,9.7,1536x2048,264,71.6,"Scratch-resistant glass, oleophobic coat","iOS 10.3, upgradable to iPadOS 16.7.12",Apple A9 (14 nm),14,Dual-core 1.84 GHz (Twister),PowerVR GT7600 (six-core graphics),2,2,32,128,,8.0,1,2.4,No,,No,HDR,"1080p@30fps, 720p@120fps, HDR, stereo sound rec.",1.2,No,"Face detection, HDR, panorama",720p@30fps,"Wi-Fi 802.11 a/b/g/n/ac, dual-band, hotspot",No,4.2,Lightning,Yes,"GPS, GLONASS (Wi‑Fi + Cellular model only)","Fingerprint (front-mounted), accelerometer, gyro, compass, barometer",8827,,,No,,,,,,,,,,,"Silver, Gold, Space Gray","A1822, A1823, iPad6,11, iPad6,12",1.18 W/kg (body),0.99 W/kg (body),No
Apple,Apple Watch Edition Series 2 42mm,https://www.gsmarena.com/apple_watch_edition_series_2_42mm-8331.php,https://fdn2.gsmarena.com/vv/bigpic/apple-watch2-edition-42mm.jpg,No cellular connectivity,No,"2016, September. Released 2016, December",Discontinued,42.6 x 36.5 x 11.4 mm (1.68 x 1.44 x 0.45 in),45.6,Ceramic,,No,"Retina OLED, 1000 nits (peak)",,1.65,390x312,303,,Sapphire crystal glass,"watchOS 3.0, upgradable to watchOS 6.2.8",Apple S2 (16 nm),16,Dual-core 780 MHz Cortex-A7,PowerVR G6200,,,8,8,,,,,No,,No,,,,No,,,Wi-Fi 802.11 b/g/n,Yes,4.0,No,No,"GPS, GLONASS","Accelerometer, gyro, heart rate",334,,,No,,,,,,,,,,,Sport Band/White,A1817,,,No
Apple,Apple Watch Edition Series 2 38mm,https://www.gsmarena.com/apple_watch_edition_series_2_38mm-8332.php,https://fdn2.gsmarena.com/vv/bigpic/apple-watch2-s2-edition-38mm.jpg,No cellular connectivity,No,"2016, September. Released 2016, December",Discontinued,39.2 x 34 x 11.8 mm (1.54 x 1.34 x 0.46 in),39.6,Ceramic,,No,"Retina OLED, 1000 nits (peak)",,1.5,340x272,290,,Sapphire crystal glass,"watchOS 3.0, upgradable to watchOS 6.2.8",Apple S2 (16 nm),16,Dual-core 780 MHz Cortex-A7,PowerVR G6200,,,8,8,,,,,No,,No,,,,No,,,Wi-Fi 802.11 b/g/n,Yes,4.0,No,No,"GPS, GLONASS","Accelerometer, gyro, heart rate",273,,,No,,,,,,,,,,,Sport Band/White,A1816,,,No
Apple,Apple Watch Series 2 42mm,https://www.gsmarena.com/apple_watch_series_2_42mm-8329.php,https://fdn2.gsmarena.com/vv/bigpic/apple-watch2-s2-42mm.jpg,No cellular connectivity,No,"2016, September. Released 2016, December",Discontinued,42.5 x 36.4 x 11.4 mm (1.67 x 1.43 x 0.45 in),52.4,Ceramic,,No,"Retina OLED, 1000 nits (peak)",,1.65,390x312,303,,Sapphire crystal glass,"watchOS 3.0, upgradable to watchOS 6.2.8",Apple S2 (16 nm),16,Dual-core 780 MHz Cortex-A7,PowerVR G6200,,,8,8,,,,,No,,No,,,,No,,,Wi-Fi 802.11 b/g/n,Yes,4.0,No,No,"GPS, GLONASS","Accelerometer, gyro, heart rate",334,,,No,,,,,,,,,,,"Sport band: silver case/white, black case/black Leather band: silver case/blue, brown, orange Stainless Steel band: silver case/silver, black case/black",A1758,,,No
Apple,Apple Watch Series 2 38mm,https://www.gsmarena.com/apple_watch_series_2_38mm-8330.php,https://fdn2.gsmarena.com/vv/bigpic/apple-watch2-s2-38mm.jpg,No cellular connectivity,No,"2016, September. Released 2016, December",Discontinued,38.6 x 33.3 x 11.4 mm (1.52 x 1.31 x 0.45 in),41.9,Ceramic,,No,"Retina OLED, 1000 nits (peak)",,1.5,340x272,290,,Sapphire crystal glass,"watchOS 3.0, upgradable to watchOS 6.2.8",Apple S2 (16 nm),16,Dual-core 780 MHz Cortex-A7,PowerVR G6200,,,8,8,,,,,No,,No,,,,No,,,Wi-Fi 802.11 b/g/n,Yes,4.0,No,No,"GPS, GLONASS","Accelerometer, gyro, heart rate",273,,,No,,,,,,,,,,,"Sport band: silver case/white, black case/black Leather band: silver case/blue, brown, gray, red Stainless Steel band: silver case/silver, black case/black",A1757,,,No
Apple,Apple Watch Series 2 Aluminum 42mm,https://www.gsmarena.com/apple_watch_series_2_aluminum_42mm-8328.php,https://fdn2.gsmarena.com/vv/bigpic/apple-watch2-s2-sport-42mm.jpg,No cellular connectivity,No,"2016, September. Released 2016, December",Discontinued,42.5 x 36.4 x 11.4 mm (1.67 x 1.43 x 0.45 in),34.2,Ceramic,,No,"Retina OLED, 1000 nits (peak)",,1.65,390x312,303,,Ion-X strengthened glass,"watchOS 3.0, upgradable to watchOS 6.2.8",Apple S2 (16 nm),16,Dual-core 780 MHz Cortex-A7,PowerVR G6200,,,8,8,,,,,No,,No,,,,No,,,Wi-Fi 802.11 b/g/n,Yes,4.0,No,No,"GPS, GLONASS","Accelerometer, gyro, heart rate",334,,,No,,,,,,,,,,,"Case colors: silver, gold, rose gold, gray Band colors: gray, white, blue, brown, orange, black Band types: sport, woven nylon",A1758,,,No
Apple,Apple Watch Series 1 Aluminum 42mm,https://www.gsmarena.com/apple_watch_series_1_aluminum_42mm-8334.php,https://fdn2.gsmarena.com/vv/bigpic/apple-watch1-sport-42mm.jpg,No cellular connectivity,No,"2016, September. Released 2016, December",Discontinued,42.5 x 36.4 x 10.5 mm (1.67 x 1.43 x 0.41 in),30.0,Glass,,No,"Retina OLED, 450 nits (peak)",,1.65,390x312,303,,Ion-X strengthened glass,"watchOS 3.0, upgradable to watchOS 6.2.8",Apple S1P (28 nm),28,Dual-core 520 MHz Cortex-A7,PowerVR G6200,,,8,8,,,,,No,,No,,,,No,,,Wi-Fi 802.11 b/g/n,Yes,4.0,No,No,No,"Accelerometer, gyro, heart rate",250,,,No,,,,,,,,,,,"Case colors: silver, gold, rose gold, gray Band colors: brown, white, black, blue Band types: sport",A1803,,,No
Apple,Apple Watch Series 2 Aluminum 38mm,https://www.gsmarena.com/apple_watch_series_2_aluminum_38mm-8327.php,https://fdn2.gsmarena.com/vv/bigpic/apple-watch2-s2-sport-38mm.jpg,No cellular connectivity,No,"2016, September. Released 2016, December",Discontinued,38.6 x 33.3 x 11.4 mm (1.52 x 1.31 x 0.45 in),28.2,Ceramic,,No,"Retina OLED, 1000 nits (peak)",,1.5,340x272,290,,Ion-X strengthened glass,"watchOS 3.0, upgradable to watchOS 6.2.8",Apple S2 (16 nm),16,Dual-core 780 MHz Cortex-A7,PowerVR G6200,,,8,8,,,,,No,,No,,,,No,,,Wi-Fi 802.11 b/g/n,Yes,4.0,No,No,"GPS, GLONASS","Accelerometer, gyro, heart rate",273,,,No,,,,,,,,,,,"Case colors: silver, gold, rose gold, gray Band colors: gray, white, blue, yellow, pink, black Band types: sport, woven nylon",A1757,,,No
Apple,Apple Watch Series 1 Aluminum 38mm,https://www.gsmarena.com/apple_watch_series_1_aluminum_38mm-8333.php,https://fdn2.gsmarena.com/vv/bigpic/apple-watch2-s2-sport-38mm.jpg,No cellular connectivity,No,"2016, September. Released 2016, December",Discontinued,38.6 x 33.3 x 10.5 mm (1.52 x 1.31 x 0.41 in),25.0,Glass,,No,"Retina OLED, 450 nits (peak)",,1.5,340x272,290,,Ion-X strengthened glass,"watchOS 3.0, upgradable to watchOS 6.2.8",Apple S1P (28 nm),28,Dual-core 520 MHz Cortex-A7,PowerVR G6200,,,8,8,,,,,No,,No,,,,No,,,Wi-Fi 802.11 b/g/n,Yes,4.0,No,No,No,"Accelerometer, gyro, heart rate",205,,,No,,,,,,,,,,,"Case colors: silver, gold, rose gold, gray Band colors: gray, white, black, pink Band types: sport",A1802,,,No
Apple,Apple iPhone 7 Plus,https://www.gsmarena.com/apple_iphone_7_plus-8065.php,https://fdn2.gsmarena.com/vv/bigpic/apple-iphone-7-plus-r2.jpg,GSM / CDMA / HSPA / EVDO / LTE,No,"2016, September 07. Released 2016, September 16",Discontinued,158.2 x 77.9 x 7.3 mm (6.23 x 3.07 x 0.29 in),188.0,Glass,IP67,Nano-SIM,"Retina IPS LCD, 625 nits (typ)",,5.5,1080x1920,401,67.7,Ion-strengthened glass,"iOS 10.0.1, upgradable to iOS 15.8.5",Apple A10 Fusion (16 nm),16,Quad-core 2.34 GHz (2x Hurricane + 2x Zephyr),PowerVR Series7XT Plus (six-core graphics),3,3,32,256,NVMe,12.0,2,1.8,Yes,1/3.0,Yes,"Quad-LED dual-tone flash, HDR","4K@30fps, 1080p@30/60/120fps, 720p@240fps",7.0,No,"Face detection, HDR",1080p@30fps,"Wi-Fi 802.11 a/b/g/n/ac, dual-band, hotspot",Yes,4.2,Lightning,No,"GPS, GLONASS, GALILEO, QZSS","Fingerprint (front-mounted), accelerometer, gyro, proximity, compass, barometer",2900,,,No,,,,,,,,,,,"Jet Black, Black, Silver, Gold, Rose Gold, Red","A1661, A1784, A1785, A1786, iPhone9,4, iPhone9,2",1.19 W/kg (head) 1.19 W/kg (body),1.24 W/kg (head) 1.00 W/kg (body),No
Apple,Apple iPhone 7,https://www.gsmarena.com/apple_iphone_7-8064.php,https://fdn2.gsmarena.com/vv/bigpic/apple-iphone-7r4.jpg,GSM / CDMA / HSPA / EVDO / LTE,No,"2016, September 07. Released 2016, September 16",Discontinued,138.3 x 67.1 x 7.1 mm (5.44 x 2.64 x 0.28 in),138.0,Glass,IP67,Nano-SIM,"Retina IPS LCD, 625 nits (typ)",,4.7,750x1334,326,65.6,Ion-strengthened glass,"iOS 10.0.1, upgradable to iOS 15.8.5",Apple A10 Fusion (16 nm),16,Quad-core 2.34 GHz (2x Hurricane + 2x Zephyr),PowerVR Series7XT Plus (six-core graphics),2,2,32,256,NVMe,12.0,1,1.8,Yes,1/3.0,Yes,"Quad-LED dual-tone flash, HDR","4K@30fps, 1080p@30/60/120fps, 720p@240fps",7.0,No,"Face detection, HDR, panorama",1080p@30fps,"Wi-Fi 802.11 a/b/g/n/ac, dual-band, hotspot",Yes,4.2,Lightning,No,"GPS, GLONASS, GALILEO, QZSS","Fingerprint (front-mounted), accelerometer, gyro, proximity, compass, barometer",1960,,,No,,,,,,,,,,,"Jet Black, Black, Silver, Gold, Rose Gold, Red","A1660, A1778, A1779, A1780, A1853, A1866, iPhone9,1, iPhone9,3",1.19 W/kg (head) 1.19 W/kg (body),1.38 W/kg (head) 1.34 W/kg (body),No
Apple,Apple iPad Pro 9.7 (2016),https://www.gsmarena.com/apple_ipad_pro_9_7_(2016)-7984.php,https://fdn2.gsmarena.com/vv/bigpic/apple-ipad-pro-97.jpg,GSM / CDMA / HSPA / EVDO / LTE,No,"2016, March. Released 2016, March",Discontinued,240 x 169.5 x 6.1 mm (9.45 x 6.67 x 0.24 in),437.0,Glass,,Nano-SIM + eSIM,IPS LCD,,9.7,1536x2048,264,71.6,"Scratch-resistant glass, oleophobic coat","iOS 9.3.2, upgradable to iPadOS 16.7.12",Apple A9X (16 nm),16,Dual-core 2.16 GHz (Twister),PowerVR Series 7 (12-core graphics),2,2,32,256,,12.0,1,2.2,No,1/3.0,Yes,"Dual-LED dual-tone flash, HDR","4K@30fps, 1080p@30/60fps, 1080p@120fps, 720p@240fps",5.0,No,"Face detection, HDR, panorama",1080p@30fps,"Wi-Fi 802.11 a/b/g/n/ac, dual-band, hotspot",Yes,4.2,Lightning,Yes,"GPS, GLONASS (Wi‑Fi + Cellular model only)","Fingerprint (front-mounted), accelerometer, gyro, compass, barometer",7306,,,No,,,,,,,,,,,"Silver, Gold, Space Gray, Rose Gold","A1673, A1674, A1675, iPad6,4, iPad6,3",1.19 W/kg (body),0.99 W/kg (body),No
Apple,Apple iPhone SE,https://www.gsmarena.com/apple_iphone_se-7969.php,https://fdn2.gsmarena.com/vv/bigpic/apple-iphone-5se-ofic.jpg,GSM / CDMA / HSPA / EVDO / LTE,No,"2016, March 21. Released 2016, March 31",Discontinued,123.8 x 58.6 x 7.6 mm (4.87 x 2.31 x 0.30 in),113.0,Glass,,Nano-SIM,IPS LCD,,4.0,640x1136,326,60.8,,"iOS 9.3.2, upgradable to iOS 15.8.5",Apple A9 (14 nm),14,Dual-core 1.84 GHz Twister,PowerVR GT7600 (six-core graphics),2,2,16,128,NVMe,12.0,1,2.2,No,1/3.0,Yes,"Dual-LED dual-tone flash, HDR","4K@30fps, 1080p@30/60fps, 1080p@120fps, 720p@240fps",1.2,No,"Face detection, HDR, panorama",720p@30fps,"Wi-Fi 802.11 a/b/g/n/ac, hotspot",Yes,4.2,Lightning,Yes,"GPS, GLONASS","Fingerprint (front-mounted), accelerometer, gyro, proximity, compass",1624,,,No,,,,,,,,,,,"Space Gray, Silver, Gold, Rose Gold","A1662, A1723, A1724, iPhone8,4",1.17 W/kg (head) 1.19 W/kg (body),0.72 W/kg (head) 0.97 W/kg (body),No
Apple,Apple iPhone 6s Plus,https://www.gsmarena.com/apple_iphone_6s_plus-7243.php,https://fdn2.gsmarena.com/vv/bigpic/apple-iphone-6s-plus.jpg,GSM / CDMA / HSPA / EVDO / LTE,No,"2015, September 09. Released 2015, September 25",Discontinued,158.2 x 77.9 x 7.3 mm (6.23 x 3.07 x 0.29 in),192.0,Glass,,Nano-SIM,IPS LCD,,5.5,1080x1920,401,67.7,"Ion-strengthened glass, oleophobic coati","iOS 9, upgradable to iOS 15.8.5",Apple A9 (14/16 nm - maker dependant),,Dual-core 1.84 GHz Twister,PowerVR GT7600 (six-core graphics),2,2,16,128,NVMe,12.0,1,2.2,Yes,1/3.0,Yes,"Dual-LED dual-tone flash, HDR","4K@30fps, 1080p@60fps, 1080p@120fps, 720p@240fps",5.0,No,"Face detection, HDR, panorama",720p@30fps,"Wi-Fi 802.11 a/b/g/n/ac, dual-band, hotspot",Yes,4.2,Lightning,Yes,"GPS, GLONASS, GALILEO, QZSS","Fingerprint (front-mounted), accelerometer, gyro, proximity, compass, barometer",2750,,,No,,,,,,,,,,,"Space Gray, Silver, Gold, Rose Gold","A1634, A1687, A1690, A1699, iPhone8,2",1.12 W/kg (head) 1.14 W/kg (body),0.93 W/kg (head) 0.98 W/kg (body),No
Apple,Apple iPhone 6s,https://www.gsmarena.com/apple_iphone_6s-7242.php,https://fdn2.gsmarena.com/vv/bigpic/apple-iphone-6s1.jpg,GSM / CDMA / HSPA / EVDO / LTE,No,"2015, September 09. Released 2015, September 25",Discontinued,138.3 x 67.1 x 7.1 mm (5.44 x 2.64 x 0.28 in),143.0,Glass,,Nano-SIM,"IPS LCD, 500 nits",,4.7,750x1334,326,65.6,"Ion-strengthened glass, oleophobic coati","iOS 9, upgradable to iOS 15.8.5",Apple A9 (14/16 nm - maker dependant),,Dual-core 1.84 GHz Twister,PowerVR GT7600 (six-core graphics),2,2,16,128,,12.0,1,2.2,No,1/3.0,Yes,"Dual-LED dual-tone flash, HDR","4K@30fps, 1080p@60fps,1080p@120fps, 720p@240fps",5.0,No,"Face detection, HDR, panorama",720p@30fps,"Wi-Fi 802.11 a/b/g/n/ac, dual-band, hotspot",Yes,4.2,Lightning,Yes,"GPS, GLONASS, GALILEO, QZSS","Fingerprint (front-mounted), accelerometer, gyro, proximity, compass, barometer",1715,,,No,,,,,,,,,,,"Space Gray, Silver, Gold, Rose Gold","A1633, A1688, A1691, A1700, iPhone8,1",1.14 W/kg (head) 1.14 W/kg (body),0.87 W/kg (head) 0.98 W/kg (body),No
Apple,Apple iPad Pro 12.9 (2015),https://www.gsmarena.com/apple_ipad_pro_12_9_(2015)-7562.php,https://fdn2.gsmarena.com/vv/bigpic/apple-ipad-pro-.jpg,GSM / CDMA / HSPA / EVDO / LTE,No,"2015, September. Released 2015, November",Discontinued,305.7 x 220.6 x 6.9 mm (12.04 x 8.69 x 0.27 in),713.0,,,Nano-SIM + eSIM,IPS LCD,,12.9,2048x2732,264,77.0,"Scratch-resistant glass, oleophobic coat","iOS 9, upgradable to iPadOS 16.7.14",Apple A9X (16 nm),16,Dual-core 2.26 GHz (Twister),PowerVR Series 7 (12-core graphics),4,4,32,256,,8.0,1,2.4,No,,No,HDR,"1080p@30fps, 720p@120fps, HDR, stereo sound rec.",1.2,No,"face detection, HDR, FaceTime over Wi-Fi or Cellular",720p@30fps,"Wi-Fi 802.11 a/b/g/n/ac, dual-band, hotspot",Yes,4.0,Lightning,Yes,"GPS, GLONASS (Wi‑Fi + Cellular model only)","Fingerprint (front-mounted), accelerometer, gyro, compass, barometer",307,,,No,,,,,,,,,,,"Space Gray, Silver, Gold","A1584, A1652, iPad6,7, iPad6,8",,,No
Apple,Apple iPad mini 4 (2015),https://www.gsmarena.com/apple_ipad_mini_4_(2015)-7561.php,https://fdn2.gsmarena.com/vv/bigpic/ipad-mini-41.jpg,GSM / CDMA / HSPA / EVDO / LTE,No,"2015, September. Released 2015, September",Discontinued,203.2 x 134.8 x 6.1 mm (8.0 x 5.31 x 0.24 in),299.0,Glass,,Nano-SIM + eSIM,IPS LCD,,7.9,1536x2048,324,70.6,"Scratch-resistant glass, oleophobic coat","iOS 9, upgradable to iPadOS 15.8.5",Apple A8 (20 nm),20,Dual-core 1.5 GHz Typhoon,PowerVR GX6450 (quad-core graphics),2,2,16,128,,8.0,1,2.4,No,,No,HDR,1080p@30fps,1.2,No,HDR,720p@30fps,"Wi-Fi 802.11 a/b/g/n/ac, dual-band, hotspot",No,4.0,Lightning,Yes,"GPS, GLONASS (3G/LTE model only)","Fingerprint (front-mounted), accelerometer, gyro, compass, barometer",5124,,,No,,,,,,,,,,,"Space Gray, Silver, Gold","A1538, A1550, iPad5,1, iPad5,2",1.18 W/kg (body),0.42 W/kg (body),No
Apple,Apple Watch Edition 42mm (1st gen),https://www.gsmarena.com/apple_watch_edition_42mm_(1st_gen)-7698.php,https://fdn2.gsmarena.com/vv/bigpic/apple-watch-edition-42mm.jpg,No cellular connectivity,No,"2014, September. Released 2015, July",Discontinued,42 x 35.9 x 10.5 mm (1.65 x 1.41 x 0.41 in),69.0,Ceramic,,No,"Retina OLED, 450 nits (peak)",,1.65,390x312,303,,Sapphire crystal glass,"watchOS 1.0, upgradable to watchOS 4.3.2",Apple S1 (28 nm),28,520 MHz Cortex-A7,PowerVR SGX543,,,8,8,,,,,No,,No,,,,No,,,Wi-Fi 802.11 b/g/n,Yes,4.0,No,No,No,"Accelerometer, gyro, heart rate",250,,,No,,,,,,,,,,,"18-karat Rose Gold/White, Midnight Blue Buckle 18-karat Yellow Gold/Black, Black Buckle",A1554,,,No
Apple,Apple Watch Edition 38mm (1st gen),https://www.gsmarena.com/apple_watch_edition_38mm_(1st_gen)-7697.php,https://fdn2.gsmarena.com/vv/bigpic/apple-watch-edition-38mm.jpg,No cellular connectivity,No,"2014, September. Released 2015, July",Discontinued,38.6 x 33.3 x 10.5 mm (1.52 x 1.31 x 0.41 in),55.0,Ceramic,,No,"Retina OLED, 450 nits (peak)",,1.5,340x272,290,,Sapphire crystal glass,"watchOS 1.0, upgradable to watchOS 4.3.2",Apple S1 (28 nm),28,520 MHz Cortex-A7,PowerVR SGX543,,,8,8,,,,,No,,No,,,,No,,,Wi-Fi 802.11 b/g/n,Yes,4.0,No,No,No,"Accelerometer, gyro, heart rate",205,,,No,,,,,,,,,,,"18-karat Rose Gold/White, Rose Gray Buckle 18-karat Yellow Gold/Black, Red Buckle",A1553,,,No
Apple,Apple Watch 42mm (1st gen),https://www.gsmarena.com/apple_watch_42mm_(1st_gen)-7696.php,https://fdn2.gsmarena.com/vv/bigpic/apple-watch-42mm.jpg,No cellular connectivity,No,"2014, September. Released 2015, April",Discontinued,42 x 35.9 x 10.5 mm (1.65 x 1.41 x 0.41 in),50.0,Ceramic,,No,"Retina OLED, 450 nits (peak)",,1.65,390x312,303,,Sapphire crystal glass,"watchOS 1.0, upgradable to watchOS 4.3.2",Apple S1 (28 nm),28,520 MHz Cortex-A7,PowerVR SGX543,,,8,8,,,,,No,,No,,,,No,,,Wi-Fi 802.11 b/g/n,Yes,4.0,No,No,No,"Accelerometer, gyro, heart rate",250,,,No,,,,,,,,,,,"Stainless Steel/Red, White, Brown/Black/Blue/Marine Blue Buckle, Blue/Stone/White/Storm Gray Leather Loop, Silver/Space Black Milanese Loop, Link Bracelet, Space Black Stainless Steel/Black, Black Link Bracelet, Pearl Woven Nylon",A1554,,,No
Apple,Apple Watch 38mm (1st gen),https://www.gsmarena.com/apple_watch_38mm_(1st_gen)-7695.php,https://fdn2.gsmarena.com/vv/bigpic/apple-watch-38mm.jpg,No cellular connectivity,No,"2014, September. Released 2015, May",Discontinued,38.6 x 33.3 x 10.5 mm (1.52 x 1.31 x 0.41 in),40.0,Ceramic,,No,"Retina OLED, 450 nits (peak)",,1.5,340x272,290,,Sapphire crystal glass,"watchOS 1.0, upgradable to watchOS 4.3.2",Apple S1 (28 nm),28,520 MHz Cortex-A7,PowerVR SGX543,,,8,8,,,,,No,,No,,,,No,,,Wi-Fi 802.11 b/g/n,Yes,4.0,No,No,No,"Accelerometer, gyro, heart rate",205,,,No,,,,,,,,,,,"Stainless Steel/Red, White, Brown/Black/Blue/Red/Marigold/Jay Buckle, Blue/Stone Leather Loop, Silver/Space Black Milanese Loop, Link Bracelet, Space Black Stainless Steel/Black, Black Link Bracelet, Pearl Woven Nylon",A1553,,,No
Apple,Apple Watch Sport 42mm (1st gen),https://www.gsmarena.com/apple_watch_sport_42mm_(1st_gen)-7694.php,https://fdn2.gsmarena.com/vv/bigpic/apple-watch-sport-42mm2.jpg,No cellular connectivity,No,"2014, September. Released 2015, April",Discontinued,42 x 35.9 x 10.5 mm (1.65 x 1.41 x 0.41 in),30.0,Glass,,No,"Retina OLED, 450 nits (peak)",,1.65,390x312,302,,Ion-X strengthened glass,"watchOS 1.0, upgradable to watchOS 4.3.2",Apple S1 (28 nm),28,520 MHz Cortex-A7,PowerVR SGX543,,,8,8,,,,,No,,No,,,,No,,,Wi-Fi 802.11 b/g/n,Yes,4.0,No,No,No,"Accelerometer, gyro, heart rate",250,,,No,,,,,,,,,,,"Silver/White, Orange, Blue; Gray/Black; Rose Gold/Lavender, Stone; Gold/White, Blue, Yellow, Apricot, Royal Blue, Pink/Royal Blue/Gold&Red/Black Woven Nylon",A1554,,,No
Apple,Apple Watch Sport 38mm (1st gen),https://www.gsmarena.com/apple_watch_sport_38mm_(1st_gen)-7693.php,https://fdn2.gsmarena.com/vv/bigpic/apple-watch-sport-38mm.jpg,No cellular connectivity,No,"2014, September. Released 2015, April",Discontinued,38.6 x 33.3 x 10.5 mm (1.52 x 1.31 x 0.41 in),25.0,Glass,,No,"Retina OLED, 450 nits (peak)",,1.5,340x272,290,,Ion-X strengthened glass,"watchOS 1.0, upgradable to watchOS 4.3.2",Apple S1 (28 nm),28,520 MHz Cortex-A7,PowerVR SGX543,,,8,8,,,,,No,,No,,,,No,,,Wi-Fi 802.11 b/g/n,Yes,4.0,No,No,No,"Accelerometer, gyro, heart rate",205,,,No,,,,,,,,,,,"Silver/White, Orange, Blue; Gray/Black; Rose Gold/Lavender, Stone; Gold/White, Blue, Yellow, Apricot, Royal Blue, Pink/Royal Blue/Gold&Red/Black Woven Nylon",A1553,,,No
Apple,Apple iPad Air 2,https://www.gsmarena.com/apple_ipad_air_2-6742.php,https://fdn2.gsmarena.com/vv/bigpic/apple-ipad-air-2-new.jpg,GSM / CDMA / HSPA / EVDO / LTE,No,"2014, October 16. Released 2014, October 24",Discontinued,240 x 169.5 x 6.1 mm (9.45 x 6.67 x 0.24 in),437.0,Glass,,Nano-SIM + eSIM (cellular model only),IPS LCD,,9.7,1536x2048,264,71.6,"Scratch-resistant glass, oleophobic coat","iOS 8.1, upgradable to iPadOS 15.8.5",Apple A8X (20 nm),20,Triple-core 1.5 GHz Typhoon,PowerVR GXA6850 (octa-core graphics),2,2,16,128,,8.0,1,2.4,No,,No,HDR,"1080p@30fps, 720p@120fps, HDR, stereo sound rec.",1.2,No,"face detection, HDR, FaceTime over Wi-Fi or Cellular",720p@30fps,"Wi-Fi 802.11 a/b/g/n/ac, dual-band, hotspot",No,4.0,Lightning,Yes,"GPS, GLONASS - cellular model only","Fingerprint (front-mounted), accelerometer, gyro, compass, barometer",7340,,,No,,,,,,,,,,,"Space Gray, Silver, Gold","A1566, A1567, iPad5,3, iPad5,4",,,No
Apple,Xiaomi 17T Pro,https://www.gsmarena.com/xiaomi_17t_pro_5g-14651.php,https://fdn2.gsmarena.com/vv/bigpic/xiaomi-17t-pro-.jpg,GSM / HSPA / LTE / 5G,Yes,"2026, May 28","Coming soon. Exp. release 2026, June",162.2 x 77.5 x 8.3 mm,219.0,Glass,IP68,· Nano-SIM + Nano-SIM + eSIM + eSIM (max 2 at a time) · Nano-SIM + Nano-SIM,"AMOLED, 68B colors, 144Hz, 3840Hz PWM, Dolby Vision, HDR10+, 3500 nits (peak)",144,6.83,1280x2772,447,91.1,Gorilla Glass 7i,"Android 16, HyperOS 3",Mediatek Dimensity 9500 (3 nm),3,Octa-core (1x4.21 GHz C1-Ultra & 3x3.5 GHz C1-Premium & 4x2.7 GHz C1-Pro),Mali-G1 Ultra MC12,12,12,256,512,UFS 4.1,50.0,3,1.7,Yes,1/1.31,Yes,"Leica lens, Color spectrum sensor, Ultra HDR, LED flash, HDR, panorama","8K@30fps, 4K@30/60/120fps, 1080p@30/60/120/240/960fps, gyro-EIS, 10-bit Rec. 2020, HDR10+, Log",32.0,Yes,HDR,"4K@30fps, 1080p@30/60fps, HDR10+","Wi-Fi 802.11 a/b/g/n/ac/6e/7, dual-band, Wi-Fi Direct",Yes,6.0,Type-C,No,"GPS (L1+L5), BDS (B1I+B1C+B2a+B2b), GALILEO (E1+E5a+E5b), QZSS (L1+L5), NavIC (L5), GLONASS","Fingerprint (under display, optical), accelerometer, gyro, proximity, compass",7000,100,50,No,,,,,,2795030,9766,6939,1069,,"Deep Blue, Deep Violet, Black",2602EPTC0G,,,No
Apple,Xiaomi 17T,https://www.gsmarena.com/xiaomi_17t_5g-14652.php,https://fdn2.gsmarena.com/vv/bigpic/xiaomi-17t-.jpg,GSM / HSPA / LTE / 5G,Yes,"2026, May 28","Coming soon. Exp. release 2026, June",157.6 x 75.2 x 8.2 mm,200.0,Glass,IP68,· Nano-SIM + Nano-SIM + eSIM + eSIM (max 2 at a time) · Nano-SIM + Nano-SIM,"AMOLED, 68B colors, 120Hz, 3840Hz PWM, Dolby Vision, HDR10+, 3500 nits (peak)",120,6.59,1268x2756,460,89.8,Gorilla Glass 7i,"Android 16, HyperOS 3",Mediatek Dimensity 8500 Ultra (4 nm),4,Octa-core (1x3.4 GHz Cortex-A725 & 3x3.2 GHz Cortex-A725 & 4x2.2 GHz Cortex-A725),Mali-G720 MC8,12,12,256,512,UFS 4.1,50.0,3,1.7,Yes,1/1.55,Yes,"Leica lens, Color spectrum sensor, Ultra HDR, LED flash, HDR, panorama","4K@30/60fps, 1080p@30/60/120/240/960fps, gyro-EIS, 10-bit Rec. 2020, HDR10+, Log",32.0,Yes,HDR,"4K@30fps, 1080p@30/60fps, HDR10+","Wi-Fi 802.11 a/b/g/n/ac/6e, dual-band or tri-band, Wi-Fi Direct",Yes,6.0,Type-C,No,"GPS (L1+L5), BDS (B1I+B1c+B2a), GALILEO (E1+E5a), QZSS (L1+L5), NavIC (L5), GLONASS","Fingerprint (under display, optical), accelerometer, gyro, proximity, compass",6500,67,,No,Active use score 17:16h,,,,,1640834,6607,3563,1035,-24.6,"Violet, Blue, Opal White, Black","2602DPT53G, 2602DPT53I",,,No
Apple,Xiaomi 17T Pro,https://www.gsmarena.com/xiaomi_17t_pro-14651.php,https://fdn2.gsmarena.com/vv/bigpic/xiaomi-17t-pro-.jpg,GSM / HSPA / LTE / 5G,Yes,"2026, May 28","Coming soon. Exp. release 2026, June",162.2 x 77.5 x 8.3 mm,219.0,Glass,IP68,· Nano-SIM + Nano-SIM + eSIM + eSIM (max 2 at a time) · Nano-SIM + Nano-SIM,"AMOLED, 68B colors, 144Hz, 3840Hz PWM, Dolby Vision, HDR10+, 3500 nits (peak)",144,6.83,1280x2772,447,91.1,Gorilla Glass 7i,"Android 16, HyperOS 3",Mediatek Dimensity 9500 (3 nm),3,Octa-core (1x4.21 GHz C1-Ultra & 3x3.5 GHz C1-Premium & 4x2.7 GHz C1-Pro),Mali-G1 Ultra MC12,12,12,256,512,UFS 4.1,50.0,3,1.7,Yes,1/1.31,Yes,"Leica lens, Color spectrum sensor, Ultra HDR, LED flash, HDR, panorama","8K@30fps, 4K@30/60/120fps, 1080p@30/60/120/240/960fps, gyro-EIS, 10-bit Rec. 2020, HDR10+, Log",32.0,Yes,HDR,"4K@30fps, 1080p@30/60fps, HDR10+","Wi-Fi 802.11 a/b/g/n/ac/6e/7, dual-band, Wi-Fi Direct",Yes,6.0,Type-C,No,"GPS (L1+L5), BDS (B1I+B1C+B2a+B2b), GALILEO (E1+E5a+E5b), QZSS (L1+L5), NavIC (L5), GLONASS","Fingerprint (under display, optical), accelerometer, gyro, proximity, compass",7000,100,50,No,,,,,,2795030,9766,6939,1069,,"Deep Blue, Deep Violet, Black",2602EPTC0G,,,No
Apple,Apple iPad mini 3,https://www.gsmarena.com/apple_ipad_mini_3-6741.php,https://fdn2.gsmarena.com/vv/bigpic/apple-ipad-mini-3-new.jpg,GSM / CDMA / HSPA / EVDO / LTE,No,"2014, October. Released 2014, October",Discontinued,200 x 134.7 x 7.5 mm (7.87 x 5.30 x 0.30 in),331.0,,,Nano-SIM + eSIM (cellular model only),IPS LCD,,7.9,1536x2048,324,71.7,Oleophobic coating,"iOS 8.1, upgradable to iPadOS 12.5.8",Apple A7 (28 nm),28,Dual-core 1.3 GHz Cyclone (ARM v8-based),PowerVR G6430 (quad-core graphics),1,1,16,128,,5.0,1,2.4,No,,No,HDR,1080p@30fps,1.2,No,"face detection, FaceTime over Wi-Fi or Cellular",720p@30fps,"Wi-Fi 802.11 a/b/g/n, dual-band",No,4.0,Lightning,Yes,"GPS, GLONASS - cellular model only","Fingerprint (front-mounted), accelerometer, gyro, compass",6470,,,No,,,,,,,,,,,"Space Gray/Black, Silver/White, Gold","A1599, A1600, iPad4,7, iPad4,8, iPad4,9",,,No
Apple,Apple iPhone 6 Plus,https://www.gsmarena.com/apple_iphone_6_plus-6665.php,https://fdn2.gsmarena.com/vv/bigpic/apple-iphone-6-plus2.jpg,GSM / CDMA / HSPA / EVDO / LTE,No,"2014, September 09. Released 2014, September 19",Discontinued,158.1 x 77.8 x 7.1 mm (6.22 x 3.06 x 0.28 in),172.0,Glass,,Nano-SIM,IPS LCD,,5.5,1080x1920,401,67.8,"Ion-strengthened glass, oleophobic coati","iOS 8, upgradable to iOS 12.5.8",Apple A8 (20 nm),20,Dual-core 1.4 GHz Typhoon (ARM v8-based),PowerVR GX6450 (quad-core graphics),1,1,16,128,,8.0,1,2.2,Yes,1/3.0,No,"Dual-LED dual-tone flash, HDR","1080p@60fps, 720p@240fps",1.2,No,"face detection, HDR, FaceTime over Wi-Fi or Cellular",720p@30fps,"Wi-Fi 802.11 a/b/g/n/ac, dual-band, hotspot",Yes,4.0,Lightning,Yes,"GPS, GLONASS","Fingerprint (front-mounted), accelerometer, gyro, proximity, compass, barometer",2915,,,No,,,,,,,,,,,"Space Gray, Silver, Gold","A1522, A1524, iPhone7,1",1.19 W/kg (head) 1.19 W/kg (body),0.99 W/kg (head) 0.91 W/kg (body),No
Apple,Apple iPhone 6,https://www.gsmarena.com/apple_iphone_6-6378.php,https://fdn2.gsmarena.com/vv/bigpic/apple-iphone-6-4.jpg,GSM / CDMA / HSPA / EVDO / LTE,No,"2014, September 09. Released 2014, September 19",Discontinued,138.1 x 67 x 6.9 mm (5.44 x 2.64 x 0.27 in),129.0,Glass,,Nano-SIM,IPS LCD,,4.7,750x1334,326,65.8,"Ion-strengthened glass, oleophobic coati","iOS 8, upgradable to iOS 12.5.8",Apple A8 (20 nm),20,Dual-core 1.4 GHz Typhoon (ARM v8-based),PowerVR GX6450 (quad-core graphics),1,1,16,128,,8.0,1,2.2,No,1/3.0,No,"Dual-LED dual-tone flash, HDR","1080p@60fps, 720p@240fps",1.2,No,"face detection, HDR, FaceTime over Wi-Fi or Cellular",720p@30fps,"Wi-Fi 802.11 a/b/g/n/ac, dual-band, hotspot",Yes,4.0,Lightning,Yes,"GPS, GLONASS","Fingerprint (front-mounted), accelerometer, gyro, proximity, compass, barometer",1810,,,No,,,,,,,,,,,"Space Gray, Silver, Gold","A1549, A1586, A1589, A1522, A1524, A1593, iPhone7,2",1.18 W/kg (head) 1.18 W/kg (body),0.98 W/kg (head) 0.97 W/kg (body),No
Apple,Apple iPad Air,https://www.gsmarena.com/apple_ipad_air-5797.php,https://fdn2.gsmarena.com/vv/bigpic/apple-ipad-air.jpg,GSM / CDMA / HSPA / EVDO / LTE,No,"2013, October 22. Released 2013, November 01",Discontinued,240 x 169.5 x 7.5 mm (9.45 x 6.67 x 0.30 in),469.0,Glass,,Nano-SIM (cellular model only),IPS LCD,,9.7,1536x2048,264,71.6,"Scratch-resistant glass, oleophobic coat","iOS 7, upgradable to iPadOS 12.5.8",Apple A7 (28 nm),28,Dual-core 1.3 GHz Cyclone (ARM v8-based),PowerVR G6430 (quad-core graphics),1,1,16,128,,5.0,1,2.4,No,,No,HDR,1080p@30fps,1.2,No,"face detection, FaceTime over Wi-Fi or Cellular",720p@30fps,"Wi-Fi 802.11 a/b/g/n, dual-band, hotspot",No,4.0,Lightning,Yes,"GPS, GLONASS - cellular model only","Accelerometer, gyro, compass",8600,,,No,,,,,,,,,,,"Space Gray, Silver","A1474, A1475, A1476, iPad4,1, iPad4,2, iPad4,3",1.18 W/kg (body),0.99 W/kg (body),No
Apple,Apple iPad mini 2,https://www.gsmarena.com/apple_ipad_mini_2-5735.php,https://fdn2.gsmarena.com/vv/bigpic/apple-ipad-mini2.jpg,GSM / CDMA / HSPA / EVDO / LTE,No,"2013, October. Released 2013, November",Discontinued,200 x 134.7 x 7.5 mm (7.87 x 5.30 x 0.30 in),331.0,,,Nano-SIM (cellular model only),IPS LCD,,7.9,1536x2048,324,71.7,Oleophobic coating,"iOS 7, upgradable to iPadOS 12.5.8",Apple A7 (28 nm),28,Dual-core 1.3 GHz Cyclone (ARM v8-based),PowerVR G6430 (quad-core graphics),1,1,16,128,,5.0,1,2.4,No,,No,HDR,1080p@30fps,1.2,No,"face detection, FaceTime over Wi-Fi or Cellular",720p@30fps,"Wi-Fi 802.11 a/b/g/n, dual-band",No,4.0,Lightning,Yes,"GPS, GLONASS - cellular model only","Accelerometer, gyro, compass",6470,,,No,,,,,,,,,,,"Space Gray/Black, Silver/White","A1489, A1490, A1491, iPad4,6, iPad4,5, iPad4,4",1.19 W/kg (body),0.99 W/kg (body),No
Apple,Apple iPhone 5s,https://www.gsmarena.com/apple_iphone_5s-5685.php,https://fdn2.gsmarena.com/vv/bigpic/apple-iphone-5s-ofic.jpg,GSM / CDMA / HSPA / EVDO / LTE,No,"2013, September 10. Released 2013, September 20",Discontinued,123.8 x 58.6 x 7.6 mm (4.87 x 2.31 x 0.30 in),112.0,Glass,,Nano-SIM,IPS LCD,,4.0,640x1136,326,60.8,"Corning Gorilla Glass, oleophobic coatin","iOS 7, upgradable to iOS 12.5.8",Apple A7 (28 nm),28,Dual-core 1.3 GHz Cyclone (ARM v8-based),PowerVR G6430 (quad-core graphics),1,1,16,64,,8.0,1,2.2,No,1/3.0,No,"Dual-LED dual-tone flash, HDR","1080p@30fps, 720p@120fps",1.2,No,"face detection, HDR, FaceTime over Wi-Fi or Cellular",720p@30fps,"Wi-Fi 802.11 a/b/g/n, dual-band, hotspot",No,4.0,Lightning,Yes,"GPS, GLONASS","Fingerprint (front-mounted), accelerometer, gyro, proximity, compass",1560,,,No,,,,,,,,,,,"Space Gray, White/Silver, Gold","A1453, A1457, A1518, A1528, A1530, A1533, iPhone6,1, iPhone6,2",1.12 W/kg (head) 1.18 W/kg (body),1.00 W/kg (head) 0.80 W/kg (body),No
Apple,Apple iPhone 5c,https://www.gsmarena.com/apple_iphone_5c-5690.php,https://fdn2.gsmarena.com/vv/bigpic/apple-iphone-5c-new2.jpg,GSM / CDMA / HSPA / LTE,No,"2013, September 10. Released 2013, September 20",Discontinued,124.4 x 59.2 x 9 mm (4.90 x 2.33 x 0.35 in),132.0,Glass,,Nano-SIM,IPS LCD,,4.0,640x1136,326,59.9,,"iOS 7, upgradable to iOS 10.3.3",Apple A6 (32 nm),32,Dual-core 1.3 GHz Swift (ARM v7-based),PowerVR SGX 543MP3 (triple-core graphics),1,1,8,32,,8.0,1,2.4,No,1/3.2,No,"LED flash, panorama, HDR",1080p@30fps,1.2,No,"face detection, FaceTime over Wi-Fi or Cellular",720p@30fps,"Wi-Fi 802.11 a/b/g/n, dual-band",No,4.0,Lightning,Yes,"GPS, GLONASS","Accelerometer, gyro, proximity, compass",1510,,,No,,,,,,,,,,,"White, Blue, Green, Yellow, Pink","A1456, A1507, A1516, A1529, A1532, iPhone5,3, iPhone5,4",1.15 W/kg (head) 1.17 W/kg (body),1.00 W/kg (head) 0.96 W/kg (body),No
Apple,Apple iPad mini Wi-Fi,https://www.gsmarena.com/apple_ipad_mini_wi_fi-5070.php,https://fdn2.gsmarena.com/vv/bigpic/apple-ipad-mini-final.jpg,No cellular connectivity,No,"2012, October. Released 2012, November",Discontinued,200 x 134.7 x 7.2 mm (7.87 x 5.30 x 0.28 in),308.0,,,No,IPS LCD,,7.9,768x1024,162,71.7,Oleophobic coating,"iOS 6, upgradable to iOS 9.3.5",Apple A5 (45 nm),45,Dual-core 1.0 GHz Cortex-A9,PowerVR SGX543MP2,,,16,64,,5.0,1,,No,,No,,1080p@30fps,1.2,No,"Face detection, FaceTime over Wi-Fi",720p@30fps,"Wi-Fi 802.11 a/b/g/n, dual-band",No,4.0,Lightning,Yes,No,"Accelerometer, gyro, compass",4490,,,No,,,,,,,,,,,"Black/Slate, White/Silver","A1432, iPad2,5",,,No
Apple,Apple iPad mini Wi-Fi + Cellular,https://www.gsmarena.com/apple_ipad_mini_wi_fi_+_cellular-5061.php,https://fdn2.gsmarena.com/vv/bigpic/apple-ipad-mini-final.jpg,GSM / CDMA / HSPA / LTE,No,"2012, October. Released 2012, November",Discontinued,200 x 134.7 x 7.2 mm (7.87 x 5.30 x 0.28 in),312.0,,,Nano-SIM,IPS LCD,,7.9,768x1024,162,71.7,Oleophobic coating,"iOS 6, upgradable to iOS 9.3.6",Apple A5 (45 nm),45,Dual-core 1.0 GHz Cortex-A9,PowerVR SGX543MP2,,,16,64,,5.0,1,,No,,No,,1080p@30fps,1.2,No,"face detection, FaceTime over Wi-Fi or Cellular",720p@30fps,"Wi-Fi 802.11 a/b/g/n, dual-band",No,4.0,Lightning,Yes,"GPS, GLONASS","Accelerometer, gyro, compass",4490,,,No,,,,,,,,,,,"Black/Slate, White/Silver","A1454, A1455, iPad2,6, iPad2,7",,,No
Apple,Apple iPad 4 Wi-Fi,https://www.gsmarena.com/apple_ipad_4_wi_fi-5072.php,https://fdn2.gsmarena.com/vv/bigpic/apple-ipad-3-new.jpg,No cellular connectivity,No,"2012, October. Released 2012, November",Discontinued,241.2 x 185.7 x 9.4 mm (9.50 x 7.31 x 0.37 in),652.0,,,No,IPS LCD,,9.7,1536x2048,264,65.1,"Scratch-resistant glass, oleophobic coat","iOS 6, upgradable to iOS 10.3",Apple A6X (32 nm),32,Dual-core 1.4 GHz,PowerVR SGX554MP4 (quad-core graphics),1,1,16,128,,5.0,1,,No,,No,,1080p@30fps,1.2,No,"Face detection, FaceTime over Wi-Fi",720p@30fps,"Wi-Fi 802.11 a/b/g/n, dual-band",No,4.0,Lightning,Yes,No,"Accelerometer, gyro, compass",11560,,,No,,,,,,,,,,,"Black, White","A1458, iPad3,4",,,No
Apple,Apple iPad 4 Wi-Fi + Cellular,https://www.gsmarena.com/apple_ipad_4_wi_fi_+_cellular-5071.php,https://fdn2.gsmarena.com/vv/bigpic/apple-ipad-3-new.jpg,GSM / CDMA / HSPA / EVDO / LTE,No,"2012, October. Released 2012, November",Discontinued,241.2 x 185.7 x 9.4 mm (9.50 x 7.31 x 0.37 in),662.0,,,Micro-SIM,IPS LCD,,9.7,1536x2048,264,65.1,"Scratch-resistant glass, oleophobic coat","iOS 6, upgradable to iOS 10.3",Apple A6X (32 nm),32,Dual-core 1.4 GHz,PowerVR SGX554MP4 (quad-core graphics),1,1,16,128,,5.0,1,,No,,No,,1080p@30fps,1.2,No,"face detection, FaceTime over Wi-Fi or Cellular",720p@30fps,"Wi-Fi 802.11 a/b/g/n, dual-band, hotspot",No,4.0,Lightning,Yes,"GPS, GLONASS","Accelerometer, gyro, compass",11560,,,No,,,,,,,,,,,"Black, White","A1459, A1460, iPad3,5, iPad3,6",,,No
Apple,Apple iPhone 5,https://www.gsmarena.com/apple_iphone_5-4910.php,https://fdn2.gsmarena.com/vv/bigpic/apple-iphone-5-ofic.jpg,GSM / CDMA / HSPA / EVDO / LTE,No,"2012, September 12. Released 2012, September 21",Discontinued,123.8 x 58.6 x 7.6 mm (4.87 x 2.31 x 0.30 in),112.0,Glass,,Nano-SIM,IPS LCD,,4.0,640x1136,326,60.8,"Corning Gorilla Glass, oleophobic coatin","iOS 6, upgradable to iOS 10.3.4",Apple A6 (32 nm),32,Dual-core 1.3 GHz Swift (ARM v7-based),PowerVR SGX 543MP3 (triple-core graphics),1,1,16,64,,8.0,1,2.4,No,1/3.2,No,"LED flash, panorama, HDR",1080p@30fps,1.2,No,"face detection, FaceTime over Wi-Fi or Cellular",720p@30fps,"Wi-Fi 802.11 a/b/g/n, dual-band, hotspot",,4.0,Lightning,Yes,"GPS, A-GPS, GLONASS","Accelerometer, gyro, proximity, compass",1440,,,No,,,,,,,,,,,"Black/Slate, White/Silver","A1428, A1429, A1442, iPhone5,1, iPhone5,2",1.18 W/kg (head) 1.18 W/kg (body),0.95 W/kg (head) 0.90 W/kg (body),No
Apple,Apple iPad 3 Wi-Fi + Cellular,https://www.gsmarena.com/apple_ipad_3_wi_fi_+_cellular-4620.php,https://fdn2.gsmarena.com/vv/bigpic/apple-ipad-3-new.jpg,GSM / CDMA / HSPA / EVDO / LTE,No,"2012, March. Released 2012, March 16",Discontinued,241.2 x 185.7 x 9.4 mm (9.50 x 7.31 x 0.37 in),662.0,,,Micro-SIM,IPS LCD,,9.7,1536x2048,264,65.1,"Scratch-resistant glass, oleophobic coat","iOS 5.1, upgradable to iOS 9.3.5",Apple A5X (45 nm),45,Dual-core 1.0 GHz Cortex-A9,PowerVR SGX543MP4 (quad-core graphics),1,1,16,64,,5.0,1,,No,,No,,1080p@30fps,,No,,480p@30fps,"Wi-Fi 802.11 a/b/g/n, dual-band, hotspot",,4.0,2.0,Yes,"GPS, A-GPS","Accelerometer, gyro, compass",11560,,,No,,,,,,,,,,,"Black, White","A1430, A1403, iPad3,2, iPad3,3",,,No
Apple,Apple iPad 3 Wi-Fi,https://www.gsmarena.com/apple_ipad_3_wi_fi-4621.php,https://fdn2.gsmarena.com/vv/bigpic/apple-ipad-3-new.jpg,No cellular connectivity,No,"2012, March. Released 2012, March 16",Discontinued,241.2 x 185.7 x 9.4 mm (9.50 x 7.31 x 0.37 in),652.0,,,No,IPS LCD,,9.7,1536x2048,264,65.1,"Scratch-resistant glass, oleophobic coat","iOS 5.1, upgradable to iOS 9.3.5",Apple A5X (45 nm),45,Dual-core 1.0 GHz Cortex-A9,PowerVR SGX543MP4 (quad-core graphics),1,1,16,64,,5.0,1,,No,,No,,1080p@30fps,,No,,480p@30fps,"Wi-Fi 802.11 a/b/g/n, dual-band",,4.0,2.0,Yes,No,"Accelerometer, gyro, compass",11560,,,No,,,,,,,,,,,"Black, White","A1416, iPad3,1",,,No
Apple,Apple iPhone 4s,https://www.gsmarena.com/apple_iphone_4s-4212.php,https://fdn2.gsmarena.com/vv/bigpic/apple-iphone-4s-new.jpg,GSM / CDMA / HSPA / EVDO,No,"2011, October 04. Released 2011, October 14",Discontinued,115.2 x 58.6 x 9.3 mm (4.54 x 2.31 x 0.37 in),140.0,Glass,,Micro-SIM,IPS LCD,,3.5,640x960,330,54.0,"Corning Gorilla Glass, oleophobic coatin","iOS 5, upgradable to iOS 9.3.6",Apple A5 (45 nm),45,Dual-core 1.0 GHz Cortex-A9,PowerVR SGX543MP2,,,8,64,,8.0,1,2.4,No,1/3.2,No,"LED flash, panorama, HDR",1080p@30fps,,No,,480p@30fps,"Wi-Fi 802.11 b/g/n, hotspot",,4.0,2.0,Yes,"GPS, A-GPS, GLONASS","Accelerometer, gyro, proximity, compass",1432,,,No,,,,,,,,,,,"Black, White","A1431, A1387, iPhone4,1",1.18 W/kg (head) 0.98 W/kg (body),0.99 W/kg (head) 0.99 W/kg (body),No
Apple,Apple iPad 2 Wi-Fi + 3G,https://www.gsmarena.com/apple_ipad_2_wi_fi_+_3g-3848.php,https://fdn2.gsmarena.com/vv/bigpic/apple-ipad2-new.jpg,GSM / HSPA,No,"2011, March. Released 2011, March",Discontinued,241.2 x 185.7 x 8.8 mm (9.50 x 7.31 x 0.35 in),607.0,,,Micro-SIM,IPS LCD,,9.7,768x1024,132,65.1,"Scratch-resistant glass, oleophobic coat","iOS 4, upgradable to iOS 9.3.5",Apple A5 (45 nm),45,Dual-core 1.0 GHz Cortex-A9,PowerVR SGX543MP2,,,16,64,,0.7,1,,No,,No,,720p@30fps,,No,,,"Wi-Fi 802.11 a/b/g/n, dual-band",,2.1,2.0,Yes,"GPS, A-GPS","Accelerometer, gyro, compass",6930,,,No,,,,,,,,,,,"Black, White","A1396, A1397, iPad2,2",,1.19 W/kg (body),No
Apple,Apple iPad 2 Wi-Fi,https://www.gsmarena.com/apple_ipad_2_wi_fi-3847.php,https://fdn2.gsmarena.com/vv/bigpic/apple-ipad2-new.jpg,No cellular connectivity,No,"2011, March. Released 2011, March",Discontinued,241.2 x 185.7 x 8.8 mm (9.50 x 7.31 x 0.35 in),601.0,,,No,IPS LCD,,9.7,768x1024,132,65.1,"Scratch-resistant glass, oleophobic coat","iOS 4, upgradable to iOS 9.3.5",Apple A5 (45 nm),45,Dual-core 1.0 GHz Cortex-A9,PowerVR SGX543MP2,,,16,64,,0.7,1,,No,,No,,720p@30fps,,No,,,"Wi-Fi 802.11 a/b/g/n, dual-band",,2.1,2.0,Yes,No,"Accelerometer, gyro, compass",6930,,,No,,,,,,,,,,,"Black, White","A1395, iPad2,1, iPad2,4",,,No
Apple,Apple iPad 2 CDMA,https://www.gsmarena.com/apple_ipad_2_cdma-3849.php,https://fdn2.gsmarena.com/vv/bigpic/apple-ipad2-new.jpg,CDMA / EVDO,No,"2011, March. Released 2011, March",Discontinued,241.2 x 185.7 x 8.8 mm (9.50 x 7.31 x 0.35 in),607.0,,,Mini-SIM,IPS LCD,,9.7,768x1024,132,65.1,"Scratch-resistant glass, oleophobic coat","iOS 4, upgradable to iOS 9.2.1",Apple A5 (45 nm),45,Dual-core 1.0 GHz Cortex-A9,PowerVR SGX543MP2,,,16,64,,0.7,1,,No,,No,,720p@30fps,,No,,,"Wi-Fi 802.11 a/b/g/n, dual-band",,2.1,2.0,Yes,"GPS, A-GPS","Accelerometer, gyro, compass",6930,,,No,,,,,,,,,,,"Black, White","A1397, iPad2,3",,,No
Apple,Apple iPhone 4,https://www.gsmarena.com/apple_iphone_4-3275.php,https://fdn2.gsmarena.com/vv/bigpic/apple-iphone-4-ofic-final.jpg,GSM / HSPA,No,"2010, June. Released 2010, June",Discontinued,115.2 x 58.6 x 9.3 mm (4.54 x 2.31 x 0.37 in),137.0,Glass,,Micro-SIM,IPS LCD,,3.5,640x960,330,54.0,"Corning Gorilla Glass, oleophobic coatin","iOS 4, upgradable to iOS 7.1.2",Apple A4 (45 nm),45,1.0 GHz Cortex-A8,PowerVR SGX535,,,8,32,,5.0,1,2.8,No,1/3.2,No,"LED flash, HDR",720p@30fps,,No,,480p@30fps,"Wi-Fi 802.11 b/g/n, hotspot",,2.1,2.0,Yes,"GPS, A-GPS","Accelerometer, gyro, proximity, compass",1420,,,No,,,,,,,,,,,"Black, White","A1349, A1332, iPhone 3,1",1.17 W/kg (head) 1.11 W/kg (body),0.93 W/kg (head) 0.74 W/kg (body),No
Apple,Apple iPhone 4 CDMA,https://www.gsmarena.com/apple_iphone_4_cdma-3716.php,https://fdn2.gsmarena.com/vv/bigpic/apple-iphone4-cdma.jpg,CDMA / EVDO,No,"2011, January. Released 2011, February",Discontinued,115.2 x 58.6 x 9.3 mm (4.54 x 2.31 x 0.37 in),137.0,,,Micro-SIM,IPS LCD,,3.5,640x960,330,54.0,"Corning Gorilla Glass, oleophobic coatin","iOS 4, upgradable to iOS 7.1.1",Apple A4 (45 nm),45,1.0 GHz Cortex-A8,PowerVR SGX535,,,16,32,,5.0,1,,No,,No,"LED flash, HDR",720p@30fps,,No,,,Wi-Fi 802.11 b/g/n,,2.1,2.0,Yes,"GPS, A-GPS","Accelerometer, gyro, proximity, compass",1420,,,No,,,,,,,,,,,"Black, White","iPhone 3,3",1.18 W/kg (head) 0.87 W/kg (body),,No
Apple,Apple iPad Wi-Fi + 3G,https://www.gsmarena.com/apple_ipad_wi_fi_+_3g-3827.php,https://fdn2.gsmarena.com/vv/bigpic/apple-ipad-original.jpg,GSM / HSPA,No,"2010, January. Released 2010, March",Discontinued,242.8 x 189.7 x 13.4 mm (9.56 x 7.47 x 0.53 in),730.0,,,Micro-SIM,IPS LCD,,9.7,768x1024,132,63.3,"Scratch-resistant glass, oleophobic coat","iOS 4, upgradable to iOS 5.1.1",Apple A4 (45 nm),45,1.0 GHz Cortex-A8,PowerVR SGX535,,,16,64,,,,,No,,No,,,,No,,,"Wi-Fi 802.11 a/b/g/n, dual-band",,2.1,2.0,Yes,"GPS, A-GPS","Accelerometer, compass",6600,,,No,,,,,,,,,,,Silver,"iPad1,2",,,No
Apple,Apple iPad Wi-Fi,https://www.gsmarena.com/apple_ipad_wi_fi-3828.php,https://fdn2.gsmarena.com/vv/bigpic/apple-ipad-original.jpg,No cellular connectivity,No,"2010, January. Released 2010, March",Discontinued,242.8 x 189.7 x 13.4 mm (9.56 x 7.47 x 0.53 in),680.0,,,No,IPS LCD,,9.7,768x1024,132,63.3,"Scratch-resistant glass, oleophobic coat","iOS 4, upgradable to iOS 5.1.1",Apple A4 (45 nm),45,1.0 GHz Cortex-A8,PowerVR SGX535,,,16,64,,,,,No,,No,,,,No,,,"Wi-Fi 802.11 a/b/g/n, dual-band",,2.1,2.0,Yes,No,Accelerometer,6600,,,No,,,,,,,,,,,Silver,"iPad1,1",,,No
Apple,Apple iPhone 3GS,https://www.gsmarena.com/apple_iphone_3gs-2826.php,https://fdn2.gsmarena.com/vv/bigpic/apple-iphone-3gs-ofic.jpg,GSM / HSPA,No,"2009, June. Released 2009, June",Discontinued,115.5 x 62.1 x 12.3 mm (4.55 x 2.44 x 0.48 in),135.0,,,Mini-SIM,TFT,,3.5,320x480,165,50.9,"Corning Gorilla Glass, oleophobic coatin","iOS 3, upgradable to iOS 6.1.6",,,600 MHz Cortex-A8,PowerVR SGX535,,,8,32,,3.15,1,2.8,No,,No,,480p@30fps,,No,,,Wi-Fi 802.11 b/g,,2.1,2.0,Yes,"GPS, A-GPS","Accelerometer, proximity, compass",1400,,,No,,,,,,,,,,,"Black, White","A1325, A1303, iPhone2,1",0.26 W/kg (head) 0.79 W/kg (body),0.45 W/kg (head) 0.40 W/kg (body),No
Apple,Apple iPhone 3G,https://www.gsmarena.com/apple_iphone_3g-2424.php,https://fdn2.gsmarena.com/vv/bigpic/apple-iphone3g.jpg,GSM / HSPA,No,"2008, June. Released 2008, July",Discontinued,115.5 x 62.1 x 12.3 mm (4.55 x 2.44 x 0.48 in),133.0,,,Mini-SIM,TFT,,3.5,320x480,165,50.9,"Corning Gorilla Glass, oleophobic coatin","iOS, upgradable to iOS 4.2.1",,,412 MHz ARM 11,PowerVR MBX,,,8,16,,2.0,1,,No,,No,,No,,No,,,Wi-Fi 802.11b/g,,2.0,2.0,Yes,"GPS, A-GPS","Accelerometer, proximity",1220,,,No,,,,,,,,,,,"Black(8/16 GB), White (16 GB)","iPhone1,2",0.52 W/kg (head) 1.29 W/kg (body),0.56 W/kg (head) 0.23 W/kg (body),No
Apple,Apple iPhone,https://www.gsmarena.com/apple_iphone-1827.php,https://fdn2.gsmarena.com/vv/bigpic/apple-iphone.gif,GSM,No,"2007, January. Released 2007, June",Discontinued,115 x 61 x 11.6 mm (4.53 x 2.40 x 0.46 in),135.0,,,Mini-SIM,TFT,,3.5,320x480,165,52.0,"Corning Gorilla Glass, oleophobic coatin","iOS, upgradable to iOS 3.1.3",,,412 MHz ARM 11,PowerVR MBX,,,16,16,,2.0,1,,No,,No,,No,,No,,,Wi-Fi 802.11b/g,,2.0,2.0,Yes,No,"Accelerometer, proximity",1400,,,No,,,,,,,,,,,Black,"A1203, iPhone1,1",0.97 W/kg (head) 0.38 W/kg (body),0.97 W/kg (head) 0.69 W/kg (body),No
Google,Google Pixel 10a,https://www.gsmarena.com/google_pixel_10a_5g-14474.php,https://fdn2.gsmarena.com/vv/bigpic/google-pixel-10a.jpg,GSM / HSPA / LTE / 5G,Yes,"2026, February 18","Available. Released 2026, March 05",153.9 x 73 x 9 mm (6.06 x 2.87 x 0.35 in),183.0,Glass,IP68,Nano-SIM + eSIM,"P-OLED, HDR, 120Hz, 2000 nits (HBM), 3000 nits (peak)",120,6.3,1080x2424,422,84.3,Gorilla Glass 7i,"Android 16, up to 7 major Android upgrades",Google Tensor G4 (4 nm),4,Octa-core (1x3.1 GHz Cortex-X4 & 3x2.6 GHz Cortex-A720 & 4x1.9 GHz Cortex-A520),Mali-G715 MP7,8,8,128,256,UFS 3.1,48.0,2,1.7,Yes,1/2.0,Yes,"Dual-LED flash, Pixel Shift, Ultra HDR, panorama, Best Take","4K@30/60fps, 1080p@30/60/120/240fps, gyro-EIS, OIS",13.0,Yes,"HDR, panorama","4K@30fps, 1080p@30fps","Wi-Fi 802.11 a/b/g/n/ac/6e, dual/tri-band (market/region dependent)",Yes,6.0,Type-C,No,"GPS (L1+L5), GLONASS, GALILEO, BDS, QZSS, NavIC","Fingerprint (under display, optical), accelerometer, gyro, proximity, compass, barometer",5100,30,10,No,Active use score 15:13h,449.0,434.0,449.0,47898,1269880,4545,2683,2169,-26.8,"Obsidian, Fog, Berry, Lavender","GE1GQ, GV0BP, G4H7L",,,No
Google,Google Pixel 10 Pro Fold,https://www.gsmarena.com/google_pixel_10_pro_fold-14014.php,https://fdn2.gsmarena.com/vv/bigpic/google-pixel-10-pro-fold--.jpg,GSM / HSPA / LTE / 5G,Yes,"2025, August 20","Available. Released 2025, October 09",Unfolded: 155.2 x 150.4 x 5.2 mm Folded: 155.2 x 76.3 x 10.8 mm,258.0,Glass,IP68,Nano-SIM + eSIM,"Foldable LTPO OLED, 120Hz, HDR10+, 1800 nits (HBM), 3000 nits (peak)",120,8.0,2076x2152,374,88.4,Mohs level 5,"Android 16, up to 7 major Android upgrades",Google Tensor G5 (3 nm),3,Octa-core (1x3.78 GHz Cortex-X4 & 5x3.05 GHz Cortex-A725 & 2x2.25 GHz Cortex-A520),PowerVR DXT-48-1536,16,16,256,512,,48.0,3,1.7,Yes,1/2.0,Yes,"Multi-zone Laser AF, LED flash, Pixel Shift, Ultra-HDR, panorama, Best Take, Zoom Enhance","4K@24/30/60fps, 1080p@24/30/60/120/240fps, 10-bit HDR, gyro-EIS, OIS",10.0,Yes,"HDR, panorama","4K@30/60fps, 1080p@30/60fps","Wi-Fi 802.11 a/b/g/n/ac/6e/7, tri-band",Yes,6.0,Type-C,No,"GPS (L1+L5), GLONASS, GALILEO, BDS, QZSS, NavIC","Fingerprint (side-mounted), accelerometer, gyro, proximity, compass, barometer",5015,30,15,No,,1499.0,1424.05,864.97,,,,,,,"Moonstone, Jade","GU0NP, GM66V",0.99 W/kg (head) 0.99 W/kg (body),0.99 W/kg (head) 1.39 W/kg (body),No
Google,Google Pixel 10 Pro XL,https://www.gsmarena.com/google_pixel_10_pro_xl_5g-13988.php,https://fdn2.gsmarena.com/vv/bigpic/google-pixel-10-pro-xl-.jpg,GSM / HSPA / LTE / 5G,Yes,"2025, August 20","Available. Released 2025, August 28",162.8 x 76.6 x 8.5 mm (6.41 x 3.02 x 0.33 in),232.0,Glass,IP68,"· Nano-SIM + eSIM · eSIM + eSIM (8 or more, max 2 at a time; USA)","LTPO OLED, 120Hz, HDR10+, 2200 nits (HBM), 3300 nits (peak)",120,6.8,1344x2992,486,88.0,Gorilla Glass Victus,"Android 16, up to 7 major Android upgrades",Google Tensor G5 (3 nm),3,Octa-core (1x3.78 GHz Cortex-X4 & 5x3.05 GHz Cortex-A725 & 2x2.25 GHz Cortex-A520),PowerVR DXT-48-1536,16,16,256,512,UFS 4.0,50.0,3,1.7,Yes,1/1.31,Yes,"Multi-zone Laser AF, LED flash, Pixel Shift, Ultra-HDR, panorama, Best Take, Zoom Enhance","8K@30fps (via cloud-based upscaling), 4K@24/30/60fps, 1080p@24/30/60/120/240fps; gyro-EIS, OIS, 10-bit HDR",42.0,Yes,"HDR, panorama","4K@30/60fps, 1080p@30/60fps","Wi-Fi 802.11 a/b/g/n/ac/6e/7, tri-band",Yes,6.0,Type-C,No,"GPS (L1+L5), GLONASS, GALILEO, BDS, QZSS, NavIC","Fingerprint (under display, ultrasonic), accelerometer, gyro, proximity, compass, barometer, thermometer (skin temperature)",5200,45,25,No,Active use score 12:29h,544.85,816.0,769.8,118900,1423216,6497,3332,2340,-25.3,"Moonstone, Jade, Porcelain, Obsidian","G45RY, GUL82, GYPW4",0.99 W/kg (head) 0.99 W/kg (body),0.99 W/kg (head) 1.39 W/kg (body),No
Google,Google Pixel 10 Pro,https://www.gsmarena.com/google_pixel_10_pro_5g-13987.php,https://fdn2.gsmarena.com/vv/bigpic/google-pixel-10-pro-.jpg,GSM / HSPA / LTE / 5G,Yes,"2025, August 20","Available. Released 2025, August 28",152.8 x 72 x 8.5 mm (6.02 x 2.83 x 0.33 in),207.0,Glass,IP68,"· Nano-SIM + eSIM · eSIM + eSIM (8 or more, max 2 at a time; USA)","LTPO OLED, 120Hz, HDR10+, 2200 nits (HBM), 3300 nits (peak)",120,6.3,1280x2856,495,87.6,Gorilla Glass Victus,"Android 16, up to 7 major Android upgrades",Google Tensor G5 (3 nm),3,Octa-core (1x3.78 GHz Cortex-X4 & 5x3.05 GHz Cortex-A725 & 2x2.25 GHz Cortex-A520),PowerVR DXT-48-1536,16,16,128,512,UFS 3.1 - 128GB only UFS 4.0,50.0,3,1.7,Yes,1/1.31,Yes,"Multi-zone Laser AF, LED flash, Pixel Shift, Ultra-HDR, panorama, Best Take, Zoom Enhance","8K@30fps (via cloud-based upscaling), 4K@24/30/60fps, 1080p@24/30/60/120/240fps; gyro-EIS, OIS, 10-bit HDR",42.0,Yes,"HDR, panorama","4K@30/60fps, 1080p@30/60fps","Wi-Fi 802.11 a/b/g/n/ac/6e/7, tri-band",Yes,6.0,Type-C,No,"GPS (L1+L5), GLONASS, GALILEO, BDS, QZSS, NavIC","Fingerprint (under display, ultrasonic), accelerometer, gyro, proximity, compass, barometer, thermometer (skin temperature)",4870,30,15,No,Active use score 12:06h,609.88,860.0,827.55,108999,1107978,6195,3400,,-25.7,"Moonstone, Jade, Porcelain, Obsidian","GEHN3, G4QUR, GN4F5",0.99 W/kg (head) 0.99 W/kg (body),0.99 W/kg (head) 1.39 W/kg (body),No
Google,Google Pixel 10,https://www.gsmarena.com/google_pixel_10_5g-13979.php,https://fdn2.gsmarena.com/vv/bigpic/google-pixel-10-.jpg,GSM / HSPA / LTE / 5G,Yes,"2025, August 20","Available. Released 2025, August 28",152.8 x 72 x 8.6 mm (6.02 x 2.83 x 0.34 in),204.0,Glass,IP68,"· Nano-SIM + eSIM · eSIM + eSIM (8 or more, max 2 at a time; USA)","OLED, 120Hz, HDR10+, 2000 nits (HBM), 3000 nits (peak)",120,6.3,1080x2424,422,86.1,Gorilla Glass Victus,"Android 16, up to 7 major Android upgrades",Google Tensor G5 (3 nm),3,Octa-core (1x3.78 GHz Cortex-X4 & 5x3.05 GHz Cortex-A725 & 2x2.25 GHz Cortex-A520),PowerVR DXT-48-1536,12,12,128,256,UFS 3.1 - 128GB UFS 4.0 - 256GB,48.0,3,1.7,Yes,1/2.0,Yes,"Single-zone Laser AF, LED flash, Pixel Shift, Ultra-HDR, panorama, Best Take","4K@24/30/60fps, 1080p@24/30/60/120/240fps; gyro-EIS, OIS, 10-bit HDR",10.5,Yes,"HDR, panorama","4K@30/60fps, 1080p@30/60fps","Wi-Fi 802.11 a/b/g/n/ac/6e, dual-band",Yes,6.0,Type-C,No,"GPS (L1+L5), GLONASS, GALILEO, BDS, QZSS, NavIC","Fingerprint (under display, ultrasonic), accelerometer, gyro, proximity, compass, barometer",4970,30,15,No,Active use score 12:08h,433.62,527.68,490.49,61990,1173841,5857,3232,2030,-25.7,"Indigo, Frost, Lemongrass, Obsidian","GK2MP, GLBW0, GL066",1.18 W/kg (head) 0.99 W/kg (body),0.99 W/kg (head) 1.39 W/kg (body),No
Google,Google Pixel Watch 4,https://www.gsmarena.com/google_pixel_watch_4-14088.php,https://fdn2.gsmarena.com/vv/bigpic/google-pixel-watch4.jpg,GSM / HSPA / LTE,No,"2025, August 20","Available. Released 2025, October 09",45 x 45 x 12.3 mm (1.77 x 1.77 x 0.48 in),31.0,Glass,IP68,eSIM,"LTPO AMOLED, 3000 nits (peak)",,1.4,456x456,320,,Gorilla Glass 5,Android Wear OS 6,Qualcomm Snapdragon W5 Gen 2 (4 nm),4,Quad-core (4x1.7 GHz Cortex-A53),Adreno A702,2,2,32,32,eMMC,,,,No,,No,,,,No,,,"Wi-Fi 802.11 a/b/g/n/ac/6, dual-band",Yes,6.0,No,No,"GPS (L1+L5), GLONASS, GALILEO (E1+E5a)","Accelerometer, gyro, heart rate, altimeter, compass, SpO2, thermometer (skin temperature), skin conductance",455,,,No,,359.99,298.9,,,,,,,,"Matte Black, Polished Silver, Champagne Gold, Satin Moonstone",,,,No
Google,Google Pixel 9a,https://www.gsmarena.com/google_pixel_9a-13478.php,https://fdn2.gsmarena.com/vv/bigpic/google-pixel-9a.jpg,GSM / HSPA / LTE / 5G,Yes,"2025, March 19","Available. Released 2025, April 10",154.7 x 73.3 x 8.9 mm (6.09 x 2.89 x 0.35 in),186.0,Glass,IP68,Nano-SIM + eSIM,"P-OLED, HDR, 120Hz, 1800 nits (HBM), 2700 nits (peak)",120,6.3,1080x2424,422,83.5,Gorilla Glass 3,"Android 15, upgradable to Android 16, up to 7 major Android upgrades",Google Tensor G4 (4 nm),4,Octa-core (1x3.1 GHz Cortex-X4 & 3x2.6 GHz Cortex-A720 & 4x1.9 GHz Cortex-A520),Mali-G715 MP7,8,8,128,256,UFS 3.1,48.0,2,1.7,Yes,1/2.0,Yes,"Dual-LED flash, Pixel Shift, Ultra HDR, panorama, Best Take","4K@30/60fps, 1080p@30/60/120/240fps, gyro-EIS, OIS",13.0,Yes,"HDR, panorama","4K@30fps, 1080p@30fps","Wi-Fi 802.11 a/b/g/n/ac/6e, dual/tri-band (market/region dependent)",Yes,5.3,Type-C,No,"GPS (L1+L5), GLONASS, GALILEO, BDS, QZSS, NavIC","Fingerprint (under display, optical), accelerometer, gyro, proximity, compass, barometer",5100,23,5,No,Active use score 12:42h,303.76,364.0,279.99,43499,1254417,4527,2630,1930,-27.2,"Obsidian, Porcelain, Iris, Peony","GXQ96, GTF7P, G3Y12",,0.99 W/kg (head) 1.39 W/kg (body),No
Google,Google Pixel 9 Pro XL,https://www.gsmarena.com/google_pixel_9_pro_xl-13217.php,https://fdn2.gsmarena.com/vv/bigpic/google-pixel-9-pro-xl-.jpg,GSM / HSPA / LTE / 5G,Yes,"2024, August 13","Available. Released 2024, August 22",162.8 x 76.6 x 8.5 mm (6.41 x 3.02 x 0.33 in),221.0,Glass,IP68,Nano-SIM + eSIM,"LTPO OLED, 120Hz, HDR10+, 2000 nits (HBM), 3000 nits (peak)",120,6.8,1344x2992,486,88.0,Gorilla Glass Victus,"Android 14, upgradable to Android 16, up to 7 major Android upgrades",Google Tensor G4 (4 nm),4,Octa-core (1x3.1 GHz Cortex-X4 & 3x2.6 GHz Cortex-A720 & 4x1.92 GHz Cortex-A520),Mali-G715 MC7,16,16,128,512,UFS 3.1,50.0,3,1.7,Yes,1/1.31,Yes,"Multi-zone Laser AF, LED flash, Pixel Shift, Ultra-HDR, panorama, Best Take, Zoom Enhance","8K@30fps (via cloud-based upscaling), 4K@24/30/60fps, 1080p@24/30/60/120/240fps; gyro-EIS, OIS, 10-bit HDR",42.0,Yes,"HDR, panorama","4K@30/60fps, 1080p@30/60fps","Wi-Fi 802.11 a/b/g/n/ac/6e/7, tri-band",Yes,5.3,Type-C,No,"GPS (L1+L5), GLONASS, GALILEO, BDS, QZSS, NavIC","Fingerprint (under display, ultrasonic), accelerometer, gyro, proximity, compass, barometer, thermometer (skin temperature)",5060,37,23,Yes,Active use score 12:32h,426.99,519.89,414.5,89398,1380138,4854,2540,2365,-25.5,"Porcelain, Rose Quartz, Hazel, Obsidian","GGX8B, GZC4K, GQ57S",,0.99 W/kg (head) 1.40 W/kg (body),No
Google,Google Pixel 9 Pro,https://www.gsmarena.com/google_pixel_9_pro-13218.php,https://fdn2.gsmarena.com/vv/bigpic/google-pixel-9-pro-.jpg,GSM / HSPA / LTE / 5G,Yes,"2024, August 13","Available. Released 2024, September 09",152.8 x 72 x 8.5 mm (6.02 x 2.83 x 0.33 in),199.0,Glass,IP68,Nano-SIM + eSIM,"LTPO OLED, 120Hz, HDR10+, 2000 nits (HBM), 3000 nits (peak)",120,6.3,1280x2856,495,87.6,Gorilla Glass Victus,"Android 14, upgradable to Android 16, up to 7 major Android upgrades",Google Tensor G4 (4 nm),4,Octa-core (1x3.1 GHz Cortex-X4 & 3x2.6 GHz Cortex-A720 & 4x1.92 GHz Cortex-A520),Mali-G715 MC7,16,16,128,512,UFS 3.1,50.0,3,1.7,Yes,1/1.31,Yes,"Multi-zone Laser AF, LED flash, Pixel Shift, Ultra-HDR, panorama, Best Take, Zoom Enhance","8K@30fps (via cloud-based upscaling), 4K@24/30/60fps, 1080p@24/30/60/120/240fps; gyro-EIS, OIS, 10-bit HDR",42.0,Yes,"HDR, panorama","4K@30/60fps, 1080p@30/60fps","Wi-Fi 802.11 a/b/g/n/ac/6e/7, tri-band",Yes,5.3,Type-C,No,"GPS (L1+L5), GLONASS, GALILEO, BDS, QZSS, NavIC","Fingerprint (under display, ultrasonic), accelerometer, gyro, proximity, compass, barometer, thermometer (skin temperature)",4700,27,21,Yes,Active use score 13:11h,398.94,556.62,395.0,109999,838931,3850,2574,2331,-24.3,"Porcelain, Rose Quartz, Hazel, Obsidian","GR83Y, GEC77, GWVK6",,0.99 W/kg (head) 1.37 W/kg (body),No
Google,Google Pixel 9,https://www.gsmarena.com/google_pixel_9-13219.php,https://fdn2.gsmarena.com/vv/bigpic/google-pixel-9-.jpg,GSM / HSPA / LTE / 5G,Yes,"2024, August 13","Available. Released 2024, August 22",152.8 x 72 x 8.5 mm (6.02 x 2.83 x 0.33 in),198.0,Glass,IP68,Nano-SIM + eSIM,"OLED, 120Hz, HDR10+, 1800 nits (HBM), 2700 nits (peak)",120,6.3,1080x2424,422,86.1,Gorilla Glass Victus,"Android 14, upgradable to Android 16, up to 7 major Android upgrades",Google Tensor G4 (4 nm),4,Octa-core (1x3.1 GHz Cortex-X4 & 3x2.6 GHz Cortex-A720 & 4x1.92 GHz Cortex-A520),Mali-G715 MC7,12,12,128,256,UFS 3.1,50.0,2,1.7,Yes,1/1.31,Yes,"Single-zone Laser AF, LED flash, Pixel Shift, Ultra-HDR, panorama, Best Take","4K@24/30/60fps, 1080p@24/30/60/120/240fps; gyro-EIS, OIS, 10-bit HDR",10.5,Yes,"HDR, panorama","4K@30/60fps, 1080p@30/60fps","Wi-Fi 802.11 a/b/g/n/ac/6e/7, tri-band",Yes,5.3,Type-C,No,"GPS (L1+L5), GLONASS, GALILEO, BDS, QZSS, NavIC","Fingerprint (under display, ultrasonic), accelerometer, gyro, proximity, compass, barometer",4700,27,15,Yes,Active use score 13:05h,290.0,393.36,339.7,74999,1224020,4489,2587,2232,-25.0,"Obsidian, Porcelain, Wintergreen, Peony","G2YBB, GUR25, G1B60",,0.99 W/kg (head) 1.40 W/kg (body),No
Google,Google Pixel 9 Pro Fold,https://www.gsmarena.com/google_pixel_9_pro_fold-13220.php,https://fdn2.gsmarena.com/vv/bigpic/google-pixel-9-pro-fold-.jpg,GSM / HSPA / LTE / 5G,Yes,"2024, August 13","Available. Released 2024, September 04",Unfolded: 155.2 x 150.2 x 5.1 mm Folded: 155.2 x 77.1 x 10.5 mm,257.0,Glass,,Nano-SIM + eSIM,"Foldable LTPO OLED, 120Hz, HDR10+, 1600 nits (HBM), 2700 nits (peak)",120,8.0,2076x2152,373,89.0,,"Android 14, upgradable to Android 16, up to 7 major Android upgrades",Google Tensor G4 (4 nm),4,Octa-core (1x3.1 GHz Cortex-X4 & 3x2.6 GHz Cortex-A720 & 4x1.92 GHz Cortex-A520),Mali-G715 MC7,16,16,256,512,UFS 3.1,48.0,3,1.7,Yes,1/2.0,Yes,"Multi-zone Laser AF, LED flash, Pixel Shift, Ultra-HDR, panorama, Best Take, Zoom Enhance","4K@24/30/60fps, 1080p@24/30/60/120/240fps, 10-bit HDR, gyro-EIS, OIS",10.0,Yes,"HDR, panorama","4K@30/60fps, 1080p@30/60fps","Wi-Fi 802.11 a/b/g/n/ac/6e/7, tri-band",Yes,5.3,Type-C,No,"GPS (L1+L5), GLONASS, GALILEO, BDS, QZSS, NavIC","Fingerprint (side-mounted), accelerometer, gyro, proximity, compass, barometer",4650,21,5,No,Active use score 11:54h,827.84,853.0,778.75,,1222228,4783,2620,2199,-24.1,"Obsidian, Porcelain","GGH2X, GC15S",,0.98 W/kg (head) 1.39 W/kg (body),No
Google,Google Pixel Watch 3,https://www.gsmarena.com/google_pixel_watch_3-13253.php,https://fdn2.gsmarena.com/vv/bigpic/google-pixel-watch3-.jpg,GSM / HSPA / LTE,No,"2024, August 13","Available. Released 2024, September 10",45 x 45 x 12.3 mm (1.77 x 1.77 x 0.48 in),37.0,Glass,IP68,eSIM,"LTPO AMOLED, 2000 nits (peak)",,1.4,456x456,320,,Gorilla Glass 5,"Android Wear OS 5, up to 3 major Android upgrades",Qualcomm SW5100,,,,2,2,32,32,eMMC,,,,No,,No,,,,No,,,"Wi-Fi 802.11 a/b/g/n/ac/6, dual-band",Yes,5.3,No,No,"GPS, GLONASS, GALILEO","Accelerometer, gyro, heart rate, altimeter, compass, SpO2, thermometer (skin temperature), skin conductance",420,,,No,,,,,,,,,,,"Matte Black, Polished Silver, Champagne Gold, Matte Hazel",,,,No
Google,Google Pixel 8a,https://www.gsmarena.com/google_pixel_8a-12937.php,https://fdn2.gsmarena.com/vv/bigpic/google-pixel-8a.jpg,GSM / HSPA / LTE / 5G,Yes,"2024, May 07","Available. Released 2024, May 14",152.1 x 72.7 x 8.9 mm (5.99 x 2.86 x 0.35 in),188.0,Glass,IP67,Nano-SIM + eSIM,"OLED, HDR, 120Hz, 2000 nits (peak)",120,6.1,1080x2400,430,81.6,Gorilla Glass 3,"Android 14, upgradable to Android 16, up to 7 major Android upgrades",Google Tensor G3 (4 nm),4,Nona-core (1x2.91 GHz Cortex-X3 & 4x2.37 GHz Cortex-A715 & 4x1.70 GHz Cortex-A510),Mali-G715 MP7,8,8,128,256,UFS 3.1,64.0,2,1.9,Yes,1/1.73,Yes,"Dual-LED flash, Pixel Shift, Ultra HDR, panorama, Best Take","4K@30/60fps, 1080p@30/60/120/240fps, OIS",13.0,Yes,"HDR, panorama","4K@30fps, 1080p@30/60fps","Wi-Fi 802.11 a/b/g/n/ac/6e, dual/tri-band (market/region dependent)",Yes,5.3,Type-C,No,"GPS, GLONASS, GALILEO, BDS, QZSS, NavIC","Fingerprint (under display, optical), accelerometer, gyro, proximity, compass, barometer",4492,18,5,No,Active use score 11:25h,203.11,230.0,190.0,41989,1193520,4384,2427,1508,-26.5,"Obsidian, Porcelain, Bay, Aloe","GKV4X, G6GPR, G8HHN, G576D",,,No
Google,Google Pixel 8 Pro,https://www.gsmarena.com/google_pixel_8_pro-12545.php,https://fdn2.gsmarena.com/vv/bigpic/google-pixel-8-pro.jpg,GSM / HSPA / LTE / 5G,Yes,"2023, October 04","Available. Released 2023, October 12",162.6 x 76.5 x 8.8 mm (6.40 x 3.01 x 0.35 in),213.0,Glass,IP68,Nano-SIM + eSIM,"LTPO OLED, 120Hz, HDR10+, 1600 nits (HBM), 2400 nits (peak)",120,6.7,1344x2992,489,87.4,Gorilla Glass Victus,"Android 14, upgradable to Android 16, up to 7 major Android upgrades",Google Tensor G3 (4 nm),4,Nona-core (1x2.91 GHz Cortex-X3 & 4x2.37 GHz Cortex-A715 & 4x1.70 GHz Cortex-A510),Mali-G715 MP7,12,12,128,512,UFS 3.1,50.0,3,1.7,Yes,1/1.31,Yes,"Multi-zone Laser AF, Dual-LED flash, Pixel Shift, Ultra-HDR, panorama, Best Take, Zoom Enhance","4K@30/60fps, 1080p@24/30/60/120/240fps; gyro-EIS, OIS, 10-bit HDR",10.5,Yes,"HDR, panorama","4K@24/30/60fps, 1080p@30/60fps","Wi-Fi 802.11 a/b/g/n/ac/6e/7, tri-band, Wi-Fi Direct",Yes,5.3,Type-C,No,"GPS (L1+L5), GLONASS (G1), GALILEO (E1+E5a), QZSS (L1+L5)","Fingerprint (under display, optical), accelerometer, gyro, proximity, compass, barometer, thermometer (skin temperature)",5050,30,23,Yes,Active use score 11:14h,251.04,399.0,274.99,49999,924853,3613,,1600,-26.6,"Obsidian, Porcelain, Bay, Mint","GC3VE, G1MNW",,,No
Google,Google Pixel 8,https://www.gsmarena.com/google_pixel_8-12546.php,https://fdn2.gsmarena.com/vv/bigpic/google-pixel-8.jpg,GSM / HSPA / LTE / 5G,Yes,"2023, October 04","Available. Released 2023, October 12",150.5 x 70.8 x 8.9 mm (5.93 x 2.79 x 0.35 in),187.0,Glass,IP68,Nano-SIM + eSIM,"OLED, 120Hz, HDR10+, 1400 nits (HBM), 2000 nits (peak)",120,6.2,1080x2400,428,85.5,Gorilla Glass Victus,"Android 14, upgradable to Android 16, up to 7 major Android upgrades",Google Tensor G3 (4 nm),4,Nona-core (1x2.91 GHz Cortex-X3 & 4x2.37 GHz Cortex-A715 & 4x1.70 GHz Cortex-A510),Mali-G715 MP7,8,8,128,256,UFS 3.1,50.0,2,1.7,Yes,1/1.31,Yes,"Laser AF, Dual-LED flash, Pixel Shift, Ultra HDR, panorama, Best Take","4K@24/30/60fps, 1080p@30/60/120/240fps; gyro-EIS, OIS, 10-bit HDR",10.5,Yes,"HDR, panorama","4K@24/30/60fps, 1080p@30/60fps","Wi-Fi 802.11 a/b/g/n/ac/6e/7, tri-band, Wi-Fi Direct",Yes,5.3,Type-C,No,"GPS (L1+L5), GLONASS (G1), GALILEO (E1+E5a), QZSS (L1+L5)","Fingerprint (under display, optical), accelerometer, gyro, proximity, compass, barometer",4575,27,18,Yes,Active use score 11:17h,224.41,254.9,249.99,38999,926801,3526,,1446,-26.0,"Obsidian, Hazel, Rose, Mint","GKWS6, G9BQD, GA04851-US, GZPFO, GPJ41",,,No
Google,Google Pixel Watch 2,https://www.gsmarena.com/google_pixel_watch_2-12547.php,https://fdn2.gsmarena.com/vv/bigpic/google-pixel-watch-2.jpg,GSM / HSPA / LTE,No,"2023, October 04","Available. Released 2023, October 12",41 x 41 x 12.3 mm (1.61 x 1.61 x 0.48 in),31.0,Glass,IP68,eSIM,"AMOLED, 1000 nits (peak)",,1.2,450x450,320,,Gorilla Glass 5,Android Wear OS 4,Qualcomm 5100,,,,2,2,32,32,eMMC,,,,No,,No,,,,No,,,Wi-Fi 802.11 b/g/n,Yes,5.0,No,No,"GPS, GLONASS, GALILEO, BDS, QZSS","Accelerometer, gyro, heart rate, altimeter, compass, SpO2, thermometer (skin temperature), skin conductance",306,,,No,,,,,,,,,,,"Polished Silver, Matte Black, Champagne Gold","G4TSL, GC3G8, GD2WG",,,No
Google,Google Pixel Fold,https://www.gsmarena.com/google_pixel_fold-12265.php,https://fdn2.gsmarena.com/vv/bigpic/google-pixel-fold.jpg,GSM / CDMA / HSPA / EVDO / LTE / 5G,Yes,"2023, May 10","Available. Released 2023, June 27",Unfolded: 139.7 x 158.7 x 5.8 mm Folded: 139.7 x 79.5 x 12.1 mm,283.0,Glass,,Nano-SIM + eSIM,"Foldable OLED, 120Hz, HDR10+, 1000 nits (HBM), 1450 nits (peak)",120,7.6,1840x2208,378,82.7,,"Android 13, upgradable to Android 15, up to 5 major Android upgrades",Google Tensor G2 (5 nm),5,Octa-core (2x2.85 GHz Cortex-X1 & 2x2.35 GHz Cortex-A78 & 4x1.80 GHz Cortex-A55),Mali-G710 MP7,12,12,256,512,UFS 3.1,48.0,3,1.7,Yes,1/2.0,Yes,"Laser AF, Dual-LED flash, HDR, panorama","4K@30/60fps, 1080p@30/60/120/240fps, 10-bit HDR",8.0,Yes,"HDR, panorama","4K@30/60fps, 1080p@30/60fps","Wi-Fi 802.11 a/b/g/n/ac/6e, tri-band, Wi-Fi Direct",Yes,5.2,Type-C,No,"GPS, GLONASS, GALILEO, BDS","Fingerprint (side-mounted), accelerometer, gyro, proximity, compass, barometer",4821,,,No,,499.0,695.89,589.99,,,,,,,"Porcelain, Obsidian",G9FPL,,,No
Google,Google Pixel Tablet,https://www.gsmarena.com/google_pixel_tablet-11905.php,https://fdn2.gsmarena.com/vv/bigpic/google-pixel-tablet-1.jpg,No cellular connectivity,No,"2023, May 10","Available. Released 2023, June 20",258 x 169 x 8.1 mm (10.16 x 6.65 x 0.32 in),493.0,Glass,,No,IPS LCD,,10.95,1600x2560,276,79.7,,"Android 13, upgradable to Android 15",Google Tensor G2 (5 nm),5,Octa-core (2x2.85 GHz Cortex-X1 & 2x2.35 GHz Cortex-A78 & 4x1.80 GHz Cortex-A55),Mali-G710 MP7,8,8,128,256,UFS 3.1,8.0,1,2.0,No,1/4.0,No,"HDR, panorama",1080p@30fps,8.0,No,"HDR, panorama",1080p@30fps,"Wi-Fi 802.11 a/b/g/n/ac/6, dual-band",No,5.2,Type-C,No,No,"Accelerometer, gyro, compass, proximity (accessories only)",7020,15,,No,,,,,,,,,,,"Porcelain, Hazel, Rose","GA06156-EU, GA06157-EU, GA06158-EU",,,No
Google,Google Pixel 7a,https://www.gsmarena.com/google_pixel_7a-12170.php,https://fdn2.gsmarena.com/vv/bigpic/google-pixel-7a.jpg,GSM / HSPA / LTE / 5G,Yes,"2023, May 10","Available. Released 2023, May 10",152 x 72.9 x 9 mm (5.98 x 2.87 x 0.35 in),193.5,Glass,IP67,Nano-SIM + eSIM,"OLED, HDR, 90Hz",90,6.1,1080x2400,429,81.8,Gorilla Glass 3,"Android 13, upgradable to Android 16, up to 5 major Android upgrades",Google Tensor G2 (5 nm),5,Octa-core (2x2.85 GHz Cortex-X1 & 2x2.35 GHz Cortex-A78 & 4x1.80 GHz Cortex-A55),Mali-G710 MP7,8,8,128,128,UFS 3.1,64.0,2,1.9,Yes,1/1.73,Yes,"Dual-LED flash, Pixel Shift, Auto-HDR, panorama","4K@30/60fps, 1080p@30/60/120/240fps, OIS",13.0,Yes,"HDR, panorama","4K@30fps, 1080p@30fps","Wi-Fi 802.11 a/b/g/n/ac/6e, tri-band",Yes,5.3,Type-C,No,"GPS, GLONASS, GALILEO, BDS, QZSS, NavIC","Fingerprint (under display, optical), accelerometer, gyro, proximity, compass, barometer",4385,18,5,No,,173.95,189.9,141.75,27999,765281,3191,,1070,-26.5,"Charcoal, Snow, Sea, Coral","GWKK3, GHL1X, G0DZQ, G82U8",,,No
Google,Google Pixel 7 Pro,https://www.gsmarena.com/google_pixel_7_pro-11908.php,https://fdn2.gsmarena.com/vv/bigpic/google-pixel7-pro-new.jpg,GSM / CDMA / HSPA / EVDO / LTE / 5G,Yes,"2022, October 06","Available. Released 2022, October 13",162.9 x 76.6 x 8.9 mm (6.41 x 3.02 x 0.35 in),212.0,Glass,IP68,Nano-SIM + eSIM,"LTPO AMOLED, 120Hz, HDR10+, 1000 nits (HBM), 1500 nits (peak)",120,6.7,1440x3120,512,88.7,Gorilla Glass Victus,"Android 13, upgradable to Android 16, up to 5 major Android upgrades",Google Tensor G2 (5 nm),5,Octa-core (2x2.85 GHz Cortex-X1 & 2x2.35 GHz Cortex-A78 & 4x1.80 GHz Cortex-A55),Mali-G710 MP7,8,12,128,512,UFS 3.1,50.0,3,1.9,Yes,1/1.31,Yes,"Laser AF, Dual-LED flash, Pixel Shift, Auto-HDR, panorama","4K@30/60fps, 1080p@30/60/120/240fps; gyro-EIS, OIS, 10-bit HDR",10.8,Yes,"HDR, panorama","4K@30/60fps, 1080p@30/60fps","Wi-Fi 802.11 a/b/g/n/ac/6e, tri-band, Wi-Fi Direct",Yes,5.2,Type-C,No,"GPS (L1+L5), GLONASS (G1), BDS (B1I+B1c+B2a), GALILEO (E1+E5a), QZSS (L1+L5)","Fingerprint (under display, optical), accelerometer, gyro, proximity, compass, barometer",5000,23,23,Yes,,220.0,299.89,194.89,37999,796369,3187,,1090,-24.8,"Obsidian, Snow, Hazel","GP4BC, GE2AE, GFE4J",,,No
Google,Google Pixel 7,https://www.gsmarena.com/google_pixel_7-11903.php,https://fdn2.gsmarena.com/vv/bigpic/google-pixel7-new.jpg,GSM / CDMA / HSPA / EVDO / LTE / 5G,Yes,"2022, October 06","Available. Released 2022, October 13",155.6 x 73.2 x 8.7 mm (6.13 x 2.88 x 0.34 in),197.0,Glass,IP68,Nano-SIM + eSIM,"AMOLED, 90Hz, HDR10+, 1000 nits (HBM), 1400 nits (peak)",90,6.3,1080x2400,416,84.9,Gorilla Glass Victus,"Android 13, upgradable to Android 16, up to 5 major Android upgrades",Google Tensor G2 (5 nm),5,Octa-core (2x2.85 GHz Cortex-X1 & 2x2.35 GHz Cortex-A78 & 4x1.80 GHz Cortex-A55),Mali-G710 MP7,8,8,128,256,UFS 3.1,50.0,2,1.9,Yes,1/1.31,Yes,"Laser AF, Dual-LED flash, Pixel Shift, Auto-HDR, panorama","4K@30/60fps, 1080p@30/60/120/240fps; gyro-EIS, OIS, 10-bit HDR",10.8,Yes,"HDR, panorama","4K@30/60fps, 1080p@30/60fps","Wi-Fi 802.11 a/b/g/n/ac/6e, tri-band, Wi-Fi Direct",Yes,5.2,Type-C,No,"GPS (L1+L5), GLONASS (G1), BDS (B1I+B1c+B2a), GALILEO (E1+E5a), QZSS (L1+L5)","Fingerprint (under display, optical), accelerometer, gyro, proximity, compass, barometer",4355,20,20,Yes,,162.85,207.04,179.95,28999,813114,3288,,974,-26.2,"Obsidian, Lemongrass, Snow","GVU6C, GQML3, GO3Z5",,,No
Google,Google Pixel Watch,https://www.gsmarena.com/google_pixel_watch-11546.php,https://fdn2.gsmarena.com/vv/bigpic/google-pixel-watch-.jpg,GSM / HSPA / LTE,No,"2022, October 06","Available. Released 2022, October 13",41 x 41 x 12.3 mm (1.61 x 1.61 x 0.48 in),36.0,Glass,IP68,eSIM,"AMOLED, 1000 nits (peak)",,1.2,450x450,320,,Gorilla Glass 5,Android Wear OS 3.5,Exynos 9110 (10 nm),10,Dual-core 1.15 GHz Cortex-A53,Mali-T720,2,2,32,32,eMMC,,,,No,,No,,,,No,,,Wi-Fi 802.11 b/g/n,Yes,5.0,No,No,"GPS, GLONASS, GALILEO, BDS","Accelerometer, gyro, heart rate, altimeter, compass, SpO2",294,,,No,,,,,,,,,,,"Matte Black, Polished Silver, Champagne Gold","GQF4C, GBZ4S, GWT9R",,,No
Google,Google Pixel 6a,https://www.gsmarena.com/google_pixel_6a-11229.php,https://fdn2.gsmarena.com/vv/bigpic/google-pixel-6a.jpg,GSM / HSPA / LTE / 5G,Yes,"2022, May 11","Available. Released 2022, July 21",152.2 x 71.8 x 8.9 mm (5.99 x 2.83 x 0.35 in),178.0,Glass,IP67,Nano-SIM + eSIM,"OLED, HDR",,6.1,1080x2400,429,83.0,Gorilla Glass 3,"Android 12, upgradable to Android 16, up to 5 major Android upgrades",Google Tensor (5 nm),5,Octa-core (2x2.80 GHz Cortex-X1 & 2x2.25 GHz Cortex-A76 & 4x1.80 GHz Cortex-A55),Mali-G78 MP20,6,6,128,128,UFS 3.1,12.2,2,1.7,Yes,1/2.55,Yes,"Dual-LED flash, Pixel Shift, Auto-HDR, panorama","4K@30/60fps, 1080p@30/60/120/240fps; gyro-EIS, OIS",8.0,No,"HDR, panorama",1080p@30fps,"Wi-Fi 802.11 a/b/g/n/ac/6e, dual-band, Wi-Fi Direct",Yes,5.2,Type-C,No,"GPS, GLONASS, GALILEO, QZSS","Fingerprint (under display, optical), accelerometer, gyro, proximity, compass, barometer",4410,18,,No,,,,,,,,,876,,"Chalk, Charcoal, Sage","GX7AS, GB62Z, G1AZG, GB17L",,,No
Google,Google Pixel 6 Pro,https://www.gsmarena.com/google_pixel_6_pro-10918.php,https://fdn2.gsmarena.com/vv/bigpic/google-pixel-6-pro.jpg,GSM / CDMA / HSPA / EVDO / LTE / 5G,Yes,"2021, October 19","Available. Released 2021, October 28",163.9 x 75.9 x 8.9 mm (6.45 x 2.99 x 0.35 in),210.0,Glass,IP68,Nano-SIM + eSIM,"LTPO AMOLED, 120Hz, HDR10+",120,6.7,1440x3120,512,88.9,Gorilla Glass Victus,"Android 12, upgradable to Android 16, up to 5 major Android upgrades",Google Tensor (5 nm),5,Octa-core (2x2.80 GHz Cortex-X1 & 2x2.25 GHz Cortex-A76 & 4x1.80 GHz Cortex-A55),Mali-G78 MP20,12,12,128,512,UFS 3.1,50.0,3,1.9,Yes,1/1.31,Yes,"Laser AF, Dual-LED flash, Pixel Shift, Auto-HDR, panorama","4K@30/60fps, 1080p@30/60/120/240fps; gyro-EIS, OIS",11.1,Yes,"HDR, panorama","4K@30fps, 1080p@30/60fps","Wi-Fi 802.11 a/b/g/n/ac/6e, dual-band, Wi-Fi Direct",Yes,5.2,Type-C,No,"GPS (L1+L5), GLONASS (G1), BDS (B1I+B1c+B2a), GALILEO (E1+E5a), QZSS (L1+L5)","Fingerprint (under display, optical), accelerometer, gyro, proximity, compass, barometer",5003,23,23,Yes,,193.89,351.99,179.99,31999,585485,2831,,846,,"Cloudy White, Sorta Sunny, Stormy Black","GLUOG, G8VOU, GF5KQ",,,No
Google,Google Pixel 6,https://www.gsmarena.com/google_pixel_6-11037.php,https://fdn2.gsmarena.com/vv/bigpic/google-pixel-6.jpg,GSM / CDMA / HSPA / EVDO / LTE / 5G,Yes,"2021, October 19","Available. Released 2021, October 28",158.6 x 74.8 x 8.9 mm (6.24 x 2.94 x 0.35 in),207.0,Glass,IP68,Nano-SIM + eSIM,"AMOLED, 90Hz, HDR10+",90,6.4,1080x2400,411,83.4,Gorilla Glass Victus,"Android 12, upgradable to Android 16, up to 5 major Android upgrades",Google Tensor (5 nm),5,Octa-core (2x2.80 GHz Cortex-X1 & 2x2.25 GHz Cortex-A76 & 4x1.80 GHz Cortex-A55),Mali-G78 MP20,8,8,128,256,UFS 3.1,50.0,2,1.9,Yes,1/1.31,Yes,"Laser AF, Dual-LED flash, Pixel Shift, Auto-HDR, panorama","4K@30/60fps, 1080p@30/60/120/240fps; gyro-EIS, OIS",8.0,No,"HDR, panorama",1080p@30fps,"Wi-Fi 802.11 a/b/g/n/ac/6e, dual-band, Wi-Fi Direct",Yes,5.2,Type-C,No,"GPS (L1+L5), GLONASS (G1), BDS (B1I+B1c+B2a), GALILEO (E1+E5a), QZSS (L1+L5)","Fingerprint (under display, optical), accelerometer, gyro, proximity, compass, barometer",4614,30,21,Yes,,149.0,200.89,129.49,,676831,2899,,,-26.9,"Sorta Seafoam, Kinda Coral, Stormy Black","GB7N6, G9S9B16, G9S9B, GR1YH",,,No
Google,Google Pixel 5a 5G,https://www.gsmarena.com/google_pixel_5a_5g-11059.php,https://fdn2.gsmarena.com/vv/bigpic/google-pixel-5a-5g.jpg,GSM / HSPA / EVDO / LTE / 5G,Yes,"2021, August 17","Available. Released 2021, August 26",156.2 x 73.2 x 8.8 mm (6.15 x 2.88 x 0.35 in),183.0,Glass,IP67,Nano-SIM + eSIM,"OLED, HDR",,6.34,1080x2400,415,84.9,Gorilla Glass 3,"Android 11, upgradable to Android 14",Qualcomm SM7250 Snapdragon 765G 5G (7 nm),7,Octa-core (1x2.4 GHz Kryo 475 Prime & 1x2.2 GHz Kryo 475 Gold & 6x1.8 GHz Kryo 475 Silver),Adreno 620,6,6,128,128,,12.2,2,1.7,Yes,1/2.55,Yes,"LED flash, Pixel Shift, Auto-HDR, panorama","4K@30/60fps, 1080p@30/60/120/240fps; gyro-EIS",8.0,No,HDR,1080p@30fps,"Wi-Fi 802.11 a/b/g/n/ac, dual-band, Wi-Fi Direct",Yes,5.0,Type-C,Yes,"GPS, GLONASS, GALILEO, QZSS, BDS","Fingerprint (rear-mounted), accelerometer, gyro, proximity, compass, barometer",4680,18,,No,,249.99,,,,291303,1337,,861,,Mostly Black,"G1F8F, G4S1M",,,No
Google,Google Pixel 5,https://www.gsmarena.com/google_pixel_5-10386.php,https://fdn2.gsmarena.com/vv/bigpic/google-pixel-5-5g.jpg,GSM / CDMA / HSPA / EVDO / LTE / 5G,Yes,"2020, September 30","Available. Released 2020, October 15",144.7 x 70.4 x 8 mm (5.70 x 2.77 x 0.31 in),151.0,Glass,IP68,Nano-SIM + eSIM,"OLED, 90Hz, HDR10+",90,6.0,1080x2340,432,85.9,Gorilla Glass 6,"Android 11, upgradable to Android 14",Qualcomm SM7250 Snapdragon 765G 5G (7 nm),7,Octa-core (1x2.4 GHz Kryo 475 Prime & 1x2.2 GHz Kryo 475 Gold & 6x1.8 GHz Kryo 475 Silver),Adreno 620,8,8,128,128,UFS 2.1,12.2,2,1.7,Yes,1/2.55,Yes,"LED flash, Pixel Shift, Auto-HDR, panorama","4K@30/60fps, 1080p@30/60/120/240fps; gyro-EIS",8.0,No,HDR,1080p@30fps,"Wi-Fi 802.11 a/b/g/n/ac, dual-band, Wi-Fi Direct",Yes,5.0,Type-C,No,"GPS, GLONASS, GALILEO, QZSS, BDS","Fingerprint (rear-mounted), accelerometer, gyro, proximity, compass, barometer",4080,18,12,No,,254.99,,,,,,,699,,"Just Black, Sorta Sage","GD1YQ, GTT9Q, G5NZ6",,,No
Google,Google Pixel 4a 5G,https://www.gsmarena.com/google_pixel_4a_5g-10385.php,https://fdn2.gsmarena.com/vv/bigpic/google-pixel-4a-5g.jpg,GSM / HSPA / LTE / 5G,Yes,"2020, September 30","Available. Released 2020, November 05",153.9 x 74 x 8.2 mm (Sub-6) or 8.5 mm (Sub-6 and mmWave),168.0,Glass,,Nano-SIM + eSIM,"OLED, HDR",,6.2,1080x2340,413,84.1,Gorilla Glass 3,"Android 11, upgradable to Android 14",Qualcomm SM7250 Snapdragon 765G 5G (7 nm),7,Octa-core (1x2.4 GHz Kryo 475 Prime & 1x2.2 GHz Kryo 475 Gold & 6x1.8 GHz Kryo 475 Silver),Adreno 620,6,6,128,128,UFS 2.1,12.2,2,1.7,Yes,1/2.55,Yes,"LED flash, Pixel Shift, Auto-HDR, panorama","4K@30/60fps, 1080p@30/60/120/240fps; gyro-EIS",8.0,No,HDR,1080p@30fps,"Wi-Fi 802.11 a/b/g/n/ac, dual-band, Wi-Fi Direct",Yes,5.0,Type-C,Yes,"GPS, GLONASS, GALILEO, QZSS, BDS","Fingerprint (rear-mounted), accelerometer, gyro, proximity, compass, barometer",3885,18,,No,,,,,,,,,,,"Just Black, Clearly White","GD1YQ, G025I, G025E, G025H, G6QU3",,,No
Google,Google Pixel 4a,https://www.gsmarena.com/google_pixel_4a-10123.php,https://fdn2.gsmarena.com/vv/bigpic/google-pixel-4a.jpg,GSM / HSPA / LTE,No,"2020, August 03","Available. Released 2020, August 20",144 x 69.4 x 8.2 mm (5.67 x 2.73 x 0.32 in),143.0,Glass,,Nano-SIM + eSIM,"OLED, HDR",,5.81,1080x2340,443,83.3,Gorilla Glass 3,"Android 10, upgradable to Android 13",Qualcomm SDM730 Snapdragon 730G (8 nm),8,Octa-core (2x2.2 GHz Kryo 470 Gold & 6x1.8 GHz Kryo 470 Silver),Adreno 618,6,6,128,128,UFS 2.1,12.2,1,1.7,Yes,1/2.55,Yes,"LED flash, Pixel Shift, Auto-HDR, panorama","4K@30fps, 1080p@30/60/120fps; gyro-EIS",8.0,No,HDR,1080p@30fps,"Wi-Fi 802.11 a/b/g/n/ac, dual-band, Wi-Fi Direct, DLNA",Yes,5.0,Type-C,Yes,"GPS, GLONASS, GALILEO, QZSS, BDS","Fingerprint (rear-mounted), accelerometer, gyro, proximity, compass, barometer",3140,18,,No,,,,,,268714,6426,,803,,"Just Black, Barely Blue","G025J, GA02099, G025N",,,No
Google,Google Pixel 4 XL,https://www.gsmarena.com/google_pixel_4_xl-9895.php,https://fdn2.gsmarena.com/vv/bigpic/google-pixel-4-r1.jpg,GSM / CDMA / HSPA / EVDO / LTE,No,"2019, October 15","Available. Released 2019, October 22",160.4 x 75.1 x 8.2 mm (6.31 x 2.96 x 0.32 in),193.0,Glass,IP68,Nano-SIM + eSIM,"P-OLED, 90Hz, HDR",90,6.3,1440x3040,537,81.3,Gorilla Glass 5,"Android 10, upgradable to Android 13",Qualcomm SM8150 Snapdragon 855 (7 nm),7,Octa-core (1x2.84 GHz Kryo 485 & 3x2.42 GHz Kryo 485 & 4x1.78 GHz Kryo 485),Adreno 640,6,6,64,128,UFS 2.1,12.2,2,1.7,Yes,1/2.55,Yes,"Dual-LED flash, Pixel Shift, Auto-HDR, panorama","4K@30fps, 1080p@30/60/120fps, 1080p@30fps (gyro-EIS)",8.0,No,HDR,1080p@30fps,"Wi-Fi 802.11 a/b/g/n/ac, dual-band, Wi-Fi Direct, DLNA",Yes,5.0,Type-C,No,"GPS, GLONASS, BDS, GALILEO","Face ID, accelerometer, gyro, proximity, compass, barometer",3700,18,,No,,,,,,323305,10171,,,,"Clearly White, Just Black, Oh So Orange","G020P, G020, GA01181-US, GA01182-US, GA01180-US",,,No
Google,Google Pixel 4,https://www.gsmarena.com/google_pixel_4-9896.php,https://fdn2.gsmarena.com/vv/bigpic/google-pixel-4-r1.jpg,GSM / CDMA / HSPA / EVDO / LTE,No,"2019, October 15","Available. Released 2019, October 22",147.1 x 68.8 x 8.2 mm (5.79 x 2.71 x 0.32 in),162.0,Glass,IP68,Nano-SIM + eSIM,"P-OLED, 90Hz, HDR",90,5.7,1080x2280,444,79.8,Gorilla Glass 5,"Android 10, upgradable to Android 13",Qualcomm SM8150 Snapdragon 855 (7 nm),7,Octa-core (1x2.84 GHz Kryo 485 & 3x2.42 GHz Kryo 485 & 4x1.78 GHz Kryo 485),Adreno 640,6,6,64,128,UFS 2.1,12.2,2,1.7,Yes,1/2.55,Yes,"Dual-LED flash, Pixel Shift, Auto-HDR, panorama","4K@30fps, 1080p@30/60/120fps, 1080p@30fps (gyro-EIS)",8.0,No,HDR,1080p@30fps,"Wi-Fi 802.11 a/b/g/n/ac, dual-band, Wi-Fi Direct, DLNA",Yes,5.0,Type-C,No,"GPS, GLONASS, BDS, GALILEO","Face ID, accelerometer, gyro, proximity, compass, barometer",2800,18,,No,,,,,,395351,2542,,423,,"Clearly White, Just Black, Oh So Orange","G020M, G020I, GA01188-US, GA01187-US, GA01189-US, GA01191-US, GA01189-US",,,No
Google,Google Pixel 3a XL,https://www.gsmarena.com/google_pixel_3a_xl-9690.php,https://fdn2.gsmarena.com/vv/bigpic/google-pixel-3a-xl-.jpg,GSM / CDMA / HSPA / EVDO / LTE,No,"2019, May 07. Released 2019, May 15",Discontinued,160.1 x 76.1 x 8.2 mm (6.30 x 3.00 x 0.32 in),167.0,Glass,,Nano-SIM + eSIM,OLED,,6.0,1080x2160,402,76.3,Asahi Dragontrail Glass,"Android 9.0 (Pie), upgradable to Android 12",Qualcomm SDM670 Snapdragon 670 (10 nm),10,Octa-core (2x2.0 GHz 360 Gold & 6x1.7 GHz Kryo 360 Silver),Adreno 615,4,4,64,64,eMMC 5.1,12.2,1,1.8,Yes,1/2.55,Yes,"Dual-LED flash, Pixel Shift, HDR, panorama","4K@30fps, 1080p@30/60/120fps",8.0,No,HDR,1080p@30fps,"Wi-Fi 802.11 a/b/g/n/ac, dual-band, Wi-Fi Direct",Yes,5.0,Type-C,Yes,"GPS, GLONASS, GALILEO","Fingerprint (rear-mounted), accelerometer, gyro, proximity, compass, barometer",3700,18,,No,,,,,,159110,5176,,451,,"Just Black, Clearly White, Purple-ish","G020C, G020G, G020F, G020A, G020B, G020D",,,No
Google,Google Pixel 3a,https://www.gsmarena.com/google_pixel_3a-9408.php,https://fdn2.gsmarena.com/vv/bigpic/google-pixel-3a.jpg,GSM / CDMA / HSPA / EVDO / LTE,No,"2019, May 07. Released 2019, May 15",Discontinued,151.3 x 70.1 x 8.2 mm (5.96 x 2.76 x 0.32 in),147.0,Glass,,Nano-SIM + eSIM,OLED,,5.6,1080x2220,441,75.0,Asahi Dragontrail Glass,"Android 9.0 (Pie), upgradable to Android 12",Qualcomm SDM670 Snapdragon 670 (10 nm),10,Octa-core (2x2.0 GHz 360 Gold & 6x1.7 GHz Kryo 360 Silver),Adreno 615,4,4,64,64,eMMC 5.1,12.2,1,1.8,Yes,1/2.55,Yes,"Dual-LED flash, Pixel Shift, HDR, panorama","4K@30fps, 1080p@30/60/120fps",8.0,No,HDR,1080p@30fps,"Wi-Fi 802.11 a/b/g/n/ac, dual-band, Wi-Fi Direct",Yes,5.0,Type-C,Yes,"GPS, GLONASS, GALILEO","Fingerprint (rear-mounted), accelerometer, gyro, proximity, compass, barometer",3000,18,,No,,,,,,,,,,,"Just Black, Clearly White, Purple-ish","G020A, G020E, G020B, G020G, G020H",,,No
Google,Google Pixel 3 XL,https://www.gsmarena.com/google_pixel_3_xl-9257.php,https://fdn2.gsmarena.com/vv/bigpic/google-pixel-3xl-.jpg,GSM / CDMA / HSPA / EVDO / LTE,No,"2018, October 09. Released 2018, October 18",Discontinued,158 x 76.7 x 7.9 mm (6.22 x 3.02 x 0.31 in),184.0,Glass,IP68,Nano-SIM + eSIM,"P-OLED, HDR",,6.3,1440x2960,523,82.8,Gorilla Glass 5,"Android 9.0 (Pie), upgradable to Android 12",Qualcomm SDM845 Snapdragon 845 (10 nm),10,Octa-core (4x2.5 GHz Kryo 385 Gold & 4x1.6 GHz Kryo 385 Silver),Adreno 630,4,4,64,128,UFS 2.1,12.2,1,1.8,Yes,1/2.55,Yes,"Dual-LED flash, Pixel Shift, Auto-HDR, panorama","4K@30fps, 1080p@30/60/120fps, 1080p@30fps (gyro-EIS)",8.0,No,HDR,1080p@30fps,"Wi-Fi 802.11 a/b/g/n/ac, dual-band, Wi-Fi Direct, DLNA",Yes,5.0,Type-C,No,"GPS, GLONASS, BDS, GALILEO","Fingerprint (rear-mounted), accelerometer, gyro, proximity, compass, barometer",3430,18,,No,,,,,,258244,8088,,,,"Clearly White, Just Black, Not Pink",G013C,,,No
Google,Google Pixel 3,https://www.gsmarena.com/google_pixel_3-9256.php,https://fdn2.gsmarena.com/vv/bigpic/google-pixel-3-.jpg,GSM / CDMA / HSPA / EVDO / LTE,No,"2018, October 09. Released 2018, October 18",Discontinued,145.6 x 68.2 x 7.9 mm (5.73 x 2.69 x 0.31 in),148.0,Glass,IP68,Nano-SIM + eSIM,"P-OLED, HDR",,5.5,1080x2160,443,77.2,Gorilla Glass 5,"Android 9.0 (Pie), upgradable to Android 12",Qualcomm SDM845 Snapdragon 845 (10 nm),10,Octa-core (4x2.5 GHz Kryo 385 Gold & 4x1.6 GHz Kryo 385 Silver),Adreno 630,4,4,64,128,UFS 2.1,12.2,1,1.8,Yes,1/2.55,Yes,"Dual-LED flash, Pixel Shift, Auto-HDR, panorama","4K@30fps, 1080p@30/60/120fps, 1080p@30fps (gyro-EIS)",8.0,No,HDR,1080p@30fps,"Wi-Fi 802.11 a/b/g/n/ac, dual-band, Wi-Fi Direct, DLNA",Yes,5.0,Type-C,No,"GPS, GLONASS, BDS, GALILEO","Fingerprint (rear-mounted), accelerometer, gyro, proximity, compass, barometer",2915,18,,No,,,,,,285044,8337,,,,"Clearly White, Just Black, Not Pink",G013A,,,No
Google,Google Pixel 2,https://www.gsmarena.com/google_pixel_2-8733.php,https://fdn2.gsmarena.com/vv/bigpic/google-pixel-2.jpg,GSM / CDMA / HSPA / EVDO / LTE,No,"2017, October 04. Released 2017, October 17",Discontinued,145.7 x 69.7 x 7.8 mm (5.74 x 2.74 x 0.31 in),143.0,Glass,IP67,Nano-SIM + eSIM,AMOLED,,5.0,1080x1920,441,67.9,Gorilla Glass 5,"Android 8.0 (Oreo), upgradable to Android 11",Qualcomm MSM8998 Snapdragon 835 (10 nm),10,Octa-core (4x2.35 GHz Kryo & 4x1.9 GHz Kryo),Adreno 540,4,4,64,128,UFS 2.1,12.2,1,1.8,Yes,1/2.55,Yes,"Laser AF, Dual-LED flash, HDR, panorama","4K@30fps (gyro-EIS), 1080p@30/60/120fps (gyro-EIS), 720p@240fps (gyro-EIS)",8.0,No,HDR,1080p@30fps,"Wi-Fi 802.11 a/b/g/n/ac, dual-band, Wi-Fi Direct, DLNA",Yes,5.0,Type-C,No,"GPS, GLONASS, BDS, GALILEO","Fingerprint (rear-mounted), accelerometer, gyro, proximity, compass, barometer",2700,5,,No,,,,,,,6437,,,,"Kinda Blue, Just Black, Clearly White",G011A,,,No
Google,Google Pixel 2 XL,https://www.gsmarena.com/google_pixel_2_xl-8720.php,https://fdn2.gsmarena.com/vv/bigpic/google-pixel-xl2-.jpg,GSM / CDMA / HSPA / EVDO / LTE,No,"2017, October 04. Released 2017, October 17",Discontinued,157.9 x 76.7 x 7.9 mm (6.22 x 3.02 x 0.31 in),175.0,Glass,IP67,Nano-SIM + eSIM,P-OLED,,6.0,1440x2880,538,76.4,Gorilla Glass 5,"Android 8.0 (Oreo), upgradable to Android 11",Qualcomm MSM8998 Snapdragon 835 (10 nm),10,Octa-core (4x2.35 GHz Kryo & 4x1.9 GHz Kryo),Adreno 540,4,4,64,128,UFS 2.1,12.2,1,1.8,Yes,1/2.55,Yes,"Laser AF, Dual-LED flash, HDR, panorama","4K@30fps (gyro-EIS), 1080p@30/60/120fps (gyro-EIS), 720p@240fps (gyro-EIS)",8.0,No,HDR,1080p@30fps,"Wi-Fi 802.11 a/b/g/n/ac, dual-band, Wi-Fi Direct, DLNA",Yes,5.0,Type-C,No,"GPS, GLONASS, BDS, GALILEO","Fingerprint (rear-mounted), accelerometer, gyro, proximity, compass, barometer",3520,5,,No,,,,,,206711,6055,,,,"Just Black, Black & White",G011C,,,No
Google,Google Pixel XL,https://www.gsmarena.com/google_pixel_xl-8345.php,https://fdn2.gsmarena.com/vv/bigpic/google-pixel-xl.jpg,GSM / HSPA / LTE,No,"2016, October 04. Released 2016, October 20",Discontinued,154.7 x 75.7 x 8.5 mm (6.09 x 2.98 x 0.33 in),168.0,Glass,,Nano-SIM,AMOLED,,5.5,1440x2560,534,71.2,Corning Gorilla Glass 4,"Android 7.1 (Nougat), upgradable to Android 10",Qualcomm MSM8996 Snapdragon 821 (14 nm),14,Quad-core (2x2.15 GHz Kryo & 2x1.6 GHz Kryo),Adreno 530,4,4,32,128,UFS 2.0,12.3,1,2.0,No,1/2.3,Yes,"Laser AF, Dual-LED flash, HDR, panorama","4K@30fps, 1080p@60/120fps, 1080p@30fps (gyro-EIS), 720p@240fps",8.0,No,,1080p@30fps,"Wi-Fi 802.11 a/b/g/n/ac, dual-band, Wi-Fi Direct, DLNA",Yes,4.2,Type-C,Yes,"GPS, GLONASS","Fingerprint (rear-mounted), accelerometer, gyro, proximity, compass, barometer",3450,18,,No,,,,,,,,,,,"Quite Black, Very Silver, Really Blue",,0.89 W/kg (head) 0.56 W/kg (body),0.25 W/kg (head) 0.44 W/kg (body),No
Google,Google Pixel,https://www.gsmarena.com/google_pixel-8346.php,https://fdn2.gsmarena.com/vv/bigpic/google-pixel.jpg,GSM / HSPA / LTE,No,"2016, October 04. Released 2016, October 20",Discontinued,143.8 x 69.5 x 8.5 mm (5.66 x 2.74 x 0.33 in),143.0,Glass,,Nano-SIM,AMOLED,,5.0,1080x1920,441,69.0,Corning Gorilla Glass 4,"Android 7.1 (Nougat), upgradable to Android 10",Qualcomm MSM8996 Snapdragon 821 (14 nm),14,Quad-core (2x2.15 GHz Kryo & 2x1.6 GHz Kryo),Adreno 530,4,4,32,128,UFS 2.0,12.3,1,2.0,No,1/2.3,Yes,"Laser AF, Dual-LED flash, HDR, panorama","4K@30fps, 1080p@60/120fps, 1080p@30fps (gyro-EIS), 720p@240fps",8.0,No,,1080p@30fps,"Wi-Fi 802.11 a/b/g/n/ac, dual-band, Wi-Fi Direct, DLNA",Yes,4.2,Type-C,Yes,"GPS, GLONASS","Fingerprint (rear-mounted), accelerometer, gyro, proximity, compass, barometer",2770,18,,No,,,,,,,,,,,"Quite Black, Very Silver, Really Blue",,0.92 W/kg (head) 0.58 W/kg (body),0.33 W/kg (head) 0.61 W/kg (body),No
Google,Google Pixel C,https://www.gsmarena.com/google_pixel_c-7826.php,https://fdn2.gsmarena.com/vv/bigpic/google-pixel-c--.jpg,No cellular connectivity,No,"2015, September 29. Released 2015, December 08",Discontinued,242 x 179 x 7 mm (9.53 x 7.05 x 0.28 in),517.0,,,No,IPS LCD,,10.2,2560x1800,308,72.4,,"Android 6.0.1 (Marshmallow), upgradable to Android 8.0 (Oreo)",Nvidia Tegra X1,,Quad-core 1.9 GHz,Nvidia Maxwell,3,3,32,64,,8.0,1,2.4,No,,No,,1080p@30fps,2.0,No,,,"Wi-Fi 802.11 a/b/g/n, dual-band, Wi-Fi Direct",No,4.1,Type-C,Yes,,"Accelerometer, gyro, proximity, compass",9240,,,No,,,,,,,,,,,Silver Aluminum,,,,No
Oneplus,OnePlus Nord CE6,https://www.gsmarena.com/oneplus_nord_ce6_5g-14611.php,https://fdn2.gsmarena.com/vv/bigpic/oneplus-turbo-6v.jpg,GSM / HSPA / LTE / 5G,Yes,"2026, May 07","Available. Released 2026, May 08",162.5 x 77.5 x 8.5 mm (6.40 x 3.05 x 0.33 in),215.0,,IP68,Nano-SIM + Nano-SIM,"AMOLED, 144Hz, 3840Hz PWM, HDR, 800 nits (typ), 1800 nits (HBM), 3600 nits (peak)",144,6.78,1272x2772,450,89.3,,Android 16,Qualcomm SM7635-AC Snapdragon 7s Gen 4 (4 nm),4,Octa-core (1x2.7 GHz Cortex-A720 & 3x2.4 GHz Cortex-A720 & 4x1.8 GHz Cortex-A520),Adreno 810,8,8,128,256,UFS 3.1,50.0,2,1.8,Yes,1/2.88,Yes,"Color spectrum sensor, LED flash, HDR, panorama","4K@30fps, 1080p@30/60/120fps, gyro-EIS, OIS",32.0,Yes,Panorama,"4K@30fps, 1080p@30fps, gyro-EIS","Wi-Fi 802.11 a/b/g/n/ac/6, dual-band",No,5.2,Type-C,No,"GPS, GALILEO, GLONASS, BDS, QZSS","Fingerprint (under display, optical), accelerometer, gyro, proximity, compass",8000,80,,No,,,,,,,,,,,"Pitch Black, Lunar Pearl, Blue",,,,No
Oneplus,OnePlus Nord CE6 Lite,https://www.gsmarena.com/oneplus_nord_ce6_lite_5g-14567.php,https://fdn2.gsmarena.com/vv/bigpic/oneplus-nord-ce-6-lite.jpg,GSM / HSPA / LTE / 5G,Yes,"2026, May 07","Available. Released 2026, May 12",165.9 x 76 x 8.5 mm (6.53 x 2.99 x 0.33 in),208.0,,IP64,Nano-SIM + Nano-SIM,"IPS LCD, 144Hz, 800 nits (typ), 1000 nits (HBM)",144,6.72,1080x2400,392,86.5,,Android 16,Mediatek Dimensity 7400 Apex (4 nm),4,Octa-core (4x2.6 GHz Cortex-A78 & 4x2.0 GHz Cortex-A55),Mali G615,6,8,128,256,UFS 3.1,50.0,2,1.8,No,1/2.88,Yes,"LED flash, HDR, panorama","4K@30fps, 1080p@30/60/120fps, gyro-EIS",8.0,No,Panorama,"1080p@30fps, gyro-EIS","Wi-Fi 802.11 a/b/g/n/ac, dual-band",No,5.4,Type-C,No,"GPS, GALILEO, GLONASS, BDS, QZSS","Fingerprint (side-mounted), accelerometer, gyro, proximity, compass",7000,45,,No,,,,,,,,,,,"Hyper Black, Vivid Mint",,,,No
Oneplus,OnePlus Ace 6 Ultra,https://www.gsmarena.com/oneplus_ace_6_ultra_5g-14637.php,https://fdn2.gsmarena.com/vv/bigpic/oneplus-ace-6-ultra.jpg,GSM / HSPA / LTE / 5G,Yes,"2026, April 28","Available. Released 2026, April 28",162.5 x 77.5 x 8.5 mm (6.40 x 3.05 x 0.33 in),217.0,Glass,IP68,Nano-SIM + Nano-SIM,"AMOLED, 1B colors, 165Hz, PWM, Dolby Vision, HDR10+, HDR Vivid, 800 nits (typ), 1800 nits (HBM)",165,6.78,1272x2772,450,89.3,Crystal Shield Glass,"Android 16, ColorOS 16",Mediatek Dimensity 9500 (3 nm),3,Octa-core (1x4.21 GHz C1-Ultra & 3x3.5 GHz C1-Premium & 4x2.7 GHz C1-Pro),Mali-G1 Ultra MC12,12,16,256,512,UFS 4.1,50.0,2,1.8,Yes,1/1.55,Yes,"Color spectrum sensor, LED flash, HDR, panorama","4K@30/60fps, 1080p@30/60/240fps, gyro-EIS",16.0,No,Panorama,"1080p@30fps, gyro-EIS","802.11 a/b/g/n/ac/6/7, dual-band, Wi-Fi Direct",Yes,6.0,Type-C,No,"GPS (L1+L5), GALILEO (E1+E5a+E5b), QZSS (L1+L5), BDS (B1l+B1C+ B2a+B2b), GLONASS, NavIC (L5)","Fingerprint (under display, ultrasonic), accelerometer, gyro, proximity, compass",8600,120,,No,,,,,,,,,,,"Gray, Gold",,,,No
Oneplus,OnePlus Pad 4,https://www.gsmarena.com/oneplus_pad_4-14630.php,https://fdn2.gsmarena.com/vv/bigpic/oneplus-pad-4-new.jpg,No cellular connectivity,No,"2026, April 24","Available. Released 2026, April 30",289.7 x 209.8 x 5.9 mm (11.41 x 8.26 x 0.23 in),672.0,Glass,,No,"IPS LCD, 68B colors, Dolby Vision, 144Hz, 700 nits (typ), 1000 nits (HBM)",144,13.2,2400x3392,315,87.2,,"Android 16, OxygenOS 16",Qualcomm SM8850-AC Snapdragon 8 Elite Gen 5 (3 nm),3,Octa-core (2x4.6 GHz Oryon V3 Phoenix L + 6x3.62 GHz Oryon V3 Phoenix M),Adreno 840,8,12,256,512,UFS 4.1,13.0,1,,No,,Yes,LED flash,"4K@30fps, 1080p@30ps, gyro-EIS",8.0,No,,1080p@30fps,"Wi-Fi 802.11 a/b/g/n/ac/6/7, dual-band",No,6.0,Type-C,No,No,"Accelerometer, proximity (accessories only), gyro, compass",13380,80,,No,,,,,,,,,,,"Dune Glow, Sage Mist",,,,No
Oneplus,OnePlus Watch 4,https://www.gsmarena.com/oneplus_watch_4-14622.php,https://fdn2.gsmarena.com/vv/bigpic/oppo-watch-4.jpg,No cellular connectivity,No,"2026, April 22","Available. Released 2026, April",47.4 x 47.4 x 11 mm (1.87 x 1.87 x 0.43 in),43.0,Titanium,IP68,No,"LTPO AMOLED, 600 nits (typ), 1600 nits (HBM), 3000 nits (peak)",,1.5,466x466,310,,Sapphire crystal glass,OxygenOS Watch 8 + Wear OS 6.0,Qualcomm Snapdragon W5 Gen 1 (4 nm),4,,,2,2,32,32,,,,,No,,No,,,,No,,,"Yes, dual-band",Yes,5.2,No,No,"GPS (L1+L5), GLONASS, GALILEO, BDS, QZSS","Accelerometer, gyro, barometer, compass, heart rate, SpO2, thermometer (skin temperature)",646,5,,No,,,,,,,,,,,"Midnight Titanium, Evergreen Titanium",,,,No
Oneplus,OnePlus Nord 6,https://www.gsmarena.com/oneplus_nord_6_5g-14558.php,https://fdn2.gsmarena.com/vv/bigpic/oneplus-turbo-6.jpg,GSM / HSPA / LTE / 5G,Yes,"2026, April 07","Available. Released 2026, April 07",162.5 x 77.5 x 8.5 mm (6.40 x 3.05 x 0.33 in),210.0,Glass,IP68,Nano-SIM + Nano-SIM,"AMOLED, 1B colors, 165Hz, 3840Hz PWM, HDR10+, 800 nits (typ), 1800 nits (HBM), 3600 nits (peak)",165,6.78,1272x2772,450,89.3,"OnePlus Crystal Guard, Mohs level 8","Android 16, OxygenOS 16",Qualcomm SM8735 Snapdragon 8s Gen 4 (4 nm),4,Octa-core (1x3.21 GHz Cortex-X4 & 3x3.0 GHz Cortex-A720 & 2x2.8 GHz Cortex-A720 & 2x2.0 GHz Cortex-A720),Adreno 825,8,12,256,512,UFS 4.1,50.0,2,1.8,Yes,1/1.95,Yes,"Color spectrum sensor, LED flash, Ultra HDR, panorama","4K@30/60fps (main), 1080p@30 (ultrawide), gyro-EIS",32.0,Yes,Panorama,"4K@30fps, 1080p@30fps; gyro-EIS","Wi-Fi 802.11 a/b/g/n/ac/6/7, dual-band",Yes,6.0,Type-C,No,"GPS (L1+L5), GLONASS (G1), BDS (B1I+B1c+B2a), GALILEO (E1+E5a), QZSS (L1+L5)","Fingerprint (under display, optical), accelerometer, gyro, proximity, compass",7500,80,,No,,,459.0,359.0,42999,,,,,,"Fresh Mint, Pitch Black, Quick Silver","CPH2795, CPH2793",,,No
Oneplus,OnePlus 15T,https://www.gsmarena.com/oneplus_15t_5g-14385.php,https://fdn2.gsmarena.com/vv/bigpic/oneplus-15t.jpg,GSM / HSPA / LTE / 5G,Yes,"2026, March 24","Available. Released 2026, March 29",150.6 x 71.8 x 8.4 mm (5.93 x 2.83 x 0.33 in),194.0,Glass,IP68,· Nano-SIM + Nano-SIM + eSIM (max 2 at a time) · Nano-SIM + Nano-SIM,"AMOLED, 1B colors, 165Hz, 3840Hz PWM, Dolby Vision, HDR10+, HDR Vivid, 800 nits (typ), 1800 nits (HBM), 3600 nits (peak)",165,6.32,1216x2640,460,90.6,Crystal Shield Glass,"Android 16, OxygenOS 16 (Global), ColorOS 16 (China)",Qualcomm SM8850-AC Snapdragon 8 Elite Gen 5 (3 nm),3,Octa-core (2x4.6 GHz Oryon V3 Phoenix L + 6x3.62 GHz Oryon V3 Phoenix M),Adreno 840,12,16,256,512,UFS 4.1,50.0,2,1.8,Yes,1/1.56,Yes,"Color spectrum sensor, LED flash, HDR, panorama","8K@30fps, 4K@30/60/120fps, 1080p@30/60/120/240fps, gyro-EIS, OIS, Dolby Vision HDR",16.0,No,"HDR, panorama","1080p@30fps, gyro-EIS","Wi-Fi 802.11 a/b/g/n/ac/6/7, dual or tri-band, Wi-Fi Direct",Yes,6.0,Type-C,No,"GPS (L1+L5), BDS (B1I+B1c+B2a), GALILEO (E1+E5a), QZSS (L1+L5), GLONASS, NavIC (L5)","Fingerprint (under display, ultrasonic), accelerometer, gyro, proximity, compass",7500,100,50,No,,,,,,,,,,,"Brown, Green, White",PLZ110,,,No
Oneplus,OnePlus Turbo 6,https://www.gsmarena.com/oneplus_turbo_6_5g-14260.php,https://fdn2.gsmarena.com/vv/bigpic/oneplus-turbo-6.jpg,GSM / HSPA / LTE / 5G,Yes,"2026, January 08","Available. Released 2026, January 09",162.5 x 77.5 x 8.5 mm (6.40 x 3.05 x 0.33 in),217.0,,IP68,Nano-SIM + Nano-SIM,"AMOLED, 1B colors, 165Hz, 3840Hz PWM, HDR Vivid, 800 nits (typ), 1800 nits (peak)",165,6.78,1272x2772,450,89.3,,"Android 16, ColorOS 16",Qualcomm SM8735 Snapdragon 8s Gen 4 (4 nm),4,Octa-core (1x3.21 GHz Cortex-X4 & 3x3.0 GHz Cortex-A720 & 2x2.8 GHz Cortex-A720 & 2x2.0 GHz Cortex-A720),Adreno 825,12,16,256,512,UFS 4.1,50.0,2,1.9,Yes,,Yes,"Color spectrum sensor, LED flash, HDR, panorama","4K@30/60fps, 1080p@30/60/240fps, gyro-EIS, OIS",16.0,No,"HDR, panorama","1080p@30fps, gyro-EIS","Wi-Fi 802.11 a/b/g/n/ac/6/7, dual-band",Yes,5.4,Type-C,No,"GPS (L1+L5), GLONASS (G1), BDS (B1I+B1c+B2a), GALILEO (E1+E5a), QZSS (L1+L5)","Fingerprint (under display, optical), accelerometer, gyro, proximity, compass",9000,80,,No,,,,,,,,,,,"Black, White, Mint",PLU110,,,No
Oneplus,OnePlus Turbo 6V,https://www.gsmarena.com/oneplus_turbo_6v_5g-14404.php,https://fdn2.gsmarena.com/vv/bigpic/oneplus-turbo-6v.jpg,GSM / HSPA / LTE / 5G,Yes,"2026, January 08","Available. Released 2026, January 09",162.5 x 77.5 x 8.5 mm (6.40 x 3.05 x 0.33 in),215.0,,IP68,Nano-SIM + Nano-SIM,"AMOLED, 1B colors, 144Hz, 3840Hz PWM, 800 nits (typ), 1800 nits (peak)",144,6.78,1272x2772,450,89.3,,"Android 16, ColorOS 16",Qualcomm SM7635-AC Snapdragon 7s Gen 4 (4 nm),4,Octa-core (1x2.7 GHz Cortex-A720 & 3x2.4 GHz Cortex-A720 & 4x1.8 GHz Cortex-A520),Adreno 810,8,12,256,512,UFS 3.1,50.0,2,1.9,Yes,,Yes,"Color spectrum sensor, LED flash, HDR, panorama","4K@30/60fps, 1080p@30/60/120fps, gyro-EIS, OIS",16.0,No,"HDR, panorama","1080p@30fps, gyro-EIS","Wi-Fi 802.11 a/b/g/n/ac/6, dual-band",Yes,5.4,Type-C,No,"GPS (L1+L5), GLONASS (G1), BDS (B1I+B1c+B2a+B2b), GALILEO (E1+E5a+E5b), QZSS (L1+L5)","Fingerprint (under display, optical), accelerometer, gyro, proximity, compass",9000,80,,No,,,,,,,,,,,"Black, White, Blue",PLY110,,,No
Oneplus,OnePlus 15R,https://www.gsmarena.com/oneplus_15r_5g-14358.php,https://fdn2.gsmarena.com/vv/bigpic/oneplus-15r.jpg,GSM / HSPA / LTE / 5G,Yes,"2025, December 17","Available. Released 2025, December 22",163.4 x 77 x 8.1 mm or 8.3 mm,213.0,Glass,IP68,· Nano-SIM + Nano-SIM + eSIM (max 2 at a time) · Nano-SIM + Nano-SIM,"AMOLED, 1B colors, 165Hz, PWM, Dolby Vision, HDR10+, HDR Vivid, 1800 nits (HBM), 3600 nits (peak)",165,6.83,1272x2800,450,90.1,Gorilla Glass 7i,"Android 16, OxygenOS 16",Qualcomm SM8845 Snapdragon 8 Gen 5 (3 nm),3,Octa-core (2x3.8 GHz Oryon V3 Phoenix L + 6x3.32 GHz Oryon V3 Phoenix M),Adreno 829,12,12,256,512,UFS 4.1,50.0,2,1.8,Yes,1/1.56,Yes,"Color spectrum sensor, LED flash, HDR, panorama","4K@30/60/120fps, 1080p@30/60/120/240fps, gyro-EIS, OIS",32.0,Yes,"HDR, panorama","4K@30fps, 1080p@30fps, gyro-EIS, OIS","Wi-Fi 802.11 a/b/g/n/ac/6/7, dual-band",Yes,6.0,Type-C,No,"GPS (L1+L5), GLONASS (G1), BDS (B1I+B1c+B2a), GALILEO (E1+E5a), QZSS (L1+L5), NavIC (L5)","Fingerprint (under display, ultrasonic), accelerometer, gyro, proximity, compass",7400,80,,No,Active use score 21:36h,699.99,534.0,499.68,54999,1954910,9369,5016,1204,-25.7,"Charcoal Black, Mint Breeze, Electric Violet","CPH2769, CPH2767",1.08 W/kg (head) 1.00 W/kg (body),,No
Oneplus,OnePlus Pad Go 2,https://www.gsmarena.com/oneplus_pad_go_2_5g-14343.php,https://fdn2.gsmarena.com/vv/bigpic/oneplus-pad-go2.jpg,GSM / HSPA / LTE / 5G,Yes,"2025, December 17","Available. Released 2025, December 24",266 x 192.8 x 6.8 mm (10.47 x 7.59 x 0.27 in),597.0,Glass,,Yes - cellular model only,"IPS LCD, 68B colors, 120Hz, Dolby Vision, HDR10+, 900 nits (HBM)",120,12.1,1980x2800,283,86.8,Mohs level 6,"Android 16, OxygenOS 16",Mediatek Dimensity 7300 Ultra (4 nm),4,Octa-core (4x2.5 GHz Cortex-A78 & 4x2.0 GHz Cortex-A55),Mali-G615 MC2,8,8,128,256,UFS 3.1,8.0,1,,No,,No,,1080p@30fps,8.0,No,,1080p@30fps,"Wi-Fi 802.11 a/b/g/n/ac/6, dual-band",No,5.4,Type-C,No,Unspecified,"Accelerometer, proximity (accessories only), gyro, compass",10050,33,,No,Active use score 14:35h,,,,,719742,2939,877,842,-22.1,"Shadow Black, Lavender Drift","OPD2504, OPD2505",,,No
Oneplus,OnePlus Watch Lite,https://www.gsmarena.com/oneplus_watch_lite-14365.php,https://fdn2.gsmarena.com/vv/bigpic/oneplus-watch-3-lite.jpg,No cellular connectivity,No,"2025, December 17","Available. Released 2025, December 24",45 x 45 x 8.9 mm (1.77 x 1.77 x 0.35 in),35.0,Glass,IP68,No,"AMOLED, 1500 nits (HBM), 3000 nits (peak)",,1.46,464x464,317,,,OxygenOS Watch 7.1,,,,,,,4,4,,,,,No,,No,,,,No,,,No,Yes,5.2,No,No,"GPS (L1+L5), GLONASS, BDS, GALILEO","Accelerometer, gyro, heart rate, SpO2, compass, barometer, thermometer (skin temperature)",339,,,No,,,,,,,,,,,"Black Steel, Silver Steel",,,,No
Oneplus,OnePlus Ace 6T,https://www.gsmarena.com/oneplus_ace_6t_5g-14315.php,https://fdn2.gsmarena.com/vv/bigpic/oneplus-ace-6t.jpg,GSM / HSPA / LTE / 5G,Yes,"2025, December 03","Available. Released 2025, December 05",163.4 x 77 x 8.1 mm or 8.3 mm,211.0,Glass,IP68,Nano-SIM + Nano-SIM,"AMOLED, 1B colors, 165Hz, PWM, HDR10+, HDR Vivid, 1800 nits (HBM), 3600 nits (peak)",165,6.83,1272x2800,450,90.1,Crystal Shield Glass,"Android 16, ColorOS 16",Qualcomm SM8845 Snapdragon 8 Gen 5 (3 nm),3,Octa-core (2x3.8 GHz Oryon V3 Phoenix L + 6x3.32 GHz Oryon V3 Phoenix M),Adreno 829,12,16,256,512,UFS 4.1,50.0,2,1.8,Yes,1/1.56,Yes,"Color spectrum sensor, LED flash, HDR, panorama","4K@30/60/120fps, 1080p@30/60/120fps, gyro-EIS, OIS",16.0,No,"HDR, panorama","1080p@30fps, gyro-EIS","Wi-Fi 802.11 a/b/g/n/ac/6/7, dual-band",Yes,5.4,Type-C,No,"GPS (L1+L5), GLONASS (G1), BDS (B1I+B1c+B2a), GALILEO (E1+E5a), QZSS (L1+L5)","Fingerprint (under display, ultrasonic), accelerometer, gyro, proximity, compass",8300,100,,No,,,,,,,,,,,"Black, Purple, Green",PLR110,,,No
Oneplus,OnePlus 15,https://www.gsmarena.com/oneplus_15_5g-14206.php,https://fdn2.gsmarena.com/vv/bigpic/oneplus-15.jpg,GSM / HSPA / LTE / 5G,Yes,"2025, October 27","Available. Released 2025, October 28",161.4 x 76.7 x 8.1 mm (6.35 x 3.02 x 0.32 in),211.0,Glass,IP68,· Nano-SIM + Nano-SIM + eSIM (max 2 at a time) · Nano-SIM + Nano-SIM,"LTPO AMOLED, 1B colors, 165Hz, PWM, Dolby Vision, HDR10+, HDR Vivid, 800 nits (typ), 1800 nits (HBM)",165,6.78,1272x2772,450,90.8,Gorilla Glass Victus,"Android 16, OxygenOS 16 (Global), ColorOS 16 (China)",Qualcomm SM8850-AC Snapdragon 8 Elite Gen 5 (3 nm),3,Octa-core (2x4.6 GHz Oryon V3 Phoenix L + 6x3.62 GHz Oryon V3 Phoenix M),Adreno 840,12,16,256,512,UFS 4.1,50.0,3,1.8,Yes,1/1.56,Yes,"Laser focus, color spectrum sensor, LED flash, HDR, panorama, LUT preview","8K@30fps, 4K@30/60/120fps, 1080p@30/60/240fps, Auto HDR, gyro-EIS, Dolby Vision, LUT",32.0,Yes,"HDR, panorama","4K@30/60fps, 1080p@30/60fps, gyro-EIS, HDR","Wi-Fi 802.11 a/b/g/n/ac/6/7, dual or tri-band, Wi-Fi Direct",Yes,6.0,Type-C,No,"GPS (L1+L5), GLONASS (G1), BDS (B1I+B1c+B2a), GALILEO (E1+E5a), QZSS (L1+L5), NavIC (L5)","Fingerprint (under display, ultrasonic), accelerometer, proximity, gyro (UAV-grade), compass, barometer (exc. China)",7300,120,50,Yes,Active use score 23:07h,729.95,782.85,819.0,77999,2790237,11062,7370,1364,-24.8,"Infinite Black, Ultra Violet, Sand Storm","CPH2747, CPH2745, PLK110, CPH2749",1.17 W/kg (head) 1.00 W/kg (body),,No
Oneplus,OnePlus Ace 6,https://www.gsmarena.com/oneplus_ace_6_5g-14259.php,https://fdn2.gsmarena.com/vv/bigpic/oneplus-ace6.jpg,GSM / HSPA / LTE / 5G,Yes,"2025, October 27","Available. Released 2025, October 30",163.4 x 77 x 8.3 mm (6.43 x 3.03 x 0.33 in),213.0,Glass,IP68,Nano-SIM + Nano-SIM,"AMOLED, 1B colors, 165Hz, PWM, HDR10+, Dolby Vision, HDR Vivid, 800 nits (typ), 1800 nits (HBM)",165,6.83,1272x2800,450,90.1,Crystal Shield Glass,"Android 16, ColorOS 16",Qualcomm SM8750-AB Snapdragon 8 Elite (3 nm),3,Octa-core (2x4.32 GHz Oryon V2 Phoenix L + 6x3.53 GHz Oryon V2 Phoenix M),Adreno 830,12,16,256,512,UFS 4.1,50.0,2,1.8,Yes,1/4.0,Yes,"Color spectrum sensor, LED flash, HDR, panorama","4K@30/60/120fps, 1080p@30/60/120fps, gyro-EIS, OIS",16.0,No,"HDR, panorama","1080p@30fps, gyro-EIS","Wi-Fi 802.11 a/b/g/n/ac/6/7, dual-band",Yes,5.4,Type-C,No,"GPS (L1+L5), GLONASS (G1), BDS (B1I+B1c+B2a), GALILEO (E1+E5a), QZSS (L1+L5), NavIC (L5)","Fingerprint (under display, ultrasonic), accelerometer, gyro, proximity, compass",7800,120,,No,,,,,,,,,,,"Black, White, Silver",PLQ110,,,No
Oneplus,OnePlus Nord 5,https://www.gsmarena.com/oneplus_nord_5_5g-13992.php,https://fdn2.gsmarena.com/vv/bigpic/oneplus-nord5.jpg,GSM / HSPA / LTE / 5G,Yes,"2025, July 08","Available. Released 2025, July 08",163.4 x 77 x 8.1 mm (6.43 x 3.03 x 0.32 in),211.0,Glass,IP65,Nano-SIM + Nano-SIM,"Swift AMOLED, 1B colors, 144Hz, 3840Hz PWM, HDR10+, 800 nits (typ), 1400 nits (HBM), 1800 nits (peak)",144,6.83,1272x2800,450,90.1,Gorilla Glass 7i,"Android 15, up to 4 major Android upgrades, OxygenOS 15",Qualcomm SM8635 Snapdragon 8s Gen 3 (4 nm),4,Octa-core (1x3.0 GHz Cortex-X4 & 4x2.8 GHz Cortex-A720 & 3x2.0 GHz Cortex-A520),Adreno 735,8,12,256,512,UFS 3.1,50.0,2,1.8,Yes,1/1.56,Yes,"LED flash, Ultra HDR, panorama","4K@30/60fps, 1080p@30/60/120fps, gyro-EIS",50.0,Yes,Panorama,"4K@30/60fps, 1080p@30/60fps; gyro-EIS","Wi-Fi 802.11 a/b/g/n/ac/6, dual-band, Wi-Fi Direct",Yes,5.4,Type-C,No,"GPS, GLONASS, GALILEO, BDS, QZSS, NavIC","Fingerprint (under display, optical), accelerometer, gyro, proximity, compass",5200,80,,No,Active use score 13:47h,,372.85,446.0,,1512943,5112,3399,1330,-25.3,"Phantom Grey, Dry Ice, Marble Sands","CPH2709, CPH2707",1.18 W/kg (head) 0.90 W/kg (body),,No
Oneplus,OnePlus Nord CE5,https://www.gsmarena.com/oneplus_nord_ce5_5g-13792.php,https://fdn2.gsmarena.com/vv/bigpic/oneplus-nord-ce5.jpg,GSM / HSPA / LTE / 5G,Yes,"2025, July 08","Available. Released 2025, July 08",163.6 x 76 x 8.2 mm (6.44 x 2.99 x 0.32 in),199.0,,IP65,Nano-SIM + Nano-SIM,"Fluid AMOLED, 1B colors, 120Hz, HDR10+, 800 nits (typ), 1300 nits (HBM), 1430 nits (peak)",120,6.77,1080x2392,387,89.7,Mohs level 5,"Android 15, ColorOS 15",Mediatek Dimensity 8350 Apex (4 nm),4,Octa-core (1x3.35 GHz Cortex-A715 & 3x3.20 GHz Cortex-A715 & 4x2.20 GHz Cortex-A510),Mali G615-MC6,8,12,128,256,UFS 3.1,50.0,2,1.8,Yes,1/1.95,Yes,"LED flash, Ultra HDR, panorama","4K@30/60fps (HDR), 1080p@30/60/120/480fps, 720p@960fps, gyro-EIS, OIS",16.0,No,Panorama,"1080p@30/60fps, gyro-EIS","Wi-Fi 802.11 a/b/g/n/ac/6, dual-band",Yes,5.4,Type-C,No,"GPS, GALILEO, GLONASS, BDS, QZSS","Fingerprint (under display, optical), accelerometer, gyro, proximity, compass",5200,80,,No,Active use score 14:42h,,279.0,279.99,,1390121,4006,3033,1231,-27.1,"Marble Mist, Black Infinity, Nexus Blue",CPH2719,1.20 W/kg (head) 0.91 W/kg (body),,No
Oneplus,OnePlus Watch 3 43mm,https://www.gsmarena.com/oneplus_watch_3_43mm-13957.php,https://fdn2.gsmarena.com/vv/bigpic/oneplus-watch3-43mm.jpg,No cellular connectivity,No,"2025, July 08","Available. Released 2025, July 08",43.2 x 43.2 x 11 mm (1.70 x 1.70 x 0.43 in),37.8,Glass,IP68,No,"AMOLED, 1000 nits (peak)",,1.32,466x466,352,,,Wear OS,Qualcomm Snapdragon W5 Gen 1 (4 nm),4,,,2,2,32,32,,,,,No,,No,,,,No,,,"Wi-Fi 802.11 a/b/g/n, dual-band",Yes,5.2,No,No,"GPS, GLONASS, GALILEO, BDS, QZSS","Accelerometer, gyro, barometer, compass, heart rate, SpO2",354,,,No,,,189.9,685.26,,,,,,,"Black Steel, Silver Steel",,,,No
Oneplus,OnePlus Pad Lite,https://www.gsmarena.com/oneplus_pad_lite-13956.php,https://fdn2.gsmarena.com/vv/bigpic/oneplus-pad-lite.jpg,GSM / HSPA / LTE,No,"2025, July 08","Available. Released 2025, August 14",254.9 x 166.5 x 7.4 mm (10.04 x 6.56 x 0.29 in),530.0,,,Yes - cellular model only,"IPS LCD, 1B colors, 90Hz, 500 nits",90,11.0,1200x1920,207,81.9,,"Android 15, OxygenOS 15",Mediatek Helio G100 (6 nm),6,Octa-core (2x2.2 GHz Cortex-A76 & 6x2.0 GHz Cortex-A55),Mali-G57 MC2,6,8,128,128,,5.0,1,,No,,No,,1080p@30fps,5.0,No,,1080p@30fps,"Wi-Fi 802.11 a/b/g/n/ac, dual-band",No,5.2,Type-C,No,"GPS, (cellular model only) - unconfirmed",Unspecified,9340,33,,No,,,,,,,,,,,Aero Blue,OPD2480,,,No
Oneplus,OnePlus Pad 3,https://www.gsmarena.com/oneplus_pad_3_(global)-13881.php,https://fdn2.gsmarena.com/vv/bigpic/oneplus-pad-2-pro.jpg,No cellular connectivity,No,"2025, June 05","Available. Released 2025, June 19",289.6 x 209.7 x 6 mm (11.40 x 8.26 x 0.24 in),675.0,Glass,,No,"IPS LCD, 68B colors, Dolby Vision, 144Hz, 900 nits (HBM)",144,13.2,2400x3392,315,87.3,,"Android 15, ColorOS 15",Qualcomm SM8750-AB Snapdragon 8 Elite (3 nm),3,Octa-core (2x4.32 GHz Oryon V2 Phoenix L + 6x3.53 GHz Oryon V2 Phoenix M),Adreno 830,12,16,256,512,UFS 4.0,13.0,1,,No,,Yes,"Color spectrum sensor, LED flash","4K@30fps, 1080p@30ps, gyro-EIS",8.0,No,,1080p@30fps,"Wi-Fi 802.11 a/b/g/n/ac/6/7, dual-band",No,5.4,Type-C,No,No,"Accelerometer, proximity (accessories only), gyro, compass",12140,80,,No,Active use score 10:49h,,,,,,,,,-23.6,Storm Blue,OPD2415,,,No
Oneplus,OnePlus 13s,https://www.gsmarena.com/oneplus_13s_5g-13818.php,https://fdn2.gsmarena.com/vv/bigpic/oneplus-13s-.jpg,GSM / HSPA / LTE / 5G,Yes,"2025, June 05","Available. Released 2025, June 12",150.8 x 71.7 x 8.2 mm (5.94 x 2.82 x 0.32 in),185.0,Glass,IP65,Nano-SIM + Nano-SIM + eSIM (max 2 at a time),"LTPO AMOLED, 1B colors, 120Hz, 2160Hz PWM, Dolby Vision, HDR10+, HDR Vivid, 1600 nits (HBM)",120,6.32,1216x2640,460,90.6,Crystal Shield Glass,"Android 15, upgradable to Android 16, OxygenOS 16",Qualcomm SM8750-AB Snapdragon 8 Elite (3 nm),3,Octa-core (2x4.32 GHz Oryon V2 Phoenix L + 6x3.53 GHz Oryon V2 Phoenix M),Adreno 830,12,12,256,512,UFS 4.0,50.0,2,1.8,Yes,1/1.56,Yes,"Color spectrum sensor, LED flash, HDR, panorama","4K@30/60fps, 1080p@30/60/240fps, gyro-EIS, OIS, Dolby Vision HDR",32.0,Yes,"HDR, panorama","4K@30fps, 1080p@30fps, gyro-EIS","Wi-Fi 802.11 a/b/g/n/ac/6/7, dual-band, Wi-Fi Direct",Yes,6.0,Type-C,No,"GPS (L1+L5), BDS (B1I+B1C+B2a), GALILEO (E1+E5a), QZSS (L1+L5), NavIC (L5), GLONASS","Fingerprint (under display, optical), accelerometer, gyro, proximity, compass",5850,80,,No,,,,,52999,2499190,9093,6473,,,"Green Silk, Black Velvet, Pink Satin",CPH2723,,,No
Oneplus,OnePlus Ace 5 Ultra,https://www.gsmarena.com/oneplus_ace_5_ultra_5g-13891.php,https://fdn2.gsmarena.com/vv/bigpic/oneplus-ace-5-ultra.jpg,GSM / HSPA / LTE / 5G,Yes,"2025, May 27","Available. Released 2025, May 27",163.4 x 77 x 8.1 mm (6.43 x 3.03 x 0.32 in),206.0,,IP65,Nano-SIM + Nano-SIM,"AMOLED, 1B colors, 144Hz, 3840Hz PWM, HDR10+, Dolby Vision, HDR Vivid, 800 nits (typ), 1400 nits (peak)",144,6.83,1272x2800,450,90.1,Crystal Shield Glass,"Android 15, ColorOS 15",Mediatek Dimensity 9400+ (3 nm),3,Octa-core (1x3.73 GHz Cortex-X925 & 3x3.3 GHz Cortex-X4 & 4x2.4 GHz Cortex-A720),Immortalis-G925 MC12,12,16,256,512,UFS 4.0,50.0,2,1.8,Yes,1/1.56,Yes,"LED flash, HDR, panorama","4K@30/60fps, 1080p@30/60/120/240fps, gyro-EIS, OIS",16.0,No,"HDR, panorama","1080p@30fps, gyro-EIS","Wi-Fi 802.11 a/b/g/n/ac/6/7, dual-band",Yes,5.4,Type-C,No,"GPS (L1+L5), GLONASS (G1), BDS (B1I+B1c+B2a+B2b), GALILEO (E1+E5a+E5b), QZSS (L1+L5), NavIC (L5)","Fingerprint (under display, optical), accelerometer, gyro, proximity, compass",6700,100,,No,,,,,,,,,,,"Blue, Black, Titanium",PLC110,,,No
Oneplus,OnePlus Ace 5 Racing,https://www.gsmarena.com/oneplus_ace_5_racing_5g-13892.php,https://fdn2.gsmarena.com/vv/bigpic/oneplus-ace-5-racing.jpg,GSM / HSPA / LTE / 5G,Yes,"2025, May 27","Available. Released 2025, May 27",163.6 x 76 x 8.2 mm (6.44 x 2.99 x 0.32 in),200.0,,IP64,Nano-SIM + Nano-SIM,"AMOLED, 1B colors, 120Hz, HDR Vivid, 800 nits (typ), 1300 nits (HBM)",120,6.77,1080x2392,387,89.7,Crystal Shield Glass,"Android 15, ColorOS 15",Mediatek Dimensity 9400e (4 nm),4,Octa-core (1x3.4 GHz Cortex-X4 & 3x2.85 GHz Cortex-X4 & 4x2.0 GHz Cortex-A720),Immortalis-G720 MC12,12,16,256,512,UFS 4.0,50.0,2,1.8,Yes,1/1.95,Yes,"LED flash, HDR, panorama","4K@30/60fps, 1080p@30/60/120/240fps, gyro-EIS, OIS",16.0,No,"HDR, panorama","1080p@30/60fps, gyro-EIS","Wi-Fi 802.11 a/b/g/n/ac/6/7, dual-band",Yes,5.4,Type-C,No,"GPS, GALILEO, GLONASS, BDS, QZSS","Fingerprint (under display, optical), accelerometer, gyro, proximity, compass",7100,80,,No,,,,,,,,,,,"Black, White, Green",PLF110,,,No
Oneplus,OnePlus Pad 2 Pro,https://www.gsmarena.com/oneplus_pad_2_pro-13860.php,https://fdn2.gsmarena.com/vv/bigpic/oneplus-pad-2-pro.jpg,No cellular connectivity,No,"2025, May 13","Available. Released 2025, May 20",289.6 x 209.7 x 6 mm (11.40 x 8.26 x 0.24 in),675.0,Glass,,No,"IPS LCD, 68B colors, Dolby Vision, 144Hz, 900 nits (HBM)",144,13.2,2400x3392,315,87.3,,"Android 15, ColorOS 15",Qualcomm SM8750-AB Snapdragon 8 Elite (3 nm),3,Octa-core (2x4.32 GHz Oryon V2 Phoenix L + 6x3.53 GHz Oryon V2 Phoenix M),Adreno 830,8,16,256,512,UFS 4.0,13.0,1,,No,,Yes,"Color spectrum sensor, LED flash","4K@30fps, 1080p@30ps, gyro-EIS",8.0,No,,1080p@30fps,"Wi-Fi 802.11 a/b/g/n/ac/6/7, dual-band",No,5.4,Type-C,No,No,"Accelerometer, proximity (accessories only), gyro, compass",12140,67,,No,,,,,,,,,,,"Blue, Silver",OPD2413,,,No
Oneplus,OnePlus 13T,https://www.gsmarena.com/oneplus_13t_5g-13791.php,https://fdn2.gsmarena.com/vv/bigpic/oneplus-13t.jpg,GSM / HSPA / LTE / 5G,Yes,"2025, April 24","Available. Released 2025, April 30",150.8 x 71.7 x 8.2 mm (5.94 x 2.82 x 0.32 in),185.0,Glass,IP65,· Nano-SIM + Nano-SIM + eSIM (max 2 at a time) · Nano-SIM + Nano-SIM,"LTPO AMOLED, 1B colors, 120Hz, 2160Hz PWM, Dolby Vision, HDR10+, HDR Vivid, 1600 nits (HBM)",120,6.32,1216x2640,460,90.6,Crystal Shield Glass,"Android 15, OxygenOS 15 (International), ColorOS 15 (China)",Qualcomm SM8750-AB Snapdragon 8 Elite (3 nm),3,Octa-core (2x4.32 GHz Oryon V2 Phoenix L + 6x3.53 GHz Oryon V2 Phoenix M),Adreno 830,12,16,256,512,UFS 4.0,50.0,2,1.8,Yes,1/1.56,Yes,"Color spectrum sensor, LED flash, HDR, panorama","4K@30/60fps, 1080p@30/60/240fps, gyro-EIS, OIS, Dolby Vision HDR",16.0,No,"HDR, panorama",1080p@30fps,"Wi-Fi 802.11 a/b/g/n/ac/6/7, dual or tri-band, Wi-Fi Direct",Yes,5.4,Type-C,No,"GPS (L1+L5), BDS (B1I+B1c+B2a), GALILEO (E1+E5a), QZSS (L1+L5), GLONASS","Fingerprint (under display, optical), accelerometer, gyro, proximity, compass",6260,80,,No,,,,,,,,,,,"Black, Gray, Pink",PKX110,,,No
Oneplus,OnePlus Watch 3,https://www.gsmarena.com/oneplus_watch_3-13668.php,https://fdn2.gsmarena.com/vv/bigpic/oneplus-watch3.jpg,No cellular connectivity,No,"2025, February 18","Available. Released 2025, March 03",47.6 x 46.6 x 11.8 mm (1.87 x 1.83 x 0.46 in),49.7,Plastic,IP68,No,"LTPO AMOLED, 2200 nits (peak)",,1.5,466x466,310,,Sapphire crystal glass,ColorOS Watch 7.0 + Wear OS 5.0,Qualcomm Snapdragon W5 Gen 1 (4 nm),4,,,2,2,32,32,,,,,No,,No,,,,No,,,"Wi-Fi 802.11 a/b/g/n, dual-band",Yes,5.2,No,No,"GPS (L1+L5), GLONASS, GALILEO, BDS, QZSS","Accelerometer, gyro, barometer, compass, heart rate, SpO2, thermometer (skin temperature)",648,5,,No,,,114.95,,,,,,,,"Black titanium, Silver titanium",OPWWE251,,,No
Oneplus,OnePlus 13R,https://www.gsmarena.com/oneplus_13r-13548.php,https://fdn2.gsmarena.com/vv/bigpic/oneplus-13r.jpg,GSM / CDMA / HSPA / LTE / 5G,Yes,"2025, January 07","Available. Released 2025, January 14",161.7 x 75.8 x 8 mm (6.37 x 2.98 x 0.31 in),206.0,Glass,IP65,· Nano-SIM + Nano-SIM + eSIM (max 2 at a time) · Nano-SIM + Nano-SIM,"LTPO 4.1 AMOLED, 1B colors, 120Hz, 2160Hz PWM, HDR10+, Dolby Vision, HDR Vivid, 1600 nits (HBM), 4500 nits (peak)",120,6.78,1264x2780,450,91.2,Gorilla Glass 7i,"Android 15, up to 4 major Android upgrades, OxygenOS 15",Qualcomm SM8650-AB Snapdragon 8 Gen 3 (4 nm),4,Octa-core (1x3.3 GHz Cortex-X4 & 3x3.2 GHz Cortex-A720 & 2x3.0 GHz Cortex-A720 & 2x2.3 GHz Cortex-A520),Adreno 750,12,16,256,512,UFS 4.0,50.0,3,1.8,Yes,1/1.56,Yes,"Color spectrum sensor, LED flash, HDR, panorama","4K@30/60fps, 1080p@30/60/120/240fps, gyro-EIS, OIS",16.0,No,"HDR, panorama","1080p@30fps, gyro-EIS","Wi-Fi 802.11 a/b/g/n/ac/6e/7, dual-band (6e is market specific)",Yes,5.4,Type-C,No,"GPS (L1+L5), GLONASS (G1), BDS (B1I+B1c+B2a), GALILEO (E1+E5a), QZSS (L1+L5)","Fingerprint (under display, optical), accelerometer, gyro, proximity, compass",6000,80,,No,Active use score 15:09h,899.99,528.45,499.0,41999,2109299,6803,4979,1223,-23.4,"Astral Trail, Nebula Noir","CPH2645, CPH2691, CPH2647",1.19 W/kg (head) 0.90 W/kg (body),,No
Oneplus,OnePlus Ace 5 Pro,https://www.gsmarena.com/oneplus_ace_5_pro-13591.php,https://fdn2.gsmarena.com/vv/bigpic/oneplus-ace5-pro.jpg,GSM / CDMA / HSPA / LTE / 5G,Yes,"2024, December 26","Available. Released 2024, December 31",161.7 x 75.8 x 8.1 mm (6.37 x 2.98 x 0.32 in),203.0,Glass,IP65,Nano-SIM + Nano-SIM,"LTPO AMOLED, 1B colors, 120Hz, HDR10+, Dolby Vision, 800 nits (typ), 1600 nits (HBM), 4500 nits (peak)",120,6.78,1264x2780,450,91.2,Crystal Shield Glass,"Android 15, ColorOS 15",Qualcomm SM8750-AB Snapdragon 8 Elite (3 nm),3,Octa-core (2x4.32 GHz Oryon V2 Phoenix L + 6x3.53 GHz Oryon V2 Phoenix M),Adreno 830,12,16,256,512,UFS 4.0,50.0,3,1.8,Yes,1/1.56,Yes,"Color spectrum sensor, Dual-LED flash, HDR, panorama","4K@30/60fps, 1080p@30/60/120/240fps, gyro-EIS, OIS",16.0,No,"HDR, panorama","1080p@30fps, gyro-EIS","Wi-Fi 802.11 a/b/g/n/ac/6/7, dual-band",Yes,5.4,Type-C,No,"GPS (L1+L5), GLONASS (G1), BDS (B1I+B1c+B2a), GALILEO (E1+E5a), QZSS (L1+L5)","Fingerprint (under display, optical), accelerometer, gyro, proximity, compass",6100,100,,No,,,,,,,,,,,"Gray, White, Purple",PKR110,,,No
Oneplus,OnePlus Ace 5,https://www.gsmarena.com/oneplus_ace_5-13592.php,https://fdn2.gsmarena.com/vv/bigpic/oneplus-ace5.jpg,GSM / CDMA / HSPA / LTE / 5G,Yes,"2024, December 26","Available. Released 2024, December 26",161.7 x 75.8 x 8.1 mm (6.37 x 2.98 x 0.32 in),206.0,Glass,IP65,Nano-SIM + Nano-SIM,"LTPO AMOLED, 1B colors, 120Hz, HDR10+, Dolby Vision, 800 nits (typ), 1600 nits (HBM), 4500 nits (peak)",120,6.78,1264x2780,450,91.2,Crystal Shield Glass,"Android 15, ColorOS 15",Qualcomm SM8650-AB Snapdragon 8 Gen 3 (4 nm),4,Octa-core (1x3.3 GHz Cortex-X4 & 3x3.2 GHz Cortex-A720 & 2x3.0 GHz Cortex-A720 & 2x2.3 GHz Cortex-A520),Adreno 750,12,16,256,512,UFS 4.0,50.0,3,1.8,Yes,1/1.56,Yes,"Color spectrum sensor, Dual-LED flash, HDR, panorama","4K@30/60fps, 1080p@30/60/120/240fps, gyro-EIS, OIS",16.0,No,"HDR, panorama","1080p@30fps, gyro-EIS","Wi-Fi 802.11 a/b/g/n/ac/6/7, dual-band",Yes,5.4,Type-C,No,"GPS (L1+L5), GLONASS (G1), BDS (B1I+B1c+B2a), GALILEO (E1+E5a), QZSS (L1+L5)","Fingerprint (under display, optical), accelerometer, gyro, proximity, compass",6415,80,,No,,,,,,,,,,,"Gray, White, Green",PKG110,,,No
Oneplus,OnePlus Pad 3 (China),https://www.gsmarena.com/oneplus_pad_3-13593.php,https://fdn2.gsmarena.com/vv/bigpic/oneplus-pad3.jpg,No cellular connectivity,No,"2024, December 26","Available. Released 2024, December 26",257.8 x 189.1 x 6.3 mm (10.15 x 7.44 x 0.25 in),533.0,,,No,"IPS LCD, 1B colors, 144Hz, 500 nits (typ), 700 nits (HBM)",144,11.61,2000x2800,296,84.4,,"Android 15, ColorOS 15",Mediatek Dimensity 8350 (4 nm),4,Octa-core (1x3.35 GHz Cortex-A715 & 3x3.20 GHz Cortex-A715 & 4x2.20 GHz Cortex-A510),Mali G615-MC6,8,12,128,512,128GB UFS 3.1 256/512GB UFS 4.0,8.0,1,,No,,Yes,LED flash,"4K@30fps, 1080p@30ps, gyro-EIS",8.0,No,,1080p@30fps,"Wi-Fi 802.11 a/b/g/n/ac/6, dual-band",Yes,5.4,Type-C,No,No,"Accelerometer, proximity (accessories only), gyro, compass",9520,67,,No,,,,,,,,,,,"Green, Gray",OPD2407,,,No
Oneplus,OnePlus 13,https://www.gsmarena.com/oneplus_13-13477.php,https://fdn2.gsmarena.com/vv/bigpic/oneplus-13.jpg,GSM / HSPA / LTE / 5G,Yes,"2024, October 31","Available. Released 2024, November 01",162.9 x 76.5 x 8.5 mm or 8.9 mm,210.0,Ceramic,IP68,· Nano-SIM + Nano-SIM + eSIM (max 2 at a time) · Nano-SIM + Nano-SIM,"LTPO 4.1 AMOLED, 1B colors, 120Hz, 2160Hz PWM, Dolby Vision, HDR10+, HDR Vivid, 800 nits (typ), 1600 nits (HBM), 4500 nits (peak)",120,6.82,1440x3168,510,90.7,"Ceramic Guard glass, Mohs level 4","Android 15, up to 4 major Android upgrades, OxygenOS 16 (International), ColorOS 16 (China)",Qualcomm SM8750-AB Snapdragon 8 Elite (3 nm),3,Octa-core (2x4.32 GHz Oryon V2 Phoenix L + 6x3.53 GHz Oryon V2 Phoenix M),Adreno 830,12,24,256,512,UFS 4.0,50.0,3,1.6,Yes,1/1.43,Yes,"Laser focus, Hasselblad Color Calibration, color spectrum sensor, Dual-LED flash, HDR, panorama","8K@30fps, 4K@30/60fps, 1080p@30/60/240/480fps, Auto HDR, gyro-EIS, Dolby Vision",32.0,Yes,"HDR, panorama","4K@30/60fps, 1080p@30/60fps, gyro-EIS","Wi-Fi 802.11 a/b/g/n/ac/6/7, dual or tri-band, Wi-Fi Direct",Yes,5.4,Type-C,No,"GPS (L1+L5), GLONASS (G1), BDS (B1I+B1c+B2a), GALILEO (E1+E5a), QZSS (L1+L5), NavIC","Fingerprint (under display, ultrasonic), accelerometer, gyro, proximity, compass, barometer",6000,100,50,Yes,Active use score 15:28h,679.99,683.0,688.0,57999,2690491,9278,6615,1204,-23.5,"Black Eclipse, Arctic Dawn, Midnight Ocean","CPH2655, CPH2653, PJZ110, CPH2649",1.13 W/kg (head) 1.15 W/kg (body),,No
Oneplus,OnePlus Nord 4,https://www.gsmarena.com/oneplus_nord_4-13200.php,https://fdn2.gsmarena.com/vv/bigpic/oneplus-nord4.jpg,GSM / HSPA / LTE / 5G,Yes,"2024, July 16","Available. Released 2024, August 08",162.6 x 75 x 8 mm (6.40 x 2.95 x 0.31 in),199.5,Glass,IP65,Nano-SIM + Nano-SIM,"Fluid AMOLED, 1B colors, 120Hz, HDR10+, 2150 nits (peak)",120,6.74,1240x2772,450,90.0,,"Android 14, up to 4 major Android upgrades, OxygenOS 15",Qualcomm SM7675 Snapdragon 7+ Gen 3 (4 nm),4,Octa-core (1x2.8 GHz Cortex-X4 & 4x2.6 GHz Cortex-A720 & 3x1.9 GHz Cortex-A520),Adreno 732,8,16,128,512,UFS 3.1 - 128GB only UFS 4.0,50.0,2,1.8,Yes,1/1.95,Yes,"Dual-LED flash, HDR, panorama","4K@30/60fps, 1080p@30/60/120fps, gyro-EIS",16.0,No,Panorama,1080p@30fps,"Wi-Fi 802.11 a/b/g/n/ac/6, dual-band, Wi-Fi Direct",Yes,5.4,Type-C,No,"GPS, GALILEO, GLONASS, BDS, QZSS","Fingerprint (under display, optical), accelerometer, gyro, proximity, compass",5500,100,,No,Active use score 14:41h,,322.53,359.99,42999,1315847,4791,3080,1163,-24.6,"Obsidian Midnight, Mercurial Silver, Oasis Green","CPH2663, CPH2661",1.18 W/kg (head) 1.06 W/kg (body),,No
Oneplus,OnePlus Pad 2,https://www.gsmarena.com/oneplus_pad_2-13210.php,https://fdn2.gsmarena.com/vv/bigpic/oneplus-pad2.jpg,No cellular connectivity,No,"2024, July 16","Available. Released 2024, August 01",268.7 x 195.1 x 6.5 mm (10.58 x 7.68 x 0.26 in),584.0,Glass,,No,"IPS LCD, 1B colors, Dolby Vision, HDR10+, 144Hz, 600 nits (typ), 900 nits (peak)",144,12.1,2120x3000,304,84.9,,"Android 14, upgradable to Android 16, OxygenOS 16",Qualcomm SM8650-AB Snapdragon 8 Gen 3 (4 nm),4,Octa-core (1x3.3 GHz Cortex-X4 & 3x3.2 GHz Cortex-A720 & 2x3.0 GHz Cortex-A720 & 2x2.3 GHz Cortex-A520),Adreno 750,8,12,128,256,UFS 3.1,13.0,1,2.2,No,,Yes,LED flash,"4K@30fps, 1080p@30ps, gyro-EIS",8.0,No,,"1080p@30fps, gyro-EIS","Wi-Fi 802.11 a/b/g/n/ac/6/7, dual-band",No,5.4,Type-C,No,No,"Accelerometer, gyro, proximity (accessories only), compass",9510,67,,No,Active use score 10:51h,,,,,1977475,6616,4699,793,-21.8,Nimbus Gray,,,,No
Oneplus,OnePlus Watch 2R,https://www.gsmarena.com/oneplus_watch_2r-13209.php,https://fdn2.gsmarena.com/vv/bigpic/oneplus-watch-2r.jpg,No cellular connectivity,No,"2024, July 16","Available. Released 2024, July 16",47 x 46.6 x 12.1 mm (1.85 x 1.83 x 0.48 in),37.0,Glass,IP68,No,"AMOLED, 1000 nits (HBM)",,1.43,466x466,326,,Panda Glass,"Android Wear OS, ColorOS Watch 6.0",Qualcomm Snapdragon W5 Gen 1 (4 nm),4,Quad-core 1.7 GHz Cortex-A53,Adreno 702,2,2,32,32,eMMC,,,,No,,No,,,,No,,,"Wi-Fi 802.11 a/b/g/n, dual-band",Yes,5.0,No,No,"GPS (L1+L5), GLONASS, GALILEO, BDS, QZSS","Accelerometer, gyro, barometer, compass, heart rate, SpO2",500,5,,No,,,,,,,,,,,"Forest Green, Gunmetal Gray",,,,No
Oneplus,OnePlus Ace 3 Pro,https://www.gsmarena.com/oneplus_ace_3_pro-13179.php,https://fdn2.gsmarena.com/vv/bigpic/oneplus-ace3-pro.jpg,GSM / CDMA / HSPA / LTE / 5G,Yes,"2024, June 27","Available. Released 2024, July 03",163.3 x 75.3 x 8.7 / 8.9 / 9.0 mm,207.0,,IP65,Nano-SIM + Nano-SIM,"LTPO AMOLED, 1B colors, 120Hz, HDR10+, Dolby Vision, 800 nits (typ), 1600 nits (HBM), 4500 nits (peak)",120,6.78,1264x2780,450,90.9,Gorilla Glass Victus,"Android 14, ColorOS 14",Qualcomm SM8650-AB Snapdragon 8 Gen 3 (4 nm),4,Octa-core (1x3.3 GHz Cortex-X4 & 3x3.2 GHz Cortex-A720 & 2x3.0 GHz Cortex-A720 & 2x2.3 GHz Cortex-A520),Adreno 750,12,24,256,512,UFS 4.0,50.0,3,1.8,Yes,1/1.56,Yes,"Dual-LED flash, HDR, panorama","4K@30/60fps, 1080p@30/60/120/240fps, gyro-EIS, OIS",16.0,No,"HDR, panorama",1080p@30fps,"Wi-Fi 802.11 a/b/g/n/ac/6/7, dual-band",Yes,5.3,Type-C,No,"GPS (L1+L5), GLONASS (G1), BDS (B1I+B1c+B2a), GALILEO (E1+E5a), QZSS (L1+L5)","Fingerprint (under display, optical), accelerometer, gyro, proximity, compass",6100,100,,No,,,,,,,,,,,"Gray, White, Green",PJX110,,,No
Oneplus,OnePlus Pad Pro,https://www.gsmarena.com/oneplus_pad_pro-13180.php,https://fdn2.gsmarena.com/vv/bigpic/oneplus-pad-pro.jpg,No cellular connectivity,No,"2024, June 27","Available. Released 2024, June 29",268.7 x 195.1 x 6.5 mm (10.58 x 7.68 x 0.26 in),584.0,Glass,,No,"IPS LCD, 68B colors, Dolby Vision, HDR10+, 144Hz, 600 nits (typ), 900 nits (peak)",144,12.1,2120x3000,304,84.9,,"Android 14, OxygenOS 14.1",Qualcomm SM8650-AB Snapdragon 8 Gen 3 (4 nm),4,Octa-core (1x3.3 GHz Cortex-X4 & 3x3.2 GHz Cortex-A720 & 2x3.0 GHz Cortex-A720 & 2x2.3 GHz Cortex-A520),Adreno 750,8,16,128,512,,13.0,1,2.2,No,,Yes,LED flash,"4K@30fps, 1080p@30ps, gyro-EIS",8.0,No,,1080p@30fps,"Wi-Fi 802.11 a/b/g/n/ac/6/7, dual-band",No,5.4,Type-C,No,No,"Accelerometer, gyro, proximity (accessories only), compass",9510,67,,No,,,,,,,,,,,"Gray, Green",OPD2404,,,No
Oneplus,OnePlus Watch 2 (eSIM),https://www.gsmarena.com/oneplus_watch_2_(esim)-13181.php,https://fdn2.gsmarena.com/vv/bigpic/oneplus-watch2-china.jpg,GSM / HSPA / LTE,No,"2024, June 27","Available. Released 2024, July 03",47.6 x 46.6 x 12.1 mm (1.87 x 1.83 x 0.48 in),37.0,,IP68,eSIM,"AMOLED, 1000 nits (HBM)",,1.43,466x466,326,,,ColorOS Watch 6.0,Qualcomm Snapdragon W5 Gen 1 (4 nm),4,,,2,2,32,32,eMMC,,,,No,,No,,,,No,,,"Wi-Fi 802.11 a/b/g/n, dual-band",Yes,5.0,No,No,"GPS (L1+L5), GLONASS, GALILEO, BDS, QZSS","Accelerometer, gyro, barometer, compass, heart rate, SpO2",500,5,,No,,,,,,,,,,,"Black, Silver",,,,No
Oneplus,OnePlus Nord CE4 Lite,https://www.gsmarena.com/oneplus_nord_ce4_lite-13166.php,https://fdn2.gsmarena.com/vv/bigpic/oneplus-nord-ce4-lite-intl.jpg,GSM / HSPA / LTE / 5G,Yes,"2024, June 24","Available. Released 2024, July 02",162.9 x 75.6 x 8.1 mm (6.41 x 2.98 x 0.32 in),191.0,Glass,IP54,Nano-SIM + Nano-SIM,"AMOLED, 120Hz, 600 nits (typ), 1200 nits (HBM), 2100 nits (peak)",120,6.67,1080x2400,395,87.2,,"Android 14, upgradable to Android 16, OxygenOS 16",Qualcomm SM6375 Snapdragon 695 5G (6 nm),6,Octa-core (2x2.2 GHz Kryo 660 Gold & 6x1.7 GHz Kryo 660 Silver),Adreno 619,8,8,256,256,UFS 2.2,50.0,2,1.8,Yes,1/1.95,No,"Dual-LED flash, HDR, panorama","1080p@30fps, gyro-EIS",16.0,No,Panorama,"1080p@30fps, gyro-EIS","Wi-Fi 802.11 a/b/g/n/ac, dual-band",Yes,5.1,Type-C,Yes,"GPS, GALILEO, GLONASS, BDS, QZSS","Fingerprint (under display, optical), accelerometer, gyro, proximity, compass",5110,80,,No,,,,349.94,,,,,,,"Super Silver, Mega Blue","CPH2619, CPH262",,,No
Oneplus,OnePlus Nord CE4 Lite (India),https://www.gsmarena.com/oneplus_nord_ce4_lite_(india)-13155.php,https://fdn2.gsmarena.com/vv/bigpic/oneplus-nord-ce4-lite-.jpg,GSM / HSPA / LTE / 5G,Yes,"2024, June 24","Available. Released 2024, June 28",162.9 x 75.6 x 8.1 mm (6.41 x 2.98 x 0.32 in),191.0,Glass,IP54,Nano-SIM + Nano-SIM,"AMOLED, 120Hz, 600 nits (typ), 1200 nits (HBM), 2100 nits (peak)",120,6.67,1080x2400,395,87.2,,"Android 14, OxygenOS 14",Qualcomm SM6375 Snapdragon 695 5G (6 nm),6,Octa-core (2x2.2 GHz Kryo 660 Gold & 6x1.7 GHz Kryo 660 Silver),Adreno 619,8,8,128,256,UFS 2.2,50.0,2,1.8,Yes,1/1.95,No,"Dual-LED flash, HDR, panorama","1080p@30fps, gyro-EIS",16.0,No,Panorama,"1080p@30fps, gyro-EIS","Wi-Fi 802.11 a/b/g/n/ac, dual-band",No,5.1,Type-C,Yes,"GPS, GALILEO, GLONASS, BDS, QZSS","Fingerprint (under display, optical), accelerometer, gyro, proximity, compass",5500,80,,No,,,,,,,,,,,"Super Silver, Mega Blue, Ultra Orange",CPH2621,,,No
Oneplus,OnePlus Ace 3V,https://www.gsmarena.com/oneplus_ace_3v-12889.php,https://fdn2.gsmarena.com/vv/bigpic/oneplus-ace-3v.jpg,GSM / CDMA / HSPA / LTE / 5G,Yes,"2024, March 21","Available. Released 2024, March 25",162.7 x 75.2 x 8.5 mm (6.41 x 2.96 x 0.33 in),200.0,Glass,IP65,Nano-SIM + Nano-SIM,"AMOLED, 1B colors, 120Hz, 1100 nits (HBM), 2150 nits (peak)",120,6.74,1240x2772,451,89.3,,"Android 14, ColorOS 14",Qualcomm SM7675 Snapdragon 7+ Gen 3 (4 nm),4,Octa-core (1x2.8 GHz Cortex-X4 & 4x2.6 GHz Cortex-A720 & 3x1.9 GHz Cortex-A520),Adreno 732,12,16,256,512,UFS 4.0,50.0,2,1.8,Yes,1/1.95,Yes,"LED flash, HDR, panorama","4K@30/60fps, 1080p@30/60/120fps, gyro-EIS, OIS",16.0,No,,1080p@30fps,"Wi-Fi 802.11 a/b/g/n/ac/6, dual-band",Yes,5.4,Type-C,No,"GPS (L1+L5), BDS (B1I+B1c+B2a), GALILEO (E1+E5a), QZSS (L1+L5), GLONASS","Fingerprint (under display, optical), accelerometer, gyro, proximity, compass",5500,100,,No,,,,,,,,,,,"Purple, Gray",PJF110,,,No
Oneplus,OnePlus Nord CE4,https://www.gsmarena.com/oneplus_nord_ce4-12892.php,https://fdn2.gsmarena.com/vv/bigpic/oneplus-nord-ce4-.jpg,GSM / HSPA / LTE / 5G,Yes,"2024, April 01","Available. Released 2024, April 04",162.5 x 75.3 x 8.4 mm (6.40 x 2.96 x 0.33 in),186.0,,IP54,Nano-SIM + Nano-SIM,"Fluid AMOLED, 1B colors, 120Hz, HDR10+, 900 nits (HBM), 1100 nits (peak)",120,6.7,1080x2412,394,88.3,,"Android 14, upgradable to Android 16, OxygenOS 16",Qualcomm SM7550-AB Snapdragon 7 Gen 3 (4 nm),4,Octa-core (1x2.63 GHz Cortex-A715 & 4x2.4 GHz Cortex-A715 & 3x1.8 GHz Cortex-A510),Adreno 720,8,8,128,256,UFS 3.1,50.0,2,1.8,Yes,1/1.95,Yes,"Dual-LED flash, HDR, panorama","4K@30fps, 1080p@30/60/120fps, gyro-EIS, OIS",16.0,No,Panorama,1080p@30fps,"Wi-Fi 802.11 a/b/g/n/ac/6, dual-band",No,5.4,Type-C,No,"GPS, GALILEO, GLONASS, BDS, QZSS","Fingerprint (under display, optical), accelerometer, gyro, proximity, compass",5500,100,,No,,,,,,839564,3029,1494,,,"Celadon Marble, Dark Chrome",CPH2613,1.16 W/kg (head) 0.91 W/kg (body),,No
Oneplus,OnePlus Watch 2,https://www.gsmarena.com/oneplus_watch_2-12843.php,https://fdn2.gsmarena.com/vv/bigpic/oneplus-watch-2.jpg,No cellular connectivity,No,"2024, February 26","Available. Released 2024, March 05",47 x 46.6 x 12.1 mm (1.85 x 1.83 x 0.48 in),49.0,Plastic,IP68,No,"AMOLED, 1000 nits (HBM)",,1.43,466x466,326,,Sapphire crystal glass,Android Wear OS 4 + RTOS,Qualcomm Snapdragon W5 Gen 1 (4 nm),4,,,2,2,32,32,eMMC,,,,No,,No,,,,No,,,"Wi-Fi 802.11 a/b/g/n, dual-band",Yes,5.0,No,No,"GPS (L1+L5), GLONASS, GALILEO, BDS, QZSS","Accelerometer, gyro, barometer, compass, heart rate, SpO2",500,5,,No,,,,,,,,,,,"Black Steel, Radiant Steel",,,,No
Oneplus,OnePlus Nord N30 SE,https://www.gsmarena.com/oneplus_nord_n30_se-12811.php,https://fdn2.gsmarena.com/vv/bigpic/oneplus-nord-n30-se-5g.jpg,GSM / HSPA / LTE / 5G,Yes,"2024, January 29","Available. Released 2024, January 31",165.6 x 76 x 8 mm (6.52 x 2.99 x 0.31 in),193.0,Glass,,Nano-SIM + Nano-SIM,IPS LCD,,6.72,1080x2400,392,86.6,,"Android 13, OxygenOS 13.1",Mediatek Dimensity 6020 (7 nm),7,Octa-core (2x2.2 GHz Cortex-A76 & 6x2.0 GHz Cortex-A55),Mali-G57 MC2,4,4,128,128,,50.0,2,1.8,No,1/2.76,No,"LED flash, HDR, panorama",1080p@30fps,8.0,No,,1080p@30fps,"Wi-Fi 802.11 a/b/g/n/ac, dual-band",Yes,5.3,Type-C,Yes,"GPS, GALILEO, GLONASS, BDS","Fingerprint (side-mounted), accelerometer, gyro, proximity, compass",5000,33,,No,,,,,,,,,,,"Black Satin, Cyan",CPH2605,,,No
Oneplus,OnePlus 12R,https://www.gsmarena.com/oneplus_12r-12727.php,https://fdn2.gsmarena.com/vv/bigpic/oneplus-12r-new.jpg,GSM / CDMA / HSPA / LTE / 5G,Yes,"2024, January 23","Available. Released 2024, February 06",163.3 x 75.3 x 8.8 mm (6.43 x 2.96 x 0.35 in),207.0,Glass,IP64,· Nano-SIM + Nano-SIM + eSIM (max 2 at a time) · Nano-SIM + Nano-SIM,"LTPO4 AMOLED, 1B colors, 120Hz, HDR10+, Dolby Vision, 1600 nits (HBM), 4500 nits (peak)",120,6.78,1264x2780,450,90.9,Gorilla Glass Victus,"Android 14, up to 3 major Android upgrades, OxygenOS 15",Qualcomm SM8550-AB Snapdragon 8 Gen 2 (4 nm),4,Octa-core (1x3.2 GHz Cortex-X3 & 2x2.8 GHz Cortex-A715 & 2x2.8 GHz Cortex-A710 & 3x2.0 GHz Cortex-A510),Adreno 740,8,16,128,256,UFS 3.1,50.0,3,1.8,Yes,1/1.56,Yes,"Laser AF, color spectrum sensor, LED flash, HDR, panorama","4K@30/60fps, 1080p@30/60/120/240fps, gyro-EIS, OIS",16.0,No,"HDR, panorama","1080p@30fps, gyro-EIS","Wi-Fi 802.11 a/b/g/n/ac/6/7, dual-band",Yes,5.3,Type-C,No,"GPS, GALILEO, GLONASS, BDS, QZSS","Fingerprint (under display, optical), accelerometer, gyro, proximity, compass",5500,100,,No,Active use score 14:32h,,459.99,444.99,,1518552,5245,3732,1181,-25.8,"Iron Gray, Cool Blue, Electric Violet, Sunset Dune","CPH2609, CPH2585, CPH2611",1.19 W/kg (head) 0.82 W/kg (body),,No
Oneplus,OnePlus 12,https://www.gsmarena.com/oneplus_12-12725.php,https://fdn2.gsmarena.com/vv/bigpic/oneplus-12.jpg,GSM / CDMA / HSPA / CDMA2000 / LTE / 5G,Yes,"2023, December 05","Available. Released 2023, December 11",164.3 x 75.8 x 9.2 mm (6.47 x 2.98 x 0.36 in),220.0,Glass,IP65,· Nano-SIM · Nano-SIM + Nano-SIM + eSIM (max 2 at a time) · Nano-SIM + Nano-SIM,"LTPO AMOLED, 1B colors, 120Hz, 2160Hz PWM, Dolby Vision, HDR10+, 600 nits (typ), 1600 nits (HBM), 4500 nits (peak)",120,6.82,1440x3168,510,90.8,Gorilla Glass Victus,"Android 14, up to 4 major Android upgrades, OxygenOS 16 (International), ColorOS 16 (China)",Qualcomm SM8650-AB Snapdragon 8 Gen 3 (4 nm),4,Octa-core (1x3.3 GHz Cortex-X4 & 3x3.2 GHz Cortex-A720 & 2x3.0 GHz Cortex-A720 & 2x2.3 GHz Cortex-A520),Adreno 750,12,24,256,512,UFS 4.0,50.0,3,1.6,Yes,1/1.43,Yes,"Hasselblad Color Calibration, color spectrum sensor, Dual-LED flash, HDR, panorama","8K@24fps, 4K@30/60fps, 1080p@30/60/240/480fps, Auto HDR, gyro-EIS, Dolby Vision",32.0,Yes,"HDR, panorama","4K@30fps, 1080p@30fps, gyro-EIS","Wi-Fi 802.11 a/b/g/n/ac/6e/7, tri-band, Wi-Fi Direct",Yes,5.4,Type-C,No,"GPS (L1+L5), GLONASS (G1), BDS (B1I+B1c+B2a), GALILEO (E1+E5a), QZSS (L1+L5), NavIC","Fingerprint (under display, optical), accelerometer, gyro, proximity, compass",5400,100,50,Yes,Active use score 14:11h,629.95,531.46,699.99,,1821801,5124,,1155,-26.3,"Flowy Emerald, Silky Black, Silver (Glacial White)","PJD110, CPH2573, CPH2581, CPH2583",1.18 W/kg (head) 0.68 W/kg (body),,No
Oneplus,OnePlus Ace 3,https://www.gsmarena.com/oneplus_ace_3-12775.php,https://fdn2.gsmarena.com/vv/bigpic/oneplus-ace3.jpg,GSM / CDMA / HSPA / LTE / 5G,Yes,"2024, January 04","Available. Released 2024, January 15",163.3 x 75.3 x 8.8 mm (6.43 x 2.96 x 0.35 in),207.0,Glass,,Nano-SIM + Nano-SIM,"LTPO AMOLED, 1B colors, 120Hz, HDR10+, Dolby Vision, 1600 nits (HBM), 4500 nits (peak)",120,6.78,1264x2780,450,90.9,Gorilla Glass Victus,"Android 14, ColorOS 14",Qualcomm SM8550-AB Snapdragon 8 Gen 2 (4 nm),4,Octa-core (1x3.2 GHz Cortex-X3 & 2x2.8 GHz Cortex-A715 & 2x2.8 GHz Cortex-A710 & 3x2.0 GHz Cortex-A510),Adreno 740,12,16,256,512,UFS 4.0,50.0,3,1.8,Yes,1/1.56,Yes,"Color spectrum sensor, LED flash, HDR, panorama","4K@30/60fps, 1080p@30/60/120/240fps, gyro-EIS, OIS",16.0,No,HDR,1080p@30fps,"Wi-Fi 802.11 a/b/g/n/ac/6/7, dual-band",Yes,5.3,Type-C,No,"GPS (L1+L5), GLONASS (G1), BDS (B1I+B1c+B2a), GALILEO (E1+E5a), QZSS (L1+L5)","Fingerprint (under display, optical), accelerometer, gyro, proximity, compass",5500,100,,No,,,,,,,,,,,"Black, Blue, Rose Gold",PJE110,,,No
Oneplus,OnePlus Open,https://www.gsmarena.com/oneplus_open-12619.php,https://fdn2.gsmarena.com/vv/bigpic/oneplus-open-10.jpg,GSM / HSPA / LTE / 5G,Yes,"2023, October 19","Available. Released 2023, October 26",Unfolded: 153.4 x 143.1 x 5.8 mm Folded: 153.4 x 73.3 x 11.7 mm,239.0,Ceramic,,Nano-SIM + Nano-SIM + eSIM (max 2 at a time),"Foldable LTPO3 Flexi-fluid AMOLED, 1B colors, Dolby Vision, 120Hz, 2800 nits (peak)",120,7.82,2268x2440,426,89.6,,"Android 13, upgradable to Android 16, OxygenOS 16",Qualcomm SM8550-AB Snapdragon 8 Gen 2 (4 nm),4,Octa-core (1x3.2 GHz Cortex-X3 & 2x2.8 GHz Cortex-A715 & 2x2.8 GHz Cortex-A710 & 3x2.0 GHz Cortex-A510),Adreno 740,16,16,512,512,UFS 4.0,48.0,3,1.7,Yes,1/1.43,Yes,"Hasselblad Color Calibration, LED flash, HDR, panorama","4K@30/60fps, 1080p@30/60/120/240/480fps gyro-EIS, HDR10+, Dolby Vision",20.0,Yes,HDR,"4K@30fps, 1080p@30fps, gyro-EIS","Wi-Fi 802.11 a/b/g/n/ac/6e/7, tri-band",Yes,5.3,Type-C,No,"GPS (L1+L5), GLONASS, BDS, GALILEO (E1+E5a), QZSS","Fingerprint (side-mounted), accelerometer, gyro, proximity, compass",4805,67,,No,Active use score 11:59h,879.95,219.56,,,968130,3969,,1238,-28.2,"Emerald Dusk, Voyager Black, Apex Edition",CPH2551,0.98 W/kg (head) 0.76 W/kg (body),,No
Oneplus,OnePlus Pad Go,https://www.gsmarena.com/oneplus_pad_go-12614.php,https://fdn2.gsmarena.com/vv/bigpic/oneplus-pad-go.jpg,GSM / HSPA / LTE,No,"2023, October 06","Available. Released 2023, October 20",255.1 x 188 x 6.9 mm (10.04 x 7.40 x 0.27 in),532.0,,,Yes - cellular model only,"IPS LCD, 90Hz, 400 nits (typ)",90,11.35,1720x2408,260,82.6,,"Android 13, OxygenOS 13.2",Mediatek Helio G99 (6 nm),6,Octa-core (2x2.2 GHz Cortex-A76 & 6x2.0 GHz Cortex-A55),Mali-G57 MC2,8,8,128,256,UFS 2.2,8.0,1,,No,,No,,1080p@30fps,8.0,No,,1080p@30fps,"Wi-Fi 802.11 a/b/g/n/ac, dual-band",No,5.2,Type-C,No,No,"Accelerometer, proximity (accessories only), gyro, compass",8000,33,,No,,,,,,,,,,,Twin Mint,,,,No
Oneplus,OnePlus Ace 2 Pro,https://www.gsmarena.com/oneplus_ace_2_pro-12473.php,https://fdn2.gsmarena.com/vv/bigpic/oneplus-ace-2-pro.jpg,GSM / CDMA / HSPA / LTE / 5G,Yes,"2023, August 16","Available. Released 2023, August 23",163.1 x 74.2 x 9 mm (6.42 x 2.92 x 0.35 in),210.0,Glass,,Nano-SIM + Nano-SIM,"AMOLED, 1B colors, 120Hz, HDR10+, 550 nits (typ), 1200 nits (HBM), 1600 nits (peak)",120,6.74,1240x2772,451,90.3,Asahi Glass,"Android 13, ColorOS 13.1",Qualcomm SM8550-AB Snapdragon 8 Gen 2 (4 nm),4,Octa-core (1x3.2 GHz Cortex-X3 & 2x2.8 GHz Cortex-A715 & 2x2.8 GHz Cortex-A710 & 3x2.0 GHz Cortex-A510),Adreno 740,12,24,256,512,UFS 4.0,50.0,3,1.8,Yes,1/1.56,Yes,"Color spectrum sensor, LED flash, HDR, panorama","4K@30/60fps, 1080p@30/60/120/240fps, gyro-EIS, OIS",16.0,No,HDR,1080p@30fps,"Wi-Fi 802.11 a/b/g/n/ac/6/7, dual-band",Yes,5.3,Type-C,No,"GPS (L1+L5), GLONASS (G1), BDS (B1I+B1c+B2a), GALILEO (E1+E5a), QZSS (L1+L5)","Fingerprint (under display, optical), accelerometer, gyro, proximity, compass",5000,150,,No,,,,,,,,,,,"Aurora Green, Titanium Gray",PJA110,,,No
Oneplus,OnePlus Nord CE3,https://www.gsmarena.com/oneplus_nord_ce3-11977.php,https://fdn2.gsmarena.com/vv/bigpic/oneplus-nord-ce3-5g.jpg,GSM / HSPA / LTE / 5G,Yes,"2023, July 05","Available. Released 2023, August 05",162.7 x 75.5 x 8.2 mm (6.41 x 2.97 x 0.32 in),184.0,Glass,,Nano-SIM + Nano-SIM,"Fluid AMOLED, 1B colors, 120Hz, HDR10+",120,6.7,1080x2412,394,87.9,,"Android 13, OxygenOS 13.1",Qualcomm Snapdragon 782G (6 nm),6,Octa-core (1x2.7 GHz Cortex-A78 & 3x2.4 GHz Cortex-A78 & 4x1.8 GHz Cortex-A55),Adreno 642L,8,12,128,256,UFS 3.1,50.0,3,1.8,Yes,1/1.56,Yes,"LED flash, HDR, panorama","4K@30fps, 1080p@30/60/120fps, gyro-EIS",16.0,No,HDR,"1080p@30fps, gyro-EIS","Wi-Fi 802.11 a/b/g/n/ac/6, dual-band, Wi-Fi Direct",Yes,5.2,Type-C,No,"GPS, GLONASS, GALILEO, BDS, QZSS","Fingerprint (under display, optical), accelerometer, gyro, proximity, compass, temperature",5000,80,,No,,,,,,,,,,,"Aqua Surge, Gray Shimmer",CPH2569,1.17 W/kg (head) 0.91 W/kg (body),,No
Oneplus,OnePlus Nord 3,https://www.gsmarena.com/oneplus_nord_3-12135.php,https://fdn2.gsmarena.com/vv/bigpic/oneplus-nord-3r.jpg,GSM / CDMA / HSPA / LTE / 5G,Yes,"2023, July 05","Available. Released 2023, July 11",162 x 75.1 x 8.2 mm (6.38 x 2.96 x 0.32 in),193.5,Glass,IP54,Nano-SIM + Nano-SIM,"Fluid AMOLED, 1B colors, 120Hz, HDR10+, 1450 nits (peak)",120,6.74,1240x2772,451,89.8,Dragontrail Glass,"Android 13, up to 3 major Android upgrades, OxygenOS 15",Mediatek Dimensity 9000 (4 nm),4,Octa-core (1x3.05 GHz Cortex-X2 & 3x2.85 GHz Cortex-A710 & 4x1.80 GHz Cortex-A510),Mali-G710 MC10,8,16,128,256,UFS 3.1,50.0,3,1.8,Yes,1/1.56,Yes,"LED flash, HDR, panorama","4K@30/60fps, 1080p@30/60/120fps, gyro-EIS",16.0,No,HDR,"1080p@30fps, gyro-EIS","Wi-Fi 802.11 a/b/g/n/ac/6, dual-band, Wi-Fi Direct",Yes,5.2,Type-C,No,"GPS, GLONASS, GALILEO, BDS, QZSS","Fingerprint (under display, optical), accelerometer, gyro, proximity, compass",5000,80,,No,,,229.99,249.98,,844865,3136,,1114,-25.8,"Misty Green, Tempest Gray","CPH2491, CPH2493",1.13 W/kg (head) 0.87 W/kg (body),,No
Oneplus,OnePlus Nord N30,https://www.gsmarena.com/oneplus_nord_n30-12220.php,https://fdn2.gsmarena.com/vv/bigpic/oneplus-nord-n30-5g.jpg,GSM / HSPA / LTE / 5G,Yes,"2023, June 06","Available. Released 2023, June 08",165.5 x 76 x 8.3 mm (6.52 x 2.99 x 0.33 in),195.0,Glass,,Nano-SIM + Nano-SIM,"IPS LCD, 120Hz",120,6.72,1080x2400,391,87.1,,"Android 13, OxygenOS 13.1",Qualcomm SM6375 Snapdragon 695 5G (6 nm),6,Octa-core (2x2.2 GHz Kryo 660 Gold & 6x1.7 GHz Kryo 660 Silver),Adreno 619,8,8,128,128,UFS 2.2,108.0,3,1.7,No,1/1.67,No,"LED flash, HDR, panorama",1080p@30fps,16.0,No,"HDR, panorama",1080p@30fps,"Wi-Fi 802.11 a/b/g/n/ac, dual-band",Yes,5.1,Type-C,Yes,"GPS, GALILEO, GLONASS, BDS, QZSS","Fingerprint (side-mounted), accelerometer, gyro, proximity, compass",5000,50,,No,,161.32,,,,404120,2032,,671,-25.3,Chromatic Gray,"CPH2515, CPH2513",,,No
Oneplus,OnePlus Nord CE 3 Lite,https://www.gsmarena.com/oneplus_nord_ce_3_lite-12198.php,https://fdn2.gsmarena.com/vv/bigpic/oneplus-nord-ce-3-lite-.jpg,GSM / HSPA / LTE / 5G,Yes,"2023, April 04","Available. Released 2023, April 11",165.5 x 76 x 8.3 mm (6.52 x 2.99 x 0.33 in),195.0,Glass,,Nano-SIM + Nano-SIM,"IPS LCD, 120Hz, 550 nits (typ), 680 nits (peak)",120,6.72,1080x2400,391,87.1,Corning Gorilla Glass,"Android 13, OxygenOS 13.1",Qualcomm SM6375 Snapdragon 695 5G (6 nm),6,Octa-core (2x2.2 GHz Kryo 660 Gold & 6x1.7 GHz Kryo 660 Silver),Adreno 619,8,8,128,256,UFS 2.2,108.0,3,1.8,No,1/1.67,No,"LED flash, HDR, panorama",1080p@30fps,16.0,No,"HDR, panorama",1080p@30fps,"Wi-Fi 802.11 a/b/g/n/ac, dual-band",Yes,5.1,Type-C,Yes,"GPS, GALILEO, GLONASS, BDS, QZSS","Fingerprint (side-mounted), accelerometer, gyro, proximity, compass",5000,67,,No,,,,,,412006,2052,,,,"Pastel Lime, Chromatic Gray","CPH2467, CPH2465",1.17 W/kg (head) 0.70 W/kg (body),,No
Oneplus,OnePlus Ace 2V,https://www.gsmarena.com/oneplus_ace_2v-12158.php,https://fdn2.gsmarena.com/vv/bigpic/oneplus-ace-2v.jpg,GSM / CDMA / HSPA / LTE / 5G,Yes,"2023, March 07","Available. Released 2023, March 15",162.6 x 75.1 x 8.2 mm (6.40 x 2.96 x 0.32 in),191.5,Glass,,Nano-SIM + Nano-SIM,"AMOLED, 1B colors, 120Hz, HDR10+, 500 nits (typ), 1100 nits (HBM), 1450 nits (peak)",120,6.74,1240x2772,451,89.5,Asahi Glass,"Android 13, ColorOS 13",Mediatek Dimensity 9000 (4 nm),4,Octa-core (1x3.05 GHz Cortex-X2 & 3x2.85 GHz Cortex-A710 & 4x1.80 GHz Cortex-A510),Mali-G710 MC10,12,16,256,512,UFS 3.1,64.0,3,1.7,No,1/4.0,Yes,"Color spectrum sensor, LED flash, HDR, panorama","4K@30/60fps, 1080p@30/60/120fps, gyro-EIS",16.0,No,HDR,1080p@30fps,"Wi-Fi 802.11 a/b/g/n/ac/6, dual-band",Yes,5.3,Type-C,No,"GPS (L1+L5), GLONASS (G1), BDS (B1I+B1c+B2a), GALILEO (E1+E5a), QZSS (L1+L5)","Fingerprint (under display, optical), accelerometer, gyro, proximity, compass",5000,80,,No,,,,,,,,,,,"Black, Blue/Green",PHP110,,,No
Oneplus,OnePlus Pad,https://www.gsmarena.com/oneplus_pad-12112.php,https://fdn2.gsmarena.com/vv/bigpic/oneplus-pad.jpg,No cellular connectivity,No,"2023, February 07","Available. Released 2023, April 28",258 x 189.4 x 6.5 mm (10.16 x 7.46 x 0.26 in),552.0,Glass,,No,"IPS LCD, 1B colors, Dolby Vision, HDR10+, 144Hz, 500 nits (typ)",144,11.61,2000x2800,296,84.2,,"Android 13, upgradable to Android 15, OxygenOS 15",Mediatek Dimensity 9000 (4 nm),4,Octa-core (1x3.05 GHz Cortex-X2 & 3x2.85 GHz Cortex-A710 & 4x1.80 GHz Cortex-A510),Mali-G710 MC10,8,12,128,256,UFS 3.1,13.0,1,2.2,No,,Yes,LED flash,"4K@30fps, 1080p@30ps, gyro-EIS",8.0,No,,1080p@30fps,"Wi-Fi 802.11 a/b/g/n/ac/6, dual-band",No,5.3,Type-C,No,"GPS, GLONASS, GALILEO, BDS (B1+B1c)","Accelerometer, gyro, compass",9510,67,,No,,,,,,859019,3158,,442,-22.5,Halo Green,,,,No
Oneplus,OnePlus 11R,https://www.gsmarena.com/oneplus_11r-11915.php,https://fdn2.gsmarena.com/vv/bigpic/oneplus-ace2.jpg,GSM / CDMA / HSPA / LTE / 5G,Yes,"2023, February 07","Available. Released 2023, February 21",163.4 x 74.3 x 8.7 mm (6.43 x 2.93 x 0.34 in),204.0,Glass,,Nano-SIM + Nano-SIM,"Fluid AMOLED, 1B colors, 120Hz, HDR10+, 1450 nits (peak)",120,6.74,1240x2772,451,90.0,,"Android 13, upgradable to Android 15, OxygenOS 15",Qualcomm SM8475 Snapdragon 8+ Gen 1 (4 nm),4,Octa-core (1x3.0 GHz Cortex-X2 & 3x2.5 GHz Cortex-A710 & 4x1.80 GHz Cortex-A510),Adreno 730,8,18,128,512,UFS 3.1,50.0,3,1.8,Yes,1/1.56,Yes,"Color spectrum sensor, LED flash, HDR, panorama","4K@30/60fps, 1080p@30/60/240fps, gyro-EIS",16.0,No,HDR,1080p@30fps,"Wi-Fi 802.11 a/b/g/n/ac/6, dual-band",Yes,5.3,Type-C,No,"GPS (L1+L5), GLONASS (G1), BDS (B1I+B1c+B2a), GALILEO (E1+E5a), QZSS (L1+L5)","Fingerprint (under display, optical), accelerometer, gyro, proximity, compass",5000,100,,No,,,,,,953897,3608,,,,"Galactic Silver, Sonic Black, Solar Red",CPH2487,1.16 W/kg (head) 0.61 W/kg (body),,No
Oneplus,OnePlus Ace 2,https://www.gsmarena.com/oneplus_ace_2-12103.php,https://fdn2.gsmarena.com/vv/bigpic/oneplus-ace2.jpg,GSM / CDMA / HSPA / LTE / 5G,Yes,"2023, February 07","Available. Released 2023, February 13",163.4 x 74.3 x 8.7 mm (6.43 x 2.93 x 0.34 in),204.0,Glass,,Nano-SIM + Nano-SIM,"AMOLED, 1B colors, 120Hz, HDR10+",120,6.74,1240x2772,451,90.0,Asahi Glass,"Android 13, ColorOS 13",Qualcomm SM8475 Snapdragon 8+ Gen 1 (4 nm),4,Octa-core (1x3.19 GHz Cortex-X2 & 3x2.75 GHz Cortex-A710 & 4x1.80 GHz Cortex-A510),Adreno 730,12,18,256,512,UFS 3.1,50.0,3,1.8,Yes,1/1.56,Yes,"Color spectrum sensor, LED flash, HDR, panorama","4K@30/60fps, 1080p@30/60/120/240fps, gyro-EIS",16.0,No,HDR,1080p@30fps,"Wi-Fi 802.11 a/b/g/n/ac/6, dual-band",Yes,5.3,Type-C,No,"GPS (L1+L5), GLONASS (G1), BDS (B1I+B1c+B2a), GALILEO (E1+E5a), QZSS (L1+L5)","Fingerprint (under display, optical), accelerometer, gyro, proximity, compass",5000,100,,No,,,,,,,,,,,"Black, Glacier Blue, Red",PHK110,,,No
Oneplus,OnePlus 11,https://www.gsmarena.com/oneplus_11-11893.php,https://fdn2.gsmarena.com/vv/bigpic/oneplus-11.jpg,GSM / CDMA / HSPA / EVDO / LTE / 5G,Yes,"2023, January 04","Available. Released 2023, January 09",163.1 x 74.1 x 8.5 mm (6.42 x 2.92 x 0.33 in),205.0,Glass,IP64,· Nano-SIM · Nano-SIM + Nano-SIM + eSIM (max 2 at a time),"LTPO3 Fluid AMOLED, 1B colors, 120Hz, Dolby Vision, HDR10+, 500 nits (typ), 800 nits (HBM), 1300 nits (peak)",120,6.7,1440x3216,525,89.7,Gorilla Glass Victus,"Android 13, upgradable to Android 16, OxygenOS 16 (International), ColorOS 16 (China)",Qualcomm SM8550-AB Snapdragon 8 Gen 2 (4 nm),4,Octa-core (1x3.2 GHz Cortex-X3 & 2x2.8 GHz Cortex-A715 & 2x2.8 GHz Cortex-A710 & 3x2.0 GHz Cortex-A510),Adreno 740,8,16,128,512,UFS 3.1 - 128GB only UFS 4.0,50.0,3,1.8,Yes,1/1.56,Yes,"Hasselblad Color Calibration, color spectrum sensor, Dual-LED flash, HDR, panorama","8K@24fps, 4K@30/60fps, 1080p@30/60/240fps, Auto HDR, gyro-EIS",16.0,No,"HDR, panorama","1080p@30fps, gyro-EIS","Wi-Fi 802.11 a/b/g/n/ac/6/7, dual-band, Wi-Fi Direct",Yes,5.3,Type-C,No,"GPS (L1+L5), GLONASS (G1), BDS (B1I+B1c+B2a), GALILEO (E1+E5a), QZSS (L1+L5)","Fingerprint (under display, optical), accelerometer, gyro, proximity, compass",5000,100,,No,Active use score 11:05h,459.99,459.99,,38490,1140661,4899,,767,-25.2,"Titan Black, Eternal Green, Jupiter Rock","PHB110, CPH2449, CPH2447, CPH2451",1.19 W/kg (head) 0.99 W/kg (body),,No
Oneplus,OnePlus Nord N300,https://www.gsmarena.com/oneplus_nord_n300-11949.php,https://fdn2.gsmarena.com/vv/bigpic/oneplus-nord-n300-5g.jpg,GSM / HSPA / LTE / 5G,Yes,"2022, October 24","Available. Released 2022, November 03",163.8 x 75.1 x 8 mm (6.45 x 2.96 x 0.31 in),190.0,Glass,,Nano-SIM,"IPS LCD, 90Hz",90,6.56,720x1612,269,84.0,,"Android 12, OxygenOS",Mediatek Dimensity 810 (6 nm),6,Octa-core (2x2.4 GHz Cortex-A76 & 6x2.0 GHz Cortex-A55),Mali-G57 MC2,4,4,64,64,UFS 2.2,48.0,2,1.8,No,,No,"LED flash, HDR, panorama",1080p@30fps,16.0,No,HDR,1080p@30fps,"Wi-Fi 802.11 a/b/g/n/ac, dual-band",Yes,5.3,Type-C,Yes,"GPS, GLONASS, GALILEO","Fingerprint (side-mounted), accelerometer, gyro, proximity, compass, barometer",5000,33,,No,,,,,,335440,1780,,623,,Midnight Jade,CPH2389,,,Unspecified
Oneplus,OnePlus Nord Watch,https://www.gsmarena.com/oneplus_nord_watch-11899.php,https://fdn2.gsmarena.com/vv/bigpic/oneplus-nord-watch.jpg,No cellular connectivity,No,"2022, Octoder","Available. Released 2022, October",45.2 x 37.2 x 10.4 mm (1.78 x 1.46 x 0.41 in),52.4,Glass,IP68,No,"AMOLED, 500 nits (typ)",,1.78,368x448,326,,,Proprietary OS,,,,,,,,,,,,,No,,No,,,,No,,,No,Yes,5.2,No,No,Unspecified,"Accelerometer, gyro, heart rate, SpO2",230,,,No,,,,,,,,,,,"Midnight Black, Deep Blue",OPBBE221,,,No
Oneplus,OnePlus Ace Pro,https://www.gsmarena.com/oneplus_ace_pro-11745.php,https://fdn2.gsmarena.com/vv/bigpic/oneplus-10t-5g.jpg,GSM / CDMA / HSPA / LTE / 5G,Yes,"2022, August 09","Available. Released 2022, August 15",163 x 75.4 x 8.8 mm (6.42 x 2.97 x 0.35 in),203.5,Glass,,Nano-SIM + Nano-SIM,"Fluid AMOLED, 1B colors, 120Hz, HDR10+, 500 nits (typ), 800 nits (HBM), 950 nits (peak)",120,6.7,1080x2412,394,87.9,Gorilla Glass 5,"Android 12, ColorOS 12.1",Qualcomm SM8475 Snapdragon 8+ Gen 1 (4 nm),4,Octa-core (1x3.19 GHz Cortex-X2 & 3x2.75 GHz Cortex-A710 & 4x1.80 GHz Cortex-A510),Adreno 730,12,16,256,512,UFS 3.1,50.0,3,1.8,Yes,1/1.56,Yes,"Color spectrum sensor, Dual-LED flash, HDR, panorama","4K@30/60fps, 1080p@30/60/240fps, gyro-EIS",16.0,No,HDR,1080p@30fps,"Wi-Fi 802.11 a/b/g/n/ac/6, dual-band, Wi-Fi Direct",Yes,5.2,Type-C,No,"GPS (L1+L5), GLONASS (L1), BDS (B1I+B1c+B2a), GALILEO (E1+E5a), QZSS (L1+L5)","Fingerprint (under display, optical), accelerometer, gyro, proximity, compass",4800,150,,No,,,,,,,,,,,"Moonstone Black, Jade Green, Genshin Impact",PGP110,,,No
Oneplus,OnePlus Nord N20 SE,https://www.gsmarena.com/oneplus_nord_n20_se-11738.php,https://fdn2.gsmarena.com/vv/bigpic/oneplus-nord-n20-se.jpg,GSM / HSPA / LTE,No,"2022, August 05","Available. Released 2022, August 08",163.8 x 75 x 8 mm (6.45 x 2.95 x 0.31 in),187.0,Glass,,Nano-SIM + Nano-SIM,"IPS LCD, 480 nits (typ), 600 nits (HBM)",,6.56,720x1612,269,84.2,,"Android 12, OxygenOS 12.1",Mediatek MT6765G Helio G35 (12 nm),12,Octa-core (4x2.3 GHz Cortex-A53 & 4x1.8 GHz Cortex-A53),PowerVR GE8320,4,4,64,128,eMMC 5.1,50.0,2,1.8,No,1/2.76,No,"LED flash, HDR, panorama",1080p@30fps,8.0,No,,1080p@30fps,"Wi-Fi 802.11 a/b/g/n/ac, dual-band, Wi-Fi Direct",No,5.3,Type-C,Yes,"GPS, GLONASS, BDS, GALILEO, QZSS","Fingerprint (side-mounted), accelerometer, proximity, compass",5000,33,,No,,,,,,,,,,,"Blue Oasis, Celestial Black",CPH2469,,,No
Oneplus,OnePlus 10T,https://www.gsmarena.com/oneplus_10t-11622.php,https://fdn2.gsmarena.com/vv/bigpic/oneplus-10t-5g.jpg,GSM / HSPA / LTE / 5G,Yes,"2022, August 03","Available. Released 2022, August 06",163 x 75.4 x 8.8 mm (6.42 x 2.97 x 0.35 in),204.0,Glass,,Nano-SIM + Nano-SIM,"Fluid AMOLED, 1B colors, 120Hz, HDR10+",120,6.7,1080x2412,394,87.9,Gorilla Glass 5,"Android 12, OxygenOS 13",Qualcomm SM8475 Snapdragon 8+ Gen 1 (4 nm),4,Octa-core (1x3.19 GHz Cortex-X2 & 3x2.75 GHz Cortex-A710 & 4x1.80 GHz Cortex-A510),Adreno 730,6,16,128,256,UFS 3.1,50.0,3,1.8,Yes,1/1.56,Yes,"Color spectrum sensor, Dual-LED flash, HDR, panorama","4K@30/60fps, 1080p@30/60/240fps, gyro-EIS",16.0,No,HDR,1080p@30fps,"Wi-Fi 802.11 a/b/g/n/ac/6, dual-band, Wi-Fi Direct",Yes,5.2,Type-C,No,"GPS (L1+L5), GLONASS (L1), BDS (B1I+B1c+B2a), GALILEO (E1+E5a), QZSS (L1+L5)","Fingerprint (under display, optical), accelerometer, gyro, proximity, compass",4800,150,,No,,209.99,205.0,204.49,,1016958,3907,,819,-24.7,"Moonstone Black, Jade Green","CPH2415, CPH2413, CPH2417, CPH2419",,,No
Oneplus,OnePlus Nord 2T,https://www.gsmarena.com/oneplus_nord_2t-11517.php,https://fdn2.gsmarena.com/vv/bigpic/oneplus-nord-2t.jpg,GSM / HSPA / LTE / 5G,Yes,"2022, May 19","Available. Released 2022, May 21",159.1 x 73.2 x 8.2 mm (6.26 x 2.88 x 0.32 in),190.0,Glass,,Nano-SIM + Nano-SIM,"AMOLED, 90Hz, HDR10+",90,6.43,1080x2400,409,85.7,Gorilla Glass 5,"Android 12, upgradable to Android 14, OxygenOS 14",Mediatek Dimensity 1300 (6 nm),6,Octa-core (1x3.0 GHz Cortex-A78 & 3x2.6 GHz Cortex-A78 & 4x2.0 GHz Cortex-A55),Mali-G77 MC9,8,12,128,256,UFS 3.1,50.0,3,1.9,Yes,1/1.56,Yes,"Dual-LED flash, HDR, panorama","4K@30fps, 1080p@30/60/120/480fps, gyro-EIS",32.0,No,Auto HDR,"1080p@30fps, gyro-EIS","Wi-Fi 802.11 a/b/g/n/ac/6, dual-band, Wi-Fi Direct",Yes,5.2,Type-C,No,"GPS, GLONASS, GALILEO, BDS, NavIC","Fingerprint (under display, optical), accelerometer, gyro, proximity, compass",4500,80,,No,,,,,,490545,2790,,636,-25.6,"Gray Shadow, Jade Fog","CPH2399, CPH2401",,,No
Oneplus,OnePlus Ace Racing,https://www.gsmarena.com/oneplus_ace_racing-11529.php,https://fdn2.gsmarena.com/vv/bigpic/oneplus-ace-race.jpg,GSM / CDMA / HSPA / CDMA2000 / LTE / 5G,Yes,"2022, May 17","Available. Released 2022, May 31",164.3 x 75.8 x 8.7 mm (6.47 x 2.98 x 0.34 in),205.0,,,Nano-SIM + Nano-SIM,"IPS LCD, 120Hz, 480 nits (typ), 600 (HBM)",120,6.59,1080x2412,401,83.9,,"Android 12, ColorOS 12.1",Mediatek Dimensity 8100 Max (5 nm),5,Octa-core (4x2.85 GHz Cortex-A78 & 4x2.0 GHz Cortex-A55),Mali-G610 MC6,8,12,128,256,UFS 3.1,64.0,3,1.7,No,1/4.0,Yes,"LED flash, HDR, panorama","4K@30fps, 1080p@30/60/120fps, gyro-EIS",16.0,No,HDR,"1080p@30fps, gyro-EIS","Wi-Fi 802.11 a/b/g/n/ac/6, dual-band, Wi-Fi Direct",Yes,5.3,Type-C,Yes,"GPS, GLONASS, GALILEO, BDS, QZSS","Fingerprint (side-mounted), accelerometer, gyro, proximity, compass",5000,67,,No,,,,,,,,,,,"Black, Blue",PGZ110,,,No
Oneplus,OnePlus Nord N20 5G,https://www.gsmarena.com/oneplus_nord_n20_5g-11218.php,https://fdn2.gsmarena.com/vv/bigpic/oneplus-nord-n20-5g-.jpg,GSM / HSPA / LTE / 5G,Yes,"2022, April 28","Available. Released 2022, April 28",159.9 x 73.2 x 7.5 mm (6.30 x 2.88 x 0.30 in),173.0,Glass,,Nano-SIM,AMOLED,,6.43,1080x2400,409,85.3,Schott Xensation Up,"Android 11, OxygenOS 11",Qualcomm SM6375 Snapdragon 695 5G (6 nm),6,Octa-core (2x2.2 GHz Kryo 660 Gold & 6x1.7 GHz Kryo 660 Silver),Adreno 619,6,6,128,128,UFS 2.2,64.0,3,1.8,No,,No,"LED flash, HDR, panorama",1080p@30fps,16.0,No,HDR,1080p@30fps,"Wi-Fi 802.11 a/b/g/n/ac, dual-band, Wi-Fi Direct",Yes,5.1,Type-C,Yes,"GPS (L1+L5), GLONASS, GALILEO, BDS","Fingerprint (under display, optical), accelerometer, gyro, proximity, compass, barometer",4500,33,,No,,,,,,316974,1945,,647,,Blue,"GN2200, CPH2459",,,No
Oneplus,OnePlus 10R 150W,https://www.gsmarena.com/oneplus_10r_150w-11598.php,https://fdn2.gsmarena.com/vv/bigpic/oneplus-10r.jpg,GSM / HSPA / LTE / 5G,Yes,"2022, April 28","Available. Released 2022, May 04",163.3 x 75.5 x 8.2 mm (6.43 x 2.97 x 0.32 in),186.0,Glass,,Nano-SIM + Nano-SIM,"Fluid AMOLED, 1B colors, 120Hz, HDR10+",120,6.7,1080x2412,394,87.6,Gorilla Glass 5,"Android 12, upgradable to Android 13, OxygenOS 13",Mediatek Dimensity 8100 Max (5 nm),5,Octa-core (4x2.85 GHz Cortex-A78 & 4x2.0 GHz Cortex-A55),Mali-G610 MC6,12,12,256,256,UFS 3.1,50.0,3,1.8,Yes,1/1.56,Yes,"Color spectrum sensor, LED flash, HDR, panorama","4K@30fps, 1080p@30/60/120fps, gyro-EIS",16.0,No,HDR,"1080p@30fps, gyro-EIS","Wi-Fi 802.11 a/b/g/n/ac/6, dual-band, Wi-Fi Direct",Yes,5.2,Type-C,No,"GPS (L1+L5), GLONASS (G1), BDS (B1), GALILEO (E1+E5a)","Fingerprint (under display, optical), accelerometer, gyro, proximity, compass",4500,150,,No,,,,,,801224,3822,,,,"Sierra Black, Forest Green",,0.95 W/kg (head) 0.96 W/kg (body),,No
Oneplus,OnePlus 10R,https://www.gsmarena.com/oneplus_10r-11445.php,https://fdn2.gsmarena.com/vv/bigpic/oneplus-10r.jpg,GSM / HSPA / LTE / 5G,Yes,"2022, April 28","Available. Released 2022, May 04",163.3 x 75.5 x 8.2 mm (6.43 x 2.97 x 0.32 in),186.0,Glass,,Nano-SIM + Nano-SIM,"Fluid AMOLED, 1B colors, 120Hz, HDR10+",120,6.7,1080x2412,394,87.6,Gorilla Glass 5,"Android 12, upgradable to Android 13, OxygenOS 13",Mediatek Dimensity 8100 Max (5 nm),5,Octa-core (4x2.85 GHz Cortex-A78 & 4x2.0 GHz Cortex-A55),Mali-G610 MC6,8,12,128,256,UFS 3.1,50.0,3,1.8,Yes,1/1.56,Yes,"Color spectrum sensor, LED flash, HDR, panorama","4K@30fps, 1080p@30/60/120fps, gyro-EIS",16.0,No,HDR,"1080p@30fps, gyro-EIS","Wi-Fi 802.11 a/b/g/n/ac/6, dual-band, Wi-Fi Direct",Yes,5.2,Type-C,No,"GPS (L1+L5), GLONASS (G1), BDS (B1), GALILEO (E1+E5a)","Fingerprint (under display, optical), accelerometer, gyro, proximity, compass",5000,80,,No,,,,,,,,,,,"Sierra Black, Forest Green, Prime Blue",CPH2411,0.95 W/kg (head) 0.96 W/kg (body),,No
Oneplus,OnePlus Nord CE 2 Lite 5G,https://www.gsmarena.com/oneplus_nord_ce_2_lite_5g-11344.php,https://fdn2.gsmarena.com/vv/bigpic/oneplus-nord-ce-2-lite-5g-0.jpg,GSM / HSPA / LTE / 5G,Yes,"2022, April 28","Available. Released 2022, April 30",164.3 x 75.6 x 8.5 mm (6.47 x 2.98 x 0.33 in),195.0,Glass,,Nano-SIM + Nano-SIM,"IPS LCD, 120Hz",120,6.59,1080x2412,401,84.1,,"Android 12, upgradable to Android 13, OxygenOS 13",Qualcomm SM6375 Snapdragon 695 5G (6 nm),6,Octa-core (2x2.2 GHz Kryo 660 Gold & 6x1.7 GHz Kryo 660 Silver),Adreno 619,6,8,128,128,UFS 2.2,64.0,3,1.7,No,,No,"LED flash, HDR, panorama",1080p@30fps,16.0,No,HDR,1080p@30fps,"Wi-Fi 802.11 a/b/g/n/ac, dual-band, Wi-Fi Direct",Yes,5.2,Type-C,Yes,"GPS, GLONASS, GALILEO, BDS, QZSS","Fingerprint (side-mounted), accelerometer, gyro, proximity, compass",5000,33,,No,,,,,,399306,1956,,,,"Black Dusk, Blue Tide","CPH2381, CPH2409",1.19 W/kg (head) 0.71 W/kg (body),,Unspecified
Oneplus,OnePlus Ace,https://www.gsmarena.com/oneplus_ace-11488.php,https://fdn2.gsmarena.com/vv/bigpic/oneplus-ace.jpg,GSM / CDMA / HSPA / EVDO / LTE / 5G,Yes,"2022, April 21","Available. Released 2022, April 26",163.3 x 75.5 x 8.2 mm (6.43 x 2.97 x 0.32 in),186.0,Glass,,Nano-SIM + Nano-SIM,"OLED, 1B colors, 120Hz, HDR10+, 500 nits (typ), 800 nits (HBM), 950 nits (peak)",120,6.7,1080x2412,394,87.6,Gorilla Glass 5,"Android 12, ColorOS 12.1",Mediatek Dimensity 8100 Max (5 nm),5,Octa-core (4x2.85 GHz Cortex-A78 & 4x2.0 GHz Cortex-A55),Mali-G610 MC6,8,12,128,512,UFS 3.1,50.0,3,1.9,Yes,1/1.56,Yes,"Color spectrum sensor, LED flash, HDR, panorama","4K@30/60fps, 1080p@30/60/240fps, gyro-EIS",16.0,No,HDR,"1080p@30fps, gyro-EIS","Wi-Fi 802.11 a/b/g/n/ac/6, dual-band, Wi-Fi Direct",Yes,5.2,Type-C,No,"GPS, GLONASS, GALILEO, BDS","Fingerprint (under display, optical), accelerometer, gyro, proximity, compass",4500,150,,No,,,,,,,,,,,"Black, Blue",PGKM10,,,No
Oneplus,OnePlus 10 Pro,https://www.gsmarena.com/oneplus_10_pro-11234.php,https://fdn2.gsmarena.com/vv/bigpic/oneplus-10-pro.jpg,GSM / CDMA / HSPA / EVDO / LTE / 5G,Yes,"2022, January 11","Available. Released 2022, January 13",163 x 73.9 x 8.6 mm (6.42 x 2.91 x 0.34 in),201.0,Glass,IP68,· Nano-SIM · Nano-SIM + Nano-SIM,"LTPO2 Fluid AMOLED, 1B colors, 120Hz, HDR10+, 500 nits (typ), 800 nits (HBM), 1300 nits (peak)",120,6.7,1440x3216,525,90.0,Gorilla Glass Victus,"Android 12, upgradable to Android 14, OxygenOS 14 (International), ColorOS (China)",Qualcomm SM8450 Snapdragon 8 Gen 1 (4 nm),4,Octa-core (1x3.00 GHz Cortex-X2 & 3x2.50 GHz Cortex-A710 & 4x1.80 GHz Cortex-A510),Adreno 730,8,12,128,512,UFS 3.1,48.0,3,1.8,Yes,1/1.43,Yes,"Laser AF, color spectrum sensor, Hasselblad Color Calibration, Dual-LED dual-tone flash, HDR, panorama","8K@24fps, 4K@30/60/120fps, 1080p@30/60/240fps, Auto HDR, gyro-EIS",32.0,No,HDR,"1080p@30fps, gyro-EIS","Wi-Fi 802.11 a/b/g/n/ac/6, dual-band, Wi-Fi Direct",Yes,5.2,Type-C,No,"GPS (L1+L5), GLONASS (G1), BDS (B1), GALILEO (E1+E5a)","Fingerprint (under display, optical), accelerometer, gyro, proximity, compass, barometer",5000,80,50,Yes,,287.94,316.21,429.99,39990,886248,3447,,780,-25.2,"Volcanic Black, Emerald Forest, Panda White (Extreme Edition)","NE2210, NE2211, NE2213, NE2215, NE2217",1.16 W/kg (head) 0.70 W/kg (body),,No
Oneplus,OnePlus Nord CE 2 5G,https://www.gsmarena.com/oneplus_nord_ce_2_5g-11269.php,https://fdn2.gsmarena.com/vv/bigpic/oneplus-nord-ce-2-5g.jpg,GSM / HSPA / LTE / 5G,Yes,"2022, February 17","Available. Released 2022, February 22",160.6 x 73.2 x 7.8 mm (6.32 x 2.88 x 0.31 in),173.0,,,Nano-SIM + Nano-SIM,"AMOLED, 90Hz, HDR10+",90,6.43,1080x2400,409,84.9,Gorilla Glass 5,"Android 11, upgradable to Android 13, OxygenOS 13",Mediatek Dimensity 900 (6 nm),6,Octa-core (2x2.4 GHz Cortex-A78 & 6x2.0 GHz Cortex-A55),Mali-G68 MC4,6,8,128,128,UFS 2.2,64.0,3,1.8,No,1/1.97,Yes,"LED flash, HDR, panorama","4K@30fps, 1080p@30/60/120fps, gyro-EIS",16.0,No,HDR,"1080p@30/60fps, gyro-EIS","Wi-Fi 802.11 a/b/g/n/ac/6, dual-band, Wi-Fi Direct",Yes,5.2,Type-C,Yes,"GPS, GLONASS, GALILEO, BDS, QZSS","Fingerprint (under display, optical), accelerometer, gyro, proximity, compass",4500,65,,No,,,,,,436640,2157,,,,"Gray Mirror, Bahama Blue",IV2201,,,Unspecified
Oneplus,OnePlus 9RT 5G,https://www.gsmarena.com/oneplus_9rt_5g-11148.php,https://fdn2.gsmarena.com/vv/bigpic/oneplus-9-rt-r.jpg,GSM / CDMA / HSPA / EVDO / LTE / 5G,Yes,"2021, October 13","Available. Released 2021, October 19",162.2 x 74.6 x 8.3 mm (6.39 x 2.94 x 0.33 in),198.5,Glass,,Nano-SIM + Nano-SIM,"AMOLED, 120Hz, HDR10+",120,6.62,1080x2400,397,87.9,Gorilla Glass 5,"Android 11, upgradable to Android 13, OxygenOS 13",Qualcomm SM8350 Snapdragon 888 5G (5 nm),5,Octa-core (1x2.84 GHz Cortex-X1 & 3x2.42 GHz Cortex-A78 & 4x1.80 GHz Cortex-A55),Adreno 660,8,12,128,256,UFS 3.1,50.0,4,1.8,Yes,1/1.56,Yes,"Dual-LED flash, HDR, panorama","4K@30/60fps, 1080p@30/60/240fps, Auto HDR, gyro-EIS",16.0,No,HDR,"1080p@30fps, gyro-EIS","Wi-Fi 802.11 a/b/g/n/ac/6, dual-band, Wi-Fi Direct",Yes,5.2,Type-C,No,"GPS (L1+L5), GLONASS (G1), BDS (B1), GALILEO (E1+E5a)","Fingerprint (under display, optical), accelerometer, gyro, proximity, compass",4500,65,,No,,,,,,670289,3325,,,,"Hacker Black, Nano Silver, Blue","MT2110, MT2111",,,No
Oneplus,OnePlus Nord 2 5G,https://www.gsmarena.com/oneplus_nord_2_5g-10960.php,https://fdn2.gsmarena.com/vv/bigpic/oneplus-nord-2-5g-new.jpg,GSM / HSPA / LTE / 5G,Yes,"2021, July 22","Available. Released 2021, July 28",159.1 x 73.3 x 8.3 mm (6.26 x 2.89 x 0.33 in),189.0,Glass,,Nano-SIM + Nano-SIM,"Fluid AMOLED, 90Hz, HDR10+",90,6.43,1080x2400,409,85.6,Gorilla Glass 5,"Android 11, upgradable to Android 13, OxygenOS 13",Mediatek Dimensity 1200 (6 nm),6,Octa-core (1x3.0 GHz Cortex-A78 & 3x2.6 GHz Cortex-A78 & 4x2.0 GHz Cortex-A55),Mali-G77 MC9,6,12,128,256,UFS 3.1,50.0,3,1.9,Yes,1/1.56,Yes,"Dual-LED flash, HDR, panorama","4K@30fps, 1080p@30/60/120fps, gyro-EIS",32.0,No,Auto HDR,"1080p@30fps, gyro-EIS","Wi-Fi 802.11 a/b/g/n/ac/6, dual-band, Wi-Fi Direct",Yes,5.2,Type-C,No,"GPS, GLONASS, GALILEO, BDS, SBAS, NavIC","Fingerprint (under display, optical), accelerometer, gyro, proximity, compass",4500,65,,No,,,134.7,179.98,,512164,2792,,633,-24.3,"Gray Sierra, Blue Haze, Green Wood, Pac-Man Edition","DN2101, DN2103",,,No
Oneplus,OnePlus Nord N200 5G,https://www.gsmarena.com/oneplus_nord_n200_5g-10961.php,https://fdn2.gsmarena.com/vv/bigpic/oneplus-nord-n200-5g.jpg,GSM / HSPA / LTE / 5G,Yes,"2021, June 21","Available. Released 2021, June 25",163.1 x 74.9 x 8.3 mm (6.42 x 2.95 x 0.33 in),189.0,,,Nano-SIM,"IPS LCD, 90Hz",90,6.49,1080x2400,405,83.7,,"Android 11, OxygenOS 11",Qualcomm SM4350 Snapdragon 480 5G (8 nm),8,Octa-core (2x2.0 GHz Kryo 460 & 6x1.8 GHz Kryo 460),Adreno 619,4,4,64,64,UFS 2.1,13.0,3,2.2,No,,No,"LED flash, HDR, panorama","1080p@30fps, gyro-EIS",16.0,No,HDR,1080p@30fps,"Wi-Fi 802.11 a/b/g/n/ac, dual-band",Yes,5.1,Type-C,Yes,"GPS (L1+L5), GLONASS, BDS, GALILEO","Fingerprint (side-mounted), accelerometer, gyro, proximity, compass, barometer",5000,18,,No,,,,,,,,,,,Blue Quantum,"DE2118, DE2117",,,FM radio
Oneplus,OnePlus Nord CE 5G,https://www.gsmarena.com/oneplus_nord_ce_5g-10944.php,https://fdn2.gsmarena.com/vv/bigpic/oneplus-nord-ce-5g.jpg,GSM / HSPA / LTE / 5G,Yes,"2021, June 10","Available. Released 2021, June 11",159.2 x 73.5 x 7.9 mm (6.27 x 2.89 x 0.31 in),170.0,Glass,,Nano-SIM + Nano-SIM,"Fluid AMOLED, 90Hz",90,6.43,1080x2400,410,84.9,,"Android 11, upgradable to Android 13, OxygenOS 13",Qualcomm SM7225 Snapdragon 750G 5G (8 nm),8,Octa-core (2x2.2 GHz Kryo 570 & 6x1.8 GHz Kryo 570),Adreno 619,6,12,128,256,UFS 2.1,64.0,3,1.8,No,,Yes,"LED flash, HDR, panorama","4K@30fps, 1080p@30/60/120fps, gyro-EIS",16.0,No,HDR,1080p@30/60fps,"Wi-Fi 802.11 a/b/g/n/ac, dual-band, Wi-Fi Direct",Yes,5.1,Type-C,Yes,"GPS, GLONASS, GALILEO, BDS, NavIC","Fingerprint (under display, optical), accelerometer, gyro, proximity, compass",4500,30,,No,,,,,,318672,1812,,607,-29.9,"Blue Void, Charkoal Ink, Silver Ray","EB2101, EB2103",,,No
Oneplus,OnePlus 9 Pro,https://www.gsmarena.com/oneplus_9_pro-10806.php,https://fdn2.gsmarena.com/vv/bigpic/oneplus-9-pro-.jpg,GSM / CDMA / HSPA / LTE / 5G,Yes,"2021, March 23","Available. Released 2021, March 30",163.2 x 73.6 x 8.7 mm (6.43 x 2.90 x 0.34 in),197.0,Glass,IP68,· Nano-SIM · Nano-SIM + Nano-SIM,"LTPO Fluid2 AMOLED, 1B colors, 120Hz, HDR10+, 1300 nits (peak)",120,6.7,1440x3216,525,90.3,Gorilla Glass 5,"Android 11, upgradable to Android 14, OxygenOS 14",Qualcomm SM8350 Snapdragon 888 5G (5 nm),5,Octa-core (1x2.84 GHz Cortex-X1 & 3x2.42 GHz Cortex-A78 & 4x1.80 GHz Cortex-A55,Adreno 660,8,12,128,256,UFS 3.1,48.0,4,1.8,Yes,1/1.43,Yes,"Laser AF, color spectrum sensor, Hasselblad Color Calibration, dual-LED flash, HDR, panorama","8K@30fps, 4K@30/60/120fps, 1080p@30/60/240fps, Auto HDR, gyro-EIS",16.0,No,HDR,"1080p@30fps, gyro-EIS","Wi-Fi 802.11 a/b/g/n/ac/6, dual-band, Wi-Fi Direct, DLNA",Yes,5.2,Type-C,No,"GPS (L1+L5), GLONASS (G1), BDS (B1), GALILEO (E1+E5a)","Fingerprint (under display, optical), accelerometer, gyro, proximity, compass",4500,65,50,Yes,,274.44,228.81,219.9,,,,,859,-24.1,"Morning Mist, Forest Green, Stellar Black","LE2121, LE2125, LE2123, LE2120, LE2127",,,No
Oneplus,OnePlus 9,https://www.gsmarena.com/oneplus_9-10747.php,https://fdn2.gsmarena.com/vv/bigpic/oneplus-9-.jpg,GSM / CDMA / HSPA / LTE / 5G,Yes,"2021, March 23","Available. Released 2021, March 26",160 x 74.2 x 8.7 mm (EU/NA) 160 x 73.9 x 8.1 mm (IN/CN),192.0,Glass,IP68,· Nano-SIM · Nano-SIM + Nano-SIM,"Fluid AMOLED, 120Hz, HDR10+, 1100 nits (peak)",120,6.55,1080x2400,402,87.6,Gorilla Glass 5,"Android 11, upgradable to Android 13, OxygenOS 13",Qualcomm SM8350 Snapdragon 888 5G (5 nm),5,Octa-core (1x2.84 GHz Cortex-X1 & 3x2.42 GHz Cortex-A78 & 4x1.80 GHz Cortex-A55),Adreno 660,8,12,128,256,UFS 3.1,48.0,3,1.8,No,1/1.43,Yes,"Hasselblad Color Calibration, color spectrum sensor, dual-LED flash, HDR, panorama","8K@30fps, 4K@30/60fps, 1080p@30/60/240fps, Auto HDR, gyro-EIS",16.0,No,HDR,"1080p@30fps, gyro-EIS","Wi-Fi 802.11 a/b/g/n/ac/6, dual-band, Wi-Fi Direct, DLNA",Yes,5.2,Type-C,No,"GPS (L1+L5), GLONASS (G1), BDS (B1), GALILEO (E1+E5a)","Fingerprint (under display, optical), accelerometer, gyro, proximity, compass",4500,65,15,No,,158.44,187.63,189.99,,,,,821,-24.5,"Winter Mist, Arctic Sky, Astral Black","LE2113, LE2111, LE2110, LE2117, LE2115",,,No
Oneplus,OnePlus 9R,https://www.gsmarena.com/oneplus_9r-10807.php,https://fdn2.gsmarena.com/vv/bigpic/oneplus-9r.jpg,GSM / HSPA / LTE / 5G,Yes,"2021, March 23","Available. Released 2021, April 14",161 x 74.1 x 8.4 mm (6.34 x 2.92 x 0.33 in),189.0,Glass,,Nano-SIM + Nano-SIM,"Fluid AMOLED, 120Hz, HDR10+",120,6.55,1080x2400,402,86.8,Gorilla Glass 5,"Android 10, upgradable to Android 14, OxygenOS 14",Qualcomm SM8250-AC Snapdragon 870 5G (7 nm),7,Octa-core (1x3.2 GHz Kryo 585 & 3x2.42 GHz Kryo 585 & 4x1.80 GHz Kryo 585),Adreno 650,8,12,128,256,UFS 3.1,48.0,4,1.7,Yes,1/2.0,Yes,"Dual-LED flash, HDR, panorama","4K@30/60fps, 1080p@30/60/240fps, Auto HDR, gyro-EIS",16.0,No,HDR,"1080p@30fps, gyro-EIS","Wi-Fi 802.11 a/b/g/n/ac/6, dual-band, Wi-Fi Direct, DLNA",Yes,5.1,Type-C,No,"GPS (L1+L5), GLONASS (G1), BDS (B1), GALILEO (E1+E5a)","Fingerprint (under display, optical), accelerometer, gyro, proximity, compass",4500,65,,No,,,,,,,,,,,"Carbon Black, Lake Blue","LE2101, LE2100",1.17 W/kg (head) 0.85 W/kg (body),,No
Oneplus,OnePlus Watch,https://www.gsmarena.com/oneplus_watch-10808.php,https://fdn2.gsmarena.com/vv/bigpic/oneplus-watch.jpg,No cellular connectivity,No,"2021, March 23","Available. Released 2021, April 14",46.4 x 46.4 x 10.9 mm (1.83 x 1.83 x 0.43 in),45.0,Glass,IP68,No,AMOLED,,1.39,454x454,326,,,Proprietary OS,,,,,1,1,4,4,,,,,No,,No,,,,No,,,No,No,5.0,No,No,"GPS, GLONASS, BDS, GALILEO","Accelerometer, gyro, barometer, compass, heart rate, SpO2",402,,,No,,,,,,,,,,,"Midnight Black, Moonlight Silver, Cobalt, Harry Potter Edition",,,,No
Oneplus,OnePlus Nord N10 5G,https://www.gsmarena.com/oneplus_nord_n10_5g-10556.php,https://fdn2.gsmarena.com/vv/bigpic/oneplus-nord-n10-5g-.jpg,GSM / CDMA / HSPA / LTE / 5G,Yes,"2020, October 26","Available. Released 2020, November 21",163 x 74.7 x 9 mm (6.42 x 2.94 x 0.35 in),190.0,Glass,,Nano-SIM + Nano-SIM,"IPS LCD, 90Hz",90,6.49,1080x2400,406,83.5,Gorilla Glass 3,"Android 10, OxygenOS 10.5",Qualcomm SM6350 Snapdragon 690 5G (8 nm),8,Octa-core (2x2.0 GHz Kryo 560 Gold & 6x1.7 GHz Kryo 560 Silver),Adreno 619L,6,6,128,128,UFS 2.1,64.0,4,1.8,No,1/1.72,Yes,"LED flash, HDR, panorama","4K@30fps, 1080p@30/60/120fps; gyro-EIS",16.0,No,HDR,"1080p@30/60fps, gyro-EIS","Wi-Fi 802.11 a/b/g/n/ac, dual-band, Wi-Fi Direct",Yes,5.1,Type-C,Yes,"GPS (L1+L5), GLONASS, GALILEO, BDS","Fingerprint (rear-mounted), accelerometer, gyro, proximity, compass",4300,30,,No,,,,,,279579,1848,,440,-25.8,Midnight Ice,"BE2029, BE2025, BE2026, BE2028",,,No
Oneplus,OnePlus Nord N100,https://www.gsmarena.com/oneplus_nord_n100-10557.php,https://fdn2.gsmarena.com/vv/bigpic/oneplus-nord-n100-.jpg,GSM / CDMA / HSPA / LTE,No,"2020, October 26","Available. Released 2020, November 11",164.9 x 75.1 x 8.5 mm (6.49 x 2.96 x 0.33 in),188.0,Glass,,Nano-SIM + Nano-SIM,"IPS LCD, 90Hz",90,6.52,720x1600,269,82.9,Gorilla Glass 3,"Android 10, OxygenOS 10.5.9",Qualcomm SM4250 Snapdragon 460 (11 nm),11,Octa-core (4x1.8 GHz Kryo 240 & 4x1.6 GHz Kryo 240),Adreno 610,4,4,64,64,UFS 2.1,13.0,3,2.2,No,,No,"LED flash, HDR, panorama","1080p@30fps, gyro-EIS",8.0,No,HDR,1080p@30fps,"Wi-Fi 802.11 a/b/g/n/ac, dual-band, Wi-Fi Direct",,5.0,Type-C,Yes,"GPS, GLONASS, GALILEO, BDS","Fingerprint (rear-mounted), accelerometer, gyro, proximity, compass",5000,18,,No,,,,,,,,,,,Midnight Frost,"BE2013, BE2015, BE2011, BE2012",,,FM radio
Oneplus,OnePlus 8T,https://www.gsmarena.com/oneplus_8t-10420.php,https://fdn2.gsmarena.com/vv/bigpic/oneplus-8t.jpg,GSM / CDMA / HSPA / LTE / 5G,Yes,"2020, October 14","Available. Released 2020, October 16",160.7 x 74.1 x 8.4 mm (6.33 x 2.92 x 0.33 in),188.0,Glass,,Nano-SIM + Nano-SIM,"Fluid AMOLED, 120Hz, HDR10+",120,6.55,1080x2400,402,87.0,Gorilla Glass 5,"Android 11, upgradable to Android 14, OxygenOS 14",Qualcomm SM8250 Snapdragon 865 5G (7 nm+),,Octa-core (1x2.84 GHz Cortex-A77 & 3x2.42 GHz Cortex-A77 & 4x1.80 GHz Cortex-A55),Adreno 650,8,12,128,256,UFS 3.1,48.0,4,1.7,Yes,1/2.0,Yes,"Dual-LED flash, HDR, panorama","4K@30/60fps, 1080p@30/60/240fps, Auto HDR, gyro-EIS",16.0,No,HDR,"1080p@30fps, gyro-EIS","Wi-Fi 802.11 a/b/g/n/ac/6, dual-band, Wi-Fi Direct, DLNA",Yes,5.1,Type-C,No,"GPS (L1+L5), GLONASS (G1), BDS (B1), GALILEO (E1+E5a)","Fingerprint (under display, optical), accelerometer, gyro, proximity, compass, barometer (market dependant)",4500,65,,No,,,,,,586000,3126,,802,-24.0,"Aquamarine Green, Lunar Silver, Cyberpunk 2077 Edition","KB2001, KB2000, KB2003, KB2005",,,No
Oneplus,OnePlus 8T+ 5G,https://www.gsmarena.com/oneplus_8t+_5g-10512.php,https://fdn2.gsmarena.com/vv/bigpic/oneplus-8t.jpg,GSM / CDMA / HSPA / LTE / 5G,Yes,"2020, October 14","Available. Released 2020, October 16",160.7 x 74.1 x 8.4 mm (6.33 x 2.92 x 0.33 in),,Glass,IP68,Nano-SIM,"Fluid AMOLED, 120Hz, HDR10+",120,6.55,1080x2400,402,87.0,Gorilla Glass 5,"Android 11, OxygenOS 11",Qualcomm SM8250 Snapdragon 865 5G (7 nm+),,Octa-core (1x2.84 GHz Cortex-A77 & 3x2.42 GHz Cortex-A77 & 4x1.80 GHz Cortex-A55),Adreno 650,12,12,256,256,UFS 3.1,48.0,4,1.7,Yes,1/2.0,Yes,"Dual-LED flash, HDR, panorama","4K@30/60fps, 1080p@30/60/240fps, Auto HDR, gyro-EIS",16.0,No,HDR,"1080p@30fps, gyro-EIS","Wi-Fi 802.11 a/b/g/n/ac/6, dual-band, Wi-Fi Direct, DLNA",Yes,5.1,Type-C,No,"GPS (L1+L5), GLONASS (G1), BDS (B1), GALILEO (E1+E5a)","Fingerprint (under display, optical), accelerometer, gyro, proximity, compass, barometer (market dependant)",4500,65,,No,,,,,,,,,,,"Aquamarine Green, Lunar Silver",KB2007,,,No
Oneplus,OnePlus Nord,https://www.gsmarena.com/oneplus_nord-10289.php,https://fdn2.gsmarena.com/vv/bigpic/oneplus-nord.jpg,GSM / HSPA / LTE / 5G,Yes,"2020, July 21","Available. Released 2020, August 04",158.3 x 73.3 x 8.2 mm (6.23 x 2.89 x 0.32 in),184.0,Glass,,Nano-SIM + Nano-SIM,"Fluid AMOLED, 90Hz, HDR10+",90,6.44,1080x2400,408,86.7,Gorilla Glass 5,"Android 10, upgradable to Android 12, OxygenOS 12",Qualcomm SM7250 Snapdragon 765G 5G (7 nm),7,Octa-core (1x2.4 GHz Kryo 475 Prime & 1x2.2 GHz Kryo 475 Gold & 6x1.8 GHz Kryo 475 Silver),Adreno 620,6,12,64,256,UFS 2.1,48.0,4,1.8,Yes,1/2.0,Yes,"Dual-LED flash, HDR, panorama","4K@30fps, 1080p@30/60/240fps, gyro-EIS",32.0,Yes,HDR,"4K@30/60fps, 1080p@30/60fps","Wi-Fi 802.11 a/b/g/n/ac, dual-band, Wi-Fi Direct",Yes,5.1,Type-C,No,"GPS (L1+L5), GLONASS (G1), BDS (B1), GALILEO (E1+E5a), NavIC","Fingerprint (under display, optical), accelerometer, gyro, proximity, compass",4115,30,,No,,,190.65,299.99,,315641,7844,,756,-29.6,"Blue Marble, Gray Onyx (Gray Ash)","AC2001, AC2003",,,No
Oneplus,OnePlus 8 Pro,https://www.gsmarena.com/oneplus_8_pro-9919.php,https://fdn2.gsmarena.com/vv/bigpic/oneplus-8-pro.jpg,GSM / CDMA / HSPA / LTE / 5G,Yes,"2020, April 14","Available. Released 2020, April 21",165.3 x 74.4 x 8.5 mm (6.51 x 2.93 x 0.33 in),199.0,Glass,IP68,Nano-SIM + Nano-SIM,"Fluid AMOLED, 1B colors, 120Hz, HDR10+",120,6.78,1440x3168,513,90.8,Gorilla Glass 5,"Android 10, upgradable to Android 13, OxygenOS 13",Qualcomm SM8250 Snapdragon 865 5G (7 nm+),,Octa-core (1x2.84 GHz Cortex-A77 & 3x2.42 GHz Cortex-A77 & 4x1.80 GHz Cortex-A55),Adreno 650,8,12,128,256,UFS 3.0,48.0,4,1.8,Yes,1/1.43,Yes,"Laser AF, Dual-LED flash, HDR, panorama","4K@30/60fps, 1080p@30/60/240fps, Auto HDR, gyro-EIS",16.0,No,HDR,"1080p@30fps, gyro-EIS","Wi-Fi 802.11 a/b/g/n/ac/6, dual-band, Wi-Fi Direct, DLNA",Yes,5.1,Type-C,No,"GPS (L1+L5), GLONASS (G1), BDS (B1), GALILEO (E1+E5a)","Fingerprint (under display, optical), accelerometer, gyro, proximity, compass",4510,30,30,Yes,,,,,,573276,3374,,,-23.5,"Glacial Green, Ultramarine Blue, Onyx Black","IN2023, IN2020, IN2021, IN2025",,,No
Oneplus,OnePlus 8,https://www.gsmarena.com/oneplus_8-10161.php,https://fdn2.gsmarena.com/vv/bigpic/oneplus-8.jpg,GSM / CDMA / HSPA / LTE / 5G,Yes,"2020, April 14","Available. Released 2020, April 21",160.2 x 72.9 x 8 mm (6.31 x 2.87 x 0.31 in),180.0,Glass,,Nano-SIM + Nano-SIM,"Fluid AMOLED, 90Hz, HDR10+",90,6.55,1080x2400,402,88.7,Gorilla Glass 5,"Android 10, upgradable to Android 13, OxygenOS 13",Qualcomm SM8250 Snapdragon 865 5G (7 nm+),,Octa-core (1x2.84 GHz Cortex-A77 & 3x2.42 GHz Cortex-A77 & 4x1.80 GHz Cortex-A55),Adreno 650,6,12,128,256,"UFS 3.0, 2-LANE",48.0,3,1.8,Yes,1/2.0,Yes,"Dual-LED flash, HDR, panorama","4K@30/60fps, 1080p@30/60/240fps, Auto HDR, gyro-EIS",16.0,No,HDR,"1080p@30fps, gyro-EIS","Wi-Fi 802.11 a/b/g/n/ac/6, dual-band, Wi-Fi Direct, DLNA",Yes,5.1,Type-C,No,"GPS (L1+L5), GLONASS (G1), BDS (B1), GALILEO (E1+E5a)","Fingerprint (under display, optical), accelerometer, gyro, proximity, compass",4300,30,,No,,,,,,564708,13291,,803,-22.5,"Onyx Black, Glacial Green, Interstellar Glow, Polar Silver","IN2013, IN2017, IN2010, IN2019, IN2011",,,No
Oneplus,OnePlus 8 5G UW (Verizon),https://www.gsmarena.com/oneplus_8_5g_uw_(verizon)-10226.php,https://fdn2.gsmarena.com/vv/bigpic/oneplus-8-5g-uw.jpg,GSM / HSPA / LTE / 5G,Yes,"2020, April 14","Available. Released 2020, April 29",160.2 x 72.9 x 8 mm (6.31 x 2.87 x 0.31 in),180.0,Glass,IP68,Nano-SIM (pre-installed),"Fluid AMOLED, 90Hz, HDR10+",90,6.55,1080x2400,402,88.7,,"Android 10, OxygenOS 10.0",Qualcomm SM8250 Snapdragon 865 5G (7 nm+),,Octa-core (1x2.84 GHz Cortex-A77 & 3x2.42 GHz Cortex-A77 & 4x1.80 GHz Cortex-A55),Adreno 650,8,8,128,128,"UFS 3.0, 2-LANE",48.0,3,1.8,Yes,1/2.0,Yes,"Dual-LED flash, HDR, panorama","4K@30/60fps, 1080p@30/60/240fps, Auto HDR, gyro-EIS",16.0,No,HDR,"1080p@30fps, gyro-EIS","Wi-Fi 802.11 a/b/g/n/ac/6, dual-band, Wi-Fi Direct, DLNA",Yes,5.1,Type-C,No,"GPS (L1+L5), GLONASS (G1), BDS (B1), GALILEO (E1+E5a)","Fingerprint (under display, optical), accelerometer, gyro, proximity, compass",4300,30,,No,,,,,,,,,,,"Onyx Black, Polar Silver",,1.10 W/kg (head) 1.10 W/kg (body),,No
Oneplus,OnePlus 8 5G (T-Mobile),https://www.gsmarena.com/oneplus_8_5g_(t_mobile)-10229.php,https://fdn2.gsmarena.com/vv/bigpic/oneplus-8-5g-t-mobile.jpg,GSM / CDMA / HSPA / EVDO / LTE / 5G,Yes,"2020, April 14","Available. Released 2020, April 29",160.2 x 72.9 x 8 mm (6.31 x 2.87 x 0.31 in),180.0,Glass,IP68,Nano-SIM,"Fluid AMOLED, 90Hz, HDR10+",90,6.55,1080x2400,402,88.7,,"Android 10, OxygenOS 10.0",Qualcomm SM8250 Snapdragon 865 5G (7 nm+),,Octa-core (1x2.84 GHz Cortex-A77 & 3x2.42 GHz Cortex-A77 & 4x1.80 GHz Cortex-A55),Adreno 650,8,8,128,128,"UFS 3.0, 2-LANE",48.0,3,1.8,Yes,1/2.0,Yes,"Dual-LED flash, HDR, panorama","4K@30/60fps, 1080p@30/60/240fps, Auto HDR, gyro-EIS",16.0,No,HDR,"1080p@30fps, gyro-EIS","Wi-Fi 802.11 a/b/g/n/ac/6, dual-band, Wi-Fi Direct, DLNA",Yes,5.1,Type-C,No,"GPS (L1+L5), GLONASS (G1), BDS (B1), GALILEO (E1+E5a)","Fingerprint (under display, optical), accelerometer, gyro, proximity, compass",4300,30,,No,,,,,,,,,,,"Onyx Black, Interstellar Glow",,1.10 W/kg (head) 1.10 W/kg (body),,No
Oneplus,OnePlus 7T Pro 5G McLaren,https://www.gsmarena.com/oneplus_7t_pro_5g_mclaren-9928.php,https://fdn2.gsmarena.com/vv/bigpic/oneplus-7t-pro-5g-mclaren-edition-.jpg,GSM / CDMA / HSPA / LTE / 5G,Yes,"2019, October 23. Released 2019, November 05",Discontinued,162.6 x 75.9 x 8.8 mm (6.40 x 2.99 x 0.35 in),206.0,Glass,,Nano-SIM + Nano-SIM,"Fluid AMOLED, 90Hz, HDR10+",90,6.67,1440x3120,516,88.1,Gorilla Glass 6,"Android 10, OxygenOS 10.0",Qualcomm SM8150 Snapdragon 855+ (7 nm),7,Octa-core (1x2.96 GHz Kryo 485 & 3x2.42 GHz Kryo 485 & 4x1.78 GHz Kryo 485),Adreno 640 (700 MHz),12,12,256,256,UFS 3.0,48.0,3,1.6,Yes,1/2.0,Yes,"Laser AF, Dual-LED flash, HDR, panorama","4K@30/60fps, 1080p@30/60/240fps, 720p@960fps, Auto HDR, gyro-EIS",16.0,No,HDR,"1080p@30fps, gyro-EIS","Wi-Fi 802.11 a/b/g/n/ac, dual-band, Wi-Fi Direct, DLNA",Yes,5.1,Type-C,No,"GPS (L1+L5), GLONASS (G1), BDS (B1), GALILEO (E1+E5a)","Fingerprint (under display, optical), accelerometer, gyro, compass",4085,30,,No,,,,,,,,,,,Papaya Orange,HD1925,,,No
Oneplus,OnePlus 7T Pro,https://www.gsmarena.com/oneplus_7t_pro-9872.php,https://fdn2.gsmarena.com/vv/bigpic/oneplus-7t-pro.jpg,GSM / CDMA / HSPA / LTE,No,"2019, October 10","Available. Released 2019, October 12",162.6 x 75.9 x 8.8 mm (6.40 x 2.99 x 0.35 in),206.0,Glass,,Nano-SIM + Nano-SIM,"Fluid AMOLED, 90Hz, HDR10+",90,6.67,1440x3120,516,88.1,Gorilla Glass 5,"Android 10, upgradable to Android 12, OxygenOS 12.1",Qualcomm SM8150 Snapdragon 855+ (7 nm),7,Octa-core (1x2.96 GHz Kryo 485 & 3x2.42 GHz Kryo 485 & 4x1.78 GHz Kryo 485),Adreno 640 (700 MHz),8,12,256,256,12GB RAM - McLaren Edition only UFS 3.0,48.0,3,1.6,Yes,1/2.0,Yes,"Laser AF, Dual-LED flash, HDR, panorama","4K@30/60fps, 1080p@30/60/240fps, 720p@960fps, Auto HDR, gyro-EIS",16.0,No,HDR,"1080p@30fps, gyro-EIS","Wi-Fi 802.11 a/b/g/n/ac, dual-band, Wi-Fi Direct, DLNA",Yes,5.0,Type-C,No,"GPS (L1+L5), GLONASS (G1), BDS (B1), GALILEO (E1+E5a)","Fingerprint (under display, optical), accelerometer, gyro, compass",4085,30,,No,,,,,,395868,11246,,,,"Haze Blue, McLaren Edition","HD1911, HD1913, HD1910",,,No
Oneplus,OnePlus 7T,https://www.gsmarena.com/oneplus_7t-9816.php,https://fdn2.gsmarena.com/vv/bigpic/oneplus-7t-.jpg,GSM / CDMA / HSPA / LTE,No,"2019, September 26","Available. Released 2019, September 27",160.9 x 74.4 x 8.1 mm (6.33 x 2.93 x 0.32 in),190.0,Glass,,Nano-SIM + Nano-SIM,"Fluid AMOLED, 90Hz, HDR10+",90,6.55,1080x2400,402,86.5,Gorilla Glass 5,"Android 10, upgradable to Android 12, OxygenOS 12.1",Qualcomm SM8150 Snapdragon 855+ (7 nm),7,Octa-core (1x2.96 GHz Kryo 485 & 3x2.42 GHz Kryo 485 & 4x1.78 GHz Kryo 485),Adreno 640 (700 MHz),8,8,128,256,UFS 3.0,48.0,3,1.6,Yes,1/2.0,Yes,"Dual-LED flash, HDR, panorama","4K@30/60fps, 1080p@30/60/240fps, 720p@960fps, Auto HDR, gyro-EIS",16.0,No,HDR,"1080p@30fps, gyro-EIS","Wi-Fi 802.11 a/b/g/n/ac, dual-band, Wi-Fi Direct, DLNA",Yes,5.0,Type-C,No,"GPS (L1+L5), GLONASS (G1), BDS (B1), GALILEO (E1+E5a)","Fingerprint (under display, optical), accelerometer, gyro, compass",3800,30,,No,,,,,,391545,11394,,,,"Frosted Silver, Glacier Blue, White","HD1901, HD1903, HD1900, HD1907, HD1905",,,No
Oneplus,OnePlus 7 Pro 5G,https://www.gsmarena.com/oneplus_7_pro_5g-9704.php,https://fdn2.gsmarena.com/vv/bigpic/oneplus-7-pro-r1.jpg,GSM / HSPA / LTE / 5G,Yes,"2019, May 14. Released 2019, September 06",Discontinued,162.6 x 75.9 x 8.8 mm (6.40 x 2.99 x 0.35 in),206.0,Glass,,Nano-SIM + Nano-SIM,"Fluid AMOLED, 90Hz, HDR10+",90,6.67,1440x3120,515,88.5,Gorilla Glass 5,"Android 9.0 (Pie), upgradable to Android 10, OxygenOS 10.0.4",Qualcomm SM8150 Snapdragon 855 (7 nm),7,Octa-core (1x2.84 GHz Kryo 485 & 3x2.42 GHz Kryo 485 & 4x1.78 GHz Kryo 485),Adreno 640,6,12,128,256,UFS 3.0,48.0,3,1.6,Yes,1/2.0,Yes,"Laser AF, Dual-LED dual-tone flash, panorama, HDR","4K@30/60fps, 1080p@30/60/240fps, 720p@480fps, Auto HDR, gyro-EIS, no video rec. with ultrawide camera",16.0,No,HDR,"1080p@30fps, gyro-EIS","Wi-Fi 802.11 a/b/g/n/ac, dual-band, Wi-Fi Direct, DLNA",Yes,5.0,Type-C,No,"GPS (L1+L5), GLONASS (G1), BDS (B1), GALILEO (E1+E5a)","Fingerprint (under display, optical), accelerometer, gyro, proximity, compass",4000,30,,No,,,,,,,,,,,"Mirror Grey, Almond, Nebula Blue",GM1925,,,No
Oneplus,OnePlus 7 Pro,https://www.gsmarena.com/oneplus_7_pro-9689.php,https://fdn2.gsmarena.com/vv/bigpic/oneplus-7-pro-r1.jpg,GSM / CDMA / HSPA / LTE,No,"2019, May 14. Released 2019, May 16",Discontinued,162.6 x 75.9 x 8.8 mm (6.40 x 2.99 x 0.35 in),206.0,Glass,,Nano-SIM + Nano-SIM,"Fluid AMOLED, 90Hz, HDR10+",90,6.67,1440x3120,516,88.1,Gorilla Glass 5,"Android 9.0 (Pie), upgradable to Android 12, OxygenOS 12.1",Qualcomm SM8150 Snapdragon 855 (7 nm),7,Octa-core (1x2.84 GHz Kryo 485 & 3x2.42 GHz Kryo 485 & 4x1.78 GHz Kryo 485),Adreno 640,6,12,128,256,UFS 3.0,48.0,3,1.6,Yes,1/2.0,Yes,"Laser AF, Dual-LED flash, panorama, HDR","4K@30/60fps, 1080p@30/60/240fps, 720p@480fps, Auto HDR, gyro-EIS, no video rec. with ultrawide camera",16.0,No,HDR,"1080p@30fps, gyro-EIS","Wi-Fi 802.11 a/b/g/n/ac, dual-band, Wi-Fi Direct, DLNA",Yes,5.0,Type-C,No,"GPS (L1+L5), GLONASS (G1), BDS (B1), GALILEO (E1+E5a)","Fingerprint (under display, optical), accelerometer, gyro, compass",4000,30,,No,,,,,,364025,10943,,616,-23.9,"Mirror Grey, Almond, Nebula Blue","GM1911, GM1913, GM1917, GM1910, GM1915",,,No
Oneplus,OnePlus 7,https://www.gsmarena.com/oneplus_7-9623.php,https://fdn2.gsmarena.com/vv/bigpic/oneplus-7--.jpg,GSM / CDMA / HSPA / LTE,No,"2019, May 14. Released 2019, June 04",Discontinued,157.7 x 74.8 x 8.2 mm (6.21 x 2.94 x 0.32 in),182.0,Glass,,Nano-SIM + Nano-SIM,"Optic AMOLED, HDR10",,6.41,1080x2340,402,85.5,Gorilla Glass 6,"Android 9.0 (Pie), upgradable to Android 12, OxygenOS 12.1",Qualcomm SM8150 Snapdragon 855 (7 nm),7,Octa-core (1x2.84 GHz Kryo 485 & 3x2.42 GHz Kryo 485 & 4x1.78 GHz Kryo 485),Adreno 640,6,12,128,256,UFS 3.0,48.0,2,1.7,Yes,1/2.0,Yes,"Dual-LED flash, HDR, panorama","4K@30/60fps, 1080p@30/60/240fps, 720p@480fps, Auto HDR, gyro-EIS",16.0,No,HDR,"1080p@30fps, gyro-EIS","Wi-Fi 802.11 a/b/g/n/ac, dual-band, Wi-Fi Direct, DLNA",Yes,5.0,Type-C,No,"GPS (L1+L5), GLONASS (G1), BDS (B1), GALILEO (E1+E5a)","Fingerprint (under display, optical), accelerometer, gyro, proximity, compass",3700,20,,No,,,,,,367812,11075,,642,,"Mirror Gray, Red, Mirror Blue","GM1901, GM1900, GM1905, GM1903",,,No
Oneplus,OnePlus 6T McLaren,https://www.gsmarena.com/oneplus_6t_mclaren-9469.php,https://fdn2.gsmarena.com/vv/bigpic/oneplus-6t-mclaren-edition.jpg,GSM / HSPA / LTE,No,"2018, December 11. Released 2018, December 13",Discontinued,157.5 x 74.8 x 8.2 mm (6.20 x 2.94 x 0.32 in),185.0,Glass,,Nano-SIM + Nano-SIM,Optic AMOLED,,6.41,1080x2340,402,85.6,Gorilla Glass 6,"Android 9.0 (Pie), upgradable to Android 10, OxygenOS 10",Qualcomm SDM845 Snapdragon 845 (10 nm),10,Octa-core (4x2.8 GHz Kryo 385 Gold & 4x1.7 GHz Kryo 385 Silver),Adreno 630,10,10,256,256,UFS 2.1,16.0,2,1.7,Yes,1/2.6,Yes,"Dual-LED flash, HDR, panorama","4K@30/60fps, 1080p@30/60/240fps, 720p@480fps, Auto HDR, gyro-EIS",16.0,No,HDR,"1080p@30fps, gyro-EIS","Wi-Fi 802.11 a/b/g/n/ac, dual-band, Wi-Fi Direct, DLNA",Yes,5.0,Type-C,No,"GPS, GLONASS, BDS, GALILEO","Fingerprint (under display, optical), accelerometer, gyro, proximity, compass",3700,30,,No,,,,,,292716,9005,,,,Speed Orange,,,,No
Oneplus,OnePlus 6T,https://www.gsmarena.com/oneplus_6t-9350.php,https://fdn2.gsmarena.com/vv/bigpic/oneplus-6t-thunder-purple.jpg,GSM / CDMA / HSPA / LTE,No,"2018, October 29. Released 2018, November 01",Discontinued,157.5 x 74.8 x 8.2 mm (6.20 x 2.94 x 0.32 in),185.0,Glass,,Nano-SIM + Nano-SIM,Optic AMOLED,,6.41,1080x2340,402,85.6,Gorilla Glass 6,"Android 9.0 (Pie), upgradable to Android 11, OxygenOS 11.1.1.1",Qualcomm SDM845 Snapdragon 845 (10 nm),10,Octa-core (4x2.8 GHz Kryo 385 Gold & 4x1.7 GHz Kryo 385 Silver),Adreno 630,6,8,128,256,UFS 2.1,16.0,2,1.7,Yes,1/2.6,Yes,"Dual-LED flash, HDR, panorama","4K@30/60fps, 1080p@30/60/240fps, 720p@480fps, Auto HDR, gyro-EIS",16.0,No,HDR,"1080p@30fps, gyro-EIS","Wi-Fi 802.11 a/b/g/n/ac, dual-band, Wi-Fi Direct, DLNA",Yes,5.0,Type-C,No,"GPS, GLONASS, BDS, GALILEO","Fingerprint (under display, optical), accelerometer, gyro, proximity, compass",3700,20,,No,,,,,,293994,8977,,,,"Thunder Purple, Mirror Black, Midnight Black","A6010, A6013",,,No
Oneplus,OnePlus 6,https://www.gsmarena.com/oneplus_6-9109.php,https://fdn2.gsmarena.com/vv/bigpic/oneplus-6-red.jpg,GSM / CDMA / HSPA / LTE,No,"2018, May 16. Released 2018, May 17",Discontinued,155.7 x 75.4 x 7.8 mm (6.13 x 2.97 x 0.31 in),177.0,Glass,,Nano-SIM + Nano-SIM,Optic AMOLED,,6.28,1080x2280,402,83.8,Gorilla Glass 5,"Android 8.1 (Oreo), upgradable to Android 11, OxygenOS 11.1.1.1",Qualcomm SDM845 Snapdragon 845 (10 nm),10,Octa-core (4x2.8 GHz Kryo 385 Gold & 4x1.7 GHz Kryo 385 Silver),Adreno 630,6,8,64,256,UFS 2.1,16.0,2,1.7,Yes,1/2.6,Yes,"Dual-LED flash, HDR, panorama","4K@30/60fps, 1080p@30/60/240fps, 720p@480fps, Auto HDR",16.0,No,HDR,"1080p@30fps, gyro-EIS","Wi-Fi 802.11 a/b/g/n/ac, dual-band, Wi-Fi Direct, DLNA",Yes,5.0,Type-C,Yes,"GPS, GLONASS, BDS, GALILEO","Fingerprint (rear-mounted), accelerometer, gyro, proximity, compass",3300,20,,No,,,,,,264200,9011,,,,"Midnight Black, Mirror Black, Silk White, Amber Red","A6000, A6003",,,No
Oneplus,OnePlus 5T,https://www.gsmarena.com/oneplus_5t-8912.php,https://fdn2.gsmarena.com/vv/bigpic/oneplus-5t.jpg,GSM / CDMA / HSPA / LTE,No,"2017, November 16. Released 2017, November 21",Discontinued,156.1 x 75 x 7.3 mm (6.15 x 2.95 x 0.29 in),162.0,Glass,,Nano-SIM + Nano-SIM,Optic AMOLED,,6.01,1080x2160,401,80.0,Gorilla Glass 5,"Android 7.1.1 (Nougat), upgradable to Android 10, OxygenOS 10.0.0",Qualcomm MSM8998 Snapdragon 835 (10 nm),10,Octa-core (4x2.45 GHz Kryo & 4x1.9 GHz Kryo),Adreno 540,6,8,64,128,UFS 2.1,16.0,2,1.7,No,1/2.8,Yes,"Dual-LED flash, HDR, panorama","4K@30fps, 1080p@30/60fps, 720p@30/120fps, Auto HDR",16.0,No,HDR,1080p (gyro-EIS),"Wi-Fi 802.11 a/b/g/n/ac, dual-band, Wi-Fi Direct, DLNA",Yes,5.0,Type-C,Yes,"GPS, GLONASS, BDS, GALILEO","Fingerprint (rear-mounted), accelerometer, gyro, proximity, compass",3300,20,,No,,,,,,207072,6759,,,,"Midnight Black, Lava Red, Sandstone White",A5010,,,No
Oneplus,OnePlus 5,https://www.gsmarena.com/oneplus_5-8647.php,https://fdn2.gsmarena.com/vv/bigpic/oneplus-5.jpg,GSM / CDMA / HSPA / LTE,No,"2017, June. Released 2017, June",Discontinued,154.2 x 74.1 x 7.3 mm (6.07 x 2.92 x 0.29 in),153.0,Glass,,Nano-SIM + Nano-SIM,Optic AMOLED,,5.5,1080x1920,401,73.0,Gorilla Glass 5,"Android 7.1.1 (Nougat), upgradable to Android 10, OxygenOS 10.0.0",Qualcomm MSM8998 Snapdragon 835 (10 nm),10,Octa-core (4x2.45 GHz Kryo & 4x1.9 GHz Kryo),Adreno 540,6,8,64,128,,16.0,2,1.7,No,1/2.8,Yes,"HDR, panorama, dual-LED flash","4K@30fps, 1080p@30/60fps, 720p@30/120/480fps, Auto HDR",16.0,No,HDR,1080p (gyro-EIS),"Wi-Fi 802.11 a/b/g/n/ac, Wi-Fi Direct, DLNA",Yes,5.0,Type-C,Yes,"GPS, GLONASS, BDS, GALILEO","Fingerprint (front-mounted), accelerometer, gyro, proximity, compass",3300,20,,No,,,,,,,6604,,,,"Midnight Black, Slate Gray",A5000,,,No
Oneplus,OnePlus 3T,https://www.gsmarena.com/oneplus_3t-8416.php,https://fdn2.gsmarena.com/vv/bigpic/oneplus-3t-.jpg,GSM / HSPA / EVDO / LTE,No,"2016, November. Released 2016, November",Discontinued,152.7 x 74.7 x 7.4 mm (6.01 x 2.94 x 0.29 in),158.0,Glass,,Nano-SIM + Nano-SIM,Optic AMOLED,,5.5,1080x1920,401,73.1,Corning Gorilla Glass 4,"Android 6.0.1 (Marshmallow), upgradable to Android 9.0 (Pie)",Qualcomm MSM8996 Snapdragon 821 (14 nm),14,Quad-core (2x2.35 GHz Kryo & 2x1.6 GHz Kryo),Adreno 530,6,6,64,128,,16.0,1,2.0,Yes,1/2.8,Yes,"LED flash, panorama, HDR","4K@30fps, 1080p@30/60fps, 720p@120fps, Auto HDR",16.0,No,,1080p@30fps,"Wi-Fi 802.11 a/b/g/n/ac, Wi-Fi Direct, DLNA",Yes,4.2,Type-C,Yes,"GPS, GLONASS, BDS","Fingerprint (front-mounted), accelerometer, gyro, proximity, compass",3400,20,,No,,,,,,171678,,,,,"Gunmetal, Soft Gold, Midnight Black","A3010, A3003",0.99 W/kg (head) 0.65 W/kg (body),,No
Oneplus,OnePlus 3,https://www.gsmarena.com/oneplus_3-7995.php,https://fdn2.gsmarena.com/vv/bigpic/oneplus-3-.jpg,GSM / HSPA / LTE,No,"2016, June. Released 2016, June",Discontinued,152.7 x 74.7 x 7.4 mm (6.01 x 2.94 x 0.29 in),158.0,Glass,,Nano-SIM + Nano-SIM,Optic AMOLED,,5.5,1080x1920,401,73.1,Corning Gorilla Glass 4,"Android 6.0.1 (Marshmallow), upgradable to Android 9.0 (Pie)",Qualcomm MSM8996 Snapdragon 820 (14 nm),14,Quad-core (2x2.15 GHz Kryo & 2x1.6 GHz Kryo),Adreno 530,6,6,64,64,,16.0,1,2.0,Yes,1/2.8,Yes,"LED flash, panorama, HDR","4K@30fps, 1080p@30/60fps, 720p@120fps, Auto HDR",8.0,No,,,"Wi-Fi 802.11 a/b/g/n/ac, Wi-Fi Direct, DLNA",Yes,4.2,Type-C,Yes,"GPS, GLONASS, BDS","Fingerprint (front-mounted), accelerometer, gyro, proximity, compass",3000,20,,No,,,,,,,,,,,"Graphite, soft gold","A3003, A3000, SM-A3000",,0.39 W/kg (head) 0.32 W/kg (body),No
Oneplus,OnePlus X,https://www.gsmarena.com/oneplus_x-7630.php,https://fdn2.gsmarena.com/vv/bigpic/oneplus-x.jpg,GSM / HSPA / LTE,No,"2015, October. Released 2015, November",Discontinued,140 x 69 x 6.9 mm (5.51 x 2.72 x 0.27 in),138.0,Glass,,Nano-SIM + Nano-SIM,AMOLED,,5.0,1080x1920,441,71.3,Gorilla Glass 3,"Android 5.1.1 (Lollipop), upgradable to 6.0.1 (Marshmallow), OxygenOS 2.2.3",Qualcomm Snapdragon 801 (28 nm),28,Quad-core 2.3 GHz Krait 400,Adreno 330,3,3,16,16,eMMC 5.0,13.0,1,2.2,No,1/3.1,No,"LED flash, panorama, HDR","1080p@30fps, 720p@120fps",8.0,No,,,"Wi-Fi 802.11 b/g/n, hotspot",No,4.0,Micro-USB,Yes,"GPS, GLONASS, BDS","Accelerometer, gyro, proximity",2525,,,No,,,,,,,,,,,"Onyx, Ceramic, Champagne","ONE E1003, ONE E1001, ONE E1005",1.11 W/kg (head) 1.11 W/kg (body),0.32 W/kg (head) 0.42 W/kg (body),FM radio
Oneplus,OnePlus 2,https://www.gsmarena.com/oneplus_2-6902.php,https://fdn2.gsmarena.com/vv/bigpic/oneplus-two.jpg,GSM / HSPA / LTE,No,"2015, July. Released 2015, August",Discontinued,151.8 x 74.9 x 9.9 mm (5.98 x 2.95 x 0.39 in),175.0,Glass,,Nano-SIM + Nano-SIM,IPS LCD,,5.5,1080x1920,401,73.3,Gorilla Glass 3,"Android 5.1 (Lollipop), upgradable to 6.0.1 (Marshmallow), Oxygen 3.5.6 UI",Qualcomm MSM8994 Snapdragon 810 (20 nm),20,Octa-core (4x1.56 GHz Cortex-A53 & 4x1.82 GHz Cortex-A57),Adreno 430,3,4,16,64,eMMC 5.0,13.0,1,2.0,Yes,1/2.6,Yes,"Laser AF, Dual-LED flash, panorama, HDR","4K@30fps, 4K(DCI)@24fps, 1080p@60fps, 720p@120fps, HDR, stereo sound rec.",5.0,No,,720p@30fps,"Wi-Fi 802.11 a/b/g/n/ac, Wi-Fi Direct, DLNA, hotspot",No,4.1,Type-C,Yes,"GPS, GLONASS","Fingerprint (front-mounted), accelerometer, gyro, proximity, compass",3300,,,No,,,,,,,,,,,Sandstone Black,"ONE A2003, ONE A2005, ONE A2001",,0.43 W/kg (head) 0.20 W/kg (body),No
Oneplus,OnePlus One,https://www.gsmarena.com/oneplus_one-6327.php,https://fdn2.gsmarena.com/vv/bigpic/oneplus-one.jpg,GSM / HSPA / LTE,No,"2014, April. Released 2014, June",Discontinued,152.9 x 75.9 x 8.9 mm (6.02 x 2.99 x 0.35 in),162.0,Glass,,Micro-SIM,IPS LCD,,5.5,1080x1920,401,71.9,Gorilla Glass 3,"Android 4.4.2 (KitKat), upgradable to 6.0.1 (Marshmallow)",Qualcomm MSM8974AC Snapdragon 801 (28 nm),28,Quad-core 2.5 GHz Krait 400,Adreno 330,3,3,16,64,eMMC 5.0,13.0,1,2.0,No,1/3.1,Yes,"Dual-LED flash, panorama, HDR","4K@30fps, 4K(DCI)@24fps, 1080p@60fps, 720p@120fps, HDR, stereo sound rec.",5.0,No,,720p@30fps,"Wi-Fi 802.11 a/b/g/n/ac, Wi-Fi Direct, DLNA, hotspot",Yes,4.1,Micro-USB,Yes,"GPS, GLONASS","Accelerometer, gyro, proximity, compass",3100,,,No,,,,,,,,,,,"Silk White, Sandstone Black",A0001,0.62 W/kg (head) 0.75 W/kg (body),,No
Oneplus,OnePlus V Fold,https://www.gsmarena.com/oneplus_v_fold-12391.php,https://fdn2.gsmarena.com/vv/bigpic/oneplus-fold-r.jpg,GSM / CDMA / HSPA / EVDO / LTE / 5G,Yes,Not announced yet,Cancelled,-,,,,Nano-SIM + Nano-SIM,"Foldable LTPO AMOLED, 120Hz, HDR10+",120,7.8,1792x1920,337,,,Android 14,,,,,16,16,256,256,UFS,48.0,3,2.2,Yes,1/2.0,Yes,"Hasselblad Color Calibration, Dual-LED dual-tone flash, HDR, panorama","4K@30/60fps, 1080p@30/60/240fps",20.0,No,"HDR, panorama","1080p@30fps, gyro-EIS","Wi-Fi 802.11 a/b/g/n/ac/6/7, tri-band",Yes,5.3,Type-C,No,"GPS (L1+L5), GLONASS (G1), BDS (B1I+B1c+B2a), GALILEO (E1+E5a), QZSS (L1+L5)","Fingerprint (side-mounted), accelerometer, dual gyro, proximity, compass",4800,67,,No,,,,,,,,,,,Black; other colors,,,,No
Oneplus,OnePlus Nord 2 Lite,https://www.gsmarena.com/oneplus_nord_2_lite-11530.php,https://fdn2.gsmarena.com/vv/bigpic/oneplus-nord-ce-2-lite-5g-0.jpg,GSM / HSPA / LTE / 5G,Yes,Not announced yet,Cancelled,164.3 x 75.6 x 8.5 mm (6.47 x 2.98 x 0.33 in),195.0,Glass,,Nano-SIM + Nano-SIM,"IPS LCD, 120Hz",120,6.59,1080x2412,401,84.1,,"Android 12, OxygenOS 12.1",Qualcomm SM6375 Snapdragon 695 5G (6 nm),6,Octa-core (2x2.2 GHz Kryo 660 Gold & 6x1.7 GHz Kryo 660 Silver),Adreno 619,8,8,128,128,UFS 2.2,64.0,3,1.7,No,,No,"LED flash, HDR, panorama",1080p@30fps,16.0,No,HDR,1080p@30fps,"Wi-Fi 802.11 a/b/g/n/ac, dual-band, Wi-Fi Direct",Yes,5.2,Type-C,Yes,"GPS, GLONASS, GALILEO, BDS, QZSS","Fingerprint (side-mounted), accelerometer, gyro, proximity, compass",5000,33,,No,,,,,,,,,,,"Black Dusk, Blue Tide",,,,Unspecified
Oneplus,OnePlus 9E,https://www.gsmarena.com/oneplus_9e-10746.php,https://fdn2.gsmarena.com/vv/bigpic/smartphone.jpg,GSM / HSPA / LTE / 5G,Yes,Not announced yet,Cancelled,-,,,,Nano-SIM + Nano-SIM,"IPS LCD, 90Hz",90,6.5,1080x2400,405,,,Android 11,Qualcomm SM6350 Snapdragon 690 5G (8 nm),8,Octa-core (2x2.0 GHz Kryo 560 Gold & 6x1.7 GHz Kryo 560 Silver),Adreno 619L,8,8,128,128,UFS,64.0,4,1.8,No,1/1.72,Yes,"LED flash, HDR, panorama","4K@30fps, 1080p@30/60/120fps; gyro-EIS",16.0,No,HDR,"1080p@30/60fps, gyro-EIS","Wi-Fi 802.11 a/b/g/n/ac, dual-band, Wi-Fi Direct",Yes,5.1,Type-C,Yes,GPS,"Fingerprint (rear-mounted), accelerometer, gyro, proximity, compass",5000,,,No,,,,,,,,,,,Blue; other colours,,,,No
Oneplus,OnePlus Open 2,https://www.gsmarena.com/oneplus_open_2-13597.php,https://fdn2.gsmarena.com/vv/bigpic/oneplus-open-10.jpg,GSM / HSPA / LTE / 5G,Yes,Not announced yet,Cancelled,Folded thickness: 10 mm,,,,Nano-SIM + Nano-SIM + eSIM (max 2 at a time),"Foldable LTPO3 Flexi-fluid AMOLED, 1B colors, Dolby Vision, 120Hz",120,8.0,2268x2440,416,,,"Android 15, OxygenOS 15",Qualcomm SM8750-AB Snapdragon 8 Elite (3 nm),3,Octa-core (2x4.32 GHz Oryon V2 Phoenix L + 6x3.53 GHz Oryon V2 Phoenix M),Adreno 830,16,16,512,512,UFS 4.0,50.0,3,,Yes,,Yes,"Hasselblad Color Calibration, LED flash, HDR, panorama","4K@30/60fps, 1080p@30/60/120/240/480fps gyro-EIS, HDR10+, Dolby Vision",20.0,Yes,HDR,"4K@30fps, 1080p@30fps, gyro-EIS","Wi-Fi 802.11 a/b/g/n/ac/6e/7, tri-band",Yes,5.4,Type-C,No,"GPS (L1+L5), GLONASS, BDS, GALILEO (E1+E5a), QZSS","Fingerprint (side-mounted), accelerometer, gyro, proximity, compass",5900,80,50,No,,,,,,,,,,,Black; other colors,,,,No
Samsung,Samsung Galaxy A57,https://www.gsmarena.com/samsung_galaxy_a57_5g-14379.php,https://fdn2.gsmarena.com/vv/bigpic/samsung-galaxy-a57.jpg,GSM / HSPA / LTE / 5G,Yes,"2026, March 25","Available. Released 2026, April 9",161.5 x 76.8 x 6.9 mm (6.36 x 3.02 x 0.27 in),179.0,Glass,IP68,· Nano-SIM + eSIM · Nano-SIM + Nano-SIM + eSIM + eSIM (max 2 at a time),"Super AMOLED+, 120Hz, HDR10+, 1200 nits (HBM), 1900 nits (peak)",120,6.7,1080x2340,385,88.8,Gorilla Glass Victus+,"Android 16, up to 6 major Android upgrades, One UI 8.5",Exynos 1680 (4 nm),4,Octa-core (1x2.9 GHz Cortex-720 & 4x2.6 GHz Cortex-720 & 3x1.95 GHz Cortex-520),Xclipse 550,8,12,128,512,UFS 3.1,50.0,3,1.8,Yes,1/1.56,Yes,"Best Face, LED flash, panorama, HDR","4K@30fps, 1080p@30/60fps, gyro-EIS",12.0,Yes,,"4K@30fps, 1080p@30/60fps, 10-bit HDR","Wi-Fi 802.11 a/b/g/n/ac/6e, dual-band or tri-band, Wi-Fi Direct",Yes,6.0,Type-C,No,"GPS, GALILEO, GLONASS, BDS, QZSS","Fingerprint (under display, optical), accelerometer, gyro, proximity, compass",5000,45,,No,Active use score 13:59h,489.99,346.0,529.0,46970,1001995,4411,1742,1309,-26.3,"Navy, Gray, Icyblue, Lilac","SM-A576B, SM-A576B/DS, SM-A576Q, SM-A576U1, SM-A576W, SM-A576Z, SM-A5760",0.85 W/kg (head) 1.20 W/kg (body),0.70 W/kg (head) 1.07 W/kg (body),No
Samsung,Samsung Galaxy A37,https://www.gsmarena.com/samsung_galaxy_a37_5g-14378.php,https://fdn2.gsmarena.com/vv/bigpic/samsung-galaxy-a37.jpg,GSM / HSPA / LTE / 5G,Yes,"2026, March 25","Available. Released 2026, April 9",162.9 x 78.2 x 7.4 mm (6.41 x 3.08 x 0.29 in),196.0,Glass,IP68,· Nano-SIM + eSIM · Nano-SIM + Nano-SIM + eSIM + eSIM (max 2 at a time),"Super AMOLED, 120Hz, 1200 nits (HBM), 1900 nits (peak)",120,6.7,1080x2340,385,86.5,Gorilla Glass Victus+,"Android 16, up to 6 major Android upgrades, One UI 8.5",Exynos 1480 (4 nm),4,Octa-core (4x2.75 GHz Cortex-A78 & 4x2.0 GHz Cortex-A55),Xclipse 530,6,12,128,256,UFS 3.1,50.0,3,1.8,Yes,1/1.56,Yes,"LED flash, panorama, HDR","4K@30fps, 1080p@30/60fps, gyro-EIS",12.0,Yes,,"4K@30fps, 1080p@30fps, 10-bit HDR","Wi-Fi 802.11 a/b/g/n/ac/6, dual-band, Wi-Fi Direct",Yes,5.4,Type-C,No,"GPS, GALILEO, GLONASS, BDS, QZSS","Fingerprint (under display, optical), accelerometer, gyro, compass",5000,45,,No,Active use score 13:49h,299.99,279.0,459.0,33800,697795,3345,1035,1246,-25.7,"Graygreen, Charkoal, White, Light Violet","SM-A376E, SM-A376E/DS, SM-A376B, SM-A376B/DS, SM-A376U, SM-A376U1, SM-A376W, SM-A3760",0.81 W/kg (head) 1.17 W/kg (body),0.72 W/kg (head) 1.14 W/kg (body),No
Samsung,Samsung Galaxy M17e,https://www.gsmarena.com/samsung_galaxy_m17e_5g-14534.php,https://fdn2.gsmarena.com/vv/bigpic/samsung-galaxy-m17e.jpg,GSM / HSPA / LTE / 5G,Yes,"2026, March 17","Available. Released 2026, March 17",167.4 x 77.4 x 8.2 mm (6.59 x 3.05 x 0.32 in),199.0,Glass,IP54,Nano-SIM + Nano-SIM,"PLS LCD, 120Hz, 650 nits (typ), 800 nits (HBM)",120,6.7,720x1600,262,83.6,,"Android 16, up to 6 major Android upgrades, One UI 8",Mediatek Dimensity 6300 (6 nm),6,Octa-core (2x2.4 GHz Cortex-A76 & 6x2.0 GHz Cortex-A55),Mali-G57 MC2,4,6,128,128,,50.0,2,1.8,No,,No,LED flash,1080p@30/60fps,8.0,No,,1080p@30fps,"Wi-Fi 802.11 a/b/g/n/ac, dual-band, Wi-Fi Direct",No,5.3,Type-C,Yes,"GPS, GALILEO, GLONASS, BDS, QZSS","Fingerprint (side-mounted), accelerometer, gyro, proximity, compass",6000,25,,No,,,,,12499,,,,,,"Blitz Blue, Vibe Violet","SM-M076B, SM-M076B/DS",1.12 W/kg (head),1.23 W/kg (head) 1.29 W/kg (body),FM radio
Samsung,Samsung Galaxy S26 Ultra,https://www.gsmarena.com/samsung_galaxy_s26_ultra_5g-14320.php,https://fdn2.gsmarena.com/vv/bigpic/samsung-galaxy-s26-ultra-new.jpg,GSM / CDMA / HSPA / EVDO / LTE / 5G,Yes,"2026, February 25","Available. Released 2026, March 06",163.6 x 78.1 x 7.9 mm (6.44 x 3.07 x 0.31 in),214.0,Glass,IP68,· Nano-SIM + Nano-SIM + eSIM + eSIM (max 2 at a time) - INT · Nano-SIM + eSIM + eSIM (max 2 at a time) - USA · Nano-SIM + Nano-SIM - CN,"Dynamic LTPO AMOLED 2X, 120Hz, HDR10+, 2600 nits (peak)",120,6.9,1440x3120,500,90.7,"Corning Gorilla Armor 2, Mohs level 6","Android 16, up to 7 major Android upgrades, One UI 8.5",Qualcomm SM8850-1-AD Snapdragon 8 Elite Gen 5 (3 nm),3,Octa-core (2x4.74 GHz Oryon V3 Phoenix L + 6x3.62 GHz Oryon V3 Phoenix M),Adreno 840 (1.3GHz),12,16,256,512,UFS 4.X,200.0,4,1.4,Yes,1/1.3,Yes,"Laser AF, Best Face, Horizon Lock, LED flash, auto-HDR, panorama","8K@24/30fps, 4K@30/60/120fps, 1080p@30/60/120/240fps, 10-bit HDR, HDR10+, stereo sound rec., gyro-EIS",12.0,Yes,"HDR, HDR10+","4K@30/60fps, 1080p@30fps","Wi-Fi 802.11 a/b/g/n/ac/6e/7, tri-band, Wi-Fi Direct",Yes,6.0,Type-C,No,"GPS, GLONASS, BDS, GALILEO, QZSS","Fingerprint (under display, ultrasonic), accelerometer, gyro, proximity, compass, barometer",5000,60,25,Yes,Active use score 16:23h,1049.99,934.99,889.0,116490,2627986,11566,7744,1480,-25.9,"Cobalt Violet, Sky Blue, Black, White, Silver Shadow, Pink Gold","SM-S948B, SM-S948B/DS, SM-S948U, SM-S948U1, SM-S948W, SM-S948N, SM-S9480, SM-S948E, SM-S948E/DS",1.09 W/kg (head) 1.19 W/kg (body),1.28 W/kg (head) 1.35 W/kg (body),No
Samsung,Samsung Galaxy S26+,https://www.gsmarena.com/samsung_galaxy_s26+_5g-14457.php,https://fdn2.gsmarena.com/vv/bigpic/samsung-galaxy-s26-plus.jpg,GSM / CDMA / HSPA / EVDO / LTE / 5G,Yes,"2026, February 25","Available. Released 2026, March 06",158.4 x 75.8 x 7.3 mm (6.24 x 2.98 x 0.29 in),190.0,Glass,IP68,· Nano-SIM + Nano-SIM + eSIM + eSIM (max 2 at a time) - INT · Nano-SIM + eSIM + eSIM (max 2 at a time) - USA · Nano-SIM + Nano-SIM - CN,"Dynamic LTPO AMOLED 2X, 120Hz, HDR10+, 2600 nits (peak)",120,6.7,1440x3120,516,90.7,Gorilla Glass Victus,"Android 16, up to 7 major Android upgrades, One UI 8.5",Qualcomm SM8850-1-AD Snapdragon 8 Elite Gen 5 (3 nm) - US/CN Exynos 2600 (2 nm) - ROW,3,Octa-core (2x4.74 GHz Oryon V3 Phoenix L + 6x3.62 GHz Oryon V3 Phoenix M) - US/CN 10-core (1x3.80GHz C1-Ultra & 3x3.25GHz C1-Pro & 6x2.75GHz C1-Pro) - ROW,Adreno 840 (1.3GHz) - US/CN Xclipse 960 - ROW,12,12,256,512,UFS 4.X,50.0,3,1.8,Yes,1/1.56,Yes,"Best Face, Horizon Lock, LED flash, auto-HDR, panorama","8K@24/30fps, 4K@30/60fps, 1080p@30/60/120/240fps, 10-bit HDR, HDR10+, stereo sound rec., gyro-EIS",12.0,Yes,"HDR, HDR10+","4K@30/60fps, 1080p@30fps","Wi-Fi 802.11 a/b/g/n/ac/6e/7, tri-band, Wi-Fi Direct",Yes,6.0,Type-C,No,"GPS, GLONASS, BDS, GALILEO, QZSS","Fingerprint (under display, ultrasonic), accelerometer, gyro, proximity, compass, barometer",4900,45,20,Yes,Active use score 16:25h,1010.0,829.0,949.99,94999,2459298,10982,7138,1498,-26.2,"Cobalt Violet, Sky Blue, Black, White, Silver Shadow, Pink Gold","SM-S947B, SM-S947B/DS, SM-S947U, SM-S947U1, SM-S947W, SM-S947N, SM-S9470, SM-S947E, SM-S947E/DS",1.15 W/kg (head) 1.17 W/kg (body),0.78 W/kg (head) 1.22 W/kg (body),No
Samsung,Samsung Galaxy S26,https://www.gsmarena.com/samsung_galaxy_s26_5g-14456.php,https://fdn2.gsmarena.com/vv/bigpic/samsung-galaxy-s26.jpg,GSM / CDMA / HSPA / EVDO / LTE / 5G,Yes,"2026, February 25","Available. Released 2026, March 06",149.6 x 71.7 x 7.2 mm (5.89 x 2.82 x 0.28 in),167.0,Glass,IP68,· Nano-SIM + Nano-SIM + eSIM + eSIM (max 2 at a time) - INT · Nano-SIM + eSIM + eSIM (max 2 at a time) - USA · Nano-SIM + Nano-SIM - CN,"Dynamic LTPO AMOLED 2X, 120Hz, HDR10+, 2600 nits (peak)",120,6.3,1080x2340,411,90.0,Gorilla Glass Victus,"Android 16, up to 7 major Android upgrades, One UI 8.5",Qualcomm SM8850-1-AD Snapdragon 8 Elite Gen 5 (3 nm) - US/CN Exynos 2600 (2 nm) - ROW,3,Octa-core (2x4.74 GHz Oryon V3 Phoenix L + 6x3.62 GHz Oryon V3 Phoenix M) - US/CN 10-core (1x3.80GHz C1-Ultra & 3x3.25GHz C1-Pro & 6x2.75GHz C1-Pro) - ROW,Adreno 840 (1.3GHz) - US/CN Xclipse 960 - ROW,12,12,128,512,UFS 4.X,50.0,3,1.8,Yes,1/1.56,Yes,"Best Face, Horizon Lock, LED flash, auto-HDR, panorama","8K@24/30fps, 4K@30/60fps, 1080p@30/60/120/240fps, 10-bit HDR, HDR10+, stereo sound rec., gyro-EIS",12.0,Yes,"HDR, HDR10+","4K@30/60fps, 1080p@30fps","Wi-Fi 802.11 a/b/g/n/ac/6e/7, tri-band, Wi-Fi Direct",Yes,5.4,Type-C,No,"GPS, GLONASS, BDS, GALILEO, QZSS","Fingerprint (under display, ultrasonic), accelerometer, gyro, proximity, compass, barometer",4300,25,15,Yes,Active use score 15:20h,720.0,679.6,579.82,73123,2441481,10824,7230,1383,-26.7,"Cobalt Violet, Sky Blue, Black, White, Silver Shadow, Pink Gold","SM-S942B, SM-S942B/DS, SM-S942U, SM-S942U1, SM-S942W, SM-S942N, SM-S9420, SM-S942E, SM-S942E/DS",1.19 W/kg (head) 1.20 W/kg (body),1.21 W/kg (head) 1.10 W/kg (body),No
Samsung,Samsung Galaxy F70e,https://www.gsmarena.com/samsung_galaxy_f70e_5g-14459.php,https://fdn2.gsmarena.com/vv/bigpic/samsung-galaxy-f70e.jpg,GSM / HSPA / LTE / 5G,Yes,"2026, February 09","Available. Released 2026, February 17",167.4 x 77.4 x 8.2 mm (6.59 x 3.05 x 0.32 in),199.0,Glass,IP54,Nano-SIM + Nano-SIM,"PLS LCD, 120Hz, 650 nits (typ), 800 nits (HBM)",120,6.7,720x1600,262,83.6,,"Android 16, up to 6 major Android upgrades, One UI 8",Mediatek Dimensity 6300 (6 nm),6,Octa-core (2x2.4 GHz Cortex-A76 & 6x2.0 GHz Cortex-A55),Mali-G57 MC2,4,6,128,128,,50.0,2,1.8,No,,No,LED flash,1080p@30/60fps,8.0,No,,1080p@30fps,"Wi-Fi 802.11 a/b/g/n/ac, dual-band, Wi-Fi Direct",No,5.3,Type-C,Yes,"GPS, GALILEO, GLONASS, BDS, QZSS","Fingerprint (side-mounted), accelerometer, gyro, proximity, compass",6000,25,,No,,,,,13148,,,,,,"Limelight Green, Spotlight Blue","SM-E076B, SM-E076B/DS",1.12 W/kg (head),1.23 W/kg (head) 1.29 W/kg (body),FM radio
Samsung,Samsung Galaxy A07,https://www.gsmarena.com/samsung_galaxy_a07_5g-14409.php,https://fdn2.gsmarena.com/vv/bigpic/samsung-galaxy-a07-5g.jpg,GSM / HSPA / LTE / 5G,Yes,"2026, January 13","Available. Released 2026, January 13",167.4 x 77.4 x 8.2 mm (6.59 x 3.05 x 0.32 in),199.0,Glass,IP54,Nano-SIM + Nano-SIM,"PLS LCD, 120Hz, 650 nits (typ), 800 nits (HBM)",120,6.7,720x1600,262,83.6,,"Android 16, up to 6 major Android upgrades, One UI 8",Mediatek Dimensity 6300 (6 nm),6,Octa-core (2x2.4 GHz Cortex-A76 & 6x2.0 GHz Cortex-A55),Mali-G57 MC2,4,6,64,128,,50.0,2,1.8,No,,No,LED flash,1080p@30/60fps,8.0,No,,1080p@30fps,"Wi-Fi 802.11 a/b/g/n/ac, dual-band, Wi-Fi Direct",No,5.3,Type-C,Yes,"GPS, GALILEO, GLONASS, BDS, QZSS","Fingerprint (side-mounted), accelerometer, gyro, proximity, compass",6000,25,,No,,,,,13900,,,,,,"Black, Light Violet","SM-A076B, SM-A076B/DS",1.12 W/kg (head),1.23 W/kg (head) 1.29 W/kg (body),FM radio
Samsung,Samsung Galaxy Z TriFold,https://www.gsmarena.com/samsung_galaxy_z_trifold_5g-14292.php,https://fdn2.gsmarena.com/vv/bigpic/samsung-galaxy-z-trifold-.jpg,GSM / CDMA / HSPA / EVDO / LTE / 5G,Yes,"2025, December 02. Released 2025, December 12",Discontinued,Unfolded: 159.2 x 214.1 x 3.9-4.2 mm Folded: 159.2 x 75 x 12.9 mm,309.0,Titanium,IP48,· Nano-SIM + Nano-SIM + eSIM + eSIM (max 2 at a time) · Nano-SIM + Nano-SIM + multiple eSIM (max 2 at a time) · Nano-SIM + Nano-SIM,"Tri-foldable Dynamic LTPO AMOLED 2X, 120Hz, HDR, 1600 nits (peak)",120,10.0,1584x2160,269,89.6,,"Android 16, One UI 8.5",Qualcomm SM8750-AC Snapdragon 8 Elite (3 nm),3,Octa-core (2x4.47 GHz Oryon V2 Phoenix L + 6x3.53 GHz Oryon V2 Phoenix M),Adreno 830 (1200 MHz),16,16,512,512,UFS,200.0,3,1.7,Yes,1/1.3,Yes,"LED flash, HDR, panorama","8K@30fps, 4K@60fps, 1080p@60/120/240fps (gyro-EIS), 10-bit HDR, HDR10+",10.0,Yes,HDR,"4K@30/60fps, 1080p@30/60fps, gyro-EIS","Wi-Fi 802.11 a/b/g/n/ac/6e/7, tri-band, Wi-Fi Direct",Yes,5.4,Type-C,No,"GPS, GALILEO, GLONASS, BDS, QZSS","Fingerprint (side-mounted), accelerometer, gyro, proximity, compass, barometer",5600,45,15,Yes,,,,,,,,,,,Crafted Black,"SM-F968B, SM-F968B/DS, SM-D639B, SM-D639B/DS, SM-D639U, SM-D639U1, SM-D639N, SM-D6390",,1.18 W/kg (head) 1.49 W/kg (body),No
Samsung,Samsung Galaxy M17,https://www.gsmarena.com/samsung_galaxy_m17_5g-14221.php,https://fdn2.gsmarena.com/vv/bigpic/samsung-galaxy-a17.jpg,GSM / HSPA / LTE / 5G,Yes,"2025, October 10","Available. Released 2025, October 13",164.4 x 77.9 x 7.5 mm (6.47 x 3.07 x 0.30 in),192.0,Glass,IP54,Nano-SIM + Nano-SIM,"Super AMOLED, 90Hz, 1100 nits (HBM)",90,6.7,1080x2340,385,86.0,Gorilla Glass Victus,"Android 15, up to 6 major Android upgrades, One UI 7",Exynos 1330 (5 nm),5,Octa-core (2x2.4 GHz Cortex-A78 & 6x2.0 GHz Cortex-A55),Mali-G68 MP2,4,8,128,128,,50.0,3,1.8,Yes,1/2.76,No,"LED flash, panorama, HDR","1080p@30fps, gyro-EIS",13.0,No,,1080p@30fps,"Wi-Fi 802.11 a/b/g/n/ac, dual-band, Wi-Fi Direct",Yes,5.3,Type-C,No,"GPS, GALILEO, GLONASS, BDS, QZSS","Fingerprint (side-mounted), accelerometer, gyro, proximity, compass",5000,25,,No,,,,,,,,,,,"Moonlight Silver, Sapphire Black","M-M176B, M-M176B/DS",0.64 W/kg (head),,No
Samsung,Samsung Galaxy F07,https://www.gsmarena.com/samsung_galaxy_f07-14205.php,https://fdn2.gsmarena.com/vv/bigpic/samsung-galaxy-f07.jpg,GSM / HSPA / LTE,No,"2025, October 04","Available. Released 2025, October 04",167.4 x 77.4 x 7.6 mm (6.59 x 3.05 x 0.30 in),184.0,Glass,IP54,Nano-SIM + Nano-SIM,"PLS LCD, 90Hz",90,6.7,720x1600,262,83.6,,"Android 15, up to 6 major Android upgrades, One UI 7",Mediatek Helio G99 (6 nm),6,Octa-core (2x2.2 GHz Cortex-A76 & 6x2.0 GHz Cortex-A55),Mali-G57 MC2,4,4,64,64,,50.0,2,1.8,No,1/2.76,No,LED flash,1080p@30fps,8.0,No,,Yes,"Wi-Fi 802.11 a/b/g/n/ac, dual-band, Wi-Fi Direct",No,5.3,Type-C,Yes,"GPS, GALILEO, GLONASS, BDS, QZSS","Fingerprint (side-mounted), accelerometer, proximity",5000,25,,No,,,,189.99,9988,,,,,,Green,"SM-E075F/DS, SM-E075F",0.24 W/kg (head),,FM radio
Samsung,Samsung Galaxy M07,https://www.gsmarena.com/samsung_galaxy_m07-14100.php,https://fdn2.gsmarena.com/vv/bigpic/samsung-galaxy-m07.jpg,GSM / HSPA / LTE,No,"2025, October 01","Available. Released 2025, October 01",167.4 x 77.4 x 7.6 mm (6.59 x 3.05 x 0.30 in),184.0,Glass,IP54,Nano-SIM + Nano-SIM,"PLS LCD, 90Hz",90,6.7,720x1600,262,83.6,,"Android 15, up to 6 major Android upgrades, One UI 7",Mediatek Helio G99 (6 nm),6,Octa-core (2x2.2 GHz Cortex-A76 & 6x2.0 GHz Cortex-A55),Mali-G57 MC2,4,4,64,64,,50.0,2,1.8,No,1/2.76,No,LED flash,1080p@30fps,8.0,No,,Yes,"Wi-Fi 802.11 a/b/g/n/ac, dual-band, Wi-Fi Direct",No,5.3,Type-C,Yes,"GPS, GALILEO, GLONASS, BDS, QZSS","Fingerprint (side-mounted), accelerometer, proximity",5000,25,,No,,54.98,,94.99,9499,,,,,,Black,"SM-M075F/DS, SM-M075F",0.24 W/kg (head),,FM radio
Samsung,Samsung Galaxy A17 4G,https://www.gsmarena.com/samsung_galaxy_a17-14157.php,https://fdn2.gsmarena.com/vv/bigpic/samsung-galaxy-a17.jpg,GSM / HSPA / LTE,No,"2025, September 18","Available. Released 2025, September 18",164.4 x 77.9 x 7.5 mm (6.47 x 3.07 x 0.30 in),190.0,Glass,IP54,· Nano-SIM · Nano-SIM + Nano-SIM,"Super AMOLED, 90Hz",90,6.7,1080x2340,385,86.0,Gorilla Glass Victus+,"Android 15, up to 6 major Android upgrades, One UI 7",Mediatek Helio G99 (6 nm),6,Octa-core (2x2.2 GHz Cortex-A76 & 6x2.0 GHz Cortex-A55),Mali-G57 MC2,4,8,128,256,,50.0,3,1.8,Yes,1/2.76,No,"LED flash, panorama, HDR",1080p@30fps,13.0,No,,1080p@30fps,"Wi-Fi 802.11 a/b/g/n/ac, dual-band, Wi-Fi Direct",Yes,5.3,Type-C,No,"GPS, GALILEO, GLONASS, BDS, QZSS","Fingerprint (side-mounted), accelerometer, compass",5000,25,,No,,145.0,143.0,118.0,,,,,,,"Black, Gray, Light blue","SM-A175F, SM-A175F/DS, SM-A175M, SM-A175M/DS, SM-A175F/DSB",,0.37 W/kg (head) 1.18 W/kg (body),FM radio (market/region dependent)
Samsung,Samsung Galaxy Tab A11+,https://www.gsmarena.com/samsung_galaxy_tab_a11+-14192.php,https://fdn2.gsmarena.com/vv/bigpic/samsung-galaxy-tab-a11-plus.jpg,GSM / HSPA / LTE / 5G,Yes,"2025, September 29","Available. Released 2025, November 02",257.1 x 168.7 x 6.9 mm (10.12 x 6.64 x 0.27 in),477.0,,,Nano-SIM + eSIM (cellular model only),"TFT LCD, 90Hz",90,11.0,1200x1920,206,80.9,Mohs level 5,"Android 16, up to 7 major Android upgrades, One UI 8",Mediatek Dimensity 7300 (4 nm) Mediatek MT8775 - USA,4,Octa-core (4x2.5 GHz Cortex-A78 & 4x2.0 GHz Cortex-A55),Mali-G615 MC2,6,8,128,256,,8.0,1,,No,,No,,1080p@30fps,5.0,No,,1080p@30fps,"Wi-Fi 802.11 a/b/g/n/ac, dual-band, Wi-Fi Direct",No,5.3,Type-C,Yes,"GPS, GLONASS, GALILEO, BDS, QZSS - cellular model only","Accelerometer, gyro, proximity (accessories only), compass",7040,25,,No,,209.99,,,,,,,,,"Gray, Silver","SM-X230, SM-X236B",1.05 W/kg (body),0.31 W/kg (body),No
Samsung,Samsung Galaxy Tab A11,https://www.gsmarena.com/samsung_galaxy_tab_a11-14141.php,https://fdn2.gsmarena.com/vv/bigpic/samsung-galaxy-tab-a11.jpg,GSM / HSPA / LTE,No,"2025, September 12","Available. Released 2025, September",211 x 124.7 x 8 mm (8.31 x 4.91 x 0.31 in),335.0,,,Nano-SIM (cellular model only),"TFT LCD, 90Hz",90,8.7,800x1340,179,81.7,Mohs level 5,"Android 15, upgradable to Android 16, One UI 8, up to 7 major Android upgrades",Mediatek Helio G99 (6 nm),6,Octa-core (2x2.2 GHz Cortex-A76 & 6x2.0 GHz Cortex-A55),Mali-G57 MC2,4,8,64,128,,8.0,1,,No,,No,,1080p@30fps,5.0,No,,Yes,"Wi-Fi 802.11 a/b/g/n/ac, dual-band, Wi-Fi Direct",No,5.3,Type-C,Yes,"GPS, GLONASS, BDS, GALILEO, QZSS - cellular model only","Accelerometer, proximity, compass",5100,15,,No,,,,,,,,,,,"Gray, Silver","SM-X133, SM-X135, SM-X135F",0.60 W/kg (head) 1.37 W/kg (body),0.29 W/kg (body),No
Samsung,Samsung Galaxy F17,https://www.gsmarena.com/samsung_galaxy_f17_5g-14107.php,https://fdn2.gsmarena.com/vv/bigpic/samsung-galaxy-f17-5g-.jpg,GSM / HSPA / LTE / 5G,Yes,"2025, September 11","Available. Released 2025, September 14",164.4 x 77.9 x 7.5 mm (6.47 x 3.07 x 0.30 in),192.0,Glass,IP54,Nano-SIM + Nano-SIM,"Super AMOLED, 90Hz, 1100 nits (HBM)",90,6.7,1080x2340,385,86.0,Gorilla Glass Victus,"Android 15, up to 6 major Android upgrades, One UI 7",Exynos 1330 (5 nm),5,Octa-core (2x2.4 GHz Cortex-A78 & 6x2.0 GHz Cortex-A55),Mali-G68 MP2,4,8,128,128,,50.0,3,1.8,Yes,1/2.76,No,"LED flash, panorama, HDR","1080p@30fps, gyro-EIS",13.0,No,,1080p@30fps,"Wi-Fi 802.11 a/b/g/n/ac, dual-band, Wi-Fi Direct",Yes,5.3,Type-C,No,"GPS, GALILEO, GLONASS, BDS, QZSS","Fingerprint (side-mounted), accelerometer, gyro, compass",5000,25,,No,,,,,15429,,,,,,"Black, Violet",SM-E176B/DS,0.64 W/kg (head),,No
Samsung,Samsung Galaxy S25 FE,https://www.gsmarena.com/samsung_galaxy_s25_fe_5g-14042.php,https://fdn2.gsmarena.com/vv/bigpic/samsung-galaxy-s25-fe.jpg,GSM / HSPA / LTE / 5G,Yes,"2025, September 04","Available. Released 2025, September 04",161.3 x 76.6 x 7.4 mm (6.35 x 3.02 x 0.29 in),190.0,Glass,IP68,· Nano-SIM · Nano-SIM + Nano-SIM · Nano-SIM + eSIM · eSIM + eSIM,"Dynamic LTPO AMOLED 2X, 120Hz, HDR10+, 1900 nits (peak)",120,6.7,1080x2340,385,89.2,Gorilla Glass Victus+,"Android 16, up to 7 major Android upgrades, One UI 8",Exynos 2400 (4 nm),4,10-core (1x3.2GHz Cortex-X4 & 2x2.9GHz Cortex-A720 & 3x2.6GHz Cortex-A720 & 4x1.95GHz Cortex-A520),Xclipse 940,8,8,128,512,UFS 4.0,50.0,3,1.8,Yes,1/1.57,Yes,"LED flash, HDR, panorama, Best Face","8K@24/30fps, 4K@30/60/120fps, 1080p@30/60/120/240fps; gyro-EIS, HDR10+",12.0,Yes,,"4K@30/60fps, 1080p@30/60fps; gyro-EIS, HDR10+","Wi-Fi 802.11 a/b/g/n/ac/6e, dual-band or tri-band (market/region dependent), Wi-Fi Direct",Yes,5.4,Type-C,No,"GPS, GLONASS, GALILEO, BDS","Fingerprint (under display, optical), accelerometer, gyro, proximity, compass, barometer",4900,45,15,Yes,Active use score 11:57h,310.0,459.99,425.0,47990,1521140,6948,4262,1247,-25.6,"Icyblue, Jetblack, Navy, White","SM-S731B, SM-S731B/DS",,0.54 W/kg (head) 1.57 W/kg (body),No
Samsung,Samsung Galaxy Tab S11 Ultra,https://www.gsmarena.com/samsung_galaxy_tab_s11_ultra_5g-14057.php,https://fdn2.gsmarena.com/vv/bigpic/samsung-galaxy-tab-s11-ultra.jpg,GSM / HSPA / LTE / 5G,Yes,"2025, September 04","Available. Released 2025, September 04",326.3 x 208.5 x 5.1 mm (12.85 x 8.21 x 0.20 in),692.0,Glass,IP68,Nano-SIM + eSIM (cellular model only),"Dynamic AMOLED 2X, 120Hz, HDR10+, 1000 nits (typ), 1600 nits (peak)",120,14.6,1848x2960,239,90.8,Mohs level 5,"Android 16, One UI 8.5",Mediatek Dimensity 9400+ (3 nm),3,Octa-core (1x3.63 GHz Cortex-X925 & 3x3.3 GHz Cortex-X4 & 4x2.4 GHz Cortex-A720),Immortalis-G925,12,16,128,512,UFS,13.0,2,2.0,No,1/3.4,Yes,"LED flash, HDR, panorama","4K@30fps, 1080p@30fps",12.0,Yes,HDR,"4K@30fps, 1080p@30fps","Wi-Fi 802.11 a/b/g/n/ac/6e/7, tri-band, Wi-Fi Direct",No,5.4,Type-C,No,"GPS, GLONASS, BDS, GALILEO","Fingerprint (under display, optical), accelerometer, gyro, proximity, compass",11600,45,,No,Active use score 13:25h,1059.5,,,,,,,,-20.9,"Moonstone Gray, Platinum Silver","SM-X930, SM-X936B, SM-X936N, SM-X930N",,0.80 W/kg (body),No
Samsung,Samsung Galaxy Tab S11,https://www.gsmarena.com/samsung_galaxy_tab_s11_5g-14058.php,https://fdn2.gsmarena.com/vv/bigpic/samsung-galaxy-tab-s11.jpg,GSM / HSPA / LTE / 5G,Yes,"2025, September 04","Available. Released 2025, September 04",253.8 x 165.3 x 5.5 mm (9.99 x 6.51 x 0.22 in),469.0,Glass,IP68,Nano-SIM + eSIM (cellular model only),"Dynamic AMOLED 2X, 120Hz, HDR10+, 1000 nits (typ), 1600 nits (peak)",120,11.0,1600x2560,274,83.6,Mohs level 5,"Android 16, One UI 8.5",Mediatek Dimensity 9400+ (3 nm),3,Octa-core (1x3.63 GHz Cortex-X925 & 3x3.3 GHz Cortex-X4 & 4x2.4 GHz Cortex-A720),Immortalis-G925,12,12,128,512,UFS,13.0,1,2.0,No,1/3.4,Yes,"LED flash, HDR, panorama","4K@30fps, 1080p@30fps",12.0,Yes,HDR,"4K@30fps, 1080p@30fps","Wi-Fi 802.11 a/b/g/n/ac/6e, tri-band, Wi-Fi Direct",No,5.4,Type-C,No,"GPS, GLONASS, BDS, GALILEO - cellular model only","Fingerprint (under display, optical), accelerometer, gyro, proximity, compass",8400,45,,No,,,,,,,,,,,"Moonstone Gray, Platinum Silver","SM-X730, SM-X736, SM-X736B",,0.99 W/kg (body),No
Samsung,Samsung Galaxy Tab S10 Lite,https://www.gsmarena.com/samsung_galaxy_tab_s10_lite_5g-14059.php,https://fdn2.gsmarena.com/vv/bigpic/samsung-galaxy-tab-s10-lite.jpg,GSM / HSPA / LTE / 5G,Yes,"2025, August 25","Available. Released 2025, August 25",254.3 x 165.8 x 6.6 mm (10.01 x 6.53 x 0.26 in),524.0,Glass,,Nano-SIM + eSIM (cellular model only),"TFT LCD, 90Hz",90,10.9,1320x2112,228,81.7,Mohs level 5,"Android 15, up to 7 major Android upgrades, One UI 7",Exynos 1380 (5 nm),5,Octa-core (4x2.4 GHz Cortex-A78 & 4x2.0 GHz Cortex-A55),Mali-G68 MP5,6,8,128,256,,8.0,1,,No,,No,,1080p@30fps,5.0,No,,1080p@30fps,"Wi-Fi 802.11 a/b/g/n/ac/6, dual-band, Wi-Fi Direct",No,5.3,Type-C,No,"GPS, GALILEO, GLONASS, BDS, QZSS - cellular model only","Accelerometer, gyro, proximity (accessories only), compass (cellular model only)",8000,25,,No,,,,,,,,,,,"Gray, Silver, Coral Red","SM-X400, SM-X406, SM-X406B",,0.92 W/kg (body),No
Samsung,Samsung Galaxy A07 4G,https://www.gsmarena.com/samsung_galaxy_a07-14066.php,https://fdn2.gsmarena.com/vv/bigpic/samsung-galaxy-a07.jpg,GSM / HSPA / LTE,No,"2025, August 25","Available. Released 2025, August 25",167.4 x 77.4 x 7.6 mm (6.59 x 3.05 x 0.30 in),184.0,Glass,IP54,Nano-SIM + Nano-SIM,"PLS LCD, 90Hz",90,6.7,720x1600,262,83.6,,"Android 15, up to 6 major Android upgrades, One UI 8",Mediatek Helio G99 (6 nm),6,Octa-core (2x2.2 GHz Cortex-A76 & 6x2.0 GHz Cortex-A55),Mali-G57 MC2,4,8,64,256,UFS 2.2,50.0,2,1.8,No,1/2.76,No,LED flash,1080p@30/60fps,8.0,No,,Yes,"Wi-Fi 802.11 a/b/g/n/ac, dual-band, Wi-Fi Direct",No,5.3,Type-C,Yes,"GPS, GLONASS, GALILEO, BDS","Fingerprint (side-mounted), accelerometer, proximity",5000,25,,No,Active use score 12:44h,92.72,,90.99,,394421,1941,338,468,-27.5,"Gray, Light Violet, Dark Green","SM-A075B, SM-A075B/DS, SM-A075F, SM-A075F/DS, SM-A075M, SM-A075M/DS",0.33 W/kg (head) 1.18 W/kg (body),0.19 W/kg (head) 1.33 W/kg (body),FM radio
Samsung,Samsung Galaxy A17,https://www.gsmarena.com/samsung_galaxy_a17_5g-14041.php,https://fdn2.gsmarena.com/vv/bigpic/samsung-galaxy-a17-5g.jpg,GSM / HSPA / LTE / 5G,Yes,"2025, August 06","Available. Released 2025, August 14",164.4 x 77.9 x 7.5 mm (6.47 x 3.07 x 0.30 in),192.0,Glass,IP54,· Nano-SIM · Nano-SIM + eSIM · Nano-SIM + Nano-SIM,"Super AMOLED, 90Hz, 800 nits (HBM)",90,6.7,1080x2340,385,86.0,Gorilla Glass Victus,"Android 15, up to 6 major Android upgrades, One UI 7",Exynos 1330 (5 nm),5,Octa-core (2x2.4 GHz Cortex-A78 & 6x2.0 GHz Cortex-A55),Mali-G68 MP2,4,8,128,256,,50.0,3,1.8,Yes,1/2.76,No,"LED flash, panorama, HDR","1080p@30fps, gyro-EIS",13.0,No,,1080p@30fps,"Wi-Fi 802.11 a/b/g/n/ac, dual-band, Wi-Fi Direct",Yes,5.3,Type-C,No,"GPS, GALILEO, GLONASS, BDS, QZSS","Fingerprint (side-mounted), accelerometer, gyro, compass",5000,25,,No,Active use score 11:48h,99.88,149.99,114.99,18990,435787,2048,365,738,-26.4,"Black, Gray, Blue","SM-A176B, SM-A176B/DS",,0.67 W/kg (head) 0.97 W/kg (body),No
Samsung,Samsung Galaxy F36,https://www.gsmarena.com/samsung_galaxy_f36_5g-14009.php,https://fdn2.gsmarena.com/vv/bigpic/samsung-galaxy-f36.jpg,GSM / HSPA / LTE / 5G,Yes,"2025, July 21","Available. Released 2025, July 29",164.4 x 77.9 x 7.7 mm (6.47 x 3.07 x 0.30 in),197.0,Glass,,Nano-SIM + Nano-SIM,"Super AMOLED, 120Hz",120,6.7,1080x2340,387,85.2,Gorilla Glass Victus+,"Android 15, up to 6 major Android upgrades, One UI 7",Exynos 1380 (5 nm),5,Octa-core (4x2.4 GHz Cortex-A78 & 4x2.0 GHz Cortex-A55),Mali-G68 MP5,6,8,128,256,,50.0,3,1.8,Yes,1/1.96,Yes,"LED flash, panorama, HDR","4K@30fps, 1080p@30/60fps, 720p@480fps, gyro-EIS",13.0,Yes,HDR,"4K@30fps, 1080p@30fps","Wi-Fi 802.11 a/b/g/n/ac/6, dual-band, Wi-Fi Direct",Yes,5.3,Type-C,No,"GPS, GALILEO, GLONASS, BDS, QZSS","Fingerprint (side-mounted), accelerometer, gyro, compass",5000,25,,No,,,,,17427,,,,,,"Luxe Violet, Coral Red, Onyx Black","SM-E366B, SM-E366B/DS",0.46 W/kg (head),0.38 W/kg (head) 1.01 W/kg (body),No
Samsung,Samsung Galaxy Z Fold7,https://www.gsmarena.com/samsung_galaxy_z_fold7-13826.php,https://fdn2.gsmarena.com/vv/bigpic/samsung-galaxy-z-fold7.jpg,GSM / CDMA / HSPA / EVDO / LTE / 5G,Yes,"2025, July 09","Available. Released 2025, July 25",Unfolded: 158.4 x 143.2 x 4.2 mm Folded: 158.4 x 72.8 x 8.9 mm,215.0,Ceramic,IP48,· Nano-SIM + Nano-SIM + eSIM + eSIM (max 2 at a time) · Nano-SIM + Nano-SIM + multiple eSIM (max 2 at a time),"Foldable Dynamic LTPO AMOLED 2X, 120Hz, HDR10+, 2600 nits (peak)",120,8.0,1968x2184,368,90.0,Mohs level 1,"Android 16, up to 7 major Android upgrades, One UI 8",Qualcomm SM8750-AC Snapdragon 8 Elite (3 nm),3,Octa-core (2x4.47 GHz Oryon V2 Phoenix L + 6x3.53 GHz Oryon V2 Phoenix M),Adreno 830 (1200 MHz),12,16,256,512,UFS 4.0,200.0,3,1.7,Yes,1/1.3,Yes,"LED flash, HDR, panorama","8K@30fps, 4K@60fps, 1080p@60/120/240fps (gyro-EIS), 10-bit HDR, HDR10+",10.0,Yes,HDR,"4K@30/60fps, 1080p@30/60fps, gyro-EIS","Wi-Fi 802.11 a/b/g/n/ac/6e/7, tri-band, Wi-Fi Direct",Yes,5.4,Type-C,No,"GPS, GALILEO, GLONASS, BDS, QZSS","Fingerprint (side-mounted), accelerometer, gyro, proximity, compass, barometer",4400,25,15,Yes,Active use score 11:44h,827.0,1389.9,859.0,174999,1995132,9152,5952,1408,-28.0,"Blue Shadow, Silver Shadow, Jet Black, Mint","SM-F966B, SM-F966B/DS, SM-F966U, SM-F966U1",1.24 W/kg (head) 1.36 W/kg (body),1.42 W/kg (head) 1.24 W/kg (body),No
Samsung,Samsung Galaxy Z Flip7,https://www.gsmarena.com/samsung_galaxy_z_flip7-13712.php,https://fdn2.gsmarena.com/vv/bigpic/samsung-galaxy-z-flip7.jpg,GSM / CDMA / HSPA / EVDO / LTE / 5G,Yes,"2025, July 09","Available. Released 2025, July 25",Unfolded: 166.7 x 75.2 x 6.5 mm Folded: 85.5 x 75.2 x 13.7 mm,188.0,Glass,IP48,· Nano-SIM + eSIM + eSIM (max 2 at a time) · Nano-SIM + multiple eSIM (max 2 at a time),"Foldable Dynamic LTPO AMOLED 2X, 120Hz, HDR10+, 2600 nits (peak)",120,6.9,1080x2520,397,88.7,Mohs level 1,"Android 16, up to 7 major Android upgrades, One UI 8",Exynos 2500 (3 nm),3,10-core (1x3.3GHz Cortex-X5 & 2x2.74GHz Cortex-A725 & 5x2.36GHz Cortex-A725 & 2x1.8GHz Cortex-A520),Xclipse 950,12,12,256,512,UFS 4.0,50.0,2,1.8,Yes,1/1.57,Yes,"LED flash, HDR, panorama","4K@30/60fps, 1080p@60/120/240fps, HDR10+",10.0,Yes,HDR,4K@30/60fps,"Wi-Fi 802.11 a/b/g/n/ac/6e/7, tri-band, Wi-Fi Direct",Yes,5.4,Type-C,No,"GPS, GALILEO, GLONASS, BDS, QZSS","Fingerprint (side-mounted), accelerometer, gyro, proximity, compass, barometer",4300,25,15,Yes,Active use score 11:52h,489.95,725.05,562.77,109999,1513134,7433,5636,1471,-26.1,"Blue Shadow, Jet Black, Coral Red, Mint","SM-F766B, SM-F766B/DS, SM-F766U, SM-F766U1",0.86 W/kg (head) 1.14 W/kg (body),0.69 W/kg (head) 1.22 W/kg (body),No
Samsung,Samsung Galaxy Z Flip7 FE,https://www.gsmarena.com/samsung_galaxy_z_flip7_fe_5g-13844.php,https://fdn2.gsmarena.com/vv/bigpic/samsung-galaxy-z-flip7-fe-.jpg,GSM / CDMA / HSPA / EVDO / LTE / 5G,Yes,"2025, July 09","Available. Released 2025, July 25",Unfolded: 165.1 x 71.9 x 6.9 mm Folded: 85.1 x 71.9 x 14.9 mm,187.0,Glass,IP48,· Nano-SIM + eSIM + eSIM (max 2 at a time) · Nano-SIM + multiple eSIM (max 2 at a time),"Foldable Dynamic LTPO AMOLED 2X, 120Hz, HDR10+, 2600 nits (peak)",120,6.7,1080x2640,426,85.5,Mohs level 1,"Android 16, up to 7 major Android upgrades, One UI 8",Exynos 2400 (4 nm),4,10-core (1x3.2GHz Cortex-X4 & 2x2.9GHz Cortex-A720 & 3x2.6GHz Cortex-A720 & 4x1.95GHz Cortex-A520),Xclipse 940,8,8,128,256,,50.0,2,1.8,Yes,1/1.57,Yes,"LED flash, HDR, panorama","4K@30/60fps, 1080p@60/120/240fps, HDR10+",10.0,Yes,HDR,4K@30/60fps,"Wi-Fi 802.11 a/b/g/n/ac/6e, tri-band, Wi-Fi Direct",Yes,5.4,Type-C,No,"GPS, GALILEO, GLONASS, BDS, QZSS","Fingerprint (side-mounted), accelerometer, gyro, proximity, compass, barometer",4000,25,15,Yes,Active use score 10:09h,431.13,734.5,529.69,,1355845,6108,4036,1444,-26.9,"Black, White","SM-F761B, SM-F761B/DS, SM-F761U1, SM-F761U",0.84 W/kg (head) 1.10 W/kg (body),0.84 W/kg (head) 1.54 W/kg (body),No
Samsung,Samsung Galaxy Watch8 Classic,https://www.gsmarena.com/samsung_galaxy_watch8_classic-13998.php,https://fdn2.gsmarena.com/vv/bigpic/samsung-galaxy-watch8-classic.jpg,GSM / HSPA / LTE,No,"2025, July 09","Available. Released 2025, July 25",46.4 x 46 x 10.6 mm (1.83 x 1.81 x 0.42 in),63.5,Glass,IP68,eSIM,"Super AMOLED, 3000 nits (peak)",,1.34,438x438,327,,Sapphire crystal,"Android Wear OS 6, One UI 8 Watch",Exynos W1000 (3 nm),3,Penta-core,Mali-G68,2,2,64,64,,,,,No,,No,,,,No,,,"Wi-Fi 802.11 a/b/g/n, dual-band",Yes,5.3,No,No,"GPS (L1+L5), GLONASS, GALILEO, BDS","Accelerometer, gyro, heart rate, barometer, altimeter, compass, SpO2, temperature (skin), BioActive, antioxidant index",445,10,10,No,,,239.9,,,,,,,,"Black, White","SM-L500, SM-L505U",1.04 W/kg (head) 0.41 W/kg (body),0.03 W/kg (head) 0.67 W/kg (body),No
Samsung,Samsung Galaxy Watch8,https://www.gsmarena.com/samsung_galaxy_watch8-13997.php,https://fdn2.gsmarena.com/vv/bigpic/samsung-galaxy-watch8.jpg,GSM / HSPA / LTE,No,"2025, July 09","Available. Released 2025, July 25",46 x 43.7 x 8.6 mm (1.81 x 1.72 x 0.34 in),34.0,Glass,IP68,eSIM,"Super AMOLED, 3000 nits (peak)",,1.47,480x480,327,,Sapphire crystal,"Android Wear OS 6, One UI 8 Watch",Exynos W1000 (3 nm),3,Penta-core,Mali-G68,2,2,32,32,,,,,No,,No,,,,No,,,"Wi-Fi 802.11 a/b/g/n, dual-band",Yes,5.3,No,No,"GPS (L1+L5), GLONASS, GALILEO, BDS","Accelerometer, gyro, heart rate, barometer, altimeter, compass, SpO2, temperature (skin), BioActive, antioxidant index",435,10,10,No,,345.99,206.75,,,,,,,,"Graphite, Silver","SM-L320, SM-L325, SM-L330, SM-L335, SM-L325U, SM-L335U",,0.15 W/kg (head) 0.78 W/kg (body),No
Samsung,Samsung Galaxy M36,https://www.gsmarena.com/samsung_galaxy_m36_5g-13967.php,https://fdn2.gsmarena.com/vv/bigpic/samsung-galaxy-m36.jpg,GSM / HSPA / LTE / 5G,Yes,"2025, June 27","Available. Released 2025, July 12",164.4 x 77.9 x 7.7 mm (6.47 x 3.07 x 0.30 in),197.0,Glass,,Nano-SIM + Nano-SIM,"Super AMOLED, 120Hz",120,6.7,1080x2340,385,86.0,Gorilla Glass Victus+,"Android 15, up to 6 major Android upgrades, One UI 7",Exynos 1380 (5 nm),5,Octa-core (4x2.4 GHz Cortex-A78 & 4x2.0 GHz Cortex-A55),Mali-G68 MP5,6,8,128,256,UFS 2.2,50.0,3,1.8,Yes,1/1.96,Yes,"LED flash, panorama, HDR","4K@30fps, 1080p@30/60fps, 720p@480fps, gyro-EIS",13.0,Yes,HDR,"4K@30fps, 1080p@30fps","Wi-Fi 802.11 a/b/g/n/ac/6, dual-band, Wi-Fi Direct",Yes,5.3,Type-C,No,"GPS, GALILEO, GLONASS, BDS, QZSS","Fingerprint (side-mounted), accelerometer, gyro, compass",5000,25,,No,,,,,17499,,,,,,"Orange Haze, Velvet Black, Serene Green","SM-M366B, SM-M366B/DS",0.46 W/kg (head),0.38 W/kg (head) 1.01 W/kg (body),No
Samsung,Samsung Galaxy S25 Edge,https://www.gsmarena.com/samsung_galaxy_s25_edge-13506.php,https://fdn2.gsmarena.com/vv/bigpic/samsung-galaxy-s25-edge.jpg,GSM / HSPA / LTE / 5G,Yes,"2025, May 13","Available. Released 2025, May 29",158.2 x 75.6 x 5.8 mm (6.23 x 2.98 x 0.23 in),163.0,Titanium,IP68,· Nano-SIM + eSIM · Nano-SIM + Nano-SIM + eSIM (max 2 at a time),"LTPO AMOLED 2X, 120Hz, HDR10+",120,6.7,1440x3120,513,92.1,"Corning Gorilla Glass Ceramic 2, Mohs le","Android 15, up to 7 major Android upgrades, One UI 7",Qualcomm SM8750-AC Snapdragon 8 Elite (3 nm),3,Octa-core (2x4.47 GHz Oryon V2 Phoenix L + 6x3.53 GHz Oryon V2 Phoenix M),Adreno 830 (1200 MHz),12,12,256,512,,200.0,2,1.7,Yes,1/1.3,Yes,"Best Face, LED flash, HDR, panorama","8K@30fps, 4K@30/60/120fps, 1080p@30/60/120/240fps, 10-bit HDR",12.0,Yes,,"4K@30/60fps, 1080p@30/60fps","Wi-Fi 802.11 a/b/g/n/ac/6/7, tri-band, Wi-Fi Direct",Yes,5.4,Type-C,No,"GPS, GLONASS, GALILEO, BDS","Fingerprint (under display, ultrasonic), accelerometer, proximity, gyro, compass, barometer",3900,25,15,No,Active use score 12:06h,422.99,603.79,469.99,101999,2147084,9391,6473,1416,-26.4,"Titanium Icyblue, Titanium Silver, Titanium Jetblack","SM-S937U, SM-S937U1, SM-S937B, SM-S937B/DS, SM-S9370",1.21 W/kg (head) 1.23 W/kg (body),1.24 W/kg (head) 1.25 W/kg (body),Unspecified
Samsung,Samsung Galaxy F56,https://www.gsmarena.com/samsung_galaxy_f56_5g-13855.php,https://fdn2.gsmarena.com/vv/bigpic/samsung-galaxy-f56-5g.jpg,GSM / HSPA / LTE / 5G,Yes,"2025, May 07","Available. Released 2025, May 14",162 x 77.3 x 7.2 mm (6.38 x 3.04 x 0.28 in),180.0,Glass,,Nano-SIM + Nano-SIM,"Super AMOLED+, 120Hz",120,6.74,1080x2340,382,89.0,Gorilla Glass Victus+,"Android 15, up to 6 major Android upgrades, One UI 7",Exynos 1480 (4 nm),4,Octa-core (4x2.75 GHz Cortex-A78 & 4x2.0 GHz Cortex-A55),Xclipse 530,8,8,128,256,UFS 3.1,50.0,3,1.8,Yes,,Yes,"LED flash, panorama, HDR","4K@30fps, 1080p@30/60fps, gyro-EIS, OIS, 10-bit HDR",12.0,No,HDR,Yes,"Wi-Fi 802.11 a/b/g/n/ac/6, dual-band, Wi-Fi Direct",No,5.3,Type-C,No,"GPS, GALILEO, GLONASS, BDS, QZSS","Fingerprint (under display, optical), accelerometer, gyro, proximity, compass",5000,45,,No,,,,,21999,,,,,,"Green, Violet","SM-E566B, SM-E566B/DS",0.71 W/kg (head),,No
Samsung,Samsung Galaxy M56,https://www.gsmarena.com/samsung_galaxy_m56_5g-13801.php,https://fdn2.gsmarena.com/vv/bigpic/samsung-galaxy-m56-5g.jpg,GSM / HSPA / LTE / 5G,Yes,"2025, April 17","Available. Released 2025, April 17",162 x 77.3 x 7.2 mm (6.38 x 3.04 x 0.28 in),180.0,Glass,,Nano-SIM + Nano-SIM,"Super AMOLED+, 120Hz",120,6.74,1080x2340,382,89.0,Gorilla Glass Victus+,"Android 15, up to 6 major Android upgrades, One UI 7",Exynos 1480 (4 nm),4,Octa-core (4x2.75 GHz Cortex-A78 & 4x2.0 GHz Cortex-A55),Xclipse 530,8,8,128,256,UFS 3.1,50.0,3,1.8,Yes,,Yes,"LED flash, panorama, HDR","4K@30fps, 1080p@30/60fps, gyro-EIS, OIS, 10-bit HDR",12.0,No,,Yes,"Wi-Fi 802.11 a/b/g/n/ac/6, dual-band, Wi-Fi Direct",No,5.3,Type-C,No,"GPS, GALILEO, GLONASS, BDS, QZSS","Fingerprint (under display, optical), accelerometer, gyro, proximity, compass",5000,45,,No,,,,,23499,,,,,,"Black, Light Green","SM-M566B, SM-M566B/DS",0.71 W/kg (head),,No
Samsung,Samsung Galaxy XCover7 Pro,https://www.gsmarena.com/samsung_galaxy_xcover7_pro-13780.php,https://fdn2.gsmarena.com/vv/bigpic/samsung-galaxy-xcover7-pro-1.jpg,GSM / HSPA / LTE / 5G,Yes,"2025, April 14","Available. Released 2025, May 07",168.6 x 79.9 x 10.2 mm (6.64 x 3.15 x 0.40 in),240.0,,IP68,· Nano-SIM + eSIM · Nano-SIM + Nano-SIM,"PLS LCD, 120Hz",120,6.6,1080x2408,400,77.9,Gorilla Glass Victus+,"Android 15, upgradable to Android 16, One UI 8",Qualcomm SM7635 Snapdragon 7s Gen 3 (4 nm),4,Octa-core (1x2.5 GHz Cortex-A720 & 3x2.4 GHz Cortex-A720 & 4x1.8 GHz Cortex-A520),Adreno 810,6,8,128,256,,50.0,2,1.8,No,1/2.76,Yes,"Dual-LED flash, HDR, panorama","4K@30fps, 1080p@30fps",13.0,No,,1080p@30fps,"Wi-Fi 802.11 a/b/g/n/ac/6e, tri-band, Wi-Fi Direct",Yes,5.4,Type-C,No,"GPS, GLONASS, BDS, GALILEO, QZSS","Fingerprint (side-mounted), accelerometer, gyro, proximity, compass",4350,15,,No,,389.89,423.99,424.95,,,,,,,Black,"SM-G766B, SM-G766BU1, SM-G766B/DS",,0.81 W/kg (head) 1.03 W/kg (body),No
Samsung,Samsung Galaxy Tab Active5 Pro,https://www.gsmarena.com/samsung_galaxy_tab_active5_pro-13790.php,https://fdn2.gsmarena.com/vv/bigpic/samsung-galaxy-tab-active5-pro.jpg,GSM / HSPA / LTE / 5G,Yes,"2025, April 14","Available. Released 2025, May 07",242.9 x 170.2 x 10.2 mm (9.56 x 6.70 x 0.40 in),680.0,,IP68,Nano-SIM + eSIM (cellular model only),"TFT LCD, 120Hz",120,10.1,1920x1200,224,71.5,Gorilla Glass Victus+,"Android 15, One UI 7",Qualcomm SM7635 Snapdragon 7s Gen 3 (4 nm),4,Octa-core (1x2.5 GHz Cortex-A720 & 3x2.4 GHz Cortex-A720 & 4x1.8 GHz Cortex-A520),Adreno 810,6,8,128,256,,12.0,1,1.8,No,,Yes,"LED flash, HDR, panorama","4K@30fps, 1080p@30fps",8.0,No,,1080p@30fps,"Wi-Fi 802.11 a/b/g/n/ac/6e, tri-band, Wi-Fi Direct",Yes,5.4,Type-C,Yes,"GPS, GLONASS, BDS, GALILEO, QZSS - cellular model only","Fingerprint (front-mounted), accelerometer, proximity, gyro, compass, proximity (accessories only)",10100,,,No,,,,,,,,,,,Green,"SM-X356B, SM-X350",,1.31 W/kg (body),No
Samsung,Samsung Galaxy Tab S10 FE+,https://www.gsmarena.com/samsung_galaxy_tab_s10_fe+-13760.php,https://fdn2.gsmarena.com/vv/bigpic/samsung-galaxy-tab-s10-fe-plus.jpg,GSM / HSPA / LTE / 5G,Yes,"2025, April 02","Available. Released 2025, April 03",300.6 x 194.7 x 6 mm (11.83 x 7.67 x 0.24 in),664.0,Glass,IP68,Nano-SIM + eSIM (cellular model only),"IPS LCD, 90Hz",90,13.1,1800x2880,259,85.0,Mohs level 5,"Android 15, upgradable to Android 16, One UI 8.5",Exynos 1580 (4 nm),4,Octa-core (1x2.9 GHz Cortex-A720 & 3x2.6 GHz Cortex-A720 & 4x1.9 GHz Cortex-A520),Xclipse 540,8,12,128,256,,13.0,1,2.0,No,,Yes,Best Face,"4K@30fps, 1080p@30fps",12.0,Yes,,"4K@30fps, 1080p@30fps","Wi-Fi 802.11 a/b/g/n/ac/6e, dual-band, Wi-Fi Direct",No,5.3,Type-C,No,"GPS, GALILEO, GLONASS, BDS, QZSS - cellular model only","Fingerprint (side-mounted), accelerometer, gyro, compass, proximity (accessories only)",10090,45,,No,,,,,,,,,,,"Silver, Gray, Blue","SM-X620, SM-X626, SM-X626B",,0.84 W/kg (body),No
Samsung,Samsung Galaxy Tab S10 FE,https://www.gsmarena.com/samsung_galaxy_tab_s10_fe-13761.php,https://fdn2.gsmarena.com/vv/bigpic/samsung-galaxy-tab-s10-fe.jpg,GSM / HSPA / LTE / 5G,Yes,"2025, April 02","Available. Released 2025, April 03",254.3 x 165.8 x 6 mm (10.01 x 6.53 x 0.24 in),497.0,Glass,IP68,Nano-SIM + eSIM (cellular model only),"IPS LCD, 90Hz",90,10.9,1440x2304,249,81.7,Mohs level 5,"Android 15, upgradable to Android 16, One UI 8.5",Exynos 1580 (4 nm),4,Octa-core (1x2.9 GHz Cortex-A720 & 3x2.6 GHz Cortex-A720 & 4x1.9 GHz Cortex-A520),Xclipse 540,8,12,128,256,,13.0,1,2.0,No,,Yes,Best Face,"4K@30fps, 1080p@30fps",12.0,Yes,,"4K@30fps, 1080p@30fps","Wi-Fi 802.11 a/b/g/n/ac/6e, dual-band, Wi-Fi Direct",No,5.3,Type-C,No,"GPS, GALILEO, GLONASS, BDS, QZSS - cellular model only","Fingerprint (side-mounted), accelerometer, gyro, compass, proximity (accessories only)",8000,45,,No,,,,,,,,,,,"Silver, Gray, Blue","SM-X520, SM-X526, SM-X526B",,0.92 W/kg (body),No
Samsung,Samsung Galaxy F16,https://www.gsmarena.com/samsung_galaxy_f16-13721.php,https://fdn2.gsmarena.com/vv/bigpic/samsung-galaxy-f16-5g.jpg,GSM / HSPA / LTE / 5G,Yes,"2025, March 11","Available. Released 2025, March 13",164.4 x 77.9 x 7.9 mm (6.47 x 3.07 x 0.31 in),191.0,Glass,IP54,Nano-SIM + Nano-SIM,"Super AMOLED, 90Hz, 800 nits (HBM)",90,6.7,1080x2340,385,86.0,,"Android 15, up to 6 major Android upgrades, One UI 7",Mediatek Dimensity 6300 (6 nm),6,Octa-core (2x2.4 GHz Cortex-A76 & 6x2.0 GHz Cortex-A55),Mali-G57 MC2,4,8,128,128,,50.0,3,1.8,No,1/2.76,No,"LED flash, panorama, HDR","1080p@30fps, gyro-EIS",13.0,No,,1080p@30fps,"Wi-Fi 802.11 a/b/g/n/ac, dual-band, Wi-Fi Direct",Yes,5.3,Type-C,No,"GPS, GALILEO, GLONASS, BDS, QZSS","Fingerprint (side-mounted), accelerometer, gyro, proximity, compass",5000,25,,No,,,,,,,,,,,"Bling Black, Vibing Blue, Glam Green","SM-E166P, SM-E166P/DS",1.08 W/kg (head),0.99 W/kg (head) 1.19 W/kg (body),No
Samsung,Samsung Galaxy A36,https://www.gsmarena.com/samsung_galaxy_a36-13497.php,https://fdn2.gsmarena.com/vv/bigpic/samsung-galaxy-a36.jpg,GSM / HSPA / LTE / 5G,Yes,"2025, March 02","Available. Released 2025, March 10",162.9 x 78.2 x 7.4 mm (6.41 x 3.08 x 0.29 in),195.0,Glass,IP67,· Nano-SIM + eSIM · Nano-SIM + Nano-SIM + eSIM + eSIM (max 2 at a time),"Super AMOLED, 120Hz, 1200 nits (HBM), 1900 nits (peak)",120,6.7,1080x2340,385,86.5,Gorilla Glass Victus+,"Android 15, up to 6 major Android upgrades, One UI 8.5",Qualcomm SM6475-AB Snapdragon 6 Gen 3 (4 nm),4,Octa-core (4x2.4 GHz Cortex-A78 & 4x1.8 GHz Cortex-A55),Adreno 710,6,12,128,256,UFS 2.2,50.0,3,1.8,Yes,1/1.96,Yes,"LED flash, panorama, HDR","4K@30fps, 1080p@30/60fps, gyro-EIS",12.0,Yes,,"4K@30fps, 1080p@30fps, 10-bit HDR","Wi-Fi 802.11 a/b/g/n/ac/6, dual-band, Wi-Fi Direct",Yes,5.4,Type-C,No,"GPS, GALILEO, GLONASS, BDS, QZSS","Fingerprint (under display, optical), accelerometer, gyro, compass",5000,45,,No,Active use score 11:38h,195.6,239.0,202.89,27570,613492,2917,912,1233,-26.2,"Lavender, Black, White, Lime","SM-A366E, SM-A366E/DS, SM-A366B, SM-A366B/DS, SM-A366U, SM-A366U1, SM-A366W",1.07 W/kg (head),0.53 W/kg (head) 1.29 W/kg (body),No
Samsung,Samsung Galaxy A26,https://www.gsmarena.com/samsung_galaxy_a26-13679.php,https://fdn2.gsmarena.com/vv/bigpic/samsung-galaxy-a26.jpg,GSM / HSPA / LTE / 5G,Yes,"2025, March 02","Available. Released 2025, March 19",164 x 77.5 x 7.7 mm (6.46 x 3.05 x 0.30 in),200.0,Glass,IP67,· Nano-SIM + eSIM · Nano-SIM + Nano-SIM,"Super AMOLED, 120Hz",120,6.7,1080x2340,385,86.7,Gorilla Glass Victus+,"Android 15, up to 6 major Android upgrades, One UI 8.5",Exynos 1380 (5 nm) - Global Exynos 1280 (5 nm) - LATAM,5,Octa-core (4x2.4 GHz Cortex-A78 & 4x2.0 GHz Cortex-A55) - Global Octa-core (2x2.4 GHz Cortex-A78 & 6x2.0 GHz Cortex-A55) - LATAM,Mali-G68 MP5 - Global Mali-G68 - LATAM,4,8,128,256,,50.0,3,1.8,Yes,1/2.76,Yes,"LED flash, panorama, HDR","4K@30fps, 1080p@30fps, 720p@480fps, gyro-EIS",13.0,No,,1080p@30fps,"Wi-Fi 802.11 a/b/g/n/ac, dual-band, Wi-Fi Direct",Yes,5.3,Type-C,No,"GPS, GALILEO, GLONASS, BDS, QZSS","Fingerprint (side-mounted), accelerometer, gyro, compass",5000,25,,No,Active use score 10:44h,191.74,185.18,151.94,,579811,2768,794,777,-27.1,"Black, White, Mint, Peach Pink","SM-A266E, SM-A266E/DS, SM-A266E/DSN, SM-A266B, SM-A266B/DS, SM-A266B/DSN, SM-A266U, SM-A266U1, SM-A266W",0.75 W/kg (head) 1.09 W/kg (body),0.41 W/kg (head) 0.96 W/kg (body),Unspecified
Samsung,Samsung Galaxy M16,https://www.gsmarena.com/samsung_galaxy_m16-13680.php,https://fdn2.gsmarena.com/vv/bigpic/samsung-galaxy-m16-5g-.jpg,GSM / HSPA / LTE / 5G,Yes,"2025, February 27","Available. Released 2025, March 05",164.4 x 77.9 x 7.9 mm (6.47 x 3.07 x 0.31 in),191.0,Glass,IP54,Nano-SIM + Nano-SIM,"Super AMOLED, 90Hz, 800 nits (HBM)",90,6.7,1080x2340,385,86.0,,"Android 15, up to 6 major Android upgrades, One UI 7",Mediatek Dimensity 6300 (6 nm),6,Octa-core (2x2.4 GHz Cortex-A76 & 6x2.0 GHz Cortex-A55),Mali-G57 MC2,4,8,128,256,,50.0,3,1.8,No,1/2.76,No,"LED flash, panorama, HDR","1080p@30fps, gyro-EIS",13.0,No,,1080p@30fps,"Wi-Fi 802.11 a/b/g/n/ac, dual-band, Wi-Fi Direct",Yes,5.3,Type-C,No,"GPS, GALILEO, GLONASS, BDS, QZSS","Fingerprint (side-mounted), accelerometer, gyro, proximity, compass",5000,25,,No,,,,,15999,,,,,,"Thunder Black, MInt Green, Blush Pink","SM-M166P, SM-M166P/DS",1.08 W/kg (head),0.99 W/kg (head) 1.19 W/kg (body),No
Samsung,Samsung Galaxy M06,https://www.gsmarena.com/samsung_galaxy_m06-13681.php,https://fdn2.gsmarena.com/vv/bigpic/samsung-galaxy-m06-5g.jpg,GSM / HSPA / LTE / 5G,Yes,"2025, February 27","Available. Released 2025, March 07",167.4 x 77.4 x 8 mm (6.59 x 3.05 x 0.31 in),191.0,Glass,,Nano-SIM + Nano-SIM,"PLS LCD, 90Hz, 800 nits (HBM)",90,6.74,720x1600,260,84.6,,"Android 15, up to 4 major Android upgrades, One UI Core 7.0",Mediatek Dimensity 6300 (6 nm),6,Octa-core (2x2.4 GHz Cortex-A76 & 6x2.0 GHz Cortex-A55),Mali-G57 MC2,4,6,64,128,,50.0,2,1.8,No,,No,LED flash,1080p@30fps,8.0,No,,Yes,"Wi-Fi 802.11 a/b/g/n/ac, dual-band, Wi-Fi Direct",No,5.3,Type-C,Yes,"GPS, GALILEO, GLONASS, BDS, QZSS","Fingerprint (side-mounted), accelerometer, gyro, proximity, compass",5000,25,,No,,,,,10999,,,,,,"Blazing Black, Sage Green","SM-M066B, SM-M066B/DS",1.05 W/kg (head),1.30 W/kg (head) 1.30 W/kg (body),Unspecified
Samsung,Samsung Galaxy A06 5G,https://www.gsmarena.com/samsung_galaxy_a06_5g-13662.php,https://fdn2.gsmarena.com/vv/bigpic/samsung-galaxy-a06-5g.jpg,GSM / HSPA / LTE / 5G,Yes,"2025, February 19","Available. Released 2025, February 19",167.3 x 77.3 x 8 mm (6.59 x 3.04 x 0.31 in),191.0,Glass,IP54,Nano-SIM + Nano-SIM,"PLS LCD, 90Hz",90,6.7,720x1600,262,83.8,,"Android 15, up to 4 major Android upgrades, One UI 7",Mediatek Dimensity 6300 (6 nm),6,Octa-core (2x2.4 GHz Cortex-A76 & 6x2.0 GHz Cortex-A55),Mali-G57 MC2,4,6,64,128,,50.0,2,1.8,No,1/2.75,No,LED flash,1080p@30/60fps,8.0,No,,1080p@30fps,"Wi-Fi 802.11 a/b/g/n/ac, dual-band, Wi-Fi Direct",No,5.3,Type-C,Yes,"GPS, GLONASS, GALILEO, BDS","Fingerprint (side-mounted), accelerometer, gyro, proximity, compass",5000,25,,No,,,,,12690,,,,,,"Black, Gray, Light Green","SM-A066B, SM-A066B/DS",1.05 W/kg (head),1.30 W/kg (head) 1.30 W/kg (body),FM radio
Samsung,Samsung Galaxy F06 5G,https://www.gsmarena.com/samsung_galaxy_f06_5g-13663.php,https://fdn2.gsmarena.com/vv/bigpic/samsung-galaxy-f06-5g.jpg,GSM / HSPA / LTE / 5G,Yes,"2025, February 12",Available. Released February 20,167.4 x 77.4 x 8 mm (6.59 x 3.05 x 0.31 in),191.0,Glass,,Nano-SIM + Nano-SIM,"PLS LCD, 800 nits (HBM)",,6.7,720x1600,262,83.6,,"Android 15, up to 4 major Android upgrades, One UI Core 7.0",Mediatek Dimensity 6300 (6 nm),6,Octa-core (2x2.4 GHz Cortex-A76 & 6x2.0 GHz Cortex-A55),Mali-G57 MC2,4,6,64,128,,50.0,2,1.8,No,,No,LED flash,1080p@30/60fps,8.0,No,,Yes,"Wi-Fi 802.11 a/b/g/n/ac, dual-band, Wi-Fi Direct",No,5.3,Type-C,Yes,"GPS, GLONASS, GALILEO, BDS","Fingerprint (side-mounted), accelerometer, proximity, compass",5000,25,,No,,,,,11899,,,,,,"Bahama Blue, Lit Violet","SM-E066B, SM-E066B/DS",1.05 W/kg (head),1.30 W/kg (head) 1.30 W/kg (body),Unspecified
Samsung,Samsung Galaxy S25 Ultra,https://www.gsmarena.com/samsung_galaxy_s25_ultra-13322.php,https://fdn2.gsmarena.com/vv/bigpic/samsung-galaxy-s25-ultra-sm-s938.jpg,GSM / CDMA / HSPA / EVDO / LTE / 5G,Yes,"2025, January 22","Available. Released 2025, February 03",162.8 x 77.6 x 8.2 mm (6.41 x 3.06 x 0.32 in),218.0,Titanium,IP68,· Nano-SIM + Nano-SIM + eSIM + eSIM (max 2 at a time) - INT · Nano-SIM + eSIM + eSIM (max 2 at a time) - USA · Nano-SIM + Nano-SIM - CN,"Dynamic LTPO AMOLED 2X, 120Hz, HDR10+, 2600 nits (peak)",120,6.9,1440x3120,498,92.5,"Corning Gorilla Armor 2, Mohs level 6","Android 15, up to 7 major Android upgrades, One UI 8",Qualcomm SM8750-AC Snapdragon 8 Elite (3 nm),3,Octa-core (2x4.47 GHz Oryon V2 Phoenix L + 6x3.53 GHz Oryon V2 Phoenix M),Adreno 830 (1200 MHz),12,16,256,512,UFS 4.0,200.0,4,1.7,Yes,1/1.3,Yes,"Laser AF, Best Face, LED flash, auto-HDR, panorama","8K@24/30fps, 4K@30/60/120fps, 1080p@30/60/120/240fps, 10-bit HDR, HDR10+, stereo sound rec., gyro-EIS",12.0,Yes,"HDR, HDR10+","4K@30/60fps, 1080p@30fps","Wi-Fi 802.11 a/b/g/n/ac/6e/7, tri-band, Wi-Fi Direct",Yes,5.4,Type-C,No,"GPS, GLONASS, BDS, GALILEO, QZSS","Fingerprint (under display, ultrasonic), accelerometer, gyro, proximity, compass, barometer",5000,45,15,Yes,Active use score 14:49h,737.95,768.0,635.0,93900,2207809,9846,6687,1417,-24.6,"Titanium Silver Blue, Titanium Black, Titanium White Silver, Titanium Gray, Titanium Jade Green, Titanium Jet Black, Titanium Pink Gold","SM-S938B, SM-S938B/DS, SM-S938U, SM-S938U1, SM-S938W, SM-S938N, SM-S9380, SM-S938E, SM-S938E/DS",1.26 W/kg (head) 0.64 W/kg (body),1.25 W/kg (head) 1.42 W/kg (body),No
Samsung,Samsung Galaxy S25+,https://www.gsmarena.com/samsung_galaxy_s25+-13609.php,https://fdn2.gsmarena.com/vv/bigpic/samsung-galaxy-s25-plus-sm-s936.jpg,GSM / CDMA / HSPA / EVDO / LTE / 5G,Yes,"2025, January 22","Available. Released 2025, February 03",158.4 x 75.8 x 7.3 mm (6.24 x 2.98 x 0.29 in),190.0,Glass,IP68,· Nano-SIM + Nano-SIM + eSIM + eSIM (max 2 at a time) - INT · Nano-SIM + eSIM + eSIM (max 2 at a time) - USA · Nano-SIM + Nano-SIM - CN,"Dynamic LTPO AMOLED 2X, 120Hz, HDR10+, 2600 nits (peak)",120,6.7,1440x3120,513,91.8,Gorilla Glass Victus,"Android 15, up to 7 major Android upgrades, One UI 8",Qualcomm SM8750-AC Snapdragon 8 Elite (3 nm),3,Octa-core (2x4.47 GHz Oryon V2 Phoenix L + 6x3.53 GHz Oryon V2 Phoenix M),Adreno 830 (1200 MHz),12,12,256,512,UFS 4.0,50.0,3,1.8,Yes,1/1.56,Yes,"Best Face, LED flash, auto-HDR, panorama","8K@24/30fps, 4K@30/60fps, 1080p@30/60/120/240fps, 10-bit HDR, HDR10+, stereo sound rec., gyro-EIS",12.0,Yes,"HDR, HDR10+","4K@30/60fps, 1080p@30fps","Wi-Fi 802.11 a/b/g/n/ac/6e/7, tri-band, Wi-Fi Direct",Yes,5.4,Type-C,No,"GPS, GLONASS, BDS, GALILEO, QZSS","Fingerprint (under display, ultrasonic), accelerometer, gyro, proximity, compass, barometer",4900,45,15,Yes,Active use score 14:26h,578.88,735.0,567.0,,2133477,9669,6601,1449,-25.1,"Icy Blue, Mint, Navy, Silver Shadow, Pink Gold, Coral Red, Blue Black","SM-S936B, SM-S936B/DS, SM-S936U, SM-S936U1, SM-S936W, SM-S936N, SM-S9360, SM-S936E, SM-S936E/DS",1.16 W/kg (head) 0.81 W/kg (body),1.26 W/kg (head) 1.26 W/kg (body),No
Samsung,Samsung Galaxy Z Fold Special,https://www.gsmarena.com/samsung_galaxy_z_fold_special-13452.php,https://fdn2.gsmarena.com/vv/bigpic/samsung-galaxy-z-fold-special-edition.jpg,GSM / HSPA / LTE / 5G,Yes,"2024, October 21","Available. Released 2024, October 24",Unfolded: 157.9 x 142.6 x 4.9 mm Folded: 157.9 x 72.8 x 10.6 mm,236.0,Glass,IP48,Nano-SIM + eSIM + eSIM (max 2 at a time),"Foldable Dynamic LTPO AMOLED 2X, 120Hz, HDR10+, 2600 nits (peak)",120,8.0,1968x2184,367,91.2,,"Android 14, up to 7 major Android upgrades, One UI 6.1.1",Qualcomm SM8650-AC Snapdragon 8 Gen 3 (4 nm),4,8-core (1x3.39GHz Cortex-X4 & 3x3.1GHz Cortex-A720 & 2x2.9GHz Cortex-A720 & 2x2.2GHz Cortex-A520),Adreno 750 (1 GHz),16,16,512,512,UFS 4.0,200.0,3,1.8,Yes,,Yes,"LED flash, HDR, panorama","8K@30fps, 4K@60fps, 1080p@60/120/240fps (gyro-EIS), 720p@960fps (gyro-EIS), HDR10+",4.0,Yes,HDR,"4K@30/60fps, 1080p@30/60fps, gyro-EIS","Wi-Fi 802.11 a/b/g/n/ac/6e/7, tri-band, Wi-Fi Direct",Yes,5.3,Type-C,No,"GPS, GALILEO, GLONASS, BDS, QZSS","Fingerprint (side-mounted), accelerometer, gyro, proximity, compass, barometer",4400,25,15,Yes,,,,,,,,,,,Black,SM-F958N,0.66 W/kg (head) 1.13 W/kg (body),,No
Samsung,Samsung Galaxy A16,https://www.gsmarena.com/samsung_galaxy_a16-13383.php,https://fdn2.gsmarena.com/vv/bigpic/samsung-galaxy-a16-lte.jpg,GSM / HSPA / LTE,No,"2024, October 15","Available. Released 2024, November 20",164.4 x 77.9 x 7.9 mm (6.47 x 3.07 x 0.31 in),200.0,Glass,IP54,· Nano-SIM · Nano-SIM + Nano-SIM,"Super AMOLED, 90Hz",90,6.7,1080x2340,385,86.0,Mohs level 5,"Android 14, up to 6 major Android upgrades, One UI 8",Mediatek Helio G99 (6 nm),6,Octa-core (2x2.2 GHz Cortex-A76 & 6x2.0 GHz Cortex-A55),Mali-G57 MC2,4,8,128,256,,50.0,3,1.8,No,1/2.76,No,"LED flash, panorama, HDR",1080p@30fps,13.0,No,,1080p@30fps,"Wi-Fi 802.11 a/b/g/n/ac, dual-band, Wi-Fi Direct",Yes,5.3,Type-C,No,"GPS, GALILEO, GLONASS, BDS, QZSS","Fingerprint (side-mounted), accelerometer, compass",5000,25,,No,Active use score 14:43h,105.0,114.0,96.75,,387422,1920,345,808,-25.2,"Gray, water green, midnight blue","SM-A165F, SM-A165F/DS, SM-A165M, SM-A165M/DS, SM-A165F/DSB",,0.31 W/kg (head) 1.08 W/kg (body),FM radio (market/region dependent)
Samsung,Samsung Galaxy A16 5G,https://www.gsmarena.com/samsung_galaxy_a16_5g-13346.php,https://fdn2.gsmarena.com/vv/bigpic/samsung-galaxy-a16-5g.jpg,GSM / HSPA / LTE / 5G,Yes,"2024, October 07","Available. Released 2024, October 25",164.4 x 77.9 x 7.9 mm (6.47 x 3.07 x 0.31 in),200.0,Glass,IP54,· Nano-SIM · Nano-SIM + eSIM · Nano-SIM + Nano-SIM,"Super AMOLED, 90Hz, 800 nits (HBM)",90,6.7,1080x2340,385,86.0,Mohs level 5,"Android 14, up to 6 major Android upgrades, One UI 8.5",Exynos 1330 (5 nm) or Mediatek Dimensity 6300 (6 nm),5,Octa-core (2x2.4 GHz Cortex-A78 & 6x2.0 GHz Cortex-A55) or Octa-core (2x2.4 GHz Cortex-A76 & 6x2.0 GHz Cortex-A55),Mali-G68 MP2 or Mali-G57 MC2,4,8,128,256,,50.0,3,1.8,No,1/2.76,No,"LED flash, panorama, HDR","1080p@30fps, gyro-EIS",13.0,No,,1080p@30fps,"Wi-Fi 802.11 a/b/g/n/ac, dual-band, Wi-Fi Direct",Yes,5.3,Type-C,No,"GPS, GALILEO, GLONASS, BDS, QZSS","Fingerprint (side-mounted), accelerometer, gyro, compass",5000,25,,No,Active use score 12:08h,89.99,169.0,109.0,,368854,2090,360,824,-25.7,"Blue Black, Light Gray, Gold, Light Green","SM-A166B, SM-A166B/DS, SM-A166P, SM-A166P/DS, SM-A166E, SM-A166E/DS, SM-A166W, SM-A166U, SM-A166U1",,0.38 W/kg (head) 0.94 W/kg (body),No
Samsung,Xiaomi Watch S5,https://www.gsmarena.com/xiaomi_watch_s5-14696.php,https://fdn2.gsmarena.com/vv/bigpic/xiaomi-watch-s5-.jpg,HSPA / LTE,No,"2026, May 28","Available. Released 2026, May 28",46 x 46 x 11 mm (1.81 x 1.81 x 0.43 in),46.0,Ceramic,,eSIM (market/region dependent),"AMOLED, 1500 nits (HBM), 2500 nits (peak)",,1.48,480x480,459,,Drop-proof glass,Xiaomi HyperOS 3,,,,,,,,,,,,,No,,No,,,,No,,,No,Yes,5.4,No,No,"GPS (L1+L5), GLONASS, GALILEO, BDS, QZSS","Accelerometer, gyro, compass, barometer, heart rate, SpO2",815,,,No,,,,,,,,,,,"Black, Silver, Ceramic Blue, Jungle Green, Beige (eSIM)","M2530W1, M2517W1",,,No
Samsung,Samsung Galaxy S24 FE,https://www.gsmarena.com/samsung_galaxy_s24_fe-13262.php,https://fdn2.gsmarena.com/vv/bigpic/samsung-galaxy-s24-fe-r1.jpg,GSM / HSPA / LTE / 5G,Yes,"2024, September 26","Available. Released 2024, October 03",162 x 77.3 x 8 mm (6.38 x 3.04 x 0.31 in),213.0,Glass,IP68,· Nano-SIM · Nano-SIM + Nano-SIM · Nano-SIM + eSIM · eSIM + eSIM,"Dynamic AMOLED 2X, 120Hz, HDR10+, 1900 nits (peak)",120,6.7,1080x2340,385,88.0,Gorilla Glass Victus+,"Android 14, up to 7 major Android upgrades, One UI 8.5",Exynos 2400e (4 nm),4,10-core (1x3.1 GHz + 2x2.9 GHz + 3x2.6 GHz + 4x1.95 GHz),Xclipse 940,8,8,128,512,,50.0,3,1.8,Yes,1/1.57,Yes,"LED flash, HDR, panorama","8K@30fps, 4K@30/60/120fps, 1080p@30/60/120/240fps",10.0,Yes,,"4K@30/60fps, 1080p@30/60fps; gyro-EIS","Wi-Fi 802.11 a/b/g/n/ac/6e, dual-band or tri-band (market/region dependent), Wi-Fi Direct",Yes,5.3,Type-C,No,"GPS, GLONASS, GALILEO, BDS","Fingerprint (under display, optical), accelerometer, gyro, compass",4700,25,15,Yes,Active use score 11:48h,225.3,363.57,323.49,39999,1548896,6299,3889,1372,-24.6,"Blue, Graphite, Gray, Mint, Yellow","SM-S721B, SM-S721B/DS, SM-S721U1, SM-S721U, SM-S721W, SM-S7210, SM-S721N",0.94 W/kg (head) 0.71 W/kg (body),0.86 W/kg (head) 1.29 W/kg (body),Unspecified
Samsung,Samsung Galaxy Tab S10 Ultra,https://www.gsmarena.com/samsung_galaxy_tab_s10_ultra-13362.php,https://fdn2.gsmarena.com/vv/bigpic/samsung-galaxy-tab-s10-ultra.jpg,GSM / HSPA / LTE / 5G,Yes,"2024, September 26","Available. Released 2024, October 03",326.4 x 208.6 x 5.4 mm (12.85 x 8.21 x 0.21 in),718.0,Glass,IP68,Nano-SIM + eSIM (cellular model only),"Dynamic AMOLED 2X, 120Hz, HDR10+",120,14.6,1848x2960,239,90.7,Mohs level 5,"Android 14, One UI 6.1",Mediatek Dimensity 9300+ (4 nm),4,Octa-core (1x3.4 GHz Cortex-X4 & 3x2.8 GHz Cortex-X4 & 4x2.0 GHz Cortex-A720),Immortalis-G720 MC12,12,16,256,512,UFS,13.0,2,2.0,No,1/3.4,Yes,"LED flash, HDR, panorama","4K@30fps, 1080p@30fps",12.0,Yes,HDR,"4K@30fps, 1080p@30fps","Wi-Fi 802.11 a/b/g/n/ac/6e/7, tri-band, Wi-Fi Direct",No,5.3,Type-C,No,"GPS, GLONASS, BDS, GALILEO - cellular model only","Fingerprint (under display, optical), accelerometer, gyro, proximity, compass",11200,45,,No,,,,,,,,,,,"Moonstone Gray, Platinum Silver","SM-X920, SM-X926B, SM-X926N, SM-X920N",,0.94 W/kg (body),No
Samsung,Samsung Galaxy Tab S10+,https://www.gsmarena.com/samsung_galaxy_tab_s10+-13363.php,https://fdn2.gsmarena.com/vv/bigpic/samsung-galaxy-tab-s10-plus.jpg,GSM / HSPA / LTE / 5G,Yes,"2024, September 26","Available. Released 2024, October 03",285.4 x 185.4 x 5.6 mm (11.24 x 7.30 x 0.22 in),571.0,Glass,IP68,Nano-SIM + eSIM (cellular model only),"Dynamic AMOLED 2X, 120Hz, HDR10+",120,12.4,1752x2800,266,84.3,Mohs level 5,"Android 14, One UI 6.1",Mediatek Dimensity 9300+ (4 nm),4,Octa-core (1x3.4 GHz Cortex-X4 & 3x2.8 GHz Cortex-X4 & 4x2.0 GHz Cortex-A720),Immortalis-G720 MC12,12,12,256,512,UFS,13.0,2,2.0,No,1/3.4,Yes,"LED flash, HDR, panorama","4K@30fps, 1080p@30fps",12.0,Yes,HDR,"4K@30fps, 1080p@30fps","Wi-Fi 802.11 a/b/g/n/ac/6e, tri-band, Wi-Fi Direct",No,5.3,Type-C,No,"GPS, GLONASS, BDS, GALILEO - cellular model only","Fingerprint (under display, optical), accelerometer, gyro, proximity, compass",10090,45,,No,,,,,,,,,,,"Moonstone Gray, Platinum Silver","SM-X820, SM-X826B, SM-X820N, SM-X826N",,0.80 W/kg (body),No
Samsung,Samsung Galaxy M55s,https://www.gsmarena.com/samsung_galaxy_m55s-13354.php,https://fdn2.gsmarena.com/vv/bigpic/samsung-galaxy-m55s.jpg,GSM / HSPA / LTE / 5G,Yes,"2024, September 24","Available. Released 2024, September 26",163.9 x 76.5 x 7.8 mm (6.45 x 3.01 x 0.31 in),180.0,,,Nano-SIM + Nano-SIM,"Super AMOLED+, 120Hz, 1000 nits (HBM)",120,6.7,1080x2400,393,86.4,,"Android 14, up to 4 major Android upgrades, upgradable to Android 16, One UI 8",Qualcomm SM7450-AB Snapdragon 7 Gen 1 (4 nm),4,Octa-core (1x2.4 GHz Cortex-A710 & 3x2.36 GHz Cortex-A710 & 4x1.8 GHz Cortex-A510),Adreno 644,8,8,128,256,,50.0,3,1.8,Yes,1/1.56,Yes,"LED flash, panorama, HDR","4K@30fps, 1080p@30/60fps, gyro-EIS, OIS",50.0,Yes,,"4K@30fps, 1080p@30/60fps","Wi-Fi 802.11 a/b/g/n/ac/6, dual-band, Wi-Fi Direct",Yes,5.2,Type-C,No,"GPS, GALILEO, GLONASS, BDS, QZSS","Fingerprint (under display, optical), accelerometer, gyro, proximity, compass",5000,45,,No,,,,,,,,,,,"Thunder Black, Coral Green","SM-M558B, SM-M558B/DS",0.93 W/kg (head),,No
Samsung,Samsung Galaxy F05,https://www.gsmarena.com/samsung_galaxy_f05-13345.php,https://fdn2.gsmarena.com/vv/bigpic/samsung-galaxy-f05.jpg,GSM / HSPA / LTE,No,"2024, September 17","Available. Released 2024, September 20",168.8 x 78.2 x 8.8 mm (6.65 x 3.08 x 0.35 in),195.0,Glass,,Nano-SIM + Nano-SIM,PLS LCD,,6.7,720x1600,262,82.1,,"Android 14, up to 2 major Android upgrades, One UI Core 6.0",Mediatek Helio G85 (12 nm),12,Octa-core (2x2.0 GHz Cortex-A75 & 6x1.8 GHz Cortex-A55),Mali-G52 MC2,4,4,64,64,eMMC 5.1,50.0,2,1.8,No,,No,LED flash,1080p@30/60fps,8.0,No,,Yes,"Wi-Fi 802.11 a/b/g/n/ac, dual-band, Wi-Fi Direct",No,5.3,Type-C,Yes,"GPS, GLONASS, GALILEO, BDS","Accelerometer, proximity",5000,25,,No,,,,,,,,,,,Twilight Blue,"SM-E055F, SM-E055F/DS",0.46 W/kg (head),,Unspecified
Samsung,Samsung Galaxy M05,https://www.gsmarena.com/samsung_galaxy_m05-13327.php,https://fdn2.gsmarena.com/vv/bigpic/samsung-galaxy-m05.jpg,GSM / HSPA / LTE,No,"2024, September 10","Available. Released 2024, September 10",168.8 x 78.2 x 8.8 mm (6.65 x 3.08 x 0.35 in),195.0,Glass,,Nano-SIM + Nano-SIM,PLS LCD,,6.7,720x1600,262,82.1,,"Android 14, up to 2 major Android upgrades, One UI Core 6.0",Mediatek Helio G85 (12 nm),12,Octa-core (2x2.0 GHz Cortex-A75 & 6x1.8 GHz Cortex-A55),Mali-G52 MC2,4,4,64,64,eMMC 5.1,50.0,2,1.8,No,,No,LED flash,1080p@30/60fps,8.0,No,,Yes,"Wi-Fi 802.11 a/b/g/n/ac, dual-band, Wi-Fi Direct",No,5.3,Type-C,Yes,"GPS, GLONASS, GALILEO, BDS","Accelerometer, proximity",5000,25,,No,,,,,,,,,,,Mint Green,"SM-M055F, SM-M055F/DS",0.46 W/kg (head),,Unspecified
Samsung,Samsung Galaxy A06,https://www.gsmarena.com/samsung_galaxy_a06-13265.php,https://fdn2.gsmarena.com/vv/bigpic/samsung-galaxy-a06-1.jpg,GSM / HSPA / LTE,No,"2024, August 16","Available. Released 2024, August 22",167.3 x 77.3 x 8 mm (6.59 x 3.04 x 0.31 in),189.0,Glass,,· Nano-SIM · Nano-SIM + Nano-SIM,PLS LCD,,6.7,720x1600,262,83.8,,"Android 14, up to 2 major Android upgrades, One UI 8",Mediatek Helio G85 (12 nm),12,Octa-core (2x2.0 GHz Cortex-A75 & 6x1.8 GHz Cortex-A55),Mali-G52 MC2,4,6,64,128,eMMC 5.1,50.0,2,1.8,No,1/2.76,No,LED flash,1080p@30/60fps,8.0,No,,Yes,"Wi-Fi 802.11 a/b/g/n/ac, dual-band, Wi-Fi Direct",No,5.3,Type-C,Yes,"GPS, GLONASS, GALILEO, BDS","Fingerprint (side-mounted), accelerometer, proximity",5000,25,,No,Active use score 13:50h,94.0,131.05,84.99,10299,182064,1273,188,564,-27.7,"Blue, Gold, White","SM-A065F, SM-A065F/DS, SM-A065M, SM-A065M/DS",,0.44 W/kg (head) 1.08 W/kg (body),FM radio
Samsung,Samsung Galaxy F14 4G,https://www.gsmarena.com/samsung_galaxy_f14_4g-13247.php,https://fdn2.gsmarena.com/vv/bigpic/samsung-galaxy-f14-4g.jpg,GSM / HSPA / LTE,No,"2024, August 02","Available. Released 2024, September 05",168 x 77.8 x 8.8 mm (6.61 x 3.06 x 0.35 in),194.0,Glass,,Nano-SIM + Nano-SIM,"PLS LCD, 90Hz",90,6.7,1080x2400,393,82.9,,"Android 14, up to 2 major Android upgrades, One UI 6.1",Qualcomm SM6225 Snapdragon 680 4G (6 nm),6,Octa-core (4x2.4 GHz Kryo 265 Gold & 4x1.9 GHz Kryo 265 Silver),Adreno 610,4,4,64,64,,50.0,3,1.8,No,,No,"LED flash, panorama, HDR",1080p@30/60fps,13.0,No,,1080p@30fps,"Wi-Fi 802.11 a/b/g/n/ac, dual-band, Wi-Fi Direct",No,5.1,Type-C,Yes,"GPS, GALILEO, GLONASS, BDS, QZSS","Fingerprint (side-mounted), accelerometer, proximity",5000,25,,No,,,,,,,,,,,"Moonlight Silver, Peppermint Green","SM-E145F, SM-E145F/DS",0.56 W/kg (head),,Unspecified
Samsung,Samsung Galaxy Z Fold6,https://www.gsmarena.com/samsung_galaxy_z_fold6-13147.php,https://fdn2.gsmarena.com/vv/bigpic/samsung-galaxy-z-fold6.jpg,GSM / CDMA / HSPA / EVDO / LTE / 5G,Yes,"2024, July 10","Available. Released 2024, July 24",Unfolded: 153.5 x 132.6 x 5.6 mm Folded: 153.5 x 68.1 x 12.1 mm,239.0,Glass,IP48,· Nano-SIM + eSIM · eSIM + eSIM · Nano-SIM + Nano-SIM (SM-F9560),"Foldable Dynamic LTPO AMOLED 2X, 120Hz, HDR10+, 2600 nits (peak)",120,7.6,1856x2160,374,91.0,,"Android 14, up to 7 major Android upgrades, One UI 6.1.1",Qualcomm SM8650-AC Snapdragon 8 Gen 3 (4 nm),4,8-core (1x3.39GHz Cortex-X4 & 3x3.1GHz Cortex-A720 & 2x2.9GHz Cortex-A720 & 2x2.2GHz Cortex-A520),Adreno 750 (1 GHz),12,12,256,512,UFS 4.0,50.0,3,1.8,Yes,1/1.57,Yes,"LED flash, HDR, panorama","8K@30fps, 4K@60fps, 1080p@60/120/240fps (gyro-EIS), HDR10+",4.0,Yes,HDR,"4K@30/60fps, 1080p@30/60fps, gyro-EIS","Wi-Fi 802.11 a/b/g/n/ac/6e, tri-band, Wi-Fi Direct",Yes,5.3,Type-C,No,"GPS, GALILEO, GLONASS, BDS, QZSS","Fingerprint (side-mounted), accelerometer, gyro, proximity, compass, barometer",4400,25,15,Yes,Active use score 11:31h,599.95,849.15,576.4,,1608744,6757,4644,1630,-26.5,"Navy, Silver Shadow, Pink, Black, White","SM-F956B, SM-F956B/DS, SM-F956U, SM-F956U1, SM-F956N, SM-F956W, SM-F9560",,1.24 W/kg (head) 1.39 W/kg (body),No
Samsung,Samsung Galaxy Z Flip6,https://www.gsmarena.com/samsung_galaxy_z_flip6-13192.php,https://fdn2.gsmarena.com/vv/bigpic/samsung-galaxy-z-flip6.jpg,GSM / CDMA / HSPA / EVDO / LTE / 5G,Yes,"2024, July 10","Available. Released 2024, July 24",Unfolded: 165.1 x 71.9 x 6.9 mm Folded: 85.1 x 71.9 x 14.9 mm,187.0,Glass,IP48,· Nano-SIM + eSIM · eSIM + eSIM · Nano-SIM + Nano-SIM (SM-F7410),"Foldable Dynamic LTPO AMOLED 2X, 120Hz, HDR10+, 2600 nits (peak)",120,6.7,1080x2640,426,85.5,,"Android 14, One UI 6.1.1",Qualcomm SM8650-AC Snapdragon 8 Gen 3 (4 nm),4,8-core (1x3.39GHz Cortex-X4 & 3x3.1GHz Cortex-A720 & 2x2.9GHz Cortex-A720 & 2x2.2GHz Cortex-A520),Adreno 750 (1 GHz),12,12,128,512,UFS 4.0,50.0,2,1.8,Yes,1/1.57,Yes,"LED flash, HDR, panorama","4K@30/60fps, 1080p@60/120/240fps, HDR10+",10.0,Yes,HDR,4K@30/60fps,"Wi-Fi 802.11 a/b/g/n/ac/6e, tri-band, Wi-Fi Direct",Yes,5.3,Type-C,No,"GPS, GALILEO, GLONASS, BDS, QZSS","Fingerprint (side-mounted), accelerometer, gyro, proximity, compass, barometer",4000,25,15,Yes,Active use score 10:35h,336.41,419.9,341.09,,1400594,6265,4487,1475,-26.3,"Yellow, Silver Shadow, Mint, Blue, Black, White, Peach","SM-F741B, SM-F741B/DS, SM-F741U, SM-F741U1, SM-F741W, SM-F741N",,1.09 W/kg (head) 1.51 W/kg (body),No
Samsung,Samsung Galaxy Watch Ultra,https://www.gsmarena.com/samsung_galaxy_watch_ultra-13127.php,https://fdn2.gsmarena.com/vv/bigpic/samsung-galaxy-watch-ultra.jpg,GSM / HSPA / LTE,No,"2024, July 10","Available. Released 2024, July 24",47.4 x 47.4 x 12.1 mm (1.87 x 1.87 x 0.48 in),60.5,Titanium,IP68,eSIM,Super AMOLED,,1.5,480x480,327,,Sapphire crystal glass,"Android Wear OS 5, upgradable to 6.0, One UI Watch 8",Exynos W1000 (3 nm),3,Penta-core,Mali-G68,2,2,32,64,,,,,No,,No,,,,No,,,"Wi-Fi 802.11 a/b/g/n, dual-band",Yes,5.3,No,No,"GPS (L1+L5), GLONASS, GALILEO, BDS","Accelerometer, gyro, heart rate, barometer, altimeter, compass, SpO2, temperature (body), temperature (water), BioActive",590,10,10,No,,,369.99,1618.99,,,,,,,"Titanium Sliver, Titanium Gray, Titanium White, Titanium Blue","SM-L705F, SM-L705N, SM-L705U",,0.11 W/kg (head) 0.36 W/kg (body),No
Samsung,Samsung Galaxy Watch7,https://www.gsmarena.com/samsung_galaxy_watch7-13128.php,https://fdn2.gsmarena.com/vv/bigpic/samsung-galaxy-watch7.jpg,GSM / HSPA / LTE,No,"2024, July 10","Available. Released 2024, July 24",44.4 x 44.4 x 9.7 mm (1.75 x 1.75 x 0.38 in),33.8,Glass,IP68,eSIM,"Super AMOLED, 2000 nits (peak)",,1.5,480x480,327,,Sapphire crystal,"Android Wear OS 5, up to 6.0, One UI Watch 8",Exynos W1000 (3 nm),3,Penta-core,Mali-G68,2,2,32,32,,,,,No,,No,,,,No,,,"Wi-Fi 802.11 a/b/g/n, dual-band",Yes,5.3,No,No,"GPS (L1+L5), GLONASS, GALILEO, BDS","Accelerometer, gyro, heart rate, barometer, altimeter, compass, SpO2, temperature (skin), BioActive",425,10,10,No,,204.89,133.99,,,,,,,,"Cream, Silver, Green","SM-L310F, SM-L315F",,0.73 W/kg (head) 1.85 W/kg (body),No
Samsung,Samsung Galaxy Watch FE,https://www.gsmarena.com/samsung_galaxy_watch_fe-13112.php,https://fdn2.gsmarena.com/vv/bigpic/samsung-galaxy-watch-fe-r.jpg,GSM / HSPA / LTE,No,"2024, June 13","Available. Released 2024, June 24",40.4 x 39.3 x 9.8 mm (1.59 x 1.55 x 0.39 in),26.6,Glass,IP68,eSIM,Super AMOLED,,1.2,396x396,330,,Sapphire crystal glass,"Android Wear OS 4, upgradable to 6.0, One UI Watch 8",Exynos W920 (5 nm),5,Dual-core 1.18 GHz Cortex-A55,Mali-G68,5,5,5,16,,,,,No,,No,,,,No,,,"Wi-Fi 802.11 a/b/g/n, dual-band",Yes,5.0,No,No,"GPS, GALILEO, GLONASS, BDS","Accelerometer, gyro, heart rate, barometer, altimeter, compass, SpO2, temperature (skin)",247,,,No,,,102.16,,,,,,,,"Black, Pink Gold, Silver","SM-R861, SM-R866",,0.52 W/kg (head) 0.17 W/kg (body),No
Samsung,Samsung Galaxy M35,https://www.gsmarena.com/samsung_galaxy_m35-13006.php,https://fdn2.gsmarena.com/vv/bigpic/samsung-galaxy-m35-.jpg,GSM / HSPA / LTE / 5G,Yes,"2024, May 24","Available. Released 2024, May 24",162.3 x 78.6 x 9.1 mm (6.39 x 3.09 x 0.36 in),222.0,Glass,,Nano-SIM + Nano-SIM,"Super AMOLED, 120Hz, 1000 nits (HBM)",120,6.6,1080x2340,390,83.8,Gorilla Glass Victus+,"Android 14, upgradable to Android 16, One UI 8",Exynos 1380 (5 nm),5,Octa-core (4x2.4 GHz Cortex-A78 & 4x2.0 GHz Cortex-A55),Mali-G68 MP5,6,8,128,256,,50.0,3,1.8,Yes,1/1.96,Yes,"LED flash, panorama, HDR","4K@30fps, 1080p@30/60fps, 720p@480fps, gyro-EIS",13.0,Yes,,"4K@30fps, 1080p@30fps","Wi-Fi 802.11 a/b/g/n/ac/6, dual-band, Wi-Fi Direct",Yes,5.3,Type-C,No,"GPS, GALILEO, GLONASS, BDS, QZSS","Fingerprint (side-mounted), accelerometer, gyro, compass",6000,25,,No,,,198.0,,,,,,,,"Dark Blue, Light Blue, Gray","SM-M356B, SM-M356B/DS",0.53 W/kg (head),0.31 W/kg (head) 1.30 W/kg (body),Unspecified
Samsung,Samsung Galaxy F55,https://www.gsmarena.com/samsung_galaxy_f55-12885.php,https://fdn2.gsmarena.com/vv/bigpic/samsung-galaxy-f55.jpg,GSM / HSPA / LTE / 5G,Yes,"2024, May 17","Available. Released 2024, May 27",163.9 x 76.5 x 7.8 mm (6.45 x 3.01 x 0.31 in),180.0,Glass,,Nano-SIM + Nano-SIM,"Super AMOLED+, 120Hz, 1000 nits (HBM)",120,6.7,1080x2400,393,86.4,,"Android 14, upgradable to Android 16, One UI 8",Qualcomm SM7450-AB Snapdragon 7 Gen 1 (4 nm),4,Octa-core (1x2.4 GHz Cortex-A710 & 3x2.36 GHz Cortex-A710 & 4x1.8 GHz Cortex-A510),Adreno 644,8,12,128,256,,50.0,3,1.8,Yes,1/1.56,Yes,"LED flash, panorama, HDR","4K@30fps, 1080p@30/60fps, gyro-EIS, OIS",50.0,Yes,,"4K@30fps, 1080p@30/60fps","Wi-Fi 802.11 a/b/g/n/ac/6, dual-band, Wi-Fi Direct",Yes,5.2,Type-C,No,"GPS, GALILEO, GLONASS, BDS, QZSS","Fingerprint (under display, optical), accelerometer, gyro, proximity, compass",5000,45,,No,,,50.02,,20999,,,,,,"Black, Apricot","SM-E556B/DS, SM-E556B",0.93 W/kg (head),,No
Samsung,Samsung Galaxy C55,https://www.gsmarena.com/samsung_galaxy_c55-12945.php,https://fdn2.gsmarena.com/vv/bigpic/samsung-galaxy-c55.jpg,GSM / HSPA / LTE / 5G,Yes,"2024, April 22","Available. Released 2024, April 22",163.9 x 76.5 x 7.8 mm (6.45 x 3.01 x 0.31 in),180.0,Glass,,Nano-SIM + Nano-SIM,"Super AMOLED+, 120Hz, 1000 nits (HBM)",120,6.7,1080x2400,393,86.4,,"Android 14, One UI 6.1",Qualcomm SM7450-AB Snapdragon 7 Gen 1 (4 nm),4,Octa-core (1x2.4 GHz Cortex-A710 & 3x2.36 GHz Cortex-A710 & 4x1.8 GHz Cortex-A510),Adreno 644,8,12,256,256,,50.0,3,1.8,Yes,1/1.56,Yes,"LED flash, panorama, HDR","4K@30fps, 1080p@30/60fps, gyro-EIS, OIS",50.0,Yes,,"4K@30fps, 1080p@30/60fps","Wi-Fi 802.11 a/b/g/n/ac/6, dual-band, Wi-Fi Direct",Yes,5.2,Type-C,No,"GPS, GALILEO, GLONASS, BDS, QZSS","Fingerprint (under display, optical), accelerometer, gyro, proximity, compass",5000,45,,No,,,,,,,,,,,"Black, Orange",SM-C5560,,,No
Samsung,Samsung Galaxy M55,https://www.gsmarena.com/samsung_galaxy_m55-12896.php,https://fdn2.gsmarena.com/vv/bigpic/samsung-galaxy-m55.jpg,GSM / HSPA / LTE / 5G,Yes,"2024, March 28","Available. Released 2024, March 28",163.9 x 76.5 x 7.8 mm (6.45 x 3.01 x 0.31 in),180.0,,,Nano-SIM + Nano-SIM,"Super AMOLED+, 120Hz, 1000 nits (HBM)",120,6.7,1080x2400,393,86.4,,"Android 14, upgradable to Android 16, One UI 8.0",Qualcomm SM7450-AB Snapdragon 7 Gen 1 (4 nm),4,Octa-core (1x2.4 GHz Cortex-A710 & 3x2.36 GHz Cortex-A710 & 4x1.8 GHz Cortex-A510),Adreno 644,8,12,128,256,,50.0,3,1.8,Yes,1/1.56,Yes,"LED flash, panorama, HDR","4K@30fps, 1080p@30/60fps, gyro-EIS, OIS",50.0,Yes,,"4K@30fps, 1080p@30/60fps","Wi-Fi 802.11 a/b/g/n/ac/6, dual-band, Wi-Fi Direct",Yes,5.2,Type-C,No,"GPS, GALILEO, GLONASS, BDS, QZSS","Fingerprint (under display, optical), accelerometer, gyro, proximity, compass",5000,45,,No,,273.0,277.5,,28999,,,,,,"Dark Blue, Light Green","SM-M556B, SM-M556B/DS",0.93 W/kg (head),0.96 W/kg (head) 0.98 W/kg (body),No
Samsung,Samsung Galaxy Tab S6 Lite (2024),https://www.gsmarena.com/samsung_galaxy_tab_s6_lite_(2024)-12897.php,https://fdn2.gsmarena.com/vv/bigpic/samsung-galaxy-tab-s6-lite-2024.jpg,GSM / HSPA / LTE,No,"2024, March 26","Available. Released 2024, March 28",244.5 x 154.3 x 7 mm (9.63 x 6.07 x 0.28 in),467.0,Glass,,Nano-SIM (cellular model only),TFT LCD,,10.4,1200x2000,224,81.6,,"Android 14, upgradable to Android 15, One UI 7",Exynos 1280 (5 nm),5,Octa-core (2x2.4 GHz Cortex-A78 & 6x2.0 GHz Cortex-A55),Mali-G68,4,4,64,128,,8.0,1,,No,1/4.0,No,"HDR, panorama",1080p@30fps,5.0,No,,1080p@30fps,"Wi-Fi 802.11 a/b/g/n/ac, dual-band, Wi-Fi Direct",No,5.3,Type-C,Yes,"GPS, GLONASS, BDS, GALILEO, QZSS - cellular model only","Accelerometer, proximity, gyro (wi-fi model only)",7040,15,,No,,,,,,,,,,,"Gray, Mint, Rose Gold","SM-P620, SM-P625",0.95 W/kg (body),,No
Samsung,Samsung Galaxy A55,https://www.gsmarena.com/samsung_galaxy_a55-12824.php,https://fdn2.gsmarena.com/vv/bigpic/samsung-galaxy-a55.jpg,GSM / HSPA / LTE / 5G,Yes,"2024, March 11","Available. Released 2024, March 15",161.1 x 77.4 x 8.2 mm (6.34 x 3.05 x 0.32 in),213.0,Glass,IP67,· Nano-SIM · Nano-SIM + eSIM · Nano-SIM + Nano-SIM · Nano-SIM + Nano-SIM + eSIM (max 2 at a time),"Super AMOLED, 120Hz, HDR10+, 1000 nits (HBM)",120,6.6,1080x2340,390,85.8,Gorilla Glass Victus+,"Android 14, up to 4 major Android upgrades, One UI 6.1",Exynos 1480 (4 nm),4,Octa-core (4x2.75 GHz Cortex-A78 & 4x2.0 GHz Cortex-A55),Xclipse 530,6,12,128,256,,50.0,3,1.8,Yes,1/1.56,Yes,"LED flash, panorama, HDR","4K@30fps, 1080p@30/60fps, gyro-EIS",32.0,Yes,,"4K@30fps, 1080p@30/60fps","Wi-Fi 802.11 a/b/g/n/ac/6, dual-band, Wi-Fi Direct",Yes,5.3,Type-C,No,"GPS, GALILEO, GLONASS, BDS, QZSS","Fingerprint (under display, optical), accelerometer, gyro, compass",5000,25,,No,Active use score 13:27h,,245.05,289.99,,635598,3259,1024,1010,-25.7,"Iceblue, Lilac, Navy, Lemon","SM-A556V, SM-A556B, SM-A556B/DS, SM-A556E, SM-A556E/DS, SM-A5560",,0.68 W/kg (head) 1.04 W/kg (body),No
Samsung,Samsung Galaxy A35,https://www.gsmarena.com/samsung_galaxy_a35-12705.php,https://fdn2.gsmarena.com/vv/bigpic/samsung-galaxy-a35.jpg,GSM / HSPA / LTE / 5G,Yes,"2024, March 11","Available. Released 2024, March 15",161.7 x 78 x 8.2 mm (6.37 x 3.07 x 0.32 in),209.0,Glass,IP67,· Nano-SIM + eSIM · Nano-SIM + Nano-SIM,"Super AMOLED, 120Hz, 1000 nits (HBM)",120,6.6,1080x2340,390,84.8,Gorilla Glass Victus+,"Android 14, up to 4 major Android upgrades, One UI 7",Exynos 1380 (5 nm),5,Octa-core (4x2.4 GHz Cortex-A78 & 4x2.0 GHz Cortex-A55),Mali-G68 MP5,4,12,128,256,,50.0,3,1.8,Yes,1/1.96,Yes,"LED flash, panorama, HDR","4K@30fps, 1080p@30/60fps, gyro-EIS",13.0,Yes,,"4K@30fps, 1080p@30fps","Wi-Fi 802.11 a/b/g/n/ac/6, dual-band, Wi-Fi Direct",Yes,5.3,Type-C,No,"GPS, GALILEO, GLONASS, BDS, QZSS","Fingerprint (under display, optical), accelerometer, gyro, compass",5000,25,,No,Active use score 12:26h,167.0,230.0,169.0,30999,522829,2740,806,1024,-26.1,"Iceblue, Lilac, Navy, Lemon","SM-A356E, SM-A356E/DS, SM-A356B, SM-A356B/DS, SM-A356U, SM-A356U1",0.81 W/kg (head),0.44 W/kg (head) 0.92 W/kg (body),No
Samsung,Samsung Galaxy M15,https://www.gsmarena.com/samsung_galaxy_m15-12833.php,https://fdn2.gsmarena.com/vv/bigpic/samsung-galaxy-m15.jpg,GSM / HSPA / LTE / 5G,Yes,"2024, March 09","Available. Released 2024, April 05",160.1 x 76.8 x 9.3 mm (6.30 x 3.02 x 0.37 in),217.0,Glass,,Nano-SIM + Nano-SIM,"Super AMOLED, 90Hz, 800 nits (HBM)",90,6.5,1080x2340,396,84.3,,"Android 14, up to 4 major Android upgrades, One UI 6",Mediatek Dimensity 6100+ (6 nm),6,Octa-core (2x2.2 GHz Cortex-A76 & 6x2.0 GHz Cortex-A55),Mali-G57 MC2,4,8,128,256,,50.0,3,1.8,No,,No,"LED flash, panorama, HDR","1080p@30fps, gyro-EIS",13.0,No,,1080p@30fps,"Wi-Fi 802.11 a/b/g/n/ac, dual-band, Wi-Fi Direct",Yes,5.3,Type-C,Yes,"GPS, GALILEO, GLONASS, BDS, QZSS","Fingerprint (side-mounted), accelerometer, gyro, compass",6000,25,,No,,,,,15999,,,,,,"Light Blue, Dark Blue, Gray","SM-M156B, SM-M156B/DS, SM-M156B/DSN",0.71 W/kg (head),0.78 W/kg (head) 1.19 W/kg (body),No
Samsung,Samsung Galaxy M14 4G,https://www.gsmarena.com/samsung_galaxy_m14_4g-12862.php,https://fdn2.gsmarena.com/vv/bigpic/samsung-galaxy-m14-4g.jpg,GSM / HSPA / LTE,No,"2024, March 07","Available. Released 2024, March 07",168 x 77.8 x 8.8 mm (6.61 x 3.06 x 0.35 in),194.0,,,Nano-SIM + Nano-SIM,"PLS LCD, 90Hz",90,6.7,1080x2400,394,82.5,,"Android 13, up to 2 major Android upgrades, One UI 5.1",Qualcomm SM6225 Snapdragon 680 4G (6 nm),6,Octa-core (4x2.4 GHz Kryo 265 Gold & 4x1.9 GHz Kryo 265 Silver),Adreno 610,4,6,64,128,,50.0,3,1.8,No,,No,"LED flash, panorama, HDR",1080p@30/60fps,13.0,No,,1080p@30fps,"Wi-Fi 802.11 a/b/g/n/ac, dual-band, Wi-Fi Direct",No,5.1,Type-C,Yes,"GPS, GALILEO, GLONASS, BDS, QZSS","Fingerprint (side-mounted), accelerometer, proximity",5000,25,,No,,,,,,,,,,,"Arctic Blue, Sapphire Blue","SM-M145F, SM-M145F/DS",0.56 W/kg (head),,Unspecified
Samsung,Samsung Galaxy F15,https://www.gsmarena.com/samsung_galaxy_f15-12831.php,https://fdn2.gsmarena.com/vv/bigpic/samsung-galaxy-f15-5g.jpg,GSM / HSPA / LTE / 5G,Yes,"2024, March 04","Available. Released 2024, March 11",160.1 x 76.8 x 9.3 mm (6.30 x 3.02 x 0.37 in),217.0,Glass,,Nano-SIM + Nano-SIM,"Super AMOLED, 90Hz",90,6.6,1080x2340,390,87.0,,"Android 14, One UI 6",Mediatek Dimensity 6100+ (6 nm),6,Octa-core (2x2.2 GHz Cortex-A76 & 6x2.0 GHz Cortex-A55),Mali-G57 MC2,4,8,128,128,,50.0,3,1.8,No,,No,"LED flash, panorama, HDR","1080p@30fps, gyro-EIS",13.0,No,,1080p@30fps,"Wi-Fi 802.11 a/b/g/n/ac, dual-band, Wi-Fi Direct",No,5.3,Type-C,Yes,"GPS, GALILEO, GLONASS, BDS, QZSS","Fingerprint (side-mounted), accelerometer, gyro, compass",6000,25,,No,,,,,,,,,,,"Ash Black, Groovy Violet, Jazzy Green","SM-E156B, SM-E156B/DS",0.71 W/kg (head),,No
Samsung,Samsung Galaxy S24 Ultra,https://www.gsmarena.com/samsung_galaxy_s24_ultra-12771.php,https://fdn2.gsmarena.com/vv/bigpic/samsung-galaxy-s24-ultra-5g-sm-s928-stylus.jpg,GSM / CDMA / HSPA / EVDO / LTE / 5G,Yes,"2024, January 17","Available. Released 2024, January 24",162.3 x 79 x 8.6 mm (6.39 x 3.11 x 0.34 in),232.0,Titanium,IP68,· Nano-SIM + Nano-SIM + eSIM + eSIM (max 2 at a time) - INT · Nano-SIM + eSIM + eSIM (max 2 at a time) - USA · Nano-SIM + Nano-SIM - CN,"Dynamic LTPO AMOLED 2X, 120Hz, HDR10+, 2600 nits (peak)",120,6.8,1440x3120,505,88.5,Corning Gorilla Armor,"Android 14, up to 7 major Android upgrades, One UI 8.5",Qualcomm SM8650-AC Snapdragon 8 Gen 3 (4 nm),4,8-core (1x3.39GHz Cortex-X4 & 3x3.1GHz Cortex-A720 & 2x2.9GHz Cortex-A720 & 2x2.2GHz Cortex-A520),Adreno 750 (1 GHz),12,12,256,512,UFS 4.0,200.0,4,1.7,Yes,1/1.3,Yes,"Laser AF, LED flash, auto-HDR, panorama","8K@24/30fps, 4K@30/60/120fps, 1080p@30/60/120/240fps, HDR10+, stereo sound rec., gyro-EIS",12.0,Yes,"HDR, HDR10+","4K@30/60fps, 1080p@30fps","Wi-Fi 802.11 a/b/g/n/ac/6e/7, tri-band, Wi-Fi Direct",Yes,5.3,Type-C,No,"GPS, GLONASS, BDS, GALILEO, QZSS","Fingerprint (under display, ultrasonic), accelerometer, gyro, proximity, compass, barometer",5000,45,15,Yes,Active use score 13:49h,529.98,548.13,474.27,,1453497,7076,4983,1447,-24.6,"Titanium Black, Titanium Gray, Titanium Violet, Titanium Yellow, Titanium Blue, Titanium Green, Titanium Orange","SM-S928B, SM-S928B/DS, SM-S928U, SM-S928U1, SM-S928W, SM-S928N, SM-S9280, SM-S928E, SM-S928E/DS",1.26 W/kg (head) 0.62 W/kg (body),1.06 W/kg (head) 1.30 W/kg (body),No
Samsung,Samsung Galaxy S24+,https://www.gsmarena.com/samsung_galaxy_s24+-12772.php,https://fdn2.gsmarena.com/vv/bigpic/samsung-galaxy-s24-plus-5g-sm-s926.jpg,GSM / CDMA / HSPA / EVDO / LTE / 5G,Yes,"2024, January 17","Available. Released 2024, January 24",158.5 x 75.9 x 7.7 mm (6.24 x 2.99 x 0.30 in),196.0,Glass,IP68,· Nano-SIM + Nano-SIM + eSIM + eSIM (max 2 at a time) - INT · Nano-SIM + eSIM + eSIM (max 2 at a time) - USA · Nano-SIM + Nano-SIM - CN,"Dynamic LTPO AMOLED 2X, 120Hz, HDR10+, 2600 nits (peak)",120,6.7,1440x3120,513,91.6,Gorilla Glass Victus,"Android 14, up to 7 major Android upgrades, One UI 8.5",Qualcomm SM8650-AC Snapdragon 8 Gen 3 (4 nm) - USA/Canada/China Exynos 2400 (4 nm) - International,4,8-core (1x3.39GHz Cortex-X4 & 3x3.1GHz Cortex-A720 & 2x2.9GHz Cortex-A720 & 2x2.2GHz Cortex-A520) 10-core (1x3.2GHz Cortex-X4 & 2x2.9GHz Cortex-A720 & 3x2.6GHz Cortex-A720 & 4x1.95GHz Cortex-A520),Adreno 750 (1 GHz) - USA/Canada/China Xclipse 940 - International,12,12,256,512,UFS 4.0,50.0,3,1.8,Yes,1/1.56,Yes,"LED flash, auto-HDR, panorama","8K@24/30fps, 4K@30/60fps, 1080p@30/60/120/240fps, HDR10+, stereo sound rec., gyro-EIS",12.0,Yes,"HDR, HDR10+","4K@30/60fps, 1080p@30fps","Wi-Fi 802.11 a/b/g/n/ac/6e, tri-band, Wi-Fi Direct",Yes,5.3,Type-C,No,"GPS, GLONASS, BDS, GALILEO, QZSS","Fingerprint (under display, ultrasonic), accelerometer, gyro, proximity, compass, barometer",4900,45,15,Yes,Active use score 12:30h,387.34,518.0,385.0,,1290977,5987,4365,1452,-25.0,"Onyx Black, Marble Grey, Cobalt Violet, Amber Yellow, Jade Green, Sandstone Orange, Sapphire Blue","SM-S926B, SM-S926B/DS, SM-S926U, SM-S926U1, SM-S926W, SM-S926N, SM-S9260, SM-S926E, SM-S926E/DS",1.16 W/kg (head) 0.84 W/kg (body),0.74 W/kg (head) 1.25 W/kg (body),No
Samsung,Samsung Galaxy S24,https://www.gsmarena.com/samsung_galaxy_s24-12773.php,https://fdn2.gsmarena.com/vv/bigpic/samsung-galaxy-s24-5g-sm-s921.jpg,GSM / CDMA / HSPA / EVDO / LTE / 5G,Yes,"2024, January 17","Available. Released 2024, January 24",147 x 70.6 x 7.6 mm (5.79 x 2.78 x 0.30 in),167.0,Glass,IP68,· Nano-SIM + Nano-SIM + eSIM + eSIM (max 2 at a time) - INT · Nano-SIM + eSIM + eSIM (max 2 at a time) - USA · Nano-SIM + Nano-SIM - CN,"Dynamic LTPO AMOLED 2X, 120Hz, HDR10+, 2600 nits (peak)",120,6.2,1080x2340,416,90.9,Gorilla Glass Victus,"Android 14, up to 7 major Android upgrades, One UI 8.5",Qualcomm SM8650-AC Snapdragon 8 Gen 3 (4 nm) - USA/Canada/China Exynos 2400 (4 nm) - International,4,8-core (1x3.39GHz Cortex-X4 & 3x3.1GHz Cortex-A720 & 2x2.9GHz Cortex-A720 & 2x2.2GHz Cortex-A520) 10-core (1x3.2GHz Cortex-X4 & 2x2.9GHz Cortex-A720 & 3x2.6GHz Cortex-A720 & 4x1.95GHz Cortex-A520),Adreno 750 (1 GHz) - USA/Canada/China Xclipse 940 - International,8,12,128,512,UFS 3.1 - 128GB only UFS 4.0,50.0,3,1.8,Yes,1/1.56,Yes,"LED flash, auto-HDR, panorama","8K@24/30fps, 4K@30/60fps, 1080p@30/60/120/240fps, HDR10+, stereo sound rec., gyro-EIS",12.0,Yes,"HDR, HDR10+","4K@30/60fps, 1080p@30fps","Wi-Fi 802.11 a/b/g/n/ac/6e, tri-band, Wi-Fi Direct",Yes,5.3,Type-C,No,"GPS, GLONASS, BDS, GALILEO, QZSS","Fingerprint (under display, ultrasonic), accelerometer, gyro, proximity, compass, barometer",4000,25,15,Yes,Active use score 12:06h,268.99,429.68,294.24,45000,1218977,5833,4183,1401,-25.2,"Onyx Black, Marble Grey, Cobalt Violet, Amber Yellow, Jade Green, Sandstone Orange, Sapphire Blue","SM-S921B, SM-S921B/DS, SM-S921U, SM-S921U1, SM-S921W, SM-S921N, SM-S9210, SM-S921E, SM-S921E/DS",1.23 W/kg (head) 1.10 W/kg (body),0.87 W/kg (head) 1.35 W/kg (body),No
Samsung,Samsung Galaxy XCover7,https://www.gsmarena.com/samsung_galaxy_xcover7-12784.php,https://fdn2.gsmarena.com/vv/bigpic/samsung-galaxy-xcover7.jpg,GSM / HSPA / LTE / 5G,Yes,"2024, January 10","Available. Released 2024, January 23",169 x 80.1 x 10.2 mm (6.65 x 3.15 x 0.40 in),240.0,,IP68,· Nano-SIM + eSIM · Nano-SIM + Nano-SIM,"PLS LCD, 600 nits (HBM)",,6.6,1080x2408,400,77.5,Gorilla Glass Victus+,"Android 14, upgradable to Android 16, One UI 8",Mediatek Dimensity 6100+ (6 nm),6,Octa-core (2x2.2 GHz Cortex-A76 & 6x2.0 GHz Cortex-A55),Mali-G57 MC2,4,6,64,128,,50.0,1,1.8,No,1/2.76,No,"Dual-LED flash, HDR, panorama",1080p@30fps,5.0,No,,Yes,"Wi-Fi 802.11 a/b/g/n/ac, dual-band, Wi-Fi Direct",Yes,5.3,Type-C,Yes,"GPS, GLONASS, BDS, GALILEO, QZSS","Accelerometer, gyro, proximity, compass",4050,15,,No,,319.99,227.0,,,,,,,,Black,"SM-G556B, SM-G556BU1, SM-G556B/DS",,1.08 W/kg (head) 1.10 W/kg (body),No
Samsung,Samsung Galaxy Tab Active5,https://www.gsmarena.com/samsung_galaxy_tab_active5-12785.php,https://fdn2.gsmarena.com/vv/bigpic/samsung-galaxy-tab-active5.jpg,GSM / HSPA / LTE / 5G,Yes,"2024, January 10","Available. Released 2024, January 23",213.8 x 126.8 x 10.1 mm (8.42 x 4.99 x 0.40 in),433.0,,IP68,· Nano-SIM + eSIM · Nano-SIM + Nano-SIM (cellular model only),"TFT LCD, 120Hz",120,8.0,1920x1200,283,68.5,Gorilla Glass 5,"Android 14, One UI 6",Exynos 1380 (5 nm),5,Octa-core (4x2.4 GHz Cortex-A78 & 4x2.0 GHz Cortex-A55),Mali-G68 MP5,6,8,128,256,,13.0,1,1.9,No,,Yes,"LED flash, HDR, panorama","4K@30fps, 1080p@30fps",5.0,No,,1080p@30fps,"Wi-Fi 802.11 a/b/g/n/ac/6, dual-band, Wi-Fi Direct",Yes,5.3,Type-C,Yes,"GPS, GLONASS, BDS, GALILEO, QZSS - cellular model only","Fingerprint (front-mounted), accelerometer, proximity, gyro, compass, proximity (accessories only)",5050,,,No,,,,,,,,,,,"Green, Tactical Edition",SM-X306B,,0.53 W/kg (head) 0.90 W/kg (body),No
Samsung,Samsung Galaxy A25,https://www.gsmarena.com/samsung_galaxy_a25-12555.php,https://fdn2.gsmarena.com/vv/bigpic/samsung-galaxy-a25.jpg,GSM / HSPA / LTE / 5G,Yes,"2023, December 11","Available. Released 2023, December 16",161 x 76.5 x 8.3 mm (6.34 x 3.01 x 0.33 in),197.0,Glass,,· Nano-SIM · Nano-SIM + Nano-SIM,"Super AMOLED, 120Hz, 1000 nits (HBM)",120,6.5,1080x2340,396,84.2,,"Android 14, up to 4 major Android upgrades, One UI 7",Exynos 1280 (5 nm),5,Octa-core (2x2.4 GHz Cortex-A78 & 6x2.0 GHz Cortex-A55),Mali-G68,4,8,128,256,,50.0,3,1.8,Yes,1/2.76,Yes,"LED flash, panorama, HDR","4K@30fps, 1080p@30/60fps, gyro-EIS",13.0,No,,1080p@30fps,"Wi-Fi 802.11 a/b/g/n/ac, dual-band, Wi-Fi Direct",Yes,5.3,Type-C,Yes,"GPS, GLONASS, GALILEO, BDS, QZSS","Fingerprint (side-mounted), accelerometer, gyro, compass",5000,25,,No,Active use score 10:19h,98.11,240.18,142.67,,443234,2023,643,1030,-26.0,"Brave Black, Personality Yellow, Fantasy Blue, Optimistic Blue","SM-A256E, SM-A256E/DS, SM-A256E/DSN, SM-A256B, SM-A256B/DS, SM-A256B/DSN, SM-A256U, SM-A256U1",,0.46 W/kg (head) 1.19 W/kg (body),Market/region dependent
Samsung,Samsung Galaxy A15 5G,https://www.gsmarena.com/samsung_galaxy_a15_5g-12638.php,https://fdn2.gsmarena.com/vv/bigpic/samsung-galaxy-a15-5g-new.jpg,GSM / HSPA / LTE / 5G,Yes,"2023, December 11","Available. Released 2023, December 16",160.1 x 76.8 x 8.4 mm (6.30 x 3.02 x 0.33 in),200.0,Glass,,· Nano-SIM · Nano-SIM + Nano-SIM,"Super AMOLED, 90Hz, 800 nits (HBM)",90,6.5,1080x2340,396,84.3,,"Android 14, upgradable to Android 16, One UI 8, up to 4 major Android upgrades",Mediatek Dimensity 6100+ (6 nm),6,Octa-core (2x2.2 GHz Cortex-A76 & 6x2.0 GHz Cortex-A55),Mali-G57 MC2,4,8,64,256,,50.0,3,1.8,No,,No,"LED flash, panorama, HDR","1080p@30fps, gyro-EIS",13.0,No,,1080p@30fps,"Wi-Fi 802.11 a/b/g/n/ac, dual-band, Wi-Fi Direct",Yes,5.3,Type-C,Yes,"GPS, GALILEO, GLONASS, BDS, QZSS","Fingerprint (side-mounted), accelerometer, gyro, compass",5000,25,,No,Active use score 14:31h,83.99,164.0,159.0,,306274,1747,335,786,-25.5,"Brave Black, Personality Yellow, Magical Blue, Optimistic Blue","SM-A156B, SM-A156B/DS, SM-A156P, SM-A156P/DS, SM-A156U, SM-A156U1, SM-A156U1/DS, SM-A156W, SM-A156P/N, SM-A156P/DSN, SM-S156VL, SM-A156M, SM-A156E, SM-A156E/DSN",,0.80 W/kg (head) 1.46 W/kg (body),No
Samsung,Samsung Galaxy A15,https://www.gsmarena.com/samsung_galaxy_a15-12637.php,https://fdn2.gsmarena.com/vv/bigpic/samsung-galaxy-a15-lte-.jpg,GSM / HSPA / LTE,No,"2023, December 11","Available. Released 2023, December 16",160.1 x 76.8 x 8.4 mm (6.30 x 3.02 x 0.33 in),200.0,Glass,,· Nano-SIM · Nano-SIM + Nano-SIM,"Super AMOLED, 90Hz, 800 nits (HBM)",90,6.5,1080x2340,396,84.3,,"Android 14, up to 4 major Android upgrades, One UI 7",Mediatek Helio G99 (6 nm),6,Octa-core (2x2.2 GHz Cortex-A76 & 6x2.0 GHz Cortex-A55),Mali-G57 MC2,4,8,128,256,,50.0,3,1.8,No,1/2.8,No,"LED flash, panorama, HDR",1080p@30fps,13.0,No,,1080p@30fps,"Wi-Fi 802.11 a/b/g/n/ac, dual-band, Wi-Fi Direct",Yes,5.3,Type-C,Yes,"GPS, GALILEO, GLONASS, BDS, QZSS","Fingerprint (side-mounted), accelerometer, compass",5000,25,,No,Active use score 15:28h,,78.0,102.99,,316967,1928,338,808,-25.5,"Brave Black, Optimistic Blue, Magical Blue, Personality Yellow","SM-A155F, SM-A155F/DSN, SM-A155M, SM-A155M/DS, SM-A155P, SM-A155R",,0.42 W/kg (head) 1.29 W/kg (body),FM radio (market/region dependent)
Samsung,Samsung Galaxy Tab A9+,https://www.gsmarena.com/samsung_galaxy_tab_a9+-12617.php,https://fdn2.gsmarena.com/vv/bigpic/samsung-galaxy-tab-a9-plus.jpg,GSM / HSPA / LTE / 5G,Yes,"2023, October 05","Available. Released 2023, October 17",257.1 x 168.7 x 6.9 mm (10.12 x 6.64 x 0.27 in),480.0,,,Nano-SIM + eSIM (cellular model only),"TFT LCD, 90Hz",90,11.0,1200x1920,206,80.9,,"Android 13, upgradable to Android 16, One UI 8",Qualcomm SM6375 Snapdragon 695 5G (6 nm),6,Octa-core (2x2.2 GHz Kryo 660 Gold & 6x1.8 GHz Kryo 660 Silver),Adreno 619,4,8,64,256,,8.0,1,,No,,No,,1080p@30fps,5.0,No,,1080p@30fps,"Wi-Fi 802.11 a/b/g/n/ac, dual-band, Wi-Fi Direct",No,5.1,Type-C,Yes,"GPS, GLONASS, GALILEO, BDS, QZSS - cellular model only","Accelerometer, gyro, proximity (accessories only), compass",7040,15,,No,,,,,,,,,,,"Graphite, Silver, Navy","SM-X210, SM-X215, SM-X216B, SM-X216R",0.42 W/kg (body),1.19 W/kg (body),No
Samsung,Samsung Galaxy Tab A9,https://www.gsmarena.com/samsung_galaxy_tab_a9-12616.php,https://fdn2.gsmarena.com/vv/bigpic/samsung-galaxy-tab-a9.jpg,GSM / HSPA / LTE,No,"2023, October 05","Available. Released 2023, October 05",211 x 124.7 x 8 mm (8.31 x 4.91 x 0.31 in),332.0,,,Nano-SIM (cellular model only),TFT LCD,,8.7,800x1340,179,81.7,,"Android 13, upgradable to Android 16, One UI 8",Mediatek Helio G99 (6 nm),6,Octa-core (2x2.2 GHz Cortex-A76 & 6x2.0 GHz Cortex-A55),Mali-G57 MC2,4,8,64,128,,8.0,1,,No,,No,,1080p@30fps,2.0,No,,Yes,"Wi-Fi 802.11 a/b/g/n/ac, dual-band, Wi-Fi Direct",No,5.3,Type-C,Yes,"GPS, GLONASS, BDS, GALILEO, QZSS - cellular model only","Accelerometer, proximity, compass",5100,15,,No,,,,,,,,,,,"Graphite, Silver, Navy","SM-X110, SM-X115",0.48 W/kg (head) 0.89 W/kg (body),0.51 W/kg (body),No
Samsung,Samsung Galaxy S23 FE,https://www.gsmarena.com/samsung_galaxy_s23_fe-12520.php,https://fdn2.gsmarena.com/vv/bigpic/samsung-galaxy-s23-fe.jpg,GSM / HSPA / LTE / 5G,Yes,"2023, October 04","Available. Released 2023, October 05",158 x 76.5 x 8.2 mm (6.22 x 3.01 x 0.32 in),209.0,Glass,IP68,· Nano-SIM · Nano-SIM + Nano-SIM · Nano-SIM + Nano-SIM + eSIM (max 2 at a time),"Dynamic AMOLED 2X, 120Hz, HDR10+, 1450 nits (peak)",120,6.4,1080x2340,403,83.2,Gorilla Glass 5,"Android 13, up to 4 major Android upgrades, One UI 8",Exynos 2200 (4 nm) - International Qualcomm SM8450 Snapdragon 8 Gen 1 (4 nm) - USA,4,Octa-core (1x2.8 GHz Cortex-X2 & 3x2.50 GHz Cortex-A710 & 4x1.8 GHz Cortex-A510) - International Octa-core (1x3.00 GHz Cortex-X2 & 3x2.50 GHz Cortex-A710 & 4x1.80 GHz Cortex-A510) - USA,Xclipse 920 - International Adreno 730 - USA,8,8,128,256,,50.0,3,1.8,Yes,1/1.57,Yes,"LED flash, HDR, panorama","8K@24fps, 4K@30/60fps, 1080p@30/60/120/240fps",10.0,Yes,,"4K@30/60fps, 1080p@30/60fps; gyro-EIS","Wi-Fi 802.11 a/b/g/n/ac/6e, dual-band, Wi-Fi Direct",Yes,5.3,Type-C,No,"GPS, GLONASS, GALILEO, BDS","Fingerprint (under display, optical), accelerometer, gyro, compass",4500,25,15,Yes,Active use score 8:28h,190.29,243.0,195.0,,940921,3550,,985,-23.7,"Mint, Cream, Graphite, Purple, Indigo, Tangerine","SM-S711B, SM-S711B/DS, SM-S711U1, SM-S711U, SM-S711W, SM-S7110, SM-S711N",0.80 W/kg (head) 0.72 W/kg (body),0.76 W/kg (head) 1.04 W/kg (body),Unspecified
Samsung,Samsung Galaxy Tab S9 FE+,https://www.gsmarena.com/samsung_galaxy_tab_s9_fe+-12609.php,https://fdn2.gsmarena.com/vv/bigpic/samsung-galaxy-tab-s9-fe-plus-10-.jpg,GSM / HSPA / LTE / 5G,Yes,"2023, October 04","Available. Released 2023, October 16",285.4 x 185.4 x 6.5 mm (11.24 x 7.30 x 0.26 in),627.0,Glass,IP68,Nano-SIM + eSIM (cellular model only),"IPS LCD, 90Hz",90,12.4,1600x2560,243,84.3,,"Android 13, up to 4 major Android upgrades, One UI 6",Exynos 1380 (5 nm),5,Octa-core (4x2.4 GHz Cortex-A78 & 4x2.0 GHz Cortex-A55),Mali-G68 MP5,6,12,128,256,,8.0,2,,No,,Yes,,"4K@30fps, 1080p@30fps",12.0,No,,Yes,"Wi-Fi 802.11 a/b/g/n/ac/6, dual-band, Wi-Fi Direct",No,5.3,Type-C,No,"GPS, GALILEO, GLONASS, BDS, QZSS - cellular model only","Fingerprint (side-mounted), accelerometer, gyro, compass, proximity (accessories only)",10090,45,,No,,,,,,,,,,,"Mint, Silver, Gray, Lavender","SM-X610, SM-X616B",0.77 W/kg (body),0.50 W/kg (body),No
Samsung,Samsung Galaxy Tab S9 FE,https://www.gsmarena.com/samsung_galaxy_tab_s9_fe-12517.php,https://fdn2.gsmarena.com/vv/bigpic/samsung-galaxy-tab-s9-fe-10-.jpg,GSM / HSPA / LTE / 5G,Yes,"2023, October 04","Available. Released 2023, October 16",254.3 x 165.8 x 6.5 mm (10.01 x 6.53 x 0.26 in),523.0,Glass,IP68,Nano-SIM + eSIM (cellular model only),"IPS LCD, 90Hz",90,10.9,1440x2304,249,81.7,,"Android 13, up to 4 major Android upgrades, One UI 6",Exynos 1380 (5 nm),5,Octa-core (4x2.4 GHz Cortex-A78 & 4x2.0 GHz Cortex-A55),Mali-G68 MP5,6,8,128,256,,8.0,1,,No,,Yes,,"4K@30fps, 1080p@30fps",12.0,No,,Yes,"Wi-Fi 802.11 a/b/g/n/ac/6, dual-band, Wi-Fi Direct",No,5.3,Type-C,No,"GPS, GALILEO, GLONASS, BDS, QZSS - cellular model only","Fingerprint (side-mounted), accelerometer, gyro, compass, proximity (accessories only)",8000,45,,No,,,,,,,,,,,"Mint, Silver, Gray, Lavender","SM-X510, SM-X516B",1.55 W/kg (body),0.59 W/kg (body),No
Samsung,Samsung Galaxy A05s,https://www.gsmarena.com/samsung_galaxy_a05s-12584.php,https://fdn2.gsmarena.com/vv/bigpic/samsung-galaxy-a05s.jpg,GSM / HSPA / LTE,No,"2023, September 25","Available. Released 2023, October 18",168 x 77.8 x 8.8 mm (6.61 x 3.06 x 0.35 in),194.0,Glass,,· Nano-SIM · Nano-SIM + Nano-SIM,"PLS LCD, 90Hz",90,6.7,1080x2400,393,82.9,,"Android 13, up to 2 major Android upgrades, One UI 7",Qualcomm SM6225 Snapdragon 680 4G (6 nm),6,Octa-core (4x2.4 GHz Kryo 265 Gold & 4x1.9 GHz Kryo 265 Silver),Adreno 610,4,6,64,128,eMMC 5.1,50.0,3,1.8,No,1/2.8,No,LED flash,1080p@30/60fps,13.0,No,,1080p@30fps,"Wi-Fi 802.11 a/b/g/n/ac, dual-band, Wi-Fi Direct",Yes,5.1,Type-C,Yes,"GPS, GLONASS, GALILEO, BDS, QZSS","Fingerprint (side-mounted), accelerometer, proximity",5000,25,,No,Active use score 11:32h,,99.99,99.9,,264654,1457,,468,-30.0,"Black, Silver, Light Green, Violet","SM-A057F, SM-A057F/DS, SM-A057M, SM-A057M/DS, SM-A057G/DSN, SM-A057G",,0.58 W/kg (head) 1.31 W/kg (body),Unspecified
Samsung,Samsung Galaxy A05,https://www.gsmarena.com/samsung_galaxy_a05-12583.php,https://fdn2.gsmarena.com/vv/bigpic/samsung-galaxy-a05.jpg,GSM / HSPA / LTE,No,"2023, September 25","Available. Released 2023, October 15",168.8 x 78.2 x 8.8 mm (6.65 x 3.08 x 0.35 in),195.0,Glass,,· Nano-SIM · Nano-SIM + Nano-SIM,PLS LCD,,6.7,720x1600,262,82.1,,"Android 13, up to 2 major Android upgrades, One UI 7",Mediatek Helio G85 (12 nm),12,Octa-core (2x2.0 GHz Cortex-A75 & 6x1.8 GHz Cortex-A55),Mali-G52 MC2,3,6,32,128,eMMC 5.1,50.0,2,1.8,No,1/2.8,No,LED flash,1080p@30/60fps,8.0,No,,Yes,"Wi-Fi 802.11 a/b/g/n/ac, dual-band, Wi-Fi Direct",No,5.3,Type-C,Yes,"GPS, GLONASS, GALILEO, BDS","Accelerometer, proximity",5000,25,,No,,99.5,,84.99,,,,,,,"Black, Silver, Light Green","SM-A055F, SM-A055F/DS, SM-A055M, SM-A055M/DS",,0.41 W/kg (head) 1.19 W/kg (body),Unspecified
Samsung,Samsung Galaxy F34,https://www.gsmarena.com/samsung_galaxy_f34-12453.php,https://fdn2.gsmarena.com/vv/bigpic/samsung-galaxy-f34.jpg,GSM / HSPA / LTE / 5G,Yes,"2023, August 07","Available. Released 2023, August 12",161.7 x 77.2 x 8.8 mm (6.37 x 3.04 x 0.35 in),208.0,,,Nano-SIM + Nano-SIM,"Super AMOLED, 120Hz, 1000 nits (peak)",120,6.5,1080x2340,396,83.1,Gorilla Glass 5,"Android 13, One UI 5.1",Exynos 1280 (5 nm),5,Octa-core (2x2.4 GHz Cortex-A78 & 6x2.0 GHz Cortex-A55),Mali-G68,6,8,128,128,UFS 2.2,50.0,3,1.8,Yes,,Yes,"LED flash, panorama, HDR","4K@30fps, 1080p@30fps",13.0,No,,1080p@30fps,"Wi-Fi 802.11 a/b/g/n/ac, dual-band, Wi-Fi Direct",Yes,5.3,Type-C,Yes,"GPS, GLONASS, GALILEO, BDS, QZSS","Fingerprint (side-mounted), accelerometer, gyro, compass",6000,25,,No,,,,,,,,,,,"Electric Black, Mystic Green","SM-E346B, SM-E346B/DS",0.89 W/kg (head),,Unspecified
Samsung,Samsung Galaxy Z Fold5,https://www.gsmarena.com/samsung_galaxy_z_fold5-12418.php,https://fdn2.gsmarena.com/vv/bigpic/samsung-galaxy-z-fold5-5g.jpg,GSM / CDMA / HSPA / EVDO / LTE / 5G,Yes,"2023, July 26","Available. Released 2023, August 11",Unfolded: 154.9 x 129.9 x 6.1 mm Folded: 154.9 x 67.1 x 13.4 mm,253.0,Glass,,· Nano-SIM + eSIM · Nano-SIM + Nano-SIM + eSIM (max 2 at a time),"Foldable Dynamic AMOLED 2X, 120Hz, HDR10+",120,7.6,1812x2176,373,91.1,,"Android 13, up to 4 major Android upgrades, One UI 8.5",Qualcomm SM8550-AC Snapdragon 8 Gen 2 (4 nm),4,Octa-core (1x3.36 GHz Cortex-X3 & 2x2.8 GHz Cortex-A715 & 2x2.8 GHz Cortex-A710 & 3x2.0 GHz Cortex-A510),Adreno 740,12,12,256,512,UFS 4.0,50.0,3,1.8,Yes,1/1.56,Yes,"LED flash, HDR, panorama","8K@30fps, 4K@60fps, 1080p@60/240fps (gyro-EIS), HDR10+",4.0,Yes,HDR,"4K@30/60fps, 1080p@30/60fps, gyro-EIS","Wi-Fi 802.11 a/b/g/n/ac/6e, tri-band, Wi-Fi Direct",Yes,5.3,Type-C,No,"GPS, GLONASS, GALILEO, BDS","Fingerprint (side-mounted), accelerometer, gyro, proximity, compass, barometer",4400,25,15,Yes,Active use score 12:01h,454.57,677.56,476.91,,1250358,4824,,1257,-25.9,"Icy Blue, Phantom Black, Cream, Gray, Blue","SM-F946B, SM-F946B/DS, SM-F946U, SM-F946U1, SM-F946N, SM-F946W, SM-F9460",1.16 W/kg (head),1.24 W/kg (head) 1.19 W/kg (body),No
Samsung,Samsung Galaxy Z Flip5,https://www.gsmarena.com/samsung_galaxy_z_flip5-12252.php,https://fdn2.gsmarena.com/vv/bigpic/samsung-galaxy-z-flip5-5g.jpg,GSM / CDMA / HSPA / EVDO / LTE / 5G,Yes,"2023, July 26","Available. Released 2023, August 11",Unfolded: 165.1 x 71.9 x 6.9 mm Folded: 85.1 x 71.9 x 15.1 mm,187.0,Glass,,Nano-SIM + eSIM,"Foldable Dynamic AMOLED 2X, 120Hz, HDR10+, 1750 nits (peak)",120,6.7,1080x2640,425,85.9,,"Android 13, upgradable to Android 16, One UI 8.5",Qualcomm SM8550-AC Snapdragon 8 Gen 2 (4 nm),4,Octa-core (1x3.36 GHz Cortex-X3 & 2x2.8 GHz Cortex-A715 & 2x2.8 GHz Cortex-A710 & 3x2.0 GHz Cortex-A510),Adreno 740,8,8,256,512,UFS 4.0,12.0,2,1.8,Yes,1/1.76,Yes,"LED flash, HDR, panorama","4K@30/60fps, 1080p@60/240fps, HDR10+",10.0,Yes,HDR,4K@30fps,"Wi-Fi 802.11 a/b/g/n/ac/6e, tri-band, Wi-Fi Direct",Yes,5.3,Type-C,No,"GPS, GLONASS, GALILEO, BDS","Fingerprint (side-mounted), accelerometer, gyro, proximity, compass, barometer",3700,25,15,Yes,Active use score 9:29h,308.44,410.89,270.0,,1200783,5478,,1101,-27.1,"Mint, Graphite, Cream, Lavender, Gray, Blue, Green, Yellow","SM-F731B, SM-F731B/DS, SM-F731U, SM-F731U1, SM-F731W, SM-F731N",1.17 W/kg (head),0.60 W/kg (head) 1.45 W/kg (body),No
Samsung,Samsung Galaxy Tab S9 Ultra,https://www.gsmarena.com/samsung_galaxy_tab_s9_ultra-12217.php,https://fdn2.gsmarena.com/vv/bigpic/samsung-galaxy-tab-s9-ultra-5g.jpg,GSM / HSPA / LTE / 5G,Yes,"2023, July 26","Available. Released 2023, August 11",326.4 x 208.6 x 5.5 mm (12.85 x 8.21 x 0.22 in),732.0,Glass,IP68,Nano-SIM + eSIM (cellular model only),"Dynamic AMOLED 2X, 120Hz, HDR10+",120,14.6,1848x2960,239,90.7,Corning Gorilla Glass,"Android 13, up to 4 major Android upgrades, One UI 6",Qualcomm SM8550-AC Snapdragon 8 Gen 2 (4 nm),4,Octa-core (1x3.36 GHz Cortex-X3 & 2x2.8 GHz Cortex-A715 & 2x2.8 GHz Cortex-A710 & 3x2.0 GHz Cortex-A510),Adreno 740,12,16,256,512,UFS,13.0,2,2.0,No,1/3.4,Yes,"LED flash, HDR, panorama","4K@30fps, 1080p@30fps",12.0,Yes,HDR,"4K@30fps, 1080p@30fps","Wi-Fi 802.11 a/b/g/n/ac/6e, tri-band, Wi-Fi Direct",No,5.3,Type-C,No,"GPS, GLONASS, BDS, GALILEO - cellular model only","Fingerprint (under display, optical), accelerometer, gyro, proximity, compass",11200,45,,No,Active use score 11:03h,,,,,1199328,4835,,642,-21.2,"Beige, Graphite","SM-X910, SM-X916B, SM-X918U",,0.93 W/kg (body),No
Samsung,Samsung Galaxy Tab S9+,https://www.gsmarena.com/samsung_galaxy_tab_s9+-12440.php,https://fdn2.gsmarena.com/vv/bigpic/samsung-galaxy-tab-s9-plus-5g.jpg,GSM / HSPA / LTE / 5G,Yes,"2023, July 26","Available. Released 2023, August 11",285.4 x 185.4 x 5.7 mm (11.24 x 7.30 x 0.22 in),586.0,Glass,IP68,Nano-SIM + eSIM (cellular model only),"Dynamic AMOLED 2X, 120Hz, HDR10+",120,12.4,1752x2800,266,84.3,Corning Gorilla Glass,"Android 13, up to 4 major Android upgrades, One UI 6",Qualcomm SM8550-AC Snapdragon 8 Gen 2 (4 nm),4,Octa-core (1x3.36 GHz Cortex-X3 & 2x2.8 GHz Cortex-A715 & 2x2.8 GHz Cortex-A710 & 3x2.0 GHz Cortex-A510),Adreno 740,12,12,256,512,UFS,13.0,2,2.0,No,1/3.4,Yes,"LED flash, HDR, panorama","4K@30fps, 1080p@30fps",12.0,Yes,HDR,"4K@30fps, 1080p@30fps","Wi-Fi 802.11 a/b/g/n/ac/6e, tri-band, Wi-Fi Direct",No,5.3,Type-C,No,"GPS, GLONASS, BDS, GALILEO - cellular model only","Fingerprint (under display, optical), accelerometer, gyro, proximity, compass",10090,45,,No,,,,,,,,,,,"Beige, Graphite","SM-X810, SM-X816B",,1.35 W/kg (body),No
Samsung,Samsung Galaxy Tab S9,https://www.gsmarena.com/samsung_galaxy_tab_s9-12439.php,https://fdn2.gsmarena.com/vv/bigpic/samsung-galaxy-tab-s9-5g.jpg,GSM / HSPA / LTE / 5G,Yes,"2023, July 26","Available. Released 2023, August 11",254.3 x 165.8 x 5.9 mm (10.01 x 6.53 x 0.23 in),498.0,Glass,IP68,Nano-SIM + eSIM (cellular model only),"Dynamic AMOLED 2X, 120Hz, HDR10+",120,11.0,1600x2560,274,83.2,Corning Gorilla Glass,"Android 13, up to 4 major Android upgrades, One UI 6",Qualcomm SM8550-AC Snapdragon 8 Gen 2 (4 nm),4,Octa-core (1x3.36 GHz Cortex-X3 & 2x2.8 GHz Cortex-A715 & 2x2.8 GHz Cortex-A710 & 3x2.0 GHz Cortex-A510),Adreno 740,8,12,128,256,UFS,13.0,1,2.0,No,1/3.4,Yes,"LED flash, HDR, panorama","4K@30fps, 1080p@30fps",12.0,Yes,HDR,"4K@30fps, 1080p@30fps","Wi-Fi 802.11 a/b/g/n/ac/6e, tri-band, Wi-Fi Direct",No,5.3,Type-C,No,"GPS, GALILEO, GLONASS, BDS, QZSS","Fingerprint (under display, optical), accelerometer, gyro, proximity, compass",8400,45,,No,,,,,,,,,,,"Beige, Graphite","SM-X710, SM-X716B",,0.66 W/kg (body),No
Samsung,Samsung Galaxy Watch6 Classic,https://www.gsmarena.com/samsung_galaxy_watch6_classic-12438.php,https://fdn2.gsmarena.com/vv/bigpic/samsung-galaxy-watch6-classic.jpg,GSM / HSPA / LTE,No,"2023, July 26","Available. Released 2023, August 11",46.5 x 46.5 x 10.9 mm (1.83 x 1.83 x 0.43 in),59.0,,IP68,eSIM,"Super AMOLED, 2000 nits (peak)",,1.5,480x480,453,,Sapphire crystal,"Android Wear OS 4, upgradable to 6.0, One UI Watch 8",Exynos W930 (5 nm),5,Dual-core 1.4 GHz Cortex-A55,Mali-G68,2,2,16,16,,,,,No,,No,,,,No,,,"Wi-Fi 802.11 a/b/g/n, dual-band",Yes,5.3,No,No,"GPS, GLONASS, GALILEO, BDS","Accelerometer, gyro, heart rate, barometer, altimeter, compass, SpO2, temperature (skin)",425,10,10,No,,,,,,,,,,,"Black, Silver",,,,No
Samsung,Samsung Galaxy Watch6,https://www.gsmarena.com/samsung_galaxy_watch6-12437.php,https://fdn2.gsmarena.com/vv/bigpic/samsung-galaxy-watch6.jpg,GSM / HSPA / LTE,No,"2023, July 26","Available. Released 2023, August 11",42.8 x 44.4 x 9 mm (1.69 x 1.75 x 0.35 in),33.3,Glass,IP68,eSIM,"Super AMOLED, 2000 nits (peak)",,1.5,480x480,327,,Sapphire crystal,"Android Wear OS 4, upgradable to 6.0, One UI Watch 8",Exynos W930 (5 nm),5,Dual-core 1.4GHz Cortex-A55,Mali-G68,2,2,16,16,,,,,No,,No,,,,No,,,"Wi-Fi 802.11 a/b/g/n, dual-band",Yes,5.3,No,No,"GPS, GLONASS, GALILEO, BDS","Accelerometer, gyro, heart rate, barometer, altimeter, compass, SpO2, temperature (skin)",425,10,10,No,,,,,,,,,,,"Graphite, Silver, Gold",,,,No
Samsung,Samsung Galaxy M34 5G,https://www.gsmarena.com/samsung_galaxy_m34_5g-11290.php,https://fdn2.gsmarena.com/vv/bigpic/samsung-galaxy-m34-5g.jpg,GSM / HSPA / LTE / 5G,Yes,"2023, July 03","Available. Released 2023, July 15",161.7 x 77.2 x 8.8 mm (6.37 x 3.04 x 0.35 in),208.0,,,Nano-SIM + Nano-SIM,"Super AMOLED, 120Hz, 1000 nits (peak)",120,6.5,1080x2340,396,83.1,Gorilla Glass 5,"Android 13, upgradable to Android 16, One UI 8",Exynos 1280 (5 nm),5,Octa-core (2x2.4 GHz Cortex-A78 & 6x2.0 GHz Cortex-A55),Mali-G68,6,8,128,256,UFS 2.2,50.0,3,1.8,Yes,,Yes,"LED flash, panorama, HDR","4K@30fps, 1080p@30fps",13.0,No,,1080p@30fps,"Wi-Fi 802.11 a/b/g/n/ac, dual-band, Wi-Fi Direct",Yes,5.3,Type-C,Yes,"GPS, GLONASS, GALILEO, BDS","Fingerprint (side-mounted), accelerometer, gyro, compass",6000,25,,No,,,,,,,,,,,"Midnight Blue, Prism Silver, Waterfall Blue","SM-M346B, SM-M346B/DS, SM-M346B1, SM-M346B1/DS",0.89 W/kg (head),,FM radio
Samsung,Samsung Galaxy F54,https://www.gsmarena.com/samsung_galaxy_f54-12239.php,https://fdn2.gsmarena.com/vv/bigpic/samsung-galaxy-f54-5g.jpg,GSM / HSPA / LTE / 5G,Yes,"2023, June 06","Available. Released 2023, June 13",164.9 x 77.3 x 8.4 mm (6.49 x 3.04 x 0.33 in),199.0,Glass,,Nano-SIM + Nano-SIM,"Super AMOLED Plus, 120Hz",120,6.7,1080x2400,393,85.0,,"Android 13, up to 4 major Android upgrades, One UI 5.1",Exynos 1380 (5 nm),5,Octa-core (4x2.4 GHz Cortex-A78 & 4x2.0 GHz Cortex-A55),Mali-G68 MP5,8,8,256,256,,108.0,3,1.8,Yes,1/4.0,Yes,"LED flash, panorama, HDR","4K@30fps, 1080p@30/60fps",32.0,Yes,,"4K@30fps, 1080p@30fps","Wi-Fi 802.11 a/b/g/n/ac/6, dual-band, Wi-Fi Direct",Yes,5.3,Type-C,No,"GPS, GLONASS, GALILEO, BDS, QZSS, NavIC","Fingerprint (side-mounted), accelerometer, gyro, proximity, compass",6000,,,No,,,,,,,,,,,"Meteor Blue, Stardust Silver","SM-E546B, SM-E546B/DS",1.25 W/kg (head),,No
Samsung,Samsung Galaxy A24 4G,https://www.gsmarena.com/samsung_galaxy_a24_4g-12176.php,https://fdn2.gsmarena.com/vv/bigpic/samsung-galaxy-a24-4g-2.jpg,GSM / HSPA / LTE,No,"2023, April 19","Available. Released 2023, May 05",162.1 x 77.6 x 8.3 mm (6.38 x 3.06 x 0.33 in),195.0,Glass,,· Nano-SIM · Nano-SIM + Nano-SIM,"Super AMOLED, 90Hz, 1000 nits (peak)",90,6.5,1080x2340,396,82.4,,"Android 13, up to 4 major Android upgrades, One UI 6",Mediatek Helio G99 (6 nm),6,Octa-core (2x2.2 GHz Cortex-A76 & 6x2.0 GHz Cortex-A55),Mali-G57 MC2,4,8,128,128,,50.0,3,1.8,Yes,1/2.76,No,"LED flash, panorama, HDR","1080p@30fps, gyro-EIS",13.0,No,,1080p@30fps,"Wi-Fi 802.11 a/b/g/n/ac, dual-band, Wi-Fi Direct",Yes,5.3,Type-C,Yes,"GPS, GLONASS, GALILEO, BDS, QZSS","Fingerprint (side-mounted), accelerometer, gyro, compass",5000,25,,No,,,,,,398005,1890,,1012,-28.9,"Black, Lime Green, Blue gradient, Dark red","SM-A245F, SM-A245F/DS, SM-A245F/DSN, SM-A245M, SM-A245M/DS, SM-A245N",,0.41 W/kg (head) 1.30 W/kg (body),Unspecified
Samsung,Samsung Galaxy F14,https://www.gsmarena.com/samsung_galaxy_f14-12175.php,https://fdn2.gsmarena.com/vv/bigpic/samsung-galaxy-f14.jpg,GSM / HSPA / LTE / 5G,Yes,"2023, March 24","Available. Released 2023, March 30",166.8 x 77.2 x 9.4 mm (6.57 x 3.04 x 0.37 in),206.0,Glass,,Nano-SIM + Nano-SIM,"PLS LCD, 90Hz",90,6.6,1080x2408,400,81.5,Gorilla Glass 5,"Android 13, One UI Core 5.1",Exynos 1330 (5 nm),5,Octa-core (2x2.4 GHz Cortex-A78 & 6x2.0 GHz Cortex-A55),Mali-G68 MP2,4,6,64,128,,50.0,2,1.8,No,,No,"LED flash, panorama, HDR",1080p@30fps,13.0,No,,1080p@30fps,"Wi-Fi 802.11 a/b/g/n/ac, dual-band, Wi-Fi Direct",No,5.2,Type-C,Yes,"GPS, GLONASS, GALILEO, BDS, QZSS, NavIC","Fingerprint (side-mounted), accelerometer, gyro, proximity, compass",6000,25,,No,,,,,,,,,,,"Black, Green, Purple","SM-E146B, SM-E146B/DS",0.69 W/kg (head),,"FM radio, recording"
Samsung,Samsung T700,https://www.gsmarena.com/samsung_t700-376.php,https://fdn2.gsmarena.com/vv/bigpic/sst700.gif,GSM,No,"2003, Q1",Cancelled,73 x 53 x 23 mm (2.87 x 2.09 x 0.91 in),76.0,,,Mini-SIM,"TFT, 65K colors",,,128x128,,,,,,,,,,,,,Message templates,,,,No,,No,,,,No,,,No,,,,No,No,,,,,No,,,,,,,,,,,,,,,No
Samsung,Samsung S500,https://www.gsmarena.com/samsung_s500-520.php,https://fdn2.gsmarena.com/vv/bigpic/sss500.gif,GSM,No,2003,Discontinued,83 x 43 x 22 mm (3.27 x 1.69 x 0.87 in),80.0,,,Mini-SIM,"TFT, 65K colors",,,128x160,,,,,,,,,,,,,Message templates 200 short messages,,,,No,,No,,,,No,,,No,,,,No,No,,800,,,No,,,,,,,,,,,Silver,,,,No
Samsung,Samsung T500,https://www.gsmarena.com/samsung_t500-378.php,https://fdn2.gsmarena.com/vv/bigpic/sst500.gif,GSM,No,"2003, Q1",Discontinued,76 x 44 x 23 mm (2.99 x 1.73 x 0.91 in),80.0,,,Mini-SIM,"CSTN, 65K colors",,,128x128,,,,,,,,,,,,,Message templates,,,,No,,No,,,,No,,,No,,,,No,No,,800,,,No,,,,,,,,,,,Wine red,,,,No
Samsung,Samsung S300,https://www.gsmarena.com/samsung_s300-375.php,https://fdn2.gsmarena.com/vv/bigpic/sss300.gif,GSM,No,2003,Discontinued,80 x 40 x 20 mm (3.15 x 1.57 x 0.79 in),70.0,,,Mini-SIM,"UFB, 65K colors",,,128x128,,,,,,,,,,,,,Message templates,,,,No,,No,,,,No,,,No,,,,No,No,,570,,,No,,,,,,,,,,,,,,,No
Samsung,Samsung T400,https://www.gsmarena.com/samsung_t400-374.php,https://fdn2.gsmarena.com/vv/bigpic/sst400.gif,GSM,No,"2002, Q4",Discontinued,80 x 42 x 21 mm (3.15 x 1.65 x 0.83 in),80.0,,,Mini-SIM,"TFT, 65K colors",,,128x144,,,,,,,,,,,,,Message templates,,,,No,,No,,,,No,,,No,,,,No,No,,800,,,No,,,,,,,,,,,,,,,No
Samsung,Samsung T200,https://www.gsmarena.com/samsung_t200-379.php,https://fdn2.gsmarena.com/vv/bigpic/sst200.gif,GSM,No,"2002, Q4",Discontinued,88 x 46 x 23 mm (3.46 x 1.81 x 0.91 in),99.0,,,Mini-SIM,"UFB, 65K Colors",,,128x160,,,,,,,,,,,,,Message templates,,,,No,,No,,,,No,,,No,,,,No,No,,700,,,No,,,,,,,,,,,"4 - Metallic Silver, Titanium Silver, Omega Blue, Pearl White",,,,No
Samsung,Samsung V100,https://www.gsmarena.com/samsung_v100-314.php,https://fdn2.gsmarena.com/vv/bigpic/ssv100.gif,GSM,No,2002,Discontinued,88 x 48 x 23 mm (3.46 x 1.89 x 0.91 in),97.0,,,Mini-SIM,"TFT, 65K colors",,,176x220,,,,,,,,,,,,,Message templates,,,,No,,No,,,,No,,,No,,,,No,No,,,,,No,,,,,,,,,,,,,,,No
Samsung,Samsung S100,https://www.gsmarena.com/samsung_s100-313.php,https://fdn2.gsmarena.com/vv/bigpic/sss100.gif,GSM,No,2002,Discontinued,"89 x 47 x 23 mm, 94 cc (3.50 x 1.85 x 0.91 in)",92.0,,,Mini-SIM,"STN, 65K colors",,,128x160,,,,,,,,,,,,,Message templates,,,,No,,No,,,,No,,,No,,,,No,No,,,,,No,,,,,,,,,,,,,,,No
Samsung,Samsung Q300,https://www.gsmarena.com/samsung_q300-312.php,https://fdn2.gsmarena.com/vv/bigpic/ssq300.gif,GSM,No,2002,Discontinued,85 x 48 x 23 mm (3.35 x 1.89 x 0.91 in),89.0,,,Mini-SIM,"Grayscale graphic, 4 shades",,,128x128,,,,,,,,,,,,,20 voice dial items Message templates,,,,No,,No,,,,No,,,No,,,,No,No,,800,,,No,,,,,,,,,,,,,,,No
Samsung,Samsung A800,https://www.gsmarena.com/samsung_a800-347.php,https://fdn2.gsmarena.com/vv/bigpic/ssa800.gif,GSM,No,"2002, Q4",Discontinued,80 x 40 x 22 mm (3.15 x 1.57 x 0.87 in),68.0,,,Mini-SIM,"Grayscale graphic, 4 shades",,,128x128,,,,,,,,,,,,,Dynamic memory Message templates,,,,No,,No,,,,No,,,No,,,,No,No,,750,,,No,,,,,,,,,,,"Sand Silver, Metallic Blue, Royal Blue, Dark Silver,Pearl White, Metal Silver, Champagne Gold",,,,No
Samsung,Samsung A500,https://www.gsmarena.com/samsung_a500-311.php,https://fdn2.gsmarena.com/vv/bigpic/ssa500.gif,GSM,No,2002,Discontinued,80 x 39 x 17 mm (3.15 x 1.54 x 0.67 in),75.0,,,Mini-SIM,"Grayscale graphic, 4 shades",,,128x128,,,,,,,,,,,,,Message templates,,,,No,,No,,,,No,,,No,,,,No,No,,,,,No,,,,,,,,,,,,,,,No
Samsung,Samsung T100,https://www.gsmarena.com/samsung_t100-308.php,https://fdn2.gsmarena.com/vv/bigpic/sst100.gif,GSM,No,2002,Discontinued,88 x 50 x 22 mm (3.46 x 1.97 x 0.87 in),94.0,,,Mini-SIM,"TFT, 4096 colors",,,128x160,,,,,,,,,,,,,Message templates,,,,No,,No,,,,No,,,No,,,,No,No,,720,,,No,,,,,,,,,,,,,,,No
Samsung,Samsung Q200,https://www.gsmarena.com/samsung_q200-307.php,https://fdn2.gsmarena.com/vv/bigpic/ssq200.gif,GSM,No,2002,Discontinued,85 x 48 x 20 mm (3.35 x 1.89 x 0.79 in),90.0,,,Mini-SIM,"Grayscale graphic, 4 shades",,,128x128,,,,,,,,,,,,,20 voice dial items Message templates,,,,No,,No,,,,No,,,No,,,,No,No,,650,,,No,,,,,,,,,,,,,,,No
Samsung,Samsung N620,https://www.gsmarena.com/samsung_n620-309.php,https://fdn2.gsmarena.com/vv/bigpic/ssn620.gif,GSM,No,2002,Discontinued,100 x 43 x 20 mm (3.94 x 1.69 x 0.79 in),83.0,,,Mini-SIM,Monochrome graphic,,,,,,,,,,,,,,,,Message templates,,,,No,,No,,,,No,,,No,,,,No,No,,800,,,No,,,,,,,,,,,"4 - White pearl, Black, Sky blue, Silver",,,0.88 W/kg (head),No
Samsung,Samsung N500,https://www.gsmarena.com/samsung_n500-328.php,https://fdn2.gsmarena.com/vv/bigpic/ssn500.gif,GSM,No,2002,Discontinued,110 x 46 x 23 mm (4.33 x 1.81 x 0.91 in),95.0,,,Mini-SIM,Monochrome graphic,,,,,,,,,,,,,,,,Message templates,,,,No,,No,,,,No,,,No,,,,No,No,,,,,No,,,,,,,,,,,"4 - Silver, Black, Dark Gray, Sky Blue",,,,No
Samsung,Samsung N400,https://www.gsmarena.com/samsung_n400-277.php,https://fdn2.gsmarena.com/vv/bigpic/ssn400.gif,GSM,No,2001,Discontinued,112 x 45 x 18 mm (4.41 x 1.77 x 0.71 in),91.0,,,Mini-SIM,"Grayscale graphic, 4 shades",,,128x128,,,,,,,,,,,,,5 message templates 20 voice dial numbers 175 sec voice memo,,,,No,,No,,,,No,,,No,,,,No,No,,,,,No,,,,,,,,,,,3,,,,No
Samsung,Samsung Q105,https://www.gsmarena.com/samsung_q105-293.php,https://fdn2.gsmarena.com/vv/bigpic/ssq105.gif,GSM,No,2001,Discontinued,112 x 42 x 18.5 mm (4.41 x 1.65 x 0.73 in),85.0,,,Mini-SIM,"Grayscale graphic, 4 shades",,,128x128,,,,,,,,,,,,,Message templates,,,,No,,No,,,,No,,,No,,,,No,No,,900,,,No,,,,,,,,,,,"Blue, Dark Gray, Green, Wine Red",,,,No
Samsung,Samsung N300,https://www.gsmarena.com/samsung_n300-261.php,https://fdn2.gsmarena.com/vv/bigpic/ssn300.gif,GSM,No,2001,Discontinued,112 x 42 x 18.5 mm (4.41 x 1.65 x 0.73 in),85.0,,,Mini-SIM,"Grayscale graphic, 4 shades",,,,,,,,,,,,,,,,5 message templates 20 voice dial numbers 140 sec voice memo,,,,No,,No,,,,No,,,No,,,,No,No,,900,,,No,,,,,,,,,,,3,,,,No
Samsung,Samsung A400,https://www.gsmarena.com/samsung_a400-276.php,https://fdn2.gsmarena.com/vv/bigpic/ssa400.gif,GSM,No,"2001, Q4",Discontinued,70 x 48 x 20 mm (2.76 x 1.89 x 0.79 in),80.0,,,Mini-SIM,"Grayscale graphic, 4 shades",,,,,,,,,,,,,,,,Message templates,,,,No,,No,,,,No,,,No,,,,No,No,,,,,No,,,,,,,,,,,,,,,No
Samsung,Samsung A300,https://www.gsmarena.com/samsung_a300-260.php,https://fdn2.gsmarena.com/vv/bigpic/ssa300.gif,GSM,No,2001,Discontinued,81 x 42 x 22 mm (3.19 x 1.65 x 0.87 in),77.0,,,Mini-SIM,"Grayscale graphic, 4 shades",,,128x128,,,,,,,,,,,,,Message templates,,,,No,,No,,,,No,,,No,,,,No,No,,900,,,No,,,,,,,,,,,"3 - Champaign Gold, Metallic Silver, Rich Black",,,,No
Samsung,Samsung R220,https://www.gsmarena.com/samsung_r220-291.php,https://fdn2.gsmarena.com/vv/bigpic/ssr220.gif,GSM,No,2001,Discontinued,110 x 46 x 23.5 mm (4.33 x 1.81 x 0.93 in),99.0,,,Mini-SIM,Monochrome graphic,,,,,,,,,,,,,,,,Message templates,,,,No,,No,,,,No,,,No,,,,No,No,,,,,No,,,,,,,,,,,"3 - Navy Blue, Green, Dark Gray",,,1.49 W/kg (head),No
Samsung,Samsung R210,https://www.gsmarena.com/samsung_r210-290.php,https://fdn2.gsmarena.com/vv/bigpic/ssr210.gif,GSM,No,2001,Discontinued,110 x 46 x 23.5 mm (4.33 x 1.81 x 0.93 in),99.0,,,Mini-SIM,Monochrome graphic,,,,,,,,,,,,,,,,Message templates,,,,No,,No,,,,No,,,No,,,,No,No,,,,,No,,,,,,,,,,,"3 - Navy Blue, Green, Dark Gray",,,1.49 W/kg (head),No
Samsung,Samsung R200,https://www.gsmarena.com/samsung_r200-289.php,https://fdn2.gsmarena.com/vv/bigpic/ssr200.gif,GSM,No,2001,Discontinued,110 x 46 x 23.5 mm (4.33 x 1.81 x 0.93 in),99.0,,,Mini-SIM,Monochrome graphic,,,,,,,,,,,,,,,,Message templates,,,,No,,No,,,,No,,,No,,,,No,No,,,,,No,,,,,,,,,,,"3 - Navy Blue, Green, Dark Gray",,,,No
Samsung,Samsung A200,https://www.gsmarena.com/samsung_a200-259.php,https://fdn2.gsmarena.com/vv/bigpic/ssa200.gif,GSM,No,2001,Discontinued,79 x 38 x 23 mm (3.11 x 1.50 x 0.91 in),77.0,,,Mini-SIM,"Grayscale graphic, 4 shades",,,,,,,,,,,,,,,,20 voice dial items Message templates,,,,No,,No,,,,No,,,No,,,,No,No,,,,,No,,,,,,,,,,,"3 - White Pearl, Champaign Gold, Silver",,,,No
Samsung,Samsung Q100,https://www.gsmarena.com/samsung_q100-229.php,https://fdn2.gsmarena.com/vv/bigpic/saq100.gif,GSM,No,2001,Discontinued,112 x 42 x 18.5 mm (4.41 x 1.65 x 0.73 in),85.0,,,Mini-SIM,Monochrome graphic,,,128x128,,,,,,,,,,,,,Message templates,,,,No,,No,,,,No,,,No,,,,No,No,,,,,No,,,,,,,,,,,,,,,No
Samsung,Samsung N105,https://www.gsmarena.com/samsung_n105-292.php,https://fdn2.gsmarena.com/vv/bigpic/ssn105.gif,GSM,No,2001,Discontinued,105 x 42 x 17.5 mm (4.13 x 1.65 x 0.69 in),83.0,,,Mini-SIM,Monochrome graphic,,,,,,,,,,,,,,,,5 message templates20 voice dial numbers140 sec voice memo,,,,No,,No,,,,No,,,No,,,,No,No,,,,,No,,,,,,,,,,,Champagne,,,,No
Samsung,Samsung N100,https://www.gsmarena.com/samsung_n100-212.php,https://fdn2.gsmarena.com/vv/bigpic/ssn100.gif,GSM,No,2000,Discontinued,105 x 42 x 17.5 mm (4.13 x 1.65 x 0.69 in),83.0,,,Mini-SIM,Monochrome graphic,,,,,,,,,,,,,,,,5 message templates 20 voice dial numbers 140 sec voice memo,,,,No,,No,,,,No,,,No,,,,No,No,,,,,No,,,,,,,,,,,3,,,,No
Samsung,Samsung M100,https://www.gsmarena.com/samsung_m100-208.php,https://fdn2.gsmarena.com/vv/bigpic/ssm100.gif,GSM,No,2000,Discontinued,106 x 44 x 19.3 mm (4.17 x 1.73 x 0.76 in),97.0,,,Mini-SIM,Monochrome graphic,,,,,,,,,,,,,,,,5 message templates 20 voice dial numbers,,,,No,,No,,,,No,,,No,,,,No,No,,,,,No,,,,,,,,,,,3,,,,No
Samsung,Samsung A110,https://www.gsmarena.com/samsung_a110-207.php,https://fdn2.gsmarena.com/vv/bigpic/ssa110.gif,GSM,No,2000,Discontinued,80 x 42 x 22.9 mm (3.15 x 1.65 x 0.90 in),87.0,,,Mini-SIM,Monochrome graphic,,,,,,,,,,,,,,,,Message templates,,,,No,,No,,,,No,,,No,,,,No,No,,,,,No,,,,,,,,,,,3,,,,No
Samsung,Samsung A100,https://www.gsmarena.com/samsung_a100-55.php,https://fdn2.gsmarena.com/vv/bigpic/ssa100b.gif,GSM,No,2000,Discontinued,80 x 42 x 22.9 mm (3.15 x 1.65 x 0.90 in),87.0,,,Mini-SIM,Monochrome graphic,,,,,,,,,,,,,,,,5 message templates 20 voice dial numbers 140 sec voice memo,,,,No,,No,,,,No,,,No,,,,No,No,,,,,No,,,,,,,,,,,3,,,,No
Samsung,Samsung SGH-2400,https://www.gsmarena.com/samsung_sgh_2400-54.php,https://fdn2.gsmarena.com/vv/bigpic/ss2400b.gif,GSM,No,1999,Discontinued,108 x 45 x 18.8 mm (4.25 x 1.77 x 0.74 in),90.0,,,Mini-SIM,Monochrome graphic,,,,,,,,,,,,,,,,5 message templates 20 voice dial numbers 140 sec voice memo,,,,No,,No,,,,No,,,No,,,,No,No,,,,,No,,,,,,,,,,,3,,,,No
Samsung,Samsung SGH-2200,https://www.gsmarena.com/samsung_sgh_2200-53.php,https://fdn2.gsmarena.com/vv/bigpic/ss2200b.gif,GSM,No,1999,Discontinued,98 x 44 x 22 mm (3.86 x 1.73 x 0.87 in),111.0,,,Mini-SIM,Monochrome graphic,,,,,,,,,,,,,,,,5 message templates 20 voice dial numbers 140 sec voice memo,,,,No,,No,,,,No,,,No,,,,No,No,,,,,No,,,,,,,,,,,3,,,,No
Samsung,Samsung SGH-2100,https://www.gsmarena.com/samsung_sgh_2100-52.php,https://fdn2.gsmarena.com/vv/bigpic/ss2110b.gif,GSM,No,1999,Discontinued,116 x 45 x 24 mm (4.57 x 1.77 x 0.94 in),111.0,,,Mini-SIM,Monochrome graphic,,,,,,,,,,,,,,,,5 message templates 20 voice dial numbers 140 sec voice memo,,,,No,,No,,,,No,,,No,,,,No,No,,,,,No,,,,,,,,,,,3,,,,No
Samsung,Samsung SGH-810,https://www.gsmarena.com/samsung_sgh_810-51.php,https://fdn2.gsmarena.com/vv/bigpic/ss810b.gif,GSM,No,2000,Discontinued,88 x 50 x 23.5 mm (3.46 x 1.97 x 0.93 in),104.0,,,Mini-SIM,Monochrome graphic,,,,,,,,,,,,,,,,5 message templates 20 voice dial numbers 140 sec voice memo,,,,No,,No,,,,No,,,No,,,,No,No,,,,,No,,,,,,,,,,,3,,,,No
Samsung,Samsung SGH-800,https://www.gsmarena.com/samsung_sgh_800-50.php,https://fdn2.gsmarena.com/vv/bigpic/ss800b.gif,GSM,No,2000,Discontinued,88 x 50 x 23.5 mm (3.46 x 1.97 x 0.93 in),104.0,,,Mini-SIM,Monochrome graphic,,,,,,,,,,,,,,,,5 message templates 20 voice dial numbers 140 sec voice memo,,,,No,,No,,,,No,,,No,,,,No,No,,,,,No,,,,,,,,,,,3,,,,No
Samsung,Samsung SGH-600,https://www.gsmarena.com/samsung_sgh_600-49.php,https://fdn2.gsmarena.com/vv/bigpic/ss600b.gif,GSM,No,1999,Discontinued,108 x 44 x 21 mm (4.25 x 1.73 x 0.83 in),95.0,,,Mini-SIM,Monochrome graphic,,,,,,,,,,,,,,,,5 message templates 20 voice dial numbers 140 sec voice memo,,,,No,,No,,,,No,,,No,,,,No,No,,,,,No,,,,,,,,,,,2,,,,No
Samsung,Samsung SGH-500,https://www.gsmarena.com/samsung_sgh_500-48.php,https://fdn2.gsmarena.com/vv/bigpic/ss500b.gif,GSM,No,1998,Discontinued,112 x 48 x 19 mm (4.41 x 1.89 x 0.75 in),115.0,,,Mini-SIM,Monochrome graphic,,,,,,,,,,,,,,,,5 message templates 20 voice dial numbers,,,,No,,No,,,,No,,,No,,,,No,No,,,,,No,,,,,,,,,,,3,,,,No
Samsung,Samsung SGH-250,https://www.gsmarena.com/samsung_sgh_250-47.php,https://fdn2.gsmarena.com/vv/bigpic/ss250b.gif,GSM,No,1996,Discontinued,124 x 48 x 25 mm (4.88 x 1.89 x 0.98 in),179.0,,,Mini-SIM,Alphanumeric,,,,,,,,,,,,,,,,,,,,No,,No,,,,No,,,No,,,,No,No,,,,,No,,,,,,,,,,,3,,,,No
Samsung,Samsung Galaxy A04 Core,https://www.gsmarena.com/samsung_galaxy_a04_core-11616.php,https://fdn2.gsmarena.com/vv/bigpic/samsung-galaxy-a04-core.jpg,GSM / HSPA / LTE,No,Not announced yet,Cancelled,-,,Plastic,,· Nano-SIM · Nano-SIM + Nano-SIM,PLS LCD,,6.5,720x1600,270,81.8,,Android 12,Exynos 850 (8 nm),8,Octa-core (4x2.0 GHz Cortex-A55 & 4x2.0 GHz Cortex-A55),Mali-G52,3,3,32,32,eMMC 5.1,8.0,1,2.0,No,,No,LED flash,1080p@30fps,5.0,No,,,"Wi-Fi 802.11 b/g/n, Wi-Fi Direct",No,5.0,Type-C,Yes,"GPS, GLONASS","Accelerometer, proximity",5000,,,No,,,,,,,,,,,"Black, Green, Rose Gold",,,,Unspecified
Samsung,Samsung Galaxy S21,https://www.gsmarena.com/samsung_galaxy_s21-10693.php,https://fdn2.gsmarena.com/vv/bigpic/smartphone.jpg,GSM / CDMA / HSPA / EVDO / LTE,No,Not announced yet,Cancelled,151.7 x 71.2 x 7.9 mm (5.97 x 2.80 x 0.31 in),169.0,Glass,IP68,· Nano-SIM · Nano-SIM + Nano-SIM,"Dynamic AMOLED 2X, 120Hz, HDR10+, 1300 nits (peak)",120,6.2,1080x2400,421,87.2,Gorilla Glass Victus,"Android 11, up to 4 major Android upgrades, One UI 6.1",Exynos 2100 (5 nm) - International Qualcomm SM8350 Snapdragon 888 5G (5 nm),5,Octa-core (1x2.9 GHz Cortex-X1 & 3x2.80 GHz Cortex-A78 & 4x2.2 GHz Cortex-A55) - International Octa-core (1x2.84 GHz Cortex-X1 & 3x2.42 GHz Cortex-A78 & 4x1.80 GHz Cortex-A55,Mali-G78 MP14 - International Adreno 660,8,8,128,256,UFS 3.X,12.0,3,1.8,Yes,1/1.76,Yes,"LED flash, auto-HDR, panorama","8K@24fps, 4K@30/60fps, 1080p@30/60/120/240fps, HDR10+, stereo sound rec., gyro-EIS",10.0,Yes,HDR,"4K@30/60fps, 1080p@30fps","Wi-Fi 802.11 a/b/g/n/ac/6, dual-band, Wi-Fi Direct",Yes,5.0,Type-C,No,"GPS, GLONASS, BDS, GALILEO","Fingerprint (under display, ultrasonic), accelerometer, gyro, proximity, compass, barometer",4000,25,15,Yes,,,,,,,,,,,"Phantom Gray, Phantom White, Phantom Violet, Phantom Pink","SM-G990F, SM-G990F/DS",,,FM radio (Snapdragon model only; market/operator dependent)
Samsung,Samsung Galaxy A72 5G,https://www.gsmarena.com/samsung_galaxy_a72_5g-10647.php,https://fdn2.gsmarena.com/vv/bigpic/smartphone.jpg,GSM / HSPA / LTE / 5G,Yes,Not announced yet,Cancelled,165 x 77.4 x 8.4 mm (6.50 x 3.05 x 0.33 in),203.0,,,· Nano-SIM · Nano-SIM + Nano-SIM,"Super AMOLED, 120Hz, 800 nits (HBM)",120,6.7,1080x2400,393,84.9,Unspecified,"Android 12, One UI 4.1",Qualcomm SM7225 Snapdragon 750G 5G (8 nm),8,Octa-core (2x2.2 GHz Kryo 570 & 6x1.8 GHz Kryo 570),Adreno 619,6,8,128,256,,64.0,4,1.8,Yes,1/1.7,Yes,"LED flash, panorama, HDR","4K@30fps, 1080p@30/120fps; gyro-EIS",32.0,Yes,HDR,"4K@30fps, 1080p@30fps","Wi-Fi 802.11 a/b/g/n/ac, dual-band, Wi-Fi Direct",Yes,5.0,Type-C,Yes,"GPS, GLONASS, GALILEO, BDS","Fingerprint (under display, optical), accelerometer, gyro, proximity, compass",5000,25,,No,,,,,,,,,,,"Awesome Black, Awesome White, Awesome Violet, Awesome Blue","SM-A726B, SM-A726B/DS",,,Unspecified
Samsung,Samsung Galaxy A91,https://www.gsmarena.com/samsung_galaxy_a91-9912.php,https://fdn2.gsmarena.com/vv/bigpic/samsung-galaxy-a91-r.jpg,GSM / HSPA / LTE,No,Not announced yet,Cancelled,-,,,,· Nano-SIM · Nano-SIM + Nano-SIM,Super AMOLED,,6.7,1080x2400,393,,,"Android 10, One UI",Qualcomm SM8150 Snapdragon 855 (7 nm),7,Octa-core (1x2.84 GHz Kryo 485 & 3x2.42 GHz Kryo 485 & 4x1.78 GHz Kryo 485),Adreno 640,8,8,128,128,,48.0,3,2.0,Yes,1/2.0,Yes,"LED flash, panorama, HDR","4K@30fps, 1080p@30/60fps (gyro-EIS), 720p@960fps",32.0,No,HDR,1080p@30fps,"Wi-Fi 802.11 a/b/g/n/ac, dual-band, Wi-Fi Direct",No,5.0,Type-C,No,"GPS, GLONASS, GALILEO, BDS","Fingerprint (under display, optical), accelerometer, gyro, proximity, compass",4500,45,,No,,,,,,,,,,,"White, Black",SM-A915F,,,
Samsung,Samsung Galaxy On5 (2016),https://www.gsmarena.com/samsung_galaxy_on5_(2016)-8266.php,https://fdn2.gsmarena.com/vv/bigpic/samsung-galaxy-on5-2016-g5700-r.jpg,GSM / HSPA / LTE,No,Not announced yet,Cancelled,142.8 x 69.6 x 8.1 mm (5.62 x 2.74 x 0.32 in),142.0,,,"Hybrid Dual SIM (Micro-SIM, dual stand-by)",PLS LCD,,5.0,720x1280,294,69.3,,Android 6.0.1 (Marshmallow),,,Octa-core,,3,3,32,32,,13.0,1,,No,,No,LED flash,1080p@30fps,8.0,No,,,"Wi-Fi 802.11 b/g/n, Wi-Fi Direct",No,4.1,Micro-USB,Yes,"GPS, GLONASS/ BDS (region dependent)","Accelerometer, proximity",2600,,,No,,,,,,,,,,,Gold,"SM-G5700, SM-G5510, SM-G5520, SM-G5528",,,FM radio
Samsung,Samsung Galaxy J5 Prime (2017),https://www.gsmarena.com/samsung_galaxy_j5_prime_(2017)-8958.php,https://fdn2.gsmarena.com/vv/bigpic/samsung-galaxy-j5-prime.jpg,GSM / HSPA / LTE,No,Not announced yet,Cancelled,142.7 x 69.6 x 8.1 mm (5.62 x 2.74 x 0.32 in),,Glass,,Nano-SIM + Nano-SIM,IPS LCD,,5.0,720x1280,294,69.4,Corning Gorilla Glass (market dependent),Android 7.1.1 (Nougat),Exynos 7570 Quad (14 nm),14,Quad-core 1.4 GHz Cortex-A53,Mali-T720 MP2,3,3,16,32,eMMC 5.0,13.0,1,1.9,No,,No,"LED flash, panorama, HDR",1080p@30fps,8.0,No,,,"Wi-Fi 802.11 b/g/n, Wi-Fi Direct",No,4.2,Micro-USB,Yes,"GPS, GLONASS, BDS","Fingerprint (front-mounted), accelerometer, proximity",2500,,,No,,,,,,,,,,,"Black, Gold",SM-G571F,,,FM radio; recording
Samsung,Samsung Galaxy S7 mini,https://www.gsmarena.com/samsung_galaxy_s7_mini-7979.php,https://fdn2.gsmarena.com/vv/bigpic/smartphone.jpg,GSM / HSPA / LTE,No,Not announced yet,Cancelled,9.9 mm thickness,,,IP68,· Nano-SIM · Nano-SIM + Nano-SIM,Super AMOLED,,4.6,1080x1920,479,,,"Android 6.0 (Marshmallow), TouchWiz UI",Qualcomm MSM8996 Snapdragon 820 (14 nm) Exynos 8890 Octa (14 nm),14,Quad-core (2x2.15 GHz Kryo & 2x1.6 GHz Kryo) Octa-core (4x2.3 GHz Mongoose & 4x1.6 GHz Cortex-A53),Adreno 530 Mali-T880 MP12,3,3,32,64,UFS 2.0,12.0,1,1.7,Yes,1/2.55,Yes,"LED flash, auto-HDR, panorama","4K@30fps, 1080p@60fps, 720p@240fps, HDR",5.0,No,HDR,1080p@30fps,"Wi-Fi 802.11 a/b/g/n/ac, dual-band, Wi-Fi Direct",Yes,4.2,Micro-USB,Yes,"GPS, GLONASS, BDS","Fingerprint (front-mounted), accelerometer, gyro, proximity, compass",,15,,No,,,,,,,,,,,"Black, White, Gold, Silver",,,,No
Samsung,Samsung Galaxy S6 Plus,https://www.gsmarena.com/samsung_galaxy_s6_plus-7270.php,https://fdn2.gsmarena.com/vv/bigpic/smartphone.jpg,GSM / HSPA / LTE,No,"Exp. announcement 2015, Q3",Cancelled,-,,,,Nano-SIM,Super AMOLED,,5.5,1080x1920,401,,To be confirmed,"Android 5.0.2 (Lollipop), TouchWiz UI",Exynos 7420 Octa (14 nm),14,Octa-core (4x2.1 GHz Cortex-A57 & 4x1.5 GHz Cortex-A53),Mali-T760MP8,4,4,32,32,UFS 2.0,16.0,1,1.9,Yes,1/2.6,Yes,"LED flash, auto-HDR, panorama","4K@30fps, 1080p@30/60fps, 720p@120fps, HDR, stereo sound rec., OIS, gyro-EIS",5.0,No,HDR,1440p@30fps,"Wi-Fi 802.11 a/b/g/n/ac, dual-band, Wi-Fi Direct, hotspot",Yes,4.1,Micro-USB,Yes,"GPS, GLONASS, BDS","Fingerprint (front-mounted), accelerometer, gyro, proximity, compass, barometer",3000,15,,No,,,,,,,,,,,"White Pearl, Black Sapphire",,,,No
Samsung,Samsung Galaxy Grand 3,https://www.gsmarena.com/samsung_galaxy_grand_3-6778.php,https://fdn2.gsmarena.com/vv/bigpic/smartphone.jpg,GSM / HSPA / LTE,No,Not announced yet,Cancelled,146 x 74.8 x 8 mm (5.75 x 2.94 x 0.31 in),140.0,,,"Single SIM (Micro-SIM) or Dual SIM (Micro-SIM, dual stand-by)",IPS LCD,,5.25,720x1280,280,69.6,,Android 4.4.4 (KitKat),Qualcomm MSM8916 Snapdragon 410 (28 nm),28,Quad-core 1.2 GHz Cortex-A53,Adreno 306,5,5,5,16,eMMC 4.5,13.0,1,,No,,No,"LED flash, HDR, panorama",1080p@30fps,5.0,No,,1080p@30fps,"Wi-Fi 802.11 a/b/g/n, dual-band, Wi-Fi Direct, hotspot",No,4.0,Micro-USB,Yes,"GPS, GLONASS","Accelerometer, proximity",,,,No,,,,,,,,,,,"Black, White","SM-G7200, SM-G7202, SM-G7205",,,FM radio
Samsung,Samsung Galaxy F,https://www.gsmarena.com/samsung_galaxy_f-6485.php,https://fdn2.gsmarena.com/vv/bigpic/samsung-galaxy-f.jpg,GSM / HSPA / LTE,No,,Cancelled,-,,,IP67,Micro-SIM,Super AMOLED,,5.1,1440x2560,576,69.6,Gorilla Glass 3,"Android 4.4.4 (KitKat), TouchWiz UI",Qualcomm APQ8084 Snapdragon 805 (28 nm),28,Quad-core 2.5 GHz Krait 450,Adreno 420,3,3,16,32,eMMC 5.0,16.0,1,,No,1/2.6,Yes,"LED flash, HDR","4K@30fps, 1080p@60fps, 720p@120fps, HDR",2.0,No,,1080p@30fps,"Wi-Fi 802.11 a/b/g/n/ac, dual-band, Wi-Fi Direct, hotspot",Yes,4.0,Micro-USB,Yes,"GPS, GLONASS, BDS","Fingerprint (front-mounted), accelerometer, gyro, proximity, compass, barometer, gesture, heart rate",,,,No,,,,,,,,,,,"Silver, White",,,,No
Samsung,Samsung Galaxy Tab 3 Plus 10.1 P8220,https://www.gsmarena.com/samsung_galaxy_tab_3_plus_10_1_p8220-5351.php,https://fdn2.gsmarena.com/vv/bigpic/smartphone.jpg,GSM / HSPA / LTE,No,Not officially announced yet,Cancelled,-,,,,Yes,IPS LCD,,10.1,2560x1600,299,58.7,Corning Gorilla Glass 2,Android 4.2 (Jelly Bean),,,Quad-core,,2,2,16,64,,,1,,No,,No,,1080p@30fps,,No,,,"Wi-Fi 802.11 a/b/g/n, dual-band, Wi-Fi Direct, hotspot",Yes,4.0,Micro-USB,Yes,"GPS, GLONASS","Accelerometer, gyro, compass",,,,No,,,,,,,,,,,Silver,GT-P8220,,,No
Samsung,Samsung Galaxy C10,https://www.gsmarena.com/samsung_galaxy_c10-8718.php,https://fdn2.gsmarena.com/vv/bigpic/smartphone.jpg,GSM / HSPA / LTE,No,Not announced yet,Cancelled,-,,,,Nano-SIM + Nano-SIM,Super AMOLED,,6.0,1080x1920,367,,To be confirmed,Android 7.1.1 (Nougat),Qualcomm SDM660 Snapdragon 660 (14 nm),14,Octa-core (4x2.2 GHz Kryo 260 Gold & 4x1.8 GHz Kryo 260 Silver),Adreno 512,6,6,64,128,eMMC 5.1,13.0,1,1.7,No,,Yes,"Dual-LED dual-tone flash, panorama, HDR",4K@30fps,16.0,No,,1080p@30fps,"Wi-Fi 802.11 a/b/g/n/ac, dual-band, Wi-Fi Direct",Yes,4.2,Type-C,Yes,"GPS, GLONASS","Fingerprint (front-mounted), accelerometer, proximity, compass",4000,18,,No,,,,,,,,,,,"Gold, Pink Gold, Black, Blue",,,,Stereo FM radio with RDS
