Brand,Model_Name,Model_URL,Model_Image,Network_Technology,5G_Support,Announced,Status,Dimensions,Weight_g,Back_Material,IP_Rating,SIM_Type,Display_Type,Refresh_Rate_Hz,Display_Size_inch,Resolution,PPI_Density,Screen_to_Body_Pct,Display_Protection,OS,Chipset,Process_Node_nm,CPU,GPU,RAM_GB,RAM_Max_GB,Storage_GB,Storage_Max_GB,Storage_Type,Main_Camera_MP,Lens_Count,Main_Aperture,OIS,Sensor_Size,Camera_4K_Video,Camera_Features,Camera_Video,Selfie_Camera_MP,Selfie_4K_Video,Selfie_Camera_Features,Selfie_Camera_Video,WiFi,NFC,Bluetooth_Version,USB_Type,Headphone_Jack,GPS,Sensors,Battery_mAh,Wired_Charging_W,Wireless_Charging_W,Reverse_Wireless_Charging,Battery_ActiveUse,Price_USD,Price_EUR,Price_GBP,Price_INR,AnTuTu_Score,GeekBench_Score,ThreeDMark_Score,Display_nits_tested,Loudspeaker_LUFS,Colors,Model_Numbers,SAR_US,SAR_EU,FM_Radio
Asus,Asus Zenfone 12 Ultra,https://www.gsmarena.com/asus_zenfone_12_ultra-13653.php,https://fdn2.gsmarena.com/vv/bigpic/asus-zenfone-12-ultra.jpg,GSM / HSPA / LTE / 5G,Yes,"2025, February 06","Available. Released 2025, February 28",163.8 x 77 x 8.9 mm (6.45 x 3.03 x 0.35 in),220.0,Glass,IP68,Nano-SIM + Nano-SIM + eSIM (max 2 at a time),"LTPO AMOLED, 144Hz, HDR10, 1600 nits (HBM), 2500 nits (peak)",144,6.78,1080x2400,388,88.0,Gorilla Glass Victus,"Android 15, upgradable to Android 16, up to 2 major Android upgrades",Qualcomm SM8750-AB Snapdragon 8 Elite (3 nm),3,Octa-core (2x4.32 GHz Oryon V2 Phoenix L + 6x3.53 GHz Oryon V2 Phoenix M),Adreno 830,12,16,256,512,UFS 4.0,50.0,3,1.9,Yes,1/1.56,Yes,"LED flash, HDR, panorama","8K@24fps, 4K@30/60fps, 1080p@30/60/120/240fps, 720p@480fps; gyro-EIS, HDR10+",32.0,No,"Panorama, HDR",1080p@30fps,"Wi-Fi 802.11 a/b/g/n/ac/6e/7, tri-band, Wi-Fi Direct",Yes,5.4,Type-C,Yes,"GPS (L1+L5), BDS (B1I+B1c+B2a), GALILEO (E1+E5a), QZSS (L1+L5), NavIC, GLONASS","Fingerprint (under display, optical), accelerometer, gyro, proximity, compass",5500,65,15,No,Active use score 15:50h,,,2129.0,,2702580,9695,5678,1965,-27.7,"Ebony Black, Sakura White, Sage Green","AI2501, AI2501H, I2501C, AI2501B",,,No
Asus,Asus ROG Phone 9 Pro,https://www.gsmarena.com/asus_rog_phone_9_pro-13469.php,https://fdn2.gsmarena.com/vv/bigpic/asus-rog-phone-9-pro.jpg,GSM / HSPA / LTE / 5G,Yes,"2024, November 19","Available. Released 2024, November 20",163.8 x 76.8 x 8.9 mm (6.45 x 3.02 x 0.35 in),227.0,Glass,IP68,· Nano-SIM + eSIM · Nano-SIM + Nano-SIM,"LTPO AMOLED, 1B colors, 185Hz, 670Hz PWM, HDR10, 1600 nits (HBM), 2500 nits (peak)",185,6.78,1080x2400,388,88.2,Gorilla Glass Victus,"Android 15, up to 2 major Android upgrades",Qualcomm SM8750-AB Snapdragon 8 Elite (3 nm),3,Octa-core (2x4.32 GHz Oryon V2 Phoenix L + 6x3.53 GHz Oryon V2 Phoenix M),Adreno 830,16,24,512,512,UFS 4.0 NTFS support for external storage,50.0,3,1.9,Yes,1/1.56,Yes,"LED flash, HDR, panorama","8K@30fps, 4K@30/60/120fps, 1080p@30/60/120/240fps, 720p@480fps; gyro-EIS, HDR10+",32.0,No,"Panorama, HDR",1080p@30fps,"Wi-Fi 802.11 a/b/g/n/ac/6e/7, tri-band, Wi-Fi Direct",Yes,5.4,Type-C,Yes,"GPS (L1+L5), BDS (B1I+B1c+B2a), GALILEO (E1+E5a), QZSS (L1+L5), NavIC (L5), GLONASS","Fingerprint (under display, optical), accelerometer, gyro, proximity, compass",5800,65,15,No,Active use score 16:41h,,800.0,,,3042971,10179,6718,1958,-26.7,Phantom Black,"AI2501-16G512G-BK, AI2501-24G1T-BK",,,No
Asus,Asus ROG Phone 9 FE,https://www.gsmarena.com/asus_rog_phone_9_fe-13641.php,https://fdn2.gsmarena.com/vv/bigpic/asus-rog-phone-9-fe.jpg,GSM / HSPA / LTE / 5G,Yes,"2025, February 04","Available. Released 2025, February 04",163.8 x 76.8 x 8.9 mm (6.45 x 3.02 x 0.35 in),225.0,Glass,IP68,Nano-SIM + Nano-SIM,"LTPO AMOLED, 1B colors, 185Hz, HDR10, 1600 nits (HBM), 2500 nits (peak)",185,6.78,1080x2400,388,88.2,Gorilla Glass Victus,"Android 15, up to 2 major Android upgrades",Qualcomm SM8650-AB Snapdragon 8 Gen 3 (4 nm),4,Octa-core (1x3.3 GHz Cortex-X4 & 3x3.2 GHz Cortex-A720 & 2x3.0 GHz Cortex-A720 & 2x2.3 GHz Cortex-A520),Adreno 750,16,16,256,256,UFS 4.0 NTFS support for external storage,50.0,3,1.9,Yes,1/1.56,Yes,"LED flash, HDR, panorama","8K@30fps, 4K@30/60/120fps, 1080p@30/60/120/240fps, 720p@480fps; gyro-EIS, HDR10+",32.0,No,"Panorama, HDR",1080p@30fps,"Wi-Fi 802.11 a/b/g/n/ac/6e/7, tri-band, Wi-Fi Direct",Yes,5.4,Type-C,Yes,"GPS (L1+L5), BDS (B1I+B1c+B2a), GALILEO (E1+E5a), QZSS (L1+L5), NavIC, GLONASS","Fingerprint (under display, optical), accelerometer, gyro, proximity, compass",5500,65,15,No,,,860.0,,,,,,,,Phantom Black,AI2401,,,No
Asus,Asus ROG Phone 9,https://www.gsmarena.com/asus_rog_phone_9-13503.php,https://fdn2.gsmarena.com/vv/bigpic/asus-rog-phone-9.jpg,GSM / HSPA / LTE / 5G,Yes,"2024, November 19","Available. Released 2024, November 20",163.8 x 76.8 x 8.9 mm (6.45 x 3.02 x 0.35 in),227.0,Glass,IP68,· Nano-SIM + eSIM · Nano-SIM + Nano-SIM,"LTPO AMOLED, 1B colors, 185Hz, HDR10, 1600 nits (HBM), 2500 nits (peak)",185,6.78,1080x2400,388,88.2,Gorilla Glass Victus,"Android 15, upgradable to Android 16, up to 2 major Android upgrades",Qualcomm SM8750-AB Snapdragon 8 Elite (3 nm),3,Octa-core (2x4.32 GHz Oryon V2 Phoenix L + 6x3.53 GHz Oryon V2 Phoenix M),Adreno 830,12,16,256,512,UFS 4.0 NTFS support for external storage,50.0,3,1.9,Yes,1/1.56,Yes,"LED flash, HDR, panorama","8K@30fps, 4K@30/60/120fps, 1080p@30/60/120/240fps, 720p@480fps; gyro-EIS, HDR10+",32.0,No,"Panorama, HDR",1080p@30fps,"Wi-Fi 802.11 a/b/g/n/ac/6e/7, tri-band, Wi-Fi Direct",Yes,5.4,Type-C,Yes,"GPS (L1+L5), BDS (B1I+B1c+B2a), GALILEO (E1+E5a), QZSS (L1+L5), NavIC (L5), GLONASS","Fingerprint (under display, optical), accelerometer, gyro, proximity, compass",5800,65,15,No,Active use score 16:41h,,2020.0,,,3007932,10083,6718,1958,-26.7,"Phantom Black, Storm White","AI2501-12G256G-BK, AI2501-12G256G-WH, AI2501-16G512G-WH, AI2501-16G512G-BK",,,No
Asus,Asus Zenfone 11 Ultra,https://www.gsmarena.com/asus_zenfone_11_ultra-12820.php,https://fdn2.gsmarena.com/vv/bigpic/asus-zenfone-11-ultra.jpg,GSM / HSPA / LTE / 5G,Yes,"2024, March 14","Available. Released 2024, April 14",163.8 x 76.8 x 8.9 mm (6.45 x 3.02 x 0.35 in),224.0,Glass,IP68,Nano-SIM + Nano-SIM,"LTPO AMOLED, 144Hz, HDR10, 1600 nits (HBM), 2500 nits (peak)",144,6.78,1080x2400,388,88.2,Gorilla Glass Victus,"Android 14, up to 2 major Android upgrades",Qualcomm SM8650-AB Snapdragon 8 Gen 3 (4 nm),4,Octa-core (1x3.3 GHz Cortex-X4 & 3x3.2 GHz Cortex-A720 & 2x3.0 GHz Cortex-A720 & 2x2.3 GHz Cortex-A520),Adreno 750,12,16,256,512,UFS 4.0,50.0,3,1.9,Yes,1/1.56,Yes,"LED flash, HDR, panorama","8K@24fps, 4K@30/60fps, 1080p@30/60/120/240fps, 720p@480fps; gyro-EIS, HDR10+",32.0,No,"Panorama, HDR",1080p@30fps,"Wi-Fi 802.11 a/b/g/n/ac/6e/7, tri-band, Wi-Fi Direct",Yes,5.4,Type-C,Yes,"GPS (L1+L5), BDS (B1I+B1c+B2a), GALILEO (E1+E5a), QZSS (L1+L5), NavIC, GLONASS","Fingerprint (under display, optical), accelerometer, gyro, proximity, compass",5500,65,15,No,Active use score 16:28h,,,1749.0,,1640547,5699,5246,1773,-26.6,"Eternal Black, Skyline Blue, Misty Gray, Desert Sand","AI2401, ASUS_AI2401_H",,,No
Asus,Asus ROG Phone 8 Pro,https://www.gsmarena.com/asus_rog_phone_8_pro-12746.php,https://fdn2.gsmarena.com/vv/bigpic/asus-rog-phone-8-pro.jpg,GSM / CDMA / HSPA / LTE / 5G,Yes,"2024, January 08","Available. Released 2024, January 18",163.8 x 76.8 x 8.9 mm (6.45 x 3.02 x 0.35 in),225.0,Glass,IP68,Nano-SIM + Nano-SIM,"LTPO AMOLED, 1B colors, 165Hz, HDR10, 1600 nits (HBM), 2500 nits (peak)",165,6.78,1080x2400,388,88.2,Gorilla Glass Victus,"Android 14, up to 2 major Android upgrades",Qualcomm SM8650-AB Snapdragon 8 Gen 3 (4 nm),4,Octa-core (1x3.3 GHz Cortex-X4 & 3x3.2 GHz Cortex-A720 & 2x3.0 GHz Cortex-A720 & 2x2.3 GHz Cortex-A520),Adreno 750,16,24,512,512,UFS 4.0 NTFS support for external storage,50.0,3,1.9,Yes,1/1.56,Yes,"LED flash, HDR, panorama","8K@24fps, 4K@30/60fps, 1080p@30/60/120/240fps, 720p@480fps; gyro-EIS, HDR10+",32.0,No,"Panorama, HDR",1080p@30fps,"Wi-Fi 802.11 a/b/g/n/ac/6e/7, tri-band, Wi-Fi Direct",Yes,5.4,Type-C,Yes,"GPS (L1+L5), BDS (B1I+B1c+B2a), GALILEO (E1+E5a), QZSS (L1+L5), NavIC (L5), GLONASS","Fingerprint (under display, optical), accelerometer, gyro, proximity, compass",5500,65,15,No,Active use score 14:43h,,752.55,,,1639368,6542,,1765,-26.3,Phantom Black,"AI2401, AI2401_A, AI2401_D",,,No
Asus,Asus ROG Phone 8,https://www.gsmarena.com/asus_rog_phone_8-12780.php,https://fdn2.gsmarena.com/vv/bigpic/asus-rog-phone-8.jpg,GSM / CDMA / HSPA / LTE / 5G,Yes,"2024, January 08","Available. Released 2024, January 18",163.8 x 76.8 x 8.9 mm (6.45 x 3.02 x 0.35 in),225.0,Glass,IP68,Nano-SIM + Nano-SIM,"LTPO AMOLED, 1B colors, 165Hz, HDR10, 1600 nits (HBM), 2500 nits (peak)",165,6.78,1080x2400,388,88.2,Gorilla Glass Victus,"Android 14, up to 2 major Android upgrades",Qualcomm SM8650-AB Snapdragon 8 Gen 3 (4 nm),4,Octa-core (1x3.3 GHz Cortex-X4 & 3x3.2 GHz Cortex-A720 & 2x3.0 GHz Cortex-A720 & 2x2.3 GHz Cortex-A520),Adreno 750,12,16,256,256,UFS 4.0 NTFS support for external storage,50.0,3,1.9,Yes,1/1.56,Yes,"LED flash, HDR, panorama","8K@24fps, 4K@30/60fps, 1080p@30/60/120/240fps, 720p@480fps; gyro-EIS, HDR10+",32.0,No,"Panorama, HDR",1080p@30fps,"Wi-Fi 802.11 a/b/g/n/ac/6e/7, tri-band, Wi-Fi Direct",Yes,5.4,Type-C,Yes,"GPS (L1+L5), BDS (B1I+B1c+B2a), GALILEO (E1+E5a), QZSS (L1+L5), NavIC (L5), GLONASS","Fingerprint (under display, optical), accelerometer, gyro, proximity, compass",5500,65,15,No,,,1500.0,,,,,,,,"Phantom Black, Rebel Grey","AI2401, AI2401_A",,,No
Asus,Asus Zenfone 10,https://www.gsmarena.com/asus_zenfone_10-12380.php,https://fdn2.gsmarena.com/vv/bigpic/asus-zenfone10.jpg,GSM / HSPA / LTE / 5G,Yes,"2023, June 29","Available. Released 2023, July 10",146.5 x 68.1 x 9.4 mm (5.77 x 2.68 x 0.37 in),172.0,Glass,IP68,Nano-SIM + Nano-SIM,"Super AMOLED, 144Hz, HDR10+, 800 nits (HBM), 1100 nits (peak)",144,5.92,1080x2400,445,84.8,Gorilla Glass Victus,"Android 13, up to 2 major Android upgrades",Qualcomm SM8550-AB Snapdragon 8 Gen 2 (4 nm),4,Octa-core (1x3.2 GHz Cortex-X3 & 2x2.8 GHz Cortex-A715 & 2x2.8 GHz Cortex-A710 & 3x2.0 GHz Cortex-A510),Adreno 740,8,16,128,512,UFS 4.0,50.0,2,1.9,Yes,1/1.56,Yes,"LED flash, HDR, panorama","8K@24fps, 4K@30/60fps, 1080p@30/60fps; gyro-EIS, HDR",32.0,No,,1080p@30fps,"Wi-Fi 802.11 a/b/g/n/ac/6e/7, tri-band, Wi-Fi Direct",Yes,5.3,Type-C,Yes,"GPS (L1+L5), GLONASS (L1), BDS (B1I+B2a), GALILEO (E1+E5a), QZSS (L1+L5), NavIC (L5)","Fingerprint (side-mounted), accelerometer, gyro, proximity, compass",4300,30,15,No,Active use score 13:05h,,2140.0,,,1314458,5149,,807,-27.1,"Starry Blue, Midnight Black, Aurora Green, Eclipse Red, Comet White",AI2302,,,No
Asus,Asus ROG Phone 7 Ultimate,https://www.gsmarena.com/asus_rog_phone_7_ultimate-12224.php,https://fdn2.gsmarena.com/vv/bigpic/asus-rog-phone-7-ultimate.jpg,GSM / CDMA / HSPA / LTE / 5G,Yes,"2023, April 13","Available. Released 2023, May",173 x 77 x 10.3 mm (6.81 x 3.03 x 0.41 in),239.0,Glass,IP54,Nano-SIM + Nano-SIM,"AMOLED, 1B colors, 165Hz, HDR10+, 1000 nits (HBM), 1500 nits (peak)",165,6.78,1080x2448,395,82.2,Gorilla Glass Victus,"Android 13, up to 2 major Android upgrades",Qualcomm SM8550-AB Snapdragon 8 Gen 2 (4 nm),4,Octa-core (1x3.2 GHz Cortex-X3 & 2x2.8 GHz Cortex-A715 & 2x2.8 GHz Cortex-A710 & 3x2.0 GHz Cortex-A510),Adreno 740,16,16,512,512,UFS 4.0 NTFS support for external storage,50.0,3,1.9,No,1/1.56,Yes,"LED flash, HDR, panorama","8K@24fps, 4K@30/60fps, 1080p@30/60/120/240fps, 720p@480fps; gyro-EIS, HDR10+",32.0,No,"Panorama, HDR",1080p@30fps,"Wi-Fi 802.11 a/b/g/n/ac/6e/7, tri-band, Wi-Fi Direct",Yes,5.3,Type-C,Yes,"GPS (L1+L5), GLONASS (L1), BDS (B1I+B1c+B2a), GALILEO (E1+E5a), QZSS (L1+L5), NavIC (L5)","Fingerprint (under display, optical), accelerometer, gyro, proximity, compass",6000,65,,No,,,780.0,,,1325105,5139,,1095,-25.5,Storm White,,,,No
Asus,Asus ROG Phone 7,https://www.gsmarena.com/asus_rog_phone_7-12223.php,https://fdn2.gsmarena.com/vv/bigpic/asus-rog-phone-7.jpg,GSM / CDMA / HSPA / LTE / 5G,Yes,"2023, April 13","Available. Released 2023, May",173 x 77 x 10.3 mm (6.81 x 3.03 x 0.41 in),239.0,Glass,IP54,Nano-SIM + Nano-SIM,"AMOLED, 1B colors, 165Hz, HDR10+, 1000 nits (HBM), 1500 nits (peak)",165,6.78,1080x2448,395,82.2,Gorilla Glass Victus,"Android 13, up to 2 major Android upgrades",Qualcomm SM8550-AB Snapdragon 8 Gen 2 (4 nm),4,Octa-core (1x3.2 GHz Cortex-X3 & 2x2.8 GHz Cortex-A715 & 2x2.8 GHz Cortex-A710 & 3x2.0 GHz Cortex-A510),Adreno 740,12,16,256,512,UFS 4.0 NTFS support for external storage,50.0,3,1.9,No,1/1.56,Yes,"LED flash, HDR, panorama","8K@24fps, 4K@30/60fps, 1080p@30/60/120/240fps, 720p@480fps; gyro-EIS, HDR10+",32.0,No,"Panorama, HDR",1080p@30fps,"Wi-Fi 802.11 a/b/g/n/ac/6e/7, tri-band, Wi-Fi Direct",Yes,5.3,Type-C,Yes,"GPS (L1+L5), GLONASS (L1), BDS (B1I+B2a+B2c), GALILEO (E1+E5a), QZSS (L1+L5), NavIC (L5)","Fingerprint (under display, optical), accelerometer, gyro, proximity, compass",6000,65,,No,Active use score 14:51h,,740.0,,,1333597,5098,,1051,-26.0,"Phantom Black, Storm White",AI2205_C,,,No
Asus,Asus ROG Phone 6D Ultimate,https://www.gsmarena.com/asus_rog_phone_6d_ultimate-11880.php,https://fdn2.gsmarena.com/vv/bigpic/asus-rog-phone-6d-ultimate.jpg,GSM / CDMA / HSPA / LTE / 5G,Yes,"2022, September 19","Available. Released 2022, October 07",173 x 77 x 10.4 mm (6.81 x 3.03 x 0.41 in),247.0,Glass,,Nano-SIM + Nano-SIM,"AMOLED, 1B colors, 165Hz, HDR10+, 800 nits (typ), 1200 nits (peak)",165,6.78,1080x2448,395,82.2,Gorilla Glass Victus,Android 12,Mediatek Dimensity 9000+ (4 nm),4,Octa-core (1x3.35 GHz Cortex-X2 & 3x2.85 GHz Cortex-A710 & 4x1.80 GHz Cortex-A510),Mali-G710 MC10,16,16,512,512,UFS 3.1 NTFS support for external storage,50.0,3,1.9,No,1/1.56,Yes,"LED flash, HDR, panorama","8K@24fps, 4K@30/60fps, 1080p@30/60/120/240fps, 720p@480fps; gyro-EIS, HDR10+",12.0,No,"Panorama, HDR",1080p@30fps,"Wi-Fi 802.11 a/b/g/n/ac/6e, tri-band, Wi-Fi Direct",Yes,5.3,Type-C,Yes,"GPS (L1+L5), GLONASS (L1), BDS (B1I+B1c+B2a), GALILEO (E1+E5a), QZSS (L1), NavIC (L5)","Fingerprint (under display, optical), accelerometer, gyro, proximity, compass",6000,65,,No,,,1100.0,,,1107464,4575,,,-24.1,Space Gray,"AI2203, AI2203-3E010EU",,,No
Asus,Asus ROG Phone 6D,https://www.gsmarena.com/asus_rog_phone_6d-11881.php,https://fdn2.gsmarena.com/vv/bigpic/asus-rog-phone-6d.jpg,GSM / CDMA / HSPA / LTE / 5G,Yes,"2022, September 19","Available. Released 2022, October 11",173 x 77 x 10.4 mm (6.81 x 3.03 x 0.41 in),239.0,Glass,,Nano-SIM + Nano-SIM,"AMOLED, 1B colors, 165Hz, HDR10+, 800 nits (typ), 1200 nits (peak)",165,6.78,1080x2448,395,82.2,Gorilla Glass Victus,Android 12,Mediatek Dimensity 9000+ (4 nm),4,Octa-core (1x3.35 GHz Cortex-X2 & 3x2.85 GHz Cortex-A710 & 4x1.80 GHz Cortex-A510),Mali-G710 MC10,12,16,256,256,UFS 3.1 NTFS support for external storage,50.0,3,1.9,No,1/1.56,Yes,"LED flash, HDR, panorama","8K@24fps, 4K@30/60fps, 1080p@30/60/120/240fps, 720p@480fps; gyro-EIS, HDR10+",12.0,No,"Panorama, HDR",1080p@30fps,"Wi-Fi 802.11 a/b/g/n/ac/6e, tri-band, Wi-Fi Direct",Yes,5.3,Type-C,Yes,"GPS (L1+L5), GLONASS (L1), BDS (B1I+B1c+B2a), GALILEO (E1+E5a), QZSS (L1), NavIC (L5)","Fingerprint (under display, optical), accelerometer, gyro, proximity, compass",6000,65,,No,,,690.0,,,,,,,,Space Gray,"AI2203, AI2203_D",,,No
Asus,Asus ROG Phone 6 Diablo Immortal Edition,https://www.gsmarena.com/asus_rog_phone_6_diablo_immortal_edition-11986.php,https://fdn2.gsmarena.com/vv/bigpic/asus-rog-phone-6-diablo-immortal-edition.jpg,GSM / CDMA / HSPA / LTE / 5G,Yes,"2022, November 17","Available. Released 2022, November 18",173 x 77 x 10.4 mm (6.81 x 3.03 x 0.41 in),239.0,Glass,,Nano-SIM + Nano-SIM,"AMOLED, 1B colors, 165Hz, HDR10+, 800 nits (typ), 1200 nits (peak)",165,6.78,1080x2448,395,82.2,Gorilla Glass Victus,Android 12,Qualcomm SM8475 Snapdragon 8+ Gen 1 (4 nm),4,Octa-core (1x3.19 GHz Cortex-X2 & 3x2.75 GHz Cortex-A710 & 4x1.80 GHz Cortex-A510),Adreno 730,16,16,512,512,UFS 3.1 NTFS support for external storage,50.0,3,1.9,No,1/1.56,Yes,"LED flash, HDR, panorama","8K@24fps, 4K@30/60fps, 4K@120fps, 1080p@30/60/120/240fps, 720p@480fps; gyro-EIS, HDR10+",12.0,No,"Panorama, HDR",1080p@30fps,"Wi-Fi 802.11 a/b/g/n/ac/6e, tri-band, Wi-Fi Direct",Yes,5.2,Type-C,Yes,"GPS (L1+L5), GLONASS (L1), BDS (B1I+B1c+B2a), GALILEO (E1+E5a), QZSS (L1+L5), NavIC (L5)","Fingerprint (under display, optical), accelerometer, gyro, proximity, compass",6000,65,,No,,,860.0,,,,,,,,Hellfire Red,,,,No
Asus,Asus ROG Phone 6 Batman Edition,https://www.gsmarena.com/asus_rog_phone_6_batman_edition-11882.php,https://fdn2.gsmarena.com/vv/bigpic/asus-rog-phone-6-batman.jpg,GSM / CDMA / HSPA / LTE / 5G,Yes,"2022, September 19","Available. Released 2022, October 10",173 x 77 x 10.4 mm (6.81 x 3.03 x 0.41 in),239.0,Glass,,Nano-SIM + Nano-SIM,"AMOLED, 1B colors, 165Hz, HDR10+, 800 nits (typ), 1200 nits (peak)",165,6.78,1080x2448,395,82.2,Gorilla Glass Victus,Android 12,Qualcomm SM8475 Snapdragon 8+ Gen 1 (4 nm) - USA Mediatek Dimensity 9000+ (4 nm) - International,4,Octa-core (1x3.19 GHz Cortex-X2 & 3x2.75 GHz Cortex-A710 & 4x1.80 GHz Cortex-A510) Octa-core (1x3.35 GHz Cortex-X2 & 3x2.85 GHz Cortex-A710 & 4x1.80 GHz Cortex-A510),Adreno 730 Mali-G710 MC10,12,12,256,256,UFS 3.1 NTFS support for external storage,50.0,3,1.9,No,1/1.56,Yes,"LED flash, HDR, panorama","8K@24fps, 4K@30/60fps, 4K@120fps (Snapdragon model), 1080p@30/60/120/240fps, 720p@480fps; gyro-EIS, HDR10+",12.0,No,"Panorama, HDR",1080p@30fps,"Wi-Fi 802.11 a/b/g/n/ac/6e, tri-band, Wi-Fi Direct",Yes,5.2,Type-C,Yes,"GPS (L1+L5), GLONASS (L1), BDS (B1I+B1c+B2a), GALILEO (E1+E5a), QZSS (L1+L5), NavIC (L5)","Fingerprint (under display, optical), accelerometer, gyro, proximity, compass",6000,65,,No,,,1500.0,,,,,,,,Night Black,AI2203_C,,,No
Asus,Asus Zenfone 9,https://www.gsmarena.com/asus_zenfone_9-11656.php,https://fdn2.gsmarena.com/vv/bigpic/asus-zenfone-9-new.jpg,GSM / HSPA / LTE / 5G,Yes,"2022, July 28","Available. Released 2022, September 15",146.5 x 68.1 x 9.1 mm (5.77 x 2.68 x 0.36 in),169.0,Glass,IP68,Nano-SIM + Nano-SIM,"Super AMOLED, 120Hz, HDR10+, 1100 nits (peak)",120,5.9,1080x2400,445,84.6,Gorilla Glass Victus,"Android 12, upgradable to Android 14",Qualcomm SM8475 Snapdragon 8+ Gen 1 (4 nm),4,Octa-core (1x3.19 GHz Cortex-X2 & 3x2.75 GHz Cortex-A710 & 4x1.80 GHz Cortex-A510),Adreno 730,6,16,128,256,UFS 3.1,50.0,2,1.9,Yes,1/1.56,Yes,"LED flash, HDR, panorama","8K@24fps, 4K@30/60/120fps, 1080p@30/60/240fps; gyro-EIS, HDR",12.0,Yes,,"4K@30fps, 1080p@30/60fps","Wi-Fi 802.11 a/b/g/n/ac/6e, dual-band, Wi-Fi Direct",Yes,5.2,Type-C,Yes,"GPS (L1+L5), GLONASS (L1), BDS (B1I+B1c+B2a), GALILEO (E1+E5a), QZSS (L1+L5), NavIC (L5)","Fingerprint (side-mounted), accelerometer, gyro, proximity, compass",4300,30,,No,,,457.61,1319.0,,1083092,4338,,831,-26.7,"Starry Blue, Moonlight White, Sunset Red, Midnight Black","AI2202-1A006EU, AI2202, AI2202_B",,,No
Asus,Asus ROG Phone 6 Pro,https://www.gsmarena.com/asus_rog_phone_6_pro-11648.php,https://fdn2.gsmarena.com/vv/bigpic/asus-rog-phone6-pro.jpg,GSM / CDMA / HSPA / LTE / 5G,Yes,"2022, July 05","Available. Released 2022, July 13",173 x 77 x 10.3 mm (6.81 x 3.03 x 0.41 in),239.0,Glass,,Nano-SIM + Nano-SIM,"AMOLED, 1B colors, 165Hz, HDR10+, 800 nits (typ), 1200 nits (peak)",165,6.78,1080x2448,395,82.2,Gorilla Glass Victus,"Android 12, upgradable to Android 13",Qualcomm SM8475 Snapdragon 8+ Gen 1 (4 nm),4,Octa-core (1x3.19 GHz Cortex-X2 & 3x2.75 GHz Cortex-A710 & 4x1.80 GHz Cortex-A510),Adreno 730,18,18,512,512,UFS 3.1 NTFS support for external storage,50.0,3,1.9,No,1/1.56,Yes,"LED flash, HDR, panorama","8K@24fps, 4K@30/60/120fps, 1080p@30/60/120/240fps, 720p@480fps; gyro-EIS",12.0,No,"Panorama, HDR",1080p@30fps,"Wi-Fi 802.11 a/b/g/n/ac/6e, tri-band, Wi-Fi Direct",Yes,5.2,Type-C,Yes,"GPS (L1+L5), GLONASS (L1), BDS (B1I+B1c+B2a), GALILEO (E1+E5a), QZSS (L1+L5), NavIC (L5)","Fingerprint (under display, optical), accelerometer, gyro, proximity, compass",6000,65,,No,,,800.0,,,973756,3980,,829,-24.1,Storm White,AI2201_D,,,No
Asus,Asus ROG Phone 6,https://www.gsmarena.com/asus_rog_phone_6-11647.php,https://fdn2.gsmarena.com/vv/bigpic/asus-rog-phone6.jpg,GSM / CDMA / HSPA / LTE / 5G,Yes,"2022, July 05","Available. Released 2022, July 13",173 x 77 x 10.3 mm (6.81 x 3.03 x 0.41 in),239.0,Glass,,Nano-SIM + Nano-SIM,"AMOLED, 1B colors, 165Hz, HDR10+, 800 nits (typ), 1200 nits (peak)",165,6.78,1080x2448,395,82.2,Gorilla Glass Victus,"Android 12, upgradable to Android 13",Qualcomm SM8475 Snapdragon 8+ Gen 1 (4 nm),4,Octa-core (1x3.19 GHz Cortex-X2 & 3x2.75 GHz Cortex-A710 & 4x1.80 GHz Cortex-A510),Adreno 730,8,16,128,512,UFS 3.1 NTFS support for external storage,50.0,3,1.9,No,1/1.56,Yes,"LED flash, HDR, panorama","8K@24fps, 4K@30/60/120fps, 1080p@30/60/120/240fps, 720p@480fps; gyro-EIS",12.0,No,"Panorama, HDR",1080p@30fps,"Wi-Fi 802.11 a/b/g/n/ac/6e, tri-band, Wi-Fi Direct",Yes,5.2,Type-C,Yes,"GPS (L1+L5), GLONASS (L1), BDS (B1I+B1c+B2a), GALILEO (E1+E5a), QZSS (L1+L5), NavIC (L5)","Fingerprint (under display, optical), accelerometer, gyro, proximity, compass",6000,65,,No,,,760.0,,,,,,,,"Phantom Black, Storm White","AI2201_C, AI2201_F, AI2201-1A030EU, AI2201_A, AI2201-1A029EU",,,No
Asus,Asus ROG Phone 5s Pro,https://www.gsmarena.com/asus_rog_phone_5s_pro-11053.php,https://fdn2.gsmarena.com/vv/bigpic/asus-rog-phone-5s-pro.jpg,GSM / HSPA / LTE / 5G,Yes,"2021, August 16","Available. Released 2021, August 24",172.8 x 77.3 x 9.9 mm (6.80 x 3.04 x 0.39 in),238.0,Glass,,Nano-SIM + Nano-SIM,"AMOLED, 1B colors, 144Hz, HDR10+, 800 nits (typ), 1200 nits (peak)",144,6.78,1080x2448,395,82.0,Gorilla Glass Victus,"Android 11, upgradable to Android 13, ROG UI",Qualcomm SM8350 Snapdragon 888+ 5G (5 nm),5,Octa-core (1x2.99 GHz Cortex-X1 & 3x2.42 GHz Cortex-A78 & 4x1.80 GHz Cortex-A55),Adreno 660,18,18,512,512,UFS 3.1,64.0,3,1.8,No,1/1.73,Yes,"LED flash, HDR, panorama","8K@30fps, 4K@30/60/120fps, 1080p@30/60/120/240fps, 720p@480fps; gyro-EIS",24.0,No,"Panorama, HDR",1080p@30fps,"Wi-Fi 802.11 a/b/g/n/ac/6e, dual-band, Wi-Fi Direct",Yes,5.2,Type-C,Yes,"GPS (L1+L5), GLONASS (L1), BDS (B1I+B1c+B2a), GALILEO (E1+E5a), QZSS (L1+L5), NavIC (L5)","Fingerprint (under display, optical), accelerometer, gyro, proximity, compass",6000,65,,No,,,2000.0,,,743021,14278,,840,-24.0,Matte White,ZS676KS,,,No
Asus,Asus ROG Phone 5s,https://www.gsmarena.com/asus_rog_phone_5s-11054.php,https://fdn2.gsmarena.com/vv/bigpic/asus-rog-phone-5s-new.jpg,GSM / HSPA / LTE / 5G,Yes,"2021, August 16","Available. Released 2021, August 26",172.8 x 77.3 x 9.9 mm (6.80 x 3.04 x 0.39 in),238.0,Glass,,Nano-SIM + Nano-SIM,"AMOLED, 1B colors, 144Hz, HDR10+, 800 nits (typ), 1200 nits (peak)",144,6.78,1080x2448,395,82.0,Gorilla Glass Victus,"Android 11, upgradable to Android 13, ROG UI",Qualcomm SM8350 Snapdragon 888+ 5G (5 nm),5,Octa-core (1x2.99 GHz Cortex-X1 & 3x2.42 GHz Cortex-A78 & 4x1.80 GHz Cortex-A55),Adreno 660,8,18,128,512,UFS 3.1,64.0,3,1.8,No,1/1.73,Yes,"LED flash, HDR, panorama","8K@30fps, 4K@30/60/120fps, 1080p@30/60/120/240fps, 720p@480fps; gyro-EIS",24.0,No,"Panorama, HDR",1080p@30fps,"Wi-Fi 802.11 a/b/g/n/ac/6e, dual-band, Wi-Fi Direct",Yes,5.2,Type-C,Yes,"GPS (L1+L5), GLONASS (L1), BDS (B1I+B1c+B2a), GALILEO (E1+E5a), QZSS (L1+L5), NavIC (L5)","Fingerprint (under display, optical), accelerometer, gyro, proximity, compass",6000,65,,No,,,1030.0,,,,,,,,"Phantom Black, Storm White",ZS676KS,,,No
Asus,Asus Smartphone for Snapdragon Insiders,https://www.gsmarena.com/asus_smartphone_for_snapdragon_insiders-11006.php,https://fdn2.gsmarena.com/vv/bigpic/asus-smartphone-for-snapdragon-insiders.jpg,GSM / HSPA / LTE / 5G,Yes,"2021, July 08","Available. Released 2021, August 31",173.2 x 77.3 x 9.6 mm (6.82 x 3.04 x 0.38 in),210.0,,,Nano-SIM + Nano-SIM,"Super AMOLED, 144Hz, HDR10+, 800 nits (HBM), 1200 nits (peak)",144,6.78,1080x2400,395,81.8,Gorilla Glass Victus,Android 11,Qualcomm SM8350 Snapdragon 888 5G (5 nm),5,Octa-core (1x2.84 GHz Cortex-X1 & 3x2.42 GHz Cortex-A78 & 4x1.80 GHz Cortex-A55),Adreno 660,16,16,512,512,UFS 3.1,64.0,3,1.8,Yes,1/1.73,Yes,"Dual-LED flash, HDR, panorama","8K@30fps, 4K@30/60fps, 1080p@30/60fps, gyro-EIS, HDR",24.0,No,HDR,1080p@30fps,"Wi-Fi 802.11 a/b/g/n/ac/6e, dual-band, Wi-Fi Direct",Yes,5.2,Type-C,No,"GPS (L1+L5), GLONASS (L1), BDS (B1I+B1c+B2a), GALILEO (E1+E5a), QZSS (L1+L5), NavIC (L5)","Fingerprint (rear-mounted, ultrasonic), accelerometer, gyro, proximity, compass",4000,65,,No,,,1270.0,,,,,,,,Midnight blue,I007D,,,No
Asus,Asus Zenfone 8 Flip,https://www.gsmarena.com/asus_zenfone_8_flip-10892.php,https://fdn2.gsmarena.com/vv/bigpic/asus-zenfone-8-flip.jpg,GSM / HSPA / LTE / 5G,Yes,"2021, May 12","Available. Released 2021, May 13",165 x 77.3 x 9.6 mm (6.50 x 3.04 x 0.38 in),230.0,Glass,,Nano-SIM + Nano-SIM,"Super AMOLED, 90Hz, HDR10+, 700 nits (HBM), 1000 nits (peak)",90,6.67,1080x2400,395,84.2,Gorilla Glass 6,"Android 11, upgradable to Android 13",Qualcomm SM8350 Snapdragon 888 5G (5 nm),5,Octa-core (1x2.84 GHz Cortex-X1 & 3x2.42 GHz Cortex-A78 & 4x1.80 GHz Cortex-A55),Adreno 660,8,8,128,256,UFS 3.1,64.0,3,1.8,No,1/1.73,Yes,"Dual-LED flash, HDR, auto panorama (motorized rotation)","8K@30fps, 4K@30/60/120fps, 1080p@30/60/240fps, 720p@480fps; gyro-EIS, HDR",,Yes,"Dual-LED flash, HDR, auto panorama (motorized rotation)","8K@30fps, 4K@30/60/120fps, 1080p@30/60/240fps, 720p@480fps; gyro-EIS, HDR","Wi-Fi 802.11 a/b/g/n/ac/6e, dual-band, Wi-Fi Direct",Yes,5.2,Type-C,No,"GPS (L1+L5), GLONASS (L1), BDS (B1I+B1c+B2a), GALILEO (E1+E5a), QZSS (L1+L5), NavIC (L5)","Fingerprint (under display, optical), accelerometer, gyro, proximity, compass",5000,30,,No,,,380.0,,,675851,3673,,735,-26.8,"Galactic Black, Glacier Silver","ZS672KS, I004D",,,No
Asus,Asus Zenfone 8,https://www.gsmarena.com/asus_zenfone_8-10893.php,https://fdn2.gsmarena.com/vv/bigpic/asus-zenfone-8.jpg,GSM / HSPA / LTE / 5G,Yes,"2021, May 12","Available. Released 2021, May 13",148 x 68.5 x 8.9 mm (5.83 x 2.70 x 0.35 in),169.0,Glass,IP68,Nano-SIM + Nano-SIM,"Super AMOLED, 120Hz, HDR10+, 700 nits (HBM), 1100 nits (peak)",120,5.9,1080x2400,446,82.9,Gorilla Glass Victus,"Android 11, upgradable to Android 13",Qualcomm SM8350 Snapdragon 888 5G (5 nm),5,Octa-core (1x2.84 GHz Cortex-X1 & 3x2.42 GHz Cortex-A78 & 4x1.80 GHz Cortex-A55),Adreno 660,6,16,128,256,UFS 3.1,64.0,2,1.8,Yes,1/1.73,Yes,"LED flash, HDR, panorama","8K@24fps, 4K@30/60/120fps, 1080p@30/60/240fps, 720p@480fps; gyro-EIS, HDR",12.0,Yes,,"4K@30fps, 1080p@30/60fps","Wi-Fi 802.11 a/b/g/n/ac/6e, dual-band, Wi-Fi Direct",Yes,5.2,Type-C,Yes,"GPS (L1+L5), GLONASS (L1), BDS (B1I+B1c+B2a), GALILEO (E1+E5a), QZSS (L1+L5), NavIC (L5)","Fingerprint (under display, optical), accelerometer, gyro, proximity, compass",4000,30,,No,,,290.0,,,676001,3604,,800,-27.9,"Obsidian Black, Horizon Silver","ZS590KS, ZS590KS-2A007EU, I006D",,,FM radio (market/region dependent)
Asus,Asus ROG Phone 5 Ultimate,https://www.gsmarena.com/asus_rog_phone_5_ultimate-10785.php,https://fdn2.gsmarena.com/vv/bigpic/asus-rog-phone-5-ultimate.jpg,GSM / HSPA / LTE / 5G,Yes,"2021, March 10","Available. Released 2021, June 07",172.8 x 77.3 x 10.3 mm (6.80 x 3.04 x 0.41 in),238.0,Glass,,Nano-SIM + Nano-SIM,"AMOLED, 1B colors, 144Hz, HDR10+, 800 nits (typ), 1200 nits (peak)",144,6.78,1080x2448,395,82.0,Gorilla Glass Victus,"Android 11, upgradable to Android 13, ROG UI",Qualcomm SM8350 Snapdragon 888 5G (5 nm),5,Octa-core (1x2.84 GHz Cortex-X1 & 3x2.42 GHz Cortex-A78 & 4x1.80 GHz Cortex-A55),Adreno 660,18,18,512,512,UFS 3.1,64.0,3,1.8,No,1/1.73,Yes,"LED flash, HDR, panorama","8K@30fps, 4K@30/60/120fps, 1080p@30/60/120/240fps, 720p@480fps; gyro-EIS",24.0,No,"Panorama, HDR",1080p@30fps,"Wi-Fi 802.11 a/b/g/n/ac/6e, dual-band, Wi-Fi Direct",Yes,5.2,Type-C,Yes,"GPS (L1+L5), GLONASS (L1), BDS (B1I+B1c+B2a), GALILEO (E1+E5a), QZSS (L1+L5), NavIC (L5)","Fingerprint (under display, optical), accelerometer, gyro, proximity, compass",6000,65,,No,,,1300.0,,,,,,,,Matte White,"ZS673KS, ZS673KS-1B063IN, I005DC",,,No
Asus,Asus ROG Phone 5 Pro,https://www.gsmarena.com/asus_rog_phone_5_pro-10784.php,https://fdn2.gsmarena.com/vv/bigpic/asus-rog-phone-5-pro.jpg,GSM / HSPA / LTE / 5G,Yes,"2021, March 10","Available. Released 2021, July 02",172.8 x 77.3 x 10.3 mm (6.80 x 3.04 x 0.41 in),238.0,Glass,,Nano-SIM + Nano-SIM,"AMOLED, 1B colors, 144Hz, HDR10+, 800 nits (typ), 1200 nits (peak)",144,6.78,1080x2448,395,82.0,Gorilla Glass Victus,"Android 11, upgradable to Android 13, ROG UI",Qualcomm SM8350 Snapdragon 888 5G (5 nm),5,Octa-core (1x2.84 GHz Cortex-X1 & 3x2.42 GHz Cortex-A78 & 4x1.80 GHz Cortex-A55),Adreno 660,16,16,512,512,UFS 3.1,64.0,3,1.8,No,1/1.73,Yes,"LED flash, HDR, panorama","8K@30fps, 4K@30/60/120fps, 1080p@30/60/120/240fps, 720p@480fps; gyro-EIS",24.0,No,"Panorama, HDR",1080p@30fps,"Wi-Fi 802.11 a/b/g/n/ac/6e, dual-band, Wi-Fi Direct",Yes,5.2,Type-C,Yes,"GPS (L1+L5), GLONASS (L1), BDS (B1I+B1c+B2a), GALILEO (E1+E5a), QZSS (L1+L5), NavIC (L5)","Fingerprint (under display, optical), accelerometer, gyro, proximity, compass",6000,65,,No,,,680.0,,,,,,,,Glossy Black,"ZS673KS, ZS673KS-1A079IN",,,No
Asus,Asus ROG Phone 5,https://www.gsmarena.com/asus_rog_phone_5-10715.php,https://fdn2.gsmarena.com/vv/bigpic/asus-rog-phone-5.jpg,GSM / HSPA / LTE / 5G,Yes,"2021, March 10","Available. Released 2021, April 26",172.8 x 77.3 x 10.3 mm (6.80 x 3.04 x 0.41 in),238.0,Glass,,Nano-SIM + Nano-SIM,"AMOLED, 1B colors, 144Hz, HDR10+, 800 nits (typ), 1200 nits (peak)",144,6.78,1080x2448,395,82.0,Gorilla Glass Victus,"Android 11, upgradable to Android 13, ROG UI",Qualcomm SM8350 Snapdragon 888 5G (5 nm),5,Octa-core (1x2.84 GHz Cortex-X1 & 3x2.42 GHz Cortex-A78 & 4x1.80 GHz Cortex-A55),Adreno 660,8,16,128,256,UFS 3.1,64.0,3,1.8,No,1/1.73,Yes,"LED flash, HDR, panorama","8K@30fps, 4K@30/60/120fps, 1080p@30/60/120/240fps, 720p@480fps; gyro-EIS",24.0,No,"Panorama, HDR",1080p@30fps,"Wi-Fi 802.11 a/b/g/n/ac/6e, dual-band, Wi-Fi Direct",Yes,5.2,Type-C,Yes,"GPS (L1+L5), GLONASS (L1), BDS (B1I+B1c+B2a), GALILEO (E1+E5a), QZSS (L1+L5), NavIC (L5)","Fingerprint (under display, optical), accelerometer, gyro, proximity, compass",6000,65,,No,,,370.0,,,718864,14536,,806,-24.0,"Phantom Black, Storm White","ZS673KS, ZS673KS-1B048IN, ASUS_I005DB, ASUS_I005DA, I005DA, I005DB",,,No
Asus,Asus Zenfone 7 Pro,https://www.gsmarena.com/asus_zenfone_7_pro-10393.php,https://fdn2.gsmarena.com/vv/bigpic/asus-zenfone7-pro-zs670ks-zs671ks-b.jpg,GSM / HSPA / LTE / 5G,Yes,"2020, August 26. Released 2020, September 01",Discontinued,165.1 x 77.3 x 9.6 mm (6.5 x 3.04 x 0.38 in),230.0,Glass,,Nano-SIM + Nano-SIM,"Super AMOLED , 90Hz, HDR10+, 700 nits (HBM)",90,6.67,1080x2400,395,84.2,Gorilla Glass 6,"Android 10, upgradable to Android 12, ZenUI",Qualcomm SM8250 Snapdragon 865 5G+ (7 nm+),,Octa-core (1x3.10 GHz Cortex-A77 & 3x2.42 GHz Cortex-A77 & 4x1.80 GHz Cortex-A55),Adreno 650,8,8,256,256,UFS 3.1,64.0,3,1.8,Yes,1/1.72,Yes,"Dual-LED flash, HDR, auto panorama (motorized rotation)","8K@30fps, 4K@30/60/120fps, 1080p@30/60/240fps, 720p@480fps; gyro-EIS, HDR",,Yes,"Dual-LED flash, HDR, auto panorama (motorized rotation)","8K@30fps, 4K@30/60/120fps, 1080p@30/60/240fps, 720p@480fps; gyro-EIS, HDR","Wi-Fi 802.11 a/b/g/n/ac/6, dual-band, Wi-Fi Direct",Yes,5.0,Type-C,No,"GPS (L1+L5), GLONASS (L1), BDS (B1+B2a), GALILEO (E1+E5a), QZSS (L1+L5), NavIC (L5)","Fingerprint (side-mounted), accelerometer, gyro, proximity, compass",5000,30,,No,,,670.0,,,602934,3302,,741,-26.6,"Aurora Black, Pastel White","ZS671KS, ASUS_I002DD",,,No
Asus,Asus Zenfone 7,https://www.gsmarena.com/asus_zenfone_7-10379.php,https://fdn2.gsmarena.com/vv/bigpic/asus-zenfone7-pro-zs670ks-zs671ks.jpg,GSM / HSPA / LTE / 5G,Yes,"2020, August 26. Released 2020, September 01",Discontinued,165.1 x 77.3 x 9.6 mm (6.5 x 3.04 x 0.38 in),230.0,Glass,,Nano-SIM + Nano-SIM,"Super AMOLED, 90Hz, HDR10+, 700 nits (HBM)",90,6.67,1080x2400,395,84.2,Gorilla Glass 6,"Android 10, upgradable to Android 12, ZenUI",Qualcomm SM8250 Snapdragon 865 5G (7 nm+),,Octa-core (1x2.84 GHz Cortex-A77 & 3x2.42 GHz Cortex-A77 & 4x1.80 GHz Cortex-A55),Adreno 650,6,8,128,128,UFS 3.1,64.0,3,1.8,No,1/1.72,Yes,"Dual-LED flash, HDR, auto panorama (motorized rotation)","8K@30fps, 4K@30/60/120fps, 1080p@30/60/240fps, 720p@480fps; gyro-EIS, HDR",,Yes,"Dual-LED flash, HDR, auto panorama (motorized rotation)","8K@30fps, 4K@30/60/120fps, 1080p@30/60/240fps, 720p@480fps; gyro-EIS, HDR","Wi-Fi 802.11 a/b/g/n/ac/6, dual-band, Wi-Fi Direct",Yes,5.0,Type-C,No,"GPS (L1+L5), GLONASS (L1), BDS (B1+B2a), GALILEO (E1+E5a), QZSS (L1+L5), NavIC (L5)","Fingerprint (side-mounted), accelerometer, gyro, proximity, compass",5000,30,,No,,,910.0,,,,,,,,"Aurora Black, Pastel White","ZS670KS, ASUS_I002D, I002D",,,No
Asus,Asus ROG Phone 3,https://www.gsmarena.com/asus_rog_phone_3-10296.php,https://fdn2.gsmarena.com/vv/bigpic/asus-rog-phone-3-zs661ks.jpg,GSM / CDMA / HSPA / LTE / 5G,Yes,"2020, July 22. Released 2020, July 23",Discontinued,171 x 78 x 9.9 mm (6.73 x 3.07 x 0.39 in),240.0,Glass,,Nano-SIM + Nano-SIM,"AMOLED, 1B colors, 144Hz, HDR10+, 650 nits (typ)",144,6.59,1080x2340,391,79.9,Gorilla Glass 6,"Android 10, upgradable to Android 12, ROG UI",Qualcomm SM8250 Snapdragon 865 5G+ (7 nm+),,Octa-core (1x3.10 GHz Cortex-A77 & 3x2.42 GHz Cortex-A77 & 4x1.80 GHz Cortex-A55),Adreno 650,8,16,128,512,UFS 3.1,64.0,3,1.8,No,1/1.73,Yes,"LED flash, HDR, panorama","8K@30fps, 4K@30/60/120fps, 1080p@30/60/240fps, 720p@480fps; gyro-EIS",24.0,No,"Panorama, HDR",1080p@30fps,"Wi-Fi 802.11 a/b/g/n/ac/6, dual-band, Wi-Fi Direct",Yes,5.1,Type-C,No,"GPS (L1+L5), GLONASS, BDS, GALILEO, QZSS","Fingerprint (under display, optical), accelerometer, gyro, proximity, compass",6000,30,,No,,,650.0,,,621932,13306,,719,-23.1,Black Glare,"ASUS_I003D, ZS661KS, I003DD, I003D",0.74 W/kg (head) 1.50 W/kg (body),,No
Asus,Asus ROG Phone 3 Strix,https://www.gsmarena.com/asus_rog_phone_3_strix-10328.php,https://fdn2.gsmarena.com/vv/bigpic/asus-rog-phone3-strix.jpg,GSM / CDMA / HSPA / LTE / 5G,Yes,"2020, July 22. Released 2020, July 23",Discontinued,171 x 78 x 9.9 mm (6.73 x 3.07 x 0.39 in),240.0,Glass,,Nano-SIM + Nano-SIM,"AMOLED, 1B colors, 144Hz, HDR10+, 650 nits (typ)",144,6.59,1080x2340,391,79.9,Gorilla Glass 6,"Android 10, ROG UI",Qualcomm SM8250 Snapdragon 865 5G (7 nm+),,Octa-core (1x2.84 GHz Cortex-A77 & 3x2.42 GHz Cortex-A77 & 4x1.80 GHz Cortex-A55),Adreno 650,8,12,128,256,UFS 3.1,64.0,3,1.8,No,1/1.73,Yes,"LED flash, HDR, panorama","8K@30fps, 4K@30/60/120fps, 1080p@30/60/240fps, 720p@480fps; gyro-EIS",24.0,No,"Panorama, HDR",1080p@30fps,"Wi-Fi 802.11 a/b/g/n/ac/6, dual-band, Wi-Fi Direct",Yes,5.1,Type-C,No,"GPS (L1+L5), GLONASS, BDS, GALILEO, QZSS","Fingerprint (under display, optical), accelerometer, gyro, proximity, compass",6000,30,,No,,,1400.0,,,,,,,,Black Glare,ASUS_I003DD,,,No
Asus,Asus ROG Phone II ZS660KL,https://www.gsmarena.com/asus_rog_phone_ii_zs660kl-9770.php,https://fdn2.gsmarena.com/vv/bigpic/asus-rog-phone2.jpg,GSM / HSPA / LTE,No,"2019, July 22. Released 2019, September",Discontinued,171 x 77.6 x 9.5 mm (6.73 x 3.06 x 0.37 in),240.0,Glass,,Nano-SIM + Nano-SIM,"AMOLED, 1B colors, 120Hz, HDR10",120,6.59,1080x2340,391,80.3,Gorilla Glass 6,"Android 9.0 (Pie), ROG UI",Qualcomm SM8150 Snapdragon 855+ (7 nm),7,Octa-core (1x2.96 GHz Kryo 485 & 3x2.42 GHz Kryo 485 & 4x1.78 GHz Kryo 485),Adreno 640 (700 MHz),8,12,128,512,UFS 3.0,48.0,2,1.8,No,1/2.0,Yes,"Laser AF, LED flash, HDR, panorama","4K@30/60fps, 1080p@30/60/240fps, 720p@480fps; gyro-EIS (except @240/480fps)",24.0,No,"Panorama, HDR",1080p@30fps,"Wi-Fi 802.11 a/b/g/n/ac/ad, dual-band, Wi-Fi Direct",Yes,5.0,Type-C,Yes,"GPS (L1+L5), GLONASS, BDS, GALILEO, QZSS","Fingerprint (under display, optical), accelerometer, gyro, proximity, compass",6000,30,,No,,,1070.0,,,398935,10923,,626,-19.5,"Matte Black, Glossy Black","ASUS_I001D, I001DA, I001DE, I001DC, I001DB, I001D, I001DD",,,FM radio
Asus,Asus Zenfone 6 ZS630KL,https://www.gsmarena.com/asus_zenfone_6_zs630kl-9698.php,https://fdn2.gsmarena.com/vv/bigpic/asus-zenfone-6-zs630kl.jpg,GSM / HSPA / LTE,No,"2019, May 16. Released 2019, May",Discontinued,159.1 x 75.4 x 9.2 mm (6.26 x 2.97 x 0.36 in),190.0,Glass,,Nano-SIM + Nano-SIM,"IPS LCD, HDR10",,6.4,1080x2340,403,83.8,Gorilla Glass 6,"Android 9.0 (Pie), upgradable to Android 11, ZenUI",Qualcomm SM8150 Snapdragon 855 (7 nm),7,Octa-core (1x2.84 GHz Kryo 485 & 3x2.42 GHz Kryo 485 & 4x1.78 GHz Kryo 485),Adreno 640,6,12,64,512,UFS 2.1,48.0,2,1.8,No,1/2.0,Yes,"Laser AF, Dual-LED flash, HDR, auto panorama (motorized rotation)","4K@30/60fps, 1080p@30/60/240fps, 720p@480fps; gyro-EIS (except @240/480fps)",,Yes,"Dual-LED flash, HDR, auto panorama (motorized rotation)","4K@30/60fps, 1080p@30/60/240fps, 720p@480fps; gyro-EIS (except @240/480fps)","Wi-Fi 802.11 a/b/g/n/ac, dual-band, Wi-Fi Direct",Yes,5.0,Type-C,Yes,"GPS (L1+L5), GLONASS (G1), BDS (B1), GALILEO (E1+E5a), QZSS (L1+L5)","Fingerprint (rear-mounted), accelerometer, gyro, proximity, compass",5000,18,,No,,,500.0,,,361679,10721,,455,-25.7,"Midnight Black, Twilight Silver","ASUS_I01WD, ZS630KL, I01WD",,,FM radio
Asus,Asus ZenFone Live (L2),https://www.gsmarena.com/asus_zenfone_live_(l2)-9667.php,https://fdn2.gsmarena.com/vv/bigpic/asus-zenfone-live-l2.jpg,GSM / HSPA / LTE,No,"2019, April. Released 2019, May",Discontinued,147.3 x 71.8 x 8.2 mm (5.80 x 2.83 x 0.32 in),140.0,,,Nano-SIM + Nano-SIM,IPS LCD,,5.5,720x1440,293,73.8,,"Android 8.0 Oreo (Go edition), ZenUI 5",Qualcomm MSM8917 Snapdragon 425 (28 nm) Qualcomm MSM8937 Snapdragon 430 (28 nm),28,Quad-core 1.4 GHz Cortex-A53 Octa-core 1.4 GHz Cortex-A53,Adreno 308 Adreno 505,2,2,16,32,eMMC 5.1,8.0,1,2.0,No,,No,"LED flash, HDR, panorama",1080p@30fps,5.0,No,"LED flash, HDR",,"Wi-Fi 802.11 b/g/n, Wi-Fi Direct",No,4.0,Micro-USB,Yes,"GPS, GLONASS, BDS","Accelerometer, gyro, proximity, compass",3000,,,No,,,,,,,,,,,"Rocket Red, Cosmic Blue",,,,FM radio
Asus,Asus Zenfone Max Plus (M2) ZB634KL,https://www.gsmarena.com/asus_zenfone_max_plus_(m2)_zb634kl-9634.php,https://fdn2.gsmarena.com/vv/bigpic/asus-zenfone-max-plus-m2.jpg,GSM / HSPA / LTE,No,"2019, March. Released 2019, March",Discontinued,159.2 x 76.2 x 8.4 mm (6.27 x 3.00 x 0.33 in),165.0,,,Nano-SIM + Nano-SIM,S-IPS LCD,,6.26,1080x2246,398,81.4,,Android 8.0 (Oreo),Qualcomm Snapdragon SiP 1,,Octa-core 1.8 GHz,Adreno 506,3,4,32,64,,12.0,2,1.8,No,1/2.9,No,"LED flash, HDR, panorama",1080p@30fps,8.0,No,LED flash,1080p@30fps,"Wi-Fi 802.11 a/b/g/n/ac, dual-band, Wi-Fi Direct",No,4.2,Micro-USB,Yes,"GPS, GLONASS","Fingerprint (rear-mounted), accelerometer, gyro, proximity",4000,10,,No,,,200.0,,,,,,,,"Red, Silver, Blue, Black",,,,FM radio
Asus,Asus Zenfone Max Shot ZB634KL,https://www.gsmarena.com/asus_zenfone_max_shot_zb634kl-9633.php,https://fdn2.gsmarena.com/vv/bigpic/asus-zenfone-max-shot.jpg,GSM / HSPA / LTE,No,"2019, March. Released 2019, March",Discontinued,159.2 x 76.2 x 8.4 mm (6.27 x 3.00 x 0.33 in),165.0,,,Nano-SIM + Nano-SIM,S-IPS LCD,,6.26,1080x2246,398,81.4,,Android 8.0 (Oreo),Qualcomm Snapdragon SiP 1,,Octa-core 1.8 GHz,Adreno 506,3,4,32,64,,12.0,3,1.8,No,1/2.9,No,"LED flash, HDR, panorama",1080p@30fps,8.0,No,LED flash,1080p@30fps,"Wi-Fi 802.11 a/b/g/n/ac, dual-band, Wi-Fi Direct",No,4.2,Micro-USB,Yes,"GPS, GLONASS","Fingerprint (rear-mounted), accelerometer, gyro, proximity",4000,10,,No,,,310.0,,,,,,,,"Red, Silver, Blue, Black",A001D,,,FM radio
Asus,Asus Zenfone Max Pro (M2) ZB631KL,https://www.gsmarena.com/asus_zenfone_max_pro_(m2)_zb631kl-9410.php,https://fdn2.gsmarena.com/vv/bigpic/asus-zenfone-max-pro-m2r1.jpg,GSM / HSPA / LTE,No,"2018, December. Released 2018, December",Discontinued,157.9 x 75.5 x 8.5 mm (6.22 x 2.97 x 0.33 in),175.0,Glass,,Nano-SIM + Nano-SIM,IPS LCD,,6.26,1080x2280,403,82.0,Gorilla Glass 6,"Android 8.1 (Oreo), upgradable to Android 9.0 (Pie)",Qualcomm SDM660 Snapdragon 660 (14 nm),14,Octa-core (4x2.2 GHz Kryo 260 Gold & 4x1.8 GHz Kryo 260 Silver),Adreno 512,3,6,32,128,eMMC 5.1,12.0,2,1.8,No,1/2.9,Yes,"LED flash, HDR, panorama","4K@30fps, 1080p@30/60fps, gyro-EIS",13.0,No,"LED flash, HDR",1080p@30fps,"Wi-Fi 802.11 b/g/n, Wi-Fi Direct",Yes,5.0,Micro-USB,Yes,"GPS, GLONASS, BDS, GALILEO, QZSS","Fingerprint (rear-mounted), accelerometer, gyro, proximity, compass",5000,10,,No,,,370.0,,,124039,5169,,,,"Blue, Titanium","X01BDA, Zenfone Max Pro M2, ZB631KL",,,FM radio
Asus,Asus Zenfone Max (M2) ZB633KL,https://www.gsmarena.com/asus_zenfone_max_(m2)_zb633kl-9437.php,https://fdn2.gsmarena.com/vv/bigpic/asus-zenfone-max-m2-zb633kl-r.jpg,GSM / HSPA / LTE,No,"2018, December. Released 2018, December",Discontinued,158.4 x 76.3 x 7.7 mm (6.24 x 3.00 x 0.30 in),160.0,,,Nano-SIM + Nano-SIM,IPS LCD,,6.26,720x1520,269,80.9,,"Android 8.1 (Oreo), upgradable to Android 9.0 (Pie)",Qualcomm SDM632 Snapdragon 632 (14 nm),14,Octa-core (4x1.8 GHz Kryo 250 Gold & 4x1.8 GHz Kryo 250 Silver),Adreno 506,3,4,32,64,eMMC 5.1,13.0,2,1.8,No,1/3.1,Yes,"LED flash, HDR, panorama","4K@30fps, 1080p@30fps",8.0,No,"LED flash, HDR",1080p@30fps,"Wi-Fi 802.11 b/g/n, Wi-Fi Direct",No,4.2,Micro-USB,Yes,"GPS, GLONASS, BDS","Fingerprint (rear-mounted), accelerometer, gyro, proximity, compass",4000,,,No,,,,,,103243,4744,,,,"Black, Blue","X01AD, X01BD",,,FM radio
Asus,Asus Zenfone Max (M1) ZB556KL,https://www.gsmarena.com/asus_zenfone_max_(m1)_zb556kl-9373.php,https://fdn2.gsmarena.com/vv/bigpic/asus-zenfone-max-m1-zb556kl.jpg,GSM / HSPA / LTE,No,"2018, October. Released 2018, October",Discontinued,147.3 x 70.9 x 8.7 mm (5.80 x 2.79 x 0.34 in),150.0,Glass,,Nano-SIM + Nano-SIM,IPS LCD,,5.45,720x1440,247,82.8,,"Android 8 (Oreo), ZenUI 5",Qualcomm MSM8937 Snapdragon 430 (28 nm),28,Octa-core 1.4 GHz Cortex-A53,Adreno 505,3,3,32,32,eMMC 5.1,13.0,1,2.0,No,1/3.1,No,"LED flash, HDR, panorama",1080p@30fps (gyro-EIS),8.0,No,LED flash,1080p@30fps,"Wi-Fi 802.11 b/g/n, Wi-Fi Direct",No,4.0,Micro-USB,Yes,"GPS, GLONASS, BDS","Fingerprint (rear-mounted), accelerometer, proximity, compass",4000,10,,No,,,120.0,,,57845,2434,,,,"Deepsea Black, Sunlight Gold",,,,FM radio
Asus,Asus ZenFone Lite (L1) ZA551KL,https://www.gsmarena.com/asus_zenfone_lite_(l1)_za551kl-9372.php,https://fdn2.gsmarena.com/vv/bigpic/asus-zenfone-lite-l1-za551kl.jpg,GSM / HSPA / LTE,No,"2018, October. Released 2018, October",Discontinued,147.3 x 71.8 x 8.2 mm (5.80 x 2.83 x 0.32 in),140.0,Glass,,Nano-SIM + Nano-SIM,IPS LCD,,5.45,720x1440,295,72.5,,Android 8.0 Oreo,Qualcomm MSM8937 Snapdragon 430 (28 nm),28,Octa-core 1.4 GHz Cortex-A53,Adreno 505,2,2,16,16,eMMC 5.1,13.0,1,2.0,No,1/3.1,No,"LED flash, HDR, panorama",1080p@30fps,5.0,No,LED flash,,"Wi-Fi 802.11 b/g/n, Wi-Fi Direct",No,4.0,Micro-USB,Yes,"GPS, GLONASS, BDS","Accelerometer, proximity, compass",3000,,,No,,,80.0,,,,,,,,"Black, Gold",,,,FM radio
Asus,Asus ROG Phone ZS600KL,https://www.gsmarena.com/asus_rog_phone_zs600kl-9224.php,https://fdn2.gsmarena.com/vv/bigpic/asus-rog-phone.jpg,GSM / CDMA / HSPA / LTE,No,"2018, June. Released 2018, October",Discontinued,158.8 x 76.2 x 8.3 mm (6.25 x 3.00 x 0.33 in),200.0,Glass,,Nano-SIM + Nano-SIM,"AMOLED, 90Hz, HDR",90,6.0,1080x2160,402,76.8,Gorilla Glass 6,"Android 8.1 (Oreo), upgradable to Android 9.0 (Pie), ROG Gaming X UI",Qualcomm SDM845 Snapdragon 845 (10 nm),10,Octa-core (4x2.96 GHz Kryo 385 Gold & 4x1.7 GHz Kryo 385 Silver),Adreno 630,8,8,128,512,UFS 2.1,12.0,2,1.8,Yes,1/2.55,Yes,"LED flash, panorama, HDR","4K@30/60fps, 1080p@30/60/240fps, (3-axis gyro-EIS)",8.0,No,"Panorama, HDR",1080p@30fps,"Wi-Fi 802.11 a/b/g/n/ac/ad, dual-band, Wi-Fi Direct",Yes,5.0,Type-C,Yes,"GPS, GLONASS, BDS, GALILEO, QZSS","Fingerprint (rear-mounted), accelerometer, gyro, proximity, compass",4000,30,,No,,,1110.0,,,288821,9406,,,,Black,"Z01QD, ZS600KL",,,FM radio
Asus,Asus ZenFone Live (L1) ZA550KL,https://www.gsmarena.com/asus_zenfone_live_(l1)_za550kl-9194.php,https://fdn2.gsmarena.com/vv/bigpic/asus-zenfone-live-l1-za550kl-.jpg,GSM / HSPA / LTE,No,"2018, May. Released 2018, May",Discontinued,147.3 x 71.8 x 8.2 mm (5.80 x 2.83 x 0.32 in),140.0,Glass,,Nano-SIM + Nano-SIM,IPS LCD,,5.5,720x1440,293,73.8,,"Android 8.0 Oreo (Go edition), ZenUI 5",Qualcomm MSM8917 Snapdragon 425 (28 nm),28,Quad-core 1.4 GHz Cortex-A53,Adreno 308,1,2,16,32,eMMC 5.1,13.0,1,2.0,No,,No,"LED flash, HDR, panorama",1080p@30fps,5.0,No,LED flash,,"Wi-Fi 802.11 b/g/n, Wi-Fi Direct",No,4.0,Micro-USB,Yes,"GPS, GLONASS, BDS","Accelerometer, gyro, proximity, compass",3000,,,No,,,100.0,,,,,,,,"Space Blue, Rose Pink, Shimmer Gold, Midnight Black","X00RD, ZA550KL",,,FM radio
Asus,Asus Zenfone Max Pro (M1) ZB601KL/ZB602K,https://www.gsmarena.com/asus_zenfone_max_pro_(m1)_zb601kl_zb602k-9173.php,https://fdn2.gsmarena.com/vv/bigpic/asus-zenfone-max-pro-m1-zb601kl-.jpg,GSM / HSPA / LTE,No,"2018, April. Released 2018, May",Discontinued,159 x 76 x 8.5 mm (6.26 x 2.99 x 0.33 in),180.0,Glass,,Nano-SIM + Nano-SIM,IPS LCD,,5.99,1080x2160,404,76.2,,"Android 8.1 (Oreo), upgradable to Android 9.0 (Pie)",Qualcomm SDM636 Snapdragon 636 (14 nm),14,Octa-core (4x1.8 GHz Kryo 260 Gold & 4x1.6 GHz Kryo 260 Silver),Adreno 509,3,6,32,128,eMMC 5.1,13.0,2,2.2,No,,Yes,"LED flash, HDR, panorama","4K@30fps, 1080p@30/60fps",8.0,No,LED flash,1080p@30fps,"Wi-Fi 802.11 b/g/n, Wi-Fi Direct",Yes,5.0,Micro-USB,Yes,"GPS, GLONASS, BDS","Fingerprint (rear-mounted), accelerometer, proximity, compass, gyroscope, ambient light sensor",5000,10,,No,,,160.0,,,115509,4910,,,,"Meteor Silver, Deepsea Black","X00TD, X00TDB, X00TDA, ZB601KL, ZB602K, ZB602KL, ASUS_X00TD, X00T, X00TDE",,,FM radio
Asus,Asus Zenfone 5z ZS620KL,https://www.gsmarena.com/asus_zenfone_5z_zs620kl-9096.php,https://fdn2.gsmarena.com/vv/bigpic/asus-zenfone-5-ze620kl-5z-zs620kl.jpg,GSM / CDMA / HSPA / LTE,No,"2018, February. Released 2018, June",Discontinued,153 x 75.7 x 7.9 mm (6.02 x 2.98 x 0.31 in),165.0,Glass,,Nano-SIM + Nano-SIM,IPS LCD,,6.2,1080x2246,402,83.6,Corning Gorilla Glass (unspecified versi,"Android 8.0 (Oreo), upgradable to Android 10",Qualcomm SDM845 Snapdragon 845 (10 nm),10,Octa-core (4x2.7 GHz Kryo 385 Gold & 4x1.7 GHz Kryo 385 Silver),Adreno 630,4,8,64,256,,12.0,2,1.8,Yes,1/2.55,Yes,"Dual-LED dual-tone flash, HDR, panorama","4K@30fps, 1080p@60/120fps, 1080p@30fps (gyro-EIS), 720p@240fps",8.0,No,HDR,1080p@30fps (gyro-EIS),"Wi-Fi 802.11 a/b/g/n/ac, Wi-Fi Direct",Yes,,Type-C,Yes,"GPS, GLONASS, BDS","Fingerprint (rear-mounted), accelerometer, gyro, proximity, compass",3300,18,,No,,,500.0,,,266590,9030,,,,"Midnight Blue, Meteor Silver",Z01RD,,,FM radio
Asus,Asus Zenfone 5 ZE620KL,https://www.gsmarena.com/asus_zenfone_5_ze620kl-9061.php,https://fdn2.gsmarena.com/vv/bigpic/asus-zenfone-5-ze620kl-5z-zs620kl.jpg,GSM / HSPA / LTE,No,"2018, February. Released 2018, May",Discontinued,153 x 75.7 x 7.7 mm (6.02 x 2.98 x 0.30 in),165.0,Glass,,Nano-SIM + Nano-SIM,IPS LCD,,6.2,1080x2246,402,83.6,Corning Gorilla Glass (unspecified versi,"Android 8.0 (Oreo), upgradable to Android 9.0 (Pie), ZenUI 5",Qualcomm SDM636 Snapdragon 636 (14 nm),14,Octa-core (4x1.8 GHz Kryo 260 Gold & 4x1.6 GHz Kryo 260 Silver),Adreno 509,4,6,64,64,eMMC 5.1,12.0,2,1.8,Yes,1/2.55,Yes,"Dual-LED dual-tone flash, HDR, panorama","4K@30fps, 1080p@60fps, 1080p@30fps (gyro-EIS)",8.0,No,,1080p@30fps (gyro-EIS),"Wi-Fi 802.11 a/b/g/n/ac, Wi-Fi Direct",Yes,,Type-C,Yes,"GPS, GLONASS, BDS, GALILEO","Fingerprint (rear-mounted), accelerometer, gyro, proximity, compass",3300,10,,No,,,320.0,,,,,,,,"Midnight Blue, Meteor Silver","X00QD, ZE620KL, ZF620KL, X00QDA",,,FM radio
Asus,Asus Zenfone 5 Lite ZC600KL,https://www.gsmarena.com/asus_zenfone_5_lite_zc600kl-9068.php,https://fdn2.gsmarena.com/vv/bigpic/asus-zenfone-5-lite-r.jpg,GSM / HSPA / LTE,No,"2018, February. Released 2018, May",Discontinued,160.6 x 76.2 x 7.8 mm (6.32 x 3.00 x 0.31 in),168.0,Glass,,Nano-SIM + Nano-SIM,IPS LCD,,6.0,1080x2160,402,75.9,,"Android 7.1.1 (Nougat), upgradable to Android 9.0 (Pie)",Qualcomm SDM630 Snapdragon 630 (14 nm) Qualcomm MSM8937 Snapdragon 430 (28 nm),14,Octa-core 2.2 GHz Cortex-A53 Octa-core 1.4 GHz Cortex-A53,Adreno 508 Adreno 505,3,4,32,64,eMMC 5.1,16.0,2,2.2,No,,Yes,"LED flash, HDR, panorama","4K@30fps (SDM630 only), 1080p@60fps, 1080p@30fps (gyro-EIS)",20.0,No,LED flash,1080p@30fps (gyro-EIS),"Wi-Fi 802.11 a/b/g/n/ac, dual-band, Wi-Fi Direct (SDM630) Wi-Fi 802.11, b/g/n, Wi-Fi Direct (MSM8937)",Yes,4.1,Micro-USB,Yes,"GPS, GLONASS, BDS","Fingerprint (rear-mounted), accelerometer, gyro, proximity, compass",3300,,,No,,,200.0,,,,,,,,"Midnight Black, Moonlight White, Rouge Red","X017DA, X017D",,,FM radio
Asus,Asus Zenfone Max (M1) ZB555KL,https://www.gsmarena.com/asus_zenfone_max_(m1)_zb555kl-9097.php,https://fdn2.gsmarena.com/vv/bigpic/asus-zenfone-max-m1-zb555kl.jpg,GSM / HSPA / LTE,No,"2018, February. Released 2018, May",Discontinued,147.3 x 70.9 x 8.7 mm (5.80 x 2.79 x 0.34 in),150.0,Glass,,Nano-SIM + Nano-SIM,IPS LCD,,5.5,720x1440,245,84.4,,"Android 8 (Oreo), ZenUI 5",Qualcomm MSM8917 Snapdragon 425 (28 nm) Qualcomm MSM8937 Snapdragon 430 (28 nm),28,Quad-core 1.4 GHz Cortex-A53 Octa-core 1.4 GHz Cortex-A53,Adreno 308 Adreno 505,2,3,16,32,eMMC 5.1,13.0,2,2.0,No,,No,"LED flash, HDR, panorama",1080p@30fps (gyro-EIS),8.0,No,,1080p@30fps (gyro-EIS),"Wi-Fi 802.11 b/g/n, Wi-Fi Direct",No,4.2,Micro-USB,Yes,"GPS, GLONASS, BDS","Fingerprint (rear-mounted), accelerometer, proximity, compass",4000,10,,No,,,150.0,,,,,,,,"Deepsea Black, Sunlight Gold, Ruby Red",X00PD,,,FM radio
Asus,Asus Zenfone Max Plus (M1) ZB570TL,https://www.gsmarena.com/asus_zenfone_max_plus_(m1)_zb570tl-8953.php,https://fdn2.gsmarena.com/vv/bigpic/asus-zenfone-max-m1.jpg,GSM / CDMA / HSPA / LTE,No,"2017, November. Released 2017, December",Discontinued,152.6 x 73 x 8.8 mm (6.01 x 2.87 x 0.35 in),160.0,Glass,,Nano-SIM + Nano-SIM,IPS LCD,,5.7,1080x2160,424,75.3,,"Android 7 (Nougat), ZenUI 4",Mediatek MT6750T (28 nm),28,Octa-core (4x1.5 GHz Cortex-A53 & 4x1.0 GHz Cortex-A53),Mali-T860MP2,2,4,16,64,eMMC 5.1,16.0,2,2.0,No,,No,"LED flash, HDR, panorama",1080p@30fps,8.0,No,,,"Wi-Fi 802.11 b/g/n, Wi-Fi Direct",No,4.0,Micro-USB,Yes,"GPS, GLONASS","Fingerprint (rear-mounted), accelerometer, gyro, proximity, compass",4130,10,,No,,,250.0,,,,,,,,"Sunlight Gold, Azure Silver, Deepsea Black",X018D,,,FM radio
Asus,Asus Zenfone V V520KL,https://www.gsmarena.com/asus_zenfone_v_v520kl-8866.php,https://fdn2.gsmarena.com/vv/bigpic/asus-zenfone-v-v520kl.jpg,GSM / HSPA / LTE,No,"2017, September. Released 2017, September",Discontinued,146.6 x 72.6 x 7.6 mm (5.77 x 2.86 x 0.30 in),147.1,,,Nano-SIM + Nano-SIM,AMOLED,,5.2,1080x1920,424,70.0,Gorilla Glass 3,"Android 7 (Nougat), ZenUI 3",Qualcomm MSM8996 Snapdragon 820 (14 nm),14,Quad-core (2x2.15 GHz Kryo & 2x1.6 GHz Kryo),Adreno 530,4,4,32,32,,23.0,1,2.0,Yes,1/2.6,Yes,"Laser AF, Dual-LED dual-tone flash, HDR, panorama","4K@30fps, 1080p@30fps",8.0,No,"HDR, panorama",1080p@30fps,"Wi-Fi 802.11 a/b/g/n/ac, dual-band, Wi-Fi Direct",No,4.2,Type-C,Yes,"GPS, GLONASS, BDS","Fingerprint (front-mounted), accelerometer, gyro, proximity, compass",3000,18,,No,,,100.0,,,,,,,,Sapphire Black,"A006, A009",,,No
Asus,Asus Zenfone 4 Pro ZS551KL,https://www.gsmarena.com/asus_zenfone_4_pro_zs551kl-8783.php,https://fdn2.gsmarena.com/vv/bigpic/asus-zenfone-4-pro-zs551kl.jpg,GSM / HSPA / LTE,No,"2017, August. Released 2017, October",Discontinued,156.9 x 75.6 x 7.6 mm (6.18 x 2.98 x 0.30 in),175.0,Glass,,Nano-SIM + Nano-SIM,AMOLED,,5.5,1080x1920,401,70.3,Gorilla Glass 5,"Android 7.1.1 (Nougat), upgradable to Android 8 (Oreo), ZenUI 4",Qualcomm MSM8998 Snapdragon 835 (10 nm),10,Octa-core (4x2.45 GHz Kryo & 4x1.9 GHz Kryo),Adreno 540,6,6,64,128,,12.0,2,1.7,Yes,1/2.55,Yes,"Laser AF, color spectrum sensor, LED flash, HDR, panorama","4K@30fps, 1080p@30/60fps, 1080p@120fps, 720p@240fps",8.0,No,HDR,1080p@30fps,"Wi-Fi 802.11 a/b/g/n/ac, dual-band, Wi-Fi Direct",Yes,5.0,Type-C,Yes,"GPS, GLONASS, BDS, GALILEO","Fingerprint (front-mounted), accelerometer, gyro, proximity, compass",3600,18,,No,,,350.0,,,,,,,,"Moonlight white, Pure Black","Z01GD, Z01GS",,,FM radio
Asus,Asus Zenfone 4 ZE554KL,https://www.gsmarena.com/asus_zenfone_4_ze554kl-8782.php,https://fdn2.gsmarena.com/vv/bigpic/asus-zenfone-4-ze554kl.jpg,GSM / HSPA / LTE,No,"2017, August. Released 2017, October",Discontinued,155.4 x 75.2 x 7.7 mm (6.12 x 2.96 x 0.30 in),165.0,Glass,,Nano-SIM + Nano-SIM,IPS LCD,,5.5,1080x1920,401,71.4,Gorilla Glass 3,"Android 7.1.1 (Nougat), ZenUI 4",Qualcomm SDM630 Snapdragon 630 (14 nm) Qualcomm SDM660 Snapdragon 660 (14 nm),14,Octa-core (4x2.2 GHz Cortex-A53 & 4x1.8 GHz Cortex A53) Octa-core (4x2.2 GHz Kryo 260 Gold & 4x1.8 GHz Kryo 260 Silver),Adreno 508 Adreno 512,4,6,64,64,eMMC 5.1,12.0,2,1.8,Yes,1/2.55,Yes,"Dual-LED dual-tone flash, HDR, panorama",4K@30fps,8.0,No,"HDR, panorama",1080p@30fps,"Wi-Fi 802.11 a/b/g/n/ac, dual-band, Wi-Fi Direct",Yes,5.0,Type-C,Yes,"GPS, GLONASS, BDS, GALILEO","Fingerprint (front-mounted), accelerometer, gyro, proximity, compass",3300,18,,No,,,350.0,,,86978,4145,,,,"Moonlight white, Mint Green, Midnight Black","Z01KD, Z01KDA, Z01KS",,,FM radio
Asus,Asus Zenfone 4 Selfie Lite ZB553KL,https://www.gsmarena.com/asus_zenfone_4_selfie_lite_zb553kl-8892.php,https://fdn2.gsmarena.com/vv/bigpic/asus-zenfone-4-selfie-zb553kl.jpg,GSM / HSPA / LTE,No,"2017, October. Released 2017, November",Discontinued,155.7 x 75.9 x 7.9 mm (6.13 x 2.99 x 0.31 in),144.0,,,Nano-SIM + Nano-SIM,IPS LCD,,5.5,720x1280,267,70.6,,"Android 7 (Nougat), ZenUI 4",Qualcomm MSM8917 Snapdragon 425 (28 nm),28,Quad-core 1.4 GHz Cortex-A53,Adreno 308,2,2,16,32,eMMC 5.1,13.0,1,,No,,No,"LED flash, panorama, HDR",1080p@30fps,13.0,No,LED flash,,"Wi-Fi 802.11 b/g/n, Wi-Fi Direct",No,4.1,Micro-USB,Yes,"GPS, GLONASS, BDS, GALILEO","Fingerprint (front-mounted), accelerometer, gyro, proximity, compass",3000,,,No,,,180.0,,,,,,,,"Deepsea Black, Mint Green, Rose Pink, Sunlight Gold",X00LDA,,,FM radio
Asus,Realme P4R,https://www.gsmarena.com/realme_p4r_5g-14706.php,https://fdn2.gsmarena.com/vv/bigpic/realme-c100.jpg,GSM / HSPA / LTE / 5G,Yes,Not announced yet,Rumored,-,,Glass,IP65,Nano-SIM + Nano-SIM,"IPS LCD, 144Hz, 600 nits (typ), 900 nits (HBM), 1200 nits (peak)",144,6.8,720x1570,254,86.7,,"Android 16, Realme UI 7.0",Mediatek Dimensity 6300 (6 nm),6,Octa-core (2x2.4 GHz Cortex-A76 & 6x2.0 GHz Cortex-A55),Mali-G57 MC2,4,6,128,256,,50.0,1,1.8,No,,No,"LED flash, HDR, panorama",1080p@30fps,8.0,No,,1080p@30fps,"Wi-Fi 802.11 a/b/g/n/ac, dual-band",No,5.3,Type-C,Yes,"GPS, GALILEO, GLONASS, QZSS, BDS","Fingerprint (side-mounted), accelerometer, proximity, compass",8000,5,,No,,,,,,,,,,,"Silver Glare, Titanium Glare, Lavender Glare",,,,No
Asus,Motorola Edge (2026),https://www.gsmarena.com/motorola_edge_5g_(2026)-14705.php,https://fdn2.gsmarena.com/vv/bigpic/motorola-edge-2026.jpg,GSM / HSPA / LTE / 5G,Yes,"2026, June 02","Coming soon. Exp. release 2026, June 11",152.3 x 72 x 7.2 mm (6.00 x 2.83 x 0.28 in),160.5,Glass,IP68,Nano-SIM + eSIM,"AMOLED, 1B colors, 120Hz, HDR10+, 5200 nits (peak)",120,6.3,1216x2640,460,89.1,Gorilla Glass 7i,Android 16,Mediatek Dimensity 7450 (4 nm),4,Octa-core (4x2.6 GHz Cortex-A78 & 4x2.0 GHz Cortex-A55),Mali-G615 MC2,8,8,128,128,UFS,50.0,3,1.8,Yes,1/1.56,Yes,"LED flash, HDR, panorama","4K@30fps, 1080p@30/60/120fps, gyro-EIS",50.0,Yes,HDR,"4K@30fps, 1080p@30fps","Wi-Fi 802.11 a/b/g/n/ac/6e, tri-band, Wi-Fi Direct",Yes,,Type-C,No,"GPS, GLONASS, GALILEO, BDS, NavIC","Fingerprint (under display, optical), accelerometer, gyro, proximity, compass",5000,68,15,No,,,520.0,,,,,,,,Pantone: Martini Olive,,,,No
Asus,Motorola Edge 70 Pro+,https://www.gsmarena.com/motorola_edge_70_pro+_5g-14702.php,https://fdn2.gsmarena.com/vv/bigpic/motorola-edge-70-pro-plus.jpg,GSM / HSPA / LTE / 5G,Yes,"2026, June 01","Coming soon. Exp. release 2026, June",162.7 x 75.6 x 7.2 mm (6.41 x 2.98 x 0.28 in),190.0,Glass,IP68,Nano-SIM + Nano-SIM,"AMOLED, 1B colors, 144Hz, PWM, HDR10+, 1800 (HBM), 5200 nits (peak)",144,6.78,1272x2772,450,91.4,Gorilla Glass 7i,"Android 16, up to 3 major Android upgrades",Mediatek Dimensity 8500 Extreme (4 nm),4,Octa-core (1x3.4 GHz Cortex-A725 & 3x3.2 GHz Cortex-A725 & 4x2.2 GHz Cortex-A725),Mali-G720 MC8,12,12,256,256,UFS 4.1,50.0,3,1.8,Yes,1/1.56,Yes,"LED flash, HDR, panorama, Pantone Validated Colour and Skin Tones","4K@30/60/120fps, 1080p@30/60/120/240fps, gyro-EIS, HDR10+",50.0,Yes,HDR,"4K@30fps, 1080p@30/120fps","Wi-Fi 802.11 a/b/g/n/ac/6e/7, tri-band, Wi-Fi Direct",Yes,5.4,Type-C,No,"GPS, GLONASS, GALILEO","Fingerprint (under display, optical), accelerometer, gyro, proximity, compass",6500,90,15,Yes,,,440.0,,,,,,,,"Pantone: Stormy Sea (Green), Zinfandel (Red), Chicory Coffee (Wood)",,,,No
Asus,Huawei nova 16 Ultra,https://www.gsmarena.com/huawei_nova_16_ultra_5g-14698.php,https://fdn2.gsmarena.com/vv/bigpic/huawei-nova16-ultra.jpg,GSM / HSPA / LTE / 5G,Yes,"2026, June 01","Coming soon. Exp. release 2026, June 06",163 x 78 x 7.1 mm (6.42 x 3.07 x 0.28 in),220.0,Glass,IP68,Nano-SIM + Nano-SIM,"LTPO OLED, 1B colors, HDR Vivid, 120Hz, 2160Hz PWM, 6000 nits (peak)",120,6.84,1320x2856,460,90.4,Kunlun Glass,HarmonyOS 6.1,Kirin 9010S,,,,12,12,256,512,,200.0,3,1.8,Yes,1/1.28,Yes,"Laser AF, color spectrum sensor, LED flash, panorama, HDR","4K, 1080p, gyro-EIS, HDR Vivid",50.0,Yes,"HDR, panorama","4K, 1080p, gyro-EIS, HDR Vivid","Wi-Fi 802.11 a/b/g/n/ac/6/7, dual-band, Wi-Fi Direct",Yes,6.0,Type-C,No,"GPS (L1+L5), BDS (B1I+B1c+B2a), GALILEO (E1+E5a), QZSS (L1+L5), NavIC, GLONASS","Fingerprint (under display, optical), accelerometer, gyro, compass",7000,100,50,Yes,,,600.0,,,,,,,,"Black, White, Blue",HIP-AL00,,,No
Asus,Huawei nova 16 Pro,https://www.gsmarena.com/huawei_nova_16_pro_5g-14699.php,https://fdn2.gsmarena.com/vv/bigpic/huawei-nova16-pro-.jpg,GSM / HSPA / LTE / 5G,Yes,"2026, June 01","Coming soon. Exp. release 2026, June 06",163 x 78 x 7.1 mm (6.42 x 3.07 x 0.28 in),218.0,Glass,IP65,Nano-SIM + Nano-SIM,"LTPO OLED, 1B colors, HDR Vivid, 120Hz, 2160Hz PWM, 6000 nits (peak)",120,6.84,1320x2856,460,90.4,Kunlun Glass,HarmonyOS 6.0,Kirin 9010S,,,,12,12,256,512,,200.0,3,1.8,Yes,1/1.28,Yes,"Laser AF, color spectrum sensor, LED flash, panorama, HDR","4K, 1080p, gyro-EIS, HDR Vivid",50.0,Yes,"HDR, panorama","4K, 1080p, gyro-EIS, HDR Vivid","Wi-Fi 802.11 a/b/g/n/ac/6/7, dual-band, Wi-Fi Direct",Yes,6.0,Type-C,No,"GPS (L1+L5), BDS (B1I+B1c+B2a), GALILEO (E1+E5a), QZSS (L1+L5), NavIC, GLONASS","Fingerprint (under display, optical), accelerometer, gyro, compass",7000,100,,No,,,500.0,,,,,,,,"Black, White, Blue/Pink, Blue",CRS-AL00,,,No
Asus,Huawei nova 16,https://www.gsmarena.com/huawei_nova_16_5g-14700.php,https://fdn2.gsmarena.com/vv/bigpic/huawei-nova16-.jpg,GSM / HSPA / LTE / 5G,Yes,"2026, June 01","Coming soon. Exp. release 2026, June 06",159.6 x 75.5 x 7.3 mm (6.28 x 2.97 x 0.29 in),199.0,Glass,IP65,Nano-SIM + Nano-SIM,"OLED, 1B colors, HDR Vivid, 120Hz, 2160Hz PWM",120,6.68,1280x2800,461,90.3,Aluminosilicate glass,HarmonyOS 6.1,Kirin 9010S,,,,12,12,256,512,,50.0,2,1.9,Yes,1/1.56,Yes,"Color spectrum sensor, LED flash, panorama, HDR","4K, 1080p, gyro-EIS, HDR Vivid",50.0,Yes,"HDR, panorama","4K, 1080p, gyro-EIS, HDR Vivid","Wi-Fi 802.11 a/b/g/n/ac/6/7, dual-band, Wi-Fi Direct",Yes,6.0,Type-C,No,"GPS (L1+L5), BDS (B1I+B1c+B2a), GALILEO (E1+E5a), QZSS (L1+L5), NavIC, GLONASS","Fingerprint (side-mounted), accelerometer, gyro, compass",7000,100,,No,,,380.0,,,,,,,,"Black, White, Blue/Pink, Blue",EMA-AL00U,,,No
Asus,Huawei nova 16z,https://www.gsmarena.com/huawei_nova_16z_5g-14701.php,https://fdn2.gsmarena.com/vv/bigpic/huawei-nova16z.jpg,GSM / HSPA / LTE / 5G,Yes,"2026, June 01","Coming soon. Exp. release 2026, June 06",161.8 x 75.5 x 7.2 mm (6.37 x 2.97 x 0.28 in),196.5,Glass,IP65,Nano-SIM + Nano-SIM,"OLED, 1B colors, HDR Vivid, 120Hz, 2160Hz PWM",120,6.7,1084x2412,395,88.6,Aluminosilicate glass,HarmonyOS 6.1,Kirin 8020,,,,12,12,256,512,,50.0,2,1.9,Yes,1/1.56,Yes,"Color spectrum sensor, LED flash, panorama, HDR","4K, 1080p, gyro-EIS, HDR Vivid",50.0,Yes,"HDR, panorama","4K, 1080p, gyro-EIS, HDR Vivid","Wi-Fi 802.11 a/b/g/n/ac/6/7, dual-band, Wi-Fi Direct",Yes,6.0,Type-C,No,"GPS (L1+L5), BDS (B1I+B1c+B2a), GALILEO (E1+E5a), QZSS (L1+L5), GLONASS, NavIC","Fingerprint (side-mounted), accelerometer, gyro, compass",6000,100,,No,,,340.0,,,,,,,,"Black, White, Blue/Pink",PKN-AL00,,,No
Asus,vivo S60,https://www.gsmarena.com/vivo_s60_5g-14692.php,https://fdn2.gsmarena.com/vv/bigpic/vivo-s60-.jpg,GSM / HSPA / LTE / 5G,Yes,"2026, May 29","Available. Released 2026, June 03",157.5 x 74.3 x 7.9 mm (6.20 x 2.93 x 0.31 in),207.0,Glass,IP68,Nano-SIM + Nano-SIM,"AMOLED, 1B colors, HDR, 144Hz",144,6.59,1260x2750,459,90.7,,"Android 16, OriginOS 6",Qualcomm SM8635 Snapdragon 8s Gen 3 (4 nm),4,Octa-core (1x3.0 GHz Cortex-X4 & 4x2.8 GHz Cortex-A720 & 3x2.0 GHz Cortex-A520),Adreno 735,12,16,256,512,,50.0,3,1.8,Yes,1/1.56,Yes,"Ring-LED flash, panorama, HDR, color spectrum sensor","4K, 1080p, gyro-EIS",50.0,Yes,HDR,"4K, 1080p","Wi-Fi 802.11 a/b/g/n/ac/6, dual-band, Wi-Fi Direct",Yes,5.4,Type-C,No,"GPS (L1), BDS (B1I+B1C), GLONASS (G1), GALILEO (E1), QZSS (L1), A-GPS","Fingerprint (under display, ultrasonic), accelerometer, gyro, compass, proximity",7200,90,,No,,,560.0,,,,,,,,"Starry Sea, Early Summer Green, Midsummer Night",V2571A,,,No
Asus,Huawei nova Y74,https://www.gsmarena.com/huawei_nova_y74-14703.php,https://fdn2.gsmarena.com/vv/bigpic/huawei-nova-y74.jpg,GSM / HSPA / LTE,No,"2026, May","Available. Released 2026, May",166.1 x 76.6 x 8.3 mm (6.54 x 3.02 x 0.33 in),210.0,Glass,,Nano-SIM + Nano-SIM,"IPS LCD, 90Hz, 850 nits (peak)",90,6.67,720x1604,264,84.3,,EMUI 12,,,,,8,8,128,256,,50.0,1,1.8,No,,No,"LED flash, HDR, panorama",1080p@30fps,8.0,No,,1080p@30fps,Wi-Fi 802.11 b/g/n,Yes,5.1,Type-C,No,"GPS, GALILEO, GLONASS, BDS, QZSS","Fingerprint (side-mounted), accelerometer, proximity, compass",6620,40,,No,,,,,,,,,,,"Black, Blue",MGA-LX3,,,No
Asus,Xiaomi 17T Pro,https://www.gsmarena.com/xiaomi_17t_pro_5g-14651.php,https://fdn2.gsmarena.com/vv/bigpic/xiaomi-17t-pro.jpg,GSM / HSPA / LTE / 5G,Yes,"2026, May 28","Available. Released 2026, May 28",162.2 x 77.5 x 8.3 mm (6.39 x 3.05 x 0.33 in),219.0,Glass,IP68,· Nano-SIM + Nano-SIM + eSIM + eSIM (max 2 at a time) · Nano-SIM + Nano-SIM,"AMOLED, 68B colors, 144Hz, 3840Hz PWM, Dolby Vision, HDR10+, 600 nits (typ), 2000 nits (HBM), 3500 nits (peak)",144,6.83,1280x2772,447,91.1,Gorilla Glass 7i,"Android 16, HyperOS 3",Mediatek Dimensity 9500 (3 nm),3,Octa-core (1x4.21 GHz C1-Ultra & 3x3.5 GHz C1-Premium & 4x2.7 GHz C1-Pro),Mali-G1 Ultra MC12,12,12,256,512,UFS 4.1,50.0,3,1.7,Yes,1/1.31,Yes,"Leica lens, Color spectrum sensor, Ultra HDR, LED flash, HDR, panorama","8K@30fps, 4K@30/60/120fps, 1080p@30/60/120/240/960fps, gyro-EIS, 10-bit Rec. 2020, HDR10+, Log",32.0,Yes,HDR,"4K@30fps, 1080p@30/60fps, HDR10+","Wi-Fi 802.11 a/b/g/n/ac/6e/7, dual-band, Wi-Fi Direct",Yes,6.0,Type-C,No,"GPS (L1+L5), BDS (B1I+B1C+B2a+B2b), GALILEO (E1+E5a+E5b), QZSS (L1+L5), NavIC (L5), GLONASS","Fingerprint (under display, optical), accelerometer, gyro, proximity, compass",7000,100,50,No,Active use score 21:41h,860.0,999.9,799.0,,2795030,9766,6939,1069,-25.6,"Deep Blue, Deep Violet, Black",2602EPTC0G,,,No
Asus,Xiaomi 17T,https://www.gsmarena.com/xiaomi_17t_5g-14652.php,https://fdn2.gsmarena.com/vv/bigpic/xiaomi-17t.jpg,GSM / HSPA / LTE / 5G,Yes,"2026, May 28","Available. Released 2026, May 28",157.6 x 75.2 x 8.2 mm (6.20 x 2.96 x 0.32 in),200.0,Glass,IP68,· Nano-SIM + Nano-SIM + eSIM + eSIM (max 2 at a time) · Nano-SIM + Nano-SIM,"AMOLED, 68B colors, 120Hz, 3840Hz PWM, Dolby Vision, HDR10+, 3500 nits (peak)",120,6.59,1268x2756,460,89.8,Gorilla Glass 7i,"Android 16, HyperOS 3",Mediatek Dimensity 8500 Ultra (4 nm),4,Octa-core (1x3.4 GHz Cortex-A725 & 3x3.2 GHz Cortex-A725 & 4x2.2 GHz Cortex-A725),Mali-G720 MC8,12,12,256,512,UFS 4.1,50.0,3,1.7,Yes,1/1.55,Yes,"Leica lens, Color spectrum sensor, Ultra HDR, LED flash, HDR, panorama","4K@30/60fps, 1080p@30/60/120/240/960fps, gyro-EIS, 10-bit Rec. 2020, HDR10+, Log",32.0,Yes,HDR,"4K@30fps, 1080p@30/60fps, HDR10+","Wi-Fi 802.11 a/b/g/n/ac/6e, dual-band or tri-band, Wi-Fi Direct",Yes,6.0,Type-C,No,"GPS (L1+L5), BDS (B1I+B1c+B2a), GALILEO (E1+E5a), QZSS (L1+L5), NavIC (L5), GLONASS","Fingerprint (under display, optical), accelerometer, gyro, proximity, compass",6500,67,,No,Active use score 17:16h,,749.9,649.0,,1640834,6607,3563,1035,-24.6,"Violet, Blue, Opal White, Black","2602DPT53G, 2602DPT53I",,,No
Asus,Xiaomi Watch S5 46mm,https://www.gsmarena.com/xiaomi_watch_s5-14696.php,https://fdn2.gsmarena.com/vv/bigpic/xiaomi-watch-s5-.jpg,HSPA / LTE,No,"2026, May 28","Available. Released 2026, May 28",46 x 46 x 11 mm (1.81 x 1.81 x 0.43 in),46.0,Ceramic,,eSIM (market/region dependent),"AMOLED, 1500 nits (HBM), 2500 nits (peak)",,1.48,480x480,323,,Drop-proof glass,Xiaomi HyperOS 3,,,,,,,,,,,,,No,,No,,,,No,,,Yes (file transfer only),Yes,5.4,No,No,"GPS (L1+L5), GLONASS, GALILEO, BDS, QZSS","Accelerometer, gyro, compass, barometer, heart rate, SpO2",815,,,No,,,179.37,,,,,,,,"Black, Silver, Ceramic Blue, Jungle Green, Beige (eSIM)","M2530W1, M2517W1",,,No
Asus,Honor Win Turbo,https://www.gsmarena.com/honor_win_turbo_5g-14684.php,https://fdn2.gsmarena.com/vv/bigpic/honor-win-turbo-.jpg,GSM / HSPA / LTE / 5G,Yes,"2026, May 30","Available. Released 2026, May 30",162.1 x 76.3 x 8 mm (6.38 x 3.00 x 0.31 in),216.0,,IP66,Nano-SIM + Nano-SIM,"AMOLED, 1B colors, 120Hz, HDR Vivid, 3840Hz PWM, 1800 nits (HBM), 8000 nits (peak)",120,6.79,1200x2640,427,90.6,Aluminosilicate glass,"Android 16, MagicOS 10",Mediatek Dimensity 8500 Elite (4 nm),4,Octa-core (1x3.4 GHz Cortex-A725 & 3x3.2 GHz Cortex-A725 & 4x2.2 GHz Cortex-A725),Mali-G720 MC8,12,16,256,512,UFS 4.1,50.0,2,1.9,Yes,,Yes,"LED flash, HDR, panorama","4K@30fps, 1080p@30fps, gyro-EIS",16.0,No,,1080p@30fps,"Wi-Fi 802.11 a/b/g/n/ac/6, dual-band, Wi-Fi Direct",Yes,6.0,Type-C,No,"GPS (L1+L5), GLONASS, BDS (B1I+B1c+B2a), GALILEO (E1 + E5a), QZSS (L1+L5), NavIC","Fingerprint (under display, optical), accelerometer, gyro, compass, proximity (ultrasonic)",10000,80,,No,,,330.0,,,,,,,,"Black, White, Blue",SER-AN00,,,No
Asus,Realme 16T,https://www.gsmarena.com/realme_16t_5g-14674.php,https://fdn2.gsmarena.com/vv/bigpic/realme-16t.jpg,GSM / HSPA / LTE / 5G,Yes,"2026, May 22","Available. Released 2026, May 26",166.4 x 78.2 x 8.8 mm (6.55 x 3.08 x 0.35 in),224.0,Glass,IP68,Nano-SIM + Nano-SIM,"AMOLED, 144Hz, 1200 nits (HBM)",144,6.81,720x1570,254,87.1,Panda-1681 glass,"Android 16, Realme UI 7.0",Mediatek Dimensity 6300 (6 nm),6,Octa-core (2x2.4 GHz Cortex-A76 & 6x2.0 GHz Cortex-A55),Mali-G57 MC2,6,8,128,256,UFS 2.2,50.0,2,1.8,No,1/2.93,No,"LED flash, HDR, panorama",1080p@30/60fps,16.0,No,,1080p@30fps,"Wi-Fi 802.11 a/b/g/n/ac, dual-band",No,5.3,Type-C,No,"GPS, GLONASS, GALILEO, BDS, QZSS","Fingerprint (side-mounted), accelerometer, proximity, compass",8000,45,,No,Active use score 22:43h,,270.0,,,438780,2016,385,,,"Starlight Red, Starlight Black, Aurora Green",RMX5268,,,No
Asus,Honor 600,https://www.gsmarena.com/honor_600_5g-14605.php,https://fdn2.gsmarena.com/vv/bigpic/honor-600.jpg,GSM / HSPA / LTE / 5G,Yes,"2026, April 22","Available. Released 2026, May 18",156 x 74.7 x 7.8 mm (6.14 x 2.94 x 0.31 in),185.0,Glass,IP68,· Nano-SIM + eSIM · Nano-SIM + Nano-SIM + eSIM (max 2 at a time),"AMOLED, 1B colors, 120Hz, 3840Hz PWM, HDR Vivid, 8000 nits (peak)",120,6.57,1264x2728,458,91.2,Mohs level 4,"Android 16, up to 6 major Android upgrades, MagicOS 10",Qualcomm SM7750-AB Snapdragon 7 Gen 4 (4 nm),4,Octa-core (1x2.8 GHz Cortex-720 & 4x2.4 GHz Cortex-720 & 3x1.8 GHz Cortex-520),Adreno 722,8,12,128,512,,200.0,2,1.9,Yes,1/1.4,Yes,"Color spectrum sensor, LED flash, HDR, panorama","4K@30fps, 1080p@30/60fps, gyro-EIS, OIS",50.0,Yes,HDR,"4K@30fps, 1080p@30/60fps, gyro-EIS","Wi-Fi 802.11 a/b/g/n/ac/6/7, dual-band or tri-band, Wi-Fi Direct",Yes,5.4,Type-C,No,"GPS, GLONASS, GALILEO, BDS, QZSS, NavIC","Fingerprint (under display, optical), accelerometer, gyro, proximity (ultrasound), compass",7000,80,,No,Active use score 16:58h,504.07,485.16,399.0,,1087148,4090,1797,1749,-25.1,"Golden White, Black, Orange",VKJ-NX9,,,No
Asus,Sony Xperia 1 VIII,https://www.gsmarena.com/sony_xperia_1_viii_5g-14660.php,https://fdn2.gsmarena.com/vv/bigpic/sony-xperia-1-viii.jpg,GSM / HSPA / LTE / 5G,Yes,"2026, May 13","Coming soon. Exp. release 2026, June 19",162 x 74 x 8.3 mm (6.38 x 2.91 x 0.33 in),200.0,Glass,IP65,Nano-SIM + eSIM + eSIM (max 2 at a time),"LTPO OLED, 1B colors, 120Hz, HDR BT.2020",120,6.5,1080x2340,396,86.5,Gorilla Glass Victus,"Android 16, up to 4 major Android upgrades",Qualcomm SM8850-AC Snapdragon 8 Elite Gen 5 (3 nm),3,Octa-core (2x4.6 GHz Oryon V3 Phoenix L + 6x3.62 GHz Oryon V3 Phoenix M),Adreno 840,12,16,256,512,UFS,48.0,3,1.9,Yes,1/1.35,Yes,"Zeiss optics, Zeiss T* lens coating, color spectrum sensor, LED flash, panorama, HDR, eye tracking","4K@24/30/60/120fps HDR, 1080p@30/60/120fps; 5-axis gyro-EIS, OIS",12.0,Yes,HDR,"4K@30/60fps, 1080p@30/60fps, 5-axis gyro-EIS","Wi-Fi 802.11 a/b/g/n/ac/6e/7, tri-band, Wi-Fi Direct, DLNA",Yes,6.0,Type-C,Yes,"GPS, GLONASS, BDS, GALILEO, QZSS","Fingerprint (side-mounted), accelerometer, gyro, proximity, barometer, compass",5000,30,15,Yes,Active use score 17:47h,,1499.0,1399.0,,2312684,9278,6962,1510,-25.5,"Graphite Black, Iolite Silver, Garnet Red, Native Gold","XQ-GE54, XQ-GE74, XQGE54, XQGE74, XQ-GE44, XQGE44, XQ-FS54, XQFS54, SO-51G",,,No
Asus,Honor 600 Pro,https://www.gsmarena.com/honor_600_pro_5g-14604.php,https://fdn2.gsmarena.com/vv/bigpic/honor-600-pro.jpg,GSM / HSPA / LTE / 5G,Yes,"2026, April 22","Available. Released 2026, April 29",156 x 74.7 x 7.8 mm (6.14 x 2.94 x 0.31 in),195.0,Glass,IP68,· Nano-SIM + eSIM · Nano-SIM + Nano-SIM + eSIM (max 2 at a time),"AMOLED, 1B colors, 120Hz, 3840Hz PWM, HDR Vivid, 8000 nits (peak)",120,6.57,1264x2728,458,91.2,Mohs level 4,"Android 16, up to 6 major Android upgrades, MagicOS 10",Qualcomm SM8750-AB Snapdragon 8 Elite (3 nm),3,Octa-core (2x4.32 GHz Oryon V2 Phoenix L + 6x3.53 GHz Oryon V2 Phoenix M),Adreno 830 (1200 MHz),12,16,256,512,,200.0,3,1.9,Yes,1/1.4,Yes,"Color spectrum sensor, LED flash, HDR, panorama","4K@30/60fps, 1080p@30/60fps, gyro-EIS, OIS",50.0,Yes,HDR,"4K@30fps, 1080p@30/60fps, gyro-EIS","Wi-Fi 802.11 a/b/g/n/ac/6/7, dual-band or tri-band, Wi-Fi Direct",Yes,6.0,Type-C,No,"GPS, GLONASS, GALILEO, BDS, QZSS, NavIC","Fingerprint (under display, optical), accelerometer, gyro, proximity (ultrasound), compass",7000,80,50,No,Active use score 17:55h,794.68,,629.0,,2221352,7970,5309,1766,-24.8,"Golden White, Black, Orange",VKP-NX9,,,No
Asus,Motorola Moto G87,https://www.gsmarena.com/motorola_moto_g87_5g-14644.php,https://fdn2.gsmarena.com/vv/bigpic/motorola-g87.jpg,GSM / HSPA / LTE / 5G,Yes,"2026, April 29","Available. Released 2026, May 15",164.5 x 77.3 x 7.3 mm (6.48 x 3.04 x 0.29 in),183.0,Glass,IP68,· Nano-SIM + eSIM · Nano-SIM + Nano-SIM,"AMOLED, 1B colors, 120Hz, HDR, 5000 nits (peak)",120,6.78,1272x2772,450,88.4,Gorilla Glass 7i,Android 16,Mediatek Dimensity 6400 (6 nm),6,Octa-core (2x2.5 GHz Cortex-A76 & 6x2.0 GHz Cortex-A55),Mali-G57 MC2,8,12,256,512,UFS 2.2,200.0,2,1.8,Yes,,No,"LED flash, HDR, panorama","1440p@30fps, 1080p@30/60fps",32.0,No,,"1440p@30fps, 1080p@30fps","Wi-Fi 802.11 a/b/g/n/ac, dual-band",Yes,5.4,Type-C,No,"GPS, GLONASS, GALILEO, BDS, QZSS","Fingerprint (under display, optical), accelerometer, gyro, proximity, compass",5200,30,,No,,,399.0,379.98,,,,,,,"Pantone: Overture, Blue Atoll",XT2621-6,,,No
Asus,Xiaomi 17T Pro,https://www.gsmarena.com/xiaomi_17t_pro-14651.php,https://fdn2.gsmarena.com/vv/bigpic/xiaomi-17t-pro.jpg,GSM / HSPA / LTE / 5G,Yes,"2026, May 28","Available. Released 2026, May 28",162.2 x 77.5 x 8.3 mm (6.39 x 3.05 x 0.33 in),219.0,Glass,IP68,· Nano-SIM + Nano-SIM + eSIM + eSIM (max 2 at a time) · Nano-SIM + Nano-SIM,"AMOLED, 68B colors, 144Hz, 3840Hz PWM, Dolby Vision, HDR10+, 600 nits (typ), 2000 nits (HBM), 3500 nits (peak)",144,6.83,1280x2772,447,91.1,Gorilla Glass 7i,"Android 16, HyperOS 3",Mediatek Dimensity 9500 (3 nm),3,Octa-core (1x4.21 GHz C1-Ultra & 3x3.5 GHz C1-Premium & 4x2.7 GHz C1-Pro),Mali-G1 Ultra MC12,12,12,256,512,UFS 4.1,50.0,3,1.7,Yes,1/1.31,Yes,"Leica lens, Color spectrum sensor, Ultra HDR, LED flash, HDR, panorama","8K@30fps, 4K@30/60/120fps, 1080p@30/60/120/240/960fps, gyro-EIS, 10-bit Rec. 2020, HDR10+, Log",32.0,Yes,HDR,"4K@30fps, 1080p@30/60fps, HDR10+","Wi-Fi 802.11 a/b/g/n/ac/6e/7, dual-band, Wi-Fi Direct",Yes,6.0,Type-C,No,"GPS (L1+L5), BDS (B1I+B1C+B2a+B2b), GALILEO (E1+E5a+E5b), QZSS (L1+L5), NavIC (L5), GLONASS","Fingerprint (under display, optical), accelerometer, gyro, proximity, compass",7000,100,50,No,Active use score 21:41h,860.0,999.9,799.0,,2795030,9766,6939,1069,-25.6,"Deep Blue, Deep Violet, Black",2602EPTC0G,,,No
Asus,Xiaomi 17T,https://www.gsmarena.com/xiaomi_17t-14652.php,https://fdn2.gsmarena.com/vv/bigpic/xiaomi-17t.jpg,GSM / HSPA / LTE / 5G,Yes,"2026, May 28","Available. Released 2026, May 28",157.6 x 75.2 x 8.2 mm (6.20 x 2.96 x 0.32 in),200.0,Glass,IP68,· Nano-SIM + Nano-SIM + eSIM + eSIM (max 2 at a time) · Nano-SIM + Nano-SIM,"AMOLED, 68B colors, 120Hz, 3840Hz PWM, Dolby Vision, HDR10+, 3500 nits (peak)",120,6.59,1268x2756,460,89.8,Gorilla Glass 7i,"Android 16, HyperOS 3",Mediatek Dimensity 8500 Ultra (4 nm),4,Octa-core (1x3.4 GHz Cortex-A725 & 3x3.2 GHz Cortex-A725 & 4x2.2 GHz Cortex-A725),Mali-G720 MC8,12,12,256,512,UFS 4.1,50.0,3,1.7,Yes,1/1.55,Yes,"Leica lens, Color spectrum sensor, Ultra HDR, LED flash, HDR, panorama","4K@30/60fps, 1080p@30/60/120/240/960fps, gyro-EIS, 10-bit Rec. 2020, HDR10+, Log",32.0,Yes,HDR,"4K@30fps, 1080p@30/60fps, HDR10+","Wi-Fi 802.11 a/b/g/n/ac/6e, dual-band or tri-band, Wi-Fi Direct",Yes,6.0,Type-C,No,"GPS (L1+L5), BDS (B1I+B1c+B2a), GALILEO (E1+E5a), QZSS (L1+L5), NavIC (L5), GLONASS","Fingerprint (under display, optical), accelerometer, gyro, proximity, compass",6500,67,,No,Active use score 17:16h,,749.9,649.0,,1640834,6607,3563,1035,-24.6,"Violet, Blue, Opal White, Black","2602DPT53G, 2602DPT53I",,,No
Asus,Motorola Edge 70 Pro+,https://www.gsmarena.com/motorola_edge_70_pro+-14702.php,https://fdn2.gsmarena.com/vv/bigpic/motorola-edge-70-pro-plus.jpg,GSM / HSPA / LTE / 5G,Yes,"2026, June 01","Coming soon. Exp. release 2026, June",162.7 x 75.6 x 7.2 mm (6.41 x 2.98 x 0.28 in),190.0,Glass,IP68,Nano-SIM + Nano-SIM,"AMOLED, 1B colors, 144Hz, PWM, HDR10+, 1800 (HBM), 5200 nits (peak)",144,6.78,1272x2772,450,91.4,Gorilla Glass 7i,"Android 16, up to 3 major Android upgrades",Mediatek Dimensity 8500 Extreme (4 nm),4,Octa-core (1x3.4 GHz Cortex-A725 & 3x3.2 GHz Cortex-A725 & 4x2.2 GHz Cortex-A725),Mali-G720 MC8,12,12,256,256,UFS 4.1,50.0,3,1.8,Yes,1/1.56,Yes,"LED flash, HDR, panorama, Pantone Validated Colour and Skin Tones","4K@30/60/120fps, 1080p@30/60/120/240fps, gyro-EIS, HDR10+",50.0,Yes,HDR,"4K@30fps, 1080p@30/120fps","Wi-Fi 802.11 a/b/g/n/ac/6e/7, tri-band, Wi-Fi Direct",Yes,5.4,Type-C,No,"GPS, GLONASS, GALILEO","Fingerprint (under display, optical), accelerometer, gyro, proximity, compass",6500,90,15,Yes,,,440.0,,,,,,,,"Pantone: Stormy Sea (Green), Zinfandel (Red), Chicory Coffee (Wood)",,,,No
Asus,Samsung Galaxy A57,https://www.gsmarena.com/samsung_galaxy_a57-14379.php,https://fdn2.gsmarena.com/vv/bigpic/samsung-galaxy-a57.jpg,GSM / HSPA / LTE / 5G,Yes,"2026, March 25","Available. Released 2026, April 9",161.5 x 76.8 x 6.9 mm (6.36 x 3.02 x 0.27 in),179.0,Glass,IP68,· Nano-SIM + eSIM · Nano-SIM + Nano-SIM + eSIM + eSIM (max 2 at a time),"Super AMOLED+, 120Hz, HDR10+, 1200 nits (HBM), 1900 nits (peak)",120,6.7,1080x2340,385,88.8,Gorilla Glass Victus+,"Android 16, up to 6 major Android upgrades, One UI 8.5",Exynos 1680 (4 nm),4,Octa-core (1x2.9 GHz Cortex-720 & 4x2.6 GHz Cortex-720 & 3x1.95 GHz Cortex-520),Xclipse 550,8,12,128,512,UFS 3.1,50.0,3,1.8,Yes,1/1.56,Yes,"Best Face, LED flash, panorama, HDR","4K@30fps, 1080p@30/60fps, gyro-EIS",12.0,Yes,,"4K@30fps, 1080p@30/60fps, 10-bit HDR","Wi-Fi 802.11 a/b/g/n/ac/6e, dual-band or tri-band, Wi-Fi Direct",Yes,6.0,Type-C,No,"GPS, GALILEO, GLONASS, BDS, QZSS","Fingerprint (under display, optical), accelerometer, gyro, proximity, compass",5000,45,,No,Active use score 13:59h,489.99,337.0,386.24,51950,1001995,4411,1742,1309,-26.3,"Navy, Gray, Icyblue, Lilac","SM-A576B, SM-A576B/DS, SM-A576Q, SM-A576U1, SM-A576W, SM-A576Z, SM-A5760",0.85 W/kg (head) 1.20 W/kg (body),0.70 W/kg (head) 1.07 W/kg (body),No
Asus,Samsung Galaxy S26 Ultra,https://www.gsmarena.com/samsung_galaxy_s26_ultra-14320.php,https://fdn2.gsmarena.com/vv/bigpic/samsung-galaxy-s26-ultra-new.jpg,GSM / CDMA / HSPA / EVDO / LTE / 5G,Yes,"2026, February 25","Available. Released 2026, March 06",163.6 x 78.1 x 7.9 mm (6.44 x 3.07 x 0.31 in),214.0,Glass,IP68,· Nano-SIM + Nano-SIM + eSIM + eSIM (max 2 at a time) - INT · Nano-SIM + eSIM + eSIM (max 2 at a time) - USA · Nano-SIM + Nano-SIM - CN,"Dynamic LTPO AMOLED 2X, 120Hz, HDR10+, 2600 nits (peak)",120,6.9,1440x3120,500,90.7,"Corning Gorilla Armor 2, Mohs level 6","Android 16, up to 7 major Android upgrades, One UI 8.5",Qualcomm SM8850-1-AD Snapdragon 8 Elite Gen 5 (3 nm),3,Octa-core (2x4.74 GHz Oryon V3 Phoenix L + 6x3.62 GHz Oryon V3 Phoenix M),Adreno 840 (1.3GHz),12,16,256,512,UFS 4.X,200.0,4,1.4,Yes,1/1.3,Yes,"Laser AF, Best Face, Horizon Lock, LED flash, auto-HDR, panorama","8K@24/30fps, 4K@30/60/120fps, 1080p@30/60/120/240fps, 10-bit HDR, HDR10+, stereo sound rec., gyro-EIS",12.0,Yes,"HDR, HDR10+","4K@30/60fps, 1080p@30fps","Wi-Fi 802.11 a/b/g/n/ac/6e/7, tri-band, Wi-Fi Direct",Yes,6.0,Type-C,No,"GPS, GLONASS, BDS, GALILEO, QZSS","Fingerprint (under display, ultrasonic), accelerometer, gyro, proximity, compass, barometer",5000,60,25,Yes,Active use score 16:23h,1019.99,959.0,889.0,120999,2627986,11566,7744,1480,-25.9,"Cobalt Violet, Sky Blue, Black, White, Silver Shadow, Pink Gold","SM-S948B, SM-S948B/DS, SM-S948U, SM-S948U1, SM-S948W, SM-S948N, SM-S9480, SM-S948E, SM-S948E/DS",1.09 W/kg (head) 1.19 W/kg (body),1.28 W/kg (head) 1.35 W/kg (body),No
Asus,Samsung Galaxy A17,https://www.gsmarena.com/samsung_galaxy_a17-14041.php,https://fdn2.gsmarena.com/vv/bigpic/samsung-galaxy-a17-5g.jpg,GSM / HSPA / LTE / 5G,Yes,"2025, August 06","Available. Released 2025, August 14",164.4 x 77.9 x 7.5 mm (6.47 x 3.07 x 0.30 in),192.0,Glass,IP54,· Nano-SIM · Nano-SIM + eSIM · Nano-SIM + Nano-SIM,"Super AMOLED, 90Hz, 800 nits (HBM)",90,6.7,1080x2340,385,86.0,Gorilla Glass Victus,"Android 15, up to 6 major Android upgrades, One UI 8.5",Exynos 1330 (5 nm),5,Octa-core (2x2.4 GHz Cortex-A78 & 6x2.0 GHz Cortex-A55),Mali-G68 MP2,4,8,128,256,,50.0,3,1.8,Yes,1/2.76,No,"LED flash, panorama, HDR","1080p@30fps, gyro-EIS",13.0,No,,1080p@30fps,"Wi-Fi 802.11 a/b/g/n/ac, dual-band, Wi-Fi Direct",Yes,5.3,Type-C,No,"GPS, GALILEO, GLONASS, BDS, QZSS","Fingerprint (side-mounted), accelerometer, gyro, compass",5000,25,,No,Active use score 11:48h,99.88,149.99,114.99,18760,435787,2048,365,738,-26.4,"Black, Gray, Blue","SM-A176B, SM-A176B/DS",,0.67 W/kg (head) 0.97 W/kg (body),No
Asus,Motorola Edge (2026),https://www.gsmarena.com/motorola_edge_(2026)-14705.php,https://fdn2.gsmarena.com/vv/bigpic/motorola-edge-2026.jpg,GSM / HSPA / LTE / 5G,Yes,"2026, June 02","Coming soon. Exp. release 2026, June 11",152.3 x 72 x 7.2 mm (6.00 x 2.83 x 0.28 in),160.5,Glass,IP68,Nano-SIM + eSIM,"AMOLED, 1B colors, 120Hz, HDR10+, 5200 nits (peak)",120,6.3,1216x2640,460,89.1,Gorilla Glass 7i,Android 16,Mediatek Dimensity 7450 (4 nm),4,Octa-core (4x2.6 GHz Cortex-A78 & 4x2.0 GHz Cortex-A55),Mali-G615 MC2,8,8,128,128,UFS,50.0,3,1.8,Yes,1/1.56,Yes,"LED flash, HDR, panorama","4K@30fps, 1080p@30/60/120fps, gyro-EIS",50.0,Yes,HDR,"4K@30fps, 1080p@30fps","Wi-Fi 802.11 a/b/g/n/ac/6e, tri-band, Wi-Fi Direct",Yes,,Type-C,No,"GPS, GLONASS, GALILEO, BDS, NavIC","Fingerprint (under display, optical), accelerometer, gyro, proximity, compass",5000,68,15,No,,,520.0,,,,,,,,Pantone: Martini Olive,,,,No
Asus,Apple iPhone 17 Pro Max,https://www.gsmarena.com/apple_iphone_17_pro_max-13964.php,https://fdn2.gsmarena.com/vv/bigpic/apple-iphone-17-pro-max.jpg,GSM / CDMA / HSPA / EVDO / LTE / 5G,Yes,"2025, September 09","Available. Released 2025, September 19",163.4 x 78 x 8.8 mm (6.43 x 3.07 x 0.35 in),233.0,Ceramic,IP68,"· Nano-SIM + eSIM + eSIM (max 2 at a time; International) · eSIM + eSIM (8 or more, max 2 at a time; USA) · Nano-SIM + Nano-SIM (China)","LTPO Super Retina XDR OLED, 120Hz, HDR10, Dolby Vision, 1000 nits (typ), 1600 nits (HBM), 3000 nits (peak)",120,6.9,1320x2868,460,90.7,Ceramic Shield 2,"iOS 26, upgradable to iOS 26.5",Apple A19 Pro (3 nm),3,Hexa-core (2x4.26 GHz + 4x2.60 GHz),Apple GPU (6-core graphics),12,12,256,512,NVMe,48.0,3,1.8,Yes,1/1.28,Yes,"Dual-LED dual-tone flash, HDR (photo/panorama)","4K@24/25/30/60/100/120fps, 1080p@25/30/60/120/240fps, 10-bit HDR, Dolby Vision HDR (up to 120fps), ProRes, ProRes RAW (up to 120fps), Apple Log 2, 3D (spatial) video/audio, stereo sound rec.",18.0,Yes,"HDR, Dolby Vision HDR, 3D (spatial) audio, stereo sound rec., ProRes RAW, Apple Log 2","4K@24/25/30/60fps, 1080p@25/30/60/120fps, gyro-EIS","Wi-Fi 802.11 a/b/g/n/ac/6e/7, tri-band, hotspot",Yes,6.0,Type-C,No,"GPS (L1+L5), GLONASS, GALILEO, BDS, QZSS, NavIC","Face ID, accelerometer, gyro, proximity, compass, barometer",4823,25,25,No,Active use score 17:58h,965.76,1125.89,1038.99,149900,2600583,10118,6010,1000,-26.2,"Silver, Cosmic Orange, Deep Blue","iPhone18,2, A3526, A3257, A3527, A3525",1.19 W/kg (head) 1.19 W/kg (body),1.49 W/kg (head) 1.49 W/kg (body),No
Asus,Xiaomi Poco X8 Pro,https://www.gsmarena.com/xiaomi_poco_x8_pro-14506.php,https://fdn2.gsmarena.com/vv/bigpic/xiaomi-poco-x8-pro.jpg,GSM / HSPA / LTE / 5G,Yes,"2026, March 17","Available. Released 2026, March 17",157.5 x 75.2 x 8.4 mm (6.20 x 2.96 x 0.33 in),201.5,Glass,IP68,Nano-SIM + Nano-SIM,"AMOLED, 68B colors, 120Hz, 3840Hz PWM, Dolby Vision, HDR10+, 2000 nits (HBM), 3500 nits (peak)",120,6.59,1268x2756,460,89.8,Gorilla Glass 7i,"Android 16, HyperOS 3",Mediatek Dimensity 8500 Ultra (4 nm),4,Octa-core (1x3.4 GHz Cortex-A725 & 3x3.2 GHz Cortex-A725 & 4x2.2 GHz Cortex-A725),Mali-G720 MC8,8,12,256,512,UFS 4.1,50.0,2,1.5,Yes,1/1.95,Yes,"LED flash, HDR, panorama","4K@30/60fps, 1080p@30/60/120/240/960fps, gyro-EIS, HDR10+",20.0,No,,1080p@30/60fps,"Wi-Fi 802.11 a/b/g/n/ac/6, dual-band, Wi-Fi Direct",Yes,6.0,Type-C,No,"GPS (L1+L5), BDS (B1I+B1c+B2a), GALILEO (E1+E5a), QZSS (L1+L5), NavIC (L5), GLONASS","Fingerprint (under display, optical), accelerometer, gyro, compass, proximity",6500,100,,No,Active use score 16:52h,365.0,329.9,279.0,,1663640,6298,4103,1090,-24.8,"Black, White, Mint Green, Yellow",2511FPC34G,,,No
Asus,Xiaomi Redmi Note 15,https://www.gsmarena.com/xiaomi_redmi_note_15-14328.php,https://fdn2.gsmarena.com/vv/bigpic/xiaomi-redmi-note-15-global.jpg,GSM / HSPA / LTE / 5G,Yes,"2025, December 18","Available. Released 2026, January 06",164 x 75.4 x 7.4 mm (6.46 x 2.97 x 0.29 in),178.0,Glass,IP66,Nano-SIM + Nano-SIM,"AMOLED, 68B colors, 120Hz, 3840Hz PWM, HDR10+, 800 nits (typ), 3200 nits (peak)",120,6.77,1080x2392,388,89.7,"Scratch/drop-resistant glass, Mohs level","Android 15, up to 4 major Android upgrades, HyperOS 2",Qualcomm SM6475-AB Snapdragon 6 Gen 3 (4 nm),4,Octa-core (4x2.4 GHz Cortex-A78 & 4x1.8 GHz Cortex-A55),Adreno 710,6,12,128,512,UFS 2.2,108.0,2,1.7,Yes,1/1.67,Yes,"LED flash, HDR, panorama","4K@30fps, 1080p@30fps, gyro-EIS, OIS",20.0,No,,1080p@30fps,"Wi-Fi 802.11 a/b/g/n/ac, dual-band, Wi-Fi Direct",Yes,5.1,Type-C,No,"GPS, GLONASS, BDS, GALILEO","Fingerprint (under display, optical), accelerometer, gyro, compass",5520,45,,No,Active use score 14:12h,252.0,199.0,189.0,21189,637266,2958,861,1524,-23.4,"Black, Glacier Blue, Mist Purple","25096RA9BG, 25098RA98G",,1.00 W/kg (head) 0.99 W/kg (body),No
Asus,Samsung Galaxy A56,https://www.gsmarena.com/samsung_galaxy_a56-13603.php,https://fdn2.gsmarena.com/vv/bigpic/samsung-galaxy-a56-.jpg,GSM / HSPA / LTE / 5G,Yes,"2025, March 02","Available. Released 2025, March 10",162.2 x 77.5 x 7.4 mm (6.39 x 3.05 x 0.29 in),198.0,Glass,IP67,· Nano-SIM + eSIM · Nano-SIM + Nano-SIM + eSIM + eSIM (max 2 at a time),"Super AMOLED, 120Hz, HDR10+, 1200 nits (HBM), 1900 nits (peak)",120,6.7,1080x2340,385,87.7,Gorilla Glass Victus+,"Android 15, up to 6 major Android upgrades, One UI 8.5",Exynos 1580 (4 nm),4,Octa-core (1x2.9 GHz Cortex-A720 & 3x2.6 GHz Cortex-A720 & 4x1.9 GHz Cortex-A520),Xclipse 540,6,12,128,256,UFS 3.1,50.0,3,1.8,Yes,1/1.56,Yes,"Best Face, LED flash, panorama, HDR","4K@30fps, 1080p@30/60fps, gyro-EIS",12.0,Yes,,"4K@30fps, 1080p@30fps, 1080p@60fps (regional availability), 10-bit HDR","Wi-Fi 802.11 a/b/g/n/ac/6, dual-band, Wi-Fi Direct",Yes,5.3,Type-C,No,"GPS, GALILEO, GLONASS, BDS, QZSS","Fingerprint (under display, optical), accelerometer, gyro, compass",5000,45,,No,Active use score 12:08h,359.5,275.68,269.99,40999,908689,3899,1332,1213,-26.2,"Pink, Olive, Graphite, Lightgray","SM-A566V, SM-A566B, SM-A566B/DS, SM-A566E, SM-A566E/DS, SM-A5660, SM-A566U, SM-A566U1, SM-A566W, SM-A566S",1.32 W/kg (head),0.61 W/kg (head) 1.05 W/kg (body),No
Asus,Xiaomi 15 Ultra,https://www.gsmarena.com/xiaomi_15_ultra-13657.php,https://fdn2.gsmarena.com/vv/bigpic/xiaomi-15-ultra-.jpg,GSM / HSPA / LTE / 5G,Yes,"2025, February 27","Available. Released 2025, February 27",161.3 x 75.3 x 9.4 mm (6.35 x 2.96 x 0.37 in),226.0,Glass,IP68,· Nano-SIM + Nano-SIM · Nano-SIM + Nano-SIM + eSIM + eSIM (max 2 at a time),"LTPO AMOLED, 68B colors, 120Hz, 1920Hz PWM, Dolby Vision, HDR10+, HDR Vivid, 3200 nits (peak)",120,6.73,1440x3200,522,89.7,"Xiaomi Shield Glass 2.0, Mohs level 6","Android 15, up to 4 major Android upgrades, HyperOS 3",Qualcomm SM8750-AB Snapdragon 8 Elite (3 nm),3,Octa-core (2x4.32 GHz Oryon V2 Phoenix L + 6x3.53 GHz Oryon V2 Phoenix M),Adreno 830,12,16,256,512,UFS 4.1,50.0,4,1.6,Yes,1/2.51,Yes,"Laser AF, color spectrum sensor, Leica lenses, Dual-LED flash, HDR, panorama, 67mm filter ring holder (optional)","8K@30fps, 4K@30/60/120fps, 1080p@30/60/120/240/480/960/1920fps, gyro-EIS, Dolby Vision HDR 10-bit rec. (4K@60fps, 1080p)",32.0,Yes,"HDR, panorama","4K@30/60fps, 1080p@30/60fps, gyro-EIS","Wi-Fi 802.11 a/b/g/n/ac/6e/7, dual-band or tri-band, Wi-Fi Direct",Yes,6.0,Type-C,No,"GPS (L1+L5), BDS (B1I+B1c+B2a), GALILEO (E1+E5a), QZSS (L1+L5), NavIC (L5), GLONASS","Fingerprint (under display, ultrasonic), accelerometer, proximity, gyro, compass, barometer",5410,90,80,Yes,Active use score 16:13h,,776.09,1053.1,,,,,,-24.1,"Black, White, Silver Chrome, Green",25010PN30G,,1.00 W/kg (head) 1.00 W/kg (body),No
Asus,Xiaomi Poco X7 Pro,https://www.gsmarena.com/xiaomi_poco_x7_pro-13582.php,https://fdn2.gsmarena.com/vv/bigpic/xiaomi-poco-x7-pro.jpg,GSM / HSPA / LTE / 5G,Yes,"2025, January 09","Available. Released 2025, January 09",160.8 x 75.2 x 8.3 mm (6.33 x 2.96 x 0.33 in),195.0,Glass,IP68,Nano-SIM + Nano-SIM,"AMOLED, 68B colors, 120Hz, 1920Hz PWM, Dolby Vision, HDR10+, 1400 nits (HBM), 3200 nits (peak)",120,6.67,1220x2712,446,88.8,Gorilla Glass 7i,"Android 15, HyperOS 2",Mediatek Dimensity 8400 Ultra (4 nm),4,Octa-core (1x3.25 GHz Cortex-A725 & 3x3.0 GHz Cortex-A725 & 4x2.1 GHz Cortex-A725),Mali-G720 MC7,8,12,256,512,UFS 4.0,50.0,2,1.5,Yes,1/1.95,Yes,"LED flash, HDR, panorama","4K@24/30/60fps, 1080p@30/60/120/240/960fps, HDR10+, gyro-EIS, OIS",20.0,No,,1080p@30fps,"Wi-Fi 802.11 a/b/g/n/ac/6, dual-band, Wi-Fi Direct",Yes,5.4,Type-C,No,"GPS (L1+L5), GLONASS (G1), BDS (B1I+B1c+B2a), GALILEO (E1+E5a), NavIC (L5)","Fingerprint (under display, optical), accelerometer, gyro, proximity, compass",6000,90,,No,Active use score 12:43h,378.2,319.0,211.56,31850,1568331,6311,3880,1265,-24.7,"Black/Yellow, White, Green, Red (Iron Man Edition)","2412DPC0AG, 2412DPC0AI",1.09 W/kg (head) 1.08 W/kg (body),0.99 W/kg (head) 0.99 W/kg (body),No
Asus,Xiaomi 17 Pro Max,https://www.gsmarena.com/xiaomi_17_pro_max-14181.php,https://fdn2.gsmarena.com/vv/bigpic/xiaomi-17-pro-max.jpg,GSM / HSPA / LTE / 5G,Yes,"2025, September 25","Available. Released 2025, September 25",162.9 x 77.6 x 8 mm (6.41 x 3.06 x 0.31 in),219.0,Glass,IP68,Nano-SIM + Nano-SIM,"LTPO AMOLED, 68B colors, 2160Hz PWM, 120Hz, Dolby Vision, HDR Vivid, HDR10+, 3500 nits (peak)",160,6.9,1200x2608,416,92.3,Xiaomi Dragon Crystal Glass 3,"Android 16, HyperOS 3",Qualcomm SM8850-AC Snapdragon 8 Elite Gen 5 (3 nm),3,Octa-core (2x4.6 GHz Oryon V3 Phoenix L + 6x3.62 GHz Oryon V3 Phoenix M),Adreno 840,12,16,512,512,UFS 4.1,50.0,3,1.7,Yes,1/1.28,Yes,"Laser AF, color spectrum sensor, Leica lens, Dual-LED dual-tone flash, HDR, panorama","8K@30fps (HDR), 4K@30/60/120fps (HDR10+, 10-bit Dolby Vision HDR, 10-bit LOG), 1080p@30/60/120/240/960fps, 720p@1920fps, gyro-EIS",50.0,Yes,"HDR, panorama","4K@30/60fps, 1080p@30/60fps, HDR10+, gyro-EIS","Wi-Fi 802.11 a/b/g/n/ac/6e/7, dual-band, Wi-Fi Direct",Yes,5.4,Type-C,No,"GPS (L1+L5), BDS (B1I+B1c+B2a), GALILEO (E1+E5a), QZSS (L1+L5), NavIC (L5), GLONASS","Fingerprint (under display, ultrasonic), accelerometer, proximity, gyro, compass, barometer",7500,100,50,Yes,Active use score 20:50h,,720.0,,,2456317,10600,6761,1026,-26.1,"Black, White, Purple, Green",2509FPN0BC,,,No
Asus,OnePlus 15,https://www.gsmarena.com/oneplus_15-14206.php,https://fdn2.gsmarena.com/vv/bigpic/oneplus-15.jpg,GSM / HSPA / LTE / 5G,Yes,"2025, October 27","Available. Released 2025, October 28",161.4 x 76.7 x 8.1 mm (6.35 x 3.02 x 0.32 in),211.0,Glass,IP68,· Nano-SIM + Nano-SIM + eSIM (max 2 at a time) · Nano-SIM + Nano-SIM,"LTPO AMOLED, 1B colors, 165Hz, PWM, Dolby Vision, HDR10+, HDR Vivid, 800 nits (typ), 1800 nits (HBM)",165,6.78,1272x2772,450,90.8,Gorilla Glass Victus,"Android 16, OxygenOS 16 (Global), ColorOS 16 (China)",Qualcomm SM8850-AC Snapdragon 8 Elite Gen 5 (3 nm),3,Octa-core (2x4.6 GHz Oryon V3 Phoenix L + 6x3.62 GHz Oryon V3 Phoenix M),Adreno 840,12,16,256,512,UFS 4.1,50.0,3,1.8,Yes,1/1.56,Yes,"Laser focus, color spectrum sensor, LED flash, HDR, panorama, LUT preview","8K@30fps, 4K@30/60/120fps, 1080p@30/60/240fps, Auto HDR, gyro-EIS, Dolby Vision, LUT",32.0,Yes,"HDR, panorama","4K@30/60fps, 1080p@30/60fps, gyro-EIS, HDR","Wi-Fi 802.11 a/b/g/n/ac/6/7, dual or tri-band, Wi-Fi Direct",Yes,6.0,Type-C,No,"GPS (L1+L5), GLONASS (G1), BDS (B1I+B1c+B2a), GALILEO (E1+E5a), QZSS (L1+L5), NavIC (L5)","Fingerprint (under display, ultrasonic), accelerometer, proximity, gyro (UAV-grade), compass, barometer (exc. China)",7300,120,50,Yes,Active use score 23:07h,749.95,780.9,799.99,77999,2790237,11062,7370,1364,-24.8,"Infinite Black, Ultra Violet, Sand Storm","CPH2747, CPH2745, PLK110, CPH2749",1.17 W/kg (head) 1.00 W/kg (body),,No
Asus,Samsung Galaxy S25,https://www.gsmarena.com/samsung_galaxy_s25-13610.php,https://fdn2.gsmarena.com/vv/bigpic/samsung-galaxy-s25-sm-s931.jpg,GSM / CDMA / HSPA / EVDO / LTE / 5G,Yes,"2025, January 22","Available. Released 2025, February 03",146.9 x 70.5 x 7.2 mm (5.78 x 2.78 x 0.28 in),162.0,Glass,IP68,· Nano-SIM + Nano-SIM + eSIM + eSIM (max 2 at a time) - INT · Nano-SIM + eSIM + eSIM (max 2 at a time) - USA · Nano-SIM + Nano-SIM - CN,"Dynamic LTPO AMOLED 2X, 120Hz, HDR10+, 2600 nits (peak)",120,6.2,1080x2340,416,91.1,Gorilla Glass Victus,"Android 15, up to 7 major Android upgrades, One UI 8",Qualcomm SM8750-AC Snapdragon 8 Elite (3 nm),3,Octa-core (2x4.47 GHz Oryon V2 Phoenix L + 6x3.53 GHz Oryon V2 Phoenix M),Adreno 830 (1200 MHz),12,12,128,512,UFS 4.0,50.0,3,1.8,Yes,1/1.56,Yes,"Best Face, LED flash, auto-HDR, panorama","8K@24/30fps, 4K@30/60fps, 1080p@30/60/120/240fps, 10-bit HDR, HDR10+, stereo sound rec., gyro-EIS",12.0,Yes,"HDR, HDR10+","4K@30/60fps, 1080p@30fps","Wi-Fi 802.11 a/b/g/n/ac/6e/7, tri-band, Wi-Fi Direct",Yes,5.4,Type-C,No,"GPS, GLONASS, BDS, GALILEO, QZSS","Fingerprint (under display, ultrasonic), accelerometer, gyro, proximity, compass, barometer",4000,25,15,Yes,Active use score 13:09h,424.95,492.0,421.96,56899,2193701,10050,6755,1395,-26.1,"Icy Blue, Mint, Navy, Silver Shadow, Pink Gold, Coral Red, Blue Black","SM-S931B, SM-S931B/DS, SM-S931U, SM-S931U1, SM-S931W, SM-S931N, SM-S9310, SM-S931E, SM-S931E/DS",1.13 W/kg (head) 0.92 W/kg (body),1.29 W/kg (head) 1.36 W/kg (body),No
Asus,Xiaomi 17 Ultra,https://www.gsmarena.com/xiaomi_17_ultra-14380.php,https://fdn2.gsmarena.com/vv/bigpic/xiaomi-17-ultra-global.jpg,GSM / HSPA / LTE / 5G,Yes,"2026, February 28","Available. Released 2026, March 10",162.9 x 77.6 x 8.3 mm (6.41 x 3.06 x 0.33 in),218.4,Glass,IP68,Nano-SIM + Nano-SIM + eSIM + eSIM + eSIM (max 2 at a time),"LTPO AMOLED, 68B colors, 120Hz, 2160Hz PWM, Dolby Vision, HDR10+, 3500 nits (peak)",120,6.9,1200x2608,416,92.3,Xiaomi Shield Glass 3.0,"Android 16, HyperOS 3",Qualcomm SM8850-AC Snapdragon 8 Elite Gen 5 (3 nm),3,Octa-core (2x4.6 GHz Oryon V3 Phoenix L + 6x3.62 GHz Oryon V3 Phoenix M),Adreno 840,16,16,512,512,UFS 4.1,50.0,3,1.7,Yes,1/1.4,Yes,"Laser AF, color spectrum sensor, Leica lenses, Dual-LED flash, HDR, panorama","8K@30fps, 4K@30/60/120fps, 1080p@30/60/120/240/480/960/1920fps, gyro-EIS, Dolby Vision HDR 10-bit rec. (4K@60fps, 1080p)",50.0,Yes,"HDR, panorama","4K@30/60fps, 1080p@30/60/120fps, gyro-EIS","Wi-Fi 802.11 a/b/g/n/ac/6e/7, dual-band or tri-band, Wi-Fi Direct",Yes,6.0,Type-C,No,"GPS (L1+L5), BDS (B1I+B1c+B2a), GALILEO (E1+E5a), QZSS (L1+L5), NavIC (L5), GLONASS","Fingerprint (under display, ultrasonic), accelerometer, proximity, gyro, compass, barometer",6000,90,50,Yes,Active use score 19:09h,,1249.0,1199.0,139997,2777490,10896,6948,1132,-24.1,"Black, White, Starlit Green","25128PNA1G, 2512BPNDAG",,,No
Asus,Oppo Find X9 Pro,https://www.gsmarena.com/oppo_find_x9_pro-14094.php,https://fdn2.gsmarena.com/vv/bigpic/oppo-find-x9-pro.jpg,GSM / HSPA / LTE / 5G,Yes,"2025, October 16","Available. Released 2025, October 22",161.3 x 76.5 x 8.3 mm (6.35 x 3.01 x 0.33 in),224.0,Glass,IP68,· Nano-SIM + eSIM · Nano-SIM + Nano-SIM,"LTPO AMOLED, 1B colors, 120Hz, 2160Hz PWM, Dolby Vision, HDR10+, HDR Vivid, 800 nits (typ), 1800 nits (HBM), 3600 nits (peak)",120,6.78,1272x2772,450,91.1,Gorilla Glass Victus,"Android 16, up to 5 major Android upgrades, ColorOS 16",Mediatek Dimensity 9500 (3 nm),3,Octa-core (1x4.21 GHz C1-Ultra & 3x3.5 GHz C1-Premium & 4x2.7 GHz C1-Pro),Arm G1-Ultra,12,16,256,512,UFS 4.1,50.0,3,1.5,Yes,1/1.28,Yes,"Laser AF, color spectrum sensor, Hasselblad Color Calibration, LED flash, HDR, panorama, LUT preview","4K@30/60/120fps, 1080p@30/60/240fps; gyro-EIS; HDR, 10‑bit video, Dolby Vision, LOG",50.0,Yes,Panorama,"4K@30/60fps, 1080p@30/60fps, gyro-EIS","Wi-Fi 802.11 a/b/g/n/ac/6/7, dual-band or tri-band, Wi-Fi Direct",Yes,6.0,Type-C,No,"GPS (L1+L5), BDS (B1I+B1c+B2a+B2b), GALILEO (E1+E5a+E5b), QZSS (L1+L5), GLONASS, NavIC (L5)","Fingerprint (under display, ultrasonic), accelerometer, gyro, proximity, compass, barometer",7500,80,50,Yes,Active use score 21:57h,,1169.0,849.97,,2719560,9697,6808,1175,-26.6,"Silk White, Titanium Charcoal, Velvet Red","CPH2791, PLG110",,,No
Asus,Asus Zenfone 4 Selfie ZB553KL,https://www.gsmarena.com/asus_zenfone_4_selfie_zb553kl-8862.php,https://fdn2.gsmarena.com/vv/bigpic/asus-zenfone-4-selfie-zb553kl.jpg,GSM / HSPA / LTE,No,"2017, September. Released 2017, November",Discontinued,155.7 x 75.9 x 7.9 mm (6.13 x 2.99 x 0.31 in),144.0,,,Nano-SIM + Nano-SIM,IPS LCD,,5.5,720x1280,267,70.6,,"Android 7.0 (Nougat), upgradable to Android 8.1 (Oreo), ZenUI 5",Qualcomm MSM8937 Snapdragon 430 (28 nm),28,Octa-core 1.4 GHz Cortex-A53,Adreno 505,3,3,32,32,eMMC 5.1,13.0,1,,No,,No,"LED flash, panorama, HDR",1080p@30fps,13.0,No,LED flash,,"Wi-Fi 802.11 b/g/n, Wi-Fi Direct",No,4.1,Micro-USB,Yes,"GPS, GLONASS, BDS","Fingerprint (front-mounted), accelerometer, gyro, proximity, compass",3000,,,No,,,150.0,,,,,,,,"Deepsea Black, Rose Pink, Sunlight Gold",X00LDB,,,FM radio
Asus,Asus Zenfone 4 Selfie Pro ZD552KL,https://www.gsmarena.com/asus_zenfone_4_selfie_pro_zd552kl-8808.php,https://fdn2.gsmarena.com/vv/bigpic/asus-zenfone-4-selfie-pro-zd552kl.jpg,GSM / HSPA / LTE,No,"2017, August. Released 2017, October",Discontinued,154 x 74.8 x 6.9 mm (6.06 x 2.94 x 0.27 in),147.0,,,Nano-SIM + Nano-SIM,AMOLED,,5.5,1080x1920,401,72.4,Gorilla Glass 5,"Android 7 (Nougat), ZenUI 4",Qualcomm MSM8953 Snapdragon 625 (14 nm),14,Octa-core 2.0 GHz Cortex-A53,Adreno 506,3,4,64,64,eMMC 5.1,16.0,1,,No,,Yes,"Dual-LED dual-tone flash, HDR, panorama","4K@30fps, 1080p@30/60fps, 720p@120fps",12.0,Yes,"LED flash, panorama, HDR",4K@30fps,"Wi-Fi 802.11 b/g/n, Wi-Fi Direct",No,4.2,Micro-USB,Yes,"GPS, GLONASS, BDS, GALILEO","Fingerprint (front-mounted), accelerometer, gyro, proximity, compass",3000,18,,No,,,250.0,,,,,,,,"Rouge Red, Sunlight Gold, Deepsea Black","Z01MD, Z01MDA",,,FM radio
Asus,Asus Zenfone 4 Selfie ZD553KL,https://www.gsmarena.com/asus_zenfone_4_selfie_zd553kl-8784.php,https://fdn2.gsmarena.com/vv/bigpic/asus-zenfone-4-selfie-zd553kl.jpg,GSM / HSPA / LTE,No,"2017, August. Released 2017, October",Discontinued,155.7 x 75.9 x 7.9 mm (6.13 x 2.99 x 0.31 in),144.0,Glass,,Nano-SIM + Nano-SIM,IPS LCD,,5.5,720x1280,267,70.6,,"Android 7.0 (Nougat), upgradable to Android 8.1 (Oreo), ZenUI 5",Qualcomm MSM8937 Snapdragon 430 (28 nm),28,Octa-core 1.4 GHz Cortex-A53,Adreno 505,4,4,64,64,eMMC 5.1,16.0,1,,No,,No,"LED flash, panorama, HDR",1080p@30fps,20.0,No,"LED flash, panorama, HDR",,"Wi-Fi 802.11 b/g/n, Wi-Fi Direct",No,4.1,Micro-USB,Yes,"GPS, GLONASS, BDS, GALILEO","Fingerprint (front-mounted), accelerometer, gyro, proximity, compass",3000,,,No,,,250.0,,,,,,,,"Deepsea Black, Mint Green, Rose Pink, Sunlight Gold",X00LD,,,FM radio
Asus,Asus Zenfone 4 Max ZC520KL,https://www.gsmarena.com/asus_zenfone_4_max_zc520kl-8811.php,https://fdn2.gsmarena.com/vv/bigpic/asus-ZC520KL.jpg,GSM / HSPA / LTE,No,"2017, August. Released 2017, October",Discontinued,150.5 x 73.3 x 8.8 mm (5.93 x 2.89 x 0.35 in),156.0,,,Nano-SIM + Micro-SIM,IPS LCD,,5.2,720x1280,282,67.6,,"Android 7 (Nougat), upgradable to Android 8 (Oreo), ZenUI 4",Qualcomm MSM8917 Snapdragon 425 (28 nm),28,Quad-core 1.4 GHz Cortex-A53,Adreno 308,2,3,16,32,eMMC 5.1,13.0,2,,No,,No,"LED flash, HDR, panorama",1080p@30fps,8.0,No,LED flash,1080p@30fps,"Wi-Fi 802.11 b/g/n, Wi-Fi Direct",No,4.1,Micro-USB,Yes,"GPS, GLONASS","Fingerprint (front-mounted), accelerometer, gyro, proximity, compass",4100,,,No,,,180.0,,,,,,,,"Black, Gold, Silver",X00HD,,,FM radio
Asus,Asus Zenfone 4 Max Pro ZC554KL,https://www.gsmarena.com/asus_zenfone_4_max_pro_zc554kl-8814.php,https://fdn2.gsmarena.com/vv/bigpic/asus-zenfone-4-max-zc554kl.jpg,GSM / HSPA / LTE,No,"2017, August. Released 2017, September",Discontinued,154 x 76.9 x 8.9 mm (6.06 x 3.03 x 0.35 in),181.0,Glass,,Nano-SIM + Nano-SIM,IPS LCD,,5.5,720x1280,267,70.4,,"Android 7 (Nougat), ZenUI 4",Qualcomm MSM8917 Snapdragon 425 (28 nm) Qualcomm MSM8937 Snapdragon 430 (28 nm),28,Quad-core 1.4 GHz Cortex-A53 Octa-core 1.4 GHz Cortex-A53,Adreno 308 Adreno 505,2,3,32,32,eMMC 5.1,16.0,1,2.0,No,,No,"LED flash, HDR, panorama",1080p@30fps,16.0,No,LED,,"Wi-Fi 802.11 b/g/n, Wi-Fi Direct",No,4.1,Micro-USB,Yes,"GPS, GLONASS, BDS, GALILEO","Fingerprint (front-mounted), accelerometer, gyro, proximity, compass",5000,18,,No,,,250.0,,,,,,,,"Deepsea Black, Sunlight Gold, Rose Pink",,,,No
Asus,Asus Zenfone 4 Max Plus ZC554KL,https://www.gsmarena.com/asus_zenfone_4_max_plus_zc554kl-8810.php,https://fdn2.gsmarena.com/vv/bigpic/asus-zenfone-4-max-zc554kl.jpg,GSM / HSPA / LTE,No,"2017, August. Released 2017, September",Discontinued,154 x 76.9 x 8.9 mm (6.06 x 3.03 x 0.35 in),181.0,,,Nano-SIM + Micro-SIM,IPS LCD,,5.5,720x1280,267,70.4,,"Android 7 (Nougat), ZenUI 4",Qualcomm MSM8917 Snapdragon 425 (28 nm),28,Quad-core 1.4 GHz Cortex-A53,Adreno 308,3,3,32,32,eMMC 5.1,13.0,2,,No,,No,"LED flash, HDR, panorama",1080p@30fps,8.0,No,LED,,"Wi-Fi 802.11 b/g/n, Wi-Fi Direct",No,4.1,Micro-USB,Yes,"GPS, GLONASS","Fingerprint (front-mounted), accelerometer, gyro, proximity, compass",5000,,,No,,,220.0,,,,,,,,"Deepsea Black, Sunlight Gold, Rose Pink","ZC550TL, ZC554KL, X015D",,,No
Asus,Asus Zenfone 4 Max ZC554KL,https://www.gsmarena.com/asus_zenfone_4_max_zc554kl-8749.php,https://fdn2.gsmarena.com/vv/bigpic/asus-zenfone-4-max-zc554kl.jpg,GSM / HSPA / LTE,No,"2017, July. Released 2017, September",Discontinued,154 x 76.9 x 8.9 mm (6.06 x 3.03 x 0.35 in),181.0,Glass,,Nano-SIM + Nano-SIM,S-IPS LCD,,5.5,720x1280,267,70.4,Corning Gorilla Glass (unspecified versi,"Android 7 (Nougat), ZenUI 4",Qualcomm MSM8937 Snapdragon 430 (28 nm),28,Octa-core 1.4 GHz Cortex-A53,Adreno 505,3,3,32,32,eMMC 5.1,13.0,2,2.0,No,,No,"LED flash, HDR, panorama",1080p@30fps,8.0,No,LED flash,,"Wi-Fi 802.11 b/g/n, Wi-Fi Direct",No,4.1,Micro-USB,Yes,"GPS, GLONASS, BDS","Fingerprint (front-mounted), accelerometer, gyro, proximity, compass",5000,10,,No,,,270.0,,,,,,,,"Titanium Gray, Rose Pink, Sand Gold, Deepsea Black","X00ID, X00IS, X00HDA, ZC554KL",,,FM radio
Asus,Asus Zenpad Z8s ZT582KL,https://www.gsmarena.com/asus_zenpad_z8s_zt582kl-8801.php,https://fdn2.gsmarena.com/vv/bigpic/asus-zenpad-z8s-zt582kl.jpg,GSM / HSPA / LTE,No,"2017, August. Released 2017, August",Discontinued,204 x 133.9 x 6.9 mm (8.03 x 5.27 x 0.27 in),306.0,Glass,,Nano-SIM,S-IPS LCD,,7.9,1536x2048,324,70.8,,Android 7.0 (Nougat),Qualcomm MSM8976 Snapdragon 652 (28 nm),28,Octa-core (4x1.8 GHz Cortex-A72 & 4x1.2 GHz Cortex-A53),Adreno 510,3,3,16,16,eMMC 5.1,13.0,1,2.0,No,,No,,1080p@30fps,5.0,No,,,"Wi-Fi 802.11 a/b/g/n/ac, dual-band, Wi-Fi Direct",No,4.2,Type-C,Yes,"GPS, GLONASS","Accelerometer, gyro, proximity, compass",4680,,,No,,,210.0,,,,,,,,Black,,1.19 W/kg (body),,No
Asus,Asus Zenpad 3s 8.0 Z582KL,https://www.gsmarena.com/asus_zenpad_3s_8_0_z582kl-8711.php,https://fdn2.gsmarena.com/vv/bigpic/asus-zenpad-3-80-z581kl-.jpg,GSM / HSPA / LTE,No,"2017, May. Released 2017, November",Discontinued,6.9 mm thickness,,,,Micro-SIM,IPS LCD,,7.9,1536x2048,324,,,Android 7.1 (Nougat),Qualcomm MSM8976 Snapdragon 652 (28 nm),28,Octa-core (4x1.8 GHz Cortex-A72 & 4x1.4 GHz Cortex-A53),Adreno 510,3,4,32,64,eMMC 5.1,13.0,1,2.0,No,,No,,1080p@30fps,5.0,No,,,"Wi-Fi 802.11 a/b/g/n/ac, dual-band, Wi-Fi Direct",No,4.1,Type-C,Yes,"GPS, GLONASS","Accelerometer, gyro, proximity, compass",4680,,,No,,,250.0,,,,,,,,Black,,,,No
Asus,Asus Zenfone Go ZB552KL,https://www.gsmarena.com/asus_zenfone_go_zb552kl-8681.php,https://fdn2.gsmarena.com/vv/bigpic/asus-zenfone-go-zb551kl.jpg,GSM / HSPA / LTE,No,"2017, May. Released 2017, May",Discontinued,153.4 x 76.4 x 10.9 mm (6.04 x 3.01 x 0.43 in),168.0,,,"Dual SIM (Micro-SIM, dual stand-by)",IPS LCD,,5.5,720x1280,267,71.2,,"Android 6 (Marshmallow), ZenUI 3",Qualcomm MSM8916 Snapdragon 410 (28 nm),28,Quad-core 1.2 GHz Cortex-A53,Adreno 306,2,2,16,32,eMMC 4.5,13.0,1,2.0,No,,No,"Dual-LED dual-tone flash, HDR, panorama",1080p@30fps,5.0,No,,,"Wi-Fi 802.11 b/g/n, Wi-Fi Direct",No,4.0,Micro-USB,Yes,"GPS, GLONASS, BDS","Accelerometer, proximity, compass",3000,,,No,,,120.0,,,,,,,,"Charcoal Black, Pearl White, Glamor Red, Sheer Gold, Glacier Gray, Silver Blue","X007D, X007DA",,,FM radio
Asus,Asus Zenfone Live ZB501KL,https://www.gsmarena.com/asus_zenfone_live_zb501kl-8579.php,https://fdn2.gsmarena.com/vv/bigpic/asus-zenfone-live-zb501kl.jpg,GSM / HSPA / LTE,No,"2017, February. Released 2017, March",Discontinued,141.2 x 71.7 x 8 mm (5.56 x 2.82 x 0.31 in),120.0,Glass,,Nano-SIM + Nano-SIM,IPS LCD,,5.0,720x1280,294,68.1,,"Android 6.0 (Marshmallow), ZenUI 3.5",Qualcomm MSM8916 Snapdragon 410 (28 nm),28,Quad-core 1.2 GHz Cortex-A53,Adreno 306,2,2,16,32,eMMC 4.5,13.0,1,2.0,No,,No,"LED flash, panorama",1080p@30fps,5.0,No,LED falsh,,"Wi-Fi 802.11 b/g/n, Wi-Fi Direct",No,4.0,Micro-USB,Yes,"GPS, GLONASS","Accelerometer, proximity, compass",2650,,,No,,,150.0,,,,,,,,"Shimmer Gold/Rose, Pink/Navy Black",A007,,,FM radio
Asus,Asus Zenfone 3s Max ZC521TL,https://www.gsmarena.com/asus_zenfone_3s_max_zc521tl-8550.php,https://fdn2.gsmarena.com/vv/bigpic/asus-zenfone-3s-max-zc-521tl.jpg,GSM / HSPA / LTE,No,"2017, January. Released 2017, February",Discontinued,149.5 x 73.7 x 8.9 mm (5.89 x 2.90 x 0.35 in),175.0,,,Nano-SIM + Micro-SIM,IPS LCD,,5.2,720x1280,282,67.7,,"Android 7 (Nougat), ZenUI 3",Mediatek MT6750 (28 nm),28,Octa-core (4x1.5 GHz Cortex-A53 & 4x1.0 GHz Cortex-A53),Mali-T860MP2,3,3,32,32,eMMC 5.1,13.0,1,2.0,No,,No,"Dual-LED dual-tone flash, panorama, HDR",1080p@30fps,8.0,No,,1080p@30fps,"Wi-Fi 802.11 a/b/g/n/ac, dual-band, Wi-Fi Direct",No,4.0,Micro-USB,Yes,"GPS, GLONASS, BDS","Fingerprint (front-mounted), accelerometer, gyro, proximity, compass",5000,,,No,,,180.0,,,,,,,,"Gold, Black",X00GD,,,FM radio
Asus,Asus Zenpad 3S 10 Z500KL,https://www.gsmarena.com/asus_zenpad_3s_10_z500kl-8543.php,https://fdn2.gsmarena.com/vv/bigpic/asus-zenpad-3s.jpg,GSM / HSPA / LTE,No,"2017, January. Released 2017, January",Discontinued,242.3 x 164.2 x 6.8 mm (9.54 x 6.46 x 0.27 in),490.0,,,Nano-SIM + Nano-SIM,IPS LCD,,9.7,1536x2048,264,73.2,Oleophobic coating,Android 6.0 (Marshmallow),Qualcomm MSM8956 Snapdragon 650,,Hexa-core (4x1.4 GHz Cortex-A53 & 2x1.8 GHz Cortex-A72),Adreno 510,4,4,32,32,eMMC 4.5,8.0,1,,No,,No,"HDR, panorama",1080p@30fps,5.0,No,,1080p@30fps,"Wi-Fi 802.11 a/b/g/n/ac, dual-band, Wi-Fi Direct",No,4.1,Type-C,Yes,"GPS, GLONASS","Accelerometer, gyro, proximity, compass",7800,18,,No,,,350.0,,,,,,,,"Silver, Grey",,,,No
Asus,Asus Zenfone AR ZS571KL,https://www.gsmarena.com/asus_zenfone_ar_zs571kl-8502.php,https://fdn2.gsmarena.com/vv/bigpic/asus-zenfone-ar-.jpg,GSM / HSPA / LTE,No,"2017, January. Released 2017, June",Discontinued,158.7 x 77.7 x 9 mm (6.25 x 3.06 x 0.35 in),170.0,,,Nano-SIM + Nano-SIM,Super AMOLED,,5.7,1440x2560,515,72.6,Corning Gorilla Glass 4,"Android 7 (Nougat), ZenUI 3",Qualcomm MSM8996 Snapdragon 821 (14 nm),14,Quad-core (2x2.35 GHz Kryo & 2x1.6 GHz Kryo),Adreno 530,6,8,64,256,,23.0,1,2.0,Yes,1/2.6,Yes,"Dual-LED dual-tone flash, HDR, panorama","4K@24fps, 1080p@30fps",8.0,No,,1080p@30fps,"Wi-Fi 802.11 a/b/g/n/ac, dual-band, Wi-Fi Direct",No,4.2,Type-C,Yes,"GPS, GLONASS, BDS","Fingerprint (front-mounted), accelerometer, gyro, proximity, compass, barometer",3300,18,,No,,,370.0,,,,,,,,Black,"A002A, A002, V570KL, ZS571KL",,,FM radio
Asus,Asus Zenfone 3 Zoom ZE553KL,https://www.gsmarena.com/asus_zenfone_3_zoom_ze553kl-8509.php,https://fdn2.gsmarena.com/vv/bigpic/asus-zenfone-3-zoom-ze553kl.jpg,GSM / HSPA / LTE,No,"2017, January. Released 2017, February",Discontinued,154.3 x 77 x 8 mm (6.07 x 3.03 x 0.31 in),170.0,,,Nano-SIM + Nano-SIM,AMOLED,,5.5,1080x1920,401,70.2,Gorilla Glass 5,"Android 6.1 (Marshmallow), upgradable to Android 8 (Oreo), ZenUI 3",Qualcomm MSM8953 Snapdragon 625 (14 nm),14,Octa-core 2.0 GHz Cortex-A53,Adreno 506,3,4,32,128,eMMC 5.1,12.0,2,1.7,Yes,1/2.55,Yes,"Laser AF, Dual-LED dual-tone flash, panorama, HDR","4K@24fps, 1080p@30fps",13.0,No,,1080p@30fps,Wi-Fi 802.11 b/g/n,No,4.2,Type-C,Yes,"GPS, GLONASS, BDS","Fingerprint (rear-mounted), accelerometer, gyro, proximity, compass",5000,18,,No,,,320.0,,,,,,,,"Navy Black, Glacier Silver, Rose Gold","Z01HD, Z01HDA, ZE553KL",,,FM radio
Asus,Asus Zenfone Go ZB690KG,https://www.gsmarena.com/asus_zenfone_go_zb690kg-8503.php,https://fdn2.gsmarena.com/vv/bigpic/asus-zenfone-go-zb690kg.jpg,GSM / HSPA,No,"2016, December. Released 2016, December",Discontinued,188 x 101.4 x 8.9 mm (7.40 x 3.99 x 0.35 in),270.0,,,"Dual SIM (Micro-SIM, dual stand-by)",IPS LCD,,6.9,600x1024,172,70.3,,Android 5.1 (Lollipop),,,Quad-core,,1,1,8,8,,5.0,1,2.0,No,,No,"LED flash, HDR",1080p@30fps,2.0,No,,,"Wi-Fi 802.11 b/g/n, hotspot",No,4.0,Micro-USB,Yes,"GPS, GLONASS, BDS","Accelerometer, proximity, compass",3480,,,No,,,120.0,,,,,,,,"Glacier Grey, Pearl White",L001,,,No
Asus,Asus Zenpad 3 8.0 Z581KL,https://www.gsmarena.com/asus_zenpad_3_8_0_z581kl-8493.php,https://fdn2.gsmarena.com/vv/bigpic/asus-zenpad-3-80-z581kl-.jpg,GSM / HSPA / LTE,No,"2016, December. Released 2017, January",Discontinued,205.4 x 136.4 x 7.6 mm (8.09 x 5.37 x 0.30 in),320.0,,,Micro-SIM,IPS LCD,,7.9,1536x2048,324,69.0,,Android 6.0 (Marshmallow),Qualcomm MSM8956 Snapdragon 650,,Hexa-core (4x1.4 GHz Cortex-A53 & 2x1.8 GHz Cortex-A72),Adreno 510,4,4,32,32,eMMC 4.5,8.0,1,,No,,No,,1080p@30fps,2.0,No,,,"Wi-Fi 802.11 a/b/g/n/ac, dual-band, Wi-Fi Direct",No,4.1,Type-C,Yes,"GPS, GLONASS","Accelerometer, gyro, proximity, compass",4680,,,No,,,280.0,,,,,,,,Black,,,,No
Asus,Asus Zenfone Go ZB500KL,https://www.gsmarena.com/asus_zenfone_go_zb500kl-8467.php,https://fdn2.gsmarena.com/vv/bigpic/asus-zenfone-go-zb500kl.jpg,GSM / HSPA / LTE,No,"2016, October. Released 2016, October",Discontinued,143.7 x 70.9 x 11.3 mm (5.66 x 2.79 x 0.44 in),150.0,Glass,,Hybrid Dual SIM (Dual stand-by),IPS LCD,,5.0,720x1280,294,67.6,,Android 6.0 (Marshmallow),Qualcomm MSM8916 Snapdragon 410 (28 nm),28,Quad-core 1.0 GHz Cortex-A53,Adreno 306,2,2,16,16,eMMC 4.5,13.0,1,2.0,No,,No,"LED flash, HDR, panorama",1080p@30fps,5.0,No,,,"Wi-Fi 802.11 b/g/n, Wi-Fi Direct",No,4.0,Micro-USB,Yes,"GPS, GLONASS","Accelerometer, proximity, compass",2600,,,No,,,130.0,,,,,,,,"Glacier Gray, Sheer Gold, Silver Blue, Glamour Red, Charcoal Black, Pearl White","X00AD, X00BD, X00ADC, ZB500KL, ZB500KG",,,FM radio
Asus,Asus Zenfone 3 Max ZC553KL,https://www.gsmarena.com/asus_zenfone_3_max_zc553kl-8425.php,https://fdn2.gsmarena.com/vv/bigpic/asus-zenfone-3-max-zc553kl.jpg,GSM / HSPA / LTE,No,"2016, November. Released 2016, November",Discontinued,151.4 x 76.2 x 8.3 mm (5.96 x 3.00 x 0.33 in),175.0,Glass,,Nano-SIM + Nano-SIM,IPS LCD,,5.5,1080x1920,401,72.3,Oleophobic coating,"Android 6.0.1 (Marshmallow), upgradable to Android 8.1 (Oreo), ZenUI 4",Qualcomm MSM8937 Snapdragon 430 (28 nm),28,Octa-core 1.4 GHz Cortex-A53,Adreno 505,2,4,32,32,eMMC 5.1,16.0,1,2.0,No,1/3.0,No,"Laser AF, Dual-LED dual-tone flash, panorama, HDR",1080p@30fps,8.0,No,,,"Wi-Fi 802.11 b/g/n, Wi-Fi Direct",No,4.1,Micro-USB,Yes,"GPS, GLONASS, BDS","Fingerprint (rear-mounted), accelerometer, gyro, proximity, compass",4100,18,,No,,,190.0,,,,,,,,"Titanium Gray, Glacier Silver, Rose Pink, Sand Gold","X00DDB, X00DDA, X00DD",,,FM radio
Asus,Asus Zenfone 3 Deluxe 5.5 ZS550KL,https://www.gsmarena.com/asus_zenfone_3_deluxe_5_5_zs550kl-8384.php,https://fdn2.gsmarena.com/vv/bigpic/asus-zenfone-3-deluxe-55-inch.jpg,GSM / HSPA / LTE,No,"2016, October. Released 2016, October",Discontinued,151.5 x 76.7 x 7.8 mm (5.96 x 3.02 x 0.31 in),151.0,,,Nano-SIM + Micro-SIM,IPS LCD,,5.5,1080x1920,401,71.8,Corning Gorilla Glass 4,"Android 6.1 (Marshmallow), upgradable to 7 (Nougat), ZenUI 3",Qualcomm MSM8953 Snapdragon 625 (14 nm),14,Octa-core 2.0 GHz Cortex-A53,Adreno 506,4,4,64,64,eMMC 5.1,16.0,1,2.0,Yes,,Yes,"Laser AF, Dual-LED dual-tone flash, HDR, panorama",4K@30fps,8.0,No,,1080p@30fps,"Wi-Fi 802.11 a/b/g/n/ac, Wi-Fi Direct",Yes,4.2,Type-C,Yes,"GPS, GLONASS, BDS","Fingerprint (rear-mounted), accelerometer, gyro, proximity, compass",3000,18,,No,,,280.0,,,,,,,,Shimmer Gold,Z01FD,,,FM radio
Asus,Asus Zenpad Z10 ZT500KL,https://www.gsmarena.com/asus_zenpad_z10_zt500kl-8370.php,https://fdn2.gsmarena.com/vv/bigpic/asus-zenpad-z10-zt500kl.jpg,LTE,No,"2016, October. Released 2016, October",Discontinued,242.3 x 166.1 x 7.1 mm (9.54 x 6.54 x 0.28 in),490.0,,,Nano-SIM,IPS LCD,,9.7,1536x2048,264,72.4,,"Android 6.0 (Marshmallow), upgradable to 7.0 (Nougat)",Qualcomm MSM8956 Snapdragon 650,,Hexa-core (4x1.4 GHz Cortex-A53 & 2x1.8 GHz Cortex-A72),Adreno 510,3,3,32,32,eMMC 4.5,8.0,1,,No,,No,"HDR, panorama",1080p@30fps,5.0,No,,1080p@30fps,"Wi-Fi 802.11 a/b/g/n/ac, dual-band, Wi-Fi Direct",No,4.2,Type-C,Yes,GPS,"Accelerometer, gyro, proximity, compass",7800,,,No,,,300.0,,,,,,,,Gray,,1.25 W/kg (head),,No
Asus,Asus Zenwatch 3 WI503Q,https://www.gsmarena.com/asus_zenwatch_3_wi503q-8271.php,https://fdn2.gsmarena.com/vv/bigpic/asus-zenwatch-3.jpg,No cellular connectivity,No,"2016, August. Released 2016, December",Discontinued,45 x 45 x 10.8 mm (1.77 x 1.77 x 0.43 in),48.0,Glass,IP67,No,AMOLED,,1.39,400x400,287,,Gorilla Glass 3,Android Wear OS 2.1,Qualcomm MSM8909W Snapdragon Wear 2100,,Quad-core 1.1 GHz Cortex-A7,Adreno 304,,,4,4,eMMC 4.5,,,,No,,No,,,,No,,,Wi-Fi 802.11 b/g/n,No,4.1,No,No,No,"Accelerometer, gyro",341,18,,No,,,230.0,,,,,,,,"Gunmetal, Silver, Rose gold",,,,No
Asus,Asus Zenpad 3S 10 Z500M,https://www.gsmarena.com/asus_zenpad_3s_10_z500m-8218.php,https://fdn2.gsmarena.com/vv/bigpic/asus-zenpad-3s.jpg,No cellular connectivity,No,"2016, July. Released 2016, August",Discontinued,240.5 x 163.7 x 7.2 mm (9.47 x 6.44 x 0.28 in),430.0,,,No,IPS LCD,,9.7,1536x2048,264,74.0,Oleophobic coating,"Android 6.0 (Marshmallow), upgradable to 7.0 (Nougat)",Mediatek MT8176,,Hexa-core (2x2.1 GHz Cortex-A72 & 4x1.7 GHz Cortex-A53),PowerVR GX6250,4,4,32,64,,8.0,1,,No,,No,"HDR, panorama",1080p@30fps,5.0,No,,1080p@30fps,"Wi-Fi 802.11 a/b/g/n/ac, dual-band, Wi-Fi Direct",No,4.2,Type-C,Yes,"GPS, GLONASS","Fingerprint (front-mounted), accelerometer, gyro, proximity, compass",5900,18,,No,,,340.0,,,,,,,,"Silver, Grey",P027,,,No
Asus,Asus Zenfone 3 Max ZC520TL,https://www.gsmarena.com/asus_zenfone_3_max_zc520tl-8207.php,https://fdn2.gsmarena.com/vv/bigpic/asus-zenfone-3-max-zc520tl.jpg,GSM / HSPA / LTE,No,"2016, July. Released 2016, August",Discontinued,149.5 x 73.7 x 8.6 mm (5.89 x 2.90 x 0.34 in),148.0,Glass,,Nano-SIM + Micro-SIM,IPS LCD,,5.2,720x1280,282,67.7,,"Android 6.0.1 (Marshmallow), upgradable to 7.0 (Nougat), ZenUI 3",Mediatek MT6737M (28 nm),28,Quad-core 1.25 GHz Cortex-A53,Mali-T720MP2,2,3,16,32,eMMC 5.0,13.0,1,2.2,No,,No,"LED flash, panorama, HDR",1080p@30fps,5.0,No,,,"Wi-Fi 802.11 b/g/n, Wi-Fi Direct",No,4.0,Micro-USB,Yes,"GPS, GLONASS, BDS","Fingerprint (rear-mounted), accelerometer, proximity, compass",4130,,,No,,,230.0,,,,,,,,"Titanium Grey, Glacier Silver, Sand Gold","X008D, X008DA, X008DC, X00KD",,,FM radio
Asus,Asus Zenfone 3 Laser ZC551KL,https://www.gsmarena.com/asus_zenfone_3_laser_zc551kl-8206.php,https://fdn2.gsmarena.com/vv/bigpic/asus-zenfone-3-laser-zc551kl.jpg,GSM / HSPA / LTE,No,"2016, July. Released 2016, August",Discontinued,149 x 76 x 7.9 mm (5.87 x 2.99 x 0.31 in),150.0,,,"Hybrid Dual SIM (Micro-SIM, dual stand-by)",IPS LCD,,5.5,1080x1920,401,73.6,Gorilla Glass 3,"Android 6.1 (Marshmallow), upgradable to Android 8.0 (Oreo)",Qualcomm MSM8937 Snapdragon 430 (28 nm),28,Octa-core 1.4 GHz Cortex-A53,Adreno 505,2,4,16,32,eMMC 5.1,13.0,1,2.0,No,1/3.1,No,"Laser AF, Dual-LED dual-tone flash, panorama, HDR",1080p@30fps (gyro-EIS),8.0,No,,,"Wi-Fi 802.11 b/g/n, Wi-Fi Direct",No,4.2,Micro-USB,Yes,"GPS, GLONASS, BDS","Fingerprint (rear-mounted), accelerometer, gyro, proximity, compass",3000,,,No,,,160.0,,,,,,,,"Sand Gold, Glacier Silver","Z01BDB, Z01BDA, Z01BD, Z01BDC, Z01BS",,,FM radio
Asus,Asus Zenfone 3 ZE520KL,https://www.gsmarena.com/asus_zenfone_3_ze520kl-8197.php,https://fdn2.gsmarena.com/vv/bigpic/asus-zenfone-3-ZE520KL-1.jpg,GSM / HSPA / LTE,No,"2016, July. Released 2016, August",Discontinued,146.9 x 74 x 7.7 mm (5.78 x 2.91 x 0.30 in),144.0,,,Nano-SIM + Micro-SIM,Super IPS+,,5.2,1080x1920,424,68.6,Gorilla Glass 3,"Android 6.1 (Marshmallow), upgradable to 8 (Oreo), ZenUI",Qualcomm MSM8953 Snapdragon 625 (14 nm),14,Octa-core 2.0 GHz Cortex-A53,Adreno 506,3,4,32,64,eMMC 5.1,16.0,1,2.0,Yes,,Yes,"Laser AF, Dual-LED dual-tone flash, panorama, HDR","4K@30fps, 1080p@60fps",8.0,No,,1080p@30fps,"Wi-Fi 802.11 a/b/g/n/ac, Wi-Fi Direct",No,4.2,Type-C,Yes,"GPS, GLONASS, BDS","Fingerprint (rear-mounted), accelerometer, gyro, proximity, compass",2600,,,No,,,280.0,,,,,,,,"Sapphire Black, Moonlight White, Shimmer Gold","Z017DB, Z017D, Z017DA, Z017DC, ZE520KL, ZA520KL",,,"FM radio, RDS"
Asus,Asus Zenfone Pegasus 3,https://www.gsmarena.com/asus_zenfone_pegasus_3-8156.php,https://fdn2.gsmarena.com/vv/bigpic/asus-zenfone-pegasus-3.jpg,GSM / HSPA / LTE,No,"2016, June. Released 2016, June",Discontinued,149.5 x 73.7 x 8.6 mm (5.89 x 2.90 x 0.34 in),158.4,,,Hybrid Dual SIM,IPS LCD,,5.2,720x1280,282,67.7,,"Android 6.0.1 (Marshmallow), ZenUI",Mediatek MT6737 (28 nm),28,Quad-core 1.3 GHz Cortex-A53,Mali-T720MP2,2,3,16,32,eMMC 5.0,13.0,1,2.2,No,,No,"LED flash, panorama, HDR",1080p@30fps,5.0,No,,,Wi-Fi 802.11 b/g/n,No,4.0,Micro-USB,Yes,"GPS, GLONASS","Fingerprint (rear-mounted), accelerometer, proximity, compass",4100,,,No,,,210.0,,,,,,,,"Gold, silver, gray, rose gold","X008, X008DB",,,FM radio
Asus,Asus Zenpad Z8,https://www.gsmarena.com/asus_zenpad_z8-8160.php,https://fdn2.gsmarena.com/vv/bigpic/asus-zenpad-z8.jpg,LTE,No,"2016, June. Released 2016, June",Discontinued,205.2 mm x 136.4 mm x (unknown thickness) mm,320.1,,,Micro-SIM (built-in),IPS LCD,,7.9,1536x2048,324,69.1,,Android 6.0 (Marshmallow),Qualcomm MSM8956 Snapdragon 650,,Hexa-core (4x1.4 GHz Cortex-A53 & 2x1.8 GHz Cortex-A72),Adreno 510,2,2,16,16,eMMC 4.5,8.0,1,,No,,No,,Yes,,No,,,Wi-Fi 802.11 b/g/n,No,4.0,Micro-USB,Yes,GPS,Accelerometer,4680,,,No,,,,,,,,,,,Black,,,,No
Asus,Asus Zenfone 3 Ultra ZU680KL,https://www.gsmarena.com/asus_zenfone_3_ultra_zu680kl-8130.php,https://fdn2.gsmarena.com/vv/bigpic/asus-zenfone-3-ultra-zu680kl.jpg,GSM / HSPA / LTE,No,"2016, May. Released 2016, August",Discontinued,186.4 x 93.9 x 6.8 mm (7.34 x 3.70 x 0.27 in),233.0,,,Nano-SIM + Nano-SIM,IPS LCD,,6.8,1080x1920,324,72.8,Corning Gorilla Glass 4,"Android 6.1 (Marshmallow), ZenUI 3",Qualcomm MSM8976 Snapdragon 652 (28 nm),28,Octa-core (4x1.8 GHz Cortex-A72 & 4x1.4 GHz Cortex-A53),Adreno 510,3,4,32,128,eMMC 5.1,23.0,1,2.0,Yes,1/2.6,No,"Laser AF, Dual-LED dual-tone flash, HDR, panorama",1080p@30fps,8.0,No,,1080p@30fps,"Wi-Fi 802.11 a/b/g/n/ac, Wi-Fi Direct",No,4.2,Type-C,Yes,"GPS, GLONASS, BDS","Fingerprint (front-mounted), accelerometer, gyro, proximity, compass",4600,18,,No,,,300.0,,,,,,,,"Glacier Silver, Titanium Gray, Metallic Pink",,,,FM radio
Asus,Asus Zenfone 3 Deluxe ZS570KL,https://www.gsmarena.com/asus_zenfone_3_deluxe_zs570kl-8129.php,https://fdn2.gsmarena.com/vv/bigpic/asus-zenfone-3-deluxe-zs570kl.jpg,GSM / HSPA / LTE,No,"2016, May. Released 2016, August",Discontinued,156.4 x 77.4 x 7.5 mm (6.16 x 3.05 x 0.30 in),170.0,,,Nano-SIM + Micro-SIM,Super AMOLED,,5.7,1080x1920,386,74.0,Corning Gorilla Glass 4,"Android 6.1 (Marshmallow), upgradable to Android 8 (Oreo), ZenUI 3",Qualcomm MSM8996 Snapdragon 820 (14 nm) Qualcomm MSM8996 Snapdragon 821 (14 nm),14,Quad-core (2x2.15 GHz Kryo & 2x1.6 GHz Kryo) Quad-core (2x2.4 GHz Kryo & 2x2.0 GHz Kryo),Adreno 530,4,6,64,256,UFS 2.0 (128/256GB versions),23.0,1,2.0,Yes,1/2.6,Yes,"Laser AF, Dual-LED dual-tone flash, HDR, panorama",4K@30fps,8.0,No,,1080p@30fps,"Wi-Fi 802.11 a/b/g/n/ac, Wi-Fi Direct",Yes,4.2,Type-C,Yes,"GPS, GLONASS, BDS","Fingerprint (rear-mounted), accelerometer, gyro, proximity, compass",3000,18,,No,,,230.0,,,,,,,,"Glacier Silver, Titanium Gray, Shimmer Gold","Z016D, Z016S",,,No
Asus,Asus Zenfone 3 ZE552KL,https://www.gsmarena.com/asus_zenfone_3_ze552kl-8106.php,https://fdn2.gsmarena.com/vv/bigpic/asus-zenfone-3-ze552kl.jpg,GSM / HSPA / LTE,No,"2016, May. Released 2016, August",Discontinued,152.6 x 77.4 x 7.7 mm (6.01 x 3.05 x 0.30 in),155.0,Glass,,Nano-SIM + Micro-SIM,Super IPS+,,5.5,1080x1920,401,70.6,Gorilla Glass 3,"Android 6.0.1 (Marshmallow), upgradable to 7.0 (Nougat), ZenUI 3",Qualcomm MSM8953 Snapdragon 625 (14 nm),14,Octa-core 2.0 GHz Cortex-A53,Adreno 506,3,4,32,64,eMMC 5.1,16.0,1,2.0,Yes,,Yes,"Laser AF, Dual-LED dual-tone flash, panorama, HDR",4K@30fps,8.0,No,,1080p@30fps,"Wi-Fi 802.11 a/b/g/n/ac, Wi-Fi Direct",No,4.2,Type-C,Yes,"GPS, GLONASS","Fingerprint (rear-mounted), accelerometer, gyro, proximity, compass",3000,,,No,,,330.0,,,,,,,,"Sapphire Black, Moonlight White, Shimmer Gold","Z012DB, Z012D, Z012DA, Z012DC, Z012S, Z012DE",,,FM radio
Asus,Asus Zenfone Max ZC550KL (2016),https://www.gsmarena.com/asus_zenfone_max_zc550kl_(2016)-8111.php,https://fdn2.gsmarena.com/vv/bigpic/asus-zenfone-max-zc550kl-1.jpg,GSM / HSPA / LTE,No,"2016, May. Released 2016, May",Discontinued,156 x 77.5 x 10.6 mm (6.14 x 3.05 x 0.42 in),202.0,,,"Dual SIM (Micro-SIM, dual stand-by)",IPS LCD,,5.5,720x1280,267,69.0,Corning Gorilla Glass 4,"Android 6.0.1 (Marshmallow), ZenUI",Qualcomm MSM8939 Snapdragon 615 (28 nm),28,Octa-core (4x1.5 GHz Cortex-A53 & 4x1.0 GHz Cortex-A53),Adreno 405,2,3,32,32,eMMC 4.5,13.0,1,2.0,No,,No,"Laser AF, Dual-LED dual-tone flash, panorama, HDR",1080p@30fps,5.0,No,,,"Wi-Fi 802.11 b/g/n, Wi-Fi Direct",No,4.0,Micro-USB,Yes,"GPS, GLONASS, BDS","Accelerometer, proximity, compass",5000,,,No,,,170.0,,,,,,,,"Black, White, Orange, Blue",Z010DD,,,FM radio
Asus,Asus Zenfone Go ZB450KL,https://www.gsmarena.com/asus_zenfone_go_zb450kl-8262.php,https://fdn2.gsmarena.com/vv/bigpic/asus-zenfone-go-zb452kg.jpg,GSM / HSPA / LTE,No,"2016, July. Released 2016, August",Discontinued,136.5 x 66.7 x 11.2 mm (5.37 x 2.63 x 0.44 in),135.0,,,Nano-SIM + Micro-SIM,IPS LCD,,4.5,480x854,218,61.3,,"Android 6 (Marshmallow), ZenUI 2",Qualcomm MSM8916 Snapdragon 410 (28 nm),28,Quad-core 1.2 GHz Cortex-A53,Adreno 306,1,1,8,8,eMMC 4.5,8.0,1,2.0,No,,No,"LED flash, HDR, panorama",720p,2.0,No,,,"Wi-Fi 802.11 b/g/n, Wi-Fi Direct",No,4.0,Micro-USB,Yes,"GPS, GLONASS, BDS","Accelerometer, proximity, compass",2070,,,No,,,110.0,,,,,,,,"Glacier Grey/Silver, Blue/Sheer Gold, Charcoal Black, Pearl White, Glamor Red, Lemon Yellow",X009DA,,,FM radio
Asus,Asus Zenfone Go ZB452KG,https://www.gsmarena.com/asus_zenfone_go_zb452kg-8097.php,https://fdn2.gsmarena.com/vv/bigpic/asus-zenfone-go-zb452kg.jpg,GSM / HSPA,No,"2016, April. Released 2016, April",Discontinued,136.5 x 66.7 x 11.2 mm (5.37 x 2.63 x 0.44 in),125.0,,,"Dual SIM (Micro-SIM, dual stand-by)",IPS LCD,,4.5,480x854,218,61.3,,Android 5.1 (Lollipop),Qualcomm MSM8212 Snapdragon 200 (28 nm),28,Quad-core 1.2 GHz Cortex-A7,Adreno 302,1,1,8,8,eMMC 4.5,5.0,1,2.0,No,,No,"LED flash, HDR, panorama",,2.0,No,,,"Wi-Fi 802.11 b/g/n, Wi-Fi Direct, hotspot",No,4.0,Micro-USB,Yes,"GPS, GLONASS, BDS","Accelerometer, proximity, compass",2070,,,No,,,90.0,,,,,,,,"Lemon Yellow, Charcoal Black, Pearl White, Glacier Gray, Sheer Gold, Glamour Red, Silver Blue",X014D,,,FM radio
Asus,Asus Zenfone Go ZB551KL,https://www.gsmarena.com/asus_zenfone_go_zb551kl-8095.php,https://fdn2.gsmarena.com/vv/bigpic/asus-zenfone-go-zb551kl.jpg,GSM / HSPA / LTE,No,"2016, April. Released 2016, May",Discontinued,151 x 76.9 x 10.7 mm (5.94 x 3.03 x 0.42 in),160.0,,,"Dual SIM (Micro-SIM, dual stand-by)",IPS LCD,,5.5,720x1280,267,71.8,Gorilla Glass 3,Android 5.1 (Lollipop),Qualcomm MSM8928 Snapdragon 400 (28 nm),28,Quad-core 1.6 GHz Cortex-A7,Adreno 305,2,2,16,32,eMMC 4.5,8.0,1,2.0,No,,No,"Dual-LED dual-tone flash, HDR, panorama",1080p@30fps,5.0,No,,,"Wi-Fi 802.11 b/g/n, Wi-Fi Direct, hotspot",No,4.0,Micro-USB,Yes,"GPS, GLONASS, BDS","Accelerometer, proximity",3010,,,No,,,150.0,,,,,,,,"Charcoal Black, Pearl White, Lake Blue, Glacier Gray, Sheer Gold, Glamour Red, Floral Pink, Silver Blue","X013D, X013DC, X013DA, X013DB",,,FM radio
Asus,Asus Zenfone Go T500,https://www.gsmarena.com/asus_zenfone_go_t500-8045.php,https://fdn2.gsmarena.com/vv/bigpic/asus-zenfone-go-t500.jpg,GSM / HSPA / LTE,No,"2016, April. Released 2016, April",Discontinued,146 x 73 x 9.9 mm (5.75 x 2.87 x 0.39 in),153.0,,,"Dual SIM (Micro-SIM, dual stand-by)",IPS LCD,,5.0,720x1280,294,64.7,,Android 4.4 (KitKat),Qualcomm MSM8916 Snapdragon 410 (28 nm),28,Quad-core 1.2 GHz Cortex-A53,Adreno 306,2,2,16,16,eMMC 4.5,8.0,1,,No,,No,LED flash,1080p@30fps,5.0,No,,,"Wi-Fi 802.11 a/b/g/n, hotspot",No,4.0,Micro-USB,Yes,"GPS, GLONASS","Accelerometer, proximity",2500,,,No,,,110.0,,,,,,,,"Black, White",,,,FM radio
Asus,Asus Zenfone Go ZC451TG,https://www.gsmarena.com/asus_zenfone_go_zc451tg-8048.php,https://fdn2.gsmarena.com/vv/bigpic/asus-zenfone-go-zc451tg.jpg,GSM / HSPA,No,"2015, December. Released 2015, December",Discontinued,135 x 67 x 10.1 mm (5.31 x 2.64 x 0.40 in),133.5,,,"Dual SIM (Micro-SIM, dual stand-by)",IPS LCD,,4.5,480x854,218,61.7,,Android 5.1 (Lollipop),Mediatek MT6580M (28 nm),28,Quad-core 1.3 GHz Cortex-A7,Mali-400MP2,1,1,8,8,,5.0,1,2.0,No,,No,LED flash,720p@30fps,,No,,,"Wi-Fi 802.11 b/g/n, hotspot",No,4.0,Micro-USB,Yes,GPS,"Accelerometer, proximity, compass",1600,,,No,,,70.0,,,,,,,,"Charcoal Black, Pearl White, Rouge Pink, Flash Blue",Z00SD,,,FM radio
Asus,Asus Live G500TG,https://www.gsmarena.com/asus_live_g500tg-7866.php,https://fdn2.gsmarena.com/vv/bigpic/asus-live-g500tg-.jpg,GSM / HSPA,No,"2016, January. Released 2016, February",Discontinued,144.5 x 71 x 10 mm (5.69 x 2.80 x 0.39 in),140.0,,,"Dual SIM (Micro-SIM, dual stand-by)",IPS LCD,,5.0,720x1280,294,67.2,,Android 5.1 (Lollipop),Mediatek MT6580 (28 nm),28,Quad-core 1.3 GHz Cortex-A7,Mali-400MP2,2,2,16,16,,8.0,1,2.0,No,,No,LED flash,Yes,2.0,No,,,"Wi-Fi 802.11 b/g/n, hotspot",No,4.0,Micro-USB,Yes,GPS,"Accelerometer, proximity",2070,,,No,,,160.0,,,,,,,,"Rosa, Azul, Yellow",Z00YD,,,FM radio
Asus,Asus Zenwatch 2 WI501Q,https://www.gsmarena.com/asus_zenwatch_2_wi501q-7689.php,https://fdn2.gsmarena.com/vv/bigpic/asus-zenwatch-wi501q.jpg,No cellular connectivity,No,"2015, September. Released 2015, September",Discontinued,49.6 x 40.7 x 10.9 mm (1.95 x 1.60 x 0.43 in),,Glass,IP67,No,AMOLED,,1.63,320x320,278,,Gorilla Glass 3,Android Wear OS 2.1,Qualcomm MSM8926 Snapdragon 400 (28 nm),28,Quad-core 1.2 GHz Cortex-A7,Adreno 305,,,4,4,eMMC 4.5,,,,No,,No,,,,No,,,Wi-Fi 802.11 b/g,No,4.1,No,No,No,Accelerometer,400,,,No,,,150.0,,,,,,,,"Gunmetal, Silver, Rose gold",,,,No
Asus,Asus Zenwatch 2 WI502Q,https://www.gsmarena.com/asus_zenwatch_2_wi502q-7690.php,https://fdn2.gsmarena.com/vv/bigpic/asus-zenwatch-wi502q.jpg,No cellular connectivity,No,"2015, September. Released 2015, September",Discontinued,45.2 x 37.2 x 11.8 mm (1.78 x 1.46 x 0.46 in),,Glass,IP67,No,AMOLED,,1.45,280x280,273,,Gorilla Glass 3,Android Wear OS 2.1,Qualcomm MSM8926 Snapdragon 400 (28 nm),28,Quad-core 1.2 GHz Cortex-A7,Adreno 305,,,4,4,eMMC 4.5,,,,No,,No,,,,No,,,Wi-Fi 802.11 b/g,No,4.1,No,No,No,Accelerometer,300,,,No,,,150.0,,,,,,,,"Gunmetal, Silver, Rose gold",,,,No
Asus,Asus Zenwatch WI500Q,https://www.gsmarena.com/asus_zenwatch_wi500q-7688.php,https://fdn2.gsmarena.com/vv/bigpic/asus-zenwatch-wi500q.jpg,No cellular connectivity,No,"2014, September. Released 2014, September",Discontinued,51 x 39.9 x 9.4 mm (2.01 x 1.57 x 0.37 in),75.0,Glass,IP55,No,AMOLED,,1.63,320x320,278,,Gorilla Glass 3,Android Wear OS,Qualcomm MSM8926 Snapdragon 400 (28 nm),28,Quad-core 1.2 GHz Cortex-A7,Adreno 305,,,4,4,eMMC 4.5,,,,No,,No,,,,No,,,No,No,4.0,No,No,No,Accelerometer,370,,,No,,,100.0,,,,,,,,Silver/Rose gold,,,,No
Asus,Asus Zenfone 2 Laser ZE551KL,https://www.gsmarena.com/asus_zenfone_2_laser_ze551kl-7733.php,https://fdn2.gsmarena.com/vv/bigpic/zenfone-2-laser-ze550kl.jpg,GSM / HSPA / LTE,No,"2015, November. Released 2015, November",Discontinued,152.4 x 77.2 x 10.9 mm (6.00 x 3.04 x 0.43 in),170.1,,,"Dual SIM (Micro-SIM, dual stand-by)",IPS LCD,,5.5,1080x1920,401,70.9,Corning Gorilla Glass 4,"Android 5 (Lollipop), upgradable to 6.1 (Marshmallow), ZenUI 2",Qualcomm MSM8939 Snapdragon 615 (28 nm),28,Octa-core (4x1.7 GHz Cortex-A53 & 4x1.0 GHz Cortex-A53),Adreno 405,3,3,16,32,eMMC 4.5,13.0,1,2.0,No,,No,"Laser AF, Dual-LED dual-tone flash, panorama, HDR",1080p@30fps,5.0,No,,,"Wi-Fi 802.11 b/g/n, Wi-Fi Direct, hotspot",No,4.1,Micro-USB,Yes,"GPS, GLONASS, BDS","Accelerometer, gyro, proximity, compass",3000,,,No,,,180.0,,,,,,,,Silver,Z00TD,,,FM radio
Asus,Asus Zenfone Zoom ZX551ML,https://www.gsmarena.com/asus_zenfone_zoom_zx551ml-7577.php,https://fdn2.gsmarena.com/vv/bigpic/asus-zenfone-zoom-zx551ml.jpg,GSM / HSPA / LTE,No,"2015, September. Released 2015, December",Discontinued,158.9 x 78.8 x 12 mm (6.26 x 3.10 x 0.47 in),185.0,,,Micro-SIM,IPS LCD,,5.5,1080x1920,401,66.6,Corning Gorilla Glass 4,"Android 5.0 (Lollipop), upgradable to 6.0 (Marshmallow), ZenUI",Intel Atom Z3590,,Quad-core 2.5 GHz,PowerVR G6430,4,4,32,128,,13.0,1,2.7,Yes,,No,"Laser AF, Dual-LED dual-tone flash, panorama, HDR",1080p@30fps,5.0,No,,,"Wi-Fi 802.11 a/b/g/n/ac, Wi-Fi Direct, hotspot",Yes,4.0,Micro-USB,Yes,"GPS, GLONASS, BDS","Accelerometer, gyro, proximity, compass",3000,18,,No,,,250.0,,,,,,,,"Pure Black, Ceramic White",Z00XS,,,No
Asus,Asus Zenpad 8.0 Z380M,https://www.gsmarena.com/asus_zenpad_8_0_z380m-8474.php,https://fdn2.gsmarena.com/vv/bigpic/asus-zenpad-80.jpg,No cellular connectivity,No,"2016, April. Released 2016, May",Discontinued,209 x 123 x 8.5 mm (8.23 x 4.84 x 0.33 in),350.0,,,No,IPS LCD,,8.0,800x1280,189,72.2,Oleophobic coating,"Android 6.0 (Marshmallow), upgradable to 7.0 (Nougat)",Mediatek MT8163 (28 nm),28,,Mali-T720MP2,1,2,8,16,,5.0,1,,No,,No,,1080p@30fps,2.0,No,,,Wi-Fi 802.11 a/b/g/n,No,4.0,Micro-USB,Yes,GPS,"Accelerometer, compass",4000,,,No,,,,,,,,,,,"Dark Gray, Pearl White, Rose Gold",,,,No
Asus,Asus Zenpad 10 Z300M,https://www.gsmarena.com/asus_zenpad_10_z300m-8465.php,https://fdn2.gsmarena.com/vv/bigpic/asus-zenpad-10-z300c.jpg,No cellular connectivity,No,"2016, May. Released 2016, May",Discontinued,251.6 x 172 x 7.9 mm (9.91 x 6.77 x 0.31 in),490.0,,,No,IPS LCD,,10.1,800x1280,149,68.4,Oleophobic coating,Android 6.0 (Marshmallow),Mediatek MT8163 (28 nm),28,Quad-core 1.5 GHz Cortex-A53,Mali-T720MP2,2,2,16,32,,5.0,1,,No,,No,,Yes,2.0,No,,,Wi-Fi 802.11 a/b/g/n,No,4.0,Micro-USB,Yes,"GPS, GLONASS","Accelerometer, compass",4890,,,No,,,,,,,,,,,"Dark Gray, Pearl White, Rose Gold",,,,No
Asus,Asus Zenpad 10 Z300C,https://www.gsmarena.com/asus_zenpad_10_z300c-7532.php,https://fdn2.gsmarena.com/vv/bigpic/asus-zenpad-10-z300c.jpg,No cellular connectivity,No,"2015, June. Released 2015, June",Discontinued,251.6 x 172 x 7.9 mm (9.91 x 6.77 x 0.31 in),510.0,,,No,IPS LCD,,10.1,800x1280,149,68.4,Corning Gorilla Glass,Android 5.0 (Lollipop),Intel Atom x3-C3200,,Quad-core,Mali-450MP4,2,2,8,32,,5.0,1,,No,,No,,Yes,2.0,No,,,Wi-Fi 802.11 b/g/n,No,4.0,Micro-USB,Yes,"GPS, GLONASS","Accelerometer, compass",4890,,,No,,,160.0,,,,,,,,"Black, White, Aurora Metallic",,,,No
Asus,Asus Zenfone Go ZC500TG,https://www.gsmarena.com/asus_zenfone_go_zc500tg-7368.php,https://fdn2.gsmarena.com/vv/bigpic/asus-zenfone-go-zc500tg.jpg,GSM / HSPA,No,"2015, August. Released 2015, August",Discontinued,144.5 x 71 x 10 mm (5.69 x 2.80 x 0.39 in),135.0,Glass,,"Dual SIM (Micro-SIM, dual stand-by)",IPS LCD,,5.0,720x1280,294,67.2,,Android 5.1 (Lollipop),Mediatek MT6580 (28 nm),28,Quad-core 1.3 GHz Cortex-A7,Mali-400MP2,2,2,8,16,,8.0,1,2.0,No,,No,LED flash,1080p@30fps,2.0,No,,,"Wi-Fi 802.11 b/g/n, hotspot",No,4.0,Micro-USB,Yes,GPS,"Accelerometer, proximity, compass",2070,,,No,,,130.0,,,,,,,,"Black, White, Red",Z00VD,,,FM radio
Asus,Asus Zenfone Max ZC550KL,https://www.gsmarena.com/asus_zenfone_max_zc550kl-7476.php,https://fdn2.gsmarena.com/vv/bigpic/asus-zenfone-max-zc550kl-1.jpg,GSM / HSPA / LTE,No,"2015, August. Released 2016, January",Discontinued,156 x 77.5 x 10.6 mm (6.14 x 3.05 x 0.42 in),202.0,Glass,,"Dual SIM (Micro-SIM, dual stand-by)",IPS LCD,,5.5,720x1280,267,69.0,Corning Gorilla Glass 4,"Android 5.0.1 (Lollipop), upgradable to 6.0.1 (Marshmallow), ZenUI",Qualcomm MSM8916 Snapdragon 410 (28 nm),28,Quad-core 1.2 GHz Cortex-A53,Adreno 306,2,2,8,16,eMMC 4.5,13.0,1,2.0,No,,No,"Laser AF, Dual-LED dual-tone flash, panorama, HDR",1080p@30fps,5.0,No,,,"Wi-Fi 802.11 b/g/n, Wi-Fi Direct, hotspot",No,4.0,Micro-USB,Yes,"GPS, GLONASS, BDS","Accelerometer, proximity, compass",5000,,,No,,,170.0,,,,,,,,"Black, White","Z010D, Z010DA",,,FM radio
Asus,Asus Zenfone 2 Deluxe ZE551ML,https://www.gsmarena.com/asus_zenfone_2_deluxe_ze551ml-7475.php,https://fdn2.gsmarena.com/vv/bigpic/zenfone-2-deluxe-ze551ml.jpg,GSM / HSPA / LTE,No,"2015, August. Released 2015, September",Discontinued,152.5 x 77.2 x 10.9 mm (6.00 x 3.04 x 0.43 in),170.0,,,"Dual SIM (Micro-SIM, dual stand-by)",IPS LCD,,5.5,1080x1920,401,70.8,Gorilla Glass 3,"Android 5.0 (Lollipop), upgradable to 6.0 (Marshmallow), ZenUI",Intel Atom Z3580 Intel Atom Z3560 Intel Atom Z3590,,Quad-core 2.3 GHz Quad-core 1.8 GHz Quad-core 2.5 GHz,PowerVR G6430,4,4,64,256,,13.0,1,2.0,No,,No,"Dual-LED dual-tone flash, panorama, HDR",1080p@30fps,5.0,No,,,"Wi-Fi 802.11 a/b/g/n/ac, Wi-Fi Direct, hotspot",No,4.0,Micro-USB,Yes,"GPS, GLONASS, BDS","Accelerometer, gyro, proximity, compass",3000,18,,No,,,350.0,,,,,,,,"White, Pink, Purple Silver Polygon/Carbon Night (Black) - Special Edition",,,0.35 W/kg (head),"FM radio, RDS"
Asus,Asus Zenfone 2 Laser ZE601KL,https://www.gsmarena.com/asus_zenfone_2_laser_ze601kl-7479.php,https://fdn2.gsmarena.com/vv/bigpic/asus-zenfone-2-laser-ze601kl.jpg,GSM / HSPA / LTE,No,"2015, August. Released 2015, December",Discontinued,164.6 x 84 x 10.6 mm (6.48 x 3.31 x 0.42 in),190.0,,,"Dual SIM (Micro-SIM, dual stand-by)",IPS LCD,,6.0,1080x1920,367,71.8,Corning Gorilla Glass 4,"Android 5.0 (Lollipop), upgradable to 6.0 (Marshmallow), ZenUI",Qualcomm MSM8939v2 Snapdragon 616 (28 nm),28,Octa-core (4x1.7 GHz Cortex-A53 & 4x1.2 GHz Cortex-A53),Adreno 405,2,3,16,32,eMMC 4.5,13.0,1,2.0,No,,No,"Laser AF, Dual-LED dual-tone flash, panorama, HDR","1080p@30fps, 720p@60fps",5.0,No,,,"Wi-Fi 802.11 a/b/g/n/ac, Wi-Fi Direct, hotspot",No,4.1,Micro-USB,Yes,"GPS, GLONASS, BDS","Accelerometer, gyro, proximity, compass",3000,,,No,,,270.0,,,,,,,,"Glacier Gray, Sheer Gold, Glamour Red","Z011D, Z011DD",,,FM radio
Asus,Asus Zenfone 2 Laser ZE600KL,https://www.gsmarena.com/asus_zenfone_2_laser_ze600kl-7757.php,https://fdn2.gsmarena.com/vv/bigpic/asus-zenfone-2-laser-ze601kl.jpg,GSM / HSPA / LTE,No,"2015, October. Released 2016, January",Discontinued,164.6 x 84 x 10.6 mm (6.48 x 3.31 x 0.42 in),190.0,,,"Dual SIM (Micro-SIM, dual stand-by)",IPS LCD,,6.0,720x1280,245,71.8,Corning Gorilla Glass 4,"Android 5.0 (Lollipop), upgradable to 6.0 (Marshmallow), ZenUI",Qualcomm MSM8939 Snapdragon 615 (28 nm),28,Octa-core (4x1.7 GHz Cortex-A53 & 4x1.0 GHz Cortex-A53),Adreno 405,2,3,16,32,eMMC 4.5,13.0,1,2.0,No,,No,"Laser AF, Dual-LED dual-tone flash, panorama, HDR","1080p@30fps, 720p@60fps",5.0,No,,,"Wi-Fi 802.11 a/b/g/n/ac, Wi-Fi Direct, hotspot",No,4.1,Micro-USB,Yes,"GPS, GLONASS, BDS","Accelerometer, gyro, proximity, compass",3000,,,No,,,310.0,,,,,,,,"Glacier Gray, Sheer Gold, Glamour Red",Z00MD,,,No
Asus,Asus Zenfone 2 Laser ZE550KL,https://www.gsmarena.com/asus_zenfone_2_laser_ze550kl-7477.php,https://fdn2.gsmarena.com/vv/bigpic/zenfone-2-laser-ze550kl.jpg,GSM / HSPA / LTE,No,"2015, August. Released 2015, September",Discontinued,152.5 x 77.2 x 10.8 mm (6.00 x 3.04 x 0.43 in),170.0,,,"Dual SIM (Micro-SIM, dual stand-by)",IPS LCD,,5.5,720x1280,267,70.8,Corning Gorilla Glass 4,"Android 5.0 (Lollipop), upgradable to 6.0 (Marshmallow), ZenUI",Qualcomm MSM8916 Snapdragon 410 (28 nm) Qualcomm MSM8939 Snapdragon 615 (28 nm),28,Quad-core 1.2 GHz Cortex-A53 Octa-core (4x1.5 GHz Cortex-A53 & 4x1.0 GHz Cortex-A53),Adreno 306 Adreno 405,2,3,16,32,eMMC 4.5,13.0,1,2.0,No,,No,"Laser AF, Dual-LED dual-tone flash, panorama, HDR",1080p@30fps,5.0,No,,,"Wi-Fi 802.11 b/g/n, Wi-Fi Direct, hotspot",No,4.0,Micro-USB,Yes,"GPS, GLONASS","Accelerometer, gyro, proximity, compass",3000,,,No,,,220.0,,,,,,,,"Black, White, Red, Silver, Gold","Z00LD, Z00LDD",,,FM radio
Asus,Asus Zenfone 2 Laser ZE500KG,https://www.gsmarena.com/asus_zenfone_2_laser_ze500kg-7478.php,https://fdn2.gsmarena.com/vv/bigpic/zenfone-2-laser-ze500.jpg,GSM / HSPA,No,"2015, August. Released 2015, October",Discontinued,143.7 x 71.5 x 10.5 mm (5.66 x 2.81 x 0.41 in),140.0,,,"Dual SIM (Micro-SIM, dual stand-by)",TFT,,5.0,720x1280,294,67.1,Corning Gorilla Glass 4,"Android 5.0 (Lollipop), upgradable to 6.0 (Marshmallow), ZenUI",Qualcomm MSM8916 Snapdragon 410 (28 nm),28,Quad-core 1.2 GHz Cortex-A53,Adreno 306,2,2,8,16,eMMC 4.5,8.0,1,2.0,No,,No,"Laser AF, Dual-LED dual-tone flash, panorama, HDR",1080p@30fps,5.0,No,,,"Wi-Fi 802.11 b/g/n, Wi-Fi Direct, hotspot",No,4.0,Micro-USB,Yes,"GPS, GLONASS","Accelerometer, compass",2040,,,No,,,200.0,,,,,,,,"Black, Ceramic White, Silver, Sheer Gold, Glamour Red","Z00RD, Z00WD",,,FM radio
Asus,Asus Zenfone 2 Laser ZE500KL,https://www.gsmarena.com/asus_zenfone_2_laser_ze500kl-7474.php,https://fdn2.gsmarena.com/vv/bigpic/zenfone-2-laser-ze500.jpg,GSM / HSPA / LTE,No,"2015, August. Released 2015, August",Discontinued,143.7 x 71.5 x 10.5 mm (5.66 x 2.81 x 0.41 in),140.0,Glass,,"Dual SIM (Micro-SIM, dual stand-by)",TFT,,5.0,720x1280,294,67.1,Corning Gorilla Glass 4,"Android 5.0 (Lollipop), upgradable to 6.0 (Marshmallow), ZenUI",Qualcomm MSM8916 Snapdragon 410 (28 nm),28,Quad-core 1.2 GHz Cortex-A53,Adreno 306,2,2,8,16,eMMC 4.5,13.0,1,2.0,No,,No,"Laser AF, Dual-LED dual-tone flash, panorama, HDR",1080p@30fps,5.0,No,,,"Wi-Fi 802.11 b/g/n, Wi-Fi Direct, hotspot",No,4.0,Micro-USB,Yes,"GPS, GLONASS","Accelerometer, proximity, compass",2400,,,No,,,210.0,,,,,,,,Black/Ceramic White/Silver/Purple/Aqua Blue/Sheer Gold/Glamour Red,Z00ED,,,FM radio
Asus,Asus Zenpad 7.0 Z370CG,https://www.gsmarena.com/asus_zenpad_7_0_z370cg-7473.php,https://fdn2.gsmarena.com/vv/bigpic/asus-zenpad-70-z370cg.jpg,GSM / HSPA,No,"2015, August. Released 2015, August",Discontinued,189 x 110.9 x 8.7 mm (7.44 x 4.37 x 0.34 in),272.0,,,Micro-SIM,IPS LCD,,7.0,800x1280,216,67.8,"Corning Gorilla Glass, oleophobic coatin",Android 5.0 (Lollipop),Intel Atom x3-C3230,,Quad-core,Mali-450MP4,2,2,16,16,,8.0,1,2.0,No,,No,LED flash,Yes,2.0,No,,,"Wi-Fi 802.11 b/g/n, hotspot",No,4.0,Micro-USB,Yes,"GPS, GLONASS","Accelerometer, proximity, compass",3500,,,No,,,160.0,,,,,,,,"Black, White, Aurora Metallic",,,,FM radio
Asus,Asus Zenfone 2E,https://www.gsmarena.com/asus_zenfone_2e-7444.php,https://fdn2.gsmarena.com/vv/bigpic/asus-zenfone-2e.jpg,GSM / HSPA / LTE,No,"2015, July. Released 2015, July",Discontinued,148.1 x 71.4 x 10.9 mm (5.83 x 2.81 x 0.43 in),155.1,,,Micro-SIM,IPS LCD,,5.0,720x1280,294,65.2,,"Android 5.0 (Lollipop), ZenUI",Intel Atom Z2560,,Dual-core 1.6 GHz,PowerVR SGX544MP2,1,1,8,8,,8.0,1,,No,,No,"LED flash, panorama, HDR",1080p@30fps,2.0,No,,,"Wi-Fi 802.11 b/g/n, Wi-Fi Direct, hotspot",No,4.0,Micro-USB,Yes,GPS,"Accelerometer, proximity, compass",2500,,,No,,,110.0,,,,,,,,"Charcoal Black, Pearl White",,,,No
Asus,Asus Pegasus 2 Plus,https://www.gsmarena.com/asus_pegasus_2_plus-7378.php,https://fdn2.gsmarena.com/vv/bigpic/asus-pegasus-2-plus-.jpg,GSM / HSPA / LTE,No,"2015, July. Released 2015, December",Discontinued,151.8 x 75.5 x 8.1 mm (5.98 x 2.97 x 0.32 in),156.0,,,"Dual SIM (Micro-SIM, dual stand-by)",IPS LCD,,5.5,1080x1920,401,72.8,,Android 5.1.1 (Lollipop),Qualcomm MSM8939 Snapdragon 615 (28 nm),28,Octa-core (4x1.7 GHz Cortex-A53 & 4x1.0 GHz Cortex-A53),Adreno 405,3,3,32,32,eMMC 4.5,13.0,1,2.0,No,,No,"Dual-LED dual-tone flash, HDR, panorama",1080p@30fps,8.0,No,,,"Wi-Fi 802.11 a/b/g/n, dual-band, hotspot",Yes,4.1,Micro-USB,Yes,GPS,"Accelerometer, gyro, proximity, compass",3030,,,No,,,300.0,,,,,,,,"Rose Gold, White",X550,,,FM radio
Asus,Asus Zenpad S 8.0 Z580CA,https://www.gsmarena.com/asus_zenpad_s_8_0_z580ca-7367.php,https://fdn2.gsmarena.com/vv/bigpic/asus-zenpad-s-80.jpg,No cellular connectivity,No,"2015, June. Released 2015, August",Discontinued,203.2 x 134.5 x 6.6 mm (8.0 x 5.30 x 0.26 in),298.0,,,No,IPS LCD,,8.0,1536x2048,320,72.5,Gorilla Glass 3,Android 5.0 (Lollipop),Intel Atom Z3560 or Z3580,,Quad-core,PowerVR G6430,2,4,16,64,,8.0,1,,No,,No,,Yes,5.0,No,,,Wi-Fi 802.11 a/b/g/n/ac,No,4.1,Type-C,Yes,"GPS, GLONASS","Accelerometer, compass",3950,,,No,,,,,,,,,,,"Black, White",,,,No
Asus,Asus Zenpad S 8.0 Z580C,https://www.gsmarena.com/asus_zenpad_s_8_0_z580c-7366.php,https://fdn2.gsmarena.com/vv/bigpic/asus-zenpad-s-80.jpg,No cellular connectivity,No,"2015, June. Released 2015, August",Discontinued,203.2 x 134.5 x 6.9 mm (8.0 x 5.30 x 0.27 in),317.0,,,No,IPS LCD,,8.0,1536x2048,320,72.5,Oleophobic coating,Android 5.0 (Lollipop),Intel Atom Z3530,,Quad-core,PowerVR G6430,2,2,16,32,,5.0,1,,No,,No,,Yes,2.0,No,,,Wi-Fi 802.11 a/b/g/n/ac,No,4.1,Micro-USB,Yes,"GPS, GLONASS","Accelerometer, compass",4000,,,No,,,,,,,,,,,"Black, White",,,,No
Asus,Asus Zenpad 8.0 Z380KL,https://www.gsmarena.com/asus_zenpad_8_0_z380kl-7255.php,https://fdn2.gsmarena.com/vv/bigpic/asus-zenpad-80.jpg,GSM / HSPA / LTE,No,"2015, June. Released 2015, July",Discontinued,209 x 123 x 8.5 mm (8.23 x 4.84 x 0.33 in),350.0,,,Micro-SIM,IPS LCD,,8.0,800x1280,189,72.2,Corning Gorilla Glass 1,"Android 5.0 (Lollipop), upgradable to 6.0.1 (Marshmallow)",Qualcomm MSM8916 Snapdragon 410 (28 nm) Qualcomm MSM8929 Snapdragon 415 (28 nm),28,Octa-core (4x Cortex-A53 & 4x Cortex-A53) Octa-core,Adreno 306 Adreno 405,1,2,8,16,eMMC 4.5,5.0,1,2.0,No,,No,,1080p@30fps,2.0,No,,,"Wi-Fi 802.11 b/g/n, hotspot",No,4.0,Micro-USB,Yes,"GPS, GLONASS","Accelerometer, proximity, compass",4000,,,No,,,280.0,,,,,,,,"Black, White, Aurora Metallic",P024,,,No
Asus,Asus Zenpad 8.0 Z380C,https://www.gsmarena.com/asus_zenpad_8_0_z380c-7365.php,https://fdn2.gsmarena.com/vv/bigpic/asus-zenpad-80.jpg,No cellular connectivity,No,"2015, June. Released 2015, July",Discontinued,209 x 123 x 8.5 mm (8.23 x 4.84 x 0.33 in),350.0,,,No,IPS LCD,,8.0,800x1280,189,72.2,Oleophobic coating,Android 5.0 (Lollipop),Intel Atom x3-C3200,,Quad-core,Mali-450MP4,1,2,8,16,,5.0,1,,No,,No,,Yes,2.0,No,,,"Wi-Fi 802.11 b/g/n, hotspot",No,4.0,Micro-USB,Yes,"GPS, GLONASS","Accelerometer, compass",4000,,,No,,,,,,,,,,,"Black, White, Aurora Metallic",,,,No
Asus,Asus Zenpad C 7.0 Z170MG,https://www.gsmarena.com/asus_zenpad_c_7_0_z170mg-7364.php,https://fdn2.gsmarena.com/vv/bigpic/asus-zenpad-c-70.jpg,GSM / HSPA,No,"2015, June. Released 2015, August",Discontinued,189 x 108 x 9.5 mm (7.44 x 4.25 x 0.37 in),275.0,,,Micro-SIM,IPS LCD,,7.0,600x1024,170,67.6,Oleophobic coating,Android 5.0 (Lollipop),Mediatek MT8382V/W (28 nm),28,Quad-core Cortex-A7,Mali-400MP2,1,1,8,16,,5.0,1,,No,,No,,Yes,,No,,,"Wi-Fi 802.11 b/g/n, hotspot",No,4.0,Micro-USB,Yes,"GPS, GLONASS",Accelerometer,3500,,,No,,,,,,,,,,,"Black, White",,,,No
Asus,Asus Zenpad C 7.0,https://www.gsmarena.com/asus_zenpad_c_7_0-7256.php,https://fdn2.gsmarena.com/vv/bigpic/asus-zenpad-c-70.jpg,GSM / HSPA,No,"2015, June. Released 2015, July",Discontinued,189 x 108 x 8.4 mm (7.44 x 4.25 x 0.33 in),265.0,,,Micro-SIM - cellular model only,IPS LCD,,7.0,600x1024,170,67.6,Oleophobic coating,Android 5.0 (Lollipop),Intel Atom x3-C3200,,Quad-core,Mali-450MP4,1,1,8,16,,5.0,1,2.0,No,,No,,720p@30fps,,No,,,"Wi-Fi 802.11 b/g/n, hotspot",No,4.0,Micro-USB,Yes,"GPS, GLONASS - cellular model only",Accelerometer,3450,,,No,,,140.0,,,,,,,,"Black, White, Red, Aurora Metallic",,,,No
Asus,Asus Zenfone Selfie ZD551KL,https://www.gsmarena.com/asus_zenfone_selfie_zd551kl-7261.php,https://fdn2.gsmarena.com/vv/bigpic/asus-zenfone-selfie.jpg,GSM / HSPA / LTE,No,"2015, June. Released 2015, August",Discontinued,156.5 x 77.2 x 10.8 mm (6.16 x 3.04 x 0.43 in),170.0,Glass,,"Dual SIM (Micro-SIM, dual stand-by)",IPS LCD,,5.5,1080x1920,403,68.3,"Corning Gorilla Glass 4, oleophobic coat","Android 5.0 (Lollipop), upgradable to 6.0 (Marshmallow), ZenUI",Qualcomm MSM8939 Snapdragon 615 (28 nm),28,Octa-core (4x1.7 GHz Cortex-A53 & 4x1.0 GHz Cortex-A53),Adreno 405,2,3,16,32,eMMC 4.5,13.0,1,2.0,No,1/3.0,No,"Laser AF, Dual-LED dual-tone flash, panorama, HDR",1080p@30fps,13.0,No,Dual-LED dual-tone flash,1080p@30fps,"Wi-Fi 802.11 a/b/g/n/ac, Wi-Fi Direct, hotspot",No,4.0,Micro-USB,Yes,"GPS, GLONASS, BDS","Accelerometer, gyro, proximity, compass",3000,,,No,,,280.0,,,,,,,,"Pure White, Chic Pink, Aqua Blue","Z00UD, Z00UDH, Z00UDC, Z00UDB",,,"FM radio, RDS"
Asus,Asus Zenfone 2 ZE500CL,https://www.gsmarena.com/asus_zenfone_2_ze500cl-7044.php,https://fdn2.gsmarena.com/vv/bigpic/asus-zenfone-2-ze500cl.jpg,GSM / HSPA / LTE,No,"2015, March. Released 2015, March",Discontinued,148.1 x 71.5 x 10.9 mm (5.83 x 2.81 x 0.43 in),155.0,,,Micro-SIM,IPS LCD,,5.0,720x1280,294,65.1,Gorilla Glass 3,"Android 5.0 (Lollipop), ZenUI",Intel Atom Z2560,,Dual-core 1.6 GHz,PowerVR SGX544MP2,2,2,16,16,,8.0,1,2.0,No,,No,"LED flash, panorama, HDR",1080p@30fps,2.0,No,,,"Wi-Fi 802.11 b/g/n, Wi-Fi Direct, hotspot",No,4.0,Micro-USB,Yes,"GPS, GLONASS","Accelerometer, proximity, compass",2500,,,No,,,180.0,,,,,,,,"Charcoal Black, Pearl White, Cherry Red",Z00D,,0.43 W/kg (head),FM radio
Asus,Asus Zenfone 2 ZE550ML,https://www.gsmarena.com/asus_zenfone_2_ze550ml-7120.php,https://fdn2.gsmarena.com/vv/bigpic/asus-zenfone-2-ze550ml.jpg,GSM / HSPA / LTE,No,"2015, March. Released 2015, March",Discontinued,152.5 x 77.2 x 10.9 mm (6.00 x 3.04 x 0.43 in),170.0,,,"Dual SIM (Micro-SIM, dual stand-by)",IPS LCD,,5.5,720x1280,267,70.8,Gorilla Glass 3,"Android 5.0 (Lollipop), upgradable to 6.0 (Marshmallow), ZenUI",Intel Atom Z3560,,Quad-core 1.8 GHz,PowerVR G6430,2,2,16,16,,13.0,1,2.0,No,,No,"Dual-LED dual-tone flash, panorama, HDR",1080p@30fps,5.0,No,,,"Wi-Fi 802.11 a/b/g/n/ac, Wi-Fi Direct, hotspot",No,4.0,Micro-USB,Yes,"GPS, GLONASS","Accelerometer, proximity, compass",3000,,,No,,,250.0,,,,,,,,"Osmium Black, Glamor Red, Ceramic White","Z008D, Z008",,0.35 W/kg (head),FM radio
Asus,Asus Zenfone 2 ZE551ML,https://www.gsmarena.com/asus_zenfone_2_ze551ml-6917.php,https://fdn2.gsmarena.com/vv/bigpic/asus-zenfone-2-new.jpg,GSM / HSPA / LTE,No,"2015, January. Released 2015, March",Discontinued,152.5 x 77.2 x 10.9 mm (6.00 x 3.04 x 0.43 in),170.0,Glass,,"Dual SIM (Micro-SIM, dual stand-by)",IPS LCD,,5.5,1080x1920,401,70.8,Gorilla Glass 3,"Android 5.0 (Lollipop), upgradable to 6.0 (Marshmallow)",Intel Atom Z3580 (4 GB RAM model) Intel Atom Z3560 (2 GB RAM model),,Quad-core 2.3 GHz (4 GB RAM model) Quad-core 1.8 GHz (2 GB RAM model),PowerVR G6430,2,4,16,128,,13.0,1,2.0,No,,No,"Dual-LED dual-tone flash, panorama, HDR",1080p@30fps,5.0,No,,,"Wi-Fi 802.11 a/b/g/n/ac, Wi-Fi Direct, hotspot",Yes,4.0,Micro-USB,Yes,"GPS, GLONASS","Accelerometer, gyro, proximity, compass",3000,18,,No,,,300.0,,,,,,,,"Osmium Black, Sheer Gold, Glacier Gray, Glamor Red, Ceramic White","Z00AD, Z00A",,0.35 W/kg (head),"FM radio, RDS"
Asus,Asus Fonepad 7 FE375CL,https://www.gsmarena.com/asus_fonepad_7_fe375cl-7045.php,https://fdn2.gsmarena.com/vv/bigpic/asus-fonepad-7-fe375cl.jpg,GSM / HSPA / LTE,No,"2015, February. Released 2015, March",Discontinued,194.3 x 108.9 x 9.8 mm (7.65 x 4.29 x 0.39 in),299.0,,,Micro-SIM,IPS LCD,,7.0,800x1280,216,67.1,Oleophobic coating,Android 5.0.1 (Lollipop),Intel Atom Z3530,,Quad-core 1.33 GHz,PowerVR G6430,2,2,8,16,,5.0,1,,No,,No,,1080p@30fps,2.0,No,,,"Wi-Fi 802.11 b/g/n, DLNA, hotspot",No,4.0,Micro-USB,Yes,"GPS, GLONASS","Accelerometer, proximity, compass",3950,,,No,,,220.0,,,,,,,,"Black, White",,,,No
Asus,Asus Zenfone C ZC451CG,https://www.gsmarena.com/asus_zenfone_c_zc451cg-6982.php,https://fdn2.gsmarena.com/vv/bigpic/asus-zenfone-c.jpg,GSM / HSPA,No,"2015, January. Released 2015, February",Discontinued,136.5 x 67 x 10.9 mm (5.37 x 2.64 x 0.43 in),150.0,Glass,,"Dual SIM (Micro-SIM, dual stand-by)",IPS LCD,,4.5,480x854,218,61.0,Oleophobic coating,Android 4.4.2 (KitKat),Intel Atom Z2520,,Dual-core 1.2 GHz,PowerVR SGX544MP2,1,1,8,8,,5.0,1,2.0,No,,No,LED flash,1080p@30fps,,No,,,"Wi-Fi 802.11 b/g/n, hotspot",No,4.0,Micro-USB,Yes,"GPS, GLONASS","Accelerometer, proximity",2100,,,No,,,90.0,,,,,,,,"Charcoal Black, Pearl White, Cherry Red",Z007,,,FM radio
Asus,Asus Fonepad 7 FE171CG,https://www.gsmarena.com/asus_fonepad_7_fe171cg-6953.php,https://fdn2.gsmarena.com/vv/bigpic/asus-fonepad-7-2015.jpg,GSM / HSPA,No,"2015, January. Released 2015, January",Discontinued,196 x 110.6 x 7.9 mm (7.72 x 4.35 x 0.31 in),280.0,,,"Dual SIM (Micro-SIM, dual stand-by)",IPS LCD,,7.0,600x1024,170,63.6,Oleophobic coating,Android 4.4 (KitKat),Intel Atom Z2520,,Dual-core 1.2 GHz,PowerVR SGX544MP2,1,2,8,16,,5.0,1,,No,,No,LED flash,1080p@30fps,2.0,No,,720p,"Wi-Fi 802.11 b/g/n, DLNA, hotspot",No,4.0,Micro-USB,Yes,"GPS, GLONASS",Accelerometer,3950,,,No,,,160.0,,,,,,,,"Black, White, Gold, Red",K01N,,,No
Asus,Asus Zenfone Zoom ZX550,https://www.gsmarena.com/asus_zenfone_zoom_zx550-6918.php,https://fdn2.gsmarena.com/vv/bigpic/asus-zenfone-zoom-zx550.jpg,GSM / HSPA / LTE,No,"2015, January. Released 2015, December",Discontinued,158.9 x 78.8 x 12 mm (6.26 x 3.10 x 0.47 in),185.0,,,"Dual SIM (Micro-SIM, dual stand-by)",IPS LCD,,5.5,1080x1920,403,65.9,Gorilla Glass 3,"Android 5.0 (Lollipop), ZenUI",Intel Atom Z3580,,Quad-core 2.3 GHz,PowerVR G6430,2,4,16,128,,13.0,1,2.7,Yes,,No,"Laser AF, Dual-LED dual-tone flash, panorama, HDR",1080p@30fps,5.0,No,,,"Wi-Fi 802.11 a/b/g/n/ac, Wi-Fi Direct, hotspot",No,4.0,Micro-USB,Yes,"GPS, GLONASS","Accelerometer, gyro, proximity, compass",3000,,,No,,,400.0,,,,,,,,"Meteorite black, Glacier white",,,,No
Asus,Asus Pegasus,https://www.gsmarena.com/asus_pegasus-6897.php,https://fdn2.gsmarena.com/vv/bigpic/asus-x002.jpg,GSM / LTE,No,"2014, December. Released 2015, May",Discontinued,146 x 73 x 9.9 mm (5.75 x 2.87 x 0.39 in),140.0,,,"Dual SIM (Micro-SIM, dual stand-by)",IPS LCD,,5.0,720x1280,294,64.7,,Android 4.4 (KitKat),Mediatek MT6732 (28 nm),28,Quad-core 1.5 GHz Cortex-A53,Mali-T760MP2,2,2,8,16,,8.0,1,2.0,No,,No,"LED flash, panorama",Yes,5.0,No,,,"Wi-Fi 802.11 b/g/n, hotspot",No,4.0,Micro-USB,Yes,GPS,"Accelerometer, proximity, compass",2500,,,No,,,80.0,,,,,,,,"Black, White, Red, Gold",X003,,,No
Asus,Asus Zenfone 5 Lite A502CG (2014),https://www.gsmarena.com/asus_zenfone_5_lite_a502cg_(2014)-6813.php,https://fdn2.gsmarena.com/vv/bigpic/asus-zenphone-5-lite.jpg,GSM / HSPA,No,"2014, November. Released 2014, November",Discontinued,148.2 x 72.8 x 10.8 mm (5.83 x 2.87 x 0.43 in),160.0,,,"Dual SIM (Micro-SIM, dual stand-by)",IPS LCD,,5.0,540x960,220,63.9,Oleophobic coating,Android 4.4.2 (KitKat),Intel Atom Z2520,,Dual-core 1.2 GHz,PowerVR SGX544MP2,1,1,1,1,,8.0,1,,No,,No,"LED flash, panorama",720p@30fps,,No,,,"Wi-Fi 802.11 b/g/n, hotspot",No,4.0,Micro-USB,Yes,"GPS, GLONASS","Accelerometer, proximity, compass",2500,,,No,,,100.0,,,,,,,,"Charcoal Black, Pearl White, Cherry Red",T00K,,,FM radio
Asus,Asus Memo Pad 10 ME103K,https://www.gsmarena.com/asus_memo_pad_10_me103k-6751.php,https://fdn2.gsmarena.com/vv/bigpic/asus-memo-pad-10-me103k.jpg,No cellular connectivity,No,"2014, October. Released 2014, November",Discontinued,256 x 174 x 9.9 mm (10.08 x 6.85 x 0.39 in),525.0,,,No,IPS LCD,,10.1,800x1280,149,66.4,Oleophobic coating,Android 4.4.2 (KitKat),Qualcomm Snapdragon S4 Pro,,Quad-core 1.4 GHz Krait,Adreno 320,1,1,8,32,,5.0,1,,No,,No,,,,No,,,Wi-Fi 802.11 b/g/n,No,4.0,Micro-USB,Yes,"GPS, GLONASS","Accelerometer, compass",5000,,,No,,,200.0,,,,,,,,"White, Black",,,,No
Asus,Asus PadFone X mini,https://www.gsmarena.com/asus_padfone_x_mini-6737.php,https://fdn2.gsmarena.com/vv/bigpic/asus-padfone-x-mini.jpg,GSM / HSPA / LTE,No,"2014, October. Released 2014, October",Discontinued,132.1 x 66.3 x 12.7 mm (5.20 x 2.61 x 0.5 in),148.8,,,Micro-SIM,IPS+ LCD,,4.5,480x854,218,63.7,,Android 4.4.2 (KitKat),Intel Atom Z2560,,Dual-core 1.6 GHz,PowerVR SGX544MP2,1,1,8,8,,5.0,1,,No,,No,LED flash,1080p@30fps,2.0,No,,,"Wi-Fi 802.11 b/g/n, hotspot",No,4.0,Micro-USB,Yes,GPS,"Accelerometer, proximity",2060,,,No,,,160.0,,,,,,,,Black,,,,FM radio
Asus,Asus Memo Pad 7 ME572CL,https://www.gsmarena.com/asus_memo_pad_7_me572cl-6630.php,https://fdn2.gsmarena.com/vv/bigpic/asus-memo-pad-7.jpg,GSM / HSPA / LTE,No,"2014, September. Released 2014, November",Discontinued,200 x 114.4 x 8.3 mm (7.87 x 4.50 x 0.33 in),279.0,,,Micro-SIM,IPS LCD,,7.0,1200x1920,323,62.1,,Android 4.4.2 (KitKat),Intel Atom Z3560,,Quad-core 1.83 GHz,PowerVR G6430,2,2,16,32,,5.0,1,,No,,No,,Yes,2.0,No,,,"Wi-Fi 802.11 a/b/g/n/ac, dual-band, hotspot",Yes,4.0,Micro-USB,Yes,"GPS, GLONASS","Accelerometer, gyro, compass",3950,,,No,,,240.0,,,,,,,,"Burgundy Red, Champagne Gold,Gentle Black",,,,No
Asus,Asus Memo Pad 7 ME572C,https://www.gsmarena.com/asus_memo_pad_7_me572c-6629.php,https://fdn2.gsmarena.com/vv/bigpic/asus-memo-pad-7.jpg,No cellular connectivity,No,"2014, September. Released 2014, November",Discontinued,200 x 114.4 x 8.3 mm (7.87 x 4.50 x 0.33 in),269.0,,,No,IPS LCD,,7.0,1200x1920,323,62.1,,Android 4.4.2 (KitKat),Intel Atom Z3560,,Quad-core 1.83 GHz,PowerVR G6430,2,2,16,32,,5.0,1,,No,,No,,Yes,2.0,No,,,"Wi-Fi 802.11 b/g/n, hotspot",Yes,4.0,Micro-USB,Yes,"GPS, GLONASS","Accelerometer, gyro, compass",3950,,,No,,,240.0,,,,,,,,"Burgundy Red, Champagne Gold,Gentle Black",,,,No
Asus,Asus Zenfone 5 A500KL (2014),https://www.gsmarena.com/asus_zenfone_5_a500kl_(2014)-6429.php,https://fdn2.gsmarena.com/vv/bigpic/asus-zenphone-5.jpg,GSM / HSPA / LTE,No,"2014, June. Released 2014, July",Discontinued,148.2 x 72.8 x 10.3 mm (5.83 x 2.87 x 0.41 in),145.0,,,"Single SIM (Micro-SIM) or Dual SIM (Micro-SIM, dual stand-by)",IPS LCD,,5.0,720x1280,294,63.9,Gorilla Glass 3,"Android 4.4.2 (KitKat), upgradable to 5.0.2 (Lollipop)",Qualcomm MSM8926 Snapdragon 400 (28 nm),28,Quad-core 1.2 GHz Cortex-A7,Adreno 305,1,2,8,32,eMMC 4.5,8.0,1,2.0,No,,No,"LED flash, panorama",1080p@30fps,2.0,No,,,"Wi-Fi 802.11 b/g/n, Wi-Fi Direct, hotspot",No,4.0,Micro-USB,Yes,"GPS, GLONASS","Accelerometer, proximity, compass",2110,,,No,,,210.0,,,,,,,,"Charcoal Black, Pearl White, Cherry Red, Champagne Gold, Twilight Purple",T00P,,,FM radio
Asus,Asus Zenfone 4 A450CG (2014),https://www.gsmarena.com/asus_zenfone_4_a450cg_(2014)-6428.php,https://fdn2.gsmarena.com/vv/bigpic/asus-zenfone-4-a450cg.jpg,GSM / HSPA,No,"2014, June. Released 2014, July",Discontinued,136.8 x 67.9 x 11.3 mm (5.39 x 2.67 x 0.44 in),134.0,,,"Single SIM (Micro-SIM) or Dual SIM (Micro-SIM, dual stand-by)",IPS LCD,,4.5,480x854,218,60.1,Gorilla Glass 3,"Android 4.4.2 (KitKat), upgradable to 5.0.2 (Lollipop)",Intel Atom Z2520,,Dual-core 1.2 GHz,PowerVR SGX544MP2,1,1,8,8,,8.0,1,2.0,No,,No,"LED flash, panorama",1080p@30fps,,No,,,"Wi-Fi 802.11 b/g/n, Wi-Fi Direct, hotspot",No,4.0,Micro-USB,Yes,"GPS, GLONASS","Accelerometer, proximity, compass",1750,,,No,,,100.0,,,,,,,,"Charcoal Black, Pearl White, Cherry Red, Sky Blue, Solar Yellow",T00Q,,,FM radio
Asus,Asus Memo Pad 8 ME581CL,https://www.gsmarena.com/asus_memo_pad_8_me581cl-6414.php,https://fdn2.gsmarena.com/vv/bigpic/asus-memo-pad-8-me581cl.jpg,GSM / HSPA / LTE,No,"2014, June. Released 2014, Q3",Discontinued,213 x 123 x 7.5 mm (8.39 x 4.84 x 0.30 in),299.0,,,Micro-SIM,IPS LCD,,8.0,1200x1920,283,70.8,Gorilla Glass 3,Android 4.4.2 (KitKat),Intel Atom Z3580,,Quad-core 2.3 GHz,PowerVR G6430,2,2,16,32,,5.0,1,,No,,No,,Yes,1.2,No,,,"Wi-Fi 802.11 a/b/g/n/ac, dual-band, hotspot",Yes,4.0,Micro-USB,Yes,"GPS, GLONASS","Accelerometer, gyro, compass",4000,,,No,,,240.0,,,,,,,,"White, Pink, Blue",,,,No
Asus,Asus Memo Pad 8 ME181C,https://www.gsmarena.com/asus_memo_pad_8_me181c-6413.php,https://fdn2.gsmarena.com/vv/bigpic/asus-memo-pad-8-me181c.jpg,No cellular connectivity,No,"2014, June. Released 2014, August",Discontinued,211.7 x 124.9 x 8.3 mm (8.33 x 4.92 x 0.33 in),320.0,,,No,IPS LCD,,8.0,800x1280,189,70.2,,Android 4.4.2 (KitKat),Intel Atom Z3745,,Quad-core 1.33 GHz,Intel Gen 7 (Ivy Bridge),1,1,16,16,,5.0,1,,No,,No,,1080p@30fps,2.0,No,,,Wi-Fi 802.11 b/g/n,No,4.0,Micro-USB,Yes,"GPS, GLONASS",Accelerometer,4000,,,No,,,150.0,,,,,,,,"Black, White, Purple, Gold",,,,No
Asus,Asus Memo Pad 7 ME176C,https://www.gsmarena.com/asus_memo_pad_7_me176c-6412.php,https://fdn2.gsmarena.com/vv/bigpic/asus-memo-pad-7-me176c.jpg,No cellular connectivity,No,"2014, June. Released 2014, August",Discontinued,189.3 x 113.7 x 9.6 mm (7.45 x 4.48 x 0.38 in),295.0,,,No,IPS LCD,,7.0,800x1280,216,66.0,,Android 4.4.2 (KitKat),Intel Atom Z3745,,Quad-core 1.86 GHz,Intel Gen 7 (Ivy Bridge),1,1,8,16,,5.0,1,,No,,No,,1080p@30fps,2.0,No,,,Wi-Fi 802.11 b/g/n,No,4.0,Micro-USB,Yes,"GPS, GLONASS","Accelerometer, compass",3950,,,No,,,130.0,,,,,,,,"Black, White, Red, Blue, Yellow",,,,No
Asus,Asus Fonepad 8 FE380CG,https://www.gsmarena.com/asus_fonepad_8_fe380cg-6411.php,https://fdn2.gsmarena.com/vv/bigpic/asus-fonepad-8-fe380cg.jpg,GSM / HSPA,No,"2014, June. Released 2014, Q3",Discontinued,214 x 120 x 8.9 mm (8.43 x 4.72 x 0.35 in),328.0,,,"Dual SIM (Micro-SIM, dual stand-by)",IPS LCD,,8.0,800x1280,189,72.3,Oleophobic coating,Android 4.4.2 (KitKat),Intel Atom Z3530,,Quad-core 1.33 GHz,PowerVR G6430,1,2,8,16,,5.0,1,,No,,No,,720p,2.0,No,,,"Wi-Fi 802.11 b/g/n, hotspot",No,4.0,Micro-USB,Yes,"GPS, GLONASS","Accelerometer, proximity, compass",,,,No,,,200.0,,,,,,,,"Black, White, Red, Gold",K016,,,No
Asus,Asus Fonepad 7 FE375CXG,https://www.gsmarena.com/asus_fonepad_7_fe375cxg-6747.php,https://fdn2.gsmarena.com/vv/bigpic/asus-fonepad-7-fe375cg.jpg,GSM / HSPA,No,"2014, September. Released 2014, September",Discontinued,194.3 x 108.9 x 9.8 mm (7.65 x 4.29 x 0.39 in),299.0,,,"Single SIM (Micro-SIM) or Dual SIM (Micro-SIM, dual stand-by)",IPS LCD,,7.0,800x1280,216,67.1,Oleophobic coating,Android 4.4.2 (KitKat),Intel Atom Z3530,,Quad-core 1.33 GHz,PowerVR G6430,1,1,8,16,,2.0,1,,No,,No,,720p,,No,,,"Wi-Fi 802.11 b/g/n, hotspot",No,4.0,Micro-USB,Yes,"GPS, GLONASS","Accelerometer, proximity, compass",,,,No,,,130.0,,,,,,,,"Black, White, Red, Gold",,,,No
Asus,Asus Fonepad 7 FE375CG,https://www.gsmarena.com/asus_fonepad_7_fe375cg-6410.php,https://fdn2.gsmarena.com/vv/bigpic/asus-fonepad-7-fe375cg.jpg,GSM / HSPA,No,"2014, June. Released 2014, Q3",Discontinued,194.3 x 108.9 x 9.8 mm (7.65 x 4.29 x 0.39 in),299.0,,,"Dual SIM (Micro-SIM, dual stand-by)",IPS LCD,,7.0,800x1280,216,67.1,,Android 4.4.2 (KitKat),Intel Atom Z3560,,Quad-core 1.83 GHz,PowerVR G6430,1,1,8,16,,5.0,1,,No,,No,,720p,2.0,No,,,"Wi-Fi 802.11 b/g/n, hotspot",No,4.0,Micro-USB,Yes,"GPS, GLONASS","Accelerometer, proximity, compass",,,,No,,,210.0,,,,,,,,"Black, White, Red, Gold",,,,No
Asus,Asus Transformer Pad TF303CL,https://www.gsmarena.com/asus_transformer_pad_tf303cl-6407.php,https://fdn2.gsmarena.com/vv/bigpic/asus-transformer-pad-tf303cl.jpg,GSM / HSPA / LTE,No,"2014, June. Released 2014, Q3",Discontinued,257.4 x 178.4 x 9.9 mm (10.13 x 7.02 x 0.39 in),595.0,,,Micro-SIM,IPS LCD,,10.1,1920x1200,224,64.4,,Android 4.4.2 (KitKat),Intel Atom Z3745,,Quad-core 1.86 GHz,Intel Gen 7 (Ivy Bridge),2,2,16,32,,5.0,1,,No,,No,,Yes,1.2,No,,,"Wi-Fi 802.11 a/b/g/n, dual-band, hotspot",No,4.0,Micro-USB,Yes,"GPS, GLONASS","Accelerometer, gyro, compass",6600,,,No,,,400.0,,,,,,,,"Blue, Gold",,,,No
Asus,Asus Transformer Pad TF103C,https://www.gsmarena.com/asus_transformer_pad_tf103c-6409.php,https://fdn2.gsmarena.com/vv/bigpic/asus-transformer-pad-tf103c-2.jpg,No cellular connectivity,No,"2014, June. Released 2014, June",Discontinued,257.5 x 178.4 x 9.9 mm (10.14 x 7.02 x 0.39 in),550.0,,,No,IPS LCD,,10.1,800x1280,149,64.4,,Android 4.4.2 (KitKat),Intel Atom Z3745,,Quad-core 1.86 GHz,Intel Gen 7 (Ivy Bridge),1,1,8,16,,2.0,1,,No,,No,,Yes,,No,,,"Wi-Fi 802.11 a/b/g/n, dual-band",No,4.0,Micro-USB,Yes,"GPS, GLONASS","Accelerometer, compass",5000,,,No,,,220.0,,,,,,,,"Black, White",,,,No
Asus,Asus Fonepad 7 (2014),https://www.gsmarena.com/asus_fonepad_7_(2014)-6394.php,https://fdn2.gsmarena.com/vv/bigpic/asus-fonepad-7-2014.jpg,GSM / HSPA,No,"2014, May. Released 2014, May",Discontinued,192 x 110 x 10.7 mm (7.56 x 4.33 x 0.42 in),290.0,,,"Single SIM (Micro-SIM) or Dual SIM (Micro-SIM, dual stand-by)",IPS LCD,,7.0,600x1024,170,65.3,,Android 4.3 (Jelly Bean),Intel Atom Z2520,,Dual-core 1.2 GHz,PowerVR SGX544MP2,1,1,4,8,,2.0,1,,No,,No,,720p,,No,,,"Wi-Fi 802.11 b/g/n, hotspot",No,4.0,Micro-USB,Yes,"GPS, GLONASS","Accelerometer, proximity",3910,,,No,,,100.0,,,,,,,,"Black, White, Red, Blue (Dual SIM)/ White (Single SIM)",,,,No
Asus,Asus PadFone X,https://www.gsmarena.com/asus_padfone_x-6519.php,https://fdn2.gsmarena.com/vv/bigpic/Asus-PadFone-X.jpg,GSM / HSPA / LTE,No,"2014, March. Released 2014, July",Discontinued,143.4 x 72.5 x 10 mm (5.65 x 2.85 x 0.39 in),150.0,,,Micro-SIM,Super IPS+ LCD,,5.0,1080x1920,441,66.3,Corning Gorilla Glass,Android 4.4.2 (KitKat),Qualcomm Snapdragon 800 (28 nm),28,Quad-core 2.3 GHz Krait 400,Adreno 330,2,2,16,16,eMMC 4.5,13.0,1,,No,,Yes,LED flash,"4K@25fps, 1080p@25fps",2.0,No,,1080p@25fps,"Wi-Fi 802.11 a/b/g/n/ac, dual-band, Wi-Fi Direct, hotspot",Yes,4.0,Micro-USB,Yes,"GPS, GLONASS","Accelerometer, gyro, proximity, compass",2300,,,No,,,320.0,,,,,,,,"Titanium Black, Platinum White",,,,No
Asus,Asus PadFone S,https://www.gsmarena.com/asus_padfone_s-6238.php,https://fdn2.gsmarena.com/vv/bigpic/asus-padfone-s-new.jpg,GSM / HSPA / LTE,No,"2014, March. Released 2014, July",Discontinued,143.4 x 72.5 x 10 mm (5.65 x 2.85 x 0.39 in),150.0,,,Micro-SIM,Super IPS+ LCD,,5.0,1080x1920,441,66.3,Corning Gorilla Glass,"Android 4.4.2 (KitKat), upgradable to 6.0 (Marshmallow)",Qualcomm MSM8974AB Snapdragon 801 (28 nm),28,Quad-core 2.3 GHz Krait 400,Adreno 330,2,2,16,16,eMMC 5.0,13.0,1,2.0,No,,Yes,LED flash,"4K@12-25fps, 1080p@30fps, 720p@60fps",2.0,No,,1080p@30fps,"Wi-Fi 802.11 a/b/g/n/ac, dual-band, Wi-Fi Direct, hotspot",Yes,4.0,Micro-USB,Yes,GPS,"Accelerometer, gyro, proximity, compass",2300,,,No,,,250.0,,,,,,,,"Titanium Black, Platinum White, Dark Ruby",T00N,,,No
Asus,Asus PadFone Infinity Lite,https://www.gsmarena.com/asus_padfone_infinity_lite-6120.php,https://fdn2.gsmarena.com/vv/bigpic/asus-padfone-infinity-2-new.jpg,GSM / HSPA / LTE,No,"2014, February. Released 2014, March",Discontinued,143.5 x 72.8 x 8.9 mm (5.65 x 2.87 x 0.35 in),145.0,,,Micro-SIM,Super IPS+ LCD,,5.0,1080x1920,441,66.0,,Android 4.1 (Jelly Bean),Qualcomm Snapdragon 600,,Quad-core 1.7 GHz Krait,Adreno 320,2,2,16,32,,13.0,1,,No,,No,LED flash,1080p@30fps,2.0,No,,1080p@30fps,"Wi-Fi 802.11 a/b/g/n/ac, dual-band, Wi-Fi Direct, hotspot",No,4.0,Micro-USB,Yes,"GPS, GLONASS","Accelerometer, gyro, proximity, compass",2400,,,No,,,510.0,,,,,,,,"Titanium Black, Platinum White",,,,FM radio
Asus,Asus PadFone E,https://www.gsmarena.com/asus_padfone_e-5993.php,https://fdn2.gsmarena.com/vv/bigpic/asus-padfone-e.jpg,GSM / HSPA,No,"2014, January. Released 2014, March",Discontinued,139.6 x 69.7 x 9.1 mm (5.50 x 2.74 x 0.36 in),126.0,,,Dual SIM (dual stand-by),Super IPS LCD,,4.7,720x1280,312,62.6,Corning Gorilla Glass,Android 4.3 (Jelly Bean),Qualcomm Snapdragon 400 (28 nm),28,Quad-core 1.4 GHz Cortex-A7,Adreno 305,1,1,1,1,eMMC 4.5,13.0,1,,No,,No,LED flash,"1080p@30fps, 720p@60fps",1.2,No,,720p,Wi-Fi 802.11 b/g/n,No,4.0,Micro-USB,Yes,"GPS, GLONASS","Accelerometer, proximity, compass",1820,,,No,,,260.0,,,,,,,,"Black, White",PadFone T008,,,No
Asus,Asus Zenfone 6 A601CG (2014),https://www.gsmarena.com/asus_zenfone_6_a601cg_(2014)-6853.php,https://fdn2.gsmarena.com/vv/bigpic/asus-zenfone-6.jpg,GSM / HSPA,No,"2014, January. Released 2014, May",Discontinued,166.9 x 84.3 x 9.9 mm (6.57 x 3.32 x 0.39 in),196.0,,,"Dual SIM (Micro-SIM, dual stand-by)",IPS LCD,,6.0,720x1280,245,70.5,Gorilla Glass 3,"Android 4.3 (Jelly Bean), upgradable to 5.0.2 (Lollipop)",Intel Atom Z2560,,Dual-core 1.6 GHz,PowerVR SGX544MP2,2,2,16,32,,13.0,1,,No,,No,"LED flash, panorama",1080p@30fps,2.0,No,,,"Wi-Fi 802.11 b/g/n, Wi-Fi Direct, hotspot",No,4.0,Micro-USB,Yes,GPS,"Accelerometer, gyro, proximity, compass",3230,,,No,,,200.0,,,,,,,,"Charcoal Black, Pearl White, Cherry Red, Champagne Gold",,,,FM radio
Asus,Asus Zenfone 6 A600CG (2014),https://www.gsmarena.com/asus_zenfone_6_a600cg_(2014)-5953.php,https://fdn2.gsmarena.com/vv/bigpic/asus-zenfone-6.jpg,GSM / HSPA,No,"2014, January. Released 2014, May",Discontinued,166.9 x 84.3 x 9.9 mm (6.57 x 3.32 x 0.39 in),196.0,,,"Dual SIM (Micro-SIM, dual stand-by)",IPS LCD,,6.0,720x1280,245,70.5,Gorilla Glass 3,"Android 4.3 (Jelly Bean), upgradable to 5.0.2 (Lollipop)",Intel Atom Z2580,,Dual-core 2.0 GHz,PowerVR SGX544MP2,2,2,16,32,,13.0,1,2.0,No,,No,"LED flash, panorama",1080p@30fps,2.0,No,,,"Wi-Fi 802.11 b/g/n, Wi-Fi Direct, hotspot",No,4.0,Micro-USB,Yes,GPS,"Accelerometer, gyro, proximity, compass",3300,,,No,,,250.0,,,,,,,,"Charcoal Black, Pearl White, Cherry Red, Champagne Gold","T00G, Z002",1.18 W/kg (head),0.53 W/kg (head),No
Asus,Asus Zenfone 5 A501CG (2015),https://www.gsmarena.com/asus_zenfone_5_a501cg_(2015)-7160.php,https://fdn2.gsmarena.com/vv/bigpic/asus-zenfone-5-a501cg.jpg,GSM / HSPA,No,"2015, January. Released 2015, January",Discontinued,148.2 x 72.8 x 10.3 mm (5.83 x 2.87 x 0.41 in),145.0,,,"Dual SIM (Micro-SIM, dual stand-by)",IPS LCD,,5.0,720x1280,294,63.9,Gorilla Glass 3,"Android 4.3 (Jelly Bean), upgradable to 5.0.2 (Lollipop)",Intel Atom Z2520,,Dual-core 1.2 GHz,PowerVR SGX544MP2,2,2,8,8,,8.0,1,2.0,No,,No,LED flash,"1080p@30fps, 720p@60fps",2.0,No,,,"Wi-Fi 802.11 b/g/n, Wi-Fi Direct, hotspot",No,4.0,Micro-USB,Yes,"GPS, GLONASS","Accelerometer, proximity, compass",2110,,,No,,,120.0,,,,,,,,"Charcoal Black, Pearl White, Cherry Red",T00F,,,FM radio
Asus,Asus Zenfone 5 A500CG (2014),https://www.gsmarena.com/asus_zenfone_5_a500cg_(2014)-5952.php,https://fdn2.gsmarena.com/vv/bigpic/asus-zenfone-51.jpg,GSM / HSPA,No,"2014, January. Released 2014, April",Discontinued,148.2 x 72.8 x 10.3 mm (5.83 x 2.87 x 0.41 in),145.0,Glass,,"Dual SIM (Micro-SIM, dual stand-by)",IPS LCD,,5.0,720x1280,294,63.9,Gorilla Glass 3,"Android 4.3 (Jelly Bean), upgradable to 5.0.2 (Lollipop)",Intel Atom Z2580,,Dual-core 2.0 GHz,PowerVR SGX544MP2,2,2,8,32,,8.0,1,2.0,No,,No,LED flash,1080p@30fps,2.0,No,,,"Wi-Fi 802.11 b/g/n, Wi-Fi Direct, hotspot",No,4.0,Micro-USB,Yes,"GPS, GLONASS","Accelerometer, proximity, compass",2110,,,No,,,130.0,,,,,,,,"Charcoal Black, Pearl White, Cherry Red, Champagne Gold, Twilight Purple","T00J, T00J-D",1.18 W/kg (head),0.53 W/kg (head),FM radio
Asus,Asus Zenfone 4 (2014),https://www.gsmarena.com/asus_zenfone_4_(2014)-5951.php,https://fdn2.gsmarena.com/vv/bigpic/asus-zenfone-4.jpg,GSM / HSPA,No,"2014, January. Released 2014, May",Discontinued,124.4 x 61.4 x 6.3 - 11.2 mm,115.0,,,"Dual SIM (Micro-SIM, dual stand-by)",TFT,,4.0,480x800,233,59.6,Gorilla Glass 3,"Android 4.3 (Jelly Bean), upgradable to 4.4.2 (KitKat)",Intel Atom Z2520,,Dual-core 1.2 GHz,PowerVR SGX544MP2,1,1,4,8,,5.0,1,,No,,No,,1080p@30fps,,No,,,"Wi-Fi 802.11 b/g/n, Wi-Fi Direct, hotspot",No,4.0,Micro-USB,Yes,"GPS, GLONASS","Accelerometer, proximity",1200,,,No,,,130.0,,,,,,,,"Charcoal Black, Pearl White, Cherry Red, Sky Blue, Solar Yellow","T00I, A400CG, A400CXG",1.18 W/kg (head),0.53 W/kg (head),No
Asus,Asus PadFone mini 4G (Intel),https://www.gsmarena.com/asus_padfone_mini_4g_(intel)-7158.php,https://fdn2.gsmarena.com/vv/bigpic/asus-pf451cl.jpg,GSM / HSPA / LTE,No,"2014, September. Released 2014, September",Discontinued,132 x 66.7 x 6.3 - 12.5 mm,150.0,,,Mini-SIM,IPS LCD,,4.5,480x854,218,63.4,Gorilla Glass 3,Android 4.4.2 (KitKat),Intel Atom Z2560,,Dual-core 1.6 GHz,PowerVR SGX544MP2,1,1,8,8,,5.0,1,,No,,No,LED flash,Yes,2.0,No,,,"Wi-Fi 802.11 b/g/n, hotspot",No,4.0,Micro-USB,Yes,"GPS, GLONASS","Accelerometer, proximity, compass",2060,,,No,,,300.0,,,,,,,,"Charcoal Black, Pearl White, Cherry Red",,,,No
Asus,Asus PadFone mini (Intel),https://www.gsmarena.com/asus_padfone_mini_(intel)-5982.php,https://fdn2.gsmarena.com/vv/bigpic/asus-padfone-mini-intel.jpg,GSM / HSPA,No,"2014, January. Released 2014, June",Discontinued,124.4 x 61.4 x 6.3 - 11.2 mm,116.0,,,"Dual SIM (Micro-SIM, dual stand-by)",IPS+ LCD,,4.0,480x800,233,59.6,,"Android 4.3 (Jelly Bean), upgradable to 4.4.2 (KitKat)",Intel Atom Z2560,,Dual-core 1.6 GHz,PowerVR SGX544MP2,1,1,8,8,,8.0,1,,No,,No,LED flash,Yes,2.0,No,,,"Wi-Fi 802.11 b/g/n, Wi-Fi Direct, hotspot",No,4.0,Micro-USB,Yes,"GPS, GLONASS","Accelerometer, proximity",1170,,,No,,,210.0,,,,,,,,"Black, White, Red, Blue, Yellow",,,,No
Asus,Asus PadFone mini,https://www.gsmarena.com/asus_padfone_mini-5891.php,https://fdn2.gsmarena.com/vv/bigpic/asus-padfone-mini-ofic.jpg,GSM / HSPA,No,"2013, December. Released 2014, December",Discontinued,129.3 x 65.6 x 8.7 mm (5.09 x 2.58 x 0.34 in),105.0,,,"Dual SIM (Micro-SIM, dual stand-by)",Super IPS LCD,,4.3,540x960,256,60.1,,Android 4.3 (Jelly Bean),Qualcomm MSM8226 Snapdragon 400 (28 nm),28,Quad-core 1.4 GHz Cortex-A7,Adreno 305,1,1,16,16,eMMC 4.5,8.0,1,,No,,No,LED flash,Yes,2.0,No,,,"Wi-Fi 802.11 b/g/n, Wi-Fi Direct, hotspot",No,4.0,Micro-USB,Yes,"GPS, GLONASS","Accelerometer, proximity, compass",1500,,,No,,,290.0,,,,,,,,"Titanium Black, Platinum White, Soft Pink",,,0.47 W/kg (head) 0.40 W/kg (body),No
Asus,Asus Transformer Book Trio,https://www.gsmarena.com/asus_transformer_book_trio-5863.php,https://fdn2.gsmarena.com/vv/bigpic/asus-transformer-book-trio-tx201la.jpg,No cellular connectivity,No,"2013, September. Released 2013, September",Discontinued,304.8 x 193 x 9.7 mm (12.00 x 7.60 x 0.38 in),,,,No,IPS LCD,,11.6,1080x1920,190,63.1,,Android 4.2 (Jelly Bean),Intel Atom,,,,2,2,16,64,,5.0,1,,No,,No,,1080p@30fps,1.2,No,,720p,"Wi-Fi 802.11 b/g/n, hotspot",No,3.0,Micro-USB,Yes,No,"Accelerometer, gyro, compass",,,,No,,,,,,,,,,,Black,,,,No
Asus,Asus PadFone Infinity 2,https://www.gsmarena.com/asus_padfone_infinity_2-5706.php,https://fdn2.gsmarena.com/vv/bigpic/asus-padfone-infinity-2-new.jpg,GSM / HSPA / LTE,No,"2013, September. Released 2013, October",Discontinued,143.5 x 72.8 x 8.9 mm (5.65 x 2.87 x 0.35 in),145.0,,,Nano-SIM,Super IPS+ LCD,,5.0,1080x1920,441,66.0,Corning Gorilla Glass,"Android 4.2.2 (Jelly Bean), upgradable to 5.0 (Lollipop)",Qualcomm Snapdragon 800 (28 nm),28,Quad-core 2.2 GHz Krait 400,Adreno 330,2,2,16,32,eMMC 4.5,13.0,1,,No,,No,LED flash,1080p@30fps,2.0,No,,1080p@30fps,"Wi-Fi 802.11 a/b/g/n/ac, dual-band, Wi-Fi Direct, hotspot",Yes,4.0,Micro-USB,Yes,"GPS, GLONASS","Accelerometer, gyro, proximity, compass",2400,,,No,,,730.0,,,,,,,,"Titanium Black, Platinum White",,,,FM radio
Asus,Asus Memo Pad 10,https://www.gsmarena.com/asus_memo_pad_10-5676.php,https://fdn2.gsmarena.com/vv/bigpic/asus-memo-pad-10.jpg,No cellular connectivity,No,"2013, September. Released 2013, November",Discontinued,256 x 174.6 x 10.5 mm (10.08 x 6.87 x 0.41 in),522.0,,,No,IPS LCD,,10.1,800x1280,149,66.2,,Android 4.2 (Jelly Bean),Rockchip RK101,,Quad-core 1.6 GHz,,1,1,8,16,,2.0,1,,No,,No,,720p,1.2,No,,,Wi-Fi 802.11 b/g/n,No,3.0,Micro-USB,Yes,"GPS, GLONASS","Accelerometer, compass",5070,,,No,,,250.0,,,,,,,,"Gray, White, Pink",,,,No
Asus,Asus Memo Pad 8 ME180A,https://www.gsmarena.com/asus_memo_pad_8_me180a-5675.php,https://fdn2.gsmarena.com/vv/bigpic/asus-memo-pad-8.jpg,No cellular connectivity,No,"2013, September. Released 2013, November",Discontinued,212.4 x 127.4 x 10 mm (8.36 x 5.02 x 0.39 in),350.0,,,No,IPS LCD,,8.0,800x1280,189,68.6,,Android 4.2.2 (Jelly Bean),,,Quad-core 1.6 GHz Cortex-A9,,1,1,16,16,,5.0,1,,No,,No,,720p,1.2,No,,,Wi-Fi 802.11 b/g/n,No,3.0,Micro-USB,Yes,No,"Accelerometer, proximity, compass",3950,,,No,,,150.0,,,,,,,,"Gray, White, Pink",,,,No
Asus,Asus Fonepad 7,https://www.gsmarena.com/asus_fonepad_7-5674.php,https://fdn2.gsmarena.com/vv/bigpic/asus-fonepad-7.jpg,GSM / HSPA / LTE,No,"2013, September. Released 2013, October",Discontinued,196.8 x 120 x 10.5 mm (7.75 x 4.72 x 0.41 in),328.0,,,Micro-SIM,IPS LCD,,7.0,800x1280,216,60.2,,"Android 4.2 (Jelly Bean), upgradable to 4.4.2 (KitKat)",Intel Atom Z2560,,Dual-core 1.6 GHz,PowerVR SGX544MP2,1,1,8,32,,5.0,1,,No,,No,,1080p@30fps,1.2,No,,720p,"Wi-Fi 802.11 a/b/g/n, dual band",No,3.0,Micro-USB,Yes,"GPS, GLONASS","Accelerometer, proximity, compass",3950,,,No,,,220.0,,,,,,,,"Sapphire black, Diamond white",,,,No
Asus,Asus Google Nexus 7 (2013),https://www.gsmarena.com/asus_google_nexus_7_(2013)-5600.php,https://fdn2.gsmarena.com/vv/bigpic/asus-google-nexus-7-2-ofic.jpg,GSM / HSPA / LTE,No,"2013, July. Released 2013, July",Discontinued,200 x 114 x 8.7 mm (7.87 x 4.49 x 0.34 in),290.0,,,Micro-SIM,LED-backlit IPS LCD,,7.0,1200x1920,323,62.3,Corning Gorilla Glass,"Android 4.3 (Jelly Bean), upgradable to 6.0 (Marshmallow)",Qualcomm Snapdragon S4 Pro,,Quad-core 1.5 GHz Krait,Adreno 320,2,2,16,32,,5.0,1,2.4,No,,No,,1080p@30fps,1.2,No,,,"Wi-Fi 802.11 a/b/g/n, dual-band",Yes,4.0,Micro-USB,Yes,GPS,"Accelerometer, gyro, proximity, compass",3950,,,No,,,230.0,,,,,,,,Black,,,,No
Asus,Asus Fonepad Note FHD6,https://www.gsmarena.com/asus_fonepad_note_fhd6-5494.php,https://fdn2.gsmarena.com/vv/bigpic/asus-fonepad-note-6.jpg,GSM / HSPA,No,"2013, June. Released 2013, November",Discontinued,164.8 x 88.8 x 10.3 mm (6.49 x 3.50 x 0.41 in),210.0,,,Micro-SIM,Super IPS+ LCD,,6.0,1080x1920,367,67.8,,"Android 4.2 (Jelly Bean), upgradable to 4.4.2 (KitKat)",Intel Atom Z2580,,Dual-core 2.0 GHz,PowerVR SGX544MP2,2,2,16,32,,8.0,1,,No,,No,,1080p@30fps,1.2,No,,720p,"Wi-Fi 802.11 a/b/g/n, dual-band, Wi-Fi Direct, hotspot",Yes,3.0,Micro-USB,Yes,"GPS, GLONASS","Accelerometer, proximity, compass",3200,,,No,,,350.0,,,,,,,,"White, Black",,,,No
Asus,Asus Transformer Pad TF701T,https://www.gsmarena.com/asus_transformer_pad_tf701t-5493.php,https://fdn2.gsmarena.com/vv/bigpic/asus-transformer-pad-tf701t.jpg,No cellular connectivity,No,"2013, June. Released 2013, November",Discontinued,263 x 180.8 x 8.9 mm (10.35 x 7.12 x 0.35 in),585.0,,,No,"Super IPS+ LCD,",,10.1,2560x1600,299,62.2,Corning Gorilla Glass 2,Android 4.2 (Jelly Bean),Nvidia Tegra 4 T40X,,Quad-core 1.9 GHz Cortex-A15,ULP GeForce,2,2,32,64,,5.0,1,,No,,No,HDR,1080p@30fps,1.2,No,,720p,"Wi-Fi 802.11 a/b/g/n, dual-band, Wi-Fi Direct",No,3.0,Micro-USB,Yes,GPS,"Accelerometer, gyro, compass",,,,No,,,400.0,,,,,,,,Silver,,,,No
Asus,Asus Memo Pad FHD10,https://www.gsmarena.com/asus_memo_pad_fhd10-5495.php,https://fdn2.gsmarena.com/vv/bigpic/asus-memo-pad-fhd10.jpg,No cellular connectivity,No,"2013, June. Released 2013, August",Discontinued,264.6 x 182.4 x 9.5 mm (10.42 x 7.18 x 0.37 in),580.0,,,No,"IPS LCD,",,10.0,1920x1200,226,60.1,,"Android 4.2 (Jelly Bean), upgradable to 4.3 (Jelly Bean), Waveshare UI",Intel Atom Z2560,,Dual-core 1.6 GHz,PowerVR SGX544MP2,2,2,16,32,,5.0,1,,No,,No,,1080p@30fps,1.2,No,,,"Wi-Fi 802.11 a/b/g/n, dual-band",No,3.0,2.0,Yes,GPS,"Accelerometer, gyro, compass",6760,,,No,,,,,,,,,,,"Royal Blue, Silk White, Vivid Pink",,,,No
Asus,Asus Memo Pad HD7 8 GB,https://www.gsmarena.com/asus_memo_pad_hd7_8_gb-5879.php,https://fdn2.gsmarena.com/vv/bigpic/asus-memo-pad-hd7.jpg,No cellular connectivity,No,"2013, June. Released 2013, July",Discontinued,196.8 x 120.6 x 10.8 mm (7.75 x 4.75 x 0.43 in),302.0,,,No,IPS LCD,,7.0,800x1280,216,59.9,,"Android 4.2 (Jelly Bean), upgradable to 4.2.2 (Jelly Bean), Waveshare UI",Mediatek MT8125 (28 nm),28,Quad-core 1.2 GHz Cortex-A7,PowerVR SGX544,1,1,8,8,,2.0,1,,No,,No,,720p@30fps,,No,,,"Wi-Fi 802.11 b/g/n, Wi-Fi Direct",No,4.0,Micro-USB,Yes,GPS,"Accelerometer, compass",,,,No,,,100.0,,,,,,,,"Black, Gray, White, Pink, Green",,,,No
Asus,Asus Memo Pad HD7 16 GB,https://www.gsmarena.com/asus_memo_pad_hd7_16_gb-5492.php,https://fdn2.gsmarena.com/vv/bigpic/asus-memo-pad-hd7.jpg,No cellular connectivity,No,"2013, June. Released 2013, July",Discontinued,196.8 x 120.6 x 10.8 mm (7.75 x 4.75 x 0.43 in),302.0,,,No,IPS LCD,,7.0,800x1280,216,59.9,,"Android 4.2 (Jelly Bean), upgradable to 4.2.2 (Jelly Bean), Waveshare UI",Mediatek MT8125 (28 nm),28,Quad-core 1.2 GHz Cortex-A7,PowerVR SGX544,1,1,16,16,,5.0,1,,No,,No,,1080p@30fps,1.2,No,,720p,"Wi-Fi 802.11 b/g/n, Wi-Fi Direct",No,4.0,Micro-USB,Yes,GPS,"Accelerometer, compass",,,,No,,,130.0,,,,,,,,"Black, Gray, White, Pink, Green",ME173X,,,No
Asus,Asus Fonepad,https://www.gsmarena.com/asus_fonepad-5329.php,https://fdn2.gsmarena.com/vv/bigpic/asus-fonepad-new.jpg,GSM / HSPA,No,"2013, February. Released 2013, April",Discontinued,196.4 x 120.1 x 10.4 mm (7.73 x 4.73 x 0.41 in),340.0,,,Micro-SIM,IPS LCD,,7.0,800x1280,216,60.2,,Android 4.1 (Jelly Bean),Intel Atom Z2420 / Intel Atom Z2460,,1.2 GHz / 1.6 GHz,PowerVR SGX540,1,1,8,16,,3.15,1,,No,,No,,720p,1.2,No,,,"Wi-Fi 802.11 b/g/n, hotspot",No,3.0,Micro-USB,Yes,"GPS, GLONASS","Accelerometer, proximity, compass",4270,,,No,,,260.0,,,,,,,,"Titanium Gray, Champagne Gold",,,,No
Asus,Asus PadFone Infinity,https://www.gsmarena.com/asus_padfone_infinity-5328.php,https://fdn2.gsmarena.com/vv/bigpic/asus-padfone-infinity.jpg,GSM / HSPA / LTE,No,"2013, February. Released 2013, April",Discontinued,143.5 x 72.8 x 8.9 mm (5.65 x 2.87 x 0.35 in),141.0,,,Nano-SIM,Super IPS+ LCD,,5.0,1080x1920,441,66.0,Corning Gorilla Glass,"Android 4.1.2 (Jelly Bean), upgradable to 4.4.2 (KitKat)",Qualcomm APQ8064T Snapdragon 600,,Quad-core 1.7 GHz Krait,Adreno 320,2,2,32,64,,13.0,1,,No,,No,LED flash,1080p@30fps,2.0,No,,1080p@30fps,"Wi-Fi 802.11 a/b/g/n/ac, dual-band, Wi-Fi Direct, hotspot",Yes,4.0,Micro-USB,Yes,"GPS, GLONASS","Accelerometer, gyro, proximity, compass",2400,,,No,,,1000.0,,,,,,,,"Titanium Gray, Champagne Gold, Hot Pink",,,,FM radio
Asus,Asus Memo Pad Smart 10,https://www.gsmarena.com/asus_memo_pad_smart_10-5331.php,https://fdn2.gsmarena.com/vv/bigpic/asus-memo-pad-smart-10.jpg,No cellular connectivity,No,"2013, February. Released 2013, May",Discontinued,263 x 180.8 x 9.9 mm (10.35 x 7.12 x 0.39 in),580.0,,,No,LED-backlit IPS LCD,,10.1,1280x800,149,62.2,,Android 4.1 (Jelly Bean),Nvidia Tegra 3 T33,,Quad-core 1.2 GHz,ULP GeForce,1,1,16,16,,5.0,1,,No,,No,,Yes,1.2,No,,,"Wi-Fi 802.11 a/b/g/n, dual band",No,3.0,Micro-USB,Yes,GPS,"Accelerometer, gyro, compass",,,,No,,,230.0,,,,,,,,"Crystal White, Midnight Blue, Fuchsia Pink",,,,No
Asus,Asus Memo Pad ME172V,https://www.gsmarena.com/asus_memo_pad_me172v-5249.php,https://fdn2.gsmarena.com/vv/bigpic/asus-memo-pad-me172v.jpg,No cellular connectivity,No,"2013, January. Released 2013, January",Discontinued,196.2 x 119.2 x 11.2 mm (7.72 x 4.69 x 0.44 in),370.0,,,No,"LED-backlit LCD,",,7.0,600x1024,170,59.0,,Android 4.1 (Jelly Bean),VIA WM8950,,1.0 GHz,Mali-400,1,1,8,16,,1.0,1,,No,,No,,720p,,No,,,Wi-Fi 802.11 b/g/n,No,,Micro-USB,Yes,No,Accelerometer,4270,,,No,,,110.0,,,,,,,,"Sugar White, Titanium Gray, Cherry Pink",,,,No
Asus,Asus Google Nexus 7 Cellular,https://www.gsmarena.com/asus_google_nexus_7_cellular-5091.php,https://fdn2.gsmarena.com/vv/bigpic/asus-google-nexus-7-new.jpg,GSM / HSPA,No,"2012, October. Released 2012, November",Discontinued,198.5 x 120 x 10.5 mm (7.81 x 4.72 x 0.41 in),347.0,,,Micro-SIM,LED-backlit IPS LCD,,7.0,800x1280,216,59.6,Corning Gorilla Glass,"Android 4.1 (Jelly Bean), upgradable to 5.1.1 (Lollipop)",Nvidia Tegra 3,,Quad-core 1.2 GHz Cortex-A9,ULP GeForce,1,1,16,32,,1.2,1,,No,,No,,720p,,No,,,"Wi-Fi 802.11 b/g/n, hotspot",Yes,3.0,Micro-USB,Yes,GPS,"Accelerometer, gyro, proximity, compass",4325,,,No,,,230.0,,,,,,,,Black,,,,No
Asus,Asus VivoTab RT TF600T,https://www.gsmarena.com/asus_vivotab_rt_tf600t-5083.php,https://fdn2.gsmarena.com/vv/bigpic/asus-vivotab-rt.jpg,No cellular connectivity,No,"2012, October. Released 2012, November",Discontinued,262.5 x 170.9 x 8.3 mm (10.33 x 6.73 x 0.33 in),525.0,,,No,Super IPS+ LCD,,10.1,1366x768,155,62.7,Corning Gorilla Glass,Microsoft Windows RT,Nvidia Tegra 3 T30,,Quad-core 1.3 GHz Cortex-A9,ULP GeForce,2,2,32,64,,8.0,1,,No,,No,LED flash,1080p@30fps,2.0,No,,,Wi-Fi 802.11 b/g/n,Yes,4.0,"2.0, OTG",Yes,No,"Accelerometer, gyro, compass",,,,No,,,420.0,,,,,,,,Gray,,,,No
Asus,Asus PadFone 2,https://www.gsmarena.com/asus_padfone_2-5017.php,https://fdn2.gsmarena.com/vv/bigpic/asus-padfone-2-a68-new.jpg,GSM / HSPA / LTE,No,"2012, October. Released 2012, December",Discontinued,137.9 x 68.9 x 9 mm (5.43 x 2.71 x 0.35 in),135.0,,,Micro-SIM,Super IPS+ LCD,,4.7,720x1280,312,64.1,Corning Gorilla Glass,"Android 4.0 (Ice Cream Sandwich), upgradable to 4.4.2 (KitKat)",Qualcomm APQ8064 Snapdragon S4 Pro,,Quad-core 1.5 GHz Krait,Adreno 320,2,2,16,64,,13.0,1,,No,,No,LED flash,"1080p@30fps, 720p@60fps",1.2,No,,720p,"Wi-Fi 802.11 a/b/g/n, dual-band, Wi-Fi Direct, hotspot",Yes,4.0,Micro-USB,Yes,GPS,"Accelerometer, gyro, proximity, compass",2140,,,No,,,450.0,,,,,,,,"Black, White",,,,FM radio
Asus,Asus Google Nexus 7,https://www.gsmarena.com/asus_google_nexus_7-4850.php,https://fdn2.gsmarena.com/vv/bigpic/asus-google-nexus-7-new.jpg,No cellular connectivity,No,"2012, June. Released 2012, July",Discontinued,198.5 x 120 x 10.5 mm (7.81 x 4.72 x 0.41 in),340.0,,,No,LED-backlit IPS LCD,,7.0,800x1280,216,59.6,Corning Gorilla Glass,"Android 4.1.2 (Jelly Bean), upgradable to 5.1.1 (Lollipop)",Nvidia Tegra 3,,Quad-core 1.2 GHz Cortex-A9,ULP GeForce,1,1,8,32,,1.2,1,,No,,No,,720p,,No,,,Wi-Fi 802.11 b/g/n,Yes,3.0,Micro-USB,Yes,GPS,"Accelerometer, gyro, proximity, compass",4325,,,No,,,150.0,,,,,,,,Black,,,1.39 W/kg (body),No
Asus,Asus Transformer Pad Infinity 700 LTE,https://www.gsmarena.com/asus_transformer_pad_infinity_700_lte-4605.php,https://fdn2.gsmarena.com/vv/bigpic/asus-transformer-infinity.jpg,GSM / HSPA / LTE,No,"2012, February. Released 2012, Q4",Discontinued,262.9 x 180.8 x 8.4 mm (10.35 x 7.12 x 0.33 in),625.0,,,Mini-SIM,"Super IPS+ LCD,",,10.1,1920x1200,224,62.2,Corning Gorilla Glass 2,"Android 4.0 (Ice Cream Sandwich), upgradable to 4.2.1 (Jelly Bean)",Qualcomm MSM8960 Snapdragon S4 Plus,,Dual-core 1.5 GHz Krait,Adreno 225,1,1,32,64,,8.0,1,,No,,No,LED flash,1080p@30fps,2.0,No,,,"Wi-Fi 802.11 b/g/n, Wi-Fi Direct, hotspot",,3.0,2.0,Yes,"GPS, A-GPS","Accelerometer, gyro, compass",,,,No,,,430.0,,,,,,,,"Amethyst Gray, Champagne Gold",,,,No
Asus,Asus Transformer Pad Infinity 700 3G,https://www.gsmarena.com/asus_transformer_pad_infinity_700_3g-4604.php,https://fdn2.gsmarena.com/vv/bigpic/asus-transformer-infinity.jpg,GSM / HSPA,No,"2012, February. Released 2012, Q3",Discontinued,263 x 180.8 x 8.5 mm (10.35 x 7.12 x 0.33 in),598.0,,,Mini-SIM,"Super IPS+ LCD,",,10.1,1920x1200,224,62.2,Corning Gorilla Glass 2,Android 4.0 (Ice Cream Sandwich),Qualcomm MSM8260A Snapdragon S4 Plus,,Dual-core 1.5 GHz Krait,Adreno 225,1,1,32,64,,8.0,1,,No,,No,LED flash,1080p@30fps,2.0,No,,,"Wi-Fi 802.11 b/g/n, Wi-Fi Direct, hotspot",,3.0,2.0,Yes,"GPS, A-GPS","Accelerometer, gyro, compass",,,,No,,,430.0,,,,,,,,"Amethyst Gray, Champagne Gold",,,,No
Asus,Asus Transformer Pad TF300TG,https://www.gsmarena.com/asus_transformer_pad_tf300tg-5337.php,https://fdn2.gsmarena.com/vv/bigpic/asus-transformer-pad-300.jpg,GSM / HSPA,No,2012. Released 2012,Discontinued,263 x 180.8 x 9.9 mm (10.35 x 7.12 x 0.39 in),635.0,,,Yes,LED-backlit IPS LCD,,10.1,1280x800,149,62.2,,"Android 4.0 (Ice Cream Sandwich), Waveshare UI",Nvidia Tegra 3 T30L,,Quad-core 1.2 GHz Cortex-A9,ULP GeForce,1,1,16,32,,8.0,1,,No,,No,,1080p@30fps,1.2,No,,,Wi-Fi 802.11 b/g/n,No,3.0,2.0,Yes,GPS,"Accelerometer, gyro, compass",,,,No,,,,,,,,,,,"Royal Blue, Iceberg White, Torch Red",,,,No
Asus,Asus Transformer Pad TF300T,https://www.gsmarena.com/asus_transformer_pad_tf300t-4596.php,https://fdn2.gsmarena.com/vv/bigpic/asus-transformer-pad-300.jpg,No cellular connectivity,No,"2012, February. Released 2012, April",Discontinued,263 x 180.8 x 9.9 mm (10.35 x 7.12 x 0.39 in),635.0,,,No,"IPS LCD,",,10.1,1280x800,149,62.2,,"Android 4.0 (Ice Cream Sandwich), upgradable to 4.2 (Jelly Bean)",Nvidia Tegra 3 T30L,,Quad-core 1.2 GHz Cortex-A9,ULP GeForce,1,1,16,32,,8.0,1,,No,,No,,1080p@30fps,1.2,No,,,Wi-Fi 802.11 b/g/n,,3.0,2.0,Yes,GPS,"Accelerometer, gyro, compass",,,,No,,,290.0,,,,,,,,"Royal Blue, Iceberg White, Torch Red",,,,No
Asus,Asus Transformer Pad Infinity 700,https://www.gsmarena.com/asus_transformer_pad_infinity_700-4606.php,https://fdn2.gsmarena.com/vv/bigpic/asus-transformer-infinity.jpg,No cellular connectivity,No,"2012, February. Released 2012, July",Discontinued,263 x 180.8 x 8.5 mm (10.35 x 7.12 x 0.33 in),598.0,,,No,"Super IPS+ LCD,",,10.1,1920x1200,224,62.2,Corning Gorilla Glass 2,"Android 4.0 (Ice Cream Sandwich), upgradable to 4.2.1 (Jelly Bean)",Nvidia Tegra 3 T33,,Quad-core 1.6 GHz Cortex-A9,ULP GeForce,1,1,32,64,,8.0,1,,No,,No,LED flash,1080p@30fps,2.0,No,,,"Wi-Fi 802.11 b/g/n, Wi-Fi Direct, hotspot",,3.0,2.0,Yes,GPS,"Accelerometer, gyro, compass",,,,No,,,340.0,,,,,,,,"Amethyst Gray, Champagne Gold",,,,No
Asus,Asus Memo,https://www.gsmarena.com/asus_memo-4422.php,https://fdn2.gsmarena.com/vv/bigpic/asus-eee-pad-memo.jpg,No cellular connectivity,No,"2012, January. Released 2012, September",Discontinued,199 x 117 x 12 mm (7.83 x 4.61 x 0.47 in),389.0,,,No,"IPS LCD,",,7.0,800x1280,216,61.0,,Android 4.0.1 (Ice Cream Sandwich),Qualcomm MSM8260 Snapdragon S3,,Dual-core 1.2 GHz Scorpion,Adreno 220,1,1,16,32,,5.0,1,,No,,No,,1080p@30fps,1.2,No,,,"Wi-Fi 802.11 b/g/n, hotspot",,2.1,2.0,Yes,"GPS, A-GPS","Accelerometer, gyro, proximity, compass",4400,,,No,,,170.0,,,,,,,,Black,,,,No
Asus,Asus Transformer Prime TF700T,https://www.gsmarena.com/asus_transformer_prime_tf700t-4421.php,https://fdn2.gsmarena.com/vv/bigpic/Asus-Transformer-Prime-TF700T.jpg,No cellular connectivity,No,"2012, January. Released 2012, July",Discontinued,263 x 180.8 x 8.5 mm (10.35 x 7.12 x 0.33 in),598.0,,,No,"Super IPS+ LCD,",,10.1,1920x1200,224,62.2,Corning Gorilla Glass 2,Android 4.0 (Ice Cream Sandwich),Nvidia Tegra 3 T33,,Quad-core 1.6 GHz Cortex-A9,ULP GeForce,1,1,32,64,,8.0,1,,No,,No,LED flash,1080p@30fps,2.0,No,,,"Wi-Fi 802.11 b/g/n, Wi-Fi Direct, hotspot",,3.0,2.0,Yes,GPS,"Accelerometer, gyro, compass",,,,No,,,400.0,,,,,,,,"Silver, Purple",,,,No
Asus,Asus Transformer Prime TF201,https://www.gsmarena.com/asus_transformer_prime_tf201-4322.php,https://fdn2.gsmarena.com/vv/bigpic/asus-eee-pad-transformer-prime.jpg,No cellular connectivity,No,"2011, October. Released 2011, December",Discontinued,263 x 180.8 x 8.3 mm (10.35 x 7.12 x 0.33 in),586.0,,,No,"Super IPS+ LCD,",,10.1,1280x800,149,62.2,Corning Gorilla Glass,"Android 3.2 (Honeycomb), upgradable to 4.0 (Ice Cream Sandwich)",Nvidia Tegra 3,,Quad-core 1.3 GHz Cortex-A9,ULP GeForce,1,1,32,64,,8.0,1,,No,,No,LED flash,1080p@30fps,1.2,No,,,Wi-Fi 802.11 b/g/n,,,2.0,Yes,"GPS, A-GPS","Accelerometer, gyro, compass",,,,No,,,350.0,,,,,,,,"Amethyst Gray, Champagne Gold",,,,No
Asus,Asus PadFone,https://www.gsmarena.com/asus_padfone-3965.php,https://fdn2.gsmarena.com/vv/bigpic/asus-padfone1.jpg,GSM / HSPA,No,"2012, February. Released 2012, June",Discontinued,128 x 65.4 x 9.2 mm (5.04 x 2.57 x 0.36 in),129.0,,,Mini-SIM,Super AMOLED,,4.3,540x960,256,60.9,Corning Gorilla Glass,"Android 4.0 (Ice Cream Sandwich), upgradable to 4.1 (Jelly Bean)",Qualcomm MSM8260A Snapdragon S4 Plus,,Dual-core 1.5 GHz Krait,Adreno 225,1,1,16,64,,8.0,1,,No,,No,LED flash,1080p@30fps,,No,,,"Wi-Fi 802.11 b/g/n, hotspot",,,Micro-USB,Yes,"GPS, A-GPS","Accelerometer, gyro, proximity, compass",1520,,,No,,,300.0,,,,,,,,Black,,,,No
Asus,Asus Transformer TF101,https://www.gsmarena.com/asus_transformer_tf101-3936.php,https://fdn2.gsmarena.com/vv/bigpic/asus-transformer.jpg,No cellular connectivity,No,"2011, January. Released 2011, April",Discontinued,271 x 171 x 13 mm (10.67 x 6.73 x 0.51 in),680.0,,,No,"LED-backlit IPS LCD,",,10.1,1280x800,149,63.8,Scratch-resistant glass,"Android 3.0 (Honeycomb), 3.2 (Honeycomb), upgradable to 4.0 (Ice Cream Sandwich)",Nvidia Tegra 2 T20,,Dual-core 1.0 GHz Cortex-A9,ULP GeForce,1,1,16,32,,5.0,1,,No,,No,,Yes,1.2,No,,,Wi-Fi 802.11b/g/n,,2.1,2.0,Yes,"GPS, A-GPS","Accelerometer, gyro, compass",,,,No,,,280.0,,,,,,,,Black,,,,No
Asus,Asus P835,https://www.gsmarena.com/asus_p835-2727.php,https://fdn2.gsmarena.com/vv/bigpic/asus-p835.jpg,GSM / HSPA,No,"2009, March. Released 2009, May",Discontinued,115 x 59 x 13.8 mm (4.53 x 2.32 x 0.54 in),148.0,,,Mini-SIM,"TFT resistive touchscreen, 65K colors",,3.5,480x800,267,51.4,,Microsoft Windows Mobile 6.1 Professional,Qualcomm MSM7201A,,528 MHz ARM 11,,,,4,4,,5.0,1,,No,,No,,Yes,,No,,,Wi-Fi 802.11b/g,,2.0,2.0,No,"GPS, A-GPS",,1100,,,No,,,400.0,,,,,,,,Black,,,,No
Asus,Asus E600,https://www.gsmarena.com/asus_e600-3696.php,https://fdn2.gsmarena.com/vv/bigpic/asus-e600.jpg,GSM / HSPA,No,Exp. announcement 2011,Cancelled,122 x 60 x 13.5 mm (4.80 x 2.36 x 0.53 in),,,,Mini-SIM,"TFT, 256K colors",,4.0,480x800,233,62.2,,Microsoft Windows Phone 7,,,,,,,,,,5.0,1,,No,,No,LED flash,Yes,,No,,,Wi-Fi 802.11 b/g,,2.1,Micro-USB,Yes,"GPS, A-GPS",Accelerometer,1300,,,No,,,,,,,,,,,Black,,,,
Asus,Asus P565,https://www.gsmarena.com/asus_p565-2606.php,https://fdn2.gsmarena.com/vv/bigpic/asus-p565.jpg,GSM / HSPA,No,"2008, November. Released 2009, May",Discontinued,102 x 60.5 x 16 mm (4.02 x 2.38 x 0.63 in),120.0,,,Mini-SIM,"TFT resistive touchscreen, 65K colors",,2.8,480x640,286,39.3,,Microsoft Windows Mobile 6.1 Professional,,,800 MHz Marvell TavorP,,,,,,,3.15,1,,No,,No,,320p@24fps,,No,,,Wi-Fi 802.11b/g,,2.0,1.1,No,"GPS, SiRF Star III chipset",,1300,,,No,,,440.0,,,,,,,,Black,,,,No
Asus,Asus P552w,https://www.gsmarena.com/asus_p552w-2519.php,https://fdn2.gsmarena.com/vv/bigpic/asus-p552w.jpg,GSM / HSPA,No,"2008, September. Released 2008",Discontinued,102 x 60.5 x 14.5 mm (4.02 x 2.38 x 0.57 in),105.0,,,Mini-SIM,"TFT resistive touchscreen, 65K colors",,2.8,240x320,143,39.3,,Microsoft Windows Mobile 6.1 Professional,,,Marvell Tavor 624 MHz,,,,,,,2.0,1,,No,,No,,320p@24fps,,No,,,Wi-Fi 802.11b/g,,2.0,2.0,No,"GPS, SiRF Star III chipset",,1100,,,No,,,370.0,,,,,,,,"Black, White",,,,No
Asus,Asus P320,https://www.gsmarena.com/asus_p320-2347.php,https://fdn2.gsmarena.com/vv/bigpic/asus-p320.jpg,GSM,No,"2008, March. Released 2008, April",Discontinued,99 x 55 x 13 mm (3.90 x 2.17 x 0.51 in),105.0,,,Mini-SIM,"TFT resistive touchscreen, 65K colors",,2.6,240x320,154,38.4,,Microsoft Windows Mobile 6.1 Professional,TI OMAP 850,,200 MHz ARM926EJ-S,,,,,,,2.0,1,,No,,No,,Yes,,No,,,Wi-Fi 802.11b/g,,2.0,2.0,No,GPS,,1100,,,No,,,410.0,,,,,,,,,,0.41 W/kg (head) 0.19 W/kg (body),,No
Asus,Asus M930,https://www.gsmarena.com/asus_m930-2322.php,https://fdn2.gsmarena.com/vv/bigpic/asus-m930.jpg,GSM / HSPA,No,"2008, February. Released 2008, September",Discontinued,113 x 54 x 18.7 mm (4.45 x 2.13 x 0.74 in),158.0,,,Mini-SIM,"TFT, 65K colors",,2.6,240x400,179,31.5,,Microsoft Windows Mobile 6 Standard,TI OMAP 2431,,450 MHz ARM 1136,,,,,,,2.0,1,,No,,No,,Yes,,No,,,Wi-Fi 802.11b/g,,2.0,2.0,No,No,,1100,,,No,,,380.0,,,,,,,,Black,,,,No
Asus,Asus P550,https://www.gsmarena.com/asus_p550-2193.php,https://fdn2.gsmarena.com/vv/bigpic/asus-p550.jpg,GSM / UMTS,No,"2007, December. Released 2008",Discontinued,121 x 70 x 16.5 mm (4.76 x 2.76 x 0.65 in),188.0,,,Mini-SIM,"TFT resistive touchscreen, 65K colors",,3.5,240x320,114,44.8,,Microsoft Windows Mobile 6.0 Professional,,,Marvell PXA270M 520 MHz,,,,,,,2.0,1,,No,,No,,Yes,,No,,,Wi-Fi 802.11 b/g,,2.0,1.1,No,"GPS, SiRF Star III chipset",,1530,,,No,,,220.0,,,,,,,,Silver,,,,No
Asus,Asus P750,https://www.gsmarena.com/asus_p750-2170.php,https://fdn2.gsmarena.com/vv/bigpic/asus-p750.gif,GSM / HSPA,No,"2007, October. Released 2008, April",Discontinued,113 x 58 x 17.4 mm (4.45 x 2.28 x 0.69 in),130.0,,,Mini-SIM,"TFT resistive touchscreen, 65K colors",,2.6,240x320,154,31.9,,Microsoft Windows Mobile 6.0 Professional,,,Marvell PXA270M 520 MHz,,,,,,Marvell PXA270M 520 MHz,3.15,1,,No,,No,,Yes,,No,,,Wi-Fi 802.11 b/g,,2.0,1.1,No,"GPS, SiRF Star III chipset",,1300,,,No,,,330.0,,,,,,,,Black,,,,No
Asus,Asus P527,https://www.gsmarena.com/asus_p527-2123.php,https://fdn2.gsmarena.com/vv/bigpic/asus-p527.gif,GSM,No,"2007, September. Released 2008, October",Discontinued,113 x 58 x 15.4 mm (4.45 x 2.28 x 0.61 in),125.0,,,Mini-SIM,"TFT resistive touchscreen, 65K colors",,2.6,240x320,154,31.9,,Microsoft Windows Mobile 6.0 Professional,TI OMAP 850,,200 MHz ARM926EJ-S,,,,,,,2.0,1,,No,,No,,Yes,,No,,,Wi-Fi 802.11 b/g,,2.0,1.1,No,"GPS, SiRF Star III chipset",,,,,No,,,300.0,,,,,,,,Silver,,,,FM radio
Asus,Asus Z801,https://www.gsmarena.com/asus_z801-2107.php,https://fdn2.gsmarena.com/vv/bigpic/asus-z801.gif,GSM,No,,Discontinued,92 x 46 x 23.5 mm (3.62 x 1.81 x 0.93 in),110.0,,,Mini-SIM,"TFT resistive touchscreen, 256K colors",,2.0,240x320,200,29.3,,,,,,,,,,,,2.0,1,,No,,No,LED flash,Yes,,No,,,No,,1.2,1.1,No,No,,750,,,No,,,260.0,,,,,,,,Silver,,,,FM radio
Asus,Asus J502,https://www.gsmarena.com/asus_j502-2097.php,https://fdn2.gsmarena.com/vv/bigpic/asus-j502.gif,GSM,No,2007,Discontinued,103.5 x 52.8 x 14.7 mm (4.07 x 2.08 x 0.58 in),120.0,,,Mini-SIM,"TFT resistive touchscreen, 256K colors",,2.4,240x320,167,32.6,,,,,,,,,,,,3.0,1,,No,,No,LED flash,Yes,,No,,,No,,2.0,1.1,No,No,,,,,No,,,300.0,,,,,,,,"Black, Red",,,,No
Asus,Asus V88i,https://www.gsmarena.com/asus_v88i-2098.php,https://fdn2.gsmarena.com/vv/bigpic/asus-v88i.gif,GSM / UMTS,No,2007,Discontinued,101 x 45 x 16 mm (3.98 x 1.77 x 0.63 in),80.0,,,Mini-SIM,"TFT resistive touchscreen, 256K colors",,,176x220,,,,,,,,,,,,,,2.0,1,,No,,No,,Yes,,No,,,No,,2.0,Proprietary,No,No,,,,,No,,,290.0,,,,,,,,Black,,,,FM radio
Asus,Asus M530w,https://www.gsmarena.com/asus_m530w-2096.php,https://fdn2.gsmarena.com/vv/bigpic/asus-m530w.gif,GSM / UMTS,No,"2007, May. Released 2008, April",Discontinued,117 x 65 x 13.8 mm (4.61 x 2.56 x 0.54 in),135.0,,,Mini-SIM,"TFT , 65K colors",,2.4,320x240,167,23.5,,Microsoft Windows Mobile 6 Standard,,,32-bit Intel XScale PXA270 416 MHz,,,,,,,2.0,1,,No,,No,,Yes,,No,,,Wi-Fi 802.11b/g,,2.0,1.1,No,No,,1200,,,No,,,330.0,,,,,,,,"Black, White",,,,No
Asus,Asus P526,https://www.gsmarena.com/asus_p526-1988.php,https://fdn2.gsmarena.com/vv/bigpic/asus-p526.gif,GSM,No,"2007, March",Discontinued,110 x 58 x 15.4 mm (4.33 x 2.28 x 0.61 in),115.0,,,Mini-SIM,"TFT resistive touchscreen, 65K colors",,2.6,240x320,154,32.8,,Microsoft Windows Mobile 6.0 Professional,TI OMAP 850,,200 MHz ARM926EJ-S,,,,,,,2.0,1,,No,,No,,Yes,,No,,,No,,1.2,1.1,No,"GPS, SiRF Star III chipset",,1300,,,No,,,300.0,,,,,,,,Silver,,,,No
Asus,Asus J501,https://www.gsmarena.com/asus_j501-2077.php,https://fdn2.gsmarena.com/vv/bigpic/asus-j501.gif,GSM,No,"2007, February",Discontinued,103 x 48 x 16.6 mm (4.06 x 1.89 x 0.65 in),100.0,,,Mini-SIM,"TFT, 256K colors",,2.2,240x320,182,30.3,,,,,,,,,,,,2.0,1,,No,,No,,Yes,,No,,,No,,1.2,1.1,No,No,,750,,,No,,,300.0,,,,,,,,"Black, White",,,,FM radio
Asus,Asus P735,https://www.gsmarena.com/asus_p735-1831.php,https://fdn2.gsmarena.com/vv/bigpic/asus-p735.gif,GSM / UMTS,No,"2007, January",Discontinued,109 x 59 x 19 mm (4.29 x 2.32 x 0.75 in),143.0,,,Mini-SIM,"TFT resistive touchscreen, 65K colors",,2.8,240x320,143,37.8,,Microsoft Windows Mobile 5.0 PocketPC,,,Intel XScale 520 MHz,,,,,,,2.0,1,,No,,No,LED flash,Yes,,No,,,Wi-Fi 802.11b/g,,2.0,1.1,No,No,,1300,,,No,,,370.0,,,,,,,,Silver,,,,No
Asus,Asus Z810,https://www.gsmarena.com/asus_z810-1820.php,https://fdn2.gsmarena.com/vv/bigpic/asus-z810.gif,GSM,No,"2006, November",Discontinued,92 x 46 x 23.5 mm (3.62 x 1.81 x 0.93 in),110.0,,,Mini-SIM,"QVGA, 256K colors",,2.0,240x320,200,29.3,,,,,,,,,,,,2.0,1,,No,,No,LED flash,Yes,,No,,,No,,,Proprietary,No,No,,720,,,No,,,,,,,,,,,Silver,,,,FM radio
Asus,Asus P535,https://www.gsmarena.com/asus_p535-1780.php,https://fdn2.gsmarena.com/vv/bigpic/asus-p535.gif,GSM,No,"2006, November",Discontinued,109 x 59 x 19 mm (4.29 x 2.32 x 0.75 in),145.0,,,Mini-SIM,"TFT resistive touchscreen, 65K colors",,2.8,240x320,143,37.8,,Microsoft Windows Mobile 5.0 PocketPC,,,Intel XScale 520 MHz,,,,,,,2.0,1,,No,,No,LED flash,@30fps,,No,,,Wi-Fi 802.11b/g,,2.0,1.1,No,"GPS, SiRF Star III chipset",,1300,,,No,,,,,,,,,,,"Silver, White",,,,No
Asus,Asus P525,https://www.gsmarena.com/asus_p525-1738.php,https://fdn2.gsmarena.com/vv/bigpic/asus-p525.gif,GSM,No,"2006, March",Discontinued,116.8 x 59 x 19 mm (4.60 x 2.32 x 0.75 in),160.0,,,Mini-SIM,"TFT resistive touchscreen, 65K colors",,2.8,240x320,143,35.2,,Microsoft Windows Mobile 5.0 PocketPC,,,Intel XScale 416 MHz,,,,,,,2.0,1,,No,,No,LED flash,Yes,,No,,,Wi-Fi 802.11b,,2.0,miniUSB,No,No,,1300,,,No,,,,,,,,,,,Silver,,,,No
Asus,Asus P505,https://www.gsmarena.com/asus_p505-1739.php,https://fdn2.gsmarena.com/vv/bigpic/asus-p505.gif,GSM,No,"2006, March",Discontinued,108 x 60 x 22.5 mm (4.25 x 2.36 x 0.89 in),165.0,,,Mini-SIM,"TFT resistive touchscreen, 65K colors",,2.8,240x320,143,37.5,,Microsoft Windows Mobile OS for PocketPC,,,Intel PXA270 416 MHz,,,,,,,1.3,1,,No,,No,LED flash,Yes,,No,,,No,,1.1,1.1,No,No,,1000,,,No,,,,,,,,,,,Silver,,,,No
Asus,Asus M303,https://www.gsmarena.com/asus_m303-1734.php,https://fdn2.gsmarena.com/vv/bigpic/asus-m303.gif,GSM,No,"2006, March",Discontinued,83 x 43 x 22.9 mm (3.27 x 1.69 x 0.90 in),87.0,,,Mini-SIM,"TFT, 256K colors",,1.8,128x160,114,28.6,,,,,,,,,,,,1.3,1,,No,,No,LED flash,Yes,,No,,,No,,,No,No,No,,700,,,No,,,,,,,,,,,"Silver, Pink, Black",,,,No
Asus,Asus M307,https://www.gsmarena.com/asus_m307-1733.php,https://fdn2.gsmarena.com/vv/bigpic/asus-m307.gif,GSM,No,"2006, March",Discontinued,88 x 43 x 22.9 mm (3.46 x 1.69 x 0.90 in),92.0,,,Mini-SIM,"TFT, 256K colors",,1.8,176x120,118,25.7,,,,,,,,,,,,2.0,1,,No,,No,LED flash,Yes,,No,,,No,,,Proprietary,No,No,,700,,,No,,,,,,,,,,,"White, Silver",,,,No
Asus,Asus M310,https://www.gsmarena.com/asus_m310-1732.php,https://fdn2.gsmarena.com/vv/bigpic/asus-m310.gif,GSM,No,"2006, June",Discontinued,98 x 48 x 21.5 mm (3.86 x 1.89 x 0.85 in),110.0,,,Mini-SIM,"TFT, 260K colors",,2.2,320x240,182,31.9,,,,,,,,,,,,2.0,1,,No,,No,LED flash,Yes,,No,,,No,,,Proprietary,No,No,,920,,,No,,,,,,,,,,,"White, Silver",,,,No
Asus,Asus V80,https://www.gsmarena.com/asus_v80-1728.php,https://fdn2.gsmarena.com/vv/bigpic/asus-v80.gif,GSM,No,"2006, July",Discontinued,101 x 44 x 16 mm (3.98 x 1.73 x 0.63 in),80.0,,,Mini-SIM,"TFT, 260K colors",,2.0,176x220,141,28.3,,,,,,,,,,,,2.0,1,,No,,No,LED flash,Yes,,No,,,No,,1.2,1.2,No,No,,750,,,No,,,,,,,,,,,"Black, White, Reddish Gold",,,,FM radio
Asus,Asus V75,https://www.gsmarena.com/asus_v75-1729.php,https://fdn2.gsmarena.com/vv/bigpic/asus-v75.gif,GSM,No,"2006, May",Discontinued,99.3 x 43 x 17.5 mm (3.91 x 1.69 x 0.69 in),90.0,,,Mini-SIM,"TFT, 260K colors",,1.8,176x220,157,23.9,,,,,,,,,,,,1.3,1,,No,,No,LED flash,Yes,,No,,,No,,,1.1,No,No,,720,,,No,,,,,,,,,,,"White, Blue",,,,FM radio
Asus,Asus V66,https://www.gsmarena.com/asus_v66-1730.php,https://fdn2.gsmarena.com/vv/bigpic/asus-v66.gif,GSM,No,"2006, September",Discontinued,99.8 x 43.8 x 18.7 mm (3.93 x 1.72 x 0.74 in),90.0,,,Mini-SIM,"TFT, 256K colors",,1.8,128x160,114,23.3,,,,,,,,,,,,,1,,No,,No,,Yes,,No,,,No,,,Proprietary,No,No,,720,,,No,,,,,,,,,,,"Silver, Blue, Orange",,,,FM radio
Asus,Asus V55,https://www.gsmarena.com/asus_v55-1731.php,https://fdn2.gsmarena.com/vv/bigpic/asus-v55.gif,GSM,No,"2005, Q3",Discontinued,92 x 44 x 18 mm (3.62 x 1.73 x 0.71 in),90.0,,,Mini-SIM,"CSTN, 65K colors",,1.5,128x128,121,17.9,,,,,,,,,,,,,1,,No,,No,,Yes,,No,,,No,,,No,No,No,,700,,,No,,,,,,,,,,,"Black, Blue",,,,No
Asus,Asus Zenfone Pegasus 3s,https://www.gsmarena.com/asus_zenfone_pegasus_3s-8517.php,https://fdn2.gsmarena.com/vv/bigpic/asus-zenfone-pegasus-3.jpg,GSM / HSPA / LTE,No,"2017, January",Cancelled,149.5 x 73.7 x 8.6 mm (5.89 x 2.90 x 0.34 in),,,,Nano-SIM + Micro-SIM,IPS LCD,,5.2,720x1280,282,67.7,,"Android 7.0 (Nougat), ZenUI 3.1",Mediatek MT6750 (28 nm),28,Octa-core (4x1.5 GHz Cortex-A53 & 4x1.0 GHz Cortex-A53),Mali-T860MP2,3,3,32,64,eMMC 5.1,13.0,1,2.0,No,1/3.1,No,"Dual-LED dual-tone flash, panorama, HDR",1080p@30fps,8.0,No,,,Wi-Fi 802.11 b/g/n,No,4.0,Micro-USB,Yes,"GPS, GLONASS, BDS","Fingerprint (front-mounted), accelerometer, proximity, compass",5000,15,,No,,,330.0,,,,,,,,"Gold, silver, gray, rose gold",,,,FM radio
