Brand,Model_Name,Model_URL,Model_Image,Network_Technology,5G_Support,Announced,Status,Dimensions,Weight_g,Back_Material,IP_Rating,SIM_Type,Display_Type,Refresh_Rate_Hz,Display_Size_inch,Resolution,PPI_Density,Screen_to_Body_Pct,Display_Protection,OS,Chipset,Process_Node_nm,CPU,GPU,RAM_GB,RAM_Max_GB,Storage_GB,Storage_Max_GB,Storage_Type,Main_Camera_MP,Lens_Count,Main_Aperture,OIS,Sensor_Size,Camera_4K_Video,Camera_Features,Camera_Video,Selfie_Camera_MP,Selfie_4K_Video,Selfie_Camera_Features,Selfie_Camera_Video,WiFi,NFC,Bluetooth_Version,USB_Type,Headphone_Jack,GPS,Sensors,Battery_mAh,Wired_Charging_W,Wireless_Charging_W,Reverse_Wireless_Charging,Battery_ActiveUse,Price_USD,Price_EUR,Price_GBP,Price_INR,AnTuTu_Score,GeekBench_Score,ThreeDMark_Score,Display_nits_tested,Loudspeaker_LUFS,Colors,Model_Numbers,SAR_US,SAR_EU,FM_Radio
Oukitel,Oukitel C17,https://www.gsmarena.com/oukitel_c17-14482.php,https://fdn2.gsmarena.com/vv/bigpic/oukitel-c17.jpg,GSM / HSPA / LTE,No,"2025, December","Available. Released 2026, January",163.6 x 75.9 x 9.3 mm (6.44 x 2.99 x 0.37 in),198.0,,,Nano-SIM + Nano-SIM,"IPS LCD, 450 nits",,6.52,540x1200,202,82.7,Sharp glass,Android 16,Unisoc T310 (12 nm),12,Quad-core (1x2.0 GHz Cortex-A75 & 3x1.8 GHz Cortex-A55),PowerVR GE8300,4,4,128,128,,13.0,1,2.2,No,1/3.06,No,"LED flash, HDR, panorama",1080p@30fps,5.0,No,,1080p@30fps,"Wi-Fi 802.11 a/b/g/n/ac, dual-band",No,5.0,Type-C,Yes,"GPS, GALILEO, GLONASS, BDS","Fingerprint (side-mounted), accelerometer, proximity",5000,10,,No,,,,,,,,,,,"Orange, White, Blue",,,,FM radio
Oukitel,Oukitel RT10 Industry,https://www.gsmarena.com/oukitel_rt10_industry_5g-14462.php,https://fdn2.gsmarena.com/vv/bigpic/oukitel-rt10-industry.jpg,GSM / CDMA / HSPA / LTE / 5G,Yes,"2025, September 29","Available. Released 2026, February 02",266.5 x 178 x 22.5 mm (10.49 x 7.01 x 0.89 in),1280.0,,IP68,Nano-SIM + Nano-SIM,"IPS LCD, 120Hz, 500 nits",120,11.0,1200x1920,206,74.0,Gorilla Glass 5,Android 15,Mediatek Dimensity 7400X (4 nm),4,Octa-core (4x2.6 GHz Cortex-A78 & 4x2.0 GHz Cortex-A55),Mali-G615 MC2,12,12,512,512,,64.0,1,,No,1/2.0,No,"LED flash, HDR, panorama",1080p@30fps,32.0,No,,1080p@30fps,"Wi-Fi 802.11 a/b/g/n/ac/6e, dual-band",Yes,5.4,Type-C,Yes,"GPS (L1+L5), GLONASS, GALILEO, BDS","Fingerprint (side-mounted), accelerometer, gyro, proximity, compass",25000,33,,No,,,70.0,,,,,,,,Black,,,,FM radio
Oukitel,Oukitel C7,https://www.gsmarena.com/oukitel_c7-14331.php,https://fdn2.gsmarena.com/vv/bigpic/oukitel-c7.jpg,GSM / HSPA / LTE,No,"2025, July","Available. Released 2025, July",164 x 75.8 x 8.6 mm (6.46 x 2.98 x 0.34 in),,,,Nano-SIM + Nano-SIM,"IPS LCD, 450 nits",,6.52,540x1200,202,82.6,"Sharp glass, Mohs level 5",Android 16,Unisoc SC9863A (28 nm),28,Octa-core (4x1.6 GHz Cortex-A55 & 4x1.2 GHz Cortex-A55),IMG8322,3,3,64,256,,13.0,2,,No,,No,"LED flash, HDR, panorama",1080p@30fps,5.0,No,,720p@30fps,"Wi-Fi 802.11 a/b/g/n, dual-band",No,4.2,Type-C,Yes,"GPS, GALILEO, GLONASS, BDS","Fingerprint (side-mounted), accelerometer, proximity",5000,10,,No,,,,,,,,,,,"Gold, Purple, Blue, Gray",,,,FM radio
Oukitel,Oukitel C68,https://www.gsmarena.com/oukitel_c68-14332.php,https://fdn2.gsmarena.com/vv/bigpic/oukitel-c68.jpg,GSM / HSPA / LTE,No,"2025, October","Available. Released 2025, October",176.2 x 83 x 9.5 mm (6.94 x 3.27 x 0.37 in),245.0,,,Nano-SIM + Nano-SIM,"IPS LCD, 120Hz, 500 nits",120,7.2,720x1560,239,87.0,Panda Glass,Android 15,Unisoc T615 (12 nm),12,Octa-core (2x1.8 GHz Cortex-A75 & 6x1.6 GHz Cortex-A55),Mali-G57 MP1,4,8,128,512,,64.0,2,1.8,No,1/2,No,"LED flash, HDR, panorama",1080p@30fps,8.0,No,,720p@30fps,"Wi-Fi 802.11 a/b/g/n/ac, dual-band",Yes,5.0,Type-C,No,"GPS, GALILEO, GLONASS, BDS","Fingerprint (side-mounted), accelerometer",6000,18,,No,,,,,,,,,,,"Gold, Purple, Blue, Gray",,,,FM radio
Oukitel,Oukitel WP55 S,https://www.gsmarena.com/oukitel_wp55_s-14333.php,https://fdn2.gsmarena.com/vv/bigpic/oukitel-wp55s.jpg,GSM / CDMA / HSPA / CDMA2000 / LTE,No,"2025, May","Available. Released 2025, September",172.2 x 81 x 15.3 mm (6.78 x 3.19 x 0.60 in),360.0,,IP68,Nano-SIM + Nano-SIM,"IPS LCD, 120Hz, 450 nits",120,6.6,1080x2408,400,75.2,"Boe glass, Mohs level 5",Android 15,Mediatek Helio G100 (6 nm),6,Octa-core (2x2.2 GHz Cortex-A76 & 6x2.0 GHz Cortex-A55),Mali-G57 MC2,8,8,256,256,,64.0,3,1.8,No,1/2.0,No,"LED flash, HDR, panorama",1080p@30fps,32.0,No,,"1440p@30fps, 1080p@30fps","Wi-Fi 802.11 a/b/g/n/ac, dual-band",Yes,5.2,Type-C,No,"GPS (L1+L5), GLONASS, BDS, GALILEO","Fingerprint (side-mounted), accelerometer, gyro, proximity, compass",11000,33,,No,,,,,,,,,,,"Black, Orange",,,,FM radio
Oukitel,Oukitel WP58,https://www.gsmarena.com/oukitel_wp58_5g-14334.php,https://fdn2.gsmarena.com/vv/bigpic/oukitel-wp58.jpg,GSM / HSPA / LTE / 5G,Yes,"2025, April","Available. Released 2025, September",175.7 x 82.4 x 17.2 mm (6.92 x 3.24 x 0.68 in),370.0,,IP68,Nano-SIM + Nano-SIM,"IPS LCD, 120Hz, 480 nits",120,6.7,720x1600,262,74.9,"Inx glass, Mohs level 6",Android 15,Spreadtrum UMS9621S (12 nm),12,Octa-core (2x Cortex-A76 & 6x Cortex-A55),Mali-G57 MP2,8,8,256,512,,64.0,3,1.8,No,1/2.0,No,"LED flash, HDR, panorama",1080p@30fps,8.0,No,,1080p@30fps,"Wi-Fi 802.11 a/b/g/n/ac, dual-band",Yes,5.0,Type-C,No,"GPS (L1+L5), GLONASS, GALILEO, BDS","Fingerprint (side-mounted), accelerometer, gyro, proximity, compass",10000,33,,No,,,,,,,,,,,"Black, Green, Orange",,,,FM radio
Oukitel,Oukitel WP60,https://www.gsmarena.com/oukitel_wp60_5g-14335.php,https://fdn2.gsmarena.com/vv/bigpic/oukitel-wp60.jpg,GSM / HSPA / LTE / 5G,Yes,"2025, January","Available. Released 2025, September",184 x 87 x 14.9 mm (7.24 x 3.43 x 0.59 in),360.0,,IP68,Nano-SIM + Nano-SIM,"IPS LCD, 120Hz, 500 nits",120,7.2,720x1560,239,79.5,"Boe glass, Mohs level 6",Android 15,Mediatek Dimensity 7025 (6 nm),6,Octa-core (2x2.5 GHz Cortex-A78 & 6x2.0 GHz Cortex-A55),IMG BXM-8-256,12,16,256,512,,108.0,3,1.9,No,1/1.8,Yes,"LED flash, HDR, panorama",4K@30fps,32.0,No,,1440p@30fps,"Wi-Fi 802.11 a/b/g/n/ac, dual-band",Yes,5.2,Type-C,No,"GPS (L1+L5), GLONASS, GALILEO, BDS","Fingerprint (side-mounted), accelerometer, gyro, proximity, compass",10000,33,,No,,,260.0,,,,,,,,"Black, Yellow, Silver",,,,FM radio
Oukitel,Oukitel WP62,https://www.gsmarena.com/oukitel_wp62_5g-14336.php,https://fdn2.gsmarena.com/vv/bigpic/oukitel-wp62.jpg,GSM / HSPA / LTE / 5G,Yes,"2025, July","Available. Released 2025, September",172.2 x 81 x 15.3 mm (6.78 x 3.19 x 0.60 in),364.5,,IP68,Nano-SIM + Nano-SIM,"IPS LCD, 120Hz, 450 nits",120,6.6,1080x2408,400,75.2,"Boe glass, Mohs level 6",Android 15,Mediatek Dimensity 7025 (6 nm),6,Octa-core (2x2.5 GHz Cortex-A78 & 6x2.0 GHz Cortex-A55),IMG BXM-8-256,8,16,256,512,,108.0,3,1.9,No,1/1.8,No,"LED flash, HDR, panorama","1440p@30fps, 1080p@30fps",32.0,No,,1080p@30fps,"Wi-Fi 802.11 a/b/g/n/ac, dual-band",Yes,5.2,Type-C,No,"GPS (L1+L5), GLONASS, GALILEO, BDS","Fingerprint (side-mounted), accelerometer, gyro, proximity, compass",11000,33,,No,,,,,,,,,,,"Black, Silver",,,,FM radio
Oukitel,Oukitel C69,https://www.gsmarena.com/oukitel_c69-14254.php,https://fdn2.gsmarena.com/vv/bigpic/oukitel-c69.jpg,GSM / HSPA / LTE,No,"2025, September","Available. Released 2025, September",176.2 x 83 x 9.5 mm (6.94 x 3.27 x 0.37 in),243.0,,,Nano-SIM + Nano-SIM,"IPS LCD, 120Hz, 500 nits",120,7.2,720x1560,239,87.0,Panda Glass,Android 15,Unisoc T615 (12 nm),12,Octa-core (2x1.8 GHz Cortex-A75 & 6x1.6 GHz Cortex-A55),Mali-G57 MP1,4,8,128,512,,64.0,1,1.8,No,1/2,No,"LED flash, HDR, panorama",1080p@30fps,8.0,No,,720p@30fps,"Wi-Fi 802.11 a/b/g/n/ac, dual-band",Yes,5.0,Type-C,No,"GPS, GALILEO, GLONASS, BDS","Fingerprint (side-mounted), accelerometer",6000,18,,No,,,250.0,,,,,,,,"Gold, Purple, Green, Black",,,,FM radio
Oukitel,Oukitel P1 Pro,https://www.gsmarena.com/oukitel_p1_pro-14255.php,https://fdn2.gsmarena.com/vv/bigpic/oukitel-p1-pro.jpg,GSM / CDMA / HSPA / CDMA2000 / LTE,No,"2025, July","Available. Released 2025, September",162.4 x 76.2 x 8.2 mm (6.39 x 3.00 x 0.32 in),186.8,,,Nano-SIM + Nano-SIM,"AMOLED, 120Hz, 500 nits",120,6.7,1080x2412,394,87.3,Gorilla Glass 5,Android 15,Mediatek Helio G100 (6 nm),6,Octa-core (2x2.2 GHz Cortex-A76 & 6x2.0 GHz Cortex-A55),Mali-G57 MC2,4,8,256,512,,50.0,3,1.9,No,1/1.56,Yes,"LED flash, HDR, panorama","4K@30fps, 1080p@30fps",32.0,No,,1080p@30fps,"Wi-Fi 802.11 a/b/g/n/ac, dual-band",Yes,5.0,Type-C,No,"GPS, GALILEO, GLONASS, BDS","Fingerprint (under display, optical), accelerometer, gyro, proximity",5150,18,,No,,,230.0,,,,,,,,"Black, White, Purple",,,,FM radio
Oukitel,Oukitel C2,https://www.gsmarena.com/oukitel_c2-14256.php,https://fdn2.gsmarena.com/vv/bigpic/oukitel-c2.jpg,GSM / HSPA / LTE,No,"2025, July","Available. Released 2025, August",163.6 x 75.9 x 9.3 mm (6.44 x 2.99 x 0.37 in),198.0,,,Nano-SIM + Nano-SIM,"IPS LCD, 450 nits",,6.52,540x1200,202,82.7,"Sharp glass, Mohs level 5",Android 14,Unisoc T310 (12 nm),12,Quad-core (1x2.0 GHz Cortex-A75 & 3x1.8 GHz Cortex-A55),PowerVR GE8300,4,4,64,256,,13.0,1,2.2,No,,No,"LED flash, HDR, panorama",1080p@30fps,5.0,No,,720p@30fps,"Wi-Fi 802.11 a/b/g/n/ac, dual-band",No,5.0,Type-C,Yes,"GPS, GALILEO, GLONASS, BDS",Accelerometer,5000,10,,No,,,,,,,,,,,"Gold, Purple, Blue, Black",,,,FM radio
Oukitel,Oukitel C3,https://www.gsmarena.com/oukitel_c3-14257.php,https://fdn2.gsmarena.com/vv/bigpic/oukitel-c3.jpg,GSM / HSPA / LTE,No,"2025, June","Available. Released 2025, July",163.6 x 75.9 x 9.3 mm (6.44 x 2.99 x 0.37 in),198.0,,,Nano-SIM + Nano-SIM,"IPS LCD, 450 nits",,6.52,540x1200,202,82.7,"Sharp glass, Mohs level 5",Android 14,Unisoc T310 (12 nm),12,Quad-core (1x2.0 GHz Cortex-A75 & 3x1.8 GHz Cortex-A55),PowerVR GE8300,4,4,64,256,,13.0,1,2.2,No,,No,"LED flash, HDR, panorama",1080p@30fps,5.0,No,,720p@30fps,"Wi-Fi 802.11 a/b/g/n/ac, dual-band",No,5.0,Type-C,Yes,"GPS, GALILEO, GLONASS, BDS",Accelerometer,5000,10,,No,,,,,,,,,,,"Gold, Purple, Blue, Black",,,,FM radio
Oukitel,Oukitel C5,https://www.gsmarena.com/oukitel_c5-14258.php,https://fdn2.gsmarena.com/vv/bigpic/oukitel-c5.jpg,GSM / HSPA / LTE,No,"2025, June","Available. Released 2025, July",163.6 x 75.9 x 9.3 mm (6.44 x 2.99 x 0.37 in),198.0,,,Nano-SIM + Nano-SIM,"IPS LCD, 450 nits",,6.52,540x1200,202,82.7,"Sharp glass, Mohs level 5",Android 14,Unisoc T310 (12 nm),12,Quad-core (1x2.0 GHz Cortex-A75 & 3x1.8 GHz Cortex-A55),PowerVR GE8300,4,4,64,256,,13.0,1,2.2,No,,No,"LED flash, HDR, panorama",1080p@30fps,5.0,No,,720p@30fps,"Wi-Fi 802.11 a/b/g/n/ac, dual-band",No,5.0,Type-C,Yes,"GPS, GALILEO, GLONASS, BDS",Accelerometer,5000,10,,No,,,,,,,,,,,"Gold, Purple, Blue, Black",,,,FM radio
Oukitel,Oukitel C6,https://www.gsmarena.com/oukitel_c6_5g-14261.php,https://fdn2.gsmarena.com/vv/bigpic/oukitel-c6.jpg,GSM / HSPA / LTE / 5G,Yes,"2025, June","Available. Released 2025, July",167.5 x 77.7 x 9.2 mm (6.59 x 3.06 x 0.36 in),208.0,,,Nano-SIM + Nano-SIM,"IPS LCD, 90Hz, 400 nits",90,6.8,720x1600,258,85.8,"Corning Gorilla Glass, Mohs level 7",Android 15,Mediatek Dimensity 6300 (6 nm),6,Octa-core (2x2.4 GHz Cortex-A76 & 6x2.0 GHz Cortex-A55),Mali-G57 MC2,8,12,256,512,,50.0,1,1.8,No,,No,"LED flash, HDR, panorama",1080p@30fps,5.0,No,,720p@30fps,"Wi-Fi 802.11 a/b/g/n/ac, dual-band",No,5.2,Type-C,Yes,"GPS, GALILEO, GLONASS, BDS","Fingerprint (side-mounted), accelerometer, proximity",5150,10,,No,,,,,,,,,,,"Gold, Purple, Green, Black",,,,FM radio
Oukitel,Oukitel C62 Pro,https://www.gsmarena.com/oukitel_c62_pro-14262.php,https://fdn2.gsmarena.com/vv/bigpic/oukitel-c62-pro.jpg,GSM / HSPA / LTE,No,"2025, May","Available. Released 2025, July",170.7 x 79.6 x 9.5 mm (6.72 x 3.13 x 0.37 in),198.0,,,Nano-SIM + Nano-SIM,"IPS LCD, 90Hz, 450 nits",90,6.88,720x1640,260,82.7,"HKC Glass, Mohs level 4",Android 15,Unisoc T606 (12 nm),12,Octa-core (2x1.6 GHz Cortex-A75 & 6x1.6 GHz Cortex-A55),Mali-G57 MP1,8,8,256,256,,13.0,1,2.2,No,,No,"LED flash, HDR, panorama",1080p@30fps,5.0,No,,720p@30fps,"Wi-Fi 802.11 a/b/g/n/ac, dual-band",Yes,5.0,Type-C,No,"GPS, GALILEO, GLONASS, BDS","Fingerprint (side-mounted), accelerometer, proximity, compass",5150,10,,No,,,,,,,,,,,"Gold, Black, Blue, Pink",,,,FM radio
Oukitel,Oukitel C62,https://www.gsmarena.com/oukitel_c62-14263.php,https://fdn2.gsmarena.com/vv/bigpic/oukitel-c62-pro.jpg,GSM / HSPA / LTE,No,"2025, May","Available. Released 2025, July",170.7 x 79.6 x 9.5 mm (6.72 x 3.13 x 0.37 in),198.0,,,Nano-SIM + Nano-SIM,"IPS LCD, 90Hz, 450 nits",90,6.88,720x1640,260,82.7,"HKC Glass, Mohs level 4",Android 15,Unisoc T606 (12 nm),12,Octa-core (2x1.6 GHz Cortex-A75 & 6x1.6 GHz Cortex-A55),Mali-G57 MP1,4,4,128,128,,13.0,1,2.2,No,,No,"LED flash, HDR, panorama",1080p@30fps,5.0,No,,720p@30fps,"Wi-Fi 802.11 a/b/g/n/ac, dual-band",No,5.0,Type-C,No,"GPS, GALILEO, GLONASS, BDS","Fingerprint (side-mounted), accelerometer, compass",5150,10,,No,,,,,,,,,,,"Gold, Black, Blue, Pink",,,,FM radio
Oukitel,Oukitel C65 Pro,https://www.gsmarena.com/oukitel_c65_pro-14264.php,https://fdn2.gsmarena.com/vv/bigpic/oukitel-c65-pro.jpg,GSM / HSPA / LTE,No,"2025, May","Available. Released 2025, July",166.8 x 77.5 x 8.7 mm (6.57 x 3.05 x 0.34 in),201.0,,,Nano-SIM + Nano-SIM,"IPS LCD, 90Hz, 430 nits",90,6.7,720x1600,262,83.8,"CTC Glass, Mohs level 4",Android 15,Unisoc T606 (12 nm),12,Octa-core (2x1.6 GHz Cortex-A75 & 6x1.6 GHz Cortex-A55),Mali-G57 MP1,8,8,256,256,,50.0,1,1.8,No,1/2.5,No,"LED flash, panorama",1080p@30fps,8.0,No,,720p@30fps,"Wi-Fi 802.11 a/b/g/n/ac, dual-band",Yes,5.0,Type-C,Yes,"GPS, GALILEO, GLONASS, BDS","Fingerprint (side-mounted), accelerometer",5150,10,,No,,,,,,,,,,,"Blue, Gold, Green, Purple, White",,,,FM radio
Oukitel,Oukitel C65,https://www.gsmarena.com/oukitel_c65-14265.php,https://fdn2.gsmarena.com/vv/bigpic/oukitel-c65-pro.jpg,GSM / HSPA / LTE,No,"2025, May","Available. Released 2025, July",166.8 x 77.5 x 8.7 mm (6.57 x 3.05 x 0.34 in),201.0,,,Nano-SIM + Nano-SIM,"IPS LCD, 90Hz, 430 nits",90,6.7,720x1600,262,83.8,"CTC Glass, Mohs level 4",Android 15,Unisoc T606 (12 nm),12,Octa-core (2x1.6 GHz Cortex-A75 & 6x1.6 GHz Cortex-A55),Mali-G57 MP1,4,4,128,128,,50.0,1,1.8,No,1/2.5,No,"LED flash, panorama",1080p@30fps,8.0,No,,720p@30fps,"Wi-Fi 802.11 a/b/g/n/ac, dual-band",Yes,5.0,Type-C,Yes,"GPS, GALILEO, GLONASS, BDS","Fingerprint (side-mounted), accelerometer",5150,10,,No,,,,,,,,,,,"Blue, Gold, Green, Purple, White",,,,FM radio
Oukitel,Oukitel OT6 Pro,https://www.gsmarena.com/oukitel_ot6_pro-14249.php,https://fdn2.gsmarena.com/vv/bigpic/oukitel-ot6-pro.jpg,GSM / HSPA / LTE,No,"2025, February","Available. Released 2025, February",246.1 x 162.8 x 9.6 mm (9.69 x 6.41 x 0.38 in),553.0,,,Nano-SIM + Nano-SIM,"IPS LCD, 330 nits",,10.1,800x1280,149,73.8,Asahi glass,Android 15,Unisoc T615 (12 nm),12,Octa-core (2x1.8 GHz Cortex-A75 & 6x1.6 GHz Cortex-A55),Mali-G57 MP1,4,4,128,128,,5.0,1,2.0,No,,No,LED flash,Yes,2.0,No,,Yes,"Wi-Fi 802.11 a/b/g/n/ac, dual-band",No,5.2,Type-C,Yes,"GPS, GALILEO, GLONASS, BDS",Accelerometer,8000,10,,No,,,,,,,,,,,"Green, Gray, Purple",,,,FM radio
Oukitel,Oukitel WP210,https://www.gsmarena.com/oukitel_wp210_5g-14185.php,https://fdn2.gsmarena.com/vv/bigpic/oukitel-wp210.jpg,GSM / HSPA / LTE / 5G,Yes,"2025, July","Available. Released 2025, July 15",163.6 x 77.9 x 13.7 mm (6.44 x 3.07 x 0.54 in),311.0,,IP68,Nano-SIM + Nano-SIM,"AMOLED, 120Hz, 500 nits",120,6.7,1080x2408,394,84.9,Gorilla Glass 5,Android 15,Mediatek Dimensity 8200 (4 nm),4,Octa-core (1x3.1 GHz Cortex-A78 & 3x3.0 GHz Cortex-A78 & 4x2.0 GHz Cortex-A55),Mali-G610 MC6,12,12,512,512,,108.0,3,1.9,No,1/1.8,Yes,"LED flash, HDR, panorama",4K@30fps,32.0,No,,1080p@30fps,"Wi-Fi 802.11 a/b/g/n/ac/6, dual-band",Yes,5.3,Type-C,No,"GPS (L1+L5), GLONASS, GALILEO, BDS","Fingerprint (side-mounted), accelerometer, gyro, proximity, compass",8800,45,,No,,,,,,,,,,,"Gray, Black, Red",,,,FM radio
Oukitel,Oukitel WP200,https://www.gsmarena.com/oukitel_wp200_5g-14186.php,https://fdn2.gsmarena.com/vv/bigpic/oukitel-wp200.jpg,GSM / HSPA / LTE / 5G,Yes,"2025, March","Available. Released 2025, March 21",163.6 x 77.9 x 13.7 mm (6.44 x 3.07 x 0.54 in),311.0,,IP68,Nano-SIM + Nano-SIM,"AMOLED, 120Hz, 500 nits",120,6.7,1080x2412,394,84.8,Gorilla Glass 5,Android 15,Mediatek Dimensity 8200 (4 nm),4,Octa-core (1x3.1 GHz Cortex-A78 & 3x3.0 GHz Cortex-A78 & 4x2.0 GHz Cortex-A55),Mali-G610 MC6,12,12,512,512,,108.0,3,1.9,No,1/1.8,Yes,"LED flash, HDR, panorama",4K@30fps,32.0,No,,1080p@30fps,"Wi-Fi 802.11 a/b/g/n/ac/6, dual-band",Yes,5.3,Type-C,No,"GPS (L1+L5), GLONASS, GALILEO, BDS","Fingerprint (under display, optical), accelerometer, proximity, compass, gyro",8800,45,,No,,,,,,,,,,,"Blue, Green, Gray",,,,FM radio
Oukitel,Oukitel WP56,https://www.gsmarena.com/oukitel_wp56_5g-14187.php,https://fdn2.gsmarena.com/vv/bigpic/oukitel-wp56.jpg,GSM / HSPA / LTE / 5G,Yes,"2025, August","Available. Released 2025, August",172.2 x 81 x 15.3 mm (6.78 x 3.19 x 0.60 in),524.0,,IP68,Nano-SIM + Nano-SIM,"IPS LCD, 120Hz, 550 nits",120,6.8,1080x2460,395,78.7,Gorilla Glass 5,Android 15,Mediatek Dimensity 7050 (6 nm),6,Octa-core (2x2.6 GHz Cortex-A78 & 6x2.0 GHz Cortex-A55),Mali-G68 MC4,12,12,512,512,,108.0,2,1.9,No,1/1.8,Yes,"LED flash, HDR, panorama",4K@30fps,32.0,No,,1080p@30fps,"Wi-Fi 802.11 a/b/g/n/ac/6, dual-band",Yes,5.2,Type-C,No,"GPS (L1+L5), GLONASS, GALILEO, BDS","Fingerprint (side-mounted), accelerometer, gyro, proximity, compass",16000,45,,No,,,,,,,,,,,"Black, Red",,,,FM radio
Oukitel,Oukitel WP55 Ultra,https://www.gsmarena.com/oukitel_wp55_ultra_5g-14188.php,https://fdn2.gsmarena.com/vv/bigpic/oukitel-wp55-ultra.jpg,GSM / HSPA / LTE / 5G,Yes,"2025, May","Available. Released 2025, May",172.2 x 81 x 15.3 mm (6.78 x 3.19 x 0.60 in),367.6,,IP68,Nano-SIM + Nano-SIM,"IPS LCD, 120Hz, 450 nits",120,6.6,1080x2408,400,75.2,Gorilla Glass 5,Android 15,Mediatek Dimensity 7025 (6 nm),6,Octa-core (2x2.5 GHz Cortex-A78 & 6x2.0 GHz Cortex-A55),IMG BXM-8-256,16,16,512,512,,108.0,3,2.2,No,1/1.8,No,"LED flash, HDR, panorama",1440p@30fps,32.0,No,,1440p@30fps,"Wi-Fi 802.11 a/b/g/n/ac, dual-band",Yes,5.2,Type-C,No,"GPS (L1+L5), GLONASS, GALILEO, BDS","Fingerprint (side-mounted), accelerometer, gyro, proximity, compass",11000,33,,No,,,,,,,,,,,"Black, Red, Gray",,,,FM radio
Oukitel,Oukitel WP53,https://www.gsmarena.com/oukitel_wp53-14189.php,https://fdn2.gsmarena.com/vv/bigpic/oukitel-wp53.jpg,GSM / HSPA / LTE,No,"2025, June","Available. Released 2025, June",172.2 x 80.5 x 18.5 mm (6.78 x 3.17 x 0.73 in),388.7,,IP68,Nano-SIM + Nano-SIM,"IPS LCD, 400 nits",,6.52,576x1280,215,74.0,"AGC Dragontrail, Mohs level 5",Android 15,Unisoc T615 (12 nm),12,Octa-core (2x1.8 GHz Cortex-A75 & 6x1.6 GHz Cortex-A55),Mali-G57 MP1,8,8,128,128,,13.0,2,2.2,No,1/2.5,No,"LED flash, HDR, panorama",1080p@30fps,5.0,No,,720p@30fps,"Wi-Fi 802.11 a/b/g/n/ac, dual-band",Yes,5.0,Type-C,No,"GPS, GALILEO, GLONASS, BDS","Fingerprint (side-mounted), accelerometer, gyro, proximity, compass",11000,18,,No,,,,,,,,,,,"Black, Orange, Green",,,,FM radio
Oukitel,Oukitel G5,https://www.gsmarena.com/oukitel_g5-14190.php,https://fdn2.gsmarena.com/vv/bigpic/oukitel-g5.jpg,GSM / HSPA / LTE,No,"2025, May","Available. Released 2025, May",166 x 81.1 x 15 mm (6.54 x 3.19 x 0.59 in),300.0,,IP68,Nano-SIM + Nano-SIM,"IPS LCD, 450 nits",,6.0,576x1152,215,69.0,Gorilla Glass 5,Android 14,Unisoc T310 (12 nm),12,Quad-core (1x2.0 GHz Cortex-A75 & 3x1.8 GHz Cortex-A55),PowerVR GE8300,4,4,64,64,,13.0,1,2.2,No,1/3.06,No,LED flash,Yes,5.0,No,,720p@30fps,"Wi-Fi 802.11 a/b/g/n/ac, dual-band",No,5.0,Type-C,Yes,"GPS, GALILEO, GLONASS, BDS","Accelerometer, proximity, compass",6300,10,,No,,,,,,,,,,,"Black, Orange, Green",,,,FM radio
Oukitel,Oukitel G3,https://www.gsmarena.com/oukitel_g3-14191.php,https://fdn2.gsmarena.com/vv/bigpic/oukitel-g3.jpg,GSM / HSPA / LTE,No,"2025, May","Available. Released 2025, May",166 x 81.1 x 15 mm (6.54 x 3.19 x 0.59 in),300.0,,IP68,Nano-SIM + Nano-SIM,"IPS LCD, 450 nits",,6.0,576x1152,215,69.0,Gorilla Glass 5,Android 14,Unisoc T310 (12 nm),12,Quad-core (1x2.0 GHz Cortex-A75 & 3x1.8 GHz Cortex-A55),PowerVR GE8300,4,4,64,64,,13.0,1,2.2,No,1/3.06,No,LED flash,Yes,5.0,No,,720p@30fps,"Wi-Fi 802.11 a/b/g/n/ac, dual-band",No,5.0,Type-C,Yes,"GPS, GALILEO, GLONASS, BDS","Accelerometer, proximity, compass",6300,10,,No,,,,,,,,,,,"Black, Orange, Green",,,,FM radio
Oukitel,Oukitel C1 Pro,https://www.gsmarena.com/oukitel_c1_pro-14165.php,https://fdn2.gsmarena.com/vv/bigpic/oukitel-c1-pro.jpg,GSM / HSPA / LTE,No,"2025, January","Available. Released 2025, February",163.8 x 75.4 x 9.2 mm (6.45 x 2.97 x 0.36 in),199.0,,,Nano-SIM + Nano-SIM,"IPS LCD, 400 nits",,6.52,576x1280,215,83.1,Panda Glass,Android 15,Unisoc T606 (12 nm),12,Octa-core (2x1.6 GHz Cortex-A75 & 6x1.6 GHz Cortex-A55),Mali-G57 MP1,4,4,256,256,,13.0,1,2.2,No,1/3.06,No,"LED flash, HDR, panorama",1080p@30fps,5.0,No,,720p@30fps,"Wi-Fi 802.11 b/g/n/ac, dual-band",No,5.0,Type-C,Yes,"GPS, GALILEO, GLONASS, BDS","Fingerprint (side-mounted), accelerometer, compass",5150,10,,No,,,,,,,,,,,"Black, Blue, Gold, Pink, White",,,,FM radio
Oukitel,Oukitel C61,https://www.gsmarena.com/oukitel_c61-14164.php,https://fdn2.gsmarena.com/vv/bigpic/oukitel-c61.jpg,GSM / HSPA / LTE,No,"2025, March","Available. Released 2025, May",170.7 x 79.6 x 9.5 mm (6.72 x 3.13 x 0.37 in),216.0,,,Nano-SIM + Nano-SIM,"IPS LCD, 90Hz, 450 nits",90,6.88,720x1640,260,82.7,"Corning Gorilla Glass, Mohs level 5",Android 15,Unisoc T615 (12 nm),12,Octa-core (2x1.8 GHz Cortex-A75 & 6x1.6 GHz Cortex-A55),Mali-G57 MP1,4,4,128,128,,13.0,1,2.2,No,1/3.06,No,"LED flash, HDR, panorama",1080p@30fps,5.0,No,,720p@30fps,"Wi-Fi 802.11 a/b/g/n/ac, dual-band",Yes,5.0,Type-C,No,"GPS, GALILEO, GLONASS, BDS","Fingerprint (side-mounted), accelerometer, compass",5150,10,,No,,,110.0,,,,,,,,"Gold, Purple, Blue, Black",,,,FM radio
Oukitel,Oukitel C60,https://www.gsmarena.com/oukitel_c60-14163.php,https://fdn2.gsmarena.com/vv/bigpic/oukitel-c60.jpg,GSM / HSPA / LTE,No,"2025, April","Available. Released 2025, May 05",171.2 x 77.8 x 13.4 mm (6.74 x 3.06 x 0.53 in),307.0,,,Nano-SIM + Nano-SIM,"IPS LCD, 90Hz, 450 nits",90,6.88,720x1640,260,84.4,"HKC Glass, Mohs level 5",Android 15,Unisoc T606 (12 nm),12,Octa-core (2x1.6 GHz Cortex-A75 & 6x1.6 GHz Cortex-A55),Mali-G57 MP1,4,4,128,128,,13.0,1,2.2,No,1/3.06,No,"LED flash, HDR, panorama",1080p@30fps,5.0,No,,720p@30fps,"Wi-Fi 802.11 a/b/g/n/ac, dual-band",Yes,5.0,Type-C,No,"GPS, GALILEO, GLONASS, BDS","Fingerprint (side-mounted), accelerometer, compass",10000,18,,No,,,,,,,,,,,"Green, Purple, Blue, Red",,,,FM radio
Oukitel,Oukitel C59,https://www.gsmarena.com/oukitel_c59-14162.php,https://fdn2.gsmarena.com/vv/bigpic/oukitel-c59.jpg,GSM / HSPA / LTE,No,"2025, April","Available. Released 2025, May 05",171.2 x 77.8 x 13.4 mm (6.74 x 3.06 x 0.53 in),293.0,,,Nano-SIM + Nano-SIM,"IPS LCD, 90Hz, 450 nits",90,6.88,720x1640,260,84.4,"HKC Glass, Mohs level 5",Android 15,Unisoc T606 (12 nm),12,Octa-core (2x1.6 GHz Cortex-A75 & 6x1.6 GHz Cortex-A55),Mali-G57 MP1,8,8,256,256,,13.0,1,2.2,No,1/3.06,No,"LED flash, HDR, panorama",1080p@30fps,5.0,No,,720p@30fps,"Wi-Fi 802.11 a/b/g/n/ac, dual-band",Yes,5.0,Type-C,Yes,"GPS, GALILEO, GLONASS, BDS","Fingerprint (side-mounted), accelerometer, compass",10000,18,,No,,,,,,,,,,,"Green, Purple, Blue, Grey",,,,FM radio
Oukitel,Oukitel WP300,https://www.gsmarena.com/oukitel_wp300-14034.php,https://fdn2.gsmarena.com/vv/bigpic/oukitel-wp300.jpg,GSM / HSPA / LTE / 5G,Yes,"2024, December","Available. Released 2025, March 20",181.3 x 84.9 x 21.2 mm (7.14 x 3.34 x 0.83 in),512.0,,IP68,Nano-SIM + Nano-SIM,"IPS LCD, 120Hz, 650 nits",120,6.8,1080x2460,395,71.3,Gorilla Glass 5,Android 15,Mediatek Dimensity 7025 (6 nm),6,Octa-core (2x2.6 GHz Cortex-A78 & 6x2.0 GHz Cortex-A55),IMG BXM-8-256,12,12,512,512,,108.0,2,1.9,No,1/1.8,Yes,"LED flash, HDR, panorama",4K@30fps,32.0,No,,1080p@30fps,"Wi-Fi 802.11 a/b/g/n/ac/6, dual-band",Yes,5.2,Type-C,No,"GPS, GLONASS, GALILEO, BDS","Fingerprint (side-mounted), accelerometer, gyro, proximity, compass",16000,45,,No,,,,,,,,,,,"Gray, Red",,,,FM radio
Oukitel,Oukitel WP200 Pro,https://www.gsmarena.com/oukitel_wp200_pro-14033.php,https://fdn2.gsmarena.com/vv/bigpic/oukitel-wp200-pro.jpg,GSM / HSPA / LTE / 5G,Yes,"2024, December","Available. Released 2025, March 15",163.6 x 77.9 x 13.7 mm (6.44 x 3.07 x 0.54 in),311.0,,IP68,Nano-SIM + Nano-SIM,"AMOLED, 120Hz, 500 nits",120,6.7,1080x2412,394,84.8,Gorilla Glass 5,Android 15,Mediatek Dimensity 8200 (4 nm),4,Octa-core (1x3.1 GHz Cortex-A78 & 3x3.0 GHz Cortex-A78 & 4x2.0 GHz Cortex-A55),Mali-G610 MC6,24,24,24,24,,108.0,3,1.9,No,1/1.8,Yes,"LED flash, HDR, panorama",4K@30fps,32.0,No,,1080p@30fps,"Wi-Fi 802.11 a/b/g/n/ac/6, dual-band",Yes,5.3,Type-C,No,"GPS, GLONASS, GALILEO, BDS","Fingerprint (under display, optical), accelerometer, proximity, compass, gyro",8800,45,,No,,,,,,,,,,,Black,,,,FM radio
Oukitel,Oukitel WP100 Titan,https://www.gsmarena.com/oukitel_wp100_titan-14032.php,https://fdn2.gsmarena.com/vv/bigpic/oukitel-wp100-titan.jpg,GSM / HSPA / EVDO / LTE / 5G,Yes,"2025, February 18","Available. Released 2025, February 18",178.3 x 84.3 x 35.6 mm (7.02 x 3.32 x 1.40 in),876.6,Glass,IP68,Nano-SIM + Nano-SIM,"IPS LCD, 120Hz, 450 nits",120,6.8,1080x2460,395,73.1,Gorilla Glass 5,Android 14,Mediatek Dimensity 7300 (4 nm),4,Octa-core (4x2.5 GHz Cortex-A78 & 4x2.0 GHz Cortex-A55),Mali-G615 MP2,16,16,512,512,,200.0,3,,No,1/1.4,Yes,"LED flash, HDR, portrait, panorama",4K@30fps,32.0,No,,1080p@30fps,"Wi-Fi 802.11 a/b/g/n/ac/6e, dual-band",Yes,5.4,Type-C,No,"GPS, GLONASS, GALILEO, BDS","Fingerprint (side-mounted), accelerometer, gyro, proximity, compass",33000,66,,No,,,780.0,,,,,,,,Black,,,,"FM radio, FM recording"
Oukitel,Oukitel WP23 Plus,https://www.gsmarena.com/oukitel_wp23_plus-14031.php,https://fdn2.gsmarena.com/vv/bigpic/oukitel-wp23-plus.jpg,GSM / HSPA / LTE,No,"2024, December","Available. Released 2025, February",174 x 82.3 x 17.1 mm (6.85 x 3.24 x 0.67 in),378.0,,IP68,Nano-SIM + Nano-SIM,"IPS LCD, 450 nits",,6.6,576x1280,213,73.4,Gorilla Glass 5,Android 14,Unisoc T606 (12 nm),12,Octa-core (2x1.6 GHz Cortex-A75 & 6x1.6 GHz Cortex-A55),Mali-G57 MP1,8,8,256,256,,13.0,2,2.2,No,1/3.06,No,"LED flash, HDR, panorama",1080p@30fps,5.0,No,,720p@30fps,"Wi-Fi 802.11 b/g/n, dual-band",Yes,5.0,Type-C,No,"GPS, GLONASS, GALILEO, BDS","Fingerprint (rear-mounted), accelerometer, gyro, proximity, compass",10600,15,,No,,,,,,,,,,,"Black, Green, Orange",,,,FM radio
Oukitel,Oukitel WP55,https://www.gsmarena.com/oukitel_wp55-14030.php,https://fdn2.gsmarena.com/vv/bigpic/oukitel-wp55.jpg,GSM / HSPA / LTE / 5G,Yes,"2024, December","Available. Released 2025, March 15",172.2 x 81 x 15.3 mm (6.78 x 3.19 x 0.60 in),360.0,,IP68,Nano-SIM + Nano-SIM,"IPS LCD, 120Hz, 450 nits",120,6.6,1080x2408,400,75.2,Gorilla Glass 5,Android 15,Mediatek Dimensity 7025 (6 nm),6,Octa-core (2x2.5 GHz Cortex-A78 & 6x2.0 GHz Cortex-A55),IMG BXM-8-256,12,12,256,256,,108.0,3,1.9,No,1/1.8,Yes,"LED flash, HDR, panorama",4K@30fps,32.0,No,,1080p@30fps,"Wi-Fi 802.11 a/b/g/n/ac, dual-band",Yes,5.2,Type-C,No,"GPS, GLONASS, GALILEO, BDS","Fingerprint (side-mounted), accelerometer, gyro, proximity, compass",11000,33,,No,,,,,,,,,,,"Black, Orange",,,,FM radio
Oukitel,Oukitel WP55 Pro,https://www.gsmarena.com/oukitel_wp55_pro-14029.php,https://fdn2.gsmarena.com/vv/bigpic/oukitel-wp55-pro-0.jpg,GSM / HSPA / LTE / 5G,Yes,"2024, December","Available. Released 2025, March 15",172.2 x 81 x 15.3 mm (6.78 x 3.19 x 0.60 in),360.0,,IP68,Nano-SIM + Nano-SIM,"IPS LCD, 120Hz, 450 nits",120,6.6,1080x2408,400,75.2,Gorilla Glass 5,Android 15,Mediatek Dimensity 7025 (6 nm),6,Octa-core (2x2.5 GHz Cortex-A78 & 6x2.0 GHz Cortex-A55),IMG BXM-8-256,16,16,512,512,,108.0,3,1.9,No,1/1.8,Yes,"LED flash, HDR, panorama",4K@30fps,32.0,No,,1080p@30fps,"Wi-Fi 802.11 a/b/g/n/ac, dual-band",Yes,5.2,Type-C,No,"GPS, GLONASS, GALILEO, BDS","Fingerprint (side-mounted), accelerometer, gyro, proximity, compass",11000,33,,No,,,,,,,,,,,"Black, Orange",,,,FM radio
Oukitel,Oukitel WP39 Pro,https://www.gsmarena.com/oukitel_wp39_pro-14028.php,https://fdn2.gsmarena.com/vv/bigpic/oukitel-wp39-pro.jpg,GSM / HSPA / LTE / 5G,Yes,"2025, February 11","Available. Released 2025, March 15",172.2 x 81 x 15.2 mm (6.78 x 3.19 x 0.60 in),360.0,,IP68,Nano-SIM + Nano-SIM,"IPS LCD, 450 nits",,6.6,1080x2408,400,75.2,Gorilla Glass 5,Android 14,Mediatek Dimensity 6300 (6 nm),6,Octa-core (2x2.2 GHz Cortex-A76 & 6x2.0 GHz Cortex-A55),Mali-G57 MC2,12,12,512,512,,64.0,3,1.9,No,1/1.73,No,"LED flash, HDR, portrait, panorama",1440p@30fps,32.0,No,,1080p@30fps,"Wi-Fi 802.11 a/b/g/n/ac, dual-band",Yes,5.2,Type-C,No,"GPS, GLONASS, GALILEO, BDS","Fingerprint (side-mounted), accelerometer, gyro, proximity, compass",11000,33,,No,,,,,,,,,,,"Black, Grey, Green",,,,FM radio
Oukitel,Oukitel WP35 Pro,https://www.gsmarena.com/oukitel_wp35_pro-14027.php,https://fdn2.gsmarena.com/vv/bigpic/oukitel-wp35-pro.jpg,GSM / HSPA / LTE / 5G,Yes,"2025, February 11","Available. Released 2025, March 15",172.2 x 81 x 15.2 mm (6.78 x 3.19 x 0.60 in),360.0,,IP68,Nano-SIM + Nano-SIM,"IPS LCD, 450 nits",,6.6,1080x2408,400,75.2,Gorilla Glass 5,Android 14,Mediatek Dimensity 6300 (6 nm),6,Octa-core (2x2.4 GHz Cortex-A76 & 6x2.0 GHz Cortex-A55),Mali-G57 MC2,6,6,256,256,,64.0,3,1.9,No,1/1.73,No,"LED flash, HDR, portrait, panorama",1440p@30fps,32.0,No,,1080p@30fps,"Wi-Fi 802.11 a/b/g/n/ac, dual-band",Yes,5.0,Type-C,No,"GPS, GLONASS, GALILEO, BDS","Fingerprint (side-mounted), accelerometer, gyro, proximity, compass",11000,33,,No,,,520.0,,,,,,,,"Black, Grey, Green",,,,FM radio
Oukitel,Oukitel WP36 Pro,https://www.gsmarena.com/oukitel_wp36_pro-13510.php,https://fdn2.gsmarena.com/vv/bigpic/oukitel-wp36-1.jpg,GSM / HSPA / LTE,No,"2024, October 08","Available. Released 2024, November",172.2 x 80.7 x 19.1 mm (6.78 x 3.18 x 0.75 in),393.7,,IP68,Nano-SIM + Nano-SIM,"IPS LCD, 400 nits",,6.52,720x1600,269,73.9,Gorilla Glass 5,Android 14,Mediatek MT8788 (12 nm),12,Octa-core (4x2.0 GHz Cortex-A73 & 4x2.0 GHz Cortex-A53),Mali-G72 MP3,6,6,256,256,UFS 2.1,13.0,2,2.2,No,1/3.1,No,LED flash,1080p@30fps,5.0,No,,1080p@30fps,"Wi-Fi 802.11 a/b/g/n/ac, dual-band",Yes,5.0,Type-C,No,"GPS, GLONASS, GALILEO, BDS","Fingerprint (side-mounted), accelerometer, gyro, proximity, compass",10600,15,,No,,,170.0,,,,,,,,Black,,,,FM radio
Oukitel,Oukitel OT9,https://www.gsmarena.com/oukitel_ot9-13511.php,https://fdn2.gsmarena.com/vv/bigpic/oukitel-ot9.jpg,No cellular connectivity,No,"2024, November 01","Available. Released 2024, November 01",258.2 x 169.5 x 8.6 mm (10.17 x 6.67 x 0.34 in),520.0,,,No,"IPS LCD, 400 nits",,11.0,800x1280,137,80.2,Gorilla Glass 5,Android 14,Unisoc T606 (12 nm),12,Octa-core (2x1.6 GHz Cortex-A75 & 6x1.6 GHz Cortex-A55),Mali-G57 MP1,4,4,128,128,UFS 3.1,13.0,1,2.2,No,1/3.06,No,"LED flash, HDR, panorama",1080p@30fps,5.0,No,,720p@30fps,"Wi-Fi 802.11 a/b/g/n/ac, dual-band",No,5.0,Type-C,Yes,No,Accelerometer,8000,10,,No,,,180.0,,,,,,,,"Green, Gray, Purple",,,,No
Oukitel,Oukitel BT103,https://www.gsmarena.com/oukitel_bt103-13512.php,https://fdn2.gsmarena.com/vv/bigpic/oukitel-bt103.jpg,No cellular connectivity,No,"2024, June","Available. Released 2024, June",49.5 x 40 x 10.9 mm (1.95 x 1.57 x 0.43 in),100.0,,,No,TFT LCD,,1.91,320x380,260,,Tempered glass,Proprietary OS,,,,,,,,,,,,,No,,No,,,,No,,,No,No,5.2,No,No,No,"Accelerometer, heart rate, SpO2",300,,,No,,,,,,,,,,,"Black, White",,,,No
Oukitel,Oukitel C58 Pro,https://www.gsmarena.com/oukitel_c58_pro-13488.php,https://fdn2.gsmarena.com/vv/bigpic/oukitel-c58-pro.jpg,GSM / HSPA / LTE,No,"2024, November","Available. Released 2024, November",166.8 x 77.5 x 8.7 mm (6.57 x 3.05 x 0.34 in),199.0,Glass,,Nano-SIM + Nano-SIM,"IPS LCD, 430 nits",,6.7,720x1600,262,83.8,Gorilla Glass 5,Android 14,Unisoc T606 (12 nm),12,Octa-core (2x1.6 GHz Cortex-A75 & 6x1.6 GHz Cortex-A55),Mali-G57 MP1,6,6,256,256,,50.0,2,1.8,No,1/2.76,No,"LED flash, HDR, panorama",1080p@30fps,8.0,No,,720p@30fps,"Wi-Fi 802.11 a/b/g/n/ac, dual-band",Yes,5.0,Type-C,Yes,"GPS, GALILEO, GLONASS, BDS","Accelerometer, proximity",5150,10,,No,,,160.0,,,,,,,,"Black, Blue, Green",,,,FM radio
Oukitel,Oukitel C58,https://www.gsmarena.com/oukitel_c58-13487.php,https://fdn2.gsmarena.com/vv/bigpic/oukitel-c58.jpg,GSM / HSPA / LTE,No,"2024, November","Available. Released 2024, November",166.8 x 77.5 x 8.7 mm (6.57 x 3.05 x 0.34 in),199.0,Glass,,Nano-SIM + Nano-SIM,"IPS LCD, 430 nits",,6.7,720x1600,262,83.8,Gorilla Glass 5,Android 14,Unisoc T606 (12 nm),12,Octa-core (2x1.6 GHz Cortex-A75 & 6x1.6 GHz Cortex-A55),Mali-G57 MP1,4,4,128,128,,13.0,2,2.2,No,1/3.06,No,"LED flash, HDR, panorama",1080p@30fps,5.0,No,,720p@30fps,"Wi-Fi 802.11 a/b/g/n/ac, dual-band",Yes,5.0,Type-C,Yes,"GPS, GALILEO, GLONASS, BDS","Accelerometer, proximity",5150,10,,No,,,150.0,,,,,,,,"Black, Blue, Green",,,,FM radio
Oukitel,Oukitel P1,https://www.gsmarena.com/oukitel_p1-13486.php,https://fdn2.gsmarena.com/vv/bigpic/oukitel-p1.jpg,GSM / CDMA / HSPA / LTE,No,"2024, November","Available. Released 2024, November",162.4 x 76.2 x 8.2 mm (6.39 x 3.00 x 0.32 in),186.8,,,Nano-SIM + Nano-SIM,"AMOLED, 500 nits",,6.7,1080x2412,394,87.3,Gorilla Glass 5,Android 14,Mediatek Helio G99 (6 nm),6,Octa-core (2x2.2 GHz Cortex-A76 & 6x2.0 GHz Cortex-A55),Mali-G57 MC2,4,8,256,256,UFS 2.2,50.0,3,1.9,No,1/56,Yes,"LED flash, HDR, panorama","4K@30fps, 1080p@30fps",32.0,No,,1080p@30fps,"Wi-Fi 802.11 a/b/g/n/ac, dual-band",Yes,5.2,Type-C,No,"GPS, GALILEO, GLONASS, BDS","Fingerprint (under display, optical), accelerometer, proximity, compass",5150,18,,No,,,160.0,,,,,,,,"Black, White, Purple",,,,FM radio
Oukitel,Oukitel WP35 S,https://www.gsmarena.com/oukitel_wp35_s-13458.php,https://fdn2.gsmarena.com/vv/bigpic/ulefone-wp35s.jpg,GSM / HSPA / LTE,No,"2024, September","Available. Released 2024, September",172.2 x 81 x 14.9 mm (6.78 x 3.19 x 0.59 in),361.0,Titanium,IP68,Nano-SIM + Nano-SIM,"IPS LCD, 400 nits",,6.56,720x1612,269,74.1,Gorilla Glass 5,Android 14,Mediatek Helio G85 (12 nm),12,Octa-core (2x2.0 GHz Cortex-A75 & 6x1.8 GHz Cortex-A55),Mali-G52 MC2,6,6,256,256,,48.0,3,1.8,No,1/2.0,No,"LED flash, HDR, panorama",1080p@30fps,16.0,No,,1080p@30fps,"Wi-Fi 802.11 a/b/g/n/ac, dual-band",Yes,5.0,Type-C,No,"GPS, GLONASS, GALILEO, BDS","Accelerometer, proximity, compass",11000,18,,No,,,140.0,,,,,,,,"Grey, Green, Coffee",,,,FM radio
Oukitel,Oukitel RT3 Pro,https://www.gsmarena.com/oukitel_rt3_pro-13459.php,https://fdn2.gsmarena.com/vv/bigpic/ulefone-rt3-pro.jpg,GSM / HSPA / LTE,No,"2024, October","Available. Released 2024, October",207 x 134 x 13.9 mm (8.15 x 5.28 x 0.55 in),538.0,,IP68,Nano-SIM + Nano-SIM,"IPS LCD, 600 nits",,8.0,800x1280,189,66.9,Gorilla Glass 5,Android 14,Mediatek Helio G81 (12 nm),12,Octa-core (2x2.0 GHz Cortex-A75 & 6x1.7 GHz Cortex-A55),Mali-G52 MC2,4,4,128,128,,16.0,2,2.0,No,1/3.06,No,LED flash,1080p@30fps,8.0,No,,720p@30fps,"Wi-Fi 802.11 a/b/g/n/ac, dual-band",Yes,5.0,Type-C,No,"GPS, GLONASS, GALILEO, BDS","Accelerometer, compass",5150,10,,No,,,180.0,,,,,,,,"Black, Orange, Green",,,,FM radio
Oukitel,Oukitel BT101,https://www.gsmarena.com/oukitel_bt101-13442.php,https://fdn2.gsmarena.com/vv/bigpic/oukitel-bt101.jpg,No cellular connectivity,No,"2024, September","Available. Released 2024, September",58.3 x 46.1 x 13.3 mm (2.30 x 1.81 x 0.52 in),,,,No,TFT LCD,,2.02,320x390,250,,Tempered glass,Proprietary OS,,,,,,,,,,,,,No,,No,,,,No,,,No,No,5.3,No,No,No,"Accelerometer, heart rate, SpO2, blood pressure, barometer, compass",410,,,No,,,50.0,,,,,,,,Black,,,,No
Oukitel,Oukitel C57 Pro,https://www.gsmarena.com/oukitel_c57_pro-13440.php,https://fdn2.gsmarena.com/vv/bigpic/oukitel-c57-pro.jpg,GSM / HSPA / LTE,No,"2024, October","Available. Released 2024, October",165.8 x 76.6 x 9.4 mm (6.53 x 3.02 x 0.37 in),215.0,,,Nano-SIM + Nano-SIM,"IPS LCD, 400 nits",,6.52,576x1280,215,80.8,Gorilla Glass 5,Android 14,Unisoc SC9863A (28 nm),28,Octa-core (4x1.6 GHz Cortex-A55 & 4x1.2 GHz Cortex-A55),IMG8322,4,4,128,128,,13.0,1,2.2,No,1/3.06,No,"LED flash, panorama",1080p@30fps,5.0,No,,720p@30fps,Wi-Fi 802.11 b/g/n,No,4.2,Type-C,Yes,"GPS, GALILEO, GLONASS",Accelerometer,4300,,,No,,,120.0,,,,,,,,"Grey, Blue, Purple, Gold",,,,FM radio
Oukitel,Oukitel C57s,https://www.gsmarena.com/oukitel_c57s-13441.php,https://fdn2.gsmarena.com/vv/bigpic/oukitel-c57s.jpg,GSM / HSPA / LTE,No,"2024, October","Available. Released 2024, October",165.8 x 76.6 x 9.4 mm (6.53 x 3.02 x 0.37 in),215.0,,,Nano-SIM + Nano-SIM,"IPS LCD, 400 nits",,6.52,576x1280,215,80.8,Gorilla Glass 5,Android 14 (Go edition),Unisoc SC9863A (28 nm),28,Octa-core (4x1.6 GHz Cortex-A55 & 4x1.2 GHz Cortex-A55),IMG8322,2,2,64,64,,13.0,1,2.2,No,1/3.06,No,"LED flash, panorama",1080p@30fps,5.0,No,,720p@30fps,Wi-Fi 802.11 b/g/n,No,4.2,Type-C,Yes,"GPS, GALILEO, GLONASS",Accelerometer,4300,,,No,,,110.0,,,,,,,,"Grey, Blue, Purple, Gold",,,,FM radio
Oukitel,Oukitel RT9,https://www.gsmarena.com/oukitel_rt9-13371.php,https://fdn2.gsmarena.com/vv/bigpic/oukitel-rt9.jpg,GSM / CDMA / HSPA / LTE,No,"2024, September","Available. Released 2024, September",251.2 x 170 x 14.2 mm (9.89 x 6.69 x 0.56 in),850.0,,IP68,Nano-SIM + Nano-SIM,"IPS LCD, 400 nits",,10.1,800x1280,149,69.3,Gorilla Glass 5,Android 14,Unisoc T606 (12 nm),12,Octa-core (2x1.6 GHz Cortex-A75 & 6x1.6 GHz Cortex-A55),Mali-G57 MP1,6,6,256,256,UFS 2.2,16.0,1,1.8,No,1/2.8,No,"LED flash, HDR, panorama",1080p@30fps,16.0,No,,1080p@30fps,"Wi-Fi 802.11 a/b/g/n/ac, dual-band",No,5.0,Type-C,No,"GPS, GLONASS, GALILEO, BDS","Accelerometer, compass",11000,18,,No,,,270.0,,,,,,,,"Black, Orange",,,,FM radio
Oukitel,vivo S60 Vitality,https://www.gsmarena.com/vivo_s60_vitality_5g-14693.php,https://fdn2.gsmarena.com/vv/bigpic/vivo-s60-vitality-.jpg,GSM / HSPA / LTE / 5G,Yes,"2026, May 29","Coming soon. Exp. release 2026, June 3",157.5 x 74.3 x 7.9 mm (6.20 x 2.93 x 0.31 in),199.0,Glass,IP68,Nano-SIM + Nano-SIM,"AMOLED, 1B colors, HDR, 144Hz",144,6.59,1260x2750,459,90.7,,"Android 16, OriginOS 6",Mediatek Dimensity 7500 (4 nm),4,Octa-core (4x2.6 GHz Arm C1 Pro & 4x2.0 GHz Arm C1 Nano),Mali-G625 MC,8,12,256,512,UFS 4.1,50.0,2,1.9,Yes,1/1.56,Yes,"Ring-LED flash, panorama, HDR, color spectrum sensor","4K, 1080p, gyro-EIS",50.0,Yes,HDR,"4K, 1080p","Wi-Fi 802.11 a/b/g/n/ac/6, dual-band, Wi-Fi Direct",Yes,5.4,Type-C,No,"GPS (L1), BDS (B1I), GLONASS (G1), GALILEO (E1), QZSS (L1)","Fingerprint (under display, optical), accelerometer, compass, proximity",7200,90,,No,,,370.0,,,,,,,,"Starry Sea, Midsummer Night, Early Summer Green",V2572A,,,No
Oukitel,vivo S60,https://www.gsmarena.com/vivo_s60_5g-14692.php,https://fdn2.gsmarena.com/vv/bigpic/vivo-s60-.jpg,GSM / HSPA / LTE / 5G,Yes,"2026, May 29","Coming soon. Exp. release 2026, June 3",157.5 x 74.3 x 7.9 mm (6.20 x 2.93 x 0.31 in),207.0,Glass,IP68,Nano-SIM + Nano-SIM,"AMOLED, 1B colors, HDR, 144Hz",144,6.59,1260x2750,459,90.7,,"Android 16, OriginOS 6",Qualcomm SM8635 Snapdragon 8s Gen 3 (4 nm),4,Octa-core (1x3.0 GHz Cortex-X4 & 4x2.8 GHz Cortex-A720 & 3x2.0 GHz Cortex-A520),Adreno 735,12,16,256,512,,50.0,3,1.8,Yes,1/1.56,Yes,"Ring-LED flash, panorama, HDR, color spectrum sensor","4K, 1080p, gyro-EIS",50.0,Yes,HDR,"4K, 1080p","Wi-Fi 802.11 a/b/g/n/ac/6, dual-band, Wi-Fi Direct",Yes,5.4,Type-C,No,"GPS (L1), BDS (B1I+B1C), GLONASS (G1), GALILEO (E1), QZSS (L1), A-GPS","Fingerprint (under display, ultrasonic), accelerometer, gyro, compass, proximity",7200,90,,No,,,560.0,,,,,,,,"Starry Sea, Early Summer Green, Midsummer Night",V2571A,,,No
Oukitel,vivo T5,https://www.gsmarena.com/vivo_t5-14697.php,https://fdn2.gsmarena.com/vv/bigpic/vivo-t5-.jpg,GSM / HSPA / LTE,No,"2026, May 29","Available. Released 2026, May 29",166.6 x 78.4 x 8.4 mm (6.56 x 3.09 x 0.33 in),219.0,Glass,IP68,Nano-SIM + Nano-SIM,"IPS LCD, 120Hz, 1250 nits (HBM)",120,6.75,720x1570,256,85.3,,"Android 16, OriginOS 6",Qualcomm Snapdragon 6s 4G Gen 2 (6 nm),6,Octa-core (4x2.9 GHz Cortex-A73 & 4x1.9 GHz Cortex-A53),Adreno 610,8,8,256,256,UFS 3.1,50.0,2,2.0,No,,No,"LED flash, HDR, panorama",Yes,32.0,No,,Yes,"Wi-Fi 802.11 a/b/g/n/ac, dual-band",Yes,5.1,Type-C,No,"GPS, GALILEO, GLONASS, BDS, QZSS","Fingerprint (side-mounted), accelerometer, gyro, proximity, compass",7200,44,,No,,,290.0,,,,,,,,"Gold, Black",V2545,1.14 W/kg (head) 1.01 W/kg (body),,No
Oukitel,ZTE nubia RedMagic 11S Pro,https://www.gsmarena.com/zte_nubia_redmagic_11s_pro_5g-14669.php,https://fdn2.gsmarena.com/vv/bigpic/zte-nubia-red-magic-11s-pro.jpg,GSM / HSPA / LTE / 5G,Yes,"2026, May 27","Coming soon. Exp. release 2026, June 09",163.8 x 76.5 x 8.9 mm (6.45 x 3.01 x 0.35 in),230.0,Glass,,Nano-SIM + Nano-SIM,"AMOLED, 1B colors, 144Hz, 2592Hz PWM, 1800 nits (peak)",144,6.85,1216x2688,431,90.7,Corning Gorilla Glass,"Android 16, Redmagic OS 11.5",Qualcomm SM8850-1-AD Snapdragon 8 Elite Gen 5 (3 nm),3,Octa-core (2x4.74 GHz Oryon V3 Phoenix L + 6x3.62 GHz Oryon V3 Phoenix M),Adreno 840 (1.3GHz),12,16,256,512,UFS 4.1 Pro,50.0,2,1.9,Yes,1/1.55,Yes,"LED flash, HDR, panorama","8K@30fps, 4K@30/60fps, 1080p@30/60/120/240fps",16.0,No,HDR,1080p@30/60fps,"Wi-Fi 802.11 a/b/g/n/ac/6e/7, tri-band, Wi-Fi Direct",Yes,5.4,Type-C,Yes,"GPS (L1+L5), GLONASS, BDS, GALILEO","Fingerprint (under display, ultrasonic), accelerometer, gyro, proximity, compass",7500,80,80,Yes,,,800.0,,,,,,,,"Nightfreeze (Black Transparent), Subzero (Silver Transparent)",,,,No
Oukitel,Ulefone Tab A12 Pro,https://www.gsmarena.com/ulefone_tab_a12_pro-14695.php,https://fdn2.gsmarena.com/vv/bigpic/ulefone-tab-a12-pro.jpg,GSM / HSPA / LTE,No,"2026, May","Coming soon. Exp. release 2026, June 01",277.8 x 191.5 x 7.5 mm (10.94 x 7.54 x 0.30 in),610.0,,,Nano-SIM + Nano-SIM,"IPS LCD, 90Hz, 450 nits",90,12.2,2400x1600,236,83.3,Mohs level 4,Android 16,Unisoc T7300 (6 nm),6,Octa-core (2x2.2 GHz Cortex-A78 & 6x2.0 GHz Cortex-A55),Mali-G57 MP2,8,8,128,128,UFS 2.1,13.0,1,2.2,No,,No,"LED flash, HDR, panorama","1440p@30fps, 1080p@30fps",5.0,No,,Yes,"Wi-Fi 802.11 a/b/g/n/ac, dual-band",No,5.0,Type-C,No,"GPS, GLONASS, GALILEO, BDS","Accelerometer, proximity (accessories only)",9000,18,,No,,,,,,,,,,,Gray,,,,FM radio
Oukitel,Xiaomi 17 Max,https://www.gsmarena.com/xiaomi_17_max_5g-14667.php,https://fdn2.gsmarena.com/vv/bigpic/xiaomi-17-max.jpg,GSM / HSPA / LTE / 5G,Yes,"2026, May 21","Available. Released 2026, May 21",162.9 x 77.6 x 8.2 mm (6.41 x 3.06 x 0.32 in),219.0,Glass,IP68,Nano-SIM + Nano-SIM,"LTPO AMOLED, 68B colors, PWM, 120Hz, Dolby Vision, HDR Vivid, HDR10+, 3500 nits (peak)",120,6.9,1200x2608,420,90.5,,"Android 16, HyperOS 3",Qualcomm SM8850-AC Snapdragon 8 Elite Gen 5 (3 nm),3,Octa-core (2x4.6 GHz Oryon V3 Phoenix L + 6x3.62 GHz Oryon V3 Phoenix M),Adreno 840,12,16,256,512,UFS 4.1,200.0,3,1.7,Yes,1/1.4,Yes,"Laser AF, color spectrum sensor, Leica lens, LED flash, HDR, panorama","8K@30fps (HDR), 4K@30/60fps (10-bit Dolby Vision HDR), 4K@120fps, 1080p@30/60/120/240/960fps, gyro-EIS",32.0,Yes,,"4K@30fps, 1080p@30/60fps, gyro-EIS","Wi-Fi 802.11 a/b/g/n/ac/6e/7, dual-band, Wi-Fi Direct",Yes,5.4,Type-C,No,"GPS (L1+L5), BDS (B1I+B1c+B2a), GALILEO (E1+E5a), QZSS (L1+L5), NavIC (L5), GLONASS","Fingerprint (under display, ultrasonic), accelerometer, proximity, gyro, compass, barometer",8000,100,50,Yes,,,610.0,,,,,,,,"Black, Blue, White",2605EPN8EC,,,No
Oukitel,vivo Y600 Turbo,https://www.gsmarena.com/vivo_y600_turbo_5g-14687.php,https://fdn2.gsmarena.com/vv/bigpic/vivo-y600-turbo.jpg,GSM / HSPA / LTE / 5G,Yes,"2026, May 25","Available. Released 2026, May 27",163.7 x 76.2 x 8.3 mm (6.44 x 3.00 x 0.33 in),215.0,Glass,IP68,Nano-SIM + Nano-SIM,"AMOLED, 1B colors, 120Hz, 4320Hz PWM, HDR, 1000 nits, 2000 nits (HBM), 5000 nits (peak)",120,6.83,1260x2800,450,90.3,,"Android 16, OriginOS 6",Qualcomm SM7635-AC Snapdragon 7s Gen 4 (4 nm),4,Octa-core (1x2.7 GHz Cortex-A720 & 3x2.4 GHz Cortex-A720 & 4x1.8 GHz Cortex-A520),Adreno 810,8,12,256,512,UFS 3.1,50.0,2,1.8,No,,Yes,"LED flash, HDR, panorama","4K, 1080p, gyro-EIS",8.0,No,,"1080p@30fps, gyro-EIS","Wi-Fi 802.11 a/b/g/n/ac/6, dual-band",Yes,5.2,Type-C,No,"GPS (L1+L5), BDS (B1I+B1C+B2a), GALILEO (E1+E5a), QZSS (L1+L5), GLONASS","Fingerprint (under display, optical), accelerometer, gyro, proximity, compass",9020,90,,No,,,290.0,,,,,,,,"Gold, White, Blue",V2553A,,,No
Oukitel,Ulefone Armor Mini 5,https://www.gsmarena.com/ulefone_armor_mini_5-14694.php,https://fdn2.gsmarena.com/vv/bigpic/ulefone-aromor-mini5.jpg,GSM / HSPA / LTE,No,"2026, May","Available. Released 2026, May",142 x 62 x 16.5 mm (5.59 x 2.44 x 0.65 in),170.0,,IP68,Nano-SIM + Nano-SIM,TFT LCD,,2.8,240x320,143,27.6,,Android 11 (Go edition),MT6739,,,,1,1,8,8,,0.3,1,,No,,No,LED flash,Yes,0.3,No,,,No,No,2.1,Type-C,Yes,No,No,2500,5,,No,,,90.0,,,,,,,,Black,,,,FM radio
Oukitel,Honor 600e,https://www.gsmarena.com/honor_600e_5g-14688.php,https://fdn2.gsmarena.com/vv/bigpic/honor-600e.jpg,GSM / HSPA / LTE / 5G,Yes,"2026, May","Available. Released 2026, May",157.4 x 75.4 x 7.3 mm (6.20 x 2.97 x 0.29 in),180.0,Glass,IP66,Nano-SIM + Nano-SIM,"AMOLED, 1B colors, 120Hz, 3840Hz PWM, 800 nits (typ), 2000 nits (HBM), 6500 nits (peak)",120,6.6,1200x2600,434,90.1,Aluminosilicate glass,"Android 16, MagicOS 10",Mediatek Dimensity 7100 Elite (6 nm),6,Octa-core (4x2.4 GHz Cortex-A78 & 4x2.0 GHz Cortex-A55),Mali-G610 MC2,8,8,512,512,,108.0,2,1.8,No,1/1.67,No,"LED flash, HDR, panorama",1080p@30fps,16.0,No,,1080p@30fps,"Wi-Fi 802.11 a/b/g/n/ac, dual-band, Wi-Fi Direct",Yes,6.0,Type-C,No,"GPS, GLONASS, GALILEO, BDS","Fingerprint (under display, optical), accelerometer, compass, proximity (ultrasonic)",6520,45,,No,,,510.0,,,,,,,,"Velvet Gray, Desert Gold, Vital Green",LNA-NX3,,,Unspecified
Oukitel,Xiaomi 17T Pro,https://www.gsmarena.com/xiaomi_17t_pro_5g-14651.php,https://fdn2.gsmarena.com/vv/bigpic/xiaomi-17t-pro-.jpg,GSM / HSPA / LTE / 5G,Yes,"2026, May 28","Available. Released 2026, May 28",162.2 x 77.5 x 8.3 mm,219.0,Glass,IP68,· Nano-SIM + Nano-SIM + eSIM + eSIM (max 2 at a time) · Nano-SIM + Nano-SIM,"AMOLED, 68B colors, 144Hz, 3840Hz PWM, Dolby Vision, HDR10+, 3500 nits (peak)",144,6.83,1280x2772,447,91.1,Gorilla Glass 7i,"Android 16, HyperOS 3",Mediatek Dimensity 9500 (3 nm),3,Octa-core (1x4.21 GHz C1-Ultra & 3x3.5 GHz C1-Premium & 4x2.7 GHz C1-Pro),Mali-G1 Ultra MC12,12,12,256,512,UFS 4.1,50.0,3,1.7,Yes,1/1.31,Yes,"Leica lens, Color spectrum sensor, Ultra HDR, LED flash, HDR, panorama","8K@30fps, 4K@30/60/120fps, 1080p@30/60/120/240/960fps, gyro-EIS, 10-bit Rec. 2020, HDR10+, Log",32.0,Yes,HDR,"4K@30fps, 1080p@30/60fps, HDR10+","Wi-Fi 802.11 a/b/g/n/ac/6e/7, dual-band, Wi-Fi Direct",Yes,6.0,Type-C,No,"GPS (L1+L5), BDS (B1I+B1C+B2a+B2b), GALILEO (E1+E5a+E5b), QZSS (L1+L5), NavIC (L5), GLONASS","Fingerprint (under display, optical), accelerometer, gyro, proximity, compass",7000,100,50,No,Active use score 21:41h,,999.9,799.0,,2795030,9766,6939,1069,-25.6,"Deep Blue, Deep Violet, Black",2602EPTC0G,,,No
Oukitel,Xiaomi 17T,https://www.gsmarena.com/xiaomi_17t_5g-14652.php,https://fdn2.gsmarena.com/vv/bigpic/xiaomi-17t-.jpg,GSM / HSPA / LTE / 5G,Yes,"2026, May 28","Available. Released 2026, May 28",157.6 x 75.2 x 8.2 mm,200.0,Glass,IP68,· Nano-SIM + Nano-SIM + eSIM + eSIM (max 2 at a time) · Nano-SIM + Nano-SIM,"AMOLED, 68B colors, 120Hz, 3840Hz PWM, Dolby Vision, HDR10+, 3500 nits (peak)",120,6.59,1268x2756,460,89.8,Gorilla Glass 7i,"Android 16, HyperOS 3",Mediatek Dimensity 8500 Ultra (4 nm),4,Octa-core (1x3.4 GHz Cortex-A725 & 3x3.2 GHz Cortex-A725 & 4x2.2 GHz Cortex-A725),Mali-G720 MC8,12,12,256,512,UFS 4.1,50.0,3,1.7,Yes,1/1.55,Yes,"Leica lens, Color spectrum sensor, Ultra HDR, LED flash, HDR, panorama","4K@30/60fps, 1080p@30/60/120/240/960fps, gyro-EIS, 10-bit Rec. 2020, HDR10+, Log",32.0,Yes,HDR,"4K@30fps, 1080p@30/60fps, HDR10+","Wi-Fi 802.11 a/b/g/n/ac/6e, dual-band or tri-band, Wi-Fi Direct",Yes,6.0,Type-C,No,"GPS (L1+L5), BDS (B1I+B1c+B2a), GALILEO (E1+E5a), QZSS (L1+L5), NavIC (L5), GLONASS","Fingerprint (under display, optical), accelerometer, gyro, proximity, compass",6500,67,,No,Active use score 17:16h,,749.9,649.0,,1640834,6607,3563,1035,-24.6,"Violet, Blue, Opal White, Black","2602DPT53G, 2602DPT53I",,,No
Oukitel,Honor Win Turbo,https://www.gsmarena.com/honor_win_turbo_5g-14684.php,https://fdn2.gsmarena.com/vv/bigpic/honor-win-turbo-.jpg,GSM / HSPA / LTE / 5G,Yes,"2026, May 30","Available. Released 2026, May 30",162.1 x 76.3 x 8 mm (6.38 x 3.00 x 0.31 in),216.0,,IP66,Nano-SIM + Nano-SIM,"AMOLED, 1B colors, 120Hz, HDR Vivid, 3840Hz PWM, 1800 nits (HBM), 8000 nits (peak)",120,6.79,1200x2640,427,90.6,Aluminosilicate glass,"Android 16, MagicOS 10",Mediatek Dimensity 8500 Elite (4 nm),4,Octa-core (1x3.4 GHz Cortex-A725 & 3x3.2 GHz Cortex-A725 & 4x2.2 GHz Cortex-A725),Mali-G720 MC8,12,16,256,512,UFS 4.1,50.0,2,1.9,Yes,,Yes,"LED flash, HDR, panorama","4K@30fps, 1080p@30fps, gyro-EIS",16.0,No,,1080p@30fps,"Wi-Fi 802.11 a/b/g/n/ac/6, dual-band, Wi-Fi Direct",Yes,6.0,Type-C,No,"GPS (L1+L5), GLONASS, BDS (B1I+B1c+B2a), GALILEO (E1 + E5a), QZSS (L1+L5), NavIC","Fingerprint (under display, optical), accelerometer, gyro, compass, proximity (ultrasonic)",10000,80,,No,,,330.0,,,,,,,,"Black, White, Blue",SER-AN00,,,No
Oukitel,Xiaomi Watch S5,https://www.gsmarena.com/xiaomi_watch_s5-14696.php,https://fdn2.gsmarena.com/vv/bigpic/xiaomi-watch-s5-.jpg,HSPA / LTE,No,"2026, May 28","Available. Released 2026, May 28",46 x 46 x 11 mm (1.81 x 1.81 x 0.43 in),46.0,Ceramic,,eSIM (market/region dependent),"AMOLED, 1500 nits (HBM), 2500 nits (peak)",,1.48,480x480,459,,Drop-proof glass,Xiaomi HyperOS 3,,,,,,,,,,,,,No,,No,,,,No,,,No,Yes,5.4,No,No,"GPS (L1+L5), GLONASS, GALILEO, BDS, QZSS","Accelerometer, gyro, compass, barometer, heart rate, SpO2",815,,,No,,,180.0,,,,,,,,"Black, Silver, Ceramic Blue, Jungle Green, Beige (eSIM)","M2530W1, M2517W1",,,No
Oukitel,Realme 16T,https://www.gsmarena.com/realme_16t_5g-14674.php,https://fdn2.gsmarena.com/vv/bigpic/realme-16t.jpg,GSM / HSPA / LTE / 5G,Yes,"2026, May 22","Available. Released 2026, May 26",166.4 x 78.2 x 8.8 mm (6.55 x 3.08 x 0.35 in),224.0,Glass,IP68,Nano-SIM + Nano-SIM,"AMOLED, 144Hz, 1200 nits (HBM)",144,6.81,720x1570,254,87.1,Panda-1681 glass,"Android 16, Realme UI 7.0",Mediatek Dimensity 6300 (6 nm),6,Octa-core (2x2.4 GHz Cortex-A76 & 6x2.0 GHz Cortex-A55),Mali-G57 MC2,6,8,128,256,UFS 2.2,50.0,2,1.8,No,1/2.93,No,"LED flash, HDR, panorama",1080p@30/60fps,16.0,No,,1080p@30fps,"Wi-Fi 802.11 a/b/g/n/ac, dual-band",No,5.3,Type-C,No,"GPS, GLONASS, GALILEO, BDS, QZSS","Fingerprint (side-mounted), accelerometer, proximity, compass",8000,45,,No,Active use score 22:43h,,270.0,,,438780,2016,385,,,"Starlight Red, Starlight Black, Aurora Green",RMX5268,,,No
Oukitel,Honor 600,https://www.gsmarena.com/honor_600_5g-14605.php,https://fdn2.gsmarena.com/vv/bigpic/honor-600.jpg,GSM / HSPA / LTE / 5G,Yes,"2026, April 22","Available. Released 2026, May 18",156 x 74.7 x 7.8 mm (6.14 x 2.94 x 0.31 in),185.0,Glass,IP68,· Nano-SIM + eSIM · Nano-SIM + Nano-SIM + eSIM (max 2 at a time),"AMOLED, 1B colors, 120Hz, 3840Hz PWM, HDR Vivid, 8000 nits (peak)",120,6.57,1264x2728,458,91.2,Mohs level 4,"Android 16, up to 6 major Android upgrades, MagicOS 10",Qualcomm SM7750-AB Snapdragon 7 Gen 4 (4 nm),4,Octa-core (1x2.8 GHz Cortex-720 & 4x2.4 GHz Cortex-720 & 3x1.8 GHz Cortex-520),Adreno 722,8,12,128,512,,200.0,2,1.9,Yes,1/1.4,Yes,"Color spectrum sensor, LED flash, HDR, panorama","4K@30fps, 1080p@30/60fps, gyro-EIS, OIS",50.0,Yes,HDR,"4K@30fps, 1080p@30/60fps, gyro-EIS","Wi-Fi 802.11 a/b/g/n/ac/6/7, dual-band or tri-band, Wi-Fi Direct",Yes,5.4,Type-C,No,"GPS, GLONASS, GALILEO, BDS, QZSS, NavIC","Fingerprint (under display, optical), accelerometer, gyro, proximity (ultrasound), compass",7000,80,,No,Active use score 16:58h,505.72,487.49,399.0,,1087148,4090,1797,1749,-25.1,"Golden White, Black, Orange",VKJ-NX9,,,No
Oukitel,Sony Xperia 1 VIII,https://www.gsmarena.com/sony_xperia_1_viii_5g-14660.php,https://fdn2.gsmarena.com/vv/bigpic/sony-xperia-1-viii.jpg,GSM / HSPA / LTE / 5G,Yes,"2026, May 13","Coming soon. Exp. release 2026, June 19",162 x 74 x 8.3 mm (6.38 x 2.91 x 0.33 in),200.0,Glass,IP65,Nano-SIM + eSIM + eSIM (max 2 at a time),"LTPO OLED, 1B colors, 120Hz, HDR BT.2020",120,6.5,1080x2340,396,86.5,Gorilla Glass Victus,"Android 16, up to 4 major Android upgrades",Qualcomm SM8850-AC Snapdragon 8 Elite Gen 5 (3 nm),3,Octa-core (2x4.6 GHz Oryon V3 Phoenix L + 6x3.62 GHz Oryon V3 Phoenix M),Adreno 840,12,16,256,512,UFS,48.0,3,1.9,Yes,1/1.35,Yes,"Zeiss optics, Zeiss T* lens coating, color spectrum sensor, LED flash, panorama, HDR, eye tracking","4K@24/30/60/120fps HDR, 1080p@30/60/120fps; 5-axis gyro-EIS, OIS",12.0,Yes,HDR,"4K@30/60fps, 1080p@30/60fps, 5-axis gyro-EIS","Wi-Fi 802.11 a/b/g/n/ac/6e/7, tri-band, Wi-Fi Direct, DLNA",Yes,6.0,Type-C,Yes,"GPS, GLONASS, BDS, GALILEO, QZSS","Fingerprint (side-mounted), accelerometer, gyro, proximity, barometer, compass",5000,30,15,Yes,Active use score 17:47h,,1499.0,1399.0,,2312684,9278,6962,1510,-25.5,"Graphite Black, Iolite Silver, Garnet Red, Native Gold","XQ-GE54, XQ-GE74, XQGE54, XQGE74, XQ-GE44, XQGE44, XQ-FS54, XQFS54, SO-51G",,,No
Oukitel,Honor 600 Pro,https://www.gsmarena.com/honor_600_pro_5g-14604.php,https://fdn2.gsmarena.com/vv/bigpic/honor-600-pro.jpg,GSM / HSPA / LTE / 5G,Yes,"2026, April 22","Available. Released 2026, April 29",156 x 74.7 x 7.8 mm (6.14 x 2.94 x 0.31 in),195.0,Glass,IP68,· Nano-SIM + eSIM · Nano-SIM + Nano-SIM + eSIM (max 2 at a time),"AMOLED, 1B colors, 120Hz, 3840Hz PWM, HDR Vivid, 8000 nits (peak)",120,6.57,1264x2728,458,91.2,Mohs level 4,"Android 16, up to 6 major Android upgrades, MagicOS 10",Qualcomm SM8750-AB Snapdragon 8 Elite (3 nm),3,Octa-core (2x4.32 GHz Oryon V2 Phoenix L + 6x3.53 GHz Oryon V2 Phoenix M),Adreno 830 (1200 MHz),12,16,256,512,,200.0,3,1.9,Yes,1/1.4,Yes,"Color spectrum sensor, LED flash, HDR, panorama","4K@30/60fps, 1080p@30/60fps, gyro-EIS, OIS",50.0,Yes,HDR,"4K@30fps, 1080p@30/60fps, gyro-EIS","Wi-Fi 802.11 a/b/g/n/ac/6/7, dual-band or tri-band, Wi-Fi Direct",Yes,6.0,Type-C,No,"GPS, GLONASS, GALILEO, BDS, QZSS, NavIC","Fingerprint (under display, optical), accelerometer, gyro, proximity (ultrasound), compass",7000,80,50,No,Active use score 17:55h,835.26,,649.0,,2221352,7970,5309,1766,-24.8,"Golden White, Black, Orange",VKP-NX9,,,No
Oukitel,Motorola Moto G87,https://www.gsmarena.com/motorola_moto_g87_5g-14644.php,https://fdn2.gsmarena.com/vv/bigpic/motorola-g87.jpg,GSM / HSPA / LTE / 5G,Yes,"2026, April 29","Available. Released 2026, May 15",164.5 x 77.3 x 7.3 mm (6.48 x 3.04 x 0.29 in),183.0,Glass,IP68,· Nano-SIM + eSIM · Nano-SIM + Nano-SIM,"AMOLED, 1B colors, 120Hz, HDR, 5000 nits (peak)",120,6.78,1272x2772,450,88.4,Gorilla Glass 7i,Android 16,Mediatek Dimensity 6400 (6 nm),6,Octa-core (2x2.5 GHz Cortex-A76 & 6x2.0 GHz Cortex-A55),Mali-G57 MC2,8,12,256,512,UFS 2.2,200.0,2,1.8,Yes,,No,"LED flash, HDR, panorama","1440p@30fps, 1080p@30/60fps",32.0,No,,"1440p@30fps, 1080p@30fps","Wi-Fi 802.11 a/b/g/n/ac, dual-band",Yes,5.4,Type-C,No,"GPS, GLONASS, GALILEO, BDS, QZSS","Fingerprint (under display, optical), accelerometer, gyro, proximity, compass",5200,30,,No,,,399.0,379.98,,,,,,,"Pantone: Overture, Blue Atoll",XT2621-6,,,No
Oukitel,Xiaomi 17T Pro,https://www.gsmarena.com/xiaomi_17t_pro-14651.php,https://fdn2.gsmarena.com/vv/bigpic/xiaomi-17t-pro-.jpg,GSM / HSPA / LTE / 5G,Yes,"2026, May 28","Available. Released 2026, May 28",162.2 x 77.5 x 8.3 mm,219.0,Glass,IP68,· Nano-SIM + Nano-SIM + eSIM + eSIM (max 2 at a time) · Nano-SIM + Nano-SIM,"AMOLED, 68B colors, 144Hz, 3840Hz PWM, Dolby Vision, HDR10+, 3500 nits (peak)",144,6.83,1280x2772,447,91.1,Gorilla Glass 7i,"Android 16, HyperOS 3",Mediatek Dimensity 9500 (3 nm),3,Octa-core (1x4.21 GHz C1-Ultra & 3x3.5 GHz C1-Premium & 4x2.7 GHz C1-Pro),Mali-G1 Ultra MC12,12,12,256,512,UFS 4.1,50.0,3,1.7,Yes,1/1.31,Yes,"Leica lens, Color spectrum sensor, Ultra HDR, LED flash, HDR, panorama","8K@30fps, 4K@30/60/120fps, 1080p@30/60/120/240/960fps, gyro-EIS, 10-bit Rec. 2020, HDR10+, Log",32.0,Yes,HDR,"4K@30fps, 1080p@30/60fps, HDR10+","Wi-Fi 802.11 a/b/g/n/ac/6e/7, dual-band, Wi-Fi Direct",Yes,6.0,Type-C,No,"GPS (L1+L5), BDS (B1I+B1C+B2a+B2b), GALILEO (E1+E5a+E5b), QZSS (L1+L5), NavIC (L5), GLONASS","Fingerprint (under display, optical), accelerometer, gyro, proximity, compass",7000,100,50,No,Active use score 21:41h,,999.9,799.0,,2795030,9766,6939,1069,-25.6,"Deep Blue, Deep Violet, Black",2602EPTC0G,,,No
Oukitel,Xiaomi 17T,https://www.gsmarena.com/xiaomi_17t-14652.php,https://fdn2.gsmarena.com/vv/bigpic/xiaomi-17t-.jpg,GSM / HSPA / LTE / 5G,Yes,"2026, May 28","Available. Released 2026, May 28",157.6 x 75.2 x 8.2 mm,200.0,Glass,IP68,· Nano-SIM + Nano-SIM + eSIM + eSIM (max 2 at a time) · Nano-SIM + Nano-SIM,"AMOLED, 68B colors, 120Hz, 3840Hz PWM, Dolby Vision, HDR10+, 3500 nits (peak)",120,6.59,1268x2756,460,89.8,Gorilla Glass 7i,"Android 16, HyperOS 3",Mediatek Dimensity 8500 Ultra (4 nm),4,Octa-core (1x3.4 GHz Cortex-A725 & 3x3.2 GHz Cortex-A725 & 4x2.2 GHz Cortex-A725),Mali-G720 MC8,12,12,256,512,UFS 4.1,50.0,3,1.7,Yes,1/1.55,Yes,"Leica lens, Color spectrum sensor, Ultra HDR, LED flash, HDR, panorama","4K@30/60fps, 1080p@30/60/120/240/960fps, gyro-EIS, 10-bit Rec. 2020, HDR10+, Log",32.0,Yes,HDR,"4K@30fps, 1080p@30/60fps, HDR10+","Wi-Fi 802.11 a/b/g/n/ac/6e, dual-band or tri-band, Wi-Fi Direct",Yes,6.0,Type-C,No,"GPS (L1+L5), BDS (B1I+B1c+B2a), GALILEO (E1+E5a), QZSS (L1+L5), NavIC (L5), GLONASS","Fingerprint (under display, optical), accelerometer, gyro, proximity, compass",6500,67,,No,Active use score 17:16h,,749.9,649.0,,1640834,6607,3563,1035,-24.6,"Violet, Blue, Opal White, Black","2602DPT53G, 2602DPT53I",,,No
Oukitel,Samsung Galaxy A57,https://www.gsmarena.com/samsung_galaxy_a57-14379.php,https://fdn2.gsmarena.com/vv/bigpic/samsung-galaxy-a57.jpg,GSM / HSPA / LTE / 5G,Yes,"2026, March 25","Available. Released 2026, April 9",161.5 x 76.8 x 6.9 mm (6.36 x 3.02 x 0.27 in),179.0,Glass,IP68,· Nano-SIM + eSIM · Nano-SIM + Nano-SIM + eSIM + eSIM (max 2 at a time),"Super AMOLED+, 120Hz, HDR10+, 1200 nits (HBM), 1900 nits (peak)",120,6.7,1080x2340,385,88.8,Gorilla Glass Victus+,"Android 16, up to 6 major Android upgrades, One UI 8.5",Exynos 1680 (4 nm),4,Octa-core (1x2.9 GHz Cortex-720 & 4x2.6 GHz Cortex-720 & 3x1.95 GHz Cortex-520),Xclipse 550,8,12,128,512,UFS 3.1,50.0,3,1.8,Yes,1/1.56,Yes,"Best Face, LED flash, panorama, HDR","4K@30fps, 1080p@30/60fps, gyro-EIS",12.0,Yes,,"4K@30fps, 1080p@30/60fps, 10-bit HDR","Wi-Fi 802.11 a/b/g/n/ac/6e, dual-band or tri-band, Wi-Fi Direct",Yes,6.0,Type-C,No,"GPS, GALILEO, GLONASS, BDS, QZSS","Fingerprint (under display, optical), accelerometer, gyro, proximity, compass",5000,45,,No,Active use score 13:59h,489.99,339.0,529.0,47950,1001995,4411,1742,1309,-26.3,"Navy, Gray, Icyblue, Lilac","SM-A576B, SM-A576B/DS, SM-A576Q, SM-A576U1, SM-A576W, SM-A576Z, SM-A5760",0.85 W/kg (head) 1.20 W/kg (body),0.70 W/kg (head) 1.07 W/kg (body),No
Oukitel,Samsung Galaxy S26 Ultra,https://www.gsmarena.com/samsung_galaxy_s26_ultra-14320.php,https://fdn2.gsmarena.com/vv/bigpic/samsung-galaxy-s26-ultra-new.jpg,GSM / CDMA / HSPA / EVDO / LTE / 5G,Yes,"2026, February 25","Available. Released 2026, March 06",163.6 x 78.1 x 7.9 mm (6.44 x 3.07 x 0.31 in),214.0,Glass,IP68,· Nano-SIM + Nano-SIM + eSIM + eSIM (max 2 at a time) - INT · Nano-SIM + eSIM + eSIM (max 2 at a time) - USA · Nano-SIM + Nano-SIM - CN,"Dynamic LTPO AMOLED 2X, 120Hz, HDR10+, 2600 nits (peak)",120,6.9,1440x3120,500,90.7,"Corning Gorilla Armor 2, Mohs level 6","Android 16, up to 7 major Android upgrades, One UI 8.5",Qualcomm SM8850-1-AD Snapdragon 8 Elite Gen 5 (3 nm),3,Octa-core (2x4.74 GHz Oryon V3 Phoenix L + 6x3.62 GHz Oryon V3 Phoenix M),Adreno 840 (1.3GHz),12,16,256,512,UFS 4.X,200.0,4,1.4,Yes,1/1.3,Yes,"Laser AF, Best Face, Horizon Lock, LED flash, auto-HDR, panorama","8K@24/30fps, 4K@30/60/120fps, 1080p@30/60/120/240fps, 10-bit HDR, HDR10+, stereo sound rec., gyro-EIS",12.0,Yes,"HDR, HDR10+","4K@30/60fps, 1080p@30fps","Wi-Fi 802.11 a/b/g/n/ac/6e/7, tri-band, Wi-Fi Direct",Yes,6.0,Type-C,No,"GPS, GLONASS, BDS, GALILEO, QZSS","Fingerprint (under display, ultrasonic), accelerometer, gyro, proximity, compass, barometer",5000,60,25,Yes,Active use score 16:23h,1049.99,969.0,889.0,119800,2627986,11566,7744,1480,-25.9,"Cobalt Violet, Sky Blue, Black, White, Silver Shadow, Pink Gold","SM-S948B, SM-S948B/DS, SM-S948U, SM-S948U1, SM-S948W, SM-S948N, SM-S9480, SM-S948E, SM-S948E/DS",1.09 W/kg (head) 1.19 W/kg (body),1.28 W/kg (head) 1.35 W/kg (body),No
Oukitel,Samsung Galaxy A17,https://www.gsmarena.com/samsung_galaxy_a17-14041.php,https://fdn2.gsmarena.com/vv/bigpic/samsung-galaxy-a17-5g.jpg,GSM / HSPA / LTE / 5G,Yes,"2025, August 06","Available. Released 2025, August 14",164.4 x 77.9 x 7.5 mm (6.47 x 3.07 x 0.30 in),192.0,Glass,IP54,· Nano-SIM · Nano-SIM + eSIM · Nano-SIM + Nano-SIM,"Super AMOLED, 90Hz, 800 nits (HBM)",90,6.7,1080x2340,385,86.0,Gorilla Glass Victus,"Android 15, up to 6 major Android upgrades, One UI 7",Exynos 1330 (5 nm),5,Octa-core (2x2.4 GHz Cortex-A78 & 6x2.0 GHz Cortex-A55),Mali-G68 MP2,4,8,128,256,,50.0,3,1.8,Yes,1/2.76,No,"LED flash, panorama, HDR","1080p@30fps, gyro-EIS",13.0,No,,1080p@30fps,"Wi-Fi 802.11 a/b/g/n/ac, dual-band, Wi-Fi Direct",Yes,5.3,Type-C,No,"GPS, GALILEO, GLONASS, BDS, QZSS","Fingerprint (side-mounted), accelerometer, gyro, compass",5000,25,,No,Active use score 11:48h,99.88,125.0,114.99,18900,435787,2048,365,738,-26.4,"Black, Gray, Blue","SM-A176B, SM-A176B/DS",,0.67 W/kg (head) 0.97 W/kg (body),No
Oukitel,Xiaomi 17 Max,https://www.gsmarena.com/xiaomi_17_max-14667.php,https://fdn2.gsmarena.com/vv/bigpic/xiaomi-17-max.jpg,GSM / HSPA / LTE / 5G,Yes,"2026, May 21","Available. Released 2026, May 21",162.9 x 77.6 x 8.2 mm (6.41 x 3.06 x 0.32 in),219.0,Glass,IP68,Nano-SIM + Nano-SIM,"LTPO AMOLED, 68B colors, PWM, 120Hz, Dolby Vision, HDR Vivid, HDR10+, 3500 nits (peak)",120,6.9,1200x2608,420,90.5,,"Android 16, HyperOS 3",Qualcomm SM8850-AC Snapdragon 8 Elite Gen 5 (3 nm),3,Octa-core (2x4.6 GHz Oryon V3 Phoenix L + 6x3.62 GHz Oryon V3 Phoenix M),Adreno 840,12,16,256,512,UFS 4.1,200.0,3,1.7,Yes,1/1.4,Yes,"Laser AF, color spectrum sensor, Leica lens, LED flash, HDR, panorama","8K@30fps (HDR), 4K@30/60fps (10-bit Dolby Vision HDR), 4K@120fps, 1080p@30/60/120/240/960fps, gyro-EIS",32.0,Yes,,"4K@30fps, 1080p@30/60fps, gyro-EIS","Wi-Fi 802.11 a/b/g/n/ac/6e/7, dual-band, Wi-Fi Direct",Yes,5.4,Type-C,No,"GPS (L1+L5), BDS (B1I+B1c+B2a), GALILEO (E1+E5a), QZSS (L1+L5), NavIC (L5), GLONASS","Fingerprint (under display, ultrasonic), accelerometer, proximity, gyro, compass, barometer",8000,100,50,Yes,,,610.0,,,,,,,,"Black, Blue, White",2605EPN8EC,,,No
Oukitel,Apple iPhone 17 Pro Max,https://www.gsmarena.com/apple_iphone_17_pro_max-13964.php,https://fdn2.gsmarena.com/vv/bigpic/apple-iphone-17-pro-max.jpg,GSM / CDMA / HSPA / EVDO / LTE / 5G,Yes,"2025, September 09","Available. Released 2025, September 19",163.4 x 78 x 8.8 mm (6.43 x 3.07 x 0.35 in),233.0,Ceramic,IP68,"· Nano-SIM + eSIM + eSIM (max 2 at a time; International) · eSIM + eSIM (8 or more, max 2 at a time; USA) · Nano-SIM + Nano-SIM (China)","LTPO Super Retina XDR OLED, 120Hz, HDR10, Dolby Vision, 1000 nits (typ), 1600 nits (HBM), 3000 nits (peak)",120,6.9,1320x2868,460,90.7,Ceramic Shield 2,"iOS 26, upgradable to iOS 26.5",Apple A19 Pro (3 nm),3,Hexa-core (2x4.26 GHz + 4x2.60 GHz),Apple GPU (6-core graphics),12,12,256,512,NVMe,48.0,3,1.8,Yes,1/1.28,Yes,"Dual-LED dual-tone flash, HDR (photo/panorama)","4K@24/25/30/60/100/120fps, 1080p@25/30/60/120/240fps, 10-bit HDR, Dolby Vision HDR (up to 120fps), ProRes, ProRes RAW (up to 120fps), Apple Log 2, 3D (spatial) video/audio, stereo sound rec.",18.0,Yes,"HDR, Dolby Vision HDR, 3D (spatial) audio, stereo sound rec., ProRes RAW, Apple Log 2","4K@24/25/30/60fps, 1080p@25/30/60/120fps, gyro-EIS","Wi-Fi 802.11 a/b/g/n/ac/6e/7, tri-band, hotspot",Yes,6.0,Type-C,No,"GPS (L1+L5), GLONASS, GALILEO, BDS, QZSS, NavIC","Face ID, accelerometer, gyro, proximity, compass, barometer",4823,25,25,No,Active use score 17:58h,970.0,1215.29,1038.99,149900,2600583,10118,6010,1000,-26.2,"Silver, Cosmic Orange, Deep Blue","iPhone18,2, A3526, A3257, A3527, A3525",1.19 W/kg (head) 1.19 W/kg (body),1.49 W/kg (head) 1.49 W/kg (body),No
Oukitel,Xiaomi Redmi Note 15,https://www.gsmarena.com/xiaomi_redmi_note_15-14328.php,https://fdn2.gsmarena.com/vv/bigpic/xiaomi-redmi-note-15-global.jpg,GSM / HSPA / LTE / 5G,Yes,"2025, December 18","Available. Released 2026, January 06",164 x 75.4 x 7.4 mm (6.46 x 2.97 x 0.29 in),178.0,Glass,IP66,Nano-SIM + Nano-SIM,"AMOLED, 68B colors, 120Hz, 3840Hz PWM, HDR10+, 800 nits (typ), 3200 nits (peak)",120,6.77,1080x2392,388,89.7,"Scratch/drop-resistant glass, Mohs level","Android 15, up to 4 major Android upgrades, HyperOS 2",Qualcomm SM6475-AB Snapdragon 6 Gen 3 (4 nm),4,Octa-core (4x2.4 GHz Cortex-A78 & 4x1.8 GHz Cortex-A55),Adreno 710,6,12,128,512,UFS 2.2,108.0,2,1.7,Yes,1/1.67,Yes,"LED flash, HDR, panorama","4K@30fps, 1080p@30fps, gyro-EIS, OIS",20.0,No,,1080p@30fps,"Wi-Fi 802.11 a/b/g/n/ac, dual-band, Wi-Fi Direct",Yes,5.1,Type-C,No,"GPS, GLONASS, BDS, GALILEO","Fingerprint (under display, optical), accelerometer, gyro, compass",5520,45,,No,Active use score 14:12h,252.5,193.03,189.0,21349,637266,2958,861,1524,-23.4,"Black, Glacier Blue, Mist Purple","25096RA9BG, 25098RA98G",,1.00 W/kg (head) 0.99 W/kg (body),No
Oukitel,Xiaomi Poco X8 Pro,https://www.gsmarena.com/xiaomi_poco_x8_pro-14506.php,https://fdn2.gsmarena.com/vv/bigpic/xiaomi-poco-x8-pro.jpg,GSM / HSPA / LTE / 5G,Yes,"2026, March 17","Available. Released 2026, March 17",157.5 x 75.2 x 8.4 mm (6.20 x 2.96 x 0.33 in),201.5,Glass,IP68,Nano-SIM + Nano-SIM,"AMOLED, 68B colors, 120Hz, 3840Hz PWM, Dolby Vision, HDR10+, 2000 nits (HBM), 3500 nits (peak)",120,6.59,1268x2756,460,89.8,Gorilla Glass 7i,"Android 16, HyperOS 3",Mediatek Dimensity 8500 Ultra (4 nm),4,Octa-core (1x3.4 GHz Cortex-A725 & 3x3.2 GHz Cortex-A725 & 4x2.2 GHz Cortex-A725),Mali-G720 MC8,8,12,256,512,UFS 4.1,50.0,2,1.5,Yes,1/1.95,Yes,"LED flash, HDR, panorama","4K@30/60fps, 1080p@30/60/120/240/960fps, gyro-EIS, HDR10+",20.0,No,,1080p@30/60fps,"Wi-Fi 802.11 a/b/g/n/ac/6, dual-band, Wi-Fi Direct",Yes,6.0,Type-C,No,"GPS (L1+L5), BDS (B1I+B1c+B2a), GALILEO (E1+E5a), QZSS (L1+L5), NavIC (L5), GLONASS","Fingerprint (under display, optical), accelerometer, gyro, compass, proximity",6500,100,,No,Active use score 16:52h,367.5,297.15,279.0,,1663640,6298,4103,1090,-24.8,"Black, White, Mint Green",2511FPC34G,,,No
Oukitel,Sony Xperia 1 VIII,https://www.gsmarena.com/sony_xperia_1_viii-14660.php,https://fdn2.gsmarena.com/vv/bigpic/sony-xperia-1-viii.jpg,GSM / HSPA / LTE / 5G,Yes,"2026, May 13","Coming soon. Exp. release 2026, June 19",162 x 74 x 8.3 mm (6.38 x 2.91 x 0.33 in),200.0,Glass,IP65,Nano-SIM + eSIM + eSIM (max 2 at a time),"LTPO OLED, 1B colors, 120Hz, HDR BT.2020",120,6.5,1080x2340,396,86.5,Gorilla Glass Victus,"Android 16, up to 4 major Android upgrades",Qualcomm SM8850-AC Snapdragon 8 Elite Gen 5 (3 nm),3,Octa-core (2x4.6 GHz Oryon V3 Phoenix L + 6x3.62 GHz Oryon V3 Phoenix M),Adreno 840,12,16,256,512,UFS,48.0,3,1.9,Yes,1/1.35,Yes,"Zeiss optics, Zeiss T* lens coating, color spectrum sensor, LED flash, panorama, HDR, eye tracking","4K@24/30/60/120fps HDR, 1080p@30/60/120fps; 5-axis gyro-EIS, OIS",12.0,Yes,HDR,"4K@30/60fps, 1080p@30/60fps, 5-axis gyro-EIS","Wi-Fi 802.11 a/b/g/n/ac/6e/7, tri-band, Wi-Fi Direct, DLNA",Yes,6.0,Type-C,Yes,"GPS, GLONASS, BDS, GALILEO, QZSS","Fingerprint (side-mounted), accelerometer, gyro, proximity, barometer, compass",5000,30,15,Yes,Active use score 17:47h,,1499.0,1399.0,,2312684,9278,6962,1510,-25.5,"Graphite Black, Iolite Silver, Garnet Red, Native Gold","XQ-GE54, XQ-GE74, XQGE54, XQGE74, XQ-GE44, XQGE44, XQ-FS54, XQFS54, SO-51G",,,No
Oukitel,Samsung Galaxy A56,https://www.gsmarena.com/samsung_galaxy_a56-13603.php,https://fdn2.gsmarena.com/vv/bigpic/samsung-galaxy-a56-.jpg,GSM / HSPA / LTE / 5G,Yes,"2025, March 02","Available. Released 2025, March 10",162.2 x 77.5 x 7.4 mm (6.39 x 3.05 x 0.29 in),198.0,Glass,IP67,· Nano-SIM + eSIM · Nano-SIM + Nano-SIM + eSIM + eSIM (max 2 at a time),"Super AMOLED, 120Hz, HDR10+, 1200 nits (HBM), 1900 nits (peak)",120,6.7,1080x2340,385,87.7,Gorilla Glass Victus+,"Android 15, up to 6 major Android upgrades, One UI 8.5",Exynos 1580 (4 nm),4,Octa-core (1x2.9 GHz Cortex-A720 & 3x2.6 GHz Cortex-A720 & 4x1.9 GHz Cortex-A520),Xclipse 540,6,12,128,256,UFS 3.1,50.0,3,1.8,Yes,1/1.56,Yes,"Best Face, LED flash, panorama, HDR","4K@30fps, 1080p@30/60fps, gyro-EIS",12.0,Yes,,"4K@30fps, 1080p@30fps, 1080p@60fps (regional availability), 10-bit HDR","Wi-Fi 802.11 a/b/g/n/ac/6, dual-band, Wi-Fi Direct",Yes,5.3,Type-C,No,"GPS, GALILEO, GLONASS, BDS, QZSS","Fingerprint (under display, optical), accelerometer, gyro, compass",5000,45,,No,Active use score 12:08h,359.5,275.68,267.98,42999,908689,3899,1332,1213,-26.2,"Pink, Olive, Graphite, Lightgray","SM-A566V, SM-A566B, SM-A566B/DS, SM-A566E, SM-A566E/DS, SM-A5660, SM-A566U, SM-A566U1, SM-A566W, SM-A566S",1.32 W/kg (head),0.61 W/kg (head) 1.05 W/kg (body),No
Oukitel,Xiaomi 15 Ultra,https://www.gsmarena.com/xiaomi_15_ultra-13657.php,https://fdn2.gsmarena.com/vv/bigpic/xiaomi-15-ultra-.jpg,GSM / HSPA / LTE / 5G,Yes,"2025, February 27","Available. Released 2025, February 27",161.3 x 75.3 x 9.4 mm (6.35 x 2.96 x 0.37 in),226.0,Glass,IP68,· Nano-SIM + Nano-SIM · Nano-SIM + Nano-SIM + eSIM + eSIM (max 2 at a time),"LTPO AMOLED, 68B colors, 120Hz, 1920Hz PWM, Dolby Vision, HDR10+, HDR Vivid, 3200 nits (peak)",120,6.73,1440x3200,522,89.7,"Xiaomi Shield Glass 2.0, Mohs level 6","Android 15, up to 4 major Android upgrades, HyperOS 3",Qualcomm SM8750-AB Snapdragon 8 Elite (3 nm),3,Octa-core (2x4.32 GHz Oryon V2 Phoenix L + 6x3.53 GHz Oryon V2 Phoenix M),Adreno 830,12,16,256,512,UFS 4.1,50.0,4,1.6,Yes,1/2.51,Yes,"Laser AF, color spectrum sensor, Leica lenses, Dual-LED flash, HDR, panorama, 67mm filter ring holder (optional)","8K@30fps, 4K@30/60/120fps, 1080p@30/60/120/240/480/960/1920fps, gyro-EIS, Dolby Vision HDR 10-bit rec. (4K@60fps, 1080p)",32.0,Yes,"HDR, panorama","4K@30/60fps, 1080p@30/60fps, gyro-EIS","Wi-Fi 802.11 a/b/g/n/ac/6e/7, dual-band or tri-band, Wi-Fi Direct",Yes,6.0,Type-C,No,"GPS (L1+L5), BDS (B1I+B1c+B2a), GALILEO (E1+E5a), QZSS (L1+L5), NavIC (L5), GLONASS","Fingerprint (under display, ultrasonic), accelerometer, proximity, gyro, compass, barometer",5410,90,80,Yes,Active use score 16:13h,,776.09,1295.0,,,,,,-24.1,"Black, White, Silver Chrome, Green",25010PN30G,,1.00 W/kg (head) 1.00 W/kg (body),No
Oukitel,Xiaomi Poco X7 Pro,https://www.gsmarena.com/xiaomi_poco_x7_pro-13582.php,https://fdn2.gsmarena.com/vv/bigpic/xiaomi-poco-x7-pro.jpg,GSM / HSPA / LTE / 5G,Yes,"2025, January 09","Available. Released 2025, January 09",160.8 x 75.2 x 8.3 mm (6.33 x 2.96 x 0.33 in),195.0,Glass,IP68,Nano-SIM + Nano-SIM,"AMOLED, 68B colors, 120Hz, 1920Hz PWM, Dolby Vision, HDR10+, 1400 nits (HBM), 3200 nits (peak)",120,6.67,1220x2712,446,88.8,Gorilla Glass 7i,"Android 15, HyperOS 2",Mediatek Dimensity 8400 Ultra (4 nm),4,Octa-core (1x3.25 GHz Cortex-A725 & 3x3.0 GHz Cortex-A725 & 4x2.1 GHz Cortex-A725),Mali-G720 MC7,8,12,256,512,UFS 4.0,50.0,2,1.5,Yes,1/1.95,Yes,"LED flash, HDR, panorama","4K@24/30/60fps, 1080p@30/60/120/240/960fps, HDR10+, gyro-EIS, OIS",20.0,No,,1080p@30fps,"Wi-Fi 802.11 a/b/g/n/ac/6, dual-band, Wi-Fi Direct",Yes,5.4,Type-C,No,"GPS (L1+L5), GLONASS (G1), BDS (B1I+B1c+B2a), GALILEO (E1+E5a), NavIC (L5)","Fingerprint (under display, optical), accelerometer, gyro, proximity, compass",6000,90,,No,Active use score 12:43h,374.0,319.0,278.9,31500,1568331,6311,3880,1265,-24.7,"Black/Yellow, White, Green, Red (Iron Man Edition)","2412DPC0AG, 2412DPC0AI",1.09 W/kg (head) 1.08 W/kg (body),0.99 W/kg (head) 0.99 W/kg (body),No
Oukitel,Xiaomi 17 Pro Max,https://www.gsmarena.com/xiaomi_17_pro_max-14181.php,https://fdn2.gsmarena.com/vv/bigpic/xiaomi-17-pro-max.jpg,GSM / HSPA / LTE / 5G,Yes,"2025, September 25","Available. Released 2025, September 25",162.9 x 77.6 x 8 mm (6.41 x 3.06 x 0.31 in),219.0,Glass,IP68,Nano-SIM + Nano-SIM,"LTPO AMOLED, 68B colors, 2160Hz PWM, 120Hz, Dolby Vision, HDR Vivid, HDR10+, 3500 nits (peak)",160,6.9,1200x2608,416,92.3,Xiaomi Dragon Crystal Glass 3,"Android 16, HyperOS 3",Qualcomm SM8850-AC Snapdragon 8 Elite Gen 5 (3 nm),3,Octa-core (2x4.6 GHz Oryon V3 Phoenix L + 6x3.62 GHz Oryon V3 Phoenix M),Adreno 840,12,16,512,512,UFS 4.1,50.0,3,1.7,Yes,1/1.28,Yes,"Laser AF, color spectrum sensor, Leica lens, Dual-LED dual-tone flash, HDR, panorama","8K@30fps (HDR), 4K@30/60/120fps (HDR10+, 10-bit Dolby Vision HDR, 10-bit LOG), 1080p@30/60/120/240/960fps, 720p@1920fps, gyro-EIS",50.0,Yes,"HDR, panorama","4K@30/60fps, 1080p@30/60fps, HDR10+, gyro-EIS","Wi-Fi 802.11 a/b/g/n/ac/6e/7, dual-band, Wi-Fi Direct",Yes,5.4,Type-C,No,"GPS (L1+L5), BDS (B1I+B1c+B2a), GALILEO (E1+E5a), QZSS (L1+L5), NavIC (L5), GLONASS","Fingerprint (under display, ultrasonic), accelerometer, proximity, gyro, compass, barometer",7500,100,50,Yes,Active use score 20:50h,,720.0,,,2456317,10600,6761,1026,-26.1,"Black, White, Purple, Green",2509FPN0BC,,,No
Oukitel,OnePlus 15,https://www.gsmarena.com/oneplus_15-14206.php,https://fdn2.gsmarena.com/vv/bigpic/oneplus-15.jpg,GSM / HSPA / LTE / 5G,Yes,"2025, October 27","Available. Released 2025, October 28",161.4 x 76.7 x 8.1 mm (6.35 x 3.02 x 0.32 in),211.0,Glass,IP68,· Nano-SIM + Nano-SIM + eSIM (max 2 at a time) · Nano-SIM + Nano-SIM,"LTPO AMOLED, 1B colors, 165Hz, PWM, Dolby Vision, HDR10+, HDR Vivid, 800 nits (typ), 1800 nits (HBM)",165,6.78,1272x2772,450,90.8,Gorilla Glass Victus,"Android 16, OxygenOS 16 (Global), ColorOS 16 (China)",Qualcomm SM8850-AC Snapdragon 8 Elite Gen 5 (3 nm),3,Octa-core (2x4.6 GHz Oryon V3 Phoenix L + 6x3.62 GHz Oryon V3 Phoenix M),Adreno 840,12,16,256,512,UFS 4.1,50.0,3,1.8,Yes,1/1.56,Yes,"Laser focus, color spectrum sensor, LED flash, HDR, panorama, LUT preview","8K@30fps, 4K@30/60/120fps, 1080p@30/60/240fps, Auto HDR, gyro-EIS, Dolby Vision, LUT",32.0,Yes,"HDR, panorama","4K@30/60fps, 1080p@30/60fps, gyro-EIS, HDR","Wi-Fi 802.11 a/b/g/n/ac/6/7, dual or tri-band, Wi-Fi Direct",Yes,6.0,Type-C,No,"GPS (L1+L5), GLONASS (G1), BDS (B1I+B1c+B2a), GALILEO (E1+E5a), QZSS (L1+L5), NavIC (L5)","Fingerprint (under display, ultrasonic), accelerometer, proximity, gyro (UAV-grade), compass, barometer (exc. China)",7300,120,50,Yes,Active use score 23:07h,729.95,780.9,819.0,77999,2790237,11062,7370,1364,-24.8,"Infinite Black, Ultra Violet, Sand Storm","CPH2747, CPH2745, PLK110, CPH2749",1.17 W/kg (head) 1.00 W/kg (body),,No
Oukitel,Samsung Galaxy S25,https://www.gsmarena.com/samsung_galaxy_s25-13610.php,https://fdn2.gsmarena.com/vv/bigpic/samsung-galaxy-s25-sm-s931.jpg,GSM / CDMA / HSPA / EVDO / LTE / 5G,Yes,"2025, January 22","Available. Released 2025, February 03",146.9 x 70.5 x 7.2 mm (5.78 x 2.78 x 0.28 in),162.0,Glass,IP68,· Nano-SIM + Nano-SIM + eSIM + eSIM (max 2 at a time) - INT · Nano-SIM + eSIM + eSIM (max 2 at a time) - USA · Nano-SIM + Nano-SIM - CN,"Dynamic LTPO AMOLED 2X, 120Hz, HDR10+, 2600 nits (peak)",120,6.2,1080x2340,416,91.1,Gorilla Glass Victus,"Android 15, up to 7 major Android upgrades, One UI 8",Qualcomm SM8750-AC Snapdragon 8 Elite (3 nm),3,Octa-core (2x4.47 GHz Oryon V2 Phoenix L + 6x3.53 GHz Oryon V2 Phoenix M),Adreno 830 (1200 MHz),12,12,128,512,UFS 4.0,50.0,3,1.8,Yes,1/1.56,Yes,"Best Face, LED flash, auto-HDR, panorama","8K@24/30fps, 4K@30/60fps, 1080p@30/60/120/240fps, 10-bit HDR, HDR10+, stereo sound rec., gyro-EIS",12.0,Yes,"HDR, HDR10+","4K@30/60fps, 1080p@30fps","Wi-Fi 802.11 a/b/g/n/ac/6e/7, tri-band, Wi-Fi Direct",Yes,5.4,Type-C,No,"GPS, GLONASS, BDS, GALILEO, QZSS","Fingerprint (under display, ultrasonic), accelerometer, gyro, proximity, compass, barometer",4000,25,15,Yes,Active use score 13:09h,417.09,449.99,420.96,74999,2193701,10050,6755,1395,-26.1,"Icy Blue, Mint, Navy, Silver Shadow, Pink Gold, Coral Red, Blue Black","SM-S931B, SM-S931B/DS, SM-S931U, SM-S931U1, SM-S931W, SM-S931N, SM-S9310, SM-S931E, SM-S931E/DS",1.13 W/kg (head) 0.92 W/kg (body),1.29 W/kg (head) 1.36 W/kg (body),No
Oukitel,Xiaomi 17 Ultra,https://www.gsmarena.com/xiaomi_17_ultra-14380.php,https://fdn2.gsmarena.com/vv/bigpic/xiaomi-17-ultra-global.jpg,GSM / HSPA / LTE / 5G,Yes,"2026, February 28","Available. Released 2026, March 10",162.9 x 77.6 x 8.3 mm (6.41 x 3.06 x 0.33 in),218.4,Glass,IP68,Nano-SIM + Nano-SIM + eSIM + eSIM + eSIM (max 2 at a time),"LTPO AMOLED, 68B colors, 120Hz, 2160Hz PWM, Dolby Vision, HDR10+, 3500 nits (peak)",120,6.9,1200x2608,416,92.3,Xiaomi Shield Glass 3.0,"Android 16, HyperOS 3",Qualcomm SM8850-AC Snapdragon 8 Elite Gen 5 (3 nm),3,Octa-core (2x4.6 GHz Oryon V3 Phoenix L + 6x3.62 GHz Oryon V3 Phoenix M),Adreno 840,16,16,512,512,UFS 4.1,50.0,3,1.7,Yes,1/1.4,Yes,"Laser AF, color spectrum sensor, Leica lenses, Dual-LED flash, HDR, panorama","8K@30fps, 4K@30/60/120fps, 1080p@30/60/120/240/480/960/1920fps, gyro-EIS, Dolby Vision HDR 10-bit rec. (4K@60fps, 1080p)",50.0,Yes,"HDR, panorama","4K@30/60fps, 1080p@30/60/120fps, gyro-EIS","Wi-Fi 802.11 a/b/g/n/ac/6e/7, dual-band or tri-band, Wi-Fi Direct",Yes,6.0,Type-C,No,"GPS (L1+L5), BDS (B1I+B1c+B2a), GALILEO (E1+E5a), QZSS (L1+L5), NavIC (L5), GLONASS","Fingerprint (under display, ultrasonic), accelerometer, proximity, gyro, compass, barometer",6000,90,50,Yes,Active use score 19:09h,,1249.0,1199.0,139997,2777490,10896,6948,1132,-24.1,"Black, White, Starlit Green","25128PNA1G, 2512BPNDAG",,,No
Oukitel,Oppo Find X9 Pro,https://www.gsmarena.com/oppo_find_x9_pro-14094.php,https://fdn2.gsmarena.com/vv/bigpic/oppo-find-x9-pro.jpg,GSM / HSPA / LTE / 5G,Yes,"2025, October 16","Available. Released 2025, October 22",161.3 x 76.5 x 8.3 mm (6.35 x 3.01 x 0.33 in),224.0,Glass,IP68,· Nano-SIM + eSIM · Nano-SIM + Nano-SIM,"LTPO AMOLED, 1B colors, 120Hz, 2160Hz PWM, Dolby Vision, HDR10+, HDR Vivid, 800 nits (typ), 1800 nits (HBM), 3600 nits (peak)",120,6.78,1272x2772,450,91.1,Gorilla Glass Victus,"Android 16, up to 5 major Android upgrades, ColorOS 16",Mediatek Dimensity 9500 (3 nm),3,Octa-core (1x4.21 GHz C1-Ultra & 3x3.5 GHz C1-Premium & 4x2.7 GHz C1-Pro),Arm G1-Ultra,12,16,256,512,UFS 4.1,50.0,3,1.5,Yes,1/1.28,Yes,"Laser AF, color spectrum sensor, Hasselblad Color Calibration, LED flash, HDR, panorama, LUT preview","4K@30/60/120fps, 1080p@30/60/240fps; gyro-EIS; HDR, 10‑bit video, Dolby Vision, LOG",50.0,Yes,Panorama,"4K@30/60fps, 1080p@30/60fps, gyro-EIS","Wi-Fi 802.11 a/b/g/n/ac/6/7, dual-band or tri-band, Wi-Fi Direct",Yes,6.0,Type-C,No,"GPS (L1+L5), BDS (B1I+B1c+B2a+B2b), GALILEO (E1+E5a+E5b), QZSS (L1+L5), GLONASS, NavIC (L5)","Fingerprint (under display, ultrasonic), accelerometer, gyro, proximity, compass, barometer",7500,80,50,Yes,Active use score 21:57h,,1195.9,849.97,,2719560,9697,6808,1175,-26.6,"Silk White, Titanium Charcoal, Velvet Red","CPH2791, PLG110",,,No
Oukitel,Oukitel OT12,https://www.gsmarena.com/oukitel_ot12-13313.php,https://fdn2.gsmarena.com/vv/bigpic/oukitel-ot12.jpg,GSM / HSPA / LTE,No,"2024, September","Available. Released 2024, September",258.2 x 169.5 x 8.6 mm (10.17 x 6.67 x 0.34 in),535.0,,,Nano-SIM + Nano-SIM,"IPS LCD, 400 nits",,11.0,800x1280,137,80.2,Gorilla Glass 5,Android 14,Unisoc T606 (12 nm),12,Octa-core (2x1.6 GHz Cortex-A75 & 6x1.6 GHz Cortex-A55),Mali-G57 MP1,4,4,256,256,UFS 3.1,13.0,2,2.2,No,1/3.06,No,LED flash,1080p@30fps,5.0,No,,720p@30fps,"Wi-Fi 802.11 a/b/g/n/ac, dual-band",No,5.0,Type-C,Yes,"GPS, GLONASS, GALILEO, BDS",Accelerometer,8000,10,,No,,,180.0,,,,,,,,"Gray, Green, Purple",,,,FM radio
Oukitel,Oukitel G2,https://www.gsmarena.com/oukitel_g2-13312.php,https://fdn2.gsmarena.com/vv/bigpic/oukitel-g2-.jpg,GSM / HSPA / LTE,No,"2024, September","Available. Released 2024, September",166 x 81.1 x 15.1 mm (6.54 x 3.19 x 0.59 in),373.0,,IP68,Nano-SIM + Nano-SIM,IPS LCD,,6.0,576x1156,215,68.9,Gorilla Glass 5,Android 14,Unisoc T606 (12 nm),12,Octa-core (2x1.6 GHz Cortex-A75 & 6x1.6 GHz Cortex-A55),Mali-G57 MP1,4,4,64,64,UFS 2.0,13.0,2,2.2,No,1/3.06,No,LED flash,1080p@30fps,5.0,No,,720p@30fps,"Wi-Fi 802.11 a/b/g/n/ac, dual-band",No,5.0,Type-C,No,"GPS, GLONASS, GALILEO, BDS","Accelerometer, proximity, compass",6300,10,,No,,,110.0,,,,,,,,"Black, Green, Orange",,,,FM radio
Oukitel,Oukitel G1,https://www.gsmarena.com/oukitel_g1-13311.php,https://fdn2.gsmarena.com/vv/bigpic/oukitel-g1.jpg,GSM / HSPA / LTE,No,"2024, September","Available. Released 2024, September",174.2 x 82.3 x 17.4 mm (6.86 x 3.24 x 0.69 in),373.0,,IP68,Nano-SIM,"IPS LCD, 400 nits",,6.52,576x1280,215,71.6,Gorilla Glass 5,Android 14,Unisoc T606 (12 nm),12,Octa-core (2x1.6 GHz Cortex-A75 & 6x1.6 GHz Cortex-A55),Mali-G57 MP1,6,6,256,256,UFS 2.1,48.0,2,1.8,No,1/2.0,No,"LED flash, panorama",1080p@30fps,5.0,No,,720p@30fps,"Wi-Fi 802.11 a/b/g/n/ac, dual-band",Yes,5.0,Type-C,No,"GPS, GLONASS, GALILEO, BDS","Accelerometer, proximity, compass",10600,18,,No,,,160.0,,,,,,,,"Black, Orange, Green",,,,FM radio
Oukitel,Oukitel WP28 S,https://www.gsmarena.com/oukitel_wp28_s-13230.php,https://fdn2.gsmarena.com/vv/bigpic/oukitel-wp28s.jpg,GSM / HSPA / LTE,No,"2024, July","Available. Released 2024, August",174.2 x 82.3 x 17.4 mm (6.86 x 3.24 x 0.69 in),373.0,,IP68,Nano-SIM,IPS LCD,,6.52,720x1600,269,71.6,Gorilla Glass 5,Android 14,Unisoc T606 (12 nm),12,Octa-core (2x1.6 GHz Cortex-A75 & 6x1.6 GHz Cortex-A55),Mali-G57 MP1,4,4,128,128,UFS 2.1,13.0,1,2.2,No,1/3.06,No,"LED flash, panorama",1080p@30fps,5.0,No,,720p@30fps,"Wi-Fi 802.11 a/b/g/n/ac, dual-band",Yes,5.0,Type-C,No,"GPS, GLONASS, GALILEO, BDS","Accelerometer, proximity, compass",10600,18,,No,,,110.0,,,,,,,,"Black, Orange, Green",,,,FM radio
Oukitel,Oukitel WP28 E,https://www.gsmarena.com/oukitel_wp28_e-13229.php,https://fdn2.gsmarena.com/vv/bigpic/oukitel-wp28e.jpg,GSM / HSPA / LTE,No,"2024, July","Available. Released 2024, August",174.2 x 82.3 x 17.4 mm (6.86 x 3.24 x 0.69 in),373.0,,IP68,Nano-SIM,IPS LCD,,6.52,720x1600,269,71.6,Gorilla Glass 5,Android 14,Unisoc T606 (12 nm),12,Octa-core (2x1.6 GHz Cortex-A75 & 6x1.6 GHz Cortex-A55),Mali-G57 MP1,4,4,64,64,UFS 2.1,13.0,1,2.2,No,1/3.06,No,"LED flash, panorama",1080p@30fps,5.0,No,,720p@30fps,"Wi-Fi 802.11 a/b/g/n/ac, dual-band",Yes,5.0,Type-C,No,"GPS, GLONASS, GALILEO, BDS","Accelerometer, proximity, compass",10600,18,,No,,,,,,,,,,,"Black, Orange, Green",,,,FM radio
Oukitel,Oukitel C53,https://www.gsmarena.com/oukitel_c53-13228.php,https://fdn2.gsmarena.com/vv/bigpic/oukitel-c53.jpg,GSM / HSPA / LTE,No,"2024, June","Available. Released 2024, June",165.7 x 76.8 x 8.9 mm (6.52 x 3.02 x 0.35 in),215.0,,,Nano-SIM,"IPS LCD, 400 nits",,6.6,720x1612,267,82.2,Gorilla Glass 5,Android 14,Unisoc SC9863A (28 nm),28,Octa-core (4x1.6 GHz Cortex-A55 & 4x1.2 GHz Cortex-A55),IMG8322,4,4,64,64,UFS,13.0,1,2.2,No,1/3.06,No,"LED flash, panorama",1080p@30fps,5.0,No,,720p@30fps,Wi-Fi 802.11 a/b/g/n,No,4.2,Type-C,Yes,"GPS, GALILEO, GLONASS",Accelerometer,4000,,,No,,,,,,,,,,,"Grey, Blue, Purple, Green",,,,FM radio
Oukitel,Oukitel OT11,https://www.gsmarena.com/oukitel_ot11-13227.php,https://fdn2.gsmarena.com/vv/bigpic/oukitel-ot11.jpg,GSM / HSPA / LTE,No,"2024, May","Available. Released 2024, May",259 x 170.6 x 8.7 mm (10.20 x 6.72 x 0.34 in),524.0,,,Nano-SIM + Nano-SIM,"IPS LCD, 400 nits",,11.0,800x1280,137,79.4,Gorilla Glass 5,Android 14,Unisoc T606 (12 nm),12,Octa-core (2x1.6 GHz Cortex-A75 & 6x1.6 GHz Cortex-A55),Mali-G57 MP1,4,4,128,128,UFS,13.0,1,2.2,No,1/3.06,No,"LED flash, HDR",1080p@30fps,5.0,No,,720p@30fps,"Wi-Fi 802.11 a/b/g/n/ac, dual-band",No,5.2,Type-C,Yes,"GPS, GLONASS, GALILEO, BDS",Accelerometer,8000,10,,No,,,,,,,,,,,"Gray, Green, Blue",,,,FM radio
Oukitel,Oukitel WP32 Pro,https://www.gsmarena.com/oukitel_wp32_pro-13314.php,https://fdn2.gsmarena.com/vv/bigpic/oukitel-wp32-pro-.jpg,GSM / HSPA / LTE,No,"2024, May 20","Available. Released 2024, July",166 x 81.1 x 15 mm (6.54 x 3.19 x 0.59 in),300.0,,IP68,Nano-SIM + Nano-SIM,IPS LCD,,6.0,576x1152,215,69.0,Gorilla Glass 5,Android 14,Unisoc T606 (12 nm),12,Octa-core (2x1.6 GHz Cortex-A75 & 6x1.6 GHz Cortex-A55),Mali-G57 MP1,6,6,256,256,UFS 2.0,20.0,1,1.8,No,1/2.8,No,LED flash,1080p@30fps,5.0,No,,720p@30fps,"Wi-Fi 802.11 a/b/g/n/ac, dual-band",Yes,4.2,Type-C,Yes,"GPS, GLONASS, GALILEO, BDS","Accelerometer, proximity, compass",6300,10,,No,,,190.0,,,,,,,,"Black, Green, Orange",,,,FM radio
Oukitel,Oukitel WP52,https://www.gsmarena.com/oukitel_wp52-13193.php,https://fdn2.gsmarena.com/vv/bigpic/oukitel-wp52.jpg,GSM / HSPA / LTE / 5G,Yes,"2024, June 17","Available. Released 2024, June",172.2 x 80 x 12 mm (6.78 x 3.15 x 0.47 in),281.0,,IP68,Nano-SIM,"IPS LCD, 440 nits",,6.6,720x1612,267,76.0,Gorilla Glass 5,Android 14,Mediatek Dimensity 6100+ (6 nm),6,Octa-core (2x2.2 GHz Cortex-A76 & 6x2.0 GHz Cortex-A55),Mali-G57 MC2,4,4,256,256,,48.0,3,1.8,No,1/2.0,No,"LED flash, HDR, panorama","1440p@30fps, 1080p@30fps",8.0,No,,720p@30fps,"Wi-Fi 802.11 a/b/g/n/ac, dual-band",Yes,5.2,Type-C,No,"GPS, GALILEO, GLONASS, BDS","Fingerprint (side-mounted), accelerometer, proximity, compass",6500,18,,No,,,360.0,,,,,,,,Black/Blue,,,,FM radio
Oukitel,Oukitel WP39,https://www.gsmarena.com/oukitel_wp39-13189.php,https://fdn2.gsmarena.com/vv/bigpic/oukitel-wp39.jpg,GSM / HSPA / LTE / 5G,Yes,"2024, June 17","Available. Released 2024, June",172.2 x 81 x 15 mm (6.78 x 3.19 x 0.59 in),360.0,,IP68,Nano-SIM,"IPS LCD, 450 nits",,6.6,1080x2408,400,75.2,Gorilla Glass 5,Android 14,Mediatek Dimensity 6100+ (6 nm),6,Octa-core (2x2.2 GHz Cortex-A76 & 6x2.0 GHz Cortex-A55),Mali-G57 MC2,6,6,256,256,,64.0,3,1.9,No,1/1.73,No,"LED flash, HDR, panorama","1440p@30fps, 1080p@30fps",32.0,No,,1080p@30fps,"Wi-Fi 802.11 a/b/g/n/ac, dual-band",Yes,5.2,Type-C,No,"GPS, GALILEO, GLONASS, BDS","Fingerprint (side-mounted), accelerometer, gyro, proximity, compass",11000,18,,No,,,280.0,,,,,,,,"Gray, Green",,,,FM radio
Oukitel,Oukitel WP50,https://www.gsmarena.com/oukitel_wp50-13141.php,https://fdn2.gsmarena.com/vv/bigpic/oukitel-wp50.jpg,GSM / HSPA / LTE / 5G,Yes,"2024, June 17","Available. Released 2024, June",172.2 x 80 x 12.4 mm (6.78 x 3.15 x 0.49 in),281.0,,IP68,Nano-SIM,"IPS LCD, 440 nits",,6.6,720x1612,267,76.0,Gorilla Glass 5,Android 14,Mediatek Dimensity 6100+ (6 nm),6,Octa-core (2x2.2 GHz Cortex-A76 & 6x2.0 GHz Cortex-A55),Mali-G57 MC2,4,4,256,256,,48.0,3,1.8,No,1/2.0,No,"LED flash, HDR, panorama","1440p@30fps, 1080p@30fps",8.0,No,,720p@30fps,"Wi-Fi 802.11 a/b/g/n/ac, dual-band",Yes,5.2,Type-C,No,"GPS, GALILEO, GLONASS, BDS","Fingerprint (side-mounted), accelerometer, proximity, compass",6500,18,,No,,,290.0,,,,,,,,Black/Blue,,,,FM radio
Oukitel,Oukitel C50,https://www.gsmarena.com/oukitel_c50-13140.php,https://fdn2.gsmarena.com/vv/bigpic/oukitel-c50.jpg,GSM / HSPA / LTE / 5G,Yes,"2024, June 17","Available. Released 2024, June",167.5 x 77.7 x 9.2 mm (6.59 x 3.06 x 0.36 in),208.0,,,Nano-SIM,"IPS LCD, 400 nits",,6.8,720x1600,258,85.8,Gorilla Glass 5,Android 14,Mediatek Dimensity 6100+ (6 nm),6,Octa-core (2x2.2 GHz Cortex-A76 & 6x2.0 GHz Cortex-A55),Mali-G57 MC2,8,8,128,128,UFS 2.1,50.0,3,1.8,No,1/2.76,No,"LED flash, HDR, panorama",1080p@30fps,5.0,No,,720p@30fps,"Wi-Fi 802.11 a/b/g/n/ac, dual-band",No,5.2,Type-C,Yes,"GPS, GALILEO, GLONASS, BDS","Fingerprint (side-mounted), accelerometer, proximity",5150,10,,No,,,160.0,,,,,,,,"Grey, Green, Blue",,,,FM radio
Oukitel,Oukitel C37,https://www.gsmarena.com/oukitel_c37-13096.php,https://fdn2.gsmarena.com/vv/bigpic/oukitel-c37.jpg,GSM / HSPA / LTE,No,"2024, May","Available. Released 2024, May",164.3 x 75.5 x 8.8 mm (6.47 x 2.97 x 0.35 in),200.0,,,Nano-SIM + Nano-SIM,"IPS LCD, 480 nits",,6.6,1080x2408,400,84.6,Gorilla Glass 5,Android 13,Mediatek MT8788 (12 nm),12,Octa-core (4x2.0 GHz Cortex-A73 & 4x2.0 GHz Cortex-A53),Mali-G72 MP3,6,6,256,256,UFS 2.1,48.0,2,1.8,No,1/2.0,No,"LED flash, HDR, panorama",1080p@30fps,32.0,No,,1080p@30fps,"Wi-Fi 802.11 a/b/g/n/ac, dual-band",No,5.0,Type-C,No,"GPS, GALILEO, GLONASS","Fingerprint (side-mounted), accelerometer",5150,18,,No,,,120.0,,,,,,,,"Black, Green, Purple",,,,FM radio
Oukitel,Oukitel C38,https://www.gsmarena.com/oukitel_c38-13095.php,https://fdn2.gsmarena.com/vv/bigpic/oukitel-c38.jpg,GSM / HSPA / LTE,No,"2024, May","Available. Released 2024, June",164.3 x 75.5 x 8.8 mm (6.47 x 2.97 x 0.35 in),200.0,,,Nano-SIM + Nano-SIM,"IPS LCD, 480 nits",,6.6,1080x2408,400,84.6,Gorilla Glass 5,Android 13,Mediatek MT8788 (12 nm),12,Octa-core (4x2.0 GHz Cortex-A73 & 4x2.0 GHz Cortex-A53),Mali-G72 MP3,6,6,256,256,UFS 2.1,48.0,3,1.8,No,1/2.0,No,"LED flash, HDR, panorama",1080p@30fps,32.0,No,,1080p@30fps,"Wi-Fi 802.11 a/b/g/n/ac, dual-band",No,5.0,Type-C,No,"GPS, GALILEO, GLONASS","Fingerprint (side-mounted), accelerometer",5150,18,,No,,,140.0,,,,,,,,"Black, White, Green",,,,FM radio
Oukitel,Oukitel C51,https://www.gsmarena.com/oukitel_c51-13094.php,https://fdn2.gsmarena.com/vv/bigpic/oukitel-c51.jpg,GSM / HSPA / LTE,No,"2024, May","Available. Released 2024, June",168.1 x 78.2 x 9.4 mm (6.62 x 3.08 x 0.37 in),205.0,,,Nano-SIM,"IPS LCD, 450 nits",,6.8,720x1600,258,84.9,Gorilla Glass 5,Android 13,Unisoc T606 (12 nm),12,Octa-core (2x1.6 GHz Cortex-A75 & 6x1.6 GHz Cortex-A55),Mali-G57 MP1,6,6,128,128,UFS,13.0,1,2.2,No,1/3.06,No,"LED flash, panorama",1080p@30fps,5.0,No,,Yes,"Wi-Fi 802.11 a/b/g/n/ac, dual-band",No,5.0,Type-C,Yes,"GPS, GALILEO, GLONASS, BDS","Fingerprint (side-mounted), accelerometer, proximity",5150,10,,No,,,,,,,,,,,"Gray, Blue, Purple",,,,FM radio
Oukitel,Oukitel WP38,https://www.gsmarena.com/oukitel_wp38-13093.php,https://fdn2.gsmarena.com/vv/bigpic/oukitel-wp38.jpg,GSM / HSPA / LTE,No,"2024, May","Available. Released 2024, June",172.2 x 80.7 x 17.1 mm (6.78 x 3.18 x 0.67 in),366.0,,IP68,Nano-SIM,"IPS LCD, 400 nits",,6.52,720x1600,269,73.9,Gorilla Glass 5,Android 13,Mediatek MT8788 (12 nm),12,Octa-core (4x2.0 GHz Cortex-A73 & 4x2.0 GHz Cortex-A53),Mali-G72 MP3,6,6,256,256,UFS 2.1,13.0,2,2.2,No,1/3.1,No,"LED flash, panorama",1080p@30fps,5.0,No,,1080p@30fps,"Wi-Fi 802.11 a/b/g/n/ac, dual-band",Yes,4.2,Type-C,No,"GPS, GLONASS, GALILEO","Fingerprint (rear-mounted), accelerometer, proximity, compass",10600,18,,No,,,,,,,,,,,"Black, Gray, Green",,,,FM radio
Oukitel,Oukitel WP35,https://www.gsmarena.com/oukitel_wp35-13009.php,https://fdn2.gsmarena.com/vv/bigpic/oukitel-wp35.jpg,GSM / HSPA / LTE / 5G,Yes,"2024, May 13","Available. Released 2024, May",172.2 x 81 x 14.9 mm (6.78 x 3.19 x 0.59 in),360.0,,IP68,Nano-SIM,"IPS LCD, 450 nits",,6.6,1080x2408,400,75.2,Gorilla Glass 5,Android 14,Mediatek Dimensity 6100+ (6 nm),6,Octa-core (2x2.2 GHz Cortex-A76 & 6x2.0 GHz Cortex-A55),Mali-G57 MC2,8,8,256,256,UFS 2.2,64.0,2,1.9,No,1/1.73,No,"LED flash, HDR, panorama","1440p@30fps, 1080p@30fps",32.0,No,,1080p@30fps,"Wi-Fi 802.11 a/b/g/n/ac, dual-band",Yes,5.2,Type-C,No,"GPS, GLONASS, GALILEO, BDS","Fingerprint (side-mounted), accelerometer, gyro, proximity, compass",11000,18,,No,,,320.0,,,,,,,,"Gray, Green, Caramel",,,,FM radio
Oukitel,Oukitel BT80,https://www.gsmarena.com/oukitel_bt80-12972.php,https://fdn2.gsmarena.com/vv/bigpic/oukitel-bt80.jpg,No cellular connectivity,No,"2024, April","Available. Released 2024, May",52.7 x 44.5 x 14.2 mm (2.07 x 1.75 x 0.56 in),,,,No,AMOLED,,2.13,410x502,304,,Tempered glass,Proprietary OS,,,,,,,,,,,,,No,,No,,,,No,,,No,No,5.2,No,No,No,"Accelerometer, heart rate, SpO2, blood pressure, barometer, compass",1000,,,No,,,70.0,,,,,,,,"Black, Titanium",,,,No
Oukitel,Oukitel RT8,https://www.gsmarena.com/oukitel_rt8-12895.php,https://fdn2.gsmarena.com/vv/bigpic/oukitel-rt8-.jpg,GSM / CDMA / HSPA / LTE,No,"2024, March","Available. Released 2024, March",265.1 x 176.7 x 15.1 mm (10.44 x 6.96 x 0.59 in),996.7,,IP68,Nano-SIM + Nano-SIM,"IPS LCD, 500 nits",,11.0,1200x1920,206,74.9,Gorilla Glass 5,Android 13,Mediatek Helio G99 (6 nm),6,Octa-core (2x2.2 GHz Cortex-A76 & 6x2.0 GHz Cortex-A55),Mali-G57 MC2,6,6,256,256,UFS 2.2,48.0,3,1.8,No,1/2,No,"LED flash, HDR, panorama","1440p@30fps, 1080p@30fps",32.0,No,,1080p@30fps,"Wi-Fi 802.11 a/b/g/n/ac, dual-band",Yes,5.1,Type-C,No,"GPS, GLONASS, GALILEO, BDS","Accelerometer, gyro, proximity, compass",20000,33,,No,,,280.0,,,,,,,,"Black, Black/Orange",,,,FM radio
Oukitel,Oukitel WP36,https://www.gsmarena.com/oukitel_wp36-12894.php,https://fdn2.gsmarena.com/vv/bigpic/oukitel-wp36-1.jpg,GSM / CDMA / HSPA / LTE,No,"2024, January 06","Available. Released 2024, January",172.2 x 80.7 x 19.1 mm (6.78 x 3.18 x 0.75 in),393.7,,IP68,Nano-SIM + Nano-SIM,"IPS LCD, 400 nits",,6.52,720x1600,269,73.9,Gorilla Glass 5,Android 13,Mediatek MT8788 (12 nm),12,Octa-core (4x2.0 GHz Cortex-A73 & 4x2.0 GHz Cortex-A53),Mali-G72 MP3,8,8,128,128,UFS 2.1,13.0,2,2.2,No,1/3.1,No,LED flash,1080p@30fps,5.0,No,,1080p@30fps,"Wi-Fi 802.11 a/b/g/n/ac, dual-band",Yes,4.2,Type-C,No,"GPS, GLONASS, GALILEO, BDS","Fingerprint (side-mounted), accelerometer, gyro, proximity, compass",10600,15,,No,,,190.0,,,,,,,,"Black,",,,,FM radio
Oukitel,Oukitel OT6,https://www.gsmarena.com/oukitel_ot6-12893.php,https://fdn2.gsmarena.com/vv/bigpic/oukitel-ot6.jpg,No cellular connectivity,No,"2024, March","Available. Released 2024, March",246.1 x 162.8 x 9.6 mm (9.69 x 6.41 x 0.38 in),553.0,,,No,"IPS LCD, 330 nits",,10.1,800x1280,149,73.8,Mohs level 4,Android 13,RK3562 (22 nm),22,Quad-core 2.0 GHz Cortex-A53,Mali-G52 2EE,4,4,64,64,eMMC 5.1,5.0,1,2.0,No,,No,LED flash,Yes,2.0,No,,Yes,"Wi-Fi 802.11 a/b/g/n/ac/6, dual-band",No,5.0,Type-C,Yes,No,Accelerometer,8000,10,,No,,,90.0,,,,,,,,"Green, Gray, Purple",,,,No
Oukitel,Oukitel WP33 Pro,https://www.gsmarena.com/oukitel_wp33_pro-12781.php,https://fdn2.gsmarena.com/vv/bigpic/oukitel-wp33pro-1.jpg,GSM / CDMA / HSPA / LTE / 5G,Yes,"2024, January 06","Available. Released 2024, January",175.4 x 84 x 27.2 mm (6.91 x 3.31 x 1.07 in),577.5,,IP68,Nano-SIM + eSIM,"IPS LCD, 450 nits",,6.6,1080x2408,400,71.2,Gorilla Glass 5,Android 13,Mediatek Dimensity 6100+ (6 nm),6,Octa-core (2x2.2 GHz Cortex-A76 & 6x2.0 GHz Cortex-A55),Mali-G57 MC2,8,8,256,256,UFS 2.2,64.0,3,1.9,No,1/1.73,No,"LED flash, HDR, panorama","1440p@30fps, 1080p@30fps",32.0,No,,1080p@30fps,"Wi-Fi 802.11 a/b/g/n/ac, dual-band",Yes,5.2,Type-C,No,"GPS, GLONASS, GALILEO, BDS","Fingerprint (side-mounted), accelerometer, gyro, proximity, compass",22000,33,,No,,,400.0,,,,,,,,Black,,,,FM radio
Oukitel,Oukitel OT8,https://www.gsmarena.com/oukitel_ot8-12782.php,https://fdn2.gsmarena.com/vv/bigpic/oukitel-ot8.jpg,GSM / HSPA / LTE,No,"2024, January 06","Available. Released 2024, January",256.8 x 168.3 x 7.8 mm (10.11 x 6.63 x 0.31 in),515.0,,,Nano-SIM + Nano-SIM,"IPS LCD, 350 nits",,11.0,1200x1920,206,81.2,Gorilla Glass 5,Android 13,Unisoc T606 (12 nm),12,Octa-core (2x1.6 GHz Cortex-A75 & 6x1.6 GHz Cortex-A55),Mali-G57 MP1,6,6,256,256,UFS 2.2,13.0,1,2.2,No,1/3.06,No,"LED flash, panorama, HDR",1080p@30fps,8.0,No,HDR,720p@30fps,"Wi-Fi 802.11 a/b/g/n/ac, dual-band",No,5.0,Type-C,Yes,"GPS, GLONASS, GALILEO, BDS",Accelerometer,8800,18,,No,,,170.0,,,,,,,,"Gray, Green, Purple",,,,No
Oukitel,Oukitel WP30 Pro,https://www.gsmarena.com/oukitel_wp30_pro-12669.php,https://fdn2.gsmarena.com/vv/bigpic/oukitel-wp30-pro.jpg,GSM / CDMA / HSPA / LTE / 5G,Yes,"2023, October","Available. Released 2023, November 11",177.4 x 83.6 x 19 mm (6.98 x 3.29 x 0.75 in),413.8,,IP68,Nano-SIM + eSIM,"IPS LCD, 120Hz, 430 nits",120,6.78,1080x2460,396,73.6,Gorilla Glass 5,Android 13,Mediatek Dimensity 8050 (6 nm),6,Octa-core (1x3.0 GHz Cortex-A78 & 3x2.6 GHz Cortex-A78 & 4x2.0 GHz Cortex-A55),Mali-G77 MC9,12,12,512,512,UFS 3.1,108.0,3,1.9,No,1/1.33,Yes,"LED flash, HDR, panorama","4K@30fps, 1080p@30fps",32.0,No,,1080p@30fps,"Wi-Fi 802.11 a/b/g/n/ac/6, dual-band",Yes,5.2,Type-C,No,"GPS (L1+L5), GLONASS, GALILEO, BDS","Fingerprint (side-mounted), accelerometer, gyro, proximity, compass",11000,120,,No,,,500.0,,,,,,,,Black,,,,Unspecified
Oukitel,Oukitel OT5,https://www.gsmarena.com/oukitel_ot5-12670.php,https://fdn2.gsmarena.com/vv/bigpic/oukitel-ot5-.jpg,GSM / HSPA / LTE,No,"2023, October","Available. Released 2023, November 11",278.5 x 174 x 7.5 mm (10.96 x 6.85 x 0.30 in),560.0,,,Nano-SIM + Nano-SIM,"IPS LCD, 300 nits",,12.0,1200x2000,194,84.6,Gorilla Glass 5,Android 13,Mediatek Helio G99 (6 nm),6,Octa-core (2x2.2 GHz Cortex-A76 & 6x2.0 GHz Cortex-A55),Mali-G57 MC2,12,12,256,256,UFS,16.0,2,2.2,No,1/3.1,No,LED flash,1080p@30fps,8.0,No,,1080p@30fps,"Wi-Fi 802.11 b/g/n/ac, dual-band",No,5.2,Type-C,Yes,"GPS, GLONASS, GALILEO, BDS","Accelerometer, gyro, proximity, compass",11000,18,,No,,,200.0,,,,,,,,"Gray, Green, Blue",,,,FM radio
Oukitel,Oukitel RT7 5G,https://www.gsmarena.com/oukitel_rt7_5g-12672.php,https://fdn2.gsmarena.com/vv/bigpic/oukitel-rt7-.jpg,GSM / HSPA / LTE,No,"2023, August","Available. Released 2023, September",249.1 x 167.8 x 19.8 mm (9.81 x 6.61 x 0.78 in),1212.0,,IP68,Nano-SIM + Nano-SIM,"IPS LCD, 400 nits",,10.1,1200x1920,224,70.8,Mohs level 5,Android 13,Mediatek Dimensity 720 (7 nm),7,Octa-core (2x2.0 GHz Cortex-A76 & 6x2.0 GHz Cortex-A55),Mali-G57 MC3,12,12,256,256,UFS 2.2,48.0,3,1.8,No,1/2,No,"LED flash, HDR, panorama",1080p@30fps,32.0,No,,1080p@30fps,"Wi-Fi 802.11 a/b/g/n/ac, dual-band",Yes,5.1,Type-C,No,"GPS, GLONASS, GALILEO, BDS","Fingerprint (rear-mounted), accelerometer, gyro, proximity, compass",32000,33,,No,,,470.0,,,,,,,,"Black, Blue",,,,FM radio
Oukitel,Oukitel WP32,https://www.gsmarena.com/oukitel_wp32-12649.php,https://fdn2.gsmarena.com/vv/bigpic/oukitel-wp32-.jpg,GSM / HSPA / LTE,No,"2023, October","Available. Released 2023, November 01",166 x 81.1 x 15.1 mm (6.54 x 3.19 x 0.59 in),297.0,,IP68,Nano-SIM + Nano-SIM,IPS LCD,,5.93,720x1440,271,67.4,Mohs level 5,Android 13,Unisoc UMS9230,,Octa-core 2.0 GHz,Mali-G57 MP1,4,4,128,128,,20.0,2,,No,,No,LED flash,1080p@30fps,5.0,No,,Yes,Yes,Yes,,Type-C,No,"GPS, GLONASS, GALILEO, BDS",,6300,,,No,,,150.0,,,,,,,,"Gray, Orange, Green",,,,Unspecified
Oukitel,Oukitel WP23Pro,https://www.gsmarena.com/oukitel_wp23pro-12650.php,https://fdn2.gsmarena.com/vv/bigpic/oukitel-wp23pro.jpg,GSM / HSPA / LTE,No,2023,Available. Released 2023,-,,,IP68,Nano-SIM + Nano-SIM,"IPS LCD, 400 nits (typ)",,6.52,720x1600,269,,Mohs level 5,Android 13,Unisoc T606 (12 nm),12,Octa-core (2x1.6 GHz Cortex-A75 & 6x1.6 GHz Cortex-A55),Mali-G57 MP1,8,8,128,128,,13.0,3,,No,,No,LED flash,1080p@30fps,5.0,No,,Yes,Yes,Yes,5.0,Type-C,No,"GPS, GLONASS, GALILEO, BDS","Fingerprint (rear-mounted), accelerometer, compass",10600,,,No,,,130.0,,,,,,,,"Black, Orange, Green",,,,Unspecified
Oukitel,Oukitel WP27,https://www.gsmarena.com/oukitel_wp27-12651.php,https://fdn2.gsmarena.com/vv/bigpic/oukitel-wp27.jpg,GSM / HSPA / LTE,No,"2023, September","Available. Released 2023, September",-,,,IP68,Nano-SIM + Nano-SIM,"IPS LCD, 120Hz",120,6.8,1080x2460,395,,,Android 13,Mediatek Helio G99 (6 nm),6,Octa-core (2x2.2 GHz Cortex-A76 & 6x2.0 GHz Cortex-A55),Mali-G57 MC2,12,12,256,256,,64.0,3,,No,,Yes,"LED flash, panorama","4K@30fps, 1080p@30fps",16.0,No,,Yes,Yes,Yes,,Type-C,No,"GPS, GLONASS, GALILEO, BDS",Unspecified,8500,,,No,,,280.0,,,,,,,,"Blue, Camo, Camouflage",,,,Unspecified
Oukitel,Oukitel BT50,https://www.gsmarena.com/oukitel_bt50-12944.php,https://fdn2.gsmarena.com/vv/bigpic/oukitel-bt50.jpg,No cellular connectivity,No,"2024, January 15","Available. Released 2024, January",51.2 x 51.2 x 13 mm (2.02 x 2.02 x 0.51 in),76.0,,IP68,No,"AMOLED, 600 nits",,1.43,466x466,326,,,Proprietary OS,,,,,,,,,,,,,No,,No,,,,No,,,No,No,5.2,No,No,No,"Accelerometer, heart rate, SpO2",400,,,No,,,100.0,,,,,,,,"Silver, Gray",,,,No
Oukitel,Oukitel BT10,https://www.gsmarena.com/oukitel_bt10-12678.php,https://fdn2.gsmarena.com/vv/bigpic/oukitel-bt10-.jpg,No cellular connectivity,No,"2023, September","Available. Released 2023, September",48.7 x 48.7 x 12.6 mm (1.92 x 1.92 x 0.50 in),,,IP68,No,AMOLED,,1.43,466x466,326,,,Proprietary OS,,,,,,,,,,,,,No,,No,,,,No,,,No,No,,No,No,No,"Accelerometer, heart rate, SpO2",410,,,No,,,80.0,,,,,,,,"Black, Orange",,,,No
Oukitel,Oukitel BT20,https://www.gsmarena.com/oukitel_bt20-12679.php,https://fdn2.gsmarena.com/vv/bigpic/oukitel-bt20-.jpg,No cellular connectivity,No,"2023, August","Available. Released 2023, August",-,,,IP68,No,AMOLED,,1.96,410x502,331,,,Proprietary OS,,,,,,,,,,,,,No,,No,,,,No,,,No,No,5.2,No,No,No,"Accelerometer, heart rate, SpO2",350,,,No,,,80.0,,,,,,,,Black,,,,No
Oukitel,Oukitel WP28,https://www.gsmarena.com/oukitel_wp28-12652.php,https://fdn2.gsmarena.com/vv/bigpic/oukitel-wp28-.jpg,GSM / HSPA / LTE,No,"2023, July","Available. Released 2023, July",-,,,IP68,Nano-SIM + Nano-SIM,IPS LCD,,6.52,720x1600,269,,Corning Gorilla Glass,Android 13,,,,,8,8,256,256,,48.0,2,,No,,No,LED flash,1080p@30fps,5.0,No,,Yes,Yes,No,,Type-C,No,"GPS, GLONASS, GALILEO, BDS",Unspecified,10600,18,,No,,,200.0,,,,,,,,"Black, Orange, Green",,,,Unspecified
Oukitel,Oukitel WP26,https://www.gsmarena.com/oukitel_wp26-12653.php,https://fdn2.gsmarena.com/vv/bigpic/oukitel-wp26-.jpg,GSM / HSPA / LTE,No,"2023, June","Available. Released 2023, June",-,,,IP68,Nano-SIM + Nano-SIM,"IPS LCD, 480 nits",,6.58,1080x2408,401,,,Android 13,Mediatek MT6779 Helio P90 (12 nm),12,Octa-core (2x2.2 GHz Cortex-A75 & 6x2.0 GHz Cortex-A55),PowerVR GM9446,16,16,256,256,,48.0,3,1.8,No,,No,LED flash,1080p@30fps,16.0,No,,Yes,Yes,Yes,5.0,Type-C,No,"GPS, GLONASS, GALILEO, BDS",Fingerprint (side-mounted); unspecified sensors,10000,,,No,,,280.0,,,,,,,,Black,,,,Unspecified
Oukitel,Oukitel RT6,https://www.gsmarena.com/oukitel_rt6-12673.php,https://fdn2.gsmarena.com/vv/bigpic/oukitel-rt6-.jpg,GSM / HSPA / LTE,No,"2023, July","Available. Released 2023, July",249.1 x 167.8 x 17.3 mm (9.81 x 6.61 x 0.68 in),1030.0,,IP68,Nano-SIM + Nano-SIM,"IPS LCD, 350 nits",,10.1,1200x1920,224,70.8,Mohs level 5,Android 13,Mediatek MT8788 (12 nm),12,Octa-core (4x2.0 GHz Cortex-A73 & 4x2.0 GHz Cortex-A53),Mali-G72 MP3,8,8,256,256,UFS 2.1,16.0,1,2.0,No,,No,LED flash,1080p@30fps,16.0,No,,720p@30fps,"Wi-Fi 802.11 a/b/g/n/ac, dual-band",No,4.2,Type-C,No,"GPS, GLONASS, GALILEO, BDS","Accelerometer, gyro, proximity, compass",20000,33,,No,,,350.0,,,,,,,,"Black, Orange",,,,Unspecified
Oukitel,Oukitel OKT3,https://www.gsmarena.com/oukitel_okt3-12671.php,https://fdn2.gsmarena.com/vv/bigpic/oukitel-okt3-1.jpg,GSM / HSPA / LTE,No,"2023, June","Available. Released 2023, June",7.4 mm thickness,509.0,,,Nano-SIM + Nano-SIM,IPS LCD,,10.51,1200x1920,215,,Mohs level 5,Android 13,Unisoc Tiger T616 (12 nm),12,Octa-core (2x2.0 GHz Cortex-A75 & 6x1.8 GHz Cortex-A55),Mali-G57 MP1,8,8,256,256,,16.0,2,2.2,No,1/3.1,No,"LED flash, HDR, panorama",1080p@30fps,8.0,No,,1080p@30fps,Yes,No,,Type-C,Yes,"GPS, GLONASS, GALILEO, BDS",Unspecified,8250,,,No,,,220.0,,,,,,,,"Gray, Silver, Blue",,,,Unspecified
Oukitel,Oukitel RT5,https://www.gsmarena.com/oukitel_rt5-12674.php,https://fdn2.gsmarena.com/vv/bigpic/oukitel-rt5-.jpg,GSM / HSPA / LTE,No,"2023, May","Available. Released 2023, May",251.2 x 170 x 14.2 mm (9.89 x 6.69 x 0.56 in),860.0,,IP68,Nano-SIM + Nano-SIM,"IPS LCD, 400 nits",,10.1,1200x1920,224,69.3,,Android,Mediatek MT8788 (12 nm),12,Octa-core (4x2.0 GHz Cortex-A73 & 4x2.0 GHz Cortex-A53),Mali-G72 MP3,14,14,256,256,,16.0,1,2.2,No,1/3.1,No,LED flash,1080p@30fps,16.0,No,,Yes,"Wi-Fi 802.11 a/b/g/n/ac, dual-band",No,4.2,Type-C,No,"GPS, GLONASS, GALILEO, BDS","Accelerometer, gyro, compass",10000,18,,No,,,270.0,,,,,,,,"Black, Orange",,,,Unspecified
Oukitel,Oukitel WP23,https://www.gsmarena.com/oukitel_wp23-12654.php,https://fdn2.gsmarena.com/vv/bigpic/oukitel-wp23.jpg,GSM / HSPA / LTE,No,"2023, April","Available. Released 2023, April",-,,,IP68,Nano-SIM + Nano-SIM,"IPS LCD, 400 nits",,6.52,720x1600,269,,Mohs level 5,Android 13,Mediatek MT6765 Helio P35 (12 nm),12,Octa-core (4x2.35 GHz Cortex-A53 & 4x1.8 GHz Cortex-A53),PowerVR GE8320,4,4,64,64,,13.0,2,,No,,No,LED flash,1080p@30fps,5.0,No,,Yes,Yes,Yes,5.0,Type-C,No,"GPS, GLONASS, GALILEO, BDS","Fingerprint (rear-mounted), accelerometer, compass",10600,,,No,,,160.0,,,,,,,,"Black, Orange, Green",,,,Unspecified
Oukitel,Oukitel WP22,https://www.gsmarena.com/oukitel_wp22-12655.php,https://fdn2.gsmarena.com/vv/bigpic/oukitel-wp22-.jpg,GSM / HSPA / LTE,No,"2023, March","Available. Released 2023, March",-,,,IP68,Nano-SIM + Nano-SIM,"IPS LCD, 480 nits",,6.58,1080x2408,401,,,Android 13,Mediatek MT6779 Helio P90 (12 nm),12,Octa-core (2x2.2 GHz Cortex-A75 & 6x2.0 GHz Cortex-A55),PowerVR GM9446,8,8,256,256,,48.0,3,1.8,No,,Yes,Dual-LED flash,"4K@30fps, 1080p@30fps",16.0,No,,Yes,Yes,Yes,5.0,Type-C,No,"GPS, GLONASS, GALILEO, BDS","Fingerprint (side-mounted), accelerometer, proximity",10000,,,No,,,240.0,,,,,,,,Black,,,,Wireless FM radio
Oukitel,Oukitel WP21 Ultra,https://www.gsmarena.com/oukitel_wp21_ultra-12656.php,https://fdn2.gsmarena.com/vv/bigpic/oukitel-wp21-ultra-1.jpg,GSM / HSPA / LTE,No,"2023, March","Available. Released 2023, March",-,,,IP68,Nano-SIM + Nano-SIM,"IPS LCD, 120Hz",120,6.78,1080x2460,396,,,Android 13,Mediatek Helio G99 (6 nm),6,Octa-core (2x2.2 GHz Cortex-A76 & 6x2.0 GHz Cortex-A55),Mali-G57 MC2,12,12,256,256,UFS 2.2,64.0,3,1.9,No,,No,LED flash,1080p@30fps,20.0,No,,Yes,Yes,Yes,5.2,Type-C,No,"GPS, GLONASS, GALILEO, BDS",Unspecified,9800,66,,No,,,470.0,,,,,,,,Black,,,,Unspecified
Oukitel,Oukitel C36,https://www.gsmarena.com/oukitel_c36-12657.php,https://fdn2.gsmarena.com/vv/bigpic/oukitel-c36.jpg,GSM / HSPA / LTE,No,"2023, September","Available. Released 2023, September",163.8 x 75.4 x 9.2 mm (6.45 x 2.97 x 0.36 in),199.0,,,Nano-SIM + Nano-SIM,"IPS LCD, 400 nits",,6.56,720x1612,269,83.7,,Android 13,Unisoc T606 (12 nm),12,Octa-core (2x1.6 GHz Cortex-A75 & 6x1.6 GHz Cortex-A55),Mali-G57 MP1,4,4,128,128,eMMC,13.0,2,2.2,No,1/3.0,No,"Dual-LED flash, panorama",1080p@30fps,5.0,No,,720p@30fps,"Wi-Fi 802.11 a/b/g/n/ac, dual-band",No,5.1,Type-C,Yes,"GPS, GLONASS, GALILEO, BDS","Fingerprint (side-mounted), accelerometer, proximity",5150,10,,No,,,110.0,,,,,,,,"Black, Green, Light Blue",,,,Unspecified
Oukitel,Oukitel C35,https://www.gsmarena.com/oukitel_c35-12658.php,https://fdn2.gsmarena.com/vv/bigpic/oukitel-c35-1.jpg,GSM / HSPA / LTE,No,"2023, August","Available. Released 2023, August",163.8 x 75.4 x 9.2 mm (6.45 x 2.97 x 0.36 in),199.0,,,Nano-SIM + Nano-SIM,"IPS LCD, 400 nits",,6.56,720x1600,267,84.1,,Android 13,Unisoc Tiger T616 (12 nm),12,Octa-core (2x2.0 GHz Cortex-A75 & 6x1.8 GHz Cortex-A55),Mali-G57 MP1,12,12,256,256,eMMC,50.0,2,,No,,No,"Dual-LED flash, panorama",1080p@30fps,8.0,No,,Yes,"Wi-Fi 802.11 a/b/g/n/ac, dual-band",No,5.1,Type-C,Yes,"GPS, GLONASS, GALILEO, BDS","Fingerprint (side-mounted), accelerometer, proximity",5150,10,,No,,,190.0,,,,,,,,"Black, Green, Light Blue",,,,Unspecified
Oukitel,Oukitel K16,https://www.gsmarena.com/oukitel_k16-12659.php,https://fdn2.gsmarena.com/vv/bigpic/oukitel-k16.jpg,GSM / HSPA / LTE,No,"2023, March","Available. Released 2023, March",-,,Leather,,Nano-SIM + Nano-SIM,"IPS LCD, 400 nits",,3.5,720x1280,420,,,Android 13,Mediatek MT8788 (12 nm),12,Octa-core (4x2.0 GHz Cortex-A73 & 4x2.0 GHz Cortex-A53),,8,8,128,128,,48.0,1,1.8,No,,No,LED flash,1080p@30fps,8.0,No,,Yes,Yes,No,,Yes,No,"GPS, GLONASS, GALILEO",Unspecified,3050,,,No,,,140.0,,,,,,,,"Black, Brown",,,,Unspecified
Oukitel,Oukitel C33,https://www.gsmarena.com/oukitel_c33-12660.php,https://fdn2.gsmarena.com/vv/bigpic/oukitel-c33-.jpg,GSM / HSPA / LTE,No,"2023, May","Available. Released 2023, May",9.8 mm thickness,210.0,,,Nano-SIM + Nano-SIM,"IPS LCD, 450 nits",,6.8,720x1600,258,,,Android 13,Unisoc T606 (12 nm),12,Octa-core (2x1.6 GHz Cortex-A75 & 6x1.6 GHz Cortex-A55),Mali-G57 MP1,8,8,256,256,,50.0,3,,No,,No,"LED flash, panorama",1080p@30fps,5.0,No,,Yes,Yes,No,5.0,Type-C,Yes,"GPS, GLONASS, GALILEO, BDS",Fingerprint (rear-mounted); unspecified sensors,5150,,,No,,,160.0,,,,,,,,"Gray, Blue, Orange",,,,Unspecified
Oukitel,Oukitel C32,https://www.gsmarena.com/oukitel_c32-12661.php,https://fdn2.gsmarena.com/vv/bigpic/oukitel-c32.jpg,GSM / HSPA / LTE,No,"2023, January","Available. Released 2023, January",9.2 mm thickness,198.0,,,Nano-SIM + Nano-SIM,"IPS LCD, 440 nits",,6.52,720x1600,269,,,Android 12,Unisoc T606 (12 nm),12,Octa-core (2x1.6 GHz Cortex-A75 & 6x1.6 GHz Cortex-A55),Mali-G57 MP1,8,8,128,128,,20.0,3,1.8,No,,No,"LED flash, panorama",1080p@30fps,5.0,No,,Yes,Yes,No,,Type-C,Yes,"GPS, GLONASS, GALILEO, BDS",Fingerprint (side-mounted); unspecified sensors,5150,,,No,,,150.0,,,,,,,,"Blue, Purple, Black",,,,Unspecified
Oukitel,Oukitel C31 Pro,https://www.gsmarena.com/oukitel_c31_pro-12662.php,https://fdn2.gsmarena.com/vv/bigpic/oukitel-c31-pro.jpg,GSM / HSPA / LTE,No,"2022, December","Available. Released 2022, December",9.5 mm thickness,212.0,,,Nano-SIM + Nano-SIM,"IPS LCD, 400 nits",,6.52,720x1600,269,,,Android 12,Mediatek MT6762 Helio P22 (12 nm),12,Octa-core 2.0 GHz Cortex-A53,PowerVR GE8320,4,4,64,64,,13.0,3,,No,,No,LED flash,1080p@30fps,5.0,No,,Yes,Yes,No,,Type-C,Yes,"GPS, GLONASS, GALILEO, BDS",Fingerprint (rear-mounted); unspecified sensors,5150,,,No,,,110.0,,,,,,,,"Blue, Purple, Black",,,,Unspecified
Oukitel,Oukitel C31,https://www.gsmarena.com/oukitel_c31-12663.php,https://fdn2.gsmarena.com/vv/bigpic/oukitel-c31-.jpg,GSM / HSPA / LTE,No,"2022, August","Available. Released 2022, August",9.5 mm thickness,207.0,,,Nano-SIM + Nano-SIM,"IPS LCD, 400 nits",,6.52,720x1600,269,,,Android 12,Mediatek MT6761 Helio A22 (12 nm),12,Quad-core 2.0 GHz Cortex-A53,PowerVR GE8320,3,3,16,16,,13.0,3,,No,,No,LED flash,1080p@30fps,5.0,No,,Yes,Yes,No,,Type-C,Yes,"GPS, GLONASS, GALILEO, BDS",Fingerprint (rear-mounted); unspecified sensors,5150,,,No,,,110.0,,,,,,,,"Blue, Purple, Black",,,,Unspecified
Oukitel,Oukitel WP20,https://www.gsmarena.com/oukitel_wp20-12664.php,https://fdn2.gsmarena.com/vv/bigpic/oukitel-wp20-.jpg,GSM / HSPA / LTE,No,"2022, June","Available. Released 2022, June",166.2 x 81.2 x 15.5 mm (6.54 x 3.20 x 0.61 in),297.0,,IP68,Nano-SIM + Nano-SIM,IPS LCD,,5.93,720x1440,271,67.2,,Android 12,Mediatek MT6761 Helio A22 (12 nm),12,Quad-core 2.0 GHz Cortex-A53,PowerVR GE8320,4,4,32,32,,20.0,2,,No,,No,LED flash,1080p@30fps,5.0,No,,Yes,Yes,No,,Yes,No,"GPS, GLONASS, GALILEO, BDS",Unspecified,6300,,,No,,,140.0,,,,,,,,"Black, Orange, Green",,,,Unspecified
Oukitel,Oukitel WP19,https://www.gsmarena.com/oukitel_wp19-12665.php,https://fdn2.gsmarena.com/vv/bigpic/oukitel-wp19-.jpg,GSM / HSPA / LTE,No,"2022, June","Available. Released 2022, July",-,,,IP68,Nano-SIM + Nano-SIM,"IPS LCD, 90Hz",90,6.78,1080x2460,396,,,Android 12,Mediatek MT6785V/CD Helio G95 (12 nm),12,Octa-core (2x2.05 GHz Cortex-A76 & 6x2.0 GHz Cortex-A55),Mali-G76 MC4,8,8,256,256,,64.0,3,1.8,No,,Yes,"LED flash, panorama","4K@30fps, 1080p@30fps",16.0,No,,Yes,Yes,Yes,,Type-C,No,"GPS, GLONASS, GALILEO, BDS",Unspecified,21000,33,,No,,,380.0,,,,,,,,"Blue, Camo, Camouflage",,,,Unspecified
Oukitel,Oukitel WP17,https://www.gsmarena.com/oukitel_wp17-12666.php,https://fdn2.gsmarena.com/vv/bigpic/oukitel-wp17-.jpg,GSM / HSPA / LTE,No,"2021, October","Available. Released 2021, October",-,,,IP68,Nano-SIM + Nano-SIM,"IPS LCD, 90Hz",90,6.78,1080x2400,388,,,Android 11,Mediatek MT6785V/CD Helio G95 (12 nm),12,Octa-core (2x2.05 GHz Cortex-A76 & 6x2.0 GHz Cortex-A55),Mali-G76 MC4,8,8,128,128,,64.0,3,1.8,No,,Yes,"LED flash, panorama","4K@30fps, 1080p@30fps",16.0,No,,Yes,Yes,Yes,,Type-C,No,"GPS, GLONASS, GALILEO, BDS",Unspecified,8300,,,No,,,240.0,,,,,,,,"Blue, Camo, Camouflage",,,,Unspecified
Oukitel,Oukitel WP18 Pro,https://www.gsmarena.com/oukitel_wp18_pro-12667.php,https://fdn2.gsmarena.com/vv/bigpic/oukitel-wp18-pro.jpg,GSM / HSPA / LTE,No,"2022, October","Available. Released 2022, October",-,,,IP68,Nano-SIM + Nano-SIM,IPS LCD,,5.93,720x1440,271,,,Android 12,Mediatek MT6762 Helio P22 (12 nm),12,Octa-core 2.0 GHz Cortex-A53,PowerVR GE8320,4,4,64,64,,13.0,2,,No,,No,LED flash,1080p@30fps,5.0,No,,Yes,Yes,No,,Yes,No,"GPS, GLONASS, GALILEO, BDS","Fingerprint (rear-mounted), accelerometer, compass",12500,18,,No,,,190.0,,,,,,,,Orange,,,,Unspecified
Oukitel,Oukitel RT3,https://www.gsmarena.com/oukitel_rt3-12675.php,https://fdn2.gsmarena.com/vv/bigpic/oukitel-rt3.jpg,GSM / HSPA / LTE,No,"2022, December","Available. Released 2022, December",-,,,IP68,Nano-SIM + Nano-SIM,"IPS LCD, 400 nits",,8.0,800x1280,189,,,Android 12,Mediatek MT6762 Helio P22 (12 nm),12,Octa-core 2.0 GHz Cortex-A53,PowerVR GE8320,4,4,64,64,,16.0,2,1.8,No,1/2.53,No,LED flash,1080p@30fps,8.0,No,,Yes,Yes,No,,Type-C,No,"GPS, GLONASS, GALILEO, BDS","Accelerometer, compass",5150,,,No,,,200.0,,,,,,,,"Gray, Green, Orange",,,,Unspecified
Oukitel,Oukitel RT2,https://www.gsmarena.com/oukitel_rt2-12676.php,https://fdn2.gsmarena.com/vv/bigpic/oukitel-rt2.jpg,GSM / HSPA / LTE,No,"2022, September","Available. Released 2022, September",-,,,IP68,Nano-SIM + Nano-SIM,"IPS LCD, 350 nits",,10.1,1200x1920,224,,,Android 12,Mediatek MT8788 (12 nm),12,Octa-core (4x2.0 GHz Cortex-A73 & 4x2.0 GHz Cortex-A53),Mali-G72 MP3,8,8,128,128,,16.0,1,,No,,No,LED flash,1080p@30fps,16.0,No,,Yes,"Wi-Fi 802.11 a/b/g/n/ac, dual-band",No,4.2,Type-C,No,"GPS, GLONASS, GALILEO",Unspecified,20000,33,,No,,,350.0,,,,,,,,"Black, Orange",,,,Unspecified
Oukitel,Oukitel RT1,https://www.gsmarena.com/oukitel_rt1-12677.php,https://fdn2.gsmarena.com/vv/bigpic/oukitel-rt1.jpg,GSM / HSPA / LTE,No,"2021, November","Available. Released 2021, December",-,,,IP68,Nano-SIM + Nano-SIM,IPS LCD,,10.1,1200x1920,224,,,Android 11,Mediatek MT8768WA Helio P22 (12 nm),12,Octa-core 2.0 GHz Cortex-A53,PowerVR GE8320,4,4,64,64,,16.0,1,,No,,No,"LED flash, panorama",1080p@30fps,16.0,No,,Yes,Yes,No,,Yes,No,"GPS, GLONASS, GALILEO, BDS",Unspecified,10000,,,No,,,220.0,,,,,,,,"Black, Orange",,,,Unspecified
Plum,Plum Ram 10 LTE,https://www.gsmarena.com/plum_ram_10_lte-11345.php,https://fdn2.gsmarena.com/vv/bigpic/plum-ram10.jpg,GSM / HSPA / LTE,No,"2022, January 18","Available. Released 2022, January 18",133.4 x 64.4 x 15.8 mm (5.25 x 2.54 x 0.62 in),109.0,,IP68,Nano-SIM + Nano-SIM,"TFT LCD, 256K colors",,2.4,240x320,167,20.8,,,Unisoc T107,,,,,,,,,2.0,1,,No,,No,LED flash,Yes,1.3,No,,,No,No,,Micro-USB,Yes,No,,1700,,,No,,,,,,,,,,,"Black, Black/Orange",,,,"FM radio, built-in antenna"
Plum,Plum Ram Plus LTE,https://www.gsmarena.com/plum_ram_plus_lte-11346.php,https://fdn2.gsmarena.com/vv/bigpic/plum-ram-plus-.jpg,GSM / HSPA / LTE,No,"2022, February 02","Available. Released 2022, February 02",111.5 x 57.5 x 22 mm (4.39 x 2.26 x 0.87 in),108.4,,IP68,Nano-SIM + Nano-SIM,"TFT LCD, 256K colors",,2.4,240x320,167,27.8,,,Unisoc T107,,,,,,,,,2.0,1,,No,,No,LED flash,Yes,,No,,,No,No,,Micro-USB,Yes,No,,1200,,,No,,,,,,,,,,,"Black, Black/Orange",,,,"FM radio, built-in antenna"
Plum,Plum Flipper LTE,https://www.gsmarena.com/plum_flipper_lte-11347.php,https://fdn2.gsmarena.com/vv/bigpic/plum-flipper.jpg,GSM / HSPA / LTE,No,"2022, February 02","Available. Released 2022, February 02",103 x 53 x 21.2 mm (4.06 x 2.09 x 0.83 in),80.0,,,Nano-SIM + Nano-SIM,"TFT LCD, 256K colors",,2.4,240x320,167,32.7,,,,,,,,,,,,0.3,1,,No,,No,LED flash,Yes,,No,,,No,No,,Micro-USB,Yes,No,,1000,,,No,,,,,,,,,,,"Black, Pink, Blue",,,,"FM radio, built-in antenna"
Plum,Plum Gator 6,https://www.gsmarena.com/plum_gator_6-11132.php,https://fdn2.gsmarena.com/vv/bigpic/plum-gator-6.jpg,GSM / HSPA / LTE,No,"2020, February 01. Released 2020, March 01",Discontinued,152.2 x 75.5 x 14 mm (5.99 x 2.97 x 0.55 in),225.0,,IP68,Nano-SIM + Nano-SIM,IPS LCD,,5.5,720x1440,293,67.9,Gorilla Glass 3,Android 10 (Go edition),Mediatek MT6580 (28 nm),28,Quad-core 1.3 GHz Cortex-A7,Mali-400 MP2,3,3,16,16,eMMC 5.1,8.0,1,,No,,No,LED flash,720p@30fps,2.0,No,,480p@30fps,Wi-Fi 802.11 b/g/n,No,4.0,Micro-USB,Yes,GPS,"Accelerometer, proximity, compass",4400,,,No,,,,,,,,,,,"Black, Yellow",,,,FM radio
Plum,Plum Ram 9,https://www.gsmarena.com/plum_ram_9-11131.php,https://fdn2.gsmarena.com/vv/bigpic/plum-ram9.jpg,GSM / HSPA / LTE,No,"2020, February 10. Released 2020, April",Discontinued,133.4 x 64.4 x 15.8 mm (5.25 x 2.54 x 0.62 in),109.0,,IP68,Nano-SIM + Nano-SIM,"TFT LCD, 256K colors",,2.4,240x320,167,20.8,,KaiOS 2.5,Mediatek MT6572M,,Dual-core,,,,4,4,,5.0,1,,No,,No,LED flash,480p,1.3,No,LED flash,,Wi-Fi 802.11 b/g/n,No,4.0,Micro-USB,Yes,GPS,,1700,,,No,,,,,,,,,,,"Black, Black/Orange",,,,FM radio
Plum,Plum Gator 7,https://www.gsmarena.com/plum_gator_7-11076.php,https://fdn2.gsmarena.com/vv/bigpic/plum-gator7.jpg,GSM / HSPA / LTE,No,"2021, September 01. Released 2021, September 01",Discontinued,157.5 x 78.1 x 13.7 mm (6.20 x 3.07 x 0.54 in),261.0,Glass,IP69,Nano-SIM + Nano-SIM,IPS LCD,,5.7,720x1440,282,68.2,Dragontrail Glass,Android 11,Mediatek MT6761V/WE (14 nm),14,Quad-core 2.0 GHz Cortex-A53,PowerVR GE8300,3,3,32,32,eMMC 5.1,8.0,1,,No,,No,"LED flash, panorama",1080p@30fps,5.0,No,,720p@30fps,"Wi-Fi 802.11 a/b/g/n/ac, dual-band, Wi-Fi Direct",Yes,5.0,Micro-USB,Yes,"GPS, GLONASS, GALILEO, BDS","Accelerometer, gyro, proximity, compass",5580,,,No,,,,,,,,,,,"Black, Orange",,,,FM radio
Plum,Plum Tag 2 3G,https://www.gsmarena.com/plum_tag_2_3g-9503.php,https://fdn2.gsmarena.com/vv/bigpic/plum-tag2-3g.jpg,GSM / HSPA,No,"2019, January. Released 2019, January",Discontinued,123 x 53 x 13.7 mm (4.84 x 2.09 x 0.54 in),85.0,,,"Dual SIM (Mini-SIM/Micro-SIM, dual stand-by)","TFT, 256K colors",,2.4,240x320,167,27.4,,,Spreadtrum 7715A,,1.2 GHz Cortex-A7,Mali-400,,,,,,1.3,1,,No,,No,,Yes,,No,,,No,No,2.0,Micro-USB,Yes,No,,800,,,No,,,,,,,,,,,"Red, Blue, Orange",,,,"FM Radio, built-in antenna"
Plum,Plum Phantom 2,https://www.gsmarena.com/plum_phantom_2-9495.php,https://fdn2.gsmarena.com/vv/bigpic/plum-z621-phantom-2.jpg,GSM / HSPA,No,"2018, December. Released 2019, January",Discontinued,155.9 x 75.8 x 10.4 mm (6.14 x 2.98 x 0.41 in),195.0,,,Nano-SIM + Micro-SIM,IPS LCD,,5.72,480x960,188,71.5,,Android 8.0 Oreo (Go edition),Mediatek MT6580A (28 nm),28,Quad-core 1.3 GHz Cortex-A7,Mali-400,1,1,8,8,,8.0,1,,No,,No,LED flash,1080p@30fps,5.0,No,,720p@30fps,"Wi-Fi 802.11 b/g/n, Wi-Fi Direct",No,4.0,Micro-USB,Yes,GPS,Accelerometer,2700,,,No,,,,,,,,,,,"Black, Gold",,,,FM radio
Plum,Plum Optimax 13,https://www.gsmarena.com/plum_optimax_13-9494.php,https://fdn2.gsmarena.com/vv/bigpic/plum-optimax13.jpg,GSM / HSPA,No,"2018, December. Released 2019, January",Discontinued,250.8 x 158.8 x 10.2 mm (9.87 x 6.25 x 0.40 in),510.0,,,"Dual SIM (Mini-SIM, dual stand-by)",IPS LCD,,10.1,800x1280,149,74.3,,Android 8.0 Oreo (Go edition),Spreadtrum SC7731,,Quad-core 1.3 GHz Cortex-A7,Mali-400,1,1,8,8,,5.0,1,,No,,No,LED flash,720p@30fps,2.0,No,,480p@30fps,"Wi-Fi 802.11 b/g/n, Wi-Fi Direct",No,4.0,Micro-USB,Yes,GPS,Accelerometer,4700,,,No,,,,,,,,,,,"Black, White, Gold",,,,FM radio
Plum,Plum Flipper 2,https://www.gsmarena.com/plum_flipper_2-9493.php,https://fdn2.gsmarena.com/vv/bigpic/plum-flipper-2.jpg,GSM,No,"2018, December. Released 2018, December",Discontinued,99.9 x 52 x 14.9 mm (3.93 x 2.05 x 0.59 in),76.0,,,Dual SIM,"TFT, 65K colors",,2.4,240x320,167,34.3,,,Mediatek MT6261D,,,,,,,,,1.3,1,,No,,No,,Yes,,No,,,No,No,2.0,Micro-USB,No,No,,750,,,No,,,,,,,,,,,"Black, Red, Blue",,,,FM radio
Plum,Plum Ram 8,https://www.gsmarena.com/plum_ram_8-9398.php,https://fdn2.gsmarena.com/vv/bigpic/plum-ram8.jpg,GSM / HSPA,No,"2018, December. Released 2018, December",Discontinued,111.5 x 57.5 x 22 mm (4.39 x 2.26 x 0.87 in),134.0,,IP68,"Dual SIM (Mini-SIM, dual stand-by)","TFT, 256K colors",,2.4,240x320,167,27.8,,,Mediatek MT6276A,,,No,,,,,,5.0,1,,No,,No,LEd flash,240p@15fps,,No,,,No,No,3.0,Micro-USB,Yes,No,,1200,,,No,,,,,,,,,,,"Black, Black/Orange",,,,FM radio; built-in antenna
Plum,Plum Gator 5,https://www.gsmarena.com/plum_gator_5-9377.php,https://fdn2.gsmarena.com/vv/bigpic/plum-gator-5.jpg,GSM / HSPA,No,"2018, October. Released 2018, November",Discontinued,148 x 76.3 x 12 mm (5.83 x 3.00 x 0.47 in),210.0,,IP68,Nano-SIM + Nano-SIM,IPS LCD,,5.2,720x1280,282,66.0,Panda Glass,Android 8.1 (Oreo),Mediatek MT6580 (28 nm),28,Quad-core 1.3 GHz Cortex-A7,Mali-400MP2,2,2,16,16,,13.0,1,,No,,No,LED flash,720p@30fps,5.0,No,,480p@30fps,"Wi-Fi 802.11 b/g/n, Wi-Fi Direct",No,4.0,Micro-USB,Yes,GPS,"Accelerometer, proximity",3700,,,No,,,,,,,,,,,"Black, Orange",,,,FM radio
Plum,Plum Tag 3G,https://www.gsmarena.com/plum_tag_3g-9145.php,https://fdn2.gsmarena.com/vv/bigpic/plum-tag-3g.jpg,GSM / HSPA,No,"2018, March. Released 2018, March",Discontinued,126.5 x 55 x 15 mm (4.98 x 2.17 x 0.59 in),82.0,,,Dual SIM,"TFT, 256K colors",,2.4,240x320,167,25.6,,,Spreadtrum 7701B,,,,,,,,,1.3,1,,No,,No,,Yes,,No,,,No,No,2.1,Micro-USB,Yes,No,,800,,,No,,,,,,,,,,,"Black, Gold",,,,FM radio
Plum,Plum Optimax 11,https://www.gsmarena.com/plum_optimax_11-9130.php,https://fdn2.gsmarena.com/vv/bigpic/plum-z811.jpg,GSM / HSPA,No,"2018, March. Released 2018, April",Discontinued,208 x 123 x 10 mm (8.19 x 4.84 x 0.39 in),330.0,,,"Dual SIM (Mini-SIM, dual stand-by)",IPS LCD,,8.0,800x1280,189,72.5,,Android 6.0 (Marshmallow),Spreadtrum SC7731G,,Quad-core 1.3 GHz Cortex-A7,Mali-400,1,1,16,16,,5.0,1,,No,,No,LED flash,720p@30fps,2.0,No,,,"Wi-Fi 802.11 b/g/n, Wi-Fi Direct",No,2.1,Micro-USB,Yes,GPS,Accelerometer,3500,,,No,,,,,,,,,,,"Black, White, Gray, Gold, Rose Gold",,,,FM radio
Plum,Plum Optimax 12,https://www.gsmarena.com/plum_optimax_12-9129.php,https://fdn2.gsmarena.com/vv/bigpic/plum-z712.jpg,GSM / HSPA,No,"2018, March. Released 2018, April",Discontinued,188 x 107.5 x 10.3 mm (7.40 x 4.23 x 0.41 in),272.0,,,"Dual SIM (Mini-SIM, dual stand-by)",TN TFT,,7.0,600x1024,170,68.2,,Android 6.0 (Marshmallow),Mediatek MT8321 (28 nm),28,Quad-core 1.3 GHz Cortex-A7,Mali-400,1,1,8,8,,5.0,1,,No,,No,LED flash,720p@30fps,2.0,No,,,"Wi-Fi 802.11 b/g/n, Wi-Fi Direct",No,4.0,Micro-USB,Yes,GPS,Accelerometer,2400,,,No,,,,,,,,,,,"Black, Silver, Rose Gold",,,,FM radio
Plum,Plum Optimax 2,https://www.gsmarena.com/plum_optimax_2-9128.php,https://fdn2.gsmarena.com/vv/bigpic/plum-z702n.jpg,No cellular connectivity,No,"2018, March. Released 2018, April",Discontinued,192 x 109.7 x 11.5 mm (7.56 x 4.32 x 0.45 in),270.0,,,No,TN TFT,,7.0,600x1024,170,65.5,,Android 6.0 (Marshmallow),,,Quad-core 1.2 GHz Cortex-A7,Mali-400,1,1,8,8,,5.0,1,,No,,No,,720p@30fps,2.0,No,,,"Wi-Fi 802.11 b/g/n, Wi-Fi Direct",No,2.1,Micro-USB,Yes,No,Accelerometer,2400,,,No,,,,,,,,,,,"Black, Silver, Pink, Gold, Rose Gold",,,,FM radio
Plum,Plum Compass 2,https://www.gsmarena.com/plum_compass_2-9127.php,https://fdn2.gsmarena.com/vv/bigpic/plum-z518.jpg,GSM / HSPA,No,"2018, March. Released 2018, March",Discontinued,144 x 72.7 x 9.8 mm (5.67 x 2.86 x 0.39 in),165.0,,,"Dual SIM (Micro-SIM, dual stand-by)",TN TFT,,5.0,480x854,196,65.8,,Android 6.0 (Marshmallow),Spreadtrum SC7731C,,Quad-core 1.2 GHz Cortex-A7,Mali-400,1,1,8,8,,8.0,1,,No,,No,LED flash,720p@30fps,2.0,No,,,"Wi-Fi 802.11 b/g/n, Wi-Fi Direct",No,2.1,Micro-USB,Yes,GPS,Accelerometer,2000,,,No,,,,,,,,,,,"Black, Silver, Gold, Rose Gold",,,,FM radio
Plum,Plum Flipper (2018),https://www.gsmarena.com/plum_flipper_(2018)-9126.php,https://fdn2.gsmarena.com/vv/bigpic/plum-d105-2018.jpg,GSM,No,"2018, March. Released 2018, March",Discontinued,104.2 x 50 x 17.8 mm (4.10 x 1.97 x 0.70 in),96.2,,,Dual SIM,"TFT, 65K colors",,2.4,240x320,167,34.2,,,Mediatek MT6261D,,,,,,,,,1.3,1,,No,,No,,Yes,,No,,,No,No,3.0,Micro-USB,No,No,,600,,,No,,,,,,,,,,,"Black, Gold",,,,FM radio
Plum,Plum Axe 4,https://www.gsmarena.com/plum_axe_4-8969.php,https://fdn2.gsmarena.com/vv/bigpic/plum-axe-4.jpg,GSM / HSPA,No,"2017, December. Released 2018, January",Discontinued,124 x 64 x 9.9 mm (4.88 x 2.52 x 0.39 in),107.0,,,"Dual SIM (Micro-SIM, dual stand-by)",IPS LCD,,4.0,480x800,233,57.4,,Android 6.0 (Marshmallow),Spreadtrum SC7731C,,Quad-core 1.2 GHz Cortex-A7,Mali-400,,,8,8,,5.0,1,,No,,No,LED flash,720p@30fps,2.0,No,,,"Wi-Fi 802.11 b/g/n, Wi-Fi Direct",No,4.0,Micro-USB,Yes,GPS,Accelerometer,1400,,,No,,,,,,,,,,,"Black, Blue, Red, White",,,,FM radio
Plum,Plum Compass LTE,https://www.gsmarena.com/plum_compass_lte-8968.php,https://fdn2.gsmarena.com/vv/bigpic/plum-compass-lte.jpg,GSM / HSPA / LTE,No,"2017, November. Released 2018, January",Discontinued,150 x 71.6 x 9.3 mm (5.91 x 2.82 x 0.37 in),146.0,,,"Dual SIM (Micro-SIM, dual stand-by)",TN TFT,,5.0,480x854,196,64.1,,Android 7.0 (Nougat),Mediatek MT6737M (28 nm),28,Quad-core 1.3 GHz Cortex-A53,Mali-400,1,1,8,8,eMMC 5.0,8.0,1,,No,,No,LED flash,720p@30fps,5.0,No,,,"Wi-Fi 802.11 b/g/n, Wi-Fi Direct",No,4.0,Micro-USB,Yes,GPS,Accelerometer,2100,,,No,,,,,,,,,,,"Black, Gray, Gold, Rose gold, White",,,,FM radio
Plum,Plum Gator 4,https://www.gsmarena.com/plum_gator_4-8936.php,https://fdn2.gsmarena.com/vv/bigpic/plum-gator-4.jpg,GSM / HSPA,No,"2017, October. Released 2017, November",Discontinued,146.6 x 75.9 x 14 mm (5.77 x 2.99 x 0.55 in),221.5,,IP68,Dual SIM,IPS LCD,,5.0,720x1280,294,61.9,Corning Gorilla Glass (unspecified versi,Android 7.0 (Nougat),Mediatek MT6580 (28 nm),28,Quad-core 1.3 GHz Cortex-A7z,Mali-400MP2,1,1,8,8,,13.0,1,,No,,No,LED flash,720p@30fps,5.0,No,,,"Wi-Fi 802.11 b/g/n, Wi-Fi Direct",No,4.0,Micro-USB,Yes,GPS,Accelerometer,5000,,,No,,,,,,,,,,,"Black, Orange",,,,FM radio
Plum,Plum Phantom,https://www.gsmarena.com/plum_phantom-8882.php,https://fdn2.gsmarena.com/vv/bigpic/plum-z623.jpg,GSM / HSPA,No,"2017, September. Released 2017, October",Discontinued,165.5 x 84.2 x 8.8 mm (6.52 x 3.31 x 0.35 in),138.0,,,"Dual SIM (Micro-SIM, dual stand-by)",IPS LCD,,6.0,720x1280,245,71.2,,Android 6.0 (Marshmallow),Mediatek MT6580A (28 nm),28,Quad-core 1.3 GHz Cortex-A7,Mali-400MP2,1,1,16,16,,13.0,1,,No,,No,LED flash,720p@30fps,8.0,No,,,"Wi-Fi 802.11 b/g/n, Wi-Fi Direct",No,4.0,Micro-USB,Yes,GPS,Accelerometer,2500,,,No,,,,,,,,,,,"Gray, Gold, Rose Gold, White",,,,FM radio
Plum,Plum Ram 6,https://www.gsmarena.com/plum_ram_6-8734.php,https://fdn2.gsmarena.com/vv/bigpic/plum-r6.jpg,GSM,No,"2017, June. Released 2017, June",Discontinued,133 x 61 x 19.3 mm (5.24 x 2.40 x 0.76 in),107.3,,IP68,Dual SIM,"TFT, 256K colors",,2.4,240x320,167,22.0,,,Mediatek MT6276A,,,No,,,,,,1.3,1,,No,,No,,Yes,,No,,,No,No,3.0,Micro-USB,Yes,No,,1700,,,No,,,,,,,,,,,"Black, Orange, Red, Yellow",,,,FM radio; built-in antenna
Plum,Plum Play,https://www.gsmarena.com/plum_play-8485.php,https://fdn2.gsmarena.com/vv/bigpic/plum-play.jpg,GSM,No,"2016, December. Released 2017, January",Discontinued,116 x 47.5 x 14.1 mm (4.57 x 1.87 x 0.56 in),60.0,,,Dual SIM,"TFT, 256K colors",,1.77,128x160,116,17.9,,,Spreadtrum SC6531DA,,,,,,,,,1.3,1,,No,,No,,Yes,,No,,,No,No,2.1,Micro-USB,Yes,No,,600,,,No,,,,,,,,,,,"Black, Blue, Lime, Red, White",,,,FM radio
Plum,Plum Ram 7 - 3G,https://www.gsmarena.com/plum_ram_7___3g-8483.php,https://fdn2.gsmarena.com/vv/bigpic/plum-ram6.jpg,GSM / HSPA,No,"2016, December. Released 2017, February",Discontinued,133 x 61 x 19.3 mm (5.24 x 2.40 x 0.76 in),107.3,,IP68,Dual SIM,"TFT, 256K colors",,2.4,240x320,167,22.0,,,Mediatek MT6276A,,,No,,,,,,5.0,1,,No,,No,,Yes,1.3,No,,,No,No,3.0,Micro-USB,Yes,No,,1700,,,No,,,,,,,,,,,"Black, Black/Orange",,,,FM radio; built-in antenna
Plum,Plum Compass,https://www.gsmarena.com/plum_compass-8480.php,https://fdn2.gsmarena.com/vv/bigpic/plum-compass.jpg,GSM / HSPA,No,"2016, December. Released 2017, January",Discontinued,146 x 72.6 x 9.8 mm (5.75 x 2.86 x 0.39 in),168.7,,,"Dual SIM (Micro-SIM, dual stand-by)",IPS LCD,,5.0,720x1280,294,65.0,,Android 6.0 (Marshmallow),Spreadtrum SC7731C,,Quad-core 1.3 GHz Cortex-A7,,1,1,8,8,,8.0,1,,No,,No,LED flash,Yes,2.0,No,,,"Wi-Fi 802.11 b/g/n, Wi-Fi Direct",No,4.0,Micro-USB,Yes,GPS,Accelerometer,2000,,,No,,,,,,,,,,,"Black, Blue, Red, Gold, White",,,,FM radio
Plum,Plum Hero,https://www.gsmarena.com/plum_hero-8479.php,https://fdn2.gsmarena.com/vv/bigpic/plum-hero.jpg,GSM,No,"2016, December. Released 2016, December",Discontinued,112.5 x 48 x 12.8 mm (4.43 x 1.89 x 0.50 in),46.5,,,Dual SIM,"TFT, 256K colors",,1.8,128x160,114,18.9,,,Mediatek MTK6261D,,,No,,,,,,,1,,No,,No,LED flash,Yes,,No,,,No,No,2.0,Micro-USB,Yes,No,,600,,,No,,,,,,,,,,,"Black, White, Red, Blue, Pink, Orange, Lime",,,,FM radio
Plum,Plum Gator 3,https://www.gsmarena.com/plum_gator_3-8407.php,https://fdn2.gsmarena.com/vv/bigpic/plum-gator-3.jpg,GSM / HSPA,No,"2016, September. Released 2016, November",Discontinued,137.5 x 74 x 16.7 mm (5.41 x 2.91 x 0.66 in),146.7,,IP68,Dual SIM,IPS LCD,,4.0,480x800,233,44.8,,Android 6.0 (Marshmallow),Mediatek MT6580 (28 nm),28,Quad-core 1.3 GHz Cortex-A7,Mali-400MP2,1,1,8,8,,8.0,1,,No,,No,LED flash,Yes,1.3,No,,,Wi-Fi 802.11 b/g/n,No,4.0,Micro-USB,Yes,GPS,"Accelerometer, proximity",2400,,,No,,,,,,,,,,,"Black, Orange/Silver",,,,FM radio
Plum,Plum Axe Plus 2,https://www.gsmarena.com/plum_axe_plus_2-8112.php,https://fdn2.gsmarena.com/vv/bigpic/Plum-Axe-Plus2.jpg,GSM / HSPA,No,"2016, May. Released 2016, May",Discontinued,124.5 x 64.3 x 10.5 mm (4.90 x 2.53 x 0.41 in),108.5,,,Dual SIM,TFT,,4.0,480x800,233,56.9,,Android 6.0 (Marshmallow),Mediatek MT6580M (28 nm),28,Quad-core 1.3 GHz Cortex-A7,Mali-400MP2,,,8,8,,5.0,1,,No,,No,"LED flash, panorama, HDR",720p@30fps,1.3,No,,,Wi-Fi 802.11 b/g/n,No,4.0,Micro-USB,Yes,GPS,Accelerometer,1400,,,No,,,,,,,,,,,"Black, White, Blue",,,,FM radio
Plum,Plum Optimax 10,https://www.gsmarena.com/plum_optimax_10-8089.php,https://fdn2.gsmarena.com/vv/bigpic/plum-z11.jpg,GSM / HSPA,No,"2016, March. Released 2016, April",Discontinued,240.2 x 170.2 x 9.2 mm (9.46 x 6.70 x 0.36 in),509.0,,,"Dual SIM (MIni-SIM, dual stand-by)",IPS LCD,,10.1,800x1280,149,72.4,,Android 5.1 (Lollipop),Mediatek MT8321 (28 nm),28,Quad-core 1.3 GHz Cortex-A7,Mali-400,1,1,8,8,,5.0,1,,No,,No,"HDR, panorama",720p@30fps,2.0,No,,,"Wi-Fi 802.11 b/g/n, Wi-Fi Direct, hotspot",No,4.0,USB 2.0,Yes,GPS,"Accelerometer, proximity",4500,,,No,,,,,,,,,,,"Black, White",,,,FM radio
Plum,Plum Optimax 8.0,https://www.gsmarena.com/plum_optimax_8_0-8088.php,https://fdn2.gsmarena.com/vv/bigpic/plum-z710-1.jpg,GSM / HSPA,No,"2016, March. Released 2016, April",Discontinued,210.6 x 121.7 x 8.7 mm (8.29 x 4.79 x 0.34 in),305.0,,,"Dual SIM (Micro-SIM, dual stand-by)",IPS LCD,,8.0,800x1280,189,72.4,,Android 5.1 (Lollipop),Mediatek MT6580 (28 nm),28,Quad-core 1.3 GHz Cortex-A7,Mali-400MP2,1,1,8,8,,5.0,1,,No,,No,"HDR, panorama",720p@30fps,2.0,No,,,"Wi-Fi 802.11 b/g/n, Wi-Fi Direct, hotspot",No,4.0,USB 2.0,Yes,GPS,"Accelerometer, gyro, proximity",3400,,,No,,,,,,,,,,,"Black, White",,,,FM radio
Plum,Plum Optimax 7.0,https://www.gsmarena.com/plum_optimax_7_0-8087.php,https://fdn2.gsmarena.com/vv/bigpic/plum-z708-1.jpg,GSM / HSPA,No,"2016, March. Released 2016, April",Discontinued,188 x 108 x 10 mm (7.40 x 4.25 x 0.39 in),276.0,,,Dual SIM,IPS LCD,,7.0,600x1024,170,67.9,,Android 5.1 (Lollipop),Mediatek MT8321 (28 nm),28,Quad-core 1.3 GHz Cortex-A7,Mali-400,1,1,8,8,,5.0,1,,No,,No,"HDR, panorama",720p@30fps,2.0,No,,,"Wi-Fi 802.11 b/g/n, Wi-Fi Direct, hotspot",No,4.0,USB 2.0,Yes,GPS,Accelerometer,2800,,,No,,,,,,,,,,,"Black, White",,,,FM radio
Plum,Plum Ram 4,https://www.gsmarena.com/plum_ram_4-8042.php,https://fdn2.gsmarena.com/vv/bigpic/plum-ram-4.jpg,GSM,No,"2016, April. Released 2016, April",Discontinued,133 x 61 x 19.3 mm (5.24 x 2.40 x 0.76 in),107.3,,IP68,Dual SIM,"TFT, 256K colors",,2.4,240x320,167,22.0,,,Mediatek MT6261D,,,No,,,,,,1.3,1,,No,,No,,Yes,,No,,,No,No,4.0,Micro-USB,Yes,No,,2700,,,No,,,,,,,,,,,"Black, Orange",,,,FM radio; built-in antenna
Plum,Plum Star,https://www.gsmarena.com/plum_star-8041.php,https://fdn2.gsmarena.com/vv/bigpic/plum-star.jpg,GSM,No,"2016, May. Released 2016, May",Discontinued,112.5 x 48 x 12.8 mm (4.43 x 1.89 x 0.50 in),46.5,,,Dual SIM,"TFT, 256K colors",,1.8,128x160,114,18.9,,,Mediatek MTK6261D,,,No,,,,,,,1,,No,,No,,Yes,,No,,,No,No,2.0,Micro-USB,Yes,No,,600,,,No,,,,,,,,,,,"Black, Blue, Lime, Orange, Pink, Red, White",,,,FM radio
Plum,Plum Might Plus II,https://www.gsmarena.com/plum_might_plus_ii-7991.php,https://fdn2.gsmarena.com/vv/bigpic/plum-might-plus-ii.jpg,GSM / HSPA,No,"2016, March. Released 2016, March",Discontinued,145.9 x 72.9 x 8.9 mm (5.74 x 2.87 x 0.35 in),116.2,,,"Dual SIM (Micro-SIM/ Mini-SIM, dual stand-by)",IPS LCD,,5.0,480x854,196,64.8,,Android 5.1 (Lollipop),Mediatek MT6580M (28 nm),28,Quad-core 1.2 GHz Cortex-A7,Mali-400MP2,,,4,8,,8.0,1,2.8,No,,No,"LED flash, panorama, HDR",720p@30fps,2.0,No,,,"Wi-Fi 802.11 b/g/n, Wi-Fi Direct, hotspot",No,4.0,Micro-USB,Yes,GPS,"Accelerometer, gyro, proximity",2000,,,No,,,,,,,,,,,"Black, White",,,,FM radio
Plum,Plum Axe LTE,https://www.gsmarena.com/plum_axe_lte-7798.php,https://fdn2.gsmarena.com/vv/bigpic/plum-axe-lte.jpg,GSM / HSPA / LTE,No,"2015, September. Released 2015, December",Discontinued,128.8 x 58.2 x 8.9 mm (5.07 x 2.29 x 0.35 in),124.0,,,Dual SIM,IPS LCD,,4.0,480x854,245,58.8,,Android 5.1 (Lollipop),Mediatek MT6580 (28 nm),28,Quad-core 1.2 GHz Cortex-A7,Mali-400MP2,1,1,8,8,,5.0,1,,No,,No,LED flash,720p@30fps,1.3,No,,,"Wi-Fi 802.11 b/g/n, hotspot",No,4.0,Micro-USB,Yes,GPS,"Accelerometer, gyro",1600,,,No,,,,,,,,,,,"Black, White",,,,FM radio
Plum,Plum Check LTE,https://www.gsmarena.com/plum_check_lte-7797.php,https://fdn2.gsmarena.com/vv/bigpic/plum-check-lte.jpg,GSM / HSPA / LTE,No,"2015, November. Released 2015, December",Discontinued,130.8 x 61.2 x 9.3 mm (5.15 x 2.41 x 0.37 in),138.0,,,Dual SIM,IPS LCD,,4.5,720x1280,326,69.7,,Android 5.1 (Lollipop),Mediatek MT6580 (28 nm),28,Quad-core 1.2 GHz Cortex-A7,Mali-400MP2,1,1,8,8,,5.0,1,,No,,No,LED flash,720p@30fps,1.3,No,,,"Wi-Fi 802.11 b/g/n, hotspot",No,4.0,Micro-USB,Yes,GPS,"Accelerometer, gyro",1600,,,No,,,,,,,,,,,"Black, White",,,,FM radio
Plum,Plum Boot 2,https://www.gsmarena.com/plum_boot_2-7796.php,https://fdn2.gsmarena.com/vv/bigpic/plum-boot2.jpg,GSM,No,"2015, November. Released 2015, December",Discontinued,89 x 44 x 17 mm (3.50 x 1.73 x 0.67 in),82.0,,,Dual SIM,"TFT, 256K colors",,1.77,128x160,116,25.2,,,Mediatek MT6260A,,360 MHz,No,,,,,,1.3,1,,No,,No,,240p@15fps,,No,,,No,No,2.1,Micro-USB,Yes,No,,800,,,No,,,,,,,,,,,"Black, Blue, Red, White",,,,FM radio
Plum,Plum Ram 3G,https://www.gsmarena.com/plum_ram_3g-7795.php,https://fdn2.gsmarena.com/vv/bigpic/plum-ram-3g.jpg,GSM / HSPA,No,"2015, June. Released 2015, November",Discontinued,125.6 x 56.2 x 17 mm (4.94 x 2.21 x 0.67 in),174.0,,IP68,"Dual SIM, (Mini-SIM)","TFT, 256K colors",,2.4,240x320,167,25.3,,,Mediatek MT6276W,,411 MHz,No,,,,,,2.0,1,,No,,No,,320p@30fps,,No,,,No,No,3.0,Micro-USB,Yes,No,,1300,,,No,,,,,,,,,,,"Black, Orange",,,,FM radio
Plum,Plum Sync 4.0b,https://www.gsmarena.com/plum_sync_4_0b-7435.php,https://fdn2.gsmarena.com/vv/bigpic/plum-x400b.jpg,GSM,No,"2015, June. Released 2015, July",Discontinued,124.5 x 63.5 x 10.4 mm (4.90 x 2.5 x 0.41 in),84.8,,,Dual SIM,TFT,,4.0,480x800,233,57.6,,Android 4.4 (KitKat),Mediatek MT6572 (28 nm),28,Dual-core 1.0 GHz Cortex-A7,Mali-400,,,,,,1.3,1,,No,,No,,720p@30fps,1.3,No,,,No,No,2.0,Micro-USB,Yes,GPS,Accelerometer,1300,,,No,,,,,,,,,,,"Black, White, Red, Blue",,,,FM radio
Plum,Plum Gator Plus II,https://www.gsmarena.com/plum_gator_plus_ii-7434.php,https://fdn2.gsmarena.com/vv/bigpic/plum-gator-2.jpg,GSM / HSPA,No,"2015, June. Released 2015, July",Discontinued,121 x 66 x 16.4 mm (4.76 x 2.60 x 0.65 in),171.5,,IP68,Dual SIM (Mini-SIM),IPS LCD,,3.5,320x480,165,45.7,Gorilla Glass 3,Android 4.4 (KitKat),,,Dual-core 1.0 GHz,,,,4,4,,5.0,1,,No,,No,,720p@30fps,1.3,No,,,No,No,4.0,Micro-USB,Yes,GPS,Accelerometer,2100,,,No,,,,,,,,,,,"Black, Orange",,,,FM radio
Plum,Plum Ram Plus,https://www.gsmarena.com/plum_ram_plus-7433.php,https://fdn2.gsmarena.com/vv/bigpic/plum-ram-plus.jpg,GSM,No,"2015, June. Released 2015, August",Discontinued,127.8 x 60.5 x 23.8 mm (5.03 x 2.38 x 0.94 in),188.0,,IP67,Dual SIM,"TFT, 256K colors",,2.0,176x220,141,16.3,,,Mediatek MT6261A,,,No,,,,,,1.3,1,,No,,No,,Yes,,No,,,No,No,2.0,Micro-USB,Yes,No,,2800,,,No,,,,,,,,,,,"Black/Silver, Black/Red",,,,FM radio
Plum,Plum Coach Pro,https://www.gsmarena.com/plum_coach_pro-7012.php,https://fdn2.gsmarena.com/vv/bigpic/plum-622.jpg,GSM / HSPA,No,"2014, December. Released 2015, January",Discontinued,157.8 x 74 x 9.9 mm (6.21 x 2.91 x 0.39 in),156.0,,,Dual SIM,IPS LCD,,6.0,720x1280,245,85.0,,Android 4.4.2 (KitKat),Mediatek MT6582M (28 nm),28,Quad-core 1.3 GHz Cortex-A7,Mali-400MP2,1,1,16,16,,8.0,1,,No,,No,"LED flash, panorama, HDR",1080p@30fps,2.0,No,face detection,,"Wi-Fi 802.11 b/g/n, hotspot",No,4.0,Micro-USB,Yes,GPS,"Accelerometer, gyro, proximity",2400,,,No,,,,,,,,,,,"Black, White",,,,Stereo FM radio
Plum,Plum Trigger Plus III,https://www.gsmarena.com/plum_trigger_plus_iii-7011.php,https://fdn2.gsmarena.com/vv/bigpic/plum-306.jpg,GSM / HSPA,No,"2015, January. Released 2015, January",Discontinued,117.8 x 61.5 x 10.5 mm (4.64 x 2.42 x 0.41 in),97.5,,,Dual SIM,TFT,,3.5,320x480,165,50.3,,Android 4.4.2 (KitKat),Mediatek MT6572M (28 nm),28,Dual-core 1.0 GHz Cortex-A7,Mali-400,,,,,,1.3,1,,No,,No,"LED flash, panorama, HDR",Yes,1.3,No,,,"Wi-Fi 802.11 b/g/n, hotspot",No,4.0,Micro-USB,Yes,GPS,Accelerometer,1300,,,No,,,,,,,,,,,"Black, White, Red, Blue",,,,Stereo FM radio
Plum,Plum Might LTE,https://www.gsmarena.com/plum_might_lte-6755.php,https://fdn2.gsmarena.com/vv/bigpic/plum-might-lte.jpg,GSM / HSPA / LTE,No,"2014, September. Released 2014, October",Discontinued,143.3 x 73.9,138.0,,,Mini-SIM,IPS LCD,,5.0,480x854,196,65.1,,Android 4.4.2 (KitKat),Qualcomm MSM8926 Snapdragon 400 (28 nm),28,Quad-core 1.2 GHz Cortex-A7,Adreno 305,1,1,8,8,eMMC 4.5,8.0,1,,No,,No,"LED flash, panorama, HDR",720p@30fps,2.0,No,,,"Wi-Fi 802.11 b/g/n, hotspot",No,4.0,Micro-USB,Yes,GPS,"Accelerometer, gyro, proximity",2000,,,No,,,,,,,,,,,"Black, White",,,,FM radio
Plum,Plum Sync 5.0,https://www.gsmarena.com/plum_sync_5_0-6616.php,https://fdn2.gsmarena.com/vv/bigpic/plum-x500.jpg,GSM,No,"2014, May. Released 2014, August",Discontinued,145.6 x 71.2 x 9.6 mm (5.73 x 2.80 x 0.38 in),109.0,,,Dual SIM,TFT,,5.0,480x854,196,66.5,,Android 4.2.2 (Jelly Bean),Mediatek MT6572M (28 nm),28,Dual-core 1.2 GHz Cortex-A7,Mali-400,,,4,4,,5.0,1,,No,,No,"LED flash, panorama, HDR",720p@30fps,1.3,No,face detection,,"Wi-Fi 802.11 b/g/n, hotspot",No,4.0,Micro-USB,Yes,GPS,"Accelerometer, gyro, proximity",1900,,,No,,,,,,,,,,,"Black/Gold, White/Silver, Pink/Silver, Blue/Silver",,,,FM radio
Plum,Plum Sync 4.0,https://www.gsmarena.com/plum_sync_4_0-6615.php,https://fdn2.gsmarena.com/vv/bigpic/plum-x400.jpg,GSM,No,"2014, May. Released 2014, August",Discontinued,120.4 x 63.6 x 9.8 mm (4.74 x 2.50 x 0.39 in),97.0,,,Dual SIM,TFT,,4.0,480x854,245,57.6,,Android 4.4 (KitKat),Mediatek MT6572M (28 nm),28,Dual-core 1.2 GHz Cortex-A7,Mali-400,,,,,,5.0,1,,No,,No,"LED flash, panorama, HDR",720p@30fps,1.3,No,face detection,,"Wi-Fi 802.11 b/g/n, hotspot",No,4.0,Micro-USB,Yes,GPS,"Accelerometer, gyro, proximity",1200,,,No,,,,,,,,,,,"Black, White, Red, Blue",,,,FM radio
Plum,Plum Sync 3.5,https://www.gsmarena.com/plum_sync_3_5-6614.php,https://fdn2.gsmarena.com/vv/bigpic/plum-x350.jpg,GSM,No,"2014, August. Released 2014, August",Discontinued,118.4 x 56.2 x 9.8 mm (4.66 x 2.21 x 0.39 in),93.0,,,Dual SIM,TFT,,3.5,320x480,165,54.8,,Android 4.2.2 (Jelly Bean),Mediatek MT6572M (28 nm),28,Dual-core 1.2 GHz Cortex-A7,Mali-400,,,,,,1.3,1,,No,,No,"LED flash, panorama, HDR",Yes,1.3,No,,,"Wi-Fi 802.11 b/g/n, hotspot",No,4.0,Micro-USB,Yes,GPS,"Accelerometer, gyro, proximity",1350,,,No,,,,,,,,,,,"Black, White, Red, Blue, Pink",,,,FM radio
Plum,Plum Might Pro,https://www.gsmarena.com/plum_might_pro-6613.php,https://fdn2.gsmarena.com/vv/bigpic/plum-z514.jpg,GSM / HSPA,No,"2014, May. Released 2014, August",Discontinued,143.4 x 71 x 8.4 mm (5.65 x 2.80 x 0.33 in),164.0,,,Dual SIM,IPS LCD,,5.0,480x854,196,67.7,,Android 4.4.2 (KitKat),Mediatek MT6582M (28 nm),28,Quad-core 1.3 GHz Cortex-A7,Mali-400MP2,1,1,16,16,,8.0,1,,No,,No,"LED flash, panorama, HDR",720p@30fps,1.3,No,face detection,,"Wi-Fi 802.11 b/g/n, hotspot",No,4.0,Micro-USB,Yes,GPS,"Accelerometer, gyro, proximity",2200,,,No,,,,,,,,,,,"Black, White, Red, Blue",,,,FM radio
Plum,Plum Coach Plus II,https://www.gsmarena.com/plum_coach_plus_ii-6612.php,https://fdn2.gsmarena.com/vv/bigpic/plum-z621.jpg,GSM / HSPA,No,"2014, May. Released 2014, August",Discontinued,157.8 x 74 x 9.9 mm (6.21 x 2.91 x 0.39 in),156.0,,,Dual SIM,IPS LCD,,6.0,720x1280,245,85.0,,Android 4.4.2 (KitKat),Mediatek MT6582M (28 nm),28,Quad-core 1.3 GHz Cortex-A7,Mali-400MP2,,,4,4,,8.0,1,,No,,No,"LED flash, panorama, HDR",1080p@30fps,1.3,No,face detection,,"Wi-Fi 802.11 b/g/n, hotspot",No,4.0,Micro-USB,Yes,GPS,"Accelerometer, gyro, proximity",2400,,,No,,,,,,,,,,,"Black, White",,,,FM radio
Plum,Plum Link Plus,https://www.gsmarena.com/plum_link_plus-6617.php,https://fdn2.gsmarena.com/vv/bigpic/plum-z702.jpg,No cellular connectivity,No,"2014, May. Released 2014, August",Discontinued,190.4 x 119 x 7.9 mm (7.50 x 4.69 x 0.31 in),246.0,,,No,IPS LCD,,7.0,600x1024,170,60.9,,Android 4.4.2 (KitKat),Rockchip RK3188,,Quad-core 1.8 GHz,Mali-400,1,1,8,8,,5.0,1,,No,,No,"Panorama, HDR",1080p@30fps,2.0,No,face detection,,"Wi-Fi 802.11 b/g/n, hotspot",No,,Micro-USB,Yes,GPS,"Accelerometer, gyro",2800,,,No,,,,,,,,,,,"Black, White",,,,No
Plum,Plum Trigger Plus,https://www.gsmarena.com/plum_trigger_plus-6533.php,https://fdn2.gsmarena.com/vv/bigpic/plum-trigger-plus.jpg,GSM / HSPA,No,"2014, May. Released 2014, May",Discontinued,118 x 62.4 x 11.5 mm (4.65 x 2.46 x 0.45 in),120.0,,,Dual SIM (Dual stand-by),"TFT, 256K colors",,3.5,320x480,165,49.5,,Android 4.2.2 (Jelly Bean),Mediatek MT6572 (28 nm),28,Dual-core 1.3 GHz Cortex-A7,Mali-400,,,2,2,,5.0,1,,No,,No,"LED flash, panorama",720p@30fps,1.3,No,face detection,,"Wi-Fi 802.11 b/g/n, hotspot",No,4.0,Micro-USB,Yes,GPS,"Accelerometer, gyro, proximity",1100,,,No,,,,,,,,,,,"Black, White, Blue, Red, Pink",,,,FM radio
Plum,Plum Trigger Pro,https://www.gsmarena.com/plum_trigger_pro-6532.php,https://fdn2.gsmarena.com/vv/bigpic/plum-trigger-pro.jpg,GSM / HSPA,No,"2014, May. Released 2014, May",Discontinued,114.8 x 60.5 x 12.2 mm (4.52 x 2.38 x 0.48 in),107.0,,,Dual SIM (Dual stand-by),IPS LCD,,3.5,320x480,165,52.5,,Android 4.2 (Jelly Bean),Mediatek MT6572M (28 nm),28,Dual-core 1.2 GHz Cortex-A7,Mali-400,,,4,4,,5.0,1,,No,,No,"LED flash, panorama",720p@30fps,1.3,No,face detection,,"Wi-Fi 802.11 b/g/n, hotspot",No,4.0,Micro-USB,Yes,GPS,"Accelerometer, gyro, proximity",1350,,,No,,,,,,,,,,,"Black, White, Red, Blue",,,,FM radio
Plum,Plum Gator,https://www.gsmarena.com/plum_gator-6496.php,https://fdn2.gsmarena.com/vv/bigpic/plum-alligator1.jpg,GSM / HSPA,No,"2014, May. Released 2014, July",Discontinued,131.8 x 70 x 21.7 mm (5.19 x 2.76 x 0.85 in),207.0,,IP67,Dual SIM,IPS LCD,,3.5,480x800,267,37.8,,"Android 4.2.2 (Jelly Bean), upgradable to 4.4.2 (KitKat)",Mediatek MT6572A,,Dual-core 1.3 GHz Cortex-A7,Mali-400,,,4,4,,5.0,1,,No,,No,"LED flash, panorama, HDR",1080p@30fps,1.3,No,,,"Wi-Fi 802.11 b/g/n, hotspot",No,4.0,Micro-USB,Yes,GPS,"Accelerometer, gyro, proximity",3600,,,No,,,,,,,,,,,"Black, Red",,,,FM radio
Plum,Plum Z708,https://www.gsmarena.com/plum_z708-6497.php,https://fdn2.gsmarena.com/vv/bigpic/plum-z708.jpg,GSM / HSPA,No,"2014, May. Released 2014, May",Discontinued,191 x 116 x 7.9 mm (7.52 x 4.57 x 0.31 in),,,,Dual SIM,IPS LCD,,7.0,1024x600,170,62.2,,Android 4.2.2 (Jelly Bean),Mediatek MT8312 (28 nm),28,Dual-core 1.3 GHz Cortex-A7,Mali-400,1,1,16,16,,8.0,1,,No,,No,"LED flash, panorama, HDR",1080p@30fps,2.0,No,face detection,,"Wi-Fi 802.11 b/g/n, hotspot",No,4.0,Micro-USB,Yes,GPS,"Accelerometer, gyro, proximity",3000,,,No,,,,,,,,,,,White,,,,FM radio
Plum,Plum Coach Plus,https://www.gsmarena.com/plum_coach_plus-6390.php,https://fdn2.gsmarena.com/vv/bigpic/Plum-Coach-Plus.jpg,GSM / HSPA,No,"2014, May. Released 2014, May",Discontinued,168 x 88 x 11.2 mm (6.61 x 3.46 x 0.44 in),250.0,,,Dual SIM,IPS LCD,,6.0,540x960,184,67.1,,Android 4.2.2 (Jelly Bean),Mediatek MT8312 (28 nm),28,Dual-core 1.2 GHz Cortex-A7,Mali-400,,,4,4,,8.0,1,,No,,No,"LED flash, panorama, HDR",1080p@30fps,2.0,No,face detection,,"Wi-Fi 802.11 b/g/n, hotspot",No,4.0,Micro-USB,Yes,GPS,"Accelerometer, gyro, proximity",2600,,,No,,,,,,,,,,,"Black, White",,,,FM radio
Plum,Plum Pilot Plus,https://www.gsmarena.com/plum_pilot_plus-6389.php,https://fdn2.gsmarena.com/vv/bigpic/plum-pilot-plus1.jpg,GSM / HSPA,No,"2014, May. Released 2014, May",Discontinued,147.5 x 76.5 x 8.3 mm (5.81 x 3.01 x 0.33 in),143.0,,,Dual SIM,IPS LCD,,5.5,540x960,200,73.9,,Android 4.4.2 (KitKat),Mediatek MT6582M (28 nm),28,Quad-core 1.3 GHz Cortex-A7,Mali-400MP2,1,1,8,8,,8.0,1,,No,,No,"LED flash, panorama, HDR",1080p@30fps,2.0,No,,,"Wi-Fi 802.11 b/g/n, hotspot",No,4.0,Micro-USB,Yes,GPS,"Accelerometer, gyro, proximity",2200,,,No,,,,,,,,,,,"Black, White",,,,FM radio
Plum,Plum Might Plus,https://www.gsmarena.com/plum_might_plus-6388.php,https://fdn2.gsmarena.com/vv/bigpic/Plum-Might-Plus.jpg,GSM / HSPA,No,"2014, May. Released 2014, May",Discontinued,145 x 72.8 x 9.2 mm (5.71 x 2.87 x 0.36 in),175.0,,,Dual SIM,IPS LCD,,5.0,480x854,196,65.3,,Android 4.2.2 (Jelly Bean),Mediatek MT6572A,,Dual-core 1.3 GHz Cortex-A7,Mali-400,,,4,4,,8.0,1,,No,,No,"LED flash, panorama, HDR",Yes,2.0,No,face detection,,"Wi-Fi 802.11 b/g/n, hotspot",No,4.0,Micro-USB,Yes,GPS,"Accelerometer, gyro, proximity",2000,,,No,,,,,,,,,,,White,,,,FM radio
Plum,Plum Check Plus,https://www.gsmarena.com/plum_check_plus-6387.php,https://fdn2.gsmarena.com/vv/bigpic/Plum-Check-Plus.jpg,GSM / HSPA,No,"2014, May. Released 2014, May",Discontinued,130 x 63.4 x 9.2 mm (5.12 x 2.50 x 0.36 in),142.0,,,Dual SIM,IPS LCD,,4.5,480x854,218,67.7,,Android 4.2.2 (Jelly Bean),Mediatek MT6572M (28 nm),28,Dual-core 1.2 GHz Cortex-A7,Mali-400,,,4,4,,5.0,1,,No,,No,"LED flash, panorama, HDR",720p@30fps,2.0,No,,,"Wi-Fi 802.11 b/g/n, hotspot",No,4.0,Micro-USB,Yes,GPS,"Accelerometer, gyro, proximity",1500,,,No,,,,,,,,,,,"White/Blue, White/Red, Black/Black, Black/Lime, Black/Red",,,,FM radio
Plum,Plum Axe Plus,https://www.gsmarena.com/plum_axe_plus-6386.php,https://fdn2.gsmarena.com/vv/bigpic/Plum-Axe-Plus.jpg,GSM / HSPA,No,"2014, May. Released 2014, May",Discontinued,129 x 65.1 x 9.9 mm (5.08 x 2.56 x 0.39 in),112.0,,,Dual SIM,TFT,,4.0,480x800,233,54.2,,Android 4.2.2 (Jelly Bean),Mediatek MT6572M (28 nm),28,Dual-core 1.2 GHz Cortex-A7,Mali-400,,,4,4,,5.0,1,,No,,No,"LED flash, panorama, HDR",720p@30fps,1.3,No,face detection,,"Wi-Fi 802.11 b/g/n, hotspot",No,4.0,Micro-USB,Yes,GPS,"Accelerometer, gyro, proximity",1200,,,No,,,,,,,,,,,"Black, White, Blue, Red",,,,FM radio
Plum,Plum Boot,https://www.gsmarena.com/plum_boot-6360.php,https://fdn2.gsmarena.com/vv/bigpic/plum-boot.jpg,GSM,No,"2014, May. Released 2014, May",Discontinued,90 x 44 x 18.2 mm (3.54 x 1.73 x 0.72 in),82.0,,,Dual SIM,TFT,,1.77,128x160,116,24.9,,,Mediatek MT6260A,,360 MHz,No,,,,,,1.3,1,,No,,No,,Yes,,No,,,No,No,2.0,Micro-USB,Yes,No,,600,,,No,,,,,,,,,,,"Black, Blue, Red, Pink",,,,FM radio
Plum,Plum Slick,https://www.gsmarena.com/plum_slick-6359.php,https://fdn2.gsmarena.com/vv/bigpic/plum-slick.jpg,GSM,No,"2014, May. Released 2014, May",Discontinued,111 x 46 x 15 mm (4.37 x 1.81 x 0.59 in),46.0,,,Dual SIM,"TFT, 65K colors",,1.77,128x160,116,19.3,,,Spreadtrum 6531,,,,,,,,,1.3,1,,No,,No,,Yes,,No,,,No,No,3.0,Micro-USB,Yes,No,,800,,,No,,,,,,,,,,,"Black, White, Red, Blue",,,,"FM radio, built-in antenna"
Plum,Plum Trigger Z104,https://www.gsmarena.com/plum_trigger_z104-5827.php,https://fdn2.gsmarena.com/vv/bigpic/plum-trigger-z104.jpg,GSM / HSPA,No,2013. Released 2013,Discontinued,117 x 61.5 x 11.6 mm (4.61 x 2.42 x 0.46 in),92.0,,,Dual SIM (Dual stand-by),TFT,,3.5,320x480,165,50.7,,Android 4.0 (Ice Cream Sandwich),,,Dual-core 1.2 GHz,,,,,,,5.0,1,,No,,No,,Yes,5.0,No,,,Wi-Fi 802.11 b/g/n,No,4.0,Micro-USB,Yes,No,"Accelerometer, proximity",1350,,,No,,,,,,,,,,,"Black, White",,,,Stereo FM radio
Plum,Plum Bar 3G,https://www.gsmarena.com/plum_bar_3g-5820.php,https://fdn2.gsmarena.com/vv/bigpic/plum-bar-3g.jpg,GSM / HSPA,No,"2013, September. Released 2013, September",Discontinued,108.5 x 46.3 x 13.1 mm (4.27 x 1.82 x 0.52 in),79.0,,,Mini-SIM,"TFT, 256K colors",,1.77,128x160,116,19.6,,,Spreadtrum 7701,,,,,,,,,1.3,1,,No,,No,,Yes,,No,,,No,No,2.0,Micro-USB,Yes,No,,800,,,No,,,,,,,,,,,"Black, White, Blue, Red",,,,FM radio
Plum,Plum Velocity II,https://www.gsmarena.com/plum_velocity_ii-5819.php,https://fdn2.gsmarena.com/vv/bigpic/plum-velocity-ii.jpg,GSM / HSPA,No,"2013, September. Released 2013, September",Discontinued,110.5 x 64.5 x 12.4 mm (4.35 x 2.54 x 0.49 in),190.0,,,Dual SIM,"TFT, 256K colors",,2.6,320x480,222,28.2,,Android 4.0 (Ice Cream Sandwich),Mediatek MT6575M (65 nm),65,1.0 GHz Cortex-A9,PowerVR SGX531,,,,,,5.0,1,,No,,No,LED flash,Yes,1.3,No,,,"Wi-Fi 802.11 b/g, hotspot",No,2.0,Micro-USB,No,GPS,Accelerometer,1200,,,No,,,,,,,,,,,"Black, White, Blue, Red",,,,Stereo FM radio
Plum,Plum Sync,https://www.gsmarena.com/plum_sync-5818.php,https://fdn2.gsmarena.com/vv/bigpic/plum-sync.jpg,GSM,No,"2013, September. Released 2013, October",Discontinued,118 x 62.4 x 11.5 mm (4.65 x 2.46 x 0.45 in),110.0,,,Dual SIM,"TFT, 256K colors",,3.5,320x480,165,49.5,,Android 4.2 (Jelly Bean),Mediatek MT6572 (28 nm),28,Dual-core 1.0 GHz Cortex-A7,Mali-400,,,,,,5.0,1,,No,,No,,Yes,5.0,No,,,"Wi-Fi 802.11 b/g, hotspot",No,2.1,Micro-USB,Yes,GPS,"Accelerometer, proximity, compass",1100,,,No,,,,,,,,,,,"Black, White",,,,Stereo FM radio
Plum,Plum Axe II,https://www.gsmarena.com/plum_axe_ii-5817.php,https://fdn2.gsmarena.com/vv/bigpic/plum-axe-2.jpg,GSM / HSPA,No,"2013, October. Released 2013, October",Discontinued,125.5 x 65 x 11.8 mm (4.94 x 2.56 x 0.46 in),110.0,,,Dual SIM,"TFT, 256K colors",,4.0,480x800,233,55.8,,Android 4.2 (Jelly Bean),Mediatek MT6572AW,,Dual-core 1.2 GHz Cortex-A7,Mali-400,,,4,4,,5.0,1,,No,,No,LED flash,Yes,1.3,No,,,Wi-Fi 802.11 b/g/n,No,2.1,Micro-USB,Yes,GPS,"Accelerometer, proximity",1450,,,No,,,,,,,,,,,"Black, White, Blue, Red",,,,Stereo FM radio
Plum,Plum Ten 3G,https://www.gsmarena.com/plum_ten_3g-5589.php,https://fdn2.gsmarena.com/vv/bigpic/plum-ten.jpg,GSM / HSPA,No,"2013, May. Released 2013, June",Discontinued,246 x 175 x 10.2 mm (9.69 x 6.89 x 0.40 in),550.0,,,Dual SIM,IPS LCD,,10.1,800x1280,149,68.7,,Android 4.2 (Jelly Bean),Mediatek MT8377 (40 nm),40,Dual-core 1.2 GHz Cortex-A9,PowerVR SGX531u,1,1,16,16,,2.0,1,,No,,No,LED flash,Yes,1.3,No,,,"Wi-Fi 802.11 a/b/g/n, dual-band, hotspot",No,4.0,Micro-USB,Yes,GPS,"Accelerometer, proximity",6000,,,No,,,,,,,,,,,Silver,,,,FM radio
Plum,Plum Link II,https://www.gsmarena.com/plum_link_ii-5588.php,https://fdn2.gsmarena.com/vv/bigpic/plum-link-ii.jpg,No cellular connectivity,No,2013. Released 2013,Discontinued,188.1 x 112.2 x 10.1 mm (7.41 x 4.42 x 0.40 in),310.0,,,No,TFT,,7.0,600x1024,170,65.3,,Android 4.2.2 (Jelly Bean),,,1.5 GHz,,1,1,8,8,,2.0,1,,No,,No,,Yes,1.3,No,,,"Wi-Fi 802.11 a/b/g/n, dual-band",No,,Micro-USB,Yes,No,Accelerometer,3000,,,No,,,,,,,,,,,"Black, White",,,,No
Plum,Plum Volt 3G,https://www.gsmarena.com/plum_volt_3g-5587.php,https://fdn2.gsmarena.com/vv/bigpic/plum-volt.jpg,GSM / HSPA,No,"2013, May. Released 2013, June",Discontinued,141 x 69 x 9 mm (5.55 x 2.72 x 0.35 in),150.0,,,Dual SIM (Mini-SIM),IPS LCD,,5.0,1080x1920,441,70.8,,Android 4.2 (Jelly Bean),Mediatek MT6589 (28 nm),28,Quad-core 1.2 GHz Cortex-A7,PowerVR SGX544,1,1,4,4,,8.0,1,,No,,No,LED flash,1080p@30fps,2.0,No,,,"Wi-Fi 802.11 a/b/g/n, dual-band, hotspot",No,2.1,miniUSB 2.0,Yes,GPS,"Accelerometer, proximity",2000,,,No,,,,,,,,,,,Black/White,,,,FM radio
Plum,Plum Mouse,https://www.gsmarena.com/plum_mouse-5586.php,https://fdn2.gsmarena.com/vv/bigpic/plum-mouse.jpg,GSM,No,"2013, May. Released 2013, June",Discontinued,113 x 59 x 16.5 mm (4.45 x 2.32 x 0.65 in),65.0,,,Dual SIM (Mini-SIM),TFT resistive touchscreen,,2.75,240x400,170,32.3,,,,,,,,,,,,1.3,1,,No,,No,,Yes,,No,,,No,No,2.1,Micro-USB,No,No,,950,,,No,,,,,,,,,,,"Black, Red, Pink, Blue",,,,FM radio
Plum,Plum Dazzle,https://www.gsmarena.com/plum_dazzle-5585.php,https://fdn2.gsmarena.com/vv/bigpic/plum-dazzle.jpg,GSM,No,"2013, May. Released 2013, June",Discontinued,109.2 x 54.2 x 12.4 mm (4.30 x 2.13 x 0.49 in),118.0,,,Dual SIM (Mini-SIM),TFT,,2.4,240x320,167,30.1,,,,,,,,,,,,1.3,1,,No,,No,,Yes,,No,,,No,No,2.1,Proprietary,No,No,,800,,,No,,,,,,,,,,,"Black, Red, White, Blue",,,,FM radio
Plum,Plum Ram,https://www.gsmarena.com/plum_ram-5584.php,https://fdn2.gsmarena.com/vv/bigpic/plum-ram.jpg,GSM,No,"2013, May. Released 2013, June",Discontinued,119 x 53 x 20 mm (4.69 x 2.09 x 0.79 in),140.0,,IP67,Dual SIM (Mini-SIM),"TFT, 256K colors",,2.0,176x220,141,20.0,,,,,,,,,,,,1.3,1,,No,,No,,Yes,,No,,,No,No,2.0,Micro-USB,Yes,No,,1700,,,No,,,,,,,,,,,"Black, Orange, Red",,,,FM radio
Plum,Plum Z710,https://www.gsmarena.com/plum_z710-5416.php,https://fdn2.gsmarena.com/vv/bigpic/plum-z710.jpg,GSM / HSPA,No,"2013, February. Released 2013, April",Discontinued,-,,,,Dual SIM,"TFT, 256K colors",,7.0,600x1024,170,,,Android 4.1.2 (Jelly Bean),Mediatek MT6577 (40 nm),40,Dual-core 1.2 GHz Cortex-A9,PowerVR SGX531u,1,1,16,16,,3.15,1,,No,,No,,Yes,1.3,No,,,Wi-Fi 802.11 b/g,No,4.0,miniUSB,Yes,GPS,"Accelerometer, proximity, compass",3000,,,No,,,,,,,,,,,"Black, White",,,,FM radio
Plum,Plum Trigger,https://www.gsmarena.com/plum_trigger-5415.php,https://fdn2.gsmarena.com/vv/bigpic/plum-trigger.jpg,GSM / HSPA,No,"2013, February. Released 2013, April",Discontinued,117 x 61.5 x 11.6 mm (4.61 x 2.42 x 0.46 in),103.0,,,Dual SIM,"TFT, 256K colors",,3.5,320x480,165,50.7,,Android 4.0 (Ice Cream Sandwich),Mediatek MT6575 (40 nm),40,1.0 GHz Cortex-A9,PowerVR SGX531,,,,,,2.0,1,,No,,No,LED flash,Yes,,No,,,Wi-Fi 802.11 b/g,No,4.0,miniUSB,Yes,GPS,"Accelerometer, proximity, compass",1350,,,No,,,,,,,,,,,"Black, White",,,,FM radio
Plum,Plum Glow,https://www.gsmarena.com/plum_glow-5414.php,https://fdn2.gsmarena.com/vv/bigpic/plum-glow.jpg,GSM,No,"2013, February. Released 2013, April",Discontinued,112 x 61.5 x 12.9 mm (4.41 x 2.42 x 0.51 in),105.0,,,Dual SIM,"TFT, 256K colors",,3.5,320x480,165,53.0,,Android 2.3.5 (Gingerbread),,,1.0 GHz,,,,,,,5.0,1,,No,,No,LED flash,Yes,1.3,No,,,Wi-Fi 802.11 b/g,No,2.1,miniUSB,Yes,GPS,"Accelerometer, proximity, compass",1500,,,No,,,,,,,,,,,"Black, White",,,,FM radio
Plum,Plum Panther,https://www.gsmarena.com/plum_panther-5413.php,https://fdn2.gsmarena.com/vv/bigpic/plum-panther.jpg,GSM,No,"2013, February. Released 2013, April",Discontinued,80.9 x 38.6 x 21.5 mm (3.19 x 1.52 x 0.85 in),47.0,,,Dual SIM,TFT,,1.44,240x160,200,19.8,,,,,,,,,,,,1.3,1,,No,,No,,Yes @10fps,,No,,,No,No,2.0,Micro-USB,No,No,,750,,,No,,,,,,,,,,,"White, Black, Red",,,,FM radio
Plum,Plum Caliber II,https://www.gsmarena.com/plum_caliber_ii-5412.php,https://fdn2.gsmarena.com/vv/bigpic/plum-caliber-ii.jpg,GSM / UMTS / HSPA,No,"2013, February. Released 2013, April",Discontinued,116 x 51.6 x 13.5 mm (4.57 x 2.03 x 0.53 in),125.0,,,Dual SIM,"TFT, 256K colors",,2.4,320x240,167,29.8,,,Mediatek MT6276,,650 MHz,,,,1,1,,3.15,1,,No,,No,LED flash,Yes,1.3,No,,,Wi-Fi 802.11 b/g,No,4.0,,Yes,GPS,,1500,,,No,,,,,,,,,,,"Black, White",,,,Stereo FM radio
Plum,Plum Signal,https://www.gsmarena.com/plum_signal-5200.php,https://fdn2.gsmarena.com/vv/bigpic/plum-p110.jpg,GSM,No,"2012, September. Released 2012, October",Discontinued,92 x 45 x 17.5 mm (3.62 x 1.77 x 0.69 in),89.0,,,Dual SIM (Mini-SIM),TFT,,1.8,160x120,111,24.2,,,Mediatek MT6250,,,,,,,,,1.3,1,,No,,No,,@10fps,,No,,,No,No,2.0,Micro-USB,No,No,,800,,,No,,,,,,,,,,,"White, Blue, Pink, Green, Red",,,,Stereo FM radio
Plum,Plum Hammer,https://www.gsmarena.com/plum_hammer-5199.php,https://fdn2.gsmarena.com/vv/bigpic/plum-e100.jpg,GSM,No,"2012, November. Released 2012, December",Discontinued,116 x 52.8 x 19.8 mm (4.57 x 2.08 x 0.78 in),93.0,,,Dual SIM (Mini-SIM),"TFT, 65K colors",,2.0,240x320,200,20.2,,,,,,,,,,,,1.3,1,,No,,No,LED flash,320p@10fps,,No,,,No,No,2.0,Micro-USB,No,No,,1500,,,No,,,,,,,,,,,"Black, Orange, Camouflage",,,,Stereo FM radio
Plum,Plum Flipper,https://www.gsmarena.com/plum_flipper-5198.php,https://fdn2.gsmarena.com/vv/bigpic/plum-d105.jpg,GSM,No,"2012, September. Released 2012, December",Discontinued,92 x 45 x 17.5 mm (3.62 x 1.77 x 0.69 in),82.0,,,Dual SIM (Mini-SIM),"TFT, 65K colors",,2.0,128x160,102,30.4,,,,,,,,,,,,1.3,1,,No,,No,,Yes @10fps,,No,,,No,No,2.0,miniUSB,No,No,,800,,,No,,,,,,,,,,,"Black, Blue, Red",,,,Stereo FM radio
Plum,Plum Debut,https://www.gsmarena.com/plum_debut-4767.php,https://fdn2.gsmarena.com/vv/bigpic/plum-debut-new.jpg,GSM / HSPA,No,"2012, May. Released 2012, May",Discontinued,200 x 120 x 8.9 mm (7.87 x 4.72 x 0.35 in),388.0,,,Mini-SIM,TFT,,7.0,600x1024,170,57.5,,Android 4.0 (Ice Cream Sandwich),Qualcomm MSM8255 Snapdragon S2,,1.4 GHz Scorpion,Adreno 205,,,4,4,,5.0,1,,No,,No,,Yes,1.3,No,,,"Wi-Fi 802.11 b/g, hotspot",,2.0,Micro-USB,Yes,GPS,Accelerometer,4250,,,No,,,,,,,,,,,"Black, White",,,,Stereo FM radio
Plum,Plum Link,https://www.gsmarena.com/plum_link-5063.php,https://fdn2.gsmarena.com/vv/bigpic/plum-link.jpg,No cellular connectivity,No,"2012, August. Released 2012, October",Discontinued,193 x 120 x 11 mm (7.60 x 4.72 x 0.43 in),260.0,,,No,"TFT, 256K colors",,7.0,480x800,133,60.2,,Android 4.0 (Ice Cream Sandwich),,,1.2 GHz,,,,4,4,,1.3,1,,No,,No,,Yes,,No,,,Wi-Fi 802.11 b/g,No,,miniUSB 2.0,Yes,No,Accelerometer,2800,,,No,,,,,,,,,,,"Black, White",,,,No
Plum,Plum Might,https://www.gsmarena.com/plum_might-4768.php,https://fdn2.gsmarena.com/vv/bigpic/plum-might-new.jpg,GSM / HSPA,No,"2012, May. Released 2012, May",Discontinued,147 x 82.4 x 10.5 mm (5.79 x 3.24 x 0.41 in),180.0,,,Dual SIM (Mini-SIM),"TFT, 256K colors",,5.3,480x800,176,66.0,,Android 4.0 (Ice Cream Sandwich),Mediatek MT6575 (40 nm),40,1.0 GHz Cortex-A9,PowerVR SGX531,,,1,1,,5.0,1,,No,,No,LED flash,Yes,1.3,No,,,"Wi-Fi 802.11 b/g, hotspot",,2.0,miniUSB 2.0,Yes,"GPS, A-GPS","Accelerometer, proximity",2500,,,No,,,,,,,,,,,"Black, White",,,,Stereo FM radio
Plum,Plum Axe,https://www.gsmarena.com/plum_axe-4764.php,https://fdn2.gsmarena.com/vv/bigpic/plum-axe.jpg,GSM / HSPA,No,"2012, May. Released 2012, May",Discontinued,122 x 63.6 x 10.4 mm (4.80 x 2.50 x 0.41 in),98.0,,,Dual SIM (Mini-SIM),"TFT, 256K colors",,4.0,480x800,233,58.7,,Android 4.0 (Ice Cream Sandwich),Mediatek MT6575 (40 nm),40,1.0 GHz Cortex-A9,PowerVR SGX531,,,4,4,,5.0,1,,No,,No,LED flash,Yes,,No,,,"Wi-Fi 802.11 b/g, Mi-Fi hotspot",,2.1,miniUSB,Yes,"GPS, A-GPS","Accelerometer, proximity, compass",1400,,,No,,,,,,,,,,,"Black, White",,,,Stereo FM radio
Plum,Plum Capacity,https://www.gsmarena.com/plum_capacity-4765.php,https://fdn2.gsmarena.com/vv/bigpic/plum-capacity.jpg,GSM / HSPA,No,"2012, May. Released 2012, May",Discontinued,118 x 62 x 12 mm (4.65 x 2.44 x 0.47 in),98.0,,,Dual SIM (Mini-SIM),TFT,,3.5,320x480,165,49.9,,Android 2.3 (Gingerbread),Mediatek MT6573 (65 nm),65,650 MHz Cortex-A9,PowerVR SGX531,,,,,,3.15,1,,No,,No,LED flash,Yes,1.3,No,,,"Wi-Fi 802.11 b/g/n, DLNA, hotspot",,2.0,Micro-USB,Yes,"GPS, A-GPS","Accelerometer, proximity, compass",1200,,,No,,,,,,,,,,,"Black, Red",,,,Stereo FM radio
Plum,Plum Wicked,https://www.gsmarena.com/plum_wicked-4657.php,https://fdn2.gsmarena.com/vv/bigpic/plum-wicked-new.jpg,GSM / HSPA,No,"2012, February. Released 2012, March",Discontinued,110 x 58 x 13.4 mm (4.33 x 2.28 x 0.53 in),92.0,,,"Dual SIM (Mini-SIM, dual stand-by)",TFT resistive touchscreen,,2.8,240x320,143,38.1,,Android 2.2 (Froyo),,,,,,,,,,2.0,1,,No,,No,,320p@30fps,,No,,,"Wi-Fi 802.11 b/g, hotspot",,2.1,Micro-USB,Yes,"GPS, A-GPS","Accelerometer, compass",1000,,,No,,,,,,,,,,,"Black, White",,,,FM radio
Plum,Plum Flix,https://www.gsmarena.com/plum_flix-4766.php,https://fdn2.gsmarena.com/vv/bigpic/plum-flix.jpg,GSM / HSPA,No,"2012, May. Released 2012, May",Discontinued,108 x 57 x 14.5 mm (4.25 x 2.24 x 0.57 in),90.0,,,Dual SIM (Mini-SIM),TFT,,3.2,320x480,180,49.5,,Android 2.3.5 (Gingerbread),Mediatek MT6573 (65 nm),65,800 MHz Cortex-A9,PowerVR SGX531,,,,,,3.15,1,,No,,No,,Yes,,No,,,Wi-Fi 802.11 b/g/n,,2.0,Micro-USB,No,GPS,"Accelerometer, proximity",1200,,,No,,,,,,,,,,,Black,,,,FM radio
Plum,Plum Orbit,https://www.gsmarena.com/plum_orbit-4743.php,https://fdn2.gsmarena.com/vv/bigpic/plum-orbit.jpg,GSM,No,"2012, May. Released 2012, May",Discontinued,104 x 57.3 x 11 mm (4.09 x 2.26 x 0.43 in),92.0,,,Dual SIM (Mini-SIM),TFT resistive touchscreen,,3.2,240x400,146,48.9,,Android 2.3.1 (Gingerbread),Mediatek MT6516,,416 MHz,,,,,,,2.0,1,,No,,No,LED flash,Yes,,No,,,"Wi-Fi 802.11 b/g/n, hotspot",,2.0,Micro-USB,Yes,"GPS, A-GPS",Accelerometer,1100,,,No,,,,,,,,,,,"Black, White, Pink",,,,FM radio
Plum,Plum Velocity,https://www.gsmarena.com/plum_velocity-4186.php,https://fdn2.gsmarena.com/vv/bigpic/plum-velocity.jpg,GSM,No,"2011, September. Released 2011, September",Discontinued,113.5 x 62.5 x 12.6 mm (4.47 x 2.46 x 0.50 in),135.0,,,"Dual SIM (Mini-SIM, dual stand-by)",TFT resistive touchscreen,,2.6,320x240,154,29.5,,Android 2.2 (Froyo),Mediatek MT6516,,416 MHz,,,,,,,2.0,1,,No,,No,LED flash,720p@30fps,,No,,,Wi-Fi 802.11 b/g,,2.0,Micro-USB,No,"GPS, A-GPS",,800,,,No,,,,,,,,,,,"Black, White",,,,FM radio
Plum,Plum Caliber,https://www.gsmarena.com/plum_caliber-4152.php,https://fdn2.gsmarena.com/vv/bigpic/plum-caliber.jpg,GSM / HSPA,No,"2011, September. Released 2011, September",Discontinued,107 x 49 x 14.1 mm (4.21 x 1.93 x 0.56 in),90.0,,,"Dual SIM (Mini-SIM, dual stand-by)",TFT,,2.2,240x320,182,28.6,,,Mediatek MT6573 (65 nm),65,650 MHz Cortex-A9,PowerVR SGX531,,,,,,2.0,1,,No,,No,LED flash,Yes,1.0,No,,,No,,2.1,Micro-USB,Yes,No,,1050,,,No,,,,,,,,,,,"Black, Red, White",,,,Stereo FM radio
Plum,Plum Switch,https://www.gsmarena.com/plum_switch-4936.php,https://fdn2.gsmarena.com/vv/bigpic/plum-switch.jpg,GSM / HSPA,No,"2012, February. Released 2012, August",Discontinued,106.1 x 37 x 13.8 mm (4.18 x 1.46 x 0.54 in),106.0,,,Mini-SIM,TFT,,1.77,160x240,163,23.8,,,Mediatek MT6276,,,,,,1,1,,,,,No,,No,,,,No,,,"Wi-Fi 802.11 b/g, Mi-Fi hotspot",,2.1,2.0,No,No,,430,,,No,,,,,,,,,,,"Black, Blue, Green, White",,,,FM radio
Plum,Plum Galactic,https://www.gsmarena.com/plum_galactic-4153.php,https://fdn2.gsmarena.com/vv/bigpic/plum-galactic.jpg,GSM,No,"2011, September. Released 2011, September",Discontinued,118 x 58.3 x 13.7 mm (4.65 x 2.30 x 0.54 in),93.4,,,"Dual SIM (Mini-SIM, dual stand-by)",TFT,,2.55,320x240,157,29.3,,,,,208 MHz MTK 6235,,,,1,1,,,1,,No,,No,LED flash,Yes,,No,,,Wi-Fi 802.11 b/g/n,,,Micro-USB,Yes,No,,900,,,No,,,,,,,,,,,"Black blue, black orange, black purple, white blue, white orange, white purple",,,,Stereo FM radio
Plum,Plum Tracer II,https://www.gsmarena.com/plum_tracer_ii-4183.php,https://fdn2.gsmarena.com/vv/bigpic/plum-tracer.jpg,GSM,No,"2011, September. Released 2011, September",Discontinued,118 x 58.3 x 13.7 mm (4.65 x 2.30 x 0.54 in),93.4,,,"Dual SIM (Mini-SIM, dual stand-by)",TFT resistive touchscreen,,2.8,240x320,143,35.3,,,Mediatek MT6235,,200 MHz,,,,,,,1.3,1,,No,,No,LED flash,Yes,,No,,,Wi-Fi 802.11 b/g/n,,,Micro-USB,No,No,,900,,,No,,,,,,,,,,,"Black, white, red",,,,FM radio
Plum,Plum Geo,https://www.gsmarena.com/plum_geo-4940.php,https://fdn2.gsmarena.com/vv/bigpic/plum-geo.jpg,GSM,No,"2012, August. Released 2012, September",Discontinued,106.9 x 58.4 x 15.5 mm (4.21 x 2.30 x 0.61 in),90.0,,,Dual SIM (Mini-SIM),TFT resistive touchscreen,,2.6,240x320,154,33.5,,,,,,,,,,,,1.3,1,,No,,No,,Yes,,No,,,No,,2.0,Micro-USB,Yes,No,,1050,,,No,,,,,,,,,,,"Black, White, Silver",,,,Stereo FM radio
Plum,Plum Tingle,https://www.gsmarena.com/plum_tingle-4182.php,https://fdn2.gsmarena.com/vv/bigpic/plum-tingle.jpg,GSM,No,"2011, August. Released 2011, September",Discontinued,113.7 x 58 x 12.8 mm (4.48 x 2.28 x 0.50 in),126.0,,,"Dual SIM (Mini-SIM, dual stand-by)","TFT, 256K colors",,2.8,240x400,167,33.8,,,,,MT 6253 chipset,,,,,,,1.3,1,,No,,No,LED flash,Yes,,No,,,No,,,Micro-USB,No,No,,1100,,,No,,,,,,,,,,,"Red, Black, Blue, Magenta",,,,FM radio
Plum,Plum Genius,https://www.gsmarena.com/plum_genius-4154.php,https://fdn2.gsmarena.com/vv/bigpic/plum-genius.jpg,GSM,No,"2011, July. Released 2011, July",Discontinued,110 x 58 x 13.9 mm (4.33 x 2.28 x 0.55 in),91.0,,,Triple SIM (Mini-SIM),"TFT, 65K colors",,2.0,220x176,141,19.7,,,,,,,,,,,,1.3,1,,No,,No,LED flash,320p@10fps,,No,,,No,,1.2,Micro-USB,No,No,,1200,,,No,,,,,,,,,,,"Orange, Green, Orchid, Yellow, Sky Blue",,,,Stereo FM radio
Plum,Plum Blast,https://www.gsmarena.com/plum_blast-4150.php,https://fdn2.gsmarena.com/vv/bigpic/plum-blast.jpg,GSM,No,"2011, January. Released 2011, January",Discontinued,112.2 x 57.6 x 13.4 mm (4.42 x 2.27 x 0.53 in),91.0,,,"Dual SIM (Mini-SIM, dual stand-by)",TFT,,2.0,220x176,141,19.5,,,,,,,,,,,,1.3,1,,No,,No,LED flash,@10fps,,No,,,No,,2.0,Micro-USB,No,No,,800,,,No,,,,,,,,,,,"White, Yellow, Light Blue, Pink, Green, Dark Red",,,,Stereo FM radio
Plum,Plum Whiz,https://www.gsmarena.com/plum_whiz-4187.php,https://fdn2.gsmarena.com/vv/bigpic/plum-whiz.jpg,GSM,No,"2011, September. Released 2011, September",Discontinued,111.4 x 57.1 x 16.1 mm (4.39 x 2.25 x 0.63 in),63.8,,,"Dual SIM (Mini-SIM, dual stand-by)",TFT,,2.0,240x320,200,19.5,,,,,,,,,,,,1.3,1,,No,,No,LED flash,Yes,,No,,,No,,,Micro-USB,No,No,,1000,,,No,,,,,,,,,,,"Black, Red, Blue, White",,,,FM radio
Plum,Plum Stubby,https://www.gsmarena.com/plum_stubby-4181.php,https://fdn2.gsmarena.com/vv/bigpic/plum-stuby.jpg,GSM,No,"2011, May. Released 2011, May",Discontinued,103 x 44 x 15 mm (4.06 x 1.73 x 0.59 in),83.0,,,"Dual SIM (Mini-SIM, dual stand-by)","TFT, 65K colors",,1.77,160x128,116,21.8,,,,,,,,,,,,1.3,1,,No,,No,,@10fps,,No,,,No,,1.2,Micro-USB,No,No,,800,,,No,,,,,,,,,,,"Black, white, Dark red, Silver, Yellow, Sky Blue, magenta, Violet, Green, Orange",,,,FM radio
Plum,Plum Stubby II,https://www.gsmarena.com/plum_stubby_ii-4366.php,https://fdn2.gsmarena.com/vv/bigpic/plum-stubby-2.jpg,GSM,No,"2011, October. Released 2011, November",Discontinued,100.6 x 56.2 x 12.5 mm (3.96 x 2.21 x 0.49 in),85.0,,,"Dual SIM (Mini-SIM, dual stand-by)",TFT,,2.0,176x144,114,22.4,,,,,,,,,,,,1.3,1,,No,,No,,Yes,,No,,,No,,,Proprietary,No,No,,800,,,No,,,,,,,,,,,"Blue, Magenta, Orange, Green, Red",,,,FM radio
Plum,Plum Strike,https://www.gsmarena.com/plum_strike-4189.php,https://fdn2.gsmarena.com/vv/bigpic/plum-stryke.jpg,GSM,No,"2011, May. Released 2011, September",Discontinued,112 x 52 x 15 mm (4.41 x 2.05 x 0.59 in),90.0,,,"Dual SIM (Mini-SIM, dual stand-by)",TFT,,2.0,144x176,114,21.7,,,Mediatek MT6252,,,,,,,,,1.3,1,,No,,No,,Yes,,No,,,No,,,Micro-USB,Yes,No,,800,,,No,,,,,,,,,,,"Black, white, red, blue, rose",,,,"FM radio, recording"
Plum,Plum Profile,https://www.gsmarena.com/plum_profile-4365.php,https://fdn2.gsmarena.com/vv/bigpic/plum-profile.jpg,GSM,No,"2011, November. Released 2011, November",Discontinued,94.2 x 45 x 18.5 mm (3.71 x 1.77 x 0.73 in),65.7,,,"Dual SIM (Mini-SIM, dual stand-by)",TFT,,1.77,240x320,226,22.9,,,,,,,,,,,,1.3,1,,No,,No,,Yes,,No,,,No,,,Proprietary,No,No,,800,,,No,,,,,,,,,,,"Orange, Red, Blue, Green, Purple, Black (with black and white)",,,,FM radio
Plum,Plum Inspire,https://www.gsmarena.com/plum_inspire-4155.php,https://fdn2.gsmarena.com/vv/bigpic/plum-inspire.jpg,GSM,No,"2011, June. Released 2011, June",Discontinued,113.5 x 49.2 x 14.5 mm (4.47 x 1.94 x 0.57 in),75.0,,,"Dual SIM (Mini-SIM, dual stand-by)",TFT,,2.4,240x320,167,31.9,,,,,,,,,,,,,1,,No,,No,LED flash,Yes,,No,,,No,,,Micro-USB,No,No,,700,,,No,,,,,,,,,,,"Black, white, orange, Magenta, light blue, dark red",,,,Stereo FM radio
Plum,Plum Spare,https://www.gsmarena.com/plum_spare-4180.php,https://fdn2.gsmarena.com/vv/bigpic/plum-spare.jpg,GSM,No,"2011, April. Released 2011, April",Discontinued,102 x 45 x 13.6 mm (4.02 x 1.77 x 0.54 in),65.0,,,"Dual SIM (Mini-SIM, dual stand-by)",TFT,,1.77,240x320,226,21.1,,,,,,,,,,,,,1,,No,,No,,Yes,,No,,,No,,,Micro-USB,No,No,,700,,,No,,,,,,,,,,,"Black, dark red, dark blue, light blue, light red, purple, pink, green, orange, champagne",,,,FM radio
Plum,Plum Boom,https://www.gsmarena.com/plum_boom-4151.php,https://fdn2.gsmarena.com/vv/bigpic/plum-boom.jpg,GSM,No,"2011, April. Released 2011, April",Discontinued,100.2 x 41.3 x 15.3 mm (3.94 x 1.63 x 0.60 in),85.0,,,Dual SIM (Mini-SIM),"TFT, 65K colors",,1.77,128x160,116,23.8,,,,,,,,,,,,1.3,1,,No,,No,,@10fps,,No,,,No,,2.0,Micro-USB,No,No,,800,,,No,,,,,,,,,,,"Black, white, red, Orchid, Yellow, Dark Blue, Magenta, Coral, Green, Orange",,,,Stereo FM radio
Plum,Plum Snap,https://www.gsmarena.com/plum_snap-4179.php,https://fdn2.gsmarena.com/vv/bigpic/plum-snap.jpg,GSM,No,"2011, May. Released 2011, May",Discontinued,107.5 x 45.5 x 14.5 mm (4.23 x 1.79 x 0.57 in),95.0,,,"Dual SIM (Mini-SIM, dual stand-by)","TFT, 65K colors",,1.8,128x160,114,20.8,,,,,,,,,,,,,1,,No,,No,,QCIF@10fps,,No,,,No,,2.1,Micro-USB,No,No,,650,,,No,,,,,,,,,,,"Black, Purple, Red, Magenta, Champagne, Apple Green",,,,"Stereo FM radio, recording"
Plum,Plum Buzz,https://www.gsmarena.com/plum_buzz-4937.php,https://fdn2.gsmarena.com/vv/bigpic/plum-buzz.jpg,GSM,No,"2012, February. Released 2012, August",Discontinued,109.4 x 46 x 9.5 mm (4.31 x 1.81 x 0.37 in),50.5,,,Dual SIM (Mini-SIM),TFT,,1.77,240x320,226,19.3,,,,,,,,,,,,1.3,1,,No,,No,,Yes,,No,,,No,,,Micro-USB,No,No,,700,,,No,,,,,,,,,,,"Black, White, Red, Blue, Green, Purple",,,,FM radio
Plum,Plum Tweek,https://www.gsmarena.com/plum_tweek-4364.php,https://fdn2.gsmarena.com/vv/bigpic/plum-tweek.jpg,GSM,No,"2012, August. Released 2012, September",Discontinued,104 x 44 x 14.8 mm (4.09 x 1.73 x 0.58 in),50.5,,,Dual SIM (Mini-SIM),TFT,,1.77,240x320,226,21.2,,,,,,,,,,,,1.3,1,,No,,No,,Yes,,No,,,No,,,Micro-USB,No,No,,800,,,No,,,,,,,,,,,"Black, White, Red, Blue, Green, Purple",,,,FM radio
Plum,Plum Kazzom,https://www.gsmarena.com/plum_kazzom-4156.php,https://fdn2.gsmarena.com/vv/bigpic/plum-kazzom.jpg,GSM,No,"2011, August. Released 2011, August",Discontinued,102 x 43 x 14.6 mm (4.02 x 1.69 x 0.57 in),69.0,,,"Dual SIM (Mini-SIM, dual stand-by)","TFT, 65K colors",,1.77,128x160,116,22.5,,,,,,,,,,,,,,,No,,No,,,,No,,,No,,,No,No,No,,600,,,No,,,,,,,,,,,"Blue, Purple, Orange, Yellow, Orchid, Green ,White",,,,FM radio
Plum,Plum Trip,https://www.gsmarena.com/plum_trip-4185.php,https://fdn2.gsmarena.com/vv/bigpic/plum-trip.jpg,GSM,No,"2011, September. Released 2011, September",Discontinued,104 x 43.8 x 16.7 mm (4.09 x 1.72 x 0.66 in),50.5,,,"Dual SIM (Mini-SIM, dual stand-by)",TFT,,1.77,240x320,226,21.3,,,,,,,,,,,,1.3,1,,No,,No,,Yes,,No,,,No,,,Micro-USB,No,No,,700,,,No,,,,,,,,,,,"White, white black, white purple, white red, white blue, black orange, black red, black yellow, blac",,,,FM radio
Plum,Plum Trion,https://www.gsmarena.com/plum_trion-4184.php,https://fdn2.gsmarena.com/vv/bigpic/plum-trion.jpg,GSM,No,"2011, June. Released 2011, June",Discontinued,107.6 x 44.9 x 14.4 mm (4.24 x 1.77 x 0.57 in),66.0,,,"Dual SIM (Mini-SIM, dual stand-by)","TFT, 65K colors",,1.77,128x160,116,20.4,,,,,,,,,,,,,,,No,,No,,,,No,,,No,,,Micro-USB,No,No,,700,,,No,,,,,,,,,,,"Blue, Purple, Orange, Yellow, Orchid, Green, White, Red, Lime, Light Blue",,,,FM radio
Plum,Plum Bubby,https://www.gsmarena.com/plum_bubby-4938.php,https://fdn2.gsmarena.com/vv/bigpic/plum-bubby.jpg,GSM,No,"2012, August. Released 2012, August",Discontinued,104 x 44 x 14.8 mm (4.09 x 1.73 x 0.58 in),50.5,,,Dual SIM (Mini-SIM),TFT,,1.77,120x160,113,21.2,,,,,,,,,,,,,,,No,,No,,,,No,,,No,,,Micro-USB,No,No,,700,,,No,,,,,,,,,,,"Black, White, Red, Blue",,,,FM radio
Wiko,Wiko T30,https://www.gsmarena.com/wiko_t30_5g-14279.php,https://fdn2.gsmarena.com/vv/bigpic/wiko-t30.jpg,GSM / CDMA / HSPA / LTE / 5G,Yes,"2025, October 15","Available. Released 2025, October",168.8 x 78.1 x 8.5 mm (6.65 x 3.07 x 0.33 in),199.6,,,Nano-SIM + Nano-SIM,"IPS LCD, 120Hz",120,6.75,720x1600,260,83.4,,Android 15,Mediatek Dimensity 6300 (6 nm),6,Octa-core (2x2.4 GHz Cortex-A76 & 6x2.0 GHz Cortex-A55),Mali-G57 MC2,4,8,128,256,,50.0,1,,No,,No,LED flash,1080p@30fps,5.0,No,,Yes,Wi-Fi 802.11 a/b/g/n/ac,No,5.2,Type-C,Yes,"GPS, GLONASS, GALILEO","Fingerprint (side-mounted), accelerometer",5000,18,,No,,,,,,,,,,,"Black, White",,,,Unspecified
Wiko,Wiko T40,https://www.gsmarena.com/wiko_t40-14051.php,https://fdn2.gsmarena.com/vv/bigpic/wiko-t40.jpg,GSM / HSPA / LTE,No,2025,Available. Released 2025,164.2 x 75.3 x 8.8 mm (6.46 x 2.96 x 0.35 in),183.0,,,Nano-SIM + Nano-SIM,"IPS LCD, 90Hz",90,6.56,720x1612,269,83.6,,Android 14,Mediatek Helio G85 (12 nm),12,Octa-core (2x2.0 GHz Cortex-A75 & 6x1.8 GHz Cortex-A55),Mali-G52 MC2,,,128,256,,50.0,1,,No,,No,LED flash,1080p@30fps,8.0,No,,Yes,Wi-Fi 802.11 a/b/g/n/ac,No,5.2,Type-C,Yes,"GPS, GLONASS, GALILEO","Fingerprint (side-mounted), accelerometer",5000,18,,No,,,,,,,,,,,"Sunrise Violet, Champagne Gold, Sky Mirror, Dark Blue",,,,Unspecified
Wiko,Wiko T20,https://www.gsmarena.com/wiko_t20-13118.php,https://fdn2.gsmarena.com/vv/bigpic/wiko-t20.jpg,GSM / HSPA / LTE,No,"2024, May","Available. Released 2024, May",164.5 x 75.9 x 8.9 mm (6.48 x 2.99 x 0.35 in),186.0,,,Nano-SIM + Nano-SIM,IPS LCD,,6.56,720x1612,269,82.8,Corning Gorilla Glass,Android 13,Unisoc SC9863A1 (22 nm),22,Octa-core (4x1.6 GHz Cortex-A55 & 4x1.2 GHz Cortex-A55),IMG8322,4,4,64,128,,8.0,1,2.0,No,1/4.0,No,LED flash,1080p@30fps,5.0,No,,Yes,Wi-Fi 802.11 b/g/n,No,4.2,Type-C,Yes,"GPS, GLONASS, GALILEO, BDS","Fingerprint (side-mounted), accelerometer",5000,10,,No,,,120.0,,,,,,,,"Black, Green, Blue",,,,Unspecified
Wiko,Wiko Hi Enjoy 60s,https://www.gsmarena.com/wiko_hi_enjoy_60s-12688.php,https://fdn2.gsmarena.com/vv/bigpic/wiko-hi-enjoy-60s.jpg,GSM / HSPA / LTE / 5G,Yes,"2023, November 07","Available. Released 2023, November 07",168.3 x 77.7 x 9 mm (6.63 x 3.06 x 0.35 in),199.0,,,Nano-SIM + Nano-SIM,TFT LCD,,6.75,720x1600,260,84.1,,HarmonyOS 3.0,Mediatek Dimensity 700 (7 nm),7,Octa-core (2x2.2 GHz Cortex-A76 & 6x2.0 GHz Cortex-A55),Mali-G57 MC2,,,128,256,,13.0,2,1.8,No,,No,"LED flash, panorama",1080p@30fps,8.0,No,,1080p@30fps,"Wi-Fi 802.11 a/b/g/n/ac, dual-band",No,5.1,Type-C,Yes,"GPS, GLONASS, GALILEO, BDS, QZSS","Fingerprint (side-mounted), accelerometer, proximity, compass",6000,5,,No,,,200.0,,,,,,,,"Black, Blue, White",GAR-AN60,,,Unspecified
Wiko,Wiko T60,https://www.gsmarena.com/wiko_t60-12477.php,https://fdn2.gsmarena.com/vv/bigpic/wiko-t60.jpg,GSM / HSPA / LTE,No,"2023, June 23","Available. Released 2023, June 23",165.8 x 75.8 x 9.8 mm (6.53 x 2.98 x 0.39 in),217.0,,,Nano-SIM + Nano-SIM,IPS LCD,,6.58,1080x2408,401,83.0,Corning Gorilla Glass,Android 13,Mediatek MT8788V/WA (12 nm),12,Octa-core (4x2.0 GHz Cortex-A73 & 4x2.0 GHz Cortex-A53),,8,8,256,256,,48.0,3,,No,,No,"LED flash, HDR, panorama",1080p@30fps,24.0,No,,1080p@30fps,"Wi-Fi 802.11 a/b/g/n/ac, dual-band",Yes,4.2,Type-C,Yes,"GPS, GLONASS, GALILEO","Fingerprint (side-mounted), accelerometer, gyro, proximity, compass",5200,,,No,,,,,,,,,,,"Black, Purple, Blue",,,,Unspecified
Wiko,Wiko 5G,https://www.gsmarena.com/wiko_5g-12049.php,https://fdn2.gsmarena.com/vv/bigpic/wiko-5g.jpg,GSM / CDMA / HSPA / CDMA2000 / LTE / 5G,Yes,"2022, December 27","Available. Released 2022, December 27",164.6 x 75.6 x 7.9 mm (6.48 x 2.98 x 0.31 in),191.0,,,Nano-SIM + Nano-SIM,"IPS LCD, 120Hz",120,6.78,1080x2388,387,89.5,,HarmonyOS 3.0,Qualcomm SM6375 Snapdragon 695 5G (6 nm),6,Octa-core (2x2.2 GHz Kryo 660 Gold & 6x1.7 GHz Kryo 660 Silver),Adreno 619,8,8,128,256,UFS 2.2,108.0,4,1.9,No,1/1.52,No,"LED flash, HDR, panorama","1080p@30fps, gyro-EIS",16.0,No,,1080p@30fps,"Wi-Fi 802.11 a/b/g/n/ac, dual-band, Wi-Fi Direct",No,5.1,Type-C,No,"GPS, GLONASS, GALILEO, BDS, QZSS","Fingerprint (side-mounted), accelerometer, compass",4000,66,,No,,,270.0,,,,,,,,"Black, Silver",,,,No
Wiko,Wiko 10,https://www.gsmarena.com/wiko_10-12034.php,https://fdn2.gsmarena.com/vv/bigpic/wiko-10.jpg,GSM / HSPA / LTE,No,"2022, September 22","Available. Released 2022, October 10",168.3 x 77.6 x 9 mm (6.63 x 3.06 x 0.35 in),199.0,,,Nano-SIM + Nano-SIM,IPS LCD,,6.75,720x1600,260,84.2,,Android 12,Mediatek MT6765 Helio G37 (12 nm),12,Octa-core (4x2.3 GHz Cortex-A53 & 4x1.8 GHz Cortex-A53),PowerVR GE8320,4,6,128,128,,50.0,3,1.8,No,1/2.76,No,"LED flash, HDR, panorama",1080p@30fps,8.0,No,HDR,1080p@30fps,"Wi-Fi 802.11 b/g/n/ac, dual-band",No,5.0,Type-C,Yes,"GPS, GLONASS, GALILEO, BDS","Fingerprint (side-mounted), accelerometer, proximity, compass",5000,5,,No,,,140.0,,,,,,,,"Klein Blue, Black, Silver",,,,No
Wiko,Wiko T50,https://www.gsmarena.com/wiko_t50-11607.php,https://fdn2.gsmarena.com/vv/bigpic/wiko-t50.jpg,GSM / HSPA / LTE,No,"2022, May 26","Available. Released 2022, May 26",160.7 x 73.3 x 8.4 mm (6.33 x 2.89 x 0.33 in),179.0,,,Nano-SIM + Nano-SIM,IPS LCD,,6.6,1080x2400,399,89.3,,Android 11,Mediatek MT6769Z Helio G85 (12 nm),12,Octa-core (2x2.0 GHz Cortex-A75 & 6x1.8 GHz Cortex-A55),Mali-G52 MC2,4,6,128,128,,64.0,3,,No,,No,"LED flash, HDR, panorama",1080p@30fps,16.0,No,,1080p@30fps,"Wi-Fi 802.11 a/b/g/n/ac, dual-band",No,5.1,Type-C,Yes,"GPS, GLONASS, GALILEO, BDS","Fingerprint (side-mounted), accelerometer, compass",4000,40,,No,,,,,,,,,,,"Black, Green, Pink","W-P861-01, W-P861-02",,,FM radio
Wiko,Wiko T10,https://www.gsmarena.com/wiko_t10-11606.php,https://fdn2.gsmarena.com/vv/bigpic/wiko-t10.jpg,GSM / HSPA / LTE,No,"2022, May 26","Available. Released 2022, May 26",163.9 x 75.8 x 9 mm (6.45 x 2.98 x 0.35 in),192.0,,,Nano-SIM + Nano-SIM,IPS LCD,,6.5,720x1600,270,82.1,,Android 11 (Go edition),Mediatek MT6761 Helio A22 (12 nm),12,Quad-core 2.0 GHz Cortex-A53,PowerVR GE8300,2,2,64,64,,13.0,1,,No,,No,"LED flash, panorama",1080p@30fps,5.0,No,,,Wi-Fi 802.11 b/g/n,No,5.0,Yes,Yes,"GPS, GLONASS, GALILEO, BDS","Accelerometer, proximity",5000,,,No,,,,,,,,,,,"Black, Green","W-V673-01, W-V673-02",,,FM radio
Wiko,Wiko T3,https://www.gsmarena.com/wiko_t3-11601.php,https://fdn2.gsmarena.com/vv/bigpic/wiko-t3.jpg,GSM / HSPA / LTE,No,"2021, December","Available. Released 2021, December",165.3 x 76 x 9.2 mm (6.51 x 2.99 x 0.36 in),188.0,,,· Nano-SIM · Nano-SIM + Nano-SIM,IPS LCD,,6.6,720x1600,266,83.7,,Android 11,Mediatek MT6765 Helio P35 (12 nm),12,Octa-core (4x2.3 GHz Cortex-A53 & 4x1.8 GHz Cortex-A53),PowerVR GE8320,4,4,128,128,,48.0,3,,No,,No,"LED flash, HDR, panorama",1080p@30fps,8.0,No,,,Wi-Fi 802.11 b/g/n,No,5.0,Yes,Yes,"GPS, GLONASS, GALILEO, BDS","Fingerprint (side-mounted), accelerometer, proximity",5000,,,No,,,,,,,,,,,"Black, Gold",,,,FM radio
Wiko,Wiko Y62 Plus,https://www.gsmarena.com/wiko_y62_plus-11676.php,https://fdn2.gsmarena.com/vv/bigpic/wiko-y62plus-thumb2.jpg,GSM / HSPA / LTE,No,"2021, Q3","Available. Released 2021, Q3",157 x 75.8 x 9.1 mm (6.18 x 2.98 x 0.36 in),172.0,,,Nano-SIM + Nano-SIM,IPS LCD,,6.1,720x1560,282,76.8,,Android 11 (Go edition),Mediatek MT6761D Helio A20 (12 nm),12,Quad-core 1.8 GHz Cortex-A53,PowerVR GE8320,2,2,32,32,,8.0,1,,No,,No,"LED flash, HDR",1080p@30fps,5.0,No,LED flash,,Wi-Fi 802.11 b/g/n,No,4.2,Micro-USB,Yes,"GPS, GLONASS, GALILEO, BDS","Accelerometer, proximity",3000,,,No,,,70.0,,,,,,,,"Dark Blue, Light Blue, Mint",W-K610-FRA,0.42 W/kg (head) 1.61 W/kg (body),,No
Wiko,Wiko Y82,https://www.gsmarena.com/wiko_y82-11681.php,https://fdn2.gsmarena.com/vv/bigpic/wiko-y82-new.jpg,GSM / HSPA / LTE,No,"2021, Q3","Available. Released 2021, Q3",155.5 x 73.3 x 9.3 mm (6.12 x 2.89 x 0.37 in),,,,Nano-SIM + Nano-SIM,IPS LCD,,6.1,720x1560,282,80.1,,Android 11,Unisoc SC9863A (28 nm),28,Octa-core (4x1.6 GHz Cortex-A55 & 4x1.2 GHz Cortex-A55),IMG8322,3,3,32,32,,13.0,1,,No,,No,"LED flash, HDR",720p@30fps,5.0,No,,,Wi-Fi 802.11 b/g/n,No,4.2,Micro-USB,Yes,"GPS, GLONASS, BDS","Accelerometer, proximity",3600,,,No,,,90.0,,,,,,,,"Black, Dark Blue, Light Blue",W-K630-EEA,0.27 W/kg (head) 1.39 W/kg (body),,No
Wiko,Wiko Power U30,https://www.gsmarena.com/wiko_power_u30-11678.php,https://fdn2.gsmarena.com/vv/bigpic/wiko-u30-new.jpg,CDMA / HSPA / LTE,No,"2021, June","Available. Released 2021, June",173.8 x 78.6 x 9.5 mm (6.84 x 3.09 x 0.37 in),214.0,,,Nano-SIM + Nano-SIM,IPS LCD,,6.82,720x1640,263,80.9,,Android 11,Mediatek MT6765G Helio G35 (12 nm),12,Octa-core (4x2.3 GHz Cortex-A53 & 4x1.8 GHz Cortex-A53),PowerVR GE8320,4,4,64,128,,13.0,3,,No,,No,"LED flash, HDR",1080p@30fps,8.0,No,,,Wi-Fi 802.11 b/g/n,No,4.2,Type-C,Yes,"GPS, GLONASS, GALILEO, BDS","Fingerprint (rear-mounted), accelerometer, proximity, compass",6000,15,,No,,,150.0,,,,,,,,"Carbon Blue, Midnight Blue, Mint",,0.58 W/kg (head) 1.36 W/kg (body),,No
Wiko,Wiko Y52,https://www.gsmarena.com/wiko_y52-11679.php,https://fdn2.gsmarena.com/vv/bigpic/wiko-y52-new.jpg,GSM / HSPA / LTE,No,"2021, November","Available. Released 2021, November",143.2 x 73.5 x 10.2 mm (5.64 x 2.89 x 0.40 in),153.0,,,Nano-SIM + Micro-SIM,TN LCD,,5.0,480x854,196,65.5,,Android 11 (Go edition),Unisoc SC9832E (28 nm),28,Quad-core 1.4 GHz,Mali-T820 MP1,1,1,16,16,,5.0,1,,No,,No,"LED flash, HDR",720p@30fps,5.0,No,,,Wi-Fi 802.11 b/g/n,No,4.2,Micro-USB,Yes,"GPS, GLONASS, BDS","Accelerometer, proximity",2020,,,No,,,50.0,,,,,,,,"Grey, Deep Blue, Green",W-K521-EEA,0.75 W/kg (head) 0.94 W/kg (body),,No
Wiko,Wiko Power U20,https://www.gsmarena.com/wiko_power_u20-11674.php,https://fdn2.gsmarena.com/vv/bigpic/wiko-poweru20-new.jpg,CDMA / HSPA / LTE,No,"2021, June","Available. Released 2021, June",173.8 x 78.6 x 9.5 mm (6.84 x 3.09 x 0.37 in),210.0,,,Nano-SIM + Nano-SIM,IPS LCD,,6.82,720x1640,270,76.7,,Android 11,Mediatek MT6765G Helio G35 (12 nm),12,Octa-core (4x2.3 GHz Cortex-A53 & 4x1.8 GHz Cortex-A53),PowerVR GE8320,3,3,32,64,,13.0,3,,No,,No,"LED flash, HDR",1080p@30fps,5.0,No,,,Wi-Fi 802.11 b/g/n,No,4.2,Micro-USB,Yes,"GPS, GLONASS, GALILEO, BDS","Fingerprint (side-mounted), accelerometer, proximity",6000,15,,No,,,120.0,,,,,,,,"Slate Grey, Navy Blue, Mint",W-V750BN-EEA,0.58 W/kg (head) 1.29 W/kg (body),,No
Wiko,Wiko Power U10,https://www.gsmarena.com/wiko_power_u10-11677.php,https://fdn2.gsmarena.com/vv/bigpic/wiko-u10-new.jpg,CDMA / HSPA / LTE,No,"2021, June","Available. Released 2021, June",173.8 x 78.6 x 9.5 mm (6.84 x 3.09 x 0.37 in),206.0,,,Nano-SIM + Nano-SIM,IPS LCD,,6.82,720x1640,263,80.9,,Android 11 (Go edition),Mediatek MT6765G Helio G35 (12 nm),12,Octa-core (4x2.3 GHz Cortex-A53 & 4x1.8 GHz Cortex-A53),PowerVR GE8320,2,3,32,32,,13.0,1,,No,,No,"LED flash, HDR",1080p@30fps,5.0,No,,,Wi-Fi 802.11 b/g/n,No,4.2,Type-C,Yes,"GPS, GLONASS, GALILEO, BDS","Fingerprint (side-mounted), accelerometer, proximity, compass",5000,,,No,,,100.0,,,,,,,,"Carbon Blue, Denim Blue, Turquoise","W-V745-EEA, W-V745-OPE",0.52 W/kg (head) 1.36 W/kg (body),,FM Radio
Wiko,Wiko Y62,https://www.gsmarena.com/wiko_y62-11675.php,https://fdn2.gsmarena.com/vv/bigpic/wilko-y62-new.jpg,GSM / HSPA / LTE,No,"2021, April","Available. Released 2021, April",157 x 75.8 x 9.1 mm (6.18 x 2.98 x 0.36 in),171.5,,,Nano-SIM + Nano-SIM,IPS LCD,,6.1,720x1560,282,76.8,,Android 11 (Go edition),Mediatek MT6761D Helio A20 (12 nm),12,Quad-core 1.8 GHz Cortex-A53,PowerVR GE8320,1,1,16,16,,5.0,1,,No,,No,"LED flash, HDR",1080p@30fps,5.0,No,LED flash,,Wi-Fi 802.11 b/g/n,No,4.2,Micro-USB,Yes,"GPS, GLONASS, GALILEO, BDS","Accelerometer, proximity",3000,,,No,,,70.0,,,,,,,,"Dark Blue, Light Blue, Mint","W-K610-EEA, W-K610-TVM",0.42 W/kg (head) 1.61 W/kg (body),,No
Wiko,Wiko Sunny5 Lite,https://www.gsmarena.com/wiko_sunny5_lite-11686.php,https://fdn2.gsmarena.com/vv/bigpic/wiko-sunny5lite-new.jpg,GSM / HSPA,No,"2020, November. Released 2020, November",Discontinued,146.6 x 72.3 x 9 mm (5.77 x 2.85 x 0.35 in),175.0,,,Nano-SIM + Micro-SIM,TN LCD,,5.45,480x960,197,72.3,,Android 10 (Go Edition),,,Quad-core 1.3 GHz Cortex-A7,Mali-T820 MP1,1,1,32,32,eMMC 5.1,5.0,1,,No,,No,"LED flash, HDR",720p@30fps,5.0,No,,,Wi-Fi 802.11 b/g/n,No,4.2,Micro-USB,Yes,"GPS, GLONASS","Accelerometer, proximity",2500,,,No,,,60.0,,,,,,,,"Deep Grey, Gold, Mint",,0.70 W/kg (head) 1.55 W/kg (body),,FM radio
Wiko,Wiko Y51,https://www.gsmarena.com/wiko_y51-11687.php,https://fdn2.gsmarena.com/vv/bigpic/wiko-y51-new.jpg,GSM / HSPA,No,"2021, January 14","Available. Released 2021, January 14",146.6 x 72.3 x 9 mm (5.77 x 2.85 x 0.35 in),175.0,,,Nano-SIM + Micro-SIM,TN LCD,,5.45,480x960,197,72.3,,Android 10 (Go edition),,,Quad-core 1.3 GHz Cortex-A7,Mali-T820 MP1,1,1,8,16,,5.0,1,,No,,No,"LED flash, HDR",720p@30fps,5.0,No,,,Wi-Fi 802.11 b/g/n,No,4.2,Micro-USB,Yes,GPS,"Accelerometer, proximity",2500,,,No,,,70.0,,,,,,,,"Deep Grey, Gold, Mint",W-K211-TH,0.70 W/kg (head) 1.55 W/kg (body),,FM Radio
Wiko,Wiko View5 Plus,https://www.gsmarena.com/wiko_view5_plus-11689.php,https://fdn2.gsmarena.com/vv/bigpic/wiko-view5plus.jpg,GSM / HSPA / LTE,No,"2020, September. Released 2020, September",Discontinued,166 x 76.8 x 9.3 mm (6.54 x 3.02 x 0.37 in),201.0,,,Nano-SIM + Nano-SIM,IPS LCD,,6.55,720x1600,268,81.2,,Android 10,Mediatek MT6765 Helio P35 (12 nm),12,Octa-core (4x2.35 GHz Cortex-A53 & 4x1.8 GHz Cortex-A53),PowerVR GE8320,4,4,128,128,eMMC 5.1,48.0,4,,No,,No,"LED flash, HDR",1080p@30fps,8.0,No,,,Wi-Fi 802.11 a/b/g/n/ac,No,4.2,Type-C,Yes,"GPS, GLONASS, GALILEO, BDS","Fingerprint (rear-mounted), accelerometer, proximity, compass",5000,,,No,,,300.0,,,,,,,,"Aurora Blue, Iceland Silver",W-V850-EEA,0.91 W/kg (head) 1.54 W/kg (body),,FM radio
Wiko,Wiko View5,https://www.gsmarena.com/wiko_view5-11688.php,https://fdn2.gsmarena.com/vv/bigpic/wiko-view5.jpg,GSM / HSPA / LTE,No,"2020, September. Released 2020, September",Discontinued,166 x 76.8 x 9.3 mm (6.54 x 3.02 x 0.37 in),201.0,,,Nano-SIM + Nano-SIM,"IPS LCD, 450 nits (peak)",,6.55,720x1600,268,81.2,,Android 10,Mediatek MT6762D Helio A25 (12 nm),12,Octa-core (4x1.8 GHz Cortex-A53 & 4x1.5 GHz Cortex-A53),PowerVR GE8320,3,3,64,64,eMMC 5.1,48.0,4,,No,,No,"LED flash, HDR",1080p@30fps,8.0,No,,,Wi-Fi 802.11 a/b/g/n/ac,No,4.2,Type-C,Yes,"GPS, GLONASS, GALILEO, BDS","Fingerprint (rear-mounted), accelerometer, proximity, compass",5000,,,No,,,370.0,,,,,,,,"Midnight Blue, Pine Green, Peach Gold",W-V851-EEA,0.91 W/kg (head) 1.54 W/kg (body),,FM radio
Wiko,Wiko Y81,https://www.gsmarena.com/wiko_y81-10725.php,https://fdn2.gsmarena.com/vv/bigpic/wiko-y81.jpg,GSM / HSPA / LTE,No,"2020, August 18. Released 2020, August 18",Discontinued,157.9 x 76.1 x 8.3 mm (6.22 x 3.00 x 0.33 in),166.0,,,Nano-SIM + Nano-SIM,IPS LCD,,6.2,720x1520,271,79.8,,Android 10 (Go edition),Mediatek MT6761D Helio A20 (12 nm),12,Quad-core 1.8 GHz Cortex-A53,PowerVR GE8300,2,2,32,32,eMMC 5.1,13.0,1,,No,,No,"LED flash, HDR, panorama",1080p@30fps,5.0,No,,,Wi-Fi 802.11 b/g/n,No,4.2,Micro-USB,Yes,GPS,"Accelerometer, proximity, compass",4000,,,No,,,80.0,,,,,,,,"Deep Blue, Gold, Green",,,0.56 W/kg (head) 1.61 W/kg (body),FM radio
Wiko,Wiko Sunny5,https://www.gsmarena.com/wiko_sunny5-11685.php,https://fdn2.gsmarena.com/vv/bigpic/wiko-sunny5-new.jpg,GSM / HSPA,No,"2020, September. Released 2020, September",Discontinued,161 x 77.6 x 9 mm (6.34 x 3.06 x 0.35 in),166.0,,,Nano-SIM + Micro-SIM,IPS LCD,,5.99,480x960,179,74.1,,Android 10 (Go Edition),,,Quad-core 1.3 GHz Cortex-A7,Mali-T820 MP1,1,1,32,32,eMMC 5.1,5.0,1,,No,,No,"LED flash, HDR",480p@30fps,5.0,No,LED flash,,Wi-Fi 802.11 b/g/n,No,4.2,Micro-USB,Yes,GPS,"Accelerometer, proximity",3000,,,No,,,60.0,,,,,,,,"Blue, Gold, Green",,0.57 W/kg (head) 1.69 W/kg (body),,FM radio
Wiko,Wiko Y61,https://www.gsmarena.com/wiko_y61-10520.php,https://fdn2.gsmarena.com/vv/bigpic/wiko-y61.jpg,GSM / HSPA / LTE,No,2020. Released 2020,Discontinued,161.3 x 78.1 x 9 mm (6.35 x 3.07 x 0.35 in),190.0,,,Nano-SIM + Micro-SIM,IPS LCD,,5.99,480x960,179,73.5,,Android 10 (Go edition),Mediatek MT6761WE,,Quad-core 1.8 GHz,PowerVR GE8300,1,2,16,32,eMMC 5.1,8.0,1,,No,,No,LED flash,1080p@30fps,5.0,No,LED flash,,Wi-Fi 802.11 b/g/n,No,4.2,Micro-USB,Yes,GPS,"Accelerometer, proximity, compass",3000,,,No,,,60.0,,,,,,,,"Deep Grey, Deep Green, Gold","W-K560-EEA, W-K560-ID",,,FM radio
Wiko,Wiko View4 Lite,https://www.gsmarena.com/wiko_view4_lite-10521.php,https://fdn2.gsmarena.com/vv/bigpic/wiko-view4-lite.jpg,GSM / HSPA / LTE,No,2020. Released 2020,Discontinued,167 x 76.8 x 8.5 mm (6.57 x 3.02 x 0.33 in),174.0,,,Nano-SIM + Nano-SIM,"IPS LCD, 450 nits (peak)",,6.52,720x1600,269,80.0,,Android 10,Mediatek MT6762D Helio A25 (12 nm),12,Octa-core (4x1.8 GHz Cortex-A53 & 4x1.5 GHz Cortex-A53),PowerVR GE8320,2,2,32,64,eMMC 5.1,13.0,3,,No,,No,"LED flash, HDR",1080p@30fps,5.0,No,,,Wi-Fi 802.11 b/g/n,No,4.2,Micro-USB,Yes,GPS,"Accelerometer, proximity, compass",4000,,,No,,,80.0,,,,,,,,"Deep Blue, Deep Green, Deep Gold",,,,FM radio
Wiko,Wiko View4,https://www.gsmarena.com/wiko_view4-11690.php,https://fdn2.gsmarena.com/vv/bigpic/wiko-view4.jpg,GSM / HSPA / LTE,No,"2020, February. Released 2020, February",Discontinued,165.7 x 75.8 x 8.9 mm (6.52 x 2.98 x 0.35 in),180.0,,,Nano-SIM + Nano-SIM,"IPS LCD, 450 nits (peak)",,6.52,720x1600,269,81.7,,Android 10,Mediatek MT6762D Helio A25 (12 nm),12,Octa-core (4x1.8 GHz Cortex-A53 & 4x1.5 GHz Cortex-A53),PowerVR GE8320,3,3,64,64,eMMC 5.1,13.0,3,,No,,No,"LED flash, HDR",1080p@30fps,8.0,No,,,Wi-Fi 802.11 b/g/n,No,4.2,Micro-USB,Yes,GPS,"Accelerometer, proximity, compass",5000,,,No,,,160.0,,,,,,,,"Cosmic Blue, Cosmic Gold, Cosmic Green",,0.38 W/kg (head) 1.69 W/kg (body),,FM radio
Wiko,Wiko Sunny4,https://www.gsmarena.com/wiko_sunny4-10522.php,https://fdn2.gsmarena.com/vv/bigpic/wiko-sunny4.jpg,GSM / HSPA,No,2020. Released 2020,Discontinued,146 x 73.5 x 8.7 mm (5.75 x 2.89 x 0.34 in),160.0,,,Nano-SIM + Micro-SIM,TN TFT LCD,,5.0,480x854,196,64.2,,Android 8.1 (Oreo),,,Quad-core 1.3 GHz Cortex-A7,,1,1,16,16,eMMC 5.1,5.0,1,,No,,No,"LED flash, HDR, panorama",720p@30fps,5.0,No,LED flash,,Wi-Fi 802.11 b/g/n,No,4.2,Micro-USB,Yes,GPS,Accelerometer,2200,,,No,,,50.0,,,,,,,,"Dark Grey, Blue, Gold",,,,FM radio
Wiko,Wiko View3 Lite,https://www.gsmarena.com/wiko_view3_lite-10523.php,https://fdn2.gsmarena.com/vv/bigpic/wiko-view3-lite.jpg,GSM / HSPA / LTE,No,2020. Released 2020,Discontinued,155.5 x 73 x 8.7 mm (6.12 x 2.87 x 0.34 in),160.1,,,Nano-SIM + Nano-SIM,IPS LCD,,6.09,720x1560,282,80.2,,Android 9.0 Pie,Unisoc SC9863A (28 nm),28,Octa-core (4x1.6 GHz Cortex-A55 & 4x1.2 GHz Cortex-A55),IMG8322,2,2,32,32,eMMC 5.1,13.0,2,,No,,No,"LED flash, HDR",1080p@30fps,5.0,No,,,Wi-Fi 802.11 b/g/n,No,4.2,Micro-USB,Yes,GPS,"Accelerometer, proximity, compass",4000,,,No,,,90.0,,,,,,,,"Night Blue (Anthracite Blue), Blush Gold, Arctic B",,,,FM radio
Wiko,Wiko Y60,https://www.gsmarena.com/wiko_y60-10524.php,https://fdn2.gsmarena.com/vv/bigpic/wiko-y60.jpg,GSM / HSPA / LTE,No,2020. Released 2020,Discontinued,146.8 x 71.8 x 9.3 mm (5.78 x 2.83 x 0.37 in),177.7,,,Nano-SIM + Micro-SIM,TFT LCD,,5.45,480x960,197,72.7,,Android 9.0 Pie (Go edition),,,Quad-core 1.3 GHz Cortex-A53,PowerVR GE8100,1,1,16,16,eMMC 5.1,5.0,1,,No,,No,LED flash,1080p@30fps,5.0,No,,,Wi-Fi 802.11 b/g/n,No,4.2,Micro-USB,Yes,GPS,"Accelerometer, proximity, compass",2500,,,No,,,50.0,,,,,,,,"Gradient Dark Bleen (Anthracite Blue), Gradient Bl",W-K510-OPE,,,FM radio
Wiko,Wiko Sunny3 Plus,https://www.gsmarena.com/wiko_sunny3_plus-10525.php,https://fdn2.gsmarena.com/vv/bigpic/wiko-view3-plus.jpg,GSM / HSPA,No,2019. Released 2019,Discontinued,148 x 72 x 9.3 mm (5.83 x 2.83 x 0.37 in),175.0,,,"Dual SIM (Micro-SIM, dual stand-by)",TN TFT LCD,,5.45,480x960,197,71.9,,Android 8.0 Oreo (Go edition),,,Quad-core 1.3 GHz Cortex-A7,Mali-400 MP2,1,1,8,8,,5.0,1,,No,,No,"LED flash, HDR",1080p@30fps,2.0,No,,,Wi-Fi 802.11 b/g/n,No,4.0,Micro-USB,Yes,GPS,"Accelerometer, proximity",2200,,,No,,,50.0,,,,,,,,"Anthracite, Gold, Cherry Red, Grey",,,,FM radio
Wiko,Wiko Y50,https://www.gsmarena.com/wiko_y50-11691.php,https://fdn2.gsmarena.com/vv/bigpic/wiko-y50-new.jpg,GSM / HSPA,No,"2019, July. Released 2019, July",Discontinued,146 x 73.5 x 8.7 mm (5.75 x 2.89 x 0.34 in),160.0,,,Nano-SIM + Micro-SIM,TN LCD,,5.0,480x854,196,64.2,,Android 8.1 (Oreo) (Go Edition),,,Quad-core 1.3 GHz Cortex-A7,Mali-T820 MP1,1,1,16,32,,5.0,1,,No,,No,"LED flash, HDR, panorama",720p@30fps,5.0,No,LED flash,,Wi-Fi 802.11 b/g/n,No,4.2,Micro-USB,Yes,GPS,Accelerometer,2200,,,No,,,50.0,,,,,,,,"Dark Grey, Blue, Gold",,0.86 W/kg (head) 1.40 W/kg (body),,FM Radio
Wiko,Wiko Y70,https://www.gsmarena.com/wiko_y70-11692.php,https://fdn2.gsmarena.com/vv/bigpic/wiko-y70-new.jpg,GSM / HSPA,No,"2019, July. Released 2019, July",Discontinued,160 x 77 x 9 mm (6.30 x 3.03 x 0.35 in),167.0,,,"Dual SIM (Micro-SIM, dual stand-by)",IPS LCD,,5.99,720x1440,269,75.2,,Android 9.0 Pie (Go Edition),,,Quad-core 1.3 GHz Cortex-A7,Mali-T820 MP1,1,1,16,16,,8.0,1,,No,,No,"LED flash, HDR, panorama",1080p@30fps,5.0,No,LED flash,,Wi-Fi 802.11 b/g/n,No,4.2,Micro-USB,Yes,GPS,"Accelerometer, proximity, compass",3730,,,No,,,80.0,,,,,,,,"Gradient Dark Blue, Gold",,0.50 W/kg (head) 1.61 W/kg (body),,FM Radio
Wiko,Wiko Jerry4,https://www.gsmarena.com/wiko_jerry4-11693.php,https://fdn2.gsmarena.com/vv/bigpic/wiko-jerry4-new.jpg,GSM / HSPA,No,"2019, July. Released 2019, July",Discontinued,160 x 77 x 9 mm (6.30 x 3.03 x 0.35 in),167.0,,,"Dual SIM (Micro-SIM, dual stand-by)",IPS LCD,,5.99,720x1440,269,75.2,,Android 9.0 Pie (Go Edition),,,Quad-core 1.3 GHz Cortex-A7,Mali-T820 MP1,1,1,16,16,,8.0,1,,No,,No,"LED flash, HDR, panorama",1080p@30fps,5.0,No,LED flash,,Wi-Fi 802.11 b/g/n,No,4.2,Micro-USB,Yes,GPS,"Accelerometer, proximity, compass",3730,,,No,,,80.0,,,,,,,,"Gradient Dark Blue, Gold",,0.50 W/kg (head) 1.61 W/kg (body),,FM radio
Wiko,Wiko Tommy3 Plus,https://www.gsmarena.com/wiko_tommy3_plus-10526.php,https://fdn2.gsmarena.com/vv/bigpic/wiko-tommy3-plus.jpg,GSM / HSPA / LTE,No,2019. Released 2019,Discontinued,147.6 x 71.3 x 8.4 mm (5.81 x 2.81 x 0.33 in),150.0,,,"Dual SIM (Micro-SIM, dual stand-by)",IPS LCD,,5.45,720x1440,295,72.8,,Android 8.1 (Oreo),Mediatek MT6739WA (28 nm),28,Quad-core 1.3 GHz Cortex-A53,PowerVR GE8100,2,2,16,16,eMMC 5.1,13.0,1,,No,,No,"LED flash, HDR, panorama",1080p@30fps,5.0,No,LED flash,,Wi-Fi 802.11 b/g/n,No,4.2,Micro-USB,Yes,GPS,"Accelerometer, proximity, compass",2900,,,No,,,80.0,,,,,,,,,,,,FM radio
Wiko,Wiko Jerry3,https://www.gsmarena.com/wiko_jerry3-10527.php,https://fdn2.gsmarena.com/vv/bigpic/wiko-jerry3.jpg,GSM / HSPA,No,2019. Released 2019,Discontinued,148 x 72 x 9.1 mm (5.83 x 2.83 x 0.36 in),172.0,,,"Dual SIM (Micro-SIM, dual stand-by)",IPS LCD,,5.45,480x960,197,71.9,,Android 8.0 Oreo (Go edition),,,Quad-core 1.3 GHz Cortex-A7,Mali-400 MP2,1,1,16,16,eMMC 5.1,5.0,1,,No,,No,"LED flash, HDR",1080p@30fps,5.0,No,,,Wi-Fi 802.11 b/g/n,No,4.0,Micro-USB,Yes,GPS,"Accelerometer, proximity, compass",2500,,,No,,,60.0,,,,,,,,"Anthracite, Gold, Bleen, Cherry Red",,,,FM radio
Wiko,Wiko Y80,https://www.gsmarena.com/wiko_y80-9961.php,https://fdn2.gsmarena.com/vv/bigpic/wiko-y80.jpg,GSM / HSPA / LTE,No,"2019, April. Released 2019, April",Discontinued,160 x 76.5 x 8.6 mm (6.30 x 3.01 x 0.34 in),185.0,,,Nano-SIM + Micro-SIM,IPS LCD,,5.99,720x1440,269,75.6,,Android 9.0 Pie,Unisoc SC9863A (28 nm),28,Octa-core (4x1.6 GHz Cortex-A55 & 4x1.2 GHz Cortex-A55),IMG8322,2,2,16,16,,13.0,2,,No,,No,"LED flash, HDR, panorama",1080p@30fps,5.0,No,,,Wi-Fi 802.11 b/g/n,No,4.2,Micro-USB,Yes,GPS,"Accelerometer, proximity, compass",4000,,,No,,,80.0,,,,,,,,,W-V720-SUN,,0.49 W/kg (head) 1.35 W/kg (body),FM radio
Wiko,Wiko Sunny3,https://www.gsmarena.com/wiko_sunny3-9733.php,https://fdn2.gsmarena.com/vv/bigpic/wiko-sunny3.jpg,GSM / HSPA,No,"2019, Q1. Released 2019, Q1",Discontinued,146.7 x 74 x 10 mm (5.78 x 2.91 x 0.39 in),140.0,,,"Dual SIM (Micro-SIM, dual stand-by)",TFT LCD,,5.0,480x854,196,63.5,,Android 8.0 Oreo (Go edition),,,Quad-core 1.3 GHz Cortex-A7,Mali-T820 MP1,,,8,8,,5.0,1,,No,,No,"LED flash, HDR, panorama",720p@30fps,2.0,No,,,Wi-Fi 802.11 b/g/n,No,4.0,Micro-USB,Yes,GPS,"Accelerometer, proximity",2000,,,No,,,,,,,,,,,,,,0.48 W/kg (head) 1.80 W/kg (body),FM radio
Wiko,Wiko View3 Pro,https://www.gsmarena.com/wiko_view3_pro-9723.php,https://fdn2.gsmarena.com/vv/bigpic/wiko-view3-pro.jpg,GSM / HSPA / LTE,No,"2019, February. Released 2019, May",Discontinued,159.5 x 75 x 8.1 mm (6.28 x 2.95 x 0.32 in),184.0,,,Nano-SIM + Nano-SIM,IPS LCD,,6.3,1080x2340,409,81.4,,Android 9.0 (Pie),Mediatek MT6771 Helio P60 (12 nm),12,Octa-core (4x2.0 GHz Cortex-A73 & 4x2.0 GHz Cortex-A53),Mali-G72 MP3,4,6,64,128,eMMC 5.1,12.0,3,,No,1/2.9,No,"LED flash, HDR, panorama",1080p@30fps,16.0,No,HDR,1080p@30fps,"Wi-Fi 802.11 a/b/g/n/ac, dual-band, Wi-Fi Direct",Yes,4.2,Type-C,Yes,"GPS, GLONASS, GALILEO, BDS","Fingerprint (rear-mounted), accelerometer, gyro, proximity, compass",4000,,,No,,,250.0,,,,,,,,"Nightfall (Anthracite Blue/Gold), Ocean (Deep Bleen)",,,0.61 W/kg (head) 1.50 W/kg (body),FM radio
Wiko,Wiko View3,https://www.gsmarena.com/wiko_view3-9722.php,https://fdn2.gsmarena.com/vv/bigpic/wiko-view-3.jpg,GSM / HSPA / LTE,No,"2019, February. Released 2019, May",Discontinued,159 x 76.5 x 8.2 mm (6.26 x 3.01 x 0.32 in),178.0,,,Nano-SIM + Nano-SIM,IPS LCD,,6.26,720x1520,269,80.4,,Android 9.0 (Pie),Mediatek MT6762WB Helio P22 (12 nm),12,Octa-core 2.0 GHz Cortex-A53,PowerVR GE8320,3,3,32,64,eMMC 5.1,12.0,3,,No,1/2.9,No,"LED flash, HDR, panorama",1080p@30fps,8.0,No,HDR,1080p@30fps,"Wi-Fi 802.11 b/g/n, Wi-Fi Direct",No,4.2,Micro-USB,Yes,"GPS, GLONASS, GALILEO, BDS","Fingerprint (rear-mounted), accelerometer, gyro, proximity, compass",4000,,,No,,,180.0,,,,,,,,"Night Blue (Anthracite Blue), Blush Gold, Electro Bleen",W-P311-EEA,,0.25 W/kg (head) 1.09 W/kg (body),FM radio
Wiko,Wiko View2 Go,https://www.gsmarena.com/wiko_view2_go-9328.php,https://fdn2.gsmarena.com/vv/bigpic/wiko-view2-go.jpg,GSM / HSPA / LTE,No,"2018, September. Released 2018, September",Discontinued,153.6 x 73.1 x 8.5 mm (6.05 x 2.88 x 0.33 in),160.0,,,Nano-SIM + Nano-SIM,IPS LCD,,5.93,720x1512,282,78.4,,Android 8.1 (Oreo),Qualcomm MSM8937 Snapdragon 430 (28 nm),28,Octa-core 1.4 GHz Cortex-A53,Adreno 505,3,3,32,32,eMMC 5.1,12.0,1,,No,1/2.9,No,"LED flash, panorama, HDR",1080p@30fps,5.0,No,HDR,,"Wi-Fi 802.11 b/g/n, Wi-Fi Direct",Yes,4.2,Micro-USB,Yes,GPS,"Fingerprint (rear-mounted), accelerometer, gyro, proximity, compass",4000,,,No,,,,,,,,,,,"Anthracite, Gold, Cherry Red, Deep Bleen, Supernova",View2 Go,,0.29 W/kg (head) 1.50 W/kg (body),FM radio
Wiko,Wiko View2 Plus,https://www.gsmarena.com/wiko_view2_plus-9327.php,https://fdn2.gsmarena.com/vv/bigpic/wiko-view2-plus.jpg,GSM / HSPA / LTE,No,"2018, September. Released 2018, September",Discontinued,153.4 x 73.2 x 8.6 mm (6.04 x 2.88 x 0.34 in),166.0,,,Nano-SIM + Nano-SIM,IPS LCD,,5.93,720x1512,282,78.4,,Android 8.1 (Oreo),Qualcomm SDM450 Snapdragon 450 (14 nm),14,Octa-core 1.8 GHz Cortex-A53,Adreno 506,4,4,64,64,eMMC 5.1,12.0,2,,No,1/2.9,No,"LED flash, panorama, HDR",1080p@60fps,8.0,No,HDR,1080p@30fps,"Wi-Fi 802.11 b/g/n, Wi-Fi Direct",Yes,4.2,Micro-USB,Yes,GPS,"Fingerprint (rear-mounted), accelerometer, gyro, proximity, compass",4000,,,No,,,,,,,,,,,"Anthracite, Gold, Supernova",,,0.38 W/kg (head) 1.50 W/kg (body),FM radio
Wiko,Wiko View Max,https://www.gsmarena.com/wiko_view_max-9330.php,https://fdn2.gsmarena.com/vv/bigpic/wiko-view-max-.jpg,GSM / HSPA / LTE,No,"2018, March. Released 2018, March",Discontinued,157.8 x 75.8 x 7.9 mm (6.21 x 2.98 x 0.31 in),158.0,,,Nano-SIM + Nano-SIM,IPS LCD,,5.99,720x1440,269,77.4,,Android 8.1 (Oreo),Mediatek MT6739WA (28 nm),28,Quad-core 1.3 GHz Cortex-A53,PowerVR GE8100,2,3,16,32,eMMC 5.1,13.0,1,,No,,No,"LED flash, panorama, HDR",1080p@30fps,8.0,No,HDR,1080p@30fps,"Wi-Fi 802.11 b/g/n, Wi-Fi Direct",No,4.2,Micro-USB,Yes,GPS,"Fingerprint (rear-mounted), accelerometer, gyro, proximity, compass",4000,,,No,,,,,,,,,,,"Anthracite, Gold, Black","W_P200, W_P200CM",,0.32 W/kg (head) 1.25 W/kg (body),FM radio
Wiko,Wiko View2 Pro,https://www.gsmarena.com/wiko_view2_pro-9104.php,https://fdn2.gsmarena.com/vv/bigpic/wiko-view2-pro.jpg,GSM / HSPA / LTE,No,"2018, February. Released 2018, May",Discontinued,153 x 72.6 x 8.3 mm (6.02 x 2.86 x 0.33 in),164.0,Glass,,Nano-SIM + Nano-SIM,IPS LCD,,6.0,720x1528,282,80.6,Corning Gorilla Glass,Android 8.0 (Oreo),Qualcomm SDM450 Snapdragon 450 (14 nm),14,Octa-core 1.8 GHz Cortex-A53,Adreno 506,4,4,64,64,eMMC 5.1,16.0,2,1.8,No,,No,"Dual-LED dual-tone flash, panorama",1080p@60fps,16.0,No,,1080p@30fps,"Wi-Fi 802.11 b/g/n, Wi-Fi Direct",Yes,4.2,Micro-USB,Yes,GPS,"Fingerprint (rear-mounted), accelerometer, gyro, proximity, compass",3000,,,No,,,300.0,,,,,,,,"Black, Gold",W_C860,,,Stereo FM radio
Wiko,Wiko View2,https://www.gsmarena.com/wiko_view2-9105.php,https://fdn2.gsmarena.com/vv/bigpic/wiko-view2.jpg,GSM / HSPA / LTE,No,"2018, February. Released 2018, May",Discontinued,154.5 x 72 x 8.3 mm (6.08 x 2.83 x 0.33 in),153.0,Glass,,Nano-SIM + Nano-SIM,IPS LCD,,6.0,720x1528,282,80.5,Corning Gorilla Glass,Android 8.0 (Oreo),Qualcomm MSM8940 Snapdragon 435 (28 nm),28,Octa-core 1.4 GHz Cortex-A53,Adreno 505,3,3,32,32,eMMC 5.1,13.0,1,,No,,No,"LED flash, panorama",1080p@30fps,16.0,No,,1080p@30fps,"Wi-Fi 802.11 b/g/n, Wi-Fi Direct",Yes,4.2,Micro-USB,Yes,GPS,"Fingerprint (rear-mounted), accelerometer, gyro, proximity, compass",3000,,,No,,,200.0,,,,,,,,"Anthracite, Gold, Grey",W_C800,,0.43 W/kg (head) 1.33 W/kg (body),Stereo FM radio
Wiko,Wiko View Prime,https://www.gsmarena.com/wiko_view_prime-8992.php,https://fdn2.gsmarena.com/vv/bigpic/wiko-vprm.jpg,GSM / HSPA / LTE,No,"2017, September. Released 2017, September",Discontinued,152.3 x 72.8 x 8.3 mm (6.00 x 2.87 x 0.33 in),162.0,,,Nano-SIM + Nano-SIM,IPS LCD,,5.7,720x1440,282,75.6,,Android 7.1 (Nougat),Qualcomm MSM8937 Snapdragon 430 (28 nm),28,Octa-core 1.4 GHz Cortex-A53,Adreno 505,4,4,64,64,eMMC 5.1,16.0,1,,No,,No,"LED flash, panorama, HDR",1080p@30fps,20.0,No,,,"Wi-Fi 802.11 b/g/n, Wi-Fi Direct",No,4.2,Micro-USB,Yes,GPS,"Fingerprint (rear-mounted), accelerometer, gyro, proximity, compass",3000,,,No,,,190.0,,,,,,,,"Black, Gold, Deep Bleen, Cherry Red",,,0.19 W/kg (head) 1.62 W/kg (body),Stereo FM radio
Wiko,Wiko View XL,https://www.gsmarena.com/wiko_view_xl-8993.php,https://fdn2.gsmarena.com/vv/bigpic/wiko-vxl.jpg,GSM / HSPA / LTE,No,"2017, October. Released 2017, October",Discontinued,158.1 x 76.5 x 8.2 mm (6.22 x 3.01 x 0.32 in),171.0,,,Nano-SIM + Nano-SIM,IPS LCD,,5.99,720x1440,269,76.6,,Android 7.1 (Nougat),Qualcomm MSM8917 Snapdragon 425 (28 nm),28,Quad-core 1.4 GHz Cortex-A53,Adreno 308,3,3,32,32,eMMC 5.1,13.0,1,,No,,No,"LED flash, panorama, HDR",1080p@30fps,16.0,No,,,"Wi-Fi 802.11 b/g/n, Wi-Fi Direct",No,4.2,Micro-USB,Yes,GPS,"Fingerprint (rear-mounted), accelerometer, gyro, proximity, compass",3000,,,No,,,,,,,,,,,"Black, Gold, Deep Bleen, Cherry Red",,,0.20 W/kg (head) 1.28 W/kg (body),Stereo FM radio
Wiko,Wiko View,https://www.gsmarena.com/wiko_view-8991.php,https://fdn2.gsmarena.com/vv/bigpic/wiko-v.jpg,GSM / HSPA / LTE,No,"2017, September. Released 2017, September",Discontinued,151.5 x 73.1 x 8.7 mm (5.96 x 2.88 x 0.34 in),160.0,,,"Dual SIM (Micro-SIM, dual stand-by)",IPS LCD,,5.7,720x1440,282,75.7,,Android 7.1 (Nougat),Qualcomm MSM8917 Snapdragon 425 (28 nm),28,Quad-core 1.4 GHz Cortex-A53,Adreno 308,3,3,16,32,eMMC 5.1,13.0,1,,No,,No,"LED flash, panorama, HDR",1080p@30fps,16.0,No,,,"Wi-Fi 802.11 b/g/n, Wi-Fi Direct",No,4.2,Micro-USB,Yes,GPS,"Fingerprint (rear-mounted), accelerometer, gyro, proximity, compass",2900,,,No,,,150.0,,,,,,,,"Black, Gold, Deep Bleen, Cherry Red",View,,0.40 W/kg (head) 1.30 W/kg (body),Stereo FM radio
Wiko,Wiko WIM,https://www.gsmarena.com/wiko_wim-8994.php,https://fdn2.gsmarena.com/vv/bigpic/wiko-w.jpg,GSM / HSPA / LTE,No,"2017, February. Released 2017, February",Discontinued,156.2 x 75.3 x 7.9 mm (6.15 x 2.96 x 0.31 in),160.0,,,Nano-SIM + Nano-SIM,AMOLED,,5.5,1080x1920,401,70.9,Gorilla Glass 3,Android 7.1 (Nougat),Qualcomm MSM8953-Pro Snapdragon 626 (14 nm),14,Octa-core 2.2 GHz Cortex-A53,Adreno 506,4,4,64,64,eMMC 5.1,13.0,1,2.0,No,,Yes,"Dual-LED dual-tone flash, panorama, HDR","4K@30fps, 1080p@30fps",16.0,No,LED flash,1080p@30fps,"Wi-Fi 802.11 a/b/g/n/ac, dual-band, Wi-Fi Direct",No,4.2,Micro-USB,Yes,"GPS, GLONASS, BDS, GALILEO","Fingerprint (front-mounted), accelerometer, gyro, proximity, compass",3200,18,,No,,,,,,,,,,,"Black, Gold, Deep Bleen",,,1.49 W/kg (head) 1.25 W/kg (body),Stereo FM radio
Wiko,Wiko WIM Lite,https://www.gsmarena.com/wiko_wim_lite-8995.php,https://fdn2.gsmarena.com/vv/bigpic/wiko-wl.jpg,GSM / HSPA / LTE,No,"2017, February. Released 2017, February",Discontinued,144 x 71.7 x 8.8 mm (5.67 x 2.82 x 0.35 in),149.0,,,Nano-SIM + Nano-SIM,IPS LCD,,5.0,1080x1920,441,66.8,,Android 7.1 (Nougat),Qualcomm MSM8940 Snapdragon 435 (28 nm),28,Octa-core 1.4 GHz Cortex-A53,Adreno 505,3,3,32,32,eMMC 5.1,13.0,1,2.0,No,1/3.1,Yes,"Dual-LED flash, panorama, HDR","4K@30fps, 1080p@30fps",16.0,No,,1080p@30fps,"Wi-Fi 802.11 b/g/n, Wi-Fi Direct",No,4.2,Micro-USB,Yes,"GPS, GLONASS, BDS","Fingerprint (rear-mounted), accelerometer, gyro, proximity, compass",3000,,,No,,,,,,,,,,,"Black, Gold, Deep Bleen, Cherry Red",,,0.43 W/kg (head) 1.46 W/kg (body),Stereo FM radio
Wiko,Wiko Upulse,https://www.gsmarena.com/wiko_upulse-9032.php,https://fdn2.gsmarena.com/vv/bigpic/wiko-upls.jpg,GSM / HSPA / LTE,No,2017. Released 2017,Discontinued,153.5 x 77.5 x 8.5 mm (6.04 x 3.05 x 0.33 in),167.0,,,"Dual SIM (Micro-SIM, dual stand-by)",IPS LCD,,5.5,720x1280,267,70.1,,Android 7.0 (Nougat),,,Quad-core 1.3 GHz Cortex-A53,Mali-T720,3,3,32,32,,13.0,1,,No,,No,"LED flash, panorama, HDR",1080p@30fps,8.0,No,LED flash,,Wi-Fi 802.11 b/g/n,No,4.0,Micro-USB,Yes,GPS,"Fingerprint (rear-mounted), accelerometer, gyro, proximity, compass",3000,,,No,,,,,,,,,,,"Black, Gold, Deep Bleen, Cherry Red",U PULSE,,,FM radio
Wiko,Wiko Upulse lite,https://www.gsmarena.com/wiko_upulse_lite-9031.php,https://fdn2.gsmarena.com/vv/bigpic/wiko-upls-l.jpg,GSM / HSPA / LTE,No,2017. Released 2017,Discontinued,144 x 72 x 8.4 mm (5.67 x 2.83 x 0.33 in),157.0,,,"Dual SIM (Micro-SIM, dual stand-by)",IPS LCD,,5.2,720x1280,282,71.9,,Android 7.0 (Nougat),,,Quad-core 1.3 GHz Cortex-A53,Mali-T720,3,3,32,32,,13.0,1,,No,,No,"LED flash, panorama, HDR",1080p@30fps,8.0,No,LED flash,,Wi-Fi 802.11 b/g/n,No,4.0,Micro-USB,Yes,GPS,"Fingerprint (rear-mounted), accelerometer, gyro, proximity, compass",3000,,,No,,,,,,,,,,,"Black, Gold, Deep Bleen, Cherry Red",,,,FM radio
Wiko,Wiko Tommy2 Plus,https://www.gsmarena.com/wiko_tommy2_plus-8997.php,https://fdn2.gsmarena.com/vv/bigpic/wiko-t2pl.jpg,GSM / HSPA / LTE,No,"2017, September. Released 2017, September",Discontinued,155.3 x 76.8 x 8.9 mm (6.11 x 3.02 x 0.35 in),173.0,,,"Dual SIM (Micro-SIM, dual stand-by)",IPS LCD,,5.5,720x1280,267,69.9,,Android 7.1 (Nougat),Qualcomm MSM8917 Snapdragon 425 (28 nm),28,Quad-core 1.4 GHz Cortex-A53,Adreno 308,1,1,16,16,eMMC 5.1,13.0,1,,No,,No,"LED flash, HDR, panorama",1080p@30fps,5.0,No,LED flash,,"Wi-Fi 802.11 b/g/n, Wi-Fi Direct",No,4.2,Micro-USB,Yes,"GPS, GLONASS, BDS","Accelerometer, gyro, proximity, compass",3000,,,No,,,,,,,,,,,"Black, Gold, Bleen, Lime, Rose Gold",,,0.88 W/kg (head) 1.49 W/kg (body),Stereo FM radio
Wiko,Wiko Tommy2,https://www.gsmarena.com/wiko_tommy2-8996.php,https://fdn2.gsmarena.com/vv/bigpic/wiko-t2sl.jpg,GSM / HSPA / LTE,No,"2017, June. Released 2017, June",Discontinued,145 x 72.7 x 9.2 mm (5.71 x 2.86 x 0.36 in),159.0,,,"Dual SIM (Micro-SIM, dual stand-by)",IPS LCD,,5.0,720x1280,294,65.4,,Android 7.1 (Nougat),Qualcomm MSM8909v2 Snapdragon 212 (28 nm),28,Quad-core 1.3 GHz Cortex-A7,Adreno 304,1,1,8,8,eMMC 4.5,8.0,1,,No,,No,"LED flash, HDR",720p@30fps,5.0,No,,,"Wi-Fi 802.11 b/g/n, Wi-Fi Direct",No,4.1,Micro-USB,Yes,GPS,"Accelerometer, proximity, compass",2500,,,No,,,,,,,,,,,"True Black, Bleen, Blue, Rubi Red, Gold, Rose Gold",,,0.59 W/kg (head) 1.73 W/kg (body),Stereo FM radio
Wiko,Wiko Harry,https://www.gsmarena.com/wiko_harry-9017.php,https://fdn2.gsmarena.com/vv/bigpic/wiko-h.jpg,GSM / HSPA / LTE,No,2017. Released 2017,Discontinued,145 x 72.7 x 9.2 mm (5.71 x 2.86 x 0.36 in),160.0,,,"Dual SIM (Micro-SIM, dual stand-by)",IPS LCD,,5.0,720x1280,294,65.4,,Android 7.0 (Nougat),,,Quad-core 1.3 GHz Cortex-A7,Mali-T720,3,3,16,16,,13.0,1,,No,,No,"LED flash, HDR",720p@30fps,5.0,No,,,"Wi-Fi 802.11 b/g/n, Wi-Fi Direct",No,4.0,Micro-USB,Yes,GPS,"Accelerometer, gyro, proximity, compass",2500,,,No,,,,,,,,,,,"Anthracite, Gold, Bleen",HARRY,,0.44 W/kg (head) 1.03 W/kg (body),Stereo FM radio
Wiko,Wiko Jerry2,https://www.gsmarena.com/wiko_jerry2-9019.php,https://fdn2.gsmarena.com/vv/bigpic/wiko-j2.jpg,GSM / HSPA,No,2017. Released 2017,Discontinued,144 x 72.8 x 9.3 mm (5.67 x 2.87 x 0.37 in),167.0,,,"Dual SIM (Micro-SIM, dual stand-by)",IPS LCD,,5.0,480x854,196,65.7,,Android 7.0 (Nougat),,,Quad-core 1.3 GHz Cortex-A7,Mali-400 MP2,1,1,8,8,,5.0,1,,No,,No,"LED flash, HDR, panorama",Yes,5.0,No,,,"Wi-Fi 802.11 b/g/n, Wi-Fi Direct",No,4.0,Micro-USB,Yes,GPS,Accelerometer,2500,,,No,,,,,,,,,,,"Space Grey, Silver, Gold, Bleen, Lime",JERRY2,,,Stereo FM radio
Wiko,Wiko Jerry,https://www.gsmarena.com/wiko_jerry-9018.php,https://fdn2.gsmarena.com/vv/bigpic/wiko-j.jpg,GSM / HSPA,No,2016. Released 2016,Discontinued,145.1 x 73.5 x 9.6 mm (5.71 x 2.89 x 0.38 in),166.0,,,"Dual SIM (Micro-SIM/Mini-SIM, dual stand-by)",IPS LCD,,5.0,480x854,196,64.6,,Android 6.0 (Marshmallow),,,Quad-core 1.3 GHz Cortex-A7,Mali-400,1,1,8,8,,5.0,1,,No,,No,"LED flash, HDR, panorama",Yes,2.0,No,,,"Wi-Fi 802.11 b/g/n, Wi-Fi Direct",No,4.0,Micro-USB,Yes,GPS,"Accelerometer, proximity, compass",2000,,,No,,,,,,,,,,,"Orange/Space Grey, Bleen/Silver, Black/Space Grey, Pink/Silver, White/Space Grey",JERRY,,,Stereo FM radio
Wiko,Wiko Kenny,https://www.gsmarena.com/wiko_kenny-9020.php,https://fdn2.gsmarena.com/vv/bigpic/wiko-k.jpg,GSM / HSPA / LTE,No,2017. Released 2017,Discontinued,144.7 x 72.4 x 10.1 mm (5.70 x 2.85 x 0.40 in),162.0,,,"Dual SIM (Micro-SIM, dual stand-by)",IPS LCD,,5.0,480x854,196,65.8,,Android 7.0 (Nougat),,,Quad-core 1.1 GHz,Mali-T720,2,2,16,16,,5.0,1,,No,,No,"LED flash, HDR, panorama",1080p@30fps,5.0,No,,,"Wi-Fi 802.11 b/g/n, Wi-Fi Direct",No,4.0,Micro-USB,Yes,GPS,"Accelerometer, proximity, compass",2500,,,No,,,,,,,,,,,"Anthracite, Gold, Bleen",,,,Stereo FM radio
Wiko,Wiko Lenny3 Max,https://www.gsmarena.com/wiko_lenny3_max-9021.php,https://fdn2.gsmarena.com/vv/bigpic/wiko-l3.jpg,GSM / HSPA,No,2016. Released 2016,Discontinued,143 x 73 x 9.9 mm (5.63 x 2.87 x 0.39 in),177.0,,,"Dual SIM (Micro-SIM, dual stand-by)",IPS LCD,,5.0,720x1280,294,66.0,,Android 6.0 (Marshmallow),,,Quad-core 1.3 GHz Cortex-A7,Mali-400,2,2,16,16,,8.0,1,,No,,No,"LED flash, panorama, HDR",1080p@30fps,5.0,No,,,Wi-Fi 802.11 b/g/n,No,4.0,Micro-USB,Yes,GPS,"Accelerometer, gyro, proximity, compass",4900,,,No,,,,,,,,,,,"Space Grey, Bleen, Rose Gold, Gold",,,,FM radio
Wiko,Wiko Lenny4 Plus,https://www.gsmarena.com/wiko_lenny4_plus-9023.php,https://fdn2.gsmarena.com/vv/bigpic/wiko-l4pl.jpg,GSM / HSPA,No,2017. Released 2017,Discontinued,156 x 79 x 9.4 mm (6.14 x 3.11 x 0.37 in),160.0,,,"Dual SIM (Micro-SIM, dual stand-by)",IPS LCD,,5.5,720x1280,267,67.7,,Android 7.0 (Nougat),,,Quad-core 1.3 GHz Cortex-A7,Mali-400 MP2,1,1,16,16,,8.0,1,,No,,No,"LED flash, panorama, HDR",1080p@30fps,5.0,No,,,Wi-Fi 802.11 b/g/n,No,4.0,Micro-USB,Yes,GPS,"Accelerometer, proximity",2500,,,No,,,,,,,,,,,"Black, Gold, Bleen, Lime, Rose Gold",,,,FM radio
Wiko,Wiko Lenny4,https://www.gsmarena.com/wiko_lenny4-9022.php,https://fdn2.gsmarena.com/vv/bigpic/wiko-l4.jpg,GSM / HSPA,No,2017. Released 2017,Discontinued,145 x 72.5 x 10.6 mm (5.71 x 2.85 x 0.42 in),170.2,,,"Dual SIM (Micro-SIM, dual stand-by)",IPS LCD,,5.0,720x1280,294,65.6,,Android 7.0 (Nougat),,,Quad-core 1.3 GHz Cortex-A7,Mali-400 MP2,1,1,16,16,,8.0,1,,No,,No,"LED flash, panorama, HDR",1080p@30fps,5.0,No,,,Wi-Fi 802.11 b/g/n,No,4.0,Micro-USB,Yes,GPS,"Accelerometer, proximity",2500,,,No,,,,,,,,,,,"Black, Gold, Bleen, Lime, Rose Gold",,,,FM radio
Wiko,Wiko Ufeel fab,https://www.gsmarena.com/wiko_ufeel_fab-9028.php,https://fdn2.gsmarena.com/vv/bigpic/wiko-uf-f.jpg,GSM / HSPA / LTE,No,2016. Released 2016,Discontinued,154.4 x 77.2 x 10.6 mm (6.08 x 3.04 x 0.42 in),201.0,,,"Dual SIM (Micro-SIM, dual stand-by)",IPS LCD,,5.5,720x1280,267,70.0,,Android 6.0 (Marshmallow),,,Quad-core 1.3 GHz Cortex-A53,Mali-T720,2,2,16,16,,13.0,1,,No,,No,"LED flash, panorama, HDR",1080p@30fps,5.0,No,LED flash,,Wi-Fi 802.11 b/g/n,No,4.0,Micro-USB,Yes,GPS,"Fingerprint (front-mounted), accelerometer, gyro, proximity, compass",4000,,,No,,,,,,,,,,,"Black, Gold, Rose Gold",,,,FM radio
Wiko,Wiko Ufeel go,https://www.gsmarena.com/wiko_ufeel_go-9029.php,https://fdn2.gsmarena.com/vv/bigpic/wiko-uf-g.jpg,GSM / HSPA / LTE,No,2016. Released 2016,Discontinued,144.4 x 71.6 x 9.7 mm (5.69 x 2.82 x 0.38 in),172.0,,,"Dual SIM (Micro-SIM, dual stand-by)",IPS LCD,,5.0,720x1280,294,66.7,,Android 6.0 (Marshmallow),,,Quad-core 1.3 GHz Cortex-A53,Mali-T720,2,2,16,16,,13.0,1,,No,,No,"LED flash, panorama, HDR",1080p@30fps,5.0,No,LED flash,,Wi-Fi 802.11 b/g/n,No,4.0,Micro-USB,Yes,GPS,"Fingerprint (front-mounted), accelerometer, gyro, proximity, compass",4000,,,No,,,,,,,,,,,"Space Grey, Gold",,,,FM radio
Wiko,Wiko Ufeel,https://www.gsmarena.com/wiko_ufeel-9030.php,https://fdn2.gsmarena.com/vv/bigpic/wiko-uf-.jpg,GSM / HSPA / LTE,No,2016. Released 2016,Discontinued,143 x 70.7 x 8.6 mm (5.63 x 2.78 x 0.34 in),145.0,,,"Dual SIM (Micro-SIM, dual stand-by)",IPS LCD,,5.0,720x1280,294,68.2,,Android 6.0 (Marshmallow),,,Quad-core 1.3 GHz Cortex-A53,Mali-T720,3,3,16,16,,13.0,1,,No,,No,"LED flash, panorama, HDR",1080p@30fps,5.0,No,LED flash,,Wi-Fi 802.11 b/g/n,No,4.0,Micro-USB,Yes,GPS,"Fingerprint (front-mounted), accelerometer, gyro, proximity, compass",2500,,,No,,,,,,,,,,,"Lime, Space Grey, Chocolate, Slate, Creamy",,,,FM radio
Wiko,Wiko U Feel Prime,https://www.gsmarena.com/wiko_u_feel_prime-8545.php,https://fdn2.gsmarena.com/vv/bigpic/wiko-ufp.jpg,GSM / HSPA / LTE,No,"2016, September. Released 2016, September",Discontinued,142.5 x 69.9 x 8.7 mm (5.61 x 2.75 x 0.34 in),150.0,,,Nano-SIM + Nano-SIM,IPS LCD,,5.0,1080x1920,441,69.2,,Android 6.0.1 (Marshmallow),Qualcomm MSM8937 Snapdragon 430 (28 nm),28,Octa-core 1.4 GHz Cortex-A53,Adreno 505,4,4,32,32,eMMC 5.1,13.0,1,,No,1/3.1,No,"Dual-LED flash, panorama, HDR",1080p@30fps,8.0,No,LED flash,,"Wi-Fi 802.11 b/g/n, Wi-Fi Direct",No,4.1,Micro-USB,Yes,GPS,"Fingerprint (front-mounted), accelerometer, gyro, proximity, compass",3000,,,No,,,,,,,,,,,"Silver, Anthracite, Gold",,,0.99 W/kg (head) 0.80 W/kg (body),Stereo FM radio
Wiko,Wiko U Feel Lite,https://www.gsmarena.com/wiko_u_feel_lite-8204.php,https://fdn2.gsmarena.com/vv/bigpic/wiko-u-lite.jpg,GSM / HSPA / LTE,No,"2016, February. Released 2016, May",Discontinued,143.5 x 71.5 x 8.5 mm (5.65 x 2.81 x 0.33 in),147.0,,,"Dual SIM (Micro-SIM, dual stand-by)",IPS LCD,,5.0,720x1280,294,67.2,,Android 6.0.1 (Marshmallow),Mediatek MT6735 (28 nm),28,Quad-core 1.3 GHz Cortex-A7,Mali-T720,2,2,16,16,,8.0,1,2.0,No,1/4.0,No,"LED flash, panorama, HDR",1080p@30fps,5.0,No,,,"Wi-Fi 802.11 b/g/n, Wi-Fi Direct, DLNA",No,4.0,Micro-USB,Yes,GPS,"Accelerometer, gyro, proximity, compass",2500,,,No,,,,,,,,,,,"Lime, Slate, Chocolate, Rose Gold",,,0.40 W/kg (head) 0.49 W/kg (body),FM radio
Wiko,Wiko Tommy,https://www.gsmarena.com/wiko_tommy-8203.php,https://fdn2.gsmarena.com/vv/bigpic/wiko-tommy.jpg,GSM / HSPA / LTE,No,"2016, February. Released 2016, July",Discontinued,146 x 71.5 x 8.8 mm (5.75 x 2.81 x 0.35 in),165.0,,,Micro-SIM,IPS LCD,,5.0,720x1280,294,66.0,,Android 6.0.1 (Marshmallow),Qualcomm MSM8909v2 Snapdragon 212 (28 nm),28,Quad-core 1.3 GHz Cortex-A7,Adreno 304,1,1,8,8,eMMC 4.5,8.0,1,2.0,No,1/3.2,No,"LED flash, panorama, HDR",720p@30fps,5.0,No,,,"Wi-Fi 802.11 b/g/n, Wi-Fi Direct",No,4.0,Micro-USB,Yes,GPS,"Accelerometer, proximity",2500,,,No,,,,,,,,,,,"True Black, Flashy Red, Cool Grey, Bleen, Sun Yellow, Hot Pink",,,0.75 W/kg (head) 1.81 W/kg (body),FM radio
Wiko,Wiko Sunny2 Plus,https://www.gsmarena.com/wiko_sunny2_plus-9026.php,https://fdn2.gsmarena.com/vv/bigpic/wiko-s2pl.jpg,GSM / HSPA,No,2017. Released 2017,Discontinued,146.3 x 73.7 x 9.8 mm (5.76 x 2.90 x 0.39 in),165.0,,,"Dual SIM (Micro-SIM/Mini-SIM, dual stand-by)",TFT,,5.0,480x854,196,63.9,,Android 7.0 (Nougat),,,Quad-core 1.3 GHz Cortex-A7,Mali-400,1,1,8,8,,5.0,1,,No,,No,"LED flash, panorama, HDR",720p@30fps,2.0,No,,,Wi-Fi 802.11 b/g/n,No,4.0,Micro-USB,Yes,GPS,Accelerometer,2000,,,No,,,,,,,,,,,,Sunny2 Plus,,,FM radio
Wiko,Wiko Sunny2,https://www.gsmarena.com/wiko_sunny2-9025.php,https://fdn2.gsmarena.com/vv/bigpic/wiko-s2.jpg,GSM / HSPA,No,2017. Released 2017,Discontinued,126.6 x 66.3 x 11.4 mm (4.98 x 2.61 x 0.45 in),125.0,,,"Dual SIM (Micro-SIM, dual stand-by)",TFT,,4.0,480x800,233,54.3,,Android 6.0 (Marshmallow),,,Quad-core 1.2 GHz Cortex-A7,Mali-400,,,8,8,,5.0,1,,No,,No,"LED flash, panorama",720p@30fps,2.0,No,,,Wi-Fi 802.11 b/g/n,No,2.1,Micro-USB,Yes,GPS,"Accelerometer, proximity, compass",1300,,,No,,,,,,,,,,,,,,,FM radio
Wiko,Wiko Sunny,https://www.gsmarena.com/wiko_sunny-8202.php,https://fdn2.gsmarena.com/vv/bigpic/wiko-sunny.jpg,GSM / HSPA,No,"2016, February. Released 2016, May",Discontinued,128.4 x 66.2 x 11.3 mm (5.06 x 2.61 x 0.44 in),123.0,,,Mini-SIM,TFT,,4.0,480x800,233,53.6,,Android 6.0 (Marshmallow),Mediatek MT6580M (28 nm),28,Quad-core 1.3 GHz Cortex-A7,Mali-400MP2,,,8,8,,5.0,1,2.2,No,1/5.0,No,"LED flash, panorama, HDR",1080p@30fps,,No,,,"Wi-Fi 802.11 b/g/n, Wi-Fi Direct",No,4.0,Micro-USB,Yes,GPS,"Accelerometer, proximity",1200,,,No,,,,,,,,,,,"True Black, Pure White, Flashy Red, Bleen, Hot Pink",,,0.62 W/kg (head) 0.64 W/kg (body),FM radio
Wiko,Wiko Sunny Max,https://www.gsmarena.com/wiko_sunny_max-9027.php,https://fdn2.gsmarena.com/vv/bigpic/wiko-sm.jpg,GSM / HSPA,No,2016. Released 2016,Discontinued,128.3 x 66.3 x 13.2 mm (5.05 x 2.61 x 0.52 in),149.0,,,"Dual SIM (Mini-SIM, dual stand-by)",TFT,,4.0,480x800,233,53.5,,Android 6.0 (Marshmallow),,,Quad-core 1.2 GHz Cortex-A7,Mali-400,,,8,8,,5.0,1,,No,,No,"LED flash, panorama",720p@30fps,2.0,No,,,Wi-Fi 802.11 b/g/n,No,2.1,Micro-USB,Yes,GPS,"Accelerometer, proximity, compass",2500,,,No,,,,,,,,,,,,,,,FM radio
Wiko,Wiko Robby2,https://www.gsmarena.com/wiko_robby2-9024.php,https://fdn2.gsmarena.com/vv/bigpic/wiko-r2.jpg,GSM / HSPA / LTE,No,2017. Released 2017,Discontinued,154.6 x 78.8 x 9.4 mm (6.09 x 3.10 x 0.37 in),200.0,,,"Dual SIM (Micro-SIM, dual stand-by)",IPS LCD,,5.5,720x1280,267,68.5,,Android 7.1 (Nougat),,,Quad-core 1.1 GHz Cortex-A7,Adreno 304,2,2,16,16,,8.0,1,,No,,No,"LED flash, HDR",720p@30fps,5.0,No,,,Wi-Fi 802.11 b/g/n,No,4.0,Micro-USB,Yes,GPS,"Accelerometer, proximity",2800,,,No,,,,,,,,,,,"Black, Gold, Rose Gold",,,,FM radio
Wiko,Wiko Robby,https://www.gsmarena.com/wiko_robby-8201.php,https://fdn2.gsmarena.com/vv/bigpic/wiko-robby.jpg,GSM / HSPA,No,"2016, February. Released 2016, May",Discontinued,155 x 79.1 x 10 mm (6.10 x 3.11 x 0.39 in),185.0,,,"Dual SIM (Micro-SIM, dual stand-by)",IPS LCD,,5.5,720x1280,267,68.0,,Android 6.0.1 (Marshmallow),Mediatek MT6580M (28 nm),28,Quad-core 1.3 GHz Cortex-A7,Mali-400MP2,1,1,16,16,,8.0,1,2.0,No,1/4.0,No,"LED flash, panorama, HDR",1080p@30fps,5.0,No,LED flash,,"Wi-Fi 802.11 b/g/n, Wi-Fi Direct",No,4.0,Micro-USB,Yes,GPS,"Accelerometer, proximity",2500,,,No,,,,,,,,,,,"Space Grey, Gold, Bleen, Rose Gold, Lime",ROBBY,,0.30 W/kg (head) 0.46 W/kg (body),FM radio
Wiko,Wiko Lenny3,https://www.gsmarena.com/wiko_lenny3-8200.php,https://fdn2.gsmarena.com/vv/bigpic/wiko-lenny3.jpg,GSM / HSPA,No,"2016, February. Released 2016, May",Discontinued,145 x 73.1 x 9.9 mm (5.71 x 2.88 x 0.39 in),177.0,,,"Dual SIM (Mini-SIM/ Micro-SIM, dual stand-by)",IPS LCD,,5.0,720x1280,294,65.0,,Android 6.0.1 (Marshmallow),Mediatek MT6580M (28 nm),28,Quad-core 1.3 GHz Cortex-A7,Mali-400MP2,1,1,16,16,,8.0,1,2.0,No,1/4.0,No,"LED flash, panorama, HDR",1080p@25fps,5.0,No,,,"Wi-Fi 802.11 b/g/n, Wi-Fi Direct",No,4.0,Micro-USB,Yes,GPS,"Accelerometer, proximity",2000,,,No,,,,,,,,,,,"Space Grey, Bleen, Lime, Cinnabar, Gold, Rose Gold",LENNY3,,0.36 W/kg (head) 0.29 W/kg (body),FM radio
Wiko,Wiko Fever SE,https://www.gsmarena.com/wiko_fever_se-8199.php,https://fdn2.gsmarena.com/vv/bigpic/wiko-fever-se.jpg,GSM / HSPA / LTE,No,"2016, February. Released 2016, May",Discontinued,149.5 x 73.9 x 9.1 mm (5.89 x 2.91 x 0.36 in),150.0,,,"Dual SIM (Micro-SIM, dual stand-by)",IPS LCD,,5.2,1080x1920,424,67.5,Gorilla Glass 3,Android 6.0 (Marshmallow),Mediatek MT6753 (28 nm),28,Octa-core 1.3 GHz Cortex-A53,Mali-T720MP3,3,3,32,32,,13.0,1,2.2,No,1/3.1,No,"LED flash, panorama, HDR",1080p@30fps,5.0,No,LED flash,1080p@30fps,"Wi-Fi 802.11 b/g/n, Wi-Fi Direct, DLNA",No,4.0,Micro-USB,Yes,GPS,"Accelerometer, gyro, proximity, compass",2900,,,No,,,,,,,,,,,"Silver, Anthracite, Lime, Cinnabar, Ash Wood, Oak Wood",,,0.24 W/kg (head) 0.57 W/kg (body),FM radio
Wiko,Wiko Pulp Fab 4G,https://www.gsmarena.com/wiko_pulp_fab_4g-7814.php,https://fdn2.gsmarena.com/vv/bigpic/wiko-pulp-fab-4g.jpg,GSM / HSPA / LTE,No,"2015, November. Released 2015, November",Discontinued,155.4 x 79.3 x 8.5 mm (6.12 x 3.12 x 0.33 in),168.0,,,"Dual SIM (Micro-SIM, dual stand-by)",IPS LCD,,5.5,720x1280,267,67.7,,Android 5.1 (Lollipop),Qualcomm MSM8916 Snapdragon 410 (28 nm),28,Quad-core 1.2 GHz Cortex-A53,Adreno 306,2,2,16,16,eMMC 4.5,13.0,1,,No,,No,"LED flash, panorama, HDR",1080p@30fps,5.0,No,LED flash,,"Wi-Fi 802.11 b/g/n, Wi-Fi Direct, hotspot",No,4.0,Micro-USB,Yes,GPS,"Accelerometer, proximity, compass",2820,,,No,,,,,,,,,,,"Black, White, Chocolate, Electric Blue, Flashy Red",,,0.38 W/kg (head) 0.97 W/kg (body),FM radio
Wiko,Wiko Pulp Fab,https://www.gsmarena.com/wiko_pulp_fab-7813.php,https://fdn2.gsmarena.com/vv/bigpic/wiko-pulp-fab.jpg,GSM / HSPA,No,"2015, October. Released 2015, October",Discontinued,154.7 x 79.3 x 8.5 mm (6.09 x 3.12 x 0.33 in),170.0,,,"Dual SIM (Micro-SIM, dual stand-by)",IPS LCD,,5.5,720x1280,267,68.0,,Android 5.1 (Lollipop),Mediatek MT6592M (28 nm),28,Octa-core 1.4 GHz Cortex-A7,Mali-450MP4,2,2,16,16,,13.0,1,,No,,No,"LED flash, panorama, HDR",1080p@30fps,5.0,No,LED flash,,"Wi-Fi 802.11 b/g/n, Wi-Fi Direct, hotspot",No,4.0,Micro-USB,Yes,GPS,"Accelerometer, proximity, compass",2820,,,No,,,,,,,,,,,"Black, White, Chocolate, Electric Blue, Flashy Red",,,0.25 W/kg (head) 0.27 W/kg (body),FM radio
Wiko,Wiko Pulp,https://www.gsmarena.com/wiko_pulp-7812.php,https://fdn2.gsmarena.com/vv/bigpic/wiko-pulp.jpg,GSM / HSPA,No,"2015, November. Released 2015, November",Discontinued,143.9 x 72 x 8.5 mm (5.67 x 2.83 x 0.33 in),149.0,,,"Dual SIM (Micro-SIM, dual stand-by)",IPS LCD,,5.0,720x1280,294,66.5,,Android 5.1 (Lollipop),Mediatek MT6592M (28 nm),28,Octa-core 1.4 GHz Cortex-A7,Mali-450MP4,2,2,16,32,,13.0,1,,No,,No,"LED flash, panorama, HDR",1080p@30fps,5.0,No,LED flash,,"Wi-Fi 802.11 b/g/n, Wi-Fi Direct, hotspot",No,4.0,Micro-USB,Yes,GPS,"Accelerometer, gyro, proximity, compass",2500,,,No,,,,,,,,,,,"Black, White, Chocolate, Electric Blue, Flashy Red",,,0.33 W/kg (head) 0.46 W/kg (body),FM radio
Wiko,Wiko Pulp 4G,https://www.gsmarena.com/wiko_pulp_4g-7811.php,https://fdn2.gsmarena.com/vv/bigpic/wiko-pulp-4g.jpg,GSM / HSPA / LTE,No,"2015, November. Released 2015, November",Discontinued,143.9 x 72 x 8.8 mm (5.67 x 2.83 x 0.35 in),151.0,,,Nano-SIM + Micro-SIM,IPS LCD,,5.0,720x1280,294,66.5,,Android 5.1 (Lollipop),Qualcomm MSM8916 Snapdragon 410 (28 nm),28,Quad-core 1.2 GHz Cortex-A53,Adreno 306,2,2,16,16,eMMC 4.5,13.0,1,,No,,No,"LED flash, panorama, HDR",1080p@30fps,5.0,No,LED flash,,"Wi-Fi 802.11 b/g/n, Wi-Fi Direct, hotspot",No,4.0,Micro-USB,Yes,GPS,"Accelerometer, gyro, proximity, compass",2500,,,No,,,,,,,,,,,"Black, White, Chocolate, Electric Blue, Flashy Red",,,0.11 W/kg (head) 0.39 W/kg (body),FM radio
Wiko,Wiko Fever 4G,https://www.gsmarena.com/wiko_fever_4g-7810.php,https://fdn2.gsmarena.com/vv/bigpic/wiko-fever.jpg,GSM / HSPA / LTE,No,"2015, September. Released 2015, November",Discontinued,148 x 73.8 x 8.3 mm (5.83 x 2.91 x 0.33 in),143.0,,,"Dual SIM (Micro-SIM, dual stand-by)",IPS LCD,,5.2,1080x1920,424,68.2,Gorilla Glass 3,Android 5.1 (Lollipop),Mediatek MT6753 (28 nm),28,Octa-core 1.3 GHz Cortex-A53,Mali-T720MP3,2,3,16,16,,13.0,1,,No,,No,"LED flash, panorama, HDR",1080p@30fps,5.0,No,LED flash,,"Wi-Fi 802.11 b/g/n, Wi-Fi Direct, hotspot",No,4.0,Micro-USB,Yes,GPS,"Accelerometer, gyro, proximity",2900,,,No,,,,,,,,,,,"White/Gold, Black/Gold, Black/Grey",,,0.24 W/kg (head) 0.57 W/kg (body),FM radio
Wiko,Wiko Lenny2,https://www.gsmarena.com/wiko_lenny2-7764.php,https://fdn2.gsmarena.com/vv/bigpic/wiko-lenny2.jpg,GSM / HSPA,No,"2015, September. Released 2015, September",Discontinued,145.4 x 73.2 x 9 mm (5.72 x 2.88 x 0.35 in),156.0,,,Dual SIM (Micro-SIM),IPS LCD,,5.0,480x854,196,64.7,,Android 5.1 (Lollipop),Mediatek MT6580M (28 nm),28,Quad-core 1.3 GHz Cortex-A7,Mali-400MP2,,,4,4,,5.0,1,,No,,No,"LED flash, panorama, HDR",1080p@30fps,2.0,No,,,"Wi-Fi 802.11 b/g/n, Wi-Fi Direct, hotspot",No,4.0,Micro-USB,Yes,GPS,"Accelerometer, proximity",1800,,,No,,,120.0,,,,,,,,"Black, White, Coral, Bleen, Blue",LENNY2,,0.33 W/kg (head) 0.41 W/kg (body),FM radio
Wiko,Wiko Rainbow Jam,https://www.gsmarena.com/wiko_rainbow_jam-7626.php,https://fdn2.gsmarena.com/vv/bigpic/wiko-rainbow-jam.jpg,GSM / HSPA,No,"2015, September. Released 2015, September",Discontinued,142.5 x 71.6 x 9.3 mm (5.61 x 2.82 x 0.37 in),159.0,,,"Dual SIM (Micro-SIM, dual stand-by)",IPS LCD,,5.0,720x1280,294,67.5,,Android 5.1 (Lollipop),Mediatek MT6580 (28 nm),28,Quad-core 1.3 GHz Cortex-A7,Mali-400MP2,1,1,8,8,,8.0,1,,No,,No,"LED flash, panorama, HDR",1080p@24fps,5.0,No,,,"Wi-Fi 802.11 b/g/n, Wi-Fi Direct, hotspot",No,4.0,Micro-USB,Yes,GPS,"Accelerometer, proximity",2500,,,No,,,,,,,,,,,"Black, White, Bleen, Coral, Blue",,,0.33 W/kg (head) 0.48 W/kg (body),FM radio
Wiko,Wiko Rainbow Jam 4G,https://www.gsmarena.com/wiko_rainbow_jam_4g-7625.php,https://fdn2.gsmarena.com/vv/bigpic/wiko-rainbow-jam-4g.jpg,GSM / HSPA / LTE,No,"2015, September. Released 2015, September",Discontinued,143.1 x 71.4 x 8.7 mm (5.63 x 2.81 x 0.34 in),153.0,,,"Dual SIM (Micro-SIM, dual stand-by)",IPS LCD,,5.0,720x1280,294,67.5,,Android 5.1 (Lollipop),Qualcomm MSM8909 Snapdragon 210 (28 nm),28,Quad-core 1.1 GHz Cortex-A7,Adreno 304,1,1,8,8,eMMC 4.5,8.0,1,,No,,No,"LED flash, HDR",720p@30fps,5.0,No,,,"Wi-Fi 802.11 b/g/n, Wi-Fi Direct, hotspot",No,4.0,Micro-USB,Yes,GPS,"Accelerometer, proximity",2500,,,No,,,,,,,,,,,"Black, White, Bleen, Coral, Blue",,,0.25 W/kg (head) 0.39 W/kg (body),FM radio
Wiko,Wiko Rainbow Lite 4G,https://www.gsmarena.com/wiko_rainbow_lite_4g-7624.php,https://fdn2.gsmarena.com/vv/bigpic/wiko-rainbow-lite-4g.jpg,GSM / HSPA / LTE,No,"2015, August. Released 2015, August",Discontinued,143 x 71.2 x 9 mm (5.63 x 2.80 x 0.35 in),158.0,,,"Dual SIM (Micro-SIM, dual stand-by)",IPS LCD,,5.0,480x854,196,67.7,,Android 5.1 (Lollipop),Qualcomm MSM8909 Snapdragon 210 (28 nm),28,Quad-core 1.1 GHz Cortex-A7,Adreno 304,1,1,4,4,eMMC 4.5,5.0,1,,No,,No,"LED flash, HDR",720p@30fps,2.0,No,,,"Wi-Fi 802.11 b/g/n, Wi-Fi Direct, hotspot",No,4.0,Micro-USB,Yes,GPS,"Accelerometer, proximity",2000,,,No,,,,,,,,,,,"Black, White, Coral, Bleen, Blue",RAINBOW LITE 4G,,0.17 W/kg (head) 0.47 W/kg (body),FM radio
Wiko,Wiko Selfy 4G,https://www.gsmarena.com/wiko_selfy_4g-7569.php,https://fdn2.gsmarena.com/vv/bigpic/wiko-selfy.jpg,GSM / HSPA / LTE,No,"2015, August. Released 2015, August",Discontinued,141 x 68.4 x 7.7 mm (5.55 x 2.69 x 0.30 in),116.0,,,Micro-SIM,AMOLED,,4.8,720x1280,306,65.9,,Android 5.1 (Lollipop),Mediatek MT6735P (28 nm),28,Quad-core 1.0 GHz Cortex-A53,Mali-T720MP2,1,1,8,8,,8.0,1,,No,,No,"LED flash, HDR, panorama",720p@30fps,8.0,No,LED flash,,"Wi-Fi 802.11 b/g/n, Wi-Fi Direct, hotspot",No,4.0,Micro-USB,Yes,GPS,"Accelerometer, proximity",2300,,,No,,,,,,,,,,,"Black, White, Mint, Ruby",,,0.40 W/kg (head) 0.52 W/kg (body),FM radio
Wiko,Wiko Rainbow UP 4G,https://www.gsmarena.com/wiko_rainbow_up_4g-7497.php,https://fdn2.gsmarena.com/vv/bigpic/wiko-rainbow-up-4g.jpg,GSM / HSPA / LTE,No,"2015, May. Released 2015, August",Discontinued,143 x 71.1 x 8.4 mm (5.63 x 2.80 x 0.33 in),128.0,,,"Dual SIM (Micro-SIM, dual stand-by)",IPS LCD,,5.0,720x1280,294,67.8,,Android 5.0 (Lollipop),Mediatek MT6735P (28 nm),28,Quad-core 1.0 GHz Cortex-A53,Mali-T720MP2,1,1,8,8,,8.0,1,,No,,No,"LED flash, HDR, panorama",720p@30fps,5.0,No,,,"Wi-Fi 802.11 b/g/n, Wi-Fi Direct, hotspot",No,4.0,Micro-USB,Yes,GPS,"Accelerometer, proximity",2800,,,No,,,,,,,,,,,"Black, White, Bleen, Coral, Blue",,,,FM radio
Wiko,Wiko Sunset2,https://www.gsmarena.com/wiko_sunset2-7457.php,https://fdn2.gsmarena.com/vv/bigpic/wiko-sunset2.jpg,GSM / HSPA,No,"2015, April. Released 2015, July",Discontinued,128 x 65.6 x 10.9 mm (5.04 x 2.58 x 0.43 in),121.0,,,"Dual SIM (Mini-SIM, dual stand-by)",TFT,,4.0,480x800,233,54.2,,Android 4.4 (KitKat),Mediatek MT6572W,,Dual-core 1.3 GHz Cortex-A7,Mali-400,,,4,4,,2.0,1,,No,,No,"LED flash, panorama, HDR",720p@9fps,1.3,No,,,"Wi-Fi 802.11 b/g/n, hotspot",No,4.0,Micro-USB,Yes,GPS,Accelerometer,1300,,,No,,,,,,,,,,,"Black, White, Bleen, Coral, Blue",,,0.90 W/kg (head) 1.41 W/kg (body),FM radio
Wiko,Wiko Bloom2,https://www.gsmarena.com/wiko_bloom2-7274.php,https://fdn2.gsmarena.com/vv/bigpic/wiko-bloom2.jpg,GSM / HSPA,No,"2015, June. Released 2015, June",Discontinued,139 x 71.6 x 8.8 mm (5.47 x 2.82 x 0.35 in),151.0,,,"Dual SIM (Mini-SIM/ Micro-SIM, dual stand-by)",IPS LCD,,4.7,480x800,199,63.2,,Android 5.0 (Lollipop),Mediatek MT6582M (28 nm),28,Quad-core 1.3 GHz Cortex-A7,Mali-400MP2,1,1,8,8,,8.0,1,,No,,No,"LED flash, panorama, HDR",Yes,2.0,No,,,"Wi-Fi 802.11 b/g/n, Wi-Fi Direct, hotspot",No,4.0,Micro-USB,Yes,GPS,"Accelerometer, proximity",2120,,,No,,,,,,,,,,,Black,,,,FM radio
Wiko,Wiko Ridge 4G,https://www.gsmarena.com/wiko_ridge_4g-7113.php,https://fdn2.gsmarena.com/vv/bigpic/wiko-ridge-4g.jpg,GSM / HSPA / LTE,No,"2015, February. Released 2015, March",Discontinued,143 x 72 x 7.5 mm (5.63 x 2.83 x 0.30 in),125.0,,,Nano-SIM + Micro-SIM,IPS LCD,,5.0,720x1280,294,66.9,Gorilla Glass 3,Android 4.4.4 (KitKat),Qualcomm MSM8916 Snapdragon 410 (28 nm),28,Quad-core 1.2 GHz Cortex-A53,Adreno 306,2,2,16,16,eMMC 4.5,13.0,1,,No,,No,"LED flash, HDR",1080p@30fps,5.0,No,,720p@30fps,"Wi-Fi 802.11 b/g/n, hotspot",No,4.0,Micro-USB,Yes,GPS,"Accelerometer, proximity, compass",2400,,,No,,,,,,,,,,,"Black Grey, Black Bleen, Black Clementine, Arctic Gold",,,0.29 W/kg (head) 0.57 W/kg (body),FM radio
Wiko,Wiko Ridge Fab 4G,https://www.gsmarena.com/wiko_ridge_fab_4g-7112.php,https://fdn2.gsmarena.com/vv/bigpic/wiko-ridge.jpg,GSM / HSPA / LTE,No,"2015, February. Released 2015, March",Discontinued,156 x 78.2 x 8.6 mm (6.14 x 3.08 x 0.34 in),154.0,,,"Hybrid Dual SIM (Micro-SIM, dual stand-by)",IPS LCD,,5.5,720x1280,267,68.4,Gorilla Glass 3,Android 4.4.4 (KitKat),Qualcomm MSM8916 Snapdragon 410 (28 nm),28,Quad-core 1.2 GHz Cortex-A53,Adreno 306,2,2,16,16,eMMC 4.5,13.0,1,,No,,No,"LED flash, HDR",1080p@30fps,5.0,No,,720p@30fps,"Wi-Fi 802.11 b/g/n, hotspot",No,4.0,Micro-USB,Yes,GPS,"Accelerometer, proximity, compass",2820,,,No,,,,,,,,,,,"Black Grey, Black Bleen, Black Clementine, Arctic Gold",,,0.24 W/kg (head) 0.71 W/kg (body),FM radio
Wiko,Wiko Highway Star 4G,https://www.gsmarena.com/wiko_highway_star_4g-7101.php,https://fdn2.gsmarena.com/vv/bigpic/wiko-highway-star-4g.jpg,GSM / HSPA / LTE,No,"2015, March. Released 2015, April",Discontinued,141 x 71.4 x 6.6 mm (5.55 x 2.81 x 0.26 in),123.0,,,Nano-SIM + Micro-SIM,AMOLED,,5.0,720x1280,294,68.5,Gorilla Glass 3,Android 4.4.4 (KitKat),,,Octa-core 1.5 GHz Cortex-A53,,2,2,16,16,,13.0,1,,No,,No,"LED flash, HDR, panorama",1080p@30fps,5.0,No,,,"Wi-Fi 802.11 b/g/n, hotspot",No,4.0,Micro-USB,Yes,GPS,"Accelerometer, proximity, compass",2450,,,No,,,,,,,,,,,"Silver, Gold, Grey",,,0.35 W/kg (head) 0.53 W/kg (body),FM radio
Wiko,Wiko Highway Pure 4G,https://www.gsmarena.com/wiko_highway_pure_4g-7102.php,https://fdn2.gsmarena.com/vv/bigpic/wiko-highway-pure-4g.jpg,GSM / HSPA / LTE,No,"2015, March. Released 2015, April",Discontinued,141.9 x 68.1 x 5.1 mm (5.59 x 2.68 x 0.20 in),98.0,,,Nano-SIM,AMOLED,,4.8,720x1280,306,65.7,Gorilla Glass 3,Android 4.4.4 (KitKat),Qualcomm MSM8916 Snapdragon 410 (28 nm),28,Quad-core 1.2 GHz Cortex-A53,Adreno 306,2,2,16,16,eMMC 4.5,8.0,1,,No,,No,"LED flash, HDR",1080p@30fps,5.0,No,,720p@30fps,"Wi-Fi 802.11 b/g/n, hotspot",No,4.0,Micro-USB,Yes,GPS,"Accelerometer, proximity, compass",2000,,,No,,,,,,,,,,,"White/Silver, Black/Grey, Black/Gold, Black/Bleen",,,0.35 W/kg (head) 0.58 W/kg (body),FM radio
Wiko,Wiko Lenny,https://www.gsmarena.com/wiko_lenny-6939.php,https://fdn2.gsmarena.com/vv/bigpic/wiko-lenny.jpg,GSM / HSPA,No,"2014, August. Released 2014, August",Discontinued,143 x 73 x 9.6 mm (5.63 x 2.87 x 0.38 in),174.0,,,Dual SIM (Mini-SIM),TFT,,5.0,480x854,196,66.0,,Android 4.4.2 (KitKat),Mediatek MT6572 (28 nm),28,Dual-core 1.3 GHz Cortex-A7,Mali-400,,,4,4,,5.0,1,,No,,No,"LED flash, panorama",720p@30fps,1.3,No,,,"Wi-Fi 802.11 b/g/n, hotspot",No,4.0,Micro-USB,Yes,GPS,"Accelerometer, proximity",1800,,,No,,,100.0,,,,,,,,"Black/Bleen, White/Silver, Bleen/Black, Violet/Coral, Yellow/Bleen",,,0.48 W/kg (head) 0.80 W/kg (body),FM radio
Wiko,Wiko Birdy,https://www.gsmarena.com/wiko_birdy-6868.php,https://fdn2.gsmarena.com/vv/bigpic/wiko-birdy.jpg,GSM / HSPA / LTE,No,"2014, May. Released 2014, August",Discontinued,132 x 67 x 9.6 mm (5.20 x 2.64 x 0.38 in),141.0,,,Micro-SIM,IPS LCD,,4.5,480x854,218,63.1,,Android 4.4.2 (KitKat),Mediatek MT6582 (28 nm),28,Quad-core 1.3 GHz Cortex-A7,Mali-400MP2,1,1,4,4,,5.0,1,,No,,No,"LED flash, panorama, HDR",720p@30fps,2.0,No,,,"Wi-Fi 802.11 b/g/n, hotspot",No,4.0,Micro-USB,Yes,GPS,"Accelerometer, proximity, compass",2000,,,No,,,130.0,,,,,,,,"Black, White, Fuchsia, Yellow, Coral, Violet, Bleen",,0.51 W/kg (head) 1.05 W/kg (body),0.51 W/kg (head) 1.05 W/kg (body),FM radio
Wiko,Wiko Goa,https://www.gsmarena.com/wiko_goa-6867.php,https://fdn2.gsmarena.com/vv/bigpic/wiko-goa.jpg,GSM / HSPA,No,"2014, May. Released 2014, August",Discontinued,119 x 62.6 x 11.3 mm (4.69 x 2.46 x 0.44 in),105.0,,,"Dual SIM (Mini-SIM, dual stand-by)","TFT, 256K colors",,3.5,320x480,165,49.0,,Android 4.4.2 (KitKat),Mediatek MT6572M (28 nm),28,Dual-core 1.0 GHz Cortex-A7,Mali-400,,,4,4,,2.0,1,,No,,No,"LED flash, panorama, HDR",480p@30fps,1.3,No,,,"Wi-Fi 802.11 b/g/n, hotspot",No,4.0,Micro-USB,Yes,GPS,Accelerometer,1300,,,No,,,50.0,,,,,,,,"Black, White, Bleen, Fuchsia, Coral, Violet, Yellow",,0.47 W/kg (head) 0.61 W/kg (body),0.47 W/kg (head),FM radio
Wiko,Wiko Jimmy,https://www.gsmarena.com/wiko_jimmy-6856.php,https://fdn2.gsmarena.com/vv/bigpic/wiko-jimmy.jpg,GSM / HSPA,No,"2014, November. Released 2014, November",Discontinued,133.5 x 66.5 x 9.8 mm (5.26 x 2.62 x 0.39 in),145.0,,,"Dual SIM (Mini-SIM, dual stand-by)",TFT,,4.5,480x854,218,62.9,,Android 4.4.2 (KitKat),Mediatek MT6582M (28 nm),28,Quad-core 1.3 GHz Cortex-A7,Mali-400MP2,,,4,4,,5.0,1,,No,,No,"LED flash, panorama, HDR",720p@30fps,1.3,No,,,"Wi-Fi 802.11 b/g/n, hotspot",No,4.0,Micro-USB,Yes,GPS,"Accelerometer, proximity, compass",1700,,,No,,,,,,,,,,,"Black/Blue, Blue/Orange, Pink/Violet, Violet/Blue, White/Orange",,,0.54 W/kg (head) 0.61 W/kg (body),FM radio
Wiko,Wiko Getaway,https://www.gsmarena.com/wiko_getaway-6821.php,https://fdn2.gsmarena.com/vv/bigpic/wiko-getaway.jpg,GSM / HSPA,No,2014. Released 2014,Discontinued,143 x 69.5 x 7.2 mm (5.63 x 2.74 x 0.28 in),133.0,,,Nano-SIM + Micro-SIM,IPS LCD,,5.0,720x1280,294,69.3,Corning Gorilla Glass 2,Android 4.4.2 (KitKat),,,Quad-core 1.3 GHz Cortex-A7,,1,1,16,16,,13.0,1,,No,,No,"LED flash, panorama, HDR",1080p@30fps,5.0,No,,,"Wi-Fi 802.11 b/g/n, hotspot",No,4.0,Micro-USB,Yes,GPS,"Accelerometer, gyro, proximity, compass",2000,,,No,,,,,,,,,,,"Noir & Or, Blanc & Argent, Navy, Corail",,,0.32 W/kg (head) 0.52 W/kg (body),Stereo FM radio
Wiko,Wiko Rainbow 4G,https://www.gsmarena.com/wiko_rainbow_4g-6808.php,https://fdn2.gsmarena.com/vv/bigpic/wiko-rainbow-4g.jpg,GSM / HSPA / LTE,No,"2014, September. Released 2014, November",Discontinued,146 x 74 x 10 mm (5.75 x 2.91 x 0.39 in),175.0,,,Micro-SIM,IPS LCD,,5.0,720x1280,294,63.8,,Android 4.4.2 (KitKat),Mediatek MT6582 (28 nm),28,Quad-core 1.3 GHz Cortex-A7,Mali-400MP2,1,1,8,8,,8.0,1,,No,,No,"LED flash, HDR, panorama",1080p@30fps,2.0,No,,,"Wi-Fi 802.11 b/g/n, hotspot",No,4.0,Micro-USB,Yes,GPS,"Accelerometer, proximity, compass",2500,,,No,,,160.0,,,,,,,,"Black, White, Bleen, Yellow, Fuschia, Coral, Violet",,,0.33 W/kg (head) 0.65 W/kg (body),FM radio
Wiko,Wiko Rainbow,https://www.gsmarena.com/wiko_rainbow-6807.php,https://fdn2.gsmarena.com/vv/bigpic/wiko-rainbow.jpg,GSM / HSPA,No,"2014, February. Released 2014, May",Discontinued,146 x 74 x 9.3 mm (5.75 x 2.91 x 0.37 in),167.0,,,"Dual SIM (Mini-SIM, dual stand-by)",IPS LCD,,5.0,720x1280,294,63.8,,Android 4.4.2 (KitKat),Mediatek MT6582 (28 nm),28,Quad-core 1.3 GHz Cortex-A7,Mali-400MP2,1,1,4,4,,8.0,1,,No,,No,"LED flash, HDR, panorama",1080p@30fps,2.0,No,,,"Wi-Fi 802.11 b/g/n, hotspot",No,4.0,Micro-USB,Yes,GPS,"Accelerometer, proximity, compass",2000,,,No,,,,,,,,,,,"Black, White, Bleen, Yellow, Fuschia, Coral, Violet",,,0.47 W/kg (head) 0.95 W/kg (body),FM radio
Wiko,Wiko Highway 4G,https://www.gsmarena.com/wiko_highway_4g-6795.php,https://fdn2.gsmarena.com/vv/bigpic/wiko-highway-4g.jpg,GSM / HSPA / LTE,No,"2014, May. Released 2014, October",Discontinued,144 x 70 x 7.3 mm (5.67 x 2.76 x 0.29 in),143.0,,,Micro-SIM,IPS LCD,,5.0,1080x1920,441,68.4,Dual Corning Gorilla Glass 2,Android 4.4.2 (KitKat),Nvidia SL460N,,Quad-core 2.0 GHz,ULP GeForce,2,2,16,16,,16.0,1,,No,,No,"LED flash, HDR, panorama",1920p@30fps,8.0,No,,1080p@30fps,"Wi-Fi 802.11 a/b/g/n, dual-band, hotspot",No,4.0,Micro-USB,Yes,GPS,"Accelerometer, gyro, proximity, compass",2350,,,No,,,300.0,,,,,,,,"Black, White, Clementine, Purple, Electric blue",,0.26 W/kg (head) 0.74 W/kg (body),,No
Wiko,Wiko Highway Signs,https://www.gsmarena.com/wiko_highway_signs-6794.php,https://fdn2.gsmarena.com/vv/bigpic/wiko-highway-signs.jpg,GSM / HSPA,No,"2014, September. Released 2014, October",Discontinued,138 x 68 x 7.6 mm (5.43 x 2.68 x 0.30 in),124.0,,,Nano-SIM + Micro-SIM,IPS LCD,,4.7,720x1280,312,64.9,Corning Gorilla Glass 2,Android 4.4.2 (KitKat),Mediatek MT6592M (28 nm),28,Octa-core 1.4 GHz Cortex-A7,Mali-450MP4,1,1,8,8,,8.0,1,,No,,No,"LED flash, HDR, panorama",720p@30fps,5.0,No,,,"Wi-Fi 802.11 a/b/g/n, dual-band, hotspot",No,4.0,Micro-USB,Yes,GPS,"Accelerometer, gyro, proximity, compass",2000,,,No,,,200.0,,,,,,,,"White, Coral, Grey , Electric blue, Purple",,0.24 W/kg (head) 0.37 W/kg (body),0.24 W/kg (head) 0.37 W/kg (body),FM radio
Wiko,Wiko Wax,https://www.gsmarena.com/wiko_wax-6464.php,https://fdn2.gsmarena.com/vv/bigpic/wiko-wax.jpg,GSM / HSPA / LTE,No,"2014, April. Released 2014, April",Discontinued,140.1 x 67.5 x 8.8 mm (5.52 x 2.66 x 0.35 in),119.0,,,Micro-SIM,IPS LCD,,4.7,720x1280,312,64.4,Corning Gorilla Glass 2,"Android 4.3 (Jelly Bean), upgradable to 4.4.2 (KitKat)",Nvidia Tegra 4i,,Quad-core 1.7 GHz,,1,1,4,4,,8.0,1,,No,,No,"LED flash, HDR",1080p@30fps,5.0,No,,,Wi-Fi 802.11 b/g/n,No,4.0,Micro-USB,Yes,GPS,"Accelerometer, proximity, compass",2000,,,No,,,200.0,,,,,,,,"Black, White, Coral, Turquoise",C210AE,0.69 W/kg (head) 0.89 W/kg (body),0.69 W/kg (head),No
Wiko,Wiko Highway,https://www.gsmarena.com/wiko_highway-6465.php,https://fdn2.gsmarena.com/vv/bigpic/wiko-highway.jpg,GSM / HSPA,No,"2014, January. Released 2014, February",Discontinued,144 x 70 x 7.7 mm (5.67 x 2.76 x 0.30 in),154.0,,,Dual SIM (Micro-SIM),IPS LCD,,5.0,1080x1920,441,68.4,Corning Gorilla Glass 2,Android 4.4.2 (KitKat),Mediatek MT6592 (28 nm),28,Octa-core 2.0 GHz Cortex-A7,Mali-450MP4,2,2,16,32,,16.0,1,,No,,No,"LED flash, HDR",1080p@28fps,8.0,No,,,"Wi-Fi 802.11 b/g/n, Wi-Fi Direct, hotspot",No,4.0,Micro-USB,Yes,GPS,"Accelerometer, gyro, proximity, compass",2350,,,No,,,350.0,,,,,,,,"Black, White, Blue Electric, Orange, Purple",,0.20 W/kg (head) 0.41 W/kg (body),0.20 W/kg (head),Stereo FM radio
Yezz,Yezz Art 3S,https://www.gsmarena.com/yezz_art_3s-12101.php,https://fdn2.gsmarena.com/vv/bigpic/yezz-art-3s.jpg,GSM / HSPA / LTE,No,"2022, September","Available. Released 2023, January",165.3 x 77 x 9.2 mm (6.51 x 3.03 x 0.36 in),190.0,,,Nano-SIM + Nano-SIM,IPS LCD,,6.52,720x1600,269,80.6,Asahi Glass,Android 12,Unisoc SC9863A (28 nm),28,Octa-core (4x1.6 GHz Cortex-A55 & 4x1.2 GHz Cortex-A55),IMG8322,4,4,64,128,,16.0,3,,No,,No,"LED flash, HDR, panorama","1440p@30fps, 1080p@30fps",8.0,No,HDR,Yes,Wi-Fi 802.11 b/g/n,No,5.0,Type-C,No,GPS,Fingerprint (rear-mounted),5000,10,,No,,,110.0,,,,,,,,"Sunrise White, Graphite, Aqua Green, Artic Blue",,,,"Stereo FM radio, recording"
Yezz,Yezz Max 3 Ultra,https://www.gsmarena.com/yezz_max_3_ultra-12097.php,https://fdn2.gsmarena.com/vv/bigpic/yezz-max-3-ultra.jpg,GSM / HSPA / LTE,No,"2022, September","Available. Released 2023, January",159.7 x 77.3 x 9.9 mm (6.29 x 3.04 x 0.39 in),182.0,,,Nano-SIM + Nano-SIM,IPS LCD,,6.26,720x1520,269,79.2,INX Glass,Android 12,Unisoc SC9832E (28 nm),28,Quad-core 1.4 GHz,Mali-T820 MP1,2,2,32,32,eMMC 5.1,13.0,2,,No,,No,Dual-LED flash,1080p@30fps,8.0,No,,Yes,Wi-Fi 802.11 b/g/n,No,4.2,Type-C,Yes,GPS,Fingerprint (rear-mounted),3700,10,,No,,,100.0,,,,,,,,"Artic Blue, Aqua Green, Turquoise Green",,,,"Stereo FM radio, recording"
Yezz,Yezz Max 3 Plus,https://www.gsmarena.com/yezz_max_3_plus-12098.php,https://fdn2.gsmarena.com/vv/bigpic/yezz-max-3-plus.jpg,GSM / HSPA / LTE,No,"2022, October","Available. Released 2023, January",159.8 x 77.2 x 9.5 mm (6.29 x 3.04 x 0.37 in),,,,Nano-SIM + Nano-SIM,IPS LCD,,6.1,480x1010,183,75.4,INX Glass,Android 12,Unisoc SC9832E (28 nm),28,Quad-core 1.4 GHz,Mali-T820 MP1,2,2,32,32,eMMC 5.1,13.0,3,,No,,No,LED flash,1080p@30fps,8.0,No,,Yes,Wi-Fi 802.11 b/g/n,No,4.2,Micro-USB,Yes,GPS,Fingerprint (rear-mounted),3700,,,No,,,90.0,,,,,,,,"Midnight Black, Glacier Blue, Cosmic Blue, Carbon Grey",,,,"Stereo FM radio, recording"
Yezz,Yezz Max 3,https://www.gsmarena.com/yezz_max_3-12099.php,https://fdn2.gsmarena.com/vv/bigpic/yezz-max-3.jpg,GSM / HSPA / LTE,No,"2022, September","Available. Released 2023, January",149.3 x 77.2 x 9.7 mm (5.88 x 3.04 x 0.38 in),,,,Nano-SIM + Nano-SIM,IPS LCD,,5.45,720x1440,295,66.5,,Android 12,Unisoc SC9832E (28 nm),28,Quad-core 1.3 GHz,Mali-T820 MP1,2,2,32,32,eMMC 5.1,13.0,3,,No,,No,LED flash,1080p@30fps,8.0,No,,Yes,Wi-Fi 802.11 b/g/n,No,4.2,Micro-USB,Yes,GPS,Fingerprint (rear-mounted),2600,,,No,,,70.0,,,,,,,,"Denim Blue, Aurora Green, Glacier Blue, Space Gray, Coral Red",,,,"Stereo FM radio, recording"
Yezz,Yezz Liv 3S LTE,https://www.gsmarena.com/yezz_liv_3s_lte-12100.php,https://fdn2.gsmarena.com/vv/bigpic/yezz-liv-3s-lte.jpg,GSM / HSPA / LTE,No,"2022, October","Available. Released 2023, January",144.5 x 73.4 x 10.7 mm (5.69 x 2.89 x 0.42 in),,,,Nano-SIM + Nano-SIM,TN TFT,,5.0,480x854,196,65.0,Asahi Glass,Android 12 (Go edition),Unisoc SC9832E (28 nm),28,Quad-core 1.3 GHz Cortex-A53,Mali-T820 MP1,2,2,16,16,eMMC 5.1,8.0,2,,No,,No,"LED flash, HDR, panorama",1080p@30fps,2.0,No,,,Wi-Fi 802.11 b/g/n,No,4.2,Micro-USB,Yes,GPS,,2000,,,No,,,60.0,,,,,,,,"Graphite, Forrest Green, Cosmos Blue, Sunset Blue",,,,"Stereo FM radio, recording"
Yezz,Yezz Art 3 Pro,https://www.gsmarena.com/yezz_art_3_pro-12087.php,https://fdn2.gsmarena.com/vv/bigpic/yezz-art-3-pro.jpg,GSM / HSPA / LTE,No,"2022, September","Available. Released 2023, January",162 x 75.2 x 9 mm (6.38 x 2.96 x 0.35 in),201.0,,,Nano-SIM + Nano-SIM,IPS LCD,,6.49,1080x2400,406,83.5,Asahi Glass,Android 12,Mediatek MT6769Z Helio G85 (12 nm),12,Octa-core (2x2.0 GHz Cortex-A75 & 6x1.8 GHz Cortex-A55),Mali-G52 MC2,6,6,128,256,,48.0,3,,No,,No,"LED flash, HDR, panorama",1080p@30fps,16.0,No,HDR,Yes,"Wi-Fi 802.11 b/g/n/ac, dual-band",No,5.0,Type-C,No,GPS,Fingerprint (rear-mounted),5000,10,,No,,,160.0,,,,,,,,"Snow White, Space Black",,,,"Stereo FM radio, recording"
Yezz,Yezz C32,https://www.gsmarena.com/yezz_c32-12012.php,https://fdn2.gsmarena.com/vv/bigpic/yezz-c32.jpg,GSM / HSPA / LTE,No,"2022, August","Available. Released 2022, August",121 x 50 x 12.8 mm (4.76 x 1.97 x 0.50 in),,,,Nano-SIM + Nano-SIM,"TFT, 256K colors",,1.77,128x160,116,16.3,,,Unisoc T107 (22 nm),22,1.0 GHz Cortex-A7,,,,,,,0.08,1,,No,,No,,QVGA,,No,,,No,No,5.1,Micro-USB,Yes,No,,1000,,,No,,,,,,,,,,,"Black, Green, Red, Blue",,,,Stereo FM radio
Yezz,Yezz Art 3 Lite,https://www.gsmarena.com/yezz_art_3_lite-11921.php,https://fdn2.gsmarena.com/vv/bigpic/yezz-art-3-lite.jpg,GSM / HSPA / LTE,No,"2022, June","Available. Released 2022, September",167.9 x 76.8 x 10.5 mm (6.61 x 3.02 x 0.41 in),154.0,,,Nano-SIM + Nano-SIM,IPS LCD,,6.52,720x1600,269,79.6,Panda Glass,Android 11 (Go edition),Unisoc SC9832E (28 nm),28,Quad-core 1.4 GHz,Mali-T820 MP1,2,2,64,64,,13.0,2,,No,,No,"LED flash, HDR, panorama",1080p@30fps,8.0,No,HDR,Yes,Wi-Fi 802.11 b/g/n,No,4.2,Type-C,Yes,GPS,Fingerprint (rear-mounted),5000,10,,No,,,120.0,,,,,,,,"Onyx Black, Majestic Blue, Emerald Green",,,,"Stereo FM radio, recording"
Yezz,Yezz EPIC 3,https://www.gsmarena.com/yezz_epic_3-11763.php,https://fdn2.gsmarena.com/vv/bigpic/yezz-epic3.jpg,No cellular connectivity,No,"2022, May","Available. Released 2022, August",189.5 x 107.5 x 10.6 mm (7.46 x 4.23 x 0.42 in),250.0,,,No,TN LCD,,7.0,600x1024,170,67.7,Asahi Glass,Android 12 (Go Edition),Allwinner A133,,Quad-core 1.5 GHz Cortex-A53,PowerVR GE8300,2,2,32,32,,5.0,1,2.0,No,,No,LED flash,720p@30fps,2.0,No,,,Wi-Fi 802.11 b/g/n,No,4.2,Type-C,Yes,No,Accelerometer,2500,,,No,,,70.0,,,,,,,,Blue,,,,"FM radio, recording"
Yezz,Yezz Max 2 Ultra,https://www.gsmarena.com/yezz_max_2_ultra-11682.php,https://fdn2.gsmarena.com/vv/bigpic/yezz-max-2-ultra.jpg,GSM / HSPA / LTE,No,"2022, May","Available. Released 2022, July",155.2 x 72.9 x 9.7 mm (6.11 x 2.87 x 0.38 in),175.0,,,Nano-SIM + Micro-SIM,IPS LCD,,6.1,600x1280,232,81.5,Asahi Glass,Android 11,Mediatek MT6737M (28 nm),28,Quad-core 1.45 GHz Cortex-A53,Mali-T720MP2,2,2,32,32,eMMC 5.1,13.0,2,,No,,No,Dual-LED dual-tone flash,1080p@30fps,8.0,No,HDR,Yes,"Wi-Fi 802.11 a/b/g/n/ac, dual-band",No,4.0,Micro-USB,Yes,GPS,Fingerprint (rear-mounted),3000,,,No,,,,,,,,,,,"Ocean Green, Midnight Blue",,,,"Stereo FM radio, recording"
Yezz,Yezz Max 2,https://www.gsmarena.com/yezz_max_2-11349.php,https://fdn2.gsmarena.com/vv/bigpic/yezz-max2.jpg,GSM / HSPA / LTE,No,"2021, October. Released 2022, January",Discontinued,146.5 x 71.5 x 10.2 mm (5.77 x 2.81 x 0.40 in),170.0,,,Nano-SIM + Micro-SIM,IPS LCD,,5.45,480x960,197,73.2,Asahi Glass,Android 11 (Go edition),Mediatek MT6737M (28 nm),28,Quad-core 1.45 GHz Cortex-A53,Mali-T720MP2,1,1,32,32,eMMC 5.1,8.0,1,,No,,No,LED flash,1080p@30fps,5.0,No,,,"Wi-Fi 802.11 a/b/g/n/ac, dual-band",No,4.0,Micro-USB,Yes,GPS,No,2500,,,No,,,60.0,,,,,,,,"Ocean Green, Space Black, Pacific Blue",,,,"Stereo FM radio, recording"
Yezz,Yezz Liv 3 LTE,https://www.gsmarena.com/yezz_liv_3_lte-11246.php,https://fdn2.gsmarena.com/vv/bigpic/yezz-liv3.jpg,GSM / HSPA / LTE,No,"2021, August. Released 2021, December",Discontinued,144.6 x 73.4 x 10.7 mm (5.69 x 2.89 x 0.42 in),,,,Nano-SIM + Nano-SIM,TFT LCD,,5.0,480x854,196,64.9,Asahi Glass,Android 11 (Go edition),Unisoc SC9832E (28 nm),28,Quad-core 1.3 GHz Cortex-A53,Mali-T820 MP1,1,1,16,16,eMMC 5.1,5.0,2,,No,,No,"LED flash, HDR, panorama",1080p@30fps,2.0,No,,,Wi-Fi 802.11 b/g/n,No,4.2,Micro-USB,Yes,GPS,Accelerometer,2000,,,No,,,,,,,,,,,"Smoke Black, Glacier Blue, Forest Green",,,,Stereo FM radio
Yezz,Yezz GO 3,https://www.gsmarena.com/yezz_go_3-11068.php,https://fdn2.gsmarena.com/vv/bigpic/yezz-go3.jpg,GSM / HSPA,No,"2021, April. Released 2021, August",Discontinued,125.7 x 63.5 x 9 mm (4.95 x 2.5 x 0.35 in),84.5,,,Nano-SIM + Nano-SIM,OLED,,4.0,360x640,184,55.3,AGC glass,Android 11 (Go edition),Unisoc SC7731e,,Quad-core 1.3 GHz Cortex-A7,Mali-400 MP2,1,1,8,8,,5.0,1,,No,,No,"LED flash, Panorama, HDR",720p@30fps,2.0,No,,,Wi-Fi 802.11 b/g/n,No,4.2,Micro-USB,Yes,GPS,N/A,1350,,,No,,,50.0,,,,,,,,"Black, Blue, Green",,,,FM radio
Yezz,Yezz Art 2 Pro,https://www.gsmarena.com/yezz_art_2_pro-11016.php,https://fdn2.gsmarena.com/vv/bigpic/yezz-art-2-pro.jpg,GSM / HSPA / LTE,No,"2021, April. Released 2021, July",Discontinued,164.2 x 76.3 x 8.8 mm (6.46 x 3.00 x 0.35 in),188.0,Glass,,Nano-SIM + Nano-SIM,IPS LCD,,6.53,720x1600,269,82.2,Asahi Glass,Android 11,Unisoc SC9863A (28 nm),28,Octa-core (4x1.6 GHz Cortex-A55 & 4x1.2 GHz Cortex-A55),IMG8322,3,4,64,128,,16.0,3,2.0,No,1/2.8,No,"LED flash, HDR, panorama",1080p@30fps,13.0,No,,,Wi-Fi 802.11 b/g/n,No,4.2,Type-C,Yes,GPS,"Fingerprint (side-mounted), accelerometer, gyro, proximity",5000,10,,No,,,120.0,,,,,,,,"Graphite Black, Arctic Blue",,0.40 W/kg (head) 0.74 W/kg (body),,"Stereo FM radio, recording"
Yezz,Yezz Max 2 Plus,https://www.gsmarena.com/yezz_max_2_plus-11017.php,https://fdn2.gsmarena.com/vv/bigpic/yezz-max2-plus.jpg,GSM / HSPA / LTE,No,"2021, April. Released 2021, July",Discontinued,149.7 x 72.2 x 9.7 mm (5.89 x 2.84 x 0.38 in),150.0,,,Nano-SIM + Nano-SIM,IPS LCD,,5.5,720x1440,293,72.2,Asahi Glass,Android 11,Unisoc SC9832E (28 nm),28,Quad-core 1.3 GHz,Mali-T820 MP1,2,2,32,32,eMMC 5.1,13.0,2,,No,,No,"LED flash, HDR, panorama",1080p@30fps,8.0,No,,,Wi-Fi 802.11 b/g/n,No,4.0,Micro-USB,Yes,GPS,"Fingerprint (rear-mounted), accelerometer",2600,,,No,,,70.0,,,,,,,,"Black Panther, Pacific Blue",,0.77 W/kg (head) 0.59 W/kg (body),,"Stereo FM radio, recording"
Yezz,Yezz Liv 1s,https://www.gsmarena.com/yezz_liv_1s-10739.php,https://fdn2.gsmarena.com/vv/bigpic/yezz-liv-1s.jpg,GSM / HSPA,No,"2020, November. Released 2021, February",Discontinued,141.2 x 66.7 x 10 mm (5.56 x 2.63 x 0.39 in),137.0,,,Nano-SIM + Nano-SIM,IPS LCD,,4.95,480x960,217,67.1,Asahi Glass,Android 10 (Go edition),Spreadtrum SC7731E (28 nm),28,Quad-core 1.3 GHz,Mali-T820,1,1,16,16,eMMC 5.1,5.0,1,2.2,No,,No,"LED flash, HDR, panorama",1080p@30fps,2.0,No,LED flash,,Wi-Fi 802.11 b/g/n,No,4.2,Micro-USB,Yes,"GPS, GLONASS",Accelerometer,2000,,,No,,,50.0,,,,,,,,"Storm Black, Steel Grey, Tropical Green, Caribbean Blue",,,,"FM radio, recording"
Yezz,Yezz Art 1 Pro,https://www.gsmarena.com/yezz_art_1_pro-10598.php,https://fdn2.gsmarena.com/vv/bigpic/yezz-art-1-pro.jpg,GSM / HSPA / LTE,No,"2020, August. Released 2020, November",Discontinued,163.9 x 77.9 x 8.9 mm (6.45 x 3.07 x 0.35 in),120.0,,,Nano-SIM + Nano-SIM,IPS LCD,,6.53,720x1560,263,82.0,Asahi Glass,Android 10,Mediatek MT6762D Helio A25 (12 nm),12,Octa-core (4x1.8 GHz Cortex-A53 & 4x1.5 GHz Cortex-A53),PowerVR GE8320,4,4,64,64,eMMC 5.1,16.0,3,2.8,No,1/2.8,No,LED flash,"1080p@30fps, gyro-EIS",8.0,No,,,Wi-Fi 802.11 a/b/g/n,No,4.2,Micro-USB,Yes,GPS,"Fingerprint (rear-mounted), accelerometer, gyro, proximity",4000,10,,No,,,100.0,,,,,,,,Stellar Blue,,0.40 W/kg (head) 0.74 W/kg (body),,"Stereo FM radio, recording"
Yezz,Yezz Liv 2 LTE,https://www.gsmarena.com/yezz_liv_2_lte-10390.php,https://fdn2.gsmarena.com/vv/bigpic/yezz-liv-2-lte.jpg,GSM / HSPA / LTE,No,"2020, March. Released 2020, August",Discontinued,149 x 72.5 x 9.7 mm (5.87 x 2.85 x 0.38 in),112.0,,,"Dual SIM (Micro-SIM, dual stand-by)",TFT LCD,,5.0,540x960,220,63.8,Gorilla Glass 3,Android 10 (Go edition),Mediatek MT6739 (28 nm),28,Quad-core 1.5 GHz Cortex-A53,,1,1,16,16,eMMC 5.1,8.0,2,,No,,No,"LED flash, HDR",1080p@30fps,12.0,No,LED flash,1080p@30fps,"Wi-Fi 802.11 a/b/g/n/ac, dual-band, Wi-Fi Direct",No,4.0,Micro-USB,Yes,"GPS, GLONASS","Accelerometer, proximity",2450,,,No,,,,,,,,,,,"Black, Green, Red, Gray",,,,"FM radio, recording"
Yezz,Yezz Art 1,https://www.gsmarena.com/yezz_art_1-10381.php,https://fdn2.gsmarena.com/vv/bigpic/yezz-art1.jpg,GSM / HSPA / LTE,No,"2020, March. Released 2020, August",Discontinued,155.2 x 72.9 x 9.7 mm (6.11 x 2.87 x 0.38 in),120.0,,,Nano-SIM + Nano-SIM,TFT LCD,,6.1,720x1560,282,80.7,AGC glass,Android 10,Mediatek MT6739 (28 nm),28,Quad-core 1.5 GHz Cortex-A53,,3,3,32,32,eMMC 5.1,13.0,2,,No,,No,"Dual-LED flash, panorama, HDR",1080p@30fps,8.0,No,,,Wi-Fi 802.11 b/g/n,No,4.0,Micro-USB,Yes,GPS,"Fingerprint (rear-mounted), accelerometer, gyro, proximity",3000,,,No,,,,,,,,,,,"Green, Blue",,,,Stereo FM radio
Yezz,Yezz GO 1,https://www.gsmarena.com/yezz_go_1-10346.php,https://fdn2.gsmarena.com/vv/bigpic/yezz-go1.jpg,GSM / HSPA,No,"2020, February. Released 2020, July 28",Discontinued,128.5 x 65.2 x 11 mm (5.06 x 2.57 x 0.43 in),123.0,,,Nano-SIM + Nano-SIM,TFT LCD,,4.0,480x800,233,54.4,,Android 10 (Go edition),Mediatek MT6580 (28 nm),28,Quad-core 1.3 GHz,Mali-400,1,1,8,8,,5.0,1,,No,,No,"LED flash, Panorama, HDR",720p,2.0,No,,,Wi-Fi 802.11 a/b/g/n,No,4.0,Micro-USB,Yes,GPS,Accelerometer,1400,,,No,,,,,,,,,,,Black,,,,FM radio
Yezz,Yezz Max 1 Plus,https://www.gsmarena.com/yezz_max_1_plus-9903.php,https://fdn2.gsmarena.com/vv/bigpic/yezz-max-1-plus.jpg,GSM / HSPA / LTE,No,"2019, August. Released 2019, September",Discontinued,148.7 x 70.9 x 8.9 mm (5.85 x 2.79 x 0.35 in),154.8,,,Nano-SIM + Nano-SIM,IPS,,5.45,720x1440,295,72.7,AGC glass,Android 9.1 (Pie),Unisoc SC9832E (28 nm),28,Quad-core 1.3 GHz Cortex-A53,Mali-T820 MP1,2,2,16,16,,8.0,2,,No,,No,"LED flash, panorama, HDR",1080p@30fps,8.0,No,LED flash,,Wi-Fi 802.11 b/g/n,No,4.0,Micro-USB,Yes,GPS,,2800,,,No,,,80.0,,,,,,,,"Black, Gun Metal, Blue",,,,Stereo FM radio
Yezz,Yezz LIV1,https://www.gsmarena.com/yezz_liv1-9898.php,https://fdn2.gsmarena.com/vv/bigpic/yezz-liv1.jpg,GSM / HSPA,No,"2019, August. Released 2019, September",Discontinued,138.5 x 65.8 x 9.5 mm (5.45 x 2.59 x 0.37 in),133.3,,,Nano-SIM + Nano-SIM,TFT LCD,,5.0,480x960,215,70.8,AGC glass,Android 9.1 Pie (Go edition),Unisoc SC7731E (28 nm),28,Quad-core 1.3 GHz Cortex-A7,Mali-T820 MP1,1,1,16,16,,5.0,1,,No,,No,"LED flash, panorama, HDR",1080p@30fps,2.0,No,LED flash,720p@30fps,Wi-Fi 802.11 b/g/n,No,4.0,Micro-USB,Yes,GPS,Accelerometer,2000,,,No,,,50.0,,,,,,,,"Black, Gun Metal, Blue, Red",,,,Stereo FM radio
Yezz,Yezz Max 1,https://www.gsmarena.com/yezz_max_1-9519.php,https://fdn2.gsmarena.com/vv/bigpic/yezz-max1.jpg,GSM / HSPA,No,"2018, October. Released 2018, December",Discontinued,139 x 65.8 x 8.8 mm (5.47 x 2.59 x 0.35 in),120.0,,,Nano-SIM + Nano-SIM,TFT,,5.0,480x960,215,70.5,,Android 8.1 (Oreo),Mediatek MT6580M (28 nm),28,Quad-core 1.3 GHz Cortex-A7,Mali-400,2,2,16,16,,8.0,1,,No,,No,"LED flash, panorama, HDR",720p@30fps,8.0,No,LED flash,720p@30fps,Wi-Fi 802.11 b/g/n,No,4.0,Micro-USB,Yes,GPS,Accelerometer,2000,,,No,,,60.0,,,,,,,,Black,,,,FM radio
Yezz,Yezz Andy 4E7,https://www.gsmarena.com/yezz_andy_4e7-9514.php,https://fdn2.gsmarena.com/vv/bigpic/yezz-4e7.jpg,GSM / HSPA,No,"2018, September. Released 2018, September",Discontinued,126 x 65 x 10.7 mm (4.96 x 2.56 x 0.42 in),112.0,,,Nano-SIM + Micro-SIM,TN,,5.0,480x800,187,86.9,,Android 8.1 Oreo (Go edition),Mediatek MT6580M (28 nm),28,Quad-core 1.3 GHz Cortex-A7,Mali-400,1,1,8,8,,5.0,1,,No,,No,LED flash,1080p@30fps,2.0,No,,,Wi-Fi 802.11 a/b/g/n,No,4.0,Micro-USB,Yes,GPS,"Accelerometer, proximity",1400,,,No,,,,,,,,,,,"Black, Dark Gray, Gold",,,,"FM radio, recording"
Yezz,Yezz Andy 5E5,https://www.gsmarena.com/yezz_andy_5e5-9486.php,https://fdn2.gsmarena.com/vv/bigpic/yezz-5e5.jpg,GSM / HSPA,No,"2018, August. Released 2018, August",Discontinued,139.8 x 71.5 x 8.6 mm (5.50 x 2.81 x 0.34 in),125.0,,,Nano-SIM + Micro-SIM,TN,,5.0,480x854,196,68.9,Yes,Android 8.0 Oreo (Go edition),Mediatek MT6580M (28 nm),28,Quad-core 1.3 GHz Cortex-A7,Mali-400MP2,1,1,8,8,,5.0,1,,No,,No,LED flash,1080p@30fps,2.0,No,,,Wi-Fi 802.11 a/b/g/n,No,4.0,Micro-USB,Yes,GPS,Accelerometer,2000,,,No,,,,,,,,,,,"Black, Dark Gray, Gold",,,,Stereo FM radio
Yezz,Yezz Epic T,https://www.gsmarena.com/yezz_epic_t-9485.php,https://fdn2.gsmarena.com/vv/bigpic/yezz-epic-t.jpg,GSM / HSPA / LTE,No,"2018, March. Released 2018, April",Discontinued,168.8 x 86.5 x 15.9 mm (6.65 x 3.41 x 0.63 in),469.0,,IP68,Nano-SIM + Nano-SIM,IPS LCD,,5.5,1080x1920,401,57.1,Gorilla Glass 3,Android 7.0 (Nougat),Mediatek MT6750 (28 nm),28,Octa-core (4x1.5 GHz Cortex-A53 & 4x1.0 GHz Cortex-A53),Mali-T860MP2,3,3,32,32,eMMC 5.1,16.0,1,,No,,No,"LED flash, panorama, HDR",1080p@60fps,8.0,No,,,"Wi-Fi 802.11 b/g/n, Wi-Fi Direct",No,4.0,Type-C,Yes,GPS,"Fingerprint (rear-mounted), accelerometer, gyro, proximity, compass",9000,10,,No,,,250.0,,,,,,,,Black,,,,FM radio
Yezz,Yezz Andy 4E4,https://www.gsmarena.com/yezz_andy_4e4-8472.php,https://fdn2.gsmarena.com/vv/bigpic/yezz-4e4.jpg,GSM / HSPA,No,"2016, November. Released 2016, December",Discontinued,125.8 x 63 x 10.8 mm (4.95 x 2.48 x 0.43 in),112.0,,,"Dual SIM, (Micro-SIM)",TN,,4.0,480x854,245,55.6,,Android 6.0 (Marshmallow),Spreadtrum SC7731C,,Quad-core 1.2 GHz Cortex-A7,Mali-400MP2,,,4,4,,5.0,1,,No,,No,"LED flash, panorama",720p@30fps,2.0,No,,,Wi-Fi 802.11 a/b/g/n,No,2.1,Micro-USB,Yes,GPS,Accelerometer,1400,,,No,,,,,,,,,,,"Black, White, Gray, Blue, Pink",,,,Stereo FM radio
Yezz,Yezz 4.5EL LTE,https://www.gsmarena.com/yezz_4_5el_lte-8471.php,https://fdn2.gsmarena.com/vv/bigpic/yezz-4.5el-lte.jpg,GSM / HSPA / LTE,No,"2016, November. Released 2016, December",Discontinued,136.5 x 66 x 8.8 mm (5.37 x 2.60 x 0.35 in),130.0,,,Dual SIM (Mini-SIM/ Micro-SIM),IPS LCD,,4.5,480x854,218,61.9,,Android 6.0 (Marshmallow),Mediatek MT6737M (28 nm),28,Quad-core 1.1 GHz Cortex-A53,Mali-T720MP2,1,1,8,8,eMMC 5.0,5.0,1,,No,,No,"LED flash, HDR, panorama",1080p@30fps,2.0,No,,,Wi-Fi 802.11 b/g/n,No,4.0,Micro-USB,Yes,GPS,Accelerometer,1700,,,No,,,,,,,,,,,Black,,,,Stereo FM radio
Yezz,Yezz 5M,https://www.gsmarena.com/yezz_5m-8470.php,https://fdn2.gsmarena.com/vv/bigpic/yezz-5m.jpg,GSM / HSPA,No,"2016, November. Released 2016, December",Discontinued,143.7 x 72.4 x 9.5 mm (5.66 x 2.85 x 0.37 in),114.0,,,Dual SIM (Micro-SIM),IPS LCD,,5.0,720x1280,294,66.2,,Android 6.0 (Marshmallow),Mediatek MT6580 (28 nm),28,Quad-core 1.3 GHz Cortex-A7,Mali-400MP2,1,1,8,8,,8.0,1,,No,,No,"LED flash, panorama",720p@30fps,5.0,No,,,"Wi-Fi 802.11 b/g/n, Wi-Fi Direct",No,4.0,Micro-USB,Yes,GPS,"Accelerometer, proximity",2300,,,No,,,,,,,,,,,Black,,,,Stereo FM radio
Yezz,Yezz C21,https://www.gsmarena.com/yezz_c21-8469.php,https://fdn2.gsmarena.com/vv/bigpic/yezz-c21.jpg,GSM,No,"2016, July. Released 2016, August",Discontinued,113 x 48.5 x 14.6 mm (4.45 x 1.91 x 0.57 in),70.0,,,Dual SIM (Mini-SIM),"TFT, 256K colors",,1.8,128x160,114,18.6,,,Spreadtrum SC6531DA,,321 Mhz,,,,,,,,1,,No,,No,,Yes,,No,,,No,No,2.1,Micro-USB,No,No,,600,,,No,,,,,,,,,,,"Black, White, Red, Blue",,,,Stereo FM radio
Yezz,Yezz Andy 5EI3 (2016),https://www.gsmarena.com/yezz_andy_5ei3_(2016)-8325.php,https://fdn2.gsmarena.com/vv/bigpic/yezz-andy-5ei3.jpg,GSM / HSPA,No,"2016, June. Released 2016, August",Discontinued,145.5 x 74.8 x 8.9 mm (5.73 x 2.94 x 0.35 in),153.0,,,Dual SIM (Mini-SIM/ Micro-SIM),TFT,,5.0,480x854,196,63.3,,Android 6.0 (Marshmallow),Mediatek MT6580M (28 nm),28,Quad-core 1.3 GHz Cortex-A7,Mali-400MP2,,,8,8,,5.0,1,,No,,No,"LED flash, panorama",720p@30fps,2.0,No,,,"Wi-Fi 802.11 a/b/g/n, Wi-Fi Direct",No,4.0,Micro-USB,Yes,GPS,Accelerometer,2000,,,No,,,,,,,,,,,"Black, Blue, Red, Gun Metal, White, Silver, Pink",,,,Stereo FM radio
Yezz,Yezz Andy 5E3,https://www.gsmarena.com/yezz_andy_5e3-8243.php,https://fdn2.gsmarena.com/vv/bigpic/yezz-andy-5E3.jpg,GSM / HSPA,No,"2016, June. Released 2016, August",Discontinued,145.5 x 74.8 x 8.9 mm (5.73 x 2.94 x 0.35 in),153.0,,,"Dual SIM (Micro-SIM/ Mini-SIM, dual stand-by)",TN,,5.0,480x854,196,63.3,,Android 6.0 (Marshmallow),Mediatek MT6580M (28 nm),28,Quad-core 1.3 GHz Cortex-A7,Mali-400MP2,,,8,8,,5.0,1,,No,,No,,720p@30fps,2.0,No,,,"Wi-Fi 802.11 a/b/g/n, Wi-Fi Direct",No,4.0,Micro-USB,Yes,GPS,Accelerometer,2000,,,No,,,,,,,,,,,"Black, Blue, Red, Gun Metal, White, Silver, Pink",,,,FM radio
Yezz,Yezz Andy 4.7T,https://www.gsmarena.com/yezz_andy_4_7t-8098.php,https://fdn2.gsmarena.com/vv/bigpic/yezz-andy-47t.jpg,GSM / HSPA,No,"2016, April. Released 2016, May",Discontinued,135.8 x 67.2 x 7.2 mm (5.35 x 2.65 x 0.28 in),120.0,,,"Dual SIM (Micro-SIM, dual stand-by)",IPS LCD,,4.7,720x1280,312,66.7,Asahi Dragontrail Glass,Android 4.4 (KitKat),Qualcomm MSM8212 Snapdragon 200 (28 nm),28,Quad-core 1.2 GHz Cortex-A7,Adreno 302,1,1,8,8,eMMC 4.5,8.0,1,,No,,No,"LED flash, panorama, HDR",720p@30fps,2.0,No,,,"Wi-Fi 802.11 b/g/n, Wi-Fi Direct, hotspot",No,4.0,Micro-USB,Yes,"GPS, GLONASS","Accelerometer, proximity, compass",1780,,,No,,,,,,,,,,,"Blue, Red, White",,,,FM radio
Yezz,Yezz Andy 5M LTE,https://www.gsmarena.com/yezz_andy_5m_lte-8075.php,https://fdn2.gsmarena.com/vv/bigpic/yezz-andy-5m-lte.jpg,GSM / HSPA / LTE,No,"2016, January. Released 2016, March",Discontinued,143 x 70.4 x 8.3 mm (5.63 x 2.77 x 0.33 in),142.0,,,Dual SIM (Micro-SIM),IPS LCD,,5.0,720x1280,294,68.5,,Android 5.1 (Lollipop),Mediatek MT6735P (28 nm),28,Quad-core 1.0 GHz Cortex-A53,Mali-T720MP2,1,1,8,8,,13.0,1,,No,,No,"LED flash, panorama",720p@30fps,5.0,No,,,"Wi-Fi 802.11 b/g/n, Wi-Fi Direct, hotspot",No,4.0,Micro-USB,Yes,GPS,"Accelerometer, proximity",2200,,,No,,,,,,,,,,,Black,,,,Stereo FM radio
Yezz,Yezz CC40,https://www.gsmarena.com/yezz_cc40-8025.php,https://fdn2.gsmarena.com/vv/bigpic/yezz-cc40.jpg,GSM / HSPA,No,"2016, March. Released 2016, May",Discontinued,107.4 x 46 x 14.4 mm (4.23 x 1.81 x 0.57 in),82.5,,,Mini-SIM,"TFT, 256K colors",,1.8,128x160,114,20.6,,,,,,,,,,,,,1,,No,,No,,Yes,,No,,,No,No,2.1,Micro-USB,Yes,No,No,800,,,No,,,,,,,,,,,Black,,,,Stereo FM radio
Yezz,Yezz Andy 5.5M LTE VR,https://www.gsmarena.com/yezz_andy_5_5m_lte_vr-7975.php,https://fdn2.gsmarena.com/vv/bigpic/yezz-andy-55m-lte-vr-.jpg,GSM / HSPA / LTE,No,"2016, January. Released 2016, March",Discontinued,157.4 x 78 x 9 mm (6.20 x 3.07 x 0.35 in),165.0,,,Dual SIM (Micro-SIM),IPS LCD,,5.5,720x1280,267,67.9,,Android 5.1 (Lollipop),Mediatek MT6735 (28 nm),28,Quad-core 1.0 GHz Cortex-A53,Mali-T720,1,1,8,8,,13.0,1,,No,,No,"LED flash, panorama",720p@30fps,5.0,No,,,"Wi-Fi 802.11 b/g/n, Wi-Fi Direct, hotspot",No,4.0,Micro-USB,Yes,GPS,"Accelerometer, gyro, proximity",2400,,,No,,,,,,,,,,,Black,,,,Stereo FM radio
Yezz,Yezz Monte Carlo 55 LTE VR,https://www.gsmarena.com/yezz_monte_carlo_55_lte_vr-7933.php,https://fdn2.gsmarena.com/vv/bigpic/yezz-monte-carlo-55vr.jpg,GSM / HSPA / LTE,No,"2015, December. Released 2016, March",Discontinued,152 x 77.9 x 7 mm (5.98 x 3.07 x 0.28 in),165.0,,,Nano-SIM + Micro-SIM,IPS LCD,,5.5,720x1280,267,70.4,,Android 5.1 (Lollipop),Mediatek MT6753 (28 nm),28,Octa-core 1.3 GHz Cortex-A53,Mali-T720MP3,1,1,8,8,,20.0,1,,No,,No,"LED flash, panorama, HDR",1080p@30fps,8.0,No,LED flash,,"Wi-Fi 802.11 b/g/n, Wi-Fi Direct, hotspot",No,4.0,Micro-USB,Yes,"GPS, GLONASS","Accelerometer, gyro, proximity, compass",3000,,,No,,,,,,,,,,,Black,,,,Stereo FM radio
Yezz,Yezz Monte Carlo 55 LTE,https://www.gsmarena.com/yezz_monte_carlo_55_lte-7932.php,https://fdn2.gsmarena.com/vv/bigpic/yezz-monte-carlo-55.jpg,GSM / HSPA / LTE,No,"2015, December. Released 2016, March",Discontinued,152 x 77.9 x 7 mm (5.98 x 3.07 x 0.28 in),165.0,,,Nano-SIM + Micro-SIM,IPS LCD,,5.5,720x1280,267,70.4,,Android 5.1 (Lollipop),Mediatek MT6753 (28 nm),28,Octa-core 1.3 GHz Cortex-A53,Mali-T720MP3,1,1,8,8,,20.0,1,,No,,No,"LED flash, panorama, HDR",1080p@30fps,8.0,No,LED flash,,"Wi-Fi 802.11 b/g/n, Wi-Fi Direct, hotspot",No,4.0,Micro-USB,Yes,GPS,"Accelerometer, gyro, proximity, compass",3000,,,No,,,,,,,,,,,Black,,,,Stereo FM radio
Yezz,Yezz Classic C23A,https://www.gsmarena.com/yezz_classic_c23a-7915.php,https://fdn2.gsmarena.com/vv/bigpic/yezz-c23a.jpg,GSM,No,"2015, November. Released 2016, February",Discontinued,112 x 48.5 x 12.6 mm (4.41 x 1.91 x 0.50 in),81.0,,,Dual SIM (Mini-SIM),"TFT, 256K colors",,1.8,128x160,114,18.8,,,,,,,,,,,,,1,,No,,No,,Yes,,No,,,No,No,2.1,Micro-USB,Yes,No,,600,,,No,,,,,,,,,,,"Black, Blue, Fushsia, Gold, Green, Red, Silver, White",,,,Stereo FM radio
Yezz,Yezz Andy 4E3I,https://www.gsmarena.com/yezz_andy_4e3i-7914.php,https://fdn2.gsmarena.com/vv/bigpic/andy-4E3I.jpg,GSM / HSPA,No,"2015, December. Released 2016, March",Discontinued,121 x 64.6 x 10.7 mm (4.76 x 2.54 x 0.42 in),116.9,,,"Dual SIM, (Mini-SIM)",TFT,,4.0,480x800,233,58.3,,Android 4.4 (KitKat),Mediatek MT6572A,,Dual-core 1.3 GHz Cortex-A7,Mali-400,,,4,4,,5.0,1,,No,,No,"LED flash, panorama",720p@30fps,1.3,No,,,"Wi-Fi 802.11 b/g/n, Wi-Fi Direct, hotspot",No,4.0,Micro-USB,Yes,GPS,Accelerometer,1400,,,No,,,,,,,,,,,Black,,,,Stereo FM radio
Yezz,Yezz Andy 5E2I,https://www.gsmarena.com/yezz_andy_5e2i-7819.php,https://fdn2.gsmarena.com/vv/bigpic/yezz-andy-5e2i.jpg,GSM / HSPA,No,"2015, October. Released 2015, November",Discontinued,145.5 x 75.3 x 9 mm (5.73 x 2.96 x 0.35 in),104.0,,,Dual SIM,TFT,,5.0,480x854,196,62.9,,Android 5.1 (Lollipop),Mediatek MT6572M (28 nm),28,Dual-core 1.0 GHz Cortex-A7,Mali-400,,,4,4,,5.0,1,,No,,No,Panorama,Yes,1.3,No,,,"Wi-Fi 802.11 b/g/n, hotspot",No,4.0,Micro-USB,Yes,GPS,"Accelerometer, proximity",2000,,,No,,,,,,,,,,,"Black, Cool Gray",,,,FM radio
Yezz,Yezz Andy 4EI2,https://www.gsmarena.com/yezz_andy_4ei2-7818.php,https://fdn2.gsmarena.com/vv/bigpic/yezz-andy-4ei2.jpg,GSM / HSPA,No,"2015, October. Released 2015, November",Discontinued,121 x 64 x 10.7 mm (4.76 x 2.52 x 0.42 in),110.0,,,Dual SIM,"TFT, 256K colors",,4.0,480x800,233,58.8,,Android 4.4 (KitKat),Mediatek MT6572M (28 nm),28,Dual-core 1.0 GHz Cortex-A7,Mali-400,,,4,4,,5.0,1,,No,,No,Panorama,Yes,1.3,No,,,"Wi-Fi 802.11 b/g/n, hotspot",No,4.0,Micro-USB,Yes,GPS,Accelerometer,1400,,,No,,,,,,,,,,,"Black, Red, Silver, White, Blue, Gold",,,,FM radio
Yezz,Yezz Andy 3.5EI2,https://www.gsmarena.com/yezz_andy_3_5ei2-7817.php,https://fdn2.gsmarena.com/vv/bigpic/yezz-andy-35ei2.jpg,GSM / HSPA,No,"2015, October. Released 2015, November",Discontinued,111.5 x 62.8 x 10.7 mm (4.39 x 2.47 x 0.42 in),74.0,,,Dual SIM,"TFT, 256K colors",,3.5,320x480,165,52.1,,Android 4.4 (KitKat),Mediatek MT6572M (28 nm),28,Dual-core 1.0 GHz Cortex-A7,Mali-400,,,4,4,,2.0,1,,No,,No,Panorama,Yes,1.3,No,,,"Wi-Fi 802.11 b/g/n, hotspot",No,4.0,Micro-USB,Yes,GPS,Accelerometer,1300,,,No,,,,,,,,,,,"Black, Red, Silver, White, Blue, Gold",,,,FM radio
Yezz,Yezz Andy 6EL LTE,https://www.gsmarena.com/yezz_andy_6el_lte-7816.php,https://fdn2.gsmarena.com/vv/bigpic/yezz-andy-6el-lte.jpg,GSM / HSPA / LTE,No,"2015, October. Released 2015, November",Discontinued,166 x 85.6 x 7.5 mm (6.54 x 3.37 x 0.30 in),131.0,,,Hybrid Dual SIM,IPS LCD,,6.0,720x1280,245,69.8,,Android 5.1 (Lollipop),Mediatek MT6735A,,Quad-core 1.3 GHz Cortex-A53,Mali-T720MP2,1,1,8,8,,8.0,1,,No,,No,"LED flash, HDR",1080p@30fps,2.0,No,,,"Wi-Fi 802.11 b/g/n, hotspot",No,4.0,Micro-USB,Yes,GPS,"Accelerometer, proximity",2900,,,No,,,,,,,,,,,"Black, White",,,,Stereo FM radio
Yezz,Yezz Andy 5E LTE,https://www.gsmarena.com/yezz_andy_5e_lte-7727.php,https://fdn2.gsmarena.com/vv/bigpic/yezz-andy-5e-lte.jpg,GSM / HSPA / LTE,No,"2015, September. Released 2015, November",Discontinued,143.7 x 72.8 x 9.4 mm (5.66 x 2.87 x 0.37 in),158.0,,,Dual SIM (Mini-SIM/ Micro-SIM),TFT,,5.0,480x854,196,65.9,,Android 5.1 (Lollipop),Mediatek MT6735M (28 nm),28,Quad-core 1.0 GHz Cortex-A53,Mali-T720MP2,1,1,8,8,,8.0,1,,No,,No,"LED flash, HDR",Yes,2.0,No,,,"Wi-Fi 802.11 a/b/g/n, hotspot",No,4.0,Micro-USB,Yes,GPS,"Accelerometer, proximity",2100,,,No,,,,,,,,,,,"Black, White",,,,Stereo FM radio
Yezz,Yezz Andy C5E LTE,https://www.gsmarena.com/yezz_andy_c5e_lte-7728.php,https://fdn2.gsmarena.com/vv/bigpic/yezz-andy-c5e-lte.jpg,GSM / HSPA / LTE,No,"2015, September. Released 2015, November",Discontinued,143.7 x 72.8 x 9.4 mm (5.66 x 2.87 x 0.37 in),158.0,,,Micro-SIM,TFT,,5.0,480x854,196,65.9,,Android 5.1 (Lollipop),Mediatek MT6735M (28 nm),28,Quad-core 1.0 GHz Cortex-A53,Mali-T720MP2,1,1,8,8,,8.0,1,,No,,No,"LED flash, HDR",Yes,2.0,No,,,"Wi-Fi 802.11 a/b/g/n, hotspot",No,4.0,Micro-USB,Yes,GPS,"Accelerometer, proximity",2100,,,No,,,,,,,,,,,Black,,,,Stereo FM radio
Yezz,Yezz Andy 5EI3,https://www.gsmarena.com/yezz_andy_5ei3-7672.php,https://fdn2.gsmarena.com/vv/bigpic/yezz-andy-5ei3.jpg,GSM / HSPA,No,"2015, September. Released 2015, October",Discontinued,145.5 x 75.3 x 9 mm (5.73 x 2.96 x 0.35 in),104.0,,,Dual SIM (Mini-SIM/ Micro-SIM),TFT,,5.0,480x854,196,62.9,,Android 5.1 (Lollipop),Mediatek MT6572M (28 nm),28,Dual-core 1.0 GHz Cortex-A7,Mali-400,,,4,4,,5.0,1,,No,,No,LED flash,480p@30fps,1.3,No,,,"Wi-Fi 802.11 b/g/n, hotspot",No,4.0,Micro-USB,Yes,GPS,Accelerometer,2000,,,No,,,,,,,,,,,"Black, White, Red, Champagne Gold",,,,Stereo FM radio
Yezz,Yezz Andy 4EL2 LTE,https://www.gsmarena.com/yezz_andy_4el2_lte-7568.php,https://fdn2.gsmarena.com/vv/bigpic/yezz-andy-4el2-lte.jpg,GSM / HSPA / LTE,No,"2015, June. Released 2015, September",Discontinued,127 x 64.5 x 10.5 mm (5.0 x 2.54 x 0.41 in),120.0,,,Dual SIM (Mini-SIM/ Micro-SIM),TFT,,4.0,480x800,233,55.6,,Android 5.1 (Lollipop),Mediatek MT6735M (28 nm),28,Quad-core 1.0 GHz Cortex-A53,Mali-T720MP2,1,1,8,8,,5.0,1,,No,,No,"LED flash, HDR",1080p@30fps,1.3,No,,,"Wi-Fi 802.11 b/g/n, hotspot",No,4.0,Micro-USB,Yes,GPS,"Accelerometer, proximity",1600,,,No,,,,,,,,,,,"Black, White",,,,Stereo FM radio
Yezz,Yezz Classic Z51,https://www.gsmarena.com/yezz_classic_z51-7567.php,https://fdn2.gsmarena.com/vv/bigpic/yezz-z51.jpg,GSM,No,"2015, July. Released 2015, September",Discontinued,100.5 x 50.5 x 17.8 mm (3.96 x 1.99 x 0.70 in),86.0,,,Dual SIM (Mini-SIM),"TFT, 65K colors",,1.3,240x320,308,10.3,,,,,,,,,,,,1.3,1,,No,,No,LED flash,Yes,,No,,,No,No,3.0,Micro-USB,Yes,No,,800,,,No,,,,,,,,,,,"Black, White",,,,Stereo FM radio; built in antenna
Yezz,Yezz Andy 5EL LTE,https://www.gsmarena.com/yezz_andy_5el_lte-7426.php,https://fdn2.gsmarena.com/vv/bigpic/yezz-andy-5el-lte.jpg,GSM / HSPA / LTE,No,"2015, June. Released 2015, July",Discontinued,143.7 x 72.8 x 9.4 mm (5.66 x 2.87 x 0.37 in),158.0,,,Dual SIM (Mini-SIM/ Micro-SIM),TFT,,5.0,480x854,196,65.9,,Android 5.1 (Lollipop),Mediatek MT6735M (28 nm),28,Quad-core 1.0 GHz Cortex-A53,Mali-T720MP2,1,1,8,8,,5.0,1,,No,,No,"LED flash, HDR",1080p@30fps,1.3,No,,,"Wi-Fi 802.11 a/b/g/n, hotspot",No,4.0,Micro-USB,Yes,GPS,"Accelerometer, proximity",2100,,,No,,,,,,,,,,,"Black, White",,,,Stereo FM radio
Yezz,Yezz Andy 4.5EL LTE,https://www.gsmarena.com/yezz_andy_4_5el_lte-7425.php,https://fdn2.gsmarena.com/vv/bigpic/yezz-andy-45el-lte.jpg,GSM / HSPA / LTE,No,"2015, June. Released 2015, July",Discontinued,132.8 x 66 x 10.9 mm (5.23 x 2.60 x 0.43 in),146.0,,,Dual SIM (Mini-SIM/ Micro-SIM),TFT,,4.5,480x854,218,63.7,,Android 5.1 (Lollipop),Mediatek MT6735M (28 nm),28,Quad-core 1.0 GHz Cortex-A53,Mali-T720MP2,1,1,8,8,,5.0,1,,No,,No,LED flash,1080p@30fps,1.3,No,,,"Wi-Fi 802.11 a/b/g/n, hotspot",No,4.1,Micro-USB,Yes,GPS,"Accelerometer, proximity",2000,,,No,,,,,,,,,,,"Black, White",,,,Stereo FM radio
Yezz,Yezz Andy 3.5EI3,https://www.gsmarena.com/yezz_andy_3_5ei3-7424.php,https://fdn2.gsmarena.com/vv/bigpic/yezz-andy-35-ei3.jpg,GSM / HSPA,No,"2015, June. Released 2015, July",Discontinued,117.8 x 63 x 11.7 mm (4.64 x 2.48 x 0.46 in),98.0,,,Dual SIM (Mini-SIM/ Micro-SIM),"TFT, 256K colors",,3.5,320x480,165,49.2,,Android 4.4 (KitKat),Spreadtrum 7715,,1.0 GHz Cortex-A7,Mali-400,,,4,4,,2.0,1,,No,,No,"LED flash, HDR",480p@30fps,1.3,No,,,"Wi-Fi 802.11 a/b/g/n, hotspot",No,2.1,Micro-USB,Yes,A-GPS only,Accelerometer,1100,,,No,,,,,,,,,,,"Black, Red, White, Blue, Fuchsia",,,,Stereo FM radio
Yezz,Yezz Classic C60,https://www.gsmarena.com/yezz_classic_c60-7264.php,https://fdn2.gsmarena.com/vv/bigpic/yezz-c60.jpg,GSM / HSPA,No,"2015, March. Released 2015, May",Discontinued,118 x 50.4 x 12.6 mm (4.65 x 1.98 x 0.50 in),80.0,,,Dual SIM (Mini-SIM),"TFT, 256K colors",,2.4,240x320,167,30.0,,,,,,,,,,,,1.3,1,,No,,No,,Yes,,No,,,No,No,2.1,Micro-USB,No,No,,1000,,,No,,,,,,,,,,,Black,,,,Stereo FM radio
Yezz,Yezz Andy 4E LTE,https://www.gsmarena.com/yezz_andy_4e_lte-7130.php,https://fdn2.gsmarena.com/vv/bigpic/yezz-andy-4e-lte.jpg,GSM / HSPA / LTE,No,"2015, January. Released 2015, March",Discontinued,126 x 64 x 10.8 mm (4.96 x 2.52 x 0.43 in),127.0,,,Dual SIM (Micro-SIM),TFT,,4.0,480x800,233,56.5,,Android 4.4 (KitKat),Mediatek MT6732M (28 nm),28,Quad-core 1.3 GHz Cortex-A53,Mali-T760MP2,,,4,4,,5.0,1,,No,,No,LED flash,720p@30fps,1.3,No,,,"Wi-Fi 802.11 b/g/n, hotspot",No,4.0,Micro-USB,Yes,"GPS, GLONASS","Accelerometer, proximity",1450,,,No,,,,,,,,,,,Black,,,,Stereo FM radio
Yezz,Yezz Andy 4E2I,https://www.gsmarena.com/yezz_andy_4e2i-7129.php,https://fdn2.gsmarena.com/vv/bigpic/yezz-4E2I.jpg,GSM / HSPA,No,"2015, January. Released 2015, March",Discontinued,121 x 64.6 x 10.7 mm (4.76 x 2.54 x 0.42 in),110.0,,,Dual SIM (Mini-SIM/ Micro-SIM),"TFT, 256K colors",,4.0,480x800,233,58.3,,Android 4.4 (KitKat),Mediatek MT6572M (28 nm),28,Dual-core 1.0 GHz Cortex-A7,Mali-400,,,4,4,,5.0,1,,No,,No,"LED flash, panorama",480p@30fps,1.3,No,,,"Wi-Fi 802.11 a/b/g/n, dual-band, hotspot",No,4.0,Micro-USB,Yes,GPS,Accelerometer,1400,,,No,,,,,,,,,,,"Black, White, Red, Blue, Yellow",,,,Stereo FM radio
Yezz,Yezz Andy 3.5E2I,https://www.gsmarena.com/yezz_andy_3_5e2i-7128.php,https://fdn2.gsmarena.com/vv/bigpic/yezz-35E2I.jpg,GSM / UMTS / HSPA,No,"2015, February. Released 2015, March",Discontinued,115.5 x 62.8 x 10.7 mm (4.55 x 2.47 x 0.42 in),102.0,,,Dual SIM (Mini-SIM/ Micro-SIM),"LCD, 256K colors",,3.5,320x480,165,50.3,,Android 4.4 (KitKat),Mediatek MT6572M (28 nm),28,Dual-core 1.0 GHz Cortex-A7,Mali-400,,,4,4,,5.0,1,,No,,No,"LED flash, panorama",480p@30fps,1.3,No,,,"Wi-Fi 802.11 b/g/n, hotspot",No,4.0,Micro-USB,Yes,GPS,Accelerometer,1300,,,No,,,,,,,,,,,"Black, White, Blue, Green, Orange",,,,Stereo FM radio
Yezz,Yezz Z50,https://www.gsmarena.com/yezz_z50-6966.php,https://fdn2.gsmarena.com/vv/bigpic/yezz-z50.jpg,GSM,No,"2014, November. Released 2015, January",Discontinued,100.9 x 51.8 x 21.5 mm (3.97 x 2.04 x 0.85 in),120.0,,,Dual SIM (Mini-SIM),"TFT, 256K colors",,2.4,240x320,167,34.1,,,,,,,,,,,,2.0,1,,No,,No,LED flash,Yes,,No,,,No,No,2.1,Micro-USB,No,No,,950,,,No,,,,,,,,,,,"Black, White",,,,Stereo FM radio; built-in antenna
Yezz,Yezz ZC20,https://www.gsmarena.com/yezz_zc20-6965.php,https://fdn2.gsmarena.com/vv/bigpic/yezz-zc20.jpg,GSM,No,"2014, November. Released 2015, January",Discontinued,112 x 51.5 x 13.7 mm (4.41 x 2.03 x 0.54 in),53.0,,,Mini-SIM,"TFT, 256K colors",,1.8,128x160,114,17.7,,,,,,,,,,,,,,,No,,No,,,,No,,,No,No,,Micro-USB,Yes,No,,600,,,No,,,,,,,,,,,"White, Blue",,,,Stereo FM radio; built-in antenna
Yezz,Yezz Billy 5S LTE,https://www.gsmarena.com/yezz_billy_5s_lte-6923.php,https://fdn2.gsmarena.com/vv/bigpic/yess-billy-5s-lte.jpg,GSM / HSPA / LTE,No,"2015, January. Released 2015, February",Discontinued,-,,,,Dual SIM,IPS LCD,,5.0,720x1280,294,,,Microsoft Windows 10 Microsoft Windows Phone 8.1,Qualcomm MSM8916 Snapdragon 410 (28 nm) Qualcomm MSM8926 Snapdragon 400 (28 nm),28,Quad-core 1.2 GHz Cortex-A53 Quad-core 1.2 GHz Cortex-A7,Adreno 306 Adreno 305,1,1,8,8,eMMC 4.5,13.0,1,,No,,No,"LED flash, panorama, HDR",Yes,5.0,No,,,Wi-Fi 802.11 b/g/n,No,4.0,Micro-USB,Yes,"GPS, GLONASS","Accelerometer, proximity, compass",,,,No,,,,,,,,,,,Black,,,,FM radio
Yezz,Yezz Andy C5ML,https://www.gsmarena.com/yezz_andy_c5ml-6872.php,https://fdn2.gsmarena.com/vv/bigpic/yezz-andy-c5ml.jpg,GSM / HSPA,No,"2014, October. Released 2014, November",Discontinued,144.2 x 73.2 x 9.3 mm (5.68 x 2.88 x 0.37 in),180.0,,,Mini-SIM,IPS LCD,,5.0,540x960,220,65.3,,Android 4.4.2 (KitKat),Mediatek MT6582M (28 nm),28,Quad-core 1.3 GHz Cortex-A7,Mali-400MP2,1,1,8,8,,13.0,1,,No,,No,"LED flash, HDR",720p@30fps,5.0,No,,,"Wi-Fi 802.11 a/b/g/n, dual-band, hotspot",No,4.0,Micro-USB,Yes,GPS,"Accelerometer, proximity",2020,,,No,,,,,,,,,,,"Black, White, Red",,,,Stereo FM radio
Yezz,Yezz Andy C5QL,https://www.gsmarena.com/yezz_andy_c5ql-6871.php,https://fdn2.gsmarena.com/vv/bigpic/yezz-andy-c5ql.jpg,GSM / HSPA / LTE,No,"2014, October. Released 2014, December",Discontinued,144.2 x 73.2 x 9.3 mm (5.68 x 2.88 x 0.37 in),180.0,,,Mini-SIM,IPS LCD,,5.0,540x960,220,65.3,,Android 4.4.2 (KitKat),Mediatek MT6582M (28 nm),28,Quad-core 1.3 GHz Cortex-A7,Mali-400MP2,1,1,8,8,,13.0,1,,No,,No,"LED flash, HDR",720p@30fps,5.0,No,,,"Wi-Fi 802.11 a/b/g/n, dual-band, hotspot",No,4.0,Micro-USB,Yes,GPS,"Accelerometer, proximity",2020,,,No,,,,,,,,,,,"Black, White, Red",,,,Stereo FM radio
Yezz,Yezz Classic C50,https://www.gsmarena.com/yezz_classic_c50-6825.php,https://fdn2.gsmarena.com/vv/bigpic/yezz-C50.jpg,GSM,No,"2014, October. Released 2014, November",Discontinued,87 x 46 x 18 mm (3.43 x 1.81 x 0.71 in),71.0,,,Dual SIM (Mini-SIM),"TFT, 256K colors",,1.8,128x160,114,25.5,,,,,,,,,,,,,1,,No,,No,,Yes,,No,,,No,No,2.0,Micro-USB,No,No,,650,,,No,,,,,,,,,,,"Red, Blue, Fuchsia, White, Black",,,,Stereo FM radio
Yezz,Yezz Classic C22,https://www.gsmarena.com/yezz_classic_c22-6824.php,https://fdn2.gsmarena.com/vv/bigpic/yezz-C221.jpg,GSM,No,"2014, October. Released 2014, November",Discontinued,106.5 x 45 x 14 mm (4.19 x 1.77 x 0.55 in),73.0,,,Dual SIM (Mini-SIM),"TFT, 256K colors",,1.8,128x160,114,21.3,,,,,,,,,,,,,1,,No,,No,,No,,No,,,No,No,2.0,Micro-USB,No,No,,600,,,No,,,,,,,,,,,"Blue, Red, White, Black, Fuchsia",,,,Stereo FM radio
Yezz,Yezz Classic C21A,https://www.gsmarena.com/yezz_classic_c21a-6823.php,https://fdn2.gsmarena.com/vv/bigpic/yezz-C21A-.jpg,GSM,No,"2013, March. Released 2013, April",Discontinued,106 x 45 x 14.5 mm (4.17 x 1.77 x 0.57 in),73.0,,,Dual SIM (Mini-SIM),"TFT, 256K colors",,1.8,128x160,114,21.4,,,,,,,,,,,,,1,,No,,No,,No,,No,,,No,No,2.0,Micro-USB,No,No,,600,,,No,,,,,,,,,,,"Black, White, Blue, Green, Purple, Red, Fuchsia",,,,Stereo FM radio
Yezz,Yezz Monaco 47,https://www.gsmarena.com/yezz_monaco_47-6717.php,https://fdn2.gsmarena.com/vv/bigpic/yezz-monaco-471.jpg,GSM / HSPA,No,"2014, June. Released 2014, October",Discontinued,135.8 x 67.2 x 8.1 mm (5.35 x 2.65 x 0.32 in),120.0,,,Dual SIM (Micro-SIM),IPS LCD,,4.7,720x1280,312,66.7,Asahi Dragontrail Glass,Microsoft Windows Phone 8.1,Qualcomm MSM8212 Snapdragon 200 (28 nm),28,Quad-core 1.2 GHz Cortex-A7,Adreno 302,1,1,8,8,eMMC 4.5,13.0,1,,No,,No,"LED flash, panorama, HDR",720p@30fps,5.0,No,,,"Wi-Fi 802.11 a/b/g/n, dual-band, hotspot",No,4.0,Micro-USB,Yes,"GPS, GLONASS","Accelerometer, proximity, compass",1750,,,No,,,,,,,,,,,"Red, White, Dark Gray",,,,Stereo FM radio
Yezz,Yezz Billy 4,https://www.gsmarena.com/yezz_billy_4-6707.php,https://fdn2.gsmarena.com/vv/bigpic/yezz-billy-4.jpg,GSM / HSPA,No,"2014, June. Released 2014, October",Discontinued,122.5 x 64.4 x 9.9 mm (4.82 x 2.54 x 0.39 in),109.0,,,Dual SIM (Micro-SIM),TFT,,4.0,480x800,233,57.7,,Microsoft Windows Phone 8.1,Qualcomm MSM8212 Snapdragon 200 (28 nm),28,Quad-core 1.2 GHz Cortex-A7,Adreno 302,,,4,4,eMMC 4.5,8.0,1,,No,,No,LED flash,720p@30fps,1.3,No,,,"Wi-Fi 802.11 a/b/g/n, dual-band, hotspot",No,4.0,Micro-USB,Yes,"GPS, GLONASS","Accelerometer, proximity",1300,,,No,,,,,,,,,,,"White, Black, Red, Gun Metal, Blue, Yellow, Champing Gold",,,,Stereo FM radio
Yezz,Yezz Andy 5T,https://www.gsmarena.com/yezz_andy_5t-6578.php,https://fdn2.gsmarena.com/vv/bigpic/yezz-andy-5t.jpg,GSM / HSPA,No,"2014, July. Released 2014, August",Discontinued,144 x 69.7 x 6.9 mm (5.67 x 2.74 x 0.27 in),123.0,,,Dual SIM (Mini-SIM/ Micro-SIM),IPS LCD,,5.0,720x1280,294,68.7,,Android 4.4.2 (KitKat),Mediatek MT6582 (28 nm),28,Quad-core 1.3 GHz Cortex-A7,Mali-400MP2,1,1,4,8,,8.0,1,,No,,No,"LED flash, HDR",1080p@30fps,5.0,No,,,"Wi-Fi 802.11 a/b/g/n, dual-band, hotspot",No,4.0,Micro-USB,Yes,GPS,"Accelerometer, proximity, compass",1800,,,No,,,,,,,,,,,"White, Black, Blue, Red",,,,Stereo FM radio
Yezz,Yezz Andy C5VP,https://www.gsmarena.com/yezz_andy_c5vp-6560.php,https://fdn2.gsmarena.com/vv/bigpic/yezz-andy-c5vp.jpg,GSM / HSPA / LTE,No,"2014, June. Released 2014, August",Discontinued,144.2 x 73.2 x 9.3 mm (5.68 x 2.88 x 0.37 in),180.0,,,Micro-SIM,IPS LCD,,5.0,540x960,220,65.3,,Android 4.4.2 (KitKat),Mediatek MT6582M (28 nm),28,Quad-core 1.3 GHz Cortex-A7,Mali-400MP2,1,1,8,8,,13.0,1,,No,,No,"LED flash, HDR",720p@30fps,5.0,No,,,"Wi-Fi 802.11 a/b/g/n, dual-band, hotspot",No,4.0,Micro-USB,Yes,GPS,"Accelerometer, proximity",2020,,,No,,,,,,,,,,,"Black, White, Red, Blue",,,,Stereo FM radio
Yezz,Yezz Andy C5V,https://www.gsmarena.com/yezz_andy_c5v-6559.php,https://fdn2.gsmarena.com/vv/bigpic/yezz-andy-c5v.jpg,GSM / HSPA / LTE,No,"2014, June. Released 2014, August",Discontinued,144.2 x 73.2 x 9.3 mm (5.68 x 2.88 x 0.37 in),180.0,,,Micro-SIM,IPS LCD,,5.0,540x960,220,65.3,,Android 4.4.2 (KitKat),Mediatek MT6582M (28 nm),28,Quad-core 1.3 GHz Cortex-A7,Mali-400MP2,1,1,4,4,,8.0,1,,No,,No,"LED flash, HDR",720p@30fps,2.0,No,,,"Wi-Fi 802.11 a/b/g/n, dual-band, hotspot",No,4.0,Micro-USB,Yes,GPS,"Accelerometer, proximity",2020,,,No,,,,,,,,,,,"Black, White",,,,Stereo FM radio
Yezz,Yezz Andy 5.5EI,https://www.gsmarena.com/yezz_andy_5_5ei-6558.php,https://fdn2.gsmarena.com/vv/bigpic/yezz-andy-55ei.jpg,GSM / HSPA,No,"2014, May. Released 2014, July",Discontinued,159 x 80.5 x 10 mm (6.26 x 3.17 x 0.39 in),202.0,,,Dual SIM (Mini-SIM),TFT,,5.5,480x854,178,65.1,,Android 4.2.2 (Jelly Bean),Mediatek MT6572 (28 nm),28,Dual-core 1.3 GHz Cortex-A7,Mali-400,,,4,4,,8.0,1,,No,,No,"LED flash, HDR",480p@30fps,1.3,No,,,"Wi-Fi 802.11 a/b/g/n, dual-band, hotspot",No,3.0,Micro-USB,Yes,GPS,"Accelerometer, proximity",2500,,,No,,,,,,,,,,,Black,,,,Stereo FM radio
Yezz,Yezz Andy 4.5M,https://www.gsmarena.com/yezz_andy_4_5m-6557.php,https://fdn2.gsmarena.com/vv/bigpic/yezz-andy-45m.jpg,GSM / HSPA,No,"2014, July. Released 2014, August",Discontinued,133.4 x 67.2 x 9.2 mm (5.25 x 2.65 x 0.36 in),142.0,,,Dual SIM (Mini-SIM/ Micro-SIM),IPS LCD,,4.5,480x854,218,62.2,,Android 4.4.2 (KitKat),Mediatek MT6582M (28 nm),28,Quad-core 1.3 GHz Cortex-A7,Mali-400MP2,1,1,4,4,,13.0,1,,No,,No,LED flash,1080p@30fps,1.3,No,,,"Wi-Fi 802.11 a/b/g/n, dual-band, hotspot",No,4.0,Micro-USB,Yes,GPS,"Accelerometer, proximity",1500,,,No,,,,,,,,,,,"Black, Blue, Red",,,,Stereo FM radio
Yezz,Yezz Billy 4.7,https://www.gsmarena.com/yezz_billy_4_7-6521.php,https://fdn2.gsmarena.com/vv/bigpic/yezz-billy-47.jpg,GSM / HSPA,No,"2014, May. Released 2014, July",Discontinued,135.8 x 67.2 x 7.2 mm (5.35 x 2.65 x 0.28 in),120.0,,,Dual SIM (Micro-SIM),IPS LCD,,4.7,720x1280,312,66.7,Asahi Dragontrail Glass,Microsoft Windows Phone 8.1,Qualcomm MSM8212 Snapdragon 200 (28 nm),28,Quad-core 1.2 GHz Cortex-A7,Adreno 302,1,1,8,8,eMMC 4.5,8.0,1,,No,,No,"LED flash, panorama, HDR",720p@30fps,2.0,No,,,"Wi-Fi 802.11 a/b/g/n, dual-band, hotspot",No,4.0,Micro-USB,Yes,"GPS, GLONASS","Accelerometer, proximity, compass",1780,,,No,,,,,,,,,,,"White, Red, Blue",,,,Stereo FM radio
Yezz,Yezz Andy 4EI,https://www.gsmarena.com/yezz_andy_4ei-6502.php,https://fdn2.gsmarena.com/vv/bigpic/yezz-andy-4eih.jpg,GSM / HSPA,No,"2014, May. Released 2014, July",Discontinued,123 x 64 x 10.7 mm (4.84 x 2.52 x 0.42 in),127.0,,,Dual SIM (Mini-SIM),TFT,,4.0,480x800,233,57.9,,Android 4.4.2 (KitKat),Mediatek MT6572M (28 nm),28,Dual-core 1.0 GHz Cortex-A7,Mali-400,,,4,4,,5.0,1,,No,,No,LED flash,480p@30fps,1.3,No,,,"Wi-Fi 802.11 a/b/g/n, dual-band, hotspot",No,3.0,Micro-USB,Yes,GPS,"Accelerometer, proximity",1400,,,No,,,,,,,,,,,"Black, White, Red, Blue, Yellow",,,,Stereo FM radio
Yezz,Yezz Andy 3.5EH,https://www.gsmarena.com/yezz_andy_3_5eh-6501.php,https://fdn2.gsmarena.com/vv/bigpic/yezz-andy-35eh.jpg,GSM / HSPA,No,"2014, May. Released 2014, July",Discontinued,115.5 x 62 x 12.5 mm (4.55 x 2.44 x 0.49 in),115.0,,,Dual SIM (Mini-SIM),"LCD, 256K colors",,3.5,320x480,165,50.9,,Android 4.2 (Jelly Bean),Mediatek MT6572M (28 nm),28,Dual-core 1.0 GHz Cortex-A7,Mali-400,,,,,,3.2,1,,No,,No,LED flash,480p@30fps,1.3,No,,,"Wi-Fi 802.11 b/g/n, hotspot",No,3.0,Micro-USB,Yes,GPS,Accelerometer,1300,,,No,,,,,,,,,,,"Black, White, Blue, Green, Fuschia",,,,Stereo FM radio
Yezz,Yezz Andy 5EI,https://www.gsmarena.com/yezz_andy_5ei-6498.php,https://fdn2.gsmarena.com/vv/bigpic/andy-5EI.jpg,GSM / HSPA,No,"2014, May. Released 2014, July",Discontinued,142.8 x 73.4 x 9.5 mm (5.62 x 2.89 x 0.37 in),160.0,,,Dual SIM (Mini-SIM/ Micro-SIM),"LCD, 256K colors",,5.0,480x854,196,65.7,,Android 4.4.2 (KitKat),Mediatek MT6572M (28 nm),28,Dual-core 1.0 GHz Cortex-A7,Mali-400,,,4,4,,5.0,1,,No,,No,LED flash,480p@30fps,1.3,No,,,"Wi-Fi 802.11 a/b/g/n, dual-band, hotspot",No,3.0,Micro-USB,Yes,GPS,"Accelerometer, proximity",1550,,,No,,,,,,,,,,,"Black, White, Red, Blue, Green",,,,Stereo FM radio
Yezz,Yezz Andy 3.5EI,https://www.gsmarena.com/yezz_andy_3_5ei-6486.php,https://fdn2.gsmarena.com/vv/bigpic/yezz-andy-35ei.jpg,GSM / HSPA,No,"2014, May. Released 2014, July",Discontinued,115.5 x 62 x 12.5 mm (4.55 x 2.44 x 0.49 in),115.0,,,Dual SIM (Mini-SIM),"LCD, 256K colors",,3.5,320x480,165,50.9,,Android 4.4.2 (KitKat),Mediatek MT6572 (28 nm),28,Dual-core 1.0 GHz Cortex-A7,Mali-400,,,4,4,,5.0,1,,No,,No,"LED flash, panorama",480p@30fps,1.3,No,,,"Wi-Fi 802.11 b/g/n, hotspot",No,3.0,Micro-USB,Yes,GPS,"Accelerometer, proximity",1300,,,No,,,,,,,,,,,"Black, White, Blue, Green, Orange",,,,Stereo FM radio
Yezz,Yezz Andy 6Q,https://www.gsmarena.com/yezz_andy_6q-6431.php,https://fdn2.gsmarena.com/vv/bigpic/yezz-andy-6q.jpg,GSM / HSPA,No,"2014, May. Released 2014, June",Discontinued,165 x 84 x 7.8 mm (6.50 x 3.31 x 0.31 in),160.0,,,Dual SIM (Mini-SIM/ Micro-SIM),IPS LCD,,6.0,720x1280,245,71.6,,"Android 4.2 (Jelly Bean), upgradable to 4.4.2 (KitKat)",Mediatek MT6582 (28 nm),28,Quad-core 1.3 GHz Cortex-A7,Mali-400MP2,1,1,4,4,,13.0,1,,No,,No,"LED flash, HDR",1080p@30fps,5.0,No,,,"Wi-Fi 802.11 a/b/g/n, dual-band, hotspot",No,3.0,Micro-USB,Yes,GPS,"Accelerometer, proximity",3000,,,No,,,,,,,,,,,"Black, Gun Metal, Gold, Platinum",,,,Stereo FM radio
Yezz,Yezz Classic C21,https://www.gsmarena.com/yezz_classic_c21-6344.php,https://fdn2.gsmarena.com/vv/bigpic/niu-c21.jpg,GSM,No,"2014, March. Released 2014, April",Discontinued,106 x 45 x 14.5 mm (4.17 x 1.77 x 0.57 in),73.0,,,Dual SIM (Mini-SIM),"TFT, 65K colors",,1.8,128x160,114,21.4,,,,,,,,,,,,,1,,No,,No,,No,,No,,,No,No,2.1,Micro-USB,No,No,,600,,,No,,,,,,,,,,,"Red, Green, Blue, Purple, White, Gray, Black",,,,Stereo FM radio
Yezz,Yezz Andy A5QP,https://www.gsmarena.com/yezz_andy_a5qp-6192.php,https://fdn2.gsmarena.com/vv/bigpic/yezz-andy-a5qp.jpg,GSM / HSPA,No,"2014, February. Released 2014, April",Discontinued,144 x 69.7 x 6.9 mm (5.67 x 2.74 x 0.27 in),123.0,,,Dual SIM (Mini-SIM/ Micro-SIM),IPS LCD,,5.0,720x1280,294,68.7,,"Android 4.2 (Jelly Bean), upgradable to 4.4 (KitKat)",Mediatek MT6592 (28 nm),28,Octa-core 1.7 GHz Cortex-A7,Mali-450MP4,1,1,8,8,,13.0,1,,No,,No,"LED flash, HDR",1080p@30fps,5.0,No,,,"Wi-Fi 802.11 a/b/g/n, dual-band, hotspot",No,3.0,Micro-USB,Yes,GPS,"Accelerometer, proximity, compass",1800,,,No,,,,,,,,,,,"White, Blue, Red",,,,Stereo FM radio
Yezz,Yezz Andy AZ4.5,https://www.gsmarena.com/yezz_andy_az4_5-6191.php,https://fdn2.gsmarena.com/vv/bigpic/yezz-andy-az451.jpg,GSM / HSPA,No,"2014, February. Released 2014, April",Discontinued,137 x 68.5 x 11.2 mm (5.39 x 2.70 x 0.44 in),149.0,,,Dual SIM (Mini-SIM),IPS LCD,,4.5,480x854,218,59.5,,Android 4.2 (Jelly Bean),Mediatek MT6572 (28 nm),28,Dual-core 1.2 GHz Cortex-A7,Mali-400,,,4,4,,5.0,1,,No,,No,"LED flash, HDR",720p@30fps,1.3,No,,,"Wi-Fi 802.11 b/g/n, hotspot",No,3.0,Micro-USB,Yes,GPS,"Accelerometer, proximity",1800,,,No,,,,,,,,,,,Black,,,,Stereo FM radio
Yezz,Yezz Epic T7FD,https://www.gsmarena.com/yezz_epic_t7fd-5988.php,https://fdn2.gsmarena.com/vv/bigpic/yezz-epic-t7fd.jpg,No cellular connectivity,No,"2013, December. Released 2014, January",Discontinued,192 x 112 x 10.2 mm (7.56 x 4.41 x 0.40 in),274.0,,,No,TFT,,7.0,480x800,133,64.9,,Android 4.2 (Jelly Bean),,,Dual-core 1.5 GHz Cortex-A9,Mali-400MP2,1,1,4,4,,3.15,1,,No,,No,,1080p@30fps,1.3,No,,,"Wi-Fi 802.11 a/b/g/n, dual band",No,2.0,Micro-USB,Yes,A-GPS only,Accelerometer,2500,,,No,,,,,,,,,,,"Black, Blue, Green, Orange, Dark Gray",,,,Stereo FM radio
Yezz,Yezz Andy A3.5EP,https://www.gsmarena.com/yezz_andy_a3_5ep-5987.php,https://fdn2.gsmarena.com/vv/bigpic/yezz-andy-a35ep.jpg,GSM / HSPA,No,"2013, September. Released 2013, November",Discontinued,114 x 62 x 12.5 mm (4.49 x 2.44 x 0.49 in),115.0,,,Dual SIM (Mini-SIM),"LCD, 256K colors",,3.5,320x480,165,51.6,,Android 4.2 (Jelly Bean),Mediatek MT6572 (28 nm),28,Dual-core 1.0 GHz Cortex-A7,Mali-400,,,,,,5.0,1,,No,,No,"LED flash, panorama",480p@30fps,1.3,No,,,"Wi-Fi 802.11 b/g/n, hotspot",No,3.0,Micro-USB,Yes,GPS,"Accelerometer, proximity",1300,,,No,,,,,,,,,,,"Black, White, Blue, Green, Red",,,,Stereo FM radio
Yezz,Yezz Epic T7ED,https://www.gsmarena.com/yezz_epic_t7ed-5915.php,https://fdn2.gsmarena.com/vv/bigpic/yezz-epic-t7ed.jpg,No cellular connectivity,No,"2013, November. Released 2013, December",Discontinued,186.8 x 106.7 x 11.6 mm (7.35 x 4.20 x 0.46 in),272.0,,,No,TFT,,7.0,600x1024,170,69.2,,Android 4.2 (Jelly Bean),Allwinner A20,,Dual-core 1.2 GHz Cortex-A7,Mali-400MP2,1,1,8,8,,3.15,1,,No,,No,,1080p@30fps,1.3,No,,,"Wi-Fi 802.11 a/b/g/n, dual band",No,3.0,Micro-USB,Yes,No,Accelerometer,2500,,,No,,,,,,,,,,,"Black, Blue, Green, Orange, Dark Gray",,,,No
Yezz,Yezz Andy A6M 1GB,https://www.gsmarena.com/yezz_andy_a6m_1gb-5914.php,https://fdn2.gsmarena.com/vv/bigpic/yezz-andy-a6m-1gb.jpg,GSM / HSPA,No,"2013, November. Released 2013, December",Discontinued,168 x 85.5 x 9 mm (6.61 x 3.37 x 0.35 in),189.0,,,Dual SIM (Mini-SIM / Micro-SIM),IPS LCD,,6.0,540x900,175,71.3,,Android 4.4.2 (KitKat),Mediatek MT6582M (28 nm),28,Quad-core 1.3 GHz Cortex-A7,Mali-400MP2,1,1,4,4,,13.0,1,,No,,No,"LED flash, panorama, HDR",720p@30fps,5.0,No,,,"Wi-Fi 802.11 a/b/g/n, dual-band, hotspot",No,3.0,Micro-USB,Yes,GPS,"Accelerometer, proximity",2400,,,No,,,,,,,,,,,"Black, White, Red",,,,Stereo FM radio
Yezz,Yezz Andy A6M,https://www.gsmarena.com/yezz_andy_a6m-5913.php,https://fdn2.gsmarena.com/vv/bigpic/yezz-andy-a6m.jpg,GSM / HSPA,No,"2013, November. Released 2013, December",Discontinued,168 x 85.5 x 9 mm (6.61 x 3.37 x 0.35 in),189.0,,,Dual SIM (Mini-SIM / Micro-SIM),IPS LCD,,6.0,540x900,175,71.3,,Android 4.4.2 (KitKat),Mediatek MT6582M (28 nm),28,Quad-core 1.3 GHz Cortex-A7,Mali-400MP2,,,4,4,,13.0,1,,No,,No,"LED flash, panorama, HDR",720p@30fps,5.0,No,,,"Wi-Fi 802.11 a/b/g/n, dual-band, hotspot",No,3.0,Micro-USB,Yes,GPS,"Accelerometer, proximity",2400,,,No,,,,,,,,,,,"Black, White, Red",,,,Stereo FM radio
Yezz,Yezz Andy A4M,https://www.gsmarena.com/yezz_andy_a4m-5912.php,https://fdn2.gsmarena.com/vv/bigpic/yezz-andy-a4m.jpg,GSM / HSPA,No,"2013, November. Released 2013, December",Discontinued,124 x 62.7 x 9 mm (4.88 x 2.47 x 0.35 in),118.0,,,Dual SIM (Mini-SIM / Micro-SIM),IPS LCD,,4.0,480x800,233,58.6,,Android 4.2 (Jelly Bean),Mediatek MT6572M (28 nm),28,Dual-core 1.2 GHz Cortex-A7,Mali-400,,,4,4,,8.0,1,,No,,No,"LED flash, panorama, HDR",480p@30fps,1.3,No,,,"Wi-Fi 802.11 a/b/g/n, dual-band, hotspot",No,3.0,Micro-USB,Yes,A-GPS only,"Accelerometer, proximity",1400,,,No,,,,,,,,,,,"Black, White, Red",,,,Stereo FM radio
Yezz,Yezz Andy A4E,https://www.gsmarena.com/yezz_andy_a4e-5911.php,https://fdn2.gsmarena.com/vv/bigpic/yezz-andy-ac4e.jpg,GSM / HSPA,No,"2013, November. Released 2013, December",Discontinued,125 x 63.7 x 12.5 mm (4.92 x 2.51 x 0.49 in),133.0,,,Dual SIM (Mini-SIM),IPS LCD,,4.0,480x800,233,57.2,,Android 4.4.2 (KitKat),Mediatek MT6572 (28 nm),28,Dual-core 1.2 GHz Cortex-A7,Mali-400,,,4,4,,8.0,1,,No,,No,"LED flash, panorama, HDR",480p@30fps,1.3,No,,,"Wi-Fi 802.11 a/b/g/n, dual-band, hotspot",No,3.0,Micro-USB,Yes,GPS,"Accelerometer, proximity",1550,,,No,,,,,,,,,,,"Black, White",,,,Stereo FM radio
Yezz,Yezz Andy A5 1GB,https://www.gsmarena.com/yezz_andy_a5_1gb-5919.php,https://fdn2.gsmarena.com/vv/bigpic/yezz-andy-a5.jpg,GSM / HSPA,No,"2013, November. Released 2013, December",Discontinued,144.1 x 73.5 x 8.6 mm (5.67 x 2.89 x 0.34 in),106.0,,,Dual SIM (Mini-SIM and Micro-SIM),IPS LCD,,5.0,540x960,220,65.1,,Android 4.2 (Jelly Bean),Mediatek MT6589M (28 nm),28,Quad-core 1.2 GHz Cortex-A7,PowerVR SGX544,1,1,4,4,,13.1,1,,No,,No,"LED flash, HDR",720p@30fps,2.0,No,,,"Wi-Fi 802.11 a/b/g/n, Wi-Fi Direct, hotspot",No,3.0,Micro-USB,Yes,GPS,"Accelerometer, proximity",2000,,,No,,,,,,,,,,,Black,,,,Stereo FM radio
Yezz,Yezz Andy A4.5 1GB,https://www.gsmarena.com/yezz_andy_a4_5_1gb-5918.php,https://fdn2.gsmarena.com/vv/bigpic/yezz-andy-a4-5.jpg,GSM / HSPA,No,"2013, November. Released 2013, December",Discontinued,132 x 65.6 x 8.6 mm (5.20 x 2.58 x 0.34 in),102.0,,,Dual SIM (Mini-SIM and Micro-SIM),IPS LCD,,4.5,540x960,245,64.5,,Android 4.2 (Jelly Bean),Mediatek MT6589M (28 nm),28,Quad-core 1.2 GHz Cortex-A7,PowerVR SGX544,1,1,4,4,,13.0,1,,No,,No,"LED flash, panorama, HDR",720p@30fps,1.3,No,,,"Wi-Fi 802.11 b/g/n, Wi-Fi Direct, hotspot",No,3.0,Micro-USB,Yes,GPS,"Accelerometer, proximity",1500,,,No,,,,,,,,,,,"Black, White",,,,Stereo FM radio
Yezz,Yezz Andy A4.5,https://www.gsmarena.com/yezz_andy_a4_5-5406.php,https://fdn2.gsmarena.com/vv/bigpic/yezz-andy-a45.jpg,GSM / HSPA,No,"2013, March. Released 2013, May",Discontinued,132 x 65.6 x 8.6 mm (5.20 x 2.58 x 0.34 in),102.0,,,Dual SIM (Mini-SIM and Micro-SIM),IPS LCD,,4.5,540x960,245,64.5,,Android 4.2 (Jelly Bean),Mediatek MT6589 (28 nm),28,Quad-core 1.2 GHz Cortex-A7,PowerVR SGX544,,,4,4,,13.0,1,,No,,No,"LED flash, panorama, HDR",720p@30fps,1.3,No,,,"Wi-Fi 802.11 b/g/n, Wi-Fi Direct, hotspot",No,3.0,Micro-USB,Yes,GPS,"Accelerometer, gyro, proximity, compass",1500,,,No,,,,,,,,,,,"Black, White",,,,Stereo FM radio
Yezz,Yezz Andy A4,https://www.gsmarena.com/yezz_andy_a4-5405.php,https://fdn2.gsmarena.com/vv/bigpic/yezz-andy-a4.jpg,GSM / HSPA,No,"2013, March. Released 2013, April",Discontinued,124.5 x 63.5 x 9.8 mm (4.90 x 2.5 x 0.39 in),104.0,,,Dual SIM (Mini-SIM),IPS LCD,,4.0,480x800,233,57.6,,Android 4.1 (Jelly Bean),Mediatek MT6577T (40 nm),40,Dual-core 1.2 GHz Cortex-A9,PowerVR SGX531u,,,4,4,,8.0,1,,No,,No,"LED flash, panorama, HDR",720p@30fps,,No,,,"Wi-Fi 802.11 a/b/g/n, dual-band, hotspot",No,3.0,Micro-USB,Yes,A-GPS only,"Accelerometer, gyro, proximity, compass",1400,,,No,,,,,,,,,,,"Black, White",,,,Stereo FM radio
Yezz,Yezz Andy A3.5,https://www.gsmarena.com/yezz_andy_a3_5-5404.php,https://fdn2.gsmarena.com/vv/bigpic/yezz-andy-a351.jpg,GSM / HSPA,No,"2012, June. Released 2012, November",Discontinued,114.7 x 61.5 x 11.9 mm (4.52 x 2.42 x 0.47 in),82.0,,,Dual SIM (Mini-SIM),LCD,,3.5,320x480,165,51.7,,Android 4.0 (Ice Cream Sandwich),Mediatek MT6575 (40 nm),40,1.0 GHz Cortex-A9,PowerVR SGX531,,,,,,3.2,1,,No,,No,"LED flash, panorama",Yes,,No,,,"Wi-Fi 802.11 b/g, hotspot",No,3.0,Micro-USB,Yes,GPS,"Accelerometer, proximity",1300,,,No,,,,,,,,,,,"Black, White",,,,Stereo FM radio
Yezz,Yezz Classic CC10,https://www.gsmarena.com/yezz_classic_cc10-5403.php,https://fdn2.gsmarena.com/vv/bigpic/yezz-classic-c10.jpg,GSM,No,"2012, February. Released 2012, April",Discontinued,105 x 45 x 14.4 mm (4.13 x 1.77 x 0.57 in),55.0,,,Dual SIM (Mini-SIM),"TFT, 256K colors",,1.8,128x160,114,21.6,,,,,,,,,,,,,1,,No,,No,,Yes,,No,,,No,No,,Proprietary,No,No,,550,,,No,,,,,,,,,,,"Blue, Gray, Purple, Red, White, Black",,,,Stereo FM radio
Yezz,Yezz Andy A5,https://www.gsmarena.com/yezz_andy_a5-5339.php,https://fdn2.gsmarena.com/vv/bigpic/yezz-andy-pro-a50-new.jpg,GSM / HSPA,No,"2013, March. Released 2013, June",Discontinued,144.1 x 73.5 x 8.6 mm (5.67 x 2.89 x 0.34 in),106.0,,,Dual SIM (Mini-SIM and Micro-SIM),IPS LCD,,5.0,540x960,220,65.1,,Android 4.2 (Jelly Bean),Mediatek MT6589M (28 nm),28,Quad-core 1.2 GHz Cortex-A7,PowerVR SGX544,,,4,4,,13.1,1,,No,,No,"LED flash, HDR",720p@30fps,2.0,No,,,"Wi-Fi 802.11 a/b/g/n, Wi-Fi Direct, hotspot",No,3.0,Micro-USB,Yes,GPS,"Accelerometer, gyro, proximity, compass",2000,,,No,,,190.0,,,,,,,,Black,,,,Stereo FM radio
Yezz,Yezz Epic T7,https://www.gsmarena.com/yezz_epic_t7-5338.php,https://fdn2.gsmarena.com/vv/bigpic/yezz-tab-t20-new.jpg,No cellular connectivity,No,"2013, March. Released 2013, April",Discontinued,177.8 x 121.4 x 10.2 mm (7.00 x 4.78 x 0.40 in),293.0,,,No,TFT,,7.0,480x800,133,64.6,,Android 4.1 (Jelly Bean),Allwinner A13,,1.2 GHz Cortex-A8,Mali-400,,,16,16,,2.0,1,,No,,No,,480p@30fps,,No,,,"Wi-Fi 802.11 a/b/g/n, dual band",No,,Micro-USB,Yes,No,Accelerometer,2600,,,No,,,,,,,,,,,"Black, Blue, Green, Orange, Dark Gray",,,,No
Yezz,Yezz Classic C30,https://www.gsmarena.com/yezz_classic_c30-5266.php,https://fdn2.gsmarena.com/vv/bigpic/yezz-clasico-2-new.jpg,GSM,No,"2012, November. Released 2013, January",Discontinued,110 x 48 x 13.3 mm (4.33 x 1.89 x 0.52 in),54.0,,,Triple SIM (Mini-SIM),"TFT, 65K colors",,2.2,176x220,128,28.8,,,,,,,,,,,,1.3,1,,No,,No,,Yes,,No,,,No,No,2.1,Micro-USB,Yes,No,,1000,,,No,,,,,,,,,,,"Blue, Gray, White",,,,Stereo FM radio
Yezz,Yezz Bonito YZ500,https://www.gsmarena.com/yezz_bonito_yz500-5265.php,https://fdn2.gsmarena.com/vv/bigpic/yezz-bonito-latest.jpg,GSM,No,"2011, November. Released 2011, November",Discontinued,99.6 x 53.8 x 13.5 mm (3.92 x 2.12 x 0.53 in),65.0,,,Dual SIM (Mini-SIM),"TFT, 256K colors",,2.0,220x170,139,23.3,,,,,,,,,,,,1.3,1,,No,,No,,Yes,,No,,,No,No,2.0,miniUSB,No,No,,800,,,No,,,,,,,,,,,"Blue, Gray, Pink, Red, Violet",,0.54 W/kg (head) 0.69 W/kg (body),,"Stereo FM radio, recording"
Yezz,Yezz Exclusive Z10,https://www.gsmarena.com/yezz_exclusive_z10-5087.php,https://fdn2.gsmarena.com/vv/bigpic/yezz-z1-new.jpg,GSM,No,"2012, August. Released 2012, November",Discontinued,113.2 x 55.5 x 14.5 mm (4.46 x 2.19 x 0.57 in),90.0,,,Dual SIM (Mini-SIM),"TFT, 65K colors",,2.0,128x160,102,20.0,,,,,,,,,,,,1.3,1,,No,,No,,Yes,,No,,,No,No,2.1,Proprietary,No,No,,1000,,,No,,,,,,,,,,,"Black, White",,,,"Stereo FM radio, buit-in antenna"
Yezz,Yezz Andy 3G 3.5 YZ1110,https://www.gsmarena.com/yezz_andy_3g_3_5_yz1110-5086.php,https://fdn2.gsmarena.com/vv/bigpic/yezz-andy-3g-35-new.jpg,GSM / HSPA,No,"2012, June. Released 2012, November",Discontinued,117 x 63 x 12 mm (4.61 x 2.48 x 0.47 in),71.0,,,Dual SIM (Mini-SIM),TFT,,3.5,320x480,165,49.5,,Android 4.0 (Ice Cream Sandwich),Mediatek MT6575 (40 nm),40,1.0 GHz Cortex-A9,PowerVR SGX531,,,,,,3.2,1,,No,,No,LED flash,Yes,,No,,,"Wi-Fi 802.11 b/g, hotspot",No,2.1,Micro-USB,Yes,GPS,"Accelerometer, proximity",1200,,,No,,,,,,,,,,,Black,,,,Stereo FM radio
Yezz,Yezz Andy 3G 4.0 YZ1120,https://www.gsmarena.com/yezz_andy_3g_4_0_yz1120-4925.php,https://fdn2.gsmarena.com/vv/bigpic/yezz-andy-3g40-yz1120-new.jpg,GSM / HSPA,No,"2012, June. Released 2012, August",Discontinued,123.5 x 65 x 10.5 mm (4.86 x 2.56 x 0.41 in),71.0,,,Dual SIM (Mini-SIM),TFT,,4.0,480x800,233,56.7,,Android 2.3 (Gingerbread),Mediatek MT6575 (40 nm),40,1.0 GHz Cortex-A9,PowerVR SGX531,,,,,,5.0,1,,No,,No,LED flash,Yes,,No,,,"Wi-Fi 802.11 b/g, hotspot",,2.1,Micro-USB,Yes,"GPS, A-GPS","Accelerometer, proximity",1650,,,No,,,,,,,,,,,Blue,,,,Stereo FM radio
Yezz,Yezz Ritmo 3 TV YZ433,https://www.gsmarena.com/yezz_ritmo_3_tv_yz433-4784.php,https://fdn2.gsmarena.com/vv/bigpic/yezz-ritmo-3-tv-new.jpg,GSM,No,"2012, Q2. Released 2011, July",Discontinued,103.5 x 56.7 x 13 mm (4.07 x 2.23 x 0.51 in),55.0,,,Triple SIM (Mini-SIM),"TFT, 256K colors",,2.0,320x240,200,21.1,,,,,,,,,,,,1.3,1,,No,,No,,Yes,,No,,,No,,2.0,Micro-USB,Yes,No,,700,,,No,,,,,,,,,,,"Black, Blue, Silver, White",,,,"Stereo FM radio, recording"
Yezz,Yezz Ritmo 2 YZ420,https://www.gsmarena.com/yezz_ritmo_2_yz420-4783.php,https://fdn2.gsmarena.com/vv/bigpic/yezz-ritmo-2-new.jpg,GSM,No,"2012, Q2. Released 2011, July",Discontinued,103.5 x 56.7 x 13 mm (4.07 x 2.23 x 0.51 in),55.0,,,Dual SIM (Mini-SIM),"TFT, 65K colors",,1.8,128x160,114,17.4,,,,,,,,,,,,,1,,No,,No,,Yes,,No,,,No,,2.0,Micro-USB,Yes,No,,700,,,No,,,,,,,,,,,"Blue, Gray, Purple, White",,,,Stereo FM radio
Yezz,Yezz Andy 3G 2.8 YZ11,https://www.gsmarena.com/yezz_andy_3g_2_8_yz11-4679.php,https://fdn2.gsmarena.com/vv/bigpic/yezz-andy-3g-new.jpg,GSM / HSPA,No,"2012, March. Released 2012, May",Discontinued,107.5 x 57.7 x 14.9 mm (4.23 x 2.27 x 0.59 in),71.0,,,Dual SIM (Mini-SIM),TFT,,2.8,240x320,143,39.1,,Android 2.3 (Gingerbread),Mediatek MT6573 (65 nm),65,650 MHz Cortex-A9,PowerVR SGX531,,,,,,3.2,1,,No,,No,,Yes,,No,,,"Wi-Fi 802.11 b/g, hotspot",,2.0,Micro-USB,Yes,"GPS, A-GPS","Accelerometer, proximity, compass",1000,,,No,,,,,,,,,,,"Black, White, Blue, Purple, Black",,,,Stereo FM radio
Yezz,Yezz Classic C20,https://www.gsmarena.com/yezz_classic_c20-4689.php,https://fdn2.gsmarena.com/vv/bigpic/yezz-chico-2c-new.jpg,GSM,No,"2012, February. Released 2012, April",Discontinued,105 x 45 x 14.4 mm (4.13 x 1.77 x 0.57 in),55.0,,,Dual SIM (Mini-SIM),"TFT, 65K colors",,1.8,128x160,114,21.6,,,,,,,,,,,,,1,,No,,No,,No,,No,,,No,,2.1,Proprietary,No,No,,550,,,No,,,,,,,,,,,"Blue, Gray, Green, Red, White, Black",,1.33 W/kg (head) 0.84 W/kg (body),,Stereo FM radio
Yezz,Yezz Chico 2 YZ201,https://www.gsmarena.com/yezz_chico_2_yz201-4688.php,https://fdn2.gsmarena.com/vv/bigpic/yezz-chico-2-new.jpg,GSM,No,"2012, February. Released 2012, April",Discontinued,105 x 45 x 14.4 mm (4.13 x 1.77 x 0.57 in),55.0,,,Dual SIM (Mini-SIM),"TFT, 256K colors",,1.8,128x160,114,21.6,,,,,,,,,,,,,,,No,,No,,,,No,,,No,,,Proprietary,No,No,,550,,,No,,,,,,,,,,,"Blue, Gray, Purple, Red, White",,0.62 W/kg (head) 0.53 W/kg (body),,Stereo FM radio
Yezz,Yezz Andy YZ1100,https://www.gsmarena.com/yezz_andy_yz1100-4680.php,https://fdn2.gsmarena.com/vv/bigpic/yezz-andy-new.jpg,GSM,No,"2011, November. Released 2011, November",Discontinued,107.5 x 57.7 x 14.9 mm (4.23 x 2.27 x 0.59 in),71.0,,,Dual SIM (Mini-SIM),TFT,,3.2,320x480,180,49.2,,Android 2.2.1 (Froyo),Mediatek MT6516,,416 MHz ARM9,,,,,,,2.0,1,,No,,No,,Yes,,No,,,Wi-Fi 802.11 b/g,,2.0,Micro-USB,Yes,"GPS, A-GPS","Accelerometer, proximity, compass",1100,,,No,,,,,,,,,,,"Blue, Purple, White, Black",,,,Stereo FM radio
Yezz,Yezz Fashion F10,https://www.gsmarena.com/yezz_fashion_f10-4681.php,https://fdn2.gsmarena.com/vv/bigpic/yezz-f10.jpg,GSM,No,"2012, November. Released 2013, April",Discontinued,102 x 59 x 13.7 mm (4.02 x 2.32 x 0.54 in),72.0,,,Triple SIM (Mini-SIM),"TFT, 65K colors",,2.2,220x176,128,25.3,,,,,,,,,,,,1.3,1,,No,,No,,Yes,,No,,,No,,2.1,Micro-USB,Yes,No,,600,,,No,,,,,,,,,,,"Black, Blue, Red, White",,,,Stereo FM radio
Yezz,Yezz Bono 3G YZ700,https://www.gsmarena.com/yezz_bono_3g_yz700-4682.php,https://fdn2.gsmarena.com/vv/bigpic/yezz-bono-3g-new.jpg,GSM / UMTS,No,"2011, November. Released 2011, November",Discontinued,110.8 x 60 x 12.4 mm (4.36 x 2.36 x 0.49 in),68.0,,,Dual SIM (Mini-SIM),"TFT, 256K colors",,2.0,220x176,141,18.9,,,,,,,,,,,,1.3,1,,No,,No,,Yes,,No,,,No,,2.0,Micro-USB,Yes,No,,1000,,,No,,,,,,,,,,,"Red, Blue, Purple, Black, White",,1.07 W/kg (head) 1.10 W/kg (body),,"Stereo FM radio, recording"
Yezz,Yezz Moda YZ600,https://www.gsmarena.com/yezz_moda_yz600-4683.php,https://fdn2.gsmarena.com/vv/bigpic/yezz-moda-new.jpg,GSM,No,"2011, November. Released 2011, November",Discontinued,103.5 x 59.4 x 12.9 mm (4.07 x 2.34 x 0.51 in),63.0,,,Dual SIM (Mini-SIM),"TFT, 256K colors",,2.2,320x240,182,24.4,,,,,,,,,,,,2.0,1,,No,,No,,Yes,,No,,,No,,2.0,miniUSB,No,No,,1000,,,No,,,,,,,,,,,"Black, White",,1.25 W/kg (head) 1.14 W/kg (body),,"Stereo FM radio, recording"
Yezz,Yezz Ritmo YZ400,https://www.gsmarena.com/yezz_ritmo_yz400-4684.php,https://fdn2.gsmarena.com/vv/bigpic/yezz-ritmo-new.jpg,GSM,No,"2011, November. Released 2011, November",Discontinued,106.7 x 45.1 x 13.5 mm (4.20 x 1.78 x 0.53 in),55.0,,,Dual SIM (Mini-SIM),"TFT, 65K colors",,1.8,120x160,111,20.9,,,,,,,,,,,,1.3,1,,No,,No,,Yes,,No,,,No,,2.0,Micro-USB,Yes,No,,800,,,No,,,,,,,,,,,"Blue, Gray, Pink, Red, Violet",,1.02 W/kg (head) 0.58 W/kg (body),,"Stereo FM radio, recording"
Yezz,Yezz Zenior YZ888,https://www.gsmarena.com/yezz_zenior_yz888-4685.php,https://fdn2.gsmarena.com/vv/bigpic/yezz-zenior-new.jpg,GSM,No,"2011, November. Released 2011, November",Discontinued,113.8 x 51.1 x 13.8 mm (4.48 x 2.01 x 0.54 in),70.0,,,Dual SIM (Mini-SIM),"TFT, 65K colors",,1.8,128x160,114,17.5,,,,,,,,,,,,,1,,No,,No,,Yes,,No,,,No,,,Micro-USB,Yes,No,,1000,,,No,,,,,,,,,,,"Black, Gold, Gray, Red",,,,Stereo FM radio
Yezz,Yezz Clasico YZ300,https://www.gsmarena.com/yezz_clasico_yz300-4686.php,https://fdn2.gsmarena.com/vv/bigpic/yezz-clasico-new.jpg,GSM,No,"2011, November. Released 2011, November",Discontinued,102.5 x 42 x 13.8 mm (4.04 x 1.65 x 0.54 in),50.0,,,Dual SIM (Mini-SIM),"TFT, 256K colors",,1.8,120x160,111,23.3,,,,,,,,,,,,1.3,1,,No,,No,,Yes,,No,,,No,,2.0,miniUSB,No,No,,800,,,No,,,,,,,,,,,"Red, Blue, Gray, Silver",,0.62 W/kg (head) 0.53 W/kg (body),,"Stereo FM radio, recording"
Yezz,Yezz Chico YZ200,https://www.gsmarena.com/yezz_chico_yz200-4687.php,https://fdn2.gsmarena.com/vv/bigpic/yezz-chico.jpg,GSM,No,"2011, November. Released 2011, November",Discontinued,105 x 48 x 11.4 mm (4.13 x 1.89 x 0.45 in),50.0,,,Mini-SIM,"TFT, 4096 colors",,1.4,120x160,143,12.0,,,,,,,,,,,,,,,No,,No,,,,No,,,No,,,miniUSB,No,No,,350,,,No,,,,,,,,,,,"Gray, Blue, Pink, Red",,,,Stereo FM radio
