Brand,Model_Name,Model_URL,Model_Image,Network_Technology,5G_Support,Announced,Status,Dimensions,Weight_g,Back_Material,IP_Rating,SIM_Type,Display_Type,Refresh_Rate_Hz,Display_Size_inch,Resolution,PPI_Density,Screen_to_Body_Pct,Display_Protection,OS,Chipset,Process_Node_nm,CPU,GPU,RAM_GB,RAM_Max_GB,Storage_GB,Storage_Max_GB,Storage_Type,Main_Camera_MP,Lens_Count,Main_Aperture,OIS,Sensor_Size,Camera_4K_Video,Camera_Features,Camera_Video,Selfie_Camera_MP,Selfie_4K_Video,Selfie_Camera_Features,Selfie_Camera_Video,WiFi,NFC,Bluetooth_Version,USB_Type,Headphone_Jack,GPS,Sensors,Battery_mAh,Wired_Charging_W,Wireless_Charging_W,Reverse_Wireless_Charging,Battery_ActiveUse,Price_USD,Price_EUR,Price_GBP,Price_INR,AnTuTu_Score,GeekBench_Score,ThreeDMark_Score,Display_nits_tested,Loudspeaker_LUFS,Colors,Model_Numbers,SAR_US,SAR_EU,FM_Radio
Doogee,Doogee Blade 10 Energy,https://www.gsmarena.com/doogee_blade_10_energy-14492.php,https://fdn2.gsmarena.com/vv/bigpic/doogee-blade-10-energy.jpg,GSM / HSPA / LTE,No,2025,Available. Released 2025,172.7 x 80 x 10.7 mm (6.80 x 3.15 x 0.42 in),295.0,,IP68,Nano-SIM + Nano-SIM,"IPS LCD, 90Hz",90,6.56,720x1612,269,74.8,Mohs level 5,Android 15,Unisoc T7250 (12 nm),12,Octa-core (2x1.8 GHz Cortex-A75 & 6x1.6 GHz Cortex-A55),Mali-G57 MP1,4,4,128,128,UFS,16.0,1,2.2,No,,No,LED flash,1080p@30fps,8.0,No,,720p@30fps,"Wi-Fi 802.11 a/b/g/n/ac, dual-band",Yes,5.0,Type-C,No,"GPS, GLONASS, BDS, GALILEO","Accelerometer, proximity, compass",6150,10,,No,,,200.0,,,,,,,,"Green, Red, Red/Blue",,,,FM radio
Doogee,Doogee Blade 10 Pro Energy,https://www.gsmarena.com/doogee_blade_10_pro_energy-14493.php,https://fdn2.gsmarena.com/vv/bigpic/doogee-blade-10-pro-energy.jpg,GSM / HSPA / LTE,No,2025,Available. Released 2025,172.7 x 80 x 10.7 mm (6.80 x 3.15 x 0.42 in),295.0,,IP68,Nano-SIM + Nano-SIM,"IPS LCD, 90Hz",90,6.56,720x1612,269,74.8,Mohs level 5,Android 15,Unisoc T7250 (12 nm),12,Octa-core (2x1.8 GHz Cortex-A75 & 6x1.6 GHz Cortex-A55),Mali-G57 MP1,6,6,256,256,UFS,50.0,1,1.8,No,,No,LED flash,1080p@30fps,8.0,No,,720p@30fps,"Wi-Fi 802.11 a/b/g/n/ac, dual-band",Yes,5.0,Type-C,No,"GPS, GLONASS, BDS, GALILEO","Accelerometer, proximity, compass",6150,18,,No,,,210.0,,,,,,,,"Black, Red/Silver, Gray/Black, Tarnish",,,,FM radio
Doogee,Doogee Blade 10 Ultra Energy,https://www.gsmarena.com/doogee_blade_10_ultra_energy-14494.php,https://fdn2.gsmarena.com/vv/bigpic/doogee-blade-10-ultra-energy.jpg,GSM / HSPA / LTE,No,2025,Available. Released 2025,172.7 x 80 x 10.7 mm (6.80 x 3.15 x 0.42 in),295.0,,IP68,Nano-SIM + Nano-SIM,"IPS LCD, 90Hz",90,6.56,720x1612,269,74.8,Mohs level 5,Android 15,Unisoc T7250 (12 nm),12,Octa-core (2x1.8 GHz Cortex-A75 & 6x1.6 GHz Cortex-A55),Mali-G57 MP1,8,8,256,256,UFS,64.0,1,1.8,No,,No,LED flash,1080p@30fps,8.0,No,,720p@30fps,"Wi-Fi 802.11 a/b/g/n/ac, dual-band",Yes,5.0,Type-C,No,"GPS, GLONASS, BDS, GALILEO","Fingerprint (side-mounted), accelerometer, proximity, compass",6150,18,,No,,,230.0,,,,,,,,"Natural Color, Black",,,,FM radio
Doogee,Doogee Blade 20 Pro,https://www.gsmarena.com/doogee_blade_20_pro-14495.php,https://fdn2.gsmarena.com/vv/bigpic/doogee-blade-20-pro.jpg,GSM / HSPA / LTE,No,2025,Available. Released 2025,174 x 81.2 x 15.8 mm (6.85 x 3.20 x 0.62 in),364.0,,IP68,Nano-SIM + Nano-SIM,"IPS LCD, 90Hz",90,6.56,720x1612,269,73.2,Mohs level 6,Android 15,Unisoc T7200 (12 nm),12,Octa-core (2x1.6 GHz Cortex-A75 & 6x1.6 GHz Cortex-A55),Mali-G57 MP1,6,6,256,256,UFS,50.0,2,1.8,No,,No,LED flash,1080p@30fps,8.0,No,,720p@30fps,"Wi-Fi 802.11 a/b/g/n/ac, dual-band",Yes,5.0,Type-C,No,"GPS, GLONASS, BDS, GALILEO","Fingerprint (side-mounted), accelerometer, proximity, compass",11800,18,,No,,,230.0,,,,,,,,"Red, Silver",,,,FM radio
Doogee,Doogee Blade 20 Max,https://www.gsmarena.com/doogee_blade_20_max-14496.php,https://fdn2.gsmarena.com/vv/bigpic/doogee-blade-20-max.jpg,GSM / HSPA / LTE,No,"2025, August 07","Available. Released 2025, August 07",174 x 81.2 x 15.8 mm (6.85 x 3.20 x 0.62 in),337.0,,IP68,Nano-SIM + Nano-SIM,"IPS LCD, 120Hz",120,6.6,720x1612,267,74.1,Mohs level 6,Android 15,Mediatek Helio G100 (6 nm),6,Octa-core (2x2.2 GHz Cortex-A76 & 6x2.0 GHz Cortex-A55),Mali-G57 MC2,12,12,12,12,UFS,64.0,2,1.8,No,,No,LED flash,"1440p@30fps, 1080p@30fps",16.0,No,,1080p@30fps,"Wi-Fi 802.11 a/b/g/n/ac, dual-band",Yes,5.2,Type-C,No,"GPS, GLONASS, BDS, GALILEO","Fingerprint (side-mounted), accelerometer, gyro, proximity, compass",11800,33,,No,,,300.0,,,,,,,,"Red, Green, Natural Color",,,,FM radio
Doogee,Doogee Anywise W1 Pro,https://www.gsmarena.com/doogee_anywise_w1_pro-14472.php,https://fdn2.gsmarena.com/vv/bigpic/doogee-anywise-w1-pro.jpg,No cellular connectivity,No,"2026, February","Available. Released 2026, February",47.5 x 47.5 x 13.7 mm (1.87 x 1.87 x 0.54 in),72.0,,,No,AMOLED,,1.43,466x466,461,,Panda Glass,Proprietary OS,,,,,,,2,2,,,,,No,,No,,,,No,,,No,No,5.3,No,No,"GPS (L1+L5), GLONASS, GALILEO, BDS, QZSS","Accelerometer, heart rate, SpO2, barometer, compass",550,,,No,,,,,,,,,,,"Deep Sea Blue, Flame Shadow Titanium, Midnight Black",,,,No
Doogee,Doogee Anywise W1,https://www.gsmarena.com/doogee_anywise_w1-14473.php,https://fdn2.gsmarena.com/vv/bigpic/doogee-anywise-w1.jpg,No cellular connectivity,No,"2026, February","Available. Released 2026, February",47.5 x 47.5 x 13.7 mm (1.87 x 1.87 x 0.54 in),70.0,,,No,AMOLED,,1.43,466x466,461,,Panda Glass,Proprietary OS,,,,,,,,,,,,,No,,No,,,,No,,,No,No,5.3,No,No,"GPS (L1+L5), GLONASS, GALILEO, BDS, QZSS","Accelerometer, heart rate, SpO2, compass",550,,,No,,,,,,,,,,,"Dawn Gold, Stardust Silver, Hidden Shadow Black",,,,No
Doogee,Doogee Fire 5 Pro,https://www.gsmarena.com/doogee_fire_5_pro-14467.php,https://fdn2.gsmarena.com/vv/bigpic/doogee-fire5-pro.jpg,GSM / HSPA / LTE,No,"2025, December","Available. Released 2025, December",176.5 x 82.5 x 18.7 mm (6.95 x 3.25 x 0.74 in),389.0,,IP68,Nano-SIM + Nano-SIM,"IPS LCD, 90Hz, 400 nits",90,6.6,720x1612,267,71.9,Mohs level 6,Android 15,Mediatek Helio G81 (12 nm),12,Octa-core (2x2.0 GHz Cortex-A75 & 6x1.8 GHz Cortex-A55),Mali-G52 MC2,4,4,128,128,,13.0,1,2.0,No,,No,"Dual-LED flash, HDR, panorama",1440p@30fps,8.0,No,,1080p@30fps,"Wi-Fi 802.11 a/b/g/n/ac, dual-band",Yes,5.0,Type-C,No,"GPS, GLONASS, GALILEO, BDS","Fingerprint (side-mounted), accelerometer, proximity, compass",13000,18,,No,,,150.0,,,,,,,,"Gray, Orange, Green",,,,FM radio
Doogee,Doogee Fire 5 Ultra,https://www.gsmarena.com/doogee_fire_5_ultra-14468.php,https://fdn2.gsmarena.com/vv/bigpic/doogee-fire5-ultra.jpg,GSM / HSPA / LTE,No,"2025, December","Available. Released 2025, December",176.5 x 82.5 x 18.7 mm (6.95 x 3.25 x 0.74 in),395.0,,IP68,Nano-SIM + Nano-SIM,"IPS LCD, 90Hz, 400 nits",90,6.6,720x1612,267,71.9,Mohs level 6,Android 15,Mediatek Helio G81 (12 nm),12,Octa-core (2x2.0 GHz Cortex-A75 & 6x1.8 GHz Cortex-A55),Mali-G52 MC2,8,8,256,256,,48.0,1,1.8,No,,No,"Dual-LED flash, HDR, panorama",1440p@30fps,8.0,No,,1080p@30fps,"Wi-Fi 802.11 a/b/g/n/ac, dual-band",Yes,5.0,Type-C,No,"GPS, GLONASS, GALILEO, BDS","Fingerprint (side-mounted), accelerometer, proximity, compass",13000,18,,No,,,250.0,,,,,,,,"Gray, Orange, Green",,,,FM radio
Doogee,Doogee Fire 7 Pro,https://www.gsmarena.com/doogee_fire_7_pro_5g-14469.php,https://fdn2.gsmarena.com/vv/bigpic/doogee-fire5-ultra.jpg,GSM / HSPA / LTE / 5G,Yes,"2025, December","Available. Released 2025, December",176.5 x 82.5 x 18.7 mm (6.95 x 3.25 x 0.74 in),395.0,,IP68,Nano-SIM + Nano-SIM,"IPS LCD, 90Hz, 400 nits",90,6.6,720x1612,267,71.9,Mohs level 6,Android 15,Mediatek Dimensity 6300 (6 nm),6,Octa-core (2x2.4 GHz Cortex-A76 & 6x2.0 GHz Cortex-A55),Mali-G57 MC2,8,8,256,256,,64.0,2,1.8,No,,No,"Dual-LED flash, HDR, panorama",1440p@30fps,16.0,No,,1080p@30fps,"Wi-Fi 802.11 a/b/g/n/ac, dual-band",Yes,5.2,Type-C,No,"GPS, GLONASS, GALILEO, BDS","Fingerprint (side-mounted), accelerometer, proximity, compass",13000,33,,No,,,270.0,,,,,,,,"Silver, Orange, Green",,,,FM radio
Doogee,Doogee Fire 7 Ultra,https://www.gsmarena.com/doogee_fire_7_ultra_5g-14470.php,https://fdn2.gsmarena.com/vv/bigpic/doogee-fire7-ultra.jpg,GSM / HSPA / LTE / 5G,Yes,"2025, December","Available. Released 2025, December",176.5 x 82.5 x 18.7 mm (6.95 x 3.25 x 0.74 in),412.0,,IP68,Nano-SIM + Nano-SIM,"IPS LCD, 90Hz, 400 nits",90,6.6,720x1612,267,71.9,Mohs level 6,Android 15,Mediatek Dimensity 6300 (6 nm),6,Octa-core (2x2.4 GHz Cortex-A76 & 6x2.0 GHz Cortex-A55),Mali-G57 MC2,8,8,256,256,,64.0,2,1.8,No,,No,"Dual-LED flash, HDR, panorama",1440p@30fps,16.0,No,,1080p@30fps,"Wi-Fi 802.11 a/b/g/n/ac, dual-band",Yes,5.2,Type-C,No,"GPS, GLONASS, GALILEO, BDS","Fingerprint (side-mounted), accelerometer, proximity, compass",13000,33,,No,,,310.0,,,,,,,,"Titanium, Gray",,,,FM radio
Doogee,Doogee Tab G6 Max,https://www.gsmarena.com/doogee_tab_g6_max-14471.php,https://fdn2.gsmarena.com/vv/bigpic/doogee-tab-g6-max.jpg,GSM / HSPA / LTE,No,"2025, December","Available. Released 2025, December",309.7 x 201.7 x 7.8 mm (12.19 x 7.94 x 0.31 in),,,,Nano-SIM + Nano-SIM,"IPS LCD, 90Hz",90,13.36,1200x1920,169,82.9,Mohs level 6,Android 16,Unisoc T7280 (12 nm),12,Octa-core (2x2.2 GHz Cortex-A75 & 6x1.8 GHz Cortex-A55),Mali-G57 MP1,6,6,256,256,UFS,13.0,1,,No,,No,LED flash,1080p@30fps,8.0,No,,Yes,"Wi-Fi 802.11 a/b/g/n/ac, dual-band",No,5.0,Type-C,No,"GPS, GALILEO, GLONASS, BDS","Accelerometer, proximity, compass",11000,18,,No,,,250.0,,,,,,,,"Black, Gray, Purple",,,,No
Doogee,Doogee S200 Ultra,https://www.gsmarena.com/doogee_s200_ultra_5g-14204.php,https://fdn2.gsmarena.com/vv/bigpic/doogee-s200-ultra.jpg,GSM / HSPA / LTE / 5G,Yes,"2025, September","Available. Released 2025, October",179.5 x 82.5 x 19.1 mm (7.07 x 3.25 x 0.75 in),383.0,,IP68,Nano-SIM + Nano-SIM,"IPS LCD, 120Hz",120,6.72,1080x2400,392,73.6,"Corning Gorilla Glass, Mohs level 5",Android 15,Mediatek Dimensity 7400 (4 nm),4,Octa-core (4x2.6 GHz Cortex-A78 & 4x2.0 GHz Cortex-A55),Mali-G615 MC2,12,12,12,12,,100.0,3,1.8,No,1/1.8,Yes,"Dual-LED flash, HDR, panorama","4K@30fps, 1080p@30fps, gyro-EIS",32.0,No,,1080p@30fps,"Wi-Fi 802.11 a/b/g/n/ac/6, dual-band",Yes,5.4,Type-C,No,"GPS, GLONASS, BDS, GALILEO","Fingerprint (side-mounted), accelerometer, gyro, proximity, compass",11000,66,,No,,,550.0,,,,,,,,"Black, Yellow, Green",,,,FM radio
Doogee,Doogee Note 58,https://www.gsmarena.com/doogee_note_58-14199.php,https://fdn2.gsmarena.com/vv/bigpic/doogee-note-58.jpg,GSM / HSPA / LTE,No,"2025, September","Available. Released 2025, September",168 x 77.5 x 8.6 mm (6.61 x 3.05 x 0.34 in),199.0,,,Nano-SIM + Nano-SIM,"IPS LCD, 90Hz, 450 nits",90,6.75,720x1600,260,84.5,Mohs level 5,Android 15,Unisoc T7250 (12 nm),12,Octa-core (2x1.8 GHz Cortex-A75 & 6x1.6 GHz Cortex-A55),Mali-G57 MP1,8,8,128,128,,16.0,1,2.2,No,,No,"Dual-LED flash, HDR, panorama",1080p@30fps,8.0,No,,720p@30fps,"Wi-Fi 802.11 a/b/g/n/ac, dual-band",Yes,5.0,Type-C,No,"GPS, GLONASS, BDS, GALILEO","Accelerometer, proximity",6250,10,,No,,,120.0,,,,,,,,"Black, Silver",,,,FM radio
Doogee,Doogee Note 58 Pro,https://www.gsmarena.com/doogee_note_58_pro-14200.php,https://fdn2.gsmarena.com/vv/bigpic/doogee-note-58-pro.jpg,GSM / HSPA / LTE,No,"2025, September","Available. Released 2025, September",168 x 77.5 x 8.6 mm (6.61 x 3.05 x 0.34 in),199.0,,,Nano-SIM + Nano-SIM,"IPS LCD, 90Hz, 450 nits",90,6.75,720x1600,260,84.5,Mohs level 5,Android 15,Unisoc T7250 (12 nm),12,Octa-core (2x1.8 GHz Cortex-A75 & 6x1.6 GHz Cortex-A55),Mali-G57 MP1,8,8,256,256,,16.0,1,2.2,No,,No,"Dual-LED flash, HDR, panorama",1080p@30fps,8.0,No,,720p@30fps,"Wi-Fi 802.11 a/b/g/n/ac, dual-band",Yes,5.0,Type-C,No,"GPS, GLONASS, BDS, GALILEO","Fingerprint (side-mounted), accelerometer, proximity",6250,10,,No,,,140.0,,,,,,,,"Black, Gold",,,,FM radio
Doogee,Doogee Fire 5,https://www.gsmarena.com/doogee_fire_5-14201.php,https://fdn2.gsmarena.com/vv/bigpic/doogee-fire5.jpg,GSM / HSPA / LTE,No,"2025, September","Available. Released 2025, September",176.5 x 82.5 x 18.7 mm (6.95 x 3.25 x 0.74 in),389.0,,IP68,Nano-SIM + Nano-SIM,"IPS LCD, 90Hz, 400 nits",90,6.6,720x1612,267,71.9,Mohs level 6,Android 15 (Go edition),Unisoc SC9863A (28 nm),28,Octa-core (4x1.6 GHz Cortex-A55 & 4x1.2 GHz Cortex-A55),IMG8322,3,3,64,64,,13.0,1,2.0,No,,No,"Dual-LED flash, HDR, panorama",1080p@30fps,8.0,No,,720p@30fps,Wi-Fi 802.11 b/g/n,Yes,4.2,Type-C,No,"GPS, GLONASS, GALILEO, BDS","Fingerprint (side-mounted), accelerometer, proximity, compass",13000,10,,No,,,170.0,,,,,,,,"Gray, Orange, Green",,,,FM radio
Doogee,Doogee V Max Play,https://www.gsmarena.com/doogee_v_max_play_5g-14202.php,https://fdn2.gsmarena.com/vv/bigpic/doogee-v-max-play.jpg,GSM / CDMA / HSPA / LTE / 5G,Yes,"2025, September","Available. Released 2025, September",183.5 x 85.4 x 30.5 mm (7.22 x 3.36 x 1.20 in),683.0,,IP68,Nano-SIM + Nano-SIM,"IPS LCD, 120Hz",120,6.78,1080x2460,396,69.7,Mohs level 6,Android 15,Mediatek Dimensity 7300 (4 nm),4,Octa-core (2x2.6 GHz Cortex-A78 & 6x2.0 GHz Cortex-A55),Mali-G615 MC2,16,16,512,512,,200.0,3,2.0,No,1/1.3,Yes,"Dual-LED flash, HDR, panorama","4K@30fps, 1080p@30fps",32.0,No,,1080p@30fps,"Wi-Fi 802.11 a/b/g/n/ac/6e, dual-band",Yes,5.4,Type-C,No,"GPS (L1+L5), GLONASS, GALILEO, BDS","Fingerprint (side-mounted), accelerometer, gyro, proximity, compass",20500,45,,No,,,700.0,,,,,,,,"Black, Tarnish",,,,FM radio
Doogee,Doogee V Max LR,https://www.gsmarena.com/doogee_v_max_lr_5g-14203.php,https://fdn2.gsmarena.com/vv/bigpic/doogee-v-max-play.jpg,GSM / CDMA / HSPA / LTE / 5G,Yes,"2025, September","Available. Released 2025, October",183.5 x 85.4 x 30.5 mm (7.22 x 3.36 x 1.20 in),630.0,,IP68,Nano-SIM + Nano-SIM,"IPS LCD, 120Hz, 500 nits",120,6.78,1080x2460,396,69.7,Mohs level 6,Android 15,Mediatek Dimensity 7300 (4 nm),4,Octa-core (2x2.6 GHz Cortex-A78 & 6x2.0 GHz Cortex-A55),Mali-G615 MC2,16,16,512,512,,200.0,3,2.0,No,1/1.3,Yes,"Dual-LED flash, HDR, panorama","4K@30fps, 1080p@30fps",32.0,No,,1080p@30fps,"Wi-Fi 802.11 a/b/g/n/ac/6e, dual-band",Yes,5.4,Type-C,No,"GPS (L1+L5), GLONASS, GALILEO, BDS","Fingerprint (side-mounted), accelerometer, gyro, proximity, compass",20500,45,,No,,,770.0,,,,,,,,"Black, Tarnish",,,,FM radio
Doogee,Doogee S200 Max,https://www.gsmarena.com/doogee_s200_max_5g-14076.php,https://fdn2.gsmarena.com/vv/bigpic/doogee-s200-max.jpg,GSM / HSPA / LTE / 5G,Yes,"2025, August","Available. Released 2025, August",179.5 x 82.5 x 25.5 mm (7.07 x 3.25 x 1.00 in),535.0,,IP68,Nano-SIM + Nano-SIM,"IPS LCD, 120Hz",120,6.72,1080x2400,392,73.6,Mohs level 6,Android 15,Mediatek Dimensity 7050 (6 nm),6,Octa-core (2x2.6 GHz Cortex-A78 & 6x2.0 GHz Cortex-A55),Mali-G68 MC4,16,16,512,512,,100.0,3,1.9,No,1/1.8,Yes,"Dual-LED flash, HDR, panorama","4K@30fps, 1080p@30fps, gyro-EIS",32.0,No,,1080p@30fps,"Wi-Fi 802.11 a/b/g/n/ac/6, dual-band",Yes,5.2,Type-C,No,"GPS, GLONASS, BDS, GALILEO","Fingerprint (side-mounted), accelerometer, gyro, proximity, compass",22000,66,,No,,,360.0,,,,,,,,"Gray, Gold",,,,FM radio
Doogee,Doogee Fire 3 Ultra,https://www.gsmarena.com/doogee_fire_3_ultra-14077.php,https://fdn2.gsmarena.com/vv/bigpic/doogee-fire3-ultra.jpg,GSM / HSPA / LTE,No,"2025, August","Available. Released 2025, August",162.5 x 77.4 x 17.8 mm (6.40 x 3.05 x 0.70 in),290.0,,IP68,Nano-SIM + Nano-SIM,IPS LCD,,5.5,720x1440,293,62.1,Mohs level 5,Android 15,Unisoc T7200 (12 nm),12,Octa-core (2x1.6 GHz Cortex-A75 & 6x1.6 GHz Cortex-A55),Mali-G57 MP1,6,6,256,256,,16.0,2,1.8,No,,No,"LED flash, HDR, panorama",1080p@30fps,8.0,No,HDR,720p@30fps,"Wi-Fi 802.11 a/b/g/n/ac, dual-band",Yes,5.0,Type-C,Yes,"GPS, GLONASS, GALILEO, BDS","Fingerprint (side-mounted), accelerometer, gyro, proximity, compass",8350,18,,No,,,160.0,,,,,,,,"Gray, Orange, Green",,,,FM radio
Doogee,Doogee Fire 3 Pro,https://www.gsmarena.com/doogee_fire_3_pro-14078.php,https://fdn2.gsmarena.com/vv/bigpic/doogee-fire3-ultra.jpg,GSM / HSPA / LTE,No,"2025, August","Available. Released 2025, August",162.5 x 77.4 x 17.8 mm (6.40 x 3.05 x 0.70 in),290.0,,IP68,Nano-SIM + Nano-SIM,IPS LCD,,5.5,720x1440,293,62.1,Mohs level 5,Android 15,Unisoc T7200 (12 nm),12,Octa-core (2x1.6 GHz Cortex-A75 & 6x1.6 GHz Cortex-A55),Mali-G57 MP1,4,4,128,128,,16.0,1,1.8,No,,No,"LED flash, HDR, panorama",1080p@30fps,8.0,No,HDR,720p@30fps,"Wi-Fi 802.11 a/b/g/n/ac, dual-band",Yes,5.0,Type-C,Yes,"GPS, GLONASS, GALILEO, BDS","Fingerprint (side-mounted), accelerometer, gyro, proximity, compass",8350,18,,No,,,,,,,,,,,"Gray, Orange, Green",,,,FM radio
Doogee,Doogee Fire 7,https://www.gsmarena.com/doogee_fire_7_5g-14079.php,https://fdn2.gsmarena.com/vv/bigpic/doogee-fire7.jpg,GSM / HSPA / LTE / 5G,Yes,"2025, August","Available. Released 2025, August",176.5 x 82.5 x 18.7 mm (6.95 x 3.25 x 0.74 in),389.0,,IP68,Nano-SIM + Nano-SIM,"IPS LCD, 90Hz",90,6.6,720x1612,267,71.9,Mohs level 5,Android 15,Mediatek Dimensity 6300 (6 nm),6,Octa-core (2x2.4 GHz Cortex-A76 & 6x2.0 GHz Cortex-A55),Mali-G57 MC2,4,4,256,256,,64.0,1,1.8,No,,No,"LED flash, HDR, panorama","1440p@30fps, 1080p@30fps",16.0,No,,1080p@30fps,"Wi-Fi 802.11 a/b/g/n/ac, dual-band",Yes,5.2,Type-C,No,"GPS, GLONASS, GALILEO, BDS","Fingerprint (side-mounted), accelerometer, gyro, proximity, compass",13000,18,,No,,,,,,,,,,,"Gray, Orange, Green",,,,FM radio
Doogee,Doogee Blade GT Pro,https://www.gsmarena.com/doogee_blade_gt_pro_5g-13973.php,https://fdn2.gsmarena.com/vv/bigpic/doogee-blade-gt-pro.jpg,GSM / HSPA / LTE / 5G,Yes,"2025, June","Available. Released 2025, June",178.5 x 83.5 x 10.5 mm (7.03 x 3.29 x 0.41 in),265.0,,IP68,Nano-SIM + Nano-SIM,"IPS LCD, 120Hz",120,6.72,1080x2400,392,73.1,Mohs level 6,Android 14,Mediatek Dimensity 7025 (6 nm),6,Octa-core (2x2.5 GHz Cortex-A78 & 6x2.0 GHz Cortex-A55),IMG BXM-8-256,12,12,512,512,,100.0,3,1.8,No,,No,"Dual-LED flash, HDR, panorama","1440p@30fps, 1080p@30fps",32.0,No,,1080p@30fps,"Wi-Fi 802.11 a/b/g/n/ac, dual-band",Yes,5.2,Type-C,No,"GPS, GLONASS, GALILEO, BDS","Fingerprint (side-mounted), accelerometer, proximity, compass",5800,18,,No,,,340.0,,,,,,,,"Black, Silver",,,,FM radio
Doogee,Doogee Blade GT Play,https://www.gsmarena.com/doogee_blade_gt_play_5g-13972.php,https://fdn2.gsmarena.com/vv/bigpic/doogee-blade-gt-play.jpg,GSM / HSPA / LTE / 5G,Yes,"2025, June","Available. Released 2025, June",178.5 x 83.5 x 10.5 mm (7.03 x 3.29 x 0.41 in),265.0,,IP68,Nano-SIM + Nano-SIM,"IPS LCD, 120Hz",120,6.72,1080x2400,392,73.1,Mohs level 6,Android 14,Mediatek Dimensity 7025 (6 nm),6,Octa-core (2x2.5 GHz Cortex-A78 & 6x2.0 GHz Cortex-A55),IMG BXM-8-256,8,8,256,256,,50.0,2,1.8,No,,No,"Dual-LED flash, HDR, panorama","1440p@30fps, 1080p@30fps",16.0,No,,1080p@30fps,"Wi-Fi 802.11 a/b/g/n/ac, dual-band",Yes,5.2,Type-C,No,"GPS, GLONASS, GALILEO, BDS","Fingerprint (side-mounted), accelerometer, proximity, compass",5800,18,,No,,,320.0,,,,,,,,"Black, Silver",,,,FM radio
Doogee,Doogee V Pad,https://www.gsmarena.com/doogee_v_pad_5g-13971.php,https://fdn2.gsmarena.com/vv/bigpic/doogee-v-pad.jpg,GSM / HSPA / LTE / 5G,Yes,"2025, June","Available. Released 2025, June",279.5 x 175 x 8 mm (11.00 x 6.89 x 0.31 in),572.0,,,Nano-SIM + Nano-SIM,IPS LCD,,12.0,1200x2000,194,83.8,Mohs level 5,Android 15,Mediatek MT8791 (6 nm),6,Octa-core (2x2.6 GHz Cortex-A78 & 6x2.0 GHz Cortex-A55),Mali-G68 MC4,8,8,256,256,,13.0,1,,No,,No,LED flash,1080p@30fps,8.0,No,,Yes,"Wi-Fi 802.11 a/b/g/n/ac/6, dual-band",No,5.2,Type-C,No,"GPS, GALILEO, GLONASS, BDS",,8800,10,,No,,,350.0,,,,,,,,"Black, Blue",,,,No
Doogee,Doogee Tab E3 Max,https://www.gsmarena.com/doogee_tab_e3_max-13926.php,https://fdn2.gsmarena.com/vv/bigpic/doogee-tab-e3-max.jpg,GSM / HSPA / LTE,No,"2025, May","Available. Released 2025, May",318.7 x 221.8 x 8.9 mm (12.55 x 8.73 x 0.35 in),1002.0,,,Nano-SIM + Nano-SIM,"IPS LCD, 300 nis",,14.0,1440x2160,185,82.6,Mohs level 6,Android 15,Mediatek Helio G99 (6 nm),6,Octa-core (2x2.2 GHz Cortex-A76 & 6x2.0 GHz Cortex-A55),Mali-G57 MC2,8,8,256,256,UFS,16.0,2,2.2,No,,No,"LED flash, HDR","1440p@30/60fps, 1080p@30/60fps",8.0,No,,"1440p@30fps, 1080p@30/120fps","Wi-Fi 802.11 a/b/g/n/ac, dual-band",No,5.2,Type-C,Yes,"GPS, GALILEO, GLONASS, BDS","Accelerometer, compass",13500,18,,No,,,290.0,,,,,,,,"Black, Gray, Blue",,,,FM radio
Doogee,Doogee Tab E3 Pro,https://www.gsmarena.com/doogee_tab_e3_pro-13925.php,https://fdn2.gsmarena.com/vv/bigpic/doogee-tab-e3-pro.jpg,GSM / HSPA / LTE,No,"2025, May","Available. Released 2025, May",302.1 x 197.5 x 8 mm (11.89 x 7.78 x 0.31 in),718.0,,,Nano-SIM + Nano-SIM,"IPS LCD, 90Hz, 350 nis",90,12.95,1200x1920,175,81.5,Mohs level 6,Android 15,Mediatek Helio G100 (6 nm),6,Octa-core (2x2.2 GHz Cortex-A76 & 6x2.0 GHz Cortex-A55),Mali-G57 MC2,8,8,256,256,UFS,13.0,1,2.2,No,,No,"LED flash, HDR","1440p@30/60fps, 1080p@30/60fps",8.0,No,,"1440p@30fps, 1080p@30/120fps","Wi-Fi 802.11 a/b/g/n/ac, dual-band",No,5.0,Type-C,Yes,"GPS, GALILEO, GLONASS, BDS","Accelerometer, compass",11000,18,,No,,,260.0,,,,,,,,"Black, Gray, Gold",,,,FM radio
Doogee,Doogee Tab E3+,https://www.gsmarena.com/doogee_tab_e3+-13924.php,https://fdn2.gsmarena.com/vv/bigpic/doogee-tab-e3-plus.jpg,GSM / HSPA / LTE,No,"2025, May","Available. Released 2025, May",278.8 x 174.3 x 7.7 mm (10.98 x 6.86 x 0.30 in),583.0,,,Nano-SIM + Nano-SIM,"IPS LCD, 90Hz, 380 nis",90,11.97,1200x2000,195,83.9,Mohs level 5,Android 15,Mediatek Helio G100 (6 nm),6,Octa-core (2x2.2 GHz Cortex-A76 & 6x2.0 GHz Cortex-A55),Mali-G57 MC2,8,8,256,256,UFS,13.0,1,2.2,No,,No,"LED flash, HDR","1440p@30/60fps, 1080p@30/60fps",5.0,No,,"1440p@30fps, 1080p@30/120fps","Wi-Fi 802.11 a/b/g/n/ac, dual-band",No,5.0,Type-C,No,"GPS, GALILEO, GLONASS, BDS","Accelerometer, compass",8800,18,,No,,,250.0,,,,,,,,"Black, Gray, Blue",,,,FM radio
Doogee,Doogee Tab E3,https://www.gsmarena.com/doogee_tab_e3-13923.php,https://fdn2.gsmarena.com/vv/bigpic/doogee-tab-e3.jpg,GSM / HSPA / LTE,No,"2025, May","Available. Released 2025, May",257.3 x 168.8 x 7.5 mm (10.13 x 6.65 x 0.30 in),512.0,,,Nano-SIM + Nano-SIM,"IPS LCD, 90Hz, 330 nis",90,10.95,1200x1920,207,80.0,Mohs level 5,Android 15,Mediatek Helio G100 (6 nm),6,Octa-core (2x2.2 GHz Cortex-A76 & 6x2.0 GHz Cortex-A55),Mali-G57 MC2,8,8,256,256,UFS,13.0,1,2.2,No,,No,"LED flash, HDR","1440p@30/60fps, 1080p@30/60fps",5.0,No,,"1440p@30fps, 1080p@30/120fps","Wi-Fi 802.11 a/b/g/n/ac, dual-band",No,5.0,Type-C,Yes,"GPS, GALILEO, GLONASS, BDS","Accelerometer, compass",8800,18,,No,,,220.0,,,,,,,,"Black, Gray, Blue",,,,FM radio
Doogee,Doogee Tab G6+,https://www.gsmarena.com/doogee_tab_g6+-13914.php,https://fdn2.gsmarena.com/vv/bigpic/doogee-tab-g6.jpg,GSM / HSPA / LTE,No,"2025, May","Available. Released 2025, May",256.9 x 168.4 x 8.3 mm (10.11 x 6.63 x 0.33 in),528.0,,,Nano-SIM + Nano-SIM,"IPS LCD, 90Hz",90,11.0,1200x1920,206,81.1,Mohs level 6,Android 15,Unisoc T7280 (12 nm),12,Octa-core (2x2.2 GHz Cortex-A75 & 6x1.8 GHz Cortex-A55),Mali-G57 MP1,8,8,256,256,UFS,13.0,1,,No,,No,LED flash,1080p@30fps,5.0,No,,Yes,"Wi-Fi 802.11 a/b/g/n/ac, dual-band",No,5.0,Type-C,Yes,"GPS, GALILEO, GLONASS, BDS",Accelerometer,8000,18,,No,,,200.0,,,,,,,,"Black, Gray, Purple",,,,No
Doogee,Doogee Tab G6,https://www.gsmarena.com/doogee_tab_g6-13913.php,https://fdn2.gsmarena.com/vv/bigpic/doogee-tab-g6.jpg,GSM / HSPA / LTE,No,"2025, May","Available. Released 2025, May",257.3 x 168.8 x 8.1 mm (10.13 x 6.65 x 0.32 in),554.0,,,Nano-SIM + Nano-SIM,"IPS LCD, 90Hz",90,11.0,800x1280,138,79.6,Mohs level 5,Android 15,Unisoc T7250 (12 nm),12,Octa-core (2x1.8 GHz Cortex-A75 & 6x1.6 GHz Cortex-A55),Mali-G57 MP1,6,6,256,256,UFS,8.0,1,,No,,No,LED flash,1080p@30fps,5.0,No,,Yes,"Wi-Fi 802.11 a/b/g/n/ac, dual-band",No,5.0,Type-C,Yes,"GPS, GALILEO, GLONASS, BDS",Accelerometer,8000,10,,No,,,180.0,,,,,,,,"Black, Gray, Purple",,,,No
Doogee,Doogee Tab A9 Pro+,https://www.gsmarena.com/doogee_tab_a9_pro+-13912.php,https://fdn2.gsmarena.com/vv/bigpic/doogee-tab-a-9.jpg,No cellular connectivity,No,"2025, May","Available. Released 2025, May",257.3 x 168.8 x 8.1 mm (10.13 x 6.65 x 0.32 in),644.0,,,No,"IPS LCD, 90Hz",90,11.0,800x1280,138,79.6,Mohs level 5,Android 15,Unisoc T7200 (12 nm),12,Octa-core (2x1.6 GHz Cortex-A75 & 6x1.6 GHz Cortex-A55),Mali-G57 MP1,6,6,128,128,eMMC 5.1,13.0,1,,No,,No,LED flash,1080p@30fps,5.0,No,,Yes,"Wi-Fi 802.11 a/b/g/n/ac, dual-band",No,5.0,Type-C,Yes,No,Accelerometer,8580,10,,No,,,160.0,,,,,,,,"Black, Gray, Blue",,,,No
Doogee,Doogee Tab A9 Pro,https://www.gsmarena.com/doogee_tab_a9_pro-13911.php,https://fdn2.gsmarena.com/vv/bigpic/doogee-tab-a9-pro.jpg,No cellular connectivity,No,"2025, May","Available. Released 2025, May",242.5 x 160.9 x 9.7 mm (9.55 x 6.33 x 0.38 in),512.0,,,No,IPS LCD,,10.1,800x1280,149,75.8,Mohs level 5,Android 15,Unisoc T310 (12 nm),12,Quad-core (1x2.0 GHz Cortex-A75 & 3x1.8 GHz Cortex-A55),Mali-G52,4,4,128,128,eMMC 5.1,8.0,1,,No,,No,LED flash,1080p@30fps,5.0,No,,Yes,"Wi-Fi 802.11 a/b/g/n/ac, dual-band",No,5.0,Type-C,Yes,No,Accelerometer,6580,10,,No,,,130.0,,,,,,,,"Black, Gray, Blue",,,,No
Doogee,Doogee Tab A9+,https://www.gsmarena.com/doogee_tab_a9+-13910.php,https://fdn2.gsmarena.com/vv/bigpic/doogee-tab-a9-plus.jpg,No cellular connectivity,No,"2025, May","Available. Released 2025, May",257.3 x 168.8 x 8.1 mm (10.13 x 6.65 x 0.32 in),644.0,,,No,"IPS LCD, 90Hz",90,11.0,800x1280,137,80.8,Mohs level 5,Android 15,Unisoc T7200 (12 nm),12,Octa-core (2x1.6 GHz Cortex-A75 & 6x1.6 GHz Cortex-A55),Mali-G57 MP1,4,4,64,64,eMMC 5.1,13.0,1,,No,,No,LED flash,1080p@30fps,5.0,No,,Yes,"Wi-Fi 802.11 a/b/g/n/ac, dual-band",No,5.0,Type-C,Yes,No,Accelerometer,8580,10,,No,,,140.0,,,,,,,,"Black, Gray, Blue",,,,No
Doogee,Doogee Tab A9,https://www.gsmarena.com/doogee_tab_a9-13909.php,https://fdn2.gsmarena.com/vv/bigpic/doogee-tab-a-9.jpg,No cellular connectivity,No,"2025, May","Available. Released 2025, May",242.5 x 160.9 x 9.7 mm (9.55 x 6.33 x 0.38 in),512.0,,,No,IPS LCD,,10.1,800x1280,149,75.8,Mohs level 5,Android 15,Unisoc T310 (12 nm),12,Quad-core (1x2.0 GHz Cortex-A75 & 3x1.8 GHz Cortex-A55),Mali-G52,3,3,64,64,eMMC 5.1,8.0,1,,No,,No,LED flash,1080p@30fps,5.0,No,,Yes,"Wi-Fi 802.11 a/b/g/n/ac, dual-band",No,5.0,Type-C,Yes,No,Accelerometer,6580,10,,No,,,110.0,,,,,,,,"Black, Gray, Blue",,,,No
Doogee,Doogee Blade20 Play,https://www.gsmarena.com/doogee_blade20_play_5g-13902.php,https://fdn2.gsmarena.com/vv/bigpic/doogee-blade20-play.jpg,GSM / HSPA / LTE / 5G,Yes,"2025, May","Available. Released 2025, May",174 x 81.2 x 15.8 mm (6.85 x 3.20 x 0.62 in),362.0,,IP68,Nano-SIM + Nano-SIM,"IPS LCD, 90Hz",90,6.6,720x1612,267,74.1,Mohs level 6,Android 15,Mediatek Dimensity 7050 (6 nm),6,Octa-core (2x2.6 GHz Cortex-A78 & 6x2.0 GHz Cortex-A55),Mali-G68 MC4,8,8,256,256,UFS 3.1,50.0,2,1.8,No,1/2.5,Yes,"Dual-LED flash, HDR, panorama","4K@30fps, 1080p@30fps",16.0,No,,1080p@30fps,"Wi-Fi 802.11 a/b/g/n/ac/6, dual-band",Yes,5.2,Type-C,No,"GPS, GLONASS, BDS, GALILEO","Fingerprint (side-mounted), accelerometer, proximity, compass",10300,33,,No,,,270.0,,,,,,,,"Red, Silver",,,,FM radio
Doogee,Doogee Blade20 Turbo,https://www.gsmarena.com/doogee_blade20_turbo_5g-13901.php,https://fdn2.gsmarena.com/vv/bigpic/doogee-blade20-turbo-5g.jpg,GSM / HSPA / LTE / 5G,Yes,"2025, May","Available. Released 2025, May",174 x 81.2 x 15.8 mm (6.85 x 3.20 x 0.62 in),333.0,,IP68,Nano-SIM + Nano-SIM,"IPS LCD, 90Hz",90,6.6,720x1612,267,74.1,Mohs level 6,Android 15,Mediatek Dimensity 7050 (6 nm),6,Octa-core (2x2.6 GHz Cortex-A78 & 6x2.0 GHz Cortex-A55),Mali-G68 MC4,8,8,256,256,,50.0,2,1.8,No,1/2.5,Yes,"LED flash, HDR, panorama","4K@30fps, 1080p@30fps",16.0,No,,1080p@30fps,"Wi-Fi 802.11 a/b/g/n/ac/6, dual-band",Yes,5.2,Type-C,No,"GPS, GLONASS, BDS, GALILEO","Fingerprint (side-mounted), accelerometer, proximity, compass",10300,33,,No,,,290.0,,,,,,,,"Desert Titanium, Black",,,,FM radio
Doogee,Doogee Blade20 Ultra,https://www.gsmarena.com/doogee_blade20_ultra-13900.php,https://fdn2.gsmarena.com/vv/bigpic/doogee-blade20-ultra.jpg,GSM / HSPA / LTE,No,"2025, May","Available. Released 2025, May",174 x 81.2 x 15.8 mm (6.85 x 3.20 x 0.62 in),326.0,,IP68,Nano-SIM + Nano-SIM,"IPS LCD, 90Hz",90,6.6,720x1612,267,74.1,Mohs level 6,Android 14,Unisoc T7250 (12 nm),12,Octa-core (2x1.8 GHz Cortex-A75 & 6x1.6 GHz Cortex-A55),Mali-G57 MP1,8,8,512,512,,50.0,1,1.8,No,1/2.5,No,"Dual-LED flash, HDR, panorama",1080p@30fps,8.0,No,,720p@30fps,"Wi-Fi 802.11 a/b/g/n/ac, dual-band",Yes,5.0,Type-C,No,"GPS, GLONASS, BDS, GALILEO","Fingerprint (side-mounted), accelerometer, gyro, proximity, compass",10300,18,,No,,,230.0,,,,,,,,"Red, Silver",,,,FM radio
Doogee,Doogee Blade20,https://www.gsmarena.com/doogee_blade20-13899.php,https://fdn2.gsmarena.com/vv/bigpic/doogee-blade20.jpg,GSM / HSPA / LTE,No,"2025, May","Available. Released 2025, May",174 x 81.2 x 15.8 mm (6.85 x 3.20 x 0.62 in),327.0,,IP68,Nano-SIM + Nano-SIM,"IPS LCD, 90Hz",90,6.6,720x1612,267,74.1,Mohs level 6,Android 15,Unisoc T7200 (12 nm),12,Octa-core (2x1.6 GHz Cortex-A75 & 6x1.6 GHz Cortex-A55),Mali-G57 MP1,4,4,128,128,,16.0,2,,No,1/2.8,No,"LED flash, HDR, panorama",1080p@30fps,8.0,No,,720p@30fps,"Wi-Fi 802.11 a/b/g/n/ac, dual-band",Yes,5.0,Type-C,No,"GPS, GLONASS, BDS, GALILEO","Fingerprint (side-mounted), accelerometer, gyro, proximity, compass",10300,18,,No,,,200.0,,,,,,,,"Black, Purple, Natural",,,,FM radio
Doogee,Doogee Note59 Pro+,https://www.gsmarena.com/doogee_note59_pro+-13836.php,https://fdn2.gsmarena.com/vv/bigpic/doogee-n59-pro-plus.jpg,GSM / HSPA / LTE / 5G,Yes,"2025, April","Available. Released 2025, May",168 x 77.5 x 8.6 mm (6.61 x 3.05 x 0.34 in),199.0,,,Nano-SIM + Nano-SIM,"IPS LCD, 120Hz, 450 nits",120,6.75,720x1600,260,84.5,Panda Glass,Android 15,Unisoc T8200 (6 nm),6,Octa-core (2x2.3 GHz Cortex-A76 & 6x2.1 GHz Cortex-A55),Mali-G57 MC2,12,12,512,512,,50.0,1,1.8,No,1/2.5,Yes,"Dual-LED flash, HDR, panorama","4K@30fps, 1080p@30fps",8.0,No,,1080p@30fps,"Wi-Fi 802.11 a/b/g/n/ac, dual-band",Yes,5.0,Type-C,No,"GPS, GLONASS, BDS, GALILEO","Accelerometer, proximity, compass",6250,18,,No,,,,,,,,,,,"Black, Blue, White",,,,FM radio
Doogee,Doogee Note59 Pro,https://www.gsmarena.com/doogee_note59_pro-13835.php,https://fdn2.gsmarena.com/vv/bigpic/doogee-n59-pro.jpg,GSM / HSPA / LTE / 5G,Yes,"2025, April","Available. Released 2025, April",168 x 77.5 x 8.6 mm (6.61 x 3.05 x 0.34 in),199.0,,,Nano-SIM + Nano-SIM,"IPS LCD, 120Hz, 450 nits",120,6.75,720x1600,260,84.5,Panda Glass,Android 15,Unisoc T8200 (6 nm),6,Octa-core (2x2.3 GHz Cortex-A76 & 6x2.1 GHz Cortex-A55),Mali-G57 MC2,8,8,256,256,,50.0,1,1.8,No,1/2.5,Yes,"Dual-LED flash, HDR, panorama","4K@30fps, 1080p@30fps",8.0,No,,1080p@30fps,"Wi-Fi 802.11 a/b/g/n/ac, dual-band",Yes,5.0,Type-C,No,"GPS, GLONASS, BDS, GALILEO","Accelerometer, proximity, compass",6250,18,,No,,,180.0,,,,,,,,"Black, Blue, White",,,,FM radio
Doogee,Doogee Note 59,https://www.gsmarena.com/doogee_note_59-13834.php,https://fdn2.gsmarena.com/vv/bigpic/doogee-n59.jpg,GSM / HSPA / LTE / 5G,Yes,"2025, April","Available. Released 2025, April",168 x 77.5 x 8.6 mm (6.61 x 3.05 x 0.34 in),199.0,,,Nano-SIM + Nano-SIM,"IPS LCD, 120Hz, 450 nits",120,6.75,720x1600,260,84.5,Mohs level 6,Android 15,Unisoc T8200 (6 nm),6,Octa-core (2x2.3 GHz Cortex-A76 & 6x2.1 GHz Cortex-A55),Mali-G57 MC2,8,8,128,128,,16.0,1,1.8,No,1/2.8,Yes,"Dual-LED flash, HDR, panorama","4K@30fps, 1080p@30fps",8.0,No,,1080p@30fps,"Wi-Fi 802.11 a/b/g/n/ac, dual-band",Yes,5.0,Type-C,No,"GPS, GLONASS, BDS, GALILEO","Accelerometer, proximity, compass",6250,10,,No,,,,,,,,,,,"Black, Green, Gold",,,,FM radio
Doogee,Doogee V Max S,https://www.gsmarena.com/doogee_v_max_s-13833.php,https://fdn2.gsmarena.com/vv/bigpic/doogee-v-max-s.jpg,GSM / CDMA / HSPA / LTE / 5G,Yes,"2025, April","Available. Released 2025, May",178.5 x 83.1 x 26.3 mm (7.03 x 3.27 x 1.04 in),536.0,,IP68,Nano-SIM + Nano-SIM,"IPS LCD, 120Hz",120,6.58,1080x2408,401,70.3,Gorilla Glass 5,Android 14,Mediatek Dimensity 7050 (6 nm),6,Octa-core (2x2.6 GHz Cortex-A78 & 6x2.0 GHz Cortex-A55),Mali-G68 MC4,8,8,256,256,,108.0,3,1.9,No,1/1.67,Yes,"Dual-LED flash, HDR, panorama","4K@30fps, 1080p@30fps",16.0,No,,1080p@30fps,"Wi-Fi 802.11 a/b/g/n/ac/6, dual-band",Yes,5.2,Type-C,No,"GPS, GLONASS, GALILEO, BDS","Fingerprint (side-mounted), accelerometer, gyro, proximity, compass",22000,33,,No,,,290.0,,,,,,,,"Tarnish, Titanium",,,,FM radio
Doogee,Doogee U11 Pro,https://www.gsmarena.com/doogee_u11_pro-13832.php,https://fdn2.gsmarena.com/vv/bigpic/doogee-u11-pro.jpg,No cellular connectivity,No,"2025, April","Available. Released 2025, April",257.3 x 168.8 x 8.1 mm (10.13 x 6.65 x 0.32 in),537.0,,,No,"IPS LCD, 90Hz",90,11.0,800x1280,137,80.8,Mohs level 5,Android 15,Unisoc T7200 (12 nm),12,Octa-core (2x1.6 GHz Cortex-A75 & 6x1.6 GHz Cortex-A55),Mali-G57 MP1,6,6,256,256,eMMC 5.1,13.0,1,2.2,No,1/3.1,No,"LED flash, HDR",1080p@30fps,5.0,No,,720p@30fps,"Wi-Fi 802.11 a/b/g/n/ac, dual-band",No,5.0,Type-C,Yes,"GPS, GALILEO, GLONASS, BDS",Accelerometer,8580,10,,No,,,,,,,,,,,"Black, Blue, Gray",,,,FM radio
Doogee,Doogee Blade GT Ultra,https://www.gsmarena.com/doogee_blade_gt_ultra-13739.php,https://fdn2.gsmarena.com/vv/bigpic/doogee-blade-gt-ultra.jpg,GSM / HSPA / LTE / 5G,Yes,"2025, February","Available. Released 2025, February",178.5 x 83.5 x 10.5 mm (7.03 x 3.29 x 0.41 in),260.0,,IP68,Nano-SIM + Nano-SIM,"IPS LCD, 120Hz",120,6.72,1080x2400,392,73.1,Mohs level 6,Android 14,Mediatek Dimensity 7300 (4 nm),4,Octa-core (4x2.5 GHz Cortex-A78 & 4x2.0 GHz Cortex-A55),Mali-G615 MC2,16,16,512,512,,100.0,2,1.8,No,1/1.8,Yes,"LED flash, HDR, panorama","4K@30fps, 1080p@30fps, gyro-EIS",32.0,No,,1080p@30fps,"Wi-Fi 802.11 a/b/g/n/ac/6, dual-band",Yes,5.2,Type-C,No,"GPS, GLONASS, GALILEO, BDS","Fingerprint (side-mounted), accelerometer, gyro, proximity, compass",5500,33,,No,,,480.0,,,,,,,,"Black, Silver",,,,FM radio
Doogee,Doogee Fire 6 Max,https://www.gsmarena.com/doogee_fire_6_max-13740.php,https://fdn2.gsmarena.com/vv/bigpic/doogee-fire6-max.jpg,GSM / HSPA / LTE / 5G,Yes,"2025, March","Available. Released 2025, March",179.5 x 82.5 x 25.5 mm (7.07 x 3.25 x 1.00 in),529.0,,IP68,Nano-SIM + Nano-SIM,"IPS LCD, 120Hz",120,6.72,1080x2400,392,73.6,Mohs level 6,Android 14,Mediatek Dimensity 7050 (6 nm),6,Octa-core (2x2.6 GHz Cortex-A78 & 6x2.0 GHz Cortex-A55),Mali-G68 MC4,8,8,256,256,,50.0,4,1.8,No,1/2.5,Yes,"Dual-LED flash, HDR, panorama","4K@30fps, 1080p@30fps",16.0,No,,1080p@30fps,"Wi-Fi 802.11 a/b/g/n/ac/6, dual-band",Yes,5.2,Type-C,No,"GPS, GLONASS, BDS, GALILEO","Fingerprint (side-mounted), accelerometer, gyro, proximity, compass",20800,33,,No,,,440.0,,,,,,,,"Silver, Green",,,,FM radio
Doogee,Doogee S200 Plus,https://www.gsmarena.com/doogee_s200_plus-13741.php,https://fdn2.gsmarena.com/vv/bigpic/doogee-s200-plus.jpg,GSM / HSPA / LTE / 5G,Yes,"2025, March","Available. Released 2025, March",179.5 x 82.5 x 19.1 mm (7.07 x 3.25 x 0.75 in),379.0,,IP68,Nano-SIM + Nano-SIM,"IPS LCD, 120Hz",120,6.72,1080x2400,392,73.6,Mohs level 5,Android 14,Mediatek Dimensity 7300 (4 nm),4,Octa-core (4x2.5 GHz Cortex-A78 & 4x2.0 GHz Cortex-A55),Mali-G615 MC2,12,12,512,512,,100.0,3,1.8,No,1/1.8,Yes,"Dual-LED flash, HDR, panorama","4K@30fps, 1080p@30fps, gyro-EIS",32.0,No,,1080p@30fps,"Wi-Fi 802.11 a/b/g/n/ac/6e, dual-band",Yes,5.4,Type-C,No,"GPS, GLONASS, BDS, GALILEO","Fingerprint (side-mounted), accelerometer, gyro, proximity, compass",10100,33,,No,,,400.0,,,,,,,,"Black, Red, Gold",,,,FM radio
Doogee,Doogee S119,https://www.gsmarena.com/doogee_s119-13632.php,https://fdn2.gsmarena.com/vv/bigpic/doogee-s119.jpg,GSM / HSPA / LTE,No,"2025, January","Available. Released 2025, January",178.1 x 84.2 x 15.7 mm (7.01 x 3.31 x 0.62 in),368.0,,IP68,Nano-SIM + Nano-SIM,"IPS LCD, 120Hz",120,6.72,1080x2400,392,72.7,Mohs level 6,Android 14,Mediatek MT8788 (12 nm),12,Octa-core (4x2.0 GHz Cortex-A73 & 4x2.0 GHz Cortex-A53),Mali-G72 MP3,8,8,512,512,,100.0,3,1.8,No,,No,"Dual-LED flash, HDR, panorama",1080p@30fps,16.0,No,,1080p@30fps,"Wi-Fi 802.11 a/b/g/n/ac, dual-band",Yes,4.2,Type-C,No,"GPS, GLONASS, BDS, GALILEO","Fingerprint (side-mounted), accelerometer, gyro, proximity, compass",10200,33,,No,,,270.0,,,,,,,,"Red, Silver",,,,FM radio
Doogee,Doogee S118 Pro,https://www.gsmarena.com/doogee_s118_pro-13631.php,https://fdn2.gsmarena.com/vv/bigpic/doogee-s118-pro.jpg,GSM / CDMA / HSPA / LTE / 5G,Yes,"2025, January","Available. Released 2025, January",178.5 x 83.1 x 17.9 mm (7.03 x 3.27 x 0.70 in),376.0,,IP68,Nano-SIM + Nano-SIM,"IPS LCD, 120Hz",120,6.58,1080x2408,401,70.3,Gorilla Glass Victus,Android 14,Mediatek Dimensity 7050 (6 nm),6,Octa-core (2x2.6 GHz Cortex-A78 & 6x2.0 GHz Cortex-A55),Mali-G68 MC4,8,8,512,512,,108.0,3,1.9,No,,Yes,"Dual-LED flash, HDR, panorama","4K, 1080p",32.0,No,,1080p,"Wi-Fi 802.11 a/b/g/n/ac/6, dual-band",Yes,5.2,Type-C,No,"GPS, GLONASS, BDS, GALILEO","Fingerprint (side-mounted), accelerometer, gyro, proximity, compass",10800,33,,No,,,300.0,,,,,,,,"Black/Silver, Black/Red",,,,FM radio
Doogee,Doogee Blade GT,https://www.gsmarena.com/doogee_blade_gt-13596.php,https://fdn2.gsmarena.com/vv/bigpic/doogee-blade-gt.jpg,GSM / HSPA / LTE / 5G,Yes,"2024, December","Available. Released 2025, January",178.5 x 83.5 x 10.5 mm (7.03 x 3.29 x 0.41 in),260.0,,IP68,Nano-SIM + Nano-SIM,"IPS LCD, 120Hz",120,6.72,1080x2400,392,73.1,Mohs level 6,Android 14,Mediatek Dimensity 7050 (6 nm),6,Octa-core (2x2.6 GHz Cortex-A78 & 6x2.0 GHz Cortex-A55),Mali-G68 MC4,12,12,256,256,,48.0,2,1.8,Yes,,Yes,"LED flash, HDR, panorama","4K@30fps, 1080p@30fps, gyro-EIS",20.0,No,,1080p@30fps,"Wi-Fi 802.11 a/b/g/n/ac/6, dual-band",Yes,5.2,Type-C,No,"GPS, GLONASS, GALILEO, BDS","Fingerprint (side-mounted), accelerometer, gyro, proximity, compass",5500,18,,No,,,340.0,,,,,,,,"Black, Silver",,,,FM radio
Doogee,vivo S60 Vitality,https://www.gsmarena.com/vivo_s60_vitality_5g-14693.php,https://fdn2.gsmarena.com/vv/bigpic/vivo-s60-vitality-.jpg,GSM / HSPA / LTE / 5G,Yes,"2026, May 29","Coming soon. Exp. release 2026, June 3",157.5 x 74.3 x 7.9 mm (6.20 x 2.93 x 0.31 in),199.0,Glass,IP68,Nano-SIM + Nano-SIM,"AMOLED, 1B colors, HDR, 144Hz",144,6.59,1260x2750,459,90.7,,"Android 16, OriginOS 6",Mediatek Dimensity 7500 (4 nm),4,Octa-core (4x2.6 GHz Arm C1 Pro & 4x2.0 GHz Arm C1 Nano),Mali-G625 MC,8,12,256,512,UFS 4.1,50.0,2,1.9,Yes,1/1.56,Yes,"Ring-LED flash, panorama, HDR, color spectrum sensor","4K, 1080p, gyro-EIS",50.0,Yes,HDR,"4K, 1080p","Wi-Fi 802.11 a/b/g/n/ac/6, dual-band, Wi-Fi Direct",Yes,5.4,Type-C,No,"GPS (L1), BDS (B1I), GLONASS (G1), GALILEO (E1), QZSS (L1)","Fingerprint (under display, optical), accelerometer, compass, proximity",7200,90,,No,,,370.0,,,,,,,,"Starry Sea, Midsummer Night, Early Summer Green",V2572A,,,No
Doogee,vivo S60,https://www.gsmarena.com/vivo_s60_5g-14692.php,https://fdn2.gsmarena.com/vv/bigpic/vivo-s60-.jpg,GSM / HSPA / LTE / 5G,Yes,"2026, May 29","Coming soon. Exp. release 2026, June 3",157.5 x 74.3 x 7.9 mm (6.20 x 2.93 x 0.31 in),207.0,Glass,IP68,Nano-SIM + Nano-SIM,"AMOLED, 1B colors, HDR, 144Hz",144,6.59,1260x2750,459,90.7,,"Android 16, OriginOS 6",Qualcomm SM8635 Snapdragon 8s Gen 3 (4 nm),4,Octa-core (1x3.0 GHz Cortex-X4 & 4x2.8 GHz Cortex-A720 & 3x2.0 GHz Cortex-A520),Adreno 735,12,16,256,512,,50.0,3,1.8,Yes,1/1.56,Yes,"Ring-LED flash, panorama, HDR, color spectrum sensor","4K, 1080p, gyro-EIS",50.0,Yes,HDR,"4K, 1080p","Wi-Fi 802.11 a/b/g/n/ac/6, dual-band, Wi-Fi Direct",Yes,5.4,Type-C,No,"GPS (L1), BDS (B1I+B1C), GLONASS (G1), GALILEO (E1), QZSS (L1), A-GPS","Fingerprint (under display, ultrasonic), accelerometer, gyro, compass, proximity",7200,90,,No,,,560.0,,,,,,,,"Starry Sea, Early Summer Green, Midsummer Night",V2571A,,,No
Doogee,vivo T5,https://www.gsmarena.com/vivo_t5-14697.php,https://fdn2.gsmarena.com/vv/bigpic/vivo-t5-.jpg,GSM / HSPA / LTE,No,"2026, May 29","Available. Released 2026, May 29",166.6 x 78.4 x 8.4 mm (6.56 x 3.09 x 0.33 in),219.0,Glass,IP68,Nano-SIM + Nano-SIM,"IPS LCD, 120Hz, 1250 nits (HBM)",120,6.75,720x1570,256,85.3,,"Android 16, OriginOS 6",Qualcomm Snapdragon 6s 4G Gen 2 (6 nm),6,Octa-core (4x2.9 GHz Cortex-A73 & 4x1.9 GHz Cortex-A53),Adreno 610,8,8,256,256,UFS 3.1,50.0,2,2.0,No,,No,"LED flash, HDR, panorama",Yes,32.0,No,,Yes,"Wi-Fi 802.11 a/b/g/n/ac, dual-band",Yes,5.1,Type-C,No,"GPS, GALILEO, GLONASS, BDS, QZSS","Fingerprint (side-mounted), accelerometer, gyro, proximity, compass",7200,44,,No,,,290.0,,,,,,,,"Gold, Black",V2545,1.14 W/kg (head) 1.01 W/kg (body),,No
Doogee,ZTE nubia RedMagic 11S Pro,https://www.gsmarena.com/zte_nubia_redmagic_11s_pro_5g-14669.php,https://fdn2.gsmarena.com/vv/bigpic/zte-nubia-red-magic-11s-pro.jpg,GSM / HSPA / LTE / 5G,Yes,"2026, May 27","Coming soon. Exp. release 2026, June 09",163.8 x 76.5 x 8.9 mm (6.45 x 3.01 x 0.35 in),230.0,Glass,,Nano-SIM + Nano-SIM,"AMOLED, 1B colors, 144Hz, 2592Hz PWM, 1800 nits (peak)",144,6.85,1216x2688,431,90.7,Corning Gorilla Glass,"Android 16, Redmagic OS 11.5",Qualcomm SM8850-1-AD Snapdragon 8 Elite Gen 5 (3 nm),3,Octa-core (2x4.74 GHz Oryon V3 Phoenix L + 6x3.62 GHz Oryon V3 Phoenix M),Adreno 840 (1.3GHz),12,16,256,512,UFS 4.1 Pro,50.0,2,1.9,Yes,1/1.55,Yes,"LED flash, HDR, panorama","8K@30fps, 4K@30/60fps, 1080p@30/60/120/240fps",16.0,No,HDR,1080p@30/60fps,"Wi-Fi 802.11 a/b/g/n/ac/6e/7, tri-band, Wi-Fi Direct",Yes,5.4,Type-C,Yes,"GPS (L1+L5), GLONASS, BDS, GALILEO","Fingerprint (under display, ultrasonic), accelerometer, gyro, proximity, compass",7500,80,80,Yes,,,800.0,,,,,,,,"Nightfreeze (Black Transparent), Subzero (Silver Transparent)",,,,No
Doogee,Ulefone Tab A12 Pro,https://www.gsmarena.com/ulefone_tab_a12_pro-14695.php,https://fdn2.gsmarena.com/vv/bigpic/ulefone-tab-a12-pro.jpg,GSM / HSPA / LTE,No,"2026, May","Coming soon. Exp. release 2026, June 01",277.8 x 191.5 x 7.5 mm (10.94 x 7.54 x 0.30 in),610.0,,,Nano-SIM + Nano-SIM,"IPS LCD, 90Hz, 450 nits",90,12.2,2400x1600,236,83.3,Mohs level 4,Android 16,Unisoc T7300 (6 nm),6,Octa-core (2x2.2 GHz Cortex-A78 & 6x2.0 GHz Cortex-A55),Mali-G57 MP2,8,8,128,128,UFS 2.1,13.0,1,2.2,No,,No,"LED flash, HDR, panorama","1440p@30fps, 1080p@30fps",5.0,No,,Yes,"Wi-Fi 802.11 a/b/g/n/ac, dual-band",No,5.0,Type-C,No,"GPS, GLONASS, GALILEO, BDS","Accelerometer, proximity (accessories only)",9000,18,,No,,,,,,,,,,,Gray,,,,FM radio
Doogee,Xiaomi 17 Max,https://www.gsmarena.com/xiaomi_17_max_5g-14667.php,https://fdn2.gsmarena.com/vv/bigpic/xiaomi-17-max.jpg,GSM / HSPA / LTE / 5G,Yes,"2026, May 21","Available. Released 2026, May 21",162.9 x 77.6 x 8.2 mm (6.41 x 3.06 x 0.32 in),219.0,Glass,IP68,Nano-SIM + Nano-SIM,"LTPO AMOLED, 68B colors, PWM, 120Hz, Dolby Vision, HDR Vivid, HDR10+, 3500 nits (peak)",120,6.9,1200x2608,420,90.5,,"Android 16, HyperOS 3",Qualcomm SM8850-AC Snapdragon 8 Elite Gen 5 (3 nm),3,Octa-core (2x4.6 GHz Oryon V3 Phoenix L + 6x3.62 GHz Oryon V3 Phoenix M),Adreno 840,12,16,256,512,UFS 4.1,200.0,3,1.7,Yes,1/1.4,Yes,"Laser AF, color spectrum sensor, Leica lens, LED flash, HDR, panorama","8K@30fps (HDR), 4K@30/60fps (10-bit Dolby Vision HDR), 4K@120fps, 1080p@30/60/120/240/960fps, gyro-EIS",32.0,Yes,,"4K@30fps, 1080p@30/60fps, gyro-EIS","Wi-Fi 802.11 a/b/g/n/ac/6e/7, dual-band, Wi-Fi Direct",Yes,5.4,Type-C,No,"GPS (L1+L5), BDS (B1I+B1c+B2a), GALILEO (E1+E5a), QZSS (L1+L5), NavIC (L5), GLONASS","Fingerprint (under display, ultrasonic), accelerometer, proximity, gyro, compass, barometer",8000,100,50,Yes,,,610.0,,,,,,,,"Black, Blue, White",2605EPN8EC,,,No
Doogee,vivo Y600 Turbo,https://www.gsmarena.com/vivo_y600_turbo_5g-14687.php,https://fdn2.gsmarena.com/vv/bigpic/vivo-y600-turbo.jpg,GSM / HSPA / LTE / 5G,Yes,"2026, May 25","Available. Released 2026, May 27",163.7 x 76.2 x 8.3 mm (6.44 x 3.00 x 0.33 in),215.0,Glass,IP68,Nano-SIM + Nano-SIM,"AMOLED, 1B colors, 120Hz, 4320Hz PWM, HDR, 1000 nits, 2000 nits (HBM), 5000 nits (peak)",120,6.83,1260x2800,450,90.3,,"Android 16, OriginOS 6",Qualcomm SM7635-AC Snapdragon 7s Gen 4 (4 nm),4,Octa-core (1x2.7 GHz Cortex-A720 & 3x2.4 GHz Cortex-A720 & 4x1.8 GHz Cortex-A520),Adreno 810,8,12,256,512,UFS 3.1,50.0,2,1.8,No,,Yes,"LED flash, HDR, panorama","4K, 1080p, gyro-EIS",8.0,No,,"1080p@30fps, gyro-EIS","Wi-Fi 802.11 a/b/g/n/ac/6, dual-band",Yes,5.2,Type-C,No,"GPS (L1+L5), BDS (B1I+B1C+B2a), GALILEO (E1+E5a), QZSS (L1+L5), GLONASS","Fingerprint (under display, optical), accelerometer, gyro, proximity, compass",9020,90,,No,,,290.0,,,,,,,,"Gold, White, Blue",V2553A,,,No
Doogee,Ulefone Armor Mini 5,https://www.gsmarena.com/ulefone_armor_mini_5-14694.php,https://fdn2.gsmarena.com/vv/bigpic/ulefone-aromor-mini5.jpg,GSM / HSPA / LTE,No,"2026, May","Available. Released 2026, May",142 x 62 x 16.5 mm (5.59 x 2.44 x 0.65 in),170.0,,IP68,Nano-SIM + Nano-SIM,TFT LCD,,2.8,240x320,143,27.6,,Android 11 (Go edition),MT6739,,,,1,1,8,8,,0.3,1,,No,,No,LED flash,Yes,0.3,No,,,No,No,2.1,Type-C,Yes,No,No,2500,5,,No,,,90.0,,,,,,,,Black,,,,FM radio
Doogee,Honor 600e,https://www.gsmarena.com/honor_600e_5g-14688.php,https://fdn2.gsmarena.com/vv/bigpic/honor-600e.jpg,GSM / HSPA / LTE / 5G,Yes,"2026, May","Available. Released 2026, May",157.4 x 75.4 x 7.3 mm (6.20 x 2.97 x 0.29 in),180.0,Glass,IP66,Nano-SIM + Nano-SIM,"AMOLED, 1B colors, 120Hz, 3840Hz PWM, 800 nits (typ), 2000 nits (HBM), 6500 nits (peak)",120,6.6,1200x2600,434,90.1,Aluminosilicate glass,"Android 16, MagicOS 10",Mediatek Dimensity 7100 Elite (6 nm),6,Octa-core (4x2.4 GHz Cortex-A78 & 4x2.0 GHz Cortex-A55),Mali-G610 MC2,8,8,512,512,,108.0,2,1.8,No,1/1.67,No,"LED flash, HDR, panorama",1080p@30fps,16.0,No,,1080p@30fps,"Wi-Fi 802.11 a/b/g/n/ac, dual-band, Wi-Fi Direct",Yes,6.0,Type-C,No,"GPS, GLONASS, GALILEO, BDS","Fingerprint (under display, optical), accelerometer, compass, proximity (ultrasonic)",6520,45,,No,,,510.0,,,,,,,,"Velvet Gray, Desert Gold, Vital Green",LNA-NX3,,,Unspecified
Doogee,Xiaomi 17T Pro,https://www.gsmarena.com/xiaomi_17t_pro_5g-14651.php,https://fdn2.gsmarena.com/vv/bigpic/xiaomi-17t-pro-.jpg,GSM / HSPA / LTE / 5G,Yes,"2026, May 28","Available. Released 2026, May 28",162.2 x 77.5 x 8.3 mm,219.0,Glass,IP68,· Nano-SIM + Nano-SIM + eSIM + eSIM (max 2 at a time) · Nano-SIM + Nano-SIM,"AMOLED, 68B colors, 144Hz, 3840Hz PWM, Dolby Vision, HDR10+, 3500 nits (peak)",144,6.83,1280x2772,447,91.1,Gorilla Glass 7i,"Android 16, HyperOS 3",Mediatek Dimensity 9500 (3 nm),3,Octa-core (1x4.21 GHz C1-Ultra & 3x3.5 GHz C1-Premium & 4x2.7 GHz C1-Pro),Mali-G1 Ultra MC12,12,12,256,512,UFS 4.1,50.0,3,1.7,Yes,1/1.31,Yes,"Leica lens, Color spectrum sensor, Ultra HDR, LED flash, HDR, panorama","8K@30fps, 4K@30/60/120fps, 1080p@30/60/120/240/960fps, gyro-EIS, 10-bit Rec. 2020, HDR10+, Log",32.0,Yes,HDR,"4K@30fps, 1080p@30/60fps, HDR10+","Wi-Fi 802.11 a/b/g/n/ac/6e/7, dual-band, Wi-Fi Direct",Yes,6.0,Type-C,No,"GPS (L1+L5), BDS (B1I+B1C+B2a+B2b), GALILEO (E1+E5a+E5b), QZSS (L1+L5), NavIC (L5), GLONASS","Fingerprint (under display, optical), accelerometer, gyro, proximity, compass",7000,100,50,No,Active use score 21:41h,,999.9,799.0,,2795030,9766,6939,1069,-25.6,"Deep Blue, Deep Violet, Black",2602EPTC0G,,,No
Doogee,Xiaomi 17T,https://www.gsmarena.com/xiaomi_17t_5g-14652.php,https://fdn2.gsmarena.com/vv/bigpic/xiaomi-17t-.jpg,GSM / HSPA / LTE / 5G,Yes,"2026, May 28","Available. Released 2026, May 28",157.6 x 75.2 x 8.2 mm,200.0,Glass,IP68,· Nano-SIM + Nano-SIM + eSIM + eSIM (max 2 at a time) · Nano-SIM + Nano-SIM,"AMOLED, 68B colors, 120Hz, 3840Hz PWM, Dolby Vision, HDR10+, 3500 nits (peak)",120,6.59,1268x2756,460,89.8,Gorilla Glass 7i,"Android 16, HyperOS 3",Mediatek Dimensity 8500 Ultra (4 nm),4,Octa-core (1x3.4 GHz Cortex-A725 & 3x3.2 GHz Cortex-A725 & 4x2.2 GHz Cortex-A725),Mali-G720 MC8,12,12,256,512,UFS 4.1,50.0,3,1.7,Yes,1/1.55,Yes,"Leica lens, Color spectrum sensor, Ultra HDR, LED flash, HDR, panorama","4K@30/60fps, 1080p@30/60/120/240/960fps, gyro-EIS, 10-bit Rec. 2020, HDR10+, Log",32.0,Yes,HDR,"4K@30fps, 1080p@30/60fps, HDR10+","Wi-Fi 802.11 a/b/g/n/ac/6e, dual-band or tri-band, Wi-Fi Direct",Yes,6.0,Type-C,No,"GPS (L1+L5), BDS (B1I+B1c+B2a), GALILEO (E1+E5a), QZSS (L1+L5), NavIC (L5), GLONASS","Fingerprint (under display, optical), accelerometer, gyro, proximity, compass",6500,67,,No,Active use score 17:16h,,749.9,649.0,,1640834,6607,3563,1035,-24.6,"Violet, Blue, Opal White, Black","2602DPT53G, 2602DPT53I",,,No
Doogee,Xiaomi Watch S5,https://www.gsmarena.com/xiaomi_watch_s5-14696.php,https://fdn2.gsmarena.com/vv/bigpic/xiaomi-watch-s5-.jpg,HSPA / LTE,No,"2026, May 28","Available. Released 2026, May 28",46 x 46 x 11 mm (1.81 x 1.81 x 0.43 in),46.0,Ceramic,,eSIM (market/region dependent),"AMOLED, 1500 nits (HBM), 2500 nits (peak)",,1.48,480x480,459,,Drop-proof glass,Xiaomi HyperOS 3,,,,,,,,,,,,,No,,No,,,,No,,,No,Yes,5.4,No,No,"GPS (L1+L5), GLONASS, GALILEO, BDS, QZSS","Accelerometer, gyro, compass, barometer, heart rate, SpO2",815,,,No,,,180.0,,,,,,,,"Black, Silver, Ceramic Blue, Jungle Green, Beige (eSIM)","M2530W1, M2517W1",,,No
Doogee,Realme 16T,https://www.gsmarena.com/realme_16t_5g-14674.php,https://fdn2.gsmarena.com/vv/bigpic/realme-16t.jpg,GSM / HSPA / LTE / 5G,Yes,"2026, May 22","Available. Released 2026, May 26",166.4 x 78.2 x 8.8 mm (6.55 x 3.08 x 0.35 in),224.0,Glass,IP68,Nano-SIM + Nano-SIM,"AMOLED, 144Hz, 1200 nits (HBM)",144,6.81,720x1570,254,87.1,Panda-1681 glass,"Android 16, Realme UI 7.0",Mediatek Dimensity 6300 (6 nm),6,Octa-core (2x2.4 GHz Cortex-A76 & 6x2.0 GHz Cortex-A55),Mali-G57 MC2,6,8,128,256,UFS 2.2,50.0,2,1.8,No,1/2.93,No,"LED flash, HDR, panorama",1080p@30/60fps,16.0,No,,1080p@30fps,"Wi-Fi 802.11 a/b/g/n/ac, dual-band",No,5.3,Type-C,No,"GPS, GLONASS, GALILEO, BDS, QZSS","Fingerprint (side-mounted), accelerometer, proximity, compass",8000,45,,No,Active use score 22:43h,,270.0,,,438780,2016,385,,,"Starlight Red, Starlight Black, Aurora Green",RMX5268,,,No
Doogee,Honor 600,https://www.gsmarena.com/honor_600_5g-14605.php,https://fdn2.gsmarena.com/vv/bigpic/honor-600.jpg,GSM / HSPA / LTE / 5G,Yes,"2026, April 22","Available. Released 2026, May 18",156 x 74.7 x 7.8 mm (6.14 x 2.94 x 0.31 in),185.0,Glass,IP68,· Nano-SIM + eSIM · Nano-SIM + Nano-SIM + eSIM (max 2 at a time),"AMOLED, 1B colors, 120Hz, 3840Hz PWM, HDR Vivid, 8000 nits (peak)",120,6.57,1264x2728,458,91.2,Mohs level 4,"Android 16, up to 6 major Android upgrades, MagicOS 10",Qualcomm SM7750-AB Snapdragon 7 Gen 4 (4 nm),4,Octa-core (1x2.8 GHz Cortex-720 & 4x2.4 GHz Cortex-720 & 3x1.8 GHz Cortex-520),Adreno 722,8,12,128,512,,200.0,2,1.9,Yes,1/1.4,Yes,"Color spectrum sensor, LED flash, HDR, panorama","4K@30fps, 1080p@30/60fps, gyro-EIS, OIS",50.0,Yes,HDR,"4K@30fps, 1080p@30/60fps, gyro-EIS","Wi-Fi 802.11 a/b/g/n/ac/6/7, dual-band or tri-band, Wi-Fi Direct",Yes,5.4,Type-C,No,"GPS, GLONASS, GALILEO, BDS, QZSS, NavIC","Fingerprint (under display, optical), accelerometer, gyro, proximity (ultrasound), compass",7000,80,,No,Active use score 16:58h,505.77,487.49,399.0,,1087148,4090,1797,1749,-25.1,"Golden White, Black, Orange",VKJ-NX9,,,No
Doogee,Sony Xperia 1 VIII,https://www.gsmarena.com/sony_xperia_1_viii_5g-14660.php,https://fdn2.gsmarena.com/vv/bigpic/sony-xperia-1-viii.jpg,GSM / HSPA / LTE / 5G,Yes,"2026, May 13","Coming soon. Exp. release 2026, June 19",162 x 74 x 8.3 mm (6.38 x 2.91 x 0.33 in),200.0,Glass,IP65,Nano-SIM + eSIM + eSIM (max 2 at a time),"LTPO OLED, 1B colors, 120Hz, HDR BT.2020",120,6.5,1080x2340,396,86.5,Gorilla Glass Victus,"Android 16, up to 4 major Android upgrades",Qualcomm SM8850-AC Snapdragon 8 Elite Gen 5 (3 nm),3,Octa-core (2x4.6 GHz Oryon V3 Phoenix L + 6x3.62 GHz Oryon V3 Phoenix M),Adreno 840,12,16,256,512,UFS,48.0,3,1.9,Yes,1/1.35,Yes,"Zeiss optics, Zeiss T* lens coating, color spectrum sensor, LED flash, panorama, HDR, eye tracking","4K@24/30/60/120fps HDR, 1080p@30/60/120fps; 5-axis gyro-EIS, OIS",12.0,Yes,HDR,"4K@30/60fps, 1080p@30/60fps, 5-axis gyro-EIS","Wi-Fi 802.11 a/b/g/n/ac/6e/7, tri-band, Wi-Fi Direct, DLNA",Yes,6.0,Type-C,Yes,"GPS, GLONASS, BDS, GALILEO, QZSS","Fingerprint (side-mounted), accelerometer, gyro, proximity, barometer, compass",5000,30,15,Yes,Active use score 17:47h,,1499.0,1399.0,,2312684,9278,6962,1510,-25.5,"Graphite Black, Iolite Silver, Garnet Red, Native Gold","XQ-GE54, XQ-GE74, XQGE54, XQGE74, XQ-GE44, XQGE44, XQ-FS54, XQFS54, SO-51G",,,No
Doogee,Honor 600 Pro,https://www.gsmarena.com/honor_600_pro_5g-14604.php,https://fdn2.gsmarena.com/vv/bigpic/honor-600-pro.jpg,GSM / HSPA / LTE / 5G,Yes,"2026, April 22","Available. Released 2026, April 29",156 x 74.7 x 7.8 mm (6.14 x 2.94 x 0.31 in),195.0,Glass,IP68,· Nano-SIM + eSIM · Nano-SIM + Nano-SIM + eSIM (max 2 at a time),"AMOLED, 1B colors, 120Hz, 3840Hz PWM, HDR Vivid, 8000 nits (peak)",120,6.57,1264x2728,458,91.2,Mohs level 4,"Android 16, up to 6 major Android upgrades, MagicOS 10",Qualcomm SM8750-AB Snapdragon 8 Elite (3 nm),3,Octa-core (2x4.32 GHz Oryon V2 Phoenix L + 6x3.53 GHz Oryon V2 Phoenix M),Adreno 830 (1200 MHz),12,16,256,512,,200.0,3,1.9,Yes,1/1.4,Yes,"Color spectrum sensor, LED flash, HDR, panorama","4K@30/60fps, 1080p@30/60fps, gyro-EIS, OIS",50.0,Yes,HDR,"4K@30fps, 1080p@30/60fps, gyro-EIS","Wi-Fi 802.11 a/b/g/n/ac/6/7, dual-band or tri-band, Wi-Fi Direct",Yes,6.0,Type-C,No,"GPS, GLONASS, GALILEO, BDS, QZSS, NavIC","Fingerprint (under display, optical), accelerometer, gyro, proximity (ultrasound), compass",7000,80,50,No,Active use score 17:55h,835.34,,649.0,,2221352,7970,5309,1766,-24.8,"Golden White, Black, Orange",VKP-NX9,,,No
Doogee,Motorola Moto G87,https://www.gsmarena.com/motorola_moto_g87_5g-14644.php,https://fdn2.gsmarena.com/vv/bigpic/motorola-g87.jpg,GSM / HSPA / LTE / 5G,Yes,"2026, April 29","Available. Released 2026, May 15",164.5 x 77.3 x 7.3 mm (6.48 x 3.04 x 0.29 in),183.0,Glass,IP68,· Nano-SIM + eSIM · Nano-SIM + Nano-SIM,"AMOLED, 1B colors, 120Hz, HDR, 5000 nits (peak)",120,6.78,1272x2772,450,88.4,Gorilla Glass 7i,Android 16,Mediatek Dimensity 6400 (6 nm),6,Octa-core (2x2.5 GHz Cortex-A76 & 6x2.0 GHz Cortex-A55),Mali-G57 MC2,8,12,256,512,UFS 2.2,200.0,2,1.8,Yes,,No,"LED flash, HDR, panorama","1440p@30fps, 1080p@30/60fps",32.0,No,,"1440p@30fps, 1080p@30fps","Wi-Fi 802.11 a/b/g/n/ac, dual-band",Yes,5.4,Type-C,No,"GPS, GLONASS, GALILEO, BDS, QZSS","Fingerprint (under display, optical), accelerometer, gyro, proximity, compass",5200,30,,No,,,399.0,379.98,,,,,,,"Pantone: Overture, Blue Atoll",XT2621-6,,,No
Doogee,Motorola Moto G47,https://www.gsmarena.com/motorola_moto_g47-14645.php,https://fdn2.gsmarena.com/vv/bigpic/motorola-g47.jpg,GSM / HSPA / LTE / 5G,Yes,"2026, April 29","Available. Released 2026, May 15",166.2 x 76.5 x 7.8 mm (6.54 x 3.01 x 0.31 in),191.0,Glass,IP64,Nano-SIM + Nano-SIM,"IPS LCD, 120Hz",120,6.67,1080x2400,395,84.5,Gorilla Glass 7i,Android 16,Mediatek Dimensity 6300 (6 nm),6,Octa-core (2x2.4 GHz Cortex-A76 & 6x2.0 GHz Cortex-A55),Mali-G57 MC2,8,8,128,256,UFS 2.2,108.0,2,1.7,No,,No,"LED flash, HDR, panorama","1440p@30fps, 1080p@30/60fps",8.0,No,,"2K@30fps, 1080p@30/60fps","Wi-Fi 802.11 a/b/g/n/ac, dual-band",Yes,5.4,Type-C,Yes,"GPS, GLONASS, GALILEO, BDS, QZSS","Fingerprint (side-mounted), accelerometer, gyro, proximity, compass",5200,20,,No,,,319.0,,,,,,,,"PANTONE Impenetrable, Nautical Blue, Fuchsia Red",,,,FM radio
Doogee,Xiaomi 17T Pro,https://www.gsmarena.com/xiaomi_17t_pro-14651.php,https://fdn2.gsmarena.com/vv/bigpic/xiaomi-17t-pro-.jpg,GSM / HSPA / LTE / 5G,Yes,"2026, May 28","Available. Released 2026, May 28",162.2 x 77.5 x 8.3 mm,219.0,Glass,IP68,· Nano-SIM + Nano-SIM + eSIM + eSIM (max 2 at a time) · Nano-SIM + Nano-SIM,"AMOLED, 68B colors, 144Hz, 3840Hz PWM, Dolby Vision, HDR10+, 3500 nits (peak)",144,6.83,1280x2772,447,91.1,Gorilla Glass 7i,"Android 16, HyperOS 3",Mediatek Dimensity 9500 (3 nm),3,Octa-core (1x4.21 GHz C1-Ultra & 3x3.5 GHz C1-Premium & 4x2.7 GHz C1-Pro),Mali-G1 Ultra MC12,12,12,256,512,UFS 4.1,50.0,3,1.7,Yes,1/1.31,Yes,"Leica lens, Color spectrum sensor, Ultra HDR, LED flash, HDR, panorama","8K@30fps, 4K@30/60/120fps, 1080p@30/60/120/240/960fps, gyro-EIS, 10-bit Rec. 2020, HDR10+, Log",32.0,Yes,HDR,"4K@30fps, 1080p@30/60fps, HDR10+","Wi-Fi 802.11 a/b/g/n/ac/6e/7, dual-band, Wi-Fi Direct",Yes,6.0,Type-C,No,"GPS (L1+L5), BDS (B1I+B1C+B2a+B2b), GALILEO (E1+E5a+E5b), QZSS (L1+L5), NavIC (L5), GLONASS","Fingerprint (under display, optical), accelerometer, gyro, proximity, compass",7000,100,50,No,Active use score 21:41h,,999.9,799.0,,2795030,9766,6939,1069,-25.6,"Deep Blue, Deep Violet, Black",2602EPTC0G,,,No
Doogee,Samsung Galaxy A57,https://www.gsmarena.com/samsung_galaxy_a57-14379.php,https://fdn2.gsmarena.com/vv/bigpic/samsung-galaxy-a57.jpg,GSM / HSPA / LTE / 5G,Yes,"2026, March 25","Available. Released 2026, April 9",161.5 x 76.8 x 6.9 mm (6.36 x 3.02 x 0.27 in),179.0,Glass,IP68,· Nano-SIM + eSIM · Nano-SIM + Nano-SIM + eSIM + eSIM (max 2 at a time),"Super AMOLED+, 120Hz, HDR10+, 1200 nits (HBM), 1900 nits (peak)",120,6.7,1080x2340,385,88.8,Gorilla Glass Victus+,"Android 16, up to 6 major Android upgrades, One UI 8.5",Exynos 1680 (4 nm),4,Octa-core (1x2.9 GHz Cortex-720 & 4x2.6 GHz Cortex-720 & 3x1.95 GHz Cortex-520),Xclipse 550,8,12,128,512,UFS 3.1,50.0,3,1.8,Yes,1/1.56,Yes,"Best Face, LED flash, panorama, HDR","4K@30fps, 1080p@30/60fps, gyro-EIS",12.0,Yes,,"4K@30fps, 1080p@30/60fps, 10-bit HDR","Wi-Fi 802.11 a/b/g/n/ac/6e, dual-band or tri-band, Wi-Fi Direct",Yes,6.0,Type-C,No,"GPS, GALILEO, GLONASS, BDS, QZSS","Fingerprint (under display, optical), accelerometer, gyro, proximity, compass",5000,45,,No,Active use score 13:59h,489.99,347.0,529.0,46910,1001995,4411,1742,1309,-26.3,"Navy, Gray, Icyblue, Lilac","SM-A576B, SM-A576B/DS, SM-A576Q, SM-A576U1, SM-A576W, SM-A576Z, SM-A5760",0.85 W/kg (head) 1.20 W/kg (body),0.70 W/kg (head) 1.07 W/kg (body),No
Doogee,Xiaomi 17T,https://www.gsmarena.com/xiaomi_17t-14652.php,https://fdn2.gsmarena.com/vv/bigpic/xiaomi-17t-.jpg,GSM / HSPA / LTE / 5G,Yes,"2026, May 28","Available. Released 2026, May 28",157.6 x 75.2 x 8.2 mm,200.0,Glass,IP68,· Nano-SIM + Nano-SIM + eSIM + eSIM (max 2 at a time) · Nano-SIM + Nano-SIM,"AMOLED, 68B colors, 120Hz, 3840Hz PWM, Dolby Vision, HDR10+, 3500 nits (peak)",120,6.59,1268x2756,460,89.8,Gorilla Glass 7i,"Android 16, HyperOS 3",Mediatek Dimensity 8500 Ultra (4 nm),4,Octa-core (1x3.4 GHz Cortex-A725 & 3x3.2 GHz Cortex-A725 & 4x2.2 GHz Cortex-A725),Mali-G720 MC8,12,12,256,512,UFS 4.1,50.0,3,1.7,Yes,1/1.55,Yes,"Leica lens, Color spectrum sensor, Ultra HDR, LED flash, HDR, panorama","4K@30/60fps, 1080p@30/60/120/240/960fps, gyro-EIS, 10-bit Rec. 2020, HDR10+, Log",32.0,Yes,HDR,"4K@30fps, 1080p@30/60fps, HDR10+","Wi-Fi 802.11 a/b/g/n/ac/6e, dual-band or tri-band, Wi-Fi Direct",Yes,6.0,Type-C,No,"GPS (L1+L5), BDS (B1I+B1c+B2a), GALILEO (E1+E5a), QZSS (L1+L5), NavIC (L5), GLONASS","Fingerprint (under display, optical), accelerometer, gyro, proximity, compass",6500,67,,No,Active use score 17:16h,,749.9,649.0,,1640834,6607,3563,1035,-24.6,"Violet, Blue, Opal White, Black","2602DPT53G, 2602DPT53I",,,No
Doogee,Samsung Galaxy S26 Ultra,https://www.gsmarena.com/samsung_galaxy_s26_ultra-14320.php,https://fdn2.gsmarena.com/vv/bigpic/samsung-galaxy-s26-ultra-new.jpg,GSM / CDMA / HSPA / EVDO / LTE / 5G,Yes,"2026, February 25","Available. Released 2026, March 06",163.6 x 78.1 x 7.9 mm (6.44 x 3.07 x 0.31 in),214.0,Glass,IP68,· Nano-SIM + Nano-SIM + eSIM + eSIM (max 2 at a time) - INT · Nano-SIM + eSIM + eSIM (max 2 at a time) - USA · Nano-SIM + Nano-SIM - CN,"Dynamic LTPO AMOLED 2X, 120Hz, HDR10+, 2600 nits (peak)",120,6.9,1440x3120,500,90.7,"Corning Gorilla Armor 2, Mohs level 6","Android 16, up to 7 major Android upgrades, One UI 8.5",Qualcomm SM8850-1-AD Snapdragon 8 Elite Gen 5 (3 nm),3,Octa-core (2x4.74 GHz Oryon V3 Phoenix L + 6x3.62 GHz Oryon V3 Phoenix M),Adreno 840 (1.3GHz),12,16,256,512,UFS 4.X,200.0,4,1.4,Yes,1/1.3,Yes,"Laser AF, Best Face, Horizon Lock, LED flash, auto-HDR, panorama","8K@24/30fps, 4K@30/60/120fps, 1080p@30/60/120/240fps, 10-bit HDR, HDR10+, stereo sound rec., gyro-EIS",12.0,Yes,"HDR, HDR10+","4K@30/60fps, 1080p@30fps","Wi-Fi 802.11 a/b/g/n/ac/6e/7, tri-band, Wi-Fi Direct",Yes,6.0,Type-C,No,"GPS, GLONASS, BDS, GALILEO, QZSS","Fingerprint (under display, ultrasonic), accelerometer, gyro, proximity, compass, barometer",5000,60,25,Yes,Active use score 16:23h,1049.99,969.0,889.0,116990,2627986,11566,7744,1480,-25.9,"Cobalt Violet, Sky Blue, Black, White, Silver Shadow, Pink Gold","SM-S948B, SM-S948B/DS, SM-S948U, SM-S948U1, SM-S948W, SM-S948N, SM-S9480, SM-S948E, SM-S948E/DS",1.09 W/kg (head) 1.19 W/kg (body),1.28 W/kg (head) 1.35 W/kg (body),No
Doogee,Xiaomi 17 Max,https://www.gsmarena.com/xiaomi_17_max-14667.php,https://fdn2.gsmarena.com/vv/bigpic/xiaomi-17-max.jpg,GSM / HSPA / LTE / 5G,Yes,"2026, May 21","Available. Released 2026, May 21",162.9 x 77.6 x 8.2 mm (6.41 x 3.06 x 0.32 in),219.0,Glass,IP68,Nano-SIM + Nano-SIM,"LTPO AMOLED, 68B colors, PWM, 120Hz, Dolby Vision, HDR Vivid, HDR10+, 3500 nits (peak)",120,6.9,1200x2608,420,90.5,,"Android 16, HyperOS 3",Qualcomm SM8850-AC Snapdragon 8 Elite Gen 5 (3 nm),3,Octa-core (2x4.6 GHz Oryon V3 Phoenix L + 6x3.62 GHz Oryon V3 Phoenix M),Adreno 840,12,16,256,512,UFS 4.1,200.0,3,1.7,Yes,1/1.4,Yes,"Laser AF, color spectrum sensor, Leica lens, LED flash, HDR, panorama","8K@30fps (HDR), 4K@30/60fps (10-bit Dolby Vision HDR), 4K@120fps, 1080p@30/60/120/240/960fps, gyro-EIS",32.0,Yes,,"4K@30fps, 1080p@30/60fps, gyro-EIS","Wi-Fi 802.11 a/b/g/n/ac/6e/7, dual-band, Wi-Fi Direct",Yes,5.4,Type-C,No,"GPS (L1+L5), BDS (B1I+B1c+B2a), GALILEO (E1+E5a), QZSS (L1+L5), NavIC (L5), GLONASS","Fingerprint (under display, ultrasonic), accelerometer, proximity, gyro, compass, barometer",8000,100,50,Yes,,,610.0,,,,,,,,"Black, Blue, White",2605EPN8EC,,,No
Doogee,Samsung Galaxy A17,https://www.gsmarena.com/samsung_galaxy_a17-14041.php,https://fdn2.gsmarena.com/vv/bigpic/samsung-galaxy-a17-5g.jpg,GSM / HSPA / LTE / 5G,Yes,"2025, August 06","Available. Released 2025, August 14",164.4 x 77.9 x 7.5 mm (6.47 x 3.07 x 0.30 in),192.0,Glass,IP54,· Nano-SIM · Nano-SIM + eSIM · Nano-SIM + Nano-SIM,"Super AMOLED, 90Hz, 800 nits (HBM)",90,6.7,1080x2340,385,86.0,Gorilla Glass Victus,"Android 15, up to 6 major Android upgrades, One UI 7",Exynos 1330 (5 nm),5,Octa-core (2x2.4 GHz Cortex-A78 & 6x2.0 GHz Cortex-A55),Mali-G68 MP2,4,8,128,256,,50.0,3,1.8,Yes,1/2.76,No,"LED flash, panorama, HDR","1080p@30fps, gyro-EIS",13.0,No,,1080p@30fps,"Wi-Fi 802.11 a/b/g/n/ac, dual-band, Wi-Fi Direct",Yes,5.3,Type-C,No,"GPS, GALILEO, GLONASS, BDS, QZSS","Fingerprint (side-mounted), accelerometer, gyro, compass",5000,25,,No,Active use score 11:48h,99.88,149.99,114.99,18975,435787,2048,365,738,-26.4,"Black, Gray, Blue","SM-A176B, SM-A176B/DS",,0.67 W/kg (head) 0.97 W/kg (body),No
Doogee,Apple iPhone 17 Pro Max,https://www.gsmarena.com/apple_iphone_17_pro_max-13964.php,https://fdn2.gsmarena.com/vv/bigpic/apple-iphone-17-pro-max.jpg,GSM / CDMA / HSPA / EVDO / LTE / 5G,Yes,"2025, September 09","Available. Released 2025, September 19",163.4 x 78 x 8.8 mm (6.43 x 3.07 x 0.35 in),233.0,Ceramic,IP68,"· Nano-SIM + eSIM + eSIM (max 2 at a time; International) · eSIM + eSIM (8 or more, max 2 at a time; USA) · Nano-SIM + Nano-SIM (China)","LTPO Super Retina XDR OLED, 120Hz, HDR10, Dolby Vision, 1000 nits (typ), 1600 nits (HBM), 3000 nits (peak)",120,6.9,1320x2868,460,90.7,Ceramic Shield 2,"iOS 26, upgradable to iOS 26.5",Apple A19 Pro (3 nm),3,Hexa-core (2x4.26 GHz + 4x2.60 GHz),Apple GPU (6-core graphics),12,12,256,512,NVMe,48.0,3,1.8,Yes,1/1.28,Yes,"Dual-LED dual-tone flash, HDR (photo/panorama)","4K@24/25/30/60/100/120fps, 1080p@25/30/60/120/240fps, 10-bit HDR, Dolby Vision HDR (up to 120fps), ProRes, ProRes RAW (up to 120fps), Apple Log 2, 3D (spatial) video/audio, stereo sound rec.",18.0,Yes,"HDR, Dolby Vision HDR, 3D (spatial) audio, stereo sound rec., ProRes RAW, Apple Log 2","4K@24/25/30/60fps, 1080p@25/30/60/120fps, gyro-EIS","Wi-Fi 802.11 a/b/g/n/ac/6e/7, tri-band, hotspot",Yes,6.0,Type-C,No,"GPS (L1+L5), GLONASS, GALILEO, BDS, QZSS, NavIC","Face ID, accelerometer, gyro, proximity, compass, barometer",4823,25,25,No,Active use score 17:58h,985.0,1176.59,1038.99,149900,2600583,10118,6010,1000,-26.2,"Silver, Cosmic Orange, Deep Blue","iPhone18,2, A3526, A3257, A3527, A3525",1.19 W/kg (head) 1.19 W/kg (body),1.49 W/kg (head) 1.49 W/kg (body),No
Doogee,Xiaomi Redmi Note 15,https://www.gsmarena.com/xiaomi_redmi_note_15-14328.php,https://fdn2.gsmarena.com/vv/bigpic/xiaomi-redmi-note-15-global.jpg,GSM / HSPA / LTE / 5G,Yes,"2025, December 18","Available. Released 2026, January 06",164 x 75.4 x 7.4 mm (6.46 x 2.97 x 0.29 in),178.0,Glass,IP66,Nano-SIM + Nano-SIM,"AMOLED, 68B colors, 120Hz, 3840Hz PWM, HDR10+, 800 nits (typ), 3200 nits (peak)",120,6.77,1080x2392,388,89.7,"Scratch/drop-resistant glass, Mohs level","Android 15, up to 4 major Android upgrades, HyperOS 2",Qualcomm SM6475-AB Snapdragon 6 Gen 3 (4 nm),4,Octa-core (4x2.4 GHz Cortex-A78 & 4x1.8 GHz Cortex-A55),Adreno 710,6,12,128,512,UFS 2.2,108.0,2,1.7,Yes,1/1.67,Yes,"LED flash, HDR, panorama","4K@30fps, 1080p@30fps, gyro-EIS, OIS",20.0,No,,1080p@30fps,"Wi-Fi 802.11 a/b/g/n/ac, dual-band, Wi-Fi Direct",Yes,5.1,Type-C,No,"GPS, GLONASS, BDS, GALILEO","Fingerprint (under display, optical), accelerometer, gyro, compass",5520,45,,No,Active use score 14:12h,252.5,193.03,189.0,21418,637266,2958,861,1524,-23.4,"Black, Glacier Blue, Mist Purple","25096RA9BG, 25098RA98G",,1.00 W/kg (head) 0.99 W/kg (body),No
Doogee,Sony Xperia 1 VIII,https://www.gsmarena.com/sony_xperia_1_viii-14660.php,https://fdn2.gsmarena.com/vv/bigpic/sony-xperia-1-viii.jpg,GSM / HSPA / LTE / 5G,Yes,"2026, May 13","Coming soon. Exp. release 2026, June 19",162 x 74 x 8.3 mm (6.38 x 2.91 x 0.33 in),200.0,Glass,IP65,Nano-SIM + eSIM + eSIM (max 2 at a time),"LTPO OLED, 1B colors, 120Hz, HDR BT.2020",120,6.5,1080x2340,396,86.5,Gorilla Glass Victus,"Android 16, up to 4 major Android upgrades",Qualcomm SM8850-AC Snapdragon 8 Elite Gen 5 (3 nm),3,Octa-core (2x4.6 GHz Oryon V3 Phoenix L + 6x3.62 GHz Oryon V3 Phoenix M),Adreno 840,12,16,256,512,UFS,48.0,3,1.9,Yes,1/1.35,Yes,"Zeiss optics, Zeiss T* lens coating, color spectrum sensor, LED flash, panorama, HDR, eye tracking","4K@24/30/60/120fps HDR, 1080p@30/60/120fps; 5-axis gyro-EIS, OIS",12.0,Yes,HDR,"4K@30/60fps, 1080p@30/60fps, 5-axis gyro-EIS","Wi-Fi 802.11 a/b/g/n/ac/6e/7, tri-band, Wi-Fi Direct, DLNA",Yes,6.0,Type-C,Yes,"GPS, GLONASS, BDS, GALILEO, QZSS","Fingerprint (side-mounted), accelerometer, gyro, proximity, barometer, compass",5000,30,15,Yes,Active use score 17:47h,,1499.0,1399.0,,2312684,9278,6962,1510,-25.5,"Graphite Black, Iolite Silver, Garnet Red, Native Gold","XQ-GE54, XQ-GE74, XQGE54, XQGE74, XQ-GE44, XQGE44, XQ-FS54, XQFS54, SO-51G",,,No
Doogee,Honor 600 Pro,https://www.gsmarena.com/honor_600_pro-14604.php,https://fdn2.gsmarena.com/vv/bigpic/honor-600-pro.jpg,GSM / HSPA / LTE / 5G,Yes,"2026, April 22","Available. Released 2026, April 29",156 x 74.7 x 7.8 mm (6.14 x 2.94 x 0.31 in),195.0,Glass,IP68,· Nano-SIM + eSIM · Nano-SIM + Nano-SIM + eSIM (max 2 at a time),"AMOLED, 1B colors, 120Hz, 3840Hz PWM, HDR Vivid, 8000 nits (peak)",120,6.57,1264x2728,458,91.2,Mohs level 4,"Android 16, up to 6 major Android upgrades, MagicOS 10",Qualcomm SM8750-AB Snapdragon 8 Elite (3 nm),3,Octa-core (2x4.32 GHz Oryon V2 Phoenix L + 6x3.53 GHz Oryon V2 Phoenix M),Adreno 830 (1200 MHz),12,16,256,512,,200.0,3,1.9,Yes,1/1.4,Yes,"Color spectrum sensor, LED flash, HDR, panorama","4K@30/60fps, 1080p@30/60fps, gyro-EIS, OIS",50.0,Yes,HDR,"4K@30fps, 1080p@30/60fps, gyro-EIS","Wi-Fi 802.11 a/b/g/n/ac/6/7, dual-band or tri-band, Wi-Fi Direct",Yes,6.0,Type-C,No,"GPS, GLONASS, GALILEO, BDS, QZSS, NavIC","Fingerprint (under display, optical), accelerometer, gyro, proximity (ultrasound), compass",7000,80,50,No,Active use score 17:55h,835.34,,649.0,,2221352,7970,5309,1766,-24.8,"Golden White, Black, Orange",VKP-NX9,,,No
Doogee,Samsung Galaxy A56,https://www.gsmarena.com/samsung_galaxy_a56-13603.php,https://fdn2.gsmarena.com/vv/bigpic/samsung-galaxy-a56-.jpg,GSM / HSPA / LTE / 5G,Yes,"2025, March 02","Available. Released 2025, March 10",162.2 x 77.5 x 7.4 mm (6.39 x 3.05 x 0.29 in),198.0,Glass,IP67,· Nano-SIM + eSIM · Nano-SIM + Nano-SIM + eSIM + eSIM (max 2 at a time),"Super AMOLED, 120Hz, HDR10+, 1200 nits (HBM), 1900 nits (peak)",120,6.7,1080x2340,385,87.7,Gorilla Glass Victus+,"Android 15, up to 6 major Android upgrades, One UI 8.5",Exynos 1580 (4 nm),4,Octa-core (1x2.9 GHz Cortex-A720 & 3x2.6 GHz Cortex-A720 & 4x1.9 GHz Cortex-A520),Xclipse 540,6,12,128,256,UFS 3.1,50.0,3,1.8,Yes,1/1.56,Yes,"Best Face, LED flash, panorama, HDR","4K@30fps, 1080p@30/60fps, gyro-EIS",12.0,Yes,,"4K@30fps, 1080p@30fps, 1080p@60fps (regional availability), 10-bit HDR","Wi-Fi 802.11 a/b/g/n/ac/6, dual-band, Wi-Fi Direct",Yes,5.3,Type-C,No,"GPS, GALILEO, GLONASS, BDS, QZSS","Fingerprint (under display, optical), accelerometer, gyro, compass",5000,45,,No,Active use score 12:08h,359.5,309.0,267.98,42999,908689,3899,1332,1213,-26.2,"Pink, Olive, Graphite, Lightgray","SM-A566V, SM-A566B, SM-A566B/DS, SM-A566E, SM-A566E/DS, SM-A5660, SM-A566U, SM-A566U1, SM-A566W, SM-A566S",1.32 W/kg (head),0.61 W/kg (head) 1.05 W/kg (body),No
Doogee,Xiaomi 15 Ultra,https://www.gsmarena.com/xiaomi_15_ultra-13657.php,https://fdn2.gsmarena.com/vv/bigpic/xiaomi-15-ultra-.jpg,GSM / HSPA / LTE / 5G,Yes,"2025, February 27","Available. Released 2025, February 27",161.3 x 75.3 x 9.4 mm (6.35 x 2.96 x 0.37 in),226.0,Glass,IP68,· Nano-SIM + Nano-SIM · Nano-SIM + Nano-SIM + eSIM + eSIM (max 2 at a time),"LTPO AMOLED, 68B colors, 120Hz, 1920Hz PWM, Dolby Vision, HDR10+, HDR Vivid, 3200 nits (peak)",120,6.73,1440x3200,522,89.7,"Xiaomi Shield Glass 2.0, Mohs level 6","Android 15, up to 4 major Android upgrades, HyperOS 3",Qualcomm SM8750-AB Snapdragon 8 Elite (3 nm),3,Octa-core (2x4.32 GHz Oryon V2 Phoenix L + 6x3.53 GHz Oryon V2 Phoenix M),Adreno 830,12,16,256,512,UFS 4.1,50.0,4,1.6,Yes,1/2.51,Yes,"Laser AF, color spectrum sensor, Leica lenses, Dual-LED flash, HDR, panorama, 67mm filter ring holder (optional)","8K@30fps, 4K@30/60/120fps, 1080p@30/60/120/240/480/960/1920fps, gyro-EIS, Dolby Vision HDR 10-bit rec. (4K@60fps, 1080p)",32.0,Yes,"HDR, panorama","4K@30/60fps, 1080p@30/60fps, gyro-EIS","Wi-Fi 802.11 a/b/g/n/ac/6e/7, dual-band or tri-band, Wi-Fi Direct",Yes,6.0,Type-C,No,"GPS (L1+L5), BDS (B1I+B1c+B2a), GALILEO (E1+E5a), QZSS (L1+L5), NavIC (L5), GLONASS","Fingerprint (under display, ultrasonic), accelerometer, proximity, gyro, compass, barometer",5410,90,80,Yes,Active use score 16:13h,,776.09,1295.0,,,,,,-24.1,"Black, White, Silver Chrome, Green",25010PN30G,,1.00 W/kg (head) 1.00 W/kg (body),No
Doogee,Xiaomi Poco X7 Pro,https://www.gsmarena.com/xiaomi_poco_x7_pro-13582.php,https://fdn2.gsmarena.com/vv/bigpic/xiaomi-poco-x7-pro.jpg,GSM / HSPA / LTE / 5G,Yes,"2025, January 09","Available. Released 2025, January 09",160.8 x 75.2 x 8.3 mm (6.33 x 2.96 x 0.33 in),195.0,Glass,IP68,Nano-SIM + Nano-SIM,"AMOLED, 68B colors, 120Hz, 1920Hz PWM, Dolby Vision, HDR10+, 1400 nits (HBM), 3200 nits (peak)",120,6.67,1220x2712,446,88.8,Gorilla Glass 7i,"Android 15, HyperOS 2",Mediatek Dimensity 8400 Ultra (4 nm),4,Octa-core (1x3.25 GHz Cortex-A725 & 3x3.0 GHz Cortex-A725 & 4x2.1 GHz Cortex-A725),Mali-G720 MC7,8,12,256,512,UFS 4.0,50.0,2,1.5,Yes,1/1.95,Yes,"LED flash, HDR, panorama","4K@24/30/60fps, 1080p@30/60/120/240/960fps, HDR10+, gyro-EIS, OIS",20.0,No,,1080p@30fps,"Wi-Fi 802.11 a/b/g/n/ac/6, dual-band, Wi-Fi Direct",Yes,5.4,Type-C,No,"GPS (L1+L5), GLONASS (G1), BDS (B1I+B1c+B2a), GALILEO (E1+E5a), NavIC (L5)","Fingerprint (under display, optical), accelerometer, gyro, proximity, compass",6000,90,,No,Active use score 12:43h,374.0,319.0,278.9,30949,1568331,6311,3880,1265,-24.7,"Black/Yellow, White, Green, Red (Iron Man Edition)","2412DPC0AG, 2412DPC0AI",1.09 W/kg (head) 1.08 W/kg (body),0.99 W/kg (head) 0.99 W/kg (body),No
Doogee,Xiaomi 17 Pro Max,https://www.gsmarena.com/xiaomi_17_pro_max-14181.php,https://fdn2.gsmarena.com/vv/bigpic/xiaomi-17-pro-max.jpg,GSM / HSPA / LTE / 5G,Yes,"2025, September 25","Available. Released 2025, September 25",162.9 x 77.6 x 8 mm (6.41 x 3.06 x 0.31 in),219.0,Glass,IP68,Nano-SIM + Nano-SIM,"LTPO AMOLED, 68B colors, 2160Hz PWM, 120Hz, Dolby Vision, HDR Vivid, HDR10+, 3500 nits (peak)",160,6.9,1200x2608,416,92.3,Xiaomi Dragon Crystal Glass 3,"Android 16, HyperOS 3",Qualcomm SM8850-AC Snapdragon 8 Elite Gen 5 (3 nm),3,Octa-core (2x4.6 GHz Oryon V3 Phoenix L + 6x3.62 GHz Oryon V3 Phoenix M),Adreno 840,12,16,512,512,UFS 4.1,50.0,3,1.7,Yes,1/1.28,Yes,"Laser AF, color spectrum sensor, Leica lens, Dual-LED dual-tone flash, HDR, panorama","8K@30fps (HDR), 4K@30/60/120fps (HDR10+, 10-bit Dolby Vision HDR, 10-bit LOG), 1080p@30/60/120/240/960fps, 720p@1920fps, gyro-EIS",50.0,Yes,"HDR, panorama","4K@30/60fps, 1080p@30/60fps, HDR10+, gyro-EIS","Wi-Fi 802.11 a/b/g/n/ac/6e/7, dual-band, Wi-Fi Direct",Yes,5.4,Type-C,No,"GPS (L1+L5), BDS (B1I+B1c+B2a), GALILEO (E1+E5a), QZSS (L1+L5), NavIC (L5), GLONASS","Fingerprint (under display, ultrasonic), accelerometer, proximity, gyro, compass, barometer",7500,100,50,Yes,Active use score 20:50h,,720.0,,,2456317,10600,6761,1026,-26.1,"Black, White, Purple, Green",2509FPN0BC,,,No
Doogee,OnePlus 15,https://www.gsmarena.com/oneplus_15-14206.php,https://fdn2.gsmarena.com/vv/bigpic/oneplus-15.jpg,GSM / HSPA / LTE / 5G,Yes,"2025, October 27","Available. Released 2025, October 28",161.4 x 76.7 x 8.1 mm (6.35 x 3.02 x 0.32 in),211.0,Glass,IP68,· Nano-SIM + Nano-SIM + eSIM (max 2 at a time) · Nano-SIM + Nano-SIM,"LTPO AMOLED, 1B colors, 165Hz, PWM, Dolby Vision, HDR10+, HDR Vivid, 800 nits (typ), 1800 nits (HBM)",165,6.78,1272x2772,450,90.8,Gorilla Glass Victus,"Android 16, OxygenOS 16 (Global), ColorOS 16 (China)",Qualcomm SM8850-AC Snapdragon 8 Elite Gen 5 (3 nm),3,Octa-core (2x4.6 GHz Oryon V3 Phoenix L + 6x3.62 GHz Oryon V3 Phoenix M),Adreno 840,12,16,256,512,UFS 4.1,50.0,3,1.8,Yes,1/1.56,Yes,"Laser focus, color spectrum sensor, LED flash, HDR, panorama, LUT preview","8K@30fps, 4K@30/60/120fps, 1080p@30/60/240fps, Auto HDR, gyro-EIS, Dolby Vision, LUT",32.0,Yes,"HDR, panorama","4K@30/60fps, 1080p@30/60fps, gyro-EIS, HDR","Wi-Fi 802.11 a/b/g/n/ac/6/7, dual or tri-band, Wi-Fi Direct",Yes,6.0,Type-C,No,"GPS (L1+L5), GLONASS (G1), BDS (B1I+B1c+B2a), GALILEO (E1+E5a), QZSS (L1+L5), NavIC (L5)","Fingerprint (under display, ultrasonic), accelerometer, proximity, gyro (UAV-grade), compass, barometer (exc. China)",7300,120,50,Yes,Active use score 23:07h,729.95,780.9,819.0,77999,2790237,11062,7370,1364,-24.8,"Infinite Black, Ultra Violet, Sand Storm","CPH2747, CPH2745, PLK110, CPH2749",1.17 W/kg (head) 1.00 W/kg (body),,No
Doogee,Samsung Galaxy S25,https://www.gsmarena.com/samsung_galaxy_s25-13610.php,https://fdn2.gsmarena.com/vv/bigpic/samsung-galaxy-s25-sm-s931.jpg,GSM / CDMA / HSPA / EVDO / LTE / 5G,Yes,"2025, January 22","Available. Released 2025, February 03",146.9 x 70.5 x 7.2 mm (5.78 x 2.78 x 0.28 in),162.0,Glass,IP68,· Nano-SIM + Nano-SIM + eSIM + eSIM (max 2 at a time) - INT · Nano-SIM + eSIM + eSIM (max 2 at a time) - USA · Nano-SIM + Nano-SIM - CN,"Dynamic LTPO AMOLED 2X, 120Hz, HDR10+, 2600 nits (peak)",120,6.2,1080x2340,416,91.1,Gorilla Glass Victus,"Android 15, up to 7 major Android upgrades, One UI 8",Qualcomm SM8750-AC Snapdragon 8 Elite (3 nm),3,Octa-core (2x4.47 GHz Oryon V2 Phoenix L + 6x3.53 GHz Oryon V2 Phoenix M),Adreno 830 (1200 MHz),12,12,128,512,UFS 4.0,50.0,3,1.8,Yes,1/1.56,Yes,"Best Face, LED flash, auto-HDR, panorama","8K@24/30fps, 4K@30/60fps, 1080p@30/60/120/240fps, 10-bit HDR, HDR10+, stereo sound rec., gyro-EIS",12.0,Yes,"HDR, HDR10+","4K@30/60fps, 1080p@30fps","Wi-Fi 802.11 a/b/g/n/ac/6e/7, tri-band, Wi-Fi Direct",Yes,5.4,Type-C,No,"GPS, GLONASS, BDS, GALILEO, QZSS","Fingerprint (under display, ultrasonic), accelerometer, gyro, proximity, compass, barometer",4000,25,15,Yes,Active use score 13:09h,438.65,449.99,420.96,74999,2193701,10050,6755,1395,-26.1,"Icy Blue, Mint, Navy, Silver Shadow, Pink Gold, Coral Red, Blue Black","SM-S931B, SM-S931B/DS, SM-S931U, SM-S931U1, SM-S931W, SM-S931N, SM-S9310, SM-S931E, SM-S931E/DS",1.13 W/kg (head) 0.92 W/kg (body),1.29 W/kg (head) 1.36 W/kg (body),No
Doogee,Xiaomi 17 Ultra,https://www.gsmarena.com/xiaomi_17_ultra-14380.php,https://fdn2.gsmarena.com/vv/bigpic/xiaomi-17-ultra-global.jpg,GSM / HSPA / LTE / 5G,Yes,"2026, February 28","Available. Released 2026, March 10",162.9 x 77.6 x 8.3 mm (6.41 x 3.06 x 0.33 in),218.4,Glass,IP68,Nano-SIM + Nano-SIM + eSIM + eSIM + eSIM (max 2 at a time),"LTPO AMOLED, 68B colors, 120Hz, 2160Hz PWM, Dolby Vision, HDR10+, 3500 nits (peak)",120,6.9,1200x2608,416,92.3,Xiaomi Shield Glass 3.0,"Android 16, HyperOS 3",Qualcomm SM8850-AC Snapdragon 8 Elite Gen 5 (3 nm),3,Octa-core (2x4.6 GHz Oryon V3 Phoenix L + 6x3.62 GHz Oryon V3 Phoenix M),Adreno 840,16,16,512,512,UFS 4.1,50.0,3,1.7,Yes,1/1.4,Yes,"Laser AF, color spectrum sensor, Leica lenses, Dual-LED flash, HDR, panorama","8K@30fps, 4K@30/60/120fps, 1080p@30/60/120/240/480/960/1920fps, gyro-EIS, Dolby Vision HDR 10-bit rec. (4K@60fps, 1080p)",50.0,Yes,"HDR, panorama","4K@30/60fps, 1080p@30/60/120fps, gyro-EIS","Wi-Fi 802.11 a/b/g/n/ac/6e/7, dual-band or tri-band, Wi-Fi Direct",Yes,6.0,Type-C,No,"GPS (L1+L5), BDS (B1I+B1c+B2a), GALILEO (E1+E5a), QZSS (L1+L5), NavIC (L5), GLONASS","Fingerprint (under display, ultrasonic), accelerometer, proximity, gyro, compass, barometer",6000,90,50,Yes,Active use score 19:09h,,1249.0,1245.64,139997,2777490,10896,6948,1132,-24.1,"Black, White, Starlit Green","25128PNA1G, 2512BPNDAG",,,No
Doogee,Oppo Find X9 Pro,https://www.gsmarena.com/oppo_find_x9_pro-14094.php,https://fdn2.gsmarena.com/vv/bigpic/oppo-find-x9-pro.jpg,GSM / HSPA / LTE / 5G,Yes,"2025, October 16","Available. Released 2025, October 22",161.3 x 76.5 x 8.3 mm (6.35 x 3.01 x 0.33 in),224.0,Glass,IP68,· Nano-SIM + eSIM · Nano-SIM + Nano-SIM,"LTPO AMOLED, 1B colors, 120Hz, 2160Hz PWM, Dolby Vision, HDR10+, HDR Vivid, 800 nits (typ), 1800 nits (HBM), 3600 nits (peak)",120,6.78,1272x2772,450,91.1,Gorilla Glass Victus,"Android 16, up to 5 major Android upgrades, ColorOS 16",Mediatek Dimensity 9500 (3 nm),3,Octa-core (1x4.21 GHz C1-Ultra & 3x3.5 GHz C1-Premium & 4x2.7 GHz C1-Pro),Arm G1-Ultra,12,16,256,512,UFS 4.1,50.0,3,1.5,Yes,1/1.28,Yes,"Laser AF, color spectrum sensor, Hasselblad Color Calibration, LED flash, HDR, panorama, LUT preview","4K@30/60/120fps, 1080p@30/60/240fps; gyro-EIS; HDR, 10‑bit video, Dolby Vision, LOG",50.0,Yes,Panorama,"4K@30/60fps, 1080p@30/60fps, gyro-EIS","Wi-Fi 802.11 a/b/g/n/ac/6/7, dual-band or tri-band, Wi-Fi Direct",Yes,6.0,Type-C,No,"GPS (L1+L5), BDS (B1I+B1c+B2a+B2b), GALILEO (E1+E5a+E5b), QZSS (L1+L5), GLONASS, NavIC (L5)","Fingerprint (under display, ultrasonic), accelerometer, gyro, proximity, compass, barometer",7500,80,50,Yes,Active use score 21:57h,,1195.9,849.97,,2719560,9697,6808,1175,-26.6,"Silk White, Titanium Charcoal, Velvet Red","CPH2791, PLG110",,,No
Doogee,Doogee Fire 6 Power,https://www.gsmarena.com/doogee_fire_6_power-13580.php,https://fdn2.gsmarena.com/vv/bigpic/doogee-fire6-power.jpg,GSM / HSPA / LTE,No,"2024, December","Available. Released 2024, December",174.1 x 81.2 x 20.7 mm (6.85 x 3.20 x 0.81 in),,,IP68,Nano-SIM + Nano-SIM,"IPS LCD, 90Hz",90,6.56,720x1612,269,73.1,Mohs level 6,Android 14,Unisoc T606 (12 nm),12,Octa-core (2x1.6 GHz Cortex-A75 & 6x1.6 GHz Cortex-A55),Mali-G57 MP1,8,8,256,256,UFS,50.0,3,1.8,No,,No,"Dual-LED flash, HDR, panorama",1080p,8.0,No,,720p,"Wi-Fi 802.11 a/b/g/n/ac, dual-band",Yes,5.0,Type-C,No,"GPS, GLONASS, BDS, GALILEO","Fingerprint (side-mounted), accelerometer, gyro, proximity, compass",15500,33,,No,,,190.0,,,,,,,,"Black, Green",,,,FM radio
Doogee,Doogee Fire 6,https://www.gsmarena.com/doogee_fire_6-13579.php,https://fdn2.gsmarena.com/vv/bigpic/doogee-fire6.jpg,GSM / HSPA / LTE,No,"2024, December","Available. Released 2024, December",174 x 81.2 x 15.8 mm (6.85 x 3.20 x 0.62 in),,,IP68,Nano-SIM + Nano-SIM,"IPS LCD, 90Hz",90,6.56,720x1612,269,73.2,Mohs level 6,Android 14,Unisoc T606 (12 nm),12,Octa-core (2x1.6 GHz Cortex-A75 & 6x1.6 GHz Cortex-A55),Mali-G57 MP1,6,6,256,256,UFS,50.0,3,1.8,No,,No,"Dual-LED flash, HDR, panorama",1080p,8.0,No,,720p,"Wi-Fi 802.11 a/b/g/n/ac, dual-band",No,5.0,Type-C,No,"GPS, GLONASS, BDS, GALILEO","Fingerprint (side-mounted), accelerometer, gyro, proximity, compass",10400,18,,No,,,,,,,,,,,"Black, Blue",,,,FM radio
Doogee,Doogee S200X,https://www.gsmarena.com/doogee_s200x-13578.php,https://fdn2.gsmarena.com/vv/bigpic/doogee-s200x.jpg,GSM / HSPA / LTE / 5G,Yes,"2024, December","Available. Released 2024, December",179.5 x 82.5 x 16 mm (7.07 x 3.25 x 0.63 in),,,IP68,Nano-SIM + Nano-SIM,"IPS LCD, 120Hz",120,6.72,1080x2400,392,73.6,Mohs level 5,Android 14,Mediatek Dimensity 7050 (6 nm),6,Octa-core (2x2.6 GHz Cortex-A78 & 6x2.0 GHz Cortex-A55),Mali-G68 MC4,12,12,512,512,,100.0,3,1.8,No,,Yes,"Dual-LED flash, HDR, panorama","4K, 1080p, gyro-EIS",20.0,No,,1080p,"Wi-Fi 802.11 a/b/g/n/ac/6, dual-band",Yes,5.2,Type-C,No,"GPS, GLONASS, BDS, GALILEO","Fingerprint (side-mounted), accelerometer, gyro, proximity, compass",10100,33,,No,,,370.0,,,,,,,,"Black, Yellow, Green",,,,FM radio
Doogee,Doogee V40,https://www.gsmarena.com/doogee_v40-13577.php,https://fdn2.gsmarena.com/vv/bigpic/doogee-v40.jpg,GSM / CDMA / HSPA / LTE / 5G,Yes,"2024, December","Available. Released 2024, December",183.4 x 83.7 x 15.5 mm (7.22 x 3.30 x 0.61 in),,,IP68,Nano-SIM + Nano-SIM,"IPS LCD, 120Hz",120,6.78,1080x2460,396,71.1,Mohs level 6,Android 14,Mediatek Dimensity 7300 (4 nm),4,Octa-core (4x2.5 GHz Cortex-A78 & 4x2.0 GHz Cortex-A55),Mali-G615 MC2,12,12,512,512,,108.0,3,1.9,No,1/1.67,No,"LED flash, HDR, panorama","1080p@30fps, gyro-EIS",16.0,No,,1080p@30fps,"Wi-Fi 802.11 a/b/g/n/ac/6e, dual-band",Yes,5.4,Type-C,No,"GPS (L1+L5), GLONASS, GALILEO, BDS","Fingerprint (side-mounted), accelerometer, gyro, proximity, compass",8680,33,,No,,,,,,,,,,,"Blue, Black/Red",,,,FM radio
Doogee,Doogee V40 Pro,https://www.gsmarena.com/doogee_v40_pro-13411.php,https://fdn2.gsmarena.com/vv/bigpic/doogee-v40-pro.jpg,GSM / CDMA / HSPA / LTE / 5G,Yes,"2024, October 07","Available. Released 2024, October 25",-,,,IP68,Nano-SIM + Nano-SIM,"IPS LCD, 120Hz",120,6.78,1080x2460,396,,"Corning Gorilla Glass, Mohs level 6",Android 14,Mediatek Dimensity 7300 (4 nm),4,Octa-core (4x2.5 GHz Cortex-A78 & 4x2.0 GHz Cortex-A55),Mali-G615 MC2,16,16,512,512,,200.0,4,2.0,No,1/1.47,Yes,"Dual-LED flash, HDR, panorama","4K@30fps, 1080p@30fps, gyro-EIS",32.0,No,,1080p@30fps,"Wi-Fi 802.11 a/b/g/n/ac/6, dual-band",Yes,5.2,Type-C,No,"GPS (L1+L5), GLONASS, GALILEO, BDS","Fingerprint (side-mounted), accelerometer, gyro, proximity, compass",8680,33,,No,,,530.0,,,,,,,,"Blue, Silver",,,,Unspecified
Doogee,Doogee T40 Pro,https://www.gsmarena.com/doogee_t40_pro-13420.php,https://fdn2.gsmarena.com/vv/bigpic/doogee-t40-pro.jpg,GSM / HSPA / LTE,No,"2024, September","Available. Released 2024, September",278.8 x 174.3 x 7.6 mm (10.98 x 6.86 x 0.30 in),568.0,Glass,,Nano-SIM + Nano-SIM,IPS LCD,,12.0,1200x2000,194,84.3,Mohs level 6,Android 14,Mediatek Helio G99 (6 nm),6,Octa-core (2x2.2 GHz Cortex-A76 & 6x2.0 GHz Cortex-A55),Mali-G57 MC2,8,8,512,512,UFS,16.0,1,,No,,No,LED flash,"1440p@30fps, 1080p@30fps",8.0,No,,1080p@30fps,Yes,No,5.0,Type-C,Yes,"GPS, GLONASS, GALILEO, BDS","Accelerometer, proximity",10800,18,,No,,,340.0,,,,,,,,"Black, Gray, Blue",,,,FM radio
Doogee,Doogee T40,https://www.gsmarena.com/doogee_t40-13421.php,https://fdn2.gsmarena.com/vv/bigpic/doogee-t40.jpg,GSM / HSPA / LTE,No,"2024, September","Available. Released 2024, September",256.5 x 168 x 7.6 mm (10.10 x 6.61 x 0.30 in),530.0,Glass,,Nano-SIM + Nano-SIM,IPS LCD,,11.0,1600x2560,274,81.4,Mohs level 6,Android 14,Mediatek Helio G99 (6 nm),6,Octa-core (2x2.2 GHz Cortex-A76 & 6x2.0 GHz Cortex-A55),Mali-G57 MC2,8,8,512,512,UFS,16.0,1,,No,,No,LED flash,"1440p@30fps, 1080p@30fps",8.0,No,,1080p@30fps,Yes,No,5.0,Type-C,Yes,"GPS, GLONASS, GALILEO, BDS","Accelerometer, proximity",8580,18,,No,,,320.0,,,,,,,,"Black, Gray, Blue",,,,FM radio
Doogee,Doogee V Max Pro,https://www.gsmarena.com/doogee_v_max_pro-13422.php,https://fdn2.gsmarena.com/vv/bigpic/doogee-v-max-pro.jpg,GSM / CDMA / HSPA / LTE / 5G,Yes,"2024, September 19","Available. Released 2024, October 20",178.5 x 83.1 x 26.3 mm (7.03 x 3.27 x 1.04 in),536.0,,IP68,Nano-SIM + Nano-SIM,"IPS LCD, 120Hz",120,6.58,1080x2408,401,70.3,Gorilla Glass 5,Android 14,Mediatek Dimensity 7050 (6 nm),6,Octa-core (2x2.6 GHz Cortex-A78 & 6x2.0 GHz Cortex-A55),Mali-G68 MC4,12,12,512,512,UFS 3.1,108.0,3,1.8,No,1/1.52,Yes,"Dual-LED flash, HDR, panorama","4K@30fps, 1080p@30fps",16.0,No,,"1440p, 1080p","Wi-Fi 802.11 a/b/g/n/ac/6, dual-band",Yes,5.2,Type-C,No,"GPS (L1+L5), GLONASS, GALILEO, BDS","Fingerprint (side-mounted), accelerometer, gyro, proximity, compass",22000,33,,No,,,300.0,,,,,,,,"Black, Gray",,,,FM radio
Doogee,Doogee N55 Plus,https://www.gsmarena.com/doogee_n55_plus-13399.php,https://fdn2.gsmarena.com/vv/bigpic/doogee-n55-plus.jpg,GSM / HSPA / LTE,No,"2024, May","Available. Released 2024, June",163.8 x 75.8 x 8.6 mm (6.45 x 2.98 x 0.34 in),186.0,,,Nano-SIM + Nano-SIM,"IPS LCD, 90Hz, 350 nits",90,6.56,720x1612,269,83.3,Mohs level 6,Android 14,Unisoc T606 (12 nm),12,Octa-core (2x1.6 GHz Cortex-A75 & 6x1.6 GHz Cortex-A55),Mali-G57 MP1,8,8,128,128,,13.0,1,2.2,No,,No,"Dual-LED flash, HDR, panorama",1080p@30fps,8.0,No,,720p@30fps,"Wi-Fi 802.11 a/b/g/n/ac, dual-band",No,5.0,Type-C,Yes,"GPS, GLONASS, BDS, GALILEO","Accelerometer, proximity, compass",5150,10,,No,,,,,,,,,,,"Phantom Black, Lightweave Silver",,,,FM radio
Doogee,Doogee N55 Pro,https://www.gsmarena.com/doogee_n55_pro-13398.php,https://fdn2.gsmarena.com/vv/bigpic/doogee-n55-pro.jpg,GSM / HSPA / LTE,No,"2024, May","Available. Released 2024, June",163.8 x 75.8 x 8.6 mm (6.45 x 2.98 x 0.34 in),186.0,,,Nano-SIM + Nano-SIM,"IPS LCD, 90Hz, 350 nits",90,6.56,720x1612,269,83.3,Mohs level 6,Android 14,Unisoc T606 (12 nm),12,Octa-core (2x1.6 GHz Cortex-A75 & 6x1.6 GHz Cortex-A55),Mali-G57 MP1,6,6,256,256,,13.0,1,2.2,No,,No,"Dual-LED flash, HDR, panorama",1080p@30fps,8.0,No,,720p@30fps,"Wi-Fi 802.11 a/b/g/n/ac, dual-band",No,5.0,Type-C,Yes,"GPS, GLONASS, BDS, GALILEO","Accelerometer, proximity, compass",5150,10,,No,,,140.0,,,,,,,,"Black, Dark Blue",,,,FM radio
Doogee,Doogee N55,https://www.gsmarena.com/doogee_n55-13397.php,https://fdn2.gsmarena.com/vv/bigpic/doogee-n55.jpg,GSM / HSPA / LTE,No,"2024, May","Available. Released 2024, June",163.8 x 75.8 x 8.6 mm (6.45 x 2.98 x 0.34 in),186.0,,,Nano-SIM + Nano-SIM,"IPS LCD, 90Hz, 350 nits",90,6.56,720x1612,269,83.3,Mohs level 6,Android 14,Unisoc T606 (12 nm),12,Octa-core (2x1.6 GHz Cortex-A75 & 6x1.6 GHz Cortex-A55),Mali-G57 MP1,4,4,128,128,,13.0,1,2.2,No,,No,"Dual-LED flash, HDR, panorama",1080p@30fps,8.0,No,,720p@30fps,"Wi-Fi 802.11 a/b/g/n/ac, dual-band",No,5.0,Type-C,Yes,"GPS, GLONASS, BDS, GALILEO","Accelerometer, proximity, compass",5150,10,,No,,,120.0,,,,,,,,"Black, Natural",,,,FM radio
Doogee,Doogee S200,https://www.gsmarena.com/doogee_s200-13394.php,https://fdn2.gsmarena.com/vv/bigpic/doogee-s200.jpg,GSM / HSPA / LTE / 5G,Yes,"2024, September","Available. Released 2024, September",179.5 x 82.5 x 16 mm (7.07 x 3.25 x 0.63 in),,,IP68,Nano-SIM + Nano-SIM,"IPS LCD, 120Hz",120,6.72,1080x2400,392,73.6,Mohs level 5,Android 14,Mediatek Dimensity 7050 (6 nm),6,Octa-core (2x2.6 GHz Cortex-A78 & 6x2.0 GHz Cortex-A55),Mali-G68 MC4,12,12,256,256,,100.0,3,1.8,No,1/1.8,Yes,"Dual-LED flash, HDR, panorama","4K, 1080p, gyro-EIS",20.0,No,,Yes,"Wi-Fi 802.11 a/b/g/n/ac/6, dual-band",Yes,5.2,Type-C,No,"GPS, GLONASS, BDS, GALILEO","Fingerprint (side-mounted), accelerometer, gyro, proximity, compass",10100,33,,No,,,280.0,,,,,,,,"Gray, Silver",,,,FM radio
Doogee,Doogee Blade10 Max,https://www.gsmarena.com/doogee_blade10_max-13392.php,https://fdn2.gsmarena.com/vv/bigpic/doogee-blade10-max.jpg,GSM / HSPA / LTE,No,"2024, September","Available. Released 2024, October 30",15.8 mm thickness,326.0,,IP68,Nano-SIM + Nano-SIM,"IPS LCD, 90Hz",90,6.56,720x1612,269,,Mohs level 6,Android 14,Unisoc T606 (12 nm),12,Octa-core (2x1.6 GHz Cortex-A75 & 6x1.6 GHz Cortex-A55),Mali-G57 MP1,8,8,256,256,,50.0,1,,No,,No,"LED flash, HDR, panorama",Yes,8.0,No,,Yes,"Wi-Fi 802.11 a/b/g/n/ac, dual-band",Yes,5.0,Type-C,No,"GPS, GLONASS, BDS, GALILEO",Fingerprint (side-mounted); unspecified sensors,10300,,,No,,,270.0,,,,,,,,"Black, Silver",,,,Unspecified
Doogee,Doogee Blade10 Ultra,https://www.gsmarena.com/doogee_blade10_ultra-13391.php,https://fdn2.gsmarena.com/vv/bigpic/doogee-blade10-ultra.jpg,GSM / HSPA / LTE,No,"2024, August","Available. Released 2024, September",10.7 mm thickness,240.0,,IP68,Nano-SIM + Nano-SIM,"IPS LCD, 90Hz",90,6.56,720x1612,269,,Gorilla Glass 5,Android 14,Unisoc T606 (12 nm),12,Octa-core (2x1.6 GHz Cortex-A75 & 6x1.6 GHz Cortex-A55),Mali-G57 MP1,8,8,256,256,,50.0,1,,No,,No,LED flash,Yes,8.0,No,,Yes,"Wi-Fi 802.11 a/b/g/n/ac, dual-band",Yes,5.0,Type-C,No,"GPS, GLONASS, BDS, GALILEO",Fingerprint (side-mounted); unspecified sensors,5150,,,No,,,230.0,,,,,,,,Black,,,,Unspecified
Doogee,Doogee Blade10 Pro,https://www.gsmarena.com/doogee_blade10_pro-13390.php,https://fdn2.gsmarena.com/vv/bigpic/doogee-blade10-pro.jpg,GSM / HSPA / LTE,No,"2024, August","Available. Released 2024, September",10.7 mm thickness,240.0,,IP68,Nano-SIM + Nano-SIM,"IPS LCD, 90Hz",90,6.56,720x1612,269,,Gorilla Glass 5,Android 14,Unisoc T606 (12 nm),12,Octa-core (2x1.6 GHz Cortex-A75 & 6x1.6 GHz Cortex-A55),Mali-G57 MP1,6,6,256,256,,50.0,1,,No,,No,LED flash,Yes,8.0,No,,Yes,"Wi-Fi 802.11 a/b/g/n/ac, dual-band",Yes,5.0,Type-C,No,"GPS, GLONASS, BDS, GALILEO",Unspecified,5150,,,No,,,190.0,,,,,,,,"Black, Camouflage",,,,Unspecified
Doogee,Doogee Blade10,https://www.gsmarena.com/doogee_blade10-13389.php,https://fdn2.gsmarena.com/vv/bigpic/doogee-blade10.jpg,GSM / HSPA / LTE,No,"2024, August","Available. Released 2024, September",10.7 mm thickness,240.0,,IP68,Nano-SIM + Nano-SIM,"IPS LCD, 90Hz",90,6.56,720x1612,269,,Mohs level 5,Android 14,Unisoc T606 (12 nm),12,Octa-core (2x1.6 GHz Cortex-A75 & 6x1.6 GHz Cortex-A55),Mali-G57 MP1,4,4,128,128,,16.0,1,,No,,No,LED flash,Yes,8.0,No,,Yes,"Wi-Fi 802.11 a/b/g/n/ac, dual-band",Yes,5.0,Type-C,No,"GPS, GLONASS, BDS, GALILEO",Unspecified,5150,,,No,,,170.0,,,,,,,,"Black, Camouflage",,,,Unspecified
Doogee,Doogee S Cyber,https://www.gsmarena.com/doogee_s_cyber-13388.php,https://fdn2.gsmarena.com/vv/bigpic/doogee-s-cyber.jpg,GSM / HSPA / LTE,No,"2024, May","Available. Released 2024, June",178.5 x 83.1 x 17.9 mm (7.03 x 3.27 x 0.70 in),,,IP68,Nano-SIM + Nano-SIM,IPS LCD,,6.58,1080x2408,401,70.3,Corning Gorilla Glass,Android 14,Unisoc T606 (12 nm),12,Octa-core (2x1.6 GHz Cortex-A75 & 6x1.6 GHz Cortex-A55),Mali-G57 MP1,8,8,256,256,,50.0,2,1.8,No,,No,"Dual-LED flash, HDR, panorama",Yes,16.0,No,,Yes,"Wi-Fi 802.11 a/b/g/n/ac, dual-band",Yes,5.0,Type-C,No,"GPS, GLONASS, BDS, GALILEO","Fingerprint (side-mounted), accelerometer, proximity, compass",10800,18,,No,,,300.0,,,,,,,,"Red, Silver",,,,FM radio
Doogee,Doogee S Punk,https://www.gsmarena.com/doogee_s_punk-13387.php,https://fdn2.gsmarena.com/vv/bigpic/doogee-s-punk.jpg,GSM / CDMA / HSPA / LTE,No,"2024, May","Available. Released 2024, June",178.5 x 83.1 x 17.9 mm (7.03 x 3.27 x 0.70 in),,,IP68,Nano-SIM + Nano-SIM,IPS LCD,,6.58,1080x2408,401,70.3,Corning Gorilla Glass,Android 14,Unisoc T606 (12 nm),12,Octa-core (2x1.6 GHz Cortex-A75 & 6x1.6 GHz Cortex-A55),Mali-G57 MP1,6,6,256,256,,50.0,2,1.8,No,,No,"Dual-LED flash, HDR, panorama",Yes,16.0,No,,Yes,"Wi-Fi 802.11 a/b/g/n/ac, dual-band",Yes,5.0,Type-C,No,"GPS, GLONASS, BDS, GALILEO","Fingerprint (side-mounted), accelerometer, gyro, proximity, compass",10800,33,,No,,,300.0,,,,,,,,"Black, Green",,,,FM radio
Doogee,Doogee S118,https://www.gsmarena.com/doogee_s118-13386.php,https://fdn2.gsmarena.com/vv/bigpic/doogee-s118.jpg,GSM / CDMA / HSPA / LTE,No,"2024, June","Available. Released 2024, June",178.5 x 83.1 x 17.9 mm (7.03 x 3.27 x 0.70 in),,,IP68,Nano-SIM + Nano-SIM,"IPS LCD, 120Hz",120,6.58,1080x2408,401,70.3,"Corning Gorilla Glass, Mohs level 5",Android 14,Mediatek Helio G99 (6 nm),6,Octa-core (2x2.2 GHz Cortex-A76 & 6x2.0 GHz Cortex-A55),Mali-G57 MC2,8,8,512,512,,50.0,3,1.8,No,1/2.76,No,"Dual-LED flash, HDR, panorama","1440p, 1080p",32.0,No,,1080p,"Wi-Fi 802.11 a/b/g/n/ac, dual-band",Yes,5.2,Type-C,No,"GPS, GLONASS, BDS, GALILEO","Fingerprint (side-mounted), accelerometer, gyro, proximity, compass",10800,33,,No,,,,,,,,,,,"Silver, Red",,,,FM radio
Doogee,Doogee V Max Plus,https://www.gsmarena.com/doogee_v_max_plus-13382.php,https://fdn2.gsmarena.com/vv/bigpic/doogee-v-max-plus.jpg,GSM / CDMA / HSPA / LTE / 5G,Yes,"2024, August","Available. Released 2024, August",178.5 x 83.1 x 26.3 mm (7.03 x 3.27 x 1.04 in),,,IP68,Nano-SIM + Nano-SIM,"IPS LCD, 120Hz",120,6.58,1080x2408,401,70.3,Gorilla Glass 5,Android 14,Mediatek Dimensity 7050 (6 nm),6,Octa-core (2x2.6 GHz Cortex-A78 & 6x2.0 GHz Cortex-A55),Mali-G68 MC4,16,16,512,512,UFS,200.0,3,1.8,No,1/1.4,Yes,"Dual-LED flash, HDR, panorama","4K@30fps, 1080p@30fps",32.0,No,,"1440p, 1080p","Wi-Fi 802.11 a/b/g/n/ac/6, dual-band",Yes,5.2,Type-C,No,"GPS (L1+L5), GLONASS, GALILEO, BDS","Fingerprint (side-mounted), accelerometer, gyro, proximity, compass",22000,33,,No,,,360.0,,,,,,,,"Obsidian Black, Pewter Gray",,,,FM radio
Doogee,Doogee S41 Max,https://www.gsmarena.com/doogee_s41_max-13381.php,https://fdn2.gsmarena.com/vv/bigpic/googee-s41-pro.jpg,GSM / HSPA / LTE,No,"2023, December","Available. Released 2023, December",162.5 x 77.8 x 16.2 mm (6.40 x 3.06 x 0.64 in),262.0,,IP68,Nano-SIM + Nano-SIM,IPS LCD,,5.5,720x1440,293,61.7,,Android 13,Unisoc T606 (12 nm),12,Octa-core (2x1.6 GHz Cortex-A75 & 6x1.6 GHz Cortex-A55),Mali-G57 MP1,6,6,256,256,,13.0,3,2.0,No,,No,"Quad-LED flash, HDR",1080p,8.0,No,,1080p@30fps,"Wi-Fi 802.11 a/b/g/n/ac, dual-band",Yes,5.0,Type-C,Yes,"GPS, GLONASS, GALILEO, BDS","Accelerometer, proximity",6300,,,No,,,270.0,,,,,,,,"Black, Orange, Green",,,,FM radio
Doogee,Doogee S41 Plus,https://www.gsmarena.com/doogee_s41_plus-13380.php,https://fdn2.gsmarena.com/vv/bigpic/doogee-s41-plus-.jpg,GSM / HSPA / LTE,No,"2023, December","Available. Released 2023, December",162.5 x 77.8 x 16.2 mm (6.40 x 3.06 x 0.64 in),262.0,,IP68,Nano-SIM + Nano-SIM,IPS LCD,,5.5,720x1440,293,61.7,,Android 13,Unisoc T606 (12 nm),12,Octa-core (2x1.6 GHz Cortex-A75 & 6x1.6 GHz Cortex-A55),Mali-G57 MP1,4,4,128,128,,13.0,3,2.0,No,,No,"Quad-LED flash, HDR",1080p,8.0,No,,1080p@30fps,"Wi-Fi 802.11 a/b/g/n/ac, dual-band",Yes,5.0,Type-C,Yes,"GPS, GLONASS, GALILEO, BDS","Fingerprint (side-mounted), accelerometer, gyro, proximity, compass",6300,,,No,,,110.0,,,,,,,,"Black, Orange, Green",,,,FM radio
Doogee,Doogee S41T,https://www.gsmarena.com/doogee_s41t-13379.php,https://fdn2.gsmarena.com/vv/bigpic/googee-s41-pro.jpg,GSM / HSPA / LTE,No,"2023, December","Available. Released 2023, December",162.5 x 77.8 x 16.2 mm (6.40 x 3.06 x 0.64 in),262.0,,IP68,Nano-SIM + Nano-SIM,IPS LCD,,5.5,720x1440,293,61.7,,Android 13,Unisoc T606 (12 nm),12,Octa-core (2x1.6 GHz Cortex-A75 & 6x1.6 GHz Cortex-A55),Mali-G57 MP1,4,4,64,64,,13.0,3,2.0,No,,No,"Quad-LED flash, HDR",1080p,8.0,No,,1080p@30fps,"Wi-Fi 802.11 a/b/g/n/ac, dual-band",Yes,5.0,Type-C,Yes,"GPS, GLONASS, GALILEO, BDS","Accelerometer, proximity",6300,,,No,,,230.0,,,,,,,,"Black, Orange, Green",,,,FM radio
Doogee,Doogee V20S,https://www.gsmarena.com/doogee_v20s-13159.php,https://fdn2.gsmarena.com/vv/bigpic/doogee-v20s.jpg,GSM / CDMA / HSPA / LTE / 5G,Yes,"2024, March","Available. Released 2024, March",170.9 x 81.9 x 14 mm (6.73 x 3.22 x 0.55 in),,,IP68,Nano-SIM + Nano-SIM,"AMOLED, 500 nits (peak)",,6.43,1080x2408,410,71.2,Corning Gorilla Glass,Android 13,Mediatek Dimensity 6020 (7 nm),7,Octa-core (2x2.2 GHz Cortex-A76 & 6x2.0 GHz Cortex-A55),Mali-G57 MC2,12,12,256,256,UFS 2.2,50.0,3,1.8,No,,No,"Dual-LED flash, HDR, panorama","1440p, 1080p",20.0,No,,1080p,"Wi-Fi 802.11 a/b/g/n/ac, dual-band",Yes,5.1,Type-C,No,"GPS, GLONASS, BDS, GALILEO","Fingerprint (side-mounted), accelerometer, gyro, proximity, compass",6000,33,,No,,,300.0,,,,,,,,"Black, Orange",,,,FM radio
Doogee,Doogee T10W,https://www.gsmarena.com/doogee_t10w-13425.php,https://fdn2.gsmarena.com/vv/bigpic/doogee-t10w.jpg,GSM / HSPA / LTE,No,"2024, August","Available. Released 2024, August",246.1 x 162.8 x 9.7 mm (9.69 x 6.41 x 0.38 in),555.0,,,Nano-SIM + Nano-SIM,IPS LCD,,10.1,800x1280,149,73.8,,Android 14,Unisoc Tiger T310 (12nm),12,Quad-core (1x2.0 GHz Cortex-A75 & 3x1.8 GHz Cortex-A55),PowerVR GE8300,4,4,128,128,eMMC 5.1,5.0,1,,No,,No,LED flash,1080p@30fps,2.0,No,,Yes,"Wi-Fi 802.11 b/g/n/ac, dual-band",No,5.0,Type-C,Yes,"GPS, GLONASS, GALILEO, BDS",Accelerometer,8000,10,,No,,,70.0,,,,,,,,"Black, Blue",,,,FM radio
Doogee,Doogee R08,https://www.gsmarena.com/doogee_r08-13423.php,https://fdn2.gsmarena.com/vv/bigpic/doogee-r08.jpg,GSM / HSPA / LTE,No,"2024, March","Available. Released 2024, April",249.5 x 167.8 x 13.5 mm (9.82 x 6.61 x 0.53 in),716.0,,IP68,Nano-SIM + Nano-SIM,IPS LCD,,10.1,800x1280,149,70.7,,Android 13,Mediatek MT8788 (12 nm),12,Octa-core (4x2.0 GHz Cortex-A73 & 4x2.0 GHz Cortex-A53),Mali-G72 MP3,6,6,256,256,UFS 2.1,13.0,1,,No,,No,LED flash,1080p@30fps,5.0,No,,Yes,"Wi-Fi 802.11 a/b/g/n/ac, dual-band",No,5.0,Type-C,Yes,"GPS, GLONASS, GALILEO, BDS","Fingerprint (side-mounted), accelerometer, proximity, compass",7680,10,,No,,,,,,,,,,,Black,,,,FM radio
Doogee,Doogee R20,https://www.gsmarena.com/doogee_r20-13424.php,https://fdn2.gsmarena.com/vv/bigpic/doogee-r20.jpg,GSM / HSPA / LTE,No,"2024, January 26","Available. Released 2024, February",258.9 x 169.6 x 18 mm (10.19 x 6.68 x 0.71 in),931.0,,IP68,Nano-SIM + Nano-SIM,IPS LCD,,10.4,1200x2000,224,70.1,Gorilla Glass 5,Android 13,Mediatek Helio G99 (6 nm),6,Octa-core (2x2.2 GHz Cortex-A76 & 6x2.0 GHz Cortex-A55),Mali-G57 MC2,8,8,256,256,uMCP,50.0,1,1.8,No,,No,LED flash,"1440p@30fps, 1080p@30fps",16.0,No,,1080p@30fps,"Wi-Fi 802.11 a/b/g/n/ac, dual-band",No,5.2,Type-C,Yes,"GPS, GLONASS, GALILEO, BDS","Fingerprint (side-mounted), accelerometer, gyro, proximity, compass",21600,33,,No,,,250.0,,,,,,,,"Black, Green, Orange",,,,FM radio
Doogee,Doogee T30 Max,https://www.gsmarena.com/doogee_t30_max-12869.php,https://fdn2.gsmarena.com/vv/bigpic/doogee-t30-max.jpg,GSM / HSPA / LTE,No,"2024, March 08","Available. Released 2024, March",285.1 x 185.4 x 7.9 mm (11.22 x 7.30 x 0.31 in),678.0,Glass,,Nano-SIM + Nano-SIM,IPS LCD,,12.4,1600x2560,243,84.3,,Android 14,Mediatek Helio G99,,Octa-core (2x2.2 GHz Cortex-A76 & 6x2.0 GHz Cortex-A55),Mali-G57 MC2,8,8,512,512,uMCP,50.0,2,,No,,No,LED flash,"1440p@30fps, 1080p@30fps",20.0,No,,Yes,"Wi-Fi 802.11 a/b/g/n/ac, dual-band",No,5.0,Type-C,No,"GPS, GLONASS, GALILEO, BDS","Fingerprint (side-mounted), accelerometer, compass, proximity (accessories only)",10800,33,,No,,,,,,,,,,,"Black, Green, Khaki",,,,FM radio
Doogee,Doogee T30E,https://www.gsmarena.com/doogee_t30e-13419.php,https://fdn2.gsmarena.com/vv/bigpic/doogee-t30e.jpg,GSM / HSPA / LTE,No,"2024, April","Available. Released 2024, May",258.1 x 169.7 x 8.8 mm (10.16 x 6.68 x 0.35 in),537.0,,,Nano-SIM + Nano-SIM,IPS LCD,,11.0,800x1280,137,80.1,,Android 14,Unisoc T606 (12 nm),12,Octa-core (2x1.6 GHz Cortex-A75 & 6x1.6 GHz Cortex-A55),Mali-G57 MP1,4,4,128,128,eMMC 5.1,13.0,1,,No,,No,LED flash,1080p@30/60fps,5.0,No,,Yes,"Wi-Fi 802.11 a/b/g/n/ac, dual-band",No,5.0,Type-C,Yes,"GPS, GLONASS, GALILEO, BDS","Accelerometer, proximity",8000,10,,No,,,120.0,,,,,,,,"Black, Gray",,,,FM radio
Doogee,Doogee T30SE,https://www.gsmarena.com/doogee_t30se-13418.php,https://fdn2.gsmarena.com/vv/bigpic/doogee-t30se.jpg,GSM / HSPA / LTE,No,"2024, April","Available. Released 2024, May",257 x 168.7 x 7.6 mm (10.12 x 6.64 x 0.30 in),500.0,,,Nano-SIM + Nano-SIM,IPS LCD,,11.0,1200x1920,206,80.9,,Android 14,Unisoc T606 (12 nm),12,Octa-core (2x1.6 GHz Cortex-A75 & 6x1.6 GHz Cortex-A55),Mali-G57 MP1,4,4,128,128,eMMC 5.1,13.0,1,,No,,No,LED flash,1080p@30/60fps,5.0,No,,Yes,"Wi-Fi 802.11 a/b/g/n/ac, dual-band",No,5.0,Type-C,Yes,"GPS, GLONASS, GALILEO, BDS","Accelerometer, proximity",8580,10,,No,,,130.0,,,,,,,,"Black, Gray",,,,FM radio
Doogee,Doogee T30S,https://www.gsmarena.com/doogee_t30s-13413.php,https://fdn2.gsmarena.com/vv/bigpic/doogee-t30s.jpg,GSM / HSPA / LTE,No,"2024, February","Available. Released 2024, February",257 x 168.7 x 7.6 mm (10.12 x 6.64 x 0.30 in),506.0,,,Nano-SIM + Nano-SIM,IPS LCD,,11.0,1200x1920,206,80.9,,Android 13,Unisoc T606 (12 nm),12,Octa-core (2x1.6 GHz Cortex-A75 & 6x1.6 GHz Cortex-A55),Mali-G57 MP1,6,6,256,256,UFS,13.0,1,,No,,No,LED flash,1080p@30/60fps,8.0,No,,Yes,"Wi-Fi 802.11 a/b/g/n/ac, dual-band",No,5.0,Type-C,Yes,"GPS, GLONASS, GALILEO, BDS","Accelerometer, proximity",8580,10,,No,,,,,,,,,,,"Black, Gray, Blue",,,,FM radio
Doogee,Doogee DK10,https://www.gsmarena.com/doogee_dk10-12858.php,https://fdn2.gsmarena.com/vv/bigpic/doogee-dk10.jpg,GSM / CDMA / HSPA / LTE / 5G,Yes,"2024, February 28","Available. Released 2024, March",181.7 x 83.1 x 12.7 mm (7.15 x 3.27 x 0.5 in),,,IP68,Nano-SIM + Nano-SIM,"AMOLED, 120Hz",120,6.67,1080x2400,395,71.1,Corning Gorilla Glass,Android 13,Mediatek Dimensity 8020 (6 nm),6,Octa-core (4x2.6 GHz Cortex-A78 & 4x2.0 GHz Cortex-A55),Mali-G77 MC9,12,12,512,512,uMCP,50.0,4,2.0,No,1/1.31,Yes,"Dual-LED flash, HDR, panorama","4K@30fps, 1080p@30fps",50.0,No,,"1440p@30fps, 1080p@30fps","Wi-Fi 802.11 a/b/g/n/ac/6, dual-band",Yes,5.1,Type-C,No,"GPS (L1+L5), GLONASS, GALILEO, BDS","Fingerprint (side-mounted), accelerometer, gyro, proximity, compass",5150,120,50,No,,,,,,,,,,,"Emerald Green, Kevlar Black",,,,FM radio
Doogee,Doogee Smini,https://www.gsmarena.com/doogee_smini-12647.php,https://fdn2.gsmarena.com/vv/bigpic/doogee-smini.jpg,GSM / HSPA / LTE,No,"2023, October 27","Available. Released 2023, November 11",133 x 60 x 13.5 mm (5.24 x 2.36 x 0.53 in),155.0,,IP68,Nano-SIM + Nano-SIM,IPS LCD,,4.5,480x1170,281,57.5,,Android 13,Mediatek Helio G99 (6 nm),6,Octa-core (2x2.2 GHz Cortex-A76 & 6x2.0 GHz Cortex-A55),Mali-G57 MC2,8,8,256,256,UFS,50.0,3,,No,,No,LED flash,1080p,8.0,No,,Yes,"Wi-Fi 802.11 a/b/g/n/ac, dual-band",Yes,,Yes,No,GPS,Fingerprint (side-mounted); unspecified sensors,3000,18,,No,,,120.0,,,,,,,,"Black, Silver, Purple",,,,Unspecified
Doogee,Doogee V30 Pro,https://www.gsmarena.com/doogee_v30_pro-12634.php,https://fdn2.gsmarena.com/vv/bigpic/googee-v30-pro-.jpg,GSM / CDMA / HSPA / LTE / 5G,Yes,"2023, October 24","Available. Released 2023, November 01",178.5 x 83.1 x 17.9 mm (7.03 x 3.27 x 0.70 in),,,IP68,Nano-SIM + Nano-SIM,"IPS LCD, 120Hz",120,6.58,1080x2408,401,70.3,Gorilla Glass 5,Android 13,Mediatek Dimensity 7050 (6 nm),6,Octa-core (2x2.6 GHz Cortex-A78 & 6x2.0 GHz Cortex-A55),Mali-G68 MC4,12,12,512,512,,200.0,3,1.7,No,1/1.4,Yes,"Dual-LED flash, HDR, panorama","4K@30fps, 1080p@30fps",32.0,No,,1080p@30fps,"Wi-Fi 802.11 a/b/g/n/ac/6, dual-band",Yes,5.2,Type-C,No,"GPS (L1+L5), GLONASS, GALILEO, BDS","Fingerprint (side-mounted), accelerometer, gyro, proximity, compass",10800,33,,No,,,440.0,,,,,,,,"Black, Orange, Silver",,,,FM radio
Doogee,Doogee V31GT,https://www.gsmarena.com/doogee_v31gt-12573.php,https://fdn2.gsmarena.com/vv/bigpic/googee-v31gt.jpg,GSM / CDMA / HSPA / LTE / 5G,Yes,"2023, September","Available. Released 2023, September",178.5 x 83.1 x 17.9 mm (7.03 x 3.27 x 0.70 in),390.0,,IP68,Nano-SIM + Nano-SIM,"IPS LCD, 120Hz",120,6.58,1080x2400,400,70.5,Gorilla Glass 5,Android 13,Mediatek Dimensity 1080 (6 nm),6,Octa-core (2x2.6 GHz Cortex-A78 & 6x2.0 GHz Cortex-A55),Mali-G68 MC4,12,12,256,256,UFS 2.2,50.0,4,1.8,No,1/1.56,Yes,"LED flash, HDR, panorama","4K@30fps, 1080p@30fps",32.0,No,,1080p@30fps,"Wi-Fi 802.11 a/b/g/n/ac/6, dual-band",Yes,5.2,Type-C,No,"GPS (L1+L5), GLONASS, GALILEO, BDS","Fingerprint (side-mounted), accelerometer, gyro, proximity, compass",10800,66,,No,,,,,,,,,,,"Black, Gold, Silver",,,,FM radio
Doogee,Doogee S41 Pro,https://www.gsmarena.com/doogee_s41_pro-12574.php,https://fdn2.gsmarena.com/vv/bigpic/googee-s41-pro.jpg,GSM / HSPA / LTE,No,"2023, September","Available. Released 2023, September",162.5 x 77.8 x 16.2 mm (6.40 x 3.06 x 0.64 in),262.0,,IP68,Nano-SIM + Nano-SIM,IPS LCD,,5.5,720x1440,293,61.7,Corning Gorilla Glass,Android 12,Mediatek MT6761V/WAB Helio A22 (12 nm),12,Quad-core 2.0 GHz Cortex-A53,PowerVR GE8320,4,4,64,64,,13.0,3,2.0,No,,No,"Quad-LED flash, HDR",1080p,8.0,No,,1080p@30fps,"Wi-Fi 802.11 a/b/g/n/ac, dual-band",Yes,5.0,Type-C,Yes,"GPS, GLONASS, GALILEO, BDS","Accelerometer, proximity",6300,,,No,,,,,,,,,,,"Black, Orange, Green",,,,FM radio
Doogee,Doogee T30 Ultra,https://www.gsmarena.com/doogee_t30_ultra-13406.php,https://fdn2.gsmarena.com/vv/bigpic/doogee-t30-ultra.jpg,GSM / HSPA / LTE,No,"2023, October","Available. Released 2023, November",256.5 x 168 x 7.6 mm (10.10 x 6.61 x 0.30 in),539.0,Glass,,Nano-SIM + Nano-SIM,"IPS LCD, 250 nits",,11.0,1600x2560,274,81.4,,Android 13,Mediatek Helio G99 (6 nm),6,Octa-core (2x2.2 GHz Cortex-A76 & 6x2.0 GHz Cortex-A55),Mali-G57 MC2,12,12,256,256,UFS 2.2,16.0,1,,No,,No,LED flash,"1440p@30fps, 1080p@30fps",8.0,No,,Yes,"Wi-Fi 802.11 a/b/g/n/ac, dual-band",No,5.0,Type-C,Yes,"GPS, GALILEO, GLONASS, BDS","Accelerometer, gyro, proximity, compass",8580,18,,No,,,250.0,,,,,,,,"Blue, Gray, Black",,,,FM radio
Doogee,Doogee T20 Ultra,https://www.gsmarena.com/doogee_t20_ultra-13405.php,https://fdn2.gsmarena.com/vv/bigpic/doogee-t20-ultra.jpg,GSM / HSPA / LTE,No,"2023, October","Available. Released 2023, November",278.8 x 174.3 x 7.6 mm (10.98 x 6.86 x 0.30 in),568.0,Glass,,Nano-SIM + Nano-SIM,"IPS LCD, 350 nits",,12.0,1200x2000,194,84.3,,Android 13,Mediatek Helio G99 (6 nm),6,Octa-core (2x2.2 GHz Cortex-A76 & 6x2.0 GHz Cortex-A55),Mali-G57 MC2,12,12,256,256,UFS,16.0,1,,No,,No,LED flash,"1440p@30fps, 1080p@30fps",8.0,No,,Yes,"Wi-Fi 802.11 a/b/g/n/ac, dual-band",No,5.2,Type-C,Yes,"GPS, GALILEO, GLONASS, BDS","Accelerometer, gyro, proximity, compass",10800,18,,No,,,230.0,,,,,,,,"Blue, Gray, Black",,,,FM radio
Doogee,Doogee T10Pro,https://www.gsmarena.com/doogee_t10pro-12575.php,https://fdn2.gsmarena.com/vv/bigpic/doogee-t10-pro.jpg,GSM / HSPA / LTE,No,"2023, September","Available. Released 2023, September",242.3 x 161.1 x 8.5 mm (9.54 x 6.34 x 0.33 in),568.0,Glass,,Nano-SIM + Nano-SIM,IPS LCD,,10.1,1200x1920,224,75.8,,Android 12,Unisoc T606 (12 nm),12,Octa-core (2x1.6 GHz Cortex-A75 & 6x1.6 GHz Cortex-A55),Mali-G57 MP1,8,8,256,256,еMMC 5.1,13.0,2,,No,,No,LED flash,"1440p@30fps, 1080p@30fps",8.0,No,,Yes,"Wi-Fi 802.11 a/b/g/n/ac, dual-band",No,5.0,Type-C,Yes,"GPS, GLONASS, GALILEO, BDS","Accelerometer, proximity (accessories only)",8580,18,,No,,,,,,,,,,,"Black, Pink, Purple",,,,Unspecified
Doogee,Doogee T10Plus,https://www.gsmarena.com/doogee_t10plus-12576.php,https://fdn2.gsmarena.com/vv/bigpic/doogee-t10-plus.jpg,GSM / HSPA / LTE,No,"2023, September","Available. Released 2023, September",246.4 x 161.5 x 7.4 mm (9.70 x 6.36 x 0.29 in),505.0,Glass,,Nano-SIM + Nano-SIM,IPS LCD,,10.5,1200x1920,216,80.3,,Android 13,Unisoc T606 (12 nm),12,Octa-core (2x1.6 GHz Cortex-A75 & 6x1.6 GHz Cortex-A55),Mali-G57 MP1,8,8,256,256,еMMC 5.1,13.0,2,,No,,No,LED flash,"1440p@30fps, 1080p@30fps",8.0,No,,Yes,"Wi-Fi 802.11 a/b/g/n/ac, dual-band",No,5.0,Type-C,Yes,"GPS, GLONASS, GALILEO, BDS","Accelerometer, proximity (accessories only), gyro, compass",8250,18,,No,,,,,,,,,,,"Black, Green, Blue",,,,Unspecified
Doogee,Doogee U10 Pro,https://www.gsmarena.com/doogee_u10_pro-13402.php,https://fdn2.gsmarena.com/vv/bigpic/doogee-u10-pro.jpg,No cellular connectivity,No,"2023, September","Available. Released 2023, September",245.3 x 163.3 x 9.9 mm (9.66 x 6.43 x 0.39 in),478.0,,,No,IPS LCD,,10.1,800x1280,149,73.8,,Android 13,RK3562,,Quad-core 2.0 GHz,,8,8,128,128,eMMC 5.1,8.0,1,,No,,No,LED flash,720p@30fps,5.0,No,,720p@30fps,"Wi-Fi 802.11 a/b/g/n/ac/6, dual-band",No,5.0,Type-C,Yes,No,Accelerometer,5060,10,,No,,,,,,,,,,,"Black, Pink, Blue",,,,No
Doogee,Doogee U10,https://www.gsmarena.com/doogee_u10-12577.php,https://fdn2.gsmarena.com/vv/bigpic/doogee-u10.jpg,No cellular connectivity,No,"2023, September","Available. Released 2023, September",245.3 x 163.3 x 9.9 mm (9.66 x 6.43 x 0.39 in),514.0,,,No,IPS LCD,,10.1,800x1280,149,73.8,,Android 13,RK3562,,Quad-core 2.0 GHz,,4,4,128,128,UFS 2.1,8.0,1,,No,,No,LED flash,720p@30fps,5.0,No,,720p@30fps,"Wi-Fi 802.11 a/b/g/n/ac/6, dual-band",No,5.0,Type-C,Yes,No,Accelerometer,5060,10,,No,,,,,,,,,,,"Gray, Green, Purple",,,,No
Doogee,Doogee U9,https://www.gsmarena.com/doogee_u9-13403.php,https://fdn2.gsmarena.com/vv/bigpic/doogee-u9.jpg,No cellular connectivity,No,"2023, November","Available. Released 2023, November",245.3 x 163.3 x 9.9 mm (9.66 x 6.43 x 0.39 in),509.0,,,No,IPS LCD,,10.1,800x1280,149,73.8,,Android 13,RK3562,,Quad-core 2.0 GHz,,3,3,64,64,eMMC 5.1,5.0,1,,No,,No,LED flash,720p@30fps,2.0,No,,Yes,"Wi-Fi 802.11 a/b/g/n/ac/6, dual-band",No,5.0,Type-C,Yes,No,Accelerometer,5060,10,,No,,,,,,,,,,,"Gray, Black, Purple",,,,No
Doogee,Doogee T20mini Kid,https://www.gsmarena.com/doogee_t20mini_kid-12578.php,https://fdn2.gsmarena.com/vv/bigpic/doogee-t20mini-kid.jpg,GSM / HSPA / LTE,No,"2023, September","Available. Released 2023, September",202.5 x 125.8 x 12.4 mm (7.97 x 4.95 x 0.49 in),499.0,,,Nano-SIM + Nano-SIM,"IPS LCD, 350 nits",,8.4,1200x1820,260,82.1,,Android 13,Unisoc T606 (12 nm),12,Octa-core (2x1.6 GHz Cortex-A75 & 6x1.6 GHz Cortex-A55),Mali-G57 MP1,4,4,128,128,eMMC 5.1,13.0,1,,No,,No,LED flash,1080p@30/60fps,5.0,No,,Yes,"Wi-Fi 802.11 a/b/g/n/ac, dual-band",No,5.0,Type-C,Yes,"GPS, GLONASS, GALILEO, BDS","Accelerometer, gyro, compass",5060,10,,No,,,,,,,,,,,Yellow,,,,FM radio
Doogee,Doogee S110,https://www.gsmarena.com/doogee_s110-12509.php,https://fdn2.gsmarena.com/vv/bigpic/doogee-s110.jpg,GSM / CDMA / HSPA / LTE,No,"2023, August 03","Available. Released 2023, August",178.5 x 83.1 x 17.9 mm (7.03 x 3.27 x 0.70 in),390.0,,,Nano-SIM + Nano-SIM,"IPS LCD, 120Hz",120,6.58,1080x2400,400,70.5,Corning Gorilla Glass,Android 13,Mediatek Helio G99 (6 nm),6,Octa-core (2x2.2 GHz Cortex-A76 & 6x2.0 GHz Cortex-A55),Mali-G57 MC2,12,12,256,256,UFS 2.2,50.0,3,1.8,No,1/1.67,No,"Dual-LED flash, HDR, panorama","1440p, 1080p",32.0,No,,"1440p, 1080p","Wi-Fi 802.11 a/b/g/n/ac, dual-band",Yes,5.2,Type-C,No,"GPS, GLONASS, BDS, GALILEO","Fingerprint (side-mounted), accelerometer, gyro, proximity, compass",10800,66,,No,,,320.0,,,,,,,,"Black, Silver, Gold",,,,FM radio
Doogee,Doogee R10,https://www.gsmarena.com/doogee_r10-12510.php,https://fdn2.gsmarena.com/vv/bigpic/doogee-r10.jpg,GSM / HSPA / LTE,No,"2023, March 13","Available. Released 2023, August",258 x 169 x 13.5 mm (10.16 x 6.65 x 0.53 in),826.0,,IP68,Nano-SIM + Nano-SIM,IPS LCD,,10.36,1200x2000,225,70.1,Gorilla Glass 5,Android 13,Mediatek Helio G99 (6 nm),6,Octa-core (2x2.2 GHz Cortex-A76 & 6x2.0 GHz Cortex-A55),Mali-G57 MC2,8,8,128,128,UFS 2.2,20.0,1,,No,,No,"LED flash, HDR, panorama","1440p@30fps, 1080p@30fps",16.0,No,,"1440p@30fps, 1080p@30fps","Wi-Fi 802.11 a/b/g/n/ac/6, dual-band",No,5.2,Type-C,Yes,"GPS, GLONASS, GALILEO, BDS","Accelerometer, gyro, proximity, compass",10800,18,,No,,,240.0,,,,,,,,"Black, Silver",,,,FM radio
Doogee,Doogee T10E,https://www.gsmarena.com/doogee_t10e-12511.php,https://fdn2.gsmarena.com/vv/bigpic/doogee-t10e.jpg,GSM / HSPA / LTE,No,"2023, August 04","Available. Released 2023, August",240.8 x 159.8 x 8.7 mm (9.48 x 6.29 x 0.34 in),427.0,,,Nano-SIM + Nano-SIM,"IPS LCD, 360 nits",,10.1,800x1280,149,76.9,,Android 13,Unisoc T606 (12 nm),12,Octa-core (2x1.6 GHz Cortex-A75 & 6x1.6 GHz Cortex-A55),Mali-G57 MP1,4,4,128,128,eMMC 5.1,8.0,1,,No,,No,LED flash,1080p@30/60fps,5.0,No,,Yes,"Wi-Fi 802.11 a/b/g/n/ac, dual-band",No,5.0,Type-C,Yes,"GPS, GLONASS, GALILEO, BDS","Accelerometer, proximity",6580,10,,No,,,130.0,,,,,,,,"Mint Green, Space Gray, Classic Black",,,,FM radio
Doogee,Doogee T20mini Pro,https://www.gsmarena.com/doogee_t20mini_pro-13404.php,https://fdn2.gsmarena.com/vv/bigpic/doogee-t20-mini-pro.jpg,GSM / HSPA / LTE,No,"2023, October","Available. Released 2023, November",202.5 x 125.8 x 7.4 mm (7.97 x 4.95 x 0.29 in),316.0,,,Nano-SIM + Nano-SIM,"IPS LCD, 350 nits",,8.4,1200x1920,270,80.3,,Android 13,Unisoc T606 (12 nm),12,Octa-core (2x1.6 GHz Cortex-A75 & 6x1.6 GHz Cortex-A55),Mali-G57 MP1,8,8,256,256,eMMC 5.1,13.0,1,,No,,No,LED flash,1080p@30/60fps,5.0,No,,Yes,"Wi-Fi 802.11 a/b/g/n/ac, dual-band",No,5.0,Type-C,Yes,"GPS, GLONASS, GALILEO, BDS","Accelerometer, gyro, compass",5060,10,,No,,,,,,,,,,,"Black, Purple, Green",,,,FM radio
Doogee,Doogee T20mini,https://www.gsmarena.com/doogee_t20mini-12512.php,https://fdn2.gsmarena.com/vv/bigpic/doogee-t20-mini.jpg,GSM / HSPA / LTE,No,"2023, August 04","Available. Released 2023, August",202.5 x 125.8 x 7.4 mm (7.97 x 4.95 x 0.29 in),330.0,,,Nano-SIM + Nano-SIM,"IPS LCD, 350 nits",,8.4,1200x1920,270,80.3,,Android 13,Unisoc T606 (12 nm),12,Octa-core (2x1.6 GHz Cortex-A75 & 6x1.6 GHz Cortex-A55),Mali-G57 MP1,4,4,128,128,eMMC 5.1,13.0,1,,No,,No,LED flash,1080p@30/60fps,5.0,No,,Yes,"Wi-Fi 802.11 a/b/g/n/ac, dual-band",No,5.0,Type-C,Yes,"GPS, GLONASS, GALILEO, BDS","Accelerometer, gyro, compass",5060,10,,No,,,240.0,,,,,,,,"Moonlit Purple, Mint Green, Midnight Black",,,,FM radio
Doogee,Doogee T20S,https://www.gsmarena.com/doogee_t20s-12412.php,https://fdn2.gsmarena.com/vv/bigpic/doogee-t20s.jpg,GSM / HSPA / LTE,No,"2023, July 01","Available. Released 2023, July 01",7.9 mm thickness,,Glass,,Nano-SIM + Nano-SIM,IPS LCD,,10.4,1200x1920,218,,,Android 13,Unisoc Tiger T616 (12 nm),12,Octa-core (2x2.0 GHz Cortex-A75 & 6x1.8 GHz Cortex-A55),Mali-G57 MP1,8,8,128,128,UFS 2.1,13.0,2,,No,,No,"LED flash, HDR, panorama",1080p@30fps,5.0,No,,Yes,Yes,No,,Type-C,Yes,Unspecified,Unspecified,7500,,,No,,,270.0,,,,,,,,"Green, Gray, Black",,,,Unspecified
Doogee,Doogee T10S,https://www.gsmarena.com/doogee_t10s-12411.php,https://fdn2.gsmarena.com/vv/bigpic/doogee-t10s.jpg,GSM / HSPA / LTE,No,"2023, July 01","Available. Released 2023, July 20",8.4 mm thickness,563.0,Glass,,Nano-SIM + Nano-SIM,IPS LCD,,10.1,1200x1920,224,,,Android 13,Unisoc T606 (12 nm),12,Octa-core (2x1.6 GHz Cortex-A75 & 6x1.6 GHz Cortex-A55),Mali-G57 MP1,6,6,128,128,UFS 2.1,8.0,2,,No,,No,"LED flash, HDR, panorama",1080p@30fps,5.0,No,,Yes,Yes,No,,Type-C,Yes,Unspecified,Unspecified,6600,,,No,,,180.0,,,,,,,,"Mint Green, Neptune Blue, Space Gray",,,,Unspecified
Doogee,Doogee N50 Pro,https://www.gsmarena.com/doogee_n50_pro-13400.php,https://fdn2.gsmarena.com/vv/bigpic/doogee-n50-pro.jpg,GSM / HSPA / LTE,No,"2023, October","Available. Released 2023, November",165.8 x 76.2 x 9.1 mm (6.53 x 3.00 x 0.36 in),,,,Nano-SIM + Nano-SIM,"IPS LCD, 390 nits (peak)",,6.52,720x1600,269,81.2,,Android 13,Unisoc T606 (12 nm),12,Octa-core (2x1.6 GHz Cortex-A75 & 6x1.6 GHz Cortex-A55),Mali-G57 MP1,8,8,256,256,,50.0,2,1.8,No,,No,"Triple-LED flash, HDR, panorama",Yes,8.0,No,,Yes,"Wi-Fi 802.11 a/b/g/n/ac, dual-band",No,5.0,Type-C,Yes,"GPS, GLONASS, BDS, GALILEO","Fingerprint (side-mounted), accelerometer, proximity, compass",4200,18,,No,,,110.0,,,,,,,,"Black, Purple, Green",,,,FM radio
Doogee,Doogee N50S,https://www.gsmarena.com/doogee_n50s-13401.php,https://fdn2.gsmarena.com/vv/bigpic/doogee-n50s.jpg,GSM / HSPA / LTE,No,"2023, April","Available. Released 2023, May",165.8 x 76.2 x 9.1 mm (6.53 x 3.00 x 0.36 in),,,,Nano-SIM + Nano-SIM,"IPS LCD, 390 nits (peak)",,6.52,720x1600,269,81.2,,Android 13,Unisoc T606 (12 nm),12,Octa-core (2x1.6 GHz Cortex-A75 & 6x1.6 GHz Cortex-A55),Mali-G57 MP1,4,4,128,128,,20.0,2,,No,,No,"Triple-LED flash, HDR, panorama",Yes,8.0,No,,Yes,"Wi-Fi 802.11 a/b/g/n/ac, dual-band",No,5.0,Type-C,Yes,"GPS, GLONASS, BDS, GALILEO","Accelerometer, proximity, compass",4200,10,,No,,,,,,,,,,,"Blue, Pink, Black",,,,FM radio
Doogee,Doogee N50,https://www.gsmarena.com/doogee_n50-12369.php,https://fdn2.gsmarena.com/vv/bigpic/doogee-n50.jpg,GSM / HSPA / LTE,No,"2023, April 25","Available. Released 2023, May",165.8 x 76.2 x 9.1 mm (6.53 x 3.00 x 0.36 in),,,,Nano-SIM + Nano-SIM,"IPS LCD, 390 nits (peak)",,6.52,720x1600,269,81.2,,Android 13,Unisoc T606 (12 nm),12,Octa-core (2x1.6 GHz Cortex-A75 & 6x1.6 GHz Cortex-A55),Mali-G57 MP1,8,8,128,128,,50.0,2,1.8,No,,No,"Triple-LED flash, HDR, panorama",Yes,8.0,No,,Yes,"Wi-Fi 802.11 a/b/g/n/ac, dual-band",No,5.0,Type-C,Yes,"GPS, GLONASS, BDS, GALILEO","Fingerprint (side-mounted), accelerometer, proximity, compass",4200,18,,No,,,180.0,,,,,,,,"Fairy pink, Electric blue, Granite black",,,,FM radio
Doogee,Doogee V30T,https://www.gsmarena.com/doogee_v30t-12368.php,https://fdn2.gsmarena.com/vv/bigpic/doogee-v30t.jpg,GSM / CDMA / HSPA / LTE / 5G,Yes,"2023, April 16","Available. Released 2023, May",178.4 x 83.1 x 17.8 mm (7.02 x 3.27 x 0.70 in),376.0,,IP68,Nano-SIM + Nano-SIM,"IPS LCD, 120Hz",120,6.58,1080x2408,401,70.4,Gorilla Glass 5,Android 12,Mediatek Dimensity 1080 (6 nm),6,Octa-core (2x2.6 GHz Cortex-A78 & 6x2.0 GHz Cortex-A55),Mali-G68 MC4,12,12,256,256,UFS 3.1,108.0,3,1.8,Yes,1/1.52,Yes,"Dual-LED flash, HDR, panorama","4K@30fps, 1080p@30fps",32.0,Yes,,"4K@30fps, 1080p@30fps","Wi-Fi 802.11 a/b/g/n/ac/6, dual-band",Yes,5.2,Type-C,No,"GPS (L1+L5), GLONASS, GALILEO, BDS","Fingerprint (side-mounted), accelerometer, gyro, proximity, compass",10800,66,15,No,,,420.0,,,,,,,,"Marble Black, Rose Gold, Galaxy Gray",,,,FM radio
Doogee,Doogee S100 Pro,https://www.gsmarena.com/doogee_s100_pro-12367.php,https://fdn2.gsmarena.com/vv/bigpic/doogee-s100-pro-new.jpg,GSM / CDMA / HSPA / LTE,No,"2023, May 28","Available. Released 2023, June 01",178.5 x 83.1 x 27.3 mm (7.03 x 3.27 x 1.07 in),,,IP68,Nano-SIM + Nano-SIM,IPS LCD,,6.58,1080x2408,401,70.3,Gorilla Glass 5,Android 12,Mediatek Helio G99 (6 nm),6,Octa-core (2x2.2 GHz Cortex-A76 & 6x2.0 GHz Cortex-A55),Mali-G57 MC2,12,12,256,256,UFS 3.1,108.0,3,1.8,No,1/1.52,No,"Dual-LED flash, HDR, panorama","1440p, 1080p",32.0,No,,"1440p, 1080p","Wi-Fi 802.11 a/b/g/n/ac, dual-band",Yes,5.0,Type-C,No,"GPS (L1+L5), GLONASS, BDS, GALILEO","Fingerprint (side-mounted), accelerometer, gyro, proximity, compass",22000,33,,No,,,300.0,,,,,,,,"Black, Black/Silver, Black/Gold",,,,FM radio
Doogee,Doogee V20 Pro,https://www.gsmarena.com/doogee_v20_pro-12366.php,https://fdn2.gsmarena.com/vv/bigpic/doogee-v20-pro.jpg,GSM / CDMA / HSPA / LTE / 5G,Yes,"2023, May 28","Available. Released 2023, June 01",170.5 x 81.2 x 14 mm (6.71 x 3.20 x 0.55 in),296.0,,IP68,Nano-SIM + Nano-SIM,"AMOLED, 500 nits (peak)",,6.43,1080x2400,409,72.1,Gorilla Glass 5,Android 12,Mediatek Dimensity 700 (7 nm),7,Octa-core (2x2.2 GHz Cortex-A76 & 6x2.0 GHz Cortex-A55),Mali-G57 MC2,12,12,256,256,UFS 2.2,64.0,3,1.8,Yes,,No,"Dual-LED flash, HDR, panorama","1440p, 1080p",16.0,No,,"1440p, 1080p","Wi-Fi 802.11 a/b/g/n/ac, dual-band",Yes,5.1,Type-C,No,"GPS, GLONASS, BDS, GALILEO","Fingerprint (side-mounted), accelerometer, gyro, proximity, compass",6000,33,,No,,,460.0,,,,,,,,"Black, Silver, Orange, Blue",,,,FM radio
Doogee,Doogee T30 Pro,https://www.gsmarena.com/doogee_t30_pro-12370.php,https://fdn2.gsmarena.com/vv/bigpic/doogee-t30-pro.jpg,GSM / HSPA / LTE,No,"2023, May 23","Available. Released 2023, June 12",257 x 168.7 x 7.6 mm (10.12 x 6.64 x 0.30 in),,,,Nano-SIM + Nano-SIM,"IPS LCD, 350 nits (peak)",,11.0,1600x2560,274,80.9,,Android 13,Mediatek Helio G99 (6 nm),6,Octa-core (2x2.2 GHz Cortex-A76 & 6x2.0 GHz Cortex-A55),Mali-G57 MC2,15,15,256,256,UFS 2.2,20.0,2,,No,,No,"LED flash, HDR, panorama","1440p@30fps, 1080p@30fps",8.0,No,,1080p@30fps,"Wi-Fi 802.11 a/b/g/n/ac, dual-band",No,5.2,Type-C,Yes,"GPS, GLONASS, GALILEO, BDS","Accelerometer, proximity",8580,18,,No,,,330.0,,,,,,,,"Space Gray, MInt Green, Ice Blue",,,,FM radio
Doogee,Doogee X98 Pro,https://www.gsmarena.com/doogee_x98_pro-12129.php,https://fdn2.gsmarena.com/vv/bigpic/doogee-x98-pro.jpg,GSM / HSPA / LTE,No,"2022, November","Available. Released 2022, November 10",165.3 x 76.3 x 8.8 mm (6.51 x 3.00 x 0.35 in),,,,Nano-SIM + Nano-SIM,IPS LCD,,6.52,720x1600,269,81.4,,Android 12,Mediatek MT6762 Helio G25 (12 nm),12,Octa-core (4x2.0 GHz Cortex-A53 & 4x1.5 GHz Cortex-A53),PowerVR GE8320,4,4,64,64,eMMC 5.1,12.0,2,1.8,No,,No,"Triple-LED flash, HDR, panorama",Yes,8.0,No,,Yes,"Wi-Fi 802.11 a/b/g/n/ac, dual-band",No,5.0,Type-C,Yes,"GPS, GLONASS, BDS, GALILEO","Accelerometer, proximity, compass",4200,10,,No,,,130.0,,,,,,,,"Emerald Green, Ocean Blue, Graphite Gray",,,,FM radio
Doogee,Doogee X98,https://www.gsmarena.com/doogee_x98-12130.php,https://fdn2.gsmarena.com/vv/bigpic/doogee-x98-pro.jpg,GSM / HSPA / LTE,No,"2022, November","Available. Released 2022, November 10",165.3 x 76.3 x 8.8 mm (6.51 x 3.00 x 0.35 in),,,,Nano-SIM + Nano-SIM,IPS LCD,,6.52,720x1600,269,81.4,,Android 12,Mediatek MT6761 Helio A22 (12 nm),12,Quad-core 2.0 GHz Cortex-A53,PowerVR GE8320,3,3,16,16,eMMC 5.1,8.0,2,1.8,No,,No,"Triple-LED flash, HDR, panorama",Yes,5.0,No,,Yes,"Wi-Fi 802.11 a/b/g/n/ac, dual-band",No,5.0,Type-C,Yes,"GPS, GLONASS, BDS, GALILEO","Accelerometer, proximity",4200,,,No,,,100.0,,,,,,,,"Emerald Green, Ocean Blue, Graphite Gray",,,,FM radio
Doogee,Doogee S99,https://www.gsmarena.com/doogee_s99-12128.php,https://fdn2.gsmarena.com/vv/bigpic/doogee-s99-.jpg,GSM / CDMA / HSPA / LTE,No,"2022, December 05","Available. Released 2022, December 05",172 x 82 x 15.5 mm (6.77 x 3.23 x 0.61 in),,,IP68,Nano-SIM + Nano-SIM,IPS LCD,,6.3,1080x2340,409,69.1,Corning Gorilla Glass,Android 12,Mediatek MT6781 Helio G96 (12 nm),12,Octa-core (2x2.05 GHz Cortex-A76 & 6x2.0 GHz Cortex-A55),Mali-G57 MC2,8,8,128,128,,108.0,3,1.9,No,1/1.52,No,"Dual-LED flash, HDR, panorama","1440p@30fps, 1080p@30fps",32.0,No,,1080p@30fps,"Wi-Fi 802.11 a/b/g/n/ac, dual-band",Yes,5.1,Type-C,No,"GPS, GLONASS, GALILEO, BDS","Fingerprint (side-mounted), accelerometer, gyro, proximity, compass",6000,33,15,No,,,250.0,,,,,,,,"Gold, Black",,,,FM radio
Doogee,Doogee V Max,https://www.gsmarena.com/doogee_v_max-12122.php,https://fdn2.gsmarena.com/vv/bigpic/doogee-v-max.jpg,GSM / CDMA / HSPA / LTE / 5G,Yes,"2023, February 13","Available. Released 2023, February 13",178.5 x 83.1 x 27.3 mm (7.03 x 3.27 x 1.07 in),,,IP68,Nano-SIM + Nano-SIM,"IPS LCD, 120Hz",120,6.58,1080x2408,401,70.3,Gorilla Glass 5,Android 12,Mediatek Dimensity 1080 (6 nm),6,Octa-core (2x2.6 GHz Cortex-A78 & 6x2.0 GHz Cortex-A55),Mali-G68 MC4,12,12,256,256,UFS 3.1,108.0,3,1.8,No,1/1.52,Yes,"Dual-LED flash, HDR, panorama","4K@30fps, 1080p@30fps",32.0,No,,"1440p, 1080p","Wi-Fi 802.11 a/b/g/n/ac/6, dual-band",Yes,5.2,Type-C,No,"GPS (L1+L5), GLONASS, GALILEO, BDS","Fingerprint (side-mounted), accelerometer, gyro, proximity, compass",22000,33,,No,,,60.0,,,,,,,,"Sunshine Gold, Classic Black, Moonshine Silver",,,,FM radio
Doogee,Doogee S100,https://www.gsmarena.com/doogee_s100-12111.php,https://fdn2.gsmarena.com/vv/bigpic/doogee-s100-pro-.jpg,GSM / CDMA / HSPA / LTE,No,"2023, February 07","Available. Released 2023, March 20",178.5 x 83.1 x 17.9 mm (7.03 x 3.27 x 0.70 in),,,IP68,Nano-SIM + Nano-SIM,IPS LCD,,6.58,1080x2408,401,70.3,Corning Gorilla Glass,Android 12,Mediatek Helio G99 (6 nm),6,Octa-core (2x2.2 GHz Cortex-A76 & 6x2.0 GHz Cortex-A55),Mali-G57 MC2,12,12,256,256,UFS 2.2,108.0,3,1.8,No,1/1.52,No,"Dual-LED flash, HDR, panorama","1440p, 1080p",32.0,No,,"1440p, 1080p","Wi-Fi 802.11 a/b/g/n/ac/6, dual-band",Yes,5.0,Type-C,No,"GPS, GLONASS, BDS, GALILEO","Fingerprint (side-mounted), accelerometer, gyro, proximity, compass",10800,66,15,No,,,270.0,,,,,,,,"Ice Blue, Cyber Yellow, Classic Black",,,,FM radio
Doogee,Doogee V30,https://www.gsmarena.com/doogee_v30-12123.php,https://fdn2.gsmarena.com/vv/bigpic/doogee-v30.jpg,GSM / CDMA / HSPA / LTE / 5G,Yes,"2022, December 12","Available. Released 2022, December 22",178.4 x 83.1 x 18.3 mm (7.02 x 3.27 x 0.72 in),376.0,,IP68,Nano-SIM + eSIM,"IPS LCD, 120Hz",120,6.58,1080x2408,401,70.4,Gorilla Glass 5,Android 12,Mediatek Dimensity 900 (6 nm),6,Octa-core (2x2.4 GHz Cortex-A78 & 6x2.0 GHz Cortex-A55),Mali-G68 MC4,8,8,256,256,UFS 3.1,108.0,3,1.8,No,1/1.52,Yes,"Dual-LED flash, HDR, panorama","4K@30fps, 1080p@30fps",32.0,Yes,,"4K@30fps, 1080p@30fps","Wi-Fi 802.11 a/b/g/n/ac/6, dual-band",Yes,5.2,Type-C,No,"GPS (L1+L5), GLONASS, GALILEO, BDS","Fingerprint (side-mounted), accelerometer, gyro, proximity, compass",10800,66,15,No,,,330.0,,,,,,,,"Orange, Black",,,,FM radio
Doogee,Doogee T20,https://www.gsmarena.com/doogee_t20-12132.php,https://fdn2.gsmarena.com/vv/bigpic/doogee-t20.jpg,GSM / HSPA / LTE,No,"2022, December 22","Available. Released 2022, December 22",245.8 x 155.6 x 7.9 mm (9.68 x 6.13 x 0.31 in),478.0,,,Nano-SIM + Nano-SIM,"IPS LCD, 320 nits (peak)",,10.4,1200x2000,224,80.5,,Android 12,Unisoc Tiger T616 (12 nm),12,Octa-core (2x2.0 GHz Cortex-A75 & 6x1.8 GHz Cortex-A55),Mali-G57 MP1,8,8,256,256,UFS 2.1,16.0,1,,No,1/3.0,No,"LED flash, HDR, panorama","1440p@30fps, 1080p@30fps",8.0,No,,1080p@30fps,"Wi-Fi 802.11 a/b/g/n/ac, dual-band",No,5.0,Type-C,No,"GPS, GLONASS, GALILEO, BDS","Accelerometer, proximity (accessories only)",8300,18,,No,,,200.0,,,,,,,,"Gray, Blue, Green, Pink, Purple",,,,FM radio
Doogee,Doogee T10,https://www.gsmarena.com/doogee_t10-11969.php,https://fdn2.gsmarena.com/vv/bigpic/doogee-t10.jpg,GSM / HSPA / LTE,No,"2022, November 01","Available. Released 2022, November 01",242.3 x 161.1 x 7.5 mm (9.54 x 6.34 x 0.30 in),,Glass,,Nano-SIM + Nano-SIM,"IPS LCD, 300 nits (typ)",,10.1,1200x1920,224,75.8,,Android 12,Unisoc T606 (12 nm),12,Octa-core (2x1.6 GHz Cortex-A75 & 6x1.6 GHz Cortex-A55),Mali-G57 MP1,8,8,128,128,eMMC 5.1,13.0,2,,No,,No,"LED flash, HDR, panorama","1440p@30fps, 1080p@30fps",8.0,No,,1080p@30fps,"Wi-Fi 802.11 a/b/g/n/ac, dual-band",No,5.0,Type-C,Yes,"GPS, GLONASS, GALILEO, BDS",Gyro,8300,18,,No,,,140.0,,,,,,,,"Space Gray, Moonlight Silver, Neptune Blue",,,,FM radio
Doogee,Doogee S96 GT,https://www.gsmarena.com/doogee_s96_gt-11934.php,https://fdn2.gsmarena.com/vv/bigpic/doogee-s96-gt.jpg,GSM / CDMA / HSPA / LTE,No,"2022, October 13","Available. Released 2022, October 13",167 x 81.4 x 15.5 mm (6.57 x 3.20 x 0.61 in),310.0,,IP68,Nano-SIM + Nano-SIM,IPS LCD,,6.22,720x1520,270,71.0,Corning Gorilla Glass,Android 12,Mediatek MT6785V/CD Helio G95 (12 nm),12,Octa-core (2x2.05 GHz Cortex-A76 & 6x2.0 GHz Cortex-A55),Mali-G76 MC4,8,8,256,256,UFS,48.0,4,1.8,No,,Yes,"Quad-LED flash, HDR, panorama","4K, 1080p",32.0,No,,1080p,"Wi-Fi 802.11 a/b/g/n/ac, dual-band",Yes,5.0,Type-C,Yes,"GPS, GLONASS, BDS, GALILEO","Fingerprint (side-mounted), accelerometer, gyro, proximity, compass",6350,24,15,No,,,340.0,,,,,,,,"Black, Orange, Gold",,,,FM radio
Doogee,Doogee S89,https://www.gsmarena.com/doogee_s89-11775.php,https://fdn2.gsmarena.com/vv/bigpic/doogee-s89.jpg,GSM / CDMA / HSPA / LTE,No,"2022, August 22","Available. Released 2022, August 28",172 x 86 x 19.4 mm (6.77 x 3.39 x 0.76 in),400.0,,IP68,Nano-SIM + Nano-SIM,IPS LCD,,6.3,1080x2340,409,65.9,Corning Gorilla Glass,Android 12,Mediatek MT6779 Helio P90 (12 nm),12,Octa-core (2x2.1 GHz Cortex-A75 & 6x2.0 GHz Cortex-A55),PowerVR GM9446,8,8,128,128,,48.0,3,1.8,No,,No,"Dual-LED flash, HDR, panorama","1440p, 1080p",16.0,No,,1080p,"Wi-Fi 802.11 a/b/g/n/ac, dual-band",Yes,5.1,Type-C,Yes,"GPS, GLONASS, BDS, GALILEO","Fingerprint (side-mounted), accelerometer, gyro, proximity, compass",12000,33,15,No,,,280.0,,,,,,,,"Black, Orange",,,,FM radio
Doogee,Doogee S89 Pro,https://www.gsmarena.com/doogee_s89_pro-11774.php,https://fdn2.gsmarena.com/vv/bigpic/doogee-s89-pro.jpg,GSM / CDMA / HSPA / LTE,No,"2022, August 22","Available. Released 2022, August 25",172 x 86 x 19.4 mm (6.77 x 3.39 x 0.76 in),400.0,,IP68,Nano-SIM + Nano-SIM,IPS LCD,,6.3,1080x2340,409,65.9,Corning Gorilla Glass,Android 12,Mediatek MT6779 Helio P90 (12 nm),12,Octa-core (2x2.1 GHz Cortex-A75 & 6x2.0 GHz Cortex-A55),PowerVR GM9446,8,8,256,256,,64.0,3,1.8,No,,No,"Dual-LED flash, HDR, panorama","1440p, 1080p",16.0,No,,1080p,"Wi-Fi 802.11 a/b/g/n/ac, dual-band",Yes,5.1,Type-C,Yes,"GPS, GLONASS, BDS, GALILEO","Fingerprint (side-mounted), accelerometer, gyro, proximity, compass",12000,65,,No,,,370.0,,,,,,,,"Black, Orange",,,,FM radio
Doogee,Doogee X97,https://www.gsmarena.com/doogee_x97-11814.php,https://fdn2.gsmarena.com/vv/bigpic/doogee-x97.jpg,GSM / HSPA / LTE,No,"2022, August","Available. Released 2022, August",162 x 76.9 x 9.7 mm (6.38 x 3.03 x 0.38 in),,,,Nano-SIM + Nano-SIM,IPS LCD,,6.0,720x1440,268,74.6,,Android 12,Mediatek MT6761 Helio A22 (12 nm),12,Quad-core 2.0 GHz Cortex-A53,PowerVR GE8320,3,3,16,16,eMMC 5.1,8.0,2,1.8,No,,No,Triple-LED flash,720p,5.0,No,,720p,"Wi-Fi 802.11 a/b/g/n/ac, dual-band",No,5.0,Type-C,Yes,"GPS, GLONASS, BDS, GALILEO","Accelerometer, proximity, compass",4200,,,No,,,100.0,,,,,,,,"Black, Blue, Green",,,,FM radio
Doogee,Doogee D11,https://www.gsmarena.com/doogee_d11-11799.php,https://fdn2.gsmarena.com/vv/bigpic/doogee-d11th.jpg,No cellular connectivity,No,"2022, July 25","Available. Released 2022, July 25",46 x 46 x 10.7 mm (1.81 x 1.81 x 0.42 in),38.0,Plastic,IP68,No,IPS LCD,,1.32,360x360,386,,,Proprietary,Realtek 8763EW,,,,,,,,,,,,No,,No,,,,No,,,No,Yes,5.2,No,No,No,"Accelerometer, heart rate, SpO2",300,,,No,,,50.0,,,,,,,,"Silver, Yellow",,,,No
Doogee,Doogee V11,https://www.gsmarena.com/doogee_v11-11806.php,https://fdn2.gsmarena.com/vv/bigpic/doogee-v11.jpg,GSM / CDMA / HSPA / LTE / 5G,Yes,"2022, July 15","Available. Released 2022, July",169.3 x 81.2 x 16.1 mm (6.67 x 3.20 x 0.63 in),340.0,,IP68,Nano-SIM + Nano-SIM,IPS LCD,,6.39,720x1560,269,72.9,Corning Gorilla Glass,Android 11,Mediatek Dimensity 700 (7 nm),7,Octa-core (2x2.2 GHz Cortex-A76 & 6x2.0 GHz Cortex-A55),Mali-G57 MC2,8,8,128,128,UFS 2.2,48.0,3,1.8,No,,No,"Dual-LED flash, HDR, panorama","1440p, 1080p",16.0,No,,1080p,"Wi-Fi 802.11 a/b/g/n/ac, dual-band",Yes,5.2,Type-C,No,"GPS, GLONASS, BDS, GALILEO","Fingerprint (side-mounted), accelerometer, gyro, proximity, compass, infrared thermometer (surface temperature)",8500,65,10,No,,,350.0,,,,,,,,"Black, Orange, Red",,,,FM radio
Doogee,Doogee CS3,https://www.gsmarena.com/doogee_cs3-11798.php,https://fdn2.gsmarena.com/vv/bigpic/doogee-cs3th.jpg,No cellular connectivity,No,"2022, July 09","Available. Released 2022, July 09",43.9 x 35.4 x 11.3 mm (1.73 x 1.39 x 0.44 in),38.0,Plastic,IP68,No,IPS LCD,,1.69,240x280,218,,,Proprietary,Realtek 8762DK,,,,,,,,,,,,No,,No,,,,No,,,No,No,5.1,No,No,No,"Accelerometer, heart rate, SpO2",235,,,No,,,40.0,,,,,,,,"Black, Pink, Green, Purple, Blue",,,,No
Doogee,Doogee S61 Pro,https://www.gsmarena.com/doogee_s61_pro-11784.php,https://fdn2.gsmarena.com/vv/bigpic/doogee-s61-pro.jpg,GSM / CDMA / HSPA / LTE,No,"2022, June 23","Available. Released 2022, July",167.4 x 81.4 x 14.6 mm (6.59 x 3.20 x 0.57 in),266.0,,IP68,Nano-SIM + Nano-SIM,IPS LCD,,6.0,720x1440,268,68.2,Corning Gorilla Glass,Android 12,Mediatek MT6765G Helio G35 (12 nm),12,Octa-core (4x2.3 GHz Cortex-A53 & 4x1.8 GHz Cortex-A53),PowerVR GE8320,6,6,128,128,,48.0,2,1.8,No,,No,"Quad-LED flash, HDR, panorama",1080p,16.0,No,,1080p,"Wi-Fi 802.11 a/b/g/n/ac, dual-band",Yes,5.0,Type-C,Yes,"GPS, GLONASS, GALILEO, BDS","Fingerprint (side-mounted), accelerometer, gyro, proximity, compass",5180,10,,No,,,190.0,,,,,,,,"Transparent, Wood Grain, Carbon Fiber, AG Frost",,,,FM radio
Doogee,Doogee S61,https://www.gsmarena.com/doogee_s61-11785.php,https://fdn2.gsmarena.com/vv/bigpic/doogee-s61.jpg,GSM / CDMA / HSPA / LTE,No,"2022, June 23","Available. Released 2022, July",167.4 x 81.4 x 14.6 mm (6.59 x 3.20 x 0.57 in),266.0,,IP68,Nano-SIM + Nano-SIM,IPS LCD,,6.0,720x1440,268,68.2,Corning Gorilla Glass,Android 12,Mediatek MT6765G Helio G35 (12 nm),12,Octa-core (4x2.3 GHz Cortex-A53 & 4x1.8 GHz Cortex-A53),PowerVR GE8320,6,6,64,64,,20.0,2,1.8,No,,No,"Quad-LED flash, HDR, panorama",1080p,8.0,No,,1080p,"Wi-Fi 802.11 a/b/g/n/ac, dual-band",Yes,5.0,Type-C,Yes,"GPS, GLONASS, GALILEO, BDS","Fingerprint (side-mounted), accelerometer, gyro, proximity, compass",5180,10,,No,,,170.0,,,,,,,,"Transparent, Wood Grain, Carbon Fiber, AG Frost",,,,FM radio
Doogee,Doogee S51,https://www.gsmarena.com/doogee_s51-13393.php,https://fdn2.gsmarena.com/vv/bigpic/doogee-s51.jpg,GSM / CDMA / HSPA / LTE,No,"2022, September","Available. Released 2022, September",167.4 x 81.4 x 14.6 mm (6.59 x 3.20 x 0.57 in),,,IP68,Nano-SIM + Nano-SIM,IPS LCD,,6.0,720x1440,268,68.2,Corning Gorilla Glass,Android 12,Mediatek Helio G25 (12 nm),12,Octa-core (4x2.0 GHz Cortex-A53 & 4x1.5 GHz Cortex-A53),PowerVR GE8320,4,4,64,64,,12.0,2,1.8,No,,No,Quad-LED flash,1080p,8.0,No,,1080p,"Wi-Fi 802.11 a/b/g/n/ac, dual-band",Yes,5.0,Type-C,Yes,"GPS, GLONASS, GALILEO, BDS","Accelerometer, proximity, compass",5180,10,,No,,,,,,,,,,,"Black, Green, Orange",,,,FM radio
Doogee,Doogee X97 Pro,https://www.gsmarena.com/doogee_x97_pro-11815.php,https://fdn2.gsmarena.com/vv/bigpic/doogee-x97-pro.jpg,GSM / HSPA / LTE,No,"2022, June","Available. Released 2022, July",162 x 76.9 x 9.7 mm (6.38 x 3.03 x 0.38 in),,,,Nano-SIM + Nano-SIM,IPS LCD,,6.0,720x1440,268,74.6,,Android 12,Mediatek MT6762G Helio G25 (12 nm),12,Octa-core (4x2.0 GHz Cortex-A53 & 4x1.5 GHz Cortex-A53),PowerVR GE8320,4,4,64,64,eMMC 5.1,12.0,2,1.8,No,,No,Triple-LED flash,1080p,5.0,No,,720p,"Wi-Fi 802.11 a/b/g/n/ac, dual-band",Yes,5.0,Type-C,Yes,"GPS, GLONASS, BDS, GALILEO","Accelerometer, proximity, compass",4200,,,No,,,120.0,,,,,,,,"Black, Blue, Green",,,,FM radio
Doogee,Doogee S98 Pro,https://www.gsmarena.com/doogee_s98_pro-11802.php,https://fdn2.gsmarena.com/vv/bigpic/doogee-s98-pro.jpg,GSM / CDMA / HSPA / LTE,No,"2022, May 27","Available. Released 2022, June 06",172 x 82 x 15.5 mm (6.77 x 3.23 x 0.61 in),320.0,,IP68,Nano-SIM + Nano-SIM,"IPS LCD, 500 nits (peak)",,6.3,1080x2340,409,69.1,Corning Gorilla Glass,Android 12,Mediatek MT6781 Helio G96 (12 nm),12,Octa-core (2x2.05 GHz Cortex-A76 & 6x2.0 GHz Cortex-A55),Mali-G57 MC2,8,8,256,256,UFS 2.2,48.0,3,1.8,No,,No,"Dual-LED flash, HDR, panorama","1440p, 1080p",16.0,No,,1080p,"Wi-Fi 802.11 a/b/g/n/ac, dual-band",Yes,5.1,Type-C,No,"GPS, GLONASS, BDS, GALILEO","Fingerprint (side-mounted), accelerometer, gyro, proximity, compass",6000,33,15,No,,,470.0,,,,,,,,Black,,,,FM radio
Doogee,Doogee S98,https://www.gsmarena.com/doogee_s98-11804.php,https://fdn2.gsmarena.com/vv/bigpic/doogee-s98.jpg,GSM / CDMA / HSPA / LTE,No,"2022, March 18","Available. Released 2022, March 28",172 x 82 x 15.5 mm (6.77 x 3.23 x 0.61 in),320.0,,IP68,Nano-SIM + Nano-SIM,"IPS LCD, 500 nits (peak)",,6.3,1080x2340,409,69.1,Corning Gorilla Glass,Android 12,Mediatek MT6781 Helio G96 (12 nm),12,Octa-core (2x2.05 GHz Cortex-A76 & 6x2.0 GHz Cortex-A55),Mali-G57 MC2,8,8,256,256,UFS 2.2,64.0,3,1.8,No,,No,"Dual-LED flash, HDR, panorama","1440p, 1080p",16.0,No,,1080p,"Wi-Fi 802.11 a/b/g/n/ac, dual-band",Yes,5.1,Type-C,No,"GPS, GLONASS, BDS, GALILEO","Fingerprint (side-mounted), accelerometer, gyro, proximity, compass",6000,33,15,No,,,350.0,,,,,,,,"Black, Orange, Red",,,,FM radio
Doogee,Doogee S35T,https://www.gsmarena.com/doogee_s35t-11790.php,https://fdn2.gsmarena.com/vv/bigpic/doogee-s35t.jpg,GSM / HSPA / LTE,No,"2021, December 19","Available. Released 2021, December",153.4 x 82.9 x 15.7 mm (6.04 x 3.26 x 0.62 in),260.0,,IP68,Nano-SIM + Nano-SIM,IPS LCD,,5.0,720x1280,294,54.2,Corning Gorilla Glass,Android 11,Unisoc UMS312 (12 nm),12,Quad-core 2.0 GHz,PowerVR GE8300,3,3,64,64,eMMC 5.1,13.0,3,2.2,No,,No,LED flash,1080p,5.0,No,,Yes,"Wi-Fi 802.11 a/b/g/n/ac, dual-band",No,5.0,Micro-USB,Yes,"GPS, GLONASS, GALILEO, BDS","Accelerometer, proximity, compass",4350,10,,No,,,130.0,,,,,,,,"Black, Orange, Red",,,,FM radio
Doogee,Doogee V20,https://www.gsmarena.com/doogee_v20-11807.php,https://fdn2.gsmarena.com/vv/bigpic/doogee-v20.jpg,GSM / CDMA / HSPA / LTE / 5G,Yes,"2021, November 27","Available. Released 2022, January",170.5 x 81.2 x 14 mm (6.71 x 3.20 x 0.55 in),296.0,,IP68,Nano-SIM + Nano-SIM,"AMOLED, 500 nits (peak)",,6.43,1080x2400,409,72.1,Corning Gorilla Glass,Android 11,Mediatek Dimensity 700 (7 nm),7,Octa-core (2x2.2 GHz Cortex-A76 & 6x2.0 GHz Cortex-A55),Mali-G57 MC2,8,8,256,256,UFS 2.2,64.0,3,1.8,No,,No,"Dual-LED flash, HDR, panorama","1440p, 1080p",16.0,No,,1080p,"Wi-Fi 802.11 a/b/g/n/ac, dual-band",Yes,5.1,Type-C,No,"GPS, GLONASS, BDS, GALILEO","Fingerprint (side-mounted), accelerometer, gyro, proximity, compass",6000,33,15,No,,,440.0,,,,,,,,"Black, Gray, Red",,,,FM radio
Doogee,Doogee CR1 Pro,https://www.gsmarena.com/doogee_cr1_pro-11797.php,https://fdn2.gsmarena.com/vv/bigpic/doogee-cr1proth.jpg,No cellular connectivity,No,"2021, November","Available. Released 2021, November",45 x 45 x 11.5 mm (1.77 x 1.77 x 0.45 in),47.0,Plastic,,No,TFT LCD,,1.28,240x240,265,,,Proprietary,nRF52840,,,,,,,,,,,,No,,No,,,,No,,,No,No,5.0,No,No,GPS,"Accelerometer, heart rate, SpO2",300,,,No,,,60.0,,,,,,,,Grey Black,,,,No
Doogee,Doogee X96,https://www.gsmarena.com/doogee_x96-11812.php,https://fdn2.gsmarena.com/vv/bigpic/doogee-x96.jpg,GSM / HSPA / LTE,No,"2021, September 30","Available. Released 2021, October 11",165.2 x 76.7 x 9.7 mm (6.50 x 3.02 x 0.38 in),198.0,,,Nano-SIM + Nano-SIM,IPS LCD,,6.52,720x1600,269,81.0,,Android 11 (Go edition),Unisoc SC9863A (28 nm),28,Octa-core (4x1.6 GHz Cortex-A55 & 4x1.2 GHz Cortex-A55),IMG8322,2,2,32,32,eMMC 5.1,8.0,4,2.0,No,,No,LED flash,1080p,5.0,No,,720p,Wi-Fi 802.11 b/g/n,No,4.2,Micro-USB,Yes,"GPS, GLONASS, BDS","Fingerprint (rear-mounted), accelerometer, proximity",5400,10,,No,,,130.0,,,,,,,,"Black, Blue, Green, Red",,,,FM radio
Doogee,Doogee DG Ares,https://www.gsmarena.com/doogee_dg_ares-11796.php,https://fdn2.gsmarena.com/vv/bigpic/doogee-dgaresth.jpg,No cellular connectivity,No,"2021, September 27","Available. Released 2021, September 27",45.9 x 45.9 x 10.3 mm (1.81 x 1.81 x 0.41 in),47.0,Plastic,,No,IPS LCD,,1.32,360x360,386,,,Proprietary,Realtek 8762C,,,,,,,,,,,,No,,No,,,,No,,,No,No,5.0,No,No,No,"Accelerometer, heart rate",300,,,No,,,40.0,,,,,,,,"Green, Rose Gold, Black",,,,No
Doogee,Doogee X93,https://www.gsmarena.com/doogee_x93-11808.php,https://fdn2.gsmarena.com/vv/bigpic/doogee-x93.jpg,GSM / HSPA,No,"2021, August","Available. Released 2021, August",156 x 73.8 x 9.8 mm (6.14 x 2.91 x 0.39 in),,,,Nano-SIM + Nano-SIM,IPS LCD,,6.1,600x1280,232,80.1,,Android 10 (Go edition),Mediatek MT6580 (28 nm),28,Quad-core 1.3 GHz Cortex-A7,Mali-400MP2,2,2,16,16,eMMC 5.1,8.0,3,2.2,No,,No,LED flash,1080p,5.0,No,,720p,"Wi-Fi 802.11 a/b/g/n/ac, dual-band",No,4.2,Micro-USB,Yes,"GPS, GLONASS, BDS","Accelerometer, proximity",4350,10,,No,,,90.0,,,,,,,,"Black, Blue, Green",,,,FM radio
Doogee,Doogee V10,https://www.gsmarena.com/doogee_v10-11805.php,https://fdn2.gsmarena.com/vv/bigpic/doogee-v10.jpg,GSM / CDMA / HSPA / LTE / 5G,Yes,"2021, August 02","Available. Released 2021, August",169.3 x 81.2 x 16.1 mm (6.67 x 3.20 x 0.63 in),340.0,,IP68,Nano-SIM + Nano-SIM,IPS LCD,,6.39,720x1560,269,72.9,Corning Gorilla Glass,Android 11,Mediatek Dimensity 700 (7 nm),7,Octa-core (2x2.2 GHz Cortex-A76 & 6x2.0 GHz Cortex-A55),Mali-G57 MC2,8,8,128,128,UFS 2.2,48.0,3,1.8,No,,No,"Dual-LED flash, HDR, panorama","1440p, 1080p",16.0,No,,1080p,"Wi-Fi 802.11 a/b/g/n/ac, dual-band",Yes,5.2,Type-C,No,"GPS, GLONASS, BDS, GALILEO","Fingerprint (side-mounted), accelerometer, gyro, proximity, compass, infrared thermometer (surface temperature)",8500,33,10,No,,,350.0,,,,,,,,"Black, Orange, Red",,,,FM radio
Doogee,Doogee S35,https://www.gsmarena.com/doogee_s35-11791.php,https://fdn2.gsmarena.com/vv/bigpic/doogee-s35.jpg,GSM / HSPA / LTE,No,"2021, July 27","Available. Released 2021, August",153.4 x 82.9 x 15.7 mm (6.04 x 3.26 x 0.62 in),260.0,,IP68,Nano-SIM + Nano-SIM,IPS LCD,,5.0,720x1280,294,54.2,,Android 11,Mediatek MT6761D Helio A20 (12 nm),12,Quad-core 1.8 GHz Cortex-A53,PowerVR GE8320,3,3,16,16,eMMC 5.1,13.0,3,2.2,No,,No,LED flash,1080p,5.0,No,,Yes,Wi-Fi 802.11 a/b/g/n,No,5.0,Micro-USB,Yes,"GPS, GLONASS, BDS","Accelerometer, proximity",4350,10,,No,,,120.0,,,,,,,,"Black, Orange, Red",,,,FM radio
Doogee,Doogee N40 Pro,https://www.gsmarena.com/doogee_n40_pro-11821.php,https://fdn2.gsmarena.com/vv/bigpic/doogee-n40-pro.jpg,GSM / HSPA / LTE,No,"2021, July 06","Available. Released 2021, July 26",165.2 x 75.7 x 9.9 mm (6.50 x 2.98 x 0.39 in),210.0,,,Nano-SIM + Nano-SIM,IPS LCD,,6.52,720x1600,269,82.1,,Android 11,Mediatek MT6771 Helio P60 (12 nm),12,Octa-core (4x2.0 GHz Cortex-A73 & 4x2.0 GHz Cortex-A53),Mali-G72 MP3,6,6,128,128,UFS 2.1,20.0,4,2.2,No,,No,LED flash,1080p,16.0,No,,720p,"Wi-Fi 802.11 a/b/g/n/ac, dual-band",No,4.2,Type-C,No,"GPS, GLONASS, BDS","Fingerprint (side-mounted), accelerometer, gyro, proximity, compass",6380,24,,No,,,190.0,,,,,,,,"Black, Blue, Brown, Green",,,,FM radio
Doogee,Doogee S86 Pro,https://www.gsmarena.com/doogee_s86_pro-11778.php,https://fdn2.gsmarena.com/vv/bigpic/doogee-s86-pro.jpg,GSM / HSPA / LTE,No,"2021, June 04","Available. Released 2021, June 15",164.6 x 81.2 x 16.8 mm (6.48 x 3.20 x 0.66 in),323.0,,IP68,Nano-SIM + Nano-SIM,IPS LCD,,6.1,720x1560,282,68.3,Corning Gorilla Glass,Android 10,Mediatek MT6771 Helio P60 (12 nm),12,Octa-core (4x2.0 GHz Cortex-A73 & 4x2.0 GHz Cortex-A53),Mali-G72 MP3,8,8,128,128,UFS 2.1,16.0,3,2.0,No,,No,"Quad-LED flash, HDR, panorama",1080p,8.0,No,,1080p,Wi-Fi 802.11 a/b/g/n,Yes,5.0,Type-C,Yes,"GPS, GLONASS, BDS, GALILEO","Fingerprint (side-mounted), accelerometer, gyro, proximity, compass, infrared thermometer (surface temperature)",8500,24,,No,,,230.0,,,,,,,,"Black, Orange, Red",,,,FM radio
Doogee,Doogee U7,https://www.gsmarena.com/doogee_u7-13412.php,https://fdn2.gsmarena.com/vv/bigpic/doogee-u7.jpg,No cellular connectivity,No,2021,Available. Released 2021,209.5 x 142.5 x 20 mm (8.25 x 5.61 x 0.79 in),373.0,,,No,IPS LCD,,7.0,600x1024,170,46.2,,Android 10,Mediatek MT6580,,Quad-core 1.3 GHz,,2,2,32,32,eMMC 5.1,2.0,1,,No,,No,,720p@30fps,0.3,No,,Yes,Wi-Fi 802.11 b/g/n,No,4.0,Type-C,Yes,No,Accelerometer,3400,10,,No,,,,,,,,,,,"Blue, Pink",,,,No
Doogee,Doogee X96 Pro,https://www.gsmarena.com/doogee_x96_pro-11813.php,https://fdn2.gsmarena.com/vv/bigpic/doogee-x96-pro.jpg,GSM / HSPA / LTE,No,"2021, May","Available. Released 2021, May",165.2 x 76.7 x 9.7 mm (6.50 x 3.02 x 0.38 in),198.0,,,Nano-SIM + Nano-SIM,IPS LCD,,6.52,720x1600,269,81.0,,Android 11,Unisoc SC9863A (28 nm),28,Octa-core (4x1.6 GHz Cortex-A55 & 4x1.2 GHz Cortex-A55),IMG8322,4,4,64,64,eMMC 5.1,13.0,4,2.2,No,,No,LED flash,1080p,8.0,No,,720p,Wi-Fi 802.11 b/g/n,No,4.2,Micro-USB,Yes,"GPS, GLONASS, BDS","Fingerprint (rear-mounted), accelerometer, proximity, compass",5400,10,,No,,,140.0,,,,,,,,"Black, Blue, Green, Red",,,,FM radio
Doogee,Doogee CS2,https://www.gsmarena.com/doogee_cs2-11795.php,https://fdn2.gsmarena.com/vv/bigpic/doogee-cs2th.jpg,No cellular connectivity,No,"2021, May","Available. Released 2021, May",43.8 x 36.9 x 10.5 mm (1.72 x 1.45 x 0.41 in),35.0,Plastic,IP68,No,IPS LCD,,1.69,240x240,201,,,Proprietary,Realtek 8762C,,,,,,,,,,,,No,,No,,,,No,,,No,No,5.0,No,No,No,"Accelerometer, heart rate",300,,,No,,,40.0,,,,,,,,"Black, Rose Gold, Silver",,,,No
Doogee,Doogee S97 Pro,https://www.gsmarena.com/doogee_s97_pro-11801.php,https://fdn2.gsmarena.com/vv/bigpic/doogee-s97-pro-.jpg,GSM / HSPA / LTE,No,"2021, April","Available. Released 2021, April",170.2 x 83.6 x 16.2 mm (6.70 x 3.29 x 0.64 in),,,IP68,Nano-SIM + Nano-SIM,IPS LCD,,6.39,720x1560,269,70.4,Corning Gorilla Glass,Android 11,Mediatek MT6785V/CD Helio G95 (12 nm),12,Octa-core (2x2.0 GHz Cortex-A76 & 6x2.0 GHz Cortex-A55),Mali-G76 MC4,8,8,128,128,UFS,48.0,3,1.8,No,,No,"Quad-LED flash, HDR, panorama",1080p,16.0,No,,1080p,"Wi-Fi 802.11 a/b/g/n/ac, dual-band",Yes,5.0,Type-C,No,"GPS, GLONASS, BDS, GALILEO","Fingerprint (side-mounted), accelerometer, gyro, proximity, compass, laser rangefinder",8500,33,10,No,,,300.0,,,,,,,,"Black, Orange, Red",,,,FM radio
Doogee,Doogee CR1,https://www.gsmarena.com/doogee_cr1-11793.php,https://fdn2.gsmarena.com/vv/bigpic/doogee-cr1thumb.jpg,No cellular connectivity,No,"2021, March 29","Available. Released 2021, March 29",46.2 x 46.2 x 10.3 mm (1.82 x 1.82 x 0.41 in),42.0,Plastic,IP68,No,IPS LCD,,1.28,240x240,265,,,Proprietary,Realtek 8762C,,,,,,,,,,,,No,,No,,,,No,,,No,No,5.0,No,No,No,"Accelerometer, heart rate",300,,,No,,,40.0,,,,,,,,"Basalt Grey, Charm Red, Rose Gold, Cypress Green, Charm Blue, Obsidian Black",,,,No
Doogee,Doogee S59 Pro,https://www.gsmarena.com/doogee_s59_pro-11786.php,https://fdn2.gsmarena.com/vv/bigpic/doogee-s59-pro.jpg,GSM / HSPA / LTE,No,"2021, March 22","Available. Released 2021, April",161 x 80.2 x 18.3 mm (6.34 x 3.16 x 0.72 in),340.0,,IP68,Nano-SIM + Nano-SIM,IPS LCD,,5.71,720x1520,295,63.0,Corning Gorilla Glass,Android 10,Mediatek MT6762 Helio P22 (12 nm),12,Octa-core 2.0 GHz Cortex-A53,PowerVR GE8320,4,4,128,128,,16.0,4,2.0,No,,No,"Quad-LED flash, HDR, panorama",1080p,16.0,No,,1080p,"Wi-Fi 802.11 a/b/g/n/ac, dual-band",Yes,5.0,Type-C,Yes,"GPS, GLONASS, GALILEO, BDS","Fingerprint (side-mounted), accelerometer, gyro, proximity, compass",10050,24,,No,,,210.0,,,,,,,,"Black, Orange, Green",,,,FM radio
Doogee,Doogee S86,https://www.gsmarena.com/doogee_s86-11779.php,https://fdn2.gsmarena.com/vv/bigpic/doogee-s86.jpg,GSM / HSPA / LTE,No,"2021, February 26","Available. Released 2021, March",164.6 x 81.2 x 16.8 mm (6.48 x 3.20 x 0.66 in),323.0,,IP68,Nano-SIM + Nano-SIM,IPS LCD,,6.1,720x1560,282,68.3,Corning Gorilla Glass,Android 10,Mediatek MT6771 Helio P60 (12 nm),12,Octa-core (4x2.0 GHz Cortex-A73 & 4x2.0 GHz Cortex-A53),Mali-G72 MP3,6,6,128,128,UFS 2.1,16.0,4,2.0,No,,No,"Quad-LED flash, HDR, panorama",1080p,8.0,No,,1080p,Wi-Fi 802.11 a/b/g/n,Yes,5.0,Type-C,Yes,"GPS, GLONASS, BDS","Fingerprint (side-mounted), accelerometer, gyro, proximity, compass",8500,24,,No,,,210.0,,,,,,,,"Black, Orange, Red",,,,FM radio
Doogee,Doogee CS1,https://www.gsmarena.com/doogee_cs1-11794.php,https://fdn2.gsmarena.com/vv/bigpic/doogee-cs1th.jpg,No cellular connectivity,No,"2021, February","Available. Released 2021, February",41.5 x 35.9 x 8.9 mm (1.63 x 1.41 x 0.35 in),45.0,Plastic,IP68,No,IPS LCD,,1.4,240x240,242,,,Proprietary,nRF52832,,,,,,,,,,,,No,,No,,,,No,,,No,No,4.0,No,No,No,"Accelerometer, heart rate",200,,,No,,,30.0,,,,,,,,"Graphite Black, Space Gray",,,,No
Doogee,Doogee S88 Plus,https://www.gsmarena.com/doogee_s88_plus-11776.php,https://fdn2.gsmarena.com/vv/bigpic/doogee-s88-plus.jpg,GSM / HSPA / LTE,No,"2021, January 26","Available. Released 2021, February",171.6 x 85.5 x 18.7 mm (6.76 x 3.37 x 0.74 in),372.0,,IP68,Nano-SIM + Nano-SIM,IPS LCD,,6.3,1080x2340,409,66.4,Corning Gorilla Glass,Android 10,Mediatek MT6771 Helio P70 (12 nm),12,Octa-core (4x2.1 GHz Cortex-A73 & 4x2.0 GHz Cortex-A53),Mali-G72 MP3,8,8,128,128,,48.0,3,1.8,No,,No,"LED flash, HDR, panorama",1080p,16.0,No,,1080p,Wi-Fi 802.11 b/g/n,Yes,4.2,Type-C,Yes,"GPS, GLONASS, BDS, GALILEO","Fingerprint (side-mounted), accelerometer, gyro, proximity, compass",10000,24,10,Yes,,,280.0,,,,,,,,"Black, Orange, Green",,,,FM radio
Doogee,Doogee X95 Pro,https://www.gsmarena.com/doogee_x95_pro-11811.php,https://fdn2.gsmarena.com/vv/bigpic/doogee-x95-pro.jpg,GSM / HSPA / LTE,No,"2021, January 15","Available. Released 2021, January",167 x 77.4 x 8.9 mm (6.57 x 3.05 x 0.35 in),,,,Nano-SIM + Nano-SIM,"IPS LCD, 600 nits",,6.52,540x1200,202,79.4,,Android 10,Mediatek MT6761V/WE Helio A22 (12 nm),12,Quad-core 1.8 GHz Cortex-A53,PowerVR GE8300,4,4,32,32,eMMC 5.1,13.0,3,,No,,No,LED flash,1080p,5.0,No,,720p,Wi-Fi 802.11 b/g/n,No,5.2,Micro-USB,Yes,"GPS, GLONASS, BDS","Accelerometer, proximity",4350,10,,No,,,120.0,,,,,,,,"Black, Blue, Green",,,,FM radio
Doogee,Doogee S96 Pro,https://www.gsmarena.com/doogee_s96_pro-11792.php,https://fdn2.gsmarena.com/vv/bigpic/doogee-s96-pro.jpg,GSM / CDMA / HSPA / LTE,No,"2020, October 26. Released 2020, November",Discontinued,167 x 81.4 x 15.5 mm (6.57 x 3.20 x 0.61 in),310.0,,IP68,Nano-SIM + Nano-SIM,IPS LCD,,6.22,720x1520,270,71.0,Corning Gorilla Glass,Android 10,Mediatek MT6785 Helio G90 (12 nm),12,Octa-core (2x2.0 GHz Cortex-A76 & 6x2.0 GHz Cortex-A55),Mali-G76 MC4,8,8,128,128,UFS,48.0,4,1.8,No,,No,"Quad-LED flash, HDR, panorama",1080p,16.0,No,,1080p,"Wi-Fi 802.11 a/b/g/n/ac, dual-band",Yes,5.0,Type-C,Yes,"GPS, GLONASS, BDS, GALILEO","Fingerprint (side-mounted), accelerometer, gyro, proximity, compass",6350,24,10,No,,,280.0,,,,,,,,"Black, Orange, Green",,,,FM radio
Doogee,Doogee N30,https://www.gsmarena.com/doogee_n30-11820.php,https://fdn2.gsmarena.com/vv/bigpic/doogee-n30.jpg,GSM / HSPA / LTE,No,"2020, September 18. Released 2020, October",Discontinued,167 x 77.4 x 8.9 mm (6.57 x 3.05 x 0.35 in),190.0,,,Nano-SIM + Nano-SIM,IPS LCD,,6.55,720x1600,268,80.1,,Android 10,Mediatek MT6762V/WD Helio A25 (12 nm),12,Octa-core (4x1.8 GHz Cortex-A53 & 4x1.5 GHz Cortex-A53),PowerVR GE8320,4,4,128,128,,16.0,4,2.0,No,,No,LED flash,1080p,8.0,No,,Yes,"Wi-Fi 802.11 a/b/g/n, dual-band",No,5.0,Type-C,Yes,"GPS, GLONASS, BDS, GALILEO","Fingerprint (rear-mounted), accelerometer, proximity",4500,10,,No,,,150.0,,,,,,,,"Black, Blue, White, Green",,,,FM radio
Doogee,Doogee S58 Pro,https://www.gsmarena.com/doogee_s58_pro-11788.php,https://fdn2.gsmarena.com/vv/bigpic/doogee-s58-pro.jpg,GSM / HSPA / LTE,No,"2020, August 07. Released 2020, August",Discontinued,162.8 x 81 x 15.9 mm (6.41 x 3.19 x 0.63 in),284.0,,IP68,Nano-SIM + Nano-SIM,IPS LCD,,5.71,720x1520,295,61.7,Corning Gorilla Glass,Android 10,Mediatek MT6762V Helio P22 (12 nm),12,Octa-core 2.0 GHz Cortex-A53,PowerVR GE8320,6,6,64,64,,16.0,3,2.0,No,,No,"LED flash, HDR, panorama",1080p,16.0,No,,1080p,Wi-Fi 802.11 a/b/g/n,Yes,5.0,Type-C,Yes,"GPS, GLONASS, GALILEO, BDS","Fingerprint (rear-mounted), accelerometer, proximity, compass",5180,24,,No,,,170.0,,,,,,,,"Black, Orange, Green",,,,FM radio
Doogee,Doogee N20 Pro,https://www.gsmarena.com/doogee_n20_pro-11816.php,https://fdn2.gsmarena.com/vv/bigpic/doogee-n20-pro.jpg,GSM / HSPA / LTE,No,"2020, August 04. Released 2020, August",Discontinued,159 x 77.1 x 8.8 mm (6.26 x 3.04 x 0.35 in),175.0,,,Nano-SIM + Nano-SIM,IPS LCD,,6.3,1080x2280,400,80.8,,Android 10,Mediatek MT6771V/CA Helio P60 (12 nm),12,Octa-core (4x2.0 GHz Cortex-A73 & 4x2.0 GHz Cortex-A53),Mali-G72 MP3,6,6,128,128,eMMC 5.1,16.0,4,2.0,No,,No,LED flash,1080p,16.0,No,,1080p,"Wi-Fi 802.11 a/b/g/n/ac, dual-band",No,5.0,Micro-USB,Yes,"GPS, GLONASS, BDS, GALILEO","Fingerprint (rear-mounted), accelerometer, proximity",4400,10,,No,,,170.0,,,,,,,,"Gray, Purple, Forest",,,,FM radio
Doogee,Doogee S40 Pro,https://www.gsmarena.com/doogee_s40_pro-11789.php,https://fdn2.gsmarena.com/vv/bigpic/doogee-s40-pro.jpg,GSM / HSPA / LTE,No,"2020, July 17. Released 2020, July",Discontinued,158.2 x 79.4 x 14.1 mm (6.23 x 3.13 x 0.56 in),238.0,,IP68,Nano-SIM + Nano-SIM,IPS LCD,,5.45,720x1440,295,61.0,Corning Gorilla Glass,Android 10,Mediatek MT6762 Helio A25 (12 nm),12,Octa-core (4x1.8 GHz Cortex-A53 & 4x1.5 GHz Cortex-A53),PowerVR GE8320,4,4,64,64,eMMC 5.1,13.0,2,2.8,No,,No,LED flash,1080p,5.0,No,,Yes,Wi-Fi 802.11 a/b/g/n,Yes,5.0,Micro-USB,Yes,"GPS, GLONASS, GALILEO, BDS","Fingerprint (rear-mounted), accelerometer, proximity, compass",4650,10,,No,,,150.0,,,,,,,,"Black, Orange, Green",,,,FM radio
Doogee,Doogee S59,https://www.gsmarena.com/doogee_s59-11787.php,https://fdn2.gsmarena.com/vv/bigpic/doogee-s59.jpg,GSM / HSPA / LTE,No,"2020, Q2. Released 2020, Q2",Discontinued,161 x 80.2 x 18.3 mm (6.34 x 3.16 x 0.72 in),340.0,,IP68,Nano-SIM + Nano-SIM,IPS LCD,,5.71,720x1520,295,63.0,Corning Gorilla Glass,Android 10,Mediatek MT6762 Helio A25 (12 nm),12,Octa-core (4x1.8 GHz Cortex-A53 & 4x1.5 GHz Cortex-A53),PowerVR GE8320,4,4,64,64,eMMC 5.1,16.0,4,2.0,No,,No,"Quad-LED flash, HDR, panorama",1080p,16.0,No,,1080p,"Wi-Fi 802.11 a/b/g/n/ac, dual-band",Yes,5.0,Type-C,Yes,"GPS, GLONASS, GALILEO, BDS","Fingerprint (side-mounted), accelerometer, gyro, proximity, compass",10050,24,,No,,,180.0,,,,,,,,"Black, Orange, Green",,,,FM radio
Doogee,Doogee S88 Pro,https://www.gsmarena.com/doogee_s88_pro-10754.php,https://fdn2.gsmarena.com/vv/bigpic/doogee-s88-pro.jpg,GSM / HSPA / LTE,No,"2020, June 06. Released 2020, June 06",Discontinued,171.6 x 85.5 x 18.7 mm (6.76 x 3.37 x 0.74 in),372.0,Glass,IP68,Nano-SIM + Nano-SIM,IPS LCD,,6.3,1080x2340,409,66.4,Corning Gorilla Glass,Android 10,Mediatek MT6771T Helio P70 (12 nm),12,Octa-core (4x2.1 GHz Cortex-A73 & 4x2.0 GHz Cortex-A53),Mali-G72 MP3,6,6,128,128,,21.0,3,2.2,No,1/2.4,No,"Dual-LED dual-tone flash, HDR, panorama",1080p@30fps,16.0,No,,1080p@30fps,Wi-Fi 802.11 b/g/n,Yes,4.2,Type-C,No,"GPS, GLONASS, BDS, GALILEO","Fingerprint (side-mounted), accelerometer, gyro, proximity, compass",10000,24,10,Yes,,,130.0,,,168125,1447,,,-31.6,"Fire Orange, Army Green, Mineral Black",,,,FM radio
Doogee,Doogee X95,https://www.gsmarena.com/doogee_x95-11810.php,https://fdn2.gsmarena.com/vv/bigpic/doogee-x95.jpg,GSM / HSPA / LTE,No,"2020, April 23. Released 2020, May",Discontinued,167 x 77.4 x 8.9 mm (6.57 x 3.05 x 0.35 in),,,,Nano-SIM + Nano-SIM,"IPS LCD, 450 nits",,6.52,540x1200,202,79.4,,Android 10,Mediatek MT6761V Helio A22 (12 nm),12,Quad-core 1.8 GHz Cortex-A53,PowerVR GE8300,3,3,16,16,eMMC 5.1,13.0,3,,No,,No,LED flash,1080p,5.0,No,,720p,Wi-Fi 802.11 b/g/n,No,5.2,Micro-USB,Yes,"GPS, GLONASS, BDS","Accelerometer, proximity",4350,10,,No,,,110.0,,,,,,,,"Black, Blue, Green",,,,FM radio
Panasonic,Panasonic Eluga I7 (2019),https://www.gsmarena.com/panasonic_eluga_i7_(2019)-9756.php,https://fdn2.gsmarena.com/vv/bigpic/panasonic-eluga-i7-2019-enterprise-edition.jpg,GSM / HSPA / LTE,No,"2019, June. Released 2019, July",Discontinued,148.8 x 70.9 x 9.3 mm (5.86 x 2.79 x 0.37 in),168.0,,,Nano-SIM + Micro-SIM,IPS LCD,,5.45,720x1440,295,72.7,,Android 9.0 (Pie),,,Quad-core 1.5 GHz,,2,2,16,16,,8.0,1,2.0,No,,No,"LED flash, HDR, panorama",1080p@30fps,8.0,No,LED flash,,"Wi-Fi 802.11 b/g/n, Wi-Fi Direct",No,4.2,Micro-USB,Yes,GPS,"Fingerprint (rear-mounted), accelerometer, proximity, compass",4000,,,No,,,,,9990,,,,,,"Black, Gold, Blue",,,,FM radio with RDS
Panasonic,Panasonic Eluga Ray 800,https://www.gsmarena.com/panasonic_eluga_ray_800-9618.php,https://fdn2.gsmarena.com/vv/bigpic/panasonic-ray-800.jpg,GSM / HSPA / LTE,No,"2019, March. Released 2019, March",Discontinued,152.8 x 75.3 x 8.6 mm (6.02 x 2.96 x 0.34 in),162.0,,,Nano-SIM + Nano-SIM,IPS LCD,,5.5,1080x1920,401,72.5,Gorilla Glass 3,Android 7.0 (Nougat),,,Octa-core 1.8 GHz,,4,4,64,64,,13.0,1,2.0,No,,No,"Dual-LED flash, HDR, panorama",1080p@30fps,8.0,No,LED flash,1080p@30fps,"Wi-Fi 802.11 b/g/n, Wi-Fi Direct",No,4.2,Micro-USB,Yes,GPS,"Fingerprint (rear-mounted), accelerometer, proximity, compass",4000,,,No,,,,,10000,,,,,,Gold,,,,FM radio
Panasonic,Panasonic P85 Nxt,https://www.gsmarena.com/panasonic_p85_nxt-9389.php,https://fdn2.gsmarena.com/vv/bigpic/panasonic-p85-.jpg,GSM / HSPA / LTE,No,"2018, October. Released 2018, November",Discontinued,141.7 x 70.8 x 9.3 mm (5.58 x 2.79 x 0.37 in),173.8,,,Dual SIM,IPS LCD,,5.0,720x1280,294,68.7,Corning Gorilla Glass,Android 7.1.2 (Nougat),Qualcomm MSM8909 Snapdragon 210 (28 nm),28,Quad-core 1.3 GHz Cortex-A7,Adreno 304,2,2,16,16,eMMC 4.5,8.0,1,,No,,No,LED flash,720p@30fps,5.0,No,,,"Wi-Fi 802.11 b/g/n, Wi-Fi Direct",No,4.0,Micro-USB,Yes,GPS,"Fingerprint (rear-mounted), accelerometer, proximity",4000,,,No,,,,,7000,,,,,,"Blue, Gold, Black",,,,FM radio with RDS; recording
Panasonic,Panasonic Eluga Z1 Pro,https://www.gsmarena.com/panasonic_eluga_z1_pro-9383.php,https://fdn2.gsmarena.com/vv/bigpic/panasonic-eluga-z1-pro.jpg,GSM / HSPA / LTE,No,"2018, October. Released 2018, October",Discontinued,157.2 x 76.3 x 8.1 mm (6.19 x 3.00 x 0.32 in),169.0,,,Nano-SIM + Micro-SIM,IPS LCD,,6.19,720x1500,269,80.4,Asahi Dragontrail Pro Glass,Android 8.1 (Oreo),Mediatek MT6762 Helio P22 (12 nm),12,Octa-core 2.0 GHz Cortex-A53,PowerVR GE8320,3,4,32,64,eMMC 5.1,13.0,2,2.0,No,1/3.1,No,"LED flash, HDR, panorama",1080p@30fps,8.0,No,LED flash,1080p@30fps,"Wi-Fi 802.11 а/b/g/n/ac, Wi-Fi Direct",No,5.0,Micro-USB,Yes,"GPS, GLONASS","Fingerprint (rear-mounted), accelerometer, proximity, compass",4000,,,No,,,200.0,,,,,,,,"Black, Gold, Blue",,,,"FM radio, RDS, recording"
Panasonic,Panasonic Eluga Ray 530,https://www.gsmarena.com/panasonic_eluga_ray_530-9376.php,https://fdn2.gsmarena.com/vv/bigpic/panasonic-eluga-ray-530.jpg,GSM / HSPA / LTE,No,"2018, October. Released 2018, October",Discontinued,152.4 x 72.2 x 8.3 mm (6.00 x 2.84 x 0.33 in),141.0,,,Nano-SIM + Nano-SIM,IPS LCD,,5.7,720x1440,282,76.2,,Android 8.0 (Oreo),,,Quad-core 1.3 GHz,,3,3,32,32,,13.0,1,,No,,No,"LED flash, HDR, panorama",1080p@30fps,5.0,No,LED flash,,Wi-Fi 802.11 b/g/n,No,4.1,Micro-USB,Yes,GPS,"Fingerprint (rear-mounted), accelerometer, proximity",3000,,,No,,,,,9000,,,,,,"Black, Blue",,,,FM radio
Panasonic,Panasonic Eluga Ray 600,https://www.gsmarena.com/panasonic_eluga_ray_600-9362.php,https://fdn2.gsmarena.com/vv/bigpic/panasonic-eluga-ray-600.jpg,GSM / HSPA / LTE,No,"2018, October. Released 2018, October",Discontinued,158.5 x 75.5 x 7.9 mm (6.24 x 2.97 x 0.31 in),158.0,,,Nano-SIM + Nano-SIM,IPS LCD,,5.99,720x1440,269,77.4,,Android 8.1 (Oreo),Mediatek MT6737H,,Quad-core 1.3 GHz Cortex-A53,Mali-T720MP2,3,3,32,32,eMMC 5.0,13.0,1,,No,,No,"LED flash, HDR, panorama",1080p@30fps,8.0,No,LED flash,,Wi-Fi 802.11 b/g/n,No,4.1,Micro-USB,Yes,GPS,"Fingerprint (rear-mounted), accelerometer, proximity",4000,,,No,,,,,8000,,,,,,"Black, Blue, Gold",,,,FM radio
Panasonic,Panasonic Eluga X1 Pro,https://www.gsmarena.com/panasonic_eluga_x1_pro-9356.php,https://fdn2.gsmarena.com/vv/bigpic/panasonic-eluga-x1-pro.jpg,GSM / HSPA / LTE,No,"2018, October. Released 2018, October",Discontinued,155 x 75.5 x 7.9 mm (6.10 x 2.97 x 0.31 in),195.0,Glass,,Nano-SIM + Micro-SIM,IPS LCD,,6.18,1080x2246,403,82.2,Gorilla Glass 3,Android 8.1 (Oreo),Mediatek MT6771 Helio P60 (12 nm),12,Octa-core (4x2.0 GHz Cortex-A73 & 4x2.0 GHz Cortex-A53),Mali-G72 MP3,4,6,64,128,eMMC 5.1,16.0,2,,No,,No,"LED flash, panorama",1080p@30fps,16.0,No,1080p@30fps,,"Wi-Fi 802.11 а/b/g/n, dual-band, Wi-Fi Direct",No,4.2,Type-C,No,GPS,"Infrared Face ID, fingerprint (rear-mounted), accelerometer, gyro, proximity, compass",3000,10,,No,,,350.0,,,,,,,,"Dark Grey, Silver",,,,FM radio
Panasonic,Panasonic P90,https://www.gsmarena.com/panasonic_p90-9245.php,https://fdn2.gsmarena.com/vv/bigpic/panasonic-p90-.jpg,GSM / HSPA / LTE,No,"2018, June. Released 2018, June",Discontinued,143 x 71.8 x 9.3 mm (5.63 x 2.83 x 0.37 in),151.7,,,Dual SIM,IPS LCD,,5.0,720x1280,294,67.1,Corning Gorilla Glass (unspecified versi,Android 7.0 (Nougat),Mediatek MT6737 (28 nm),28,Quad-core 1.3 GHz Cortex-A53,Mali-T720,1,1,16,16,eMMC 5.0,5.0,1,,No,,No,"LED flash, panorama",720p@30fps,5.0,No,LED flash,,Wi-Fi 802.11 b/g/n,No,4.0,Micro-USB,Yes,GPS,"Accelerometer, proximity",2400,,,No,,,,,6000,,,,,,"Blue, Gold, Black",,,,FM radio
Panasonic,Panasonic P95,https://www.gsmarena.com/panasonic_p95-9192.php,https://fdn2.gsmarena.com/vv/bigpic/panasonic-p95-.jpg,GSM / HSPA / LTE,No,"2018, May. Released 2018, May",Discontinued,141 x 70.5 x 8 mm (5.55 x 2.78 x 0.31 in),164.0,,,"Dual SIM (Micro-SIM, dual stand-by)",IPS LCD,,5.0,720x1280,294,69.3,,Android 7.1.2 (Nougat),Qualcomm MSM8909 Snapdragon 210 (28 nm),28,Quad-core 1.3 GHz Cortex-A7,Adreno 304,1,1,16,16,eMMC 4.5,8.0,1,,No,,No,"LED flash, HDR, panorama",720p@30fps,5.0,No,,,Wi-Fi 802.11 b/g/n,No,4.1,Micro-USB,Yes,GPS,"Accelerometer, proximity",2300,,,No,,,,,5000,,,,,,"Blue, Gold, Dark Grey",,,,FM radio
Panasonic,Panasonic Eluga I7,https://www.gsmarena.com/panasonic_eluga_i7-9176.php,https://fdn2.gsmarena.com/vv/bigpic/panasonic-eluga-l7-.jpg,GSM / HSPA / LTE,No,"2018, April. Released 2018, April",Discontinued,148.8 x 70.9 x 9.3 mm (5.86 x 2.79 x 0.37 in),168.0,Glass,,Nano-SIM + Nano-SIM,IPS LCD,,5.45,720x1440,295,72.7,,Android 7.0 (Nougat),Mediatek MT6737H,,Quad-core 1.25 GHz Cortex-A53,Mali-T720MP2,2,2,16,16,eMMC 5.0,8.0,1,2.0,No,,No,"LED flash, HDR, panorama",1080p@30fps,8.0,No,LED flash,480p,"Wi-Fi 802.11 b/g/n, Wi-Fi Direct",No,4.1,Micro-USB,Yes,GPS,"Fingerprint (rear-mounted), accelerometer, proximity, compass",4000,,,No,,,,,6500,,,,,,"Black, Gold, Blue",ELUGA I7,,,FM radio with RDS
Panasonic,Panasonic Eluga Ray 550,https://www.gsmarena.com/panasonic_eluga_ray_550-9149.php,https://fdn2.gsmarena.com/vv/bigpic/panasonic-eluga-ray-550-new.jpg,GSM / HSPA / LTE,No,"2018, April. Released 2018, April",Discontinued,152.5 x 73.3 x 8.5 mm (6.00 x 2.89 x 0.33 in),152.0,,,Nano-SIM + Nano-SIM,IPS LCD,,5.7,720x1440,282,75.0,Asahi Glass,Android 7.0 (Nougat),Mediatek MT6737H,,Quad-core 1.3 GHz Cortex-A53,Mali-T720MP2,3,3,32,32,eMMC 5.0,13.0,1,,No,,No,"LED flash, HDR, panorama",1080p@30fps,8.0,No,LED flash,,Wi-Fi 802.11 b/g/n,No,4.1,Micro-USB,Yes,GPS,"Fingerprint (rear-mounted), accelerometer, proximity, compass",3250,,,No,,,,,9000,,,,,,"Black, Blue, Gold",,,,FM radio
Panasonic,Panasonic P101,https://www.gsmarena.com/panasonic_p101-9172.php,https://fdn2.gsmarena.com/vv/bigpic/panasonic-p101.jpg,GSM / HSPA / LTE,No,"2018, April. Released 2018, April",Discontinued,148.8 x 72 x 9.1 mm (5.86 x 2.83 x 0.36 in),145.0,,,"Dual SIM (Micro-SIM, dual stand-by)",IPS LCD,,5.45,480x960,197,71.5,,Android 7.1 (Nougat),Mediatek MT6739WA (28 nm),28,Quad-core 1.3 GHz Cortex-A53,PowerVR GE8100,2,2,16,16,eMMC 5.1,8.0,1,,No,,No,"LED flash, HDR, panorama",1080p@30fps,5.0,No,LED flash,1080p@30fps,"Wi-Fi 802.11 b/g/n, Wi-Fi Direct",No,4.1,Micro-USB,Yes,GPS,"Fingerprint (rear-mounted), accelerometer, proximity, compass",2500,,,No,,,,,7000,,,,,,"Dark Blue, Black",,,,FM radio
Panasonic,Panasonic P100,https://www.gsmarena.com/panasonic_p100-9062.php,https://fdn2.gsmarena.com/vv/bigpic/panasonic-p100-.jpg,GSM / HSPA / LTE,No,"2018, February. Released 2018, February",Discontinued,145 x 73 x 9.9 mm (5.71 x 2.87 x 0.39 in),174.8,,,Dual SIM,IPS LCD,,5.0,720x1280,294,65.1,Corning Gorilla Glass (unspecified versi,Android 7.0 (Nougat),Mediatek MT6737 (28 nm),28,Quad-core 1.25 GHz Cortex-A53,Mali-T720,1,2,16,16,eMMC 5.0,8.0,1,,No,,No,LED flash,720p@30fps,5.0,No,LED flash,,"Wi-Fi 802.11 b/g/n, Wi-Fi Direct",No,4.0,Micro-USB,Yes,GPS,"Fingerprint (rear-mounted), accelerometer, proximity",2200,,,No,,,,,5300,,,,,,Gold,P100,,,FM radio
Panasonic,Panasonic Eluga I9,https://www.gsmarena.com/panasonic_eluga_i9-8960.php,https://fdn2.gsmarena.com/vv/bigpic/panasonic-eluga-I9.jpg,GSM / HSPA / LTE,No,"2017, December. Released 2017, December",Discontinued,142.5 x 70.5 x 7.8 mm (5.61 x 2.78 x 0.31 in),143.0,Glass,,Nano-SIM + Micro-SIM,IPS LCD,,5.0,720x1280,294,68.6,,Android 7.0 (Nougat),Mediatek MT6737 (28 nm),28,Quad-core 1.25 GHz Cortex-A53,Mali-T720,3,3,32,32,eMMC 5.0,13.0,1,2.2,No,,No,"LED flash, HDR, panorama",1080p@30fps,5.0,No,,,"Wi-Fi 802.11 b/g/n, Wi-Fi Direct",No,4.0,Micro-USB,Yes,GPS,"Fingerprint (rear-mounted), accelerometer, proximity",2500,,,No,,,100.0,,,,,,,,"Space grey, Champagne Gold, Blue",,,,FM radio with RDS
Panasonic,Panasonic Eluga C,https://www.gsmarena.com/panasonic_eluga_c-8954.php,https://fdn2.gsmarena.com/vv/bigpic/panasonic-eluga-c.jpg,GSM / HSPA / LTE,No,"2017, November. Released 2017, December",Discontinued,141 x 73.5 x 8.7 mm (5.55 x 2.89 x 0.34 in),,Glass,,Dual SIM,S-IPS LCD,,5.5,720x1280,267,80.5,,Android 7.0 (Nougat),Mediatek MT6750T (28 nm),28,Octa-core (4x1.5 GHz Cortex-A53 & 4x1.0 GHz Cortex-A53),Mali-T860MP2,4,4,64,64,eMMC 5.1,13.0,2,2.2,No,,No,LED flash,1080p@30fps,5.0,No,,,"Wi-Fi 802.11 b/g/n, Wi-Fi Direct",No,4.0,Micro-USB,Yes,GPS,"Fingerprint (front-mounted), accelerometer, proximity",3000,,,No,,,200.0,,,,,,,,"Blue, Soft Pink",,,,FM radio
Panasonic,Panasonic P91,https://www.gsmarena.com/panasonic_p91-8939.php,https://fdn2.gsmarena.com/vv/bigpic/panasonic-p91.jpg,GSM / HSPA / LTE,No,"2017, November. Released 2017, November",Discontinued,144.7 x 72.4 x 10.1 mm (5.70 x 2.85 x 0.40 in),161.0,,,"Dual SIM (Micro-SIM, dual stand-by)",IPS LCD,,5.0,480x854,196,65.8,Asahi Dragontrail Glass,Android 7.0 (Nougat),Mediatek MT6737M (28 nm),28,Quad-core 1.1 GHz Cortex-A7,Mali-T720,1,1,16,16,eMMC 5.0,8.0,1,,No,,No,"LED flash, HDR, panorama",720p@30fps,5.0,No,,,"Wi-Fi 802.11 b/g/n, Wi-Fi Direct",No,4.0,Micro-USB,Yes,GPS,"Accelerometer, proximity",2500,,,No,,,,,6500,,,,,,"Gold, Black, Blue",,,,FM radio
Panasonic,Panasonic Eluga I5,https://www.gsmarena.com/panasonic_eluga_i5-8932.php,https://fdn2.gsmarena.com/vv/bigpic/panasonic-eluga-l5.jpg,GSM / HSPA / LTE,No,"2017, November. Released 2017, November",Discontinued,143 x 71 x 7.5 mm (5.63 x 2.80 x 0.30 in),145.5,,,Nano-SIM + Micro-SIM,IPS LCD,,5.0,720x1280,294,67.9,Asahi Dragontrail Glass,Android 7.0 (Nougat),Mediatek MT6737 (28 nm),28,Quad-core 1.25 GHz Cortex-A53,Mali-T720MP1,2,2,16,16,eMMC 5.0,13.0,1,2.2,No,,No,"LED flash, HDR, panorama",1080p@30fps,5.0,No,,,"Wi-Fi 802.11 b/g/n, Wi-Fi Direct, DLNA",No,4.0,Micro-USB,Yes,GPS,"Fingerprint (rear-mounted), accelerometer, proximity",2500,,,No,,,,,6500,,,,,,"Black, Gold",,,,FM radio
Panasonic,Panasonic Eluga A4,https://www.gsmarena.com/panasonic_eluga_a4-8931.php,https://fdn2.gsmarena.com/vv/bigpic/panasonic-eluga-a4.jpg,GSM / HSPA / LTE,No,"2017, November. Released 2017, November",Discontinued,149.5 x 74 x 9 mm (5.89 x 2.91 x 0.35 in),162.0,,,Dual SIM,IPS LCD,,5.2,720x1280,282,67.4,,Android 7.0 (Nougat),Mediatek MT6737 (28 nm),28,Quad-core 1.25 GHz Cortex-A53,Mali-T720MP1,3,3,32,32,eMMC 5.0,13.0,1,,No,,No,LED flash,1080p@30fps,5.0,No,,,"Wi-Fi 802.11 b/g/n, Wi-Fi Direct",No,4.0,Micro-USB,Yes,GPS,"Fingerprint (rear-mounted), accelerometer, proximity",5000,,,No,,,,,12500,,,,,,"Champagne Gold, Mocha Gold, and Marine Blue",ELUGA A4,,,FM radio
Panasonic,Panasonic P99,https://www.gsmarena.com/panasonic_p99-8878.php,https://fdn2.gsmarena.com/vv/bigpic/panasonic-p99.jpg,GSM / HSPA / LTE,No,"2017, September. Released 2017, September",Discontinued,144.6 x 71.8 x 8.6 mm (5.69 x 2.83 x 0.34 in),145.0,,,Dual SIM,IPS LCD,,5.0,720x1280,294,66.4,,Android 7.0 (Nougat),,,Quad-core 1.25 GHz,,2,2,16,16,,8.0,1,,No,,No,"LED flash, HDR, panorama",720p@30fps,5.0,No,,,"Wi-Fi 802.11 b/g/n, Wi-Fi Direct",No,4.0,Micro-USB,Yes,GPS,"Accelerometer, proximity",2000,,,No,,,,,7450,,,,,,"Champagne Gold, Black, Blue",,,,FM radio
Panasonic,Panasonic Eluga I4,https://www.gsmarena.com/panasonic_eluga_i4-8875.php,https://fdn2.gsmarena.com/vv/bigpic/panasonic-eluga-i4.jpg,GSM / HSPA / LTE,No,"2017, September. Released 2017, September",Discontinued,146.7 x 71.3 x 8.3 mm (5.78 x 2.81 x 0.33 in),150.7,,,Dual SIM,IPS LCD,,5.0,720x1280,294,65.9,,Android 7.0 (Nougat),Mediatek MT6737 (28 nm),28,Quad-core 1.25 GHz Cortex-A53,Mali-T720,2,2,16,16,eMMC 5.0,8.0,1,,No,,No,LED flash,Yes,5.0,No,,,"Wi-Fi 802.11 b/g/n, Wi-Fi Direct",No,4.0,Micro-USB,Yes,GPS,"Fingerprint (front-mounted), accelerometer, proximity",3000,,,No,,,,,8300,,,,,,"Black, Blue, Gold",,,,FM radio
Panasonic,Panasonic Eluga Ray 500,https://www.gsmarena.com/panasonic_eluga_ray_500-8870.php,https://fdn2.gsmarena.com/vv/bigpic/panasonic-eluga-ray-500.jpg,GSM / HSPA / LTE,No,"2017, September. Released 2017, September",Discontinued,144.3 x 71.3 x 9.2 mm (5.68 x 2.81 x 0.36 in),163.0,,,Nano-SIM + Nano-SIM,IPS LCD,,5.0,720x1280,294,67.0,,Android 7 (Nougat),Mediatek MT6737 (28 nm),28,Quad-core 1.25 GHz Cortex-A53,Mali-T720MP1,3,3,32,32,eMMC 5.0,13.0,2,2.0,No,,No,"LED flash, HDR, panorama",1080p@30fps,5.0,No,HDR,,"Wi-Fi 802.11 b/g/n, Wi-Fi Direct",No,4.0,Micro-USB,Yes,GPS,"Fingerprint (front-mounted), accelerometer, proximity",4000,,,No,,,110.0,,,,,,,,"Champagne gold, Mocha gold, Marine Blue",,,,FM radio
Panasonic,Panasonic Eluga Ray 700,https://www.gsmarena.com/panasonic_eluga_ray_700-8869.php,https://fdn2.gsmarena.com/vv/bigpic/panasonic-eluga-ray-700.jpg,GSM / HSPA / LTE,No,"2017, September. Released 2017, September",Discontinued,153.8 x 75.4 x 8.9 mm (6.06 x 2.97 x 0.35 in),182.0,,,Nano-SIM + Nano-SIM,IPS LCD,,5.5,1080x1920,401,71.9,Gorilla Glass 3,Android 7.0 (Nougat),Mediatek MT6753 (28 nm),28,Octa-core 1.3 GHz Cortex-A53,Mali-T720MP3,3,3,32,32,,13.0,1,2.0,No,,No,"Dual-LED flash, HDR, panorama",1080p@30fps,13.0,No,HDR,1080p@30fps,"Wi-Fi 802.11 b/g/n, Wi-Fi Direct",No,4.0,Micro-USB,Yes,GPS,"Fingerprint (front-mounted), accelerometer, proximity, compass",5000,,,No,,,130.0,,,,,,,,"Champagne gold, Mocha gold, Marine Blue",Eluga_Ray_700,,,FM radio
Panasonic,Panasonic P9,https://www.gsmarena.com/panasonic_p9-8851.php,https://fdn2.gsmarena.com/vv/bigpic/panasonic-p9.jpg,GSM / HSPA / LTE,No,"2017, September. Released 2017, September",Discontinued,144.5 x 73 x 8.6 mm (5.69 x 2.87 x 0.34 in),144.0,,,Dual SIM,IPS LCD,,5.0,480x854,196,65.3,Asahi Dragontrail Glass,Android 7.0 (Nougat),Mediatek MT6737M (28 nm),28,Quad-core 1.1 GHz Cortex-A53,Mali-T720MP2,1,1,16,16,eMMC 5.0,8.0,1,,No,,No,LED flash,720p@30fps,5.0,No,,,Wi-Fi 802.11 b/g/n,No,4.0,Micro-USB,Yes,GPS,"Accelerometer, proximity",2210,,,No,,,100.0,,,,,,,,"Champagne Gold, Black",,,,FM radio
Panasonic,Panasonic Eluga I2 Activ,https://www.gsmarena.com/panasonic_eluga_i2_activ-8816.php,https://fdn2.gsmarena.com/vv/bigpic/panasonic-l2-activ.jpg,GSM / HSPA / LTE,No,"2017, August. Released 2017, August",Discontinued,143 x 71.2 x 8 mm (5.63 x 2.80 x 0.31 in),133.0,,,Hybrid Dual SIM,IPS LCD,,5.0,720x1280,294,67.7,,Android 7.0 (Nougat),Mediatek MT6737 (28 nm),28,Quad-core 1.3 GHz Cortex-A53,Mali-T720,1,2,16,16,eMMC 5.0,8.0,1,,No,,No,LED flash,720p@30fps,5.0,No,,,"Wi-Fi 802.11 b/g/n, Wi-Fi Direct",No,4.0,Micro-USB,Yes,GPS,"Accelerometer, proximity",2200,,,No,,,,,7200,,,,,,"Gold, Rose Gold, Gray",,,,FM radio
Panasonic,Panasonic Eluga A3 Pro,https://www.gsmarena.com/panasonic_eluga_a3_pro-8813.php,https://fdn2.gsmarena.com/vv/bigpic/panasonic-eluga-a3-pro.jpg,GSM / HSPA / LTE,No,"2017, August. Released 2017, August",Discontinued,148.7 x 72.4 x 9.1 mm (5.85 x 2.85 x 0.36 in),161.0,,,Dual SIM,IPS LCD,,5.2,720x1280,282,69.2,,"Android 7.0 (Nougat), FitHome UI",Mediatek MT6753 (28 nm),28,Octa-core 1.3 GHz Cortex-A53,Mali-T720MP3,3,3,32,32,,13.0,1,,No,,No,LED flash,1080p@30fps,8.0,No,,,"Wi-Fi 802.11 b/g/n, Wi-Fi Direct",No,4.0,Micro-USB,Yes,GPS,"Accelerometer, proximity",4000,,,No,,,,,12800,,,,,,"Gold, Silver",A3_Pro,,,FM radio
Panasonic,Panasonic Eluga A3,https://www.gsmarena.com/panasonic_eluga_a3-8812.php,https://fdn2.gsmarena.com/vv/bigpic/panasonic-eluga-a3-2.jpg,GSM / HSPA / LTE,No,"2017, August. Released 2017, August",Discontinued,148.7 x 72.4 x 9.1 mm (5.85 x 2.85 x 0.36 in),161.0,,,Dual SIM,IPS LCD,,5.2,720x1280,282,69.2,,"Android 7.0 (Nougat), FitHome UI",Mediatek MT6737 (28 nm),28,Quad-core 1.25 GHz Cortex-A53,Mali-T720MP1,3,3,16,16,eMMC 5.0,13.0,1,,No,,No,LED flash,1080p@30fps,8.0,No,,,"Wi-Fi 802.11 b/g/n, Wi-Fi Direct",No,4.0,Micro-USB,Yes,GPS,"Accelerometer, proximity",4000,,,No,,,,,11300,,,,,,"Gold, Silver",,,,FM radio
Panasonic,Panasonic P55 Max,https://www.gsmarena.com/panasonic_p55_max-8771.php,https://fdn2.gsmarena.com/vv/bigpic/panasonic-p55-max.jpg,GSM / HSPA / LTE,No,"2017, July. Released 2017, July",Discontinued,152 x 77.6 x 8.7 mm (5.98 x 3.06 x 0.34 in),180.0,,,Nano-SIM + Micro-SIM,IPS LCD,,5.5,720x1280,267,70.7,Asahi Dragontrail Glass,Android 7.0 (Nougat),Mediatek MT6737 (28 nm),28,Quad-core 1.3 GHz Cortex-A53,Mali-T720,3,3,16,16,eMMC 5.0,13.0,1,,No,,No,quad-LED flash,1080p@30fps,5.0,No,,,"Wi-Fi 802.11 b/g/n, Wi-Fi Direct",No,4.0,Micro-USB,Yes,GPS,"Accelerometer, proximity",5000,,,No,,,,,8500,,,,,,"Champagne Gold, Matte Black",,,,FM radio
Panasonic,Panasonic Eluga i3 Mega,https://www.gsmarena.com/panasonic_eluga_i3_mega-8708.php,https://fdn2.gsmarena.com/vv/bigpic/panasonic-eluga-I3.jpg,GSM / HSPA / LTE,No,"2017, May. Released 2017, June",Discontinued,154.6 x 77 x 9.4 mm (6.09 x 3.03 x 0.37 in),180.0,,,Nano-SIM + Micro-SIM,IPS LCD,,5.5,720x1280,267,70.1,,Android 6.0 (Marshmallow),Mediatek MT6735 (28 nm),28,Quad-core 1.3 GHz Cortex-A53,Mali-T720,3,3,16,16,,13.0,1,,No,1/3.1,No,LED flash,1080p@30fps,5.0,No,,,"Wi-Fi 802.11 b/g/n, Wi-Fi Direct",No,4.0,Micro-USB,Yes,GPS,"Accelerometer, proximity",4000,,,No,,,,,11500,,,,,,"Champagne Gold, Silver",,,,FM radio
Panasonic,Panasonic P85,https://www.gsmarena.com/panasonic_p85-8689.php,https://fdn2.gsmarena.com/vv/bigpic/panasonic-p85.jpg,GSM / HSPA / LTE,No,"2017, May. Released 2017, May",Discontinued,145 x 72.2 x 9.4 mm (5.71 x 2.84 x 0.37 in),146.7,,,Dual SIM,IPS LCD,,5.0,720x1280,294,65.8,,Android 6.0 (Marshmallow),,,Quad-core 1.0 GHz,,2,2,16,16,,8.0,1,,No,,No,LED flash,720p@30fps,2.0,No,,,"Wi-Fi 802.11 b/g/n, Wi-Fi Direct",No,4.0,Micro-USB,Yes,GPS,"Accelerometer, gyro, proximity",4000,,,No,,,90.0,,,,,,,,"Grey, Gold",P85,,,FM radio with RDS; recording
Panasonic,Panasonic Eluga Ray,https://www.gsmarena.com/panasonic_eluga_ray-8688.php,https://fdn2.gsmarena.com/vv/bigpic/panasonic-eluga-ray.jpg,GSM / HSPA / LTE,No,"2017, May. Released 2017, May",Discontinued,144.4 x 71.6 x 9.7 mm (5.69 x 2.82 x 0.38 in),169.0,,,Dual SIM,IPS LCD,,5.0,720x1280,294,66.7,,Android 6.0 (Marshmallow),Mediatek MT6737 (28 nm),28,Quad-core 1.3 GHz Cortex-A53,Mali-T720,3,3,16,16,eMMC 5.0,13.0,1,,No,,No,LED flash,720p@30fps,5.0,No,LED flash,,"Wi-Fi 802.11 b/g/n, Wi-Fi Direct",No,4.0,Micro-USB,Yes,GPS,"Fingerprint (front-mounted), accelerometer, proximity, compass",4000,,,No,,,110.0,,,,,,,,"Rose Gold, Space Grey, Gold",,,,FM radio with RDS; recording
Panasonic,Panasonic Eluga Mark 2,https://www.gsmarena.com/panasonic_eluga_mark_2-8671.php,https://fdn2.gsmarena.com/vv/bigpic/panasonic-eluga-mark2.jpg,GSM / HSPA / LTE,No,"2016, November. Released 2016, November",Discontinued,151 x 76 x 7.7 mm (5.94 x 2.99 x 0.30 in),163.0,,,Nano-SIM + Micro-SIM,IPS LCD,,5.5,720x1280,267,72.7,Asahi Dragontrail Glass,Android 6.0 (Marshmallow),Mediatek MT6753 (28 nm),28,Octa-core 1.3 GHz Cortex-A53,Mali-T720MP3,3,3,32,32,,13.0,1,2.2,No,,No,"LED flash, HDR",1080p@30fps,5.0,No,LED flash,,"Wi-Fi 802.11 b/g/n, Wi-Fi Direct",No,4.0,Micro-USB,Yes,GPS,"Fingerprint (rear-mounted), accelerometer, proximity, compass",3000,,,No,,,150.0,,,,,,,,Gold,,,,No
Panasonic,Panasonic Eluga Ray X,https://www.gsmarena.com/panasonic_eluga_ray_x-8650.php,https://fdn2.gsmarena.com/vv/bigpic/panasonic-eluga-ray-x.jpg,GSM / HSPA / LTE,No,"2017, April. Released 2017, April",Discontinued,153.4 x 77 x 10.5 mm (6.04 x 3.03 x 0.41 in),193.0,,,Dual SIM,IPS LCD,,5.5,720x1280,267,70.6,Corning Gorilla Glass,Android 6.0 (Marshmallow),Mediatek MT6737 (28 nm),28,Quad-core 1.3 GHz Cortex-A53,Mali-T720,3,3,32,32,eMMC 5.0,13.0,1,,No,,No,LED flash,720p@30fps,5.0,No,LED flash,,"Wi-Fi 802.11 b/g/n, Wi-Fi Direct",No,4.0,Micro-USB,Yes,GPS,"Fingerprint (front-mounted), accelerometer, proximity, compass",4000,,,No,,,130.0,,,,,,,,"Rose Gold, Space Grey, Gold",ELUGA Ray X,,,FM radio with RDS; recording
Panasonic,Panasonic Eluga Ray Max,https://www.gsmarena.com/panasonic_eluga_ray_max-8649.php,https://fdn2.gsmarena.com/vv/bigpic/panasonic-eluga-ray-max.jpg,GSM / HSPA / LTE,No,"2017, April. Released 2017, April",Discontinued,148 x 73 x 9.5 mm (5.83 x 2.87 x 0.37 in),165.0,,,Dual SIM,IPS LCD,,5.2,1080x1920,424,69.0,Gorilla Glass 3,Android 6.0 (Marshmallow),Qualcomm MSM8937 Snapdragon 430 (28 nm),28,Octa-core 1.4 GHz Cortex-A53,Adreno 505,4,4,32,64,eMMC 5.1,16.0,1,,No,,No,"LED flash, panorama",1080p@30fps,8.0,No,LED flash,,"Wi-Fi 802.11 b/g/n, Wi-Fi Direct",No,4.0,Micro-USB,Yes,GPS,"Fingerprint (front-mounted), accelerometer, proximity, compass",3000,18,,No,,,170.0,,,,,,,,"Rose Gold, Space Grey, Gold",ELUGA Ray Max,,,FM radio with RDS; recording
Panasonic,Panasonic Eluga Pulse X,https://www.gsmarena.com/panasonic_eluga_pulse_x-8661.php,https://fdn2.gsmarena.com/vv/bigpic/panasonic-eluga-pulse-x.jpg,GSM / HSPA / LTE,No,"2017, March. Released 2017, March",Discontinued,152 x 77 x 8.1 mm (5.98 x 3.03 x 0.32 in),145.0,,,Dual SIM,IPS LCD,,5.5,720x1280,267,71.3,Asahi Dragontrail Glass,Android 6.0 (Marshmallow),,,Quad-core 1.25 GHz Cortex-A53,,3,3,16,16,,13.0,1,,No,,No,LED flash,1080p@30fps,5.0,No,,,"Wi-Fi 802.11 b/g/n, Wi-Fi Direct",No,4.0,Micro-USB,Yes,GPS,"Fingerprint (rear-mounted), accelerometer, proximity, compass",3000,,,No,,,160.0,,,,,,,,"Rose Gold, Dark Grey, Gold",,,,FM radio
Panasonic,Panasonic Eluga Pulse,https://www.gsmarena.com/panasonic_eluga_pulse-8662.php,https://fdn2.gsmarena.com/vv/bigpic/panasonic-eluga-pulse.jpg,GSM / HSPA / LTE,No,"2017, March. Released 2017, March",Discontinued,143 x 71.2 x 8 mm (5.63 x 2.80 x 0.31 in),133.0,,,Nano-SIM + Micro-SIM,IPS LCD,,5.0,720x1280,294,67.7,Asahi Dragontrail Glass,Android 6.0 (Marshmallow),,,Quad-core 1.25 GHz Cortex-A53,,2,2,16,16,,13.0,1,,No,,No,LED flash,1080p@30fps,5.0,No,,,"Wi-Fi 802.11 b/g/n, Wi-Fi Direct",No,4.0,Micro-USB,Yes,GPS,"Fingerprint (rear-mounted), accelerometer, proximity",2200,,,No,,,130.0,,,,,,,,"Rose Gold, Dark Grey, Gold",,,,FM radio
Panasonic,Panasonic P88,https://www.gsmarena.com/panasonic_p88-8476.php,https://fdn2.gsmarena.com/vv/bigpic/panasonic-p88.jpg,GSM / HSPA / LTE,No,"2016, December. Released 2016, December",Discontinued,8.4 mm thickness,156.0,,,Dual SIM,IPS LCD,,5.3,720x1280,277,,Asahi Dragontrail Glass,Android 6.0 (Marshmallow),Mediatek MT6737M (28 nm),28,Quad-core 1.25 GHz Cortex-A53,Mali-T720MP2,2,2,16,16,eMMC 5.0,13.0,1,,No,,No,Tripple-LED flash,1080p@30fps,5.0,No,LED flash,,"Wi-Fi 802.11 b/g/n, Wi-Fi Direct",No,4.0,Micro-USB,Yes,GPS,"Accelerometer, proximity",2600,,,No,,,160.0,,,,,,,,"Gold, Charcoal Grey",P88,,,FM radio
Panasonic,Panasonic P55 Novo,https://www.gsmarena.com/panasonic_p55_novo-8421.php,https://fdn2.gsmarena.com/vv/bigpic/panasonic-p55-novo.jpg,GSM / HSPA / LTE,No,"2016, November. Released 2016, November",Discontinued,147.9 x 73.8 x 8.2 mm (5.82 x 2.91 x 0.32 in),155.0,,,Dual SIM,IPS LCD,,5.5,720x1280,267,76.4,,Android 6.0 (Marshmallow),,,Octa-core 1.3 GHz,,3,3,16,16,,13.0,1,,No,,No,Tripple-LED flash,1080p@30fps,5.0,No,LED flash,,"Wi-Fi 802.11 b/g/n, Wi-Fi Direct",No,4.0,Micro-USB,Yes,GPS,"Accelerometer, proximity",2500,,,No,,,100.0,,,,,,,,"Champagne Gold, Smoke Grey/Midnight Blue","P55 Novo, P55 Novo 4G",,,"FM radio, RDS"
Panasonic,Panasonic P77,https://www.gsmarena.com/panasonic_p77-8399.php,https://fdn2.gsmarena.com/vv/bigpic/panasonic-p77.jpg,GSM / HSPA / LTE,No,"2016, September. Released 2016, September",Discontinued,143 x 72 x 7.6 mm (5.63 x 2.83 x 0.30 in),126.0,,,Hybrid Dual SIM,IPS LCD,,5.0,720x1280,294,66.9,,Android 5.1 (Lollipop),Mediatek MT6735P (28 nm),28,Quad-core 1.0 GHz Cortex-A53,Mali-T720MP2,1,1,8,16,,8.0,1,,No,,No,LED flash,1080p@30fps,2.0,No,,,"Wi-Fi 802.11 b/g/n, Wi-Fi Direct, hotspot",No,4.0,Micro-USB,Yes,GPS,"Accelerometer, proximity",2000,,,No,,,100.0,,,,,,,,"White, Gray",,,,FM radio
Panasonic,Panasonic Eluga Tapp,https://www.gsmarena.com/panasonic_eluga_tapp-8392.php,https://fdn2.gsmarena.com/vv/bigpic/panasonic-eluga-tapp.jpg,GSM / HSPA / LTE,No,"2016, October. Released 2016, October",Discontinued,143 x 71 x 8.2 mm (5.63 x 2.80 x 0.32 in),138.0,,,Dual SIM,IPS LCD,,5.0,720x1280,294,67.9,,Android 6.0 (Marshmallow),,,Quad-core 1.25 GHz,,2,2,16,16,,8.0,1,,No,,No,LED flash,1080p@30fps,5.0,No,,,"Wi-Fi 802.11 b/g/n, Wi-Fi Direct",No,4.0,Micro-USB,Yes,GPS,"Fingerprint (front-mounted), accelerometer, proximity",2800,,,No,,,150.0,,,,,,,,"Champagne Gold, Silver Gray",,,,FM radio
Panasonic,Panasonic Eluga Arc 2,https://www.gsmarena.com/panasonic_eluga_arc_2-8240.php,https://fdn2.gsmarena.com/vv/bigpic/panasonic-eluga-arc2.jpg,GSM / HSPA / LTE,No,"2016, August. Released 2016, August",Discontinued,144 x 72 x 7.6 mm (5.67 x 2.83 x 0.30 in),147.0,,,Hybrid Dual SIM,IPS LCD,,5.0,720x1280,294,66.5,Asahi Dragontrail Glass,Android 6.0 (Marshmallow),,,Quad-core 1.3 GHz,,3,3,32,32,,8.0,1,,No,,No,LED flash,1080p@30fps,5.0,No,,,"Wi-Fi 802.11 b/g/n, Wi-Fi Direct",No,4.0,Micro-USB,Yes,GPS,"Accelerometer, proximity",2450,,,No,,,200.0,,,,,,,,"Gold, Rose Gold",Eluga_Arc_2,,,"FM radio, RDS"
Panasonic,Panasonic Eluga Note,https://www.gsmarena.com/panasonic_eluga_note-8196.php,https://fdn2.gsmarena.com/vv/bigpic/panasonic-eluga-note.jpg,GSM / HSPA / LTE,No,"2016, July. Released 2016, July",Discontinued,146 x 74.5 x 8.2 mm (5.75 x 2.93 x 0.32 in),142.0,,,Dual SIM,IPS LCD,,5.5,1080x1920,401,76.7,,"Android 6.0.1 (Marshmallow), FitHome UI",,,Octa-core 1.3 GHz,,3,3,32,32,,16.0,1,1.9,No,,No,Triple-LED flash,1080p@30fps,5.0,No,,,"Wi-Fi 802.11 b/g/n, Wi-Fi Direct, DLNA",No,4.0,Micro-USB,Yes,GPS,"Accelerometer, proximity",3000,,,No,,,170.0,,,,,,,,Champagne Gold,,,,"FM radio, RDS"
Panasonic,Panasonic Eluga A2,https://www.gsmarena.com/panasonic_eluga_a2-8166.php,https://fdn2.gsmarena.com/vv/bigpic/panasonic-eluga-a2.jpg,GSM / HSPA / LTE,No,"2016, April. Released 2016, April",Discontinued,143.8 x 72 x 8.9 mm (5.66 x 2.83 x 0.35 in),167.5,,,Dual SIM,IPS LCD,,5.0,720x1280,294,66.6,,"Android 5.1 (Lollipop), FitHome UI",Mediatek MT6735M (28 nm),28,Quad-core 1.0 GHz Cortex-A53,Mali-T720MP2,3,3,16,16,,8.0,1,,No,,No,LED flash,1080p@30fps,5.0,No,,,"Wi-Fi 802.11 a/b/g/n, Wi-Fi Direct, hotspot",No,4.0,Micro-USB,Yes,GPS,"Accelerometer, proximity",4000,,,No,,,150.0,,,,,,,,"Gold, Silver",Eluga_A2,,,FM radio
Panasonic,Panasonic Eluga I3,https://www.gsmarena.com/panasonic_eluga_i3-8109.php,https://fdn2.gsmarena.com/vv/bigpic/panasonic-eluga-i3.jpg,GSM / HSPA / LTE,No,"2016, April. Released 2016, May",Discontinued,151 x 77 x 8.2 mm (5.94 x 3.03 x 0.32 in),,,,Dual SIM,IPS LCD,,5.5,720x1280,267,71.7,,"Android 5.1 (Lollipop), FitHome UI",,,Quad-core 1.3 GHz,,2,2,16,16,,13.0,1,,No,,No,LED flash,1080p@30fps,5.0,No,,,"Wi-Fi 802.11 a/b/g/n, Wi-Fi Direct, hotspot",No,4.0,Micro-USB,Yes,GPS,"Accelerometer, proximity",2700,,,No,,,150.0,,,,,,,,"Rose Gold, Champagne Gold, Marine Blue",Eluga_I3,,,"FM radio, RDS"
Panasonic,Panasonic Eluga I2 (2016),https://www.gsmarena.com/panasonic_eluga_i2_(2016)-8108.php,https://fdn2.gsmarena.com/vv/bigpic/panasonic-eluga-i2-2016.jpg,GSM / HSPA / LTE,No,"2016, May. Released 2016, May",Discontinued,144.2 x 71.2 x 8.8 mm (5.68 x 2.80 x 0.35 in),,,,Dual SIM,IPS LCD,,5.0,720x1280,294,67.1,,"Android 5.1 (Lollipop), FitHome UI",,,Quad-core 1.0 GHz,,2,3,16,16,,8.0,1,,No,,No,LED flash,1080p@30fps,5.0,No,,,"Wi-Fi 802.11 b/g/n, Wi-Fi Direct, hotspot",No,4.0,Micro-USB,Yes,GPS,"Accelerometer, proximity",2000,,,No,,,130.0,,,,,,,,"Metallic Silver, Metallic Gold, Metallic Grey",,,,FM radio
Panasonic,Panasonic Eluga Arc,https://www.gsmarena.com/panasonic_eluga_arc-8107.php,https://fdn2.gsmarena.com/vv/bigpic/panasonic-eluga-arc.jpg,GSM / HSPA / LTE,No,"2016, April. Released 2016, May",Discontinued,139 x 67 x 8.1 mm (5.47 x 2.64 x 0.32 in),,,,Dual SIM,IPS LCD,,4.7,720x1280,312,65.4,,Android 5.1 (Lollipop),Qualcomm MSM8916 Snapdragon 410 (28 nm),28,Quad-core 1.2 GHz Cortex-A53,Adreno 306,2,2,16,16,eMMC 4.5,8.0,1,,No,,No,LED flash,1080p@30fps,5.0,No,LED flash,,"Wi-Fi 802.11 b/g/n, Wi-Fi Direct, hotspot",No,4.0,Micro-USB,Yes,GPS,"Fingerprint (rear-mounted), accelerometer, proximity",1800,10,,No,,,,,,,,,,,Gold,,,,FM radio
Panasonic,Panasonic P66,https://www.gsmarena.com/panasonic_p66-7994.php,https://fdn2.gsmarena.com/vv/bigpic/panasonic-p66.jpg,GSM / HSPA,No,"2016, February. Released 2016, February",Discontinued,142.4 x 70.9 x 8.4 mm (5.61 x 2.79 x 0.33 in),155.0,,,Dual SIM,IPS LCD,,5.0,720x1280,294,68.3,,Android 5.1 (Lollipop),,,Quad-core 1.3 GHz,,2,2,16,16,,8.0,1,,No,,No,LED flash,1080p@30fps,5.0,No,LED flash,,"Wi-Fi 802.11 b/g/n, Wi-Fi Direct, hotspot",No,2.1,Micro-USB,Yes,GPS,"Accelerometer, proximity",3200,,,No,,,110.0,,,,,,,,"Rose Gold, Russet Brown & Electric Blue",,,,"FM radio, RDS"
Panasonic,Panasonic Eluga Turbo,https://www.gsmarena.com/panasonic_eluga_turbo-7993.php,https://fdn2.gsmarena.com/vv/bigpic/panasonic-eluga-turbo.jpg,GSM / HSPA / LTE,No,"2016, January. Released 2016, January",Discontinued,142.4 x 71.2 x 6.9 mm (5.61 x 2.80 x 0.27 in),145.0,,,Nano-SIM + Micro-SIM,IPS LCD,,5.0,720x1280,294,68.0,,"Android 5.1 (Lollipop), FitHome UI",Mediatek MT6753 (28 nm),28,Octa-core 1.5 GHz Cortex-A53,Mali-T720MP3,3,3,32,32,,13.0,1,,No,,No,"LED flash, HDR, panorama",1080p@30fps,5.0,No,,,"Wi-Fi 802.11 a/b/g/n, Wi-Fi Direct, hotspot",No,4.0,Micro-USB,Yes,GPS,"Accelerometer, proximity",2350,,,No,,,140.0,,,,,,,,"Marine Blue, Champagne Gold, Rose Gold",ELUGA Turbo,,,"FM radio, RDS"
Panasonic,Panasonic T50,https://www.gsmarena.com/panasonic_t50-7992.php,https://fdn2.gsmarena.com/vv/bigpic/panasonic-t50.jpg,GSM / HSPA,No,"2016, March. Released 2016, March",Discontinued,131.7 x 66.3 x 8.8 mm (5.19 x 2.61 x 0.35 in),,,,Dual SIM,IPS LCD,,4.5,480x854,218,63.9,,"Android 5.1 (Lollipop), Sail UI",,,Quad-core 1.3 GHz,,1,1,8,8,,5.0,1,,No,,No,LED flash,720p@30fps,2.0,No,,,"Wi-Fi 802.11 b/g/n, hotspot",No,4.0,Micro-USB,Yes,GPS,"Accelerometer, proximity",1600,,,No,,,70.0,,,,,,,,"Midnight Blue, Rose Gold, Champagne Gold",,,,FM radio
Panasonic,Panasonic Eluga Mark,https://www.gsmarena.com/panasonic_eluga_mark-7792.php,https://fdn2.gsmarena.com/vv/bigpic/panasonic-eluga-mark.jpg,GSM / HSPA / LTE,No,"2015, December. Released 2015, December",Discontinued,152 x 77 x 8.2 mm (5.98 x 3.03 x 0.32 in),145.0,,,"Dual SIM (Micro-SIM, dual stand-by)",IPS LCD,,5.5,720x1280,267,71.3,,Android 5.1 (Lollipop),Qualcomm MSM8939 Snapdragon 615 (28 nm),28,Octa-core (4x1.5 GHz Cortex-A53 & 4x1.0 GHz Cortex-A53),Adreno 405,2,2,16,16,eMMC 4.5,13.0,1,,No,,No,LED flash,1080p@30fps,5.0,No,,,"Wi-Fi 802.11 b/g/n, hotspot",No,4.1,Micro-USB,Yes,GPS,"Fingerprint (rear-mounted), accelerometer, gyro, proximity",2500,,,No,,,200.0,,,,,,,,"Royal Gold, Metallic Grey",,,,FM radio
Panasonic,Panasonic Eluga Switch,https://www.gsmarena.com/panasonic_eluga_switch-7649.php,https://fdn2.gsmarena.com/vv/bigpic/panasonic-eluga-switch.jpg,GSM / HSPA / LTE,No,"2015, September. Released 2015, October",Discontinued,152.7 x 75.1 x 7.4 mm (6.01 x 2.96 x 0.29 in),141.0,,,Dual SIM,IPS LCD,,5.5,1080x1920,401,72.7,,Android 5.0 (Lollipop),Qualcomm MSM8936 Snapdragon 610 (28 nm),28,,Adreno 405,2,2,32,32,,13.0,1,,No,,No,LED flash,1080p@30fps,8.0,No,,,"Wi-Fi 802.11 b/g/n, hotspot",No,4.1,Micro-USB,Yes,GPS,"Accelerometer, gyro, proximity, compass",2910,,,No,,,270.0,,,,,,,,Gunmetal Grey,,,,"FM radio, RDS"
Panasonic,Panasonic Eluga L2,https://www.gsmarena.com/panasonic_eluga_l2-7502.php,https://fdn2.gsmarena.com/vv/bigpic/panasonic-eluga-l2.jpg,GSM / HSPA / LTE,No,"2015, August. Released 2015, August",Discontinued,153 x 77.5 x 8.6 mm (6.02 x 3.05 x 0.34 in),158.0,,,Dual SIM,IPS LCD,,5.5,540x960,200,70.3,,Android 5.1 (Lollipop),,,Quad-core 1.0 GHz,,1,1,8,8,,8.0,1,,No,,No,LED flash,1080p@30fps,2.0,No,,,"Wi-Fi 802.11 b/g/n, hotspot",No,4.0,Micro-USB,Yes,GPS,"Accelerometer, proximity",2500,,,No,,,140.0,,,,,,,,"Black, Gray",,,,FM radio
Panasonic,Panasonic Eluga I2,https://www.gsmarena.com/panasonic_eluga_i2-7503.php,https://fdn2.gsmarena.com/vv/bigpic/panasonic-eluga-i2.jpg,GSM / HSPA / LTE,No,"2015, August. Released 2015, August",Discontinued,144.2 x 71.2 x 8.8 mm (5.68 x 2.80 x 0.35 in),135.0,,,Dual SIM,IPS LCD,,5.0,720x1280,294,67.1,,Android 5.1 (Lollipop),,,Quad-core 1.0 GHz,,1,1,8,8,,8.0,1,,No,,No,LED flash,1080p@30fps,2.0,No,,,"Wi-Fi 802.11 b/g/n, hotspot",No,4.0,Micro-USB,Yes,GPS,"Accelerometer, proximity",2000,,,No,,,120.0,,,,,,,,"Gold, Silver, Gray",ELUGA_I2,,,FM radio
Panasonic,Panasonic T45,https://www.gsmarena.com/panasonic_t45-7501.php,https://fdn2.gsmarena.com/vv/bigpic/panasonic-t45.jpg,GSM / HSPA / LTE,No,"2015, August. Released 2015, August",Discontinued,130.6 x 65.3 x 9.5 mm (5.14 x 2.57 x 0.37 in),,,,Dual SIM,IPS LCD,,4.5,480x854,218,65.4,,Android 5.1 (Lollipop),Mediatek MT6735M (28 nm),28,Quad-core 1.0 GHz Cortex-A53,Mali-T720MP2,1,1,8,8,,5.0,1,,No,,No,LED flash,Yes,,No,,,"Wi-Fi 802.11 b/g/n, hotspot",No,4.0,Micro-USB,Yes,GPS,"Accelerometer, proximity",1800,,,No,,,100.0,,,,,,,,"White, Black",,,,FM radio
Panasonic,Panasonic Eluga Icon,https://www.gsmarena.com/panasonic_eluga_icon-7484.php,https://fdn2.gsmarena.com/vv/bigpic/panasonic-eluga-icon.jpg,GSM / HSPA / LTE,No,"2015, August. Released 2015, August",Discontinued,152.3 x 76.4 x 8 mm (6.00 x 3.01 x 0.31 in),147.0,,,Dual SIM,IPS LCD,,5.5,720x1280,267,71.7,,Android 4.4.2 (KitKat),,,Octa-core 1.5 GHz,,2,2,16,16,,13.0,1,,No,,No,LED flash,1080p@30fps,8.0,No,,,"Wi-Fi 802.11 b/g/n, Wi-Fi Direct, hotspot",No,4.0,Micro-USB,Yes,GPS,"Accelerometer, proximity",3500,,,No,,,160.0,,,,,,,,Black,,,,FM radio
Panasonic,Panasonic Eluga Z,https://www.gsmarena.com/panasonic_eluga_z-7486.php,https://fdn2.gsmarena.com/vv/bigpic/panasonic-eluga-z.jpg,GSM / HSPA,No,"2015, July. Released 2015, July",Discontinued,141.3 x 70.6 x 6.9 mm (5.56 x 2.78 x 0.27 in),,,,Dual SIM,AMOLED,,5.0,720x1280,294,69.1,,"Android 4.4.2 (KitKat), upgradable to 5.0 (Lollipop)",,,Octa-core 1.4 GHz,Mali-450MP4,2,2,16,16,,13.0,1,,No,,No,LED flash,1080p@30fps,5.0,No,,,"Wi-Fi 802.11 b/g/n, Wi-Fi Direct, hotspot",No,4.0,Micro-USB,Yes,GPS,"Accelerometer, proximity",2050,,,No,,,,,,,,,,,"Black, White",,,,FM radio
Panasonic,Panasonic Eluga L 4G,https://www.gsmarena.com/panasonic_eluga_l_4g-7487.php,https://fdn2.gsmarena.com/vv/bigpic/panasonic-eluga-l-4g.jpg,GSM / HSPA / LTE,No,"2015, May. Released 2015, May",Discontinued,142 x 71 x 6.1 mm (5.59 x 2.80 x 0.24 in),110.0,,,Dual SIM,IPS LCD,,5.0,720x1280,294,68.4,,Android 4.4.4 (KitKat),Qualcomm MSM8916 Snapdragon 410 (28 nm),28,Quad-core 1.2 GHz Cortex-A53,Adreno 306,1,1,8,8,eMMC 4.5,8.0,1,,No,,No,LED flash,1080p@30fps,5.0,No,,,"Wi-Fi 802.11 b/g/n, hotspot",No,4.0,Micro-USB,Yes,GPS,"Accelerometer, proximity",2000,,,No,,,190.0,,,,,,,,Blue,,,,"FM radio, RDS"
Panasonic,Panasonic Eluga S mini,https://www.gsmarena.com/panasonic_eluga_s_mini-7361.php,https://fdn2.gsmarena.com/vv/bigpic/panasonic-eluga-s-mini.jpg,GSM / HSPA,No,"2015, June. Released 2015, June",Discontinued,137.5 x 68.4 x 9.5 mm (5.41 x 2.69 x 0.37 in),135.0,,,Dual SIM,IPS LCD,,4.7,720x1280,312,64.7,,Android 4.4.2 (KitKat),,,Octa-core 1.4 GHz Cortex-A7,,1,1,8,8,,8.0,1,,No,,No,LED flash,Yes,5.0,No,,,"Wi-Fi 802.11 b/g/n, Wi-Fi Direct, hotspot",No,4.0,Micro-USB,Yes,GPS,Accelerometer,1980,,,No,,,130.0,,,,,,,,"Black, White",,,,FM radio
Panasonic,Panasonic Eluga U2,https://www.gsmarena.com/panasonic_eluga_u2-7067.php,https://fdn2.gsmarena.com/vv/bigpic/panasonic-eluga-u2.jpg,GSM / HSPA / LTE,No,"2015, February. Released 2015, February",Discontinued,141.5 x 71.3 x 8 mm (5.57 x 2.81 x 0.31 in),131.0,,,Micro-SIM,IPS LCD,,5.0,1080x1920,441,68.3,To be confirmed,Android 5.0 (Lollipop),Qualcomm MSM8916 Snapdragon 410 (28 nm),28,Quad-core 1.2 GHz Cortex-A53,Adreno 306,2,2,16,16,eMMC 4.5,13.0,1,,No,,No,LED flash,1080p@30fps,5.0,No,,,"Wi-Fi 802.11 b/g/n, hotspot",No,4.0,Micro-USB,Yes,GPS,"Accelerometer, proximity, compass",2500,,,No,,,220.0,,,,,,,,"Black, White",,,,FM radio
Panasonic,Panasonic Eluga S,https://www.gsmarena.com/panasonic_eluga_s-7202.php,https://fdn2.gsmarena.com/vv/bigpic/panasonic-eluga-s.jpg,GSM / HSPA,No,"2014, November. Released 2014, November",Discontinued,141 x 71 x 7.9 mm (5.55 x 2.80 x 0.31 in),135.0,,,Dual SIM,IPS LCD,,5.0,720x1280,294,68.8,,Android 4.4.2 (KitKat),,,Octa-core 1.4 GHz,,1,1,8,8,,8.0,1,,No,,No,LED flash,1080p@30fps,5.0,No,,,"Wi-Fi 802.11 b/g/n, Wi-Fi Direct, hotspot",No,4.0,Micro-USB,Yes,GPS,"Accelerometer, proximity",2100,,,No,,,150.0,,,,,,,,"Black, White",,,,"FM radio, RDS"
Panasonic,Panasonic P61,https://www.gsmarena.com/panasonic_p61-7015.php,https://fdn2.gsmarena.com/vv/bigpic/panasonic-p61.jpg,GSM / HSPA,No,"2014, July. Released 2014, July",Discontinued,162.7 x 83.8 x 8.2 mm (6.41 x 3.30 x 0.32 in),173.8,,,Dual SIM,IPS LCD,,6.0,720x1280,245,72.8,,Android 4.4.2 (KitKat),,,Quad-core 1.3 GHz,,1,1,16,16,,8.0,1,,No,,No,Dual-LED flash,Yes,2.0,No,,,"Wi-Fi 802.11 b/g/n, Wi-Fi Direct, hotspot",No,4.0,Micro-USB,Yes,GPS,"Accelerometer, proximity",2800,,,No,,,190.0,,,,,,,,"Pearl White, Black",,,,"FM radio, RDS"
Panasonic,Panasonic T41,https://www.gsmarena.com/panasonic_t41-7191.php,https://fdn2.gsmarena.com/vv/bigpic/panasonic-t41.jpg,GSM / HSPA,No,"2014, July. Released 2014, July",Discontinued,131 x 65.9 x 8.3 mm (5.16 x 2.59 x 0.33 in),120.6,,,Dual SIM,IPS LCD,,4.5,480x854,218,64.6,,Android 4.4.2 (KitKat),,,Quad-core 1.3 GHz Cortex-A7,,,,4,4,,5.0,1,,No,,No,LED flash,Yes,,No,,,"Wi-Fi 802.11 b/g/n, Wi-Fi Direct, hotspot",No,4.0,Micro-USB,Yes,GPS,"Accelerometer, proximity",1650,,,No,,,,,,,,,,,"White, Black, Red",,,,"FM radio, RDS"
Panasonic,Panasonic T40,https://www.gsmarena.com/panasonic_t40-7109.php,https://fdn2.gsmarena.com/vv/bigpic/panasonic-t40.jpg,GSM / HSPA,No,"2014, October. Released 2014, October",Discontinued,126 x 62.5 x 9 mm (4.96 x 2.46 x 0.35 in),117.0,,,Dual SIM,IPS LCD,,4.0,480x800,233,57.8,,Android 4.4.2 (KitKat),,,Quad-core 1.3 GHz Cortex-A7,,1,1,8,8,,5.0,1,,No,,No,LED flash,Yes,2.0,No,,,"Wi-Fi 802.11 b/g/n, Wi-Fi Direct, hotspot",No,4.0,Micro-USB,Yes,GPS,"Accelerometer, proximity",1500,,,No,,,90.0,,,,,,,,"White, Dark Grey, Bright Red",,,,"FM radio, RDS"
Panasonic,Panasonic P55,https://www.gsmarena.com/panasonic_p55-7014.php,https://fdn2.gsmarena.com/vv/bigpic/panasonic-p55.jpg,GSM / HSPA,No,"2014, November. Released 2014, November",Discontinued,149.7 x 77 x 7.9 mm (5.89 x 3.03 x 0.31 in),148.0,,,Dual SIM,IPS LCD,,5.5,720x1280,267,72.3,,Android 4.4.2 (KitKat),,,Quad-core 1.2 GHz,,1,1,4,4,,8.0,1,,No,,No,LED flash,1080p@30fps,2.0,No,,,"Wi-Fi 802.11 b/g/n, Wi-Fi Direct, hotspot",No,4.0,Micro-USB,Yes,GPS,"Accelerometer, proximity",2500,,,No,,,120.0,,,,,,,,"Pearl White, Deep Blue",,,,"FM radio, RDS"
Panasonic,Panasonic Eluga I,https://www.gsmarena.com/panasonic_eluga_i-6818.php,https://fdn2.gsmarena.com/vv/bigpic/Panasonic-Eluga-I.jpg,GSM / HSPA,No,"2014, November. Released 2014, November",Discontinued,147.1 x 73.6 x 9 mm (5.79 x 2.90 x 0.35 in),155.0,,,Dual SIM,IPS LCD,,5.0,720x1280,294,63.7,,Android 4.4.2 (KitKat),,,Quad-core 1.3 GHz,,1,1,8,8,,8.0,1,,No,,No,LED flash,1080p@30fps,2.0,No,,,"Wi-Fi 802.11 b/g/n, Wi-Fi Direct, hotspot",No,4.0,Micro-USB,Yes,GPS,"Accelerometer, proximity",2000,,,No,,,140.0,,,,,,,,Silver,,,,FM radio
Panasonic,Panasonic Lumix Smart Camera CM1,https://www.gsmarena.com/panasonic_lumix_smart_camera_cm1-6675.php,https://fdn2.gsmarena.com/vv/bigpic/panasonic-lumix.jpg,GSM / HSPA / LTE,No,"2014, September. Released 2014, December",Discontinued,135.4 x 68 x 21.1 mm (5.33 x 2.68 x 0.83 in),204.0,,,Micro-SIM,IPS LCD,,4.7,1080x1920,469,66.1,,"Android 4.4.2 (KitKat), upgradable to 5.0 (Lollipop)",Qualcomm MSM8974AB Snapdragon 801 (28 nm),28,Quad-core 2.3 GHz Krait 400,Adreno 330,2,2,16,16,eMMC 5.0,20.1,1,2.8,No,,Yes,"Leica optics, LED flash","4K@15fps, 1080p@30fps",1.1,No,,720p@30fps,"Wi-Fi 802.11 a/b/g/n/ac, dual-band, Wi-Fi Direct, hotspot",Yes,4.0,Micro-USB,Yes,"GPS, GLONASS","Accelerometer, gyro, proximity, compass",2600,18,,No,,,830.0,,,,,,,,Black,DMC-CM1,,,No
Panasonic,Panasonic Eluga A,https://www.gsmarena.com/panasonic_eluga_a-6574.php,https://fdn2.gsmarena.com/vv/bigpic/Panasonic-Eluga-A.jpg,GSM / HSPA,No,"2014, August. Released 2014, August",Discontinued,143.8 x 72 x 9.2 mm (5.66 x 2.83 x 0.36 in),115.0,,,Dual SIM,IPS LCD,,5.0,480x854,196,66.5,,Android 4.3 (Jelly Bean),Qualcomm Snapdragon 200 (28 nm),28,Quad-core 1.2 GHz Cortex-A7,Adreno 302,1,1,4,4,eMMC 4.5,8.0,1,,No,,No,LED flash,1080p@30fps,1.3,No,,,"Wi-Fi 802.11 b/g/n, hotspot",No,3.0,Micro-USB,Yes,GPS,"Accelerometer, proximity",2000,,,No,,,120.0,,,,,,,,"Black, White",,,,FM radio
Panasonic,Panasonic Eluga U,https://www.gsmarena.com/panasonic_eluga_u-6541.php,https://fdn2.gsmarena.com/vv/bigpic/panasonic-eluga-u.jpg,GSM / HSPA,No,"2014, July. Released 2014, August",Discontinued,8 mm thickness,141.0,,,Dual SIM,IPS LCD,,5.0,720x1280,294,,Gorilla Glass 3,Android 4.4.2 (KitKat),Qualcomm Snapdragon 400 (28 nm),28,Quad-core 1.2 GHz Cortex-A7,Adreno 305,2,2,16,16,eMMC 4.5,13.0,1,,No,,No,LED flash,1080p@30fps,2.0,No,,,"Wi-Fi 802.11 b/g/n, hotspot",No,4.0,Micro-USB,Yes,GPS,"Accelerometer, proximity, compass",2500,,,No,,,240.0,,,,,,,,"Black, White",,,,"FM radio, RDS"
Panasonic,Panasonic P81,https://www.gsmarena.com/panasonic_p81-6427.php,https://fdn2.gsmarena.com/vv/bigpic/panasonic-p81.jpg,GSM / HSPA,No,"2014, June. Released 2014, June",Discontinued,7.9 mm thickness,,,,"Dual SIM (Micro-SIM, dual stand-by)",IPS LCD,,5.5,720x1280,267,,,Android 4.2.2 (Jelly Bean),Mediatek MT6592 (28 nm),28,Octa-core 1.7 GHz Cortex-A7,Mali-450MP4,1,1,8,8,,13.0,1,,No,,No,LED flash,1080p@30fps,2.0,No,,,"Wi-Fi 802.11 b/g/n, Wi-Fi Direct, hotspot",No,3.0,Micro-USB,Yes,GPS,"Accelerometer, proximity",2500,,,No,,,220.0,,,,,,,,Black,,,,"FM radio, RDS"
Panasonic,Panasonic T31,https://www.gsmarena.com/panasonic_t31-5815.php,https://fdn2.gsmarena.com/vv/bigpic/panasonic-t31.jpg,GSM / HSPA,No,"2013, October. Released 2013, October",Discontinued,122 x 64.4 x 11.2 mm (4.80 x 2.54 x 0.44 in),120.0,,,"Dual SIM (Mini-SIM, dual stand-by)",TFT,,4.0,480x800,233,58.0,,Android 4.2.2 (Jelly Bean),Mediatek MT6572M (28 nm),28,Dual-core 1.3 GHz Cortex-A7,Mali-400,,,4,4,,3.15,1,,No,,No,HDR,720p@24fps,,No,,,"Wi-Fi 802.11 b/g/n, Wi-Fi Direct, hotspot",No,4.0,Micro-USB,Yes,GPS,"Accelerometer, proximity",1300,,,No,,,70.0,,,,,,,,"Pure White, Bluish Black",,,0.85 W/kg (head) 1.18 W/kg (body),FM radio
Panasonic,Panasonic T21,https://www.gsmarena.com/panasonic_t21-5771.php,https://fdn2.gsmarena.com/vv/bigpic/panasonic-t21.jpg,GSM / HSPA,No,"2013, Q3. Released 2013, Q3",Discontinued,132 x 66 x 9.8 mm (5.20 x 2.60 x 0.39 in),140.0,,,Dual SIM,IPS LCD,,4.5,720x1280,326,64.1,,Android 4.1 (Jelly Bean),,,Dual-core 1.2 GHz,,1,1,4,4,,8.0,1,,No,,No,LED flash,1080p@30fps,2.0,No,,,"Wi-Fi 802.11 b/g/n, hotspot",No,2.1,Micro-USB,Yes,GPS,"Accelerometer, proximity, compass",1700,,,No,,,170.0,,,,,,,,"Black, White",,,,FM radio
Panasonic,Panasonic P11,https://www.gsmarena.com/panasonic_p11-5770.php,https://fdn2.gsmarena.com/vv/bigpic/panasonic-p11.jpg,GSM / HSPA,No,"2013, Q3. Released 2013, Q3",Discontinued,143.9 x 73.3 x 9.7 mm (5.67 x 2.89 x 0.38 in),160.0,,,Dual SIM,IPS LCD,,5.0,720x1280,294,65.3,,Android 4.1.2 (Jelly Bean),Qualcomm Snapdragon 200 (28 nm),28,Quad-core 1.2 GHz Cortex-A7,Adreno 203,1,1,4,4,eMMC 4.5,8.0,1,,No,,No,LED flash,720p,2.0,No,,,"Wi-Fi 802.11 b/g/n, hotspot",No,2.1,Micro-USB,Yes,GPS,"Accelerometer, proximity, compass",2000,,,No,,,200.0,,,,,,,,"Black, White, Fluorescent Green",,,,No
Panasonic,Panasonic T11,https://www.gsmarena.com/panasonic_t11-5769.php,https://fdn2.gsmarena.com/vv/bigpic/panasonic-t11.jpg,GSM / HSPA,No,"2013, Q3. Released 2013, Q3",Discontinued,112.6 x 63.5 x 9.2 mm (4.43 x 2.5 x 0.36 in),120.0,,,Dual SIM,IPS LCD,,4.0,480x800,233,63.7,,Android 4.1 (Jelly Bean),Mediatek MT6589 (28 nm),28,Quad-core 1.2 GHz Cortex-A7,PowerVR SGX544,1,1,4,4,,5.0,1,,No,,No,LED flash,Yes,,No,,,"Wi-Fi 802.11 b/g/n, hotspot",No,2.1,Micro-USB,Yes,GPS,"Accelerometer, proximity, compass",1500,,,No,,,120.0,,,,,,,,"Black, White",,,,No
Panasonic,Panasonic P51,https://www.gsmarena.com/panasonic_p51-5469.php,https://fdn2.gsmarena.com/vv/bigpic/panasonic-p51.jpg,GSM / HSPA,No,"2013, May. Released 2013, October",Discontinued,144 x 75 x 8.5 mm (5.67 x 2.95 x 0.33 in),135.0,,,Dual SIM (Micro-SIM),IPS LCD,,5.0,720x1280,294,63.8,,Android 4.2 (Jelly Bean),Mediatek MT6589 (28 nm),28,Quad-core 1.2 GHz Cortex-A7,PowerVR SGX544,1,1,4,4,,8.0,1,,No,,No,LED flash,1080p@30fps,1.3,No,,720p,"Wi-Fi 802.11 b/g/n, hotspot",No,4.0,Micro-USB,Yes,GPS,"Accelerometer, proximity, compass",2500,,,No,,,440.0,,,,,,,,"Black, White",,,,No
Panasonic,Panasonic P41,https://www.gsmarena.com/panasonic_p41-6728.php,https://fdn2.gsmarena.com/vv/bigpic/panasonic-p41.jpg,GSM / HSPA,No,"2014, August. Released 2014, August",Discontinued,142.4 x 71.9 x 8.2 mm (5.61 x 2.83 x 0.32 in),133.0,,,Dual SIM,IPS LCD,,5.0,540x960,220,67.3,,Android 4.4.2 (KitKat),Mediatek MT6582 (28 nm),28,Quad-core 1.3 GHz Cortex-A7,Mali-400MP2,1,1,8,8,,8.0,1,,No,,No,LED flash,1080p@30fps,2.0,No,,,"Wi-Fi 802.11 b/g/n, Wi-Fi Direct, hotspot",No,4.0,Micro-USB,Yes,GPS,"Accelerometer, proximity",2000,,,No,,,170.0,,,,,,,,"Black, White",,,,No
Panasonic,Panasonic Eluga Power,https://www.gsmarena.com/panasonic_eluga_power-4584.php,https://fdn2.gsmarena.com/vv/bigpic/panasonic-eluga-power.jpg,GSM / HSPA,No,"2012, February. Released 2012, May",Discontinued,136 x 70 x 9.6 mm (5.35 x 2.76 x 0.38 in),133.0,,IP57,Micro-SIM,LCD,,5.0,720x1280,294,72.4,,Android 4.0 (Ice Cream Sandwich),Qualcomm MSM8270,,Dual-core 1.5 GHz Krait,Adreno 225,1,1,8,8,,8.0,1,,No,,No,,1080p@30fps,,No,,,"Wi-Fi 802.11 b/g/n, DLNA, hotspot",Yes,3.0,Micro-USB,Yes,"GPS, A-GPS","Accelerometer, proximity, compass",1800,,,No,,,500.0,,,,,,,,"Black, Silver",,,,No
Panasonic,Panasonic Eluga DL1,https://www.gsmarena.com/panasonic_eluga_dl1-4560.php,https://fdn2.gsmarena.com/vv/bigpic/panasonic-eluga.jpg,GSM / HSPA,No,"2012, February. Released 2012, April",Discontinued,123 x 62 x 7.8 mm (4.84 x 2.44 x 0.31 in),103.0,,IP57,Micro-SIM,OLED,,4.3,540x960,256,66.8,,"Android 2.3.5 (Gingerbread), upgradable to 4.0 (Ice Cream Sandwich)",TI OMAP 4430,,Dual-core 1.0 GHz,,1,1,8,8,,8.0,1,,No,,No,,Yes,,No,,,"Wi-Fi 802.11 b/g/n, DLNA, hotspot",Yes,2.1,Micro-USB,Yes,"GPS, A-GPS","Accelerometer, proximity, compass",1150,,,No,,,360.0,,,,,,,,"Black, Silver",,,,No
Panasonic,Panasonic Toughpad FZ-A1,https://www.gsmarena.com/panasonic_toughpad_fz_a1-4323.php,https://fdn2.gsmarena.com/vv/bigpic/panasonic-toughpad-fz-a1.jpg,No cellular connectivity,No,"2011, October. Released 2012, Q4",Discontinued,266.7 x 213.4 x 17.8 mm (10.5 x 8.40 x 0.70 in),952.5,,,No,LCD,,10.1,768x1024,127,55.5,,Android 3.2 (Honeycomb),,,Dual-core 1.2 GHz Marvell,,1,1,16,16,,5.0,1,,No,,No,LED flash,Yes,2.0,No,,,"Wi-Fi 802.11 а/b/g/n, hotspot",,2.1,Micro-USB,Yes,GPS,"Accelerometer, compass",4590,,,No,,,900.0,,,,,,,,White,,,,No
Panasonic,Panasonic Toughpad JT-B1,https://www.gsmarena.com/panasonic_toughpad_jt_b1-4324.php,https://fdn2.gsmarena.com/vv/bigpic/panasonic-toughpad-jt-b1.jpg,No cellular connectivity,No,"2011, October. Released 2012, January",Discontinued,-,952.5,,,No,LCD,,7.0,600x1024,,,,Android 3.2 (Honeycomb),,,,,1,1,16,16,,,1,,No,,No,,Yes,,No,,,"Wi-Fi 802.11 а/b/g/n, hotspot",,2.1,Micro-USB,Yes,GPS,"Accelerometer, compass",,,,No,,,1470.0,,,,,,,,White,,,,No
Panasonic,Panasonic KX-TU311,https://www.gsmarena.com/panasonic_kx_tu311-4655.php,https://fdn2.gsmarena.com/vv/bigpic/panasonic-kx-tu311.jpg,GSM,No,"2011, October",Discontinued,121 x 57 x 19 mm (4.76 x 2.24 x 0.75 in),110.0,,,Mini-SIM,"TFT, 65K colors",,1.9,220x176,148,16.5,,,,,,,,,,,,,,,No,,No,,,,No,,,No,,2.0,No,No,No,,940,,,No,,,,,,,,,,,Black,,,,No
Panasonic,Panasonic KX-TU301,https://www.gsmarena.com/panasonic_kx_tu301-4652.php,https://fdn2.gsmarena.com/vv/bigpic/panasonic-kx-tu301.jpg,GSM,No,"2011, October",Discontinued,"128 x 49 x 20 mm, 89 cc (5.04 x 1.93 x 0.79 in)",128.0,,,Mini-SIM,"TFT, 65K colors",,1.8,160x128,114,16.3,,,,,,,,,,,,,,,No,,No,,,,No,,,No,,,No,No,No,,940,,,No,,,,,,,,,,,Black,,,,No
Panasonic,Panasonic VS7,https://www.gsmarena.com/panasonic_vs7-1047.php,https://fdn2.gsmarena.com/vv/bigpic/panasonic-vs7.gif,GSM,No,"2005, Q1",Discontinued,"102 x 51 x 18.8 mm, 89 cc (4.02 x 2.01 x 0.74 in)",113.0,,,Mini-SIM,"TFT, 16M colors",,,320x240,,,,,,,,,,,,,2 MB for MMS,2.0,1,,No,,No,,QCIF,,No,,,No,,1.2,Proprietary,No,No,,830,,,No,,,,,,,,,,,,,,,No
Panasonic,Panasonic VS6,https://www.gsmarena.com/panasonic_vs6-1297.php,https://fdn2.gsmarena.com/vv/bigpic/panasonic-vs6.gif,GSM,No,"2005, Q3",Discontinued,"96 x 46 x 21 mm, 80 cc (3.78 x 1.81 x 0.83 in)",101.0,,,Mini-SIM,"TFT, 16M colors",,,240x320,,,,,,,,,,,,,,2.0,1,,No,,No,,Yes,,No,,,No,,1.2,Proprietary,No,No,,830,,,No,,,,,,,,,,,"Red, Black",,,,No
Panasonic,Panasonic VS3,https://www.gsmarena.com/panasonic_vs3-1059.php,https://fdn2.gsmarena.com/vv/bigpic/panasonic-vs3.gif,GSM,No,"2005, Q1",Discontinued,"96 x 46 x 17.6 mm, 79 cc (3.78 x 1.81 x 0.69 in)",102.0,,,Mini-SIM,"TFT, 16M colors",,,240x320,,,,,,,,,,,,,,1.3,1,,No,,No,,QCIF,,No,,,No,,,Proprietary,No,No,,830,,,No,,,,,,,,,,,,,,,No
Panasonic,Panasonic VS2,https://www.gsmarena.com/panasonic_vs2-1236.php,https://fdn2.gsmarena.com/vv/bigpic/panasonic-vs2.gif,GSM,No,"2005, Q2",Discontinued,"96 x 46 x 18.2 mm, 77 cc (3.78 x 1.81 x 0.72 in)",98.0,,,Mini-SIM,"TFT, 16M colors",,,240x320,,,,,,,,,,,,,,1.3,1,,No,,No,,Yes,,No,,,No,,,Proprietary,No,No,,830,,,No,,,,,,,,,,,"3 - pink, copper, brown",,,,No
Panasonic,Panasonic MX7,https://www.gsmarena.com/panasonic_mx7-1060.php,https://fdn2.gsmarena.com/vv/bigpic/pamx7.gif,GSM,No,"2005, Q1",Discontinued,"102 x 51 x 26 mm, 118 cc (4.02 x 2.01 x 1.02 in)",144.0,,,Mini-SIM,"TFT, 16M colors",,,240x320,,,,,,,,,,,,,2 MB for MMS,2.0,1,,No,,No,,Yes,,No,,,No,,1.2,,No,No,,1660,,,No,,,,,,,,,,,,,,,No
Panasonic,Panasonic MX6,https://www.gsmarena.com/panasonic_mx6-1061.php,https://fdn2.gsmarena.com/vv/bigpic/pamx6.gif,GSM,No,"2005, Q1",Discontinued,"96 x 46 x 26 mm, 105 cc (3.78 x 1.81 x 1.02 in)",130.0,,,Mini-SIM,"TFT, 16M colors",,,320x240,,,,,,,,,,,,,,1.3,1,,No,,No,,Yes,,No,,,No,,,Proprietary,No,No,,1620,,,No,,,,,,,,,,,Blue,,,,No
Panasonic,Panasonic SA7,https://www.gsmarena.com/panasonic_sa7-1063.php,https://fdn2.gsmarena.com/vv/bigpic/pasa7.gif,GSM,No,"2005, Q1",Discontinued,"102 x 53 x 26 mm, 116 cc (4.02 x 2.09 x 1.02 in)",140.0,,,Mini-SIM,"TFT, 16M colors",,,240x320,,,,,,,,,,,,,2 MB for MMS,2.0,1,,No,,No,,QCIF,,No,,,No,,1.2,Proprietary,No,No,,1660,,,No,,,,,,,,,,,,,,,No
Panasonic,Panasonic SA6,https://www.gsmarena.com/panasonic_sa6-1062.php,https://fdn2.gsmarena.com/vv/bigpic/pasa6.gif,GSM,No,"2005, Q1",Discontinued,"96 x 47 x 25 mm, 106 cc (3.78 x 1.85 x 0.98 in)",127.0,,,Mini-SIM,"TFT, 16M colors",,,240x320,,,,,,,,,,,,,,1.3,1,,No,,No,,QCIF,,No,,,No,,,Proprietary,No,No,,1620,,,No,,,,,,,,,,,Red,,,,No
Panasonic,Panasonic SC3,https://www.gsmarena.com/panasonic_sc3-1071.php,https://fdn2.gsmarena.com/vv/bigpic/pasc3.gif,GSM,No,"2005, Q1",Discontinued,"91.5 x 45 x 16.8 mm, 77 cc (3.60 x 1.77 x 0.66 in)",76.0,,,Mini-SIM,"TFT, 65K colors",,,128x128,,,,,,,,,,,,,,,1,,No,,No,,No,,No,,,No,,,,No,No,,730,,,No,,,,,,,,,,,"Black, Silver",,,,No
Panasonic,Panasonic A210,https://www.gsmarena.com/panasonic_a210-1070.php,https://fdn2.gsmarena.com/vv/bigpic/paa210.gif,GSM,No,"2005, Q1",Discontinued,"91 x 44 x 16.5 mm, 51 cc (3.58 x 1.73 x 0.65 in)",71.0,,,Mini-SIM,"CSTN, 65K colors",,,128x128,,,,,,,,,,,,,,,,,No,,No,,,,No,,,No,,,,No,No,,730,,,No,,,,,,,,,,,"White Red, White Champagne-Gold, Silver",,,,No
Panasonic,Panasonic X800,https://www.gsmarena.com/panasonic_x800-993.php,https://fdn2.gsmarena.com/vv/bigpic/pax800.gif,GSM,No,"2005, Q1",Discontinued,"100 x 48 x 17 mm, 79 cc (3.94 x 1.89 x 0.67 in)",99.0,,,Mini-SIM,"TFT, 65K colors",,2.2,176x208,124,32.1,,"Symbian OS 7.0s, Series 60 v2.0 UI",,,104 MHz ARM 920T,,,,,,,,1,,No,,No,LED flash,Yes,,No,,,No,,1.1,Proprietary,No,No,,720,,,No,,,,,,,,,,,,,,,No
Panasonic,Panasonic Z800,https://www.gsmarena.com/panasonic_z800-912.php,https://fdn2.gsmarena.com/vv/bigpic/paz800.gif,GSM / UMTS,No,"2004, Q4",Cancelled,"96.5 x 49 x 26 mm, 100 cc (3.80 x 1.93 x 1.02 in)",115.0,,,Mini-SIM,"TFT, 65K colors",,,176x220,,,,,,,,,,,,,,1.3,1,,No,,No,,Yes,,No,,,No,,,Proprietary,No,No,,,,,No,,,,,,,,,,,,,,,No
Panasonic,Panasonic X700,https://www.gsmarena.com/panasonic_x700-683.php,https://fdn2.gsmarena.com/vv/bigpic/pax700.gif,GSM,No,"2004, Q1",Discontinued,"97 x 49 x 24 mm, 89 cc (3.82 x 1.93 x 0.94 in)",107.0,,,Mini-SIM,"TFT, 65K colors",,2.0,176x208,136,26.8,,"Symbian 7.0s, Series 60 UI",,,104 MHz ARM 920T,,,,,,,,1,,No,,No,LED flash,Yes,,No,,,No,,1.1,Proprietary,No,No,,780,,,No,,,,,,,,,,,,,,,No
Panasonic,Panasonic X500,https://www.gsmarena.com/panasonic_x500-820.php,https://fdn2.gsmarena.com/vv/bigpic/pax500.gif,GSM,No,"2004, Q2",Discontinued,"85 x 47 x 22.5 mm, 79 cc (3.35 x 1.85 x 0.89 in)",96.0,,,Mini-SIM,"TFT, 65K colors",,,128x128,,,,,,,,,,,,,,,1,,No,,No,,Yes,,No,,,No,,,,No,No,,730,,,No,,,,,,,,,,,"Silver, Red, White",,,,No
Panasonic,Panasonic X400,https://www.gsmarena.com/panasonic_x400-819.php,https://fdn2.gsmarena.com/vv/bigpic/pax400.gif,GSM,No,"2004, Q2",Discontinued,"84 x 47 x 17 mm, 64 cc (3.31 x 1.85 x 0.67 in)",84.0,,,Mini-SIM,"TFT, 65K colors",,,128x128,,,,,,,,,,,,,300 short messages 1 MB for pictures and rigntones 700 KB for MMS,,1,,No,,No,,No,,No,,,No,,,,No,No,,600,,,No,,,,,,,,,,,"Black, Red, White",,,,No
Panasonic,Panasonic X300,https://www.gsmarena.com/panasonic_x300-710.php,https://fdn2.gsmarena.com/vv/bigpic/pax300.gif,GSM,No,"2004, Q1",Discontinued,"92 x 49 x 21 mm, 88 cc (3.62 x 1.93 x 0.83 in)",87.0,,,Mini-SIM,"CSTN, 65K colors",,1.5,128x128,121,16.1,,,,,,,,,,,,,1,,No,,No,,Yes,,No,,,No,,,Proprietary,No,No,,780,,,No,,,,,,,,,,,"Silver, Red, Gold",,,,No
Panasonic,Panasonic X200,https://www.gsmarena.com/panasonic_x200-818.php,https://fdn2.gsmarena.com/vv/bigpic/pax200.gif,GSM,No,"2004, Q2",Discontinued,"104 x 45 x 13 mm, 60 cc (4.09 x 1.77 x 0.51 in)",79.0,,,Mini-SIM,"TFT, 65K colors",,,128x128,,,,,,,,,,,,,300 short messages 700 KB for MMS,,1,,No,,No,,No,,No,,,No,,,,No,No,,600,,,No,,,,,,,,,,,"Black, White",,,,No
Panasonic,Panasonic X100,https://www.gsmarena.com/panasonic_x100-817.php,https://fdn2.gsmarena.com/vv/bigpic/pax100.gif,GSM,No,"2004, Q2",Discontinued,"90 x 44 x 18 mm, 69 cc (3.54 x 1.73 x 0.71 in)",79.0,,,Mini-SIM,"TFT, 65K colors",,,128x128,,,,,,,,,,,,,,,1,,No,,No,,No,,No,,,No,,,,No,No,,730,,,No,,,,,,,,,,,"Blue, Dark Silver, Silver",,,,No
Panasonic,Panasonic A500,https://www.gsmarena.com/panasonic_a500-816.php,https://fdn2.gsmarena.com/vv/bigpic/paa500.gif,GSM,No,"2004, Q2",Discontinued,"84 x 47 x 19 mm, 68 cc (3.31 x 1.85 x 0.75 in)",89.0,,,Mini-SIM,"TFT,65K colors",,,128x128,,,,,,,,,,,,,,,,,No,,No,,,,No,,,No,,,,No,No,,,,,No,,,,,,,,,,,"Black, White",,,,No
Panasonic,Panasonic A200,https://www.gsmarena.com/panasonic_a200-911.php,https://fdn2.gsmarena.com/vv/bigpic/paa200.gif,GSM,No,"2004, Q4",Discontinued,"90 x 44 x 18 mm, 67 cc (3.54 x 1.73 x 0.71 in)",77.0,,,Mini-SIM,"TFT, 65K colors",,,128x128,,,,,,,,,,,,,,,,,No,,No,,,,No,,,No,,,,No,No,,730,,,No,,,,,,,,,,,"3 - White, Black, Pink",,,,No
Panasonic,Panasonic A100 Series,https://www.gsmarena.com/panasonic_a100_series-711.php,https://fdn2.gsmarena.com/vv/bigpic/paa100.gif,GSM,No,"2004, Q1",Discontinued,"77 x 44 x 17.8 mm, 55 cc (3.03 x 1.73 x 0.70 in)",66.0,,,Mini-SIM,Graphics,,,,,,,,,,,,,,,,,,,,No,,No,,,,No,,,No,,,,No,No,,780,,,No,,,,,,,,,,,"3 - Black, Blue, Red",,,,No
Panasonic,Panasonic P341i,https://www.gsmarena.com/panasonic_p341i-672.php,https://fdn2.gsmarena.com/vv/bigpic/pap341i.gif,GSM,No,"2004, Q1",Discontinued,"87 x 47 x 24 mm, 80 cc (3.43 x 1.85 x 0.94 in)",92.0,,,Mini-SIM,"TFT, 65K colors",,,132x176,,,,,,,,,,,,,,,1,,No,,No,,No,,No,,,No,,,,No,No,,680,,,No,,,,,,,,,,,Anthrazit,,,,No
Panasonic,Panasonic X68/X77,https://www.gsmarena.com/panasonic_x68_x77-772.php,https://fdn2.gsmarena.com/vv/bigpic/pax77.gif,GSM,No,"2004, Q2",Discontinued,77 x 50 x 28 mm (3.03 x 1.97 x 1.10 in),86.0,,,Mini-SIM,"STN, 65K colors",,,128x128,,,,,,,,,,,,,,,1,,No,,No,,No,,No,,,No,,,,No,No,,680,,,No,,,,,,,,,,,"Cool silver, Vivid red",,,,No
Panasonic,Panasonic X11,https://www.gsmarena.com/panasonic_x11-625.php,https://fdn2.gsmarena.com/vv/bigpic/pax11.gif,GSM,No,"2004, Q1",Discontinued,87.3 x 48 x 27 mm (3.44 x 1.89 x 1.06 in),95.0,,,Mini-SIM,"TFT, 65K colors",,,132x176,,,,,,,,,,,,,4 MB for photos 2 MB for MMS,,1,,No,,No,,No,,No,,,No,,,,No,No,,660,,,No,,,,,,,,,,,"2 - Red, Blue",,,,No
Panasonic,Panasonic G70,https://www.gsmarena.com/panasonic_g70-557.php,https://fdn2.gsmarena.com/vv/bigpic/pag70.gif,GSM,No,"2003, Q4",Discontinued,"88 x 60 x 27 mm, 72 cc (3.46 x 2.36 x 1.06 in)",88.0,,,Mini-SIM,"CSTN, 4096 colors",,,,,,,,,,,,,,,,,,,,No,,No,,,,No,,,No,,,,No,No,,680,,,No,,,,,,,,,,,"Red, Blue",,,,No
Panasonic,Panasonic G51,https://www.gsmarena.com/panasonic_g51-556.php,https://fdn2.gsmarena.com/vv/bigpic/pag51.gif,GSM,No,"2003, Q4",Discontinued,"80 x 43 x 18 mm, 66 cc (3.15 x 1.69 x 0.71 in)",74.0,,,Mini-SIM,"CSTN, 4096 colors",,,,,,,,,,,,,,,,,,,,No,,No,,,,No,,,No,,,,No,No,,780,,,No,,,,,,,,,,,"Silver, Red, Blue (G51e:Pink,Gold. G51m:Blue,Silver)",,,,No
Panasonic,Panasonic X88,https://www.gsmarena.com/panasonic_x88-600.php,https://fdn2.gsmarena.com/vv/bigpic/pax88.gif,GSM,No,"2003, Q4",Discontinued,"87 x 47 x 24 mm, 80 cc (3.43 x 1.85 x 0.94 in)",92.0,,,Mini-SIM,"TFT, 65K colors",,,132x176,,,,,,,,,,,,,4 MB for photos 2 MB for MMS,,1,,No,,No,,No,,No,,,No,,1.1,,No,No,,680,,,No,,,,,,,,,,,Gold,,,,No
Panasonic,Panasonic X66,https://www.gsmarena.com/panasonic_x66-456.php,https://fdn2.gsmarena.com/vv/bigpic/pax66.gif,GSM,No,,Discontinued,"75 x 45 x 27 mm, 74 cc (2.95 x 1.77 x 1.06 in)",82.0,,,Mini-SIM,"CSTN, 65K colors",,,128x128,,,,,,,,,,,,,,,1,,No,,No,,No,,No,,,No,,,,No,No,,680,,,No,,,,,,,,,,,"Gold, Purple",,,,No
Panasonic,Panasonic X70,https://www.gsmarena.com/panasonic_x70-412.php,https://fdn2.gsmarena.com/vv/bigpic/pax70.gif,GSM,No,"2003, Q3",Discontinued,"87 x 47 x 24 mm, 80 cc (3.43 x 1.85 x 0.94 in)",95.0,,,Mini-SIM,"TFT, 65K colors",,,132x176,,,,,,,,,,,,,100 organizer events 3 x 14 sec voice memo SMS templates,,1,,No,,No,LED flash,No,,No,,,No,,1.1,,No,No,,780,,,No,,,,,,,,,,,,,,,No
Panasonic,Panasonic G60,https://www.gsmarena.com/panasonic_g60-411.php,https://fdn2.gsmarena.com/vv/bigpic/pag60.gif,GSM,No,"2003, Q3",Discontinued,"104 x 47 x 19 mm, 75 cc (4.09 x 1.85 x 0.75 in)",87.0,,,Mini-SIM,"CSTN, 4096 colors",,,128x128,,,,,,,,,,,,,10 message templates 15 sec voice memo,,,,No,,No,,,,No,,,No,,,,No,No,,740,,,No,,,,,,,,,,,Chrome metal,,,,No
Panasonic,Panasonic G50,https://www.gsmarena.com/panasonic_g50-410.php,https://fdn2.gsmarena.com/vv/bigpic/pag50.gif,GSM,No,"2003, Q3",Discontinued,"80 x 43 x 18 mm, 53 cc (3.15 x 1.69 x 0.71 in)",74.0,,,Mini-SIM,"CSTN, 4096 colors",,,,,,,,,,,,,,,,Message templates,,,,No,,No,,,,No,,,No,,,,No,No,,780,,,No,,,,,,,,,,,"3 - Silver, Red, Blue",,,,No
Panasonic,Panasonic GD55,https://www.gsmarena.com/panasonic_gd55-372.php,https://fdn2.gsmarena.com/vv/bigpic/pagd55.gif,GSM,No,"2002, Oct",Discontinued,"77 x 43 x 17 mm, 51 cc (3.03 x 1.69 x 0.67 in)",65.0,,,Mini-SIM,Graphics,,,,,,,,,,,,,,,,Message templates 100 calendar events,,,,No,,No,,,,No,,,No,,,,No,No,,720,,,No,,,,,,,,,,,"3 - Silver, Red, Pink",,,,No
Panasonic,Panasonic GD87,https://www.gsmarena.com/panasonic_gd87-322.php,https://fdn2.gsmarena.com/vv/bigpic/pagd87.gif,GSM,No,"2002, November",Discontinued,97 x 49 x 23 mm (3.82 x 1.93 x 0.91 in),103.0,,,Mini-SIM,"TFT, 65K colors",,,132x176,,,,,,,,,,,,,Message templates,,1,,No,,No,,Yes,,No,,,No,,,,No,No,,720,,,No,,,,,,,,,,,,,,,No
Panasonic,Panasonic GD67,https://www.gsmarena.com/panasonic_gd67-321.php,https://fdn2.gsmarena.com/vv/bigpic/pagd67.gif,GSM,No,2002,Discontinued,"109 x 45 x 20 mm, 81 cc (4.29 x 1.77 x 0.79 in)",81.0,,,Mini-SIM,"STN, 256 colors",,,,,,,,,,,,,,,,Several fields in the address book Message templates,,,,No,,No,,,,No,,,No,,,,No,No,,690,,,No,,,,,,,,,,,,,,,No
Panasonic,Panasonic GD95,https://www.gsmarena.com/panasonic_gd95-242.php,https://fdn2.gsmarena.com/vv/bigpic/pagd95.gif,GSM,No,2001,Discontinued,"120 x 45 x 14 mm, 90 cc (4.72 x 1.77 x 0.55 in)",85.0,,,Mini-SIM,Monochrome graphic,,,,,,,,,,,,,,,,Message templates,,,,No,,No,,,,No,,,No,,,,No,No,,690,,,No,,,,,,,,,,,2,,,,No
Panasonic,Panasonic GD75,https://www.gsmarena.com/panasonic_gd75-269.php,https://fdn2.gsmarena.com/vv/bigpic/pagd75.gif,GSM,No,2001,Discontinued,"106 x 46 x 16 mm, 75 cc (4.17 x 1.81 x 0.63 in)",82.0,,,Mini-SIM,Monochrome graphic,,,,,,,,,,,,,,,,Several fields in the address book Message templates,,,,No,,No,,,,No,,,No,,,,No,No,,650,,,No,,,,,,,,,,,,,,,No
Panasonic,Panasonic GD35,https://www.gsmarena.com/panasonic_gd35-268.php,https://fdn2.gsmarena.com/vv/bigpic/pagd35.gif,GSM,No,2001,Discontinued,120 x 46 x 20 mm (4.72 x 1.81 x 0.79 in),109.0,,,Mini-SIM,Monochrome graphic,,,,,,,,,,,,,,,,Message templates,,,,No,,No,,,,No,,,No,,,,No,No,,700,,,No,,,,,,,,,,,"3 - Winter White, Black Ice, Cool Blue",,,,No
Panasonic,Panasonic GD93,https://www.gsmarena.com/panasonic_gd93-126.php,https://fdn2.gsmarena.com/vv/bigpic/pagd93b.gif,GSM,No,2000,Discontinued,120 x 45 x 16.4 mm (4.72 x 1.77 x 0.65 in),80.0,,,Mini-SIM,Monochrome graphic,,,,,,,,,,,,,,,,Message templates,,,,No,,No,,,,No,,,No,,,,No,No,,650,,,No,,,,,,,,,,,,,,,No
Panasonic,Panasonic GD92,https://www.gsmarena.com/panasonic_gd92-125.php,https://fdn2.gsmarena.com/vv/bigpic/pagd92b.gif,GSM,No,2000,Discontinued,118.1 x 40.5 x 16.4 mm (4.65 x 1.59 x 0.65 in),77.0,,,Mini-SIM,Monochrome graphic,,,,,,,,,,,,,,,,Message templates,,,,No,,No,,,,No,,,No,,,,No,No,,650,,,No,,,,,,,,,,,2 ( gun metallic and blue ),,,,No
Panasonic,Panasonic GD90,https://www.gsmarena.com/panasonic_gd90-124.php,https://fdn2.gsmarena.com/vv/bigpic/pagd90b.gif,GSM,No,1999,Discontinued,118 x 42 x 16.5 mm (4.65 x 1.65 x 0.65 in),88.0,,,Mini-SIM,Monochrome graphic,,,,,,,,,,,,,,,,Message templates,,,,No,,No,,,,No,,,No,,,,No,No,,650,,,No,,,,,,,,,,,"3 (silver, dark blue, anthracite",,,,No
Panasonic,Panasonic GD70,https://www.gsmarena.com/panasonic_gd70-123.php,https://fdn2.gsmarena.com/vv/bigpic/pagd70b.gif,GSM,No,1999,Discontinued,135 x 45 x 20 mm (5.31 x 1.77 x 0.79 in),135.0,,,Mini-SIM,Monochrome graphic,,,,,,,,,,,,,,,,Message templates,,,,No,,No,,,,No,,,No,,,,No,No,,,,,No,,,,,,,,,,,"3 ( titan, green and blue )",,,,No
Panasonic,Panasonic GD30,https://www.gsmarena.com/panasonic_gd30-122.php,https://fdn2.gsmarena.com/vv/bigpic/pagd30b.gif,GSM,No,1999,Discontinued,135 x 45 x 20 mm (5.31 x 1.77 x 0.79 in),135.0,,,Mini-SIM,Monochrome graphic,,,,,,,,,,,,,,,,Message templates,,,,No,,No,,,,No,,,No,,,,No,No,,700,,,No,,,,,,,,,,,,,,,No
Panasonic,Panasonic G600,https://www.gsmarena.com/panasonic_g600-121.php,https://fdn2.gsmarena.com/vv/bigpic/pag600b.gif,GSM,No,1998,Discontinued,132 x 45 x 18 mm (5.20 x 1.77 x 0.71 in),128.0,,,Mini-SIM,Monochrome graphic,,,,,,,,,,,,,,,,,,,,No,,No,,,,No,,,No,,,,No,No,,,,,No,,,,,,,,,,,,,,,No
Ulefone,Ulefone Note 22,https://www.gsmarena.com/ulefone_note_22-14685.php,https://fdn2.gsmarena.com/vv/bigpic/ulefone-note-22.jpg,GSM / HSPA / LTE,No,"2026, May","Coming soon. Exp. release 2026, June 01",135.6 x 70.2 x 11.1 mm (5.34 x 2.76 x 0.44 in),161.6,,,Nano-SIM + Nano-SIM,"IPS LCD, 400 nits",,5.0,480x854,196,72.4,,Android 16 (Go edition),Unisoc T7100,,Octa-core 1.8 GHz,PowerVR GE8322,3,3,32,32,,2.0,1,,No,,No,LED flash,720p@30fps,0.3,No,,,Wi-Fi 802.11 b/g/n,No,4.2,Type-C,Yes,"GPS, GLONASS, GALILEO, BDS","Accelerometer, proximity",3000,5,,No,,,60.0,,,,,,,,"Black, Blue, Orange",,,,FM radio
Ulefone,Ulefone RugKing 5 Pro,https://www.gsmarena.com/ulefone_rugking_5_pro-14544.php,https://fdn2.gsmarena.com/vv/bigpic/ulefone-rugking-5-pro.jpg,GSM / HSPA / LTE,No,"2026, March","Available. Released 2026, March 16",179 x 85 x 26.5 mm (7.05 x 3.35 x 1.04 in),629.0,,IP68,Nano-SIM + Nano-SIM,"IPS LCD, 910 nits",,6.78,1080x2460,396,71.7,Gorilla Glass 3,Android 16,Unisoc T7250 (12 nm),12,Octa-core (2x1.8 GHz Cortex-A75 & 6x1.6 GHz Cortex-A55),Mali-G57 MP1,8,8,256,256,UFS 2.1,64.0,2,1.8,No,,No,"LED flash, HDR, panorama",1080p@30fps,16.0,No,,Yes,"Wi-Fi 802.11 a/b/g/n/ac, dual-band",Yes,5.2,Type-C,No,"GPS, GLONASS, GALILEO, BDS","Fingerprint (side-mounted), accelerometer, proximity, compass",20000,33,,No,,134.99,159.99,129.89,,,,,,,Black,,,,"Wireless FM radio, RDS, recording"
Ulefone,Ulefone Armor 27T Pro+,https://www.gsmarena.com/ulefone_armor_27t_pro+_5g-14475.php,https://fdn2.gsmarena.com/vv/bigpic/ulefone-armor27t-plus.jpg,GSM / CDMA / HSPA / LTE / 5G,Yes,"2026, February","Available. Released 2026, February",182.8 x 86.8 x 18.5 mm (7.20 x 3.42 x 0.73 in),441.0,,IP68,Nano-SIM + Nano-SIM,"IPS LCD, 120Hz",120,6.78,1080x2460,396,68.8,Gorilla Glass Victus,Android 15,Mediatek Dimensity 6300 (6 nm),6,Octa-core (2x2.4 GHz Cortex-A76 & 6x2.0 GHz Cortex-A55),Mali-G57 MC2,12,12,256,256,UFS 2.2,50.0,3,2.0,No,1/1.31,No,"Dual-LED flash, HDR, panorama","1440p@30fps, 1080p@30fps",32.0,No,,Yes,"Wi-Fi 802.11 a/b/g/n/ac, dual-band",Yes,5.2,Type-C,Yes,"GPS, GLONASS, GALILEO, BDS","Fingerprint (side-mounted), accelerometer, gyro, proximity, compass, barometer",10600,33,30,Yes,,,,,,,,,,,Black,,,,"Wireless FM radio, RDS, recording"
Ulefone,Ulefone Armor 27T+,https://www.gsmarena.com/ulefone_armor_27t+-14476.php,https://fdn2.gsmarena.com/vv/bigpic/ulefone-armor27t-pro-plus.jpg,GSM / CDMA / HSPA / LTE,No,"2026, February","Available. Released 2026, February",182.8 x 86.8 x 18.5 mm (7.20 x 3.42 x 0.73 in),441.0,,IP68,Nano-SIM + Nano-SIM,"IPS LCD, 120Hz",120,6.78,1080x2460,396,68.8,Gorilla Glass Victus,Android 15,Mediatek Helio G99 (6 nm),6,Octa-core (2x2.2 GHz Cortex-A76 & 6x2.0 GHz Cortex-A55),Mali-G57 MC2,12,12,256,256,UFS 2.2,50.0,3,2.0,No,1/1.31,No,"Dual-LED flash, HDR, panorama","1440p@30fps, 1080p@30fps",32.0,No,,Yes,"Wi-Fi 802.11 a/b/g/n/ac, dual-band",Yes,5.2,Type-C,Yes,"GPS, GLONASS, GALILEO, BDS","Fingerprint (side-mounted), accelerometer, gyro, proximity, compass, barometer",10600,33,30,Yes,,,,,,,,,,,Black,,,,"Wireless FM radio, RDS, recording"
Ulefone,Ulefone RugKing Pad Pro,https://www.gsmarena.com/ulefone_rugking_pad_pro-14423.php,https://fdn2.gsmarena.com/vv/bigpic/ulefone-rugking-pad-pro.jpg,GSM / HSPA / LTE,No,"2026, January","Available. Released 2026, January",222 x 131.5 x 12.4 mm (8.74 x 5.18 x 0.49 in),540.0,,IP68,Nano-SIM + Nano-SIM + eSIM (max 2 at a time),"IPS LCD, 90Hz, 860 nits",90,8.68,800x1340,180,73.3,Gorilla Glass 3,Android 16,Unisoc T7250 (12 nm),12,Octa-core (2x1.8 GHz Cortex-A75 & 6x1.6 GHz Cortex-A55),Mali-G57 MP1,8,8,128,128,UFS 2.2,16.0,1,1.8,No,,No,"LED flash, HDR, panorama",1080p@30fps,8.0,No,,Yes,"Wi-Fi 802.11 a/b/g/n/ac, dual-band",Yes,5.2,Type-C,Yes,"GPS, GLONASS, GALILEO, BDS, QZSS","Fingerprint (side-mounted), accelerometer, proximity, compass",7100,18,,No,,,180.0,,,,,,,,"Gray, Black, Yellow",,,,"Wireless FM radio, RDS, recording"
Ulefone,Ulefone RugKing Pad 2 Pro,https://www.gsmarena.com/ulefone_rugking_pad_2_pro-14424.php,https://fdn2.gsmarena.com/vv/bigpic/ulefone-rugking-pad2-pro.jpg,GSM / HSPA / LTE,No,"2026, January","Available. Released 2026, January",246 x 163.5 x 12.7 mm (9.69 x 6.44 x 0.5 in),706.0,,IP68,Nano-SIM + Nano-SIM + eSIM (max 2 at a time),"IPS LCD, 90Hz, 600 nits",90,10.1,800x1280,149,73.5,Gorilla Glass 3,Android 16,Unisoc T7250 (12 nm),12,Octa-core (2x1.8 GHz Cortex-A75 & 6x1.6 GHz Cortex-A55),Mali-G57 MP1,8,8,128,256,UFS 2.2,48.0,2,1.8,No,,No,"LED flash, HDR, panorama",1080p@30fps,8.0,No,,Yes,"Wi-Fi 802.11 a/b/g/n/ac, dual-band",Yes,5.2,Type-C,Yes,"GPS, GLONASS, GALILEO, BDS, QZSS","Fingerprint (side-mounted), accelerometer, proximity, compass",10200,18,,No,,,220.0,,,,,,,,"Gray, Black, Yellow",,,,"Wireless FM radio, RDS, recording"
Ulefone,Ulefone Armor Watch Pro,https://www.gsmarena.com/ulefone_armor_watch_pro-14422.php,https://fdn2.gsmarena.com/vv/bigpic/ulefone-armor-watch-pro.jpg,No cellular connectivity,No,"2026, January","Available. Released 2026, January",48 x 48 x 12.6 mm (1.89 x 1.89 x 0.50 in),42.0,,IP68,No,"AMOLED, 550 nits",,1.5,466x466,320,,Gorilla Glass 3,,,,,,,,,,,,,,No,,No,,,,No,,,No,No,5.3,No,No,GPS,"Accelerometer, compass, heart rate, SpO2",410,,,No,,,90.0,,,,,,,,Black,,,,No
Ulefone,Ulefone Armor 34 Pro+,https://www.gsmarena.com/ulefone_armor_34_pro+_5g-14368.php,https://fdn2.gsmarena.com/vv/bigpic/ulefone-armor34-pro.jpg,GSM / CDMA / HSPA / CDMA2000 / LTE / 5G,Yes,"2025, December","Available. Released 2025, December",183.1 x 86.6 x 32.7 mm (7.21 x 3.41 x 1.29 in),825.0,,IP68,Nano-SIM + Nano-SIM,"IPS LCD, 120Hz, 600 nits (peak)",120,6.95,1080x2460,387,72.3,Gorilla Glass 5,Android 15,Mediatek Dimensity 7400X (4 nm),4,Octa-core (4x2.6 GHz Cortex-A78 & 4x2.0 GHz Cortex-A55),Mali-G615 MC2,16,16,512,512,UFS 3.1,50.0,3,2.0,No,1/1.3,Yes,"Dual-LED flash, HDR, panorama","4K@30fps, 1080p@30/60fps, gyro-EIS",32.0,No,,1080p@30fps,"Wi-Fi 802.11 a/b/g/n/ac/6e, tri-band",Yes,5.4,Type-C,Yes,"GPS, GALILEO, GLONASS, QZSS, BDS, NavIC","Fingerprint (side-mounted), accelerometer, gyro, proximity, compass, barometer",25500,66,,No,,,650.0,,,,,,,,Black,,,,"Wireless FM radio, RDS, recording"
Ulefone,Ulefone Armor 34+,https://www.gsmarena.com/ulefone_armor_34+_5g-14367.php,https://fdn2.gsmarena.com/vv/bigpic/ulefone-armor-34.jpg,GSM / HSPA / LTE / 5G,Yes,"2025, December","Available. Released 2025, December",183.1 x 86.6 x 32.7 mm (7.21 x 3.41 x 1.29 in),763.0,,IP68,Nano-SIM + Nano-SIM,"IPS LCD, 120Hz, 600 nits (peak)",120,6.95,1080x2460,387,72.3,Gorilla Glass 5,Android 15,Mediatek Dimensity 7400X (4 nm),4,Octa-core (4x2.6 GHz Cortex-A78 & 4x2.0 GHz Cortex-A55),Mali-G615 MC2,16,16,512,512,UFS 3.1,50.0,3,2.0,No,1/1.3,Yes,"Dual-LED flash, HDR, panorama","4K@30fps, 1080p@30fps, gyro-EIS",32.0,No,,1080p@30fps,"Wi-Fi 802.11 a/b/g/n/ac/6, tri-band",Yes,5.4,Type-C,Yes,"GPS, GALILEO, GLONASS, QZSS, BDS, NavIC","Fingerprint (side-mounted), accelerometer, gyro, proximity, compass, barometer",25500,66,,No,,,490.0,,,,,,,,Black,,,,"Wireless FM radio, RDS, recording"
Ulefone,Ulefone RugKing 4 Pro,https://www.gsmarena.com/ulefone_rugking_4_pro-14340.php,https://fdn2.gsmarena.com/vv/bigpic/ulefone-rugking-4pro.jpg,GSM / HSPA / LTE,No,"2025, November","Available. Released 2025, December 08",178.6 x 84 x 19.2 mm (7.03 x 3.31 x 0.76 in),405.0,,IP68,Nano-SIM + Nano-SIM,"IPS LCD, 120Hz, 500 nits",120,6.56,720x1612,269,68.9,Gorilla Glass 3,Android 15,Unisoc T7250 (12 nm),12,Octa-core (2x1.8 GHz Cortex-A75 & 6x1.6 GHz Cortex-A55),Mali-G57 MP1,8,8,256,256,UFS 2.2,48.0,2,1.8,No,,No,"LED flash, HDR, panorama",1080p@30fps,8.0,No,,Yes,"Wi-Fi 802.11 a/b/g/n/ac, dual-band",Yes,5.2,Type-C,No,"GPS, GLONASS, GALILEO, BDS","Fingerprint (side-mounted), accelerometer, proximity, compass",10200,18,,No,,,160.0,,,,,,,,"Black, Orange",,,,"Wireless FM radio, RDS, recording"
Ulefone,Ulefone RugKing 3 Pro,https://www.gsmarena.com/ulefone_rugking_3_pro-14339.php,https://fdn2.gsmarena.com/vv/bigpic/ulefone-rugking-3pro.jpg,GSM / HSPA / LTE,No,"2025, November","Available. Released 2025, December 08",173.8 x 83 x 12.9 mm (6.84 x 3.27 x 0.51 in),286.0,,IP68,Nano-SIM + Nano-SIM,"IPS LCD, 120Hz, 500 nits",120,6.56,720x1612,269,71.7,Gorilla Glass 3,Android 15,Unisoc T7250 (12 nm),12,Octa-core (2x1.8 GHz Cortex-A75 & 6x1.6 GHz Cortex-A55),Mali-G57 MP1,8,8,128,128,UFS 2.2,48.0,2,1.8,No,,No,"LED flash, HDR, panorama",1080p@30fps,8.0,No,,Yes,"Wi-Fi 802.11 a/b/g/n/ac, dual-band",Yes,5.2,Type-C,No,"GPS, GLONASS, GALILEO, BDS","Accelerometer, proximity, compass",5700,10,,No,,,140.0,,,,,,,,"Black, Green, Orange",,,,"Wireless FM radio, RDS, recording"
Ulefone,Ulefone RugKing 2 Pro,https://www.gsmarena.com/ulefone_rugking_2_pro-14338.php,https://fdn2.gsmarena.com/vv/bigpic/ulefone-rugking-2pro.jpg,GSM / HSPA / LTE,No,"2025, November","Available. Released 2025, December 08",159 x 80 x 15.7 mm (6.26 x 3.15 x 0.62 in),253.7,,IP68,Nano-SIM + Nano-SIM,"IPS LCD, 90Hz",90,5.45,720x1440,295,60.3,Gorilla Glass 3,Android 15,Unisoc T7250 (12 nm),12,Octa-core (2x1.8 GHz Cortex-A75 & 6x1.6 GHz Cortex-A55),Mali-G57 MP1,4,4,128,128,UFS 2.1,13.0,1,2.0,No,,No,"LED flash, HDR, panorama",1080p@30fps,5.0,No,,Yes,"Wi-Fi 802.11 a/b/g/n/ac, dual-band",Yes,5.0,Type-C,No,"GPS, GLONASS, GALILEO, BDS","Accelerometer, proximity, compass",4550,10,,No,,,130.0,,,,,,,,"Black, Green, Orange",,,,"Wireless FM radio, RDS, recording"
Ulefone,Ulefone Armor Pad 5 Ultra,https://www.gsmarena.com/ulefone_armor_pad_5_ultra_5g-14269.php,https://fdn2.gsmarena.com/vv/bigpic/ulefone-armor-pad-5-ultra.jpg,GSM / HSPA / LTE / 5G,Yes,"2025, October","Available. Released 2025, November 11",269.7 x 179.5 x 27.8 mm (10.62 x 7.07 x 1.09 in),1600.0,,IP68,Nano-SIM + Nano-SIM,"IPS LCD, 90Hz, 600 nits",90,11.0,1200x1920,206,72.5,Gorilla Glass 3,Android 15,Mediatek Dimensity 7400X (4 nm),4,Octa-core (4x2.6 GHz Cortex-A78 & 4x2.0 GHz Cortex-A55),Mali-G615 MC2,12,12,512,512,,64.0,2,1.8,No,,Yes,"LED flash, HDR, panorama","4K@30fps, 1080p@30fps, gyro-EIS",32.0,No,,Yes,"Wi-Fi 802.11 a/b/g/n/ac/6e, tri-band, hotspot",Yes,5.4,Type-C,Yes,"GPS, GLONASS, GALILEO, BDS, QZSS, NavIC","Fingerprint (side-mounted), gyro, accelerometer, proximity, compass, barometer",24200,120,,No,,,650.0,,,,,,,,Black,,,,"Wireless FM radio, RDS, recording"
Ulefone,Ulefone Armor Pad 5 Pro,https://www.gsmarena.com/ulefone_armor_pad_5_pro_5g-14270.php,https://fdn2.gsmarena.com/vv/bigpic/ulefone-armor-pad-5-pro.jpg,GSM / HSPA / LTE / 5G,Yes,"2025, October","Available. Released 2025, November 11",269.7 x 179.5 x 27.8 mm (10.62 x 7.07 x 1.09 in),1328.0,,IP68,Nano-SIM + Nano-SIM,"IPS LCD, 90Hz, 600 nits",90,11.0,1200x1920,206,72.5,Gorilla Glass 3,Android 15,Mediatek Dimensity 7400X (4 nm),4,Octa-core (4x2.6 GHz Cortex-A78 & 4x2.0 GHz Cortex-A55),Mali-G615 MC2,12,12,512,512,,64.0,2,1.8,No,,Yes,"LED flash, HDR, panorama","4K@30fps, 1080p@30fps, gyro-EIS",32.0,No,,Yes,"Wi-Fi 802.11 a/b/g/n/ac/6e, tri-band, hotspot",Yes,5.4,Type-C,Yes,"GPS, GLONASS, GALILEO, BDS, QZSS, NavIC","Gyro, accelerometer, proximity, compass, barometer",24200,120,,No,,,560.0,,,,,,,,Black,,,,"Wireless FM radio, RDS, recording"
Ulefone,Ulefone Tab A9 Pro,https://www.gsmarena.com/ulefone_tab_a9_pro-14160.php,https://fdn2.gsmarena.com/vv/bigpic/ulefone-tab-a9-pro.jpg,GSM / CDMA / HSPA / LTE,No,"2025, September","Available. Released 2025, September 15",212.5 x 125.1 x 7.9 mm (8.37 x 4.93 x 0.31 in),326.2,,,Nano-SIM + Nano-SIM,"IPS LCD, 90Hz, 400 nits",90,8.68,800x1340,180,80.5,Mohs level 4,Android 15,Mediatek Helio G91 (12 nm),12,Octa-core (2x2.0 GHz Cortex-A75 & 6x1.8 GHz Cortex-A55),Mali-G52 MC2,4,4,128,128,UFS 2.1,12.0,2,1.8,No,,No,LED flash,1080p@30fps,8.0,No,,Yes,"Wi-Fi 802.11 a/b/g/n/ac, dual-band",No,5.0,Type-C,Yes,"GPS, GLONASS, GALILEO, BDS","Accelerometer, proximity (accessories only)",5040,18,,No,,,,,,,,,,,"Marble White, Galaxy Bule",,,,"FM radio, RDS, recording"
Ulefone,Ulefone Armor 29 Pro Thermal,https://www.gsmarena.com/ulefone_armor_29_pro_thermal_5g-14104.php,https://fdn2.gsmarena.com/vv/bigpic/ulefone-armor-29-pro-thermal.jpg,GSM / CDMA / HSPA / CDMA2000 / LTE / 5G,Yes,"2025, August 14","Available. Released 2025, September 15",177.4 x 85.6 x 33.8 mm (6.98 x 3.37 x 1.33 in),688.0,,IP68,Nano-SIM + Nano-SIM,"AMOLED, 1B colors, 120Hz, 2200 nits (peak)",120,6.67,1080x2400,395,70.7,Gorilla Glass 3,Android 15,Mediatek Dimensity 7400 (4 nm),4,Octa-core (4x2.6 GHz Cortex-A78 & 4x2.0 GHz Cortex-A55),Mali-G615 MC2,16,16,512,512,UFS 3.1,50.0,4,2.0,No,1/1.31,Yes,"Quad-LED flash, HDR, panorama","4K@30fps, 1080p@30/60fps, gyro-EIS",50.0,No,,1080p@30fps,"Wi-Fi 802.11 a/b/g/n/ac/6e, tri-band",Yes,5.4,Type-C,Yes,"GPS, GALILEO, GLONASS, QZSS, BDS, NavIC","Fingerprint (side-mounted), accelerometer, gyro, proximity, compass, barometer",21200,120,,No,,,590.0,,,,,,,,Black,,,,"Wireless FM radio, RDS, recording"
Ulefone,Ulefone Armor 29 Pro,https://www.gsmarena.com/ulefone_armor_29_pro_5g-14103.php,https://fdn2.gsmarena.com/vv/bigpic/ulefone-armor-29-pro.jpg,GSM / CDMA / HSPA / CDMA2000 / LTE / 5G,Yes,"2025, August 14","Available. Released 2025, September 15",177.4 x 85.6 x 33.8 mm (6.98 x 3.37 x 1.33 in),688.0,,IP68,Nano-SIM + Nano-SIM,"AMOLED, 1B colors, 120Hz, 2200 nits (peak)",120,6.67,1080x2400,395,70.7,Gorilla Glass 3,Android 15,Mediatek Dimensity 7400 (4 nm),4,Octa-core (4x2.6 GHz Cortex-A78 & 4x2.0 GHz Cortex-A55),Mali-G615 MC2,16,16,512,512,UFS 3.1,50.0,3,2.0,No,1/1.31,Yes,"Quad-LED flash, HDR, panorama","4K@30fps, 1080p@30/60fps, gyro-EIS",50.0,No,,1080p@30fps,"Wi-Fi 802.11 a/b/g/n/ac/6e, tri-band",Yes,5.4,Type-C,Yes,"GPS, GALILEO, GLONASS, QZSS, BDS, NavIC","Fingerprint (side-mounted), accelerometer, gyro, proximity, compass, barometer",21200,120,,No,,,580.0,,,,,,,,Black,,,,"Wireless FM radio, RDS, recording"
Ulefone,Ulefone RugKing,https://www.gsmarena.com/ulefone_rugking-14102.php,https://fdn2.gsmarena.com/vv/bigpic/ulefone-rugking.jpg,GSM / HSPA / LTE,No,"2025, August","Available. Released 2025, September 15",173.4 x 83.4 x 18.3 mm (6.83 x 3.28 x 0.72 in),397.0,,IP68,Nano-SIM + Nano-SIM,"IPS LCD, 60Hz, 910 nits (peak)",60,5.99,720x1440,269,64.0,Gorilla Glass 3,Android 15,Unisoc T7255 (12 nm),12,Octa-core (2x2.0 GHz Cortex-A75 & 6x1.8 GHz Cortex-A55),Mali-G57,8,8,256,256,UFS 2.2,50.0,2,1.8,No,1/2.76,No,"LED flash, HDR, panorama",1080p@30fps,8.0,No,,1080p@30fps,"Wi-Fi 802.11 a/b/g/n/ac, dual-band",Yes,5.0,Type-C,Yes,"GPS, GALILEO, GLONASS, QZSS, BDS","Fingerprint (side-mounted), accelerometer, gyro, proximity, compass",9600,18,,No,,,170.0,,,,,,,,Black,,,,"Wireless FM radio, RDS, recording"
Ulefone,Ulefone Armor 29 Ultra,https://www.gsmarena.com/ulefone_armor_29_ultra_5g-14056.php,https://fdn2.gsmarena.com/vv/bigpic/ulefone-armor-29-ultra.jpg,GSM / CDMA / HSPA / CDMA2000 / LTE / 5G,Yes,"2025, August","Available. Released 2025, August 18",177.3 x 85.6 x 33.8 mm (6.98 x 3.37 x 1.33 in),688.0,,IP68,Nano-SIM + Nano-SIM,"AMOLED, 1B colors, 120Hz, 900 nits (HBM), 2200 nits (peak)",120,6.67,1080x2400,395,70.8,Gorilla Glass 5,Android 15,Mediatek Dimensity 9300+ (4 nm),4,Octa-core (1x3.4 GHz Cortex-X4 & 3x2.85 GHz Cortex-X4 & 4x2.0 GHz Cortex-A720),Immortalis-G720 MC12,16,16,16,16,UFS 4.0,50.0,3,1.9,No,1/2.0,Yes,"LED flash, HDR, panorama","8K@30fps, 4K@30fps, 1080p@30/60fps, gyro-EIS",50.0,No,,1080p@30fps,"Wi-Fi 802.11 a/b/g/n/ac/6/7, tri-band",Yes,5.4,Type-C,Yes,"GPS, GALILEO, GLONASS, QZSS, BDS, NavIC","Fingerprint (side-mounted), accelerometer, gyro, proximity, compass, barometer",21200,120,,No,,,760.0,,,,,,,,Black,,,,"Wireless FM radio, RDS, recording"
Ulefone,Ulefone Armor 34,https://www.gsmarena.com/ulefone_armor_34_5g-14053.php,https://fdn2.gsmarena.com/vv/bigpic/ulefone-armor-34.jpg,GSM / HSPA / LTE / 5G,Yes,"2025, August","Available. Released 2025, August 18",183.1 x 86.6 x 32.7 mm (7.21 x 3.41 x 1.29 in),763.0,,IP68,Nano-SIM + Nano-SIM,"IPS LCD, 120Hz, 600 nits (peak)",120,6.95,1080x2460,387,72.3,Gorilla Glass 5,Android 15,Mediatek Dimensity 7300 (4 nm),4,Octa-core (4x2.5 GHz Cortex-A78 & 4x2.0 GHz Cortex-A55),Mali-G615 MC2,16,16,512,512,UFS 3.1,50.0,3,2.0,No,1/1.3,Yes,"Dual-LED flash, HDR, panorama","4K@30fps, 1080p@30fps, gyro-EIS",32.0,No,,1080p@30fps,"Wi-Fi 802.11 a/b/g/n/ac/6, dual-band",Yes,5.4,Type-C,Yes,"GPS, GALILEO, GLONASS, QZSS, BDS, NavIC","Fingerprint (side-mounted), accelerometer, gyro, proximity, compass, barometer",25500,66,,No,,,460.0,,,,,,,,Black,,,,"Wireless FM radio, RDS, recording"
Ulefone,Ulefone Armor 33 Pro,https://www.gsmarena.com/ulefone_armor_33_pro_5g-13692.php,https://fdn2.gsmarena.com/vv/bigpic/ulefone-armor-33-pro.jpg,GSM / CDMA / HSPA / CDMA2000 / LTE / 5G,Yes,"2025, March 03","Available. Released 2025, August 18",185.5 x 85.5 x 34 mm (7.30 x 3.37 x 1.34 in),776.5,,IP68,Nano-SIM + Nano-SIM,"IPS LCD, 120Hz, 700 nits (peak)",120,6.95,1080x2460,387,72.3,Gorilla Glass 5,Android 14,Mediatek Dimensity 7300X (4 nm),4,Octa-core (4x2.5 GHz Cortex-A78 & 4x2.0 GHz Cortex-A55),Mali-G615 MC2,16,16,512,512,UFS 3.1,50.0,3,2.0,No,1/1.3,Yes,"Quad-LED flash, HDR, panorama","4K@30fps, 1080p@30fps, gyro-EIS",32.0,Yes,,"4K@30fps, 1080p@30fps","Wi-Fi 802.11 a/b/g/n/ac/6e, tri-band",Yes,5.4,Type-C,Yes,"GPS, GALILEO, GLONASS, QZSS, BDS, NavIC","Fingerprint (side-mounted), accelerometer, gyro, proximity, compass, barometer",25500,66,,No,,403.78,433.55,379.99,,,,,,,Black,,,,"Wireless FM radio, RDS, recording"
Ulefone,Ulefone Armor 33,https://www.gsmarena.com/ulefone_armor_33-14055.php,https://fdn2.gsmarena.com/vv/bigpic/ulefone-armor-33.jpg,GSM / CDMA / HSPA / CDMA2000 / LTE,No,"2025, July","Available. Released 2025, August 18",185.5 x 85.5 x 34 mm (7.30 x 3.37 x 1.34 in),765.0,,IP68,Nano-SIM + Nano-SIM,"IPS LCD, 120Hz, 700 nits (peak)",120,6.95,1080x2460,387,72.3,Gorilla Glass 5,Android 15,Mediatek Helio G100 (6 nm),6,Octa-core (2x2.2 GHz Cortex-A76 & 6x2.0 GHz Cortex-A55),Mali-G57 MC2,12,12,512,512,UFS 2.2,50.0,3,2.0,No,1/1.3,No,"Quad-LED flash, HDR, panorama","1080p@30fps, gyro-EIS",32.0,No,,1080p@30fps,"Wi-Fi 802.11 a/b/g/n/ac, dual-band",Yes,5.2,Type-C,Yes,"GPS, GALILEO, GLONASS, QZSS, BDS","Fingerprint (side-mounted), accelerometer, gyro, proximity, compass, barometer",25500,66,,No,,,320.0,,,,,,,,Black,,,,"Wireless FM radio, RDS, recording"
Ulefone,Ulefone Armor 30,https://www.gsmarena.com/ulefone_armor_30-13999.php,https://fdn2.gsmarena.com/vv/bigpic/ulefone-armor-30.jpg,GSM / CDMA / HSPA / CDMA2000 / LTE,No,"2025, June","Available. Released 2025, June 16",181.3 x 84.9 x 21.2 mm (7.14 x 3.34 x 0.83 in),506.0,,IP68,Nano-SIM + Nano-SIM,"IPS LCD, 120Hz, 700 nits (peak)",120,6.95,1080x2460,387,74.5,Gorilla Glass 5,Android 15,Mediatek Helio G100 (6 nm),6,Octa-core (2x2.2 GHz Cortex-A76 & 6x2.0 GHz Cortex-A55),Mali-G57 MC2,12,12,512,512,UFS 2.2,50.0,3,2.0,No,1/1.3,No,"Dual-LED flash, HDR, panorama","1440p@30fps, 1080p@30fps, gyro-EIS",32.0,No,,1080p@30fps,"Wi-Fi 802.11 a/b/g/n/ac, dual-band",Yes,5.2,Type-C,Yes,"GPS, GALILEO, GLONASS, QZSS, BDS","Fingerprint (side-mounted), accelerometer, gyro, proximity, compass, barometer",12800,66,,No,,,390.0,,,,,,,,Black,,,,"Wireless FM radio, RDS, recording"
Ulefone,Ulefone Armor X16 Pro,https://www.gsmarena.com/ulefone_armor_x16_pro_5g-14000.php,https://fdn2.gsmarena.com/vv/bigpic/ulefone-armor-x16-pro.jpg,GSM / CDMA / HSPA / LTE / 5G,Yes,"2025, July","Available. Released 2025, July",173.8 x 83.4 x 18 mm (6.84 x 3.28 x 0.71 in),395.4,,IP68,Nano-SIM + Nano-SIM,"IPS LCD, 120Hz, 910 nits (peak)",120,6.56,720x1612,269,71.3,Gorilla Glass 5,Android 15,Mediatek Dimensity 6300 (6 nm),6,Octa-core (2x2.4 GHz Cortex-A76 & 6x2.0 GHz Cortex-A55),Mali-G57 MC2,8,8,256,256,UFS 2.2,64.0,3,1.9,No,1/1.73,No,"LED flash, HDR, panorama","1440p@30fps, 1080p@30fps",16.0,No,,1080p@30fps,"Wi-Fi 802.11 a/b/g/n/ac, dual-band",Yes,5.2,Type-C,Yes,"GPS, GALILEO, GLONASS, BDS, QZSS","Fingerprint (side-mounted), accelerometer, gyro, proximity, compass, barometer",10360,33,,No,,,250.0,,,,,,,,Wasteland Shadow/Sand Dune,,,,Wireless FM radio
Ulefone,Ulefone Armor X16,https://www.gsmarena.com/ulefone_armor_x16-14001.php,https://fdn2.gsmarena.com/vv/bigpic/ulefone-armor-x16.jpg,GSM / CDMA / HSPA / LTE,No,"2025, July","Available. Released 2025, July",173.8 x 83.4 x 18 mm (6.84 x 3.28 x 0.71 in),395.4,,IP68,Nano-SIM + Nano-SIM,"IPS LCD, 120Hz, 910 nits (peak)",120,6.56,720x1612,269,71.3,Gorilla Glass 5,Android 15,Mediatek Helio G91 (12 nm),12,Octa-core (2x2.0 GHz Cortex-A75 & 6x1.8 GHz Cortex-A55),Mali-G52 MC2,6,6,128,128,UFS 2.1,48.0,3,1.8,No,,No,"LED flash, HDR, panorama",1080p@30fps,16.0,No,,1080p@30fps,"Wi-Fi 802.11 a/b/g/n/ac, dual-band",Yes,5.0,Type-C,Yes,"GPS, GALILEO, GLONASS, BDS, QZSS","Fingerprint (side-mounted), accelerometer, gyro, proximity, compass",10360,33,,No,,,,,,,,,,,Wasteland Shadow/Sand Dune,,,,Wireless FM radio
Ulefone,Ulefone Armor 34 Pro,https://www.gsmarena.com/ulefone_armor_34_pro-13691.php,https://fdn2.gsmarena.com/vv/bigpic/ulefone-armor34-pro.jpg,GSM / CDMA / HSPA / CDMA2000 / LTE / 5G,Yes,"2025, March 03","Available. Released 2025, June",183.1 x 86.6 x 32.7 mm (7.21 x 3.41 x 1.29 in),825.0,,IP68,Nano-SIM + Nano-SIM,"IPS LCD, 120Hz, 600 nits (peak)",120,6.95,1080x2460,387,72.3,Gorilla Glass 5,Android 15,Mediatek Dimensity 7300 (4 nm),4,Octa-core (4x2.5 GHz Cortex-A78 & 4x2.0 GHz Cortex-A55),Mali-G615 MC2,16,16,512,512,UFS 3.1,50.0,3,2.0,No,1/1.3,Yes,"Dual-LED flash, HDR, panorama","4K@30fps, 1080p@30/60fps, gyro-EIS",32.0,No,,1080p@30fps,"Wi-Fi 802.11 a/b/g/n/ac/6e, tri-band",Yes,5.4,Type-C,Yes,"GPS, GALILEO, GLONASS, QZSS, BDS, NavIC","Fingerprint (side-mounted), accelerometer, gyro, proximity, compass, barometer",25500,66,,No,,,640.0,,,,,,,,Black,,,,"Wireless FM radio, RDS, recording"
Ulefone,Ulefone Armor 28 Pro,https://www.gsmarena.com/ulefone_armor_28_pro_5g-13864.php,https://fdn2.gsmarena.com/vv/bigpic/ulefone-armor28-pro.jpg,GSM / CDMA / HSPA / CDMA2000 / LTE / 5G,Yes,"2025, May","Available. Released 2025, May 12",174.2 x 83.6 x 19.4 mm (6.86 x 3.29 x 0.76 in),450.0,,IP68,Nano-SIM + Nano-SIM,"AMOLED, 1B colors, 120Hz, 2200 nits (peak)",120,6.67,1080x2400,395,73.8,Gorilla Glass Victus,Android 15,Mediatek Dimensity 7300 (4 nm),4,Octa-core (4x2.5 GHz Cortex-A78 & 4x2.0 GHz Cortex-A55),Mali-G615 MC2,16,16,512,512,UFS 3.1,50.0,3,1.9,No,1/2.0,Yes,"Quad-LED flash, HDR, panorama","4K@30fps, 1080p@30/60fps",50.0,No,,1080p@30fps,"Wi-Fi 802.11 a/b/g/n/ac/6/7, tri-band",Yes,5.4,Type-C,Yes,"GPS, GALILEO, GLONASS, QZSS, BDS, NavIC","Fingerprint (side-mounted), accelerometer, gyro, proximity, compass, barometer",10600,120,50,Yes,,,460.0,,,,,,,,Black,,,,Wireless FM radio
Ulefone,Ulefone Armor X32 Pro,https://www.gsmarena.com/ulefone_armor_x32_pro_5g-13777.php,https://fdn2.gsmarena.com/vv/bigpic/ulefone-armor-x32-pro.jpg,GSM / CDMA / HSPA / LTE / 5G,Yes,"2025, April 03","Available. Released 2025, April 14",163.4 x 80.8 x 14.5 mm (6.43 x 3.18 x 0.57 in),280.0,,IP68,Nano-SIM + Nano-SIM,"IPS LCD, 90Hz, 600 nits (peak)",90,5.65,720x1440,285,62.4,Gorilla Glass 5,Android 14,Mediatek Dimensity 6300 (6 nm),6,Octa-core (2x2.4 GHz Cortex-A76 & 6x2.0 GHz Cortex-A55),Mali-G57 MC2,8,8,256,256,,64.0,3,1.9,No,1/1.73,No,"LED flash, HDR, panorama","1440p@30fps, 1080p@30fps",16.0,No,,1080p@30fps,"Wi-Fi 802.11 a/b/g/n/ac, dual-band",Yes,5.2,Type-C,Yes,"GPS, GALILEO, GLONASS, BDS, QZSS","Fingerprint (side-mounted), accelerometer, gyro, proximity, compass, barometer",5500,18,,No,,,270.0,,,,,,,,"Black, Black/Orange, Black/Green",,,,Wireless FM radio
Ulefone,Ulefone Armor X32,https://www.gsmarena.com/ulefone_armor_x32_5g-13778.php,https://fdn2.gsmarena.com/vv/bigpic/ulefone-armor-x32.jpg,GSM / CDMA / HSPA / LTE / 5G,Yes,"2025, April 03","Available. Released 2025, April 14",163.4 x 80.8 x 14.5 mm (6.43 x 3.18 x 0.57 in),280.0,,IP68,Nano-SIM + Nano-SIM,"IPS LCD, 90Hz, 600 nits (peak)",90,5.65,720x1440,285,62.4,Gorilla Glass 5,Android 14,Mediatek Helio G91 (12 nm),12,Octa-core (2x2.0 GHz Cortex-A75 & 6x1.8 GHz Cortex-A55),Mali-G52 MC2,6,6,128,128,,48.0,3,1.8,No,1/2.0,No,"LED flash, HDR, panorama","1440p@30fps, 1080p@30fps",16.0,No,,1080p@30fps,"Wi-Fi 802.11 a/b/g/n/ac, dual-band",Yes,5.2,Type-C,Yes,"GPS, GALILEO, GLONASS, BDS, QZSS","Fingerprint (side-mounted), accelerometer, gyro, proximity, compass, barometer",5500,18,,No,,,150.0,,,,,,,,"Black, Black/Orange, Black/Green",,,,Wireless FM radio
Ulefone,Ulefone Tab A10,https://www.gsmarena.com/ulefone_tab_a10-14161.php,https://fdn2.gsmarena.com/vv/bigpic/ulefone-tab-a10.jpg,GSM / HSPA / LTE,No,"2025, March","Available. Released 2025, March",237.7 x 156.5 x 7.8 mm (9.36 x 6.16 x 0.31 in),452.5,,,Nano-SIM + Nano-SIM,"IPS LCD, 400 nits",,10.1,800x1280,149,79.5,Mohs level 4,Android 15,Unisoc T615 (12 nm),12,Octa-core (2x1.8 GHz Cortex-A75 & 6x1.6 GHz Cortex-A55),Mali-G57 MP1,4,4,128,128,UFS 2.1,13.0,1,2.0,No,,No,"LED flash, HDR, panorama",1080p@30fps,5.0,No,,Yes,"Wi-Fi 802.11 a/b/g/n/ac, dual-band",No,5.0,Type-C,Yes,"GPS, GLONASS, GALILEO, BDS","Accelerometer, proximity (accessories only)",6600,18,,No,,,,,,,,,,,Space Gray,,,,"FM radio, RDS, recording"
Ulefone,Ulefone Armor 30 Pro,https://www.gsmarena.com/ulefone_armor_30_pro_5g-13776.php,https://fdn2.gsmarena.com/vv/bigpic/ulefone-armor-30-pro.jpg,GSM / CDMA / HSPA / CDMA2000 / LTE / 5G,Yes,"2025, April 03","Available. Released 2025, April 03",181.3 x 84.9 x 21.2 mm (7.14 x 3.34 x 0.83 in),509.0,,IP68,Nano-SIM + Nano-SIM,"IPS LCD, 120Hz, 700 nits (peak)",120,6.95,1080x2460,387,74.5,Gorilla Glass 5,"Android 14, planned upgrade to Android 15",Mediatek Dimensity 7300X (4 nm),4,Octa-core (4x2.5 GHz Cortex-A78 & 4x2.0 GHz Cortex-A55),Mali-G615 MC2,16,16,512,512,UFS 3.1,50.0,3,2.0,No,1/1.3,Yes,"Dual-LED flash, HDR, panorama","4K@30fps, 1080p@30fps, gyro-EIS",32.0,No,,1080p@30fps,"Wi-Fi 802.11 a/b/g/n/ac/6e, dual-band",Yes,5.4,Type-C,Yes,"GPS, GALILEO, GLONASS, QZSS, BDS, NavIC","Fingerprint (side-mounted), accelerometer, gyro, proximity, compass, barometer",12800,66,,No,,,460.0,,,,,,,,Black,,,,"Wireless FM radio, RDS, recording"
Ulefone,Ulefone Armor 28 Ultra Thermal,https://www.gsmarena.com/ulefone_armor_28_ultra_thermal-13297.php,https://fdn2.gsmarena.com/vv/bigpic/ulefone-armor-28-ultra.jpg,GSM / CDMA / HSPA / CDMA2000 / LTE / 5G,Yes,"2024, September 03","Available. Released 2025, March 17",174.2 x 83.6 x 19.4 mm (6.86 x 3.29 x 0.76 in),450.0,,IP68,Nano-SIM + Nano-SIM,"AMOLED, 1B colors, 120Hz, 900 nits (HBM), 2200 nits (peak)",120,6.67,1080x2460,395,75.5,Gorilla Glass Victus,Android 15,Mediatek Dimensity 9300+ (4 nm),4,Octa-core (1x3.25 GHz Cortex-X4 & 3x2.85 GHz Cortex-X4 & 4x2.0 GHz Cortex-A720),Immortalis-G720 MC12,16,16,16,16,UFS 4.0,50.0,4,1.9,No,1/2,Yes,"Quad-LED flash, HDR, panorama","8K@30fps, 4K@30/60fps, 1080p@30/60fps, gyro-EIS",50.0,No,,1080p@30fps,"Wi-Fi 802.11 a/b/g/n/ac/6/7, tri-band",Yes,5.4,Type-C,Yes,"GPS, GALILEO, GLONASS, QZSS, BDS, NavIC","Fingerprint (side-mounted), accelerometer, gyro, proximity, compass, barometer",10600,120,50,Yes,,879.52,978.08,819.99,,,,,,,Black,,,,"Wireless FM radio, RDS, recording"
Ulefone,Ulefone Armor Mini 4,https://www.gsmarena.com/ulefone_armor_mini_4-13693.php,https://fdn2.gsmarena.com/vv/bigpic/ulefone-armor-mini4-.jpg,GSM / HSPA / LTE,No,"2025, March 03","Available. Released 2025, July",142.9 x 63 x 15 mm (5.63 x 2.48 x 0.59 in),150.0,,IP68,Dual SIM,TFT LCD,,2.8,240x320,143,27.0,,,Unisoc T117,,,,,,,,eMMC,2.0,1,,No,,No,LED flash,Yes,,No,,,No,No,2.4,Type-C,Yes,No,No,2100,5,,No,,,60.0,,,,,,,,Black,,,,"FM radio, built-in antenna"
Ulefone,Ulefone Armor 28 Ultra,https://www.gsmarena.com/ulefone_armor_28_ultra-13674.php,https://fdn2.gsmarena.com/vv/bigpic/ulefone-armor28-ultra.jpg,GSM / CDMA / HSPA / CDMA2000 / LTE / 5G,Yes,"2025, February","Available. Released 2025, March 17",174.2 x 83.6 x 19.4 mm (6.86 x 3.29 x 0.76 in),450.0,,IP68,Nano-SIM + Nano-SIM,"AMOLED, 1B colors, 120Hz, 600 nits (HBM), 2200 nits (peak)",120,6.67,1080x2400,395,73.8,Gorilla Glass Victus,Android 15,Mediatek Dimensity 9300+ (4 nm),4,Octa-core (1x3.4 GHz Cortex-X4 & 3x2.85 GHz Cortex-X4 & 4x2.0 GHz Cortex-A720),Immortalis-G720 MC12,16,16,16,16,UFS 4.0,50.0,3,1.9,No,1/2.0,Yes,"Quad-LED flash, HDR, panorama","8K@30fps, 4K@30/60fps, 1080p@30/60fps, gyro-EIS",50.0,No,,1080p@30fps,"Wi-Fi 802.11 a/b/g/n/ac/6/7, tri-band",Yes,5.4,Type-C,Yes,"GPS, GALILEO, GLONASS, QZSS, BDS, NavIC","Fingerprint (side-mounted), accelerometer, gyro, proximity, compass, barometer",10600,120,50,No,,,790.0,,,,,,,,Black,,,,"Wireless FM radio, RDS, recording"
Ulefone,Ulefone Armor X31,https://www.gsmarena.com/ulefone_armor_x31-13854.php,https://fdn2.gsmarena.com/vv/bigpic/ulefone-armor-x31.jpg,GSM / CDMA / HSPA / LTE,No,"2025, April","Available. Released 2025, April",173.8 x 82 x 13.7 mm (6.84 x 3.23 x 0.54 in),305.5,,IP68,Nano-SIM + Nano-SIM,"IPS LCD, 90Hz, 600 nits",90,6.56,720x1612,269,72.5,Gorilla Glass 5,Android 14,Mediatek Helio G91 (12 nm),12,Octa-core (2x2.0 GHz Cortex-A75 & 6x1.8 GHz Cortex-A55),Mali-G52 MC2,6,6,128,128,UFS 2.1,48.0,3,1.8,No,,No,"LED flash, HDR, panorama","1440p@30fps, 1080p@30fps",16.0,No,,1080p@30fps,"Wi-Fi 802.11 a/b/g/n/ac, dual-band",Yes,5.2,Type-C,Yes,"GPS, GLONASS, GALILEO, BDS","Fingerprint (side-mounted), accelerometer, gyro, proximity, compass, barometer",6050,18,,No,,,130.0,,,,,,,,"Black, Black/Orange, Black/Green",,,,Wireless FM radio
Ulefone,Ulefone Armor X31 Pro,https://www.gsmarena.com/ulefone_armor_x31_pro-13589.php,https://fdn2.gsmarena.com/vv/bigpic/ulefone-armor-x31-pro-.jpg,GSM / CDMA / HSPA / LTE / 5G,Yes,"2024, December 21","Available. Released 2025, January 01",173.8 x 82 x 13.7 mm (6.84 x 3.23 x 0.54 in),306.0,,IP68,Nano-SIM + Nano-SIM,"IPS LCD, 120Hz, 800 nits (HBM)",120,6.56,720x1612,269,72.5,Gorilla Glass 5,Android 14,Mediatek Dimensity 6300 (6 nm),6,Octa-core (2x2.4 GHz Cortex-A76 & 6x2.0 GHz Cortex-A55),Mali-G57 MC2,8,8,256,256,,64.0,3,1.9,No,,No,"LED flash, HDR, panorama","1440p@30fps, 1080p@30fps",16.0,No,,1080p@30fps,"Wi-Fi 802.11 a/b/g/n/ac, dual-band",Yes,5.2,Type-C,Yes,"GPS, GLONASS, GALILEO, BDS","Fingerprint (side-mounted), accelerometer, gyro, proximity, compass",6050,18,,No,,,200.0,,,,,,,,"Black, Black/Orange, Black/Green",,,,Wireless FM radio
Ulefone,Ulefone Armor 27T,https://www.gsmarena.com/ulefone_armor_27t-13545.php,https://fdn2.gsmarena.com/vv/bigpic/ulefone-armor27t.jpg,GSM / CDMA / HSPA / LTE,No,"2024, November","Available. Released 2024, November",182.8 x 86.8 x 18.5 mm (7.20 x 3.42 x 0.73 in),441.0,,IP68,Nano-SIM + Nano-SIM,"IPS LCD, 120Hz",120,6.78,1080x2460,396,68.8,Gorilla Glass Victus,Android 14,Mediatek Helio G99 (6 nm),6,Octa-core (2x2.2 GHz Cortex-A76 & 6x2.0 GHz Cortex-A55),Mali-G57 MC2,12,12,256,256,UFS 2.2,50.0,3,2.0,No,1/1.31,No,"Dual-LED flash, HDR, panorama","1440p@30fps, 1080p@30fps",32.0,No,,Yes,"Wi-Fi 802.11 a/b/g/n/ac, dual-band",Yes,5.2,Type-C,Yes,"GPS, GLONASS, GALILEO, BDS","Fingerprint (side-mounted), accelerometer, gyro, proximity, compass, barometer",10600,33,30,Yes,,,420.0,,,,,,,,Black,,,,"Wireless FM radio, RDS, recording"
Ulefone,Ulefone Armor 27,https://www.gsmarena.com/ulefone_armor_27-13544.php,https://fdn2.gsmarena.com/vv/bigpic/ulefone-armor27.jpg,GSM / CDMA / HSPA / LTE,No,"2024, November","Available. Released 2024, November",182.8 x 86.8 x 18.5 mm (7.20 x 3.42 x 0.73 in),441.0,,IP68,Nano-SIM + Nano-SIM,"IPS LCD, 120Hz",120,6.78,1080x2460,396,68.8,Gorilla Glass Victus,Android 14,Mediatek Helio G99 (6 nm),6,Octa-core (2x2.2 GHz Cortex-A76 & 6x2.0 GHz Cortex-A55),Mali-G57 MC2,12,12,256,256,UFS 2.2,50.0,3,2.0,No,1/1.31,No,"Dual-LED flash, HDR, panorama","1440p@30fps, 1080p@30fps",32.0,No,,Yes,"Wi-Fi 802.11 a/b/g/n/ac, dual-band",Yes,5.2,Type-C,Yes,"GPS, GLONASS, GALILEO, BDS","Fingerprint (side-mounted), accelerometer, gyro, proximity, compass, barometer",10600,33,30,Yes,,,340.0,,,,,,,,Black,,,,"Wireless FM radio, RDS, recording"
Ulefone,Ulefone Note 18 Pro,https://www.gsmarena.com/ulefone_note_18_pro-13543.php,https://fdn2.gsmarena.com/vv/bigpic/ulefone-note-18-pro.jpg,GSM / CDMA / HSPA / LTE,No,"2024, November","Available. Released 2024, November",168.8 x 76.8 x 8.9 mm (6.65 x 3.02 x 0.35 in),211.6,,,Nano-SIM + Nano-SIM,"IPS LCD, 90Hz",90,6.78,720x1640,264,84.2,"Corning Gorilla Glass, Mohs level 4",Android 14,Mediatek Helio G91 (12 nm),12,Octa-core (2x2.0 GHz Cortex-A75 & 6x1.8 GHz Cortex-A55),Mali-G57 MC2,6,6,256,256,,64.0,2,1.9,No,1/1.73,No,"LED flash, HDR, panorama",1080p@30fps,32.0,No,HDR,1080p@30fps,"Wi-Fi 802.11 a/b/g/n/ac, dual-band",Yes,5.1,Type-C,Yes,"GPS, GLONASS, GALILEO, BDS","Accelerometer, proximity, compass",5450,18,,No,,,,,,,,,,,"Lustrous Black, Moonlit White, Titanium Gray",,,,"FM radio, RDS, recording"
Ulefone,Ulefone Tab A10 Pro,https://www.gsmarena.com/ulefone_tab_a10_pro-13542.php,https://fdn2.gsmarena.com/vv/bigpic/ulefone-tab-a10-pro.jpg,GSM / HSPA / LTE,No,"2024, November","Available. Released 2024, November",237.7 x 156.5 x 7.8 mm (9.36 x 6.16 x 0.31 in),446.0,,,Nano-SIM + Nano-SIM,IPS LCD,,10.1,800x1280,149,79.5,Mohs level 4,Android 14,Mediatek MT8786 (12 nm),12,Octa-core (2x2.0 GHz Cortex-A75 & 6x1.7 GHz Cortex-A55),Mali-G52,6,6,128,128,UFS 2.1,13.0,1,,No,,No,"LED flash, HDR, panorama",1080p@30fps,5.0,No,,Yes,"Wi-Fi 802.11 a/b/g/n/ac, dual-band",No,5.0,Type-C,Yes,"GPS, GLONASS, GALILEO, BDS","Accelerometer, proximity (accessories only)",6600,18,,No,,,,,,,,,,,Gray,,,,"FM radio, RDS, recording"
Ulefone,Ulefone Note 20 Pro,https://www.gsmarena.com/ulefone_note_20_pro-13451.php,https://fdn2.gsmarena.com/vv/bigpic/ulefone-note-20-pro.jpg,GSM / HSPA / LTE,No,"2024, September","Available. Released 2024, September",167.8 x 77.4 x 9.1 mm (6.61 x 3.05 x 0.36 in),217.0,,,Nano-SIM + Nano-SIM,"IPS LCD, 90Hz",90,6.75,720x1610,261,84.3,Mohs level 4,Android 14,Unisoc T606 (12 nm),12,Octa-core (2x1.6 GHz Cortex-A75 & 6x1.6 GHz Cortex-A55),Mali-G57 MP1,4,4,128,256,UFS 2.0,50.0,2,2.0,No,1/1.31,No,"LED flash, HDR, panorama","1440p@30fps, 1080p@30fps",8.0,No,,Yes,"Wi-Fi 802.11 a/b/g/n/ac, dual-band",No,5.0,Type-C,Yes,"GPS, GLONASS, GALILEO, BDS","Accelerometer, proximity",6000,18,,No,,,110.0,,,,,,,,"Satin Black, Ribbons White",,,,"Wireless FM radio, RDS, recording"
Ulefone,Ulefone Note 19,https://www.gsmarena.com/ulefone_note_19-13450.php,https://fdn2.gsmarena.com/vv/bigpic/ulefone-note-19.jpg,GSM / HSPA / LTE,No,"2024, September","Available. Released 2024, September",163.2 x 75.2 x 8.8 mm (6.43 x 2.96 x 0.35 in),192.0,,,Nano-SIM + Nano-SIM,IPS LCD,,6.56,720x1612,269,84.2,Mohs level 4,Android 14 (Go edition),Unisoc T603 (22 nm),22,Octa-core 8x1.6 GHz Cortex-A55,PowerVR GE8322,3,3,32,32,UFS 2.0,8.0,1,2.0,No,,No,"LED flash, HDR, panorama","1440p@30fps, 1080p@30fps",5.0,No,,Yes,Wi-Fi 802.11 b/g/n,No,4.2,Type-C,Yes,"GPS, GLONASS, GALILEO, BDS","Accelerometer, proximity",5000,10,,No,,,80.0,,,,,,,,"Black, Green",,,,"Stereo FM radio, RDS, recording"
Ulefone,Ulefone Armor Pad 4 Ultra Thermal,https://www.gsmarena.com/ulefone_armor_pad_4_ultra_thermal-13447.php,https://fdn2.gsmarena.com/vv/bigpic/ulefone-armor-pad-4-ultra-thermal.jpg,GSM / HSPA / LTE / 5G,Yes,"2024, September","Available. Released 2024, September",261.7 x 166.8 x 14.3 mm (10.30 x 6.57 x 0.56 in),834.5,,IP68,Nano-SIM + Nano-SIM,IPS LCD,,10.36,1200x2000,225,70.0,Gorilla Glass Victus,Android 14,Mediatek Dimensity 6300 (6 nm),6,Octa-core (2x2.4 GHz Cortex-A76 & 6x2.0 GHz Cortex-A55),Mali-G57 MC2,8,8,256,256,UFS 2.1,50.0,2,2.0,No,1/1.31,No,"LED flash, HDR, panorama","1440p@30fps, 1080p@30fps",32.0,No,,Yes,"Wi-Fi 802.11 a/b/g/n/ac, dual-band",Yes,5.2,Type-C,Yes,"GPS, GLONASS, GALILEO, BDS","Fingerprint (side-mounted), gyro, accelerometer, proximity, compass, barometer",11800,33,,No,,,460.0,,,,,,,,Black,,,,"Wireless FM radio, RDS, recording"
Ulefone,Ulefone Armor Pad 4 Ultra,https://www.gsmarena.com/ulefone_armor_pad_4_ultra-13446.php,https://fdn2.gsmarena.com/vv/bigpic/ulefone-armor-pad-4-ultra.jpg,GSM / HSPA / LTE / 5G,Yes,"2024, September","Available. Released 2024, September",261.7 x 166.8 x 14.3 mm (10.30 x 6.57 x 0.56 in),834.5,,IP68,Nano-SIM + Nano-SIM,IPS LCD,,10.36,1200x2000,225,70.0,Gorilla Glass Victus,Android 14,Mediatek Dimensity 6300 (6 nm),6,Octa-core (2x2.4 GHz Cortex-A76 & 6x2.0 GHz Cortex-A55),Mali-G57 MC2,8,8,256,256,UFS 2.1,50.0,1,2.0,No,1/1.31,No,"LED flash, HDR, panorama","1440p@30fps, 1080p@30fps",32.0,No,,Yes,"Wi-Fi 802.11 a/b/g/n/ac, dual-band",Yes,5.2,Type-C,Yes,"GPS, GLONASS, GALILEO, BDS","Fingerprint (side-mounted), gyro, accelerometer, proximity, compass, barometer",11800,33,,No,,,370.0,,,,,,,,Black,,,,"Wireless FM radio, RDS, recording"
Ulefone,Ulefone Armor Mini 20,https://www.gsmarena.com/ulefone_armor_mini_20-13541.php,https://fdn2.gsmarena.com/vv/bigpic/ulefone-armor-mini20.jpg,GSM / CDMA / HSPA / CDMA2000 / LTE,No,"2024, September","Available. Released 2024, September",133.5 x 63.3 x 24.9 mm (5.26 x 2.49 x 0.98 in),301.0,,IP68,Nano-SIM + Nano-SIM,"IPS LCD, 90Hz",90,4.7,720x1600,373,63.1,Gorilla Glass Victus,Android 14,Mediatek Helio G99 (6 nm),6,Octa-core (2x2.2 GHz Cortex-A76 & 6x2.0 GHz Cortex-A55),Mali-G57 MC2,8,8,256,256,UFS 2.2,50.0,2,2.0,No,1/1.31,No,"Dual-LED flash, HDR, panorama","1440p@30fps, 1080p@30fps",32.0,No,,"1440p@30fps, 1080p@30fps","Wi-Fi 802.11 a/b/g/n/ac, dual-band",Yes,5.2,Type-C,Yes,"GPS, GALILEO, GLONASS, BDS, QZSS","Fingerprint (side-mounted), accelerometer, gyro, proximity, compass, barometer",6200,33,15,Yes,,,,,,,,,,,Black,,,,"Wireless FM radio, RDS, recording"
Ulefone,Ulefone Armor Mini 20 Pro,https://www.gsmarena.com/ulefone_armor_mini_20_pro-13445.php,https://fdn2.gsmarena.com/vv/bigpic/ulefone-armor-mini-20-pro.jpg,GSM / CDMA / HSPA / CDMA2000 / LTE / 5G,Yes,"2024, September","Available. Released 2024, September",133.5 x 63.3 x 24.9 mm (5.26 x 2.49 x 0.98 in),301.0,,IP68,Nano-SIM + Nano-SIM,"IPS LCD, 90Hz",90,4.7,720x1600,373,63.1,,Android 14,Mediatek Dimensity 6300 (6 nm),6,Octa-core (2x2.4 GHz Cortex-A76 & 6x2.0 GHz Cortex-A55),Mali-G57 MC2,8,8,256,256,UFS 2.2,50.0,2,2.0,No,1/1.31,No,"Dual-LED flash, HDR, panorama","1440p@30fps, 1080p@30fps",32.0,No,,"1440p@30fps, 1080p@30fps","Wi-Fi 802.11 a/b/g/n/ac, dual-band",Yes,5.2,Type-C,Yes,"GPS, GALILEO, GLONASS, BDS, QZSS","Fingerprint, accelerometer, gyro, proximity, compass, barometer",6200,33,15,Yes,,,340.0,,,,,,,,Black,,,,Wireless FM radio
Ulefone,Ulefone Armor Mini 20T Pro,https://www.gsmarena.com/ulefone_armor_mini_20t_pro-13298.php,https://fdn2.gsmarena.com/vv/bigpic/ulefone-armor-mini-20t-pro.jpg,GSM / CDMA / HSPA / CDMA2000 / LTE / 5G,Yes,"2024, September 03","Available. Released 2024, October",133.5 x 63.3 x 24.9 mm (5.26 x 2.49 x 0.98 in),301.0,,IP68,Nano-SIM + Nano-SIM,"IPS LCD, 90Hz",90,4.7,720x1600,373,63.1,Mohs level 4,Android 14,Mediatek Dimensity 6300 (6 nm),6,Octa-core (2x2.4 GHz Cortex-A76 & 6x2.0 GHz Cortex-A55),Mali-G57 MC2,8,8,256,256,UFS 2.2,50.0,2,2.0,No,1/1.31,No,"Dual-LED flash, HDR, panorama","1440p@30fps, 1080p@30fps",32.0,No,,"1440p@30fps, 1080p@30fps","Wi-Fi 802.11 a/b/g/n/ac, dual-band",Yes,5.2,Type-C,Yes,"GPS, GALILEO, GLONASS, BDS, QZSS","Fingerprint, accelerometer, gyro, proximity, compass, barometer",6200,33,15,Yes,Active use score 13:50h,,360.0,,,432253,2146,383,527,-26.0,Black,,,,Wireless FM radio
Ulefone,Ulefone Armor 27 Pro,https://www.gsmarena.com/ulefone_armor_27_pro-13245.php,https://fdn2.gsmarena.com/vv/bigpic/ulefone-armor-27-pro--.jpg,GSM / HSPA / LTE / 5G,Yes,"2024, August 01","Available. Released 2024, August 01",182.8 x 86.8 x 18.5 mm (7.20 x 3.42 x 0.73 in),441.0,,IP68,Nano-SIM + Nano-SIM,"IPS LCD, 120Hz",120,6.78,1080x2460,396,68.8,Gorilla Glass Victus,Android 14,Mediatek Dimensity 6300 (6 nm),6,Octa-core (2x2.4 GHz Cortex-A76 & 6x2.0 GHz Cortex-A55),Mali-G57 MC2,12,12,256,256,UFS 2.2,50.0,3,2.0,No,1/1.31,No,"Dual-LED flash, HDR, panorama","1440p@30fps, 1080p@30fps",32.0,No,,Yes,"Wi-Fi 802.11 a/b/g/n/ac, dual-band",Yes,5.2,Type-C,Yes,"GPS, GLONASS, GALILEO, BDS","Fingerprint (side-mounted), accelerometer, gyro, proximity, compass, barometer",10600,33,30,Yes,,,320.0,,,,,,,,Black,,,,"Wireless FM radio, RDS, recording"
Ulefone,Ulefone Armor 27T Pro,https://www.gsmarena.com/ulefone_armor_27t_pro-13244.php,https://fdn2.gsmarena.com/vv/bigpic/ulefone-armor-27t-pro.jpg,GSM / HSPA / LTE / 5G,Yes,"2024, August 01","Available. Released 2024, August 01",182.8 x 86.8 x 18.5 mm (7.20 x 3.42 x 0.73 in),441.0,,IP68,Nano-SIM + Nano-SIM,"IPS LCD, 120Hz",120,6.78,1080x2460,396,68.8,Gorilla Glass Victus,Android 14,Mediatek Dimensity 6300 (6 nm),6,Octa-core (2x2.4 GHz Cortex-A76 & 6x2.0 GHz Cortex-A55),Mali-G57 MC2,12,12,256,256,UFS 2.2,50.0,3,2.0,No,1/1.31,No,"Dual-LED flash, HDR, panorama","1440p@30fps, 1080p@30fps",32.0,No,,Yes,"Wi-Fi 802.11 a/b/g/n/ac, dual-band",Yes,5.2,Type-C,Yes,"GPS, GLONASS, GALILEO, BDS","Fingerprint (side-mounted), accelerometer, gyro, proximity, compass, barometer",10600,33,30,Yes,,,450.0,,,,,,,,Black,,,,"Wireless FM radio, RDS, recording"
Ulefone,Ulefone Armor 25T,https://www.gsmarena.com/ulefone_armor_25t-13211.php,https://fdn2.gsmarena.com/vv/bigpic/ulefone-armor-25t.jpg,GSM / HSPA / LTE,No,"2024, July 11","Available. Released 2024, July",177.4 x 81.4 x 12.5 mm (6.98 x 3.20 x 0.49 in),326.0,,IP68,Nano-SIM + Nano-SIM,"IPS LCD, 120Hz",120,6.78,1080x2460,396,75.6,Gorilla Glass Victus,Android 14,Mediatek Helio G99 (6 nm),6,Octa-core (2x2.2 GHz Cortex-A76 & 6x2.0 GHz Cortex-A55),Mali-G57 MC2,6,6,256,256,UFS 2.2,50.0,3,2.0,No,1/1.31,No,"Dual-LED flash, HDR, panorama","1440p@30fps, 1080p@30fps",32.0,No,,Yes,"Wi-Fi 802.11 a/b/g/n/ac, dual-band",Yes,5.2,Type-C,Yes,"GPS, GLONASS, GALILEO, BDS","Fingerprint (side-mounted), accelerometer, gyro, proximity, compass, barometer",6500,33,30,Yes,,,370.0,,,,,,,,Black,,,,"Wireless FM radio, RDS, recording"
Ulefone,Ulefone Tab W10,https://www.gsmarena.com/ulefone_tab_w10-13449.php,https://fdn2.gsmarena.com/vv/bigpic/ulefone-tab-w10.jpg,GSM / HSPA / LTE,No,"2024, June","Available. Released 2024, June",239.6 x 158.4 x 7.9 mm (9.43 x 6.24 x 0.31 in),430.0,,,Nano-SIM + Nano-SIM,IPS LCD,,10.1,800x1280,149,77.9,,Android 14,Unisoc T606 (12 nm),12,Octa-core (2x1.6 GHz Cortex-A75 & 6x1.6 GHz Cortex-A55),Mali-G57 MP1,4,4,128,128,UFS 2.2,16.0,1,2.2,No,,No,"LED flash, HDR, panorama",1080p@30fps,8.0,No,,Yes,"Wi-Fi 802.11 a/b/g/n/ac/6, dual-band",No,5.2,Type-C,Yes,"GPS, GLONASS, GALILEO, BDS","Accelerometer, proximity (accessories only)",8800,18,,No,,,80.0,,,,,,,,Space Gray,,,,"FM radio, RDS, recording"
Ulefone,Ulefone Tab A11 Pro,https://www.gsmarena.com/ulefone_tab_a11_pro-13195.php,https://fdn2.gsmarena.com/vv/bigpic/ulefone-tab-a11-pro.jpg,GSM / HSPA / LTE,No,"2024, June","Available. Released 2024, June",256.9 x 168.4 x 7.6 mm (10.11 x 6.63 x 0.30 in),500.5,,,Nano-SIM + Nano-SIM,"IPS LCD, 90Hz",90,11.0,1200x1920,206,81.1,,Android 14,Mediatek Helio G99 (6 nm),6,Octa-core (2x2.2 GHz Cortex-A76 & 6x2.0 GHz Cortex-A55),Mali-G57 MC2,8,8,128,256,UFS 2.2,16.0,1,2.2,No,,No,"LED flash, HDR, panorama",1080p@30fps,8.0,No,,Yes,"Wi-Fi 802.11 a/b/g/n/ac/6, dual-band",No,5.2,Type-C,Yes,"GPS, GLONASS, GALILEO, BDS","Accelerometer, proximity (accessories only)",8800,18,,No,,,200.0,,,,,,,,Gray,,,,"FM radio, RDS, recording"
Ulefone,Ulefone Tab A11,https://www.gsmarena.com/ulefone_tab_a11-13448.php,https://fdn2.gsmarena.com/vv/bigpic/ulefone-tab-a11.jpg,GSM / HSPA / LTE,No,"2024, June","Available. Released 2024, June",256.9 x 168.4 x 7.6 mm (10.11 x 6.63 x 0.30 in),500.5,,,Nano-SIM + Nano-SIM,"IPS LCD, 90Hz",90,11.0,1200x1920,206,81.1,,Android 14,Unisoc T620 (12 nm),12,Octa-core (2x2.2 GHz Cortex-A75 & 6x1.8 GHz Cortex-A55),Mali-G57,4,8,128,256,UFS 2.2,16.0,1,2.2,No,,No,"LED flash, HDR, panorama",1080p@30fps,8.0,No,,Yes,"Wi-Fi 802.11 a/b/g/n/ac/6, dual-band",No,5.0,Type-C,Yes,"GPS, GLONASS, GALILEO, BDS","Accelerometer, proximity (accessories only)",8800,18,,No,,,200.0,,,,,,,,Space Gray,,,,"FM radio, RDS, recording"
Ulefone,Ulefone Armor 25T Pro,https://www.gsmarena.com/ulefone_armor_25t_pro-13115.php,https://fdn2.gsmarena.com/vv/bigpic/ulefone-armor-25t-pro.jpg,GSM / HSPA / LTE / 5G,Yes,"2024, May","Available. Released 2024, May",177.4 x 81.4 x 12.5 mm (6.98 x 3.20 x 0.49 in),326.0,,IP68,Nano-SIM + Nano-SIM,"IPS LCD, 120Hz",120,6.78,1080x2460,396,75.6,Gorilla Glass Victus,Android 14,Mediatek Dimensity 6300 (6 nm),6,Octa-core (2x2.4 GHz Cortex-A76 & 6x2.0 GHz Cortex-A55),Mali-G57 MC2,6,6,256,256,UFS 2.1,50.0,3,1.7,No,1/1.31,No,"Dual-LED flash, HDR, panorama","1440p@30fps, 1080p@30fps",32.0,No,,Yes,"Wi-Fi 802.11 a/b/g/n/ac, dual-band",Yes,5.2,Type-C,Yes,"GPS, GLONASS, GALILEO, BDS","Fingerprint (side-mounted), accelerometer, gyro, proximity, compass, barometer",6500,33,30,Yes,,,420.0,,,,,,,,Black,,,,"Wireless FM radio, RDS, recording"
Ulefone,Ulefone Note 18 Ultra,https://www.gsmarena.com/ulefone_note_18_ultra-13059.php,https://fdn2.gsmarena.com/vv/bigpic/ulefone-note-18-ultra.jpg,GSM / CDMA / HSPA / LTE / 5G,Yes,"2024, May","Available. Released 2024, May",168.8 x 76.8 x 8.9 mm (6.65 x 3.02 x 0.35 in),211.6,,,Nano-SIM + Nano-SIM,"IPS LCD, 90Hz",90,6.78,1080x2460,396,84.2,"Corning Gorilla Glass, Mohs level 4",Android 13,Mediatek Dimensity 720 (7 nm),7,Octa-core (2x2.0 GHz Cortex-A76 & 6x2.0 GHz Cortex-A55),Mali-G57 MC3,6,6,256,256,UFS 2.2,50.0,2,2.0,No,1/1.31,No,"LED flash, HDR, panorama",1080p@30fps,32.0,No,HDR,1080p@30fps,"Wi-Fi 802.11 a/b/g/n/ac, dual-band",Yes,5.2,Type-C,Yes,"GPS, GLONASS, GALILEO, BDS","Fingerprint (side-mounted), accelerometer, proximity, compass",5450,18,,No,,,180.0,,,,,,,,"Lustrous Black, Moonlit White, Titanium Gray",,,,Unspecified
Ulefone,Ulefone Armor 26 Ultra,https://www.gsmarena.com/ulefone_armor_26_ultra-12979.php,https://fdn2.gsmarena.com/vv/bigpic/ulefone-armor-26-ultra.jpg,GSM / CDMA / HSPA / LTE / 5G,Yes,"2024, April","Available. Released 2024, April",179 x 83 x 25.5 mm (7.05 x 3.27 x 1.00 in),609.0,,IP68,Nano-SIM + Nano-SIM,"IPS LCD, 120Hz",120,6.78,1080x2460,396,73.5,Gorilla Glass 5,Android 13,Mediatek Dimensity 8020 (6 nm),6,Octa-core (4x2.6 GHz Cortex-A78 & 4x2.0 GHz Cortex-A55),Mali-G77 MC9,12,12,512,512,UFS 3.1,200.0,4,1.8,No,1/1.4,Yes,"Quad-LED flash, HDR, panorama","4K@30fps, 1080p@30fps",50.0,No,,1080p@30fps,"Wi-Fi 802.11 a/b/g/n/ac/6, dual-band",Yes,5.2,Type-C,Yes,"GPS (L1+L5), GLONASS, GALILEO, BDS, QZSS","Fingerprint (side-mounted), accelerometer, proximity, compass, gyro, barometer",15600,120,33,No,,,410.0,,,,,,,,Black,,,,"Wireless FM radio, RDS, recording"
Ulefone,Ulefone Armor 26 Ultra Walkie-talkie,https://www.gsmarena.com/ulefone_armor_26_ultra_walkie_talkie-12980.php,https://fdn2.gsmarena.com/vv/bigpic/ulefone-armor-26-ultra-wt.jpg,GSM / CDMA / HSPA / LTE / 5G,Yes,"2024, April","Available. Released 2024, April",179 x 83 x 25.5 mm (7.05 x 3.27 x 1.00 in),609.0,,IP68,Nano-SIM + Nano-SIM,"IPS LCD, 120Hz",120,6.78,1080x2460,396,73.5,Gorilla Glass 5,Android 13,Mediatek Dimensity 8020 (6 nm),6,Octa-core (4x2.6 GHz Cortex-A78 & 4x2.0 GHz Cortex-A55),Mali-G77 MC9,12,12,512,512,UFS 3.1,200.0,4,1.8,No,1/1.4,Yes,"Quad-LED flash, HDR, panorama","4K@30fps, 1080p@30fps",50.0,No,,1080p@30fps,"Wi-Fi 802.11 a/b/g/n/ac/6, dual-band",Yes,5.2,Type-C,Yes,"GPS (L1+L5), GLONASS, GALILEO, BDS, QZSS","Fingerprint (side-mounted), accelerometer, proximity, compass, gyro, barometer",15600,120,33,No,,,650.0,,,,,,,,Black,,,,"Wireless FM radio, RDS, recording"
Ulefone,Ulefone Armor Pad 3 Pro,https://www.gsmarena.com/ulefone_armor_pad_3_pro-12981.php,https://fdn2.gsmarena.com/vv/bigpic/ulefone-armor-pad-3-pro.jpg,GSM / HSPA / LTE,No,"2024, April","Available. Released 2024, April",261.7 x 166.8 x 21.2 mm (10.30 x 6.57 x 0.83 in),1243.0,,IP68,Nano-SIM + Nano-SIM,IPS LCD,,10.36,1200x2000,225,70.0,Gorilla Glass 5,Android 13,Mediatek MT8788 (12 nm),12,Octa-core (4x2.0 GHz Cortex-A73 & 4x2.0 GHz Cortex-A53),Mali-G72 MP3,8,8,256,256,,50.0,1,2.0,No,1/1.3,No,"LED flash, HDR, panorama",1080p@30fps,32.0,No,,Yes,"Wi-Fi 802.11 a/b/g/n/ac, dual-band",Yes,4.2,Type-C,Yes,"GPS, GLONASS, GALILEO, BDS","Fingerprint (side-mounted), accelerometer, gyro, proximity, compass",33280,66,,No,,,370.0,,,,,,,,Black,,,,"Wireless FM radio, RDS, recording"
Ulefone,Ulefone Armor Pad Pro,https://www.gsmarena.com/ulefone_armor_pad_pro-12982.php,https://fdn2.gsmarena.com/vv/bigpic/ulefone-armor-pad-pro.jpg,GSM / HSPA / LTE,No,"2024, April","Available. Released 2024, April",213 x 128.8 x 14 mm (8.39 x 5.07 x 0.55 in),560.0,,IP68,Nano-SIM + Nano-SIM,IPS LCD,,8.0,800x1280,189,67.6,Mohs level 4,Android 13,Mediatek MT8788 (12 nm),12,Octa-core (4x2.0 GHz Cortex-A73 & 4x2.0 GHz Cortex-A53),Mali-G72 MP3,8,8,128,128,,48.0,1,1.8,No,1/2.25,No,"LED flash, HDR, panorama",1080p@30fps,32.0,No,,Yes,"Wi-Fi 802.11 a/b/g/n/ac, dual-band",Yes,4.2,Type-C,Yes,"GPS, GLONASS, GALILEO, BDS","Fingerprint (side-mounted), accelerometer, gyro, proximity, compass",7650,18,,No,,,200.0,,,,,,,,Black,,,,"Wireless FM radio, RDS, recording"
Ulefone,Ulefone Power Armor 16S,https://www.gsmarena.com/ulefone_power_armor_16s-12870.php,https://fdn2.gsmarena.com/vv/bigpic/ulefone-power-armor-16s.jpg,GSM / HSPA / LTE,No,"2024, March 14","Available. Released 2024, March 14",173.4 x 83.4 x 18.3 mm (6.83 x 3.28 x 0.72 in),406.0,,IP68,Nano-SIM + Nano-SIM,IPS LCD,,5.93,720x1440,271,62.8,,Android 13,Unisoc Tiger T616 (12 nm),12,Octa-core (2x2.0 GHz Cortex-A75 & 6x1.8 GHz Cortex-A55),Mali-G57 MP1,8,8,128,128,eMMC 5.1,50.0,2,1.8,No,1/2.76,No,"LED flash, HDR, panorama",1080p@30fps,8.0,No,,1080p@30fps,"Wi-Fi 802.11 a/b/g/n/ac, dual-band",Yes,5.0,Type-C,Yes,"GPS, GLONASS, GALILEO, BDS","Fingerprint (side-mounted), accelerometer, gyro, proximity, compass",9600,18,,No,,,60.0,,,,,,,,Black/Orange,,,,"Wireless FM radio, RDS, recording"
Ulefone,Ulefone Note 17 Pro,https://www.gsmarena.com/ulefone_note_17_pro-12815.php,https://fdn2.gsmarena.com/vv/bigpic/ulefone-note-17-pro.jpg,GSM / CDMA / HSPA / LTE,No,"2024, January 25","Available. Released 2024, January",163.8 x 74.2 x 9 mm (6.45 x 2.92 x 0.35 in),197.8,,,Nano-SIM + Nano-SIM,"AMOLED, 120Hz, 500 nits (HBM)",120,6.78,1080x2400,388,91.3,Gorilla Glass 5,Android 13,Mediatek Helio G99 (6 nm),6,Octa-core (2x2.2 GHz Cortex-A76 & 6x2.0 GHz Cortex-A55),Mali-G57 MC2,12,12,256,256,UFS 2.2,108.0,2,1.9,No,,No,"LED flash, HDR, panorama","1440p@30fps, 1080p@30fps",32.0,No,,1080p@30fps,"Wi-Fi 802.11 a/b/g/n/ac, dual-band",Yes,5.2,Type-C,Yes,"GPS, GLONASS, GALILEO, BDS","Fingerprint (under display, optical), accelerometer, gyro, proximity, compass",5050,33,,No,,,300.0,,,,,,,,"Velvet Black, Pearl White, Amber Orange",,,,"Stereo FM radio, RDS, recording"
Ulefone,Ulefone Armor 23 Ultra,https://www.gsmarena.com/ulefone_armor_23_ultra-12757.php,https://fdn2.gsmarena.com/vv/bigpic/ulefone-armor-23-ultra.jpg,GSM / HSPA / LTE / 5G,Yes,"2023, December 21","Available. Released 2023, December 21",177.4 x 81.5 x 12.8 mm (6.98 x 3.21 x 0.50 in),332.0,,IP68,Nano-SIM + Nano-SIM,"IPS LCD, 120Hz",120,6.78,1080x2460,396,75.5,Gorilla Glass Victus,Android 13,Mediatek Dimensity 8020 (6 nm),6,Octa-core (4x2.6 GHz Cortex-A78 & 4x2.0 GHz Cortex-A55),Mali-G77 MC9,12,12,512,512,UFS 3.1,50.0,4,1.7,No,1/1.31,Yes,"Dual-LED flash, HDR, panorama","4K@60fps, 1080p@30fps",50.0,No,,1080p@30fps,"Wi-Fi 802.11 a/b/g/n/ac/6, dual-band",Yes,5.1,Type-C,No,"GPS (L1+L5), GLONASS, GALILEO, BDS, QZSS","Fingerprint (side-mounted), accelerometer, proximity, compass, gyro, barometer",5280,120,50,Yes,,,400.0,,,,,,,,"Elite Black, Umbra Orange",,,,"Wireless FM radio, RDS, recording"
Ulefone,Ulefone Power Armor 18T Ultra,https://www.gsmarena.com/ulefone_power_armor_18t_ultra-12686.php,https://fdn2.gsmarena.com/vv/bigpic/ulefone-power-armor-18t-ultra.jpg,GSM / CDMA / HSPA / CDMA2000 / LTE / 5G,Yes,"2023, October","Available. Released 2023, November",175.2 x 83.4 x 18.8 mm (6.90 x 3.28 x 0.74 in),409.0,,IP68,Nano-SIM + Nano-SIM,"IPS LCD, 120Hz",120,6.58,1080x2408,401,71.4,Gorilla Glass 5,"Android 13, upgradable to Android 14",Mediatek Dimensity 7050 (6 nm),6,Octa-core (2x2.6 GHz Cortex-A78 & 6x2.0 GHz Cortex-A55),Mali-G68 MC4,12,12,512,512,,108.0,3,1.9,No,1/1.52,Yes,"Hexa-LED flash, HDR, panorama","4K@30fps, 1080p@30fps",32.0,No,,1080p@30fps,"Wi-Fi 802.11 a/b/g/n/ac/6, dual-band",Yes,5.0,Type-C,Yes,"GPS (L1+L5), GLONASS, GALILEO, BDS, NavIC","Fingerprint (side-mounted), accelerometer, gyro, proximity, compass",9600,66,15,No,,,700.0,,,,,,,,Black,,,,"Wireless FM radio, RDS, recording"
Ulefone,Ulefone Power Armor 18 Ultra,https://www.gsmarena.com/ulefone_power_armor_18_ultra-12685.php,https://fdn2.gsmarena.com/vv/bigpic/ulefone-power-armor-18-ultra.jpg,GSM / CDMA / HSPA / CDMA2000 / LTE / 5G,Yes,"2023, November","Available. Released 2023, November",175.2 x 83.4 x 18.8 mm (6.90 x 3.28 x 0.74 in),409.0,,IP68,Nano-SIM + Nano-SIM,"IPS LCD, 120Hz",120,6.58,1080x2408,401,71.4,Gorilla Glass 5,Android 13,Mediatek Dimensity 7050 (6 nm),6,Octa-core (2x2.6 GHz Cortex-A78 & 6x2.0 GHz Cortex-A55),Mali-G68 MC4,12,12,512,512,,108.0,3,1.9,No,1/1.52,Yes,"Hexa-LED flash, HDR, panorama","4K@30fps, 1080p@30fps",32.0,No,,1080p@30fps,"Wi-Fi 802.11 a/b/g/n/ac/6, dual-band",Yes,5.0,Type-C,Yes,"GPS (L1+L5), GLONASS, GALILEO, BDS, NavIC","Fingerprint (side-mounted), accelerometer, gyro, proximity, compass, barometer, thermometer",9600,66,15,No,,,450.0,,,,,,,,Black,,,,"Wireless FM radio, RDS, recording"
Ulefone,Ulefone Armor Pad 2,https://www.gsmarena.com/ulefone_armor_pad_2-12625.php,https://fdn2.gsmarena.com/vv/bigpic/ulefone-armor-pad2.jpg,GSM / HSPA / LTE,No,"2023, October 11","Available. Released 2023, October 11",277.8 x 178 x 14 mm (10.94 x 7.01 x 0.55 in),1018.0,,IP68,Nano-SIM + Nano-SIM,IPS LCD,,11.0,1200x2000,212,69.6,Gorilla Glass 5,Android 13,Mediatek Helio G99 (6 nm),6,Octa-core (2x2.2 GHz Cortex-A76 & 6x2.0 GHz Cortex-A55),Mali-G57 MC2,8,8,256,256,,48.0,1,1.8,No,1/2.0,No,"LED flash, HDR, panorama","1440p@30fps, 1080p@30fps",16.0,No,,Yes,"Wi-Fi 802.11 a/b/g/n/ac/6, dual-band",Yes,5.2,Type-C,Yes,"GPS, GLONASS, GALILEO, BDS","Fingerprint (side-mounted), accelerometer, gyro, proximity, compass, barometer",18600,33,,No,,,240.0,,,,,,,,Black/Yellow,,,,"Wireless FM radio, RDS, recording"
Ulefone,Ulefone Armor 24,https://www.gsmarena.com/ulefone_armor_24-12602.php,https://fdn2.gsmarena.com/vv/bigpic/ulefone-armor-24.jpg,GSM / HSPA / LTE,No,"2023, September","Available. Released 2023, September",181.2 x 87 x 27.5 mm (7.13 x 3.43 x 1.08 in),647.0,,IP68,Nano-SIM + Nano-SIM,"IPS LCD, 120Hz",120,6.78,1080x2460,396,69.2,Gorilla Glass 5,Android 13,Mediatek MT6781 Helio G96 (12 nm),12,Octa-core (2x2.05 GHz Cortex-A76 & 6x2.0 GHz Cortex-A55),Mali-G57 MC2,12,12,256,256,,64.0,2,1.9,No,1/1.7,No,"LED flash, HDR, panorama","1440p@30fps, 1080p@30fps",16.0,No,,1080p@30fps,"Wi-Fi 802.11 a/b/g/n/ac, dual-band",Yes,5.2,Type-C,Yes,"GPS, GLONASS, GALILEO, BDS","Fingerprint (side-mounted), accelerometer, proximity, compass, gyro",22000,66,,No,,,260.0,,,,,,,,Black,,,,"Wireless FM radio, RDS, recording"
Ulefone,Ulefone Armor X12,https://www.gsmarena.com/ulefone_armor_x12-12601.php,https://fdn2.gsmarena.com/vv/bigpic/ulefone-armor-x12.jpg,GSM / HSPA / LTE,No,"2023, September","Available. Released 2023, September",157.2 x 76.8 x 14.3 mm (6.19 x 3.02 x 0.56 in),257.0,,IP68,Nano-SIM + Nano-SIM,IPS LCD,,5.45,720x1440,295,63.5,Mohs level 4,Android 13 (Go edition),Mediatek MT6761V/WAB Helio A22 (12 nm),12,Quad-core 2.0 GHz Cortex-A53,PowerVR GE8320,3,3,32,32,eMMC 5.1,13.0,1,2.2,No,,No,LED flash,1080p@30fps,8.0,No,,Yes,"Wi-Fi 802.11 a/b/g/n/ac, dual-band",Yes,5.0,Type-C,Yes,"GPS, GLONASS, GALILEO, BDS","Accelerometer, proximity",4860,,,No,,,,,,,,,,,"Black, Black/Orange, Black/Green",,,,"Wireless FM radio, RDS, recording"
Ulefone,Ulefone Armor Pad Lite,https://www.gsmarena.com/ulefone_armor_pad_lite-12600.php,https://fdn2.gsmarena.com/vv/bigpic/ulefone-armor-pad-lite.jpg,No cellular connectivity,No,"2023, September","Available. Released 2023, September",213 x 128.8 x 14 mm (8.39 x 5.07 x 0.55 in),558.0,,IP68,No,IPS LCD,,8.0,800x1280,189,67.6,Mohs level 4,Android 13,Mediatek MT8766,,Quad-core 2.0 GHz Cortex-A53,IMG GE8330,3,3,32,32,,13.0,1,2.2,No,,No,"LED flash, HDR, panorama",1080p@30fps,5.0,No,,Yes,"Wi-Fi 802.11 a/b/g/n/ac, dual-band",No,5.2,Type-C,Yes,"GPS, GLONASS, GALILEO, BDS","Fingerprint (side-mounted), accelerometer, proximity, compass",7650,10,,No,,,,,,,,,,,Black,,,,"Wireless FM radio, RDS, recording"
Ulefone,Ulefone Armor 22,https://www.gsmarena.com/ulefone_armor_22-12556.php,https://fdn2.gsmarena.com/vv/bigpic/ulefone-armor22-.jpg,GSM / HSPA / LTE,No,"2023, August 14","Available. Released 2023, August",176.8 x 84.9 x 15 mm (6.96 x 3.34 x 0.59 in),324.0,,IP68,Nano-SIM + Nano-SIM,"IPS LCD, 120Hz",120,6.58,1080x2408,401,69.5,Mohs level 4,Android 13,Mediatek MT6781 Helio G96 (12 nm),12,Octa-core (2x2.05 GHz Cortex-A76 & 6x2.0 GHz Cortex-A55),Mali-G57 MC2,8,8,128,256,,64.0,2,1.9,No,1/1.7,No,"LED flash, HDR, panorama","1440p@30fps, 1080p@30fps",8.0,No,,1080p@30fps,"Wi-Fi 802.11 a/b/g/n/ac, dual-band",Yes,5.2,Type-C,Yes,"GPS, GLONASS, GALILEO, BDS","Fingerprint (side-mounted), accelerometer, proximity, compass, gyro, barometer",6600,33,,No,,,190.0,,,,,,,,"Black, Black/Green",Armor 22 pro,,,"Wireless FM radio, RDS, recording"
Ulefone,Ulefone Armor X13,https://www.gsmarena.com/ulefone_armor_x13-12475.php,https://fdn2.gsmarena.com/vv/bigpic/ulefone-armor-x13.jpg,GSM / HSPA / LTE,No,"2023, August","Available. Released 2023, August",173 x 83 x 13.6 mm (6.81 x 3.27 x 0.54 in),300.0,,IP68,Nano-SIM + Nano-SIM,IPS LCD,,6.52,720x1600,269,71.5,Mohs level 4,Android 13,Mediatek Helio G36 (12 nm),12,Octa-core (4x2.2 GHz Cortex-A53 & 4x1.7 GHz Cortex-A53),PowerVR GE8320,6,6,64,64,eMMC 5.1,50.0,2,1.8,No,,No,LED flash,1080p@30fps,8.0,No,,Yes,"Wi-Fi 802.11 a/b/g/n/ac, dual-band",Yes,5.0,Type-C,Yes,"GPS, GLONASS, GALILEO, BDS","Accelerometer, proximity",6320,10,,No,,,130.0,,,,,,,,"Black, Black/Orange",,,,"Wireless FM radio, RDS, recording"
Ulefone,Ulefone Armor X12 Pro,https://www.gsmarena.com/ulefone_armor_x12_pro-12474.php,https://fdn2.gsmarena.com/vv/bigpic/ulefone-armor-x12-pro.jpg,GSM / HSPA / LTE,No,"2023, August","Available. Released 2023, August",157.2 x 76.8 x 14.3 mm (6.19 x 3.02 x 0.56 in),257.0,,IP68,Nano-SIM + Nano-SIM,IPS LCD,,5.45,720x1440,295,63.5,Mohs level 4,Android 13,Mediatek Helio G36 (12 nm),12,Octa-core (4x2.2 GHz Cortex-A53 & 4x1.7 GHz Cortex-A53),PowerVR GE8320,4,4,64,64,eMMC 5.1,13.0,1,2.2,No,,No,LED flash,1080p@30fps,8.0,No,,Yes,"Wi-Fi 802.11 a/b/g/n/ac, dual-band",Yes,5.0,Type-C,Yes,"GPS, GLONASS, GALILEO, BDS","Accelerometer, proximity",4860,10,,No,,,110.0,,,,,,,,"Black, Black/Orange, Black/Green",,,,"Wireless FM radio, RDS, recording"
Ulefone,Ulefone Power Armor X11,https://www.gsmarena.com/ulefone_power_armor_x11-12379.php,https://fdn2.gsmarena.com/vv/bigpic/ulefone-power-armor-x11.jpg,GSM / HSPA / LTE,No,"2023, June 18","Available. Released 2023, June 18",158.2 x 76.7 x 19.3 mm (6.23 x 3.02 x 0.76 in),330.0,,IP68,Nano-SIM + Nano-SIM,IPS LCD,,5.45,720x1440,295,63.2,,Android 13,Mediatek MT6761 Helio A22 (12 nm),12,Quad-core 2.0 GHz Cortex-A53,PowerVR GE8320,4,4,32,32,eMMC 5.1,16.0,2,1.8,No,,No,"Quad-LED flash, HDR, panorama",1080p@30fps,5.0,No,,1080p@30fps,"Wi-Fi 802.11 a/b/g/n/ac, dual-band",Yes,5.0,Type-C,Yes,"GPS, GLONASS, GALILEO, BDS","Accelerometer, proximity, compass",8150,10,,No,,,140.0,,,,,,,,Black,,,,"Wireless FM radio, RDS, recording"
Ulefone,Ulefone Note 15,https://www.gsmarena.com/ulefone_note_15-12378.php,https://fdn2.gsmarena.com/vv/bigpic/ulefone-note-15.jpg,GSM / HSPA,No,"2023, June 18","Available. Released 2023, June 18",157.2 x 75.3 x 8.9 mm (6.19 x 2.96 x 0.35 in),179.0,,,Nano-SIM + Nano-SIM,IPS LCD,,6.22,720x1600,282,78.9,,Android 12 (Go edition),Mediatek MT6580A/WVP (28 nm),28,Quad-core 1.3 GHz Cortex-A7,Mali-400,2,2,32,32,,8.0,2,,No,,No,"LED flash, HDR, panorama",720p@30fps,5.0,No,,720p@30fps,Wi-Fi 802.11 b/g/n,No,4.0,Type-C,Yes,GPS,"Accelerometer, proximity",4000,,,No,,,80.0,,,,,,,,"Sunset Purple, Diamond Blue, Twilight Black",,,,"Stereo FM radio, RDS, recording"
Ulefone,Ulefone Note 16 Pro,https://www.gsmarena.com/ulefone_note_16_pro-12361.php,https://fdn2.gsmarena.com/vv/bigpic/ulefone-note16-pro.jpg,GSM / HSPA / LTE,No,"2023, May 30","Available. Released 2023, May 30",165 x 76.4 x 8.7 mm (6.50 x 3.01 x 0.34 in),184.0,,,Nano-SIM + Nano-SIM,IPS LCD,,6.52,720x1600,269,81.4,Mohs level 4,Android 13,Unisoc T606 (12 nm),12,Octa-core (2x1.6 GHz Cortex-A75 & 6x1.6 GHz Cortex-A55),Mali-G57 MP1,4,8,128,256,,50.0,2,1.8,No,,No,"LED flash, HDR, panorama",1080p@30fps,8.0,No,,1080p@30fps,"Wi-Fi 802.11 a/b/g/n/ac, dual-band",No,5.0,Type-C,Yes,"GPS, GLONASS, GALILEO, BDS","Fingerprint (side-mounted), accelerometer, proximity, compass",4400,10,,No,,,,,,,,,,,"Midnight Violet, Serenity Blue, Meteorite Black",,,,"Stereo FM radio, RDS, recording"
Ulefone,Ulefone Armor 21,https://www.gsmarena.com/ulefone_armor_21-12360.php,https://fdn2.gsmarena.com/vv/bigpic/ulefone-armor21.jpg,GSM / HSPA / LTE,No,"2023, May 30","Available. Released 2023, May 30",176 x 81.6 x 18.1 mm (6.93 x 3.21 x 0.71 in),400.0,,IP68,Nano-SIM + Nano-SIM,"IPS LCD, 120Hz",120,6.58,1080x2408,401,72.6,Mohs level 4,Android 13,Mediatek Helio G99 (6 nm),6,Octa-core (2x2.2 GHz Cortex-A76 & 6x2.0 GHz Cortex-A55),Mali-G57 MC2,8,8,256,256,,64.0,2,1.9,No,,Yes,"LED flash, HDR, panorama","4K@30fps, 1080p@30fps",16.0,No,,1080p@30fps,"Wi-Fi 802.11 a/b/g/n/ac, dual-band",Yes,5.2,Type-C,Yes,"GPS, GLONASS, GALILEO, BDS","Fingerprint (side-mounted), accelerometer, proximity, compass, gyro, barometer",9600,33,,No,,,250.0,,,,,,,,Black,,,,"Stereo FM radio, RDS, recording"
Ulefone,Ulefone Armor Pad,https://www.gsmarena.com/ulefone_armor_pad-12196.php,https://fdn2.gsmarena.com/vv/bigpic/ulefone-armor-pad.jpg,GSM / HSPA / LTE,No,"2023, March 22","Available. Released 2023, March 22",213 x 128.8 x 14 mm (8.39 x 5.07 x 0.55 in),560.0,,IP68,Nano-SIM + Nano-SIM,IPS LCD,,8.0,800x1280,189,67.6,Mohs level 4,Android 12,Mediatek MT6762 Helio G25 (12 nm),12,Octa-core (4x2.0 GHz Cortex-A53 & 4x1.5 GHz Cortex-A53),PowerVR GE8320,4,4,64,64,,13.0,1,2.2,No,,No,"LED flash, HDR, panorama",1080p@30fps,5.0,No,,Yes,"Wi-Fi 802.11 a/b/g/n/ac, dual-band",No,5.2,Type-C,Yes,"GPS, GLONASS, GALILEO, BDS","Fingerprint (side-mounted), accelerometer, proximity, compass",7650,18,,No,,,200.0,,,,,,,,Black,,,,"Wireless FM radio, RDS, recording"
Ulefone,Ulefone Power Armor 20WT,https://www.gsmarena.com/ulefone_power_armor_20wt-12195.php,https://fdn2.gsmarena.com/vv/bigpic/ulefone-power-armor-20wt.jpg,GSM / CDMA / HSPA / CDMA2000 / LTE,No,"2023, March 08","Available. Released 2023, March 08",164.8 x 79.2 x 18.1 mm (6.49 x 3.12 x 0.71 in),382.0,,IP68,Nano-SIM + Nano-SIM,IPS LCD,,5.65,1080x2160,427,63.1,Gorilla Glass 5,Android 12,Mediatek Helio G99 (6 nm),6,Octa-core (2x2.2 GHz Cortex-A76 & 6x2.0 GHz Cortex-A55),Mali-G57 MC2,12,12,256,256,,50.0,1,2.2,No,,No,"Dual-LED flash, HDR, panorama",1080p@30fps,16.0,No,,1080p@30fps,"Wi-Fi 802.11 a/b/g/n/ac/6, dual-band",Yes,5.2,Type-C,No,"GPS, GLONASS, GALILEO, BDS","Fingerprint (side-mounted), accelerometer, proximity, compass, gyro, barometer",10850,33,,No,,,330.0,,,,,,,,Black,,,,"Wireless FM radio, RDS, recording"
Ulefone,Ulefone Power Armor 19T,https://www.gsmarena.com/ulefone_power_armor_19t-12194.php,https://fdn2.gsmarena.com/vv/bigpic/ulefone-power-armor-19t-.jpg,GSM / CDMA / HSPA / CDMA2000 / LTE,No,"2023, March 06","Available. Released 2023, March 06",175.2 x 83.4 x 18.8 mm (6.90 x 3.28 x 0.74 in),409.0,,IP68,Nano-SIM + Nano-SIM,"IPS LCD, 120Hz",120,6.58,1080x2408,401,71.4,Gorilla Glass 5,Android 12,Mediatek Helio G99 (6 nm),6,Octa-core (2x2.2 GHz Cortex-A76 & 6x2.0 GHz Cortex-A55),Mali-G57 MC2,12,12,256,256,,108.0,3,1.9,No,1/1.52,No,"Hexa-LED flash, HDR, panorama","1440p@30fps, 1080p@30fps",16.0,No,,1080p@30fps,"Wi-Fi 802.11 a/b/g/n/ac, dual-band",Yes,5.2,Type-C,Yes,"GPS, GLONASS, GALILEO, BDS","Fingerprint (side-mounted), accelerometer, gyro, proximity, compass",9600,66,15,No,,,440.0,,,,,,,,Black,,,,"Wireless FM radio, RDS, recording"
Ulefone,Ulefone Power Armor 18,https://www.gsmarena.com/ulefone_power_armor_18-12081.php,https://fdn2.gsmarena.com/vv/bigpic/ulefone-armor-18.jpg,GSM / CDMA / HSPA / CDMA2000 / LTE / 5G,Yes,"2022, December 05","Available. Released 2022, December 05",175.2 x 83.4 x 18.8 mm (6.90 x 3.28 x 0.74 in),409.0,,IP68,Nano-SIM + Nano-SIM,"IPS LCD, 120Hz",120,6.58,1080x2408,401,71.4,Gorilla Glass 5,Android 12,Mediatek Dimensity 900 (6 nm),6,Octa-core (2x2.4 GHz Cortex-A78 & 6x2.0 GHz Cortex-A55),Mali-G68 MC4,12,12,256,256,,108.0,3,1.9,No,1/1.52,Yes,"Hexa-LED flash, HDR, panorama","4K@30fps, 1080p@30fps",32.0,No,,1080p@30fps,"Wi-Fi 802.11 a/b/g/n/ac/6, dual-band",Yes,5.0,Type-C,Yes,"GPS (L1+L5), GLONASS, GALILEO, BDS, NavIC","Fingerprint (side-mounted), accelerometer, gyro, proximity, compass, barometer, thermometer",9600,66,15,No,,,400.0,,,,,,,,Black,,,,"Wireless FM radio, RDS, recording"
Ulefone,Ulefone Note 14,https://www.gsmarena.com/ulefone_note_14-12080.php,https://fdn2.gsmarena.com/vv/bigpic/ulefone-note-14.jpg,GSM / HSPA / LTE,No,"2022, September 29","Available. Released 2022, September 29",164.8 x 76 x 9 mm (6.49 x 2.99 x 0.35 in),189.0,,,Nano-SIM + Nano-SIM,IPS LCD,,6.52,720x1600,269,81.9,,Android 12,Mediatek MT6761 Helio A22 (12 nm),12,Quad-core 2.0 GHz Cortex-A53,PowerVR GE8300,3,4,16,64,eMMC 5.1,13.0,2,2.0,No,,No,"LED flash, HDR, panorama",1080p@30fps,5.0,No,,1080p@30fps,"Wi-Fi 802.11 a/b/g/n/ac, dual-band",No,5.0,Type-C,Yes,"GPS, GLONASS, GALILEO, BDS","Fingerprint (side-mounted), accelerometer, proximity",4500,,,No,,,100.0,,,,,,,,"Midnight Black, Mint Green, Lavender Purple",,,,"Stereo FM radio, RDS, recording"
Ulefone,Ulefone Power Armor 19,https://www.gsmarena.com/ulefone_power_armor_19-12077.php,https://fdn2.gsmarena.com/vv/bigpic/ulefone-power-armor-19.jpg,GSM / CDMA / HSPA / CDMA2000 / LTE,No,"2022, December 27","Available. Released 2022, December 27",175.2 x 83.4 x 18.8 mm (6.90 x 3.28 x 0.74 in),409.0,,IP68,Nano-SIM + Nano-SIM,"IPS LCD, 120Hz",120,6.58,1080x2408,401,71.4,Gorilla Glass 5,Android 12,Mediatek Helio G99 (6 nm),6,Octa-core (2x2.2 GHz Cortex-A76 & 6x2.0 GHz Cortex-A55),Mali-G57 MC2,12,12,256,256,,108.0,3,1.9,No,1/1.52,No,"Hexa-LED flash, HDR, panorama",1440p@30fps,16.0,No,,1080p@30fps,"Wi-Fi 802.11 a/b/g/n/ac/6, dual-band",Yes,5.2,Type-C,Yes,"GPS, GLONASS, GALILEO, BDS","Fingerprint (side-mounted), accelerometer, gyro, proximity, compass, barometer, thermometer",9600,66,15,No,,,400.0,,,,,,,,Black,,,,"Wireless FM radio, RDS, recording"
Ulefone,Ulefone Tab A8,https://www.gsmarena.com/ulefone_tab_a8-12078.php,https://fdn2.gsmarena.com/vv/bigpic/ulefone-tab-a8-.jpg,GSM / HSPA / LTE,No,"2023, January 11","Available. Released 2023, January 11",238.7 x 157.5 x 7.4 mm (9.40 x 6.20 x 0.29 in),483.0,,,Nano-SIM + Nano-SIM,IPS LCD,,10.1,1200x1920,224,78.7,,Android 12,Mediatek MT6762V/WD (12 nm),12,Octa-core 2.0 GHz Cortex-A53,PowerVR GE8320,4,4,64,64,eMMC 5.1,13.0,1,2.0,No,,No,"LED flash, HDR, panorama",1080p@30fps,5.0,No,,1080p@30fps,"Wi-Fi 802.11 a/b/g/n/ac, dual-band",No,5.0,Type-C,Yes,"GPS, GLONASS, GALILEO, BDS","Accelerometer, proximity",6580,10,,No,,,180.0,,,,,,,,Gray,,,,"FM radio, RDS, recording"
Ulefone,Ulefone Power Armor 18T,https://www.gsmarena.com/ulefone_power_armor_18t-11966.php,https://fdn2.gsmarena.com/vv/bigpic/ulefone-armor-18t.jpg,GSM / CDMA / HSPA / CDMA2000 / LTE / 5G,Yes,"2022, October 31","Available. Released 2022, October 31",175.2 x 83.4 x 18.8 mm (6.90 x 3.28 x 0.74 in),409.0,,IP68,Nano-SIM + Nano-SIM,"IPS LCD, 120Hz",120,6.58,1080x2408,401,71.4,Gorilla Glass 5,Android 12,Mediatek Dimensity 900 (6 nm),6,Octa-core (2x2.4 GHz Cortex-A78 & 6x2.0 GHz Cortex-A55),Mali-G68 MC4,12,12,256,256,,108.0,3,1.9,No,1/1.52,Yes,"Hexa-LED flash, HDR, panorama","4K@30fps, 1080p@30fps",32.0,No,,1080p@30fps,"Wi-Fi 802.11 a/b/g/n/ac/6, dual-band",Yes,5.0,Type-C,Yes,"GPS (L1+L5), GLONASS, GALILEO, BDS, NavIC","Fingerprint (side-mounted), accelerometer, gyro, proximity, compass, barometer",9600,66,15,No,,,640.0,,,,,,,,Black,,,,"Wireless FM radio, RDS, recording"
Ulefone,Ulefone Armor 17 Pro,https://www.gsmarena.com/ulefone_armor_17_pro-11965.php,https://fdn2.gsmarena.com/vv/bigpic/ulefone-armor-17-pro.jpg,GSM / HSPA / LTE,No,"2022, October 31","Available. Released 2022, October 31",172.7 x 80.4 x 12.5 mm (6.80 x 3.17 x 0.49 in),290.0,,IP68,Nano-SIM + Nano-SIM,"IPS LCD, 120Hz",120,6.58,1080x2408,401,75.1,Gorilla Glass 5,Android 12,Mediatek Helio G99 (6 nm),6,Octa-core (2x2.2 GHz Cortex-A76 & 6x2.0 GHz Cortex-A55),Mali-G57 MC2,8,8,256,256,,108.0,3,1.9,No,1/1.52,No,"Triple-LED flash, HDR, panorama","1440p@30fps, 1080p@30fps",16.0,No,,1080p@30fps,"Wi-Fi 802.11 a/b/g/n/ac, dual-band",Yes,5.2,Type-C,Yes,"GPS, GLONASS, GALILEO, BDS","Fingerprint (side-mounted), accelerometer, gyro, proximity, compass",5380,66,15,No,,,260.0,,,,,,,,Black,,,,"Wireless FM radio, RDS, recording"
Ulefone,Ulefone Power Armor 16 Pro,https://www.gsmarena.com/ulefone_power_armor_16_pro-11897.php,https://fdn2.gsmarena.com/vv/bigpic/ulefone-power-armor-16-pro.jpg,GSM / HSPA / LTE,No,"2022, September 16","Available. Released 2022, September 16",173.4 x 83.4 x 18.3 mm (6.83 x 3.28 x 0.72 in),405.0,,IP68,Nano-SIM + Nano-SIM,IPS LCD,,5.93,720x1440,271,62.8,,Android 12,Mediatek MT6762G Helio G25 (12 nm),12,Octa-core (4x2.0 GHz Cortex-A53 & 4x1.5 GHz Cortex-A53),PowerVR GE8320,4,4,64,64,eMMC 5.1,16.0,2,1.8,No,,No,"LED flash, HDR, panorama",1080p@30fps,8.0,No,,1080p@30fps,"Wi-Fi 802.11 a/b/g/n/ac, dual-band",Yes,5.0,Type-C,Yes,"GPS, GLONASS, GALILEO, BDS","Fingerprint (side-mounted), accelerometer, proximity, compass",9600,18,,No,,,220.0,,,,,,,,"Black, Black/Orange",,,,"Wireless FM radio, RDS, recording"
Ulefone,Ulefone Power Armor X11 Pro,https://www.gsmarena.com/ulefone_power_armor_x11_pro-11896.php,https://fdn2.gsmarena.com/vv/bigpic/ulefone-power-armor-x11-pro.jpg,GSM / HSPA / LTE,No,"2022, September 16","Available. Released 2022, September 16",158.2 x 76.7 x 19.3 mm (6.23 x 3.02 x 0.76 in),330.0,,IP68,Nano-SIM + Nano-SIM,IPS LCD,,5.45,720x1440,295,63.2,,Android 12,Mediatek MT6762G Helio G25 (12 nm),12,Octa-core (4x2.0 GHz Cortex-A53 & 4x1.5 GHz Cortex-A53),PowerVR GE8320,4,4,64,64,eMMC 5.1,16.0,2,1.8,No,,No,"Dual-LED flash, HDR, panorama",1080p@30fps,5.0,No,,1080p@30fps,"Wi-Fi 802.11 a/b/g/n/ac, dual-band",Yes,5.0,Type-C,Yes,"GPS, GLONASS, GALILEO, BDS","Accelerometer, proximity, compass",8150,,,No,,,170.0,,,,,,,,Black,,,,"FM radio, RDS, recording"
Ulefone,Ulefone Armor 15,https://www.gsmarena.com/ulefone_armor_15-11756.php,https://fdn2.gsmarena.com/vv/bigpic/ulefone-armor15.jpg,GSM / HSPA / LTE,No,"2022, July 27","Available. Released 2022, August 10",170.2 x 79.6 x 18.2 mm (6.70 x 3.13 x 0.72 in),346.0,,IP68,Nano-SIM + Nano-SIM,IPS LCD,,5.45,720x1440,295,56.6,,Android 12,Mediatek MT6765G Helio G35 (12 nm),12,Octa-core (4x2.3 GHz Cortex-A53 & 4x1.8 GHz Cortex-A53),PowerVR GE8320,6,6,128,128,,12.0,2,1.8,No,,No,"LED flash, HDR, panorama",1080p@30fps,16.0,No,,1080p@30fps,"Wi-Fi 802.11 a/b/g/n/ac, dual-band",Yes,5.0,Type-C,No,"GPS, GLONASS, BDS, GALILEO","Fingerprint (side-mounted), accelerometer, proximity, gyro, compass",6600,18,,No,,,300.0,,,,,,,,"Meteorite Black, Tech Blue, Sport Red",,,,"Stereo FM radio, RDS, recording"
Ulefone,Ulefone Armor X6 Pro,https://www.gsmarena.com/ulefone_armor_x6_pro-11714.php,https://fdn2.gsmarena.com/vv/bigpic/ulefone-armor-x6-pro.jpg,GSM / HSPA / LTE,No,"2022, July 16","Available. Released 2022, July 16",150 x 78.9 x 14.4 mm (5.91 x 3.11 x 0.57 in),227.0,,IP68,Nano-SIM + Nano-SIM,IPS LCD,,5.0,720x1280,294,58.2,,Android 12,Mediatek MT6761 Helio A22 (12 nm),12,Quad-core 2.0 GHz Cortex-A53,PowerVR GE8320,4,4,32,32,eMMC 5.1,13.0,1,2.2,No,,No,Dual-LED flash,1080p@30fps,5.0,No,,720p@30fps,"Wi-Fi 802.11 a/b/g/n/ac, dual-band",Yes,5.0,Micro-USB,Yes,"GPS, GLONASS, BDS, GALILEO","Accelerometer, proximity, compass",4000,,,No,,,,,,,,,,,"Black, Orange",,,,"Stereo FM radio, RDS, recording"
Ulefone,Ulefone Note 12,https://www.gsmarena.com/ulefone_note_12-11680.php,https://fdn2.gsmarena.com/vv/bigpic/ulefone-note12.jpg,GSM / HSPA / LTE,No,"2022, July","Available. Released 2022, July",173.6 x 79.1 x 10.2 mm (6.83 x 3.11 x 0.40 in),237.0,,,Nano-SIM + Nano-SIM,IPS LCD,,6.82,720x1640,263,80.4,,Android 11,Unisoc Tiger T310 (12 nm),12,Quad-core (1x2.0 GHz Cortex-A75 & 3x1.8 GHz Cortex-A55),PowerVR GE8300,4,4,128,128,,13.0,3,,No,,No,"LED flash, HDR, panorama",1080p@30fps,8.0,No,HDR,Yes,Wi-Fi 802.11 b/g/n,No,4.2,Type-C,Yes,"GPS, GLONASS, BDS","Fingerprint (side-mounted), accelerometer, proximity",7700,10,,No,,,,,,,,,,,"Black, Red, Blue",,,,"Stereo FM radio, RDS, recording"
Ulefone,Ulefone Note 6T,https://www.gsmarena.com/ulefone_note_6t-11537.php,https://fdn2.gsmarena.com/vv/bigpic/ulefone-note6t.jpg,GSM / HSPA / LTE,No,"2022, May 13","Available. Released 2022, May 13",155.4 x 73.4 x 8.5 mm (6.12 x 2.89 x 0.33 in),163.0,,,Nano-SIM + Nano-SIM,IPS LCD,,6.1,720x1560,282,80.1,,Android 12,Mediatek MT6761 Helio A22 (12 nm),12,Quad-core 2.0 GHz Cortex-A53,PowerVR GE8320,3,3,64,64,eMMC 5.1,13.0,2,,No,,No,LED flash,1080p@30fps,5.0,No,,Yes,"Wi-Fi 802.11 a/b/g/n/ac, dual-band, Wi-Fi Direct",No,5.0,Micro-USB,Yes,"GPS, GLONASS, GALILEO, BDS","Accelerometer, proximity",3300,,,No,,,,,,,,,,,"Black, Green, Purple, Red",,,,"Stereo FM radio, RDS, recording"
Ulefone,Ulefone Power Armor 14 Pro,https://www.gsmarena.com/ulefone_power_armor_14_pro-11440.php,https://fdn2.gsmarena.com/vv/bigpic/ulefone-power-armor-14-pro-.jpg,GSM / HSPA / LTE,No,"2022, March 09","Available. Released 2022, March 09",175.6 x 82.5 x 17.2 mm (6.91 x 3.25 x 0.68 in),358.2,,IP68,Nano-SIM + Nano-SIM,IPS LCD,,6.52,720x1600,269,70.8,Gorilla Glass 3,Android 12,Mediatek MT6769Z Helio G85 (12 nm),12,Octa-core (2x2.0 GHz Cortex-A75 & 6x1.8 GHz Cortex-A55),Mali-G52 MC2,6,8,128,128,eMMC 5.1,20.0,3,1.8,No,1/2.78,No,"LED flash, HDR, panorama",1080p@30fps,16.0,No,"HDR, panorama",1080p@30fps,"Wi-Fi 802.11 a/b/g/n/ac, dual-band",Yes,5.0,Type-C,Yes,"GPS, GLONASS, GALILEO, BDS","Fingerprint (side-mounted), accelerometer, proximity, compass",10000,18,15,No,,,260.0,,,,,,,,Black,,,,"FM radio, RDS, recording"
Ulefone,Ulefone Armor X10 Pro,https://www.gsmarena.com/ulefone_armor_x10_pro-11441.php,https://fdn2.gsmarena.com/vv/bigpic/ulefone-armor-x10-pro.jpg,GSM / HSPA / LTE,No,"2022, March 10","Available. Released 2022, March 10",158.2 x 76.7 x 14.6 mm (6.23 x 3.02 x 0.57 in),256.0,,IP68,Nano-SIM + Nano-SIM,IPS LCD,,5.45,720x1440,295,63.2,,Android 11,Mediatek MT6762 Helio P22 (12 nm),12,Octa-core 2.0 GHz Cortex-A53,PowerVR GE8320,4,4,64,64,eMMC 5.1,20.0,2,1.8,No,1/2.78,No,Dual-LED flash,1080p@30fps,5.0,No,HDR,1080p@30fps,"Wi-Fi 802.11 a/b/g/n/ac, dual-band, Wi-Fi Direct",Yes,5.0,Type-C,Yes,"GPS, GLONASS, GALILEO, BDS","Accelerometer, proximity, compass",5180,10,,No,,,170.0,,,,,,,,Black/Gray,,,,"FM radio, RDS, recording"
Ulefone,Ulefone Note 10P,https://www.gsmarena.com/ulefone_note_10p-11442.php,https://fdn2.gsmarena.com/vv/bigpic/ulefone-note-10p.jpg,GSM / HSPA / LTE,No,"2022, March 23","Available. Released 2022, March 23",165.2 x 76.7 x 9.7 mm (6.50 x 3.02 x 0.38 in),203.0,Plastic,,Nano-SIM + Micro-SIM,IPS LCD,,6.52,720x1600,269,81.0,,Android 11,Unisoc Tiger T310 (12 nm),12,Quad-core (1x2.0 GHz Cortex-A75 & 3x1.8 GHz Cortex-A55),PowerVR GE8300,3,3,128,128,eMMC 5.1,13.0,3,2.0,No,,No,LED flash,1080p@30fps,8.0,No,,,Wi-Fi 802.11 b/g/n,No,5.0,Micro-USB,Yes,"GPS, GLONASS","Fingerprint (rear-mounted), accelerometer, proximity",5500,10,,No,,,110.0,,,,,,,,"Moonlight Black, Aurora Red, Emerald Green",,,,"Stereo FM radio, RDS, recording"
Ulefone,Ulefone Armor X10,https://www.gsmarena.com/ulefone_armor_x10-11291.php,https://fdn2.gsmarena.com/vv/bigpic/ulefone-armor-x10.jpg,GSM / HSPA / LTE,No,"2021, December 24","Available. Released 2021, December 24",158.2 x 76.7 x 14.6 mm (6.23 x 3.02 x 0.57 in),256.0,,IP68,Nano-SIM + Nano-SIM,IPS LCD,,5.45,720x1440,295,63.2,,Android 11,Mediatek MT6761 Helio A22 (12 nm),12,Quad-core 2.0 GHz Cortex-A53,PowerVR GE8320,4,4,32,32,eMMC 5.1,13.0,2,2.2,No,,No,Dual-LED flash,1080p@30fps,5.0,No,HDR,1080p@30fps,"Wi-Fi 802.11 a/b/g/n/ac, Wi-Fi Direct",Yes,5.0,Type-C,Yes,"GPS, GLONASS, GALILEO, BDS","Accelerometer, proximity, compass",5180,10,,No,,,130.0,,,,,,,,Black/Gray,,,,"FM radio, RDS, recording"
Ulefone,Ulefone Note 13P,https://www.gsmarena.com/ulefone_note_13p-11245.php,https://fdn2.gsmarena.com/vv/bigpic/ulefone-note-13p.jpg,GSM / HSPA / LTE,No,"2021, November 24","Available. Released 2021, November 24",162.3 x 75.7 x 9.9 mm (6.39 x 2.98 x 0.39 in),198.5,,,Nano-SIM + Nano-SIM,IPS LCD,,6.5,1080x2400,405,83.0,,Android 11,Mediatek MT6765G Helio G35 (12 nm),12,Octa-core (4x2.3 GHz Cortex-A53 & 4x1.8 GHz Cortex-A53),PowerVR GE8320,4,4,64,64,eMMC 5.1,20.0,2,1.8,No,1/2.78,No,"LED flash, HDR, panorama",1080p@30fps,16.0,No,HDR,1080p@30fps,"Wi-Fi 802.11 a/b/g/n/ac, dual-band",Yes,5.0,Type-C,Yes,"GPS, GLONASS, GALILEO, BDS","Fingerprint (side-mounted), accelerometer, proximity, compass",5180,10,,No,,,130.0,,,,,,,,"Starry Black, Mystery Blue",,,,"Stereo FM radio, RDS, recording"
Ulefone,Ulefone Note 12P,https://www.gsmarena.com/ulefone_note_12p-11184.php,https://fdn2.gsmarena.com/vv/bigpic/ulefone-note-12p.jpg,GSM / HSPA / LTE,No,"2021, October 25","Available. Released 2021, October 25",173.6 x 79.1 x 10.2 mm (6.83 x 3.11 x 0.40 in),237.0,,,Nano-SIM + Nano-SIM,IPS LCD,,6.82,720x1640,263,80.4,,Android 11,Unisoc SC9863A (28 nm),28,Octa-core (4x1.6 GHz Cortex-A55 & 4x1.2 GHz Cortex-A55),IMG8322,4,4,64,64,eMMC 5.1,13.0,3,,No,,No,"LED flash, HDR, panorama",1080p@30fps,8.0,No,HDR,720p@30fps,Wi-Fi 802.11 b/g/n,No,4.2,Type-C,Yes,"GPS, GLONASS, BDS","Fingerprint (side-mounted), accelerometer, proximity",7700,10,,No,,,130.0,,,,,,,,"Black, Red, Blue",,,,"Stereo FM radio, RDS, recording"
Ulefone,Ulefone Note 6P,https://www.gsmarena.com/ulefone_note_6p-11183.php,https://fdn2.gsmarena.com/vv/bigpic/ulefone-note-6p.jpg,GSM / HSPA / LTE,No,"2021, October 25","Available. Released 2021, October 25",155.4 x 73.4 x 8.5 mm (6.12 x 2.89 x 0.33 in),155.0,,,Nano-SIM + Nano-SIM,IPS LCD,,6.1,720x1560,282,80.1,,Android 11 (Go edition),Unisoc SC9863A (28 nm),28,Octa-core (4x1.6 GHz Cortex-A55 & 4x1.2 GHz Cortex-A55),IMG8322,2,2,32,32,eMMC 5.1,8.0,1,,No,,No,LED flash,1080p@30fps,5.0,No,,,Wi-Fi 802.11 b/g/n,No,4.2,Micro-USB,Yes,"GPS, GLONASS, BDS","Accelerometer, proximity",3300,,,No,,,90.0,,,,,,,,"Black, Green, Purple, Red",,,,"Stereo FM radio, RDS, recording"
Ulefone,Ulefone Power Armor 14,https://www.gsmarena.com/ulefone_power_armor_14-11170.php,https://fdn2.gsmarena.com/vv/bigpic/ulefone-power-armor-14.jpg,GSM / HSPA / LTE,No,"2021, October 15","Available. Released 2021, October 15",175.6 x 82.5 x 17.2 mm (6.91 x 3.25 x 0.68 in),358.2,,IP68,Nano-SIM + Nano-SIM,IPS LCD,,6.52,720x1600,269,70.8,Gorilla Glass 3,Android 11,Mediatek MT6765G Helio G35 (12 nm),12,Octa-core (4x2.3 GHz Cortex-A53 & 4x1.8 GHz Cortex-A53),PowerVR GE8320,4,4,64,64,eMMC 5.1,20.0,3,1.8,No,1/2.78,No,"LED flash, HDR, panorama",1080p@30fps,16.0,No,"HDR, panorama",1080p@30fps,"Wi-Fi 802.11 a/b/g/n/ac, dual-band",Yes,5.0,Type-C,Yes,"GPS, GLONASS, GALILEO, BDS","Fingerprint (side-mounted), accelerometer, proximity, compass",10000,18,15,No,,,230.0,,,,,,,,Black,,,,"FM radio, RDS, recording"
Ulefone,Ulefone Armor X9 Pro,https://www.gsmarena.com/ulefone_armor_x9_pro-11155.php,https://fdn2.gsmarena.com/vv/bigpic/ulefone-armor-x9-pro.jpg,GSM / HSPA / LTE,No,"2021, September 07","Available. Released 2021, September 07",158 x 77.5 x 13.9 mm (6.22 x 3.05 x 0.55 in),235.0,,IP68,Nano-SIM + Nano-SIM,IPS LCD,,5.5,720x1440,293,63.8,,Android 11,Mediatek MT6762D Helio A25 (12 nm),12,Octa-core (4x1.8 GHz Cortex-A53 & 4x1.5 GHz Cortex-A53),PowerVR GE8320,4,4,64,64,eMMC 5.1,13.0,2,2.2,No,,No,"Dual-LED flash, HDR, panorama",1080p@30fps,5.0,No,HDR,1080p@30fps,"Wi-Fi 802.11 a/b/g/n/ac, Wi-Fi Direct",Yes,5.0,Micro-USB,Yes,"GPS, GLONASS, GALILEO, BDS","Accelerometer, proximity, compass",5000,10,,No,,,160.0,,,,,,,,"Red, Black, Green",,,,"FM radio, RDS, recording"
Ulefone,Ulefone Armor X9,https://www.gsmarena.com/ulefone_armor_x9-11154.php,https://fdn2.gsmarena.com/vv/bigpic/ulefone-armor-x9.jpg,GSM / HSPA / LTE,No,"2021, September 07","Available. Released 2021, September 07",158 x 77.5 x 13.9 mm (6.22 x 3.05 x 0.55 in),235.0,,IP68,Nano-SIM + Nano-SIM,IPS LCD,,5.5,720x1440,293,63.8,,Android 11,Mediatek MT6762D Helio A25 (12 nm),12,Octa-core (4x1.8 GHz Cortex-A53 & 4x1.5 GHz Cortex-A53),PowerVR GE8320,3,3,32,32,eMMC 5.1,13.0,2,2.2,No,,No,"Dual-LED flash, HDR, panorama",1080p@30fps,5.0,No,HDR,1080p@30fps,"Wi-Fi 802.11 a/b/g/n/ac, Wi-Fi Direct",Yes,5.0,Micro-USB,Yes,"GPS, GLONASS, GALILEO, BDS","Accelerometer, proximity, compass",5000,10,,No,,,150.0,,,,,,,,"Red, Black, Green",,,,"FM radio, RDS, recording"
Ulefone,Ulefone Armor X8i,https://www.gsmarena.com/ulefone_armor_x8i-11130.php,https://fdn2.gsmarena.com/vv/bigpic/ulefone-armor-x81.jpg,GSM / HSPA / LTE,No,"2021, September 23","Available. Released 2021, September 23",160.3 x 79 x 13.8 mm (6.31 x 3.11 x 0.54 in),256.0,,IP68,Nano-SIM + Nano-SIM,IPS LCD,,5.7,720x1440,282,66.2,,Android 11,Mediatek MT6762D Helio A25 (12 nm),12,Octa-core (4x1.8 GHz Cortex-A53 & 4x1.5 GHz Cortex-A53),PowerVR GE8320,3,3,32,32,eMMC 5.1,13.0,3,2.2,No,,No,"Dual-LED flash, HDR, panorama",1080p@30fps,8.0,No,,1080p@30fps,"Wi-Fi 802.11 a/b/g/n/ac, Wi-Fi Direct",Yes,5.0,Type-C,Yes,"GPS, GLONASS, GALILEO, BDS","Fingerprint (rear-mounted), accelerometer, proximity, compass",5080,10,,No,,,150.0,,,,,,,,"Black, Orange, Red",,,,"FM radio, RDS, recording"
Ulefone,Ulefone Armor 12 5G,https://www.gsmarena.com/ulefone_armor_12_5g-11080.php,https://fdn2.gsmarena.com/vv/bigpic/ulefone-armor-12.jpg,GSM / CDMA / HSPA / EVDO / LTE / 5G,Yes,"2021, August 14","Available. Released 2021, August 23",175.9 x 82.5 x 14.3 mm (6.93 x 3.25 x 0.56 in),296.0,Glass,IP68,Nano-SIM + Nano-SIM,IPS LCD,,6.52,720x1560,264,71.9,,Android 11,Mediatek Dimensity 700 (7 nm),7,Octa-core (2x2.2 GHz Cortex-A76 & 6x2.0 GHz Cortex-A55),Mali-G57 MC2,8,8,128,128,,48.0,4,1.8,No,1/2.0,No,"Dual-LED flash, HDR, panorama",1440p@30fps,16.0,No,"HDR, panorama",1080p@30fps,"Wi-Fi 802.11 a/b/g/n/ac, Wi-Fi Direct",Yes,5.1,Type-C,No,"GPS, GLONASS, GALILEO, BDS","Fingerprint (side-mounted), accelerometer, gyro, proximity, compass, coulombmeter",5180,18,15,No,,,370.0,,,,,,,,"Black/Orange, Gray/Black",,,,"Wireless FM radio, RDS"
Ulefone,Ulefone Power Armor 13,https://www.gsmarena.com/ulefone_power_armor_13-11066.php,https://fdn2.gsmarena.com/vv/bigpic/ulefone-power-armor-13-.jpg,GSM / HSPA / LTE,No,"2021, July 22","Available. Released 2021, July 26",183.7 x 85.4 x 20.8 mm (7.23 x 3.36 x 0.82 in),492.0,,IP68,Nano-SIM + Nano-SIM,IPS LCD,,6.81,1080x2400,386,71.4,Gorilla Glass 3,Android 11,Mediatek MT6785V/CD Helio G95 (12 nm),12,Octa-core (2x2.05 GHz Cortex-A76 & 6x2.0 GHz Cortex-A55),Mali-G76 MC4,8,8,256,256,,48.0,5,1.8,No,1/2.0,Yes,"Quad-LED flash, HDR, panorama","4K@30fps, 1080p@30fps",16.0,No,"HDR, panorama",1080p@30fps,"Wi-Fi 802.11 a/b/g/n/ac, dual-band",Yes,5.0,,Yes,"GPS, GLONASS, GALILEO, BDS","Fingerprint (side-mounted), accelerometer, gyro, proximity, compass, baroceptor, coulombmeter",13200,33,15,Yes,,,300.0,,,294194,1610,,401,-28.3,Black,,,,"FM radio, RDS, recording"
Ulefone,Ulefone Note 6,https://www.gsmarena.com/ulefone_note_6-11065.php,https://fdn2.gsmarena.com/vv/bigpic/ulefone-note6.jpg,GSM / HSPA,No,"2021, July 11","Available. Released 2021, July 11",155.4 x 73.4 x 8.5 mm (6.12 x 2.89 x 0.33 in),155.0,,,Nano-SIM + Micro-SIM,IPS LCD,,6.1,720x1560,282,80.1,,Android 11 (Go edition),Unisoc SC7731e,,Quad-core 1.3 GHz Cortex-A7,Mali-T820 MP1,1,1,32,32,eMMC 5.1,5.0,1,,No,,No,LED flash,1080p@30fps,2.0,No,,,Wi-Fi 802.11 b/g/n,No,4.2,Micro-USB,Yes,GPS,"Accelerometer, proximity",3300,,,No,,,,,,,,,,,"Black, Green, Purple, Red",,,,"Stereo FM radio, RDS, recording"
Ulefone,Ulefone Tab A7,https://www.gsmarena.com/ulefone_tab_a7-10994.php,https://fdn2.gsmarena.com/vv/bigpic/ulefone-tab-a7.jpg,GSM / HSPA / LTE,No,"2021, May 27","Available. Released 2021, May 27",243.6 x 162.4 x 7.9 mm (9.59 x 6.39 x 0.31 in),566.0,,,Nano-SIM + Nano-SIM,IPS LCD,,10.1,1200x1920,224,74.8,,Android 11,Unisoc SC9863A (28 nm),28,Octa-core (4x1.6 GHz Cortex-A55 & 4x1.2 GHz Cortex-A55),IMG8322,4,4,64,64,eMMC 5.1,13.0,1,,No,,Yes,"LED flash, HDR, panorama","4K@30fps, 1080p@30fps",5.0,No,,,"Wi-Fi 802.11 a/b/g/n/ac, dual-band",No,5.0,Type-C,Yes,"GPS, GLONASS, BDS","Accelerometer, proximity",7680,10,,No,,,130.0,,,,,,,,Space Gray,,,,"FM radio, RDS, recording"
Ulefone,Ulefone Armor 11T 5G,https://www.gsmarena.com/ulefone_armor_11t_5g-10974.php,https://fdn2.gsmarena.com/vv/bigpic/ulefone-armor-11t-5g.jpg,GSM / CDMA / HSPA / EVDO / LTE / 5G,Yes,"2021, May 29","Available. Released 2021, June 07",163.8 x 81.6 x 14.2 mm (6.45 x 3.21 x 0.56 in),293.0,Glass,IP68,Nano-SIM + Nano-SIM,IPS LCD,,6.1,720x1560,282,68.3,Oleophobic coating,Android 11,Mediatek Dimensity 800 (7 nm),7,Octa-core (4x2.0 GHz Cortex-A76 & 4x2.0 GHz Cortex-A55),Mali-G57 MP4,8,8,256,256,UFS 2.1,48.0,5,1.8,No,1/2.0,Yes,"Dual-LED dual-tone flash, HDR, panorama","4K@30fps, 1080p@30fps",16.0,No,"HDR, panorama",1080p@30fps,"Wi-Fi 802.11 a/b/g/n/ac, Wi-Fi Direct",Yes,5.0,Type-C,Yes,"GPS, GLONASS, GALILEO, BDS","Fingerprint (side-mounted), accelerometer, gyro, proximity, compass, baroceptor",5200,18,10,No,,,590.0,,,,,,,,Black,,,,"FM radio, RDS, recording"
Ulefone,Ulefone Armor 8 Pro,https://www.gsmarena.com/ulefone_armor_8_pro-10898.php,https://fdn2.gsmarena.com/vv/bigpic/ulefone-armor-8-pro.jpg,GSM / HSPA / LTE,No,"2021, April 28","Available. Released 2021, April 28",166 x 81.8 x 15 mm (6.54 x 3.22 x 0.59 in),282.0,Glass,IP68,Nano-SIM + Nano-SIM,IPS LCD,,6.1,720x1560,282,67.3,"Scratch-resistant glass, oleophobic coat",Android 11,Mediatek MT6771 Helio P60 (12 nm),12,Octa-core (4x2.0 GHz Cortex-A73 & 4x2.0 GHz Cortex-A53),Mali-G72 MP3,6,8,128,128,,16.0,3,2.2,No,,No,"LED flash, Panorama, HDR",1080p@30fps,8.0,No,,1080p@30fps,"Wi-Fi 802.11 a/b/g/n/ac, Wi-Fi Direct",Yes,4.2,Type-C,Yes,"GPS, GLONASS, GALILEO, BDS","Fingerprint (side-mounted), accelerometer, gyro, proximity, compass",5580,15,,No,,,190.0,,,,,,,,"Black, Orange, Red",,,,"FM radio, RDS, recording"
Ulefone,Ulefone Armor 11 5G,https://www.gsmarena.com/ulefone_armor_11_5g-10782.php,https://fdn2.gsmarena.com/vv/bigpic/ulefone-armor-11-5g.jpg,GSM / CDMA / HSPA / EVDO / LTE / 5G,Yes,"2021, February 18","Available. Released 2021, March 08",163.8 x 81.6 x 14.2 mm (6.45 x 3.21 x 0.56 in),295.0,Glass,IP68,Nano-SIM + Nano-SIM,IPS LCD,,6.1,720x1560,282,68.3,Oleophobic coating,"Android 10, planned upgrade to Android 11",Mediatek Dimensity 800 (7 nm),7,Octa-core (4x2.0 GHz Cortex-A76 & 4x2.0 GHz Cortex-A55),Mali-G57 MP4,8,8,256,256,UFS 2.1,48.0,5,1.8,No,1/2.0,Yes,"Dual-LED dual-tone flash, HDR, panorama","4K@30fps, 1080p@30fps",16.0,No,"HDR, panorama",1080p@30fps,"Wi-Fi 802.11 a/b/g/n/ac, Wi-Fi Direct",Yes,5.0,Type-C,Yes,"GPS, GLONASS, GALILEO, BDS","Fingerprint (side-mounted), accelerometer, gyro, proximity, compass, baroceptor",5200,18,10,No,,,480.0,,,,,,,,Black,,,,"FM radio, RDS, recording"
Ulefone,Ulefone Note 11P,https://www.gsmarena.com/ulefone_note_11p-10711.php,https://fdn2.gsmarena.com/vv/bigpic/ulefone-note-11p.jpg,GSM / HSPA / LTE,No,"2021, January 09","Available. Released 2021, March 08",166.9 x 77.2 x 10 mm (6.57 x 3.04 x 0.39 in),184.0,Glass,,Nano-SIM + Nano-SIM,IPS LCD,,6.55,720x1600,268,80.4,,Android 11,Mediatek MT6771 Helio P60 (12 nm),12,Octa-core (4x2.0 GHz Cortex-A73 & 4x2.0 GHz Cortex-A53),Mali-G72 MP3,8,8,128,128,,48.0,4,1.8,No,,No,Dual-LED flash,1080p@30fps,8.0,No,,1080p@30fps,"Wi-Fi 802.11 a/b/g/n/ac, dual-band, Wi-Fi Direct",No,5.0,Type-C,Yes,"GPS, GLONASS, BDS, GALILEO","Fingerprint (rear-mounted), accelerometer, gyro, proximity, compass",4500,10,,No,,,160.0,,,,,,,,"Black, Red, Green",,,,FM radio
Ulefone,Ulefone Note 10,https://www.gsmarena.com/ulefone_note_10-10710.php,https://fdn2.gsmarena.com/vv/bigpic/ulefone-note10.jpg,GSM / HSPA / LTE,No,"2021, January 21","Available. Released 2021, January 21",165.2 x 76.7 x 9.7 mm (6.50 x 3.02 x 0.38 in),203.0,Plastic,,Nano-SIM + Micro-SIM,IPS LCD,,6.52,720x1600,269,81.0,,Android 11 (Go edition),Unisoc SC9863A (28 nm),28,Octa-core (4x1.6 GHz Cortex-A55 & 4x1.2 GHz Cortex-A55),IMG8322,2,2,32,32,eMMC 5.1,8.0,3,2.0,No,,No,LED flash,1080p@30fps,8.0,No,,,Wi-Fi 802.11 b/g/n,No,4.2,Micro-USB,Yes,GPS,"Fingerprint (rear-mounted), accelerometer, proximity",5500,10,,No,,,120.0,,,,,,,,"Black, Red, Aurora Green",,,,Unspecified
Ulefone,Ulefone Armor Mini 2,https://www.gsmarena.com/ulefone_armor_mini_2-10702.php,https://fdn2.gsmarena.com/vv/bigpic/ulefone-armor-mini2-01.jpg,GSM,No,"2021, January 18","Available. Released 2021, January 29",138 x 62.5 x 16.6 mm (5.43 x 2.46 x 0.65 in),158.0,,IP68,Dual SIM,"TFT LCD, 256K colors",,2.4,240x320,167,20.7,Scratch-proof glass,,Mediatek MT6261D,,,,,,,,eMMC,0.3,1,,No,,No,LED flash,Yes,,No,,,No,No,2.4,Micro-USB,Yes,No,No,2100,,,No,,,40.0,,,,,,,,"Dark Gray, Camouflage",,,,"FM radio, built-in antenna"
Ulefone,Ulefone Note 7T,https://www.gsmarena.com/ulefone_note_7t-10678.php,https://fdn2.gsmarena.com/vv/bigpic/ulefone-note-7t.jpg,GSM / HSPA / LTE,No,"2020, November 12. Released 2020, November 12",Discontinued,156.1 x 73.7 x 9.7 mm (6.15 x 2.90 x 0.38 in),177.5,,,Dual SIM,IPS LCD,,6.1,600x1280,232,80.2,,Android 10,Mediatek MT6761 Helio A22 (12 nm),12,Octa-core 2.0 GHz Cortex-A53,PowerVR GE8320,2,2,16,16,eMMC 5.1,8.0,3,2.0,No,,No,LED flash,1080p@30fps,5.0,No,,,"Wi-Fi 802.11 a/b/g/n/ac, dual-band",No,5.0,Micro-USB,Yes,"GPS, GLONASS","Accelerometer, proximity",3500,,,No,,,,,,,,,,,"Twilight, Black, Midnight Green",,0.67 W/kg (head) 0.59 W/kg (body),,"Stereo FM radio, RDS, recording"
Ulefone,Ulefone Armor 10 5G,https://www.gsmarena.com/ulefone_armor_10_5g-10629.php,https://fdn2.gsmarena.com/vv/bigpic/ulefone-armor-10-5g.jpg,GSM / CDMA / HSPA / EVDO / LTE / 5G,Yes,"2020, November 17. Released 2020, December 07",Discontinued,176.5 x 82.8 x 14.6 mm (6.95 x 3.26 x 0.57 in),328.0,Glass,IP68,Nano-SIM + Nano-SIM,IPS LCD,,6.67,1080x2400,395,73.5,"Scratch-resistant glass, oleophobic coat","Android 10, planned upgrade to Android 11",Mediatek Dimensity 800 (7 nm),7,Octa-core (4x2.0 GHz Cortex-A76 & 4x2.0 GHz Cortex-A55),Mali-G57 MP4,8,8,128,128,,64.0,4,1.9,No,1/1.72,Yes,"LED flash, Panorama, HDR","4K@30fps, 1080p@30fps",16.0,No,,1080p@30fps,"Wi-Fi 802.11 a/b/g/n/ac, Wi-Fi Direct",Yes,5.2,Type-C,Yes,"GPS, GLONASS, GALILEO, BDS","Fingerprint (side-mounted), accelerometer, gyro, proximity, compass, baroceptor, coulombmeter",5800,15,15,No,,,420.0,,,,,,,,Black,,,,"FM radio, RDS, recording"
Ulefone,Ulefone Watch Pro,https://www.gsmarena.com/ulefone_watch_pro-10563.php,https://fdn2.gsmarena.com/vv/bigpic/ulefone-watch-pro.jpg,No cellular connectivity,No,"2020, October 27. Released 2020, October 27",Discontinued,48.7 x 36.1 x 12.2 mm (1.92 x 1.42 x 0.48 in),40.0,Glass,,No,TFT LCD,,1.55,320x360,311,,,Proprietary OS,,,,,,,,,,,,,No,,No,,,,No,,,No,No,5.2,No,No,No,"Accelerometer, gyro, heart rate, SpO2",210,,,No,,,50.0,,,,,,,,"Black, Gray, Pink",,,,No
Ulefone,Ulefone Watch GPS,https://www.gsmarena.com/ulefone_watch_gps-10562.php,https://fdn2.gsmarena.com/vv/bigpic/ulefone-watch-gps.jpg,No cellular connectivity,No,"2020, October 27. Released 2020, October 27",Discontinued,42 x 37 x 12 mm (1.65 x 1.46 x 0.47 in),35.0,Glass,,No,TFT LCD,,1.3,240x240,261,,,Proprietary OS,,,,,,,,,,,,,No,,No,,,,No,,,No,No,5.0,No,No,GPS,"Accelerometer, gyro, heart rate",210,,,No,,,40.0,,,,,,,,"Black/Green, Black/Red, Pink/Blue",,,,No
Ulefone,Ulefone Watch,https://www.gsmarena.com/ulefone_watch-10561.php,https://fdn2.gsmarena.com/vv/bigpic/ulefone-watch.jpg,No cellular connectivity,No,"2020, October 27. Released 2020, October 27",Discontinued,42 x 37 x 12 mm (1.65 x 1.46 x 0.47 in),35.0,Glass,,No,TFT LCD,,1.3,240x240,261,,,Proprietary OS,,,,,,,,,,,,,No,,No,,,,No,,,No,No,5.0,No,No,No,"Accelerometer, gyro, heart rate",210,,,No,,,30.0,,,,,,,,"Black, Coral Pink, Turquoise",,,,No
Ulefone,Ulefone Armor X8,https://www.gsmarena.com/ulefone_armor_x8-10493.php,https://fdn2.gsmarena.com/vv/bigpic/ulefone-armor-x8.jpg,GSM / HSPA / LTE,No,"2020, October 06. Released 2020, October 06",Discontinued,160.3 x 79 x 13.8 mm (6.31 x 3.11 x 0.54 in),256.3,,IP68,Nano-SIM + Nano-SIM,IPS LCD,,5.7,720x1440,282,66.2,,Android 10,Mediatek MT6762D Helio A25 (12 nm),12,Octa-core (4x1.8 GHz Cortex-A53 & 4x1.5 GHz Cortex-A53),PowerVR GE8320,4,4,64,64,eMMC 5.1,13.0,3,2.2,No,,No,"Dual-LED flash, HDR, panorama",1080p@30fps,8.0,No,,1080p@30fps,"Wi-Fi 802.11 a/b/g/n/ac, Wi-Fi Direct",Yes,5.0,Type-C,Yes,"GPS, GLONASS, GALILEO, BDS","Fingerprint (rear-mounted), accelerometer, proximity, compass",5080,,,No,,,130.0,,,,,,,,"Black, Orange",,,,
Ulefone,Ulefone Armor 9E,https://www.gsmarena.com/ulefone_armor_9e-10441.php,https://fdn2.gsmarena.com/vv/bigpic/ulefone-armor-9e.jpg,GSM / CDMA / HSPA / EVDO / LTE,No,"2020, September 08. Released 2020, September 08",Discontinued,168.2 x 82 x 15 mm (6.62 x 3.23 x 0.59 in),324.0,Glass,IP68,Nano-SIM + Nano-SIM,IPS LCD,,6.3,1080x2340,409,70.6,"Scratch-resistant glass, oleophobic coat",Android 10,Mediatek MT6779 Helio P90 (12 nm),12,Octa-core (2x2.2 GHz Cortex-A75 & 6x2.0 GHz Cortex-A55),PowerVR GM9446,8,8,128,128,UFS 2.1,64.0,4,1.9,No,1/1.72,Yes,"Quad-LED flash, HDR, panorama","4K@30fps, 1080p@30fps",8.0,No,"HDR, panorama",1080p@30fps,"Wi-Fi 802.11 a/b/g/n/ac, Wi-Fi Direct",Yes,5.0,Type-C,Yes,"GPS, GLONASS, GALILEO, BDS","Fingerprint (side-mounted), accelerometer, gyro, proximity, compass, coulombmeter",6600,18,,No,,,290.0,,,,,,,,Black,,,,"FM radio, RDS, recording"
Ulefone,Ulefone Armor X5 Pro,https://www.gsmarena.com/ulefone_armor_x5_pro-10440.php,https://fdn2.gsmarena.com/vv/bigpic/ulefone-armor-x5-pro.jpg,GSM / HSPA / LTE,No,"2020, September 08. Released 2020, September 08",Discontinued,158 x 77.5 x 13.9 mm (6.22 x 3.05 x 0.55 in),235.0,,IP68,Nano-SIM + Nano-SIM,IPS LCD,,5.5,720x1440,293,63.8,,Android 10,Mediatek MT6762V/WD Helio P22 (12 nm),12,Octa-core 2.0 GHz Cortex-A53,PowerVR GE8320,4,4,64,64,eMMC 5.1,13.0,2,2.0,No,,No,"LED flash, Panorama, HDR",1080p@30fps,5.0,No,,,"Wi-Fi 802.11 a/b/g/n/ac, Wi-Fi Direct",No,5.0,Micro-USB,Yes,"GPS, GLONASS, GALILEO, BDS","Accelerometer, proximity, compass",5000,10,,No,,,110.0,,,,,,,,"Black, Orange, Red",,,,"FM radio, RDS, recording"
Ulefone,Ulefone Note 8,https://www.gsmarena.com/ulefone_note_8-10414.php,https://fdn2.gsmarena.com/vv/bigpic/ulefone-note-8.jpg,GSM / HSPA,No,"2020, August 28. Released 2020, August 28",Discontinued,141.7 x 66.5 x 12 mm (5.58 x 2.62 x 0.47 in),153.0,,,Dual SIM,IPS LCD,,5.5,442x960,192,78.7,,Android 10 (Go edition),Mediatek MT6580 (28 nm),28,Quad-core 1.3 GHz Cortex-A7,Mali-400,2,2,16,16,eMMC 5.1,5.0,2,2.8,No,,No,"LED flash, HDR",720p@30fps,2.0,No,,,Wi-Fi 802.11 b/g/n,No,4.2,Micro-USB,Yes,GPS,Accelerometer,2700,,,No,,,70.0,,,,,,,,"Black, Amber Sunrise, Midnight Green",,,,"Stereo FM radio, RDS, recording"
Ulefone,Ulefone Armor 8,https://www.gsmarena.com/ulefone_armor_8-10383.php,https://fdn2.gsmarena.com/vv/bigpic/ulefone-armor-8.jpg,GSM / HSPA / LTE,No,"2020, August 17. Released 2020, August 17",Discontinued,166 x 81.8 x 15 mm (6.54 x 3.22 x 0.59 in),282.0,Glass,IP68,Nano-SIM + Nano-SIM,IPS LCD,,6.1,720x1560,282,67.3,"Scratch-resistant glass, oleophobic coat",Android 10,Mediatek MT6771 Helio P60 (12 nm),12,Octa-core (4x2.0 GHz Cortex-A73 & 4x2.0 GHz Cortex-A53),Mali-G72 MP3,4,4,64,64,eMMC 5.1,16.0,3,2.2,No,,No,"LED flash, Panorama, HDR",1080p@30fps,8.0,No,,1080p@30fps,"Wi-Fi 802.11 a/b/g/n/ac, Wi-Fi Direct",Yes,4.2,Type-C,Yes,"GPS, GLONASS, GALILEO, BDS","Fingerprint (side-mounted), accelerometer, gyro, proximity, compass, baroceptor, coulombmeter",5580,15,,No,,,200.0,,,,,,,,"Black, Orange, Red",,,,"FM radio, RDS, recording"
Ulefone,Ulefone Note 9P,https://www.gsmarena.com/ulefone_note_9p-10343.php,https://fdn2.gsmarena.com/vv/bigpic/ulefone-note-9p.jpg,GSM / HSPA / LTE,No,"2020, July 27. Released 2020, July 27",Discontinued,166 x 76.7 x 9.2 mm (6.54 x 3.02 x 0.36 in),188.0,,,Nano-SIM + Nano-SIM,IPS LCD,,6.52,720x1600,269,80.6,,Android 10,Mediatek MT6762 Helio P22 (12 nm),12,Octa-core (4x1.8 GHz & 4x1.5 GHz),PowerVR GE8320,4,4,64,64,eMMC 5.1,16.0,3,2.2,No,,No,"Dual-LED flash, HDR",1080p@30fps,8.0,No,,720p@30fps,"Wi-Fi 802.11 a/b/g/n/ac, dual-band, Wi-Fi Direct",No,5.0,Type-C,Yes,"GPS, GLONASS, GALILEO, BDS","Fingerprint (rear-mounted), accelerometer, proximity, compass",4500,10,,No,,,120.0,,,,,,,,"Aurora Blue, Midnight Green, Black",,0.29 W/kg (head) 1.01 W/kg (body),,"Stereo FM radio, RDS, recording"
Ulefone,Ulefone Armor 9,https://www.gsmarena.com/ulefone_armor_9-10322.php,https://fdn2.gsmarena.com/vv/bigpic/ulefone-armor-9.jpg,GSM / CDMA / HSPA / EVDO / LTE,No,"2020, June 29. Released 2020, June 29",Discontinued,168.2 x 82 x 15 mm (6.62 x 3.23 x 0.59 in),320.0,Glass,IP68,Nano-SIM + Nano-SIM,IPS LCD,,6.3,1080x2340,409,70.6,"Scratch-resistant glass, oleophobic coat",Android 10,Mediatek MT6779 Helio P90 (12 nm),12,Octa-core (2x2.2 GHz Cortex-A75 & 6x2.0 GHz Cortex-A55),PowerVR GM9446,8,8,128,128,UFS 2.1,64.0,3,1.9,No,1/1.72,No,"Thermal imaging, heat palettes, temp. spot meter, quad-LED flash, panorama",1080p@30fps,8.0,No,,1080p@30fps,"Wi-Fi 802.11 a/b/g/n/ac, Wi-Fi Direct",Yes,5.0,Type-C,Yes,"GPS, GLONASS, GALILEO, BDS","Fingerprint (side-mounted), accelerometer, gyro, proximity, compass, baroceptor, coulombmeter",6600,18,,No,,,550.0,,,197000,1498,,,-30.1,Black,,,,"FM radio, RDS, recording"
Ulefone,Ulefone Note 8P,https://www.gsmarena.com/ulefone_note_8p-10294.php,https://fdn2.gsmarena.com/vv/bigpic/ulefone-note-8p.jpg,GSM / HSPA / LTE,No,"2020, June 08. Released 2020, June 08",Discontinued,141.7 x 66.5 x 12 mm (5.58 x 2.62 x 0.47 in),153.0,,,Nano-SIM + Micro-SIM,IPS LCD,,5.5,442x960,192,78.7,,Android 10 (Go edition),Mediatek MT6737 (28 nm),28,Quad-core 1.3 GHz Cortex-A53,Mali-T720MP1,2,2,16,16,eMMC 5.1,8.0,2,2.0,No,,No,"LED flash, HDR",720p@30fps,5.0,No,,720p@30fps,"Wi-Fi 802.11 a/b/g/n, Wi-Fi Direct",No,4.2,Micro-USB,Yes,GPS,Accelerometer,2700,,,No,,,70.0,,,,,,,,"Black, Amber Sunrise, Midnight Green",,1.11 W/kg (head) 1.11 W/kg (body),,"Stereo FM radio, RDS, recording"
Ulefone,Ulefone Armor X7 Pro,https://www.gsmarena.com/ulefone_armor_x7_pro-10293.php,https://fdn2.gsmarena.com/vv/bigpic/ulefone-armor-x7-pro1.jpg,GSM / HSPA / LTE,No,"2020, June 08. Released 2020, June 08",Discontinued,150 x 78.9 x 14.6 mm (5.91 x 3.11 x 0.57 in),234.0,,IP68,Nano-SIM + Nano-SIM,IPS LCD,,5.0,720x1280,294,58.2,,Android 10,Mediatek MT6761 Helio A20 (12 nm),12,Quad-core 1.8 GHz Cortex-A53,PowerVR GE8320,4,4,32,32,eMMC 5.1,13.0,2,2.2,No,,No,Dual-LED flash,1080p@30fps,5.0,No,,720p@30fps,"Wi-Fi 802.11 a/b/g/n/ac, Wi-Fi Direct",Yes,5.0,Micro-USB,Yes,"GPS, GLONASS, GALILEO","Fingerprint (rear-mounted), accelerometer, proximity, compass",4000,,,No,,,110.0,,,,,,,,"Black, Orange",,0.80 W/kg (head) 0.79 W/kg (body),,FM radio
Ulefone,Ulefone Armor 7E,https://www.gsmarena.com/ulefone_armor_7e-10165.php,https://fdn2.gsmarena.com/vv/bigpic/ulefone-armor-7e.jpg,GSM / CDMA / HSPA / EVDO / LTE,No,"2020, March 30. Released 2020, March 30",Discontinued,165.9 x 81 x 13.6 mm (6.53 x 3.19 x 0.54 in),290.0,,IP68,Nano-SIM + Nano-SIM,IPS LCD,,6.3,1080x2340,409,72.5,,Android 9.0 (Pie),Mediatek MT6779 Helio P90 (12 nm),12,Octa-core (2x2.2 GHz Cortex-A75 & 6x2.0 GHz Cortex-A55),PowerVR GM9446,4,4,128,128,,48.0,3,1.7,No,1/2.0,Yes,"5-LED flash, HDR, panorama","4K@30fps, 1080p@30fps",16.0,No,,1080p@30fps,"Wi-Fi 802.11 a/b/g/n/ac, dual-band, Wi-Fi Direct",Yes,5.0,Type-C,No,"GPS, GLONASS, GALILEO, BDS","Fingerprint (side-mounted), accelerometer, gyro, proximity, compass, heart rate, baroceptor, coulombmeter",5500,15,10,No,,,250.0,,,,,,,,Black,,,,"Stereo FM radio, RDS, recording"
Ulefone,Ulefone Armor X7,https://www.gsmarena.com/ulefone_armor_x7-10141.php,https://fdn2.gsmarena.com/vv/bigpic/ulefone-armor-x7.jpg,GSM / HSPA / LTE,No,"2020, March 19. Released 2020, March 19",Discontinued,150 x 78.9 x 14.6 mm (5.91 x 3.11 x 0.57 in),234.0,,IP68,Nano-SIM + Nano-SIM,IPS LCD,,5.0,720x1280,294,58.2,,Android 10,Mediatek MT6761 Helio A20 (12 nm),12,Quad-core 1.8 GHz Cortex-A53,PowerVR GE8320,2,2,16,16,eMMC 5.1,13.0,1,2.2,No,,No,Dual-LED flash,1080p@30fps,5.0,No,,720p@30fps,"Wi-Fi 802.11 a/b/g/n/ac, Wi-Fi Direct",Yes,5.0,Micro-USB,Yes,"GPS, GLONASS, GALILEO","Fingerprint (rear-mounted), accelerometer, proximity, compass",4000,,,No,,,80.0,,,,,,,,"Black, Orange",,,,FM radio
Ulefone,Ulefone Armor 7,https://www.gsmarena.com/ulefone_armor_7-10020.php,https://fdn2.gsmarena.com/vv/bigpic/ulefone-armor7.jpg,GSM / CDMA / HSPA / EVDO / LTE,No,"2019, October. Released 2019, October",Discontinued,165.9 x 81 x 13.6 mm (6.53 x 3.19 x 0.54 in),290.0,,IP68,Nano-SIM + Nano-SIM,IPS LCD,,6.3,1080x2340,409,72.5,,Android 9.0 (Pie),Mediatek MT6779 Helio P90 (12 nm),12,Octa-core (2x2.2 GHz Cortex-A75 & 6x2.0 GHz Cortex-A55),PowerVR GM9446,8,8,128,128,,48.0,3,1.7,No,1/2.0,Yes,"5-LED flash, HDR, panorama","4K@30fps, 1080p@30fps",16.0,No,,1080p@30fps,"Wi-Fi 802.11 a/b/g/n/ac, dual-band, Wi-Fi Direct",Yes,5.0,Type-C,No,"GPS, GLONASS, GALILEO, BDS","Fingerprint (side-mounted), accelerometer, gyro, proximity, compass, heart rate, baroceptor, coulombmeter",5500,15,10,No,,,440.0,,,163017,6913,,406,-31.6,Black,,,,"Stereo FM radio, RDS, recording"
Ulefone,Ulefone Armor X6,https://www.gsmarena.com/ulefone_armor_x6-10024.php,https://fdn2.gsmarena.com/vv/bigpic/ulefone-armorx6.jpg,GSM / HSPA,No,"2019, December. Released 2019, December",Discontinued,150 x 78.9 x 14.4 mm (5.91 x 3.11 x 0.57 in),223.8,,IP68,Nano-SIM + Nano-SIM,IPS LCD,,5.0,720x1280,294,58.2,,Android 9.0 (Pie),Mediatek MT6580 (28 nm),28,Quad-core 1.3 GHz Cortex-A7,Mali-400,2,2,16,16,eMMC 5.1,8.0,1,2.2,No,,No,Dual-LED flash,720p@30fps,5.0,No,,720p@30fps,Wi-Fi 802.11 b/g/n,No,4.0,Micro-USB,Yes,GPS,"Accelerometer, proximity, compass",4000,,,No,,,,,,,,,,,Black,,,,"Stereo FM radio, RDS, recording"
Ulefone,Ulefone Armor 6S,https://www.gsmarena.com/ulefone_armor_6s-10021.php,https://fdn2.gsmarena.com/vv/bigpic/ulefone-armor6s.jpg,GSM / CDMA / HSPA / EVDO / LTE,No,"2019, September. Released 2019, October",Discontinued,166 x 83 x 13.3 mm (6.54 x 3.27 x 0.52 in),270.0,,IP68,Nano-SIM + Nano-SIM,IPS LCD,,6.2,1080x2246,402,70.3,,Android 9.0 (Pie),Mediatek MT6771 Helio P70 (12 nm),12,Octa-core (4x2.1 GHz Cortex-A73 & 4x2.1 GHz Cortex-A53),Mali-G72 MP3,6,6,128,128,eMMC 5.1,16.0,2,2.0,No,,No,"Dual-LED flash, HDR, panorama",1080p@30fps,8.0,No,,1080p@30fps,"Wi-Fi 802.11 a/b/g/n/ac, dual-band, Wi-Fi Direct",Yes,4.2,Type-C,No,"GPS, GLONASS, BDS","Fingerprint (rear-mounted), accelerometer, gyro, proximity, compass, baroceptor, uv sensor",5000,18,10,No,,,,,,,,,,,Black/Red,,,,"Stereo FM radio, RDS, recording"
Ulefone,Ulefone Armor 3W,https://www.gsmarena.com/ulefone_armor_3w-10022.php,https://fdn2.gsmarena.com/vv/bigpic/ulefone-armor3w.jpg,GSM / CDMA / HSPA / EVDO / LTE,No,"2019, September. Released 2019, September",Discontinued,164.8 x 79.2 x 18.2 mm (6.49 x 3.12 x 0.72 in),365.0,,IP68,Nano-SIM + Nano-SIM,IPS LCD,,5.7,1080x2160,424,64.2,,Android 9.0 (Pie),Mediatek MT6771 Helio P70 (12 nm),12,Octa-core (4x2.1 GHz Cortex-A73 & 4x2.1 GHz Cortex-A53),Mali-G72 MP3,6,6,64,64,eMMC 5.1,21.0,1,1.8,No,1/2.4,No,"Dual-LED dual-tone flash, HDR, panorama",1080p@30fps,8.0,No,,1080p@30fps,"Wi-Fi 802.11 a/b/g/n/ac, dual-band, Wi-Fi Direct",Yes,4.1,Type-C,No,"GPS, GLONASS, BDS","Fingerprint (side-mounted), accelerometer, gyro, proximity, compass, barometer, coulombmeter",10300,18,,No,,,,,,,,,,,Black/Orange,,,,"Stereo FM radio, RDS, recording"
Ulefone,Ulefone Armor 3WT,https://www.gsmarena.com/ulefone_armor_3wt-10023.php,https://fdn2.gsmarena.com/vv/bigpic/ulefone-armor3wt.jpg,GSM / CDMA / HSPA / EVDO / LTE,No,"2019, September. Released 2019, September",Discontinued,164.8 x 79.2 x 18.2 mm (6.49 x 3.12 x 0.72 in),373.7,,IP68,Nano-SIM + Nano-SIM,IPS LCD,,5.7,1080x2160,424,64.2,,Android 9.0 (Pie),Mediatek MT6771 Helio P70 (12 nm),12,Octa-core (4x2.1 GHz Cortex-A73 & 4x2.1 GHz Cortex-A53),Mali-G72 MP3,6,6,64,64,eMMC 5.1,21.0,1,1.8,No,1/2.4,No,"Dual-LED dual-tone flash, HDR, panorama",1080p@30fps,8.0,No,,1080p@30fps,"Wi-Fi 802.11 a/b/g/n/ac, dual-band, Wi-Fi Direct",Yes,4.1,Type-C,No,"GPS, GLONASS, BDS","Fingerprint (side-mounted), accelerometer, gyro, proximity, compass, barometer, coulombmeter",10300,18,,No,,,,,,,,,,,Black,,,,"Stereo FM radio, RDS, recording"
Ulefone,Ulefone Armor X5,https://www.gsmarena.com/ulefone_armor_x5-10025.php,https://fdn2.gsmarena.com/vv/bigpic/ulefone-armorx5.jpg,GSM / HSPA / LTE,No,"2019, December. Released 2019, December",Discontinued,150 x 78.9 x 14.4 mm (5.91 x 3.11 x 0.57 in),223.8,,IP68,Nano-SIM + Nano-SIM,IPS LCD,,5.5,720x1440,293,66.0,,Android 9.0 (Pie),Mediatek MT6763 Helio P23 (16 nm),16,Octa-core (4x2.3 GHz Cortex-A53 & 4x1.5 GHz Cortex-A53),Mali-G71 MP2,3,3,32,32,eMMC 5.1,13.0,2,1.8,No,,No,Dual-LED flash,1080p@30fps,5.0,No,,720p@30fps,"Wi-Fi 802.11 a/b/g/n/ac, dual-band, Wi-Fi Direct",No,5.0,Micro-USB,Yes,"GPS, GLONASS","Accelerometer, proximity, compass",5000,10,,No,,,,,,,,,,,"Black, Red, Orange",,,,"Stereo FM radio, RDS, recording"
Ulefone,Ulefone T2,https://www.gsmarena.com/ulefone_t2-10027.php,https://fdn2.gsmarena.com/vv/bigpic/ulefone-t2.jpg,GSM / CDMA / HSPA / EVDO / LTE,No,"2019, August. Released 2019, August",Discontinued,167.6 x 80.3 x 8.7 mm (6.60 x 3.16 x 0.34 in),197.2,,,Nano-SIM + Nano-SIM,IPS LCD,,6.7,1080x2280,377,83.3,,Android 9.0 (Pie),Mediatek MT6771 Helio P70 (12 nm),12,Octa-core (4x2.1 GHz Cortex-A73 & 4x2.1 GHz Cortex-A53),Mali-G72 MP3,6,6,128,128,eMMC 5.1,16.0,1,1.8,No,,No,"Dual-LED dual-tone flash, HDR, panorama",1080p@30fps,8.0,No,,1080p@30fps,"Wi-Fi 802.11 a/b/g/n/ac, dual-band, Wi-Fi Direct",Yes,4.2,Type-C,No,"GPS, GLONASS, BDS","Fingerprint (rear-mounted), accelerometer, gyro, proximity, compass",4200,18,10,No,,,,,,,,,,,"Bordeaux Red, Glacier Blue",,,,"Stereo FM radio, RDS, recording"
Ulefone,Ulefone Armor X3,https://www.gsmarena.com/ulefone_armor_x3-10026.php,https://fdn2.gsmarena.com/vv/bigpic/ulefone-armorx3.jpg,GSM / HSPA,No,"2019, July. Released 2019, July",Discontinued,158 x 77.5 x 13.9 mm (6.22 x 3.05 x 0.55 in),235.0,,IP68,Nano-SIM + Nano-SIM,IPS LCD,,5.5,720x1440,293,63.8,,Android 9.0 (Pie),Mediatek MT6580 (28 nm),28,Quad-core 1.3 GHz Cortex-A7,Mali-400,2,2,32,32,eMMC 5.1,8.0,2,1.8,No,,No,Dual-LED flash,1080p@30fps,5.0,No,,720p@30fps,Wi-Fi 802.11 b/g/n,No,4.0,Micro-USB,Yes,GPS,"Accelerometer, proximity, compass",5000,10,,No,,,,,,,,,,,"Black, Red, Silver",,,,"Stereo FM radio, RDS, recording"
Ulefone,Ulefone Armor 5S,https://www.gsmarena.com/ulefone_armor_5s-10028.php,https://fdn2.gsmarena.com/vv/bigpic/ulefone-armor5s.jpg,GSM / HSPA / LTE,No,"2019, July. Released 2019, July",Discontinued,158.3 x 76 x 12.6 mm (6.23 x 2.99 x 0.50 in),228.0,,IP68,Nano-SIM + Nano-SIM,IPS LCD,,5.85,720x1512,286,71.2,,Android 9.0 (Pie),Mediatek MT6763 Helio P23 (16 nm),16,Octa-core (4x2.3 GHz Cortex-A53 & 4x1.5 GHz Cortex-A53),Mali-G71 MP2,4,4,64,64,eMMC 5.1,13.0,2,1.8,No,,No,"Dual-LED dual-tone flash, HDR, panorama",1080p@30fps,8.0,No,,1080p@30fps,"Wi-Fi 802.11 a/b/g/n, dual-band, Wi-Fi Direct",Yes,4.0,Type-C,No,"GPS, GLONASS","Fingerprint (rear-mounted), accelerometer, gyro, proximity, compass, coulombmeter",5000,10,10,No,,,,,,,,,,,Black,,,,"Stereo FM radio, RDS, recording"
Ulefone,Ulefone Armor 6E,https://www.gsmarena.com/ulefone_armor_6e-10031.php,https://fdn2.gsmarena.com/vv/bigpic/ulefone-armor6e.jpg,GSM / CDMA / HSPA / EVDO / LTE,No,"2019, May. Released 2019, May",Discontinued,166 x 83 x 13.3 mm (6.54 x 3.27 x 0.52 in),267.5,,IP68,Nano-SIM + Nano-SIM,IPS LCD,,6.2,1080x2246,402,70.3,,Android 9.0 (Pie),Mediatek MT6771 Helio P70 (12 nm),12,Octa-core (4x2.1 GHz Cortex-A73 & 4x2.1 GHz Cortex-A53),Mali-G72 MP3,4,4,64,64,eMMC 5.1,16.0,2,1.8,No,,No,"LED flash, HDR, panorama",1080p@30fps,8.0,No,,1080p@30fps,"Wi-Fi 802.11 a/b/g/n/ac, dual-band, Wi-Fi Direct",Yes,4.2,Type-C,No,"GPS, GLONASS, BDS","Fingerprint (rear-mounted), accelerometer, gyro, proximity, compass, baroceptor, uv sensor",5000,18,10,No,,,,,,,,,,,"Black, Red",,,,"Stereo FM radio, RDS, recording"
Ulefone,Ulefone Note 7P,https://www.gsmarena.com/ulefone_note_7p-10032.php,https://fdn2.gsmarena.com/vv/bigpic/ulefone-note7p.jpg,GSM / HSPA / LTE,No,"2019, May. Released 2019, May",Discontinued,156.1 x 73.7 x 9.7 mm (6.15 x 2.90 x 0.38 in),178.8,,,Nano-SIM + Micro-SIM,IPS LCD,,6.1,600x1280,232,80.2,,Android 9.0 (Pie),Mediatek MT6761 Helio A22 (16 nm),16,Quad-core 2.0 GHz Cortex-A53,PowerVR GE8320,3,3,32,32,eMMC 5.1,8.0,3,1.8,No,,No,"LED flash, HDR",1080p@30fps,5.0,No,,,"Wi-Fi 802.11 a/b/g/n/ac, dual-band, Wi-Fi Direct",No,5.0,Micro-USB,Yes,"GPS, GLONASS","Fingerprint (rear-mounted), accelerometer, proximity",3500,,,No,,,,,,,,,,,"Black, Gold, Twilight",,,,"Stereo FM radio, RDS, recording"
Ulefone,Ulefone S11,https://www.gsmarena.com/ulefone_s11-10034.php,https://fdn2.gsmarena.com/vv/bigpic/ulefone-s11-.jpg,GSM / HSPA,No,"2019, April. Released 2019, April",Discontinued,156.1 x 73.7 x 9.7 mm (6.15 x 2.90 x 0.38 in),177.5,,,Nano-SIM + Micro-SIM,IPS LCD,,6.1,600x1280,232,80.2,,Android 8.1 Oreo (Go edition),Mediatek MT6580 (28 nm),28,Quad-core 1.3 GHz Cortex-A7,Mali-400,3,3,32,32,eMMC 5.1,8.0,3,1.8,No,,No,"LED flash, HDR",720p@30fps,5.0,No,,720p@30fps,Wi-Fi 802.11 b/g/n,No,4.0,Micro-USB,Yes,GPS,"Accelerometer, proximity",3500,,,No,,,,,,,,,,,"Black, Gold, Twilight",,,,"Stereo FM radio, RDS, recording"
Ulefone,Ulefone Note 7,https://www.gsmarena.com/ulefone_note_7-10033.php,https://fdn2.gsmarena.com/vv/bigpic/ulefone-note7-.jpg,GSM / HSPA,No,"2019, April. Released 2019, April",Discontinued,156.1 x 73.7 x 9.7 mm (6.15 x 2.90 x 0.38 in),177.5,,,Nano-SIM + Micro-SIM,IPS LCD,,6.1,600x1280,232,80.2,,Android 8.1 Oreo (Go edition),Mediatek MT6580 (28 nm),28,Quad-core 1.3 GHz Cortex-A7,Mali-400,3,3,32,32,eMMC 5.1,8.0,3,1.8,No,,No,"LED flash, HDR",720p@30fps,5.0,No,,720p@30fps,Wi-Fi 802.11 b/g/n,No,4.0,Micro-USB,Yes,GPS,"Accelerometer, proximity",3500,,,No,,,,,,,,,,,"Black, Gold, Twilight",,,,"Stereo FM radio, RDS, recording"
Ulefone,Ulefone Armor X2,https://www.gsmarena.com/ulefone_armor_x2-10035.php,https://fdn2.gsmarena.com/vv/bigpic/ulefone-armorx2.jpg,GSM / HSPA,No,"2018, December. Released 2018, December",Discontinued,163 x 76.6 x 13.9 mm (6.42 x 3.02 x 0.55 in),256.0,,IP68,Nano-SIM + Nano-SIM,IPS LCD,,5.5,720x1440,293,62.5,,Android 8.1 (Oreo),Mediatek MT6580 (28 nm),28,Quad-core 1.3 GHz Cortex-A7,Mali-400,2,2,16,16,eMMC 5.1,8.0,2,1.8,No,,No,"Dual-LED flash, HDR",720p@30fps,5.0,No,,720p@30fps,Wi-Fi 802.11 b/g/n,Yes,4.0,Micro-USB,Yes,GPS,"Fingerprint (side-mounted), accelerometer, proximity",5500,10,,No,,,,,,,,,,,"Dark Gray, Rose Gold",,,,"Stereo FM radio, RDS, recording"
Ulefone,Ulefone S1,https://www.gsmarena.com/ulefone_s1-10036.php,https://fdn2.gsmarena.com/vv/bigpic/ulefone-s1.jpg,GSM / HSPA,No,"2018, August. Released 2018, August",Discontinued,148.6 x 70.7 x 9.6 mm (5.85 x 2.78 x 0.38 in),183.0,,,Nano-SIM + Nano-SIM,IPS LCD,,5.5,480x960,195,74.3,,Android 8.1 Oreo (Go edition),Mediatek MT6580 (28 nm),28,Quad-core 1.3 GHz Cortex-A7,Mali-400,1,1,8,8,,5.0,2,2.2,No,,No,"LED flash, HDR",720p@30fps,2.0,No,,,Wi-Fi 802.11 b/g/n,No,4.0,Micro-USB,Yes,GPS,"Accelerometer, proximity",3000,,,No,,,,,,,,,,,"Gold, Black",,,,"Stereo FM radio, RDS, recording"
Ulefone,Ulefone Armor X,https://www.gsmarena.com/ulefone_armor_x-10037.php,https://fdn2.gsmarena.com/vv/bigpic/ulefone-armorx.jpg,GSM / HSPA / LTE,No,"2018, April. Released 2018, April",Discontinued,163 x 76.6 x 13.9 mm (6.42 x 3.02 x 0.55 in),256.0,,IP68,Nano-SIM + Nano-SIM,IPS LCD,,5.5,720x1440,293,62.5,,Android 8.1 (Oreo),Mediatek MT6739 (28 nm),28,Quad-core 1.5 GHz Cortex-A53,PowerVR GE8100,2,2,16,16,eMMC 5.1,8.0,2,1.8,No,,No,"Dual-LED flash, HDR",720p@30fps,5.0,No,,720p@30fps,"Wi-Fi 802.11 a/b/g/n, dual-band",Yes,4.1,Micro-USB,Yes,GPS,"Fingerprint (side-mounted), accelerometer, proximity, compass",5500,10,,No,,,,,,,,,,,"Dark Gray, Rose Gold",,,,"Stereo FM radio, RDS, recording"
Ulefone,Ulefone Armor 2,https://www.gsmarena.com/ulefone_armor_2-10038.php,https://fdn2.gsmarena.com/vv/bigpic/ulefone-armor2.jpg,GSM / CDMA / HSPA / LTE,No,"2017, August. Released 2017, August",Discontinued,159 x 78.3 x 14.5 mm (6.26 x 3.08 x 0.57 in),270.0,,IP68,Nano-SIM + Nano-SIM,IPS LCD,,5.0,1080x1920,441,55.4,,Android 7.0 (Nougat),Mediatek MT6757 Helio P25 (16 nm),16,Octa-core (4x2.6 GHz Cortex-A53 & 4x1.6 GHz Cortex-A53),Mali-T880MP2,6,6,64,64,eMMC 5.1,16.0,1,2.0,No,,No,"Dual-LED dual-tone flash, HDR",1080p@30fps,8.0,No,,1080p@30fps,"Wi-Fi 802.11 a/b/g/n, dual-band",Yes,4.1,Type-C,No,"GPS, GLONASS","Fingerprint (front-mounted), accelerometer, proximity, gyro, compass, barometer",4700,18,,No,,,,,,,,,,,"Gray, Gold",,,,"Stereo FM radio, RDS, recording"
Ulefone,Ulefone Armor 8 5G,https://www.gsmarena.com/ulefone_armor_8_5g-10472.php,https://fdn2.gsmarena.com/vv/bigpic/ulefone-armor-8-5g.jpg,GSM / HSPA / LTE / 5G,Yes,"2020, September 21",Cancelled,-,,Glass,IP68,Nano-SIM + Nano-SIM,IPS LCD,,6.1,720x1560,282,,"Scratch-resistant glass, oleophobic coat",Android 10,Mediatek Dimensity 800 (7 nm),7,Octa-core (4x2.0 GHz Cortex-A76 & 4x2.0 GHz Cortex-A55),Mali-G57 MP4,8,8,256,256,,64.0,3,1.8,No,1/1.72,No,"LED flash, Panorama, HDR",1080p@30fps,,No,,,"Wi-Fi 802.11 a/b/g/n/ac, Wi-Fi Direct",Yes,,Type-C,Yes,"GPS, GLONASS, GALILEO, BDS","Fingerprint (side-mounted), accelerometer, gyro, proximity, compass, baroceptor, coulombmeter",5080,,,No,,,,,,,,,,,"Black, Orange, Red",,,,"FM radio, RDS, recording"
Ulefone,Ulefone T2 Pro,https://www.gsmarena.com/ulefone_t2_pro-9103.php,https://fdn2.gsmarena.com/vv/bigpic/ulefone-t2-pro.jpg,GSM / HSPA / LTE,No,"2018, February",Cancelled,165.9 x 78.3 x 7.7 mm (6.53 x 3.08 x 0.30 in),159.0,Glass,,Nano-SIM + Micro-SIM,IPS LCD,,6.7,1080x2258,374,86.8,,Android 8.1 (Oreo),Mediatek MT6771 Helio P70 (12 nm),12,Octa-core (4x2.5 GHz Cortex-A73 & 4x2.0 GHz Cortex-A53),Mali-G72 MP4,8,8,128,128,eMMC 5.1,21.0,2,,No,,Yes,"Dual-LED flash, HDR, panorama","4K@60fps, 1080p@30fps",16.0,No,,,"Wi-Fi 802.11 a/b/g/n/ac, Wi-Fi Direct",No,4.2,Type-C,Yes,GPS,"Accelerometer, gyro, proximity, compass",5000,,,No,,,300.0,,,,,,,,"Black, Gold",,,,FM radio
Verykool,verykool s5702 Royale Quattro,https://www.gsmarena.com/verykool_s5702_royale_quattro-9101.php,https://fdn2.gsmarena.com/vv/bigpic/verykool-s5702.jpg,GSM / HSPA,No,"2018, February. Released 2018, February",Discontinued,157 x 74.2 x 9.8 mm (6.18 x 2.92 x 0.39 in),196.0,,,Dual SIM (Micro-SIM),IPS LCD,,5.7,720x1440,282,72.0,Scratch-resistant glass,Android 7.0 (Nougat),Mediatek MT6580 (28 nm),28,Quad-core 1.3 GHz Cortex-A7,Mali-400MP2,2,2,16,16,,13.0,2,,No,,No,"Dual-LED flash, panorama",1080p@30fps,5.0,No,LED flash,,"Wi-Fi 802.11 b/g/n, Wi-Fi Direct",No,4.0,Micro-USB,Yes,GPS,"Fingerprint (rear-mounted), accelerometer, proximity",3200,,,No,,,,,,,,,,,"Black, Blue, Gold",,0.22 W/kg (head) 0.41 W/kg (body),,Stereo FM radio
Verykool,verykool s5037 Apollo Quattro,https://www.gsmarena.com/verykool_s5037_apollo_quattro-9100.php,https://fdn2.gsmarena.com/vv/bigpic/verykool-s5037.jpg,GSM / HSPA,No,"2018, February. Released 2018, February",Discontinued,144.5 x 73 x 10.4 mm (5.69 x 2.87 x 0.41 in),163.0,,,Nano-SIM + Micro-SIM,IPS LCD,,5.0,480x854,196,65.3,Scratch-resistant glass,Android 7.0 (Nougat),Mediatek MT6580 (28 nm),28,Quad-core 1.3 GHz Cortex-A7,Mali-400MP2,1,1,8,8,,13.0,2,,No,,No,"Dual-LED flash, panorama",1080p@30fps,5.0,No,LED flash,,"Wi-Fi 802.11 b/g/n, Wi-Fi Direct",No,4.0,Micro-USB,Yes,GPS,"Fingerprint (rear-mounted), accelerometer",2000,,,No,,,,,,,,,,,"Black, Blue, Gold",,0.25 W/kg (head) 0.56 W/kg (body),,Stereo FM radio
Verykool,verykool s5036 Apollo,https://www.gsmarena.com/verykool_s5036_apollo-9099.php,https://fdn2.gsmarena.com/vv/bigpic/verykool-s5036.jpg,GSM / HSPA,No,"2018, February. Released 2018, February",Discontinued,144.5 x 73 x 10.4 mm (5.69 x 2.87 x 0.41 in),163.0,,,Nano-SIM + Micro-SIM,IPS LCD,,5.0,480x854,196,65.3,Scratch-resistant glass,Android 7.0 (Nougat),Mediatek MT6580M (28 nm),28,Quad-core 1.3 GHz Cortex-A7,Mali-400MP2,1,1,8,8,,8.0,2,,No,,No,"Dual-LED flash, panorama",1080p@30fps,5.0,No,LED flash,,"Wi-Fi 802.11 b/g/n, Wi-Fi Direct",No,4.0,Micro-USB,Yes,GPS,"Fingerprint (rear-mounted), accelerometer",2000,,,No,,,,,,,,,,,"Black, Blue, Gold",,0.25 W/kg (head) 0.56 W/kg (body),,Stereo FM radio
Verykool,verykool s5200 Orion,https://www.gsmarena.com/verykool_s5200_orion-8988.php,https://fdn2.gsmarena.com/vv/bigpic/verykool-s5204-.jpg,GSM / HSPA,No,"2017, December. Released 2017, December",Discontinued,148.6 x 74.3 x 9.6 mm (5.85 x 2.93 x 0.38 in),164.0,,,Nano-SIM + Nano-SIM,IPS LCD,,5.2,480x854,188,67.5,Scratch-resistant glass,Android 7.0 (Nougat),Mediatek MT6580 (28 nm),28,Quad-core 1.3 GHz Cortex-A7,Mali-400MP2,1,1,16,16,,8.0,1,,No,,No,"LED flash, panorama",Yes,5.0,No,LED flash,,"Wi-Fi 802.11 b/g/n, Wi-Fi Direct",No,4.0,Micro-USB,Yes,GPS,"Fingerprint (rear-mounted), accelerometer",2000,,,No,,,,,,,,,,,"Black, Gold, Blue",,,,Stereo FM radio
Verykool,verykool s5031 Bolt Turbo,https://www.gsmarena.com/verykool_s5031_bolt_turbo-8955.php,https://fdn2.gsmarena.com/vv/bigpic/verykool-s5031.jpg,GSM / HSPA,No,"2017, November. Released 2017, November",Discontinued,145 x 72 x 9.5 mm (5.71 x 2.83 x 0.37 in),145.0,,,"Dual SIM (Micro-SIM, dual stand-by)",IPS LCD,,5.0,480x854,196,66.0,Scratch-resistant glass,Android 7.0 (Nougat),Mediatek MT6580 (28 nm),28,Quad-core 1.3 GHz Cortex-A7,Mali-400MP2,2,2,16,16,,8.0,1,,No,,No,"LED flash, panorama",1080p@30fps,8.0,No,LED flash,,"Wi-Fi 802.11 b/g/n, Wi-Fi Direct",No,4.0,Micro-USB,Yes,GPS,"Fingerprint (rear-mounted), accelerometer, proximity",2000,,,No,,,,,,,,,,,"Gold, Blue",,,,Stereo FM radio
Verykool,verykool sl5029 Bolt Pro LTE,https://www.gsmarena.com/verykool_sl5029_bolt_pro_lte-8940.php,https://fdn2.gsmarena.com/vv/bigpic/verykool-sl5029.jpg,GSM / HSPA / LTE,No,"2017, November. Released 2017, November",Discontinued,144.8 x 72 x 9.6 mm (5.70 x 2.83 x 0.38 in),142.0,,,Nano-SIM + Nano-SIM,TFT,,5.0,480x854,196,66.1,Scratch-resistant glass,Android 7.0 (Nougat),Mediatek MT6737 (28 nm),28,Quad-core 1.25 GHz Cortex-A53,Mali-T720,1,1,8,8,eMMC 5.0,8.0,1,,No,,No,"LED flash, panorama",1080p@30fps,5.0,No,LED flash,,"Wi-Fi 802.11 b/g/n, Wi-Fi Direct",No,4.0,Micro-USB,Yes,GPS,"Fingerprint (rear-mounted), accelerometer",2000,,,No,,,,,,,,,,,"Black, Gold, Silver",,,,Stereo FM radio
Verykool,verykool s5029 Bolt Pro,https://www.gsmarena.com/verykool_s5029_bolt_pro-8935.php,https://fdn2.gsmarena.com/vv/bigpic/verykool-s5029.jpg,GSM / HSPA,No,"2017, November. Released 2017, November",Discontinued,145 x 72 x 9.5 mm (5.71 x 2.83 x 0.37 in),145.0,,,"Dual SIM (Micro-SIM, dual stand-by)",TFT,,5.0,480x854,196,66.0,Scratch-resistant glass,Android 7.0 (Nougat),Mediatek MT6580 (28 nm),28,Quad-core 1.3 GHz Cortex-A7,Mali-400MP2,1,1,8,8,,8.0,1,,No,,No,"LED flash, panorama",1080p@30fps,5.0,No,LED flash,,"Wi-Fi 802.11 b/g/n, Wi-Fi Direct",No,4.0,Micro-USB,Yes,GPS,"Fingerprint (rear-mounted), accelerometer, proximity",2000,,,No,,,,,,,,,,,"Black, Gold, Blue",,,,Stereo FM radio
Verykool,verykool s5205 Orion Pro,https://www.gsmarena.com/verykool_s5205_orion_pro-8934.php,https://fdn2.gsmarena.com/vv/bigpic/verykool-s5205.jpg,GSM / HSPA,No,"2017, November. Released 2017, November",Discontinued,148.6 x 74.3 x 9.6 mm (5.85 x 2.93 x 0.38 in),164.0,,,Nano-SIM + Nano-SIM,IPS LCD,,5.2,480x854,188,67.5,Scratch-resistant glass,Android 7.0 (Nougat),Mediatek MT6580 (28 nm),28,Quad-core 1.3 GHz Cortex-A7,Mali-400MP2,1,1,16,16,,8.0,1,,No,,No,"LED flash, panorama",1080p@30fps,8.0,No,LED flash,,"Wi-Fi 802.11 b/g/n, Wi-Fi Direct",No,4.0,Micro-USB,Yes,GPS,"Fingerprint (rear-mounted), accelerometer",2000,,,No,,,,,,,,,,,"Black, Gold, Blue",,,,Stereo FM radio
Verykool,verykool s6005X Cyprus Pro,https://www.gsmarena.com/verykool_s6005x_cyprus_pro-8933.php,https://fdn2.gsmarena.com/vv/bigpic/verykool-s6005x.jpg,GSM / HSPA,No,"2017, November. Released 2017, November",Discontinued,166 x 85.3 x 9 mm (6.54 x 3.36 x 0.35 in),165.0,,,Nano-SIM + Micro-SIM,IPS LCD,,6.0,720x1280,245,70.1,Asahi Dragontrail Glass,Android 7.0 (Nougat),Mediatek MT6580 (28 nm),28,Quad-core 1.3 GHz Cortex-A7,Mali-400MP2,1,1,16,16,,13.0,1,2.2,No,,No,"LED flash, panorama",1080p@30fps,8.0,No,,,"Wi-Fi 802.11 b/g/n, Wi-Fi Direct",No,4.0,Micro-USB,Yes,GPS,"Accelerometer, proximity",3000,,,No,,,,,,,,,,,"Gray, Gold",,,,Stereo FM radio
Verykool,verykool s5527 Alpha Pro,https://www.gsmarena.com/verykool_s5527_alpha_pro-8828.php,https://fdn2.gsmarena.com/vv/bigpic/verykool-s5527.jpg,GSM / HSPA,No,"2017, August. Released 2017, August",Discontinued,152.9 x 76.8 x 8.2 mm (6.02 x 3.02 x 0.32 in),148.0,,,"Dual SIM (Micro-SIM/Mini-SIM, dual stand-by)",IPS LCD,,5.5,720x1280,267,71.0,Scratch-resistant glass,Android 6.0 (Marshmallow),Mediatek MT6580 (28 nm),28,Quad-core 1.3 GHz Cortex-A7,Mali-400MP2,1,1,16,16,,13.0,1,2.2,No,,No,"LED flash, panorama",1080p@30fps,8.0,No,,,"Wi-Fi 802.11 b/g/n, Wi-Fi Direct",No,4.0,Micro-USB,Yes,GPS,"Accelerometer, proximity",2800,,,No,,,,,,,,,,,Black,,0.49 W/kg (head) 1.27 W/kg (body),,Stereo FM radio
Verykool,verykool s5528 Cosmo,https://www.gsmarena.com/verykool_s5528_cosmo-8827.php,https://fdn2.gsmarena.com/vv/bigpic/verykool-s5528.jpg,GSM / HSPA,No,"2017, August. Released 2017, August",Discontinued,154.8 x 78.2 x 8.8 mm (6.09 x 3.08 x 0.35 in),169.0,,,"Dual SIM (Micro-SIM, dual stand-by)",IPS LCD,,5.5,720x1280,267,68.9,Scratch-resistant glass,Android 7.0 (Nougat),Mediatek MT6580 (28 nm),28,Quad-core 1.3 GHz Cortex-A7,Mali-400MP2,1,1,16,16,,8.0,1,2.4,No,,No,"LED flash, panorama",1080p@30fps,5.0,No,,,"Wi-Fi 802.11 b/g/n, Wi-Fi Direct",No,4.0,Micro-USB,Yes,GPS,"Accelerometer, proximity",3000,,,No,,,,,,,,,,,"Black, Gold",,0.37 W/kg (head) 0.96 W/kg (body),,Stereo FM radio
Verykool,verykool SL5565 Rocket,https://www.gsmarena.com/verykool_sl5565_rocket-8800.php,https://fdn2.gsmarena.com/vv/bigpic/verykool-SL5565.jpg,GSM / HSPA / LTE,No,"2017, August. Released 2017, August",Discontinued,156.4 x 79.2 x 8.8 mm (6.16 x 3.12 x 0.35 in),172.0,,,Nano-SIM + Micro-SIM,IPS LCD,,5.5,720x1280,267,67.3,,Android 7.0 (Nougat),Mediatek MT6737 (28 nm),28,Quad-core 1.3 GHz Cortex-A7,Mali-T720MP2,2,2,16,16,eMMC 5.0,13.0,1,2.2,No,,No,"Triple-LED flash, panorama",720p@30fps,8.0,No,LED flash,,"Wi-Fi 802.11 b/g/n, Wi-Fi Direct",No,4.0,Micro-USB,Yes,GPS,"Fingerprint (front-mounted), accelerometer, proximity",2700,,,No,,,,,,,,,,,"Darg Gray, Gold, White",,0.45 W/kg (head) 1.29 W/kg (body),,Stereo FM radio
Verykool,verykool T7445,https://www.gsmarena.com/verykool_t7445-8730.php,https://fdn2.gsmarena.com/vv/bigpic/verykool-t7445.jpg,GSM / HSPA,No,"2017, June. Released 2017, June",Discontinued,189.8 x 109.7 x 10.6 mm (7.47 x 4.32 x 0.42 in),275.0,,,"Dual SIM (Mini-SIM, Micro-SIM)",TFT,,7.0,600x1024,170,66.2,,Android 7.0 (Nougat),Mediatek MT8321 (28 nm),28,Quad-core 1.3 GHz Cortex-A7,Mali-400,1,1,8,8,,5.0,1,2.4,No,,No,"LED flash, panorama",720p@30fps,2.0,No,LED flash,,"Wi-Fi 802.11 b/g/n, Wi-Fi Direct",No,4.0,Micro-USB,Yes,GPS,Accelerometer,2500,,,No,,,,,,,,,,,Black,,0.48 W/kg (head) 1.21 W/kg (body),,FM radio
Verykool,verykool s4009 Crystal,https://www.gsmarena.com/verykool_s4009_crystal-8729.php,https://fdn2.gsmarena.com/vv/bigpic/verykool-s4009.jpg,GSM / HSPA,No,"2017, June. Released 2017, June",Discontinued,127 x 66 x 10.7 mm (5.0 x 2.60 x 0.42 in),,,,"Dual SIM (Mini-SIM/ Micro-SIM, dual stand-by)",TFT,,4.0,480x800,233,54.3,,Android 6.0 (Marshmallow),Mediatek MT6570 (28 nm),28,Dual-core 1.3 GHz Cortex-A7,Mali-400,,,8,8,,5.0,1,2.4,No,,No,"LED flash, panorama",720p@30fps,2.0,No,,,"Wi-Fi 802.11 b/g/n, Wi-Fi Direct",No,4.0,Micro-USB,Yes,GPS,Accelerometer,1200,,,No,,,,,,,,,,,Black/Gold,,1.13 W/kg (head) 0.81 W/kg (body),,Stereo FM radio
Verykool,verykool s5526 Alpha,https://www.gsmarena.com/verykool_s5526_alpha-8690.php,https://fdn2.gsmarena.com/vv/bigpic/verykool-s5526.jpg,GSM / HSPA,No,"2017, May. Released 2017, May",Discontinued,152.9 x 76.8 x 8.2 mm (6.02 x 3.02 x 0.32 in),148.0,,,"Dual SIM (Micro-SIM/Mini-SIM, dual stand-by)",IPS LCD,,5.5,720x1280,267,71.0,Scratch-resistant glass,Android 6.0 (Marshmallow),Mediatek MT6580 (28 nm),28,Quad-core 1.3 GHz Cortex-A7,Mali-400MP2,1,1,8,8,,8.0,1,2.4,No,,No,"LED flash, panorama",1080p@30fps,5.0,No,,,"Wi-Fi 802.11 b/g/n, Wi-Fi Direct",No,4.0,Micro-USB,Yes,GPS,"Accelerometer, proximity",2800,,,No,,,,,,,,,,,Black,,0.49 W/kg (head) 1.27 W/kg (body),,Stereo FM radio
Verykool,verykool s5034 Spear Jr.,https://www.gsmarena.com/verykool_s5034_spear_jr_-8691.php,https://fdn2.gsmarena.com/vv/bigpic/verykool-s5034.jpg,GSM / HSPA,No,"2017, May. Released 2017, May",Discontinued,146.5 x 72 x 7.9 mm (5.77 x 2.83 x 0.31 in),145.0,,,Nano-SIM + Micro-SIM,IPS LCD,,5.0,720x1280,294,65.3,Scratch-resistant glass,Android 6.0 (Marshmallow),Mediatek MT6580 (28 nm),28,Quad-core 1.3 GHz Cortex-A7,Mali-400MP2,1,1,8,8,,8.0,1,2.4,No,,No,"LED flash, panorama",1080p@30fps,5.0,No,LED flash,,"Wi-Fi 802.11 b/g/n, Wi-Fi Direct",No,4.0,Micro-USB,Yes,GPS,"Accelerometer, proximity",2050,,,No,,,,,,,,,,,"Black, Blue",,0.59 W/kg (head) 1.41 W/kg (body),,Stereo FM radio
Verykool,verykool s5035 Spear,https://www.gsmarena.com/verykool_s5035_spear-8657.php,https://fdn2.gsmarena.com/vv/bigpic/verykool-s5035.jpg,GSM / HSPA,No,"2017, April. Released 2017, April",Discontinued,146.5 x 72 x 7.9 mm (5.77 x 2.83 x 0.31 in),145.0,,,Nano-SIM + Micro-SIM,IPS LCD,,5.0,720x1280,294,65.3,Scratch-resistant glass,Android 6.0 (Marshmallow),Mediatek MT6580M (28 nm),28,Quad-core 1.3 GHz Cortex-A7,Mali-400MP2,1,1,8,8,,8.0,1,2.8,No,,No,"LED flash, panorama",1080p@30fps,8.0,No,,,"Wi-Fi 802.11 b/g/n, Wi-Fi Direct",No,4.0,Micro-USB,Yes,GPS,"Accelerometer, proximity",2000,,,No,,,,,,,,,,,"Black, Blue",,0.59 W/kg (head) 1.41 W/kg (body),,Stereo FM radio
Verykool,verykool s5028 Bolt,https://www.gsmarena.com/verykool_s5028_bolt-8656.php,https://fdn2.gsmarena.com/vv/bigpic/verykool-s5027-s5028.jpg,GSM / HSPA,No,"2017, April. Released 2017, April",Discontinued,144.8 x 72.8 x 10 mm (5.70 x 2.87 x 0.39 in),154.0,,,"Dual SIM (Micro-SIM/ Mini-SIM, dual stand-by)",TFT,,5.0,480x854,196,65.4,,Android 6.0 (Marshmallow),Spreadtrum SC7731C,,Quad-core 1.2 GHz Cortex-A7,Mali-400,1,1,8,8,,8.0,1,2.4,No,,No,"LED flash, panorama",720p@30fps,2.0,No,,,"Wi-Fi 802.11 b/g/n, Wi-Fi Direct",No,2.1,Micro-USB,Yes,GPS,Accelerometer,2000,,,No,,,,,,,,,,,"Black, Gold",,,,Stereo FM radio
Verykool,verykool s5027 Bolt Pro,https://www.gsmarena.com/verykool_s5027_bolt_pro-8655.php,https://fdn2.gsmarena.com/vv/bigpic/verykool-s5027-s5028.jpg,GSM / HSPA,No,"2017, April. Released 2017, April",Discontinued,144.8 x 72.8 x 10 mm (5.70 x 2.87 x 0.39 in),154.0,,,"Dual SIM (Micro-SIM/ Mini-SIM, dual stand-by)",TFT,,5.0,480x854,196,65.4,,Android 6.0 (Marshmallow),Spreadtrum SC7731C,,Quad-core 1.2 GHz Cortex-A7,Mali-400,1,1,8,8,,8.0,1,2.4,No,,No,"LED flash, panorama",720p@30fps,8.0,No,,,"Wi-Fi 802.11 b/g/n, Wi-Fi Direct",No,2.1,Micro-USB,Yes,GPS,Accelerometer,2000,,,No,,,,,,,,,,,"Black, Gold",,,,Stereo FM radio
Verykool,verykool s5007 Lotus Plus,https://www.gsmarena.com/verykool_s5007_lotus_plus-8654.php,https://fdn2.gsmarena.com/vv/bigpic/verykool-s5007.jpg,GSM / HSPA,No,"2017, April. Released 2017, April",Discontinued,144.8 x 72.8 x 9.8 mm (5.70 x 2.87 x 0.39 in),148.0,,,"Dual SIM (Micro-SIM/ Mini-SIM, dual stand-by)",IPS LCD,,5.0,480x854,196,65.4,,Android 5.1 (Lollipop),Spreadtrum SC7731C,,Quad-core 1.2 GHz Cortex-A7,Mali-400,1,1,8,8,,8.0,1,2.8,No,,No,"LED flash, panorama",720p@30fps,5.0,No,,,"Wi-Fi 802.11 b/g/n, Wi-Fi Direct, hotspot",No,2.1,Micro-USB,Yes,GPS,"Accelerometer, proximity",2000,,,No,,,,,,,,,,,"Black, White, Rose Gold",,0.53 W/kg (head) 1.16 W/kg (body),,Stereo FM radio
Verykool,verykool s4513 Luna II,https://www.gsmarena.com/verykool_s4513_luna_ii-8626.php,https://fdn2.gsmarena.com/vv/bigpic/verykool-s4513.jpg,GSM / HSPA,No,"2017, March. Released 2017, March",Discontinued,133 x 72 x 10.2 mm (5.24 x 2.83 x 0.40 in),135.0,,,Mini-SIM,IPS LCD,,4.5,480x854,218,58.3,,Android 6.0 (Marshmallow),Spreadtrum SC7731C,,Quad-core 1.2 GHz Cortex-A7,Mali-400,,,4,4,,5.0,1,2.4,No,,No,LED flash,720p@30fps,2.0,No,,,Wi-Fi 802.11 b/g/n,No,2.1,Micro-USB,Yes,GPS,Accelerometer,1700,,,No,,,,,,,,,,,"Black, Blue",,,,Stereo FM radio
Verykool,verykool SL5560 Maverick Pro,https://www.gsmarena.com/verykool_sl5560_maverick_pro-8566.php,https://fdn2.gsmarena.com/vv/bigpic/verykool-sl5560.jpg,GSM / HSPA / LTE,No,"2017, February. Released 2017, February",Discontinued,153.5 x 78 x 10 mm (6.04 x 3.07 x 0.39 in),179.0,,,"Dual SIM (Micro-SIM, dual stand-by)",IPS LCD,,5.5,720x1280,267,69.7,,Android 6.0 (Marshmallow),Mediatek MT6737 (28 nm),28,Quad-core 1.3 GHz Cortex-A7,Mali-T720MP2,1,1,16,16,eMMC 5.0,13.0,1,2.4,No,,No,"LED flash, panorama",720p@30fps,8.0,No,LED flash,,"Wi-Fi 802.11 b/g/n, Wi-Fi Direct",No,4.0,Micro-USB,Yes,GPS,"Fingerprint (rear-mounted), accelerometer, proximity",3000,,,No,,,,,,,,,,,"Blue, Gray",,0.49 W/kg (head) 1.20 W/kg (body),,Stereo FM radio
Verykool,verykool s5021 Wave Pro,https://www.gsmarena.com/verykool_s5021_wave_pro-8563.php,https://fdn2.gsmarena.com/vv/bigpic/verykool-s5021.jpg,GSM / HSPA,No,"2017, February. Released 2017, February",Discontinued,145.8 x 73 x 9.7 mm (5.74 x 2.87 x 0.38 in),168.0,,,"Dual SIM (Micro-SIM, dual stand-by)",IPS LCD,,5.0,480x854,196,64.7,,Android 6.0 (Marshmallow),Spreadtrum SC7731C,,Quad-core 1.2 GHz Cortex-A7,Mali-400,,,4,4,,8.0,1,2.4,No,,No,"LED flash, panorama",720p@30fps,5.0,No,,,"Wi-Fi 802.11 b/g/n, Wi-Fi Direct",No,2.1,Micro-USB,Yes,GPS,Accelerometer,2000,,,No,,,,,,,,,,,"Black, White, Blue",,0.73 W/kg (head) 0.87 W/kg (body),,Stereo FM radio
Verykool,verykool s5019 Wave,https://www.gsmarena.com/verykool_s5019_wave-8564.php,https://fdn2.gsmarena.com/vv/bigpic/verykool-s5021.jpg,GSM / HSPA,No,"2017, February. Released 2017, February",Discontinued,145.8 x 73 x 9.7 mm (5.74 x 2.87 x 0.38 in),168.0,,,"Dual SIM (Micro-SIM, dual stand-by)",IPS LCD,,5.0,480x854,196,64.7,,Android 6.0 (Marshmallow),Spreadtrum SC7731C,,Quad-core 1.2 GHz Cortex-A7,Mali-400,,,4,4,,5.0,1,2.4,No,,No,"LED flash, panorama",720p@30fps,2.0,No,,,"Wi-Fi 802.11 b/g/n, Wi-Fi Direct",No,2.1,Micro-USB,Yes,GPS,Accelerometer,2000,,,No,,,,,,,,,,,"Black, White, Blue, Brown, Dark Blue",,0.73 W/kg (head) 0.87 W/kg (body),,Stereo FM radio
Verykool,verykool s4008 Leo V,https://www.gsmarena.com/verykool_s4008_leo_v-8478.php,https://fdn2.gsmarena.com/vv/bigpic/verykool-s4008.jpg,GSM / HSPA,No,"2016, November. Released 2016, November",Discontinued,126 x 65 x 10.5 mm (4.96 x 2.56 x 0.41 in),141.0,,,"Dual SIM (Mini-SIM/ Micro-SIM, dual stand-by)",IPS LCD,,4.0,480x800,233,55.6,,Android 5.1 (Lollipop),Spreadtrum SC7731,,Quad-core 1.2 GHz Cortex-A7,Mali-400,,,4,4,,5.0,1,2.8,No,,No,"LED flash, panorama",720p@30fps,2.0,No,,,"Wi-Fi 802.11 b/g/n, Wi-Fi Direct, hotspot",No,2.1,Micro-USB,Yes,GPS,Accelerometer,1400,,,No,,,,,,,,,,,"Black, Blue",,0.85 W/kg (head) 1.22 W/kg (body),,Stereo FM radio
Verykool,verykool Sl5200 Eclipse,https://www.gsmarena.com/verykool_sl5200_eclipse-8442.php,https://fdn2.gsmarena.com/vv/bigpic/verykool-sl5200.jpg,GSM / HSPA / LTE,No,"2016, November. Released 2016, November",Discontinued,149.8 x 73.4 x 8.8 mm (5.90 x 2.89 x 0.35 in),141.0,,,"Dual SIM (Micro-SIM, dual stand-by)",IPS LCD,,5.2,720x1280,282,67.8,Asahi Dragontrail Glass,Android 6.0 (Marshmallow),Mediatek MT6753 (28 nm),28,Octa-core 1.3 GHz Cortex-A53,Mali-T720,2,2,16,16,,16.0,1,2.4,No,,No,"LED flash, panorama",1080p@30fps,8.0,No,LED flash,,"Wi-Fi 802.11 b/g/n, Wi-Fi Direct",No,4.0,Micro-USB,Yes,GPS,"Accelerometer, proximity",2900,,,No,,,,,,,,,,,Black,,,,Stereo FM radio
Verykool,verykool sl5050 Phantom,https://www.gsmarena.com/verykool_sl5050_phantom-8418.php,https://fdn2.gsmarena.com/vv/bigpic/verykool-sl5050.jpg,GSM / HSPA / LTE,No,"2016, November. Released 2016, November",Discontinued,145.5 x 70.5 x 7.2 mm (5.73 x 2.78 x 0.28 in),121.0,,,"Dual SIM (Micro-SIM, dual stand-by)",AMOLED,,5.0,720x1280,294,67.2,Asahi Dragontrail Glass,Android 6.0 (Marshmallow),Mediatek MT6737 (28 nm),28,Quad-core 1.3 GHz Cortex-A53,Mali-T720,1,1,16,16,eMMC 5.0,16.0,1,2.4,No,,No,"LED flash, panorama",720p@30fps,8.0,No,LED flash,,"Wi-Fi 802.11 b/g/n, Wi-Fi Direct",No,4.0,Micro-USB,Yes,GPS,"Accelerometer, proximity",2500,,,No,,,,,,,,,,,"Dark Blue, Gold",,,,Stereo FM radio
Verykool,verykool s6004 Cyprus Jr.,https://www.gsmarena.com/verykool_s6004_cyprus_jr_-8363.php,https://fdn2.gsmarena.com/vv/bigpic/verykool-s6004.jpg,GSM / HSPA,No,"2016, September. Released 2016, September",Discontinued,166 x 85.3 x 9 mm (6.54 x 3.36 x 0.35 in),165.0,,,Nano-SIM + Micro-SIM,IPS LCD,,6.0,720x1280,245,70.1,Asahi Dragontrail Glass,Android 6.0 (Marshmallow),Mediatek MT6580 (28 nm),28,Quad-core 1.3 GHz Cortex-A7,Mali-400MP2,1,1,8,8,,8.0,1,2.8,No,,No,"LED flash, panorama",1080p@30fps,5.0,No,,,"Wi-Fi 802.11 b/g/n, Wi-Fi Direct",No,4.0,Micro-USB,Yes,GPS,"Accelerometer, proximity",2600,,,No,,,,,,,,,,,Gray,,,,Stereo FM radio
Verykool,verykool s5524 Maverick III Jr.,https://www.gsmarena.com/verykool_s5524_maverick_iii_jr_-8362.php,https://fdn2.gsmarena.com/vv/bigpic/verykool-s5525.jpg,GSM / HSPA,No,"2016, September. Released 2016, September",Discontinued,153 x 77 x 8.2 mm (6.02 x 3.03 x 0.32 in),148.0,,,"Dual SIM (Micro-SIM/Mini-SIM, dual stand-by)",IPS LCD,,5.5,720x1280,267,70.8,Asahi Dragontrail Glass,Android 6.0 (Marshmallow),Mediatek MT6580 (28 nm),28,Quad-core 1.3 GHz Cortex-A7,Mali-400MP2,1,1,8,8,,8.0,1,2.8,No,,No,"LED flash, panorama",1080p@30fps,5.0,No,,,"Wi-Fi 802.11 b/g/n, Wi-Fi Direct",No,4.0,Micro-USB,Yes,GPS,"Accelerometer, proximity",2800,,,No,,,,,,,,,,,Black,,,,Stereo FM radio
Verykool,verykool s5525 Maverick III,https://www.gsmarena.com/verykool_s5525_maverick_iii-8361.php,https://fdn2.gsmarena.com/vv/bigpic/verykool-s5525.jpg,GSM / HSPA,No,"2016, September. Released 2016, September",Discontinued,153 x 77 x 8.2 mm (6.02 x 3.03 x 0.32 in),148.0,,,"Dual SIM (Micro-SIM/Mini-SIM, dual stand-by)",IPS LCD,,5.5,720x1280,267,70.8,Asahi Dragontrail Glass,Android 6.0 (Marshmallow),Mediatek MT6580 (28 nm),28,Quad-core 1.3 GHz Cortex-A7,Mali-400MP2,1,1,8,8,,13.0,1,2.4,No,1/4.0,No,"LED flash, panorama",1080p@30fps,8.0,No,,,"Wi-Fi 802.11 b/g/n, Wi-Fi Direct",No,4.0,Micro-USB,Yes,GPS,"Accelerometer, proximity",2800,,,No,,,,,,,,,,,Black,,,,Stereo FM radio
Verykool,verykool Kolorpad LTE TL8010,https://www.gsmarena.com/verykool_kolorpad_lte_tl8010-8215.php,https://fdn2.gsmarena.com/vv/bigpic/verykool-tl8010.jpg,GSM / HSPA,No,"2016, July. Released 2016, July",Discontinued,211 x 125.3 x 8.5 mm (8.31 x 4.93 x 0.33 in),334.0,,,"Dual SIM (Micro-SIM, dual stand-by)",IPS LCD,,8.0,800x1280,189,70.2,,Android 5.1 (Lollipop),Mediatek MT8735,,Quad-core 1.0 GHz Cortex-A53,Mali-T720MP2,1,1,8,8,,8.0,1,2.8,No,,No,"LED flash, panorama",720p@30fps,5.0,No,,,"Wi-Fi 802.11 b/g/n, Wi-Fi Direct, hotspot",No,4.0,Micro-USB,Yes,GPS,"Accelerometer, proximity",4060,,,No,,,,,,,,,,,Black/Gray,,0.47 W/kg (head) 1.23 W/kg (body),,Stereo FM radio
Verykool,verykool s4007 Leo IV,https://www.gsmarena.com/verykool_s4007_leo_iv-8214.php,https://fdn2.gsmarena.com/vv/bigpic/verykool-s4007.jpg,GSM / HSPA,No,"2016, July. Released 2016, July",Discontinued,126 x 65 x 10.5 mm (4.96 x 2.56 x 0.41 in),113.0,,,"Dual SIM (Mini-SIM/ Micro-SIM, dual stand-by)",IPS LCD,,4.0,480x800,233,55.6,,Android 4.4 (KitKat),Mediatek MT6572 (28 nm),28,Dual-core 1.3 GHz Cortex-A7,Mali-400,,,4,4,,5.0,1,2.8,No,,No,"LED flash, panorama",1080p@30fps,2.0,No,,,"Wi-Fi 802.11 b/g/n, Wi-Fi Direct, hotspot",No,4.0,Micro-USB,Yes,GPS,Accelerometer,1300,,,No,,,,,,,,,,,"White, Black",,0.47 W/kg (head) 0.51 W/kg (body),,Stereo FM radio
Verykool,verykool s6005 Cyprus II,https://www.gsmarena.com/verykool_s6005_cyprus_ii-8213.php,https://fdn2.gsmarena.com/vv/bigpic/verykool-s6005.jpg,GSM / HSPA,No,"2016, July. Released 2016, July",Discontinued,166 x 85.3 x 9 mm (6.54 x 3.36 x 0.35 in),165.0,,,Nano-SIM + Micro-SIM,IPS LCD,,6.0,720x1280,245,70.1,Asahi Dragontrail Glass,Android 6.0 (Marshmallow),Mediatek MT6580 (28 nm),28,Quad-core 1.3 GHz Cortex-A7,Mali-400MP2,1,1,8,8,,13.0,1,2.4,No,,No,"LED flash, panorama",1080p@30fps,8.0,No,,,"Wi-Fi 802.11 b/g/n, Wi-Fi Direct",No,4.0,Micro-USB,Yes,GPS,"Accelerometer, proximity",3000,,,No,,,,,,,,,,,Gray,,0.26 W/kg (head) 0.53 W/kg (body),,Stereo FM radio
Verykool,verykool s5530 Maverick II,https://www.gsmarena.com/verykool_s5530_maverick_ii-8173.php,https://fdn2.gsmarena.com/vv/bigpic/verykool-s5530.jpg,GSM / HSPA,No,"2016, June. Released 2016, June",Discontinued,157.2 x 77.7 x 8.5 mm (6.19 x 3.06 x 0.33 in),156.0,,,Nano-SIM + Micro-SIM,IPS LCD,,5.5,720x1280,267,68.3,Asahi Dragontrail Glass,Android 5.1 (Lollipop),Mediatek MT6580 (28 nm),28,Quad-core 1.3 GHz Cortex-A7,Mali-400MP2,1,1,8,8,,13.0,1,2.4,No,1/4.0,No,"LED flash, panorama",1080p@30fps,5.0,No,LED flash,,"Wi-Fi 802.11 b/g/n, Wi-Fi Direct, hotspot",No,4.0,Micro-USB,Yes,GPS,"Accelerometer, proximity",2800,,,No,,,,,,,,,,,Gray,,,,Stereo FM radio
Verykool,verykool s5030 Helix II,https://www.gsmarena.com/verykool_s5030_helix_ii-8172.php,https://fdn2.gsmarena.com/vv/bigpic/verykool-s5030.jpg,GSM / HSPA,No,"2016, June. Released 2016, June",Discontinued,147.1 x 72 x 7.5 mm (5.79 x 2.83 x 0.30 in),132.0,,,Nano-SIM + Micro-SIM,IPS LCD,,5.0,720x1280,294,65.1,Asahi Dragontrail Glass,Android 5.1 (Lollipop),Mediatek MT6580 (28 nm),28,Quad-core 1.3 GHz Cortex-A7,Mali-400MP2,1,1,8,8,,8.0,1,2.8,No,,No,"LED flash, panorama",1080p@30fps,5.0,No,LED flash,,"Wi-Fi 802.11 b/g/n, Wi-Fi Direct, hotspot",No,4.0,Micro-USB,Yes,GPS,"Accelerometer, proximity",2200,,,No,,,,,,,,,,,Black,,,,Stereo FM radio
Verykool,verykool SL5011 Spark LTE,https://www.gsmarena.com/verykool_sl5011_spark_lte-7921.php,https://fdn2.gsmarena.com/vv/bigpic/verycool-spark-lte-sl5011.jpg,GSM / HSPA / LTE,No,"2016, February. Released 2016, February",Discontinued,143 x 71.1 x 7.5 mm (5.63 x 2.80 x 0.30 in),153.0,,,"Single SIM (Micro-SIM) or Dual SIM (Micro-SIM, dual stand-by)",IPS LCD,,5.0,720x1280,294,67.8,Scratch-resistant glass,Android 5.1 (Lollipop),Mediatek MT6735P (28 nm),28,Quad-core 1.0 GHz Cortex-A53,Mali-T720MP2,1,1,16,16,,13.0,1,2.2,No,1/4.0,No,"Dual-LED flash, panorama",720p@30fps,8.0,No,LED flash,,"Wi-Fi 802.11 b/g/n, Wi-Fi Direct, hotspot",No,4.0,Micro-USB,Yes,GPS,"Accelerometer, proximity",2200,,,No,,,160.0,,,,,,,,"Black/Silver, White/Gold",,0.32 W/kg (head) 0.88 W/kg (body),,FM radio
Verykool,verykool SL6010 Cyprus LTE,https://www.gsmarena.com/verykool_sl6010_cyprus_lte-7890.php,https://fdn2.gsmarena.com/vv/bigpic/verycool-cyprus-lte-sl6010.jpg,GSM / HSPA / LTE,No,"2016, January. Released 2016, January",Discontinued,167.3 x 84 x 7.5 mm (6.59 x 3.31 x 0.30 in),207.0,,,"Hybrid Dual SIM (Micro-SIM, dual stand-by)",IPS LCD,,6.0,720x1280,245,70.6,Scratch-resistant glass,Android 5.1 (Lollipop),Mediatek MT6735P (28 nm),28,Quad-core 1.0 GHz Cortex-A53,Mali-T720MP2,1,1,16,16,,13.0,1,2.0,No,1/3.2,No,"Dual-LED flash, panorama",720p@30fps,8.0,No,LED flash,,"Wi-Fi 802.11 b/g/n, Wi-Fi Direct, hotspot",No,4.0,Micro-USB,Yes,GPS,"Accelerometer, proximity",2500,,,No,,,190.0,,,,,,,,"Black, White",,0.14 W/kg (head) 0.85 W/kg (body),,FM radio
Verykool,verykool s5025 Helix,https://www.gsmarena.com/verykool_s5025_helix-7834.php,https://fdn2.gsmarena.com/vv/bigpic/verykool-s5025.jpg,GSM / HSPA,No,"2015, December. Released 2015, December",Discontinued,143.5 x 72.5 x 7.9 mm (5.65 x 2.85 x 0.31 in),136.0,,,"Dual SIM (Micro-SIM, dual stand-by)",IPS LCD,,5.0,720x1280,294,66.2,Scratch-resistant glass,Android 5.1 (Lollipop),Mediatek MT6580 (28 nm),28,Quad-core 1.3 GHz Cortex-A7,Mali-400MP2,1,1,8,8,,13.0,1,,No,,No,"LED flash, panorama",1080p@30fps,5.0,No,,,"Wi-Fi 802.11 b/g/n, Wi-Fi Direct, hotspot",No,4.0,Micro-USB,Yes,GPS,"Accelerometer, proximity",1950,,,No,,,,,,,,,,,"Black, Blue",,0.68 W/kg (head) 1.25 W/kg (body),,Stereo FM radio
Verykool,verykool s5020 Giant,https://www.gsmarena.com/verykool_s5020_giant-7833.php,https://fdn2.gsmarena.com/vv/bigpic/verykool-s5020.jpg,GSM / HSPA,No,"2015, December. Released 2015, December",Discontinued,145 x 76.5 x 8.5 mm (5.71 x 3.01 x 0.33 in),139.0,,,"Dual SIM (Micro-SIM, dual stand-by)",IPS LCD,,5.0,480x854,196,62.1,Scratch-resistant glass,Android 5.1 (Lollipop),Mediatek MT6580M (28 nm),28,Quad-core 1.3 GHz Cortex-A7,Mali-400MP2,1,1,8,8,,8.0,1,,No,,No,"LED flash, panorama",1080p@30fps,5.0,No,,,"Wi-Fi 802.11 b/g/n, Wi-Fi Direct, hotspot",No,4.0,Micro-USB,Yes,GPS,"Accelerometer, proximity",3000,,,No,,,,,,,,,,,"Black, White",,1.07 W/kg (head) 1.18 W/kg (body),,Stereo FM radio
Verykool,verykool s5001 Lotus,https://www.gsmarena.com/verykool_s5001_lotus-7835.php,https://fdn2.gsmarena.com/vv/bigpic/verykool-s5001.jpg,GSM / HSPA,No,"2015, December. Released 2015, December",Discontinued,145 x 71.5 x 8.9 mm (5.71 x 2.81 x 0.35 in),159.0,,,"Dual SIM (Micro-SIM/ Mini-SIM, dual stand-by)",IPS LCD,,5.0,480x854,196,66.4,,Android 4.4 (KitKat),Mediatek MT6572M (28 nm),28,Dual-core 1.0 GHz Cortex-A7,Mali-400,,,4,4,,5.0,1,,No,,No,"LED flash, panorama",480p,1.3,No,,,"Wi-Fi 802.11 b/g/n, Wi-Fi Direct, hotspot",No,4.0,Micro-USB,Yes,GPS,Accelerometer,2000,,,No,,,,,,,,,,,"Drak Blue, White",,0.30 W/kg (head) 0.80 W/kg (body),,Stereo FM radio
Verykool,verykool SL4502 Fusion II,https://www.gsmarena.com/verykool_sl4502_fusion_ii-7825.php,https://fdn2.gsmarena.com/vv/bigpic/verykool-sl4502.jpg,GSM / HSPA / LTE,No,"2015, December. Released 2015, December",Discontinued,139.9 x 65.2 x 9 mm (5.51 x 2.57 x 0.35 in),107.0,,,"Dual SIM (Micro-SIM, dual stand-by)",IPS LCD,,4.5,480x854,218,61.2,Scratch-resistant glass,Android 5.1 (Lollipop),Mediatek MT6735M (28 nm),28,Quad-core 1.0 GHz Cortex-A53,Mali-T720MP2,1,1,8,8,,8.0,1,,No,,No,"LED flash, panorama",720p@30fps,5.0,No,,,"Wi-Fi 802.11 b/g/n, Wi-Fi Direct, hotspot",No,4.0,Micro-USB,Yes,GPS,"Accelerometer, proximity",1800,,,No,,,,,,,,,,,"Black, White",,0.67 W/kg (head) 0.89 W/kg (body),,Stereo FM radio
Verykool,verykool SL5550 Maverick LTE,https://www.gsmarena.com/verykool_sl5550_maverick_lte-7824.php,https://fdn2.gsmarena.com/vv/bigpic/verykool-sl5550.jpg,GSM / HSPA / LTE,No,"2015, December. Released 2015, December",Discontinued,155 x 76.5 x 8.8 mm (6.10 x 3.01 x 0.35 in),166.0,,,"Dual SIM (Micro-SIM, dual stand-by)",IPS LCD,,5.5,720x1280,267,70.3,Scratch-resistant glass,Android 5.1 (Lollipop),Mediatek MT6735P (28 nm),28,Quad-core 1.0 GHz Cortex-A53,Mali-T720MP2,1,1,16,16,,13.0,1,,No,,No,"LED flash, panorama",1080p@30fps,8.0,No,LED flash,,"Wi-Fi 802.11 b/g/n, Wi-Fi Direct, hotspot",No,4.0,Micro-USB,Yes,GPS,"Accelerometer, proximity",2500,,,No,,,,,,,,,,,"Black, White",,0.35 W/kg (head) 1.29 W/kg (body),,Stereo FM radio
Verykool,verykool s5518Q Maverick,https://www.gsmarena.com/verykool_s5518q_maverick-7746.php,https://fdn2.gsmarena.com/vv/bigpic/verykool-s5518q.jpg,GSM / HSPA,No,"2015, November. Released 2015, November",Discontinued,157.5 x 77.7 x 8.1 mm (6.20 x 3.06 x 0.32 in),170.0,,,"Dual SIM (Micro-SIM, dual stand-by)",IPS LCD,,5.5,720x1280,267,68.1,Gorilla Glass 3,"Android 4.4.2 (KitKat), upgradable to 5.0 (Lollipop)",Mediatek MT6582M (28 nm),28,Quad-core 1.3 GHz Cortex-A7,Mali-400MP2,1,1,8,8,,8.0,1,,No,,No,"LED flash, panorama",1080p@30fps,5.0,No,,,"Wi-Fi 802.11 b/g/n, Wi-Fi Direct, hotspot",No,4.0,Micro-USB,Yes,GPS,"Accelerometer, proximity",2600,,,No,,,140.0,,,,,,,,"Black, White/Gold",,0.37 W/kg (head) 0.98 W/kg (body),,Stereo FM radio
Verykool,verykool s5017Q Dorado,https://www.gsmarena.com/verykool_s5017q_dorado-7747.php,https://fdn2.gsmarena.com/vv/bigpic/verykool-s5017q.jpg,GSM / HSPA,No,"2015, November. Released 2015, November",Discontinued,148.3 x 71.1 x 8.4 mm (5.84 x 2.80 x 0.33 in),161.0,,,"Dual SIM (Micro-SIM, dual stand-by)",IPS LCD,,5.0,480x854,196,65.3,Scratch-resistant glass,"Android 4.4.2 (KitKat), upgradable to 5.0 (Lollipop)",Mediatek MT6582M (28 nm),28,Quad-core 1.3 GHz Cortex-A7,Mali-400MP2,1,1,8,8,,8.0,1,,No,,No,"LED flash, panorama",1080p@30fps,5.0,No,,,"Wi-Fi 802.11 b/g/n, Wi-Fi Direct, hotspot",No,4.0,Micro-USB,Yes,GPS,"Accelerometer, proximity",1850,,,No,,,110.0,,,,,,,,"Black, Gold",,0.45 W/kg (head) 1.23 W/kg (body),,Stereo FM radio
Verykool,verykool sl5009 Jet,https://www.gsmarena.com/verykool_sl5009_jet-7628.php,https://fdn2.gsmarena.com/vv/bigpic/verykool-sl5009.jpg,GSM / HSPA / LTE,No,"2015, September. Released 2015, September",Discontinued,147 x 72.5 x 8.9 mm (5.79 x 2.85 x 0.35 in),165.0,,,"Dual SIM (Micro-SIM, dual stand-by)",IPS LCD,,5.0,480x854,196,64.6,Scratch-resistant glass,Android 5.1 (Lollipop),Mediatek MT6735M (28 nm),28,Quad-core 1.1 GHz Cortex-A53,Mali-T720MP2,1,1,8,8,,8.0,1,,No,,No,"LED flash, panorama",720p@30fps,1.3,No,LED flash,,"Wi-Fi 802.11 b/g/n, Wi-Fi Direct, hotspot",No,4.0,Micro-USB,Yes,GPS,"Accelerometer, proximity",1900,,,No,,,,,,,,,,,"Black, Blue",,,0.44 W/kg (head) 0.98 W/kg (body),Stereo FM radio
Verykool,verykool R28 Denali,https://www.gsmarena.com/verykool_r28_denali-7488.php,https://fdn2.gsmarena.com/vv/bigpic/verykool-r28.jpg,GSM / HSPA,No,"2015, August. Released 2015, August",Discontinued,132 x 48.5 x 15 mm (5.20 x 1.91 x 0.59 in),127.0,,IP67,Dual SIM (Mini-SIM/ Micro-SIM),"TFT, 65K colors",,2.4,240x320,167,27.9,Scratch-resistant glass,,,,611 MHz,,,,,,,5.0,1,,No,,No,,Yes,,No,,,No,No,3.0,Micro-USB,No,No,,1400,,,No,,,,,,,,,,,Black,,0.83 W/kg (head) 1.28 W/kg (body),,"Stereo FM radio, built-in antenna"
Verykool,verykool T7440 Kolorpad II,https://www.gsmarena.com/verykool_t7440_kolorpad_ii-7483.php,https://fdn2.gsmarena.com/vv/bigpic/verykool-t7440.jpg,GSM / HSPA,No,"2015, August. Released 2015, August",Discontinued,192 x 108 x 9.8 mm (7.56 x 4.25 x 0.39 in),253.0,,,Mini-SIM,IPS LCD,,7.0,600x1024,170,66.5,,Android 4.4.2 (KitKat),Mediatek MT8389,,Quad-core 1.2 GHz Cortex-A7,PowerVR SGX544,,,8,8,,5.0,1,,No,,No,"LED flash, panorama",720p@30fps,1.3,No,,,"Wi-Fi 802.11 b/g/n, Wi-Fi Direct, hotspot",No,4.0,Micro-USB,Yes,GPS,Accelerometer,2500,,,No,,,,,,,,,,,"Black, White",,0.36 W/kg (head) 1.08 W/kg (body),,Stereo FM radio
Verykool,verykool s5017 Dorado,https://www.gsmarena.com/verykool_s5017_dorado-7482.php,https://fdn2.gsmarena.com/vv/bigpic/verykool-s5017.jpg,GSM / HSPA,No,"2015, August. Released 2015, August",Discontinued,148.3 x 72.1 x 8.4 mm (5.84 x 2.84 x 0.33 in),163.0,,,"Dual SIM (Micro-SIM, dual stand-by)",IPS LCD,,5.0,480x854,196,64.4,Corning Gorilla Glass,"Android 4.4.2 (KitKat), upgradable to 5.0 (Lollipop)",Mediatek MT6582M (28 nm),28,Quad-core 1.3 GHz Cortex-A7,Mali-400MP2,1,1,8,8,,8.0,1,,No,,No,"LED flash, panorama",1080p@30fps,5.0,No,,,"Wi-Fi 802.11 b/g/n, Wi-Fi Direct, hotspot",No,4.0,Micro-USB,Yes,GPS,"Accelerometer, proximity",1850,,,No,,,,,,,,,,,"Black, Gold",,0.45 W/kg (head) 1.23 W/kg (body),,Stereo FM radio
Verykool,verykool s3504 Mystic II,https://www.gsmarena.com/verykool_s3504_mystic_ii-7472.php,https://fdn2.gsmarena.com/vv/bigpic/verykool-s3504.jpg,GSM / HSPA,No,"2015, August. Released 2015, August",Discontinued,119 x 65 x 12 mm (4.69 x 2.56 x 0.47 in),105.0,,,"Dual SIM (Mini-SIM, dual stand-by)","TFT, 256K colors",,3.5,320x480,165,47.2,,Android 4.2 (Jelly Bean),Mediatek MT6572M (28 nm),28,Dual-core 1.0 GHz Cortex-A7,Mali-400,,,4,4,,5.0,1,,No,,No,Panorama,720p@30fps,1.3,No,,,"Wi-Fi 802.11 b/g/n, hotspot",No,3.0,Micro-USB,Yes,No,Accelerometer,1200,,,No,,,,,,,,,,,Black,,0.83 W/kg (head) 1.17 W/kg (body),,Stereo FM radio
Verykool,verykool s5518 Maverick,https://www.gsmarena.com/verykool_s5518_maverick-7445.php,https://fdn2.gsmarena.com/vv/bigpic/verykool-s5518.jpg,GSM / HSPA,No,"2015, July. Released 2015, July",Discontinued,157 x 77.7 x 8.1 mm (6.18 x 3.06 x 0.32 in),172.0,,,"Single SIM (Micro-SIM) or Dual SIM (Micro-SIM, dual stand-by)",IPS LCD,,5.5,720x1280,267,68.4,Gorilla Glass 3,"Android 4.4.2 (KitKat), upgradable to 5.0 (Lollipop)",Mediatek MT6582M (28 nm),28,Quad-core 1.3 GHz Cortex-A7,Mali-400MP2,1,1,8,8,,8.0,1,,No,,No,"LED flash, panorama",1080p@30fps,5.0,No,,,"Wi-Fi 802.11 b/g/n, hotspot",No,4.0,Micro-USB,Yes,GPS,"Accelerometer, proximity",2600,,,No,,,140.0,,,,,,,,"Black, White/Gold, Gold",,0.37 W/kg (head) 0.98 W/kg (body),,Stereo FM radio
Verykool,verykool s5012 Orbit,https://www.gsmarena.com/verykool_s5012_orbit-7152.php,https://fdn2.gsmarena.com/vv/bigpic/verykool-s5012.jpg,GSM / HSPA,No,"2014, October. Released 2014, October",Discontinued,146.1 x 74.8 x 9.5 mm (5.75 x 2.94 x 0.37 in),159.0,,,"Dual SIM (Mini-SIM, dual stand-by)",IPS LCD,,5.0,480x854,196,63.0,,Android 4.4.2 (KitKat),Mediatek MT6572 (28 nm),28,Dual-core 1.2 GHz Cortex-A7,Mali-400,,,4,4,,8.0,1,,No,,No,LED flash,720p@30fps,1.3,No,,,"Wi-Fi 802.11 b/g/n, hotspot",No,4.0,Micro-USB,Yes,GPS,"Accelerometer, proximity",1800,,,No,,,110.0,,,,,,,,"Blue, Red",,,0.10 W/kg (head) 0.10 W/kg (body),FM radio
Verykool,verykool SL4500 Fusion,https://www.gsmarena.com/verykool_sl4500_fusion-7151.php,https://fdn2.gsmarena.com/vv/bigpic/verykool-sl4500.jpg,GSM / HSPA / LTE,No,"2015, March. Released 2015, March",Discontinued,131.6 x 65.6 x 8.9 mm (5.18 x 2.58 x 0.35 in),130.0,,,"Dual SIM (Micro-SIM, dual stand-by)",IPS LCD,,4.5,480x854,218,64.6,,Android 4.4.4 (KitKat),Qualcomm MSM8916 Snapdragon 410 (28 nm),28,Quad-core 1.2 GHz Cortex-A53,Adreno 306,1,1,8,8,eMMC 4.5,8.0,1,,No,,No,LED flash,720p@30fps,1.3,No,,,"Wi-Fi 802.11 b/g/n, hotspot",No,4.0,Micro-USB,Yes,GPS,"Accelerometer, proximity",1700,,,No,,,160.0,,,,,,,,"Black, Blue, White",,,0.58 W/kg (head) 1.30 W/kg (body),FM radio
Verykool,verykool i330 Sunray,https://www.gsmarena.com/verykool_i330_sunray-7150.php,https://fdn2.gsmarena.com/vv/bigpic/verykool-i330.jpg,GSM / HSPA,No,"2014, October. Released 2014, October",Discontinued,107.8 x 52.3 x 17.8 mm (4.24 x 2.06 x 0.70 in),98.0,,,Mini-SIM,TFT,,2.4,240x320,167,31.6,,,Mediatek MT6276W,,411 MHz,No,,,,,,1.3,1,,No,,No,,144p@15fps,,No,,,No,No,4.0,"2.0, OTG",Yes,No,,800,,,No,,,70.0,,,,,,,,"Blue, Red",,,0.48 W/kg (head) 1.24 W/kg (body),FM radio
Verykool,verykool s4510 Luna,https://www.gsmarena.com/verykool_s4510_luna-7117.php,https://fdn2.gsmarena.com/vv/bigpic/verykool-s4510.jpg,GSM / HSPA,No,"2014, September. Released 2014, September",Discontinued,136 x 67.5 x 10.2 mm (5.35 x 2.66 x 0.40 in),142.0,,,Mini-SIM,IPS LCD,,4.5,480x800,207,62.8,,Android 4.4.2 (KitKat),Mediatek MT6572 (28 nm),28,Dual-core 1.2 GHz Cortex-A7,Mali-400,,,4,4,,5.0,1,,No,,No,,720p@30fps,,No,,,"Wi-Fi 802.11 b/g/n, hotspot",No,4.0,Micro-USB,Yes,GPS,"Accelerometer, proximity",1650,,,No,,,90.0,,,,,,,,"Black, Blue, Yellow",,0.91 W/kg (head) 0.84 W/kg (body),,FM radio
Verykool,verykool s5014 Atlas,https://www.gsmarena.com/verykool_s5014_atlas-7108.php,https://fdn2.gsmarena.com/vv/bigpic/verykool-s5014.jpg,GSM / HSPA,No,"2015, February. Released 2015, February",Discontinued,149 x 76.6 x 8.3 mm (5.87 x 3.02 x 0.33 in),112.0,,,"Dual SIM (Mini-SIM/ Micro-SIM, dual stand-by)",IPS LCD,,5.0,480x854,196,60.4,,Android 4.4.2 (KitKat),Mediatek MT6582M (28 nm),28,Quad-core 1.3 GHz Cortex-A7,Mali-400MP2,1,1,8,8,,8.0,1,,No,,No,LED flash,720p@30fps,2.0,No,,,"Wi-Fi 802.11 b/g/n, hotspot",No,4.0,Micro-USB,Yes,GPS,"Accelerometer, proximity",1900,,,No,,,130.0,,,,,,,,"Black, Blue, White",,,1.18 W/kg (head) 1.18 W/kg (body),FM radio
Verykool,verykool s6001 Cyprus,https://www.gsmarena.com/verykool_s6001_cyprus-7036.php,https://fdn2.gsmarena.com/vv/bigpic/verykool-s6001.jpg,GSM / HSPA,No,"2015, February. Released 2015, February",Discontinued,166 x 85 x 8 mm (6.54 x 3.35 x 0.31 in),200.0,,,"Dual SIM (Mini-SIM/ Micro-SIM, dual stand-by)",IPS LCD,,6.0,720x1280,245,70.3,,Android 4.4.2 (KitKat),Mediatek MT6582M (28 nm),28,Quad-core 1.3 GHz Cortex-A7,Mali-400MP2,1,1,8,8,,13.0,1,,No,,No,LED flash,720p@30fps,3.0,No,,,"Wi-Fi 802.11 b/g/n, hotspot",No,4.0,Micro-USB,Yes,GPS,"Accelerometer, proximity",2300,,,No,,,,,,,,,,,"Black, Blue, White",,,0.76 W/kg (head) 0.64 W/kg (body),FM radio
Verykool,verykool s5015 Spark II,https://www.gsmarena.com/verykool_s5015_spark_ii-7035.php,https://fdn2.gsmarena.com/vv/bigpic/verykool-5015.jpg,GSM / HSPA,No,"2015, January. Released 2015, February",Discontinued,143.5 x 71.5 x 8 mm (5.65 x 2.81 x 0.31 in),135.0,,,"Dual SIM (Mini-SIM/ Micro-SIM, dual stand-by)",TFT,,5.0,720x1280,294,67.2,,Android 4.4.2 (KitKat),Mediatek MT6582M (28 nm),28,Quad-core 1.3 GHz Cortex-A7,Mali-400MP2,1,1,8,8,,8.0,1,,No,,No,Dual-LED flash,720p@30fps,5.0,No,LED flash,,"Wi-Fi 802.11 b/g/n, hotspot",No,4.0,Micro-USB,Yes,GPS,"Accelerometer, proximity",2100,,,No,,,180.0,,,,,,,,"Black, Blue",,,0.67 W/kg (head) 1.42 W/kg (body),FM radio
Verykool,verykool s4010 Gazelle,https://www.gsmarena.com/verykool_s4010_gazelle-6994.php,https://fdn2.gsmarena.com/vv/bigpic/verykool-s4010.jpg,GSM / HSPA,No,"2015, January. Released 2015, January",Discontinued,127.5 x 64.9 x 11 mm (5.02 x 2.56 x 0.43 in),128.0,,,Dual SIM (Mini-SIM),TFT,,4.0,480x800,233,55.0,,Android 4.4.2 (KitKat),Mediatek MT6572M (28 nm),28,Dual-core 1.0 GHz Cortex-A7,Mali-400,,,4,4,,8.0,1,,No,,No,LED flash,720p@30fps,1.3,No,,,"Wi-Fi 802.11 b/g/n, hotspot",No,4.0,Micro-USB,Yes,GPS,"Accelerometer, proximity",1400,,,No,,,80.0,,,,,,,,"White, Blue, Grey",,,0.66 W/kg (head) 1.38 W/kg (body),FM radio
Verykool,verykool s4002 Leo,https://www.gsmarena.com/verykool_s4002_leo-6993.php,https://fdn2.gsmarena.com/vv/bigpic/verykool-s4002.jpg,GSM,No,"2015, January. Released 2015, January",Discontinued,122 x 63 x 10.7 mm (4.80 x 2.48 x 0.42 in),112.0,,,Dual SIM (Mini-SIM),TFT,,4.0,480x800,233,59.3,,Android 4.4.2 (KitKat),Mediatek MT6571E,,Dual-core 1.3 GHz Cortex-A7,Mali-400,,,,,,5.0,1,,No,,No,LED flash,720p@30fps,1.3,No,,,"Wi-Fi 802.11 b/g/n, hotspot",No,4.0,Micro-USB,Yes,GPS,Accelerometer,1450,,,No,,,50.0,,,,,,,,"Black, White, Yellow, Blue",,,0.49 W/kg (head) 0.74 W/kg (body),FM radio
Verykool,verykool s3501 Lynx,https://www.gsmarena.com/verykool_s3501_lynx-6786.php,https://fdn2.gsmarena.com/vv/bigpic/verykool-s3501-Lynx.jpg,GSM,No,"2014, November. Released 2014, November",Discontinued,113.4 x 60.2 x 12.5 mm (4.46 x 2.37 x 0.49 in),88.5,,,Dual SIM (Mini-SIM/ Micro-SIM),"TFT, 256K colors",,3.5,320x480,165,53.4,,Android 4.4.2 (KitKat),Mediatek MT6571 (28 nm),28,Dual-core 1.3 GHz Cortex-A7,Mali-400,,,,,,2.0,1,,No,,No,LED flash,720p@30fps,,No,,,"Wi-Fi 802.11 b/g/n, hotspot",No,4.0,Micro-USB,Yes,GPS,Accelerometer,1000,,,No,,,,,,,,,,,"Yellow, Blue",,,,FM radio
Verykool,verykool R27,https://www.gsmarena.com/verykool_r27-6772.php,https://fdn2.gsmarena.com/vv/bigpic/verykool-r27.jpg,GSM / HSPA,No,"2014, September. Released 2014, October",Discontinued,111.4 x 51.5 x 15.6 mm (4.39 x 2.03 x 0.61 in),110.0,,IP65,Mini-SIM,TFT,,2.2,176x220,128,26.6,Scratch-resistant glass,,,,,,,,,,,2.0,1,,No,,No,LED flash,144p,,No,,,No,No,2.1,2.0,No,No,,900,,,No,,,60.0,,,,,,,,Black,,1.33 W/kg (head) 1.28 W/kg (body),,"Stereo FM radio, built-in antenna"
Verykool,verykool s5511 Juno Quatro,https://www.gsmarena.com/verykool_s5511_juno_quatro-6760.php,https://fdn2.gsmarena.com/vv/bigpic/verykool-s5510.jpg,GSM / HSPA,No,"2014, October. Released 2014, October",Discontinued,150.4 x 77.2 x 8.5 mm (5.92 x 3.04 x 0.33 in),157.0,,,Dual SIM (Mini-SIM/ Micro-SIM),IPS LCD,,5.5,540x960,200,71.8,,Android 4.4.2 (KitKat),Mediatek MT6582M (28 nm),28,Quad-core 1.3 GHz Cortex-A7,Mali-400MP2,1,1,4,4,,8.0,1,,No,,No,LED flash,720p@30fps,2.0,No,,,"Wi-Fi 802.11 b/g/n, hotspot",No,4.0,Micro-USB,Yes,GPS,"Accelerometer, proximity",2300,,,No,,,,,,,,,,,"Yellow, Blue",,,,FM radio
Verykool,verykool s5510 Juno,https://www.gsmarena.com/verykool_s5510_juno-6759.php,https://fdn2.gsmarena.com/vv/bigpic/verykool-s5510.jpg,GSM / HSPA,No,"2014, October. Released 2014, October",Discontinued,150.4 x 77.2 x 8.5 mm (5.92 x 3.04 x 0.33 in),157.0,,,Dual SIM (Mini-SIM/ Micro-SIM),IPS LCD,,5.5,540x960,200,71.8,,Android 4.4.2 (KitKat),Mediatek MT6572 (28 nm),28,Dual-core 1.2 GHz Cortex-A7,Mali-400,,,4,4,,8.0,1,,No,,No,LED flash,720p@30fps,1.3,No,,,"Wi-Fi 802.11 b/g/n, hotspot",No,4.0,Micro-USB,Yes,GPS,"Accelerometer, proximity",2300,,,No,,,,,,,,,,,"Yellow, Blue",,,,FM radio
Verykool,verykool s354,https://www.gsmarena.com/verykool_s354-6740.php,https://fdn2.gsmarena.com/vv/bigpic/verykool-s354.jpg,GSM / HSPA,No,"2014, July. Released 2014, July",Discontinued,119 x 65 x 12 mm (4.69 x 2.56 x 0.47 in),105.0,,,Mini-SIM,"TFT, 256K colors",,3.5,320x480,165,47.2,,Android 4.2 (Jelly Bean),Mediatek MT6572M (28 nm),28,Dual-core 1.2 GHz Cortex-A7,Mali-400,,,4,4,,2.0,1,,No,,No,LED flash,720p@30fps,,No,,,"Wi-Fi 802.11 b/g/n, hotspot",No,3.0,Micro-USB,Yes,No,Accelerometer,1200,,,No,,,60.0,,,,,,,,"Black/Blue, Fuchsia, Yellow",,,0.83 W/kg (head) 1.17 W/kg (body),FM radio
Verykool,verykool SL5000 Quantum,https://www.gsmarena.com/verykool_sl5000_quantum-6671.php,https://fdn2.gsmarena.com/vv/bigpic/verykool-sl500.jpg,GSM / HSPA / LTE,No,"2014, September. Released 2014, September",Discontinued,143 x 72.8 x 8.9 mm (5.63 x 2.87 x 0.35 in),140.0,,,Micro-SIM,IPS LCD,,5.0,480x854,196,66.2,Scratch-resistant glass,Android 4.4.2 (KitKat),,,Quad-core 1.2 GHz,,1,1,4,4,,8.0,1,,No,,No,LED flash,720p@30fps,2.0,No,,,"Wi-Fi 802.11 b/g/n, hotspot",No,4.0,Micro-USB,Yes,GPS,"Accelerometer, proximity",2000,,,No,,,180.0,,,,,,,,White,,,,FM radio
Verykool,verykool s401,https://www.gsmarena.com/verykool_s401-6443.php,https://fdn2.gsmarena.com/vv/bigpic/verykool-s401.jpg,GSM / UMTS,No,"2014, June. Released 2014, June",Discontinued,126 x 65 x 10.4 mm (4.96 x 2.56 x 0.41 in),100.0,,,Single SIM or Dual SIM (dual stand-by),TFT,,4.0,480x800,233,55.6,,Android 4.2 (Jelly Bean),,,Dual-core 1.0 GHz,,,,4,4,,5.0,1,,No,,No,LED flash,Yes,,No,,,"Wi-Fi 802.11 b/g/n, hotspot",No,4.0,2.0,Yes,No,"Accelerometer, proximity",1400,,,No,,,,,,,,,,,Blue,,,,FM radio
Verykool,verykool s352,https://www.gsmarena.com/verykool_s352-6442.php,https://fdn2.gsmarena.com/vv/bigpic/verykool-s352.jpg,GSM,No,"2014, June. Released 2014, June",Discontinued,118 x 63.1 x 12.4 mm (4.65 x 2.48 x 0.49 in),104.0,,,Single SIM or Dual SIM (dual stand-by),TFT,,3.5,320x480,,,,Android 4.2 (Jelly Bean),,,,,,,4,4,,2.0,1,,No,,No,,Yes,,No,,,"Wi-Fi 802.11 b/g/n, hotspot",No,4.0,2.0,Yes,No,Accelerometer,1300,,,No,,,,,,,,,,,"Black, Blue, Green, Red, Pink",,,,FM radio
Verykool,verykool s351,https://www.gsmarena.com/verykool_s351-6441.php,https://fdn2.gsmarena.com/vv/bigpic/verykool-s351.jpg,GSM / HSPA,No,"2014, June. Released 2014, June",Discontinued,116.9 x 62.7 x 12.7 mm (4.60 x 2.47 x 0.5 in),90.5,,,Single SIM or Dual SIM (dual stand-by),TFT,,3.5,320x480,,,,Android 4.1.2 (Jelly Bean),,,Dual-core 1.0 GHz,,,,,,,2.0,1,,No,,No,,Yes,,No,,,"Wi-Fi 802.11 b/g/n, hotspot",No,2.0,2.0,Yes,No,Accelerometer,1150,,,No,,,,,,,,,,,Black/Green,,,,FM radio
Verykool,verykool i129,https://www.gsmarena.com/verykool_i129-6440.php,https://fdn2.gsmarena.com/vv/bigpic/verykool-i129.jpg,GSM,No,"2014, June. Released 2014, June",Discontinued,113.5 x 48.4 x 14 mm (4.47 x 1.91 x 0.55 in),75.0,,,Mini-SIM,TFT,,1.77,128x160,116,17.9,,,,,,,,,,,,,1,,No,,No,,Yes,,No,,,No,No,2.1,1.1,No,No,,600,,,No,,,,,,,,,,,"Blue, Red, Pink, Yellow, Green",,,,"FM radio, built-in antenna"
Verykool,verykool s505,https://www.gsmarena.com/verykool_s505-6400.php,https://fdn2.gsmarena.com/vv/bigpic/verykool-s505.jpg,GSM / HSPA,No,"2014, May. Released 2014, May",Discontinued,143.5 x 71.6 x 8.3 mm (5.65 x 2.82 x 0.33 in),100.0,,,Single SIM or Dual SIM (dual stand-by),IPS LCD,,5.0,720x1280,294,67.1,,Android 4.2 (Jelly Bean),,,Quad-core 1.3 GHz,,1,1,4,4,,12.0,1,,No,,No,LED flash,Yes,2.0,No,,,"Wi-Fi 802.11 b/g/n, hotspot",No,4.0,Micro-USB,Yes,GPS,"Accelerometer, proximity",2000,,,No,,,,,,,,,,,"Black, White",,,,FM radio
Verykool,verykool s450,https://www.gsmarena.com/verykool_s450-6401.php,https://fdn2.gsmarena.com/vv/bigpic/verykool-s450.jpg,GSM / HSPA,No,"2014, May. Released 2014, May",Discontinued,131.4 x 66.8 x 9.9 mm (5.17 x 2.63 x 0.39 in),132.5,,,Single SIM or Dual SIM (dual stand-by),IPS LCD,,4.5,480x854,218,63.6,,Android 4.2 (Jelly Bean),,,Dual-core 1.2 GHz,,,,4,4,,8.0,1,,No,,No,,Yes,,No,,,"Wi-Fi 802.11 b/g/n, hotspot",No,4.0,Micro-USB,Yes,GPS,"Accelerometer, proximity",1750,,,No,,,,,,,,,,,Black,,,,FM radio
Verykool,verykool T742,https://www.gsmarena.com/verykool_t742-6040.php,https://fdn2.gsmarena.com/vv/bigpic/verykool-t742-kolorpad.jpg,GSM / HSPA,No,"2014, February. Released 2014, February",Discontinued,192 x 107.8 x 9.5 mm (7.56 x 4.24 x 0.37 in),250.0,,,"Single SIM (Mini-SIM) or Dual SIM (Mini-SIM, dual stand-by)",TFT,,7.0,480x800,133,67.4,,Android 4.2 (Jelly Bean),,,Dual-core 1.3 GHz,,,,4,4,,3.15,1,,No,,No,LED flash,Yes,,No,,,"Wi-Fi 802.11 b/g/n, hotspot",No,4.0,Micro-USB,Yes,GPS,Accelerometer,2500,,,No,,,110.0,,,,,,,,Black,,,,FM radio
Verykool,verykool s353,https://www.gsmarena.com/verykool_s353-6016.php,https://fdn2.gsmarena.com/vv/bigpic/verykool-s353-jasper.jpg,GSM / HSPA,No,"2014, February. Released 2014, February",Discontinued,118 x 63.1 x 12.4 mm (4.65 x 2.48 x 0.49 in),104.0,,,Single SIM or Dual SIM (dual stand-by),TFT,,3.5,480x800,,,,Android 4.2 (Jelly Bean),,,Dual-core 1.0 GHz,,,,4,4,,2.0,1,,No,,No,,Yes,,No,,,"Wi-Fi 802.11 b/g/n, hotspot",No,2.1,1.1,Yes,No,Accelerometer,1400,,,No,,,,,,,,,,,"Black, White, Red, Pink",,,,FM radio
Verykool,verykool R80L Granite II,https://www.gsmarena.com/verykool_r80l_granite_ii-5973.php,https://fdn2.gsmarena.com/vv/bigpic/verykool-R80L-Granite-II.jpg,GSM,No,"2014, January. Released 2014, January",Discontinued,109.9 x 47.3 x 14.6 mm (4.33 x 1.86 x 0.57 in),73.7,,,Mini-SIM,TFT,,2.4,240x320,167,34.3,Scratch-resistant glass,,,,,,,,,,,2.0,1,,No,,No,,Yes,,No,,,No,No,2.1,2.0,,No,,800,,,No,,,,,,,,,,,Black,,,,FM radio
Verykool,verykool i240,https://www.gsmarena.com/verykool_i240-5959.php,https://fdn2.gsmarena.com/vv/bigpic/verykool-i240-rutti.jpg,GSM,No,"2014, January. Released 2014, January",Discontinued,116 x 51 x 11.8 mm (4.57 x 2.01 x 0.46 in),85.0,,,Dual SIM,TFT,,2.4,240x320,167,30.2,,,,,108 MHz,,,,,,,,1,,No,,No,,Yes,,No,,,No,No,2.1,Micro-USB,Yes,No,,800,,,No,,,,,,,,,,,"White, Red, Blue",,,,FM radio; built-in antenna
Verykool,verykool i603,https://www.gsmarena.com/verykool_i603-5881.php,https://fdn2.gsmarena.com/vv/bigpic/verykool-i603.jpg,GSM,No,2013. Released 2013,Discontinued,100 x 59 x 13 mm (3.94 x 2.32 x 0.51 in),85.0,,,Dual SIM (Mini-SIM),TFT,,2.0,176x220,141,21.3,,,,,,,,,,,,,1,,No,,No,,,,No,,,No,No,3.0,1.1,Yes,No,,650,,,No,,,,,,,,,,,"Black, Blue, Yellow, Red, Pink",,,,FM radio
Verykool,verykool i128,https://www.gsmarena.com/verykool_i128-5816.php,https://fdn2.gsmarena.com/vv/bigpic/verykool-i128.jpg,GSM,No,2013. Released 2013,Discontinued,108.5 x 46.8 x 10.9 mm (4.27 x 1.84 x 0.43 in),55.0,,,Dual SIM,TFT,,1.77,128x160,116,19.4,,,,,,,,,,,,,1,,No,,No,,Yes,,No,,,No,No,2.1,Proprietary,No,No,,500,,,No,,,,,,,,,,,"Blue, Red, Pink",,,,FM radio
Verykool,verykool i133,https://www.gsmarena.com/verykool_i133-5785.php,https://fdn2.gsmarena.com/vv/bigpic/verykool-i133.jpg,GSM / HSPA,No,2013. Released 2013,Discontinued,110 x 48.2 x 12.4 mm (4.33 x 1.90 x 0.49 in),85.0,,,Dual SIM (Mini-SIM),TFT,,1.8,128x160,114,19.2,,,,,,,,,,,,,1,,No,,No,,Yes,,No,,,No,No,2.1,Proprietary,Yes,No,,600,,,No,,,,,,,,,,,Black,,,,FM radio
Verykool,verykool s400,https://www.gsmarena.com/verykool_s400-5744.php,https://fdn2.gsmarena.com/vv/bigpic/verykool-s400.jpg,GSM / HSPA,No,"2013, September. Released 2013, September",Discontinued,119 x 65 x 12 mm (4.69 x 2.56 x 0.47 in),120.0,,,"Single SIM (Mini-SIM) or Dual SIM (Mini-SIM, dual stand-by)",TFT,,4.0,480x800,233,58.9,,Android 4.2.1 (Jelly Bean),Mediatek MT6589 (28 nm),28,Quad-core 1.2 GHz Cortex-A7,PowerVR SGX544,,,4,4,,5.0,1,,No,,No,,Yes,,No,,,"Wi-Fi 802.11 b/g, hotspot",No,3.0,Micro-USB,Yes,GPS,"Accelerometer, proximity",1400,,,No,,,,,,,,,,,"Black, White, Pink, Blue",,,,FM radio
Verykool,verykool i127,https://www.gsmarena.com/verykool_i127-5737.php,https://fdn2.gsmarena.com/vv/bigpic/verykool-i127.jpg,GSM,No,2013. Released 2013,Discontinued,109 x 46 x 13.4 mm (4.29 x 1.81 x 0.53 in),55.0,,,Dual SIM (Mini-SIM),TFT,,1.77,128x160,116,19.7,,,,,,,,,,,,,1,,No,,No,,Yes,,No,,,No,No,3.0,charging only,Yes,No,,500,,,No,,,,,,,,,,,"Blue, Red, Pink, Yellow, Green",,,,FM radio
Verykool,verykool s470,https://www.gsmarena.com/verykool_s470-5707.php,https://fdn2.gsmarena.com/vv/bigpic/verykool-s470.jpg,GSM / HSPA,No,"2013, September. Released 2013, September",Discontinued,137 x 71 x 10.5 mm (5.39 x 2.80 x 0.41 in),150.0,,,"Single SIM (Mini-SIM) or Dual SIM (Mini-SIM, dual stand-by)",IPS LCD,,4.7,720x1280,312,62.6,,Android 4.2.1 (Jelly Bean),Mediatek MT6589 (28 nm),28,Quad-core 1.2 GHz Cortex-A7,PowerVR SGX544,1,1,1,1,,8.0,1,,No,,No,"Dual-LED flash, panorama",1080p@30fps,2.0,No,,,"Wi-Fi 802.11 b/g/n, hotspot",No,4.0,Micro-USB,Yes,GPS,"Accelerometer, proximity, compass",2000,,,No,,,,,,,,,,,"Black, White",,,,FM radio
Verykool,verykool i316,https://www.gsmarena.com/verykool_i316-5688.php,https://fdn2.gsmarena.com/vv/bigpic/verykool-i316.jpg,GSM,No,"2013, September. Released 2013, September",Discontinued,89 x 44 x 16.4 mm (3.50 x 1.73 x 0.65 in),69.0,,,Mini-SIM,TFT,,1.8,128x160,114,26.0,,,,,,,,,,,,,1,,No,,No,,Yes,,No,,,No,No,2.1,Proprietary,Yes,No,,800,,,No,,,,,,,,,,,"Black, Blue, Red, Light green",,,,FM radio
Verykool,verykool RS90,https://www.gsmarena.com/verykool_rs90-5606.php,https://fdn2.gsmarena.com/vv/bigpic/verykool-rs90.jpg,GSM / HSPA,No,2013. Released 2013,Discontinued,144 x 75.6 x 12.1 mm (5.67 x 2.98 x 0.48 in),201.0,,IP67,Dual SIM (Mini-SIM),IPS LCD,,4.5,540x960,245,51.3,Corning Gorilla Glass,Android 4.0 (Ice Cream Sandwich),,,Dual-core 1.2 GHz,,,,2,2,,5.0,1,,No,,No,LED flash,Yes,,No,,,"Wi-Fi 802.11 b/g, hotspot",No,2.1,2.0,Yes,GPS,"Accelerometer, proximity",1800,,,No,,,,,,,,,,,Black,,,,FM radio
Verykool,verykool i126,https://www.gsmarena.com/verykool_i126-5484.php,https://fdn2.gsmarena.com/vv/bigpic/verykool-i126.jpg,GSM,No,2013. Released 2013,Discontinued,111.4 x 44.4 x 14.6 mm (4.39 x 1.75 x 0.57 in),64.0,,,Dual SIM (Mini-SIM),TFT,,1.8,128x160,114,20.6,,,,,,,,,,,,,1,,No,,No,,Yes,,No,,,No,No,3.0,2.0,,No,,650,,,No,,,,,,,,,,,"Black, Black/Green, Black/Red, Black/Blue",,,,FM radio
Verykool,verykool RS75,https://www.gsmarena.com/verykool_rs75-5454.php,https://fdn2.gsmarena.com/vv/bigpic/verykool-rs75.jpg,GSM / HSPA,No,2013. Released 2013,Discontinued,121.6 x 64.7 x 12.5 mm (4.79 x 2.55 x 0.49 in),120.0,,IP67,Dual SIM (Mini-SIM),TFT,,3.5,320x480,165,46.4,Scratch-resistant glass,Android 2.3 (Gingerbread),,,1.0 GHz,,,,,,,3.15,1,,No,,No,,Yes,,No,,,"Wi-Fi 802.11 b/g, hotspot",No,2.1,2.0,Yes,GPS,"Accelerometer, proximity",1350,,,No,,,,,,,,,,,Black,,,,FM radio
Verykool,verykool i607,https://www.gsmarena.com/verykool_i607-5443.php,https://fdn2.gsmarena.com/vv/bigpic/verykool-i607.jpg,GSM,No,2013. Released 2013,Discontinued,111 x 59 x 11 mm (4.37 x 2.32 x 0.43 in),82.0,,,Dual SIM (Mini-SIM),TFT,,2.2,176x220,128,23.3,,,,,,,,,,,,2.0,1,,No,,No,,,,No,,,Wi-Fi 802.11 b/g/n,No,3.0,Proprietary,,No,,700,,,No,,,,,,,,,,,"Black, White/ various backs",,,,FM radio
Verykool,verykool s732,https://www.gsmarena.com/verykool_s732-5407.php,https://fdn2.gsmarena.com/vv/bigpic/verykool-s732.jpg,GSM / HSPA,No,2013. Released 2013,Discontinued,117.5 x 62.5 x 12.8 mm (4.63 x 2.46 x 0.50 in),120.0,,,Single SIM or Dual SIM (dual stand-by),TFT,,3.5,320x480,165,49.7,,Android 2.3.7 (Gingerbread),,,832 MHz,,,,,,,2.0,1,,No,,No,,Yes,,No,,,"Wi-Fi 802.11 b/g/n, hotspot",No,3.0,Micro-USB,Yes,No,Accelerometer,1450,,,No,,,,,,,,,,,Black,,,,FM radio
Verykool,verykool s758,https://www.gsmarena.com/verykool_s758-5350.php,https://fdn2.gsmarena.com/vv/bigpic/verykool-s758.jpg,GSM / HSPA,No,2013. Released 2013,Discontinued,152.3 x 80 x 11 mm (6.00 x 3.15 x 0.43 in),212.0,,,Dual SIM (Mini-SIM),TFT,,5.15,480x800,181,62.0,,Android 4.0 (Ice Cream Sandwich),Mediatek MT6577 (40 nm),40,Dual-core 1.0 GHz Cotex-A9,PowerVR SGX531,,,,,,5.0,1,,No,,No,LED flash,Yes,,No,,,"Wi-Fi 802.11 b/g/n, hotspot",No,3.0,Micro-USB,Yes,GPS,"Accelerometer, proximity, compass",2350,,,No,,,,,,,,,,,"Black, White",,,,Stereo FM radio
Verykool,verykool s350,https://www.gsmarena.com/verykool_s350-5349.php,https://fdn2.gsmarena.com/vv/bigpic/verykool-s350.jpg,GSM,No,2013. Released 2013,Discontinued,113 x 60 x 10.6 mm (4.45 x 2.36 x 0.42 in),100.0,,,Dual SIM (Mini-SIM),TFT,,3.5,320x480,165,53.8,,Android 2.3 (Gingerbread),,,1.0 GHz,,,,,,,2.0,1,,No,,No,,Yes,,No,,,"Wi-Fi 802.11 b/g/n, hotspot",No,2.1,1.1,Yes,No,Accelerometer,1100,,,No,,,,,,,,,,,"Black, White",,,,FM radio
Verykool,verykool R623,https://www.gsmarena.com/verykool_r623-5348.php,https://fdn2.gsmarena.com/vv/bigpic/verykool-r623.jpg,GSM,No,2013. Released 2013,Discontinued,115 x 62.4 x 15.4 mm (4.53 x 2.46 x 0.61 in),112.0,,IP65,Dual SIM (Mini-SIM),TFT,,2.3,320x240,174,22.8,Scratch-resistant glass,,,,,,,,,,,2.0,1,,No,,No,,Yes,,No,,,No,No,2.1,2.0,Yes,No,,1050,,,No,,,,,,,,,,,Black,,,,FM radio
Verykool,verykool i601,https://www.gsmarena.com/verykool_i601-5347.php,https://fdn2.gsmarena.com/vv/bigpic/verykool-i601.jpg,GSM,No,2013. Released 2013,Discontinued,100 x 55 x 12.4 mm (3.94 x 2.17 x 0.49 in),85.0,,,Dual SIM (Mini-SIM),TFT,,2.0,176x220,141,22.9,,,,,,,,,,,,,1,,No,,No,,,,No,,,No,No,2.1,1.1,,No,,550,,,No,,,,,,,,,,,"Black, Blue, Red, Lime",,,,FM radio
Verykool,verykool i121C,https://www.gsmarena.com/verykool_i121c-5346.php,https://fdn2.gsmarena.com/vv/bigpic/verykool-i121c.jpg,GSM,No,2013. Released 2013,Discontinued,109 x 44 x 13 mm (4.29 x 1.73 x 0.51 in),65.0,,,Dual SIM (Mini-SIM),TFT,,1.77,128x160,116,20.6,,,,,,,,,,,,,1,,No,,No,,No,,No,,,No,No,2.0,miniUSB,,No,,650,,,No,,,,,,,,,,,"Black, Dark blue, Light blue, Lime, Green, Yellow, Red",,,,FM radio
Verykool,verykool i121,https://www.gsmarena.com/verykool_i121-5345.php,https://fdn2.gsmarena.com/vv/bigpic/verykool-i121.jpg,GSM,No,2013. Released 2013,Discontinued,109 x 44 x 13 mm (4.29 x 1.73 x 0.51 in),65.0,,,Dual SIM (Mini-SIM),TFT,,1.77,128x160,116,20.6,,,,,,,,,,,,,,,No,,No,,,,No,,,No,No,2.0,miniUSB,,No,,650,,,No,,,,,,,,,,,"Black, Dark blue, Light blue, Lime, Green, Yellow, Red",,,,FM radio
Verykool,verykool R25,https://www.gsmarena.com/verykool_r25-5344.php,https://fdn2.gsmarena.com/vv/bigpic/verykool-r25.jpg,GSM,No,2013. Released 2013,Discontinued,111.4 x 51.5 x 15.6 mm (4.39 x 2.03 x 0.61 in),110.0,,IP65,Dual SIM (Mini-SIM),TFT,,2.2,176x220,128,26.6,Scratch-resistant glass,,,,,,,,,,,2.0,1,,No,,No,,Yes,,No,,,No,No,2.1,2.0,,No,,1050,,,No,,,,,,,,,,,Black,,,,FM radio
Verykool,verykool s735,https://www.gsmarena.com/verykool_s735-5143.php,https://fdn2.gsmarena.com/vv/bigpic/verykool-s375.jpg,GSM / HSPA,No,2012,Discontinued,118.5 x 61 x 10.8 mm (4.67 x 2.40 x 0.43 in),121.0,,,Dual SIM (Mini-SIM),TFT,,3.5,320x480,165,50.5,,Android 2.3.6 (Gingerbread),,,1.0 GHz,,,,,,,3.15,1,,No,,No,,Yes,,No,,,"Wi-Fi 802.11 b/g, hotspot",No,2.1,Micro-USB,Yes,GPS,"Accelerometer, proximity",1350,,,No,,,,,,,,,,,Black,,,,FM radio
Verykool,verykool s135,https://www.gsmarena.com/verykool_s135-5126.php,https://fdn2.gsmarena.com/vv/bigpic/verykool-s135.jpg,GSM / HSPA,No,"2012, November. Released 2012, November",Discontinued,108 x 45 x 12.3 mm (4.25 x 1.77 x 0.48 in),80.0,,,Dual SIM (Mini-SIM),TFT,,1.8,176x220,157,21.0,,,,,,,,,,,,1.3,1,,No,,No,,Yes,,No,,,"Wi-Fi 802.11 b/g, hotspot",No,2.1,2.0,No,No,,1000,,,No,,,,,,,,,,,Black,,,,FM radio
Verykool,verykool i320,https://www.gsmarena.com/verykool_i320-5107.php,https://fdn2.gsmarena.com/vv/bigpic/verykool-i320.jpg,GSM,No,"2012, November. Released 2012, November",Discontinued,96 x 48 x 17 mm (3.78 x 1.89 x 0.67 in),85.0,,,Mini-SIM,TFT,,2.2,240x320,182,32.5,,,,,,,,,,,,1.3,1,,No,,No,,Yes,,No,,,No,No,2.1,Proprietary,Yes,No,,800,,,No,,,,,,,,,,,"Black, White, Blue",,,,FM radio
Verykool,verykool i315N,https://www.gsmarena.com/verykool_i315n-5093.php,https://fdn2.gsmarena.com/vv/bigpic/verykool-i315n.jpg,GSM,No,"2012, October. Released 2012, October",Discontinued,80 x 38 x 22 mm (3.15 x 1.50 x 0.87 in),70.0,,,Mini-SIM,TFT,,1.44,128x128,126,22.0,,,,,,,,,,,,,1,,No,,No,,No,,No,,,No,No,2.1,Proprietary,Yes,No,,,,,No,,,,,,,,,,,"Red, Black, Blue",,,,FM radio
Verykool,verykool s635,https://www.gsmarena.com/verykool_s635-5064.php,https://fdn2.gsmarena.com/vv/bigpic/verykool-s365.jpg,GSM / HSPA,No,"2012, October. Released 2012, October",Discontinued,108 x 57.2 x 12.5 mm (4.25 x 2.25 x 0.49 in),80.0,,,Dual SIM (Mini-SIM),TFT,,2.0,320x240,200,20.1,,,,,,,,,,,,1.3,1,,No,,No,,Yes,,No,,,"Wi-Fi 802.11 b/g/n, hotspot",No,2.1,2.0,No,No,,1100,,,No,,,,,,,,,,,"Black/Red, Black/Blue",,,,FM radio
Verykool,verykool s728,https://www.gsmarena.com/verykool_s728-5051.php,https://fdn2.gsmarena.com/vv/bigpic/verykool-s728.jpg,GSM / HSPA,No,"2012, October. Released 2012, October",Discontinued,104 x 56.8 x 12.9 mm (4.09 x 2.24 x 0.51 in),90.0,,,Dual SIM (Mini-SIM),TFT,,2.8,240x320,143,41.1,,Android 2.3.5 (Gingerbread),,,650 MHz,,,,,,,3.2,1,,No,,No,,Yes,,No,,,"Wi-Fi 802.11 b/g/n, hotspot",No,2.0,Proprietary,Yes,GPS,"Accelerometer, proximity",1110,,,No,,,,,,,,,,,"Black, White",,,,FM radio
Verykool,verykool i625,https://www.gsmarena.com/verykool_i625-5050.php,https://fdn2.gsmarena.com/vv/bigpic/verykool-i625.jpg,GSM,No,"2012, October. Released 2012, October",Discontinued,111 x 58.4 x 11.2 mm (4.37 x 2.30 x 0.44 in),110.0,,,Dual SIM (Mini-SIM),TFT,,2.3,320x240,174,25.3,,,,,,,,,,,,1.3,1,,No,,No,,,,No,,,Wi-Fi 802.11 b/g/n,No,2.0,Proprietary,Yes,No,,,,,No,,,,,,,,,,,"Black/Red, White/Blue",,,,Wireless FM radio (no wired headphones required)
Verykool,verykool i130,https://www.gsmarena.com/verykool_i130-5049.php,https://fdn2.gsmarena.com/vv/bigpic/verykool-i130.jpg,GSM,No,"2012, October. Released 2012, October",Discontinued,107 x 45 x 12 mm (4.21 x 1.77 x 0.47 in),63.0,,,Dual SIM (Mini-SIM),TFT,,1.8,128x160,114,21.2,,,,,,,,,,,,,1,,No,,No,,,,No,,,No,No,,,No,No,,,,,No,,,,,,,,,,,"Black, White, White/Green, White/Blue",,,,FM radio
Verykool,verykool R800,https://www.gsmarena.com/verykool_r800-4943.php,https://fdn2.gsmarena.com/vv/bigpic/verykool-r800.jpg,GSM / HSPA,No,"2012, August. Released 2012, August",Discontinued,216 x 125 x 11 mm (8.50 x 4.92 x 0.43 in),417.0,,,Mini-SIM,TFT,,7.0,480x800,133,51.7,,Android 2.2 (Froyo),,,800 MHz,,,,,,,2.0,1,,No,,No,,Yes,,No,,,"Wi-Fi 802.11 b/g, hotspot",,2.1,Proprietary,Yes,GPS,"Accelerometer, proximity, compass",3500,,,No,,,,,,,,,,,Black,,,,FM radio
Verykool,verykool i123,https://www.gsmarena.com/verykool_i123-4902.php,https://fdn2.gsmarena.com/vv/bigpic/verykool-i123.jpg,GSM,No,"2012, August. Released 2012, August",Discontinued,107 x 45 x 11.3 mm (4.21 x 1.77 x 0.44 in),80.0,,,Dual SIM (Mini-SIM),TFT,,1.8,128x160,114,21.2,,,,,,,,,,,,,1,,No,,No,,,,No,,,No,,,Proprietary,No,No,,600,,,No,,,,,,,,,,,"Green, Blue, Red",,,,FM radio
Verykool,verykool s757,https://www.gsmarena.com/verykool_s757-4872.php,https://fdn2.gsmarena.com/vv/bigpic/verykool-s757.jpg,GSM / HSPA,No,2012. Released 2012,Discontinued,148 x 77 x 12.8 mm (5.83 x 3.03 x 0.50 in),288.0,,,Dual SIM (Mini-SIM),TFT,,5.0,480x800,187,62.4,,Android 2.3.5 (Gingerbread),Mediatek MT6573 (65 nm),65,800 MHz Cortex-A9,PowerVR SGX531,,,,,,5.0,1,,No,,No,LED flash,Yes,,No,,,"Wi-Fi 802.11 b/g/n, hotspot",,2.1,Micro-USB,Yes,"GPS, A-GPS","Accelerometer, proximity, compass",2300,,,No,,,,,,,,,,,Black,,,,Stereo FM radio
Verykool,verykool i675,https://www.gsmarena.com/verykool_i675-4818.php,https://fdn2.gsmarena.com/vv/bigpic/verykool-i674.jpg,GSM,No,"2012, June",Discontinued,122 x 60 x 11 mm (4.80 x 2.36 x 0.43 in),100.0,,,Mini-SIM,TFT,,2.8,240x320,143,33.2,,,,,,,,,,,,2.0,1,,No,,No,,Yes,,No,,,Wi-Fi 802.11 b/g/n,,2.0,Micro-USB,Yes,No,,1000,,,No,,,,,,,,,,,"Green, Blue, Red",,,,FM radio
Verykool,verykool i674,https://www.gsmarena.com/verykool_i674-4817.php,https://fdn2.gsmarena.com/vv/bigpic/verykool-i674.jpg,GSM,No,"2012, June",Discontinued,122 x 60 x 11 mm (4.80 x 2.36 x 0.43 in),100.0,,,Dual SIM (Mini-SIM),TFT,,2.8,240x320,143,33.2,,,,,,,,,,,,2.0,1,,No,,No,,Yes,,No,,,Wi-Fi 802.11 b/g/n,,2.0,Micro-USB,Yes,No,,1000,,,No,,,,,,,,,,,"Green, Blue, Red",,,,FM radio
Verykool,verykool i672,https://www.gsmarena.com/verykool_i672-4763.php,https://fdn2.gsmarena.com/vv/bigpic/verykool-i672.jpg,GSM,No,"2012, May",Discontinued,119 x 57.2 x 13 mm (4.69 x 2.25 x 0.51 in),90.0,,,Mini-SIM,TFT,,2.4,240x320,,26.2,,,,,,,,,,,,1.3,1,,No,,No,,QCIF,,No,,,No,,,Proprietary,,No,,950,,,No,,,,,,,,,,,"Black, White",,,,FM radio
Verykool,verykool R16,https://www.gsmarena.com/verykool_r16-4699.php,https://fdn2.gsmarena.com/vv/bigpic/verykool-r16.jpg,GSM,No,2012. Released 2012,Discontinued,109.9 x 47.3 x 14.6 mm (4.33 x 1.86 x 0.57 in),73.7,,,Mini-SIM,"TFT, 65K colors",,1.8,128x160,114,19.6,,,,,,,,,,,,1.3,1,,No,,No,,,,No,,,No,,2.0,Proprietary,,No,,800,,,No,,,,,,,,,,,"Black/Orange, Black/Blue",,,,FM radio
Verykool,verykool s700,https://www.gsmarena.com/verykool_s700-4634.php,https://fdn2.gsmarena.com/vv/bigpic/verykool-s700.jpg,GSM / HSPA,No,2012,Discontinued,117 x 65 x 12.7 mm (4.61 x 2.56 x 0.5 in),110.0,,,Dual SIM (Mini-SIM),TFT,,3.5,240x400,133,45.8,,Android 2.2 (Froyo),,,,,,,,,,2.0,1,,No,,No,,Yes,,No,,,Wi-Fi 802.11 b/g,,2.1,Micro-USB,Yes,"GPS, A-GPS","Accelerometer, proximity, compass",1400,,,No,,,,,,,,,,,Black,,,,Stereo FM radio
Verykool,verykool i605,https://www.gsmarena.com/verykool_i605-4630.php,https://fdn2.gsmarena.com/vv/bigpic/verykool-i605.jpg,GSM,No,"2012, Q1",Discontinued,118 x 49.8 x 13.5 mm (4.65 x 1.96 x 0.53 in),79.0,,,Mini-SIM,TFT,,2.0,240x320,,21.1,,,,,,,,,,,,1.3,1,,No,,No,,Yes,,No,,,No,,,Proprietary,Yes,No,,,,,No,,,,,,,,,,,"Black, White",,,,FM radio
Verykool,verykool i604,https://www.gsmarena.com/verykool_i604-4631.php,https://fdn2.gsmarena.com/vv/bigpic/verykool-i604.jpg,GSM,No,"2012, Q1",Discontinued,118 x 49.8 x 13.5 mm (4.65 x 1.96 x 0.53 in),79.0,,,Dual SIM (Mini-SIM),TFT,,2.0,176x220,,21.1,,,,,,,,,,,,1.3,1,,No,,No,,Yes,,No,,,No,,2.0,Micro-USB,Yes,No,,,,,No,,,,,,,,,,,"Black, White",,,,FM radio
Verykool,verykool i125,https://www.gsmarena.com/verykool_i125-4438.php,https://fdn2.gsmarena.com/vv/bigpic/verykool-i125.jpg,GSM,No,"2012, January. Released 2012, January",Discontinued,107 x 45 x 12 mm (4.21 x 1.77 x 0.47 in),63.0,,,Dual SIM (Mini-SIM),TFT,,1.8,160x240,,20.0,,,,,,,,,,,,,1,,No,,No,,,,No,,,No,,,No,No,No,,,,,No,,,,,,,,,,,"Black/Red, Black/Blue, Black/Green",,,,FM radio
Verykool,verykool S815,https://www.gsmarena.com/verykool_s815-4393.php,https://fdn2.gsmarena.com/vv/bigpic/verykool-s815.jpg,GSM / HSPA,No,"2011, Q4. Released 2011, December",Discontinued,105.5 x 58 x 11.7 mm (4.15 x 2.28 x 0.46 in),90.0,,,Mini-SIM,TFT,,2.4,320x240,167,29.2,,,,,,,,,,,,2.0,1,,No,,No,,Yes,,No,,,No,,,Proprietary,Yes,No,,,,,No,,,,,,,,,,,Black,,,,FM radio
Verykool,verykool R23,https://www.gsmarena.com/verykool_r23-4368.php,https://fdn2.gsmarena.com/vv/bigpic/verykool-r23.jpg,GSM,No,2011. Released 2011,Discontinued,111 x 51.5 x 15 mm (4.37 x 2.03 x 0.59 in),110.0,,,Mini-SIM,TFT,,2.2,176x220,,26.6,,,,,,,,,,,,1.3,1,,No,,No,,,,No,,,No,,2.0,Proprietary,,No,,,,,No,,,,,,,,,,,Black,,,,FM radio
Verykool,verykool R620,https://www.gsmarena.com/verykool_r620-4338.php,https://fdn2.gsmarena.com/vv/bigpic/verykool-r620.jpg,GSM,No,"2011, Q3",Discontinued,115.8 x 62 x 13.2 mm (4.56 x 2.44 x 0.52 in),110.0,,,Mini-SIM,TFT,,2.3,320x240,174,22.8,,,,,,,,,,,,2.0,1,,No,,No,,Yes,,No,,,Wi-Fi 802.11 b/g,,2.0,Proprietary,Yes,No,,,,,No,,,,,,,,,,,Black,,,,FM radio
Verykool,verykool i285,https://www.gsmarena.com/verykool_i285-4225.php,https://fdn2.gsmarena.com/vv/bigpic/verykool-i285.jpg,GSM,No,"2011, Q2",Discontinued,117 x 57 x 12.1 mm (4.61 x 2.24 x 0.48 in),106.0,,,Mini-SIM,TFT,,3.2,240x400,146,43.7,,,,,,,,,,,,2.0,1,,No,,No,,Yes,,No,,,Wi-Fi 802.11 b/g/n,,2.0,1.2,,No,Accelerometer,1100,,,No,,,,,,,,,,,Gray,,,,FM radio
Verykool,verykool i725,https://www.gsmarena.com/verykool_i725-4214.php,https://fdn2.gsmarena.com/vv/bigpic/verykool-i725.jpg,GSM,No,"2011, Q2",Discontinued,107 x 57 x 11.8 mm (4.21 x 2.24 x 0.46 in),106.0,,,Mini-SIM,TFT,,3.0,240x320,133,45.7,,,,,,,,,,,,2.0,1,,No,,No,,Yes,,No,,,Wi-Fi 802.11 b/g/n,,2.0,1.2,,No,,700,,,No,,,,,,,,,,,Black,,,,FM radio
Verykool,verykool CD611,https://www.gsmarena.com/verykool_cd611-4049.php,https://fdn2.gsmarena.com/vv/bigpic/verykool-cd611.jpg,CDMA / CDMA2000,No,2011. Released 2011,Discontinued,103 x 56 x 13.5 mm (4.06 x 2.20 x 0.53 in),,,,Mini-SIM,TFT,,2.0,240x320,,21.5,,,,,,,,,,,,,1,,No,,No,,,,No,,,No,,,Proprietary,Yes,No,,,,,No,,,,,,,,,,,Black,,,,FM radio
Verykool,verykool i800,https://www.gsmarena.com/verykool_i800-4008.php,https://fdn2.gsmarena.com/vv/bigpic/verykool-i800.jpg,GSM / HSPA,No,2011. Released 2011,Discontinued,111 x 58.5 x 13.2 mm (4.37 x 2.30 x 0.52 in),107.0,,,Mini-SIM,"TFT, 256K colors",,2.8,240x320,143,37.4,,,,,,,,,,,,3.15,1,,No,,No,,Yes,,No,,,No,,1.2,1.2,Yes,A-GPS only,Accelerometer,,,,No,,,,,,,,,,,Black,,,,No
Verykool,verykool i720,https://www.gsmarena.com/verykool_i720-4009.php,https://fdn2.gsmarena.com/vv/bigpic/verykool-i720.jpg,GSM,No,2011. Released 2011,Discontinued,102 x 62 x 16.3 mm (4.02 x 2.44 x 0.64 in),145.0,,,Mini-SIM,TFT,,2.8,240x320,143,38.4,,,,,,,,,,,,2.0,1,,No,,No,,Yes,,No,,,Wi-Fi 802.11,,2.0,1.2,Yes,No,,,,,No,,,,,,,,,,,Black,,,,FM radio
Verykool,verykool i705,https://www.gsmarena.com/verykool_i705-4010.php,https://fdn2.gsmarena.com/vv/bigpic/verykool-i705.jpg,GSM,No,2011. Released 2011,Discontinued,94 x 45 x 18.6 mm (3.70 x 1.77 x 0.73 in),90.0,,,Mini-SIM,TFT,,2.0,240x320,,29.3,,,,,,,,,,,,,1,,No,,No,,No,,No,,,No,,,1.2,Yes,No,,,,,No,,,,,,,,,,,"Black, White",,,,FM radio
Verykool,verykool R80,https://www.gsmarena.com/verykool_r80-4000.php,https://fdn2.gsmarena.com/vv/bigpic/verykool-r80.jpg,GSM,No,2011. Released 2011,Discontinued,118 x 53 x 15.8 mm (4.65 x 2.09 x 0.62 in),114.0,,,Dual SIM (Mini-SIM),TFT,,2.4,240x320,167,28.5,,,,,,,,,,,,2.0,1,,No,,No,,,,No,,,No,,2.0,Proprietary,Yes,GPS,"Compass, barometer, thermometer, altimeter, UV detector",,,,No,,,,,,,,,,,Black,"newvers, newvers2, newvers3",,,FM radio
Verykool,verykool R13,https://www.gsmarena.com/verykool_r13-4001.php,https://fdn2.gsmarena.com/vv/bigpic/verykool-r13.jpg,GSM,No,2011. Released 2011,Discontinued,109.9 x 47.4 x 14.6 mm (4.33 x 1.87 x 0.57 in),73.7,,,Mini-SIM,"TFT, 65K colors",,1.8,128x160,114,19.6,,,,,,,,,,,,,1,,No,,No,,,,No,,,No,,2.0,,,No,,800,,,No,,,,,,,,,,,"Blue, Violet, Green, Orange",,,,FM radio
Verykool,verykool s810,https://www.gsmarena.com/verykool_s810-4002.php,https://fdn2.gsmarena.com/vv/bigpic/verykool-s810.jpg,GSM / UMTS,No,2011. Released 2011,Discontinued,115 x 54 x 13.5 mm (4.53 x 2.13 x 0.53 in),101.6,,,Mini-SIM,TFT,,2.4,240x320,167,28.7,,,,,,,,,,,,2.0,1,,No,,No,,Yes,,No,,,No,,2.0,Proprietary,Yes,No,,1000,,,No,,,,,,,,,,,Black,,,,FM radio
Verykool,verykool i650,https://www.gsmarena.com/verykool_i650-4003.php,https://fdn2.gsmarena.com/vv/bigpic/verykool-i650.jpg,GSM,No,2011. Released 2011,Discontinued,116 x 62 x 13.2 mm (4.57 x 2.44 x 0.52 in),130.0,,,Mini-SIM,TFT,,2.4,320x240,167,24.8,,,,,,,,,,,,2.0,1,,No,,No,LED flash,Yes,,No,,,Wi-Fi 802.11,,2.0,1.2,Yes,No,,,,,No,,,,,,,,,,,Black,,,,FM radio
Verykool,verykool i610,https://www.gsmarena.com/verykool_i610-4050.php,https://fdn2.gsmarena.com/vv/bigpic/verykool-i610.jpg,GSM,No,2011. Released 2011,Discontinued,115 x 61.5 x 13 mm (4.53 x 2.42 x 0.51 in),88.0,,,Mini-SIM,TFT,,2.2,240x320,,21.2,,,,,,,,,,,,1.3,1,,No,,No,,Yes,,No,,,No,,,Proprietary,Yes,No,,,,,No,,,,,,,,,,,"Red, white, yellow, green, blue",,,,FM radio
Verykool,verykool i600,https://www.gsmarena.com/verykool_i600-4004.php,https://fdn2.gsmarena.com/vv/bigpic/verykool-i600.jpg,GSM,No,2011. Released 2011,Discontinued,98 x 56.5 x 13.6 mm (3.86 x 2.22 x 0.54 in),88.0,,,Mini-SIM,TFT,,2.0,240x320,,22.4,,,,,,,,,,,,,1,,No,,No,,Yes,,No,,,No,,2.0,No,Yes,No,,,,,No,,,,,,,,,,,"Black/gray, Black/red",,,,FM radio
Verykool,verykool i410,https://www.gsmarena.com/verykool_i410-4016.php,https://fdn2.gsmarena.com/vv/bigpic/verykool-i410.jpg,GSM,No,2011. Released 2011,Discontinued,93 x 45 x 18 mm (3.66 x 1.77 x 0.71 in),84.0,,,Mini-SIM,TFT,,1.8,160x240,,23.1,,,,,,,,,,,,,1,,No,,No,,Yes,,No,,,No,,,1.2,Yes,No,,,,,No,,,,,,,,,,,"Black, Blue, Red",,,,FM radio
Verykool,verykool i310,https://www.gsmarena.com/verykool_i310-4015.php,https://fdn2.gsmarena.com/vv/bigpic/verykool-i310.jpg,GSM,No,2011. Released 2011,Discontinued,91 x 46 x 16.2 mm (3.58 x 1.81 x 0.64 in),90.0,,,Mini-SIM,TFT,,2.0,240x320,,29.6,,,,,,,,,,,,1.3,1,,No,,No,,Yes,,No,,,No,,,Proprietary,Yes,No,,,,,No,,,,,,,,,,,"Black, Blue, Red",,,,FM radio
Verykool,verykool i315,https://www.gsmarena.com/verykool_i315-4017.php,https://fdn2.gsmarena.com/vv/bigpic/verykool-i315.jpg,GSM,No,2011. Released 2011,Discontinued,80 x 37 x 20 mm (3.15 x 1.46 x 0.79 in),76.5,,,Mini-SIM,TFT,,1.5,128x128,,24.5,,,,,,,,,2,2,,,1,,No,,No,,No,,No,,,No,,,1.2,Yes,No,,,,,No,,,,,,,,,,,"Red, Gray",,,,FM radio
Verykool,verykool i305,https://www.gsmarena.com/verykool_i305-4014.php,https://fdn2.gsmarena.com/vv/bigpic/verykool-i305.jpg,GSM,No,2011. Released 2011,Discontinued,90 x 46.5 x 16.5 mm (3.54 x 1.83 x 0.65 in),83.0,,,Mini-SIM,"TFT, 256K colors",,1.8,128x128,101,25.0,,,,,,,,,,,,1.3,1,,No,,No,,Yes,,No,,,No,,,Proprietary,No,No,,,,,No,,,,,,,,,,,"Black, Blue, Red",,,,FM radio
Verykool,verykool i277,https://www.gsmarena.com/verykool_i277-4005.php,https://fdn2.gsmarena.com/vv/bigpic/verykool-i277.jpg,GSM,No,2011. Released 2011,Discontinued,111 x 53 x 12.7 mm (4.37 x 2.09 x 0.5 in),96.4,,,Mini-SIM,TFT,,3.0,240x400,155,43.5,,,,,,,,,,,,1.3,1,,No,,No,,Yes,,No,,,No,,2.0,1.2,Yes,No,,,,,No,,,,,,,,,,,"Black, Blue",,,,FM radio
Verykool,verykool i280,https://www.gsmarena.com/verykool_i280-4007.php,https://fdn2.gsmarena.com/vv/bigpic/verykool-i280.jpg,GSM,No,2011. Released 2011,Discontinued,114 x 59 x 13.6 mm (4.49 x 2.32 x 0.54 in),110.0,,,Mini-SIM,TFT,,2.8,240x400,,33.2,,,,,,,,,,,,3.15,1,,No,,No,,Yes,,No,,,No,,,1.2,Yes,No,,,,,No,,,,,,,,,,,Black,,,,FM radio
Verykool,verykool i270,https://www.gsmarena.com/verykool_i270-4006.php,https://fdn2.gsmarena.com/vv/bigpic/verykool-i270.jpg,GSM,No,2011. Released 2011,Discontinued,102.6 x 50 x 14.2 mm (4.04 x 1.97 x 0.56 in),95.0,,,Mini-SIM,TFT,,2.4,240x400,,32.0,,,,,,,,,,,,2.0,1,,No,,No,,Yes,,No,,,No,,,1.2,Yes,No,,,,,No,,,,,,,,,,,"Black, red",,,,FM radio
Verykool,verykool i122,https://www.gsmarena.com/verykool_i122-4051.php,https://fdn2.gsmarena.com/vv/bigpic/verykool-i122.jpg,GSM,No,2011. Released 2011,Discontinued,107 x 45 x 13 mm (4.21 x 1.77 x 0.51 in),63.0,,,Mini-SIM,TFT,,1.8,160x240,,20.0,,,,,,,,,,,,,1,,No,,No,,No,,No,,,No,,,No,No,No,,,,,No,,,,,,,,,,,"Black, green, orange",,,,FM radio
Verykool,verykool i119,https://www.gsmarena.com/verykool_i119-4011.php,https://fdn2.gsmarena.com/vv/bigpic/verykool-i119.jpg,GSM,No,2011. Released 2011,Discontinued,105 x 45 x 13.9 mm (4.13 x 1.77 x 0.55 in),63.0,,,Mini-SIM,TFT,,1.8,128x160,,21.6,,,,,,,,,,,,,1,,No,,No,,Yes,,No,,,No,,,No,No,No,,,,,No,,,,,,,,,,,"Black, red, blue, green",,,,FM radio
Verykool,verykool i117,https://www.gsmarena.com/verykool_i117-4012.php,https://fdn2.gsmarena.com/vv/bigpic/verykool-i117.jpg,GSM,No,2011. Released 2011,Discontinued,107 x 45.5 x 14 mm (4.21 x 1.79 x 0.55 in),65.0,,,Mini-SIM,"TFT, 65K colors",,1.5,128x160,,14.5,,,,,,,,,,,,,,,No,,No,,,,No,,,No,,,No,No,No,,,,,No,,,,,,,,,,,"Red, Green",,,,FM radio
Verykool,verykool i115,https://www.gsmarena.com/verykool_i115-4013.php,https://fdn2.gsmarena.com/vv/bigpic/verykool-i115.jpg,GSM,No,2011. Released 2011,Discontinued,107 x 45.5 x 14 mm (4.21 x 1.79 x 0.55 in),65.0,,,Dual SIM (Mini-SIM),"TFT, 65K colors",,1.5,128x160,,14.5,,,,,,,,,,,,,,,No,,No,,,,No,,,No,,,No,No,No,,,,,No,,,,,,,,,,,"Red, Green",,,,FM radio
