Brand,Model_Name,Model_URL,Model_Image,Network_Technology,5G_Support,Announced,Status,Dimensions,Weight_g,Back_Material,IP_Rating,SIM_Type,Display_Type,Refresh_Rate_Hz,Display_Size_inch,Resolution,PPI_Density,Screen_to_Body_Pct,Display_Protection,OS,Chipset,Process_Node_nm,CPU,GPU,RAM_GB,RAM_Max_GB,Storage_GB,Storage_Max_GB,Storage_Type,Main_Camera_MP,Lens_Count,Main_Aperture,OIS,Sensor_Size,Camera_4K_Video,Camera_Features,Camera_Video,Selfie_Camera_MP,Selfie_4K_Video,Selfie_Camera_Features,Selfie_Camera_Video,WiFi,NFC,Bluetooth_Version,USB_Type,Headphone_Jack,GPS,Sensors,Battery_mAh,Wired_Charging_W,Wireless_Charging_W,Reverse_Wireless_Charging,Battery_ActiveUse,Price_USD,Price_EUR,Price_GBP,Price_INR,AnTuTu_Score,GeekBench_Score,ThreeDMark_Score,Display_nits_tested,Loudspeaker_LUFS,Colors,Model_Numbers,SAR_US,SAR_EU,FM_Radio
Acer,Acer Iconia iM11-22M5G,https://www.gsmarena.com/acer_iconia_im11_22m5g-14659.php,https://fdn2.gsmarena.com/vv/bigpic/acer-iconia-im11-22m5g.jpg,GSM / HSPA / LTE / 5G,Yes,"2026, May 07","Available. Released 2026, May 07",261.7 x 177.7 x 7.9 mm (10.30 x 7.00 x 0.31 in),535.0,Glass,,Nano-SIM + Nano-SIM,"IPS LCD, 90Hz, 450 nits",90,11.45,1440x2200,230,83.3,,Android 15,Mediatek Dimensity 7050 (6 nm),6,Octa-core (2x2.6 GHz Cortex-A78 & 6x2.0 GHz Cortex-A55),Mali-G68 MC4,8,8,128,128,UFS 3.1,16.0,2,,No,,No,LED flash,1080p@30fps,8.0,No,,Yes,"Wi-Fi 802.11 a/b/g/n/ac/6, dual-band",No,5.2,Type-C,Yes,Unspecified,Fingerprint (top-mounted),7400,18,,No,,,230.0,,,,,,,,Silver,,,,No
Acer,Acer Iconia V12,https://www.gsmarena.com/acer_iconia_v12-14298.php,https://fdn2.gsmarena.com/vv/bigpic/acer-Iconia-v12-.jpg,No cellular connectivity,No,"2025, May 16","Available. Released 2025, July",7.9 mm thickness,595.0,Glass,,No,"IPS LCD, 90Hz",90,11.97,1200x2000,195,,,Android 15,Mediatek Helio G99 (6 nm),6,Octa-core (2x2.2 GHz Cortex-A76 & 6x2.0 GHz Cortex-A55),Mali-G57 MC2,8,8,256,256,eMMC,8.0,1,,No,,No,LED flash,1080p@30fps,5.0,No,,Yes,"Wi-Fi 802.11 a/b/g/n/ac/6, dual-band",No,5.2,Type-C,Yes,Unspecified,Unspecified,8000,,,No,,,290.0,,,,,,,,Green,V12-11M,,,No
Acer,Acer Iconia V11,https://www.gsmarena.com/acer_iconia_v11-14297.php,https://fdn2.gsmarena.com/vv/bigpic/acer-iconia-v11-.jpg,GSM / HSPA / LTE,No,"2025, May 16","Available. Released 2025, August",7.9 mm thickness,500.0,Glass,,Nano-SIM,"IPS LCD, 90Hz",90,10.92,1200x1920,207,,,Android 15,Mediatek Helio G99 (6 nm),6,Octa-core (2x2.2 GHz Cortex-A76 & 6x2.0 GHz Cortex-A55),Mali-G57 MC2,8,8,256,256,eMMC,8.0,1,,No,,No,LED flash,1080p@30fps,5.0,No,,Yes,"Wi-Fi 802.11 a/b/g/n/ac/6, dual-band",No,5.2,Type-C,Yes,Unspecified,Unspecified,8000,,,No,,,230.0,,,,,,,,Gold,"V11-21M, V11-22M",,,No
Acer,Acer Acerone Liquid S262F5,https://www.gsmarena.com/acer_acerone_liquid_s262f5_5g-14250.php,https://fdn2.gsmarena.com/vv/bigpic/acer-acerone-liquid-s262f5.jpg,GSM / HSPA / LTE / 5G,Yes,"2025, October 22","Available. Released Exp. release 2025, October",171 x 77.8 x 8.9 mm (6.73 x 3.06 x 0.35 in),202.8,Glass,IP54,Nano-SIM + Nano-SIM,"IPS LCD, 90Hz, 380 nits",90,6.76,720x1640,265,81.6,Gorilla Glass 5,Android 16,Mediatek Dimensity 6400 (6 nm),6,Octa-core (2x2.5 GHz Cortex-A76 & 6x2.0 GHz Cortex-A55),Mali-G57 MC2,8,8,128,128,UFS 2.2,64.0,3,,No,,No,LED flash,1080p,16.0,No,,Yes,"Wi-Fi 802.11 a/b/g/n/ac/6e, dual-band",No,5.2,Type-C,No,"GPS, GLONASS, GALILEO, BDS","Fingerprint (side-mounted), accelerometer, gyro, proximity, compass",5000,,,No,,,,,,,,,,,Dark Blue,ZL.A01SU.04P,,,FM radio
Acer,Acer Iconia A14,https://www.gsmarena.com/acer_iconia_a14-14120.php,https://fdn2.gsmarena.com/vv/bigpic/acer-iconia-a14-.jpg,No cellular connectivity,No,"2025, September 03","Available. Released 2025, November",324.6 x 211 x 8 mm (12.78 x 8.31 x 0.31 in),910.0,Glass,,No,IPS LCD,,14.0,1200x1920,162,83.0,,Android 15,Allwinner A733 (12 nm),12,Octa-core (2x2.0 GHz Cortex-A76 & 6x1.8 GHz Cortex-A55),IMG BXM-4-64 MC01,8,8,256,256,,8.0,1,,No,,No,LED flash,1080p@30fps,5.0,No,,Yes,"Wi-Fi 802.11 a/b/g/n/ac/6, dual-band",No,5.4,Type-C,Yes,No,Accelerometer,8000,,,No,,,260.0,,,,,,,,Vapor Silver,A14-M1N,,,No
Acer,Acer Iconia A16,https://www.gsmarena.com/acer_iconia_a16-14119.php,https://fdn2.gsmarena.com/vv/bigpic/acer-iconia-a14-.jpg,No cellular connectivity,No,"2025, September 03","Available. Released 2026, January",369.5 x 240.2 x 8.9 mm (14.55 x 9.46 x 0.35 in),980.0,Glass,,No,IPS LCD,,16.0,1200x1920,142,83.6,,Android 15,Allwinner A733 (12 nm),12,Octa-core (2x2.0 GHz Cortex-A76 & 6x1.8 GHz Cortex-A55),IMG BXM-4-64 MC01,8,8,256,256,,8.0,1,,No,,No,LED flash,1080p@30fps,5.0,No,,Yes,"Wi-Fi 802.11 a/b/g/n/ac/6, dual-band",No,5.4,Type-C,Yes,No,Accelerometer,8000,,,No,,,300.0,,,,,,,,Vapor Silver,A16-M1N,,,No
Acer,Acer Iconia X14,https://www.gsmarena.com/acer_iconia_x14-14117.php,https://fdn2.gsmarena.com/vv/bigpic/acer-iconia-x14-.jpg,No cellular connectivity,No,"2025, September 03","Available. Released 2025, November",324.6 x 211 x 8 mm (12.78 x 8.31 x 0.31 in),910.0,,,No,OLED,,14.0,1200x1920,162,83.0,,Android 15,Allwinner A733 (12 nm),12,Octa-core (2x2.0 GHz Cortex-A76 & 6x1.8 GHz Cortex-A55),IMG BXM-4-64 MC01,8,8,256,256,UFS 3.1,8.0,1,,No,,No,LED flash,1080p@30fps,5.0,No,,Yes,"Wi-Fi 802.11 a/b/g/n/ac/6, dual-band",No,5.4,Type-C,Yes,No,Accelerometer,8000,,,No,,,310.0,,,,,,,,Iron Gray,X14-M1N,,,No
Acer,Acer Iconia X12,https://www.gsmarena.com/acer_iconia_x12-14118.php,https://fdn2.gsmarena.com/vv/bigpic/acer-iconia-x12.jpg,No cellular connectivity,No,"2025, September 03","Available. Released 2025, November",286.2 x 184.4 x 6.5 mm (11.27 x 7.26 x 0.26 in),500.0,Glass,,No,"AMOLED, 400 nits",,12.6,1600x2560,240,87.2,Mohs level 4,Android 15,Mediatek Helio G99 (6 nm),6,Octa-core (2x2.2 GHz Cortex-A76 & 6x2.0 GHz Cortex-A55),Mali-G57 MC2,8,8,256,256,UFS,13.0,1,,No,,No,LED flash,1080p@30fps,5.0,No,,Yes,"Wi-Fi 802.11 a/b/g/n/ac, dual-band",No,5.2,Type-C,Yes,GPS,"Accelerometer, proximity (accessories only)",8000,20,,No,,,280.0,,,,,,,,Matte Black,"A25014, X12-21M, X12-11-845L",,,No
Acer,Acer Iconia Tab P11 (2025),https://www.gsmarena.com/acer_iconia_tab_p11_(2025)-14299.php,https://fdn2.gsmarena.com/vv/bigpic/acer-iconia-tab-p11.jpg,No cellular connectivity,No,"2025, Q4","Available. Released 2025, Q4",265.2 x 169.9 x 8.1 mm (10.44 x 6.69 x 0.32 in),550.0,Glass,,No,"IPS LCD, 90Hz",90,11.0,1200x2000,212,76.4,,Android 14,Mediatek Helio G99 (6 nm),6,Octa-core (2x2.2 GHz Cortex-A76 & 6x2.0 GHz Cortex-A55),Mali-G57 MC2,6,8,256,256,UFS,13.0,1,,No,,No,LED flash,1080p@30fps,5.0,No,,Yes,"Wi-Fi 802.11 a/b/g/n/ac, dual-band",No,,Type-C,Yes,Unspecified,Unspecified,8000,20,,No,,,260.0,,,,,,,,Iron Gray,P11-11-8113,,,No
Acer,Acer Iconia Tab P10 (2025),https://www.gsmarena.com/acer_iconia_tab_p10_(2025)-14300.php,https://fdn2.gsmarena.com/vv/bigpic/acer-iconia-tab-p10.jpg,No cellular connectivity,No,"2025, Q4","Available. Released 2025, Q4",8.1 mm thickness,495.0,Glass,,No,"IPS LCD, 90Hz",90,10.4,1200x2000,224,,,Android 14,Mediatek Helio G99 (6 nm),6,Octa-core (2x2.2 GHz Cortex-A76 & 6x2.0 GHz Cortex-A55),Mali-G57 MC2,6,6,128,256,UFS,13.0,1,,No,,No,,1080p@30fps,5.0,No,,Yes,"Wi-Fi 802.11 a/b/g/n/ac, dual-band",No,5.0,Type-C,Yes,GPS,Gyro,8000,10,,No,,,220.0,,,,,,,,Iron Gray,"P10-21Q-870Q, NT.LHBAA.001",,,No
Acer,Acer Super ZX Pro,https://www.gsmarena.com/acer_super_zx_pro_5g-13795.php,https://fdn2.gsmarena.com/vv/bigpic/acer-super-zx-pro-1.jpg,GSM / HSPA / LTE / 5G,Yes,"2025, May 26",Cancelled,-,182.0,Glass,IP64,Nano-SIM + Nano-SIM,"AMOLED, 120Hz, 1000 nits (HBM)",120,6.67,1080x2400,395,,,Android 15,Mediatek Dimensity 7400 (4 nm),4,Octa-core (4x2.6 GHz Cortex-A78 & 4x2.0 GHz Cortex-A55),Mali-G615 MC2,6,12,128,512,,64.0,3,1.8,Yes,1/1.73,No,"LED flash, HDR, panorama","1440p@30fps, 1080p@30fps",13.0,No,HDR,"1440p@30fps, 1080p@30fps","Wi-Fi 802.11 a/b/g/n/ac/6, dual-band",No,5.4,Type-C,No,"GPS, GLONASS, GALILEO, BDS","Fingerprint (under display, optical), accelerometer, proximity, compass",5000,33,,No,,,190.0,,,,,,,,Black; other colors,,,,Unspecified
Acer,Acer Super ZX,https://www.gsmarena.com/acer_super_zx_5g-13796.php,https://fdn2.gsmarena.com/vv/bigpic/acer-super-zx.jpg,GSM / HSPA / LTE / 5G,Yes,"2025, May 26","Available. Released 2025, May 26",8.6 mm thickness,200.0,,IP50,Nano-SIM + Nano-SIM,"IPS LCD, 120Hz",120,6.78,1080x2400,388,85.3,,Android 15,Mediatek Dimensity 6300 (6 nm),6,Octa-core (2x2.4 GHz Cortex-A76 & 6x2.0 GHz Cortex-A55),Mali-G57 MC2,4,8,128,128,,64.0,3,1.8,No,1/1.73,No,"LED flash, HDR, panorama",Yes,,No,,Yes,Yes,No,,Type-C,Yes,"GPS, GLONASS, GALILEO, BDS","Fingerprint (side-mounted), accelerometer, proximity, compass",5000,33,,No,,,100.0,,,,,,,,"Carbon Black, Cosmic Green, Lunar Blue",,,,Unspecified
Acer,Acer Acerone Liquid S272E4,https://www.gsmarena.com/acer_acerone_liquid_s272e4-13757.php,https://fdn2.gsmarena.com/vv/bigpic/acer-acerone-liquid-s272e4.jpg,GSM / HSPA / LTE,No,"2025, March 25","Available. Released 2025, May",171 x 78.6 x 8.9 mm (6.73 x 3.09 x 0.35 in),200.0,Glass,,Nano-SIM + Nano-SIM,"IPS LCD, 350 nits (typ)",,6.75,720x1600,260,81.8,Corning Gorilla Glass 4,Android 14,Mediatek MT6765X (12 nm),12,Octa-core (4x2.2 GHz Cortex-A53 & 4x1.8 GHz Cortex-A53),PowerVR GE8320,4,4,64,64,,20.0,2,,No,,No,LED flash,1080p,5.0,No,,Yes,"Wi-Fi 802.11 a/b/g/n/ac, dual-band",No,5.0,Type-C,Yes,"GPS, GLONASS, GALILEO, BDS","Fingerprint (side-mounted), accelerometer, proximity",5000,,,No,,,,,,,,,,,Dark Blue,ZL.H01SI.002,,,FM radio
Acer,Acer Acerone Liquid S162E4,https://www.gsmarena.com/acer_acerone_liquid_s162e4-13756.php,https://fdn2.gsmarena.com/vv/bigpic/acer-acerone-liquid-s162e4.jpg,GSM / HSPA / LTE,No,"2025, March 25","Available. Released 2025, May",165.4 x 76.9 x 9 mm (6.51 x 3.03 x 0.35 in),210.0,Glass,,Nano-SIM + Nano-SIM,"IPS LCD, 350 nits (typ)",,6.52,720x1600,269,80.7,Gorilla Glass 5,Android 14,Mediatek MT6765 (12 nm),12,Octa-core (4x2.3 GHz Cortex-A53 & 4x1.8 GHz Cortex-A53),PowerVR GE8320,4,4,64,64,,16.0,1,,No,,No,LED flash,1080p,5.0,No,,Yes,"Wi-Fi 802.11 a/b/g/n/ac, dual-band",No,5.0,Type-C,Yes,"GPS, GLONASS, GALILEO, BDS","Fingerprint (side-mounted), accelerometer, proximity",5000,,,No,,,,,,,,,,,Blue,ZL.H01SI.001,,,FM radio
Acer,Acer Chromebook Tab 10,https://www.gsmarena.com/acer_chromebook_tab_10-9139.php,https://fdn2.gsmarena.com/vv/bigpic/acer-chromebook-tab-10.jpg,No cellular connectivity,No,"2018, March. Released 2018, July",Discontinued,238.3 x 172.2 x 9.9 mm (9.38 x 6.78 x 0.39 in),544.3,,,No,IPS LCD,,9.7,1536x2048,264,71.0,,Chrome OS,Rockchip RK3399,,Hexa-core (4x Cortex-A53 & 2x Cortex-A72),,4,4,32,32,,5.0,1,,No,,No,,720p,2.0,No,,,"Wi-Fi 802.11 b/g/n/ac, dual-band, Wi-Fi Direct",No,4.1,Type-C,Yes,,Accelerometer,4500,,,No,,,330.0,,,,,,,,"Black, Blue",,,,No
Acer,Acer Iconia Talk S,https://www.gsmarena.com/acer_iconia_talk_s-8306.php,https://fdn2.gsmarena.com/vv/bigpic/acer-iconia-talk-s.jpg,GSM / HSPA / LTE,No,"2016, August. Released 2016, October",Discontinued,191.7 x 101 x 9.4 mm (7.55 x 3.98 x 0.37 in),260.0,,,Nano-SIM + Micro-SIM,IPS LCD,,7.0,720x1280,210,69.8,,Android 6.0 (Marshmallow),Mediatek MT8735,,Quad-core 1.3 GHz Cortex-A53,Mali-T720MP2,2,2,16,32,,13.0,1,,No,,No,"HDR, panorama",1080p@30fps,2.0,No,,720p,"Wi-Fi 802.11 a/b/g/n, Wi-Fi Direct",No,4.0,Micro-USB,Yes,"GPS, GLONASS","Accelerometer, proximity",3400,,,No,,,170.0,,,,,,,,Black,,,,FM radio
Acer,Acer Liquid Z6 Plus,https://www.gsmarena.com/acer_liquid_z6_plus-8305.php,https://fdn2.gsmarena.com/vv/bigpic/acer-liquid-z6-plus.jpg,GSM / HSPA / LTE,No,"2016, August. Released 2016, December",Discontinued,153.8 x 75.6 x 8.5 mm (6.06 x 2.98 x 0.33 in),169.0,,,"Single SIM (Micro-SIM) or Hybrid Dual SIM (Micro-SIM, dual stand-by)",IPS LCD,,5.5,1080x1920,401,71.7,,Android 6.0 (Marshmallow),Mediatek MT6753 (28 nm),28,Octa-core 1.3 GHz Cortex-A53,Mali-T720MP3,3,3,32,32,,13.0,1,,No,,No,"LED flash, HDR, panorama",1080p@30fps,5.0,No,,,"Wi-Fi 802.11 b/g/n, Wi-Fi Direct",No,4.0,Micro-USB,Yes,GPS,"Fingerprint (front-mounted), accelerometer, proximity",4080,,,No,,,250.0,,,,,,,,"Black, White",,,,FM radio
Acer,Acer Liquid Z6,https://www.gsmarena.com/acer_liquid_z6-8304.php,https://fdn2.gsmarena.com/vv/bigpic/acer-liquid-z6.jpg,GSM / HSPA / LTE,No,"2016, August. Released 2016, December",Discontinued,145.5 x 72.5 x 8.5 mm (5.73 x 2.85 x 0.33 in),126.0,,,"Single SIM (Micro-SIM) or Dual SIM (Micro-SIM, dual stand-by)",IPS LCD,,5.0,720x1280,294,65.3,,Android 6.0 (Marshmallow),Mediatek MT6737 (28 nm),28,Quad-core 1.25 GHz Cortex-A53,Mali-T720MP2,1,1,8,8,eMMC 5.0,8.0,1,,No,,No,"LED flash, HDR, panorama",Yes,2.0,No,,,Wi-Fi 802.11 b/g/n,No,4.0,Micro-USB,Yes,GPS,"Accelerometer, proximity",2000,,,No,,,120.0,,,,,,,,"Black, White",,,,FM radio
Acer,Acer Iconia Tab 10 A3-A40,https://www.gsmarena.com/acer_iconia_tab_10_a3_a40-8080.php,https://fdn2.gsmarena.com/vv/bigpic/acer-iconia-tab-10-a3-a40.jpg,No cellular connectivity,No,"2016, April. Released 2016, June",Discontinued,259 x 167 x 8.9 mm (10.20 x 6.57 x 0.35 in),,,,No,IPS LCD,,10.1,1920x1200,224,68.4,,Android 6.0 (Marshmallow),Mediatek MT8163A,,Quad-core 1.3 GHz Cortex-A53,Mali-T720 MP2,2,2,16,64,,5.0,1,,No,,No,,1080p@30fps,2.0,No,,,"Wi-Fi 802.11 a/b/g/n/ac, dual-band",No,4.0,Micro-USB,Yes,,Accelerometer,6100,,,No,,,230.0,,,,,,,,Black,,,,No
Acer,Acer Liquid X2,https://www.gsmarena.com/acer_liquid_x2-8034.php,https://fdn2.gsmarena.com/vv/bigpic/acer-liquid-x2-1.jpg,GSM / HSPA / LTE,No,"2015, April. Released 2016, February",Discontinued,153.3 x 78.8 x 8.5 mm (6.04 x 3.10 x 0.33 in),166.0,,,Triple SIM (Micro-SIM),IPS LCD,,5.5,720x1280,267,69.0,,Android 5.1 (Lollipop),Mediatek MT6753 (28 nm),28,Octa-core 1.3 GHz Cortex-A53,Mali-T720MP4,3,3,32,32,,13.0,1,1.8,No,,No,LED flash,1080p@30fps,13.0,No,LED flash,,"Wi-Fi 802.11 b/g/n, hotspot",No,4.0,Micro-USB,Yes,GPS,"Accelerometer, proximity, compass",4020,,,No,,,230.0,,,,,,,,"Black, Gold",,,,FM radio
Acer,Acer Liquid Jade 2,https://www.gsmarena.com/acer_liquid_jade_2-7956.php,https://fdn2.gsmarena.com/vv/bigpic/acer-liquid-jade-2.jpg,GSM / HSPA / LTE,No,"2016, February",Discontinued,156.6 x 75.9 x 8.4 mm (6.17 x 2.99 x 0.33 in),150.0,,,Nano-SIM + Nano-SIM,Super AMOLED,,5.5,1080x1920,401,70.2,Corning Gorilla Glass 4,Android 6.0 (Marshmallow),Qualcomm MSM8992 Snapdragon 808 (20 nm),20,Hexa-core (4x1.4 GHz Cortex-A53 & 2x1.8 GHz Cortex-A57),Adreno 418,3,3,32,32,eMMC 5.0,21.0,1,,No,,Yes,"Dual-LED flash, HDR, panorama","4K@30fps, 1080p@30fps",8.0,No,,1080p@30fps,"Wi-Fi 802.11 a/b/g/n/ac, dual-band, Wi-Fi Direct",No,4.0,Micro-USB,Yes,GPS,"Accelerometer, gyro, proximity, compass",3000,,,No,,,,,,,,,,,Black,,,,FM radio
Acer,Acer Liquid Zest Plus,https://www.gsmarena.com/acer_liquid_zest_plus-8059.php,https://fdn2.gsmarena.com/vv/bigpic/acer-liquid-zest-plus-z628.jpg,GSM / HSPA / LTE,No,"2016, April. Released 2016, July",Discontinued,154 x 77 x 10 mm (6.06 x 3.03 x 0.39 in),,,,"Single SIM (Micro-SIM) or Dual SIM (Micro-SIM, dual stand-by)",IPS LCD,,5.5,720x1280,267,70.3,,Android 6.0 (Marshmallow),Mediatek MT6735 (28 nm),28,Quad-core 1.3 GHz Cortex-A53,Mali-T720MP2,2,2,16,16,,13.0,1,,No,,No,"Laser AF, LED flash, HDR, panorama",1080p@30fps,5.0,No,,,Wi-Fi 802.11 b/g/n,No,4.0,Micro-USB,Yes,GPS,"Accelerometer, proximity, compass",5000,10,,No,,,200.0,,,,,,,,"Blue, White",,,,FM radio
Acer,Acer Liquid Zest,https://www.gsmarena.com/acer_liquid_zest-7955.php,https://fdn2.gsmarena.com/vv/bigpic/acer-zest.jpg,GSM / HSPA / LTE,No,"2016, February. Released 2016, April",Discontinued,145.7 x 71.2 x 8.4 mm (5.74 x 2.80 x 0.33 in),125.0,,,"Single SIM (Micro-SIM) or Dual SIM (Micro-SIM, dual stand-by)",IPS LCD,,5.0,720x1280,294,66.4,,Android 6.0 (Marshmallow),Mediatek MT6580 - Z525 Mediatek MT6735 - Z525,,Quad-core 1.3 GHz - Z525 Quad-core 1.0 GHz - Z528,Mali-400MP2 - Z525 Mali-T720MP2 - Z528,1,1,8,8,,8.0,1,2.0,No,,No,"LED flash, HDR, panorama",1080p@30fps,5.0,No,,,Wi-Fi 802.11 b/g/n,No,4.0,Micro-USB,Yes,GPS,"Accelerometer, proximity, compass",2000,,,No,,,110.0,,,,,,,,"Black, White",,,,FM radio
Acer,Acer Predator 8,https://www.gsmarena.com/acer_predator_8-7750.php,https://fdn2.gsmarena.com/vv/bigpic/acer-predator-8.jpg,No cellular connectivity,No,"2015, September. Released 2015, November",Discontinued,217.9 x 127 x 8.6 mm (8.58 x 5.0 x 0.34 in),353.8,,,No,IPS LCD,,8.0,1920x1200,283,67.1,,Android 5.0 (Lollipop),Intel Atom x7-Z8700,,Quad-core 1.6 GHz,,2,2,32,64,,5.0,1,,No,,No,,1080p@30fps,2.0,No,,,Wi-Fi 802.11 a/b/g/n,No,4.0,Micro-USB,Yes,,Yes,4420,,,No,,,350.0,,,,,,,,Black/Silver,GT-810-15NC,,,No
Acer,Acer Liquid Jade Primo,https://www.gsmarena.com/acer_liquid_jade_primo-7650.php,https://fdn2.gsmarena.com/vv/bigpic/acer-liquid-jade-primo-.jpg,GSM / HSPA / LTE,No,"2015, September. Released 2016, April",Discontinued,156.5 x 75.9 x 8.4 mm (6.16 x 2.99 x 0.33 in),150.0,,,Nano-SIM + Nano-SIM,AMOLED,,5.5,1080x1920,401,70.2,Corning Gorilla Glass (unspecified versi,Microsoft Windows 10,Qualcomm MSM8992 Snapdragon 808 (20 nm),20,Hexa-core (4x1.4 GHz Cortex-A53 & 2x1.8 GHz Cortex-A57),Adreno 418,3,3,32,32,eMMC 5.0,21.0,1,2.2,No,,Yes,"Dual-LED flash, HDR, panorama","4K@30fps, 1080p@30fps",8.0,No,,1080p@30fps,"Wi-Fi 802.11 a/b/g/n/ac, dual-band, Wi-Fi Direct, hotspot",No,4.0,Type-C,Yes,GPS,"Accelerometer, gyro, proximity, compass",2870,,,No,,,220.0,,,,,,,,Black,,,,FM radio
Acer,Acer Liquid Z330,https://www.gsmarena.com/acer_liquid_z330-7530.php,https://fdn2.gsmarena.com/vv/bigpic/acer-liquid-z320-z330.jpg,GSM / HSPA / LTE,No,"2015, September. Released 2015, October",Discontinued,136 x 66.5 x 9.6 mm (5.35 x 2.62 x 0.38 in),142.0,,,"Single SIM (Micro-SIM) or Dual SIM (Micro-SIM, dual stand-by)",IPS LCD,,4.5,480x854,218,61.7,,Android 5.1 (Lollipop),Qualcomm MSM8909 Snapdragon 210 (28 nm),28,Quad-core 1.1 GHz Cortex-A7,Adreno 304,1,1,8,8,eMMC 4.5,5.0,1,,No,,No,LED flash,Yes,5.0,No,,,"Wi-Fi 802.11 b/g/n, hotspot",No,4.0,Micro-USB,Yes,GPS,"Accelerometer, proximity",2000,,,No,,,110.0,,,,,,,,"Mystic Black, Pure White",,,,FM radio
Acer,Acer Liquid Z320,https://www.gsmarena.com/acer_liquid_z320-7531.php,https://fdn2.gsmarena.com/vv/bigpic/acer-liquid-z320-z330.jpg,GSM / HSPA,No,"2015, September. Released 2015, November",Discontinued,136 x 66.5 x 9.6 mm (5.35 x 2.62 x 0.38 in),142.0,,,"Single SIM (Micro-SIM) or Dual SIM (Micro-SIM, dual stand-by)",IPS LCD,,4.5,480x854,218,61.7,,Android 5.1 (Lollipop),Qualcomm MSM8909 Snapdragon 210 (28 nm),28,Quad-core 1.0 GHz Cortex-A7,Adreno 304,1,1,8,8,eMMC 4.5,5.0,1,,No,,No,LED flash,Yes,2.0,No,,,"Wi-Fi 802.11 b/g/n, hotspot",No,4.0,Micro-USB,Yes,GPS,"Accelerometer, proximity",2000,,,No,,,90.0,,,,,,,,Pure White,,,,FM radio
Acer,Acer Liquid Z630S,https://www.gsmarena.com/acer_liquid_z630s-7529.php,https://fdn2.gsmarena.com/vv/bigpic/acer-liquid-z630.jpg,GSM / HSPA / LTE,No,"2015, September. Released 2015, September",Discontinued,156.3 x 77.5 x 8.9 mm (6.15 x 3.05 x 0.35 in),165.0,,,"Single SIM (Micro-SIM) or Dual SIM (Micro-SIM, dual stand-by)",IPS LCD,,5.5,720x1280,267,68.8,,Android 5.1 (Lollipop),Mediatek MT6753 (28 nm),28,Octa-core 1.3 GHz Cortex-A53,Mali-T720MP3,3,3,32,32,,8.0,1,,No,,No,"LED flash, HDR, panorama",1080p@30fps,8.0,No,,,"Wi-Fi 802.11 b/g/n, hotspot",No,4.0,Micro-USB,Yes,GPS,"Accelerometer, proximity, compass",4000,,,No,,,,,,,,,,,"Black, Gold",,,,FM radio
Acer,Acer Liquid Z630,https://www.gsmarena.com/acer_liquid_z630-7528.php,https://fdn2.gsmarena.com/vv/bigpic/acer-liquid-z630.jpg,GSM / HSPA / LTE,No,"2015, September. Released 2015, September",Discontinued,156.3 x 77.5 x 8.9 mm (6.15 x 3.05 x 0.35 in),165.0,,,"Single SIM (Micro-SIM) or Dual SIM (Micro-SIM, dual stand-by)",IPS LCD,,5.5,720x1280,267,68.8,,Android 5.1 (Lollipop),Mediatek MT6735 (28 nm),28,Quad-core 1.3 GHz Cortex-A53,Mali-T720MP2,1,2,8,16,,8.0,1,,No,,No,"LED flash, HDR, panorama",Yes,8.0,No,,,"Wi-Fi 802.11 b/g/n, hotspot",No,4.0,Micro-USB,Yes,GPS,"Accelerometer, proximity, compass",4000,,,No,,,200.0,,,,,,,,Black,,,,FM radio
Acer,Acer Liquid Z530S,https://www.gsmarena.com/acer_liquid_z530s-7527.php,https://fdn2.gsmarena.com/vv/bigpic/acer-liquid-z530.jpg,GSM / HSPA / LTE,No,"2015, September. Released 2015, November",Discontinued,144 x 70.3 x 8.9 mm (5.67 x 2.77 x 0.35 in),145.0,,,"Single SIM (Micro-SIM) or Dual SIM (Micro-SIM, dual stand-by)",IPS LCD,,5.0,720x1280,294,68.1,,Android 5.1 (Lollipop),Mediatek MT6753 (28 nm),28,Octa-core 1.3 GHz Cortex-A53,Mali-T720MP3,3,3,32,32,,8.0,1,,No,,No,"LED flash, HDR, panorama",Yes,8.0,No,,,"Wi-Fi 802.11 b/g/n, hotspot",No,4.0,Micro-USB,Yes,GPS,"Accelerometer, proximity",2420,,,No,,,,,,,,,,,"Black, White",,,,FM radio
Acer,Acer Liquid Z530,https://www.gsmarena.com/acer_liquid_z530-7526.php,https://fdn2.gsmarena.com/vv/bigpic/acer-liquid-z530.jpg,GSM / HSPA / LTE,No,"2015, September. Released 2015, October",Discontinued,144 x 70.3 x 8.9 mm (5.67 x 2.77 x 0.35 in),145.0,,,"Single SIM (Micro-SIM) or Dual SIM (Micro-SIM, dual stand-by)",IPS LCD,,5.0,720x1280,294,68.1,,Android 5.1 (Lollipop),Mediatek MT6735 (28 nm),28,Quad-core 1.3 GHz Cortex-A53,Mali-T720MP2,1,2,8,16,,8.0,1,,No,,No,"LED flash, HDR, panorama",Yes,8.0,No,,,"Wi-Fi 802.11 b/g/n, hotspot",No,4.0,Micro-USB,Yes,GPS,"Accelerometer, proximity",2420,,,No,,,150.0,,,,,,,,"Black, White",,,,FM radio
Acer,Acer Liquid M330,https://www.gsmarena.com/acer_liquid_m330-7524.php,https://fdn2.gsmarena.com/vv/bigpic/acer-liquid-m320-m330.jpg,GSM / HSPA / LTE,No,"2015, September. Released 2015, November",Discontinued,136 x 66.5 x 9.6 mm (5.35 x 2.62 x 0.38 in),142.0,,,"Single SIM (Micro-SIM) or Dual SIM (Micro-SIM, dual stand-by)",IPS LCD,,4.5,480x854,218,61.7,,Microsoft Windows 10,Qualcomm MSM8909 Snapdragon 210 (28 nm),28,Quad-core 1.0 GHz Cortex-A7,Adreno 304,1,1,8,8,eMMC 4.5,5.0,1,,No,,No,LED flash,Yes,5.0,No,,,"Wi-Fi 802.11 b/g/n, hotspot",No,4.0,Micro-USB,Yes,GPS,"Accelerometer, proximity",2000,,,No,,,,,,,,,,,"Mystic Black, Pure White",,,,FM radio
Acer,Acer Liquid M320,https://www.gsmarena.com/acer_liquid_m320-7525.php,https://fdn2.gsmarena.com/vv/bigpic/acer-liquid-m320-m330.jpg,GSM / HSPA,No,"2015, September. Released 2015, November",Discontinued,136 x 66.5 x 9.6 mm (5.35 x 2.62 x 0.38 in),142.0,,,"Single SIM (Micro-SIM) or Dual SIM (Micro-SIM, dual stand-by)",IPS LCD,,4.5,480x854,218,61.7,,Microsoft Windows 10,Qualcomm MSM8909 Snapdragon 210 (28 nm),28,Quad-core 1.1 GHz Cortex-A7,Adreno 304,1,1,8,8,eMMC 4.5,5.0,1,,No,,No,LED flash,Yes,2.0,No,,,"Wi-Fi 802.11 b/g/n, hotspot",No,4.0,Micro-USB,Yes,GPS,"Accelerometer, proximity",2000,,,No,,,,,,,,,,,"Mystic Black, Pure White",,,,FM radio
Acer,Acer Iconia Tab 10 A3-A30,https://www.gsmarena.com/acer_iconia_tab_10_a3_a30-7218.php,https://fdn2.gsmarena.com/vv/bigpic/acer-iconia-tab-10-a3-a30-new.png,No cellular connectivity,No,"2015, April. Released 2015, June",Discontinued,260 x 176 x 9.7 mm (10.24 x 6.93 x 0.38 in),540.0,,,No,LED-backlit IPS LCD,,10.1,1920x1200,224,64.6,"Corning Gorilla Glass 4, oleophobic coat",Android 5.0 (Lollipop),Intel Atom Z3735F,,Quad-core 1.33 GHz,,2,2,16,64,,5.0,1,,No,,No,,1080p@30fps,2.0,No,,,"Wi-Fi 802.11 a/b/g/n/ac, dual-band, hotspot",Yes,4.0,Micro-USB,Yes,A-GPS only,Accelerometer,5910,,,No,,,250.0,,,,,,,,Black,,,,No
Acer,Acer Iconia One 8 B1-820,https://www.gsmarena.com/acer_iconia_one_8_b1_820-7217.php,https://fdn2.gsmarena.com/vv/bigpic/acer-iconia-one-8-b1-820.jpg,No cellular connectivity,No,"2015, April. Released 2015, May",Discontinued,213.9 x 127.7 x 9.5 mm (8.42 x 5.03 x 0.37 in),355.0,,,No,IPS LCD,,8.0,800x1280,189,67.9,,Android 5.0 (Lollipop),Intel Atom Z3735G,,Quad-core 1.33 GHz,,1,1,16,32,,5.0,1,,No,,No,,1080p@30fps,,No,,,Wi-Fi 802.11 b/g/n,No,4.0,Micro-USB,Yes,"GPS, GLONASS",Accelerometer,4550,,,No,,,180.0,,,,,,,,"Black, White",,,,No
Acer,Acer Iconia Tab A3-A20,https://www.gsmarena.com/acer_iconia_tab_a3_a20-7136.php,https://fdn2.gsmarena.com/vv/bigpic/acer-a3-20.jpg,No cellular connectivity,No,"2014, October. Released 2014, October",Discontinued,256.5 x 170.2 x 10.2 mm (10.10 x 6.70 x 0.40 in),508.0,,,No,LED-backlit IPS LCD,,10.1,1280x800,149,67.8,"Corning Gorilla Glass 4, oleophobic coat",Android 4.4 (KitKat),Mediatek MT8127 (28 nm),28,Quad-core 1.3 GHz Cortex-A7,Mali-450MP4,1,1,16,16,,5.0,1,,No,,No,,720p,2.0,No,,,"Wi-Fi 802.11 b/g/n, hotspot",No,4.0,Micro-USB,Yes,A-GPS only,Accelerometer,5910,,,No,,,190.0,,,,,,,,"Black, White",,,,No
Acer,Acer Iconia Tab A3-A20FHD,https://www.gsmarena.com/acer_iconia_tab_a3_a20fhd-7135.php,https://fdn2.gsmarena.com/vv/bigpic/acer-a3-20.jpg,No cellular connectivity,No,"2014, October. Released 2014, October",Discontinued,256.5 x 170.2 x 10.2 mm (10.10 x 6.70 x 0.40 in),508.0,,,No,LED-backlit IPS LCD,,10.1,1920x1200,224,67.8,"Corning Gorilla Glass 4, oleophobic coat",Android 4.4 (KitKat),Mediatek MT8127 (28 nm),28,Quad-core 1.5 GHz Cortex-A7,Mali-450MP4,2,2,32,32,,5.0,1,,No,,No,,720p,2.0,No,,,"Wi-Fi 802.11 b/g/n, hotspot",No,4.0,Micro-USB,Yes,A-GPS only,Accelerometer,5910,,,No,,,230.0,,,,,,,,"Black, White",,,,No
Acer,Acer Liquid Jade Z,https://www.gsmarena.com/acer_liquid_jade_z-7072.php,https://fdn2.gsmarena.com/vv/bigpic/acer-liquid-jade-z.jpg,GSM / HSPA / LTE,No,"2015, March. Released 2015, April",Discontinued,143.5 x 69.8 x 8 mm (5.65 x 2.75 x 0.31 in),110.0,,,Nano-SIM + Nano-SIM,IPS LCD,,5.0,720x1280,294,68.8,Gorilla Glass 3,Android 5.0 (Lollipop),Mediatek MT6732 (28 nm),28,Quad-core 1.5 GHz Cortex-A53,Mali-T760MP2,1,2,8,16,,13.0,1,1.8,No,,No,"LED flash, HDR, panorama",1080p@30fps,5.0,No,,,"Wi-Fi 802.11 b/g/n, hotspot",No,4.0,Micro-USB,Yes,GPS,"Accelerometer, gyro, proximity, compass",2300,,,No,,,200.0,,,,,,,,"Black, White",,,,FM radio
Acer,Acer Liquid Z520,https://www.gsmarena.com/acer_liquid_z520-7073.php,https://fdn2.gsmarena.com/vv/bigpic/acer-liquid-z520.jpg,GSM / HSPA,No,"2015, March. Released 2015, April",Discontinued,154 x 86 x 6.4 mm (6.06 x 3.39 x 0.25 in),118.0,,,"Single SIM (Micro-SIM) or Dual SIM (Micro-SIM, dual stand-by)",TFT,,5.0,480x854,187,57.1,,Android 4.4.2 (KitKat),Mediatek MT6582M (28 nm),28,Quad-core 1.3 GHz Cortex-A7,Mali-400MP2,1,2,8,16,,8.0,1,,No,,No,"LED flash, HDR, panorama","1080p@30fps, 720p@60fps",2.0,No,,,"Wi-Fi 802.11 b/g/n, hotspot",No,4.0,Micro-USB,Yes,GPS,"Accelerometer, proximity",2000,,,No,,,130.0,,,,,,,,"Black, White",Z520,,,FM radio
Acer,Acer Liquid Z220,https://www.gsmarena.com/acer_liquid_z220-7074.php,https://fdn2.gsmarena.com/vv/bigpic/acer-liquid-z220.jpg,GSM / HSPA,No,"2015, March. Released 2015, April",Discontinued,125.3 x 64 x 9.6 mm (4.93 x 2.52 x 0.38 in),120.0,,,"Single SIM (Mini-SIM) or Dual SIM (Mini-SIM/Micro-SIM, dual stand-by)",IPS LCD,,4.0,480x800,233,56.8,,Android 5.0 (Lollipop),Qualcomm Snapdragon 200 (28 nm),28,Dual-core 1.2 GHz Cortex-A7,Adreno 302,1,1,8,8,eMMC 4.5,5.0,1,,No,,No,LED flash,720p@30fps,2.0,No,,,"Wi-Fi 802.11 b/g/n, hotspot",No,4.0,Micro-USB,Yes,GPS,Accelerometer,1300,,,No,,,90.0,,,,,,,,"Black, White",Z220,,,FM radio
Acer,Acer Liquid M220,https://www.gsmarena.com/acer_liquid_m220-7071.php,https://fdn2.gsmarena.com/vv/bigpic/acer-liquid-m220.jpg,GSM / HSPA,No,"2015, March. Released 2015, May",Discontinued,124.9 x 64 x 9.6 mm (4.92 x 2.52 x 0.38 in),119.0,,,"Single SIM (Mini-SIM) or Dual SIM (Mini-SIM/Micro-SIM, dual stand-by)",TFT,,4.0,480x800,233,57.0,,Microsoft Windows Phone 8.1,Qualcomm MSM8210 Snapdragon 200 (28 nm),28,Dual-core 1.2 GHz Cortex-A7,Adreno 302,1,1,8,8,eMMC 4.5,5.0,1,,No,,No,"LED flash, panorama",Yes,2.0,No,,,"Wi-Fi 802.11 b/g/n, hotspot",No,4.0,Micro-USB,Yes,GPS,"Accelerometer, proximity",1300,,,No,,,80.0,,,,,,,,"Mystic Black, Pure White",,,,FM radio
Acer,Acer Liquid Z410,https://www.gsmarena.com/acer_liquid_z410-6912.php,https://fdn2.gsmarena.com/vv/bigpic/acer-liquid-z410.jpg,GSM / HSPA / LTE,No,"2015, January. Released 2015, February",Discontinued,136 x 66.7 x 9.9 mm (5.35 x 2.63 x 0.39 in),145.0,,,"Single SIM (Micro-SIM) or Dual SIM (Micro-SIM, dual stand-by)",IPS LCD,,4.5,540x960,245,61.5,,Android 4.4.4 (KitKat),Mediatek MT6732M (28 nm),28,Quad-core 1.3 GHz Cortex-A53,Mali-T760MP2,1,2,8,16,,5.0,1,,No,,No,LED flash,"Yes, dual shot",2.0,No,,,"Wi-Fi 802.11 b/g/n, hotspot",No,4.0,Micro-USB,Yes,GPS,"Accelerometer, proximity",2000,,,No,,,130.0,,,,,,,,Black,,,,FM radio
Acer,Acer Liquid Jade S,https://www.gsmarena.com/acer_liquid_jade_s-6864.php,https://fdn2.gsmarena.com/vv/bigpic/acer-liquid-jade-s-s56.jpg,GSM / HSPA / LTE,No,"2014, December. Released 2014, December",Discontinued,143 x 69 x 7.8 mm (5.63 x 2.72 x 0.31 in),116.0,,,Nano-SIM + Nano-SIM,IPS LCD,,5.0,720x1280,294,69.8,Gorilla Glass 3,"Android 4.4.4 (KitKat), upgradable to 5.1 (Lollipop)",Mediatek MT6752M,,Octa-core 1.5 GHz Cortex-A53,Mali-T760MP2,2,2,16,16,,13.0,1,1.8,No,,No,"LED flash, HDR, panorama",1080p@30fps,5.0,No,,,"Wi-Fi 802.11 b/g/n, hotspot",No,4.0,Micro-USB,Yes,GPS,"Accelerometer, proximity, compass",2300,,,No,,,200.0,,,,,,,,"Black, White, Red, Pink",S56,,,FM radio
Acer,Acer Liquid Z500,https://www.gsmarena.com/acer_liquid_z500-6635.php,https://fdn2.gsmarena.com/vv/bigpic/acer-liquid-z5.jpg,GSM / HSPA,No,"2014, September. Released 2014, Septeber",Discontinued,145 x 73 x 8.8 mm (5.71 x 2.87 x 0.35 in),150.0,,,"Single SIM (Micro-SIM) or Dual SIM (Micro-SIM, dual stand-by)",IPS LCD,,5.0,720x1280,294,65.1,Gorilla Glass 3,Android 4.4.2 (KitKat),Mediatek MT6582 (28 nm),28,Quad-core 1.3 GHz Cortex-A7,Mali-400MP2,1,2,4,16,,8.0,1,,No,,No,"LED flash, HDR",1080p@30fps,2.0,No,,,"Wi-Fi 802.11 b/g/n, hotspot",No,4.0,Micro-USB,Yes,GPS,"Accelerometer, proximity",2000,,,No,,,150.0,,,,,,,,"Aquamarine Green, Sandy Silver, Titanium Black",,,0.62 W/kg (head),FM radio
Acer,Acer Liquid X1,https://www.gsmarena.com/acer_liquid_x1-6419.php,https://fdn2.gsmarena.com/vv/bigpic/acer-liquid-x1.jpg,GSM / HSPA / LTE,No,"2014, June. Released 2014, September",Discontinued,153.3 x 80.4 x 8.5 mm (6.04 x 3.17 x 0.33 in),164.0,,,Micro-SIM,IPS LCD,,5.7,720x1280,258,72.7,Gorilla Glass 3,Android 4.4.2 (KitKat),Mediatek MT6592 (28 nm),28,Octa-core 1.7 GHz Cortex-A7,Mali-450MP4,2,2,16,16,,13.0,1,,No,,No,LED flash,1080p@30fps,2.0,No,,,"Wi-Fi 802.11 b/g/n, hotspot",No,4.0,Micro-USB,Yes,GPS,"Accelerometer, proximity, compass",2700,,,No,,,260.0,,,,,,,,"Graphite black, Wine red",,,,FM radio
Acer,Acer Liquid Jade,https://www.gsmarena.com/acer_liquid_jade-6423.php,https://fdn2.gsmarena.com/vv/bigpic/acer-liquid-jade.jpg,GSM / HSPA,No,"2014, June. Released 2014, July",Discontinued,140.5 x 69 x 7.5 mm (5.53 x 2.72 x 0.30 in),110.0,,,"Hybrid Dual SIM (Micro-SIM, dual stand-by)",IPS LCD,,5.0,720x1280,294,71.1,Gorilla Glass 3,Android 4.4.2 (KitKat),Mediatek MT6582 (28 nm),28,Quad-core 1.3 GHz Cortex-A7,Mali-400MP2,1,2,8,16,,13.0,1,,No,,No,LED flash,1080p@30fps,2.0,No,,,"Wi-Fi 802.11 b/g/n, hotspot",No,4.0,Micro-USB,Yes,GPS,"Accelerometer, proximity, compass",2100,,,No,,,180.0,,,,,,,,"Black, White, Green, Pink, Gray",,,,FM radio
Acer,Acer Liquid E700,https://www.gsmarena.com/acer_liquid_e700-6420.php,https://fdn2.gsmarena.com/vv/bigpic/acer-liquid-e700.jpg,GSM / HSPA,No,"2014, June. Released 2014, August",Discontinued,147.3 x 73 x 9.9 mm (5.80 x 2.87 x 0.39 in),155.0,,,Triple SIM (Micro-SIM),IPS LCD,,5.0,720x1280,294,64.1,,Android 4.4.2 (KitKat),Mediatek MT6582 (28 nm),28,Quad-core 1.2 GHz Cortex-A7,Mali-400MP2,1,2,4,16,,8.0,1,,No,,No,LED flash,1080p@30fps,2.0,No,LED flash,,"Wi-Fi 802.11 b/g/n, hotspot",No,4.0,Micro-USB,Yes,GPS,"Accelerometer, proximity",3500,,,No,,,200.0,,,,,,,,"Titan Black, Burgundy Red",,,,FM radio
Acer,Acer Liquid E600,https://www.gsmarena.com/acer_liquid_e600-6421.php,https://fdn2.gsmarena.com/vv/bigpic/acer-liquid-e600-1.jpg,GSM / HSPA / LTE,No,"2014, June. Released 2014, September",Discontinued,147 x 72 x 9.5 mm (5.79 x 2.83 x 0.37 in),155.0,,,Micro-SIM,IPS LCD,,5.0,480x854,196,65.1,,Android 4.4.2 (KitKat),Qualcomm MSM8926 Snapdragon 400 (28 nm),28,Quad-core 1.2 GHz Cortex-A7,Adreno 305,1,2,4,16,eMMC 4.5,8.0,1,,No,,No,"LED flash, HDR",Yes,2.0,No,,,"Wi-Fi 802.11 b/g/n, hotspot",No,4.0,Micro-USB,Yes,GPS,"Accelerometer, proximity",2500,,,No,,,200.0,,,,,,,,"Black, Green, Dark red",,,,FM radio
Acer,Acer Liquid Z200,https://www.gsmarena.com/acer_liquid_z200-6422.php,https://fdn2.gsmarena.com/vv/bigpic/acer-liquid-z200.jpg,GSM / HSPA,No,"2014, June. Released 2014, September",Discontinued,126 x 65 x 10.3 mm (4.96 x 2.56 x 0.41 in),130.0,,,"Single SIM (Mini-SIM) or Dual SIM (Mini-SIM/Micro-SIM, dual stand-by)",TFT,,4.0,480x800,233,55.6,,Android 4.4.2 (KitKat),Mediatek MT6572M (28 nm),28,Dual-core 1.0 GHz Cortex-A7,Mali-400,,,4,4,,2.0,1,,No,,No,Panorama,Yes,,No,,,"Wi-Fi 802.11 b/g/n, hotspot",No,4.0,Micro-USB,Yes,GPS,Accelerometer,1300,,,No,,,90.0,,,,,,,,"Titanium Black, Essential White, Fragrant Pink, Sky Blue, Sunshine Yellow",,,,FM radio
Acer,Acer Iconia Tab 8 A1-840FHD,https://www.gsmarena.com/acer_iconia_tab_8_a1_840fhd-6424.php,https://fdn2.gsmarena.com/vv/bigpic/acer-iconia-tab-8-2014-1.jpg,No cellular connectivity,No,"2014, June. Released 2014, September",Discontinued,215 x 130 x 8.5 mm (8.46 x 5.12 x 0.33 in),360.0,,,No,IPS LCD,,8.0,1200x1920,283,66.4,,Android 4.4.2 (KitKat),Intel Atom Z3745,,Quad-core 1.86 GHz,Intel Gen 7 (Ivy Bridge),2,2,16,32,,5.0,1,,No,,No,,Yes,2.0,No,,,"Wi-Fi 802.11 a/b/g/n, dual-band",No,4.0,Micro-USB,Yes,"GPS, GLONASS",Accelerometer,4600,,,No,,,200.0,,,,,,,,Silver,,,,No
Acer,Huawei nova 16 Ultra,https://www.gsmarena.com/huawei_nova_16_ultra_5g-14698.php,https://fdn2.gsmarena.com/vv/bigpic/huawei-nova16-ultra.jpg,GSM / HSPA / LTE / 5G,Yes,"2026, June 01","Coming soon. Exp. release 2026, June 06",163 x 78 x 7.1 mm (6.42 x 3.07 x 0.28 in),220.0,Glass,IP68,Nano-SIM + Nano-SIM,"LTPO OLED, 1B colors, HDR Vivid, 120Hz, 2160Hz PWM, 6000 nits (peak)",120,6.84,1320x2856,460,90.4,Kunlun Glass,HarmonyOS 6.1,Kirin 9010S,,,,12,12,256,512,,200.0,3,1.8,Yes,1/1.28,Yes,"Laser AF, color spectrum sensor, LED flash, panorama, HDR","4K, 1080p, gyro-EIS, HDR Vivid",50.0,Yes,"HDR, panorama","4K, 1080p, gyro-EIS, HDR Vivid","Wi-Fi 802.11 a/b/g/n/ac/6/7, dual-band, Wi-Fi Direct",Yes,6.0,Type-C,No,"GPS (L1+L5), BDS (B1I+B1c+B2a), GALILEO (E1+E5a), QZSS (L1+L5), NavIC, GLONASS","Fingerprint (under display, optical), accelerometer, gyro, compass",7000,100,50,Yes,,,600.0,,,,,,,,"Black, White, Blue",HIP-AL00,,,No
Acer,Huawei nova 16 Pro,https://www.gsmarena.com/huawei_nova_16_pro_5g-14699.php,https://fdn2.gsmarena.com/vv/bigpic/huawei-nova16-pro-.jpg,GSM / HSPA / LTE / 5G,Yes,"2026, June 01","Coming soon. Exp. release 2026, June 06",163 x 78 x 7.1 mm (6.42 x 3.07 x 0.28 in),218.0,Glass,IP65,Nano-SIM + Nano-SIM,"LTPO OLED, 1B colors, HDR Vivid, 120Hz, 2160Hz PWM, 6000 nits (peak)",120,6.84,1320x2856,460,90.4,Kunlun Glass,HarmonyOS 6.0,Kirin 9010S,,,,12,12,256,512,,200.0,3,1.8,Yes,1/1.28,Yes,"Laser AF, color spectrum sensor, LED flash, panorama, HDR","4K, 1080p, gyro-EIS, HDR Vivid",50.0,Yes,"HDR, panorama","4K, 1080p, gyro-EIS, HDR Vivid","Wi-Fi 802.11 a/b/g/n/ac/6/7, dual-band, Wi-Fi Direct",Yes,6.0,Type-C,No,"GPS (L1+L5), BDS (B1I+B1c+B2a), GALILEO (E1+E5a), QZSS (L1+L5), NavIC, GLONASS","Fingerprint (under display, optical), accelerometer, gyro, compass",7000,100,,No,,,500.0,,,,,,,,"Black, White, Blue/Pink, Blue",CRS-AL00,,,No
Acer,Huawei nova 16,https://www.gsmarena.com/huawei_nova_16_5g-14700.php,https://fdn2.gsmarena.com/vv/bigpic/huawei-nova16-.jpg,GSM / HSPA / LTE / 5G,Yes,"2026, June 01","Coming soon. Exp. release 2026, June 06",159.6 x 75.5 x 7.3 mm (6.28 x 2.97 x 0.29 in),199.0,Glass,IP65,Nano-SIM + Nano-SIM,"OLED, 1B colors, HDR Vivid, 120Hz, 2160Hz PWM",120,6.68,1280x2800,461,90.3,Aluminosilicate glass,HarmonyOS 6.1,Kirin 9010S,,,,12,12,256,512,,50.0,2,1.9,Yes,1/1.56,Yes,"Color spectrum sensor, LED flash, panorama, HDR","4K, 1080p, gyro-EIS, HDR Vivid",50.0,Yes,"HDR, panorama","4K, 1080p, gyro-EIS, HDR Vivid","Wi-Fi 802.11 a/b/g/n/ac/6/7, dual-band, Wi-Fi Direct",Yes,6.0,Type-C,No,"GPS (L1+L5), BDS (B1I+B1c+B2a), GALILEO (E1+E5a), QZSS (L1+L5), NavIC, GLONASS","Fingerprint (side-mounted), accelerometer, gyro, compass",7000,100,,No,,,380.0,,,,,,,,"Black, White, Blue/Pink, Blue",EMA-AL00U,,,No
Acer,Huawei nova 16z,https://www.gsmarena.com/huawei_nova_16z_5g-14701.php,https://fdn2.gsmarena.com/vv/bigpic/huawei-nova16z.jpg,GSM / HSPA / LTE / 5G,Yes,"2026, June 01","Coming soon. Exp. release 2026, June 06",161.8 x 75.5 x 7.2 mm (6.37 x 2.97 x 0.28 in),196.5,Glass,IP65,Nano-SIM + Nano-SIM,"OLED, 1B colors, HDR Vivid, 120Hz, 2160Hz PWM",120,6.7,1084x2412,395,88.6,Aluminosilicate glass,HarmonyOS 6.1,Kirin 8020,,,,12,12,256,512,,50.0,2,1.9,Yes,1/1.56,Yes,"Color spectrum sensor, LED flash, panorama, HDR","4K, 1080p, gyro-EIS, HDR Vivid",50.0,Yes,"HDR, panorama","4K, 1080p, gyro-EIS, HDR Vivid","Wi-Fi 802.11 a/b/g/n/ac/6/7, dual-band, Wi-Fi Direct",Yes,6.0,Type-C,No,"GPS (L1+L5), BDS (B1I+B1c+B2a), GALILEO (E1+E5a), QZSS (L1+L5), GLONASS, NavIC","Fingerprint (side-mounted), accelerometer, gyro, compass",6000,100,,No,,,340.0,,,,,,,,"Black, White, Blue/Pink",PKN-AL00,,,No
Acer,Honor Win Turbo,https://www.gsmarena.com/honor_win_turbo_5g-14684.php,https://fdn2.gsmarena.com/vv/bigpic/honor-win-turbo-.jpg,GSM / HSPA / LTE / 5G,Yes,"2026, May 30","Available. Released 2026, May 30",162.1 x 76.3 x 8 mm (6.38 x 3.00 x 0.31 in),216.0,,IP66,Nano-SIM + Nano-SIM,"AMOLED, 1B colors, 120Hz, HDR Vivid, 3840Hz PWM, 1800 nits (HBM), 8000 nits (peak)",120,6.79,1200x2640,427,90.6,Aluminosilicate glass,"Android 16, MagicOS 10",Mediatek Dimensity 8500 Elite (4 nm),4,Octa-core (1x3.4 GHz Cortex-A725 & 3x3.2 GHz Cortex-A725 & 4x2.2 GHz Cortex-A725),Mali-G720 MC8,12,16,256,512,UFS 4.1,50.0,2,1.9,Yes,,Yes,"LED flash, HDR, panorama","4K@30fps, 1080p@30fps, gyro-EIS",16.0,No,,1080p@30fps,"Wi-Fi 802.11 a/b/g/n/ac/6, dual-band, Wi-Fi Direct",Yes,6.0,Type-C,No,"GPS (L1+L5), GLONASS, BDS (B1I+B1c+B2a), GALILEO (E1 + E5a), QZSS (L1+L5), NavIC","Fingerprint (under display, optical), accelerometer, gyro, compass, proximity (ultrasonic)",10000,80,,No,,,330.0,,,,,,,,"Black, White, Blue",SER-AN00,,,No
Acer,vivo S60 Vitality,https://www.gsmarena.com/vivo_s60_vitality_5g-14693.php,https://fdn2.gsmarena.com/vv/bigpic/vivo-s60-vitality-.jpg,GSM / HSPA / LTE / 5G,Yes,"2026, May 29","Coming soon. Exp. release 2026, June 03",157.5 x 74.3 x 7.9 mm (6.20 x 2.93 x 0.31 in),199.0,Glass,IP68,Nano-SIM + Nano-SIM,"AMOLED, 1B colors, HDR, 144Hz",144,6.59,1260x2750,459,90.7,,"Android 16, OriginOS 6",Mediatek Dimensity 7500 (4 nm),4,Octa-core (4x2.6 GHz Arm C1 Pro & 4x2.0 GHz Arm C1 Nano),Mali-G625 MC,8,12,256,512,UFS 4.1,50.0,2,1.9,Yes,1/1.56,Yes,"Ring-LED flash, panorama, HDR, color spectrum sensor","4K, 1080p, gyro-EIS",50.0,Yes,HDR,"4K, 1080p","Wi-Fi 802.11 a/b/g/n/ac/6, dual-band, Wi-Fi Direct",Yes,5.4,Type-C,No,"GPS (L1), BDS (B1I), GLONASS (G1), GALILEO (E1), QZSS (L1)","Fingerprint (under display, optical), accelerometer, compass, proximity",7200,90,,No,,,370.0,,,,,,,,"Starry Sea, Midsummer Night, Early Summer Green",V2572A,,,No
Acer,vivo S60,https://www.gsmarena.com/vivo_s60_5g-14692.php,https://fdn2.gsmarena.com/vv/bigpic/vivo-s60-.jpg,GSM / HSPA / LTE / 5G,Yes,"2026, May 29","Coming soon. Exp. release 2026, June 03",157.5 x 74.3 x 7.9 mm (6.20 x 2.93 x 0.31 in),207.0,Glass,IP68,Nano-SIM + Nano-SIM,"AMOLED, 1B colors, HDR, 144Hz",144,6.59,1260x2750,459,90.7,,"Android 16, OriginOS 6",Qualcomm SM8635 Snapdragon 8s Gen 3 (4 nm),4,Octa-core (1x3.0 GHz Cortex-X4 & 4x2.8 GHz Cortex-A720 & 3x2.0 GHz Cortex-A520),Adreno 735,12,16,256,512,,50.0,3,1.8,Yes,1/1.56,Yes,"Ring-LED flash, panorama, HDR, color spectrum sensor","4K, 1080p, gyro-EIS",50.0,Yes,HDR,"4K, 1080p","Wi-Fi 802.11 a/b/g/n/ac/6, dual-band, Wi-Fi Direct",Yes,5.4,Type-C,No,"GPS (L1), BDS (B1I+B1C), GLONASS (G1), GALILEO (E1), QZSS (L1), A-GPS","Fingerprint (under display, ultrasonic), accelerometer, gyro, compass, proximity",7200,90,,No,,,560.0,,,,,,,,"Starry Sea, Early Summer Green, Midsummer Night",V2571A,,,No
Acer,vivo T5,https://www.gsmarena.com/vivo_t5-14697.php,https://fdn2.gsmarena.com/vv/bigpic/vivo-t5-.jpg,GSM / HSPA / LTE,No,"2026, May 29","Available. Released 2026, May 29",166.6 x 78.4 x 8.4 mm (6.56 x 3.09 x 0.33 in),219.0,Glass,IP68,Nano-SIM + Nano-SIM,"IPS LCD, 120Hz, 1250 nits (HBM)",120,6.75,720x1570,256,85.3,,"Android 16, OriginOS 6",Qualcomm Snapdragon 6s 4G Gen 2 (6 nm),6,Octa-core (4x2.9 GHz Cortex-A73 & 4x1.9 GHz Cortex-A53),Adreno 610,8,8,256,256,UFS 3.1,50.0,2,2.0,No,,No,"LED flash, HDR, panorama",Yes,32.0,No,,Yes,"Wi-Fi 802.11 a/b/g/n/ac, dual-band",Yes,5.1,Type-C,No,"GPS, GALILEO, GLONASS, BDS, QZSS","Fingerprint (side-mounted), accelerometer, gyro, proximity, compass",7200,44,,No,,,290.0,,,,,,,,"Gold, Black",V2545,1.14 W/kg (head) 1.01 W/kg (body),,No
Acer,ZTE nubia RedMagic 11S Pro,https://www.gsmarena.com/zte_nubia_redmagic_11s_pro_5g-14669.php,https://fdn2.gsmarena.com/vv/bigpic/zte-nubia-red-magic-11s-pro.jpg,GSM / HSPA / LTE / 5G,Yes,"2026, May 27","Coming soon. Exp. release 2026, June 09",163.8 x 76.5 x 8.9 mm (6.45 x 3.01 x 0.35 in),230.0,Glass,,Nano-SIM + Nano-SIM,"AMOLED, 1B colors, 144Hz, 2592Hz PWM, 1800 nits (peak)",144,6.85,1216x2688,431,90.7,Corning Gorilla Glass,"Android 16, Redmagic OS 11.5",Qualcomm SM8850-1-AD Snapdragon 8 Elite Gen 5 (3 nm),3,Octa-core (2x4.74 GHz Oryon V3 Phoenix L + 6x3.62 GHz Oryon V3 Phoenix M),Adreno 840 (1.3GHz),12,16,256,512,UFS 4.1 Pro,50.0,2,1.9,Yes,1/1.55,Yes,"LED flash, HDR, panorama","8K@30fps, 4K@30/60fps, 1080p@30/60/120/240fps",16.0,No,HDR,1080p@30/60fps,"Wi-Fi 802.11 a/b/g/n/ac/6e/7, tri-band, Wi-Fi Direct",Yes,5.4,Type-C,Yes,"GPS (L1+L5), GLONASS, BDS, GALILEO","Fingerprint (under display, ultrasonic), accelerometer, gyro, proximity, compass",7500,80,80,Yes,,,800.0,,,,,,,,"Nightfreeze (Black Transparent), Subzero (Silver Transparent)",,,,No
Acer,Xiaomi 17T Pro,https://www.gsmarena.com/xiaomi_17t_pro_5g-14651.php,https://fdn2.gsmarena.com/vv/bigpic/xiaomi-17t-pro-.jpg,GSM / HSPA / LTE / 5G,Yes,"2026, May 28","Available. Released 2026, May 28",162.2 x 77.5 x 8.3 mm,219.0,Glass,IP68,· Nano-SIM + Nano-SIM + eSIM + eSIM (max 2 at a time) · Nano-SIM + Nano-SIM,"AMOLED, 68B colors, 144Hz, 3840Hz PWM, Dolby Vision, HDR10+, 3500 nits (peak)",144,6.83,1280x2772,447,91.1,Gorilla Glass 7i,"Android 16, HyperOS 3",Mediatek Dimensity 9500 (3 nm),3,Octa-core (1x4.21 GHz C1-Ultra & 3x3.5 GHz C1-Premium & 4x2.7 GHz C1-Pro),Mali-G1 Ultra MC12,12,12,256,512,UFS 4.1,50.0,3,1.7,Yes,1/1.31,Yes,"Leica lens, Color spectrum sensor, Ultra HDR, LED flash, HDR, panorama","8K@30fps, 4K@30/60/120fps, 1080p@30/60/120/240/960fps, gyro-EIS, 10-bit Rec. 2020, HDR10+, Log",32.0,Yes,HDR,"4K@30fps, 1080p@30/60fps, HDR10+","Wi-Fi 802.11 a/b/g/n/ac/6e/7, dual-band, Wi-Fi Direct",Yes,6.0,Type-C,No,"GPS (L1+L5), BDS (B1I+B1C+B2a+B2b), GALILEO (E1+E5a+E5b), QZSS (L1+L5), NavIC (L5), GLONASS","Fingerprint (under display, optical), accelerometer, gyro, proximity, compass",7000,100,50,No,Active use score 21:41h,,999.9,799.0,,2795030,9766,6939,1069,-25.6,"Deep Blue, Deep Violet, Black",2602EPTC0G,,,No
Acer,Xiaomi 17T,https://www.gsmarena.com/xiaomi_17t_5g-14652.php,https://fdn2.gsmarena.com/vv/bigpic/xiaomi-17t-.jpg,GSM / HSPA / LTE / 5G,Yes,"2026, May 28","Available. Released 2026, May 28",157.6 x 75.2 x 8.2 mm,200.0,Glass,IP68,· Nano-SIM + Nano-SIM + eSIM + eSIM (max 2 at a time) · Nano-SIM + Nano-SIM,"AMOLED, 68B colors, 120Hz, 3840Hz PWM, Dolby Vision, HDR10+, 3500 nits (peak)",120,6.59,1268x2756,460,89.8,Gorilla Glass 7i,"Android 16, HyperOS 3",Mediatek Dimensity 8500 Ultra (4 nm),4,Octa-core (1x3.4 GHz Cortex-A725 & 3x3.2 GHz Cortex-A725 & 4x2.2 GHz Cortex-A725),Mali-G720 MC8,12,12,256,512,UFS 4.1,50.0,3,1.7,Yes,1/1.55,Yes,"Leica lens, Color spectrum sensor, Ultra HDR, LED flash, HDR, panorama","4K@30/60fps, 1080p@30/60/120/240/960fps, gyro-EIS, 10-bit Rec. 2020, HDR10+, Log",32.0,Yes,HDR,"4K@30fps, 1080p@30/60fps, HDR10+","Wi-Fi 802.11 a/b/g/n/ac/6e, dual-band or tri-band, Wi-Fi Direct",Yes,6.0,Type-C,No,"GPS (L1+L5), BDS (B1I+B1c+B2a), GALILEO (E1+E5a), QZSS (L1+L5), NavIC (L5), GLONASS","Fingerprint (under display, optical), accelerometer, gyro, proximity, compass",6500,67,,No,Active use score 17:16h,,749.9,649.0,,1640834,6607,3563,1035,-24.6,"Violet, Blue, Opal White, Black","2602DPT53G, 2602DPT53I",,,No
Acer,Xiaomi Watch S5,https://www.gsmarena.com/xiaomi_watch_s5-14696.php,https://fdn2.gsmarena.com/vv/bigpic/xiaomi-watch-s5-.jpg,HSPA / LTE,No,"2026, May 28","Available. Released 2026, May 28",46 x 46 x 11 mm (1.81 x 1.81 x 0.43 in),46.0,Ceramic,,eSIM (market/region dependent),"AMOLED, 1500 nits (HBM), 2500 nits (peak)",,1.48,480x480,459,,Drop-proof glass,Xiaomi HyperOS 3,,,,,,,,,,,,,No,,No,,,,No,,,No,Yes,5.4,No,No,"GPS (L1+L5), GLONASS, GALILEO, BDS, QZSS","Accelerometer, gyro, compass, barometer, heart rate, SpO2",815,,,No,,,180.0,,,,,,,,"Black, Silver, Ceramic Blue, Jungle Green, Beige (eSIM)","M2530W1, M2517W1",,,No
Acer,Realme 16T,https://www.gsmarena.com/realme_16t_5g-14674.php,https://fdn2.gsmarena.com/vv/bigpic/realme-16t.jpg,GSM / HSPA / LTE / 5G,Yes,"2026, May 22","Available. Released 2026, May 26",166.4 x 78.2 x 8.8 mm (6.55 x 3.08 x 0.35 in),224.0,Glass,IP68,Nano-SIM + Nano-SIM,"AMOLED, 144Hz, 1200 nits (HBM)",144,6.81,720x1570,254,87.1,Panda-1681 glass,"Android 16, Realme UI 7.0",Mediatek Dimensity 6300 (6 nm),6,Octa-core (2x2.4 GHz Cortex-A76 & 6x2.0 GHz Cortex-A55),Mali-G57 MC2,6,8,128,256,UFS 2.2,50.0,2,1.8,No,1/2.93,No,"LED flash, HDR, panorama",1080p@30/60fps,16.0,No,,1080p@30fps,"Wi-Fi 802.11 a/b/g/n/ac, dual-band",No,5.3,Type-C,No,"GPS, GLONASS, GALILEO, BDS, QZSS","Fingerprint (side-mounted), accelerometer, proximity, compass",8000,45,,No,Active use score 22:43h,,270.0,,,438780,2016,385,,,"Starlight Red, Starlight Black, Aurora Green",RMX5268,,,No
Acer,Honor 600,https://www.gsmarena.com/honor_600_5g-14605.php,https://fdn2.gsmarena.com/vv/bigpic/honor-600.jpg,GSM / HSPA / LTE / 5G,Yes,"2026, April 22","Available. Released 2026, May 18",156 x 74.7 x 7.8 mm (6.14 x 2.94 x 0.31 in),185.0,Glass,IP68,· Nano-SIM + eSIM · Nano-SIM + Nano-SIM + eSIM (max 2 at a time),"AMOLED, 1B colors, 120Hz, 3840Hz PWM, HDR Vivid, 8000 nits (peak)",120,6.57,1264x2728,458,91.2,Mohs level 4,"Android 16, up to 6 major Android upgrades, MagicOS 10",Qualcomm SM7750-AB Snapdragon 7 Gen 4 (4 nm),4,Octa-core (1x2.8 GHz Cortex-720 & 4x2.4 GHz Cortex-720 & 3x1.8 GHz Cortex-520),Adreno 722,8,12,128,512,,200.0,2,1.9,Yes,1/1.4,Yes,"Color spectrum sensor, LED flash, HDR, panorama","4K@30fps, 1080p@30/60fps, gyro-EIS, OIS",50.0,Yes,HDR,"4K@30fps, 1080p@30/60fps, gyro-EIS","Wi-Fi 802.11 a/b/g/n/ac/6/7, dual-band or tri-band, Wi-Fi Direct",Yes,5.4,Type-C,No,"GPS, GLONASS, GALILEO, BDS, QZSS, NavIC","Fingerprint (under display, optical), accelerometer, gyro, proximity (ultrasound), compass",7000,80,,No,Active use score 16:58h,505.72,487.49,399.0,,1087148,4090,1797,1749,-25.1,"Golden White, Black, Orange",VKJ-NX9,,,No
Acer,Sony Xperia 1 VIII,https://www.gsmarena.com/sony_xperia_1_viii_5g-14660.php,https://fdn2.gsmarena.com/vv/bigpic/sony-xperia-1-viii.jpg,GSM / HSPA / LTE / 5G,Yes,"2026, May 13","Coming soon. Exp. release 2026, June 19",162 x 74 x 8.3 mm (6.38 x 2.91 x 0.33 in),200.0,Glass,IP65,Nano-SIM + eSIM + eSIM (max 2 at a time),"LTPO OLED, 1B colors, 120Hz, HDR BT.2020",120,6.5,1080x2340,396,86.5,Gorilla Glass Victus,"Android 16, up to 4 major Android upgrades",Qualcomm SM8850-AC Snapdragon 8 Elite Gen 5 (3 nm),3,Octa-core (2x4.6 GHz Oryon V3 Phoenix L + 6x3.62 GHz Oryon V3 Phoenix M),Adreno 840,12,16,256,512,UFS,48.0,3,1.9,Yes,1/1.35,Yes,"Zeiss optics, Zeiss T* lens coating, color spectrum sensor, LED flash, panorama, HDR, eye tracking","4K@24/30/60/120fps HDR, 1080p@30/60/120fps; 5-axis gyro-EIS, OIS",12.0,Yes,HDR,"4K@30/60fps, 1080p@30/60fps, 5-axis gyro-EIS","Wi-Fi 802.11 a/b/g/n/ac/6e/7, tri-band, Wi-Fi Direct, DLNA",Yes,6.0,Type-C,Yes,"GPS, GLONASS, BDS, GALILEO, QZSS","Fingerprint (side-mounted), accelerometer, gyro, proximity, barometer, compass",5000,30,15,Yes,Active use score 17:47h,,1499.0,1399.0,,2312684,9278,6962,1510,-25.5,"Graphite Black, Iolite Silver, Garnet Red, Native Gold","XQ-GE54, XQ-GE74, XQGE54, XQGE74, XQ-GE44, XQGE44, XQ-FS54, XQFS54, SO-51G",,,No
Acer,Honor 600 Pro,https://www.gsmarena.com/honor_600_pro_5g-14604.php,https://fdn2.gsmarena.com/vv/bigpic/honor-600-pro.jpg,GSM / HSPA / LTE / 5G,Yes,"2026, April 22","Available. Released 2026, April 29",156 x 74.7 x 7.8 mm (6.14 x 2.94 x 0.31 in),195.0,Glass,IP68,· Nano-SIM + eSIM · Nano-SIM + Nano-SIM + eSIM (max 2 at a time),"AMOLED, 1B colors, 120Hz, 3840Hz PWM, HDR Vivid, 8000 nits (peak)",120,6.57,1264x2728,458,91.2,Mohs level 4,"Android 16, up to 6 major Android upgrades, MagicOS 10",Qualcomm SM8750-AB Snapdragon 8 Elite (3 nm),3,Octa-core (2x4.32 GHz Oryon V2 Phoenix L + 6x3.53 GHz Oryon V2 Phoenix M),Adreno 830 (1200 MHz),12,16,256,512,,200.0,3,1.9,Yes,1/1.4,Yes,"Color spectrum sensor, LED flash, HDR, panorama","4K@30/60fps, 1080p@30/60fps, gyro-EIS, OIS",50.0,Yes,HDR,"4K@30fps, 1080p@30/60fps, gyro-EIS","Wi-Fi 802.11 a/b/g/n/ac/6/7, dual-band or tri-band, Wi-Fi Direct",Yes,6.0,Type-C,No,"GPS, GLONASS, GALILEO, BDS, QZSS, NavIC","Fingerprint (under display, optical), accelerometer, gyro, proximity (ultrasound), compass",7000,80,50,No,Active use score 17:55h,797.29,,649.0,,2221352,7970,5309,1766,-24.8,"Golden White, Black, Orange",VKP-NX9,,,No
Acer,Motorola Moto G87,https://www.gsmarena.com/motorola_moto_g87_5g-14644.php,https://fdn2.gsmarena.com/vv/bigpic/motorola-g87.jpg,GSM / HSPA / LTE / 5G,Yes,"2026, April 29","Available. Released 2026, May 15",164.5 x 77.3 x 7.3 mm (6.48 x 3.04 x 0.29 in),183.0,Glass,IP68,· Nano-SIM + eSIM · Nano-SIM + Nano-SIM,"AMOLED, 1B colors, 120Hz, HDR, 5000 nits (peak)",120,6.78,1272x2772,450,88.4,Gorilla Glass 7i,Android 16,Mediatek Dimensity 6400 (6 nm),6,Octa-core (2x2.5 GHz Cortex-A76 & 6x2.0 GHz Cortex-A55),Mali-G57 MC2,8,12,256,512,UFS 2.2,200.0,2,1.8,Yes,,No,"LED flash, HDR, panorama","1440p@30fps, 1080p@30/60fps",32.0,No,,"1440p@30fps, 1080p@30fps","Wi-Fi 802.11 a/b/g/n/ac, dual-band",Yes,5.4,Type-C,No,"GPS, GLONASS, GALILEO, BDS, QZSS","Fingerprint (under display, optical), accelerometer, gyro, proximity, compass",5200,30,,No,,,399.0,379.98,,,,,,,"Pantone: Overture, Blue Atoll",XT2621-6,,,No
Acer,Xiaomi 17T Pro,https://www.gsmarena.com/xiaomi_17t_pro-14651.php,https://fdn2.gsmarena.com/vv/bigpic/xiaomi-17t-pro-.jpg,GSM / HSPA / LTE / 5G,Yes,"2026, May 28","Available. Released 2026, May 28",162.2 x 77.5 x 8.3 mm,219.0,Glass,IP68,· Nano-SIM + Nano-SIM + eSIM + eSIM (max 2 at a time) · Nano-SIM + Nano-SIM,"AMOLED, 68B colors, 144Hz, 3840Hz PWM, Dolby Vision, HDR10+, 3500 nits (peak)",144,6.83,1280x2772,447,91.1,Gorilla Glass 7i,"Android 16, HyperOS 3",Mediatek Dimensity 9500 (3 nm),3,Octa-core (1x4.21 GHz C1-Ultra & 3x3.5 GHz C1-Premium & 4x2.7 GHz C1-Pro),Mali-G1 Ultra MC12,12,12,256,512,UFS 4.1,50.0,3,1.7,Yes,1/1.31,Yes,"Leica lens, Color spectrum sensor, Ultra HDR, LED flash, HDR, panorama","8K@30fps, 4K@30/60/120fps, 1080p@30/60/120/240/960fps, gyro-EIS, 10-bit Rec. 2020, HDR10+, Log",32.0,Yes,HDR,"4K@30fps, 1080p@30/60fps, HDR10+","Wi-Fi 802.11 a/b/g/n/ac/6e/7, dual-band, Wi-Fi Direct",Yes,6.0,Type-C,No,"GPS (L1+L5), BDS (B1I+B1C+B2a+B2b), GALILEO (E1+E5a+E5b), QZSS (L1+L5), NavIC (L5), GLONASS","Fingerprint (under display, optical), accelerometer, gyro, proximity, compass",7000,100,50,No,Active use score 21:41h,,999.9,799.0,,2795030,9766,6939,1069,-25.6,"Deep Blue, Deep Violet, Black",2602EPTC0G,,,No
Acer,Xiaomi 17T,https://www.gsmarena.com/xiaomi_17t-14652.php,https://fdn2.gsmarena.com/vv/bigpic/xiaomi-17t-.jpg,GSM / HSPA / LTE / 5G,Yes,"2026, May 28","Available. Released 2026, May 28",157.6 x 75.2 x 8.2 mm,200.0,Glass,IP68,· Nano-SIM + Nano-SIM + eSIM + eSIM (max 2 at a time) · Nano-SIM + Nano-SIM,"AMOLED, 68B colors, 120Hz, 3840Hz PWM, Dolby Vision, HDR10+, 3500 nits (peak)",120,6.59,1268x2756,460,89.8,Gorilla Glass 7i,"Android 16, HyperOS 3",Mediatek Dimensity 8500 Ultra (4 nm),4,Octa-core (1x3.4 GHz Cortex-A725 & 3x3.2 GHz Cortex-A725 & 4x2.2 GHz Cortex-A725),Mali-G720 MC8,12,12,256,512,UFS 4.1,50.0,3,1.7,Yes,1/1.55,Yes,"Leica lens, Color spectrum sensor, Ultra HDR, LED flash, HDR, panorama","4K@30/60fps, 1080p@30/60/120/240/960fps, gyro-EIS, 10-bit Rec. 2020, HDR10+, Log",32.0,Yes,HDR,"4K@30fps, 1080p@30/60fps, HDR10+","Wi-Fi 802.11 a/b/g/n/ac/6e, dual-band or tri-band, Wi-Fi Direct",Yes,6.0,Type-C,No,"GPS (L1+L5), BDS (B1I+B1c+B2a), GALILEO (E1+E5a), QZSS (L1+L5), NavIC (L5), GLONASS","Fingerprint (under display, optical), accelerometer, gyro, proximity, compass",6500,67,,No,Active use score 17:16h,,749.9,649.0,,1640834,6607,3563,1035,-24.6,"Violet, Blue, Opal White, Black","2602DPT53G, 2602DPT53I",,,No
Acer,Samsung Galaxy A57,https://www.gsmarena.com/samsung_galaxy_a57-14379.php,https://fdn2.gsmarena.com/vv/bigpic/samsung-galaxy-a57.jpg,GSM / HSPA / LTE / 5G,Yes,"2026, March 25","Available. Released 2026, April 9",161.5 x 76.8 x 6.9 mm (6.36 x 3.02 x 0.27 in),179.0,Glass,IP68,· Nano-SIM + eSIM · Nano-SIM + Nano-SIM + eSIM + eSIM (max 2 at a time),"Super AMOLED+, 120Hz, HDR10+, 1200 nits (HBM), 1900 nits (peak)",120,6.7,1080x2340,385,88.8,Gorilla Glass Victus+,"Android 16, up to 6 major Android upgrades, One UI 8.5",Exynos 1680 (4 nm),4,Octa-core (1x2.9 GHz Cortex-720 & 4x2.6 GHz Cortex-720 & 3x1.95 GHz Cortex-520),Xclipse 550,8,12,128,512,UFS 3.1,50.0,3,1.8,Yes,1/1.56,Yes,"Best Face, LED flash, panorama, HDR","4K@30fps, 1080p@30/60fps, gyro-EIS",12.0,Yes,,"4K@30fps, 1080p@30/60fps, 10-bit HDR","Wi-Fi 802.11 a/b/g/n/ac/6e, dual-band or tri-band, Wi-Fi Direct",Yes,6.0,Type-C,No,"GPS, GALILEO, GLONASS, BDS, QZSS","Fingerprint (under display, optical), accelerometer, gyro, proximity, compass",5000,45,,No,Active use score 13:59h,489.99,339.0,401.43,51950,1001995,4411,1742,1309,-26.3,"Navy, Gray, Icyblue, Lilac","SM-A576B, SM-A576B/DS, SM-A576Q, SM-A576U1, SM-A576W, SM-A576Z, SM-A5760",0.85 W/kg (head) 1.20 W/kg (body),0.70 W/kg (head) 1.07 W/kg (body),No
Acer,Samsung Galaxy S26 Ultra,https://www.gsmarena.com/samsung_galaxy_s26_ultra-14320.php,https://fdn2.gsmarena.com/vv/bigpic/samsung-galaxy-s26-ultra-new.jpg,GSM / CDMA / HSPA / EVDO / LTE / 5G,Yes,"2026, February 25","Available. Released 2026, March 06",163.6 x 78.1 x 7.9 mm (6.44 x 3.07 x 0.31 in),214.0,Glass,IP68,· Nano-SIM + Nano-SIM + eSIM + eSIM (max 2 at a time) - INT · Nano-SIM + eSIM + eSIM (max 2 at a time) - USA · Nano-SIM + Nano-SIM - CN,"Dynamic LTPO AMOLED 2X, 120Hz, HDR10+, 2600 nits (peak)",120,6.9,1440x3120,500,90.7,"Corning Gorilla Armor 2, Mohs level 6","Android 16, up to 7 major Android upgrades, One UI 8.5",Qualcomm SM8850-1-AD Snapdragon 8 Elite Gen 5 (3 nm),3,Octa-core (2x4.74 GHz Oryon V3 Phoenix L + 6x3.62 GHz Oryon V3 Phoenix M),Adreno 840 (1.3GHz),12,16,256,512,UFS 4.X,200.0,4,1.4,Yes,1/1.3,Yes,"Laser AF, Best Face, Horizon Lock, LED flash, auto-HDR, panorama","8K@24/30fps, 4K@30/60/120fps, 1080p@30/60/120/240fps, 10-bit HDR, HDR10+, stereo sound rec., gyro-EIS",12.0,Yes,"HDR, HDR10+","4K@30/60fps, 1080p@30fps","Wi-Fi 802.11 a/b/g/n/ac/6e/7, tri-band, Wi-Fi Direct",Yes,6.0,Type-C,No,"GPS, GLONASS, BDS, GALILEO, QZSS","Fingerprint (under display, ultrasonic), accelerometer, gyro, proximity, compass, barometer",5000,60,25,Yes,Active use score 16:23h,1019.99,969.0,889.0,119770,2627986,11566,7744,1480,-25.9,"Cobalt Violet, Sky Blue, Black, White, Silver Shadow, Pink Gold","SM-S948B, SM-S948B/DS, SM-S948U, SM-S948U1, SM-S948W, SM-S948N, SM-S9480, SM-S948E, SM-S948E/DS",1.09 W/kg (head) 1.19 W/kg (body),1.28 W/kg (head) 1.35 W/kg (body),No
Acer,Samsung Galaxy A17,https://www.gsmarena.com/samsung_galaxy_a17-14041.php,https://fdn2.gsmarena.com/vv/bigpic/samsung-galaxy-a17-5g.jpg,GSM / HSPA / LTE / 5G,Yes,"2025, August 06","Available. Released 2025, August 14",164.4 x 77.9 x 7.5 mm (6.47 x 3.07 x 0.30 in),192.0,Glass,IP54,· Nano-SIM · Nano-SIM + eSIM · Nano-SIM + Nano-SIM,"Super AMOLED, 90Hz, 800 nits (HBM)",90,6.7,1080x2340,385,86.0,Gorilla Glass Victus,"Android 15, up to 6 major Android upgrades, One UI 8.5",Exynos 1330 (5 nm),5,Octa-core (2x2.4 GHz Cortex-A78 & 6x2.0 GHz Cortex-A55),Mali-G68 MP2,4,8,128,256,,50.0,3,1.8,Yes,1/2.76,No,"LED flash, panorama, HDR","1080p@30fps, gyro-EIS",13.0,No,,1080p@30fps,"Wi-Fi 802.11 a/b/g/n/ac, dual-band, Wi-Fi Direct",Yes,5.3,Type-C,No,"GPS, GALILEO, GLONASS, BDS, QZSS","Fingerprint (side-mounted), accelerometer, gyro, compass",5000,25,,No,Active use score 11:48h,99.88,125.0,114.99,18499,435787,2048,365,738,-26.4,"Black, Gray, Blue","SM-A176B, SM-A176B/DS",,0.67 W/kg (head) 0.97 W/kg (body),No
Acer,Apple iPhone 17 Pro Max,https://www.gsmarena.com/apple_iphone_17_pro_max-13964.php,https://fdn2.gsmarena.com/vv/bigpic/apple-iphone-17-pro-max.jpg,GSM / CDMA / HSPA / EVDO / LTE / 5G,Yes,"2025, September 09","Available. Released 2025, September 19",163.4 x 78 x 8.8 mm (6.43 x 3.07 x 0.35 in),233.0,Ceramic,IP68,"· Nano-SIM + eSIM + eSIM (max 2 at a time; International) · eSIM + eSIM (8 or more, max 2 at a time; USA) · Nano-SIM + Nano-SIM (China)","LTPO Super Retina XDR OLED, 120Hz, HDR10, Dolby Vision, 1000 nits (typ), 1600 nits (HBM), 3000 nits (peak)",120,6.9,1320x2868,460,90.7,Ceramic Shield 2,"iOS 26, upgradable to iOS 26.5",Apple A19 Pro (3 nm),3,Hexa-core (2x4.26 GHz + 4x2.60 GHz),Apple GPU (6-core graphics),12,12,256,512,NVMe,48.0,3,1.8,Yes,1/1.28,Yes,"Dual-LED dual-tone flash, HDR (photo/panorama)","4K@24/25/30/60/100/120fps, 1080p@25/30/60/120/240fps, 10-bit HDR, Dolby Vision HDR (up to 120fps), ProRes, ProRes RAW (up to 120fps), Apple Log 2, 3D (spatial) video/audio, stereo sound rec.",18.0,Yes,"HDR, Dolby Vision HDR, 3D (spatial) audio, stereo sound rec., ProRes RAW, Apple Log 2","4K@24/25/30/60fps, 1080p@25/30/60/120fps, gyro-EIS","Wi-Fi 802.11 a/b/g/n/ac/6e/7, tri-band, hotspot",Yes,6.0,Type-C,No,"GPS (L1+L5), GLONASS, GALILEO, BDS, QZSS, NavIC","Face ID, accelerometer, gyro, proximity, compass, barometer",4823,25,25,No,Active use score 17:58h,965.55,1215.29,1038.99,149900,2600583,10118,6010,1000,-26.2,"Silver, Cosmic Orange, Deep Blue","iPhone18,2, A3526, A3257, A3527, A3525",1.19 W/kg (head) 1.19 W/kg (body),1.49 W/kg (head) 1.49 W/kg (body),No
Acer,Xiaomi 17 Max,https://www.gsmarena.com/xiaomi_17_max-14667.php,https://fdn2.gsmarena.com/vv/bigpic/xiaomi-17-max.jpg,GSM / HSPA / LTE / 5G,Yes,"2026, May 21","Available. Released 2026, May 21",162.9 x 77.6 x 8.2 mm (6.41 x 3.06 x 0.32 in),219.0,Glass,IP68,Nano-SIM + Nano-SIM,"LTPO AMOLED, 68B colors, PWM, 120Hz, Dolby Vision, HDR Vivid, HDR10+, 3500 nits (peak)",120,6.9,1200x2608,420,90.5,,"Android 16, HyperOS 3",Qualcomm SM8850-AC Snapdragon 8 Elite Gen 5 (3 nm),3,Octa-core (2x4.6 GHz Oryon V3 Phoenix L + 6x3.62 GHz Oryon V3 Phoenix M),Adreno 840,12,16,256,512,UFS 4.1,200.0,3,1.7,Yes,1/1.4,Yes,"Laser AF, color spectrum sensor, Leica lens, LED flash, HDR, panorama","8K@30fps (HDR), 4K@30/60fps (10-bit Dolby Vision HDR), 4K@120fps, 1080p@30/60/120/240/960fps, gyro-EIS",32.0,Yes,,"4K@30fps, 1080p@30/60fps, gyro-EIS","Wi-Fi 802.11 a/b/g/n/ac/6e/7, dual-band, Wi-Fi Direct",Yes,5.4,Type-C,No,"GPS (L1+L5), BDS (B1I+B1c+B2a), GALILEO (E1+E5a), QZSS (L1+L5), NavIC (L5), GLONASS","Fingerprint (under display, ultrasonic), accelerometer, proximity, gyro, compass, barometer",8000,100,50,Yes,,,610.0,,,,,,,,"Black, Blue, White",2605EPN8EC,,,No
Acer,Xiaomi Redmi Note 15,https://www.gsmarena.com/xiaomi_redmi_note_15-14328.php,https://fdn2.gsmarena.com/vv/bigpic/xiaomi-redmi-note-15-global.jpg,GSM / HSPA / LTE / 5G,Yes,"2025, December 18","Available. Released 2026, January 06",164 x 75.4 x 7.4 mm (6.46 x 2.97 x 0.29 in),178.0,Glass,IP66,Nano-SIM + Nano-SIM,"AMOLED, 68B colors, 120Hz, 3840Hz PWM, HDR10+, 800 nits (typ), 3200 nits (peak)",120,6.77,1080x2392,388,89.7,"Scratch/drop-resistant glass, Mohs level","Android 15, up to 4 major Android upgrades, HyperOS 2",Qualcomm SM6475-AB Snapdragon 6 Gen 3 (4 nm),4,Octa-core (4x2.4 GHz Cortex-A78 & 4x1.8 GHz Cortex-A55),Adreno 710,6,12,128,512,UFS 2.2,108.0,2,1.7,Yes,1/1.67,Yes,"LED flash, HDR, panorama","4K@30fps, 1080p@30fps, gyro-EIS, OIS",20.0,No,,1080p@30fps,"Wi-Fi 802.11 a/b/g/n/ac, dual-band, Wi-Fi Direct",Yes,5.1,Type-C,No,"GPS, GLONASS, BDS, GALILEO","Fingerprint (under display, optical), accelerometer, gyro, compass",5520,45,,No,Active use score 14:12h,252.5,199.0,189.0,21199,637266,2958,861,1524,-23.4,"Black, Glacier Blue, Mist Purple","25096RA9BG, 25098RA98G",,1.00 W/kg (head) 0.99 W/kg (body),No
Acer,Xiaomi Poco X8 Pro,https://www.gsmarena.com/xiaomi_poco_x8_pro-14506.php,https://fdn2.gsmarena.com/vv/bigpic/xiaomi-poco-x8-pro.jpg,GSM / HSPA / LTE / 5G,Yes,"2026, March 17","Available. Released 2026, March 17",157.5 x 75.2 x 8.4 mm (6.20 x 2.96 x 0.33 in),201.5,Glass,IP68,Nano-SIM + Nano-SIM,"AMOLED, 68B colors, 120Hz, 3840Hz PWM, Dolby Vision, HDR10+, 2000 nits (HBM), 3500 nits (peak)",120,6.59,1268x2756,460,89.8,Gorilla Glass 7i,"Android 16, HyperOS 3",Mediatek Dimensity 8500 Ultra (4 nm),4,Octa-core (1x3.4 GHz Cortex-A725 & 3x3.2 GHz Cortex-A725 & 4x2.2 GHz Cortex-A725),Mali-G720 MC8,8,12,256,512,UFS 4.1,50.0,2,1.5,Yes,1/1.95,Yes,"LED flash, HDR, panorama","4K@30/60fps, 1080p@30/60/120/240/960fps, gyro-EIS, HDR10+",20.0,No,,1080p@30/60fps,"Wi-Fi 802.11 a/b/g/n/ac/6, dual-band, Wi-Fi Direct",Yes,6.0,Type-C,No,"GPS (L1+L5), BDS (B1I+B1c+B2a), GALILEO (E1+E5a), QZSS (L1+L5), NavIC (L5), GLONASS","Fingerprint (under display, optical), accelerometer, gyro, compass, proximity",6500,100,,No,Active use score 16:52h,367.5,289.25,279.0,,1663640,6298,4103,1090,-24.8,"Black, White, Mint Green",2511FPC34G,,,No
Acer,Honor 600 Pro,https://www.gsmarena.com/honor_600_pro-14604.php,https://fdn2.gsmarena.com/vv/bigpic/honor-600-pro.jpg,GSM / HSPA / LTE / 5G,Yes,"2026, April 22","Available. Released 2026, April 29",156 x 74.7 x 7.8 mm (6.14 x 2.94 x 0.31 in),195.0,Glass,IP68,· Nano-SIM + eSIM · Nano-SIM + Nano-SIM + eSIM (max 2 at a time),"AMOLED, 1B colors, 120Hz, 3840Hz PWM, HDR Vivid, 8000 nits (peak)",120,6.57,1264x2728,458,91.2,Mohs level 4,"Android 16, up to 6 major Android upgrades, MagicOS 10",Qualcomm SM8750-AB Snapdragon 8 Elite (3 nm),3,Octa-core (2x4.32 GHz Oryon V2 Phoenix L + 6x3.53 GHz Oryon V2 Phoenix M),Adreno 830 (1200 MHz),12,16,256,512,,200.0,3,1.9,Yes,1/1.4,Yes,"Color spectrum sensor, LED flash, HDR, panorama","4K@30/60fps, 1080p@30/60fps, gyro-EIS, OIS",50.0,Yes,HDR,"4K@30fps, 1080p@30/60fps, gyro-EIS","Wi-Fi 802.11 a/b/g/n/ac/6/7, dual-band or tri-band, Wi-Fi Direct",Yes,6.0,Type-C,No,"GPS, GLONASS, GALILEO, BDS, QZSS, NavIC","Fingerprint (under display, optical), accelerometer, gyro, proximity (ultrasound), compass",7000,80,50,No,Active use score 17:55h,797.29,,649.0,,2221352,7970,5309,1766,-24.8,"Golden White, Black, Orange",VKP-NX9,,,No
Acer,Samsung Galaxy A56,https://www.gsmarena.com/samsung_galaxy_a56-13603.php,https://fdn2.gsmarena.com/vv/bigpic/samsung-galaxy-a56-.jpg,GSM / HSPA / LTE / 5G,Yes,"2025, March 02","Available. Released 2025, March 10",162.2 x 77.5 x 7.4 mm (6.39 x 3.05 x 0.29 in),198.0,Glass,IP67,· Nano-SIM + eSIM · Nano-SIM + Nano-SIM + eSIM + eSIM (max 2 at a time),"Super AMOLED, 120Hz, HDR10+, 1200 nits (HBM), 1900 nits (peak)",120,6.7,1080x2340,385,87.7,Gorilla Glass Victus+,"Android 15, up to 6 major Android upgrades, One UI 8.5",Exynos 1580 (4 nm),4,Octa-core (1x2.9 GHz Cortex-A720 & 3x2.6 GHz Cortex-A720 & 4x1.9 GHz Cortex-A520),Xclipse 540,6,12,128,256,UFS 3.1,50.0,3,1.8,Yes,1/1.56,Yes,"Best Face, LED flash, panorama, HDR","4K@30fps, 1080p@30/60fps, gyro-EIS",12.0,Yes,,"4K@30fps, 1080p@30fps, 1080p@60fps (regional availability), 10-bit HDR","Wi-Fi 802.11 a/b/g/n/ac/6, dual-band, Wi-Fi Direct",Yes,5.3,Type-C,No,"GPS, GALILEO, GLONASS, BDS, QZSS","Fingerprint (under display, optical), accelerometer, gyro, compass",5000,45,,No,Active use score 12:08h,359.5,275.68,267.98,40999,908689,3899,1332,1213,-26.2,"Pink, Olive, Graphite, Lightgray","SM-A566V, SM-A566B, SM-A566B/DS, SM-A566E, SM-A566E/DS, SM-A5660, SM-A566U, SM-A566U1, SM-A566W, SM-A566S",1.32 W/kg (head),0.61 W/kg (head) 1.05 W/kg (body),No
Acer,Xiaomi 15 Ultra,https://www.gsmarena.com/xiaomi_15_ultra-13657.php,https://fdn2.gsmarena.com/vv/bigpic/xiaomi-15-ultra-.jpg,GSM / HSPA / LTE / 5G,Yes,"2025, February 27","Available. Released 2025, February 27",161.3 x 75.3 x 9.4 mm (6.35 x 2.96 x 0.37 in),226.0,Glass,IP68,· Nano-SIM + Nano-SIM · Nano-SIM + Nano-SIM + eSIM + eSIM (max 2 at a time),"LTPO AMOLED, 68B colors, 120Hz, 1920Hz PWM, Dolby Vision, HDR10+, HDR Vivid, 3200 nits (peak)",120,6.73,1440x3200,522,89.7,"Xiaomi Shield Glass 2.0, Mohs level 6","Android 15, up to 4 major Android upgrades, HyperOS 3",Qualcomm SM8750-AB Snapdragon 8 Elite (3 nm),3,Octa-core (2x4.32 GHz Oryon V2 Phoenix L + 6x3.53 GHz Oryon V2 Phoenix M),Adreno 830,12,16,256,512,UFS 4.1,50.0,4,1.6,Yes,1/2.51,Yes,"Laser AF, color spectrum sensor, Leica lenses, Dual-LED flash, HDR, panorama, 67mm filter ring holder (optional)","8K@30fps, 4K@30/60/120fps, 1080p@30/60/120/240/480/960/1920fps, gyro-EIS, Dolby Vision HDR 10-bit rec. (4K@60fps, 1080p)",32.0,Yes,"HDR, panorama","4K@30/60fps, 1080p@30/60fps, gyro-EIS","Wi-Fi 802.11 a/b/g/n/ac/6e/7, dual-band or tri-band, Wi-Fi Direct",Yes,6.0,Type-C,No,"GPS (L1+L5), BDS (B1I+B1c+B2a), GALILEO (E1+E5a), QZSS (L1+L5), NavIC (L5), GLONASS","Fingerprint (under display, ultrasonic), accelerometer, proximity, gyro, compass, barometer",5410,90,80,Yes,Active use score 16:13h,,776.09,1053.1,,,,,,-24.1,"Black, White, Silver Chrome, Green",25010PN30G,,1.00 W/kg (head) 1.00 W/kg (body),No
Acer,Xiaomi Poco X7 Pro,https://www.gsmarena.com/xiaomi_poco_x7_pro-13582.php,https://fdn2.gsmarena.com/vv/bigpic/xiaomi-poco-x7-pro.jpg,GSM / HSPA / LTE / 5G,Yes,"2025, January 09","Available. Released 2025, January 09",160.8 x 75.2 x 8.3 mm (6.33 x 2.96 x 0.33 in),195.0,Glass,IP68,Nano-SIM + Nano-SIM,"AMOLED, 68B colors, 120Hz, 1920Hz PWM, Dolby Vision, HDR10+, 1400 nits (HBM), 3200 nits (peak)",120,6.67,1220x2712,446,88.8,Gorilla Glass 7i,"Android 15, HyperOS 2",Mediatek Dimensity 8400 Ultra (4 nm),4,Octa-core (1x3.25 GHz Cortex-A725 & 3x3.0 GHz Cortex-A725 & 4x2.1 GHz Cortex-A725),Mali-G720 MC7,8,12,256,512,UFS 4.0,50.0,2,1.5,Yes,1/1.95,Yes,"LED flash, HDR, panorama","4K@24/30/60fps, 1080p@30/60/120/240/960fps, HDR10+, gyro-EIS, OIS",20.0,No,,1080p@30fps,"Wi-Fi 802.11 a/b/g/n/ac/6, dual-band, Wi-Fi Direct",Yes,5.4,Type-C,No,"GPS (L1+L5), GLONASS (G1), BDS (B1I+B1c+B2a), GALILEO (E1+E5a), NavIC (L5)","Fingerprint (under display, optical), accelerometer, gyro, proximity, compass",6000,90,,No,Active use score 12:43h,374.0,319.0,259.0,30999,1568331,6311,3880,1265,-24.7,"Black/Yellow, White, Green, Red (Iron Man Edition)","2412DPC0AG, 2412DPC0AI",1.09 W/kg (head) 1.08 W/kg (body),0.99 W/kg (head) 0.99 W/kg (body),No
Acer,Xiaomi 17 Pro Max,https://www.gsmarena.com/xiaomi_17_pro_max-14181.php,https://fdn2.gsmarena.com/vv/bigpic/xiaomi-17-pro-max.jpg,GSM / HSPA / LTE / 5G,Yes,"2025, September 25","Available. Released 2025, September 25",162.9 x 77.6 x 8 mm (6.41 x 3.06 x 0.31 in),219.0,Glass,IP68,Nano-SIM + Nano-SIM,"LTPO AMOLED, 68B colors, 2160Hz PWM, 120Hz, Dolby Vision, HDR Vivid, HDR10+, 3500 nits (peak)",160,6.9,1200x2608,416,92.3,Xiaomi Dragon Crystal Glass 3,"Android 16, HyperOS 3",Qualcomm SM8850-AC Snapdragon 8 Elite Gen 5 (3 nm),3,Octa-core (2x4.6 GHz Oryon V3 Phoenix L + 6x3.62 GHz Oryon V3 Phoenix M),Adreno 840,12,16,512,512,UFS 4.1,50.0,3,1.7,Yes,1/1.28,Yes,"Laser AF, color spectrum sensor, Leica lens, Dual-LED dual-tone flash, HDR, panorama","8K@30fps (HDR), 4K@30/60/120fps (HDR10+, 10-bit Dolby Vision HDR, 10-bit LOG), 1080p@30/60/120/240/960fps, 720p@1920fps, gyro-EIS",50.0,Yes,"HDR, panorama","4K@30/60fps, 1080p@30/60fps, HDR10+, gyro-EIS","Wi-Fi 802.11 a/b/g/n/ac/6e/7, dual-band, Wi-Fi Direct",Yes,5.4,Type-C,No,"GPS (L1+L5), BDS (B1I+B1c+B2a), GALILEO (E1+E5a), QZSS (L1+L5), NavIC (L5), GLONASS","Fingerprint (under display, ultrasonic), accelerometer, proximity, gyro, compass, barometer",7500,100,50,Yes,Active use score 20:50h,,720.0,,,2456317,10600,6761,1026,-26.1,"Black, White, Purple, Green",2509FPN0BC,,,No
Acer,OnePlus 15,https://www.gsmarena.com/oneplus_15-14206.php,https://fdn2.gsmarena.com/vv/bigpic/oneplus-15.jpg,GSM / HSPA / LTE / 5G,Yes,"2025, October 27","Available. Released 2025, October 28",161.4 x 76.7 x 8.1 mm (6.35 x 3.02 x 0.32 in),211.0,Glass,IP68,· Nano-SIM + Nano-SIM + eSIM (max 2 at a time) · Nano-SIM + Nano-SIM,"LTPO AMOLED, 1B colors, 165Hz, PWM, Dolby Vision, HDR10+, HDR Vivid, 800 nits (typ), 1800 nits (HBM)",165,6.78,1272x2772,450,90.8,Gorilla Glass Victus,"Android 16, OxygenOS 16 (Global), ColorOS 16 (China)",Qualcomm SM8850-AC Snapdragon 8 Elite Gen 5 (3 nm),3,Octa-core (2x4.6 GHz Oryon V3 Phoenix L + 6x3.62 GHz Oryon V3 Phoenix M),Adreno 840,12,16,256,512,UFS 4.1,50.0,3,1.8,Yes,1/1.56,Yes,"Laser focus, color spectrum sensor, LED flash, HDR, panorama, LUT preview","8K@30fps, 4K@30/60/120fps, 1080p@30/60/240fps, Auto HDR, gyro-EIS, Dolby Vision, LUT",32.0,Yes,"HDR, panorama","4K@30/60fps, 1080p@30/60fps, gyro-EIS, HDR","Wi-Fi 802.11 a/b/g/n/ac/6/7, dual or tri-band, Wi-Fi Direct",Yes,6.0,Type-C,No,"GPS (L1+L5), GLONASS (G1), BDS (B1I+B1c+B2a), GALILEO (E1+E5a), QZSS (L1+L5), NavIC (L5)","Fingerprint (under display, ultrasonic), accelerometer, proximity, gyro (UAV-grade), compass, barometer (exc. China)",7300,120,50,Yes,Active use score 23:07h,729.95,780.9,819.0,77999,2790237,11062,7370,1364,-24.8,"Infinite Black, Ultra Violet, Sand Storm","CPH2747, CPH2745, PLK110, CPH2749",1.17 W/kg (head) 1.00 W/kg (body),,No
Acer,Samsung Galaxy S25,https://www.gsmarena.com/samsung_galaxy_s25-13610.php,https://fdn2.gsmarena.com/vv/bigpic/samsung-galaxy-s25-sm-s931.jpg,GSM / CDMA / HSPA / EVDO / LTE / 5G,Yes,"2025, January 22","Available. Released 2025, February 03",146.9 x 70.5 x 7.2 mm (5.78 x 2.78 x 0.28 in),162.0,Glass,IP68,· Nano-SIM + Nano-SIM + eSIM + eSIM (max 2 at a time) - INT · Nano-SIM + eSIM + eSIM (max 2 at a time) - USA · Nano-SIM + Nano-SIM - CN,"Dynamic LTPO AMOLED 2X, 120Hz, HDR10+, 2600 nits (peak)",120,6.2,1080x2340,416,91.1,Gorilla Glass Victus,"Android 15, up to 7 major Android upgrades, One UI 8",Qualcomm SM8750-AC Snapdragon 8 Elite (3 nm),3,Octa-core (2x4.47 GHz Oryon V2 Phoenix L + 6x3.53 GHz Oryon V2 Phoenix M),Adreno 830 (1200 MHz),12,12,128,512,UFS 4.0,50.0,3,1.8,Yes,1/1.56,Yes,"Best Face, LED flash, auto-HDR, panorama","8K@24/30fps, 4K@30/60fps, 1080p@30/60/120/240fps, 10-bit HDR, HDR10+, stereo sound rec., gyro-EIS",12.0,Yes,"HDR, HDR10+","4K@30/60fps, 1080p@30fps","Wi-Fi 802.11 a/b/g/n/ac/6e/7, tri-band, Wi-Fi Direct",Yes,5.4,Type-C,No,"GPS, GLONASS, BDS, GALILEO, QZSS","Fingerprint (under display, ultrasonic), accelerometer, gyro, proximity, compass, barometer",4000,25,15,Yes,Active use score 13:09h,417.09,449.99,420.96,74999,2193701,10050,6755,1395,-26.1,"Icy Blue, Mint, Navy, Silver Shadow, Pink Gold, Coral Red, Blue Black","SM-S931B, SM-S931B/DS, SM-S931U, SM-S931U1, SM-S931W, SM-S931N, SM-S9310, SM-S931E, SM-S931E/DS",1.13 W/kg (head) 0.92 W/kg (body),1.29 W/kg (head) 1.36 W/kg (body),No
Acer,Xiaomi 17 Ultra,https://www.gsmarena.com/xiaomi_17_ultra-14380.php,https://fdn2.gsmarena.com/vv/bigpic/xiaomi-17-ultra-global.jpg,GSM / HSPA / LTE / 5G,Yes,"2026, February 28","Available. Released 2026, March 10",162.9 x 77.6 x 8.3 mm (6.41 x 3.06 x 0.33 in),218.4,Glass,IP68,Nano-SIM + Nano-SIM + eSIM + eSIM + eSIM (max 2 at a time),"LTPO AMOLED, 68B colors, 120Hz, 2160Hz PWM, Dolby Vision, HDR10+, 3500 nits (peak)",120,6.9,1200x2608,416,92.3,Xiaomi Shield Glass 3.0,"Android 16, HyperOS 3",Qualcomm SM8850-AC Snapdragon 8 Elite Gen 5 (3 nm),3,Octa-core (2x4.6 GHz Oryon V3 Phoenix L + 6x3.62 GHz Oryon V3 Phoenix M),Adreno 840,16,16,512,512,UFS 4.1,50.0,3,1.7,Yes,1/1.4,Yes,"Laser AF, color spectrum sensor, Leica lenses, Dual-LED flash, HDR, panorama","8K@30fps, 4K@30/60/120fps, 1080p@30/60/120/240/480/960/1920fps, gyro-EIS, Dolby Vision HDR 10-bit rec. (4K@60fps, 1080p)",50.0,Yes,"HDR, panorama","4K@30/60fps, 1080p@30/60/120fps, gyro-EIS","Wi-Fi 802.11 a/b/g/n/ac/6e/7, dual-band or tri-band, Wi-Fi Direct",Yes,6.0,Type-C,No,"GPS (L1+L5), BDS (B1I+B1c+B2a), GALILEO (E1+E5a), QZSS (L1+L5), NavIC (L5), GLONASS","Fingerprint (under display, ultrasonic), accelerometer, proximity, gyro, compass, barometer",6000,90,50,Yes,Active use score 19:09h,,1249.0,1199.0,139997,2777490,10896,6948,1132,-24.1,"Black, White, Starlit Green","25128PNA1G, 2512BPNDAG",,,No
Acer,Oppo Find X9 Pro,https://www.gsmarena.com/oppo_find_x9_pro-14094.php,https://fdn2.gsmarena.com/vv/bigpic/oppo-find-x9-pro.jpg,GSM / HSPA / LTE / 5G,Yes,"2025, October 16","Available. Released 2025, October 22",161.3 x 76.5 x 8.3 mm (6.35 x 3.01 x 0.33 in),224.0,Glass,IP68,· Nano-SIM + eSIM · Nano-SIM + Nano-SIM,"LTPO AMOLED, 1B colors, 120Hz, 2160Hz PWM, Dolby Vision, HDR10+, HDR Vivid, 800 nits (typ), 1800 nits (HBM), 3600 nits (peak)",120,6.78,1272x2772,450,91.1,Gorilla Glass Victus,"Android 16, up to 5 major Android upgrades, ColorOS 16",Mediatek Dimensity 9500 (3 nm),3,Octa-core (1x4.21 GHz C1-Ultra & 3x3.5 GHz C1-Premium & 4x2.7 GHz C1-Pro),Arm G1-Ultra,12,16,256,512,UFS 4.1,50.0,3,1.5,Yes,1/1.28,Yes,"Laser AF, color spectrum sensor, Hasselblad Color Calibration, LED flash, HDR, panorama, LUT preview","4K@30/60/120fps, 1080p@30/60/240fps; gyro-EIS; HDR, 10‑bit video, Dolby Vision, LOG",50.0,Yes,Panorama,"4K@30/60fps, 1080p@30/60fps, gyro-EIS","Wi-Fi 802.11 a/b/g/n/ac/6/7, dual-band or tri-band, Wi-Fi Direct",Yes,6.0,Type-C,No,"GPS (L1+L5), BDS (B1I+B1c+B2a+B2b), GALILEO (E1+E5a+E5b), QZSS (L1+L5), GLONASS, NavIC (L5)","Fingerprint (under display, ultrasonic), accelerometer, gyro, proximity, compass, barometer",7500,80,50,Yes,Active use score 21:57h,,1195.9,849.97,,2719560,9697,6808,1175,-26.6,"Silk White, Titanium Charcoal, Velvet Red","CPH2791, PLG110",,,No
Acer,Acer Iconia Tab 7 A1-713,https://www.gsmarena.com/acer_iconia_tab_7_a1_713-6343.php,https://fdn2.gsmarena.com/vv/bigpic/acer-iconia-tab-7.jpg,GSM / HSPA,No,"2014, April. Released 2014, August",Discontinued,8.9 mm thickness,298.0,,,Mini-SIM,TFT,,7.0,600x1024,170,,,"Android 4.2.2 (Jelly Bean), upgradable to 4.4.2 (KitKat)",,,Quad-core,,1,1,16,16,,2.0,1,,No,,No,,Yes,,No,,,Wi-Fi 802.11 b/g/n,No,4.0,Micro-USB,Yes,GPS,Accelerometer,3400,,,No,,,110.0,,,,,,,,Black,,,,No
Acer,Acer Iconia Tab 7 A1-713HD,https://www.gsmarena.com/acer_iconia_tab_7_a1_713hd-6342.php,https://fdn2.gsmarena.com/vv/bigpic/acer-iconia-tab-7.jpg,GSM / HSPA,No,"2014, April. Released 2014, August",Discontinued,8.9 mm thickness,298.0,,,Mini-SIM,IPS LCD,,7.0,800x1280,216,,,Android 4.4.2 (KitKat),,,Quad-core,,1,1,16,16,,5.0,1,,No,,No,,Yes,,No,,,Wi-Fi 802.11 b/g/n,No,4.0,Micro-USB,Yes,GPS,Accelerometer,3400,,,No,,,150.0,,,,,,,,Black,,,,No
Acer,Acer Iconia One 7 B1-730,https://www.gsmarena.com/acer_iconia_one_7_b1_730-6341.php,https://fdn2.gsmarena.com/vv/bigpic/acer-iconia-one-7.jpg,No cellular connectivity,No,"2014, April. Released 2014, June",Discontinued,8.9 mm thickness,,,,No,IPS LCD,,7.0,800x1280,216,,,"Android 4.2.2 (Jelly Bean), upgradable to 4.4.2 (KitKat)",Intel Atom Z2560,,Dual-core 1.6 GHz,PowerVR SGX544MP2,1,1,8,8,,5.0,1,,No,,No,,Yes,,No,,,Wi-Fi 802.11 b/g/n,No,4.0,Micro-USB,Yes,No,Accelerometer,3700,,,No,,,90.0,,,,,,,,"Red, white, black, blue, pink",,,,No
Acer,Acer Liquid E3 Duo Plus,https://www.gsmarena.com/acer_liquid_e3_duo_plus-6680.php,https://fdn2.gsmarena.com/vv/bigpic/acer-liquid-e3-plus.jpg,GSM / HSPA,No,"2014, Q3. Released 2014, Q3",Discontinued,138 x 69 x 8.9 mm (5.43 x 2.72 x 0.35 in),,,,Dual SIM,IPS LCD,,4.7,720x1280,312,64.0,,Android 4.2.2 (Jelly Bean),Mediatek MT6589 (28 nm),28,Quad-core 1.2 GHz Cortex-A7,PowerVR SGX544,2,2,16,16,,13.0,1,,No,,No,LED flash,Yes,2.0,No,LED flash,,"Wi-Fi 802.11 b/g/n, hotspot",No,4.0,Micro-USB,Yes,"GPS, GLONASS","Accelerometer, proximity",2000,,,No,,,240.0,,,,,,,,Black,,,,FM radio
Acer,Acer Liquid E3,https://www.gsmarena.com/acer_liquid_e3-6116.php,https://fdn2.gsmarena.com/vv/bigpic/acer-liquid-e3-new.jpg,GSM / HSPA,No,"2014, February. Released 2014, April",Discontinued,136 x 68 x 9 mm (5.35 x 2.68 x 0.35 in),134.0,,,"Single SIM (Micro-SIM) or Dual SIM (Micro-SIM, dual stand-by)",IPS LCD,,4.7,720x1280,312,65.8,,Android 4.2.2 (Jelly Bean),Mediatek MT6589 (28 nm),28,Quad-core 1.2 GHz Cortex-A7,PowerVR SGX544,1,1,4,4,,13.0,1,,No,,No,LED flash,Yes,2.0,No,LED flash,,"Wi-Fi 802.11 b/g/n, hotspot",No,4.0,Micro-USB,Yes,"GPS, GLONASS","Accelerometer, proximity",2500,,,No,,,200.0,,,,,,,,Black/White,,,,FM radio
Acer,Acer Liquid Z4,https://www.gsmarena.com/acer_liquid_z4-6115.php,https://fdn2.gsmarena.com/vv/bigpic/acer-liquid-z4.jpg,GSM / HSPA,No,"2014, February. Released 2014, April",Discontinued,124 x 64 x 9.7 mm (4.88 x 2.52 x 0.38 in),122.0,,,"Single SIM (Micro-SIM) or Dual SIM (Micro-SIM, dual stand-by)",TFT,,4.0,480x800,233,57.4,,Android 4.2.2 (Jelly Bean),Mediatek MT6572 (28 nm),28,Dual-core 1.3 GHz Cortex-A7,Mali-400,,,4,4,,5.0,1,,No,,No,LED flash,720p@30fps,1.3,No,,,"Wi-Fi 802.11 b/g/n, hotspot",No,4.0,Micro-USB,Yes,No,"Accelerometer, proximity",1630,,,No,,,100.0,,,,,,,,Black/White,,,,No
Acer,Acer Iconia B1-721,https://www.gsmarena.com/acer_iconia_b1_721-5933.php,https://fdn2.gsmarena.com/vv/bigpic/acer-iconia-b1-721.jpg,GSM / HSPA,No,"2014, January. Released 2014, January",Discontinued,199 x 122.3 x 11.4 mm (7.83 x 4.81 x 0.45 in),323.0,,,Yes,TFT,,7.0,600x1024,170,56.7,,Android 4.2 (Jelly Bean),Mediatek MT8312 (28 nm),28,Dual-core 1.3 GHz Cortex-A7,Mali-400,1,1,16,16,,,1,,No,,No,,Yes,,No,,,Wi-Fi 802.11 b/g/n,No,,Micro-USB,Yes,GPS,Accelerometer,2955,,,No,,,130.0,,,,,,,,Black/Red,,,,No
Acer,Acer Iconia B1-720,https://www.gsmarena.com/acer_iconia_b1_720-5932.php,https://fdn2.gsmarena.com/vv/bigpic/acer-iconia-tab-b1-720.jpg,No cellular connectivity,No,"2014, January. Released 2014, January",Discontinued,198.1 x 121.9 x 10.2 mm (7.80 x 4.80 x 0.40 in),315.0,,,No,TFT,,7.0,600x1024,170,57.1,,Android 4.2 (Jelly Bean),Mediatek MT8111,,Dual-core 1.3 GHz,PowerVR SGX531,1,1,8,16,,,1,,No,,No,,Yes,,No,,,Wi-Fi 802.11 b/g/n,No,4.0,Micro-USB,Yes,GPS,Accelerometer,2955,,,No,,,100.0,,,,,,,,"Black, Gold",,,,No
Acer,Acer Iconia A1-830,https://www.gsmarena.com/acer_iconia_a1_830-5930.php,https://fdn2.gsmarena.com/vv/bigpic/Acer-Iconia-A1-830.jpg,No cellular connectivity,No,"2014, January. Released 2014, March",Discontinued,203 x 138.4 x 8.2 mm (7.99 x 5.45 x 0.32 in),380.0,,,No,LED-backlit IPS LCD,,7.9,768x1024,162,68.8,,Android 4.2 (Jelly Bean),Intel Atom Z2560,,Dual-core 1.6 GHz,PowerVR SGX544MP2,1,1,16,16,,5.0,1,,No,,No,,1080p@30fps,2.0,No,,,Wi-Fi 802.11 b/g/n,No,3.0,Micro-USB,Yes,GPS,Accelerometer,4000,,,No,,,130.0,,,,,,,,White,,,,No
Acer,Acer Liquid Z5,https://www.gsmarena.com/acer_liquid_z5-5929.php,https://fdn2.gsmarena.com/vv/bigpic/acer-liquid-z5.jpg,GSM / HSPA,No,"2014, January. Released 2014, January",Discontinued,145.5 x 73.5 x 8.8 mm (5.73 x 2.89 x 0.35 in),150.0,,,Dual SIM,TFT,,5.0,480x854,196,64.4,,Android 4.2 (Jelly Bean),Mediatek MT6572 (28 nm),28,Dual-core 1.3 GHz Cortex-A7,Mali-400,,,4,4,,5.0,1,,No,,No,LED flash,Yes,,No,,,"Wi-Fi 802.11 b/g/n, hotspot",No,3.0,Micro-USB,Yes,GPS,"Accelerometer, proximity",2000,,,No,,,170.0,,,,,,,,"Essential White, Gentle Grey",,,,FM radio
Acer,Acer Liquid S2,https://www.gsmarena.com/acer_liquid_s2-5670.php,https://fdn2.gsmarena.com/vv/bigpic/acer-liquid-s2.jpg,GSM / HSPA / LTE,No,"2013, August. Released 2013, December",Discontinued,166 x 86.2 x 9 mm (6.54 x 3.39 x 0.35 in),229.0,,,Nano-SIM,IPS LCD,,6.0,1080x1920,368,69.0,Gorilla Glass 3,Android 4.2.2 (Jelly Bean),Qualcomm MSM8974 Snapdragon 800 (28 nm),28,Quad-core 2.2 GHz Krait 400,Adreno 330,2,2,16,16,eMMC 4.5,13.0,1,,No,,Yes,Quad-LED ring flash,"4K@24fps, 1080p@60fps",2.0,No,,1080p@30fps,"Wi-Fi 802.11 a/b/g/n/ac, dual-band, Wi-Fi Direct, DLNA, hotspot",Yes,4.0,Micro-USB,Yes,"GPS, GLONASS","Accelerometer, gyro, proximity, compass",3300,,,No,,,340.0,,,,,,,,"Black, Red",,,,"Stereo FM radio, RDS"
Acer,Acer Liquid Z3,https://www.gsmarena.com/acer_liquid_z3-5624.php,https://fdn2.gsmarena.com/vv/bigpic/acer-liquid-z3.jpg,GSM / HSPA,No,"2013, August. Released 2013, September",Discontinued,109 x 60 x 10.4 mm (4.29 x 2.36 x 0.41 in),120.0,,,"Single SIM (Micro-SIM) or Dual SIM (Micro-SIM, dual stand-by)",TFT,,3.5,320x480,165,55.8,,Android 4.2 (Jelly Bean),Mediatek MT6572 (28 nm),28,Dual-core 1.0 GHz Cortex-A7,Mali-400,,,4,4,,3.15,1,,No,,No,,Yes,,No,,,"Wi-Fi 802.11 a/b/g/n, hotspot",No,3.0,Micro-USB,Yes,GPS,"Accelerometer, proximity",1500,,,No,,,100.0,,,,,,,,"Rock Black, Classic White",,,,Stereo FM radio
Acer,Acer Liquid S1,https://www.gsmarena.com/acer_liquid_s1-5496.php,https://fdn2.gsmarena.com/vv/bigpic/acer-liquid-s1.jpg,GSM / HSPA,No,"2013, June. Released 2013, August",Discontinued,163 x 83 x 9.6 mm (6.42 x 3.27 x 0.38 in),195.0,,,"Single SIM (Micro-SIM) or Dual SIM (Micro-SIM, dual stand-by)",TFT,,5.7,720x1280,258,66.2,,"Android 4.2 (Jelly Bean), Float UI",Mediatek MT6589 (28 nm),28,Quad-core 1.5 GHz Cortex-A7,PowerVR SGX544,1,1,8,8,,8.0,1,,No,,No,LED flash,1080p@30fps,2.0,No,,,"Wi-Fi 802.11 b/g/n, hotspot",No,4.0,Micro-USB,Yes,GPS,"Accelerometer, gyro, proximity, compass",2400,,,No,,,320.0,,,,,,,,"White, Black",,,0.44 W/kg (head) 0.41 W/kg (body),FM radio
Acer,Acer Iconia Tab A3,https://www.gsmarena.com/acer_iconia_tab_a3-5700.php,https://fdn2.gsmarena.com/vv/bigpic/acer-iconia-a3-a10.jpg,GSM / HSPA,No,"2013, September. Released 2013, November",Discontinued,260 x 175 x 10.2 mm (10.24 x 6.89 x 0.40 in),560.0,,,Micro-SIM - cellular model only,LED-backlit IPS LCD,,10.1,800x1280,149,65.0,,Android 4.2.2 (Jelly Bean),Mediatek MT8125T - Wi-Fi Mediatek MT8389W - 3G,,Quad-core 1.2 GHz Cortex-A7,PowerVR SGX544,1,1,16,32,,5.0,1,,No,,No,,1080p@30fps,,No,,,"Wi-Fi 802.11 b/g/n, hotspot",No,4.0,Micro-USB,Yes,GPS - cellular model only,"Accelerometer, gyro",7300,,,No,,,190.0,,,,,,,,"Black/Silver, White",,,,No
Acer,Acer Iconia Tab A1-811,https://www.gsmarena.com/acer_iconia_tab_a1_811-5892.php,https://fdn2.gsmarena.com/vv/bigpic/acer-iconia-b1-810.jpg,GSM / HSPA,No,"2013, Q2. Released 2013, Q2",Discontinued,208.7 x 145.7 x 11.1 mm (8.22 x 5.74 x 0.44 in),430.0,,,Yes,TFT,,7.9,768x1024,162,63.6,,Android 4.2 (Jelly Bean),Mediatek MT8389W,,Quad-core 1.2 GHz Cortex-A7,PowerVR SGX544,1,1,8,8,,5.0,1,,No,,No,,Yes,,No,,,"Wi-Fi 802.11 b/g/n, hotspot",No,4.0,Micro-USB,Yes,GPS,"Accelerometer, gyro",4960,,,No,,,150.0,,,,,,,,White,,,,No
Acer,Acer Iconia Tab A1-810,https://www.gsmarena.com/acer_iconia_tab_a1_810-5399.php,https://fdn2.gsmarena.com/vv/bigpic/acer-iconia-b1-810.jpg,No cellular connectivity,No,"2013, April. Released 2013, May",Discontinued,208.7 x 145.7 x 11.1 mm (8.22 x 5.74 x 0.44 in),410.0,,,No,LED-backlit IPS LCD,,7.9,768x1024,162,63.6,,"Android 4.2.2 (Jelly Bean), upgradаble to 4.4.2 (KitKat)",Mediatek MT8125 (28 nm),28,Quad-core 1.2 GHz,PowerVR SGX544,1,1,8,16,,5.0,1,,No,,No,,Yes,,No,,,Wi-Fi 802.11 b/g/n,No,4.0,Micro-USB,Yes,GPS,"Accelerometer, gyro",4960,,,No,,,120.0,,,,,,,,Black,,,,No
Acer,Acer Liquid E2,https://www.gsmarena.com/acer_liquid_e2-5418.php,https://fdn2.gsmarena.com/vv/bigpic/Acer-Liquid-E2.jpg,GSM / HSPA,No,"2013, April. Released 2013, May",Discontinued,131 x 68 x 9.9 mm (5.16 x 2.68 x 0.39 in),140.0,,,"Single SIM (Micro-SIM) or Dual SIM (Micro-SIM, dual stand-by)",IPS LCD,,4.5,540x960,245,62.7,,Android 4.2.1 (Jelly Bean),Mediatek MT6589 (28 nm),28,Quad-core 1.2 GHz Cortex-A7,PowerVR SGX544,1,1,4,4,,8.0,1,,No,,No,LED flash,1080p@30fps,2.0,No,,,"Wi-Fi 802.11 b/g/n, hotspot",No,3.0,Micro-USB,Yes,GPS,"Accelerometer, gyro, proximity, compass",2000,,,No,,,180.0,,,,,,,,"Black, White",,,0.23 W/kg (head),FM radio
Acer,Acer Liquid Z2,https://www.gsmarena.com/acer_liquid_z2-5302.php,https://fdn2.gsmarena.com/vv/bigpic/acer-liquid-z2.jpg,GSM / HSPA,No,"2013, February. Released 2013, March",Discontinued,110 x 62.5 x 12.3 mm (4.33 x 2.46 x 0.48 in),110.0,,,"Single SIM (Mini-SIM) or Dual SIM (Mini-SIM, dual stand-by)","TFT, 256K colors",,3.5,320x480,165,53.1,,Android 4.1.1 (Jelly Bean),Qualcomm MSM7227A Snapdragon S1,,1.0 GHz Cortex-A5,Adreno 200,,,4,4,,3.0,1,,No,,No,,Yes,,No,,,"Wi-Fi 802.11 b/g/n, hotspot",No,3.0,Micro-USB,Yes,GPS,"Accelerometer, proximity",1300,,,No,,,100.0,,,,,,,,"Black, Black/White",,,,"FM radio, RDS"
Acer,Acer Liquid C1,https://www.gsmarena.com/acer_liquid_c1-5276.php,https://fdn2.gsmarena.com/vv/bigpic/acer-liquid-c1.jpg,GSM / HSPA,No,"2013, January. Released 2013, March",Discontinued,127.3 x 65.5 x 10 mm (5.01 x 2.58 x 0.39 in),140.0,,,Mini-SIM,IPS LCD,,4.3,540x960,256,61.1,,Android 4.0 (Ice Cream Sandwich),Intel Atom Z2420,,1.2 GHz,PowerVR SGX540,1,1,4,4,,8.0,1,,No,,No,LED flash,Yes,,No,,,"Wi-Fi 802.11 b/g/n, hotspot",No,2.1,Micro-USB,Yes,GPS,"Accelerometer, proximity",2000,,,No,,,180.0,,,,,,,,"Black, White",,,0.38 W/kg (head) 0.70 W/kg (body),FM radio
Acer,Acer Liquid E1,https://www.gsmarena.com/acer_liquid_e1-5262.php,https://fdn2.gsmarena.com/vv/bigpic/acer-liquid-e1.jpg,GSM / HSPA,No,"2013, January. Released 2013, March",Discontinued,132 x 68.5 x 9.9 mm (5.20 x 2.70 x 0.39 in),130.0,,,"Single SIM (Mini-SIM) or Dual SIM (Mini-SIM, dual stand-by)",IPS LCD,,4.5,540x960,245,61.7,,Android 4.1.1 (Jelly Bean),Mediatek MT6577 (40 nm),40,Dual-core 1.0 GHz Cortex-A9,SGX531u,1,1,4,4,,5.0,1,,No,,No,LED flash,720p@30fps,,No,,,"Wi-Fi 802.11 b/g/n, hotspot",Yes,3.0,Micro-USB,Yes,GPS,"Accelerometer, gyro, proximity, compass",1760,,,No,,,170.0,,,,,,,,"Black, White",,,0.47 W/kg (head),FM radio
Acer,Acer Iconia Tab B1-710,https://www.gsmarena.com/acer_iconia_tab_b1_710-5897.php,https://fdn2.gsmarena.com/vv/bigpic/acer-b1-710.jpg,No cellular connectivity,No,"2013, November. Released 2013, November",Discontinued,198.1 x 129.5 x 12.7 mm (7.80 x 5.10 x 0.5 in),339.9,,,No,TFT,,7.0,600x1024,170,53.8,,Android OS,Mediatek MT8317T,,Dual-core 1.2 GHz Cortex-A9,PowerVR SGX531u,1,1,8,8,,,1,,No,,No,,Yes,,No,,,Wi-Fi 802.11 b/g/n,No,4.0,Micro-USB,Yes,GPS,Accelerometer,2640,,,No,,,110.0,,,,,,,,White,,,,No
Acer,Acer Iconia Tab B1-A71,https://www.gsmarena.com/acer_iconia_tab_b1_a71-5239.php,https://fdn2.gsmarena.com/vv/bigpic/acer-iconia-b1-a71-new.jpg,No cellular connectivity,No,"2013, January. Released 2013, January",Discontinued,197.4 x 128.5 x 11.3 mm (7.77 x 5.06 x 0.44 in),320.0,,,No,"TFT, 256K colors",,7.0,600x1024,170,54.4,,Android 4.1 (Jelly Bean),Mediatek MT8317,,Dual-core 1.2 GHz Cortex-A9,SGX531u,,,8,16,,,1,,No,,No,,Yes,,No,,,Wi-Fi 802.11 b/g/n,No,4.0,Micro-USB,Yes,GPS,Accelerometer,2710,,,No,,,100.0,,,,,,,,Black,,,,No
Acer,Acer Iconia Tab A110,https://www.gsmarena.com/acer_iconia_tab_a110-5067.php,https://fdn2.gsmarena.com/vv/bigpic/acer-iconia-tab-a210.jpg,No cellular connectivity,No,"2012, October. Released 2012, October",Discontinued,193 x 126.5 x 11.4 mm (7.60 x 4.98 x 0.45 in),390.0,,,No,"TFT, 256K colors",,7.0,600x1024,170,56.5,,Android 4.1 (Jelly Bean),Nvidia Tegra 3 T30L,,Quad-core 1.2 GHz,ULP GeForce,1,1,8,8,,2.0,1,,No,,No,,720p@30fps,,No,,,Wi-Fi 802.11 b/g/n,No,3.0,Micro-USB,Yes,"GPS (3G model), GLONASS","Accelerometer, gyro, compass",3420,,,No,,,150.0,,,,,,,,Black/Silver,,,,No
Acer,Acer Liquid Z110,https://www.gsmarena.com/acer_liquid_z110-5057.php,https://fdn2.gsmarena.com/vv/bigpic/acer-liquid-z.jpg,GSM / HSPA,No,"2012, October. Released 2012, October",Discontinued,110 x 61.5 x 12.3 mm (4.33 x 2.42 x 0.48 in),100.0,,,"Dual SIM (Mini-SIM, dual stand-by)","TFT, 256K colors",,3.5,320x480,165,53.9,,Android 2.3 (Gingerbread),Mediatek MT6575 (40 nm),40,1.0 GHz Cortex-A9,PowerVR SGX531,,,4,4,,3.15,1,,No,,No,,Yes,,No,,,Wi-Fi 802.11 b/g/n,No,3.0,Micro-USB,Yes,GPS,"Accelerometer, proximity",1300,,,No,,,100.0,,,,,,,,"Black, White",,,0.53 W/kg (head) 0.64 W/kg (body),FM radio
Acer,Acer Liquid Gallant E350,https://www.gsmarena.com/acer_liquid_gallant_e350-4924.php,https://fdn2.gsmarena.com/vv/bigpic/acer-liquid-gallant-e350.jpg,GSM / HSPA,No,"2012, August. Released 2012, September",Discontinued,129 x 65.9 x 9.9 mm (5.08 x 2.59 x 0.39 in),145.0,,,Mini-SIM,TFT,,4.3,540x960,256,60.0,,Android 4.0.3 (Ice Cream Sandwich),Mediatek MT6575 (40 nm),40,1.0 GHz Cortex-A9,PowerVR SGX531,1,1,4,4,,5.0,1,,No,,No,LED flash,Yes,,No,,,"Wi-Fi 802.11 b/g/n, Wi-Fi Direct, hotspot",,3.0,Micro-USB,Yes,"GPS, A-GPS","Accelerometer, proximity",1500,,,No,,,160.0,,,,,,,,"Gentle Black, Ceramic White",,0.49 W/kg (head) 0.54 W/kg (body),0.50 W/kg (head),FM radio
Acer,Acer Liquid Gallant Duo,https://www.gsmarena.com/acer_liquid_gallant_duo-4871.php,https://fdn2.gsmarena.com/vv/bigpic/acer-liquid-gallant-duo-new.jpg,GSM / HSPA,No,"2012, July. Released 2012, September",Discontinued,129 x 65.9 x 9.9 mm (5.08 x 2.59 x 0.39 in),145.0,,,Dual SIM (Mini-SIM),TFT,,4.3,540x960,256,60.0,,Android 4.0.3 (Ice Cream Sandwich),Mediatek MT6575 (40 nm),40,1.0 GHz Cortex-A9,PowerVR SGX531,1,1,4,4,,5.0,1,,No,,No,LED flash,Yes,,No,,,"Wi-Fi 802.11 b/g/n, Wi-Fi Direct, hotspot",,3.0,Micro-USB,Yes,"GPS, A-GPS","Accelerometer, proximity",1500,,,No,,,140.0,,,,,,,,"Gentle Black, Ceramic White",,,,FM radio
Acer,Acer Liquid Glow E330,https://www.gsmarena.com/acer_liquid_glow_e330-4589.php,https://fdn2.gsmarena.com/vv/bigpic/acer-liquid-glow.jpg,GSM / HSPA,No,"2012, February. Released 2012, August",Discontinued,117 x 58.5 x 11.5 mm (4.61 x 2.30 x 0.45 in),125.0,,,Mini-SIM,TFT,,3.7,480x800,252,56.9,,Android 4.0 (Ice Cream Sandwich),Qualcomm MSM7227A Snapdragon S1,,1.0 GHz Cortex-A5,Adreno 200,,,1,1,,5.0,1,,No,,No,LED flash,Yes,,No,,,"Wi-Fi 802.11 b/g/n, hotspot",Yes,3.0,Micro-USB,Yes,"GPS, A-GPS","Accelerometer, proximity, compass",1300,,,No,,,120.0,,,,,,,,"Black, White, Pink",,,1.68 W/kg (head) 0.86 W/kg (body),FM radio
Acer,Acer CloudMobile S500,https://www.gsmarena.com/acer_cloudmobile_s500-4542.php,https://fdn2.gsmarena.com/vv/bigpic/Acer-CloudMobile.jpg,GSM / HSPA,No,"2012, February. Released 2012, September",Discontinued,127 x 65.8 x 9.9 mm (5.0 x 2.59 x 0.39 in),,,,Micro-SIM,IPS LCD,,4.3,720x1280,342,61.0,,Android 4.0 (Ice Cream Sandwich),Qualcomm MSM8260A Snapdragon S4 Plus,,Dual-core 1.5 GHz Krait,Adreno 225,1,1,8,8,,8.0,1,,No,,No,"LED flash, HDR",1080p@30fps,,No,,,"Wi-Fi 802.11 b/g/n, DLNA, hotspot",Yes,4.0,Micro-USB,Yes,"GPS, A-GPS","Accelerometer, proximity, compass",1460,,,No,,,220.0,,,,,,,,Black,,,,FM radio
Acer,Acer Iconia Tab A210,https://www.gsmarena.com/acer_iconia_tab_a210-5066.php,https://fdn2.gsmarena.com/vv/bigpic/acer-iconia-tab-a200.jpg,No cellular connectivity,No,"2012, Q3. Released 2012, November",Discontinued,259.1 x 175.3 x 12.2 mm (10.20 x 6.90 x 0.48 in),685.0,,,No,"TFT, 256K colors",,10.1,800x1280,149,65.1,,"Android 4.0 (Ice Cream Sandwich), upgradable to 4.1 (Jelly Bean)",Nvidia Tegra 3,,Quad-core 1.2 GHz,ULP GeForce,1,1,8,16,,2.0,1,,No,,No,,Yes,,No,,,"Wi-Fi 802.11 b/g/n, hotspot",No,2.1,Micro-USB,Yes,"GPS, GLONASS","Accelerometer, gyro",3260,,,No,,,260.0,,,,,,,,Titanium Gray,,,,No
Acer,Acer Iconia Tab A200,https://www.gsmarena.com/acer_iconia_tab_a200-4450.php,https://fdn2.gsmarena.com/vv/bigpic/acer-iconia-tab-a200.jpg,No cellular connectivity,No,"2012, January. Released 2012, January",Discontinued,260 x 175 x 12.4 mm (10.24 x 6.89 x 0.49 in),700.0,,,No,IPS LCD,,10.1,800x1280,149,65.0,,"Android 3.2 (Honeycomb), upgradable to 4.0 (Ice Cream Sandwich)",Nvidia Tegra 2 T20,,Dual-core 1.0 GHz Cortex-A9,ULP GeForce,1,1,8,16,,2.0,1,,No,,No,,Yes,,No,,,"Wi-Fi 802.11 b/g/n, hotspot",,2.1,Micro-USB,Yes,GPS,"Accelerometer, gyro",3260,,,No,,,200.0,,,,,,,,Black,,,,No
Acer,Acer Iconia Tab A701,https://www.gsmarena.com/acer_iconia_tab_a701-4934.php,https://fdn2.gsmarena.com/vv/bigpic/acer-iconia-tab-a700.jpg,GSM / HSPA,No,"2012, January. Released 2012, July",Discontinued,259.8 x 175 x 10.9 mm (10.23 x 6.89 x 0.43 in),667.0,,,Mini-SIM,LCD,,10.1,1920x1200,224,65.1,,Android 4.0 (Ice Cream Sandwich),Nvidia Tegra 3,,Quad-core 1.3 GHz Cortex-A9,ULP GeForce,1,1,16,64,,5.0,1,,No,,No,LED flash,720p,,No,,,"Wi-Fi 802.11 a/b/g/n, dual-band, hotspot, DLNA",,2.1,Micro-USB,Yes,"GPS, A-GPS","Accelerometer, gyro, compass",9800,,,No,,,380.0,,,,,,,,Titanium Gray,,,,No
Acer,Acer Iconia Tab A700,https://www.gsmarena.com/acer_iconia_tab_a700-4425.php,https://fdn2.gsmarena.com/vv/bigpic/acer-iconia-tab-a700.jpg,No cellular connectivity,No,"2012, January. Released 2012, August",Discontinued,259 x 175 x 11 mm (10.20 x 6.89 x 0.43 in),665.0,,,No,LCD,,10.1,1920x1200,224,65.3,,Android 4.0 (Ice Cream Sandwich),Nvidia Tegra 3,,Quad-core 1.3 GHz,ULP GeForce,1,1,16,64,,5.0,1,,No,,No,LED flash,720p,,No,,,Wi-Fi 802.11 b/g/n,,2.1,Micro-USB,Yes,"GPS, A-GPS","Accelerometer, gyro, compass",9800,,,No,,,230.0,,,,,,,,"Titanium Gray, Metallic Red",,,,No
Acer,Acer Iconia Tab A511,https://www.gsmarena.com/acer_iconia_tab_a511-4643.php,https://fdn2.gsmarena.com/vv/bigpic/acer-iconia-tab-a510.jpg,GSM / HSPA,No,"2012, February. Released 2012, August",Discontinued,260 x 175 x 11 mm (10.24 x 6.89 x 0.43 in),777.0,,,Mini-SIM,"TFT, 256K colors",,10.1,1280x800,149,65.0,,Android 4.0 (Ice Cream Sandwich),Nvidia Tegra 3,,Quad-core 1.3 GHz Cortex-A9,ULP GeForce,1,1,16,32,,5.0,1,,No,,No,,720p,1.0,No,,,"Wi-Fi 802.11 b/g/n, hotspot",,2.1,Micro-USB,Yes,"GPS, A-GPS","Accelerometer, gyro, proximity, compass",9800,,,No,,,250.0,,,,,,,,"Black, Silver",,,,No
Acer,Acer Iconia Tab A510,https://www.gsmarena.com/acer_iconia_tab_a510-4642.php,https://fdn2.gsmarena.com/vv/bigpic/acer-iconia-tab-a510-new.jpg,No cellular connectivity,No,"2012, February. Released 2012, April",Discontinued,259.1 x 175.3 x 10.2 mm (10.20 x 6.90 x 0.40 in),680.0,,,No,"TFT, 256K colors",,10.1,1280x800,149,65.1,,Android 4.0 (Ice Cream Sandwich),Nvidia Tegra 3,,Quad-core 1.3 GHz Cortex-A9,ULP GeForce,1,1,16,32,,5.0,1,,No,,No,,720p,1.0,No,,,Wi-Fi 802.11 b/g/n,,2.1,Micro-USB,Yes,GPS,"Accelerometer, gyro, compass",9800,,,No,,,230.0,,,,,,,,"Black, Silver",,,,No
Acer,Acer Allegro,https://www.gsmarena.com/acer_allegro-3966.php,https://fdn2.gsmarena.com/vv/bigpic/acer-allego.jpg,GSM / HSPA,No,"2011, October. Released 2011, November",Discontinued,116 x 59 x 13 mm (4.57 x 2.32 x 0.51 in),126.0,,,Mini-SIM,TFT,,3.6,480x800,259,53.9,,Microsoft Windows Phone 7.5 Mango,Qualcomm MSM8255 Snapdragon S2,,1.0 GHz Scorpion,Adreno 205,,,8,8,,5.0,1,,No,,No,,Yes,,No,,,"Wi-Fi 802.11 b/g/n, DLNA",,2.1,Micro-USB,Yes,"GPS, A-GPS","Accelerometer, proximity, compass",1300,,,No,,,140.0,,,,,,,,"Black, White",,,,No
Acer,Acer Liquid Express E320,https://www.gsmarena.com/acer_liquid_express_e320-4261.php,https://fdn2.gsmarena.com/vv/bigpic/acer-c6-liquid-express.jpg,GSM / HSPA,No,"2011, September. Released 2011, November",Discontinued,115 x 60.8 x 13.4 mm (4.53 x 2.39 x 0.53 in),138.0,,,Mini-SIM,"TFT, 256K colors",,3.5,320x480,210,48.3,,Android 2.3 (Gingerbread),Qualcomm MSM7227T-1 Snapdragon S1,,800MHz ARM 11,Adreno 200,,,,,,5.0,1,,No,,No,LED flash,Yes,,No,,,"Wi-Fi 802.11 b/g/n, hotspot",No,2.1,Micro-USB,Yes,"GPS, A-GPS","Accelerometer, proximity",,,,No,,,90.0,,,,,,,,Black,,,,"Stereo FM radio, RDS"
Acer,Acer Iconia Tab A501,https://www.gsmarena.com/acer_iconia_tab_a501-3898.php,https://fdn2.gsmarena.com/vv/bigpic/Acer-IconiaTab-A500-Tablet-new.jpg,GSM / HSPA,No,"2011, February. Released 2011, April",Discontinued,260 x 177 x 13.3 mm (10.24 x 6.97 x 0.52 in),777.0,,,Mini-SIM,"LCD, 256K colors",,10.1,800x1280,149,64.3,,"Android 3.0 (Honeycomb), upgradable to 3.2 (Honeycomb)",Nvidia Tegra 2 T20,,Dual-core 1.0 GHz Cortex-A9,ULP GeForce,1,1,16,64,,5.0,1,,No,,No,LED flash,Yes,2.0,No,,,"Wi-Fi 802.11 b/g/n, hotspot",,2.1,Micro-USB,Yes,"GPS, A-GPS","Accelerometer, gyro, proximity, compass",3260,,,No,,,490.0,,,,,,,,Black,,,,No
Acer,Acer Iconia Tab A500,https://www.gsmarena.com/acer_iconia_tab_a500-3907.php,https://fdn2.gsmarena.com/vv/bigpic/Acer-IconiaTab-A500-Tablet-new.jpg,No cellular connectivity,No,"2011, February. Released 2011, April",Discontinued,260 x 177 x 13.3 mm (10.24 x 6.97 x 0.52 in),730.0,,,No,"LCD, 256K colors",,10.1,800x1280,149,64.3,,"Android 3.0, upgradable to 4.0 (Ice Cream Sandwich)",Nvidia Tegra 2 T20,,Dual-core 1.0 GHz Cortex-A9,ULP GeForce,1,1,16,32,,5.0,1,,No,,No,LED flash,Yes,2.0,No,,,"Wi-Fi 802.11 b/g/n, hotspot",,2.1,Micro-USB,Yes,GPS,"Accelerometer, gyro, proximity",3260,,,No,,,200.0,,,,,,,,Black,,,,No
Acer,Acer Iconia Smart,https://www.gsmarena.com/acer_iconia_smart-3662.php,https://fdn2.gsmarena.com/vv/bigpic/acer-iconia-smart-new.jpg,GSM / HSPA,No,"2011, February. Released 2011, August",Discontinued,141.7 x 64.5 x 13.6 mm (5.58 x 2.54 x 0.54 in),185.0,,,Mini-SIM,TFT,,4.8,480x1024,236,62.5,Corning Gorilla Glass,Android 2.3 (Gingerbread),Qualcomm MSM8255-1 Snapdragon S2,,1.0 GHz Scorpion,Adreno 205,,,8,8,,8.0,1,,No,,No,LED flash,720p@30fps,2.0,No,,,"Wi-Fi 802.11 b/g/n, UPnP, DLNA, hotspot",,2.1,Micro-USB,Yes,"GPS, A-GPS","Accelerometer, gyro, proximity",1500,,,No,,,220.0,,,,,,,,Silver,,,,"Stereo FM radio, RDS"
Acer,Acer Iconia Tab A101,https://www.gsmarena.com/acer_iconia_tab_a101-3906.php,https://fdn2.gsmarena.com/vv/bigpic/acer-iconia-tab-a100.jpg,GSM / HSPA,No,"2011, February. Released 2011, May",Discontinued,195 x 117 x 13.1 mm (7.68 x 4.61 x 0.52 in),470.0,,,Mini-SIM,LCD,,7.0,600x1024,170,60.4,,Android 3.2 (Honeycomb),Nvidia Tegra 2 T20,,Dual-core 1.0 GHz Cortex-A9,ULP GeForce,1,1,8,16,,5.0,1,,No,,No,LED flash,720p@30fps,2.0,No,,,"Wi-Fi 802.11 b/g/n, hotspot",,2.1,Micro-USB,Yes,"GPS, A-GPS","Accelerometer, gyro, compass",1530,,,No,,,260.0,,,,,,,,"Black/Red, Black/Blue",,,,No
Acer,Acer Iconia Tab A100,https://www.gsmarena.com/acer_iconia_tab_a100-3841.php,https://fdn2.gsmarena.com/vv/bigpic/acer-iconia-tab-a100.jpg,No cellular connectivity,No,"2011, February. Released 2011, April",Discontinued,195 x 117 x 13.1 mm (7.68 x 4.61 x 0.52 in),450.0,,,No,LCD,,7.0,600x1024,170,60.4,,"Android 3.0, upgradable to 4.0 (Ice Cream Sandwich)",Nvidia Tegra 2 T20,,Dual-core 1.0 GHz Cortex-A9,ULP GeForce,1,1,8,16,,5.0,1,,No,,No,LED flash,720p@30fps,2.0,No,,,"Wi-Fi 802.11 b/g/n, hotspot",,2.1,Micro-USB,Yes,GPS,"Accelerometer, gyro, compass",1530,,,No,,,100.0,,,,,,,,"Black/Red, Black/Blue",,,,No
Acer,Acer Liquid mini E310,https://www.gsmarena.com/acer_liquid_mini_e310-3711.php,https://fdn2.gsmarena.com/vv/bigpic/acer-liquidmini.jpg,GSM / HSPA,No,"2011, January. Released 2011, April",Discontinued,110.4 x 57.5 x 13 mm (4.35 x 2.26 x 0.51 in),108.0,,,Mini-SIM,"TFT, 256K colors",,3.2,320x480,180,48.0,,"Android 2.2 (Froyo), upgradable to 2.3 (Gingerbread)",Qualcomm MSM7227-1 Snapdragon S1,,600 MHz ARM 11,Adreno 200,,,,,,5.0,1,,No,,No,,480p@30fps,,No,,,"Wi-Fi 802.11 b/g, DLNA, hotspot",,2.1,Micro-USB,Yes,"GPS, A-GPS","Accelerometer, proximity, compass",1300,,,No,,,120.0,,,,,,,,"blue, pink, silver, black, green, lagoon, cherry, pearl, steel",,,,"Stereo FM radio, RDS"
Acer,Acer beTouch E210,https://www.gsmarena.com/acer_betouch_e210-3712.php,https://fdn2.gsmarena.com/vv/bigpic/acer-betouch-e210.jpg,GSM / HSPA,No,"2011, January. Released 2011, Q2",Discontinued,116 x 63 x 12 mm (4.57 x 2.48 x 0.47 in),109.0,,,Mini-SIM,"TFT resistive touchscreen, 256K colors",,2.6,320x240,154,28.6,,Android 2.2 (Froyo),Qualcomm MSM7227 Snapdragon S1,,600 MHz ARM 11,Adreno 200,,,,,,3.15,1,,No,,No,,Yes,,No,,,"Wi-Fi 802.11 b/g, hotspot",,2.1,Micro-USB,Yes,"GPS, A-GPS","Accelerometer, compass",1300,,,No,,,150.0,,,,,,,,"Black, White",,0.92 W/kg (head) 0.88 W/kg (body),0.92 W/kg (head),Stereo FM radio
Acer,Acer beTouch E140,https://www.gsmarena.com/acer_betouch_e140-3666.php,https://fdn2.gsmarena.com/vv/bigpic/Acer-beTouch-E140-ofic.jpg,GSM / HSPA,No,"2010, December. Released 2010, December",Discontinued,104.5 x 55.8 x 12.8 mm (4.11 x 2.20 x 0.50 in),95.0,,,Mini-SIM,"TFT resistive touchscreen, 256K colors",,2.8,240x320,143,41.6,,Android 2.2 (Froyo),Qualcomm MSM7227 Snapdragon S1,,600 MHz ARM 11,Adreno 200,,,,,,3.15,1,,No,,No,,Yes,,No,,,"Wi-Fi 802.11 b/g, hotspot",,2.1,Micro-USB,Yes,"GPS, A-GPS","Accelerometer, compass",1300,,,No,,,110.0,,,,,,,,Black,,,,"Stereo FM radio, RDS"
Acer,Acer beTouch T500,https://www.gsmarena.com/acer_betouch_t500-3587.php,https://fdn2.gsmarena.com/vv/bigpic/acer-betouch-t500.jpg,GSM,No,"2010, October. Released 2010, Q4",Discontinued,118.5 x 58 x 13.5 mm (4.67 x 2.28 x 0.53 in),130.0,,,Mini-SIM,TFT,,3.2,320x480,180,44.4,,Android-based OPhone 1.5,,,,,,,,,,3.15,1,,No,,No,,Yes,,No,,,Wi-Fi 802.11 b/g,,2.1,Micro-USB,No,"GPS, A-GPS",Accelerometer,1500,,,No,,,70.0,,,,,,,,Black,,,,No
Acer,Acer Liquid mt,https://www.gsmarena.com/acer_liquid_mt-3519.php,https://fdn2.gsmarena.com/vv/bigpic/acer-liquid-metal-ofic.jpg,GSM / HSPA,No,"2010, October. Released 2010, November",Discontinued,115 x 63 x 13.5 mm (4.53 x 2.48 x 0.53 in),135.0,,,Mini-SIM,TFT,,3.6,480x800,259,50.9,,Android 2.2 (Froyo),Qualcomm MSM7230,,800 MHz Scorpion,Adreno 205,,,,,,5.0,1,,No,,No,LED flash,720p@30fps,,No,,,"Wi-Fi 802.11 b/g/n, UPnP, hotspot",,2.1,Micro-USB,Yes,"GPS, A-GPS","Accelerometer, proximity, compass",1500,,,No,,,70.0,,,,,,,,Silver,,,,No
Acer,Acer beTouch E130,https://www.gsmarena.com/acer_betouch_e130-3373.php,https://fdn2.gsmarena.com/vv/bigpic/acer-130-ofic.jpg,GSM / HSPA,No,"2010, June. Released 2010, August",Discontinued,115 x 62.5 x 11.5 mm (4.53 x 2.46 x 0.45 in),109.0,,,Mini-SIM,"TFT, 65K colors",,2.6,320x240,154,29.1,,Android 1.6 (Donut),ST Ericsson PNX6715,,416 MHz,,,,,,,3.15,1,,No,,No,,Yes,,No,,,Wi-Fi 802.11 b/g,,2.0,Micro-USB,Yes,"GPS, A-GPS","Accelerometer, compass",1500,,,No,,,90.0,,,,,,,,"Black, White",,,,"Stereo FM radio, RDS"
Acer,Acer beTouch E120,https://www.gsmarena.com/acer_betouch_e120-3406.php,https://fdn2.gsmarena.com/vv/bigpic/acer-e120.jpg,GSM / HSPA,No,"2010, June. Released 2010, Q3",Discontinued,104.5 x 54 x 13.2 mm (4.11 x 2.13 x 0.52 in),105.0,,,Mini-SIM,TFT,,2.8,240x320,143,43.0,,Android 1.6 (Donut),,,"ST Ericsson PNX6715, 416 MHz",,,,,,,3.15,1,,No,,No,,Yes,,No,,,Wi-Fi 802.11 b/g,,2.0,Micro-USB,Yes,"GPS, A-GPS","Accelerometer, compass",1500,,,No,,,70.0,,,,,,,,"Black, White",,,,"Stereo FM radio, RDS"
Acer,Acer Stream,https://www.gsmarena.com/acer_stream-3358.php,https://fdn2.gsmarena.com/vv/bigpic/acer-liquid-stream-ofic.jpg,GSM / HSPA,No,"2010, May. Released 2010, August",Discontinued,119.5 x 63 x 11.2 mm (4.70 x 2.48 x 0.44 in),140.0,,,Mini-SIM,AMOLED,,3.7,480x800,252,51.8,,Android 2.1 (Eclair),Qualcomm QSD8250 Snapdragon S1,,1.0 GHz Scorpion,Adreno 200,,,2,2,,5.0,1,,No,,No,,720p@24fps,,No,,,"Wi-Fi 802.11 b/g/n, DLNA & UPnP technology",,2.1,Micro-USB,Yes,"GPS, A-GPS","Accelerometer, proximity, compass",1400,,,No,,,130.0,,,,,,,,Black,,,,"Stereo FM radio, RDS"
Acer,Acer Liquid E,https://www.gsmarena.com/acer_liquid_e-3156.php,https://fdn2.gsmarena.com/vv/bigpic/acer-liquid-e-new.jpg,GSM / HSPA,No,"2010, February. Released 2010, August",Discontinued,115 x 62.5 x 12.5 mm (4.53 x 2.46 x 0.49 in),135.0,,,Mini-SIM,"TFT, 256K colors",,3.5,480x800,267,48.5,,"Android 2.1 (Eclair), upgradable to Android 2.2 (Froyo)",Qualcomm QSD8250 Snapdragon S1,,768 MHz Scorpion,Adreno 200,,,,,,5.0,1,,No,,No,,480p@20fps,,No,,,Wi-Fi 802.11 b/g,,2.0,miniUSB,Yes,"GPS, A-GPS","Accelerometer, proximity",1350,,,No,,,90.0,,,,,,,,"Black, White, Red, Ferrari edition",,,,No
Acer,Acer neoTouch P400,https://www.gsmarena.com/acer_neotouch_p400-3155.php,https://fdn2.gsmarena.com/vv/bigpic/acer-neotouch-p400.jpg,GSM / HSPA,No,"2010, February. Released 2010, May",Discontinued,115 x 59.3 x 12 mm (4.53 x 2.33 x 0.47 in),125.0,,,Mini-SIM,"TFT resistive touchscreen, 256K colors",,3.2,320x480,180,44.7,,Microsoft Windows Mobile 6.5.3 Professional,Qualcomm MSM7227 Snapdragon S1,,600 MHz ARM 11,Adreno 200,,,,,,3.15,1,,No,,No,,Yes,,No,,,Wi-Fi 802.11 b/g,,2.1,2.0,Yes,"GPS, A-GPS","Accelerometer, compass",1090,,,No,,,100.0,,,,,,,,Black,,,,Stereo FM radio
Acer,Acer beTouch E400,https://www.gsmarena.com/acer_betouch_e400-3154.php,https://fdn2.gsmarena.com/vv/bigpic/acer-betouch-e400.jpg,GSM / HSPA,No,"2010, February. Released 2010, April",Discontinued,115 x 59.3 x 12 mm (4.53 x 2.33 x 0.47 in),125.0,,,Mini-SIM,"TFT resistive touchscreen, 256K colors",,3.2,320x480,180,44.7,,Android 2.1 (Eclair),Qualcomm MSM7227 Snapdragon S1,,600 MHz ARM 11,Adreno 200,,,,,,3.15,1,,No,,No,,Yes,,No,,,Wi-Fi 802.11 b/g,,2.0,2.0,Yes,"GPS, A-GPS","Accelerometer, compass",1090,,,No,,,80.0,,,,,,,,"Soft-touch Black, Ceramic White and Pearl Red with 3 exchangeable battery covers",,,,Stereo FM radio
Acer,Acer neoTouch P300,https://www.gsmarena.com/acer_neotouch_p300-3138.php,https://fdn2.gsmarena.com/vv/bigpic/acer-p300.jpg,GSM / HSPA,No,"2010, February. Released 2010, Q2",Discontinued,110 x 55 x 15.1 mm (4.33 x 2.17 x 0.59 in),130.6,,,Mini-SIM,"TFT resistive touchscreen, 65K colors",,3.2,240x400,146,48.2,,Microsoft Windows Mobile 6.5.3,Qualcomm MSM7225 Snapdragon S1,,528 MHz ARM 11,No,,,,,,3.15,1,,No,,No,,Yes,,No,,,Wi-Fi 802.11 b/g,,2.0,2.0,Yes,"GPS, A-GPS",Accelerometer,970,,,No,,,80.0,,,,,,,,Black,,,,No
Acer,Acer beTouch E110,https://www.gsmarena.com/acer_betouch_e110-3137.php,https://fdn2.gsmarena.com/vv/bigpic/acer-e110.jpg,GSM / HSPA,No,"2010, February. Released 2010, March",Discontinued,103.5 x 54 x 13.4 mm (4.07 x 2.13 x 0.53 in),105.0,,,Mini-SIM,"TFT resistive touchscreen, 256K colors (65K effective)",,2.8,240x320,143,43.4,,Android 1.5 (Cupcake),,,ST Ericsson PNX6715 416MHz,,,,,,,3.15,1,,No,,No,,Yes,,No,,,No,,2.0,2.0,Yes,"GPS, A-GPS",,1500,,,No,,,70.0,,,,,,,,"Black, Dark Blue",,,,Stereo FM radio
Acer,Acer Liquid,https://www.gsmarena.com/acer_liquid-2968.php,https://fdn2.gsmarena.com/vv/bigpic/acer-liquid-new.jpg,GSM / HSPA,No,"2009, October. Released 2009, December",Discontinued,115 x 62.5 x 12.5 mm (4.53 x 2.46 x 0.49 in),135.0,,,Mini-SIM,"TFT, 256K colors",,3.5,480x800,267,48.5,,Android 1.6 (Donut),Qualcomm QSD8250 Snapdragon S1,,768 MHz Scorpion,Adreno 200,,,,,,5.0,1,,No,,No,,480p@20fps,,No,,,Wi-Fi 802.11 b/g,,2.0,miniUSB,Yes,"GPS, A-GPS","Accelerometer, proximity",1350,,,No,,,90.0,,,,,,,,"Black, White, Red",,1.11 W/kg (head) 0.35 W/kg (body),,No
Acer,Acer neoTouch,https://www.gsmarena.com/acer_neotouch-2958.php,https://fdn2.gsmarena.com/vv/bigpic/acer-neo-touch-new.jpg,GSM / HSPA,No,"2009, October. Released 2009, October",Discontinued,118.6 x 63 x 12 mm (4.67 x 2.48 x 0.47 in),130.0,,,Mini-SIM,"TFT resistive touchscreen, 65K colors",,3.8,480x800,246,55.0,,Microsoft Windows Mobile 6.5 Professional,Qualcomm QSD8250 Snapdragon S1,,1.0 GHz Scorpion,Adreno 200,,,,,,5.0,1,,No,,No,LED flash,480p,,No,,,Wi-Fi 802.11 b/g,,2.1,miniUSB,Yes,"GPS, A-GPS","Accelerometer, proximity",1350,,,No,,,210.0,,,,,,,,Black,,1.23 W/kg (head) 0.72 W/kg (body),,"Stereo FM radio, RDS"
Acer,Acer beTouch E200,https://www.gsmarena.com/acer_betouch_e200-2961.php,https://fdn2.gsmarena.com/vv/bigpic/acer-be-touch-e200.jpg,GSM / HSPA,No,"2009, October. Released 2009, October",Discontinued,110 x 53.5 x 15.4 mm (4.33 x 2.11 x 0.61 in),146.0,,,Mini-SIM,"TFT, 65K colors",,3.0,240x400,155,43.5,,Microsoft Windows Mobile 6.5 Professional,Qualcomm MSM7225 Snapdragon S1,,528 MHz ARM 11,No,,,,,,3.15,1,,No,,No,,Yes,,No,,,No,,2.0,miniUSB,No,"GPS, A-GPS",,1140,,,No,,,190.0,,,,,,,,"Black, White",,,,No
Acer,Acer beTouch E100,https://www.gsmarena.com/acer_betouch_e100-2959.php,https://fdn2.gsmarena.com/vv/bigpic/acer-be-touch-e100.jpg,GSM / HSPA,No,"2009, October. Released 2009, October",Discontinued,113 x 56 x 12.8 mm (4.45 x 2.20 x 0.50 in),118.0,,,Mini-SIM,"TFT resistive touchscreen, 65K colors",,3.2,240x400,146,46.1,,Microsoft Windows Mobile 6.5 Professional,Qualcomm MSM7225 Snapdragon S1,,528 MHz ARM 11,No,,,,,,2.0,1,,No,,No,,320p,,No,,,No,,2.0,miniUSB,No,"GPS, A-GPS",,1140,,,No,,,180.0,,,,,,,,Black,,0.69 W/kg (head) 0.80 W/kg (body),,No
Acer,Acer beTouch E101,https://www.gsmarena.com/acer_betouch_e101-2960.php,https://fdn2.gsmarena.com/vv/bigpic/acer-be-touch-e101.jpg,GSM,No,"2009, October. Released 2009, October",Discontinued,113 x 56 x 12.8 mm (4.45 x 2.20 x 0.50 in),118.0,,,Mini-SIM,"TFT resistive touchscreen, 65K colors",,3.2,240x400,146,46.1,,Microsoft Windows Mobile 6.5 Professional,Qualcomm MSM7225 Snapdragon S1,,528 MHz ARM 11,No,,,,,,2.0,1,,No,,No,,Yes,,No,,,No,,2.0,miniUSB,No,"GPS, A-GPS",,1140,,,No,,,170.0,,,,,,,,Black,,0.34 W/kg (head) 0.79 W/kg (body),,No
Acer,Acer DX650,https://www.gsmarena.com/acer_dx650-2888.php,https://fdn2.gsmarena.com/vv/bigpic/acer-dx650.jpg,GSM,No,"2009, June. Released 2009, June",Discontinued,109.6 x 59 x 15.6 mm (4.31 x 2.32 x 0.61 in),133.0,,,Mini-SIM,"TFT resistive touchscreen, 65K colors",,2.8,240x320,143,37.5,,Microsoft Windows Mobile 6.1 Professional,,,Samsung S3C 6410 533 MHz,,,,,,,2.0,1,,No,,No,,No,,No,,,Wi-Fi 802.11 b/g,,2.0,miniUSB,No,"GPS, SiRF Star III chipset",Accelerometer,1260,,,No,,,150.0,,,,,,,,Black,,,,FM radio
Acer,Acer M900,https://www.gsmarena.com/acer_m900-2719.php,https://fdn2.gsmarena.com/vv/bigpic/acer-m900.jpg,GSM / HSPA,No,"2009, February. Released 2009, June",Discontinued,119 x 62 x 17.1 mm (4.69 x 2.44 x 0.67 in),188.0,,,Mini-SIM,"TFT resistive touchscreen, 65K colors",,3.8,480x800,246,55.7,,Microsoft Windows Mobile 6.1 Professional,,,533 MHz Samsung S3C 6410,,,,,,,5.0,1,,No,,No,LED flash,Yes,,No,,,Wi-Fi 802.11 b/g,,2.0,miniUSB,No,"GPS, SiRF Star III chipset",Fingerprint (front-mounted),1530,,,No,,,250.0,,,,,,,,Black,,0.43 W/kg (head) 0.92 W/kg (body),,FM radio
Acer,Acer F900,https://www.gsmarena.com/acer_f900-2717.php,https://fdn2.gsmarena.com/vv/bigpic/acer-f900.jpg,GSM / HSPA,No,"2009, February. Released 2009, June",Discontinued,117.5 x 63.5 x 15.8 mm (4.63 x 2.5 x 0.62 in),150.0,,,Mini-SIM,"TFT resistive touchscreen, 65K colors",,3.8,480x800,246,55.1,,Microsoft Windows Mobile 6.1 Professional,,,533 MHz Samsung S3C 6410,,,,,,,3.15,1,,No,,No,LED flash,480p,,No,,,Wi-Fi 802.11 b/g,,2.0,miniUSB 2.0,No,"GPS, SiRF Star III chipset",Accelerometer,1530,,,No,,,210.0,,,,,,,,Black,,0.59 W/kg (head) 0.82 W/kg (body),,"Stereo FM radio, RDS"
Acer,Acer X960,https://www.gsmarena.com/acer_x960-2716.php,https://fdn2.gsmarena.com/vv/bigpic/acer-x960.jpg,GSM / UMTS,No,"2009, February. Released 2009, April",Discontinued,106.4 x 59 x 13.7 mm (4.19 x 2.32 x 0.54 in),131.5,,,Mini-SIM,"TFT resistive touchscreen, 65K colors",,2.8,480x640,286,38.7,,Microsoft Windows Mobile 6.1 Professional,,,533 MHz Samsung S3C 6410,,,,,,,3.15,1,,No,,No,LED flash,Yes,,No,,,Wi-Fi 802.11 b/g,,2.0,miniUSB,No,"GPS, SiRF Star III chipset",,1530,,,No,,,270.0,,,,,,,,Black,,,1.32 W/kg (head),No
Acer,Acer DX900,https://www.gsmarena.com/acer_dx900-2718.php,https://fdn2.gsmarena.com/vv/bigpic/acer-dx900.jpg,GSM / HSPA,No,"2009, February. Released 2009, April",Discontinued,106 x 60.5 x 17 mm (4.17 x 2.38 x 0.67 in),147.0,,,Dual SIM (Mini-SIM),"TFT resistive touchscreen, 65K colors",,2.8,480x640,286,37.9,,Microsoft Windows Mobile 6.1 Professional,,,533 MHz Samsung S3C 6410,,,,,,,3.15,1,,No,,No,LED flash,Yes,,No,,,Wi-Fi 802.11 b/g,,2.0,miniUSB,No,"GPS, SiRF Star III chipset",Accelerometer,1530,,,No,,,90.0,,,,,,,,Black,,,,No
Blackview,Blackview Mega 12,https://www.gsmarena.com/blackview_mega_12_5g-14437.php,https://fdn2.gsmarena.com/vv/bigpic/blackview-mega12.jpg,GSM / CDMA / HSPA / LTE / 5G,Yes,"2026, January","Available. Released 2026, January",280.2 x 194.2 x 8.2 mm (11.03 x 7.65 x 0.32 in),690.0,,,Nano-SIM + Nano-SIM,"IPS LCD, 120Hz, 350 nits (typ)",120,12.2,2400x1600,236,81.4,Mohs level 5,"Android 16, DokeOS_P 5.0",Mediatek Dimensity 7200,,Octa-core (2x2.8 GHz Cortex-A715 & 6x 2.0 Cortex-A510),Mali-G610 MC4,12,16,256,512,,50.0,1,1.8,No,1/2.76,No,"LED flash, HDR, panorama","1440p@30fps, 1080p@30fps",13.0,No,HDR,1080p@30fps,"Wi-Fi 802.11 a/b/g/n/ac/6e, tri-band, hotspot",Yes,5.3,Type-C,No,"GPS (L1+L5), GLONASS, GALILEO, BDS, QZSS","Fingerprint (side-mounted), accelerometer, gyro, proximity, compass",10000,55,,No,,,,,,,,,,,"Space Grey, Flash Gold",,,,FM radio
Blackview,Blackview Xplore 1 Walkie Talkie,https://www.gsmarena.com/blackview_xplore_1_walkie_talkie_5g-14438.php,https://fdn2.gsmarena.com/vv/bigpic/blackview-xplore1-wt.jpg,GSM / CDMA / HSPA / LTE / 5G,Yes,2025,Available. Released 2025,184 x 83 x 29.5 mm (7.24 x 3.27 x 1.16 in),695.0,,IP68,Nano-SIM + Nano-SIM,"IPS LCD, 120Hz, 700 nits",120,6.78,1080x2460,396,71.5,Gorilla Glass 5,"Android 15, DokeOS 5.0",Mediatek Dimensity 7050 (6 nm),6,Octa-core (2x2.6 GHz Cortex-A78 & 6x2.0 GHz Cortex-A55),Mali-G68 MC4,12,16,256,512,UFS 3.1,64.0,2,1.8,No,1/2.0,Yes,"LED flash, HDR, panorama","4K@30fps, 1080p@60fps",50.0,Yes,,"4K@30fps, 1080p@60fps","Wi-Fi 802.11 a/b/g/n/ac/6, dual-band",Yes,5.2,Type-C,No,"GPS (L1+L5), GLONASS, GALILEO, BDS, QZSS","Fingerprint (side-mounted), accelerometer, gyro, proximity, compass",20000,55,,No,,,,,,,,,,,"Black, Orange",,,,FM radio
Blackview,Blackview Xplore X1,https://www.gsmarena.com/blackview_xplore_x1_5g-14439.php,https://fdn2.gsmarena.com/vv/bigpic/blackview-xplore-x1.jpg,GSM / CDMA / HSPA / LTE / 5G,Yes,2025,Available. Released 2025,184 x 83 x 18 mm (7.24 x 3.27 x 0.71 in),420.0,,IP68,Nano-SIM + Nano-SIM,"IPS LCD, 120Hz, 700 nits",120,6.78,1080x2460,396,71.5,Mohs level 5,"Android 15, DokeOS 5.0",Mediatek Dimensity 7050 (6 nm),6,Octa-core (2x2.4 GHz Cortex-A78 & 6x2.0 GHz Cortex-A55),Mali-G68 MC4,12,16,256,256,UFS 4.0,108.0,2,1.9,No,1/1.67,No,"LED flash, HDR, panorama","1440p@30fps, 1080p@30fps",50.0,No,HDR,1080p@30fps,"Wi-Fi 802.11 a/b/g/n/ac/6, dual-band",Yes,5.2,Type-C,No,"GPS (L1+L5), GLONASS, GALILEO, BDS, QZSS","Fingerprint (side-mounted), accelerometer, proximity, compass",10000,55,,No,,,,,,,,,,,"Black, Orange",,,,FM radio
Blackview,Blackview Wave 9C,https://www.gsmarena.com/blackview_wave_9c-14440.php,https://fdn2.gsmarena.com/vv/bigpic/blackview-wave-9c.jpg,GSM / HSPA / LTE,No,2025,Available. Released 2025,163.6 x 75.8 x 9.2 mm (6.44 x 2.98 x 0.36 in),191.8,,,Nano-SIM + Nano-SIM,"IPS LCD, 600 nits",,6.56,720x1612,269,83.4,Mohs level 7,"Android 15, DokeOS 4.2",Unisoc Tiger T603,,Octa-core 1.6 GHz Cortex-A55,IMG8322,4,4,64,128,eMMC 5.1,13.0,1,2.0,No,1/4.0,No,"LED flash, HDR, panorama",1080p@30fps,8.0,No,HDR,1080p@30fps,Wi-Fi 802.11 b/g/n,No,4.2,Type-C,Yes,"GPS, GLONASS, GALILEO","Accelerometer, proximity",5000,10,,No,,,,,,,,,,,"Black, Blue",,,,FM radio
Blackview,Blackview Zeno 10,https://www.gsmarena.com/blackview_zeno_10_5g-14441.php,https://fdn2.gsmarena.com/vv/bigpic/blackview-zeno10.jpg,GSM / HSPA / LTE / 5G,Yes,2025,Available. Released 2025,256.5 x 168 x 8.2 mm (10.10 x 6.61 x 0.32 in),517.0,,,Nano-SIM + Nano-SIM,"IPS LCD, 90Hz, 400 nits (typ)",90,11.0,1200x1920,206,81.4,Mohs level 5,"Android 15, DokeOS_P 4.2",Unisoc T8200,,Octa-core (2x2.3 GHz Cortex-A76 & 6x 2.1 Cortex-A55),Mali-G57 MC2,6,8,128,256,,16.0,1,1.8,No,1/3.06,No,"LED flash, HDR",1080p@30fps,13.0,No,HDR,1080p@30fps,"Wi-Fi 802.11 a/b/g/n/ac, dual-band",No,5.0,Type-C,No,"GPS, GALILEO, GLONASS, BDS","Accelerometer, proximity (accessories only)",8800,18,,No,,,,,,,,,,,"Shadow Black, Ice Blue",,,,FM radio
Blackview,Blackview Link 2,https://www.gsmarena.com/blackview_link_2-14442.php,https://fdn2.gsmarena.com/vv/bigpic/blackview-link2.jpg,No cellular connectivity,No,2025,Available. Released 2025,212.9 x 125.6 x 8.5 mm (8.38 x 4.94 x 0.33 in),329.0,,,No,"IPS LCD, 360 nits",,8.68,800x1340,180,80.0,Mohs level 4,"Android 15, Doke OS_P 4.2",Unisoc T310 (12 nm),12,Quad-core (1x2.0 GHz Cortex-A75 & 3x1.8 GHz Cortex-A55),PowerVR GE8300,6,6,128,128,eMMC 5.1,8.0,1,2.2,No,1/5.0,No,LED flash,1080p@30fps,5.0,No,,1080p@30fps,"Wi-Fi 802.11 a/b/g/n/ac, dual-band",No,5.0,Type-C,Yes,"GPS, GALILEO, GLONASS, BDS",Accelerometer,5000,10,,No,,,,,,,,,,,"Midnight Black, Glacier Blue",,,,FM Radio
Blackview,Blackview Link 8,https://www.gsmarena.com/blackview_link_8-14443.php,https://fdn2.gsmarena.com/vv/bigpic/blackview-link8.jpg,No cellular connectivity,No,2025,Available. Released 2025,283 x 214.2 x 8.4 mm (11.14 x 8.43 x 0.33 in),710.0,,,No,"IPS LCD, 90Hz, 300 nits",90,12.7,2176x1600,213,81.9,Mohs level 7,"Android 15, Doke OS_P 4.2",Mediatek Helio G100 (6 nm),6,Octa-core (2x2.2 GHz Cortex-A76 & 6x2.0 GHz Cortex-A55),Mali-G57 MC2,6,12,256,256,UFS 3.1,16.0,1,2.2,No,1/3.42,No,"LED flash, HDR",1080p@30fps,13.0,No,HDR,1080p@30fps,"Wi-Fi 802.11 a/b/g/n/ac, dual-band",No,5.0,Type-C,No,"GPS, GALILEO, GLONASS, BDS",Accelerometer,8400,18,,No,,,,,,,,,,,"Grey, Blue, Purple",,,,FM Radio
Blackview,Blackview Fort 2,https://www.gsmarena.com/blackview_fort_2-14444.php,https://fdn2.gsmarena.com/vv/bigpic/blackview-fort2.jpg,GSM / HSPA / LTE,No,2025,Available. Released 2025,174.6 x 83 x 10.7 mm (6.87 x 3.27 x 0.42 in),245.3,,IP68,Nano-SIM + Nano-SIM,"IPS LCD, 90Hz, 450 nits",90,6.56,720x1612,269,71.3,Mohs level 5,"Android 15, DokeOS 5.0",Mediatek Helio G81 (12 nm),12,Octa-core (2x2.0 GHz Cortex-A75 & 6x1.8 GHz Cortex-A55),Mali-G52 MC2,8,8,128,256,,16.0,1,1.8,No,1/3.06,No,LED flash,1080p@30fps,13.0,No,,1080p@30fps,"Wi-Fi 802.11 a/b/g/n/ac, dual-band",Yes,5.0,Type-C,No,"GPS, GLONASS, GALILEO, BDS","Fingerprint (side-mounted), accelerometer, gyro, proximity, compass",5000,18,,No,,,,,,,,,,,"Obsidian Black, Lightning White",,,,FM radio
Blackview,Blackview Xplore 2,https://www.gsmarena.com/blackview_xplore_2_5g-14229.php,https://fdn2.gsmarena.com/vv/bigpic/blackview-xplore2.jpg,GSM / CDMA / HSPA / LTE / 5G,Yes,"2025, September 25","Available. Released 2025, October",186 x 87.8 x 29 mm (7.32 x 3.46 x 1.14 in),670.0,,IP68,Nano-SIM + Nano-SIM,"LTPO AMOLED, 68B colors, 120Hz, HDR, 500 nits (typ), 1300 nits (HBM), 2600 nits (peak)",120,6.73,1440x3200,521,67.0,Gorilla Glass 5,"Android 15, up to 3 major Android upgrades, DokeOS 4.2",Mediatek Dimensity 8300 (4 nm),4,Octa-core (1x3.35 GHz Cortex-A715 & 3x3.20 GHz Cortex-A715 & 4x2.20 GHz Cortex-A510),Mali G615-MC6,12,16,256,256,UFS 4.0,50.0,2,1.9,Yes,1/1.57,Yes,"LED flash, HDR, panorama","4K@30/60fps, HDR10+",50.0,Yes,,"4K@30/60fps, HDR10+","Wi-Fi 802.11 a/b/g/n/ac/6e, tri-band",Yes,5.4,Type-C,No,"GPS (L1+L5), GLONASS, GALILEO, BDS, QZSS","Fingerprint (side-mounted), accelerometer, gyro, proximity, compass, barometer",20000,120,,No,,,520.0,,,,,,,,Black,,,,FM radio
Blackview,Blackview Zeno 1,https://www.gsmarena.com/blackview_zeno_1-14154.php,https://fdn2.gsmarena.com/vv/bigpic/blackview-zeno1.jpg,GSM / HSPA / LTE,No,"2025, September","Available. Released 2025, September",198.6 x 125.9 x 8.2 mm (7.82 x 4.96 x 0.32 in),336.5,,,Nano-SIM + Nano-SIM,"IPS LCD, 90Hz, 350 nits",90,8.0,800x1280,189,74.2,Mohs level 5,"Android 15, DokeOS 4.2",Unisoc T615 (12 nm),12,Octa-core (2x1.8 GHz Cortex-A75 & 6x1.6 GHz Cortex-A55),Mali-G57 MP1,4,6,64,256,eMMC 5.1 - 64GB UFS - 256GB,8.0,1,2.2,No,1/5.0,No,"LED flash, HDR, panorama",1080p@30fps,8.0,No,HDR,1080p@30fps,"Wi-Fi 802.11 a/b/g/n/ac, dual-band",No,5.2,Type-C,Yes,"GPS, GLONASS, GALILEO, BDS",Accelerometer,6000,10,,No,,,,,,,,,,,"Rock Black, Space Orange, Jungle Green",,,,FM Radio
Blackview,Blackview Shark 6,https://www.gsmarena.com/blackview_shark_6_5g-14153.php,https://fdn2.gsmarena.com/vv/bigpic/blackview-shark6.jpg,GSM / HSPA / LTE / 5G,Yes,"2025, September","Available. Released 2025, September",171.1 x 77.7 x 8.5 mm (6.74 x 3.06 x 0.33 in),210.5,,,Nano-SIM + Nano-SIM,"IPS LCD, 120Hz, 450 nits",120,6.88,720x1640,260,84.6,Mohs level 7,"Android 15, DokeOS 4.2",Unisoc T8100 (6 nm),6,Octa-core (4x2.2 GHz Cortex-A76 & 4x2.0 GHz Cortex-A55),Mali-G57,4,8,128,128,UFS 2.2,16.0,2,,No,,Yes,"LED flash, HDR, panorama","4K@30fps, 1080p@30fps",8.0,No,HDR,1080p@30fps,"Wi-Fi 802.11 a/b/g/n/ac, dual-band",Yes,5.0,Type-C,Yes,"GPS, GLONASS, GALILEO, BDS","Fingerprint (side-mounted), accelerometer, proximity",5000,18,,No,,,110.0,,,,,,,,"Phantom Black, Glacier Blue, Mint Green",,,,FM radio
Blackview,Blackview Color 6,https://www.gsmarena.com/blackview_color_6-14152.php,https://fdn2.gsmarena.com/vv/bigpic/blackview-color6.jpg,GSM / HSPA / LTE,No,"2025, September","Available. Released 2025, September",165.7 x 76.5 x 8.7 mm (6.52 x 3.01 x 0.34 in),199.4,,,Nano-SIM + Nano-SIM,"IPS LCD, 90Hz, 650 nits",90,6.67,720x1604,264,84.6,Panda Glass,"Android 15, DokeOS 4.1",Mediatek Helio G81 (12 nm),12,Octa-core (2x2.0 GHz Cortex-A75 & 6x1.8 GHz Cortex-A55),Mali-G52 MC2,8,8,128,256,eMMC 5.1,50.0,1,1.8,No,1/2.76,No,"LED flash, HDR, panorama",1080p@30fps,13.0,No,HDR,1080p@30fps,"Wi-Fi 802.11 a/b/g/n/ac, dual-band",No,5.0,Type-C,Yes,"GPS, GLONASS, GALILEO, BDS","Fingerprint (side-mounted), accelerometer, proximity",5000,18,,No,,,90.0,,,,,,,,"Midnight Black, Celestial Blue, Snowy White",,,,FM radio
Blackview,Blackview Fort 1,https://www.gsmarena.com/blackview_fort_1-14151.php,https://fdn2.gsmarena.com/vv/bigpic/blackview-fort1.jpg,GSM / HSPA / LTE,No,"2025, September","Available. Released 2025, September",176.2 x 80.1 x 17.5 mm (6.94 x 3.15 x 0.69 in),390.0,,IP68,Nano-SIM + Nano-SIM,"IPS LCD, 90Hz, 450 nits",90,6.56,720x1612,269,73.2,Panda Glass,"Android 15, DokeOS 4.2",Unisoc T615 (12 nm),12,Octa-core (2x1.8 GHz Cortex-A75 & 6x1.6 GHz Cortex-A55),Mali-G57 MP1,4,6,128,256,eMMC 5.1,16.0,2,1.8,No,1/3.06,No,"LED flash, HDR, panorama",1080p@30fps,8.0,No,HDR,1080p@30fps,"Wi-Fi 802.11 a/b/g/n/ac, dual-band",Yes,5.2,Type-C,No,"GPS, GLONASS, GALILEO, BDS","Fingerprint (side-mounted), accelerometer, proximity",10000,18,,No,,,,,,,,,,,"Black, Orange, Green",,,,FM radio
Blackview,Blackview Xplore 1,https://www.gsmarena.com/blackview_xplore_1_5g-14127.php,https://fdn2.gsmarena.com/vv/bigpic/blackview-xplore1.jpg,GSM / CDMA / HSPA / LTE / 5G,Yes,"2025, August 31","Available. Released 2025, September",184 x 83 x 29.5 mm (7.24 x 3.27 x 1.16 in),638.0,,IP68,Nano-SIM + Nano-SIM,"IPS LCD, 120Hz, 700 nits",120,6.78,1080x2460,396,71.5,Gorilla Glass 5,"Android 15, DokeOS 4.2",Mediatek Dimensity 7050 (6 nm),6,Octa-core (2x2.6 GHz Cortex-A78 & 6x2.0 GHz Cortex-A55),Mali-G68 MC4,12,16,256,512,UFS 3.1 - 256GB UFS 4.0 - 512GB,64.0,2,1.8,No,1/2.0,Yes,"LED flash, HDR, panorama","4K@30fps, 1080p@60fps",50.0,Yes,,"4K@30fps, 1080p@60fps","Wi-Fi 802.11 a/b/g/n/ac/6, dual-band",Yes,5.2,Type-C,No,"GPS (L1+L5), GLONASS, GALILEO, BDS, QZSS","Fingerprint (side-mounted), accelerometer, gyro, proximity, compass",20000,55,,No,,,350.0,,,,,,,,"Black, Orange",,,,FM radio
Blackview,Blackview Active 12 Pro,https://www.gsmarena.com/blackview_active_12_pro_5g-14064.php,https://fdn2.gsmarena.com/vv/bigpic/blackview-active-12-pro.jpg,GSM / CDMA / HSPA / LTE / 5G,Yes,"2025, August","Available. Released 2025, August",267.7 x 179 x 28.3 mm (10.54 x 7.05 x 1.11 in),1522.0,,IP68,Nano-SIM + Nano-SIM,"IPS LCD, 90Hz, 650 nits",90,11.0,1200x1920,206,73.2,Gorilla Glass 5,"Android 15, Doke OS_P 4.2",Mediatek Dimensity 7300 (4 nm),4,Octa-core (4x2.5 GHz Cortex-A78 & 4x2.0 GHz Cortex-A55),Mali-G615 MC2,12,16,256,256,UFS 3.1,108.0,2,1.9,No,1/1.67,No,LED flash,"1440p@30fps, 1080p@30fps",50.0,No,,1080p@30fps,"Wi-Fi 802.11 a/b/g/n/ac/6e, dual-band",Yes,5.4,Type-C,No,"GPS (L1+L5), GLONASS, GALILEO, BDS","Fingerprint (side-mounted), accelerometer, gyro, proximity, compass",30000,120,,No,,,580.0,,,711905,3220,878,677,,Black,,,,FM Radio
Blackview,Blackview Mega 3,https://www.gsmarena.com/blackview_mega_3-13940.php,https://fdn2.gsmarena.com/vv/bigpic/blackview-mega3.jpg,GSM / HSPA / LTE,No,"2025, June","Available. Released 2025, June 16",278.5 x 180.5 x 7.4 mm (10.96 x 7.11 x 0.29 in),555.0,,,Nano-SIM + Nano-SIM,"IPS LCD, 90Hz",90,12.1,1600x2560,249,84.5,Mohs level 7,"Android 15, DokeOS_P 4.1",Mediatek Helio G100 (6 nm),6,Octa-core (2x2.2 GHz Cortex-A76 & 6x2.0 GHz Cortex-A55),Mali-G57 MC2,12,12,256,256,UFS 3.1,50.0,1,1.8,No,1/2.6,No,LED flash,1080p@30fps,13.0,No,,1080p@30fps,Wi-Fi 802.11 a/b/g/n/ac,No,5.0,Type-C,No,"GPS, GLONASS, GALILEO, BDS",Accelerometer,8800,33,,No,,,,,,,,,,,"Grey, Blue",,,,FM radio
Blackview,Blackview BL7000,https://www.gsmarena.com/blackview_bl7000_5g-13849.php,https://fdn2.gsmarena.com/vv/bigpic/blackview-bl7000.jpg,GSM / HSPA / LTE / 5G,Yes,"2025, May","Available. Released 2025, May",182.2 x 86 x 14.5 mm (7.17 x 3.39 x 0.57 in),357.0,,IP68,Nano-SIM + Nano-SIM,"IPS LCD, 120Hz, 750 nits",120,6.78,1080x2460,396,69.7,Gorilla Glass 5,"Android 15, DokeOS 4.1",Mediatek Dimensity 6300 (6 nm),6,Octa-core (2x2.4 GHz Cortex-A76 & 6x2.0 GHz Cortex-A55),Mali-G57 MC2,8,8,256,256,UFS 2.2,50.0,3,1.8,No,1/2.76,No,"LED flash, HDR, panorama","1440p@30fps, 1080p@30fps",32.0,No,,1080p@30fps,"Wi-Fi 802.11 a/b/g/n/ac, dual-band",Yes,5.2,Type-C,Yes,"GPS, GALILEO, GLONASS, BDS, QZSS","Fingerprint (side-mounted), accelerometer, gyro, proximity, compass",7500,33,,No,,,260.0,,,,,,,,"Black, Orange",,,,FM radio
Blackview,Blackview BV7300,https://www.gsmarena.com/blackview_bv7300-13848.php,https://fdn2.gsmarena.com/vv/bigpic/blackview-bv7300.jpg,GSM / HSPA / LTE,No,"2025, April","Available. Released 2025, May",186 x 85 x 24 mm (7.32 x 3.35 x 0.94 in),528.0,,IP68,Nano-SIM + Nano-SIM,"IPS LCD, 90Hz, 700 nits",90,6.67,720x1604,264,67.8,Gorilla Glass 5,"Android 14, DokeOS 4.0",Mediatek Helio G81 (12 nm),12,Octa-core (2x2.0 GHz Cortex-A75 & 6x1.8 GHz Cortex-A55),Mali-G52 MC2,6,6,256,256,eMMC 5.1,50.0,2,1.8,No,1/2.76,No,"LED flash, HDR, panorama",1080p@30fps,32.0,No,,1080p@30fps,"Wi-Fi 802.11 a/b/g/n/ac, dual-band",Yes,5.3,Type-C,No,"GPS, GLONASS, GALILEO, BDS","Accelerometer, gyro, proximity, compass",15000,45,,No,,,,,,,,,,,"Black, Orange",,,,FM radio
Blackview,Blackview Mega 2 WiFi,https://www.gsmarena.com/blackview_mega_2_wifi-13840.php,https://fdn2.gsmarena.com/vv/bigpic/blackview-mega2-wifi.jpg,No cellular connectivity,No,"2025, April","Available. Released 2025, April",281.7 x 177.2 x 8 mm (11.09 x 6.98 x 0.31 in),615.0,,,No,"IPS LCD, 90Hz",90,12.0,1200x2000,194,82.1,Mohs level 5,"Android 15, DokeOS_P 4.1",Allwinner A733 (12 nm),12,Octa-core (2x2.0 GHz Cortex-A76 & 6x1.8 GHz Cortex-A55),IMG BXM-4-64 MC01,12,12,256,256,UFS 3.1,16.0,1,,No,,No,LED flash,1080p@30fps,8.0,No,,1080p@30fps,"Wi-Fi 802.11 a/b/g/n/ac/6, dual-band",No,5.2,Type-C,Yes,No,Accelerometer,9000,18,,No,,,,,,,,,,,"Celestial Grey, Ice Blue, Moss Green",,,,No
Blackview,Blackview Mega 8,https://www.gsmarena.com/blackview_mega_8-13839.php,https://fdn2.gsmarena.com/vv/bigpic/blackview-mega8.jpg,GSM / HSPA / LTE,No,"2025, April","Available. Released 2025, May",302 x 197.5 x 7.9 mm (11.89 x 7.78 x 0.31 in),736.0,,,Nano-SIM + Nano-SIM,IPS LCD,,13.0,1200x1920,174,82.2,Mohs level 4,"Android 15, DokeOS_P 4.1",Unisoc T620 (12 nm),12,Octa-core (2x2.2 GHz Cortex-A75 & 6x1.8 GHz Cortex-A55),Mali-G57,12,12,256,512,UFS,50.0,1,,No,,No,"LED flash, HDR",1080p@30fps,13.0,No,HDR,1080p@30fps,"Wi-Fi 802.11 a/b/g/n/ac, dual-band",No,5.0,Type-C,Yes,"GPS, GLONASS, GALILEO, BDS","Accelerometer, proximity (accessories only)",11000,18,,No,,,,,,,,,,,"Space Grey, Twilight Blue, Lagoon Green",,,,No
Blackview,Blackview BV4800 Pro,https://www.gsmarena.com/blackview_bv4800_pro-13716.php,https://fdn2.gsmarena.com/vv/bigpic/blackview-bv4800-pro.jpg,GSM / HSPA / LTE,No,"2024, December","Available. Released 2024, December",174.7 x 81.5 x 13.5 mm (6.88 x 3.21 x 0.53 in),285.0,,IP68,Nano-SIM + Nano-SIM,IPS LCD,,6.56,720x1612,269,72.6,Gorilla Glass 5,"Android 14, DokeOS 4.0",Unisoc T606 (12 nm),12,Octa-core (2x1.6 GHz Cortex-A75 & 6x1.6 GHz Cortex-A55),Mali-G57 MP1,4,4,128,128,eMMC,16.0,2,2.2,No,,No,LED flash,1080p@30fps,8.0,No,,720p@30fps,"Wi-Fi 802.11 a/b/g/n/ac, dual-band",Yes,5.0,Type-C,No,"GPS, GLONASS, GALILEO, BDS","Fingerprint (side-mounted), accelerometer, gyro, proximity, compass",5180,10,,No,,,,,,,,,,,"Black, Orange, Green",,,,FM radio
Blackview,Blackview Wave 8C,https://www.gsmarena.com/blackview_wave_8c-13638.php,https://fdn2.gsmarena.com/vv/bigpic/blackview-wave8c.jpg,GSM / HSPA / LTE,No,"2024, November","Available. Released 2024, November",163.2 x 75.2 x 8.8 mm (6.43 x 2.96 x 0.35 in),193.0,,,Nano-SIM + Nano-SIM,"IPS LCD, 450 nits",,6.56,720x1612,269,84.2,Mohs level 5,"Android 14 (Go edition), DokeOS 4.0",Unisoc SC9863A (28 nm),28,Octa-core (4x1.6 GHz Cortex-A55 & 4x1.2 GHz Cortex-A55),IMG8322,2,2,64,64,eMMC 5.1,13.0,1,,No,,No,"LED flash, HDR, panorama",1080p@30fps,8.0,No,,1080p@30fps,Wi-Fi 802.11 b/g/n,No,4.2,Type-C,Yes,"GPS, GLONASS, GALILEO","Accelerometer, proximity",5000,5,,No,,,,,,,,,,,"Sunset Purple, Dawn Blue, Dusk Black",,,,"FM radio, RDS, recording"
Blackview,Blackview Wave 8,https://www.gsmarena.com/blackview_wave_8-13637.php,https://fdn2.gsmarena.com/vv/bigpic/blackview-wave8.jpg,GSM / HSPA / LTE,No,"2024, November","Available. Released 2024, November",163.2 x 75.2 x 8.8 mm (6.43 x 2.96 x 0.35 in),192.0,,,Nano-SIM + Nano-SIM,"IPS LCD, 450 nits",,6.56,720x1612,269,84.2,Mohs level 5,"Android 14, DokeOS 4.0",Unisoc T606 (12 nm),12,Octa-core (2x1.6 GHz Cortex-A75 & 6x1.6 GHz Cortex-A55),Mali-G57 MP1,4,4,256,256,,13.0,1,,No,,No,"LED flash, HDR, panorama",1080p@30fps,8.0,No,,1080p@30fps,"Wi-Fi 802.11 a/b/g/n/ac, dual-band",No,5.2,Type-C,Yes,"GPS, GLONASS, GALILEO, BDS","Fingerprint (side-mounted), accelerometer, proximity",5000,10,,No,,,,,,,,,,,"Sunset Purple, Dawn Blue, Dusk Black",,0.70 W/kg (head) 1.40 W/kg (body),,FM radio
Blackview,Blackview BV8200,https://www.gsmarena.com/blackview_bv8200-13636.php,https://fdn2.gsmarena.com/vv/bigpic/blackview-bv8200.jpg,GSM / CDMA / HSPA / LTE,No,"2024, December 31","Available. Released 2024, December 31",174.6 x 81.1 x 16.5 mm (6.87 x 3.19 x 0.65 in),370.0,,IP68,Nano-SIM + Nano-SIM,"IPS LCD, 120Hz, 500 nits",120,6.5,1080x2400,405,72.0,Gorilla Glass 5,"Android 14, Doke OS 4.0",Mediatek Helio G100 (6 nm),6,Octa-core (2x2.2 GHz Cortex-A76 & 6x2.0 GHz Cortex-A55),Mali-G57 MC2,12,12,256,256,UMCP,50.0,2,1.9,Yes,1/1.57,No,"LED flash, HDR","1440p@30fps, 1080p@30fps",32.0,No,HDR,1080p@30fps,"Wi-Fi 802.11 a/b/g/n/ac, dual-band",Yes,5.1,Type-C,No,"GPS, GLONASS, GALILEO, BDS","Fingerprint (side-mounted), accelerometer, gyro, proximity, compass",8800,45,,No,,,290.0,,,,,,,,"Black, Green, Orange",,,,FM radio
Blackview,Blackview Mega 2,https://www.gsmarena.com/blackview_mega_2-13635.php,https://fdn2.gsmarena.com/vv/bigpic/blackview-mega2.jpg,GSM / HSPA / LTE,No,"2025, January","Available. Released 2025, January",281.7 x 177.2 x 8 mm (11.09 x 6.98 x 0.31 in),615.0,,,Nano-SIM + Nano-SIM,IPS LCD,,12.0,1200x2000,194,82.1,Mohs level 5,Android 15,Unisoc T615 (12 nm),12,Octa-core (2x1.8 GHz Cortex-A75 & 6x1.6 GHz Cortex-A55),Mali-G57 MP1,8,12,256,256,UFS 2.2,16.0,1,,No,,No,LED flash,Yes,8.0,No,,Yes,Yes,No,,Type-C,No,"GPS, GLONASS, GALILEO, BDS",Accelerometer,9000,18,,No,,,,,,,,,,,"Grey, Blue, Green",,,,Unspecified
Blackview,Blackview Tab 60 Pro,https://www.gsmarena.com/blackview_tab_60_pro-13634.php,https://fdn2.gsmarena.com/vv/bigpic/blackview-tab-60-pro.jpg,GSM / HSPA / LTE,No,"2025, January","Available. Released 2025, January",242.7 x 161.5 x 8.5 mm (9.56 x 6.36 x 0.33 in),543.0,,,Nano-SIM + Nano-SIM,IPS LCD,,10.1,800x1280,149,75.5,Mohs level 4,"Android 14, DokeOS_P 4.0",Unisoc T606 (12 nm),12,Octa-core (2x1.6 GHz Cortex-A75 & 6x1.6 GHz Cortex-A55),Mali-G57 MP1,4,8,256,256,UMCP,8.0,1,,No,,No,LED flash,1080p@30fps,5.0,No,,720p@30fps,"Wi-Fi 802.11 a/b/g/n/ac, dual-band",No,5.0,Type-C,Yes,"GPS, GLONASS, GALILEO, BDS",Accelerometer,7700,10,,No,,,,,,,,,,,"Grey, Blue, Green",,,,FM Radio
Blackview,Blackview Tab 60 WiFi,https://www.gsmarena.com/blackview_tab_60_wifi-13633.php,https://fdn2.gsmarena.com/vv/bigpic/blackview-tab-60-wifi.jpg,No cellular connectivity,No,"2025, January","Available. Released 2025, January",242.7 x 161.5 x 8.5 mm (9.56 x 6.36 x 0.33 in),538.0,,,No,IPS LCD,,10.1,800x1280,149,75.5,Mohs level 5,"Android 14, Doke OS_P 4.0",AllWinner A523,,Octa-core,Mali-G57,4,4,128,128,eMMC 5.1,8.0,1,,No,,No,LED flash,1080p@30fps,5.0,No,,Yes,"Wi-Fi 802.11 a/b/g/n/ac/6, dual-band",No,5.2,Type-C,Yes,No,Accelerometer,5100,10,,No,,,90.0,,,,,,,,"Grey, Blue, Green",,,,FM Radio
Blackview,Blackview Active 10 Pro,https://www.gsmarena.com/blackview_active_10_pro-13566.php,https://fdn2.gsmarena.com/vv/bigpic/blackview-active-10-pro.jpg,GSM / CDMA / HSPA / LTE / 5G,Yes,"2024, December 09","Available. Released 2024, December 09",267.6 x 179 x 19.5 mm (10.54 x 7.05 x 0.77 in),1214.0,,IP68,Nano-SIM + Nano-SIM,"IPS LCD, 90Hz, 360 nits",90,10.95,1200x1920,207,72.6,Gorilla Glass 5,"Android 14, Doke OS_P 4.0",Mediatek Dimensity 7300 (4 nm),4,Octa-core (4x2.5 GHz Cortex-A78 & 4x2.0 GHz Cortex-A55),Mali-G615 MC2,12,12,256,512,,108.0,2,,No,,No,LED flash,1080p@60fps,50.0,No,,1080p@30fps,"Wi-Fi 802.11 a/b/g/n/ac/6, dual-band",Yes,5.4,Type-C,Yes,"GPS, GLONASS, GALILEO, BDS","Accelerometer, gyro, proximity, compass, barometer",30000,55,,No,,,330.0,,,,,,,,"Black, Orange",,1.34 W/kg (body),,FM Radio
Blackview,Blackview Shark 9,https://www.gsmarena.com/blackview_shark_9-13453.php,https://fdn2.gsmarena.com/vv/bigpic/blackview-shark-9.jpg,GSM / HSPA / LTE / 5G,Yes,"2024, October","Available. Released 2024, November",164.8 x 75.6 x 8.7 mm (6.49 x 2.98 x 0.34 in),200.0,,,Nano-SIM + Nano-SIM,"IPS LCD, 90Hz, 700 nits",90,6.67,720x1604,264,86.1,Mohs level 7,"Android 14, Doke OS 4.0",Unisoc T820,,,,8,8,256,256,UFS 2.2,50.0,3,,No,,Yes,"LED flash, HDR, panorama","4K@30fps, 1080p@30fps",8.0,No,,1080p@30fps,"Wi-Fi 802.11 a/b/g/n/ac, dual-band",Yes,5.0,Type-C,Yes,"GPS, GLONASS, GALILEO, BDS","Fingerprint (side-mounted), accelerometer, proximity",5000,18,,No,,,,,,,,,,,"Starry Rock Black, Azure Wave Blue",,,,FM radio
Blackview,Blackview Tab9WiFi,https://www.gsmarena.com/blackview_tab9wifi-13455.php,https://fdn2.gsmarena.com/vv/bigpic/blackview-tab9-wifi.jpg,No cellular connectivity,No,"2024, June","Available. Released 2024, June",246.8 x 161.8 x 9.1 mm (9.72 x 6.37 x 0.36 in),540.0,,,No,IPS LCD,,11.0,1200x1920,206,87.9,Mohs level 5,"Android 14, DokeOS_P 4.0",Unisoc T606 (12 nm),12,Octa-core (2x1.6 GHz Cortex-A75 & 6x1.6 GHz Cortex-A55),Mali-G57 MP1,6,6,256,256,UFS 2.1,13.0,1,,No,,No,LED flash,1080p@30fps,8.0,No,,Yes,"Wi-Fi 802.11 a/b/g/n/ac, dual-band",No,5.0,Type-C,Yes,No,Accelerometer,8200,10,,No,,,,,,,,,,,"Ink Grey, Frost Blue, Blush Pink",,,,No
Blackview,Blackview Tab90WiFi,https://www.gsmarena.com/blackview_tab90wifi-13456.php,https://fdn2.gsmarena.com/vv/bigpic/blackview-tab90-wifi.jpg,No cellular connectivity,No,"2024, June","Available. Released 2024, June",256.9 x 168.5 x 9.5 mm (10.11 x 6.63 x 0.37 in),540.0,,,No,IPS LCD,,10.92,800x1280,138,79.9,Mohs level 7,"Android 14, DokeOS_P 4.0",Unisoc T606 (12 nm),12,Octa-core (2x1.6 GHz Cortex-A75 & 6x1.6 GHz Cortex-A55),Mali-G57 MP1,4,4,128,128,UFS 2.1,13.0,1,,No,,No,LED flash,1080p@30fps,8.0,No,,Yes,"Wi-Fi 802.11 a/b/g/n/ac, dual-band",No,5.0,Type-C,Yes,No,Accelerometer,8200,10,,No,,,100.0,,,,,,,,"Ink Grey, Frost Blue, Blush Pink",,,,No
Blackview,Blackview Hero 10,https://www.gsmarena.com/blackview_hero_10-13052.php,https://fdn2.gsmarena.com/vv/bigpic/blackview-hero-10.jpg,GSM / CDMA / HSPA / LTE,No,"2024, May","Available. Released 2024, May",Unfolded: 169 x 75.5 x 8.1 mm Folded: 87 x 75.5 x 16.3 mm,198.0,,,Nano-SIM + Nano-SIM,"Foldable AMOLED, 1B colors, 1300 nits (peak)",,6.9,1080x2560,403,86.2,Mohs level 6,"Android 13, DokeOS 4",Mediatek Helio G99 (6 nm),6,Octa-core (2x2.2 GHz Cortex-A76 & 6x2.0 GHz Cortex-A55),Mali-G57 MC2,12,12,256,256,UFS 2.2,108.0,2,1.9,No,1/1.67,No,"LED flash, HDR, panorama","1440p@30fps, 1080p@30fps",32.0,No,,1080p@30fps,"Wi-Fi 802.11 a/b/g/n/ac, dual-band",Yes,,Type-C,No,"GPS, GLONASS, GALILEO, BDS","Fingerprint (side-mounted), accelerometer, proximity",4000,45,,No,,,600.0,,,,,,,,"Black, Purple",,,,No
Blackview,Blackview Tab 16 Pro,https://www.gsmarena.com/blackview_tab_16_pro-13054.php,https://fdn2.gsmarena.com/vv/bigpic/blackview-tab-16-pro.jpg,GSM / HSPA / LTE,No,"2024, May","Available. Released 2024, May",256.8 x 167 x 7.5 mm (10.11 x 6.57 x 0.30 in),503.0,,,Nano-SIM + Nano-SIM,IPS LCD,,11.0,1200x1920,206,81.8,Mohs level 5,Android 14,Unisoc Tiger T616 (12 nm),12,Octa-core (2x2.0 GHz Cortex-A75 & 6x1.8 GHz Cortex-A55),Mali-G57 MP1,8,8,256,256,UFS 2.2,13.0,2,,No,,No,LED flash,1080p@30fps,8.0,No,,Yes,"Wi-Fi 802.11 a/b/g/n/ac, dual-band",No,5.0,Type-C,No,"GPS, GLONASS, GALILEO, BDS",Accelerometer,7700,18,,No,,,,,,,,,,,"Gray, Blue, Violet",,,,Unspecified
Blackview,Blackview BV8100,https://www.gsmarena.com/blackview_bv8100-13055.php,https://fdn2.gsmarena.com/vv/bigpic/blackview-bv8100.jpg,GSM / CDMA / HSPA / LTE,No,"2024, May","Available. Released 2024, May",175.8 x 81.2 x 18.1 mm (6.92 x 3.20 x 0.71 in),360.0,,IP68,Nano-SIM + Nano-SIM,"IPS LCD, 120Hz, 440 nits",120,6.5,1080x2400,405,71.5,Gorilla Glass 5,Android 14,Mediatek Helio G99 (6 nm),6,Octa-core (2x2.2 GHz Cortex-A76 & 6x2.0 GHz Cortex-A55),Mali-G57 MC2,8,8,256,256,UFS 2.1,50.0,2,1.8,No,1/1.57,No,"Dual-LED flash, HDR, panorama","1440p@30fps, 1080p@30fps",32.0,No,,1080p@30fps,"Wi-Fi 802.11 a/b/g/n/ac, dual-band",Yes,5.0,Type-C,No,"GPS, GLONASS, GALILEO, BDS","Fingerprint (side-mounted), accelerometer, gyro, proximity, compass",8800,45,,No,,,270.0,,,,,,,,"Black, Green, Orange",,,,FM radio
Blackview,Blackview BL9000 Pro,https://www.gsmarena.com/blackview_bl9000_pro-12965.php,https://fdn2.gsmarena.com/vv/bigpic/blackview-bl9000-pro.jpg,GSM / CDMA / HSPA / LTE / 5G,Yes,"2024, April","Available. Released 2024, May",179.5 x 82.6 x 17 mm (7.07 x 3.25 x 0.67 in),412.0,,IP68,Nano-SIM + Nano-SIM,"IPS LCD, 120Hz",120,6.78,1080x2460,396,73.6,Gorilla Glass Victus,"Android 14, Doke-OS 4.0",Mediatek Dimensity 8020 (6 nm),6,Octa-core (4x2.6 GHz Cortex-A78 & 4x2.0 GHz Cortex-A55),Mali-G77 MC9,12,12,512,512,UFS 3.1,50.0,3,,No,1/1.57,Yes,"LED flash, HDR, panorama","4K@30fps, 1080p@30fps",50.0,No,,1080p@30fps,"Wi-Fi 802.11 a/b/g/n/ac/6, dual-band",Yes,5.1,Type-C,No,"GPS, GLONASS, BDS, GALILEO","Fingerprint (side-mounted), accelerometer, gyro, proximity, compass, barometer",8800,120,,No,,,550.0,,,,,,,,"Splendid Gold, Interstellar Black",,,,FM radio
Blackview,Blackview Color 8,https://www.gsmarena.com/blackview_color_8-12883.php,https://fdn2.gsmarena.com/vv/bigpic/blackview-color8.jpg,GSM / HSPA / LTE,No,"2024, January","Available. Released 2024, January",167.8 x 77.4 x 9.1 mm (6.61 x 3.05 x 0.36 in),214.0,,,Nano-SIM + Nano-SIM,"IPS LCD, 90Hz, 450 nits (typ)",90,6.75,720x1600,260,84.7,,"Android 13, Doke OS 4.0",Unisoc Tiger T616 (12 nm),12,Octa-core (2x2.0 GHz Cortex-A75 & 6x1.8 GHz Cortex-A55),Mali-G57 MP1,8,8,256,256,,50.0,2,,No,1/2.76,No,"LED flash, HDR, panorama",1080p@30fps,8.0,No,,1080p@30fps,"Wi-Fi 802.11 a/b/g/n/ac, dual-band",No,5.0,Type-C,Yes,"GPS, GLONASS, GALILEO, BDS","Fingerprint (side-mounted), accelerometer, proximity",6000,18,,No,,,150.0,,,,,,,,"Ash Gray, Ripple Blue, Wisteria Purple",,,,FM radio
Blackview,Blackview Mega 1,https://www.gsmarena.com/blackview_mega_1-12884.php,https://fdn2.gsmarena.com/vv/bigpic/blackview-mega1.jpg,GSM / HSPA / LTE,No,"2024, March","Available. Released 2024, March",268.7 x 169 x 7.6 mm (10.58 x 6.65 x 0.30 in),528.0,,,Nano-SIM + Nano-SIM,"IPS LCD, 120Hz, 400 nits",120,11.5,1200x2000,203,82.9,,"Android 13, DokeOS_P 4.0",Mediatek Helio G99 (6 nm),6,Octa-core (2x2.2 GHz Cortex-A76 & 6x2.0 GHz Cortex-A55),Mali-G57 MC2,8,12,256,256,UFS 2.1,50.0,1,,No,1/2.76,No,LED flash,"1440p@30fps, 1080p@30fps",13.0,No,,1080p@30fps,"Wi-Fi 802.11 a/b/g/n/ac, dual-band",No,5.1,Type-C,No,"GPS, GLONASS, GALILEO, BDS","Fingerprint (top-mounted), accelerometer, proximity (accessories only), gyro",8800,33,,No,,,,,,,,,,,"Space Grey, Sky Blue, Dreamy Purple",,,,FM radio
Blackview,Blackview BL9000,https://www.gsmarena.com/blackview_bl9000-12795.php,https://fdn2.gsmarena.com/vv/bigpic/blackview-bl9000.jpg,GSM / CDMA / HSPA / LTE / 5G,Yes,"2024, January","Available. Released 2024, January",179.5 x 82.6 x 17 mm (7.07 x 3.25 x 0.67 in),413.0,,IP68,Nano-SIM + Nano-SIM,"IPS LCD, 120Hz",120,6.78,1080x2460,396,73.6,Gorilla Glass Victus,"Android 13, Doke-OS 4.0",Mediatek Dimensity 8020 (6 nm),6,Octa-core (4x2.6 GHz Cortex-A78 & 4x2.0 GHz Cortex-A55),Mali-G77 MC9,12,12,512,512,UFS 3.1,50.0,2,,No,1/1.57,Yes,"LED flash, HDR, panorama","4K@30fps, 1080p@30fps",50.0,No,,1080p@30fps,"Wi-Fi 802.11 a/b/g/n/ac/6, dual-band",Yes,5.1,Type-C,No,"GPS, GLONASS, BDS, GALILEO","Fingerprint (side-mounted), accelerometer, gyro, proximity, compass, barometer",8800,120,,No,,,490.0,,,,,,,,"Rose Gold, Interstellar Black",,,,FM radio
Blackview,Blackview BL8000,https://www.gsmarena.com/blackview_bl8000-12794.php,https://fdn2.gsmarena.com/vv/bigpic/blackview-bl8000.jpg,GSM / CDMA / HSPA / LTE / 5G,Yes,"2024, January","Available. Released 2024, January",179.5 x 82.6 x 17 mm (7.07 x 3.25 x 0.67 in),385.0,,IP68,Nano-SIM + Nano-SIM,"IPS LCD, 120Hz",120,6.78,1080x2460,396,73.6,Gorilla Glass 5,"Android 13, Doke-OS 4.0",Mediatek Dimensity 7050 (6 nm),6,Octa-core (2x2.6 GHz Cortex-A78 & 6x2.0 GHz Cortex-A55),Mali-G68 MC4,12,12,512,512,UFS 3.1,50.0,3,,No,1/1.57,Yes,"LED flash, HDR, panorama","4K@30fps, 1080p@30fps",16.0,No,,Yes,"Wi-Fi 802.11 a/b/g/n/ac/6, dual-band",Yes,5.1,Type-C,No,"GPS (L1+L5), GLONASS, BDS, GALILEO","Fingerprint (side-mounted), accelerometer, proximity, compass, gyro",8800,33,,No,,,,,,,,,,,"Celestial Silver, Orbit Grey",,,,FM radio
Blackview,Blackview Shark 8,https://www.gsmarena.com/blackview_shark_8-12680.php,https://fdn2.gsmarena.com/vv/bigpic/blackview-shark8.jpg,GSM / HSPA / LTE,No,"2023, November","Available. Released 2023, November",168.5 x 76.6 x 8.4 mm (6.63 x 3.02 x 0.33 in),198.3,,,Nano-SIM + Nano-SIM,"IPS LCD, 120Hz, 500 nits",120,6.78,1080x2460,396,84.6,Mohs level 7,"Android 13, Doke OS 4.0",Mediatek Helio G99 (6 nm),6,Octa-core (2x2.2 GHz Cortex-A76 & 6x2.0 GHz Cortex-A55),Mali-G57 MC2,8,8,256,256,UFS 2.2,64.0,2,,No,1/1.97,No,"LED flash, HDR, panorama","1440p@30fps, 1080p@30fps",13.0,No,,1080p@30fps,"Wi-Fi 802.11 a/b/g/n/ac, dual-band",Yes,5.0,Type-C,Yes,"GPS, GLONASS, GALILEO, BDS","Fingerprint (rear-mounted), accelerometer, proximity",5000,33,,No,,,160.0,,,,,,,,"Galaxy Blue, Scorching Gold, Moonlight Grey",,,,FM radio
Blackview,Blackview Tab 18,https://www.gsmarena.com/blackview_tab_18-12682.php,https://fdn2.gsmarena.com/vv/bigpic/blackview-tab18.jpg,GSM / HSPA / LTE,No,"2023, November","Available. Released 2023, November",277.6 x 173.2 x 7.9 mm (10.93 x 6.82 x 0.31 in),632.0,,,Nano-SIM + Nano-SIM,"IPS LCD, 350 nits",,12.0,1200x2000,194,85.2,,"Android 13, Doke OS_P 4.0",Mediatek Helio G99 (6 nm),6,Octa-core (2x2.2 GHz Cortex-A76 & 6x2.0 GHz Cortex-A55),Mali-G57 MC2,12,12,256,256,UFS 2.1,16.0,1,,No,,No,LED flash,1080p@30fps,8.0,No,,Yes,"Wi-Fi 802.11 a/b/g/n/ac, dual-band",No,5.1,Type-C,No,"GPS, GLONASS, GALILEO, BDS","Fingerprint (side-mounted), accelerometer, gyro, proximity, compass",8800,33,,No,,,,,,,,,,,"Turquoise Green, Glacier Blue, Space Grey",,,,FM Radio
Blackview,Blackview A96,https://www.gsmarena.com/blackview_a96-12590.php,https://fdn2.gsmarena.com/vv/bigpic/blackview-a96.jpg,GSM / CDMA / HSPA / LTE,No,"2023, September","Available. Released 2023, September",161.8 x 74.2 x 8.6 mm (6.37 x 2.92 x 0.34 in),193.9,,,Nano-SIM + Nano-SIM,"IPS LCD, 120Hz",120,6.5,1080x2400,405,85.0,,"Android 13, Doke OS 3.1",Mediatek Helio G99 (6 nm),6,Octa-core (2x2.2 GHz Cortex-A76 & 6x2.0 GHz Cortex-A55),Mali-G57 MC2,8,12,256,256,UFS 2.2,48.0,2,,No,1/2.25,No,"LED flash, HDR, panorama","1440p@30fps, 1080p@30fps",16.0,No,,1080p@30fps,"Wi-Fi 802.11 a/b/g/n/ac, dual-band",Yes,5.0,Type-C,No,"GPS, GLONASS, GALILEO, BDS","Fingerprint (side-mounted), accelerometer, gyro, proximity, compass",4380,18,,No,,,190.0,,,,,,,,"Provence Purple, Obsidian Black",,,,FM radio
Blackview,Blackview BV6200 Pro,https://www.gsmarena.com/blackview_bv6200_pro-12593.php,https://fdn2.gsmarena.com/vv/bigpic/blackview-bv6200-pro.jpg,GSM / HSPA / LTE,No,"2023, July","Available. Released 2023, July",174.4 x 82 x 19.2 mm (6.87 x 3.23 x 0.76 in),438.0,,IP68,Nano-SIM + Nano-SIM,IPS LCD,,6.56,720x1612,269,72.3,Mohs level 7,"Android 13, Doke OS 3.1",Mediatek MT6765 Helio P35 (12 nm),12,Octa-core (4x2.35 GHz Cortex-A53 & 4x1.8 GHz Cortex-A53),PowerVR GE8320,4,4,128,128,eMMC 5.1,13.0,2,,No,,No,LED flash,1080p@30fps,8.0,No,,1080p@30fps,"Wi-Fi 802.11 a/b/g/n/ac, dual-band",Yes,5.0,Type-C,No,"GPS, GLONASS, GALILEO, BDS","Fingerprint (side-mounted), accelerometer, proximity, compass",13000,18,,No,,,,,,,,,,,"Black, Orange, Green",,,,FM radio
Blackview,Blackview Tab 80,https://www.gsmarena.com/blackview_tab_80-12596.php,https://fdn2.gsmarena.com/vv/bigpic/blackview-tab-80.jpg,GSM / HSPA / LTE,No,"2023, September","Available. Released 2023, September",241 x 156 x 7.5 mm (9.49 x 6.14 x 0.30 in),484.0,,,Nano-SIM + Nano-SIM,IPS LCD,,10.1,800x1280,149,78.7,,"Android 13, Doke OS_P 3.0",Unisoc T606 (12 nm),12,Octa-core (2x1.6 GHz Cortex-A75 & 6x1.6 GHz Cortex-A55),Mali-G57 MP1,4,8,64,128,eMMC 5.1,13.0,2,,No,,No,LED flash,1080p@30fps,8.0,No,,1080p@30fps,"Wi-Fi 802.11 a/b/g/n/ac, dual-band",No,5.0,Type-C,Yes,"GPS, GLONASS, GALILEO, BDS",Accelerometer,7680,10,,No,,,,,,,,,,,"Grey, Blue, Green",,,,FM Radio
Blackview,Blackview Tab 60,https://www.gsmarena.com/blackview_tab_60-12599.php,https://fdn2.gsmarena.com/vv/bigpic/blackview-tab-60.jpg,GSM / HSPA / LTE,No,"2023, September","Available. Released 2023, September",211.7 x 124.4 x 8.4 mm (8.33 x 4.90 x 0.33 in),338.0,,,Nano-SIM + Nano-SIM,IPS LCD,,8.68,800x1340,180,81.2,,"Android 13, Doke OS_P 3.0",Unisoc T606 (12 nm),12,Octa-core (2x1.6 GHz Cortex-A75 & 6x1.6 GHz Cortex-A55),Mali-G57 MP1,4,6,128,128,eMMC 5.1,8.0,1,,No,,No,,1080p@30fps,5.0,No,,Yes,"Wi-Fi 802.11 a/b/g/n/ac, dual-band",No,5.0,Type-C,Yes,"GPS, GLONASS, GALILEO, BDS","Accelerometer, proximity (accessories only)",6050,,,No,,,,,,,,,,,"Grey, Blue, Green",,,,FM Radio
Blackview,Blackview Tab 70 WiFi,https://www.gsmarena.com/blackview_tab_70_wifi-12597.php,https://fdn2.gsmarena.com/vv/bigpic/blackview-tab-70-wifi.jpg,No cellular connectivity,No,"2023, September","Available. Released 2023, September",246.5 x 163 x 9.9 mm (9.70 x 6.42 x 0.39 in),520.5,,,No,IPS LCD,,10.1,800x1280,149,73.6,Mohs level 7,"Android 13, DokeOS_P 3.0",,,Quad-core,,3,3,64,64,eMMC 5.1,5.0,1,,No,,No,LED flash,Yes,2.0,No,,Yes,"Wi-Fi 802.11 a/b/g/n/ac/6, dual-band",No,5.0,Type-C,No,No,"Accelerometer, proximity (accessories only)",6580,10,,No,,,,,,,,,,,"Space Grey, Twilight Blue",,,,No
Blackview,Blackview Tab 50 WiFi,https://www.gsmarena.com/blackview_tab_50_wifi-12598.php,https://fdn2.gsmarena.com/vv/bigpic/blackview-tab-50-wifi.jpg,No cellular connectivity,No,"2023, September","Available. Released 2023, September",211.2 x 126.2 x 9.7 mm (8.31 x 4.97 x 0.38 in),355.0,,,No,IPS LCD,,8.0,800x1280,189,69.6,Mohs level 6,"Android 13, DokeOS_P 3.0",,,Quad-core,,4,4,128,128,eMMC 5.1,2.0,1,,No,,No,LED flash,Yes,0.3,No,,Yes,"Wi-Fi 802.11 a/b/g/n/ac/6, tri-band",No,5.0,Type-C,No,No,Accelerometer,5580,,,No,,,,,,,,,,,"Twilight Blue, Space Grey",,,,No
Blackview,Blackview A200 Pro,https://www.gsmarena.com/blackview_a200_pro-12469.php,https://fdn2.gsmarena.com/vv/bigpic/blackview-a200-pro.jpg,GSM / HSPA / LTE,No,"2023, July 29","Available. Released 2023, August 21",162.2 x 73.6 x 8.6 mm (6.39 x 2.90 x 0.34 in),196.0,Glass,,Nano-SIM + Nano-SIM,"AMOLED, 120Hz",120,6.67,1080x2400,395,90.0,Gorilla Glass 5,"Android 13, Doke OS 4.0",Mediatek Helio G99 (6 nm),6,Octa-core (2x2.2 GHz Cortex-A76 & 6x2.0 GHz Cortex-A55),Mali-G57 MC2,12,12,256,256,UFS 2.2,108.0,3,,No,1/1.67,No,LED flash,"1440p@30fps, 1080p@30fps",16.0,No,,1080p@30fps,"Wi-Fi 802.11 a/b/g/n/ac, dual-band",Yes,5.2,Type-C,No,"GPS, GLONASS, GALILEO, BDS","Fingerprint (under display, optical), accelerometer, gyro, proximity, compass",5050,66,,No,,,290.0,,,,,,,,"Daybreak Blue, Meteor Purple, Polar Night Black",,,,No
Blackview,Blackview N6000,https://www.gsmarena.com/blackview_n6000-12432.php,https://fdn2.gsmarena.com/vv/bigpic/blackview-n6000.jpg,GSM / HSPA / LTE,No,"2023, July 19","Available. Released 2023, July 24",133 x 65.3 x 18.4 mm (5.24 x 2.57 x 0.72 in),208.0,,IP68,Nano-SIM + Nano-SIM,"IPS LCD, 450 nits",,4.3,540x1200,306,51.4,Gorilla Glass 5,"Android 13, DokeOS 3.1",Mediatek Helio G99 (6 nm),6,Octa-core (2x2.2 GHz Cortex-A76 & 6x2.0 GHz Cortex-A55),Mali-G57 MC2,8,8,256,256,UFS 2.1,48.0,2,,No,1/2.25,No,"LED flash, HDR, panorama","1440p@30fps, 1080p@30fps",16.0,No,HDR,1080p,"Wi-Fi 802.11 a/b/g/n/ac, dual-band",Yes,5.2,Type-C,No,"GPS, GLONASS, GALILEO, BDS","Fingerprint (side-mounted), accelerometer, gyro, proximity, compass, barometer",3880,18,,No,,,190.0,,,,,,,,"Black, Orange, Green",,,,FM radio
Blackview,Blackview Wave 6C,https://www.gsmarena.com/blackview_wave_6c-13454.php,https://fdn2.gsmarena.com/vv/bigpic/blackview-wave6c.jpg,GSM / HSPA / LTE,No,"2023, December","Available. Released 2023, December",164.7 x 76.5 x 9.7 mm (6.48 x 3.01 x 0.38 in),191.0,,,Nano-SIM + Nano-SIM,"IPS LCD, 380 nits",,6.5,720x1600,270,81.0,,"Android 13 (Go edition), Doke OS 4.0 Go",Unisoc SC9863A (28 nm),28,Octa-core (4x1.6 GHz Cortex-A55 & 4x1.2 GHz Cortex-A55),IMG8322,2,2,32,32,,8.0,1,,No,,No,"LED flash, HDR, panorama",1080p@30fps,5.0,No,,Yes,Wi-Fi 802.11 b/g/n,No,4.2,Type-C,Yes,"GPS, GLONASS, GALILEO, BDS","Fingerprint (side-mounted), accelerometer, proximity",5100,,,No,,,,,,,,,,,"Lilac Purple, Mint Blue, Midnight Black",,,,FM radio
Blackview,Motorola Edge 70 Pro+,https://www.gsmarena.com/motorola_edge_70_pro+_5g-14702.php,https://fdn2.gsmarena.com/vv/bigpic/motorola-edge-70-pro-plus.jpg,GSM / HSPA / LTE / 5G,Yes,"2026, June 01","Coming soon. Exp. release 2026, June",162.7 x 75.6 x 7.2 mm (6.41 x 2.98 x 0.28 in),190.0,Glass,IP68,Nano-SIM + Nano-SIM,"AMOLED, 1B colors, 144Hz, PWM, HDR10+, 1800 (HBM), 5200 nits (peak)",144,6.78,1272x2772,450,91.4,Gorilla Glass 7i,"Android 16, up to 3 major Android upgrades",Mediatek Dimensity 8500 Extreme (4 nm),4,Octa-core (1x3.4 GHz Cortex-A725 & 3x3.2 GHz Cortex-A725 & 4x2.2 GHz Cortex-A725),Mali-G720 MC8,12,12,256,256,UFS 4.1,50.0,3,1.8,Yes,1/1.56,Yes,"LED flash, HDR, panorama, Pantone Validated Colour and Skin Tones","4K@30/60/120fps, 1080p@30/60/120/240fps, gyro-EIS, HDR10+",50.0,Yes,HDR,"4K@30fps, 1080p@30/120fps","Wi-Fi 802.11 a/b/g/n/ac/6e/7, tri-band, Wi-Fi Direct",Yes,5.4,Type-C,No,"GPS, GLONASS, GALILEO","Fingerprint (under display, optical), accelerometer, gyro, proximity, compass",6500,90,15,Yes,,,,,,,,,,,"Pantone: Stormy Sea (Green), Zinfandel (Red), Chicory Coffee (Wood)",,,,No
Blackview,Blackview Active 8 Pro,https://www.gsmarena.com/blackview_active_8_pro-12408.php,https://fdn2.gsmarena.com/vv/bigpic/blackview-active8-pro.jpg,GSM / CDMA / HSPA / LTE,No,"2023, July 03","Available. Released 2023, July 10",256.3 x 165.8 x 16.8 mm (10.09 x 6.53 x 0.66 in),976.0,,IP68,Nano-SIM + Nano-SIM,IPS LCD,,10.36,1200x2000,225,71.9,Mohs level 7,"Android 12, Doke OS_P 3.0",Mediatek Helio G99 (6 nm),6,Octa-core (2x2.2 GHz Cortex-A76 & 6x2.0 GHz Cortex-A55),Mali-G57 MC2,8,8,256,256,,48.0,1,,No,1/2.25,No,LED flash,"1440p@30fps, 1080p@30fps",16.0,No,,Yes,"Wi-Fi 802.11 a/b/g/n/ac, dual-band",Yes,5.0,Type-C,Yes,"GPS, GLONASS, GALILEO, BDS","Accelerometer, gyro, proximity, compass",22000,33,,No,,,220.0,,,,,,,,"Black, Orange",,,,FM Radio
Blackview,Blackview Tab 12 Pro,https://www.gsmarena.com/blackview_tab_12_pro-12433.php,https://fdn2.gsmarena.com/vv/bigpic/blackview-tab12-pro.jpg,GSM / HSPA / LTE,No,"2023, March 24","Available. Released 2023, March",238.5 x 157.5 x 7.4 mm (9.39 x 6.20 x 0.29 in),430.0,,,Nano-SIM + Nano-SIM,IPS LCD,,10.1,1200x1920,224,78.7,,"Android 12, DokeOS_P 3.0",Unisoc T606 (12 nm),12,Octa-core (2x1.6 GHz Cortex-A75 & 6x1.6 GHz Cortex-A55),Mali-G57 MP1,8,8,128,128,,13.0,1,2.2,No,1/3.06,No,"LED flash, HDR",1440p@30fps,5.0,No,,Yes,"Wi-Fi 802.11 a/b/g/n/ac, dual-band",No,5.0,Type-C,Yes,"GPS, GLONASS, GALILEO, BDS","Accelerometer, proximity (accessories only)",6580,10,,No,,,160.0,,,,,,,,"Twilight Blue, Lunar Silver, Space Gray",,,,FM radio
Blackview,Blackview BV5300 Pro,https://www.gsmarena.com/blackview_bv5300_pro-12410.php,https://fdn2.gsmarena.com/vv/bigpic/blackview-bv5300-pro.jpg,GSM / HSPA / LTE,No,"2023, May","Available. Released 2023, May",161.5 x 77.6 x 15 mm (6.36 x 3.06 x 0.59 in),273.0,,IP68,Nano-SIM + Nano-SIM,"IPS LCD, 500 nits",,6.1,720x1560,282,72.9,Mohs level 5,"Android 12, DokeOS 3.1",Mediatek MT6765 Helio P35 (12 nm),12,Octa-core (4x2.35 GHz Cortex-A53 & 4x1.8 GHz Cortex-A53),PowerVR GE8320,4,4,64,64,,13.0,3,,No,1/3.06,No,"LED flash, HDR, panorama",1080p@30fps,8.0,No,,Yes,"Wi-Fi 802.11 a/b/g/n/ac, dual-band",Yes,5.0,Type-C,No,"GPS, GLONASS, GALILEO, BDS","Accelerometer, proximity, compass",6580,10,,No,,,110.0,,,,,,,,"Black, Orange, Green",,,,FM radio
Blackview,Blackview Tab 8 WiFi,https://www.gsmarena.com/blackview_tab_8_wifi-12405.php,https://fdn2.gsmarena.com/vv/bigpic/blackview-tab-8-wifi.jpg,No cellular connectivity,No,"2023, May","Available. Released 2023, May",246.5 x 163 x 9.9 mm (9.70 x 6.42 x 0.39 in),520.5,,,No,IPS LCD,,10.1,800x1280,149,73.6,,"Android 12, DokeOS_P 3.0",,,Quad-core,,4,4,128,128,eMMC 5.1,13.0,1,,No,,No,LED flash,1080p@30fps,8.0,No,,Yes,"Wi-Fi 802.11 a/b/g/n/ac/6, dual-band",No,5.0,Type-C,Yes,No,Accelerometer,6580,,,No,,,80.0,,,,,,,,"Space Grey, Ice Blue",,,,No
Blackview,Blackview BV8900,https://www.gsmarena.com/blackview_bv8900-12372.php,https://fdn2.gsmarena.com/vv/bigpic/blackview-bv8900.jpg,GSM / CDMA / HSPA / LTE,No,"2023, May 28","Available. Released 2023, June 12",172.4 x 82.2 x 19.8 mm (6.79 x 3.24 x 0.78 in),398.0,,IP68,Nano-SIM + Nano-SIM,IPS LCD,,6.5,1080x2408,406,71.8,Gorilla Glass Victus,"Android 13, Doke-OS 3.1",Mediatek MT6779 Helio P90 (12 nm),12,Octa-core (2x2.2 GHz Cortex-A75 & 6x2.0 GHz Cortex-A55),PowerVR GM9446,8,8,256,256,UFS,64.0,2,1.8,Yes,1/1.97,Yes,"Thermal imaging, LED flash","4K@30fps, 1080p@30fps",16.0,No,,1080p@30fps,"Wi-Fi 802.11 a/b/g/n/ac, dual-band",Yes,5.0,Type-C,No,"GPS, GLONASS, GALILEO, BDS","Fingerprint (side-mounted), accelerometer, proximity, compass, gyro, barometer",10380,33,,No,,,290.0,,,,,,,,"Black, Orange, Green",,,,FM radio
Blackview,Blackview Tab 11 WiFi,https://www.gsmarena.com/blackview_tab_11_wifi-12371.php,https://fdn2.gsmarena.com/vv/bigpic/blackview-tab-11-wifi.jpg,No cellular connectivity,No,"2023, June 12","Available. Released 2023, June 12",247 x 156.8 x 7.6 mm (9.72 x 6.17 x 0.30 in),442.0,,,No,IPS LCD,,10.36,1200x2000,225,78.9,,"Android 12, DokeOS_P 3.0",Mediatek MT8183,,Octa-core,,8,8,256,256,UFS 2.1,16.0,1,,No,,No,LED flash,1080p@30fps,16.0,No,,1080p@30fps,"Wi-Fi 802.11 a/b/g/n/ac, dual-band",No,4.2,Type-C,No,Unspecified,Unspecified,8380,18,,No,,,130.0,,,,,,,,"Gray, Green, Silver",,,,FM radio
Blackview,Blackview BV9300,https://www.gsmarena.com/blackview_bv9300-12266.php,https://fdn2.gsmarena.com/vv/bigpic/blackview-bv9300.jpg,GSM / CDMA / HSPA / LTE,No,"2023, May 10","Available. Released 2023, May 10",184.6 x 85.6 x 22.8 mm (7.27 x 3.37 x 0.90 in),520.0,,IP68,Nano-SIM + Nano-SIM,"IPS LCD, 120Hz",120,6.7,1080x2388,391,68.8,Gorilla Glass 5,"Android 12, Doke-OS 3.1",Mediatek Helio G99 (6 nm),6,Octa-core (2x2.2 GHz Cortex-A76 & 6x2.0 GHz Cortex-A55),Mali-G57 MC2,12,12,256,256,UFS 2.1,50.0,3,,No,1/2.76,No,"LED flash, HDR, panorama","1440p@30fps, 1080p@30fps",32.0,No,,1080p,"Wi-Fi 802.11 a/b/g/n/ac, dual-band",Yes,5.2,Type-C,No,"GPS, GLONASS, GALILEO, BDS","Fingerprint (side-mounted), accelerometer, proximity, compass",15080,33,,No,,,390.0,,,,,,,,"Black, Orange, Green",,,,FM radio
Blackview,Blackview A53 Pro,https://www.gsmarena.com/blackview_a53_pro-12168.php,https://fdn2.gsmarena.com/vv/bigpic/blackview-a53-pro.jpg,GSM / HSPA / LTE,No,"2023, March 03","Available. Released 2023, March",164.6 x 76.9 x 9.4 mm (6.48 x 3.03 x 0.37 in),194.6,Glass,,Nano-SIM + Nano-SIM,IPS LCD,,6.5,720x1600,270,80.6,,"Android 12, Doke OS 3.0",Mediatek MT6765 Helio G35 (12 nm),12,Octa-core (4x2.3 GHz Cortex-A53 & 4x1.8 GHz Cortex-A53),PowerVR GE8320,4,4,64,64,eMMC 5.0,12.0,3,,No,,No,LED flash,1080p@30fps,8.0,No,,Yes,Wi-Fi 802.11 b/g/n/ac,No,5.0,Type-C,Yes,"GPS, GLONASS, GALILEO, BDS",Unspecified,5080,10,,No,,,,,,,,,,,"Rock Grey, Murky Black, Starry Blue",,,,FM radio
Blackview,Blackview A52 Pro,https://www.gsmarena.com/blackview_a52_pro-13601.php,https://fdn2.gsmarena.com/vv/bigpic/blackview-a52-pro.jpg,GSM / HSPA / LTE,No,"2023, February","Available. Released 2023, February",164.2 x 62 x 9.1 mm (6.46 x 2.44 x 0.36 in),183.6,,,Nano-SIM + Nano-SIM,IPS LCD,,6.5,720x1600,270,100.2,,"Android 13, Doke OS 4.0",Unisoc T606 (12 nm),12,Octa-core (2x1.6 GHz Cortex-A75 & 6x1.6 GHz Cortex-A55),Mali-G57 MP1,4,6,128,128,eMMC,13.0,2,,No,,No,LED flash,1080p@30fps,5.0,No,,Yes,Wi-Fi 802.11 b/g/n,No,4.2,Type-C,Yes,"GPS, GLONASS, GALILEO",Fingerprint (side-mounted); unspecified sensors,5180,,,No,,,100.0,,,,,,,,"Polar Night, Vitality Green, Ice Blue",,,,Unspecified
Blackview,Blackview A53,https://www.gsmarena.com/blackview_a53-12167.php,https://fdn2.gsmarena.com/vv/bigpic/blackview-a53.jpg,GSM / HSPA / LTE,No,"2023, March 03","Available. Released 2023, March",164.6 x 76.9 x 9.4 mm (6.48 x 3.03 x 0.37 in),193.0,Glass,,Nano-SIM + Nano-SIM,IPS LCD,,6.5,720x1600,270,80.6,,"Android 12, Doke OS 3.0",Mediatek MT6761 Helio A22 (12 nm),12,Quad-core 2.0 GHz Cortex-A53,PowerVR GE8320,3,3,16,16,eMMC 5.0,12.0,3,,No,,No,LED flash,1080p@30fps,5.0,No,,Yes,Wi-Fi 802.11 a/b/g/n/ac,No,5.0,Type-C,Yes,"GPS, GLONASS, GALILEO, BDS",Unspecified,5080,10,,No,,,,,,,,,,,"Rock Grey, Murky Black, Starry Blue",,,,FM radio
Blackview,Blackview Tab 16,https://www.gsmarena.com/blackview_tab_16-12164.php,https://fdn2.gsmarena.com/vv/bigpic/blackview-tab-16.jpg,GSM / HSPA / LTE,No,"2023, February 28","Available. Released 2023, March 20",260.1 x 164.7 x 8 mm (10.24 x 6.48 x 0.31 in),533.0,,,Nano-SIM + Nano-SIM,IPS LCD,,11.0,1200x2000,212,80.4,,"Android 12, Doke OS_P 3.0",Unisoc Tiger T616 (12 nm),12,Octa-core (2x2.0 GHz Cortex-A75 & 6x1.8 GHz Cortex-A55),Mali-G57 MP1,8,8,128,256,eMMC 5.1,13.0,1,,No,,No,LED flash,1080p@30fps,8.0,No,,Yes,"Wi-Fi 802.11 a/b/g/n/ac, dual-band",No,5.0,Type-C,No,"GPS, GLONASS, GALILEO, BDS",Accelerometer,7680,,,No,,,170.0,,,,,,,,"Meteorite Gray, Twilight Blue, Mint Green",,,,FM Radio
Blackview,Blackview Tab 11 SE,https://www.gsmarena.com/blackview_tab_11_se-12165.php,https://fdn2.gsmarena.com/vv/bigpic/blackview-tab-11-se.jpg,GSM / HSPA / LTE,No,"2023, February 17","Available. Released 2023, February 17",249 x 156.7 x 8.1 mm (9.80 x 6.17 x 0.32 in),512.0,,,Nano-SIM + Nano-SIM,IPS LCD,,10.36,1200x2000,225,78.3,,"Android 12, Doke OS_P 3.0",Unisoc T606 (12 nm),12,Octa-core (2x1.6 GHz Cortex-A75 & 6x1.6 GHz Cortex-A55),Mali-G57 MP1,8,8,128,256,eMMC 5.1,13.0,1,,No,,No,LED flash,1080p@30fps,8.0,No,,Yes,"Wi-Fi 802.11 a/b/g/n/ac, dual-band",No,5.0,Type-C,No,"GPS, GLONASS, GALILEO, BDS",Accelerometer,7680,,,No,,,240.0,,,,,,,,"Blue, Gray, Silver",,,,FM Radio
Blackview,Blackview Tab 5,https://www.gsmarena.com/blackview_tab_5-12166.php,https://fdn2.gsmarena.com/vv/bigpic/blackview-tab-5.jpg,No cellular connectivity,No,"2023, March 03","Available. Released 2023, March",211.2 x 126.2 x 9.7 mm (8.31 x 4.97 x 0.38 in),355.0,,,Nano-SIM + Nano-SIM,IPS LCD,,8.0,800x1280,189,69.6,,"Android 12, Doke OS Go 3.0",Rockchip RK3326S,,,,3,3,64,64,eMMC 5.1,2.0,1,,No,,No,LED flash,Yes,0.3,No,,,Wi-Fi 802.11 b/g/n,No,4.2,Type-C,Yes,No,No,5580,,,No,,,,,,,,,,,"Twilight Blue, Space Gray",,,,No
Blackview,Blackview BV9200,https://www.gsmarena.com/blackview_bv9200-12055.php,https://fdn2.gsmarena.com/vv/bigpic/blackview-bv-9200.jpg,GSM / CDMA / HSPA / LTE,No,"2022, December 28","Available. Released 2023, January 09",174.5 x 81.8 x 13.6 mm (6.87 x 3.22 x 0.54 in),310.0,,IP68,Nano-SIM + Nano-SIM,"IPS LCD, 120Hz",120,6.6,1080x2408,400,73.5,Gorilla Glass 5,"Android 12, Doke-OS 3.1",Mediatek MT6781 Helio G96 (12 nm),12,Octa-core (2x2.05 GHz Cortex-A76 & 6x2.0 GHz Cortex-A55),Mali-G52 MC2,8,8,256,256,UFS 2.1,50.0,3,1.8,No,1/2.76,No,"LED flash, HDR, panorama","1440p@30fps, 1080p@30fps",16.0,No,,1080p,"Wi-Fi 802.11 a/b/g/n/ac, dual-band",Yes,5.2,Type-C,No,"GPS, GLONASS, GALILEO, BDS","Fingerprint (side-mounted), accelerometer, gyro, proximity, compass, barometer",5000,66,30,No,,,200.0,,,,,,481,-26.3,"Black, Orange, Green",,,,FM radio
Blackview,Blackview BV5200 Pro,https://www.gsmarena.com/blackview_bv5200_pro-12056.php,https://fdn2.gsmarena.com/vv/bigpic/blackview-bv5200-pro.jpg,GSM / HSPA / LTE,No,"2022, December 05","Available. Released 2022, December 05",161.6 x 77.9 x 13.7 mm (6.36 x 3.07 x 0.54 in),268.0,,IP68,Nano-SIM + Nano-SIM,IPS LCD,,6.1,720x1560,282,72.6,,"Android 12, Doke-OS 3.0",Mediatek MT6765 Helio G35 (12 nm),12,Octa-core (4x2.3 GHz Cortex-A53 & 4x1.8 GHz Cortex-A53),PowerVR GE8320,4,4,64,64,,13.0,2,,No,1/3.06,No,"LED flash, HDR, panorama",1080p@30fps,8.0,No,,Yes,"Wi-Fi 802.11 a/b/g/n/ac, dual-band",Yes,5.0,Type-C,No,"GPS, GLONASS, GALILEO, BDS",Unspecified,5180,10,,No,,,100.0,,,,,,,,"Black, Orange, Green",,,,FM radio
Blackview,Blackview A85,https://www.gsmarena.com/blackview_a85-12000.php,https://fdn2.gsmarena.com/vv/bigpic/blackview-a85.jpg,GSM / HSPA / LTE,No,"2022, November 22","Available. Released 2022, November 25",164.3 x 76.1 x 8.7 mm (6.47 x 3.00 x 0.34 in),193.0,Glass,,Nano-SIM + Nano-SIM,"IPS LCD, 90Hz",90,6.5,720x1612,272,81.2,,"Android 12, Doke OS 3.0",Unisoc T606 (12 nm),12,Octa-core (2x1.6 GHz Cortex-A75 & 6x1.6 GHz Cortex-A55),Mali-G57 MP1,8,8,128,128,UFS 2.1,50.0,2,,No,1/2.76,No,"Dual-LED dual-tone flash, HDR, panorama",1080p@30fps,8.0,No,,Yes,Yes,Yes,,"Yes, OTG",Yes,"GPS, GLONASS, GALILEO, BDS","Fingerprint (side-mounted), accelerometer, proximity",4480,18,,No,,,160.0,,,,,,,,"Black, Blue, Sky",,,,FM radio
Blackview,Blackview A52,https://www.gsmarena.com/blackview_a52-11999.php,https://fdn2.gsmarena.com/vv/bigpic/blackview-a52.jpg,GSM / HSPA / LTE,No,"2022, November 22","Available. Released 2022, November 25",164.2 x 62 x 9.1 mm (6.46 x 2.44 x 0.36 in),183.6,,,Nano-SIM + Nano-SIM,IPS LCD,,6.5,720x1600,270,100.2,,"Android 12, Doke OS G0 3.0",Unisoc SC9863A1 (22 nm),22,Octa-core (4x1.6 GHz Cortex-A55 & 4x1.2 GHz Cortex-A55),PowerVR GE8322,2,2,32,32,eMMC,13.0,2,,No,,No,LED flash,1080p@30fps,5.0,No,,Yes,Wi-Fi 802.11 b/g/n,No,4.2,Micro-USB,Yes,"GPS, GLONASS, GALILEO",Unspecified,5180,,,No,,,100.0,,,,,,,,"Polar Night, Vitality Green, Ice Blue",,,,Unspecified
Blackview,Blackview BV7200,https://www.gsmarena.com/blackview_bv7200-11963.php,https://fdn2.gsmarena.com/vv/bigpic/blackview-bv7200.jpg,GSM / HSPA / LTE,No,"2022, October 26","Available. Released 2022, November 01",165.3 x 81.6 x 16 mm (6.51 x 3.21 x 0.63 in),288.0,,IP68,Nano-SIM + Nano-SIM,IPS LCD,,6.1,720x1560,282,67.7,Gorilla Glass 3,"Android 12, Doke-OS 3.0",Mediatek MT6769Z Helio G85 (12 nm),12,Octa-core (2x2.0 GHz Cortex-A75 & 6x1.8 GHz Cortex-A55),Mali-G52 MC2,6,6,128,128,eMMC 5.1,50.0,2,1.8,No,1/2.76,No,"Dual-LED flash, HDR, panorama",1080p@30fps,8.0,No,,1080p@30fps,"Wi-Fi 802.11 a/b/g/n/ac, dual-band",Yes,5.0,Type-C,No,"GPS, GLONASS, GALILEO, BDS","Fingerprint (side-mounted), gyro, accelerometer, compass, barometer",5180,18,,No,,,250.0,,,,,,,,"Black, Orange, Green",,,,FM radio
Blackview,Blackview Tab 15,https://www.gsmarena.com/blackview_tab_15-11964.php,https://fdn2.gsmarena.com/vv/bigpic/blackview-tab15.jpg,GSM / HSPA / LTE,No,"2022, October 26","Available. Released 2022, October 26",246.4 x 161.5 x 7.3 mm (9.70 x 6.36 x 0.29 in),525.0,,,Nano-SIM + Nano-SIM,IPS LCD,,10.5,1200x1920,216,80.3,,"Android 12, Doke OS_P 3.0",Unisoc T610 (12 nm),12,Octa-core (2x1.8 GHz Cortex-A75 & 6x1.8 GHz Cortex-A55),Mali-G52 MP2,8,8,128,128,eMMC 5.1,13.0,1,,No,,No,LED flash,1080p@30fps,8.0,No,,Yes,"Wi-Fi 802.11 a/b/g/n/ac, dual-band",No,5.0,Type-C,Yes,"GPS, GLONASS, GALILEO",Accelerometer,8280,18,,No,,,230.0,,,,,,,,"Lunar Silver, Twilight Blue, Space Gray",,,,FM Radio
Blackview,Blackview BV5200,https://www.gsmarena.com/blackview_bv5200-11871.php,https://fdn2.gsmarena.com/vv/bigpic/blackview-BV5200.jpg,GSM / HSPA / LTE,No,"2022, September 07","Available. Released 2022, September 14",161.6 x 77.9 x 13.7 mm (6.36 x 3.07 x 0.54 in),268.0,,IP68,Nano-SIM + Nano-SIM,"IPS LCD, 450 nits",,6.1,720x1560,282,72.6,,"Android 12, Doke-OS 3.0",Mediatek MT6761 Helio A22 (12 nm),12,Quad-core 2.0 GHz Cortex-A53,PowerVR GE8320,4,4,32,32,,13.0,2,,No,,No,"LED flash, HDR, panorama",1080p@30fps,5.0,No,,Yes,"Wi-Fi 802.11 a/b/g/n/ac, dual-band",Yes,5.0,Type-C,No,"GPS, GLONASS, GALILEO, BDS","Accelerometer, gyro, compass",5180,10,,No,,,120.0,,,,,,,,"Black, Orange, Green",,,,FM radio
Blackview,Blackview BV7100,https://www.gsmarena.com/blackview_bv7100-11870.php,https://fdn2.gsmarena.com/vv/bigpic/blackview-BV7100.jpg,GSM / HSPA / LTE,No,"2022, September 07","Available. Released 2022, September 14",174 x 81.4 x 18.9 mm (6.85 x 3.20 x 0.74 in),460.0,,IP68,Nano-SIM + Nano-SIM,"IPS LCD, 90Hz, 480 nits",90,6.58,1080x2408,401,73.6,,"Android 12, Doke-OS 3.0",Mediatek MT6769Z Helio G85 (12 nm),12,Octa-core (2x2.0 GHz Cortex-A75 & 6x1.8 GHz Cortex-A55),Mali-G52 MC2,6,6,128,128,eMMC 5.1,12.0,3,2.0,No,1/2.55,No,"LED flash, HDR, panorama",1080p@30fps,8.0,No,,1080p@30fps,"Wi-Fi 802.11 a/b/g/n/ac, dual-band",Yes,5.0,Type-C,No,"GPS, GLONASS, GALILEO, BDS","Fingerprint (side-mounted), accelerometer, gyro, compass",13000,33,,No,,,220.0,,,,,,,,"Black, Orange, Green",,,,FM radio
Blackview,Blackview Tab 13,https://www.gsmarena.com/blackview_tab_13-11761.php,https://fdn2.gsmarena.com/vv/bigpic/blackview-tab13.jpg,GSM / HSPA / LTE,No,"2022, August 20","Available. Released 2022, August 20",238.8 x 157.6 x 7.7 mm (9.40 x 6.20 x 0.30 in),450.0,,,Nano-SIM + Nano-SIM,IPS LCD,,10.1,1200x1920,224,78.6,,"Android 12, Doke OS_P 3.0",Mediatek MT6769Z Helio G85 (12 nm),12,Octa-core (2x2.0 GHz Cortex-A75 & 6x1.8 GHz Cortex-A55),Mali-G52 MC2,6,6,128,128,eMMC 5.1,13.0,2,,No,,No,,1080p@30fps,8.0,No,,Yes,"Wi-Fi 802.11 a/b/g/n/ac, dual-band",No,5.0,Type-C,No,"GPS, GLONASS, GALILEO, BDS",Accelerometer,7280,,,No,,,,,,,,,,,"Twilight Blue, Space Gray, Silver",,,,FM Radio
Blackview,Blackview Tab 7,https://www.gsmarena.com/blackview_tab_7-11873.php,https://fdn2.gsmarena.com/vv/bigpic/blackview-tab7.jpg,GSM / HSPA / LTE,No,"2022, July 05","Available. Released 2022, July 05",241.3 x 160 x 8.9 mm (9.50 x 6.30 x 0.35 in),536.0,,,Nano-SIM + Nano-SIM,IPS LCD,,10.1,800x1280,149,76.6,Asahi Glass,Android 11,Unisoc Tiger T310 (12 nm),12,Quad-core (1x2.0 GHz Cortex-A75 & 3x1.8 GHz Cortex-A55),PowerVR GE8300,3,3,32,32,eMMC 5.1,5.0,1,2.0,No,,No,LED flash,1080p@30fps,2.0,No,,Yes,"Wi-Fi 802.11 a/b/g/n/ac, dual-band",No,5.0,Type-C,Yes,"GPS, GLONASS, GALILEO, BDS",Accelerometer,6580,10,,No,,,140.0,,,,,,,,"Grey, Blue, Silver",,,,FM Radio
Blackview,Blackview Tab 12,https://www.gsmarena.com/blackview_tab_12-11589.php,https://fdn2.gsmarena.com/vv/bigpic/blackview-Tab12.jpg,GSM / HSPA / LTE,No,"2022, May 15","Available. Released 2022, May 31",238.5 x 157.5 x 7.4 mm (9.39 x 6.20 x 0.29 in),430.0,,,Nano-SIM + Nano-SIM,IPS LCD,,10.1,1200x1920,224,78.7,Asahi Glass,Android 11,Unisoc SC9863A (28 nm),28,Octa-core (4x1.6 GHz Cortex-A55 & 4x1.2 GHz Cortex-A55),IMG8322,4,4,64,64,eMMC 5.1,13.0,1,2.2,No,,No,"LED flash, HDR",1440p@30fps,5.0,No,,Yes,"Wi-Fi 802.11 a/b/g/n/ac, dual-band",No,5.0,Type-C,Yes,"GPS, GLONASS, BDS",Accelerometer,6580,10,,No,,,160.0,,,,,,,,"Gray, Blue, Silver",,,,FM radio
Blackview,Blackview BL8800 Pro,https://www.gsmarena.com/blackview_bl8800_pro-11534.php,https://fdn2.gsmarena.com/vv/bigpic/blackview-bl8800-pro.jpg,GSM / CDMA / HSPA / CDMA2000 / LTE / 5G,Yes,"2022, May 09","Available. Released 2022, May 09",176.2 x 83.5 x 17.7 mm (6.94 x 3.29 x 0.70 in),367.0,,IP68,Nano-SIM + Nano-SIM,"IPS LCD, 480 nits",,6.58,1080x2408,401,70.9,,"Android 11, Doke-OS 3.0",Mediatek Dimensity 700 (7 nm),7,Octa-core (2x2.2 GHz Cortex-A76 & 6x2.0 GHz Cortex-A55),Mali-G57 MC2,8,8,128,128,UFS 2.1,50.0,5,1.8,No,,No,"Thermal imaging, Dual-LED flash, HDR, panorama",1440p@30fps,16.0,No,,1080p@30fps,Wi-Fi 802.11 a/b/g/n/ac,Yes,5.1,Type-C,No,"GPS, GLONASS, GALILEO, BDS","Fingerprint (side-mounted), accelerometer, gyro, proximity, compass, barometer",8380,33,,No,,,300.0,,,,,,,,"Black, Orange, Green",,,,FM radio
Blackview,Blackview BL8800,https://www.gsmarena.com/blackview_bl8800-11533.php,https://fdn2.gsmarena.com/vv/bigpic/blackview-bl8800.jpg,GSM / CDMA / HSPA / CDMA2000 / LTE / 5G,Yes,"2022, May 09","Available. Released 2022, May 09",176.2 x 83.5 x 17.7 mm (6.94 x 3.29 x 0.70 in),367.0,,IP68,Nano-SIM + Nano-SIM,"IPS LCD, 480 nits",,6.58,1080x2408,401,70.9,,"Android 11, Doke-OS 3.0",Mediatek Dimensity 700 (7 nm),7,Octa-core (2x2.2 GHz Cortex-A76 & 6x2.0 GHz Cortex-A55),Mali-G57 MC2,8,8,128,128,UFS 2.1,50.0,4,1.8,No,,No,"Dual-LED flash, HDR, panorama",1440p@30fps,16.0,No,,1080p@30fps,Wi-Fi 802.11 a/b/g/n/ac,Yes,5.1,Type-C,No,"GPS, GLONASS, GALILEO, BDS","Fingerprint (side-mounted), accelerometer, gyro, proximity, compass, barometer",8380,33,,No,,,480.0,,,,,,,,"Black, Orange, Green",,,,FM radio
Blackview,Blackview A55 Pro,https://www.gsmarena.com/blackview_a55_pro-11586.php,https://fdn2.gsmarena.com/vv/bigpic/blackview-A55pro.jpg,GSM / HSPA / LTE,No,"2022, March 07","Available. Released 2022, March",164.8 x 76.7 x 9.2 mm (6.49 x 3.02 x 0.36 in),197.0,,,Nano-SIM + Nano-SIM,IPS LCD,,6.53,720x1600,269,81.4,,Android 11,Mediatek MT6762V Helio P22 (12 nm),12,Octa-core (4x2.0 GHz Cortex-A53 & 4x1.5 GHz Cortex-A53),PowerVR GE8320,4,4,64,64,eMMC,13.0,3,1.9,No,,No,LED flash,1080p@30fps,5.0,No,,Yes,"Wi-Fi 802.11 b/g/n/ac, dual-band",No,4.1,Micro-USB,Yes,"GPS, GLONASS, GALILEO, BDS","Fingerprint (rear-mounted), accelerometer, proximity",4780,,,No,,,130.0,,,,,,,,"Black, Blue, White, Green",,,,FM radio
Blackview,Blackview A50,https://www.gsmarena.com/blackview_a50-11588.php,https://fdn2.gsmarena.com/vv/bigpic/blackview-A50.jpg,GSM / HSPA / LTE,No,"2022, March 04","Available. Released 2022, March",156.4 x 72.9 x 8.9 mm (6.16 x 2.87 x 0.35 in),156.0,,,Nano-SIM + Nano-SIM,IPS LCD,,6.01,720x1560,286,77.8,,Android 11,Unisoc Tiger T310 (12 nm),12,Quad-core (1x2.0 GHz Cortex-A75 & 3x1.8 GHz Cortex-A55),PowerVR GE8300,3,3,64,64,eMMC,13.0,3,2.0,No,,No,LED flash,1080p@30fps,5.0,No,,Yes,Wi-Fi 802.11 b/g/n/ac,No,5.0,Micro-USB,Yes,"GPS, GLONASS","Fingerprint (rear-mounted), accelerometer, proximity",4280,,,No,,,120.0,,,,,,,,"Black, Green, Blue, Gradient",,,,FM radio
Blackview,Blackview A95,https://www.gsmarena.com/blackview_a95-11572.php,https://fdn2.gsmarena.com/vv/bigpic/blackview-A95.jpg,GSM / HSPA / LTE,No,"2022, January 22","Available. Released 2022, February",163.7 x 75.5 x 8.6 mm (6.44 x 2.97 x 0.34 in),195.0,,,Nano-SIM + Nano-SIM,IPS LCD,,6.53,720x1600,269,83.3,,Android 11,Mediatek MT6771V/CT Helio P70 (12 nm),12,Octa-core (4x2.1 GHz Cortex-A73 & 4x2.0 GHz Cortex-A53),Mali-G72 MP3,8,8,128,128,UFS 2.1,20.0,3,1.8,No,,No,"LED flash, HDR","1080p@30fps, HDR",8.0,No,,1080p@30fps,"Wi-Fi 802.11 b/g/n/ac, dual-band",No,4.2,Type-C,No,"GPS, GLONASS, GALILEO, BDS","Fingerprint (side-mounted), accelerometer, proximity",4380,18,,No,,,190.0,,,,,,,,"Black, Gold, Blue",,,,FM radio
Blackview,Blackview BV6600 Pro,https://www.gsmarena.com/blackview_bv6600_pro-11560.php,https://fdn2.gsmarena.com/vv/bigpic/blackview-BV6600pro-b.jpg,GSM / CDMA / HSPA / CDMA2000 / LTE,No,"2021, September 28","Available. Released 2021, October",159 x 79.4 x 18 mm (6.26 x 3.13 x 0.71 in),325.0,,IP68,Nano-SIM + Nano-SIM,IPS LCD,,5.7,720x1440,282,66.4,Dragontrail Glass,Android 11,Mediatek MT6765V/CA Helio P35 (12 nm),12,Octa-core (4x2.35 GHz Cortex-A53 & 4x1.8 GHz Cortex-A53),PowerVR GE8320,4,4,64,64,eMMC,16.0,3,2.0,No,,No,"Thermal imaging, LED flash",1080p@30fps,8.0,No,,1080p@30fps,Wi-Fi 802.11 a/b/g/n/ac,Yes,5.0,Type-C,No,"GPS, GLONASS, GALILEO, BDS","Fingerprint (side-mounted), accelerometer, gyro, proximity, compass",8580,18,,No,,,260.0,,,,,,,,"Black, Orange, Green",,,,FM radio
Blackview,Blackview BV6600E,https://www.gsmarena.com/blackview_bv6600e-11561.php,https://fdn2.gsmarena.com/vv/bigpic/blackview-BV6600E-b.jpg,GSM / HSPA / LTE,No,"2021, September","Available. Released 2021, October",159 x 79.4 x 18 mm (6.26 x 3.13 x 0.71 in),325.0,,IP68,Nano-SIM + Nano-SIM,IPS LCD,,5.7,720x1440,282,66.4,Dragontrail Glass,Android 11,Unisoc SC9863A (28 nm),28,Octa-core (4x1.6 GHz Cortex-A55 & 4x1.2 GHz Cortex-A55),IMG8322,4,4,32,32,eMMC,13.0,1,2.2,No,,No,"LED flash, HDR",1080p@30fps,5.0,No,,Yes,Wi-Fi 802.11 b/g/n,No,4.2,Type-C,No,"GPS, GLONASS, BDS","Fingerprint (side-mounted), accelerometer, gyro, proximity, compass",8580,10,,No,,,150.0,,,,,,,,"Black, Orange, Green",,,,FM radio
Blackview,Blackview BV4900s,https://www.gsmarena.com/blackview_bv4900s-11568.php,https://fdn2.gsmarena.com/vv/bigpic/blackview-BV4900s-b.jpg,GSM / HSPA / LTE,No,"2021, October 02","Available. Released 2021, October",157.5 x 78.1 x 13.7 mm (6.20 x 3.07 x 0.54 in),261.0,,IP68,Nano-SIM + Nano-SIM,IPS LCD,,5.7,720x1440,282,68.2,Dragontrail Glass,Android 11 (Go edition),Unisoc SC9863A (28 nm),28,Octa-core (4x1.6 GHz Cortex-A55 & 4x1.2 GHz Cortex-A55),IMG8322,2,2,32,32,eMMC,8.0,1,2.4,No,,No,LED flash,1080p@30fps,5.0,No,,Yes,Wi-Fi 802.11 b/g/n,No,4.2,Micro-USB,Yes,"GPS, GLONASS, BDS","Fingerprint (side-mounted), accelerometer, gyro, proximity, compass",5580,,,No,,,120.0,,,,,,,,"Black, Orange, Green, Yellow",,,,FM radio
Blackview,Blackview Tab 11,https://www.gsmarena.com/blackview_tab_11-11590.php,https://fdn2.gsmarena.com/vv/bigpic/blackview-TAB11.jpg,GSM / HSPA / LTE,No,"2021, November 15","Available. Released 2021, November",247 x 156.7 x 8.1 mm (9.72 x 6.17 x 0.32 in),460.0,,,Nano-SIM + Nano-SIM,IPS LCD,,10.36,1200x2000,225,78.9,Asahi Glass,Android 11,Unisoc Tiger T618 (12 nm),12,Octa-core (2x2.0 GHz Cortex-A75 & 6x1.8 GHz Cortex-A55),Mali G52 MP2,8,8,128,128,eMMC 5.1,13.0,2,2.0,No,,No,LED flash,720p,8.0,No,,720p,Wi-Fi 802.11 a/b/g/n/ac,No,5.0,Type-C,Yes,"GPS, GLONASS, BDS","Accelerometer, proximity",6580,10,,No,,,210.0,,,,,,,,"Gray, Green, Silver",,,,FM radio
Blackview,Blackview Tab 6,https://www.gsmarena.com/blackview_tab_6-11596.php,https://fdn2.gsmarena.com/vv/bigpic/blackview-TAB6.jpg,GSM / HSPA / LTE,No,"2021, November 15","Available. Released 2021, November",207.6 x 124 x 9.5 mm (8.17 x 4.88 x 0.37 in),365.0,,,Nano-SIM + Nano-SIM,IPS LCD,,8.0,800x1280,189,72.1,Innolux Glass,Android 11,Unisoc Tiger T310 (12 nm),12,Quad-core (1x2.0 GHz Cortex-A75 & 3x1.8 GHz Cortex-A55),PowerVR GE8300,3,3,32,32,eMMC,5.0,1,2.2,No,,No,LED flash,Yes,2.0,No,,Yes,"Wi-Fi 802.11 a/b/g/n/ac, dual-band",No,5.0,Type-C,Yes,"GPS, GLONASS, GALILEO, BDS",Accelerometer,5580,,,No,,,120.0,,,,,,,,"Gray, Gold, Blue",,,,FM radio
Blackview,Blackview A90,https://www.gsmarena.com/blackview_a90-11581.php,https://fdn2.gsmarena.com/vv/bigpic/blackview-A90.jpg,GSM / HSPA / LTE,No,"2021, May 04","Available. Released 2021, May",166.3 x 77.6 x 8.8 mm (6.55 x 3.06 x 0.35 in),185.0,,,Nano-SIM + Nano-SIM,IPS LCD,,6.39,720x1560,269,77.7,,Android 11,Mediatek MT6771 Helio P60 (12 nm),12,Octa-core (4x2.0 GHz Cortex-A73 & 4x2.0 GHz Cortex-A53),Mali-G72 MP3,4,4,64,64,eMMC 5.1,12.0,3,1.8,No,,No,"LED flash, HDR","1080p@30fps, HDR",8.0,No,,1080p@30fps,"Wi-Fi 802.11 a/b/g/n/ac, dual-band",Yes,4.2,Type-C,No,"GPS, GLONASS, BDS","Fingerprint (side-mounted), accelerometer, gyro, proximity, compass",4280,10,,No,,,150.0,,,,,,,,"Black, Blue, Orange, Purple",,,,FM radio
Blackview,Blackview Tab 9,https://www.gsmarena.com/blackview_tab_9-11593.php,https://fdn2.gsmarena.com/vv/bigpic/blackview-TAB9.jpg,GSM / CDMA / HSPA / LTE,No,"2021, March 24","Available. Released 2021, April",243.7 x 162.5 x 8.5 mm (9.59 x 6.40 x 0.33 in),570.0,,,Nano-SIM + Nano-SIM,IPS LCD,,10.1,1200x1920,224,74.7,Asahi Glass,Android 10,Unisoc T610 (12 nm),12,Octa-core (2x1.8 GHz Cortex-A75 & 6x1.8 GHz Cortex-A55),Mali-G52 MP2,4,4,64,64,eMMC,13.0,1,2.2,No,,No,LED flash,1080p@30fps,5.0,No,,Yes,"Wi-Fi 802.11 a/b/g/n/ac, dual-band",No,5.0,Type-C,Yes,"GPS, GLONASS, BDS",No,7480,10,,No,,,170.0,,,,,,,,"Gray, Gold",,,,FM radio
Blackview,Blackview BV6600,https://www.gsmarena.com/blackview_bv6600-11562.php,https://fdn2.gsmarena.com/vv/bigpic/blackview-BV6600-b.jpg,GSM / HSPA / LTE,No,"2021, March 05","Available. Released 2021, March",159 x 79.4 x 18 mm (6.26 x 3.13 x 0.71 in),325.0,,IP68,Nano-SIM + Nano-SIM,IPS LCD,,5.7,720x1440,282,66.4,Gorilla Glass 3,Android 10,Mediatek MT6762V/WD Helio A25 (12 nm),12,Octa-core (4x1.8 GHz Cortex-A53 & 4x1.5 GHz Cortex-A53),PowerVR GE8320,4,4,64,64,eMMC,16.0,1,2.0,No,,No,"LED flash, HDR",1080p@30fps,8.0,No,,1080p@30fps,Wi-Fi 802.11 a/b/g/n/ac,Yes,5.0,Type-C,No,"GPS, GLONASS, GALILEO, BDS","Fingerprint (side-mounted), accelerometer, gyro, proximity, compass",8580,18,,No,,,160.0,,,,,,,,"Black, Orange, Green",,,,FM radio
Blackview,Blackview A100,https://www.gsmarena.com/blackview_a100-11571.php,https://fdn2.gsmarena.com/vv/bigpic/blackview-A100.jpg,GSM / CDMA / HSPA / CDMA2000 / LTE,No,"2021, June 21","Available. Released 2021, June",166.3 x 77.6 x 8.8 mm (6.55 x 3.06 x 0.35 in),195.0,,,Nano-SIM + Nano-SIM,IPS LCD,,6.67,1080x2400,395,83.2,,Android 11,Mediatek MT6771T Helio P70 (12 nm),12,Octa-core (4x2.1 GHz Cortex-A73 & 4x2.0 GHz Cortex-A53),Mali-G72 MP3,6,6,128,128,UFS 2.1,12.0,3,1.8,No,,No,LED flash,1080p@30fps,8.0,No,,1080p@30fps,"Wi-Fi 802.11 a/b/g/n/ac, dual-band",Yes,4.2,Type-C,No,"GPS, GLONASS, GALILEO, BDS","Fingerprint (side-mounted), accelerometer, gyro, proximity, compass",4680,18,,No,,,180.0,,,,,,,,"Gray, Blue, Green, Pink",,,,FM radio
Blackview,Blackview Tab 10,https://www.gsmarena.com/blackview_tab_10-11592.php,https://fdn2.gsmarena.com/vv/bigpic/blackview-TAB10.jpg,GSM / HSPA / LTE,No,"2021, June 08","Available. Released 2021, June",243 x 162 x 8.4 mm (9.57 x 6.38 x 0.33 in),523.0,,,Nano-SIM + Nano-SIM,IPS LCD,,10.1,1200x1920,224,75.1,Rainbow Glass,Android 11,Mediatek MTK8768,,Octa-core 2.0 GHz Cortex-A53,PowerVR GE8320,4,4,64,64,eMMC,13.0,1,2.2,No,,No,LED flash,1080p@30fps,8.0,No,,1080p@30fps,"Wi-Fi 802.11 a/b/g/n/ac, dual-band",No,5.0,Type-C,No,"GPS, GLONASS, GALILEO, BDS","Accelerometer, gyro, proximity",7480,18,,No,,,180.0,,,,,,,,"Gray, Gold, Silver",,,,FM radio
Blackview,Blackview BL5000,https://www.gsmarena.com/blackview_bl5000-11557.php,https://fdn2.gsmarena.com/vv/bigpic/blackview-BL5000-b.jpg,GSM / CDMA / HSPA / CDMA2000 / LTE / 5G,Yes,"2021, July 29","Available. Released 2021, August",164 x 80.4 x 12.8 mm (6.46 x 3.17 x 0.50 in),273.0,,IP68,Nano-SIM + Nano-SIM,IPS LCD,,6.36,1080x2300,400,76.1,Gorilla Glass 5,Android 11,Mediatek Dimensity 700 (7 nm),7,Octa-core (2x2.2 GHz Cortex-A76 & 6x2.0 GHz Cortex-A55),Mali-G57 MC2,8,8,128,128,UFS 2.2,12.0,2,1.8,No,,No,"LED flash, HDR, panorama",1440p@30fps,16.0,No,,1080p@30fps,Wi-Fi 802.11 a/b/g/n/ac,Yes,5.2,Type-C,No,"GPS, GLONASS, GALILEO, BDS","Fingerprint (side-mounted), accelerometer, gyro, proximity, compass, barometer",4980,30,,No,,,260.0,,,,,,,,"Black, Orange, Green",,,,FM radio
Blackview,Blackview A70,https://www.gsmarena.com/blackview_a70-11585.php,https://fdn2.gsmarena.com/vv/bigpic/blackview-A70.jpg,GSM / HSPA / LTE,No,"2021, January 26","Available. Released 2021, February",165.3 x 77.5 x 8.3 mm (6.51 x 3.05 x 0.33 in),205.0,,,Nano-SIM + Nano-SIM,IPS LCD,,6.52,720x1600,269,80.1,,Android 11,Unisoc SC9863A (28 nm),28,Octa-core (4x1.6 GHz Cortex-A55 & 4x1.2 GHz Cortex-A55),IMG8322,3,3,32,32,eMMC,13.0,3,2.2,No,,No,LED flash,1080p@30fps,5.0,No,,Yes,Wi-Fi 802.11 b/g/n,No,4.2,Micro-USB,Yes,"GPS, GLONASS, BDS","Fingerprint (rear-mounted), accelerometer, proximity",5380,10,,No,,,120.0,,,,,,,,"Black, Blue, Red, Green",,,,FM radio
Blackview,Blackview A80s,https://www.gsmarena.com/blackview_a80s-11582.php,https://fdn2.gsmarena.com/vv/bigpic/blackview-A80s.jpg,GSM / HSPA / LTE,No,"2021, January 12","Available. Released 2021, January",157.6 x 76.3 x 8.8 mm (6.20 x 3.00 x 0.35 in),180.0,,,Nano-SIM + Nano-SIM,IPS LCD,,6.22,720x1520,270,80.3,,Android 10,Mediatek MT6762V/WD Helio A25 (12 nm),12,Octa-core (4x1.8 GHz Cortex-A53 & 4x1.5 GHz Cortex-A53),PowerVR GE8320,4,4,64,64,eMMC 5.1,13.0,4,2.2,No,,No,"LED flash, HDR",1080p@30fps,5.0,No,,Yes,"Wi-Fi 802.11 a/b/g/n/ac, dual-band",Yes,4.2,Micro-USB,Yes,"GPS, GLONASS, BDS","Fingerprint (rear-mounted), accelerometer, proximity",4200,,,No,,,130.0,,,,,,,,"Black, Blue, Red",,,,FM radio
Blackview,Blackview Tab 8E,https://www.gsmarena.com/blackview_tab_8e-11594.php,https://fdn2.gsmarena.com/vv/bigpic/blackview-TAB8E.jpg,No cellular connectivity,No,"2021, January 06","Available. Released 2021, January",243.6 x 162.4 x 8.9 mm (9.59 x 6.39 x 0.35 in),600.0,,,No,IPS LCD,,10.1,1200x1920,224,74.8,Asahi Glass,Android 10,Unisoc SC9863A (28 nm),28,Octa-core (4x1.6 GHz Cortex-A55 & 4x1.2 GHz Cortex-A55),IMG8322,3,3,32,32,eMMC,13.0,1,2.2,No,,No,LED flash,1080p@30fps,5.0,No,,Yes,Wi-Fi 802.11 b/g/n/ac,No,5.0,Type-C,Yes,"GPS, GLONASS, GALILEO, BDS",Accelerometer,6580,10,,No,,,140.0,,,,,,,,"Gray, Gold",,,,FM radio
Blackview,Blackview BV8800,https://www.gsmarena.com/blackview_bv8800-11405.php,https://fdn2.gsmarena.com/vv/bigpic/blackview-bv8800.jpg,GSM / CDMA / HSPA / CDMA2000 / LTE,No,"2021, December 24","Available. Released 2022, January 10",176.2 x 83.5 x 17.7 mm (6.94 x 3.29 x 0.70 in),367.0,,IP68,Nano-SIM + Nano-SIM,"IPS LCD, 90Hz, 480 nits",90,6.58,1080x2408,401,70.9,,"Android 11, Doke-OS 3.0",Mediatek MT6781 Helio G96 (12 nm),12,Octa-core (2x2.05 GHz Cortex-A76 & 6x2.0 GHz Cortex-A55),Mali-G57 MC2,8,8,128,128,UFS 2.1,50.0,4,1.8,No,,No,"Dual-LED flash, HDR, panorama",1440p@30fps,16.0,No,,1080p@30fps,Wi-Fi 802.11 a/b/g/n/ac,Yes,5.2,Type-C,No,"GPS, GLONASS, GALILEO, BDS","Fingerprint (side-mounted), accelerometer, gyro, proximity, compass, barometer",8380,33,,No,,,350.0,,,254849,1752,,501,-29.3,"Black, Orange, Green",,,,FM radio
Blackview,Blackview A70 Pro,https://www.gsmarena.com/blackview_a70_pro-11584.php,https://fdn2.gsmarena.com/vv/bigpic/blackview-A70pro.jpg,GSM / HSPA / LTE,No,"2021, December 24","Available. Released 2021, December",165.2 x 77 x 9.6 mm (6.50 x 3.03 x 0.38 in),205.0,,,Nano-SIM + Nano-SIM,IPS LCD,,6.52,720x1600,269,80.7,Panda Glass,Android 11,Unisoc Tiger T310 (12 nm),12,Quad-core (1x2.0 GHz Cortex-A75 & 3x1.8 GHz Cortex-A55),PowerVR GE8300,4,4,32,32,eMMC,13.0,3,2.2,No,,No,LED flash,1080p@30fps,5.0,No,,Yes,"Wi-Fi 802.11 a/b/g/n/ac, dual-band",No,5.0,Micro-USB,Yes,"GPS, GLONASS, BDS","Fingerprint (rear-mounted), accelerometer, proximity",5380,,,No,,,120.0,,,,,,,,"Black, Blue, Red, Green",,,,FM radio
Blackview,Blackview Tab 10 Pro,https://www.gsmarena.com/blackview_tab_10_pro-11591.php,https://fdn2.gsmarena.com/vv/bigpic/blackview-TAB10pro.jpg,GSM / HSPA / LTE,No,"2021, December 16","Available. Released 2021, December",243 x 162 x 8.8 mm (9.57 x 6.38 x 0.35 in),588.0,,,Nano-SIM + Nano-SIM,IPS LCD,,10.1,1200x1920,224,75.1,Asahi Glass,Android 11,Mediatek MT8788V,,Octa-core (4x2.0 GHz Cortex-A73 & 4x2.0 GHz Cortex-A53),Mali-G72 MP3,8,8,128,128,UFS,13.0,1,2.2,No,,No,LED flash,1080p@30fps,8.0,No,,1080p@30fps,"Wi-Fi 802.11 a/b/g/n/ac, dual-band",No,5.0,Type-C,No,"GPS, GLONASS, BDS","Accelerometer, gyro, proximity, compass",6580,30,,No,,,220.0,,,,,,,,"Gray, Gold, Silver",,,,FM radio
Blackview,Blackview A55,https://www.gsmarena.com/blackview_a55-11587.php,https://fdn2.gsmarena.com/vv/bigpic/blackview-A55.jpg,GSM / HSPA / LTE,No,"2021, December 06","Available. Released 2021, December",164.5 x 76.7 x 9.1 mm (6.48 x 3.02 x 0.36 in),196.0,,,Nano-SIM + Nano-SIM,IPS LCD,,6.53,720x1600,269,81.6,,Android 11,Mediatek MT6761V Helio A22 (12 nm),12,Quad-core 2.0 GHz Cortex-A53,PowerVR GE8300,3,3,16,16,eMMC,8.0,3,2.2,No,,No,LED flash,1080p@30fps,5.0,No,,Yes,"Wi-Fi 802.11 a/b/g/n/ac, dual-band",No,4.1,Micro-USB,Yes,"GPS, GLONASS, BDS","Fingerprint (rear-mounted), accelerometer, proximity",4780,,,No,,,100.0,,,,,,,,"Gray, Green, Blue, Gradient",,,,FM radio
Blackview,Blackview BV9900E,https://www.gsmarena.com/blackview_bv9900e-11558.php,https://fdn2.gsmarena.com/vv/bigpic/blackview-BV9900E-b.jpg,GSM / CDMA / HSPA / CDMA2000 / LTE,No,"2020, September 10. Released 2020, September",Discontinued,156.5 x 78.3 x 14.2 mm (6.16 x 3.08 x 0.56 in),273.0,,IP68,Nano-SIM + Nano-SIM,IPS LCD,,5.84,1080x2280,432,69.5,Gorilla Glass 5,Android 10,Mediatek MT6779V/CE Helio P90 (12 nm),12,Octa-core (2x2.2 GHz Cortex-A75 & 6x2.0 GHz Cortex-A55),PowerVR GM9446,6,6,128,128,UFS 2.1,48.0,4,1.8,No,,Yes,"LED flash, HDR, panorama","4K@30fps, 1080p@60fps",16.0,No,,1080p@30fps,Wi-Fi 802.11 a/b/g/n/ac,Yes,5.0,Type-C,No,"GPS, GLONASS, GALILEO, BDS","Fingerprint (side-mounted), accelerometer, gyro, proximity, compass, barometer",4380,15,18,No,,,260.0,,,,,,,,"Black, Silver",,,,FM radio
Blackview,Blackview BV4900 Pro,https://www.gsmarena.com/blackview_bv4900_pro-11570.php,https://fdn2.gsmarena.com/vv/bigpic/blackview-BV4900Pro-b.jpg,GSM / HSPA / LTE,No,"2020, October 18. Released 2020, November",Discontinued,157.5 x 78.1 x 13.7 mm (6.20 x 3.07 x 0.54 in),261.0,,IP68,Nano-SIM + Nano-SIM,IPS LCD,,5.7,720x1440,282,68.2,Dragontrail Glass,Android 10,Mediatek MT6762V/WD Helio P22 (12 nm),12,Octa-core 2.0 GHz Cortex-A53,PowerVR GE8320,4,4,64,64,eMMC,13.0,1,2.2,No,,No,LED flash,1080p@30fps,5.0,No,,Yes,"Wi-Fi 802.11 a/b/g/n/ac, dual-band",Yes,5.0,Micro-USB,Yes,"GPS, GLONASS, GALILEO, BDS","Fingerprint (side-mounted), accelerometer, gyro, proximity, compass",5580,,,No,,,140.0,,,,,,,,"Black, Orange, Green, Yellow",,,,FM radio
Blackview,Blackview BL6000 Pro,https://www.gsmarena.com/blackview_bl6000_pro-11556.php,https://fdn2.gsmarena.com/vv/bigpic/blackview-BL6000Pro-b.jpg,GSM / CDMA / HSPA / CDMA2000 / LTE / 5G,Yes,"2020, November 17. Released 2020, November",Discontinued,166.7 x 81.3 x 12.8 mm (6.56 x 3.20 x 0.50 in),273.0,,IP68,Nano-SIM + Nano-SIM,IPS LCD,,6.36,1080x2300,400,74.1,Gorilla Glass 3,"Android 10, upgradable to Android 11",Mediatek Dimensity 800 (7 nm),7,Octa-core (4x2.0 GHz Cortex-A76 & 4x2.0 GHz Cortex-A55),Mali-G57 MP4,8,8,258,258,UFS 2.1,48.0,3,,No,,Yes,"LED flash, HDR, panorama",4K@30fps,16.0,No,,1080p@30fps,Wi-Fi 802.11 a/b/g/n/ac,Yes,5.1,Type-C,No,"GPS, GLONASS, GALILEO, BDS, QZSS","Fingerprint (side-mounted), accelerometer, gyro, proximity, compass, barometer",5280,18,,No,,,380.0,,,,,,,,"Black, Gray, Silver",,,,FM radio
Blackview,Blackview BV5100,https://www.gsmarena.com/blackview_bv5100-11567.php,https://fdn2.gsmarena.com/vv/bigpic/blackview-BV5100-b.jpg,GSM / HSPA / LTE,No,"2020, November 13. Released 2020, November",Discontinued,159.4 x 77.7 x 13.7 mm (6.28 x 3.06 x 0.54 in),275.0,,IP68,Nano-SIM + Nano-SIM,IPS LCD,,5.7,720x1440,282,67.7,Gorilla Glass 3,Android 10,Mediatek MT6762V/WD Helio P22 (12 nm),12,Octa-core (4x1.8 GHz Cortex-A53 & 4x1.5 GHz Cortex-A53),PowerVR GE8320,4,4,64,64,eMMC,16.0,3,2.0,No,,No,"LED flash, HDR",1080p@30fps,13.0,No,,1080p@30fps,Wi-Fi 802.11 a/b/g/n,Yes,5.0,Type-C,No,"GPS, GLONASS, GALILEO, BDS","Fingerprint (side-mounted), accelerometer, gyro, proximity, compass",5580,18,,No,,,180.0,,,,,,,,"Black, Orange, Green, Yellow",,,,FM radio
Blackview,Blackview Tab 8,https://www.gsmarena.com/blackview_tab_8-11595.php,https://fdn2.gsmarena.com/vv/bigpic/blackview-TAB8.jpg,GSM / HSPA / LTE,No,"2020, July 21. Released 2020, July",Discontinued,243.6 x 162.4 x 8.9 mm (9.59 x 6.39 x 0.35 in),600.0,,,Nano-SIM + Nano-SIM,IPS LCD,,10.1,1200x1920,224,74.8,Asahi Glass,Android 10,Unisoc SC9863A (28 nm),28,Octa-core (4x1.6 GHz Cortex-A55 & 4x1.2 GHz Cortex-A55),IMG8322,4,4,64,64,eMMC,13.0,1,2.2,No,,No,LED flash,1080p@30fps,5.0,No,,Yes,Wi-Fi 802.11 b/g/n/ac,No,5.0,Type-C,Yes,"GPS, GLONASS, BDS",Accelerometer,6580,10,,No,,,150.0,,,,,,,,"Gray, Gold",,,,FM radio
Blackview,Blackview BV6300 Pro,https://www.gsmarena.com/blackview_bv6300_pro-11563.php,https://fdn2.gsmarena.com/vv/bigpic/blackview-BV6300pro-b.jpg,GSM / CDMA / HSPA / CDMA2000 / LTE,No,"2020, February 24. Released 2020, May",Discontinued,159.6 x 78.2 x 12.8 mm (6.28 x 3.08 x 0.50 in),230.0,,IP68,Nano-SIM + Nano-SIM,IPS LCD,,5.7,720x1440,282,67.2,Gorilla Glass 3,Android 10,Mediatek MT6771T Helio P70 (12 nm),12,Octa-core (4x2.1 GHz Cortex-A73 & 4x2.0 GHz Cortex-A53),Mali-G72 MP3,6,6,128,128,eMMC,16.0,4,2.0,No,,No,"Dual-LED flash, HDR",1080p@30fps,13.0,No,,1080p@30fps,Wi-Fi 802.11 a/b/g/n,Yes,4.2,Type-C,Yes,"GPS, GLONASS, BDS","Fingerprint (rear-mounted), accelerometer, gyro, proximity, compass",4380,18,10,No,,,200.0,,,,,,,,"Black, Orange, Green, Yellow",,,,FM radio
Blackview,Blackview A80 Plus,https://www.gsmarena.com/blackview_a80_plus-11583.php,https://fdn2.gsmarena.com/vv/bigpic/blackview-A80plus.jpg,GSM / HSPA / LTE,No,"2020, December 10. Released 2020, December",Discontinued,162.8 x 77.8 x 8.8 mm (6.41 x 3.06 x 0.35 in),180.0,,,Nano-SIM + Nano-SIM,IPS LCD,,6.49,720x1560,265,81.6,,Android 10,Mediatek MT6762V/WD Helio A25 (12 nm),12,Octa-core (4x1.8 GHz Cortex-A53 & 4x1.5 GHz Cortex-A53),PowerVR GE8320,4,4,64,64,eMMC,13.0,4,2.0,No,,No,"LED flash, HDR",1080p@30fps,8.0,No,,1080p@30fps,Wi-Fi 802.11 b/g/n/ac,Yes,4.2,Type-C,Yes,"GPS, GLONASS, BDS","Fingerprint (rear-mounted), accelerometer, proximity",4680,10,,No,,,130.0,,,,,,,,"Black, Blue, Red",,,,FM radio
Blackview,Blackview BV4900,https://www.gsmarena.com/blackview_bv4900-11569.php,https://fdn2.gsmarena.com/vv/bigpic/blackview-BV4900-b.jpg,GSM / HSPA / LTE,No,"2020, August 18. Released 2020, August",Discontinued,157.5 x 78.1 x 13.7 mm (6.20 x 3.07 x 0.54 in),261.0,,IP68,Nano-SIM + Nano-SIM,IPS LCD,,5.7,720x1440,282,68.2,Dragontrail Glass,Android 10,Mediatek MT6761V/WE Helio A22 (12 nm),12,Quad-core 2.0 GHz Cortex-A53,PowerVR GE8320,3,3,32,32,eMMC,8.0,1,2.4,No,,No,LED flash,1080p@30fps,5.0,No,,Yes,"Wi-Fi 802.11 a/b/g/n/ac, dual-band",Yes,5.0,Micro-USB,Yes,"GPS, GLONASS, GALILEO, BDS","Fingerprint (side-mounted), accelerometer, gyro, proximity, compass",5580,,,No,,,130.0,,,,,,,,"Black, Orange, Green, Yellow",,,,FM radio
Blackview,Blackview BV9800 Pro,https://www.gsmarena.com/blackview_bv9800_pro-11559.php,https://fdn2.gsmarena.com/vv/bigpic/blackview-BV9800pro-b.jpg,GSM / CDMA / HSPA / CDMA2000 / LTE,No,"2019, October 28. Released 2019, November",Discontinued,168.5 x 81 x 14.8 mm (6.63 x 3.19 x 0.58 in),322.0,,IP68,Nano-SIM + Nano-SIM,IPS LCD,,6.3,1080x2340,409,71.4,,Android 9.0 (Pie),Mediatek MT6771V/CT Helio P70 (12 nm),12,Octa-core (4x2.1 GHz Cortex-A73 & 4x2.0 GHz Cortex-A53),Mali-G72 MP3,6,6,128,128,eMMC,48.0,3,,No,,No,"Thermal imaging, LED flash",1080p@30fps,16.0,No,,1080p@30fps,Wi-Fi 802.11 a/b/g/n/ac,Yes,4.1,Type-C,Yes,"GPS, GLONASS, GALILEO","Fingerprint (side-mounted), accelerometer, gyro, proximity, compass, barometer",6580,18,,No,,,340.0,,,,,,,,"Black, Orange",,,,FM radio
Blackview,Blackview BV5900,https://www.gsmarena.com/blackview_bv5900-11566.php,https://fdn2.gsmarena.com/vv/bigpic/blackview-BV5900-b.jpg,GSM / HSPA / LTE,No,"2019, August 14. Released 2019, August",Discontinued,159 x 80 x 15 mm (6.26 x 3.15 x 0.59 in),268.0,,IP68,Nano-SIM + Nano-SIM,IPS LCD,,5.7,720x1520,295,63.8,,Android 9.0 (Pie),Mediatek MT6761 Helio A22 (12 nm),12,Quad-core 2.0 GHz Cortex-A53,PowerVR GE8320,3,3,32,32,eMMC,13.0,2,2.2,No,,No,LED flash,1080p@30fps,5.0,No,,Yes,Wi-Fi 802.11 a/b/g/n,Yes,4.2,Type-C,Yes,"GPS, GLONASS, GALILEO, BDS","Fingerprint (side-mounted), accelerometer, gyro, proximity, compass",5580,10,,No,,,80.0,,,,,,,,"Black, Orange, Green",,,,FM radio
Blackview,Blackview S6,https://www.gsmarena.com/blackview_s6-9040.php,https://fdn2.gsmarena.com/vv/bigpic/blackview-s6.jpg,GSM / HSPA / LTE,No,"2018, January. Released 2018, January",Discontinued,155 x 73.4 x 9.7 mm (6.10 x 2.89 x 0.38 in),,,,Nano-SIM + Nano-SIM,IPS LCD,,5.7,720x1440,282,73.7,,Android 7.0 (Nougat),Mediatek MT6737VWH,,Quad-core 1.3 GHz Cortex-A53,Mali-T720MP1,2,2,16,16,eMMC 5.0,8.0,2,,No,,No,Dual-LED dual-tone flash,1080p@30fps,5.0,No,,,Wi-Fi 802.11 b/g/n,No,4.1,Type-C,Yes,GPS,"Fingerprint (rear-mounted), accelerometer, gyro, proximity",4180,,,No,,,100.0,,,,,,,,"Black, Gold, Silver",,,,No
Blackview,Blackview S8,https://www.gsmarena.com/blackview_s8-9039.php,https://fdn2.gsmarena.com/vv/bigpic/blackview-s8.jpg,GSM / HSPA / LTE,No,"2017, September. Released 2017, October",Discontinued,154 x 71.9 x 8.5 mm (6.06 x 2.83 x 0.33 in),190.0,Glass,,Nano-SIM + Micro-SIM,IPS LCD,,5.7,720x1440,282,75.7,,Android 7.0 (Nougat),Mediatek MT6750T (28 nm),28,Octa-core (4x1.5 GHz Cortex-A53 & 4x1.0 GHz Cortex-A53),Mali-T860MP2,4,4,64,64,eMMC 5.1,13.0,2,2.0,No,,No,"Dual-LED dual-tone flash, HDR, panorama",1080p@30fps,13.0,No,LED flash,,Wi-Fi 802.11 b/g/n,No,4.0,Type-C,Yes,GPS,"Fingerprint (rear-mounted), accelerometer, gyro, proximity, compass",3180,10,,No,,,170.0,,,,,,,,"Black, Gold, Blue",,,,No
Blackview,Blackview P6000,https://www.gsmarena.com/blackview_p6000-9042.php,https://fdn2.gsmarena.com/vv/bigpic/blackview-p6000.jpg,GSM / HSPA / LTE,No,2017. Released 2017,Discontinued,154.5 x 76.5 x 10.2 mm (6.08 x 3.01 x 0.40 in),230.0,,,Nano-SIM + Nano-SIM,IPS LCD,,5.5,1080x1920,401,70.6,,Android 7.1.1 (Nougat),Mediatek MT6757CD Helio P25 (16 nm),16,Octa-core (4x2.5 GHz Cortex-A53 & 4x1.4 GHz Cortex-A53),Mali-T880MP2,6,6,64,64,,21.0,2,2.0,No,,No,"Dual-LED flash, HDR, panorama",1080p@30fps,8.0,No,,,Wi-Fi 802.11 b/g/n,No,4.1,Type-C,Yes,"GPS, GLONASS","Fingerprint (rear-mounted), accelerometer, proximity, compass",6180,10,,No,,,250.0,,,,,,,,"Black, Blue",,,,No
Blackview,Blackview A10,https://www.gsmarena.com/blackview_a10-9043.php,https://fdn2.gsmarena.com/vv/bigpic/blackview-a10.jpg,GSM / HSPA,No,2017. Released 2017,Discontinued,143.2 x 70.3 x 8.8 mm (5.64 x 2.77 x 0.35 in),169.0,,,Nano-SIM + Micro-SIM,IPS LCD,,5.0,720x1280,294,68.5,,Android 7.0 (Nougat),Mediatek MT6580A (28 nm),28,Quad-core 1.3 GHz Cortex-A7,Mali-400MP2,2,2,16,16,,8.0,2,,No,,No,LED flash,1080p@30fps,5.0,No,,,Wi-Fi 802.11 b/g/n,No,4.0,Micro-USB,Yes,GPS,"Fingerprint (rear-mounted), accelerometer",2800,,,No,,,70.0,,,,,,,,"Olive Black, Lily White, Barley Golden, Coral Blue",,,,No
Blackview,Blackview A7 Pro,https://www.gsmarena.com/blackview_a7_pro-9044.php,https://fdn2.gsmarena.com/vv/bigpic/blackview-a7-pro.jpg,GSM / HSPA / LTE,No,2017. Released 2017,Discontinued,143 x 71 x 9.5 mm (5.63 x 2.80 x 0.37 in),176.0,,,Dual SIM,IPS LCD,,5.0,720x1280,294,67.9,,Android 7.0 (Nougat),Mediatek MT6737 (28 nm),28,Quad-core 1.3 GHz Cortex-A53,Mali-T720,2,2,16,16,eMMC 5.0,8.0,2,,No,,No,LED flash,1080p@30fps,5.0,No,,,Wi-Fi 802.11 b/g/n,No,4.0,Micro-USB,Yes,GPS,"Fingerprint (rear-mounted), accelerometer",2800,,,No,,,80.0,,,,,,,,"Champagne Gold, Chocolate Black, Cream White, Jelly Blue",,,,No
Blackview,Blackview A7,https://www.gsmarena.com/blackview_a7-9045.php,https://fdn2.gsmarena.com/vv/bigpic/blackview-a7.jpg,GSM / HSPA,No,2017. Released 2017,Discontinued,143 x 71 x 9.5 mm (5.63 x 2.80 x 0.37 in),176.0,,,Dual SIM,IPS LCD,,5.0,720x1280,294,67.9,,Android 7.0 (Nougat),Mediatek MT6580A (28 nm),28,Quad-core 1.3 GHz Cortex-A7,Mali-400MP2,1,1,8,8,,5.0,2,,No,,No,LED flash,1080p@30fps,2.0,No,,,Wi-Fi 802.11 b/g/n,No,4.0,Micro-USB,Yes,GPS,Accelerometer,2800,,,No,,,60.0,,,,,,,,"Champagne Gold, Chocolate Black, Cream White, Jelly Blue",,,,No
Sagem,Sagem Puma Phone,https://www.gsmarena.com/sagem_puma_phone-3140.php,https://fdn2.gsmarena.com/vv/bigpic/sagem-puma-phone.jpg,GSM / HSPA,No,"2010, February. Released 2010, August",Discontinued,102 x 56 x 13 mm (4.02 x 2.20 x 0.51 in),115.0,,,Mini-SIM,"TFT resistive touchscreen, 256K colors",,2.8,240x320,143,42.5,,,,,,,,,,,,3.15,1,,No,,No,LED flash,Yes,,No,,,No,,2.1,2.0,Yes,"GPS, A-GPS","Accelerometer, compass",880,,,No,,,400.0,,,,,,,,Black,,,,"Stereo FM radio, RDS"
Sagem,Sagem my421z,https://www.gsmarena.com/sagem_my421z-2563.php,https://fdn2.gsmarena.com/vv/bigpic/sagem-my421z.jpg,GSM,No,"2008, September. Released 2008, October",Discontinued,97 x 46 x 14 mm (3.82 x 1.81 x 0.55 in),95.0,,,Mini-SIM,"TFT, 256K colors",,2.0,176x220,141,28.2,,,,,,,,,,,,1.3,1,,No,,No,,Yes,,No,,,No,,,Proprietary,No,No,,,,,No,,,,,,,,,,,"Black, Silver, Pink",,,,No
Sagem,Sagem Roland Garros,https://www.gsmarena.com/sagem_roland_garros-2329.php,https://fdn2.gsmarena.com/vv/bigpic/sagem-rg.jpg,GSM,No,"2008, February. Released 2008, April",Discontinued,106.9 x 46.3 x 10.9 mm (4.21 x 1.82 x 0.43 in),81.0,,,Mini-SIM,"TFT, 65K colors",,,120x160,,,,,,,,,,,,,,1.3,1,,No,,No,,No,,No,,,No,,,Proprietary,No,No,,,,,No,,,,,,,,,,,Black,,,,No
Sagem,Sagem myMobileTV 2,https://www.gsmarena.com/sagem_mymobiletv_2-2328.php,https://fdn2.gsmarena.com/vv/bigpic/mymobile-tv.jpg,GSM,No,"2008, February. Released 2008, April",Discontinued,-,,,,Mini-SIM,"TFT, 256K colors",,,240x320,,,,,,,,,,,,,,2.0,1,,No,,No,,Yes,,No,,,No,,1.1,Proprietary,No,No,,,,,No,,,,,,,,,,,Black,,,,No
Sagem,Sagem my411C Oxbow,https://www.gsmarena.com/sagem_my411c_oxbow-2514.php,https://fdn2.gsmarena.com/vv/bigpic/sagem-my411c-oxbow.jpg,GSM,No,"2008, February. Released 2008",Discontinued,91 x 46 x 16.5 mm (3.58 x 1.81 x 0.65 in),87.0,,,Mini-SIM,"CSTN, 65K colors",,,128x160,,,,,,,,,,,,,,,1,,No,,No,,Yes,,No,,,No,,,Proprietary,No,No,,,,,No,,,,,,,,,,,,,,,No
Sagem,Sagem my855c,https://www.gsmarena.com/sagem_my855c-2304.php,https://fdn2.gsmarena.com/vv/bigpic/sagem-my855c.jpg,GSM / HSPA,No,"2008, February. Released 2008",Discontinued,96 x 49 x 16 mm (3.78 x 1.93 x 0.63 in),95.0,,,Mini-SIM,"TFT, 256K colors",,2.0,320x240,200,26.3,,,,,,,,,,,,2.0,1,,No,,No,,Yes,,No,,,No,,2.0,Proprietary,No,No,,,,,No,,,,,,,,,,,,,,,No
Sagem,Sagem my810x,https://www.gsmarena.com/sagem_my810x-2512.php,https://fdn2.gsmarena.com/vv/bigpic/sagem-my810x.jpg,GSM / UMTS,No,"2007, October",Cancelled,104 x 48 x 16 mm (4.09 x 1.89 x 0.63 in),105.0,,,Mini-SIM,"TFT, 256K colors",,,176x220,,,,,,,,,,,,,,1.3,1,,No,,No,,Yes,,No,,,No,,1.2,1.1,No,No,,,,,No,,,,,,,,,,,Black,,,,No
Sagem,Sagem my750x,https://www.gsmarena.com/sagem_my750x-2303.php,https://fdn2.gsmarena.com/vv/bigpic/sagem-my750x.jpg,GSM / HSPA,No,"2008, February. Released 2008",Discontinued,108 x 48 x 11 mm (4.25 x 1.89 x 0.43 in),95.0,,,Mini-SIM,"TFT, 256K colors",,2.4,320x240,167,34.4,,,,,,,,,,,,3.15,1,,No,,No,LED flash,Yes,,No,,,No,,,Proprietary,No,No,,,,,No,,,,,,,,,,,"Violet, Green, Red, Blue, Orange",,,,"Stereo FM radio, RDS"
Sagem,Sagem my721x,https://www.gsmarena.com/sagem_my721x-2302.php,https://fdn2.gsmarena.com/vv/bigpic/sagem-my721x.jpg,GSM,No,"2008, February. Released 2008, May",Discontinued,112 x 48 x 9.8 mm (4.41 x 1.89 x 0.39 in),90.0,,,Mini-SIM,"TFT, 256K colors",,2.0,176x220,141,23.4,,,,,,,,,,,,3.15,1,,No,,No,,Yes,,No,,,No,,,Proprietary,No,No,,,,,No,,,,,,,,,,,"Black, Silver",,,,"Stereo FM radio, RDS"
Sagem,Sagem my721z,https://www.gsmarena.com/sagem_my721z-2301.php,https://fdn2.gsmarena.com/vv/bigpic/sagem-my721z.jpg,GSM,No,"2008, February. Released 2008",Discontinued,106 x 52 x 12 mm (4.17 x 2.05 x 0.47 in),125.0,,,Mini-SIM,"TFT, 256K colors",,2.2,176x220,128,27.6,,,,,,,,,,,,3.15,1,,No,,No,,Yes,,No,,,No,,,Proprietary,No,No,,,,,No,,,,,,,,,,,Silver,,,,"Stereo FM radio, RDS"
Sagem,Sagem my521x,https://www.gsmarena.com/sagem_my521x-2300.php,https://fdn2.gsmarena.com/vv/bigpic/sagem-my521x.jpg,GSM,No,"2008, July",Discontinued,107 x 46 x 10 mm (4.21 x 1.81 x 0.39 in),90.0,,,Mini-SIM,"TFT, 65K colors",,1.9,128x160,108,23.1,,,,,,,,,,,,1.3,1,,No,,No,,Yes,,No,,,No,,,Proprietary,No,No,,,,,No,,,,,,,,,,,"Black,Silver",,,,No
Sagem,Sagem my421x,https://www.gsmarena.com/sagem_my421x-2298.php,https://fdn2.gsmarena.com/vv/bigpic/sagem-my421x.jpg,GSM,No,"2008, February. Released 2008",Discontinued,107 x 47 x 10 mm (4.21 x 1.85 x 0.39 in),81.0,,,Mini-SIM,"CSTN, 65K colors",,1.8,128x160,114,20.3,,,,,,,,,,,,1.3,1,,No,,No,,Yes,,No,,,No,,,Proprietary,No,No,,,,,No,,,,,,,,,,,Black,,,,"Stereo FM radio, RDS"
Sagem,Sagem my429x,https://www.gsmarena.com/sagem_my429x-2297.php,https://fdn2.gsmarena.com/vv/bigpic/sagem-my419x.jpg,GSM,No,"2008, February",Discontinued,106 x 46 x 15 mm (4.17 x 1.81 x 0.59 in),95.0,,,Mini-SIM,"CSTN, 65K colors",,1.8,128x160,114,20.9,,,,,,,,,,,,,1,,No,,No,,Yes,,No,,,Wi-Fi 802.11b/g,,,Proprietary,No,No,,,,,No,,,,,,,,,,,Silver,,,,No
Sagem,Sagem my419x,https://www.gsmarena.com/sagem_my419x-2296.php,https://fdn2.gsmarena.com/vv/bigpic/sagem-my419x-new.jpg,GSM,No,"2008, February",Discontinued,106 x 46 x 15 mm (4.17 x 1.81 x 0.59 in),95.0,,,Mini-SIM,"TFT, 65K colors",,1.8,128x160,114,20.9,,,,,,,,,,,,,1,,No,,No,,Yes,,No,,,Wi-Fi 802.11b/g,,,Proprietary,No,No,,,,,No,,,,,,,,,,,Silver,,,,No
Sagem,Sagem P9522 Porsche,https://www.gsmarena.com/sagem_p9522_porsche-3210.php,https://fdn2.gsmarena.com/vv/bigpic/Sagem-Porsche-P9522.jpg,GSM,No,"2008, October. Released 2008, October",Discontinued,112 x 49 x 12 mm (4.41 x 1.93 x 0.47 in),115.0,,,Mini-SIM,"AMOLED resistive touchscreen, 256K colors",,2.8,240x400,167,40.7,Scratch-resistant glass,,,,,,,,,,,5.0,1,,No,,No,,Yes,,No,,,Wi-Fi 802.11 b/g,,,Proprietary,No,"GPS, A-GPS",Fingerprint (front-mounted),,,,No,,,600.0,,,,,,,,Black,,,,"Stereo FM radio, RDS"
Sagem,Sagem P9521 Porsche,https://www.gsmarena.com/sagem_p9521_porsche-3209.php,https://fdn2.gsmarena.com/vv/bigpic/Sagem-Porsche-P9521.jpg,GSM,No,"2008, October. Released 2008, December",Discontinued,91.5 x 48.3 x 17.8 mm (3.60 x 1.90 x 0.70 in),139.0,,,Mini-SIM,"AMOLED, 256K colors",,2.2,240x320,182,33.9,,,,,,,,,,,,3.15,1,,No,,No,LED flash,Yes,,No,,,No,,1.2,1.1,No,No,Fingerprint (front-mounted),,,,No,,,1200.0,,,,,,,,Black,,,,No
Sagem,Sagem my730c,https://www.gsmarena.com/sagem_my730c-2905.php,https://fdn2.gsmarena.com/vv/bigpic/sagem-my730c.jpg,GSM / UMTS,No,"2008, August. Released 2008, Q4",Discontinued,96 x 49 x 16 mm (3.78 x 1.93 x 0.63 in),95.0,,,Mini-SIM,"TFT, 256K colors",,2.0,240x320,200,26.3,,,,,,,,,,,,2.0,1,,No,,No,,Yes,,No,,,No,,,miniUSB,No,No,,920,,,No,,,,,,,,,,,Black,,,,No
Sagem,Sagem my411c,https://www.gsmarena.com/sagem_my411c-2295.php,https://fdn2.gsmarena.com/vv/bigpic/sagem-my411c.jpg,GSM,No,"2008, February",Discontinued,91 x 46 x 16 mm (3.58 x 1.81 x 0.63 in),87.0,,,Mini-SIM,"CSTN, 65K colors",,1.8,128x160,114,24.4,,,,,,,,,,,,,1,,No,,No,,Yes,,No,,,No,,,Proprietary,No,No,,,,,No,,,,,,,,,,,"Black, Pink",,,,No
Sagem,Sagem my312x,https://www.gsmarena.com/sagem_my312x-2294.php,https://fdn2.gsmarena.com/vv/bigpic/sagem-my312x.jpg,GSM,No,"2008, February. Released 2008",Discontinued,109 x 48 x 11 mm (4.29 x 1.89 x 0.43 in),87.0,,,Mini-SIM,"TFT, 65K colors",,1.8,128x160,114,19.5,,,,,,,,,,,,,,,No,,No,,,,No,,,No,,,Proprietary,No,No,,,,,No,,,,,,,,,,,Black,,,,No
Sagem,Sagem my234x,https://www.gsmarena.com/sagem_my234x-2293.php,https://fdn2.gsmarena.com/vv/bigpic/sagem-my231x.jpg,GSM,No,"2008, February. Released 2008",Discontinued,106 x 46 x 12 mm (4.17 x 1.81 x 0.47 in),75.0,,,Mini-SIM,"CSTN, 65K colors",,1.8,128x160,114,20.9,,,,,,,,,,,,,,,No,,No,,,,No,,,No,,,Proprietary,No,No,,,,,No,,,,,,,,,,,Black,,,,FM radio
Sagem,Sagem my231x,https://www.gsmarena.com/sagem_my231x-2292.php,https://fdn2.gsmarena.com/vv/bigpic/sagem-my231x.jpg,GSM,No,"2008, February. Released 2008",Discontinued,106 x 46 x 12 mm (4.17 x 1.81 x 0.47 in),75.0,,,Mini-SIM,"CSTN, 65K colors",,1.8,128x160,114,20.9,,,,,,,,,,,,,,,No,,No,,,,No,,,No,,,Proprietary,No,No,,,,,No,,,,,,,,,,,Black,,,,No
Sagem,Sagem my230x,https://www.gsmarena.com/sagem_my230x-2291.php,https://fdn2.gsmarena.com/vv/bigpic/sagem-my230x.jpg,GSM,No,"2008, February. Released 2008",Discontinued,106 x 46 x 10 mm (4.17 x 1.81 x 0.39 in),65.0,,,Mini-SIM,"CSTN, 65K colors",,1.8,128x160,114,20.9,,,,,,,,,,,,,,,No,,No,,,,No,,,No,,,Proprietary,No,No,,,,,No,,,,,,,,,,,,,,,No
Sagem,Sagem my226x,https://www.gsmarena.com/sagem_my226x-2513.php,https://fdn2.gsmarena.com/vv/bigpic/sagem-my226x.jpg,GSM,No,"2008, February. Released 2008",Discontinued,103 x 46 x 11 mm (4.06 x 1.81 x 0.43 in),65.0,,,Mini-SIM,"CSTN, 65K colors",,,128x128,,,,,,,,,,,,,,,,,No,,No,,,,No,,,No,,,Proprietary,No,No,,670,,,No,,,,,,,,,,,Black,,,,No
Sagem,Sagem my220x,https://www.gsmarena.com/sagem_my220x-2290.php,https://fdn2.gsmarena.com/vv/bigpic/sagem-my220x.jpg,GSM,No,"2008, February",Discontinued,107 x 47 x 10 mm (4.21 x 1.85 x 0.39 in),65.0,,,Mini-SIM,"CSTN, 65K colors",,1.5,128x128,121,14.4,,,,,,,,,,,,,,,No,,No,,,,No,,,No,,,Proprietary,No,No,,,,,No,,,60.0,,,,,,,,"Chrome, Bronze, Red",,,,No
Sagem,Sagem my901C,https://www.gsmarena.com/sagem_my901c-2132.php,https://fdn2.gsmarena.com/vv/bigpic/sagem-my901c.gif,GSM / UMTS,No,"2007, March. Released 2008, February",Discontinued,90 x 45 x 23.5 mm (3.54 x 1.77 x 0.93 in),115.0,,,Mini-SIM,"TFT, 256K colors",,1.9,240x320,211,27.6,,,,,,,,,,,,2.0,1,,No,,No,,Yes,,No,,,No,,2.0,Proprietary,No,No,,,,,No,,,,,,,,,,,"Black, Dark Blue, Dark Red",,,,No
Sagem,Sagem my900C,https://www.gsmarena.com/sagem_my900c-1505.php,https://fdn2.gsmarena.com/vv/bigpic/sagem-my900c.gif,GSM / UMTS,No,"2006, March",Cancelled,90 x 45 x 23.5 mm (3.54 x 1.77 x 0.93 in),115.0,,,Mini-SIM,"TFT, 256K colors",,,240x320,,,,,,,,,,,,,,2.0,1,,No,,No,,Yes,,No,,,No,,,Proprietary,No,No,,,,,No,,,,,,,,,,,,,,,No
Sagem,Sagem my850C,https://www.gsmarena.com/sagem_my850c-2133.php,https://fdn2.gsmarena.com/vv/bigpic/sagem-my850c.gif,GSM / UMTS,No,"2006, March",Discontinued,96 x 49 x 16 mm (3.78 x 1.93 x 0.63 in),95.0,,,Mini-SIM,"TFT, 256K colors",,2.0,240x320,200,26.3,,,,,,,,,,,,2.0,1,,No,,No,,Yes,,No,,,No,,2.0,1.0,No,No,,,,,No,,,250.0,,,,,,,,Black,,,,No
Sagem,Sagem my800X,https://www.gsmarena.com/sagem_my800x-1504.php,https://fdn2.gsmarena.com/vv/bigpic/sagem-my800x.gif,GSM / UMTS,No,"2006, March",Discontinued,110 x 47 x 16 mm (4.33 x 1.85 x 0.63 in),99.0,,,Mini-SIM,"TFT, 256K colors",,,176x220,,,,,,,,,,,,,,1.3,1,,No,,No,,Yes,,No,,,No,,,1.0,No,No,,1000,,,No,,,190.0,,,,,,,,"Silver, Black",,,,No
Sagem,Sagem my700X,https://www.gsmarena.com/sagem_my700x-1432.php,https://fdn2.gsmarena.com/vv/bigpic/sagem-my700x.gif,GSM,No,"2006, February",Discontinued,"106 x 46 x 15 mm, 73 cc (4.17 x 1.81 x 0.59 in)",95.0,,,Mini-SIM,"TFT, 256K colors",,,176x220,,,,,,,,,,,,,,1.3,1,,No,,No,,Yes,,No,,,No,,1.2,Proprietary,No,No,,,,,No,,,,,,,,,,,"Silver, Choco, White",,,,FM radio
Sagem,Sagem my600X,https://www.gsmarena.com/sagem_my600x-1710.php,https://fdn2.gsmarena.com/vv/bigpic/sagem-my600x.gif,GSM / UMTS,No,"2006, September",Discontinued,110 x 48 x 16 mm (4.33 x 1.89 x 0.63 in),99.0,,,Mini-SIM,"TFT, 256K colors",,1.8,176x220,157,19.3,,,,,,,,,,,,,1,,No,,No,,Yes,,No,,,No,,,Proprietary,No,No,,,,,No,,,,,,,,,,,White,,,,No
Sagem,Sagem my600V,https://www.gsmarena.com/sagem_my600v-1793.php,https://fdn2.gsmarena.com/vv/bigpic/sagem-my600v.gif,GSM / UMTS,No,"2006, October",Discontinued,110 x 48 x 16 mm (4.33 x 1.89 x 0.63 in),100.0,,,Mini-SIM,"TFT, 256K colors",,1.9,176x220,148,21.5,,,,,,,,,,,,,1,,No,,No,,Yes,,No,,,No,,,Proprietary,No,No,,1000,,,No,,,,,,,,,,,Black,,,,No
Sagem,Sagem my511X,https://www.gsmarena.com/sagem_my511x-2135.php,https://fdn2.gsmarena.com/vv/bigpic/sagem-my511x.gif,GSM,No,"2007, September",Discontinued,107 x 46 x 10 mm (4.21 x 1.81 x 0.39 in),90.0,,,Mini-SIM,"TFT, 65K colors",,1.9,128x160,108,23.1,,,,,,,,,,,,1.3,1,,No,,No,,Yes,,No,,,No,,,miniUSB,No,No,,,,,No,,,140.0,,,,,,,,"Black, Blue",,,,No
Sagem,Sagem my501X,https://www.gsmarena.com/sagem_my501x-2134.php,https://fdn2.gsmarena.com/vv/bigpic/sagem-my501x.gif,GSM,No,"2006, March",Discontinued,100 x 46 x 16.5 mm (3.94 x 1.81 x 0.65 in),90.0,,,Mini-SIM,"TFT, 256K colors",,1.9,176x220,148,24.7,,,,,,,,,,,,1.3,1,,No,,No,,Yes,,No,,,No,,,miniUSB,No,No,,,,,No,,,,,,,,,,,"Black, Silver, White",,,,No
Sagem,Sagem my501C,https://www.gsmarena.com/sagem_my501c-1789.php,https://fdn2.gsmarena.com/vv/bigpic/sagem-my501c.gif,GSM,No,"2006, August",Discontinued,93 x 44.6 x 23.6 mm (3.66 x 1.76 x 0.93 in),99.0,,,Mini-SIM,"CSTN, 65K colors",,1.8,128x160,114,24.6,,,,,,,,,,,,1.3,1,,No,,No,,Yes,,No,,,No,,,Proprietary,No,No,,,,,No,,,140.0,,,,,,,,"Silver, Red",,,,No
Sagem,Sagem my500X,https://www.gsmarena.com/sagem_my500x-1604.php,https://fdn2.gsmarena.com/vv/bigpic/sagem-my500x.gif,GSM,No,"2006, March",Discontinued,100 x 46 x 16.5 mm (3.94 x 1.81 x 0.65 in),90.0,,,Mini-SIM,"TFT, 256K colors",,,176x220,,,,,,,,,,,,,,1.3,1,,No,,No,,Yes,,No,,,No,,,Proprietary,No,No,,850,,,No,,,,,,,,,,,,,,,No
Sagem,Sagem my411X,https://www.gsmarena.com/sagem_my411x-2142.php,https://fdn2.gsmarena.com/vv/bigpic/sagem-my411x.gif,GSM,No,"2007, May",Discontinued,103.2 x 45.2 x 14.2 mm (4.06 x 1.78 x 0.56 in),85.0,,,Mini-SIM,"CSTN, 65K colors",,,128x160,,,,,,,,,,,,,,,1,,No,,No,,Yes,,No,,,No,,1.2,No,No,No,,,,,No,,,110.0,,,,,,,,Black,,,,No
Sagem,Sagem my405X,https://www.gsmarena.com/sagem_my405x-1503.php,https://fdn2.gsmarena.com/vv/bigpic/sagem-my405x.gif,GSM,No,"2006, March",Discontinued,105 x 46 x 15.5 mm (4.13 x 1.81 x 0.61 in),90.0,,,Mini-SIM,"TFT, 65K colors",,,128x160,,,,,,,,,,,,,,,1,,No,,No,,No,,No,,,No,,,miniUSB 1.1,No,No,,,,,No,,,,,,,,,,,"Silver, Black",,,,No
Sagem,Sagem my401X,https://www.gsmarena.com/sagem_my401x-2139.php,https://fdn2.gsmarena.com/vv/bigpic/sagem-my401x.gif,GSM,No,"2006, Q1",Discontinued,105 x 46 x 14 mm (4.13 x 1.81 x 0.55 in),85.0,,,Mini-SIM,"CSTN, 65K colors",,,128x160,,,,,,,,,,,,,200 SMS messages,,1,,No,,No,,Yes,,No,,,No,,1.2,No,No,No,,,,,No,,,,,,,,,,,Silver,,,,No
Sagem,Sagem my401Z,https://www.gsmarena.com/sagem_my401z-2141.php,https://fdn2.gsmarena.com/vv/bigpic/sagem-my401z.gif,GSM,No,"2007, July",Discontinued,90 x 46 x 21 mm (3.54 x 1.81 x 0.83 in),90.0,,,Mini-SIM,"CSTN, 65K colors",,,128x160,,,,,,,,,,,,,,,1,,No,,No,,Yes,,No,,,No,,1.2,No,No,No,,,,,No,,,,,,,,,,,Silver,,,,No
Sagem,Sagem my401C,https://www.gsmarena.com/sagem_my401c-2140.php,https://fdn2.gsmarena.com/vv/bigpic/sagem-my401c.gif,GSM,No,"2007, March",Discontinued,86 x 43.3 x 18.5 mm (3.39 x 1.70 x 0.73 in),82.0,,,Mini-SIM,"CSTN, 65K colors",,,128x160,,,,,,,,,,,,,,,1,,No,,No,,Yes,,No,,,No,,1.2,miniUSB 1.1,No,No,,,,,No,,,120.0,,,,,,,,"Silver, Red, Blue/White, Red/White",,,,No
Sagem,Sagem my400V,https://www.gsmarena.com/sagem_my400v-1876.php,https://fdn2.gsmarena.com/vv/bigpic/sagem-my400v.gif,GSM,No,"2007, February",Cancelled,105 x 46 x 14 mm (4.13 x 1.81 x 0.55 in),85.0,,,Mini-SIM,"CSTN, 65K colors",,,128x160,,,,,,,,,,,,,,,1,,No,,No,,Yes,,No,,,No,,,No,No,No,,850,,,No,,,,,,,,,,,,,,,No
Sagem,Sagem my400X,https://www.gsmarena.com/sagem_my400x-1421.php,https://fdn2.gsmarena.com/vv/bigpic/sagem-my400x.gif,GSM,No,"2006, Q1",Discontinued,105 x 46 x 14 mm (4.13 x 1.81 x 0.55 in),85.0,,,Mini-SIM,"CSTN, 65K colors",,,128x160,,,,,,,,,,,,,200 SMS messages,,1,,No,,No,,Yes,,No,,,No,,,No,No,No,,850,,,No,,,,,,,,,,,Silver,,,,No
Sagem,Sagem my302X,https://www.gsmarena.com/sagem_my302x-2144.php,https://fdn2.gsmarena.com/vv/bigpic/sagem-my302x.gif,GSM,No,"2005, Q4",Discontinued,105 x 46 x 14 mm (4.13 x 1.81 x 0.55 in),88.0,,,Mini-SIM,"CSTN, 65K colors",,1.7,128x128,106,19.3,,,,,,,,,,,,,,,No,,No,,,,No,,,No,,1.2,,No,No,,,,,No,,,,,,,,,,,Silver,,,,No
Sagem,Sagem my301X,https://www.gsmarena.com/sagem_my301x-2143.php,https://fdn2.gsmarena.com/vv/bigpic/sagem-my301x.gif,GSM,No,"2005, Q4",Discontinued,105 x 46 x 14 mm (4.13 x 1.81 x 0.55 in),88.0,,,Mini-SIM,"CSTN, 65K colors",,1.7,128x128,106,19.3,,,,,,,,,,,,,,,No,,No,,,,No,,,No,,1.2,,No,No,,,,,No,,,,,,,,,,,,,,,No
Sagem,Sagem my300X,https://www.gsmarena.com/sagem_my300x-1334.php,https://fdn2.gsmarena.com/vv/bigpic/sagem-my300x.gif,GSM,No,"2005, Q4",Discontinued,105 x 46 x 14 mm (4.13 x 1.81 x 0.55 in),88.0,,,Mini-SIM,"CSTN, 65K colors",,1.7,128x128,106,19.3,,,,,,,,,,,,,,,No,,No,,,,No,,,No,,,,No,No,,850,,,No,,,,,,,,,,,"Blue, Silver, Red",,,,No
Sagem,Sagem my300C,https://www.gsmarena.com/sagem_my300c-2119.php,https://fdn2.gsmarena.com/vv/bigpic/sagem-my300c.gif,GSM,No,"2007, March",Discontinued,79.2 x 43.5 x 21.7 mm (3.12 x 1.71 x 0.85 in),79.0,,,Mini-SIM,"CSTN, 65K colors",,,128x128,,,,,,,,,,,,,,,1,,No,,No,,No,,No,,,No,,,Proprietary,No,No,,,,,No,,,80.0,,,,,,,,"Black, Silver, Red",,,1.25 W/kg (head),No
Sagem,Sagem my215x,https://www.gsmarena.com/sagem_my215x-1832.php,https://fdn2.gsmarena.com/vv/bigpic/sagem-my215x.gif,GSM,No,"2007, January",Discontinued,103 x 44.5 x 15 mm (4.06 x 1.75 x 0.59 in),69.0,,,Mini-SIM,"CSTN, 65K colors",,,128x128,,,,,,,,,,,,,,,,,No,,No,,,,No,,,No,,,Proprietary,No,No,,680,,,No,,,80.0,,,,,,,,,,,,No
Sagem,Sagem my210x,https://www.gsmarena.com/sagem_my210x-2189.php,https://fdn2.gsmarena.com/vv/bigpic/sagem-my210x.jpg,GSM,No,"2007, October. Released 2007, October",Discontinued,103 x 44.5 x 15.4 mm (4.06 x 1.75 x 0.61 in),69.0,,,Mini-SIM,"CSTN, 65K colors",,,128x128,,,,,,,,,,,,,,,,,No,,No,,,,No,,,No,,,miniUSB,No,No,,,,,No,,,,,,,,,,,"Black, Blue, White, Green",,,,No
Sagem,Sagem my200x,https://www.gsmarena.com/sagem_my200x-1455.php,https://fdn2.gsmarena.com/vv/bigpic/sagem-my200x.gif,GSM,No,"2006, February",Discontinued,104 x 43 x 15.5 mm (4.09 x 1.69 x 0.61 in),76.0,,,Mini-SIM,"CSTN, 4096 colors",,,,,,,,,,,,,,,,240 KB shared memory (my201x) 470B shared memory (my202x),,,,No,,No,,,,No,,,No,,,No,No,No,,,,,No,,,,,,,,,,,,,,,No
Sagem,Huawei nova 16 Ultra,https://www.gsmarena.com/huawei_nova_16_ultra-14698.php,https://fdn2.gsmarena.com/vv/bigpic/huawei-nova16-ultra.jpg,GSM / HSPA / LTE / 5G,Yes,"2026, June 01","Coming soon. Exp. release 2026, June 06",163 x 78 x 7.1 mm (6.42 x 3.07 x 0.28 in),220.0,Glass,IP68,Nano-SIM + Nano-SIM,"LTPO OLED, 1B colors, HDR Vivid, 120Hz, 2160Hz PWM, 6000 nits (peak)",120,6.84,1320x2856,460,90.4,Kunlun Glass,HarmonyOS 6.1,Kirin 9010S,,,,12,12,256,512,,200.0,3,1.8,Yes,1/1.28,Yes,"Laser AF, color spectrum sensor, LED flash, panorama, HDR","4K, 1080p, gyro-EIS, HDR Vivid",50.0,Yes,"HDR, panorama","4K, 1080p, gyro-EIS, HDR Vivid","Wi-Fi 802.11 a/b/g/n/ac/6/7, dual-band, Wi-Fi Direct",Yes,6.0,Type-C,No,"GPS (L1+L5), BDS (B1I+B1c+B2a), GALILEO (E1+E5a), QZSS (L1+L5), NavIC, GLONASS","Fingerprint (under display, optical), accelerometer, gyro, compass",7000,100,50,Yes,,,600.0,,,,,,,,"Black, White, Blue",HIP-AL00,,,No
Sagem,Motorola Edge 70 Pro+,https://www.gsmarena.com/motorola_edge_70_pro+-14702.php,https://fdn2.gsmarena.com/vv/bigpic/motorola-edge-70-pro-plus.jpg,GSM / HSPA / LTE / 5G,Yes,"2026, June 01","Coming soon. Exp. release 2026, June",162.7 x 75.6 x 7.2 mm (6.41 x 2.98 x 0.28 in),190.0,Glass,IP68,Nano-SIM + Nano-SIM,"AMOLED, 1B colors, 144Hz, PWM, HDR10+, 1800 (HBM), 5200 nits (peak)",144,6.78,1272x2772,450,91.4,Gorilla Glass 7i,"Android 16, up to 3 major Android upgrades",Mediatek Dimensity 8500 Extreme (4 nm),4,Octa-core (1x3.4 GHz Cortex-A725 & 3x3.2 GHz Cortex-A725 & 4x2.2 GHz Cortex-A725),Mali-G720 MC8,12,12,256,256,UFS 4.1,50.0,3,1.8,Yes,1/1.56,Yes,"LED flash, HDR, panorama, Pantone Validated Colour and Skin Tones","4K@30/60/120fps, 1080p@30/60/120/240fps, gyro-EIS, HDR10+",50.0,Yes,HDR,"4K@30fps, 1080p@30/120fps","Wi-Fi 802.11 a/b/g/n/ac/6e/7, tri-band, Wi-Fi Direct",Yes,5.4,Type-C,No,"GPS, GLONASS, GALILEO","Fingerprint (under display, optical), accelerometer, gyro, proximity, compass",6500,90,15,Yes,,,440.0,,,,,,,,"Pantone: Stormy Sea (Green), Zinfandel (Red), Chicory Coffee (Wood)",,,,No
Sagem,Sagem my200C,https://www.gsmarena.com/sagem_my200c-1875.php,https://fdn2.gsmarena.com/vv/bigpic/sagem-my200c.gif,GSM,No,"2007, February",Discontinued,74 x 42 x 21 mm (2.91 x 1.65 x 0.83 in),85.0,,,Mini-SIM,"CSTN, 65K colors",,,128x128,,,,,,,,,,,,,,,,,No,,No,,,,No,,,No,,,,No,No,,680,,,No,,,70.0,,,,,,,,"Black, Red, Silver, White & Pink",,,1.10 W/kg (head),No
Sagem,Sagem my150X,https://www.gsmarena.com/sagem_my150x-2188.php,https://fdn2.gsmarena.com/vv/bigpic/sagem-my150x.jpg,GSM,No,"2006, February",Discontinued,107 x 47 x 10 mm (4.21 x 1.85 x 0.39 in),65.0,,,Mini-SIM,Monochrome graphics,,1.8,,66,18.8,,,,,,,,,,,,,,,No,,No,,,,No,,,No,,,No,No,No,,,,,No,,,60.0,,,,,,,,"Silver/Black, Pink/Black",,,,No
Sagem,Sagem my100X,https://www.gsmarena.com/sagem_my100x-1456.php,https://fdn2.gsmarena.com/vv/bigpic/sagem-my100x.gif,GSM,No,"2006, February",Discontinued,104 x 42 x 15.5 mm (4.09 x 1.65 x 0.61 in),76.0,,,Mini-SIM,Monochrome graphics,,,,,,,,,,,,,,,,,,,,No,,No,,,,No,,,No,,,No,No,No,,720,,,No,,,,,,,,,,,,,,,No
Sagem,Sagem VS4,https://www.gsmarena.com/sagem_vs4-1605.php,https://fdn2.gsmarena.com/vv/bigpic/sagem-vs4.gif,GSM,No,"2005, June",Discontinued,111 x 46.8 x 14.7 mm (4.37 x 1.84 x 0.58 in),90.0,,,Mini-SIM,"CSTN, 65K colors",,1.7,128x160,121,17.5,,,,,,,,,,,,,,,No,,No,,,,No,,,No,,,Proprietary,No,No,,850,,,No,,,,,,,,,,,Silver,,,,No
Sagem,Sagem VS3,https://www.gsmarena.com/sagem_vs3-1370.php,https://fdn2.gsmarena.com/vv/bigpic/sagem-vs3.gif,GSM,No,"2005, Q4",Discontinued,85 x 42 x 23 mm (3.35 x 1.65 x 0.91 in),76.0,,,Mini-SIM,"CSTN, 65K colors",,,128x160,,,,,,,,,,,,,,,,,No,,No,,,,No,,,No,,,Proprietary,No,No,,730,,,No,,,,,,,,,,,Silver,,,,No
Sagem,Sagem VS2,https://www.gsmarena.com/sagem_vs2-1205.php,https://fdn2.gsmarena.com/vv/bigpic/sagem-vs2.gif,GSM,No,"2005, Q2",Discontinued,118.7 x 47.5 x 20.3 mm (4.67 x 1.87 x 0.80 in),125.0,,,Mini-SIM,"TFT, 65K colors",,,128x160,,,,,,,,,,,,,,,,,No,,No,,,,No,,,No,,,Proprietary,No,No,,920,,,No,,,,,,,,,,,Black,,,,No
Sagem,Sagem VS1,https://www.gsmarena.com/sagem_vs1-1181.php,https://fdn2.gsmarena.com/vv/bigpic/sagem-vs1.gif,GSM,No,"2005, Q2",Discontinued,123.5 x 52.5 x 24.8 mm (4.86 x 2.07 x 0.98 in),125.0,,,Mini-SIM,65K colors,,,128x160,,,,,,,,,,,,,,,,,No,,No,,,,No,,,No,,,Proprietary,No,No,,920,,,No,,,,,,,,,,,Silver,,,,No
Sagem,Sagem MY V-85,https://www.gsmarena.com/sagem_my_v_85-1319.php,https://fdn2.gsmarena.com/vv/bigpic/sagem-myv85.gif,GSM / UMTS,No,"2005, Q4",Discontinued,112 x 20 x 46 mm (4.41 x 0.79 x 1.81 in),120.0,,,Mini-SIM,"TFT, 256K colors",,,176x220,,,,,,,,,,,,,,1.3,1,,No,,No,,QCIF,,No,,,No,,,Proprietary,No,No,,,,,No,,,,,,,,,,,Graphite,,,,No
Sagem,Sagem MY V-76,https://www.gsmarena.com/sagem_my_v_76-1227.php,https://fdn2.gsmarena.com/vv/bigpic/sagem-myv76.gif,GSM,No,"2005, July",Discontinued,110 x 19 x 47 mm (4.33 x 0.75 x 1.85 in),104.0,,,Mini-SIM,"TFT, 256K colors",,,176x220,,,,,,,,,,,,,,1.3,1,,No,,No,LED flash,Yes,,No,,,No,,1.2,,No,No,,920,,,No,,,,,,,,,,,Silver,,,,No
Sagem,Sagem MY V-56,https://www.gsmarena.com/sagem_my_v_56-1242.php,https://fdn2.gsmarena.com/vv/bigpic/sagem-myv56.gif,GSM,No,"2004, Q4",Discontinued,106 x 19 x 46 mm (4.17 x 0.75 x 1.81 in),97.0,,,Mini-SIM,"CSTN, 65K colors",,,128x160,,,,,,,,,,,,,,,1,,No,,No,,No,,No,,,No,,,,No,No,,920,,,No,,,,,,,,,,,Silver,,,,No
Sagem,Sagem myW-7,https://www.gsmarena.com/sagem_myw_7-1451.php,https://fdn2.gsmarena.com/vv/bigpic/sagem-myw7.gif,GSM / UMTS,No,"2006, February",Discontinued,"112 x 46 x 20 mm, 93 cc (4.41 x 1.81 x 0.79 in)",119.0,,,Mini-SIM,"TFT, 256K colors",,,176x220,,,,,,,,,,,,,,1.3,1,,No,,No,,Yes,,No,,,No,,,Proprietary,No,No,,1100,,,No,,,,,,,,,,,Silver,,,,No
Sagem,Sagem myMobileTV,https://www.gsmarena.com/sagem_mymobiletv-1452.php,https://fdn2.gsmarena.com/vv/bigpic/sagem-mymobiletv.gif,GSM,No,"2006, February",Discontinued,"115 x 47 x 20.8 mm, 107 cc (4.53 x 1.85 x 0.82 in)",125.0,,,Mini-SIM,"TFT, 256K colors",,,240x320,,,,,,,,,,,,,,1.3,1,,No,,No,,Yes,,No,,,No,,,Proprietary (optiona,No,No,,,,,No,,,,,,,,,,,Black,,,,No
Sagem,Sagem MY C2-3,https://www.gsmarena.com/sagem_my_c2_3-1453.php,https://fdn2.gsmarena.com/vv/bigpic/sagem-myc2-3.gif,GSM,No,"2005, Q4",Discontinued,"73 x 42 x 21 mm, 70 cc (2.87 x 1.65 x 0.83 in)",75.0,,,Mini-SIM,"CSTN, 4096 colors",,,,,,,,,,,,,,,,Message templates,,,,No,,No,,,,No,,,No,,,,No,No,,700,,,No,,,,,,,,,,,,,,,No
Sagem,Sagem my519x,https://www.gsmarena.com/sagem_my519x-2299.php,https://fdn2.gsmarena.com/vv/bigpic/sagem-my519x.jpg,GSM,No,"2008, February. Released 2008",Discontinued,108 x 48 x 11 mm (4.25 x 1.89 x 0.43 in),95.0,,,Mini-SIM,"TFT, 256K colors",,2.0,176x220,141,24.3,,,,,,,,,,,,3.15,1,,No,,No,,Yes,,No,,,Wi-Fi 802.11b/g,,,Proprietary,No,No,,,,,No,,,,,,,,,,,"Violet, Green, Pink",,,,"Stereo FM radio, RDS"
Sagem,Sagem my101X,https://www.gsmarena.com/sagem_my101x-2187.php,https://fdn2.gsmarena.com/vv/bigpic/sagem-my101x.jpg,GSM,No,"2006, February",Discontinued,104.2 x 42.6 x 15.3 mm (4.10 x 1.68 x 0.60 in),76.0,,,Mini-SIM,Monochrome graphics,,,,,,,,,,,,,,,,,,,,No,,No,,,,No,,,No,,,No,No,No,,,,,No,,,,,,,,,,,"Black, White",,,,No
Sagem,Sagem myZ-5,https://www.gsmarena.com/sagem_myz_5-1454.php,https://fdn2.gsmarena.com/vv/bigpic/sagem-myz5.gif,GSM,No,"2006, February",Discontinued,85 x 42 x 23 mm (3.35 x 1.65 x 0.91 in),85.0,,,Mini-SIM,"TFT, 65K colors",,,128x160,,,,,,,,,,,,,,,1,,No,,No,,Yes,,No,,,No,,,Proprietary,No,No,,,,,No,,,,,,,,,,,,,,,No
Sagem,Sagem MY C5-3,https://www.gsmarena.com/sagem_my_c5_3-1737.php,https://fdn2.gsmarena.com/vv/bigpic/sagem-myc5-3.gif,GSM,No,"2006, October",Discontinued,82 x 43 x 23 mm (3.23 x 1.69 x 0.91 in),85.0,,,Mini-SIM,"CSTN, 65K colors",,,128x160,,,,,,,,,,,,,100 short messages,,1,,No,,No,,Yes,,No,,,No,,,,No,No,,700,,,No,,,110.0,,,,,,,,,,,,No
Sagem,Sagem MY C3-2,https://www.gsmarena.com/sagem_my_c3_2-1076.php,https://fdn2.gsmarena.com/vv/bigpic/samyc3-2.gif,GSM,No,"2005, Q1",Discontinued,"77 x 41 x 22 mm, 70 cc (3.03 x 1.61 x 0.87 in)",75.0,,,Mini-SIM,"CSTN, 65K colors",,,128x128,,,,,,,,,,,,,,,,,No,,No,,,,No,,,No,,,,No,No,,650,,,No,,,,,,,,,,,,,,,No
Sagem,Sagem MY Z-55,https://www.gsmarena.com/sagem_my_z_55-1220.php,https://fdn2.gsmarena.com/vv/bigpic/sagem-myz55.gif,GSM,No,"2005, Q1",Discontinued,81 x 41 x 24 mm (3.19 x 1.61 x 0.94 in),85.0,,,Mini-SIM,"CSTN, 65K colors",,,128x160,,,,,,,,,,,,,,,1,,No,,No,,No,,No,,,No,,,Proprietary,No,No,,,,,No,,,,,,,,,,,,,,,No
Sagem,Sagem MY X6-2,https://www.gsmarena.com/sagem_my_x6_2-1139.php,https://fdn2.gsmarena.com/vv/bigpic/sagem-myx6-2.gif,GSM,No,"2005, Q1",Discontinued,110 x 47 x 19 mm (4.33 x 1.85 x 0.75 in),104.0,,,Mini-SIM,"TFT, 256K colors",,2.0,176x220,141,24.3,,,,,,,,,,,,1.3,1,,No,,No,,Yes,,No,,,No,,1.2,,No,No,,760,,,No,,,,,,,,,,,,,,,No
Sagem,Sagem MY X2-2,https://www.gsmarena.com/sagem_my_x2_2-1068.php,https://fdn2.gsmarena.com/vv/bigpic/samyx2-2.gif,GSM,No,"2005, Q1",Discontinued,105.6 x 46 x 20 mm (4.16 x 1.81 x 0.79 in),88.0,,,Mini-SIM,4096 colors,,,,,,,,,,,,,,,,myX2-2m: up to 470 KB myX2-2: up to 240 KB,,,,No,,No,,,,No,,,No,,,,No,No,,680,,,No,,,,,,,,,,,,,,,No
Sagem,Sagem MY X1-2,https://www.gsmarena.com/sagem_my_x1_2-1069.php,https://fdn2.gsmarena.com/vv/bigpic/samyx1-2.gif,GSM,No,"2005, Q1",Discontinued,106 x 47 x 21 mm (4.17 x 1.85 x 0.83 in),93.0,,,Mini-SIM,Monochrome graphics,,,,,,,,,,,,,,,,,,,,No,,No,,,,No,,,No,,,,No,No,,,,,No,,,,,,,,,,,,,,,No
Sagem,Sagem MY C5-2,https://www.gsmarena.com/sagem_my_c5_2-903.php,https://fdn2.gsmarena.com/vv/bigpic/samyc5-2.gif,GSM,No,"2004, Q4",Discontinued,82 x 43 x 23 mm (3.23 x 1.69 x 0.91 in),80.0,,,Mini-SIM,"CSTN, 65K colors",,,128x160,,,,,,,,,,,,,100 short messages,,1,,No,,No,,No,,No,,,No,,,,No,No,,670,,,No,,,,,,,,,,,,,,,No
Sagem,Sagem MY X-8,https://www.gsmarena.com/sagem_my_x_8-859.php,https://fdn2.gsmarena.com/vv/bigpic/samyx8.gif,GSM,No,"2004, Q3",Discontinued,115 x 47 x 20.8 mm (4.53 x 1.85 x 0.82 in),125.0,,,Mini-SIM,"TFT, 256K colors",,2.2,240x320,182,27.7,,,,,,,,,,,,1.3,1,,No,,No,LED flash,Yes,,No,,,No,,1.2,Proprietary,No,No,,,,,No,,,,,,,,,,,,,,,No
Sagem,Sagem MY X-4,https://www.gsmarena.com/sagem_my_x_4-860.php,https://fdn2.gsmarena.com/vv/bigpic/samyx4.gif,GSM,No,"2004, Q3",Discontinued,104 x 46 x 18 mm (4.09 x 1.81 x 0.71 in),95.0,,,Mini-SIM,"TFT, 65K colors",,,120x160,,,,,,,,,,,,,,,,,No,,No,,,,No,,,No,,,Proprietary,No,No,,,,,No,,,,,,,,,,,,,,,No
Sagem,Sagem MY C4-2,https://www.gsmarena.com/sagem_my_c4_2-1217.php,https://fdn2.gsmarena.com/vv/bigpic/sagem-myc4-2.gif,GSM,No,"2004, Q4",Discontinued,77 x 42 x 23 mm (3.03 x 1.65 x 0.91 in),75.0,,,Mini-SIM,"CSTN, 65K colors",,,128x128,,,,,,,,,,,,,,,1,,No,,No,LED flash,No,,No,,,No,,,,No,No,,650,,,No,,,,,,,,,,,"Silver , Black",,,,No
Sagem,Sagem MY C-4,https://www.gsmarena.com/sagem_my_c_4-864.php,https://fdn2.gsmarena.com/vv/bigpic/samyc4.gif,GSM,No,"2004, Q3",Discontinued,90 x 44.5 x 23 mm (3.54 x 1.75 x 0.91 in),92.0,,,Mini-SIM,"CSTN, 65K colors",,,128x128,,,,,,,,,,,,,,,,,No,,No,,,,No,,,No,,,,No,No,,630,,,No,,,,,,,,,,,Wine red,,,,No
Sagem,Sagem MY S-7,https://www.gsmarena.com/sagem_my_s_7-722.php,https://fdn2.gsmarena.com/vv/bigpic/samys7.gif,GSM,No,"2004, Q1",Discontinued,"110 x 49 x 21 mm, 110 cc (4.33 x 1.93 x 0.83 in)",120.0,,,Mini-SIM,"TFT, 65K colors",,2.2,176x220,128,28.3,,Microsoft Smartphone 2003 SE,,,Intel PXA 262 200 MHz,,,,,,,,1,,No,,No,,Yes,,No,,,No,,,Proprietary,No,No,,,,,No,,,,,,,,,,,,,,,No
Sagem,Sagem MY Z-3,https://www.gsmarena.com/sagem_my_z_3-906.php,https://fdn2.gsmarena.com/vv/bigpic/samyz3.gif,GSM,No,"2004, Q1",Discontinued,100 x 45 x 24 mm (3.94 x 1.77 x 0.94 in),105.0,,,Mini-SIM,"CSTN, 65K colors",,,128x160,,,,,,,,,,,,,,,,,No,,No,,,,No,,,No,,,Proprietary,No,No,,780,,,No,,,,,,,,,,,,,,,No
Sagem,Sagem MY C2-2,https://www.gsmarena.com/sagem_my_c2_2-934.php,https://fdn2.gsmarena.com/vv/bigpic/samyc2-2.gif,GSM,No,"2004, Q2",Discontinued,85 x 44 x 21 mm (3.35 x 1.73 x 0.83 in),80.0,,,Mini-SIM,"CSTN, 4096 colors",,,,,,,,,,,,,,,,100 short messages Message templates,,,,No,,No,,,,No,,,No,,,,No,No,,,,,No,,,,,,,,,,,,,,,No
Sagem,Sagem SG 321i,https://www.gsmarena.com/sagem_sg_321i-728.php,https://fdn2.gsmarena.com/vv/bigpic/sasg321i.gif,GSM,No,"2004, Q1",Discontinued,100 x 45 x 24 mm (3.94 x 1.77 x 0.94 in),105.0,,,Mini-SIM,"TFT, 65K colors",,,128x160,,,,,,,,,,,,,,,,,No,,No,,,,No,,,No,,,Proprietary,No,No,,,,,No,,,,,,,,,,,,,,,No
Sagem,Sagem MY V-55,https://www.gsmarena.com/sagem_my_v_55-821.php,https://fdn2.gsmarena.com/vv/bigpic/samyv55.gif,GSM,No,"2004, Q2",Discontinued,106 x 46 x 19 mm (4.17 x 1.81 x 0.75 in),97.0,,,Mini-SIM,"CSTN, 65K colors",,,128x160,,,,,,,,,,,,,,,1,,No,,No,,No,,No,,,No,,,,No,No,,920,,,No,,,,,,,,,,,,,,,No
Sagem,Sagem MY X5-2,https://www.gsmarena.com/sagem_my_x5_2-727.php,https://fdn2.gsmarena.com/vv/bigpic/samyx52.gif,GSM,No,"2004, Q1",Discontinued,106 x 46 x 19 mm (4.17 x 1.81 x 0.75 in),97.0,,,Mini-SIM,"CSTN, 65K colors",,,128x160,,,,,,,,,,,,,,,1,,No,,No,,No,,No,,,No,,,Proprietary,No,No,,,,,No,,,,,,,,,,,,,,,No
Sagem,Sagem MY V-75,https://www.gsmarena.com/sagem_my_v_75-670.php,https://fdn2.gsmarena.com/vv/bigpic/samyv75.gif,GSM,No,"2004, Q1",Discontinued,110 x 46 x 22 mm (4.33 x 1.81 x 0.87 in),106.0,,,Mini-SIM,"TFT, 65K colors",,,128x160,,,,,,,,,,,,,,,1,,No,,No,,No,,No,,,No,,,,No,No,,,,,No,,,,,,,,,,,,,,,No
Sagem,Sagem MY C-3b,https://www.gsmarena.com/sagem_my_c_3b-630.php,https://fdn2.gsmarena.com/vv/bigpic/samyc3b.gif,GSM,No,"2004, Q1",Discontinued,81 x 51 x 22.5 mm (3.19 x 2.01 x 0.89 in),85.0,,,Mini-SIM,"CSTN, 65K colors",,,128x160,,,,,,,,,,,,,,,,,No,,No,,,,No,,,No,,,,No,No,,,,,No,,,,,,,,,,,"2 - Silver, Red",,,,No
Sagem,Sagem MY C-3s,https://www.gsmarena.com/sagem_my_c_3s-644.php,https://fdn2.gsmarena.com/vv/bigpic/samyc3s.gif,GSM,No,"2004, Q1",Discontinued,81 x 52 x 22.5 mm (3.19 x 2.05 x 0.89 in),90.0,,,Mini-SIM,"CSTN, 65K colors",,,128x160,,,,,,,,,,,,,,,,,No,,No,,,,No,,,No,,,,No,No,,750,,,No,,,,,,,,,,,"2 - Silver, Red",,,,No
Sagem,Sagem MY X3-2,https://www.gsmarena.com/sagem_my_x3_2-631.php,https://fdn2.gsmarena.com/vv/bigpic/samyx32.gif,GSM,No,"2004, Q1",Discontinued,100 x 45 x 21 mm (3.94 x 1.77 x 0.83 in),89.0,,,Mini-SIM,"CSTN, 4096 colors",,,,,,,,,,,,,,,,,,,,No,,No,,,,No,,,No,,,,No,No,,,,,No,,,,,,,,,,,"4 - Silver, Light blue, Purple and White",,,,No
Sagem,Sagem MY X-7,https://www.gsmarena.com/sagem_my_x_7-624.php,https://fdn2.gsmarena.com/vv/bigpic/samyx7.gif,GSM,No,"2004, Q1",Discontinued,"110 x 46 x 22 mm, 111 cc (4.33 x 1.81 x 0.87 in)",106.0,,,Mini-SIM,"TFT, 65K colors",,,128x160,,,,,,,,,,,,,,,1,,No,,No,,Yes,,No,,,No,,,,No,No,,1050,,,No,,,,,,,,,,,,,,,No
Sagem,Sagem MY V-65,https://www.gsmarena.com/sagem_my_v_65-569.php,https://fdn2.gsmarena.com/vv/bigpic/samyv65.gif,GSM,No,"2003, Q4",Discontinued,110 x 46 x 22 mm (4.33 x 1.81 x 0.87 in),106.0,,,Mini-SIM,"TFT, 65K colors",,,128x160,,,,,,,,,,,,,100 short messages,,1,,No,,No,,No,,No,,,No,,,,No,No,,1050,,,No,,,,,,,,,,,,,,,No
Sagem,Sagem MY C-1,https://www.gsmarena.com/sagem_my_c_1-568.php,https://fdn2.gsmarena.com/vv/bigpic/samyc1.gif,GSM,No,"2003, Q4",Discontinued,86 x 44 x 20 mm (3.39 x 1.73 x 0.79 in),80.0,,,Mini-SIM,Monochrome graphic,,,,,,,,,,,,,,,,,,,,No,,No,,,,No,,,No,,,,No,No,,,,,No,,,,,,,,,,,,,,,No
Sagem,Sagem MY X-1w,https://www.gsmarena.com/sagem_my_x_1w-563.php,https://fdn2.gsmarena.com/vv/bigpic/samyx1w.gif,GSM,No,"2003, Q4",Discontinued,106 x 47 x 21 mm (4.17 x 1.85 x 0.83 in),93.0,,,Mini-SIM,Monochrome graphic,,,,,,,,,,,,,,,,,,,,No,,No,,,,No,,,No,,,,No,No,,,,,No,,,,,,,,,,,,,,,No
Sagem,Sagem MY C-2,https://www.gsmarena.com/sagem_my_c_2-555.php,https://fdn2.gsmarena.com/vv/bigpic/samyc2.gif,GSM,No,"2003, Q4",Discontinued,82 x 42 x 23 mm (3.23 x 1.65 x 0.91 in),90.0,,,Mini-SIM,"CSTN, 256 colors",,,,,,,,,,,,,,,,100 short messages Message templates,,,,No,,No,,,,No,,,No,,,,No,No,,,,,No,,,,,,,,,,,,,,,No
Sagem,Sagem MY C-6,https://www.gsmarena.com/sagem_my_c_6-489.php,https://fdn2.gsmarena.com/vv/bigpic/samyc6.gif,GSM,No,"2003, Q3",Discontinued,84 x 46 x 22 mm (3.31 x 1.81 x 0.87 in),86.0,,,Mini-SIM,"TFT, 65K colors",,,160x120,,,,,,,,,,,,,,,,,No,,No,,,,No,,,No,,,,No,No,,750,,,No,,,,,,,,,,,,,,,No
Sagem,Sagem MY C-5w,https://www.gsmarena.com/sagem_my_c_5w-484.php,https://fdn2.gsmarena.com/vv/bigpic/samyc5w.gif,GSM,No,"2003, Q3",Discontinued,88 x 44 x 20 mm (3.46 x 1.73 x 0.79 in),80.0,,,Mini-SIM,"CSTN, 256 colors",,,,,,,,,,,,,,,,,,,,No,,No,,,,No,,,No,,,,No,No,,1000,,,No,,,,,,,,,,,,,,,No
Sagem,Sagem MY X-2,https://www.gsmarena.com/sagem_my_x_2-473.php,https://fdn2.gsmarena.com/vv/bigpic/samyx2.gif,GSM,No,"2003, Q3",Discontinued,99 x 45 x 21 mm (3.90 x 1.77 x 0.83 in),89.0,,,Mini-SIM,"CSTN, 256 colors",,,,,,,,,,,,,,,,100 short messages Message templates,,,,No,,No,,,,No,,,No,,,,No,No,,,,,No,,,,,,,,,,,,,,,No
Sagem,Sagem MY X-6,https://www.gsmarena.com/sagem_my_x_6-423.php,https://fdn2.gsmarena.com/vv/bigpic/samyx6.gif,GSM,No,"2003, Q1",Discontinued,"110 x 46 x 22 mm, 111 cc (4.33 x 1.81 x 0.87 in)",106.0,,,Mini-SIM,"TFT, 65K colors",,,128x160,,,,,,,,,,,,,100 short messages,,1,,No,,No,,No,,No,,,No,,,,No,No,,1050,,,No,,,,,,,,,,,,,,,No
Sagem,Sagem MY G5,https://www.gsmarena.com/sagem_my_g5-359.php,https://fdn2.gsmarena.com/vv/bigpic/samyg5.gif,GSM,No,2002,Discontinued,"105 x 46 x 20 mm, 77 cc (4.13 x 1.81 x 0.79 in)",92.0,,,Mini-SIM,"CSTN, 256 colors",,,,,,,,,,,,,,,,100 short messages,,,,No,,No,,,,No,,,No,,,,No,No,,,,,No,,,,,,,,,,,,,,,No
Sagem,Sagem MY X-3,https://www.gsmarena.com/sagem_my_x_3-358.php,https://fdn2.gsmarena.com/vv/bigpic/samyx3.gif,GSM,No,2002,Discontinued,"106 x 46 x 20 mm, 79 cc (4.17 x 1.81 x 0.79 in)",92.0,,,Mini-SIM,Monochrome graphic,,,,,,,,,,,,,,,,100 short messages 50 EMS pictures,,,,No,,No,,,,No,,,No,,,,No,No,,,,,No,,,,,,,,,,,,,,,No
Sagem,Sagem MY X-5,https://www.gsmarena.com/sagem_my_x_5-320.php,https://fdn2.gsmarena.com/vv/bigpic/samyx5.gif,GSM,No,2002,Discontinued,"105 x 46 x 20 mm, 77 cc (4.13 x 1.81 x 0.79 in)",92.0,,,Mini-SIM,"CSTN, 256 colors",,,,,,,,,,,,,,,,100 short messages,,,,No,,No,,,,No,,,No,,,,No,No,,720,,,No,,,,,,,,,,,,,,,No
Sagem,Sagem MY 3078,https://www.gsmarena.com/sagem_my_3078-346.php,https://fdn2.gsmarena.com/vv/bigpic/samy3078.gif,GSM,No,2002,Discontinued,23 x 45 x 75 mm (0.91 x 1.77 x 2.95 in),85.0,,,Mini-SIM,Monochrome graphic,,,,,,,,,,,,,,,,,,,,No,,No,,,,No,,,No,,,,No,No,,,,,No,,,,,,,,,,,,,,,No
Sagem,Sagem MW 3026,https://www.gsmarena.com/sagem_mw_3026-273.php,https://fdn2.gsmarena.com/vv/bigpic/samw3026.gif,GSM,No,2001,Discontinued,105 x 50 x 23 mm (4.13 x 1.97 x 0.91 in),112.0,,,Mini-SIM,Monochrome graphic,,,,,,,,,,,,,,,,10 short messages,,,,No,,No,,,,No,,,No,,,,No,No,,,,,No,,,,,,,,,,,,,,,No
Sagem,Sagem MW 3052,https://www.gsmarena.com/sagem_mw_3052-272.php,https://fdn2.gsmarena.com/vv/bigpic/samw3052.gif,GSM,No,2001,Discontinued,105 x 50 x 23 mm (4.13 x 1.97 x 0.91 in),100.0,,,Mini-SIM,Monochrome graphic,,,,,,,,,,,,,,,,10 short messages,,,,No,,No,,,,No,,,No,,,,No,No,,,,,No,,,,,,,,,,,,,,,No
Sagem,Sagem MW 3042,https://www.gsmarena.com/sagem_mw_3042-271.php,https://fdn2.gsmarena.com/vv/bigpic/samw3042.gif,GSM,No,2001,Discontinued,"105 x 45 x 18 mm, 79 cc (4.13 x 1.77 x 0.71 in)",97.0,,,Mini-SIM,Monochrome graphic,,,,,,,,,,,,,,,,10 short messages,,,,No,,No,,,,No,,,No,,,,No,No,,,,,No,,,,,,,,,,,,,,,No
Sagem,Sagem MW 3040,https://www.gsmarena.com/sagem_mw_3040-258.php,https://fdn2.gsmarena.com/vv/bigpic/samw3040.gif,GSM,No,2001,Discontinued,"105 x 45 x 18 mm, 79 cc (4.13 x 1.77 x 0.71 in)",97.0,,,Mini-SIM,Monochrome graphic,,,,,,,,,,,,,,,,10 short messages,,,,No,,No,,,,No,,,No,,,,No,No,,,,,No,,,,,,,,,,,,,,,No
Sagem,Sagem MW X1,https://www.gsmarena.com/sagem_mw_x1-247.php,https://fdn2.gsmarena.com/vv/bigpic/samwx1.gif,GSM,No,2001,Discontinued,140 x 57 x 20 mm (5.51 x 2.24 x 0.79 in),180.0,,,Mini-SIM,Monochrome graphic,,,,,,,,,,,,,,,,20 SMS messages,,,,No,,No,,,,No,,,No,,,,No,No,,800,,,No,,,,,,,,,,,,,,,No
Sagem,Sagem WA 3050,https://www.gsmarena.com/sagem_wa_3050-246.php,https://fdn2.gsmarena.com/vv/bigpic/sawa3050.gif,GSM,No,2001,Discontinued,130 x 80 x 17 mm (5.12 x 3.15 x 0.67 in),198.0,,,Mini-SIM,Greyscale resistive touchscreen,,,240x320,,,,Microsoft Windows PocketPC,,,206 MHz ARM SA-1110,,,,,,,,,,No,,No,,,,No,,,No,,,,No,No,,,,,No,,,,,,,,,,,,,,,No
Sagem,Sagem MW 3020,https://www.gsmarena.com/sagem_mw_3020-245.php,https://fdn2.gsmarena.com/vv/bigpic/samw3020.gif,GSM,No,2001,Discontinued,"105 x 45 x 18 mm, 79 cc (4.13 x 1.77 x 0.71 in)",112.0,,,Mini-SIM,Monochrome graphic,,,,,,,,,,,,,,,,10 short messages,,,,No,,No,,,,No,,,No,,,,No,No,,,,,No,,,,,,,,,,,,,,,No
Sagem,Sagem MC 3000,https://www.gsmarena.com/sagem_mc_3000-244.php,https://fdn2.gsmarena.com/vv/bigpic/samc3000.gif,GSM,No,2001,Discontinued,"105 x 45 x 18 mm, 79 cc (4.13 x 1.77 x 0.71 in)",112.0,,,Mini-SIM,Monochrome graphic,,,,,,,,,,,,,,,,10 short messages,,,,No,,No,,,,No,,,No,,,,No,No,,,,,No,,,,,,,,,,,,,,,No
Sagem,Sagem MC 939 WAP,https://www.gsmarena.com/sagem_mc_939_wap-182.php,https://fdn2.gsmarena.com/vv/bigpic/samc939b.gif,GSM,No,2000,Discontinued,116 x 45 x 18 mm (4.57 x 1.77 x 0.71 in),117.0,,,Mini-SIM,Monochrome graphic,,,,,,,,,,,,,,,,20 short messages,,,,No,,No,,,,No,,,No,,,,No,No,,,,,No,,,,,,,,,,,,,,,No
Sagem,Sagem MC 936,https://www.gsmarena.com/sagem_mc_936-181.php,https://fdn2.gsmarena.com/vv/bigpic/samc936b.gif,GSM,No,2000,Discontinued,116 x 45 x 18 mm (4.57 x 1.77 x 0.71 in),117.0,,,Mini-SIM,Monochrome graphic,,,,,,,,,,,,,,,,20 short messages,,,,No,,No,,,,No,,,No,,,,No,No,,,,,No,,,,,,,,,,,,,,,No
Sagem,Sagem MC 950,https://www.gsmarena.com/sagem_mc_950-168.php,https://fdn2.gsmarena.com/vv/bigpic/samc950b.gif,GSM,No,2000,Discontinued,116 x 45 x 18 mm (4.57 x 1.77 x 0.71 in),95.0,,,Mini-SIM,Monochrome graphic,,,,,,,,,,,,,,,,20 short messages,,,,No,,No,,,,No,,,No,,,,No,No,,,,,No,,,,,,,,,,,,,,,No
Sagem,Sagem MC 959,https://www.gsmarena.com/sagem_mc_959-167.php,https://fdn2.gsmarena.com/vv/bigpic/samc959b.gif,GSM,No,2000,Discontinued,116 x 45 x 18 mm (4.57 x 1.77 x 0.71 in),95.0,,,Mini-SIM,Monochrome graphic,,,,,,,,,,,,,,,,20 short messages,,,,No,,No,,,,No,,,No,,,,No,No,,,,,No,,,,,,,,,,,,,,,No
Sagem,Sagem MC 940,https://www.gsmarena.com/sagem_mc_940-166.php,https://fdn2.gsmarena.com/vv/bigpic/samc940b.gif,GSM,No,2000,Discontinued,116 x 45 x 18 mm (4.57 x 1.77 x 0.71 in),117.0,,,Mini-SIM,Monochrome graphic,,,,,,,,,,,,,,,,20 short messages,,,,No,,No,,,,No,,,No,,,,No,No,,,,,No,,,,,,,,,,,,,,,No
Sagem,Sagem MC 932,https://www.gsmarena.com/sagem_mc_932-165.php,https://fdn2.gsmarena.com/vv/bigpic/samc932b.gif,GSM,No,1999,Discontinued,116 x 45 x 18 mm (4.57 x 1.77 x 0.71 in),117.0,,,Mini-SIM,Monochrome graphic,,,,,,,,,,,,,,,,20 short messages,,,,No,,No,,,,No,,,No,,,,No,No,,,,,No,,,,,,,,,,,,,,,No
Sagem,Sagem RC 922,https://www.gsmarena.com/sagem_rc_922-164.php,https://fdn2.gsmarena.com/vv/bigpic/sarc922b.gif,GSM,No,1999,Discontinued,116 x 45 x 18 mm (4.57 x 1.77 x 0.71 in),121.0,,,Mini-SIM,Alphanumeric,,,,,,,,,,,,,,,,20 short messages,,,,No,,No,,,,No,,,No,,,,No,No,,500,,,No,,,,,,,,,,,,,,,No
Sagem,Sagem MC 912,https://www.gsmarena.com/sagem_mc_912-163.php,https://fdn2.gsmarena.com/vv/bigpic/samc912b.gif,GSM,No,1999,Discontinued,116 x 45 x 22 mm (4.57 x 1.77 x 0.87 in),117.0,,,Mini-SIM,Alphanumeric,,,,,,,,,,,,,,,,20 short messages,,,,No,,No,,,,No,,,No,,,,No,No,,,,,No,,,,,,,,,,,,,,,No
Sagem,Sagem MC 850,https://www.gsmarena.com/sagem_mc_850-162.php,https://fdn2.gsmarena.com/vv/bigpic/samc850b.gif,GSM,No,1998,Discontinued,132 x 50 x 21 mm (5.20 x 1.97 x 0.83 in),137.0,,,Mini-SIM,Monochrome graphic,,,,,,,,,,,,,,,,,,,,No,,No,,,,No,,,No,,,,No,No,,,,,No,,,,,,,,,,,,,,,No
Sagem,Sagem MC 825 FM,https://www.gsmarena.com/sagem_mc_825_fm-161.php,https://fdn2.gsmarena.com/vv/bigpic/sa825fmb.gif,GSM,No,1998,Discontinued,132 x 50 x 26 mm (5.20 x 1.97 x 1.02 in),152.0,,,Mini-SIM,Alphanumeric,,,,,,,,,,,,,,,,6 FM stations,,,,No,,No,,,,No,,,No,,,,No,No,,,,,No,,,,,,,,,,,,,,,FM radio
Sagem,Sagem MC 820,https://www.gsmarena.com/sagem_mc_820-160.php,https://fdn2.gsmarena.com/vv/bigpic/samc820b.gif,GSM,No,1998,Discontinued,130 x 50 x 26 mm (5.12 x 1.97 x 1.02 in),135.0,,,Mini-SIM,Alphanumeric,,,,,,,,,,,,,,,,,,,,No,,No,,,,No,,,No,,,,No,No,,,,,No,,,,,,,,,,,,,,,No
Sagem,Sagem RC 750,https://www.gsmarena.com/sagem_rc_750-159.php,https://fdn2.gsmarena.com/vv/bigpic/sarc750b.gif,GSM,No,1998,Discontinued,140 x 50 x 21 mm (5.51 x 1.97 x 0.83 in),158.0,,,Mini-SIM,Alphanumeric,,,,,,,,,,,,,,,,,,,,No,,No,,,,No,,,No,,,,No,No,,600,,,No,,,,,,,,,,,,,,,No
Sagem,Sagem RC 730,https://www.gsmarena.com/sagem_rc_730-158.php,https://fdn2.gsmarena.com/vv/bigpic/sarc730b.gif,GSM,No,1997,Discontinued,140 x 50 x 21 mm (5.51 x 1.97 x 0.83 in),158.0,,,Mini-SIM,Alphanumeric,,,,,,,,,,,,,,,,,,,,No,,No,,,,No,,,No,,,,No,No,,600,,,No,,,,,,,,,,,,,,,No
Spice,Spice Smart Pulse (M-9010),https://www.gsmarena.com/spice_smart_pulse_(m_9010)-7005.php,https://fdn2.gsmarena.com/vv/bigpic/spice-9010.jpg,GSM,No,"2014, July. Released 2014, July",Discontinued,53.7 x 41.7 x 13.6 mm (2.11 x 1.64 x 0.54 in),52.5,,,Dual SIM (Mini-SIM/ Micro-SIM),"TFT, 256K colors",,1.6,240x320,250,,,Proprietary OS,Mediatek MT6260,,360 MHz,No,,,,,,,1,,No,,No,,144p@7fps,,No,,,No,No,2.0,No,No,No,No,420,,,No,,,,,,,,,,,Black,,,0.54 W/kg (head),FM radio
Spice,Spice Fire One (Mi-FX-1),https://www.gsmarena.com/spice_fire_one_(mi_fx_1)-7004.php,https://fdn2.gsmarena.com/vv/bigpic/spice-firefox.jpg,GSM,No,"2014, August. Released 2014, August",Discontinued,115.6 x 62 x 11.2 mm (4.55 x 2.44 x 0.44 in),65.0,,,Dual SIM (Mini-SIM),"TFT, 256K colors",,3.5,320x480,165,50.9,,Firefox OS,Spreadtrum 6821,,1.0 GHz,,,,,,,1.3,1,,No,,No,LED flash,Yes,,No,,,Wi-Fi 802.11 b/g/n,No,2.1,Micro-USB,Yes,No,Accelerometer,1400,,,No,,,,,,,,,,,"White, Black, Orange",,,0.74 W/kg (head),FM radio
Spice,Spice N-300,https://www.gsmarena.com/spice_n_300-7003.php,https://fdn2.gsmarena.com/vv/bigpic/N300.jpg,GSM,No,"2014, August. Released 2014, August",Discontinued,150.4 x 74.8 x 9.8 mm (5.92 x 2.94 x 0.39 in),180.0,,,Dual SIM (Mini-SIM/ Micro-SIM),"IPS LCD, 256K colors",,5.0,480x854,196,61.2,,Android 4.4.2 (KitKat),Mediatek MT6571 (28 nm),28,Dual-core 1.3 GHz Cortex-A7,Mali-400,,,4,4,,8.0,1,,No,,No,"LED flash, panorama",720p@30fps,2.0,No,,,"Wi-Fi 802.11 b/g/n, hotspot",No,4.0,Micro-USB,Yes,GPS,"Accelerometer, proximity",2000,,,No,,,,,,,,,,,Blue,,,0.82 W/kg (head),FM radio
Spice,Spice Smart Flo 508 (Mi-508),https://www.gsmarena.com/spice_smart_flo_508_(mi_508)-7002.php,https://fdn2.gsmarena.com/vv/bigpic/spice-508.jpg,GSM,No,"2014, August. Released 2014, August",Discontinued,150.4 x 74.8 x 9.8 mm (5.92 x 2.94 x 0.39 in),180.0,,,Dual SIM (Mini-SIM/ Micro-SIM),"IPS LCD, 256K colors",,5.0,480x854,196,61.2,,Android 4.4.2 (KitKat),Mediatek MT6571 (28 nm),28,Dual-core 1.3 GHz Cortex-A7,Mali-400,,,4,4,,8.0,1,,No,,No,"LED flash, panorama",720p@30fps,2.0,No,,,"Wi-Fi 802.11 b/g/n, hotspot",No,4.0,Micro-USB,Yes,GPS,"Accelerometer, proximity",2000,,,No,,,,,,,,,,,Blue,,,0.82 W/kg (head),FM radio
Spice,Spice Smart Flo 503 (Mi-503),https://www.gsmarena.com/spice_smart_flo_503_(mi_503)-7001.php,https://fdn2.gsmarena.com/vv/bigpic/spice-503.jpg,GSM,No,"2014, August. Released 2014, August",Discontinued,150.4 x 74.8 x 9.8 mm (5.92 x 2.94 x 0.39 in),180.0,,,Dual SIM (Mini-SIM/ Micro-SIM),"IPS LCD, 256K colors",,5.0,480x854,196,61.2,,Android 4.4.2 (KitKat),Mediatek MT6571 (28 nm),28,Dual-core 1.3 GHz Cortex-A7,Mali-400,,,4,4,,8.0,1,,No,,No,"LED flash, panorama",720p@30fps,2.0,No,,,"Wi-Fi 802.11 b/g/n, hotspot",No,4.0,Micro-USB,Yes,GPS,"Accelerometer, proximity",2000,,,No,,,,,,,,,,,"White, Gray",,,0.82 W/kg (head),FM radio
Spice,Spice Smart Flo 359 (Mi-359),https://www.gsmarena.com/spice_smart_flo_359_(mi_359)-7000.php,https://fdn2.gsmarena.com/vv/bigpic/spice-359.jpg,GSM,No,"2014, August. Released 2014, August",Discontinued,117.5 x 62.9 x 12 mm (4.63 x 2.48 x 0.47 in),130.0,,,Dual SIM (Mini-SIM),"TFT, 256K colors",,3.5,320x480,165,49.4,,Android 4.4.2 (KitKat),Mediatek MT6571 (28 nm),28,Dual-core 1.3 GHz Cortex-A7,Mali-400,,,,,,2.0,1,,No,,No,LED flash,720p@25fps,1.3,No,,,"Wi-Fi 802.11 b/g/n, hotspot",No,3.0,Micro-USB,Yes,GPS,Accelerometer,1400,,,No,,,,,,,,,,,"Titanium Grey, Silver",,,0.51 W/kg (head),FM radio
Spice,Spice Smart Flo 358 (Mi-358),https://www.gsmarena.com/spice_smart_flo_358_(mi_358)-6999.php,https://fdn2.gsmarena.com/vv/bigpic/spice-358.jpg,GSM,No,"2014, October. Released 2014, October",Discontinued,118 x 60.4 x 10.8 mm (4.65 x 2.38 x 0.43 in),130.0,,,Dual SIM (Mini-SIM),"TFT, 256K colors",,3.5,320x480,165,51.2,,Android 4.4.2 (KitKat),Mediatek MT6571 (28 nm),28,Dual-core 1.3 GHz Cortex-A7,Mali-400,,,,,,2.0,1,,No,,No,LED flash,720p@25fps,1.3,No,,,"Wi-Fi 802.11 b/g/n, hotspot",No,3.0,Micro-USB,Yes,A-GPS,Accelerometer,1450,,,No,,,,,,,,,,,"White, Gray",,,0.57 W/kg (head),FM radio
Spice,Spice Stellar 439 (Mi-439),https://www.gsmarena.com/spice_stellar_439_(mi_439)-6998.php,https://fdn2.gsmarena.com/vv/bigpic/spice-439.jpg,GSM / HSPA,No,"2014, August. Released 2014, August",Discontinued,125 x 63 x 10 mm (4.92 x 2.48 x 0.39 in),113.8,,,Dual SIM (Mini-SIM),"TFT, 256K colors",,4.0,480x800,233,57.8,,Android 4.4.2 (KitKat),Mediatek MT6572M (28 nm),28,Dual-core 1.0 GHz Cortex-A7,Mali-400,,,4,4,,3.15,1,,No,,No,,720p@25fps,1.3,No,,,"Wi-Fi 802.11 b/g/n, hotspot",No,3.0,Micro-USB,Yes,A-GPS,Accelerometer,1400,,,No,,,,,,,,,,,"Brown, Silver",,,0.85 W/kg (head),FM radio
Spice,Spice Stellar 361 (Mi-361),https://www.gsmarena.com/spice_stellar_361_(mi_361)-6997.php,https://fdn2.gsmarena.com/vv/bigpic/spice-361.jpg,GSM / HSPA,No,"2014, July. Released 2014, July",Discontinued,115.3 x 60.6 x 11.9 mm (4.54 x 2.39 x 0.47 in),102.0,,,Dual SIM (Mini-SIM),"TFT, 256K colors",,3.5,320x480,165,52.2,,Android 4.2.2 (Jelly Bean),Mediatek MT6572M (28 nm),28,Dual-core 1.0 GHz Cortex-A7,Mali-400,,,,,,2.0,1,,No,,No,LED flash,480p@25fps,1.3,No,,,"Wi-Fi 802.11 b/g/n, hotspot",No,2.0,Micro-USB,Yes,GPS,Accelerometer,1400,,,No,,,,,,,,,,,"Black, White",,,0.81 W/kg (head),FM radio
Spice,Spice Stellar 507 (Mi-507),https://www.gsmarena.com/spice_stellar_507_(mi_507)-6996.php,https://fdn2.gsmarena.com/vv/bigpic/spice-507.jpg,GSM / HSPA,No,"2014, August. Released 2014, August",Discontinued,145.2 x 72.7 x 10.7 mm (5.72 x 2.86 x 0.42 in),184.0,,,Dual SIM (Mini-SIM/ Micro-SIM),"TFT, 256K colors",,5.0,480x854,196,65.3,,Android 4.4.2 (KitKat),Mediatek MT6572 (28 nm),28,Dual-core 1.3 GHz Cortex-A7,Mali-400,,,4,4,,8.0,1,,No,,No,"LED flash, panorama",720p@30fps,1.3,No,,,"Wi-Fi 802.11 b/g/n, hotspot",No,4.0,Micro-USB,Yes,GPS,"Accelerometer, proximity",1800,,,No,,,,,,,,,,,"Red/Black, Blue/Black",,,0.94 W/kg (head),FM radio
Spice,Spice Stellar 509 (Mi-509),https://www.gsmarena.com/spice_stellar_509_(mi_509)-6995.php,https://fdn2.gsmarena.com/vv/bigpic/spice-509.jpg,GSM / HSPA,No,"2014, May. Released 2014, May",Discontinued,145 x 79 x 9.5 mm (5.71 x 3.11 x 0.37 in),120.0,,,Mini-SIM,IPS LCD,,5.0,480x854,196,60.1,,Android 4.4.2 (KitKat),Mediatek MT6582M (28 nm),28,Quad-core 1.3 GHz Cortex-A7,Mali-400MP2,1,1,4,4,,8.0,1,,No,,No,"LED flash, panorama, HDR",720p@30fps,2.0,No,,,"Wi-Fi 802.11 a/b/g/n, dual-band, hotspot",No,3.0,Micro-USB,Yes,GPS,"Accelerometer, proximity",2000,,,No,,,,,,,,,,,White,,,0.92 W/kg (head),FM radio
Spice,Spice Stellar 600 (Mi-600),https://www.gsmarena.com/spice_stellar_600_(mi_600)-6976.php,https://fdn2.gsmarena.com/vv/bigpic/spice-600.jpg,GSM / HSPA,No,"2014, July. Released 2014, July",Discontinued,,189.0,,,Dual SIM (Mini-SIM/ Micro-SIM),IPS LCD,,6.0,540x960,184,,,Android 4.4.2 (KitKat),Mediatek MT6582M (28 nm),28,Quad-core 1.3 GHz Cortex-A7,Mali-400MP2,1,1,4,4,,8.0,1,,No,,No,"LED flash, panorama, HDR",720p@30fps,3.15,No,,,"Wi-Fi 802.11 a/b/g/n, dual-band, hotspot",No,3.0,Micro-USB,Yes,GPS,"Accelerometer, proximity",2500,,,No,,,,,,,,,,,White,,,0.44 W/kg (head),FM radio
Spice,Spice Stellar 526 (Mi-526),https://www.gsmarena.com/spice_stellar_526_(mi_526)-6975.php,https://fdn2.gsmarena.com/vv/bigpic/spice-526.jpg,GSM / HSPA,No,"2014, July. Released 2014, July",Discontinued,143.6 x 71.7 x 8.3 mm (5.65 x 2.82 x 0.33 in),210.0,,,Dual SIM (Mini-SIM/ Micro-SIM),TFT,,5.0,720x1280,294,66.9,,Android 4.4.2 (KitKat),Mediatek MT6591,,Hexa-core 1.5 GHz Cortex-A7,Mali-450MP4,1,1,8,8,,8.0,1,,No,,No,"LED flash, panorama, HDR",1080p@30fps,3.15,No,,,"Wi-Fi 802.11 a/b/g/n, dual-band, hotspot",No,4.0,Micro-USB,Yes,GPS,"Accelerometer, proximity",2500,,,No,,,,,,,,,,,"White, Silver",,,0.44 W/kg (head),FM radio
Spice,Spice Stellar 520 (Mi-520),https://www.gsmarena.com/spice_stellar_520_(mi_520)-6974.php,https://fdn2.gsmarena.com/vv/bigpic/spice-520.jpg,GSM / HSPA,No,"2014, July. Released 2014, July",Discontinued,145 x 72.8 x 8.5 mm (5.71 x 2.87 x 0.33 in),156.0,,,Mini-SIM,IPS LCD,,5.0,720x1280,294,65.3,,Android 4.4.2 (KitKat),Mediatek MT6582 (28 nm),28,Quad-core 1.3 GHz Cortex-A7,Mali-400MP2,1,1,4,4,,8.0,1,,No,,No,"LED flash, panorama, HDR",Yes,2.0,No,,,"Wi-Fi 802.11 b/g/n, hotspot",No,3.0,Micro-USB,Yes,GPS,"Accelerometer, proximity",2000,,,No,,,,,,,,,,,Red/Yellow,,,0.82 W/kg (head),FM radio
Spice,Spice Stellar 520n (Mi-520n),https://www.gsmarena.com/spice_stellar_520n_(mi_520n)-6972.php,https://fdn2.gsmarena.com/vv/bigpic/spice-520n.jpg,GSM / HSPA,No,"2014, December. Released 2014, December",Discontinued,145 x 72.8 x 8.5 mm (5.71 x 2.87 x 0.33 in),156.0,,,Mini-SIM,IPS LCD,,5.0,720x1280,294,65.3,,Android 4.4.2 (KitKat),Mediatek MT6582 (28 nm),28,Quad-core 1.3 GHz Cortex-A7,Mali-400MP2,1,1,8,8,,8.0,1,,No,,No,"LED flash, panorama, HDR",Yes,2.0,No,,,"Wi-Fi 802.11 b/g/n, hotspot",No,3.0,Micro-USB,Yes,GPS,"Accelerometer, proximity",2000,,,No,,,,,,,,,,,Red/Yellow,,,0.82 W/kg (head),FM radio
Spice,Spice Stellar 440 (Mi-440),https://www.gsmarena.com/spice_stellar_440_(mi_440)-6973.php,https://fdn2.gsmarena.com/vv/bigpic/spice-440.jpg,GSM / HSPA,No,"2014, December. Released 2014, December",Discontinued,127.6 x 63.8 x 11.5 mm (5.02 x 2.51 x 0.45 in),119.0,,,Mini-SIM,"TFT, 256K colors",,4.0,480x800,233,55.9,,Android 4.4.2 (KitKat),Mediatek MT6572 (28 nm),28,Dual-core 1.0 GHz Cortex-A7,Mali-400,,,4,4,,3.15,1,,No,,No,LED flash,480p@25fps,1.3,No,,,"Wi-Fi 802.11 b/g/n, hotspot",No,2.0,Micro-USB,Yes,GPS,Accelerometer,1400,,,No,,,,,,,,,,,Gray,,,0.58 W/kg (head),FM radio
Spice,Spice Stellar 470 (Mi-470),https://www.gsmarena.com/spice_stellar_470_(mi_470)-6971.php,https://fdn2.gsmarena.com/vv/bigpic/spice-470.jpg,GSM / HSPA,No,"2014, October. Released 2014, October",Discontinued,137.8 x 68.6 x 7.9 mm (5.43 x 2.70 x 0.31 in),140.0,,,Dual SIM (Mini-SIM/ Micro-SIM),TFT,,4.7,540x960,234,64.4,,Android 4.4.2 (KitKat),Mediatek MT6582 (28 nm),28,Quad-core 1.3 GHz Cortex-A7,Mali-400MP2,1,1,8,8,,8.0,1,,No,,No,"LED flash, panorama, HDR",1080p@30fps,3.2,No,,,"Wi-Fi 802.11 a/b/g/n, dual-band, hotspot",No,4.0,Micro-USB,Yes,GPS,"Accelerometer, proximity",1500,,,No,,,,,,,,,,,"Black, Blue",,,0.89 W/kg (head),FM radio
Spice,Spice Mi-449 3G,https://www.gsmarena.com/spice_mi_449_3g-6745.php,https://fdn2.gsmarena.com/vv/bigpic/Mi-449-3G.jpg,GSM / HSPA,No,2014. Released 2014,Discontinued,134.5 x 69.5 x 8.7 mm (5.30 x 2.74 x 0.34 in),156.0,,,Dual SIM,TFT,,,480x854,,,,Android 4.4 (KitKat),,,,,,,,,,3.15,1,,No,,No,,Yes,1.3,No,,,Wi-Fi 802.11 b/g/n,No,2.0,Micro-USB,Yes,A-GPS only,Accelerometer,1450,,,No,,,,,,,,,,,"White, Gray",,,,FM radio
Spice,Spice Mi-451 3G,https://www.gsmarena.com/spice_mi_451_3g-6744.php,https://fdn2.gsmarena.com/vv/bigpic/Mi-451-3G.jpg,GSM / HSPA,No,2014. Released 2014,Discontinued,134.5 x 69.5 x 8.7 mm (5.30 x 2.74 x 0.34 in),156.0,,,Dual SIM,TFT,,,480x854,,,,Android 4.4 (KitKat),,,,,,,,,,3.15,1,,No,,No,,Yes,1.3,No,,,Wi-Fi 802.11 b/g/n,No,2.0,Micro-USB,Yes,A-GPS only,Accelerometer,1450,,,No,,,,,,,,,,,"White, Gray",,,,FM radio
Spice,Spice Mi-498 Dream Uno,https://www.gsmarena.com/spice_mi_498_dream_uno-6683.php,https://fdn2.gsmarena.com/vv/bigpic/spice-498.jpg,GSM / HSPA,No,"2014, September. Released 2014, September",Discontinued,132 x 67 x 9.2 mm (5.20 x 2.64 x 0.36 in),107.0,,,Dual SIM,TFT,,4.5,480x854,218,63.1,,"Android 4.4.4 (KitKat), upgradable to 5.1.1 (Lollipop), Android One",Mediatek MT6582 (28 nm),28,Quad-core 1.3 GHz Cortex-A7,Mali-400MP2,1,1,4,4,,5.0,1,,No,,No,LED flash,Yes,2.0,No,,,"Wi-Fi 802.11 b/g/n, hotspot",No,2.1,Micro-USB,Yes,GPS,"Accelerometer, proximity",1700,,,No,,,90.0,,,,,,,,"Black, White",,,,FM radio
Spice,Spice Mi-506 Stellar Mettle Icon,https://www.gsmarena.com/spice_mi_506_stellar_mettle_icon-6322.php,https://fdn2.gsmarena.com/vv/bigpic/spice-506.jpg,GSM / HSPA,No,"2014, March. Released 2014, March",Discontinued,145 x 72.9 x 9.6 mm (5.71 x 2.87 x 0.38 in),177.0,,,Dual SIM (Mini-SIM),TFT,,5.0,480x854,196,65.2,,Android 4.2 (Jelly Bean),,,,,,,,,,8.0,1,,No,,No,LED flash,Yes,1.3,No,,,Wi-Fi 802.11 b/g/n,No,4.0,Micro-USB,Yes,GPS,Accelerometer,1800,,,No,,,80.0,,,,,,,,White/Silver,,,,FM radio
Spice,Spice Mi-356 Smart Flo Mettle 3.5X,https://www.gsmarena.com/spice_mi_356_smart_flo_mettle_3_5x-6321.php,https://fdn2.gsmarena.com/vv/bigpic/spice-356.jpg,GSM,No,"2014, January. Released 2014, January",Discontinued,119.9 x 63 x 11.5 mm (4.72 x 2.48 x 0.45 in),112.0,,,Dual SIM (Mini-SIM),TFT,,3.5,320x480,165,48.3,,Android 4.2 (Jelly Bean),,,,,,,,,,2.0,1,,No,,No,,Yes,1.3,No,,,Wi-Fi 802.11 b/g/n,No,2.0,Micro-USB,Yes,A-GPS only,Accelerometer,1500,,,No,,,40.0,,,,,,,,Silver,,,,FM radio
Spice,Spice Mi-426 Smart Flo Mettle 4.0X,https://www.gsmarena.com/spice_mi_426_smart_flo_mettle_4_0x-6320.php,https://fdn2.gsmarena.com/vv/bigpic/spice-426.jpg,GSM,No,"2014, January. Released 2014, January",Discontinued,119.9 x 58 x 10.8 mm (4.72 x 2.28 x 0.43 in),122.0,,,Dual SIM (Mini-SIM),TFT,,4.0,480x800,233,65.5,,Android 4.2 (Jelly Bean),,,,,,,,,,2.0,1,,No,,No,,Yes,1.3,No,,,Wi-Fi 802.11 b/g/n,No,2.0,Micro-USB,Yes,GPS,Accelerometer,1400,,,No,,,50.0,,,,,,,,Silver,,,,FM radio
Spice,Spice Mi-438 Stellar Glide,https://www.gsmarena.com/spice_mi_438_stellar_glide-6319.php,https://fdn2.gsmarena.com/vv/bigpic/spice-438.jpg,GSM / HSPA,No,"2014, April. Released 2014, June",Discontinued,145 x 79 x 9.5 mm (5.71 x 3.11 x 0.37 in),155.0,,,Dual SIM (Mini-SIM),TFT,,4.0,480x800,233,39.8,,Android 4.2 (Jelly Bean),,,,,,,,,,2.0,1,,No,,No,,Yes,1.3,No,,,Wi-Fi 802.11 b/g/n,No,4.0,Micro-USB,Yes,GPS,Accelerometer,1350,,,No,,,60.0,,,,,,,,Black/White,,,,FM radio
Spice,Spice Mi-504 Smart Flo Mettle 5X,https://www.gsmarena.com/spice_mi_504_smart_flo_mettle_5x-6318.php,https://fdn2.gsmarena.com/vv/bigpic/spice-504.jpg,GSM,No,"2014, February. Released 2014, February",Discontinued,148.5 x 78.9 x 10.4 mm (5.85 x 3.11 x 0.41 in),190.0,,,Dual SIM (Mini-SIM),TFT,,5.0,480x854,196,58.8,,Android 4.2 (Jelly Bean),,,,,,,,,,8.0,1,,No,,No,LED flash,Yes,1.3,No,,,Wi-Fi 802.11 b/g/n,No,2.0,Micro-USB,Yes,GPS,Accelerometer,1800,,,No,,,80.0,,,,,,,,White,,,,FM radio
Spice,Spice Mi-451 Smartflo Poise,https://www.gsmarena.com/spice_mi_451_smartflo_poise-6317.php,https://fdn2.gsmarena.com/vv/bigpic/spice-451.jpg,GSM,No,"2014, February. Released 2014, June",Discontinued,134.5 x 69.5 x 8.7 mm (5.30 x 2.74 x 0.34 in),156.0,,,Dual SIM (Mini-SIM),IPS LCD,,4.5,480x854,218,59.7,,Android 4.2 (Jelly Bean),,,,,,,,,,3.15,1,,No,,No,,Yes,1.3,No,,,Wi-Fi 802.11 b/g/n,No,4.0,Micro-USB,Yes,A-GPS only,Accelerometer,1450,,,No,,,60.0,,,,,,,,White,,,,FM radio
Spice,Spice Mi-496 Spice Coolpad 2,https://www.gsmarena.com/spice_mi_496_spice_coolpad_2-5865.php,https://fdn2.gsmarena.com/vv/bigpic/spice-coolpad-2-mi-496.jpg,GSM / HSPA,No,"2013, November. Released 2013, November",Discontinued,-,,,,Dual SIM,TFT,,4.5,540x960,245,,,Android 4.1 (Jelly Bean),Mediatek MT6589 (28 nm),28,Quad-core 1.2 GHz Cortex-A7,PowerVR SGX544,1,1,4,4,,5.0,1,,No,,No,LED flash,Yes,,No,,,Wi-Fi 802.11 b/g/n,No,,Micro-USB,Yes,A-GPS,"Accelerometer, proximity",1700,,,No,,,110.0,,,,,,,,White,,,,FM radio
Spice,Spice Mi-423 Smart Flo Ivory 2,https://www.gsmarena.com/spice_mi_423_smart_flo_ivory_2-5828.php,https://fdn2.gsmarena.com/vv/bigpic/spice-smart-flo-ivory-2-mi-423.jpg,GSM,No,"2013, September. Released 2013, September",Discontinued,126.3 x 68.6 x 11.2 mm (4.97 x 2.70 x 0.44 in),,,,Dual SIM,"TFT, 256K colors",,4.0,320x480,144,55.0,,Android 4.2.2 (Jelly Bean),,,Dual-core 1.0 GHz,,,,,,,3.15,1,,No,,No,,Yes,1.3,No,,,Wi-Fi 802.11 b/g/n,No,,Micro-USB,Yes,No,Accelerometer,1400,,,No,,,50.0,,,,,,,,White,,,,FM radio
Spice,Spice Mi-349 Smart Flo Edge,https://www.gsmarena.com/spice_mi_349_smart_flo_edge-5829.php,https://fdn2.gsmarena.com/vv/bigpic/spice-smart-flo-edge-mi-349.jpg,GSM,No,"2013, September. Released 2013, September",Discontinued,117 x 63 x 12.3 mm (4.61 x 2.48 x 0.48 in),,,,Dual SIM,"TFT, 256K colors",,3.5,320x480,165,49.5,,Android 2.3.5 (Gingerbread),,,1.0 GHz,,,,,,,1.3,1,,No,,No,,Yes,,No,,,Wi-Fi 802.11 b/g/n,No,,Micro-USB,Yes,A-GPS only,Accelerometer,1500,,,No,,,40.0,,,,,,,,White,,,,FM radio
Spice,Spice Mi-550 Pinnacle Stylus,https://www.gsmarena.com/spice_mi_550_pinnacle_stylus-5813.php,https://fdn2.gsmarena.com/vv/bigpic/spice-mi-550.jpg,GSM / HSPA,No,"2013, September. Released 2013, September",Discontinued,160 x 79 x 9.5 mm (6.30 x 3.11 x 0.37 in),155.0,,,Dual SIM,TFT,,,720x1280,,,,Android 4.2 (Jelly Bean),,,,,,,,,,8.0,1,,No,,No,,Yes,2.0,No,,,Wi-Fi 802.11 b/g/n,No,4.0,Micro-USB,Yes,GPS,"Accelerometer, proximity",2500,,,No,,,150.0,,,,,,,,"Black, White",,,,FM radio
Spice,Spice Mi-502n Smart FLO Pace3,https://www.gsmarena.com/spice_mi_502n_smart_flo_pace3-5812.php,https://fdn2.gsmarena.com/vv/bigpic/spice-mi-502n.jpg,GSM,No,"2013, September. Released 2013, September",Discontinued,148.5 x 78.9 x 10.4 mm (5.85 x 3.11 x 0.41 in),190.0,,,Dual SIM,TFT,,,480x800,,,,Android 4.2 (Jelly Bean),,,,,,,,,,8.0,1,,No,,No,,Yes,1.3,No,,,Wi-Fi 802.11 b/g/n,No,4.0,Micro-USB,Yes,GPS,"Accelerometer, proximity",2100,,,No,,,80.0,,,,,,,,White. Blue,,,,FM radio
Spice,Spice Mi-492 Stellar Virtuoso Pro+,https://www.gsmarena.com/spice_mi_492_stellar_virtuoso_pro+-5811.php,https://fdn2.gsmarena.com/vv/bigpic/spice-virtuoso-pro-plus.jpg,GSM / HSPA,No,"2013, September. Released 2013, September",Discontinued,133.8 x 68.2 x 10 mm (5.27 x 2.69 x 0.39 in),123.3,,,Dual SIM,TFT,,,480x854,,,,Android 4.2 (Jelly Bean),,,,,,,,,,5.0,1,,No,,No,,Yes,1.3,No,,,Wi-Fi 802.11 b/g/n,No,4.0,Micro-USB,Yes,GPS,"Accelerometer, proximity",1730,,,No,,,80.0,,,,,,,,"Black, White",,,,FM radio
Spice,Spice Mi-437 Stellar Nhance 2,https://www.gsmarena.com/spice_mi_437_stellar_nhance_2-5810.php,https://fdn2.gsmarena.com/vv/bigpic/spice-mi-437.jpg,GSM / HSPA,No,"2013, October. Released 2013, October",Discontinued,124.5 x 65.5 x 10.5 mm (4.90 x 2.58 x 0.41 in),108.0,,,Dual SIM,TFT,,,480x800,,,,Android 4.2 (Jelly Bean),,,,,,,,,,3.15,1,,No,,No,,Yes,1.3,No,,,Wi-Fi 802.11 b/g/n,No,,Micro-USB,Yes,GPS,"Accelerometer, proximity",1400,,,No,,,70.0,,,,,,,,Gray,,,,FM radio
Spice,Spice Mi-436 Stellar Glamour,https://www.gsmarena.com/spice_mi_436_stellar_glamour-5653.php,https://fdn2.gsmarena.com/vv/bigpic/spice-mi-436.jpg,GSM / HSPA,No,"2013, August",Discontinued,125 x 65.8 x 11.5 mm (4.92 x 2.59 x 0.45 in),100.0,,,Dual SIM,TFT,,4.0,480x800,233,55.4,,Android 4.2 (Jelly Bean),Mediatek MT6572 (28 nm),28,Dual-core 1.2 GHz Cortex-A7,Mali-400,,,,,,5.0,1,,No,,No,,Yes,1.3,No,,,Wi-Fi 802.11 b/g/n,No,3.0,Micro-USB,Yes,GPS,"Accelerometer, proximity",1400,,,No,,,70.0,,,,,,,,"Blue, Red/black",,,,FM radio
Spice,Spice Mi-354 Smartflo Space,https://www.gsmarena.com/spice_mi_354_smartflo_space-5652.php,https://fdn2.gsmarena.com/vv/bigpic/spice-mi-354.jpg,GSM,No,"2013, August",Discontinued,118.2 x 60.8 x 12.4 mm (4.65 x 2.39 x 0.49 in),125.0,,,Dual SIM,TFT,,3.5,320x480,165,50.8,,Android 4.2 (Jelly Bean),Mediatek MT6517,,Dual-core 1.0 GHz Cortex-A9,PowerVR SGX531u,,,,,,3.15,1,,No,,No,,Yes,1.3,No,,,Wi-Fi 802.11 b/g/n,No,3.0,Micro-USB,Yes,GPS,"Accelerometer, proximity",1450,,,No,,,40.0,,,,,,,,"Black/silver, White/silver",,,,FM radio
Spice,Spice Mi-525 Pinnacle FHD,https://www.gsmarena.com/spice_mi_525_pinnacle_fhd-5594.php,https://fdn2.gsmarena.com/vv/bigpic/spice-pinnacle-fhd-mi-525.jpg,GSM / HSPA,No,"2013, June. Released 2013, July",Discontinued,149.4 x 74.9 x 9.3 mm (5.88 x 2.95 x 0.37 in),175.0,,,Dual SIM,IPS LCD,,5.0,1080x1920,441,61.6,,Android 4.2 (Jelly Bean),Mediatek MT6589 (28 nm),28,Quad-core 1.5 GHz Cortex-A7,PowerVR SGX544,1,1,8,8,,8.0,1,,No,,No,Dual-LED flash,1080p@30fps,2.0,No,,,"Wi-Fi 802.11 b/g/n, hotspot",No,4.0,Micro-USB,Yes,GPS,"Accelerometer, gyro, proximity",2100,,,No,,,160.0,,,,,,,,Black/White,,,0.91 W/kg (head),FM radio
Spice,Spice Mi-515 Coolpad,https://www.gsmarena.com/spice_mi_515_coolpad-5546.php,https://fdn2.gsmarena.com/vv/bigpic/spice-mi-515.jpg,GSM / HSPA,No,"2013, June. Released 2013, June",Discontinued,140 x 73 x 9.9 mm (5.51 x 2.87 x 0.39 in),161.0,,,Dual SIM,IPS LCD,,5.0,540x960,220,67.4,,Android 4.1 (Jelly Bean),Mediatek MT6589 (28 nm),28,Quad-core 1.2 GHz Cortex-A7,PowerVR SGX544,1,1,4,4,,5.0,1,,No,,No,LED flash,Yes,,No,,,Wi-Fi 802.11 b/g/n,No,3.0,Micro-USB,Yes,GPS,Accelerometer,2000,,,No,,,130.0,,,,,,,,Black,,,0.37 W/kg (head),FM radio
Spice,Spice Mi-510 Stellar Prime,https://www.gsmarena.com/spice_mi_510_stellar_prime-5528.php,https://fdn2.gsmarena.com/vv/bigpic/spice-510.jpg,GSM / HSPA,No,"2013, June. Released 2013, July",Discontinued,145 x 74 x 9.9 mm (5.71 x 2.91 x 0.39 in),176.0,,,Dual SIM (Mini-SIM),TFT,,5.0,480x854,196,64.2,,Android 4.2 (Jelly Bean),Mediatek MT6589 (28 nm),28,Quad-core 1.2 GHz Cortex-A7,PowerVR SGX544,,,,,,8.0,1,,No,,No,LED flash,Yes,3.0,No,,,Wi-Fi 802.11 b/g/n,No,3.0,Micro-USB,Yes,GPS,Accelerometer,2100,,,No,,,220.0,,,,,,,,White,,,,FM radio
Spice,Spice Mi-505 Stellar Horizon Pro,https://www.gsmarena.com/spice_mi_505_stellar_horizon_pro-5527.php,https://fdn2.gsmarena.com/vv/bigpic/spice-505.jpg,GSM / HSPA,No,"2013, May. Released 2013, May",Discontinued,148 x 77.2 x 9.6 mm (5.83 x 3.04 x 0.38 in),186.0,,,Dual SIM (Mini-SIM),TFT,,5.0,480x800,187,62.3,,Android 4.0 (Ice Cream Sandwich),Mediatek MT6577 (40 nm),40,Dual-core 1.0 GHz Cortex-A9,PowerVR SGX531u,,,,,,5.0,1,,No,,No,Dual-LED flash,Yes,1.3,No,,,Wi-Fi 802.11 b/g/n,No,4.0,Micro-USB,Yes,GPS,Accelerometer,2100,,,No,,,90.0,,,,,,,,White,,,,FM radio
Spice,Spice Mi-491 Stellar Virtuoso Pro,https://www.gsmarena.com/spice_mi_491_stellar_virtuoso_pro-5526.php,https://fdn2.gsmarena.com/vv/bigpic/spice-491.jpg,GSM / HSPA,No,"2013, June. Released 2013, July",Discontinued,135 x 68 x 9.9 mm (5.31 x 2.68 x 0.39 in),143.0,,,Dual SIM (Mini-SIM),TFT,,4.5,480x854,218,60.8,,Android 4.1 (Jelly Bean),Mediatek MT6577 (40 nm),40,Dual-core 1.0 GHz Cortex-A9,PowerVR SGX531u,,,,,,5.0,1,,No,,No,,Yes,1.3,No,,,Wi-Fi 802.11 b/g/n,No,3.0,Micro-USB,Yes,A-GPS only,Accelerometer,1700,,,No,,,80.0,,,,,,,,Black,,,,FM radio
Spice,Spice Mi-450 Smartflo Ivory,https://www.gsmarena.com/spice_mi_450_smartflo_ivory-5525.php,https://fdn2.gsmarena.com/vv/bigpic/spice-450.jpg,GSM,No,"2013, May. Released 2013, May",Discontinued,131.7 x 68.5 x 11.1 mm (5.19 x 2.70 x 0.44 in),130.0,,,Dual SIM (Mini-SIM),TFT,,4.5,480x800,207,63.9,,Android 4.0 (Ice Cream Sandwich),Mediatek MT6517,,Dual-core 1.0 GHz Cortex-A9,PowerVR SGX531u,,,,,,3.15,1,,No,,No,LED flash,Yes,1.3,No,,,Wi-Fi 802.11 b/g/n,No,,Micro-USB,Yes,A-GPS only,Accelerometer,1500,,,No,,,70.0,,,,,,,,White,,,,FM radio
Spice,Spice Mi-422 Smartflo Pace,https://www.gsmarena.com/spice_mi_422_smartflo_pace-5524.php,https://fdn2.gsmarena.com/vv/bigpic/spice-422.jpg,GSM,No,"2013, May. Released 2013, May",Discontinued,126 x 63.8 x 10.9 mm (4.96 x 2.51 x 0.43 in),90.0,,,Dual SIM (Mini-SIM),TFT,,4.0,480x800,233,56.7,,Android 4.0 (Ice Cream Sandwich),Mediatek MT6515,,1.0 GHz Cortex-A9,PowerVR SGX531,,,,,,3.15,1,,No,,No,LED flash,Yes,1.3,No,,,Wi-Fi 802.11 b/g/n,No,,Micro-USB,Yes,A-GPS only,Accelerometer,1300,,,No,,,50.0,,,,,,,,White,,,,FM radio
Spice,Spice Mi-353 Stellar Jazz,https://www.gsmarena.com/spice_mi_353_stellar_jazz-5523.php,https://fdn2.gsmarena.com/vv/bigpic/spice-353.jpg,GSM / HSPA,No,"2013, May. Released 2013, May",Discontinued,124.1 x 63.7 x 13.6 mm (4.89 x 2.51 x 0.54 in),135.0,,,Dual SIM (Mini-SIM),TFT,,3.5,320x480,165,46.1,,Android 2.3 (Gingerbread),,,,,,,,,,3.15,1,,No,,No,LED flash,Yes,1.3,No,,,Wi-Fi 802.11 b/g/n,No,3.0,Micro-USB,Yes,GPS,Accelerometer,1500,,,No,,,40.0,,,,,,,,White,,,,FM radio
Spice,Spice Mi-725 Stellar Slatepad,https://www.gsmarena.com/spice_mi_725_stellar_slatepad-5442.php,https://fdn2.gsmarena.com/vv/bigpic/spice-mi-725.jpg,GSM / HSPA,No,"2013, May. Released 2013, May",Discontinued,194.4 x 124.5 x 12.2 mm (7.65 x 4.90 x 0.48 in),450.0,,,Yes,TFT,,7.0,600x1024,170,57.0,,Android 4.1 (Jelly Bean),,,,,,,,,,3.15,1,,No,,No,,Yes,1.3,No,,,Wi-Fi 802.11 b/g/n,No,4.0,Micro-USB,Yes,GPS,Accelerometer,3000,,,No,,,120.0,,,,,,,,White,,,,FM radio
Spice,Spice Mi-502 Smartflo Pace2,https://www.gsmarena.com/spice_mi_502_smartflo_pace2-5441.php,https://fdn2.gsmarena.com/vv/bigpic/spice-mi-502.jpg,GSM,No,"2013, May. Released 2013, May",Discontinued,148 x 77.2 x 9.6 mm (5.83 x 3.04 x 0.38 in),185.0,,,Dual SIM,TFT,,5.0,480x800,187,62.3,,Android 4.0 (Ice Cream Sandwich),,,,,,,,,,5.0,1,,No,,No,Dual-LED flash,Yes,1.3,No,,,Wi-Fi 802.11 b/g/n,No,4.0,Micro-USB,Yes,A-GPS only,"Accelerometer, proximity",2100,,,No,,,100.0,,,,,,,,"White, Blue",,,,FM radio
Spice,Spice Mi-535 Stellar Pinnacle Pro,https://www.gsmarena.com/spice_mi_535_stellar_pinnacle_pro-5440.php,https://fdn2.gsmarena.com/vv/bigpic/spice-mi-535.jpg,GSM / HSPA,No,"2013, May. Released 2013, May",Discontinued,152 x 79 x 10.3 mm (5.98 x 3.11 x 0.41 in),196.3,,,Dual SIM,IPS LCD,,5.3,540x960,208,64.5,,Android 4.2 (Jelly Bean),Mediatek MT6589 (28 nm),28,Quad-core 1.2 GHz Cortex-A7,PowerVR SGX544,1,1,16,16,,8.0,1,,No,,No,Dual-LED flash,Yes,5.0,No,,,Wi-Fi 802.11 b/g/n,No,4.0,Micro-USB,Yes,GPS,"Accelerometer, gyro, proximity, compass",2550,,,No,,,210.0,,,,,,,,Brown,,,,FM radio
Spice,Spice Mi-530 Stellar Pinnacle,https://www.gsmarena.com/spice_mi_530_stellar_pinnacle-5278.php,https://fdn2.gsmarena.com/vv/bigpic/Spice-Stellar-Pinnacle-Mi-530.jpg,GSM / HSPA,No,"2013, January. Released 2013, February",Discontinued,152 x 79 x 10.3 mm (5.98 x 3.11 x 0.41 in),196.3,,,Dual SIM (Mini-SIM),TFT,,5.3,540x960,208,64.5,,"Android 4.0 (Ice Cream Sandwich), upgradable to 4.1 (Jelly Bean)",,,,,1,1,16,16,,8.0,1,,No,,No,LED flash,Yes,5.0,No,,,Wi-Fi 802.11 b/g/n,No,4.0,Micro-USB,Yes,GPS,"Accelerometer, proximity, compass",2550,,,No,,,190.0,,,,,,,,Black,,,,FM radio
Spice,Spice Mi-1010 Stellar Pad,https://www.gsmarena.com/spice_mi_1010_stellar_pad-5223.php,https://fdn2.gsmarena.com/vv/bigpic/spice-mi-1010.jpg,No cellular connectivity,No,"2013, January. Released 2013, January",Discontinued,-,,,,No,IPS LCD,,10.0,1280x800,151,,,Android 4.1 (Jelly Bean),,,,,,,,,,3.15,1,,No,,No,,Yes,,No,,,Wi-Fi 802.11 b/g/n,No,,Micro-USB,Yes,No,Accelerometer,7600,,,No,,,180.0,,,,,,,,Silver,,,,No
Spice,Spice Mi-495 Stellar Virtuoso,https://www.gsmarena.com/spice_mi_495_stellar_virtuoso-5222.php,https://fdn2.gsmarena.com/vv/bigpic/spice-mi-495.jpg,GSM / HSPA,No,"2013, January. Released 2013, January",Discontinued,-,,,,Dual SIM (Mini-SIM),TFT,,4.5,540x960,245,,,Android 4.0 (Ice Cream Sandwich),,,,,,,,,,8.0,1,,No,,No,LED flash,Yes,1.3,No,,,Wi-Fi 802.11 b/g/n,No,4.0,Micro-USB,Yes,GPS,"Accelerometer, proximity",1700,,,No,,,150.0,,,,,,,,Black/Silver,,,,FM radio
Spice,Spice Mi-500 Stellar Horizon,https://www.gsmarena.com/spice_mi_500_stellar_horizon-5052.php,https://fdn2.gsmarena.com/vv/bigpic/spice-mi-500-stellar-horizon.jpg,GSM / HSPA,No,"2012, September. Released 2012, October",Discontinued,143 x 77.4 x 10.5 mm (5.63 x 3.05 x 0.41 in),205.0,,,"Dual SIM (Mini-SIM, dual stand-by)",TFT,,5.0,480x800,187,64.3,,Android 4.0 (Ice Cream Sandwich),Mediatek MT6577 (40 nm),40,Dual-core 1.0 GHz Cortex-A9,PowerVR SGX531u,,,4,4,,5.0,1,,No,,No,Dual-LED flash,Yes,,No,,,"Wi-Fi 802.11 b/g/n, hotspot",No,,Proprietary,Yes,GPS,"Accelerometer, proximity",2400,,,No,,,180.0,,,,,,,,White,,,,FM radio
Spice,Huawei nova Y74,https://www.gsmarena.com/huawei_nova_y74-14703.php,https://fdn2.gsmarena.com/vv/bigpic/huawei-nova-y74.jpg,GSM / HSPA / LTE,No,"2026, May","Available. Released 2026, May",166.1 x 76.6 x 8.3 mm (6.54 x 3.02 x 0.33 in),210.0,Glass,,Nano-SIM + Nano-SIM,"IPS LCD, 90Hz, 850 nits (peak)",90,6.67,720x1604,264,84.3,,EMUI 12,,,,,8,8,128,256,,50.0,1,1.8,No,,No,"LED flash, HDR, panorama",1080p@30fps,8.0,No,,1080p@30fps,Wi-Fi 802.11 b/g/n,Yes,5.1,Type-C,No,"GPS, GALILEO, GLONASS, BDS, QZSS","Fingerprint (side-mounted), accelerometer, proximity, compass",6620,40,,No,,,,,,,,,,,"Black, Blue",MGA-LX3,,,No
Spice,Wiko X70,https://www.gsmarena.com/wiko_x70_5g-14704.php,https://fdn2.gsmarena.com/vv/bigpic/wiko-x70.jpg,GSM / HSPA / LTE / 5G,Yes,"2025, October","Available. Released 2025, October",161.4 x 74.8 x 7.6 mm (6.35 x 2.94 x 0.30 in),182.0,,,Nano-SIM + Nano-SIM,"AMOLED, 120Hz, 2160Hz PWM, 1300 nits (peak)",120,6.7,1080x2412,394,89.5,Kunlun Glass,HarmonyOS-based,,,,,8,12,256,512,,50.0,1,,No,1/1.56,No,"LED flash, HDR, panorama",1080p@30fps,32.0,No,,1080p@30fps,"Wi-Fi 802.11 a/b/g/n/ac/6, dual-band, Wi-Fi Direct",No,5.2,Type-C,No,"GPS, GLONASS, GALILEO, BDS, QZSS","Fingerprint (side-mounted), accelerometer, compass",6100,40,,No,,,,,,,,,,,"Gleam Black, Vein White, Impress Green",,,,No
Spice,Spice Mi-285 Stellar,https://www.gsmarena.com/spice_mi_285_stellar-5045.php,https://fdn2.gsmarena.com/vv/bigpic/spice-stellar-mi-285.jpg,GSM / HSPA,No,"2012, June. Released 2012, June",Discontinued,116.5 x 58.4 x 12.7 mm (4.59 x 2.30 x 0.5 in),79.0,,,Dual SIM (Mini-SIM),"TFT, 256K colors",,2.8,240x320,143,35.7,,Android 2.3 (Gingerbread),Mediatek MT6573 (65 nm),65,650 MHz Cortex-A9,PowerVR SGX531,,,,,,3.15,1,,No,,No,,Yes,,No,,,Wi-Fi 802.11 b/g/n,No,,Proprietary,,GPS,,1400,,,No,,,60.0,,,,,,,,Black,,,,Wireless FM radio (no wired headphones required)
Spice,Spice M-5665 T2,https://www.gsmarena.com/spice_m_5665_t2-5044.php,https://fdn2.gsmarena.com/vv/bigpic/spice-t2-m-5665.jpg,GSM,No,"2012, April. Released 2012, April",Discontinued,112.8 x 60.5 x 12.8 mm (4.44 x 2.38 x 0.50 in),89.0,,,Dual SIM (Mini-SIM),"TFT, 56K colors",,2.6,240x320,,30.7,,,,,,,,,,,,1.3,1,,No,,No,,Yes,,No,,,No,No,,Proprietary,,No,,1200,,,No,,,30.0,,,,,,,,White,,,,FM radio
Spice,Spice M-5566 Flo Entertainer,https://www.gsmarena.com/spice_m_5566_flo_entertainer-5043.php,https://fdn2.gsmarena.com/vv/bigpic/spice-flo-entertainer-m-5566.jpg,GSM,No,"2012, September. Released 2012, September",Discontinued,104 x 54 x 12.4 mm (4.09 x 2.13 x 0.49 in),65.2,,,Dual SIM (Mini-SIM),"TFT, 56K colors",,2.8,240x320,143,43.2,,,,,,,,,,,,,1,,No,,No,,Yes,,No,,,No,No,,Proprietary,,No,,1000,,,No,,,30.0,,,,,,,,White,,,,Wireless FM radio (no wired headphones required)
Spice,Spice M-5900 Flo TV Pro,https://www.gsmarena.com/spice_m_5900_flo_tv_pro-5042.php,https://fdn2.gsmarena.com/vv/bigpic/spice-flo-tv-pro.jpg,GSM,No,"2012, August. Released 2012, August",Discontinued,114 x 62 x 13.6 mm (4.49 x 2.44 x 0.54 in),70.0,,,Dual SIM (Mini-SIM),"TFT, 256K colors",,3.5,320x480,165,51.6,,,,,,,,,,,,1.3,1,,No,,No,,Yes,,No,,,No,No,,Proprietary,,No,,1000,,,No,,,40.0,,,,,,,,Black,,,,"FM radio, recording"
Spice,Spice M-6688 Flo Magic,https://www.gsmarena.com/spice_m_6688_flo_magic-5040.php,https://fdn2.gsmarena.com/vv/bigpic/spice-flo-magic.jpg,GSM,No,"2012, June. Released 2012, June",Discontinued,111.7 x 55 x 12.9 mm (4.40 x 2.17 x 0.51 in),80.0,,,Dual SIM (Mini-SIM),"TFT, 256K colors",,3.2,240x400,146,47.4,,,,,,,,,,,,3.15,1,,No,,No,,Yes,,No,,,Wi-Fi 802.11 b/g/n,No,,Proprietary,,No,,1000,,,No,,,50.0,,,,,,,,Black,,,,"FM radio, recording"
Spice,Spice M-5460 Flo,https://www.gsmarena.com/spice_m_5460_flo-5041.php,https://fdn2.gsmarena.com/vv/bigpic/spice-m-5460.jpg,GSM,No,"2012, January. Released 2012, January",Discontinued,96 x 54 x 13.5 mm (3.78 x 2.13 x 0.53 in),63.0,,,Dual SIM (Mini-SIM),"TFT, 56K colors",,2.6,240x320,154,40.4,,,,,,,,,,,,,1,,No,,No,LED flash,Yes,,No,,,No,No,,Proprietary,,No,,1000,,,No,,,30.0,,,,,,,,Black,,,,FM radio
Spice,Spice M-5455 Flo,https://www.gsmarena.com/spice_m_5455_flo-5039.php,https://fdn2.gsmarena.com/vv/bigpic/spice-m-5455.jpg,GSM,No,"2011, November. Released 2011, November",Discontinued,93.6 x 51.6 x 13.7 mm (3.69 x 2.03 x 0.54 in),80.0,,,Dual SIM (Mini-SIM),"TFT, 56K colors",,2.4,240x320,167,36.9,,,,,,,,,,,,1.3,1,,No,,No,,Yes,,No,,,No,No,,Proprietary,,No,,950,,,No,,,30.0,,,,,,,,Black,,,,FM radio
Spice,Spice M-5365 Boss Killer,https://www.gsmarena.com/spice_m_5365_boss_killer-5038.php,https://fdn2.gsmarena.com/vv/bigpic/spice-boss-killer.jpg,GSM,No,"2012, August. Released 2012, August",Discontinued,118 x 53 x 15 mm (4.65 x 2.09 x 0.59 in),101.0,,,Dual SIM (Mini-SIM),"TFT, 65K colors",,2.4,240x320,167,28.5,,,,,,,,,,,,1.3,1,,No,,No,,Yes,,No,,,No,No,,No,No,No,,1800,,,No,,,20.0,,,,,,,,Black,,,,FM radio
Spice,Spice M-5400 Boss TV,https://www.gsmarena.com/spice_m_5400_boss_tv-5037.php,https://fdn2.gsmarena.com/vv/bigpic/spice-boss-tv.jpg,GSM,No,"2012, September. Released 2012, September",Discontinued,123 x 57 x 14.5 mm (4.84 x 2.24 x 0.57 in),113.0,,,Dual SIM (Mini-SIM),"TFT, 256K colors",,2.8,240x320,143,34.6,,,,,,,,,,,,1.3,1,,No,,No,,Yes,,No,,,No,No,,Proprietary,No,No,,1800,,,No,,,30.0,,,,,,,,Black,,,,Wireless FM radio (no wired headphones required)
Spice,Spice M-5200 Boss Don,https://www.gsmarena.com/spice_m_5200_boss_don-5036.php,https://fdn2.gsmarena.com/vv/bigpic/spice-boss-don.jpg,GSM,No,"2012, August. Released 2012, August",Discontinued,113 x 47.2 x 16.5 mm (4.45 x 1.86 x 0.65 in),70.0,,,Dual SIM (Mini-SIM),"TFT, 65K colors",,2.0,176x220,141,23.6,,,,,,,,,,,,1.3,1,,No,,No,,Yes,,No,,,No,No,,Proprietary,No,No,,1800,,,No,,,20.0,,,,,,,,Black,,,,FM radio
Spice,Spice M-5390 Boss Double XL,https://www.gsmarena.com/spice_m_5390_boss_double_xl-5035.php,https://fdn2.gsmarena.com/vv/bigpic/spice-boss-dooble-excel.jpg,GSM,No,"2012, August. Released 2012, August",Discontinued,118.8 x 52.5 x 14.9 mm (4.68 x 2.07 x 0.59 in),70.0,,,Dual SIM (Mini-SIM),"TFT, 65K colors",,2.6,240x320,154,33.6,,,,,,,,,,,,1.3,1,,No,,No,,Yes,,No,,,No,No,,Proprietary,No,No,,2200,,,No,,,30.0,,,,,,,,Black,,,,FM radio; built-in antenna
Spice,Spice M-5250 Boss Item,https://www.gsmarena.com/spice_m_5250_boss_item-5034.php,https://fdn2.gsmarena.com/vv/bigpic/spice-boss-itom.jpg,GSM,No,"2012, June. Released 2012, June",Discontinued,114.8 x 47.5 x 14.8 mm (4.52 x 1.87 x 0.58 in),95.0,,,Dual SIM (Mini-SIM),"TFT, 65K colors",,2.2,176x220,,27.9,,,,,,,,,,,,1.3,1,,No,,No,,Yes,,No,,,No,No,,Proprietary,No,No,,1500,,,No,,,20.0,,,,,,,,White,,,,FM radio
Spice,Spice M-5363 Boss,https://www.gsmarena.com/spice_m_5363_boss-5046.php,https://fdn2.gsmarena.com/vv/bigpic/spice-boss-champion.jpg,GSM,No,"2012, June. Released 2012, June",Discontinued,100 x 60.6 x 13 mm (3.94 x 2.39 x 0.51 in),102.0,,,Dual SIM (Mini-SIM),"TFT, 256K colors",,2.4,240x320,167,29.4,,,,,,,,,,,,1.3,1,,No,,No,,Yes,,No,,,No,No,,Proprietary,No,No,,1800,,,No,,,20.0,,,,,,,,Black,,,,"FM radio, recording"
Spice,Spice Mi-355 Stellar Craze,https://www.gsmarena.com/spice_mi_355_stellar_craze-4991.php,https://fdn2.gsmarena.com/vv/bigpic/spice-mi-355.jpg,GSM / HSPA,No,"2012, August. Released 2012, August",Discontinued,118 x 62 x 11.5 mm (4.65 x 2.44 x 0.45 in),80.0,,,Dual SIM (Mini-SIM),"TFT, 256K colors",,3.5,320x480,165,49.9,,"Android 2.3 (Gingerbread), upgradable to 4.0 (Ice Cream Sandwich)",Mediatek MT6573 (65 nm),65,800 MHz Cortex-A9,PowerVR SGX531,,,,,,5.0,1,,No,,No,LED flash,Yes,,No,,,Wi-Fi 802.11 b/g/n,,,Proprietary,Yes,GPS,"Accelerometer, proximity",1420,,,No,,,100.0,,,,,,,,White,,,,FM radio
Spice,Spice Mi-425 Stellar,https://www.gsmarena.com/spice_mi_425_stellar-4834.php,https://fdn2.gsmarena.com/vv/bigpic/spice-mi-425-stellar.jpg,GSM / HSPA,No,"2012, June. Released 2012, June",Discontinued,125 x 63.5 x 12.5 mm (4.92 x 2.5 x 0.49 in),110.0,,,Mini-SIM,"TFT, 256K colors",,4.0,480x800,233,57.4,,"Android 2.3 (Gingerbread), upgradable to 4.0 (Ice Cream Sandwich)",,,1.0 GHz,,,,,,,5.0,1,,No,,No,LED flash,Yes,,No,,,"Wi-Fi 802.11 b/g, hotspot",,,Proprietary,Yes,"GPS, A-GPS","Accelerometer, proximity, compass",2000,,,No,,,90.0,,,,,,,,White/Black,,,0.36 W/kg (head),FM radio
Spice,Spice M-6868N FLO ME,https://www.gsmarena.com/spice_m_6868n_flo_me-4786.php,https://fdn2.gsmarena.com/vv/bigpic/spice-flo-me.jpg,GSM,No,"2012, Q2",Discontinued,116 x 60.9 x 12.8 mm (4.57 x 2.40 x 0.50 in),87.3,,,Mini-SIM,"TFT, 256K colors",,3.5,320x480,165,51.6,,,,,,,,,,,,3.2,1,,No,,No,,Yes,,No,,,Wi-Fi 802.11 b/g,,2.0,Micro-USB,Yes,No,Accelerometer,1150,,,No,,,50.0,,,,,,,,Black,,0.85 W/kg (head),,"FM radio, recording"
Spice,Spice M-5600 FLO TV,https://www.gsmarena.com/spice_m_5600_flo_tv-4785.php,https://fdn2.gsmarena.com/vv/bigpic/spice-flo-tv.jpg,GSM,No,"2012, Q2",Discontinued,112.8 x 60.5 x 12.8 mm (4.44 x 2.38 x 0.50 in),110.0,,,Mini-SIM,TFT,,3.2,240x320,125,46.5,,,,,,,,,,,,1.3,1,,No,,No,,Yes,,No,,,No,,2.0,Micro-USB,No,No,,1200,,,No,,,30.0,,,,,,,,"Black, White",,0.76 W/kg (head),,"FM radio, recording"
Spice,Spice Mi-280,https://www.gsmarena.com/spice_mi_280-4700.php,https://fdn2.gsmarena.com/vv/bigpic/spice-mobile-mi-280.jpg,GSM / HSPA,No,"2012, February. Released 2012, February",Discontinued,105.5 x 57 x 12.9 mm (4.15 x 2.24 x 0.51 in),96.0,,,Dual SIM (Mini-SIM),TFT,,2.8,240x320,143,40.4,,Android 2.3 (Gingerbread),Mediatek MT6573 (65 nm),65,650 MHz Cortex-A9,PowerVR SGX531,,,,,,3.15,1,,No,,No,,Yes,,No,,,Wi-Fi 802.11 b/g,,2.1,Micro-USB,Yes,"GPS, A-GPS","Accelerometer, proximity, compass",1000,,,No,,,70.0,,,,,,,,Black,,,,FM radio
Spice,Spice Mi-350,https://www.gsmarena.com/spice_mi_350-4343.php,https://fdn2.gsmarena.com/vv/bigpic/spice-mi-350.jpg,GSM / HSPA,No,"2011, Q3. Released 2011, October",Discontinued,118 x 60 x 13.4 mm (4.65 x 2.36 x 0.53 in),134.0,,,Dual SIM (Mini-SIM),TFT,,3.5,320x480,165,51.5,,Android 2.3 (Gingerbread),Mediatek MT6573 (65 nm),65,650 MHz Cortex-A9,PowerVR SGX531,,,,,,3.15,1,,No,,No,,Yes,,No,,,"Wi-Fi 802.11, hotspot",,2.1,2.0,Yes,"GPS, A-GPS","Accelerometer, proximity",1500,,,No,,,100.0,,,,,,,,Black,,,,FM radio
Spice,Spice M-6900 Knight,https://www.gsmarena.com/spice_m_6900_knight-4235.php,https://fdn2.gsmarena.com/vv/bigpic/spice-mi-6900-knight.jpg,GSM,No,2011,Discontinued,116 x 62.5 x 11.6 mm (4.57 x 2.46 x 0.46 in),167.0,,,Dual SIM (Mini-SIM),TFT,,3.46,320x480,167,49.2,,,,,,,,,,,,3.15,1,,No,,No,,Yes,,No,,,Wi-Fi 802.11 b/g/n,,2.0,2.0,Yes,No,Proximity,1400,,,No,,,80.0,,,,,,,,Black,,,,"FM radio, recording"
Spice,Spice M-6868,https://www.gsmarena.com/spice_m_6868-4236.php,https://fdn2.gsmarena.com/vv/bigpic/spice-mi-6868.jpg,GSM,No,2011,Discontinued,114.5 x 63 x 12 mm (4.51 x 2.48 x 0.47 in),91.0,,,Dual SIM (Mini-SIM),TFT,,3.44,320x480,168,48.8,,,,,,,,,,,,3.15,1,,No,,No,,Yes,,No,,,Wi-Fi 802.11 b/g/n,,2.1,2.0,No,No,,1200,,,No,,,50.0,,,,,,,,Black,,,,"FM radio, recording"
Spice,Spice M-6700,https://www.gsmarena.com/spice_m_6700-4237.php,https://fdn2.gsmarena.com/vv/bigpic/spice-mi-6700.jpg,GSM,No,2011,Discontinued,111 x 54 x 13.2 mm (4.37 x 2.13 x 0.52 in),100.0,,,Mini-SIM,TFT,,3.14,240x400,149,46.8,,,,,,,,,,,,3.15,1,,No,,No,,Yes,,No,,,Wi-Fi 802.11 b/g/n,,2.0,2.0,Yes,No,,1000,,,No,,,40.0,,,,,,,,Cappuccino,,,,"FM radio, recording"
Spice,Spice M-9000 Popkorn,https://www.gsmarena.com/spice_m_9000_popkorn-4623.php,https://fdn2.gsmarena.com/vv/bigpic/spice-m-9000-popkorn.jpg,GSM,No,2011,Discontinued,119.2 x 50.3 x 17.4 mm (4.69 x 1.98 x 0.69 in),123.0,,,Dual SIM (Mini-SIM),"TFT, 256K colors",,2.36,240x320,169,28.8,,,,,,,,,,,,3.15,1,,No,,No,,Yes,,No,,,No,,2.1,2.0,,No,,1200,,,No,,,60.0,,,,,,,,Black/Silver,,,,"FM radio, recording; built-in antenna"
Spice,Spice M-6450,https://www.gsmarena.com/spice_m_6450-4246.php,https://fdn2.gsmarena.com/vv/bigpic/spice-m-6450.jpg,GSM,No,2011,Discontinued,114 x 49 x 10.8 mm (4.49 x 1.93 x 0.43 in),101.0,,,Dual SIM (Mini-SIM),TFT,,2.36,240x320,169,30.9,,,,,,,,,,,,2.0,1,,No,,No,,Yes,,No,,,No,,2.0,2.0,Yes,No,,950,,,No,,,40.0,,,,,,,,Black,,,,FM radio
Spice,Spice M-5750,https://www.gsmarena.com/spice_m_5750-4247.php,https://fdn2.gsmarena.com/vv/bigpic/spice-m-5750.jpg,GSM,No,2011,Discontinued,112 x 50 x 12 mm (4.41 x 1.97 x 0.47 in),96.0,,,Dual SIM (Mini-SIM),TFT resistive touchscreen,,2.76,240x320,145,42.1,,,,,,,,,,,,1.3,1,,No,,No,,Yes,,No,,,No,,2.0,Micro-USB,Yes,No,,1000,,,No,,,40.0,,,,,,,,Black,,,,"FM radio, recording"
Spice,Spice M-5350,https://www.gsmarena.com/spice_m_5350-4249.php,https://fdn2.gsmarena.com/vv/bigpic/spice-m-5350.jpg,GSM,No,2011,Discontinued,104.8 x 56 x 13.2 mm (4.13 x 2.20 x 0.52 in),60.0,,,Dual SIM (Mini-SIM),TFT,,2.36,240x320,169,29.4,,,,,,,,,,,,,1,,No,,No,,Yes,,No,,,No,,2.0,No,,No,,1000,,,No,,,30.0,,,,,,,,"Gray, Red",,,,"FM radio, recording"
Spice,Spice M-5180,https://www.gsmarena.com/spice_m_5180-4250.php,https://fdn2.gsmarena.com/vv/bigpic/spice-m-5180.jpg,GSM,No,2011,Discontinued,105.7 x 46.5 x 15.2 mm (4.16 x 1.83 x 0.60 in),90.0,,,Dual SIM (Mini-SIM),TFT,,1.77,128x160,116,20.1,,,,,,,,,,,,,1,,No,,No,,Yes,,No,,,No,,1.2,No,No,No,,1800,,,No,,,30.0,,,,,,,,Black/Gold,,,,"FM radio, recording"
Spice,Spice M-5115,https://www.gsmarena.com/spice_m_5115-4251.php,https://fdn2.gsmarena.com/vv/bigpic/spice-m-5115.jpg,GSM,No,2011,Discontinued,-,44.8,,,Dual SIM (Mini-SIM),TFT,,1.77,128x160,116,,,,,,,,,,,,,,1,,No,,No,,No,,No,,,No,,2.1,Micro-USB,No,No,,1000,,,No,,,20.0,,,,,,,,"Black/Red, Black",,,,"FM radio, recording"
Spice,Spice M-4262,https://www.gsmarena.com/spice_m_4262-4252.php,https://fdn2.gsmarena.com/vv/bigpic/spice-m-4262.jpg,GSM,No,2011,Discontinued,-,44.8,,,Dual SIM (Mini-SIM),TFT,,1.77,128x160,116,,,,,,,,,,,,,,,,No,,No,,No,,No,,,No,,,Micro-USB,No,No,,1000,,,No,,,10.0,,,,,,,,Black,,,,"FM radio, recording"
Spice,Spice Mi-720,https://www.gsmarena.com/spice_mi_720-4216.php,https://fdn2.gsmarena.com/vv/bigpic/spice-mi720.jpg,GSM / HSPA,No,"2011, Q2",Discontinued,200 x 116.5 x 12.5 mm (7.87 x 4.59 x 0.49 in),485.0,,,Mini-SIM,"TFT, 256K colors",,7.0,480x800,133,59.9,,Android 2.2 (Froyo),,,800 MHz Scorpion,Adreno 200,,,,,,2.0,1,,No,,No,,@24fps,,No,,,"Wi-Fi 802.11 b/g, hotspot",,2.1,Micro-USB,Yes,"GPS, A-GPS","Accelerometer, compass",4200,,,No,,,170.0,,,,,,,,White,,,,No
Spice,Spice M-6800 FLO,https://www.gsmarena.com/spice_m_6800_flo-4110.php,https://fdn2.gsmarena.com/vv/bigpic/Spice-Mobile-M-6800-FLO.jpg,GSM,No,"2011, May. Released 2011, May",Discontinued,107.8 x 53.6 x 12.5 mm (4.24 x 2.11 x 0.49 in),91.0,,,Mini-SIM,TFT,,3.14,240x400,149,48.6,,,,,,,,,,,,3.15,1,,No,,No,,Yes,,No,,,Wi-Fi 802.11 b/g,,2.1,2.0,Yes,No,,1000,,,No,,,40.0,,,,,,,,"Turquoise Blue, Jet Black, Spice Yellow",,,,"FM radio, recording"
Spice,Spice Mi-410,https://www.gsmarena.com/spice_mi_410-4053.php,https://fdn2.gsmarena.com/vv/bigpic/spice-mi-410.jpg,GSM / HSPA,No,"2011, Q2. Released 2011, Q2",Discontinued,122 x 66 x 10 mm (4.80 x 2.60 x 0.39 in),143.0,,,Mini-SIM,"TFT, 256K colors",,4.03,480x800,232,57.4,,Android 2.2 (Froyo),Qualcomm MSM8255 Snapdragon S2,,1.0 GHz Scorpion,Adreno 205,,,,,,5.0,1,,No,,No,LED flash,720p@30fps,,No,,,"Wi-Fi 802.11 b/g, hotspot",,2.0,Micro-USB,Yes,"GPS, A-GPS","Accelerometer, proximity, compass",1400,,,No,,,210.0,,,,,,,,"Silver, Brown",,,0.62 W/kg (head),"FM radio, recording"
Spice,Spice Mi-270,https://www.gsmarena.com/spice_mi_270-3963.php,https://fdn2.gsmarena.com/vv/bigpic/spice-mi-270.jpg,GSM,No,"2011, May. Released 2011, May",Discontinued,104 x 55 x 12.6 mm (4.09 x 2.17 x 0.50 in),,,,"Dual SIM (Mini-SIM, dual stand-by)",TFT,,2.8,240x320,143,42.4,,Android 2.2 (Froyo),Mediatek MT6516,,416 MHz,,,,,,,2.0,1,,No,,No,,Yes,,No,,,"Wi-Fi 802.11 b/g, hotspot",,2.1,Proprietary,Yes,"GPS, A-GPS",,1000,,,No,,,50.0,,,,,,,,"Black, White",,,,FM radio
Spice,Spice Mi-310,https://www.gsmarena.com/spice_mi_310-3929.php,https://fdn2.gsmarena.com/vv/bigpic/spice-mi310.jpg,GSM / HSPA,No,"2011, April. Released 2011, April",Discontinued,116 x 60 x 12 mm (4.57 x 2.36 x 0.47 in),120.0,,,Mini-SIM,"TFT, 256K colors",,3.15,320x480,183,42.5,,Android 2.2 (Froyo),,,,,,,,,,2.0,1,,No,,No,,Yes,,No,,,"Wi-Fi 802.11 b/g, hotspot",,2.1,Micro-USB,Yes,"GPS, A-GPS","Accelerometer, proximity",1200,,,No,,,100.0,,,,,,,,Dark red,,,0.62 W/kg (head),FM radio
Spice,Spice M-4250,https://www.gsmarena.com/spice_m_4250-3689.php,https://fdn2.gsmarena.com/vv/bigpic/spice-m-4250.jpg,GSM,No,2010. Released 2010,Discontinued,110 x 46.5 x 15 mm (4.33 x 1.83 x 0.59 in),85.0,,,Dual SIM (Mini-SIM),TFT,,1.77,128x160,116,19.3,,,,,,,,,,,,,,,No,,No,,,,No,,,No,,,No,No,No,,1200,,,No,,,20.0,,,,,,,,Black,,,,"FM radio, recording"
Spice,Spice M-5170,https://www.gsmarena.com/spice_m_5170-3656.php,https://fdn2.gsmarena.com/vv/bigpic/spice-m-5170.jpg,GSM,No,2010. Released 2010,Discontinued,111 x 47.5 x 14.6 mm (4.37 x 1.87 x 0.57 in),78.0,,,Mini-SIM,"TFT, 65K colors",,2.0,176x220,141,23.9,,,,,,,,,,,,,1,,No,,No,,Yes,,No,,,No,,2.1,Proprietary,Yes,No,,1200,,,No,,,30.0,,,,,,,,Black,,,,"FM radio, scheduled recording"
Spice,Spice QT-65,https://www.gsmarena.com/spice_qt_65-3657.php,https://fdn2.gsmarena.com/vv/bigpic/spice-qt-65.jpg,GSM,No,2010. Released 2010,Discontinued,112 x 60 x 11.8 mm (4.41 x 2.36 x 0.46 in),,,,Dual SIM (Mini-SIM),"TFT, 256K colors",,2.2,176x220,128,22.7,,,,,,,,,,,,2.0,1,,No,,No,,Yes,,No,,,No,,2.1,Proprietary,No,No,Accelerometer,1100,,,No,,,20.0,,,,,,,,Black,,,,"FM radio, scheduled recording"
Spice,Spice M-5262,https://www.gsmarena.com/spice_m_5262-3658.php,https://fdn2.gsmarena.com/vv/bigpic/spice-m-5262.jpg,GSM,No,2010. Released 2010,Discontinued,115 x 51.5 x 15.2 mm (4.53 x 2.03 x 0.60 in),75.0,,,Dual SIM (Mini-SIM),"TFT, 65K colors",,2.4,240x320,167,30.1,,,,,,,,,,,,,1,,No,,No,,Yes,,No,,,No,,2.0,Proprietary,No,No,,1200,,,No,,,30.0,,,,,,,,Black,,,,"FM radio, scheduled recording"
Spice,Spice QT-58,https://www.gsmarena.com/spice_qt_58-3659.php,https://fdn2.gsmarena.com/vv/bigpic/spice-qt58-new.jpg,GSM,No,2010. Released 2010,Discontinued,99 x 54 x 13 mm (3.90 x 2.13 x 0.51 in),80.0,,,Dual SIM (Mini-SIM),"TFT, 256K colors",,2.0,176x220,141,23.5,,,,,,,,,,,,1.3,1,,No,,No,,Yes,,No,,,No,,2.0,Proprietary,No,No,,1000,,,No,,,30.0,,,,,,,,"Black, Crimson Red, Pearl White",,,,"FM radio, scheduled recording"
Spice,Spice QT-61,https://www.gsmarena.com/spice_qt_61-3660.php,https://fdn2.gsmarena.com/vv/bigpic/spice-qt-61.jpg,GSM,No,2010. Released 2010,Discontinued,108.5 x 57 x 12.8 mm (4.27 x 2.24 x 0.50 in),95.0,,,Dual SIM (Mini-SIM),"TFT, 256K colors",,2.4,240x320,167,28.8,,,,,,,,,,,,2.0,1,,No,,No,,Yes,,No,,,No,,2.0,Proprietary,No,No,,1150,,,No,,,30.0,,,,,,,,"Black, Red, Turquoise",,,,"FM radio, scheduled recording"
Spice,Spice M-5454,https://www.gsmarena.com/spice_m_5454-3661.php,https://fdn2.gsmarena.com/vv/bigpic/spice-m-5454.jpg,GSM,No,2010. Released 2010,Discontinued,114 x 46.5 x 11.3 mm (4.49 x 1.83 x 0.44 in),86.0,,,Dual SIM (Mini-SIM),"TFT, 65K colors",,2.0,176x220,141,23.7,,,,,,,,,,,,1.3,1,,No,,No,,Yes,,No,,,No,,1.2,No,No,No,,1000,,,No,,,30.0,,,,,,,,Mettalic Silver,,,,"FM radio, scheduled recording"
Spice,Spice M-5161n,https://www.gsmarena.com/spice_m_5161n-3690.php,https://fdn2.gsmarena.com/vv/bigpic/spice-m-5161n.jpg,GSM,No,2010. Released 2010,Discontinued,110 x 47 x 14.6 mm (4.33 x 1.85 x 0.57 in),88.0,,,Mini-SIM,"TFT, 65K colors",,2.0,176x220,141,24.3,,,,,,,,,,,,,1,,No,,No,,Yes,,No,,,No,,1.2,,Yes,No,,1200,,,No,,,30.0,,,,,,,,Black,,,,"FM radio, scheduled recording"
Spice,Spice QT-95,https://www.gsmarena.com/spice_qt_95-3691.php,https://fdn2.gsmarena.com/vv/bigpic/spice-qt-95.jpg,GSM / UMTS,No,2010. Released 2010,Discontinued,111 x 59 x 11.7 mm (4.37 x 2.32 x 0.46 in),68.0,,,Dual SIM (Mini-SIM),"TFT, 256K colors",,2.0,176x220,141,19.2,,,,,,,,,,,,3.15,1,,No,,No,,Yes,,No,,,No,,2.1,Proprietary,No,No,,1000,,,No,,,70.0,,,,,,,,Black,,,,"FM radio, scheduled recording"
Spice,Spice M-67 3D,https://www.gsmarena.com/spice_m_67_3d-3692.php,https://fdn2.gsmarena.com/vv/bigpic/spice-m-67-3d.jpg,GSM,No,2010. Released 2010,Discontinued,115 x 50.7 x 12.6 mm (4.53 x 2.00 x 0.50 in),70.0,,,Dual SIM (Mini-SIM),TFT,,2.36,240x320,169,29.6,,,,,,,,,,,,2.0,1,,No,,No,,Yes,,No,,,No,,2.1,Proprietary,No,No,,1100,,,No,,,40.0,,,,,,,,Black,,,,"FM radio, recording"
Spice,Spice QT-68,https://www.gsmarena.com/spice_qt_68-3693.php,https://fdn2.gsmarena.com/vv/bigpic/spice-qt-68.jpg,GSM,No,2010. Released 2010,Discontinued,111 x 59 x 11.7 mm (4.37 x 2.32 x 0.46 in),68.0,,,Dual SIM (Mini-SIM),"TFT, 256K colors",,2.4,320x240,167,27.2,,,,,,,,,,,,3.15,1,,No,,No,,Yes,,No,,,Wi-Fi 802.11 b/g,,2.1,Proprietary,Yes,No,,1000,,,No,,,30.0,,,,,,,,Black,,,,"FM radio, scheduled recording"
Spice,Spice M-4580n,https://www.gsmarena.com/spice_m_4580n-3639.php,https://fdn2.gsmarena.com/vv/bigpic/spice-M-4580n.jpg,GSM,No,"2010, September. Released 2010, September",Discontinued,105.3 x 44.6 x 16 mm (4.15 x 1.76 x 0.63 in),89.5,,,Dual SIM (Mini-SIM),"TFT, 65K colors",,1.8,128x160,114,21.7,,,,,,,,,,,,,,,No,,No,,,,No,,,No,,,No,No,No,,,,,No,,,30.0,,,,,,,,"Black, Black/Red",,,,"FM radio, scheduled recording"
Spice,Spice Mi-300,https://www.gsmarena.com/spice_mi_300-3641.php,https://fdn2.gsmarena.com/vv/bigpic/spice-mi300.jpg,GSM / HSPA,No,"2010, August. Released 2010, August",Discontinued,114.9 x 56.8 x 12.6 mm (4.52 x 2.24 x 0.50 in),114.0,,,Mini-SIM,"LCD, 256K colors",,3.2,320x480,180,46.7,,"Android 1.6 (Donut), upgradable to 2.1 (Eclair)",,,,,,,,,,5.0,1,,No,,No,LED flash,Yes,,No,,,Wi-Fi 802.11 b/g,,2.0,Micro-USB,No,GPS,Accelerometer,,,,No,,,140.0,,,,,,,,Black,,,,No
Spice,Spice M-6 Sports,https://www.gsmarena.com/spice_m_6_sports-3642.php,https://fdn2.gsmarena.com/vv/bigpic/spice-m6-sports.jpg,GSM,No,"2010, August. Released 2010, August",Discontinued,112.9 x 48.2 x 13.2 mm (4.44 x 1.90 x 0.52 in),88.4,,,Dual SIM (Mini-SIM),"TFT, 256K colors",,2.2,180x240,136,27.5,,,,,,,,,,,,1.3,1,,No,,No,,Yes,,No,,,No,,2.0,Proprietary,No,No,,1000,,,No,,,30.0,,,,,,,,"Orange, Green",,,,"FM radio, scheduled recording"
Spice,Spice M-6363,https://www.gsmarena.com/spice_m_6363-3643.php,https://fdn2.gsmarena.com/vv/bigpic/spice-m6363.jpg,GSM,No,"2010, August. Released 2010, August",Discontinued,107 x 48.2 x 15.5 mm (4.21 x 1.90 x 0.61 in),92.0,,,Dual SIM (Mini-SIM),"TFT, 65K colors",,2.0,176x220,141,24.4,,,,,,,,,,,,2.0,1,,No,,No,,Yes,,No,,,No,,1.2,Proprietary,No,No,,1500,,,No,,,30.0,,,,,,,,Black,,,,"FM radio, scheduled recording"
Spice,Spice QT-56,https://www.gsmarena.com/spice_qt_56-3644.php,https://fdn2.gsmarena.com/vv/bigpic/spice-qt-56.jpg,GSM / CDMA,No,"2010, August. Released 2010, August",Discontinued,113.4 x 61.3 x 14.1 mm (4.46 x 2.41 x 0.56 in),95.0,,,Mini-SIM,"TFT, 256K colors",,2.0,176x220,141,18.1,,,,,,,,,,,,,1,,No,,No,,Yes,,No,,,No,,2.0,Proprietary,No,No,,1000,,,No,,,60.0,,,,,,,,Black,,,,"FM radio, scheduled recording"
Spice,Spice G-6565,https://www.gsmarena.com/spice_g_6565-3648.php,https://fdn2.gsmarena.com/vv/bigpic/spice-g-6565.jpg,GSM / HSPA,No,"2010, September. Released 2010, September",Discontinued,115.6 x 50.6 x 11.5 mm (4.55 x 1.99 x 0.45 in),91.8,,,Dual SIM (Mini-SIM),"TFT, 256K colors",,2.4,240x320,167,30.5,,,,,,,,,,,,3.15,1,,No,,No,,Yes,,No,,,No,,2.1,Proprietary,No,No,,900,,,No,,,150.0,,,,,,,,Black,,,,No
Spice,Spice QT-52,https://www.gsmarena.com/spice_qt_52-3645.php,https://fdn2.gsmarena.com/vv/bigpic/spice-qt-52.jpg,GSM,No,"2010, July. Released 2010, July",Discontinued,111.8 x 60.4 x 13.9 mm (4.40 x 2.38 x 0.55 in),90.0,,,Mini-SIM,"TFT, 256K colors",,2.0,176x220,141,18.6,,,,,,,,,,,,,1,,No,,No,,Yes,,No,,,No,,2.0,Proprietary,No,No,,1000,,,No,,,30.0,,,,,,,,Black,,,,"FM radio, scheduled recording"
Spice,Spice QT-60,https://www.gsmarena.com/spice_qt_60-3646.php,https://fdn2.gsmarena.com/vv/bigpic/spice-qt-60.jpg,GSM,No,"2010, June. Released 2010, June",Discontinued,111 x 60 x 13.8 mm (4.37 x 2.36 x 0.54 in),,,,Dual SIM (Mini-SIM),"TFT, 256K colors",,2.0,176x220,141,18.9,,,,,,,,,,,,2.0,1,,No,,No,,Yes,,No,,,No,,2.1,Proprietary,No,No,,1000,,,No,,,50.0,,,,,,,,Black/Yellow,,,,"FM radio, scheduled recording"
Spice,Spice M-5161,https://www.gsmarena.com/spice_m_5161-3649.php,https://fdn2.gsmarena.com/vv/bigpic/spice-m-5161.jpg,GSM,No,"2010, July. Released 2010, July",Discontinued,-,,,,Dual SIM (Mini-SIM),"TFT, 65K colors",,2.0,176x220,141,,,,,,,,,,,,,,1,,No,,No,,Yes,,No,,,No,,1.2,Proprietary,No,No,,1200,,,No,,,30.0,,,,,,,,Black,,,,"FM radio, scheduled recording"
Spice,Spice M-5055,https://www.gsmarena.com/spice_m_5055-3652.php,https://fdn2.gsmarena.com/vv/bigpic/spice-m-5055.jpg,GSM,No,"2010, June. Released 2010, June",Discontinued,104.1 x 44.9 x 15.9 mm (4.10 x 1.77 x 0.63 in),72.5,,,Dual SIM (Mini-SIM),"TFT, 65K colors",,1.8,128x160,114,21.8,,,,,,,,,,,,,1,,No,,No,,Yes,,No,,,No,,,No,No,No,,1000,,,No,,,20.0,,,,,,,,Black,,,,"FM radio, scheduled recording"
Spice,Spice S-7000,https://www.gsmarena.com/spice_s_7000-3650.php,https://fdn2.gsmarena.com/vv/bigpic/spice-s7000.jpg,GSM,No,"2010, June. Released 2010, June",Discontinued,108 x 52 x 11.8 mm (4.25 x 2.05 x 0.46 in),,,,Mini-SIM,"TFT resistive touchscreen, 256K colors",,3.2,240x400,146,51.9,,,,,,,,,,,,3.15,1,,No,,No,,Yes,,No,,,No,,2.0,Proprietary,No,No,,880,,,No,,,70.0,,,,,,,,White,,,,"FM radio, scheduled recording"
Spice,Spice QT-50,https://www.gsmarena.com/spice_qt_50-3647.php,https://fdn2.gsmarena.com/vv/bigpic/spice-qt-50.jpg,GSM,No,"2010, May. Released 2010, May",Discontinued,110 x 58 x 13 mm (4.33 x 2.28 x 0.51 in),90.0,,,Dual SIM (Mini-SIM),"TFT, 256K colors",,2.0,176x220,141,19.7,,,,,,,,,,,,,1,,No,,No,,No,,No,,,No,,,No,No,No,,1000,,,No,,,20.0,,,,,,,,Black,,,,"FM radio, scheduled recording"
Spice,Spice S-1200,https://www.gsmarena.com/spice_s_1200-3654.php,https://fdn2.gsmarena.com/vv/bigpic/spice-s-1200.jpg,GSM,No,2010. Released 2010,Discontinued,114 x 52 x 16 mm (4.49 x 2.05 x 0.63 in),130.0,,,Mini-SIM,"TFT, 256K colors",,2.4,240x320,167,30.1,,,,,,,,,,,,12.0,1,,No,,No,Xenon flash,480p@24fps,,No,,,No,,1.2,Proprietary,No,No,,1000,,,No,,,180.0,,,,,,,,Black,,,,"FM radio, scheduled recording"
Spice,Spice M-6262,https://www.gsmarena.com/spice_m_6262-3653.php,https://fdn2.gsmarena.com/vv/bigpic/spice-m-6262.jpg,GSM,No,2010. Released 2010,Discontinued,113 x 51 x 14 mm (4.45 x 2.01 x 0.55 in),130.0,,,Dual SIM (Mini-SIM),"TFT, 256K colors",,2.4,240x320,167,31.0,,,,,,,,,,,,1.3,1,,No,,No,,Yes,,No,,,No,,1.2,Proprietary,No,No,,,,,No,,,60.0,,,,,,,,Black,,,,"FM radio, scheduled recording"
Spice,Spice M-4242,https://www.gsmarena.com/spice_m_4242-3655.php,https://fdn2.gsmarena.com/vv/bigpic/spice-m-4242.jpg,GSM,No,2010. Released 2010,Discontinued,110.8 x 47 x 16 mm (4.36 x 1.85 x 0.63 in),,,,Dual SIM (Mini-SIM),"TFT, 65K colors",,1.8,128x160,114,19.6,,,,,,,,,,,,,,,No,,No,,,,No,,,No,,,No,No,No,,1200,,,No,,,20.0,,,,,,,,Black,,,,"FM radio, scheduled recording"
Spice,Spice M-940n,https://www.gsmarena.com/spice_m_940n-3683.php,https://fdn2.gsmarena.com/vv/bigpic/spice-m-940n.jpg,GSM,No,2010. Released 2010,Discontinued,115 x 50 x 13 mm (4.53 x 1.97 x 0.51 in),96.0,,,Dual SIM (Mini-SIM),"TFT, 65K colors",,2.4,240x320,167,31.0,,,,,,,,,,,,2.0,1,,No,,No,,Yes,,No,,,No,,2.0,Proprietary,No,No,,1000,,,No,,,60.0,,,,,,,,Black,,,,"FM radio, scheduled recording"
Spice,Spice S-5010,https://www.gsmarena.com/spice_s_5010-3679.php,https://fdn2.gsmarena.com/vv/bigpic/spice-s5010.jpg,GSM,No,2010. Released 2010,Discontinued,110 x 48.5 x 14.7 mm (4.33 x 1.91 x 0.58 in),93.0,,,Mini-SIM,"CSTN, 65K colors",,1.8,128x160,114,19.1,,,,,,,,,,,,,1,,No,,No,,Yes,,No,,,No,,,Proprietary,No,No,,780,,,No,,,70.0,,,,,,,,Black,,,,"FM radio, scheduled recording"
Spice,Spice D-6666,https://www.gsmarena.com/spice_d_6666-3680.php,https://fdn2.gsmarena.com/vv/bigpic/spice-d-6666.jpg,GSM / CDMA2000,No,2010. Released 2010,Discontinued,115 x 51.5 x 14.3 mm (4.53 x 2.03 x 0.56 in),104.0,,,Dual SIM (Mini-SIM),"TFT, 65K colors",,2.4,240x320,167,30.1,,,,,,,,,,,,2.0,1,,No,,No,,Yes,,No,,,No,,2.0,Proprietary,No,No,,,,,No,,,80.0,,,,,,,,Black,,,,"FM radio, scheduled recording"
Spice,Spice M 4580,https://www.gsmarena.com/spice_m_4580-3681.php,https://fdn2.gsmarena.com/vv/bigpic/spice-m-4580.jpg,GSM,No,2010. Released 2010,Discontinued,106 x 44.5 x 15.5 mm (4.17 x 1.75 x 0.61 in),95.0,,,Dual SIM (Mini-SIM),"TFT, 65K colors",,1.8,128x160,114,21.6,,,,,,,,,,,,,,,No,,No,,,,No,,,No,,,,No,No,,1500,,,No,,,30.0,,,,,,,,Black,,,,"FM radio, scheduled recording"
Spice,Spice S-5110,https://www.gsmarena.com/spice_s_5110-3682.php,https://fdn2.gsmarena.com/vv/bigpic/spice-s-5110.jpg,GSM,No,2010. Released 2010,Discontinued,107 x 45 x 11.2 mm (4.21 x 1.77 x 0.44 in),70.0,,,Mini-SIM,"CSTN, 65K colors",,1.8,128x160,114,21.2,,,,,,,,,,,,,,,No,,No,,,,No,,,No,,,,No,No,,700,,,No,,,30.0,,,,,,,,Black,,,,"FM radio, scheduled recording"
Spice,Spice S-5420,https://www.gsmarena.com/spice_s_5420-3685.php,https://fdn2.gsmarena.com/vv/bigpic/spice-s-5420.jpg,GSM,No,2010. Released 2010,Discontinued,112 x 49 x 12.8 mm (4.41 x 1.93 x 0.50 in),95.0,,,Mini-SIM,"TFT, 256K colors",,2.2,240x320,182,27.3,,,,,,,,,,,,,1,,No,,No,,Yes,,No,,,No,,2.0,Proprietary,No,No,,750,,,No,,,40.0,,,,,,,,Black,,,,"FM radio, scheduled recording"
Spice,Spice S-6005,https://www.gsmarena.com/spice_s_6005-3686.php,https://fdn2.gsmarena.com/vv/bigpic/spice-s-6005.jpg,GSM,No,2010. Released 2010,Discontinued,116.5 x 49.2 x 10.1 mm (4.59 x 1.94 x 0.40 in),70.6,,,Mini-SIM,"TFT, 256K colors",,2.2,176x220,128,26.6,,,,,,,,,,,,2.0,1,,No,,No,,Yes,,No,,,No,,1.2,Proprietary,No,No,,750,,,No,,,20.0,,,,,,,,Black,,,,"FM radio, scheduled recording"
Spice,Spice D-1111,https://www.gsmarena.com/spice_d_1111-3687.php,https://fdn2.gsmarena.com/vv/bigpic/spice-d-1111.jpg,GSM / CDMA2000,No,2010. Released 2010,Discontinued,110.8 x 58.3 x 16.8 mm (4.36 x 2.30 x 0.66 in),130.2,,,Mini-SIM,"TFT resistive touchscreen, 256K colors",,2.8,240x320,143,37.6,,Microsoft Windows Mobile 6.0,,,,,,,,,,2.0,1,,No,,No,,Yes,,No,,,No,,1.2,Proprietary,No,No,,1350,,,No,,,90.0,,,,,,,,Black,,,,No
Spice,Spice M-5252,https://www.gsmarena.com/spice_m_5252-3688.php,https://fdn2.gsmarena.com/vv/bigpic/spice-m-5252.jpg,GSM,No,2010. Released 2010,Discontinued,110.6 x 47 x 15.3 mm (4.35 x 1.85 x 0.60 in),92.6,,,Dual SIM (Mini-SIM),"TFT, 256K colors",,,176x220,,,,,,,,,,,,,,,1,,No,,No,,Yes,,No,,,No,,,No,No,No,,1300,,,No,,,60.0,,,,,,,,Black,,,,"FM radio, scheduled recording"
Spice,Spice KT-5353,https://www.gsmarena.com/spice_kt_5353-3640.php,https://fdn2.gsmarena.com/vv/bigpic/spice-kt-5353.jpg,GSM,No,"2010, September",Cancelled,112.9 x 48.2 x 13.2 mm (4.44 x 1.90 x 0.52 in),95.0,,,Mini-SIM,"TFT, 256K colors",,2.2,180x240,136,27.5,,,,,,,,,,,,,1,,No,,No,LED flash,Yes,,No,,,No,,2.0,Micro-USB,No,No,,,,,No,,,50.0,,,,,,,,Dark grey,,,,"FM radio, recording"
